incident_id,source_record_id,event_date,event_name,location_name,latitude,longitude,ward_id,ward_name,zone_id,zone_name,incident_type,severity,measured_depth_ft,inundation_level,description,source,source_code,source_url,evidence_level,verification_status,confidence,is_within_gcc_boundary,data_source_type
CHN-INC-1001,GCC-2015-STAG-0001,2015-12-01,Chennai Floods 2015,Engangipuram,13.10437,80.24377,74,Ward 74 (Thiru. Vi. Ka. Nagar),6,Thiru. Vi. Ka. Nagar,waterlogging,high,Data Unavailable,Data Unavailable,Engangipuram,Greater Chennai Corporation (GCC) 2015 Water Stagnation Locations,GCC-2015-STAG,https://data.opencity.in/dataset/866141ab-3a3f-4dc0-8092-421d97ba29a2/resource/b5f39598-2e2d-40c5-82c3-806a1ad65c91/download/db3840ff-9f33-43a3-b826-2f9dae1bcb78.kml,VERIFIED INCIDENT,OFFICIALLY_VERIFIED,HIGH,True,OFFICIAL_HISTORICAL_RECORD
CHN-INC-1002,GCC-2015-STAG-0002,2015-12-01,Chennai Floods 2015,Basin Bridge Road,13.100211,80.26989,72,Ward 72 (Thiru. Vi. Ka. Nagar),6,Thiru. Vi. Ka. Nagar,waterlogging,high,Data Unavailable,Data Unavailable,Basin Bridge Road,Greater Chennai Corporation (GCC) 2015 Water Stagnation Locations,GCC-2015-STAG,https://data.opencity.in/dataset/866141ab-3a3f-4dc0-8092-421d97ba29a2/resource/b5f39598-2e2d-40c5-82c3-806a1ad65c91/download/db3840ff-9f33-43a3-b826-2f9dae1bcb78.kml,VERIFIED INCIDENT,OFFICIALLY_VERIFIED,HIGH,True,OFFICIAL_HISTORICAL_RECORD
CHN-INC-1003,GCC-2015-STAG-0003,2015-12-01,Chennai Floods 2015,Doss Nagar Pallam,13.108362,80.264268,72,Ward 72 (Thiru. Vi. Ka. Nagar),6,Thiru. Vi. Ka. Nagar,waterlogging,high,Data Unavailable,Data Unavailable,Doss Nagar Pallam,Greater Chennai Corporation (GCC) 2015 Water Stagnation Locations,GCC-2015-STAG,https://data.opencity.in/dataset/866141ab-3a3f-4dc0-8092-421d97ba29a2/resource/b5f39598-2e2d-40c5-82c3-806a1ad65c91/download/db3840ff-9f33-43a3-b826-2f9dae1bcb78.kml,VERIFIED INCIDENT,OFFICIALLY_VERIFIED,HIGH,True,OFFICIAL_HISTORICAL_RECORD
CHN-INC-1004,GCC-2015-STAG-0004,2015-12-01,Chennai Floods 2015,Ambedkar Nagar,13.103607,80.263249,72,Ward 72 (Thiru. Vi. Ka. Nagar),6,Thiru. Vi. Ka. Nagar,waterlogging,high,Data Unavailable,Data Unavailable,Ambedkar Nagar,Greater Chennai Corporation (GCC) 2015 Water Stagnation Locations,GCC-2015-STAG,https://data.opencity.in/dataset/866141ab-3a3f-4dc0-8092-421d97ba29a2/resource/b5f39598-2e2d-40c5-82c3-806a1ad65c91/download/db3840ff-9f33-43a3-b826-2f9dae1bcb78.kml,VERIFIED INCIDENT,OFFICIALLY_VERIFIED,HIGH,True,OFFICIAL_HISTORICAL_RECORD
CHN-INC-1005,GCC-2015-STAG-0005,2015-12-01,Chennai Floods 2015,Decastor Road,13.102103,80.264643,73,Ward 73 (Thiru. Vi. Ka. Nagar),6,Thiru. Vi. Ka. Nagar,waterlogging,high,Data Unavailable,Data Unavailable,Decastor Road,Greater Chennai Corporation (GCC) 2015 Water Stagnation Locations,GCC-2015-STAG,https://data.opencity.in/dataset/866141ab-3a3f-4dc0-8092-421d97ba29a2/resource/b5f39598-2e2d-40c5-82c3-806a1ad65c91/download/db3840ff-9f33-43a3-b826-2f9dae1bcb78.kml,VERIFIED INCIDENT,OFFICIALLY_VERIFIED,HIGH,True,OFFICIAL_HISTORICAL_RECORD
CHN-INC-1006,GCC-2015-STAG-0006,2015-12-01,Chennai Floods 2015,Nehru Nagar,13.104684,80.264429,72,Ward 72 (Thiru. Vi. Ka. Nagar),6,Thiru. Vi. Ka. Nagar,waterlogging,high,Data Unavailable,Data Unavailable,Nehru Nagar,Greater Chennai Corporation (GCC) 2015 Water Stagnation Locations,GCC-2015-STAG,https://data.opencity.in/dataset/866141ab-3a3f-4dc0-8092-421d97ba29a2/resource/b5f39598-2e2d-40c5-82c3-806a1ad65c91/download/db3840ff-9f33-43a3-b826-2f9dae1bcb78.kml,VERIFIED INCIDENT,OFFICIALLY_VERIFIED,HIGH,True,OFFICIAL_HISTORICAL_RECORD
CHN-INC-1007,GCC-2015-STAG-0007,2015-12-01,Chennai Floods 2015,Kannikapuram Main Road,13.108989,80.262294,72,Ward 72 (Thiru. Vi. Ka. Nagar),6,Thiru. Vi. Ka. Nagar,waterlogging,high,Data Unavailable,Data Unavailable,Kannikapuram Main Road,Greater Chennai Corporation (GCC) 2015 Water Stagnation Locations,GCC-2015-STAG,https://data.opencity.in/dataset/866141ab-3a3f-4dc0-8092-421d97ba29a2/resource/b5f39598-2e2d-40c5-82c3-806a1ad65c91/download/db3840ff-9f33-43a3-b826-2f9dae1bcb78.kml,VERIFIED INCIDENT,OFFICIALLY_VERIFIED,HIGH,True,OFFICIAL_HISTORICAL_RECORD
CHN-INC-1008,GCC-2015-STAG-0008,2015-12-01,Chennai Floods 2015,Narasima Nagar,13.104872,80.26577,72,Ward 72 (Thiru. Vi. Ka. Nagar),6,Thiru. Vi. Ka. Nagar,waterlogging,high,Data Unavailable,Data Unavailable,Narasima Nagar,Greater Chennai Corporation (GCC) 2015 Water Stagnation Locations,GCC-2015-STAG,https://data.opencity.in/dataset/866141ab-3a3f-4dc0-8092-421d97ba29a2/resource/b5f39598-2e2d-40c5-82c3-806a1ad65c91/download/db3840ff-9f33-43a3-b826-2f9dae1bcb78.kml,VERIFIED INCIDENT,OFFICIALLY_VERIFIED,HIGH,True,OFFICIAL_HISTORICAL_RECORD
CHN-INC-1009,GCC-2015-STAG-0009,2015-12-01,Chennai Floods 2015,Mannar Swamy Street,13.100943,80.261543,73,Ward 73 (Thiru. Vi. Ka. Nagar),6,Thiru. Vi. Ka. Nagar,waterlogging,high,Data Unavailable,Data Unavailable,Mannar Swamy Street,Greater Chennai Corporation (GCC) 2015 Water Stagnation Locations,GCC-2015-STAG,https://data.opencity.in/dataset/866141ab-3a3f-4dc0-8092-421d97ba29a2/resource/b5f39598-2e2d-40c5-82c3-806a1ad65c91/download/db3840ff-9f33-43a3-b826-2f9dae1bcb78.kml,VERIFIED INCIDENT,OFFICIALLY_VERIFIED,HIGH,True,OFFICIAL_HISTORICAL_RECORD
CHN-INC-1010,GCC-2015-STAG-0010,2015-12-01,Chennai Floods 2015,Thiru Venkadam Street,13.10158,80.261071,73,Ward 73 (Thiru. Vi. Ka. Nagar),6,Thiru. Vi. Ka. Nagar,waterlogging,high,Data Unavailable,Data Unavailable,Thiru Venkadam Street,Greater Chennai Corporation (GCC) 2015 Water Stagnation Locations,GCC-2015-STAG,https://data.opencity.in/dataset/866141ab-3a3f-4dc0-8092-421d97ba29a2/resource/b5f39598-2e2d-40c5-82c3-806a1ad65c91/download/db3840ff-9f33-43a3-b826-2f9dae1bcb78.kml,VERIFIED INCIDENT,OFFICIALLY_VERIFIED,HIGH,True,OFFICIAL_HISTORICAL_RECORD
CHN-INC-1011,GCC-2015-STAG-0011,2015-12-01,Chennai Floods 2015,Ramaswamy Street,13.101319,80.261993,73,Ward 73 (Thiru. Vi. Ka. Nagar),6,Thiru. Vi. Ka. Nagar,waterlogging,high,Data Unavailable,Data Unavailable,Ramaswamy Street,Greater Chennai Corporation (GCC) 2015 Water Stagnation Locations,GCC-2015-STAG,https://data.opencity.in/dataset/866141ab-3a3f-4dc0-8092-421d97ba29a2/resource/b5f39598-2e2d-40c5-82c3-806a1ad65c91/download/db3840ff-9f33-43a3-b826-2f9dae1bcb78.kml,VERIFIED INCIDENT,OFFICIALLY_VERIFIED,HIGH,True,OFFICIAL_HISTORICAL_RECORD
CHN-INC-1012,GCC-2015-STAG-0012,2015-12-01,Chennai Floods 2015,Narayanaswamy Street,13.101423,80.262466,73,Ward 73 (Thiru. Vi. Ka. Nagar),6,Thiru. Vi. Ka. Nagar,waterlogging,high,Data Unavailable,Data Unavailable,Narayanaswamy Street,Greater Chennai Corporation (GCC) 2015 Water Stagnation Locations,GCC-2015-STAG,https://data.opencity.in/dataset/866141ab-3a3f-4dc0-8092-421d97ba29a2/resource/b5f39598-2e2d-40c5-82c3-806a1ad65c91/download/db3840ff-9f33-43a3-b826-2f9dae1bcb78.kml,VERIFIED INCIDENT,OFFICIALLY_VERIFIED,HIGH,True,OFFICIAL_HISTORICAL_RECORD
CHN-INC-1013,GCC-2015-STAG-0013,2015-12-01,Chennai Floods 2015,Ammiyanmal Street,13.100598,80.263152,73,Ward 73 (Thiru. Vi. Ka. Nagar),6,Thiru. Vi. Ka. Nagar,waterlogging,high,Data Unavailable,Data Unavailable,Ammiyanmal Street,Greater Chennai Corporation (GCC) 2015 Water Stagnation Locations,GCC-2015-STAG,https://data.opencity.in/dataset/866141ab-3a3f-4dc0-8092-421d97ba29a2/resource/b5f39598-2e2d-40c5-82c3-806a1ad65c91/download/db3840ff-9f33-43a3-b826-2f9dae1bcb78.kml,VERIFIED INCIDENT,OFFICIALLY_VERIFIED,HIGH,True,OFFICIAL_HISTORICAL_RECORD
CHN-INC-1014,GCC-2015-STAG-0014,2015-12-01,Chennai Floods 2015,Lalsingh Street,13.099913,80.264708,73,Ward 73 (Thiru. Vi. Ka. Nagar),6,Thiru. Vi. Ka. Nagar,waterlogging,high,Data Unavailable,Data Unavailable,Lalsingh Street,Greater Chennai Corporation (GCC) 2015 Water Stagnation Locations,GCC-2015-STAG,https://data.opencity.in/dataset/866141ab-3a3f-4dc0-8092-421d97ba29a2/resource/b5f39598-2e2d-40c5-82c3-806a1ad65c91/download/db3840ff-9f33-43a3-b826-2f9dae1bcb78.kml,VERIFIED INCIDENT,OFFICIALLY_VERIFIED,HIGH,True,OFFICIAL_HISTORICAL_RECORD
CHN-INC-1015,GCC-2015-STAG-0015,2015-12-01,Chennai Floods 2015,Natchiarammal Lane,13.101246,80.2629,73,Ward 73 (Thiru. Vi. Ka. Nagar),6,Thiru. Vi. Ka. Nagar,waterlogging,high,Data Unavailable,Data Unavailable,Natchiarammal Lane,Greater Chennai Corporation (GCC) 2015 Water Stagnation Locations,GCC-2015-STAG,https://data.opencity.in/dataset/866141ab-3a3f-4dc0-8092-421d97ba29a2/resource/b5f39598-2e2d-40c5-82c3-806a1ad65c91/download/db3840ff-9f33-43a3-b826-2f9dae1bcb78.kml,VERIFIED INCIDENT,OFFICIALLY_VERIFIED,HIGH,True,OFFICIAL_HISTORICAL_RECORD
CHN-INC-1016,GCC-2015-STAG-0016,2015-12-01,Chennai Floods 2015,M.T.Road,13.095028,80.241416,75,Ward 75 (Thiru. Vi. Ka. Nagar),6,Thiru. Vi. Ka. Nagar,waterlogging,high,Data Unavailable,Data Unavailable,M.T.Road,Greater Chennai Corporation (GCC) 2015 Water Stagnation Locations,GCC-2015-STAG,https://data.opencity.in/dataset/866141ab-3a3f-4dc0-8092-421d97ba29a2/resource/b5f39598-2e2d-40c5-82c3-806a1ad65c91/download/db3840ff-9f33-43a3-b826-2f9dae1bcb78.kml,VERIFIED INCIDENT,OFFICIALLY_VERIFIED,HIGH,True,OFFICIAL_HISTORICAL_RECORD
CHN-INC-1017,GCC-2015-STAG-0017,2015-12-01,Chennai Floods 2015,Subbrayan 5th Street,13.096246,80.245214,75,Ward 75 (Thiru. Vi. Ka. Nagar),6,Thiru. Vi. Ka. Nagar,waterlogging,high,Data Unavailable,Data Unavailable,Subbrayan 5th Street,Greater Chennai Corporation (GCC) 2015 Water Stagnation Locations,GCC-2015-STAG,https://data.opencity.in/dataset/866141ab-3a3f-4dc0-8092-421d97ba29a2/resource/b5f39598-2e2d-40c5-82c3-806a1ad65c91/download/db3840ff-9f33-43a3-b826-2f9dae1bcb78.kml,VERIFIED INCIDENT,OFFICIALLY_VERIFIED,HIGH,True,OFFICIAL_HISTORICAL_RECORD
CHN-INC-1018,GCC-2015-STAG-0018,2015-12-01,Chennai Floods 2015,Secretariate Colony 6th St,13.092144,80.244001,75,Ward 75 (Thiru. Vi. Ka. Nagar),6,Thiru. Vi. Ka. Nagar,waterlogging,high,Data Unavailable,Data Unavailable,Secretariate Colony 6th St,Greater Chennai Corporation (GCC) 2015 Water Stagnation Locations,GCC-2015-STAG,https://data.opencity.in/dataset/866141ab-3a3f-4dc0-8092-421d97ba29a2/resource/b5f39598-2e2d-40c5-82c3-806a1ad65c91/download/db3840ff-9f33-43a3-b826-2f9dae1bcb78.kml,VERIFIED INCIDENT,OFFICIALLY_VERIFIED,HIGH,True,OFFICIAL_HISTORICAL_RECORD
CHN-INC-1019,GCC-2015-STAG-0019,2015-12-01,Chennai Floods 2015,Kannapa Street,13.097212,80.253174,76,Ward 76 (Thiru. Vi. Ka. Nagar),6,Thiru. Vi. Ka. Nagar,waterlogging,high,Data Unavailable,Data Unavailable,Kannapa Street,Greater Chennai Corporation (GCC) 2015 Water Stagnation Locations,GCC-2015-STAG,https://data.opencity.in/dataset/866141ab-3a3f-4dc0-8092-421d97ba29a2/resource/b5f39598-2e2d-40c5-82c3-806a1ad65c91/download/db3840ff-9f33-43a3-b826-2f9dae1bcb78.kml,VERIFIED INCIDENT,OFFICIALLY_VERIFIED,HIGH,True,OFFICIAL_HISTORICAL_RECORD
CHN-INC-1020,GCC-2015-STAG-0020,2015-12-01,Chennai Floods 2015,Edward Park,13.096063,80.253839,76,Ward 76 (Thiru. Vi. Ka. Nagar),6,Thiru. Vi. Ka. Nagar,waterlogging,high,Data Unavailable,Data Unavailable,Edward Park,Greater Chennai Corporation (GCC) 2015 Water Stagnation Locations,GCC-2015-STAG,https://data.opencity.in/dataset/866141ab-3a3f-4dc0-8092-421d97ba29a2/resource/b5f39598-2e2d-40c5-82c3-806a1ad65c91/download/db3840ff-9f33-43a3-b826-2f9dae1bcb78.kml,VERIFIED INCIDENT,OFFICIALLY_VERIFIED,HIGH,True,OFFICIAL_HISTORICAL_RECORD
CHN-INC-1021,GCC-2015-STAG-0021,2015-12-01,Chennai Floods 2015,Chellppa Street,13.0967,80.252563,76,Ward 76 (Thiru. Vi. Ka. Nagar),6,Thiru. Vi. Ka. Nagar,waterlogging,high,Data Unavailable,Data Unavailable,Chellppa Street,Greater Chennai Corporation (GCC) 2015 Water Stagnation Locations,GCC-2015-STAG,https://data.opencity.in/dataset/866141ab-3a3f-4dc0-8092-421d97ba29a2/resource/b5f39598-2e2d-40c5-82c3-806a1ad65c91/download/db3840ff-9f33-43a3-b826-2f9dae1bcb78.kml,VERIFIED INCIDENT,OFFICIALLY_VERIFIED,HIGH,True,OFFICIAL_HISTORICAL_RECORD
CHN-INC-1022,GCC-2015-STAG-0022,2015-12-01,Chennai Floods 2015,Perambur Barackks Road,13.096825,80.259161,76,Ward 76 (Thiru. Vi. Ka. Nagar),6,Thiru. Vi. Ka. Nagar,waterlogging,high,Data Unavailable,Data Unavailable,Perambur Barackks Road,Greater Chennai Corporation (GCC) 2015 Water Stagnation Locations,GCC-2015-STAG,https://data.opencity.in/dataset/866141ab-3a3f-4dc0-8092-421d97ba29a2/resource/b5f39598-2e2d-40c5-82c3-806a1ad65c91/download/db3840ff-9f33-43a3-b826-2f9dae1bcb78.kml,VERIFIED INCIDENT,OFFICIALLY_VERIFIED,HIGH,True,OFFICIAL_HISTORICAL_RECORD
CHN-INC-1023,GCC-2015-STAG-0023,2015-12-01,Chennai Floods 2015,Dr.Ambedkar Collage Road,13.101037,80.260094,73,Ward 73 (Thiru. Vi. Ka. Nagar),6,Thiru. Vi. Ka. Nagar,waterlogging,high,Data Unavailable,Data Unavailable,Dr.Ambedkar Collage Road,Greater Chennai Corporation (GCC) 2015 Water Stagnation Locations,GCC-2015-STAG,https://data.opencity.in/dataset/866141ab-3a3f-4dc0-8092-421d97ba29a2/resource/b5f39598-2e2d-40c5-82c3-806a1ad65c91/download/db3840ff-9f33-43a3-b826-2f9dae1bcb78.kml,VERIFIED INCIDENT,OFFICIALLY_VERIFIED,HIGH,True,OFFICIAL_HISTORICAL_RECORD
CHN-INC-1024,GCC-2015-STAG-0024,2015-12-01,Chennai Floods 2015,Strahans Road,13.097076,80.260824,76,Ward 76 (Thiru. Vi. Ka. Nagar),6,Thiru. Vi. Ka. Nagar,waterlogging,high,Data Unavailable,Data Unavailable,Strahans Road,Greater Chennai Corporation (GCC) 2015 Water Stagnation Locations,GCC-2015-STAG,https://data.opencity.in/dataset/866141ab-3a3f-4dc0-8092-421d97ba29a2/resource/b5f39598-2e2d-40c5-82c3-806a1ad65c91/download/db3840ff-9f33-43a3-b826-2f9dae1bcb78.kml,VERIFIED INCIDENT,OFFICIALLY_VERIFIED,HIGH,True,OFFICIAL_HISTORICAL_RECORD
CHN-INC-1025,GCC-2015-STAG-0025,2015-12-01,Chennai Floods 2015,Barracks Gate Road,13.098289,80.260159,73,Ward 73 (Thiru. Vi. Ka. Nagar),6,Thiru. Vi. Ka. Nagar,waterlogging,high,Data Unavailable,Data Unavailable,Barracks Gate Road,Greater Chennai Corporation (GCC) 2015 Water Stagnation Locations,GCC-2015-STAG,https://data.opencity.in/dataset/866141ab-3a3f-4dc0-8092-421d97ba29a2/resource/b5f39598-2e2d-40c5-82c3-806a1ad65c91/download/db3840ff-9f33-43a3-b826-2f9dae1bcb78.kml,VERIFIED INCIDENT,OFFICIALLY_VERIFIED,HIGH,True,OFFICIAL_HISTORICAL_RECORD
CHN-INC-1026,GCC-2015-STAG-0026,2015-12-01,Chennai Floods 2015,Demellous Road,13.096867,80.263088,77,Ward 77 (Thiru. Vi. Ka. Nagar),6,Thiru. Vi. Ka. Nagar,waterlogging,high,Data Unavailable,Data Unavailable,Demellous Road,Greater Chennai Corporation (GCC) 2015 Water Stagnation Locations,GCC-2015-STAG,https://data.opencity.in/dataset/866141ab-3a3f-4dc0-8092-421d97ba29a2/resource/b5f39598-2e2d-40c5-82c3-806a1ad65c91/download/db3840ff-9f33-43a3-b826-2f9dae1bcb78.kml,VERIFIED INCIDENT,OFFICIALLY_VERIFIED,HIGH,True,OFFICIAL_HISTORICAL_RECORD
CHN-INC-1027,GCC-2015-STAG-0027,2015-12-01,Chennai Floods 2015,Elephant Gate Bridge Road,13.092666,80.271681,58,Ward 58 (Royapuram),5,Royapuram,waterlogging,high,Data Unavailable,Data Unavailable,Elephant Gate Bridge Road,Greater Chennai Corporation (GCC) 2015 Water Stagnation Locations,GCC-2015-STAG,https://data.opencity.in/dataset/866141ab-3a3f-4dc0-8092-421d97ba29a2/resource/b5f39598-2e2d-40c5-82c3-806a1ad65c91/download/db3840ff-9f33-43a3-b826-2f9dae1bcb78.kml,VERIFIED INCIDENT,OFFICIALLY_VERIFIED,HIGH,True,OFFICIAL_HISTORICAL_RECORD
CHN-INC-1028,GCC-2015-STAG-0028,2015-12-01,Chennai Floods 2015,Choolai High Road,13.090535,80.267315,78,Ward 78 (Thiru. Vi. Ka. Nagar),6,Thiru. Vi. Ka. Nagar,waterlogging,high,Data Unavailable,Data Unavailable,Choolai High Road,Greater Chennai Corporation (GCC) 2015 Water Stagnation Locations,GCC-2015-STAG,https://data.opencity.in/dataset/866141ab-3a3f-4dc0-8092-421d97ba29a2/resource/b5f39598-2e2d-40c5-82c3-806a1ad65c91/download/db3840ff-9f33-43a3-b826-2f9dae1bcb78.kml,VERIFIED INCIDENT,OFFICIALLY_VERIFIED,HIGH,True,OFFICIAL_HISTORICAL_RECORD
CHN-INC-1029,GCC-2015-STAG-0029,2015-12-01,Chennai Floods 2015,Astabujam Road,13.093481,80.261242,78,Ward 78 (Thiru. Vi. Ka. Nagar),6,Thiru. Vi. Ka. Nagar,waterlogging,high,Data Unavailable,Data Unavailable,Astabujam Road,Greater Chennai Corporation (GCC) 2015 Water Stagnation Locations,GCC-2015-STAG,https://data.opencity.in/dataset/866141ab-3a3f-4dc0-8092-421d97ba29a2/resource/b5f39598-2e2d-40c5-82c3-806a1ad65c91/download/db3840ff-9f33-43a3-b826-2f9dae1bcb78.kml,VERIFIED INCIDENT,OFFICIALLY_VERIFIED,HIGH,True,OFFICIAL_HISTORICAL_RECORD
CHN-INC-1030,GCC-2015-STAG-0030,2015-12-01,Chennai Floods 2015,Sydnams Road,13.08997,80.269976,58,Ward 58 (Royapuram),5,Royapuram,waterlogging,high,Data Unavailable,Data Unavailable,Sydnams Road,Greater Chennai Corporation (GCC) 2015 Water Stagnation Locations,GCC-2015-STAG,https://data.opencity.in/dataset/866141ab-3a3f-4dc0-8092-421d97ba29a2/resource/b5f39598-2e2d-40c5-82c3-806a1ad65c91/download/db3840ff-9f33-43a3-b826-2f9dae1bcb78.kml,VERIFIED INCIDENT,OFFICIALLY_VERIFIED,HIGH,True,OFFICIAL_HISTORICAL_RECORD
CHN-INC-1031,GCC-2015-STAG-0031,2015-12-01,Chennai Floods 2015,Arundhathi Nagar,13.107191,80.25135,71,Ward 71 (Thiru. Vi. Ka. Nagar),6,Thiru. Vi. Ka. Nagar,waterlogging,high,Data Unavailable,Data Unavailable,Arundhathi Nagar,Greater Chennai Corporation (GCC) 2015 Water Stagnation Locations,GCC-2015-STAG,https://data.opencity.in/dataset/866141ab-3a3f-4dc0-8092-421d97ba29a2/resource/b5f39598-2e2d-40c5-82c3-806a1ad65c91/download/db3840ff-9f33-43a3-b826-2f9dae1bcb78.kml,VERIFIED INCIDENT,OFFICIALLY_VERIFIED,HIGH,True,OFFICIAL_HISTORICAL_RECORD
CHN-INC-1032,GCC-2015-STAG-0032,2015-12-01,Chennai Floods 2015,Raja Mangalam Street,13.113377,80.204766,94,Ward 94 (Anna Nagar),8,Anna Nagar,waterlogging,high,Data Unavailable,Data Unavailable,Raja Mangalam Street,Greater Chennai Corporation (GCC) 2015 Water Stagnation Locations,GCC-2015-STAG,https://data.opencity.in/dataset/866141ab-3a3f-4dc0-8092-421d97ba29a2/resource/b5f39598-2e2d-40c5-82c3-806a1ad65c91/download/db3840ff-9f33-43a3-b826-2f9dae1bcb78.kml,VERIFIED INCIDENT,OFFICIALLY_VERIFIED,HIGH,True,OFFICIAL_HISTORICAL_RECORD
CHN-INC-1033,GCC-2015-STAG-0033,2015-12-01,Chennai Floods 2015,NAS Garden,13.117143,80.189752,83,Ward 83 (Ambattur),7,Ambattur,waterlogging,high,Data Unavailable,Data Unavailable,NAS Garden,Greater Chennai Corporation (GCC) 2015 Water Stagnation Locations,GCC-2015-STAG,https://data.opencity.in/dataset/866141ab-3a3f-4dc0-8092-421d97ba29a2/resource/b5f39598-2e2d-40c5-82c3-806a1ad65c91/download/db3840ff-9f33-43a3-b826-2f9dae1bcb78.kml,VERIFIED INCIDENT,OFFICIALLY_VERIFIED,HIGH,True,OFFICIAL_HISTORICAL_RECORD
CHN-INC-1034,GCC-2015-STAG-0034,2015-12-01,Chennai Floods 2015,TNEB 30th Street,13.109624,80.185044,84,Ward 84 (Ambattur),7,Ambattur,waterlogging,high,Data Unavailable,Data Unavailable,TNEB 30th Street,Greater Chennai Corporation (GCC) 2015 Water Stagnation Locations,GCC-2015-STAG,https://data.opencity.in/dataset/866141ab-3a3f-4dc0-8092-421d97ba29a2/resource/b5f39598-2e2d-40c5-82c3-806a1ad65c91/download/db3840ff-9f33-43a3-b826-2f9dae1bcb78.kml,VERIFIED INCIDENT,OFFICIALLY_VERIFIED,HIGH,True,OFFICIAL_HISTORICAL_RECORD
CHN-INC-1035,GCC-2015-STAG-0035,2015-12-01,Chennai Floods 2015,TNEB 31th Street,13.109307,80.183569,84,Ward 84 (Ambattur),7,Ambattur,waterlogging,high,Data Unavailable,Data Unavailable,TNEB 31th Street,Greater Chennai Corporation (GCC) 2015 Water Stagnation Locations,GCC-2015-STAG,https://data.opencity.in/dataset/866141ab-3a3f-4dc0-8092-421d97ba29a2/resource/b5f39598-2e2d-40c5-82c3-806a1ad65c91/download/db3840ff-9f33-43a3-b826-2f9dae1bcb78.kml,VERIFIED INCIDENT,OFFICIALLY_VERIFIED,HIGH,True,OFFICIAL_HISTORICAL_RECORD
CHN-INC-1036,GCC-2015-STAG-0036,2015-12-01,Chennai Floods 2015,TNEB 32nd Street,13.109293,80.182459,84,Ward 84 (Ambattur),7,Ambattur,waterlogging,high,Data Unavailable,Data Unavailable,TNEB 32nd Street,Greater Chennai Corporation (GCC) 2015 Water Stagnation Locations,GCC-2015-STAG,https://data.opencity.in/dataset/866141ab-3a3f-4dc0-8092-421d97ba29a2/resource/b5f39598-2e2d-40c5-82c3-806a1ad65c91/download/db3840ff-9f33-43a3-b826-2f9dae1bcb78.kml,VERIFIED INCIDENT,OFFICIALLY_VERIFIED,HIGH,True,OFFICIAL_HISTORICAL_RECORD
CHN-INC-1037,GCC-2015-STAG-0037,2015-12-01,Chennai Floods 2015,TNEB 35th Street,13.108988,80.181483,84,Ward 84 (Ambattur),7,Ambattur,waterlogging,high,Data Unavailable,Data Unavailable,TNEB 35th Street,Greater Chennai Corporation (GCC) 2015 Water Stagnation Locations,GCC-2015-STAG,https://data.opencity.in/dataset/866141ab-3a3f-4dc0-8092-421d97ba29a2/resource/b5f39598-2e2d-40c5-82c3-806a1ad65c91/download/db3840ff-9f33-43a3-b826-2f9dae1bcb78.kml,VERIFIED INCIDENT,OFFICIALLY_VERIFIED,HIGH,True,OFFICIAL_HISTORICAL_RECORD
CHN-INC-1038,GCC-2015-STAG-0038,2015-12-01,Chennai Floods 2015,TNEB 36th Street,13.109391,80.180956,84,Ward 84 (Ambattur),7,Ambattur,waterlogging,high,Data Unavailable,Data Unavailable,TNEB 36th Street,Greater Chennai Corporation (GCC) 2015 Water Stagnation Locations,GCC-2015-STAG,https://data.opencity.in/dataset/866141ab-3a3f-4dc0-8092-421d97ba29a2/resource/b5f39598-2e2d-40c5-82c3-806a1ad65c91/download/db3840ff-9f33-43a3-b826-2f9dae1bcb78.kml,VERIFIED INCIDENT,OFFICIALLY_VERIFIED,HIGH,True,OFFICIAL_HISTORICAL_RECORD
CHN-INC-1039,GCC-2015-STAG-0039,2015-12-01,Chennai Floods 2015,TNEB 37th Street,13.109694,80.181635,84,Ward 84 (Ambattur),7,Ambattur,waterlogging,high,Data Unavailable,Data Unavailable,TNEB 37th Street,Greater Chennai Corporation (GCC) 2015 Water Stagnation Locations,GCC-2015-STAG,https://data.opencity.in/dataset/866141ab-3a3f-4dc0-8092-421d97ba29a2/resource/b5f39598-2e2d-40c5-82c3-806a1ad65c91/download/db3840ff-9f33-43a3-b826-2f9dae1bcb78.kml,VERIFIED INCIDENT,OFFICIALLY_VERIFIED,HIGH,True,OFFICIAL_HISTORICAL_RECORD
CHN-INC-1040,GCC-2015-STAG-0040,2015-12-01,Chennai Floods 2015,TNEB 33rd Street,13.10953,80.180348,84,Ward 84 (Ambattur),7,Ambattur,waterlogging,high,Data Unavailable,Data Unavailable,TNEB 33rd Street,Greater Chennai Corporation (GCC) 2015 Water Stagnation Locations,GCC-2015-STAG,https://data.opencity.in/dataset/866141ab-3a3f-4dc0-8092-421d97ba29a2/resource/b5f39598-2e2d-40c5-82c3-806a1ad65c91/download/db3840ff-9f33-43a3-b826-2f9dae1bcb78.kml,VERIFIED INCIDENT,OFFICIALLY_VERIFIED,HIGH,True,OFFICIAL_HISTORICAL_RECORD
CHN-INC-1041,GCC-2015-STAG-0041,2015-12-01,Chennai Floods 2015,TNEB 34th Street,13.10927,80.182022,84,Ward 84 (Ambattur),7,Ambattur,waterlogging,high,Data Unavailable,Data Unavailable,TNEB 34th Street,Greater Chennai Corporation (GCC) 2015 Water Stagnation Locations,GCC-2015-STAG,https://data.opencity.in/dataset/866141ab-3a3f-4dc0-8092-421d97ba29a2/resource/b5f39598-2e2d-40c5-82c3-806a1ad65c91/download/db3840ff-9f33-43a3-b826-2f9dae1bcb78.kml,VERIFIED INCIDENT,OFFICIALLY_VERIFIED,HIGH,True,OFFICIAL_HISTORICAL_RECORD
CHN-INC-1042,GCC-2015-STAG-0042,2015-12-01,Chennai Floods 2015,agragaram korattur,13.118335,80.192475,83,Ward 83 (Ambattur),7,Ambattur,waterlogging,high,Data Unavailable,Data Unavailable,agragaram korattur,Greater Chennai Corporation (GCC) 2015 Water Stagnation Locations,GCC-2015-STAG,https://data.opencity.in/dataset/866141ab-3a3f-4dc0-8092-421d97ba29a2/resource/b5f39598-2e2d-40c5-82c3-806a1ad65c91/download/db3840ff-9f33-43a3-b826-2f9dae1bcb78.kml,VERIFIED INCIDENT,OFFICIALLY_VERIFIED,HIGH,True,OFFICIAL_HISTORICAL_RECORD
CHN-INC-1043,GCC-2015-STAG-0043,2015-12-01,Chennai Floods 2015,Central Avenue,13.107695,80.1834,84,Ward 84 (Ambattur),7,Ambattur,waterlogging,high,Data Unavailable,Data Unavailable,Central Avenue,Greater Chennai Corporation (GCC) 2015 Water Stagnation Locations,GCC-2015-STAG,https://data.opencity.in/dataset/866141ab-3a3f-4dc0-8092-421d97ba29a2/resource/b5f39598-2e2d-40c5-82c3-806a1ad65c91/download/db3840ff-9f33-43a3-b826-2f9dae1bcb78.kml,VERIFIED INCIDENT,OFFICIALLY_VERIFIED,HIGH,True,OFFICIAL_HISTORICAL_RECORD
CHN-INC-1044,GCC-2015-STAG-0044,2015-12-01,Chennai Floods 2015,Thendral Nagar,13.141254,80.257874,34,Ward 34 (Tondiarpet),4,Tondiarpet,waterlogging,high,Data Unavailable,Data Unavailable,Thendral Nagar,Greater Chennai Corporation (GCC) 2015 Water Stagnation Locations,GCC-2015-STAG,https://data.opencity.in/dataset/866141ab-3a3f-4dc0-8092-421d97ba29a2/resource/b5f39598-2e2d-40c5-82c3-806a1ad65c91/download/db3840ff-9f33-43a3-b826-2f9dae1bcb78.kml,VERIFIED INCIDENT,OFFICIALLY_VERIFIED,HIGH,True,OFFICIAL_HISTORICAL_RECORD
CHN-INC-1045,GCC-2015-STAG-0045,2015-12-01,Chennai Floods 2015,Muthamil Nagar 8th Block,13.132791,80.251715,35,Ward 35 (Tondiarpet),4,Tondiarpet,waterlogging,high,Data Unavailable,Data Unavailable,Muthamil Nagar 8th Block,Greater Chennai Corporation (GCC) 2015 Water Stagnation Locations,GCC-2015-STAG,https://data.opencity.in/dataset/866141ab-3a3f-4dc0-8092-421d97ba29a2/resource/b5f39598-2e2d-40c5-82c3-806a1ad65c91/download/db3840ff-9f33-43a3-b826-2f9dae1bcb78.kml,VERIFIED INCIDENT,OFFICIALLY_VERIFIED,HIGH,True,OFFICIAL_HISTORICAL_RECORD
CHN-INC-1046,GCC-2015-STAG-0046,2015-12-01,Chennai Floods 2015,West Avenue,13.123032,80.25929,37,Ward 37 (Tondiarpet),4,Tondiarpet,waterlogging,high,Data Unavailable,Data Unavailable,West Avenue,Greater Chennai Corporation (GCC) 2015 Water Stagnation Locations,GCC-2015-STAG,https://data.opencity.in/dataset/866141ab-3a3f-4dc0-8092-421d97ba29a2/resource/b5f39598-2e2d-40c5-82c3-806a1ad65c91/download/db3840ff-9f33-43a3-b826-2f9dae1bcb78.kml,VERIFIED INCIDENT,OFFICIALLY_VERIFIED,HIGH,True,OFFICIAL_HISTORICAL_RECORD
CHN-INC-1047,GCC-2015-STAG-0047,2015-12-01,Chennai Floods 2015,Eithiraj Salai,13.125749,80.249076,36,Ward 36 (Tondiarpet),4,Tondiarpet,waterlogging,high,Data Unavailable,Data Unavailable,Eithiraj Salai,Greater Chennai Corporation (GCC) 2015 Water Stagnation Locations,GCC-2015-STAG,https://data.opencity.in/dataset/866141ab-3a3f-4dc0-8092-421d97ba29a2/resource/b5f39598-2e2d-40c5-82c3-806a1ad65c91/download/db3840ff-9f33-43a3-b826-2f9dae1bcb78.kml,VERIFIED INCIDENT,OFFICIALLY_VERIFIED,HIGH,True,OFFICIAL_HISTORICAL_RECORD
CHN-INC-1048,GCC-2015-STAG-0048,2015-12-01,Chennai Floods 2015,EH Road,13.121778,80.251898,36,Ward 36 (Tondiarpet),4,Tondiarpet,waterlogging,high,Data Unavailable,Data Unavailable,EH Road,Greater Chennai Corporation (GCC) 2015 Water Stagnation Locations,GCC-2015-STAG,https://data.opencity.in/dataset/866141ab-3a3f-4dc0-8092-421d97ba29a2/resource/b5f39598-2e2d-40c5-82c3-806a1ad65c91/download/db3840ff-9f33-43a3-b826-2f9dae1bcb78.kml,VERIFIED INCIDENT,OFFICIALLY_VERIFIED,HIGH,True,OFFICIAL_HISTORICAL_RECORD
CHN-INC-1049,GCC-2015-STAG-0049,2015-12-01,Chennai Floods 2015,Sharma Nagar,13.123199,80.255342,36,Ward 36 (Tondiarpet),4,Tondiarpet,waterlogging,high,Data Unavailable,Data Unavailable,Sharma Nagar,Greater Chennai Corporation (GCC) 2015 Water Stagnation Locations,GCC-2015-STAG,https://data.opencity.in/dataset/866141ab-3a3f-4dc0-8092-421d97ba29a2/resource/b5f39598-2e2d-40c5-82c3-806a1ad65c91/download/db3840ff-9f33-43a3-b826-2f9dae1bcb78.kml,VERIFIED INCIDENT,OFFICIALLY_VERIFIED,HIGH,True,OFFICIAL_HISTORICAL_RECORD
CHN-INC-1050,GCC-2015-STAG-0050,2015-12-01,Chennai Floods 2015,Abirami Avenue 14th Street,13.134233,80.25959,37,Ward 37 (Tondiarpet),4,Tondiarpet,waterlogging,high,Data Unavailable,Data Unavailable,Abirami Avenue 14th Street,Greater Chennai Corporation (GCC) 2015 Water Stagnation Locations,GCC-2015-STAG,https://data.opencity.in/dataset/866141ab-3a3f-4dc0-8092-421d97ba29a2/resource/b5f39598-2e2d-40c5-82c3-806a1ad65c91/download/db3840ff-9f33-43a3-b826-2f9dae1bcb78.kml,VERIFIED INCIDENT,OFFICIALLY_VERIFIED,HIGH,True,OFFICIAL_HISTORICAL_RECORD
CHN-INC-1051,GCC-2015-STAG-0051,2015-12-01,Chennai Floods 2015,Abirami Avenue 16th Street,13.134672,80.259934,37,Ward 37 (Tondiarpet),4,Tondiarpet,waterlogging,high,Data Unavailable,Data Unavailable,Abirami Avenue 16th Street,Greater Chennai Corporation (GCC) 2015 Water Stagnation Locations,GCC-2015-STAG,https://data.opencity.in/dataset/866141ab-3a3f-4dc0-8092-421d97ba29a2/resource/b5f39598-2e2d-40c5-82c3-806a1ad65c91/download/db3840ff-9f33-43a3-b826-2f9dae1bcb78.kml,VERIFIED INCIDENT,OFFICIALLY_VERIFIED,HIGH,True,OFFICIAL_HISTORICAL_RECORD
CHN-INC-1052,GCC-2015-STAG-0052,2015-12-01,Chennai Floods 2015,Abirami Avenue  15th  Street,13.134588,80.259161,37,Ward 37 (Tondiarpet),4,Tondiarpet,waterlogging,high,Data Unavailable,Data Unavailable,Abirami Avenue  15th  Street,Greater Chennai Corporation (GCC) 2015 Water Stagnation Locations,GCC-2015-STAG,https://data.opencity.in/dataset/866141ab-3a3f-4dc0-8092-421d97ba29a2/resource/b5f39598-2e2d-40c5-82c3-806a1ad65c91/download/db3840ff-9f33-43a3-b826-2f9dae1bcb78.kml,VERIFIED INCIDENT,OFFICIALLY_VERIFIED,HIGH,True,OFFICIAL_HISTORICAL_RECORD
CHN-INC-1053,GCC-2015-STAG-0053,2015-12-01,Chennai Floods 2015,MGR Nagar,13.123534,80.266671,37,Ward 37 (Tondiarpet),4,Tondiarpet,waterlogging,high,Data Unavailable,Data Unavailable,MGR Nagar,Greater Chennai Corporation (GCC) 2015 Water Stagnation Locations,GCC-2015-STAG,https://data.opencity.in/dataset/866141ab-3a3f-4dc0-8092-421d97ba29a2/resource/b5f39598-2e2d-40c5-82c3-806a1ad65c91/download/db3840ff-9f33-43a3-b826-2f9dae1bcb78.kml,VERIFIED INCIDENT,OFFICIALLY_VERIFIED,HIGH,True,OFFICIAL_HISTORICAL_RECORD
CHN-INC-1054,GCC-2015-STAG-0054,2015-12-01,Chennai Floods 2015,Debar Nagar,13.122739,80.266843,46,Ward 46 (Tondiarpet),4,Tondiarpet,waterlogging,high,Data Unavailable,Data Unavailable,Debar Nagar,Greater Chennai Corporation (GCC) 2015 Water Stagnation Locations,GCC-2015-STAG,https://data.opencity.in/dataset/866141ab-3a3f-4dc0-8092-421d97ba29a2/resource/b5f39598-2e2d-40c5-82c3-806a1ad65c91/download/db3840ff-9f33-43a3-b826-2f9dae1bcb78.kml,VERIFIED INCIDENT,OFFICIALLY_VERIFIED,HIGH,True,OFFICIAL_HISTORICAL_RECORD
CHN-INC-1055,GCC-2015-STAG-0055,2015-12-01,Chennai Floods 2015,Damodhar Nagar,13.125184,80.267422,37,Ward 37 (Tondiarpet),4,Tondiarpet,waterlogging,high,Data Unavailable,Data Unavailable,Damodhar Nagar,Greater Chennai Corporation (GCC) 2015 Water Stagnation Locations,GCC-2015-STAG,https://data.opencity.in/dataset/866141ab-3a3f-4dc0-8092-421d97ba29a2/resource/b5f39598-2e2d-40c5-82c3-806a1ad65c91/download/db3840ff-9f33-43a3-b826-2f9dae1bcb78.kml,VERIFIED INCIDENT,OFFICIALLY_VERIFIED,HIGH,True,OFFICIAL_HISTORICAL_RECORD
CHN-INC-1056,GCC-2015-STAG-0056,2015-12-01,Chennai Floods 2015,RR Nagar,13.128298,80.268195,37,Ward 37 (Tondiarpet),4,Tondiarpet,waterlogging,high,Data Unavailable,Data Unavailable,RR Nagar,Greater Chennai Corporation (GCC) 2015 Water Stagnation Locations,GCC-2015-STAG,https://data.opencity.in/dataset/866141ab-3a3f-4dc0-8092-421d97ba29a2/resource/b5f39598-2e2d-40c5-82c3-806a1ad65c91/download/db3840ff-9f33-43a3-b826-2f9dae1bcb78.kml,VERIFIED INCIDENT,OFFICIALLY_VERIFIED,HIGH,True,OFFICIAL_HISTORICAL_RECORD
CHN-INC-1057,GCC-2015-STAG-0057,2015-12-01,Chennai Floods 2015,Kannadasan Nagar,13.133564,80.256586,35,Ward 35 (Tondiarpet),4,Tondiarpet,waterlogging,high,Data Unavailable,Data Unavailable,Kannadasan Nagar,Greater Chennai Corporation (GCC) 2015 Water Stagnation Locations,GCC-2015-STAG,https://data.opencity.in/dataset/866141ab-3a3f-4dc0-8092-421d97ba29a2/resource/b5f39598-2e2d-40c5-82c3-806a1ad65c91/download/db3840ff-9f33-43a3-b826-2f9dae1bcb78.kml,VERIFIED INCIDENT,OFFICIALLY_VERIFIED,HIGH,True,OFFICIAL_HISTORICAL_RECORD
CHN-INC-1058,GCC-2015-STAG-0058,2015-12-01,Chennai Floods 2015,Nehru Nagar 13th Street,13.127107,80.27461,41,Ward 41 (Tondiarpet),4,Tondiarpet,waterlogging,high,Data Unavailable,Data Unavailable,Nehru Nagar 13th Street,Greater Chennai Corporation (GCC) 2015 Water Stagnation Locations,GCC-2015-STAG,https://data.opencity.in/dataset/866141ab-3a3f-4dc0-8092-421d97ba29a2/resource/b5f39598-2e2d-40c5-82c3-806a1ad65c91/download/db3840ff-9f33-43a3-b826-2f9dae1bcb78.kml,VERIFIED INCIDENT,OFFICIALLY_VERIFIED,HIGH,True,OFFICIAL_HISTORICAL_RECORD
CHN-INC-1059,GCC-2015-STAG-0059,2015-12-01,Chennai Floods 2015,Nehru Nagar Main Road,13.126647,80.277293,41,Ward 41 (Tondiarpet),4,Tondiarpet,waterlogging,high,Data Unavailable,Data Unavailable,Nehru Nagar Main Road,Greater Chennai Corporation (GCC) 2015 Water Stagnation Locations,GCC-2015-STAG,https://data.opencity.in/dataset/866141ab-3a3f-4dc0-8092-421d97ba29a2/resource/b5f39598-2e2d-40c5-82c3-806a1ad65c91/download/db3840ff-9f33-43a3-b826-2f9dae1bcb78.kml,VERIFIED INCIDENT,OFFICIALLY_VERIFIED,HIGH,True,OFFICIAL_HISTORICAL_RECORD
CHN-INC-1060,GCC-2015-STAG-0060,2015-12-01,Chennai Floods 2015,Ellaya Mudali Street,13.126146,80.284567,42,Ward 42 (Tondiarpet),4,Tondiarpet,waterlogging,high,Data Unavailable,Data Unavailable,Ellaya Mudali Street,Greater Chennai Corporation (GCC) 2015 Water Stagnation Locations,GCC-2015-STAG,https://data.opencity.in/dataset/866141ab-3a3f-4dc0-8092-421d97ba29a2/resource/b5f39598-2e2d-40c5-82c3-806a1ad65c91/download/db3840ff-9f33-43a3-b826-2f9dae1bcb78.kml,VERIFIED INCIDENT,OFFICIALLY_VERIFIED,HIGH,True,OFFICIAL_HISTORICAL_RECORD
CHN-INC-1061,GCC-2015-STAG-0061,2015-12-01,Chennai Floods 2015,Indira Nagar,13.135319,80.279138,38,Ward 38 (Tondiarpet),4,Tondiarpet,waterlogging,high,Data Unavailable,Data Unavailable,Indira Nagar,Greater Chennai Corporation (GCC) 2015 Water Stagnation Locations,GCC-2015-STAG,https://data.opencity.in/dataset/866141ab-3a3f-4dc0-8092-421d97ba29a2/resource/b5f39598-2e2d-40c5-82c3-806a1ad65c91/download/db3840ff-9f33-43a3-b826-2f9dae1bcb78.kml,VERIFIED INCIDENT,OFFICIALLY_VERIFIED,HIGH,True,OFFICIAL_HISTORICAL_RECORD
CHN-INC-1062,GCC-2015-STAG-0062,2015-12-01,Chennai Floods 2015,Thiruvalluvar Nagar Huts,13.1344,80.288558,40,Ward 40 (Tondiarpet),4,Tondiarpet,waterlogging,high,Data Unavailable,Data Unavailable,Thiruvalluvar Nagar Huts,Greater Chennai Corporation (GCC) 2015 Water Stagnation Locations,GCC-2015-STAG,https://data.opencity.in/dataset/866141ab-3a3f-4dc0-8092-421d97ba29a2/resource/b5f39598-2e2d-40c5-82c3-806a1ad65c91/download/db3840ff-9f33-43a3-b826-2f9dae1bcb78.kml,VERIFIED INCIDENT,OFFICIALLY_VERIFIED,HIGH,True,OFFICIAL_HISTORICAL_RECORD
CHN-INC-1063,GCC-2015-STAG-0063,2015-12-01,Chennai Floods 2015,Celliamman Koil Street,13.133648,80.289931,40,Ward 40 (Tondiarpet),4,Tondiarpet,waterlogging,high,Data Unavailable,Data Unavailable,Celliamman Koil Street,Greater Chennai Corporation (GCC) 2015 Water Stagnation Locations,GCC-2015-STAG,https://data.opencity.in/dataset/866141ab-3a3f-4dc0-8092-421d97ba29a2/resource/b5f39598-2e2d-40c5-82c3-806a1ad65c91/download/db3840ff-9f33-43a3-b826-2f9dae1bcb78.kml,VERIFIED INCIDENT,OFFICIALLY_VERIFIED,HIGH,True,OFFICIAL_HISTORICAL_RECORD
CHN-INC-1064,GCC-2015-STAG-0064,2015-12-01,Chennai Floods 2015,VOC Nagar,13.133439,80.287786,40,Ward 40 (Tondiarpet),4,Tondiarpet,waterlogging,high,Data Unavailable,Data Unavailable,VOC Nagar,Greater Chennai Corporation (GCC) 2015 Water Stagnation Locations,GCC-2015-STAG,https://data.opencity.in/dataset/866141ab-3a3f-4dc0-8092-421d97ba29a2/resource/b5f39598-2e2d-40c5-82c3-806a1ad65c91/download/db3840ff-9f33-43a3-b826-2f9dae1bcb78.kml,VERIFIED INCIDENT,OFFICIALLY_VERIFIED,HIGH,True,OFFICIAL_HISTORICAL_RECORD
CHN-INC-1065,GCC-2015-STAG-0065,2015-12-01,Chennai Floods 2015,Kamaraj Salai Jn of Ellaya Mudali Street,13.13649,80.290103,40,Ward 40 (Tondiarpet),4,Tondiarpet,waterlogging,high,Data Unavailable,Data Unavailable,Kamaraj Salai Jn of Ellaya Mudali Street,Greater Chennai Corporation (GCC) 2015 Water Stagnation Locations,GCC-2015-STAG,https://data.opencity.in/dataset/866141ab-3a3f-4dc0-8092-421d97ba29a2/resource/b5f39598-2e2d-40c5-82c3-806a1ad65c91/download/db3840ff-9f33-43a3-b826-2f9dae1bcb78.kml,VERIFIED INCIDENT,OFFICIALLY_VERIFIED,HIGH,True,OFFICIAL_HISTORICAL_RECORD
CHN-INC-1066,GCC-2015-STAG-0066,2015-12-01,Chennai Floods 2015,Kumaran Nagar,13.126626,80.279331,41,Ward 41 (Tondiarpet),4,Tondiarpet,waterlogging,high,Data Unavailable,Data Unavailable,Kumaran Nagar,Greater Chennai Corporation (GCC) 2015 Water Stagnation Locations,GCC-2015-STAG,https://data.opencity.in/dataset/866141ab-3a3f-4dc0-8092-421d97ba29a2/resource/b5f39598-2e2d-40c5-82c3-806a1ad65c91/download/db3840ff-9f33-43a3-b826-2f9dae1bcb78.kml,VERIFIED INCIDENT,OFFICIALLY_VERIFIED,HIGH,True,OFFICIAL_HISTORICAL_RECORD
CHN-INC-1067,GCC-2015-STAG-0067,2015-12-01,Chennai Floods 2015,Carnesh Nagar,13.125582,80.278773,41,Ward 41 (Tondiarpet),4,Tondiarpet,waterlogging,high,Data Unavailable,Data Unavailable,Carnesh Nagar,Greater Chennai Corporation (GCC) 2015 Water Stagnation Locations,GCC-2015-STAG,https://data.opencity.in/dataset/866141ab-3a3f-4dc0-8092-421d97ba29a2/resource/b5f39598-2e2d-40c5-82c3-806a1ad65c91/download/db3840ff-9f33-43a3-b826-2f9dae1bcb78.kml,VERIFIED INCIDENT,OFFICIALLY_VERIFIED,HIGH,True,OFFICIAL_HISTORICAL_RECORD
CHN-INC-1068,GCC-2015-STAG-0068,2015-12-01,Chennai Floods 2015,MGR Nagar Canal Road,13.130722,80.273838,41,Ward 41 (Tondiarpet),4,Tondiarpet,waterlogging,high,Data Unavailable,Data Unavailable,MGR Nagar Canal Road,Greater Chennai Corporation (GCC) 2015 Water Stagnation Locations,GCC-2015-STAG,https://data.opencity.in/dataset/866141ab-3a3f-4dc0-8092-421d97ba29a2/resource/b5f39598-2e2d-40c5-82c3-806a1ad65c91/download/db3840ff-9f33-43a3-b826-2f9dae1bcb78.kml,VERIFIED INCIDENT,OFFICIALLY_VERIFIED,HIGH,True,OFFICIAL_HISTORICAL_RECORD
CHN-INC-1069,GCC-2015-STAG-0069,2015-12-01,Chennai Floods 2015,Seniamman Koil Tenaments,13.12462,80.278473,41,Ward 41 (Tondiarpet),4,Tondiarpet,waterlogging,high,Data Unavailable,Data Unavailable,Seniamman Koil Tenaments,Greater Chennai Corporation (GCC) 2015 Water Stagnation Locations,GCC-2015-STAG,https://data.opencity.in/dataset/866141ab-3a3f-4dc0-8092-421d97ba29a2/resource/b5f39598-2e2d-40c5-82c3-806a1ad65c91/download/db3840ff-9f33-43a3-b826-2f9dae1bcb78.kml,VERIFIED INCIDENT,OFFICIALLY_VERIFIED,HIGH,True,OFFICIAL_HISTORICAL_RECORD
CHN-INC-1070,GCC-2015-STAG-0070,2015-12-01,Chennai Floods 2015,Singaravelan Nagar ( Palla Pagudhi ),13.123283,80.295596,43,Ward 43 (Tondiarpet),4,Tondiarpet,waterlogging,high,Data Unavailable,Data Unavailable,Singaravelan Nagar ( Palla Pagudhi ),Greater Chennai Corporation (GCC) 2015 Water Stagnation Locations,GCC-2015-STAG,https://data.opencity.in/dataset/866141ab-3a3f-4dc0-8092-421d97ba29a2/resource/b5f39598-2e2d-40c5-82c3-806a1ad65c91/download/db3840ff-9f33-43a3-b826-2f9dae1bcb78.kml,VERIFIED INCIDENT,OFFICIALLY_VERIFIED,HIGH,True,OFFICIAL_HISTORICAL_RECORD
CHN-INC-1071,GCC-2015-STAG-0071,2015-12-01,Chennai Floods 2015,New Amaranjipuram,13.123387,80.292721,43,Ward 43 (Tondiarpet),4,Tondiarpet,waterlogging,high,Data Unavailable,Data Unavailable,New Amaranjipuram,Greater Chennai Corporation (GCC) 2015 Water Stagnation Locations,GCC-2015-STAG,https://data.opencity.in/dataset/866141ab-3a3f-4dc0-8092-421d97ba29a2/resource/b5f39598-2e2d-40c5-82c3-806a1ad65c91/download/db3840ff-9f33-43a3-b826-2f9dae1bcb78.kml,VERIFIED INCIDENT,OFFICIALLY_VERIFIED,HIGH,True,OFFICIAL_HISTORICAL_RECORD
CHN-INC-1072,GCC-2015-STAG-0072,2015-12-01,Chennai Floods 2015,Manicka Vinayagar Koil Street,13.117264,80.248153,44,Ward 44 (Tondiarpet),4,Tondiarpet,waterlogging,high,Data Unavailable,Data Unavailable,Manicka Vinayagar Koil Street,Greater Chennai Corporation (GCC) 2015 Water Stagnation Locations,GCC-2015-STAG,https://data.opencity.in/dataset/866141ab-3a3f-4dc0-8092-421d97ba29a2/resource/b5f39598-2e2d-40c5-82c3-806a1ad65c91/download/db3840ff-9f33-43a3-b826-2f9dae1bcb78.kml,VERIFIED INCIDENT,OFFICIALLY_VERIFIED,HIGH,True,OFFICIAL_HISTORICAL_RECORD
CHN-INC-1073,GCC-2015-STAG-0073,2015-12-01,Chennai Floods 2015,Manimegai Street,13.120608,80.24869,44,Ward 44 (Tondiarpet),4,Tondiarpet,waterlogging,high,Data Unavailable,Data Unavailable,Manimegai Street,Greater Chennai Corporation (GCC) 2015 Water Stagnation Locations,GCC-2015-STAG,https://data.opencity.in/dataset/866141ab-3a3f-4dc0-8092-421d97ba29a2/resource/b5f39598-2e2d-40c5-82c3-806a1ad65c91/download/db3840ff-9f33-43a3-b826-2f9dae1bcb78.kml,VERIFIED INCIDENT,OFFICIALLY_VERIFIED,HIGH,True,OFFICIAL_HISTORICAL_RECORD
CHN-INC-1074,GCC-2015-STAG-0074,2015-12-01,Chennai Floods 2015,Stephens Road,13.111998,80.257144,45,Ward 45 (Tondiarpet),4,Tondiarpet,waterlogging,high,Data Unavailable,Data Unavailable,Stephens Road,Greater Chennai Corporation (GCC) 2015 Water Stagnation Locations,GCC-2015-STAG,https://data.opencity.in/dataset/866141ab-3a3f-4dc0-8092-421d97ba29a2/resource/b5f39598-2e2d-40c5-82c3-806a1ad65c91/download/db3840ff-9f33-43a3-b826-2f9dae1bcb78.kml,VERIFIED INCIDENT,OFFICIALLY_VERIFIED,HIGH,True,OFFICIAL_HISTORICAL_RECORD
CHN-INC-1075,GCC-2015-STAG-0075,2015-12-01,Chennai Floods 2015,Stephens Main Road,13.109699,80.258024,45,Ward 45 (Tondiarpet),4,Tondiarpet,waterlogging,high,Data Unavailable,Data Unavailable,Stephens Main Road,Greater Chennai Corporation (GCC) 2015 Water Stagnation Locations,GCC-2015-STAG,https://data.opencity.in/dataset/866141ab-3a3f-4dc0-8092-421d97ba29a2/resource/b5f39598-2e2d-40c5-82c3-806a1ad65c91/download/db3840ff-9f33-43a3-b826-2f9dae1bcb78.kml,VERIFIED INCIDENT,OFFICIALLY_VERIFIED,HIGH,True,OFFICIAL_HISTORICAL_RECORD
CHN-INC-1076,GCC-2015-STAG-0076,2015-12-01,Chennai Floods 2015,Ganesapuram Main Road,13.109908,80.260899,45,Ward 45 (Tondiarpet),4,Tondiarpet,waterlogging,high,Data Unavailable,Data Unavailable,Ganesapuram Main Road,Greater Chennai Corporation (GCC) 2015 Water Stagnation Locations,GCC-2015-STAG,https://data.opencity.in/dataset/866141ab-3a3f-4dc0-8092-421d97ba29a2/resource/b5f39598-2e2d-40c5-82c3-806a1ad65c91/download/db3840ff-9f33-43a3-b826-2f9dae1bcb78.kml,VERIFIED INCIDENT,OFFICIALLY_VERIFIED,HIGH,True,OFFICIAL_HISTORICAL_RECORD
CHN-INC-1077,GCC-2015-STAG-0077,2015-12-01,Chennai Floods 2015,Sundram Power Lane,13.111267,80.263388,46,Ward 46 (Tondiarpet),4,Tondiarpet,waterlogging,high,Data Unavailable,Data Unavailable,Sundram Power Lane,Greater Chennai Corporation (GCC) 2015 Water Stagnation Locations,GCC-2015-STAG,https://data.opencity.in/dataset/866141ab-3a3f-4dc0-8092-421d97ba29a2/resource/b5f39598-2e2d-40c5-82c3-806a1ad65c91/download/db3840ff-9f33-43a3-b826-2f9dae1bcb78.kml,VERIFIED INCIDENT,OFFICIALLY_VERIFIED,HIGH,True,OFFICIAL_HISTORICAL_RECORD
CHN-INC-1078,GCC-2015-STAG-0078,2015-12-01,Chennai Floods 2015,Desigananda Puram,13.112123,80.260684,45,Ward 45 (Tondiarpet),4,Tondiarpet,waterlogging,high,Data Unavailable,Data Unavailable,Desigananda Puram,Greater Chennai Corporation (GCC) 2015 Water Stagnation Locations,GCC-2015-STAG,https://data.opencity.in/dataset/866141ab-3a3f-4dc0-8092-421d97ba29a2/resource/b5f39598-2e2d-40c5-82c3-806a1ad65c91/download/db3840ff-9f33-43a3-b826-2f9dae1bcb78.kml,VERIFIED INCIDENT,OFFICIALLY_VERIFIED,HIGH,True,OFFICIAL_HISTORICAL_RECORD
CHN-INC-1079,GCC-2015-STAG-0079,2015-12-01,Chennai Floods 2015,B.V Colony 19 Street,13.114694,80.258786,45,Ward 45 (Tondiarpet),4,Tondiarpet,waterlogging,high,Data Unavailable,Data Unavailable,B.V Colony 19 Street,Greater Chennai Corporation (GCC) 2015 Water Stagnation Locations,GCC-2015-STAG,https://data.opencity.in/dataset/866141ab-3a3f-4dc0-8092-421d97ba29a2/resource/b5f39598-2e2d-40c5-82c3-806a1ad65c91/download/db3840ff-9f33-43a3-b826-2f9dae1bcb78.kml,VERIFIED INCIDENT,OFFICIALLY_VERIFIED,HIGH,True,OFFICIAL_HISTORICAL_RECORD
CHN-INC-1080,GCC-2015-STAG-0080,2015-12-01,Chennai Floods 2015,B.V Colony  20th Street,13.115352,80.258737,45,Ward 45 (Tondiarpet),4,Tondiarpet,waterlogging,high,Data Unavailable,Data Unavailable,B.V Colony  20th Street,Greater Chennai Corporation (GCC) 2015 Water Stagnation Locations,GCC-2015-STAG,https://data.opencity.in/dataset/866141ab-3a3f-4dc0-8092-421d97ba29a2/resource/b5f39598-2e2d-40c5-82c3-806a1ad65c91/download/db3840ff-9f33-43a3-b826-2f9dae1bcb78.kml,VERIFIED INCIDENT,OFFICIALLY_VERIFIED,HIGH,True,OFFICIAL_HISTORICAL_RECORD
CHN-INC-1081,GCC-2015-STAG-0081,2015-12-01,Chennai Floods 2015,Annai Sathya Nagar,13.115608,80.259654,45,Ward 45 (Tondiarpet),4,Tondiarpet,waterlogging,high,Data Unavailable,Data Unavailable,Annai Sathya Nagar,Greater Chennai Corporation (GCC) 2015 Water Stagnation Locations,GCC-2015-STAG,https://data.opencity.in/dataset/866141ab-3a3f-4dc0-8092-421d97ba29a2/resource/b5f39598-2e2d-40c5-82c3-806a1ad65c91/download/db3840ff-9f33-43a3-b826-2f9dae1bcb78.kml,VERIFIED INCIDENT,OFFICIALLY_VERIFIED,HIGH,True,OFFICIAL_HISTORICAL_RECORD
CHN-INC-1082,GCC-2015-STAG-0082,2015-12-01,Chennai Floods 2015,Masuthi Street,13.119459,80.266285,46,Ward 46 (Tondiarpet),4,Tondiarpet,waterlogging,high,Data Unavailable,Data Unavailable,Masuthi Street,Greater Chennai Corporation (GCC) 2015 Water Stagnation Locations,GCC-2015-STAG,https://data.opencity.in/dataset/866141ab-3a3f-4dc0-8092-421d97ba29a2/resource/b5f39598-2e2d-40c5-82c3-806a1ad65c91/download/db3840ff-9f33-43a3-b826-2f9dae1bcb78.kml,VERIFIED INCIDENT,OFFICIALLY_VERIFIED,HIGH,True,OFFICIAL_HISTORICAL_RECORD
CHN-INC-1083,GCC-2015-STAG-0083,2015-12-01,Chennai Floods 2015,Meenambal Nagar,13.116219,80.274653,47,Ward 47 (Tondiarpet),4,Tondiarpet,waterlogging,high,Data Unavailable,Data Unavailable,Meenambal Nagar,Greater Chennai Corporation (GCC) 2015 Water Stagnation Locations,GCC-2015-STAG,https://data.opencity.in/dataset/866141ab-3a3f-4dc0-8092-421d97ba29a2/resource/b5f39598-2e2d-40c5-82c3-806a1ad65c91/download/db3840ff-9f33-43a3-b826-2f9dae1bcb78.kml,VERIFIED INCIDENT,OFFICIALLY_VERIFIED,HIGH,True,OFFICIAL_HISTORICAL_RECORD
CHN-INC-1084,GCC-2015-STAG-0084,2015-12-01,Chennai Floods 2015,KH Road,13.118748,80.276456,47,Ward 47 (Tondiarpet),4,Tondiarpet,waterlogging,high,Data Unavailable,Data Unavailable,KH Road,Greater Chennai Corporation (GCC) 2015 Water Stagnation Locations,GCC-2015-STAG,https://data.opencity.in/dataset/866141ab-3a3f-4dc0-8092-421d97ba29a2/resource/b5f39598-2e2d-40c5-82c3-806a1ad65c91/download/db3840ff-9f33-43a3-b826-2f9dae1bcb78.kml,VERIFIED INCIDENT,OFFICIALLY_VERIFIED,HIGH,True,OFFICIAL_HISTORICAL_RECORD
CHN-INC-1085,GCC-2015-STAG-0085,2015-12-01,Chennai Floods 2015,Moorthingar Street (Erikarai),13.115676,80.261736,45,Ward 45 (Tondiarpet),4,Tondiarpet,waterlogging,high,Data Unavailable,Data Unavailable,Moorthingar Street (Erikarai),Greater Chennai Corporation (GCC) 2015 Water Stagnation Locations,GCC-2015-STAG,https://data.opencity.in/dataset/866141ab-3a3f-4dc0-8092-421d97ba29a2/resource/b5f39598-2e2d-40c5-82c3-806a1ad65c91/download/db3840ff-9f33-43a3-b826-2f9dae1bcb78.kml,VERIFIED INCIDENT,OFFICIALLY_VERIFIED,HIGH,True,OFFICIAL_HISTORICAL_RECORD
CHN-INC-1086,GCC-2015-STAG-0086,2015-12-01,Chennai Floods 2015,East Avenue,13.103711,80.186284,87,Ward 87 (Ambattur),7,Ambattur,waterlogging,high,Data Unavailable,Data Unavailable,East Avenue,Greater Chennai Corporation (GCC) 2015 Water Stagnation Locations,GCC-2015-STAG,https://data.opencity.in/dataset/866141ab-3a3f-4dc0-8092-421d97ba29a2/resource/b5f39598-2e2d-40c5-82c3-806a1ad65c91/download/db3840ff-9f33-43a3-b826-2f9dae1bcb78.kml,VERIFIED INCIDENT,OFFICIALLY_VERIFIED,HIGH,True,OFFICIAL_HISTORICAL_RECORD
CHN-INC-1087,GCC-2015-STAG-0087,2015-12-01,Chennai Floods 2015,TNEB 2nd Street,13.103774,80.185585,87,Ward 87 (Ambattur),7,Ambattur,waterlogging,high,Data Unavailable,Data Unavailable,TNEB 2nd Street,Greater Chennai Corporation (GCC) 2015 Water Stagnation Locations,GCC-2015-STAG,https://data.opencity.in/dataset/866141ab-3a3f-4dc0-8092-421d97ba29a2/resource/b5f39598-2e2d-40c5-82c3-806a1ad65c91/download/db3840ff-9f33-43a3-b826-2f9dae1bcb78.kml,VERIFIED INCIDENT,OFFICIALLY_VERIFIED,HIGH,True,OFFICIAL_HISTORICAL_RECORD
CHN-INC-1088,GCC-2015-STAG-0088,2015-12-01,Chennai Floods 2015,TNEB 11th Street,13.105865,80.185511,87,Ward 87 (Ambattur),7,Ambattur,waterlogging,high,Data Unavailable,Data Unavailable,TNEB 11th Street,Greater Chennai Corporation (GCC) 2015 Water Stagnation Locations,GCC-2015-STAG,https://data.opencity.in/dataset/866141ab-3a3f-4dc0-8092-421d97ba29a2/resource/b5f39598-2e2d-40c5-82c3-806a1ad65c91/download/db3840ff-9f33-43a3-b826-2f9dae1bcb78.kml,VERIFIED INCIDENT,OFFICIALLY_VERIFIED,HIGH,True,OFFICIAL_HISTORICAL_RECORD
CHN-INC-1089,GCC-2015-STAG-0089,2015-12-01,Chennai Floods 2015,TNEB 17th Street,13.106438,80.183268,84,Ward 84 (Ambattur),7,Ambattur,waterlogging,high,Data Unavailable,Data Unavailable,TNEB 17th Street,Greater Chennai Corporation (GCC) 2015 Water Stagnation Locations,GCC-2015-STAG,https://data.opencity.in/dataset/866141ab-3a3f-4dc0-8092-421d97ba29a2/resource/b5f39598-2e2d-40c5-82c3-806a1ad65c91/download/db3840ff-9f33-43a3-b826-2f9dae1bcb78.kml,VERIFIED INCIDENT,OFFICIALLY_VERIFIED,HIGH,True,OFFICIAL_HISTORICAL_RECORD
CHN-INC-1090,GCC-2015-STAG-0090,2015-12-01,Chennai Floods 2015,TNEB 18th Street,13.107704,80.182331,84,Ward 84 (Ambattur),7,Ambattur,waterlogging,high,Data Unavailable,Data Unavailable,TNEB 18th Street,Greater Chennai Corporation (GCC) 2015 Water Stagnation Locations,GCC-2015-STAG,https://data.opencity.in/dataset/866141ab-3a3f-4dc0-8092-421d97ba29a2/resource/b5f39598-2e2d-40c5-82c3-806a1ad65c91/download/db3840ff-9f33-43a3-b826-2f9dae1bcb78.kml,VERIFIED INCIDENT,OFFICIALLY_VERIFIED,HIGH,True,OFFICIAL_HISTORICAL_RECORD
CHN-INC-1091,GCC-2015-STAG-0091,2015-12-01,Chennai Floods 2015,Shanthi Nagar,13.10106,80.185715,87,Ward 87 (Ambattur),7,Ambattur,waterlogging,high,Data Unavailable,Data Unavailable,Shanthi Nagar,Greater Chennai Corporation (GCC) 2015 Water Stagnation Locations,GCC-2015-STAG,https://data.opencity.in/dataset/866141ab-3a3f-4dc0-8092-421d97ba29a2/resource/b5f39598-2e2d-40c5-82c3-806a1ad65c91/download/db3840ff-9f33-43a3-b826-2f9dae1bcb78.kml,VERIFIED INCIDENT,OFFICIALLY_VERIFIED,HIGH,True,OFFICIAL_HISTORICAL_RECORD
CHN-INC-1092,GCC-2015-STAG-0092,2015-12-01,Chennai Floods 2015,Bajanai Koil Street,13.10582,80.170413,84,Ward 84 (Ambattur),7,Ambattur,waterlogging,high,Data Unavailable,Data Unavailable,Bajanai Koil Street,Greater Chennai Corporation (GCC) 2015 Water Stagnation Locations,GCC-2015-STAG,https://data.opencity.in/dataset/866141ab-3a3f-4dc0-8092-421d97ba29a2/resource/b5f39598-2e2d-40c5-82c3-806a1ad65c91/download/db3840ff-9f33-43a3-b826-2f9dae1bcb78.kml,VERIFIED INCIDENT,OFFICIALLY_VERIFIED,HIGH,True,OFFICIAL_HISTORICAL_RECORD
CHN-INC-1093,GCC-2015-STAG-0093,2015-12-01,Chennai Floods 2015,Anna Nagar,13.165205,80.298452,7,Ward 7 (Thiruvottiyur),1,Thiruvottiyur,waterlogging,high,Data Unavailable,Data Unavailable,Anna Nagar,Greater Chennai Corporation (GCC) 2015 Water Stagnation Locations,GCC-2015-STAG,https://data.opencity.in/dataset/866141ab-3a3f-4dc0-8092-421d97ba29a2/resource/b5f39598-2e2d-40c5-82c3-806a1ad65c91/download/db3840ff-9f33-43a3-b826-2f9dae1bcb78.kml,VERIFIED INCIDENT,OFFICIALLY_VERIFIED,HIGH,True,OFFICIAL_HISTORICAL_RECORD
CHN-INC-1094,GCC-2015-STAG-0094,2015-12-01,Chennai Floods 2015,Annamalai Nagar,13.170495,80.298665,6,Ward 6 (Thiruvottiyur),1,Thiruvottiyur,waterlogging,high,Data Unavailable,Data Unavailable,Annamalai Nagar,Greater Chennai Corporation (GCC) 2015 Water Stagnation Locations,GCC-2015-STAG,https://data.opencity.in/dataset/866141ab-3a3f-4dc0-8092-421d97ba29a2/resource/b5f39598-2e2d-40c5-82c3-806a1ad65c91/download/db3840ff-9f33-43a3-b826-2f9dae1bcb78.kml,VERIFIED INCIDENT,OFFICIALLY_VERIFIED,HIGH,True,OFFICIAL_HISTORICAL_RECORD
CHN-INC-1095,GCC-2015-STAG-0095,2015-12-01,Chennai Floods 2015,Charles Nagar,13.171062,80.295193,6,Ward 6 (Thiruvottiyur),1,Thiruvottiyur,waterlogging,high,Data Unavailable,Data Unavailable,Charles Nagar,Greater Chennai Corporation (GCC) 2015 Water Stagnation Locations,GCC-2015-STAG,https://data.opencity.in/dataset/866141ab-3a3f-4dc0-8092-421d97ba29a2/resource/b5f39598-2e2d-40c5-82c3-806a1ad65c91/download/db3840ff-9f33-43a3-b826-2f9dae1bcb78.kml,VERIFIED INCIDENT,OFFICIALLY_VERIFIED,HIGH,True,OFFICIAL_HISTORICAL_RECORD
CHN-INC-1096,GCC-2015-STAG-0096,2015-12-01,Chennai Floods 2015,Rajaji Nagar,13.17199,80.291363,7,Ward 7 (Thiruvottiyur),1,Thiruvottiyur,waterlogging,high,Data Unavailable,Data Unavailable,Rajaji Nagar,Greater Chennai Corporation (GCC) 2015 Water Stagnation Locations,GCC-2015-STAG,https://data.opencity.in/dataset/866141ab-3a3f-4dc0-8092-421d97ba29a2/resource/b5f39598-2e2d-40c5-82c3-806a1ad65c91/download/db3840ff-9f33-43a3-b826-2f9dae1bcb78.kml,VERIFIED INCIDENT,OFFICIALLY_VERIFIED,HIGH,True,OFFICIAL_HISTORICAL_RECORD
CHN-INC-1097,GCC-2015-STAG-0097,2015-12-01,Chennai Floods 2015,DR.Ambedkar Nagar,13.173871,80.301936,6,Ward 6 (Thiruvottiyur),1,Thiruvottiyur,waterlogging,high,Data Unavailable,Data Unavailable,DR.Ambedkar Nagar,Greater Chennai Corporation (GCC) 2015 Water Stagnation Locations,GCC-2015-STAG,https://data.opencity.in/dataset/866141ab-3a3f-4dc0-8092-421d97ba29a2/resource/b5f39598-2e2d-40c5-82c3-806a1ad65c91/download/db3840ff-9f33-43a3-b826-2f9dae1bcb78.kml,VERIFIED INCIDENT,OFFICIALLY_VERIFIED,HIGH,True,OFFICIAL_HISTORICAL_RECORD
CHN-INC-1098,GCC-2015-STAG-0098,2015-12-01,Chennai Floods 2015,Vetri Vinayagar Nagar,13.163506,80.290768,7,Ward 7 (Thiruvottiyur),1,Thiruvottiyur,waterlogging,high,Data Unavailable,Data Unavailable,Vetri Vinayagar Nagar,Greater Chennai Corporation (GCC) 2015 Water Stagnation Locations,GCC-2015-STAG,https://data.opencity.in/dataset/866141ab-3a3f-4dc0-8092-421d97ba29a2/resource/b5f39598-2e2d-40c5-82c3-806a1ad65c91/download/db3840ff-9f33-43a3-b826-2f9dae1bcb78.kml,VERIFIED INCIDENT,OFFICIALLY_VERIFIED,HIGH,True,OFFICIAL_HISTORICAL_RECORD
CHN-INC-1099,GCC-2015-STAG-0099,2015-12-01,Chennai Floods 2015,Sivasakthi Nagar,13.169985,80.300026,6,Ward 6 (Thiruvottiyur),1,Thiruvottiyur,waterlogging,high,Data Unavailable,Data Unavailable,Sivasakthi Nagar,Greater Chennai Corporation (GCC) 2015 Water Stagnation Locations,GCC-2015-STAG,https://data.opencity.in/dataset/866141ab-3a3f-4dc0-8092-421d97ba29a2/resource/b5f39598-2e2d-40c5-82c3-806a1ad65c91/download/db3840ff-9f33-43a3-b826-2f9dae1bcb78.kml,VERIFIED INCIDENT,OFFICIALLY_VERIFIED,HIGH,True,OFFICIAL_HISTORICAL_RECORD
CHN-INC-1100,GCC-2015-STAG-0100,2015-12-01,Chennai Floods 2015,Nandiodai Kuppam,13.160194,80.298724,10,Ward 10 (Thiruvottiyur),1,Thiruvottiyur,waterlogging,high,Data Unavailable,Data Unavailable,Nandiodai Kuppam,Greater Chennai Corporation (GCC) 2015 Water Stagnation Locations,GCC-2015-STAG,https://data.opencity.in/dataset/866141ab-3a3f-4dc0-8092-421d97ba29a2/resource/b5f39598-2e2d-40c5-82c3-806a1ad65c91/download/db3840ff-9f33-43a3-b826-2f9dae1bcb78.kml,VERIFIED INCIDENT,OFFICIALLY_VERIFIED,HIGH,True,OFFICIAL_HISTORICAL_RECORD
CHN-INC-1101,GCC-2015-STAG-0101,2015-12-01,Chennai Floods 2015,Sathyavanimuthu Nagar,13.224343,80.324509,1,Ward 1 (Thiruvottiyur),1,Thiruvottiyur,waterlogging,high,Data Unavailable,Data Unavailable,Sathyavanimuthu Nagar,Greater Chennai Corporation (GCC) 2015 Water Stagnation Locations,GCC-2015-STAG,https://data.opencity.in/dataset/866141ab-3a3f-4dc0-8092-421d97ba29a2/resource/b5f39598-2e2d-40c5-82c3-806a1ad65c91/download/db3840ff-9f33-43a3-b826-2f9dae1bcb78.kml,VERIFIED INCIDENT,OFFICIALLY_VERIFIED,HIGH,True,OFFICIAL_HISTORICAL_RECORD
CHN-INC-1102,GCC-2015-STAG-0102,2015-12-01,Chennai Floods 2015,Ulaganathapuram,13.22542,80.324751,1,Ward 1 (Thiruvottiyur),1,Thiruvottiyur,waterlogging,high,Data Unavailable,Data Unavailable,Ulaganathapuram,Greater Chennai Corporation (GCC) 2015 Water Stagnation Locations,GCC-2015-STAG,https://data.opencity.in/dataset/866141ab-3a3f-4dc0-8092-421d97ba29a2/resource/b5f39598-2e2d-40c5-82c3-806a1ad65c91/download/db3840ff-9f33-43a3-b826-2f9dae1bcb78.kml,VERIFIED INCIDENT,OFFICIALLY_VERIFIED,HIGH,True,OFFICIAL_HISTORICAL_RECORD
CHN-INC-1103,GCC-2015-STAG-0103,2015-12-01,Chennai Floods 2015,Periyakuppam,13.211646,80.32347,2,Ward 2 (Thiruvottiyur),1,Thiruvottiyur,waterlogging,high,Data Unavailable,Data Unavailable,Periyakuppam,Greater Chennai Corporation (GCC) 2015 Water Stagnation Locations,GCC-2015-STAG,https://data.opencity.in/dataset/866141ab-3a3f-4dc0-8092-421d97ba29a2/resource/b5f39598-2e2d-40c5-82c3-806a1ad65c91/download/db3840ff-9f33-43a3-b826-2f9dae1bcb78.kml,VERIFIED INCIDENT,OFFICIALLY_VERIFIED,HIGH,True,OFFICIAL_HISTORICAL_RECORD
CHN-INC-1104,GCC-2015-STAG-0104,2015-12-01,Chennai Floods 2015,KVK Kuppam,13.189592,80.312552,3,Ward 3 (Thiruvottiyur),1,Thiruvottiyur,waterlogging,high,Data Unavailable,Data Unavailable,KVK Kuppam,Greater Chennai Corporation (GCC) 2015 Water Stagnation Locations,GCC-2015-STAG,https://data.opencity.in/dataset/866141ab-3a3f-4dc0-8092-421d97ba29a2/resource/b5f39598-2e2d-40c5-82c3-806a1ad65c91/download/db3840ff-9f33-43a3-b826-2f9dae1bcb78.kml,VERIFIED INCIDENT,OFFICIALLY_VERIFIED,HIGH,True,OFFICIAL_HISTORICAL_RECORD
CHN-INC-1105,GCC-2015-STAG-0105,2015-12-01,Chennai Floods 2015,Annai Sivagami Nagar,13.197836,80.317739,3,Ward 3 (Thiruvottiyur),1,Thiruvottiyur,waterlogging,high,Data Unavailable,Data Unavailable,Annai Sivagami Nagar,Greater Chennai Corporation (GCC) 2015 Water Stagnation Locations,GCC-2015-STAG,https://data.opencity.in/dataset/866141ab-3a3f-4dc0-8092-421d97ba29a2/resource/b5f39598-2e2d-40c5-82c3-806a1ad65c91/download/db3840ff-9f33-43a3-b826-2f9dae1bcb78.kml,VERIFIED INCIDENT,OFFICIALLY_VERIFIED,HIGH,True,OFFICIAL_HISTORICAL_RECORD
CHN-INC-1106,GCC-2015-STAG-0106,2015-12-01,Chennai Floods 2015,Mettu Street,13.191289,80.307265,4,Ward 4 (Thiruvottiyur),1,Thiruvottiyur,waterlogging,high,Data Unavailable,Data Unavailable,Mettu Street,Greater Chennai Corporation (GCC) 2015 Water Stagnation Locations,GCC-2015-STAG,https://data.opencity.in/dataset/866141ab-3a3f-4dc0-8092-421d97ba29a2/resource/b5f39598-2e2d-40c5-82c3-806a1ad65c91/download/db3840ff-9f33-43a3-b826-2f9dae1bcb78.kml,VERIFIED INCIDENT,OFFICIALLY_VERIFIED,HIGH,True,OFFICIAL_HISTORICAL_RECORD
CHN-INC-1107,GCC-2015-STAG-0107,2015-12-01,Chennai Floods 2015,Brindavan Nagar Extension,13.18806,80.305639,4,Ward 4 (Thiruvottiyur),1,Thiruvottiyur,waterlogging,high,Data Unavailable,Data Unavailable,Brindavan Nagar Extension,Greater Chennai Corporation (GCC) 2015 Water Stagnation Locations,GCC-2015-STAG,https://data.opencity.in/dataset/866141ab-3a3f-4dc0-8092-421d97ba29a2/resource/b5f39598-2e2d-40c5-82c3-806a1ad65c91/download/db3840ff-9f33-43a3-b826-2f9dae1bcb78.kml,VERIFIED INCIDENT,OFFICIALLY_VERIFIED,HIGH,True,OFFICIAL_HISTORICAL_RECORD
CHN-INC-1108,GCC-2015-STAG-0108,2015-12-01,Chennai Floods 2015,TKP Nagar,13.179024,80.295672,6,Ward 6 (Thiruvottiyur),1,Thiruvottiyur,waterlogging,high,Data Unavailable,Data Unavailable,TKP Nagar,Greater Chennai Corporation (GCC) 2015 Water Stagnation Locations,GCC-2015-STAG,https://data.opencity.in/dataset/866141ab-3a3f-4dc0-8092-421d97ba29a2/resource/b5f39598-2e2d-40c5-82c3-806a1ad65c91/download/db3840ff-9f33-43a3-b826-2f9dae1bcb78.kml,VERIFIED INCIDENT,OFFICIALLY_VERIFIED,HIGH,True,OFFICIAL_HISTORICAL_RECORD
CHN-INC-1109,GCC-2015-STAG-0109,2015-12-01,Chennai Floods 2015,VP Nagar,13.17956,80.29629,4,Ward 4 (Thiruvottiyur),1,Thiruvottiyur,waterlogging,high,Data Unavailable,Data Unavailable,VP Nagar,Greater Chennai Corporation (GCC) 2015 Water Stagnation Locations,GCC-2015-STAG,https://data.opencity.in/dataset/866141ab-3a3f-4dc0-8092-421d97ba29a2/resource/b5f39598-2e2d-40c5-82c3-806a1ad65c91/download/db3840ff-9f33-43a3-b826-2f9dae1bcb78.kml,VERIFIED INCIDENT,OFFICIALLY_VERIFIED,HIGH,True,OFFICIAL_HISTORICAL_RECORD
CHN-INC-1110,GCC-2015-STAG-0110,2015-12-01,Chennai Floods 2015,Jothi Nagar 2nd Str,13.179782,80.29937,4,Ward 4 (Thiruvottiyur),1,Thiruvottiyur,waterlogging,high,Data Unavailable,Data Unavailable,Jothi Nagar 2nd Str,Greater Chennai Corporation (GCC) 2015 Water Stagnation Locations,GCC-2015-STAG,https://data.opencity.in/dataset/866141ab-3a3f-4dc0-8092-421d97ba29a2/resource/b5f39598-2e2d-40c5-82c3-806a1ad65c91/download/db3840ff-9f33-43a3-b826-2f9dae1bcb78.kml,VERIFIED INCIDENT,OFFICIALLY_VERIFIED,HIGH,True,OFFICIAL_HISTORICAL_RECORD
CHN-INC-1111,GCC-2015-STAG-0111,2015-12-01,Chennai Floods 2015,Sadyankuppam Pattai,13.180765,80.297522,4,Ward 4 (Thiruvottiyur),1,Thiruvottiyur,waterlogging,high,Data Unavailable,Data Unavailable,Sadyankuppam Pattai,Greater Chennai Corporation (GCC) 2015 Water Stagnation Locations,GCC-2015-STAG,https://data.opencity.in/dataset/866141ab-3a3f-4dc0-8092-421d97ba29a2/resource/b5f39598-2e2d-40c5-82c3-806a1ad65c91/download/db3840ff-9f33-43a3-b826-2f9dae1bcb78.kml,VERIFIED INCIDENT,OFFICIALLY_VERIFIED,HIGH,True,OFFICIAL_HISTORICAL_RECORD
CHN-INC-1112,GCC-2015-STAG-0112,2015-12-01,Chennai Floods 2015,Palahai Thotti Kuppam,13.175622,80.312169,5,Ward 5 (Thiruvottiyur),1,Thiruvottiyur,waterlogging,high,Data Unavailable,Data Unavailable,Palahai Thotti Kuppam,Greater Chennai Corporation (GCC) 2015 Water Stagnation Locations,GCC-2015-STAG,https://data.opencity.in/dataset/866141ab-3a3f-4dc0-8092-421d97ba29a2/resource/b5f39598-2e2d-40c5-82c3-806a1ad65c91/download/db3840ff-9f33-43a3-b826-2f9dae1bcb78.kml,VERIFIED INCIDENT,OFFICIALLY_VERIFIED,HIGH,True,OFFICIAL_HISTORICAL_RECORD
CHN-INC-1113,GCC-2015-STAG-0113,2015-12-01,Chennai Floods 2015,Sakthipuram,13.17876,80.311202,5,Ward 5 (Thiruvottiyur),1,Thiruvottiyur,waterlogging,high,Data Unavailable,Data Unavailable,Sakthipuram,Greater Chennai Corporation (GCC) 2015 Water Stagnation Locations,GCC-2015-STAG,https://data.opencity.in/dataset/866141ab-3a3f-4dc0-8092-421d97ba29a2/resource/b5f39598-2e2d-40c5-82c3-806a1ad65c91/download/db3840ff-9f33-43a3-b826-2f9dae1bcb78.kml,VERIFIED INCIDENT,OFFICIALLY_VERIFIED,HIGH,True,OFFICIAL_HISTORICAL_RECORD
CHN-INC-1114,GCC-2015-STAG-0114,2015-12-01,Chennai Floods 2015,Chinaernavur,13.180185,80.30686,5,Ward 5 (Thiruvottiyur),1,Thiruvottiyur,waterlogging,high,Data Unavailable,Data Unavailable,Chinaernavur,Greater Chennai Corporation (GCC) 2015 Water Stagnation Locations,GCC-2015-STAG,https://data.opencity.in/dataset/866141ab-3a3f-4dc0-8092-421d97ba29a2/resource/b5f39598-2e2d-40c5-82c3-806a1ad65c91/download/db3840ff-9f33-43a3-b826-2f9dae1bcb78.kml,VERIFIED INCIDENT,OFFICIALLY_VERIFIED,HIGH,True,OFFICIAL_HISTORICAL_RECORD
CHN-INC-1115,GCC-2015-STAG-0115,2015-12-01,Chennai Floods 2015,Wimco Nagar Ajax,13.172978,80.305585,5,Ward 5 (Thiruvottiyur),1,Thiruvottiyur,waterlogging,high,Data Unavailable,Data Unavailable,Wimco Nagar Ajax,Greater Chennai Corporation (GCC) 2015 Water Stagnation Locations,GCC-2015-STAG,https://data.opencity.in/dataset/866141ab-3a3f-4dc0-8092-421d97ba29a2/resource/b5f39598-2e2d-40c5-82c3-806a1ad65c91/download/db3840ff-9f33-43a3-b826-2f9dae1bcb78.kml,VERIFIED INCIDENT,OFFICIALLY_VERIFIED,HIGH,True,OFFICIAL_HISTORICAL_RECORD
CHN-INC-1116,GCC-2015-STAG-0116,2015-12-01,Chennai Floods 2015,Kalaignar Nagar,13.181177,80.30719,5,Ward 5 (Thiruvottiyur),1,Thiruvottiyur,waterlogging,high,Data Unavailable,Data Unavailable,Kalaignar Nagar,Greater Chennai Corporation (GCC) 2015 Water Stagnation Locations,GCC-2015-STAG,https://data.opencity.in/dataset/866141ab-3a3f-4dc0-8092-421d97ba29a2/resource/b5f39598-2e2d-40c5-82c3-806a1ad65c91/download/db3840ff-9f33-43a3-b826-2f9dae1bcb78.kml,VERIFIED INCIDENT,OFFICIALLY_VERIFIED,HIGH,True,OFFICIAL_HISTORICAL_RECORD
CHN-INC-1117,GCC-2015-STAG-0117,2015-12-01,Chennai Floods 2015,Raja Shanmugam Nagar,13.172369,80.300195,6,Ward 6 (Thiruvottiyur),1,Thiruvottiyur,waterlogging,high,Data Unavailable,Data Unavailable,Raja Shanmugam Nagar,Greater Chennai Corporation (GCC) 2015 Water Stagnation Locations,GCC-2015-STAG,https://data.opencity.in/dataset/866141ab-3a3f-4dc0-8092-421d97ba29a2/resource/b5f39598-2e2d-40c5-82c3-806a1ad65c91/download/db3840ff-9f33-43a3-b826-2f9dae1bcb78.kml,VERIFIED INCIDENT,OFFICIALLY_VERIFIED,HIGH,True,OFFICIAL_HISTORICAL_RECORD
CHN-INC-1118,GCC-2015-STAG-0118,2015-12-01,Chennai Floods 2015,Sathyamurthy Nagar,13.176602,80.293318,6,Ward 6 (Thiruvottiyur),1,Thiruvottiyur,waterlogging,high,Data Unavailable,Data Unavailable,Sathyamurthy Nagar,Greater Chennai Corporation (GCC) 2015 Water Stagnation Locations,GCC-2015-STAG,https://data.opencity.in/dataset/866141ab-3a3f-4dc0-8092-421d97ba29a2/resource/b5f39598-2e2d-40c5-82c3-806a1ad65c91/download/db3840ff-9f33-43a3-b826-2f9dae1bcb78.kml,VERIFIED INCIDENT,OFFICIALLY_VERIFIED,HIGH,True,OFFICIAL_HISTORICAL_RECORD
CHN-INC-1119,GCC-2015-STAG-0119,2015-12-01,Chennai Floods 2015,Karkil Nagar,13.171757,80.292813,7,Ward 7 (Thiruvottiyur),1,Thiruvottiyur,waterlogging,high,Data Unavailable,Data Unavailable,Karkil Nagar,Greater Chennai Corporation (GCC) 2015 Water Stagnation Locations,GCC-2015-STAG,https://data.opencity.in/dataset/866141ab-3a3f-4dc0-8092-421d97ba29a2/resource/b5f39598-2e2d-40c5-82c3-806a1ad65c91/download/db3840ff-9f33-43a3-b826-2f9dae1bcb78.kml,VERIFIED INCIDENT,OFFICIALLY_VERIFIED,HIGH,True,OFFICIAL_HISTORICAL_RECORD
CHN-INC-1120,GCC-2015-STAG-0120,2015-12-01,Chennai Floods 2015,Srinivasa Perumal Koil First Cross Street,13.166316,80.30171,8,Ward 8 (Thiruvottiyur),1,Thiruvottiyur,waterlogging,high,Data Unavailable,Data Unavailable,Srinivasa Perumal Koil First Cross Street,Greater Chennai Corporation (GCC) 2015 Water Stagnation Locations,GCC-2015-STAG,https://data.opencity.in/dataset/866141ab-3a3f-4dc0-8092-421d97ba29a2/resource/b5f39598-2e2d-40c5-82c3-806a1ad65c91/download/db3840ff-9f33-43a3-b826-2f9dae1bcb78.kml,VERIFIED INCIDENT,OFFICIALLY_VERIFIED,HIGH,True,OFFICIAL_HISTORICAL_RECORD
CHN-INC-1121,GCC-2015-STAG-0121,2015-12-01,Chennai Floods 2015,Thiruvottiyur Kuppam,13.161937,80.307045,9,Ward 9 (Thiruvottiyur),1,Thiruvottiyur,waterlogging,high,Data Unavailable,Data Unavailable,Thiruvottiyur Kuppam,Greater Chennai Corporation (GCC) 2015 Water Stagnation Locations,GCC-2015-STAG,https://data.opencity.in/dataset/866141ab-3a3f-4dc0-8092-421d97ba29a2/resource/b5f39598-2e2d-40c5-82c3-806a1ad65c91/download/db3840ff-9f33-43a3-b826-2f9dae1bcb78.kml,VERIFIED INCIDENT,OFFICIALLY_VERIFIED,HIGH,True,OFFICIAL_HISTORICAL_RECORD
CHN-INC-1122,GCC-2015-STAG-0122,2015-12-01,Chennai Floods 2015,KiliJosiam Nagar,13.161616,80.307007,9,Ward 9 (Thiruvottiyur),1,Thiruvottiyur,waterlogging,high,Data Unavailable,Data Unavailable,KiliJosiam Nagar,Greater Chennai Corporation (GCC) 2015 Water Stagnation Locations,GCC-2015-STAG,https://data.opencity.in/dataset/866141ab-3a3f-4dc0-8092-421d97ba29a2/resource/b5f39598-2e2d-40c5-82c3-806a1ad65c91/download/db3840ff-9f33-43a3-b826-2f9dae1bcb78.kml,VERIFIED INCIDENT,OFFICIALLY_VERIFIED,HIGH,True,OFFICIAL_HISTORICAL_RECORD
CHN-INC-1123,GCC-2015-STAG-0123,2015-12-01,Chennai Floods 2015,Thilagar Nagar,13.151079,80.2945,12,Ward 12 (Thiruvottiyur),1,Thiruvottiyur,waterlogging,high,Data Unavailable,Data Unavailable,Thilagar Nagar,Greater Chennai Corporation (GCC) 2015 Water Stagnation Locations,GCC-2015-STAG,https://data.opencity.in/dataset/866141ab-3a3f-4dc0-8092-421d97ba29a2/resource/b5f39598-2e2d-40c5-82c3-806a1ad65c91/download/db3840ff-9f33-43a3-b826-2f9dae1bcb78.kml,VERIFIED INCIDENT,OFFICIALLY_VERIFIED,HIGH,True,OFFICIAL_HISTORICAL_RECORD
CHN-INC-1124,GCC-2015-STAG-0124,2015-12-01,Chennai Floods 2015,Balakrishna Colony,13.153956,80.295203,12,Ward 12 (Thiruvottiyur),1,Thiruvottiyur,waterlogging,high,Data Unavailable,Data Unavailable,Balakrishna Colony,Greater Chennai Corporation (GCC) 2015 Water Stagnation Locations,GCC-2015-STAG,https://data.opencity.in/dataset/866141ab-3a3f-4dc0-8092-421d97ba29a2/resource/b5f39598-2e2d-40c5-82c3-806a1ad65c91/download/db3840ff-9f33-43a3-b826-2f9dae1bcb78.kml,VERIFIED INCIDENT,OFFICIALLY_VERIFIED,HIGH,True,OFFICIAL_HISTORICAL_RECORD
CHN-INC-1125,GCC-2015-STAG-0125,2015-12-01,Chennai Floods 2015,Othai vadai Street,13.144404,80.291179,13,Ward 13 (Thiruvottiyur),1,Thiruvottiyur,waterlogging,high,Data Unavailable,Data Unavailable,Othai vadai Street,Greater Chennai Corporation (GCC) 2015 Water Stagnation Locations,GCC-2015-STAG,https://data.opencity.in/dataset/866141ab-3a3f-4dc0-8092-421d97ba29a2/resource/b5f39598-2e2d-40c5-82c3-806a1ad65c91/download/db3840ff-9f33-43a3-b826-2f9dae1bcb78.kml,VERIFIED INCIDENT,OFFICIALLY_VERIFIED,HIGH,True,OFFICIAL_HISTORICAL_RECORD
CHN-INC-1126,GCC-2015-STAG-0126,2015-12-01,Chennai Floods 2015,Gandhi Nagar,13.145869,80.291385,13,Ward 13 (Thiruvottiyur),1,Thiruvottiyur,waterlogging,high,Data Unavailable,Data Unavailable,Gandhi Nagar,Greater Chennai Corporation (GCC) 2015 Water Stagnation Locations,GCC-2015-STAG,https://data.opencity.in/dataset/866141ab-3a3f-4dc0-8092-421d97ba29a2/resource/b5f39598-2e2d-40c5-82c3-806a1ad65c91/download/db3840ff-9f33-43a3-b826-2f9dae1bcb78.kml,VERIFIED INCIDENT,OFFICIALLY_VERIFIED,HIGH,True,OFFICIAL_HISTORICAL_RECORD
CHN-INC-1127,GCC-2015-STAG-0127,2015-12-01,Chennai Floods 2015,West Mada Str,13.161085,80.2984,10,Ward 10 (Thiruvottiyur),1,Thiruvottiyur,waterlogging,high,Data Unavailable,Data Unavailable,West Mada Str,Greater Chennai Corporation (GCC) 2015 Water Stagnation Locations,GCC-2015-STAG,https://data.opencity.in/dataset/866141ab-3a3f-4dc0-8092-421d97ba29a2/resource/b5f39598-2e2d-40c5-82c3-806a1ad65c91/download/db3840ff-9f33-43a3-b826-2f9dae1bcb78.kml,VERIFIED INCIDENT,OFFICIALLY_VERIFIED,HIGH,True,OFFICIAL_HISTORICAL_RECORD
CHN-INC-1128,GCC-2015-STAG-0128,2015-12-01,Chennai Floods 2015,Sadayan Kuppam,13.186982,80.277436,16,Ward 16 (Manali),2,Manali,waterlogging,high,Data Unavailable,Data Unavailable,Sadayan Kuppam,Greater Chennai Corporation (GCC) 2015 Water Stagnation Locations,GCC-2015-STAG,https://data.opencity.in/dataset/866141ab-3a3f-4dc0-8092-421d97ba29a2/resource/b5f39598-2e2d-40c5-82c3-806a1ad65c91/download/db3840ff-9f33-43a3-b826-2f9dae1bcb78.kml,VERIFIED INCIDENT,OFFICIALLY_VERIFIED,HIGH,True,OFFICIAL_HISTORICAL_RECORD
CHN-INC-1129,GCC-2015-STAG-0129,2015-12-01,Chennai Floods 2015,Old Napalyam Salai,13.225626,80.277939,15,Ward 15 (Manali),2,Manali,waterlogging,high,Data Unavailable,Data Unavailable,Old Napalyam Salai,Greater Chennai Corporation (GCC) 2015 Water Stagnation Locations,GCC-2015-STAG,https://data.opencity.in/dataset/866141ab-3a3f-4dc0-8092-421d97ba29a2/resource/b5f39598-2e2d-40c5-82c3-806a1ad65c91/download/db3840ff-9f33-43a3-b826-2f9dae1bcb78.kml,VERIFIED INCIDENT,OFFICIALLY_VERIFIED,HIGH,True,OFFICIAL_HISTORICAL_RECORD
CHN-INC-1130,GCC-2015-STAG-0130,2015-12-01,Chennai Floods 2015,Lakshmi Nagar,13.224493,80.274896,15,Ward 15 (Manali),2,Manali,waterlogging,high,Data Unavailable,Data Unavailable,Lakshmi Nagar,Greater Chennai Corporation (GCC) 2015 Water Stagnation Locations,GCC-2015-STAG,https://data.opencity.in/dataset/866141ab-3a3f-4dc0-8092-421d97ba29a2/resource/b5f39598-2e2d-40c5-82c3-806a1ad65c91/download/db3840ff-9f33-43a3-b826-2f9dae1bcb78.kml,VERIFIED INCIDENT,OFFICIALLY_VERIFIED,HIGH,True,OFFICIAL_HISTORICAL_RECORD
CHN-INC-1131,GCC-2015-STAG-0131,2015-12-01,Chennai Floods 2015,Manali New Town 58 th Block,13.206018,80.274606,15,Ward 15 (Manali),2,Manali,waterlogging,high,Data Unavailable,Data Unavailable,Manali New Town 58 th Block,Greater Chennai Corporation (GCC) 2015 Water Stagnation Locations,GCC-2015-STAG,https://data.opencity.in/dataset/866141ab-3a3f-4dc0-8092-421d97ba29a2/resource/b5f39598-2e2d-40c5-82c3-806a1ad65c91/download/db3840ff-9f33-43a3-b826-2f9dae1bcb78.kml,VERIFIED INCIDENT,OFFICIALLY_VERIFIED,HIGH,True,OFFICIAL_HISTORICAL_RECORD
CHN-INC-1132,GCC-2015-STAG-0132,2015-12-01,Chennai Floods 2015,Kanniamman Pettai,13.194465,80.255135,16,Ward 16 (Manali),2,Manali,waterlogging,high,Data Unavailable,Data Unavailable,Kanniamman Pettai,Greater Chennai Corporation (GCC) 2015 Water Stagnation Locations,GCC-2015-STAG,https://data.opencity.in/dataset/866141ab-3a3f-4dc0-8092-421d97ba29a2/resource/b5f39598-2e2d-40c5-82c3-806a1ad65c91/download/db3840ff-9f33-43a3-b826-2f9dae1bcb78.kml,VERIFIED INCIDENT,OFFICIALLY_VERIFIED,HIGH,True,OFFICIAL_HISTORICAL_RECORD
CHN-INC-1133,GCC-2015-STAG-0133,2015-12-01,Chennai Floods 2015,Chetty Medu,13.183276,80.228932,17,Ward 17 (Manali),2,Manali,waterlogging,high,Data Unavailable,Data Unavailable,Chetty Medu,Greater Chennai Corporation (GCC) 2015 Water Stagnation Locations,GCC-2015-STAG,https://data.opencity.in/dataset/866141ab-3a3f-4dc0-8092-421d97ba29a2/resource/b5f39598-2e2d-40c5-82c3-806a1ad65c91/download/db3840ff-9f33-43a3-b826-2f9dae1bcb78.kml,VERIFIED INCIDENT,OFFICIALLY_VERIFIED,HIGH,True,OFFICIAL_HISTORICAL_RECORD
CHN-INC-1134,GCC-2015-STAG-0134,2015-12-01,Chennai Floods 2015,Thiyagi Viswanatha Dass Nagar,13.184206,80.234987,17,Ward 17 (Manali),2,Manali,waterlogging,high,Data Unavailable,Data Unavailable,Thiyagi Viswanatha Dass Nagar,Greater Chennai Corporation (GCC) 2015 Water Stagnation Locations,GCC-2015-STAG,https://data.opencity.in/dataset/866141ab-3a3f-4dc0-8092-421d97ba29a2/resource/b5f39598-2e2d-40c5-82c3-806a1ad65c91/download/db3840ff-9f33-43a3-b826-2f9dae1bcb78.kml,VERIFIED INCIDENT,OFFICIALLY_VERIFIED,HIGH,True,OFFICIAL_HISTORICAL_RECORD
CHN-INC-1135,GCC-2015-STAG-0135,2015-12-01,Chennai Floods 2015,Thirupathi Devasthanam Nagar,13.174733,80.211169,17,Ward 17 (Manali),2,Manali,waterlogging,high,Data Unavailable,Data Unavailable,Thirupathi Devasthanam Nagar,Greater Chennai Corporation (GCC) 2015 Water Stagnation Locations,GCC-2015-STAG,https://data.opencity.in/dataset/866141ab-3a3f-4dc0-8092-421d97ba29a2/resource/b5f39598-2e2d-40c5-82c3-806a1ad65c91/download/db3840ff-9f33-43a3-b826-2f9dae1bcb78.kml,VERIFIED INCIDENT,OFFICIALLY_VERIFIED,HIGH,True,OFFICIAL_HISTORICAL_RECORD
CHN-INC-1136,GCC-2015-STAG-0136,2015-12-01,Chennai Floods 2015,Periyar Nagar,13.192631,80.23778,17,Ward 17 (Manali),2,Manali,waterlogging,high,Data Unavailable,Data Unavailable,Periyar Nagar,Greater Chennai Corporation (GCC) 2015 Water Stagnation Locations,GCC-2015-STAG,https://data.opencity.in/dataset/866141ab-3a3f-4dc0-8092-421d97ba29a2/resource/b5f39598-2e2d-40c5-82c3-806a1ad65c91/download/db3840ff-9f33-43a3-b826-2f9dae1bcb78.kml,VERIFIED INCIDENT,OFFICIALLY_VERIFIED,HIGH,True,OFFICIAL_HISTORICAL_RECORD
CHN-INC-1137,GCC-2015-STAG-0137,2015-12-01,Chennai Floods 2015,Neduncheliyan Street Extension,13.174364,80.257114,21,Ward 21 (Manali),2,Manali,waterlogging,high,Data Unavailable,Data Unavailable,Neduncheliyan Street Extension,Greater Chennai Corporation (GCC) 2015 Water Stagnation Locations,GCC-2015-STAG,https://data.opencity.in/dataset/866141ab-3a3f-4dc0-8092-421d97ba29a2/resource/b5f39598-2e2d-40c5-82c3-806a1ad65c91/download/db3840ff-9f33-43a3-b826-2f9dae1bcb78.kml,VERIFIED INCIDENT,OFFICIALLY_VERIFIED,HIGH,True,OFFICIAL_HISTORICAL_RECORD
CHN-INC-1138,GCC-2015-STAG-0138,2015-12-01,Chennai Floods 2015,Dr.Zhakirhussian Street,13.166252,80.263606,18,Ward 18 (Manali),2,Manali,waterlogging,high,Data Unavailable,Data Unavailable,Dr.Zhakirhussian Street,Greater Chennai Corporation (GCC) 2015 Water Stagnation Locations,GCC-2015-STAG,https://data.opencity.in/dataset/866141ab-3a3f-4dc0-8092-421d97ba29a2/resource/b5f39598-2e2d-40c5-82c3-806a1ad65c91/download/db3840ff-9f33-43a3-b826-2f9dae1bcb78.kml,VERIFIED INCIDENT,OFFICIALLY_VERIFIED,HIGH,True,OFFICIAL_HISTORICAL_RECORD
CHN-INC-1139,GCC-2015-STAG-0139,2015-12-01,Chennai Floods 2015,Ekambaram Street,13.172787,80.261174,18,Ward 18 (Manali),2,Manali,waterlogging,high,Data Unavailable,Data Unavailable,Ekambaram Street,Greater Chennai Corporation (GCC) 2015 Water Stagnation Locations,GCC-2015-STAG,https://data.opencity.in/dataset/866141ab-3a3f-4dc0-8092-421d97ba29a2/resource/b5f39598-2e2d-40c5-82c3-806a1ad65c91/download/db3840ff-9f33-43a3-b826-2f9dae1bcb78.kml,VERIFIED INCIDENT,OFFICIALLY_VERIFIED,HIGH,True,OFFICIAL_HISTORICAL_RECORD
CHN-INC-1140,GCC-2015-STAG-0140,2015-12-01,Chennai Floods 2015,Harikrishnapuram,13.172145,80.261973,18,Ward 18 (Manali),2,Manali,waterlogging,high,Data Unavailable,Data Unavailable,Harikrishnapuram,Greater Chennai Corporation (GCC) 2015 Water Stagnation Locations,GCC-2015-STAG,https://data.opencity.in/dataset/866141ab-3a3f-4dc0-8092-421d97ba29a2/resource/b5f39598-2e2d-40c5-82c3-806a1ad65c91/download/db3840ff-9f33-43a3-b826-2f9dae1bcb78.kml,VERIFIED INCIDENT,OFFICIALLY_VERIFIED,HIGH,True,OFFICIAL_HISTORICAL_RECORD
CHN-INC-1141,GCC-2015-STAG-0141,2015-12-01,Chennai Floods 2015,Bharathiyar Street,13.17065,80.259481,18,Ward 18 (Manali),2,Manali,waterlogging,high,Data Unavailable,Data Unavailable,Bharathiyar Street,Greater Chennai Corporation (GCC) 2015 Water Stagnation Locations,GCC-2015-STAG,https://data.opencity.in/dataset/866141ab-3a3f-4dc0-8092-421d97ba29a2/resource/b5f39598-2e2d-40c5-82c3-806a1ad65c91/download/db3840ff-9f33-43a3-b826-2f9dae1bcb78.kml,VERIFIED INCIDENT,OFFICIALLY_VERIFIED,HIGH,True,OFFICIAL_HISTORICAL_RECORD
CHN-INC-1142,GCC-2015-STAG-0142,2015-12-01,Chennai Floods 2015,Ponniamman Koil Street,13.169531,80.243,19,Ward 19 (Manali),2,Manali,waterlogging,high,Data Unavailable,Data Unavailable,Ponniamman Koil Street,Greater Chennai Corporation (GCC) 2015 Water Stagnation Locations,GCC-2015-STAG,https://data.opencity.in/dataset/866141ab-3a3f-4dc0-8092-421d97ba29a2/resource/b5f39598-2e2d-40c5-82c3-806a1ad65c91/download/db3840ff-9f33-43a3-b826-2f9dae1bcb78.kml,VERIFIED INCIDENT,OFFICIALLY_VERIFIED,HIGH,True,OFFICIAL_HISTORICAL_RECORD
CHN-INC-1143,GCC-2015-STAG-0143,2015-12-01,Chennai Floods 2015,Balaraman Street,13.169027,80.253873,20,Ward 20 (Manali),2,Manali,waterlogging,high,Data Unavailable,Data Unavailable,Balaraman Street,Greater Chennai Corporation (GCC) 2015 Water Stagnation Locations,GCC-2015-STAG,https://data.opencity.in/dataset/866141ab-3a3f-4dc0-8092-421d97ba29a2/resource/b5f39598-2e2d-40c5-82c3-806a1ad65c91/download/db3840ff-9f33-43a3-b826-2f9dae1bcb78.kml,VERIFIED INCIDENT,OFFICIALLY_VERIFIED,HIGH,True,OFFICIAL_HISTORICAL_RECORD
CHN-INC-1144,GCC-2015-STAG-0144,2015-12-01,Chennai Floods 2015,Chinna Mattur Road,13.171105,80.256084,20,Ward 20 (Manali),2,Manali,waterlogging,high,Data Unavailable,Data Unavailable,Chinna Mattur Road,Greater Chennai Corporation (GCC) 2015 Water Stagnation Locations,GCC-2015-STAG,https://data.opencity.in/dataset/866141ab-3a3f-4dc0-8092-421d97ba29a2/resource/b5f39598-2e2d-40c5-82c3-806a1ad65c91/download/db3840ff-9f33-43a3-b826-2f9dae1bcb78.kml,VERIFIED INCIDENT,OFFICIALLY_VERIFIED,HIGH,True,OFFICIAL_HISTORICAL_RECORD
CHN-INC-1145,GCC-2015-STAG-0145,2015-12-01,Chennai Floods 2015,J J Nagar,13.169916,80.253534,20,Ward 20 (Manali),2,Manali,waterlogging,high,Data Unavailable,Data Unavailable,J J Nagar,Greater Chennai Corporation (GCC) 2015 Water Stagnation Locations,GCC-2015-STAG,https://data.opencity.in/dataset/866141ab-3a3f-4dc0-8092-421d97ba29a2/resource/b5f39598-2e2d-40c5-82c3-806a1ad65c91/download/db3840ff-9f33-43a3-b826-2f9dae1bcb78.kml,VERIFIED INCIDENT,OFFICIALLY_VERIFIED,HIGH,True,OFFICIAL_HISTORICAL_RECORD
CHN-INC-1146,GCC-2015-STAG-0146,2015-12-01,Chennai Floods 2015,M.G.R. Nagar,13.172223,80.255127,20,Ward 20 (Manali),2,Manali,waterlogging,high,Data Unavailable,Data Unavailable,M.G.R. Nagar,Greater Chennai Corporation (GCC) 2015 Water Stagnation Locations,GCC-2015-STAG,https://data.opencity.in/dataset/866141ab-3a3f-4dc0-8092-421d97ba29a2/resource/b5f39598-2e2d-40c5-82c3-806a1ad65c91/download/db3840ff-9f33-43a3-b826-2f9dae1bcb78.kml,VERIFIED INCIDENT,OFFICIALLY_VERIFIED,HIGH,True,OFFICIAL_HISTORICAL_RECORD
CHN-INC-1147,GCC-2015-STAG-0147,2015-12-01,Chennai Floods 2015,Poongavanam Street,13.164963,80.2627,21,Ward 21 (Manali),2,Manali,waterlogging,high,Data Unavailable,Data Unavailable,Poongavanam Street,Greater Chennai Corporation (GCC) 2015 Water Stagnation Locations,GCC-2015-STAG,https://data.opencity.in/dataset/866141ab-3a3f-4dc0-8092-421d97ba29a2/resource/b5f39598-2e2d-40c5-82c3-806a1ad65c91/download/db3840ff-9f33-43a3-b826-2f9dae1bcb78.kml,VERIFIED INCIDENT,OFFICIALLY_VERIFIED,HIGH,True,OFFICIAL_HISTORICAL_RECORD
CHN-INC-1148,GCC-2015-STAG-0148,2015-12-01,Chennai Floods 2015,Thiru vi Ka Street,13.163462,80.261937,21,Ward 21 (Manali),2,Manali,waterlogging,high,Data Unavailable,Data Unavailable,Thiru vi Ka Street,Greater Chennai Corporation (GCC) 2015 Water Stagnation Locations,GCC-2015-STAG,https://data.opencity.in/dataset/866141ab-3a3f-4dc0-8092-421d97ba29a2/resource/b5f39598-2e2d-40c5-82c3-806a1ad65c91/download/db3840ff-9f33-43a3-b826-2f9dae1bcb78.kml,VERIFIED INCIDENT,OFFICIALLY_VERIFIED,HIGH,True,OFFICIAL_HISTORICAL_RECORD
CHN-INC-1149,GCC-2015-STAG-0149,2015-12-01,Chennai Floods 2015,Jalagandamariamman Kovil Street,13.164114,80.26302,21,Ward 21 (Manali),2,Manali,waterlogging,high,Data Unavailable,Data Unavailable,Jalagandamariamman Kovil Street,Greater Chennai Corporation (GCC) 2015 Water Stagnation Locations,GCC-2015-STAG,https://data.opencity.in/dataset/866141ab-3a3f-4dc0-8092-421d97ba29a2/resource/b5f39598-2e2d-40c5-82c3-806a1ad65c91/download/db3840ff-9f33-43a3-b826-2f9dae1bcb78.kml,VERIFIED INCIDENT,OFFICIALLY_VERIFIED,HIGH,True,OFFICIAL_HISTORICAL_RECORD
CHN-INC-1150,GCC-2015-STAG-0150,2015-12-01,Chennai Floods 2015,Police Quarters,13.163958,80.264379,21,Ward 21 (Manali),2,Manali,waterlogging,high,Data Unavailable,Data Unavailable,Police Quarters,Greater Chennai Corporation (GCC) 2015 Water Stagnation Locations,GCC-2015-STAG,https://data.opencity.in/dataset/866141ab-3a3f-4dc0-8092-421d97ba29a2/resource/b5f39598-2e2d-40c5-82c3-806a1ad65c91/download/db3840ff-9f33-43a3-b826-2f9dae1bcb78.kml,VERIFIED INCIDENT,OFFICIALLY_VERIFIED,HIGH,True,OFFICIAL_HISTORICAL_RECORD
CHN-INC-1151,GCC-2015-STAG-0151,2015-12-01,Chennai Floods 2015,Kamaraj Salai,13.163673,80.257551,20,Ward 20 (Manali),2,Manali,waterlogging,high,Data Unavailable,Data Unavailable,Kamaraj Salai,Greater Chennai Corporation (GCC) 2015 Water Stagnation Locations,GCC-2015-STAG,https://data.opencity.in/dataset/866141ab-3a3f-4dc0-8092-421d97ba29a2/resource/b5f39598-2e2d-40c5-82c3-806a1ad65c91/download/db3840ff-9f33-43a3-b826-2f9dae1bcb78.kml,VERIFIED INCIDENT,OFFICIALLY_VERIFIED,HIGH,True,OFFICIAL_HISTORICAL_RECORD
CHN-INC-1152,GCC-2015-STAG-0152,2015-12-01,Chennai Floods 2015,Iyyan Thiruvalluvar Salai,13.137541,80.201509,32,Ward 32 (Madhavaram),3,Madhavaram,waterlogging,high,Data Unavailable,Data Unavailable,Iyyan Thiruvalluvar Salai,Greater Chennai Corporation (GCC) 2015 Water Stagnation Locations,GCC-2015-STAG,https://data.opencity.in/dataset/866141ab-3a3f-4dc0-8092-421d97ba29a2/resource/b5f39598-2e2d-40c5-82c3-806a1ad65c91/download/db3840ff-9f33-43a3-b826-2f9dae1bcb78.kml,VERIFIED INCIDENT,OFFICIALLY_VERIFIED,HIGH,True,OFFICIAL_HISTORICAL_RECORD
CHN-INC-1153,GCC-2015-STAG-0153,2015-12-01,Chennai Floods 2015,Collector Nagar,13.149587,80.202262,31,Ward 31 (Madhavaram),3,Madhavaram,waterlogging,high,Data Unavailable,Data Unavailable,Collector Nagar,Greater Chennai Corporation (GCC) 2015 Water Stagnation Locations,GCC-2015-STAG,https://data.opencity.in/dataset/866141ab-3a3f-4dc0-8092-421d97ba29a2/resource/b5f39598-2e2d-40c5-82c3-806a1ad65c91/download/db3840ff-9f33-43a3-b826-2f9dae1bcb78.kml,VERIFIED INCIDENT,OFFICIALLY_VERIFIED,HIGH,True,OFFICIAL_HISTORICAL_RECORD
CHN-INC-1154,GCC-2015-STAG-0154,2015-12-01,Chennai Floods 2015,Kanappasamy Nagar,13.170176,80.197978,23,Ward 23 (Madhavaram),3,Madhavaram,waterlogging,high,Data Unavailable,Data Unavailable,Kanappasamy Nagar,Greater Chennai Corporation (GCC) 2015 Water Stagnation Locations,GCC-2015-STAG,https://data.opencity.in/dataset/866141ab-3a3f-4dc0-8092-421d97ba29a2/resource/b5f39598-2e2d-40c5-82c3-806a1ad65c91/download/db3840ff-9f33-43a3-b826-2f9dae1bcb78.kml,VERIFIED INCIDENT,OFFICIALLY_VERIFIED,HIGH,True,OFFICIAL_HISTORICAL_RECORD
CHN-INC-1155,GCC-2015-STAG-0155,2015-12-01,Chennai Floods 2015,Mahalakshmi Nagar,13.16666,80.20536,23,Ward 23 (Madhavaram),3,Madhavaram,waterlogging,high,Data Unavailable,Data Unavailable,Mahalakshmi Nagar,Greater Chennai Corporation (GCC) 2015 Water Stagnation Locations,GCC-2015-STAG,https://data.opencity.in/dataset/866141ab-3a3f-4dc0-8092-421d97ba29a2/resource/b5f39598-2e2d-40c5-82c3-806a1ad65c91/download/db3840ff-9f33-43a3-b826-2f9dae1bcb78.kml,VERIFIED INCIDENT,OFFICIALLY_VERIFIED,HIGH,True,OFFICIAL_HISTORICAL_RECORD
CHN-INC-1156,GCC-2015-STAG-0156,2015-12-01,Chennai Floods 2015,Punitha Anthoniyar Street,13.161221,80.205867,24,Ward 24 (Madhavaram),3,Madhavaram,waterlogging,high,Data Unavailable,Data Unavailable,Punitha Anthoniyar Street,Greater Chennai Corporation (GCC) 2015 Water Stagnation Locations,GCC-2015-STAG,https://data.opencity.in/dataset/866141ab-3a3f-4dc0-8092-421d97ba29a2/resource/b5f39598-2e2d-40c5-82c3-806a1ad65c91/download/db3840ff-9f33-43a3-b826-2f9dae1bcb78.kml,VERIFIED INCIDENT,OFFICIALLY_VERIFIED,HIGH,True,OFFICIAL_HISTORICAL_RECORD
CHN-INC-1157,GCC-2015-STAG-0157,2015-12-01,Chennai Floods 2015,Othai vadai Street,13.162033,80.208799,24,Ward 24 (Madhavaram),3,Madhavaram,waterlogging,high,Data Unavailable,Data Unavailable,Othai vadai Street,Greater Chennai Corporation (GCC) 2015 Water Stagnation Locations,GCC-2015-STAG,https://data.opencity.in/dataset/866141ab-3a3f-4dc0-8092-421d97ba29a2/resource/b5f39598-2e2d-40c5-82c3-806a1ad65c91/download/db3840ff-9f33-43a3-b826-2f9dae1bcb78.kml,VERIFIED INCIDENT,OFFICIALLY_VERIFIED,HIGH,True,OFFICIAL_HISTORICAL_RECORD
CHN-INC-1158,GCC-2015-STAG-0158,2015-12-01,Chennai Floods 2015,Surapet sivaprakasam Nagar,13.140838,80.185421,32,Ward 32 (Madhavaram),3,Madhavaram,waterlogging,high,Data Unavailable,Data Unavailable,Surapet sivaprakasam Nagar,Greater Chennai Corporation (GCC) 2015 Water Stagnation Locations,GCC-2015-STAG,https://data.opencity.in/dataset/866141ab-3a3f-4dc0-8092-421d97ba29a2/resource/b5f39598-2e2d-40c5-82c3-806a1ad65c91/download/db3840ff-9f33-43a3-b826-2f9dae1bcb78.kml,VERIFIED INCIDENT,OFFICIALLY_VERIFIED,HIGH,True,OFFICIAL_HISTORICAL_RECORD
CHN-INC-1159,GCC-2015-STAG-0159,2015-12-01,Chennai Floods 2015,Ambattur Redhills Road,13.141783,80.183796,32,Ward 32 (Madhavaram),3,Madhavaram,waterlogging,high,Data Unavailable,Data Unavailable,Ambattur Redhills Road,Greater Chennai Corporation (GCC) 2015 Water Stagnation Locations,GCC-2015-STAG,https://data.opencity.in/dataset/866141ab-3a3f-4dc0-8092-421d97ba29a2/resource/b5f39598-2e2d-40c5-82c3-806a1ad65c91/download/db3840ff-9f33-43a3-b826-2f9dae1bcb78.kml,VERIFIED INCIDENT,OFFICIALLY_VERIFIED,HIGH,True,OFFICIAL_HISTORICAL_RECORD
CHN-INC-1160,GCC-2015-STAG-0160,2015-12-01,Chennai Floods 2015,Aringar Anna Nagar,13.157101,80.21299,31,Ward 31 (Madhavaram),3,Madhavaram,waterlogging,high,Data Unavailable,Data Unavailable,Aringar Anna Nagar,Greater Chennai Corporation (GCC) 2015 Water Stagnation Locations,GCC-2015-STAG,https://data.opencity.in/dataset/866141ab-3a3f-4dc0-8092-421d97ba29a2/resource/b5f39598-2e2d-40c5-82c3-806a1ad65c91/download/db3840ff-9f33-43a3-b826-2f9dae1bcb78.kml,VERIFIED INCIDENT,OFFICIALLY_VERIFIED,HIGH,True,OFFICIAL_HISTORICAL_RECORD
CHN-INC-1161,GCC-2015-STAG-0161,2015-12-01,Chennai Floods 2015,GNT Road,13.152712,80.20911,31,Ward 31 (Madhavaram),3,Madhavaram,waterlogging,high,Data Unavailable,Data Unavailable,GNT Road,Greater Chennai Corporation (GCC) 2015 Water Stagnation Locations,GCC-2015-STAG,https://data.opencity.in/dataset/866141ab-3a3f-4dc0-8092-421d97ba29a2/resource/b5f39598-2e2d-40c5-82c3-806a1ad65c91/download/db3840ff-9f33-43a3-b826-2f9dae1bcb78.kml,VERIFIED INCIDENT,OFFICIALLY_VERIFIED,HIGH,True,OFFICIAL_HISTORICAL_RECORD
CHN-INC-1162,GCC-2015-STAG-0162,2015-12-01,Chennai Floods 2015,Devaki Nagar,13.13255,80.219218,30,Ward 30 (Madhavaram),3,Madhavaram,waterlogging,high,Data Unavailable,Data Unavailable,Devaki Nagar,Greater Chennai Corporation (GCC) 2015 Water Stagnation Locations,GCC-2015-STAG,https://data.opencity.in/dataset/866141ab-3a3f-4dc0-8092-421d97ba29a2/resource/b5f39598-2e2d-40c5-82c3-806a1ad65c91/download/db3840ff-9f33-43a3-b826-2f9dae1bcb78.kml,VERIFIED INCIDENT,OFFICIALLY_VERIFIED,HIGH,True,OFFICIAL_HISTORICAL_RECORD
CHN-INC-1163,GCC-2015-STAG-0163,2015-12-01,Chennai Floods 2015,"Truck Terminal, GNT Road",13.147233,80.216448,30,Ward 30 (Madhavaram),3,Madhavaram,waterlogging,high,Data Unavailable,Data Unavailable,"Truck Terminal, GNT Road",Greater Chennai Corporation (GCC) 2015 Water Stagnation Locations,GCC-2015-STAG,https://data.opencity.in/dataset/866141ab-3a3f-4dc0-8092-421d97ba29a2/resource/b5f39598-2e2d-40c5-82c3-806a1ad65c91/download/db3840ff-9f33-43a3-b826-2f9dae1bcb78.kml,VERIFIED INCIDENT,OFFICIALLY_VERIFIED,HIGH,True,OFFICIAL_HISTORICAL_RECORD
CHN-INC-1164,GCC-2015-STAG-0164,2015-12-01,Chennai Floods 2015,"Perumal Koil St, Balji Palayam",13.154402,80.258552,22,Ward 22 (Manali),2,Manali,waterlogging,high,Data Unavailable,Data Unavailable,"Perumal Koil St, Balji Palayam",Greater Chennai Corporation (GCC) 2015 Water Stagnation Locations,GCC-2015-STAG,https://data.opencity.in/dataset/866141ab-3a3f-4dc0-8092-421d97ba29a2/resource/b5f39598-2e2d-40c5-82c3-806a1ad65c91/download/db3840ff-9f33-43a3-b826-2f9dae1bcb78.kml,VERIFIED INCIDENT,OFFICIALLY_VERIFIED,HIGH,True,OFFICIAL_HISTORICAL_RECORD
CHN-INC-1165,GCC-2015-STAG-0165,2015-12-01,Chennai Floods 2015,Sarathi Nagar,13.134059,80.203206,32,Ward 32 (Madhavaram),3,Madhavaram,waterlogging,high,Data Unavailable,Data Unavailable,Sarathi Nagar,Greater Chennai Corporation (GCC) 2015 Water Stagnation Locations,GCC-2015-STAG,https://data.opencity.in/dataset/866141ab-3a3f-4dc0-8092-421d97ba29a2/resource/b5f39598-2e2d-40c5-82c3-806a1ad65c91/download/db3840ff-9f33-43a3-b826-2f9dae1bcb78.kml,VERIFIED INCIDENT,OFFICIALLY_VERIFIED,HIGH,True,OFFICIAL_HISTORICAL_RECORD
CHN-INC-1166,GCC-2015-STAG-0166,2015-12-01,Chennai Floods 2015,Prakah Nagar,13.134242,80.226192,29,Ward 29 (Madhavaram),3,Madhavaram,waterlogging,high,Data Unavailable,Data Unavailable,Prakah Nagar,Greater Chennai Corporation (GCC) 2015 Water Stagnation Locations,GCC-2015-STAG,https://data.opencity.in/dataset/866141ab-3a3f-4dc0-8092-421d97ba29a2/resource/b5f39598-2e2d-40c5-82c3-806a1ad65c91/download/db3840ff-9f33-43a3-b826-2f9dae1bcb78.kml,VERIFIED INCIDENT,OFFICIALLY_VERIFIED,HIGH,True,OFFICIAL_HISTORICAL_RECORD
CHN-INC-1167,GCC-2015-STAG-0167,2015-12-01,Chennai Floods 2015,Munusamy Nagar,13.136554,80.221685,29,Ward 29 (Madhavaram),3,Madhavaram,waterlogging,high,Data Unavailable,Data Unavailable,Munusamy Nagar,Greater Chennai Corporation (GCC) 2015 Water Stagnation Locations,GCC-2015-STAG,https://data.opencity.in/dataset/866141ab-3a3f-4dc0-8092-421d97ba29a2/resource/b5f39598-2e2d-40c5-82c3-806a1ad65c91/download/db3840ff-9f33-43a3-b826-2f9dae1bcb78.kml,VERIFIED INCIDENT,OFFICIALLY_VERIFIED,HIGH,True,OFFICIAL_HISTORICAL_RECORD
CHN-INC-1168,GCC-2015-STAG-0168,2015-12-01,Chennai Floods 2015,Annapoorna Nagar,13.137588,80.224405,29,Ward 29 (Madhavaram),3,Madhavaram,waterlogging,high,Data Unavailable,Data Unavailable,Annapoorna Nagar,Greater Chennai Corporation (GCC) 2015 Water Stagnation Locations,GCC-2015-STAG,https://data.opencity.in/dataset/866141ab-3a3f-4dc0-8092-421d97ba29a2/resource/b5f39598-2e2d-40c5-82c3-806a1ad65c91/download/db3840ff-9f33-43a3-b826-2f9dae1bcb78.kml,VERIFIED INCIDENT,OFFICIALLY_VERIFIED,HIGH,True,OFFICIAL_HISTORICAL_RECORD
CHN-INC-1169,GCC-2015-STAG-0169,2015-12-01,Chennai Floods 2015,Dr.Ambedkar Nagar,13.129704,80.234699,29,Ward 29 (Madhavaram),3,Madhavaram,waterlogging,high,Data Unavailable,Data Unavailable,Dr.Ambedkar Nagar,Greater Chennai Corporation (GCC) 2015 Water Stagnation Locations,GCC-2015-STAG,https://data.opencity.in/dataset/866141ab-3a3f-4dc0-8092-421d97ba29a2/resource/b5f39598-2e2d-40c5-82c3-806a1ad65c91/download/db3840ff-9f33-43a3-b826-2f9dae1bcb78.kml,VERIFIED INCIDENT,OFFICIALLY_VERIFIED,HIGH,True,OFFICIAL_HISTORICAL_RECORD
CHN-INC-1170,GCC-2015-STAG-0170,2015-12-01,Chennai Floods 2015,Ishwariya Nagar,13.14606,80.2565,34,Ward 34 (Tondiarpet),4,Tondiarpet,waterlogging,high,Data Unavailable,Data Unavailable,Ishwariya Nagar,Greater Chennai Corporation (GCC) 2015 Water Stagnation Locations,GCC-2015-STAG,https://data.opencity.in/dataset/866141ab-3a3f-4dc0-8092-421d97ba29a2/resource/b5f39598-2e2d-40c5-82c3-806a1ad65c91/download/db3840ff-9f33-43a3-b826-2f9dae1bcb78.kml,VERIFIED INCIDENT,OFFICIALLY_VERIFIED,HIGH,True,OFFICIAL_HISTORICAL_RECORD
CHN-INC-1171,GCC-2015-STAG-0171,2015-12-01,Chennai Floods 2015,Annai Avenue,13.144012,80.256114,34,Ward 34 (Tondiarpet),4,Tondiarpet,waterlogging,high,Data Unavailable,Data Unavailable,Annai Avenue,Greater Chennai Corporation (GCC) 2015 Water Stagnation Locations,GCC-2015-STAG,https://data.opencity.in/dataset/866141ab-3a3f-4dc0-8092-421d97ba29a2/resource/b5f39598-2e2d-40c5-82c3-806a1ad65c91/download/db3840ff-9f33-43a3-b826-2f9dae1bcb78.kml,VERIFIED INCIDENT,OFFICIALLY_VERIFIED,HIGH,True,OFFICIAL_HISTORICAL_RECORD
CHN-INC-1172,GCC-2015-STAG-0172,2015-12-01,Chennai Floods 2015,Durgai Avenue,13.14466,80.254483,34,Ward 34 (Tondiarpet),4,Tondiarpet,waterlogging,high,Data Unavailable,Data Unavailable,Durgai Avenue,Greater Chennai Corporation (GCC) 2015 Water Stagnation Locations,GCC-2015-STAG,https://data.opencity.in/dataset/866141ab-3a3f-4dc0-8092-421d97ba29a2/resource/b5f39598-2e2d-40c5-82c3-806a1ad65c91/download/db3840ff-9f33-43a3-b826-2f9dae1bcb78.kml,VERIFIED INCIDENT,OFFICIALLY_VERIFIED,HIGH,True,OFFICIAL_HISTORICAL_RECORD
CHN-INC-1173,GCC-2015-STAG-0173,2015-12-01,Chennai Floods 2015,Gandhi - Irwin Road,13.076293,80.259886,61,Ward 61 (Royapuram),5,Royapuram,waterlogging,high,Data Unavailable,Data Unavailable,Gandhi - Irwin Road,Greater Chennai Corporation (GCC) 2015 Water Stagnation Locations,GCC-2015-STAG,https://data.opencity.in/dataset/866141ab-3a3f-4dc0-8092-421d97ba29a2/resource/b5f39598-2e2d-40c5-82c3-806a1ad65c91/download/db3840ff-9f33-43a3-b826-2f9dae1bcb78.kml,VERIFIED INCIDENT,OFFICIALLY_VERIFIED,HIGH,True,OFFICIAL_HISTORICAL_RECORD
CHN-INC-1174,GCC-2015-STAG-0174,2015-12-01,Chennai Floods 2015,Singana Chetty St,13.071143,80.270467,62,Ward 62 (Royapuram),5,Royapuram,waterlogging,high,Data Unavailable,Data Unavailable,Singana Chetty St,Greater Chennai Corporation (GCC) 2015 Water Stagnation Locations,GCC-2015-STAG,https://data.opencity.in/dataset/866141ab-3a3f-4dc0-8092-421d97ba29a2/resource/b5f39598-2e2d-40c5-82c3-806a1ad65c91/download/db3840ff-9f33-43a3-b826-2f9dae1bcb78.kml,VERIFIED INCIDENT,OFFICIALLY_VERIFIED,HIGH,True,OFFICIAL_HISTORICAL_RECORD
CHN-INC-1175,GCC-2015-STAG-0175,2015-12-01,Chennai Floods 2015,ArunaChala Road,13.075223,80.270251,62,Ward 62 (Royapuram),5,Royapuram,waterlogging,high,Data Unavailable,Data Unavailable,ArunaChala Road,Greater Chennai Corporation (GCC) 2015 Water Stagnation Locations,GCC-2015-STAG,https://data.opencity.in/dataset/866141ab-3a3f-4dc0-8092-421d97ba29a2/resource/b5f39598-2e2d-40c5-82c3-806a1ad65c91/download/db3840ff-9f33-43a3-b826-2f9dae1bcb78.kml,VERIFIED INCIDENT,OFFICIALLY_VERIFIED,HIGH,True,OFFICIAL_HISTORICAL_RECORD
CHN-INC-1176,GCC-2015-STAG-0176,2015-12-01,Chennai Floods 2015,G.P Road,13.062479,80.266843,63,Ward 63 (Royapuram),5,Royapuram,waterlogging,high,Data Unavailable,Data Unavailable,G.P Road,Greater Chennai Corporation (GCC) 2015 Water Stagnation Locations,GCC-2015-STAG,https://data.opencity.in/dataset/866141ab-3a3f-4dc0-8092-421d97ba29a2/resource/b5f39598-2e2d-40c5-82c3-806a1ad65c91/download/db3840ff-9f33-43a3-b826-2f9dae1bcb78.kml,VERIFIED INCIDENT,OFFICIALLY_VERIFIED,HIGH,True,OFFICIAL_HISTORICAL_RECORD
CHN-INC-1177,GCC-2015-STAG-0177,2015-12-01,Chennai Floods 2015,South Coovam Road,13.067308,80.265007,63,Ward 63 (Royapuram),5,Royapuram,waterlogging,high,Data Unavailable,Data Unavailable,South Coovam Road,Greater Chennai Corporation (GCC) 2015 Water Stagnation Locations,GCC-2015-STAG,https://data.opencity.in/dataset/866141ab-3a3f-4dc0-8092-421d97ba29a2/resource/b5f39598-2e2d-40c5-82c3-806a1ad65c91/download/db3840ff-9f33-43a3-b826-2f9dae1bcb78.kml,VERIFIED INCIDENT,OFFICIALLY_VERIFIED,HIGH,True,OFFICIAL_HISTORICAL_RECORD
CHN-INC-1178,GCC-2015-STAG-0178,2015-12-01,Chennai Floods 2015,Avadhana papaiah road,13.090253,80.263308,58,Ward 58 (Royapuram),5,Royapuram,waterlogging,high,Data Unavailable,Data Unavailable,Avadhana papaiah road,Greater Chennai Corporation (GCC) 2015 Water Stagnation Locations,GCC-2015-STAG,https://data.opencity.in/dataset/866141ab-3a3f-4dc0-8092-421d97ba29a2/resource/b5f39598-2e2d-40c5-82c3-806a1ad65c91/download/db3840ff-9f33-43a3-b826-2f9dae1bcb78.kml,VERIFIED INCIDENT,OFFICIALLY_VERIFIED,HIGH,True,OFFICIAL_HISTORICAL_RECORD
CHN-INC-1179,GCC-2015-STAG-0179,2015-12-01,Chennai Floods 2015,Vivek Nagar,13.127013,80.217576,65,Ward 65 (Thiru. Vi. Ka. Nagar),6,Thiru. Vi. Ka. Nagar,waterlogging,high,Data Unavailable,Data Unavailable,Vivek Nagar,Greater Chennai Corporation (GCC) 2015 Water Stagnation Locations,GCC-2015-STAG,https://data.opencity.in/dataset/866141ab-3a3f-4dc0-8092-421d97ba29a2/resource/b5f39598-2e2d-40c5-82c3-806a1ad65c91/download/db3840ff-9f33-43a3-b826-2f9dae1bcb78.kml,VERIFIED INCIDENT,OFFICIALLY_VERIFIED,HIGH,True,OFFICIAL_HISTORICAL_RECORD
CHN-INC-1180,GCC-2015-STAG-0180,2015-12-01,Chennai Floods 2015,Poombugaar Nagar 11th Street,13.121475,80.213735,65,Ward 65 (Thiru. Vi. Ka. Nagar),6,Thiru. Vi. Ka. Nagar,waterlogging,high,Data Unavailable,Data Unavailable,Poombugaar Nagar 11th Street,Greater Chennai Corporation (GCC) 2015 Water Stagnation Locations,GCC-2015-STAG,https://data.opencity.in/dataset/866141ab-3a3f-4dc0-8092-421d97ba29a2/resource/b5f39598-2e2d-40c5-82c3-806a1ad65c91/download/db3840ff-9f33-43a3-b826-2f9dae1bcb78.kml,VERIFIED INCIDENT,OFFICIALLY_VERIFIED,HIGH,True,OFFICIAL_HISTORICAL_RECORD
CHN-INC-1181,GCC-2015-STAG-0181,2015-12-01,Chennai Floods 2015,Poombugaar Nagar 20th Street,13.121318,80.215355,65,Ward 65 (Thiru. Vi. Ka. Nagar),6,Thiru. Vi. Ka. Nagar,waterlogging,high,Data Unavailable,Data Unavailable,Poombugaar Nagar 20th Street,Greater Chennai Corporation (GCC) 2015 Water Stagnation Locations,GCC-2015-STAG,https://data.opencity.in/dataset/866141ab-3a3f-4dc0-8092-421d97ba29a2/resource/b5f39598-2e2d-40c5-82c3-806a1ad65c91/download/db3840ff-9f33-43a3-b826-2f9dae1bcb78.kml,VERIFIED INCIDENT,OFFICIALLY_VERIFIED,HIGH,True,OFFICIAL_HISTORICAL_RECORD
CHN-INC-1182,GCC-2015-STAG-0182,2015-12-01,Chennai Floods 2015,Poombugaar Nagar 21st Street,13.120859,80.215559,65,Ward 65 (Thiru. Vi. Ka. Nagar),6,Thiru. Vi. Ka. Nagar,waterlogging,high,Data Unavailable,Data Unavailable,Poombugaar Nagar 21st Street,Greater Chennai Corporation (GCC) 2015 Water Stagnation Locations,GCC-2015-STAG,https://data.opencity.in/dataset/866141ab-3a3f-4dc0-8092-421d97ba29a2/resource/b5f39598-2e2d-40c5-82c3-806a1ad65c91/download/db3840ff-9f33-43a3-b826-2f9dae1bcb78.kml,VERIFIED INCIDENT,OFFICIALLY_VERIFIED,HIGH,True,OFFICIAL_HISTORICAL_RECORD
CHN-INC-1183,GCC-2015-STAG-0183,2015-12-01,Chennai Floods 2015,Poombugaar Nagar 28th Street,13.120932,80.217286,65,Ward 65 (Thiru. Vi. Ka. Nagar),6,Thiru. Vi. Ka. Nagar,waterlogging,high,Data Unavailable,Data Unavailable,Poombugaar Nagar 28th Street,Greater Chennai Corporation (GCC) 2015 Water Stagnation Locations,GCC-2015-STAG,https://data.opencity.in/dataset/866141ab-3a3f-4dc0-8092-421d97ba29a2/resource/b5f39598-2e2d-40c5-82c3-806a1ad65c91/download/db3840ff-9f33-43a3-b826-2f9dae1bcb78.kml,VERIFIED INCIDENT,OFFICIALLY_VERIFIED,HIGH,True,OFFICIAL_HISTORICAL_RECORD
CHN-INC-1184,GCC-2015-STAG-0184,2015-12-01,Chennai Floods 2015,Kaveri Nagar,13.122917,80.216246,65,Ward 65 (Thiru. Vi. Ka. Nagar),6,Thiru. Vi. Ka. Nagar,waterlogging,high,Data Unavailable,Data Unavailable,Kaveri Nagar,Greater Chennai Corporation (GCC) 2015 Water Stagnation Locations,GCC-2015-STAG,https://data.opencity.in/dataset/866141ab-3a3f-4dc0-8092-421d97ba29a2/resource/b5f39598-2e2d-40c5-82c3-806a1ad65c91/download/db3840ff-9f33-43a3-b826-2f9dae1bcb78.kml,VERIFIED INCIDENT,OFFICIALLY_VERIFIED,HIGH,True,OFFICIAL_HISTORICAL_RECORD
CHN-INC-1185,GCC-2015-STAG-0185,2015-12-01,Chennai Floods 2015,Then Palani Nagar,13.123575,80.207748,65,Ward 65 (Thiru. Vi. Ka. Nagar),6,Thiru. Vi. Ka. Nagar,waterlogging,high,Data Unavailable,Data Unavailable,Then Palani Nagar,Greater Chennai Corporation (GCC) 2015 Water Stagnation Locations,GCC-2015-STAG,https://data.opencity.in/dataset/866141ab-3a3f-4dc0-8092-421d97ba29a2/resource/b5f39598-2e2d-40c5-82c3-806a1ad65c91/download/db3840ff-9f33-43a3-b826-2f9dae1bcb78.kml,VERIFIED INCIDENT,OFFICIALLY_VERIFIED,HIGH,True,OFFICIAL_HISTORICAL_RECORD
CHN-INC-1186,GCC-2015-STAG-0186,2015-12-01,Chennai Floods 2015,Siva Sakthi 4th Street,13.125221,80.21071,65,Ward 65 (Thiru. Vi. Ka. Nagar),6,Thiru. Vi. Ka. Nagar,waterlogging,high,Data Unavailable,Data Unavailable,Siva Sakthi 4th Street,Greater Chennai Corporation (GCC) 2015 Water Stagnation Locations,GCC-2015-STAG,https://data.opencity.in/dataset/866141ab-3a3f-4dc0-8092-421d97ba29a2/resource/b5f39598-2e2d-40c5-82c3-806a1ad65c91/download/db3840ff-9f33-43a3-b826-2f9dae1bcb78.kml,VERIFIED INCIDENT,OFFICIALLY_VERIFIED,HIGH,True,OFFICIAL_HISTORICAL_RECORD
CHN-INC-1187,GCC-2015-STAG-0187,2015-12-01,Chennai Floods 2015,Vivekanadan Nagar Main Road,13.122781,80.199509,83,Ward 83 (Ambattur),7,Ambattur,waterlogging,high,Data Unavailable,Data Unavailable,Vivekanadan Nagar Main Road,Greater Chennai Corporation (GCC) 2015 Water Stagnation Locations,GCC-2015-STAG,https://data.opencity.in/dataset/866141ab-3a3f-4dc0-8092-421d97ba29a2/resource/b5f39598-2e2d-40c5-82c3-806a1ad65c91/download/db3840ff-9f33-43a3-b826-2f9dae1bcb78.kml,VERIFIED INCIDENT,OFFICIALLY_VERIFIED,HIGH,True,OFFICIAL_HISTORICAL_RECORD
CHN-INC-1188,GCC-2015-STAG-0188,2015-12-01,Chennai Floods 2015,Thirumalai Nagar,13.124965,80.203296,64,Ward 64 (Thiru. Vi. Ka. Nagar),6,Thiru. Vi. Ka. Nagar,waterlogging,high,Data Unavailable,Data Unavailable,Thirumalai Nagar,Greater Chennai Corporation (GCC) 2015 Water Stagnation Locations,GCC-2015-STAG,https://data.opencity.in/dataset/866141ab-3a3f-4dc0-8092-421d97ba29a2/resource/b5f39598-2e2d-40c5-82c3-806a1ad65c91/download/db3840ff-9f33-43a3-b826-2f9dae1bcb78.kml,VERIFIED INCIDENT,OFFICIALLY_VERIFIED,HIGH,True,OFFICIAL_HISTORICAL_RECORD
CHN-INC-1189,GCC-2015-STAG-0189,2015-12-01,Chennai Floods 2015,Bharath Rajeev Ganthi Nagar,13.127149,80.202899,64,Ward 64 (Thiru. Vi. Ka. Nagar),6,Thiru. Vi. Ka. Nagar,waterlogging,high,Data Unavailable,Data Unavailable,Bharath Rajeev Ganthi Nagar,Greater Chennai Corporation (GCC) 2015 Water Stagnation Locations,GCC-2015-STAG,https://data.opencity.in/dataset/866141ab-3a3f-4dc0-8092-421d97ba29a2/resource/b5f39598-2e2d-40c5-82c3-806a1ad65c91/download/db3840ff-9f33-43a3-b826-2f9dae1bcb78.kml,VERIFIED INCIDENT,OFFICIALLY_VERIFIED,HIGH,True,OFFICIAL_HISTORICAL_RECORD
CHN-INC-1190,GCC-2015-STAG-0190,2015-12-01,Chennai Floods 2015,Senthi Nagar 14 Street,13.122666,80.202352,64,Ward 64 (Thiru. Vi. Ka. Nagar),6,Thiru. Vi. Ka. Nagar,waterlogging,high,Data Unavailable,Data Unavailable,Senthi Nagar 14 Street,Greater Chennai Corporation (GCC) 2015 Water Stagnation Locations,GCC-2015-STAG,https://data.opencity.in/dataset/866141ab-3a3f-4dc0-8092-421d97ba29a2/resource/b5f39598-2e2d-40c5-82c3-806a1ad65c91/download/db3840ff-9f33-43a3-b826-2f9dae1bcb78.kml,VERIFIED INCIDENT,OFFICIALLY_VERIFIED,HIGH,True,OFFICIAL_HISTORICAL_RECORD
CHN-INC-1191,GCC-2015-STAG-0191,2015-12-01,Chennai Floods 2015,Senthi Nagar 13th Street,13.122207,80.202438,64,Ward 64 (Thiru. Vi. Ka. Nagar),6,Thiru. Vi. Ka. Nagar,waterlogging,high,Data Unavailable,Data Unavailable,Senthi Nagar 13th Street,Greater Chennai Corporation (GCC) 2015 Water Stagnation Locations,GCC-2015-STAG,https://data.opencity.in/dataset/866141ab-3a3f-4dc0-8092-421d97ba29a2/resource/b5f39598-2e2d-40c5-82c3-806a1ad65c91/download/db3840ff-9f33-43a3-b826-2f9dae1bcb78.kml,VERIFIED INCIDENT,OFFICIALLY_VERIFIED,HIGH,True,OFFICIAL_HISTORICAL_RECORD
CHN-INC-1192,GCC-2015-STAG-0192,2015-12-01,Chennai Floods 2015,Senthi Nagar 15th Street,13.123157,80.202759,64,Ward 64 (Thiru. Vi. Ka. Nagar),6,Thiru. Vi. Ka. Nagar,waterlogging,high,Data Unavailable,Data Unavailable,Senthi Nagar 15th Street,Greater Chennai Corporation (GCC) 2015 Water Stagnation Locations,GCC-2015-STAG,https://data.opencity.in/dataset/866141ab-3a3f-4dc0-8092-421d97ba29a2/resource/b5f39598-2e2d-40c5-82c3-806a1ad65c91/download/db3840ff-9f33-43a3-b826-2f9dae1bcb78.kml,VERIFIED INCIDENT,OFFICIALLY_VERIFIED,HIGH,True,OFFICIAL_HISTORICAL_RECORD
CHN-INC-1193,GCC-2015-STAG-0193,2015-12-01,Chennai Floods 2015,Ussain Colony,13.125012,80.201971,64,Ward 64 (Thiru. Vi. Ka. Nagar),6,Thiru. Vi. Ka. Nagar,waterlogging,high,Data Unavailable,Data Unavailable,Ussain Colony,Greater Chennai Corporation (GCC) 2015 Water Stagnation Locations,GCC-2015-STAG,https://data.opencity.in/dataset/866141ab-3a3f-4dc0-8092-421d97ba29a2/resource/b5f39598-2e2d-40c5-82c3-806a1ad65c91/download/db3840ff-9f33-43a3-b826-2f9dae1bcb78.kml,VERIFIED INCIDENT,OFFICIALLY_VERIFIED,HIGH,True,OFFICIAL_HISTORICAL_RECORD
CHN-INC-1194,GCC-2015-STAG-0194,2015-12-01,Chennai Floods 2015,Venus Nagar,13.127562,80.204653,64,Ward 64 (Thiru. Vi. Ka. Nagar),6,Thiru. Vi. Ka. Nagar,waterlogging,high,Data Unavailable,Data Unavailable,Venus Nagar,Greater Chennai Corporation (GCC) 2015 Water Stagnation Locations,GCC-2015-STAG,https://data.opencity.in/dataset/866141ab-3a3f-4dc0-8092-421d97ba29a2/resource/b5f39598-2e2d-40c5-82c3-806a1ad65c91/download/db3840ff-9f33-43a3-b826-2f9dae1bcb78.kml,VERIFIED INCIDENT,OFFICIALLY_VERIFIED,HIGH,True,OFFICIAL_HISTORICAL_RECORD
CHN-INC-1195,GCC-2015-STAG-0195,2015-12-01,Chennai Floods 2015,Selvi Nagar 3rd Street,13.12369,80.205737,64,Ward 64 (Thiru. Vi. Ka. Nagar),6,Thiru. Vi. Ka. Nagar,waterlogging,high,Data Unavailable,Data Unavailable,Selvi Nagar 3rd Street,Greater Chennai Corporation (GCC) 2015 Water Stagnation Locations,GCC-2015-STAG,https://data.opencity.in/dataset/866141ab-3a3f-4dc0-8092-421d97ba29a2/resource/b5f39598-2e2d-40c5-82c3-806a1ad65c91/download/db3840ff-9f33-43a3-b826-2f9dae1bcb78.kml,VERIFIED INCIDENT,OFFICIALLY_VERIFIED,HIGH,True,OFFICIAL_HISTORICAL_RECORD
CHN-INC-1196,GCC-2015-STAG-0196,2015-12-01,Chennai Floods 2015,Teacher Street,13.116481,80.208736,64,Ward 64 (Thiru. Vi. Ka. Nagar),6,Thiru. Vi. Ka. Nagar,waterlogging,high,Data Unavailable,Data Unavailable,Teacher Street,Greater Chennai Corporation (GCC) 2015 Water Stagnation Locations,GCC-2015-STAG,https://data.opencity.in/dataset/866141ab-3a3f-4dc0-8092-421d97ba29a2/resource/b5f39598-2e2d-40c5-82c3-806a1ad65c91/download/db3840ff-9f33-43a3-b826-2f9dae1bcb78.kml,VERIFIED INCIDENT,OFFICIALLY_VERIFIED,HIGH,True,OFFICIAL_HISTORICAL_RECORD
CHN-INC-1197,GCC-2015-STAG-0197,2015-12-01,Chennai Floods 2015,Kavery Street,13.112813,80.211225,64,Ward 64 (Thiru. Vi. Ka. Nagar),6,Thiru. Vi. Ka. Nagar,waterlogging,high,Data Unavailable,Data Unavailable,Kavery Street,Greater Chennai Corporation (GCC) 2015 Water Stagnation Locations,GCC-2015-STAG,https://data.opencity.in/dataset/866141ab-3a3f-4dc0-8092-421d97ba29a2/resource/b5f39598-2e2d-40c5-82c3-806a1ad65c91/download/db3840ff-9f33-43a3-b826-2f9dae1bcb78.kml,VERIFIED INCIDENT,OFFICIALLY_VERIFIED,HIGH,True,OFFICIAL_HISTORICAL_RECORD
CHN-INC-1198,GCC-2015-STAG-0198,2015-12-01,Chennai Floods 2015,Sivalingam Salai,13.122447,80.228756,66,Ward 66 (Thiru. Vi. Ka. Nagar),6,Thiru. Vi. Ka. Nagar,waterlogging,high,Data Unavailable,Data Unavailable,Sivalingam Salai,Greater Chennai Corporation (GCC) 2015 Water Stagnation Locations,GCC-2015-STAG,https://data.opencity.in/dataset/866141ab-3a3f-4dc0-8092-421d97ba29a2/resource/b5f39598-2e2d-40c5-82c3-806a1ad65c91/download/db3840ff-9f33-43a3-b826-2f9dae1bcb78.kml,VERIFIED INCIDENT,OFFICIALLY_VERIFIED,HIGH,True,OFFICIAL_HISTORICAL_RECORD
CHN-INC-1199,GCC-2015-STAG-0199,2015-12-01,Chennai Floods 2015,Ragavan Salai,13.125017,80.230579,66,Ward 66 (Thiru. Vi. Ka. Nagar),6,Thiru. Vi. Ka. Nagar,waterlogging,high,Data Unavailable,Data Unavailable,Ragavan Salai,Greater Chennai Corporation (GCC) 2015 Water Stagnation Locations,GCC-2015-STAG,https://data.opencity.in/dataset/866141ab-3a3f-4dc0-8092-421d97ba29a2/resource/b5f39598-2e2d-40c5-82c3-806a1ad65c91/download/db3840ff-9f33-43a3-b826-2f9dae1bcb78.kml,VERIFIED INCIDENT,OFFICIALLY_VERIFIED,HIGH,True,OFFICIAL_HISTORICAL_RECORD
CHN-INC-1200,GCC-2015-STAG-0200,2015-12-01,Chennai Floods 2015,Periyar Nagar 18th Street,13.114234,80.221481,68,Ward 68 (Thiru. Vi. Ka. Nagar),6,Thiru. Vi. Ka. Nagar,waterlogging,high,Data Unavailable,Data Unavailable,Periyar Nagar 18th Street,Greater Chennai Corporation (GCC) 2015 Water Stagnation Locations,GCC-2015-STAG,https://data.opencity.in/dataset/866141ab-3a3f-4dc0-8092-421d97ba29a2/resource/b5f39598-2e2d-40c5-82c3-806a1ad65c91/download/db3840ff-9f33-43a3-b826-2f9dae1bcb78.kml,VERIFIED INCIDENT,OFFICIALLY_VERIFIED,HIGH,True,OFFICIAL_HISTORICAL_RECORD
CHN-INC-1201,GCC-2015-STAG-0201,2015-12-01,Chennai Floods 2015,SRP. Koil Street,13.117536,80.224979,68,Ward 68 (Thiru. Vi. Ka. Nagar),6,Thiru. Vi. Ka. Nagar,waterlogging,high,Data Unavailable,Data Unavailable,SRP. Koil Street,Greater Chennai Corporation (GCC) 2015 Water Stagnation Locations,GCC-2015-STAG,https://data.opencity.in/dataset/866141ab-3a3f-4dc0-8092-421d97ba29a2/resource/b5f39598-2e2d-40c5-82c3-806a1ad65c91/download/db3840ff-9f33-43a3-b826-2f9dae1bcb78.kml,VERIFIED INCIDENT,OFFICIALLY_VERIFIED,HIGH,True,OFFICIAL_HISTORICAL_RECORD
CHN-INC-1202,GCC-2015-STAG-0202,2015-12-01,Chennai Floods 2015,GKM Colony,13.110723,80.225,69,Ward 69 (Thiru. Vi. Ka. Nagar),6,Thiru. Vi. Ka. Nagar,waterlogging,high,Data Unavailable,Data Unavailable,GKM Colony,Greater Chennai Corporation (GCC) 2015 Water Stagnation Locations,GCC-2015-STAG,https://data.opencity.in/dataset/866141ab-3a3f-4dc0-8092-421d97ba29a2/resource/b5f39598-2e2d-40c5-82c3-806a1ad65c91/download/db3840ff-9f33-43a3-b826-2f9dae1bcb78.kml,VERIFIED INCIDENT,OFFICIALLY_VERIFIED,HIGH,True,OFFICIAL_HISTORICAL_RECORD
CHN-INC-1203,GCC-2015-STAG-0203,2015-12-01,Chennai Floods 2015,Pallavan Salai,13.120901,80.233369,67,Ward 67 (Thiru. Vi. Ka. Nagar),6,Thiru. Vi. Ka. Nagar,waterlogging,high,Data Unavailable,Data Unavailable,Pallavan Salai,Greater Chennai Corporation (GCC) 2015 Water Stagnation Locations,GCC-2015-STAG,https://data.opencity.in/dataset/866141ab-3a3f-4dc0-8092-421d97ba29a2/resource/b5f39598-2e2d-40c5-82c3-806a1ad65c91/download/db3840ff-9f33-43a3-b826-2f9dae1bcb78.kml,VERIFIED INCIDENT,OFFICIALLY_VERIFIED,HIGH,True,OFFICIAL_HISTORICAL_RECORD
CHN-INC-1204,GCC-2015-STAG-0204,2015-12-01,Chennai Floods 2015,M.H.Road,13.122614,80.24251,70,Ward 70 (Thiru. Vi. Ka. Nagar),6,Thiru. Vi. Ka. Nagar,waterlogging,high,Data Unavailable,Data Unavailable,M.H.Road,Greater Chennai Corporation (GCC) 2015 Water Stagnation Locations,GCC-2015-STAG,https://data.opencity.in/dataset/866141ab-3a3f-4dc0-8092-421d97ba29a2/resource/b5f39598-2e2d-40c5-82c3-806a1ad65c91/download/db3840ff-9f33-43a3-b826-2f9dae1bcb78.kml,VERIFIED INCIDENT,OFFICIALLY_VERIFIED,HIGH,True,OFFICIAL_HISTORICAL_RECORD
CHN-INC-1205,GCC-2015-STAG-0205,2015-12-01,Chennai Floods 2015,Bunder Garden Street,13.111204,80.241995,70,Ward 70 (Thiru. Vi. Ka. Nagar),6,Thiru. Vi. Ka. Nagar,waterlogging,high,Data Unavailable,Data Unavailable,Bunder Garden Street,Greater Chennai Corporation (GCC) 2015 Water Stagnation Locations,GCC-2015-STAG,https://data.opencity.in/dataset/866141ab-3a3f-4dc0-8092-421d97ba29a2/resource/b5f39598-2e2d-40c5-82c3-806a1ad65c91/download/db3840ff-9f33-43a3-b826-2f9dae1bcb78.kml,VERIFIED INCIDENT,OFFICIALLY_VERIFIED,HIGH,True,OFFICIAL_HISTORICAL_RECORD
CHN-INC-1206,GCC-2015-STAG-0206,2015-12-01,Chennai Floods 2015,Ragavan Street,13.113231,80.240139,70,Ward 70 (Thiru. Vi. Ka. Nagar),6,Thiru. Vi. Ka. Nagar,waterlogging,high,Data Unavailable,Data Unavailable,Ragavan Street,Greater Chennai Corporation (GCC) 2015 Water Stagnation Locations,GCC-2015-STAG,https://data.opencity.in/dataset/866141ab-3a3f-4dc0-8092-421d97ba29a2/resource/b5f39598-2e2d-40c5-82c3-806a1ad65c91/download/db3840ff-9f33-43a3-b826-2f9dae1bcb78.kml,VERIFIED INCIDENT,OFFICIALLY_VERIFIED,HIGH,True,OFFICIAL_HISTORICAL_RECORD
CHN-INC-1207,GCC-2015-STAG-0207,2015-12-01,Chennai Floods 2015,Jawahar Road,13.119814,80.24501,70,Ward 70 (Thiru. Vi. Ka. Nagar),6,Thiru. Vi. Ka. Nagar,waterlogging,high,Data Unavailable,Data Unavailable,Jawahar Road,Greater Chennai Corporation (GCC) 2015 Water Stagnation Locations,GCC-2015-STAG,https://data.opencity.in/dataset/866141ab-3a3f-4dc0-8092-421d97ba29a2/resource/b5f39598-2e2d-40c5-82c3-806a1ad65c91/download/db3840ff-9f33-43a3-b826-2f9dae1bcb78.kml,VERIFIED INCIDENT,OFFICIALLY_VERIFIED,HIGH,True,OFFICIAL_HISTORICAL_RECORD
CHN-INC-1208,GCC-2015-STAG-0208,2015-12-01,Chennai Floods 2015,Anderson Road,13.099229,80.242703,74,Ward 74 (Thiru. Vi. Ka. Nagar),6,Thiru. Vi. Ka. Nagar,waterlogging,high,Data Unavailable,Data Unavailable,Anderson Road,Greater Chennai Corporation (GCC) 2015 Water Stagnation Locations,GCC-2015-STAG,https://data.opencity.in/dataset/866141ab-3a3f-4dc0-8092-421d97ba29a2/resource/b5f39598-2e2d-40c5-82c3-806a1ad65c91/download/db3840ff-9f33-43a3-b826-2f9dae1bcb78.kml,VERIFIED INCIDENT,OFFICIALLY_VERIFIED,HIGH,True,OFFICIAL_HISTORICAL_RECORD
CHN-INC-1209,GCC-2015-STAG-0209,2015-12-01,Chennai Floods 2015,Shanthi Nagar,13.119062,80.241351,70,Ward 70 (Thiru. Vi. Ka. Nagar),6,Thiru. Vi. Ka. Nagar,waterlogging,high,Data Unavailable,Data Unavailable,Shanthi Nagar,Greater Chennai Corporation (GCC) 2015 Water Stagnation Locations,GCC-2015-STAG,https://data.opencity.in/dataset/866141ab-3a3f-4dc0-8092-421d97ba29a2/resource/b5f39598-2e2d-40c5-82c3-806a1ad65c91/download/db3840ff-9f33-43a3-b826-2f9dae1bcb78.kml,VERIFIED INCIDENT,OFFICIALLY_VERIFIED,HIGH,True,OFFICIAL_HISTORICAL_RECORD
CHN-INC-1210,GCC-2015-STAG-0210,2015-12-01,Chennai Floods 2015,Aynavaram Ganambal Garden,13.099255,80.235584,96,Ward 96 (Anna Nagar),8,Anna Nagar,waterlogging,high,Data Unavailable,Data Unavailable,Aynavaram Ganambal Garden,Greater Chennai Corporation (GCC) 2015 Water Stagnation Locations,GCC-2015-STAG,https://data.opencity.in/dataset/866141ab-3a3f-4dc0-8092-421d97ba29a2/resource/b5f39598-2e2d-40c5-82c3-806a1ad65c91/download/db3840ff-9f33-43a3-b826-2f9dae1bcb78.kml,VERIFIED INCIDENT,OFFICIALLY_VERIFIED,HIGH,True,OFFICIAL_HISTORICAL_RECORD
CHN-INC-1211,GCC-2015-STAG-0211,2015-12-01,Chennai Floods 2015,K.H.Road,13.097034,80.245771,74,Ward 74 (Thiru. Vi. Ka. Nagar),6,Thiru. Vi. Ka. Nagar,waterlogging,high,Data Unavailable,Data Unavailable,K.H.Road,Greater Chennai Corporation (GCC) 2015 Water Stagnation Locations,GCC-2015-STAG,https://data.opencity.in/dataset/866141ab-3a3f-4dc0-8092-421d97ba29a2/resource/b5f39598-2e2d-40c5-82c3-806a1ad65c91/download/db3840ff-9f33-43a3-b826-2f9dae1bcb78.kml,VERIFIED INCIDENT,OFFICIALLY_VERIFIED,HIGH,True,OFFICIAL_HISTORICAL_RECORD
CHN-INC-1212,GCC-2015-STAG-0212,2015-12-01,Chennai Floods 2015,C.Y.S Road,13.104767,80.245707,74,Ward 74 (Thiru. Vi. Ka. Nagar),6,Thiru. Vi. Ka. Nagar,waterlogging,high,Data Unavailable,Data Unavailable,C.Y.S Road,Greater Chennai Corporation (GCC) 2015 Water Stagnation Locations,GCC-2015-STAG,https://data.opencity.in/dataset/866141ab-3a3f-4dc0-8092-421d97ba29a2/resource/b5f39598-2e2d-40c5-82c3-806a1ad65c91/download/db3840ff-9f33-43a3-b826-2f9dae1bcb78.kml,VERIFIED INCIDENT,OFFICIALLY_VERIFIED,HIGH,True,OFFICIAL_HISTORICAL_RECORD
CHN-INC-1213,GCC-2015-STAG-0213,2015-12-01,Chennai Floods 2015,Jothi Nagar,13.103283,80.245825,74,Ward 74 (Thiru. Vi. Ka. Nagar),6,Thiru. Vi. Ka. Nagar,waterlogging,high,Data Unavailable,Data Unavailable,Jothi Nagar,Greater Chennai Corporation (GCC) 2015 Water Stagnation Locations,GCC-2015-STAG,https://data.opencity.in/dataset/866141ab-3a3f-4dc0-8092-421d97ba29a2/resource/b5f39598-2e2d-40c5-82c3-806a1ad65c91/download/db3840ff-9f33-43a3-b826-2f9dae1bcb78.kml,VERIFIED INCIDENT,OFFICIALLY_VERIFIED,HIGH,True,OFFICIAL_HISTORICAL_RECORD
CHN-INC-1214,GCC-2015-STAG-0214,2015-12-01,Chennai Floods 2015,Raju Ganthi Nagar,13.106105,80.243368,74,Ward 74 (Thiru. Vi. Ka. Nagar),6,Thiru. Vi. Ka. Nagar,waterlogging,high,Data Unavailable,Data Unavailable,Raju Ganthi Nagar,Greater Chennai Corporation (GCC) 2015 Water Stagnation Locations,GCC-2015-STAG,https://data.opencity.in/dataset/866141ab-3a3f-4dc0-8092-421d97ba29a2/resource/b5f39598-2e2d-40c5-82c3-806a1ad65c91/download/db3840ff-9f33-43a3-b826-2f9dae1bcb78.kml,VERIFIED INCIDENT,OFFICIALLY_VERIFIED,HIGH,True,OFFICIAL_HISTORICAL_RECORD
CHN-INC-1215,GCC-2015-STAG-0215,2015-12-01,Chennai Floods 2015,Semethamman Koil Street,13.106053,80.244237,74,Ward 74 (Thiru. Vi. Ka. Nagar),6,Thiru. Vi. Ka. Nagar,waterlogging,high,Data Unavailable,Data Unavailable,Semethamman Koil Street,Greater Chennai Corporation (GCC) 2015 Water Stagnation Locations,GCC-2015-STAG,https://data.opencity.in/dataset/866141ab-3a3f-4dc0-8092-421d97ba29a2/resource/b5f39598-2e2d-40c5-82c3-806a1ad65c91/download/db3840ff-9f33-43a3-b826-2f9dae1bcb78.kml,VERIFIED INCIDENT,OFFICIALLY_VERIFIED,HIGH,True,OFFICIAL_HISTORICAL_RECORD
CHN-INC-1216,GCC-2015-STAG-0216,2015-12-01,Chennai Floods 2015,Thiru.Vi.ka Salai,13.042618,80.267958,121,Ward 121 (Teynampet),9,Teynampet,waterlogging,high,Data Unavailable,Data Unavailable,Thiru.Vi.ka Salai,Greater Chennai Corporation (GCC) 2015 Water Stagnation Locations,GCC-2015-STAG,https://data.opencity.in/dataset/866141ab-3a3f-4dc0-8092-421d97ba29a2/resource/b5f39598-2e2d-40c5-82c3-806a1ad65c91/download/db3840ff-9f33-43a3-b826-2f9dae1bcb78.kml,VERIFIED INCIDENT,OFFICIALLY_VERIFIED,HIGH,True,OFFICIAL_HISTORICAL_RECORD
CHN-INC-1217,GCC-2015-STAG-0217,2015-12-01,Chennai Floods 2015,Marina Service Road,13.044733,80.280432,121,Ward 121 (Teynampet),9,Teynampet,waterlogging,high,Data Unavailable,Data Unavailable,Marina Service Road,Greater Chennai Corporation (GCC) 2015 Water Stagnation Locations,GCC-2015-STAG,https://data.opencity.in/dataset/866141ab-3a3f-4dc0-8092-421d97ba29a2/resource/b5f39598-2e2d-40c5-82c3-806a1ad65c91/download/db3840ff-9f33-43a3-b826-2f9dae1bcb78.kml,VERIFIED INCIDENT,OFFICIALLY_VERIFIED,HIGH,True,OFFICIAL_HISTORICAL_RECORD
CHN-INC-1218,GCC-2015-STAG-0218,2015-12-01,Chennai Floods 2015,Chamiers Road,13.029136,80.248025,122,Ward 122 (Teynampet),9,Teynampet,waterlogging,high,Data Unavailable,Data Unavailable,Chamiers Road,Greater Chennai Corporation (GCC) 2015 Water Stagnation Locations,GCC-2015-STAG,https://data.opencity.in/dataset/866141ab-3a3f-4dc0-8092-421d97ba29a2/resource/b5f39598-2e2d-40c5-82c3-806a1ad65c91/download/db3840ff-9f33-43a3-b826-2f9dae1bcb78.kml,VERIFIED INCIDENT,OFFICIALLY_VERIFIED,HIGH,True,OFFICIAL_HISTORICAL_RECORD
CHN-INC-1219,GCC-2015-STAG-0219,2015-12-01,Chennai Floods 2015,Seethamal colony 2nd main road,13.034563,80.247913,122,Ward 122 (Teynampet),9,Teynampet,waterlogging,high,Data Unavailable,Data Unavailable,Seethamal colony 2nd main road,Greater Chennai Corporation (GCC) 2015 Water Stagnation Locations,GCC-2015-STAG,https://data.opencity.in/dataset/866141ab-3a3f-4dc0-8092-421d97ba29a2/resource/b5f39598-2e2d-40c5-82c3-806a1ad65c91/download/db3840ff-9f33-43a3-b826-2f9dae1bcb78.kml,VERIFIED INCIDENT,OFFICIALLY_VERIFIED,HIGH,True,OFFICIAL_HISTORICAL_RECORD
CHN-INC-1220,GCC-2015-STAG-0220,2015-12-01,Chennai Floods 2015,K.B. Dasan Road,13.035329,80.250273,122,Ward 122 (Teynampet),9,Teynampet,waterlogging,high,Data Unavailable,Data Unavailable,K.B. Dasan Road,Greater Chennai Corporation (GCC) 2015 Water Stagnation Locations,GCC-2015-STAG,https://data.opencity.in/dataset/866141ab-3a3f-4dc0-8092-421d97ba29a2/resource/b5f39598-2e2d-40c5-82c3-806a1ad65c91/download/db3840ff-9f33-43a3-b826-2f9dae1bcb78.kml,VERIFIED INCIDENT,OFFICIALLY_VERIFIED,HIGH,True,OFFICIAL_HISTORICAL_RECORD
CHN-INC-1221,GCC-2015-STAG-0221,2015-12-01,Chennai Floods 2015,Trunbulls Road,13.027477,80.244969,122,Ward 122 (Teynampet),9,Teynampet,waterlogging,high,Data Unavailable,Data Unavailable,Trunbulls Road,Greater Chennai Corporation (GCC) 2015 Water Stagnation Locations,GCC-2015-STAG,https://data.opencity.in/dataset/866141ab-3a3f-4dc0-8092-421d97ba29a2/resource/b5f39598-2e2d-40c5-82c3-806a1ad65c91/download/db3840ff-9f33-43a3-b826-2f9dae1bcb78.kml,VERIFIED INCIDENT,OFFICIALLY_VERIFIED,HIGH,True,OFFICIAL_HISTORICAL_RECORD
CHN-INC-1222,GCC-2015-STAG-0222,2015-12-01,Chennai Floods 2015,Ranga street,13.034786,80.244675,122,Ward 122 (Teynampet),9,Teynampet,waterlogging,high,Data Unavailable,Data Unavailable,Ranga street,Greater Chennai Corporation (GCC) 2015 Water Stagnation Locations,GCC-2015-STAG,https://data.opencity.in/dataset/866141ab-3a3f-4dc0-8092-421d97ba29a2/resource/b5f39598-2e2d-40c5-82c3-806a1ad65c91/download/db3840ff-9f33-43a3-b826-2f9dae1bcb78.kml,VERIFIED INCIDENT,OFFICIALLY_VERIFIED,HIGH,True,OFFICIAL_HISTORICAL_RECORD
CHN-INC-1223,GCC-2015-STAG-0223,2015-12-01,Chennai Floods 2015,Seethamal colony 1st main road,13.035549,80.253543,123,Ward 123 (Teynampet),9,Teynampet,waterlogging,high,Data Unavailable,Data Unavailable,Seethamal colony 1st main road,Greater Chennai Corporation (GCC) 2015 Water Stagnation Locations,GCC-2015-STAG,https://data.opencity.in/dataset/866141ab-3a3f-4dc0-8092-421d97ba29a2/resource/b5f39598-2e2d-40c5-82c3-806a1ad65c91/download/db3840ff-9f33-43a3-b826-2f9dae1bcb78.kml,VERIFIED INCIDENT,OFFICIALLY_VERIFIED,HIGH,True,OFFICIAL_HISTORICAL_RECORD
CHN-INC-1224,GCC-2015-STAG-0224,2015-12-01,Chennai Floods 2015,Eldams Road,13.038681,80.25212,123,Ward 123 (Teynampet),9,Teynampet,waterlogging,high,Data Unavailable,Data Unavailable,Eldams Road,Greater Chennai Corporation (GCC) 2015 Water Stagnation Locations,GCC-2015-STAG,https://data.opencity.in/dataset/866141ab-3a3f-4dc0-8092-421d97ba29a2/resource/b5f39598-2e2d-40c5-82c3-806a1ad65c91/download/db3840ff-9f33-43a3-b826-2f9dae1bcb78.kml,VERIFIED INCIDENT,OFFICIALLY_VERIFIED,HIGH,True,OFFICIAL_HISTORICAL_RECORD
CHN-INC-1225,GCC-2015-STAG-0225,2015-12-01,Chennai Floods 2015,Seethammal Road,13.036713,80.253942,123,Ward 123 (Teynampet),9,Teynampet,waterlogging,high,Data Unavailable,Data Unavailable,Seethammal Road,Greater Chennai Corporation (GCC) 2015 Water Stagnation Locations,GCC-2015-STAG,https://data.opencity.in/dataset/866141ab-3a3f-4dc0-8092-421d97ba29a2/resource/b5f39598-2e2d-40c5-82c3-806a1ad65c91/download/db3840ff-9f33-43a3-b826-2f9dae1bcb78.kml,VERIFIED INCIDENT,OFFICIALLY_VERIFIED,HIGH,True,OFFICIAL_HISTORICAL_RECORD
CHN-INC-1226,GCC-2015-STAG-0226,2015-12-01,Chennai Floods 2015,Kutcheri Road,13.03605,80.269213,124,Ward 124 (Teynampet),9,Teynampet,waterlogging,high,Data Unavailable,Data Unavailable,Kutcheri Road,Greater Chennai Corporation (GCC) 2015 Water Stagnation Locations,GCC-2015-STAG,https://data.opencity.in/dataset/866141ab-3a3f-4dc0-8092-421d97ba29a2/resource/b5f39598-2e2d-40c5-82c3-806a1ad65c91/download/db3840ff-9f33-43a3-b826-2f9dae1bcb78.kml,VERIFIED INCIDENT,OFFICIALLY_VERIFIED,HIGH,True,OFFICIAL_HISTORICAL_RECORD
CHN-INC-1227,GCC-2015-STAG-0227,2015-12-01,Chennai Floods 2015,Sundharam Salai,13.02206,80.25122,122,Ward 122 (Teynampet),9,Teynampet,waterlogging,high,Data Unavailable,Data Unavailable,Sundharam Salai,Greater Chennai Corporation (GCC) 2015 Water Stagnation Locations,GCC-2015-STAG,https://data.opencity.in/dataset/866141ab-3a3f-4dc0-8092-421d97ba29a2/resource/b5f39598-2e2d-40c5-82c3-806a1ad65c91/download/db3840ff-9f33-43a3-b826-2f9dae1bcb78.kml,VERIFIED INCIDENT,OFFICIALLY_VERIFIED,HIGH,True,OFFICIAL_HISTORICAL_RECORD
CHN-INC-1228,GCC-2015-STAG-0228,2015-12-01,Chennai Floods 2015,V.C.Garden Street,13.030504,80.263945,124,Ward 124 (Teynampet),9,Teynampet,waterlogging,high,Data Unavailable,Data Unavailable,V.C.Garden Street,Greater Chennai Corporation (GCC) 2015 Water Stagnation Locations,GCC-2015-STAG,https://data.opencity.in/dataset/866141ab-3a3f-4dc0-8092-421d97ba29a2/resource/b5f39598-2e2d-40c5-82c3-806a1ad65c91/download/db3840ff-9f33-43a3-b826-2f9dae1bcb78.kml,VERIFIED INCIDENT,OFFICIALLY_VERIFIED,HIGH,True,OFFICIAL_HISTORICAL_RECORD
CHN-INC-1229,GCC-2015-STAG-0229,2015-12-01,Chennai Floods 2015,Thiyagaraya Puram,13.038295,80.273444,124,Ward 124 (Teynampet),9,Teynampet,waterlogging,high,Data Unavailable,Data Unavailable,Thiyagaraya Puram,Greater Chennai Corporation (GCC) 2015 Water Stagnation Locations,GCC-2015-STAG,https://data.opencity.in/dataset/866141ab-3a3f-4dc0-8092-421d97ba29a2/resource/b5f39598-2e2d-40c5-82c3-806a1ad65c91/download/db3840ff-9f33-43a3-b826-2f9dae1bcb78.kml,VERIFIED INCIDENT,OFFICIALLY_VERIFIED,HIGH,True,OFFICIAL_HISTORICAL_RECORD
CHN-INC-1230,GCC-2015-STAG-0230,2015-12-01,Chennai Floods 2015,R.K.Mutt Road,13.032998,80.267721,124,Ward 124 (Teynampet),9,Teynampet,waterlogging,high,Data Unavailable,Data Unavailable,R.K.Mutt Road,Greater Chennai Corporation (GCC) 2015 Water Stagnation Locations,GCC-2015-STAG,https://data.opencity.in/dataset/866141ab-3a3f-4dc0-8092-421d97ba29a2/resource/b5f39598-2e2d-40c5-82c3-806a1ad65c91/download/db3840ff-9f33-43a3-b826-2f9dae1bcb78.kml,VERIFIED INCIDENT,OFFICIALLY_VERIFIED,HIGH,True,OFFICIAL_HISTORICAL_RECORD
CHN-INC-1231,GCC-2015-STAG-0231,2015-12-01,Chennai Floods 2015,Papanasam Sivan Road,13.035805,80.275536,125,Ward 125 (Teynampet),9,Teynampet,waterlogging,high,Data Unavailable,Data Unavailable,Papanasam Sivan Road,Greater Chennai Corporation (GCC) 2015 Water Stagnation Locations,GCC-2015-STAG,https://data.opencity.in/dataset/866141ab-3a3f-4dc0-8092-421d97ba29a2/resource/b5f39598-2e2d-40c5-82c3-806a1ad65c91/download/db3840ff-9f33-43a3-b826-2f9dae1bcb78.kml,VERIFIED INCIDENT,OFFICIALLY_VERIFIED,HIGH,True,OFFICIAL_HISTORICAL_RECORD
CHN-INC-1232,GCC-2015-STAG-0232,2015-12-01,Chennai Floods 2015,Santhome High Road,13.029933,80.276753,125,Ward 125 (Teynampet),9,Teynampet,waterlogging,high,Data Unavailable,Data Unavailable,Santhome High Road,Greater Chennai Corporation (GCC) 2015 Water Stagnation Locations,GCC-2015-STAG,https://data.opencity.in/dataset/866141ab-3a3f-4dc0-8092-421d97ba29a2/resource/b5f39598-2e2d-40c5-82c3-806a1ad65c91/download/db3840ff-9f33-43a3-b826-2f9dae1bcb78.kml,VERIFIED INCIDENT,OFFICIALLY_VERIFIED,HIGH,True,OFFICIAL_HISTORICAL_RECORD
CHN-INC-1233,GCC-2015-STAG-0233,2015-12-01,Chennai Floods 2015,R.K.Salai,13.043325,80.277342,125,Ward 125 (Teynampet),9,Teynampet,waterlogging,high,Data Unavailable,Data Unavailable,R.K.Salai,Greater Chennai Corporation (GCC) 2015 Water Stagnation Locations,GCC-2015-STAG,https://data.opencity.in/dataset/866141ab-3a3f-4dc0-8092-421d97ba29a2/resource/b5f39598-2e2d-40c5-82c3-806a1ad65c91/download/db3840ff-9f33-43a3-b826-2f9dae1bcb78.kml,VERIFIED INCIDENT,OFFICIALLY_VERIFIED,HIGH,True,OFFICIAL_HISTORICAL_RECORD
CHN-INC-1234,GCC-2015-STAG-0234,2015-12-01,Chennai Floods 2015,M.G.R.Salai,13.034422,80.273024,125,Ward 125 (Teynampet),9,Teynampet,waterlogging,high,Data Unavailable,Data Unavailable,M.G.R.Salai,Greater Chennai Corporation (GCC) 2015 Water Stagnation Locations,GCC-2015-STAG,https://data.opencity.in/dataset/866141ab-3a3f-4dc0-8092-421d97ba29a2/resource/b5f39598-2e2d-40c5-82c3-806a1ad65c91/download/db3840ff-9f33-43a3-b826-2f9dae1bcb78.kml,VERIFIED INCIDENT,OFFICIALLY_VERIFIED,HIGH,True,OFFICIAL_HISTORICAL_RECORD
CHN-INC-1235,GCC-2015-STAG-0235,2015-12-01,Chennai Floods 2015,Mandeveli bus depot,13.026382,80.266168,126,Ward 126 (Teynampet),9,Teynampet,waterlogging,high,Data Unavailable,Data Unavailable,Mandeveli bus depot,Greater Chennai Corporation (GCC) 2015 Water Stagnation Locations,GCC-2015-STAG,https://data.opencity.in/dataset/866141ab-3a3f-4dc0-8092-421d97ba29a2/resource/b5f39598-2e2d-40c5-82c3-806a1ad65c91/download/db3840ff-9f33-43a3-b826-2f9dae1bcb78.kml,VERIFIED INCIDENT,OFFICIALLY_VERIFIED,HIGH,True,OFFICIAL_HISTORICAL_RECORD
CHN-INC-1236,GCC-2015-STAG-0236,2015-12-01,Chennai Floods 2015,Sundershwarer Swamy Street,13.032418,80.271584,125,Ward 125 (Teynampet),9,Teynampet,waterlogging,high,Data Unavailable,Data Unavailable,Sundershwarer Swamy Street,Greater Chennai Corporation (GCC) 2015 Water Stagnation Locations,GCC-2015-STAG,https://data.opencity.in/dataset/866141ab-3a3f-4dc0-8092-421d97ba29a2/resource/b5f39598-2e2d-40c5-82c3-806a1ad65c91/download/db3840ff-9f33-43a3-b826-2f9dae1bcb78.kml,VERIFIED INCIDENT,OFFICIALLY_VERIFIED,HIGH,True,OFFICIAL_HISTORICAL_RECORD
CHN-INC-1237,GCC-2015-STAG-0237,2015-12-01,Chennai Floods 2015,Pattinam pakkam Road,13.025388,80.276055,126,Ward 126 (Teynampet),9,Teynampet,waterlogging,high,Data Unavailable,Data Unavailable,Pattinam pakkam Road,Greater Chennai Corporation (GCC) 2015 Water Stagnation Locations,GCC-2015-STAG,https://data.opencity.in/dataset/866141ab-3a3f-4dc0-8092-421d97ba29a2/resource/b5f39598-2e2d-40c5-82c3-806a1ad65c91/download/db3840ff-9f33-43a3-b826-2f9dae1bcb78.kml,VERIFIED INCIDENT,OFFICIALLY_VERIFIED,HIGH,True,OFFICIAL_HISTORICAL_RECORD
CHN-INC-1238,GCC-2015-STAG-0238,2015-12-01,Chennai Floods 2015,Venkata krishna Road,13.026669,80.262941,126,Ward 126 (Teynampet),9,Teynampet,waterlogging,high,Data Unavailable,Data Unavailable,Venkata krishna Road,Greater Chennai Corporation (GCC) 2015 Water Stagnation Locations,GCC-2015-STAG,https://data.opencity.in/dataset/866141ab-3a3f-4dc0-8092-421d97ba29a2/resource/b5f39598-2e2d-40c5-82c3-806a1ad65c91/download/db3840ff-9f33-43a3-b826-2f9dae1bcb78.kml,VERIFIED INCIDENT,OFFICIALLY_VERIFIED,HIGH,True,OFFICIAL_HISTORICAL_RECORD
CHN-INC-1239,GCC-2015-STAG-0239,2015-12-01,Chennai Floods 2015,Devanathen street,13.028299,80.26376,126,Ward 126 (Teynampet),9,Teynampet,waterlogging,high,Data Unavailable,Data Unavailable,Devanathen street,Greater Chennai Corporation (GCC) 2015 Water Stagnation Locations,GCC-2015-STAG,https://data.opencity.in/dataset/866141ab-3a3f-4dc0-8092-421d97ba29a2/resource/b5f39598-2e2d-40c5-82c3-806a1ad65c91/download/db3840ff-9f33-43a3-b826-2f9dae1bcb78.kml,VERIFIED INCIDENT,OFFICIALLY_VERIFIED,HIGH,True,OFFICIAL_HISTORICAL_RECORD
CHN-INC-1240,GCC-2015-STAG-0240,2015-12-01,Chennai Floods 2015,Santhome High Road,13.025929,80.27518,126,Ward 126 (Teynampet),9,Teynampet,waterlogging,high,Data Unavailable,Data Unavailable,Santhome High Road,Greater Chennai Corporation (GCC) 2015 Water Stagnation Locations,GCC-2015-STAG,https://data.opencity.in/dataset/866141ab-3a3f-4dc0-8092-421d97ba29a2/resource/b5f39598-2e2d-40c5-82c3-806a1ad65c91/download/db3840ff-9f33-43a3-b826-2f9dae1bcb78.kml,VERIFIED INCIDENT,OFFICIALLY_VERIFIED,HIGH,True,OFFICIAL_HISTORICAL_RECORD
CHN-INC-1241,GCC-2015-STAG-0241,2015-12-01,Chennai Floods 2015,KALIAMMAN KOIL STREET,13.060345,80.195799,127,Ward 127 (Kodambakkam),10,Kodambakkam,waterlogging,high,Data Unavailable,Data Unavailable,KALIAMMAN KOIL STREET,Greater Chennai Corporation (GCC) 2015 Water Stagnation Locations,GCC-2015-STAG,https://data.opencity.in/dataset/866141ab-3a3f-4dc0-8092-421d97ba29a2/resource/b5f39598-2e2d-40c5-82c3-806a1ad65c91/download/db3840ff-9f33-43a3-b826-2f9dae1bcb78.kml,VERIFIED INCIDENT,OFFICIALLY_VERIFIED,HIGH,True,OFFICIAL_HISTORICAL_RECORD
CHN-INC-1242,GCC-2015-STAG-0242,2015-12-01,Chennai Floods 2015,JAI NAGAR,13.070086,80.206416,127,Ward 127 (Kodambakkam),10,Kodambakkam,waterlogging,high,Data Unavailable,Data Unavailable,JAI NAGAR,Greater Chennai Corporation (GCC) 2015 Water Stagnation Locations,GCC-2015-STAG,https://data.opencity.in/dataset/866141ab-3a3f-4dc0-8092-421d97ba29a2/resource/b5f39598-2e2d-40c5-82c3-806a1ad65c91/download/db3840ff-9f33-43a3-b826-2f9dae1bcb78.kml,VERIFIED INCIDENT,OFFICIALLY_VERIFIED,HIGH,True,OFFICIAL_HISTORICAL_RECORD
CHN-INC-1243,GCC-2015-STAG-0243,2015-12-01,Chennai Floods 2015,RAGAVENDRA COLONY,13.059744,80.194663,127,Ward 127 (Kodambakkam),10,Kodambakkam,waterlogging,high,Data Unavailable,Data Unavailable,RAGAVENDRA COLONY,Greater Chennai Corporation (GCC) 2015 Water Stagnation Locations,GCC-2015-STAG,https://data.opencity.in/dataset/866141ab-3a3f-4dc0-8092-421d97ba29a2/resource/b5f39598-2e2d-40c5-82c3-806a1ad65c91/download/db3840ff-9f33-43a3-b826-2f9dae1bcb78.kml,VERIFIED INCIDENT,OFFICIALLY_VERIFIED,HIGH,True,OFFICIAL_HISTORICAL_RECORD
CHN-INC-1244,GCC-2015-STAG-0244,2015-12-01,Chennai Floods 2015,SRINIVASA NAGAR,13.071126,80.196365,127,Ward 127 (Kodambakkam),10,Kodambakkam,waterlogging,high,Data Unavailable,Data Unavailable,SRINIVASA NAGAR,Greater Chennai Corporation (GCC) 2015 Water Stagnation Locations,GCC-2015-STAG,https://data.opencity.in/dataset/866141ab-3a3f-4dc0-8092-421d97ba29a2/resource/b5f39598-2e2d-40c5-82c3-806a1ad65c91/download/db3840ff-9f33-43a3-b826-2f9dae1bcb78.kml,VERIFIED INCIDENT,OFFICIALLY_VERIFIED,HIGH,True,OFFICIAL_HISTORICAL_RECORD
CHN-INC-1245,GCC-2015-STAG-0245,2015-12-01,Chennai Floods 2015,NEW COLONY,13.048318,80.186867,128,Ward 128 (Kodambakkam),10,Kodambakkam,waterlogging,high,Data Unavailable,Data Unavailable,NEW COLONY,Greater Chennai Corporation (GCC) 2015 Water Stagnation Locations,GCC-2015-STAG,https://data.opencity.in/dataset/866141ab-3a3f-4dc0-8092-421d97ba29a2/resource/b5f39598-2e2d-40c5-82c3-806a1ad65c91/download/db3840ff-9f33-43a3-b826-2f9dae1bcb78.kml,VERIFIED INCIDENT,OFFICIALLY_VERIFIED,HIGH,True,OFFICIAL_HISTORICAL_RECORD
CHN-INC-1246,GCC-2015-STAG-0246,2015-12-01,Chennai Floods 2015,SRI IYAPPA NAGAR,13.063682,80.197307,127,Ward 127 (Kodambakkam),10,Kodambakkam,waterlogging,high,Data Unavailable,Data Unavailable,SRI IYAPPA NAGAR,Greater Chennai Corporation (GCC) 2015 Water Stagnation Locations,GCC-2015-STAG,https://data.opencity.in/dataset/866141ab-3a3f-4dc0-8092-421d97ba29a2/resource/b5f39598-2e2d-40c5-82c3-806a1ad65c91/download/db3840ff-9f33-43a3-b826-2f9dae1bcb78.kml,VERIFIED INCIDENT,OFFICIALLY_VERIFIED,HIGH,True,OFFICIAL_HISTORICAL_RECORD
CHN-INC-1247,GCC-2015-STAG-0247,2015-12-01,Chennai Floods 2015,KULASEKARAPURAM,13.062329,80.203372,127,Ward 127 (Kodambakkam),10,Kodambakkam,waterlogging,high,Data Unavailable,Data Unavailable,KULASEKARAPURAM,Greater Chennai Corporation (GCC) 2015 Water Stagnation Locations,GCC-2015-STAG,https://data.opencity.in/dataset/866141ab-3a3f-4dc0-8092-421d97ba29a2/resource/b5f39598-2e2d-40c5-82c3-806a1ad65c91/download/db3840ff-9f33-43a3-b826-2f9dae1bcb78.kml,VERIFIED INCIDENT,OFFICIALLY_VERIFIED,HIGH,True,OFFICIAL_HISTORICAL_RECORD
CHN-INC-1248,GCC-2015-STAG-0248,2015-12-01,Chennai Floods 2015,ARUNACHALAM ROAD,13.053734,80.204096,129,Ward 129 (Kodambakkam),10,Kodambakkam,waterlogging,high,Data Unavailable,Data Unavailable,ARUNACHALAM ROAD,Greater Chennai Corporation (GCC) 2015 Water Stagnation Locations,GCC-2015-STAG,https://data.opencity.in/dataset/866141ab-3a3f-4dc0-8092-421d97ba29a2/resource/b5f39598-2e2d-40c5-82c3-806a1ad65c91/download/db3840ff-9f33-43a3-b826-2f9dae1bcb78.kml,VERIFIED INCIDENT,OFFICIALLY_VERIFIED,HIGH,True,OFFICIAL_HISTORICAL_RECORD
CHN-INC-1249,GCC-2015-STAG-0249,2015-12-01,Chennai Floods 2015,ABUSALI SALAI,13.0492,80.199106,129,Ward 129 (Kodambakkam),10,Kodambakkam,waterlogging,high,Data Unavailable,Data Unavailable,ABUSALI SALAI,Greater Chennai Corporation (GCC) 2015 Water Stagnation Locations,GCC-2015-STAG,https://data.opencity.in/dataset/866141ab-3a3f-4dc0-8092-421d97ba29a2/resource/b5f39598-2e2d-40c5-82c3-806a1ad65c91/download/db3840ff-9f33-43a3-b826-2f9dae1bcb78.kml,VERIFIED INCIDENT,OFFICIALLY_VERIFIED,HIGH,True,OFFICIAL_HISTORICAL_RECORD
CHN-INC-1250,GCC-2015-STAG-0250,2015-12-01,Chennai Floods 2015,BALAJI NAGAR,13.056627,80.19834,127,Ward 127 (Kodambakkam),10,Kodambakkam,waterlogging,high,Data Unavailable,Data Unavailable,BALAJI NAGAR,Greater Chennai Corporation (GCC) 2015 Water Stagnation Locations,GCC-2015-STAG,https://data.opencity.in/dataset/866141ab-3a3f-4dc0-8092-421d97ba29a2/resource/b5f39598-2e2d-40c5-82c3-806a1ad65c91/download/db3840ff-9f33-43a3-b826-2f9dae1bcb78.kml,VERIFIED INCIDENT,OFFICIALLY_VERIFIED,HIGH,True,OFFICIAL_HISTORICAL_RECORD
CHN-INC-1251,GCC-2015-STAG-0251,2015-12-01,Chennai Floods 2015,THIRUVALLUVAR STREET,13.059419,80.208062,129,Ward 129 (Kodambakkam),10,Kodambakkam,waterlogging,high,Data Unavailable,Data Unavailable,THIRUVALLUVAR STREET,Greater Chennai Corporation (GCC) 2015 Water Stagnation Locations,GCC-2015-STAG,https://data.opencity.in/dataset/866141ab-3a3f-4dc0-8092-421d97ba29a2/resource/b5f39598-2e2d-40c5-82c3-806a1ad65c91/download/db3840ff-9f33-43a3-b826-2f9dae1bcb78.kml,VERIFIED INCIDENT,OFFICIALLY_VERIFIED,HIGH,True,OFFICIAL_HISTORICAL_RECORD
CHN-INC-1252,GCC-2015-STAG-0252,2015-12-01,Chennai Floods 2015,Mathiazhaghan Nagar,13.056847,80.201092,129,Ward 129 (Kodambakkam),10,Kodambakkam,waterlogging,high,Data Unavailable,Data Unavailable,Mathiazhaghan Nagar,Greater Chennai Corporation (GCC) 2015 Water Stagnation Locations,GCC-2015-STAG,https://data.opencity.in/dataset/866141ab-3a3f-4dc0-8092-421d97ba29a2/resource/b5f39598-2e2d-40c5-82c3-806a1ad65c91/download/db3840ff-9f33-43a3-b826-2f9dae1bcb78.kml,VERIFIED INCIDENT,OFFICIALLY_VERIFIED,HIGH,True,OFFICIAL_HISTORICAL_RECORD
CHN-INC-1253,GCC-2015-STAG-0253,2015-12-01,Chennai Floods 2015,PERIYAR NAGAR,13.035117,80.190058,137,Ward 137 (Kodambakkam),10,Kodambakkam,waterlogging,high,Data Unavailable,Data Unavailable,PERIYAR NAGAR,Greater Chennai Corporation (GCC) 2015 Water Stagnation Locations,GCC-2015-STAG,https://data.opencity.in/dataset/866141ab-3a3f-4dc0-8092-421d97ba29a2/resource/b5f39598-2e2d-40c5-82c3-806a1ad65c91/download/db3840ff-9f33-43a3-b826-2f9dae1bcb78.kml,VERIFIED INCIDENT,OFFICIALLY_VERIFIED,HIGH,True,OFFICIAL_HISTORICAL_RECORD
CHN-INC-1254,GCC-2015-STAG-0254,2015-12-01,Chennai Floods 2015,KALIAMMAN KOIL STREET,13.053411,80.192352,128,Ward 128 (Kodambakkam),10,Kodambakkam,waterlogging,high,Data Unavailable,Data Unavailable,KALIAMMAN KOIL STREET,Greater Chennai Corporation (GCC) 2015 Water Stagnation Locations,GCC-2015-STAG,https://data.opencity.in/dataset/866141ab-3a3f-4dc0-8092-421d97ba29a2/resource/b5f39598-2e2d-40c5-82c3-806a1ad65c91/download/db3840ff-9f33-43a3-b826-2f9dae1bcb78.kml,VERIFIED INCIDENT,OFFICIALLY_VERIFIED,HIGH,True,OFFICIAL_HISTORICAL_RECORD
CHN-INC-1255,GCC-2015-STAG-0255,2015-12-01,Chennai Floods 2015,ELANGO NAGAR,13.054211,80.19099,128,Ward 128 (Kodambakkam),10,Kodambakkam,waterlogging,high,Data Unavailable,Data Unavailable,ELANGO NAGAR,Greater Chennai Corporation (GCC) 2015 Water Stagnation Locations,GCC-2015-STAG,https://data.opencity.in/dataset/866141ab-3a3f-4dc0-8092-421d97ba29a2/resource/b5f39598-2e2d-40c5-82c3-806a1ad65c91/download/db3840ff-9f33-43a3-b826-2f9dae1bcb78.kml,VERIFIED INCIDENT,OFFICIALLY_VERIFIED,HIGH,True,OFFICIAL_HISTORICAL_RECORD
CHN-INC-1256,GCC-2015-STAG-0256,2015-12-01,Chennai Floods 2015,Saratha Nagar,13.048282,80.194832,128,Ward 128 (Kodambakkam),10,Kodambakkam,waterlogging,high,Data Unavailable,Data Unavailable,Saratha Nagar,Greater Chennai Corporation (GCC) 2015 Water Stagnation Locations,GCC-2015-STAG,https://data.opencity.in/dataset/866141ab-3a3f-4dc0-8092-421d97ba29a2/resource/b5f39598-2e2d-40c5-82c3-806a1ad65c91/download/db3840ff-9f33-43a3-b826-2f9dae1bcb78.kml,VERIFIED INCIDENT,OFFICIALLY_VERIFIED,HIGH,True,OFFICIAL_HISTORICAL_RECORD
CHN-INC-1257,GCC-2015-STAG-0257,2015-12-01,Chennai Floods 2015,Tarachand Nagar,13.054829,80.194923,128,Ward 128 (Kodambakkam),10,Kodambakkam,waterlogging,high,Data Unavailable,Data Unavailable,Tarachand Nagar,Greater Chennai Corporation (GCC) 2015 Water Stagnation Locations,GCC-2015-STAG,https://data.opencity.in/dataset/866141ab-3a3f-4dc0-8092-421d97ba29a2/resource/b5f39598-2e2d-40c5-82c3-806a1ad65c91/download/db3840ff-9f33-43a3-b826-2f9dae1bcb78.kml,VERIFIED INCIDENT,OFFICIALLY_VERIFIED,HIGH,True,OFFICIAL_HISTORICAL_RECORD
CHN-INC-1258,GCC-2015-STAG-0258,2015-12-01,Chennai Floods 2015,CRR PURAM,13.053635,80.191866,128,Ward 128 (Kodambakkam),10,Kodambakkam,waterlogging,high,Data Unavailable,Data Unavailable,CRR PURAM,Greater Chennai Corporation (GCC) 2015 Water Stagnation Locations,GCC-2015-STAG,https://data.opencity.in/dataset/866141ab-3a3f-4dc0-8092-421d97ba29a2/resource/b5f39598-2e2d-40c5-82c3-806a1ad65c91/download/db3840ff-9f33-43a3-b826-2f9dae1bcb78.kml,VERIFIED INCIDENT,OFFICIALLY_VERIFIED,HIGH,True,OFFICIAL_HISTORICAL_RECORD
CHN-INC-1259,GCC-2015-STAG-0259,2015-12-01,Chennai Floods 2015,Sathya Moorthy Nagar Main Road,13.115175,80.26577,46,Ward 46 (Tondiarpet),4,Tondiarpet,waterlogging,high,Data Unavailable,Data Unavailable,Sathya Moorthy Nagar Main Road,Greater Chennai Corporation (GCC) 2015 Water Stagnation Locations,GCC-2015-STAG,https://data.opencity.in/dataset/866141ab-3a3f-4dc0-8092-421d97ba29a2/resource/b5f39598-2e2d-40c5-82c3-806a1ad65c91/download/db3840ff-9f33-43a3-b826-2f9dae1bcb78.kml,VERIFIED INCIDENT,OFFICIALLY_VERIFIED,HIGH,True,OFFICIAL_HISTORICAL_RECORD
CHN-INC-1260,GCC-2015-STAG-0260,2015-12-01,Chennai Floods 2015,DBK Street,13.112426,80.278924,48,Ward 48 (Tondiarpet),4,Tondiarpet,waterlogging,high,Data Unavailable,Data Unavailable,DBK Street,Greater Chennai Corporation (GCC) 2015 Water Stagnation Locations,GCC-2015-STAG,https://data.opencity.in/dataset/866141ab-3a3f-4dc0-8092-421d97ba29a2/resource/b5f39598-2e2d-40c5-82c3-806a1ad65c91/download/db3840ff-9f33-43a3-b826-2f9dae1bcb78.kml,VERIFIED INCIDENT,OFFICIALLY_VERIFIED,HIGH,True,OFFICIAL_HISTORICAL_RECORD
CHN-INC-1261,GCC-2015-STAG-0261,2015-12-01,Chennai Floods 2015,Partha Sarathy St,13.113006,80.279401,48,Ward 48 (Tondiarpet),4,Tondiarpet,waterlogging,high,Data Unavailable,Data Unavailable,Partha Sarathy St,Greater Chennai Corporation (GCC) 2015 Water Stagnation Locations,GCC-2015-STAG,https://data.opencity.in/dataset/866141ab-3a3f-4dc0-8092-421d97ba29a2/resource/b5f39598-2e2d-40c5-82c3-806a1ad65c91/download/db3840ff-9f33-43a3-b826-2f9dae1bcb78.kml,VERIFIED INCIDENT,OFFICIALLY_VERIFIED,HIGH,True,OFFICIAL_HISTORICAL_RECORD
CHN-INC-1262,GCC-2015-STAG-0262,2015-12-01,Chennai Floods 2015,Renuka Devi Amman Street,13.113492,80.25977,46,Ward 46 (Tondiarpet),4,Tondiarpet,waterlogging,high,Data Unavailable,Data Unavailable,Renuka Devi Amman Street,Greater Chennai Corporation (GCC) 2015 Water Stagnation Locations,GCC-2015-STAG,https://data.opencity.in/dataset/866141ab-3a3f-4dc0-8092-421d97ba29a2/resource/b5f39598-2e2d-40c5-82c3-806a1ad65c91/download/db3840ff-9f33-43a3-b826-2f9dae1bcb78.kml,VERIFIED INCIDENT,OFFICIALLY_VERIFIED,HIGH,True,OFFICIAL_HISTORICAL_RECORD
CHN-INC-1263,GCC-2015-STAG-0263,2015-12-01,Chennai Floods 2015,Sathya Moorthy Nagar 24th Block,13.118364,80.267257,46,Ward 46 (Tondiarpet),4,Tondiarpet,waterlogging,high,Data Unavailable,Data Unavailable,Sathya Moorthy Nagar 24th Block,Greater Chennai Corporation (GCC) 2015 Water Stagnation Locations,GCC-2015-STAG,https://data.opencity.in/dataset/866141ab-3a3f-4dc0-8092-421d97ba29a2/resource/b5f39598-2e2d-40c5-82c3-806a1ad65c91/download/db3840ff-9f33-43a3-b826-2f9dae1bcb78.kml,VERIFIED INCIDENT,OFFICIALLY_VERIFIED,HIGH,True,OFFICIAL_HISTORICAL_RECORD
CHN-INC-1264,GCC-2015-STAG-0264,2015-12-01,Chennai Floods 2015,T.H.Road (Dr.Vijayaragavalu road),13.109505,80.280189,53,Ward 53 (Royapuram),5,Royapuram,waterlogging,high,Data Unavailable,Data Unavailable,T.H.Road (Dr.Vijayaragavalu road),Greater Chennai Corporation (GCC) 2015 Water Stagnation Locations,GCC-2015-STAG,https://data.opencity.in/dataset/866141ab-3a3f-4dc0-8092-421d97ba29a2/resource/b5f39598-2e2d-40c5-82c3-806a1ad65c91/download/db3840ff-9f33-43a3-b826-2f9dae1bcb78.kml,VERIFIED INCIDENT,OFFICIALLY_VERIFIED,HIGH,True,OFFICIAL_HISTORICAL_RECORD
CHN-INC-1265,GCC-2015-STAG-0265,2015-12-01,Chennai Floods 2015,North wall road,13.1049,80.278287,53,Ward 53 (Royapuram),5,Royapuram,waterlogging,high,Data Unavailable,Data Unavailable,North wall road,Greater Chennai Corporation (GCC) 2015 Water Stagnation Locations,GCC-2015-STAG,https://data.opencity.in/dataset/866141ab-3a3f-4dc0-8092-421d97ba29a2/resource/b5f39598-2e2d-40c5-82c3-806a1ad65c91/download/db3840ff-9f33-43a3-b826-2f9dae1bcb78.kml,VERIFIED INCIDENT,OFFICIALLY_VERIFIED,HIGH,True,OFFICIAL_HISTORICAL_RECORD
CHN-INC-1266,GCC-2015-STAG-0266,2015-12-01,Chennai Floods 2015,C.B.Road,13.108109,80.272756,53,Ward 53 (Royapuram),5,Royapuram,waterlogging,high,Data Unavailable,Data Unavailable,C.B.Road,Greater Chennai Corporation (GCC) 2015 Water Stagnation Locations,GCC-2015-STAG,https://data.opencity.in/dataset/866141ab-3a3f-4dc0-8092-421d97ba29a2/resource/b5f39598-2e2d-40c5-82c3-806a1ad65c91/download/db3840ff-9f33-43a3-b826-2f9dae1bcb78.kml,VERIFIED INCIDENT,OFFICIALLY_VERIFIED,HIGH,True,OFFICIAL_HISTORICAL_RECORD
CHN-INC-1267,GCC-2015-STAG-0267,2015-12-01,Chennai Floods 2015,Thirupali St,13.096947,80.278098,54,Ward 54 (Royapuram),5,Royapuram,waterlogging,high,Data Unavailable,Data Unavailable,Thirupali St,Greater Chennai Corporation (GCC) 2015 Water Stagnation Locations,GCC-2015-STAG,https://data.opencity.in/dataset/866141ab-3a3f-4dc0-8092-421d97ba29a2/resource/b5f39598-2e2d-40c5-82c3-806a1ad65c91/download/db3840ff-9f33-43a3-b826-2f9dae1bcb78.kml,VERIFIED INCIDENT,OFFICIALLY_VERIFIED,HIGH,True,OFFICIAL_HISTORICAL_RECORD
CHN-INC-1268,GCC-2015-STAG-0268,2015-12-01,Chennai Floods 2015,Amman Koil Street,13.099034,80.278402,54,Ward 54 (Royapuram),5,Royapuram,waterlogging,high,Data Unavailable,Data Unavailable,Amman Koil Street,Greater Chennai Corporation (GCC) 2015 Water Stagnation Locations,GCC-2015-STAG,https://data.opencity.in/dataset/866141ab-3a3f-4dc0-8092-421d97ba29a2/resource/b5f39598-2e2d-40c5-82c3-806a1ad65c91/download/db3840ff-9f33-43a3-b826-2f9dae1bcb78.kml,VERIFIED INCIDENT,OFFICIALLY_VERIFIED,HIGH,True,OFFICIAL_HISTORICAL_RECORD
CHN-INC-1269,GCC-2015-STAG-0269,2015-12-01,Chennai Floods 2015,Waltax road,13.097865,80.275282,54,Ward 54 (Royapuram),5,Royapuram,waterlogging,high,Data Unavailable,Data Unavailable,Waltax road,Greater Chennai Corporation (GCC) 2015 Water Stagnation Locations,GCC-2015-STAG,https://data.opencity.in/dataset/866141ab-3a3f-4dc0-8092-421d97ba29a2/resource/b5f39598-2e2d-40c5-82c3-806a1ad65c91/download/db3840ff-9f33-43a3-b826-2f9dae1bcb78.kml,VERIFIED INCIDENT,OFFICIALLY_VERIFIED,HIGH,True,OFFICIAL_HISTORICAL_RECORD
CHN-INC-1270,GCC-2015-STAG-0270,2015-12-01,Chennai Floods 2015,chakarai chety st.,13.100457,80.27627,54,Ward 54 (Royapuram),5,Royapuram,waterlogging,high,Data Unavailable,Data Unavailable,chakarai chety st.,Greater Chennai Corporation (GCC) 2015 Water Stagnation Locations,GCC-2015-STAG,https://data.opencity.in/dataset/866141ab-3a3f-4dc0-8092-421d97ba29a2/resource/b5f39598-2e2d-40c5-82c3-806a1ad65c91/download/db3840ff-9f33-43a3-b826-2f9dae1bcb78.kml,VERIFIED INCIDENT,OFFICIALLY_VERIFIED,HIGH,True,OFFICIAL_HISTORICAL_RECORD
CHN-INC-1271,GCC-2015-STAG-0271,2015-12-01,Chennai Floods 2015,Kennte Lane,13.076115,80.262524,61,Ward 61 (Royapuram),5,Royapuram,waterlogging,high,Data Unavailable,Data Unavailable,Kennte Lane,Greater Chennai Corporation (GCC) 2015 Water Stagnation Locations,GCC-2015-STAG,https://data.opencity.in/dataset/866141ab-3a3f-4dc0-8092-421d97ba29a2/resource/b5f39598-2e2d-40c5-82c3-806a1ad65c91/download/db3840ff-9f33-43a3-b826-2f9dae1bcb78.kml,VERIFIED INCIDENT,OFFICIALLY_VERIFIED,HIGH,True,OFFICIAL_HISTORICAL_RECORD
CHN-INC-1272,GCC-2015-STAG-0272,2015-12-01,Chennai Floods 2015,Santhosh Nagar,13.078419,80.255893,61,Ward 61 (Royapuram),5,Royapuram,waterlogging,high,Data Unavailable,Data Unavailable,Santhosh Nagar,Greater Chennai Corporation (GCC) 2015 Water Stagnation Locations,GCC-2015-STAG,https://data.opencity.in/dataset/866141ab-3a3f-4dc0-8092-421d97ba29a2/resource/b5f39598-2e2d-40c5-82c3-806a1ad65c91/download/db3840ff-9f33-43a3-b826-2f9dae1bcb78.kml,VERIFIED INCIDENT,OFFICIALLY_VERIFIED,HIGH,True,OFFICIAL_HISTORICAL_RECORD
CHN-INC-1273,GCC-2015-STAG-0273,2015-12-01,Chennai Floods 2015,Ethiraj lane,13.066778,80.257305,61,Ward 61 (Royapuram),5,Royapuram,waterlogging,high,Data Unavailable,Data Unavailable,Ethiraj lane,Greater Chennai Corporation (GCC) 2015 Water Stagnation Locations,GCC-2015-STAG,https://data.opencity.in/dataset/866141ab-3a3f-4dc0-8092-421d97ba29a2/resource/b5f39598-2e2d-40c5-82c3-806a1ad65c91/download/db3840ff-9f33-43a3-b826-2f9dae1bcb78.kml,VERIFIED INCIDENT,OFFICIALLY_VERIFIED,HIGH,True,OFFICIAL_HISTORICAL_RECORD
CHN-INC-1274,GCC-2015-STAG-0274,2015-12-01,Chennai Floods 2015,Ambedkar Colony,13.03298,80.20897,138,Ward 138 (Kodambakkam),10,Kodambakkam,waterlogging,high,Data Unavailable,Data Unavailable,Ambedkar Colony,Greater Chennai Corporation (GCC) 2015 Water Stagnation Locations,GCC-2015-STAG,https://data.opencity.in/dataset/866141ab-3a3f-4dc0-8092-421d97ba29a2/resource/b5f39598-2e2d-40c5-82c3-806a1ad65c91/download/db3840ff-9f33-43a3-b826-2f9dae1bcb78.kml,VERIFIED INCIDENT,OFFICIALLY_VERIFIED,HIGH,True,OFFICIAL_HISTORICAL_RECORD
CHN-INC-1275,GCC-2015-STAG-0275,2015-12-01,Chennai Floods 2015,Bharathidasan Colony main raod,13.032686,80.205054,138,Ward 138 (Kodambakkam),10,Kodambakkam,waterlogging,high,Data Unavailable,Data Unavailable,Bharathidasan Colony main raod,Greater Chennai Corporation (GCC) 2015 Water Stagnation Locations,GCC-2015-STAG,https://data.opencity.in/dataset/866141ab-3a3f-4dc0-8092-421d97ba29a2/resource/b5f39598-2e2d-40c5-82c3-806a1ad65c91/download/db3840ff-9f33-43a3-b826-2f9dae1bcb78.kml,VERIFIED INCIDENT,OFFICIALLY_VERIFIED,HIGH,True,OFFICIAL_HISTORICAL_RECORD
CHN-INC-1276,GCC-2015-STAG-0276,2015-12-01,Chennai Floods 2015,GOVINDAN ROAD,13.031334,80.22268,140,Ward 140 (Kodambakkam),10,Kodambakkam,waterlogging,high,Data Unavailable,Data Unavailable,GOVINDAN ROAD,Greater Chennai Corporation (GCC) 2015 Water Stagnation Locations,GCC-2015-STAG,https://data.opencity.in/dataset/866141ab-3a3f-4dc0-8092-421d97ba29a2/resource/b5f39598-2e2d-40c5-82c3-806a1ad65c91/download/db3840ff-9f33-43a3-b826-2f9dae1bcb78.kml,VERIFIED INCIDENT,OFFICIALLY_VERIFIED,HIGH,True,OFFICIAL_HISTORICAL_RECORD
CHN-INC-1277,GCC-2015-STAG-0277,2015-12-01,Chennai Floods 2015,K.R.KOIL STREET,13.03198,80.225575,140,Ward 140 (Kodambakkam),10,Kodambakkam,waterlogging,high,Data Unavailable,Data Unavailable,K.R.KOIL STREET,Greater Chennai Corporation (GCC) 2015 Water Stagnation Locations,GCC-2015-STAG,https://data.opencity.in/dataset/866141ab-3a3f-4dc0-8092-421d97ba29a2/resource/b5f39598-2e2d-40c5-82c3-806a1ad65c91/download/db3840ff-9f33-43a3-b826-2f9dae1bcb78.kml,VERIFIED INCIDENT,OFFICIALLY_VERIFIED,HIGH,True,OFFICIAL_HISTORICAL_RECORD
CHN-INC-1278,GCC-2015-STAG-0278,2015-12-01,Chennai Floods 2015,Jothiramalingam Nagar,13.032639,80.223311,140,Ward 140 (Kodambakkam),10,Kodambakkam,waterlogging,high,Data Unavailable,Data Unavailable,Jothiramalingam Nagar,Greater Chennai Corporation (GCC) 2015 Water Stagnation Locations,GCC-2015-STAG,https://data.opencity.in/dataset/866141ab-3a3f-4dc0-8092-421d97ba29a2/resource/b5f39598-2e2d-40c5-82c3-806a1ad65c91/download/db3840ff-9f33-43a3-b826-2f9dae1bcb78.kml,VERIFIED INCIDENT,OFFICIALLY_VERIFIED,HIGH,True,OFFICIAL_HISTORICAL_RECORD
CHN-INC-1279,GCC-2015-STAG-0279,2015-12-01,Chennai Floods 2015,Ellaiamman Koil Street,13.033572,80.224764,140,Ward 140 (Kodambakkam),10,Kodambakkam,waterlogging,high,Data Unavailable,Data Unavailable,Ellaiamman Koil Street,Greater Chennai Corporation (GCC) 2015 Water Stagnation Locations,GCC-2015-STAG,https://data.opencity.in/dataset/866141ab-3a3f-4dc0-8092-421d97ba29a2/resource/b5f39598-2e2d-40c5-82c3-806a1ad65c91/download/db3840ff-9f33-43a3-b826-2f9dae1bcb78.kml,VERIFIED INCIDENT,OFFICIALLY_VERIFIED,HIGH,True,OFFICIAL_HISTORICAL_RECORD
CHN-INC-1280,GCC-2015-STAG-0280,2015-12-01,Chennai Floods 2015,SOUTH WEST BOAG ROAD,13.030981,80.232025,141,Ward 141 (Kodambakkam),10,Kodambakkam,waterlogging,high,Data Unavailable,Data Unavailable,SOUTH WEST BOAG ROAD,Greater Chennai Corporation (GCC) 2015 Water Stagnation Locations,GCC-2015-STAG,https://data.opencity.in/dataset/866141ab-3a3f-4dc0-8092-421d97ba29a2/resource/b5f39598-2e2d-40c5-82c3-806a1ad65c91/download/db3840ff-9f33-43a3-b826-2f9dae1bcb78.kml,VERIFIED INCIDENT,OFFICIALLY_VERIFIED,HIGH,True,OFFICIAL_HISTORICAL_RECORD
CHN-INC-1281,GCC-2015-STAG-0281,2015-12-01,Chennai Floods 2015,JEENIS ROAD,13.020732,80.224406,142,Ward 142 (Kodambakkam),10,Kodambakkam,waterlogging,high,Data Unavailable,Data Unavailable,JEENIS ROAD,Greater Chennai Corporation (GCC) 2015 Water Stagnation Locations,GCC-2015-STAG,https://data.opencity.in/dataset/866141ab-3a3f-4dc0-8092-421d97ba29a2/resource/b5f39598-2e2d-40c5-82c3-806a1ad65c91/download/db3840ff-9f33-43a3-b826-2f9dae1bcb78.kml,VERIFIED INCIDENT,OFFICIALLY_VERIFIED,HIGH,True,OFFICIAL_HISTORICAL_RECORD
CHN-INC-1282,GCC-2015-STAG-0282,2015-12-01,Chennai Floods 2015,Diwan Bashyam Street,13.023345,80.219041,142,Ward 142 (Kodambakkam),10,Kodambakkam,waterlogging,high,Data Unavailable,Data Unavailable,Diwan Bashyam Street,Greater Chennai Corporation (GCC) 2015 Water Stagnation Locations,GCC-2015-STAG,https://data.opencity.in/dataset/866141ab-3a3f-4dc0-8092-421d97ba29a2/resource/b5f39598-2e2d-40c5-82c3-806a1ad65c91/download/db3840ff-9f33-43a3-b826-2f9dae1bcb78.kml,VERIFIED INCIDENT,OFFICIALLY_VERIFIED,HIGH,True,OFFICIAL_HISTORICAL_RECORD
CHN-INC-1283,GCC-2015-STAG-0283,2015-12-01,Chennai Floods 2015,THIRUVALLUVAR STREET,13.027444,80.218251,142,Ward 142 (Kodambakkam),10,Kodambakkam,waterlogging,high,Data Unavailable,Data Unavailable,THIRUVALLUVAR STREET,Greater Chennai Corporation (GCC) 2015 Water Stagnation Locations,GCC-2015-STAG,https://data.opencity.in/dataset/866141ab-3a3f-4dc0-8092-421d97ba29a2/resource/b5f39598-2e2d-40c5-82c3-806a1ad65c91/download/db3840ff-9f33-43a3-b826-2f9dae1bcb78.kml,VERIFIED INCIDENT,OFFICIALLY_VERIFIED,HIGH,True,OFFICIAL_HISTORICAL_RECORD
CHN-INC-1284,GCC-2015-STAG-0284,2015-12-01,Chennai Floods 2015,POSTAL COLONY 1ST STREET,13.037023,80.219742,134,Ward 134 (Kodambakkam),10,Kodambakkam,waterlogging,high,Data Unavailable,Data Unavailable,POSTAL COLONY 1ST STREET,Greater Chennai Corporation (GCC) 2015 Water Stagnation Locations,GCC-2015-STAG,https://data.opencity.in/dataset/866141ab-3a3f-4dc0-8092-421d97ba29a2/resource/b5f39598-2e2d-40c5-82c3-806a1ad65c91/download/db3840ff-9f33-43a3-b826-2f9dae1bcb78.kml,VERIFIED INCIDENT,OFFICIALLY_VERIFIED,HIGH,True,OFFICIAL_HISTORICAL_RECORD
CHN-INC-1285,GCC-2015-STAG-0285,2015-12-01,Chennai Floods 2015,POSTAL COLONY 3RD STREET,13.035935,80.219676,134,Ward 134 (Kodambakkam),10,Kodambakkam,waterlogging,high,Data Unavailable,Data Unavailable,POSTAL COLONY 3RD STREET,Greater Chennai Corporation (GCC) 2015 Water Stagnation Locations,GCC-2015-STAG,https://data.opencity.in/dataset/866141ab-3a3f-4dc0-8092-421d97ba29a2/resource/b5f39598-2e2d-40c5-82c3-806a1ad65c91/download/db3840ff-9f33-43a3-b826-2f9dae1bcb78.kml,VERIFIED INCIDENT,OFFICIALLY_VERIFIED,HIGH,True,OFFICIAL_HISTORICAL_RECORD
CHN-INC-1286,GCC-2015-STAG-0286,2015-12-01,Chennai Floods 2015,G.N.Chetty road,13.042806,80.236226,133,Ward 133 (Kodambakkam),10,Kodambakkam,waterlogging,high,Data Unavailable,Data Unavailable,G.N.Chetty road,Greater Chennai Corporation (GCC) 2015 Water Stagnation Locations,GCC-2015-STAG,https://data.opencity.in/dataset/866141ab-3a3f-4dc0-8092-421d97ba29a2/resource/b5f39598-2e2d-40c5-82c3-806a1ad65c91/download/db3840ff-9f33-43a3-b826-2f9dae1bcb78.kml,VERIFIED INCIDENT,OFFICIALLY_VERIFIED,HIGH,True,OFFICIAL_HISTORICAL_RECORD
CHN-INC-1287,GCC-2015-STAG-0287,2015-12-01,Chennai Floods 2015,ALAGIRI NAGAR 4TH street,13.056821,80.213548,130,Ward 130 (Kodambakkam),10,Kodambakkam,waterlogging,high,Data Unavailable,Data Unavailable,ALAGIRI NAGAR 4TH street,Greater Chennai Corporation (GCC) 2015 Water Stagnation Locations,GCC-2015-STAG,https://data.opencity.in/dataset/866141ab-3a3f-4dc0-8092-421d97ba29a2/resource/b5f39598-2e2d-40c5-82c3-806a1ad65c91/download/db3840ff-9f33-43a3-b826-2f9dae1bcb78.kml,VERIFIED INCIDENT,OFFICIALLY_VERIFIED,HIGH,True,OFFICIAL_HISTORICAL_RECORD
CHN-INC-1288,GCC-2015-STAG-0288,2015-12-01,Chennai Floods 2015,ALAGIRI NAGAR 3RD street,13.056256,80.213702,130,Ward 130 (Kodambakkam),10,Kodambakkam,waterlogging,high,Data Unavailable,Data Unavailable,ALAGIRI NAGAR 3RD street,Greater Chennai Corporation (GCC) 2015 Water Stagnation Locations,GCC-2015-STAG,https://data.opencity.in/dataset/866141ab-3a3f-4dc0-8092-421d97ba29a2/resource/b5f39598-2e2d-40c5-82c3-806a1ad65c91/download/db3840ff-9f33-43a3-b826-2f9dae1bcb78.kml,VERIFIED INCIDENT,OFFICIALLY_VERIFIED,HIGH,True,OFFICIAL_HISTORICAL_RECORD
CHN-INC-1289,GCC-2015-STAG-0289,2015-12-01,Chennai Floods 2015,ALAGIRI NAGAR  5TH street,13.057074,80.213708,130,Ward 130 (Kodambakkam),10,Kodambakkam,waterlogging,high,Data Unavailable,Data Unavailable,ALAGIRI NAGAR  5TH street,Greater Chennai Corporation (GCC) 2015 Water Stagnation Locations,GCC-2015-STAG,https://data.opencity.in/dataset/866141ab-3a3f-4dc0-8092-421d97ba29a2/resource/b5f39598-2e2d-40c5-82c3-806a1ad65c91/download/db3840ff-9f33-43a3-b826-2f9dae1bcb78.kml,VERIFIED INCIDENT,OFFICIALLY_VERIFIED,HIGH,True,OFFICIAL_HISTORICAL_RECORD
CHN-INC-1290,GCC-2015-STAG-0290,2015-12-01,Chennai Floods 2015,Devaraj Nagar,13.059355,80.202889,129,Ward 129 (Kodambakkam),10,Kodambakkam,waterlogging,high,Data Unavailable,Data Unavailable,Devaraj Nagar,Greater Chennai Corporation (GCC) 2015 Water Stagnation Locations,GCC-2015-STAG,https://data.opencity.in/dataset/866141ab-3a3f-4dc0-8092-421d97ba29a2/resource/b5f39598-2e2d-40c5-82c3-806a1ad65c91/download/db3840ff-9f33-43a3-b826-2f9dae1bcb78.kml,VERIFIED INCIDENT,OFFICIALLY_VERIFIED,HIGH,True,OFFICIAL_HISTORICAL_RECORD
CHN-INC-1291,GCC-2015-STAG-0291,2015-12-01,Chennai Floods 2015,K.K.ROAD,13.057498,80.201848,129,Ward 129 (Kodambakkam),10,Kodambakkam,waterlogging,high,Data Unavailable,Data Unavailable,K.K.ROAD,Greater Chennai Corporation (GCC) 2015 Water Stagnation Locations,GCC-2015-STAG,https://data.opencity.in/dataset/866141ab-3a3f-4dc0-8092-421d97ba29a2/resource/b5f39598-2e2d-40c5-82c3-806a1ad65c91/download/db3840ff-9f33-43a3-b826-2f9dae1bcb78.kml,VERIFIED INCIDENT,OFFICIALLY_VERIFIED,HIGH,True,OFFICIAL_HISTORICAL_RECORD
CHN-INC-1292,GCC-2015-STAG-0292,2015-12-01,Chennai Floods 2015,ALAGIRI NAGAR 2ND street,13.056571,80.213699,130,Ward 130 (Kodambakkam),10,Kodambakkam,waterlogging,high,Data Unavailable,Data Unavailable,ALAGIRI NAGAR 2ND street,Greater Chennai Corporation (GCC) 2015 Water Stagnation Locations,GCC-2015-STAG,https://data.opencity.in/dataset/866141ab-3a3f-4dc0-8092-421d97ba29a2/resource/b5f39598-2e2d-40c5-82c3-806a1ad65c91/download/db3840ff-9f33-43a3-b826-2f9dae1bcb78.kml,VERIFIED INCIDENT,OFFICIALLY_VERIFIED,HIGH,True,OFFICIAL_HISTORICAL_RECORD
CHN-INC-1293,GCC-2015-STAG-0293,2015-12-01,Chennai Floods 2015,VGN NAGAR,13.077191,80.164588,143,Ward 143 (Valasaravakkam),11,Valasaravakkam,waterlogging,high,Data Unavailable,Data Unavailable,VGN NAGAR,Greater Chennai Corporation (GCC) 2015 Water Stagnation Locations,GCC-2015-STAG,https://data.opencity.in/dataset/866141ab-3a3f-4dc0-8092-421d97ba29a2/resource/b5f39598-2e2d-40c5-82c3-806a1ad65c91/download/db3840ff-9f33-43a3-b826-2f9dae1bcb78.kml,VERIFIED INCIDENT,OFFICIALLY_VERIFIED,HIGH,True,OFFICIAL_HISTORICAL_RECORD
CHN-INC-1294,GCC-2015-STAG-0294,2015-12-01,Chennai Floods 2015,Sriram Nagar Main Road,13.073361,80.167308,143,Ward 143 (Valasaravakkam),11,Valasaravakkam,waterlogging,high,Data Unavailable,Data Unavailable,Sriram Nagar Main Road,Greater Chennai Corporation (GCC) 2015 Water Stagnation Locations,GCC-2015-STAG,https://data.opencity.in/dataset/866141ab-3a3f-4dc0-8092-421d97ba29a2/resource/b5f39598-2e2d-40c5-82c3-806a1ad65c91/download/db3840ff-9f33-43a3-b826-2f9dae1bcb78.kml,VERIFIED INCIDENT,OFFICIALLY_VERIFIED,HIGH,True,OFFICIAL_HISTORICAL_RECORD
CHN-INC-1295,GCC-2015-STAG-0295,2015-12-01,Chennai Floods 2015,Poonamallee High Road,13.067489,80.177296,144,Ward 144 (Valasaravakkam),11,Valasaravakkam,waterlogging,high,Data Unavailable,Data Unavailable,Poonamallee High Road,Greater Chennai Corporation (GCC) 2015 Water Stagnation Locations,GCC-2015-STAG,https://data.opencity.in/dataset/866141ab-3a3f-4dc0-8092-421d97ba29a2/resource/b5f39598-2e2d-40c5-82c3-806a1ad65c91/download/db3840ff-9f33-43a3-b826-2f9dae1bcb78.kml,VERIFIED INCIDENT,OFFICIALLY_VERIFIED,HIGH,True,OFFICIAL_HISTORICAL_RECORD
CHN-INC-1296,GCC-2015-STAG-0296,2015-12-01,Chennai Floods 2015,MMDA Colony 4th Block,13.063285,80.175462,144,Ward 144 (Valasaravakkam),11,Valasaravakkam,waterlogging,high,Data Unavailable,Data Unavailable,MMDA Colony 4th Block,Greater Chennai Corporation (GCC) 2015 Water Stagnation Locations,GCC-2015-STAG,https://data.opencity.in/dataset/866141ab-3a3f-4dc0-8092-421d97ba29a2/resource/b5f39598-2e2d-40c5-82c3-806a1ad65c91/download/db3840ff-9f33-43a3-b826-2f9dae1bcb78.kml,VERIFIED INCIDENT,OFFICIALLY_VERIFIED,HIGH,True,OFFICIAL_HISTORICAL_RECORD
CHN-INC-1297,GCC-2015-STAG-0297,2015-12-01,Chennai Floods 2015,MMDA Colony 5th Block,13.063969,80.175273,144,Ward 144 (Valasaravakkam),11,Valasaravakkam,waterlogging,high,Data Unavailable,Data Unavailable,MMDA Colony 5th Block,Greater Chennai Corporation (GCC) 2015 Water Stagnation Locations,GCC-2015-STAG,https://data.opencity.in/dataset/866141ab-3a3f-4dc0-8092-421d97ba29a2/resource/b5f39598-2e2d-40c5-82c3-806a1ad65c91/download/db3840ff-9f33-43a3-b826-2f9dae1bcb78.kml,VERIFIED INCIDENT,OFFICIALLY_VERIFIED,HIGH,True,OFFICIAL_HISTORICAL_RECORD
CHN-INC-1298,GCC-2015-STAG-0298,2015-12-01,Chennai Floods 2015,Pallavan nagar,13.069602,80.184019,145,Ward 145 (Valasaravakkam),11,Valasaravakkam,waterlogging,high,Data Unavailable,Data Unavailable,Pallavan nagar,Greater Chennai Corporation (GCC) 2015 Water Stagnation Locations,GCC-2015-STAG,https://data.opencity.in/dataset/866141ab-3a3f-4dc0-8092-421d97ba29a2/resource/b5f39598-2e2d-40c5-82c3-806a1ad65c91/download/db3840ff-9f33-43a3-b826-2f9dae1bcb78.kml,VERIFIED INCIDENT,OFFICIALLY_VERIFIED,HIGH,True,OFFICIAL_HISTORICAL_RECORD
CHN-INC-1299,GCC-2015-STAG-0299,2015-12-01,Chennai Floods 2015,Azhagammal Nagar 8th Street,13.063163,80.186433,145,Ward 145 (Valasaravakkam),11,Valasaravakkam,waterlogging,high,Data Unavailable,Data Unavailable,Azhagammal Nagar 8th Street,Greater Chennai Corporation (GCC) 2015 Water Stagnation Locations,GCC-2015-STAG,https://data.opencity.in/dataset/866141ab-3a3f-4dc0-8092-421d97ba29a2/resource/b5f39598-2e2d-40c5-82c3-806a1ad65c91/download/db3840ff-9f33-43a3-b826-2f9dae1bcb78.kml,VERIFIED INCIDENT,OFFICIALLY_VERIFIED,HIGH,True,OFFICIAL_HISTORICAL_RECORD
CHN-INC-1300,GCC-2015-STAG-0300,2015-12-01,Chennai Floods 2015,Azhagammal Nagar 7th Street,13.0616,80.180473,148,Ward 148 (Valasaravakkam),11,Valasaravakkam,waterlogging,high,Data Unavailable,Data Unavailable,Azhagammal Nagar 7th Street,Greater Chennai Corporation (GCC) 2015 Water Stagnation Locations,GCC-2015-STAG,https://data.opencity.in/dataset/866141ab-3a3f-4dc0-8092-421d97ba29a2/resource/b5f39598-2e2d-40c5-82c3-806a1ad65c91/download/db3840ff-9f33-43a3-b826-2f9dae1bcb78.kml,VERIFIED INCIDENT,OFFICIALLY_VERIFIED,HIGH,True,OFFICIAL_HISTORICAL_RECORD
CHN-INC-1301,GCC-2015-STAG-0301,2015-12-01,Chennai Floods 2015,Vembuliamman Koil Street,13.076447,80.167242,143,Ward 143 (Valasaravakkam),11,Valasaravakkam,waterlogging,high,Data Unavailable,Data Unavailable,Vembuliamman Koil Street,Greater Chennai Corporation (GCC) 2015 Water Stagnation Locations,GCC-2015-STAG,https://data.opencity.in/dataset/866141ab-3a3f-4dc0-8092-421d97ba29a2/resource/b5f39598-2e2d-40c5-82c3-806a1ad65c91/download/db3840ff-9f33-43a3-b826-2f9dae1bcb78.kml,VERIFIED INCIDENT,OFFICIALLY_VERIFIED,HIGH,True,OFFICIAL_HISTORICAL_RECORD
CHN-INC-1302,GCC-2015-STAG-0302,2015-12-01,Chennai Floods 2015,Muniappa Nagar 2nd Street,13.059517,80.187019,148,Ward 148 (Valasaravakkam),11,Valasaravakkam,waterlogging,high,Data Unavailable,Data Unavailable,Muniappa Nagar 2nd Street,Greater Chennai Corporation (GCC) 2015 Water Stagnation Locations,GCC-2015-STAG,https://data.opencity.in/dataset/866141ab-3a3f-4dc0-8092-421d97ba29a2/resource/b5f39598-2e2d-40c5-82c3-806a1ad65c91/download/db3840ff-9f33-43a3-b826-2f9dae1bcb78.kml,VERIFIED INCIDENT,OFFICIALLY_VERIFIED,HIGH,True,OFFICIAL_HISTORICAL_RECORD
CHN-INC-1303,GCC-2015-STAG-0303,2015-12-01,Chennai Floods 2015,Krishna Nagar Main Road,13.062143,80.183717,145,Ward 145 (Valasaravakkam),11,Valasaravakkam,waterlogging,high,Data Unavailable,Data Unavailable,Krishna Nagar Main Road,Greater Chennai Corporation (GCC) 2015 Water Stagnation Locations,GCC-2015-STAG,https://data.opencity.in/dataset/866141ab-3a3f-4dc0-8092-421d97ba29a2/resource/b5f39598-2e2d-40c5-82c3-806a1ad65c91/download/db3840ff-9f33-43a3-b826-2f9dae1bcb78.kml,VERIFIED INCIDENT,OFFICIALLY_VERIFIED,HIGH,True,OFFICIAL_HISTORICAL_RECORD
CHN-INC-1304,GCC-2015-STAG-0304,2015-12-01,Chennai Floods 2015,NT Patel Road MGR Salai,13.061631,80.182658,145,Ward 145 (Valasaravakkam),11,Valasaravakkam,waterlogging,high,Data Unavailable,Data Unavailable,NT Patel Road MGR Salai,Greater Chennai Corporation (GCC) 2015 Water Stagnation Locations,GCC-2015-STAG,https://data.opencity.in/dataset/866141ab-3a3f-4dc0-8092-421d97ba29a2/resource/b5f39598-2e2d-40c5-82c3-806a1ad65c91/download/db3840ff-9f33-43a3-b826-2f9dae1bcb78.kml,VERIFIED INCIDENT,OFFICIALLY_VERIFIED,HIGH,True,OFFICIAL_HISTORICAL_RECORD
CHN-INC-1305,GCC-2015-STAG-0305,2015-12-01,Chennai Floods 2015,MGR Street,13.057895,80.162399,146,Ward 146 (Valasaravakkam),11,Valasaravakkam,waterlogging,high,Data Unavailable,Data Unavailable,MGR Street,Greater Chennai Corporation (GCC) 2015 Water Stagnation Locations,GCC-2015-STAG,https://data.opencity.in/dataset/866141ab-3a3f-4dc0-8092-421d97ba29a2/resource/b5f39598-2e2d-40c5-82c3-806a1ad65c91/download/db3840ff-9f33-43a3-b826-2f9dae1bcb78.kml,VERIFIED INCIDENT,OFFICIALLY_VERIFIED,HIGH,True,OFFICIAL_HISTORICAL_RECORD
CHN-INC-1306,GCC-2015-STAG-0306,2015-12-01,Chennai Floods 2015,Bharathidasan Nagar,13.045703,80.163464,146,Ward 146 (Valasaravakkam),11,Valasaravakkam,waterlogging,high,Data Unavailable,Data Unavailable,Bharathidasan Nagar,Greater Chennai Corporation (GCC) 2015 Water Stagnation Locations,GCC-2015-STAG,https://data.opencity.in/dataset/866141ab-3a3f-4dc0-8092-421d97ba29a2/resource/b5f39598-2e2d-40c5-82c3-806a1ad65c91/download/db3840ff-9f33-43a3-b826-2f9dae1bcb78.kml,VERIFIED INCIDENT,OFFICIALLY_VERIFIED,HIGH,True,OFFICIAL_HISTORICAL_RECORD
CHN-INC-1307,GCC-2015-STAG-0307,2015-12-01,Chennai Floods 2015,Alapakkam Main Road Jn of HP Petrol Bunk,13.048823,80.166027,147,Ward 147 (Valasaravakkam),11,Valasaravakkam,waterlogging,high,Data Unavailable,Data Unavailable,Alapakkam Main Road Jn of HP Petrol Bunk,Greater Chennai Corporation (GCC) 2015 Water Stagnation Locations,GCC-2015-STAG,https://data.opencity.in/dataset/866141ab-3a3f-4dc0-8092-421d97ba29a2/resource/b5f39598-2e2d-40c5-82c3-806a1ad65c91/download/db3840ff-9f33-43a3-b826-2f9dae1bcb78.kml,VERIFIED INCIDENT,OFFICIALLY_VERIFIED,HIGH,True,OFFICIAL_HISTORICAL_RECORD
CHN-INC-1308,GCC-2015-STAG-0308,2015-12-01,Chennai Floods 2015,Alapakkam Main Road Jn of Meenakshmi School,13.053218,80.166435,147,Ward 147 (Valasaravakkam),11,Valasaravakkam,waterlogging,high,Data Unavailable,Data Unavailable,Alapakkam Main Road Jn of Meenakshmi School,Greater Chennai Corporation (GCC) 2015 Water Stagnation Locations,GCC-2015-STAG,https://data.opencity.in/dataset/866141ab-3a3f-4dc0-8092-421d97ba29a2/resource/b5f39598-2e2d-40c5-82c3-806a1ad65c91/download/db3840ff-9f33-43a3-b826-2f9dae1bcb78.kml,VERIFIED INCIDENT,OFFICIALLY_VERIFIED,HIGH,True,OFFICIAL_HISTORICAL_RECORD
CHN-INC-1309,GCC-2015-STAG-0309,2015-12-01,Chennai Floods 2015,Arcot Road Near Vasanth & Co,13.038255,80.163638,150,Ward 150 (Valasaravakkam),11,Valasaravakkam,waterlogging,high,Data Unavailable,Data Unavailable,Arcot Road Near Vasanth & Co,Greater Chennai Corporation (GCC) 2015 Water Stagnation Locations,GCC-2015-STAG,https://data.opencity.in/dataset/866141ab-3a3f-4dc0-8092-421d97ba29a2/resource/b5f39598-2e2d-40c5-82c3-806a1ad65c91/download/db3840ff-9f33-43a3-b826-2f9dae1bcb78.kml,VERIFIED INCIDENT,OFFICIALLY_VERIFIED,HIGH,True,OFFICIAL_HISTORICAL_RECORD
CHN-INC-1310,GCC-2015-STAG-0310,2015-12-01,Chennai Floods 2015,Astalakshmi Nagar 3rd Main Road,13.046754,80.169009,147,Ward 147 (Valasaravakkam),11,Valasaravakkam,waterlogging,high,Data Unavailable,Data Unavailable,Astalakshmi Nagar 3rd Main Road,Greater Chennai Corporation (GCC) 2015 Water Stagnation Locations,GCC-2015-STAG,https://data.opencity.in/dataset/866141ab-3a3f-4dc0-8092-421d97ba29a2/resource/b5f39598-2e2d-40c5-82c3-806a1ad65c91/download/db3840ff-9f33-43a3-b826-2f9dae1bcb78.kml,VERIFIED INCIDENT,OFFICIALLY_VERIFIED,HIGH,True,OFFICIAL_HISTORICAL_RECORD
CHN-INC-1311,GCC-2015-STAG-0311,2015-12-01,Chennai Floods 2015,Astalakshmi Nagar 6th Street,13.046611,80.170005,147,Ward 147 (Valasaravakkam),11,Valasaravakkam,waterlogging,high,Data Unavailable,Data Unavailable,Astalakshmi Nagar 6th Street,Greater Chennai Corporation (GCC) 2015 Water Stagnation Locations,GCC-2015-STAG,https://data.opencity.in/dataset/866141ab-3a3f-4dc0-8092-421d97ba29a2/resource/b5f39598-2e2d-40c5-82c3-806a1ad65c91/download/db3840ff-9f33-43a3-b826-2f9dae1bcb78.kml,VERIFIED INCIDENT,OFFICIALLY_VERIFIED,HIGH,True,OFFICIAL_HISTORICAL_RECORD
CHN-INC-1312,GCC-2015-STAG-0312,2015-12-01,Chennai Floods 2015,Chokanathan 1st Cross Street,13.062534,80.174418,147,Ward 147 (Valasaravakkam),11,Valasaravakkam,waterlogging,high,Data Unavailable,Data Unavailable,Chokanathan 1st Cross Street,Greater Chennai Corporation (GCC) 2015 Water Stagnation Locations,GCC-2015-STAG,https://data.opencity.in/dataset/866141ab-3a3f-4dc0-8092-421d97ba29a2/resource/b5f39598-2e2d-40c5-82c3-806a1ad65c91/download/db3840ff-9f33-43a3-b826-2f9dae1bcb78.kml,VERIFIED INCIDENT,OFFICIALLY_VERIFIED,HIGH,True,OFFICIAL_HISTORICAL_RECORD
CHN-INC-1313,GCC-2015-STAG-0313,2015-12-01,Chennai Floods 2015,Krishna Nagar 3rd Main Road,13.050581,80.169117,147,Ward 147 (Valasaravakkam),11,Valasaravakkam,waterlogging,high,Data Unavailable,Data Unavailable,Krishna Nagar 3rd Main Road,Greater Chennai Corporation (GCC) 2015 Water Stagnation Locations,GCC-2015-STAG,https://data.opencity.in/dataset/866141ab-3a3f-4dc0-8092-421d97ba29a2/resource/b5f39598-2e2d-40c5-82c3-806a1ad65c91/download/db3840ff-9f33-43a3-b826-2f9dae1bcb78.kml,VERIFIED INCIDENT,OFFICIALLY_VERIFIED,HIGH,True,OFFICIAL_HISTORICAL_RECORD
CHN-INC-1314,GCC-2015-STAG-0314,2015-12-01,Chennai Floods 2015,Astalakshmi Nagar 24th Street,13.046861,80.166588,147,Ward 147 (Valasaravakkam),11,Valasaravakkam,waterlogging,high,Data Unavailable,Data Unavailable,Astalakshmi Nagar 24th Street,Greater Chennai Corporation (GCC) 2015 Water Stagnation Locations,GCC-2015-STAG,https://data.opencity.in/dataset/866141ab-3a3f-4dc0-8092-421d97ba29a2/resource/b5f39598-2e2d-40c5-82c3-806a1ad65c91/download/db3840ff-9f33-43a3-b826-2f9dae1bcb78.kml,VERIFIED INCIDENT,OFFICIALLY_VERIFIED,HIGH,True,OFFICIAL_HISTORICAL_RECORD
CHN-INC-1315,GCC-2015-STAG-0315,2015-12-01,Chennai Floods 2015,Periyar Nagar,13.054337,80.18575,149,Ward 149 (Valasaravakkam),11,Valasaravakkam,waterlogging,high,Data Unavailable,Data Unavailable,Periyar Nagar,Greater Chennai Corporation (GCC) 2015 Water Stagnation Locations,GCC-2015-STAG,https://data.opencity.in/dataset/866141ab-3a3f-4dc0-8092-421d97ba29a2/resource/b5f39598-2e2d-40c5-82c3-806a1ad65c91/download/db3840ff-9f33-43a3-b826-2f9dae1bcb78.kml,VERIFIED INCIDENT,OFFICIALLY_VERIFIED,HIGH,True,OFFICIAL_HISTORICAL_RECORD
CHN-INC-1316,GCC-2015-STAG-0316,2015-12-01,Chennai Floods 2015,CDN Nagar,13.061933,80.1795,148,Ward 148 (Valasaravakkam),11,Valasaravakkam,waterlogging,high,Data Unavailable,Data Unavailable,CDN Nagar,Greater Chennai Corporation (GCC) 2015 Water Stagnation Locations,GCC-2015-STAG,https://data.opencity.in/dataset/866141ab-3a3f-4dc0-8092-421d97ba29a2/resource/b5f39598-2e2d-40c5-82c3-806a1ad65c91/download/db3840ff-9f33-43a3-b826-2f9dae1bcb78.kml,VERIFIED INCIDENT,OFFICIALLY_VERIFIED,HIGH,True,OFFICIAL_HISTORICAL_RECORD
CHN-INC-1317,GCC-2015-STAG-0317,2015-12-01,Chennai Floods 2015,Balaji Nagar,13.053501,80.182273,148,Ward 148 (Valasaravakkam),11,Valasaravakkam,waterlogging,high,Data Unavailable,Data Unavailable,Balaji Nagar,Greater Chennai Corporation (GCC) 2015 Water Stagnation Locations,GCC-2015-STAG,https://data.opencity.in/dataset/866141ab-3a3f-4dc0-8092-421d97ba29a2/resource/b5f39598-2e2d-40c5-82c3-806a1ad65c91/download/db3840ff-9f33-43a3-b826-2f9dae1bcb78.kml,VERIFIED INCIDENT,OFFICIALLY_VERIFIED,HIGH,True,OFFICIAL_HISTORICAL_RECORD
CHN-INC-1318,GCC-2015-STAG-0318,2015-12-01,Chennai Floods 2015,Anbu nagar,13.053408,80.179492,149,Ward 149 (Valasaravakkam),11,Valasaravakkam,waterlogging,high,Data Unavailable,Data Unavailable,Anbu nagar,Greater Chennai Corporation (GCC) 2015 Water Stagnation Locations,GCC-2015-STAG,https://data.opencity.in/dataset/866141ab-3a3f-4dc0-8092-421d97ba29a2/resource/b5f39598-2e2d-40c5-82c3-806a1ad65c91/download/db3840ff-9f33-43a3-b826-2f9dae1bcb78.kml,VERIFIED INCIDENT,OFFICIALLY_VERIFIED,HIGH,True,OFFICIAL_HISTORICAL_RECORD
CHN-INC-1319,GCC-2015-STAG-0319,2015-12-01,Chennai Floods 2015,Saraswathi Nagar,13.052822,80.183672,149,Ward 149 (Valasaravakkam),11,Valasaravakkam,waterlogging,high,Data Unavailable,Data Unavailable,Saraswathi Nagar,Greater Chennai Corporation (GCC) 2015 Water Stagnation Locations,GCC-2015-STAG,https://data.opencity.in/dataset/866141ab-3a3f-4dc0-8092-421d97ba29a2/resource/b5f39598-2e2d-40c5-82c3-806a1ad65c91/download/db3840ff-9f33-43a3-b826-2f9dae1bcb78.kml,VERIFIED INCIDENT,OFFICIALLY_VERIFIED,HIGH,True,OFFICIAL_HISTORICAL_RECORD
CHN-INC-1320,GCC-2015-STAG-0320,2015-12-01,Chennai Floods 2015,Devikarumariyamman Nagar,13.043539,80.17756,149,Ward 149 (Valasaravakkam),11,Valasaravakkam,waterlogging,high,Data Unavailable,Data Unavailable,Devikarumariyamman Nagar,Greater Chennai Corporation (GCC) 2015 Water Stagnation Locations,GCC-2015-STAG,https://data.opencity.in/dataset/866141ab-3a3f-4dc0-8092-421d97ba29a2/resource/b5f39598-2e2d-40c5-82c3-806a1ad65c91/download/db3840ff-9f33-43a3-b826-2f9dae1bcb78.kml,VERIFIED INCIDENT,OFFICIALLY_VERIFIED,HIGH,True,OFFICIAL_HISTORICAL_RECORD
CHN-INC-1321,GCC-2015-STAG-0321,2015-12-01,Chennai Floods 2015,Palaniyappa Nagar Main Road,13.044187,80.183054,149,Ward 149 (Valasaravakkam),11,Valasaravakkam,waterlogging,high,Data Unavailable,Data Unavailable,Palaniyappa Nagar Main Road,Greater Chennai Corporation (GCC) 2015 Water Stagnation Locations,GCC-2015-STAG,https://data.opencity.in/dataset/866141ab-3a3f-4dc0-8092-421d97ba29a2/resource/b5f39598-2e2d-40c5-82c3-806a1ad65c91/download/db3840ff-9f33-43a3-b826-2f9dae1bcb78.kml,VERIFIED INCIDENT,OFFICIALLY_VERIFIED,HIGH,True,OFFICIAL_HISTORICAL_RECORD
CHN-INC-1322,GCC-2015-STAG-0322,2015-12-01,Chennai Floods 2015,Fathima Nagar Park,13.043277,80.181056,149,Ward 149 (Valasaravakkam),11,Valasaravakkam,waterlogging,high,Data Unavailable,Data Unavailable,Fathima Nagar Park,Greater Chennai Corporation (GCC) 2015 Water Stagnation Locations,GCC-2015-STAG,https://data.opencity.in/dataset/866141ab-3a3f-4dc0-8092-421d97ba29a2/resource/b5f39598-2e2d-40c5-82c3-806a1ad65c91/download/db3840ff-9f33-43a3-b826-2f9dae1bcb78.kml,VERIFIED INCIDENT,OFFICIALLY_VERIFIED,HIGH,True,OFFICIAL_HISTORICAL_RECORD
CHN-INC-1323,GCC-2015-STAG-0323,2015-12-01,Chennai Floods 2015,Arcot Road BVR Nagar,13.051407,80.183111,149,Ward 149 (Valasaravakkam),11,Valasaravakkam,waterlogging,high,Data Unavailable,Data Unavailable,Arcot Road BVR Nagar,Greater Chennai Corporation (GCC) 2015 Water Stagnation Locations,GCC-2015-STAG,https://data.opencity.in/dataset/866141ab-3a3f-4dc0-8092-421d97ba29a2/resource/b5f39598-2e2d-40c5-82c3-806a1ad65c91/download/db3840ff-9f33-43a3-b826-2f9dae1bcb78.kml,VERIFIED INCIDENT,OFFICIALLY_VERIFIED,HIGH,True,OFFICIAL_HISTORICAL_RECORD
CHN-INC-1324,GCC-2015-STAG-0324,2015-12-01,Chennai Floods 2015,Kamatchi Nagar,13.044721,80.173302,152,Ward 152 (Valasaravakkam),11,Valasaravakkam,waterlogging,high,Data Unavailable,Data Unavailable,Kamatchi Nagar,Greater Chennai Corporation (GCC) 2015 Water Stagnation Locations,GCC-2015-STAG,https://data.opencity.in/dataset/866141ab-3a3f-4dc0-8092-421d97ba29a2/resource/b5f39598-2e2d-40c5-82c3-806a1ad65c91/download/db3840ff-9f33-43a3-b826-2f9dae1bcb78.kml,VERIFIED INCIDENT,OFFICIALLY_VERIFIED,HIGH,True,OFFICIAL_HISTORICAL_RECORD
CHN-INC-1325,GCC-2015-STAG-0325,2015-12-01,Chennai Floods 2015,Velan Nagar,13.051236,80.178793,149,Ward 149 (Valasaravakkam),11,Valasaravakkam,waterlogging,high,Data Unavailable,Data Unavailable,Velan Nagar,Greater Chennai Corporation (GCC) 2015 Water Stagnation Locations,GCC-2015-STAG,https://data.opencity.in/dataset/866141ab-3a3f-4dc0-8092-421d97ba29a2/resource/b5f39598-2e2d-40c5-82c3-806a1ad65c91/download/db3840ff-9f33-43a3-b826-2f9dae1bcb78.kml,VERIFIED INCIDENT,OFFICIALLY_VERIFIED,HIGH,True,OFFICIAL_HISTORICAL_RECORD
CHN-INC-1326,GCC-2015-STAG-0326,2015-12-01,Chennai Floods 2015,Kanagathara Nagar Main Road,13.046519,80.175362,152,Ward 152 (Valasaravakkam),11,Valasaravakkam,waterlogging,high,Data Unavailable,Data Unavailable,Kanagathara Nagar Main Road,Greater Chennai Corporation (GCC) 2015 Water Stagnation Locations,GCC-2015-STAG,https://data.opencity.in/dataset/866141ab-3a3f-4dc0-8092-421d97ba29a2/resource/b5f39598-2e2d-40c5-82c3-806a1ad65c91/download/db3840ff-9f33-43a3-b826-2f9dae1bcb78.kml,VERIFIED INCIDENT,OFFICIALLY_VERIFIED,HIGH,True,OFFICIAL_HISTORICAL_RECORD
CHN-INC-1327,GCC-2015-STAG-0327,2015-12-01,Chennai Floods 2015,Gandhi Road,13.04748,80.185412,149,Ward 149 (Valasaravakkam),11,Valasaravakkam,waterlogging,high,Data Unavailable,Data Unavailable,Gandhi Road,Greater Chennai Corporation (GCC) 2015 Water Stagnation Locations,GCC-2015-STAG,https://data.opencity.in/dataset/866141ab-3a3f-4dc0-8092-421d97ba29a2/resource/b5f39598-2e2d-40c5-82c3-806a1ad65c91/download/db3840ff-9f33-43a3-b826-2f9dae1bcb78.kml,VERIFIED INCIDENT,OFFICIALLY_VERIFIED,HIGH,True,OFFICIAL_HISTORICAL_RECORD
CHN-INC-1328,GCC-2015-STAG-0328,2015-12-01,Chennai Floods 2015,Bharathiyar Street,13.049548,80.181854,149,Ward 149 (Valasaravakkam),11,Valasaravakkam,waterlogging,high,Data Unavailable,Data Unavailable,Bharathiyar Street,Greater Chennai Corporation (GCC) 2015 Water Stagnation Locations,GCC-2015-STAG,https://data.opencity.in/dataset/866141ab-3a3f-4dc0-8092-421d97ba29a2/resource/b5f39598-2e2d-40c5-82c3-806a1ad65c91/download/db3840ff-9f33-43a3-b826-2f9dae1bcb78.kml,VERIFIED INCIDENT,OFFICIALLY_VERIFIED,HIGH,True,OFFICIAL_HISTORICAL_RECORD
CHN-INC-1329,GCC-2015-STAG-0329,2015-12-01,Chennai Floods 2015,Narayani Appartment,13.047254,80.18178,149,Ward 149 (Valasaravakkam),11,Valasaravakkam,waterlogging,high,Data Unavailable,Data Unavailable,Narayani Appartment,Greater Chennai Corporation (GCC) 2015 Water Stagnation Locations,GCC-2015-STAG,https://data.opencity.in/dataset/866141ab-3a3f-4dc0-8092-421d97ba29a2/resource/b5f39598-2e2d-40c5-82c3-806a1ad65c91/download/db3840ff-9f33-43a3-b826-2f9dae1bcb78.kml,VERIFIED INCIDENT,OFFICIALLY_VERIFIED,HIGH,True,OFFICIAL_HISTORICAL_RECORD
CHN-INC-1330,GCC-2015-STAG-0330,2015-12-01,Chennai Floods 2015,Arcot Road Rajeshwari Nagar,13.038405,80.159925,150,Ward 150 (Valasaravakkam),11,Valasaravakkam,waterlogging,high,Data Unavailable,Data Unavailable,Arcot Road Rajeshwari Nagar,Greater Chennai Corporation (GCC) 2015 Water Stagnation Locations,GCC-2015-STAG,https://data.opencity.in/dataset/866141ab-3a3f-4dc0-8092-421d97ba29a2/resource/b5f39598-2e2d-40c5-82c3-806a1ad65c91/download/db3840ff-9f33-43a3-b826-2f9dae1bcb78.kml,VERIFIED INCIDENT,OFFICIALLY_VERIFIED,HIGH,True,OFFICIAL_HISTORICAL_RECORD
CHN-INC-1331,GCC-2015-STAG-0331,2015-12-01,Chennai Floods 2015,Arcot Road Thangam Store,13.035591,80.156515,150,Ward 150 (Valasaravakkam),11,Valasaravakkam,waterlogging,high,Data Unavailable,Data Unavailable,Arcot Road Thangam Store,Greater Chennai Corporation (GCC) 2015 Water Stagnation Locations,GCC-2015-STAG,https://data.opencity.in/dataset/866141ab-3a3f-4dc0-8092-421d97ba29a2/resource/b5f39598-2e2d-40c5-82c3-806a1ad65c91/download/db3840ff-9f33-43a3-b826-2f9dae1bcb78.kml,VERIFIED INCIDENT,OFFICIALLY_VERIFIED,HIGH,True,OFFICIAL_HISTORICAL_RECORD
CHN-INC-1332,GCC-2015-STAG-0332,2015-12-01,Chennai Floods 2015,Mullai Street,13.0401,80.155143,150,Ward 150 (Valasaravakkam),11,Valasaravakkam,waterlogging,high,Data Unavailable,Data Unavailable,Mullai Street,Greater Chennai Corporation (GCC) 2015 Water Stagnation Locations,GCC-2015-STAG,https://data.opencity.in/dataset/866141ab-3a3f-4dc0-8092-421d97ba29a2/resource/b5f39598-2e2d-40c5-82c3-806a1ad65c91/download/db3840ff-9f33-43a3-b826-2f9dae1bcb78.kml,VERIFIED INCIDENT,OFFICIALLY_VERIFIED,HIGH,True,OFFICIAL_HISTORICAL_RECORD
CHN-INC-1333,GCC-2015-STAG-0333,2015-12-01,Chennai Floods 2015,Arunachalam Nagar,13.040959,80.154881,150,Ward 150 (Valasaravakkam),11,Valasaravakkam,waterlogging,high,Data Unavailable,Data Unavailable,Arunachalam Nagar,Greater Chennai Corporation (GCC) 2015 Water Stagnation Locations,GCC-2015-STAG,https://data.opencity.in/dataset/866141ab-3a3f-4dc0-8092-421d97ba29a2/resource/b5f39598-2e2d-40c5-82c3-806a1ad65c91/download/db3840ff-9f33-43a3-b826-2f9dae1bcb78.kml,VERIFIED INCIDENT,OFFICIALLY_VERIFIED,HIGH,True,OFFICIAL_HISTORICAL_RECORD
CHN-INC-1334,GCC-2015-STAG-0334,2015-12-01,Chennai Floods 2015,Chinnaporur Gandhi Street,13.034453,80.16859,151,Ward 151 (Valasaravakkam),11,Valasaravakkam,waterlogging,high,Data Unavailable,Data Unavailable,Chinnaporur Gandhi Street,Greater Chennai Corporation (GCC) 2015 Water Stagnation Locations,GCC-2015-STAG,https://data.opencity.in/dataset/866141ab-3a3f-4dc0-8092-421d97ba29a2/resource/b5f39598-2e2d-40c5-82c3-806a1ad65c91/download/db3840ff-9f33-43a3-b826-2f9dae1bcb78.kml,VERIFIED INCIDENT,OFFICIALLY_VERIFIED,HIGH,True,OFFICIAL_HISTORICAL_RECORD
CHN-INC-1335,GCC-2015-STAG-0335,2015-12-01,Chennai Floods 2015,Arcot Road ETA,13.037508,80.164402,151,Ward 151 (Valasaravakkam),11,Valasaravakkam,waterlogging,high,Data Unavailable,Data Unavailable,Arcot Road ETA,Greater Chennai Corporation (GCC) 2015 Water Stagnation Locations,GCC-2015-STAG,https://data.opencity.in/dataset/866141ab-3a3f-4dc0-8092-421d97ba29a2/resource/b5f39598-2e2d-40c5-82c3-806a1ad65c91/download/db3840ff-9f33-43a3-b826-2f9dae1bcb78.kml,VERIFIED INCIDENT,OFFICIALLY_VERIFIED,HIGH,True,OFFICIAL_HISTORICAL_RECORD
CHN-INC-1336,GCC-2015-STAG-0336,2015-12-01,Chennai Floods 2015,Arcot Road Kumar Sweeets,13.036461,80.157585,151,Ward 151 (Valasaravakkam),11,Valasaravakkam,waterlogging,high,Data Unavailable,Data Unavailable,Arcot Road Kumar Sweeets,Greater Chennai Corporation (GCC) 2015 Water Stagnation Locations,GCC-2015-STAG,https://data.opencity.in/dataset/866141ab-3a3f-4dc0-8092-421d97ba29a2/resource/b5f39598-2e2d-40c5-82c3-806a1ad65c91/download/db3840ff-9f33-43a3-b826-2f9dae1bcb78.kml,VERIFIED INCIDENT,OFFICIALLY_VERIFIED,HIGH,True,OFFICIAL_HISTORICAL_RECORD
CHN-INC-1337,GCC-2015-STAG-0337,2015-12-01,Chennai Floods 2015,Kadumbadiamma Sannathi 1st st,13.04057,80.169716,152,Ward 152 (Valasaravakkam),11,Valasaravakkam,waterlogging,high,Data Unavailable,Data Unavailable,Kadumbadiamma Sannathi 1st st,Greater Chennai Corporation (GCC) 2015 Water Stagnation Locations,GCC-2015-STAG,https://data.opencity.in/dataset/866141ab-3a3f-4dc0-8092-421d97ba29a2/resource/b5f39598-2e2d-40c5-82c3-806a1ad65c91/download/db3840ff-9f33-43a3-b826-2f9dae1bcb78.kml,VERIFIED INCIDENT,OFFICIALLY_VERIFIED,HIGH,True,OFFICIAL_HISTORICAL_RECORD
CHN-INC-1338,GCC-2015-STAG-0338,2015-12-01,Chennai Floods 2015,Om Sakthi 3rd Street,13.037809,80.185304,152,Ward 152 (Valasaravakkam),11,Valasaravakkam,waterlogging,high,Data Unavailable,Data Unavailable,Om Sakthi 3rd Street,Greater Chennai Corporation (GCC) 2015 Water Stagnation Locations,GCC-2015-STAG,https://data.opencity.in/dataset/866141ab-3a3f-4dc0-8092-421d97ba29a2/resource/b5f39598-2e2d-40c5-82c3-806a1ad65c91/download/db3840ff-9f33-43a3-b826-2f9dae1bcb78.kml,VERIFIED INCIDENT,OFFICIALLY_VERIFIED,HIGH,True,OFFICIAL_HISTORICAL_RECORD
CHN-INC-1339,GCC-2015-STAG-0339,2015-12-01,Chennai Floods 2015,Kundrathur Main Road Jn of RE Nagar 1st Street,13.030265,80.15303,153,Ward 153 (Valasaravakkam),11,Valasaravakkam,waterlogging,high,Data Unavailable,Data Unavailable,Kundrathur Main Road Jn of RE Nagar 1st Street,Greater Chennai Corporation (GCC) 2015 Water Stagnation Locations,GCC-2015-STAG,https://data.opencity.in/dataset/866141ab-3a3f-4dc0-8092-421d97ba29a2/resource/b5f39598-2e2d-40c5-82c3-806a1ad65c91/download/db3840ff-9f33-43a3-b826-2f9dae1bcb78.kml,VERIFIED INCIDENT,OFFICIALLY_VERIFIED,HIGH,True,OFFICIAL_HISTORICAL_RECORD
CHN-INC-1340,GCC-2015-STAG-0340,2015-12-01,Chennai Floods 2015,Suresh Nagar 3rd Street,13.024884,80.163795,153,Ward 153 (Valasaravakkam),11,Valasaravakkam,waterlogging,high,Data Unavailable,Data Unavailable,Suresh Nagar 3rd Street,Greater Chennai Corporation (GCC) 2015 Water Stagnation Locations,GCC-2015-STAG,https://data.opencity.in/dataset/866141ab-3a3f-4dc0-8092-421d97ba29a2/resource/b5f39598-2e2d-40c5-82c3-806a1ad65c91/download/db3840ff-9f33-43a3-b826-2f9dae1bcb78.kml,VERIFIED INCIDENT,OFFICIALLY_VERIFIED,HIGH,True,OFFICIAL_HISTORICAL_RECORD
CHN-INC-1341,GCC-2015-STAG-0341,2015-12-01,Chennai Floods 2015,Ramakrishna Nagar,13.026544,80.158149,153,Ward 153 (Valasaravakkam),11,Valasaravakkam,waterlogging,high,Data Unavailable,Data Unavailable,Ramakrishna Nagar,Greater Chennai Corporation (GCC) 2015 Water Stagnation Locations,GCC-2015-STAG,https://data.opencity.in/dataset/866141ab-3a3f-4dc0-8092-421d97ba29a2/resource/b5f39598-2e2d-40c5-82c3-806a1ad65c91/download/db3840ff-9f33-43a3-b826-2f9dae1bcb78.kml,VERIFIED INCIDENT,OFFICIALLY_VERIFIED,HIGH,True,OFFICIAL_HISTORICAL_RECORD
CHN-INC-1342,GCC-2015-STAG-0342,2015-12-01,Chennai Floods 2015,Ganesh Avenue 1st to 8th Street,13.026514,80.164078,153,Ward 153 (Valasaravakkam),11,Valasaravakkam,waterlogging,high,Data Unavailable,Data Unavailable,Ganesh Avenue 1st to 8th Street,Greater Chennai Corporation (GCC) 2015 Water Stagnation Locations,GCC-2015-STAG,https://data.opencity.in/dataset/866141ab-3a3f-4dc0-8092-421d97ba29a2/resource/b5f39598-2e2d-40c5-82c3-806a1ad65c91/download/db3840ff-9f33-43a3-b826-2f9dae1bcb78.kml,VERIFIED INCIDENT,OFFICIALLY_VERIFIED,HIGH,True,OFFICIAL_HISTORICAL_RECORD
CHN-INC-1343,GCC-2015-STAG-0343,2015-12-01,Chennai Floods 2015,Ambal nagar Kumutham Street,13.030625,80.158961,153,Ward 153 (Valasaravakkam),11,Valasaravakkam,waterlogging,high,Data Unavailable,Data Unavailable,Ambal nagar Kumutham Street,Greater Chennai Corporation (GCC) 2015 Water Stagnation Locations,GCC-2015-STAG,https://data.opencity.in/dataset/866141ab-3a3f-4dc0-8092-421d97ba29a2/resource/b5f39598-2e2d-40c5-82c3-806a1ad65c91/download/db3840ff-9f33-43a3-b826-2f9dae1bcb78.kml,VERIFIED INCIDENT,OFFICIALLY_VERIFIED,HIGH,True,OFFICIAL_HISTORICAL_RECORD
CHN-INC-1344,GCC-2015-STAG-0344,2015-12-01,Chennai Floods 2015,Balambigai 5th Street,13.034922,80.175774,154,Ward 154 (Valasaravakkam),11,Valasaravakkam,waterlogging,high,Data Unavailable,Data Unavailable,Balambigai 5th Street,Greater Chennai Corporation (GCC) 2015 Water Stagnation Locations,GCC-2015-STAG,https://data.opencity.in/dataset/866141ab-3a3f-4dc0-8092-421d97ba29a2/resource/b5f39598-2e2d-40c5-82c3-806a1ad65c91/download/db3840ff-9f33-43a3-b826-2f9dae1bcb78.kml,VERIFIED INCIDENT,OFFICIALLY_VERIFIED,HIGH,True,OFFICIAL_HISTORICAL_RECORD
CHN-INC-1345,GCC-2015-STAG-0345,2015-12-01,Chennai Floods 2015,Venkateswara Nagar 14th Streetand 1st and 2nd lane,13.02877,80.175229,154,Ward 154 (Valasaravakkam),11,Valasaravakkam,waterlogging,high,Data Unavailable,Data Unavailable,Venkateswara Nagar 14th Streetand 1st and 2nd lane,Greater Chennai Corporation (GCC) 2015 Water Stagnation Locations,GCC-2015-STAG,https://data.opencity.in/dataset/866141ab-3a3f-4dc0-8092-421d97ba29a2/resource/b5f39598-2e2d-40c5-82c3-806a1ad65c91/download/db3840ff-9f33-43a3-b826-2f9dae1bcb78.kml,VERIFIED INCIDENT,OFFICIALLY_VERIFIED,HIGH,True,OFFICIAL_HISTORICAL_RECORD
CHN-INC-1346,GCC-2015-STAG-0346,2015-12-01,Chennai Floods 2015,Kanniappan Street,13.027142,80.176727,154,Ward 154 (Valasaravakkam),11,Valasaravakkam,waterlogging,high,Data Unavailable,Data Unavailable,Kanniappan Street,Greater Chennai Corporation (GCC) 2015 Water Stagnation Locations,GCC-2015-STAG,https://data.opencity.in/dataset/866141ab-3a3f-4dc0-8092-421d97ba29a2/resource/b5f39598-2e2d-40c5-82c3-806a1ad65c91/download/db3840ff-9f33-43a3-b826-2f9dae1bcb78.kml,VERIFIED INCIDENT,OFFICIALLY_VERIFIED,HIGH,True,OFFICIAL_HISTORICAL_RECORD
CHN-INC-1347,GCC-2015-STAG-0347,2015-12-01,Chennai Floods 2015,Thiruvalluvar Street,13.033137,80.176517,154,Ward 154 (Valasaravakkam),11,Valasaravakkam,waterlogging,high,Data Unavailable,Data Unavailable,Thiruvalluvar Street,Greater Chennai Corporation (GCC) 2015 Water Stagnation Locations,GCC-2015-STAG,https://data.opencity.in/dataset/866141ab-3a3f-4dc0-8092-421d97ba29a2/resource/b5f39598-2e2d-40c5-82c3-806a1ad65c91/download/db3840ff-9f33-43a3-b826-2f9dae1bcb78.kml,VERIFIED INCIDENT,OFFICIALLY_VERIFIED,HIGH,True,OFFICIAL_HISTORICAL_RECORD
CHN-INC-1348,GCC-2015-STAG-0348,2015-12-01,Chennai Floods 2015,Kakkan Street,13.03418,80.175386,154,Ward 154 (Valasaravakkam),11,Valasaravakkam,waterlogging,high,Data Unavailable,Data Unavailable,Kakkan Street,Greater Chennai Corporation (GCC) 2015 Water Stagnation Locations,GCC-2015-STAG,https://data.opencity.in/dataset/866141ab-3a3f-4dc0-8092-421d97ba29a2/resource/b5f39598-2e2d-40c5-82c3-806a1ad65c91/download/db3840ff-9f33-43a3-b826-2f9dae1bcb78.kml,VERIFIED INCIDENT,OFFICIALLY_VERIFIED,HIGH,True,OFFICIAL_HISTORICAL_RECORD
CHN-INC-1349,GCC-2015-STAG-0349,2015-12-01,Chennai Floods 2015,Kothari Nagar,13.034334,80.185023,155,Ward 155 (Valasaravakkam),11,Valasaravakkam,waterlogging,high,Data Unavailable,Data Unavailable,Kothari Nagar,Greater Chennai Corporation (GCC) 2015 Water Stagnation Locations,GCC-2015-STAG,https://data.opencity.in/dataset/866141ab-3a3f-4dc0-8092-421d97ba29a2/resource/b5f39598-2e2d-40c5-82c3-806a1ad65c91/download/db3840ff-9f33-43a3-b826-2f9dae1bcb78.kml,VERIFIED INCIDENT,OFFICIALLY_VERIFIED,HIGH,True,OFFICIAL_HISTORICAL_RECORD
CHN-INC-1350,GCC-2015-STAG-0350,2015-12-01,Chennai Floods 2015,Gangai Avenue,13.032388,80.184712,155,Ward 155 (Valasaravakkam),11,Valasaravakkam,waterlogging,high,Data Unavailable,Data Unavailable,Gangai Avenue,Greater Chennai Corporation (GCC) 2015 Water Stagnation Locations,GCC-2015-STAG,https://data.opencity.in/dataset/866141ab-3a3f-4dc0-8092-421d97ba29a2/resource/b5f39598-2e2d-40c5-82c3-806a1ad65c91/download/db3840ff-9f33-43a3-b826-2f9dae1bcb78.kml,VERIFIED INCIDENT,OFFICIALLY_VERIFIED,HIGH,True,OFFICIAL_HISTORICAL_RECORD
CHN-INC-1351,GCC-2015-STAG-0351,2015-12-01,Chennai Floods 2015,Royala Nagar 2nd Main Road Near Kovilpillai School,13.029717,80.185395,155,Ward 155 (Valasaravakkam),11,Valasaravakkam,waterlogging,high,Data Unavailable,Data Unavailable,Royala Nagar 2nd Main Road Near Kovilpillai School,Greater Chennai Corporation (GCC) 2015 Water Stagnation Locations,GCC-2015-STAG,https://data.opencity.in/dataset/866141ab-3a3f-4dc0-8092-421d97ba29a2/resource/b5f39598-2e2d-40c5-82c3-806a1ad65c91/download/db3840ff-9f33-43a3-b826-2f9dae1bcb78.kml,VERIFIED INCIDENT,OFFICIALLY_VERIFIED,HIGH,True,OFFICIAL_HISTORICAL_RECORD
CHN-INC-1352,GCC-2015-STAG-0352,2015-12-01,Chennai Floods 2015,"Kothari Nagar 1st,  2nd Main Road and 1 to 8 Streets",13.034753,80.186177,155,Ward 155 (Valasaravakkam),11,Valasaravakkam,waterlogging,high,Data Unavailable,Data Unavailable,"Kothari Nagar 1st,  2nd Main Road and 1 to 8 Streets",Greater Chennai Corporation (GCC) 2015 Water Stagnation Locations,GCC-2015-STAG,https://data.opencity.in/dataset/866141ab-3a3f-4dc0-8092-421d97ba29a2/resource/b5f39598-2e2d-40c5-82c3-806a1ad65c91/download/db3840ff-9f33-43a3-b826-2f9dae1bcb78.kml,VERIFIED INCIDENT,OFFICIALLY_VERIFIED,HIGH,True,OFFICIAL_HISTORICAL_RECORD
CHN-INC-1353,GCC-2015-STAG-0353,2015-12-01,Chennai Floods 2015,Thirumalai Nagar Mahavishnu Street Sanjai Ram Street and Elumalai Street,13.03478,80.181873,155,Ward 155 (Valasaravakkam),11,Valasaravakkam,waterlogging,high,Data Unavailable,Data Unavailable,Thirumalai Nagar Mahavishnu Street Sanjai Ram Street and Elumalai Street,Greater Chennai Corporation (GCC) 2015 Water Stagnation Locations,GCC-2015-STAG,https://data.opencity.in/dataset/866141ab-3a3f-4dc0-8092-421d97ba29a2/resource/b5f39598-2e2d-40c5-82c3-806a1ad65c91/download/db3840ff-9f33-43a3-b826-2f9dae1bcb78.kml,VERIFIED INCIDENT,OFFICIALLY_VERIFIED,HIGH,True,OFFICIAL_HISTORICAL_RECORD
CHN-INC-1354,GCC-2015-STAG-0354,2015-12-01,Chennai Floods 2015,KUMUDAM NAGAR,13.020589,80.167293,156,Ward 156 (Alandur),12,Alandur,waterlogging,high,Data Unavailable,Data Unavailable,KUMUDAM NAGAR,Greater Chennai Corporation (GCC) 2015 Water Stagnation Locations,GCC-2015-STAG,https://data.opencity.in/dataset/866141ab-3a3f-4dc0-8092-421d97ba29a2/resource/b5f39598-2e2d-40c5-82c3-806a1ad65c91/download/db3840ff-9f33-43a3-b826-2f9dae1bcb78.kml,VERIFIED INCIDENT,OFFICIALLY_VERIFIED,HIGH,True,OFFICIAL_HISTORICAL_RECORD
CHN-INC-1355,GCC-2015-STAG-0355,2015-12-01,Chennai Floods 2015,Mugalivakkam Main Road,13.022147,80.148902,156,Ward 156 (Alandur),12,Alandur,waterlogging,high,Data Unavailable,Data Unavailable,Mugalivakkam Main Road,Greater Chennai Corporation (GCC) 2015 Water Stagnation Locations,GCC-2015-STAG,https://data.opencity.in/dataset/866141ab-3a3f-4dc0-8092-421d97ba29a2/resource/b5f39598-2e2d-40c5-82c3-806a1ad65c91/download/db3840ff-9f33-43a3-b826-2f9dae1bcb78.kml,VERIFIED INCIDENT,OFFICIALLY_VERIFIED,HIGH,True,OFFICIAL_HISTORICAL_RECORD
CHN-INC-1356,GCC-2015-STAG-0356,2015-12-01,Chennai Floods 2015,ICICI Bank,13.01893,80.142503,Data Unavailable,Data Unavailable,Data Unavailable,Data Unavailable,waterlogging,high,Data Unavailable,Data Unavailable,ICICI Bank,Greater Chennai Corporation (GCC) 2015 Water Stagnation Locations,GCC-2015-STAG,https://data.opencity.in/dataset/866141ab-3a3f-4dc0-8092-421d97ba29a2/resource/b5f39598-2e2d-40c5-82c3-806a1ad65c91/download/db3840ff-9f33-43a3-b826-2f9dae1bcb78.kml,VERIFIED INCIDENT,OFFICIALLY_VERIFIED,HIGH,False,OFFICIAL_HISTORICAL_RECORD
CHN-INC-1357,GCC-2015-STAG-0357,2015-12-01,Chennai Floods 2015,Madhanandhapuram Main Road,13.023704,80.143556,Data Unavailable,Data Unavailable,Data Unavailable,Data Unavailable,waterlogging,high,Data Unavailable,Data Unavailable,Madhanandhapuram Main Road,Greater Chennai Corporation (GCC) 2015 Water Stagnation Locations,GCC-2015-STAG,https://data.opencity.in/dataset/866141ab-3a3f-4dc0-8092-421d97ba29a2/resource/b5f39598-2e2d-40c5-82c3-806a1ad65c91/download/db3840ff-9f33-43a3-b826-2f9dae1bcb78.kml,VERIFIED INCIDENT,OFFICIALLY_VERIFIED,HIGH,False,OFFICIAL_HISTORICAL_RECORD
CHN-INC-1358,GCC-2015-STAG-0358,2015-12-01,Chennai Floods 2015,CRR Puram,13.016159,80.1732,157,Ward 157 (Alandur),12,Alandur,waterlogging,high,Data Unavailable,Data Unavailable,CRR Puram,Greater Chennai Corporation (GCC) 2015 Water Stagnation Locations,GCC-2015-STAG,https://data.opencity.in/dataset/866141ab-3a3f-4dc0-8092-421d97ba29a2/resource/b5f39598-2e2d-40c5-82c3-806a1ad65c91/download/db3840ff-9f33-43a3-b826-2f9dae1bcb78.kml,VERIFIED INCIDENT,OFFICIALLY_VERIFIED,HIGH,True,OFFICIAL_HISTORICAL_RECORD
CHN-INC-1359,GCC-2015-STAG-0359,2015-12-01,Chennai Floods 2015,Krishna Nagar,13.014092,80.172525,157,Ward 157 (Alandur),12,Alandur,waterlogging,high,Data Unavailable,Data Unavailable,Krishna Nagar,Greater Chennai Corporation (GCC) 2015 Water Stagnation Locations,GCC-2015-STAG,https://data.opencity.in/dataset/866141ab-3a3f-4dc0-8092-421d97ba29a2/resource/b5f39598-2e2d-40c5-82c3-806a1ad65c91/download/db3840ff-9f33-43a3-b826-2f9dae1bcb78.kml,VERIFIED INCIDENT,OFFICIALLY_VERIFIED,HIGH,True,OFFICIAL_HISTORICAL_RECORD
CHN-INC-1360,GCC-2015-STAG-0360,2015-12-01,Chennai Floods 2015,Bharma Colony 4th Street and TPF,13.027716,80.19498,158,Ward 158 (Alandur),12,Alandur,waterlogging,high,Data Unavailable,Data Unavailable,Bharma Colony 4th Street and TPF,Greater Chennai Corporation (GCC) 2015 Water Stagnation Locations,GCC-2015-STAG,https://data.opencity.in/dataset/866141ab-3a3f-4dc0-8092-421d97ba29a2/resource/b5f39598-2e2d-40c5-82c3-806a1ad65c91/download/db3840ff-9f33-43a3-b826-2f9dae1bcb78.kml,VERIFIED INCIDENT,OFFICIALLY_VERIFIED,HIGH,True,OFFICIAL_HISTORICAL_RECORD
CHN-INC-1361,GCC-2015-STAG-0361,2015-12-01,Chennai Floods 2015,MKB Nagar,13.107194,80.149131,85,Ward 85 (Ambattur),7,Ambattur,waterlogging,high,Data Unavailable,Data Unavailable,MKB Nagar,Greater Chennai Corporation (GCC) 2015 Water Stagnation Locations,GCC-2015-STAG,https://data.opencity.in/dataset/866141ab-3a3f-4dc0-8092-421d97ba29a2/resource/b5f39598-2e2d-40c5-82c3-806a1ad65c91/download/db3840ff-9f33-43a3-b826-2f9dae1bcb78.kml,VERIFIED INCIDENT,OFFICIALLY_VERIFIED,HIGH,True,OFFICIAL_HISTORICAL_RECORD
CHN-INC-1362,GCC-2015-STAG-0362,2015-12-01,Chennai Floods 2015,Dobhi colony,13.108045,80.152794,85,Ward 85 (Ambattur),7,Ambattur,waterlogging,high,Data Unavailable,Data Unavailable,Dobhi colony,Greater Chennai Corporation (GCC) 2015 Water Stagnation Locations,GCC-2015-STAG,https://data.opencity.in/dataset/866141ab-3a3f-4dc0-8092-421d97ba29a2/resource/b5f39598-2e2d-40c5-82c3-806a1ad65c91/download/db3840ff-9f33-43a3-b826-2f9dae1bcb78.kml,VERIFIED INCIDENT,OFFICIALLY_VERIFIED,HIGH,True,OFFICIAL_HISTORICAL_RECORD
CHN-INC-1363,GCC-2015-STAG-0363,2015-12-01,Chennai Floods 2015,mangalapuram,13.103199,80.165874,85,Ward 85 (Ambattur),7,Ambattur,waterlogging,high,Data Unavailable,Data Unavailable,mangalapuram,Greater Chennai Corporation (GCC) 2015 Water Stagnation Locations,GCC-2015-STAG,https://data.opencity.in/dataset/866141ab-3a3f-4dc0-8092-421d97ba29a2/resource/b5f39598-2e2d-40c5-82c3-806a1ad65c91/download/db3840ff-9f33-43a3-b826-2f9dae1bcb78.kml,VERIFIED INCIDENT,OFFICIALLY_VERIFIED,HIGH,True,OFFICIAL_HISTORICAL_RECORD
CHN-INC-1364,GCC-2015-STAG-0364,2015-12-01,Chennai Floods 2015,CTH ROAD,13.10142,80.160153,85,Ward 85 (Ambattur),7,Ambattur,waterlogging,high,Data Unavailable,Data Unavailable,CTH ROAD,Greater Chennai Corporation (GCC) 2015 Water Stagnation Locations,GCC-2015-STAG,https://data.opencity.in/dataset/866141ab-3a3f-4dc0-8092-421d97ba29a2/resource/b5f39598-2e2d-40c5-82c3-806a1ad65c91/download/db3840ff-9f33-43a3-b826-2f9dae1bcb78.kml,VERIFIED INCIDENT,OFFICIALLY_VERIFIED,HIGH,True,OFFICIAL_HISTORICAL_RECORD
CHN-INC-1365,GCC-2015-STAG-0365,2015-12-01,Chennai Floods 2015,VGN SHANTHI COLONY,13.10023,80.159428,86,Ward 86 (Ambattur),7,Ambattur,waterlogging,high,Data Unavailable,Data Unavailable,VGN SHANTHI COLONY,Greater Chennai Corporation (GCC) 2015 Water Stagnation Locations,GCC-2015-STAG,https://data.opencity.in/dataset/866141ab-3a3f-4dc0-8092-421d97ba29a2/resource/b5f39598-2e2d-40c5-82c3-806a1ad65c91/download/db3840ff-9f33-43a3-b826-2f9dae1bcb78.kml,VERIFIED INCIDENT,OFFICIALLY_VERIFIED,HIGH,True,OFFICIAL_HISTORICAL_RECORD
CHN-INC-1366,GCC-2015-STAG-0366,2015-12-01,Chennai Floods 2015,Thiruvalluvar Street,13.095484,80.186932,87,Ward 87 (Ambattur),7,Ambattur,waterlogging,high,Data Unavailable,Data Unavailable,Thiruvalluvar Street,Greater Chennai Corporation (GCC) 2015 Water Stagnation Locations,GCC-2015-STAG,https://data.opencity.in/dataset/866141ab-3a3f-4dc0-8092-421d97ba29a2/resource/b5f39598-2e2d-40c5-82c3-806a1ad65c91/download/db3840ff-9f33-43a3-b826-2f9dae1bcb78.kml,VERIFIED INCIDENT,OFFICIALLY_VERIFIED,HIGH,True,OFFICIAL_HISTORICAL_RECORD
CHN-INC-1367,GCC-2015-STAG-0367,2015-12-01,Chennai Floods 2015,U.R. NAGAR,13.101012,80.192947,88,Ward 88 (Ambattur),7,Ambattur,waterlogging,high,Data Unavailable,Data Unavailable,U.R. NAGAR,Greater Chennai Corporation (GCC) 2015 Water Stagnation Locations,GCC-2015-STAG,https://data.opencity.in/dataset/866141ab-3a3f-4dc0-8092-421d97ba29a2/resource/b5f39598-2e2d-40c5-82c3-806a1ad65c91/download/db3840ff-9f33-43a3-b826-2f9dae1bcb78.kml,VERIFIED INCIDENT,OFFICIALLY_VERIFIED,HIGH,True,OFFICIAL_HISTORICAL_RECORD
CHN-INC-1368,GCC-2015-STAG-0368,2015-12-01,Chennai Floods 2015,B Sector 6th Street,13.097741,80.19204,88,Ward 88 (Ambattur),7,Ambattur,waterlogging,high,Data Unavailable,Data Unavailable,B Sector 6th Street,Greater Chennai Corporation (GCC) 2015 Water Stagnation Locations,GCC-2015-STAG,https://data.opencity.in/dataset/866141ab-3a3f-4dc0-8092-421d97ba29a2/resource/b5f39598-2e2d-40c5-82c3-806a1ad65c91/download/db3840ff-9f33-43a3-b826-2f9dae1bcb78.kml,VERIFIED INCIDENT,OFFICIALLY_VERIFIED,HIGH,True,OFFICIAL_HISTORICAL_RECORD
CHN-INC-1369,GCC-2015-STAG-0369,2015-12-01,Chennai Floods 2015,B Sector 8th Street,13.098113,80.192721,88,Ward 88 (Ambattur),7,Ambattur,waterlogging,high,Data Unavailable,Data Unavailable,B Sector 8th Street,Greater Chennai Corporation (GCC) 2015 Water Stagnation Locations,GCC-2015-STAG,https://data.opencity.in/dataset/866141ab-3a3f-4dc0-8092-421d97ba29a2/resource/b5f39598-2e2d-40c5-82c3-806a1ad65c91/download/db3840ff-9f33-43a3-b826-2f9dae1bcb78.kml,VERIFIED INCIDENT,OFFICIALLY_VERIFIED,HIGH,True,OFFICIAL_HISTORICAL_RECORD
CHN-INC-1370,GCC-2015-STAG-0370,2015-12-01,Chennai Floods 2015,C Sector 6th Street,13.094595,80.194125,88,Ward 88 (Ambattur),7,Ambattur,waterlogging,high,Data Unavailable,Data Unavailable,C Sector 6th Street,Greater Chennai Corporation (GCC) 2015 Water Stagnation Locations,GCC-2015-STAG,https://data.opencity.in/dataset/866141ab-3a3f-4dc0-8092-421d97ba29a2/resource/b5f39598-2e2d-40c5-82c3-806a1ad65c91/download/db3840ff-9f33-43a3-b826-2f9dae1bcb78.kml,VERIFIED INCIDENT,OFFICIALLY_VERIFIED,HIGH,True,OFFICIAL_HISTORICAL_RECORD
CHN-INC-1371,GCC-2015-STAG-0371,2015-12-01,Chennai Floods 2015,D Sector 8th Street,13.091682,80.19372,88,Ward 88 (Ambattur),7,Ambattur,waterlogging,high,Data Unavailable,Data Unavailable,D Sector 8th Street,Greater Chennai Corporation (GCC) 2015 Water Stagnation Locations,GCC-2015-STAG,https://data.opencity.in/dataset/866141ab-3a3f-4dc0-8092-421d97ba29a2/resource/b5f39598-2e2d-40c5-82c3-806a1ad65c91/download/db3840ff-9f33-43a3-b826-2f9dae1bcb78.kml,VERIFIED INCIDENT,OFFICIALLY_VERIFIED,HIGH,True,OFFICIAL_HISTORICAL_RECORD
CHN-INC-1372,GCC-2015-STAG-0372,2015-12-01,Chennai Floods 2015,Devar Nagar,13.091704,80.188153,88,Ward 88 (Ambattur),7,Ambattur,waterlogging,high,Data Unavailable,Data Unavailable,Devar Nagar,Greater Chennai Corporation (GCC) 2015 Water Stagnation Locations,GCC-2015-STAG,https://data.opencity.in/dataset/866141ab-3a3f-4dc0-8092-421d97ba29a2/resource/b5f39598-2e2d-40c5-82c3-806a1ad65c91/download/db3840ff-9f33-43a3-b826-2f9dae1bcb78.kml,VERIFIED INCIDENT,OFFICIALLY_VERIFIED,HIGH,True,OFFICIAL_HISTORICAL_RECORD
CHN-INC-1373,GCC-2015-STAG-0373,2015-12-01,Chennai Floods 2015,Mathialagan Nagar,13.092857,80.178887,89,Ward 89 (Ambattur),7,Ambattur,waterlogging,high,Data Unavailable,Data Unavailable,Mathialagan Nagar,Greater Chennai Corporation (GCC) 2015 Water Stagnation Locations,GCC-2015-STAG,https://data.opencity.in/dataset/866141ab-3a3f-4dc0-8092-421d97ba29a2/resource/b5f39598-2e2d-40c5-82c3-806a1ad65c91/download/db3840ff-9f33-43a3-b826-2f9dae1bcb78.kml,VERIFIED INCIDENT,OFFICIALLY_VERIFIED,HIGH,True,OFFICIAL_HISTORICAL_RECORD
CHN-INC-1374,GCC-2015-STAG-0374,2015-12-01,Chennai Floods 2015,West End colony,13.089854,80.180897,89,Ward 89 (Ambattur),7,Ambattur,waterlogging,high,Data Unavailable,Data Unavailable,West End colony,Greater Chennai Corporation (GCC) 2015 Water Stagnation Locations,GCC-2015-STAG,https://data.opencity.in/dataset/866141ab-3a3f-4dc0-8092-421d97ba29a2/resource/b5f39598-2e2d-40c5-82c3-806a1ad65c91/download/db3840ff-9f33-43a3-b826-2f9dae1bcb78.kml,VERIFIED INCIDENT,OFFICIALLY_VERIFIED,HIGH,True,OFFICIAL_HISTORICAL_RECORD
CHN-INC-1375,GCC-2015-STAG-0375,2015-12-01,Chennai Floods 2015,Golden Colony,13.089324,80.178439,89,Ward 89 (Ambattur),7,Ambattur,waterlogging,high,Data Unavailable,Data Unavailable,Golden Colony,Greater Chennai Corporation (GCC) 2015 Water Stagnation Locations,GCC-2015-STAG,https://data.opencity.in/dataset/866141ab-3a3f-4dc0-8092-421d97ba29a2/resource/b5f39598-2e2d-40c5-82c3-806a1ad65c91/download/db3840ff-9f33-43a3-b826-2f9dae1bcb78.kml,VERIFIED INCIDENT,OFFICIALLY_VERIFIED,HIGH,True,OFFICIAL_HISTORICAL_RECORD
CHN-INC-1376,GCC-2015-STAG-0376,2015-12-01,Chennai Floods 2015,Gandhi Nagar,13.08593,80.191998,90,Ward 90 (Ambattur),7,Ambattur,waterlogging,high,Data Unavailable,Data Unavailable,Gandhi Nagar,Greater Chennai Corporation (GCC) 2015 Water Stagnation Locations,GCC-2015-STAG,https://data.opencity.in/dataset/866141ab-3a3f-4dc0-8092-421d97ba29a2/resource/b5f39598-2e2d-40c5-82c3-806a1ad65c91/download/db3840ff-9f33-43a3-b826-2f9dae1bcb78.kml,VERIFIED INCIDENT,OFFICIALLY_VERIFIED,HIGH,True,OFFICIAL_HISTORICAL_RECORD
CHN-INC-1377,GCC-2015-STAG-0377,2015-12-01,Chennai Floods 2015,Kalaivanar Colony,13.086591,80.190507,90,Ward 90 (Ambattur),7,Ambattur,waterlogging,high,Data Unavailable,Data Unavailable,Kalaivanar Colony,Greater Chennai Corporation (GCC) 2015 Water Stagnation Locations,GCC-2015-STAG,https://data.opencity.in/dataset/866141ab-3a3f-4dc0-8092-421d97ba29a2/resource/b5f39598-2e2d-40c5-82c3-806a1ad65c91/download/db3840ff-9f33-43a3-b826-2f9dae1bcb78.kml,VERIFIED INCIDENT,OFFICIALLY_VERIFIED,HIGH,True,OFFICIAL_HISTORICAL_RECORD
CHN-INC-1378,GCC-2015-STAG-0378,2015-12-01,Chennai Floods 2015,Paddikuppam Five Star Apartments,13.087047,80.19315,90,Ward 90 (Ambattur),7,Ambattur,waterlogging,high,Data Unavailable,Data Unavailable,Paddikuppam Five Star Apartments,Greater Chennai Corporation (GCC) 2015 Water Stagnation Locations,GCC-2015-STAG,https://data.opencity.in/dataset/866141ab-3a3f-4dc0-8092-421d97ba29a2/resource/b5f39598-2e2d-40c5-82c3-806a1ad65c91/download/db3840ff-9f33-43a3-b826-2f9dae1bcb78.kml,VERIFIED INCIDENT,OFFICIALLY_VERIFIED,HIGH,True,OFFICIAL_HISTORICAL_RECORD
CHN-INC-1379,GCC-2015-STAG-0379,2015-12-01,Chennai Floods 2015,Thirumangalam Jn,13.087155,80.19821,90,Ward 90 (Ambattur),7,Ambattur,waterlogging,high,Data Unavailable,Data Unavailable,Thirumangalam Jn,Greater Chennai Corporation (GCC) 2015 Water Stagnation Locations,GCC-2015-STAG,https://data.opencity.in/dataset/866141ab-3a3f-4dc0-8092-421d97ba29a2/resource/b5f39598-2e2d-40c5-82c3-806a1ad65c91/download/db3840ff-9f33-43a3-b826-2f9dae1bcb78.kml,VERIFIED INCIDENT,OFFICIALLY_VERIFIED,HIGH,True,OFFICIAL_HISTORICAL_RECORD
CHN-INC-1380,GCC-2015-STAG-0380,2015-12-01,Chennai Floods 2015,Mogappair Eri Scheme VGN Ave,13.076621,80.175698,91,Ward 91 (Ambattur),7,Ambattur,waterlogging,high,Data Unavailable,Data Unavailable,Mogappair Eri Scheme VGN Ave,Greater Chennai Corporation (GCC) 2015 Water Stagnation Locations,GCC-2015-STAG,https://data.opencity.in/dataset/866141ab-3a3f-4dc0-8092-421d97ba29a2/resource/b5f39598-2e2d-40c5-82c3-806a1ad65c91/download/db3840ff-9f33-43a3-b826-2f9dae1bcb78.kml,VERIFIED INCIDENT,OFFICIALLY_VERIFIED,HIGH,True,OFFICIAL_HISTORICAL_RECORD
CHN-INC-1381,GCC-2015-STAG-0381,2015-12-01,Chennai Floods 2015,Mogappair Eri Scheme 7th main Rd,13.077437,80.177319,91,Ward 91 (Ambattur),7,Ambattur,waterlogging,high,Data Unavailable,Data Unavailable,Mogappair Eri Scheme 7th main Rd,Greater Chennai Corporation (GCC) 2015 Water Stagnation Locations,GCC-2015-STAG,https://data.opencity.in/dataset/866141ab-3a3f-4dc0-8092-421d97ba29a2/resource/b5f39598-2e2d-40c5-82c3-806a1ad65c91/download/db3840ff-9f33-43a3-b826-2f9dae1bcb78.kml,VERIFIED INCIDENT,OFFICIALLY_VERIFIED,HIGH,True,OFFICIAL_HISTORICAL_RECORD
CHN-INC-1382,GCC-2015-STAG-0382,2015-12-01,Chennai Floods 2015,Dr. J J Nagar 10th Block,13.081248,80.181847,92,Ward 92 (Ambattur),7,Ambattur,waterlogging,high,Data Unavailable,Data Unavailable,Dr. J J Nagar 10th Block,Greater Chennai Corporation (GCC) 2015 Water Stagnation Locations,GCC-2015-STAG,https://data.opencity.in/dataset/866141ab-3a3f-4dc0-8092-421d97ba29a2/resource/b5f39598-2e2d-40c5-82c3-806a1ad65c91/download/db3840ff-9f33-43a3-b826-2f9dae1bcb78.kml,VERIFIED INCIDENT,OFFICIALLY_VERIFIED,HIGH,True,OFFICIAL_HISTORICAL_RECORD
CHN-INC-1383,GCC-2015-STAG-0383,2015-12-01,Chennai Floods 2015,Panner Nagar Main RD,13.078372,80.180881,92,Ward 92 (Ambattur),7,Ambattur,waterlogging,high,Data Unavailable,Data Unavailable,Panner Nagar Main RD,Greater Chennai Corporation (GCC) 2015 Water Stagnation Locations,GCC-2015-STAG,https://data.opencity.in/dataset/866141ab-3a3f-4dc0-8092-421d97ba29a2/resource/b5f39598-2e2d-40c5-82c3-806a1ad65c91/download/db3840ff-9f33-43a3-b826-2f9dae1bcb78.kml,VERIFIED INCIDENT,OFFICIALLY_VERIFIED,HIGH,True,OFFICIAL_HISTORICAL_RECORD
CHN-INC-1384,GCC-2015-STAG-0384,2015-12-01,Chennai Floods 2015,vellar street voilet Apartments,13.083481,80.175403,92,Ward 92 (Ambattur),7,Ambattur,waterlogging,high,Data Unavailable,Data Unavailable,vellar street voilet Apartments,Greater Chennai Corporation (GCC) 2015 Water Stagnation Locations,GCC-2015-STAG,https://data.opencity.in/dataset/866141ab-3a3f-4dc0-8092-421d97ba29a2/resource/b5f39598-2e2d-40c5-82c3-806a1ad65c91/download/db3840ff-9f33-43a3-b826-2f9dae1bcb78.kml,VERIFIED INCIDENT,OFFICIALLY_VERIFIED,HIGH,True,OFFICIAL_HISTORICAL_RECORD
CHN-INC-1385,GCC-2015-STAG-0385,2015-12-01,Chennai Floods 2015,Nakeeran Salai,13.084781,80.184633,93,Ward 93 (Ambattur),7,Ambattur,waterlogging,high,Data Unavailable,Data Unavailable,Nakeeran Salai,Greater Chennai Corporation (GCC) 2015 Water Stagnation Locations,GCC-2015-STAG,https://data.opencity.in/dataset/866141ab-3a3f-4dc0-8092-421d97ba29a2/resource/b5f39598-2e2d-40c5-82c3-806a1ad65c91/download/db3840ff-9f33-43a3-b826-2f9dae1bcb78.kml,VERIFIED INCIDENT,OFFICIALLY_VERIFIED,HIGH,True,OFFICIAL_HISTORICAL_RECORD
CHN-INC-1386,GCC-2015-STAG-0386,2015-12-01,Chennai Floods 2015,Nathamuni Street,13.137348,80.155463,79,Ward 79 (Ambattur),7,Ambattur,waterlogging,high,Data Unavailable,Data Unavailable,Nathamuni Street,Greater Chennai Corporation (GCC) 2015 Water Stagnation Locations,GCC-2015-STAG,https://data.opencity.in/dataset/866141ab-3a3f-4dc0-8092-421d97ba29a2/resource/b5f39598-2e2d-40c5-82c3-806a1ad65c91/download/db3840ff-9f33-43a3-b826-2f9dae1bcb78.kml,VERIFIED INCIDENT,OFFICIALLY_VERIFIED,HIGH,True,OFFICIAL_HISTORICAL_RECORD
CHN-INC-1387,GCC-2015-STAG-0387,2015-12-01,Chennai Floods 2015,Gangi Amman Koil Street,13.133056,80.173064,82,Ward 82 (Ambattur),7,Ambattur,waterlogging,high,Data Unavailable,Data Unavailable,Gangi Amman Koil Street,Greater Chennai Corporation (GCC) 2015 Water Stagnation Locations,GCC-2015-STAG,https://data.opencity.in/dataset/866141ab-3a3f-4dc0-8092-421d97ba29a2/resource/b5f39598-2e2d-40c5-82c3-806a1ad65c91/download/db3840ff-9f33-43a3-b826-2f9dae1bcb78.kml,VERIFIED INCIDENT,OFFICIALLY_VERIFIED,HIGH,True,OFFICIAL_HISTORICAL_RECORD
CHN-INC-1388,GCC-2015-STAG-0388,2015-12-01,Chennai Floods 2015,Sastha Nagar,13.123037,80.19804,83,Ward 83 (Ambattur),7,Ambattur,waterlogging,high,Data Unavailable,Data Unavailable,Sastha Nagar,Greater Chennai Corporation (GCC) 2015 Water Stagnation Locations,GCC-2015-STAG,https://data.opencity.in/dataset/866141ab-3a3f-4dc0-8092-421d97ba29a2/resource/b5f39598-2e2d-40c5-82c3-806a1ad65c91/download/db3840ff-9f33-43a3-b826-2f9dae1bcb78.kml,VERIFIED INCIDENT,OFFICIALLY_VERIFIED,HIGH,True,OFFICIAL_HISTORICAL_RECORD
CHN-INC-1389,GCC-2015-STAG-0389,2015-12-01,Chennai Floods 2015,Mariamman Koil Strret,13.138609,80.155877,79,Ward 79 (Ambattur),7,Ambattur,waterlogging,high,Data Unavailable,Data Unavailable,Mariamman Koil Strret,Greater Chennai Corporation (GCC) 2015 Water Stagnation Locations,GCC-2015-STAG,https://data.opencity.in/dataset/866141ab-3a3f-4dc0-8092-421d97ba29a2/resource/b5f39598-2e2d-40c5-82c3-806a1ad65c91/download/db3840ff-9f33-43a3-b826-2f9dae1bcb78.kml,VERIFIED INCIDENT,OFFICIALLY_VERIFIED,HIGH,True,OFFICIAL_HISTORICAL_RECORD
CHN-INC-1390,GCC-2015-STAG-0390,2015-12-01,Chennai Floods 2015,Krishnan cross st,13.135882,80.155795,79,Ward 79 (Ambattur),7,Ambattur,waterlogging,high,Data Unavailable,Data Unavailable,Krishnan cross st,Greater Chennai Corporation (GCC) 2015 Water Stagnation Locations,GCC-2015-STAG,https://data.opencity.in/dataset/866141ab-3a3f-4dc0-8092-421d97ba29a2/resource/b5f39598-2e2d-40c5-82c3-806a1ad65c91/download/db3840ff-9f33-43a3-b826-2f9dae1bcb78.kml,VERIFIED INCIDENT,OFFICIALLY_VERIFIED,HIGH,True,OFFICIAL_HISTORICAL_RECORD
CHN-INC-1391,GCC-2015-STAG-0391,2015-12-01,Chennai Floods 2015,Nagathamman kovil street,13.138647,80.156689,79,Ward 79 (Ambattur),7,Ambattur,waterlogging,high,Data Unavailable,Data Unavailable,Nagathamman kovil street,Greater Chennai Corporation (GCC) 2015 Water Stagnation Locations,GCC-2015-STAG,https://data.opencity.in/dataset/866141ab-3a3f-4dc0-8092-421d97ba29a2/resource/b5f39598-2e2d-40c5-82c3-806a1ad65c91/download/db3840ff-9f33-43a3-b826-2f9dae1bcb78.kml,VERIFIED INCIDENT,OFFICIALLY_VERIFIED,HIGH,True,OFFICIAL_HISTORICAL_RECORD
CHN-INC-1392,GCC-2015-STAG-0392,2015-12-01,Chennai Floods 2015,Arunagirinathar street,13.126965,80.148761,79,Ward 79 (Ambattur),7,Ambattur,waterlogging,high,Data Unavailable,Data Unavailable,Arunagirinathar street,Greater Chennai Corporation (GCC) 2015 Water Stagnation Locations,GCC-2015-STAG,https://data.opencity.in/dataset/866141ab-3a3f-4dc0-8092-421d97ba29a2/resource/b5f39598-2e2d-40c5-82c3-806a1ad65c91/download/db3840ff-9f33-43a3-b826-2f9dae1bcb78.kml,VERIFIED INCIDENT,OFFICIALLY_VERIFIED,HIGH,True,OFFICIAL_HISTORICAL_RECORD
CHN-INC-1393,GCC-2015-STAG-0393,2015-12-01,Chennai Floods 2015,TVK Street,13.126289,80.150086,79,Ward 79 (Ambattur),7,Ambattur,waterlogging,high,Data Unavailable,Data Unavailable,TVK Street,Greater Chennai Corporation (GCC) 2015 Water Stagnation Locations,GCC-2015-STAG,https://data.opencity.in/dataset/866141ab-3a3f-4dc0-8092-421d97ba29a2/resource/b5f39598-2e2d-40c5-82c3-806a1ad65c91/download/db3840ff-9f33-43a3-b826-2f9dae1bcb78.kml,VERIFIED INCIDENT,OFFICIALLY_VERIFIED,HIGH,True,OFFICIAL_HISTORICAL_RECORD
CHN-INC-1394,GCC-2015-STAG-0394,2015-12-01,Chennai Floods 2015,Sakthi Vinayagar Koil Street,13.126209,80.150519,79,Ward 79 (Ambattur),7,Ambattur,waterlogging,high,Data Unavailable,Data Unavailable,Sakthi Vinayagar Koil Street,Greater Chennai Corporation (GCC) 2015 Water Stagnation Locations,GCC-2015-STAG,https://data.opencity.in/dataset/866141ab-3a3f-4dc0-8092-421d97ba29a2/resource/b5f39598-2e2d-40c5-82c3-806a1ad65c91/download/db3840ff-9f33-43a3-b826-2f9dae1bcb78.kml,VERIFIED INCIDENT,OFFICIALLY_VERIFIED,HIGH,True,OFFICIAL_HISTORICAL_RECORD
CHN-INC-1395,GCC-2015-STAG-0395,2015-12-01,Chennai Floods 2015,Thirunavukarasu Street,13.116992,80.165378,82,Ward 82 (Ambattur),7,Ambattur,waterlogging,high,Data Unavailable,Data Unavailable,Thirunavukarasu Street,Greater Chennai Corporation (GCC) 2015 Water Stagnation Locations,GCC-2015-STAG,https://data.opencity.in/dataset/866141ab-3a3f-4dc0-8092-421d97ba29a2/resource/b5f39598-2e2d-40c5-82c3-806a1ad65c91/download/db3840ff-9f33-43a3-b826-2f9dae1bcb78.kml,VERIFIED INCIDENT,OFFICIALLY_VERIFIED,HIGH,True,OFFICIAL_HISTORICAL_RECORD
CHN-INC-1396,GCC-2015-STAG-0396,2015-12-01,Chennai Floods 2015,TNEB Colony,13.119172,80.16764,82,Ward 82 (Ambattur),7,Ambattur,waterlogging,high,Data Unavailable,Data Unavailable,TNEB Colony,Greater Chennai Corporation (GCC) 2015 Water Stagnation Locations,GCC-2015-STAG,https://data.opencity.in/dataset/866141ab-3a3f-4dc0-8092-421d97ba29a2/resource/b5f39598-2e2d-40c5-82c3-806a1ad65c91/download/db3840ff-9f33-43a3-b826-2f9dae1bcb78.kml,VERIFIED INCIDENT,OFFICIALLY_VERIFIED,HIGH,True,OFFICIAL_HISTORICAL_RECORD
CHN-INC-1397,GCC-2015-STAG-0397,2015-12-01,Chennai Floods 2015,TNEB 27th Street,13.108677,80.18513,84,Ward 84 (Ambattur),7,Ambattur,waterlogging,high,Data Unavailable,Data Unavailable,TNEB 27th Street,Greater Chennai Corporation (GCC) 2015 Water Stagnation Locations,GCC-2015-STAG,https://data.opencity.in/dataset/866141ab-3a3f-4dc0-8092-421d97ba29a2/resource/b5f39598-2e2d-40c5-82c3-806a1ad65c91/download/db3840ff-9f33-43a3-b826-2f9dae1bcb78.kml,VERIFIED INCIDENT,OFFICIALLY_VERIFIED,HIGH,True,OFFICIAL_HISTORICAL_RECORD
CHN-INC-1398,GCC-2015-STAG-0398,2015-12-01,Chennai Floods 2015,TNEB 29th Street,13.109352,80.18522,84,Ward 84 (Ambattur),7,Ambattur,waterlogging,high,Data Unavailable,Data Unavailable,TNEB 29th Street,Greater Chennai Corporation (GCC) 2015 Water Stagnation Locations,GCC-2015-STAG,https://data.opencity.in/dataset/866141ab-3a3f-4dc0-8092-421d97ba29a2/resource/b5f39598-2e2d-40c5-82c3-806a1ad65c91/download/db3840ff-9f33-43a3-b826-2f9dae1bcb78.kml,VERIFIED INCIDENT,OFFICIALLY_VERIFIED,HIGH,True,OFFICIAL_HISTORICAL_RECORD
CHN-INC-1399,GCC-2015-STAG-0399,2015-12-01,Chennai Floods 2015,TNEB 28th Street,13.109041,80.184832,84,Ward 84 (Ambattur),7,Ambattur,waterlogging,high,Data Unavailable,Data Unavailable,TNEB 28th Street,Greater Chennai Corporation (GCC) 2015 Water Stagnation Locations,GCC-2015-STAG,https://data.opencity.in/dataset/866141ab-3a3f-4dc0-8092-421d97ba29a2/resource/b5f39598-2e2d-40c5-82c3-806a1ad65c91/download/db3840ff-9f33-43a3-b826-2f9dae1bcb78.kml,VERIFIED INCIDENT,OFFICIALLY_VERIFIED,HIGH,True,OFFICIAL_HISTORICAL_RECORD
CHN-INC-1400,GCC-2015-STAG-0400,2015-12-01,Chennai Floods 2015,TNEB 61st Street,13.111126,80.186711,84,Ward 84 (Ambattur),7,Ambattur,waterlogging,high,Data Unavailable,Data Unavailable,TNEB 61st Street,Greater Chennai Corporation (GCC) 2015 Water Stagnation Locations,GCC-2015-STAG,https://data.opencity.in/dataset/866141ab-3a3f-4dc0-8092-421d97ba29a2/resource/b5f39598-2e2d-40c5-82c3-806a1ad65c91/download/db3840ff-9f33-43a3-b826-2f9dae1bcb78.kml,VERIFIED INCIDENT,OFFICIALLY_VERIFIED,HIGH,True,OFFICIAL_HISTORICAL_RECORD
CHN-INC-1401,GCC-2015-STAG-0401,2015-12-01,Chennai Floods 2015,CTH ROAD,13.100479,80.190001,88,Ward 88 (Ambattur),7,Ambattur,waterlogging,high,Data Unavailable,Data Unavailable,CTH ROAD,Greater Chennai Corporation (GCC) 2015 Water Stagnation Locations,GCC-2015-STAG,https://data.opencity.in/dataset/866141ab-3a3f-4dc0-8092-421d97ba29a2/resource/b5f39598-2e2d-40c5-82c3-806a1ad65c91/download/db3840ff-9f33-43a3-b826-2f9dae1bcb78.kml,VERIFIED INCIDENT,OFFICIALLY_VERIFIED,HIGH,True,OFFICIAL_HISTORICAL_RECORD
CHN-INC-1402,GCC-2015-STAG-0402,2015-12-01,Chennai Floods 2015,TNEB 26TH Street,13.108437,80.184724,84,Ward 84 (Ambattur),7,Ambattur,waterlogging,high,Data Unavailable,Data Unavailable,TNEB 26TH Street,Greater Chennai Corporation (GCC) 2015 Water Stagnation Locations,GCC-2015-STAG,https://data.opencity.in/dataset/866141ab-3a3f-4dc0-8092-421d97ba29a2/resource/b5f39598-2e2d-40c5-82c3-806a1ad65c91/download/db3840ff-9f33-43a3-b826-2f9dae1bcb78.kml,VERIFIED INCIDENT,OFFICIALLY_VERIFIED,HIGH,True,OFFICIAL_HISTORICAL_RECORD
CHN-INC-1403,GCC-2015-STAG-0403,2015-12-01,Chennai Floods 2015,M.T.H. Road,13.103364,80.200789,95,Ward 95 (Anna Nagar),8,Anna Nagar,waterlogging,high,Data Unavailable,Data Unavailable,M.T.H. Road,Greater Chennai Corporation (GCC) 2015 Water Stagnation Locations,GCC-2015-STAG,https://data.opencity.in/dataset/866141ab-3a3f-4dc0-8092-421d97ba29a2/resource/b5f39598-2e2d-40c5-82c3-806a1ad65c91/download/db3840ff-9f33-43a3-b826-2f9dae1bcb78.kml,VERIFIED INCIDENT,OFFICIALLY_VERIFIED,HIGH,True,OFFICIAL_HISTORICAL_RECORD
CHN-INC-1404,GCC-2015-STAG-0404,2015-12-01,Chennai Floods 2015,Annai Sathya Nagar,13.102675,80.195923,94,Ward 94 (Anna Nagar),8,Anna Nagar,waterlogging,high,Data Unavailable,Data Unavailable,Annai Sathya Nagar,Greater Chennai Corporation (GCC) 2015 Water Stagnation Locations,GCC-2015-STAG,https://data.opencity.in/dataset/866141ab-3a3f-4dc0-8092-421d97ba29a2/resource/b5f39598-2e2d-40c5-82c3-806a1ad65c91/download/db3840ff-9f33-43a3-b826-2f9dae1bcb78.kml,VERIFIED INCIDENT,OFFICIALLY_VERIFIED,HIGH,True,OFFICIAL_HISTORICAL_RECORD
CHN-INC-1405,GCC-2015-STAG-0405,2015-12-01,Chennai Floods 2015,North Sivan Koil Street,13.105606,80.206951,94,Ward 94 (Anna Nagar),8,Anna Nagar,waterlogging,high,Data Unavailable,Data Unavailable,North Sivan Koil Street,Greater Chennai Corporation (GCC) 2015 Water Stagnation Locations,GCC-2015-STAG,https://data.opencity.in/dataset/866141ab-3a3f-4dc0-8092-421d97ba29a2/resource/b5f39598-2e2d-40c5-82c3-806a1ad65c91/download/db3840ff-9f33-43a3-b826-2f9dae1bcb78.kml,VERIFIED INCIDENT,OFFICIALLY_VERIFIED,HIGH,True,OFFICIAL_HISTORICAL_RECORD
CHN-INC-1406,GCC-2015-STAG-0406,2015-12-01,Chennai Floods 2015,Baba Nagar 1st Main Road,13.11695,80.205172,94,Ward 94 (Anna Nagar),8,Anna Nagar,waterlogging,high,Data Unavailable,Data Unavailable,Baba Nagar 1st Main Road,Greater Chennai Corporation (GCC) 2015 Water Stagnation Locations,GCC-2015-STAG,https://data.opencity.in/dataset/866141ab-3a3f-4dc0-8092-421d97ba29a2/resource/b5f39598-2e2d-40c5-82c3-806a1ad65c91/download/db3840ff-9f33-43a3-b826-2f9dae1bcb78.kml,VERIFIED INCIDENT,OFFICIALLY_VERIFIED,HIGH,True,OFFICIAL_HISTORICAL_RECORD
CHN-INC-1407,GCC-2015-STAG-0407,2015-12-01,Chennai Floods 2015,North Jaganatha Nagar 2nd Street,13.111767,80.203713,94,Ward 94 (Anna Nagar),8,Anna Nagar,waterlogging,high,Data Unavailable,Data Unavailable,North Jaganatha Nagar 2nd Street,Greater Chennai Corporation (GCC) 2015 Water Stagnation Locations,GCC-2015-STAG,https://data.opencity.in/dataset/866141ab-3a3f-4dc0-8092-421d97ba29a2/resource/b5f39598-2e2d-40c5-82c3-806a1ad65c91/download/db3840ff-9f33-43a3-b826-2f9dae1bcb78.kml,VERIFIED INCIDENT,OFFICIALLY_VERIFIED,HIGH,True,OFFICIAL_HISTORICAL_RECORD
CHN-INC-1408,GCC-2015-STAG-0408,2015-12-01,Chennai Floods 2015,North Jaganatha Nagar 8th Street,13.112407,80.201224,94,Ward 94 (Anna Nagar),8,Anna Nagar,waterlogging,high,Data Unavailable,Data Unavailable,North Jaganatha Nagar 8th Street,Greater Chennai Corporation (GCC) 2015 Water Stagnation Locations,GCC-2015-STAG,https://data.opencity.in/dataset/866141ab-3a3f-4dc0-8092-421d97ba29a2/resource/b5f39598-2e2d-40c5-82c3-806a1ad65c91/download/db3840ff-9f33-43a3-b826-2f9dae1bcb78.kml,VERIFIED INCIDENT,OFFICIALLY_VERIFIED,HIGH,True,OFFICIAL_HISTORICAL_RECORD
CHN-INC-1409,GCC-2015-STAG-0409,2015-12-01,Chennai Floods 2015,North Jaganatha Nagar 11th Street,13.113365,80.200343,94,Ward 94 (Anna Nagar),8,Anna Nagar,waterlogging,high,Data Unavailable,Data Unavailable,North Jaganatha Nagar 11th Street,Greater Chennai Corporation (GCC) 2015 Water Stagnation Locations,GCC-2015-STAG,https://data.opencity.in/dataset/866141ab-3a3f-4dc0-8092-421d97ba29a2/resource/b5f39598-2e2d-40c5-82c3-806a1ad65c91/download/db3840ff-9f33-43a3-b826-2f9dae1bcb78.kml,VERIFIED INCIDENT,OFFICIALLY_VERIFIED,HIGH,True,OFFICIAL_HISTORICAL_RECORD
CHN-INC-1410,GCC-2015-STAG-0410,2015-12-01,Chennai Floods 2015,Baba Nagar 1st Street,13.116854,80.205174,94,Ward 94 (Anna Nagar),8,Anna Nagar,waterlogging,high,Data Unavailable,Data Unavailable,Baba Nagar 1st Street,Greater Chennai Corporation (GCC) 2015 Water Stagnation Locations,GCC-2015-STAG,https://data.opencity.in/dataset/866141ab-3a3f-4dc0-8092-421d97ba29a2/resource/b5f39598-2e2d-40c5-82c3-806a1ad65c91/download/db3840ff-9f33-43a3-b826-2f9dae1bcb78.kml,VERIFIED INCIDENT,OFFICIALLY_VERIFIED,HIGH,True,OFFICIAL_HISTORICAL_RECORD
CHN-INC-1411,GCC-2015-STAG-0411,2015-12-01,Chennai Floods 2015,Valliammal Nagar,13.107682,80.196777,94,Ward 94 (Anna Nagar),8,Anna Nagar,waterlogging,high,Data Unavailable,Data Unavailable,Valliammal Nagar,Greater Chennai Corporation (GCC) 2015 Water Stagnation Locations,GCC-2015-STAG,https://data.opencity.in/dataset/866141ab-3a3f-4dc0-8092-421d97ba29a2/resource/b5f39598-2e2d-40c5-82c3-806a1ad65c91/download/db3840ff-9f33-43a3-b826-2f9dae1bcb78.kml,VERIFIED INCIDENT,OFFICIALLY_VERIFIED,HIGH,True,OFFICIAL_HISTORICAL_RECORD
CHN-INC-1412,GCC-2015-STAG-0412,2015-12-01,Chennai Floods 2015,Bharathi Nagar,13.105099,80.204214,94,Ward 94 (Anna Nagar),8,Anna Nagar,waterlogging,high,Data Unavailable,Data Unavailable,Bharathi Nagar,Greater Chennai Corporation (GCC) 2015 Water Stagnation Locations,GCC-2015-STAG,https://data.opencity.in/dataset/866141ab-3a3f-4dc0-8092-421d97ba29a2/resource/b5f39598-2e2d-40c5-82c3-806a1ad65c91/download/db3840ff-9f33-43a3-b826-2f9dae1bcb78.kml,VERIFIED INCIDENT,OFFICIALLY_VERIFIED,HIGH,True,OFFICIAL_HISTORICAL_RECORD
CHN-INC-1413,GCC-2015-STAG-0413,2015-12-01,Chennai Floods 2015,Rajiv Gandhi Nagar 2nd Street,13.104803,80.211181,95,Ward 95 (Anna Nagar),8,Anna Nagar,waterlogging,high,Data Unavailable,Data Unavailable,Rajiv Gandhi Nagar 2nd Street,Greater Chennai Corporation (GCC) 2015 Water Stagnation Locations,GCC-2015-STAG,https://data.opencity.in/dataset/866141ab-3a3f-4dc0-8092-421d97ba29a2/resource/b5f39598-2e2d-40c5-82c3-806a1ad65c91/download/db3840ff-9f33-43a3-b826-2f9dae1bcb78.kml,VERIFIED INCIDENT,OFFICIALLY_VERIFIED,HIGH,True,OFFICIAL_HISTORICAL_RECORD
CHN-INC-1414,GCC-2015-STAG-0414,2015-12-01,Chennai Floods 2015,Thanthoni Amman Koil Street,13.103496,80.209403,95,Ward 95 (Anna Nagar),8,Anna Nagar,waterlogging,high,Data Unavailable,Data Unavailable,Thanthoni Amman Koil Street,Greater Chennai Corporation (GCC) 2015 Water Stagnation Locations,GCC-2015-STAG,https://data.opencity.in/dataset/866141ab-3a3f-4dc0-8092-421d97ba29a2/resource/b5f39598-2e2d-40c5-82c3-806a1ad65c91/download/db3840ff-9f33-43a3-b826-2f9dae1bcb78.kml,VERIFIED INCIDENT,OFFICIALLY_VERIFIED,HIGH,True,OFFICIAL_HISTORICAL_RECORD
CHN-INC-1415,GCC-2015-STAG-0415,2015-12-01,Chennai Floods 2015,Narayana Maistry 2nd Street,13.106042,80.213477,95,Ward 95 (Anna Nagar),8,Anna Nagar,waterlogging,high,Data Unavailable,Data Unavailable,Narayana Maistry 2nd Street,Greater Chennai Corporation (GCC) 2015 Water Stagnation Locations,GCC-2015-STAG,https://data.opencity.in/dataset/866141ab-3a3f-4dc0-8092-421d97ba29a2/resource/b5f39598-2e2d-40c5-82c3-806a1ad65c91/download/db3840ff-9f33-43a3-b826-2f9dae1bcb78.kml,VERIFIED INCIDENT,OFFICIALLY_VERIFIED,HIGH,True,OFFICIAL_HISTORICAL_RECORD
CHN-INC-1416,GCC-2015-STAG-0416,2015-12-01,Chennai Floods 2015,Bajanai Koil Street,13.102922,80.212085,95,Ward 95 (Anna Nagar),8,Anna Nagar,waterlogging,high,Data Unavailable,Data Unavailable,Bajanai Koil Street,Greater Chennai Corporation (GCC) 2015 Water Stagnation Locations,GCC-2015-STAG,https://data.opencity.in/dataset/866141ab-3a3f-4dc0-8092-421d97ba29a2/resource/b5f39598-2e2d-40c5-82c3-806a1ad65c91/download/db3840ff-9f33-43a3-b826-2f9dae1bcb78.kml,VERIFIED INCIDENT,OFFICIALLY_VERIFIED,HIGH,True,OFFICIAL_HISTORICAL_RECORD
CHN-INC-1417,GCC-2015-STAG-0417,2015-12-01,Chennai Floods 2015,Vasantham Colony 1st Street,13.094991,80.206568,104,Ward 104 (Anna Nagar),8,Anna Nagar,waterlogging,high,Data Unavailable,Data Unavailable,Vasantham Colony 1st Street,Greater Chennai Corporation (GCC) 2015 Water Stagnation Locations,GCC-2015-STAG,https://data.opencity.in/dataset/866141ab-3a3f-4dc0-8092-421d97ba29a2/resource/b5f39598-2e2d-40c5-82c3-806a1ad65c91/download/db3840ff-9f33-43a3-b826-2f9dae1bcb78.kml,VERIFIED INCIDENT,OFFICIALLY_VERIFIED,HIGH,True,OFFICIAL_HISTORICAL_RECORD
CHN-INC-1418,GCC-2015-STAG-0418,2015-12-01,Chennai Floods 2015,18th Main Road,13.094802,80.201495,104,Ward 104 (Anna Nagar),8,Anna Nagar,waterlogging,high,Data Unavailable,Data Unavailable,18th Main Road,Greater Chennai Corporation (GCC) 2015 Water Stagnation Locations,GCC-2015-STAG,https://data.opencity.in/dataset/866141ab-3a3f-4dc0-8092-421d97ba29a2/resource/b5f39598-2e2d-40c5-82c3-806a1ad65c91/download/db3840ff-9f33-43a3-b826-2f9dae1bcb78.kml,VERIFIED INCIDENT,OFFICIALLY_VERIFIED,HIGH,True,OFFICIAL_HISTORICAL_RECORD
CHN-INC-1419,GCC-2015-STAG-0419,2015-12-01,Chennai Floods 2015,THIRU NAGAR,13.101676,80.203552,95,Ward 95 (Anna Nagar),8,Anna Nagar,waterlogging,high,Data Unavailable,Data Unavailable,THIRU NAGAR,Greater Chennai Corporation (GCC) 2015 Water Stagnation Locations,GCC-2015-STAG,https://data.opencity.in/dataset/866141ab-3a3f-4dc0-8092-421d97ba29a2/resource/b5f39598-2e2d-40c5-82c3-806a1ad65c91/download/db3840ff-9f33-43a3-b826-2f9dae1bcb78.kml,VERIFIED INCIDENT,OFFICIALLY_VERIFIED,HIGH,True,OFFICIAL_HISTORICAL_RECORD
CHN-INC-1420,GCC-2015-STAG-0420,2015-12-01,Chennai Floods 2015,North Main Road,13.09706,80.197018,104,Ward 104 (Anna Nagar),8,Anna Nagar,waterlogging,high,Data Unavailable,Data Unavailable,North Main Road,Greater Chennai Corporation (GCC) 2015 Water Stagnation Locations,GCC-2015-STAG,https://data.opencity.in/dataset/866141ab-3a3f-4dc0-8092-421d97ba29a2/resource/b5f39598-2e2d-40c5-82c3-806a1ad65c91/download/db3840ff-9f33-43a3-b826-2f9dae1bcb78.kml,VERIFIED INCIDENT,OFFICIALLY_VERIFIED,HIGH,True,OFFICIAL_HISTORICAL_RECORD
CHN-INC-1421,GCC-2015-STAG-0421,2015-12-01,Chennai Floods 2015,MTH Road,13.102555,80.209197,95,Ward 95 (Anna Nagar),8,Anna Nagar,waterlogging,high,Data Unavailable,Data Unavailable,MTH Road,Greater Chennai Corporation (GCC) 2015 Water Stagnation Locations,GCC-2015-STAG,https://data.opencity.in/dataset/866141ab-3a3f-4dc0-8092-421d97ba29a2/resource/b5f39598-2e2d-40c5-82c3-806a1ad65c91/download/db3840ff-9f33-43a3-b826-2f9dae1bcb78.kml,VERIFIED INCIDENT,OFFICIALLY_VERIFIED,HIGH,True,OFFICIAL_HISTORICAL_RECORD
CHN-INC-1422,GCC-2015-STAG-0422,2015-12-01,Chennai Floods 2015,New Avadi Road,13.100582,80.209161,95,Ward 95 (Anna Nagar),8,Anna Nagar,waterlogging,high,Data Unavailable,Data Unavailable,New Avadi Road,Greater Chennai Corporation (GCC) 2015 Water Stagnation Locations,GCC-2015-STAG,https://data.opencity.in/dataset/866141ab-3a3f-4dc0-8092-421d97ba29a2/resource/b5f39598-2e2d-40c5-82c3-806a1ad65c91/download/db3840ff-9f33-43a3-b826-2f9dae1bcb78.kml,VERIFIED INCIDENT,OFFICIALLY_VERIFIED,HIGH,True,OFFICIAL_HISTORICAL_RECORD
CHN-INC-1423,GCC-2015-STAG-0423,2015-12-01,Chennai Floods 2015,Anna Nagar west - W Block,13.095048,80.196364,104,Ward 104 (Anna Nagar),8,Anna Nagar,waterlogging,high,Data Unavailable,Data Unavailable,Anna Nagar west - W Block,Greater Chennai Corporation (GCC) 2015 Water Stagnation Locations,GCC-2015-STAG,https://data.opencity.in/dataset/866141ab-3a3f-4dc0-8092-421d97ba29a2/resource/b5f39598-2e2d-40c5-82c3-806a1ad65c91/download/db3840ff-9f33-43a3-b826-2f9dae1bcb78.kml,VERIFIED INCIDENT,OFFICIALLY_VERIFIED,HIGH,True,OFFICIAL_HISTORICAL_RECORD
CHN-INC-1424,GCC-2015-STAG-0424,2015-12-01,Chennai Floods 2015,Konnur High Road,13.098769,80.221494,96,Ward 96 (Anna Nagar),8,Anna Nagar,waterlogging,high,Data Unavailable,Data Unavailable,Konnur High Road,Greater Chennai Corporation (GCC) 2015 Water Stagnation Locations,GCC-2015-STAG,https://data.opencity.in/dataset/866141ab-3a3f-4dc0-8092-421d97ba29a2/resource/b5f39598-2e2d-40c5-82c3-806a1ad65c91/download/db3840ff-9f33-43a3-b826-2f9dae1bcb78.kml,VERIFIED INCIDENT,OFFICIALLY_VERIFIED,HIGH,True,OFFICIAL_HISTORICAL_RECORD
CHN-INC-1425,GCC-2015-STAG-0425,2015-12-01,Chennai Floods 2015,Kakkangi Nagar,13.097975,80.21632,96,Ward 96 (Anna Nagar),8,Anna Nagar,waterlogging,high,Data Unavailable,Data Unavailable,Kakkangi Nagar,Greater Chennai Corporation (GCC) 2015 Water Stagnation Locations,GCC-2015-STAG,https://data.opencity.in/dataset/866141ab-3a3f-4dc0-8092-421d97ba29a2/resource/b5f39598-2e2d-40c5-82c3-806a1ad65c91/download/db3840ff-9f33-43a3-b826-2f9dae1bcb78.kml,VERIFIED INCIDENT,OFFICIALLY_VERIFIED,HIGH,True,OFFICIAL_HISTORICAL_RECORD
CHN-INC-1426,GCC-2015-STAG-0426,2015-12-01,Chennai Floods 2015,Ayanavaram market road,13.098349,80.230679,98,Ward 98 (Anna Nagar),8,Anna Nagar,waterlogging,high,Data Unavailable,Data Unavailable,Ayanavaram market road,Greater Chennai Corporation (GCC) 2015 Water Stagnation Locations,GCC-2015-STAG,https://data.opencity.in/dataset/866141ab-3a3f-4dc0-8092-421d97ba29a2/resource/b5f39598-2e2d-40c5-82c3-806a1ad65c91/download/db3840ff-9f33-43a3-b826-2f9dae1bcb78.kml,VERIFIED INCIDENT,OFFICIALLY_VERIFIED,HIGH,True,OFFICIAL_HISTORICAL_RECORD
CHN-INC-1427,GCC-2015-STAG-0427,2015-12-01,Chennai Floods 2015,NMK Street,13.096861,80.234026,98,Ward 98 (Anna Nagar),8,Anna Nagar,waterlogging,high,Data Unavailable,Data Unavailable,NMK Street,Greater Chennai Corporation (GCC) 2015 Water Stagnation Locations,GCC-2015-STAG,https://data.opencity.in/dataset/866141ab-3a3f-4dc0-8092-421d97ba29a2/resource/b5f39598-2e2d-40c5-82c3-806a1ad65c91/download/db3840ff-9f33-43a3-b826-2f9dae1bcb78.kml,VERIFIED INCIDENT,OFFICIALLY_VERIFIED,HIGH,True,OFFICIAL_HISTORICAL_RECORD
CHN-INC-1428,GCC-2015-STAG-0428,2015-12-01,Chennai Floods 2015,Vellala Street,13.09601,80.22358,97,Ward 97 (Anna Nagar),8,Anna Nagar,waterlogging,high,Data Unavailable,Data Unavailable,Vellala Street,Greater Chennai Corporation (GCC) 2015 Water Stagnation Locations,GCC-2015-STAG,https://data.opencity.in/dataset/866141ab-3a3f-4dc0-8092-421d97ba29a2/resource/b5f39598-2e2d-40c5-82c3-806a1ad65c91/download/db3840ff-9f33-43a3-b826-2f9dae1bcb78.kml,VERIFIED INCIDENT,OFFICIALLY_VERIFIED,HIGH,True,OFFICIAL_HISTORICAL_RECORD
CHN-INC-1429,GCC-2015-STAG-0429,2015-12-01,Chennai Floods 2015,Kamaraj Street,13.095387,80.224469,97,Ward 97 (Anna Nagar),8,Anna Nagar,waterlogging,high,Data Unavailable,Data Unavailable,Kamaraj Street,Greater Chennai Corporation (GCC) 2015 Water Stagnation Locations,GCC-2015-STAG,https://data.opencity.in/dataset/866141ab-3a3f-4dc0-8092-421d97ba29a2/resource/b5f39598-2e2d-40c5-82c3-806a1ad65c91/download/db3840ff-9f33-43a3-b826-2f9dae1bcb78.kml,VERIFIED INCIDENT,OFFICIALLY_VERIFIED,HIGH,True,OFFICIAL_HISTORICAL_RECORD
CHN-INC-1430,GCC-2015-STAG-0430,2015-12-01,Chennai Floods 2015,CHAKRAVARTHY NAGAR,13.095448,80.223268,97,Ward 97 (Anna Nagar),8,Anna Nagar,waterlogging,high,Data Unavailable,Data Unavailable,CHAKRAVARTHY NAGAR,Greater Chennai Corporation (GCC) 2015 Water Stagnation Locations,GCC-2015-STAG,https://data.opencity.in/dataset/866141ab-3a3f-4dc0-8092-421d97ba29a2/resource/b5f39598-2e2d-40c5-82c3-806a1ad65c91/download/db3840ff-9f33-43a3-b826-2f9dae1bcb78.kml,VERIFIED INCIDENT,OFFICIALLY_VERIFIED,HIGH,True,OFFICIAL_HISTORICAL_RECORD
CHN-INC-1431,GCC-2015-STAG-0431,2015-12-01,Chennai Floods 2015,Police Manickam Street,13.093875,80.23565,98,Ward 98 (Anna Nagar),8,Anna Nagar,waterlogging,high,Data Unavailable,Data Unavailable,Police Manickam Street,Greater Chennai Corporation (GCC) 2015 Water Stagnation Locations,GCC-2015-STAG,https://data.opencity.in/dataset/866141ab-3a3f-4dc0-8092-421d97ba29a2/resource/b5f39598-2e2d-40c5-82c3-806a1ad65c91/download/db3840ff-9f33-43a3-b826-2f9dae1bcb78.kml,VERIFIED INCIDENT,OFFICIALLY_VERIFIED,HIGH,True,OFFICIAL_HISTORICAL_RECORD
CHN-INC-1432,GCC-2015-STAG-0432,2015-12-01,Chennai Floods 2015,Ayanavaram road,13.092854,80.236146,98,Ward 98 (Anna Nagar),8,Anna Nagar,waterlogging,high,Data Unavailable,Data Unavailable,Ayanavaram road,Greater Chennai Corporation (GCC) 2015 Water Stagnation Locations,GCC-2015-STAG,https://data.opencity.in/dataset/866141ab-3a3f-4dc0-8092-421d97ba29a2/resource/b5f39598-2e2d-40c5-82c3-806a1ad65c91/download/db3840ff-9f33-43a3-b826-2f9dae1bcb78.kml,VERIFIED INCIDENT,OFFICIALLY_VERIFIED,HIGH,True,OFFICIAL_HISTORICAL_RECORD
CHN-INC-1433,GCC-2015-STAG-0433,2015-12-01,Chennai Floods 2015,C.K.Street,13.093361,80.234755,98,Ward 98 (Anna Nagar),8,Anna Nagar,waterlogging,high,Data Unavailable,Data Unavailable,C.K.Street,Greater Chennai Corporation (GCC) 2015 Water Stagnation Locations,GCC-2015-STAG,https://data.opencity.in/dataset/866141ab-3a3f-4dc0-8092-421d97ba29a2/resource/b5f39598-2e2d-40c5-82c3-806a1ad65c91/download/db3840ff-9f33-43a3-b826-2f9dae1bcb78.kml,VERIFIED INCIDENT,OFFICIALLY_VERIFIED,HIGH,True,OFFICIAL_HISTORICAL_RECORD
CHN-INC-1434,GCC-2015-STAG-0434,2015-12-01,Chennai Floods 2015,Mettu street,13.094163,80.23284,98,Ward 98 (Anna Nagar),8,Anna Nagar,waterlogging,high,Data Unavailable,Data Unavailable,Mettu street,Greater Chennai Corporation (GCC) 2015 Water Stagnation Locations,GCC-2015-STAG,https://data.opencity.in/dataset/866141ab-3a3f-4dc0-8092-421d97ba29a2/resource/b5f39598-2e2d-40c5-82c3-806a1ad65c91/download/db3840ff-9f33-43a3-b826-2f9dae1bcb78.kml,VERIFIED INCIDENT,OFFICIALLY_VERIFIED,HIGH,True,OFFICIAL_HISTORICAL_RECORD
CHN-INC-1435,GCC-2015-STAG-0435,2015-12-01,Chennai Floods 2015,Raju street,13.090652,80.231705,98,Ward 98 (Anna Nagar),8,Anna Nagar,waterlogging,high,Data Unavailable,Data Unavailable,Raju street,Greater Chennai Corporation (GCC) 2015 Water Stagnation Locations,GCC-2015-STAG,https://data.opencity.in/dataset/866141ab-3a3f-4dc0-8092-421d97ba29a2/resource/b5f39598-2e2d-40c5-82c3-806a1ad65c91/download/db3840ff-9f33-43a3-b826-2f9dae1bcb78.kml,VERIFIED INCIDENT,OFFICIALLY_VERIFIED,HIGH,True,OFFICIAL_HISTORICAL_RECORD
CHN-INC-1436,GCC-2015-STAG-0436,2015-12-01,Chennai Floods 2015,"VP Colony Extn.,",13.093646,80.23643,98,Ward 98 (Anna Nagar),8,Anna Nagar,waterlogging,high,Data Unavailable,Data Unavailable,"VP Colony Extn.,",Greater Chennai Corporation (GCC) 2015 Water Stagnation Locations,GCC-2015-STAG,https://data.opencity.in/dataset/866141ab-3a3f-4dc0-8092-421d97ba29a2/resource/b5f39598-2e2d-40c5-82c3-806a1ad65c91/download/db3840ff-9f33-43a3-b826-2f9dae1bcb78.kml,VERIFIED INCIDENT,OFFICIALLY_VERIFIED,HIGH,True,OFFICIAL_HISTORICAL_RECORD
CHN-INC-1437,GCC-2015-STAG-0437,2015-12-01,Chennai Floods 2015,Aspiran Garden 1st Street,13.086366,80.236503,98,Ward 98 (Anna Nagar),8,Anna Nagar,waterlogging,high,Data Unavailable,Data Unavailable,Aspiran Garden 1st Street,Greater Chennai Corporation (GCC) 2015 Water Stagnation Locations,GCC-2015-STAG,https://data.opencity.in/dataset/866141ab-3a3f-4dc0-8092-421d97ba29a2/resource/b5f39598-2e2d-40c5-82c3-806a1ad65c91/download/db3840ff-9f33-43a3-b826-2f9dae1bcb78.kml,VERIFIED INCIDENT,OFFICIALLY_VERIFIED,HIGH,True,OFFICIAL_HISTORICAL_RECORD
CHN-INC-1438,GCC-2015-STAG-0438,2015-12-01,Chennai Floods 2015,NVN Nagar,13.085766,80.197467,104,Ward 104 (Anna Nagar),8,Anna Nagar,waterlogging,high,Data Unavailable,Data Unavailable,NVN Nagar,Greater Chennai Corporation (GCC) 2015 Water Stagnation Locations,GCC-2015-STAG,https://data.opencity.in/dataset/866141ab-3a3f-4dc0-8092-421d97ba29a2/resource/b5f39598-2e2d-40c5-82c3-806a1ad65c91/download/db3840ff-9f33-43a3-b826-2f9dae1bcb78.kml,VERIFIED INCIDENT,OFFICIALLY_VERIFIED,HIGH,True,OFFICIAL_HISTORICAL_RECORD
CHN-INC-1439,GCC-2015-STAG-0439,2015-12-01,Chennai Floods 2015,TV Nagar,13.084115,80.197277,104,Ward 104 (Anna Nagar),8,Anna Nagar,waterlogging,high,Data Unavailable,Data Unavailable,TV Nagar,Greater Chennai Corporation (GCC) 2015 Water Stagnation Locations,GCC-2015-STAG,https://data.opencity.in/dataset/866141ab-3a3f-4dc0-8092-421d97ba29a2/resource/b5f39598-2e2d-40c5-82c3-806a1ad65c91/download/db3840ff-9f33-43a3-b826-2f9dae1bcb78.kml,VERIFIED INCIDENT,OFFICIALLY_VERIFIED,HIGH,True,OFFICIAL_HISTORICAL_RECORD
CHN-INC-1440,GCC-2015-STAG-0440,2015-12-01,Chennai Floods 2015,H Block 4th Street,13.086506,80.200991,104,Ward 104 (Anna Nagar),8,Anna Nagar,waterlogging,high,Data Unavailable,Data Unavailable,H Block 4th Street,Greater Chennai Corporation (GCC) 2015 Water Stagnation Locations,GCC-2015-STAG,https://data.opencity.in/dataset/866141ab-3a3f-4dc0-8092-421d97ba29a2/resource/b5f39598-2e2d-40c5-82c3-806a1ad65c91/download/db3840ff-9f33-43a3-b826-2f9dae1bcb78.kml,VERIFIED INCIDENT,OFFICIALLY_VERIFIED,HIGH,True,OFFICIAL_HISTORICAL_RECORD
CHN-INC-1441,GCC-2015-STAG-0441,2015-12-01,Chennai Floods 2015,"Mangalam Colony, PWD Quarters",13.082095,80.198856,104,Ward 104 (Anna Nagar),8,Anna Nagar,waterlogging,high,Data Unavailable,Data Unavailable,"Mangalam Colony, PWD Quarters",Greater Chennai Corporation (GCC) 2015 Water Stagnation Locations,GCC-2015-STAG,https://data.opencity.in/dataset/866141ab-3a3f-4dc0-8092-421d97ba29a2/resource/b5f39598-2e2d-40c5-82c3-806a1ad65c91/download/db3840ff-9f33-43a3-b826-2f9dae1bcb78.kml,VERIFIED INCIDENT,OFFICIALLY_VERIFIED,HIGH,True,OFFICIAL_HISTORICAL_RECORD
CHN-INC-1442,GCC-2015-STAG-0442,2015-12-01,Chennai Floods 2015,H Block 5th Street,13.086269,80.202695,104,Ward 104 (Anna Nagar),8,Anna Nagar,waterlogging,high,Data Unavailable,Data Unavailable,H Block 5th Street,Greater Chennai Corporation (GCC) 2015 Water Stagnation Locations,GCC-2015-STAG,https://data.opencity.in/dataset/866141ab-3a3f-4dc0-8092-421d97ba29a2/resource/b5f39598-2e2d-40c5-82c3-806a1ad65c91/download/db3840ff-9f33-43a3-b826-2f9dae1bcb78.kml,VERIFIED INCIDENT,OFFICIALLY_VERIFIED,HIGH,True,OFFICIAL_HISTORICAL_RECORD
CHN-INC-1443,GCC-2015-STAG-0443,2015-12-01,Chennai Floods 2015,H Block 23rd Street,13.091547,80.201284,104,Ward 104 (Anna Nagar),8,Anna Nagar,waterlogging,high,Data Unavailable,Data Unavailable,H Block 23rd Street,Greater Chennai Corporation (GCC) 2015 Water Stagnation Locations,GCC-2015-STAG,https://data.opencity.in/dataset/866141ab-3a3f-4dc0-8092-421d97ba29a2/resource/b5f39598-2e2d-40c5-82c3-806a1ad65c91/download/db3840ff-9f33-43a3-b826-2f9dae1bcb78.kml,VERIFIED INCIDENT,OFFICIALLY_VERIFIED,HIGH,True,OFFICIAL_HISTORICAL_RECORD
CHN-INC-1444,GCC-2015-STAG-0444,2015-12-01,Chennai Floods 2015,School Road,13.093032,80.19674,104,Ward 104 (Anna Nagar),8,Anna Nagar,waterlogging,high,Data Unavailable,Data Unavailable,School Road,Greater Chennai Corporation (GCC) 2015 Water Stagnation Locations,GCC-2015-STAG,https://data.opencity.in/dataset/866141ab-3a3f-4dc0-8092-421d97ba29a2/resource/b5f39598-2e2d-40c5-82c3-806a1ad65c91/download/db3840ff-9f33-43a3-b826-2f9dae1bcb78.kml,VERIFIED INCIDENT,OFFICIALLY_VERIFIED,HIGH,True,OFFICIAL_HISTORICAL_RECORD
CHN-INC-1445,GCC-2015-STAG-0445,2015-12-01,Chennai Floods 2015,S Block 21st Street,13.091847,80.211798,103,Ward 103 (Anna Nagar),8,Anna Nagar,waterlogging,high,Data Unavailable,Data Unavailable,S Block 21st Street,Greater Chennai Corporation (GCC) 2015 Water Stagnation Locations,GCC-2015-STAG,https://data.opencity.in/dataset/866141ab-3a3f-4dc0-8092-421d97ba29a2/resource/b5f39598-2e2d-40c5-82c3-806a1ad65c91/download/db3840ff-9f33-43a3-b826-2f9dae1bcb78.kml,VERIFIED INCIDENT,OFFICIALLY_VERIFIED,HIGH,True,OFFICIAL_HISTORICAL_RECORD
CHN-INC-1446,GCC-2015-STAG-0446,2015-12-01,Chennai Floods 2015,S Block 2nd Street,13.0911,80.212627,103,Ward 103 (Anna Nagar),8,Anna Nagar,waterlogging,high,Data Unavailable,Data Unavailable,S Block 2nd Street,Greater Chennai Corporation (GCC) 2015 Water Stagnation Locations,GCC-2015-STAG,https://data.opencity.in/dataset/866141ab-3a3f-4dc0-8092-421d97ba29a2/resource/b5f39598-2e2d-40c5-82c3-806a1ad65c91/download/db3840ff-9f33-43a3-b826-2f9dae1bcb78.kml,VERIFIED INCIDENT,OFFICIALLY_VERIFIED,HIGH,True,OFFICIAL_HISTORICAL_RECORD
CHN-INC-1447,GCC-2015-STAG-0447,2015-12-01,Chennai Floods 2015,5th Main Road,13.088559,80.213213,103,Ward 103 (Anna Nagar),8,Anna Nagar,waterlogging,high,Data Unavailable,Data Unavailable,5th Main Road,Greater Chennai Corporation (GCC) 2015 Water Stagnation Locations,GCC-2015-STAG,https://data.opencity.in/dataset/866141ab-3a3f-4dc0-8092-421d97ba29a2/resource/b5f39598-2e2d-40c5-82c3-806a1ad65c91/download/db3840ff-9f33-43a3-b826-2f9dae1bcb78.kml,VERIFIED INCIDENT,OFFICIALLY_VERIFIED,HIGH,True,OFFICIAL_HISTORICAL_RECORD
CHN-INC-1448,GCC-2015-STAG-0448,2015-12-01,Chennai Floods 2015,2nd Avenue,13.084819,80.212328,103,Ward 103 (Anna Nagar),8,Anna Nagar,waterlogging,high,Data Unavailable,Data Unavailable,2nd Avenue,Greater Chennai Corporation (GCC) 2015 Water Stagnation Locations,GCC-2015-STAG,https://data.opencity.in/dataset/866141ab-3a3f-4dc0-8092-421d97ba29a2/resource/b5f39598-2e2d-40c5-82c3-806a1ad65c91/download/db3840ff-9f33-43a3-b826-2f9dae1bcb78.kml,VERIFIED INCIDENT,OFFICIALLY_VERIFIED,HIGH,True,OFFICIAL_HISTORICAL_RECORD
CHN-INC-1449,GCC-2015-STAG-0449,2015-12-01,Chennai Floods 2015,5th Avenue,13.08529,80.21019,103,Ward 103 (Anna Nagar),8,Anna Nagar,waterlogging,high,Data Unavailable,Data Unavailable,5th Avenue,Greater Chennai Corporation (GCC) 2015 Water Stagnation Locations,GCC-2015-STAG,https://data.opencity.in/dataset/866141ab-3a3f-4dc0-8092-421d97ba29a2/resource/b5f39598-2e2d-40c5-82c3-806a1ad65c91/download/db3840ff-9f33-43a3-b826-2f9dae1bcb78.kml,VERIFIED INCIDENT,OFFICIALLY_VERIFIED,HIGH,True,OFFICIAL_HISTORICAL_RECORD
CHN-INC-1450,GCC-2015-STAG-0450,2015-12-01,Chennai Floods 2015,4th Avenue,13.082432,80.210313,103,Ward 103 (Anna Nagar),8,Anna Nagar,waterlogging,high,Data Unavailable,Data Unavailable,4th Avenue,Greater Chennai Corporation (GCC) 2015 Water Stagnation Locations,GCC-2015-STAG,https://data.opencity.in/dataset/866141ab-3a3f-4dc0-8092-421d97ba29a2/resource/b5f39598-2e2d-40c5-82c3-806a1ad65c91/download/db3840ff-9f33-43a3-b826-2f9dae1bcb78.kml,VERIFIED INCIDENT,OFFICIALLY_VERIFIED,HIGH,True,OFFICIAL_HISTORICAL_RECORD
CHN-INC-1451,GCC-2015-STAG-0451,2015-12-01,Chennai Floods 2015,6th Avenue,13.092417,80.213666,103,Ward 103 (Anna Nagar),8,Anna Nagar,waterlogging,high,Data Unavailable,Data Unavailable,6th Avenue,Greater Chennai Corporation (GCC) 2015 Water Stagnation Locations,GCC-2015-STAG,https://data.opencity.in/dataset/866141ab-3a3f-4dc0-8092-421d97ba29a2/resource/b5f39598-2e2d-40c5-82c3-806a1ad65c91/download/db3840ff-9f33-43a3-b826-2f9dae1bcb78.kml,VERIFIED INCIDENT,OFFICIALLY_VERIFIED,HIGH,True,OFFICIAL_HISTORICAL_RECORD
CHN-INC-1452,GCC-2015-STAG-0452,2015-12-01,Chennai Floods 2015,A.H.Block,13.08054,80.213511,103,Ward 103 (Anna Nagar),8,Anna Nagar,waterlogging,high,Data Unavailable,Data Unavailable,A.H.Block,Greater Chennai Corporation (GCC) 2015 Water Stagnation Locations,GCC-2015-STAG,https://data.opencity.in/dataset/866141ab-3a3f-4dc0-8092-421d97ba29a2/resource/b5f39598-2e2d-40c5-82c3-806a1ad65c91/download/db3840ff-9f33-43a3-b826-2f9dae1bcb78.kml,VERIFIED INCIDENT,OFFICIALLY_VERIFIED,HIGH,True,OFFICIAL_HISTORICAL_RECORD
CHN-INC-1453,GCC-2015-STAG-0453,2015-12-01,Chennai Floods 2015,R Block,13.091772,80.214375,103,Ward 103 (Anna Nagar),8,Anna Nagar,waterlogging,high,Data Unavailable,Data Unavailable,R Block,Greater Chennai Corporation (GCC) 2015 Water Stagnation Locations,GCC-2015-STAG,https://data.opencity.in/dataset/866141ab-3a3f-4dc0-8092-421d97ba29a2/resource/b5f39598-2e2d-40c5-82c3-806a1ad65c91/download/db3840ff-9f33-43a3-b826-2f9dae1bcb78.kml,VERIFIED INCIDENT,OFFICIALLY_VERIFIED,HIGH,True,OFFICIAL_HISTORICAL_RECORD
CHN-INC-1454,GCC-2015-STAG-0454,2015-12-01,Chennai Floods 2015,2nd Avenue,13.084441,80.222553,102,Ward 102 (Anna Nagar),8,Anna Nagar,waterlogging,high,Data Unavailable,Data Unavailable,2nd Avenue,Greater Chennai Corporation (GCC) 2015 Water Stagnation Locations,GCC-2015-STAG,https://data.opencity.in/dataset/866141ab-3a3f-4dc0-8092-421d97ba29a2/resource/b5f39598-2e2d-40c5-82c3-806a1ad65c91/download/db3840ff-9f33-43a3-b826-2f9dae1bcb78.kml,VERIFIED INCIDENT,OFFICIALLY_VERIFIED,HIGH,True,OFFICIAL_HISTORICAL_RECORD
CHN-INC-1455,GCC-2015-STAG-0455,2015-12-01,Chennai Floods 2015,T Block 8th Street,13.08847,80.216122,102,Ward 102 (Anna Nagar),8,Anna Nagar,waterlogging,high,Data Unavailable,Data Unavailable,T Block 8th Street,Greater Chennai Corporation (GCC) 2015 Water Stagnation Locations,GCC-2015-STAG,https://data.opencity.in/dataset/866141ab-3a3f-4dc0-8092-421d97ba29a2/resource/b5f39598-2e2d-40c5-82c3-806a1ad65c91/download/db3840ff-9f33-43a3-b826-2f9dae1bcb78.kml,VERIFIED INCIDENT,OFFICIALLY_VERIFIED,HIGH,True,OFFICIAL_HISTORICAL_RECORD
CHN-INC-1456,GCC-2015-STAG-0456,2015-12-01,Chennai Floods 2015,P Block 20th Street,13.093061,80.217034,102,Ward 102 (Anna Nagar),8,Anna Nagar,waterlogging,high,Data Unavailable,Data Unavailable,P Block 20th Street,Greater Chennai Corporation (GCC) 2015 Water Stagnation Locations,GCC-2015-STAG,https://data.opencity.in/dataset/866141ab-3a3f-4dc0-8092-421d97ba29a2/resource/b5f39598-2e2d-40c5-82c3-806a1ad65c91/download/db3840ff-9f33-43a3-b826-2f9dae1bcb78.kml,VERIFIED INCIDENT,OFFICIALLY_VERIFIED,HIGH,True,OFFICIAL_HISTORICAL_RECORD
CHN-INC-1457,GCC-2015-STAG-0457,2015-12-01,Chennai Floods 2015,Periyakoodal st,13.080174,80.222148,102,Ward 102 (Anna Nagar),8,Anna Nagar,waterlogging,high,Data Unavailable,Data Unavailable,Periyakoodal st,Greater Chennai Corporation (GCC) 2015 Water Stagnation Locations,GCC-2015-STAG,https://data.opencity.in/dataset/866141ab-3a3f-4dc0-8092-421d97ba29a2/resource/b5f39598-2e2d-40c5-82c3-806a1ad65c91/download/db3840ff-9f33-43a3-b826-2f9dae1bcb78.kml,VERIFIED INCIDENT,OFFICIALLY_VERIFIED,HIGH,True,OFFICIAL_HISTORICAL_RECORD
CHN-INC-1458,GCC-2015-STAG-0458,2015-12-01,Chennai Floods 2015,Q Block,13.091162,80.21714,102,Ward 102 (Anna Nagar),8,Anna Nagar,waterlogging,high,Data Unavailable,Data Unavailable,Q Block,Greater Chennai Corporation (GCC) 2015 Water Stagnation Locations,GCC-2015-STAG,https://data.opencity.in/dataset/866141ab-3a3f-4dc0-8092-421d97ba29a2/resource/b5f39598-2e2d-40c5-82c3-806a1ad65c91/download/db3840ff-9f33-43a3-b826-2f9dae1bcb78.kml,VERIFIED INCIDENT,OFFICIALLY_VERIFIED,HIGH,True,OFFICIAL_HISTORICAL_RECORD
CHN-INC-1459,GCC-2015-STAG-0459,2015-12-01,Chennai Floods 2015,Pulla Avenue,13.076836,80.225043,101,Ward 101 (Anna Nagar),8,Anna Nagar,waterlogging,high,Data Unavailable,Data Unavailable,Pulla Avenue,Greater Chennai Corporation (GCC) 2015 Water Stagnation Locations,GCC-2015-STAG,https://data.opencity.in/dataset/866141ab-3a3f-4dc0-8092-421d97ba29a2/resource/b5f39598-2e2d-40c5-82c3-806a1ad65c91/download/db3840ff-9f33-43a3-b826-2f9dae1bcb78.kml,VERIFIED INCIDENT,OFFICIALLY_VERIFIED,HIGH,True,OFFICIAL_HISTORICAL_RECORD
CHN-INC-1460,GCC-2015-STAG-0460,2015-12-01,Chennai Floods 2015,1st Avenue,13.090787,80.223687,101,Ward 101 (Anna Nagar),8,Anna Nagar,waterlogging,high,Data Unavailable,Data Unavailable,1st Avenue,Greater Chennai Corporation (GCC) 2015 Water Stagnation Locations,GCC-2015-STAG,https://data.opencity.in/dataset/866141ab-3a3f-4dc0-8092-421d97ba29a2/resource/b5f39598-2e2d-40c5-82c3-806a1ad65c91/download/db3840ff-9f33-43a3-b826-2f9dae1bcb78.kml,VERIFIED INCIDENT,OFFICIALLY_VERIFIED,HIGH,True,OFFICIAL_HISTORICAL_RECORD
CHN-INC-1461,GCC-2015-STAG-0461,2015-12-01,Chennai Floods 2015,1st Main Road,13.07803,80.226748,101,Ward 101 (Anna Nagar),8,Anna Nagar,waterlogging,high,Data Unavailable,Data Unavailable,1st Main Road,Greater Chennai Corporation (GCC) 2015 Water Stagnation Locations,GCC-2015-STAG,https://data.opencity.in/dataset/866141ab-3a3f-4dc0-8092-421d97ba29a2/resource/b5f39598-2e2d-40c5-82c3-806a1ad65c91/download/db3840ff-9f33-43a3-b826-2f9dae1bcb78.kml,VERIFIED INCIDENT,OFFICIALLY_VERIFIED,HIGH,True,OFFICIAL_HISTORICAL_RECORD
CHN-INC-1462,GCC-2015-STAG-0462,2015-12-01,Chennai Floods 2015,Kilpauk Garden Road,13.083102,80.229761,101,Ward 101 (Anna Nagar),8,Anna Nagar,waterlogging,high,Data Unavailable,Data Unavailable,Kilpauk Garden Road,Greater Chennai Corporation (GCC) 2015 Water Stagnation Locations,GCC-2015-STAG,https://data.opencity.in/dataset/866141ab-3a3f-4dc0-8092-421d97ba29a2/resource/b5f39598-2e2d-40c5-82c3-806a1ad65c91/download/db3840ff-9f33-43a3-b826-2f9dae1bcb78.kml,VERIFIED INCIDENT,OFFICIALLY_VERIFIED,HIGH,True,OFFICIAL_HISTORICAL_RECORD
CHN-INC-1463,GCC-2015-STAG-0463,2015-12-01,Chennai Floods 2015,Jothiammal Nagar,13.081076,80.230191,100,Ward 100 (Anna Nagar),8,Anna Nagar,waterlogging,high,Data Unavailable,Data Unavailable,Jothiammal Nagar,Greater Chennai Corporation (GCC) 2015 Water Stagnation Locations,GCC-2015-STAG,https://data.opencity.in/dataset/866141ab-3a3f-4dc0-8092-421d97ba29a2/resource/b5f39598-2e2d-40c5-82c3-806a1ad65c91/download/db3840ff-9f33-43a3-b826-2f9dae1bcb78.kml,VERIFIED INCIDENT,OFFICIALLY_VERIFIED,HIGH,True,OFFICIAL_HISTORICAL_RECORD
CHN-INC-1464,GCC-2015-STAG-0464,2015-12-01,Chennai Floods 2015,TP Chatram Main Road,13.080789,80.230436,100,Ward 100 (Anna Nagar),8,Anna Nagar,waterlogging,high,Data Unavailable,Data Unavailable,TP Chatram Main Road,Greater Chennai Corporation (GCC) 2015 Water Stagnation Locations,GCC-2015-STAG,https://data.opencity.in/dataset/866141ab-3a3f-4dc0-8092-421d97ba29a2/resource/b5f39598-2e2d-40c5-82c3-806a1ad65c91/download/db3840ff-9f33-43a3-b826-2f9dae1bcb78.kml,VERIFIED INCIDENT,OFFICIALLY_VERIFIED,HIGH,True,OFFICIAL_HISTORICAL_RECORD
CHN-INC-1465,GCC-2015-STAG-0465,2015-12-01,Chennai Floods 2015,R.V.Nagar Main Road,13.084827,80.227192,101,Ward 101 (Anna Nagar),8,Anna Nagar,waterlogging,high,Data Unavailable,Data Unavailable,R.V.Nagar Main Road,Greater Chennai Corporation (GCC) 2015 Water Stagnation Locations,GCC-2015-STAG,https://data.opencity.in/dataset/866141ab-3a3f-4dc0-8092-421d97ba29a2/resource/b5f39598-2e2d-40c5-82c3-806a1ad65c91/download/db3840ff-9f33-43a3-b826-2f9dae1bcb78.kml,VERIFIED INCIDENT,OFFICIALLY_VERIFIED,HIGH,True,OFFICIAL_HISTORICAL_RECORD
CHN-INC-1466,GCC-2015-STAG-0466,2015-12-01,Chennai Floods 2015,RV Nagar 3rd Street,13.086974,80.228207,101,Ward 101 (Anna Nagar),8,Anna Nagar,waterlogging,high,Data Unavailable,Data Unavailable,RV Nagar 3rd Street,Greater Chennai Corporation (GCC) 2015 Water Stagnation Locations,GCC-2015-STAG,https://data.opencity.in/dataset/866141ab-3a3f-4dc0-8092-421d97ba29a2/resource/b5f39598-2e2d-40c5-82c3-806a1ad65c91/download/db3840ff-9f33-43a3-b826-2f9dae1bcb78.kml,VERIFIED INCIDENT,OFFICIALLY_VERIFIED,HIGH,True,OFFICIAL_HISTORICAL_RECORD
CHN-INC-1467,GCC-2015-STAG-0467,2015-12-01,Chennai Floods 2015,RV Nagar 4th Street,13.087094,80.22914,101,Ward 101 (Anna Nagar),8,Anna Nagar,waterlogging,high,Data Unavailable,Data Unavailable,RV Nagar 4th Street,Greater Chennai Corporation (GCC) 2015 Water Stagnation Locations,GCC-2015-STAG,https://data.opencity.in/dataset/866141ab-3a3f-4dc0-8092-421d97ba29a2/resource/b5f39598-2e2d-40c5-82c3-806a1ad65c91/download/db3840ff-9f33-43a3-b826-2f9dae1bcb78.kml,VERIFIED INCIDENT,OFFICIALLY_VERIFIED,HIGH,True,OFFICIAL_HISTORICAL_RECORD
CHN-INC-1468,GCC-2015-STAG-0468,2015-12-01,Chennai Floods 2015,RV Nagar 5th Street,13.087581,80.228123,101,Ward 101 (Anna Nagar),8,Anna Nagar,waterlogging,high,Data Unavailable,Data Unavailable,RV Nagar 5th Street,Greater Chennai Corporation (GCC) 2015 Water Stagnation Locations,GCC-2015-STAG,https://data.opencity.in/dataset/866141ab-3a3f-4dc0-8092-421d97ba29a2/resource/b5f39598-2e2d-40c5-82c3-806a1ad65c91/download/db3840ff-9f33-43a3-b826-2f9dae1bcb78.kml,VERIFIED INCIDENT,OFFICIALLY_VERIFIED,HIGH,True,OFFICIAL_HISTORICAL_RECORD
CHN-INC-1469,GCC-2015-STAG-0469,2015-12-01,Chennai Floods 2015,Kathiravan colony,13.075778,80.222939,101,Ward 101 (Anna Nagar),8,Anna Nagar,waterlogging,high,Data Unavailable,Data Unavailable,Kathiravan colony,Greater Chennai Corporation (GCC) 2015 Water Stagnation Locations,GCC-2015-STAG,https://data.opencity.in/dataset/866141ab-3a3f-4dc0-8092-421d97ba29a2/resource/b5f39598-2e2d-40c5-82c3-806a1ad65c91/download/db3840ff-9f33-43a3-b826-2f9dae1bcb78.kml,VERIFIED INCIDENT,OFFICIALLY_VERIFIED,HIGH,True,OFFICIAL_HISTORICAL_RECORD
CHN-INC-1470,GCC-2015-STAG-0470,2015-12-01,Chennai Floods 2015,VOC Colony,13.088749,80.224123,101,Ward 101 (Anna Nagar),8,Anna Nagar,waterlogging,high,Data Unavailable,Data Unavailable,VOC Colony,Greater Chennai Corporation (GCC) 2015 Water Stagnation Locations,GCC-2015-STAG,https://data.opencity.in/dataset/866141ab-3a3f-4dc0-8092-421d97ba29a2/resource/b5f39598-2e2d-40c5-82c3-806a1ad65c91/download/db3840ff-9f33-43a3-b826-2f9dae1bcb78.kml,VERIFIED INCIDENT,OFFICIALLY_VERIFIED,HIGH,True,OFFICIAL_HISTORICAL_RECORD
CHN-INC-1471,GCC-2015-STAG-0471,2015-12-01,Chennai Floods 2015,Kellys Road,13.083674,80.246427,100,Ward 100 (Anna Nagar),8,Anna Nagar,waterlogging,high,Data Unavailable,Data Unavailable,Kellys Road,Greater Chennai Corporation (GCC) 2015 Water Stagnation Locations,GCC-2015-STAG,https://data.opencity.in/dataset/866141ab-3a3f-4dc0-8092-421d97ba29a2/resource/b5f39598-2e2d-40c5-82c3-806a1ad65c91/download/db3840ff-9f33-43a3-b826-2f9dae1bcb78.kml,VERIFIED INCIDENT,OFFICIALLY_VERIFIED,HIGH,True,OFFICIAL_HISTORICAL_RECORD
CHN-INC-1472,GCC-2015-STAG-0472,2015-12-01,Chennai Floods 2015,Millers Road,13.083154,80.249924,99,Ward 99 (Anna Nagar),8,Anna Nagar,waterlogging,high,Data Unavailable,Data Unavailable,Millers Road,Greater Chennai Corporation (GCC) 2015 Water Stagnation Locations,GCC-2015-STAG,https://data.opencity.in/dataset/866141ab-3a3f-4dc0-8092-421d97ba29a2/resource/b5f39598-2e2d-40c5-82c3-806a1ad65c91/download/db3840ff-9f33-43a3-b826-2f9dae1bcb78.kml,VERIFIED INCIDENT,OFFICIALLY_VERIFIED,HIGH,True,OFFICIAL_HISTORICAL_RECORD
CHN-INC-1473,GCC-2015-STAG-0473,2015-12-01,Chennai Floods 2015,Purasaiwalkam High Road (near Law College Hostel),13.085763,80.247656,100,Ward 100 (Anna Nagar),8,Anna Nagar,waterlogging,high,Data Unavailable,Data Unavailable,Purasaiwalkam High Road (near Law College Hostel),Greater Chennai Corporation (GCC) 2015 Water Stagnation Locations,GCC-2015-STAG,https://data.opencity.in/dataset/866141ab-3a3f-4dc0-8092-421d97ba29a2/resource/b5f39598-2e2d-40c5-82c3-806a1ad65c91/download/db3840ff-9f33-43a3-b826-2f9dae1bcb78.kml,VERIFIED INCIDENT,OFFICIALLY_VERIFIED,HIGH,True,OFFICIAL_HISTORICAL_RECORD
CHN-INC-1474,GCC-2015-STAG-0474,2015-12-01,Chennai Floods 2015,Sylvan garden 1st street,13.082249,80.247711,100,Ward 100 (Anna Nagar),8,Anna Nagar,waterlogging,high,Data Unavailable,Data Unavailable,Sylvan garden 1st street,Greater Chennai Corporation (GCC) 2015 Water Stagnation Locations,GCC-2015-STAG,https://data.opencity.in/dataset/866141ab-3a3f-4dc0-8092-421d97ba29a2/resource/b5f39598-2e2d-40c5-82c3-806a1ad65c91/download/db3840ff-9f33-43a3-b826-2f9dae1bcb78.kml,VERIFIED INCIDENT,OFFICIALLY_VERIFIED,HIGH,True,OFFICIAL_HISTORICAL_RECORD
CHN-INC-1475,GCC-2015-STAG-0475,2015-12-01,Chennai Floods 2015,Balfour road,13.084089,80.244587,100,Ward 100 (Anna Nagar),8,Anna Nagar,waterlogging,high,Data Unavailable,Data Unavailable,Balfour road,Greater Chennai Corporation (GCC) 2015 Water Stagnation Locations,GCC-2015-STAG,https://data.opencity.in/dataset/866141ab-3a3f-4dc0-8092-421d97ba29a2/resource/b5f39598-2e2d-40c5-82c3-806a1ad65c91/download/db3840ff-9f33-43a3-b826-2f9dae1bcb78.kml,VERIFIED INCIDENT,OFFICIALLY_VERIFIED,HIGH,True,OFFICIAL_HISTORICAL_RECORD
CHN-INC-1476,GCC-2015-STAG-0476,2015-12-01,Chennai Floods 2015,Harleys Road (near Bala Vihar School),13.083182,80.242887,100,Ward 100 (Anna Nagar),8,Anna Nagar,waterlogging,high,Data Unavailable,Data Unavailable,Harleys Road (near Bala Vihar School),Greater Chennai Corporation (GCC) 2015 Water Stagnation Locations,GCC-2015-STAG,https://data.opencity.in/dataset/866141ab-3a3f-4dc0-8092-421d97ba29a2/resource/b5f39598-2e2d-40c5-82c3-806a1ad65c91/download/db3840ff-9f33-43a3-b826-2f9dae1bcb78.kml,VERIFIED INCIDENT,OFFICIALLY_VERIFIED,HIGH,True,OFFICIAL_HISTORICAL_RECORD
CHN-INC-1477,GCC-2015-STAG-0477,2015-12-01,Chennai Floods 2015,Sundaram Lane,13.087418,80.252324,99,Ward 99 (Anna Nagar),8,Anna Nagar,waterlogging,high,Data Unavailable,Data Unavailable,Sundaram Lane,Greater Chennai Corporation (GCC) 2015 Water Stagnation Locations,GCC-2015-STAG,https://data.opencity.in/dataset/866141ab-3a3f-4dc0-8092-421d97ba29a2/resource/b5f39598-2e2d-40c5-82c3-806a1ad65c91/download/db3840ff-9f33-43a3-b826-2f9dae1bcb78.kml,VERIFIED INCIDENT,OFFICIALLY_VERIFIED,HIGH,True,OFFICIAL_HISTORICAL_RECORD
CHN-INC-1478,GCC-2015-STAG-0478,2015-12-01,Chennai Floods 2015,New Bhoopathy Nagar,13.076146,80.243976,99,Ward 99 (Anna Nagar),8,Anna Nagar,waterlogging,high,Data Unavailable,Data Unavailable,New Bhoopathy Nagar,Greater Chennai Corporation (GCC) 2015 Water Stagnation Locations,GCC-2015-STAG,https://data.opencity.in/dataset/866141ab-3a3f-4dc0-8092-421d97ba29a2/resource/b5f39598-2e2d-40c5-82c3-806a1ad65c91/download/db3840ff-9f33-43a3-b826-2f9dae1bcb78.kml,VERIFIED INCIDENT,OFFICIALLY_VERIFIED,HIGH,True,OFFICIAL_HISTORICAL_RECORD
CHN-INC-1479,GCC-2015-STAG-0479,2015-12-01,Chennai Floods 2015,Ozone kulam,13.075169,80.244982,99,Ward 99 (Anna Nagar),8,Anna Nagar,waterlogging,high,Data Unavailable,Data Unavailable,Ozone kulam,Greater Chennai Corporation (GCC) 2015 Water Stagnation Locations,GCC-2015-STAG,https://data.opencity.in/dataset/866141ab-3a3f-4dc0-8092-421d97ba29a2/resource/b5f39598-2e2d-40c5-82c3-806a1ad65c91/download/db3840ff-9f33-43a3-b826-2f9dae1bcb78.kml,VERIFIED INCIDENT,OFFICIALLY_VERIFIED,HIGH,True,OFFICIAL_HISTORICAL_RECORD
CHN-INC-1480,GCC-2015-STAG-0480,2015-12-01,Chennai Floods 2015,Shanmugarayan street,13.089154,80.251961,99,Ward 99 (Anna Nagar),8,Anna Nagar,waterlogging,high,Data Unavailable,Data Unavailable,Shanmugarayan street,Greater Chennai Corporation (GCC) 2015 Water Stagnation Locations,GCC-2015-STAG,https://data.opencity.in/dataset/866141ab-3a3f-4dc0-8092-421d97ba29a2/resource/b5f39598-2e2d-40c5-82c3-806a1ad65c91/download/db3840ff-9f33-43a3-b826-2f9dae1bcb78.kml,VERIFIED INCIDENT,OFFICIALLY_VERIFIED,HIGH,True,OFFICIAL_HISTORICAL_RECORD
CHN-INC-1481,GCC-2015-STAG-0481,2015-12-01,Chennai Floods 2015,Dr.Alagappa Road,13.081318,80.251159,99,Ward 99 (Anna Nagar),8,Anna Nagar,waterlogging,high,Data Unavailable,Data Unavailable,Dr.Alagappa Road,Greater Chennai Corporation (GCC) 2015 Water Stagnation Locations,GCC-2015-STAG,https://data.opencity.in/dataset/866141ab-3a3f-4dc0-8092-421d97ba29a2/resource/b5f39598-2e2d-40c5-82c3-806a1ad65c91/download/db3840ff-9f33-43a3-b826-2f9dae1bcb78.kml,VERIFIED INCIDENT,OFFICIALLY_VERIFIED,HIGH,True,OFFICIAL_HISTORICAL_RECORD
CHN-INC-1482,GCC-2015-STAG-0482,2015-12-01,Chennai Floods 2015,Anna Street,13.070339,80.211769,105,Ward 105 (Anna Nagar),8,Anna Nagar,waterlogging,high,Data Unavailable,Data Unavailable,Anna Street,Greater Chennai Corporation (GCC) 2015 Water Stagnation Locations,GCC-2015-STAG,https://data.opencity.in/dataset/866141ab-3a3f-4dc0-8092-421d97ba29a2/resource/b5f39598-2e2d-40c5-82c3-806a1ad65c91/download/db3840ff-9f33-43a3-b826-2f9dae1bcb78.kml,VERIFIED INCIDENT,OFFICIALLY_VERIFIED,HIGH,True,OFFICIAL_HISTORICAL_RECORD
CHN-INC-1483,GCC-2015-STAG-0483,2015-12-01,Chennai Floods 2015,Venkata Krishna Nagar,13.069637,80.211566,105,Ward 105 (Anna Nagar),8,Anna Nagar,waterlogging,high,Data Unavailable,Data Unavailable,Venkata Krishna Nagar,Greater Chennai Corporation (GCC) 2015 Water Stagnation Locations,GCC-2015-STAG,https://data.opencity.in/dataset/866141ab-3a3f-4dc0-8092-421d97ba29a2/resource/b5f39598-2e2d-40c5-82c3-806a1ad65c91/download/db3840ff-9f33-43a3-b826-2f9dae1bcb78.kml,VERIFIED INCIDENT,OFFICIALLY_VERIFIED,HIGH,True,OFFICIAL_HISTORICAL_RECORD
CHN-INC-1484,GCC-2015-STAG-0484,2015-12-01,Chennai Floods 2015,Water Tank Road,13.068735,80.214054,105,Ward 105 (Anna Nagar),8,Anna Nagar,waterlogging,high,Data Unavailable,Data Unavailable,Water Tank Road,Greater Chennai Corporation (GCC) 2015 Water Stagnation Locations,GCC-2015-STAG,https://data.opencity.in/dataset/866141ab-3a3f-4dc0-8092-421d97ba29a2/resource/b5f39598-2e2d-40c5-82c3-806a1ad65c91/download/db3840ff-9f33-43a3-b826-2f9dae1bcb78.kml,VERIFIED INCIDENT,OFFICIALLY_VERIFIED,HIGH,True,OFFICIAL_HISTORICAL_RECORD
CHN-INC-1485,GCC-2015-STAG-0485,2015-12-01,Chennai Floods 2015,Annai Sathya Nagar,13.062631,80.208987,105,Ward 105 (Anna Nagar),8,Anna Nagar,waterlogging,high,Data Unavailable,Data Unavailable,Annai Sathya Nagar,Greater Chennai Corporation (GCC) 2015 Water Stagnation Locations,GCC-2015-STAG,https://data.opencity.in/dataset/866141ab-3a3f-4dc0-8092-421d97ba29a2/resource/b5f39598-2e2d-40c5-82c3-806a1ad65c91/download/db3840ff-9f33-43a3-b826-2f9dae1bcb78.kml,VERIFIED INCIDENT,OFFICIALLY_VERIFIED,HIGH,True,OFFICIAL_HISTORICAL_RECORD
CHN-INC-1486,GCC-2015-STAG-0486,2015-12-01,Chennai Floods 2015,Kalki Nagar,13.071977,80.214399,105,Ward 105 (Anna Nagar),8,Anna Nagar,waterlogging,high,Data Unavailable,Data Unavailable,Kalki Nagar,Greater Chennai Corporation (GCC) 2015 Water Stagnation Locations,GCC-2015-STAG,https://data.opencity.in/dataset/866141ab-3a3f-4dc0-8092-421d97ba29a2/resource/b5f39598-2e2d-40c5-82c3-806a1ad65c91/download/db3840ff-9f33-43a3-b826-2f9dae1bcb78.kml,VERIFIED INCIDENT,OFFICIALLY_VERIFIED,HIGH,True,OFFICIAL_HISTORICAL_RECORD
CHN-INC-1487,GCC-2015-STAG-0487,2015-12-01,Chennai Floods 2015,Razak garden Main Road,13.07149,80.215546,105,Ward 105 (Anna Nagar),8,Anna Nagar,waterlogging,high,Data Unavailable,Data Unavailable,Razak garden Main Road,Greater Chennai Corporation (GCC) 2015 Water Stagnation Locations,GCC-2015-STAG,https://data.opencity.in/dataset/866141ab-3a3f-4dc0-8092-421d97ba29a2/resource/b5f39598-2e2d-40c5-82c3-806a1ad65c91/download/db3840ff-9f33-43a3-b826-2f9dae1bcb78.kml,VERIFIED INCIDENT,OFFICIALLY_VERIFIED,HIGH,True,OFFICIAL_HISTORICAL_RECORD
CHN-INC-1488,GCC-2015-STAG-0488,2015-12-01,Chennai Floods 2015,Ashoka Street,13.06876,80.21243,105,Ward 105 (Anna Nagar),8,Anna Nagar,waterlogging,high,Data Unavailable,Data Unavailable,Ashoka Street,Greater Chennai Corporation (GCC) 2015 Water Stagnation Locations,GCC-2015-STAG,https://data.opencity.in/dataset/866141ab-3a3f-4dc0-8092-421d97ba29a2/resource/b5f39598-2e2d-40c5-82c3-806a1ad65c91/download/db3840ff-9f33-43a3-b826-2f9dae1bcb78.kml,VERIFIED INCIDENT,OFFICIALLY_VERIFIED,HIGH,True,OFFICIAL_HISTORICAL_RECORD
CHN-INC-1489,GCC-2015-STAG-0489,2015-12-01,Chennai Floods 2015,Indira Gandhi Street,13.069934,80.210567,105,Ward 105 (Anna Nagar),8,Anna Nagar,waterlogging,high,Data Unavailable,Data Unavailable,Indira Gandhi Street,Greater Chennai Corporation (GCC) 2015 Water Stagnation Locations,GCC-2015-STAG,https://data.opencity.in/dataset/866141ab-3a3f-4dc0-8092-421d97ba29a2/resource/b5f39598-2e2d-40c5-82c3-806a1ad65c91/download/db3840ff-9f33-43a3-b826-2f9dae1bcb78.kml,VERIFIED INCIDENT,OFFICIALLY_VERIFIED,HIGH,True,OFFICIAL_HISTORICAL_RECORD
CHN-INC-1490,GCC-2015-STAG-0490,2015-12-01,Chennai Floods 2015,Collectorate colony,13.070683,80.221298,107,Ward 107 (Anna Nagar),8,Anna Nagar,waterlogging,high,Data Unavailable,Data Unavailable,Collectorate colony,Greater Chennai Corporation (GCC) 2015 Water Stagnation Locations,GCC-2015-STAG,https://data.opencity.in/dataset/866141ab-3a3f-4dc0-8092-421d97ba29a2/resource/b5f39598-2e2d-40c5-82c3-806a1ad65c91/download/db3840ff-9f33-43a3-b826-2f9dae1bcb78.kml,VERIFIED INCIDENT,OFFICIALLY_VERIFIED,HIGH,True,OFFICIAL_HISTORICAL_RECORD
CHN-INC-1491,GCC-2015-STAG-0491,2015-12-01,Chennai Floods 2015,M.H.Colony,13.068206,80.222446,107,Ward 107 (Anna Nagar),8,Anna Nagar,waterlogging,high,Data Unavailable,Data Unavailable,M.H.Colony,Greater Chennai Corporation (GCC) 2015 Water Stagnation Locations,GCC-2015-STAG,https://data.opencity.in/dataset/866141ab-3a3f-4dc0-8092-421d97ba29a2/resource/b5f39598-2e2d-40c5-82c3-806a1ad65c91/download/db3840ff-9f33-43a3-b826-2f9dae1bcb78.kml,VERIFIED INCIDENT,OFFICIALLY_VERIFIED,HIGH,True,OFFICIAL_HISTORICAL_RECORD
CHN-INC-1492,GCC-2015-STAG-0492,2015-12-01,Chennai Floods 2015,Kakkan nagar,13.070817,80.22643,107,Ward 107 (Anna Nagar),8,Anna Nagar,waterlogging,high,Data Unavailable,Data Unavailable,Kakkan nagar,Greater Chennai Corporation (GCC) 2015 Water Stagnation Locations,GCC-2015-STAG,https://data.opencity.in/dataset/866141ab-3a3f-4dc0-8092-421d97ba29a2/resource/b5f39598-2e2d-40c5-82c3-806a1ad65c91/download/db3840ff-9f33-43a3-b826-2f9dae1bcb78.kml,VERIFIED INCIDENT,OFFICIALLY_VERIFIED,HIGH,True,OFFICIAL_HISTORICAL_RECORD
CHN-INC-1493,GCC-2015-STAG-0493,2015-12-01,Chennai Floods 2015,Metha nagar,13.067947,80.227053,107,Ward 107 (Anna Nagar),8,Anna Nagar,waterlogging,high,Data Unavailable,Data Unavailable,Metha nagar,Greater Chennai Corporation (GCC) 2015 Water Stagnation Locations,GCC-2015-STAG,https://data.opencity.in/dataset/866141ab-3a3f-4dc0-8092-421d97ba29a2/resource/b5f39598-2e2d-40c5-82c3-806a1ad65c91/download/db3840ff-9f33-43a3-b826-2f9dae1bcb78.kml,VERIFIED INCIDENT,OFFICIALLY_VERIFIED,HIGH,True,OFFICIAL_HISTORICAL_RECORD
CHN-INC-1494,GCC-2015-STAG-0494,2015-12-01,Chennai Floods 2015,Dr.Gurusamy Bridge,13.07257,80.240934,108,Ward 108 (Anna Nagar),8,Anna Nagar,waterlogging,high,Data Unavailable,Data Unavailable,Dr.Gurusamy Bridge,Greater Chennai Corporation (GCC) 2015 Water Stagnation Locations,GCC-2015-STAG,https://data.opencity.in/dataset/866141ab-3a3f-4dc0-8092-421d97ba29a2/resource/b5f39598-2e2d-40c5-82c3-806a1ad65c91/download/db3840ff-9f33-43a3-b826-2f9dae1bcb78.kml,VERIFIED INCIDENT,OFFICIALLY_VERIFIED,HIGH,True,OFFICIAL_HISTORICAL_RECORD
CHN-INC-1495,GCC-2015-STAG-0495,2015-12-01,Chennai Floods 2015,Periyar Pathai,13.05871,80.217889,106,Ward 106 (Anna Nagar),8,Anna Nagar,waterlogging,high,Data Unavailable,Data Unavailable,Periyar Pathai,Greater Chennai Corporation (GCC) 2015 Water Stagnation Locations,GCC-2015-STAG,https://data.opencity.in/dataset/866141ab-3a3f-4dc0-8092-421d97ba29a2/resource/b5f39598-2e2d-40c5-82c3-806a1ad65c91/download/db3840ff-9f33-43a3-b826-2f9dae1bcb78.kml,VERIFIED INCIDENT,OFFICIALLY_VERIFIED,HIGH,True,OFFICIAL_HISTORICAL_RECORD
CHN-INC-1496,GCC-2015-STAG-0496,2015-12-01,Chennai Floods 2015,Iyyappa Nagar,13.05891,80.216536,106,Ward 106 (Anna Nagar),8,Anna Nagar,waterlogging,high,Data Unavailable,Data Unavailable,Iyyappa Nagar,Greater Chennai Corporation (GCC) 2015 Water Stagnation Locations,GCC-2015-STAG,https://data.opencity.in/dataset/866141ab-3a3f-4dc0-8092-421d97ba29a2/resource/b5f39598-2e2d-40c5-82c3-806a1ad65c91/download/db3840ff-9f33-43a3-b826-2f9dae1bcb78.kml,VERIFIED INCIDENT,OFFICIALLY_VERIFIED,HIGH,True,OFFICIAL_HISTORICAL_RECORD
CHN-INC-1497,GCC-2015-STAG-0497,2015-12-01,Chennai Floods 2015,Water Tank Road,13.068769,80.21592,107,Ward 107 (Anna Nagar),8,Anna Nagar,waterlogging,high,Data Unavailable,Data Unavailable,Water Tank Road,Greater Chennai Corporation (GCC) 2015 Water Stagnation Locations,GCC-2015-STAG,https://data.opencity.in/dataset/866141ab-3a3f-4dc0-8092-421d97ba29a2/resource/b5f39598-2e2d-40c5-82c3-806a1ad65c91/download/db3840ff-9f33-43a3-b826-2f9dae1bcb78.kml,VERIFIED INCIDENT,OFFICIALLY_VERIFIED,HIGH,True,OFFICIAL_HISTORICAL_RECORD
CHN-INC-1498,GCC-2015-STAG-0498,2015-12-01,Chennai Floods 2015,Azad Nagar,13.067159,80.22062,107,Ward 107 (Anna Nagar),8,Anna Nagar,waterlogging,high,Data Unavailable,Data Unavailable,Azad Nagar,Greater Chennai Corporation (GCC) 2015 Water Stagnation Locations,GCC-2015-STAG,https://data.opencity.in/dataset/866141ab-3a3f-4dc0-8092-421d97ba29a2/resource/b5f39598-2e2d-40c5-82c3-806a1ad65c91/download/db3840ff-9f33-43a3-b826-2f9dae1bcb78.kml,VERIFIED INCIDENT,OFFICIALLY_VERIFIED,HIGH,True,OFFICIAL_HISTORICAL_RECORD
CHN-INC-1499,GCC-2015-STAG-0499,2015-12-01,Chennai Floods 2015,D - Block - 8th St,13.085137,80.226562,101,Ward 101 (Anna Nagar),8,Anna Nagar,waterlogging,high,Data Unavailable,Data Unavailable,D - Block - 8th St,Greater Chennai Corporation (GCC) 2015 Water Stagnation Locations,GCC-2015-STAG,https://data.opencity.in/dataset/866141ab-3a3f-4dc0-8092-421d97ba29a2/resource/b5f39598-2e2d-40c5-82c3-806a1ad65c91/download/db3840ff-9f33-43a3-b826-2f9dae1bcb78.kml,VERIFIED INCIDENT,OFFICIALLY_VERIFIED,HIGH,True,OFFICIAL_HISTORICAL_RECORD
CHN-INC-1500,GCC-2015-STAG-0500,2015-12-01,Chennai Floods 2015,Anna Nedumpathai,13.061735,80.221828,109,Ward 109 (Teynampet),9,Teynampet,waterlogging,high,Data Unavailable,Data Unavailable,Anna Nedumpathai,Greater Chennai Corporation (GCC) 2015 Water Stagnation Locations,GCC-2015-STAG,https://data.opencity.in/dataset/866141ab-3a3f-4dc0-8092-421d97ba29a2/resource/b5f39598-2e2d-40c5-82c3-806a1ad65c91/download/db3840ff-9f33-43a3-b826-2f9dae1bcb78.kml,VERIFIED INCIDENT,OFFICIALLY_VERIFIED,HIGH,True,OFFICIAL_HISTORICAL_RECORD
CHN-INC-1501,GCC-2015-STAG-0501,2015-12-01,Chennai Floods 2015,Nelson manickam Road,13.066718,80.229688,109,Ward 109 (Teynampet),9,Teynampet,waterlogging,high,Data Unavailable,Data Unavailable,Nelson manickam Road,Greater Chennai Corporation (GCC) 2015 Water Stagnation Locations,GCC-2015-STAG,https://data.opencity.in/dataset/866141ab-3a3f-4dc0-8092-421d97ba29a2/resource/b5f39598-2e2d-40c5-82c3-806a1ad65c91/download/db3840ff-9f33-43a3-b826-2f9dae1bcb78.kml,VERIFIED INCIDENT,OFFICIALLY_VERIFIED,HIGH,True,OFFICIAL_HISTORICAL_RECORD
CHN-INC-1502,GCC-2015-STAG-0502,2015-12-01,Chennai Floods 2015,Central school Road,13.064023,80.224321,109,Ward 109 (Teynampet),9,Teynampet,waterlogging,high,Data Unavailable,Data Unavailable,Central school Road,Greater Chennai Corporation (GCC) 2015 Water Stagnation Locations,GCC-2015-STAG,https://data.opencity.in/dataset/866141ab-3a3f-4dc0-8092-421d97ba29a2/resource/b5f39598-2e2d-40c5-82c3-806a1ad65c91/download/db3840ff-9f33-43a3-b826-2f9dae1bcb78.kml,VERIFIED INCIDENT,OFFICIALLY_VERIFIED,HIGH,True,OFFICIAL_HISTORICAL_RECORD
CHN-INC-1503,GCC-2015-STAG-0503,2015-12-01,Chennai Floods 2015,School Road,13.056812,80.240842,110,Ward 110 (Teynampet),9,Teynampet,waterlogging,high,Data Unavailable,Data Unavailable,School Road,Greater Chennai Corporation (GCC) 2015 Water Stagnation Locations,GCC-2015-STAG,https://data.opencity.in/dataset/866141ab-3a3f-4dc0-8092-421d97ba29a2/resource/b5f39598-2e2d-40c5-82c3-806a1ad65c91/download/db3840ff-9f33-43a3-b826-2f9dae1bcb78.kml,VERIFIED INCIDENT,OFFICIALLY_VERIFIED,HIGH,True,OFFICIAL_HISTORICAL_RECORD
CHN-INC-1504,GCC-2015-STAG-0504,2015-12-01,Chennai Floods 2015,ValluvarKottam High Road,13.066491,80.243348,110,Ward 110 (Teynampet),9,Teynampet,waterlogging,high,Data Unavailable,Data Unavailable,ValluvarKottam High Road,Greater Chennai Corporation (GCC) 2015 Water Stagnation Locations,GCC-2015-STAG,https://data.opencity.in/dataset/866141ab-3a3f-4dc0-8092-421d97ba29a2/resource/b5f39598-2e2d-40c5-82c3-806a1ad65c91/download/db3840ff-9f33-43a3-b826-2f9dae1bcb78.kml,VERIFIED INCIDENT,OFFICIALLY_VERIFIED,HIGH,True,OFFICIAL_HISTORICAL_RECORD
CHN-INC-1505,GCC-2015-STAG-0505,2015-12-01,Chennai Floods 2015,Harinton Road,13.069273,80.23843,110,Ward 110 (Teynampet),9,Teynampet,waterlogging,high,Data Unavailable,Data Unavailable,Harinton Road,Greater Chennai Corporation (GCC) 2015 Water Stagnation Locations,GCC-2015-STAG,https://data.opencity.in/dataset/866141ab-3a3f-4dc0-8092-421d97ba29a2/resource/b5f39598-2e2d-40c5-82c3-806a1ad65c91/download/db3840ff-9f33-43a3-b826-2f9dae1bcb78.kml,VERIFIED INCIDENT,OFFICIALLY_VERIFIED,HIGH,True,OFFICIAL_HISTORICAL_RECORD
CHN-INC-1506,GCC-2015-STAG-0506,2015-12-01,Chennai Floods 2015,Strelling Road,13.064987,80.238983,110,Ward 110 (Teynampet),9,Teynampet,waterlogging,high,Data Unavailable,Data Unavailable,Strelling Road,Greater Chennai Corporation (GCC) 2015 Water Stagnation Locations,GCC-2015-STAG,https://data.opencity.in/dataset/866141ab-3a3f-4dc0-8092-421d97ba29a2/resource/b5f39598-2e2d-40c5-82c3-806a1ad65c91/download/db3840ff-9f33-43a3-b826-2f9dae1bcb78.kml,VERIFIED INCIDENT,OFFICIALLY_VERIFIED,HIGH,True,OFFICIAL_HISTORICAL_RECORD
CHN-INC-1507,GCC-2015-STAG-0507,2015-12-01,Chennai Floods 2015,Tank Bund Road,13.058582,80.2404,110,Ward 110 (Teynampet),9,Teynampet,waterlogging,high,Data Unavailable,Data Unavailable,Tank Bund Road,Greater Chennai Corporation (GCC) 2015 Water Stagnation Locations,GCC-2015-STAG,https://data.opencity.in/dataset/866141ab-3a3f-4dc0-8092-421d97ba29a2/resource/b5f39598-2e2d-40c5-82c3-806a1ad65c91/download/db3840ff-9f33-43a3-b826-2f9dae1bcb78.kml,VERIFIED INCIDENT,OFFICIALLY_VERIFIED,HIGH,True,OFFICIAL_HISTORICAL_RECORD
CHN-INC-1508,GCC-2015-STAG-0508,2015-12-01,Chennai Floods 2015,Lake Area 6th cross street,13.053941,80.240645,110,Ward 110 (Teynampet),9,Teynampet,waterlogging,high,Data Unavailable,Data Unavailable,Lake Area 6th cross street,Greater Chennai Corporation (GCC) 2015 Water Stagnation Locations,GCC-2015-STAG,https://data.opencity.in/dataset/866141ab-3a3f-4dc0-8092-421d97ba29a2/resource/b5f39598-2e2d-40c5-82c3-806a1ad65c91/download/db3840ff-9f33-43a3-b826-2f9dae1bcb78.kml,VERIFIED INCIDENT,OFFICIALLY_VERIFIED,HIGH,True,OFFICIAL_HISTORICAL_RECORD
CHN-INC-1509,GCC-2015-STAG-0509,2015-12-01,Chennai Floods 2015,Greams Road,13.060489,80.254417,111,Ward 111 (Teynampet),9,Teynampet,waterlogging,high,Data Unavailable,Data Unavailable,Greams Road,Greater Chennai Corporation (GCC) 2015 Water Stagnation Locations,GCC-2015-STAG,https://data.opencity.in/dataset/866141ab-3a3f-4dc0-8092-421d97ba29a2/resource/b5f39598-2e2d-40c5-82c3-806a1ad65c91/download/db3840ff-9f33-43a3-b826-2f9dae1bcb78.kml,VERIFIED INCIDENT,OFFICIALLY_VERIFIED,HIGH,True,OFFICIAL_HISTORICAL_RECORD
CHN-INC-1510,GCC-2015-STAG-0510,2015-12-01,Chennai Floods 2015,Gulam Ahabs Alikahan street,13.059365,80.253095,111,Ward 111 (Teynampet),9,Teynampet,waterlogging,high,Data Unavailable,Data Unavailable,Gulam Ahabs Alikahan street,Greater Chennai Corporation (GCC) 2015 Water Stagnation Locations,GCC-2015-STAG,https://data.opencity.in/dataset/866141ab-3a3f-4dc0-8092-421d97ba29a2/resource/b5f39598-2e2d-40c5-82c3-806a1ad65c91/download/db3840ff-9f33-43a3-b826-2f9dae1bcb78.kml,VERIFIED INCIDENT,OFFICIALLY_VERIFIED,HIGH,True,OFFICIAL_HISTORICAL_RECORD
CHN-INC-1511,GCC-2015-STAG-0511,2015-12-01,Chennai Floods 2015,Gopolapuram,13.050352,80.256148,111,Ward 111 (Teynampet),9,Teynampet,waterlogging,high,Data Unavailable,Data Unavailable,Gopolapuram,Greater Chennai Corporation (GCC) 2015 Water Stagnation Locations,GCC-2015-STAG,https://data.opencity.in/dataset/866141ab-3a3f-4dc0-8092-421d97ba29a2/resource/b5f39598-2e2d-40c5-82c3-806a1ad65c91/download/db3840ff-9f33-43a3-b826-2f9dae1bcb78.kml,VERIFIED INCIDENT,OFFICIALLY_VERIFIED,HIGH,True,OFFICIAL_HISTORICAL_RECORD
CHN-INC-1512,GCC-2015-STAG-0512,2015-12-01,Chennai Floods 2015,College Road,13.067458,80.250365,111,Ward 111 (Teynampet),9,Teynampet,waterlogging,high,Data Unavailable,Data Unavailable,College Road,Greater Chennai Corporation (GCC) 2015 Water Stagnation Locations,GCC-2015-STAG,https://data.opencity.in/dataset/866141ab-3a3f-4dc0-8092-421d97ba29a2/resource/b5f39598-2e2d-40c5-82c3-806a1ad65c91/download/db3840ff-9f33-43a3-b826-2f9dae1bcb78.kml,VERIFIED INCIDENT,OFFICIALLY_VERIFIED,HIGH,True,OFFICIAL_HISTORICAL_RECORD
CHN-INC-1513,GCC-2015-STAG-0513,2015-12-01,Chennai Floods 2015,Puliyur 2nd Lane,13.055908,80.221954,112,Ward 112 (Teynampet),9,Teynampet,waterlogging,high,Data Unavailable,Data Unavailable,Puliyur 2nd Lane,Greater Chennai Corporation (GCC) 2015 Water Stagnation Locations,GCC-2015-STAG,https://data.opencity.in/dataset/866141ab-3a3f-4dc0-8092-421d97ba29a2/resource/b5f39598-2e2d-40c5-82c3-806a1ad65c91/download/db3840ff-9f33-43a3-b826-2f9dae1bcb78.kml,VERIFIED INCIDENT,OFFICIALLY_VERIFIED,HIGH,True,OFFICIAL_HISTORICAL_RECORD
CHN-INC-1514,GCC-2015-STAG-0514,2015-12-01,Chennai Floods 2015,Puliyur 2nd Main Road,13.056059,80.222725,112,Ward 112 (Teynampet),9,Teynampet,waterlogging,high,Data Unavailable,Data Unavailable,Puliyur 2nd Main Road,Greater Chennai Corporation (GCC) 2015 Water Stagnation Locations,GCC-2015-STAG,https://data.opencity.in/dataset/866141ab-3a3f-4dc0-8092-421d97ba29a2/resource/b5f39598-2e2d-40c5-82c3-806a1ad65c91/download/db3840ff-9f33-43a3-b826-2f9dae1bcb78.kml,VERIFIED INCIDENT,OFFICIALLY_VERIFIED,HIGH,True,OFFICIAL_HISTORICAL_RECORD
CHN-INC-1515,GCC-2015-STAG-0515,2015-12-01,Chennai Floods 2015,Varadharajapuram main Road,13.056506,80.227661,112,Ward 112 (Teynampet),9,Teynampet,waterlogging,high,Data Unavailable,Data Unavailable,Varadharajapuram main Road,Greater Chennai Corporation (GCC) 2015 Water Stagnation Locations,GCC-2015-STAG,https://data.opencity.in/dataset/866141ab-3a3f-4dc0-8092-421d97ba29a2/resource/b5f39598-2e2d-40c5-82c3-806a1ad65c91/download/db3840ff-9f33-43a3-b826-2f9dae1bcb78.kml,VERIFIED INCIDENT,OFFICIALLY_VERIFIED,HIGH,True,OFFICIAL_HISTORICAL_RECORD
CHN-INC-1516,GCC-2015-STAG-0516,2015-12-01,Chennai Floods 2015,Puliyur Main Road,13.055424,80.224005,112,Ward 112 (Teynampet),9,Teynampet,waterlogging,high,Data Unavailable,Data Unavailable,Puliyur Main Road,Greater Chennai Corporation (GCC) 2015 Water Stagnation Locations,GCC-2015-STAG,https://data.opencity.in/dataset/866141ab-3a3f-4dc0-8092-421d97ba29a2/resource/b5f39598-2e2d-40c5-82c3-806a1ad65c91/download/db3840ff-9f33-43a3-b826-2f9dae1bcb78.kml,VERIFIED INCIDENT,OFFICIALLY_VERIFIED,HIGH,True,OFFICIAL_HISTORICAL_RECORD
CHN-INC-1517,GCC-2015-STAG-0517,2015-12-01,Chennai Floods 2015,Puliyur 1st Main Road,13.056085,80.226058,112,Ward 112 (Teynampet),9,Teynampet,waterlogging,high,Data Unavailable,Data Unavailable,Puliyur 1st Main Road,Greater Chennai Corporation (GCC) 2015 Water Stagnation Locations,GCC-2015-STAG,https://data.opencity.in/dataset/866141ab-3a3f-4dc0-8092-421d97ba29a2/resource/b5f39598-2e2d-40c5-82c3-806a1ad65c91/download/db3840ff-9f33-43a3-b826-2f9dae1bcb78.kml,VERIFIED INCIDENT,OFFICIALLY_VERIFIED,HIGH,True,OFFICIAL_HISTORICAL_RECORD
CHN-INC-1518,GCC-2015-STAG-0518,2015-12-01,Chennai Floods 2015,Kodampakkam High Road,13.052811,80.245699,113,Ward 113 (Teynampet),9,Teynampet,waterlogging,high,Data Unavailable,Data Unavailable,Kodampakkam High Road,Greater Chennai Corporation (GCC) 2015 Water Stagnation Locations,GCC-2015-STAG,https://data.opencity.in/dataset/866141ab-3a3f-4dc0-8092-421d97ba29a2/resource/b5f39598-2e2d-40c5-82c3-806a1ad65c91/download/db3840ff-9f33-43a3-b826-2f9dae1bcb78.kml,VERIFIED INCIDENT,OFFICIALLY_VERIFIED,HIGH,True,OFFICIAL_HISTORICAL_RECORD
CHN-INC-1519,GCC-2015-STAG-0519,2015-12-01,Chennai Floods 2015,Nungambakkam 1st Street,13.054285,80.236899,110,Ward 110 (Teynampet),9,Teynampet,waterlogging,high,Data Unavailable,Data Unavailable,Nungambakkam 1st Street,Greater Chennai Corporation (GCC) 2015 Water Stagnation Locations,GCC-2015-STAG,https://data.opencity.in/dataset/866141ab-3a3f-4dc0-8092-421d97ba29a2/resource/b5f39598-2e2d-40c5-82c3-806a1ad65c91/download/db3840ff-9f33-43a3-b826-2f9dae1bcb78.kml,VERIFIED INCIDENT,OFFICIALLY_VERIFIED,HIGH,True,OFFICIAL_HISTORICAL_RECORD
CHN-INC-1520,GCC-2015-STAG-0520,2015-12-01,Chennai Floods 2015,Thirumalaipillai Road,13.050919,80.24049,113,Ward 113 (Teynampet),9,Teynampet,waterlogging,high,Data Unavailable,Data Unavailable,Thirumalaipillai Road,Greater Chennai Corporation (GCC) 2015 Water Stagnation Locations,GCC-2015-STAG,https://data.opencity.in/dataset/866141ab-3a3f-4dc0-8092-421d97ba29a2/resource/b5f39598-2e2d-40c5-82c3-806a1ad65c91/download/db3840ff-9f33-43a3-b826-2f9dae1bcb78.kml,VERIFIED INCIDENT,OFFICIALLY_VERIFIED,HIGH,True,OFFICIAL_HISTORICAL_RECORD
CHN-INC-1521,GCC-2015-STAG-0521,2015-12-01,Chennai Floods 2015,Valluvar Kottam High Road,13.058252,80.242678,113,Ward 113 (Teynampet),9,Teynampet,waterlogging,high,Data Unavailable,Data Unavailable,Valluvar Kottam High Road,Greater Chennai Corporation (GCC) 2015 Water Stagnation Locations,GCC-2015-STAG,https://data.opencity.in/dataset/866141ab-3a3f-4dc0-8092-421d97ba29a2/resource/b5f39598-2e2d-40c5-82c3-806a1ad65c91/download/db3840ff-9f33-43a3-b826-2f9dae1bcb78.kml,VERIFIED INCIDENT,OFFICIALLY_VERIFIED,HIGH,True,OFFICIAL_HISTORICAL_RECORD
CHN-INC-1522,GCC-2015-STAG-0522,2015-12-01,Chennai Floods 2015,Habibullah Road,13.049376,80.243109,113,Ward 113 (Teynampet),9,Teynampet,waterlogging,high,Data Unavailable,Data Unavailable,Habibullah Road,Greater Chennai Corporation (GCC) 2015 Water Stagnation Locations,GCC-2015-STAG,https://data.opencity.in/dataset/866141ab-3a3f-4dc0-8092-421d97ba29a2/resource/b5f39598-2e2d-40c5-82c3-806a1ad65c91/download/db3840ff-9f33-43a3-b826-2f9dae1bcb78.kml,VERIFIED INCIDENT,OFFICIALLY_VERIFIED,HIGH,True,OFFICIAL_HISTORICAL_RECORD
CHN-INC-1523,GCC-2015-STAG-0523,2015-12-01,Chennai Floods 2015,Uthmar Gandhi Salai,13.057381,80.248601,111,Ward 111 (Teynampet),9,Teynampet,waterlogging,high,Data Unavailable,Data Unavailable,Uthmar Gandhi Salai,Greater Chennai Corporation (GCC) 2015 Water Stagnation Locations,GCC-2015-STAG,https://data.opencity.in/dataset/866141ab-3a3f-4dc0-8092-421d97ba29a2/resource/b5f39598-2e2d-40c5-82c3-806a1ad65c91/download/db3840ff-9f33-43a3-b826-2f9dae1bcb78.kml,VERIFIED INCIDENT,OFFICIALLY_VERIFIED,HIGH,True,OFFICIAL_HISTORICAL_RECORD
CHN-INC-1524,GCC-2015-STAG-0524,2015-12-01,Chennai Floods 2015,Marina Service Road,13.059516,80.282594,114,Ward 114 (Teynampet),9,Teynampet,waterlogging,high,Data Unavailable,Data Unavailable,Marina Service Road,Greater Chennai Corporation (GCC) 2015 Water Stagnation Locations,GCC-2015-STAG,https://data.opencity.in/dataset/866141ab-3a3f-4dc0-8092-421d97ba29a2/resource/b5f39598-2e2d-40c5-82c3-806a1ad65c91/download/db3840ff-9f33-43a3-b826-2f9dae1bcb78.kml,VERIFIED INCIDENT,OFFICIALLY_VERIFIED,HIGH,True,OFFICIAL_HISTORICAL_RECORD
CHN-INC-1525,GCC-2015-STAG-0525,2015-12-01,Chennai Floods 2015,Kamarajar Salai,13.058948,80.282313,114,Ward 114 (Teynampet),9,Teynampet,waterlogging,high,Data Unavailable,Data Unavailable,Kamarajar Salai,Greater Chennai Corporation (GCC) 2015 Water Stagnation Locations,GCC-2015-STAG,https://data.opencity.in/dataset/866141ab-3a3f-4dc0-8092-421d97ba29a2/resource/b5f39598-2e2d-40c5-82c3-806a1ad65c91/download/db3840ff-9f33-43a3-b826-2f9dae1bcb78.kml,VERIFIED INCIDENT,OFFICIALLY_VERIFIED,HIGH,True,OFFICIAL_HISTORICAL_RECORD
CHN-INC-1526,GCC-2015-STAG-0526,2015-12-01,Chennai Floods 2015,Sakir Saip Street,13.059019,80.274862,114,Ward 114 (Teynampet),9,Teynampet,waterlogging,high,Data Unavailable,Data Unavailable,Sakir Saip Street,Greater Chennai Corporation (GCC) 2015 Water Stagnation Locations,GCC-2015-STAG,https://data.opencity.in/dataset/866141ab-3a3f-4dc0-8092-421d97ba29a2/resource/b5f39598-2e2d-40c5-82c3-806a1ad65c91/download/db3840ff-9f33-43a3-b826-2f9dae1bcb78.kml,VERIFIED INCIDENT,OFFICIALLY_VERIFIED,HIGH,True,OFFICIAL_HISTORICAL_RECORD
CHN-INC-1527,GCC-2015-STAG-0527,2015-12-01,Chennai Floods 2015,Sydoji Street,13.059755,80.276505,114,Ward 114 (Teynampet),9,Teynampet,waterlogging,high,Data Unavailable,Data Unavailable,Sydoji Street,Greater Chennai Corporation (GCC) 2015 Water Stagnation Locations,GCC-2015-STAG,https://data.opencity.in/dataset/866141ab-3a3f-4dc0-8092-421d97ba29a2/resource/b5f39598-2e2d-40c5-82c3-806a1ad65c91/download/db3840ff-9f33-43a3-b826-2f9dae1bcb78.kml,VERIFIED INCIDENT,OFFICIALLY_VERIFIED,HIGH,True,OFFICIAL_HISTORICAL_RECORD
CHN-INC-1528,GCC-2015-STAG-0528,2015-12-01,Chennai Floods 2015,Lock nagar,13.066091,80.28142,114,Ward 114 (Teynampet),9,Teynampet,waterlogging,high,Data Unavailable,Data Unavailable,Lock nagar,Greater Chennai Corporation (GCC) 2015 Water Stagnation Locations,GCC-2015-STAG,https://data.opencity.in/dataset/866141ab-3a3f-4dc0-8092-421d97ba29a2/resource/b5f39598-2e2d-40c5-82c3-806a1ad65c91/download/db3840ff-9f33-43a3-b826-2f9dae1bcb78.kml,VERIFIED INCIDENT,OFFICIALLY_VERIFIED,HIGH,True,OFFICIAL_HISTORICAL_RECORD
CHN-INC-1529,GCC-2015-STAG-0529,2015-12-01,Chennai Floods 2015,Peters Road,13.05411,80.261271,115,Ward 115 (Teynampet),9,Teynampet,waterlogging,high,Data Unavailable,Data Unavailable,Peters Road,Greater Chennai Corporation (GCC) 2015 Water Stagnation Locations,GCC-2015-STAG,https://data.opencity.in/dataset/866141ab-3a3f-4dc0-8092-421d97ba29a2/resource/b5f39598-2e2d-40c5-82c3-806a1ad65c91/download/db3840ff-9f33-43a3-b826-2f9dae1bcb78.kml,VERIFIED INCIDENT,OFFICIALLY_VERIFIED,HIGH,True,OFFICIAL_HISTORICAL_RECORD
CHN-INC-1530,GCC-2015-STAG-0530,2015-12-01,Chennai Floods 2015,West Cott Road,13.055663,80.264518,115,Ward 115 (Teynampet),9,Teynampet,waterlogging,high,Data Unavailable,Data Unavailable,West Cott Road,Greater Chennai Corporation (GCC) 2015 Water Stagnation Locations,GCC-2015-STAG,https://data.opencity.in/dataset/866141ab-3a3f-4dc0-8092-421d97ba29a2/resource/b5f39598-2e2d-40c5-82c3-806a1ad65c91/download/db3840ff-9f33-43a3-b826-2f9dae1bcb78.kml,VERIFIED INCIDENT,OFFICIALLY_VERIFIED,HIGH,True,OFFICIAL_HISTORICAL_RECORD
CHN-INC-1531,GCC-2015-STAG-0531,2015-12-01,Chennai Floods 2015,Devaraj  Street,13.057752,80.272164,115,Ward 115 (Teynampet),9,Teynampet,waterlogging,high,Data Unavailable,Data Unavailable,Devaraj  Street,Greater Chennai Corporation (GCC) 2015 Water Stagnation Locations,GCC-2015-STAG,https://data.opencity.in/dataset/866141ab-3a3f-4dc0-8092-421d97ba29a2/resource/b5f39598-2e2d-40c5-82c3-806a1ad65c91/download/db3840ff-9f33-43a3-b826-2f9dae1bcb78.kml,VERIFIED INCIDENT,OFFICIALLY_VERIFIED,HIGH,True,OFFICIAL_HISTORICAL_RECORD
CHN-INC-1532,GCC-2015-STAG-0532,2015-12-01,Chennai Floods 2015,Surappan Street,13.056561,80.272782,115,Ward 115 (Teynampet),9,Teynampet,waterlogging,high,Data Unavailable,Data Unavailable,Surappan Street,Greater Chennai Corporation (GCC) 2015 Water Stagnation Locations,GCC-2015-STAG,https://data.opencity.in/dataset/866141ab-3a3f-4dc0-8092-421d97ba29a2/resource/b5f39598-2e2d-40c5-82c3-806a1ad65c91/download/db3840ff-9f33-43a3-b826-2f9dae1bcb78.kml,VERIFIED INCIDENT,OFFICIALLY_VERIFIED,HIGH,True,OFFICIAL_HISTORICAL_RECORD
CHN-INC-1533,GCC-2015-STAG-0533,2015-12-01,Chennai Floods 2015,Dr.Besant Road,13.053187,80.271595,115,Ward 115 (Teynampet),9,Teynampet,waterlogging,high,Data Unavailable,Data Unavailable,Dr.Besant Road,Greater Chennai Corporation (GCC) 2015 Water Stagnation Locations,GCC-2015-STAG,https://data.opencity.in/dataset/866141ab-3a3f-4dc0-8092-421d97ba29a2/resource/b5f39598-2e2d-40c5-82c3-806a1ad65c91/download/db3840ff-9f33-43a3-b826-2f9dae1bcb78.kml,VERIFIED INCIDENT,OFFICIALLY_VERIFIED,HIGH,True,OFFICIAL_HISTORICAL_RECORD
CHN-INC-1534,GCC-2015-STAG-0534,2015-12-01,Chennai Floods 2015,H.M.A.V Street,13.058331,80.271132,115,Ward 115 (Teynampet),9,Teynampet,waterlogging,high,Data Unavailable,Data Unavailable,H.M.A.V Street,Greater Chennai Corporation (GCC) 2015 Water Stagnation Locations,GCC-2015-STAG,https://data.opencity.in/dataset/866141ab-3a3f-4dc0-8092-421d97ba29a2/resource/b5f39598-2e2d-40c5-82c3-806a1ad65c91/download/db3840ff-9f33-43a3-b826-2f9dae1bcb78.kml,VERIFIED INCIDENT,OFFICIALLY_VERIFIED,HIGH,True,OFFICIAL_HISTORICAL_RECORD
CHN-INC-1535,GCC-2015-STAG-0535,2015-12-01,Chennai Floods 2015,Bharathi Salai jn of Bells Road,13.058126,80.277307,116,Ward 116 (Teynampet),9,Teynampet,waterlogging,high,Data Unavailable,Data Unavailable,Bharathi Salai jn of Bells Road,Greater Chennai Corporation (GCC) 2015 Water Stagnation Locations,GCC-2015-STAG,https://data.opencity.in/dataset/866141ab-3a3f-4dc0-8092-421d97ba29a2/resource/b5f39598-2e2d-40c5-82c3-806a1ad65c91/download/db3840ff-9f33-43a3-b826-2f9dae1bcb78.kml,VERIFIED INCIDENT,OFFICIALLY_VERIFIED,HIGH,True,OFFICIAL_HISTORICAL_RECORD
CHN-INC-1536,GCC-2015-STAG-0536,2015-12-01,Chennai Floods 2015,Dr.Besant Road,13.050925,80.278607,120,Ward 120 (Teynampet),9,Teynampet,waterlogging,high,Data Unavailable,Data Unavailable,Dr.Besant Road,Greater Chennai Corporation (GCC) 2015 Water Stagnation Locations,GCC-2015-STAG,https://data.opencity.in/dataset/866141ab-3a3f-4dc0-8092-421d97ba29a2/resource/b5f39598-2e2d-40c5-82c3-806a1ad65c91/download/db3840ff-9f33-43a3-b826-2f9dae1bcb78.kml,VERIFIED INCIDENT,OFFICIALLY_VERIFIED,HIGH,True,OFFICIAL_HISTORICAL_RECORD
CHN-INC-1537,GCC-2015-STAG-0537,2015-12-01,Chennai Floods 2015,G.N.chetty Road,13.047826,80.245152,117,Ward 117 (Kodambakkam),10,Kodambakkam,waterlogging,high,Data Unavailable,Data Unavailable,G.N.chetty Road,Greater Chennai Corporation (GCC) 2015 Water Stagnation Locations,GCC-2015-STAG,https://data.opencity.in/dataset/866141ab-3a3f-4dc0-8092-421d97ba29a2/resource/b5f39598-2e2d-40c5-82c3-806a1ad65c91/download/db3840ff-9f33-43a3-b826-2f9dae1bcb78.kml,VERIFIED INCIDENT,OFFICIALLY_VERIFIED,HIGH,True,OFFICIAL_HISTORICAL_RECORD
CHN-INC-1538,GCC-2015-STAG-0538,2015-12-01,Chennai Floods 2015,Thomas Road,13.035675,80.243571,117,Ward 117 (Kodambakkam),10,Kodambakkam,waterlogging,high,Data Unavailable,Data Unavailable,Thomas Road,Greater Chennai Corporation (GCC) 2015 Water Stagnation Locations,GCC-2015-STAG,https://data.opencity.in/dataset/866141ab-3a3f-4dc0-8092-421d97ba29a2/resource/b5f39598-2e2d-40c5-82c3-806a1ad65c91/download/db3840ff-9f33-43a3-b826-2f9dae1bcb78.kml,VERIFIED INCIDENT,OFFICIALLY_VERIFIED,HIGH,True,OFFICIAL_HISTORICAL_RECORD
CHN-INC-1539,GCC-2015-STAG-0539,2015-12-01,Chennai Floods 2015,Thirumalaipillai Road,13.047468,80.239801,117,Ward 117 (Kodambakkam),10,Kodambakkam,waterlogging,high,Data Unavailable,Data Unavailable,Thirumalaipillai Road,Greater Chennai Corporation (GCC) 2015 Water Stagnation Locations,GCC-2015-STAG,https://data.opencity.in/dataset/866141ab-3a3f-4dc0-8092-421d97ba29a2/resource/b5f39598-2e2d-40c5-82c3-806a1ad65c91/download/db3840ff-9f33-43a3-b826-2f9dae1bcb78.kml,VERIFIED INCIDENT,OFFICIALLY_VERIFIED,HIGH,True,OFFICIAL_HISTORICAL_RECORD
CHN-INC-1540,GCC-2015-STAG-0540,2015-12-01,Chennai Floods 2015,Dr.Sadhasivam Road,13.048042,80.235982,113,Ward 113 (Teynampet),9,Teynampet,waterlogging,high,Data Unavailable,Data Unavailable,Dr.Sadhasivam Road,Greater Chennai Corporation (GCC) 2015 Water Stagnation Locations,GCC-2015-STAG,https://data.opencity.in/dataset/866141ab-3a3f-4dc0-8092-421d97ba29a2/resource/b5f39598-2e2d-40c5-82c3-806a1ad65c91/download/db3840ff-9f33-43a3-b826-2f9dae1bcb78.kml,VERIFIED INCIDENT,OFFICIALLY_VERIFIED,HIGH,True,OFFICIAL_HISTORICAL_RECORD
CHN-INC-1541,GCC-2015-STAG-0541,2015-12-01,Chennai Floods 2015,Thirumoorthi Street,13.047411,80.237926,117,Ward 117 (Kodambakkam),10,Kodambakkam,waterlogging,high,Data Unavailable,Data Unavailable,Thirumoorthi Street,Greater Chennai Corporation (GCC) 2015 Water Stagnation Locations,GCC-2015-STAG,https://data.opencity.in/dataset/866141ab-3a3f-4dc0-8092-421d97ba29a2/resource/b5f39598-2e2d-40c5-82c3-806a1ad65c91/download/db3840ff-9f33-43a3-b826-2f9dae1bcb78.kml,VERIFIED INCIDENT,OFFICIALLY_VERIFIED,HIGH,True,OFFICIAL_HISTORICAL_RECORD
CHN-INC-1542,GCC-2015-STAG-0542,2015-12-01,Chennai Floods 2015,Bangirathi  Ammal Street,13.048022,80.238485,117,Ward 117 (Kodambakkam),10,Kodambakkam,waterlogging,high,Data Unavailable,Data Unavailable,Bangirathi  Ammal Street,Greater Chennai Corporation (GCC) 2015 Water Stagnation Locations,GCC-2015-STAG,https://data.opencity.in/dataset/866141ab-3a3f-4dc0-8092-421d97ba29a2/resource/b5f39598-2e2d-40c5-82c3-806a1ad65c91/download/db3840ff-9f33-43a3-b826-2f9dae1bcb78.kml,VERIFIED INCIDENT,OFFICIALLY_VERIFIED,HIGH,True,OFFICIAL_HISTORICAL_RECORD
CHN-INC-1543,GCC-2015-STAG-0543,2015-12-01,Chennai Floods 2015,Arulambal Street,13.048795,80.238892,117,Ward 117 (Kodambakkam),10,Kodambakkam,waterlogging,high,Data Unavailable,Data Unavailable,Arulambal Street,Greater Chennai Corporation (GCC) 2015 Water Stagnation Locations,GCC-2015-STAG,https://data.opencity.in/dataset/866141ab-3a3f-4dc0-8092-421d97ba29a2/resource/b5f39598-2e2d-40c5-82c3-806a1ad65c91/download/db3840ff-9f33-43a3-b826-2f9dae1bcb78.kml,VERIFIED INCIDENT,OFFICIALLY_VERIFIED,HIGH,True,OFFICIAL_HISTORICAL_RECORD
CHN-INC-1544,GCC-2015-STAG-0544,2015-12-01,Chennai Floods 2015,Sarangapani Street,13.049201,80.237679,117,Ward 117 (Kodambakkam),10,Kodambakkam,waterlogging,high,Data Unavailable,Data Unavailable,Sarangapani Street,Greater Chennai Corporation (GCC) 2015 Water Stagnation Locations,GCC-2015-STAG,https://data.opencity.in/dataset/866141ab-3a3f-4dc0-8092-421d97ba29a2/resource/b5f39598-2e2d-40c5-82c3-806a1ad65c91/download/db3840ff-9f33-43a3-b826-2f9dae1bcb78.kml,VERIFIED INCIDENT,OFFICIALLY_VERIFIED,HIGH,True,OFFICIAL_HISTORICAL_RECORD
CHN-INC-1545,GCC-2015-STAG-0545,2015-12-01,Chennai Floods 2015,P.S.sivasamy street,13.045435,80.263678,119,Ward 119 (Teynampet),9,Teynampet,waterlogging,high,Data Unavailable,Data Unavailable,P.S.sivasamy street,Greater Chennai Corporation (GCC) 2015 Water Stagnation Locations,GCC-2015-STAG,https://data.opencity.in/dataset/866141ab-3a3f-4dc0-8092-421d97ba29a2/resource/b5f39598-2e2d-40c5-82c3-806a1ad65c91/download/db3840ff-9f33-43a3-b826-2f9dae1bcb78.kml,VERIFIED INCIDENT,OFFICIALLY_VERIFIED,HIGH,True,OFFICIAL_HISTORICAL_RECORD
CHN-INC-1546,GCC-2015-STAG-0546,2015-12-01,Chennai Floods 2015,C.I.T.colony 1st cross street,13.042647,80.262168,119,Ward 119 (Teynampet),9,Teynampet,waterlogging,high,Data Unavailable,Data Unavailable,C.I.T.colony 1st cross street,Greater Chennai Corporation (GCC) 2015 Water Stagnation Locations,GCC-2015-STAG,https://data.opencity.in/dataset/866141ab-3a3f-4dc0-8092-421d97ba29a2/resource/b5f39598-2e2d-40c5-82c3-806a1ad65c91/download/db3840ff-9f33-43a3-b826-2f9dae1bcb78.kml,VERIFIED INCIDENT,OFFICIALLY_VERIFIED,HIGH,True,OFFICIAL_HISTORICAL_RECORD
CHN-INC-1547,GCC-2015-STAG-0547,2015-12-01,Chennai Floods 2015,Avvai shanmugam lane,13.047738,80.265389,119,Ward 119 (Teynampet),9,Teynampet,waterlogging,high,Data Unavailable,Data Unavailable,Avvai shanmugam lane,Greater Chennai Corporation (GCC) 2015 Water Stagnation Locations,GCC-2015-STAG,https://data.opencity.in/dataset/866141ab-3a3f-4dc0-8092-421d97ba29a2/resource/b5f39598-2e2d-40c5-82c3-806a1ad65c91/download/db3840ff-9f33-43a3-b826-2f9dae1bcb78.kml,VERIFIED INCIDENT,OFFICIALLY_VERIFIED,HIGH,True,OFFICIAL_HISTORICAL_RECORD
CHN-INC-1548,GCC-2015-STAG-0548,2015-12-01,Chennai Floods 2015,Royapet high Road,13.04879,80.265184,119,Ward 119 (Teynampet),9,Teynampet,waterlogging,high,Data Unavailable,Data Unavailable,Royapet high Road,Greater Chennai Corporation (GCC) 2015 Water Stagnation Locations,GCC-2015-STAG,https://data.opencity.in/dataset/866141ab-3a3f-4dc0-8092-421d97ba29a2/resource/b5f39598-2e2d-40c5-82c3-806a1ad65c91/download/db3840ff-9f33-43a3-b826-2f9dae1bcb78.kml,VERIFIED INCIDENT,OFFICIALLY_VERIFIED,HIGH,True,OFFICIAL_HISTORICAL_RECORD
CHN-INC-1549,GCC-2015-STAG-0549,2015-12-01,Chennai Floods 2015,Dr Natesan Road,13.049445,80.274479,120,Ward 120 (Teynampet),9,Teynampet,waterlogging,high,Data Unavailable,Data Unavailable,Dr Natesan Road,Greater Chennai Corporation (GCC) 2015 Water Stagnation Locations,GCC-2015-STAG,https://data.opencity.in/dataset/866141ab-3a3f-4dc0-8092-421d97ba29a2/resource/b5f39598-2e2d-40c5-82c3-806a1ad65c91/download/db3840ff-9f33-43a3-b826-2f9dae1bcb78.kml,VERIFIED INCIDENT,OFFICIALLY_VERIFIED,HIGH,True,OFFICIAL_HISTORICAL_RECORD
CHN-INC-1550,GCC-2015-STAG-0550,2015-12-01,Chennai Floods 2015,Muthaiah Street,13.05072,80.272935,120,Ward 120 (Teynampet),9,Teynampet,waterlogging,high,Data Unavailable,Data Unavailable,Muthaiah Street,Greater Chennai Corporation (GCC) 2015 Water Stagnation Locations,GCC-2015-STAG,https://data.opencity.in/dataset/866141ab-3a3f-4dc0-8092-421d97ba29a2/resource/b5f39598-2e2d-40c5-82c3-806a1ad65c91/download/db3840ff-9f33-43a3-b826-2f9dae1bcb78.kml,VERIFIED INCIDENT,OFFICIALLY_VERIFIED,HIGH,True,OFFICIAL_HISTORICAL_RECORD
CHN-INC-1551,GCC-2015-STAG-0551,2015-12-01,Chennai Floods 2015,Radha Krishnan Road,13.044146,80.27042,121,Ward 121 (Teynampet),9,Teynampet,waterlogging,high,Data Unavailable,Data Unavailable,Radha Krishnan Road,Greater Chennai Corporation (GCC) 2015 Water Stagnation Locations,GCC-2015-STAG,https://data.opencity.in/dataset/866141ab-3a3f-4dc0-8092-421d97ba29a2/resource/b5f39598-2e2d-40c5-82c3-806a1ad65c91/download/db3840ff-9f33-43a3-b826-2f9dae1bcb78.kml,VERIFIED INCIDENT,OFFICIALLY_VERIFIED,HIGH,True,OFFICIAL_HISTORICAL_RECORD
CHN-INC-1552,GCC-2015-STAG-0552,2015-12-01,Chennai Floods 2015,Nehru nagar main road,13.003721,80.252681,173,Ward 173 (Adyar),13,Adyar,waterlogging,high,Data Unavailable,Data Unavailable,Nehru nagar main road,Greater Chennai Corporation (GCC) 2015 Water Stagnation Locations,GCC-2015-STAG,https://data.opencity.in/dataset/866141ab-3a3f-4dc0-8092-421d97ba29a2/resource/b5f39598-2e2d-40c5-82c3-806a1ad65c91/download/db3840ff-9f33-43a3-b826-2f9dae1bcb78.kml,VERIFIED INCIDENT,OFFICIALLY_VERIFIED,HIGH,True,OFFICIAL_HISTORICAL_RECORD
CHN-INC-1553,GCC-2015-STAG-0553,2015-12-01,Chennai Floods 2015,Kasthuribai nagar,13.00552,80.252509,173,Ward 173 (Adyar),13,Adyar,waterlogging,high,Data Unavailable,Data Unavailable,Kasthuribai nagar,Greater Chennai Corporation (GCC) 2015 Water Stagnation Locations,GCC-2015-STAG,https://data.opencity.in/dataset/866141ab-3a3f-4dc0-8092-421d97ba29a2/resource/b5f39598-2e2d-40c5-82c3-806a1ad65c91/download/db3840ff-9f33-43a3-b826-2f9dae1bcb78.kml,VERIFIED INCIDENT,OFFICIALLY_VERIFIED,HIGH,True,OFFICIAL_HISTORICAL_RECORD
CHN-INC-1554,GCC-2015-STAG-0554,2015-12-01,Chennai Floods 2015,Indra nagar,12.995818,80.252724,173,Ward 173 (Adyar),13,Adyar,waterlogging,high,Data Unavailable,Data Unavailable,Indra nagar,Greater Chennai Corporation (GCC) 2015 Water Stagnation Locations,GCC-2015-STAG,https://data.opencity.in/dataset/866141ab-3a3f-4dc0-8092-421d97ba29a2/resource/b5f39598-2e2d-40c5-82c3-806a1ad65c91/download/db3840ff-9f33-43a3-b826-2f9dae1bcb78.kml,VERIFIED INCIDENT,OFFICIALLY_VERIFIED,HIGH,True,OFFICIAL_HISTORICAL_RECORD
CHN-INC-1555,GCC-2015-STAG-0555,2015-12-01,Chennai Floods 2015,Kamaraj I avenue,13.001892,80.252059,173,Ward 173 (Adyar),13,Adyar,waterlogging,high,Data Unavailable,Data Unavailable,Kamaraj I avenue,Greater Chennai Corporation (GCC) 2015 Water Stagnation Locations,GCC-2015-STAG,https://data.opencity.in/dataset/866141ab-3a3f-4dc0-8092-421d97ba29a2/resource/b5f39598-2e2d-40c5-82c3-806a1ad65c91/download/db3840ff-9f33-43a3-b826-2f9dae1bcb78.kml,VERIFIED INCIDENT,OFFICIALLY_VERIFIED,HIGH,True,OFFICIAL_HISTORICAL_RECORD
CHN-INC-1556,GCC-2015-STAG-0556,2015-12-01,Chennai Floods 2015,Venkatarathinam nagar,13.000219,80.25414,173,Ward 173 (Adyar),13,Adyar,waterlogging,high,Data Unavailable,Data Unavailable,Venkatarathinam nagar,Greater Chennai Corporation (GCC) 2015 Water Stagnation Locations,GCC-2015-STAG,https://data.opencity.in/dataset/866141ab-3a3f-4dc0-8092-421d97ba29a2/resource/b5f39598-2e2d-40c5-82c3-806a1ad65c91/download/db3840ff-9f33-43a3-b826-2f9dae1bcb78.kml,VERIFIED INCIDENT,OFFICIALLY_VERIFIED,HIGH,True,OFFICIAL_HISTORICAL_RECORD
CHN-INC-1557,GCC-2015-STAG-0557,2015-12-01,Chennai Floods 2015,L.B road,12.998965,80.256092,173,Ward 173 (Adyar),13,Adyar,waterlogging,high,Data Unavailable,Data Unavailable,L.B road,Greater Chennai Corporation (GCC) 2015 Water Stagnation Locations,GCC-2015-STAG,https://data.opencity.in/dataset/866141ab-3a3f-4dc0-8092-421d97ba29a2/resource/b5f39598-2e2d-40c5-82c3-806a1ad65c91/download/db3840ff-9f33-43a3-b826-2f9dae1bcb78.kml,VERIFIED INCIDENT,OFFICIALLY_VERIFIED,HIGH,True,OFFICIAL_HISTORICAL_RECORD
CHN-INC-1558,GCC-2015-STAG-0558,2015-12-01,Chennai Floods 2015,Anna avenue,13.004715,80.255889,173,Ward 173 (Adyar),13,Adyar,waterlogging,high,Data Unavailable,Data Unavailable,Anna avenue,Greater Chennai Corporation (GCC) 2015 Water Stagnation Locations,GCC-2015-STAG,https://data.opencity.in/dataset/866141ab-3a3f-4dc0-8092-421d97ba29a2/resource/b5f39598-2e2d-40c5-82c3-806a1ad65c91/download/db3840ff-9f33-43a3-b826-2f9dae1bcb78.kml,VERIFIED INCIDENT,OFFICIALLY_VERIFIED,HIGH,True,OFFICIAL_HISTORICAL_RECORD
CHN-INC-1559,GCC-2015-STAG-0559,2015-12-01,Chennai Floods 2015,Thiruvengadam street,13.00368,80.255299,173,Ward 173 (Adyar),13,Adyar,waterlogging,high,Data Unavailable,Data Unavailable,Thiruvengadam street,Greater Chennai Corporation (GCC) 2015 Water Stagnation Locations,GCC-2015-STAG,https://data.opencity.in/dataset/866141ab-3a3f-4dc0-8092-421d97ba29a2/resource/b5f39598-2e2d-40c5-82c3-806a1ad65c91/download/db3840ff-9f33-43a3-b826-2f9dae1bcb78.kml,VERIFIED INCIDENT,OFFICIALLY_VERIFIED,HIGH,True,OFFICIAL_HISTORICAL_RECORD
CHN-INC-1560,GCC-2015-STAG-0560,2015-12-01,Chennai Floods 2015,Sastri nagar XV cross street,12.999916,80.256994,174,Ward 174 (Adyar),13,Adyar,waterlogging,high,Data Unavailable,Data Unavailable,Sastri nagar XV cross street,Greater Chennai Corporation (GCC) 2015 Water Stagnation Locations,GCC-2015-STAG,https://data.opencity.in/dataset/866141ab-3a3f-4dc0-8092-421d97ba29a2/resource/b5f39598-2e2d-40c5-82c3-806a1ad65c91/download/db3840ff-9f33-43a3-b826-2f9dae1bcb78.kml,VERIFIED INCIDENT,OFFICIALLY_VERIFIED,HIGH,True,OFFICIAL_HISTORICAL_RECORD
CHN-INC-1561,GCC-2015-STAG-0561,2015-12-01,Chennai Floods 2015,I street,12.999038,80.259612,174,Ward 174 (Adyar),13,Adyar,waterlogging,high,Data Unavailable,Data Unavailable,I street,Greater Chennai Corporation (GCC) 2015 Water Stagnation Locations,GCC-2015-STAG,https://data.opencity.in/dataset/866141ab-3a3f-4dc0-8092-421d97ba29a2/resource/b5f39598-2e2d-40c5-82c3-806a1ad65c91/download/db3840ff-9f33-43a3-b826-2f9dae1bcb78.kml,VERIFIED INCIDENT,OFFICIALLY_VERIFIED,HIGH,True,OFFICIAL_HISTORICAL_RECORD
CHN-INC-1562,GCC-2015-STAG-0562,2015-12-01,Chennai Floods 2015,Ambedkar colony,12.989128,80.207319,175,Ward 175 (Adyar),13,Adyar,waterlogging,high,Data Unavailable,Data Unavailable,Ambedkar colony,Greater Chennai Corporation (GCC) 2015 Water Stagnation Locations,GCC-2015-STAG,https://data.opencity.in/dataset/866141ab-3a3f-4dc0-8092-421d97ba29a2/resource/b5f39598-2e2d-40c5-82c3-806a1ad65c91/download/db3840ff-9f33-43a3-b826-2f9dae1bcb78.kml,VERIFIED INCIDENT,OFFICIALLY_VERIFIED,HIGH,True,OFFICIAL_HISTORICAL_RECORD
CHN-INC-1563,GCC-2015-STAG-0563,2015-12-01,Chennai Floods 2015,Mahalakshmi nagar,12.983942,80.206375,175,Ward 175 (Adyar),13,Adyar,waterlogging,high,Data Unavailable,Data Unavailable,Mahalakshmi nagar,Greater Chennai Corporation (GCC) 2015 Water Stagnation Locations,GCC-2015-STAG,https://data.opencity.in/dataset/866141ab-3a3f-4dc0-8092-421d97ba29a2/resource/b5f39598-2e2d-40c5-82c3-806a1ad65c91/download/db3840ff-9f33-43a3-b826-2f9dae1bcb78.kml,VERIFIED INCIDENT,OFFICIALLY_VERIFIED,HIGH,True,OFFICIAL_HISTORICAL_RECORD
CHN-INC-1564,GCC-2015-STAG-0564,2015-12-01,Chennai Floods 2015,Nethaji colony,12.982311,80.211954,176,Ward 176 (Adyar),13,Adyar,waterlogging,high,Data Unavailable,Data Unavailable,Nethaji colony,Greater Chennai Corporation (GCC) 2015 Water Stagnation Locations,GCC-2015-STAG,https://data.opencity.in/dataset/866141ab-3a3f-4dc0-8092-421d97ba29a2/resource/b5f39598-2e2d-40c5-82c3-806a1ad65c91/download/db3840ff-9f33-43a3-b826-2f9dae1bcb78.kml,VERIFIED INCIDENT,OFFICIALLY_VERIFIED,HIGH,True,OFFICIAL_HISTORICAL_RECORD
CHN-INC-1565,GCC-2015-STAG-0565,2015-12-01,Chennai Floods 2015,AGS colony,12.977042,80.208478,165,Ward 165 (Alandur),12,Alandur,waterlogging,high,Data Unavailable,Data Unavailable,AGS colony,Greater Chennai Corporation (GCC) 2015 Water Stagnation Locations,GCC-2015-STAG,https://data.opencity.in/dataset/866141ab-3a3f-4dc0-8092-421d97ba29a2/resource/b5f39598-2e2d-40c5-82c3-806a1ad65c91/download/db3840ff-9f33-43a3-b826-2f9dae1bcb78.kml,VERIFIED INCIDENT,OFFICIALLY_VERIFIED,HIGH,True,OFFICIAL_HISTORICAL_RECORD
CHN-INC-1566,GCC-2015-STAG-0566,2015-12-01,Chennai Floods 2015,TNHB colony III main road,12.991929,80.211954,175,Ward 175 (Adyar),13,Adyar,waterlogging,high,Data Unavailable,Data Unavailable,TNHB colony III main road,Greater Chennai Corporation (GCC) 2015 Water Stagnation Locations,GCC-2015-STAG,https://data.opencity.in/dataset/866141ab-3a3f-4dc0-8092-421d97ba29a2/resource/b5f39598-2e2d-40c5-82c3-806a1ad65c91/download/db3840ff-9f33-43a3-b826-2f9dae1bcb78.kml,VERIFIED INCIDENT,OFFICIALLY_VERIFIED,HIGH,True,OFFICIAL_HISTORICAL_RECORD
CHN-INC-1567,GCC-2015-STAG-0567,2015-12-01,Chennai Floods 2015,Devi Karumariamman koil street,12.97907,80.214218,176,Ward 176 (Adyar),13,Adyar,waterlogging,high,Data Unavailable,Data Unavailable,Devi Karumariamman koil street,Greater Chennai Corporation (GCC) 2015 Water Stagnation Locations,GCC-2015-STAG,https://data.opencity.in/dataset/866141ab-3a3f-4dc0-8092-421d97ba29a2/resource/b5f39598-2e2d-40c5-82c3-806a1ad65c91/download/db3840ff-9f33-43a3-b826-2f9dae1bcb78.kml,VERIFIED INCIDENT,OFFICIALLY_VERIFIED,HIGH,True,OFFICIAL_HISTORICAL_RECORD
CHN-INC-1568,GCC-2015-STAG-0568,2015-12-01,Chennai Floods 2015,Throwpathy amman koil street,12.987225,80.220838,177,Ward 177 (Adyar),13,Adyar,waterlogging,high,Data Unavailable,Data Unavailable,Throwpathy amman koil street,Greater Chennai Corporation (GCC) 2015 Water Stagnation Locations,GCC-2015-STAG,https://data.opencity.in/dataset/866141ab-3a3f-4dc0-8092-421d97ba29a2/resource/b5f39598-2e2d-40c5-82c3-806a1ad65c91/download/db3840ff-9f33-43a3-b826-2f9dae1bcb78.kml,VERIFIED INCIDENT,OFFICIALLY_VERIFIED,HIGH,True,OFFICIAL_HISTORICAL_RECORD
CHN-INC-1569,GCC-2015-STAG-0569,2015-12-01,Chennai Floods 2015,AGS colony,12.97769,80.211461,176,Ward 176 (Adyar),13,Adyar,waterlogging,high,Data Unavailable,Data Unavailable,AGS colony,Greater Chennai Corporation (GCC) 2015 Water Stagnation Locations,GCC-2015-STAG,https://data.opencity.in/dataset/866141ab-3a3f-4dc0-8092-421d97ba29a2/resource/b5f39598-2e2d-40c5-82c3-806a1ad65c91/download/db3840ff-9f33-43a3-b826-2f9dae1bcb78.kml,VERIFIED INCIDENT,OFFICIALLY_VERIFIED,HIGH,True,OFFICIAL_HISTORICAL_RECORD
CHN-INC-1570,GCC-2015-STAG-0570,2015-12-01,Chennai Floods 2015,Vijayanagar,12.975537,80.220881,177,Ward 177 (Adyar),13,Adyar,waterlogging,high,Data Unavailable,Data Unavailable,Vijayanagar,Greater Chennai Corporation (GCC) 2015 Water Stagnation Locations,GCC-2015-STAG,https://data.opencity.in/dataset/866141ab-3a3f-4dc0-8092-421d97ba29a2/resource/b5f39598-2e2d-40c5-82c3-806a1ad65c91/download/db3840ff-9f33-43a3-b826-2f9dae1bcb78.kml,VERIFIED INCIDENT,OFFICIALLY_VERIFIED,HIGH,True,OFFICIAL_HISTORICAL_RECORD
CHN-INC-1571,GCC-2015-STAG-0571,2015-12-01,Chennai Floods 2015,Orandiamman koil street,12.981569,80.219303,177,Ward 177 (Adyar),13,Adyar,waterlogging,high,Data Unavailable,Data Unavailable,Orandiamman koil street,Greater Chennai Corporation (GCC) 2015 Water Stagnation Locations,GCC-2015-STAG,https://data.opencity.in/dataset/866141ab-3a3f-4dc0-8092-421d97ba29a2/resource/b5f39598-2e2d-40c5-82c3-806a1ad65c91/download/db3840ff-9f33-43a3-b826-2f9dae1bcb78.kml,VERIFIED INCIDENT,OFFICIALLY_VERIFIED,HIGH,True,OFFICIAL_HISTORICAL_RECORD
CHN-INC-1572,GCC-2015-STAG-0572,2015-12-01,Chennai Floods 2015,Gandhi road,12.986242,80.226288,177,Ward 177 (Adyar),13,Adyar,waterlogging,high,Data Unavailable,Data Unavailable,Gandhi road,Greater Chennai Corporation (GCC) 2015 Water Stagnation Locations,GCC-2015-STAG,https://data.opencity.in/dataset/866141ab-3a3f-4dc0-8092-421d97ba29a2/resource/b5f39598-2e2d-40c5-82c3-806a1ad65c91/download/db3840ff-9f33-43a3-b826-2f9dae1bcb78.kml,VERIFIED INCIDENT,OFFICIALLY_VERIFIED,HIGH,True,OFFICIAL_HISTORICAL_RECORD
CHN-INC-1573,GCC-2015-STAG-0573,2015-12-01,Chennai Floods 2015,Tansi nagar III street,12.978715,80.223477,177,Ward 177 (Adyar),13,Adyar,waterlogging,high,Data Unavailable,Data Unavailable,Tansi nagar III street,Greater Chennai Corporation (GCC) 2015 Water Stagnation Locations,GCC-2015-STAG,https://data.opencity.in/dataset/866141ab-3a3f-4dc0-8092-421d97ba29a2/resource/b5f39598-2e2d-40c5-82c3-806a1ad65c91/download/db3840ff-9f33-43a3-b826-2f9dae1bcb78.kml,VERIFIED INCIDENT,OFFICIALLY_VERIFIED,HIGH,True,OFFICIAL_HISTORICAL_RECORD
CHN-INC-1574,GCC-2015-STAG-0574,2015-12-01,Chennai Floods 2015,Dhandeeswaram VII street,12.980931,80.225344,177,Ward 177 (Adyar),13,Adyar,waterlogging,high,Data Unavailable,Data Unavailable,Dhandeeswaram VII street,Greater Chennai Corporation (GCC) 2015 Water Stagnation Locations,GCC-2015-STAG,https://data.opencity.in/dataset/866141ab-3a3f-4dc0-8092-421d97ba29a2/resource/b5f39598-2e2d-40c5-82c3-806a1ad65c91/download/db3840ff-9f33-43a3-b826-2f9dae1bcb78.kml,VERIFIED INCIDENT,OFFICIALLY_VERIFIED,HIGH,True,OFFICIAL_HISTORICAL_RECORD
CHN-INC-1575,GCC-2015-STAG-0575,2015-12-01,Chennai Floods 2015,Taramani Velachery road,12.981433,80.240321,178,Ward 178 (Adyar),13,Adyar,waterlogging,high,Data Unavailable,Data Unavailable,Taramani Velachery road,Greater Chennai Corporation (GCC) 2015 Water Stagnation Locations,GCC-2015-STAG,https://data.opencity.in/dataset/866141ab-3a3f-4dc0-8092-421d97ba29a2/resource/b5f39598-2e2d-40c5-82c3-806a1ad65c91/download/db3840ff-9f33-43a3-b826-2f9dae1bcb78.kml,VERIFIED INCIDENT,OFFICIALLY_VERIFIED,HIGH,True,OFFICIAL_HISTORICAL_RECORD
CHN-INC-1576,GCC-2015-STAG-0576,2015-12-01,Chennai Floods 2015,Seetharam nagar,12.981266,80.227103,177,Ward 177 (Adyar),13,Adyar,waterlogging,high,Data Unavailable,Data Unavailable,Seetharam nagar,Greater Chennai Corporation (GCC) 2015 Water Stagnation Locations,GCC-2015-STAG,https://data.opencity.in/dataset/866141ab-3a3f-4dc0-8092-421d97ba29a2/resource/b5f39598-2e2d-40c5-82c3-806a1ad65c91/download/db3840ff-9f33-43a3-b826-2f9dae1bcb78.kml,VERIFIED INCIDENT,OFFICIALLY_VERIFIED,HIGH,True,OFFICIAL_HISTORICAL_RECORD
CHN-INC-1577,GCC-2015-STAG-0577,2015-12-01,Chennai Floods 2015,Bhuvaneshwari nagar,12.968992,80.221074,177,Ward 177 (Adyar),13,Adyar,waterlogging,high,Data Unavailable,Data Unavailable,Bhuvaneshwari nagar,Greater Chennai Corporation (GCC) 2015 Water Stagnation Locations,GCC-2015-STAG,https://data.opencity.in/dataset/866141ab-3a3f-4dc0-8092-421d97ba29a2/resource/b5f39598-2e2d-40c5-82c3-806a1ad65c91/download/db3840ff-9f33-43a3-b826-2f9dae1bcb78.kml,VERIFIED INCIDENT,OFFICIALLY_VERIFIED,HIGH,True,OFFICIAL_HISTORICAL_RECORD
CHN-INC-1578,GCC-2015-STAG-0578,2015-12-01,Chennai Floods 2015,VGP Selva nagar,12.972275,80.221868,177,Ward 177 (Adyar),13,Adyar,waterlogging,high,Data Unavailable,Data Unavailable,VGP Selva nagar,Greater Chennai Corporation (GCC) 2015 Water Stagnation Locations,GCC-2015-STAG,https://data.opencity.in/dataset/866141ab-3a3f-4dc0-8092-421d97ba29a2/resource/b5f39598-2e2d-40c5-82c3-806a1ad65c91/download/db3840ff-9f33-43a3-b826-2f9dae1bcb78.kml,VERIFIED INCIDENT,OFFICIALLY_VERIFIED,HIGH,True,OFFICIAL_HISTORICAL_RECORD
CHN-INC-1579,GCC-2015-STAG-0579,2015-12-01,Chennai Floods 2015,Velachery main Road,12.981977,80.218005,177,Ward 177 (Adyar),13,Adyar,waterlogging,high,Data Unavailable,Data Unavailable,Velachery main Road,Greater Chennai Corporation (GCC) 2015 Water Stagnation Locations,GCC-2015-STAG,https://data.opencity.in/dataset/866141ab-3a3f-4dc0-8092-421d97ba29a2/resource/b5f39598-2e2d-40c5-82c3-806a1ad65c91/download/db3840ff-9f33-43a3-b826-2f9dae1bcb78.kml,VERIFIED INCIDENT,OFFICIALLY_VERIFIED,HIGH,True,OFFICIAL_HISTORICAL_RECORD
CHN-INC-1580,GCC-2015-STAG-0580,2015-12-01,Chennai Floods 2015,Anna avenue,12.974198,80.22706,177,Ward 177 (Adyar),13,Adyar,waterlogging,high,Data Unavailable,Data Unavailable,Anna avenue,Greater Chennai Corporation (GCC) 2015 Water Stagnation Locations,GCC-2015-STAG,https://data.opencity.in/dataset/866141ab-3a3f-4dc0-8092-421d97ba29a2/resource/b5f39598-2e2d-40c5-82c3-806a1ad65c91/download/db3840ff-9f33-43a3-b826-2f9dae1bcb78.kml,VERIFIED INCIDENT,OFFICIALLY_VERIFIED,HIGH,True,OFFICIAL_HISTORICAL_RECORD
CHN-INC-1581,GCC-2015-STAG-0581,2015-12-01,Chennai Floods 2015,LIC colony,12.977419,80.222425,177,Ward 177 (Adyar),13,Adyar,waterlogging,high,Data Unavailable,Data Unavailable,LIC colony,Greater Chennai Corporation (GCC) 2015 Water Stagnation Locations,GCC-2015-STAG,https://data.opencity.in/dataset/866141ab-3a3f-4dc0-8092-421d97ba29a2/resource/b5f39598-2e2d-40c5-82c3-806a1ad65c91/download/db3840ff-9f33-43a3-b826-2f9dae1bcb78.kml,VERIFIED INCIDENT,OFFICIALLY_VERIFIED,HIGH,True,OFFICIAL_HISTORICAL_RECORD
CHN-INC-1582,GCC-2015-STAG-0582,2015-12-01,Chennai Floods 2015,LB road (Judges avenue),12.983064,80.254826,180,Ward 180 (Adyar),13,Adyar,waterlogging,high,Data Unavailable,Data Unavailable,LB road (Judges avenue),Greater Chennai Corporation (GCC) 2015 Water Stagnation Locations,GCC-2015-STAG,https://data.opencity.in/dataset/866141ab-3a3f-4dc0-8092-421d97ba29a2/resource/b5f39598-2e2d-40c5-82c3-806a1ad65c91/download/db3840ff-9f33-43a3-b826-2f9dae1bcb78.kml,VERIFIED INCIDENT,OFFICIALLY_VERIFIED,HIGH,True,OFFICIAL_HISTORICAL_RECORD
CHN-INC-1583,GCC-2015-STAG-0583,2015-12-01,Chennai Floods 2015,Kanagam Periyar nagar,12.987957,80.242553,178,Ward 178 (Adyar),13,Adyar,waterlogging,high,Data Unavailable,Data Unavailable,Kanagam Periyar nagar,Greater Chennai Corporation (GCC) 2015 Water Stagnation Locations,GCC-2015-STAG,https://data.opencity.in/dataset/866141ab-3a3f-4dc0-8092-421d97ba29a2/resource/b5f39598-2e2d-40c5-82c3-806a1ad65c91/download/db3840ff-9f33-43a3-b826-2f9dae1bcb78.kml,VERIFIED INCIDENT,OFFICIALLY_VERIFIED,HIGH,True,OFFICIAL_HISTORICAL_RECORD
CHN-INC-1584,GCC-2015-STAG-0584,2015-12-01,Chennai Floods 2015,Thanthai Periyar nagar,12.995139,80.242081,178,Ward 178 (Adyar),13,Adyar,waterlogging,high,Data Unavailable,Data Unavailable,Thanthai Periyar nagar,Greater Chennai Corporation (GCC) 2015 Water Stagnation Locations,GCC-2015-STAG,https://data.opencity.in/dataset/866141ab-3a3f-4dc0-8092-421d97ba29a2/resource/b5f39598-2e2d-40c5-82c3-806a1ad65c91/download/db3840ff-9f33-43a3-b826-2f9dae1bcb78.kml,VERIFIED INCIDENT,OFFICIALLY_VERIFIED,HIGH,True,OFFICIAL_HISTORICAL_RECORD
CHN-INC-1585,GCC-2015-STAG-0585,2015-12-01,Chennai Floods 2015,Annai sathya Nagar,13.035661,80.189608,137,Ward 137 (Kodambakkam),10,Kodambakkam,waterlogging,high,Data Unavailable,Data Unavailable,Annai sathya Nagar,Greater Chennai Corporation (GCC) 2015 Water Stagnation Locations,GCC-2015-STAG,https://data.opencity.in/dataset/866141ab-3a3f-4dc0-8092-421d97ba29a2/resource/b5f39598-2e2d-40c5-82c3-806a1ad65c91/download/db3840ff-9f33-43a3-b826-2f9dae1bcb78.kml,VERIFIED INCIDENT,OFFICIALLY_VERIFIED,HIGH,True,OFFICIAL_HISTORICAL_RECORD
CHN-INC-1586,GCC-2015-STAG-0586,2015-12-01,Chennai Floods 2015,ALAGIRI NAGAR 1ST street,13.056828,80.213671,130,Ward 130 (Kodambakkam),10,Kodambakkam,waterlogging,high,Data Unavailable,Data Unavailable,ALAGIRI NAGAR 1ST street,Greater Chennai Corporation (GCC) 2015 Water Stagnation Locations,GCC-2015-STAG,https://data.opencity.in/dataset/866141ab-3a3f-4dc0-8092-421d97ba29a2/resource/b5f39598-2e2d-40c5-82c3-806a1ad65c91/download/db3840ff-9f33-43a3-b826-2f9dae1bcb78.kml,VERIFIED INCIDENT,OFFICIALLY_VERIFIED,HIGH,True,OFFICIAL_HISTORICAL_RECORD
CHN-INC-1587,GCC-2015-STAG-0587,2015-12-01,Chennai Floods 2015,Bajanai Koil Street,13.053059,80.210803,130,Ward 130 (Kodambakkam),10,Kodambakkam,waterlogging,high,Data Unavailable,Data Unavailable,Bajanai Koil Street,Greater Chennai Corporation (GCC) 2015 Water Stagnation Locations,GCC-2015-STAG,https://data.opencity.in/dataset/866141ab-3a3f-4dc0-8092-421d97ba29a2/resource/b5f39598-2e2d-40c5-82c3-806a1ad65c91/download/db3840ff-9f33-43a3-b826-2f9dae1bcb78.kml,VERIFIED INCIDENT,OFFICIALLY_VERIFIED,HIGH,True,OFFICIAL_HISTORICAL_RECORD
CHN-INC-1588,GCC-2015-STAG-0588,2015-12-01,Chennai Floods 2015,Thiru nagar 1 to 5,13.055155,80.212865,130,Ward 130 (Kodambakkam),10,Kodambakkam,waterlogging,high,Data Unavailable,Data Unavailable,Thiru nagar 1 to 5,Greater Chennai Corporation (GCC) 2015 Water Stagnation Locations,GCC-2015-STAG,https://data.opencity.in/dataset/866141ab-3a3f-4dc0-8092-421d97ba29a2/resource/b5f39598-2e2d-40c5-82c3-806a1ad65c91/download/db3840ff-9f33-43a3-b826-2f9dae1bcb78.kml,VERIFIED INCIDENT,OFFICIALLY_VERIFIED,HIGH,True,OFFICIAL_HISTORICAL_RECORD
CHN-INC-1589,GCC-2015-STAG-0589,2015-12-01,Chennai Floods 2015,Gangai amman koil street,13.055103,80.216211,130,Ward 130 (Kodambakkam),10,Kodambakkam,waterlogging,high,Data Unavailable,Data Unavailable,Gangai amman koil street,Greater Chennai Corporation (GCC) 2015 Water Stagnation Locations,GCC-2015-STAG,https://data.opencity.in/dataset/866141ab-3a3f-4dc0-8092-421d97ba29a2/resource/b5f39598-2e2d-40c5-82c3-806a1ad65c91/download/db3840ff-9f33-43a3-b826-2f9dae1bcb78.kml,VERIFIED INCIDENT,OFFICIALLY_VERIFIED,HIGH,True,OFFICIAL_HISTORICAL_RECORD
CHN-INC-1590,GCC-2015-STAG-0590,2015-12-01,Chennai Floods 2015,Andavar Nagar,13.058072,80.213826,130,Ward 130 (Kodambakkam),10,Kodambakkam,waterlogging,high,Data Unavailable,Data Unavailable,Andavar Nagar,Greater Chennai Corporation (GCC) 2015 Water Stagnation Locations,GCC-2015-STAG,https://data.opencity.in/dataset/866141ab-3a3f-4dc0-8092-421d97ba29a2/resource/b5f39598-2e2d-40c5-82c3-806a1ad65c91/download/db3840ff-9f33-43a3-b826-2f9dae1bcb78.kml,VERIFIED INCIDENT,OFFICIALLY_VERIFIED,HIGH,True,OFFICIAL_HISTORICAL_RECORD
CHN-INC-1591,GCC-2015-STAG-0591,2015-12-01,Chennai Floods 2015,100'Feet Road,13.053712,80.211589,130,Ward 130 (Kodambakkam),10,Kodambakkam,waterlogging,high,Data Unavailable,Data Unavailable,100'Feet Road,Greater Chennai Corporation (GCC) 2015 Water Stagnation Locations,GCC-2015-STAG,https://data.opencity.in/dataset/866141ab-3a3f-4dc0-8092-421d97ba29a2/resource/b5f39598-2e2d-40c5-82c3-806a1ad65c91/download/db3840ff-9f33-43a3-b826-2f9dae1bcb78.kml,VERIFIED INCIDENT,OFFICIALLY_VERIFIED,HIGH,True,OFFICIAL_HISTORICAL_RECORD
CHN-INC-1592,GCC-2015-STAG-0592,2015-12-01,Chennai Floods 2015,R.K.SHANMUGAM SALAI,13.039913,80.201947,136,Ward 136 (Kodambakkam),10,Kodambakkam,waterlogging,high,Data Unavailable,Data Unavailable,R.K.SHANMUGAM SALAI,Greater Chennai Corporation (GCC) 2015 Water Stagnation Locations,GCC-2015-STAG,https://data.opencity.in/dataset/866141ab-3a3f-4dc0-8092-421d97ba29a2/resource/b5f39598-2e2d-40c5-82c3-806a1ad65c91/download/db3840ff-9f33-43a3-b826-2f9dae1bcb78.kml,VERIFIED INCIDENT,OFFICIALLY_VERIFIED,HIGH,True,OFFICIAL_HISTORICAL_RECORD
CHN-INC-1593,GCC-2015-STAG-0593,2015-12-01,Chennai Floods 2015,LAKSHMANASAMY SALAI,13.038427,80.202825,136,Ward 136 (Kodambakkam),10,Kodambakkam,waterlogging,high,Data Unavailable,Data Unavailable,LAKSHMANASAMY SALAI,Greater Chennai Corporation (GCC) 2015 Water Stagnation Locations,GCC-2015-STAG,https://data.opencity.in/dataset/866141ab-3a3f-4dc0-8092-421d97ba29a2/resource/b5f39598-2e2d-40c5-82c3-806a1ad65c91/download/db3840ff-9f33-43a3-b826-2f9dae1bcb78.kml,VERIFIED INCIDENT,OFFICIALLY_VERIFIED,HIGH,True,OFFICIAL_HISTORICAL_RECORD
CHN-INC-1594,GCC-2015-STAG-0594,2015-12-01,Chennai Floods 2015,P.T.RAJAN SALAI,13.044129,80.210632,135,Ward 135 (Kodambakkam),10,Kodambakkam,waterlogging,high,Data Unavailable,Data Unavailable,P.T.RAJAN SALAI,Greater Chennai Corporation (GCC) 2015 Water Stagnation Locations,GCC-2015-STAG,https://data.opencity.in/dataset/866141ab-3a3f-4dc0-8092-421d97ba29a2/resource/b5f39598-2e2d-40c5-82c3-806a1ad65c91/download/db3840ff-9f33-43a3-b826-2f9dae1bcb78.kml,VERIFIED INCIDENT,OFFICIALLY_VERIFIED,HIGH,True,OFFICIAL_HISTORICAL_RECORD
CHN-INC-1595,GCC-2015-STAG-0595,2015-12-01,Chennai Floods 2015,RAJAMANNAR SALAI,13.043593,80.199432,137,Ward 137 (Kodambakkam),10,Kodambakkam,waterlogging,high,Data Unavailable,Data Unavailable,RAJAMANNAR SALAI,Greater Chennai Corporation (GCC) 2015 Water Stagnation Locations,GCC-2015-STAG,https://data.opencity.in/dataset/866141ab-3a3f-4dc0-8092-421d97ba29a2/resource/b5f39598-2e2d-40c5-82c3-806a1ad65c91/download/db3840ff-9f33-43a3-b826-2f9dae1bcb78.kml,VERIFIED INCIDENT,OFFICIALLY_VERIFIED,HIGH,True,OFFICIAL_HISTORICAL_RECORD
CHN-INC-1596,GCC-2015-STAG-0596,2015-12-01,Chennai Floods 2015,4TH AVENUE,13.040444,80.215063,135,Ward 135 (Kodambakkam),10,Kodambakkam,waterlogging,high,Data Unavailable,Data Unavailable,4TH AVENUE,Greater Chennai Corporation (GCC) 2015 Water Stagnation Locations,GCC-2015-STAG,https://data.opencity.in/dataset/866141ab-3a3f-4dc0-8092-421d97ba29a2/resource/b5f39598-2e2d-40c5-82c3-806a1ad65c91/download/db3840ff-9f33-43a3-b826-2f9dae1bcb78.kml,VERIFIED INCIDENT,OFFICIALLY_VERIFIED,HIGH,True,OFFICIAL_HISTORICAL_RECORD
CHN-INC-1597,GCC-2015-STAG-0597,2015-12-01,Chennai Floods 2015,2ND AVENUE,13.044478,80.214778,135,Ward 135 (Kodambakkam),10,Kodambakkam,waterlogging,high,Data Unavailable,Data Unavailable,2ND AVENUE,Greater Chennai Corporation (GCC) 2015 Water Stagnation Locations,GCC-2015-STAG,https://data.opencity.in/dataset/866141ab-3a3f-4dc0-8092-421d97ba29a2/resource/b5f39598-2e2d-40c5-82c3-806a1ad65c91/download/db3840ff-9f33-43a3-b826-2f9dae1bcb78.kml,VERIFIED INCIDENT,OFFICIALLY_VERIFIED,HIGH,True,OFFICIAL_HISTORICAL_RECORD
CHN-INC-1598,GCC-2015-STAG-0598,2015-12-01,Chennai Floods 2015,7TH AVENUE,13.036532,80.216303,135,Ward 135 (Kodambakkam),10,Kodambakkam,waterlogging,high,Data Unavailable,Data Unavailable,7TH AVENUE,Greater Chennai Corporation (GCC) 2015 Water Stagnation Locations,GCC-2015-STAG,https://data.opencity.in/dataset/866141ab-3a3f-4dc0-8092-421d97ba29a2/resource/b5f39598-2e2d-40c5-82c3-806a1ad65c91/download/db3840ff-9f33-43a3-b826-2f9dae1bcb78.kml,VERIFIED INCIDENT,OFFICIALLY_VERIFIED,HIGH,True,OFFICIAL_HISTORICAL_RECORD
CHN-INC-1599,GCC-2015-STAG-0599,2015-12-01,Chennai Floods 2015,18TH AVENUE,13.041473,80.210881,135,Ward 135 (Kodambakkam),10,Kodambakkam,waterlogging,high,Data Unavailable,Data Unavailable,18TH AVENUE,Greater Chennai Corporation (GCC) 2015 Water Stagnation Locations,GCC-2015-STAG,https://data.opencity.in/dataset/866141ab-3a3f-4dc0-8092-421d97ba29a2/resource/b5f39598-2e2d-40c5-82c3-806a1ad65c91/download/db3840ff-9f33-43a3-b826-2f9dae1bcb78.kml,VERIFIED INCIDENT,OFFICIALLY_VERIFIED,HIGH,True,OFFICIAL_HISTORICAL_RECORD
CHN-INC-1600,GCC-2015-STAG-0600,2015-12-01,Chennai Floods 2015,19TH AVENUE,13.041583,80.211764,135,Ward 135 (Kodambakkam),10,Kodambakkam,waterlogging,high,Data Unavailable,Data Unavailable,19TH AVENUE,Greater Chennai Corporation (GCC) 2015 Water Stagnation Locations,GCC-2015-STAG,https://data.opencity.in/dataset/866141ab-3a3f-4dc0-8092-421d97ba29a2/resource/b5f39598-2e2d-40c5-82c3-806a1ad65c91/download/db3840ff-9f33-43a3-b826-2f9dae1bcb78.kml,VERIFIED INCIDENT,OFFICIALLY_VERIFIED,HIGH,True,OFFICIAL_HISTORICAL_RECORD
CHN-INC-1601,GCC-2015-STAG-0601,2015-12-01,Chennai Floods 2015,86TH STREET,13.041208,80.207917,136,Ward 136 (Kodambakkam),10,Kodambakkam,waterlogging,high,Data Unavailable,Data Unavailable,86TH STREET,Greater Chennai Corporation (GCC) 2015 Water Stagnation Locations,GCC-2015-STAG,https://data.opencity.in/dataset/866141ab-3a3f-4dc0-8092-421d97ba29a2/resource/b5f39598-2e2d-40c5-82c3-806a1ad65c91/download/db3840ff-9f33-43a3-b826-2f9dae1bcb78.kml,VERIFIED INCIDENT,OFFICIALLY_VERIFIED,HIGH,True,OFFICIAL_HISTORICAL_RECORD
CHN-INC-1602,GCC-2015-STAG-0602,2015-12-01,Chennai Floods 2015,12TH AVENUE,13.0315,80.21016,135,Ward 135 (Kodambakkam),10,Kodambakkam,waterlogging,high,Data Unavailable,Data Unavailable,12TH AVENUE,Greater Chennai Corporation (GCC) 2015 Water Stagnation Locations,GCC-2015-STAG,https://data.opencity.in/dataset/866141ab-3a3f-4dc0-8092-421d97ba29a2/resource/b5f39598-2e2d-40c5-82c3-806a1ad65c91/download/db3840ff-9f33-43a3-b826-2f9dae1bcb78.kml,VERIFIED INCIDENT,OFFICIALLY_VERIFIED,HIGH,True,OFFICIAL_HISTORICAL_RECORD
CHN-INC-1603,GCC-2015-STAG-0603,2015-12-01,Chennai Floods 2015,3RD AVENUE,13.04381,80.213953,135,Ward 135 (Kodambakkam),10,Kodambakkam,waterlogging,high,Data Unavailable,Data Unavailable,3RD AVENUE,Greater Chennai Corporation (GCC) 2015 Water Stagnation Locations,GCC-2015-STAG,https://data.opencity.in/dataset/866141ab-3a3f-4dc0-8092-421d97ba29a2/resource/b5f39598-2e2d-40c5-82c3-806a1ad65c91/download/db3840ff-9f33-43a3-b826-2f9dae1bcb78.kml,VERIFIED INCIDENT,OFFICIALLY_VERIFIED,HIGH,True,OFFICIAL_HISTORICAL_RECORD
CHN-INC-1604,GCC-2015-STAG-0604,2015-12-01,Chennai Floods 2015,11TH AVENUE,13.031327,80.217148,140,Ward 140 (Kodambakkam),10,Kodambakkam,waterlogging,high,Data Unavailable,Data Unavailable,11TH AVENUE,Greater Chennai Corporation (GCC) 2015 Water Stagnation Locations,GCC-2015-STAG,https://data.opencity.in/dataset/866141ab-3a3f-4dc0-8092-421d97ba29a2/resource/b5f39598-2e2d-40c5-82c3-806a1ad65c91/download/db3840ff-9f33-43a3-b826-2f9dae1bcb78.kml,VERIFIED INCIDENT,OFFICIALLY_VERIFIED,HIGH,True,OFFICIAL_HISTORICAL_RECORD
CHN-INC-1605,GCC-2015-STAG-0605,2015-12-01,Chennai Floods 2015,12TH AVENUE,13.030981,80.216981,135,Ward 135 (Kodambakkam),10,Kodambakkam,waterlogging,high,Data Unavailable,Data Unavailable,12TH AVENUE,Greater Chennai Corporation (GCC) 2015 Water Stagnation Locations,GCC-2015-STAG,https://data.opencity.in/dataset/866141ab-3a3f-4dc0-8092-421d97ba29a2/resource/b5f39598-2e2d-40c5-82c3-806a1ad65c91/download/db3840ff-9f33-43a3-b826-2f9dae1bcb78.kml,VERIFIED INCIDENT,OFFICIALLY_VERIFIED,HIGH,True,OFFICIAL_HISTORICAL_RECORD
CHN-INC-1606,GCC-2015-STAG-0606,2015-12-01,Chennai Floods 2015,4TH AVENUE,13.044885,80.218157,131,Ward 131 (Kodambakkam),10,Kodambakkam,waterlogging,high,Data Unavailable,Data Unavailable,4TH AVENUE,Greater Chennai Corporation (GCC) 2015 Water Stagnation Locations,GCC-2015-STAG,https://data.opencity.in/dataset/866141ab-3a3f-4dc0-8092-421d97ba29a2/resource/b5f39598-2e2d-40c5-82c3-806a1ad65c91/download/db3840ff-9f33-43a3-b826-2f9dae1bcb78.kml,VERIFIED INCIDENT,OFFICIALLY_VERIFIED,HIGH,True,OFFICIAL_HISTORICAL_RECORD
CHN-INC-1607,GCC-2015-STAG-0607,2015-12-01,Chennai Floods 2015,2ND AVENUE,13.04342,80.217825,131,Ward 131 (Kodambakkam),10,Kodambakkam,waterlogging,high,Data Unavailable,Data Unavailable,2ND AVENUE,Greater Chennai Corporation (GCC) 2015 Water Stagnation Locations,GCC-2015-STAG,https://data.opencity.in/dataset/866141ab-3a3f-4dc0-8092-421d97ba29a2/resource/b5f39598-2e2d-40c5-82c3-806a1ad65c91/download/db3840ff-9f33-43a3-b826-2f9dae1bcb78.kml,VERIFIED INCIDENT,OFFICIALLY_VERIFIED,HIGH,True,OFFICIAL_HISTORICAL_RECORD
CHN-INC-1608,GCC-2015-STAG-0608,2015-12-01,Chennai Floods 2015,ARCOT ROAD,13.051535,80.217748,131,Ward 131 (Kodambakkam),10,Kodambakkam,waterlogging,high,Data Unavailable,Data Unavailable,ARCOT ROAD,Greater Chennai Corporation (GCC) 2015 Water Stagnation Locations,GCC-2015-STAG,https://data.opencity.in/dataset/866141ab-3a3f-4dc0-8092-421d97ba29a2/resource/b5f39598-2e2d-40c5-82c3-806a1ad65c91/download/db3840ff-9f33-43a3-b826-2f9dae1bcb78.kml,VERIFIED INCIDENT,OFFICIALLY_VERIFIED,HIGH,True,OFFICIAL_HISTORICAL_RECORD
CHN-INC-1609,GCC-2015-STAG-0609,2015-12-01,Chennai Floods 2015,DURAISAMY STREET,13.048798,80.214536,131,Ward 131 (Kodambakkam),10,Kodambakkam,waterlogging,high,Data Unavailable,Data Unavailable,DURAISAMY STREET,Greater Chennai Corporation (GCC) 2015 Water Stagnation Locations,GCC-2015-STAG,https://data.opencity.in/dataset/866141ab-3a3f-4dc0-8092-421d97ba29a2/resource/b5f39598-2e2d-40c5-82c3-806a1ad65c91/download/db3840ff-9f33-43a3-b826-2f9dae1bcb78.kml,VERIFIED INCIDENT,OFFICIALLY_VERIFIED,HIGH,True,OFFICIAL_HISTORICAL_RECORD
CHN-INC-1610,GCC-2015-STAG-0610,2015-12-01,Chennai Floods 2015,POSTAL COLONY 4TH STREET,13.035313,80.2177,131,Ward 131 (Kodambakkam),10,Kodambakkam,waterlogging,high,Data Unavailable,Data Unavailable,POSTAL COLONY 4TH STREET,Greater Chennai Corporation (GCC) 2015 Water Stagnation Locations,GCC-2015-STAG,https://data.opencity.in/dataset/866141ab-3a3f-4dc0-8092-421d97ba29a2/resource/b5f39598-2e2d-40c5-82c3-806a1ad65c91/download/db3840ff-9f33-43a3-b826-2f9dae1bcb78.kml,VERIFIED INCIDENT,OFFICIALLY_VERIFIED,HIGH,True,OFFICIAL_HISTORICAL_RECORD
CHN-INC-1611,GCC-2015-STAG-0611,2015-12-01,Chennai Floods 2015,Raja Gopal street,13.04123,80.218886,131,Ward 131 (Kodambakkam),10,Kodambakkam,waterlogging,high,Data Unavailable,Data Unavailable,Raja Gopal street,Greater Chennai Corporation (GCC) 2015 Water Stagnation Locations,GCC-2015-STAG,https://data.opencity.in/dataset/866141ab-3a3f-4dc0-8092-421d97ba29a2/resource/b5f39598-2e2d-40c5-82c3-806a1ad65c91/download/db3840ff-9f33-43a3-b826-2f9dae1bcb78.kml,VERIFIED INCIDENT,OFFICIALLY_VERIFIED,HIGH,True,OFFICIAL_HISTORICAL_RECORD
CHN-INC-1612,GCC-2015-STAG-0612,2015-12-01,Chennai Floods 2015,RATHINAMMAL STREET,13.048011,80.220182,132,Ward 132 (Kodambakkam),10,Kodambakkam,waterlogging,high,Data Unavailable,Data Unavailable,RATHINAMMAL STREET,Greater Chennai Corporation (GCC) 2015 Water Stagnation Locations,GCC-2015-STAG,https://data.opencity.in/dataset/866141ab-3a3f-4dc0-8092-421d97ba29a2/resource/b5f39598-2e2d-40c5-82c3-806a1ad65c91/download/db3840ff-9f33-43a3-b826-2f9dae1bcb78.kml,VERIFIED INCIDENT,OFFICIALLY_VERIFIED,HIGH,True,OFFICIAL_HISTORICAL_RECORD
CHN-INC-1613,GCC-2015-STAG-0613,2015-12-01,Chennai Floods 2015,"RANGARAJA PURAM MAIN ROAD,Azeez Nagar",13.047423,80.22311,132,Ward 132 (Kodambakkam),10,Kodambakkam,waterlogging,high,Data Unavailable,Data Unavailable,"RANGARAJA PURAM MAIN ROAD,Azeez Nagar",Greater Chennai Corporation (GCC) 2015 Water Stagnation Locations,GCC-2015-STAG,https://data.opencity.in/dataset/866141ab-3a3f-4dc0-8092-421d97ba29a2/resource/b5f39598-2e2d-40c5-82c3-806a1ad65c91/download/db3840ff-9f33-43a3-b826-2f9dae1bcb78.kml,VERIFIED INCIDENT,OFFICIALLY_VERIFIED,HIGH,True,OFFICIAL_HISTORICAL_RECORD
CHN-INC-1614,GCC-2015-STAG-0614,2015-12-01,Chennai Floods 2015,RAILWAY BORDER ROAD,13.052099,80.230364,132,Ward 132 (Kodambakkam),10,Kodambakkam,waterlogging,high,Data Unavailable,Data Unavailable,RAILWAY BORDER ROAD,Greater Chennai Corporation (GCC) 2015 Water Stagnation Locations,GCC-2015-STAG,https://data.opencity.in/dataset/866141ab-3a3f-4dc0-8092-421d97ba29a2/resource/b5f39598-2e2d-40c5-82c3-806a1ad65c91/download/db3840ff-9f33-43a3-b826-2f9dae1bcb78.kml,VERIFIED INCIDENT,OFFICIALLY_VERIFIED,HIGH,True,OFFICIAL_HISTORICAL_RECORD
CHN-INC-1615,GCC-2015-STAG-0615,2015-12-01,Chennai Floods 2015,Valliammal Garden,13.045972,80.226815,132,Ward 132 (Kodambakkam),10,Kodambakkam,waterlogging,high,Data Unavailable,Data Unavailable,Valliammal Garden,Greater Chennai Corporation (GCC) 2015 Water Stagnation Locations,GCC-2015-STAG,https://data.opencity.in/dataset/866141ab-3a3f-4dc0-8092-421d97ba29a2/resource/b5f39598-2e2d-40c5-82c3-806a1ad65c91/download/db3840ff-9f33-43a3-b826-2f9dae1bcb78.kml,VERIFIED INCIDENT,OFFICIALLY_VERIFIED,HIGH,True,OFFICIAL_HISTORICAL_RECORD
CHN-INC-1616,GCC-2015-STAG-0616,2015-12-01,Chennai Floods 2015,ARCOT ROAD,13.053525,80.225071,132,Ward 132 (Kodambakkam),10,Kodambakkam,waterlogging,high,Data Unavailable,Data Unavailable,ARCOT ROAD,Greater Chennai Corporation (GCC) 2015 Water Stagnation Locations,GCC-2015-STAG,https://data.opencity.in/dataset/866141ab-3a3f-4dc0-8092-421d97ba29a2/resource/b5f39598-2e2d-40c5-82c3-806a1ad65c91/download/db3840ff-9f33-43a3-b826-2f9dae1bcb78.kml,VERIFIED INCIDENT,OFFICIALLY_VERIFIED,HIGH,True,OFFICIAL_HISTORICAL_RECORD
CHN-INC-1617,GCC-2015-STAG-0617,2015-12-01,Chennai Floods 2015,POSTAL COLONY 2ND STREET,13.03646,80.219622,134,Ward 134 (Kodambakkam),10,Kodambakkam,waterlogging,high,Data Unavailable,Data Unavailable,POSTAL COLONY 2ND STREET,Greater Chennai Corporation (GCC) 2015 Water Stagnation Locations,GCC-2015-STAG,https://data.opencity.in/dataset/866141ab-3a3f-4dc0-8092-421d97ba29a2/resource/b5f39598-2e2d-40c5-82c3-806a1ad65c91/download/db3840ff-9f33-43a3-b826-2f9dae1bcb78.kml,VERIFIED INCIDENT,OFFICIALLY_VERIFIED,HIGH,True,OFFICIAL_HISTORICAL_RECORD
CHN-INC-1618,GCC-2015-STAG-0618,2015-12-01,Chennai Floods 2015,THAMBIAH ROAD,13.039533,80.223851,134,Ward 134 (Kodambakkam),10,Kodambakkam,waterlogging,high,Data Unavailable,Data Unavailable,THAMBIAH ROAD,Greater Chennai Corporation (GCC) 2015 Water Stagnation Locations,GCC-2015-STAG,https://data.opencity.in/dataset/866141ab-3a3f-4dc0-8092-421d97ba29a2/resource/b5f39598-2e2d-40c5-82c3-806a1ad65c91/download/db3840ff-9f33-43a3-b826-2f9dae1bcb78.kml,VERIFIED INCIDENT,OFFICIALLY_VERIFIED,HIGH,True,OFFICIAL_HISTORICAL_RECORD
CHN-INC-1619,GCC-2015-STAG-0619,2015-12-01,Chennai Floods 2015,SRINIVASA PILLAI STREET,13.039482,80.222233,134,Ward 134 (Kodambakkam),10,Kodambakkam,waterlogging,high,Data Unavailable,Data Unavailable,SRINIVASA PILLAI STREET,Greater Chennai Corporation (GCC) 2015 Water Stagnation Locations,GCC-2015-STAG,https://data.opencity.in/dataset/866141ab-3a3f-4dc0-8092-421d97ba29a2/resource/b5f39598-2e2d-40c5-82c3-806a1ad65c91/download/db3840ff-9f33-43a3-b826-2f9dae1bcb78.kml,VERIFIED INCIDENT,OFFICIALLY_VERIFIED,HIGH,True,OFFICIAL_HISTORICAL_RECORD
CHN-INC-1620,GCC-2015-STAG-0620,2015-12-01,Chennai Floods 2015,BRINDAVAN STREET,13.042229,80.224515,134,Ward 134 (Kodambakkam),10,Kodambakkam,waterlogging,high,Data Unavailable,Data Unavailable,BRINDAVAN STREET,Greater Chennai Corporation (GCC) 2015 Water Stagnation Locations,GCC-2015-STAG,https://data.opencity.in/dataset/866141ab-3a3f-4dc0-8092-421d97ba29a2/resource/b5f39598-2e2d-40c5-82c3-806a1ad65c91/download/db3840ff-9f33-43a3-b826-2f9dae1bcb78.kml,VERIFIED INCIDENT,OFFICIALLY_VERIFIED,HIGH,True,OFFICIAL_HISTORICAL_RECORD
CHN-INC-1621,GCC-2015-STAG-0621,2015-12-01,Chennai Floods 2015,NORTH USMAN STREET,13.045891,80.232921,133,Ward 133 (Kodambakkam),10,Kodambakkam,waterlogging,high,Data Unavailable,Data Unavailable,NORTH USMAN STREET,Greater Chennai Corporation (GCC) 2015 Water Stagnation Locations,GCC-2015-STAG,https://data.opencity.in/dataset/866141ab-3a3f-4dc0-8092-421d97ba29a2/resource/b5f39598-2e2d-40c5-82c3-806a1ad65c91/download/db3840ff-9f33-43a3-b826-2f9dae1bcb78.kml,VERIFIED INCIDENT,OFFICIALLY_VERIFIED,HIGH,True,OFFICIAL_HISTORICAL_RECORD
CHN-INC-1622,GCC-2015-STAG-0622,2015-12-01,Chennai Floods 2015,"Ragaviah Road,",13.043199,80.235673,133,Ward 133 (Kodambakkam),10,Kodambakkam,waterlogging,high,Data Unavailable,Data Unavailable,"Ragaviah Road,",Greater Chennai Corporation (GCC) 2015 Water Stagnation Locations,GCC-2015-STAG,https://data.opencity.in/dataset/866141ab-3a3f-4dc0-8092-421d97ba29a2/resource/b5f39598-2e2d-40c5-82c3-806a1ad65c91/download/db3840ff-9f33-43a3-b826-2f9dae1bcb78.kml,VERIFIED INCIDENT,OFFICIALLY_VERIFIED,HIGH,True,OFFICIAL_HISTORICAL_RECORD
CHN-INC-1623,GCC-2015-STAG-0623,2015-12-01,Chennai Floods 2015,Ramasamy salai,13.041425,80.196171,137,Ward 137 (Kodambakkam),10,Kodambakkam,waterlogging,high,Data Unavailable,Data Unavailable,Ramasamy salai,Greater Chennai Corporation (GCC) 2015 Water Stagnation Locations,GCC-2015-STAG,https://data.opencity.in/dataset/866141ab-3a3f-4dc0-8092-421d97ba29a2/resource/b5f39598-2e2d-40c5-82c3-806a1ad65c91/download/db3840ff-9f33-43a3-b826-2f9dae1bcb78.kml,VERIFIED INCIDENT,OFFICIALLY_VERIFIED,HIGH,True,OFFICIAL_HISTORICAL_RECORD
CHN-INC-1624,GCC-2015-STAG-0624,2015-12-01,Chennai Floods 2015,LAKSHMANASAMY SALAI,13.039413,80.196258,137,Ward 137 (Kodambakkam),10,Kodambakkam,waterlogging,high,Data Unavailable,Data Unavailable,LAKSHMANASAMY SALAI,Greater Chennai Corporation (GCC) 2015 Water Stagnation Locations,GCC-2015-STAG,https://data.opencity.in/dataset/866141ab-3a3f-4dc0-8092-421d97ba29a2/resource/b5f39598-2e2d-40c5-82c3-806a1ad65c91/download/db3840ff-9f33-43a3-b826-2f9dae1bcb78.kml,VERIFIED INCIDENT,OFFICIALLY_VERIFIED,HIGH,True,OFFICIAL_HISTORICAL_RECORD
CHN-INC-1625,GCC-2015-STAG-0625,2015-12-01,Chennai Floods 2015,RAJAMANNAR SALAI,13.04415,80.195496,137,Ward 137 (Kodambakkam),10,Kodambakkam,waterlogging,high,Data Unavailable,Data Unavailable,RAJAMANNAR SALAI,Greater Chennai Corporation (GCC) 2015 Water Stagnation Locations,GCC-2015-STAG,https://data.opencity.in/dataset/866141ab-3a3f-4dc0-8092-421d97ba29a2/resource/b5f39598-2e2d-40c5-82c3-806a1ad65c91/download/db3840ff-9f33-43a3-b826-2f9dae1bcb78.kml,VERIFIED INCIDENT,OFFICIALLY_VERIFIED,HIGH,True,OFFICIAL_HISTORICAL_RECORD
CHN-INC-1626,GCC-2015-STAG-0626,2015-12-01,Chennai Floods 2015,Rajiv Gandhi Nagar,13.032261,80.189121,137,Ward 137 (Kodambakkam),10,Kodambakkam,waterlogging,high,Data Unavailable,Data Unavailable,Rajiv Gandhi Nagar,Greater Chennai Corporation (GCC) 2015 Water Stagnation Locations,GCC-2015-STAG,https://data.opencity.in/dataset/866141ab-3a3f-4dc0-8092-421d97ba29a2/resource/b5f39598-2e2d-40c5-82c3-806a1ad65c91/download/db3840ff-9f33-43a3-b826-2f9dae1bcb78.kml,VERIFIED INCIDENT,OFFICIALLY_VERIFIED,HIGH,True,OFFICIAL_HISTORICAL_RECORD
CHN-INC-1627,GCC-2015-STAG-0627,2015-12-01,Chennai Floods 2015,E.S.I.,13.034528,80.207784,138,Ward 138 (Kodambakkam),10,Kodambakkam,waterlogging,high,Data Unavailable,Data Unavailable,E.S.I.,Greater Chennai Corporation (GCC) 2015 Water Stagnation Locations,GCC-2015-STAG,https://data.opencity.in/dataset/866141ab-3a3f-4dc0-8092-421d97ba29a2/resource/b5f39598-2e2d-40c5-82c3-806a1ad65c91/download/db3840ff-9f33-43a3-b826-2f9dae1bcb78.kml,VERIFIED INCIDENT,OFFICIALLY_VERIFIED,HIGH,True,OFFICIAL_HISTORICAL_RECORD
CHN-INC-1628,GCC-2015-STAG-0628,2015-12-01,Chennai Floods 2015,L.B road III street,12.989013,80.255395,173,Ward 173 (Adyar),13,Adyar,waterlogging,high,Data Unavailable,Data Unavailable,L.B road III street,Greater Chennai Corporation (GCC) 2015 Water Stagnation Locations,GCC-2015-STAG,https://data.opencity.in/dataset/866141ab-3a3f-4dc0-8092-421d97ba29a2/resource/b5f39598-2e2d-40c5-82c3-806a1ad65c91/download/db3840ff-9f33-43a3-b826-2f9dae1bcb78.kml,VERIFIED INCIDENT,OFFICIALLY_VERIFIED,HIGH,True,OFFICIAL_HISTORICAL_RECORD
CHN-INC-1629,GCC-2015-STAG-0629,2015-12-01,Chennai Floods 2015,Indra Gandhi nagar,12.982724,80.237239,178,Ward 178 (Adyar),13,Adyar,waterlogging,high,Data Unavailable,Data Unavailable,Indra Gandhi nagar,Greater Chennai Corporation (GCC) 2015 Water Stagnation Locations,GCC-2015-STAG,https://data.opencity.in/dataset/866141ab-3a3f-4dc0-8092-421d97ba29a2/resource/b5f39598-2e2d-40c5-82c3-806a1ad65c91/download/db3840ff-9f33-43a3-b826-2f9dae1bcb78.kml,VERIFIED INCIDENT,OFFICIALLY_VERIFIED,HIGH,True,OFFICIAL_HISTORICAL_RECORD
CHN-INC-1630,GCC-2015-STAG-0630,2015-12-01,Chennai Floods 2015,VII avenue,12.996195,80.263238,179,Ward 179 (Adyar),13,Adyar,waterlogging,high,Data Unavailable,Data Unavailable,VII avenue,Greater Chennai Corporation (GCC) 2015 Water Stagnation Locations,GCC-2015-STAG,https://data.opencity.in/dataset/866141ab-3a3f-4dc0-8092-421d97ba29a2/resource/b5f39598-2e2d-40c5-82c3-806a1ad65c91/download/db3840ff-9f33-43a3-b826-2f9dae1bcb78.kml,VERIFIED INCIDENT,OFFICIALLY_VERIFIED,HIGH,True,OFFICIAL_HISTORICAL_RECORD
CHN-INC-1631,GCC-2015-STAG-0631,2015-12-01,Chennai Floods 2015,R.K.Nagar main road,12.993728,80.258517,179,Ward 179 (Adyar),13,Adyar,waterlogging,high,Data Unavailable,Data Unavailable,R.K.Nagar main road,Greater Chennai Corporation (GCC) 2015 Water Stagnation Locations,GCC-2015-STAG,https://data.opencity.in/dataset/866141ab-3a3f-4dc0-8092-421d97ba29a2/resource/b5f39598-2e2d-40c5-82c3-806a1ad65c91/download/db3840ff-9f33-43a3-b826-2f9dae1bcb78.kml,VERIFIED INCIDENT,OFFICIALLY_VERIFIED,HIGH,True,OFFICIAL_HISTORICAL_RECORD
CHN-INC-1632,GCC-2015-STAG-0632,2015-12-01,Chennai Floods 2015,Valmigi street,12.988187,80.259955,179,Ward 179 (Adyar),13,Adyar,waterlogging,high,Data Unavailable,Data Unavailable,Valmigi street,Greater Chennai Corporation (GCC) 2015 Water Stagnation Locations,GCC-2015-STAG,https://data.opencity.in/dataset/866141ab-3a3f-4dc0-8092-421d97ba29a2/resource/b5f39598-2e2d-40c5-82c3-806a1ad65c91/download/db3840ff-9f33-43a3-b826-2f9dae1bcb78.kml,VERIFIED INCIDENT,OFFICIALLY_VERIFIED,HIGH,True,OFFICIAL_HISTORICAL_RECORD
CHN-INC-1633,GCC-2015-STAG-0633,2015-12-01,Chennai Floods 2015,Kalakshetra colony I streets,12.989731,80.259365,179,Ward 179 (Adyar),13,Adyar,waterlogging,high,Data Unavailable,Data Unavailable,Kalakshetra colony I streets,Greater Chennai Corporation (GCC) 2015 Water Stagnation Locations,GCC-2015-STAG,https://data.opencity.in/dataset/866141ab-3a3f-4dc0-8092-421d97ba29a2/resource/b5f39598-2e2d-40c5-82c3-806a1ad65c91/download/db3840ff-9f33-43a3-b826-2f9dae1bcb78.kml,VERIFIED INCIDENT,OFFICIALLY_VERIFIED,HIGH,True,OFFICIAL_HISTORICAL_RECORD
CHN-INC-1634,GCC-2015-STAG-0634,2015-12-01,Chennai Floods 2015,Thiruvalluvar nagar,12.977586,80.263753,180,Ward 180 (Adyar),13,Adyar,waterlogging,high,Data Unavailable,Data Unavailable,Thiruvalluvar nagar,Greater Chennai Corporation (GCC) 2015 Water Stagnation Locations,GCC-2015-STAG,https://data.opencity.in/dataset/866141ab-3a3f-4dc0-8092-421d97ba29a2/resource/b5f39598-2e2d-40c5-82c3-806a1ad65c91/download/db3840ff-9f33-43a3-b826-2f9dae1bcb78.kml,VERIFIED INCIDENT,OFFICIALLY_VERIFIED,HIGH,True,OFFICIAL_HISTORICAL_RECORD
CHN-INC-1635,GCC-2015-STAG-0635,2015-12-01,Chennai Floods 2015,Journalist olony,12.974366,80.260363,180,Ward 180 (Adyar),13,Adyar,waterlogging,high,Data Unavailable,Data Unavailable,Journalist olony,Greater Chennai Corporation (GCC) 2015 Water Stagnation Locations,GCC-2015-STAG,https://data.opencity.in/dataset/866141ab-3a3f-4dc0-8092-421d97ba29a2/resource/b5f39598-2e2d-40c5-82c3-806a1ad65c91/download/db3840ff-9f33-43a3-b826-2f9dae1bcb78.kml,VERIFIED INCIDENT,OFFICIALLY_VERIFIED,HIGH,True,OFFICIAL_HISTORICAL_RECORD
CHN-INC-1636,GCC-2015-STAG-0636,2015-12-01,Chennai Floods 2015,Bharathidasan street,12.982447,80.260293,180,Ward 180 (Adyar),13,Adyar,waterlogging,high,Data Unavailable,Data Unavailable,Bharathidasan street,Greater Chennai Corporation (GCC) 2015 Water Stagnation Locations,GCC-2015-STAG,https://data.opencity.in/dataset/866141ab-3a3f-4dc0-8092-421d97ba29a2/resource/b5f39598-2e2d-40c5-82c3-806a1ad65c91/download/db3840ff-9f33-43a3-b826-2f9dae1bcb78.kml,VERIFIED INCIDENT,OFFICIALLY_VERIFIED,HIGH,True,OFFICIAL_HISTORICAL_RECORD
CHN-INC-1637,GCC-2015-STAG-0637,2015-12-01,Chennai Floods 2015,Ganapathy colony,12.976781,80.25458,180,Ward 180 (Adyar),13,Adyar,waterlogging,high,Data Unavailable,Data Unavailable,Ganapathy colony,Greater Chennai Corporation (GCC) 2015 Water Stagnation Locations,GCC-2015-STAG,https://data.opencity.in/dataset/866141ab-3a3f-4dc0-8092-421d97ba29a2/resource/b5f39598-2e2d-40c5-82c3-806a1ad65c91/download/db3840ff-9f33-43a3-b826-2f9dae1bcb78.kml,VERIFIED INCIDENT,OFFICIALLY_VERIFIED,HIGH,True,OFFICIAL_HISTORICAL_RECORD
CHN-INC-1638,GCC-2015-STAG-0638,2015-12-01,Chennai Floods 2015,West Kamarajapuram,12.985615,80.254912,173,Ward 173 (Adyar),13,Adyar,waterlogging,high,Data Unavailable,Data Unavailable,West Kamarajapuram,Greater Chennai Corporation (GCC) 2015 Water Stagnation Locations,GCC-2015-STAG,https://data.opencity.in/dataset/866141ab-3a3f-4dc0-8092-421d97ba29a2/resource/b5f39598-2e2d-40c5-82c3-806a1ad65c91/download/db3840ff-9f33-43a3-b826-2f9dae1bcb78.kml,VERIFIED INCIDENT,OFFICIALLY_VERIFIED,HIGH,True,OFFICIAL_HISTORICAL_RECORD
CHN-INC-1639,GCC-2015-STAG-0639,2015-12-01,Chennai Floods 2015,Kalakshetra colony II streets,12.990254,80.260274,179,Ward 179 (Adyar),13,Adyar,waterlogging,high,Data Unavailable,Data Unavailable,Kalakshetra colony II streets,Greater Chennai Corporation (GCC) 2015 Water Stagnation Locations,GCC-2015-STAG,https://data.opencity.in/dataset/866141ab-3a3f-4dc0-8092-421d97ba29a2/resource/b5f39598-2e2d-40c5-82c3-806a1ad65c91/download/db3840ff-9f33-43a3-b826-2f9dae1bcb78.kml,VERIFIED INCIDENT,OFFICIALLY_VERIFIED,HIGH,True,OFFICIAL_HISTORICAL_RECORD
CHN-INC-1640,GCC-2015-STAG-0640,2015-12-01,Chennai Floods 2015,Kalakshetra colony III streets,12.990131,80.260652,179,Ward 179 (Adyar),13,Adyar,waterlogging,high,Data Unavailable,Data Unavailable,Kalakshetra colony III streets,Greater Chennai Corporation (GCC) 2015 Water Stagnation Locations,GCC-2015-STAG,https://data.opencity.in/dataset/866141ab-3a3f-4dc0-8092-421d97ba29a2/resource/b5f39598-2e2d-40c5-82c3-806a1ad65c91/download/db3840ff-9f33-43a3-b826-2f9dae1bcb78.kml,VERIFIED INCIDENT,OFFICIALLY_VERIFIED,HIGH,True,OFFICIAL_HISTORICAL_RECORD
CHN-INC-1641,GCC-2015-STAG-0641,2015-12-01,Chennai Floods 2015,Kanagam - Housing board,12.992975,80.241823,178,Ward 178 (Adyar),13,Adyar,waterlogging,high,Data Unavailable,Data Unavailable,Kanagam - Housing board,Greater Chennai Corporation (GCC) 2015 Water Stagnation Locations,GCC-2015-STAG,https://data.opencity.in/dataset/866141ab-3a3f-4dc0-8092-421d97ba29a2/resource/b5f39598-2e2d-40c5-82c3-806a1ad65c91/download/db3840ff-9f33-43a3-b826-2f9dae1bcb78.kml,VERIFIED INCIDENT,OFFICIALLY_VERIFIED,HIGH,True,OFFICIAL_HISTORICAL_RECORD
CHN-INC-1642,GCC-2015-STAG-0642,2015-12-01,Chennai Floods 2015,I seaward road,12.982562,80.26444,180,Ward 180 (Adyar),13,Adyar,waterlogging,high,Data Unavailable,Data Unavailable,I seaward road,Greater Chennai Corporation (GCC) 2015 Water Stagnation Locations,GCC-2015-STAG,https://data.opencity.in/dataset/866141ab-3a3f-4dc0-8092-421d97ba29a2/resource/b5f39598-2e2d-40c5-82c3-806a1ad65c91/download/db3840ff-9f33-43a3-b826-2f9dae1bcb78.kml,VERIFIED INCIDENT,OFFICIALLY_VERIFIED,HIGH,True,OFFICIAL_HISTORICAL_RECORD
CHN-INC-1643,GCC-2015-STAG-0643,2015-12-01,Chennai Floods 2015,Rajaji nagar,12.979018,80.257326,180,Ward 180 (Adyar),13,Adyar,waterlogging,high,Data Unavailable,Data Unavailable,Rajaji nagar,Greater Chennai Corporation (GCC) 2015 Water Stagnation Locations,GCC-2015-STAG,https://data.opencity.in/dataset/866141ab-3a3f-4dc0-8092-421d97ba29a2/resource/b5f39598-2e2d-40c5-82c3-806a1ad65c91/download/db3840ff-9f33-43a3-b826-2f9dae1bcb78.kml,VERIFIED INCIDENT,OFFICIALLY_VERIFIED,HIGH,True,OFFICIAL_HISTORICAL_RECORD
CHN-INC-1644,GCC-2015-STAG-0644,2015-12-01,Chennai Floods 2015,jeyachandran nagar 3rd main rd,12.922921,80.198534,191,Ward 191 (Perungudi),14,Perungudi,waterlogging,high,Data Unavailable,Data Unavailable,jeyachandran nagar 3rd main rd,Greater Chennai Corporation (GCC) 2015 Water Stagnation Locations,GCC-2015-STAG,https://data.opencity.in/dataset/866141ab-3a3f-4dc0-8092-421d97ba29a2/resource/b5f39598-2e2d-40c5-82c3-806a1ad65c91/download/db3840ff-9f33-43a3-b826-2f9dae1bcb78.kml,VERIFIED INCIDENT,OFFICIALLY_VERIFIED,HIGH,True,OFFICIAL_HISTORICAL_RECORD
CHN-INC-1645,GCC-2015-STAG-0645,2015-12-01,Chennai Floods 2015,Medavakkam Main Road,12.975297,80.192524,185,Ward 185 (Perungudi),14,Perungudi,waterlogging,high,Data Unavailable,Data Unavailable,Medavakkam Main Road,Greater Chennai Corporation (GCC) 2015 Water Stagnation Locations,GCC-2015-STAG,https://data.opencity.in/dataset/866141ab-3a3f-4dc0-8092-421d97ba29a2/resource/b5f39598-2e2d-40c5-82c3-806a1ad65c91/download/db3840ff-9f33-43a3-b826-2f9dae1bcb78.kml,VERIFIED INCIDENT,OFFICIALLY_VERIFIED,HIGH,True,OFFICIAL_HISTORICAL_RECORD
CHN-INC-1646,GCC-2015-STAG-0646,2015-12-01,Chennai Floods 2015,Ramakrishna Raj Nagar,12.967507,80.207205,186,Ward 186 (Perungudi),14,Perungudi,waterlogging,high,Data Unavailable,Data Unavailable,Ramakrishna Raj Nagar,Greater Chennai Corporation (GCC) 2015 Water Stagnation Locations,GCC-2015-STAG,https://data.opencity.in/dataset/866141ab-3a3f-4dc0-8092-421d97ba29a2/resource/b5f39598-2e2d-40c5-82c3-806a1ad65c91/download/db3840ff-9f33-43a3-b826-2f9dae1bcb78.kml,VERIFIED INCIDENT,OFFICIALLY_VERIFIED,HIGH,True,OFFICIAL_HISTORICAL_RECORD
CHN-INC-1647,GCC-2015-STAG-0647,2015-12-01,Chennai Floods 2015,Ram Nagar North,12.968976,80.213134,186,Ward 186 (Perungudi),14,Perungudi,waterlogging,high,Data Unavailable,Data Unavailable,Ram Nagar North,Greater Chennai Corporation (GCC) 2015 Water Stagnation Locations,GCC-2015-STAG,https://data.opencity.in/dataset/866141ab-3a3f-4dc0-8092-421d97ba29a2/resource/b5f39598-2e2d-40c5-82c3-806a1ad65c91/download/db3840ff-9f33-43a3-b826-2f9dae1bcb78.kml,VERIFIED INCIDENT,OFFICIALLY_VERIFIED,HIGH,True,OFFICIAL_HISTORICAL_RECORD
CHN-INC-1648,GCC-2015-STAG-0648,2015-12-01,Chennai Floods 2015,Ramalingam Nagar,12.967487,80.208303,186,Ward 186 (Perungudi),14,Perungudi,waterlogging,high,Data Unavailable,Data Unavailable,Ramalingam Nagar,Greater Chennai Corporation (GCC) 2015 Water Stagnation Locations,GCC-2015-STAG,https://data.opencity.in/dataset/866141ab-3a3f-4dc0-8092-421d97ba29a2/resource/b5f39598-2e2d-40c5-82c3-806a1ad65c91/download/db3840ff-9f33-43a3-b826-2f9dae1bcb78.kml,VERIFIED INCIDENT,OFFICIALLY_VERIFIED,HIGH,True,OFFICIAL_HISTORICAL_RECORD
CHN-INC-1649,GCC-2015-STAG-0649,2015-12-01,Chennai Floods 2015,"Balaji Nagar, Madipakkam, Chennai, Tamil Nadu,",12.976,80.203146,186,Ward 186 (Perungudi),14,Perungudi,waterlogging,high,Data Unavailable,Data Unavailable,"Balaji Nagar, Madipakkam, Chennai, Tamil Nadu,",Greater Chennai Corporation (GCC) 2015 Water Stagnation Locations,GCC-2015-STAG,https://data.opencity.in/dataset/866141ab-3a3f-4dc0-8092-421d97ba29a2/resource/b5f39598-2e2d-40c5-82c3-806a1ad65c91/download/db3840ff-9f33-43a3-b826-2f9dae1bcb78.kml,VERIFIED INCIDENT,OFFICIALLY_VERIFIED,HIGH,True,OFFICIAL_HISTORICAL_RECORD
CHN-INC-1650,GCC-2015-STAG-0650,2015-12-01,Chennai Floods 2015,Hindu Colony,12.974539,80.198263,186,Ward 186 (Perungudi),14,Perungudi,waterlogging,high,Data Unavailable,Data Unavailable,Hindu Colony,Greater Chennai Corporation (GCC) 2015 Water Stagnation Locations,GCC-2015-STAG,https://data.opencity.in/dataset/866141ab-3a3f-4dc0-8092-421d97ba29a2/resource/b5f39598-2e2d-40c5-82c3-806a1ad65c91/download/db3840ff-9f33-43a3-b826-2f9dae1bcb78.kml,VERIFIED INCIDENT,OFFICIALLY_VERIFIED,HIGH,True,OFFICIAL_HISTORICAL_RECORD
CHN-INC-1651,GCC-2015-STAG-0651,2015-12-01,Chennai Floods 2015,Sreenivasa Nagar,12.966233,80.213465,186,Ward 186 (Perungudi),14,Perungudi,waterlogging,high,Data Unavailable,Data Unavailable,Sreenivasa Nagar,Greater Chennai Corporation (GCC) 2015 Water Stagnation Locations,GCC-2015-STAG,https://data.opencity.in/dataset/866141ab-3a3f-4dc0-8092-421d97ba29a2/resource/b5f39598-2e2d-40c5-82c3-806a1ad65c91/download/db3840ff-9f33-43a3-b826-2f9dae1bcb78.kml,VERIFIED INCIDENT,OFFICIALLY_VERIFIED,HIGH,True,OFFICIAL_HISTORICAL_RECORD
CHN-INC-1652,GCC-2015-STAG-0652,2015-12-01,Chennai Floods 2015,OMR Jayandra Colony,12.970799,80.250223,181,Ward 181 (Perungudi),14,Perungudi,waterlogging,high,Data Unavailable,Data Unavailable,OMR Jayandra Colony,Greater Chennai Corporation (GCC) 2015 Water Stagnation Locations,GCC-2015-STAG,https://data.opencity.in/dataset/866141ab-3a3f-4dc0-8092-421d97ba29a2/resource/b5f39598-2e2d-40c5-82c3-806a1ad65c91/download/db3840ff-9f33-43a3-b826-2f9dae1bcb78.kml,VERIFIED INCIDENT,OFFICIALLY_VERIFIED,HIGH,True,OFFICIAL_HISTORICAL_RECORD
CHN-INC-1653,GCC-2015-STAG-0653,2015-12-01,Chennai Floods 2015,MGR salai EB Office,12.976116,80.244657,182,Ward 182 (Perungudi),14,Perungudi,waterlogging,high,Data Unavailable,Data Unavailable,MGR salai EB Office,Greater Chennai Corporation (GCC) 2015 Water Stagnation Locations,GCC-2015-STAG,https://data.opencity.in/dataset/866141ab-3a3f-4dc0-8092-421d97ba29a2/resource/b5f39598-2e2d-40c5-82c3-806a1ad65c91/download/db3840ff-9f33-43a3-b826-2f9dae1bcb78.kml,VERIFIED INCIDENT,OFFICIALLY_VERIFIED,HIGH,True,OFFICIAL_HISTORICAL_RECORD
CHN-INC-1654,GCC-2015-STAG-0654,2015-12-01,Chennai Floods 2015,kolavilliamman Nagar,12.962382,80.252732,183,Ward 183 (Perungudi),14,Perungudi,waterlogging,high,Data Unavailable,Data Unavailable,kolavilliamman Nagar,Greater Chennai Corporation (GCC) 2015 Water Stagnation Locations,GCC-2015-STAG,https://data.opencity.in/dataset/866141ab-3a3f-4dc0-8092-421d97ba29a2/resource/b5f39598-2e2d-40c5-82c3-806a1ad65c91/download/db3840ff-9f33-43a3-b826-2f9dae1bcb78.kml,VERIFIED INCIDENT,OFFICIALLY_VERIFIED,HIGH,True,OFFICIAL_HISTORICAL_RECORD
CHN-INC-1655,GCC-2015-STAG-0655,2015-12-01,Chennai Floods 2015,Kandasamy Nagar,12.96652,80.254961,183,Ward 183 (Perungudi),14,Perungudi,waterlogging,high,Data Unavailable,Data Unavailable,Kandasamy Nagar,Greater Chennai Corporation (GCC) 2015 Water Stagnation Locations,GCC-2015-STAG,https://data.opencity.in/dataset/866141ab-3a3f-4dc0-8092-421d97ba29a2/resource/b5f39598-2e2d-40c5-82c3-806a1ad65c91/download/db3840ff-9f33-43a3-b826-2f9dae1bcb78.kml,VERIFIED INCIDENT,OFFICIALLY_VERIFIED,HIGH,True,OFFICIAL_HISTORICAL_RECORD
CHN-INC-1656,GCC-2015-STAG-0656,2015-12-01,Chennai Floods 2015,Venkateswara Nagar,12.951658,80.245665,182,Ward 182 (Perungudi),14,Perungudi,waterlogging,high,Data Unavailable,Data Unavailable,Venkateswara Nagar,Greater Chennai Corporation (GCC) 2015 Water Stagnation Locations,GCC-2015-STAG,https://data.opencity.in/dataset/866141ab-3a3f-4dc0-8092-421d97ba29a2/resource/b5f39598-2e2d-40c5-82c3-806a1ad65c91/download/db3840ff-9f33-43a3-b826-2f9dae1bcb78.kml,VERIFIED INCIDENT,OFFICIALLY_VERIFIED,HIGH,True,OFFICIAL_HISTORICAL_RECORD
CHN-INC-1657,GCC-2015-STAG-0657,2015-12-01,Chennai Floods 2015,Rajiv nagar 2nd main raod,12.957825,80.23659,184,Ward 184 (Perungudi),14,Perungudi,waterlogging,high,Data Unavailable,Data Unavailable,Rajiv nagar 2nd main raod,Greater Chennai Corporation (GCC) 2015 Water Stagnation Locations,GCC-2015-STAG,https://data.opencity.in/dataset/866141ab-3a3f-4dc0-8092-421d97ba29a2/resource/b5f39598-2e2d-40c5-82c3-806a1ad65c91/download/db3840ff-9f33-43a3-b826-2f9dae1bcb78.kml,VERIFIED INCIDENT,OFFICIALLY_VERIFIED,HIGH,True,OFFICIAL_HISTORICAL_RECORD
CHN-INC-1658,GCC-2015-STAG-0658,2015-12-01,Chennai Floods 2015,Elim nagar,12.960579,80.238353,184,Ward 184 (Perungudi),14,Perungudi,waterlogging,high,Data Unavailable,Data Unavailable,Elim nagar,Greater Chennai Corporation (GCC) 2015 Water Stagnation Locations,GCC-2015-STAG,https://data.opencity.in/dataset/866141ab-3a3f-4dc0-8092-421d97ba29a2/resource/b5f39598-2e2d-40c5-82c3-806a1ad65c91/download/db3840ff-9f33-43a3-b826-2f9dae1bcb78.kml,VERIFIED INCIDENT,OFFICIALLY_VERIFIED,HIGH,True,OFFICIAL_HISTORICAL_RECORD
CHN-INC-1659,GCC-2015-STAG-0659,2015-12-01,Chennai Floods 2015,"L I C Nagar, madipakkam",12.953586,80.202152,188,Ward 188 (Perungudi),14,Perungudi,waterlogging,high,Data Unavailable,Data Unavailable,"L I C Nagar, madipakkam",Greater Chennai Corporation (GCC) 2015 Water Stagnation Locations,GCC-2015-STAG,https://data.opencity.in/dataset/866141ab-3a3f-4dc0-8092-421d97ba29a2/resource/b5f39598-2e2d-40c5-82c3-806a1ad65c91/download/db3840ff-9f33-43a3-b826-2f9dae1bcb78.kml,VERIFIED INCIDENT,OFFICIALLY_VERIFIED,HIGH,True,OFFICIAL_HISTORICAL_RECORD
CHN-INC-1660,GCC-2015-STAG-0660,2015-12-01,Chennai Floods 2015,Periyar nagar Extn. 3rd Street,12.957338,80.201644,188,Ward 188 (Perungudi),14,Perungudi,waterlogging,high,Data Unavailable,Data Unavailable,Periyar nagar Extn. 3rd Street,Greater Chennai Corporation (GCC) 2015 Water Stagnation Locations,GCC-2015-STAG,https://data.opencity.in/dataset/866141ab-3a3f-4dc0-8092-421d97ba29a2/resource/b5f39598-2e2d-40c5-82c3-806a1ad65c91/download/db3840ff-9f33-43a3-b826-2f9dae1bcb78.kml,VERIFIED INCIDENT,OFFICIALLY_VERIFIED,HIGH,True,OFFICIAL_HISTORICAL_RECORD
CHN-INC-1661,GCC-2015-STAG-0661,2015-12-01,Chennai Floods 2015,Rajesh Nagar,12.943577,80.206614,189,Ward 189 (Perungudi),14,Perungudi,waterlogging,high,Data Unavailable,Data Unavailable,Rajesh Nagar,Greater Chennai Corporation (GCC) 2015 Water Stagnation Locations,GCC-2015-STAG,https://data.opencity.in/dataset/866141ab-3a3f-4dc0-8092-421d97ba29a2/resource/b5f39598-2e2d-40c5-82c3-806a1ad65c91/download/db3840ff-9f33-43a3-b826-2f9dae1bcb78.kml,VERIFIED INCIDENT,OFFICIALLY_VERIFIED,HIGH,True,OFFICIAL_HISTORICAL_RECORD
CHN-INC-1662,GCC-2015-STAG-0662,2015-12-01,Chennai Floods 2015,Velachery Tambaram Main Road,12.953231,80.21186,188,Ward 188 (Perungudi),14,Perungudi,waterlogging,high,Data Unavailable,Data Unavailable,Velachery Tambaram Main Road,Greater Chennai Corporation (GCC) 2015 Water Stagnation Locations,GCC-2015-STAG,https://data.opencity.in/dataset/866141ab-3a3f-4dc0-8092-421d97ba29a2/resource/b5f39598-2e2d-40c5-82c3-806a1ad65c91/download/db3840ff-9f33-43a3-b826-2f9dae1bcb78.kml,VERIFIED INCIDENT,OFFICIALLY_VERIFIED,HIGH,True,OFFICIAL_HISTORICAL_RECORD
CHN-INC-1663,GCC-2015-STAG-0663,2015-12-01,Chennai Floods 2015,kamatachi nagar,12.941441,80.215956,189,Ward 189 (Perungudi),14,Perungudi,waterlogging,high,Data Unavailable,Data Unavailable,kamatachi nagar,Greater Chennai Corporation (GCC) 2015 Water Stagnation Locations,GCC-2015-STAG,https://data.opencity.in/dataset/866141ab-3a3f-4dc0-8092-421d97ba29a2/resource/b5f39598-2e2d-40c5-82c3-806a1ad65c91/download/db3840ff-9f33-43a3-b826-2f9dae1bcb78.kml,VERIFIED INCIDENT,OFFICIALLY_VERIFIED,HIGH,True,OFFICIAL_HISTORICAL_RECORD
CHN-INC-1664,GCC-2015-STAG-0664,2015-12-01,Chennai Floods 2015,perumal koil street,12.934239,80.202747,190,Ward 190 (Perungudi),14,Perungudi,waterlogging,high,Data Unavailable,Data Unavailable,perumal koil street,Greater Chennai Corporation (GCC) 2015 Water Stagnation Locations,GCC-2015-STAG,https://data.opencity.in/dataset/866141ab-3a3f-4dc0-8092-421d97ba29a2/resource/b5f39598-2e2d-40c5-82c3-806a1ad65c91/download/db3840ff-9f33-43a3-b826-2f9dae1bcb78.kml,VERIFIED INCIDENT,OFFICIALLY_VERIFIED,HIGH,True,OFFICIAL_HISTORICAL_RECORD
CHN-INC-1665,GCC-2015-STAG-0665,2015-12-01,Chennai Floods 2015,sai ganesh nagar,12.924804,80.210542,190,Ward 190 (Perungudi),14,Perungudi,waterlogging,high,Data Unavailable,Data Unavailable,sai ganesh nagar,Greater Chennai Corporation (GCC) 2015 Water Stagnation Locations,GCC-2015-STAG,https://data.opencity.in/dataset/866141ab-3a3f-4dc0-8092-421d97ba29a2/resource/b5f39598-2e2d-40c5-82c3-806a1ad65c91/download/db3840ff-9f33-43a3-b826-2f9dae1bcb78.kml,VERIFIED INCIDENT,OFFICIALLY_VERIFIED,HIGH,True,OFFICIAL_HISTORICAL_RECORD
CHN-INC-1666,GCC-2015-STAG-0666,2015-12-01,Chennai Floods 2015,veeramani street,12.955956,80.199591,188,Ward 188 (Perungudi),14,Perungudi,waterlogging,high,Data Unavailable,Data Unavailable,veeramani street,Greater Chennai Corporation (GCC) 2015 Water Stagnation Locations,GCC-2015-STAG,https://data.opencity.in/dataset/866141ab-3a3f-4dc0-8092-421d97ba29a2/resource/b5f39598-2e2d-40c5-82c3-806a1ad65c91/download/db3840ff-9f33-43a3-b826-2f9dae1bcb78.kml,VERIFIED INCIDENT,OFFICIALLY_VERIFIED,HIGH,True,OFFICIAL_HISTORICAL_RECORD
CHN-INC-1667,GCC-2015-STAG-0667,2015-12-01,Chennai Floods 2015,Burma Colony,12.959536,80.24685,182,Ward 182 (Perungudi),14,Perungudi,waterlogging,high,Data Unavailable,Data Unavailable,Burma Colony,Greater Chennai Corporation (GCC) 2015 Water Stagnation Locations,GCC-2015-STAG,https://data.opencity.in/dataset/866141ab-3a3f-4dc0-8092-421d97ba29a2/resource/b5f39598-2e2d-40c5-82c3-806a1ad65c91/download/db3840ff-9f33-43a3-b826-2f9dae1bcb78.kml,VERIFIED INCIDENT,OFFICIALLY_VERIFIED,HIGH,True,OFFICIAL_HISTORICAL_RECORD
CHN-INC-1668,GCC-2015-STAG-0668,2015-12-01,Chennai Floods 2015,Bethal Nagar,12.922495,80.245375,194,Ward 194 (Sholinganallur),15,Sholinganallur,waterlogging,high,Data Unavailable,Data Unavailable,Bethal Nagar,Greater Chennai Corporation (GCC) 2015 Water Stagnation Locations,GCC-2015-STAG,https://data.opencity.in/dataset/866141ab-3a3f-4dc0-8092-421d97ba29a2/resource/b5f39598-2e2d-40c5-82c3-806a1ad65c91/download/db3840ff-9f33-43a3-b826-2f9dae1bcb78.kml,VERIFIED INCIDENT,OFFICIALLY_VERIFIED,HIGH,True,OFFICIAL_HISTORICAL_RECORD
CHN-INC-1669,GCC-2015-STAG-0669,2015-12-01,Chennai Floods 2015,"OMR, Thoraipakkam, MCN Nagar 5th street",12.94522,80.23526,193,Ward 193 (Sholinganallur),15,Sholinganallur,waterlogging,high,Data Unavailable,Data Unavailable,"OMR, Thoraipakkam, MCN Nagar 5th street",Greater Chennai Corporation (GCC) 2015 Water Stagnation Locations,GCC-2015-STAG,https://data.opencity.in/dataset/866141ab-3a3f-4dc0-8092-421d97ba29a2/resource/b5f39598-2e2d-40c5-82c3-806a1ad65c91/download/db3840ff-9f33-43a3-b826-2f9dae1bcb78.kml,VERIFIED INCIDENT,OFFICIALLY_VERIFIED,HIGH,True,OFFICIAL_HISTORICAL_RECORD
CHN-INC-1670,GCC-2015-STAG-0670,2015-12-01,Chennai Floods 2015,Tsunami Nagar,12.875609,80.210582,200,Ward 200 (Sholinganallur),15,Sholinganallur,waterlogging,high,Data Unavailable,Data Unavailable,Tsunami Nagar,Greater Chennai Corporation (GCC) 2015 Water Stagnation Locations,GCC-2015-STAG,https://data.opencity.in/dataset/866141ab-3a3f-4dc0-8092-421d97ba29a2/resource/b5f39598-2e2d-40c5-82c3-806a1ad65c91/download/db3840ff-9f33-43a3-b826-2f9dae1bcb78.kml,VERIFIED INCIDENT,OFFICIALLY_VERIFIED,HIGH,True,OFFICIAL_HISTORICAL_RECORD
CHN-INC-1671,GCC-2015-STAG-0671,2015-12-01,Chennai Floods 2015,Kazura Garden,12.95685,80.251153,192,Ward 192 (Sholinganallur),15,Sholinganallur,waterlogging,high,Data Unavailable,Data Unavailable,Kazura Garden,Greater Chennai Corporation (GCC) 2015 Water Stagnation Locations,GCC-2015-STAG,https://data.opencity.in/dataset/866141ab-3a3f-4dc0-8092-421d97ba29a2/resource/b5f39598-2e2d-40c5-82c3-806a1ad65c91/download/db3840ff-9f33-43a3-b826-2f9dae1bcb78.kml,VERIFIED INCIDENT,OFFICIALLY_VERIFIED,HIGH,True,OFFICIAL_HISTORICAL_RECORD
CHN-INC-1672,GCC-2015-STAG-0672,2015-12-01,Chennai Floods 2015,Senganiamman Koil st,12.950851,80.253312,192,Ward 192 (Sholinganallur),15,Sholinganallur,waterlogging,high,Data Unavailable,Data Unavailable,Senganiamman Koil st,Greater Chennai Corporation (GCC) 2015 Water Stagnation Locations,GCC-2015-STAG,https://data.opencity.in/dataset/866141ab-3a3f-4dc0-8092-421d97ba29a2/resource/b5f39598-2e2d-40c5-82c3-806a1ad65c91/download/db3840ff-9f33-43a3-b826-2f9dae1bcb78.kml,VERIFIED INCIDENT,OFFICIALLY_VERIFIED,HIGH,True,OFFICIAL_HISTORICAL_RECORD
CHN-INC-1673,GCC-2015-STAG-0673,2015-12-01,Chennai Floods 2015,CLRI Nagar,12.946804,80.250953,192,Ward 192 (Sholinganallur),15,Sholinganallur,waterlogging,high,Data Unavailable,Data Unavailable,CLRI Nagar,Greater Chennai Corporation (GCC) 2015 Water Stagnation Locations,GCC-2015-STAG,https://data.opencity.in/dataset/866141ab-3a3f-4dc0-8092-421d97ba29a2/resource/b5f39598-2e2d-40c5-82c3-806a1ad65c91/download/db3840ff-9f33-43a3-b826-2f9dae1bcb78.kml,VERIFIED INCIDENT,OFFICIALLY_VERIFIED,HIGH,True,OFFICIAL_HISTORICAL_RECORD
CHN-INC-1674,GCC-2015-STAG-0674,2015-12-01,Chennai Floods 2015,Ruby Complex,12.946968,80.25328,192,Ward 192 (Sholinganallur),15,Sholinganallur,waterlogging,high,Data Unavailable,Data Unavailable,Ruby Complex,Greater Chennai Corporation (GCC) 2015 Water Stagnation Locations,GCC-2015-STAG,https://data.opencity.in/dataset/866141ab-3a3f-4dc0-8092-421d97ba29a2/resource/b5f39598-2e2d-40c5-82c3-806a1ad65c91/download/db3840ff-9f33-43a3-b826-2f9dae1bcb78.kml,VERIFIED INCIDENT,OFFICIALLY_VERIFIED,HIGH,True,OFFICIAL_HISTORICAL_RECORD
CHN-INC-1675,GCC-2015-STAG-0675,2015-12-01,Chennai Floods 2015,Ellaiamman Koil St,12.948359,80.250133,192,Ward 192 (Sholinganallur),15,Sholinganallur,waterlogging,high,Data Unavailable,Data Unavailable,Ellaiamman Koil St,Greater Chennai Corporation (GCC) 2015 Water Stagnation Locations,GCC-2015-STAG,https://data.opencity.in/dataset/866141ab-3a3f-4dc0-8092-421d97ba29a2/resource/b5f39598-2e2d-40c5-82c3-806a1ad65c91/download/db3840ff-9f33-43a3-b826-2f9dae1bcb78.kml,VERIFIED INCIDENT,OFFICIALLY_VERIFIED,HIGH,True,OFFICIAL_HISTORICAL_RECORD
CHN-INC-1676,GCC-2015-STAG-0676,2015-12-01,Chennai Floods 2015,Saraswathi Nagr,12.948982,80.250253,192,Ward 192 (Sholinganallur),15,Sholinganallur,waterlogging,high,Data Unavailable,Data Unavailable,Saraswathi Nagr,Greater Chennai Corporation (GCC) 2015 Water Stagnation Locations,GCC-2015-STAG,https://data.opencity.in/dataset/866141ab-3a3f-4dc0-8092-421d97ba29a2/resource/b5f39598-2e2d-40c5-82c3-806a1ad65c91/download/db3840ff-9f33-43a3-b826-2f9dae1bcb78.kml,VERIFIED INCIDENT,OFFICIALLY_VERIFIED,HIGH,True,OFFICIAL_HISTORICAL_RECORD
CHN-INC-1677,GCC-2015-STAG-0677,2015-12-01,Chennai Floods 2015,"OMR,Mettukuppam Bus Stand (VPG Avenue)",12.940731,80.236313,195,Ward 195 (Sholinganallur),15,Sholinganallur,waterlogging,high,Data Unavailable,Data Unavailable,"OMR,Mettukuppam Bus Stand (VPG Avenue)",Greater Chennai Corporation (GCC) 2015 Water Stagnation Locations,GCC-2015-STAG,https://data.opencity.in/dataset/866141ab-3a3f-4dc0-8092-421d97ba29a2/resource/b5f39598-2e2d-40c5-82c3-806a1ad65c91/download/db3840ff-9f33-43a3-b826-2f9dae1bcb78.kml,VERIFIED INCIDENT,OFFICIALLY_VERIFIED,HIGH,True,OFFICIAL_HISTORICAL_RECORD
CHN-INC-1678,GCC-2015-STAG-0678,2015-12-01,Chennai Floods 2015,OMR Near Anjappar Restaurant,12.926788,80.231078,196,Ward 196 (Sholinganallur),15,Sholinganallur,waterlogging,high,Data Unavailable,Data Unavailable,OMR Near Anjappar Restaurant,Greater Chennai Corporation (GCC) 2015 Water Stagnation Locations,GCC-2015-STAG,https://data.opencity.in/dataset/866141ab-3a3f-4dc0-8092-421d97ba29a2/resource/b5f39598-2e2d-40c5-82c3-806a1ad65c91/download/db3840ff-9f33-43a3-b826-2f9dae1bcb78.kml,VERIFIED INCIDENT,OFFICIALLY_VERIFIED,HIGH,True,OFFICIAL_HISTORICAL_RECORD
CHN-INC-1679,GCC-2015-STAG-0679,2015-12-01,Chennai Floods 2015,MRG Nagar,12.933197,80.234262,195,Ward 195 (Sholinganallur),15,Sholinganallur,waterlogging,high,Data Unavailable,Data Unavailable,MRG Nagar,Greater Chennai Corporation (GCC) 2015 Water Stagnation Locations,GCC-2015-STAG,https://data.opencity.in/dataset/866141ab-3a3f-4dc0-8092-421d97ba29a2/resource/b5f39598-2e2d-40c5-82c3-806a1ad65c91/download/db3840ff-9f33-43a3-b826-2f9dae1bcb78.kml,VERIFIED INCIDENT,OFFICIALLY_VERIFIED,HIGH,True,OFFICIAL_HISTORICAL_RECORD
CHN-INC-1680,GCC-2015-STAG-0680,2015-12-01,Chennai Floods 2015,Madhakoil Street,12.925807,80.231693,196,Ward 196 (Sholinganallur),15,Sholinganallur,waterlogging,high,Data Unavailable,Data Unavailable,Madhakoil Street,Greater Chennai Corporation (GCC) 2015 Water Stagnation Locations,GCC-2015-STAG,https://data.opencity.in/dataset/866141ab-3a3f-4dc0-8092-421d97ba29a2/resource/b5f39598-2e2d-40c5-82c3-806a1ad65c91/download/db3840ff-9f33-43a3-b826-2f9dae1bcb78.kml,VERIFIED INCIDENT,OFFICIALLY_VERIFIED,HIGH,True,OFFICIAL_HISTORICAL_RECORD
CHN-INC-1681,GCC-2015-STAG-0681,2015-12-01,Chennai Floods 2015,Kannagi Nagar II Main Road,12.929063,80.238555,196,Ward 196 (Sholinganallur),15,Sholinganallur,waterlogging,high,Data Unavailable,Data Unavailable,Kannagi Nagar II Main Road,Greater Chennai Corporation (GCC) 2015 Water Stagnation Locations,GCC-2015-STAG,https://data.opencity.in/dataset/866141ab-3a3f-4dc0-8092-421d97ba29a2/resource/b5f39598-2e2d-40c5-82c3-806a1ad65c91/download/db3840ff-9f33-43a3-b826-2f9dae1bcb78.kml,VERIFIED INCIDENT,OFFICIALLY_VERIFIED,HIGH,True,OFFICIAL_HISTORICAL_RECORD
CHN-INC-1682,GCC-2015-STAG-0682,2015-12-01,Chennai Floods 2015,Kannagi Nagr VIII & IX Main Road,12.927402,80.240489,196,Ward 196 (Sholinganallur),15,Sholinganallur,waterlogging,high,Data Unavailable,Data Unavailable,Kannagi Nagr VIII & IX Main Road,Greater Chennai Corporation (GCC) 2015 Water Stagnation Locations,GCC-2015-STAG,https://data.opencity.in/dataset/866141ab-3a3f-4dc0-8092-421d97ba29a2/resource/b5f39598-2e2d-40c5-82c3-806a1ad65c91/download/db3840ff-9f33-43a3-b826-2f9dae1bcb78.kml,VERIFIED INCIDENT,OFFICIALLY_VERIFIED,HIGH,True,OFFICIAL_HISTORICAL_RECORD
CHN-INC-1683,GCC-2015-STAG-0683,2015-12-01,Chennai Floods 2015,"ECR,VGP,Injambakkam",12.914269,80.250349,197,Ward 197 (Sholinganallur),15,Sholinganallur,waterlogging,high,Data Unavailable,Data Unavailable,"ECR,VGP,Injambakkam",Greater Chennai Corporation (GCC) 2015 Water Stagnation Locations,GCC-2015-STAG,https://data.opencity.in/dataset/866141ab-3a3f-4dc0-8092-421d97ba29a2/resource/b5f39598-2e2d-40c5-82c3-806a1ad65c91/download/db3840ff-9f33-43a3-b826-2f9dae1bcb78.kml,VERIFIED INCIDENT,OFFICIALLY_VERIFIED,HIGH,True,OFFICIAL_HISTORICAL_RECORD
CHN-INC-1684,GCC-2015-STAG-0684,2015-12-01,Chennai Floods 2015,Hanuman Colony,12.931268,80.247905,194,Ward 194 (Sholinganallur),15,Sholinganallur,waterlogging,high,Data Unavailable,Data Unavailable,Hanuman Colony,Greater Chennai Corporation (GCC) 2015 Water Stagnation Locations,GCC-2015-STAG,https://data.opencity.in/dataset/866141ab-3a3f-4dc0-8092-421d97ba29a2/resource/b5f39598-2e2d-40c5-82c3-806a1ad65c91/download/db3840ff-9f33-43a3-b826-2f9dae1bcb78.kml,VERIFIED INCIDENT,OFFICIALLY_VERIFIED,HIGH,True,OFFICIAL_HISTORICAL_RECORD
CHN-INC-1685,GCC-2015-STAG-0685,2015-12-01,Chennai Floods 2015,Cholamandala Nagar,12.923057,80.253754,194,Ward 194 (Sholinganallur),15,Sholinganallur,waterlogging,high,Data Unavailable,Data Unavailable,Cholamandala Nagar,Greater Chennai Corporation (GCC) 2015 Water Stagnation Locations,GCC-2015-STAG,https://data.opencity.in/dataset/866141ab-3a3f-4dc0-8092-421d97ba29a2/resource/b5f39598-2e2d-40c5-82c3-806a1ad65c91/download/db3840ff-9f33-43a3-b826-2f9dae1bcb78.kml,VERIFIED INCIDENT,OFFICIALLY_VERIFIED,HIGH,True,OFFICIAL_HISTORICAL_RECORD
CHN-INC-1686,GCC-2015-STAG-0686,2015-12-01,Chennai Floods 2015,"OMR, SANMAR, KARAPAKKAM",12.921573,80.231099,198,Ward 198 (Sholinganallur),15,Sholinganallur,waterlogging,high,Data Unavailable,Data Unavailable,"OMR, SANMAR, KARAPAKKAM",Greater Chennai Corporation (GCC) 2015 Water Stagnation Locations,GCC-2015-STAG,https://data.opencity.in/dataset/866141ab-3a3f-4dc0-8092-421d97ba29a2/resource/b5f39598-2e2d-40c5-82c3-806a1ad65c91/download/db3840ff-9f33-43a3-b826-2f9dae1bcb78.kml,VERIFIED INCIDENT,OFFICIALLY_VERIFIED,HIGH,True,OFFICIAL_HISTORICAL_RECORD
CHN-INC-1687,GCC-2015-STAG-0687,2015-12-01,Chennai Floods 2015,"TCS, Karapakkam",12.919305,80.229226,198,Ward 198 (Sholinganallur),15,Sholinganallur,waterlogging,high,Data Unavailable,Data Unavailable,"TCS, Karapakkam",Greater Chennai Corporation (GCC) 2015 Water Stagnation Locations,GCC-2015-STAG,https://data.opencity.in/dataset/866141ab-3a3f-4dc0-8092-421d97ba29a2/resource/b5f39598-2e2d-40c5-82c3-806a1ad65c91/download/db3840ff-9f33-43a3-b826-2f9dae1bcb78.kml,VERIFIED INCIDENT,OFFICIALLY_VERIFIED,HIGH,True,OFFICIAL_HISTORICAL_RECORD
CHN-INC-1688,GCC-2015-STAG-0688,2015-12-01,Chennai Floods 2015,"OMR, Karapakkam",12.918257,80.229851,198,Ward 198 (Sholinganallur),15,Sholinganallur,waterlogging,high,Data Unavailable,Data Unavailable,"OMR, Karapakkam",Greater Chennai Corporation (GCC) 2015 Water Stagnation Locations,GCC-2015-STAG,https://data.opencity.in/dataset/866141ab-3a3f-4dc0-8092-421d97ba29a2/resource/b5f39598-2e2d-40c5-82c3-806a1ad65c91/download/db3840ff-9f33-43a3-b826-2f9dae1bcb78.kml,VERIFIED INCIDENT,OFFICIALLY_VERIFIED,HIGH,True,OFFICIAL_HISTORICAL_RECORD
CHN-INC-1689,GCC-2015-STAG-0689,2015-12-01,Chennai Floods 2015,"OMR, Shozhanganallur",12.900009,80.227884,199,Ward 199 (Sholinganallur),15,Sholinganallur,waterlogging,high,Data Unavailable,Data Unavailable,"OMR, Shozhanganallur",Greater Chennai Corporation (GCC) 2015 Water Stagnation Locations,GCC-2015-STAG,https://data.opencity.in/dataset/866141ab-3a3f-4dc0-8092-421d97ba29a2/resource/b5f39598-2e2d-40c5-82c3-806a1ad65c91/download/db3840ff-9f33-43a3-b826-2f9dae1bcb78.kml,VERIFIED INCIDENT,OFFICIALLY_VERIFIED,HIGH,True,OFFICIAL_HISTORICAL_RECORD
CHN-INC-1690,GCC-2015-STAG-0690,2015-12-01,Chennai Floods 2015,"Lalbhadur Sastri Street, Karapakkam",12.906613,80.230641,198,Ward 198 (Sholinganallur),15,Sholinganallur,waterlogging,high,Data Unavailable,Data Unavailable,"Lalbhadur Sastri Street, Karapakkam",Greater Chennai Corporation (GCC) 2015 Water Stagnation Locations,GCC-2015-STAG,https://data.opencity.in/dataset/866141ab-3a3f-4dc0-8092-421d97ba29a2/resource/b5f39598-2e2d-40c5-82c3-806a1ad65c91/download/db3840ff-9f33-43a3-b826-2f9dae1bcb78.kml,VERIFIED INCIDENT,OFFICIALLY_VERIFIED,HIGH,True,OFFICIAL_HISTORICAL_RECORD
CHN-INC-1691,GCC-2015-STAG-0691,2015-12-01,Chennai Floods 2015,OMR Natesan Avenue,12.915537,80.231043,198,Ward 198 (Sholinganallur),15,Sholinganallur,waterlogging,high,Data Unavailable,Data Unavailable,OMR Natesan Avenue,Greater Chennai Corporation (GCC) 2015 Water Stagnation Locations,GCC-2015-STAG,https://data.opencity.in/dataset/866141ab-3a3f-4dc0-8092-421d97ba29a2/resource/b5f39598-2e2d-40c5-82c3-806a1ad65c91/download/db3840ff-9f33-43a3-b826-2f9dae1bcb78.kml,VERIFIED INCIDENT,OFFICIALLY_VERIFIED,HIGH,True,OFFICIAL_HISTORICAL_RECORD
CHN-INC-1692,GCC-2015-STAG-0692,2015-12-01,Chennai Floods 2015,"OMR, Pathima Illam",12.910801,80.229107,198,Ward 198 (Sholinganallur),15,Sholinganallur,waterlogging,high,Data Unavailable,Data Unavailable,"OMR, Pathima Illam",Greater Chennai Corporation (GCC) 2015 Water Stagnation Locations,GCC-2015-STAG,https://data.opencity.in/dataset/866141ab-3a3f-4dc0-8092-421d97ba29a2/resource/b5f39598-2e2d-40c5-82c3-806a1ad65c91/download/db3840ff-9f33-43a3-b826-2f9dae1bcb78.kml,VERIFIED INCIDENT,OFFICIALLY_VERIFIED,HIGH,True,OFFICIAL_HISTORICAL_RECORD
CHN-INC-1693,GCC-2015-STAG-0693,2015-12-01,Chennai Floods 2015,"Nainar kuppam, Rathna street",12.875244,80.24963,197,Ward 197 (Sholinganallur),15,Sholinganallur,waterlogging,high,Data Unavailable,Data Unavailable,"Nainar kuppam, Rathna street",Greater Chennai Corporation (GCC) 2015 Water Stagnation Locations,GCC-2015-STAG,https://data.opencity.in/dataset/866141ab-3a3f-4dc0-8092-421d97ba29a2/resource/b5f39598-2e2d-40c5-82c3-806a1ad65c91/download/db3840ff-9f33-43a3-b826-2f9dae1bcb78.kml,VERIFIED INCIDENT,OFFICIALLY_VERIFIED,HIGH,True,OFFICIAL_HISTORICAL_RECORD
CHN-INC-1694,GCC-2015-STAG-0694,2015-12-01,Chennai Floods 2015,OMR Sathyabama College Main Road,12.872989,80.226286,200,Ward 200 (Sholinganallur),15,Sholinganallur,waterlogging,high,Data Unavailable,Data Unavailable,OMR Sathyabama College Main Road,Greater Chennai Corporation (GCC) 2015 Water Stagnation Locations,GCC-2015-STAG,https://data.opencity.in/dataset/866141ab-3a3f-4dc0-8092-421d97ba29a2/resource/b5f39598-2e2d-40c5-82c3-806a1ad65c91/download/db3840ff-9f33-43a3-b826-2f9dae1bcb78.kml,VERIFIED INCIDENT,OFFICIALLY_VERIFIED,HIGH,True,OFFICIAL_HISTORICAL_RECORD
CHN-INC-1695,GCC-2015-STAG-0695,2015-12-01,Chennai Floods 2015,Egambaradhabadar Street,13.003323,80.20375,160,Ward 160 (Alandur),12,Alandur,waterlogging,high,Data Unavailable,Data Unavailable,Egambaradhabadar Street,Greater Chennai Corporation (GCC) 2015 Water Stagnation Locations,GCC-2015-STAG,https://data.opencity.in/dataset/866141ab-3a3f-4dc0-8092-421d97ba29a2/resource/b5f39598-2e2d-40c5-82c3-806a1ad65c91/download/db3840ff-9f33-43a3-b826-2f9dae1bcb78.kml,VERIFIED INCIDENT,OFFICIALLY_VERIFIED,HIGH,True,OFFICIAL_HISTORICAL_RECORD
CHN-INC-1696,GCC-2015-STAG-0696,2015-12-01,Chennai Floods 2015,MKN Road,13.003365,80.207586,160,Ward 160 (Alandur),12,Alandur,waterlogging,high,Data Unavailable,Data Unavailable,MKN Road,Greater Chennai Corporation (GCC) 2015 Water Stagnation Locations,GCC-2015-STAG,https://data.opencity.in/dataset/866141ab-3a3f-4dc0-8092-421d97ba29a2/resource/b5f39598-2e2d-40c5-82c3-806a1ad65c91/download/db3840ff-9f33-43a3-b826-2f9dae1bcb78.kml,VERIFIED INCIDENT,OFFICIALLY_VERIFIED,HIGH,True,OFFICIAL_HISTORICAL_RECORD
CHN-INC-1697,GCC-2015-STAG-0697,2015-12-01,Chennai Floods 2015,Amma Unavagam,13.005025,80.202903,160,Ward 160 (Alandur),12,Alandur,waterlogging,high,Data Unavailable,Data Unavailable,Amma Unavagam,Greater Chennai Corporation (GCC) 2015 Water Stagnation Locations,GCC-2015-STAG,https://data.opencity.in/dataset/866141ab-3a3f-4dc0-8092-421d97ba29a2/resource/b5f39598-2e2d-40c5-82c3-806a1ad65c91/download/db3840ff-9f33-43a3-b826-2f9dae1bcb78.kml,VERIFIED INCIDENT,OFFICIALLY_VERIFIED,HIGH,True,OFFICIAL_HISTORICAL_RECORD
CHN-INC-1698,GCC-2015-STAG-0698,2015-12-01,Chennai Floods 2015,Jeevan Nagar,12.991134,80.197046,161,Ward 161 (Alandur),12,Alandur,waterlogging,high,Data Unavailable,Data Unavailable,Jeevan Nagar,Greater Chennai Corporation (GCC) 2015 Water Stagnation Locations,GCC-2015-STAG,https://data.opencity.in/dataset/866141ab-3a3f-4dc0-8092-421d97ba29a2/resource/b5f39598-2e2d-40c5-82c3-806a1ad65c91/download/db3840ff-9f33-43a3-b826-2f9dae1bcb78.kml,VERIFIED INCIDENT,OFFICIALLY_VERIFIED,HIGH,True,OFFICIAL_HISTORICAL_RECORD
CHN-INC-1699,GCC-2015-STAG-0699,2015-12-01,Chennai Floods 2015,Musthangori Street,12.995371,80.203001,161,Ward 161 (Alandur),12,Alandur,waterlogging,high,Data Unavailable,Data Unavailable,Musthangori Street,Greater Chennai Corporation (GCC) 2015 Water Stagnation Locations,GCC-2015-STAG,https://data.opencity.in/dataset/866141ab-3a3f-4dc0-8092-421d97ba29a2/resource/b5f39598-2e2d-40c5-82c3-806a1ad65c91/download/db3840ff-9f33-43a3-b826-2f9dae1bcb78.kml,VERIFIED INCIDENT,OFFICIALLY_VERIFIED,HIGH,True,OFFICIAL_HISTORICAL_RECORD
CHN-INC-1700,GCC-2015-STAG-0700,2015-12-01,Chennai Floods 2015,Railway Station Service Road,12.996013,80.199922,161,Ward 161 (Alandur),12,Alandur,waterlogging,high,Data Unavailable,Data Unavailable,Railway Station Service Road,Greater Chennai Corporation (GCC) 2015 Water Stagnation Locations,GCC-2015-STAG,https://data.opencity.in/dataset/866141ab-3a3f-4dc0-8092-421d97ba29a2/resource/b5f39598-2e2d-40c5-82c3-806a1ad65c91/download/db3840ff-9f33-43a3-b826-2f9dae1bcb78.kml,VERIFIED INCIDENT,OFFICIALLY_VERIFIED,HIGH,True,OFFICIAL_HISTORICAL_RECORD
CHN-INC-1701,GCC-2015-STAG-0701,2015-12-01,Chennai Floods 2015,Subway Road,12.994742,80.201249,161,Ward 161 (Alandur),12,Alandur,waterlogging,high,Data Unavailable,Data Unavailable,Subway Road,Greater Chennai Corporation (GCC) 2015 Water Stagnation Locations,GCC-2015-STAG,https://data.opencity.in/dataset/866141ab-3a3f-4dc0-8092-421d97ba29a2/resource/b5f39598-2e2d-40c5-82c3-806a1ad65c91/download/db3840ff-9f33-43a3-b826-2f9dae1bcb78.kml,VERIFIED INCIDENT,OFFICIALLY_VERIFIED,HIGH,True,OFFICIAL_HISTORICAL_RECORD
CHN-INC-1702,GCC-2015-STAG-0702,2015-12-01,Chennai Floods 2015,Raja Street,12.998192,80.199968,161,Ward 161 (Alandur),12,Alandur,waterlogging,high,Data Unavailable,Data Unavailable,Raja Street,Greater Chennai Corporation (GCC) 2015 Water Stagnation Locations,GCC-2015-STAG,https://data.opencity.in/dataset/866141ab-3a3f-4dc0-8092-421d97ba29a2/resource/b5f39598-2e2d-40c5-82c3-806a1ad65c91/download/db3840ff-9f33-43a3-b826-2f9dae1bcb78.kml,VERIFIED INCIDENT,OFFICIALLY_VERIFIED,HIGH,True,OFFICIAL_HISTORICAL_RECORD
CHN-INC-1703,GCC-2015-STAG-0703,2015-12-01,Chennai Floods 2015,Thillai Ganga Nagar 27th Street,12.988193,80.193801,162,Ward 162 (Alandur),12,Alandur,waterlogging,high,Data Unavailable,Data Unavailable,Thillai Ganga Nagar 27th Street,Greater Chennai Corporation (GCC) 2015 Water Stagnation Locations,GCC-2015-STAG,https://data.opencity.in/dataset/866141ab-3a3f-4dc0-8092-421d97ba29a2/resource/b5f39598-2e2d-40c5-82c3-806a1ad65c91/download/db3840ff-9f33-43a3-b826-2f9dae1bcb78.kml,VERIFIED INCIDENT,OFFICIALLY_VERIFIED,HIGH,True,OFFICIAL_HISTORICAL_RECORD
CHN-INC-1704,GCC-2015-STAG-0704,2015-12-01,Chennai Floods 2015,28th Street,12.987688,80.193997,162,Ward 162 (Alandur),12,Alandur,waterlogging,high,Data Unavailable,Data Unavailable,28th Street,Greater Chennai Corporation (GCC) 2015 Water Stagnation Locations,GCC-2015-STAG,https://data.opencity.in/dataset/866141ab-3a3f-4dc0-8092-421d97ba29a2/resource/b5f39598-2e2d-40c5-82c3-806a1ad65c91/download/db3840ff-9f33-43a3-b826-2f9dae1bcb78.kml,VERIFIED INCIDENT,OFFICIALLY_VERIFIED,HIGH,True,OFFICIAL_HISTORICAL_RECORD
CHN-INC-1705,GCC-2015-STAG-0705,2015-12-01,Chennai Floods 2015,29th Street,12.98726,80.193748,162,Ward 162 (Alandur),12,Alandur,waterlogging,high,Data Unavailable,Data Unavailable,29th Street,Greater Chennai Corporation (GCC) 2015 Water Stagnation Locations,GCC-2015-STAG,https://data.opencity.in/dataset/866141ab-3a3f-4dc0-8092-421d97ba29a2/resource/b5f39598-2e2d-40c5-82c3-806a1ad65c91/download/db3840ff-9f33-43a3-b826-2f9dae1bcb78.kml,VERIFIED INCIDENT,OFFICIALLY_VERIFIED,HIGH,True,OFFICIAL_HISTORICAL_RECORD
CHN-INC-1706,GCC-2015-STAG-0706,2015-12-01,Chennai Floods 2015,Kannan Colony,12.992883,80.188226,162,Ward 162 (Alandur),12,Alandur,waterlogging,high,Data Unavailable,Data Unavailable,Kannan Colony,Greater Chennai Corporation (GCC) 2015 Water Stagnation Locations,GCC-2015-STAG,https://data.opencity.in/dataset/866141ab-3a3f-4dc0-8092-421d97ba29a2/resource/b5f39598-2e2d-40c5-82c3-806a1ad65c91/download/db3840ff-9f33-43a3-b826-2f9dae1bcb78.kml,VERIFIED INCIDENT,OFFICIALLY_VERIFIED,HIGH,True,OFFICIAL_HISTORICAL_RECORD
CHN-INC-1707,GCC-2015-STAG-0707,2015-12-01,Chennai Floods 2015,Shanthi Nagar,12.987206,80.199357,163,Ward 163 (Alandur),12,Alandur,waterlogging,high,Data Unavailable,Data Unavailable,Shanthi Nagar,Greater Chennai Corporation (GCC) 2015 Water Stagnation Locations,GCC-2015-STAG,https://data.opencity.in/dataset/866141ab-3a3f-4dc0-8092-421d97ba29a2/resource/b5f39598-2e2d-40c5-82c3-806a1ad65c91/download/db3840ff-9f33-43a3-b826-2f9dae1bcb78.kml,VERIFIED INCIDENT,OFFICIALLY_VERIFIED,HIGH,True,OFFICIAL_HISTORICAL_RECORD
CHN-INC-1708,GCC-2015-STAG-0708,2015-12-01,Chennai Floods 2015,Gandhi Salai,12.987409,80.184667,162,Ward 162 (Alandur),12,Alandur,waterlogging,high,Data Unavailable,Data Unavailable,Gandhi Salai,Greater Chennai Corporation (GCC) 2015 Water Stagnation Locations,GCC-2015-STAG,https://data.opencity.in/dataset/866141ab-3a3f-4dc0-8092-421d97ba29a2/resource/b5f39598-2e2d-40c5-82c3-806a1ad65c91/download/db3840ff-9f33-43a3-b826-2f9dae1bcb78.kml,VERIFIED INCIDENT,OFFICIALLY_VERIFIED,HIGH,True,OFFICIAL_HISTORICAL_RECORD
CHN-INC-1709,GCC-2015-STAG-0709,2015-12-01,Chennai Floods 2015,Nilamangai Nagar,12.983108,80.202528,165,Ward 165 (Alandur),12,Alandur,waterlogging,high,Data Unavailable,Data Unavailable,Nilamangai Nagar,Greater Chennai Corporation (GCC) 2015 Water Stagnation Locations,GCC-2015-STAG,https://data.opencity.in/dataset/866141ab-3a3f-4dc0-8092-421d97ba29a2/resource/b5f39598-2e2d-40c5-82c3-806a1ad65c91/download/db3840ff-9f33-43a3-b826-2f9dae1bcb78.kml,VERIFIED INCIDENT,OFFICIALLY_VERIFIED,HIGH,True,OFFICIAL_HISTORICAL_RECORD
CHN-INC-1710,GCC-2015-STAG-0710,2015-12-01,Chennai Floods 2015,Tagore Street,12.981684,80.202099,165,Ward 165 (Alandur),12,Alandur,waterlogging,high,Data Unavailable,Data Unavailable,Tagore Street,Greater Chennai Corporation (GCC) 2015 Water Stagnation Locations,GCC-2015-STAG,https://data.opencity.in/dataset/866141ab-3a3f-4dc0-8092-421d97ba29a2/resource/b5f39598-2e2d-40c5-82c3-806a1ad65c91/download/db3840ff-9f33-43a3-b826-2f9dae1bcb78.kml,VERIFIED INCIDENT,OFFICIALLY_VERIFIED,HIGH,True,OFFICIAL_HISTORICAL_RECORD
CHN-INC-1711,GCC-2015-STAG-0711,2015-12-01,Chennai Floods 2015,Vallalar Street,12.982766,80.201269,165,Ward 165 (Alandur),12,Alandur,waterlogging,high,Data Unavailable,Data Unavailable,Vallalar Street,Greater Chennai Corporation (GCC) 2015 Water Stagnation Locations,GCC-2015-STAG,https://data.opencity.in/dataset/866141ab-3a3f-4dc0-8092-421d97ba29a2/resource/b5f39598-2e2d-40c5-82c3-806a1ad65c91/download/db3840ff-9f33-43a3-b826-2f9dae1bcb78.kml,VERIFIED INCIDENT,OFFICIALLY_VERIFIED,HIGH,True,OFFICIAL_HISTORICAL_RECORD
CHN-INC-1712,GCC-2015-STAG-0712,2015-12-01,Chennai Floods 2015,Income tax colony 1st Street,12.984439,80.20323,165,Ward 165 (Alandur),12,Alandur,waterlogging,high,Data Unavailable,Data Unavailable,Income tax colony 1st Street,Greater Chennai Corporation (GCC) 2015 Water Stagnation Locations,GCC-2015-STAG,https://data.opencity.in/dataset/866141ab-3a3f-4dc0-8092-421d97ba29a2/resource/b5f39598-2e2d-40c5-82c3-806a1ad65c91/download/db3840ff-9f33-43a3-b826-2f9dae1bcb78.kml,VERIFIED INCIDENT,OFFICIALLY_VERIFIED,HIGH,True,OFFICIAL_HISTORICAL_RECORD
CHN-INC-1713,GCC-2015-STAG-0713,2015-12-01,Chennai Floods 2015,Tamarai Street,12.980459,80.203447,165,Ward 165 (Alandur),12,Alandur,waterlogging,high,Data Unavailable,Data Unavailable,Tamarai Street,Greater Chennai Corporation (GCC) 2015 Water Stagnation Locations,GCC-2015-STAG,https://data.opencity.in/dataset/866141ab-3a3f-4dc0-8092-421d97ba29a2/resource/b5f39598-2e2d-40c5-82c3-806a1ad65c91/download/db3840ff-9f33-43a3-b826-2f9dae1bcb78.kml,VERIFIED INCIDENT,OFFICIALLY_VERIFIED,HIGH,True,OFFICIAL_HISTORICAL_RECORD
CHN-INC-1714,GCC-2015-STAG-0714,2015-12-01,Chennai Floods 2015,Mullai Street,12.980517,80.203851,165,Ward 165 (Alandur),12,Alandur,waterlogging,high,Data Unavailable,Data Unavailable,Mullai Street,Greater Chennai Corporation (GCC) 2015 Water Stagnation Locations,GCC-2015-STAG,https://data.opencity.in/dataset/866141ab-3a3f-4dc0-8092-421d97ba29a2/resource/b5f39598-2e2d-40c5-82c3-806a1ad65c91/download/db3840ff-9f33-43a3-b826-2f9dae1bcb78.kml,VERIFIED INCIDENT,OFFICIALLY_VERIFIED,HIGH,True,OFFICIAL_HISTORICAL_RECORD
CHN-INC-1715,GCC-2015-STAG-0715,2015-12-01,Chennai Floods 2015,Bhuvaneswari Nagar,12.979494,80.205812,165,Ward 165 (Alandur),12,Alandur,waterlogging,high,Data Unavailable,Data Unavailable,Bhuvaneswari Nagar,Greater Chennai Corporation (GCC) 2015 Water Stagnation Locations,GCC-2015-STAG,https://data.opencity.in/dataset/866141ab-3a3f-4dc0-8092-421d97ba29a2/resource/b5f39598-2e2d-40c5-82c3-806a1ad65c91/download/db3840ff-9f33-43a3-b826-2f9dae1bcb78.kml,VERIFIED INCIDENT,OFFICIALLY_VERIFIED,HIGH,True,OFFICIAL_HISTORICAL_RECORD
CHN-INC-1716,GCC-2015-STAG-0716,2015-12-01,Chennai Floods 2015,Vel Nagar,12.983238,80.200588,165,Ward 165 (Alandur),12,Alandur,waterlogging,high,Data Unavailable,Data Unavailable,Vel Nagar,Greater Chennai Corporation (GCC) 2015 Water Stagnation Locations,GCC-2015-STAG,https://data.opencity.in/dataset/866141ab-3a3f-4dc0-8092-421d97ba29a2/resource/b5f39598-2e2d-40c5-82c3-806a1ad65c91/download/db3840ff-9f33-43a3-b826-2f9dae1bcb78.kml,VERIFIED INCIDENT,OFFICIALLY_VERIFIED,HIGH,True,OFFICIAL_HISTORICAL_RECORD
CHN-INC-1717,GCC-2015-STAG-0717,2015-12-01,Chennai Floods 2015,Bharathidasan Nagar,12.977367,80.203809,165,Ward 165 (Alandur),12,Alandur,waterlogging,high,Data Unavailable,Data Unavailable,Bharathidasan Nagar,Greater Chennai Corporation (GCC) 2015 Water Stagnation Locations,GCC-2015-STAG,https://data.opencity.in/dataset/866141ab-3a3f-4dc0-8092-421d97ba29a2/resource/b5f39598-2e2d-40c5-82c3-806a1ad65c91/download/db3840ff-9f33-43a3-b826-2f9dae1bcb78.kml,VERIFIED INCIDENT,OFFICIALLY_VERIFIED,HIGH,True,OFFICIAL_HISTORICAL_RECORD
CHN-INC-1718,GCC-2015-STAG-0718,2015-12-01,Chennai Floods 2015,Bharath Nagar,12.9852,80.200373,165,Ward 165 (Alandur),12,Alandur,waterlogging,high,Data Unavailable,Data Unavailable,Bharath Nagar,Greater Chennai Corporation (GCC) 2015 Water Stagnation Locations,GCC-2015-STAG,https://data.opencity.in/dataset/866141ab-3a3f-4dc0-8092-421d97ba29a2/resource/b5f39598-2e2d-40c5-82c3-806a1ad65c91/download/db3840ff-9f33-43a3-b826-2f9dae1bcb78.kml,VERIFIED INCIDENT,OFFICIALLY_VERIFIED,HIGH,True,OFFICIAL_HISTORICAL_RECORD
CHN-INC-1719,GCC-2015-STAG-0719,2015-12-01,Chennai Floods 2015,BV Nagar,12.981241,80.177976,166,Ward 166 (Alandur),12,Alandur,waterlogging,high,Data Unavailable,Data Unavailable,BV Nagar,Greater Chennai Corporation (GCC) 2015 Water Stagnation Locations,GCC-2015-STAG,https://data.opencity.in/dataset/866141ab-3a3f-4dc0-8092-421d97ba29a2/resource/b5f39598-2e2d-40c5-82c3-806a1ad65c91/download/db3840ff-9f33-43a3-b826-2f9dae1bcb78.kml,VERIFIED INCIDENT,OFFICIALLY_VERIFIED,HIGH,True,OFFICIAL_HISTORICAL_RECORD
CHN-INC-1720,GCC-2015-STAG-0720,2015-12-01,Chennai Floods 2015,Nanganallur 44th Street,12.982018,80.187049,167,Ward 167 (Alandur),12,Alandur,waterlogging,high,Data Unavailable,Data Unavailable,Nanganallur 44th Street,Greater Chennai Corporation (GCC) 2015 Water Stagnation Locations,GCC-2015-STAG,https://data.opencity.in/dataset/866141ab-3a3f-4dc0-8092-421d97ba29a2/resource/b5f39598-2e2d-40c5-82c3-806a1ad65c91/download/db3840ff-9f33-43a3-b826-2f9dae1bcb78.kml,VERIFIED INCIDENT,OFFICIALLY_VERIFIED,HIGH,True,OFFICIAL_HISTORICAL_RECORD
CHN-INC-1721,GCC-2015-STAG-0721,2015-12-01,Chennai Floods 2015,TNGO Colony main Road,12.979822,80.187063,167,Ward 167 (Alandur),12,Alandur,waterlogging,high,Data Unavailable,Data Unavailable,TNGO Colony main Road,Greater Chennai Corporation (GCC) 2015 Water Stagnation Locations,GCC-2015-STAG,https://data.opencity.in/dataset/866141ab-3a3f-4dc0-8092-421d97ba29a2/resource/b5f39598-2e2d-40c5-82c3-806a1ad65c91/download/db3840ff-9f33-43a3-b826-2f9dae1bcb78.kml,VERIFIED INCIDENT,OFFICIALLY_VERIFIED,HIGH,True,OFFICIAL_HISTORICAL_RECORD
CHN-INC-1722,GCC-2015-STAG-0722,2015-12-01,Chennai Floods 2015,"Nanganallur 46th Street,",12.980075,80.187919,167,Ward 167 (Alandur),12,Alandur,waterlogging,high,Data Unavailable,Data Unavailable,"Nanganallur 46th Street,",Greater Chennai Corporation (GCC) 2015 Water Stagnation Locations,GCC-2015-STAG,https://data.opencity.in/dataset/866141ab-3a3f-4dc0-8092-421d97ba29a2/resource/b5f39598-2e2d-40c5-82c3-806a1ad65c91/download/db3840ff-9f33-43a3-b826-2f9dae1bcb78.kml,VERIFIED INCIDENT,OFFICIALLY_VERIFIED,HIGH,True,OFFICIAL_HISTORICAL_RECORD
CHN-INC-1723,GCC-2015-STAG-0723,2015-12-01,Chennai Floods 2015,Lakshmi Nagar 1st Street,12.980008,80.189289,167,Ward 167 (Alandur),12,Alandur,waterlogging,high,Data Unavailable,Data Unavailable,Lakshmi Nagar 1st Street,Greater Chennai Corporation (GCC) 2015 Water Stagnation Locations,GCC-2015-STAG,https://data.opencity.in/dataset/866141ab-3a3f-4dc0-8092-421d97ba29a2/resource/b5f39598-2e2d-40c5-82c3-806a1ad65c91/download/db3840ff-9f33-43a3-b826-2f9dae1bcb78.kml,VERIFIED INCIDENT,OFFICIALLY_VERIFIED,HIGH,True,OFFICIAL_HISTORICAL_RECORD
CHN-INC-1724,GCC-2015-STAG-0724,2015-12-01,Chennai Floods 2015,Lakshmi Nagar 2nd Street,12.979536,80.189205,167,Ward 167 (Alandur),12,Alandur,waterlogging,high,Data Unavailable,Data Unavailable,Lakshmi Nagar 2nd Street,Greater Chennai Corporation (GCC) 2015 Water Stagnation Locations,GCC-2015-STAG,https://data.opencity.in/dataset/866141ab-3a3f-4dc0-8092-421d97ba29a2/resource/b5f39598-2e2d-40c5-82c3-806a1ad65c91/download/db3840ff-9f33-43a3-b826-2f9dae1bcb78.kml,VERIFIED INCIDENT,OFFICIALLY_VERIFIED,HIGH,True,OFFICIAL_HISTORICAL_RECORD
CHN-INC-1725,GCC-2015-STAG-0725,2015-12-01,Chennai Floods 2015,Vel Nagar Extn,12.981844,80.202479,165,Ward 165 (Alandur),12,Alandur,waterlogging,high,Data Unavailable,Data Unavailable,Vel Nagar Extn,Greater Chennai Corporation (GCC) 2015 Water Stagnation Locations,GCC-2015-STAG,https://data.opencity.in/dataset/866141ab-3a3f-4dc0-8092-421d97ba29a2/resource/b5f39598-2e2d-40c5-82c3-806a1ad65c91/download/db3840ff-9f33-43a3-b826-2f9dae1bcb78.kml,VERIFIED INCIDENT,OFFICIALLY_VERIFIED,HIGH,True,OFFICIAL_HISTORICAL_RECORD
CHN-INC-1726,GCC-2015-STAG-0726,2015-12-01,Chennai Floods 2015,Indira Nagar,12.984199,80.195461,165,Ward 165 (Alandur),12,Alandur,waterlogging,high,Data Unavailable,Data Unavailable,Indira Nagar,Greater Chennai Corporation (GCC) 2015 Water Stagnation Locations,GCC-2015-STAG,https://data.opencity.in/dataset/866141ab-3a3f-4dc0-8092-421d97ba29a2/resource/b5f39598-2e2d-40c5-82c3-806a1ad65c91/download/db3840ff-9f33-43a3-b826-2f9dae1bcb78.kml,VERIFIED INCIDENT,OFFICIALLY_VERIFIED,HIGH,True,OFFICIAL_HISTORICAL_RECORD
CHN-INC-1727,GCC-2015-STAG-0727,2015-12-01,Chennai Floods 2015,100' roa Near Olympia,13.015043,80.204605,168,Ward 168 (Adyar),13,Adyar,waterlogging,high,Data Unavailable,Data Unavailable,100' roa Near Olympia,Greater Chennai Corporation (GCC) 2015 Water Stagnation Locations,GCC-2015-STAG,https://data.opencity.in/dataset/866141ab-3a3f-4dc0-8092-421d97ba29a2/resource/b5f39598-2e2d-40c5-82c3-806a1ad65c91/download/db3840ff-9f33-43a3-b826-2f9dae1bcb78.kml,VERIFIED INCIDENT,OFFICIALLY_VERIFIED,HIGH,True,OFFICIAL_HISTORICAL_RECORD
CHN-INC-1728,GCC-2015-STAG-0728,2015-12-01,Chennai Floods 2015,Kalaimagal nagar,13.026355,80.206461,168,Ward 168 (Adyar),13,Adyar,waterlogging,high,Data Unavailable,Data Unavailable,Kalaimagal nagar,Greater Chennai Corporation (GCC) 2015 Water Stagnation Locations,GCC-2015-STAG,https://data.opencity.in/dataset/866141ab-3a3f-4dc0-8092-421d97ba29a2/resource/b5f39598-2e2d-40c5-82c3-806a1ad65c91/download/db3840ff-9f33-43a3-b826-2f9dae1bcb78.kml,VERIFIED INCIDENT,OFFICIALLY_VERIFIED,HIGH,True,OFFICIAL_HISTORICAL_RECORD
CHN-INC-1729,GCC-2015-STAG-0729,2015-12-01,Chennai Floods 2015,Balaji nagar,13.023332,80.20483,168,Ward 168 (Adyar),13,Adyar,waterlogging,high,Data Unavailable,Data Unavailable,Balaji nagar,Greater Chennai Corporation (GCC) 2015 Water Stagnation Locations,GCC-2015-STAG,https://data.opencity.in/dataset/866141ab-3a3f-4dc0-8092-421d97ba29a2/resource/b5f39598-2e2d-40c5-82c3-806a1ad65c91/download/db3840ff-9f33-43a3-b826-2f9dae1bcb78.kml,VERIFIED INCIDENT,OFFICIALLY_VERIFIED,HIGH,True,OFFICIAL_HISTORICAL_RECORD
CHN-INC-1730,GCC-2015-STAG-0730,2015-12-01,Chennai Floods 2015,Nagi reddy garden,13.018335,80.211203,168,Ward 168 (Adyar),13,Adyar,waterlogging,high,Data Unavailable,Data Unavailable,Nagi reddy garden,Greater Chennai Corporation (GCC) 2015 Water Stagnation Locations,GCC-2015-STAG,https://data.opencity.in/dataset/866141ab-3a3f-4dc0-8092-421d97ba29a2/resource/b5f39598-2e2d-40c5-82c3-806a1ad65c91/download/db3840ff-9f33-43a3-b826-2f9dae1bcb78.kml,VERIFIED INCIDENT,OFFICIALLY_VERIFIED,HIGH,True,OFFICIAL_HISTORICAL_RECORD
CHN-INC-1731,GCC-2015-STAG-0731,2015-12-01,Chennai Floods 2015,Gandhi mandapam road,13.012983,80.240428,169,Ward 169 (Adyar),13,Adyar,waterlogging,high,Data Unavailable,Data Unavailable,Gandhi mandapam road,Greater Chennai Corporation (GCC) 2015 Water Stagnation Locations,GCC-2015-STAG,https://data.opencity.in/dataset/866141ab-3a3f-4dc0-8092-421d97ba29a2/resource/b5f39598-2e2d-40c5-82c3-806a1ad65c91/download/db3840ff-9f33-43a3-b826-2f9dae1bcb78.kml,VERIFIED INCIDENT,OFFICIALLY_VERIFIED,HIGH,True,OFFICIAL_HISTORICAL_RECORD
CHN-INC-1732,GCC-2015-STAG-0732,2015-12-01,Chennai Floods 2015,Srinagar colony,13.014196,80.230687,169,Ward 169 (Adyar),13,Adyar,waterlogging,high,Data Unavailable,Data Unavailable,Srinagar colony,Greater Chennai Corporation (GCC) 2015 Water Stagnation Locations,GCC-2015-STAG,https://data.opencity.in/dataset/866141ab-3a3f-4dc0-8092-421d97ba29a2/resource/b5f39598-2e2d-40c5-82c3-806a1ad65c91/download/db3840ff-9f33-43a3-b826-2f9dae1bcb78.kml,VERIFIED INCIDENT,OFFICIALLY_VERIFIED,HIGH,True,OFFICIAL_HISTORICAL_RECORD
CHN-INC-1733,GCC-2015-STAG-0733,2015-12-01,Chennai Floods 2015,West CIT nagar,13.028621,80.230166,169,Ward 169 (Adyar),13,Adyar,waterlogging,high,Data Unavailable,Data Unavailable,West CIT nagar,Greater Chennai Corporation (GCC) 2015 Water Stagnation Locations,GCC-2015-STAG,https://data.opencity.in/dataset/866141ab-3a3f-4dc0-8092-421d97ba29a2/resource/b5f39598-2e2d-40c5-82c3-806a1ad65c91/download/db3840ff-9f33-43a3-b826-2f9dae1bcb78.kml,VERIFIED INCIDENT,OFFICIALLY_VERIFIED,HIGH,True,OFFICIAL_HISTORICAL_RECORD
CHN-INC-1734,GCC-2015-STAG-0734,2015-12-01,Chennai Floods 2015,Link road,13.020039,80.232285,169,Ward 169 (Adyar),13,Adyar,waterlogging,high,Data Unavailable,Data Unavailable,Link road,Greater Chennai Corporation (GCC) 2015 Water Stagnation Locations,GCC-2015-STAG,https://data.opencity.in/dataset/866141ab-3a3f-4dc0-8092-421d97ba29a2/resource/b5f39598-2e2d-40c5-82c3-806a1ad65c91/download/db3840ff-9f33-43a3-b826-2f9dae1bcb78.kml,VERIFIED INCIDENT,OFFICIALLY_VERIFIED,HIGH,True,OFFICIAL_HISTORICAL_RECORD
CHN-INC-1735,GCC-2015-STAG-0735,2015-12-01,Chennai Floods 2015,Venkatapuram,13.013046,80.225,169,Ward 169 (Adyar),13,Adyar,waterlogging,high,Data Unavailable,Data Unavailable,Venkatapuram,Greater Chennai Corporation (GCC) 2015 Water Stagnation Locations,GCC-2015-STAG,https://data.opencity.in/dataset/866141ab-3a3f-4dc0-8092-421d97ba29a2/resource/b5f39598-2e2d-40c5-82c3-806a1ad65c91/download/db3840ff-9f33-43a3-b826-2f9dae1bcb78.kml,VERIFIED INCIDENT,OFFICIALLY_VERIFIED,HIGH,True,OFFICIAL_HISTORICAL_RECORD
CHN-INC-1736,GCC-2015-STAG-0736,2015-12-01,Chennai Floods 2015,River view road,13.023269,80.245096,170,Ward 170 (Adyar),13,Adyar,waterlogging,high,Data Unavailable,Data Unavailable,River view road,Greater Chennai Corporation (GCC) 2015 Water Stagnation Locations,GCC-2015-STAG,https://data.opencity.in/dataset/866141ab-3a3f-4dc0-8092-421d97ba29a2/resource/b5f39598-2e2d-40c5-82c3-806a1ad65c91/download/db3840ff-9f33-43a3-b826-2f9dae1bcb78.kml,VERIFIED INCIDENT,OFFICIALLY_VERIFIED,HIGH,True,OFFICIAL_HISTORICAL_RECORD
CHN-INC-1737,GCC-2015-STAG-0737,2015-12-01,Chennai Floods 2015,Chitra nagar,13.024043,80.239935,170,Ward 170 (Adyar),13,Adyar,waterlogging,high,Data Unavailable,Data Unavailable,Chitra nagar,Greater Chennai Corporation (GCC) 2015 Water Stagnation Locations,GCC-2015-STAG,https://data.opencity.in/dataset/866141ab-3a3f-4dc0-8092-421d97ba29a2/resource/b5f39598-2e2d-40c5-82c3-806a1ad65c91/download/db3840ff-9f33-43a3-b826-2f9dae1bcb78.kml,VERIFIED INCIDENT,OFFICIALLY_VERIFIED,HIGH,True,OFFICIAL_HISTORICAL_RECORD
CHN-INC-1738,GCC-2015-STAG-0738,2015-12-01,Chennai Floods 2015,Peeliamman koil street,13.012753,80.246029,170,Ward 170 (Adyar),13,Adyar,waterlogging,high,Data Unavailable,Data Unavailable,Peeliamman koil street,Greater Chennai Corporation (GCC) 2015 Water Stagnation Locations,GCC-2015-STAG,https://data.opencity.in/dataset/866141ab-3a3f-4dc0-8092-421d97ba29a2/resource/b5f39598-2e2d-40c5-82c3-806a1ad65c91/download/db3840ff-9f33-43a3-b826-2f9dae1bcb78.kml,VERIFIED INCIDENT,OFFICIALLY_VERIFIED,HIGH,True,OFFICIAL_HISTORICAL_RECORD
CHN-INC-1739,GCC-2015-STAG-0739,2015-12-01,Chennai Floods 2015,Karpagam avenue,13.021617,80.268881,171,Ward 171 (Adyar),13,Adyar,waterlogging,high,Data Unavailable,Data Unavailable,Karpagam avenue,Greater Chennai Corporation (GCC) 2015 Water Stagnation Locations,GCC-2015-STAG,https://data.opencity.in/dataset/866141ab-3a3f-4dc0-8092-421d97ba29a2/resource/b5f39598-2e2d-40c5-82c3-806a1ad65c91/download/db3840ff-9f33-43a3-b826-2f9dae1bcb78.kml,VERIFIED INCIDENT,OFFICIALLY_VERIFIED,HIGH,True,OFFICIAL_HISTORICAL_RECORD
CHN-INC-1740,GCC-2015-STAG-0740,2015-12-01,Chennai Floods 2015,Dr.D.G.S.Dinakaran salai,13.018649,80.265856,171,Ward 171 (Adyar),13,Adyar,waterlogging,high,Data Unavailable,Data Unavailable,Dr.D.G.S.Dinakaran salai,Greater Chennai Corporation (GCC) 2015 Water Stagnation Locations,GCC-2015-STAG,https://data.opencity.in/dataset/866141ab-3a3f-4dc0-8092-421d97ba29a2/resource/b5f39598-2e2d-40c5-82c3-806a1ad65c91/download/db3840ff-9f33-43a3-b826-2f9dae1bcb78.kml,VERIFIED INCIDENT,OFFICIALLY_VERIFIED,HIGH,True,OFFICIAL_HISTORICAL_RECORD
CHN-INC-1741,GCC-2015-STAG-0741,2015-12-01,Chennai Floods 2015,MRC Nagar,13.018921,80.270555,171,Ward 171 (Adyar),13,Adyar,waterlogging,high,Data Unavailable,Data Unavailable,MRC Nagar,Greater Chennai Corporation (GCC) 2015 Water Stagnation Locations,GCC-2015-STAG,https://data.opencity.in/dataset/866141ab-3a3f-4dc0-8092-421d97ba29a2/resource/b5f39598-2e2d-40c5-82c3-806a1ad65c91/download/db3840ff-9f33-43a3-b826-2f9dae1bcb78.kml,VERIFIED INCIDENT,OFFICIALLY_VERIFIED,HIGH,True,OFFICIAL_HISTORICAL_RECORD
CHN-INC-1742,GCC-2015-STAG-0742,2015-12-01,Chennai Floods 2015,May flower garden,13.021837,80.260577,171,Ward 171 (Adyar),13,Adyar,waterlogging,high,Data Unavailable,Data Unavailable,May flower garden,Greater Chennai Corporation (GCC) 2015 Water Stagnation Locations,GCC-2015-STAG,https://data.opencity.in/dataset/866141ab-3a3f-4dc0-8092-421d97ba29a2/resource/b5f39598-2e2d-40c5-82c3-806a1ad65c91/download/db3840ff-9f33-43a3-b826-2f9dae1bcb78.kml,VERIFIED INCIDENT,OFFICIALLY_VERIFIED,HIGH,True,OFFICIAL_HISTORICAL_RECORD
CHN-INC-1743,GCC-2015-STAG-0743,2015-12-01,Chennai Floods 2015,R.K.Nagar IV cross street,13.023018,80.26076,171,Ward 171 (Adyar),13,Adyar,waterlogging,high,Data Unavailable,Data Unavailable,R.K.Nagar IV cross street,Greater Chennai Corporation (GCC) 2015 Water Stagnation Locations,GCC-2015-STAG,https://data.opencity.in/dataset/866141ab-3a3f-4dc0-8092-421d97ba29a2/resource/b5f39598-2e2d-40c5-82c3-806a1ad65c91/download/db3840ff-9f33-43a3-b826-2f9dae1bcb78.kml,VERIFIED INCIDENT,OFFICIALLY_VERIFIED,HIGH,True,OFFICIAL_HISTORICAL_RECORD
CHN-INC-1744,GCC-2015-STAG-0744,2015-12-01,Chennai Floods 2015,P.S.K Salai,13.0203,80.253603,171,Ward 171 (Adyar),13,Adyar,waterlogging,high,Data Unavailable,Data Unavailable,P.S.K Salai,Greater Chennai Corporation (GCC) 2015 Water Stagnation Locations,GCC-2015-STAG,https://data.opencity.in/dataset/866141ab-3a3f-4dc0-8092-421d97ba29a2/resource/b5f39598-2e2d-40c5-82c3-806a1ad65c91/download/db3840ff-9f33-43a3-b826-2f9dae1bcb78.kml,VERIFIED INCIDENT,OFFICIALLY_VERIFIED,HIGH,True,OFFICIAL_HISTORICAL_RECORD
CHN-INC-1745,GCC-2015-STAG-0745,2015-12-01,Chennai Floods 2015,Nehru nagar,12.994438,80.214443,175,Ward 175 (Adyar),13,Adyar,waterlogging,high,Data Unavailable,Data Unavailable,Nehru nagar,Greater Chennai Corporation (GCC) 2015 Water Stagnation Locations,GCC-2015-STAG,https://data.opencity.in/dataset/866141ab-3a3f-4dc0-8092-421d97ba29a2/resource/b5f39598-2e2d-40c5-82c3-806a1ad65c91/download/db3840ff-9f33-43a3-b826-2f9dae1bcb78.kml,VERIFIED INCIDENT,OFFICIALLY_VERIFIED,HIGH,True,OFFICIAL_HISTORICAL_RECORD
CHN-INC-1746,GCC-2015-STAG-0746,2015-12-01,Chennai Floods 2015,Veerapandiya kattabomman street,12.993288,80.216685,172,Ward 172 (Adyar),13,Adyar,waterlogging,high,Data Unavailable,Data Unavailable,Veerapandiya kattabomman street,Greater Chennai Corporation (GCC) 2015 Water Stagnation Locations,GCC-2015-STAG,https://data.opencity.in/dataset/866141ab-3a3f-4dc0-8092-421d97ba29a2/resource/b5f39598-2e2d-40c5-82c3-806a1ad65c91/download/db3840ff-9f33-43a3-b826-2f9dae1bcb78.kml,VERIFIED INCIDENT,OFFICIALLY_VERIFIED,HIGH,True,OFFICIAL_HISTORICAL_RECORD
CHN-INC-1747,GCC-2015-STAG-0747,2015-12-01,Chennai Floods 2015,Manthoppu II lane,13.001035,80.212394,172,Ward 172 (Adyar),13,Adyar,waterlogging,high,Data Unavailable,Data Unavailable,Manthoppu II lane,Greater Chennai Corporation (GCC) 2015 Water Stagnation Locations,GCC-2015-STAG,https://data.opencity.in/dataset/866141ab-3a3f-4dc0-8092-421d97ba29a2/resource/b5f39598-2e2d-40c5-82c3-806a1ad65c91/download/db3840ff-9f33-43a3-b826-2f9dae1bcb78.kml,VERIFIED INCIDENT,OFFICIALLY_VERIFIED,HIGH,True,OFFICIAL_HISTORICAL_RECORD
CHN-INC-1748,GCC-2015-STAG-0748,2015-12-01,Chennai Floods 2015,Five Furlong road,13.000659,80.21337,172,Ward 172 (Adyar),13,Adyar,waterlogging,high,Data Unavailable,Data Unavailable,Five Furlong road,Greater Chennai Corporation (GCC) 2015 Water Stagnation Locations,GCC-2015-STAG,https://data.opencity.in/dataset/866141ab-3a3f-4dc0-8092-421d97ba29a2/resource/b5f39598-2e2d-40c5-82c3-806a1ad65c91/download/db3840ff-9f33-43a3-b826-2f9dae1bcb78.kml,VERIFIED INCIDENT,OFFICIALLY_VERIFIED,HIGH,True,OFFICIAL_HISTORICAL_RECORD
CHN-INC-1749,GCC-2015-STAG-0749,2015-12-01,Chennai Floods 2015,Pillaiyar koil lane,12.999749,80.210742,172,Ward 172 (Adyar),13,Adyar,waterlogging,high,Data Unavailable,Data Unavailable,Pillaiyar koil lane,Greater Chennai Corporation (GCC) 2015 Water Stagnation Locations,GCC-2015-STAG,https://data.opencity.in/dataset/866141ab-3a3f-4dc0-8092-421d97ba29a2/resource/b5f39598-2e2d-40c5-82c3-806a1ad65c91/download/db3840ff-9f33-43a3-b826-2f9dae1bcb78.kml,VERIFIED INCIDENT,OFFICIALLY_VERIFIED,HIGH,True,OFFICIAL_HISTORICAL_RECORD
CHN-INC-1750,GCC-2015-STAG-0750,2015-12-01,Chennai Floods 2015,Vandikaran street,12.997146,80.211053,172,Ward 172 (Adyar),13,Adyar,waterlogging,high,Data Unavailable,Data Unavailable,Vandikaran street,Greater Chennai Corporation (GCC) 2015 Water Stagnation Locations,GCC-2015-STAG,https://data.opencity.in/dataset/866141ab-3a3f-4dc0-8092-421d97ba29a2/resource/b5f39598-2e2d-40c5-82c3-806a1ad65c91/download/db3840ff-9f33-43a3-b826-2f9dae1bcb78.kml,VERIFIED INCIDENT,OFFICIALLY_VERIFIED,HIGH,True,OFFICIAL_HISTORICAL_RECORD
CHN-INC-1751,GCC-2015-STAG-0751,2015-12-01,Chennai Floods 2015,Race course road,13.004673,80.212394,172,Ward 172 (Adyar),13,Adyar,waterlogging,high,Data Unavailable,Data Unavailable,Race course road,Greater Chennai Corporation (GCC) 2015 Water Stagnation Locations,GCC-2015-STAG,https://data.opencity.in/dataset/866141ab-3a3f-4dc0-8092-421d97ba29a2/resource/b5f39598-2e2d-40c5-82c3-806a1ad65c91/download/db3840ff-9f33-43a3-b826-2f9dae1bcb78.kml,VERIFIED INCIDENT,OFFICIALLY_VERIFIED,HIGH,True,OFFICIAL_HISTORICAL_RECORD
CHN-INC-1752,GCC-2015-STAG-0752,2015-12-01,Chennai Floods 2015,City limit road,12.996613,80.207963,175,Ward 175 (Adyar),13,Adyar,waterlogging,high,Data Unavailable,Data Unavailable,City limit road,Greater Chennai Corporation (GCC) 2015 Water Stagnation Locations,GCC-2015-STAG,https://data.opencity.in/dataset/866141ab-3a3f-4dc0-8092-421d97ba29a2/resource/b5f39598-2e2d-40c5-82c3-806a1ad65c91/download/db3840ff-9f33-43a3-b826-2f9dae1bcb78.kml,VERIFIED INCIDENT,OFFICIALLY_VERIFIED,HIGH,True,OFFICIAL_HISTORICAL_RECORD
CHN-INC-1753,GCC-2015-STAG-0753,2015-12-01,Chennai Floods 2015,Velachery main,12.993519,80.218113,172,Ward 172 (Adyar),13,Adyar,waterlogging,high,Data Unavailable,Data Unavailable,Velachery main,Greater Chennai Corporation (GCC) 2015 Water Stagnation Locations,GCC-2015-STAG,https://data.opencity.in/dataset/866141ab-3a3f-4dc0-8092-421d97ba29a2/resource/b5f39598-2e2d-40c5-82c3-806a1ad65c91/download/db3840ff-9f33-43a3-b826-2f9dae1bcb78.kml,VERIFIED INCIDENT,OFFICIALLY_VERIFIED,HIGH,True,OFFICIAL_HISTORICAL_RECORD
CHN-INC-1754,GCC-2015-SDSS-0001,2015-12-01,Chennai Floods 2015,Sathya Moorthy Nagar 24th Block,13.116288,80.267285,46,Ward 46 (Tondiarpet),4,Tondiarpet,waterlogging,medium,<2ft,Low Vulnerability less than 2 feet,Sathya Moorthy Nagar 24th Block | Depth: <2ft ft | Level: Low Vulnerability less than 2 feet,GCC Area Flood Hotspots (Chennai SDSS),GCC-2015-SDSS,https://data.opencity.in/dataset/866141ab-3a3f-4dc0-8092-421d97ba29a2/resource/8e1c5b2d-322c-4dbd-bd64-6da2d1a8681d/download/31523c86-0ad1-42f5-b4d1-297daa4bbcd6.kml,VERIFIED INCIDENT,OFFICIALLY_VERIFIED,HIGH,True,OFFICIAL_HISTORICAL_RECORD
CHN-INC-1755,GCC-2015-SDSS-0002,2015-12-01,Chennai Floods 2015,KH Road,13.118082,80.276295,47,Ward 47 (Tondiarpet),4,Tondiarpet,waterlogging,high,3 to 5 ft,High Vulnerability 3 to 5 Feet,KH Road | Depth: 3 to 5 ft ft | Level: High Vulnerability 3 to 5 Feet,GCC Area Flood Hotspots (Chennai SDSS),GCC-2015-SDSS,https://data.opencity.in/dataset/866141ab-3a3f-4dc0-8092-421d97ba29a2/resource/8e1c5b2d-322c-4dbd-bd64-6da2d1a8681d/download/31523c86-0ad1-42f5-b4d1-297daa4bbcd6.kml,VERIFIED INCIDENT,OFFICIALLY_VERIFIED,HIGH,True,OFFICIAL_HISTORICAL_RECORD
CHN-INC-1756,GCC-2015-SDSS-0003,2015-12-01,Chennai Floods 2015,Walltax Road,13.101041,80.274816,54,Ward 54 (Royapuram),5,Royapuram,waterlogging,medium,<2ft,Low Vulnerability less than 2 feet,Walltax Road | Depth: <2ft ft | Level: Low Vulnerability less than 2 feet,GCC Area Flood Hotspots (Chennai SDSS),GCC-2015-SDSS,https://data.opencity.in/dataset/866141ab-3a3f-4dc0-8092-421d97ba29a2/resource/8e1c5b2d-322c-4dbd-bd64-6da2d1a8681d/download/31523c86-0ad1-42f5-b4d1-297daa4bbcd6.kml,VERIFIED INCIDENT,OFFICIALLY_VERIFIED,HIGH,True,OFFICIAL_HISTORICAL_RECORD
CHN-INC-1757,GCC-2015-SDSS-0004,2015-12-01,Chennai Floods 2015,"Sydnams Road,",13.08806,80.269785,58,Ward 58 (Royapuram),5,Royapuram,waterlogging,medium,<2ft,Low Vulnerability less than 2 feet,"Sydnams Road, | Depth: <2ft ft | Level: Low Vulnerability less than 2 feet",GCC Area Flood Hotspots (Chennai SDSS),GCC-2015-SDSS,https://data.opencity.in/dataset/866141ab-3a3f-4dc0-8092-421d97ba29a2/resource/8e1c5b2d-322c-4dbd-bd64-6da2d1a8681d/download/31523c86-0ad1-42f5-b4d1-297daa4bbcd6.kml,VERIFIED INCIDENT,OFFICIALLY_VERIFIED,HIGH,True,OFFICIAL_HISTORICAL_RECORD
CHN-INC-1758,GCC-2015-SDSS-0005,2015-12-01,Chennai Floods 2015,Avvai Shanmugam Salai,13.047903,80.265028,119,Ward 119 (Teynampet),9,Teynampet,waterlogging,high,3 to 5 ft,High Vulnerability 3 to 5 Feet,Avvai Shanmugam Salai | Depth: 3 to 5 ft ft | Level: High Vulnerability 3 to 5 Feet,GCC Area Flood Hotspots (Chennai SDSS),GCC-2015-SDSS,https://data.opencity.in/dataset/866141ab-3a3f-4dc0-8092-421d97ba29a2/resource/8e1c5b2d-322c-4dbd-bd64-6da2d1a8681d/download/31523c86-0ad1-42f5-b4d1-297daa4bbcd6.kml,VERIFIED INCIDENT,OFFICIALLY_VERIFIED,HIGH,True,OFFICIAL_HISTORICAL_RECORD
CHN-INC-1759,GCC-2015-SDSS-0006,2015-12-01,Chennai Floods 2015,Avvai Shanmugam Salai 1st Lane,13.047214,80.265348,119,Ward 119 (Teynampet),9,Teynampet,waterlogging,critical,>5ft,Very High Vulnerability Above 5 Feet,Avvai Shanmugam Salai 1st Lane | Depth: >5ft ft | Level: Very High Vulnerability Above 5 Feet,GCC Area Flood Hotspots (Chennai SDSS),GCC-2015-SDSS,https://data.opencity.in/dataset/866141ab-3a3f-4dc0-8092-421d97ba29a2/resource/8e1c5b2d-322c-4dbd-bd64-6da2d1a8681d/download/31523c86-0ad1-42f5-b4d1-297daa4bbcd6.kml,VERIFIED INCIDENT,OFFICIALLY_VERIFIED,HIGH,True,OFFICIAL_HISTORICAL_RECORD
CHN-INC-1760,GCC-2015-SDSS-0007,2015-12-01,Chennai Floods 2015,Lakshmipuram 2nd Street,13.046644,80.26302,119,Ward 119 (Teynampet),9,Teynampet,waterlogging,medium,<2ft,Low Vulnerability less than 2 feet,Lakshmipuram 2nd Street | Depth: <2ft ft | Level: Low Vulnerability less than 2 feet,GCC Area Flood Hotspots (Chennai SDSS),GCC-2015-SDSS,https://data.opencity.in/dataset/866141ab-3a3f-4dc0-8092-421d97ba29a2/resource/8e1c5b2d-322c-4dbd-bd64-6da2d1a8681d/download/31523c86-0ad1-42f5-b4d1-297daa4bbcd6.kml,VERIFIED INCIDENT,OFFICIALLY_VERIFIED,HIGH,True,OFFICIAL_HISTORICAL_RECORD
CHN-INC-1761,GCC-2015-SDSS-0008,2015-12-01,Chennai Floods 2015,Mohamadin Salai,13.110348,80.231107,68,Ward 68 (Thiru. Vi. Ka. Nagar),6,Thiru. Vi. Ka. Nagar,waterlogging,medium,<2ft,Low Vulnerability less than 2 feet,Mohamadin Salai | Depth: <2ft ft | Level: Low Vulnerability less than 2 feet,GCC Area Flood Hotspots (Chennai SDSS),GCC-2015-SDSS,https://data.opencity.in/dataset/866141ab-3a3f-4dc0-8092-421d97ba29a2/resource/8e1c5b2d-322c-4dbd-bd64-6da2d1a8681d/download/31523c86-0ad1-42f5-b4d1-297daa4bbcd6.kml,VERIFIED INCIDENT,OFFICIALLY_VERIFIED,HIGH,True,OFFICIAL_HISTORICAL_RECORD
CHN-INC-1762,GCC-2015-SDSS-0009,2015-12-01,Chennai Floods 2015,Angalamman Koil Street,13.095789,80.262466,76,Ward 76 (Thiru. Vi. Ka. Nagar),6,Thiru. Vi. Ka. Nagar,waterlogging,medium,<2ft,Low Vulnerability less than 2 feet,Angalamman Koil Street | Depth: <2ft ft | Level: Low Vulnerability less than 2 feet,GCC Area Flood Hotspots (Chennai SDSS),GCC-2015-SDSS,https://data.opencity.in/dataset/866141ab-3a3f-4dc0-8092-421d97ba29a2/resource/8e1c5b2d-322c-4dbd-bd64-6da2d1a8681d/download/31523c86-0ad1-42f5-b4d1-297daa4bbcd6.kml,VERIFIED INCIDENT,OFFICIALLY_VERIFIED,HIGH,True,OFFICIAL_HISTORICAL_RECORD
CHN-INC-1763,GCC-2015-SDSS-0010,2015-12-01,Chennai Floods 2015,Sec Colony 1st to 9th Street,13.092033,80.245113,75,Ward 75 (Thiru. Vi. Ka. Nagar),6,Thiru. Vi. Ka. Nagar,waterlogging,medium,<2ft,Low Vulnerability less than 2 feet,Sec Colony 1st to 9th Street | Depth: <2ft ft | Level: Low Vulnerability less than 2 feet,GCC Area Flood Hotspots (Chennai SDSS),GCC-2015-SDSS,https://data.opencity.in/dataset/866141ab-3a3f-4dc0-8092-421d97ba29a2/resource/8e1c5b2d-322c-4dbd-bd64-6da2d1a8681d/download/31523c86-0ad1-42f5-b4d1-297daa4bbcd6.kml,VERIFIED INCIDENT,OFFICIALLY_VERIFIED,HIGH,True,OFFICIAL_HISTORICAL_RECORD
CHN-INC-1764,GCC-2015-SDSS-0011,2015-12-01,Chennai Floods 2015,Vallavan Street,13.094223,80.251796,76,Ward 76 (Thiru. Vi. Ka. Nagar),6,Thiru. Vi. Ka. Nagar,waterlogging,medium,<2ft,Low Vulnerability less than 2 feet,Vallavan Street | Depth: <2ft ft | Level: Low Vulnerability less than 2 feet,GCC Area Flood Hotspots (Chennai SDSS),GCC-2015-SDSS,https://data.opencity.in/dataset/866141ab-3a3f-4dc0-8092-421d97ba29a2/resource/8e1c5b2d-322c-4dbd-bd64-6da2d1a8681d/download/31523c86-0ad1-42f5-b4d1-297daa4bbcd6.kml,VERIFIED INCIDENT,OFFICIALLY_VERIFIED,HIGH,True,OFFICIAL_HISTORICAL_RECORD
CHN-INC-1765,GCC-2015-SDSS-0012,2015-12-01,Chennai Floods 2015,Cth Road near Petrol Bunk,13.099189,80.1725,86,Ward 86 (Ambattur),7,Ambattur,waterlogging,medium,<2ft,Low Vulnerability less than 2 feet,Cth Road near Petrol Bunk | Depth: <2ft ft | Level: Low Vulnerability less than 2 feet,GCC Area Flood Hotspots (Chennai SDSS),GCC-2015-SDSS,https://data.opencity.in/dataset/866141ab-3a3f-4dc0-8092-421d97ba29a2/resource/8e1c5b2d-322c-4dbd-bd64-6da2d1a8681d/download/31523c86-0ad1-42f5-b4d1-297daa4bbcd6.kml,VERIFIED INCIDENT,OFFICIALLY_VERIFIED,HIGH,True,OFFICIAL_HISTORICAL_RECORD
CHN-INC-1766,GCC-2015-SDSS-0013,2015-12-01,Chennai Floods 2015,Gopal Reddy Colony,13.109925,80.230545,69,Ward 69 (Thiru. Vi. Ka. Nagar),6,Thiru. Vi. Ka. Nagar,waterlogging,medium,<2ft,Low Vulnerability less than 2 feet,Gopal Reddy Colony | Depth: <2ft ft | Level: Low Vulnerability less than 2 feet,GCC Area Flood Hotspots (Chennai SDSS),GCC-2015-SDSS,https://data.opencity.in/dataset/866141ab-3a3f-4dc0-8092-421d97ba29a2/resource/8e1c5b2d-322c-4dbd-bd64-6da2d1a8681d/download/31523c86-0ad1-42f5-b4d1-297daa4bbcd6.kml,VERIFIED INCIDENT,OFFICIALLY_VERIFIED,HIGH,True,OFFICIAL_HISTORICAL_RECORD
CHN-INC-1767,GCC-2015-SDSS-0014,2015-12-01,Chennai Floods 2015,Pallavan Street,13.111285,80.231212,69,Ward 69 (Thiru. Vi. Ka. Nagar),6,Thiru. Vi. Ka. Nagar,waterlogging,medium,<2ft,Low Vulnerability less than 2 feet,Pallavan Street | Depth: <2ft ft | Level: Low Vulnerability less than 2 feet,GCC Area Flood Hotspots (Chennai SDSS),GCC-2015-SDSS,https://data.opencity.in/dataset/866141ab-3a3f-4dc0-8092-421d97ba29a2/resource/8e1c5b2d-322c-4dbd-bd64-6da2d1a8681d/download/31523c86-0ad1-42f5-b4d1-297daa4bbcd6.kml,VERIFIED INCIDENT,OFFICIALLY_VERIFIED,HIGH,True,OFFICIAL_HISTORICAL_RECORD
CHN-INC-1768,GCC-2015-SDSS-0015,2015-12-01,Chennai Floods 2015,Decaster Road,13.102463,80.261692,73,Ward 73 (Thiru. Vi. Ka. Nagar),6,Thiru. Vi. Ka. Nagar,waterlogging,medium,<2ft,Low Vulnerability less than 2 feet,Decaster Road | Depth: <2ft ft | Level: Low Vulnerability less than 2 feet,GCC Area Flood Hotspots (Chennai SDSS),GCC-2015-SDSS,https://data.opencity.in/dataset/866141ab-3a3f-4dc0-8092-421d97ba29a2/resource/8e1c5b2d-322c-4dbd-bd64-6da2d1a8681d/download/31523c86-0ad1-42f5-b4d1-297daa4bbcd6.kml,VERIFIED INCIDENT,OFFICIALLY_VERIFIED,HIGH,True,OFFICIAL_HISTORICAL_RECORD
CHN-INC-1769,GCC-2015-SDSS-0016,2015-12-01,Chennai Floods 2015,Doss Nagar Pallam,13.108806,80.264365,72,Ward 72 (Thiru. Vi. Ka. Nagar),6,Thiru. Vi. Ka. Nagar,waterlogging,medium,<2ft,Low Vulnerability less than 2 feet,Doss Nagar Pallam | Depth: <2ft ft | Level: Low Vulnerability less than 2 feet,GCC Area Flood Hotspots (Chennai SDSS),GCC-2015-SDSS,https://data.opencity.in/dataset/866141ab-3a3f-4dc0-8092-421d97ba29a2/resource/8e1c5b2d-322c-4dbd-bd64-6da2d1a8681d/download/31523c86-0ad1-42f5-b4d1-297daa4bbcd6.kml,VERIFIED INCIDENT,OFFICIALLY_VERIFIED,HIGH,True,OFFICIAL_HISTORICAL_RECORD
CHN-INC-1770,GCC-2015-SDSS-0017,2015-12-01,Chennai Floods 2015,Straganas Road,13.097382,80.258389,76,Ward 76 (Thiru. Vi. Ka. Nagar),6,Thiru. Vi. Ka. Nagar,waterlogging,medium,<2ft,Low Vulnerability less than 2 feet,Straganas Road | Depth: <2ft ft | Level: Low Vulnerability less than 2 feet,GCC Area Flood Hotspots (Chennai SDSS),GCC-2015-SDSS,https://data.opencity.in/dataset/866141ab-3a3f-4dc0-8092-421d97ba29a2/resource/8e1c5b2d-322c-4dbd-bd64-6da2d1a8681d/download/31523c86-0ad1-42f5-b4d1-297daa4bbcd6.kml,VERIFIED INCIDENT,OFFICIALLY_VERIFIED,HIGH,True,OFFICIAL_HISTORICAL_RECORD
CHN-INC-1771,GCC-2015-SDSS-0018,2015-12-01,Chennai Floods 2015,"Demellous Road 
(Near Haj Committee)",13.093637,80.268534,77,Ward 77 (Thiru. Vi. Ka. Nagar),6,Thiru. Vi. Ka. Nagar,waterlogging,medium,<2ft,Low Vulnerability less than 2 feet,"Demellous Road 
(Near Haj Committee) | Depth: <2ft ft | Level: Low Vulnerability less than 2 feet",GCC Area Flood Hotspots (Chennai SDSS),GCC-2015-SDSS,https://data.opencity.in/dataset/866141ab-3a3f-4dc0-8092-421d97ba29a2/resource/8e1c5b2d-322c-4dbd-bd64-6da2d1a8681d/download/31523c86-0ad1-42f5-b4d1-297daa4bbcd6.kml,VERIFIED INCIDENT,OFFICIALLY_VERIFIED,HIGH,True,OFFICIAL_HISTORICAL_RECORD
CHN-INC-1772,GCC-2015-SDSS-0019,2015-12-01,Chennai Floods 2015,"Srinivasapuram, B.K.N Colony",13.153122,80.294262,12,Ward 12 (Thiruvottiyur),1,Thiruvottiyur,waterlogging,medium,<2ft,Low Vulnerability less than 2 feet,"Srinivasapuram, B.K.N Colony | Depth: <2ft ft | Level: Low Vulnerability less than 2 feet",GCC Area Flood Hotspots (Chennai SDSS),GCC-2015-SDSS,https://data.opencity.in/dataset/866141ab-3a3f-4dc0-8092-421d97ba29a2/resource/8e1c5b2d-322c-4dbd-bd64-6da2d1a8681d/download/31523c86-0ad1-42f5-b4d1-297daa4bbcd6.kml,VERIFIED INCIDENT,OFFICIALLY_VERIFIED,HIGH,True,OFFICIAL_HISTORICAL_RECORD
CHN-INC-1773,GCC-2015-SDSS-0020,2015-12-01,Chennai Floods 2015,"Nandhi odai , Sadayankuppam battai",13.159858,80.296944,10,Ward 10 (Thiruvottiyur),1,Thiruvottiyur,waterlogging,high,3 to 5 ft,High Vulnerability 3 to 5 Feet,"Nandhi odai , Sadayankuppam battai | Depth: 3 to 5 ft ft | Level: High Vulnerability 3 to 5 Feet",GCC Area Flood Hotspots (Chennai SDSS),GCC-2015-SDSS,https://data.opencity.in/dataset/866141ab-3a3f-4dc0-8092-421d97ba29a2/resource/8e1c5b2d-322c-4dbd-bd64-6da2d1a8681d/download/31523c86-0ad1-42f5-b4d1-297daa4bbcd6.kml,VERIFIED INCIDENT,OFFICIALLY_VERIFIED,HIGH,True,OFFICIAL_HISTORICAL_RECORD
CHN-INC-1774,GCC-2015-SDSS-0021,2015-12-01,Chennai Floods 2015,Kalaignar nagar,13.174115,80.296761,6,Ward 6 (Thiruvottiyur),1,Thiruvottiyur,waterlogging,critical,>5ft,Very High Vulnerability Above 5 Feet,Kalaignar nagar | Depth: >5ft ft | Level: Very High Vulnerability Above 5 Feet,GCC Area Flood Hotspots (Chennai SDSS),GCC-2015-SDSS,https://data.opencity.in/dataset/866141ab-3a3f-4dc0-8092-421d97ba29a2/resource/8e1c5b2d-322c-4dbd-bd64-6da2d1a8681d/download/31523c86-0ad1-42f5-b4d1-297daa4bbcd6.kml,VERIFIED INCIDENT,OFFICIALLY_VERIFIED,HIGH,True,OFFICIAL_HISTORICAL_RECORD
CHN-INC-1775,GCC-2015-SDSS-0022,2015-12-01,Chennai Floods 2015,"AD Colony, Ernaavoor",13.189967,80.303315,4,Ward 4 (Thiruvottiyur),1,Thiruvottiyur,waterlogging,high,3 to 5 ft,High Vulnerability 3 to 5 Feet,"AD Colony, Ernaavoor | Depth: 3 to 5 ft ft | Level: High Vulnerability 3 to 5 Feet",GCC Area Flood Hotspots (Chennai SDSS),GCC-2015-SDSS,https://data.opencity.in/dataset/866141ab-3a3f-4dc0-8092-421d97ba29a2/resource/8e1c5b2d-322c-4dbd-bd64-6da2d1a8681d/download/31523c86-0ad1-42f5-b4d1-297daa4bbcd6.kml,VERIFIED INCIDENT,OFFICIALLY_VERIFIED,HIGH,True,OFFICIAL_HISTORICAL_RECORD
CHN-INC-1776,GCC-2015-SDSS-0023,2015-12-01,Chennai Floods 2015,"SVM Nagar, Ulaganathapuram",13.226273,80.326563,1,Ward 1 (Thiruvottiyur),1,Thiruvottiyur,waterlogging,high,3 to 5 ft,High Vulnerability 3 to 5 Feet,"SVM Nagar, Ulaganathapuram | Depth: 3 to 5 ft ft | Level: High Vulnerability 3 to 5 Feet",GCC Area Flood Hotspots (Chennai SDSS),GCC-2015-SDSS,https://data.opencity.in/dataset/866141ab-3a3f-4dc0-8092-421d97ba29a2/resource/8e1c5b2d-322c-4dbd-bd64-6da2d1a8681d/download/31523c86-0ad1-42f5-b4d1-297daa4bbcd6.kml,VERIFIED INCIDENT,OFFICIALLY_VERIFIED,HIGH,True,OFFICIAL_HISTORICAL_RECORD
CHN-INC-1777,GCC-2015-SDSS-0024,2015-12-01,Chennai Floods 2015,"Kargil nagar, Rajaji nagar",13.172924,80.29136,7,Ward 7 (Thiruvottiyur),1,Thiruvottiyur,waterlogging,high,3 to 5 ft,High Vulnerability 3 to 5 Feet,"Kargil nagar, Rajaji nagar | Depth: 3 to 5 ft ft | Level: High Vulnerability 3 to 5 Feet",GCC Area Flood Hotspots (Chennai SDSS),GCC-2015-SDSS,https://data.opencity.in/dataset/866141ab-3a3f-4dc0-8092-421d97ba29a2/resource/8e1c5b2d-322c-4dbd-bd64-6da2d1a8681d/download/31523c86-0ad1-42f5-b4d1-297daa4bbcd6.kml,VERIFIED INCIDENT,OFFICIALLY_VERIFIED,HIGH,True,OFFICIAL_HISTORICAL_RECORD
CHN-INC-1778,GCC-2015-SDSS-0025,2015-12-01,Chennai Floods 2015,"Kargil nagar, Rajaji nagar",13.149499,80.270158,7,Ward 7 (Thiruvottiyur),1,Thiruvottiyur,waterlogging,high,3 to 5 ft,High Vulnerability 3 to 5 Feet,"Kargil nagar, Rajaji nagar | Depth: 3 to 5 ft ft | Level: High Vulnerability 3 to 5 Feet",GCC Area Flood Hotspots (Chennai SDSS),GCC-2015-SDSS,https://data.opencity.in/dataset/866141ab-3a3f-4dc0-8092-421d97ba29a2/resource/8e1c5b2d-322c-4dbd-bd64-6da2d1a8681d/download/31523c86-0ad1-42f5-b4d1-297daa4bbcd6.kml,VERIFIED INCIDENT,OFFICIALLY_VERIFIED,HIGH,True,OFFICIAL_HISTORICAL_RECORD
CHN-INC-1779,GCC-2015-SDSS-0026,2015-12-01,Chennai Floods 2015,Walltax Road,13.101828,80.274389,53,Ward 53 (Royapuram),5,Royapuram,waterlogging,medium,<2ft,Low Vulnerability less than 2 feet,Walltax Road | Depth: <2ft ft | Level: Low Vulnerability less than 2 feet,GCC Area Flood Hotspots (Chennai SDSS),GCC-2015-SDSS,https://data.opencity.in/dataset/866141ab-3a3f-4dc0-8092-421d97ba29a2/resource/8e1c5b2d-322c-4dbd-bd64-6da2d1a8681d/download/31523c86-0ad1-42f5-b4d1-297daa4bbcd6.kml,VERIFIED INCIDENT,OFFICIALLY_VERIFIED,HIGH,True,OFFICIAL_HISTORICAL_RECORD
CHN-INC-1780,GCC-2015-SDSS-0027,2015-12-01,Chennai Floods 2015,Walltax Road,13.097466,80.275261,54,Ward 54 (Royapuram),5,Royapuram,waterlogging,medium,<2ft,Low Vulnerability less than 2 feet,Walltax Road | Depth: <2ft ft | Level: Low Vulnerability less than 2 feet,GCC Area Flood Hotspots (Chennai SDSS),GCC-2015-SDSS,https://data.opencity.in/dataset/866141ab-3a3f-4dc0-8092-421d97ba29a2/resource/8e1c5b2d-322c-4dbd-bd64-6da2d1a8681d/download/31523c86-0ad1-42f5-b4d1-297daa4bbcd6.kml,VERIFIED INCIDENT,OFFICIALLY_VERIFIED,HIGH,True,OFFICIAL_HISTORICAL_RECORD
CHN-INC-1781,GCC-2015-SDSS-0028,2015-12-01,Chennai Floods 2015,"EVK Sampath Salai,",13.080539,80.262678,58,Ward 58 (Royapuram),5,Royapuram,waterlogging,medium,<2ft,Low Vulnerability less than 2 feet,"EVK Sampath Salai, | Depth: <2ft ft | Level: Low Vulnerability less than 2 feet",GCC Area Flood Hotspots (Chennai SDSS),GCC-2015-SDSS,https://data.opencity.in/dataset/866141ab-3a3f-4dc0-8092-421d97ba29a2/resource/8e1c5b2d-322c-4dbd-bd64-6da2d1a8681d/download/31523c86-0ad1-42f5-b4d1-297daa4bbcd6.kml,VERIFIED INCIDENT,OFFICIALLY_VERIFIED,HIGH,True,OFFICIAL_HISTORICAL_RECORD
CHN-INC-1782,GCC-2015-SDSS-0029,2015-12-01,Chennai Floods 2015,"VOC Salai,",13.082072,80.276253,59,Ward 59 (Royapuram),5,Royapuram,waterlogging,medium,<2ft,Low Vulnerability less than 2 feet,"VOC Salai, | Depth: <2ft ft | Level: Low Vulnerability less than 2 feet",GCC Area Flood Hotspots (Chennai SDSS),GCC-2015-SDSS,https://data.opencity.in/dataset/866141ab-3a3f-4dc0-8092-421d97ba29a2/resource/8e1c5b2d-322c-4dbd-bd64-6da2d1a8681d/download/31523c86-0ad1-42f5-b4d1-297daa4bbcd6.kml,VERIFIED INCIDENT,OFFICIALLY_VERIFIED,HIGH,True,OFFICIAL_HISTORICAL_RECORD
CHN-INC-1783,GCC-2015-SDSS-0030,2015-12-01,Chennai Floods 2015,Ghandhi Irwan Bridge Road,13.07671,80.265552,61,Ward 61 (Royapuram),5,Royapuram,waterlogging,medium,<2ft,Low Vulnerability less than 2 feet,Ghandhi Irwan Bridge Road | Depth: <2ft ft | Level: Low Vulnerability less than 2 feet,GCC Area Flood Hotspots (Chennai SDSS),GCC-2015-SDSS,https://data.opencity.in/dataset/866141ab-3a3f-4dc0-8092-421d97ba29a2/resource/8e1c5b2d-322c-4dbd-bd64-6da2d1a8681d/download/31523c86-0ad1-42f5-b4d1-297daa4bbcd6.kml,VERIFIED INCIDENT,OFFICIALLY_VERIFIED,HIGH,True,OFFICIAL_HISTORICAL_RECORD
CHN-INC-1784,GCC-2015-SDSS-0031,2015-12-01,Chennai Floods 2015,"Egmore High Road,",13.074853,80.254878,61,Ward 61 (Royapuram),5,Royapuram,waterlogging,medium,<2ft,Low Vulnerability less than 2 feet,"Egmore High Road, | Depth: <2ft ft | Level: Low Vulnerability less than 2 feet",GCC Area Flood Hotspots (Chennai SDSS),GCC-2015-SDSS,https://data.opencity.in/dataset/866141ab-3a3f-4dc0-8092-421d97ba29a2/resource/8e1c5b2d-322c-4dbd-bd64-6da2d1a8681d/download/31523c86-0ad1-42f5-b4d1-297daa4bbcd6.kml,VERIFIED INCIDENT,OFFICIALLY_VERIFIED,HIGH,True,OFFICIAL_HISTORICAL_RECORD
CHN-INC-1785,GCC-2015-SDSS-0032,2015-12-01,Chennai Floods 2015,"Singanna Chetty Street,",13.077751,80.271894,62,Ward 62 (Royapuram),5,Royapuram,waterlogging,medium,<2ft,Low Vulnerability less than 2 feet,"Singanna Chetty Street, | Depth: <2ft ft | Level: Low Vulnerability less than 2 feet",GCC Area Flood Hotspots (Chennai SDSS),GCC-2015-SDSS,https://data.opencity.in/dataset/866141ab-3a3f-4dc0-8092-421d97ba29a2/resource/8e1c5b2d-322c-4dbd-bd64-6da2d1a8681d/download/31523c86-0ad1-42f5-b4d1-297daa4bbcd6.kml,VERIFIED INCIDENT,OFFICIALLY_VERIFIED,HIGH,True,OFFICIAL_HISTORICAL_RECORD
CHN-INC-1786,GCC-2015-SDSS-0033,2015-12-01,Chennai Floods 2015,"Arunachalam Road,",13.074916,80.271895,62,Ward 62 (Royapuram),5,Royapuram,waterlogging,medium,<2ft,Low Vulnerability less than 2 feet,"Arunachalam Road, | Depth: <2ft ft | Level: Low Vulnerability less than 2 feet",GCC Area Flood Hotspots (Chennai SDSS),GCC-2015-SDSS,https://data.opencity.in/dataset/866141ab-3a3f-4dc0-8092-421d97ba29a2/resource/8e1c5b2d-322c-4dbd-bd64-6da2d1a8681d/download/31523c86-0ad1-42f5-b4d1-297daa4bbcd6.kml,VERIFIED INCIDENT,OFFICIALLY_VERIFIED,HIGH,True,OFFICIAL_HISTORICAL_RECORD
CHN-INC-1787,GCC-2015-SDSS-0034,2015-12-01,Chennai Floods 2015,"Vijayaragavalu Roundana,",13.111736,80.277513,52,Ward 52 (Royapuram),5,Royapuram,waterlogging,high,3 to 5 ft,High Vulnerability 3 to 5 Feet,"Vijayaragavalu Roundana, | Depth: 3 to 5 ft ft | Level: High Vulnerability 3 to 5 Feet",GCC Area Flood Hotspots (Chennai SDSS),GCC-2015-SDSS,https://data.opencity.in/dataset/866141ab-3a3f-4dc0-8092-421d97ba29a2/resource/8e1c5b2d-322c-4dbd-bd64-6da2d1a8681d/download/31523c86-0ad1-42f5-b4d1-297daa4bbcd6.kml,VERIFIED INCIDENT,OFFICIALLY_VERIFIED,HIGH,True,OFFICIAL_HISTORICAL_RECORD
CHN-INC-1788,GCC-2015-SDSS-0035,2015-12-01,Chennai Floods 2015,"Chella pillayar Koil Street,",13.058692,80.268338,63,Ward 63 (Royapuram),5,Royapuram,waterlogging,medium,<2ft,Low Vulnerability less than 2 feet,"Chella pillayar Koil Street, | Depth: <2ft ft | Level: Low Vulnerability less than 2 feet",GCC Area Flood Hotspots (Chennai SDSS),GCC-2015-SDSS,https://data.opencity.in/dataset/866141ab-3a3f-4dc0-8092-421d97ba29a2/resource/8e1c5b2d-322c-4dbd-bd64-6da2d1a8681d/download/31523c86-0ad1-42f5-b4d1-297daa4bbcd6.kml,VERIFIED INCIDENT,OFFICIALLY_VERIFIED,HIGH,True,OFFICIAL_HISTORICAL_RECORD
CHN-INC-1789,GCC-2015-SDSS-0036,2015-12-01,Chennai Floods 2015,"G.P. Road,",13.062185,80.266456,63,Ward 63 (Royapuram),5,Royapuram,waterlogging,medium,<2ft,Low Vulnerability less than 2 feet,"G.P. Road, | Depth: <2ft ft | Level: Low Vulnerability less than 2 feet",GCC Area Flood Hotspots (Chennai SDSS),GCC-2015-SDSS,https://data.opencity.in/dataset/866141ab-3a3f-4dc0-8092-421d97ba29a2/resource/8e1c5b2d-322c-4dbd-bd64-6da2d1a8681d/download/31523c86-0ad1-42f5-b4d1-297daa4bbcd6.kml,VERIFIED INCIDENT,OFFICIALLY_VERIFIED,HIGH,True,OFFICIAL_HISTORICAL_RECORD
CHN-INC-1790,GCC-2015-SDSS-0037,2015-12-01,Chennai Floods 2015,Alapakkam main road,13.056142,80.166378,147,Ward 147 (Valasaravakkam),11,Valasaravakkam,waterlogging,high,3 to 5 ft,High Vulnerability 3 to 5 Feet,Alapakkam main road | Depth: 3 to 5 ft ft | Level: High Vulnerability 3 to 5 Feet,GCC Area Flood Hotspots (Chennai SDSS),GCC-2015-SDSS,https://data.opencity.in/dataset/866141ab-3a3f-4dc0-8092-421d97ba29a2/resource/8e1c5b2d-322c-4dbd-bd64-6da2d1a8681d/download/31523c86-0ad1-42f5-b4d1-297daa4bbcd6.kml,VERIFIED INCIDENT,OFFICIALLY_VERIFIED,HIGH,True,OFFICIAL_HISTORICAL_RECORD
CHN-INC-1791,GCC-2015-SDSS-0038,2015-12-01,Chennai Floods 2015,Mullai street,13.040117,80.154785,150,Ward 150 (Valasaravakkam),11,Valasaravakkam,waterlogging,medium,<2ft,Low Vulnerability less than 2 feet,Mullai street | Depth: <2ft ft | Level: Low Vulnerability less than 2 feet,GCC Area Flood Hotspots (Chennai SDSS),GCC-2015-SDSS,https://data.opencity.in/dataset/866141ab-3a3f-4dc0-8092-421d97ba29a2/resource/8e1c5b2d-322c-4dbd-bd64-6da2d1a8681d/download/31523c86-0ad1-42f5-b4d1-297daa4bbcd6.kml,VERIFIED INCIDENT,OFFICIALLY_VERIFIED,HIGH,True,OFFICIAL_HISTORICAL_RECORD
CHN-INC-1792,GCC-2015-SDSS-0039,2015-12-01,Chennai Floods 2015,Arcot road,13.036473,80.157767,151,Ward 151 (Valasaravakkam),11,Valasaravakkam,waterlogging,high,3 to 5 ft,High Vulnerability 3 to 5 Feet,Arcot road | Depth: 3 to 5 ft ft | Level: High Vulnerability 3 to 5 Feet,GCC Area Flood Hotspots (Chennai SDSS),GCC-2015-SDSS,https://data.opencity.in/dataset/866141ab-3a3f-4dc0-8092-421d97ba29a2/resource/8e1c5b2d-322c-4dbd-bd64-6da2d1a8681d/download/31523c86-0ad1-42f5-b4d1-297daa4bbcd6.kml,VERIFIED INCIDENT,OFFICIALLY_VERIFIED,HIGH,True,OFFICIAL_HISTORICAL_RECORD
CHN-INC-1793,GCC-2015-SDSS-0040,2015-12-01,Chennai Floods 2015,Royala nagar,13.02906,80.186264,155,Ward 155 (Valasaravakkam),11,Valasaravakkam,waterlogging,critical,>5ft,Very High Vulnerability Above 5 Feet,Royala nagar | Depth: >5ft ft | Level: Very High Vulnerability Above 5 Feet,GCC Area Flood Hotspots (Chennai SDSS),GCC-2015-SDSS,https://data.opencity.in/dataset/866141ab-3a3f-4dc0-8092-421d97ba29a2/resource/8e1c5b2d-322c-4dbd-bd64-6da2d1a8681d/download/31523c86-0ad1-42f5-b4d1-297daa4bbcd6.kml,VERIFIED INCIDENT,OFFICIALLY_VERIFIED,HIGH,True,OFFICIAL_HISTORICAL_RECORD
CHN-INC-1794,GCC-2015-SDSS-0041,2015-12-01,Chennai Floods 2015,Bharathi salai,13.032475,80.176519,154,Ward 154 (Valasaravakkam),11,Valasaravakkam,waterlogging,high,3 to 5 ft,High Vulnerability 3 to 5 Feet,Bharathi salai | Depth: 3 to 5 ft ft | Level: High Vulnerability 3 to 5 Feet,GCC Area Flood Hotspots (Chennai SDSS),GCC-2015-SDSS,https://data.opencity.in/dataset/866141ab-3a3f-4dc0-8092-421d97ba29a2/resource/8e1c5b2d-322c-4dbd-bd64-6da2d1a8681d/download/31523c86-0ad1-42f5-b4d1-297daa4bbcd6.kml,VERIFIED INCIDENT,OFFICIALLY_VERIFIED,HIGH,True,OFFICIAL_HISTORICAL_RECORD
CHN-INC-1795,GCC-2015-SDSS-0042,2015-12-01,Chennai Floods 2015,Balavinayagar street,13.052216,80.185182,149,Ward 149 (Valasaravakkam),11,Valasaravakkam,waterlogging,high,3 to 5 ft,High Vulnerability 3 to 5 Feet,Balavinayagar street | Depth: 3 to 5 ft ft | Level: High Vulnerability 3 to 5 Feet,GCC Area Flood Hotspots (Chennai SDSS),GCC-2015-SDSS,https://data.opencity.in/dataset/866141ab-3a3f-4dc0-8092-421d97ba29a2/resource/8e1c5b2d-322c-4dbd-bd64-6da2d1a8681d/download/31523c86-0ad1-42f5-b4d1-297daa4bbcd6.kml,VERIFIED INCIDENT,OFFICIALLY_VERIFIED,HIGH,True,OFFICIAL_HISTORICAL_RECORD
CHN-INC-1796,GCC-2015-SDSS-0043,2015-12-01,Chennai Floods 2015,Sri Lakshmi nagar,13.050037,80.174905,149,Ward 149 (Valasaravakkam),11,Valasaravakkam,waterlogging,high,3 to 5 ft,High Vulnerability 3 to 5 Feet,Sri Lakshmi nagar | Depth: 3 to 5 ft ft | Level: High Vulnerability 3 to 5 Feet,GCC Area Flood Hotspots (Chennai SDSS),GCC-2015-SDSS,https://data.opencity.in/dataset/866141ab-3a3f-4dc0-8092-421d97ba29a2/resource/8e1c5b2d-322c-4dbd-bd64-6da2d1a8681d/download/31523c86-0ad1-42f5-b4d1-297daa4bbcd6.kml,VERIFIED INCIDENT,OFFICIALLY_VERIFIED,HIGH,True,OFFICIAL_HISTORICAL_RECORD
CHN-INC-1797,GCC-2015-SDSS-0044,2015-12-01,Chennai Floods 2015,Ganesh avenue  1st to 10th street,13.026702,80.164084,153,Ward 153 (Valasaravakkam),11,Valasaravakkam,waterlogging,high,3 to 5 ft,High Vulnerability 3 to 5 Feet,Ganesh avenue  1st to 10th street | Depth: 3 to 5 ft ft | Level: High Vulnerability 3 to 5 Feet,GCC Area Flood Hotspots (Chennai SDSS),GCC-2015-SDSS,https://data.opencity.in/dataset/866141ab-3a3f-4dc0-8092-421d97ba29a2/resource/8e1c5b2d-322c-4dbd-bd64-6da2d1a8681d/download/31523c86-0ad1-42f5-b4d1-297daa4bbcd6.kml,VERIFIED INCIDENT,OFFICIALLY_VERIFIED,HIGH,True,OFFICIAL_HISTORICAL_RECORD
CHN-INC-1798,GCC-2015-SDSS-0045,2015-12-01,Chennai Floods 2015,Thirumagalam  road,13.087189,80.197015,90,Ward 90 (Ambattur),7,Ambattur,waterlogging,medium,<2ft,Low Vulnerability less than 2 feet,Thirumagalam  road | Depth: <2ft ft | Level: Low Vulnerability less than 2 feet,GCC Area Flood Hotspots (Chennai SDSS),GCC-2015-SDSS,https://data.opencity.in/dataset/866141ab-3a3f-4dc0-8092-421d97ba29a2/resource/8e1c5b2d-322c-4dbd-bd64-6da2d1a8681d/download/31523c86-0ad1-42f5-b4d1-297daa4bbcd6.kml,VERIFIED INCIDENT,OFFICIALLY_VERIFIED,HIGH,True,OFFICIAL_HISTORICAL_RECORD
CHN-INC-1799,GCC-2015-SDSS-0046,2015-12-01,Chennai Floods 2015,Rangarajapuram,13.047047,80.224838,132,Ward 132 (Kodambakkam),10,Kodambakkam,waterlogging,high,3 to 5 ft,High Vulnerability 3 to 5 Feet,Rangarajapuram | Depth: 3 to 5 ft ft | Level: High Vulnerability 3 to 5 Feet,GCC Area Flood Hotspots (Chennai SDSS),GCC-2015-SDSS,https://data.opencity.in/dataset/866141ab-3a3f-4dc0-8092-421d97ba29a2/resource/8e1c5b2d-322c-4dbd-bd64-6da2d1a8681d/download/31523c86-0ad1-42f5-b4d1-297daa4bbcd6.kml,VERIFIED INCIDENT,OFFICIALLY_VERIFIED,HIGH,True,OFFICIAL_HISTORICAL_RECORD
CHN-INC-1800,GCC-2015-SDSS-0047,2015-12-01,Chennai Floods 2015,Ammaiyammal Street,13.098709,80.258265,73,Ward 73 (Thiru. Vi. Ka. Nagar),6,Thiru. Vi. Ka. Nagar,waterlogging,medium,<2ft,Low Vulnerability less than 2 feet,Ammaiyammal Street | Depth: <2ft ft | Level: Low Vulnerability less than 2 feet,GCC Area Flood Hotspots (Chennai SDSS),GCC-2015-SDSS,https://data.opencity.in/dataset/866141ab-3a3f-4dc0-8092-421d97ba29a2/resource/8e1c5b2d-322c-4dbd-bd64-6da2d1a8681d/download/31523c86-0ad1-42f5-b4d1-297daa4bbcd6.kml,VERIFIED INCIDENT,OFFICIALLY_VERIFIED,HIGH,True,OFFICIAL_HISTORICAL_RECORD
CHN-INC-1801,GCC-2015-SDSS-0048,2015-12-01,Chennai Floods 2015,New Ferrance Road,13.097392,80.257717,76,Ward 76 (Thiru. Vi. Ka. Nagar),6,Thiru. Vi. Ka. Nagar,waterlogging,medium,<2ft,Low Vulnerability less than 2 feet,New Ferrance Road | Depth: <2ft ft | Level: Low Vulnerability less than 2 feet,GCC Area Flood Hotspots (Chennai SDSS),GCC-2015-SDSS,https://data.opencity.in/dataset/866141ab-3a3f-4dc0-8092-421d97ba29a2/resource/8e1c5b2d-322c-4dbd-bd64-6da2d1a8681d/download/31523c86-0ad1-42f5-b4d1-297daa4bbcd6.kml,VERIFIED INCIDENT,OFFICIALLY_VERIFIED,HIGH,True,OFFICIAL_HISTORICAL_RECORD
CHN-INC-1802,GCC-2015-SDSS-0049,2015-12-01,Chennai Floods 2015,Kellys Road,13.084408,80.245883,100,Ward 100 (Anna Nagar),8,Anna Nagar,waterlogging,medium,<2ft,Low Vulnerability less than 2 feet,Kellys Road | Depth: <2ft ft | Level: Low Vulnerability less than 2 feet,GCC Area Flood Hotspots (Chennai SDSS),GCC-2015-SDSS,https://data.opencity.in/dataset/866141ab-3a3f-4dc0-8092-421d97ba29a2/resource/8e1c5b2d-322c-4dbd-bd64-6da2d1a8681d/download/31523c86-0ad1-42f5-b4d1-297daa4bbcd6.kml,VERIFIED INCIDENT,OFFICIALLY_VERIFIED,HIGH,True,OFFICIAL_HISTORICAL_RECORD
CHN-INC-1803,GCC-2015-SDSS-0050,2015-12-01,Chennai Floods 2015,Gnanamoorthy Nagar &  EB Colony,13.120095,80.167742,82,Ward 82 (Ambattur),7,Ambattur,waterlogging,medium,<2ft,Low Vulnerability less than 2 feet,Gnanamoorthy Nagar &  EB Colony | Depth: <2ft ft | Level: Low Vulnerability less than 2 feet,GCC Area Flood Hotspots (Chennai SDSS),GCC-2015-SDSS,https://data.opencity.in/dataset/866141ab-3a3f-4dc0-8092-421d97ba29a2/resource/8e1c5b2d-322c-4dbd-bd64-6da2d1a8681d/download/31523c86-0ad1-42f5-b4d1-297daa4bbcd6.kml,VERIFIED INCIDENT,OFFICIALLY_VERIFIED,HIGH,True,OFFICIAL_HISTORICAL_RECORD
CHN-INC-1804,GCC-2015-SDSS-0051,2015-12-01,Chennai Floods 2015,Gnanamoorthy Nagar &  EB Colony,13.118316,80.163747,82,Ward 82 (Ambattur),7,Ambattur,waterlogging,medium,<2ft,Low Vulnerability less than 2 feet,Gnanamoorthy Nagar &  EB Colony | Depth: <2ft ft | Level: Low Vulnerability less than 2 feet,GCC Area Flood Hotspots (Chennai SDSS),GCC-2015-SDSS,https://data.opencity.in/dataset/866141ab-3a3f-4dc0-8092-421d97ba29a2/resource/8e1c5b2d-322c-4dbd-bd64-6da2d1a8681d/download/31523c86-0ad1-42f5-b4d1-297daa4bbcd6.kml,VERIFIED INCIDENT,OFFICIALLY_VERIFIED,HIGH,True,OFFICIAL_HISTORICAL_RECORD
CHN-INC-1805,GCC-2015-SDSS-0052,2015-12-01,Chennai Floods 2015,Bhell Nagar,13.024331,80.147103,156,Ward 156 (Alandur),12,Alandur,waterlogging,medium,<2ft,Low Vulnerability less than 2 feet,Bhell Nagar | Depth: <2ft ft | Level: Low Vulnerability less than 2 feet,GCC Area Flood Hotspots (Chennai SDSS),GCC-2015-SDSS,https://data.opencity.in/dataset/866141ab-3a3f-4dc0-8092-421d97ba29a2/resource/8e1c5b2d-322c-4dbd-bd64-6da2d1a8681d/download/31523c86-0ad1-42f5-b4d1-297daa4bbcd6.kml,VERIFIED INCIDENT,OFFICIALLY_VERIFIED,HIGH,True,OFFICIAL_HISTORICAL_RECORD
CHN-INC-1806,GCC-2015-SDSS-0053,2015-12-01,Chennai Floods 2015,"Kaviya Garden, CRR Puram Phase III, Purachi Thalivi Nagar, Bhell Nagar, Dharmarajapuram, Sathiya Nagar, Astalakshmi Avenue and Sedhu Lakshmi Avenue, River view colony",13.011142,80.179506,157,Ward 157 (Alandur),12,Alandur,waterlogging,medium,<2ft,Low Vulnerability less than 2 feet,"Kaviya Garden, CRR Puram Phase III, Purachi Thalivi Nagar, Bhell Nagar, Dharmarajapuram, Sathiya Nagar, Astalakshmi Avenue and Sedhu Lakshmi Avenue, River view colony | Depth: <2ft ft | Level: Low Vulnerability less than 2 feet",GCC Area Flood Hotspots (Chennai SDSS),GCC-2015-SDSS,https://data.opencity.in/dataset/866141ab-3a3f-4dc0-8092-421d97ba29a2/resource/8e1c5b2d-322c-4dbd-bd64-6da2d1a8681d/download/31523c86-0ad1-42f5-b4d1-297daa4bbcd6.kml,VERIFIED INCIDENT,OFFICIALLY_VERIFIED,HIGH,True,OFFICIAL_HISTORICAL_RECORD
CHN-INC-1807,GCC-2015-SDSS-0054,2015-12-01,Chennai Floods 2015,"Kaviya Garden, CRR Puram Phase III, Purachi Thalivi Nagar, Bhell Nagar, Dharmarajapuram, Sathiya Nagar, Astalakshmi Avenue and Sedhu Lakshmi Avenue, River view colony",13.013285,80.166275,157,Ward 157 (Alandur),12,Alandur,waterlogging,medium,<2ft,Low Vulnerability less than 2 feet,"Kaviya Garden, CRR Puram Phase III, Purachi Thalivi Nagar, Bhell Nagar, Dharmarajapuram, Sathiya Nagar, Astalakshmi Avenue and Sedhu Lakshmi Avenue, River view colony | Depth: <2ft ft | Level: Low Vulnerability less than 2 feet",GCC Area Flood Hotspots (Chennai SDSS),GCC-2015-SDSS,https://data.opencity.in/dataset/866141ab-3a3f-4dc0-8092-421d97ba29a2/resource/8e1c5b2d-322c-4dbd-bd64-6da2d1a8681d/download/31523c86-0ad1-42f5-b4d1-297daa4bbcd6.kml,VERIFIED INCIDENT,OFFICIALLY_VERIFIED,HIGH,True,OFFICIAL_HISTORICAL_RECORD
CHN-INC-1808,GCC-2015-SDSS-0055,2015-12-01,Chennai Floods 2015,"Kaviya Garden, CRR Puram Phase III, Purachi Thalivi Nagar, Bhell Nagar, Dharmarajapuram, Sathiya Nagar, Astalakshmi Avenue and Sedhu Lakshmi Avenue, River view colony",13.014421,80.164293,157,Ward 157 (Alandur),12,Alandur,waterlogging,medium,<2ft,Low Vulnerability less than 2 feet,"Kaviya Garden, CRR Puram Phase III, Purachi Thalivi Nagar, Bhell Nagar, Dharmarajapuram, Sathiya Nagar, Astalakshmi Avenue and Sedhu Lakshmi Avenue, River view colony | Depth: <2ft ft | Level: Low Vulnerability less than 2 feet",GCC Area Flood Hotspots (Chennai SDSS),GCC-2015-SDSS,https://data.opencity.in/dataset/866141ab-3a3f-4dc0-8092-421d97ba29a2/resource/8e1c5b2d-322c-4dbd-bd64-6da2d1a8681d/download/31523c86-0ad1-42f5-b4d1-297daa4bbcd6.kml,VERIFIED INCIDENT,OFFICIALLY_VERIFIED,HIGH,True,OFFICIAL_HISTORICAL_RECORD
CHN-INC-1809,GCC-2015-SDSS-0056,2015-12-01,Chennai Floods 2015,"Kaviya Garden, CRR Puram Phase III, Purachi Thalivi Nagar, Bhell Nagar, Dharmarajapuram, Sathiya Nagar, Astalakshmi Avenue and Sedhu Lakshmi Avenue, River view colony",13.0229,80.185398,157,Ward 157 (Alandur),12,Alandur,waterlogging,medium,<2ft,Low Vulnerability less than 2 feet,"Kaviya Garden, CRR Puram Phase III, Purachi Thalivi Nagar, Bhell Nagar, Dharmarajapuram, Sathiya Nagar, Astalakshmi Avenue and Sedhu Lakshmi Avenue, River view colony | Depth: <2ft ft | Level: Low Vulnerability less than 2 feet",GCC Area Flood Hotspots (Chennai SDSS),GCC-2015-SDSS,https://data.opencity.in/dataset/866141ab-3a3f-4dc0-8092-421d97ba29a2/resource/8e1c5b2d-322c-4dbd-bd64-6da2d1a8681d/download/31523c86-0ad1-42f5-b4d1-297daa4bbcd6.kml,VERIFIED INCIDENT,OFFICIALLY_VERIFIED,HIGH,True,OFFICIAL_HISTORICAL_RECORD
CHN-INC-1810,GCC-2015-SDSS-0057,2015-12-01,Chennai Floods 2015,"Thillai Ganga Nagar 25 th Street,  27th Street, 28th Street, Thillai Ganga Nagar 2nd MainRoad, and 4th Main Road",12.987851,80.194982,162,Ward 162 (Alandur),12,Alandur,waterlogging,medium,<2ft,Low Vulnerability less than 2 feet,"Thillai Ganga Nagar 25 th Street,  27th Street, 28th Street, Thillai Ganga Nagar 2nd MainRoad, and 4th Main Road | Depth: <2ft ft | Level: Low Vulnerability less than 2 feet",GCC Area Flood Hotspots (Chennai SDSS),GCC-2015-SDSS,https://data.opencity.in/dataset/866141ab-3a3f-4dc0-8092-421d97ba29a2/resource/8e1c5b2d-322c-4dbd-bd64-6da2d1a8681d/download/31523c86-0ad1-42f5-b4d1-297daa4bbcd6.kml,VERIFIED INCIDENT,OFFICIALLY_VERIFIED,HIGH,True,OFFICIAL_HISTORICAL_RECORD
CHN-INC-1811,GCC-2015-SDSS-0058,2015-12-01,Chennai Floods 2015,"Thillai Ganga Nagar 25 th Street,  27th Street, 28th Street, Thillai Ganga Nagar 2nd MainRoad, and 4th Main Road",12.98725,80.195254,162,Ward 162 (Alandur),12,Alandur,waterlogging,medium,<2ft,Low Vulnerability less than 2 feet,"Thillai Ganga Nagar 25 th Street,  27th Street, 28th Street, Thillai Ganga Nagar 2nd MainRoad, and 4th Main Road | Depth: <2ft ft | Level: Low Vulnerability less than 2 feet",GCC Area Flood Hotspots (Chennai SDSS),GCC-2015-SDSS,https://data.opencity.in/dataset/866141ab-3a3f-4dc0-8092-421d97ba29a2/resource/8e1c5b2d-322c-4dbd-bd64-6da2d1a8681d/download/31523c86-0ad1-42f5-b4d1-297daa4bbcd6.kml,VERIFIED INCIDENT,OFFICIALLY_VERIFIED,HIGH,True,OFFICIAL_HISTORICAL_RECORD
CHN-INC-1812,GCC-2015-SDSS-0059,2015-12-01,Chennai Floods 2015,Income Tax  colony Area Back  flow  of sewage water,12.981776,80.203624,165,Ward 165 (Alandur),12,Alandur,waterlogging,medium,<2ft,Low Vulnerability less than 2 feet,Income Tax  colony Area Back  flow  of sewage water | Depth: <2ft ft | Level: Low Vulnerability less than 2 feet,GCC Area Flood Hotspots (Chennai SDSS),GCC-2015-SDSS,https://data.opencity.in/dataset/866141ab-3a3f-4dc0-8092-421d97ba29a2/resource/8e1c5b2d-322c-4dbd-bd64-6da2d1a8681d/download/31523c86-0ad1-42f5-b4d1-297daa4bbcd6.kml,VERIFIED INCIDENT,OFFICIALLY_VERIFIED,HIGH,True,OFFICIAL_HISTORICAL_RECORD
CHN-INC-1813,GCC-2015-SDSS-0060,2015-12-01,Chennai Floods 2015,"Bhuvaneswari Nagar,",12.97925,80.205591,165,Ward 165 (Alandur),12,Alandur,waterlogging,medium,<2ft,Low Vulnerability less than 2 feet,"Bhuvaneswari Nagar, | Depth: <2ft ft | Level: Low Vulnerability less than 2 feet",GCC Area Flood Hotspots (Chennai SDSS),GCC-2015-SDSS,https://data.opencity.in/dataset/866141ab-3a3f-4dc0-8092-421d97ba29a2/resource/8e1c5b2d-322c-4dbd-bd64-6da2d1a8681d/download/31523c86-0ad1-42f5-b4d1-297daa4bbcd6.kml,VERIFIED INCIDENT,OFFICIALLY_VERIFIED,HIGH,True,OFFICIAL_HISTORICAL_RECORD
CHN-INC-1814,GCC-2015-SDSS-0061,2015-12-01,Chennai Floods 2015,"Bharathidasan Nagar,",12.97768,80.202644,165,Ward 165 (Alandur),12,Alandur,waterlogging,medium,<2ft,Low Vulnerability less than 2 feet,"Bharathidasan Nagar, | Depth: <2ft ft | Level: Low Vulnerability less than 2 feet",GCC Area Flood Hotspots (Chennai SDSS),GCC-2015-SDSS,https://data.opencity.in/dataset/866141ab-3a3f-4dc0-8092-421d97ba29a2/resource/8e1c5b2d-322c-4dbd-bd64-6da2d1a8681d/download/31523c86-0ad1-42f5-b4d1-297daa4bbcd6.kml,VERIFIED INCIDENT,OFFICIALLY_VERIFIED,HIGH,True,OFFICIAL_HISTORICAL_RECORD
CHN-INC-1815,GCC-2015-SDSS-0062,2015-12-01,Chennai Floods 2015,Nanganallur 44th street,12.981961,80.18789,167,Ward 167 (Alandur),12,Alandur,waterlogging,medium,<2ft,Low Vulnerability less than 2 feet,Nanganallur 44th street | Depth: <2ft ft | Level: Low Vulnerability less than 2 feet,GCC Area Flood Hotspots (Chennai SDSS),GCC-2015-SDSS,https://data.opencity.in/dataset/866141ab-3a3f-4dc0-8092-421d97ba29a2/resource/8e1c5b2d-322c-4dbd-bd64-6da2d1a8681d/download/31523c86-0ad1-42f5-b4d1-297daa4bbcd6.kml,VERIFIED INCIDENT,OFFICIALLY_VERIFIED,HIGH,True,OFFICIAL_HISTORICAL_RECORD
CHN-INC-1816,GCC-2015-SDSS-0063,2015-12-01,Chennai Floods 2015,Sairam avenue,13.036608,80.17089,151,Ward 151 (Valasaravakkam),11,Valasaravakkam,waterlogging,high,3 to 5 ft,High Vulnerability 3 to 5 Feet,Sairam avenue | Depth: 3 to 5 ft ft | Level: High Vulnerability 3 to 5 Feet,GCC Area Flood Hotspots (Chennai SDSS),GCC-2015-SDSS,https://data.opencity.in/dataset/866141ab-3a3f-4dc0-8092-421d97ba29a2/resource/8e1c5b2d-322c-4dbd-bd64-6da2d1a8681d/download/31523c86-0ad1-42f5-b4d1-297daa4bbcd6.kml,VERIFIED INCIDENT,OFFICIALLY_VERIFIED,HIGH,True,OFFICIAL_HISTORICAL_RECORD
CHN-INC-1817,GCC-2015-SDSS-0064,2015-12-01,Chennai Floods 2015,Pallavan Nagar,13.068828,80.181817,145,Ward 145 (Valasaravakkam),11,Valasaravakkam,waterlogging,medium,<2ft,Low Vulnerability less than 2 feet,Pallavan Nagar | Depth: <2ft ft | Level: Low Vulnerability less than 2 feet,GCC Area Flood Hotspots (Chennai SDSS),GCC-2015-SDSS,https://data.opencity.in/dataset/866141ab-3a3f-4dc0-8092-421d97ba29a2/resource/8e1c5b2d-322c-4dbd-bd64-6da2d1a8681d/download/31523c86-0ad1-42f5-b4d1-297daa4bbcd6.kml,VERIFIED INCIDENT,OFFICIALLY_VERIFIED,HIGH,True,OFFICIAL_HISTORICAL_RECORD
CHN-INC-1818,GCC-2015-SDSS-0065,2015-12-01,Chennai Floods 2015,Pallavan nagar,13.060947,80.16813,147,Ward 147 (Valasaravakkam),11,Valasaravakkam,waterlogging,medium,<2ft,Low Vulnerability less than 2 feet,Pallavan nagar | Depth: <2ft ft | Level: Low Vulnerability less than 2 feet,GCC Area Flood Hotspots (Chennai SDSS),GCC-2015-SDSS,https://data.opencity.in/dataset/866141ab-3a3f-4dc0-8092-421d97ba29a2/resource/8e1c5b2d-322c-4dbd-bd64-6da2d1a8681d/download/31523c86-0ad1-42f5-b4d1-297daa4bbcd6.kml,VERIFIED INCIDENT,OFFICIALLY_VERIFIED,HIGH,True,OFFICIAL_HISTORICAL_RECORD
CHN-INC-1819,GCC-2015-SDSS-0066,2015-12-01,Chennai Floods 2015,Krishna nagar,13.050985,80.169471,147,Ward 147 (Valasaravakkam),11,Valasaravakkam,waterlogging,high,3 to 5 ft,High Vulnerability 3 to 5 Feet,Krishna nagar | Depth: 3 to 5 ft ft | Level: High Vulnerability 3 to 5 Feet,GCC Area Flood Hotspots (Chennai SDSS),GCC-2015-SDSS,https://data.opencity.in/dataset/866141ab-3a3f-4dc0-8092-421d97ba29a2/resource/8e1c5b2d-322c-4dbd-bd64-6da2d1a8681d/download/31523c86-0ad1-42f5-b4d1-297daa4bbcd6.kml,VERIFIED INCIDENT,OFFICIALLY_VERIFIED,HIGH,True,OFFICIAL_HISTORICAL_RECORD
CHN-INC-1820,GCC-2015-SDSS-0067,2015-12-01,Chennai Floods 2015,Amman nagar,13.025515,80.189555,155,Ward 155 (Valasaravakkam),11,Valasaravakkam,waterlogging,critical,>5ft,Very High Vulnerability Above 5 Feet,Amman nagar | Depth: >5ft ft | Level: Very High Vulnerability Above 5 Feet,GCC Area Flood Hotspots (Chennai SDSS),GCC-2015-SDSS,https://data.opencity.in/dataset/866141ab-3a3f-4dc0-8092-421d97ba29a2/resource/8e1c5b2d-322c-4dbd-bd64-6da2d1a8681d/download/31523c86-0ad1-42f5-b4d1-297daa4bbcd6.kml,VERIFIED INCIDENT,OFFICIALLY_VERIFIED,HIGH,True,OFFICIAL_HISTORICAL_RECORD
CHN-INC-1821,GCC-2015-SDSS-0068,2015-12-01,Chennai Floods 2015,Bakthi vedhandha avenue,13.030505,80.186988,155,Ward 155 (Valasaravakkam),11,Valasaravakkam,waterlogging,critical,>5ft,Very High Vulnerability Above 5 Feet,Bakthi vedhandha avenue | Depth: >5ft ft | Level: Very High Vulnerability Above 5 Feet,GCC Area Flood Hotspots (Chennai SDSS),GCC-2015-SDSS,https://data.opencity.in/dataset/866141ab-3a3f-4dc0-8092-421d97ba29a2/resource/8e1c5b2d-322c-4dbd-bd64-6da2d1a8681d/download/31523c86-0ad1-42f5-b4d1-297daa4bbcd6.kml,VERIFIED INCIDENT,OFFICIALLY_VERIFIED,HIGH,True,OFFICIAL_HISTORICAL_RECORD
CHN-INC-1822,GCC-2015-SDSS-0069,2015-12-01,Chennai Floods 2015,Anbu nagar,13.054085,80.179748,149,Ward 149 (Valasaravakkam),11,Valasaravakkam,waterlogging,high,3 to 5 ft,High Vulnerability 3 to 5 Feet,Anbu nagar | Depth: 3 to 5 ft ft | Level: High Vulnerability 3 to 5 Feet,GCC Area Flood Hotspots (Chennai SDSS),GCC-2015-SDSS,https://data.opencity.in/dataset/866141ab-3a3f-4dc0-8092-421d97ba29a2/resource/8e1c5b2d-322c-4dbd-bd64-6da2d1a8681d/download/31523c86-0ad1-42f5-b4d1-297daa4bbcd6.kml,VERIFIED INCIDENT,OFFICIALLY_VERIFIED,HIGH,True,OFFICIAL_HISTORICAL_RECORD
CHN-INC-1823,GCC-2015-SDSS-0070,2015-12-01,Chennai Floods 2015,CDN nagar,13.062304,80.178783,148,Ward 148 (Valasaravakkam),11,Valasaravakkam,waterlogging,medium,<2ft,Low Vulnerability less than 2 feet,CDN nagar | Depth: <2ft ft | Level: Low Vulnerability less than 2 feet,GCC Area Flood Hotspots (Chennai SDSS),GCC-2015-SDSS,https://data.opencity.in/dataset/866141ab-3a3f-4dc0-8092-421d97ba29a2/resource/8e1c5b2d-322c-4dbd-bd64-6da2d1a8681d/download/31523c86-0ad1-42f5-b4d1-297daa4bbcd6.kml,VERIFIED INCIDENT,OFFICIALLY_VERIFIED,HIGH,True,OFFICIAL_HISTORICAL_RECORD
CHN-INC-1824,GCC-2015-SDSS-0071,2015-12-01,Chennai Floods 2015,Radha avenue,13.049942,80.178683,149,Ward 149 (Valasaravakkam),11,Valasaravakkam,waterlogging,high,3 to 5 ft,High Vulnerability 3 to 5 Feet,Radha avenue | Depth: 3 to 5 ft ft | Level: High Vulnerability 3 to 5 Feet,GCC Area Flood Hotspots (Chennai SDSS),GCC-2015-SDSS,https://data.opencity.in/dataset/866141ab-3a3f-4dc0-8092-421d97ba29a2/resource/8e1c5b2d-322c-4dbd-bd64-6da2d1a8681d/download/31523c86-0ad1-42f5-b4d1-297daa4bbcd6.kml,VERIFIED INCIDENT,OFFICIALLY_VERIFIED,HIGH,True,OFFICIAL_HISTORICAL_RECORD
CHN-INC-1825,GCC-2015-SDSS-0072,2015-12-01,Chennai Floods 2015,Vembuli amman koil street,13.076233,80.166088,143,Ward 143 (Valasaravakkam),11,Valasaravakkam,waterlogging,medium,<2ft,Low Vulnerability less than 2 feet,Vembuli amman koil street | Depth: <2ft ft | Level: Low Vulnerability less than 2 feet,GCC Area Flood Hotspots (Chennai SDSS),GCC-2015-SDSS,https://data.opencity.in/dataset/866141ab-3a3f-4dc0-8092-421d97ba29a2/resource/8e1c5b2d-322c-4dbd-bd64-6da2d1a8681d/download/31523c86-0ad1-42f5-b4d1-297daa4bbcd6.kml,VERIFIED INCIDENT,OFFICIALLY_VERIFIED,HIGH,True,OFFICIAL_HISTORICAL_RECORD
CHN-INC-1826,GCC-2015-SDSS-0073,2015-12-01,Chennai Floods 2015,"MMDA Colony 4th , 5th & 6th block",13.061347,80.176418,144,Ward 144 (Valasaravakkam),11,Valasaravakkam,waterlogging,medium,<2ft,Low Vulnerability less than 2 feet,"MMDA Colony 4th , 5th & 6th block | Depth: <2ft ft | Level: Low Vulnerability less than 2 feet",GCC Area Flood Hotspots (Chennai SDSS),GCC-2015-SDSS,https://data.opencity.in/dataset/866141ab-3a3f-4dc0-8092-421d97ba29a2/resource/8e1c5b2d-322c-4dbd-bd64-6da2d1a8681d/download/31523c86-0ad1-42f5-b4d1-297daa4bbcd6.kml,VERIFIED INCIDENT,OFFICIALLY_VERIFIED,HIGH,True,OFFICIAL_HISTORICAL_RECORD
CHN-INC-1827,GCC-2015-SDSS-0074,2015-12-01,Chennai Floods 2015,KS Nagar (Thirumalai Nagar),13.165868,80.1953,23,Ward 23 (Madhavaram),3,Madhavaram,waterlogging,high,2 to 3 ft,"Medium Vulnerability
2 to 3 Feet","KS Nagar (Thirumalai Nagar) | Depth: 2 to 3 ft ft | Level: Medium Vulnerability
2 to 3 Feet",GCC Area Flood Hotspots (Chennai SDSS),GCC-2015-SDSS,https://data.opencity.in/dataset/866141ab-3a3f-4dc0-8092-421d97ba29a2/resource/8e1c5b2d-322c-4dbd-bd64-6da2d1a8681d/download/31523c86-0ad1-42f5-b4d1-297daa4bbcd6.kml,VERIFIED INCIDENT,OFFICIALLY_VERIFIED,HIGH,True,OFFICIAL_HISTORICAL_RECORD
CHN-INC-1828,GCC-2015-SDSS-0075,2015-12-01,Chennai Floods 2015,Othai vadai Street,13.154292,80.208955,24,Ward 24 (Madhavaram),3,Madhavaram,waterlogging,high,3 to 5 ft,High Vulnerability 3 to 5 Feet,Othai vadai Street | Depth: 3 to 5 ft ft | Level: High Vulnerability 3 to 5 Feet,GCC Area Flood Hotspots (Chennai SDSS),GCC-2015-SDSS,https://data.opencity.in/dataset/866141ab-3a3f-4dc0-8092-421d97ba29a2/resource/8e1c5b2d-322c-4dbd-bd64-6da2d1a8681d/download/31523c86-0ad1-42f5-b4d1-297daa4bbcd6.kml,VERIFIED INCIDENT,OFFICIALLY_VERIFIED,HIGH,True,OFFICIAL_HISTORICAL_RECORD
CHN-INC-1829,GCC-2015-SDSS-0076,2015-12-01,Chennai Floods 2015,Ambattur Redhills road (Highway),13.143089,80.186668,32,Ward 32 (Madhavaram),3,Madhavaram,waterlogging,high,3 to 5 ft,High Vulnerability 3 to 5 Feet,Ambattur Redhills road (Highway) | Depth: 3 to 5 ft ft | Level: High Vulnerability 3 to 5 Feet,GCC Area Flood Hotspots (Chennai SDSS),GCC-2015-SDSS,https://data.opencity.in/dataset/866141ab-3a3f-4dc0-8092-421d97ba29a2/resource/8e1c5b2d-322c-4dbd-bd64-6da2d1a8681d/download/31523c86-0ad1-42f5-b4d1-297daa4bbcd6.kml,VERIFIED INCIDENT,OFFICIALLY_VERIFIED,HIGH,True,OFFICIAL_HISTORICAL_RECORD
CHN-INC-1830,GCC-2015-SDSS-0077,2015-12-01,Chennai Floods 2015,Collector Nagar,13.148633,80.200722,31,Ward 31 (Madhavaram),3,Madhavaram,waterlogging,critical,>5ft,Very High Vulnerability Above 5 Feet,Collector Nagar | Depth: >5ft ft | Level: Very High Vulnerability Above 5 Feet,GCC Area Flood Hotspots (Chennai SDSS),GCC-2015-SDSS,https://data.opencity.in/dataset/866141ab-3a3f-4dc0-8092-421d97ba29a2/resource/8e1c5b2d-322c-4dbd-bd64-6da2d1a8681d/download/31523c86-0ad1-42f5-b4d1-297daa4bbcd6.kml,VERIFIED INCIDENT,OFFICIALLY_VERIFIED,HIGH,True,OFFICIAL_HISTORICAL_RECORD
CHN-INC-1831,GCC-2015-SDSS-0078,2015-12-01,Chennai Floods 2015,"Aringhar Anna Nagar,",13.155712,80.202359,24,Ward 24 (Madhavaram),3,Madhavaram,waterlogging,critical,>5ft,Very High Vulnerability Above 5 Feet,"Aringhar Anna Nagar, | Depth: >5ft ft | Level: Very High Vulnerability Above 5 Feet",GCC Area Flood Hotspots (Chennai SDSS),GCC-2015-SDSS,https://data.opencity.in/dataset/866141ab-3a3f-4dc0-8092-421d97ba29a2/resource/8e1c5b2d-322c-4dbd-bd64-6da2d1a8681d/download/31523c86-0ad1-42f5-b4d1-297daa4bbcd6.kml,VERIFIED INCIDENT,OFFICIALLY_VERIFIED,HIGH,True,OFFICIAL_HISTORICAL_RECORD
CHN-INC-1832,GCC-2015-SDSS-0079,2015-12-01,Chennai Floods 2015,Ambedhkar Nagar,13.135501,80.233495,28,Ward 28 (Madhavaram),3,Madhavaram,waterlogging,high,3 to 5 ft,High Vulnerability 3 to 5 Feet,Ambedhkar Nagar | Depth: 3 to 5 ft ft | Level: High Vulnerability 3 to 5 Feet,GCC Area Flood Hotspots (Chennai SDSS),GCC-2015-SDSS,https://data.opencity.in/dataset/866141ab-3a3f-4dc0-8092-421d97ba29a2/resource/8e1c5b2d-322c-4dbd-bd64-6da2d1a8681d/download/31523c86-0ad1-42f5-b4d1-297daa4bbcd6.kml,VERIFIED INCIDENT,OFFICIALLY_VERIFIED,HIGH,True,OFFICIAL_HISTORICAL_RECORD
CHN-INC-1833,GCC-2015-SDSS-0080,2015-12-01,Chennai Floods 2015,Sarathy Nagar,13.132831,80.202827,33,Ward 33 (Madhavaram),3,Madhavaram,waterlogging,medium,<2ft,Low Vulnerability less than 2 feet,Sarathy Nagar | Depth: <2ft ft | Level: Low Vulnerability less than 2 feet,GCC Area Flood Hotspots (Chennai SDSS),GCC-2015-SDSS,https://data.opencity.in/dataset/866141ab-3a3f-4dc0-8092-421d97ba29a2/resource/8e1c5b2d-322c-4dbd-bd64-6da2d1a8681d/download/31523c86-0ad1-42f5-b4d1-297daa4bbcd6.kml,VERIFIED INCIDENT,OFFICIALLY_VERIFIED,HIGH,True,OFFICIAL_HISTORICAL_RECORD
CHN-INC-1834,GCC-2015-SDSS-0081,2015-12-01,Chennai Floods 2015,Nagi (R ) Thottam,13.018335,80.211203,168,Ward 168 (Adyar),13,Adyar,waterlogging,critical,>5ft,Very High Vulnerability Above 5 Feet,Nagi (R ) Thottam | Depth: >5ft ft | Level: Very High Vulnerability Above 5 Feet,GCC Area Flood Hotspots (Chennai SDSS),GCC-2015-SDSS,https://data.opencity.in/dataset/866141ab-3a3f-4dc0-8092-421d97ba29a2/resource/8e1c5b2d-322c-4dbd-bd64-6da2d1a8681d/download/31523c86-0ad1-42f5-b4d1-297daa4bbcd6.kml,VERIFIED INCIDENT,OFFICIALLY_VERIFIED,HIGH,True,OFFICIAL_HISTORICAL_RECORD
CHN-INC-1835,GCC-2015-SDSS-0082,2015-12-01,Chennai Floods 2015,"Chitra nagar, Kotturpuram",13.024043,80.239935,170,Ward 170 (Adyar),13,Adyar,waterlogging,critical,>5ft,Very High Vulnerability Above 5 Feet,"Chitra nagar, Kotturpuram | Depth: >5ft ft | Level: Very High Vulnerability Above 5 Feet",GCC Area Flood Hotspots (Chennai SDSS),GCC-2015-SDSS,https://data.opencity.in/dataset/866141ab-3a3f-4dc0-8092-421d97ba29a2/resource/8e1c5b2d-322c-4dbd-bd64-6da2d1a8681d/download/31523c86-0ad1-42f5-b4d1-297daa4bbcd6.kml,VERIFIED INCIDENT,OFFICIALLY_VERIFIED,HIGH,True,OFFICIAL_HISTORICAL_RECORD
CHN-INC-1836,GCC-2015-SDSS-0083,2015-12-01,Chennai Floods 2015,MRC Nagar,13.018921,80.270555,171,Ward 171 (Adyar),13,Adyar,waterlogging,high,3 to 5 ft,High Vulnerability 3 to 5 Feet,MRC Nagar | Depth: 3 to 5 ft ft | Level: High Vulnerability 3 to 5 Feet,GCC Area Flood Hotspots (Chennai SDSS),GCC-2015-SDSS,https://data.opencity.in/dataset/866141ab-3a3f-4dc0-8092-421d97ba29a2/resource/8e1c5b2d-322c-4dbd-bd64-6da2d1a8681d/download/31523c86-0ad1-42f5-b4d1-297daa4bbcd6.kml,VERIFIED INCIDENT,OFFICIALLY_VERIFIED,HIGH,True,OFFICIAL_HISTORICAL_RECORD
CHN-INC-1837,GCC-2015-SDSS-0084,2015-12-01,Chennai Floods 2015,Mayflower garden,13.021837,80.260577,171,Ward 171 (Adyar),13,Adyar,waterlogging,high,3 to 5 ft,High Vulnerability 3 to 5 Feet,Mayflower garden | Depth: 3 to 5 ft ft | Level: High Vulnerability 3 to 5 Feet,GCC Area Flood Hotspots (Chennai SDSS),GCC-2015-SDSS,https://data.opencity.in/dataset/866141ab-3a3f-4dc0-8092-421d97ba29a2/resource/8e1c5b2d-322c-4dbd-bd64-6da2d1a8681d/download/31523c86-0ad1-42f5-b4d1-297daa4bbcd6.kml,VERIFIED INCIDENT,OFFICIALLY_VERIFIED,HIGH,True,OFFICIAL_HISTORICAL_RECORD
CHN-INC-1838,GCC-2015-SDSS-0085,2015-12-01,Chennai Floods 2015,Nehru nagar - Veerapandiya Kattabomman street,12.993288,80.216685,172,Ward 172 (Adyar),13,Adyar,waterlogging,high,3 to 5 ft,High Vulnerability 3 to 5 Feet,Nehru nagar - Veerapandiya Kattabomman street | Depth: 3 to 5 ft ft | Level: High Vulnerability 3 to 5 Feet,GCC Area Flood Hotspots (Chennai SDSS),GCC-2015-SDSS,https://data.opencity.in/dataset/866141ab-3a3f-4dc0-8092-421d97ba29a2/resource/8e1c5b2d-322c-4dbd-bd64-6da2d1a8681d/download/31523c86-0ad1-42f5-b4d1-297daa4bbcd6.kml,VERIFIED INCIDENT,OFFICIALLY_VERIFIED,HIGH,True,OFFICIAL_HISTORICAL_RECORD
CHN-INC-1839,GCC-2015-SDSS-0086,2015-12-01,Chennai Floods 2015,Kasthuribai nagar,13.00552,80.252509,173,Ward 173 (Adyar),13,Adyar,waterlogging,medium,<2ft,Low Vulnerability less than 2 feet,Kasthuribai nagar | Depth: <2ft ft | Level: Low Vulnerability less than 2 feet,GCC Area Flood Hotspots (Chennai SDSS),GCC-2015-SDSS,https://data.opencity.in/dataset/866141ab-3a3f-4dc0-8092-421d97ba29a2/resource/8e1c5b2d-322c-4dbd-bd64-6da2d1a8681d/download/31523c86-0ad1-42f5-b4d1-297daa4bbcd6.kml,VERIFIED INCIDENT,OFFICIALLY_VERIFIED,HIGH,True,OFFICIAL_HISTORICAL_RECORD
CHN-INC-1840,GCC-2015-SDSS-0087,2015-12-01,Chennai Floods 2015,Indra nagar,12.995818,80.252724,173,Ward 173 (Adyar),13,Adyar,waterlogging,medium,<2ft,Low Vulnerability less than 2 feet,Indra nagar | Depth: <2ft ft | Level: Low Vulnerability less than 2 feet,GCC Area Flood Hotspots (Chennai SDSS),GCC-2015-SDSS,https://data.opencity.in/dataset/866141ab-3a3f-4dc0-8092-421d97ba29a2/resource/8e1c5b2d-322c-4dbd-bd64-6da2d1a8681d/download/31523c86-0ad1-42f5-b4d1-297daa4bbcd6.kml,VERIFIED INCIDENT,OFFICIALLY_VERIFIED,HIGH,True,OFFICIAL_HISTORICAL_RECORD
CHN-INC-1841,GCC-2015-SDSS-0088,2015-12-01,Chennai Floods 2015,L.B road,12.998965,80.256093,173,Ward 173 (Adyar),13,Adyar,waterlogging,medium,<2ft,Low Vulnerability less than 2 feet,L.B road | Depth: <2ft ft | Level: Low Vulnerability less than 2 feet,GCC Area Flood Hotspots (Chennai SDSS),GCC-2015-SDSS,https://data.opencity.in/dataset/866141ab-3a3f-4dc0-8092-421d97ba29a2/resource/8e1c5b2d-322c-4dbd-bd64-6da2d1a8681d/download/31523c86-0ad1-42f5-b4d1-297daa4bbcd6.kml,VERIFIED INCIDENT,OFFICIALLY_VERIFIED,HIGH,True,OFFICIAL_HISTORICAL_RECORD
CHN-INC-1842,GCC-2015-SDSS-0089,2015-12-01,Chennai Floods 2015,Anna avenue,13.004715,80.255889,173,Ward 173 (Adyar),13,Adyar,waterlogging,medium,<2ft,Low Vulnerability less than 2 feet,Anna avenue | Depth: <2ft ft | Level: Low Vulnerability less than 2 feet,GCC Area Flood Hotspots (Chennai SDSS),GCC-2015-SDSS,https://data.opencity.in/dataset/866141ab-3a3f-4dc0-8092-421d97ba29a2/resource/8e1c5b2d-322c-4dbd-bd64-6da2d1a8681d/download/31523c86-0ad1-42f5-b4d1-297daa4bbcd6.kml,VERIFIED INCIDENT,OFFICIALLY_VERIFIED,HIGH,True,OFFICIAL_HISTORICAL_RECORD
CHN-INC-1843,GCC-2015-SDSS-0090,2015-12-01,Chennai Floods 2015,Mahalakshmi nagar III cross street,12.983942,80.206375,175,Ward 175 (Adyar),13,Adyar,waterlogging,medium,<2ft,Low Vulnerability less than 2 feet,Mahalakshmi nagar III cross street | Depth: <2ft ft | Level: Low Vulnerability less than 2 feet,GCC Area Flood Hotspots (Chennai SDSS),GCC-2015-SDSS,https://data.opencity.in/dataset/866141ab-3a3f-4dc0-8092-421d97ba29a2/resource/8e1c5b2d-322c-4dbd-bd64-6da2d1a8681d/download/31523c86-0ad1-42f5-b4d1-297daa4bbcd6.kml,VERIFIED INCIDENT,OFFICIALLY_VERIFIED,HIGH,True,OFFICIAL_HISTORICAL_RECORD
CHN-INC-1844,GCC-2015-SDSS-0091,2015-12-01,Chennai Floods 2015,TNHB Colony III main road,12.991929,80.211954,175,Ward 175 (Adyar),13,Adyar,waterlogging,medium,<2ft,Low Vulnerability less than 2 feet,TNHB Colony III main road | Depth: <2ft ft | Level: Low Vulnerability less than 2 feet,GCC Area Flood Hotspots (Chennai SDSS),GCC-2015-SDSS,https://data.opencity.in/dataset/866141ab-3a3f-4dc0-8092-421d97ba29a2/resource/8e1c5b2d-322c-4dbd-bd64-6da2d1a8681d/download/31523c86-0ad1-42f5-b4d1-297daa4bbcd6.kml,VERIFIED INCIDENT,OFFICIALLY_VERIFIED,HIGH,True,OFFICIAL_HISTORICAL_RECORD
CHN-INC-1845,GCC-2015-SDSS-0092,2015-12-01,Chennai Floods 2015,A.G.S Colony,12.97769,80.211461,176,Ward 176 (Adyar),13,Adyar,waterlogging,critical,>5ft,Very High Vulnerability Above 5 Feet,A.G.S Colony | Depth: >5ft ft | Level: Very High Vulnerability Above 5 Feet,GCC Area Flood Hotspots (Chennai SDSS),GCC-2015-SDSS,https://data.opencity.in/dataset/866141ab-3a3f-4dc0-8092-421d97ba29a2/resource/8e1c5b2d-322c-4dbd-bd64-6da2d1a8681d/download/31523c86-0ad1-42f5-b4d1-297daa4bbcd6.kml,VERIFIED INCIDENT,OFFICIALLY_VERIFIED,HIGH,True,OFFICIAL_HISTORICAL_RECORD
CHN-INC-1846,GCC-2015-SDSS-0093,2015-12-01,Chennai Floods 2015,Vijayanagar area,12.975537,80.220881,177,Ward 177 (Adyar),13,Adyar,waterlogging,critical,>5ft,Very High Vulnerability Above 5 Feet,Vijayanagar area | Depth: >5ft ft | Level: Very High Vulnerability Above 5 Feet,GCC Area Flood Hotspots (Chennai SDSS),GCC-2015-SDSS,https://data.opencity.in/dataset/866141ab-3a3f-4dc0-8092-421d97ba29a2/resource/8e1c5b2d-322c-4dbd-bd64-6da2d1a8681d/download/31523c86-0ad1-42f5-b4d1-297daa4bbcd6.kml,VERIFIED INCIDENT,OFFICIALLY_VERIFIED,HIGH,True,OFFICIAL_HISTORICAL_RECORD
CHN-INC-1847,GCC-2015-SDSS-0094,2015-12-01,Chennai Floods 2015,Gandhi road,12.986242,80.226288,177,Ward 177 (Adyar),13,Adyar,waterlogging,critical,>5ft,Very High Vulnerability Above 5 Feet,Gandhi road | Depth: >5ft ft | Level: Very High Vulnerability Above 5 Feet,GCC Area Flood Hotspots (Chennai SDSS),GCC-2015-SDSS,https://data.opencity.in/dataset/866141ab-3a3f-4dc0-8092-421d97ba29a2/resource/8e1c5b2d-322c-4dbd-bd64-6da2d1a8681d/download/31523c86-0ad1-42f5-b4d1-297daa4bbcd6.kml,VERIFIED INCIDENT,OFFICIALLY_VERIFIED,HIGH,True,OFFICIAL_HISTORICAL_RECORD
CHN-INC-1848,GCC-2015-SDSS-0095,2015-12-01,Chennai Floods 2015,Seetharam nagar,12.981266,80.227103,177,Ward 177 (Adyar),13,Adyar,waterlogging,critical,>5ft,Very High Vulnerability Above 5 Feet,Seetharam nagar | Depth: >5ft ft | Level: Very High Vulnerability Above 5 Feet,GCC Area Flood Hotspots (Chennai SDSS),GCC-2015-SDSS,https://data.opencity.in/dataset/866141ab-3a3f-4dc0-8092-421d97ba29a2/resource/8e1c5b2d-322c-4dbd-bd64-6da2d1a8681d/download/31523c86-0ad1-42f5-b4d1-297daa4bbcd6.kml,VERIFIED INCIDENT,OFFICIALLY_VERIFIED,HIGH,True,OFFICIAL_HISTORICAL_RECORD
CHN-INC-1849,GCC-2015-SDSS-0096,2015-12-01,Chennai Floods 2015,Velachery Taramani road (100' road),12.981977,80.218005,177,Ward 177 (Adyar),13,Adyar,waterlogging,medium,<2ft,Low Vulnerability less than 2 feet,Velachery Taramani road (100' road) | Depth: <2ft ft | Level: Low Vulnerability less than 2 feet,GCC Area Flood Hotspots (Chennai SDSS),GCC-2015-SDSS,https://data.opencity.in/dataset/866141ab-3a3f-4dc0-8092-421d97ba29a2/resource/8e1c5b2d-322c-4dbd-bd64-6da2d1a8681d/download/31523c86-0ad1-42f5-b4d1-297daa4bbcd6.kml,VERIFIED INCIDENT,OFFICIALLY_VERIFIED,HIGH,True,OFFICIAL_HISTORICAL_RECORD
CHN-INC-1850,GCC-2015-SDSS-0097,2015-12-01,Chennai Floods 2015,Valmigi street,12.988187,80.259955,179,Ward 179 (Adyar),13,Adyar,waterlogging,medium,<2ft,Low Vulnerability less than 2 feet,Valmigi street | Depth: <2ft ft | Level: Low Vulnerability less than 2 feet,GCC Area Flood Hotspots (Chennai SDSS),GCC-2015-SDSS,https://data.opencity.in/dataset/866141ab-3a3f-4dc0-8092-421d97ba29a2/resource/8e1c5b2d-322c-4dbd-bd64-6da2d1a8681d/download/31523c86-0ad1-42f5-b4d1-297daa4bbcd6.kml,VERIFIED INCIDENT,OFFICIALLY_VERIFIED,HIGH,True,OFFICIAL_HISTORICAL_RECORD
CHN-INC-1851,GCC-2015-SDSS-0098,2015-12-01,Chennai Floods 2015,Journalist colony,12.974366,80.260363,180,Ward 180 (Adyar),13,Adyar,waterlogging,high,3 to 5 ft,High Vulnerability 3 to 5 Feet,Journalist colony | Depth: 3 to 5 ft ft | Level: High Vulnerability 3 to 5 Feet,GCC Area Flood Hotspots (Chennai SDSS),GCC-2015-SDSS,https://data.opencity.in/dataset/866141ab-3a3f-4dc0-8092-421d97ba29a2/resource/8e1c5b2d-322c-4dbd-bd64-6da2d1a8681d/download/31523c86-0ad1-42f5-b4d1-297daa4bbcd6.kml,VERIFIED INCIDENT,OFFICIALLY_VERIFIED,HIGH,True,OFFICIAL_HISTORICAL_RECORD
CHN-INC-1852,GCC-2015-SDSS-0099,2015-12-01,Chennai Floods 2015,Ganapathy colony,12.976781,80.25458,180,Ward 180 (Adyar),13,Adyar,waterlogging,medium,<2ft,Low Vulnerability less than 2 feet,Ganapathy colony | Depth: <2ft ft | Level: Low Vulnerability less than 2 feet,GCC Area Flood Hotspots (Chennai SDSS),GCC-2015-SDSS,https://data.opencity.in/dataset/866141ab-3a3f-4dc0-8092-421d97ba29a2/resource/8e1c5b2d-322c-4dbd-bd64-6da2d1a8681d/download/31523c86-0ad1-42f5-b4d1-297daa4bbcd6.kml,VERIFIED INCIDENT,OFFICIALLY_VERIFIED,HIGH,True,OFFICIAL_HISTORICAL_RECORD
CHN-INC-1853,GCC-2015-SDSS-0100,2015-12-01,Chennai Floods 2015,Ram Nagar (North),12.968976,80.213134,186,Ward 186 (Perungudi),14,Perungudi,waterlogging,medium,<2ft,Low Vulnerability less than 2 feet,Ram Nagar (North) | Depth: <2ft ft | Level: Low Vulnerability less than 2 feet,GCC Area Flood Hotspots (Chennai SDSS),GCC-2015-SDSS,https://data.opencity.in/dataset/866141ab-3a3f-4dc0-8092-421d97ba29a2/resource/8e1c5b2d-322c-4dbd-bd64-6da2d1a8681d/download/31523c86-0ad1-42f5-b4d1-297daa4bbcd6.kml,VERIFIED INCIDENT,OFFICIALLY_VERIFIED,HIGH,True,OFFICIAL_HISTORICAL_RECORD
CHN-INC-1854,GCC-2015-SDSS-0101,2015-12-01,Chennai Floods 2015,"MGR Salai, MRTS (Near ICDS)",12.976116,80.244657,182,Ward 182 (Perungudi),14,Perungudi,waterlogging,medium,<2ft,Low Vulnerability less than 2 feet,"MGR Salai, MRTS (Near ICDS) | Depth: <2ft ft | Level: Low Vulnerability less than 2 feet",GCC Area Flood Hotspots (Chennai SDSS),GCC-2015-SDSS,https://data.opencity.in/dataset/866141ab-3a3f-4dc0-8092-421d97ba29a2/resource/8e1c5b2d-322c-4dbd-bd64-6da2d1a8681d/download/31523c86-0ad1-42f5-b4d1-297daa4bbcd6.kml,VERIFIED INCIDENT,OFFICIALLY_VERIFIED,HIGH,True,OFFICIAL_HISTORICAL_RECORD
CHN-INC-1855,GCC-2015-SDSS-0102,2015-12-01,Chennai Floods 2015,LIC Nagar,12.953586,80.202152,188,Ward 188 (Perungudi),14,Perungudi,waterlogging,medium,<2ft,Low Vulnerability less than 2 feet,LIC Nagar | Depth: <2ft ft | Level: Low Vulnerability less than 2 feet,GCC Area Flood Hotspots (Chennai SDSS),GCC-2015-SDSS,https://data.opencity.in/dataset/866141ab-3a3f-4dc0-8092-421d97ba29a2/resource/8e1c5b2d-322c-4dbd-bd64-6da2d1a8681d/download/31523c86-0ad1-42f5-b4d1-297daa4bbcd6.kml,VERIFIED INCIDENT,OFFICIALLY_VERIFIED,HIGH,True,OFFICIAL_HISTORICAL_RECORD
CHN-INC-1856,GCC-2015-SDSS-0103,2015-12-01,Chennai Floods 2015,Rajesh Nagar,12.943577,80.206614,189,Ward 189 (Perungudi),14,Perungudi,waterlogging,medium,<2ft,Low Vulnerability less than 2 feet,Rajesh Nagar | Depth: <2ft ft | Level: Low Vulnerability less than 2 feet,GCC Area Flood Hotspots (Chennai SDSS),GCC-2015-SDSS,https://data.opencity.in/dataset/866141ab-3a3f-4dc0-8092-421d97ba29a2/resource/8e1c5b2d-322c-4dbd-bd64-6da2d1a8681d/download/31523c86-0ad1-42f5-b4d1-297daa4bbcd6.kml,VERIFIED INCIDENT,OFFICIALLY_VERIFIED,HIGH,True,OFFICIAL_HISTORICAL_RECORD
CHN-INC-1857,GCC-2015-SDSS-0104,2015-12-01,Chennai Floods 2015,MCN Nagar,12.94522,80.23526,193,Ward 193 (Sholinganallur),15,Sholinganallur,waterlogging,medium,<2ft,Low Vulnerability less than 2 feet,MCN Nagar | Depth: <2ft ft | Level: Low Vulnerability less than 2 feet,GCC Area Flood Hotspots (Chennai SDSS),GCC-2015-SDSS,https://data.opencity.in/dataset/866141ab-3a3f-4dc0-8092-421d97ba29a2/resource/8e1c5b2d-322c-4dbd-bd64-6da2d1a8681d/download/31523c86-0ad1-42f5-b4d1-297daa4bbcd6.kml,VERIFIED INCIDENT,OFFICIALLY_VERIFIED,HIGH,True,OFFICIAL_HISTORICAL_RECORD
CHN-INC-1858,GCC-2015-SDSS-0105,2015-12-01,Chennai Floods 2015,Ellaiamman koil street,12.948359,80.250133,192,Ward 192 (Sholinganallur),15,Sholinganallur,waterlogging,medium,<2ft,Low Vulnerability less than 2 feet,Ellaiamman koil street | Depth: <2ft ft | Level: Low Vulnerability less than 2 feet,GCC Area Flood Hotspots (Chennai SDSS),GCC-2015-SDSS,https://data.opencity.in/dataset/866141ab-3a3f-4dc0-8092-421d97ba29a2/resource/8e1c5b2d-322c-4dbd-bd64-6da2d1a8681d/download/31523c86-0ad1-42f5-b4d1-297daa4bbcd6.kml,VERIFIED INCIDENT,OFFICIALLY_VERIFIED,HIGH,True,OFFICIAL_HISTORICAL_RECORD
CHN-INC-1859,GCC-2015-SDSS-0106,2015-12-01,Chennai Floods 2015,"Construction of SWD of size 600x750m along Saraswathi Nagar South, Neelankarai",12.948982,80.250253,192,Ward 192 (Sholinganallur),15,Sholinganallur,waterlogging,high,3 to 5 ft,High Vulnerability 3 to 5 Feet,"Construction of SWD of size 600x750m along Saraswathi Nagar South, Neelankarai | Depth: 3 to 5 ft ft | Level: High Vulnerability 3 to 5 Feet",GCC Area Flood Hotspots (Chennai SDSS),GCC-2015-SDSS,https://data.opencity.in/dataset/866141ab-3a3f-4dc0-8092-421d97ba29a2/resource/8e1c5b2d-322c-4dbd-bd64-6da2d1a8681d/download/31523c86-0ad1-42f5-b4d1-297daa4bbcd6.kml,VERIFIED INCIDENT,OFFICIALLY_VERIFIED,HIGH,True,OFFICIAL_HISTORICAL_RECORD
CHN-INC-1860,GCC-2015-SDSS-0107,2015-12-01,Chennai Floods 2015,"OMR - Mettukuppam
(VPG Avenue Junction)",12.940731,80.236313,195,Ward 195 (Sholinganallur),15,Sholinganallur,waterlogging,high,3 to 5 ft,High Vulnerability 3 to 5 Feet,"OMR - Mettukuppam
(VPG Avenue Junction) | Depth: 3 to 5 ft ft | Level: High Vulnerability 3 to 5 Feet",GCC Area Flood Hotspots (Chennai SDSS),GCC-2015-SDSS,https://data.opencity.in/dataset/866141ab-3a3f-4dc0-8092-421d97ba29a2/resource/8e1c5b2d-322c-4dbd-bd64-6da2d1a8681d/download/31523c86-0ad1-42f5-b4d1-297daa4bbcd6.kml,VERIFIED INCIDENT,OFFICIALLY_VERIFIED,HIGH,True,OFFICIAL_HISTORICAL_RECORD
CHN-INC-1861,GCC-2015-SDSS-0108,2015-12-01,Chennai Floods 2015,Lalbahadhur Sasthiri Street,12.906613,80.230641,198,Ward 198 (Sholinganallur),15,Sholinganallur,waterlogging,medium,<2ft,Low Vulnerability less than 2 feet,Lalbahadhur Sasthiri Street | Depth: <2ft ft | Level: Low Vulnerability less than 2 feet,GCC Area Flood Hotspots (Chennai SDSS),GCC-2015-SDSS,https://data.opencity.in/dataset/866141ab-3a3f-4dc0-8092-421d97ba29a2/resource/8e1c5b2d-322c-4dbd-bd64-6da2d1a8681d/download/31523c86-0ad1-42f5-b4d1-297daa4bbcd6.kml,VERIFIED INCIDENT,OFFICIALLY_VERIFIED,HIGH,True,OFFICIAL_HISTORICAL_RECORD
CHN-INC-1862,GCC-2015-SDSS-0109,2015-12-01,Chennai Floods 2015,John Mohammad Street,13.063559,80.270764,114,Ward 114 (Teynampet),9,Teynampet,waterlogging,medium,<2ft,Low Vulnerability less than 2 feet,John Mohammad Street | Depth: <2ft ft | Level: Low Vulnerability less than 2 feet,GCC Area Flood Hotspots (Chennai SDSS),GCC-2015-SDSS,https://data.opencity.in/dataset/866141ab-3a3f-4dc0-8092-421d97ba29a2/resource/8e1c5b2d-322c-4dbd-bd64-6da2d1a8681d/download/31523c86-0ad1-42f5-b4d1-297daa4bbcd6.kml,VERIFIED INCIDENT,OFFICIALLY_VERIFIED,HIGH,True,OFFICIAL_HISTORICAL_RECORD
CHN-INC-1863,GCC-2015-SDSS-0110,2015-12-01,Chennai Floods 2015,Nandhanam extension 4th Street,13.027507,80.241555,122,Ward 122 (Teynampet),9,Teynampet,waterlogging,high,3 to 5 ft,High Vulnerability 3 to 5 Feet,Nandhanam extension 4th Street | Depth: 3 to 5 ft ft | Level: High Vulnerability 3 to 5 Feet,GCC Area Flood Hotspots (Chennai SDSS),GCC-2015-SDSS,https://data.opencity.in/dataset/866141ab-3a3f-4dc0-8092-421d97ba29a2/resource/8e1c5b2d-322c-4dbd-bd64-6da2d1a8681d/download/31523c86-0ad1-42f5-b4d1-297daa4bbcd6.kml,VERIFIED INCIDENT,OFFICIALLY_VERIFIED,HIGH,True,OFFICIAL_HISTORICAL_RECORD
CHN-INC-1864,GCC-2015-SDSS-0111,2015-12-01,Chennai Floods 2015,K.B.Dasan Road,13.035326,80.250123,122,Ward 122 (Teynampet),9,Teynampet,waterlogging,high,3 to 5 ft,High Vulnerability 3 to 5 Feet,K.B.Dasan Road | Depth: 3 to 5 ft ft | Level: High Vulnerability 3 to 5 Feet,GCC Area Flood Hotspots (Chennai SDSS),GCC-2015-SDSS,https://data.opencity.in/dataset/866141ab-3a3f-4dc0-8092-421d97ba29a2/resource/8e1c5b2d-322c-4dbd-bd64-6da2d1a8681d/download/31523c86-0ad1-42f5-b4d1-297daa4bbcd6.kml,VERIFIED INCIDENT,OFFICIALLY_VERIFIED,HIGH,True,OFFICIAL_HISTORICAL_RECORD
CHN-INC-1865,GCC-2015-SDSS-0112,2015-12-01,Chennai Floods 2015,P.S.Siva Swamy Street,13.045356,80.263135,119,Ward 119 (Teynampet),9,Teynampet,waterlogging,high,3 to 5 ft,High Vulnerability 3 to 5 Feet,P.S.Siva Swamy Street | Depth: 3 to 5 ft ft | Level: High Vulnerability 3 to 5 Feet,GCC Area Flood Hotspots (Chennai SDSS),GCC-2015-SDSS,https://data.opencity.in/dataset/866141ab-3a3f-4dc0-8092-421d97ba29a2/resource/8e1c5b2d-322c-4dbd-bd64-6da2d1a8681d/download/31523c86-0ad1-42f5-b4d1-297daa4bbcd6.kml,VERIFIED INCIDENT,OFFICIALLY_VERIFIED,HIGH,True,OFFICIAL_HISTORICAL_RECORD
CHN-INC-1866,GCC-2015-SDSS-0113,2015-12-01,Chennai Floods 2015,Bharathishwarer colony 3rd street,13.058483,80.221206,112,Ward 112 (Teynampet),9,Teynampet,waterlogging,medium,<2ft,Low Vulnerability less than 2 feet,Bharathishwarer colony 3rd street | Depth: <2ft ft | Level: Low Vulnerability less than 2 feet,GCC Area Flood Hotspots (Chennai SDSS),GCC-2015-SDSS,https://data.opencity.in/dataset/866141ab-3a3f-4dc0-8092-421d97ba29a2/resource/8e1c5b2d-322c-4dbd-bd64-6da2d1a8681d/download/31523c86-0ad1-42f5-b4d1-297daa4bbcd6.kml,VERIFIED INCIDENT,OFFICIALLY_VERIFIED,HIGH,True,OFFICIAL_HISTORICAL_RECORD
CHN-INC-1867,GCC-2015-SDSS-0114,2015-12-01,Chennai Floods 2015,Railway border road,13.064101,80.232411,112,Ward 112 (Teynampet),9,Teynampet,waterlogging,medium,<2ft,Low Vulnerability less than 2 feet,Railway border road | Depth: <2ft ft | Level: Low Vulnerability less than 2 feet,GCC Area Flood Hotspots (Chennai SDSS),GCC-2015-SDSS,https://data.opencity.in/dataset/866141ab-3a3f-4dc0-8092-421d97ba29a2/resource/8e1c5b2d-322c-4dbd-bd64-6da2d1a8681d/download/31523c86-0ad1-42f5-b4d1-297daa4bbcd6.kml,VERIFIED INCIDENT,OFFICIALLY_VERIFIED,HIGH,True,OFFICIAL_HISTORICAL_RECORD
CHN-INC-1868,GCC-2015-SDSS-0115,2015-12-01,Chennai Floods 2015,Lock Nagar,13.065701,80.281226,114,Ward 114 (Teynampet),9,Teynampet,waterlogging,medium,<2ft,Low Vulnerability less than 2 feet,Lock Nagar | Depth: <2ft ft | Level: Low Vulnerability less than 2 feet,GCC Area Flood Hotspots (Chennai SDSS),GCC-2015-SDSS,https://data.opencity.in/dataset/866141ab-3a3f-4dc0-8092-421d97ba29a2/resource/8e1c5b2d-322c-4dbd-bd64-6da2d1a8681d/download/31523c86-0ad1-42f5-b4d1-297daa4bbcd6.kml,VERIFIED INCIDENT,OFFICIALLY_VERIFIED,HIGH,True,OFFICIAL_HISTORICAL_RECORD
CHN-INC-1869,GCC-2015-SDSS-0116,2015-12-01,Chennai Floods 2015,North Usman Road,13.044761,80.232584,133,Ward 133 (Kodambakkam),10,Kodambakkam,waterlogging,high,3 to 5 ft,High Vulnerability 3 to 5 Feet,North Usman Road | Depth: 3 to 5 ft ft | Level: High Vulnerability 3 to 5 Feet,GCC Area Flood Hotspots (Chennai SDSS),GCC-2015-SDSS,https://data.opencity.in/dataset/866141ab-3a3f-4dc0-8092-421d97ba29a2/resource/8e1c5b2d-322c-4dbd-bd64-6da2d1a8681d/download/31523c86-0ad1-42f5-b4d1-297daa4bbcd6.kml,VERIFIED INCIDENT,OFFICIALLY_VERIFIED,HIGH,True,OFFICIAL_HISTORICAL_RECORD
CHN-INC-1870,GCC-2015-SDSS-0117,2015-12-01,Chennai Floods 2015,Maakkis Garden,13.061512,80.25555,111,Ward 111 (Teynampet),9,Teynampet,waterlogging,critical,>5ft,Very High Vulnerability Above 5 Feet,Maakkis Garden | Depth: >5ft ft | Level: Very High Vulnerability Above 5 Feet,GCC Area Flood Hotspots (Chennai SDSS),GCC-2015-SDSS,https://data.opencity.in/dataset/866141ab-3a3f-4dc0-8092-421d97ba29a2/resource/8e1c5b2d-322c-4dbd-bd64-6da2d1a8681d/download/31523c86-0ad1-42f5-b4d1-297daa4bbcd6.kml,VERIFIED INCIDENT,OFFICIALLY_VERIFIED,HIGH,True,OFFICIAL_HISTORICAL_RECORD
CHN-INC-1871,GCC-2015-SDSS-0118,2015-12-01,Chennai Floods 2015,Teachers Colonly,13.116777,80.209121,64,Ward 64 (Thiru. Vi. Ka. Nagar),6,Thiru. Vi. Ka. Nagar,waterlogging,medium,<2ft,Low Vulnerability less than 2 feet,Teachers Colonly | Depth: <2ft ft | Level: Low Vulnerability less than 2 feet,GCC Area Flood Hotspots (Chennai SDSS),GCC-2015-SDSS,https://data.opencity.in/dataset/866141ab-3a3f-4dc0-8092-421d97ba29a2/resource/8e1c5b2d-322c-4dbd-bd64-6da2d1a8681d/download/31523c86-0ad1-42f5-b4d1-297daa4bbcd6.kml,VERIFIED INCIDENT,OFFICIALLY_VERIFIED,HIGH,True,OFFICIAL_HISTORICAL_RECORD
CHN-INC-1872,GCC-2015-SDSS-0119,2015-12-01,Chennai Floods 2015,"Seethammal colony 3rd Street,",13.034607,80.2531,122,Ward 122 (Teynampet),9,Teynampet,waterlogging,high,3 to 5 ft,High Vulnerability 3 to 5 Feet,"Seethammal colony 3rd Street, | Depth: 3 to 5 ft ft | Level: High Vulnerability 3 to 5 Feet",GCC Area Flood Hotspots (Chennai SDSS),GCC-2015-SDSS,https://data.opencity.in/dataset/866141ab-3a3f-4dc0-8092-421d97ba29a2/resource/8e1c5b2d-322c-4dbd-bd64-6da2d1a8681d/download/31523c86-0ad1-42f5-b4d1-297daa4bbcd6.kml,VERIFIED INCIDENT,OFFICIALLY_VERIFIED,HIGH,True,OFFICIAL_HISTORICAL_RECORD
CHN-INC-1873,GCC-2015-SDSS-0120,2015-12-01,Chennai Floods 2015,Sundram Power Lane,13.111155,80.263525,46,Ward 46 (Tondiarpet),4,Tondiarpet,waterlogging,medium,<2ft,Low Vulnerability less than 2 feet,Sundram Power Lane | Depth: <2ft ft | Level: Low Vulnerability less than 2 feet,GCC Area Flood Hotspots (Chennai SDSS),GCC-2015-SDSS,https://data.opencity.in/dataset/866141ab-3a3f-4dc0-8092-421d97ba29a2/resource/8e1c5b2d-322c-4dbd-bd64-6da2d1a8681d/download/31523c86-0ad1-42f5-b4d1-297daa4bbcd6.kml,VERIFIED INCIDENT,OFFICIALLY_VERIFIED,HIGH,True,OFFICIAL_HISTORICAL_RECORD
CHN-INC-1874,GCC-2015-SDSS-0121,2015-12-01,Chennai Floods 2015,"Seethammal colony  4th street,",13.034827,80.252301,122,Ward 122 (Teynampet),9,Teynampet,waterlogging,high,3 to 5 ft,High Vulnerability 3 to 5 Feet,"Seethammal colony  4th street, | Depth: 3 to 5 ft ft | Level: High Vulnerability 3 to 5 Feet",GCC Area Flood Hotspots (Chennai SDSS),GCC-2015-SDSS,https://data.opencity.in/dataset/866141ab-3a3f-4dc0-8092-421d97ba29a2/resource/8e1c5b2d-322c-4dbd-bd64-6da2d1a8681d/download/31523c86-0ad1-42f5-b4d1-297daa4bbcd6.kml,VERIFIED INCIDENT,OFFICIALLY_VERIFIED,HIGH,True,OFFICIAL_HISTORICAL_RECORD
CHN-INC-1875,GCC-2015-SDSS-0122,2015-12-01,Chennai Floods 2015,Tankbund Road,13.0321,80.239874,122,Ward 122 (Teynampet),9,Teynampet,waterlogging,critical,>5ft,Very High Vulnerability Above 5 Feet,Tankbund Road | Depth: >5ft ft | Level: Very High Vulnerability Above 5 Feet,GCC Area Flood Hotspots (Chennai SDSS),GCC-2015-SDSS,https://data.opencity.in/dataset/866141ab-3a3f-4dc0-8092-421d97ba29a2/resource/8e1c5b2d-322c-4dbd-bd64-6da2d1a8681d/download/31523c86-0ad1-42f5-b4d1-297daa4bbcd6.kml,VERIFIED INCIDENT,OFFICIALLY_VERIFIED,HIGH,True,OFFICIAL_HISTORICAL_RECORD
CHN-INC-1876,GCC-2015-SDSS-0123,2015-12-01,Chennai Floods 2015,Nandhanam extension 6th Street,13.029031,80.242384,122,Ward 122 (Teynampet),9,Teynampet,waterlogging,high,3 to 5 ft,High Vulnerability 3 to 5 Feet,Nandhanam extension 6th Street | Depth: 3 to 5 ft ft | Level: High Vulnerability 3 to 5 Feet,GCC Area Flood Hotspots (Chennai SDSS),GCC-2015-SDSS,https://data.opencity.in/dataset/866141ab-3a3f-4dc0-8092-421d97ba29a2/resource/8e1c5b2d-322c-4dbd-bd64-6da2d1a8681d/download/31523c86-0ad1-42f5-b4d1-297daa4bbcd6.kml,VERIFIED INCIDENT,OFFICIALLY_VERIFIED,HIGH,True,OFFICIAL_HISTORICAL_RECORD
CHN-INC-1877,GCC-2015-SDSS-0124,2015-12-01,Chennai Floods 2015,Nandhanam extension 2nd Street,13.02928,80.241536,122,Ward 122 (Teynampet),9,Teynampet,waterlogging,high,3 to 5 ft,High Vulnerability 3 to 5 Feet,Nandhanam extension 2nd Street | Depth: 3 to 5 ft ft | Level: High Vulnerability 3 to 5 Feet,GCC Area Flood Hotspots (Chennai SDSS),GCC-2015-SDSS,https://data.opencity.in/dataset/866141ab-3a3f-4dc0-8092-421d97ba29a2/resource/8e1c5b2d-322c-4dbd-bd64-6da2d1a8681d/download/31523c86-0ad1-42f5-b4d1-297daa4bbcd6.kml,VERIFIED INCIDENT,OFFICIALLY_VERIFIED,HIGH,True,OFFICIAL_HISTORICAL_RECORD
CHN-INC-1878,GCC-2015-SDSS-0125,2015-12-01,Chennai Floods 2015,Nandhanam extension 1st Street,13.029336,80.242,122,Ward 122 (Teynampet),9,Teynampet,waterlogging,high,3 to 5 ft,High Vulnerability 3 to 5 Feet,Nandhanam extension 1st Street | Depth: 3 to 5 ft ft | Level: High Vulnerability 3 to 5 Feet,GCC Area Flood Hotspots (Chennai SDSS),GCC-2015-SDSS,https://data.opencity.in/dataset/866141ab-3a3f-4dc0-8092-421d97ba29a2/resource/8e1c5b2d-322c-4dbd-bd64-6da2d1a8681d/download/31523c86-0ad1-42f5-b4d1-297daa4bbcd6.kml,VERIFIED INCIDENT,OFFICIALLY_VERIFIED,HIGH,True,OFFICIAL_HISTORICAL_RECORD
CHN-INC-1879,GCC-2015-SDSS-0126,2015-12-01,Chennai Floods 2015,Nandhanam extension 3rd Street,13.028108,80.240864,122,Ward 122 (Teynampet),9,Teynampet,waterlogging,high,3 to 5 ft,High Vulnerability 3 to 5 Feet,Nandhanam extension 3rd Street | Depth: 3 to 5 ft ft | Level: High Vulnerability 3 to 5 Feet,GCC Area Flood Hotspots (Chennai SDSS),GCC-2015-SDSS,https://data.opencity.in/dataset/866141ab-3a3f-4dc0-8092-421d97ba29a2/resource/8e1c5b2d-322c-4dbd-bd64-6da2d1a8681d/download/31523c86-0ad1-42f5-b4d1-297daa4bbcd6.kml,VERIFIED INCIDENT,OFFICIALLY_VERIFIED,HIGH,True,OFFICIAL_HISTORICAL_RECORD
CHN-INC-1880,GCC-2015-SDSS-0127,2015-12-01,Chennai Floods 2015,Nandhanam extension 8th Street,13.028674,80.243038,122,Ward 122 (Teynampet),9,Teynampet,waterlogging,high,3 to 5 ft,High Vulnerability 3 to 5 Feet,Nandhanam extension 8th Street | Depth: 3 to 5 ft ft | Level: High Vulnerability 3 to 5 Feet,GCC Area Flood Hotspots (Chennai SDSS),GCC-2015-SDSS,https://data.opencity.in/dataset/866141ab-3a3f-4dc0-8092-421d97ba29a2/resource/8e1c5b2d-322c-4dbd-bd64-6da2d1a8681d/download/31523c86-0ad1-42f5-b4d1-297daa4bbcd6.kml,VERIFIED INCIDENT,OFFICIALLY_VERIFIED,HIGH,True,OFFICIAL_HISTORICAL_RECORD
CHN-INC-1881,GCC-2015-SDSS-0128,2015-12-01,Chennai Floods 2015,Nandhanam extension 7th Street,13.028636,80.243293,122,Ward 122 (Teynampet),9,Teynampet,waterlogging,high,3 to 5 ft,High Vulnerability 3 to 5 Feet,Nandhanam extension 7th Street | Depth: 3 to 5 ft ft | Level: High Vulnerability 3 to 5 Feet,GCC Area Flood Hotspots (Chennai SDSS),GCC-2015-SDSS,https://data.opencity.in/dataset/866141ab-3a3f-4dc0-8092-421d97ba29a2/resource/8e1c5b2d-322c-4dbd-bd64-6da2d1a8681d/download/31523c86-0ad1-42f5-b4d1-297daa4bbcd6.kml,VERIFIED INCIDENT,OFFICIALLY_VERIFIED,HIGH,True,OFFICIAL_HISTORICAL_RECORD
CHN-INC-1882,GCC-2015-SDSS-0129,2015-12-01,Chennai Floods 2015,Nandhanam extension 9th Street,13.029109,80.243373,122,Ward 122 (Teynampet),9,Teynampet,waterlogging,high,3 to 5 ft,High Vulnerability 3 to 5 Feet,Nandhanam extension 9th Street | Depth: 3 to 5 ft ft | Level: High Vulnerability 3 to 5 Feet,GCC Area Flood Hotspots (Chennai SDSS),GCC-2015-SDSS,https://data.opencity.in/dataset/866141ab-3a3f-4dc0-8092-421d97ba29a2/resource/8e1c5b2d-322c-4dbd-bd64-6da2d1a8681d/download/31523c86-0ad1-42f5-b4d1-297daa4bbcd6.kml,VERIFIED INCIDENT,OFFICIALLY_VERIFIED,HIGH,True,OFFICIAL_HISTORICAL_RECORD
CHN-INC-1883,GCC-2015-SDSS-0130,2015-12-01,Chennai Floods 2015,Cresent Road,13.026984,80.247524,122,Ward 122 (Teynampet),9,Teynampet,waterlogging,high,3 to 5 ft,High Vulnerability 3 to 5 Feet,Cresent Road | Depth: 3 to 5 ft ft | Level: High Vulnerability 3 to 5 Feet,GCC Area Flood Hotspots (Chennai SDSS),GCC-2015-SDSS,https://data.opencity.in/dataset/866141ab-3a3f-4dc0-8092-421d97ba29a2/resource/8e1c5b2d-322c-4dbd-bd64-6da2d1a8681d/download/31523c86-0ad1-42f5-b4d1-297daa4bbcd6.kml,VERIFIED INCIDENT,OFFICIALLY_VERIFIED,HIGH,True,OFFICIAL_HISTORICAL_RECORD
CHN-INC-1884,GCC-2015-SDSS-0131,2015-12-01,Chennai Floods 2015,R.A.Puram 3rd cross street,13.026793,80.256915,123,Ward 123 (Teynampet),9,Teynampet,waterlogging,medium,<2ft,Low Vulnerability less than 2 feet,R.A.Puram 3rd cross street | Depth: <2ft ft | Level: Low Vulnerability less than 2 feet,GCC Area Flood Hotspots (Chennai SDSS),GCC-2015-SDSS,https://data.opencity.in/dataset/866141ab-3a3f-4dc0-8092-421d97ba29a2/resource/8e1c5b2d-322c-4dbd-bd64-6da2d1a8681d/download/31523c86-0ad1-42f5-b4d1-297daa4bbcd6.kml,VERIFIED INCIDENT,OFFICIALLY_VERIFIED,HIGH,True,OFFICIAL_HISTORICAL_RECORD
CHN-INC-1885,GCC-2015-SDSS-0132,2015-12-01,Chennai Floods 2015,R.A.Puram 1st main road,13.028001,80.256432,123,Ward 123 (Teynampet),9,Teynampet,waterlogging,medium,<2ft,Low Vulnerability less than 2 feet,R.A.Puram 1st main road | Depth: <2ft ft | Level: Low Vulnerability less than 2 feet,GCC Area Flood Hotspots (Chennai SDSS),GCC-2015-SDSS,https://data.opencity.in/dataset/866141ab-3a3f-4dc0-8092-421d97ba29a2/resource/8e1c5b2d-322c-4dbd-bd64-6da2d1a8681d/download/31523c86-0ad1-42f5-b4d1-297daa4bbcd6.kml,VERIFIED INCIDENT,OFFICIALLY_VERIFIED,HIGH,True,OFFICIAL_HISTORICAL_RECORD
CHN-INC-1886,GCC-2015-SDSS-0133,2015-12-01,Chennai Floods 2015,Kamarajapuram Main Road,13.054696,80.23768,110,Ward 110 (Teynampet),9,Teynampet,waterlogging,medium,<2ft,Low Vulnerability less than 2 feet,Kamarajapuram Main Road | Depth: <2ft ft | Level: Low Vulnerability less than 2 feet,GCC Area Flood Hotspots (Chennai SDSS),GCC-2015-SDSS,https://data.opencity.in/dataset/866141ab-3a3f-4dc0-8092-421d97ba29a2/resource/8e1c5b2d-322c-4dbd-bd64-6da2d1a8681d/download/31523c86-0ad1-42f5-b4d1-297daa4bbcd6.kml,VERIFIED INCIDENT,OFFICIALLY_VERIFIED,HIGH,True,OFFICIAL_HISTORICAL_RECORD
CHN-INC-1887,GCC-2015-SDSS-0134,2015-12-01,Chennai Floods 2015,Habibullah Road,13.049376,80.242985,113,Ward 113 (Teynampet),9,Teynampet,waterlogging,medium,<2ft,Low Vulnerability less than 2 feet,Habibullah Road | Depth: <2ft ft | Level: Low Vulnerability less than 2 feet,GCC Area Flood Hotspots (Chennai SDSS),GCC-2015-SDSS,https://data.opencity.in/dataset/866141ab-3a3f-4dc0-8092-421d97ba29a2/resource/8e1c5b2d-322c-4dbd-bd64-6da2d1a8681d/download/31523c86-0ad1-42f5-b4d1-297daa4bbcd6.kml,VERIFIED INCIDENT,OFFICIALLY_VERIFIED,HIGH,True,OFFICIAL_HISTORICAL_RECORD
CHN-INC-1888,GCC-2015-SDSS-0135,2015-12-01,Chennai Floods 2015,Vembuliamman Koil street,13.043177,80.189686,128,Ward 128 (Kodambakkam),10,Kodambakkam,waterlogging,high,3 to 5 ft,High Vulnerability 3 to 5 Feet,Vembuliamman Koil street | Depth: 3 to 5 ft ft | Level: High Vulnerability 3 to 5 Feet,GCC Area Flood Hotspots (Chennai SDSS),GCC-2015-SDSS,https://data.opencity.in/dataset/866141ab-3a3f-4dc0-8092-421d97ba29a2/resource/8e1c5b2d-322c-4dbd-bd64-6da2d1a8681d/download/31523c86-0ad1-42f5-b4d1-297daa4bbcd6.kml,VERIFIED INCIDENT,OFFICIALLY_VERIFIED,HIGH,True,OFFICIAL_HISTORICAL_RECORD
CHN-INC-1889,GCC-2015-SDSS-0136,2015-12-01,Chennai Floods 2015,Thiru-Vi-Ka 3rd street,13.043575,80.266375,121,Ward 121 (Teynampet),9,Teynampet,waterlogging,medium,<2ft,Low Vulnerability less than 2 feet,Thiru-Vi-Ka 3rd street | Depth: <2ft ft | Level: Low Vulnerability less than 2 feet,GCC Area Flood Hotspots (Chennai SDSS),GCC-2015-SDSS,https://data.opencity.in/dataset/866141ab-3a3f-4dc0-8092-421d97ba29a2/resource/8e1c5b2d-322c-4dbd-bd64-6da2d1a8681d/download/31523c86-0ad1-42f5-b4d1-297daa4bbcd6.kml,VERIFIED INCIDENT,OFFICIALLY_VERIFIED,HIGH,True,OFFICIAL_HISTORICAL_RECORD
CHN-INC-1890,GCC-2015-SDSS-0137,2015-12-01,Chennai Floods 2015,Eldams Road,13.038703,80.252049,123,Ward 123 (Teynampet),9,Teynampet,waterlogging,medium,<2ft,Low Vulnerability less than 2 feet,Eldams Road | Depth: <2ft ft | Level: Low Vulnerability less than 2 feet,GCC Area Flood Hotspots (Chennai SDSS),GCC-2015-SDSS,https://data.opencity.in/dataset/866141ab-3a3f-4dc0-8092-421d97ba29a2/resource/8e1c5b2d-322c-4dbd-bd64-6da2d1a8681d/download/31523c86-0ad1-42f5-b4d1-297daa4bbcd6.kml,VERIFIED INCIDENT,OFFICIALLY_VERIFIED,HIGH,True,OFFICIAL_HISTORICAL_RECORD
CHN-INC-1891,GCC-2015-SDSS-0138,2015-12-01,Chennai Floods 2015,Kasthuri Estate 2nd street,13.044591,80.255307,118,Ward 118 (Teynampet),9,Teynampet,waterlogging,medium,<2ft,Low Vulnerability less than 2 feet,Kasthuri Estate 2nd street | Depth: <2ft ft | Level: Low Vulnerability less than 2 feet,GCC Area Flood Hotspots (Chennai SDSS),GCC-2015-SDSS,https://data.opencity.in/dataset/866141ab-3a3f-4dc0-8092-421d97ba29a2/resource/8e1c5b2d-322c-4dbd-bd64-6da2d1a8681d/download/31523c86-0ad1-42f5-b4d1-297daa4bbcd6.kml,VERIFIED INCIDENT,OFFICIALLY_VERIFIED,HIGH,True,OFFICIAL_HISTORICAL_RECORD
CHN-INC-1892,GCC-2015-SDSS-0139,2015-12-01,Chennai Floods 2015,Seethammal 1st Main Road,13.035941,80.253568,123,Ward 123 (Teynampet),9,Teynampet,waterlogging,high,3 to 5 ft,High Vulnerability 3 to 5 Feet,Seethammal 1st Main Road | Depth: 3 to 5 ft ft | Level: High Vulnerability 3 to 5 Feet,GCC Area Flood Hotspots (Chennai SDSS),GCC-2015-SDSS,https://data.opencity.in/dataset/866141ab-3a3f-4dc0-8092-421d97ba29a2/resource/8e1c5b2d-322c-4dbd-bd64-6da2d1a8681d/download/31523c86-0ad1-42f5-b4d1-297daa4bbcd6.kml,VERIFIED INCIDENT,OFFICIALLY_VERIFIED,HIGH,True,OFFICIAL_HISTORICAL_RECORD
CHN-INC-1893,GCC-2015-SDSS-0140,2015-12-01,Chennai Floods 2015,Karaneswarar Pagoda Street,13.039131,80.276082,125,Ward 125 (Teynampet),9,Teynampet,waterlogging,medium,<2ft,Low Vulnerability less than 2 feet,Karaneswarar Pagoda Street | Depth: <2ft ft | Level: Low Vulnerability less than 2 feet,GCC Area Flood Hotspots (Chennai SDSS),GCC-2015-SDSS,https://data.opencity.in/dataset/866141ab-3a3f-4dc0-8092-421d97ba29a2/resource/8e1c5b2d-322c-4dbd-bd64-6da2d1a8681d/download/31523c86-0ad1-42f5-b4d1-297daa4bbcd6.kml,VERIFIED INCIDENT,OFFICIALLY_VERIFIED,HIGH,True,OFFICIAL_HISTORICAL_RECORD
CHN-INC-1894,GCC-2015-SDSS-0141,2015-12-01,Chennai Floods 2015,Mayor Sundra (rao) road,13.049433,80.24872,118,Ward 118 (Teynampet),9,Teynampet,waterlogging,medium,<2ft,Low Vulnerability less than 2 feet,Mayor Sundra (rao) road | Depth: <2ft ft | Level: Low Vulnerability less than 2 feet,GCC Area Flood Hotspots (Chennai SDSS),GCC-2015-SDSS,https://data.opencity.in/dataset/866141ab-3a3f-4dc0-8092-421d97ba29a2/resource/8e1c5b2d-322c-4dbd-bd64-6da2d1a8681d/download/31523c86-0ad1-42f5-b4d1-297daa4bbcd6.kml,VERIFIED INCIDENT,OFFICIALLY_VERIFIED,HIGH,True,OFFICIAL_HISTORICAL_RECORD
CHN-INC-1895,GCC-2015-SDSS-0142,2015-12-01,Chennai Floods 2015,Conron Smith Road,13.052015,80.257682,111,Ward 111 (Teynampet),9,Teynampet,waterlogging,medium,<2ft,Low Vulnerability less than 2 feet,Conron Smith Road | Depth: <2ft ft | Level: Low Vulnerability less than 2 feet,GCC Area Flood Hotspots (Chennai SDSS),GCC-2015-SDSS,https://data.opencity.in/dataset/866141ab-3a3f-4dc0-8092-421d97ba29a2/resource/8e1c5b2d-322c-4dbd-bd64-6da2d1a8681d/download/31523c86-0ad1-42f5-b4d1-297daa4bbcd6.kml,VERIFIED INCIDENT,OFFICIALLY_VERIFIED,HIGH,True,OFFICIAL_HISTORICAL_RECORD
CHN-INC-1896,GCC-2015-SDSS-0143,2015-12-01,Chennai Floods 2015,School Road,13.056849,80.240117,110,Ward 110 (Teynampet),9,Teynampet,waterlogging,medium,<2ft,Low Vulnerability less than 2 feet,School Road | Depth: <2ft ft | Level: Low Vulnerability less than 2 feet,GCC Area Flood Hotspots (Chennai SDSS),GCC-2015-SDSS,https://data.opencity.in/dataset/866141ab-3a3f-4dc0-8092-421d97ba29a2/resource/8e1c5b2d-322c-4dbd-bd64-6da2d1a8681d/download/31523c86-0ad1-42f5-b4d1-297daa4bbcd6.kml,VERIFIED INCIDENT,OFFICIALLY_VERIFIED,HIGH,True,OFFICIAL_HISTORICAL_RECORD
CHN-INC-1897,GCC-2015-SDSS-0144,2015-12-01,Chennai Floods 2015,Sivan koil street,13.055372,80.220914,112,Ward 112 (Teynampet),9,Teynampet,waterlogging,medium,<2ft,Low Vulnerability less than 2 feet,Sivan koil street | Depth: <2ft ft | Level: Low Vulnerability less than 2 feet,GCC Area Flood Hotspots (Chennai SDSS),GCC-2015-SDSS,https://data.opencity.in/dataset/866141ab-3a3f-4dc0-8092-421d97ba29a2/resource/8e1c5b2d-322c-4dbd-bd64-6da2d1a8681d/download/31523c86-0ad1-42f5-b4d1-297daa4bbcd6.kml,VERIFIED INCIDENT,OFFICIALLY_VERIFIED,HIGH,True,OFFICIAL_HISTORICAL_RECORD
CHN-INC-1898,GCC-2015-SDSS-0145,2015-12-01,Chennai Floods 2015,Vanniyar 2nd  Street,13.059517,80.225152,109,Ward 109 (Teynampet),9,Teynampet,waterlogging,medium,<2ft,Low Vulnerability less than 2 feet,Vanniyar 2nd  Street | Depth: <2ft ft | Level: Low Vulnerability less than 2 feet,GCC Area Flood Hotspots (Chennai SDSS),GCC-2015-SDSS,https://data.opencity.in/dataset/866141ab-3a3f-4dc0-8092-421d97ba29a2/resource/8e1c5b2d-322c-4dbd-bd64-6da2d1a8681d/download/31523c86-0ad1-42f5-b4d1-297daa4bbcd6.kml,VERIFIED INCIDENT,OFFICIALLY_VERIFIED,HIGH,True,OFFICIAL_HISTORICAL_RECORD
CHN-INC-1899,GCC-2015-SDSS-0146,2015-12-01,Chennai Floods 2015,Sydoji Street,13.059759,80.276593,114,Ward 114 (Teynampet),9,Teynampet,waterlogging,medium,<2ft,Low Vulnerability less than 2 feet,Sydoji Street | Depth: <2ft ft | Level: Low Vulnerability less than 2 feet,GCC Area Flood Hotspots (Chennai SDSS),GCC-2015-SDSS,https://data.opencity.in/dataset/866141ab-3a3f-4dc0-8092-421d97ba29a2/resource/8e1c5b2d-322c-4dbd-bd64-6da2d1a8681d/download/31523c86-0ad1-42f5-b4d1-297daa4bbcd6.kml,VERIFIED INCIDENT,OFFICIALLY_VERIFIED,HIGH,True,OFFICIAL_HISTORICAL_RECORD
CHN-INC-1900,GCC-2015-SDSS-0147,2015-12-01,Chennai Floods 2015,Dr. Natesan Road,13.049763,80.274345,120,Ward 120 (Teynampet),9,Teynampet,waterlogging,medium,<2ft,Low Vulnerability less than 2 feet,Dr. Natesan Road | Depth: <2ft ft | Level: Low Vulnerability less than 2 feet,GCC Area Flood Hotspots (Chennai SDSS),GCC-2015-SDSS,https://data.opencity.in/dataset/866141ab-3a3f-4dc0-8092-421d97ba29a2/resource/8e1c5b2d-322c-4dbd-bd64-6da2d1a8681d/download/31523c86-0ad1-42f5-b4d1-297daa4bbcd6.kml,VERIFIED INCIDENT,OFFICIALLY_VERIFIED,HIGH,True,OFFICIAL_HISTORICAL_RECORD
CHN-INC-1901,GCC-2015-SDSS-0148,2015-12-01,Chennai Floods 2015,Dr. Besant Road,13.052124,80.275668,116,Ward 116 (Teynampet),9,Teynampet,waterlogging,medium,<2ft,Low Vulnerability less than 2 feet,Dr. Besant Road | Depth: <2ft ft | Level: Low Vulnerability less than 2 feet,GCC Area Flood Hotspots (Chennai SDSS),GCC-2015-SDSS,https://data.opencity.in/dataset/866141ab-3a3f-4dc0-8092-421d97ba29a2/resource/8e1c5b2d-322c-4dbd-bd64-6da2d1a8681d/download/31523c86-0ad1-42f5-b4d1-297daa4bbcd6.kml,VERIFIED INCIDENT,OFFICIALLY_VERIFIED,HIGH,True,OFFICIAL_HISTORICAL_RECORD
CHN-INC-1902,GCC-2015-SDSS-0149,2015-12-01,Chennai Floods 2015,Dr. Besant Road,13.053173,80.271542,115,Ward 115 (Teynampet),9,Teynampet,waterlogging,medium,<2ft,Low Vulnerability less than 2 feet,Dr. Besant Road | Depth: <2ft ft | Level: Low Vulnerability less than 2 feet,GCC Area Flood Hotspots (Chennai SDSS),GCC-2015-SDSS,https://data.opencity.in/dataset/866141ab-3a3f-4dc0-8092-421d97ba29a2/resource/8e1c5b2d-322c-4dbd-bd64-6da2d1a8681d/download/31523c86-0ad1-42f5-b4d1-297daa4bbcd6.kml,VERIFIED INCIDENT,OFFICIALLY_VERIFIED,HIGH,True,OFFICIAL_HISTORICAL_RECORD
CHN-INC-1903,GCC-2015-SDSS-0150,2015-12-01,Chennai Floods 2015,Dismantling and Reconstruction of existing SWD along Villivakkam Sidco Nagar 2nd main road I main road to Burial Ground Compound Wall,13.106111,80.199245,94,Ward 94 (Anna Nagar),8,Anna Nagar,waterlogging,high,3 to 5 ft,High Vulnerability 3 to 5 Feet,Dismantling and Reconstruction of existing SWD along Villivakkam Sidco Nagar 2nd main road I main road to Burial Ground Compound Wall | Depth: 3 to 5 ft ft | Level: High Vulnerability 3 to 5 Feet,GCC Area Flood Hotspots (Chennai SDSS),GCC-2015-SDSS,https://data.opencity.in/dataset/866141ab-3a3f-4dc0-8092-421d97ba29a2/resource/8e1c5b2d-322c-4dbd-bd64-6da2d1a8681d/download/31523c86-0ad1-42f5-b4d1-297daa4bbcd6.kml,VERIFIED INCIDENT,OFFICIALLY_VERIFIED,HIGH,True,OFFICIAL_HISTORICAL_RECORD
CHN-INC-1904,GCC-2015-SDSS-0151,2015-12-01,Chennai Floods 2015,Thideer  Nagar,13.06328,80.254863,111,Ward 111 (Teynampet),9,Teynampet,waterlogging,critical,>5ft,Very High Vulnerability Above 5 Feet,Thideer  Nagar | Depth: >5ft ft | Level: Very High Vulnerability Above 5 Feet,GCC Area Flood Hotspots (Chennai SDSS),GCC-2015-SDSS,https://data.opencity.in/dataset/866141ab-3a3f-4dc0-8092-421d97ba29a2/resource/8e1c5b2d-322c-4dbd-bd64-6da2d1a8681d/download/31523c86-0ad1-42f5-b4d1-297daa4bbcd6.kml,VERIFIED INCIDENT,OFFICIALLY_VERIFIED,HIGH,True,OFFICIAL_HISTORICAL_RECORD
CHN-INC-1905,GCC-2015-SDSS-0152,2015-12-01,Chennai Floods 2015,"2nd Avenue, Anna Nagar (Roundana)",13.084595,80.221143,102,Ward 102 (Anna Nagar),8,Anna Nagar,waterlogging,medium,<2ft,Low Vulnerability less than 2 feet,"2nd Avenue, Anna Nagar (Roundana) | Depth: <2ft ft | Level: Low Vulnerability less than 2 feet",GCC Area Flood Hotspots (Chennai SDSS),GCC-2015-SDSS,https://data.opencity.in/dataset/866141ab-3a3f-4dc0-8092-421d97ba29a2/resource/8e1c5b2d-322c-4dbd-bd64-6da2d1a8681d/download/31523c86-0ad1-42f5-b4d1-297daa4bbcd6.kml,VERIFIED INCIDENT,OFFICIALLY_VERIFIED,HIGH,True,OFFICIAL_HISTORICAL_RECORD
CHN-INC-1906,GCC-2015-SDSS-0153,2015-12-01,Chennai Floods 2015,Trustpuram 1st cross street,13.054118,80.224122,112,Ward 112 (Teynampet),9,Teynampet,waterlogging,medium,<2ft,Low Vulnerability less than 2 feet,Trustpuram 1st cross street | Depth: <2ft ft | Level: Low Vulnerability less than 2 feet,GCC Area Flood Hotspots (Chennai SDSS),GCC-2015-SDSS,https://data.opencity.in/dataset/866141ab-3a3f-4dc0-8092-421d97ba29a2/resource/8e1c5b2d-322c-4dbd-bd64-6da2d1a8681d/download/31523c86-0ad1-42f5-b4d1-297daa4bbcd6.kml,VERIFIED INCIDENT,OFFICIALLY_VERIFIED,HIGH,True,OFFICIAL_HISTORICAL_RECORD
CHN-INC-1907,GCC-2015-SDSS-0154,2015-12-01,Chennai Floods 2015,Thirumalai pillai Street,13.048901,80.240191,117,Ward 117 (Kodambakkam),10,Kodambakkam,waterlogging,medium,<2ft,Low Vulnerability less than 2 feet,Thirumalai pillai Street | Depth: <2ft ft | Level: Low Vulnerability less than 2 feet,GCC Area Flood Hotspots (Chennai SDSS),GCC-2015-SDSS,https://data.opencity.in/dataset/866141ab-3a3f-4dc0-8092-421d97ba29a2/resource/8e1c5b2d-322c-4dbd-bd64-6da2d1a8681d/download/31523c86-0ad1-42f5-b4d1-297daa4bbcd6.kml,VERIFIED INCIDENT,OFFICIALLY_VERIFIED,HIGH,True,OFFICIAL_HISTORICAL_RECORD
CHN-INC-1908,GCC-2015-SDSS-0155,2015-12-01,Chennai Floods 2015,C.N.K. Road,13.063673,80.276898,114,Ward 114 (Teynampet),9,Teynampet,waterlogging,medium,<2ft,Low Vulnerability less than 2 feet,C.N.K. Road | Depth: <2ft ft | Level: Low Vulnerability less than 2 feet,GCC Area Flood Hotspots (Chennai SDSS),GCC-2015-SDSS,https://data.opencity.in/dataset/866141ab-3a3f-4dc0-8092-421d97ba29a2/resource/8e1c5b2d-322c-4dbd-bd64-6da2d1a8681d/download/31523c86-0ad1-42f5-b4d1-297daa4bbcd6.kml,VERIFIED INCIDENT,OFFICIALLY_VERIFIED,HIGH,True,OFFICIAL_HISTORICAL_RECORD
CHN-INC-1909,GCC-2015-SDSS-0156,2015-12-01,Chennai Floods 2015,V.V.Koil Street,13.091472,80.26479,78,Ward 78 (Thiru. Vi. Ka. Nagar),6,Thiru. Vi. Ka. Nagar,waterlogging,medium,<2ft,Low Vulnerability less than 2 feet,V.V.Koil Street | Depth: <2ft ft | Level: Low Vulnerability less than 2 feet,GCC Area Flood Hotspots (Chennai SDSS),GCC-2015-SDSS,https://data.opencity.in/dataset/866141ab-3a3f-4dc0-8092-421d97ba29a2/resource/8e1c5b2d-322c-4dbd-bd64-6da2d1a8681d/download/31523c86-0ad1-42f5-b4d1-297daa4bbcd6.kml,VERIFIED INCIDENT,OFFICIALLY_VERIFIED,HIGH,True,OFFICIAL_HISTORICAL_RECORD
CHN-INC-1910,GCC-2015-SDSS-0157,2015-12-01,Chennai Floods 2015,Gill Nagar 1nd street,13.065563,80.223964,109,Ward 109 (Teynampet),9,Teynampet,waterlogging,medium,<2ft,Low Vulnerability less than 2 feet,Gill Nagar 1nd street | Depth: <2ft ft | Level: Low Vulnerability less than 2 feet,GCC Area Flood Hotspots (Chennai SDSS),GCC-2015-SDSS,https://data.opencity.in/dataset/866141ab-3a3f-4dc0-8092-421d97ba29a2/resource/8e1c5b2d-322c-4dbd-bd64-6da2d1a8681d/download/31523c86-0ad1-42f5-b4d1-297daa4bbcd6.kml,VERIFIED INCIDENT,OFFICIALLY_VERIFIED,HIGH,True,OFFICIAL_HISTORICAL_RECORD
CHN-INC-1911,GCC-2015-SDSS-0158,2015-12-01,Chennai Floods 2015,Sowrastra nagar 5th street,13.06329,80.231479,112,Ward 112 (Teynampet),9,Teynampet,waterlogging,medium,<2ft,Low Vulnerability less than 2 feet,Sowrastra nagar 5th street | Depth: <2ft ft | Level: Low Vulnerability less than 2 feet,GCC Area Flood Hotspots (Chennai SDSS),GCC-2015-SDSS,https://data.opencity.in/dataset/866141ab-3a3f-4dc0-8092-421d97ba29a2/resource/8e1c5b2d-322c-4dbd-bd64-6da2d1a8681d/download/31523c86-0ad1-42f5-b4d1-297daa4bbcd6.kml,VERIFIED INCIDENT,OFFICIALLY_VERIFIED,HIGH,True,OFFICIAL_HISTORICAL_RECORD
CHN-INC-1912,GCC-2015-SDSS-0159,2015-12-01,Chennai Floods 2015,Andiyappan Street,13.115815,80.237568,67,Ward 67 (Thiru. Vi. Ka. Nagar),6,Thiru. Vi. Ka. Nagar,waterlogging,medium,<2ft,Low Vulnerability less than 2 feet,Andiyappan Street | Depth: <2ft ft | Level: Low Vulnerability less than 2 feet,GCC Area Flood Hotspots (Chennai SDSS),GCC-2015-SDSS,https://data.opencity.in/dataset/866141ab-3a3f-4dc0-8092-421d97ba29a2/resource/8e1c5b2d-322c-4dbd-bd64-6da2d1a8681d/download/31523c86-0ad1-42f5-b4d1-297daa4bbcd6.kml,VERIFIED INCIDENT,OFFICIALLY_VERIFIED,HIGH,True,OFFICIAL_HISTORICAL_RECORD
CHN-INC-1913,GCC-2015-SDSS-0160,2015-12-01,Chennai Floods 2015,Mannarswamy Street,13.101154,80.261484,73,Ward 73 (Thiru. Vi. Ka. Nagar),6,Thiru. Vi. Ka. Nagar,waterlogging,medium,<2ft,Low Vulnerability less than 2 feet,Mannarswamy Street | Depth: <2ft ft | Level: Low Vulnerability less than 2 feet,GCC Area Flood Hotspots (Chennai SDSS),GCC-2015-SDSS,https://data.opencity.in/dataset/866141ab-3a3f-4dc0-8092-421d97ba29a2/resource/8e1c5b2d-322c-4dbd-bd64-6da2d1a8681d/download/31523c86-0ad1-42f5-b4d1-297daa4bbcd6.kml,VERIFIED INCIDENT,OFFICIALLY_VERIFIED,HIGH,True,OFFICIAL_HISTORICAL_RECORD
CHN-INC-1914,GCC-2015-SDSS-0161,2015-12-01,Chennai Floods 2015,Lal Singh Street,13.099894,80.264763,73,Ward 73 (Thiru. Vi. Ka. Nagar),6,Thiru. Vi. Ka. Nagar,waterlogging,medium,<2ft,Low Vulnerability less than 2 feet,Lal Singh Street | Depth: <2ft ft | Level: Low Vulnerability less than 2 feet,GCC Area Flood Hotspots (Chennai SDSS),GCC-2015-SDSS,https://data.opencity.in/dataset/866141ab-3a3f-4dc0-8092-421d97ba29a2/resource/8e1c5b2d-322c-4dbd-bd64-6da2d1a8681d/download/31523c86-0ad1-42f5-b4d1-297daa4bbcd6.kml,VERIFIED INCIDENT,OFFICIALLY_VERIFIED,HIGH,True,OFFICIAL_HISTORICAL_RECORD
CHN-INC-1915,GCC-2015-SDSS-0162,2015-12-01,Chennai Floods 2015,Dismantling and reconstruction of RCC TVS Canal along Annai Sathya Nagar from Wheels India Culvert to Padi Bridge Culvert,13.103662,80.196255,94,Ward 94 (Anna Nagar),8,Anna Nagar,waterlogging,critical,>5ft,Very High Vulnerability Above 5 Feet,Dismantling and reconstruction of RCC TVS Canal along Annai Sathya Nagar from Wheels India Culvert to Padi Bridge Culvert | Depth: >5ft ft | Level: Very High Vulnerability Above 5 Feet,GCC Area Flood Hotspots (Chennai SDSS),GCC-2015-SDSS,https://data.opencity.in/dataset/866141ab-3a3f-4dc0-8092-421d97ba29a2/resource/8e1c5b2d-322c-4dbd-bd64-6da2d1a8681d/download/31523c86-0ad1-42f5-b4d1-297daa4bbcd6.kml,VERIFIED INCIDENT,OFFICIALLY_VERIFIED,HIGH,True,OFFICIAL_HISTORICAL_RECORD
CHN-INC-1916,GCC-2015-SDSS-0163,2015-12-01,Chennai Floods 2015,"Dismantling and Reconstruction of existing SWD along Kumarasamy Nagar  ,Agathiyar canal",13.102024,80.199022,95,Ward 95 (Anna Nagar),8,Anna Nagar,waterlogging,medium,<2ft,Low Vulnerability less than 2 feet,"Dismantling and Reconstruction of existing SWD along Kumarasamy Nagar  ,Agathiyar canal | Depth: <2ft ft | Level: Low Vulnerability less than 2 feet",GCC Area Flood Hotspots (Chennai SDSS),GCC-2015-SDSS,https://data.opencity.in/dataset/866141ab-3a3f-4dc0-8092-421d97ba29a2/resource/8e1c5b2d-322c-4dbd-bd64-6da2d1a8681d/download/31523c86-0ad1-42f5-b4d1-297daa4bbcd6.kml,VERIFIED INCIDENT,OFFICIALLY_VERIFIED,HIGH,True,OFFICIAL_HISTORICAL_RECORD
CHN-INC-1917,GCC-2015-SDSS-0164,2015-12-01,Chennai Floods 2015,B.V Colony 19 and 20th Street,13.114729,80.2587,45,Ward 45 (Tondiarpet),4,Tondiarpet,waterlogging,medium,<2ft,Low Vulnerability less than 2 feet,B.V Colony 19 and 20th Street | Depth: <2ft ft | Level: Low Vulnerability less than 2 feet,GCC Area Flood Hotspots (Chennai SDSS),GCC-2015-SDSS,https://data.opencity.in/dataset/866141ab-3a3f-4dc0-8092-421d97ba29a2/resource/8e1c5b2d-322c-4dbd-bd64-6da2d1a8681d/download/31523c86-0ad1-42f5-b4d1-297daa4bbcd6.kml,VERIFIED INCIDENT,OFFICIALLY_VERIFIED,HIGH,True,OFFICIAL_HISTORICAL_RECORD
CHN-INC-1918,GCC-2015-SDSS-0165,2015-12-01,Chennai Floods 2015,Annai Sathya Nagar,13.115242,80.259914,45,Ward 45 (Tondiarpet),4,Tondiarpet,waterlogging,medium,<2ft,Low Vulnerability less than 2 feet,Annai Sathya Nagar | Depth: <2ft ft | Level: Low Vulnerability less than 2 feet,GCC Area Flood Hotspots (Chennai SDSS),GCC-2015-SDSS,https://data.opencity.in/dataset/866141ab-3a3f-4dc0-8092-421d97ba29a2/resource/8e1c5b2d-322c-4dbd-bd64-6da2d1a8681d/download/31523c86-0ad1-42f5-b4d1-297daa4bbcd6.kml,VERIFIED INCIDENT,OFFICIALLY_VERIFIED,HIGH,True,OFFICIAL_HISTORICAL_RECORD
CHN-INC-1919,GCC-2015-SDSS-0166,2015-12-01,Chennai Floods 2015,Bharathi Main Road,13.110723,80.248111,71,Ward 71 (Thiru. Vi. Ka. Nagar),6,Thiru. Vi. Ka. Nagar,waterlogging,medium,<2ft,Low Vulnerability less than 2 feet,Bharathi Main Road | Depth: <2ft ft | Level: Low Vulnerability less than 2 feet,GCC Area Flood Hotspots (Chennai SDSS),GCC-2015-SDSS,https://data.opencity.in/dataset/866141ab-3a3f-4dc0-8092-421d97ba29a2/resource/8e1c5b2d-322c-4dbd-bd64-6da2d1a8681d/download/31523c86-0ad1-42f5-b4d1-297daa4bbcd6.kml,VERIFIED INCIDENT,OFFICIALLY_VERIFIED,HIGH,True,OFFICIAL_HISTORICAL_RECORD
CHN-INC-1920,GCC-2015-SDSS-0167,2015-12-01,Chennai Floods 2015,Jawahar Nagar,13.114187,80.22945,68,Ward 68 (Thiru. Vi. Ka. Nagar),6,Thiru. Vi. Ka. Nagar,waterlogging,medium,<2ft,Low Vulnerability less than 2 feet,Jawahar Nagar | Depth: <2ft ft | Level: Low Vulnerability less than 2 feet,GCC Area Flood Hotspots (Chennai SDSS),GCC-2015-SDSS,https://data.opencity.in/dataset/866141ab-3a3f-4dc0-8092-421d97ba29a2/resource/8e1c5b2d-322c-4dbd-bd64-6da2d1a8681d/download/31523c86-0ad1-42f5-b4d1-297daa4bbcd6.kml,VERIFIED INCIDENT,OFFICIALLY_VERIFIED,HIGH,True,OFFICIAL_HISTORICAL_RECORD
CHN-INC-1921,GCC-2015-SDSS-0168,2015-12-01,Chennai Floods 2015,Carnesh Nagar,13.126077,80.278899,41,Ward 41 (Tondiarpet),4,Tondiarpet,waterlogging,medium,<2ft,Low Vulnerability less than 2 feet,Carnesh Nagar | Depth: <2ft ft | Level: Low Vulnerability less than 2 feet,GCC Area Flood Hotspots (Chennai SDSS),GCC-2015-SDSS,https://data.opencity.in/dataset/866141ab-3a3f-4dc0-8092-421d97ba29a2/resource/8e1c5b2d-322c-4dbd-bd64-6da2d1a8681d/download/31523c86-0ad1-42f5-b4d1-297daa4bbcd6.kml,VERIFIED INCIDENT,OFFICIALLY_VERIFIED,HIGH,True,OFFICIAL_HISTORICAL_RECORD
CHN-INC-1922,GCC-2015-SDSS-0169,2015-12-01,Chennai Floods 2015,MN Nagar,13.125029,80.219436,65,Ward 65 (Thiru. Vi. Ka. Nagar),6,Thiru. Vi. Ka. Nagar,waterlogging,medium,<2ft,Low Vulnerability less than 2 feet,MN Nagar | Depth: <2ft ft | Level: Low Vulnerability less than 2 feet,GCC Area Flood Hotspots (Chennai SDSS),GCC-2015-SDSS,https://data.opencity.in/dataset/866141ab-3a3f-4dc0-8092-421d97ba29a2/resource/8e1c5b2d-322c-4dbd-bd64-6da2d1a8681d/download/31523c86-0ad1-42f5-b4d1-297daa4bbcd6.kml,VERIFIED INCIDENT,OFFICIALLY_VERIFIED,HIGH,True,OFFICIAL_HISTORICAL_RECORD
CHN-INC-1923,GCC-2015-SDSS-0170,2015-12-01,Chennai Floods 2015,Gandhi Street,13.120248,80.209023,65,Ward 65 (Thiru. Vi. Ka. Nagar),6,Thiru. Vi. Ka. Nagar,waterlogging,medium,<2ft,Low Vulnerability less than 2 feet,Gandhi Street | Depth: <2ft ft | Level: Low Vulnerability less than 2 feet,GCC Area Flood Hotspots (Chennai SDSS),GCC-2015-SDSS,https://data.opencity.in/dataset/866141ab-3a3f-4dc0-8092-421d97ba29a2/resource/8e1c5b2d-322c-4dbd-bd64-6da2d1a8681d/download/31523c86-0ad1-42f5-b4d1-297daa4bbcd6.kml,VERIFIED INCIDENT,OFFICIALLY_VERIFIED,HIGH,True,OFFICIAL_HISTORICAL_RECORD
CHN-INC-1924,GCC-2015-SDSS-0171,2015-12-01,Chennai Floods 2015,Dismantling and Reconstruction of RCC Box type storm water drain of size 1200x1200mm along Kamarajar salai from Elaya street to AE koil st,13.136593,80.289919,40,Ward 40 (Tondiarpet),4,Tondiarpet,waterlogging,high,3 to 5 ft,High Vulnerability 3 to 5 Feet,Dismantling and Reconstruction of RCC Box type storm water drain of size 1200x1200mm along Kamarajar salai from Elaya street to AE koil st | Depth: 3 to 5 ft ft | Level: High Vulnerability 3 to 5 Feet,GCC Area Flood Hotspots (Chennai SDSS),GCC-2015-SDSS,https://data.opencity.in/dataset/866141ab-3a3f-4dc0-8092-421d97ba29a2/resource/8e1c5b2d-322c-4dbd-bd64-6da2d1a8681d/download/31523c86-0ad1-42f5-b4d1-297daa4bbcd6.kml,VERIFIED INCIDENT,OFFICIALLY_VERIFIED,HIGH,True,OFFICIAL_HISTORICAL_RECORD
CHN-INC-1925,GCC-2015-SDSS-0172,2015-12-01,Chennai Floods 2015,Shanthi Street,13.125444,80.230418,66,Ward 66 (Thiru. Vi. Ka. Nagar),6,Thiru. Vi. Ka. Nagar,waterlogging,medium,<2ft,Low Vulnerability less than 2 feet,Shanthi Street | Depth: <2ft ft | Level: Low Vulnerability less than 2 feet,GCC Area Flood Hotspots (Chennai SDSS),GCC-2015-SDSS,https://data.opencity.in/dataset/866141ab-3a3f-4dc0-8092-421d97ba29a2/resource/8e1c5b2d-322c-4dbd-bd64-6da2d1a8681d/download/31523c86-0ad1-42f5-b4d1-297daa4bbcd6.kml,VERIFIED INCIDENT,OFFICIALLY_VERIFIED,HIGH,True,OFFICIAL_HISTORICAL_RECORD
CHN-INC-1926,GCC-2015-SDSS-0173,2015-12-01,Chennai Floods 2015,Kamaraj Street,13.121685,80.231923,66,Ward 66 (Thiru. Vi. Ka. Nagar),6,Thiru. Vi. Ka. Nagar,waterlogging,medium,<2ft,Low Vulnerability less than 2 feet,Kamaraj Street | Depth: <2ft ft | Level: Low Vulnerability less than 2 feet,GCC Area Flood Hotspots (Chennai SDSS),GCC-2015-SDSS,https://data.opencity.in/dataset/866141ab-3a3f-4dc0-8092-421d97ba29a2/resource/8e1c5b2d-322c-4dbd-bd64-6da2d1a8681d/download/31523c86-0ad1-42f5-b4d1-297daa4bbcd6.kml,VERIFIED INCIDENT,OFFICIALLY_VERIFIED,HIGH,True,OFFICIAL_HISTORICAL_RECORD
CHN-INC-1927,GCC-2015-SDSS-0174,2015-12-01,Chennai Floods 2015,Maduraiswamy Madam,13.118005,80.238394,67,Ward 67 (Thiru. Vi. Ka. Nagar),6,Thiru. Vi. Ka. Nagar,waterlogging,medium,<2ft,Low Vulnerability less than 2 feet,Maduraiswamy Madam | Depth: <2ft ft | Level: Low Vulnerability less than 2 feet,GCC Area Flood Hotspots (Chennai SDSS),GCC-2015-SDSS,https://data.opencity.in/dataset/866141ab-3a3f-4dc0-8092-421d97ba29a2/resource/8e1c5b2d-322c-4dbd-bd64-6da2d1a8681d/download/31523c86-0ad1-42f5-b4d1-297daa4bbcd6.kml,VERIFIED INCIDENT,OFFICIALLY_VERIFIED,HIGH,True,OFFICIAL_HISTORICAL_RECORD
CHN-INC-1928,GCC-2015-SDSS-0175,2015-12-01,Chennai Floods 2015,Poombugar Nagar 2nd Main Road,13.120432,80.214892,65,Ward 65 (Thiru. Vi. Ka. Nagar),6,Thiru. Vi. Ka. Nagar,waterlogging,medium,<2ft,Low Vulnerability less than 2 feet,Poombugar Nagar 2nd Main Road | Depth: <2ft ft | Level: Low Vulnerability less than 2 feet,GCC Area Flood Hotspots (Chennai SDSS),GCC-2015-SDSS,https://data.opencity.in/dataset/866141ab-3a3f-4dc0-8092-421d97ba29a2/resource/8e1c5b2d-322c-4dbd-bd64-6da2d1a8681d/download/31523c86-0ad1-42f5-b4d1-297daa4bbcd6.kml,VERIFIED INCIDENT,OFFICIALLY_VERIFIED,HIGH,True,OFFICIAL_HISTORICAL_RECORD
CHN-INC-1929,GCC-2015-SDSS-0176,2015-12-01,Chennai Floods 2015,Poombugar Nagar 11th Cross Street,13.120586,80.21607,65,Ward 65 (Thiru. Vi. Ka. Nagar),6,Thiru. Vi. Ka. Nagar,waterlogging,medium,<2ft,Low Vulnerability less than 2 feet,Poombugar Nagar 11th Cross Street | Depth: <2ft ft | Level: Low Vulnerability less than 2 feet,GCC Area Flood Hotspots (Chennai SDSS),GCC-2015-SDSS,https://data.opencity.in/dataset/866141ab-3a3f-4dc0-8092-421d97ba29a2/resource/8e1c5b2d-322c-4dbd-bd64-6da2d1a8681d/download/31523c86-0ad1-42f5-b4d1-297daa4bbcd6.kml,VERIFIED INCIDENT,OFFICIALLY_VERIFIED,HIGH,True,OFFICIAL_HISTORICAL_RECORD
CHN-INC-1930,GCC-2015-SDSS-0177,2015-12-01,Chennai Floods 2015,Poombugar Nagar 1st Main Road,13.120113,80.212103,65,Ward 65 (Thiru. Vi. Ka. Nagar),6,Thiru. Vi. Ka. Nagar,waterlogging,medium,<2ft,Low Vulnerability less than 2 feet,Poombugar Nagar 1st Main Road | Depth: <2ft ft | Level: Low Vulnerability less than 2 feet,GCC Area Flood Hotspots (Chennai SDSS),GCC-2015-SDSS,https://data.opencity.in/dataset/866141ab-3a3f-4dc0-8092-421d97ba29a2/resource/8e1c5b2d-322c-4dbd-bd64-6da2d1a8681d/download/31523c86-0ad1-42f5-b4d1-297daa4bbcd6.kml,VERIFIED INCIDENT,OFFICIALLY_VERIFIED,HIGH,True,OFFICIAL_HISTORICAL_RECORD
CHN-INC-1931,GCC-2015-SDSS-0178,2015-12-01,Chennai Floods 2015,Dr. Ambedkar College Road,13.105077,80.260436,71,Ward 71 (Thiru. Vi. Ka. Nagar),6,Thiru. Vi. Ka. Nagar,waterlogging,medium,<2ft,Low Vulnerability less than 2 feet,Dr. Ambedkar College Road | Depth: <2ft ft | Level: Low Vulnerability less than 2 feet,GCC Area Flood Hotspots (Chennai SDSS),GCC-2015-SDSS,https://data.opencity.in/dataset/866141ab-3a3f-4dc0-8092-421d97ba29a2/resource/8e1c5b2d-322c-4dbd-bd64-6da2d1a8681d/download/31523c86-0ad1-42f5-b4d1-297daa4bbcd6.kml,VERIFIED INCIDENT,OFFICIALLY_VERIFIED,HIGH,True,OFFICIAL_HISTORICAL_RECORD
CHN-INC-1932,GCC-2015-SDSS-0179,2015-12-01,Chennai Floods 2015,Ragavan Street,13.125037,80.230359,66,Ward 66 (Thiru. Vi. Ka. Nagar),6,Thiru. Vi. Ka. Nagar,waterlogging,medium,<2ft,Low Vulnerability less than 2 feet,Ragavan Street | Depth: <2ft ft | Level: Low Vulnerability less than 2 feet,GCC Area Flood Hotspots (Chennai SDSS),GCC-2015-SDSS,https://data.opencity.in/dataset/866141ab-3a3f-4dc0-8092-421d97ba29a2/resource/8e1c5b2d-322c-4dbd-bd64-6da2d1a8681d/download/31523c86-0ad1-42f5-b4d1-297daa4bbcd6.kml,VERIFIED INCIDENT,OFFICIALLY_VERIFIED,HIGH,True,OFFICIAL_HISTORICAL_RECORD
CHN-INC-1933,GCC-2015-SDSS-0180,2015-12-01,Chennai Floods 2015,Gandhimathi Street,13.125489,80.231419,66,Ward 66 (Thiru. Vi. Ka. Nagar),6,Thiru. Vi. Ka. Nagar,waterlogging,medium,<2ft,Low Vulnerability less than 2 feet,Gandhimathi Street | Depth: <2ft ft | Level: Low Vulnerability less than 2 feet,GCC Area Flood Hotspots (Chennai SDSS),GCC-2015-SDSS,https://data.opencity.in/dataset/866141ab-3a3f-4dc0-8092-421d97ba29a2/resource/8e1c5b2d-322c-4dbd-bd64-6da2d1a8681d/download/31523c86-0ad1-42f5-b4d1-297daa4bbcd6.kml,VERIFIED INCIDENT,OFFICIALLY_VERIFIED,HIGH,True,OFFICIAL_HISTORICAL_RECORD
CHN-INC-1934,GCC-2015-SDSS-0181,2015-12-01,Chennai Floods 2015,Rangasiyee Street,13.108812,80.23557,69,Ward 69 (Thiru. Vi. Ka. Nagar),6,Thiru. Vi. Ka. Nagar,waterlogging,medium,<2ft,Low Vulnerability less than 2 feet,Rangasiyee Street | Depth: <2ft ft | Level: Low Vulnerability less than 2 feet,GCC Area Flood Hotspots (Chennai SDSS),GCC-2015-SDSS,https://data.opencity.in/dataset/866141ab-3a3f-4dc0-8092-421d97ba29a2/resource/8e1c5b2d-322c-4dbd-bd64-6da2d1a8681d/download/31523c86-0ad1-42f5-b4d1-297daa4bbcd6.kml,VERIFIED INCIDENT,OFFICIALLY_VERIFIED,HIGH,True,OFFICIAL_HISTORICAL_RECORD
CHN-INC-1935,GCC-2015-SDSS-0182,2015-12-01,Chennai Floods 2015,Anjugam Nagar 4th Street,13.122203,80.221783,65,Ward 65 (Thiru. Vi. Ka. Nagar),6,Thiru. Vi. Ka. Nagar,waterlogging,medium,<2ft,Low Vulnerability less than 2 feet,Anjugam Nagar 4th Street | Depth: <2ft ft | Level: Low Vulnerability less than 2 feet,GCC Area Flood Hotspots (Chennai SDSS),GCC-2015-SDSS,https://data.opencity.in/dataset/866141ab-3a3f-4dc0-8092-421d97ba29a2/resource/8e1c5b2d-322c-4dbd-bd64-6da2d1a8681d/download/31523c86-0ad1-42f5-b4d1-297daa4bbcd6.kml,VERIFIED INCIDENT,OFFICIALLY_VERIFIED,HIGH,True,OFFICIAL_HISTORICAL_RECORD
CHN-INC-1936,GCC-2015-SDSS-0183,2015-12-01,Chennai Floods 2015,Teachers Colonly,13.129789,80.21839,66,Ward 66 (Thiru. Vi. Ka. Nagar),6,Thiru. Vi. Ka. Nagar,waterlogging,medium,<2ft,Low Vulnerability less than 2 feet,Teachers Colonly | Depth: <2ft ft | Level: Low Vulnerability less than 2 feet,GCC Area Flood Hotspots (Chennai SDSS),GCC-2015-SDSS,https://data.opencity.in/dataset/866141ab-3a3f-4dc0-8092-421d97ba29a2/resource/8e1c5b2d-322c-4dbd-bd64-6da2d1a8681d/download/31523c86-0ad1-42f5-b4d1-297daa4bbcd6.kml,VERIFIED INCIDENT,OFFICIALLY_VERIFIED,HIGH,True,OFFICIAL_HISTORICAL_RECORD
CHN-INC-1937,GCC-2015-SDSS-0184,2015-12-01,Chennai Floods 2015,Hussain Colony 4th Street,13.125416,80.20222,64,Ward 64 (Thiru. Vi. Ka. Nagar),6,Thiru. Vi. Ka. Nagar,waterlogging,medium,<2ft,Low Vulnerability less than 2 feet,Hussain Colony 4th Street | Depth: <2ft ft | Level: Low Vulnerability less than 2 feet,GCC Area Flood Hotspots (Chennai SDSS),GCC-2015-SDSS,https://data.opencity.in/dataset/866141ab-3a3f-4dc0-8092-421d97ba29a2/resource/8e1c5b2d-322c-4dbd-bd64-6da2d1a8681d/download/31523c86-0ad1-42f5-b4d1-297daa4bbcd6.kml,VERIFIED INCIDENT,OFFICIALLY_VERIFIED,HIGH,True,OFFICIAL_HISTORICAL_RECORD
CHN-INC-1938,GCC-2015-SDSS-0185,2015-12-01,Chennai Floods 2015,Kaliamman Koil Street (infront of police station),13.063185,80.197538,127,Ward 127 (Kodambakkam),10,Kodambakkam,waterlogging,high,3 to 5 ft,High Vulnerability 3 to 5 Feet,Kaliamman Koil Street (infront of police station) | Depth: 3 to 5 ft ft | Level: High Vulnerability 3 to 5 Feet,GCC Area Flood Hotspots (Chennai SDSS),GCC-2015-SDSS,https://data.opencity.in/dataset/866141ab-3a3f-4dc0-8092-421d97ba29a2/resource/8e1c5b2d-322c-4dbd-bd64-6da2d1a8681d/download/31523c86-0ad1-42f5-b4d1-297daa4bbcd6.kml,VERIFIED INCIDENT,OFFICIALLY_VERIFIED,HIGH,True,OFFICIAL_HISTORICAL_RECORD
CHN-INC-1939,GCC-2015-SDSS-0186,2015-12-01,Chennai Floods 2015,Dr. Radha Krishnan Salai (infornt of Reliance Building),13.044274,80.268839,121,Ward 121 (Teynampet),9,Teynampet,waterlogging,medium,<2ft,Low Vulnerability less than 2 feet,Dr. Radha Krishnan Salai (infornt of Reliance Building) | Depth: <2ft ft | Level: Low Vulnerability less than 2 feet,GCC Area Flood Hotspots (Chennai SDSS),GCC-2015-SDSS,https://data.opencity.in/dataset/866141ab-3a3f-4dc0-8092-421d97ba29a2/resource/8e1c5b2d-322c-4dbd-bd64-6da2d1a8681d/download/31523c86-0ad1-42f5-b4d1-297daa4bbcd6.kml,VERIFIED INCIDENT,OFFICIALLY_VERIFIED,HIGH,True,OFFICIAL_HISTORICAL_RECORD
CHN-INC-1940,GCC-2015-SDSS-0187,2015-12-01,Chennai Floods 2015,Royapettah High Road,13.038235,80.267644,123,Ward 123 (Teynampet),9,Teynampet,waterlogging,medium,<2ft,Low Vulnerability less than 2 feet,Royapettah High Road | Depth: <2ft ft | Level: Low Vulnerability less than 2 feet,GCC Area Flood Hotspots (Chennai SDSS),GCC-2015-SDSS,https://data.opencity.in/dataset/866141ab-3a3f-4dc0-8092-421d97ba29a2/resource/8e1c5b2d-322c-4dbd-bd64-6da2d1a8681d/download/31523c86-0ad1-42f5-b4d1-297daa4bbcd6.kml,VERIFIED INCIDENT,OFFICIALLY_VERIFIED,HIGH,True,OFFICIAL_HISTORICAL_RECORD
CHN-INC-1941,GCC-2015-SDSS-0188,2015-12-01,Chennai Floods 2015,G.N.C.Road,13.048509,80.245843,113,Ward 113 (Teynampet),9,Teynampet,waterlogging,critical,>5ft,Very High Vulnerability Above 5 Feet,G.N.C.Road | Depth: >5ft ft | Level: Very High Vulnerability Above 5 Feet,GCC Area Flood Hotspots (Chennai SDSS),GCC-2015-SDSS,https://data.opencity.in/dataset/866141ab-3a3f-4dc0-8092-421d97ba29a2/resource/8e1c5b2d-322c-4dbd-bd64-6da2d1a8681d/download/31523c86-0ad1-42f5-b4d1-297daa4bbcd6.kml,VERIFIED INCIDENT,OFFICIALLY_VERIFIED,HIGH,True,OFFICIAL_HISTORICAL_RECORD
CHN-INC-1942,GCC-2015-SDSS-0189,2015-12-01,Chennai Floods 2015,Kodambakkam High road,13.052943,80.245473,113,Ward 113 (Teynampet),9,Teynampet,waterlogging,medium,<2ft,Low Vulnerability less than 2 feet,Kodambakkam High road | Depth: <2ft ft | Level: Low Vulnerability less than 2 feet,GCC Area Flood Hotspots (Chennai SDSS),GCC-2015-SDSS,https://data.opencity.in/dataset/866141ab-3a3f-4dc0-8092-421d97ba29a2/resource/8e1c5b2d-322c-4dbd-bd64-6da2d1a8681d/download/31523c86-0ad1-42f5-b4d1-297daa4bbcd6.kml,VERIFIED INCIDENT,OFFICIALLY_VERIFIED,HIGH,True,OFFICIAL_HISTORICAL_RECORD
CHN-INC-1943,GCC-2015-SDSS-0190,2015-12-01,Chennai Floods 2015,Whites Road,13.057335,80.260941,115,Ward 115 (Teynampet),9,Teynampet,waterlogging,medium,<2ft,Low Vulnerability less than 2 feet,Whites Road | Depth: <2ft ft | Level: Low Vulnerability less than 2 feet,GCC Area Flood Hotspots (Chennai SDSS),GCC-2015-SDSS,https://data.opencity.in/dataset/866141ab-3a3f-4dc0-8092-421d97ba29a2/resource/8e1c5b2d-322c-4dbd-bd64-6da2d1a8681d/download/31523c86-0ad1-42f5-b4d1-297daa4bbcd6.kml,VERIFIED INCIDENT,OFFICIALLY_VERIFIED,HIGH,True,OFFICIAL_HISTORICAL_RECORD
CHN-INC-1944,GCC-2015-SDSS-0191,2015-12-01,Chennai Floods 2015,Kasthuri Estate 1st street,13.042324,80.25529,118,Ward 118 (Teynampet),9,Teynampet,waterlogging,medium,<2ft,Low Vulnerability less than 2 feet,Kasthuri Estate 1st street | Depth: <2ft ft | Level: Low Vulnerability less than 2 feet,GCC Area Flood Hotspots (Chennai SDSS),GCC-2015-SDSS,https://data.opencity.in/dataset/866141ab-3a3f-4dc0-8092-421d97ba29a2/resource/8e1c5b2d-322c-4dbd-bd64-6da2d1a8681d/download/31523c86-0ad1-42f5-b4d1-297daa4bbcd6.kml,VERIFIED INCIDENT,OFFICIALLY_VERIFIED,HIGH,True,OFFICIAL_HISTORICAL_RECORD
CHN-INC-1945,GCC-2015-SDSS-0192,2015-12-01,Chennai Floods 2015,Nandhanam extension 5th street,13.027807,80.242509,122,Ward 122 (Teynampet),9,Teynampet,waterlogging,high,3 to 5 ft,High Vulnerability 3 to 5 Feet,Nandhanam extension 5th street | Depth: 3 to 5 ft ft | Level: High Vulnerability 3 to 5 Feet,GCC Area Flood Hotspots (Chennai SDSS),GCC-2015-SDSS,https://data.opencity.in/dataset/866141ab-3a3f-4dc0-8092-421d97ba29a2/resource/8e1c5b2d-322c-4dbd-bd64-6da2d1a8681d/download/31523c86-0ad1-42f5-b4d1-297daa4bbcd6.kml,VERIFIED INCIDENT,OFFICIALLY_VERIFIED,HIGH,True,OFFICIAL_HISTORICAL_RECORD
CHN-INC-1946,GCC-2015-SDSS-0193,2015-12-01,Chennai Floods 2015,Nandhanam extension 10th Street,13.028764,80.243831,122,Ward 122 (Teynampet),9,Teynampet,waterlogging,high,3 to 5 ft,High Vulnerability 3 to 5 Feet,Nandhanam extension 10th Street | Depth: 3 to 5 ft ft | Level: High Vulnerability 3 to 5 Feet,GCC Area Flood Hotspots (Chennai SDSS),GCC-2015-SDSS,https://data.opencity.in/dataset/866141ab-3a3f-4dc0-8092-421d97ba29a2/resource/8e1c5b2d-322c-4dbd-bd64-6da2d1a8681d/download/31523c86-0ad1-42f5-b4d1-297daa4bbcd6.kml,VERIFIED INCIDENT,OFFICIALLY_VERIFIED,HIGH,True,OFFICIAL_HISTORICAL_RECORD
CHN-INC-1947,GCC-2015-SDSS-0194,2015-12-01,Chennai Floods 2015,North Usman Road,13.050666,80.233772,113,Ward 113 (Teynampet),9,Teynampet,waterlogging,high,3 to 5 ft,High Vulnerability 3 to 5 Feet,North Usman Road | Depth: 3 to 5 ft ft | Level: High Vulnerability 3 to 5 Feet,GCC Area Flood Hotspots (Chennai SDSS),GCC-2015-SDSS,https://data.opencity.in/dataset/866141ab-3a3f-4dc0-8092-421d97ba29a2/resource/8e1c5b2d-322c-4dbd-bd64-6da2d1a8681d/download/31523c86-0ad1-42f5-b4d1-297daa4bbcd6.kml,VERIFIED INCIDENT,OFFICIALLY_VERIFIED,HIGH,True,OFFICIAL_HISTORICAL_RECORD
CHN-INC-1948,GCC-2015-SDSS-0195,2015-12-01,Chennai Floods 2015,Rajamannar Salai,13.042882,80.204141,136,Ward 136 (Kodambakkam),10,Kodambakkam,waterlogging,high,3 to 5 ft,High Vulnerability 3 to 5 Feet,Rajamannar Salai | Depth: 3 to 5 ft ft | Level: High Vulnerability 3 to 5 Feet,GCC Area Flood Hotspots (Chennai SDSS),GCC-2015-SDSS,https://data.opencity.in/dataset/866141ab-3a3f-4dc0-8092-421d97ba29a2/resource/8e1c5b2d-322c-4dbd-bd64-6da2d1a8681d/download/31523c86-0ad1-42f5-b4d1-297daa4bbcd6.kml,VERIFIED INCIDENT,OFFICIALLY_VERIFIED,HIGH,True,OFFICIAL_HISTORICAL_RECORD
CHN-INC-1949,GCC-2015-SDSS-0196,2015-12-01,Chennai Floods 2015,Kutcherry Road,13.036001,80.269248,124,Ward 124 (Teynampet),9,Teynampet,waterlogging,medium,<2ft,Low Vulnerability less than 2 feet,Kutcherry Road | Depth: <2ft ft | Level: Low Vulnerability less than 2 feet,GCC Area Flood Hotspots (Chennai SDSS),GCC-2015-SDSS,https://data.opencity.in/dataset/866141ab-3a3f-4dc0-8092-421d97ba29a2/resource/8e1c5b2d-322c-4dbd-bd64-6da2d1a8681d/download/31523c86-0ad1-42f5-b4d1-297daa4bbcd6.kml,VERIFIED INCIDENT,OFFICIALLY_VERIFIED,HIGH,True,OFFICIAL_HISTORICAL_RECORD
CHN-INC-1950,GCC-2015-SDSS-0197,2015-12-01,Chennai Floods 2015,Santhome Hign Road,13.026077,80.275202,126,Ward 126 (Teynampet),9,Teynampet,waterlogging,medium,<2ft,Low Vulnerability less than 2 feet,Santhome Hign Road | Depth: <2ft ft | Level: Low Vulnerability less than 2 feet,GCC Area Flood Hotspots (Chennai SDSS),GCC-2015-SDSS,https://data.opencity.in/dataset/866141ab-3a3f-4dc0-8092-421d97ba29a2/resource/8e1c5b2d-322c-4dbd-bd64-6da2d1a8681d/download/31523c86-0ad1-42f5-b4d1-297daa4bbcd6.kml,VERIFIED INCIDENT,OFFICIALLY_VERIFIED,HIGH,True,OFFICIAL_HISTORICAL_RECORD
CHN-INC-1951,GCC-2015-SDSS-0198,2015-12-01,Chennai Floods 2015,New Kubera Nagar 5th & 7th Street,12.960735,80.194094,187,Ward 187 (Perungudi),14,Perungudi,waterlogging,medium,<2ft,Low Vulnerability less than 2 feet,New Kubera Nagar 5th & 7th Street | Depth: <2ft ft | Level: Low Vulnerability less than 2 feet,GCC Area Flood Hotspots (Chennai SDSS),GCC-2015-SDSS,https://data.opencity.in/dataset/866141ab-3a3f-4dc0-8092-421d97ba29a2/resource/8e1c5b2d-322c-4dbd-bd64-6da2d1a8681d/download/31523c86-0ad1-42f5-b4d1-297daa4bbcd6.kml,VERIFIED INCIDENT,OFFICIALLY_VERIFIED,HIGH,True,OFFICIAL_HISTORICAL_RECORD
CHN-INC-1952,GCC-2015-SDSS-0199,2015-12-01,Chennai Floods 2015,Karthikeyapuram,12.959936,80.194896,187,Ward 187 (Perungudi),14,Perungudi,waterlogging,medium,<2ft,Low Vulnerability less than 2 feet,Karthikeyapuram | Depth: <2ft ft | Level: Low Vulnerability less than 2 feet,GCC Area Flood Hotspots (Chennai SDSS),GCC-2015-SDSS,https://data.opencity.in/dataset/866141ab-3a3f-4dc0-8092-421d97ba29a2/resource/8e1c5b2d-322c-4dbd-bd64-6da2d1a8681d/download/31523c86-0ad1-42f5-b4d1-297daa4bbcd6.kml,VERIFIED INCIDENT,OFFICIALLY_VERIFIED,HIGH,True,OFFICIAL_HISTORICAL_RECORD
CHN-INC-1953,GCC-2015-SDSS-0200,2015-12-01,Chennai Floods 2015,Rajaji Nagar,12.959942,80.205009,188,Ward 188 (Perungudi),14,Perungudi,waterlogging,medium,<2ft,Low Vulnerability less than 2 feet,Rajaji Nagar | Depth: <2ft ft | Level: Low Vulnerability less than 2 feet,GCC Area Flood Hotspots (Chennai SDSS),GCC-2015-SDSS,https://data.opencity.in/dataset/866141ab-3a3f-4dc0-8092-421d97ba29a2/resource/8e1c5b2d-322c-4dbd-bd64-6da2d1a8681d/download/31523c86-0ad1-42f5-b4d1-297daa4bbcd6.kml,VERIFIED INCIDENT,OFFICIALLY_VERIFIED,HIGH,True,OFFICIAL_HISTORICAL_RECORD
CHN-INC-1954,GCC-2015-SDSS-0201,2015-12-01,Chennai Floods 2015,Ram Nagar area,12.971813,80.216109,176,Ward 176 (Adyar),13,Adyar,waterlogging,critical,>5ft,Very High Vulnerability Above 5 Feet,Ram Nagar area | Depth: >5ft ft | Level: Very High Vulnerability Above 5 Feet,GCC Area Flood Hotspots (Chennai SDSS),GCC-2015-SDSS,https://data.opencity.in/dataset/866141ab-3a3f-4dc0-8092-421d97ba29a2/resource/8e1c5b2d-322c-4dbd-bd64-6da2d1a8681d/download/31523c86-0ad1-42f5-b4d1-297daa4bbcd6.kml,VERIFIED INCIDENT,OFFICIALLY_VERIFIED,HIGH,True,OFFICIAL_HISTORICAL_RECORD
CHN-INC-1955,GCC-2015-SDSS-0202,2015-12-01,Chennai Floods 2015,Dhandeeswaram nagar,12.981662,80.224346,177,Ward 177 (Adyar),13,Adyar,waterlogging,critical,>5ft,Very High Vulnerability Above 5 Feet,Dhandeeswaram nagar | Depth: >5ft ft | Level: Very High Vulnerability Above 5 Feet,GCC Area Flood Hotspots (Chennai SDSS),GCC-2015-SDSS,https://data.opencity.in/dataset/866141ab-3a3f-4dc0-8092-421d97ba29a2/resource/8e1c5b2d-322c-4dbd-bd64-6da2d1a8681d/download/31523c86-0ad1-42f5-b4d1-297daa4bbcd6.kml,VERIFIED INCIDENT,OFFICIALLY_VERIFIED,HIGH,True,OFFICIAL_HISTORICAL_RECORD
CHN-INC-1956,GCC-2015-SDSS-0203,2015-12-01,Chennai Floods 2015,Bhuvaneshwari nagar I & III cross street & III main road,12.969922,80.221861,177,Ward 177 (Adyar),13,Adyar,waterlogging,critical,>5ft,Very High Vulnerability Above 5 Feet,Bhuvaneshwari nagar I & III cross street & III main road | Depth: >5ft ft | Level: Very High Vulnerability Above 5 Feet,GCC Area Flood Hotspots (Chennai SDSS),GCC-2015-SDSS,https://data.opencity.in/dataset/866141ab-3a3f-4dc0-8092-421d97ba29a2/resource/8e1c5b2d-322c-4dbd-bd64-6da2d1a8681d/download/31523c86-0ad1-42f5-b4d1-297daa4bbcd6.kml,VERIFIED INCIDENT,OFFICIALLY_VERIFIED,HIGH,True,OFFICIAL_HISTORICAL_RECORD
CHN-INC-1957,GCC-2015-SDSS-0204,2015-12-01,Chennai Floods 2015,V.G.P Selva nagar  Extn I to V streets,12.971995,80.223971,177,Ward 177 (Adyar),13,Adyar,waterlogging,critical,>5ft,Very High Vulnerability Above 5 Feet,V.G.P Selva nagar  Extn I to V streets | Depth: >5ft ft | Level: Very High Vulnerability Above 5 Feet,GCC Area Flood Hotspots (Chennai SDSS),GCC-2015-SDSS,https://data.opencity.in/dataset/866141ab-3a3f-4dc0-8092-421d97ba29a2/resource/8e1c5b2d-322c-4dbd-bd64-6da2d1a8681d/download/31523c86-0ad1-42f5-b4d1-297daa4bbcd6.kml,VERIFIED INCIDENT,OFFICIALLY_VERIFIED,HIGH,True,OFFICIAL_HISTORICAL_RECORD
CHN-INC-1958,GCC-2015-SDSS-0205,2015-12-01,Chennai Floods 2015,Seshadripuram I main road,12.979941,80.230271,178,Ward 178 (Adyar),13,Adyar,waterlogging,critical,>5ft,Very High Vulnerability Above 5 Feet,Seshadripuram I main road | Depth: >5ft ft | Level: Very High Vulnerability Above 5 Feet,GCC Area Flood Hotspots (Chennai SDSS),GCC-2015-SDSS,https://data.opencity.in/dataset/866141ab-3a3f-4dc0-8092-421d97ba29a2/resource/8e1c5b2d-322c-4dbd-bd64-6da2d1a8681d/download/31523c86-0ad1-42f5-b4d1-297daa4bbcd6.kml,VERIFIED INCIDENT,OFFICIALLY_VERIFIED,HIGH,True,OFFICIAL_HISTORICAL_RECORD
CHN-INC-1959,GCC-2015-SDSS-0206,2015-12-01,Chennai Floods 2015,"Sastri nagar II, IX & XV cross street",12.999967,80.257577,174,Ward 174 (Adyar),13,Adyar,waterlogging,high,3 to 5 ft,High Vulnerability 3 to 5 Feet,"Sastri nagar II, IX & XV cross street | Depth: 3 to 5 ft ft | Level: High Vulnerability 3 to 5 Feet",GCC Area Flood Hotspots (Chennai SDSS),GCC-2015-SDSS,https://data.opencity.in/dataset/866141ab-3a3f-4dc0-8092-421d97ba29a2/resource/8e1c5b2d-322c-4dbd-bd64-6da2d1a8681d/download/31523c86-0ad1-42f5-b4d1-297daa4bbcd6.kml,VERIFIED INCIDENT,OFFICIALLY_VERIFIED,HIGH,True,OFFICIAL_HISTORICAL_RECORD
CHN-INC-1960,GCC-2015-SDSS-0207,2015-12-01,Chennai Floods 2015,A.G.S Colony III main road,12.97845,80.209373,176,Ward 176 (Adyar),13,Adyar,waterlogging,medium,<2ft,Low Vulnerability less than 2 feet,A.G.S Colony III main road | Depth: <2ft ft | Level: Low Vulnerability less than 2 feet,GCC Area Flood Hotspots (Chennai SDSS),GCC-2015-SDSS,https://data.opencity.in/dataset/866141ab-3a3f-4dc0-8092-421d97ba29a2/resource/8e1c5b2d-322c-4dbd-bd64-6da2d1a8681d/download/31523c86-0ad1-42f5-b4d1-297daa4bbcd6.kml,VERIFIED INCIDENT,OFFICIALLY_VERIFIED,HIGH,True,OFFICIAL_HISTORICAL_RECORD
CHN-INC-1961,GCC-2015-SDSS-0208,2015-12-01,Chennai Floods 2015,"Sastri nagar II, IX & XV cross street",12.997275,80.260343,174,Ward 174 (Adyar),13,Adyar,waterlogging,high,3 to 5 ft,High Vulnerability 3 to 5 Feet,"Sastri nagar II, IX & XV cross street | Depth: 3 to 5 ft ft | Level: High Vulnerability 3 to 5 Feet",GCC Area Flood Hotspots (Chennai SDSS),GCC-2015-SDSS,https://data.opencity.in/dataset/866141ab-3a3f-4dc0-8092-421d97ba29a2/resource/8e1c5b2d-322c-4dbd-bd64-6da2d1a8681d/download/31523c86-0ad1-42f5-b4d1-297daa4bbcd6.kml,VERIFIED INCIDENT,OFFICIALLY_VERIFIED,HIGH,True,OFFICIAL_HISTORICAL_RECORD
CHN-INC-1962,GCC-2015-SDSS-0209,2015-12-01,Chennai Floods 2015,Nehru nagar - Periyar street,12.993125,80.216769,172,Ward 172 (Adyar),13,Adyar,waterlogging,high,3 to 5 ft,High Vulnerability 3 to 5 Feet,Nehru nagar - Periyar street | Depth: 3 to 5 ft ft | Level: High Vulnerability 3 to 5 Feet,GCC Area Flood Hotspots (Chennai SDSS),GCC-2015-SDSS,https://data.opencity.in/dataset/866141ab-3a3f-4dc0-8092-421d97ba29a2/resource/8e1c5b2d-322c-4dbd-bd64-6da2d1a8681d/download/31523c86-0ad1-42f5-b4d1-297daa4bbcd6.kml,VERIFIED INCIDENT,OFFICIALLY_VERIFIED,HIGH,True,OFFICIAL_HISTORICAL_RECORD
CHN-INC-1963,GCC-2015-SDSS-0210,2015-12-01,Chennai Floods 2015,Construction of RCC Box type storm water drain along EB colony 2nd street from EB colony main road to Radha Nagar extension main road,12.985158,80.213448,176,Ward 176 (Adyar),13,Adyar,waterlogging,high,3 to 5 ft,High Vulnerability 3 to 5 Feet,Construction of RCC Box type storm water drain along EB colony 2nd street from EB colony main road to Radha Nagar extension main road | Depth: 3 to 5 ft ft | Level: High Vulnerability 3 to 5 Feet,GCC Area Flood Hotspots (Chennai SDSS),GCC-2015-SDSS,https://data.opencity.in/dataset/866141ab-3a3f-4dc0-8092-421d97ba29a2/resource/8e1c5b2d-322c-4dbd-bd64-6da2d1a8681d/download/31523c86-0ad1-42f5-b4d1-297daa4bbcd6.kml,VERIFIED INCIDENT,OFFICIALLY_VERIFIED,HIGH,True,OFFICIAL_HISTORICAL_RECORD
CHN-INC-1964,GCC-2015-SDSS-0211,2015-12-01,Chennai Floods 2015,Construction of storm water drain along Lakshmi nagar 2nd street from Lakshmi Nagar main road to  Rajiv Gandhi nagar main road,12.98234,80.217161,176,Ward 176 (Adyar),13,Adyar,waterlogging,high,3 to 5 ft,High Vulnerability 3 to 5 Feet,Construction of storm water drain along Lakshmi nagar 2nd street from Lakshmi Nagar main road to  Rajiv Gandhi nagar main road | Depth: 3 to 5 ft ft | Level: High Vulnerability 3 to 5 Feet,GCC Area Flood Hotspots (Chennai SDSS),GCC-2015-SDSS,https://data.opencity.in/dataset/866141ab-3a3f-4dc0-8092-421d97ba29a2/resource/8e1c5b2d-322c-4dbd-bd64-6da2d1a8681d/download/31523c86-0ad1-42f5-b4d1-297daa4bbcd6.kml,VERIFIED INCIDENT,OFFICIALLY_VERIFIED,HIGH,True,OFFICIAL_HISTORICAL_RECORD
CHN-INC-1965,GCC-2015-SDSS-0212,2015-12-01,Chennai Floods 2015,"Astalakshmi nagar II, III, IV & V streets",12.985513,80.215117,176,Ward 176 (Adyar),13,Adyar,waterlogging,medium,<2ft,Low Vulnerability less than 2 feet,"Astalakshmi nagar II, III, IV & V streets | Depth: <2ft ft | Level: Low Vulnerability less than 2 feet",GCC Area Flood Hotspots (Chennai SDSS),GCC-2015-SDSS,https://data.opencity.in/dataset/866141ab-3a3f-4dc0-8092-421d97ba29a2/resource/8e1c5b2d-322c-4dbd-bd64-6da2d1a8681d/download/31523c86-0ad1-42f5-b4d1-297daa4bbcd6.kml,VERIFIED INCIDENT,OFFICIALLY_VERIFIED,HIGH,True,OFFICIAL_HISTORICAL_RECORD
CHN-INC-1966,GCC-2015-SDSS-0213,2015-12-01,Chennai Floods 2015,"Astalakshmi nagar II, III, IV & V streets",12.985903,80.214613,176,Ward 176 (Adyar),13,Adyar,waterlogging,medium,<2ft,Low Vulnerability less than 2 feet,"Astalakshmi nagar II, III, IV & V streets | Depth: <2ft ft | Level: Low Vulnerability less than 2 feet",GCC Area Flood Hotspots (Chennai SDSS),GCC-2015-SDSS,https://data.opencity.in/dataset/866141ab-3a3f-4dc0-8092-421d97ba29a2/resource/8e1c5b2d-322c-4dbd-bd64-6da2d1a8681d/download/31523c86-0ad1-42f5-b4d1-297daa4bbcd6.kml,VERIFIED INCIDENT,OFFICIALLY_VERIFIED,HIGH,True,OFFICIAL_HISTORICAL_RECORD
CHN-INC-1967,GCC-2015-SDSS-0214,2015-12-01,Chennai Floods 2015,Avvai nagar,12.980445,80.258896,180,Ward 180 (Adyar),13,Adyar,waterlogging,medium,<2ft,Low Vulnerability less than 2 feet,Avvai nagar | Depth: <2ft ft | Level: Low Vulnerability less than 2 feet,GCC Area Flood Hotspots (Chennai SDSS),GCC-2015-SDSS,https://data.opencity.in/dataset/866141ab-3a3f-4dc0-8092-421d97ba29a2/resource/8e1c5b2d-322c-4dbd-bd64-6da2d1a8681d/download/31523c86-0ad1-42f5-b4d1-297daa4bbcd6.kml,VERIFIED INCIDENT,OFFICIALLY_VERIFIED,HIGH,True,OFFICIAL_HISTORICAL_RECORD
CHN-INC-1968,GCC-2015-SDSS-0215,2015-12-01,Chennai Floods 2015,Wipro Salai,12.906534,80.225404,198,Ward 198 (Sholinganallur),15,Sholinganallur,waterlogging,high,3 to 5 ft,High Vulnerability 3 to 5 Feet,Wipro Salai | Depth: 3 to 5 ft ft | Level: High Vulnerability 3 to 5 Feet,GCC Area Flood Hotspots (Chennai SDSS),GCC-2015-SDSS,https://data.opencity.in/dataset/866141ab-3a3f-4dc0-8092-421d97ba29a2/resource/8e1c5b2d-322c-4dbd-bd64-6da2d1a8681d/download/31523c86-0ad1-42f5-b4d1-297daa4bbcd6.kml,VERIFIED INCIDENT,OFFICIALLY_VERIFIED,HIGH,True,OFFICIAL_HISTORICAL_RECORD
CHN-INC-1969,GCC-2015-SDSS-0216,2015-12-01,Chennai Floods 2015,Dr.Radhakrishnan nagar,12.993494,80.258417,179,Ward 179 (Adyar),13,Adyar,waterlogging,medium,<2ft,Low Vulnerability less than 2 feet,Dr.Radhakrishnan nagar | Depth: <2ft ft | Level: Low Vulnerability less than 2 feet,GCC Area Flood Hotspots (Chennai SDSS),GCC-2015-SDSS,https://data.opencity.in/dataset/866141ab-3a3f-4dc0-8092-421d97ba29a2/resource/8e1c5b2d-322c-4dbd-bd64-6da2d1a8681d/download/31523c86-0ad1-42f5-b4d1-297daa4bbcd6.kml,VERIFIED INCIDENT,OFFICIALLY_VERIFIED,HIGH,True,OFFICIAL_HISTORICAL_RECORD
CHN-INC-1970,GCC-2015-SDSS-0217,2015-12-01,Chennai Floods 2015,"Tansi nagar II, III, V, VII & X streets",12.977489,80.224902,177,Ward 177 (Adyar),13,Adyar,waterlogging,critical,>5ft,Very High Vulnerability Above 5 Feet,"Tansi nagar II, III, V, VII & X streets | Depth: >5ft ft | Level: Very High Vulnerability Above 5 Feet",GCC Area Flood Hotspots (Chennai SDSS),GCC-2015-SDSS,https://data.opencity.in/dataset/866141ab-3a3f-4dc0-8092-421d97ba29a2/resource/8e1c5b2d-322c-4dbd-bd64-6da2d1a8681d/download/31523c86-0ad1-42f5-b4d1-297daa4bbcd6.kml,VERIFIED INCIDENT,OFFICIALLY_VERIFIED,HIGH,True,OFFICIAL_HISTORICAL_RECORD
CHN-INC-1971,GCC-2015-SDSS-0218,2015-12-01,Chennai Floods 2015,Udayam nagar & extn,12.978887,80.232434,178,Ward 178 (Adyar),13,Adyar,waterlogging,critical,>5ft,Very High Vulnerability Above 5 Feet,Udayam nagar & extn | Depth: >5ft ft | Level: Very High Vulnerability Above 5 Feet,GCC Area Flood Hotspots (Chennai SDSS),GCC-2015-SDSS,https://data.opencity.in/dataset/866141ab-3a3f-4dc0-8092-421d97ba29a2/resource/8e1c5b2d-322c-4dbd-bd64-6da2d1a8681d/download/31523c86-0ad1-42f5-b4d1-297daa4bbcd6.kml,VERIFIED INCIDENT,OFFICIALLY_VERIFIED,HIGH,True,OFFICIAL_HISTORICAL_RECORD
CHN-INC-1972,GCC-2015-SDSS-0219,2015-12-01,Chennai Floods 2015,Veenus colony II street,12.973852,80.227719,177,Ward 177 (Adyar),13,Adyar,waterlogging,critical,>5ft,Very High Vulnerability Above 5 Feet,Veenus colony II street | Depth: >5ft ft | Level: Very High Vulnerability Above 5 Feet,GCC Area Flood Hotspots (Chennai SDSS),GCC-2015-SDSS,https://data.opencity.in/dataset/866141ab-3a3f-4dc0-8092-421d97ba29a2/resource/8e1c5b2d-322c-4dbd-bd64-6da2d1a8681d/download/31523c86-0ad1-42f5-b4d1-297daa4bbcd6.kml,VERIFIED INCIDENT,OFFICIALLY_VERIFIED,HIGH,True,OFFICIAL_HISTORICAL_RECORD
CHN-INC-1973,GCC-2015-SDSS-0220,2015-12-01,Chennai Floods 2015,Annai sathya nagar,13.036348,80.186558,155,Ward 155 (Valasaravakkam),11,Valasaravakkam,waterlogging,high,3 to 5 ft,High Vulnerability 3 to 5 Feet,Annai sathya nagar | Depth: 3 to 5 ft ft | Level: High Vulnerability 3 to 5 Feet,GCC Area Flood Hotspots (Chennai SDSS),GCC-2015-SDSS,https://data.opencity.in/dataset/866141ab-3a3f-4dc0-8092-421d97ba29a2/resource/8e1c5b2d-322c-4dbd-bd64-6da2d1a8681d/download/31523c86-0ad1-42f5-b4d1-297daa4bbcd6.kml,VERIFIED INCIDENT,OFFICIALLY_VERIFIED,HIGH,True,OFFICIAL_HISTORICAL_RECORD
CHN-INC-1974,GCC-2015-SDSS-0221,2015-12-01,Chennai Floods 2015,Gajalakshmi nagar,13.068964,80.166331,143,Ward 143 (Valasaravakkam),11,Valasaravakkam,waterlogging,critical,>5ft,Very High Vulnerability Above 5 Feet,Gajalakshmi nagar | Depth: >5ft ft | Level: Very High Vulnerability Above 5 Feet,GCC Area Flood Hotspots (Chennai SDSS),GCC-2015-SDSS,https://data.opencity.in/dataset/866141ab-3a3f-4dc0-8092-421d97ba29a2/resource/8e1c5b2d-322c-4dbd-bd64-6da2d1a8681d/download/31523c86-0ad1-42f5-b4d1-297daa4bbcd6.kml,VERIFIED INCIDENT,OFFICIALLY_VERIFIED,HIGH,True,OFFICIAL_HISTORICAL_RECORD
CHN-INC-1975,GCC-2015-SDSS-0222,2015-12-01,Chennai Floods 2015,VGN nagar phase III,13.07086,80.163536,143,Ward 143 (Valasaravakkam),11,Valasaravakkam,waterlogging,high,3 to 5 ft,High Vulnerability 3 to 5 Feet,VGN nagar phase III | Depth: 3 to 5 ft ft | Level: High Vulnerability 3 to 5 Feet,GCC Area Flood Hotspots (Chennai SDSS),GCC-2015-SDSS,https://data.opencity.in/dataset/866141ab-3a3f-4dc0-8092-421d97ba29a2/resource/8e1c5b2d-322c-4dbd-bd64-6da2d1a8681d/download/31523c86-0ad1-42f5-b4d1-297daa4bbcd6.kml,VERIFIED INCIDENT,OFFICIALLY_VERIFIED,HIGH,True,OFFICIAL_HISTORICAL_RECORD
CHN-INC-1976,GCC-2015-SDSS-0223,2015-12-01,Chennai Floods 2015,Metro nagar,13.044967,80.16269,146,Ward 146 (Valasaravakkam),11,Valasaravakkam,waterlogging,medium,<2ft,Low Vulnerability less than 2 feet,Metro nagar | Depth: <2ft ft | Level: Low Vulnerability less than 2 feet,GCC Area Flood Hotspots (Chennai SDSS),GCC-2015-SDSS,https://data.opencity.in/dataset/866141ab-3a3f-4dc0-8092-421d97ba29a2/resource/8e1c5b2d-322c-4dbd-bd64-6da2d1a8681d/download/31523c86-0ad1-42f5-b4d1-297daa4bbcd6.kml,VERIFIED INCIDENT,OFFICIALLY_VERIFIED,HIGH,True,OFFICIAL_HISTORICAL_RECORD
CHN-INC-1977,GCC-2015-SDSS-0224,2015-12-01,Chennai Floods 2015,Sakthi nagar,13.071012,80.167032,143,Ward 143 (Valasaravakkam),11,Valasaravakkam,waterlogging,medium,<2ft,Low Vulnerability less than 2 feet,Sakthi nagar | Depth: <2ft ft | Level: Low Vulnerability less than 2 feet,GCC Area Flood Hotspots (Chennai SDSS),GCC-2015-SDSS,https://data.opencity.in/dataset/866141ab-3a3f-4dc0-8092-421d97ba29a2/resource/8e1c5b2d-322c-4dbd-bd64-6da2d1a8681d/download/31523c86-0ad1-42f5-b4d1-297daa4bbcd6.kml,VERIFIED INCIDENT,OFFICIALLY_VERIFIED,HIGH,True,OFFICIAL_HISTORICAL_RECORD
CHN-INC-1978,GCC-2015-SDSS-0225,2015-12-01,Chennai Floods 2015,"MMDA Colony 4th , 5th & 6th block",13.063676,80.175508,144,Ward 144 (Valasaravakkam),11,Valasaravakkam,waterlogging,medium,<2ft,Low Vulnerability less than 2 feet,"MMDA Colony 4th , 5th & 6th block | Depth: <2ft ft | Level: Low Vulnerability less than 2 feet",GCC Area Flood Hotspots (Chennai SDSS),GCC-2015-SDSS,https://data.opencity.in/dataset/866141ab-3a3f-4dc0-8092-421d97ba29a2/resource/8e1c5b2d-322c-4dbd-bd64-6da2d1a8681d/download/31523c86-0ad1-42f5-b4d1-297daa4bbcd6.kml,VERIFIED INCIDENT,OFFICIALLY_VERIFIED,HIGH,True,OFFICIAL_HISTORICAL_RECORD
CHN-INC-1979,GCC-2015-SDSS-0226,2015-12-01,Chennai Floods 2015,Officers colony,13.036138,80.158246,151,Ward 151 (Valasaravakkam),11,Valasaravakkam,waterlogging,high,3 to 5 ft,High Vulnerability 3 to 5 Feet,Officers colony | Depth: 3 to 5 ft ft | Level: High Vulnerability 3 to 5 Feet,GCC Area Flood Hotspots (Chennai SDSS),GCC-2015-SDSS,https://data.opencity.in/dataset/866141ab-3a3f-4dc0-8092-421d97ba29a2/resource/8e1c5b2d-322c-4dbd-bd64-6da2d1a8681d/download/31523c86-0ad1-42f5-b4d1-297daa4bbcd6.kml,VERIFIED INCIDENT,OFFICIALLY_VERIFIED,HIGH,True,OFFICIAL_HISTORICAL_RECORD
CHN-INC-1980,GCC-2015-SDSS-0227,2015-12-01,Chennai Floods 2015,Annai Sathya Nagar,13.093112,80.184337,87,Ward 87 (Ambattur),7,Ambattur,waterlogging,medium,<2ft,Low Vulnerability less than 2 feet,Annai Sathya Nagar | Depth: <2ft ft | Level: Low Vulnerability less than 2 feet,GCC Area Flood Hotspots (Chennai SDSS),GCC-2015-SDSS,https://data.opencity.in/dataset/866141ab-3a3f-4dc0-8092-421d97ba29a2/resource/8e1c5b2d-322c-4dbd-bd64-6da2d1a8681d/download/31523c86-0ad1-42f5-b4d1-297daa4bbcd6.kml,VERIFIED INCIDENT,OFFICIALLY_VERIFIED,HIGH,True,OFFICIAL_HISTORICAL_RECORD
CHN-INC-1981,GCC-2015-SDSS-0228,2015-12-01,Chennai Floods 2015,Punitha Anthoniyar Street,13.160845,80.20602,24,Ward 24 (Madhavaram),3,Madhavaram,waterlogging,high,3 to 5 ft,High Vulnerability 3 to 5 Feet,Punitha Anthoniyar Street | Depth: 3 to 5 ft ft | Level: High Vulnerability 3 to 5 Feet,GCC Area Flood Hotspots (Chennai SDSS),GCC-2015-SDSS,https://data.opencity.in/dataset/866141ab-3a3f-4dc0-8092-421d97ba29a2/resource/8e1c5b2d-322c-4dbd-bd64-6da2d1a8681d/download/31523c86-0ad1-42f5-b4d1-297daa4bbcd6.kml,VERIFIED INCIDENT,OFFICIALLY_VERIFIED,HIGH,True,OFFICIAL_HISTORICAL_RECORD
CHN-INC-1982,GCC-2015-SDSS-0229,2015-12-01,Chennai Floods 2015,Mahalakshmi Nagar,13.169481,80.203511,23,Ward 23 (Madhavaram),3,Madhavaram,waterlogging,high,3 to 5 ft,High Vulnerability 3 to 5 Feet,Mahalakshmi Nagar | Depth: 3 to 5 ft ft | Level: High Vulnerability 3 to 5 Feet,GCC Area Flood Hotspots (Chennai SDSS),GCC-2015-SDSS,https://data.opencity.in/dataset/866141ab-3a3f-4dc0-8092-421d97ba29a2/resource/8e1c5b2d-322c-4dbd-bd64-6da2d1a8681d/download/31523c86-0ad1-42f5-b4d1-297daa4bbcd6.kml,VERIFIED INCIDENT,OFFICIALLY_VERIFIED,HIGH,True,OFFICIAL_HISTORICAL_RECORD
CHN-INC-1983,GCC-2015-SDSS-0230,2015-12-01,Chennai Floods 2015,GNT Road (Near Roundana),13.135313,80.232725,29,Ward 29 (Madhavaram),3,Madhavaram,waterlogging,high,3 to 5 ft,High Vulnerability 3 to 5 Feet,GNT Road (Near Roundana) | Depth: 3 to 5 ft ft | Level: High Vulnerability 3 to 5 Feet,GCC Area Flood Hotspots (Chennai SDSS),GCC-2015-SDSS,https://data.opencity.in/dataset/866141ab-3a3f-4dc0-8092-421d97ba29a2/resource/8e1c5b2d-322c-4dbd-bd64-6da2d1a8681d/download/31523c86-0ad1-42f5-b4d1-297daa4bbcd6.kml,VERIFIED INCIDENT,OFFICIALLY_VERIFIED,HIGH,True,OFFICIAL_HISTORICAL_RECORD
CHN-INC-1984,GCC-2015-SDSS-0231,2015-12-01,Chennai Floods 2015,Manali New Town 60 Feet Road,13.209401,80.275623,15,Ward 15 (Manali),2,Manali,waterlogging,medium,<2ft,Low Vulnerability less than 2 feet,Manali New Town 60 Feet Road | Depth: <2ft ft | Level: Low Vulnerability less than 2 feet,GCC Area Flood Hotspots (Chennai SDSS),GCC-2015-SDSS,https://data.opencity.in/dataset/866141ab-3a3f-4dc0-8092-421d97ba29a2/resource/8e1c5b2d-322c-4dbd-bd64-6da2d1a8681d/download/31523c86-0ad1-42f5-b4d1-297daa4bbcd6.kml,VERIFIED INCIDENT,OFFICIALLY_VERIFIED,HIGH,True,OFFICIAL_HISTORICAL_RECORD
CHN-INC-1985,GCC-2015-SDSS-0232,2015-12-01,Chennai Floods 2015,TH Road jn.of MRF Road,13.177739,80.310356,5,Ward 5 (Thiruvottiyur),1,Thiruvottiyur,waterlogging,medium,<2ft,Low Vulnerability less than 2 feet,TH Road jn.of MRF Road | Depth: <2ft ft | Level: Low Vulnerability less than 2 feet,GCC Area Flood Hotspots (Chennai SDSS),GCC-2015-SDSS,https://data.opencity.in/dataset/866141ab-3a3f-4dc0-8092-421d97ba29a2/resource/8e1c5b2d-322c-4dbd-bd64-6da2d1a8681d/download/31523c86-0ad1-42f5-b4d1-297daa4bbcd6.kml,VERIFIED INCIDENT,OFFICIALLY_VERIFIED,HIGH,True,OFFICIAL_HISTORICAL_RECORD
CHN-INC-1986,GCC-2015-SDSS-0233,2015-12-01,Chennai Floods 2015,SVM Nagar I main road,13.220352,80.32445,1,Ward 1 (Thiruvottiyur),1,Thiruvottiyur,waterlogging,medium,<2ft,Low Vulnerability less than 2 feet,SVM Nagar I main road | Depth: <2ft ft | Level: Low Vulnerability less than 2 feet,GCC Area Flood Hotspots (Chennai SDSS),GCC-2015-SDSS,https://data.opencity.in/dataset/866141ab-3a3f-4dc0-8092-421d97ba29a2/resource/8e1c5b2d-322c-4dbd-bd64-6da2d1a8681d/download/31523c86-0ad1-42f5-b4d1-297daa4bbcd6.kml,VERIFIED INCIDENT,OFFICIALLY_VERIFIED,HIGH,True,OFFICIAL_HISTORICAL_RECORD
CHN-INC-1987,GCC-2015-SDSS-0234,2015-12-01,Chennai Floods 2015,Kathivakkam high road,13.209475,80.314774,2,Ward 2 (Thiruvottiyur),1,Thiruvottiyur,waterlogging,medium,<2ft,Low Vulnerability less than 2 feet,Kathivakkam high road | Depth: <2ft ft | Level: Low Vulnerability less than 2 feet,GCC Area Flood Hotspots (Chennai SDSS),GCC-2015-SDSS,https://data.opencity.in/dataset/866141ab-3a3f-4dc0-8092-421d97ba29a2/resource/8e1c5b2d-322c-4dbd-bd64-6da2d1a8681d/download/31523c86-0ad1-42f5-b4d1-297daa4bbcd6.kml,VERIFIED INCIDENT,OFFICIALLY_VERIFIED,HIGH,True,OFFICIAL_HISTORICAL_RECORD
CHN-INC-1988,GCC-2015-SDSS-0235,2015-12-01,Chennai Floods 2015,Kamaraj salai,13.187398,80.307706,4,Ward 4 (Thiruvottiyur),1,Thiruvottiyur,waterlogging,high,3 to 5 ft,High Vulnerability 3 to 5 Feet,Kamaraj salai | Depth: 3 to 5 ft ft | Level: High Vulnerability 3 to 5 Feet,GCC Area Flood Hotspots (Chennai SDSS),GCC-2015-SDSS,https://data.opencity.in/dataset/866141ab-3a3f-4dc0-8092-421d97ba29a2/resource/8e1c5b2d-322c-4dbd-bd64-6da2d1a8681d/download/31523c86-0ad1-42f5-b4d1-297daa4bbcd6.kml,VERIFIED INCIDENT,OFFICIALLY_VERIFIED,HIGH,True,OFFICIAL_HISTORICAL_RECORD
CHN-INC-1989,GCC-2015-SDSS-0236,2015-12-01,Chennai Floods 2015,SVM Nagar II main road,13.223231,80.324866,1,Ward 1 (Thiruvottiyur),1,Thiruvottiyur,waterlogging,medium,<2ft,Low Vulnerability less than 2 feet,SVM Nagar II main road | Depth: <2ft ft | Level: Low Vulnerability less than 2 feet,GCC Area Flood Hotspots (Chennai SDSS),GCC-2015-SDSS,https://data.opencity.in/dataset/866141ab-3a3f-4dc0-8092-421d97ba29a2/resource/8e1c5b2d-322c-4dbd-bd64-6da2d1a8681d/download/31523c86-0ad1-42f5-b4d1-297daa4bbcd6.kml,VERIFIED INCIDENT,OFFICIALLY_VERIFIED,HIGH,True,OFFICIAL_HISTORICAL_RECORD
CHN-INC-1990,GCC-2015-SDSS-0237,2015-12-01,Chennai Floods 2015,T.H. Road (MRF road junction),13.17855,80.307163,5,Ward 5 (Thiruvottiyur),1,Thiruvottiyur,waterlogging,high,3 to 5 ft,High Vulnerability 3 to 5 Feet,T.H. Road (MRF road junction) | Depth: 3 to 5 ft ft | Level: High Vulnerability 3 to 5 Feet,GCC Area Flood Hotspots (Chennai SDSS),GCC-2015-SDSS,https://data.opencity.in/dataset/866141ab-3a3f-4dc0-8092-421d97ba29a2/resource/8e1c5b2d-322c-4dbd-bd64-6da2d1a8681d/download/31523c86-0ad1-42f5-b4d1-297daa4bbcd6.kml,VERIFIED INCIDENT,OFFICIALLY_VERIFIED,HIGH,True,OFFICIAL_HISTORICAL_RECORD
CHN-INC-1991,GCC-2015-SDSS-0238,2015-12-01,Chennai Floods 2015,T.H. Road near Liftgate,13.159027,80.302158,9,Ward 9 (Thiruvottiyur),1,Thiruvottiyur,waterlogging,medium,<2ft,Low Vulnerability less than 2 feet,T.H. Road near Liftgate | Depth: <2ft ft | Level: Low Vulnerability less than 2 feet,GCC Area Flood Hotspots (Chennai SDSS),GCC-2015-SDSS,https://data.opencity.in/dataset/866141ab-3a3f-4dc0-8092-421d97ba29a2/resource/8e1c5b2d-322c-4dbd-bd64-6da2d1a8681d/download/31523c86-0ad1-42f5-b4d1-297daa4bbcd6.kml,VERIFIED INCIDENT,OFFICIALLY_VERIFIED,HIGH,True,OFFICIAL_HISTORICAL_RECORD
CHN-INC-1992,GCC-2015-SDSS-0239,2015-12-01,Chennai Floods 2015,"Manali Express road, (Mullai nagar, Jothi nagar, TKS Nagar)",13.182086,80.299806,4,Ward 4 (Thiruvottiyur),1,Thiruvottiyur,waterlogging,high,3 to 5 ft,High Vulnerability 3 to 5 Feet,"Manali Express road, (Mullai nagar, Jothi nagar, TKS Nagar) | Depth: 3 to 5 ft ft | Level: High Vulnerability 3 to 5 Feet",GCC Area Flood Hotspots (Chennai SDSS),GCC-2015-SDSS,https://data.opencity.in/dataset/866141ab-3a3f-4dc0-8092-421d97ba29a2/resource/8e1c5b2d-322c-4dbd-bd64-6da2d1a8681d/download/31523c86-0ad1-42f5-b4d1-297daa4bbcd6.kml,VERIFIED INCIDENT,OFFICIALLY_VERIFIED,HIGH,True,OFFICIAL_HISTORICAL_RECORD
CHN-INC-1993,GCC-2015-SDSS-0240,2015-12-01,Chennai Floods 2015,Rajiv Gandhi Nagar from TPP Salai to Andarkuppam Main Road,13.193403,80.26967,16,Ward 16 (Manali),2,Manali,waterlogging,medium,<2ft,Low Vulnerability less than 2 feet,Rajiv Gandhi Nagar from TPP Salai to Andarkuppam Main Road | Depth: <2ft ft | Level: Low Vulnerability less than 2 feet,GCC Area Flood Hotspots (Chennai SDSS),GCC-2015-SDSS,https://data.opencity.in/dataset/866141ab-3a3f-4dc0-8092-421d97ba29a2/resource/8e1c5b2d-322c-4dbd-bd64-6da2d1a8681d/download/31523c86-0ad1-42f5-b4d1-297daa4bbcd6.kml,VERIFIED INCIDENT,OFFICIALLY_VERIFIED,HIGH,True,OFFICIAL_HISTORICAL_RECORD
CHN-INC-1994,GCC-2015-SDSS-0241,2015-12-01,Chennai Floods 2015,From Kanniammanpet pond to Kadappakkam Lake,13.197876,80.252961,16,Ward 16 (Manali),2,Manali,waterlogging,medium,<2ft,Low Vulnerability less than 2 feet,From Kanniammanpet pond to Kadappakkam Lake | Depth: <2ft ft | Level: Low Vulnerability less than 2 feet,GCC Area Flood Hotspots (Chennai SDSS),GCC-2015-SDSS,https://data.opencity.in/dataset/866141ab-3a3f-4dc0-8092-421d97ba29a2/resource/8e1c5b2d-322c-4dbd-bd64-6da2d1a8681d/download/31523c86-0ad1-42f5-b4d1-297daa4bbcd6.kml,VERIFIED INCIDENT,OFFICIALLY_VERIFIED,HIGH,True,OFFICIAL_HISTORICAL_RECORD
CHN-INC-1995,GCC-2015-SDSS-0242,2015-12-01,Chennai Floods 2015,NAS Garden & TVS Nagar,13.120996,80.191363,83,Ward 83 (Ambattur),7,Ambattur,waterlogging,medium,<2ft,Low Vulnerability less than 2 feet,NAS Garden & TVS Nagar | Depth: <2ft ft | Level: Low Vulnerability less than 2 feet,GCC Area Flood Hotspots (Chennai SDSS),GCC-2015-SDSS,https://data.opencity.in/dataset/866141ab-3a3f-4dc0-8092-421d97ba29a2/resource/8e1c5b2d-322c-4dbd-bd64-6da2d1a8681d/download/31523c86-0ad1-42f5-b4d1-297daa4bbcd6.kml,VERIFIED INCIDENT,OFFICIALLY_VERIFIED,HIGH,True,OFFICIAL_HISTORICAL_RECORD
CHN-INC-1996,GCC-2015-SDSS-0243,2015-12-01,Chennai Floods 2015,Vandiamman Koil st,13.07612,80.187602,93,Ward 93 (Ambattur),7,Ambattur,waterlogging,medium,<2ft,Low Vulnerability less than 2 feet,Vandiamman Koil st | Depth: <2ft ft | Level: Low Vulnerability less than 2 feet,GCC Area Flood Hotspots (Chennai SDSS),GCC-2015-SDSS,https://data.opencity.in/dataset/866141ab-3a3f-4dc0-8092-421d97ba29a2/resource/8e1c5b2d-322c-4dbd-bd64-6da2d1a8681d/download/31523c86-0ad1-42f5-b4d1-297daa4bbcd6.kml,VERIFIED INCIDENT,OFFICIALLY_VERIFIED,HIGH,True,OFFICIAL_HISTORICAL_RECORD
CHN-INC-1997,GCC-2015-SDSS-0244,2015-12-01,Chennai Floods 2015,Construction of RCC Open Box type Retaining Wall and Bed including chain link fencing to Kodungaiyur canal North wing from Ch.0.0 to Ch.850m,13.136553,80.255388,34,Ward 34 (Tondiarpet),4,Tondiarpet,waterlogging,high,3 to 5 ft,High Vulnerability 3 to 5 Feet,Construction of RCC Open Box type Retaining Wall and Bed including chain link fencing to Kodungaiyur canal North wing from Ch.0.0 to Ch.850m | Depth: 3 to 5 ft ft | Level: High Vulnerability 3 to 5 Feet,GCC Area Flood Hotspots (Chennai SDSS),GCC-2015-SDSS,https://data.opencity.in/dataset/866141ab-3a3f-4dc0-8092-421d97ba29a2/resource/8e1c5b2d-322c-4dbd-bd64-6da2d1a8681d/download/31523c86-0ad1-42f5-b4d1-297daa4bbcd6.kml,VERIFIED INCIDENT,OFFICIALLY_VERIFIED,HIGH,True,OFFICIAL_HISTORICAL_RECORD
CHN-INC-1998,GCC-2015-SDSS-0245,2015-12-01,Chennai Floods 2015,Construction of RCC Open Box type Retaining Wall and Bed including chain link fencing to Kodungaiyur canal North wing from Ch.850 to Ch.1150m,13.133273,80.263134,37,Ward 37 (Tondiarpet),4,Tondiarpet,waterlogging,high,3 to 5 ft,High Vulnerability 3 to 5 Feet,Construction of RCC Open Box type Retaining Wall and Bed including chain link fencing to Kodungaiyur canal North wing from Ch.850 to Ch.1150m | Depth: 3 to 5 ft ft | Level: High Vulnerability 3 to 5 Feet,GCC Area Flood Hotspots (Chennai SDSS),GCC-2015-SDSS,https://data.opencity.in/dataset/866141ab-3a3f-4dc0-8092-421d97ba29a2/resource/8e1c5b2d-322c-4dbd-bd64-6da2d1a8681d/download/31523c86-0ad1-42f5-b4d1-297daa4bbcd6.kml,VERIFIED INCIDENT,OFFICIALLY_VERIFIED,HIGH,True,OFFICIAL_HISTORICAL_RECORD
CHN-INC-1999,GCC-2015-SDSS-0246,2015-12-01,Chennai Floods 2015,Construction of RCC Open Box type Retaining Wall and Bed including chain link fencing to Kodungaiyur canal North wing from Ch.1675 to Ch.2191m,13.130832,80.272935,41,Ward 41 (Tondiarpet),4,Tondiarpet,waterlogging,high,3 to 5 ft,High Vulnerability 3 to 5 Feet,Construction of RCC Open Box type Retaining Wall and Bed including chain link fencing to Kodungaiyur canal North wing from Ch.1675 to Ch.2191m | Depth: 3 to 5 ft ft | Level: High Vulnerability 3 to 5 Feet,GCC Area Flood Hotspots (Chennai SDSS),GCC-2015-SDSS,https://data.opencity.in/dataset/866141ab-3a3f-4dc0-8092-421d97ba29a2/resource/8e1c5b2d-322c-4dbd-bd64-6da2d1a8681d/download/31523c86-0ad1-42f5-b4d1-297daa4bbcd6.kml,VERIFIED INCIDENT,OFFICIALLY_VERIFIED,HIGH,True,OFFICIAL_HISTORICAL_RECORD
CHN-INC-2000,GCC-2015-SDSS-0247,2015-12-01,Chennai Floods 2015,Dismantling and Reconstruction of RCC Box type storm water drain of size 1200x1200mm along T.H Road from North Terminal road to AE koil st,13.138467,80.294648,39,Ward 39 (Tondiarpet),4,Tondiarpet,waterlogging,medium,<2ft,Low Vulnerability less than 2 feet,Dismantling and Reconstruction of RCC Box type storm water drain of size 1200x1200mm along T.H Road from North Terminal road to AE koil st | Depth: <2ft ft | Level: Low Vulnerability less than 2 feet,GCC Area Flood Hotspots (Chennai SDSS),GCC-2015-SDSS,https://data.opencity.in/dataset/866141ab-3a3f-4dc0-8092-421d97ba29a2/resource/8e1c5b2d-322c-4dbd-bd64-6da2d1a8681d/download/31523c86-0ad1-42f5-b4d1-297daa4bbcd6.kml,VERIFIED INCIDENT,OFFICIALLY_VERIFIED,HIGH,True,OFFICIAL_HISTORICAL_RECORD
CHN-INC-2001,GCC-2015-SDSS-0248,2015-12-01,Chennai Floods 2015,Providing Re-sectioning concrete lining and laying service road in link canal from Ch.2500 to 2940 in Captain Cotton Canal,13.126401,80.259985,37,Ward 37 (Tondiarpet),4,Tondiarpet,waterlogging,high,3 to 5 ft,High Vulnerability 3 to 5 Feet,Providing Re-sectioning concrete lining and laying service road in link canal from Ch.2500 to 2940 in Captain Cotton Canal | Depth: 3 to 5 ft ft | Level: High Vulnerability 3 to 5 Feet,GCC Area Flood Hotspots (Chennai SDSS),GCC-2015-SDSS,https://data.opencity.in/dataset/866141ab-3a3f-4dc0-8092-421d97ba29a2/resource/8e1c5b2d-322c-4dbd-bd64-6da2d1a8681d/download/31523c86-0ad1-42f5-b4d1-297daa4bbcd6.kml,VERIFIED INCIDENT,OFFICIALLY_VERIFIED,HIGH,True,OFFICIAL_HISTORICAL_RECORD
CHN-INC-2002,GCC-2015-SDSS-0249,2015-12-01,Chennai Floods 2015,Providing Re-sectioning concrete lining and laying service road in link canal from Ch.2940 to 3360 in Captain Cotton Canal,13.125573,80.252904,36,Ward 36 (Tondiarpet),4,Tondiarpet,waterlogging,high,3 to 5 ft,High Vulnerability 3 to 5 Feet,Providing Re-sectioning concrete lining and laying service road in link canal from Ch.2940 to 3360 in Captain Cotton Canal | Depth: 3 to 5 ft ft | Level: High Vulnerability 3 to 5 Feet,GCC Area Flood Hotspots (Chennai SDSS),GCC-2015-SDSS,https://data.opencity.in/dataset/866141ab-3a3f-4dc0-8092-421d97ba29a2/resource/8e1c5b2d-322c-4dbd-bd64-6da2d1a8681d/download/31523c86-0ad1-42f5-b4d1-297daa4bbcd6.kml,VERIFIED INCIDENT,OFFICIALLY_VERIFIED,HIGH,True,OFFICIAL_HISTORICAL_RECORD
CHN-INC-2003,GCC-2015-SDSS-0250,2015-12-01,Chennai Floods 2015,Samuthirya Colony 1st Street,13.123018,80.222238,65,Ward 65 (Thiru. Vi. Ka. Nagar),6,Thiru. Vi. Ka. Nagar,waterlogging,medium,<2ft,Low Vulnerability less than 2 feet,Samuthirya Colony 1st Street | Depth: <2ft ft | Level: Low Vulnerability less than 2 feet,GCC Area Flood Hotspots (Chennai SDSS),GCC-2015-SDSS,https://data.opencity.in/dataset/866141ab-3a3f-4dc0-8092-421d97ba29a2/resource/8e1c5b2d-322c-4dbd-bd64-6da2d1a8681d/download/31523c86-0ad1-42f5-b4d1-297daa4bbcd6.kml,VERIFIED INCIDENT,OFFICIALLY_VERIFIED,HIGH,True,OFFICIAL_HISTORICAL_RECORD
CHN-INC-2004,GCC-2015-SDSS-0251,2015-12-01,Chennai Floods 2015,Konnur High Road,13.097294,80.242407,74,Ward 74 (Thiru. Vi. Ka. Nagar),6,Thiru. Vi. Ka. Nagar,waterlogging,medium,<2ft,Low Vulnerability less than 2 feet,Konnur High Road | Depth: <2ft ft | Level: Low Vulnerability less than 2 feet,GCC Area Flood Hotspots (Chennai SDSS),GCC-2015-SDSS,https://data.opencity.in/dataset/866141ab-3a3f-4dc0-8092-421d97ba29a2/resource/8e1c5b2d-322c-4dbd-bd64-6da2d1a8681d/download/31523c86-0ad1-42f5-b4d1-297daa4bbcd6.kml,VERIFIED INCIDENT,OFFICIALLY_VERIFIED,HIGH,True,OFFICIAL_HISTORICAL_RECORD
CHN-INC-2005,GCC-2015-SDSS-0252,2015-12-01,Chennai Floods 2015,Dismantling and Re-Construction of SWD of size 900x900mm along Anna Nagar 18th main road (South) Ch.500m (Reach I) from 100 feet road to Ch.500m,13.094831,80.200717,104,Ward 104 (Anna Nagar),8,Anna Nagar,waterlogging,medium,<2ft,Low Vulnerability less than 2 feet,Dismantling and Re-Construction of SWD of size 900x900mm along Anna Nagar 18th main road (South) Ch.500m (Reach I) from 100 feet road to Ch.500m | Depth: <2ft ft | Level: Low Vulnerability less than 2 feet,GCC Area Flood Hotspots (Chennai SDSS),GCC-2015-SDSS,https://data.opencity.in/dataset/866141ab-3a3f-4dc0-8092-421d97ba29a2/resource/8e1c5b2d-322c-4dbd-bd64-6da2d1a8681d/download/31523c86-0ad1-42f5-b4d1-297daa4bbcd6.kml,VERIFIED INCIDENT,OFFICIALLY_VERIFIED,HIGH,True,OFFICIAL_HISTORICAL_RECORD
CHN-INC-2006,GCC-2015-SDSS-0253,2015-12-01,Chennai Floods 2015,Dismantling and Re-Construction of SWD of size 900x900mm along Anna Nagar 18th main road (South) from Ch.500m (Reach 2) to Otteri Nullah canal,13.094765,80.202621,104,Ward 104 (Anna Nagar),8,Anna Nagar,waterlogging,medium,<2ft,Low Vulnerability less than 2 feet,Dismantling and Re-Construction of SWD of size 900x900mm along Anna Nagar 18th main road (South) from Ch.500m (Reach 2) to Otteri Nullah canal | Depth: <2ft ft | Level: Low Vulnerability less than 2 feet,GCC Area Flood Hotspots (Chennai SDSS),GCC-2015-SDSS,https://data.opencity.in/dataset/866141ab-3a3f-4dc0-8092-421d97ba29a2/resource/8e1c5b2d-322c-4dbd-bd64-6da2d1a8681d/download/31523c86-0ad1-42f5-b4d1-297daa4bbcd6.kml,VERIFIED INCIDENT,OFFICIALLY_VERIFIED,HIGH,True,OFFICIAL_HISTORICAL_RECORD
CHN-INC-2007,GCC-2015-SDSS-0254,2015-12-01,Chennai Floods 2015,Dismantling and Re-Construction of SWD of size 900x900mm along Anna Nagar 18th main road (North) Ch.425m from Vasantham Colony to 2nd street (Reach II),13.094687,80.20536,104,Ward 104 (Anna Nagar),8,Anna Nagar,waterlogging,medium,<2ft,Low Vulnerability less than 2 feet,Dismantling and Re-Construction of SWD of size 900x900mm along Anna Nagar 18th main road (North) Ch.425m from Vasantham Colony to 2nd street (Reach II) | Depth: <2ft ft | Level: Low Vulnerability less than 2 feet,GCC Area Flood Hotspots (Chennai SDSS),GCC-2015-SDSS,https://data.opencity.in/dataset/866141ab-3a3f-4dc0-8092-421d97ba29a2/resource/8e1c5b2d-322c-4dbd-bd64-6da2d1a8681d/download/31523c86-0ad1-42f5-b4d1-297daa4bbcd6.kml,VERIFIED INCIDENT,OFFICIALLY_VERIFIED,HIGH,True,OFFICIAL_HISTORICAL_RECORD
CHN-INC-2008,GCC-2015-SDSS-0255,2015-12-01,Chennai Floods 2015,Dismantling and Reconstruction of SWD of size 900x900mm along Anna Nagar 18th main road (North) from 100' road to Ch.425m (Reach I),13.094636,80.207381,104,Ward 104 (Anna Nagar),8,Anna Nagar,waterlogging,medium,<2ft,Low Vulnerability less than 2 feet,Dismantling and Reconstruction of SWD of size 900x900mm along Anna Nagar 18th main road (North) from 100' road to Ch.425m (Reach I) | Depth: <2ft ft | Level: Low Vulnerability less than 2 feet,GCC Area Flood Hotspots (Chennai SDSS),GCC-2015-SDSS,https://data.opencity.in/dataset/866141ab-3a3f-4dc0-8092-421d97ba29a2/resource/8e1c5b2d-322c-4dbd-bd64-6da2d1a8681d/download/31523c86-0ad1-42f5-b4d1-297daa4bbcd6.kml,VERIFIED INCIDENT,OFFICIALLY_VERIFIED,HIGH,True,OFFICIAL_HISTORICAL_RECORD
CHN-INC-2009,GCC-2015-SDSS-0256,2015-12-01,Chennai Floods 2015,G.N.Chetty  Road,13.050315,80.248498,113,Ward 113 (Teynampet),9,Teynampet,waterlogging,medium,<2ft,Low Vulnerability less than 2 feet,G.N.Chetty  Road | Depth: <2ft ft | Level: Low Vulnerability less than 2 feet,GCC Area Flood Hotspots (Chennai SDSS),GCC-2015-SDSS,https://data.opencity.in/dataset/866141ab-3a3f-4dc0-8092-421d97ba29a2/resource/8e1c5b2d-322c-4dbd-bd64-6da2d1a8681d/download/31523c86-0ad1-42f5-b4d1-297daa4bbcd6.kml,VERIFIED INCIDENT,OFFICIALLY_VERIFIED,HIGH,True,OFFICIAL_HISTORICAL_RECORD
CHN-INC-2010,GCC-2015-SDSS-0257,2015-12-01,Chennai Floods 2015,Improvements of storm water drain and construction of 3 road crossing culverts Habibullah Road,13.050043,80.238389,113,Ward 113 (Teynampet),9,Teynampet,waterlogging,medium,<2ft,Low Vulnerability less than 2 feet,Improvements of storm water drain and construction of 3 road crossing culverts Habibullah Road | Depth: <2ft ft | Level: Low Vulnerability less than 2 feet,GCC Area Flood Hotspots (Chennai SDSS),GCC-2015-SDSS,https://data.opencity.in/dataset/866141ab-3a3f-4dc0-8092-421d97ba29a2/resource/8e1c5b2d-322c-4dbd-bd64-6da2d1a8681d/download/31523c86-0ad1-42f5-b4d1-297daa4bbcd6.kml,VERIFIED INCIDENT,OFFICIALLY_VERIFIED,HIGH,True,OFFICIAL_HISTORICAL_RECORD
CHN-INC-2011,GCC-2015-SDSS-0258,2015-12-01,Chennai Floods 2015,North usman street,13.053281,80.234489,113,Ward 113 (Teynampet),9,Teynampet,waterlogging,medium,<2ft,Low Vulnerability less than 2 feet,North usman street | Depth: <2ft ft | Level: Low Vulnerability less than 2 feet,GCC Area Flood Hotspots (Chennai SDSS),GCC-2015-SDSS,https://data.opencity.in/dataset/866141ab-3a3f-4dc0-8092-421d97ba29a2/resource/8e1c5b2d-322c-4dbd-bd64-6da2d1a8681d/download/31523c86-0ad1-42f5-b4d1-297daa4bbcd6.kml,VERIFIED INCIDENT,OFFICIALLY_VERIFIED,HIGH,True,OFFICIAL_HISTORICAL_RECORD
CHN-INC-2012,GCC-2015-SDSS-0259,2015-12-01,Chennai Floods 2015,Sarathapuram Street,13.032134,80.263614,124,Ward 124 (Teynampet),9,Teynampet,waterlogging,high,3 to 5 ft,High Vulnerability 3 to 5 Feet,Sarathapuram Street | Depth: 3 to 5 ft ft | Level: High Vulnerability 3 to 5 Feet,GCC Area Flood Hotspots (Chennai SDSS),GCC-2015-SDSS,https://data.opencity.in/dataset/866141ab-3a3f-4dc0-8092-421d97ba29a2/resource/8e1c5b2d-322c-4dbd-bd64-6da2d1a8681d/download/31523c86-0ad1-42f5-b4d1-297daa4bbcd6.kml,VERIFIED INCIDENT,OFFICIALLY_VERIFIED,HIGH,True,OFFICIAL_HISTORICAL_RECORD
CHN-INC-2013,GCC-2015-SDSS-0260,2015-12-01,Chennai Floods 2015,Improvements of storm water drain at North Usman Road,13.051246,80.233959,113,Ward 113 (Teynampet),9,Teynampet,waterlogging,medium,<2ft,Low Vulnerability less than 2 feet,Improvements of storm water drain at North Usman Road | Depth: <2ft ft | Level: Low Vulnerability less than 2 feet,GCC Area Flood Hotspots (Chennai SDSS),GCC-2015-SDSS,https://data.opencity.in/dataset/866141ab-3a3f-4dc0-8092-421d97ba29a2/resource/8e1c5b2d-322c-4dbd-bd64-6da2d1a8681d/download/31523c86-0ad1-42f5-b4d1-297daa4bbcd6.kml,VERIFIED INCIDENT,OFFICIALLY_VERIFIED,HIGH,True,OFFICIAL_HISTORICAL_RECORD
CHN-INC-2014,GCC-2015-SDSS-0261,2015-12-01,Chennai Floods 2015,South boug road,13.034667,80.242086,117,Ward 117 (Kodambakkam),10,Kodambakkam,waterlogging,high,3 to 5 ft,High Vulnerability 3 to 5 Feet,South boug road | Depth: 3 to 5 ft ft | Level: High Vulnerability 3 to 5 Feet,GCC Area Flood Hotspots (Chennai SDSS),GCC-2015-SDSS,https://data.opencity.in/dataset/866141ab-3a3f-4dc0-8092-421d97ba29a2/resource/8e1c5b2d-322c-4dbd-bd64-6da2d1a8681d/download/31523c86-0ad1-42f5-b4d1-297daa4bbcd6.kml,VERIFIED INCIDENT,OFFICIALLY_VERIFIED,HIGH,True,OFFICIAL_HISTORICAL_RECORD
CHN-INC-2015,GCC-2015-SDSS-0262,2015-12-01,Chennai Floods 2015,100 feet road (junction of Kaliamman Koil Street),13.072188,80.202108,127,Ward 127 (Kodambakkam),10,Kodambakkam,waterlogging,high,3 to 5 ft,High Vulnerability 3 to 5 Feet,100 feet road (junction of Kaliamman Koil Street) | Depth: 3 to 5 ft ft | Level: High Vulnerability 3 to 5 Feet,GCC Area Flood Hotspots (Chennai SDSS),GCC-2015-SDSS,https://data.opencity.in/dataset/866141ab-3a3f-4dc0-8092-421d97ba29a2/resource/8e1c5b2d-322c-4dbd-bd64-6da2d1a8681d/download/31523c86-0ad1-42f5-b4d1-297daa4bbcd6.kml,VERIFIED INCIDENT,OFFICIALLY_VERIFIED,HIGH,True,OFFICIAL_HISTORICAL_RECORD
CHN-INC-2016,GCC-2015-SDSS-0263,2015-12-01,Chennai Floods 2015,Construction of Storm water drain of size 900x900mm RCC Box type drain along Kaliamman koil street at Koyambedu from Metro Water Office in Dn.111 to 100 ft road in Dn.127,13.066631,80.1991,127,Ward 127 (Kodambakkam),10,Kodambakkam,waterlogging,high,3 to 5 ft,High Vulnerability 3 to 5 Feet,Construction of Storm water drain of size 900x900mm RCC Box type drain along Kaliamman koil street at Koyambedu from Metro Water Office in Dn.111 to 100 ft road in Dn.127 | Depth: 3 to 5 ft ft | Level: High Vulnerability 3 to 5 Feet,GCC Area Flood Hotspots (Chennai SDSS),GCC-2015-SDSS,https://data.opencity.in/dataset/866141ab-3a3f-4dc0-8092-421d97ba29a2/resource/8e1c5b2d-322c-4dbd-bd64-6da2d1a8681d/download/31523c86-0ad1-42f5-b4d1-297daa4bbcd6.kml,VERIFIED INCIDENT,OFFICIALLY_VERIFIED,HIGH,True,OFFICIAL_HISTORICAL_RECORD
CHN-INC-2017,GCC-2015-SDSS-0264,2015-12-01,Chennai Floods 2015,Kaliamman Koil Street(from CMWSSB STP to Sai nagar annex ),13.059435,80.19539,127,Ward 127 (Kodambakkam),10,Kodambakkam,waterlogging,high,3 to 5 ft,High Vulnerability 3 to 5 Feet,Kaliamman Koil Street(from CMWSSB STP to Sai nagar annex ) | Depth: 3 to 5 ft ft | Level: High Vulnerability 3 to 5 Feet,GCC Area Flood Hotspots (Chennai SDSS),GCC-2015-SDSS,https://data.opencity.in/dataset/866141ab-3a3f-4dc0-8092-421d97ba29a2/resource/8e1c5b2d-322c-4dbd-bd64-6da2d1a8681d/download/31523c86-0ad1-42f5-b4d1-297daa4bbcd6.kml,VERIFIED INCIDENT,OFFICIALLY_VERIFIED,HIGH,True,OFFICIAL_HISTORICAL_RECORD
CHN-INC-2018,GCC-2015-SDSS-0265,2015-12-01,Chennai Floods 2015,100 feet Road (junction of periyar pathai),13.050339,80.214103,130,Ward 130 (Kodambakkam),10,Kodambakkam,waterlogging,high,3 to 5 ft,High Vulnerability 3 to 5 Feet,100 feet Road (junction of periyar pathai) | Depth: 3 to 5 ft ft | Level: High Vulnerability 3 to 5 Feet,GCC Area Flood Hotspots (Chennai SDSS),GCC-2015-SDSS,https://data.opencity.in/dataset/866141ab-3a3f-4dc0-8092-421d97ba29a2/resource/8e1c5b2d-322c-4dbd-bd64-6da2d1a8681d/download/31523c86-0ad1-42f5-b4d1-297daa4bbcd6.kml,VERIFIED INCIDENT,OFFICIALLY_VERIFIED,HIGH,True,OFFICIAL_HISTORICAL_RECORD
CHN-INC-2019,GCC-2015-SDSS-0266,2015-12-01,Chennai Floods 2015,Ganesapuram Main  Road,13.109887,80.260735,45,Ward 45 (Tondiarpet),4,Tondiarpet,waterlogging,medium,<2ft,Low Vulnerability less than 2 feet,Ganesapuram Main  Road | Depth: <2ft ft | Level: Low Vulnerability less than 2 feet,GCC Area Flood Hotspots (Chennai SDSS),GCC-2015-SDSS,https://data.opencity.in/dataset/866141ab-3a3f-4dc0-8092-421d97ba29a2/resource/8e1c5b2d-322c-4dbd-bd64-6da2d1a8681d/download/31523c86-0ad1-42f5-b4d1-297daa4bbcd6.kml,VERIFIED INCIDENT,OFFICIALLY_VERIFIED,HIGH,True,OFFICIAL_HISTORICAL_RECORD
CHN-INC-2020,GCC-2015-SDSS-0267,2015-12-01,Chennai Floods 2015,Dhanammal Nagar,13.129127,80.219056,66,Ward 66 (Thiru. Vi. Ka. Nagar),6,Thiru. Vi. Ka. Nagar,waterlogging,medium,<2ft,Low Vulnerability less than 2 feet,Dhanammal Nagar | Depth: <2ft ft | Level: Low Vulnerability less than 2 feet,GCC Area Flood Hotspots (Chennai SDSS),GCC-2015-SDSS,https://data.opencity.in/dataset/866141ab-3a3f-4dc0-8092-421d97ba29a2/resource/8e1c5b2d-322c-4dbd-bd64-6da2d1a8681d/download/31523c86-0ad1-42f5-b4d1-297daa4bbcd6.kml,VERIFIED INCIDENT,OFFICIALLY_VERIFIED,HIGH,True,OFFICIAL_HISTORICAL_RECORD
CHN-INC-2021,GCC-2015-SDSS-0268,2015-12-01,Chennai Floods 2015,"MMDA Colony 4th , 5th & 6th block",13.063082,80.176491,144,Ward 144 (Valasaravakkam),11,Valasaravakkam,waterlogging,medium,<2ft,Low Vulnerability less than 2 feet,"MMDA Colony 4th , 5th & 6th block | Depth: <2ft ft | Level: Low Vulnerability less than 2 feet",GCC Area Flood Hotspots (Chennai SDSS),GCC-2015-SDSS,https://data.opencity.in/dataset/866141ab-3a3f-4dc0-8092-421d97ba29a2/resource/8e1c5b2d-322c-4dbd-bd64-6da2d1a8681d/download/31523c86-0ad1-42f5-b4d1-297daa4bbcd6.kml,VERIFIED INCIDENT,OFFICIALLY_VERIFIED,HIGH,True,OFFICIAL_HISTORICAL_RECORD
CHN-INC-2022,GCC-2015-SDSS-0269,2015-12-01,Chennai Floods 2015,"Kaviya Garden, CRR Puram Phase III, Purachi Thalivi Nagar, Bhell Nagar, Dharmarajapuram, Sathiya Nagar, Astalakshmi Avenue and Sedhu Lakshmi Avenue, River view colony",13.018831,80.176851,157,Ward 157 (Alandur),12,Alandur,waterlogging,medium,<2ft,Low Vulnerability less than 2 feet,"Kaviya Garden, CRR Puram Phase III, Purachi Thalivi Nagar, Bhell Nagar, Dharmarajapuram, Sathiya Nagar, Astalakshmi Avenue and Sedhu Lakshmi Avenue, River view colony | Depth: <2ft ft | Level: Low Vulnerability less than 2 feet",GCC Area Flood Hotspots (Chennai SDSS),GCC-2015-SDSS,https://data.opencity.in/dataset/866141ab-3a3f-4dc0-8092-421d97ba29a2/resource/8e1c5b2d-322c-4dbd-bd64-6da2d1a8681d/download/31523c86-0ad1-42f5-b4d1-297daa4bbcd6.kml,VERIFIED INCIDENT,OFFICIALLY_VERIFIED,HIGH,True,OFFICIAL_HISTORICAL_RECORD
CHN-INC-2023,GCC-2015-SDSS-0270,2015-12-01,Chennai Floods 2015,"Kaviya Garden, CRR Puram Phase III, Purachi Thalivi Nagar, Bhell Nagar, Dharmarajapuram, Sathiya Nagar, Astalakshmi Avenue and Sedhu Lakshmi Avenue, River view colony",13.018998,80.181696,157,Ward 157 (Alandur),12,Alandur,waterlogging,medium,<2ft,Low Vulnerability less than 2 feet,"Kaviya Garden, CRR Puram Phase III, Purachi Thalivi Nagar, Bhell Nagar, Dharmarajapuram, Sathiya Nagar, Astalakshmi Avenue and Sedhu Lakshmi Avenue, River view colony | Depth: <2ft ft | Level: Low Vulnerability less than 2 feet",GCC Area Flood Hotspots (Chennai SDSS),GCC-2015-SDSS,https://data.opencity.in/dataset/866141ab-3a3f-4dc0-8092-421d97ba29a2/resource/8e1c5b2d-322c-4dbd-bd64-6da2d1a8681d/download/31523c86-0ad1-42f5-b4d1-297daa4bbcd6.kml,VERIFIED INCIDENT,OFFICIALLY_VERIFIED,HIGH,True,OFFICIAL_HISTORICAL_RECORD
CHN-INC-2024,GCC-2015-SDSS-0271,2015-12-01,Chennai Floods 2015,"Kaviya Garden, CRR Puram Phase III, Purachi Thalivi Nagar, Bhell Nagar, Dharmarajapuram, Sathiya Nagar, Astalakshmi Avenue and Sedhu Lakshmi Avenue, River view colony",13.021009,80.182267,157,Ward 157 (Alandur),12,Alandur,waterlogging,medium,<2ft,Low Vulnerability less than 2 feet,"Kaviya Garden, CRR Puram Phase III, Purachi Thalivi Nagar, Bhell Nagar, Dharmarajapuram, Sathiya Nagar, Astalakshmi Avenue and Sedhu Lakshmi Avenue, River view colony | Depth: <2ft ft | Level: Low Vulnerability less than 2 feet",GCC Area Flood Hotspots (Chennai SDSS),GCC-2015-SDSS,https://data.opencity.in/dataset/866141ab-3a3f-4dc0-8092-421d97ba29a2/resource/8e1c5b2d-322c-4dbd-bd64-6da2d1a8681d/download/31523c86-0ad1-42f5-b4d1-297daa4bbcd6.kml,VERIFIED INCIDENT,OFFICIALLY_VERIFIED,HIGH,True,OFFICIAL_HISTORICAL_RECORD
CHN-INC-2025,GCC-2015-SDSS-0272,2015-12-01,Chennai Floods 2015,"Kaviya Garden, CRR Puram Phase III, Purachi Thalivi Nagar, Bhell Nagar, Dharmarajapuram, Sathiya Nagar, Astalakshmi Avenue and Sedhu Lakshmi Avenue, River view colony",13.006939,80.164433,157,Ward 157 (Alandur),12,Alandur,waterlogging,medium,<2ft,Low Vulnerability less than 2 feet,"Kaviya Garden, CRR Puram Phase III, Purachi Thalivi Nagar, Bhell Nagar, Dharmarajapuram, Sathiya Nagar, Astalakshmi Avenue and Sedhu Lakshmi Avenue, River view colony | Depth: <2ft ft | Level: Low Vulnerability less than 2 feet",GCC Area Flood Hotspots (Chennai SDSS),GCC-2015-SDSS,https://data.opencity.in/dataset/866141ab-3a3f-4dc0-8092-421d97ba29a2/resource/8e1c5b2d-322c-4dbd-bd64-6da2d1a8681d/download/31523c86-0ad1-42f5-b4d1-297daa4bbcd6.kml,VERIFIED INCIDENT,OFFICIALLY_VERIFIED,HIGH,True,OFFICIAL_HISTORICAL_RECORD
CHN-INC-2026,GCC-2015-SDSS-0273,2015-12-01,Chennai Floods 2015,"Thillai Ganga Nagar 25 th Street,  27th Street, 28th Street, Thillai Ganga Nagar 2nd MainRoad, and 4th Main Road",12.988976,80.192665,162,Ward 162 (Alandur),12,Alandur,waterlogging,medium,<2ft,Low Vulnerability less than 2 feet,"Thillai Ganga Nagar 25 th Street,  27th Street, 28th Street, Thillai Ganga Nagar 2nd MainRoad, and 4th Main Road | Depth: <2ft ft | Level: Low Vulnerability less than 2 feet",GCC Area Flood Hotspots (Chennai SDSS),GCC-2015-SDSS,https://data.opencity.in/dataset/866141ab-3a3f-4dc0-8092-421d97ba29a2/resource/8e1c5b2d-322c-4dbd-bd64-6da2d1a8681d/download/31523c86-0ad1-42f5-b4d1-297daa4bbcd6.kml,VERIFIED INCIDENT,OFFICIALLY_VERIFIED,HIGH,True,OFFICIAL_HISTORICAL_RECORD
CHN-INC-2027,GCC-2015-SDSS-0274,2015-12-01,Chennai Floods 2015,"Thillai Ganga Nagar 25 th Street,  27th Street, 28th Street, Thillai Ganga Nagar 2nd MainRoad, and 4th Main Road",12.991604,80.194434,162,Ward 162 (Alandur),12,Alandur,waterlogging,medium,<2ft,Low Vulnerability less than 2 feet,"Thillai Ganga Nagar 25 th Street,  27th Street, 28th Street, Thillai Ganga Nagar 2nd MainRoad, and 4th Main Road | Depth: <2ft ft | Level: Low Vulnerability less than 2 feet",GCC Area Flood Hotspots (Chennai SDSS),GCC-2015-SDSS,https://data.opencity.in/dataset/866141ab-3a3f-4dc0-8092-421d97ba29a2/resource/8e1c5b2d-322c-4dbd-bd64-6da2d1a8681d/download/31523c86-0ad1-42f5-b4d1-297daa4bbcd6.kml,VERIFIED INCIDENT,OFFICIALLY_VERIFIED,HIGH,True,OFFICIAL_HISTORICAL_RECORD
CHN-INC-2028,GCC-2015-SDSS-0275,2015-12-01,Chennai Floods 2015,"Thillai Ganga Nagar 25 th Street,  27th Street, 28th Street, Thillai Ganga Nagar 2nd MainRoad, and 4th Main Road",12.990738,80.191812,162,Ward 162 (Alandur),12,Alandur,waterlogging,medium,<2ft,Low Vulnerability less than 2 feet,"Thillai Ganga Nagar 25 th Street,  27th Street, 28th Street, Thillai Ganga Nagar 2nd MainRoad, and 4th Main Road | Depth: <2ft ft | Level: Low Vulnerability less than 2 feet",GCC Area Flood Hotspots (Chennai SDSS),GCC-2015-SDSS,https://data.opencity.in/dataset/866141ab-3a3f-4dc0-8092-421d97ba29a2/resource/8e1c5b2d-322c-4dbd-bd64-6da2d1a8681d/download/31523c86-0ad1-42f5-b4d1-297daa4bbcd6.kml,VERIFIED INCIDENT,OFFICIALLY_VERIFIED,HIGH,True,OFFICIAL_HISTORICAL_RECORD
CHN-INC-2029,GCC-2015-SDSS-0276,2015-12-01,Chennai Floods 2015,"Sastri nagar II, IX & XV cross street",12.999816,80.256987,174,Ward 174 (Adyar),13,Adyar,waterlogging,high,3 to 5 ft,High Vulnerability 3 to 5 Feet,"Sastri nagar II, IX & XV cross street | Depth: 3 to 5 ft ft | Level: High Vulnerability 3 to 5 Feet",GCC Area Flood Hotspots (Chennai SDSS),GCC-2015-SDSS,https://data.opencity.in/dataset/866141ab-3a3f-4dc0-8092-421d97ba29a2/resource/8e1c5b2d-322c-4dbd-bd64-6da2d1a8681d/download/31523c86-0ad1-42f5-b4d1-297daa4bbcd6.kml,VERIFIED INCIDENT,OFFICIALLY_VERIFIED,HIGH,True,OFFICIAL_HISTORICAL_RECORD
CHN-INC-2030,GCC-2015-SDSS-0277,2015-12-01,Chennai Floods 2015,"Astalakshmi nagar II, III, IV & V streets",12.993951,80.269376,179,Ward 179 (Adyar),13,Adyar,waterlogging,medium,<2ft,Low Vulnerability less than 2 feet,"Astalakshmi nagar II, III, IV & V streets | Depth: <2ft ft | Level: Low Vulnerability less than 2 feet",GCC Area Flood Hotspots (Chennai SDSS),GCC-2015-SDSS,https://data.opencity.in/dataset/866141ab-3a3f-4dc0-8092-421d97ba29a2/resource/8e1c5b2d-322c-4dbd-bd64-6da2d1a8681d/download/31523c86-0ad1-42f5-b4d1-297daa4bbcd6.kml,VERIFIED INCIDENT,OFFICIALLY_VERIFIED,HIGH,True,OFFICIAL_HISTORICAL_RECORD
CHN-INC-2031,GCC-2015-SDSS-0278,2015-12-01,Chennai Floods 2015,"Astalakshmi nagar II, III, IV & V streets",12.993384,80.269856,179,Ward 179 (Adyar),13,Adyar,waterlogging,medium,<2ft,Low Vulnerability less than 2 feet,"Astalakshmi nagar II, III, IV & V streets | Depth: <2ft ft | Level: Low Vulnerability less than 2 feet",GCC Area Flood Hotspots (Chennai SDSS),GCC-2015-SDSS,https://data.opencity.in/dataset/866141ab-3a3f-4dc0-8092-421d97ba29a2/resource/8e1c5b2d-322c-4dbd-bd64-6da2d1a8681d/download/31523c86-0ad1-42f5-b4d1-297daa4bbcd6.kml,VERIFIED INCIDENT,OFFICIALLY_VERIFIED,HIGH,True,OFFICIAL_HISTORICAL_RECORD
CHN-INC-2032,GCC-2015-SDSS-0279,2015-12-01,Chennai Floods 2015,Nethaji colony I to IV cross streets,12.982574,80.210749,176,Ward 176 (Adyar),13,Adyar,waterlogging,medium,<2ft,Low Vulnerability less than 2 feet,Nethaji colony I to IV cross streets | Depth: <2ft ft | Level: Low Vulnerability less than 2 feet,GCC Area Flood Hotspots (Chennai SDSS),GCC-2015-SDSS,https://data.opencity.in/dataset/866141ab-3a3f-4dc0-8092-421d97ba29a2/resource/8e1c5b2d-322c-4dbd-bd64-6da2d1a8681d/download/31523c86-0ad1-42f5-b4d1-297daa4bbcd6.kml,VERIFIED INCIDENT,OFFICIALLY_VERIFIED,HIGH,True,OFFICIAL_HISTORICAL_RECORD
CHN-INC-2033,GCC-2015-SDSS-0280,2015-12-01,Chennai Floods 2015,Nethaji colony I to IV cross streets,12.982659,80.211363,176,Ward 176 (Adyar),13,Adyar,waterlogging,medium,<2ft,Low Vulnerability less than 2 feet,Nethaji colony I to IV cross streets | Depth: <2ft ft | Level: Low Vulnerability less than 2 feet,GCC Area Flood Hotspots (Chennai SDSS),GCC-2015-SDSS,https://data.opencity.in/dataset/866141ab-3a3f-4dc0-8092-421d97ba29a2/resource/8e1c5b2d-322c-4dbd-bd64-6da2d1a8681d/download/31523c86-0ad1-42f5-b4d1-297daa4bbcd6.kml,VERIFIED INCIDENT,OFFICIALLY_VERIFIED,HIGH,True,OFFICIAL_HISTORICAL_RECORD
CHN-INC-2034,GCC-2015-SDSS-0281,2015-12-01,Chennai Floods 2015,Nethaji colony I to IV cross streets,12.982747,80.211885,176,Ward 176 (Adyar),13,Adyar,waterlogging,medium,<2ft,Low Vulnerability less than 2 feet,Nethaji colony I to IV cross streets | Depth: <2ft ft | Level: Low Vulnerability less than 2 feet,GCC Area Flood Hotspots (Chennai SDSS),GCC-2015-SDSS,https://data.opencity.in/dataset/866141ab-3a3f-4dc0-8092-421d97ba29a2/resource/8e1c5b2d-322c-4dbd-bd64-6da2d1a8681d/download/31523c86-0ad1-42f5-b4d1-297daa4bbcd6.kml,VERIFIED INCIDENT,OFFICIALLY_VERIFIED,HIGH,True,OFFICIAL_HISTORICAL_RECORD
CHN-INC-2035,GCC-2015-SDSS-0282,2015-12-01,Chennai Floods 2015,Nethaji colony I to IV cross streets,12.982593,80.212198,176,Ward 176 (Adyar),13,Adyar,waterlogging,medium,<2ft,Low Vulnerability less than 2 feet,Nethaji colony I to IV cross streets | Depth: <2ft ft | Level: Low Vulnerability less than 2 feet,GCC Area Flood Hotspots (Chennai SDSS),GCC-2015-SDSS,https://data.opencity.in/dataset/866141ab-3a3f-4dc0-8092-421d97ba29a2/resource/8e1c5b2d-322c-4dbd-bd64-6da2d1a8681d/download/31523c86-0ad1-42f5-b4d1-297daa4bbcd6.kml,VERIFIED INCIDENT,OFFICIALLY_VERIFIED,HIGH,True,OFFICIAL_HISTORICAL_RECORD
CHN-INC-2036,GCC-2015-SDSS-0283,2015-12-01,Chennai Floods 2015,Andal nagar extn I to III streets,12.979593,80.211385,176,Ward 176 (Adyar),13,Adyar,waterlogging,medium,<2ft,Low Vulnerability less than 2 feet,Andal nagar extn I to III streets | Depth: <2ft ft | Level: Low Vulnerability less than 2 feet,GCC Area Flood Hotspots (Chennai SDSS),GCC-2015-SDSS,https://data.opencity.in/dataset/866141ab-3a3f-4dc0-8092-421d97ba29a2/resource/8e1c5b2d-322c-4dbd-bd64-6da2d1a8681d/download/31523c86-0ad1-42f5-b4d1-297daa4bbcd6.kml,VERIFIED INCIDENT,OFFICIALLY_VERIFIED,HIGH,True,OFFICIAL_HISTORICAL_RECORD
CHN-INC-2037,GCC-2015-SDSS-0284,2015-12-01,Chennai Floods 2015,Andal nagar extn I to III streets,12.980015,80.211628,176,Ward 176 (Adyar),13,Adyar,waterlogging,medium,<2ft,Low Vulnerability less than 2 feet,Andal nagar extn I to III streets | Depth: <2ft ft | Level: Low Vulnerability less than 2 feet,GCC Area Flood Hotspots (Chennai SDSS),GCC-2015-SDSS,https://data.opencity.in/dataset/866141ab-3a3f-4dc0-8092-421d97ba29a2/resource/8e1c5b2d-322c-4dbd-bd64-6da2d1a8681d/download/31523c86-0ad1-42f5-b4d1-297daa4bbcd6.kml,VERIFIED INCIDENT,OFFICIALLY_VERIFIED,HIGH,True,OFFICIAL_HISTORICAL_RECORD
CHN-INC-2038,GCC-2015-SDSS-0285,2015-12-01,Chennai Floods 2015,Andal nagar extn I to III streets,12.9803,80.211213,176,Ward 176 (Adyar),13,Adyar,waterlogging,medium,<2ft,Low Vulnerability less than 2 feet,Andal nagar extn I to III streets | Depth: <2ft ft | Level: Low Vulnerability less than 2 feet,GCC Area Flood Hotspots (Chennai SDSS),GCC-2015-SDSS,https://data.opencity.in/dataset/866141ab-3a3f-4dc0-8092-421d97ba29a2/resource/8e1c5b2d-322c-4dbd-bd64-6da2d1a8681d/download/31523c86-0ad1-42f5-b4d1-297daa4bbcd6.kml,VERIFIED INCIDENT,OFFICIALLY_VERIFIED,HIGH,True,OFFICIAL_HISTORICAL_RECORD
CHN-INC-2039,GCC-2015-SDSS-0286,2015-12-01,Chennai Floods 2015,V.G.P Selva nagar  I cross street & I main road,12.972079,80.219815,177,Ward 177 (Adyar),13,Adyar,waterlogging,critical,>5ft,Very High Vulnerability Above 5 Feet,V.G.P Selva nagar  I cross street & I main road | Depth: >5ft ft | Level: Very High Vulnerability Above 5 Feet,GCC Area Flood Hotspots (Chennai SDSS),GCC-2015-SDSS,https://data.opencity.in/dataset/866141ab-3a3f-4dc0-8092-421d97ba29a2/resource/8e1c5b2d-322c-4dbd-bd64-6da2d1a8681d/download/31523c86-0ad1-42f5-b4d1-297daa4bbcd6.kml,VERIFIED INCIDENT,OFFICIALLY_VERIFIED,HIGH,True,OFFICIAL_HISTORICAL_RECORD
CHN-INC-2040,GCC-2015-SDSS-0287,2015-12-01,Chennai Floods 2015,V.G.P Selva nagar  I cross street & I main road,12.971255,80.221599,177,Ward 177 (Adyar),13,Adyar,waterlogging,critical,>5ft,Very High Vulnerability Above 5 Feet,V.G.P Selva nagar  I cross street & I main road | Depth: >5ft ft | Level: Very High Vulnerability Above 5 Feet,GCC Area Flood Hotspots (Chennai SDSS),GCC-2015-SDSS,https://data.opencity.in/dataset/866141ab-3a3f-4dc0-8092-421d97ba29a2/resource/8e1c5b2d-322c-4dbd-bd64-6da2d1a8681d/download/31523c86-0ad1-42f5-b4d1-297daa4bbcd6.kml,VERIFIED INCIDENT,OFFICIALLY_VERIFIED,HIGH,True,OFFICIAL_HISTORICAL_RECORD
CHN-INC-2041,GCC-2015-SDSS-0288,2015-12-01,Chennai Floods 2015,Sastri street (Part),12.976056,80.22783,177,Ward 177 (Adyar),13,Adyar,waterlogging,critical,>5ft,Very High Vulnerability Above 5 Feet,Sastri street (Part) | Depth: >5ft ft | Level: Very High Vulnerability Above 5 Feet,GCC Area Flood Hotspots (Chennai SDSS),GCC-2015-SDSS,https://data.opencity.in/dataset/866141ab-3a3f-4dc0-8092-421d97ba29a2/resource/8e1c5b2d-322c-4dbd-bd64-6da2d1a8681d/download/31523c86-0ad1-42f5-b4d1-297daa4bbcd6.kml,VERIFIED INCIDENT,OFFICIALLY_VERIFIED,HIGH,True,OFFICIAL_HISTORICAL_RECORD
CHN-INC-2042,GCC-2015-SDSS-0289,2015-12-01,Chennai Floods 2015,Vallalar street - Annai Indra nagar,12.976693,80.22629,177,Ward 177 (Adyar),13,Adyar,waterlogging,critical,>5ft,Very High Vulnerability Above 5 Feet,Vallalar street - Annai Indra nagar | Depth: >5ft ft | Level: Very High Vulnerability Above 5 Feet,GCC Area Flood Hotspots (Chennai SDSS),GCC-2015-SDSS,https://data.opencity.in/dataset/866141ab-3a3f-4dc0-8092-421d97ba29a2/resource/8e1c5b2d-322c-4dbd-bd64-6da2d1a8681d/download/31523c86-0ad1-42f5-b4d1-297daa4bbcd6.kml,VERIFIED INCIDENT,OFFICIALLY_VERIFIED,HIGH,True,OFFICIAL_HISTORICAL_RECORD
CHN-INC-2043,GCC-2015-SDSS-0290,2015-12-01,Chennai Floods 2015,Sivasakthi  street - Annai Indra nagar,12.976121,80.22748,177,Ward 177 (Adyar),13,Adyar,waterlogging,critical,>5ft,Very High Vulnerability Above 5 Feet,Sivasakthi  street - Annai Indra nagar | Depth: >5ft ft | Level: Very High Vulnerability Above 5 Feet,GCC Area Flood Hotspots (Chennai SDSS),GCC-2015-SDSS,https://data.opencity.in/dataset/866141ab-3a3f-4dc0-8092-421d97ba29a2/resource/8e1c5b2d-322c-4dbd-bd64-6da2d1a8681d/download/31523c86-0ad1-42f5-b4d1-297daa4bbcd6.kml,VERIFIED INCIDENT,OFFICIALLY_VERIFIED,HIGH,True,OFFICIAL_HISTORICAL_RECORD
CHN-INC-2044,GCC-2015-SDSS-0291,2015-12-01,Chennai Floods 2015,A.G.S Colony VI street,12.978353,80.210298,176,Ward 176 (Adyar),13,Adyar,waterlogging,medium,<2ft,Low Vulnerability less than 2 feet,A.G.S Colony VI street | Depth: <2ft ft | Level: Low Vulnerability less than 2 feet,GCC Area Flood Hotspots (Chennai SDSS),GCC-2015-SDSS,https://data.opencity.in/dataset/866141ab-3a3f-4dc0-8092-421d97ba29a2/resource/8e1c5b2d-322c-4dbd-bd64-6da2d1a8681d/download/31523c86-0ad1-42f5-b4d1-297daa4bbcd6.kml,VERIFIED INCIDENT,OFFICIALLY_VERIFIED,HIGH,True,OFFICIAL_HISTORICAL_RECORD
CHN-INC-2045,GCC-2015-SDSS-0292,2015-12-01,Chennai Floods 2015,Mahalakshmi nagar III cross street,12.982998,80.20696,175,Ward 175 (Adyar),13,Adyar,waterlogging,medium,<2ft,Low Vulnerability less than 2 feet,Mahalakshmi nagar III cross street | Depth: <2ft ft | Level: Low Vulnerability less than 2 feet,GCC Area Flood Hotspots (Chennai SDSS),GCC-2015-SDSS,https://data.opencity.in/dataset/866141ab-3a3f-4dc0-8092-421d97ba29a2/resource/8e1c5b2d-322c-4dbd-bd64-6da2d1a8681d/download/31523c86-0ad1-42f5-b4d1-297daa4bbcd6.kml,VERIFIED INCIDENT,OFFICIALLY_VERIFIED,HIGH,True,OFFICIAL_HISTORICAL_RECORD
CHN-INC-2046,GCC-2015-SDSS-0293,2015-12-01,Chennai Floods 2015,Mosque street,13.000466,80.209654,172,Ward 172 (Adyar),13,Adyar,waterlogging,medium,<2ft,Low Vulnerability less than 2 feet,Mosque street | Depth: <2ft ft | Level: Low Vulnerability less than 2 feet,GCC Area Flood Hotspots (Chennai SDSS),GCC-2015-SDSS,https://data.opencity.in/dataset/866141ab-3a3f-4dc0-8092-421d97ba29a2/resource/8e1c5b2d-322c-4dbd-bd64-6da2d1a8681d/download/31523c86-0ad1-42f5-b4d1-297daa4bbcd6.kml,VERIFIED INCIDENT,OFFICIALLY_VERIFIED,HIGH,True,OFFICIAL_HISTORICAL_RECORD
CHN-INC-2047,GCC-2015-SDSS-0294,2015-12-01,Chennai Floods 2015,Ambedkar nagar II main road,12.991031,80.208303,175,Ward 175 (Adyar),13,Adyar,waterlogging,medium,<2ft,Low Vulnerability less than 2 feet,Ambedkar nagar II main road | Depth: <2ft ft | Level: Low Vulnerability less than 2 feet,GCC Area Flood Hotspots (Chennai SDSS),GCC-2015-SDSS,https://data.opencity.in/dataset/866141ab-3a3f-4dc0-8092-421d97ba29a2/resource/8e1c5b2d-322c-4dbd-bd64-6da2d1a8681d/download/31523c86-0ad1-42f5-b4d1-297daa4bbcd6.kml,VERIFIED INCIDENT,OFFICIALLY_VERIFIED,HIGH,True,OFFICIAL_HISTORICAL_RECORD
CHN-INC-2048,GCC-2015-SDSS-0295,2015-12-01,Chennai Floods 2015,Ambedkar nagar I cross street,12.992054,80.20959,175,Ward 175 (Adyar),13,Adyar,waterlogging,medium,<2ft,Low Vulnerability less than 2 feet,Ambedkar nagar I cross street | Depth: <2ft ft | Level: Low Vulnerability less than 2 feet,GCC Area Flood Hotspots (Chennai SDSS),GCC-2015-SDSS,https://data.opencity.in/dataset/866141ab-3a3f-4dc0-8092-421d97ba29a2/resource/8e1c5b2d-322c-4dbd-bd64-6da2d1a8681d/download/31523c86-0ad1-42f5-b4d1-297daa4bbcd6.kml,VERIFIED INCIDENT,OFFICIALLY_VERIFIED,HIGH,True,OFFICIAL_HISTORICAL_RECORD
CHN-INC-2049,GCC-2015-SDSS-0296,2015-12-01,Chennai Floods 2015,Neruppumedu,13.018079,80.218942,168,Ward 168 (Adyar),13,Adyar,waterlogging,critical,>5ft,Very High Vulnerability Above 5 Feet,Neruppumedu | Depth: >5ft ft | Level: Very High Vulnerability Above 5 Feet,GCC Area Flood Hotspots (Chennai SDSS),GCC-2015-SDSS,https://data.opencity.in/dataset/866141ab-3a3f-4dc0-8092-421d97ba29a2/resource/8e1c5b2d-322c-4dbd-bd64-6da2d1a8681d/download/31523c86-0ad1-42f5-b4d1-297daa4bbcd6.kml,VERIFIED INCIDENT,OFFICIALLY_VERIFIED,HIGH,True,OFFICIAL_HISTORICAL_RECORD
CHN-INC-2050,GCC-2015-SDSS-0297,2015-12-01,Chennai Floods 2015,Venkateswara nagar III main road,12.979567,80.216718,177,Ward 177 (Adyar),13,Adyar,waterlogging,medium,<2ft,Low Vulnerability less than 2 feet,Venkateswara nagar III main road | Depth: <2ft ft | Level: Low Vulnerability less than 2 feet,GCC Area Flood Hotspots (Chennai SDSS),GCC-2015-SDSS,https://data.opencity.in/dataset/866141ab-3a3f-4dc0-8092-421d97ba29a2/resource/8e1c5b2d-322c-4dbd-bd64-6da2d1a8681d/download/31523c86-0ad1-42f5-b4d1-297daa4bbcd6.kml,VERIFIED INCIDENT,OFFICIALLY_VERIFIED,HIGH,True,OFFICIAL_HISTORICAL_RECORD
CHN-INC-2051,GCC-2015-SDSS-0298,2015-12-01,Chennai Floods 2015,Vinayagapuram,13.020153,80.213331,168,Ward 168 (Adyar),13,Adyar,waterlogging,critical,>5ft,Very High Vulnerability Above 5 Feet,Vinayagapuram | Depth: >5ft ft | Level: Very High Vulnerability Above 5 Feet,GCC Area Flood Hotspots (Chennai SDSS),GCC-2015-SDSS,https://data.opencity.in/dataset/866141ab-3a3f-4dc0-8092-421d97ba29a2/resource/8e1c5b2d-322c-4dbd-bd64-6da2d1a8681d/download/31523c86-0ad1-42f5-b4d1-297daa4bbcd6.kml,VERIFIED INCIDENT,OFFICIALLY_VERIFIED,HIGH,True,OFFICIAL_HISTORICAL_RECORD
CHN-INC-2052,GCC-2015-SDSS-0299,2015-12-01,Chennai Floods 2015,C.S.I.R road,12.986308,80.246739,178,Ward 178 (Adyar),13,Adyar,waterlogging,medium,<2ft,Low Vulnerability less than 2 feet,C.S.I.R road | Depth: <2ft ft | Level: Low Vulnerability less than 2 feet,GCC Area Flood Hotspots (Chennai SDSS),GCC-2015-SDSS,https://data.opencity.in/dataset/866141ab-3a3f-4dc0-8092-421d97ba29a2/resource/8e1c5b2d-322c-4dbd-bd64-6da2d1a8681d/download/31523c86-0ad1-42f5-b4d1-297daa4bbcd6.kml,VERIFIED INCIDENT,OFFICIALLY_VERIFIED,HIGH,True,OFFICIAL_HISTORICAL_RECORD
CHN-INC-2053,GCC-2015-SDSS-0300,2015-12-01,Chennai Floods 2015,Nehru nagar -  Anbil Dharmalingam street,12.993339,80.216451,172,Ward 172 (Adyar),13,Adyar,waterlogging,high,3 to 5 ft,High Vulnerability 3 to 5 Feet,Nehru nagar -  Anbil Dharmalingam street | Depth: 3 to 5 ft ft | Level: High Vulnerability 3 to 5 Feet,GCC Area Flood Hotspots (Chennai SDSS),GCC-2015-SDSS,https://data.opencity.in/dataset/866141ab-3a3f-4dc0-8092-421d97ba29a2/resource/8e1c5b2d-322c-4dbd-bd64-6da2d1a8681d/download/31523c86-0ad1-42f5-b4d1-297daa4bbcd6.kml,VERIFIED INCIDENT,OFFICIALLY_VERIFIED,HIGH,True,OFFICIAL_HISTORICAL_RECORD
CHN-INC-2054,GCC-2015-SDSS-0301,2015-12-01,Chennai Floods 2015,Kamarajar street - Nehru nagar,12.994612,80.212666,175,Ward 175 (Adyar),13,Adyar,waterlogging,medium,<2ft,Low Vulnerability less than 2 feet,Kamarajar street - Nehru nagar | Depth: <2ft ft | Level: Low Vulnerability less than 2 feet,GCC Area Flood Hotspots (Chennai SDSS),GCC-2015-SDSS,https://data.opencity.in/dataset/866141ab-3a3f-4dc0-8092-421d97ba29a2/resource/8e1c5b2d-322c-4dbd-bd64-6da2d1a8681d/download/31523c86-0ad1-42f5-b4d1-297daa4bbcd6.kml,VERIFIED INCIDENT,OFFICIALLY_VERIFIED,HIGH,True,OFFICIAL_HISTORICAL_RECORD
CHN-INC-2055,GCC-2015-SDSS-0302,2015-12-01,Chennai Floods 2015,Kasthuri avenue,13.018203,80.271121,171,Ward 171 (Adyar),13,Adyar,waterlogging,high,3 to 5 ft,High Vulnerability 3 to 5 Feet,Kasthuri avenue | Depth: 3 to 5 ft ft | Level: High Vulnerability 3 to 5 Feet,GCC Area Flood Hotspots (Chennai SDSS),GCC-2015-SDSS,https://data.opencity.in/dataset/866141ab-3a3f-4dc0-8092-421d97ba29a2/resource/8e1c5b2d-322c-4dbd-bd64-6da2d1a8681d/download/31523c86-0ad1-42f5-b4d1-297daa4bbcd6.kml,VERIFIED INCIDENT,OFFICIALLY_VERIFIED,HIGH,True,OFFICIAL_HISTORICAL_RECORD
CHN-INC-2056,GCC-2015-SDSS-0303,2015-12-01,Chennai Floods 2015,Vasantha avenue,13.018751,80.271392,171,Ward 171 (Adyar),13,Adyar,waterlogging,high,3 to 5 ft,High Vulnerability 3 to 5 Feet,Vasantha avenue | Depth: 3 to 5 ft ft | Level: High Vulnerability 3 to 5 Feet,GCC Area Flood Hotspots (Chennai SDSS),GCC-2015-SDSS,https://data.opencity.in/dataset/866141ab-3a3f-4dc0-8092-421d97ba29a2/resource/8e1c5b2d-322c-4dbd-bd64-6da2d1a8681d/download/31523c86-0ad1-42f5-b4d1-297daa4bbcd6.kml,VERIFIED INCIDENT,OFFICIALLY_VERIFIED,HIGH,True,OFFICIAL_HISTORICAL_RECORD
CHN-INC-2057,GCC-2015-SDSS-0304,2015-12-01,Chennai Floods 2015,Srinivasa avenue,13.022007,80.261211,171,Ward 171 (Adyar),13,Adyar,waterlogging,high,3 to 5 ft,High Vulnerability 3 to 5 Feet,Srinivasa avenue | Depth: 3 to 5 ft ft | Level: High Vulnerability 3 to 5 Feet,GCC Area Flood Hotspots (Chennai SDSS),GCC-2015-SDSS,https://data.opencity.in/dataset/866141ab-3a3f-4dc0-8092-421d97ba29a2/resource/8e1c5b2d-322c-4dbd-bd64-6da2d1a8681d/download/31523c86-0ad1-42f5-b4d1-297daa4bbcd6.kml,VERIFIED INCIDENT,OFFICIALLY_VERIFIED,HIGH,True,OFFICIAL_HISTORICAL_RECORD
CHN-INC-2058,GCC-2015-SDSS-0305,2015-12-01,Chennai Floods 2015,R.A Puram IV cross street,13.023122,80.260454,171,Ward 171 (Adyar),13,Adyar,waterlogging,high,3 to 5 ft,High Vulnerability 3 to 5 Feet,R.A Puram IV cross street | Depth: 3 to 5 ft ft | Level: High Vulnerability 3 to 5 Feet,GCC Area Flood Hotspots (Chennai SDSS),GCC-2015-SDSS,https://data.opencity.in/dataset/866141ab-3a3f-4dc0-8092-421d97ba29a2/resource/8e1c5b2d-322c-4dbd-bd64-6da2d1a8681d/download/31523c86-0ad1-42f5-b4d1-297daa4bbcd6.kml,VERIFIED INCIDENT,OFFICIALLY_VERIFIED,HIGH,True,OFFICIAL_HISTORICAL_RECORD
CHN-INC-2059,GCC-2015-SDSS-0306,2015-12-01,Chennai Floods 2015,Valleswaranthottam,13.023507,80.260175,171,Ward 171 (Adyar),13,Adyar,waterlogging,high,3 to 5 ft,High Vulnerability 3 to 5 Feet,Valleswaranthottam | Depth: 3 to 5 ft ft | Level: High Vulnerability 3 to 5 Feet,GCC Area Flood Hotspots (Chennai SDSS),GCC-2015-SDSS,https://data.opencity.in/dataset/866141ab-3a3f-4dc0-8092-421d97ba29a2/resource/8e1c5b2d-322c-4dbd-bd64-6da2d1a8681d/download/31523c86-0ad1-42f5-b4d1-297daa4bbcd6.kml,VERIFIED INCIDENT,OFFICIALLY_VERIFIED,HIGH,True,OFFICIAL_HISTORICAL_RECORD
CHN-INC-2060,GCC-2015-SDSS-0307,2015-12-01,Chennai Floods 2015,Chetti thottam,13.01807,80.217738,168,Ward 168 (Adyar),13,Adyar,waterlogging,critical,>5ft,Very High Vulnerability Above 5 Feet,Chetti thottam | Depth: >5ft ft | Level: Very High Vulnerability Above 5 Feet,GCC Area Flood Hotspots (Chennai SDSS),GCC-2015-SDSS,https://data.opencity.in/dataset/866141ab-3a3f-4dc0-8092-421d97ba29a2/resource/8e1c5b2d-322c-4dbd-bd64-6da2d1a8681d/download/31523c86-0ad1-42f5-b4d1-297daa4bbcd6.kml,VERIFIED INCIDENT,OFFICIALLY_VERIFIED,HIGH,True,OFFICIAL_HISTORICAL_RECORD
CHN-INC-2061,GCC-2015-SDSS-0308,2015-12-01,Chennai Floods 2015,Anusuyamandapam,13.016312,80.225187,168,Ward 168 (Adyar),13,Adyar,waterlogging,critical,>5ft,Very High Vulnerability Above 5 Feet,Anusuyamandapam | Depth: >5ft ft | Level: Very High Vulnerability Above 5 Feet,GCC Area Flood Hotspots (Chennai SDSS),GCC-2015-SDSS,https://data.opencity.in/dataset/866141ab-3a3f-4dc0-8092-421d97ba29a2/resource/8e1c5b2d-322c-4dbd-bd64-6da2d1a8681d/download/31523c86-0ad1-42f5-b4d1-297daa4bbcd6.kml,VERIFIED INCIDENT,OFFICIALLY_VERIFIED,HIGH,True,OFFICIAL_HISTORICAL_RECORD
CHN-INC-2062,GCC-2015-SDSS-0309,2015-12-01,Chennai Floods 2015,Velachery main road,13.000206,80.219929,172,Ward 172 (Adyar),13,Adyar,waterlogging,high,3 to 5 ft,High Vulnerability 3 to 5 Feet,Velachery main road | Depth: 3 to 5 ft ft | Level: High Vulnerability 3 to 5 Feet,GCC Area Flood Hotspots (Chennai SDSS),GCC-2015-SDSS,https://data.opencity.in/dataset/866141ab-3a3f-4dc0-8092-421d97ba29a2/resource/8e1c5b2d-322c-4dbd-bd64-6da2d1a8681d/download/31523c86-0ad1-42f5-b4d1-297daa4bbcd6.kml,VERIFIED INCIDENT,OFFICIALLY_VERIFIED,HIGH,True,OFFICIAL_HISTORICAL_RECORD
CHN-INC-2063,GCC-2015-SDSS-0310,2015-12-01,Chennai Floods 2015,Sarathy nagar,12.975361,80.22206,177,Ward 177 (Adyar),13,Adyar,waterlogging,critical,>5ft,Very High Vulnerability Above 5 Feet,Sarathy nagar | Depth: >5ft ft | Level: Very High Vulnerability Above 5 Feet,GCC Area Flood Hotspots (Chennai SDSS),GCC-2015-SDSS,https://data.opencity.in/dataset/866141ab-3a3f-4dc0-8092-421d97ba29a2/resource/8e1c5b2d-322c-4dbd-bd64-6da2d1a8681d/download/31523c86-0ad1-42f5-b4d1-297daa4bbcd6.kml,VERIFIED INCIDENT,OFFICIALLY_VERIFIED,HIGH,True,OFFICIAL_HISTORICAL_RECORD
CHN-INC-2064,GCC-2015-SDSS-0311,2015-12-01,Chennai Floods 2015,ASK Nagar,12.992661,80.207729,175,Ward 175 (Adyar),13,Adyar,waterlogging,medium,<2ft,Low Vulnerability less than 2 feet,ASK Nagar | Depth: <2ft ft | Level: Low Vulnerability less than 2 feet,GCC Area Flood Hotspots (Chennai SDSS),GCC-2015-SDSS,https://data.opencity.in/dataset/866141ab-3a3f-4dc0-8092-421d97ba29a2/resource/8e1c5b2d-322c-4dbd-bd64-6da2d1a8681d/download/31523c86-0ad1-42f5-b4d1-297daa4bbcd6.kml,VERIFIED INCIDENT,OFFICIALLY_VERIFIED,HIGH,True,OFFICIAL_HISTORICAL_RECORD
CHN-INC-2065,GCC-2015-SDSS-0312,2015-12-01,Chennai Floods 2015,Brindavan nagar II street,12.982915,80.209685,176,Ward 176 (Adyar),13,Adyar,waterlogging,high,3 to 5 ft,High Vulnerability 3 to 5 Feet,Brindavan nagar II street | Depth: 3 to 5 ft ft | Level: High Vulnerability 3 to 5 Feet,GCC Area Flood Hotspots (Chennai SDSS),GCC-2015-SDSS,https://data.opencity.in/dataset/866141ab-3a3f-4dc0-8092-421d97ba29a2/resource/8e1c5b2d-322c-4dbd-bd64-6da2d1a8681d/download/31523c86-0ad1-42f5-b4d1-297daa4bbcd6.kml,VERIFIED INCIDENT,OFFICIALLY_VERIFIED,HIGH,True,OFFICIAL_HISTORICAL_RECORD
CHN-INC-2066,GCC-2015-SDSS-0313,2015-12-01,Chennai Floods 2015,Ex Service man colony,12.992865,80.208972,175,Ward 175 (Adyar),13,Adyar,waterlogging,medium,<2ft,Low Vulnerability less than 2 feet,Ex Service man colony | Depth: <2ft ft | Level: Low Vulnerability less than 2 feet,GCC Area Flood Hotspots (Chennai SDSS),GCC-2015-SDSS,https://data.opencity.in/dataset/866141ab-3a3f-4dc0-8092-421d97ba29a2/resource/8e1c5b2d-322c-4dbd-bd64-6da2d1a8681d/download/31523c86-0ad1-42f5-b4d1-297daa4bbcd6.kml,VERIFIED INCIDENT,OFFICIALLY_VERIFIED,HIGH,True,OFFICIAL_HISTORICAL_RECORD
CHN-INC-2067,GCC-2015-SDSS-0314,2015-12-01,Chennai Floods 2015,Kamatchiamman street - Annai Indra nagar,12.975731,80.227466,177,Ward 177 (Adyar),13,Adyar,waterlogging,critical,>5ft,Very High Vulnerability Above 5 Feet,Kamatchiamman street - Annai Indra nagar | Depth: >5ft ft | Level: Very High Vulnerability Above 5 Feet,GCC Area Flood Hotspots (Chennai SDSS),GCC-2015-SDSS,https://data.opencity.in/dataset/866141ab-3a3f-4dc0-8092-421d97ba29a2/resource/8e1c5b2d-322c-4dbd-bd64-6da2d1a8681d/download/31523c86-0ad1-42f5-b4d1-297daa4bbcd6.kml,VERIFIED INCIDENT,OFFICIALLY_VERIFIED,HIGH,True,OFFICIAL_HISTORICAL_RECORD
CHN-INC-2068,GCC-2015-SDSS-0315,2015-12-01,Chennai Floods 2015,"Construction of SWD of size 600x750mm along Kumaraguru Avenue , Neelankarai",12.950731,80.25392,192,Ward 192 (Sholinganallur),15,Sholinganallur,waterlogging,medium,<2ft,Low Vulnerability less than 2 feet,"Construction of SWD of size 600x750mm along Kumaraguru Avenue , Neelankarai | Depth: <2ft ft | Level: Low Vulnerability less than 2 feet",GCC Area Flood Hotspots (Chennai SDSS),GCC-2015-SDSS,https://data.opencity.in/dataset/866141ab-3a3f-4dc0-8092-421d97ba29a2/resource/8e1c5b2d-322c-4dbd-bd64-6da2d1a8681d/download/31523c86-0ad1-42f5-b4d1-297daa4bbcd6.kml,VERIFIED INCIDENT,OFFICIALLY_VERIFIED,HIGH,True,OFFICIAL_HISTORICAL_RECORD
CHN-INC-2069,GCC-2015-SDSS-0316,2015-12-01,Chennai Floods 2015,"Construction of SWD of size 1200x1200mm along Pandian Salai, Neelankarai",12.949659,80.251715,192,Ward 192 (Sholinganallur),15,Sholinganallur,waterlogging,medium,<2ft,Low Vulnerability less than 2 feet,"Construction of SWD of size 1200x1200mm along Pandian Salai, Neelankarai | Depth: <2ft ft | Level: Low Vulnerability less than 2 feet",GCC Area Flood Hotspots (Chennai SDSS),GCC-2015-SDSS,https://data.opencity.in/dataset/866141ab-3a3f-4dc0-8092-421d97ba29a2/resource/8e1c5b2d-322c-4dbd-bd64-6da2d1a8681d/download/31523c86-0ad1-42f5-b4d1-297daa4bbcd6.kml,VERIFIED INCIDENT,OFFICIALLY_VERIFIED,HIGH,True,OFFICIAL_HISTORICAL_RECORD
CHN-INC-2070,GCC-2015-SDSS-0317,2015-12-01,Chennai Floods 2015,"Construction of storm water drain along Ist Avenue Main Road, Vettuvankeni",12.936401,80.251501,194,Ward 194 (Sholinganallur),15,Sholinganallur,waterlogging,medium,<2ft,Low Vulnerability less than 2 feet,"Construction of storm water drain along Ist Avenue Main Road, Vettuvankeni | Depth: <2ft ft | Level: Low Vulnerability less than 2 feet",GCC Area Flood Hotspots (Chennai SDSS),GCC-2015-SDSS,https://data.opencity.in/dataset/866141ab-3a3f-4dc0-8092-421d97ba29a2/resource/8e1c5b2d-322c-4dbd-bd64-6da2d1a8681d/download/31523c86-0ad1-42f5-b4d1-297daa4bbcd6.kml,VERIFIED INCIDENT,OFFICIALLY_VERIFIED,HIGH,True,OFFICIAL_HISTORICAL_RECORD
CHN-INC-2071,GCC-2015-SDSS-0318,2015-12-01,Chennai Floods 2015,"Construction of SWD of size 900x900mm along Karpaga Vinayagar Koil Street, Vettuvankeni",12.946324,80.237017,193,Ward 193 (Sholinganallur),15,Sholinganallur,waterlogging,medium,<2ft,Low Vulnerability less than 2 feet,"Construction of SWD of size 900x900mm along Karpaga Vinayagar Koil Street, Vettuvankeni | Depth: <2ft ft | Level: Low Vulnerability less than 2 feet",GCC Area Flood Hotspots (Chennai SDSS),GCC-2015-SDSS,https://data.opencity.in/dataset/866141ab-3a3f-4dc0-8092-421d97ba29a2/resource/8e1c5b2d-322c-4dbd-bd64-6da2d1a8681d/download/31523c86-0ad1-42f5-b4d1-297daa4bbcd6.kml,VERIFIED INCIDENT,OFFICIALLY_VERIFIED,HIGH,True,OFFICIAL_HISTORICAL_RECORD
CHN-INC-2072,GCC-2015-SDSS-0319,2015-12-01,Chennai Floods 2015,TNHB Colony - EWS lanes,12.992272,80.213217,175,Ward 175 (Adyar),13,Adyar,waterlogging,medium,<2ft,Low Vulnerability less than 2 feet,TNHB Colony - EWS lanes | Depth: <2ft ft | Level: Low Vulnerability less than 2 feet,GCC Area Flood Hotspots (Chennai SDSS),GCC-2015-SDSS,https://data.opencity.in/dataset/866141ab-3a3f-4dc0-8092-421d97ba29a2/resource/8e1c5b2d-322c-4dbd-bd64-6da2d1a8681d/download/31523c86-0ad1-42f5-b4d1-297daa4bbcd6.kml,VERIFIED INCIDENT,OFFICIALLY_VERIFIED,HIGH,True,OFFICIAL_HISTORICAL_RECORD
CHN-INC-2073,GCC-2015-SDSS-0320,2015-12-01,Chennai Floods 2015,Puzhuthivakkam Bust Stand,12.974078,80.202794,186,Ward 186 (Perungudi),14,Perungudi,waterlogging,medium,<2ft,Low Vulnerability less than 2 feet,Puzhuthivakkam Bust Stand | Depth: <2ft ft | Level: Low Vulnerability less than 2 feet,GCC Area Flood Hotspots (Chennai SDSS),GCC-2015-SDSS,https://data.opencity.in/dataset/866141ab-3a3f-4dc0-8092-421d97ba29a2/resource/8e1c5b2d-322c-4dbd-bd64-6da2d1a8681d/download/31523c86-0ad1-42f5-b4d1-297daa4bbcd6.kml,VERIFIED INCIDENT,OFFICIALLY_VERIFIED,HIGH,True,OFFICIAL_HISTORICAL_RECORD
CHN-INC-2074,GCC-2015-SDSS-0321,2015-12-01,Chennai Floods 2015,"ECR, Near BATA Showroom",12.974057,80.258504,181,Ward 181 (Perungudi),14,Perungudi,waterlogging,medium,<2ft,Low Vulnerability less than 2 feet,"ECR, Near BATA Showroom | Depth: <2ft ft | Level: Low Vulnerability less than 2 feet",GCC Area Flood Hotspots (Chennai SDSS),GCC-2015-SDSS,https://data.opencity.in/dataset/866141ab-3a3f-4dc0-8092-421d97ba29a2/resource/8e1c5b2d-322c-4dbd-bd64-6da2d1a8681d/download/31523c86-0ad1-42f5-b4d1-297daa4bbcd6.kml,VERIFIED INCIDENT,OFFICIALLY_VERIFIED,HIGH,True,OFFICIAL_HISTORICAL_RECORD
CHN-INC-2075,GCC-2015-SDSS-0322,2015-12-01,Chennai Floods 2015,Madipakkam Bus Stand,12.963053,80.198447,188,Ward 188 (Perungudi),14,Perungudi,waterlogging,medium,<2ft,Low Vulnerability less than 2 feet,Madipakkam Bus Stand | Depth: <2ft ft | Level: Low Vulnerability less than 2 feet,GCC Area Flood Hotspots (Chennai SDSS),GCC-2015-SDSS,https://data.opencity.in/dataset/866141ab-3a3f-4dc0-8092-421d97ba29a2/resource/8e1c5b2d-322c-4dbd-bd64-6da2d1a8681d/download/31523c86-0ad1-42f5-b4d1-297daa4bbcd6.kml,VERIFIED INCIDENT,OFFICIALLY_VERIFIED,HIGH,True,OFFICIAL_HISTORICAL_RECORD
CHN-INC-2076,GCC-2015-SDSS-0323,2015-12-01,Chennai Floods 2015,"OMR, Jn. of Thirumalai Nagar",12.959355,80.244522,184,Ward 184 (Perungudi),14,Perungudi,waterlogging,medium,<2ft,Low Vulnerability less than 2 feet,"OMR, Jn. of Thirumalai Nagar | Depth: <2ft ft | Level: Low Vulnerability less than 2 feet",GCC Area Flood Hotspots (Chennai SDSS),GCC-2015-SDSS,https://data.opencity.in/dataset/866141ab-3a3f-4dc0-8092-421d97ba29a2/resource/8e1c5b2d-322c-4dbd-bd64-6da2d1a8681d/download/31523c86-0ad1-42f5-b4d1-297daa4bbcd6.kml,VERIFIED INCIDENT,OFFICIALLY_VERIFIED,HIGH,True,OFFICIAL_HISTORICAL_RECORD
CHN-INC-2077,GCC-2015-SDSS-0324,2015-12-01,Chennai Floods 2015,"ECR, Govindan Nagar",12.95861,80.251823,183,Ward 183 (Perungudi),14,Perungudi,waterlogging,medium,<2ft,Low Vulnerability less than 2 feet,"ECR, Govindan Nagar | Depth: <2ft ft | Level: Low Vulnerability less than 2 feet",GCC Area Flood Hotspots (Chennai SDSS),GCC-2015-SDSS,https://data.opencity.in/dataset/866141ab-3a3f-4dc0-8092-421d97ba29a2/resource/8e1c5b2d-322c-4dbd-bd64-6da2d1a8681d/download/31523c86-0ad1-42f5-b4d1-297daa4bbcd6.kml,VERIFIED INCIDENT,OFFICIALLY_VERIFIED,HIGH,True,OFFICIAL_HISTORICAL_RECORD
CHN-INC-2078,GCC-2015-SDSS-0325,2015-12-01,Chennai Floods 2015,"OMR, MGR Salai Jn.",12.964047,80.246866,182,Ward 182 (Perungudi),14,Perungudi,waterlogging,medium,<2ft,Low Vulnerability less than 2 feet,"OMR, MGR Salai Jn. | Depth: <2ft ft | Level: Low Vulnerability less than 2 feet",GCC Area Flood Hotspots (Chennai SDSS),GCC-2015-SDSS,https://data.opencity.in/dataset/866141ab-3a3f-4dc0-8092-421d97ba29a2/resource/8e1c5b2d-322c-4dbd-bd64-6da2d1a8681d/download/31523c86-0ad1-42f5-b4d1-297daa4bbcd6.kml,VERIFIED INCIDENT,OFFICIALLY_VERIFIED,HIGH,True,OFFICIAL_HISTORICAL_RECORD
CHN-INC-2079,GCC-2015-SDSS-0326,2015-12-01,Chennai Floods 2015,"ECR, Palgalai Nagar",12.963874,80.261543,183,Ward 183 (Perungudi),14,Perungudi,waterlogging,medium,<2ft,Low Vulnerability less than 2 feet,"ECR, Palgalai Nagar | Depth: <2ft ft | Level: Low Vulnerability less than 2 feet",GCC Area Flood Hotspots (Chennai SDSS),GCC-2015-SDSS,https://data.opencity.in/dataset/866141ab-3a3f-4dc0-8092-421d97ba29a2/resource/8e1c5b2d-322c-4dbd-bd64-6da2d1a8681d/download/31523c86-0ad1-42f5-b4d1-297daa4bbcd6.kml,VERIFIED INCIDENT,OFFICIALLY_VERIFIED,HIGH,True,OFFICIAL_HISTORICAL_RECORD
CHN-INC-2080,GCC-2015-SDSS-0327,2015-12-01,Chennai Floods 2015,ECR Opp. Fish market,12.969486,80.257485,181,Ward 181 (Perungudi),14,Perungudi,waterlogging,medium,<2ft,Low Vulnerability less than 2 feet,ECR Opp. Fish market | Depth: <2ft ft | Level: Low Vulnerability less than 2 feet,GCC Area Flood Hotspots (Chennai SDSS),GCC-2015-SDSS,https://data.opencity.in/dataset/866141ab-3a3f-4dc0-8092-421d97ba29a2/resource/8e1c5b2d-322c-4dbd-bd64-6da2d1a8681d/download/31523c86-0ad1-42f5-b4d1-297daa4bbcd6.kml,VERIFIED INCIDENT,OFFICIALLY_VERIFIED,HIGH,True,OFFICIAL_HISTORICAL_RECORD
CHN-INC-2081,CHN-2015-DEPTH-0001,2015-12-02,Chennai Floods 2015,Chennai Floods 2015 Waterlogging Point,12.998905,80.207447,161,Ward 161 (Alandur),12,Alandur,waterlogging,critical,7,Data Unavailable,Chennai Floods 2015 Waterlogging Point | completely  inundated  with flood water | Depth: 7 ft,Chennai Inundation Points with Measured Depth,CHN-2015-DEPTH,https://data.opencity.in/dataset/022dd080-e927-40d7-897d-adf3ee98ad69/resource/ceddf53f-03c0-4866-8ba8-5e84c8007a85/download/814ca028-4c84-4bd0-aa67-6dbaeb9b6ba5.kml,VERIFIED INCIDENT,OFFICIALLY_VERIFIED,HIGH,True,OFFICIAL_HISTORICAL_RECORD
CHN-INC-2082,CHN-2015-DEPTH-0002,2015-12-02,Chennai Floods 2015,Chennai Floods 2015 Waterlogging Point,12.99926,80.207522,161,Ward 161 (Alandur),12,Alandur,waterlogging,critical,6.5,Data Unavailable,Chennai Floods 2015 Waterlogging Point | partially flooded | Depth: 6.5 ft,Chennai Inundation Points with Measured Depth,CHN-2015-DEPTH,https://data.opencity.in/dataset/022dd080-e927-40d7-897d-adf3ee98ad69/resource/ceddf53f-03c0-4866-8ba8-5e84c8007a85/download/814ca028-4c84-4bd0-aa67-6dbaeb9b6ba5.kml,VERIFIED INCIDENT,OFFICIALLY_VERIFIED,HIGH,True,OFFICIAL_HISTORICAL_RECORD
CHN-INC-2083,CHN-2015-DEPTH-0003,2015-12-02,Chennai Floods 2015,Chennai Floods 2015 Waterlogging Point,13.002546,80.208781,160,Ward 160 (Alandur),12,Alandur,waterlogging,critical,6,Data Unavailable,Chennai Floods 2015 Waterlogging Point | partially flooded | Depth: 6 ft,Chennai Inundation Points with Measured Depth,CHN-2015-DEPTH,https://data.opencity.in/dataset/022dd080-e927-40d7-897d-adf3ee98ad69/resource/ceddf53f-03c0-4866-8ba8-5e84c8007a85/download/814ca028-4c84-4bd0-aa67-6dbaeb9b6ba5.kml,VERIFIED INCIDENT,OFFICIALLY_VERIFIED,HIGH,True,OFFICIAL_HISTORICAL_RECORD
CHN-INC-2084,CHN-2015-DEPTH-0004,2015-12-02,Chennai Floods 2015,Chennai Floods 2015 Waterlogging Point,12.99995,80.207727,172,Ward 172 (Adyar),13,Adyar,waterlogging,critical,6.5,Data Unavailable,Chennai Floods 2015 Waterlogging Point | partially flooded | Depth: 6.5 ft,Chennai Inundation Points with Measured Depth,CHN-2015-DEPTH,https://data.opencity.in/dataset/022dd080-e927-40d7-897d-adf3ee98ad69/resource/ceddf53f-03c0-4866-8ba8-5e84c8007a85/download/814ca028-4c84-4bd0-aa67-6dbaeb9b6ba5.kml,VERIFIED INCIDENT,OFFICIALLY_VERIFIED,HIGH,True,OFFICIAL_HISTORICAL_RECORD
CHN-INC-2085,CHN-2015-DEPTH-0005,2015-12-02,Chennai Floods 2015,Chennai Floods 2015 Waterlogging Point,12.978396,80.204198,165,Ward 165 (Alandur),12,Alandur,waterlogging,critical,6.5,Data Unavailable,Chennai Floods 2015 Waterlogging Point | partially  inundated one side of the road | Depth: 6.5 ft,Chennai Inundation Points with Measured Depth,CHN-2015-DEPTH,https://data.opencity.in/dataset/022dd080-e927-40d7-897d-adf3ee98ad69/resource/ceddf53f-03c0-4866-8ba8-5e84c8007a85/download/814ca028-4c84-4bd0-aa67-6dbaeb9b6ba5.kml,VERIFIED INCIDENT,OFFICIALLY_VERIFIED,HIGH,True,OFFICIAL_HISTORICAL_RECORD
CHN-INC-2086,CHN-2015-DEPTH-0006,2015-12-02,Chennai Floods 2015,Chennai Floods 2015 Waterlogging Point,12.973235,80.210743,165,Ward 165 (Alandur),12,Alandur,waterlogging,critical,5.5,Data Unavailable,Chennai Floods 2015 Waterlogging Point | partially flooded one side of the road | Depth: 5.5 ft,Chennai Inundation Points with Measured Depth,CHN-2015-DEPTH,https://data.opencity.in/dataset/022dd080-e927-40d7-897d-adf3ee98ad69/resource/ceddf53f-03c0-4866-8ba8-5e84c8007a85/download/814ca028-4c84-4bd0-aa67-6dbaeb9b6ba5.kml,VERIFIED INCIDENT,OFFICIALLY_VERIFIED,HIGH,True,OFFICIAL_HISTORICAL_RECORD
CHN-INC-2087,CHN-2015-DEPTH-0007,2015-12-02,Chennai Floods 2015,Chennai Floods 2015 Waterlogging Point,12.961376,80.215175,188,Ward 188 (Perungudi),14,Perungudi,waterlogging,critical,7,Data Unavailable,Chennai Floods 2015 Waterlogging Point | partially inundated on sides of the road | Depth: 7 ft,Chennai Inundation Points with Measured Depth,CHN-2015-DEPTH,https://data.opencity.in/dataset/022dd080-e927-40d7-897d-adf3ee98ad69/resource/ceddf53f-03c0-4866-8ba8-5e84c8007a85/download/814ca028-4c84-4bd0-aa67-6dbaeb9b6ba5.kml,VERIFIED INCIDENT,OFFICIALLY_VERIFIED,HIGH,True,OFFICIAL_HISTORICAL_RECORD
CHN-INC-2088,CHN-2015-DEPTH-0008,2015-12-02,Chennai Floods 2015,Chennai Floods 2015 Waterlogging Point,12.957362,80.21356,188,Ward 188 (Perungudi),14,Perungudi,waterlogging,critical,6.5,Data Unavailable,Chennai Floods 2015 Waterlogging Point | partially inundated on the side of the road | Depth: 6.5 ft,Chennai Inundation Points with Measured Depth,CHN-2015-DEPTH,https://data.opencity.in/dataset/022dd080-e927-40d7-897d-adf3ee98ad69/resource/ceddf53f-03c0-4866-8ba8-5e84c8007a85/download/814ca028-4c84-4bd0-aa67-6dbaeb9b6ba5.kml,VERIFIED INCIDENT,OFFICIALLY_VERIFIED,HIGH,True,OFFICIAL_HISTORICAL_RECORD
CHN-INC-2089,CHN-2015-DEPTH-0009,2015-12-02,Chennai Floods 2015,Chennai Floods 2015 Waterlogging Point,12.972561,80.219466,176,Ward 176 (Adyar),13,Adyar,waterlogging,critical,6,Data Unavailable,Chennai Floods 2015 Waterlogging Point | partially inundated on the road | Depth: 6 ft,Chennai Inundation Points with Measured Depth,CHN-2015-DEPTH,https://data.opencity.in/dataset/022dd080-e927-40d7-897d-adf3ee98ad69/resource/ceddf53f-03c0-4866-8ba8-5e84c8007a85/download/814ca028-4c84-4bd0-aa67-6dbaeb9b6ba5.kml,VERIFIED INCIDENT,OFFICIALLY_VERIFIED,HIGH,True,OFFICIAL_HISTORICAL_RECORD
CHN-INC-2090,CHN-2015-DEPTH-0010,2015-12-02,Chennai Floods 2015,Chennai Floods 2015 Waterlogging Point,12.972705,80.219505,176,Ward 176 (Adyar),13,Adyar,waterlogging,critical,6,Data Unavailable,Chennai Floods 2015 Waterlogging Point | partially inundated on the road | Depth: 6 ft,Chennai Inundation Points with Measured Depth,CHN-2015-DEPTH,https://data.opencity.in/dataset/022dd080-e927-40d7-897d-adf3ee98ad69/resource/ceddf53f-03c0-4866-8ba8-5e84c8007a85/download/814ca028-4c84-4bd0-aa67-6dbaeb9b6ba5.kml,VERIFIED INCIDENT,OFFICIALLY_VERIFIED,HIGH,True,OFFICIAL_HISTORICAL_RECORD
CHN-INC-2091,CHN-2015-DEPTH-0011,2015-12-02,Chennai Floods 2015,Chennai Floods 2015 Waterlogging Point,12.973793,80.218661,176,Ward 176 (Adyar),13,Adyar,waterlogging,critical,6,Data Unavailable,Chennai Floods 2015 Waterlogging Point | partially inundated on the road | Depth: 6 ft,Chennai Inundation Points with Measured Depth,CHN-2015-DEPTH,https://data.opencity.in/dataset/022dd080-e927-40d7-897d-adf3ee98ad69/resource/ceddf53f-03c0-4866-8ba8-5e84c8007a85/download/814ca028-4c84-4bd0-aa67-6dbaeb9b6ba5.kml,VERIFIED INCIDENT,OFFICIALLY_VERIFIED,HIGH,True,OFFICIAL_HISTORICAL_RECORD
CHN-INC-2092,CHN-2015-DEPTH-0012,2015-12-02,Chennai Floods 2015,Chennai Floods 2015 Waterlogging Point,12.97548,80.220723,177,Ward 177 (Adyar),13,Adyar,waterlogging,critical,6.5,Data Unavailable,Chennai Floods 2015 Waterlogging Point | partially inundated on the road | Depth: 6.5 ft,Chennai Inundation Points with Measured Depth,CHN-2015-DEPTH,https://data.opencity.in/dataset/022dd080-e927-40d7-897d-adf3ee98ad69/resource/ceddf53f-03c0-4866-8ba8-5e84c8007a85/download/814ca028-4c84-4bd0-aa67-6dbaeb9b6ba5.kml,VERIFIED INCIDENT,OFFICIALLY_VERIFIED,HIGH,True,OFFICIAL_HISTORICAL_RECORD
CHN-INC-2093,CHN-2015-DEPTH-0013,2015-12-02,Chennai Floods 2015,Chennai Floods 2015 Waterlogging Point,12.975557,80.220769,177,Ward 177 (Adyar),13,Adyar,waterlogging,critical,6,Data Unavailable,Chennai Floods 2015 Waterlogging Point | partially inundated on the road side | Depth: 6 ft,Chennai Inundation Points with Measured Depth,CHN-2015-DEPTH,https://data.opencity.in/dataset/022dd080-e927-40d7-897d-adf3ee98ad69/resource/ceddf53f-03c0-4866-8ba8-5e84c8007a85/download/814ca028-4c84-4bd0-aa67-6dbaeb9b6ba5.kml,VERIFIED INCIDENT,OFFICIALLY_VERIFIED,HIGH,True,OFFICIAL_HISTORICAL_RECORD
CHN-INC-2094,CHN-2015-DEPTH-0014,2015-12-02,Chennai Floods 2015,Chennai Floods 2015 Waterlogging Point,12.976109,80.22119,177,Ward 177 (Adyar),13,Adyar,waterlogging,critical,6,Data Unavailable,Chennai Floods 2015 Waterlogging Point | partially inundated on the road near bus stand | Depth: 6 ft,Chennai Inundation Points with Measured Depth,CHN-2015-DEPTH,https://data.opencity.in/dataset/022dd080-e927-40d7-897d-adf3ee98ad69/resource/ceddf53f-03c0-4866-8ba8-5e84c8007a85/download/814ca028-4c84-4bd0-aa67-6dbaeb9b6ba5.kml,VERIFIED INCIDENT,OFFICIALLY_VERIFIED,HIGH,True,OFFICIAL_HISTORICAL_RECORD
CHN-INC-2095,CHN-2015-DEPTH-0015,2015-12-02,Chennai Floods 2015,Chennai Floods 2015 Waterlogging Point,12.976173,80.221266,177,Ward 177 (Adyar),13,Adyar,waterlogging,critical,5.5,Data Unavailable,Chennai Floods 2015 Waterlogging Point | partially flooded on the road | Depth: 5.5 ft,Chennai Inundation Points with Measured Depth,CHN-2015-DEPTH,https://data.opencity.in/dataset/022dd080-e927-40d7-897d-adf3ee98ad69/resource/ceddf53f-03c0-4866-8ba8-5e84c8007a85/download/814ca028-4c84-4bd0-aa67-6dbaeb9b6ba5.kml,VERIFIED INCIDENT,OFFICIALLY_VERIFIED,HIGH,True,OFFICIAL_HISTORICAL_RECORD
CHN-INC-2096,CHN-2015-DEPTH-0016,2015-12-02,Chennai Floods 2015,Chennai Floods 2015 Waterlogging Point,12.976226,80.22123,177,Ward 177 (Adyar),13,Adyar,waterlogging,critical,6,Data Unavailable,Chennai Floods 2015 Waterlogging Point | partially inundated on sides of the road | Depth: 6 ft,Chennai Inundation Points with Measured Depth,CHN-2015-DEPTH,https://data.opencity.in/dataset/022dd080-e927-40d7-897d-adf3ee98ad69/resource/ceddf53f-03c0-4866-8ba8-5e84c8007a85/download/814ca028-4c84-4bd0-aa67-6dbaeb9b6ba5.kml,VERIFIED INCIDENT,OFFICIALLY_VERIFIED,HIGH,True,OFFICIAL_HISTORICAL_RECORD
CHN-INC-2097,CHN-2015-DEPTH-0017,2015-12-02,Chennai Floods 2015,Chennai Floods 2015 Waterlogging Point,12.977532,80.221239,177,Ward 177 (Adyar),13,Adyar,waterlogging,critical,6,Data Unavailable,Chennai Floods 2015 Waterlogging Point | partially inundated on the road side | Depth: 6 ft,Chennai Inundation Points with Measured Depth,CHN-2015-DEPTH,https://data.opencity.in/dataset/022dd080-e927-40d7-897d-adf3ee98ad69/resource/ceddf53f-03c0-4866-8ba8-5e84c8007a85/download/814ca028-4c84-4bd0-aa67-6dbaeb9b6ba5.kml,VERIFIED INCIDENT,OFFICIALLY_VERIFIED,HIGH,True,OFFICIAL_HISTORICAL_RECORD
CHN-INC-2098,CHN-2015-DEPTH-0018,2015-12-02,Chennai Floods 2015,Chennai Floods 2015 Waterlogging Point,12.977498,80.221259,177,Ward 177 (Adyar),13,Adyar,waterlogging,critical,6,Data Unavailable,Chennai Floods 2015 Waterlogging Point | partially flooded | Depth: 6 ft,Chennai Inundation Points with Measured Depth,CHN-2015-DEPTH,https://data.opencity.in/dataset/022dd080-e927-40d7-897d-adf3ee98ad69/resource/ceddf53f-03c0-4866-8ba8-5e84c8007a85/download/814ca028-4c84-4bd0-aa67-6dbaeb9b6ba5.kml,VERIFIED INCIDENT,OFFICIALLY_VERIFIED,HIGH,True,OFFICIAL_HISTORICAL_RECORD
CHN-INC-2099,CHN-2015-DEPTH-0019,2015-12-02,Chennai Floods 2015,Chennai Floods 2015 Waterlogging Point,12.978268,80.221211,177,Ward 177 (Adyar),13,Adyar,waterlogging,critical,6,Data Unavailable,Chennai Floods 2015 Waterlogging Point | partially flooded on the road side | Depth: 6 ft,Chennai Inundation Points with Measured Depth,CHN-2015-DEPTH,https://data.opencity.in/dataset/022dd080-e927-40d7-897d-adf3ee98ad69/resource/ceddf53f-03c0-4866-8ba8-5e84c8007a85/download/814ca028-4c84-4bd0-aa67-6dbaeb9b6ba5.kml,VERIFIED INCIDENT,OFFICIALLY_VERIFIED,HIGH,True,OFFICIAL_HISTORICAL_RECORD
CHN-INC-2100,CHN-2015-DEPTH-0020,2015-12-02,Chennai Floods 2015,Chennai Floods 2015 Waterlogging Point,12.978653,80.2212,177,Ward 177 (Adyar),13,Adyar,waterlogging,critical,6,Data Unavailable,Chennai Floods 2015 Waterlogging Point | partially inundated on the road side | Depth: 6 ft,Chennai Inundation Points with Measured Depth,CHN-2015-DEPTH,https://data.opencity.in/dataset/022dd080-e927-40d7-897d-adf3ee98ad69/resource/ceddf53f-03c0-4866-8ba8-5e84c8007a85/download/814ca028-4c84-4bd0-aa67-6dbaeb9b6ba5.kml,VERIFIED INCIDENT,OFFICIALLY_VERIFIED,HIGH,True,OFFICIAL_HISTORICAL_RECORD
CHN-INC-2101,CHN-2015-DEPTH-0021,2015-12-02,Chennai Floods 2015,Chennai Floods 2015 Waterlogging Point,12.979961,80.221068,177,Ward 177 (Adyar),13,Adyar,waterlogging,critical,6,Data Unavailable,Chennai Floods 2015 Waterlogging Point | flood inundated on the road | Depth: 6 ft,Chennai Inundation Points with Measured Depth,CHN-2015-DEPTH,https://data.opencity.in/dataset/022dd080-e927-40d7-897d-adf3ee98ad69/resource/ceddf53f-03c0-4866-8ba8-5e84c8007a85/download/814ca028-4c84-4bd0-aa67-6dbaeb9b6ba5.kml,VERIFIED INCIDENT,OFFICIALLY_VERIFIED,HIGH,True,OFFICIAL_HISTORICAL_RECORD
CHN-INC-2102,CHN-2015-DEPTH-0022,2015-12-02,Chennai Floods 2015,Chennai Floods 2015 Waterlogging Point,12.9803,80.221008,177,Ward 177 (Adyar),13,Adyar,waterlogging,critical,9,Data Unavailable,Chennai Floods 2015 Waterlogging Point | flood inundated on the road near tneb office | Depth: 9 ft,Chennai Inundation Points with Measured Depth,CHN-2015-DEPTH,https://data.opencity.in/dataset/022dd080-e927-40d7-897d-adf3ee98ad69/resource/ceddf53f-03c0-4866-8ba8-5e84c8007a85/download/814ca028-4c84-4bd0-aa67-6dbaeb9b6ba5.kml,VERIFIED INCIDENT,OFFICIALLY_VERIFIED,HIGH,True,OFFICIAL_HISTORICAL_RECORD
CHN-INC-2103,CHN-2015-DEPTH-0023,2015-12-02,Chennai Floods 2015,Chennai Floods 2015 Waterlogging Point,12.980834,80.220967,177,Ward 177 (Adyar),13,Adyar,waterlogging,critical,8,Data Unavailable,Chennai Floods 2015 Waterlogging Point | partially flooded | Depth: 8 ft,Chennai Inundation Points with Measured Depth,CHN-2015-DEPTH,https://data.opencity.in/dataset/022dd080-e927-40d7-897d-adf3ee98ad69/resource/ceddf53f-03c0-4866-8ba8-5e84c8007a85/download/814ca028-4c84-4bd0-aa67-6dbaeb9b6ba5.kml,VERIFIED INCIDENT,OFFICIALLY_VERIFIED,HIGH,True,OFFICIAL_HISTORICAL_RECORD
CHN-INC-2104,CHN-2015-DEPTH-0024,2015-12-02,Chennai Floods 2015,Chennai Floods 2015 Waterlogging Point,12.980949,80.22101,177,Ward 177 (Adyar),13,Adyar,waterlogging,critical,9,Data Unavailable,Chennai Floods 2015 Waterlogging Point | partially flooded on the road | Depth: 9 ft,Chennai Inundation Points with Measured Depth,CHN-2015-DEPTH,https://data.opencity.in/dataset/022dd080-e927-40d7-897d-adf3ee98ad69/resource/ceddf53f-03c0-4866-8ba8-5e84c8007a85/download/814ca028-4c84-4bd0-aa67-6dbaeb9b6ba5.kml,VERIFIED INCIDENT,OFFICIALLY_VERIFIED,HIGH,True,OFFICIAL_HISTORICAL_RECORD
CHN-INC-2105,CHN-2015-DEPTH-0025,2015-12-02,Chennai Floods 2015,Chennai Floods 2015 Waterlogging Point,12.981026,80.221054,177,Ward 177 (Adyar),13,Adyar,waterlogging,critical,9.5,Data Unavailable,Chennai Floods 2015 Waterlogging Point | partially flooded | Depth: 9.5 ft,Chennai Inundation Points with Measured Depth,CHN-2015-DEPTH,https://data.opencity.in/dataset/022dd080-e927-40d7-897d-adf3ee98ad69/resource/ceddf53f-03c0-4866-8ba8-5e84c8007a85/download/814ca028-4c84-4bd0-aa67-6dbaeb9b6ba5.kml,VERIFIED INCIDENT,OFFICIALLY_VERIFIED,HIGH,True,OFFICIAL_HISTORICAL_RECORD
CHN-INC-2106,CHN-2015-DEPTH-0026,2015-12-02,Chennai Floods 2015,Chennai Floods 2015 Waterlogging Point,12.981133,80.221083,177,Ward 177 (Adyar),13,Adyar,waterlogging,critical,7.5,Data Unavailable,Chennai Floods 2015 Waterlogging Point | partially flooded | Depth: 7.5 ft,Chennai Inundation Points with Measured Depth,CHN-2015-DEPTH,https://data.opencity.in/dataset/022dd080-e927-40d7-897d-adf3ee98ad69/resource/ceddf53f-03c0-4866-8ba8-5e84c8007a85/download/814ca028-4c84-4bd0-aa67-6dbaeb9b6ba5.kml,VERIFIED INCIDENT,OFFICIALLY_VERIFIED,HIGH,True,OFFICIAL_HISTORICAL_RECORD
CHN-INC-2107,CHN-2015-DEPTH-0027,2015-12-02,Chennai Floods 2015,Chennai Floods 2015 Waterlogging Point,12.974385,80.220419,177,Ward 177 (Adyar),13,Adyar,waterlogging,critical,6,Data Unavailable,Chennai Floods 2015 Waterlogging Point | partially flooded | Depth: 6 ft,Chennai Inundation Points with Measured Depth,CHN-2015-DEPTH,https://data.opencity.in/dataset/022dd080-e927-40d7-897d-adf3ee98ad69/resource/ceddf53f-03c0-4866-8ba8-5e84c8007a85/download/814ca028-4c84-4bd0-aa67-6dbaeb9b6ba5.kml,VERIFIED INCIDENT,OFFICIALLY_VERIFIED,HIGH,True,OFFICIAL_HISTORICAL_RECORD
CHN-INC-2108,CHN-2015-DEPTH-0028,2015-12-02,Chennai Floods 2015,Chennai Floods 2015 Waterlogging Point,12.963667,80.215452,188,Ward 188 (Perungudi),14,Perungudi,waterlogging,critical,5.5,Data Unavailable,Chennai Floods 2015 Waterlogging Point | partially flooded on the road near bus stop | Depth: 5.5 ft,Chennai Inundation Points with Measured Depth,CHN-2015-DEPTH,https://data.opencity.in/dataset/022dd080-e927-40d7-897d-adf3ee98ad69/resource/ceddf53f-03c0-4866-8ba8-5e84c8007a85/download/814ca028-4c84-4bd0-aa67-6dbaeb9b6ba5.kml,VERIFIED INCIDENT,OFFICIALLY_VERIFIED,HIGH,True,OFFICIAL_HISTORICAL_RECORD
CHN-INC-2109,CHN-2015-DEPTH-0029,2015-12-02,Chennai Floods 2015,Chennai Floods 2015 Waterlogging Point,12.963745,80.215174,188,Ward 188 (Perungudi),14,Perungudi,waterlogging,critical,5.5,Data Unavailable,Chennai Floods 2015 Waterlogging Point | partially flooded on the road side | Depth: 5.5 ft,Chennai Inundation Points with Measured Depth,CHN-2015-DEPTH,https://data.opencity.in/dataset/022dd080-e927-40d7-897d-adf3ee98ad69/resource/ceddf53f-03c0-4866-8ba8-5e84c8007a85/download/814ca028-4c84-4bd0-aa67-6dbaeb9b6ba5.kml,VERIFIED INCIDENT,OFFICIALLY_VERIFIED,HIGH,True,OFFICIAL_HISTORICAL_RECORD
CHN-INC-2110,CHN-2015-DEPTH-0030,2015-12-02,Chennai Floods 2015,Chennai Floods 2015 Waterlogging Point,12.964679,80.19612,187,Ward 187 (Perungudi),14,Perungudi,waterlogging,critical,6.5,Data Unavailable,Chennai Floods 2015 Waterlogging Point | completely flooded  on the road junction | Depth: 6.5 ft,Chennai Inundation Points with Measured Depth,CHN-2015-DEPTH,https://data.opencity.in/dataset/022dd080-e927-40d7-897d-adf3ee98ad69/resource/ceddf53f-03c0-4866-8ba8-5e84c8007a85/download/814ca028-4c84-4bd0-aa67-6dbaeb9b6ba5.kml,VERIFIED INCIDENT,OFFICIALLY_VERIFIED,HIGH,True,OFFICIAL_HISTORICAL_RECORD
CHN-INC-2111,CHN-2015-DEPTH-0031,2015-12-02,Chennai Floods 2015,Chennai Floods 2015 Waterlogging Point,12.964642,80.195986,187,Ward 187 (Perungudi),14,Perungudi,waterlogging,critical,5.5,Data Unavailable,Chennai Floods 2015 Waterlogging Point | partially flooded on the road side | Depth: 5.5 ft,Chennai Inundation Points with Measured Depth,CHN-2015-DEPTH,https://data.opencity.in/dataset/022dd080-e927-40d7-897d-adf3ee98ad69/resource/ceddf53f-03c0-4866-8ba8-5e84c8007a85/download/814ca028-4c84-4bd0-aa67-6dbaeb9b6ba5.kml,VERIFIED INCIDENT,OFFICIALLY_VERIFIED,HIGH,True,OFFICIAL_HISTORICAL_RECORD
CHN-INC-2112,CHN-2015-DEPTH-0032,2015-12-02,Chennai Floods 2015,Chennai Floods 2015 Waterlogging Point,12.964647,80.195914,187,Ward 187 (Perungudi),14,Perungudi,waterlogging,critical,17,Data Unavailable,Chennai Floods 2015 Waterlogging Point | food water completely  inundate and cause road block sometimes | Depth: 17 ft,Chennai Inundation Points with Measured Depth,CHN-2015-DEPTH,https://data.opencity.in/dataset/022dd080-e927-40d7-897d-adf3ee98ad69/resource/ceddf53f-03c0-4866-8ba8-5e84c8007a85/download/814ca028-4c84-4bd0-aa67-6dbaeb9b6ba5.kml,VERIFIED INCIDENT,OFFICIALLY_VERIFIED,HIGH,True,OFFICIAL_HISTORICAL_RECORD
CHN-INC-2113,CHN-2015-DEPTH-0033,2015-12-02,Chennai Floods 2015,Chennai Floods 2015 Waterlogging Point,12.965152,80.192335,187,Ward 187 (Perungudi),14,Perungudi,waterlogging,critical,5.7,Data Unavailable,Chennai Floods 2015 Waterlogging Point | partially flooded on the road side | Depth: 5.7 ft,Chennai Inundation Points with Measured Depth,CHN-2015-DEPTH,https://data.opencity.in/dataset/022dd080-e927-40d7-897d-adf3ee98ad69/resource/ceddf53f-03c0-4866-8ba8-5e84c8007a85/download/814ca028-4c84-4bd0-aa67-6dbaeb9b6ba5.kml,VERIFIED INCIDENT,OFFICIALLY_VERIFIED,HIGH,True,OFFICIAL_HISTORICAL_RECORD
CHN-INC-2114,CHN-2015-DEPTH-0034,2015-12-02,Chennai Floods 2015,Chennai Floods 2015 Waterlogging Point,12.965219,80.192087,187,Ward 187 (Perungudi),14,Perungudi,waterlogging,critical,5.5,Data Unavailable,Chennai Floods 2015 Waterlogging Point | partially flooded on the road side | Depth: 5.5 ft,Chennai Inundation Points with Measured Depth,CHN-2015-DEPTH,https://data.opencity.in/dataset/022dd080-e927-40d7-897d-adf3ee98ad69/resource/ceddf53f-03c0-4866-8ba8-5e84c8007a85/download/814ca028-4c84-4bd0-aa67-6dbaeb9b6ba5.kml,VERIFIED INCIDENT,OFFICIALLY_VERIFIED,HIGH,True,OFFICIAL_HISTORICAL_RECORD
CHN-INC-2115,CHN-2015-DEPTH-0035,2015-12-02,Chennai Floods 2015,Chennai Floods 2015 Waterlogging Point,12.996777,80.249189,170,Ward 170 (Adyar),13,Adyar,waterlogging,critical,7,Data Unavailable,Chennai Floods 2015 Waterlogging Point | partially  covered  one side of the road | Depth: 7 ft,Chennai Inundation Points with Measured Depth,CHN-2015-DEPTH,https://data.opencity.in/dataset/022dd080-e927-40d7-897d-adf3ee98ad69/resource/ceddf53f-03c0-4866-8ba8-5e84c8007a85/download/814ca028-4c84-4bd0-aa67-6dbaeb9b6ba5.kml,VERIFIED INCIDENT,OFFICIALLY_VERIFIED,HIGH,True,OFFICIAL_HISTORICAL_RECORD
CHN-INC-2116,CHN-2015-DEPTH-0036,2015-12-02,Chennai Floods 2015,Chennai Floods 2015 Waterlogging Point,12.996704,80.249207,170,Ward 170 (Adyar),13,Adyar,waterlogging,critical,6,Data Unavailable,Chennai Floods 2015 Waterlogging Point | partially flooded covering one side of the road | Depth: 6 ft,Chennai Inundation Points with Measured Depth,CHN-2015-DEPTH,https://data.opencity.in/dataset/022dd080-e927-40d7-897d-adf3ee98ad69/resource/ceddf53f-03c0-4866-8ba8-5e84c8007a85/download/814ca028-4c84-4bd0-aa67-6dbaeb9b6ba5.kml,VERIFIED INCIDENT,OFFICIALLY_VERIFIED,HIGH,True,OFFICIAL_HISTORICAL_RECORD
CHN-INC-2117,CHN-2015-DEPTH-0037,2015-12-02,Chennai Floods 2015,Chennai Floods 2015 Waterlogging Point,13.006888,80.240109,169,Ward 169 (Adyar),13,Adyar,waterlogging,critical,7,Data Unavailable,Chennai Floods 2015 Waterlogging Point | partially  flooded  covering  flyover  entry | Depth: 7 ft,Chennai Inundation Points with Measured Depth,CHN-2015-DEPTH,https://data.opencity.in/dataset/022dd080-e927-40d7-897d-adf3ee98ad69/resource/ceddf53f-03c0-4866-8ba8-5e84c8007a85/download/814ca028-4c84-4bd0-aa67-6dbaeb9b6ba5.kml,VERIFIED INCIDENT,OFFICIALLY_VERIFIED,HIGH,True,OFFICIAL_HISTORICAL_RECORD
CHN-INC-2118,CHN-2015-DEPTH-0038,2015-12-02,Chennai Floods 2015,Chennai Floods 2015 Waterlogging Point,12.979667,80.243216,178,Ward 178 (Adyar),13,Adyar,waterlogging,critical,29,Data Unavailable,Chennai Floods 2015 Waterlogging Point | completely flooded  and drain within 2 hours | Depth: 29 ft,Chennai Inundation Points with Measured Depth,CHN-2015-DEPTH,https://data.opencity.in/dataset/022dd080-e927-40d7-897d-adf3ee98ad69/resource/ceddf53f-03c0-4866-8ba8-5e84c8007a85/download/814ca028-4c84-4bd0-aa67-6dbaeb9b6ba5.kml,VERIFIED INCIDENT,OFFICIALLY_VERIFIED,HIGH,True,OFFICIAL_HISTORICAL_RECORD
CHN-INC-2119,CHN-2015-DEPTH-0039,2015-12-02,Chennai Floods 2015,Chennai Floods 2015 Waterlogging Point,12.978328,80.238901,182,Ward 182 (Perungudi),14,Perungudi,waterlogging,critical,17,Data Unavailable,Chennai Floods 2015 Waterlogging Point | completely flooded bocking railway  station exit upto 1 feet | Depth: 17 ft,Chennai Inundation Points with Measured Depth,CHN-2015-DEPTH,https://data.opencity.in/dataset/022dd080-e927-40d7-897d-adf3ee98ad69/resource/ceddf53f-03c0-4866-8ba8-5e84c8007a85/download/814ca028-4c84-4bd0-aa67-6dbaeb9b6ba5.kml,VERIFIED INCIDENT,OFFICIALLY_VERIFIED,HIGH,True,OFFICIAL_HISTORICAL_RECORD
CHN-INC-2120,CHN-2015-DEPTH-0040,2015-12-02,Chennai Floods 2015,Chennai Floods 2015 Waterlogging Point,12.978203,80.239727,182,Ward 182 (Perungudi),14,Perungudi,waterlogging,critical,10.5,Data Unavailable,Chennai Floods 2015 Waterlogging Point | completely flooded | Depth: 10.5 ft,Chennai Inundation Points with Measured Depth,CHN-2015-DEPTH,https://data.opencity.in/dataset/022dd080-e927-40d7-897d-adf3ee98ad69/resource/ceddf53f-03c0-4866-8ba8-5e84c8007a85/download/814ca028-4c84-4bd0-aa67-6dbaeb9b6ba5.kml,VERIFIED INCIDENT,OFFICIALLY_VERIFIED,HIGH,True,OFFICIAL_HISTORICAL_RECORD
CHN-INC-2121,CHN-2015-DEPTH-0041,2015-12-02,Chennai Floods 2015,Chennai Floods 2015 Waterlogging Point,12.97802,80.241081,182,Ward 182 (Perungudi),14,Perungudi,waterlogging,critical,6,Data Unavailable,Chennai Floods 2015 Waterlogging Point | completely flooded upto 12 | Depth: 6 ft,Chennai Inundation Points with Measured Depth,CHN-2015-DEPTH,https://data.opencity.in/dataset/022dd080-e927-40d7-897d-adf3ee98ad69/resource/ceddf53f-03c0-4866-8ba8-5e84c8007a85/download/814ca028-4c84-4bd0-aa67-6dbaeb9b6ba5.kml,VERIFIED INCIDENT,OFFICIALLY_VERIFIED,HIGH,True,OFFICIAL_HISTORICAL_RECORD
CHN-INC-2122,CHN-2015-DEPTH-0042,2015-12-02,Chennai Floods 2015,Chennai Floods 2015 Waterlogging Point,12.978078,80.241428,182,Ward 182 (Perungudi),14,Perungudi,waterlogging,critical,5,Data Unavailable,Chennai Floods 2015 Waterlogging Point | completely flooded upto10 | Depth: 5 ft,Chennai Inundation Points with Measured Depth,CHN-2015-DEPTH,https://data.opencity.in/dataset/022dd080-e927-40d7-897d-adf3ee98ad69/resource/ceddf53f-03c0-4866-8ba8-5e84c8007a85/download/814ca028-4c84-4bd0-aa67-6dbaeb9b6ba5.kml,VERIFIED INCIDENT,OFFICIALLY_VERIFIED,HIGH,True,OFFICIAL_HISTORICAL_RECORD
CHN-INC-2123,CHN-2015-DEPTH-0043,2015-12-02,Chennai Floods 2015,Chennai Floods 2015 Waterlogging Point,12.978206,80.241873,182,Ward 182 (Perungudi),14,Perungudi,waterlogging,critical,6,Data Unavailable,Chennai Floods 2015 Waterlogging Point | completely flooded bocking railway station entrance  upto 2 feet | Depth: 6 ft,Chennai Inundation Points with Measured Depth,CHN-2015-DEPTH,https://data.opencity.in/dataset/022dd080-e927-40d7-897d-adf3ee98ad69/resource/ceddf53f-03c0-4866-8ba8-5e84c8007a85/download/814ca028-4c84-4bd0-aa67-6dbaeb9b6ba5.kml,VERIFIED INCIDENT,OFFICIALLY_VERIFIED,HIGH,True,OFFICIAL_HISTORICAL_RECORD
CHN-INC-2124,CHN-2015-DEPTH-0044,2015-12-02,Chennai Floods 2015,Chennai Floods 2015 Waterlogging Point,12.978404,80.242519,182,Ward 182 (Perungudi),14,Perungudi,waterlogging,critical,7,Data Unavailable,Chennai Floods 2015 Waterlogging Point | completely inundated | Depth: 7 ft,Chennai Inundation Points with Measured Depth,CHN-2015-DEPTH,https://data.opencity.in/dataset/022dd080-e927-40d7-897d-adf3ee98ad69/resource/ceddf53f-03c0-4866-8ba8-5e84c8007a85/download/814ca028-4c84-4bd0-aa67-6dbaeb9b6ba5.kml,VERIFIED INCIDENT,OFFICIALLY_VERIFIED,HIGH,True,OFFICIAL_HISTORICAL_RECORD
CHN-INC-2125,CHN-2015-DEPTH-0045,2015-12-02,Chennai Floods 2015,Chennai Floods 2015 Waterlogging Point,12.978538,80.243048,182,Ward 182 (Perungudi),14,Perungudi,waterlogging,critical,7,Data Unavailable,Chennai Floods 2015 Waterlogging Point | completely flooded bocking railway station entrance  upto 1 feet | Depth: 7 ft,Chennai Inundation Points with Measured Depth,CHN-2015-DEPTH,https://data.opencity.in/dataset/022dd080-e927-40d7-897d-adf3ee98ad69/resource/ceddf53f-03c0-4866-8ba8-5e84c8007a85/download/814ca028-4c84-4bd0-aa67-6dbaeb9b6ba5.kml,VERIFIED INCIDENT,OFFICIALLY_VERIFIED,HIGH,True,OFFICIAL_HISTORICAL_RECORD
CHN-INC-2126,CHN-2015-DEPTH-0046,2015-12-02,Chennai Floods 2015,Chennai Floods 2015 Waterlogging Point,12.978389,80.243175,182,Ward 182 (Perungudi),14,Perungudi,waterlogging,critical,20,Data Unavailable,Chennai Floods 2015 Waterlogging Point | completely flooded  upto 1.5 feet reported drain in 2 hours | Depth: 20 ft,Chennai Inundation Points with Measured Depth,CHN-2015-DEPTH,https://data.opencity.in/dataset/022dd080-e927-40d7-897d-adf3ee98ad69/resource/ceddf53f-03c0-4866-8ba8-5e84c8007a85/download/814ca028-4c84-4bd0-aa67-6dbaeb9b6ba5.kml,VERIFIED INCIDENT,OFFICIALLY_VERIFIED,HIGH,True,OFFICIAL_HISTORICAL_RECORD
CHN-INC-2127,CHN-2015-DEPTH-0047,2015-12-02,Chennai Floods 2015,Chennai Floods 2015 Waterlogging Point,12.978811,80.243138,178,Ward 178 (Adyar),13,Adyar,waterlogging,critical,20,Data Unavailable,Chennai Floods 2015 Waterlogging Point | completely flooded  reported | Depth: 20 ft,Chennai Inundation Points with Measured Depth,CHN-2015-DEPTH,https://data.opencity.in/dataset/022dd080-e927-40d7-897d-adf3ee98ad69/resource/ceddf53f-03c0-4866-8ba8-5e84c8007a85/download/814ca028-4c84-4bd0-aa67-6dbaeb9b6ba5.kml,VERIFIED INCIDENT,OFFICIALLY_VERIFIED,HIGH,True,OFFICIAL_HISTORICAL_RECORD
CHN-INC-2128,CHN-2015-DEPTH-0048,2015-12-02,Chennai Floods 2015,Chennai Floods 2015 Waterlogging Point,12.978359,80.240986,182,Ward 182 (Perungudi),14,Perungudi,waterlogging,critical,16,Data Unavailable,Chennai Floods 2015 Waterlogging Point | railway station covered by flood upto 1 feet | Depth: 16 ft,Chennai Inundation Points with Measured Depth,CHN-2015-DEPTH,https://data.opencity.in/dataset/022dd080-e927-40d7-897d-adf3ee98ad69/resource/ceddf53f-03c0-4866-8ba8-5e84c8007a85/download/814ca028-4c84-4bd0-aa67-6dbaeb9b6ba5.kml,VERIFIED INCIDENT,OFFICIALLY_VERIFIED,HIGH,True,OFFICIAL_HISTORICAL_RECORD
CHN-INC-2129,CHN-2015-DEPTH-0049,2015-12-02,Chennai Floods 2015,Chennai Floods 2015 Waterlogging Point,12.975108,80.244062,182,Ward 182 (Perungudi),14,Perungudi,waterlogging,critical,9,Data Unavailable,Chennai Floods 2015 Waterlogging Point | completely flooded upto  1 feet and drain in 2 hours | Depth: 9 ft,Chennai Inundation Points with Measured Depth,CHN-2015-DEPTH,https://data.opencity.in/dataset/022dd080-e927-40d7-897d-adf3ee98ad69/resource/ceddf53f-03c0-4866-8ba8-5e84c8007a85/download/814ca028-4c84-4bd0-aa67-6dbaeb9b6ba5.kml,VERIFIED INCIDENT,OFFICIALLY_VERIFIED,HIGH,True,OFFICIAL_HISTORICAL_RECORD
CHN-INC-2130,CHN-2015-DEPTH-0050,2015-12-02,Chennai Floods 2015,Chennai Floods 2015 Waterlogging Point,12.974859,80.244145,182,Ward 182 (Perungudi),14,Perungudi,waterlogging,critical,5,Data Unavailable,Chennai Floods 2015 Waterlogging Point | completely flooded upto 1 feet | Depth: 5 ft,Chennai Inundation Points with Measured Depth,CHN-2015-DEPTH,https://data.opencity.in/dataset/022dd080-e927-40d7-897d-adf3ee98ad69/resource/ceddf53f-03c0-4866-8ba8-5e84c8007a85/download/814ca028-4c84-4bd0-aa67-6dbaeb9b6ba5.kml,VERIFIED INCIDENT,OFFICIALLY_VERIFIED,HIGH,True,OFFICIAL_HISTORICAL_RECORD
CHN-INC-2131,CHN-2015-DEPTH-0051,2015-12-02,Chennai Floods 2015,Chennai Floods 2015 Waterlogging Point,12.97464,80.244202,182,Ward 182 (Perungudi),14,Perungudi,waterlogging,critical,7,Data Unavailable,Chennai Floods 2015 Waterlogging Point | completely flooded | Depth: 7 ft,Chennai Inundation Points with Measured Depth,CHN-2015-DEPTH,https://data.opencity.in/dataset/022dd080-e927-40d7-897d-adf3ee98ad69/resource/ceddf53f-03c0-4866-8ba8-5e84c8007a85/download/814ca028-4c84-4bd0-aa67-6dbaeb9b6ba5.kml,VERIFIED INCIDENT,OFFICIALLY_VERIFIED,HIGH,True,OFFICIAL_HISTORICAL_RECORD
CHN-INC-2132,CHN-2015-DEPTH-0052,2015-12-02,Chennai Floods 2015,Chennai Floods 2015 Waterlogging Point,12.935751,80.233904,195,Ward 195 (Sholinganallur),15,Sholinganallur,waterlogging,critical,6,Data Unavailable,Chennai Floods 2015 Waterlogging Point | flood water inundated  into road juction | Depth: 6 ft,Chennai Inundation Points with Measured Depth,CHN-2015-DEPTH,https://data.opencity.in/dataset/022dd080-e927-40d7-897d-adf3ee98ad69/resource/ceddf53f-03c0-4866-8ba8-5e84c8007a85/download/814ca028-4c84-4bd0-aa67-6dbaeb9b6ba5.kml,VERIFIED INCIDENT,OFFICIALLY_VERIFIED,HIGH,True,OFFICIAL_HISTORICAL_RECORD
CHN-INC-2133,CHN-2015-DEPTH-0053,2015-12-02,Chennai Floods 2015,Chennai Floods 2015 Waterlogging Point,12.913984,80.229357,198,Ward 198 (Sholinganallur),15,Sholinganallur,waterlogging,critical,6.5,Data Unavailable,Chennai Floods 2015 Waterlogging Point | inundated  into road  covering junction | Depth: 6.5 ft,Chennai Inundation Points with Measured Depth,CHN-2015-DEPTH,https://data.opencity.in/dataset/022dd080-e927-40d7-897d-adf3ee98ad69/resource/ceddf53f-03c0-4866-8ba8-5e84c8007a85/download/814ca028-4c84-4bd0-aa67-6dbaeb9b6ba5.kml,VERIFIED INCIDENT,OFFICIALLY_VERIFIED,HIGH,True,OFFICIAL_HISTORICAL_RECORD
CHN-INC-2134,CHN-2015-DEPTH-0054,2015-12-02,Chennai Floods 2015,Chennai Floods 2015 Waterlogging Point,12.911432,80.195847,191,Ward 191 (Perungudi),14,Perungudi,waterlogging,critical,6,Data Unavailable,Chennai Floods 2015 Waterlogging Point | partially inundated on the junction | Depth: 6 ft,Chennai Inundation Points with Measured Depth,CHN-2015-DEPTH,https://data.opencity.in/dataset/022dd080-e927-40d7-897d-adf3ee98ad69/resource/ceddf53f-03c0-4866-8ba8-5e84c8007a85/download/814ca028-4c84-4bd0-aa67-6dbaeb9b6ba5.kml,VERIFIED INCIDENT,OFFICIALLY_VERIFIED,HIGH,True,OFFICIAL_HISTORICAL_RECORD
CHN-INC-2135,CHN-2015-DEPTH-0055,2015-12-02,Chennai Floods 2015,Chennai Floods 2015 Waterlogging Point,12.911374,80.195902,191,Ward 191 (Perungudi),14,Perungudi,waterlogging,critical,6,Data Unavailable,Chennai Floods 2015 Waterlogging Point | partially inundated | Depth: 6 ft,Chennai Inundation Points with Measured Depth,CHN-2015-DEPTH,https://data.opencity.in/dataset/022dd080-e927-40d7-897d-adf3ee98ad69/resource/ceddf53f-03c0-4866-8ba8-5e84c8007a85/download/814ca028-4c84-4bd0-aa67-6dbaeb9b6ba5.kml,VERIFIED INCIDENT,OFFICIALLY_VERIFIED,HIGH,True,OFFICIAL_HISTORICAL_RECORD
CHN-INC-2136,CHN-2015-DEPTH-0056,2015-12-02,Chennai Floods 2015,Chennai Floods 2015 Waterlogging Point,12.927073,80.197761,190,Ward 190 (Perungudi),14,Perungudi,waterlogging,critical,6,Data Unavailable,Chennai Floods 2015 Waterlogging Point | one side of the road got partially  flood | Depth: 6 ft,Chennai Inundation Points with Measured Depth,CHN-2015-DEPTH,https://data.opencity.in/dataset/022dd080-e927-40d7-897d-adf3ee98ad69/resource/ceddf53f-03c0-4866-8ba8-5e84c8007a85/download/814ca028-4c84-4bd0-aa67-6dbaeb9b6ba5.kml,VERIFIED INCIDENT,OFFICIALLY_VERIFIED,HIGH,True,OFFICIAL_HISTORICAL_RECORD
CHN-INC-2137,CHN-2015-DEPTH-0057,2015-12-02,Chennai Floods 2015,Chennai Floods 2015 Waterlogging Point,12.92774,80.198212,190,Ward 190 (Perungudi),14,Perungudi,waterlogging,critical,6,Data Unavailable,Chennai Floods 2015 Waterlogging Point | connecting road junction got flooded | Depth: 6 ft,Chennai Inundation Points with Measured Depth,CHN-2015-DEPTH,https://data.opencity.in/dataset/022dd080-e927-40d7-897d-adf3ee98ad69/resource/ceddf53f-03c0-4866-8ba8-5e84c8007a85/download/814ca028-4c84-4bd0-aa67-6dbaeb9b6ba5.kml,VERIFIED INCIDENT,OFFICIALLY_VERIFIED,HIGH,True,OFFICIAL_HISTORICAL_RECORD
CHN-INC-2138,CHN-2015-DEPTH-0058,2015-12-02,Chennai Floods 2015,Chennai Floods 2015 Waterlogging Point,12.935891,80.204326,190,Ward 190 (Perungudi),14,Perungudi,waterlogging,critical,8.5,Data Unavailable,Chennai Floods 2015 Waterlogging Point | main road got partially  flooded and connection got afffected | Depth: 8.5 ft,Chennai Inundation Points with Measured Depth,CHN-2015-DEPTH,https://data.opencity.in/dataset/022dd080-e927-40d7-897d-adf3ee98ad69/resource/ceddf53f-03c0-4866-8ba8-5e84c8007a85/download/814ca028-4c84-4bd0-aa67-6dbaeb9b6ba5.kml,VERIFIED INCIDENT,OFFICIALLY_VERIFIED,HIGH,True,OFFICIAL_HISTORICAL_RECORD
CHN-INC-2139,CHN-2015-DEPTH-0059,2015-12-02,Chennai Floods 2015,Chennai Floods 2015 Waterlogging Point,12.940489,80.205716,190,Ward 190 (Perungudi),14,Perungudi,waterlogging,critical,6,Data Unavailable,Chennai Floods 2015 Waterlogging Point | partially  flooded  covering  half of the road on both side | Depth: 6 ft,Chennai Inundation Points with Measured Depth,CHN-2015-DEPTH,https://data.opencity.in/dataset/022dd080-e927-40d7-897d-adf3ee98ad69/resource/ceddf53f-03c0-4866-8ba8-5e84c8007a85/download/814ca028-4c84-4bd0-aa67-6dbaeb9b6ba5.kml,VERIFIED INCIDENT,OFFICIALLY_VERIFIED,HIGH,True,OFFICIAL_HISTORICAL_RECORD
CHN-INC-2140,CHN-2015-DEPTH-0060,2015-12-02,Chennai Floods 2015,Chennai Floods 2015 Waterlogging Point,12.94122,80.205993,190,Ward 190 (Perungudi),14,Perungudi,waterlogging,critical,6.5,Data Unavailable,Chennai Floods 2015 Waterlogging Point | both side of the road got flooded | Depth: 6.5 ft,Chennai Inundation Points with Measured Depth,CHN-2015-DEPTH,https://data.opencity.in/dataset/022dd080-e927-40d7-897d-adf3ee98ad69/resource/ceddf53f-03c0-4866-8ba8-5e84c8007a85/download/814ca028-4c84-4bd0-aa67-6dbaeb9b6ba5.kml,VERIFIED INCIDENT,OFFICIALLY_VERIFIED,HIGH,True,OFFICIAL_HISTORICAL_RECORD
CHN-INC-2141,CHN-2015-DEPTH-0061,2015-12-02,Chennai Floods 2015,Chennai Floods 2015 Waterlogging Point,12.95129,80.210986,189,Ward 189 (Perungudi),14,Perungudi,waterlogging,critical,6.5,Data Unavailable,Chennai Floods 2015 Waterlogging Point | service road joining main road  got partially  flooded | Depth: 6.5 ft,Chennai Inundation Points with Measured Depth,CHN-2015-DEPTH,https://data.opencity.in/dataset/022dd080-e927-40d7-897d-adf3ee98ad69/resource/ceddf53f-03c0-4866-8ba8-5e84c8007a85/download/814ca028-4c84-4bd0-aa67-6dbaeb9b6ba5.kml,VERIFIED INCIDENT,OFFICIALLY_VERIFIED,HIGH,True,OFFICIAL_HISTORICAL_RECORD
CHN-INC-2142,CHN-2015-DEPTH-0062,2015-12-02,Chennai Floods 2015,Chennai Floods 2015 Waterlogging Point,12.973317,80.219695,176,Ward 176 (Adyar),13,Adyar,waterlogging,critical,6,Data Unavailable,Chennai Floods 2015 Waterlogging Point | partially flooded | Depth: 6 ft,Chennai Inundation Points with Measured Depth,CHN-2015-DEPTH,https://data.opencity.in/dataset/022dd080-e927-40d7-897d-adf3ee98ad69/resource/ceddf53f-03c0-4866-8ba8-5e84c8007a85/download/814ca028-4c84-4bd0-aa67-6dbaeb9b6ba5.kml,VERIFIED INCIDENT,OFFICIALLY_VERIFIED,HIGH,True,OFFICIAL_HISTORICAL_RECORD
CHN-INC-2143,CHN-2015-DEPTH-0063,2015-12-02,Chennai Floods 2015,Chennai Floods 2015 Waterlogging Point,12.976146,80.219896,177,Ward 177 (Adyar),13,Adyar,waterlogging,critical,6.5,Data Unavailable,Chennai Floods 2015 Waterlogging Point | partially flooded | Depth: 6.5 ft,Chennai Inundation Points with Measured Depth,CHN-2015-DEPTH,https://data.opencity.in/dataset/022dd080-e927-40d7-897d-adf3ee98ad69/resource/ceddf53f-03c0-4866-8ba8-5e84c8007a85/download/814ca028-4c84-4bd0-aa67-6dbaeb9b6ba5.kml,VERIFIED INCIDENT,OFFICIALLY_VERIFIED,HIGH,True,OFFICIAL_HISTORICAL_RECORD
CHN-INC-2144,CHN-2015-DEPTH-0064,2015-12-02,Chennai Floods 2015,Chennai Floods 2015 Waterlogging Point,12.976312,80.219307,177,Ward 177 (Adyar),13,Adyar,waterlogging,critical,7,Data Unavailable,Chennai Floods 2015 Waterlogging Point | road got completely  flooed | Depth: 7 ft,Chennai Inundation Points with Measured Depth,CHN-2015-DEPTH,https://data.opencity.in/dataset/022dd080-e927-40d7-897d-adf3ee98ad69/resource/ceddf53f-03c0-4866-8ba8-5e84c8007a85/download/814ca028-4c84-4bd0-aa67-6dbaeb9b6ba5.kml,VERIFIED INCIDENT,OFFICIALLY_VERIFIED,HIGH,True,OFFICIAL_HISTORICAL_RECORD
CHN-INC-2145,CHN-2015-DEPTH-0065,2015-12-02,Chennai Floods 2015,Chennai Floods 2015 Waterlogging Point,12.977994,80.2191,177,Ward 177 (Adyar),13,Adyar,waterlogging,critical,8,Data Unavailable,Chennai Floods 2015 Waterlogging Point | partially  side of the road got flooded | Depth: 8 ft,Chennai Inundation Points with Measured Depth,CHN-2015-DEPTH,https://data.opencity.in/dataset/022dd080-e927-40d7-897d-adf3ee98ad69/resource/ceddf53f-03c0-4866-8ba8-5e84c8007a85/download/814ca028-4c84-4bd0-aa67-6dbaeb9b6ba5.kml,VERIFIED INCIDENT,OFFICIALLY_VERIFIED,HIGH,True,OFFICIAL_HISTORICAL_RECORD
CHN-INC-2146,CHN-2015-DEPTH-0066,2015-12-02,Chennai Floods 2015,Chennai Floods 2015 Waterlogging Point,12.997426,80.216173,172,Ward 172 (Adyar),13,Adyar,waterlogging,critical,29,Data Unavailable,Chennai Floods 2015 Waterlogging Point | completely  flooded | Depth: 29 ft,Chennai Inundation Points with Measured Depth,CHN-2015-DEPTH,https://data.opencity.in/dataset/022dd080-e927-40d7-897d-adf3ee98ad69/resource/ceddf53f-03c0-4866-8ba8-5e84c8007a85/download/814ca028-4c84-4bd0-aa67-6dbaeb9b6ba5.kml,VERIFIED INCIDENT,OFFICIALLY_VERIFIED,HIGH,True,OFFICIAL_HISTORICAL_RECORD
CHN-INC-2147,CHN-2015-DEPTH-0067,2015-12-02,Chennai Floods 2015,Chennai Floods 2015 Waterlogging Point,13.006702,80.212664,172,Ward 172 (Adyar),13,Adyar,waterlogging,critical,6,Data Unavailable,Chennai Floods 2015 Waterlogging Point | partially  flooded  covering  one side  of the road | Depth: 6 ft,Chennai Inundation Points with Measured Depth,CHN-2015-DEPTH,https://data.opencity.in/dataset/022dd080-e927-40d7-897d-adf3ee98ad69/resource/ceddf53f-03c0-4866-8ba8-5e84c8007a85/download/814ca028-4c84-4bd0-aa67-6dbaeb9b6ba5.kml,VERIFIED INCIDENT,OFFICIALLY_VERIFIED,HIGH,True,OFFICIAL_HISTORICAL_RECORD
CHN-INC-2148,CHN-2015-DEPTH-0068,2015-12-02,Chennai Floods 2015,Chennai Floods 2015 Waterlogging Point,13.009804,80.215023,172,Ward 172 (Adyar),13,Adyar,waterlogging,critical,15,Data Unavailable,Chennai Floods 2015 Waterlogging Point | flood water completely  get inundated  into the road | Depth: 15 ft,Chennai Inundation Points with Measured Depth,CHN-2015-DEPTH,https://data.opencity.in/dataset/022dd080-e927-40d7-897d-adf3ee98ad69/resource/ceddf53f-03c0-4866-8ba8-5e84c8007a85/download/814ca028-4c84-4bd0-aa67-6dbaeb9b6ba5.kml,VERIFIED INCIDENT,OFFICIALLY_VERIFIED,HIGH,True,OFFICIAL_HISTORICAL_RECORD
CHN-INC-2149,CHN-2015-DEPTH-0069,2015-12-02,Chennai Floods 2015,Chennai Floods 2015 Waterlogging Point,12.995582,80.201162,161,Ward 161 (Alandur),12,Alandur,waterlogging,critical,7,Data Unavailable,Chennai Floods 2015 Waterlogging Point | flood water inundate upto 2feet in subway | Depth: 7 ft,Chennai Inundation Points with Measured Depth,CHN-2015-DEPTH,https://data.opencity.in/dataset/022dd080-e927-40d7-897d-adf3ee98ad69/resource/ceddf53f-03c0-4866-8ba8-5e84c8007a85/download/814ca028-4c84-4bd0-aa67-6dbaeb9b6ba5.kml,VERIFIED INCIDENT,OFFICIALLY_VERIFIED,HIGH,True,OFFICIAL_HISTORICAL_RECORD
CHN-INC-2150,CHN-2015-DEPTH-0070,2015-12-02,Chennai Floods 2015,Chennai Floods 2015 Waterlogging Point,12.997183,80.207091,161,Ward 161 (Alandur),12,Alandur,waterlogging,critical,9.5,Data Unavailable,Chennai Floods 2015 Waterlogging Point | partially flooded covering half road | Depth: 9.5 ft,Chennai Inundation Points with Measured Depth,CHN-2015-DEPTH,https://data.opencity.in/dataset/022dd080-e927-40d7-897d-adf3ee98ad69/resource/ceddf53f-03c0-4866-8ba8-5e84c8007a85/download/814ca028-4c84-4bd0-aa67-6dbaeb9b6ba5.kml,VERIFIED INCIDENT,OFFICIALLY_VERIFIED,HIGH,True,OFFICIAL_HISTORICAL_RECORD
CHN-INC-2151,CHN-2015-DEPTH-0071,2015-12-02,Chennai Floods 2015,Chennai Floods 2015 Waterlogging Point,12.99741,80.207128,161,Ward 161 (Alandur),12,Alandur,waterlogging,critical,7.5,Data Unavailable,Chennai Floods 2015 Waterlogging Point | partially flooded | Depth: 7.5 ft,Chennai Inundation Points with Measured Depth,CHN-2015-DEPTH,https://data.opencity.in/dataset/022dd080-e927-40d7-897d-adf3ee98ad69/resource/ceddf53f-03c0-4866-8ba8-5e84c8007a85/download/814ca028-4c84-4bd0-aa67-6dbaeb9b6ba5.kml,VERIFIED INCIDENT,OFFICIALLY_VERIFIED,HIGH,True,OFFICIAL_HISTORICAL_RECORD
CHN-INC-2152,CHN-2015-DEPTH-0072,2015-12-02,Chennai Floods 2015,Chennai Floods 2015 Waterlogging Point,12.948715,80.201843,188,Ward 188 (Perungudi),14,Perungudi,waterlogging,critical,60,Data Unavailable,Chennai Floods 2015 Waterlogging Point | completely inundated covering entirely- traffic inspector record | Depth: 60 ft,Chennai Inundation Points with Measured Depth,CHN-2015-DEPTH,https://data.opencity.in/dataset/022dd080-e927-40d7-897d-adf3ee98ad69/resource/ceddf53f-03c0-4866-8ba8-5e84c8007a85/download/814ca028-4c84-4bd0-aa67-6dbaeb9b6ba5.kml,VERIFIED INCIDENT,OFFICIALLY_VERIFIED,HIGH,True,OFFICIAL_HISTORICAL_RECORD
CHN-INC-2153,CHN-2015-DEPTH-0073,2015-12-02,Chennai Floods 2015,Chennai Floods 2015 Waterlogging Point,12.948716,80.202917,189,Ward 189 (Perungudi),14,Perungudi,waterlogging,critical,40,Data Unavailable,Chennai Floods 2015 Waterlogging Point | completely inundated covering entirely | Depth: 40 ft,Chennai Inundation Points with Measured Depth,CHN-2015-DEPTH,https://data.opencity.in/dataset/022dd080-e927-40d7-897d-adf3ee98ad69/resource/ceddf53f-03c0-4866-8ba8-5e84c8007a85/download/814ca028-4c84-4bd0-aa67-6dbaeb9b6ba5.kml,VERIFIED INCIDENT,OFFICIALLY_VERIFIED,HIGH,True,OFFICIAL_HISTORICAL_RECORD
CHN-INC-2154,CHN-2015-DEPTH-0074,2015-12-02,Chennai Floods 2015,Chennai Floods 2015 Waterlogging Point,12.948761,80.203527,189,Ward 189 (Perungudi),14,Perungudi,waterlogging,critical,15,Data Unavailable,Chennai Floods 2015 Waterlogging Point | completely inundated  covering entirely | Depth: 15 ft,Chennai Inundation Points with Measured Depth,CHN-2015-DEPTH,https://data.opencity.in/dataset/022dd080-e927-40d7-897d-adf3ee98ad69/resource/ceddf53f-03c0-4866-8ba8-5e84c8007a85/download/814ca028-4c84-4bd0-aa67-6dbaeb9b6ba5.kml,VERIFIED INCIDENT,OFFICIALLY_VERIFIED,HIGH,True,OFFICIAL_HISTORICAL_RECORD
CHN-INC-2155,CHN-2015-DEPTH-0075,2015-12-02,Chennai Floods 2015,Chennai Floods 2015 Waterlogging Point,12.972553,80.191428,186,Ward 186 (Perungudi),14,Perungudi,waterlogging,critical,14,Data Unavailable,Chennai Floods 2015 Waterlogging Point | completely inundated | Depth: 14 ft,Chennai Inundation Points with Measured Depth,CHN-2015-DEPTH,https://data.opencity.in/dataset/022dd080-e927-40d7-897d-adf3ee98ad69/resource/ceddf53f-03c0-4866-8ba8-5e84c8007a85/download/814ca028-4c84-4bd0-aa67-6dbaeb9b6ba5.kml,VERIFIED INCIDENT,OFFICIALLY_VERIFIED,HIGH,True,OFFICIAL_HISTORICAL_RECORD
CHN-INC-2156,CHN-2015-DEPTH-0076,2015-12-02,Chennai Floods 2015,Chennai Floods 2015 Waterlogging Point,12.985301,80.17684,159,Ward 159 (Alandur),12,Alandur,waterlogging,critical,35,Data Unavailable,Chennai Floods 2015 Waterlogging Point | completely inundated subway blocked | Depth: 35 ft,Chennai Inundation Points with Measured Depth,CHN-2015-DEPTH,https://data.opencity.in/dataset/022dd080-e927-40d7-897d-adf3ee98ad69/resource/ceddf53f-03c0-4866-8ba8-5e84c8007a85/download/814ca028-4c84-4bd0-aa67-6dbaeb9b6ba5.kml,VERIFIED INCIDENT,OFFICIALLY_VERIFIED,HIGH,True,OFFICIAL_HISTORICAL_RECORD
CHN-INC-2157,CHN-2015-DEPTH-0077,2015-12-02,Chennai Floods 2015,Chennai Floods 2015 Waterlogging Point,12.989225,80.185412,162,Ward 162 (Alandur),12,Alandur,waterlogging,critical,35,Data Unavailable,Chennai Floods 2015 Waterlogging Point | completely inundated subways blocked | Depth: 35 ft,Chennai Inundation Points with Measured Depth,CHN-2015-DEPTH,https://data.opencity.in/dataset/022dd080-e927-40d7-897d-adf3ee98ad69/resource/ceddf53f-03c0-4866-8ba8-5e84c8007a85/download/814ca028-4c84-4bd0-aa67-6dbaeb9b6ba5.kml,VERIFIED INCIDENT,OFFICIALLY_VERIFIED,HIGH,True,OFFICIAL_HISTORICAL_RECORD
CHN-INC-2158,CHN-2015-DEPTH-0078,2015-12-02,Chennai Floods 2015,Chennai Floods 2015 Waterlogging Point,12.976869,80.193502,185,Ward 185 (Perungudi),14,Perungudi,waterlogging,critical,14,Data Unavailable,Chennai Floods 2015 Waterlogging Point | completely inundated | Depth: 14 ft,Chennai Inundation Points with Measured Depth,CHN-2015-DEPTH,https://data.opencity.in/dataset/022dd080-e927-40d7-897d-adf3ee98ad69/resource/ceddf53f-03c0-4866-8ba8-5e84c8007a85/download/814ca028-4c84-4bd0-aa67-6dbaeb9b6ba5.kml,VERIFIED INCIDENT,OFFICIALLY_VERIFIED,HIGH,True,OFFICIAL_HISTORICAL_RECORD
CHN-INC-2159,CHN-2015-DEPTH-0079,2015-12-02,Chennai Floods 2015,Chennai Floods 2015 Waterlogging Point,12.977708,80.193806,185,Ward 185 (Perungudi),14,Perungudi,waterlogging,critical,5,Data Unavailable,Chennai Floods 2015 Waterlogging Point | Depth: 5 ft,Chennai Inundation Points with Measured Depth,CHN-2015-DEPTH,https://data.opencity.in/dataset/022dd080-e927-40d7-897d-adf3ee98ad69/resource/ceddf53f-03c0-4866-8ba8-5e84c8007a85/download/814ca028-4c84-4bd0-aa67-6dbaeb9b6ba5.kml,VERIFIED INCIDENT,OFFICIALLY_VERIFIED,HIGH,True,OFFICIAL_HISTORICAL_RECORD
CHN-INC-2160,CHN-2015-DEPTH-0080,2015-12-02,Chennai Floods 2015,Chennai Floods 2015 Waterlogging Point,12.979498,80.194604,185,Ward 185 (Perungudi),14,Perungudi,waterlogging,critical,15,Data Unavailable,Chennai Floods 2015 Waterlogging Point | completely inundated | Depth: 15 ft,Chennai Inundation Points with Measured Depth,CHN-2015-DEPTH,https://data.opencity.in/dataset/022dd080-e927-40d7-897d-adf3ee98ad69/resource/ceddf53f-03c0-4866-8ba8-5e84c8007a85/download/814ca028-4c84-4bd0-aa67-6dbaeb9b6ba5.kml,VERIFIED INCIDENT,OFFICIALLY_VERIFIED,HIGH,True,OFFICIAL_HISTORICAL_RECORD
CHN-INC-2161,CHN-2015-DEPTH-0081,2015-12-02,Chennai Floods 2015,Chennai Floods 2015 Waterlogging Point,12.98093,80.195264,185,Ward 185 (Perungudi),14,Perungudi,waterlogging,critical,11,Data Unavailable,Chennai Floods 2015 Waterlogging Point | completely inundated | Depth: 11 ft,Chennai Inundation Points with Measured Depth,CHN-2015-DEPTH,https://data.opencity.in/dataset/022dd080-e927-40d7-897d-adf3ee98ad69/resource/ceddf53f-03c0-4866-8ba8-5e84c8007a85/download/814ca028-4c84-4bd0-aa67-6dbaeb9b6ba5.kml,VERIFIED INCIDENT,OFFICIALLY_VERIFIED,HIGH,True,OFFICIAL_HISTORICAL_RECORD
CHN-INC-2162,CHN-2015-DEPTH-0082,2015-12-02,Chennai Floods 2015,Chennai Floods 2015 Waterlogging Point,12.981996,80.195899,165,Ward 165 (Alandur),12,Alandur,waterlogging,critical,10,Data Unavailable,Chennai Floods 2015 Waterlogging Point | completely inundated | Depth: 10 ft,Chennai Inundation Points with Measured Depth,CHN-2015-DEPTH,https://data.opencity.in/dataset/022dd080-e927-40d7-897d-adf3ee98ad69/resource/ceddf53f-03c0-4866-8ba8-5e84c8007a85/download/814ca028-4c84-4bd0-aa67-6dbaeb9b6ba5.kml,VERIFIED INCIDENT,OFFICIALLY_VERIFIED,HIGH,True,OFFICIAL_HISTORICAL_RECORD
CHN-INC-2163,CHN-2015-DEPTH-0083,2015-12-02,Chennai Floods 2015,Chennai Floods 2015 Waterlogging Point,12.959342,80.244592,182,Ward 182 (Perungudi),14,Perungudi,waterlogging,critical,15,Data Unavailable,Chennai Floods 2015 Waterlogging Point | completely inundated and drain in 4 hours | Depth: 15 ft,Chennai Inundation Points with Measured Depth,CHN-2015-DEPTH,https://data.opencity.in/dataset/022dd080-e927-40d7-897d-adf3ee98ad69/resource/ceddf53f-03c0-4866-8ba8-5e84c8007a85/download/814ca028-4c84-4bd0-aa67-6dbaeb9b6ba5.kml,VERIFIED INCIDENT,OFFICIALLY_VERIFIED,HIGH,True,OFFICIAL_HISTORICAL_RECORD
CHN-INC-2164,CHN-2015-DEPTH-0084,2015-12-02,Chennai Floods 2015,Chennai Floods 2015 Waterlogging Point,12.959023,80.244479,182,Ward 182 (Perungudi),14,Perungudi,waterlogging,critical,13,Data Unavailable,Chennai Floods 2015 Waterlogging Point | completely inundated | Depth: 13 ft,Chennai Inundation Points with Measured Depth,CHN-2015-DEPTH,https://data.opencity.in/dataset/022dd080-e927-40d7-897d-adf3ee98ad69/resource/ceddf53f-03c0-4866-8ba8-5e84c8007a85/download/814ca028-4c84-4bd0-aa67-6dbaeb9b6ba5.kml,VERIFIED INCIDENT,OFFICIALLY_VERIFIED,HIGH,True,OFFICIAL_HISTORICAL_RECORD
CHN-INC-2165,CHN-2015-DEPTH-0085,2015-12-02,Chennai Floods 2015,Chennai Floods 2015 Waterlogging Point,12.958756,80.244343,182,Ward 182 (Perungudi),14,Perungudi,waterlogging,critical,10,Data Unavailable,Chennai Floods 2015 Waterlogging Point | completely inundated | Depth: 10 ft,Chennai Inundation Points with Measured Depth,CHN-2015-DEPTH,https://data.opencity.in/dataset/022dd080-e927-40d7-897d-adf3ee98ad69/resource/ceddf53f-03c0-4866-8ba8-5e84c8007a85/download/814ca028-4c84-4bd0-aa67-6dbaeb9b6ba5.kml,VERIFIED INCIDENT,OFFICIALLY_VERIFIED,HIGH,True,OFFICIAL_HISTORICAL_RECORD
CHN-INC-2166,CHN-2015-DEPTH-0086,2015-12-02,Chennai Floods 2015,Chennai Floods 2015 Waterlogging Point,12.962332,80.245974,182,Ward 182 (Perungudi),14,Perungudi,waterlogging,critical,13,Data Unavailable,Chennai Floods 2015 Waterlogging Point | completely inundated | Depth: 13 ft,Chennai Inundation Points with Measured Depth,CHN-2015-DEPTH,https://data.opencity.in/dataset/022dd080-e927-40d7-897d-adf3ee98ad69/resource/ceddf53f-03c0-4866-8ba8-5e84c8007a85/download/814ca028-4c84-4bd0-aa67-6dbaeb9b6ba5.kml,VERIFIED INCIDENT,OFFICIALLY_VERIFIED,HIGH,True,OFFICIAL_HISTORICAL_RECORD
CHN-INC-2167,CHN-2015-DEPTH-0087,2015-12-02,Chennai Floods 2015,Chennai Floods 2015 Waterlogging Point,13.033265,80.209665,138,Ward 138 (Kodambakkam),10,Kodambakkam,waterlogging,critical,7,Data Unavailable,Chennai Floods 2015 Waterlogging Point | completely inundated blocking connection road | Depth: 7 ft,Chennai Inundation Points with Measured Depth,CHN-2015-DEPTH,https://data.opencity.in/dataset/022dd080-e927-40d7-897d-adf3ee98ad69/resource/ceddf53f-03c0-4866-8ba8-5e84c8007a85/download/814ca028-4c84-4bd0-aa67-6dbaeb9b6ba5.kml,VERIFIED INCIDENT,OFFICIALLY_VERIFIED,HIGH,True,OFFICIAL_HISTORICAL_RECORD
CHN-INC-2168,CHN-2015-DEPTH-0088,2015-12-02,Chennai Floods 2015,Chennai Floods 2015 Waterlogging Point,13.033379,80.209705,135,Ward 135 (Kodambakkam),10,Kodambakkam,waterlogging,critical,7.8,Data Unavailable,Chennai Floods 2015 Waterlogging Point | partially inundated | Depth: 7.8 ft,Chennai Inundation Points with Measured Depth,CHN-2015-DEPTH,https://data.opencity.in/dataset/022dd080-e927-40d7-897d-adf3ee98ad69/resource/ceddf53f-03c0-4866-8ba8-5e84c8007a85/download/814ca028-4c84-4bd0-aa67-6dbaeb9b6ba5.kml,VERIFIED INCIDENT,OFFICIALLY_VERIFIED,HIGH,True,OFFICIAL_HISTORICAL_RECORD
CHN-INC-2169,CHN-2015-DEPTH-0089,2015-12-02,Chennai Floods 2015,Chennai Floods 2015 Waterlogging Point,13.033479,80.209723,135,Ward 135 (Kodambakkam),10,Kodambakkam,waterlogging,critical,7,Data Unavailable,Chennai Floods 2015 Waterlogging Point | partially inundated | Depth: 7 ft,Chennai Inundation Points with Measured Depth,CHN-2015-DEPTH,https://data.opencity.in/dataset/022dd080-e927-40d7-897d-adf3ee98ad69/resource/ceddf53f-03c0-4866-8ba8-5e84c8007a85/download/814ca028-4c84-4bd0-aa67-6dbaeb9b6ba5.kml,VERIFIED INCIDENT,OFFICIALLY_VERIFIED,HIGH,True,OFFICIAL_HISTORICAL_RECORD
CHN-INC-2170,CHN-2015-DEPTH-0090,2015-12-02,Chennai Floods 2015,Chennai Floods 2015 Waterlogging Point,13.033148,80.209676,135,Ward 135 (Kodambakkam),10,Kodambakkam,waterlogging,critical,7.5,Data Unavailable,Chennai Floods 2015 Waterlogging Point | partially inundated | Depth: 7.5 ft,Chennai Inundation Points with Measured Depth,CHN-2015-DEPTH,https://data.opencity.in/dataset/022dd080-e927-40d7-897d-adf3ee98ad69/resource/ceddf53f-03c0-4866-8ba8-5e84c8007a85/download/814ca028-4c84-4bd0-aa67-6dbaeb9b6ba5.kml,VERIFIED INCIDENT,OFFICIALLY_VERIFIED,HIGH,True,OFFICIAL_HISTORICAL_RECORD
CHN-INC-2171,CHN-2015-DEPTH-0091,2015-12-02,Chennai Floods 2015,Chennai Floods 2015 Waterlogging Point,13.035249,80.209778,138,Ward 138 (Kodambakkam),10,Kodambakkam,waterlogging,critical,21,Data Unavailable,Chennai Floods 2015 Waterlogging Point | completely inundated  blocking road | Depth: 21 ft,Chennai Inundation Points with Measured Depth,CHN-2015-DEPTH,https://data.opencity.in/dataset/022dd080-e927-40d7-897d-adf3ee98ad69/resource/ceddf53f-03c0-4866-8ba8-5e84c8007a85/download/814ca028-4c84-4bd0-aa67-6dbaeb9b6ba5.kml,VERIFIED INCIDENT,OFFICIALLY_VERIFIED,HIGH,True,OFFICIAL_HISTORICAL_RECORD
CHN-INC-2172,CHN-2015-DEPTH-0092,2015-12-02,Chennai Floods 2015,Chennai Floods 2015 Waterlogging Point,13.035091,80.209928,135,Ward 135 (Kodambakkam),10,Kodambakkam,waterlogging,critical,15,Data Unavailable,Chennai Floods 2015 Waterlogging Point | completely inundated  blocking road reported | Depth: 15 ft,Chennai Inundation Points with Measured Depth,CHN-2015-DEPTH,https://data.opencity.in/dataset/022dd080-e927-40d7-897d-adf3ee98ad69/resource/ceddf53f-03c0-4866-8ba8-5e84c8007a85/download/814ca028-4c84-4bd0-aa67-6dbaeb9b6ba5.kml,VERIFIED INCIDENT,OFFICIALLY_VERIFIED,HIGH,True,OFFICIAL_HISTORICAL_RECORD
CHN-INC-2173,CHN-2015-DEPTH-0093,2015-12-02,Chennai Floods 2015,Chennai Floods 2015 Waterlogging Point,13.036666,80.212243,135,Ward 135 (Kodambakkam),10,Kodambakkam,waterlogging,critical,13,Data Unavailable,Chennai Floods 2015 Waterlogging Point | completely inundated | Depth: 13 ft,Chennai Inundation Points with Measured Depth,CHN-2015-DEPTH,https://data.opencity.in/dataset/022dd080-e927-40d7-897d-adf3ee98ad69/resource/ceddf53f-03c0-4866-8ba8-5e84c8007a85/download/814ca028-4c84-4bd0-aa67-6dbaeb9b6ba5.kml,VERIFIED INCIDENT,OFFICIALLY_VERIFIED,HIGH,True,OFFICIAL_HISTORICAL_RECORD
CHN-INC-2174,CHN-2015-DEPTH-0094,2015-12-02,Chennai Floods 2015,Chennai Floods 2015 Waterlogging Point,13.036826,80.212251,135,Ward 135 (Kodambakkam),10,Kodambakkam,waterlogging,critical,11,Data Unavailable,Chennai Floods 2015 Waterlogging Point | completely inundated | Depth: 11 ft,Chennai Inundation Points with Measured Depth,CHN-2015-DEPTH,https://data.opencity.in/dataset/022dd080-e927-40d7-897d-adf3ee98ad69/resource/ceddf53f-03c0-4866-8ba8-5e84c8007a85/download/814ca028-4c84-4bd0-aa67-6dbaeb9b6ba5.kml,VERIFIED INCIDENT,OFFICIALLY_VERIFIED,HIGH,True,OFFICIAL_HISTORICAL_RECORD
CHN-INC-2175,CHN-2015-DEPTH-0095,2015-12-02,Chennai Floods 2015,Chennai Floods 2015 Waterlogging Point,13.036891,80.212238,135,Ward 135 (Kodambakkam),10,Kodambakkam,waterlogging,critical,13,Data Unavailable,Chennai Floods 2015 Waterlogging Point | completely inundated covering entirely junction | Depth: 13 ft,Chennai Inundation Points with Measured Depth,CHN-2015-DEPTH,https://data.opencity.in/dataset/022dd080-e927-40d7-897d-adf3ee98ad69/resource/ceddf53f-03c0-4866-8ba8-5e84c8007a85/download/814ca028-4c84-4bd0-aa67-6dbaeb9b6ba5.kml,VERIFIED INCIDENT,OFFICIALLY_VERIFIED,HIGH,True,OFFICIAL_HISTORICAL_RECORD
CHN-INC-2176,CHN-2015-DEPTH-0096,2015-12-02,Chennai Floods 2015,Chennai Floods 2015 Waterlogging Point,13.037062,80.212255,135,Ward 135 (Kodambakkam),10,Kodambakkam,waterlogging,critical,11,Data Unavailable,Chennai Floods 2015 Waterlogging Point | partially inundated covering one lane | Depth: 11 ft,Chennai Inundation Points with Measured Depth,CHN-2015-DEPTH,https://data.opencity.in/dataset/022dd080-e927-40d7-897d-adf3ee98ad69/resource/ceddf53f-03c0-4866-8ba8-5e84c8007a85/download/814ca028-4c84-4bd0-aa67-6dbaeb9b6ba5.kml,VERIFIED INCIDENT,OFFICIALLY_VERIFIED,HIGH,True,OFFICIAL_HISTORICAL_RECORD
CHN-INC-2177,CHN-2015-DEPTH-0097,2015-12-02,Chennai Floods 2015,Chennai Floods 2015 Waterlogging Point,13.037377,80.212259,135,Ward 135 (Kodambakkam),10,Kodambakkam,waterlogging,critical,11,Data Unavailable,Chennai Floods 2015 Waterlogging Point | partially inundated covering one lane | Depth: 11 ft,Chennai Inundation Points with Measured Depth,CHN-2015-DEPTH,https://data.opencity.in/dataset/022dd080-e927-40d7-897d-adf3ee98ad69/resource/ceddf53f-03c0-4866-8ba8-5e84c8007a85/download/814ca028-4c84-4bd0-aa67-6dbaeb9b6ba5.kml,VERIFIED INCIDENT,OFFICIALLY_VERIFIED,HIGH,True,OFFICIAL_HISTORICAL_RECORD
CHN-INC-2178,CHN-2015-DEPTH-0098,2015-12-02,Chennai Floods 2015,Chennai Floods 2015 Waterlogging Point,13.037655,80.212255,135,Ward 135 (Kodambakkam),10,Kodambakkam,waterlogging,critical,11,Data Unavailable,Chennai Floods 2015 Waterlogging Point | partially inundated covering one lane | Depth: 11 ft,Chennai Inundation Points with Measured Depth,CHN-2015-DEPTH,https://data.opencity.in/dataset/022dd080-e927-40d7-897d-adf3ee98ad69/resource/ceddf53f-03c0-4866-8ba8-5e84c8007a85/download/814ca028-4c84-4bd0-aa67-6dbaeb9b6ba5.kml,VERIFIED INCIDENT,OFFICIALLY_VERIFIED,HIGH,True,OFFICIAL_HISTORICAL_RECORD
CHN-INC-2179,CHN-2015-DEPTH-0099,2015-12-02,Chennai Floods 2015,Chennai Floods 2015 Waterlogging Point,13.036904,80.212075,135,Ward 135 (Kodambakkam),10,Kodambakkam,waterlogging,critical,15,Data Unavailable,Chennai Floods 2015 Waterlogging Point | completely inundated | Depth: 15 ft,Chennai Inundation Points with Measured Depth,CHN-2015-DEPTH,https://data.opencity.in/dataset/022dd080-e927-40d7-897d-adf3ee98ad69/resource/ceddf53f-03c0-4866-8ba8-5e84c8007a85/download/814ca028-4c84-4bd0-aa67-6dbaeb9b6ba5.kml,VERIFIED INCIDENT,OFFICIALLY_VERIFIED,HIGH,True,OFFICIAL_HISTORICAL_RECORD
CHN-INC-2180,CHN-2015-DEPTH-0100,2015-12-02,Chennai Floods 2015,Chennai Floods 2015 Waterlogging Point,13.03555,80.206956,138,Ward 138 (Kodambakkam),10,Kodambakkam,waterlogging,critical,11,Data Unavailable,Chennai Floods 2015 Waterlogging Point | completely inundated | Depth: 11 ft,Chennai Inundation Points with Measured Depth,CHN-2015-DEPTH,https://data.opencity.in/dataset/022dd080-e927-40d7-897d-adf3ee98ad69/resource/ceddf53f-03c0-4866-8ba8-5e84c8007a85/download/814ca028-4c84-4bd0-aa67-6dbaeb9b6ba5.kml,VERIFIED INCIDENT,OFFICIALLY_VERIFIED,HIGH,True,OFFICIAL_HISTORICAL_RECORD
CHN-INC-2181,CHN-2015-DEPTH-0101,2015-12-02,Chennai Floods 2015,Chennai Floods 2015 Waterlogging Point,13.035632,80.205898,138,Ward 138 (Kodambakkam),10,Kodambakkam,waterlogging,critical,11,Data Unavailable,Chennai Floods 2015 Waterlogging Point | completely inundated | Depth: 11 ft,Chennai Inundation Points with Measured Depth,CHN-2015-DEPTH,https://data.opencity.in/dataset/022dd080-e927-40d7-897d-adf3ee98ad69/resource/ceddf53f-03c0-4866-8ba8-5e84c8007a85/download/814ca028-4c84-4bd0-aa67-6dbaeb9b6ba5.kml,VERIFIED INCIDENT,OFFICIALLY_VERIFIED,HIGH,True,OFFICIAL_HISTORICAL_RECORD
CHN-INC-2182,CHN-2015-DEPTH-0102,2015-12-02,Chennai Floods 2015,Chennai Floods 2015 Waterlogging Point,13.036073,80.202748,138,Ward 138 (Kodambakkam),10,Kodambakkam,waterlogging,critical,14,Data Unavailable,Chennai Floods 2015 Waterlogging Point | completely inundated | Depth: 14 ft,Chennai Inundation Points with Measured Depth,CHN-2015-DEPTH,https://data.opencity.in/dataset/022dd080-e927-40d7-897d-adf3ee98ad69/resource/ceddf53f-03c0-4866-8ba8-5e84c8007a85/download/814ca028-4c84-4bd0-aa67-6dbaeb9b6ba5.kml,VERIFIED INCIDENT,OFFICIALLY_VERIFIED,HIGH,True,OFFICIAL_HISTORICAL_RECORD
CHN-INC-2183,CHN-2015-DEPTH-0103,2015-12-02,Chennai Floods 2015,Chennai Floods 2015 Waterlogging Point,13.036634,80.199686,138,Ward 138 (Kodambakkam),10,Kodambakkam,waterlogging,critical,15,Data Unavailable,Chennai Floods 2015 Waterlogging Point | completely inundated | Depth: 15 ft,Chennai Inundation Points with Measured Depth,CHN-2015-DEPTH,https://data.opencity.in/dataset/022dd080-e927-40d7-897d-adf3ee98ad69/resource/ceddf53f-03c0-4866-8ba8-5e84c8007a85/download/814ca028-4c84-4bd0-aa67-6dbaeb9b6ba5.kml,VERIFIED INCIDENT,OFFICIALLY_VERIFIED,HIGH,True,OFFICIAL_HISTORICAL_RECORD
CHN-INC-2184,CHN-2015-DEPTH-0104,2015-12-02,Chennai Floods 2015,Chennai Floods 2015 Waterlogging Point,13.03728,80.195299,137,Ward 137 (Kodambakkam),10,Kodambakkam,waterlogging,critical,14,Data Unavailable,Chennai Floods 2015 Waterlogging Point | completely inundated | Depth: 14 ft,Chennai Inundation Points with Measured Depth,CHN-2015-DEPTH,https://data.opencity.in/dataset/022dd080-e927-40d7-897d-adf3ee98ad69/resource/ceddf53f-03c0-4866-8ba8-5e84c8007a85/download/814ca028-4c84-4bd0-aa67-6dbaeb9b6ba5.kml,VERIFIED INCIDENT,OFFICIALLY_VERIFIED,HIGH,True,OFFICIAL_HISTORICAL_RECORD
CHN-INC-2185,CHN-2015-DEPTH-0105,2015-12-02,Chennai Floods 2015,Chennai Floods 2015 Waterlogging Point,13.037298,80.204564,136,Ward 136 (Kodambakkam),10,Kodambakkam,waterlogging,critical,16,Data Unavailable,Chennai Floods 2015 Waterlogging Point | completely inundated | Depth: 16 ft,Chennai Inundation Points with Measured Depth,CHN-2015-DEPTH,https://data.opencity.in/dataset/022dd080-e927-40d7-897d-adf3ee98ad69/resource/ceddf53f-03c0-4866-8ba8-5e84c8007a85/download/814ca028-4c84-4bd0-aa67-6dbaeb9b6ba5.kml,VERIFIED INCIDENT,OFFICIALLY_VERIFIED,HIGH,True,OFFICIAL_HISTORICAL_RECORD
CHN-INC-2186,CHN-2015-DEPTH-0106,2015-12-02,Chennai Floods 2015,Chennai Floods 2015 Waterlogging Point,13.040494,80.205101,136,Ward 136 (Kodambakkam),10,Kodambakkam,waterlogging,critical,16,Data Unavailable,Chennai Floods 2015 Waterlogging Point | completely inundated | Depth: 16 ft,Chennai Inundation Points with Measured Depth,CHN-2015-DEPTH,https://data.opencity.in/dataset/022dd080-e927-40d7-897d-adf3ee98ad69/resource/ceddf53f-03c0-4866-8ba8-5e84c8007a85/download/814ca028-4c84-4bd0-aa67-6dbaeb9b6ba5.kml,VERIFIED INCIDENT,OFFICIALLY_VERIFIED,HIGH,True,OFFICIAL_HISTORICAL_RECORD
CHN-INC-2187,CHN-2015-DEPTH-0107,2015-12-02,Chennai Floods 2015,Chennai Floods 2015 Waterlogging Point,13.038513,80.208488,135,Ward 135 (Kodambakkam),10,Kodambakkam,waterlogging,critical,5,Data Unavailable,Chennai Floods 2015 Waterlogging Point | tree fall | Depth: 5 ft,Chennai Inundation Points with Measured Depth,CHN-2015-DEPTH,https://data.opencity.in/dataset/022dd080-e927-40d7-897d-adf3ee98ad69/resource/ceddf53f-03c0-4866-8ba8-5e84c8007a85/download/814ca028-4c84-4bd0-aa67-6dbaeb9b6ba5.kml,VERIFIED INCIDENT,OFFICIALLY_VERIFIED,HIGH,True,OFFICIAL_HISTORICAL_RECORD
CHN-INC-2188,CHN-2015-DEPTH-0108,2015-12-02,Chennai Floods 2015,Chennai Floods 2015 Waterlogging Point,13.040443,80.208733,135,Ward 135 (Kodambakkam),10,Kodambakkam,waterlogging,critical,8.5,Data Unavailable,Chennai Floods 2015 Waterlogging Point | completely inundated | Depth: 8.5 ft,Chennai Inundation Points with Measured Depth,CHN-2015-DEPTH,https://data.opencity.in/dataset/022dd080-e927-40d7-897d-adf3ee98ad69/resource/ceddf53f-03c0-4866-8ba8-5e84c8007a85/download/814ca028-4c84-4bd0-aa67-6dbaeb9b6ba5.kml,VERIFIED INCIDENT,OFFICIALLY_VERIFIED,HIGH,True,OFFICIAL_HISTORICAL_RECORD
CHN-INC-2189,CHN-2015-DEPTH-0109,2015-12-02,Chennai Floods 2015,Chennai Floods 2015 Waterlogging Point,13.041346,80.208846,136,Ward 136 (Kodambakkam),10,Kodambakkam,waterlogging,critical,10,Data Unavailable,Chennai Floods 2015 Waterlogging Point | completely inundated | Depth: 10 ft,Chennai Inundation Points with Measured Depth,CHN-2015-DEPTH,https://data.opencity.in/dataset/022dd080-e927-40d7-897d-adf3ee98ad69/resource/ceddf53f-03c0-4866-8ba8-5e84c8007a85/download/814ca028-4c84-4bd0-aa67-6dbaeb9b6ba5.kml,VERIFIED INCIDENT,OFFICIALLY_VERIFIED,HIGH,True,OFFICIAL_HISTORICAL_RECORD
CHN-INC-2190,CHN-2015-DEPTH-0110,2015-12-02,Chennai Floods 2015,Chennai Floods 2015 Waterlogging Point,13.041877,80.208965,135,Ward 135 (Kodambakkam),10,Kodambakkam,waterlogging,critical,15,Data Unavailable,Chennai Floods 2015 Waterlogging Point | completely inundated | Depth: 15 ft,Chennai Inundation Points with Measured Depth,CHN-2015-DEPTH,https://data.opencity.in/dataset/022dd080-e927-40d7-897d-adf3ee98ad69/resource/ceddf53f-03c0-4866-8ba8-5e84c8007a85/download/814ca028-4c84-4bd0-aa67-6dbaeb9b6ba5.kml,VERIFIED INCIDENT,OFFICIALLY_VERIFIED,HIGH,True,OFFICIAL_HISTORICAL_RECORD
CHN-INC-2191,CHN-2015-DEPTH-0111,2015-12-02,Chennai Floods 2015,Chennai Floods 2015 Waterlogging Point,13.043134,80.209109,136,Ward 136 (Kodambakkam),10,Kodambakkam,waterlogging,critical,11,Data Unavailable,Chennai Floods 2015 Waterlogging Point | completely inundated | Depth: 11 ft,Chennai Inundation Points with Measured Depth,CHN-2015-DEPTH,https://data.opencity.in/dataset/022dd080-e927-40d7-897d-adf3ee98ad69/resource/ceddf53f-03c0-4866-8ba8-5e84c8007a85/download/814ca028-4c84-4bd0-aa67-6dbaeb9b6ba5.kml,VERIFIED INCIDENT,OFFICIALLY_VERIFIED,HIGH,True,OFFICIAL_HISTORICAL_RECORD
CHN-INC-2192,CHN-2015-DEPTH-0112,2015-12-02,Chennai Floods 2015,Chennai Floods 2015 Waterlogging Point,13.037793,80.213183,135,Ward 135 (Kodambakkam),10,Kodambakkam,waterlogging,critical,8,Data Unavailable,Chennai Floods 2015 Waterlogging Point | completely inundated | Depth: 8 ft,Chennai Inundation Points with Measured Depth,CHN-2015-DEPTH,https://data.opencity.in/dataset/022dd080-e927-40d7-897d-adf3ee98ad69/resource/ceddf53f-03c0-4866-8ba8-5e84c8007a85/download/814ca028-4c84-4bd0-aa67-6dbaeb9b6ba5.kml,VERIFIED INCIDENT,OFFICIALLY_VERIFIED,HIGH,True,OFFICIAL_HISTORICAL_RECORD
CHN-INC-2193,CHN-2015-DEPTH-0113,2015-12-02,Chennai Floods 2015,Chennai Floods 2015 Waterlogging Point,13.038419,80.213684,135,Ward 135 (Kodambakkam),10,Kodambakkam,waterlogging,critical,9,Data Unavailable,Chennai Floods 2015 Waterlogging Point | completely inundated | Depth: 9 ft,Chennai Inundation Points with Measured Depth,CHN-2015-DEPTH,https://data.opencity.in/dataset/022dd080-e927-40d7-897d-adf3ee98ad69/resource/ceddf53f-03c0-4866-8ba8-5e84c8007a85/download/814ca028-4c84-4bd0-aa67-6dbaeb9b6ba5.kml,VERIFIED INCIDENT,OFFICIALLY_VERIFIED,HIGH,True,OFFICIAL_HISTORICAL_RECORD
CHN-INC-2194,CHN-2015-DEPTH-0114,2015-12-02,Chennai Floods 2015,Chennai Floods 2015 Waterlogging Point,13.03907,80.214129,135,Ward 135 (Kodambakkam),10,Kodambakkam,waterlogging,critical,9,Data Unavailable,Chennai Floods 2015 Waterlogging Point | completely inundated | Depth: 9 ft,Chennai Inundation Points with Measured Depth,CHN-2015-DEPTH,https://data.opencity.in/dataset/022dd080-e927-40d7-897d-adf3ee98ad69/resource/ceddf53f-03c0-4866-8ba8-5e84c8007a85/download/814ca028-4c84-4bd0-aa67-6dbaeb9b6ba5.kml,VERIFIED INCIDENT,OFFICIALLY_VERIFIED,HIGH,True,OFFICIAL_HISTORICAL_RECORD
CHN-INC-2195,CHN-2015-DEPTH-0115,2015-12-02,Chennai Floods 2015,Chennai Floods 2015 Waterlogging Point,13.039393,80.214181,135,Ward 135 (Kodambakkam),10,Kodambakkam,waterlogging,critical,9,Data Unavailable,Chennai Floods 2015 Waterlogging Point | completely inundated covering  junction | Depth: 9 ft,Chennai Inundation Points with Measured Depth,CHN-2015-DEPTH,https://data.opencity.in/dataset/022dd080-e927-40d7-897d-adf3ee98ad69/resource/ceddf53f-03c0-4866-8ba8-5e84c8007a85/download/814ca028-4c84-4bd0-aa67-6dbaeb9b6ba5.kml,VERIFIED INCIDENT,OFFICIALLY_VERIFIED,HIGH,True,OFFICIAL_HISTORICAL_RECORD
CHN-INC-2196,CHN-2015-DEPTH-0116,2015-12-02,Chennai Floods 2015,Chennai Floods 2015 Waterlogging Point,13.039879,80.214671,135,Ward 135 (Kodambakkam),10,Kodambakkam,waterlogging,critical,9,Data Unavailable,Chennai Floods 2015 Waterlogging Point | completely inundated | Depth: 9 ft,Chennai Inundation Points with Measured Depth,CHN-2015-DEPTH,https://data.opencity.in/dataset/022dd080-e927-40d7-897d-adf3ee98ad69/resource/ceddf53f-03c0-4866-8ba8-5e84c8007a85/download/814ca028-4c84-4bd0-aa67-6dbaeb9b6ba5.kml,VERIFIED INCIDENT,OFFICIALLY_VERIFIED,HIGH,True,OFFICIAL_HISTORICAL_RECORD
CHN-INC-2197,CHN-2015-DEPTH-0117,2015-12-02,Chennai Floods 2015,Chennai Floods 2015 Waterlogging Point,13.04053,80.215113,135,Ward 135 (Kodambakkam),10,Kodambakkam,waterlogging,critical,9,Data Unavailable,Chennai Floods 2015 Waterlogging Point | completely inundated  raised upto 10 | Depth: 9 ft,Chennai Inundation Points with Measured Depth,CHN-2015-DEPTH,https://data.opencity.in/dataset/022dd080-e927-40d7-897d-adf3ee98ad69/resource/ceddf53f-03c0-4866-8ba8-5e84c8007a85/download/814ca028-4c84-4bd0-aa67-6dbaeb9b6ba5.kml,VERIFIED INCIDENT,OFFICIALLY_VERIFIED,HIGH,True,OFFICIAL_HISTORICAL_RECORD
CHN-INC-2198,CHN-2015-DEPTH-0118,2015-12-02,Chennai Floods 2015,Chennai Floods 2015 Waterlogging Point,13.043373,80.219828,131,Ward 131 (Kodambakkam),10,Kodambakkam,waterlogging,critical,8,Data Unavailable,Chennai Floods 2015 Waterlogging Point | completely inundated | Depth: 8 ft,Chennai Inundation Points with Measured Depth,CHN-2015-DEPTH,https://data.opencity.in/dataset/022dd080-e927-40d7-897d-adf3ee98ad69/resource/ceddf53f-03c0-4866-8ba8-5e84c8007a85/download/814ca028-4c84-4bd0-aa67-6dbaeb9b6ba5.kml,VERIFIED INCIDENT,OFFICIALLY_VERIFIED,HIGH,True,OFFICIAL_HISTORICAL_RECORD
CHN-INC-2199,CHN-2015-DEPTH-0119,2015-12-02,Chennai Floods 2015,Chennai Floods 2015 Waterlogging Point,13.043043,80.221493,131,Ward 131 (Kodambakkam),10,Kodambakkam,waterlogging,critical,11,Data Unavailable,Chennai Floods 2015 Waterlogging Point | completely inundated | Depth: 11 ft,Chennai Inundation Points with Measured Depth,CHN-2015-DEPTH,https://data.opencity.in/dataset/022dd080-e927-40d7-897d-adf3ee98ad69/resource/ceddf53f-03c0-4866-8ba8-5e84c8007a85/download/814ca028-4c84-4bd0-aa67-6dbaeb9b6ba5.kml,VERIFIED INCIDENT,OFFICIALLY_VERIFIED,HIGH,True,OFFICIAL_HISTORICAL_RECORD
CHN-INC-2200,CHN-2015-DEPTH-0120,2015-12-02,Chennai Floods 2015,Chennai Floods 2015 Waterlogging Point,13.042049,80.225402,134,Ward 134 (Kodambakkam),10,Kodambakkam,waterlogging,critical,11,Data Unavailable,Chennai Floods 2015 Waterlogging Point | completely inundated | Depth: 11 ft,Chennai Inundation Points with Measured Depth,CHN-2015-DEPTH,https://data.opencity.in/dataset/022dd080-e927-40d7-897d-adf3ee98ad69/resource/ceddf53f-03c0-4866-8ba8-5e84c8007a85/download/814ca028-4c84-4bd0-aa67-6dbaeb9b6ba5.kml,VERIFIED INCIDENT,OFFICIALLY_VERIFIED,HIGH,True,OFFICIAL_HISTORICAL_RECORD
CHN-INC-2201,CHN-2015-DEPTH-0121,2015-12-02,Chennai Floods 2015,Chennai Floods 2015 Waterlogging Point,13.041797,80.22642,134,Ward 134 (Kodambakkam),10,Kodambakkam,waterlogging,critical,11,Data Unavailable,Chennai Floods 2015 Waterlogging Point | completely inundated | Depth: 11 ft,Chennai Inundation Points with Measured Depth,CHN-2015-DEPTH,https://data.opencity.in/dataset/022dd080-e927-40d7-897d-adf3ee98ad69/resource/ceddf53f-03c0-4866-8ba8-5e84c8007a85/download/814ca028-4c84-4bd0-aa67-6dbaeb9b6ba5.kml,VERIFIED INCIDENT,OFFICIALLY_VERIFIED,HIGH,True,OFFICIAL_HISTORICAL_RECORD
CHN-INC-2202,CHN-2015-DEPTH-0122,2015-12-02,Chennai Floods 2015,Chennai Floods 2015 Waterlogging Point,13.041265,80.228831,133,Ward 133 (Kodambakkam),10,Kodambakkam,waterlogging,critical,60,Data Unavailable,Chennai Floods 2015 Waterlogging Point | completely inundated  and subway closed | Depth: 60 ft,Chennai Inundation Points with Measured Depth,CHN-2015-DEPTH,https://data.opencity.in/dataset/022dd080-e927-40d7-897d-adf3ee98ad69/resource/ceddf53f-03c0-4866-8ba8-5e84c8007a85/download/814ca028-4c84-4bd0-aa67-6dbaeb9b6ba5.kml,VERIFIED INCIDENT,OFFICIALLY_VERIFIED,HIGH,True,OFFICIAL_HISTORICAL_RECORD
CHN-INC-2203,CHN-2015-DEPTH-0123,2015-12-02,Chennai Floods 2015,Chennai Floods 2015 Waterlogging Point,13.042243,80.224938,134,Ward 134 (Kodambakkam),10,Kodambakkam,waterlogging,critical,9,Data Unavailable,Chennai Floods 2015 Waterlogging Point | completely inundated junction | Depth: 9 ft,Chennai Inundation Points with Measured Depth,CHN-2015-DEPTH,https://data.opencity.in/dataset/022dd080-e927-40d7-897d-adf3ee98ad69/resource/ceddf53f-03c0-4866-8ba8-5e84c8007a85/download/814ca028-4c84-4bd0-aa67-6dbaeb9b6ba5.kml,VERIFIED INCIDENT,OFFICIALLY_VERIFIED,HIGH,True,OFFICIAL_HISTORICAL_RECORD
CHN-INC-2204,CHN-2015-DEPTH-0124,2015-12-02,Chennai Floods 2015,Chennai Floods 2015 Waterlogging Point,13.045311,80.225789,132,Ward 132 (Kodambakkam),10,Kodambakkam,waterlogging,critical,11,Data Unavailable,Chennai Floods 2015 Waterlogging Point | completely inundated | Depth: 11 ft,Chennai Inundation Points with Measured Depth,CHN-2015-DEPTH,https://data.opencity.in/dataset/022dd080-e927-40d7-897d-adf3ee98ad69/resource/ceddf53f-03c0-4866-8ba8-5e84c8007a85/download/814ca028-4c84-4bd0-aa67-6dbaeb9b6ba5.kml,VERIFIED INCIDENT,OFFICIALLY_VERIFIED,HIGH,True,OFFICIAL_HISTORICAL_RECORD
CHN-INC-2205,CHN-2015-DEPTH-0125,2015-12-02,Chennai Floods 2015,Chennai Floods 2015 Waterlogging Point,13.046206,80.226079,132,Ward 132 (Kodambakkam),10,Kodambakkam,waterlogging,critical,11,Data Unavailable,Chennai Floods 2015 Waterlogging Point | Depth: 11 ft,Chennai Inundation Points with Measured Depth,CHN-2015-DEPTH,https://data.opencity.in/dataset/022dd080-e927-40d7-897d-adf3ee98ad69/resource/ceddf53f-03c0-4866-8ba8-5e84c8007a85/download/814ca028-4c84-4bd0-aa67-6dbaeb9b6ba5.kml,VERIFIED INCIDENT,OFFICIALLY_VERIFIED,HIGH,True,OFFICIAL_HISTORICAL_RECORD
CHN-INC-2206,CHN-2015-DEPTH-0126,2015-12-02,Chennai Floods 2015,Chennai Floods 2015 Waterlogging Point,13.046693,80.22621,132,Ward 132 (Kodambakkam),10,Kodambakkam,waterlogging,critical,11,Data Unavailable,Chennai Floods 2015 Waterlogging Point | completely inundated | Depth: 11 ft,Chennai Inundation Points with Measured Depth,CHN-2015-DEPTH,https://data.opencity.in/dataset/022dd080-e927-40d7-897d-adf3ee98ad69/resource/ceddf53f-03c0-4866-8ba8-5e84c8007a85/download/814ca028-4c84-4bd0-aa67-6dbaeb9b6ba5.kml,VERIFIED INCIDENT,OFFICIALLY_VERIFIED,HIGH,True,OFFICIAL_HISTORICAL_RECORD
CHN-INC-2207,CHN-2015-DEPTH-0127,2015-12-02,Chennai Floods 2015,Chennai Floods 2015 Waterlogging Point,13.046747,80.226039,132,Ward 132 (Kodambakkam),10,Kodambakkam,waterlogging,critical,11,Data Unavailable,Chennai Floods 2015 Waterlogging Point | completely inundated blocking junction | Depth: 11 ft,Chennai Inundation Points with Measured Depth,CHN-2015-DEPTH,https://data.opencity.in/dataset/022dd080-e927-40d7-897d-adf3ee98ad69/resource/ceddf53f-03c0-4866-8ba8-5e84c8007a85/download/814ca028-4c84-4bd0-aa67-6dbaeb9b6ba5.kml,VERIFIED INCIDENT,OFFICIALLY_VERIFIED,HIGH,True,OFFICIAL_HISTORICAL_RECORD
CHN-INC-2208,CHN-2015-DEPTH-0128,2015-12-02,Chennai Floods 2015,Chennai Floods 2015 Waterlogging Point,13.047438,80.232969,133,Ward 133 (Kodambakkam),10,Kodambakkam,waterlogging,critical,13,Data Unavailable,Chennai Floods 2015 Waterlogging Point | completely inundated | Depth: 13 ft,Chennai Inundation Points with Measured Depth,CHN-2015-DEPTH,https://data.opencity.in/dataset/022dd080-e927-40d7-897d-adf3ee98ad69/resource/ceddf53f-03c0-4866-8ba8-5e84c8007a85/download/814ca028-4c84-4bd0-aa67-6dbaeb9b6ba5.kml,VERIFIED INCIDENT,OFFICIALLY_VERIFIED,HIGH,True,OFFICIAL_HISTORICAL_RECORD
CHN-INC-2209,CHN-2015-DEPTH-0129,2015-12-02,Chennai Floods 2015,Chennai Floods 2015 Waterlogging Point,13.046916,80.233005,133,Ward 133 (Kodambakkam),10,Kodambakkam,waterlogging,critical,9,Data Unavailable,Chennai Floods 2015 Waterlogging Point | completely inundated | Depth: 9 ft,Chennai Inundation Points with Measured Depth,CHN-2015-DEPTH,https://data.opencity.in/dataset/022dd080-e927-40d7-897d-adf3ee98ad69/resource/ceddf53f-03c0-4866-8ba8-5e84c8007a85/download/814ca028-4c84-4bd0-aa67-6dbaeb9b6ba5.kml,VERIFIED INCIDENT,OFFICIALLY_VERIFIED,HIGH,True,OFFICIAL_HISTORICAL_RECORD
CHN-INC-2210,CHN-2015-DEPTH-0130,2015-12-02,Chennai Floods 2015,Chennai Floods 2015 Waterlogging Point,13.043598,80.232476,133,Ward 133 (Kodambakkam),10,Kodambakkam,waterlogging,critical,11,Data Unavailable,Chennai Floods 2015 Waterlogging Point | completely inundated | Depth: 11 ft,Chennai Inundation Points with Measured Depth,CHN-2015-DEPTH,https://data.opencity.in/dataset/022dd080-e927-40d7-897d-adf3ee98ad69/resource/ceddf53f-03c0-4866-8ba8-5e84c8007a85/download/814ca028-4c84-4bd0-aa67-6dbaeb9b6ba5.kml,VERIFIED INCIDENT,OFFICIALLY_VERIFIED,HIGH,True,OFFICIAL_HISTORICAL_RECORD
CHN-INC-2211,CHN-2015-DEPTH-0131,2015-12-02,Chennai Floods 2015,Chennai Floods 2015 Waterlogging Point,13.045288,80.232853,133,Ward 133 (Kodambakkam),10,Kodambakkam,waterlogging,critical,11,Data Unavailable,Chennai Floods 2015 Waterlogging Point | completely inundated | Depth: 11 ft,Chennai Inundation Points with Measured Depth,CHN-2015-DEPTH,https://data.opencity.in/dataset/022dd080-e927-40d7-897d-adf3ee98ad69/resource/ceddf53f-03c0-4866-8ba8-5e84c8007a85/download/814ca028-4c84-4bd0-aa67-6dbaeb9b6ba5.kml,VERIFIED INCIDENT,OFFICIALLY_VERIFIED,HIGH,True,OFFICIAL_HISTORICAL_RECORD
CHN-INC-2212,CHN-2015-DEPTH-0132,2015-12-02,Chennai Floods 2015,Chennai Floods 2015 Waterlogging Point,13.048453,80.233219,113,Ward 113 (Teynampet),9,Teynampet,waterlogging,critical,11,Data Unavailable,Chennai Floods 2015 Waterlogging Point | completely inundated | Depth: 11 ft,Chennai Inundation Points with Measured Depth,CHN-2015-DEPTH,https://data.opencity.in/dataset/022dd080-e927-40d7-897d-adf3ee98ad69/resource/ceddf53f-03c0-4866-8ba8-5e84c8007a85/download/814ca028-4c84-4bd0-aa67-6dbaeb9b6ba5.kml,VERIFIED INCIDENT,OFFICIALLY_VERIFIED,HIGH,True,OFFICIAL_HISTORICAL_RECORD
CHN-INC-2213,CHN-2015-DEPTH-0133,2015-12-02,Chennai Floods 2015,Chennai Floods 2015 Waterlogging Point,13.050055,80.233413,113,Ward 113 (Teynampet),9,Teynampet,waterlogging,critical,5,Data Unavailable,Chennai Floods 2015 Waterlogging Point | Depth: 5 ft,Chennai Inundation Points with Measured Depth,CHN-2015-DEPTH,https://data.opencity.in/dataset/022dd080-e927-40d7-897d-adf3ee98ad69/resource/ceddf53f-03c0-4866-8ba8-5e84c8007a85/download/814ca028-4c84-4bd0-aa67-6dbaeb9b6ba5.kml,VERIFIED INCIDENT,OFFICIALLY_VERIFIED,HIGH,True,OFFICIAL_HISTORICAL_RECORD
CHN-INC-2214,CHN-2015-DEPTH-0134,2015-12-02,Chennai Floods 2015,Chennai Floods 2015 Waterlogging Point,13.053116,80.234255,113,Ward 113 (Teynampet),9,Teynampet,waterlogging,critical,12,Data Unavailable,Chennai Floods 2015 Waterlogging Point | completely inundated | Depth: 12 ft,Chennai Inundation Points with Measured Depth,CHN-2015-DEPTH,https://data.opencity.in/dataset/022dd080-e927-40d7-897d-adf3ee98ad69/resource/ceddf53f-03c0-4866-8ba8-5e84c8007a85/download/814ca028-4c84-4bd0-aa67-6dbaeb9b6ba5.kml,VERIFIED INCIDENT,OFFICIALLY_VERIFIED,HIGH,True,OFFICIAL_HISTORICAL_RECORD
CHN-INC-2215,CHN-2015-DEPTH-0135,2015-12-02,Chennai Floods 2015,Chennai Floods 2015 Waterlogging Point,13.04525,80.240095,133,Ward 133 (Kodambakkam),10,Kodambakkam,waterlogging,critical,9,Data Unavailable,Chennai Floods 2015 Waterlogging Point | completely inundated under flyover upto 7 | Depth: 9 ft,Chennai Inundation Points with Measured Depth,CHN-2015-DEPTH,https://data.opencity.in/dataset/022dd080-e927-40d7-897d-adf3ee98ad69/resource/ceddf53f-03c0-4866-8ba8-5e84c8007a85/download/814ca028-4c84-4bd0-aa67-6dbaeb9b6ba5.kml,VERIFIED INCIDENT,OFFICIALLY_VERIFIED,HIGH,True,OFFICIAL_HISTORICAL_RECORD
CHN-INC-2216,CHN-2015-DEPTH-0136,2015-12-02,Chennai Floods 2015,Chennai Floods 2015 Waterlogging Point,13.044951,80.240289,133,Ward 133 (Kodambakkam),10,Kodambakkam,waterlogging,critical,11,Data Unavailable,Chennai Floods 2015 Waterlogging Point | Depth: 11 ft,Chennai Inundation Points with Measured Depth,CHN-2015-DEPTH,https://data.opencity.in/dataset/022dd080-e927-40d7-897d-adf3ee98ad69/resource/ceddf53f-03c0-4866-8ba8-5e84c8007a85/download/814ca028-4c84-4bd0-aa67-6dbaeb9b6ba5.kml,VERIFIED INCIDENT,OFFICIALLY_VERIFIED,HIGH,True,OFFICIAL_HISTORICAL_RECORD
CHN-INC-2217,CHN-2015-DEPTH-0137,2015-12-02,Chennai Floods 2015,Chennai Floods 2015 Waterlogging Point,13.044637,80.239571,133,Ward 133 (Kodambakkam),10,Kodambakkam,waterlogging,critical,8,Data Unavailable,Chennai Floods 2015 Waterlogging Point | completely inundated under flyover upto  8 | Depth: 8 ft,Chennai Inundation Points with Measured Depth,CHN-2015-DEPTH,https://data.opencity.in/dataset/022dd080-e927-40d7-897d-adf3ee98ad69/resource/ceddf53f-03c0-4866-8ba8-5e84c8007a85/download/814ca028-4c84-4bd0-aa67-6dbaeb9b6ba5.kml,VERIFIED INCIDENT,OFFICIALLY_VERIFIED,HIGH,True,OFFICIAL_HISTORICAL_RECORD
CHN-INC-2218,CHN-2015-DEPTH-0138,2015-12-02,Chennai Floods 2015,Chennai Floods 2015 Waterlogging Point,13.035077,80.230462,141,Ward 141 (Kodambakkam),10,Kodambakkam,waterlogging,critical,10,Data Unavailable,Chennai Floods 2015 Waterlogging Point | completely inundated | Depth: 10 ft,Chennai Inundation Points with Measured Depth,CHN-2015-DEPTH,https://data.opencity.in/dataset/022dd080-e927-40d7-897d-adf3ee98ad69/resource/ceddf53f-03c0-4866-8ba8-5e84c8007a85/download/814ca028-4c84-4bd0-aa67-6dbaeb9b6ba5.kml,VERIFIED INCIDENT,OFFICIALLY_VERIFIED,HIGH,True,OFFICIAL_HISTORICAL_RECORD
CHN-INC-2219,CHN-2015-DEPTH-0139,2015-12-02,Chennai Floods 2015,Chennai Floods 2015 Waterlogging Point,13.03451,80.2304,141,Ward 141 (Kodambakkam),10,Kodambakkam,waterlogging,critical,8,Data Unavailable,Chennai Floods 2015 Waterlogging Point | completely inundated upto 10 | Depth: 8 ft,Chennai Inundation Points with Measured Depth,CHN-2015-DEPTH,https://data.opencity.in/dataset/022dd080-e927-40d7-897d-adf3ee98ad69/resource/ceddf53f-03c0-4866-8ba8-5e84c8007a85/download/814ca028-4c84-4bd0-aa67-6dbaeb9b6ba5.kml,VERIFIED INCIDENT,OFFICIALLY_VERIFIED,HIGH,True,OFFICIAL_HISTORICAL_RECORD
CHN-INC-2220,CHN-2015-DEPTH-0140,2015-12-02,Chennai Floods 2015,Chennai Floods 2015 Waterlogging Point,13.035109,80.230113,141,Ward 141 (Kodambakkam),10,Kodambakkam,waterlogging,critical,8,Data Unavailable,Chennai Floods 2015 Waterlogging Point | completely inundated upto 10 | Depth: 8 ft,Chennai Inundation Points with Measured Depth,CHN-2015-DEPTH,https://data.opencity.in/dataset/022dd080-e927-40d7-897d-adf3ee98ad69/resource/ceddf53f-03c0-4866-8ba8-5e84c8007a85/download/814ca028-4c84-4bd0-aa67-6dbaeb9b6ba5.kml,VERIFIED INCIDENT,OFFICIALLY_VERIFIED,HIGH,True,OFFICIAL_HISTORICAL_RECORD
CHN-INC-2221,CHN-2015-DEPTH-0141,2015-12-02,Chennai Floods 2015,Chennai Floods 2015 Waterlogging Point,13.036956,80.236042,133,Ward 133 (Kodambakkam),10,Kodambakkam,waterlogging,critical,20,Data Unavailable,Chennai Floods 2015 Waterlogging Point | completely inundated upto 15inches | Depth: 20 ft,Chennai Inundation Points with Measured Depth,CHN-2015-DEPTH,https://data.opencity.in/dataset/022dd080-e927-40d7-897d-adf3ee98ad69/resource/ceddf53f-03c0-4866-8ba8-5e84c8007a85/download/814ca028-4c84-4bd0-aa67-6dbaeb9b6ba5.kml,VERIFIED INCIDENT,OFFICIALLY_VERIFIED,HIGH,True,OFFICIAL_HISTORICAL_RECORD
CHN-INC-2222,CHN-2015-DEPTH-0142,2015-12-02,Chennai Floods 2015,Chennai Floods 2015 Waterlogging Point,13.039879,80.243185,117,Ward 117 (Kodambakkam),10,Kodambakkam,waterlogging,critical,15,Data Unavailable,Chennai Floods 2015 Waterlogging Point | completely inundated upto 10 inch reported | Depth: 15 ft,Chennai Inundation Points with Measured Depth,CHN-2015-DEPTH,https://data.opencity.in/dataset/022dd080-e927-40d7-897d-adf3ee98ad69/resource/ceddf53f-03c0-4866-8ba8-5e84c8007a85/download/814ca028-4c84-4bd0-aa67-6dbaeb9b6ba5.kml,VERIFIED INCIDENT,OFFICIALLY_VERIFIED,HIGH,True,OFFICIAL_HISTORICAL_RECORD
CHN-INC-2223,CHN-2015-DEPTH-0143,2015-12-02,Chennai Floods 2015,Chennai Floods 2015 Waterlogging Point,13.053554,80.235887,110,Ward 110 (Teynampet),9,Teynampet,waterlogging,critical,7,Data Unavailable,Chennai Floods 2015 Waterlogging Point | partially inundated | Depth: 7 ft,Chennai Inundation Points with Measured Depth,CHN-2015-DEPTH,https://data.opencity.in/dataset/022dd080-e927-40d7-897d-adf3ee98ad69/resource/ceddf53f-03c0-4866-8ba8-5e84c8007a85/download/814ca028-4c84-4bd0-aa67-6dbaeb9b6ba5.kml,VERIFIED INCIDENT,OFFICIALLY_VERIFIED,HIGH,True,OFFICIAL_HISTORICAL_RECORD
CHN-INC-2224,CHN-2015-DEPTH-0144,2015-12-02,Chennai Floods 2015,Chennai Floods 2015 Waterlogging Point,13.054069,80.228367,132,Ward 132 (Kodambakkam),10,Kodambakkam,waterlogging,critical,7,Data Unavailable,Chennai Floods 2015 Waterlogging Point | partially inundated | Depth: 7 ft,Chennai Inundation Points with Measured Depth,CHN-2015-DEPTH,https://data.opencity.in/dataset/022dd080-e927-40d7-897d-adf3ee98ad69/resource/ceddf53f-03c0-4866-8ba8-5e84c8007a85/download/814ca028-4c84-4bd0-aa67-6dbaeb9b6ba5.kml,VERIFIED INCIDENT,OFFICIALLY_VERIFIED,HIGH,True,OFFICIAL_HISTORICAL_RECORD
CHN-INC-2225,CHN-2015-DEPTH-0145,2015-12-02,Chennai Floods 2015,Chennai Floods 2015 Waterlogging Point,13.053743,80.225763,132,Ward 132 (Kodambakkam),10,Kodambakkam,waterlogging,critical,10,Data Unavailable,Chennai Floods 2015 Waterlogging Point | partially inundated reported upto 7 | Depth: 10 ft,Chennai Inundation Points with Measured Depth,CHN-2015-DEPTH,https://data.opencity.in/dataset/022dd080-e927-40d7-897d-adf3ee98ad69/resource/ceddf53f-03c0-4866-8ba8-5e84c8007a85/download/814ca028-4c84-4bd0-aa67-6dbaeb9b6ba5.kml,VERIFIED INCIDENT,OFFICIALLY_VERIFIED,HIGH,True,OFFICIAL_HISTORICAL_RECORD
CHN-INC-2226,CHN-2015-DEPTH-0146,2015-12-02,Chennai Floods 2015,Chennai Floods 2015 Waterlogging Point,13.050825,80.219986,132,Ward 132 (Kodambakkam),10,Kodambakkam,waterlogging,critical,9,Data Unavailable,Chennai Floods 2015 Waterlogging Point | completely inundated | Depth: 9 ft,Chennai Inundation Points with Measured Depth,CHN-2015-DEPTH,https://data.opencity.in/dataset/022dd080-e927-40d7-897d-adf3ee98ad69/resource/ceddf53f-03c0-4866-8ba8-5e84c8007a85/download/814ca028-4c84-4bd0-aa67-6dbaeb9b6ba5.kml,VERIFIED INCIDENT,OFFICIALLY_VERIFIED,HIGH,True,OFFICIAL_HISTORICAL_RECORD
CHN-INC-2227,CHN-2015-DEPTH-0147,2015-12-02,Chennai Floods 2015,Chennai Floods 2015 Waterlogging Point,13.047478,80.219008,132,Ward 132 (Kodambakkam),10,Kodambakkam,waterlogging,critical,9,Data Unavailable,Chennai Floods 2015 Waterlogging Point | completely inundated | Depth: 9 ft,Chennai Inundation Points with Measured Depth,CHN-2015-DEPTH,https://data.opencity.in/dataset/022dd080-e927-40d7-897d-adf3ee98ad69/resource/ceddf53f-03c0-4866-8ba8-5e84c8007a85/download/814ca028-4c84-4bd0-aa67-6dbaeb9b6ba5.kml,VERIFIED INCIDENT,OFFICIALLY_VERIFIED,HIGH,True,OFFICIAL_HISTORICAL_RECORD
CHN-INC-2228,CHN-2015-DEPTH-0148,2015-12-02,Chennai Floods 2015,Chennai Floods 2015 Waterlogging Point,13.044058,80.217646,131,Ward 131 (Kodambakkam),10,Kodambakkam,waterlogging,critical,9,Data Unavailable,Chennai Floods 2015 Waterlogging Point | completely inundated | Depth: 9 ft,Chennai Inundation Points with Measured Depth,CHN-2015-DEPTH,https://data.opencity.in/dataset/022dd080-e927-40d7-897d-adf3ee98ad69/resource/ceddf53f-03c0-4866-8ba8-5e84c8007a85/download/814ca028-4c84-4bd0-aa67-6dbaeb9b6ba5.kml,VERIFIED INCIDENT,OFFICIALLY_VERIFIED,HIGH,True,OFFICIAL_HISTORICAL_RECORD
CHN-INC-2229,CHN-2015-DEPTH-0149,2015-12-02,Chennai Floods 2015,Chennai Floods 2015 Waterlogging Point,13.051842,80.218557,131,Ward 131 (Kodambakkam),10,Kodambakkam,waterlogging,critical,12,Data Unavailable,Chennai Floods 2015 Waterlogging Point | completely inundated covering entirely road | Depth: 12 ft,Chennai Inundation Points with Measured Depth,CHN-2015-DEPTH,https://data.opencity.in/dataset/022dd080-e927-40d7-897d-adf3ee98ad69/resource/ceddf53f-03c0-4866-8ba8-5e84c8007a85/download/814ca028-4c84-4bd0-aa67-6dbaeb9b6ba5.kml,VERIFIED INCIDENT,OFFICIALLY_VERIFIED,HIGH,True,OFFICIAL_HISTORICAL_RECORD
CHN-INC-2230,CHN-2015-DEPTH-0150,2015-12-02,Chennai Floods 2015,Chennai Floods 2015 Waterlogging Point,13.050908,80.215795,131,Ward 131 (Kodambakkam),10,Kodambakkam,waterlogging,critical,12,Data Unavailable,Chennai Floods 2015 Waterlogging Point | completely inundated covering entirely road | Depth: 12 ft,Chennai Inundation Points with Measured Depth,CHN-2015-DEPTH,https://data.opencity.in/dataset/022dd080-e927-40d7-897d-adf3ee98ad69/resource/ceddf53f-03c0-4866-8ba8-5e84c8007a85/download/814ca028-4c84-4bd0-aa67-6dbaeb9b6ba5.kml,VERIFIED INCIDENT,OFFICIALLY_VERIFIED,HIGH,True,OFFICIAL_HISTORICAL_RECORD
CHN-INC-2231,CHN-2015-DEPTH-0151,2015-12-02,Chennai Floods 2015,Chennai Floods 2015 Waterlogging Point,13.050136,80.213696,130,Ward 130 (Kodambakkam),10,Kodambakkam,waterlogging,critical,11,Data Unavailable,Chennai Floods 2015 Waterlogging Point | completely flooded bocking entire road | Depth: 11 ft,Chennai Inundation Points with Measured Depth,CHN-2015-DEPTH,https://data.opencity.in/dataset/022dd080-e927-40d7-897d-adf3ee98ad69/resource/ceddf53f-03c0-4866-8ba8-5e84c8007a85/download/814ca028-4c84-4bd0-aa67-6dbaeb9b6ba5.kml,VERIFIED INCIDENT,OFFICIALLY_VERIFIED,HIGH,True,OFFICIAL_HISTORICAL_RECORD
CHN-INC-2232,CHN-2015-DEPTH-0152,2015-12-02,Chennai Floods 2015,Chennai Floods 2015 Waterlogging Point,13.16461,80.206621,23,Ward 23 (Madhavaram),3,Madhavaram,waterlogging,critical,7,Data Unavailable,Chennai Floods 2015 Waterlogging Point | road damage and water stagnant | Depth: 7 ft,Chennai Inundation Points with Measured Depth,CHN-2015-DEPTH,https://data.opencity.in/dataset/022dd080-e927-40d7-897d-adf3ee98ad69/resource/ceddf53f-03c0-4866-8ba8-5e84c8007a85/download/814ca028-4c84-4bd0-aa67-6dbaeb9b6ba5.kml,VERIFIED INCIDENT,OFFICIALLY_VERIFIED,HIGH,True,OFFICIAL_HISTORICAL_RECORD
CHN-INC-2233,CHN-2015-DEPTH-0153,2015-12-02,Chennai Floods 2015,Chennai Floods 2015 Waterlogging Point,13.163277,80.208774,24,Ward 24 (Madhavaram),3,Madhavaram,waterlogging,critical,7,Data Unavailable,Chennai Floods 2015 Waterlogging Point | water stagnant and drainage water into the road | Depth: 7 ft,Chennai Inundation Points with Measured Depth,CHN-2015-DEPTH,https://data.opencity.in/dataset/022dd080-e927-40d7-897d-adf3ee98ad69/resource/ceddf53f-03c0-4866-8ba8-5e84c8007a85/download/814ca028-4c84-4bd0-aa67-6dbaeb9b6ba5.kml,VERIFIED INCIDENT,OFFICIALLY_VERIFIED,HIGH,True,OFFICIAL_HISTORICAL_RECORD
CHN-INC-2234,CHN-2015-DEPTH-0154,2015-12-02,Chennai Floods 2015,Chennai Floods 2015 Waterlogging Point,13.162123,80.208777,24,Ward 24 (Madhavaram),3,Madhavaram,waterlogging,critical,7.5,Data Unavailable,Chennai Floods 2015 Waterlogging Point | road damage | Depth: 7.5 ft,Chennai Inundation Points with Measured Depth,CHN-2015-DEPTH,https://data.opencity.in/dataset/022dd080-e927-40d7-897d-adf3ee98ad69/resource/ceddf53f-03c0-4866-8ba8-5e84c8007a85/download/814ca028-4c84-4bd0-aa67-6dbaeb9b6ba5.kml,VERIFIED INCIDENT,OFFICIALLY_VERIFIED,HIGH,True,OFFICIAL_HISTORICAL_RECORD
CHN-INC-2235,CHN-2015-DEPTH-0155,2015-12-02,Chennai Floods 2015,Chennai Floods 2015 Waterlogging Point,13.162466,80.208765,24,Ward 24 (Madhavaram),3,Madhavaram,waterlogging,critical,7.5,Data Unavailable,Chennai Floods 2015 Waterlogging Point | road damage and water stagnant | Depth: 7.5 ft,Chennai Inundation Points with Measured Depth,CHN-2015-DEPTH,https://data.opencity.in/dataset/022dd080-e927-40d7-897d-adf3ee98ad69/resource/ceddf53f-03c0-4866-8ba8-5e84c8007a85/download/814ca028-4c84-4bd0-aa67-6dbaeb9b6ba5.kml,VERIFIED INCIDENT,OFFICIALLY_VERIFIED,HIGH,True,OFFICIAL_HISTORICAL_RECORD
CHN-INC-2236,CHN-2015-DEPTH-0156,2015-12-02,Chennai Floods 2015,Chennai Floods 2015 Waterlogging Point,13.160816,80.207906,24,Ward 24 (Madhavaram),3,Madhavaram,waterlogging,critical,9,Data Unavailable,Chennai Floods 2015 Waterlogging Point | road damage and water stagnant | Depth: 9 ft,Chennai Inundation Points with Measured Depth,CHN-2015-DEPTH,https://data.opencity.in/dataset/022dd080-e927-40d7-897d-adf3ee98ad69/resource/ceddf53f-03c0-4866-8ba8-5e84c8007a85/download/814ca028-4c84-4bd0-aa67-6dbaeb9b6ba5.kml,VERIFIED INCIDENT,OFFICIALLY_VERIFIED,HIGH,True,OFFICIAL_HISTORICAL_RECORD
CHN-INC-2237,CHN-2015-DEPTH-0157,2015-12-02,Chennai Floods 2015,Chennai Floods 2015 Waterlogging Point,13.152824,80.208722,31,Ward 31 (Madhavaram),3,Madhavaram,waterlogging,critical,9,Data Unavailable,Chennai Floods 2015 Waterlogging Point | water stagnant | Depth: 9 ft,Chennai Inundation Points with Measured Depth,CHN-2015-DEPTH,https://data.opencity.in/dataset/022dd080-e927-40d7-897d-adf3ee98ad69/resource/ceddf53f-03c0-4866-8ba8-5e84c8007a85/download/814ca028-4c84-4bd0-aa67-6dbaeb9b6ba5.kml,VERIFIED INCIDENT,OFFICIALLY_VERIFIED,HIGH,True,OFFICIAL_HISTORICAL_RECORD
CHN-INC-2238,CHN-2015-DEPTH-0158,2015-12-02,Chennai Floods 2015,Chennai Floods 2015 Waterlogging Point,13.144915,80.223201,25,Ward 25 (Madhavaram),3,Madhavaram,waterlogging,critical,11,Data Unavailable,Chennai Floods 2015 Waterlogging Point | water stagnant and road damage | Depth: 11 ft,Chennai Inundation Points with Measured Depth,CHN-2015-DEPTH,https://data.opencity.in/dataset/022dd080-e927-40d7-897d-adf3ee98ad69/resource/ceddf53f-03c0-4866-8ba8-5e84c8007a85/download/814ca028-4c84-4bd0-aa67-6dbaeb9b6ba5.kml,VERIFIED INCIDENT,OFFICIALLY_VERIFIED,HIGH,True,OFFICIAL_HISTORICAL_RECORD
CHN-INC-2239,CHN-2015-DEPTH-0159,2015-12-02,Chennai Floods 2015,Chennai Floods 2015 Waterlogging Point,13.144056,80.254358,34,Ward 34 (Tondiarpet),4,Tondiarpet,waterlogging,critical,13,Data Unavailable,Chennai Floods 2015 Waterlogging Point | water stagnant and drainage water into the road and road closed | Depth: 13 ft,Chennai Inundation Points with Measured Depth,CHN-2015-DEPTH,https://data.opencity.in/dataset/022dd080-e927-40d7-897d-adf3ee98ad69/resource/ceddf53f-03c0-4866-8ba8-5e84c8007a85/download/814ca028-4c84-4bd0-aa67-6dbaeb9b6ba5.kml,VERIFIED INCIDENT,OFFICIALLY_VERIFIED,HIGH,True,OFFICIAL_HISTORICAL_RECORD
CHN-INC-2240,CHN-2015-DEPTH-0160,2015-12-02,Chennai Floods 2015,Chennai Floods 2015 Waterlogging Point,13.14472,80.254424,34,Ward 34 (Tondiarpet),4,Tondiarpet,waterlogging,critical,9.5,Data Unavailable,Chennai Floods 2015 Waterlogging Point | water stagnant | Depth: 9.5 ft,Chennai Inundation Points with Measured Depth,CHN-2015-DEPTH,https://data.opencity.in/dataset/022dd080-e927-40d7-897d-adf3ee98ad69/resource/ceddf53f-03c0-4866-8ba8-5e84c8007a85/download/814ca028-4c84-4bd0-aa67-6dbaeb9b6ba5.kml,VERIFIED INCIDENT,OFFICIALLY_VERIFIED,HIGH,True,OFFICIAL_HISTORICAL_RECORD
CHN-INC-2241,CHN-2015-DEPTH-0161,2015-12-02,Chennai Floods 2015,Chennai Floods 2015 Waterlogging Point,13.153921,80.257014,22,Ward 22 (Manali),2,Manali,waterlogging,critical,11,Data Unavailable,Chennai Floods 2015 Waterlogging Point | water stagnant | Depth: 11 ft,Chennai Inundation Points with Measured Depth,CHN-2015-DEPTH,https://data.opencity.in/dataset/022dd080-e927-40d7-897d-adf3ee98ad69/resource/ceddf53f-03c0-4866-8ba8-5e84c8007a85/download/814ca028-4c84-4bd0-aa67-6dbaeb9b6ba5.kml,VERIFIED INCIDENT,OFFICIALLY_VERIFIED,HIGH,True,OFFICIAL_HISTORICAL_RECORD
CHN-INC-2242,CHN-2015-DEPTH-0162,2015-12-02,Chennai Floods 2015,Chennai Floods 2015 Waterlogging Point,13.153965,80.257437,22,Ward 22 (Manali),2,Manali,waterlogging,critical,8.5,Data Unavailable,Chennai Floods 2015 Waterlogging Point | water stagnant | Depth: 8.5 ft,Chennai Inundation Points with Measured Depth,CHN-2015-DEPTH,https://data.opencity.in/dataset/022dd080-e927-40d7-897d-adf3ee98ad69/resource/ceddf53f-03c0-4866-8ba8-5e84c8007a85/download/814ca028-4c84-4bd0-aa67-6dbaeb9b6ba5.kml,VERIFIED INCIDENT,OFFICIALLY_VERIFIED,HIGH,True,OFFICIAL_HISTORICAL_RECORD
CHN-INC-2243,CHN-2015-DEPTH-0163,2015-12-02,Chennai Floods 2015,Chennai Floods 2015 Waterlogging Point,13.156096,80.261058,22,Ward 22 (Manali),2,Manali,waterlogging,critical,7.5,Data Unavailable,Chennai Floods 2015 Waterlogging Point | Depth: 7.5 ft,Chennai Inundation Points with Measured Depth,CHN-2015-DEPTH,https://data.opencity.in/dataset/022dd080-e927-40d7-897d-adf3ee98ad69/resource/ceddf53f-03c0-4866-8ba8-5e84c8007a85/download/814ca028-4c84-4bd0-aa67-6dbaeb9b6ba5.kml,VERIFIED INCIDENT,OFFICIALLY_VERIFIED,HIGH,True,OFFICIAL_HISTORICAL_RECORD
CHN-INC-2244,CHN-2015-DEPTH-0164,2015-12-02,Chennai Floods 2015,Chennai Floods 2015 Waterlogging Point,13.153196,80.25757,22,Ward 22 (Manali),2,Manali,waterlogging,critical,10,Data Unavailable,Chennai Floods 2015 Waterlogging Point | water stagnant | Depth: 10 ft,Chennai Inundation Points with Measured Depth,CHN-2015-DEPTH,https://data.opencity.in/dataset/022dd080-e927-40d7-897d-adf3ee98ad69/resource/ceddf53f-03c0-4866-8ba8-5e84c8007a85/download/814ca028-4c84-4bd0-aa67-6dbaeb9b6ba5.kml,VERIFIED INCIDENT,OFFICIALLY_VERIFIED,HIGH,True,OFFICIAL_HISTORICAL_RECORD
CHN-INC-2245,CHN-2015-DEPTH-0165,2015-12-02,Chennai Floods 2015,Chennai Floods 2015 Waterlogging Point,13.151473,80.257961,22,Ward 22 (Manali),2,Manali,waterlogging,critical,11,Data Unavailable,Chennai Floods 2015 Waterlogging Point | water stagnant | Depth: 11 ft,Chennai Inundation Points with Measured Depth,CHN-2015-DEPTH,https://data.opencity.in/dataset/022dd080-e927-40d7-897d-adf3ee98ad69/resource/ceddf53f-03c0-4866-8ba8-5e84c8007a85/download/814ca028-4c84-4bd0-aa67-6dbaeb9b6ba5.kml,VERIFIED INCIDENT,OFFICIALLY_VERIFIED,HIGH,True,OFFICIAL_HISTORICAL_RECORD
CHN-INC-2246,CHN-2015-DEPTH-0166,2015-12-02,Chennai Floods 2015,Chennai Floods 2015 Waterlogging Point,13.148914,80.258157,22,Ward 22 (Manali),2,Manali,waterlogging,critical,11,Data Unavailable,Chennai Floods 2015 Waterlogging Point | water stagnant | Depth: 11 ft,Chennai Inundation Points with Measured Depth,CHN-2015-DEPTH,https://data.opencity.in/dataset/022dd080-e927-40d7-897d-adf3ee98ad69/resource/ceddf53f-03c0-4866-8ba8-5e84c8007a85/download/814ca028-4c84-4bd0-aa67-6dbaeb9b6ba5.kml,VERIFIED INCIDENT,OFFICIALLY_VERIFIED,HIGH,True,OFFICIAL_HISTORICAL_RECORD
CHN-INC-2247,CHN-2015-DEPTH-0167,2015-12-02,Chennai Floods 2015,Chennai Floods 2015 Waterlogging Point,13.149992,80.258446,22,Ward 22 (Manali),2,Manali,waterlogging,critical,15,Data Unavailable,Chennai Floods 2015 Waterlogging Point | water stagnant | Depth: 15 ft,Chennai Inundation Points with Measured Depth,CHN-2015-DEPTH,https://data.opencity.in/dataset/022dd080-e927-40d7-897d-adf3ee98ad69/resource/ceddf53f-03c0-4866-8ba8-5e84c8007a85/download/814ca028-4c84-4bd0-aa67-6dbaeb9b6ba5.kml,VERIFIED INCIDENT,OFFICIALLY_VERIFIED,HIGH,True,OFFICIAL_HISTORICAL_RECORD
CHN-INC-2248,CHN-2015-DEPTH-0168,2015-12-02,Chennai Floods 2015,Chennai Floods 2015 Waterlogging Point,13.130879,80.200792,33,Ward 33 (Madhavaram),3,Madhavaram,waterlogging,critical,13,Data Unavailable,Chennai Floods 2015 Waterlogging Point | water stagnant | Depth: 13 ft,Chennai Inundation Points with Measured Depth,CHN-2015-DEPTH,https://data.opencity.in/dataset/022dd080-e927-40d7-897d-adf3ee98ad69/resource/ceddf53f-03c0-4866-8ba8-5e84c8007a85/download/814ca028-4c84-4bd0-aa67-6dbaeb9b6ba5.kml,VERIFIED INCIDENT,OFFICIALLY_VERIFIED,HIGH,True,OFFICIAL_HISTORICAL_RECORD
CHN-INC-2249,CHN-2015-DEPTH-0169,2015-12-02,Chennai Floods 2015,Chennai Floods 2015 Waterlogging Point,13.133257,80.194152,32,Ward 32 (Madhavaram),3,Madhavaram,waterlogging,critical,10,Data Unavailable,Chennai Floods 2015 Waterlogging Point | water stagnant | Depth: 10 ft,Chennai Inundation Points with Measured Depth,CHN-2015-DEPTH,https://data.opencity.in/dataset/022dd080-e927-40d7-897d-adf3ee98ad69/resource/ceddf53f-03c0-4866-8ba8-5e84c8007a85/download/814ca028-4c84-4bd0-aa67-6dbaeb9b6ba5.kml,VERIFIED INCIDENT,OFFICIALLY_VERIFIED,HIGH,True,OFFICIAL_HISTORICAL_RECORD
CHN-INC-2250,CHN-2015-DEPTH-0170,2015-12-02,Chennai Floods 2015,Chennai Floods 2015 Waterlogging Point,13.129727,80.193823,83,Ward 83 (Ambattur),7,Ambattur,waterlogging,critical,11,Data Unavailable,Chennai Floods 2015 Waterlogging Point | Depth: 11 ft,Chennai Inundation Points with Measured Depth,CHN-2015-DEPTH,https://data.opencity.in/dataset/022dd080-e927-40d7-897d-adf3ee98ad69/resource/ceddf53f-03c0-4866-8ba8-5e84c8007a85/download/814ca028-4c84-4bd0-aa67-6dbaeb9b6ba5.kml,VERIFIED INCIDENT,OFFICIALLY_VERIFIED,HIGH,True,OFFICIAL_HISTORICAL_RECORD
CHN-INC-2251,CHN-2015-DEPTH-0171,2015-12-02,Chennai Floods 2015,Chennai Floods 2015 Waterlogging Point,13.145361,80.218929,30,Ward 30 (Madhavaram),3,Madhavaram,waterlogging,critical,9.5,Data Unavailable,Chennai Floods 2015 Waterlogging Point | water stagnant | Depth: 9.5 ft,Chennai Inundation Points with Measured Depth,CHN-2015-DEPTH,https://data.opencity.in/dataset/022dd080-e927-40d7-897d-adf3ee98ad69/resource/ceddf53f-03c0-4866-8ba8-5e84c8007a85/download/814ca028-4c84-4bd0-aa67-6dbaeb9b6ba5.kml,VERIFIED INCIDENT,OFFICIALLY_VERIFIED,HIGH,True,OFFICIAL_HISTORICAL_RECORD
CHN-INC-2252,CHN-2015-DEPTH-0172,2015-12-02,Chennai Floods 2015,Chennai Floods 2015 Waterlogging Point,13.146187,80.21778,30,Ward 30 (Madhavaram),3,Madhavaram,waterlogging,critical,11,Data Unavailable,Chennai Floods 2015 Waterlogging Point | water stagnant | Depth: 11 ft,Chennai Inundation Points with Measured Depth,CHN-2015-DEPTH,https://data.opencity.in/dataset/022dd080-e927-40d7-897d-adf3ee98ad69/resource/ceddf53f-03c0-4866-8ba8-5e84c8007a85/download/814ca028-4c84-4bd0-aa67-6dbaeb9b6ba5.kml,VERIFIED INCIDENT,OFFICIALLY_VERIFIED,HIGH,True,OFFICIAL_HISTORICAL_RECORD
CHN-INC-2253,CHN-2015-DEPTH-0173,2015-12-02,Chennai Floods 2015,Chennai Floods 2015 Waterlogging Point,13.141982,80.185548,32,Ward 32 (Madhavaram),3,Madhavaram,waterlogging,critical,9,Data Unavailable,Chennai Floods 2015 Waterlogging Point | water stagnant | Depth: 9 ft,Chennai Inundation Points with Measured Depth,CHN-2015-DEPTH,https://data.opencity.in/dataset/022dd080-e927-40d7-897d-adf3ee98ad69/resource/ceddf53f-03c0-4866-8ba8-5e84c8007a85/download/814ca028-4c84-4bd0-aa67-6dbaeb9b6ba5.kml,VERIFIED INCIDENT,OFFICIALLY_VERIFIED,HIGH,True,OFFICIAL_HISTORICAL_RECORD
CHN-INC-2254,CHN-2015-DEPTH-0174,2015-12-02,Chennai Floods 2015,Chennai Floods 2015 Waterlogging Point,13.140694,80.186153,32,Ward 32 (Madhavaram),3,Madhavaram,waterlogging,critical,9.5,Data Unavailable,Chennai Floods 2015 Waterlogging Point | water stagnant | Depth: 9.5 ft,Chennai Inundation Points with Measured Depth,CHN-2015-DEPTH,https://data.opencity.in/dataset/022dd080-e927-40d7-897d-adf3ee98ad69/resource/ceddf53f-03c0-4866-8ba8-5e84c8007a85/download/814ca028-4c84-4bd0-aa67-6dbaeb9b6ba5.kml,VERIFIED INCIDENT,OFFICIALLY_VERIFIED,HIGH,True,OFFICIAL_HISTORICAL_RECORD
CHN-INC-2255,CHN-2015-DEPTH-0175,2015-12-02,Chennai Floods 2015,Chennai Floods 2015 Waterlogging Point,13.13213,80.170895,82,Ward 82 (Ambattur),7,Ambattur,waterlogging,critical,11,Data Unavailable,Chennai Floods 2015 Waterlogging Point | water stagnant | Depth: 11 ft,Chennai Inundation Points with Measured Depth,CHN-2015-DEPTH,https://data.opencity.in/dataset/022dd080-e927-40d7-897d-adf3ee98ad69/resource/ceddf53f-03c0-4866-8ba8-5e84c8007a85/download/814ca028-4c84-4bd0-aa67-6dbaeb9b6ba5.kml,VERIFIED INCIDENT,OFFICIALLY_VERIFIED,HIGH,True,OFFICIAL_HISTORICAL_RECORD
CHN-INC-2256,CHN-2015-DEPTH-0176,2015-12-02,Chennai Floods 2015,Chennai Floods 2015 Waterlogging Point,13.122214,80.167438,82,Ward 82 (Ambattur),7,Ambattur,waterlogging,critical,10,Data Unavailable,Chennai Floods 2015 Waterlogging Point | water stagnant and water from the park lake | Depth: 10 ft,Chennai Inundation Points with Measured Depth,CHN-2015-DEPTH,https://data.opencity.in/dataset/022dd080-e927-40d7-897d-adf3ee98ad69/resource/ceddf53f-03c0-4866-8ba8-5e84c8007a85/download/814ca028-4c84-4bd0-aa67-6dbaeb9b6ba5.kml,VERIFIED INCIDENT,OFFICIALLY_VERIFIED,HIGH,True,OFFICIAL_HISTORICAL_RECORD
CHN-INC-2257,CHN-2015-DEPTH-0177,2015-12-02,Chennai Floods 2015,Chennai Floods 2015 Waterlogging Point,13.119504,80.16857,82,Ward 82 (Ambattur),7,Ambattur,waterlogging,critical,9,Data Unavailable,Chennai Floods 2015 Waterlogging Point | water stagnant and drainage water into the road | Depth: 9 ft,Chennai Inundation Points with Measured Depth,CHN-2015-DEPTH,https://data.opencity.in/dataset/022dd080-e927-40d7-897d-adf3ee98ad69/resource/ceddf53f-03c0-4866-8ba8-5e84c8007a85/download/814ca028-4c84-4bd0-aa67-6dbaeb9b6ba5.kml,VERIFIED INCIDENT,OFFICIALLY_VERIFIED,HIGH,True,OFFICIAL_HISTORICAL_RECORD
CHN-INC-2258,CHN-2015-DEPTH-0178,2015-12-02,Chennai Floods 2015,Chennai Floods 2015 Waterlogging Point,13.117344,80.169028,82,Ward 82 (Ambattur),7,Ambattur,waterlogging,critical,8,Data Unavailable,Chennai Floods 2015 Waterlogging Point | water stagnant and damage roads | Depth: 8 ft,Chennai Inundation Points with Measured Depth,CHN-2015-DEPTH,https://data.opencity.in/dataset/022dd080-e927-40d7-897d-adf3ee98ad69/resource/ceddf53f-03c0-4866-8ba8-5e84c8007a85/download/814ca028-4c84-4bd0-aa67-6dbaeb9b6ba5.kml,VERIFIED INCIDENT,OFFICIALLY_VERIFIED,HIGH,True,OFFICIAL_HISTORICAL_RECORD
CHN-INC-2259,CHN-2015-DEPTH-0179,2015-12-02,Chennai Floods 2015,Chennai Floods 2015 Waterlogging Point,13.123383,80.201536,64,Ward 64 (Thiru. Vi. Ka. Nagar),6,Thiru. Vi. Ka. Nagar,waterlogging,critical,10,Data Unavailable,Chennai Floods 2015 Waterlogging Point | water stagnant | Depth: 10 ft,Chennai Inundation Points with Measured Depth,CHN-2015-DEPTH,https://data.opencity.in/dataset/022dd080-e927-40d7-897d-adf3ee98ad69/resource/ceddf53f-03c0-4866-8ba8-5e84c8007a85/download/814ca028-4c84-4bd0-aa67-6dbaeb9b6ba5.kml,VERIFIED INCIDENT,OFFICIALLY_VERIFIED,HIGH,True,OFFICIAL_HISTORICAL_RECORD
CHN-INC-2260,CHN-2015-DEPTH-0180,2015-12-02,Chennai Floods 2015,Chennai Floods 2015 Waterlogging Point,13.015439,80.189014,158,Ward 158 (Alandur),12,Alandur,waterlogging,critical,5,Data Unavailable,Chennai Floods 2015 Waterlogging Point | Water stagnant | Depth: 5 ft,Chennai Inundation Points with Measured Depth,CHN-2015-DEPTH,https://data.opencity.in/dataset/022dd080-e927-40d7-897d-adf3ee98ad69/resource/ceddf53f-03c0-4866-8ba8-5e84c8007a85/download/814ca028-4c84-4bd0-aa67-6dbaeb9b6ba5.kml,VERIFIED INCIDENT,OFFICIALLY_VERIFIED,HIGH,True,OFFICIAL_HISTORICAL_RECORD
CHN-INC-2261,CHN-2015-DEPTH-0181,2015-12-02,Chennai Floods 2015,Chennai Floods 2015 Waterlogging Point,13.015954,80.181609,157,Ward 157 (Alandur),12,Alandur,waterlogging,critical,5,Data Unavailable,Chennai Floods 2015 Waterlogging Point | Water flow | Depth: 5 ft,Chennai Inundation Points with Measured Depth,CHN-2015-DEPTH,https://data.opencity.in/dataset/022dd080-e927-40d7-897d-adf3ee98ad69/resource/ceddf53f-03c0-4866-8ba8-5e84c8007a85/download/814ca028-4c84-4bd0-aa67-6dbaeb9b6ba5.kml,VERIFIED INCIDENT,OFFICIALLY_VERIFIED,HIGH,True,OFFICIAL_HISTORICAL_RECORD
CHN-INC-2262,CHN-2015-DEPTH-0182,2015-12-02,Chennai Floods 2015,Chennai Floods 2015 Waterlogging Point,13.100092,80.167684,85,Ward 85 (Ambattur),7,Ambattur,waterlogging,critical,8,Data Unavailable,Chennai Floods 2015 Waterlogging Point | water stagnant | Depth: 8 ft,Chennai Inundation Points with Measured Depth,CHN-2015-DEPTH,https://data.opencity.in/dataset/022dd080-e927-40d7-897d-adf3ee98ad69/resource/ceddf53f-03c0-4866-8ba8-5e84c8007a85/download/814ca028-4c84-4bd0-aa67-6dbaeb9b6ba5.kml,VERIFIED INCIDENT,OFFICIALLY_VERIFIED,HIGH,True,OFFICIAL_HISTORICAL_RECORD
CHN-INC-2263,CHN-2015-DEPTH-0183,2015-12-02,Chennai Floods 2015,Chennai Floods 2015 Waterlogging Point,13.099617,80.170872,86,Ward 86 (Ambattur),7,Ambattur,waterlogging,critical,5,Data Unavailable,Chennai Floods 2015 Waterlogging Point | Depth: 5 ft,Chennai Inundation Points with Measured Depth,CHN-2015-DEPTH,https://data.opencity.in/dataset/022dd080-e927-40d7-897d-adf3ee98ad69/resource/ceddf53f-03c0-4866-8ba8-5e84c8007a85/download/814ca028-4c84-4bd0-aa67-6dbaeb9b6ba5.kml,VERIFIED INCIDENT,OFFICIALLY_VERIFIED,HIGH,True,OFFICIAL_HISTORICAL_RECORD
CHN-INC-2264,CHN-2015-DEPTH-0184,2015-12-02,Chennai Floods 2015,Chennai Floods 2015 Waterlogging Point,13.099569,80.172048,86,Ward 86 (Ambattur),7,Ambattur,waterlogging,critical,10,Data Unavailable,Chennai Floods 2015 Waterlogging Point | water stagnant | Depth: 10 ft,Chennai Inundation Points with Measured Depth,CHN-2015-DEPTH,https://data.opencity.in/dataset/022dd080-e927-40d7-897d-adf3ee98ad69/resource/ceddf53f-03c0-4866-8ba8-5e84c8007a85/download/814ca028-4c84-4bd0-aa67-6dbaeb9b6ba5.kml,VERIFIED INCIDENT,OFFICIALLY_VERIFIED,HIGH,True,OFFICIAL_HISTORICAL_RECORD
CHN-INC-2265,CHN-2015-DEPTH-0185,2015-12-02,Chennai Floods 2015,Chennai Floods 2015 Waterlogging Point,13.101985,80.214838,95,Ward 95 (Anna Nagar),8,Anna Nagar,waterlogging,critical,12,Data Unavailable,Chennai Floods 2015 Waterlogging Point | water stagnant | Depth: 12 ft,Chennai Inundation Points with Measured Depth,CHN-2015-DEPTH,https://data.opencity.in/dataset/022dd080-e927-40d7-897d-adf3ee98ad69/resource/ceddf53f-03c0-4866-8ba8-5e84c8007a85/download/814ca028-4c84-4bd0-aa67-6dbaeb9b6ba5.kml,VERIFIED INCIDENT,OFFICIALLY_VERIFIED,HIGH,True,OFFICIAL_HISTORICAL_RECORD
CHN-INC-2266,CHN-2015-DEPTH-0186,2015-12-02,Chennai Floods 2015,Chennai Floods 2015 Waterlogging Point,13.102621,80.209373,95,Ward 95 (Anna Nagar),8,Anna Nagar,waterlogging,critical,8,Data Unavailable,Chennai Floods 2015 Waterlogging Point | water stagnant | Depth: 8 ft,Chennai Inundation Points with Measured Depth,CHN-2015-DEPTH,https://data.opencity.in/dataset/022dd080-e927-40d7-897d-adf3ee98ad69/resource/ceddf53f-03c0-4866-8ba8-5e84c8007a85/download/814ca028-4c84-4bd0-aa67-6dbaeb9b6ba5.kml,VERIFIED INCIDENT,OFFICIALLY_VERIFIED,HIGH,True,OFFICIAL_HISTORICAL_RECORD
CHN-INC-2267,CHN-2015-DEPTH-0187,2015-12-02,Chennai Floods 2015,Chennai Floods 2015 Waterlogging Point,13.10561,80.209292,95,Ward 95 (Anna Nagar),8,Anna Nagar,waterlogging,critical,7,Data Unavailable,Chennai Floods 2015 Waterlogging Point | water stagnant | Depth: 7 ft,Chennai Inundation Points with Measured Depth,CHN-2015-DEPTH,https://data.opencity.in/dataset/022dd080-e927-40d7-897d-adf3ee98ad69/resource/ceddf53f-03c0-4866-8ba8-5e84c8007a85/download/814ca028-4c84-4bd0-aa67-6dbaeb9b6ba5.kml,VERIFIED INCIDENT,OFFICIALLY_VERIFIED,HIGH,True,OFFICIAL_HISTORICAL_RECORD
CHN-INC-2268,CHN-2015-DEPTH-0188,2015-12-02,Chennai Floods 2015,Chennai Floods 2015 Waterlogging Point,13.105569,80.21084,95,Ward 95 (Anna Nagar),8,Anna Nagar,waterlogging,critical,8,Data Unavailable,Chennai Floods 2015 Waterlogging Point | water stagnant | Depth: 8 ft,Chennai Inundation Points with Measured Depth,CHN-2015-DEPTH,https://data.opencity.in/dataset/022dd080-e927-40d7-897d-adf3ee98ad69/resource/ceddf53f-03c0-4866-8ba8-5e84c8007a85/download/814ca028-4c84-4bd0-aa67-6dbaeb9b6ba5.kml,VERIFIED INCIDENT,OFFICIALLY_VERIFIED,HIGH,True,OFFICIAL_HISTORICAL_RECORD
CHN-INC-2269,CHN-2015-DEPTH-0189,2015-12-02,Chennai Floods 2015,Chennai Floods 2015 Waterlogging Point,13.105853,80.207275,94,Ward 94 (Anna Nagar),8,Anna Nagar,waterlogging,critical,9,Data Unavailable,Chennai Floods 2015 Waterlogging Point | water stagnant | Depth: 9 ft,Chennai Inundation Points with Measured Depth,CHN-2015-DEPTH,https://data.opencity.in/dataset/022dd080-e927-40d7-897d-adf3ee98ad69/resource/ceddf53f-03c0-4866-8ba8-5e84c8007a85/download/814ca028-4c84-4bd0-aa67-6dbaeb9b6ba5.kml,VERIFIED INCIDENT,OFFICIALLY_VERIFIED,HIGH,True,OFFICIAL_HISTORICAL_RECORD
CHN-INC-2270,CHN-2015-DEPTH-0190,2015-12-02,Chennai Floods 2015,Chennai Floods 2015 Waterlogging Point,13.105305,80.207191,94,Ward 94 (Anna Nagar),8,Anna Nagar,waterlogging,critical,12,Data Unavailable,Chennai Floods 2015 Waterlogging Point | water stagnant | Depth: 12 ft,Chennai Inundation Points with Measured Depth,CHN-2015-DEPTH,https://data.opencity.in/dataset/022dd080-e927-40d7-897d-adf3ee98ad69/resource/ceddf53f-03c0-4866-8ba8-5e84c8007a85/download/814ca028-4c84-4bd0-aa67-6dbaeb9b6ba5.kml,VERIFIED INCIDENT,OFFICIALLY_VERIFIED,HIGH,True,OFFICIAL_HISTORICAL_RECORD
CHN-INC-2271,CHN-2015-DEPTH-0191,2015-12-02,Chennai Floods 2015,Chennai Floods 2015 Waterlogging Point,13.1056,80.207137,94,Ward 94 (Anna Nagar),8,Anna Nagar,waterlogging,critical,12,Data Unavailable,Chennai Floods 2015 Waterlogging Point | water stagnant | Depth: 12 ft,Chennai Inundation Points with Measured Depth,CHN-2015-DEPTH,https://data.opencity.in/dataset/022dd080-e927-40d7-897d-adf3ee98ad69/resource/ceddf53f-03c0-4866-8ba8-5e84c8007a85/download/814ca028-4c84-4bd0-aa67-6dbaeb9b6ba5.kml,VERIFIED INCIDENT,OFFICIALLY_VERIFIED,HIGH,True,OFFICIAL_HISTORICAL_RECORD
CHN-INC-2272,CHN-2015-DEPTH-0192,2015-12-02,Chennai Floods 2015,Chennai Floods 2015 Waterlogging Point,13.11414,80.198548,83,Ward 83 (Ambattur),7,Ambattur,waterlogging,critical,8,Data Unavailable,Chennai Floods 2015 Waterlogging Point | water stagnant | Depth: 8 ft,Chennai Inundation Points with Measured Depth,CHN-2015-DEPTH,https://data.opencity.in/dataset/022dd080-e927-40d7-897d-adf3ee98ad69/resource/ceddf53f-03c0-4866-8ba8-5e84c8007a85/download/814ca028-4c84-4bd0-aa67-6dbaeb9b6ba5.kml,VERIFIED INCIDENT,OFFICIALLY_VERIFIED,HIGH,True,OFFICIAL_HISTORICAL_RECORD
CHN-INC-2273,GCC-2020-NIVAR-0001,2020-11-25,Cyclone Nivar Flooding 2020,Jothi Nagar,13.180149,80.298886,4,Ward 4 (Thiruvottiyur),1,Thiruvottiyur,waterlogging,high,Data Unavailable,Data Unavailable,Jothi Nagar,Greater Chennai Corporation Cyclone Nivar Hotspots 2020,GCC-2020-NIVAR,https://data.opencity.in/dataset/3aef2eef-a97e-4fac-a4a9-aaa42a91fbfa/resource/068cfdae-652d-47c9-9722-7c49396d8a05/download/3a141c21-2b9d-4fc0-bd96-d71650a8a15a.kml,VERIFIED INCIDENT,OFFICIALLY_VERIFIED,HIGH,True,OFFICIAL_HISTORICAL_RECORD
CHN-INC-2274,GCC-2020-NIVAR-0002,2020-11-25,Cyclone Nivar Flooding 2020,Rajaji Nagar,13.173009,80.292376,7,Ward 7 (Thiruvottiyur),1,Thiruvottiyur,waterlogging,high,Data Unavailable,Data Unavailable,Rajaji Nagar,Greater Chennai Corporation Cyclone Nivar Hotspots 2020,GCC-2020-NIVAR,https://data.opencity.in/dataset/3aef2eef-a97e-4fac-a4a9-aaa42a91fbfa/resource/068cfdae-652d-47c9-9722-7c49396d8a05/download/3a141c21-2b9d-4fc0-bd96-d71650a8a15a.kml,VERIFIED INCIDENT,OFFICIALLY_VERIFIED,HIGH,True,OFFICIAL_HISTORICAL_RECORD
CHN-INC-2275,GCC-2020-NIVAR-0003,2020-11-25,Cyclone Nivar Flooding 2020,Thirumalai Nagar,13.171351,80.213682,23,Ward 23 (Madhavaram),3,Madhavaram,waterlogging,high,Data Unavailable,Data Unavailable,Thirumalai Nagar,Greater Chennai Corporation Cyclone Nivar Hotspots 2020,GCC-2020-NIVAR,https://data.opencity.in/dataset/3aef2eef-a97e-4fac-a4a9-aaa42a91fbfa/resource/068cfdae-652d-47c9-9722-7c49396d8a05/download/3a141c21-2b9d-4fc0-bd96-d71650a8a15a.kml,VERIFIED INCIDENT,OFFICIALLY_VERIFIED,HIGH,True,OFFICIAL_HISTORICAL_RECORD
CHN-INC-2276,GCC-2020-NIVAR-0004,2020-11-25,Cyclone Nivar Flooding 2020,Siva Ganapathi Nagar,13.138832,80.214804,30,Ward 30 (Madhavaram),3,Madhavaram,waterlogging,high,Data Unavailable,Data Unavailable,Siva Ganapathi Nagar,Greater Chennai Corporation Cyclone Nivar Hotspots 2020,GCC-2020-NIVAR,https://data.opencity.in/dataset/3aef2eef-a97e-4fac-a4a9-aaa42a91fbfa/resource/068cfdae-652d-47c9-9722-7c49396d8a05/download/3a141c21-2b9d-4fc0-bd96-d71650a8a15a.kml,VERIFIED INCIDENT,OFFICIALLY_VERIFIED,HIGH,True,OFFICIAL_HISTORICAL_RECORD
CHN-INC-2277,GCC-2020-NIVAR-0005,2020-11-25,Cyclone Nivar Flooding 2020,Parimalam Nagar,13.140403,80.208234,30,Ward 30 (Madhavaram),3,Madhavaram,waterlogging,high,Data Unavailable,Data Unavailable,Parimalam Nagar,Greater Chennai Corporation Cyclone Nivar Hotspots 2020,GCC-2020-NIVAR,https://data.opencity.in/dataset/3aef2eef-a97e-4fac-a4a9-aaa42a91fbfa/resource/068cfdae-652d-47c9-9722-7c49396d8a05/download/3a141c21-2b9d-4fc0-bd96-d71650a8a15a.kml,VERIFIED INCIDENT,OFFICIALLY_VERIFIED,HIGH,True,OFFICIAL_HISTORICAL_RECORD
CHN-INC-2278,GCC-2020-NIVAR-0006,2020-11-25,Cyclone Nivar Flooding 2020,Karukku Main Road,13.11714,80.170611,82,Ward 82 (Ambattur),7,Ambattur,waterlogging,high,Data Unavailable,Data Unavailable,Karukku Main Road,Greater Chennai Corporation Cyclone Nivar Hotspots 2020,GCC-2020-NIVAR,https://data.opencity.in/dataset/3aef2eef-a97e-4fac-a4a9-aaa42a91fbfa/resource/068cfdae-652d-47c9-9722-7c49396d8a05/download/3a141c21-2b9d-4fc0-bd96-d71650a8a15a.kml,VERIFIED INCIDENT,OFFICIALLY_VERIFIED,HIGH,True,OFFICIAL_HISTORICAL_RECORD
CHN-INC-2279,GCC-2020-NIVAR-0007,2020-11-25,Cyclone Nivar Flooding 2020,"TVS nagar east, Balaji nagar",13.11392,80.189743,83,Ward 83 (Ambattur),7,Ambattur,waterlogging,high,Data Unavailable,Data Unavailable,"TVS nagar east, Balaji nagar",Greater Chennai Corporation Cyclone Nivar Hotspots 2020,GCC-2020-NIVAR,https://data.opencity.in/dataset/3aef2eef-a97e-4fac-a4a9-aaa42a91fbfa/resource/068cfdae-652d-47c9-9722-7c49396d8a05/download/3a141c21-2b9d-4fc0-bd96-d71650a8a15a.kml,VERIFIED INCIDENT,OFFICIALLY_VERIFIED,HIGH,True,OFFICIAL_HISTORICAL_RECORD
CHN-INC-2280,GCC-2020-NIVAR-0008,2020-11-25,Cyclone Nivar Flooding 2020,Ayyappa Nagar,13.12844,80.199086,83,Ward 83 (Ambattur),7,Ambattur,waterlogging,high,Data Unavailable,Data Unavailable,Ayyappa Nagar,Greater Chennai Corporation Cyclone Nivar Hotspots 2020,GCC-2020-NIVAR,https://data.opencity.in/dataset/3aef2eef-a97e-4fac-a4a9-aaa42a91fbfa/resource/068cfdae-652d-47c9-9722-7c49396d8a05/download/3a141c21-2b9d-4fc0-bd96-d71650a8a15a.kml,VERIFIED INCIDENT,OFFICIALLY_VERIFIED,HIGH,True,OFFICIAL_HISTORICAL_RECORD
CHN-INC-2281,GCC-2020-NIVAR-0009,2020-11-25,Cyclone Nivar Flooding 2020,Balaji nagar,13.114769,80.191336,83,Ward 83 (Ambattur),7,Ambattur,waterlogging,high,Data Unavailable,Data Unavailable,Balaji nagar,Greater Chennai Corporation Cyclone Nivar Hotspots 2020,GCC-2020-NIVAR,https://data.opencity.in/dataset/3aef2eef-a97e-4fac-a4a9-aaa42a91fbfa/resource/068cfdae-652d-47c9-9722-7c49396d8a05/download/3a141c21-2b9d-4fc0-bd96-d71650a8a15a.kml,VERIFIED INCIDENT,OFFICIALLY_VERIFIED,HIGH,True,OFFICIAL_HISTORICAL_RECORD
CHN-INC-2282,GCC-2020-NIVAR-0010,2020-11-25,Cyclone Nivar Flooding 2020,Jaswant nagar,13.086308,80.163433,91,Ward 91 (Ambattur),7,Ambattur,waterlogging,high,Data Unavailable,Data Unavailable,Jaswant nagar,Greater Chennai Corporation Cyclone Nivar Hotspots 2020,GCC-2020-NIVAR,https://data.opencity.in/dataset/3aef2eef-a97e-4fac-a4a9-aaa42a91fbfa/resource/068cfdae-652d-47c9-9722-7c49396d8a05/download/3a141c21-2b9d-4fc0-bd96-d71650a8a15a.kml,VERIFIED INCIDENT,OFFICIALLY_VERIFIED,HIGH,True,OFFICIAL_HISTORICAL_RECORD
CHN-INC-2283,GCC-2020-NIVAR-0011,2020-11-25,Cyclone Nivar Flooding 2020,Vellalar nagar,13.086582,80.176188,92,Ward 92 (Ambattur),7,Ambattur,waterlogging,high,Data Unavailable,Data Unavailable,Vellalar nagar,Greater Chennai Corporation Cyclone Nivar Hotspots 2020,GCC-2020-NIVAR,https://data.opencity.in/dataset/3aef2eef-a97e-4fac-a4a9-aaa42a91fbfa/resource/068cfdae-652d-47c9-9722-7c49396d8a05/download/3a141c21-2b9d-4fc0-bd96-d71650a8a15a.kml,VERIFIED INCIDENT,OFFICIALLY_VERIFIED,HIGH,True,OFFICIAL_HISTORICAL_RECORD
CHN-INC-2284,GCC-2020-NIVAR-0012,2020-11-25,Cyclone Nivar Flooding 2020,Parikuppam main road,13.081504,80.187803,93,Ward 93 (Ambattur),7,Ambattur,waterlogging,high,Data Unavailable,Data Unavailable,Parikuppam main road,Greater Chennai Corporation Cyclone Nivar Hotspots 2020,GCC-2020-NIVAR,https://data.opencity.in/dataset/3aef2eef-a97e-4fac-a4a9-aaa42a91fbfa/resource/068cfdae-652d-47c9-9722-7c49396d8a05/download/3a141c21-2b9d-4fc0-bd96-d71650a8a15a.kml,VERIFIED INCIDENT,OFFICIALLY_VERIFIED,HIGH,True,OFFICIAL_HISTORICAL_RECORD
CHN-INC-2285,GCC-2020-NIVAR-0013,2020-11-25,Cyclone Nivar Flooding 2020,MTH Road Near Villivakkam Police Station,13.103851,80.20611,95,Ward 95 (Anna Nagar),8,Anna Nagar,waterlogging,high,Data Unavailable,Data Unavailable,MTH Road Near Villivakkam Police Station,Greater Chennai Corporation Cyclone Nivar Hotspots 2020,GCC-2020-NIVAR,https://data.opencity.in/dataset/3aef2eef-a97e-4fac-a4a9-aaa42a91fbfa/resource/068cfdae-652d-47c9-9722-7c49396d8a05/download/3a141c21-2b9d-4fc0-bd96-d71650a8a15a.kml,VERIFIED INCIDENT,OFFICIALLY_VERIFIED,HIGH,True,OFFICIAL_HISTORICAL_RECORD
CHN-INC-2286,GCC-2020-NIVAR-0014,2020-11-25,Cyclone Nivar Flooding 2020,Dr Alagappa Road,13.081737,80.254362,99,Ward 99 (Anna Nagar),8,Anna Nagar,waterlogging,high,Data Unavailable,Data Unavailable,Dr Alagappa Road,Greater Chennai Corporation Cyclone Nivar Hotspots 2020,GCC-2020-NIVAR,https://data.opencity.in/dataset/3aef2eef-a97e-4fac-a4a9-aaa42a91fbfa/resource/068cfdae-652d-47c9-9722-7c49396d8a05/download/3a141c21-2b9d-4fc0-bd96-d71650a8a15a.kml,VERIFIED INCIDENT,OFFICIALLY_VERIFIED,HIGH,True,OFFICIAL_HISTORICAL_RECORD
CHN-INC-2287,GCC-2020-NIVAR-0015,2020-11-25,Cyclone Nivar Flooding 2020,Sundaram Lane,13.087392,80.251833,99,Ward 99 (Anna Nagar),8,Anna Nagar,waterlogging,high,Data Unavailable,Data Unavailable,Sundaram Lane,Greater Chennai Corporation Cyclone Nivar Hotspots 2020,GCC-2020-NIVAR,https://data.opencity.in/dataset/3aef2eef-a97e-4fac-a4a9-aaa42a91fbfa/resource/068cfdae-652d-47c9-9722-7c49396d8a05/download/3a141c21-2b9d-4fc0-bd96-d71650a8a15a.kml,VERIFIED INCIDENT,OFFICIALLY_VERIFIED,HIGH,True,OFFICIAL_HISTORICAL_RECORD
CHN-INC-2288,GCC-2020-NIVAR-0016,2020-11-25,Cyclone Nivar Flooding 2020,Nagendhran Street,13.06088,80.17124,147,Ward 147 (Valasaravakkam),11,Valasaravakkam,waterlogging,high,Data Unavailable,Data Unavailable,Nagendhran Street,Greater Chennai Corporation Cyclone Nivar Hotspots 2020,GCC-2020-NIVAR,https://data.opencity.in/dataset/3aef2eef-a97e-4fac-a4a9-aaa42a91fbfa/resource/068cfdae-652d-47c9-9722-7c49396d8a05/download/3a141c21-2b9d-4fc0-bd96-d71650a8a15a.kml,VERIFIED INCIDENT,OFFICIALLY_VERIFIED,HIGH,True,OFFICIAL_HISTORICAL_RECORD
CHN-INC-2289,GCC-2020-NIVAR-0017,2020-11-25,Cyclone Nivar Flooding 2020,Chettiyar Agaram Main road,13.043715,80.146011,150,Ward 150 (Valasaravakkam),11,Valasaravakkam,waterlogging,high,Data Unavailable,Data Unavailable,Chettiyar Agaram Main road,Greater Chennai Corporation Cyclone Nivar Hotspots 2020,GCC-2020-NIVAR,https://data.opencity.in/dataset/3aef2eef-a97e-4fac-a4a9-aaa42a91fbfa/resource/068cfdae-652d-47c9-9722-7c49396d8a05/download/3a141c21-2b9d-4fc0-bd96-d71650a8a15a.kml,VERIFIED INCIDENT,OFFICIALLY_VERIFIED,HIGH,True,OFFICIAL_HISTORICAL_RECORD
CHN-INC-2290,GCC-2020-NIVAR-0018,2020-11-25,Cyclone Nivar Flooding 2020,Ram nagar 1st street,12.966293,80.211175,186,Ward 186 (Perungudi),14,Perungudi,waterlogging,high,Data Unavailable,Data Unavailable,Ram nagar 1st street,Greater Chennai Corporation Cyclone Nivar Hotspots 2020,GCC-2020-NIVAR,https://data.opencity.in/dataset/3aef2eef-a97e-4fac-a4a9-aaa42a91fbfa/resource/068cfdae-652d-47c9-9722-7c49396d8a05/download/3a141c21-2b9d-4fc0-bd96-d71650a8a15a.kml,VERIFIED INCIDENT,OFFICIALLY_VERIFIED,HIGH,True,OFFICIAL_HISTORICAL_RECORD
CHN-INC-2291,GCC-2020-NIVAR-0019,2020-11-25,Cyclone Nivar Flooding 2020,Ram nagar 2nd street,12.966783,80.211175,186,Ward 186 (Perungudi),14,Perungudi,waterlogging,high,Data Unavailable,Data Unavailable,Ram nagar 2nd street,Greater Chennai Corporation Cyclone Nivar Hotspots 2020,GCC-2020-NIVAR,https://data.opencity.in/dataset/3aef2eef-a97e-4fac-a4a9-aaa42a91fbfa/resource/068cfdae-652d-47c9-9722-7c49396d8a05/download/3a141c21-2b9d-4fc0-bd96-d71650a8a15a.kml,VERIFIED INCIDENT,OFFICIALLY_VERIFIED,HIGH,True,OFFICIAL_HISTORICAL_RECORD
CHN-INC-2292,GCC-2020-NIVAR-0020,2020-11-25,Cyclone Nivar Flooding 2020,Ram nagar 3rd street,12.967314,80.211279,186,Ward 186 (Perungudi),14,Perungudi,waterlogging,high,Data Unavailable,Data Unavailable,Ram nagar 3rd street,Greater Chennai Corporation Cyclone Nivar Hotspots 2020,GCC-2020-NIVAR,https://data.opencity.in/dataset/3aef2eef-a97e-4fac-a4a9-aaa42a91fbfa/resource/068cfdae-652d-47c9-9722-7c49396d8a05/download/3a141c21-2b9d-4fc0-bd96-d71650a8a15a.kml,VERIFIED INCIDENT,OFFICIALLY_VERIFIED,HIGH,True,OFFICIAL_HISTORICAL_RECORD
CHN-INC-2293,GCC-2020-NIVAR-0021,2020-11-25,Cyclone Nivar Flooding 2020,Ram nagar 5th street,12.968346,80.211237,186,Ward 186 (Perungudi),14,Perungudi,waterlogging,high,Data Unavailable,Data Unavailable,Ram nagar 5th street,Greater Chennai Corporation Cyclone Nivar Hotspots 2020,GCC-2020-NIVAR,https://data.opencity.in/dataset/3aef2eef-a97e-4fac-a4a9-aaa42a91fbfa/resource/068cfdae-652d-47c9-9722-7c49396d8a05/download/3a141c21-2b9d-4fc0-bd96-d71650a8a15a.kml,VERIFIED INCIDENT,OFFICIALLY_VERIFIED,HIGH,True,OFFICIAL_HISTORICAL_RECORD
CHN-INC-2294,GCC-2020-NIVAR-0022,2020-11-25,Cyclone Nivar Flooding 2020,Ram nagar 7th street,12.969441,80.211279,186,Ward 186 (Perungudi),14,Perungudi,waterlogging,high,Data Unavailable,Data Unavailable,Ram nagar 7th street,Greater Chennai Corporation Cyclone Nivar Hotspots 2020,GCC-2020-NIVAR,https://data.opencity.in/dataset/3aef2eef-a97e-4fac-a4a9-aaa42a91fbfa/resource/068cfdae-652d-47c9-9722-7c49396d8a05/download/3a141c21-2b9d-4fc0-bd96-d71650a8a15a.kml,VERIFIED INCIDENT,OFFICIALLY_VERIFIED,HIGH,True,OFFICIAL_HISTORICAL_RECORD
CHN-INC-2295,GCC-2020-NIVAR-0023,2020-11-25,Cyclone Nivar Flooding 2020,Ram nagar 8th street,12.969972,80.211248,186,Ward 186 (Perungudi),14,Perungudi,waterlogging,high,Data Unavailable,Data Unavailable,Ram nagar 8th street,Greater Chennai Corporation Cyclone Nivar Hotspots 2020,GCC-2020-NIVAR,https://data.opencity.in/dataset/3aef2eef-a97e-4fac-a4a9-aaa42a91fbfa/resource/068cfdae-652d-47c9-9722-7c49396d8a05/download/3a141c21-2b9d-4fc0-bd96-d71650a8a15a.kml,VERIFIED INCIDENT,OFFICIALLY_VERIFIED,HIGH,True,OFFICIAL_HISTORICAL_RECORD
CHN-INC-2296,GCC-2020-NIVAR-0024,2020-11-25,Cyclone Nivar Flooding 2020,Sivaprakasam Nagar 1st street,12.972748,80.206551,186,Ward 186 (Perungudi),14,Perungudi,waterlogging,high,Data Unavailable,Data Unavailable,Sivaprakasam Nagar 1st street,Greater Chennai Corporation Cyclone Nivar Hotspots 2020,GCC-2020-NIVAR,https://data.opencity.in/dataset/3aef2eef-a97e-4fac-a4a9-aaa42a91fbfa/resource/068cfdae-652d-47c9-9722-7c49396d8a05/download/3a141c21-2b9d-4fc0-bd96-d71650a8a15a.kml,VERIFIED INCIDENT,OFFICIALLY_VERIFIED,HIGH,True,OFFICIAL_HISTORICAL_RECORD
CHN-INC-2297,GCC-2020-NIVAR-0025,2020-11-25,Cyclone Nivar Flooding 2020,Balaji nagar 24th street,12.974205,80.205368,186,Ward 186 (Perungudi),14,Perungudi,waterlogging,high,Data Unavailable,Data Unavailable,Balaji nagar 24th street,Greater Chennai Corporation Cyclone Nivar Hotspots 2020,GCC-2020-NIVAR,https://data.opencity.in/dataset/3aef2eef-a97e-4fac-a4a9-aaa42a91fbfa/resource/068cfdae-652d-47c9-9722-7c49396d8a05/download/3a141c21-2b9d-4fc0-bd96-d71650a8a15a.kml,VERIFIED INCIDENT,OFFICIALLY_VERIFIED,HIGH,True,OFFICIAL_HISTORICAL_RECORD
CHN-INC-2298,GCC-2020-NIVAR-0026,2020-11-25,Cyclone Nivar Flooding 2020,Annai therasa Nagar 7th street,12.97086,80.203544,186,Ward 186 (Perungudi),14,Perungudi,waterlogging,high,Data Unavailable,Data Unavailable,Annai therasa Nagar 7th street,Greater Chennai Corporation Cyclone Nivar Hotspots 2020,GCC-2020-NIVAR,https://data.opencity.in/dataset/3aef2eef-a97e-4fac-a4a9-aaa42a91fbfa/resource/068cfdae-652d-47c9-9722-7c49396d8a05/download/3a141c21-2b9d-4fc0-bd96-d71650a8a15a.kml,VERIFIED INCIDENT,OFFICIALLY_VERIFIED,HIGH,True,OFFICIAL_HISTORICAL_RECORD
CHN-INC-2299,GCC-2020-NIVAR-0027,2020-11-25,Cyclone Nivar Flooding 2020,Annai Therasa NagAR 4TH STREET,12.968754,80.205055,186,Ward 186 (Perungudi),14,Perungudi,waterlogging,high,Data Unavailable,Data Unavailable,Annai Therasa NagAR 4TH STREET,Greater Chennai Corporation Cyclone Nivar Hotspots 2020,GCC-2020-NIVAR,https://data.opencity.in/dataset/3aef2eef-a97e-4fac-a4a9-aaa42a91fbfa/resource/068cfdae-652d-47c9-9722-7c49396d8a05/download/3a141c21-2b9d-4fc0-bd96-d71650a8a15a.kml,VERIFIED INCIDENT,OFFICIALLY_VERIFIED,HIGH,True,OFFICIAL_HISTORICAL_RECORD
CHN-INC-2300,GCC-2020-NIVAR-0028,2020-11-25,Cyclone Nivar Flooding 2020,Annai therasa nagar 14th street,12.972335,80.204615,186,Ward 186 (Perungudi),14,Perungudi,waterlogging,high,Data Unavailable,Data Unavailable,Annai therasa nagar 14th street,Greater Chennai Corporation Cyclone Nivar Hotspots 2020,GCC-2020-NIVAR,https://data.opencity.in/dataset/3aef2eef-a97e-4fac-a4a9-aaa42a91fbfa/resource/068cfdae-652d-47c9-9722-7c49396d8a05/download/3a141c21-2b9d-4fc0-bd96-d71650a8a15a.kml,VERIFIED INCIDENT,OFFICIALLY_VERIFIED,HIGH,True,OFFICIAL_HISTORICAL_RECORD
CHN-INC-2301,GCC-2020-NIVAR-0029,2020-11-25,Cyclone Nivar Flooding 2020,Sivasubramanian street,12.970623,80.208,186,Ward 186 (Perungudi),14,Perungudi,waterlogging,high,Data Unavailable,Data Unavailable,Sivasubramanian street,Greater Chennai Corporation Cyclone Nivar Hotspots 2020,GCC-2020-NIVAR,https://data.opencity.in/dataset/3aef2eef-a97e-4fac-a4a9-aaa42a91fbfa/resource/068cfdae-652d-47c9-9722-7c49396d8a05/download/3a141c21-2b9d-4fc0-bd96-d71650a8a15a.kml,VERIFIED INCIDENT,OFFICIALLY_VERIFIED,HIGH,True,OFFICIAL_HISTORICAL_RECORD
CHN-INC-2302,GCC-2020-NIVAR-0030,2020-11-25,Cyclone Nivar Flooding 2020,Sivaprakasam nagar 1st street,12.970935,80.206822,186,Ward 186 (Perungudi),14,Perungudi,waterlogging,high,Data Unavailable,Data Unavailable,Sivaprakasam nagar 1st street,Greater Chennai Corporation Cyclone Nivar Hotspots 2020,GCC-2020-NIVAR,https://data.opencity.in/dataset/3aef2eef-a97e-4fac-a4a9-aaa42a91fbfa/resource/068cfdae-652d-47c9-9722-7c49396d8a05/download/3a141c21-2b9d-4fc0-bd96-d71650a8a15a.kml,VERIFIED INCIDENT,OFFICIALLY_VERIFIED,HIGH,True,OFFICIAL_HISTORICAL_RECORD
CHN-INC-2303,GCC-2020-NIVAR-0031,2020-11-25,Cyclone Nivar Flooding 2020,Ramalingam nagar main road,12.965869,80.210309,186,Ward 186 (Perungudi),14,Perungudi,waterlogging,high,Data Unavailable,Data Unavailable,Ramalingam nagar main road,Greater Chennai Corporation Cyclone Nivar Hotspots 2020,GCC-2020-NIVAR,https://data.opencity.in/dataset/3aef2eef-a97e-4fac-a4a9-aaa42a91fbfa/resource/068cfdae-652d-47c9-9722-7c49396d8a05/download/3a141c21-2b9d-4fc0-bd96-d71650a8a15a.kml,VERIFIED INCIDENT,OFFICIALLY_VERIFIED,HIGH,True,OFFICIAL_HISTORICAL_RECORD
CHN-INC-2304,GCC-2020-NIVAR-0032,2020-11-25,Cyclone Nivar Flooding 2020,Jaya nagar,12.974495,80.202056,186,Ward 186 (Perungudi),14,Perungudi,waterlogging,high,Data Unavailable,Data Unavailable,Jaya nagar,Greater Chennai Corporation Cyclone Nivar Hotspots 2020,GCC-2020-NIVAR,https://data.opencity.in/dataset/3aef2eef-a97e-4fac-a4a9-aaa42a91fbfa/resource/068cfdae-652d-47c9-9722-7c49396d8a05/download/3a141c21-2b9d-4fc0-bd96-d71650a8a15a.kml,VERIFIED INCIDENT,OFFICIALLY_VERIFIED,HIGH,True,OFFICIAL_HISTORICAL_RECORD
CHN-INC-2305,GCC-2020-NIVAR-0033,2020-11-25,Cyclone Nivar Flooding 2020,Division office Ward 183,12.974128,80.259012,181,Ward 181 (Perungudi),14,Perungudi,waterlogging,high,Data Unavailable,Data Unavailable,Division office Ward 183,Greater Chennai Corporation Cyclone Nivar Hotspots 2020,GCC-2020-NIVAR,https://data.opencity.in/dataset/3aef2eef-a97e-4fac-a4a9-aaa42a91fbfa/resource/068cfdae-652d-47c9-9722-7c49396d8a05/download/3a141c21-2b9d-4fc0-bd96-d71650a8a15a.kml,VERIFIED INCIDENT,OFFICIALLY_VERIFIED,HIGH,True,OFFICIAL_HISTORICAL_RECORD
CHN-INC-2306,GCC-2020-NIVAR-0034,2020-11-25,Cyclone Nivar Flooding 2020,Saraswathi street,12.965528,80.195496,187,Ward 187 (Perungudi),14,Perungudi,waterlogging,high,Data Unavailable,Data Unavailable,Saraswathi street,Greater Chennai Corporation Cyclone Nivar Hotspots 2020,GCC-2020-NIVAR,https://data.opencity.in/dataset/3aef2eef-a97e-4fac-a4a9-aaa42a91fbfa/resource/068cfdae-652d-47c9-9722-7c49396d8a05/download/3a141c21-2b9d-4fc0-bd96-d71650a8a15a.kml,VERIFIED INCIDENT,OFFICIALLY_VERIFIED,HIGH,True,OFFICIAL_HISTORICAL_RECORD
CHN-INC-2307,GCC-2020-NIVAR-0035,2020-11-25,Cyclone Nivar Flooding 2020,Infront of Maharasthra bank Neelankarai,12.947977,80.254388,192,Ward 192 (Sholinganallur),15,Sholinganallur,waterlogging,high,Data Unavailable,Data Unavailable,Infront of Maharasthra bank Neelankarai,Greater Chennai Corporation Cyclone Nivar Hotspots 2020,GCC-2020-NIVAR,https://data.opencity.in/dataset/3aef2eef-a97e-4fac-a4a9-aaa42a91fbfa/resource/068cfdae-652d-47c9-9722-7c49396d8a05/download/3a141c21-2b9d-4fc0-bd96-d71650a8a15a.kml,VERIFIED INCIDENT,OFFICIALLY_VERIFIED,HIGH,True,OFFICIAL_HISTORICAL_RECORD
CHN-INC-2308,GCC-2020-NIVAR-0036,2020-11-25,Cyclone Nivar Flooding 2020,Ellaiamman koil 4th street,12.948273,80.250385,192,Ward 192 (Sholinganallur),15,Sholinganallur,waterlogging,high,Data Unavailable,Data Unavailable,Ellaiamman koil 4th street,Greater Chennai Corporation Cyclone Nivar Hotspots 2020,GCC-2020-NIVAR,https://data.opencity.in/dataset/3aef2eef-a97e-4fac-a4a9-aaa42a91fbfa/resource/068cfdae-652d-47c9-9722-7c49396d8a05/download/3a141c21-2b9d-4fc0-bd96-d71650a8a15a.kml,VERIFIED INCIDENT,OFFICIALLY_VERIFIED,HIGH,True,OFFICIAL_HISTORICAL_RECORD
CHN-INC-2309,GCC-2020-NIVAR-0037,2020-11-25,Cyclone Nivar Flooding 2020,Mahatma Gandhi 2nd main road,12.937638,80.246579,194,Ward 194 (Sholinganallur),15,Sholinganallur,waterlogging,high,Data Unavailable,Data Unavailable,Mahatma Gandhi 2nd main road,Greater Chennai Corporation Cyclone Nivar Hotspots 2020,GCC-2020-NIVAR,https://data.opencity.in/dataset/3aef2eef-a97e-4fac-a4a9-aaa42a91fbfa/resource/068cfdae-652d-47c9-9722-7c49396d8a05/download/3a141c21-2b9d-4fc0-bd96-d71650a8a15a.kml,VERIFIED INCIDENT,OFFICIALLY_VERIFIED,HIGH,True,OFFICIAL_HISTORICAL_RECORD
CHN-INC-2310,GCC-2020-NIVAR-0038,2020-11-25,Cyclone Nivar Flooding 2020,Karpaga Vinayaga nagar 3rd street,12.937695,80.246909,194,Ward 194 (Sholinganallur),15,Sholinganallur,waterlogging,high,Data Unavailable,Data Unavailable,Karpaga Vinayaga nagar 3rd street,Greater Chennai Corporation Cyclone Nivar Hotspots 2020,GCC-2020-NIVAR,https://data.opencity.in/dataset/3aef2eef-a97e-4fac-a4a9-aaa42a91fbfa/resource/068cfdae-652d-47c9-9722-7c49396d8a05/download/3a141c21-2b9d-4fc0-bd96-d71650a8a15a.kml,VERIFIED INCIDENT,OFFICIALLY_VERIFIED,HIGH,True,OFFICIAL_HISTORICAL_RECORD
CHN-INC-2311,GCC-2020-NIVAR-0039,2020-11-25,Cyclone Nivar Flooding 2020,Karpaga Vinayaga nagar 4th street,12.937674,80.247785,194,Ward 194 (Sholinganallur),15,Sholinganallur,waterlogging,high,Data Unavailable,Data Unavailable,Karpaga Vinayaga nagar 4th street,Greater Chennai Corporation Cyclone Nivar Hotspots 2020,GCC-2020-NIVAR,https://data.opencity.in/dataset/3aef2eef-a97e-4fac-a4a9-aaa42a91fbfa/resource/068cfdae-652d-47c9-9722-7c49396d8a05/download/3a141c21-2b9d-4fc0-bd96-d71650a8a15a.kml,VERIFIED INCIDENT,OFFICIALLY_VERIFIED,HIGH,True,OFFICIAL_HISTORICAL_RECORD
CHN-INC-2312,GCC-2020-NIVAR-0040,2020-11-25,Cyclone Nivar Flooding 2020,Karpaga Vinayaga nagar 5th street,12.937622,80.248118,194,Ward 194 (Sholinganallur),15,Sholinganallur,waterlogging,high,Data Unavailable,Data Unavailable,Karpaga Vinayaga nagar 5th street,Greater Chennai Corporation Cyclone Nivar Hotspots 2020,GCC-2020-NIVAR,https://data.opencity.in/dataset/3aef2eef-a97e-4fac-a4a9-aaa42a91fbfa/resource/068cfdae-652d-47c9-9722-7c49396d8a05/download/3a141c21-2b9d-4fc0-bd96-d71650a8a15a.kml,VERIFIED INCIDENT,OFFICIALLY_VERIFIED,HIGH,True,OFFICIAL_HISTORICAL_RECORD
CHN-INC-2313,GCC-2020-NIVAR-0041,2020-11-25,Cyclone Nivar Flooding 2020,Karpaga Vinayaga nagar 7th street,12.937513,80.24865,194,Ward 194 (Sholinganallur),15,Sholinganallur,waterlogging,high,Data Unavailable,Data Unavailable,Karpaga Vinayaga nagar 7th street,Greater Chennai Corporation Cyclone Nivar Hotspots 2020,GCC-2020-NIVAR,https://data.opencity.in/dataset/3aef2eef-a97e-4fac-a4a9-aaa42a91fbfa/resource/068cfdae-652d-47c9-9722-7c49396d8a05/download/3a141c21-2b9d-4fc0-bd96-d71650a8a15a.kml,VERIFIED INCIDENT,OFFICIALLY_VERIFIED,HIGH,True,OFFICIAL_HISTORICAL_RECORD
CHN-INC-2314,GCC-2020-NIVAR-0042,2020-11-25,Cyclone Nivar Flooding 2020,Karpaga Vinayaga nagar 10th street,12.936455,80.247847,194,Ward 194 (Sholinganallur),15,Sholinganallur,waterlogging,high,Data Unavailable,Data Unavailable,Karpaga Vinayaga nagar 10th street,Greater Chennai Corporation Cyclone Nivar Hotspots 2020,GCC-2020-NIVAR,https://data.opencity.in/dataset/3aef2eef-a97e-4fac-a4a9-aaa42a91fbfa/resource/068cfdae-652d-47c9-9722-7c49396d8a05/download/3a141c21-2b9d-4fc0-bd96-d71650a8a15a.kml,VERIFIED INCIDENT,OFFICIALLY_VERIFIED,HIGH,True,OFFICIAL_HISTORICAL_RECORD
CHN-INC-2315,GCC-2020-NIVAR-0043,2020-11-25,Cyclone Nivar Flooding 2020,Balaji nagar,12.935886,80.240359,195,Ward 195 (Sholinganallur),15,Sholinganallur,waterlogging,high,Data Unavailable,Data Unavailable,Balaji nagar,Greater Chennai Corporation Cyclone Nivar Hotspots 2020,GCC-2020-NIVAR,https://data.opencity.in/dataset/3aef2eef-a97e-4fac-a4a9-aaa42a91fbfa/resource/068cfdae-652d-47c9-9722-7c49396d8a05/download/3a141c21-2b9d-4fc0-bd96-d71650a8a15a.kml,VERIFIED INCIDENT,OFFICIALLY_VERIFIED,HIGH,True,OFFICIAL_HISTORICAL_RECORD
CHN-INC-2316,GCC-2020-NIVAR-0044,2020-11-25,Cyclone Nivar Flooding 2020,Bharathiyar nagar,12.937252,80.239655,195,Ward 195 (Sholinganallur),15,Sholinganallur,waterlogging,high,Data Unavailable,Data Unavailable,Bharathiyar nagar,Greater Chennai Corporation Cyclone Nivar Hotspots 2020,GCC-2020-NIVAR,https://data.opencity.in/dataset/3aef2eef-a97e-4fac-a4a9-aaa42a91fbfa/resource/068cfdae-652d-47c9-9722-7c49396d8a05/download/3a141c21-2b9d-4fc0-bd96-d71650a8a15a.kml,VERIFIED INCIDENT,OFFICIALLY_VERIFIED,HIGH,True,OFFICIAL_HISTORICAL_RECORD
CHN-INC-2317,GCC-2020-NIVAR-0045,2020-11-25,Cyclone Nivar Flooding 2020,Saraswathi nagar 4th cross street,12.931753,80.230685,195,Ward 195 (Sholinganallur),15,Sholinganallur,waterlogging,high,Data Unavailable,Data Unavailable,Saraswathi nagar 4th cross street,Greater Chennai Corporation Cyclone Nivar Hotspots 2020,GCC-2020-NIVAR,https://data.opencity.in/dataset/3aef2eef-a97e-4fac-a4a9-aaa42a91fbfa/resource/068cfdae-652d-47c9-9722-7c49396d8a05/download/3a141c21-2b9d-4fc0-bd96-d71650a8a15a.kml,VERIFIED INCIDENT,OFFICIALLY_VERIFIED,HIGH,True,OFFICIAL_HISTORICAL_RECORD
CHN-INC-2318,GCC-2020-NIVAR-0046,2020-11-25,Cyclone Nivar Flooding 2020,ECR Road Philominal School,12.919357,80.251367,194,Ward 194 (Sholinganallur),15,Sholinganallur,waterlogging,high,Data Unavailable,Data Unavailable,ECR Road Philominal School,Greater Chennai Corporation Cyclone Nivar Hotspots 2020,GCC-2020-NIVAR,https://data.opencity.in/dataset/3aef2eef-a97e-4fac-a4a9-aaa42a91fbfa/resource/068cfdae-652d-47c9-9722-7c49396d8a05/download/3a141c21-2b9d-4fc0-bd96-d71650a8a15a.kml,VERIFIED INCIDENT,OFFICIALLY_VERIFIED,HIGH,True,OFFICIAL_HISTORICAL_RECORD
CHN-INC-2319,GCC-2020-NIVAR-0047,2020-11-25,Cyclone Nivar Flooding 2020,Ramalinga nagar,12.932315,80.249188,194,Ward 194 (Sholinganallur),15,Sholinganallur,waterlogging,high,Data Unavailable,Data Unavailable,Ramalinga nagar,Greater Chennai Corporation Cyclone Nivar Hotspots 2020,GCC-2020-NIVAR,https://data.opencity.in/dataset/3aef2eef-a97e-4fac-a4a9-aaa42a91fbfa/resource/068cfdae-652d-47c9-9722-7c49396d8a05/download/3a141c21-2b9d-4fc0-bd96-d71650a8a15a.kml,VERIFIED INCIDENT,OFFICIALLY_VERIFIED,HIGH,True,OFFICIAL_HISTORICAL_RECORD
CHN-INC-2320,GCC-2020-NIVAR-0048,2020-11-25,Cyclone Nivar Flooding 2020,Annai fathima school,12.910769,80.229085,198,Ward 198 (Sholinganallur),15,Sholinganallur,waterlogging,high,Data Unavailable,Data Unavailable,Annai fathima school,Greater Chennai Corporation Cyclone Nivar Hotspots 2020,GCC-2020-NIVAR,https://data.opencity.in/dataset/3aef2eef-a97e-4fac-a4a9-aaa42a91fbfa/resource/068cfdae-652d-47c9-9722-7c49396d8a05/download/3a141c21-2b9d-4fc0-bd96-d71650a8a15a.kml,VERIFIED INCIDENT,OFFICIALLY_VERIFIED,HIGH,True,OFFICIAL_HISTORICAL_RECORD
CHN-INC-2321,GCC-2020-NIVAR-0049,2020-11-25,Cyclone Nivar Flooding 2020,Classic farms avenue 1st street,12.896352,80.215,199,Ward 199 (Sholinganallur),15,Sholinganallur,waterlogging,high,Data Unavailable,Data Unavailable,Classic farms avenue 1st street,Greater Chennai Corporation Cyclone Nivar Hotspots 2020,GCC-2020-NIVAR,https://data.opencity.in/dataset/3aef2eef-a97e-4fac-a4a9-aaa42a91fbfa/resource/068cfdae-652d-47c9-9722-7c49396d8a05/download/3a141c21-2b9d-4fc0-bd96-d71650a8a15a.kml,VERIFIED INCIDENT,OFFICIALLY_VERIFIED,HIGH,True,OFFICIAL_HISTORICAL_RECORD
CHN-INC-2322,GCC-2020-NIVAR-0050,2020-11-25,Cyclone Nivar Flooding 2020,Ponniyamman koil,12.883188,80.228613,199,Ward 199 (Sholinganallur),15,Sholinganallur,waterlogging,high,Data Unavailable,Data Unavailable,Ponniyamman koil,Greater Chennai Corporation Cyclone Nivar Hotspots 2020,GCC-2020-NIVAR,https://data.opencity.in/dataset/3aef2eef-a97e-4fac-a4a9-aaa42a91fbfa/resource/068cfdae-652d-47c9-9722-7c49396d8a05/download/3a141c21-2b9d-4fc0-bd96-d71650a8a15a.kml,VERIFIED INCIDENT,OFFICIALLY_VERIFIED,HIGH,True,OFFICIAL_HISTORICAL_RECORD
CHN-INC-2323,GCC-2020-NIVAR-0051,2020-11-25,Cyclone Nivar Flooding 2020,Thiruvalluvar nagar,12.875755,80.230687,200,Ward 200 (Sholinganallur),15,Sholinganallur,waterlogging,high,Data Unavailable,Data Unavailable,Thiruvalluvar nagar,Greater Chennai Corporation Cyclone Nivar Hotspots 2020,GCC-2020-NIVAR,https://data.opencity.in/dataset/3aef2eef-a97e-4fac-a4a9-aaa42a91fbfa/resource/068cfdae-652d-47c9-9722-7c49396d8a05/download/3a141c21-2b9d-4fc0-bd96-d71650a8a15a.kml,VERIFIED INCIDENT,OFFICIALLY_VERIFIED,HIGH,True,OFFICIAL_HISTORICAL_RECORD
CHN-INC-2324,GCC-2020-NIVAR-0052,2020-11-25,Cyclone Nivar Flooding 2020,Jawahar nagar 6th 7th street,12.862756,80.213715,200,Ward 200 (Sholinganallur),15,Sholinganallur,waterlogging,high,Data Unavailable,Data Unavailable,Jawahar nagar 6th 7th street,Greater Chennai Corporation Cyclone Nivar Hotspots 2020,GCC-2020-NIVAR,https://data.opencity.in/dataset/3aef2eef-a97e-4fac-a4a9-aaa42a91fbfa/resource/068cfdae-652d-47c9-9722-7c49396d8a05/download/3a141c21-2b9d-4fc0-bd96-d71650a8a15a.kml,VERIFIED INCIDENT,OFFICIALLY_VERIFIED,HIGH,True,OFFICIAL_HISTORICAL_RECORD
CHN-INC-2325,GCC-2020-NIVAR-0053,2020-11-25,Cyclone Nivar Flooding 2020,Nookampalayam Main road,12.87949,80.210719,200,Ward 200 (Sholinganallur),15,Sholinganallur,waterlogging,high,Data Unavailable,Data Unavailable,Nookampalayam Main road,Greater Chennai Corporation Cyclone Nivar Hotspots 2020,GCC-2020-NIVAR,https://data.opencity.in/dataset/3aef2eef-a97e-4fac-a4a9-aaa42a91fbfa/resource/068cfdae-652d-47c9-9722-7c49396d8a05/download/3a141c21-2b9d-4fc0-bd96-d71650a8a15a.kml,VERIFIED INCIDENT,OFFICIALLY_VERIFIED,HIGH,True,OFFICIAL_HISTORICAL_RECORD
