<?xml version="1.0" encoding="utf-8" ?>
<kml xmlns="http://www.opengis.net/kml/2.2">
<Document id="root_doc">
<Schema name="chennaidss_gis_flood_hotspots_gcc_flood_hotspots_2015" id="chennaidss_gis_flood_hotspots_gcc_flood_hotspots_2015">
	<SimpleField name="id" type="int"></SimpleField>
	<SimpleField name="location" type="string"></SimpleField>
	<SimpleField name="inundation_level" type="string"></SimpleField>
	<SimpleField name="vulnerability" type="string"></SimpleField>
	<SimpleField name="inundation_ft" type="string"></SimpleField>
	<SimpleField name="vhvul_ab5f" type="string"></SimpleField>
	<SimpleField name="hvul_3to5f" type="string"></SimpleField>
	<SimpleField name="mvul_2to3f" type="string"></SimpleField>
	<SimpleField name="lvul_less2" type="string"></SimpleField>
	<SimpleField name="zone" type="int"></SimpleField>
	<SimpleField name="ward" type="int"></SimpleField>
	<SimpleField name="sl__no_" type="int"></SimpleField>
	<SimpleField name="latitude" type="float"></SimpleField>
	<SimpleField name="longitude" type="float"></SimpleField>
</Schema>
<Folder><name>chennaidss_gis_flood_hotspots_gcc_flood_hotspots_2015</name>
  <Placemark>
	<ExtendedData><SchemaData schemaUrl="#chennaidss_gis_flood_hotspots_gcc_flood_hotspots_2015">
		<SimpleData name="id">1</SimpleData>
		<SimpleData name="location">Sathya Moorthy Nagar 24th Block</SimpleData>
		<SimpleData name="inundation_level">Low Vulnerability less than 2 feet</SimpleData>
		<SimpleData name="vulnerability">Low Vulnerability</SimpleData>
		<SimpleData name="inundation_ft">&lt;2ft</SimpleData>
		<SimpleData name="vhvul_ab5f">-</SimpleData>
		<SimpleData name="hvul_3to5f">-</SimpleData>
		<SimpleData name="lvul_less2">Yes</SimpleData>
		<SimpleData name="zone">4</SimpleData>
		<SimpleData name="ward">46</SimpleData>
		<SimpleData name="sl__no_">40</SimpleData>
		<SimpleData name="latitude">13.1163</SimpleData>
		<SimpleData name="longitude">80.2673</SimpleData>
	</SchemaData></ExtendedData>
      <Point><coordinates>80.2672850633093,13.1162883946757,0</coordinates></Point>
  </Placemark>
  <Placemark>
	<ExtendedData><SchemaData schemaUrl="#chennaidss_gis_flood_hotspots_gcc_flood_hotspots_2015">
		<SimpleData name="id">2</SimpleData>
		<SimpleData name="location">KH Road</SimpleData>
		<SimpleData name="inundation_level">High Vulnerability 3 to 5 Feet</SimpleData>
		<SimpleData name="vulnerability">High Vulnerability</SimpleData>
		<SimpleData name="inundation_ft">3 to 5 ft</SimpleData>
		<SimpleData name="vhvul_ab5f">-</SimpleData>
		<SimpleData name="hvul_3to5f">Yes</SimpleData>
		<SimpleData name="lvul_less2">-</SimpleData>
		<SimpleData name="zone">4</SimpleData>
		<SimpleData name="ward">47</SimpleData>
		<SimpleData name="sl__no_">41</SimpleData>
		<SimpleData name="latitude">13.1181</SimpleData>
		<SimpleData name="longitude">80.2763</SimpleData>
	</SchemaData></ExtendedData>
      <Point><coordinates>80.2762949270001,13.1180816275001,0</coordinates></Point>
  </Placemark>
  <Placemark>
	<ExtendedData><SchemaData schemaUrl="#chennaidss_gis_flood_hotspots_gcc_flood_hotspots_2015">
		<SimpleData name="id">3</SimpleData>
		<SimpleData name="location">Walltax Road</SimpleData>
		<SimpleData name="inundation_level">Low Vulnerability less than 2 feet</SimpleData>
		<SimpleData name="vulnerability">Low Vulnerability</SimpleData>
		<SimpleData name="inundation_ft">&lt;2ft</SimpleData>
		<SimpleData name="vhvul_ab5f">-</SimpleData>
		<SimpleData name="hvul_3to5f">-</SimpleData>
		<SimpleData name="lvul_less2">Yes</SimpleData>
		<SimpleData name="zone">5</SimpleData>
		<SimpleData name="ward">54</SimpleData>
		<SimpleData name="sl__no_">44</SimpleData>
		<SimpleData name="latitude">13.101</SimpleData>
		<SimpleData name="longitude">80.2748</SimpleData>
	</SchemaData></ExtendedData>
      <Point><coordinates>80.2748161933386,13.1010411424813,0</coordinates></Point>
  </Placemark>
  <Placemark>
	<ExtendedData><SchemaData schemaUrl="#chennaidss_gis_flood_hotspots_gcc_flood_hotspots_2015">
		<SimpleData name="id">4</SimpleData>
		<SimpleData name="location">Sydnams Road,</SimpleData>
		<SimpleData name="inundation_level">Low Vulnerability less than 2 feet</SimpleData>
		<SimpleData name="vulnerability">Low Vulnerability</SimpleData>
		<SimpleData name="inundation_ft">&lt;2ft</SimpleData>
		<SimpleData name="vhvul_ab5f">-</SimpleData>
		<SimpleData name="hvul_3to5f">-</SimpleData>
		<SimpleData name="lvul_less2">Yes</SimpleData>
		<SimpleData name="zone">5</SimpleData>
		<SimpleData name="ward">58</SimpleData>
		<SimpleData name="sl__no_">47</SimpleData>
		<SimpleData name="latitude">13.0881</SimpleData>
		<SimpleData name="longitude">80.2698</SimpleData>
	</SchemaData></ExtendedData>
      <Point><coordinates>80.269784567655,13.088060114306,0</coordinates></Point>
  </Placemark>
  <Placemark>
	<ExtendedData><SchemaData schemaUrl="#chennaidss_gis_flood_hotspots_gcc_flood_hotspots_2015">
		<SimpleData name="id">5</SimpleData>
		<SimpleData name="location">Avvai Shanmugam Salai</SimpleData>
		<SimpleData name="inundation_level">High Vulnerability 3 to 5 Feet</SimpleData>
		<SimpleData name="vulnerability">High Vulnerability</SimpleData>
		<SimpleData name="inundation_ft">3 to 5 ft</SimpleData>
		<SimpleData name="hvul_3to5f">Yes</SimpleData>
		<SimpleData name="zone">9</SimpleData>
		<SimpleData name="ward">119</SimpleData>
		<SimpleData name="sl__no_">140</SimpleData>
		<SimpleData name="latitude">13.0479</SimpleData>
		<SimpleData name="longitude">80.265</SimpleData>
	</SchemaData></ExtendedData>
      <Point><coordinates>80.2650282550672,13.0479031183923,0</coordinates></Point>
  </Placemark>
  <Placemark>
	<ExtendedData><SchemaData schemaUrl="#chennaidss_gis_flood_hotspots_gcc_flood_hotspots_2015">
		<SimpleData name="id">6</SimpleData>
		<SimpleData name="location">Avvai Shanmugam Salai 1st Lane</SimpleData>
		<SimpleData name="inundation_level">Very High Vulnerability Above 5 Feet</SimpleData>
		<SimpleData name="vulnerability">Very High Vulnerability</SimpleData>
		<SimpleData name="inundation_ft">&gt;5ft</SimpleData>
		<SimpleData name="vhvul_ab5f">Yes</SimpleData>
		<SimpleData name="zone">9</SimpleData>
		<SimpleData name="ward">119</SimpleData>
		<SimpleData name="sl__no_">142</SimpleData>
		<SimpleData name="latitude">13.0472</SimpleData>
		<SimpleData name="longitude">80.2654</SimpleData>
	</SchemaData></ExtendedData>
      <Point><coordinates>80.2653478313395,13.0472136816274,0</coordinates></Point>
  </Placemark>
  <Placemark>
	<ExtendedData><SchemaData schemaUrl="#chennaidss_gis_flood_hotspots_gcc_flood_hotspots_2015">
		<SimpleData name="id">7</SimpleData>
		<SimpleData name="location">Lakshmipuram 2nd Street</SimpleData>
		<SimpleData name="inundation_level">Low Vulnerability less than 2 feet</SimpleData>
		<SimpleData name="vulnerability">Low Vulnerability</SimpleData>
		<SimpleData name="inundation_ft">&lt;2ft</SimpleData>
		<SimpleData name="lvul_less2">Yes</SimpleData>
		<SimpleData name="zone">9</SimpleData>
		<SimpleData name="ward">119</SimpleData>
		<SimpleData name="sl__no_">141</SimpleData>
		<SimpleData name="latitude">13.0466</SimpleData>
		<SimpleData name="longitude">80.263</SimpleData>
	</SchemaData></ExtendedData>
      <Point><coordinates>80.263020070121,13.0466436124156,0</coordinates></Point>
  </Placemark>
  <Placemark>
	<ExtendedData><SchemaData schemaUrl="#chennaidss_gis_flood_hotspots_gcc_flood_hotspots_2015">
		<SimpleData name="id">8</SimpleData>
		<SimpleData name="location">Mohamadin Salai</SimpleData>
		<SimpleData name="inundation_level">Low Vulnerability less than 2 feet</SimpleData>
		<SimpleData name="vulnerability">Low Vulnerability</SimpleData>
		<SimpleData name="inundation_ft">&lt;2ft</SimpleData>
		<SimpleData name="vhvul_ab5f">Nil</SimpleData>
		<SimpleData name="hvul_3to5f">Nil</SimpleData>
		<SimpleData name="lvul_less2">Yes</SimpleData>
		<SimpleData name="zone">6</SimpleData>
		<SimpleData name="ward">68</SimpleData>
		<SimpleData name="sl__no_">75</SimpleData>
		<SimpleData name="latitude">13.1103</SimpleData>
		<SimpleData name="longitude">80.2311</SimpleData>
	</SchemaData></ExtendedData>
      <Point><coordinates>80.2311073741259,13.1103484727694,0</coordinates></Point>
  </Placemark>
  <Placemark>
	<ExtendedData><SchemaData schemaUrl="#chennaidss_gis_flood_hotspots_gcc_flood_hotspots_2015">
		<SimpleData name="id">9</SimpleData>
		<SimpleData name="location">Angalamman Koil Street</SimpleData>
		<SimpleData name="inundation_level">Low Vulnerability less than 2 feet</SimpleData>
		<SimpleData name="vulnerability">Low Vulnerability</SimpleData>
		<SimpleData name="inundation_ft">&lt;2ft</SimpleData>
		<SimpleData name="vhvul_ab5f">Nil</SimpleData>
		<SimpleData name="hvul_3to5f">Nil</SimpleData>
		<SimpleData name="lvul_less2">Yes</SimpleData>
		<SimpleData name="zone">6</SimpleData>
		<SimpleData name="ward">76</SimpleData>
		<SimpleData name="sl__no_">88</SimpleData>
		<SimpleData name="latitude">13.0958</SimpleData>
		<SimpleData name="longitude">80.2625</SimpleData>
	</SchemaData></ExtendedData>
      <Point><coordinates>80.2624655846901,13.0957894967015,0</coordinates></Point>
  </Placemark>
  <Placemark>
	<ExtendedData><SchemaData schemaUrl="#chennaidss_gis_flood_hotspots_gcc_flood_hotspots_2015">
		<SimpleData name="id">10</SimpleData>
		<SimpleData name="location">Sec Colony 1st to 9th Street</SimpleData>
		<SimpleData name="inundation_level">Low Vulnerability less than 2 feet</SimpleData>
		<SimpleData name="vulnerability">Low Vulnerability</SimpleData>
		<SimpleData name="inundation_ft">&lt;2ft</SimpleData>
		<SimpleData name="vhvul_ab5f">Nil</SimpleData>
		<SimpleData name="hvul_3to5f">Nil</SimpleData>
		<SimpleData name="lvul_less2">Yes</SimpleData>
		<SimpleData name="zone">6</SimpleData>
		<SimpleData name="ward">74</SimpleData>
		<SimpleData name="sl__no_">85</SimpleData>
		<SimpleData name="latitude">13.092</SimpleData>
		<SimpleData name="longitude">80.2451</SimpleData>
	</SchemaData></ExtendedData>
      <Point><coordinates>80.2451127115001,13.0920325140001,0</coordinates></Point>
  </Placemark>
  <Placemark>
	<ExtendedData><SchemaData schemaUrl="#chennaidss_gis_flood_hotspots_gcc_flood_hotspots_2015">
		<SimpleData name="id">11</SimpleData>
		<SimpleData name="location">Vallavan Street</SimpleData>
		<SimpleData name="inundation_level">Low Vulnerability less than 2 feet</SimpleData>
		<SimpleData name="vulnerability">Low Vulnerability</SimpleData>
		<SimpleData name="inundation_ft">&lt;2ft</SimpleData>
		<SimpleData name="vhvul_ab5f">Nil</SimpleData>
		<SimpleData name="hvul_3to5f">Nil</SimpleData>
		<SimpleData name="lvul_less2">Yes</SimpleData>
		<SimpleData name="zone">6</SimpleData>
		<SimpleData name="ward">75</SimpleData>
		<SimpleData name="sl__no_">86</SimpleData>
		<SimpleData name="latitude">13.0942</SimpleData>
		<SimpleData name="longitude">80.2518</SimpleData>
	</SchemaData></ExtendedData>
      <Point><coordinates>80.2517956422802,13.0942232531572,0</coordinates></Point>
  </Placemark>
  <Placemark>
	<ExtendedData><SchemaData schemaUrl="#chennaidss_gis_flood_hotspots_gcc_flood_hotspots_2015">
		<SimpleData name="id">12</SimpleData>
		<SimpleData name="location">Cth Road near Petrol Bunk</SimpleData>
		<SimpleData name="inundation_level">Low Vulnerability less than 2 feet</SimpleData>
		<SimpleData name="vulnerability">Low Vulnerability</SimpleData>
		<SimpleData name="inundation_ft">&lt;2ft</SimpleData>
		<SimpleData name="lvul_less2">Yes</SimpleData>
		<SimpleData name="zone">7</SimpleData>
		<SimpleData name="ward">86</SimpleData>
		<SimpleData name="sl__no_">93</SimpleData>
		<SimpleData name="latitude">13.0992</SimpleData>
		<SimpleData name="longitude">80.1725</SimpleData>
	</SchemaData></ExtendedData>
      <Point><coordinates>80.1725000544291,13.0991886382351,0</coordinates></Point>
  </Placemark>
  <Placemark>
	<ExtendedData><SchemaData schemaUrl="#chennaidss_gis_flood_hotspots_gcc_flood_hotspots_2015">
		<SimpleData name="id">13</SimpleData>
		<SimpleData name="location">Gopal Reddy Colony</SimpleData>
		<SimpleData name="inundation_level">Low Vulnerability less than 2 feet</SimpleData>
		<SimpleData name="vulnerability">Low Vulnerability</SimpleData>
		<SimpleData name="inundation_ft">&lt;2ft</SimpleData>
		<SimpleData name="vhvul_ab5f">Nil</SimpleData>
		<SimpleData name="hvul_3to5f">Nil</SimpleData>
		<SimpleData name="lvul_less2">Yes</SimpleData>
		<SimpleData name="zone">6</SimpleData>
		<SimpleData name="ward">67</SimpleData>
		<SimpleData name="sl__no_">71</SimpleData>
		<SimpleData name="latitude">13.1099</SimpleData>
		<SimpleData name="longitude">80.2305</SimpleData>
	</SchemaData></ExtendedData>
      <Point><coordinates>80.230544801,13.1099246297426,0</coordinates></Point>
  </Placemark>
  <Placemark>
	<ExtendedData><SchemaData schemaUrl="#chennaidss_gis_flood_hotspots_gcc_flood_hotspots_2015">
		<SimpleData name="id">14</SimpleData>
		<SimpleData name="location">Pallavan Street</SimpleData>
		<SimpleData name="inundation_level">Low Vulnerability less than 2 feet</SimpleData>
		<SimpleData name="vulnerability">Low Vulnerability</SimpleData>
		<SimpleData name="inundation_ft">&lt;2ft</SimpleData>
		<SimpleData name="vhvul_ab5f">Nil</SimpleData>
		<SimpleData name="hvul_3to5f">Nil</SimpleData>
		<SimpleData name="lvul_less2">Yes</SimpleData>
		<SimpleData name="zone">6</SimpleData>
		<SimpleData name="ward">68</SimpleData>
		<SimpleData name="sl__no_">73</SimpleData>
		<SimpleData name="latitude">13.1113</SimpleData>
		<SimpleData name="longitude">80.2312</SimpleData>
	</SchemaData></ExtendedData>
      <Point><coordinates>80.2312120732536,13.1112845531935,0</coordinates></Point>
  </Placemark>
  <Placemark>
	<ExtendedData><SchemaData schemaUrl="#chennaidss_gis_flood_hotspots_gcc_flood_hotspots_2015">
		<SimpleData name="id">15</SimpleData>
		<SimpleData name="location">Decaster Road</SimpleData>
		<SimpleData name="inundation_level">Low Vulnerability less than 2 feet</SimpleData>
		<SimpleData name="vulnerability">Low Vulnerability</SimpleData>
		<SimpleData name="inundation_ft">&lt;2ft</SimpleData>
		<SimpleData name="vhvul_ab5f">Nil</SimpleData>
		<SimpleData name="hvul_3to5f">Nil</SimpleData>
		<SimpleData name="lvul_less2">Yes</SimpleData>
		<SimpleData name="zone">6</SimpleData>
		<SimpleData name="ward">72</SimpleData>
		<SimpleData name="sl__no_">78</SimpleData>
		<SimpleData name="latitude">13.1025</SimpleData>
		<SimpleData name="longitude">80.2617</SimpleData>
	</SchemaData></ExtendedData>
      <Point><coordinates>80.261692481063,13.1024630133788,0</coordinates></Point>
  </Placemark>
  <Placemark>
	<ExtendedData><SchemaData schemaUrl="#chennaidss_gis_flood_hotspots_gcc_flood_hotspots_2015">
		<SimpleData name="id">16</SimpleData>
		<SimpleData name="location">Doss Nagar Pallam</SimpleData>
		<SimpleData name="inundation_level">Low Vulnerability less than 2 feet</SimpleData>
		<SimpleData name="vulnerability">Low Vulnerability</SimpleData>
		<SimpleData name="inundation_ft">&lt;2ft</SimpleData>
		<SimpleData name="vhvul_ab5f">Nil</SimpleData>
		<SimpleData name="hvul_3to5f">Nil</SimpleData>
		<SimpleData name="lvul_less2">Yes</SimpleData>
		<SimpleData name="zone">6</SimpleData>
		<SimpleData name="ward">72</SimpleData>
		<SimpleData name="sl__no_">79</SimpleData>
		<SimpleData name="latitude">13.1088</SimpleData>
		<SimpleData name="longitude">80.2644</SimpleData>
	</SchemaData></ExtendedData>
      <Point><coordinates>80.264365258647,13.1088055717248,0</coordinates></Point>
  </Placemark>
  <Placemark>
	<ExtendedData><SchemaData schemaUrl="#chennaidss_gis_flood_hotspots_gcc_flood_hotspots_2015">
		<SimpleData name="id">17</SimpleData>
		<SimpleData name="location">Straganas Road</SimpleData>
		<SimpleData name="inundation_level">Low Vulnerability less than 2 feet</SimpleData>
		<SimpleData name="vulnerability">Low Vulnerability</SimpleData>
		<SimpleData name="inundation_ft">&lt;2ft</SimpleData>
		<SimpleData name="vhvul_ab5f">Nil</SimpleData>
		<SimpleData name="hvul_3to5f">Nil</SimpleData>
		<SimpleData name="lvul_less2">Yes</SimpleData>
		<SimpleData name="zone">6</SimpleData>
		<SimpleData name="ward">76</SimpleData>
		<SimpleData name="sl__no_">87</SimpleData>
		<SimpleData name="latitude">13.0974</SimpleData>
		<SimpleData name="longitude">80.2584</SimpleData>
	</SchemaData></ExtendedData>
      <Point><coordinates>80.2583894673282,13.0973818471483,0</coordinates></Point>
  </Placemark>
  <Placemark>
	<ExtendedData><SchemaData schemaUrl="#chennaidss_gis_flood_hotspots_gcc_flood_hotspots_2015">
		<SimpleData name="id">18</SimpleData>
		<SimpleData name="location">Demellous Road 
(Near Haj Committee)</SimpleData>
		<SimpleData name="inundation_level">Low Vulnerability less than 2 feet</SimpleData>
		<SimpleData name="vulnerability">Low Vulnerability</SimpleData>
		<SimpleData name="inundation_ft">&lt;2ft</SimpleData>
		<SimpleData name="vhvul_ab5f">Nil</SimpleData>
		<SimpleData name="hvul_3to5f">Nil</SimpleData>
		<SimpleData name="lvul_less2">Yes</SimpleData>
		<SimpleData name="zone">6</SimpleData>
		<SimpleData name="ward">77</SimpleData>
		<SimpleData name="sl__no_">89</SimpleData>
		<SimpleData name="latitude">13.0936</SimpleData>
		<SimpleData name="longitude">80.2685</SimpleData>
	</SchemaData></ExtendedData>
      <Point><coordinates>80.2685336812426,13.0936374765628,0</coordinates></Point>
  </Placemark>
  <Placemark>
	<ExtendedData><SchemaData schemaUrl="#chennaidss_gis_flood_hotspots_gcc_flood_hotspots_2015">
		<SimpleData name="id">19</SimpleData>
		<SimpleData name="location">Srinivasapuram, B.K.N Colony</SimpleData>
		<SimpleData name="inundation_level">Low Vulnerability less than 2 feet</SimpleData>
		<SimpleData name="vulnerability">Low Vulnerability</SimpleData>
		<SimpleData name="inundation_ft">&lt;2ft</SimpleData>
		<SimpleData name="lvul_less2">Yes</SimpleData>
		<SimpleData name="zone">1</SimpleData>
		<SimpleData name="ward">12</SimpleData>
		<SimpleData name="sl__no_">14</SimpleData>
		<SimpleData name="latitude">13.1531</SimpleData>
		<SimpleData name="longitude">80.2943</SimpleData>
	</SchemaData></ExtendedData>
      <Point><coordinates>80.2942619055734,13.1531221961585,0</coordinates></Point>
  </Placemark>
  <Placemark>
	<ExtendedData><SchemaData schemaUrl="#chennaidss_gis_flood_hotspots_gcc_flood_hotspots_2015">
		<SimpleData name="id">20</SimpleData>
		<SimpleData name="location">Nandhi odai , Sadayankuppam battai</SimpleData>
		<SimpleData name="inundation_level">High Vulnerability 3 to 5 Feet</SimpleData>
		<SimpleData name="vulnerability">High Vulnerability</SimpleData>
		<SimpleData name="inundation_ft">3 to 5 ft</SimpleData>
		<SimpleData name="hvul_3to5f">Yes</SimpleData>
		<SimpleData name="zone">1</SimpleData>
		<SimpleData name="ward">10</SimpleData>
		<SimpleData name="sl__no_">13</SimpleData>
		<SimpleData name="latitude">13.1599</SimpleData>
		<SimpleData name="longitude">80.2969</SimpleData>
	</SchemaData></ExtendedData>
      <Point><coordinates>80.2969438028548,13.1598582542422,0</coordinates></Point>
  </Placemark>
  <Placemark>
	<ExtendedData><SchemaData schemaUrl="#chennaidss_gis_flood_hotspots_gcc_flood_hotspots_2015">
		<SimpleData name="id">21</SimpleData>
		<SimpleData name="location">Kalaignar nagar</SimpleData>
		<SimpleData name="inundation_level">Very High Vulnerability Above 5 Feet</SimpleData>
		<SimpleData name="vulnerability">Very High Vulnerability</SimpleData>
		<SimpleData name="inundation_ft">&gt;5ft</SimpleData>
		<SimpleData name="vhvul_ab5f">Yes</SimpleData>
		<SimpleData name="zone">1</SimpleData>
		<SimpleData name="ward">6</SimpleData>
		<SimpleData name="sl__no_">10</SimpleData>
		<SimpleData name="latitude">13.1741</SimpleData>
		<SimpleData name="longitude">80.2968</SimpleData>
	</SchemaData></ExtendedData>
      <Point><coordinates>80.296760932017,13.1741151919426,0</coordinates></Point>
  </Placemark>
  <Placemark>
	<ExtendedData><SchemaData schemaUrl="#chennaidss_gis_flood_hotspots_gcc_flood_hotspots_2015">
		<SimpleData name="id">22</SimpleData>
		<SimpleData name="location">AD Colony, Ernaavoor</SimpleData>
		<SimpleData name="inundation_level">High Vulnerability 3 to 5 Feet</SimpleData>
		<SimpleData name="vulnerability">High Vulnerability</SimpleData>
		<SimpleData name="inundation_ft">3 to 5 ft</SimpleData>
		<SimpleData name="hvul_3to5f">Yes</SimpleData>
		<SimpleData name="zone">1</SimpleData>
		<SimpleData name="ward">4</SimpleData>
		<SimpleData name="sl__no_">5</SimpleData>
		<SimpleData name="latitude">13.19</SimpleData>
		<SimpleData name="longitude">80.3033</SimpleData>
	</SchemaData></ExtendedData>
      <Point><coordinates>80.3033148658147,13.189966509876,0</coordinates></Point>
  </Placemark>
  <Placemark>
	<ExtendedData><SchemaData schemaUrl="#chennaidss_gis_flood_hotspots_gcc_flood_hotspots_2015">
		<SimpleData name="id">23</SimpleData>
		<SimpleData name="location">SVM Nagar, Ulaganathapuram</SimpleData>
		<SimpleData name="inundation_level">High Vulnerability 3 to 5 Feet</SimpleData>
		<SimpleData name="vulnerability">High Vulnerability</SimpleData>
		<SimpleData name="inundation_ft">3 to 5 ft</SimpleData>
		<SimpleData name="hvul_3to5f">Yes</SimpleData>
		<SimpleData name="zone">1</SimpleData>
		<SimpleData name="ward">1</SimpleData>
		<SimpleData name="sl__no_">4</SimpleData>
		<SimpleData name="latitude">13.2263</SimpleData>
		<SimpleData name="longitude">80.3266</SimpleData>
	</SchemaData></ExtendedData>
      <Point><coordinates>80.3265634393952,13.2262730340807,0</coordinates></Point>
  </Placemark>
  <Placemark>
	<ExtendedData><SchemaData schemaUrl="#chennaidss_gis_flood_hotspots_gcc_flood_hotspots_2015">
		<SimpleData name="id">24</SimpleData>
		<SimpleData name="location">Kargil nagar, Rajaji nagar</SimpleData>
		<SimpleData name="inundation_level">High Vulnerability 3 to 5 Feet</SimpleData>
		<SimpleData name="vulnerability">High Vulnerability</SimpleData>
		<SimpleData name="inundation_ft">3 to 5 ft</SimpleData>
		<SimpleData name="hvul_3to5f">Yes</SimpleData>
		<SimpleData name="zone">1</SimpleData>
		<SimpleData name="ward">7</SimpleData>
		<SimpleData name="sl__no_">12</SimpleData>
		<SimpleData name="latitude">13.1729</SimpleData>
		<SimpleData name="longitude">80.2914</SimpleData>
	</SchemaData></ExtendedData>
      <Point><coordinates>80.291359860923,13.1729242118345,0</coordinates></Point>
  </Placemark>
  <Placemark>
	<ExtendedData><SchemaData schemaUrl="#chennaidss_gis_flood_hotspots_gcc_flood_hotspots_2015">
		<SimpleData name="id">25</SimpleData>
		<SimpleData name="location">Kargil nagar, Rajaji nagar</SimpleData>
		<SimpleData name="inundation_level">High Vulnerability 3 to 5 Feet</SimpleData>
		<SimpleData name="vulnerability">High Vulnerability</SimpleData>
		<SimpleData name="inundation_ft">3 to 5 ft</SimpleData>
		<SimpleData name="hvul_3to5f">Yes</SimpleData>
		<SimpleData name="zone">1</SimpleData>
		<SimpleData name="ward">7</SimpleData>
		<SimpleData name="sl__no_">12</SimpleData>
		<SimpleData name="latitude">13.1495</SimpleData>
		<SimpleData name="longitude">80.2702</SimpleData>
	</SchemaData></ExtendedData>
      <Point><coordinates>80.2701579797587,13.1494989690475,0</coordinates></Point>
  </Placemark>
  <Placemark>
	<ExtendedData><SchemaData schemaUrl="#chennaidss_gis_flood_hotspots_gcc_flood_hotspots_2015">
		<SimpleData name="id">26</SimpleData>
		<SimpleData name="location">Walltax Road</SimpleData>
		<SimpleData name="inundation_level">Low Vulnerability less than 2 feet</SimpleData>
		<SimpleData name="vulnerability">Low Vulnerability</SimpleData>
		<SimpleData name="inundation_ft">&lt;2ft</SimpleData>
		<SimpleData name="vhvul_ab5f">-</SimpleData>
		<SimpleData name="hvul_3to5f">-</SimpleData>
		<SimpleData name="lvul_less2">Yes</SimpleData>
		<SimpleData name="zone">5</SimpleData>
		<SimpleData name="ward">53</SimpleData>
		<SimpleData name="sl__no_">43</SimpleData>
		<SimpleData name="latitude">13.1018</SimpleData>
		<SimpleData name="longitude">80.2744</SimpleData>
	</SchemaData></ExtendedData>
      <Point><coordinates>80.2743894560229,13.1018283943839,0</coordinates></Point>
  </Placemark>
  <Placemark>
	<ExtendedData><SchemaData schemaUrl="#chennaidss_gis_flood_hotspots_gcc_flood_hotspots_2015">
		<SimpleData name="id">27</SimpleData>
		<SimpleData name="location">Walltax Road</SimpleData>
		<SimpleData name="inundation_level">Low Vulnerability less than 2 feet</SimpleData>
		<SimpleData name="vulnerability">Low Vulnerability</SimpleData>
		<SimpleData name="inundation_ft">&lt;2ft</SimpleData>
		<SimpleData name="vhvul_ab5f">-</SimpleData>
		<SimpleData name="hvul_3to5f">-</SimpleData>
		<SimpleData name="lvul_less2">Yes</SimpleData>
		<SimpleData name="zone">5</SimpleData>
		<SimpleData name="ward">54</SimpleData>
		<SimpleData name="sl__no_">45</SimpleData>
		<SimpleData name="latitude">13.0975</SimpleData>
		<SimpleData name="longitude">80.2753</SimpleData>
	</SchemaData></ExtendedData>
      <Point><coordinates>80.2752611587385,13.0974663005142,0</coordinates></Point>
  </Placemark>
  <Placemark>
	<ExtendedData><SchemaData schemaUrl="#chennaidss_gis_flood_hotspots_gcc_flood_hotspots_2015">
		<SimpleData name="id">28</SimpleData>
		<SimpleData name="location">EVK Sampath Salai,</SimpleData>
		<SimpleData name="inundation_level">Low Vulnerability less than 2 feet</SimpleData>
		<SimpleData name="vulnerability">Low Vulnerability</SimpleData>
		<SimpleData name="inundation_ft">&lt;2ft</SimpleData>
		<SimpleData name="vhvul_ab5f">-</SimpleData>
		<SimpleData name="hvul_3to5f">-</SimpleData>
		<SimpleData name="lvul_less2">Yes</SimpleData>
		<SimpleData name="zone">5</SimpleData>
		<SimpleData name="ward">58</SimpleData>
		<SimpleData name="sl__no_">46</SimpleData>
		<SimpleData name="latitude">13.0805</SimpleData>
		<SimpleData name="longitude">80.2627</SimpleData>
	</SchemaData></ExtendedData>
      <Point><coordinates>80.2626783459664,13.0805388392729,0</coordinates></Point>
  </Placemark>
  <Placemark>
	<ExtendedData><SchemaData schemaUrl="#chennaidss_gis_flood_hotspots_gcc_flood_hotspots_2015">
		<SimpleData name="id">29</SimpleData>
		<SimpleData name="location">VOC Salai,</SimpleData>
		<SimpleData name="inundation_level">Low Vulnerability less than 2 feet</SimpleData>
		<SimpleData name="vulnerability">Low Vulnerability</SimpleData>
		<SimpleData name="inundation_ft">&lt;2ft</SimpleData>
		<SimpleData name="vhvul_ab5f">-</SimpleData>
		<SimpleData name="hvul_3to5f">-</SimpleData>
		<SimpleData name="lvul_less2">Yes</SimpleData>
		<SimpleData name="zone">5</SimpleData>
		<SimpleData name="ward">59</SimpleData>
		<SimpleData name="sl__no_">48</SimpleData>
		<SimpleData name="latitude">13.0821</SimpleData>
		<SimpleData name="longitude">80.2763</SimpleData>
	</SchemaData></ExtendedData>
      <Point><coordinates>80.2762531731689,13.0820721849513,0</coordinates></Point>
  </Placemark>
  <Placemark>
	<ExtendedData><SchemaData schemaUrl="#chennaidss_gis_flood_hotspots_gcc_flood_hotspots_2015">
		<SimpleData name="id">30</SimpleData>
		<SimpleData name="location">Ghandhi Irwan Bridge Road</SimpleData>
		<SimpleData name="inundation_level">Low Vulnerability less than 2 feet</SimpleData>
		<SimpleData name="vulnerability">Low Vulnerability</SimpleData>
		<SimpleData name="inundation_ft">&lt;2ft</SimpleData>
		<SimpleData name="vhvul_ab5f">-</SimpleData>
		<SimpleData name="hvul_3to5f">-</SimpleData>
		<SimpleData name="lvul_less2">Yes</SimpleData>
		<SimpleData name="zone">5</SimpleData>
		<SimpleData name="ward">61</SimpleData>
		<SimpleData name="sl__no_">49</SimpleData>
		<SimpleData name="latitude">13.0767</SimpleData>
		<SimpleData name="longitude">80.2655</SimpleData>
	</SchemaData></ExtendedData>
      <Point><coordinates>80.2655516549322,13.0767104247891,0</coordinates></Point>
  </Placemark>
  <Placemark>
	<ExtendedData><SchemaData schemaUrl="#chennaidss_gis_flood_hotspots_gcc_flood_hotspots_2015">
		<SimpleData name="id">31</SimpleData>
		<SimpleData name="location">Egmore High Road,</SimpleData>
		<SimpleData name="inundation_level">Low Vulnerability less than 2 feet</SimpleData>
		<SimpleData name="vulnerability">Low Vulnerability</SimpleData>
		<SimpleData name="inundation_ft">&lt;2ft</SimpleData>
		<SimpleData name="vhvul_ab5f">-</SimpleData>
		<SimpleData name="hvul_3to5f">-</SimpleData>
		<SimpleData name="lvul_less2">Yes</SimpleData>
		<SimpleData name="zone">5</SimpleData>
		<SimpleData name="ward">61</SimpleData>
		<SimpleData name="sl__no_">50</SimpleData>
		<SimpleData name="latitude">13.0749</SimpleData>
		<SimpleData name="longitude">80.2549</SimpleData>
	</SchemaData></ExtendedData>
      <Point><coordinates>80.2548784463204,13.0748530951715,0</coordinates></Point>
  </Placemark>
  <Placemark>
	<ExtendedData><SchemaData schemaUrl="#chennaidss_gis_flood_hotspots_gcc_flood_hotspots_2015">
		<SimpleData name="id">32</SimpleData>
		<SimpleData name="location">Singanna Chetty Street,</SimpleData>
		<SimpleData name="inundation_level">Low Vulnerability less than 2 feet</SimpleData>
		<SimpleData name="vulnerability">Low Vulnerability</SimpleData>
		<SimpleData name="inundation_ft">&lt;2ft</SimpleData>
		<SimpleData name="vhvul_ab5f">-</SimpleData>
		<SimpleData name="hvul_3to5f">-</SimpleData>
		<SimpleData name="lvul_less2">Yes</SimpleData>
		<SimpleData name="zone">5</SimpleData>
		<SimpleData name="ward">62</SimpleData>
		<SimpleData name="sl__no_">52</SimpleData>
		<SimpleData name="latitude">13.0778</SimpleData>
		<SimpleData name="longitude">80.2719</SimpleData>
	</SchemaData></ExtendedData>
      <Point><coordinates>80.2718935654891,13.0777506524376,0</coordinates></Point>
  </Placemark>
  <Placemark>
	<ExtendedData><SchemaData schemaUrl="#chennaidss_gis_flood_hotspots_gcc_flood_hotspots_2015">
		<SimpleData name="id">33</SimpleData>
		<SimpleData name="location">Arunachalam Road,</SimpleData>
		<SimpleData name="inundation_level">Low Vulnerability less than 2 feet</SimpleData>
		<SimpleData name="vulnerability">Low Vulnerability</SimpleData>
		<SimpleData name="inundation_ft">&lt;2ft</SimpleData>
		<SimpleData name="vhvul_ab5f">-</SimpleData>
		<SimpleData name="hvul_3to5f">-</SimpleData>
		<SimpleData name="lvul_less2">Yes</SimpleData>
		<SimpleData name="zone">5</SimpleData>
		<SimpleData name="ward">62</SimpleData>
		<SimpleData name="sl__no_">51</SimpleData>
		<SimpleData name="latitude">13.0749</SimpleData>
		<SimpleData name="longitude">80.2719</SimpleData>
	</SchemaData></ExtendedData>
      <Point><coordinates>80.2718950013169,13.0749163120154,0</coordinates></Point>
  </Placemark>
  <Placemark>
	<ExtendedData><SchemaData schemaUrl="#chennaidss_gis_flood_hotspots_gcc_flood_hotspots_2015">
		<SimpleData name="id">34</SimpleData>
		<SimpleData name="location">Vijayaragavalu Roundana, 
</SimpleData>
		<SimpleData name="inundation_level">High Vulnerability 3 to 5 Feet</SimpleData>
		<SimpleData name="vulnerability">High Vulnerability</SimpleData>
		<SimpleData name="inundation_ft">3 to 5 ft</SimpleData>
		<SimpleData name="vhvul_ab5f">-</SimpleData>
		<SimpleData name="hvul_3to5f">Yes</SimpleData>
		<SimpleData name="lvul_less2">-</SimpleData>
		<SimpleData name="zone">5</SimpleData>
		<SimpleData name="ward">53</SimpleData>
		<SimpleData name="sl__no_">42</SimpleData>
		<SimpleData name="latitude">13.1117</SimpleData>
		<SimpleData name="longitude">80.2775</SimpleData>
	</SchemaData></ExtendedData>
      <Point><coordinates>80.2775133443495,13.1117357029547,0</coordinates></Point>
  </Placemark>
  <Placemark>
	<ExtendedData><SchemaData schemaUrl="#chennaidss_gis_flood_hotspots_gcc_flood_hotspots_2015">
		<SimpleData name="id">35</SimpleData>
		<SimpleData name="location">Chella pillayar Koil Street,</SimpleData>
		<SimpleData name="inundation_level">Low Vulnerability less than 2 feet</SimpleData>
		<SimpleData name="vulnerability">Low Vulnerability</SimpleData>
		<SimpleData name="inundation_ft">&lt;2ft</SimpleData>
		<SimpleData name="vhvul_ab5f">-</SimpleData>
		<SimpleData name="hvul_3to5f">-</SimpleData>
		<SimpleData name="lvul_less2">Yes</SimpleData>
		<SimpleData name="zone">5</SimpleData>
		<SimpleData name="ward">63</SimpleData>
		<SimpleData name="sl__no_">53</SimpleData>
		<SimpleData name="latitude">13.0587</SimpleData>
		<SimpleData name="longitude">80.2683</SimpleData>
	</SchemaData></ExtendedData>
      <Point><coordinates>80.2683376500277,13.0586920626371,0</coordinates></Point>
  </Placemark>
  <Placemark>
	<ExtendedData><SchemaData schemaUrl="#chennaidss_gis_flood_hotspots_gcc_flood_hotspots_2015">
		<SimpleData name="id">36</SimpleData>
		<SimpleData name="location">G.P. Road,</SimpleData>
		<SimpleData name="inundation_level">Low Vulnerability less than 2 feet</SimpleData>
		<SimpleData name="vulnerability">Low Vulnerability</SimpleData>
		<SimpleData name="inundation_ft">&lt;2ft</SimpleData>
		<SimpleData name="vhvul_ab5f">-</SimpleData>
		<SimpleData name="hvul_3to5f">-</SimpleData>
		<SimpleData name="lvul_less2">Yes</SimpleData>
		<SimpleData name="zone">5</SimpleData>
		<SimpleData name="ward">63</SimpleData>
		<SimpleData name="sl__no_">54</SimpleData>
		<SimpleData name="latitude">13.0622</SimpleData>
		<SimpleData name="longitude">80.2665</SimpleData>
	</SchemaData></ExtendedData>
      <Point><coordinates>80.266455722515,13.0621846193116,0</coordinates></Point>
  </Placemark>
  <Placemark>
	<ExtendedData><SchemaData schemaUrl="#chennaidss_gis_flood_hotspots_gcc_flood_hotspots_2015">
		<SimpleData name="id">37</SimpleData>
		<SimpleData name="location">Alapakkam main road</SimpleData>
		<SimpleData name="inundation_level">High Vulnerability 3 to 5 Feet</SimpleData>
		<SimpleData name="vulnerability">High Vulnerability</SimpleData>
		<SimpleData name="inundation_ft">3 to 5 ft</SimpleData>
		<SimpleData name="hvul_3to5f">Yes</SimpleData>
		<SimpleData name="zone">11</SimpleData>
		<SimpleData name="ward">147</SimpleData>
		<SimpleData name="sl__no_">188</SimpleData>
		<SimpleData name="latitude">13.0561</SimpleData>
		<SimpleData name="longitude">80.1664</SimpleData>
	</SchemaData></ExtendedData>
      <Point><coordinates>80.1663782598076,13.0561422005926,0</coordinates></Point>
  </Placemark>
  <Placemark>
	<ExtendedData><SchemaData schemaUrl="#chennaidss_gis_flood_hotspots_gcc_flood_hotspots_2015">
		<SimpleData name="id">38</SimpleData>
		<SimpleData name="location">Mullai street</SimpleData>
		<SimpleData name="inundation_level">Low Vulnerability less than 2 feet</SimpleData>
		<SimpleData name="vulnerability">Low Vulnerability</SimpleData>
		<SimpleData name="inundation_ft">&lt;2ft</SimpleData>
		<SimpleData name="lvul_less2">Yes</SimpleData>
		<SimpleData name="zone">11</SimpleData>
		<SimpleData name="ward">150</SimpleData>
		<SimpleData name="sl__no_">196</SimpleData>
		<SimpleData name="latitude">13.0401</SimpleData>
		<SimpleData name="longitude">80.1548</SimpleData>
	</SchemaData></ExtendedData>
      <Point><coordinates>80.1547845025052,13.0401171110541,0</coordinates></Point>
  </Placemark>
  <Placemark>
	<ExtendedData><SchemaData schemaUrl="#chennaidss_gis_flood_hotspots_gcc_flood_hotspots_2015">
		<SimpleData name="id">39</SimpleData>
		<SimpleData name="location">Arcot road</SimpleData>
		<SimpleData name="inundation_level">High Vulnerability 3 to 5 Feet</SimpleData>
		<SimpleData name="vulnerability">High Vulnerability</SimpleData>
		<SimpleData name="inundation_ft">3 to 5 ft</SimpleData>
		<SimpleData name="hvul_3to5f">Yes</SimpleData>
		<SimpleData name="zone">11</SimpleData>
		<SimpleData name="ward">150</SimpleData>
		<SimpleData name="sl__no_">197</SimpleData>
		<SimpleData name="latitude">13.0365</SimpleData>
		<SimpleData name="longitude">80.1578</SimpleData>
	</SchemaData></ExtendedData>
      <Point><coordinates>80.1577665935331,13.036473400342,0</coordinates></Point>
  </Placemark>
  <Placemark>
	<ExtendedData><SchemaData schemaUrl="#chennaidss_gis_flood_hotspots_gcc_flood_hotspots_2015">
		<SimpleData name="id">40</SimpleData>
		<SimpleData name="location">Royala nagar</SimpleData>
		<SimpleData name="inundation_level">Very High Vulnerability Above 5 Feet</SimpleData>
		<SimpleData name="vulnerability">Very High Vulnerability</SimpleData>
		<SimpleData name="inundation_ft">&gt;5ft</SimpleData>
		<SimpleData name="vhvul_ab5f">Yes</SimpleData>
		<SimpleData name="zone">11</SimpleData>
		<SimpleData name="ward">155</SimpleData>
		<SimpleData name="sl__no_">204</SimpleData>
		<SimpleData name="latitude">13.0291</SimpleData>
		<SimpleData name="longitude">80.1863</SimpleData>
	</SchemaData></ExtendedData>
      <Point><coordinates>80.1862640099561,13.0290597365937,0</coordinates></Point>
  </Placemark>
  <Placemark>
	<ExtendedData><SchemaData schemaUrl="#chennaidss_gis_flood_hotspots_gcc_flood_hotspots_2015">
		<SimpleData name="id">41</SimpleData>
		<SimpleData name="location">Bharathi salai</SimpleData>
		<SimpleData name="inundation_level">High Vulnerability 3 to 5 Feet</SimpleData>
		<SimpleData name="vulnerability">High Vulnerability</SimpleData>
		<SimpleData name="inundation_ft">3 to 5 ft</SimpleData>
		<SimpleData name="hvul_3to5f">Yes</SimpleData>
		<SimpleData name="zone">11</SimpleData>
		<SimpleData name="ward">154</SimpleData>
		<SimpleData name="sl__no_">202</SimpleData>
		<SimpleData name="latitude">13.0325</SimpleData>
		<SimpleData name="longitude">80.1765</SimpleData>
	</SchemaData></ExtendedData>
      <Point><coordinates>80.1765186559351,13.0324749673452,0</coordinates></Point>
  </Placemark>
  <Placemark>
	<ExtendedData><SchemaData schemaUrl="#chennaidss_gis_flood_hotspots_gcc_flood_hotspots_2015">
		<SimpleData name="id">42</SimpleData>
		<SimpleData name="location">Balavinayagar street</SimpleData>
		<SimpleData name="inundation_level">High Vulnerability 3 to 5 Feet</SimpleData>
		<SimpleData name="vulnerability">High Vulnerability</SimpleData>
		<SimpleData name="inundation_ft">3 to 5 ft</SimpleData>
		<SimpleData name="hvul_3to5f">Yes</SimpleData>
		<SimpleData name="zone">11</SimpleData>
		<SimpleData name="ward">148</SimpleData>
		<SimpleData name="sl__no_">191</SimpleData>
		<SimpleData name="latitude">13.0522</SimpleData>
		<SimpleData name="longitude">80.1852</SimpleData>
	</SchemaData></ExtendedData>
      <Point><coordinates>80.185182177,13.052216459,0</coordinates></Point>
  </Placemark>
  <Placemark>
	<ExtendedData><SchemaData schemaUrl="#chennaidss_gis_flood_hotspots_gcc_flood_hotspots_2015">
		<SimpleData name="id">43</SimpleData>
		<SimpleData name="location">Sri Lakshmi nagar</SimpleData>
		<SimpleData name="inundation_level">High Vulnerability 3 to 5 Feet</SimpleData>
		<SimpleData name="vulnerability">High Vulnerability</SimpleData>
		<SimpleData name="inundation_ft">3 to 5 ft</SimpleData>
		<SimpleData name="hvul_3to5f">Yes</SimpleData>
		<SimpleData name="zone">11</SimpleData>
		<SimpleData name="ward">149</SimpleData>
		<SimpleData name="sl__no_">195</SimpleData>
		<SimpleData name="latitude">13.05</SimpleData>
		<SimpleData name="longitude">80.1749</SimpleData>
	</SchemaData></ExtendedData>
      <Point><coordinates>80.1749051500914,13.0500365221216,0</coordinates></Point>
  </Placemark>
  <Placemark>
	<ExtendedData><SchemaData schemaUrl="#chennaidss_gis_flood_hotspots_gcc_flood_hotspots_2015">
		<SimpleData name="id">44</SimpleData>
		<SimpleData name="location">Ganesh avenue  1st to 10th street</SimpleData>
		<SimpleData name="inundation_level">High Vulnerability 3 to 5 Feet</SimpleData>
		<SimpleData name="vulnerability">High Vulnerability</SimpleData>
		<SimpleData name="inundation_ft">3 to 5 ft</SimpleData>
		<SimpleData name="hvul_3to5f">Yes</SimpleData>
		<SimpleData name="zone">11</SimpleData>
		<SimpleData name="ward">153</SimpleData>
		<SimpleData name="sl__no_">201</SimpleData>
		<SimpleData name="latitude">13.0267</SimpleData>
		<SimpleData name="longitude">80.1641</SimpleData>
	</SchemaData></ExtendedData>
      <Point><coordinates>80.1640835145,13.0267020205,0</coordinates></Point>
  </Placemark>
  <Placemark>
	<ExtendedData><SchemaData schemaUrl="#chennaidss_gis_flood_hotspots_gcc_flood_hotspots_2015">
		<SimpleData name="id">45</SimpleData>
		<SimpleData name="location">Thirumagalam  road</SimpleData>
		<SimpleData name="inundation_level">Low Vulnerability less than 2 feet</SimpleData>
		<SimpleData name="vulnerability">Low Vulnerability</SimpleData>
		<SimpleData name="inundation_ft">&lt;2ft</SimpleData>
		<SimpleData name="lvul_less2">Yes</SimpleData>
		<SimpleData name="zone">7</SimpleData>
		<SimpleData name="ward">90</SimpleData>
		<SimpleData name="sl__no_">95</SimpleData>
		<SimpleData name="latitude">13.0872</SimpleData>
		<SimpleData name="longitude">80.197</SimpleData>
	</SchemaData></ExtendedData>
      <Point><coordinates>80.1970146564914,13.0871885483667,0</coordinates></Point>
  </Placemark>
  <Placemark>
	<ExtendedData><SchemaData schemaUrl="#chennaidss_gis_flood_hotspots_gcc_flood_hotspots_2015">
		<SimpleData name="id">46</SimpleData>
		<SimpleData name="location">Rangarajapuram</SimpleData>
		<SimpleData name="inundation_level">High Vulnerability 3 to 5 Feet</SimpleData>
		<SimpleData name="vulnerability">High Vulnerability</SimpleData>
		<SimpleData name="inundation_ft">3 to 5 ft</SimpleData>
		<SimpleData name="vhvul_ab5f">No</SimpleData>
		<SimpleData name="hvul_3to5f">Yes</SimpleData>
		<SimpleData name="lvul_less2">No</SimpleData>
		<SimpleData name="zone">10</SimpleData>
		<SimpleData name="ward">134</SimpleData>
		<SimpleData name="sl__no_">178</SimpleData>
		<SimpleData name="latitude">13.047</SimpleData>
		<SimpleData name="longitude">80.2248</SimpleData>
	</SchemaData></ExtendedData>
      <Point><coordinates>80.2248378730001,13.0470468985,0</coordinates></Point>
  </Placemark>
  <Placemark>
	<ExtendedData><SchemaData schemaUrl="#chennaidss_gis_flood_hotspots_gcc_flood_hotspots_2015">
		<SimpleData name="id">47</SimpleData>
		<SimpleData name="location">Ammaiyammal Street</SimpleData>
		<SimpleData name="inundation_level">Low Vulnerability less than 2 feet</SimpleData>
		<SimpleData name="vulnerability">Low Vulnerability</SimpleData>
		<SimpleData name="inundation_ft">&lt;2ft</SimpleData>
		<SimpleData name="vhvul_ab5f">Nil</SimpleData>
		<SimpleData name="hvul_3to5f">Nil</SimpleData>
		<SimpleData name="lvul_less2">Yes</SimpleData>
		<SimpleData name="zone">6</SimpleData>
		<SimpleData name="ward">73</SimpleData>
		<SimpleData name="sl__no_">81</SimpleData>
		<SimpleData name="latitude">13.0987</SimpleData>
		<SimpleData name="longitude">80.2583</SimpleData>
	</SchemaData></ExtendedData>
      <Point><coordinates>80.2582651834363,13.0987091225257,0</coordinates></Point>
  </Placemark>
  <Placemark>
	<ExtendedData><SchemaData schemaUrl="#chennaidss_gis_flood_hotspots_gcc_flood_hotspots_2015">
		<SimpleData name="id">48</SimpleData>
		<SimpleData name="location">New Ferrance Road</SimpleData>
		<SimpleData name="inundation_level">Low Vulnerability less than 2 feet</SimpleData>
		<SimpleData name="vulnerability">Low Vulnerability</SimpleData>
		<SimpleData name="inundation_ft">&lt;2ft</SimpleData>
		<SimpleData name="vhvul_ab5f">Nil</SimpleData>
		<SimpleData name="hvul_3to5f">Nil</SimpleData>
		<SimpleData name="lvul_less2">Yes</SimpleData>
		<SimpleData name="zone">6</SimpleData>
		<SimpleData name="ward">73</SimpleData>
		<SimpleData name="sl__no_">84</SimpleData>
		<SimpleData name="latitude">13.0974</SimpleData>
		<SimpleData name="longitude">80.2577</SimpleData>
	</SchemaData></ExtendedData>
      <Point><coordinates>80.2577169573007,13.0973922269448,0</coordinates></Point>
  </Placemark>
  <Placemark>
	<ExtendedData><SchemaData schemaUrl="#chennaidss_gis_flood_hotspots_gcc_flood_hotspots_2015">
		<SimpleData name="id">49</SimpleData>
		<SimpleData name="location">Kellys Road</SimpleData>
		<SimpleData name="inundation_level">Low Vulnerability less than 2 feet</SimpleData>
		<SimpleData name="vulnerability">Low Vulnerability</SimpleData>
		<SimpleData name="inundation_ft">&lt;2ft</SimpleData>
		<SimpleData name="lvul_less2">Yes</SimpleData>
		<SimpleData name="zone">8</SimpleData>
		<SimpleData name="ward">103</SimpleData>
		<SimpleData name="sl__no_">105</SimpleData>
		<SimpleData name="latitude">13.0844</SimpleData>
		<SimpleData name="longitude">80.2459</SimpleData>
	</SchemaData></ExtendedData>
      <Point><coordinates>80.2458828324935,13.0844080755648,0</coordinates></Point>
  </Placemark>
  <Placemark>
	<ExtendedData><SchemaData schemaUrl="#chennaidss_gis_flood_hotspots_gcc_flood_hotspots_2015">
		<SimpleData name="id">50</SimpleData>
		<SimpleData name="location">Gnanamoorthy Nagar &amp;  EB Colony</SimpleData>
		<SimpleData name="inundation_level">Low Vulnerability less than 2 feet</SimpleData>
		<SimpleData name="vulnerability">Low Vulnerability</SimpleData>
		<SimpleData name="inundation_ft">&lt;2ft</SimpleData>
		<SimpleData name="lvul_less2">Yes</SimpleData>
		<SimpleData name="zone">7</SimpleData>
		<SimpleData name="ward">82</SimpleData>
		<SimpleData name="sl__no_">91</SimpleData>
		<SimpleData name="latitude">13.1201</SimpleData>
		<SimpleData name="longitude">80.1677</SimpleData>
	</SchemaData></ExtendedData>
      <Point><coordinates>80.1677416170927,13.1200954747001,0</coordinates></Point>
  </Placemark>
  <Placemark>
	<ExtendedData><SchemaData schemaUrl="#chennaidss_gis_flood_hotspots_gcc_flood_hotspots_2015">
		<SimpleData name="id">51</SimpleData>
		<SimpleData name="location">Gnanamoorthy Nagar &amp;  EB Colony</SimpleData>
		<SimpleData name="inundation_level">Low Vulnerability less than 2 feet</SimpleData>
		<SimpleData name="vulnerability">Low Vulnerability</SimpleData>
		<SimpleData name="inundation_ft">&lt;2ft</SimpleData>
		<SimpleData name="lvul_less2">Yes</SimpleData>
		<SimpleData name="zone">7</SimpleData>
		<SimpleData name="ward">82</SimpleData>
		<SimpleData name="sl__no_">91</SimpleData>
		<SimpleData name="latitude">13.1183</SimpleData>
		<SimpleData name="longitude">80.1637</SimpleData>
	</SchemaData></ExtendedData>
      <Point><coordinates>80.163747121342,13.118315868109,0</coordinates></Point>
  </Placemark>
  <Placemark>
	<ExtendedData><SchemaData schemaUrl="#chennaidss_gis_flood_hotspots_gcc_flood_hotspots_2015">
		<SimpleData name="id">52</SimpleData>
		<SimpleData name="location">Bhell Nagar</SimpleData>
		<SimpleData name="inundation_level">Low Vulnerability less than 2 feet</SimpleData>
		<SimpleData name="vulnerability">Low Vulnerability</SimpleData>
		<SimpleData name="inundation_ft">&lt;2ft</SimpleData>
		<SimpleData name="vhvul_ab5f">_</SimpleData>
		<SimpleData name="hvul_3to5f">_</SimpleData>
		<SimpleData name="lvul_less2">Yes</SimpleData>
		<SimpleData name="zone">12</SimpleData>
		<SimpleData name="ward">156</SimpleData>
		<SimpleData name="sl__no_">206</SimpleData>
		<SimpleData name="latitude">13.0243</SimpleData>
		<SimpleData name="longitude">80.1471</SimpleData>
	</SchemaData></ExtendedData>
      <Point><coordinates>80.147103458249,13.0243313071228,0</coordinates></Point>
  </Placemark>
  <Placemark>
	<ExtendedData><SchemaData schemaUrl="#chennaidss_gis_flood_hotspots_gcc_flood_hotspots_2015">
		<SimpleData name="id">53</SimpleData>
		<SimpleData name="location">Kaviya Garden, CRR Puram Phase III, Purachi Thalivi Nagar, Bhell Nagar, Dharmarajapuram, Sathiya Nagar, Astalakshmi Avenue and Sedhu Lakshmi Avenue, River view colony</SimpleData>
		<SimpleData name="inundation_level">Low Vulnerability less than 2 feet</SimpleData>
		<SimpleData name="vulnerability">Low Vulnerability</SimpleData>
		<SimpleData name="inundation_ft">&lt;2ft</SimpleData>
		<SimpleData name="vhvul_ab5f">_</SimpleData>
		<SimpleData name="hvul_3to5f">_</SimpleData>
		<SimpleData name="lvul_less2">Yes</SimpleData>
		<SimpleData name="zone">12</SimpleData>
		<SimpleData name="ward">157</SimpleData>
		<SimpleData name="sl__no_">207</SimpleData>
		<SimpleData name="latitude">13.0111</SimpleData>
		<SimpleData name="longitude">80.1795</SimpleData>
	</SchemaData></ExtendedData>
      <Point><coordinates>80.179505740326,13.0111415397822,0</coordinates></Point>
  </Placemark>
  <Placemark>
	<ExtendedData><SchemaData schemaUrl="#chennaidss_gis_flood_hotspots_gcc_flood_hotspots_2015">
		<SimpleData name="id">54</SimpleData>
		<SimpleData name="location">Kaviya Garden, CRR Puram Phase III, Purachi Thalivi Nagar, Bhell Nagar, Dharmarajapuram, Sathiya Nagar, Astalakshmi Avenue and Sedhu Lakshmi Avenue, River view colony</SimpleData>
		<SimpleData name="inundation_level">Low Vulnerability less than 2 feet</SimpleData>
		<SimpleData name="vulnerability">Low Vulnerability</SimpleData>
		<SimpleData name="inundation_ft">&lt;2ft</SimpleData>
		<SimpleData name="vhvul_ab5f">_</SimpleData>
		<SimpleData name="hvul_3to5f">_</SimpleData>
		<SimpleData name="lvul_less2">Yes</SimpleData>
		<SimpleData name="zone">12</SimpleData>
		<SimpleData name="ward">157</SimpleData>
		<SimpleData name="sl__no_">207</SimpleData>
		<SimpleData name="latitude">13.0133</SimpleData>
		<SimpleData name="longitude">80.1663</SimpleData>
	</SchemaData></ExtendedData>
      <Point><coordinates>80.1662753560007,13.0132849939949,0</coordinates></Point>
  </Placemark>
  <Placemark>
	<ExtendedData><SchemaData schemaUrl="#chennaidss_gis_flood_hotspots_gcc_flood_hotspots_2015">
		<SimpleData name="id">55</SimpleData>
		<SimpleData name="location">Kaviya Garden, CRR Puram Phase III, Purachi Thalivi Nagar, Bhell Nagar, Dharmarajapuram, Sathiya Nagar, Astalakshmi Avenue and Sedhu Lakshmi Avenue, River view colony</SimpleData>
		<SimpleData name="inundation_level">Low Vulnerability less than 2 feet</SimpleData>
		<SimpleData name="vulnerability">Low Vulnerability</SimpleData>
		<SimpleData name="inundation_ft">&lt;2ft</SimpleData>
		<SimpleData name="vhvul_ab5f">_</SimpleData>
		<SimpleData name="hvul_3to5f">_</SimpleData>
		<SimpleData name="lvul_less2">Yes</SimpleData>
		<SimpleData name="zone">12</SimpleData>
		<SimpleData name="ward">157</SimpleData>
		<SimpleData name="sl__no_">207</SimpleData>
		<SimpleData name="latitude">13.0144</SimpleData>
		<SimpleData name="longitude">80.1643</SimpleData>
	</SchemaData></ExtendedData>
      <Point><coordinates>80.164292894272,13.0144205163397,0</coordinates></Point>
  </Placemark>
  <Placemark>
	<ExtendedData><SchemaData schemaUrl="#chennaidss_gis_flood_hotspots_gcc_flood_hotspots_2015">
		<SimpleData name="id">56</SimpleData>
		<SimpleData name="location">Kaviya Garden, CRR Puram Phase III, Purachi Thalivi Nagar, Bhell Nagar, Dharmarajapuram, Sathiya Nagar, Astalakshmi Avenue and Sedhu Lakshmi Avenue, River view colony</SimpleData>
		<SimpleData name="inundation_level">Low Vulnerability less than 2 feet</SimpleData>
		<SimpleData name="vulnerability">Low Vulnerability</SimpleData>
		<SimpleData name="inundation_ft">&lt;2ft</SimpleData>
		<SimpleData name="vhvul_ab5f">_</SimpleData>
		<SimpleData name="hvul_3to5f">_</SimpleData>
		<SimpleData name="lvul_less2">Yes</SimpleData>
		<SimpleData name="zone">12</SimpleData>
		<SimpleData name="ward">157</SimpleData>
		<SimpleData name="sl__no_">207</SimpleData>
		<SimpleData name="latitude">13.0229</SimpleData>
		<SimpleData name="longitude">80.1854</SimpleData>
	</SchemaData></ExtendedData>
      <Point><coordinates>80.1853977592234,13.0229004962914,0</coordinates></Point>
  </Placemark>
  <Placemark>
	<ExtendedData><SchemaData schemaUrl="#chennaidss_gis_flood_hotspots_gcc_flood_hotspots_2015">
		<SimpleData name="id">57</SimpleData>
		<SimpleData name="location">Thillai Ganga Nagar 25 th Street,  27th Street, 28th Street, Thillai Ganga Nagar 2nd MainRoad, and 4th Main Road</SimpleData>
		<SimpleData name="inundation_level">Low Vulnerability less than 2 feet</SimpleData>
		<SimpleData name="vulnerability">Low Vulnerability</SimpleData>
		<SimpleData name="inundation_ft">&lt;2ft</SimpleData>
		<SimpleData name="vhvul_ab5f">_</SimpleData>
		<SimpleData name="hvul_3to5f">_</SimpleData>
		<SimpleData name="lvul_less2">Yes</SimpleData>
		<SimpleData name="zone">12</SimpleData>
		<SimpleData name="ward">162</SimpleData>
		<SimpleData name="sl__no_">209</SimpleData>
		<SimpleData name="latitude">12.9879</SimpleData>
		<SimpleData name="longitude">80.195</SimpleData>
	</SchemaData></ExtendedData>
      <Point><coordinates>80.1949819243273,12.9878514750001,0</coordinates></Point>
  </Placemark>
  <Placemark>
	<ExtendedData><SchemaData schemaUrl="#chennaidss_gis_flood_hotspots_gcc_flood_hotspots_2015">
		<SimpleData name="id">58</SimpleData>
		<SimpleData name="location">Thillai Ganga Nagar 25 th Street,  27th Street, 28th Street, Thillai Ganga Nagar 2nd MainRoad, and 4th Main Road</SimpleData>
		<SimpleData name="inundation_level">Low Vulnerability less than 2 feet</SimpleData>
		<SimpleData name="vulnerability">Low Vulnerability</SimpleData>
		<SimpleData name="inundation_ft">&lt;2ft</SimpleData>
		<SimpleData name="vhvul_ab5f">_</SimpleData>
		<SimpleData name="hvul_3to5f">_</SimpleData>
		<SimpleData name="lvul_less2">Yes</SimpleData>
		<SimpleData name="zone">12</SimpleData>
		<SimpleData name="ward">162</SimpleData>
		<SimpleData name="sl__no_">209</SimpleData>
		<SimpleData name="latitude">12.9873</SimpleData>
		<SimpleData name="longitude">80.1953</SimpleData>
	</SchemaData></ExtendedData>
      <Point><coordinates>80.1952537108478,12.9872501664999,0</coordinates></Point>
  </Placemark>
  <Placemark>
	<ExtendedData><SchemaData schemaUrl="#chennaidss_gis_flood_hotspots_gcc_flood_hotspots_2015">
		<SimpleData name="id">59</SimpleData>
		<SimpleData name="location">Income Tax  colony Area Back  flow  of sewage water</SimpleData>
		<SimpleData name="inundation_level">Low Vulnerability less than 2 feet</SimpleData>
		<SimpleData name="vulnerability">Low Vulnerability</SimpleData>
		<SimpleData name="inundation_ft">&lt;2ft</SimpleData>
		<SimpleData name="vhvul_ab5f">_</SimpleData>
		<SimpleData name="hvul_3to5f">_</SimpleData>
		<SimpleData name="lvul_less2">Yes</SimpleData>
		<SimpleData name="zone">12</SimpleData>
		<SimpleData name="ward">165</SimpleData>
		<SimpleData name="sl__no_">212</SimpleData>
		<SimpleData name="latitude">12.9818</SimpleData>
		<SimpleData name="longitude">80.2036</SimpleData>
	</SchemaData></ExtendedData>
      <Point><coordinates>80.2036244007844,12.9817756836427,0</coordinates></Point>
  </Placemark>
  <Placemark>
	<ExtendedData><SchemaData schemaUrl="#chennaidss_gis_flood_hotspots_gcc_flood_hotspots_2015">
		<SimpleData name="id">60</SimpleData>
		<SimpleData name="location">Bhuvaneswari Nagar,</SimpleData>
		<SimpleData name="inundation_level">Low Vulnerability less than 2 feet</SimpleData>
		<SimpleData name="vulnerability">Low Vulnerability</SimpleData>
		<SimpleData name="inundation_ft">&lt;2ft</SimpleData>
		<SimpleData name="vhvul_ab5f">_</SimpleData>
		<SimpleData name="hvul_3to5f">_</SimpleData>
		<SimpleData name="lvul_less2">Yes</SimpleData>
		<SimpleData name="zone">12</SimpleData>
		<SimpleData name="ward">165</SimpleData>
		<SimpleData name="sl__no_">211</SimpleData>
		<SimpleData name="latitude">12.9792</SimpleData>
		<SimpleData name="longitude">80.2056</SimpleData>
	</SchemaData></ExtendedData>
      <Point><coordinates>80.2055909457593,12.9792503827449,0</coordinates></Point>
  </Placemark>
  <Placemark>
	<ExtendedData><SchemaData schemaUrl="#chennaidss_gis_flood_hotspots_gcc_flood_hotspots_2015">
		<SimpleData name="id">61</SimpleData>
		<SimpleData name="location">Bharathidasan Nagar,</SimpleData>
		<SimpleData name="inundation_level">Low Vulnerability less than 2 feet</SimpleData>
		<SimpleData name="vulnerability">Low Vulnerability</SimpleData>
		<SimpleData name="inundation_ft">&lt;2ft</SimpleData>
		<SimpleData name="vhvul_ab5f">_</SimpleData>
		<SimpleData name="hvul_3to5f">_</SimpleData>
		<SimpleData name="lvul_less2">Yes</SimpleData>
		<SimpleData name="zone">12</SimpleData>
		<SimpleData name="ward">165</SimpleData>
		<SimpleData name="sl__no_">210</SimpleData>
		<SimpleData name="latitude">12.9777</SimpleData>
		<SimpleData name="longitude">80.2026</SimpleData>
	</SchemaData></ExtendedData>
      <Point><coordinates>80.2026440109363,12.9776800185005,0</coordinates></Point>
  </Placemark>
  <Placemark>
	<ExtendedData><SchemaData schemaUrl="#chennaidss_gis_flood_hotspots_gcc_flood_hotspots_2015">
		<SimpleData name="id">62</SimpleData>
		<SimpleData name="location">Nanganallur 44th street</SimpleData>
		<SimpleData name="inundation_level">Low Vulnerability less than 2 feet</SimpleData>
		<SimpleData name="vulnerability">Low Vulnerability</SimpleData>
		<SimpleData name="inundation_ft">&lt;2ft</SimpleData>
		<SimpleData name="vhvul_ab5f">_</SimpleData>
		<SimpleData name="hvul_3to5f">_</SimpleData>
		<SimpleData name="lvul_less2">Yes</SimpleData>
		<SimpleData name="zone">12</SimpleData>
		<SimpleData name="ward">167</SimpleData>
		<SimpleData name="sl__no_">213</SimpleData>
		<SimpleData name="latitude">12.982</SimpleData>
		<SimpleData name="longitude">80.1879</SimpleData>
	</SchemaData></ExtendedData>
      <Point><coordinates>80.1878903800464,12.9819609993972,0</coordinates></Point>
  </Placemark>
  <Placemark>
	<ExtendedData><SchemaData schemaUrl="#chennaidss_gis_flood_hotspots_gcc_flood_hotspots_2015">
		<SimpleData name="id">63</SimpleData>
		<SimpleData name="location">Sairam avenue</SimpleData>
		<SimpleData name="inundation_level">High Vulnerability 3 to 5 Feet</SimpleData>
		<SimpleData name="vulnerability">High Vulnerability</SimpleData>
		<SimpleData name="inundation_ft">3 to 5 ft</SimpleData>
		<SimpleData name="hvul_3to5f">Yes</SimpleData>
		<SimpleData name="zone">11</SimpleData>
		<SimpleData name="ward">152</SimpleData>
		<SimpleData name="sl__no_">200</SimpleData>
		<SimpleData name="latitude">13.0366</SimpleData>
		<SimpleData name="longitude">80.1709</SimpleData>
	</SchemaData></ExtendedData>
      <Point><coordinates>80.1708904820879,13.0366083476922,0</coordinates></Point>
  </Placemark>
  <Placemark>
	<ExtendedData><SchemaData schemaUrl="#chennaidss_gis_flood_hotspots_gcc_flood_hotspots_2015">
		<SimpleData name="id">64</SimpleData>
		<SimpleData name="location">Pallavan Nagar</SimpleData>
		<SimpleData name="inundation_level">Low Vulnerability less than 2 feet</SimpleData>
		<SimpleData name="vulnerability">Low Vulnerability</SimpleData>
		<SimpleData name="inundation_ft">&lt;2ft</SimpleData>
		<SimpleData name="lvul_less2">Yes</SimpleData>
		<SimpleData name="zone">11</SimpleData>
		<SimpleData name="ward">145</SimpleData>
		<SimpleData name="sl__no_">185</SimpleData>
		<SimpleData name="latitude">13.0688</SimpleData>
		<SimpleData name="longitude">80.1818</SimpleData>
	</SchemaData></ExtendedData>
      <Point><coordinates>80.1818167266456,13.068827829654,0</coordinates></Point>
  </Placemark>
  <Placemark>
	<ExtendedData><SchemaData schemaUrl="#chennaidss_gis_flood_hotspots_gcc_flood_hotspots_2015">
		<SimpleData name="id">65</SimpleData>
		<SimpleData name="location">Pallavan nagar</SimpleData>
		<SimpleData name="inundation_level">Low Vulnerability less than 2 feet</SimpleData>
		<SimpleData name="vulnerability">Low Vulnerability</SimpleData>
		<SimpleData name="inundation_ft">&lt;2ft</SimpleData>
		<SimpleData name="lvul_less2">Yes</SimpleData>
		<SimpleData name="zone">11</SimpleData>
		<SimpleData name="ward">147</SimpleData>
		<SimpleData name="sl__no_">189</SimpleData>
		<SimpleData name="latitude">13.0609</SimpleData>
		<SimpleData name="longitude">80.1681</SimpleData>
	</SchemaData></ExtendedData>
      <Point><coordinates>80.1681302117127,13.0609472304787,0</coordinates></Point>
  </Placemark>
  <Placemark>
	<ExtendedData><SchemaData schemaUrl="#chennaidss_gis_flood_hotspots_gcc_flood_hotspots_2015">
		<SimpleData name="id">66</SimpleData>
		<SimpleData name="location">Krishna nagar</SimpleData>
		<SimpleData name="inundation_level">High Vulnerability 3 to 5 Feet</SimpleData>
		<SimpleData name="vulnerability">High Vulnerability</SimpleData>
		<SimpleData name="inundation_ft">3 to 5 ft</SimpleData>
		<SimpleData name="hvul_3to5f">Yes</SimpleData>
		<SimpleData name="zone">11</SimpleData>
		<SimpleData name="ward">147</SimpleData>
		<SimpleData name="sl__no_">187</SimpleData>
		<SimpleData name="latitude">13.051</SimpleData>
		<SimpleData name="longitude">80.1695</SimpleData>
	</SchemaData></ExtendedData>
      <Point><coordinates>80.169471246188,13.0509848826258,0</coordinates></Point>
  </Placemark>
  <Placemark>
	<ExtendedData><SchemaData schemaUrl="#chennaidss_gis_flood_hotspots_gcc_flood_hotspots_2015">
		<SimpleData name="id">67</SimpleData>
		<SimpleData name="location">Amman nagar</SimpleData>
		<SimpleData name="inundation_level">Very High Vulnerability Above 5 Feet</SimpleData>
		<SimpleData name="vulnerability">Very High Vulnerability</SimpleData>
		<SimpleData name="inundation_ft">&gt;5ft</SimpleData>
		<SimpleData name="vhvul_ab5f">Yes</SimpleData>
		<SimpleData name="zone">11</SimpleData>
		<SimpleData name="ward">155</SimpleData>
		<SimpleData name="sl__no_">203</SimpleData>
		<SimpleData name="latitude">13.0255</SimpleData>
		<SimpleData name="longitude">80.1896</SimpleData>
	</SchemaData></ExtendedData>
      <Point><coordinates>80.1895546502648,13.0255152158574,0</coordinates></Point>
  </Placemark>
  <Placemark>
	<ExtendedData><SchemaData schemaUrl="#chennaidss_gis_flood_hotspots_gcc_flood_hotspots_2015">
		<SimpleData name="id">68</SimpleData>
		<SimpleData name="location">Bakthi vedhandha avenue</SimpleData>
		<SimpleData name="inundation_level">Very High Vulnerability Above 5 Feet</SimpleData>
		<SimpleData name="vulnerability">Very High Vulnerability</SimpleData>
		<SimpleData name="inundation_ft">&gt;5ft</SimpleData>
		<SimpleData name="vhvul_ab5f">Yes</SimpleData>
		<SimpleData name="zone">11</SimpleData>
		<SimpleData name="ward">155</SimpleData>
		<SimpleData name="sl__no_">205</SimpleData>
		<SimpleData name="latitude">13.0305</SimpleData>
		<SimpleData name="longitude">80.187</SimpleData>
	</SchemaData></ExtendedData>
      <Point><coordinates>80.1869883880133,13.0305052998903,0</coordinates></Point>
  </Placemark>
  <Placemark>
	<ExtendedData><SchemaData schemaUrl="#chennaidss_gis_flood_hotspots_gcc_flood_hotspots_2015">
		<SimpleData name="id">69</SimpleData>
		<SimpleData name="location">Anbu nagar</SimpleData>
		<SimpleData name="inundation_level">High Vulnerability 3 to 5 Feet</SimpleData>
		<SimpleData name="vulnerability">High Vulnerability</SimpleData>
		<SimpleData name="inundation_ft">3 to 5 ft</SimpleData>
		<SimpleData name="hvul_3to5f">Yes</SimpleData>
		<SimpleData name="zone">11</SimpleData>
		<SimpleData name="ward">148</SimpleData>
		<SimpleData name="sl__no_">190</SimpleData>
		<SimpleData name="latitude">13.0541</SimpleData>
		<SimpleData name="longitude">80.1797</SimpleData>
	</SchemaData></ExtendedData>
      <Point><coordinates>80.1797484581046,13.0540851496301,0</coordinates></Point>
  </Placemark>
  <Placemark>
	<ExtendedData><SchemaData schemaUrl="#chennaidss_gis_flood_hotspots_gcc_flood_hotspots_2015">
		<SimpleData name="id">70</SimpleData>
		<SimpleData name="location">CDN nagar</SimpleData>
		<SimpleData name="inundation_level">Low Vulnerability less than 2 feet</SimpleData>
		<SimpleData name="vulnerability">Low Vulnerability</SimpleData>
		<SimpleData name="inundation_ft">&lt;2ft</SimpleData>
		<SimpleData name="lvul_less2">Yes</SimpleData>
		<SimpleData name="zone">11</SimpleData>
		<SimpleData name="ward">148</SimpleData>
		<SimpleData name="sl__no_">192</SimpleData>
		<SimpleData name="latitude">13.0623</SimpleData>
		<SimpleData name="longitude">80.1788</SimpleData>
	</SchemaData></ExtendedData>
      <Point><coordinates>80.1787827871428,13.0623040416239,0</coordinates></Point>
  </Placemark>
  <Placemark>
	<ExtendedData><SchemaData schemaUrl="#chennaidss_gis_flood_hotspots_gcc_flood_hotspots_2015">
		<SimpleData name="id">71</SimpleData>
		<SimpleData name="location">Radha avenue</SimpleData>
		<SimpleData name="inundation_level">High Vulnerability 3 to 5 Feet</SimpleData>
		<SimpleData name="vulnerability">High Vulnerability</SimpleData>
		<SimpleData name="inundation_ft">3 to 5 ft</SimpleData>
		<SimpleData name="hvul_3to5f">Yes</SimpleData>
		<SimpleData name="zone">11</SimpleData>
		<SimpleData name="ward">149</SimpleData>
		<SimpleData name="sl__no_">194</SimpleData>
		<SimpleData name="latitude">13.0499</SimpleData>
		<SimpleData name="longitude">80.1787</SimpleData>
	</SchemaData></ExtendedData>
      <Point><coordinates>80.178682904227,13.0499418249976,0</coordinates></Point>
  </Placemark>
  <Placemark>
	<ExtendedData><SchemaData schemaUrl="#chennaidss_gis_flood_hotspots_gcc_flood_hotspots_2015">
		<SimpleData name="id">72</SimpleData>
		<SimpleData name="location">Vembuli amman koil street</SimpleData>
		<SimpleData name="inundation_level">Low Vulnerability less than 2 feet</SimpleData>
		<SimpleData name="vulnerability">Low Vulnerability</SimpleData>
		<SimpleData name="inundation_ft">&lt;2ft</SimpleData>
		<SimpleData name="lvul_less2">Yes</SimpleData>
		<SimpleData name="zone">11</SimpleData>
		<SimpleData name="ward">143</SimpleData>
		<SimpleData name="sl__no_">183</SimpleData>
		<SimpleData name="latitude">13.0762</SimpleData>
		<SimpleData name="longitude">80.1661</SimpleData>
	</SchemaData></ExtendedData>
      <Point><coordinates>80.1660879205709,13.0762327622027,0</coordinates></Point>
  </Placemark>
  <Placemark>
	<ExtendedData><SchemaData schemaUrl="#chennaidss_gis_flood_hotspots_gcc_flood_hotspots_2015">
		<SimpleData name="id">73</SimpleData>
		<SimpleData name="location">MMDA Colony 4th , 5th &amp; 6th block</SimpleData>
		<SimpleData name="inundation_level">Low Vulnerability less than 2 feet</SimpleData>
		<SimpleData name="vulnerability">Low Vulnerability</SimpleData>
		<SimpleData name="inundation_ft">&lt;2ft</SimpleData>
		<SimpleData name="lvul_less2">Yes</SimpleData>
		<SimpleData name="zone">11</SimpleData>
		<SimpleData name="ward">144</SimpleData>
		<SimpleData name="sl__no_">184</SimpleData>
		<SimpleData name="latitude">13.0613</SimpleData>
		<SimpleData name="longitude">80.1764</SimpleData>
	</SchemaData></ExtendedData>
      <Point><coordinates>80.1764182436724,13.0613473171529,0</coordinates></Point>
  </Placemark>
  <Placemark>
	<ExtendedData><SchemaData schemaUrl="#chennaidss_gis_flood_hotspots_gcc_flood_hotspots_2015">
		<SimpleData name="id">74</SimpleData>
		<SimpleData name="location">KS Nagar (Thirumalai Nagar)</SimpleData>
		<SimpleData name="inundation_level">Medium Vulnerability
2 to 3 Feet</SimpleData>
		<SimpleData name="vulnerability">Medium Vulnerability</SimpleData>
		<SimpleData name="inundation_ft">2 to 3 ft</SimpleData>
		<SimpleData name="vhvul_ab5f">-</SimpleData>
		<SimpleData name="hvul_3to5f">-</SimpleData>
		<SimpleData name="zone">3</SimpleData>
		<SimpleData name="ward">22</SimpleData>
		<SimpleData name="sl__no_">19</SimpleData>
		<SimpleData name="latitude">13.1659</SimpleData>
		<SimpleData name="longitude">80.1953</SimpleData>
	</SchemaData></ExtendedData>
      <Point><coordinates>80.195299778362,13.1658683276726,0</coordinates></Point>
  </Placemark>
  <Placemark>
	<ExtendedData><SchemaData schemaUrl="#chennaidss_gis_flood_hotspots_gcc_flood_hotspots_2015">
		<SimpleData name="id">75</SimpleData>
		<SimpleData name="location">Othai vadai Street</SimpleData>
		<SimpleData name="inundation_level">High Vulnerability 3 to 5 Feet</SimpleData>
		<SimpleData name="vulnerability">High Vulnerability</SimpleData>
		<SimpleData name="inundation_ft">3 to 5 ft</SimpleData>
		<SimpleData name="vhvul_ab5f">-</SimpleData>
		<SimpleData name="hvul_3to5f">Yes</SimpleData>
		<SimpleData name="zone">3</SimpleData>
		<SimpleData name="ward">23</SimpleData>
		<SimpleData name="sl__no_">21</SimpleData>
		<SimpleData name="latitude">13.1543</SimpleData>
		<SimpleData name="longitude">80.209</SimpleData>
	</SchemaData></ExtendedData>
      <Point><coordinates>80.2089550044818,13.1542916186762,0</coordinates></Point>
  </Placemark>
  <Placemark>
	<ExtendedData><SchemaData schemaUrl="#chennaidss_gis_flood_hotspots_gcc_flood_hotspots_2015">
		<SimpleData name="id">76</SimpleData>
		<SimpleData name="location">Ambattur Redhills road (Highway)</SimpleData>
		<SimpleData name="inundation_level">High Vulnerability 3 to 5 Feet</SimpleData>
		<SimpleData name="vulnerability">High Vulnerability</SimpleData>
		<SimpleData name="inundation_ft">3 to 5 ft</SimpleData>
		<SimpleData name="vhvul_ab5f">-</SimpleData>
		<SimpleData name="hvul_3to5f">Yes</SimpleData>
		<SimpleData name="zone">3</SimpleData>
		<SimpleData name="ward">24</SimpleData>
		<SimpleData name="sl__no_">22</SimpleData>
		<SimpleData name="latitude">13.1431</SimpleData>
		<SimpleData name="longitude">80.1867</SimpleData>
	</SchemaData></ExtendedData>
      <Point><coordinates>80.1866676573176,13.1430885137755,0</coordinates></Point>
  </Placemark>
  <Placemark>
	<ExtendedData><SchemaData schemaUrl="#chennaidss_gis_flood_hotspots_gcc_flood_hotspots_2015">
		<SimpleData name="id">77</SimpleData>
		<SimpleData name="location">Collector Nagar</SimpleData>
		<SimpleData name="inundation_level">Very High Vulnerability Above 5 Feet</SimpleData>
		<SimpleData name="vulnerability">Very High Vulnerability</SimpleData>
		<SimpleData name="inundation_ft">&gt;5ft</SimpleData>
		<SimpleData name="vhvul_ab5f">Yes</SimpleData>
		<SimpleData name="hvul_3to5f">-</SimpleData>
		<SimpleData name="zone">3</SimpleData>
		<SimpleData name="ward">25</SimpleData>
		<SimpleData name="sl__no_">23</SimpleData>
		<SimpleData name="latitude">13.1486</SimpleData>
		<SimpleData name="longitude">80.2007</SimpleData>
	</SchemaData></ExtendedData>
      <Point><coordinates>80.2007223423168,13.1486333113912,0</coordinates></Point>
  </Placemark>
  <Placemark>
	<ExtendedData><SchemaData schemaUrl="#chennaidss_gis_flood_hotspots_gcc_flood_hotspots_2015">
		<SimpleData name="id">78</SimpleData>
		<SimpleData name="location">Aringhar Anna Nagar,</SimpleData>
		<SimpleData name="inundation_level">Very High Vulnerability Above 5 Feet</SimpleData>
		<SimpleData name="vulnerability">Very High Vulnerability</SimpleData>
		<SimpleData name="inundation_ft">&gt;5ft</SimpleData>
		<SimpleData name="vhvul_ab5f">Yes</SimpleData>
		<SimpleData name="hvul_3to5f">-</SimpleData>
		<SimpleData name="zone">3</SimpleData>
		<SimpleData name="ward">25</SimpleData>
		<SimpleData name="sl__no_">24</SimpleData>
		<SimpleData name="latitude">13.1557</SimpleData>
		<SimpleData name="longitude">80.2024</SimpleData>
	</SchemaData></ExtendedData>
      <Point><coordinates>80.2023594447571,13.1557119894993,0</coordinates></Point>
  </Placemark>
  <Placemark>
	<ExtendedData><SchemaData schemaUrl="#chennaidss_gis_flood_hotspots_gcc_flood_hotspots_2015">
		<SimpleData name="id">79</SimpleData>
		<SimpleData name="location">Ambedhkar Nagar</SimpleData>
		<SimpleData name="inundation_level">High Vulnerability 3 to 5 Feet</SimpleData>
		<SimpleData name="vulnerability">High Vulnerability</SimpleData>
		<SimpleData name="inundation_ft">3 to 5 ft</SimpleData>
		<SimpleData name="vhvul_ab5f">-</SimpleData>
		<SimpleData name="hvul_3to5f">Yes</SimpleData>
		<SimpleData name="zone">3</SimpleData>
		<SimpleData name="ward">31</SimpleData>
		<SimpleData name="sl__no_">26</SimpleData>
		<SimpleData name="latitude">13.1355</SimpleData>
		<SimpleData name="longitude">80.2335</SimpleData>
	</SchemaData></ExtendedData>
      <Point><coordinates>80.2334954896088,13.13550063836,0</coordinates></Point>
  </Placemark>
  <Placemark>
	<ExtendedData><SchemaData schemaUrl="#chennaidss_gis_flood_hotspots_gcc_flood_hotspots_2015">
		<SimpleData name="id">80</SimpleData>
		<SimpleData name="location">Sarathy Nagar</SimpleData>
		<SimpleData name="inundation_level">Low Vulnerability less than 2 feet</SimpleData>
		<SimpleData name="vulnerability">Low Vulnerability</SimpleData>
		<SimpleData name="inundation_ft">&lt;2ft</SimpleData>
		<SimpleData name="vhvul_ab5f">-</SimpleData>
		<SimpleData name="hvul_3to5f">-</SimpleData>
		<SimpleData name="lvul_less2">Yes</SimpleData>
		<SimpleData name="zone">3</SimpleData>
		<SimpleData name="ward">32</SimpleData>
		<SimpleData name="sl__no_">27</SimpleData>
		<SimpleData name="latitude">13.1328</SimpleData>
		<SimpleData name="longitude">80.2028</SimpleData>
	</SchemaData></ExtendedData>
      <Point><coordinates>80.2028271654116,13.1328308335401,0</coordinates></Point>
  </Placemark>
  <Placemark>
	<ExtendedData><SchemaData schemaUrl="#chennaidss_gis_flood_hotspots_gcc_flood_hotspots_2015">
		<SimpleData name="id">81</SimpleData>
		<SimpleData name="location">Nagi (R ) Thottam</SimpleData>
		<SimpleData name="inundation_level">Very High Vulnerability Above 5 Feet</SimpleData>
		<SimpleData name="vulnerability">Very High Vulnerability</SimpleData>
		<SimpleData name="inundation_ft">&gt;5ft</SimpleData>
		<SimpleData name="vhvul_ab5f">Yes</SimpleData>
		<SimpleData name="zone">13</SimpleData>
		<SimpleData name="ward">170</SimpleData>
		<SimpleData name="sl__no_">217</SimpleData>
		<SimpleData name="latitude">13.0183</SimpleData>
		<SimpleData name="longitude">80.2112</SimpleData>
	</SchemaData></ExtendedData>
      <Point><coordinates>80.2112031,13.0183353000001,0</coordinates></Point>
  </Placemark>
  <Placemark>
	<ExtendedData><SchemaData schemaUrl="#chennaidss_gis_flood_hotspots_gcc_flood_hotspots_2015">
		<SimpleData name="id">82</SimpleData>
		<SimpleData name="location">Chitra nagar, Kotturpuram</SimpleData>
		<SimpleData name="inundation_level">Very High Vulnerability Above 5 Feet</SimpleData>
		<SimpleData name="vulnerability">Very High Vulnerability</SimpleData>
		<SimpleData name="inundation_ft">&gt;5ft</SimpleData>
		<SimpleData name="vhvul_ab5f">Yes</SimpleData>
		<SimpleData name="zone">13</SimpleData>
		<SimpleData name="ward">172</SimpleData>
		<SimpleData name="sl__no_">223</SimpleData>
		<SimpleData name="latitude">13.024</SimpleData>
		<SimpleData name="longitude">80.2399</SimpleData>
	</SchemaData></ExtendedData>
      <Point><coordinates>80.2399349,13.0240426000001,0</coordinates></Point>
  </Placemark>
  <Placemark>
	<ExtendedData><SchemaData schemaUrl="#chennaidss_gis_flood_hotspots_gcc_flood_hotspots_2015">
		<SimpleData name="id">83</SimpleData>
		<SimpleData name="location">MRC Nagar</SimpleData>
		<SimpleData name="inundation_level">High Vulnerability 3 to 5 Feet</SimpleData>
		<SimpleData name="vulnerability">High Vulnerability</SimpleData>
		<SimpleData name="inundation_ft">3 to 5 ft</SimpleData>
		<SimpleData name="hvul_3to5f">Yes</SimpleData>
		<SimpleData name="zone">13</SimpleData>
		<SimpleData name="ward">173</SimpleData>
		<SimpleData name="sl__no_">228</SimpleData>
		<SimpleData name="latitude">13.0189</SimpleData>
		<SimpleData name="longitude">80.2706</SimpleData>
	</SchemaData></ExtendedData>
      <Point><coordinates>80.2705550000001,13.0189207000001,0</coordinates></Point>
  </Placemark>
  <Placemark>
	<ExtendedData><SchemaData schemaUrl="#chennaidss_gis_flood_hotspots_gcc_flood_hotspots_2015">
		<SimpleData name="id">84</SimpleData>
		<SimpleData name="location">Mayflower garden</SimpleData>
		<SimpleData name="inundation_level">High Vulnerability 3 to 5 Feet</SimpleData>
		<SimpleData name="vulnerability">High Vulnerability</SimpleData>
		<SimpleData name="inundation_ft">3 to 5 ft</SimpleData>
		<SimpleData name="hvul_3to5f">Yes</SimpleData>
		<SimpleData name="zone">13</SimpleData>
		<SimpleData name="ward">173</SimpleData>
		<SimpleData name="sl__no_">224</SimpleData>
		<SimpleData name="latitude">13.0218</SimpleData>
		<SimpleData name="longitude">80.2606</SimpleData>
	</SchemaData></ExtendedData>
      <Point><coordinates>80.2605772000001,13.0218371000001,0</coordinates></Point>
  </Placemark>
  <Placemark>
	<ExtendedData><SchemaData schemaUrl="#chennaidss_gis_flood_hotspots_gcc_flood_hotspots_2015">
		<SimpleData name="id">85</SimpleData>
		<SimpleData name="location">Nehru nagar - Veerapandiya Kattabomman street</SimpleData>
		<SimpleData name="inundation_level">High Vulnerability 3 to 5 Feet</SimpleData>
		<SimpleData name="vulnerability">High Vulnerability</SimpleData>
		<SimpleData name="inundation_ft">3 to 5 ft</SimpleData>
		<SimpleData name="hvul_3to5f">Yes</SimpleData>
		<SimpleData name="zone">13</SimpleData>
		<SimpleData name="ward">174</SimpleData>
		<SimpleData name="sl__no_">232</SimpleData>
		<SimpleData name="latitude">12.9933</SimpleData>
		<SimpleData name="longitude">80.2167</SimpleData>
	</SchemaData></ExtendedData>
      <Point><coordinates>80.2166855,12.9932884000001,0</coordinates></Point>
  </Placemark>
  <Placemark>
	<ExtendedData><SchemaData schemaUrl="#chennaidss_gis_flood_hotspots_gcc_flood_hotspots_2015">
		<SimpleData name="id">86</SimpleData>
		<SimpleData name="location">Kasthuribai nagar</SimpleData>
		<SimpleData name="inundation_level">Low Vulnerability less than 2 feet</SimpleData>
		<SimpleData name="vulnerability">Low Vulnerability</SimpleData>
		<SimpleData name="inundation_ft">&lt;2ft</SimpleData>
		<SimpleData name="lvul_less2">Yes</SimpleData>
		<SimpleData name="zone">13</SimpleData>
		<SimpleData name="ward">175</SimpleData>
		<SimpleData name="sl__no_">237</SimpleData>
		<SimpleData name="latitude">13.0055</SimpleData>
		<SimpleData name="longitude">80.2525</SimpleData>
	</SchemaData></ExtendedData>
      <Point><coordinates>80.2525091000001,13.0055195,0</coordinates></Point>
  </Placemark>
  <Placemark>
	<ExtendedData><SchemaData schemaUrl="#chennaidss_gis_flood_hotspots_gcc_flood_hotspots_2015">
		<SimpleData name="id">87</SimpleData>
		<SimpleData name="location">Indra nagar</SimpleData>
		<SimpleData name="inundation_level">Low Vulnerability less than 2 feet</SimpleData>
		<SimpleData name="vulnerability">Low Vulnerability</SimpleData>
		<SimpleData name="inundation_ft">&lt;2ft</SimpleData>
		<SimpleData name="lvul_less2">Yes</SimpleData>
		<SimpleData name="zone">13</SimpleData>
		<SimpleData name="ward">175</SimpleData>
		<SimpleData name="sl__no_">238</SimpleData>
		<SimpleData name="latitude">12.9958</SimpleData>
		<SimpleData name="longitude">80.2527</SimpleData>
	</SchemaData></ExtendedData>
      <Point><coordinates>80.2527237,12.9958183000001,0</coordinates></Point>
  </Placemark>
  <Placemark>
	<ExtendedData><SchemaData schemaUrl="#chennaidss_gis_flood_hotspots_gcc_flood_hotspots_2015">
		<SimpleData name="id">88</SimpleData>
		<SimpleData name="location">L.B road</SimpleData>
		<SimpleData name="inundation_level">Low Vulnerability less than 2 feet</SimpleData>
		<SimpleData name="vulnerability">Low Vulnerability</SimpleData>
		<SimpleData name="inundation_ft">&lt;2ft</SimpleData>
		<SimpleData name="lvul_less2">Yes</SimpleData>
		<SimpleData name="zone">13</SimpleData>
		<SimpleData name="ward">175</SimpleData>
		<SimpleData name="sl__no_">236</SimpleData>
		<SimpleData name="latitude">12.999</SimpleData>
		<SimpleData name="longitude">80.2561</SimpleData>
	</SchemaData></ExtendedData>
      <Point><coordinates>80.2560925000001,12.998965,0</coordinates></Point>
  </Placemark>
  <Placemark>
	<ExtendedData><SchemaData schemaUrl="#chennaidss_gis_flood_hotspots_gcc_flood_hotspots_2015">
		<SimpleData name="id">89</SimpleData>
		<SimpleData name="location">Anna avenue</SimpleData>
		<SimpleData name="inundation_level">Low Vulnerability less than 2 feet</SimpleData>
		<SimpleData name="vulnerability">Low Vulnerability</SimpleData>
		<SimpleData name="inundation_ft">&lt;2ft</SimpleData>
		<SimpleData name="lvul_less2">Yes</SimpleData>
		<SimpleData name="zone">13</SimpleData>
		<SimpleData name="ward">175</SimpleData>
		<SimpleData name="sl__no_">239</SimpleData>
		<SimpleData name="latitude">13.0047</SimpleData>
		<SimpleData name="longitude">80.2559</SimpleData>
	</SchemaData></ExtendedData>
      <Point><coordinates>80.2558887000001,13.0047146000001,0</coordinates></Point>
  </Placemark>
  <Placemark>
	<ExtendedData><SchemaData schemaUrl="#chennaidss_gis_flood_hotspots_gcc_flood_hotspots_2015">
		<SimpleData name="id">90</SimpleData>
		<SimpleData name="location">Mahalakshmi nagar III cross street</SimpleData>
		<SimpleData name="inundation_level">Low Vulnerability less than 2 feet</SimpleData>
		<SimpleData name="vulnerability">Low Vulnerability</SimpleData>
		<SimpleData name="inundation_ft">&lt;2ft</SimpleData>
		<SimpleData name="lvul_less2">Yes</SimpleData>
		<SimpleData name="zone">13</SimpleData>
		<SimpleData name="ward">177</SimpleData>
		<SimpleData name="sl__no_">256</SimpleData>
		<SimpleData name="latitude">12.9839</SimpleData>
		<SimpleData name="longitude">80.2064</SimpleData>
	</SchemaData></ExtendedData>
      <Point><coordinates>80.2063751,12.9839423,0</coordinates></Point>
  </Placemark>
  <Placemark>
	<ExtendedData><SchemaData schemaUrl="#chennaidss_gis_flood_hotspots_gcc_flood_hotspots_2015">
		<SimpleData name="id">91</SimpleData>
		<SimpleData name="location">TNHB Colony III main road</SimpleData>
		<SimpleData name="inundation_level">Low Vulnerability less than 2 feet</SimpleData>
		<SimpleData name="vulnerability">Low Vulnerability</SimpleData>
		<SimpleData name="inundation_ft">&lt;2ft</SimpleData>
		<SimpleData name="lvul_less2">Yes</SimpleData>
		<SimpleData name="zone">13</SimpleData>
		<SimpleData name="ward">177</SimpleData>
		<SimpleData name="sl__no_">246</SimpleData>
		<SimpleData name="latitude">12.9919</SimpleData>
		<SimpleData name="longitude">80.212</SimpleData>
	</SchemaData></ExtendedData>
      <Point><coordinates>80.2119541000001,12.9919294000001,0</coordinates></Point>
  </Placemark>
  <Placemark>
	<ExtendedData><SchemaData schemaUrl="#chennaidss_gis_flood_hotspots_gcc_flood_hotspots_2015">
		<SimpleData name="id">92</SimpleData>
		<SimpleData name="location">A.G.S Colony</SimpleData>
		<SimpleData name="inundation_level">Very High Vulnerability Above 5 Feet</SimpleData>
		<SimpleData name="vulnerability">Very High Vulnerability</SimpleData>
		<SimpleData name="inundation_ft">&gt;5ft</SimpleData>
		<SimpleData name="vhvul_ab5f">Yes</SimpleData>
		<SimpleData name="zone">13</SimpleData>
		<SimpleData name="ward">178</SimpleData>
		<SimpleData name="sl__no_">258</SimpleData>
		<SimpleData name="latitude">12.9777</SimpleData>
		<SimpleData name="longitude">80.2115</SimpleData>
	</SchemaData></ExtendedData>
      <Point><coordinates>80.2114606,12.9776904000001,0</coordinates></Point>
  </Placemark>
  <Placemark>
	<ExtendedData><SchemaData schemaUrl="#chennaidss_gis_flood_hotspots_gcc_flood_hotspots_2015">
		<SimpleData name="id">93</SimpleData>
		<SimpleData name="location">Vijayanagar area</SimpleData>
		<SimpleData name="inundation_level">Very High Vulnerability Above 5 Feet</SimpleData>
		<SimpleData name="vulnerability">Very High Vulnerability</SimpleData>
		<SimpleData name="inundation_ft">&gt;5ft</SimpleData>
		<SimpleData name="vhvul_ab5f">Yes</SimpleData>
		<SimpleData name="zone">13</SimpleData>
		<SimpleData name="ward">178</SimpleData>
		<SimpleData name="sl__no_">259</SimpleData>
		<SimpleData name="latitude">12.9755</SimpleData>
		<SimpleData name="longitude">80.2209</SimpleData>
	</SchemaData></ExtendedData>
      <Point><coordinates>80.2208805000001,12.9755367000001,0</coordinates></Point>
  </Placemark>
  <Placemark>
	<ExtendedData><SchemaData schemaUrl="#chennaidss_gis_flood_hotspots_gcc_flood_hotspots_2015">
		<SimpleData name="id">94</SimpleData>
		<SimpleData name="location">Gandhi road</SimpleData>
		<SimpleData name="inundation_level">Very High Vulnerability Above 5 Feet</SimpleData>
		<SimpleData name="vulnerability">Very High Vulnerability</SimpleData>
		<SimpleData name="inundation_ft">&gt;5ft</SimpleData>
		<SimpleData name="vhvul_ab5f">Yes</SimpleData>
		<SimpleData name="zone">13</SimpleData>
		<SimpleData name="ward">179</SimpleData>
		<SimpleData name="sl__no_">261</SimpleData>
		<SimpleData name="latitude">12.9862</SimpleData>
		<SimpleData name="longitude">80.2263</SimpleData>
	</SchemaData></ExtendedData>
      <Point><coordinates>80.2262878,12.9862422,0</coordinates></Point>
  </Placemark>
  <Placemark>
	<ExtendedData><SchemaData schemaUrl="#chennaidss_gis_flood_hotspots_gcc_flood_hotspots_2015">
		<SimpleData name="id">95</SimpleData>
		<SimpleData name="location">Seetharam nagar</SimpleData>
		<SimpleData name="inundation_level">Very High Vulnerability Above 5 Feet</SimpleData>
		<SimpleData name="vulnerability">Very High Vulnerability</SimpleData>
		<SimpleData name="inundation_ft">&gt;5ft</SimpleData>
		<SimpleData name="vhvul_ab5f">Yes</SimpleData>
		<SimpleData name="zone">13</SimpleData>
		<SimpleData name="ward">179</SimpleData>
		<SimpleData name="sl__no_">274</SimpleData>
		<SimpleData name="latitude">12.9813</SimpleData>
		<SimpleData name="longitude">80.2271</SimpleData>
	</SchemaData></ExtendedData>
      <Point><coordinates>80.2271032,12.9812659,0</coordinates></Point>
  </Placemark>
  <Placemark>
	<ExtendedData><SchemaData schemaUrl="#chennaidss_gis_flood_hotspots_gcc_flood_hotspots_2015">
		<SimpleData name="id">96</SimpleData>
		<SimpleData name="location">Velachery Taramani road (100' road)</SimpleData>
		<SimpleData name="inundation_level">Low Vulnerability less than 2 feet</SimpleData>
		<SimpleData name="vulnerability">Low Vulnerability</SimpleData>
		<SimpleData name="inundation_ft">&lt;2ft</SimpleData>
		<SimpleData name="lvul_less2">Yes</SimpleData>
		<SimpleData name="zone">13</SimpleData>
		<SimpleData name="ward">180</SimpleData>
		<SimpleData name="sl__no_">277</SimpleData>
		<SimpleData name="latitude">12.982</SimpleData>
		<SimpleData name="longitude">80.218</SimpleData>
	</SchemaData></ExtendedData>
      <Point><coordinates>80.2180051000001,12.9819769,0</coordinates></Point>
  </Placemark>
  <Placemark>
	<ExtendedData><SchemaData schemaUrl="#chennaidss_gis_flood_hotspots_gcc_flood_hotspots_2015">
		<SimpleData name="id">97</SimpleData>
		<SimpleData name="location">Valmigi street</SimpleData>
		<SimpleData name="inundation_level">Low Vulnerability less than 2 feet</SimpleData>
		<SimpleData name="vulnerability">Low Vulnerability</SimpleData>
		<SimpleData name="inundation_ft">&lt;2ft</SimpleData>
		<SimpleData name="lvul_less2">Yes</SimpleData>
		<SimpleData name="zone">13</SimpleData>
		<SimpleData name="ward">181</SimpleData>
		<SimpleData name="sl__no_">279</SimpleData>
		<SimpleData name="latitude">12.9882</SimpleData>
		<SimpleData name="longitude">80.26</SimpleData>
	</SchemaData></ExtendedData>
      <Point><coordinates>80.2599549000001,12.9881868,0</coordinates></Point>
  </Placemark>
  <Placemark>
	<ExtendedData><SchemaData schemaUrl="#chennaidss_gis_flood_hotspots_gcc_flood_hotspots_2015">
		<SimpleData name="id">98</SimpleData>
		<SimpleData name="location">Journalist colony</SimpleData>
		<SimpleData name="inundation_level">High Vulnerability 3 to 5 Feet</SimpleData>
		<SimpleData name="vulnerability">High Vulnerability</SimpleData>
		<SimpleData name="inundation_ft">3 to 5 ft</SimpleData>
		<SimpleData name="hvul_3to5f">Yes</SimpleData>
		<SimpleData name="zone">13</SimpleData>
		<SimpleData name="ward">182</SimpleData>
		<SimpleData name="sl__no_">280</SimpleData>
		<SimpleData name="latitude">12.9744</SimpleData>
		<SimpleData name="longitude">80.2604</SimpleData>
	</SchemaData></ExtendedData>
      <Point><coordinates>80.2603626,12.9743657000001,0</coordinates></Point>
  </Placemark>
  <Placemark>
	<ExtendedData><SchemaData schemaUrl="#chennaidss_gis_flood_hotspots_gcc_flood_hotspots_2015">
		<SimpleData name="id">99</SimpleData>
		<SimpleData name="location">Ganapathy colony</SimpleData>
		<SimpleData name="inundation_level">Low Vulnerability less than 2 feet</SimpleData>
		<SimpleData name="vulnerability">Low Vulnerability</SimpleData>
		<SimpleData name="inundation_ft">&lt;2ft</SimpleData>
		<SimpleData name="lvul_less2">Yes</SimpleData>
		<SimpleData name="zone">13</SimpleData>
		<SimpleData name="ward">182</SimpleData>
		<SimpleData name="sl__no_">283</SimpleData>
		<SimpleData name="latitude">12.9768</SimpleData>
		<SimpleData name="longitude">80.2546</SimpleData>
	</SchemaData></ExtendedData>
      <Point><coordinates>80.2545798,12.9767808000001,0</coordinates></Point>
  </Placemark>
  <Placemark>
	<ExtendedData><SchemaData schemaUrl="#chennaidss_gis_flood_hotspots_gcc_flood_hotspots_2015">
		<SimpleData name="id">100</SimpleData>
		<SimpleData name="location">Ram Nagar (North)</SimpleData>
		<SimpleData name="inundation_level">Low Vulnerability less than 2 feet</SimpleData>
		<SimpleData name="vulnerability">Low Vulnerability</SimpleData>
		<SimpleData name="inundation_ft">&lt;2ft</SimpleData>
		<SimpleData name="lvul_less2">Yes</SimpleData>
		<SimpleData name="zone">14</SimpleData>
		<SimpleData name="ward">169</SimpleData>
		<SimpleData name="sl__no_">214</SimpleData>
		<SimpleData name="latitude">12.969</SimpleData>
		<SimpleData name="longitude">80.2131</SimpleData>
	</SchemaData></ExtendedData>
      <Point><coordinates>80.213134202,12.9689757230001,0</coordinates></Point>
  </Placemark>
  <Placemark>
	<ExtendedData><SchemaData schemaUrl="#chennaidss_gis_flood_hotspots_gcc_flood_hotspots_2015">
		<SimpleData name="id">101</SimpleData>
		<SimpleData name="location">MGR Salai, MRTS (Near ICDS)</SimpleData>
		<SimpleData name="inundation_level">Low Vulnerability less than 2 feet</SimpleData>
		<SimpleData name="vulnerability">Low Vulnerability</SimpleData>
		<SimpleData name="inundation_ft">&lt;2ft</SimpleData>
		<SimpleData name="lvul_less2">Yes</SimpleData>
		<SimpleData name="zone">14</SimpleData>
		<SimpleData name="ward">184</SimpleData>
		<SimpleData name="sl__no_">286</SimpleData>
		<SimpleData name="latitude">12.9761</SimpleData>
		<SimpleData name="longitude">80.2447</SimpleData>
	</SchemaData></ExtendedData>
      <Point><coordinates>80.244657213,12.9761159760001,0</coordinates></Point>
  </Placemark>
  <Placemark>
	<ExtendedData><SchemaData schemaUrl="#chennaidss_gis_flood_hotspots_gcc_flood_hotspots_2015">
		<SimpleData name="id">102</SimpleData>
		<SimpleData name="location">LIC Nagar</SimpleData>
		<SimpleData name="inundation_level">Low Vulnerability less than 2 feet</SimpleData>
		<SimpleData name="vulnerability">Low Vulnerability</SimpleData>
		<SimpleData name="inundation_ft">&lt;2ft</SimpleData>
		<SimpleData name="lvul_less2">Yes</SimpleData>
		<SimpleData name="zone">14</SimpleData>
		<SimpleData name="ward">188</SimpleData>
		<SimpleData name="sl__no_">295</SimpleData>
		<SimpleData name="latitude">12.9536</SimpleData>
		<SimpleData name="longitude">80.2021</SimpleData>
	</SchemaData></ExtendedData>
      <Point><coordinates>80.2021516,12.9535858,0</coordinates></Point>
  </Placemark>
  <Placemark>
	<ExtendedData><SchemaData schemaUrl="#chennaidss_gis_flood_hotspots_gcc_flood_hotspots_2015">
		<SimpleData name="id">103</SimpleData>
		<SimpleData name="location">Rajesh Nagar</SimpleData>
		<SimpleData name="inundation_level">Low Vulnerability less than 2 feet</SimpleData>
		<SimpleData name="vulnerability">Low Vulnerability</SimpleData>
		<SimpleData name="inundation_ft">&lt;2ft</SimpleData>
		<SimpleData name="lvul_less2">Yes</SimpleData>
		<SimpleData name="zone">14</SimpleData>
		<SimpleData name="ward">188</SimpleData>
		<SimpleData name="sl__no_">293</SimpleData>
		<SimpleData name="latitude">12.9436</SimpleData>
		<SimpleData name="longitude">80.2066</SimpleData>
	</SchemaData></ExtendedData>
      <Point><coordinates>80.206614042,12.943577129,0</coordinates></Point>
  </Placemark>
  <Placemark>
	<ExtendedData><SchemaData schemaUrl="#chennaidss_gis_flood_hotspots_gcc_flood_hotspots_2015">
		<SimpleData name="id">104</SimpleData>
		<SimpleData name="location">MCN Nagar</SimpleData>
		<SimpleData name="inundation_level">Low Vulnerability less than 2 feet</SimpleData>
		<SimpleData name="vulnerability">Low Vulnerability</SimpleData>
		<SimpleData name="inundation_ft">&lt;2ft</SimpleData>
		<SimpleData name="lvul_less2">Yes</SimpleData>
		<SimpleData name="zone">15</SimpleData>
		<SimpleData name="ward">193</SimpleData>
		<SimpleData name="sl__no_">301</SimpleData>
		<SimpleData name="latitude">12.9452</SimpleData>
		<SimpleData name="longitude">80.2353</SimpleData>
	</SchemaData></ExtendedData>
      <Point><coordinates>80.23526,12.9452200000001,0</coordinates></Point>
  </Placemark>
  <Placemark>
	<ExtendedData><SchemaData schemaUrl="#chennaidss_gis_flood_hotspots_gcc_flood_hotspots_2015">
		<SimpleData name="id">105</SimpleData>
		<SimpleData name="location">Ellaiamman koil street</SimpleData>
		<SimpleData name="inundation_level">Low Vulnerability less than 2 feet</SimpleData>
		<SimpleData name="vulnerability">Low Vulnerability</SimpleData>
		<SimpleData name="inundation_ft">&lt;2ft</SimpleData>
		<SimpleData name="lvul_less2">Yes</SimpleData>
		<SimpleData name="zone">15</SimpleData>
		<SimpleData name="ward">192</SimpleData>
		<SimpleData name="sl__no_">297</SimpleData>
		<SimpleData name="latitude">12.9484</SimpleData>
		<SimpleData name="longitude">80.2501</SimpleData>
	</SchemaData></ExtendedData>
      <Point><coordinates>80.250133,12.948359,0</coordinates></Point>
  </Placemark>
  <Placemark>
	<ExtendedData><SchemaData schemaUrl="#chennaidss_gis_flood_hotspots_gcc_flood_hotspots_2015">
		<SimpleData name="id">106</SimpleData>
		<SimpleData name="location">Construction of SWD of size 600x750m along Saraswathi Nagar South, Neelankarai</SimpleData>
		<SimpleData name="inundation_level">High Vulnerability 3 to 5 Feet</SimpleData>
		<SimpleData name="vulnerability">High Vulnerability</SimpleData>
		<SimpleData name="inundation_ft">3 to 5 ft</SimpleData>
		<SimpleData name="hvul_3to5f">Yes</SimpleData>
		<SimpleData name="zone">15</SimpleData>
		<SimpleData name="ward">192</SimpleData>
		<SimpleData name="sl__no_">300</SimpleData>
		<SimpleData name="latitude">12.949</SimpleData>
		<SimpleData name="longitude">80.2503</SimpleData>
	</SchemaData></ExtendedData>
      <Point><coordinates>80.250253,12.948982,0</coordinates></Point>
  </Placemark>
  <Placemark>
	<ExtendedData><SchemaData schemaUrl="#chennaidss_gis_flood_hotspots_gcc_flood_hotspots_2015">
		<SimpleData name="id">107</SimpleData>
		<SimpleData name="location">OMR - Mettukuppam
(VPG Avenue Junction)</SimpleData>
		<SimpleData name="inundation_level">High Vulnerability 3 to 5 Feet</SimpleData>
		<SimpleData name="vulnerability">High Vulnerability</SimpleData>
		<SimpleData name="inundation_ft">3 to 5 ft</SimpleData>
		<SimpleData name="hvul_3to5f">Yes</SimpleData>
		<SimpleData name="zone">15</SimpleData>
		<SimpleData name="ward">194</SimpleData>
		<SimpleData name="sl__no_">303</SimpleData>
		<SimpleData name="latitude">12.9407</SimpleData>
		<SimpleData name="longitude">80.2363</SimpleData>
	</SchemaData></ExtendedData>
      <Point><coordinates>80.236313,12.9407310000001,0</coordinates></Point>
  </Placemark>
  <Placemark>
	<ExtendedData><SchemaData schemaUrl="#chennaidss_gis_flood_hotspots_gcc_flood_hotspots_2015">
		<SimpleData name="id">108</SimpleData>
		<SimpleData name="location">Lalbahadhur Sasthiri Street</SimpleData>
		<SimpleData name="inundation_level">Low Vulnerability less than 2 feet</SimpleData>
		<SimpleData name="vulnerability">Low Vulnerability</SimpleData>
		<SimpleData name="inundation_ft">&lt;2ft</SimpleData>
		<SimpleData name="lvul_less2">Yes</SimpleData>
		<SimpleData name="zone">15</SimpleData>
		<SimpleData name="ward">197</SimpleData>
		<SimpleData name="sl__no_">306</SimpleData>
		<SimpleData name="latitude">12.9066</SimpleData>
		<SimpleData name="longitude">80.2306</SimpleData>
	</SchemaData></ExtendedData>
      <Point><coordinates>80.2306405370001,12.9066129210001,0</coordinates></Point>
  </Placemark>
  <Placemark>
	<ExtendedData><SchemaData schemaUrl="#chennaidss_gis_flood_hotspots_gcc_flood_hotspots_2015">
		<SimpleData name="id">109</SimpleData>
		<SimpleData name="location">John Mohammad Street</SimpleData>
		<SimpleData name="inundation_level">Low Vulnerability less than 2 feet</SimpleData>
		<SimpleData name="vulnerability">Low Vulnerability</SimpleData>
		<SimpleData name="inundation_ft">&lt;2ft</SimpleData>
		<SimpleData name="lvul_less2">Yes</SimpleData>
		<SimpleData name="zone">9</SimpleData>
		<SimpleData name="ward">114</SimpleData>
		<SimpleData name="sl__no_">129</SimpleData>
		<SimpleData name="latitude">13.0636</SimpleData>
		<SimpleData name="longitude">80.2708</SimpleData>
	</SchemaData></ExtendedData>
      <Point><coordinates>80.2707635205919,13.0635586333844,0</coordinates></Point>
  </Placemark>
  <Placemark>
	<ExtendedData><SchemaData schemaUrl="#chennaidss_gis_flood_hotspots_gcc_flood_hotspots_2015">
		<SimpleData name="id">110</SimpleData>
		<SimpleData name="location">Nandhanam extension 4th Street</SimpleData>
		<SimpleData name="inundation_level">High Vulnerability 3 to 5 Feet</SimpleData>
		<SimpleData name="vulnerability">High Vulnerability</SimpleData>
		<SimpleData name="inundation_ft">3 to 5 ft</SimpleData>
		<SimpleData name="hvul_3to5f">Yes</SimpleData>
		<SimpleData name="zone">9</SimpleData>
		<SimpleData name="ward">122</SimpleData>
		<SimpleData name="sl__no_">158</SimpleData>
		<SimpleData name="latitude">13.0275</SimpleData>
		<SimpleData name="longitude">80.2416</SimpleData>
	</SchemaData></ExtendedData>
      <Point><coordinates>80.241555156881,13.0275065745428,0</coordinates></Point>
  </Placemark>
  <Placemark>
	<ExtendedData><SchemaData schemaUrl="#chennaidss_gis_flood_hotspots_gcc_flood_hotspots_2015">
		<SimpleData name="id">111</SimpleData>
		<SimpleData name="location">K.B.Dasan Road</SimpleData>
		<SimpleData name="inundation_level">High Vulnerability 3 to 5 Feet</SimpleData>
		<SimpleData name="vulnerability">High Vulnerability</SimpleData>
		<SimpleData name="inundation_ft">3 to 5 ft</SimpleData>
		<SimpleData name="hvul_3to5f">Yes</SimpleData>
		<SimpleData name="zone">9</SimpleData>
		<SimpleData name="ward">122</SimpleData>
		<SimpleData name="sl__no_">150</SimpleData>
		<SimpleData name="latitude">13.0353</SimpleData>
		<SimpleData name="longitude">80.2501</SimpleData>
	</SchemaData></ExtendedData>
      <Point><coordinates>80.2501233808691,13.0353256057989,0</coordinates></Point>
  </Placemark>
  <Placemark>
	<ExtendedData><SchemaData schemaUrl="#chennaidss_gis_flood_hotspots_gcc_flood_hotspots_2015">
		<SimpleData name="id">112</SimpleData>
		<SimpleData name="location">P.S.Siva Swamy Street</SimpleData>
		<SimpleData name="inundation_level">High Vulnerability 3 to 5 Feet</SimpleData>
		<SimpleData name="vulnerability">High Vulnerability</SimpleData>
		<SimpleData name="inundation_ft">3 to 5 ft</SimpleData>
		<SimpleData name="hvul_3to5f">Yes</SimpleData>
		<SimpleData name="zone">9</SimpleData>
		<SimpleData name="ward">119</SimpleData>
		<SimpleData name="sl__no_">144</SimpleData>
		<SimpleData name="latitude">13.0454</SimpleData>
		<SimpleData name="longitude">80.2631</SimpleData>
	</SchemaData></ExtendedData>
      <Point><coordinates>80.2631351694873,13.0453556408648,0</coordinates></Point>
  </Placemark>
  <Placemark>
	<ExtendedData><SchemaData schemaUrl="#chennaidss_gis_flood_hotspots_gcc_flood_hotspots_2015">
		<SimpleData name="id">113</SimpleData>
		<SimpleData name="location">Bharathishwarer colony 3rd street</SimpleData>
		<SimpleData name="inundation_level">Low Vulnerability less than 2 feet</SimpleData>
		<SimpleData name="vulnerability">Low Vulnerability</SimpleData>
		<SimpleData name="inundation_ft">&lt;2ft</SimpleData>
		<SimpleData name="lvul_less2">Yes</SimpleData>
		<SimpleData name="zone">9</SimpleData>
		<SimpleData name="ward">112</SimpleData>
		<SimpleData name="sl__no_">118</SimpleData>
		<SimpleData name="latitude">13.0585</SimpleData>
		<SimpleData name="longitude">80.2212</SimpleData>
	</SchemaData></ExtendedData>
      <Point><coordinates>80.2212064682699,13.0584831739422,0</coordinates></Point>
  </Placemark>
  <Placemark>
	<ExtendedData><SchemaData schemaUrl="#chennaidss_gis_flood_hotspots_gcc_flood_hotspots_2015">
		<SimpleData name="id">114</SimpleData>
		<SimpleData name="location">Railway border road</SimpleData>
		<SimpleData name="inundation_level">Low Vulnerability less than 2 feet</SimpleData>
		<SimpleData name="vulnerability">Low Vulnerability</SimpleData>
		<SimpleData name="inundation_ft">&lt;2ft</SimpleData>
		<SimpleData name="lvul_less2">Yes</SimpleData>
		<SimpleData name="zone">9</SimpleData>
		<SimpleData name="ward">112</SimpleData>
		<SimpleData name="sl__no_">115</SimpleData>
		<SimpleData name="latitude">13.0641</SimpleData>
		<SimpleData name="longitude">80.2324</SimpleData>
	</SchemaData></ExtendedData>
      <Point><coordinates>80.2324108261175,13.0641005571272,0</coordinates></Point>
  </Placemark>
  <Placemark>
	<ExtendedData><SchemaData schemaUrl="#chennaidss_gis_flood_hotspots_gcc_flood_hotspots_2015">
		<SimpleData name="id">115</SimpleData>
		<SimpleData name="location">Lock Nagar</SimpleData>
		<SimpleData name="inundation_level">Low Vulnerability less than 2 feet</SimpleData>
		<SimpleData name="vulnerability">Low Vulnerability</SimpleData>
		<SimpleData name="inundation_ft">&lt;2ft</SimpleData>
		<SimpleData name="lvul_less2">Yes</SimpleData>
		<SimpleData name="zone">9</SimpleData>
		<SimpleData name="ward">114</SimpleData>
		<SimpleData name="sl__no_">130</SimpleData>
		<SimpleData name="latitude">13.0657</SimpleData>
		<SimpleData name="longitude">80.2812</SimpleData>
	</SchemaData></ExtendedData>
      <Point><coordinates>80.2812257539986,13.0657011379867,0</coordinates></Point>
  </Placemark>
  <Placemark>
	<ExtendedData><SchemaData schemaUrl="#chennaidss_gis_flood_hotspots_gcc_flood_hotspots_2015">
		<SimpleData name="id">116</SimpleData>
		<SimpleData name="location">North Usman Road</SimpleData>
		<SimpleData name="inundation_level">High Vulnerability 3 to 5 Feet</SimpleData>
		<SimpleData name="vulnerability">High Vulnerability</SimpleData>
		<SimpleData name="inundation_ft">3 to 5 ft</SimpleData>
		<SimpleData name="vhvul_ab5f">No</SimpleData>
		<SimpleData name="hvul_3to5f">Yes</SimpleData>
		<SimpleData name="lvul_less2">No</SimpleData>
		<SimpleData name="zone">10</SimpleData>
		<SimpleData name="ward">136</SimpleData>
		<SimpleData name="sl__no_">179</SimpleData>
		<SimpleData name="latitude">13.0448</SimpleData>
		<SimpleData name="longitude">80.2326</SimpleData>
	</SchemaData></ExtendedData>
      <Point><coordinates>80.2325844668394,13.0447607620094,0</coordinates></Point>
  </Placemark>
  <Placemark>
	<ExtendedData><SchemaData schemaUrl="#chennaidss_gis_flood_hotspots_gcc_flood_hotspots_2015">
		<SimpleData name="id">117</SimpleData>
		<SimpleData name="location">Maakkis Garden</SimpleData>
		<SimpleData name="inundation_level">Very High Vulnerability Above 5 Feet</SimpleData>
		<SimpleData name="vulnerability">Very High Vulnerability</SimpleData>
		<SimpleData name="inundation_ft">&gt;5ft</SimpleData>
		<SimpleData name="vhvul_ab5f">Yes</SimpleData>
		<SimpleData name="zone">9</SimpleData>
		<SimpleData name="ward">111</SimpleData>
		<SimpleData name="sl__no_">111</SimpleData>
		<SimpleData name="latitude">13.0615</SimpleData>
		<SimpleData name="longitude">80.2555</SimpleData>
	</SchemaData></ExtendedData>
      <Point><coordinates>80.2555503216807,13.0615123779225,0</coordinates></Point>
  </Placemark>
  <Placemark>
	<ExtendedData><SchemaData schemaUrl="#chennaidss_gis_flood_hotspots_gcc_flood_hotspots_2015">
		<SimpleData name="id">118</SimpleData>
		<SimpleData name="location">Teachers Colonly</SimpleData>
		<SimpleData name="inundation_level">Low Vulnerability less than 2 feet</SimpleData>
		<SimpleData name="vulnerability">Low Vulnerability</SimpleData>
		<SimpleData name="inundation_ft">&lt;2ft</SimpleData>
		<SimpleData name="vhvul_ab5f">Nil</SimpleData>
		<SimpleData name="hvul_3to5f">Nil</SimpleData>
		<SimpleData name="lvul_less2">Yes</SimpleData>
		<SimpleData name="zone">6</SimpleData>
		<SimpleData name="ward">65</SimpleData>
		<SimpleData name="sl__no_">64</SimpleData>
		<SimpleData name="latitude">13.1168</SimpleData>
		<SimpleData name="longitude">80.2091</SimpleData>
	</SchemaData></ExtendedData>
      <Point><coordinates>80.2091212376614,13.1167773224035,0</coordinates></Point>
  </Placemark>
  <Placemark>
	<ExtendedData><SchemaData schemaUrl="#chennaidss_gis_flood_hotspots_gcc_flood_hotspots_2015">
		<SimpleData name="id">119</SimpleData>
		<SimpleData name="location">Seethammal colony 3rd Street,</SimpleData>
		<SimpleData name="inundation_level">High Vulnerability 3 to 5 Feet</SimpleData>
		<SimpleData name="vulnerability">High Vulnerability</SimpleData>
		<SimpleData name="inundation_ft">3 to 5 ft</SimpleData>
		<SimpleData name="hvul_3to5f">Yes</SimpleData>
		<SimpleData name="zone">9</SimpleData>
		<SimpleData name="ward">122</SimpleData>
		<SimpleData name="sl__no_">152</SimpleData>
		<SimpleData name="latitude">13.0346</SimpleData>
		<SimpleData name="longitude">80.2531</SimpleData>
	</SchemaData></ExtendedData>
      <Point><coordinates>80.2531003941631,13.0346074098045,0</coordinates></Point>
  </Placemark>
  <Placemark>
	<ExtendedData><SchemaData schemaUrl="#chennaidss_gis_flood_hotspots_gcc_flood_hotspots_2015">
		<SimpleData name="id">161</SimpleData>
		<SimpleData name="location">Sundram Power Lane</SimpleData>
		<SimpleData name="inundation_level">Low Vulnerability less than 2 feet</SimpleData>
		<SimpleData name="vulnerability">Low Vulnerability</SimpleData>
		<SimpleData name="inundation_ft">&lt;2ft</SimpleData>
		<SimpleData name="vhvul_ab5f">-</SimpleData>
		<SimpleData name="hvul_3to5f">-</SimpleData>
		<SimpleData name="lvul_less2">Yes</SimpleData>
		<SimpleData name="zone">4</SimpleData>
		<SimpleData name="ward">45</SimpleData>
		<SimpleData name="sl__no_">36</SimpleData>
		<SimpleData name="latitude">13.1112</SimpleData>
		<SimpleData name="longitude">80.2635</SimpleData>
	</SchemaData></ExtendedData>
      <Point><coordinates>80.2635250340246,13.1111550338901,0</coordinates></Point>
  </Placemark>
  <Placemark>
	<ExtendedData><SchemaData schemaUrl="#chennaidss_gis_flood_hotspots_gcc_flood_hotspots_2015">
		<SimpleData name="id">120</SimpleData>
		<SimpleData name="location">Seethammal colony  4th street,</SimpleData>
		<SimpleData name="inundation_level">High Vulnerability 3 to 5 Feet</SimpleData>
		<SimpleData name="vulnerability">High Vulnerability</SimpleData>
		<SimpleData name="inundation_ft">3 to 5 ft</SimpleData>
		<SimpleData name="hvul_3to5f">Yes</SimpleData>
		<SimpleData name="zone">9</SimpleData>
		<SimpleData name="ward">122</SimpleData>
		<SimpleData name="sl__no_">153</SimpleData>
		<SimpleData name="latitude">13.0348</SimpleData>
		<SimpleData name="longitude">80.2523</SimpleData>
	</SchemaData></ExtendedData>
      <Point><coordinates>80.2523013808084,13.0348267463556,0</coordinates></Point>
  </Placemark>
  <Placemark>
	<ExtendedData><SchemaData schemaUrl="#chennaidss_gis_flood_hotspots_gcc_flood_hotspots_2015">
		<SimpleData name="id">121</SimpleData>
		<SimpleData name="location">Tankbund Road</SimpleData>
		<SimpleData name="inundation_level">Very High Vulnerability Above 5 Feet</SimpleData>
		<SimpleData name="vulnerability">Very High Vulnerability</SimpleData>
		<SimpleData name="inundation_ft">&gt;5ft</SimpleData>
		<SimpleData name="vhvul_ab5f">Yes</SimpleData>
		<SimpleData name="zone">9</SimpleData>
		<SimpleData name="ward">122</SimpleData>
		<SimpleData name="sl__no_">154</SimpleData>
		<SimpleData name="latitude">13.0321</SimpleData>
		<SimpleData name="longitude">80.2399</SimpleData>
	</SchemaData></ExtendedData>
      <Point><coordinates>80.2398740247865,13.0321001123585,0</coordinates></Point>
  </Placemark>
  <Placemark>
	<ExtendedData><SchemaData schemaUrl="#chennaidss_gis_flood_hotspots_gcc_flood_hotspots_2015">
		<SimpleData name="id">122</SimpleData>
		<SimpleData name="location">Nandhanam extension 6th Street</SimpleData>
		<SimpleData name="inundation_level">High Vulnerability 3 to 5 Feet</SimpleData>
		<SimpleData name="vulnerability">High Vulnerability</SimpleData>
		<SimpleData name="inundation_ft">3 to 5 ft</SimpleData>
		<SimpleData name="hvul_3to5f">Yes</SimpleData>
		<SimpleData name="zone">9</SimpleData>
		<SimpleData name="ward">122</SimpleData>
		<SimpleData name="sl__no_">160</SimpleData>
		<SimpleData name="latitude">13.029</SimpleData>
		<SimpleData name="longitude">80.2424</SimpleData>
	</SchemaData></ExtendedData>
      <Point><coordinates>80.2423843175361,13.0290306660151,0</coordinates></Point>
  </Placemark>
  <Placemark>
	<ExtendedData><SchemaData schemaUrl="#chennaidss_gis_flood_hotspots_gcc_flood_hotspots_2015">
		<SimpleData name="id">123</SimpleData>
		<SimpleData name="location">Nandhanam extension 2nd Street</SimpleData>
		<SimpleData name="inundation_level">High Vulnerability 3 to 5 Feet</SimpleData>
		<SimpleData name="vulnerability">High Vulnerability</SimpleData>
		<SimpleData name="inundation_ft">3 to 5 ft</SimpleData>
		<SimpleData name="hvul_3to5f">Yes</SimpleData>
		<SimpleData name="zone">9</SimpleData>
		<SimpleData name="ward">122</SimpleData>
		<SimpleData name="sl__no_">156</SimpleData>
		<SimpleData name="latitude">13.0293</SimpleData>
		<SimpleData name="longitude">80.2415</SimpleData>
	</SchemaData></ExtendedData>
      <Point><coordinates>80.2415355388284,13.0292799117561,0</coordinates></Point>
  </Placemark>
  <Placemark>
	<ExtendedData><SchemaData schemaUrl="#chennaidss_gis_flood_hotspots_gcc_flood_hotspots_2015">
		<SimpleData name="id">124</SimpleData>
		<SimpleData name="location">Nandhanam extension 1st Street</SimpleData>
		<SimpleData name="inundation_level">High Vulnerability 3 to 5 Feet</SimpleData>
		<SimpleData name="vulnerability">High Vulnerability</SimpleData>
		<SimpleData name="inundation_ft">3 to 5 ft</SimpleData>
		<SimpleData name="hvul_3to5f">Yes</SimpleData>
		<SimpleData name="zone">9</SimpleData>
		<SimpleData name="ward">122</SimpleData>
		<SimpleData name="sl__no_">155</SimpleData>
		<SimpleData name="latitude">13.0293</SimpleData>
		<SimpleData name="longitude">80.242</SimpleData>
	</SchemaData></ExtendedData>
      <Point><coordinates>80.2419996852043,13.0293358504728,0</coordinates></Point>
  </Placemark>
  <Placemark>
	<ExtendedData><SchemaData schemaUrl="#chennaidss_gis_flood_hotspots_gcc_flood_hotspots_2015">
		<SimpleData name="id">125</SimpleData>
		<SimpleData name="location">Nandhanam extension 3rd Street</SimpleData>
		<SimpleData name="inundation_level">High Vulnerability 3 to 5 Feet</SimpleData>
		<SimpleData name="vulnerability">High Vulnerability</SimpleData>
		<SimpleData name="inundation_ft">3 to 5 ft</SimpleData>
		<SimpleData name="hvul_3to5f">Yes</SimpleData>
		<SimpleData name="zone">9</SimpleData>
		<SimpleData name="ward">122</SimpleData>
		<SimpleData name="sl__no_">157</SimpleData>
		<SimpleData name="latitude">13.0281</SimpleData>
		<SimpleData name="longitude">80.2409</SimpleData>
	</SchemaData></ExtendedData>
      <Point><coordinates>80.2408635704386,13.0281081884432,0</coordinates></Point>
  </Placemark>
  <Placemark>
	<ExtendedData><SchemaData schemaUrl="#chennaidss_gis_flood_hotspots_gcc_flood_hotspots_2015">
		<SimpleData name="id">126</SimpleData>
		<SimpleData name="location">Nandhanam extension 8th Street</SimpleData>
		<SimpleData name="inundation_level">High Vulnerability 3 to 5 Feet</SimpleData>
		<SimpleData name="vulnerability">High Vulnerability</SimpleData>
		<SimpleData name="inundation_ft">3 to 5 ft</SimpleData>
		<SimpleData name="hvul_3to5f">Yes</SimpleData>
		<SimpleData name="zone">9</SimpleData>
		<SimpleData name="ward">122</SimpleData>
		<SimpleData name="sl__no_">162</SimpleData>
		<SimpleData name="latitude">13.0287</SimpleData>
		<SimpleData name="longitude">80.243</SimpleData>
	</SchemaData></ExtendedData>
      <Point><coordinates>80.2430384292937,13.0286738532867,0</coordinates></Point>
  </Placemark>
  <Placemark>
	<ExtendedData><SchemaData schemaUrl="#chennaidss_gis_flood_hotspots_gcc_flood_hotspots_2015">
		<SimpleData name="id">127</SimpleData>
		<SimpleData name="location">Nandhanam extension 7th Street</SimpleData>
		<SimpleData name="inundation_level">High Vulnerability 3 to 5 Feet</SimpleData>
		<SimpleData name="vulnerability">High Vulnerability</SimpleData>
		<SimpleData name="inundation_ft">3 to 5 ft</SimpleData>
		<SimpleData name="hvul_3to5f">Yes</SimpleData>
		<SimpleData name="zone">9</SimpleData>
		<SimpleData name="ward">122</SimpleData>
		<SimpleData name="sl__no_">161</SimpleData>
		<SimpleData name="latitude">13.0286</SimpleData>
		<SimpleData name="longitude">80.2433</SimpleData>
	</SchemaData></ExtendedData>
      <Point><coordinates>80.2432933242921,13.0286363619626,0</coordinates></Point>
  </Placemark>
  <Placemark>
	<ExtendedData><SchemaData schemaUrl="#chennaidss_gis_flood_hotspots_gcc_flood_hotspots_2015">
		<SimpleData name="id">128</SimpleData>
		<SimpleData name="location">Nandhanam extension 9th Street</SimpleData>
		<SimpleData name="inundation_level">High Vulnerability 3 to 5 Feet</SimpleData>
		<SimpleData name="vulnerability">High Vulnerability</SimpleData>
		<SimpleData name="inundation_ft">3 to 5 ft</SimpleData>
		<SimpleData name="hvul_3to5f">Yes</SimpleData>
		<SimpleData name="zone">9</SimpleData>
		<SimpleData name="ward">122</SimpleData>
		<SimpleData name="sl__no_">163</SimpleData>
		<SimpleData name="latitude">13.0291</SimpleData>
		<SimpleData name="longitude">80.2434</SimpleData>
	</SchemaData></ExtendedData>
      <Point><coordinates>80.2433731531356,13.0291090450924,0</coordinates></Point>
  </Placemark>
  <Placemark>
	<ExtendedData><SchemaData schemaUrl="#chennaidss_gis_flood_hotspots_gcc_flood_hotspots_2015">
		<SimpleData name="id">129</SimpleData>
		<SimpleData name="location">Cresent Road</SimpleData>
		<SimpleData name="inundation_level">High Vulnerability 3 to 5 Feet</SimpleData>
		<SimpleData name="vulnerability">High Vulnerability</SimpleData>
		<SimpleData name="inundation_ft">3 to 5 ft</SimpleData>
		<SimpleData name="hvul_3to5f">Yes</SimpleData>
		<SimpleData name="zone">9</SimpleData>
		<SimpleData name="ward">122</SimpleData>
		<SimpleData name="sl__no_">151</SimpleData>
		<SimpleData name="latitude">13.027</SimpleData>
		<SimpleData name="longitude">80.2475</SimpleData>
	</SchemaData></ExtendedData>
      <Point><coordinates>80.2475242328912,13.0269836935892,0</coordinates></Point>
  </Placemark>
  <Placemark>
	<ExtendedData><SchemaData schemaUrl="#chennaidss_gis_flood_hotspots_gcc_flood_hotspots_2015">
		<SimpleData name="id">130</SimpleData>
		<SimpleData name="location">R.A.Puram 3rd cross street</SimpleData>
		<SimpleData name="inundation_level">Low Vulnerability less than 2 feet</SimpleData>
		<SimpleData name="vulnerability">Low Vulnerability</SimpleData>
		<SimpleData name="inundation_ft">&lt;2ft</SimpleData>
		<SimpleData name="lvul_less2">Yes</SimpleData>
		<SimpleData name="zone">9</SimpleData>
		<SimpleData name="ward">123</SimpleData>
		<SimpleData name="sl__no_">168</SimpleData>
		<SimpleData name="latitude">13.0268</SimpleData>
		<SimpleData name="longitude">80.2569</SimpleData>
	</SchemaData></ExtendedData>
      <Point><coordinates>80.2569145366531,13.0267927255828,0</coordinates></Point>
  </Placemark>
  <Placemark>
	<ExtendedData><SchemaData schemaUrl="#chennaidss_gis_flood_hotspots_gcc_flood_hotspots_2015">
		<SimpleData name="id">131</SimpleData>
		<SimpleData name="location">R.A.Puram 1st main road</SimpleData>
		<SimpleData name="inundation_level">Low Vulnerability less than 2 feet</SimpleData>
		<SimpleData name="vulnerability">Low Vulnerability</SimpleData>
		<SimpleData name="inundation_ft">&lt;2ft</SimpleData>
		<SimpleData name="lvul_less2">Yes</SimpleData>
		<SimpleData name="zone">9</SimpleData>
		<SimpleData name="ward">123</SimpleData>
		<SimpleData name="sl__no_">166</SimpleData>
		<SimpleData name="latitude">13.028</SimpleData>
		<SimpleData name="longitude">80.2564</SimpleData>
	</SchemaData></ExtendedData>
      <Point><coordinates>80.2564318876283,13.0280005756981,0</coordinates></Point>
  </Placemark>
  <Placemark>
	<ExtendedData><SchemaData schemaUrl="#chennaidss_gis_flood_hotspots_gcc_flood_hotspots_2015">
		<SimpleData name="id">132</SimpleData>
		<SimpleData name="location">Kamarajapuram Main Road</SimpleData>
		<SimpleData name="inundation_level">Low Vulnerability less than 2 feet</SimpleData>
		<SimpleData name="vulnerability">Low Vulnerability</SimpleData>
		<SimpleData name="inundation_ft">&lt;2ft</SimpleData>
		<SimpleData name="lvul_less2">Yes</SimpleData>
		<SimpleData name="zone">9</SimpleData>
		<SimpleData name="ward">110</SimpleData>
		<SimpleData name="sl__no_">110</SimpleData>
		<SimpleData name="latitude">13.0547</SimpleData>
		<SimpleData name="longitude">80.2377</SimpleData>
	</SchemaData></ExtendedData>
      <Point><coordinates>80.2376795862158,13.0546964452168,0</coordinates></Point>
  </Placemark>
  <Placemark>
	<ExtendedData><SchemaData schemaUrl="#chennaidss_gis_flood_hotspots_gcc_flood_hotspots_2015">
		<SimpleData name="id">133</SimpleData>
		<SimpleData name="location">Habibullah Road</SimpleData>
		<SimpleData name="inundation_level">Low Vulnerability less than 2 feet</SimpleData>
		<SimpleData name="vulnerability">Low Vulnerability</SimpleData>
		<SimpleData name="inundation_ft">&lt;2ft</SimpleData>
		<SimpleData name="lvul_less2">Yes</SimpleData>
		<SimpleData name="zone">9</SimpleData>
		<SimpleData name="ward">113</SimpleData>
		<SimpleData name="sl__no_">120</SimpleData>
		<SimpleData name="latitude">13.0494</SimpleData>
		<SimpleData name="longitude">80.243</SimpleData>
	</SchemaData></ExtendedData>
      <Point><coordinates>80.242985283004,13.0493756877225,0</coordinates></Point>
  </Placemark>
  <Placemark>
	<ExtendedData><SchemaData schemaUrl="#chennaidss_gis_flood_hotspots_gcc_flood_hotspots_2015">
		<SimpleData name="id">134</SimpleData>
		<SimpleData name="location">Vembuliamman Koil street</SimpleData>
		<SimpleData name="inundation_level">High Vulnerability 3 to 5 Feet</SimpleData>
		<SimpleData name="vulnerability">High Vulnerability</SimpleData>
		<SimpleData name="inundation_ft">3 to 5 ft</SimpleData>
		<SimpleData name="vhvul_ab5f">No</SimpleData>
		<SimpleData name="hvul_3to5f">Yes</SimpleData>
		<SimpleData name="lvul_less2">No</SimpleData>
		<SimpleData name="zone">10</SimpleData>
		<SimpleData name="ward">128</SimpleData>
		<SimpleData name="sl__no_">175</SimpleData>
		<SimpleData name="latitude">13.0432</SimpleData>
		<SimpleData name="longitude">80.1897</SimpleData>
	</SchemaData></ExtendedData>
      <Point><coordinates>80.1896859927334,13.0431766718406,0</coordinates></Point>
  </Placemark>
  <Placemark>
	<ExtendedData><SchemaData schemaUrl="#chennaidss_gis_flood_hotspots_gcc_flood_hotspots_2015">
		<SimpleData name="id">135</SimpleData>
		<SimpleData name="location">Thiru-Vi-Ka 3rd street</SimpleData>
		<SimpleData name="inundation_level">Low Vulnerability less than 2 feet</SimpleData>
		<SimpleData name="vulnerability">Low Vulnerability</SimpleData>
		<SimpleData name="inundation_ft">&lt;2ft</SimpleData>
		<SimpleData name="lvul_less2">Yes</SimpleData>
		<SimpleData name="zone">9</SimpleData>
		<SimpleData name="ward">121</SimpleData>
		<SimpleData name="sl__no_">149</SimpleData>
		<SimpleData name="latitude">13.0436</SimpleData>
		<SimpleData name="longitude">80.2664</SimpleData>
	</SchemaData></ExtendedData>
      <Point><coordinates>80.2663751875734,13.0435746641013,0</coordinates></Point>
  </Placemark>
  <Placemark>
	<ExtendedData><SchemaData schemaUrl="#chennaidss_gis_flood_hotspots_gcc_flood_hotspots_2015">
		<SimpleData name="id">136</SimpleData>
		<SimpleData name="location">Eldams Road</SimpleData>
		<SimpleData name="inundation_level">Low Vulnerability less than 2 feet</SimpleData>
		<SimpleData name="vulnerability">Low Vulnerability</SimpleData>
		<SimpleData name="inundation_ft">&lt;2ft</SimpleData>
		<SimpleData name="lvul_less2">Yes</SimpleData>
		<SimpleData name="zone">9</SimpleData>
		<SimpleData name="ward">123</SimpleData>
		<SimpleData name="sl__no_">167</SimpleData>
		<SimpleData name="latitude">13.0387</SimpleData>
		<SimpleData name="longitude">80.2521</SimpleData>
	</SchemaData></ExtendedData>
      <Point><coordinates>80.252049187744,13.0387030373769,0</coordinates></Point>
  </Placemark>
  <Placemark>
	<ExtendedData><SchemaData schemaUrl="#chennaidss_gis_flood_hotspots_gcc_flood_hotspots_2015">
		<SimpleData name="id">137</SimpleData>
		<SimpleData name="location">Kasthuri Estate 2nd street</SimpleData>
		<SimpleData name="inundation_level">Low Vulnerability less than 2 feet</SimpleData>
		<SimpleData name="vulnerability">Low Vulnerability</SimpleData>
		<SimpleData name="inundation_ft">&lt;2ft</SimpleData>
		<SimpleData name="lvul_less2">Yes</SimpleData>
		<SimpleData name="zone">9</SimpleData>
		<SimpleData name="ward">118</SimpleData>
		<SimpleData name="sl__no_">138</SimpleData>
		<SimpleData name="latitude">13.0446</SimpleData>
		<SimpleData name="longitude">80.2553</SimpleData>
	</SchemaData></ExtendedData>
      <Point><coordinates>80.2553065401398,13.0445905357321,0</coordinates></Point>
  </Placemark>
  <Placemark>
	<ExtendedData><SchemaData schemaUrl="#chennaidss_gis_flood_hotspots_gcc_flood_hotspots_2015">
		<SimpleData name="id">138</SimpleData>
		<SimpleData name="location">Seethammal 1st Main Road</SimpleData>
		<SimpleData name="inundation_level">High Vulnerability 3 to 5 Feet</SimpleData>
		<SimpleData name="vulnerability">High Vulnerability</SimpleData>
		<SimpleData name="inundation_ft">3 to 5 ft</SimpleData>
		<SimpleData name="hvul_3to5f">Yes</SimpleData>
		<SimpleData name="zone">9</SimpleData>
		<SimpleData name="ward">122</SimpleData>
		<SimpleData name="sl__no_">165</SimpleData>
		<SimpleData name="latitude">13.0359</SimpleData>
		<SimpleData name="longitude">80.2536</SimpleData>
	</SchemaData></ExtendedData>
      <Point><coordinates>80.253568183401,13.0359408395649,0</coordinates></Point>
  </Placemark>
  <Placemark>
	<ExtendedData><SchemaData schemaUrl="#chennaidss_gis_flood_hotspots_gcc_flood_hotspots_2015">
		<SimpleData name="id">139</SimpleData>
		<SimpleData name="location">Karaneswarar Pagoda Street</SimpleData>
		<SimpleData name="inundation_level">Low Vulnerability less than 2 feet</SimpleData>
		<SimpleData name="vulnerability">Low Vulnerability</SimpleData>
		<SimpleData name="inundation_ft">&lt;2ft</SimpleData>
		<SimpleData name="lvul_less2">Yes</SimpleData>
		<SimpleData name="zone">9</SimpleData>
		<SimpleData name="ward">125</SimpleData>
		<SimpleData name="sl__no_">170</SimpleData>
		<SimpleData name="latitude">13.0391</SimpleData>
		<SimpleData name="longitude">80.2761</SimpleData>
	</SchemaData></ExtendedData>
      <Point><coordinates>80.27608238073,13.0391305142588,0</coordinates></Point>
  </Placemark>
  <Placemark>
	<ExtendedData><SchemaData schemaUrl="#chennaidss_gis_flood_hotspots_gcc_flood_hotspots_2015">
		<SimpleData name="id">140</SimpleData>
		<SimpleData name="location">Mayor Sundra (rao) road</SimpleData>
		<SimpleData name="inundation_level">Low Vulnerability less than 2 feet</SimpleData>
		<SimpleData name="vulnerability">Low Vulnerability</SimpleData>
		<SimpleData name="inundation_ft">&lt;2ft</SimpleData>
		<SimpleData name="lvul_less2">Yes</SimpleData>
		<SimpleData name="zone">9</SimpleData>
		<SimpleData name="ward">118</SimpleData>
		<SimpleData name="sl__no_">139</SimpleData>
		<SimpleData name="latitude">13.0494</SimpleData>
		<SimpleData name="longitude">80.2487</SimpleData>
	</SchemaData></ExtendedData>
      <Point><coordinates>80.2487197154372,13.0494332474198,0</coordinates></Point>
  </Placemark>
  <Placemark>
	<ExtendedData><SchemaData schemaUrl="#chennaidss_gis_flood_hotspots_gcc_flood_hotspots_2015">
		<SimpleData name="id">141</SimpleData>
		<SimpleData name="location">Conron Smith Road</SimpleData>
		<SimpleData name="inundation_level">Low Vulnerability less than 2 feet</SimpleData>
		<SimpleData name="vulnerability">Low Vulnerability</SimpleData>
		<SimpleData name="inundation_ft">&lt;2ft</SimpleData>
		<SimpleData name="lvul_less2">Yes</SimpleData>
		<SimpleData name="zone">9</SimpleData>
		<SimpleData name="ward">111</SimpleData>
		<SimpleData name="sl__no_">113</SimpleData>
		<SimpleData name="latitude">13.052</SimpleData>
		<SimpleData name="longitude">80.2577</SimpleData>
	</SchemaData></ExtendedData>
      <Point><coordinates>80.2576823919903,13.0520149874821,0</coordinates></Point>
  </Placemark>
  <Placemark>
	<ExtendedData><SchemaData schemaUrl="#chennaidss_gis_flood_hotspots_gcc_flood_hotspots_2015">
		<SimpleData name="id">142</SimpleData>
		<SimpleData name="location">School Road</SimpleData>
		<SimpleData name="inundation_level">Low Vulnerability less than 2 feet</SimpleData>
		<SimpleData name="vulnerability">Low Vulnerability</SimpleData>
		<SimpleData name="inundation_ft">&lt;2ft</SimpleData>
		<SimpleData name="lvul_less2">Yes</SimpleData>
		<SimpleData name="zone">9</SimpleData>
		<SimpleData name="ward">110</SimpleData>
		<SimpleData name="sl__no_">109</SimpleData>
		<SimpleData name="latitude">13.0568</SimpleData>
		<SimpleData name="longitude">80.2401</SimpleData>
	</SchemaData></ExtendedData>
      <Point><coordinates>80.2401172145156,13.0568485316379,0</coordinates></Point>
  </Placemark>
  <Placemark>
	<ExtendedData><SchemaData schemaUrl="#chennaidss_gis_flood_hotspots_gcc_flood_hotspots_2015">
		<SimpleData name="id">143</SimpleData>
		<SimpleData name="location">Sivan koil street</SimpleData>
		<SimpleData name="inundation_level">Low Vulnerability less than 2 feet</SimpleData>
		<SimpleData name="vulnerability">Low Vulnerability</SimpleData>
		<SimpleData name="inundation_ft">&lt;2ft</SimpleData>
		<SimpleData name="lvul_less2">Yes</SimpleData>
		<SimpleData name="zone">9</SimpleData>
		<SimpleData name="ward">112</SimpleData>
		<SimpleData name="sl__no_">119</SimpleData>
		<SimpleData name="latitude">13.0554</SimpleData>
		<SimpleData name="longitude">80.2209</SimpleData>
	</SchemaData></ExtendedData>
      <Point><coordinates>80.2209137743239,13.055371517157,0</coordinates></Point>
  </Placemark>
  <Placemark>
	<ExtendedData><SchemaData schemaUrl="#chennaidss_gis_flood_hotspots_gcc_flood_hotspots_2015">
		<SimpleData name="id">144</SimpleData>
		<SimpleData name="location">Vanniyar 2nd  Street</SimpleData>
		<SimpleData name="inundation_level">Low Vulnerability less than 2 feet</SimpleData>
		<SimpleData name="vulnerability">Low Vulnerability</SimpleData>
		<SimpleData name="inundation_ft">&lt;2ft</SimpleData>
		<SimpleData name="lvul_less2">Yes</SimpleData>
		<SimpleData name="zone">9</SimpleData>
		<SimpleData name="ward">109</SimpleData>
		<SimpleData name="sl__no_">107</SimpleData>
		<SimpleData name="latitude">13.0595</SimpleData>
		<SimpleData name="longitude">80.2252</SimpleData>
	</SchemaData></ExtendedData>
      <Point><coordinates>80.2251520968182,13.059516595827,0</coordinates></Point>
  </Placemark>
  <Placemark>
	<ExtendedData><SchemaData schemaUrl="#chennaidss_gis_flood_hotspots_gcc_flood_hotspots_2015">
		<SimpleData name="id">145</SimpleData>
		<SimpleData name="location">Sydoji Street</SimpleData>
		<SimpleData name="inundation_level">Low Vulnerability less than 2 feet</SimpleData>
		<SimpleData name="vulnerability">Low Vulnerability</SimpleData>
		<SimpleData name="inundation_ft">&lt;2ft</SimpleData>
		<SimpleData name="lvul_less2">Yes</SimpleData>
		<SimpleData name="zone">9</SimpleData>
		<SimpleData name="ward">114</SimpleData>
		<SimpleData name="sl__no_">128</SimpleData>
		<SimpleData name="latitude">13.0598</SimpleData>
		<SimpleData name="longitude">80.2766</SimpleData>
	</SchemaData></ExtendedData>
      <Point><coordinates>80.2765932994085,13.0597590393495,0</coordinates></Point>
  </Placemark>
  <Placemark>
	<ExtendedData><SchemaData schemaUrl="#chennaidss_gis_flood_hotspots_gcc_flood_hotspots_2015">
		<SimpleData name="id">146</SimpleData>
		<SimpleData name="location">Dr. Natesan Road</SimpleData>
		<SimpleData name="inundation_level">Low Vulnerability less than 2 feet</SimpleData>
		<SimpleData name="vulnerability">Low Vulnerability</SimpleData>
		<SimpleData name="inundation_ft">&lt;2ft</SimpleData>
		<SimpleData name="lvul_less2">Yes</SimpleData>
		<SimpleData name="zone">9</SimpleData>
		<SimpleData name="ward">120</SimpleData>
		<SimpleData name="sl__no_">145</SimpleData>
		<SimpleData name="latitude">13.0498</SimpleData>
		<SimpleData name="longitude">80.2743</SimpleData>
	</SchemaData></ExtendedData>
      <Point><coordinates>80.2743447676572,13.0497631488834,0</coordinates></Point>
  </Placemark>
  <Placemark>
	<ExtendedData><SchemaData schemaUrl="#chennaidss_gis_flood_hotspots_gcc_flood_hotspots_2015">
		<SimpleData name="id">147</SimpleData>
		<SimpleData name="location">Dr. Besant Road</SimpleData>
		<SimpleData name="inundation_level">Low Vulnerability less than 2 feet</SimpleData>
		<SimpleData name="vulnerability">Low Vulnerability</SimpleData>
		<SimpleData name="inundation_ft">&lt;2ft</SimpleData>
		<SimpleData name="lvul_less2">Yes</SimpleData>
		<SimpleData name="zone">9</SimpleData>
		<SimpleData name="ward">116</SimpleData>
		<SimpleData name="sl__no_">132</SimpleData>
		<SimpleData name="latitude">13.0521</SimpleData>
		<SimpleData name="longitude">80.2757</SimpleData>
	</SchemaData></ExtendedData>
      <Point><coordinates>80.275667881877,13.0521235625307,0</coordinates></Point>
  </Placemark>
  <Placemark>
	<ExtendedData><SchemaData schemaUrl="#chennaidss_gis_flood_hotspots_gcc_flood_hotspots_2015">
		<SimpleData name="id">148</SimpleData>
		<SimpleData name="location">Dr. Besant Road</SimpleData>
		<SimpleData name="inundation_level">Low Vulnerability less than 2 feet</SimpleData>
		<SimpleData name="vulnerability">Low Vulnerability</SimpleData>
		<SimpleData name="inundation_ft">&lt;2ft</SimpleData>
		<SimpleData name="lvul_less2">Yes</SimpleData>
		<SimpleData name="zone">9</SimpleData>
		<SimpleData name="ward">115</SimpleData>
		<SimpleData name="sl__no_">131</SimpleData>
		<SimpleData name="latitude">13.0532</SimpleData>
		<SimpleData name="longitude">80.2715</SimpleData>
	</SchemaData></ExtendedData>
      <Point><coordinates>80.2715417236522,13.0531732018796,0</coordinates></Point>
  </Placemark>
  <Placemark>
	<ExtendedData><SchemaData schemaUrl="#chennaidss_gis_flood_hotspots_gcc_flood_hotspots_2015">
		<SimpleData name="id">149</SimpleData>
		<SimpleData name="location">Dismantling and Reconstruction of existing SWD along Villivakkam Sidco Nagar 2nd main road I main road to Burial Ground Compound Wall</SimpleData>
		<SimpleData name="inundation_level">High Vulnerability 3 to 5 Feet</SimpleData>
		<SimpleData name="vulnerability">High Vulnerability</SimpleData>
		<SimpleData name="inundation_ft">3 to 5 ft</SimpleData>
		<SimpleData name="vhvul_ab5f">-</SimpleData>
		<SimpleData name="hvul_3to5f">Yes</SimpleData>
		<SimpleData name="lvul_less2">-</SimpleData>
		<SimpleData name="zone">8</SimpleData>
		<SimpleData name="ward">94</SimpleData>
		<SimpleData name="sl__no_">98</SimpleData>
		<SimpleData name="latitude">13.1061</SimpleData>
		<SimpleData name="longitude">80.1992</SimpleData>
	</SchemaData></ExtendedData>
      <Point><coordinates>80.1992448883697,13.106111119106,0</coordinates></Point>
  </Placemark>
  <Placemark>
	<ExtendedData><SchemaData schemaUrl="#chennaidss_gis_flood_hotspots_gcc_flood_hotspots_2015">
		<SimpleData name="id">150</SimpleData>
		<SimpleData name="location">Thideer  Nagar</SimpleData>
		<SimpleData name="inundation_level">Very High Vulnerability Above 5 Feet</SimpleData>
		<SimpleData name="vulnerability">Very High Vulnerability</SimpleData>
		<SimpleData name="inundation_ft">&gt;5ft</SimpleData>
		<SimpleData name="vhvul_ab5f">Yes</SimpleData>
		<SimpleData name="zone">9</SimpleData>
		<SimpleData name="ward">111</SimpleData>
		<SimpleData name="sl__no_">112</SimpleData>
		<SimpleData name="latitude">13.0633</SimpleData>
		<SimpleData name="longitude">80.2549</SimpleData>
	</SchemaData></ExtendedData>
      <Point><coordinates>80.2548625299605,13.0632803688288,0</coordinates></Point>
  </Placemark>
  <Placemark>
	<ExtendedData><SchemaData schemaUrl="#chennaidss_gis_flood_hotspots_gcc_flood_hotspots_2015">
		<SimpleData name="id">151</SimpleData>
		<SimpleData name="location">2nd Avenue, Anna Nagar (Roundana)</SimpleData>
		<SimpleData name="inundation_level">Low Vulnerability less than 2 feet</SimpleData>
		<SimpleData name="vulnerability">Low Vulnerability</SimpleData>
		<SimpleData name="inundation_ft">&lt;2ft</SimpleData>
		<SimpleData name="lvul_less2">Yes</SimpleData>
		<SimpleData name="zone">8</SimpleData>
		<SimpleData name="ward">101</SimpleData>
		<SimpleData name="sl__no_">104</SimpleData>
		<SimpleData name="latitude">13.0846</SimpleData>
		<SimpleData name="longitude">80.2211</SimpleData>
	</SchemaData></ExtendedData>
      <Point><coordinates>80.2211434611213,13.0845946035799,0</coordinates></Point>
  </Placemark>
  <Placemark>
	<ExtendedData><SchemaData schemaUrl="#chennaidss_gis_flood_hotspots_gcc_flood_hotspots_2015">
		<SimpleData name="id">152</SimpleData>
		<SimpleData name="location">Trustpuram 1st cross street</SimpleData>
		<SimpleData name="inundation_level">Low Vulnerability less than 2 feet</SimpleData>
		<SimpleData name="vulnerability">Low Vulnerability</SimpleData>
		<SimpleData name="inundation_ft">&lt;2ft</SimpleData>
		<SimpleData name="lvul_less2">Yes</SimpleData>
		<SimpleData name="zone">9</SimpleData>
		<SimpleData name="ward">112</SimpleData>
		<SimpleData name="sl__no_">117</SimpleData>
		<SimpleData name="latitude">13.0541</SimpleData>
		<SimpleData name="longitude">80.2241</SimpleData>
	</SchemaData></ExtendedData>
      <Point><coordinates>80.224121559433,13.0541175713035,0</coordinates></Point>
  </Placemark>
  <Placemark>
	<ExtendedData><SchemaData schemaUrl="#chennaidss_gis_flood_hotspots_gcc_flood_hotspots_2015">
		<SimpleData name="id">153</SimpleData>
		<SimpleData name="location">Thirumalai pillai Street</SimpleData>
		<SimpleData name="inundation_level">Low Vulnerability less than 2 feet</SimpleData>
		<SimpleData name="vulnerability">Low Vulnerability</SimpleData>
		<SimpleData name="inundation_ft">&lt;2ft</SimpleData>
		<SimpleData name="lvul_less2">Yes</SimpleData>
		<SimpleData name="zone">9</SimpleData>
		<SimpleData name="ward">117</SimpleData>
		<SimpleData name="sl__no_">136</SimpleData>
		<SimpleData name="latitude">13.0489</SimpleData>
		<SimpleData name="longitude">80.2402</SimpleData>
	</SchemaData></ExtendedData>
      <Point><coordinates>80.240191181575,13.0489005855227,0</coordinates></Point>
  </Placemark>
  <Placemark>
	<ExtendedData><SchemaData schemaUrl="#chennaidss_gis_flood_hotspots_gcc_flood_hotspots_2015">
		<SimpleData name="id">154</SimpleData>
		<SimpleData name="location">C.N.K. Road</SimpleData>
		<SimpleData name="inundation_level">Low Vulnerability less than 2 feet</SimpleData>
		<SimpleData name="vulnerability">Low Vulnerability</SimpleData>
		<SimpleData name="inundation_ft">&lt;2ft</SimpleData>
		<SimpleData name="lvul_less2">Yes</SimpleData>
		<SimpleData name="zone">9</SimpleData>
		<SimpleData name="ward">114</SimpleData>
		<SimpleData name="sl__no_">127</SimpleData>
		<SimpleData name="latitude">13.0637</SimpleData>
		<SimpleData name="longitude">80.2769</SimpleData>
	</SchemaData></ExtendedData>
      <Point><coordinates>80.2768980959566,13.0636727093975,0</coordinates></Point>
  </Placemark>
  <Placemark>
	<ExtendedData><SchemaData schemaUrl="#chennaidss_gis_flood_hotspots_gcc_flood_hotspots_2015">
		<SimpleData name="id">155</SimpleData>
		<SimpleData name="location">V.V.Koil Street</SimpleData>
		<SimpleData name="inundation_level">Low Vulnerability less than 2 feet</SimpleData>
		<SimpleData name="vulnerability">Low Vulnerability</SimpleData>
		<SimpleData name="inundation_ft">&lt;2ft</SimpleData>
		<SimpleData name="vhvul_ab5f">Nil</SimpleData>
		<SimpleData name="hvul_3to5f">Nil</SimpleData>
		<SimpleData name="lvul_less2">Yes</SimpleData>
		<SimpleData name="zone">6</SimpleData>
		<SimpleData name="ward">78</SimpleData>
		<SimpleData name="sl__no_">90</SimpleData>
		<SimpleData name="latitude">13.0915</SimpleData>
		<SimpleData name="longitude">80.2648</SimpleData>
	</SchemaData></ExtendedData>
      <Point><coordinates>80.2647902800777,13.0914718457341,0</coordinates></Point>
  </Placemark>
  <Placemark>
	<ExtendedData><SchemaData schemaUrl="#chennaidss_gis_flood_hotspots_gcc_flood_hotspots_2015">
		<SimpleData name="id">156</SimpleData>
		<SimpleData name="location">Gill Nagar 1nd street</SimpleData>
		<SimpleData name="inundation_level">Low Vulnerability less than 2 feet</SimpleData>
		<SimpleData name="vulnerability">Low Vulnerability</SimpleData>
		<SimpleData name="inundation_ft">&lt;2ft</SimpleData>
		<SimpleData name="lvul_less2">Yes</SimpleData>
		<SimpleData name="zone">9</SimpleData>
		<SimpleData name="ward">109</SimpleData>
		<SimpleData name="sl__no_">108</SimpleData>
		<SimpleData name="latitude">13.0656</SimpleData>
		<SimpleData name="longitude">80.224</SimpleData>
	</SchemaData></ExtendedData>
      <Point><coordinates>80.2239644125537,13.0655631587541,0</coordinates></Point>
  </Placemark>
  <Placemark>
	<ExtendedData><SchemaData schemaUrl="#chennaidss_gis_flood_hotspots_gcc_flood_hotspots_2015">
		<SimpleData name="id">157</SimpleData>
		<SimpleData name="location">Sowrastra nagar 5th street</SimpleData>
		<SimpleData name="inundation_level">Low Vulnerability less than 2 feet</SimpleData>
		<SimpleData name="vulnerability">Low Vulnerability</SimpleData>
		<SimpleData name="inundation_ft">&lt;2ft</SimpleData>
		<SimpleData name="lvul_less2">Yes</SimpleData>
		<SimpleData name="zone">9</SimpleData>
		<SimpleData name="ward">112</SimpleData>
		<SimpleData name="sl__no_">116</SimpleData>
		<SimpleData name="latitude">13.0633</SimpleData>
		<SimpleData name="longitude">80.2315</SimpleData>
	</SchemaData></ExtendedData>
      <Point><coordinates>80.231478775305,13.0632899099557,0</coordinates></Point>
  </Placemark>
  <Placemark>
	<ExtendedData><SchemaData schemaUrl="#chennaidss_gis_flood_hotspots_gcc_flood_hotspots_2015">
		<SimpleData name="id">158</SimpleData>
		<SimpleData name="location">Andiyappan Street</SimpleData>
		<SimpleData name="inundation_level">Low Vulnerability less than 2 feet</SimpleData>
		<SimpleData name="vulnerability">Low Vulnerability</SimpleData>
		<SimpleData name="inundation_ft">&lt;2ft</SimpleData>
		<SimpleData name="vhvul_ab5f">Nil</SimpleData>
		<SimpleData name="hvul_3to5f">Nil</SimpleData>
		<SimpleData name="lvul_less2">Yes</SimpleData>
		<SimpleData name="zone">6</SimpleData>
		<SimpleData name="ward">68</SimpleData>
		<SimpleData name="sl__no_">72</SimpleData>
		<SimpleData name="latitude">13.1158</SimpleData>
		<SimpleData name="longitude">80.2376</SimpleData>
	</SchemaData></ExtendedData>
      <Point><coordinates>80.2375675084003,13.1158145253677,0</coordinates></Point>
  </Placemark>
  <Placemark>
	<ExtendedData><SchemaData schemaUrl="#chennaidss_gis_flood_hotspots_gcc_flood_hotspots_2015">
		<SimpleData name="id">159</SimpleData>
		<SimpleData name="location">Mannarswamy Street</SimpleData>
		<SimpleData name="inundation_level">Low Vulnerability less than 2 feet</SimpleData>
		<SimpleData name="vulnerability">Low Vulnerability</SimpleData>
		<SimpleData name="inundation_ft">&lt;2ft</SimpleData>
		<SimpleData name="vhvul_ab5f">Nil</SimpleData>
		<SimpleData name="hvul_3to5f">Nil</SimpleData>
		<SimpleData name="lvul_less2">Yes</SimpleData>
		<SimpleData name="zone">6</SimpleData>
		<SimpleData name="ward">73</SimpleData>
		<SimpleData name="sl__no_">83</SimpleData>
		<SimpleData name="latitude">13.1012</SimpleData>
		<SimpleData name="longitude">80.2615</SimpleData>
	</SchemaData></ExtendedData>
      <Point><coordinates>80.2614839380633,13.1011542907193,0</coordinates></Point>
  </Placemark>
  <Placemark>
	<ExtendedData><SchemaData schemaUrl="#chennaidss_gis_flood_hotspots_gcc_flood_hotspots_2015">
		<SimpleData name="id">160</SimpleData>
		<SimpleData name="location">Lal Singh Street</SimpleData>
		<SimpleData name="inundation_level">Low Vulnerability less than 2 feet</SimpleData>
		<SimpleData name="vulnerability">Low Vulnerability</SimpleData>
		<SimpleData name="inundation_ft">&lt;2ft</SimpleData>
		<SimpleData name="vhvul_ab5f">Nil</SimpleData>
		<SimpleData name="hvul_3to5f">Nil</SimpleData>
		<SimpleData name="lvul_less2">Yes</SimpleData>
		<SimpleData name="zone">6</SimpleData>
		<SimpleData name="ward">73</SimpleData>
		<SimpleData name="sl__no_">82</SimpleData>
		<SimpleData name="latitude">13.0999</SimpleData>
		<SimpleData name="longitude">80.2648</SimpleData>
	</SchemaData></ExtendedData>
      <Point><coordinates>80.2647632252519,13.0998938105318,0</coordinates></Point>
  </Placemark>
  <Placemark>
	<ExtendedData><SchemaData schemaUrl="#chennaidss_gis_flood_hotspots_gcc_flood_hotspots_2015">
		<SimpleData name="id">162</SimpleData>
		<SimpleData name="location">Dismantling and reconstruction of RCC TVS Canal along Annai Sathya Nagar from Wheels India Culvert to Padi Bridge Culvert</SimpleData>
		<SimpleData name="inundation_level">Very High Vulnerability Above 5 Feet</SimpleData>
		<SimpleData name="vulnerability">Very High Vulnerability</SimpleData>
		<SimpleData name="inundation_ft">&gt;5ft</SimpleData>
		<SimpleData name="vhvul_ab5f">Yes</SimpleData>
		<SimpleData name="hvul_3to5f">-</SimpleData>
		<SimpleData name="lvul_less2">-</SimpleData>
		<SimpleData name="zone">8</SimpleData>
		<SimpleData name="ward">94</SimpleData>
		<SimpleData name="sl__no_">97</SimpleData>
		<SimpleData name="latitude">13.1037</SimpleData>
		<SimpleData name="longitude">80.1963</SimpleData>
	</SchemaData></ExtendedData>
      <Point><coordinates>80.1962548437479,13.1036624601015,0</coordinates></Point>
  </Placemark>
  <Placemark>
	<ExtendedData><SchemaData schemaUrl="#chennaidss_gis_flood_hotspots_gcc_flood_hotspots_2015">
		<SimpleData name="id">163</SimpleData>
		<SimpleData name="location">Dismantling and Reconstruction of existing SWD along Kumarasamy Nagar  ,Agathiyar canal</SimpleData>
		<SimpleData name="inundation_level">Low Vulnerability less than 2 feet</SimpleData>
		<SimpleData name="vulnerability">Low Vulnerability</SimpleData>
		<SimpleData name="inundation_ft">&lt;2ft</SimpleData>
		<SimpleData name="vhvul_ab5f">-</SimpleData>
		<SimpleData name="hvul_3to5f">-</SimpleData>
		<SimpleData name="lvul_less2">yes</SimpleData>
		<SimpleData name="zone">8</SimpleData>
		<SimpleData name="ward">95</SimpleData>
		<SimpleData name="sl__no_">103</SimpleData>
		<SimpleData name="latitude">13.102</SimpleData>
		<SimpleData name="longitude">80.199</SimpleData>
	</SchemaData></ExtendedData>
      <Point><coordinates>80.199021915605,13.102023548152,0</coordinates></Point>
  </Placemark>
  <Placemark>
	<ExtendedData><SchemaData schemaUrl="#chennaidss_gis_flood_hotspots_gcc_flood_hotspots_2015">
		<SimpleData name="id">164</SimpleData>
		<SimpleData name="location">B.V Colony 19 and 20th Street</SimpleData>
		<SimpleData name="inundation_level">Low Vulnerability less than 2 feet</SimpleData>
		<SimpleData name="vulnerability">Low Vulnerability</SimpleData>
		<SimpleData name="inundation_ft">&lt;2ft</SimpleData>
		<SimpleData name="vhvul_ab5f">-</SimpleData>
		<SimpleData name="hvul_3to5f">-</SimpleData>
		<SimpleData name="lvul_less2">Yes</SimpleData>
		<SimpleData name="zone">4</SimpleData>
		<SimpleData name="ward">45</SimpleData>
		<SimpleData name="sl__no_">37</SimpleData>
		<SimpleData name="latitude">13.1147</SimpleData>
		<SimpleData name="longitude">80.2587</SimpleData>
	</SchemaData></ExtendedData>
      <Point><coordinates>80.2586998002718,13.1147287831734,0</coordinates></Point>
  </Placemark>
  <Placemark>
	<ExtendedData><SchemaData schemaUrl="#chennaidss_gis_flood_hotspots_gcc_flood_hotspots_2015">
		<SimpleData name="id">165</SimpleData>
		<SimpleData name="location">Annai Sathya Nagar</SimpleData>
		<SimpleData name="inundation_level">Low Vulnerability less than 2 feet</SimpleData>
		<SimpleData name="vulnerability">Low Vulnerability</SimpleData>
		<SimpleData name="inundation_ft">&lt;2ft</SimpleData>
		<SimpleData name="vhvul_ab5f">-</SimpleData>
		<SimpleData name="hvul_3to5f">-</SimpleData>
		<SimpleData name="lvul_less2">Yes</SimpleData>
		<SimpleData name="zone">4</SimpleData>
		<SimpleData name="ward">45</SimpleData>
		<SimpleData name="sl__no_">38</SimpleData>
		<SimpleData name="latitude">13.1152</SimpleData>
		<SimpleData name="longitude">80.2599</SimpleData>
	</SchemaData></ExtendedData>
      <Point><coordinates>80.2599142820432,13.1152415896036,0</coordinates></Point>
  </Placemark>
  <Placemark>
	<ExtendedData><SchemaData schemaUrl="#chennaidss_gis_flood_hotspots_gcc_flood_hotspots_2015">
		<SimpleData name="id">166</SimpleData>
		<SimpleData name="location">Bharathi Main Road</SimpleData>
		<SimpleData name="inundation_level">Low Vulnerability less than 2 feet</SimpleData>
		<SimpleData name="vulnerability">Low Vulnerability</SimpleData>
		<SimpleData name="inundation_ft">&lt;2ft</SimpleData>
		<SimpleData name="vhvul_ab5f">Nil</SimpleData>
		<SimpleData name="hvul_3to5f">Nil</SimpleData>
		<SimpleData name="lvul_less2">Yes</SimpleData>
		<SimpleData name="zone">6</SimpleData>
		<SimpleData name="ward">70</SimpleData>
		<SimpleData name="sl__no_">76</SimpleData>
		<SimpleData name="latitude">13.1107</SimpleData>
		<SimpleData name="longitude">80.2481</SimpleData>
	</SchemaData></ExtendedData>
      <Point><coordinates>80.248111383164,13.1107232999223,0</coordinates></Point>
  </Placemark>
  <Placemark>
	<ExtendedData><SchemaData schemaUrl="#chennaidss_gis_flood_hotspots_gcc_flood_hotspots_2015">
		<SimpleData name="id">167</SimpleData>
		<SimpleData name="location">Jawahar Nagar</SimpleData>
		<SimpleData name="inundation_level">Low Vulnerability less than 2 feet</SimpleData>
		<SimpleData name="vulnerability">Low Vulnerability</SimpleData>
		<SimpleData name="inundation_ft">&lt;2ft</SimpleData>
		<SimpleData name="vhvul_ab5f">Nil</SimpleData>
		<SimpleData name="hvul_3to5f">Nil</SimpleData>
		<SimpleData name="lvul_less2">Yes</SimpleData>
		<SimpleData name="zone">6</SimpleData>
		<SimpleData name="ward">66</SimpleData>
		<SimpleData name="sl__no_">66</SimpleData>
		<SimpleData name="latitude">13.1142</SimpleData>
		<SimpleData name="longitude">80.2295</SimpleData>
	</SchemaData></ExtendedData>
      <Point><coordinates>80.2294502735737,13.11418699763,0</coordinates></Point>
  </Placemark>
  <Placemark>
	<ExtendedData><SchemaData schemaUrl="#chennaidss_gis_flood_hotspots_gcc_flood_hotspots_2015">
		<SimpleData name="id">168</SimpleData>
		<SimpleData name="location">Carnesh Nagar</SimpleData>
		<SimpleData name="inundation_level">Low Vulnerability less than 2 feet</SimpleData>
		<SimpleData name="vulnerability">Low Vulnerability</SimpleData>
		<SimpleData name="inundation_ft">&lt;2ft</SimpleData>
		<SimpleData name="vhvul_ab5f">-</SimpleData>
		<SimpleData name="hvul_3to5f">-</SimpleData>
		<SimpleData name="lvul_less2">Yes</SimpleData>
		<SimpleData name="zone">4</SimpleData>
		<SimpleData name="ward">41</SimpleData>
		<SimpleData name="sl__no_">33</SimpleData>
		<SimpleData name="latitude">13.1261</SimpleData>
		<SimpleData name="longitude">80.2789</SimpleData>
	</SchemaData></ExtendedData>
      <Point><coordinates>80.2788990144037,13.1260770636875,0</coordinates></Point>
  </Placemark>
  <Placemark>
	<ExtendedData><SchemaData schemaUrl="#chennaidss_gis_flood_hotspots_gcc_flood_hotspots_2015">
		<SimpleData name="id">169</SimpleData>
		<SimpleData name="location">MN Nagar</SimpleData>
		<SimpleData name="inundation_level">Low Vulnerability less than 2 feet</SimpleData>
		<SimpleData name="vulnerability">Low Vulnerability</SimpleData>
		<SimpleData name="inundation_ft">&lt;2ft</SimpleData>
		<SimpleData name="vhvul_ab5f">Nil</SimpleData>
		<SimpleData name="hvul_3to5f">Nil</SimpleData>
		<SimpleData name="lvul_less2">Yes</SimpleData>
		<SimpleData name="zone">6</SimpleData>
		<SimpleData name="ward">64</SimpleData>
		<SimpleData name="sl__no_">62</SimpleData>
		<SimpleData name="latitude">13.125</SimpleData>
		<SimpleData name="longitude">80.2194</SimpleData>
	</SchemaData></ExtendedData>
      <Point><coordinates>80.219435508798,13.1250294936694,0</coordinates></Point>
  </Placemark>
  <Placemark>
	<ExtendedData><SchemaData schemaUrl="#chennaidss_gis_flood_hotspots_gcc_flood_hotspots_2015">
		<SimpleData name="id">170</SimpleData>
		<SimpleData name="location">Gandhi Street</SimpleData>
		<SimpleData name="inundation_level">Low Vulnerability less than 2 feet</SimpleData>
		<SimpleData name="vulnerability">Low Vulnerability</SimpleData>
		<SimpleData name="inundation_ft">&lt;2ft</SimpleData>
		<SimpleData name="vhvul_ab5f">Nil</SimpleData>
		<SimpleData name="hvul_3to5f">Nil</SimpleData>
		<SimpleData name="lvul_less2">Yes</SimpleData>
		<SimpleData name="zone">6</SimpleData>
		<SimpleData name="ward">64</SimpleData>
		<SimpleData name="sl__no_">61</SimpleData>
		<SimpleData name="latitude">13.1202</SimpleData>
		<SimpleData name="longitude">80.209</SimpleData>
	</SchemaData></ExtendedData>
      <Point><coordinates>80.2090234306835,13.1202478494207,0</coordinates></Point>
  </Placemark>
  <Placemark>
	<ExtendedData><SchemaData schemaUrl="#chennaidss_gis_flood_hotspots_gcc_flood_hotspots_2015">
		<SimpleData name="id">171</SimpleData>
		<SimpleData name="location">Dismantling and Reconstruction of RCC Box type storm water drain of size 1200x1200mm along Kamarajar salai from Elaya street to AE koil st</SimpleData>
		<SimpleData name="inundation_level">High Vulnerability 3 to 5 Feet</SimpleData>
		<SimpleData name="vulnerability">High Vulnerability</SimpleData>
		<SimpleData name="inundation_ft">3 to 5 ft</SimpleData>
		<SimpleData name="vhvul_ab5f">-</SimpleData>
		<SimpleData name="hvul_3to5f">Yes</SimpleData>
		<SimpleData name="lvul_less2">-</SimpleData>
		<SimpleData name="zone">4</SimpleData>
		<SimpleData name="ward">40</SimpleData>
		<SimpleData name="sl__no_">32</SimpleData>
		<SimpleData name="latitude">13.1366</SimpleData>
		<SimpleData name="longitude">80.2899</SimpleData>
	</SchemaData></ExtendedData>
      <Point><coordinates>80.28991898109,13.1365932092019,0</coordinates></Point>
  </Placemark>
  <Placemark>
	<ExtendedData><SchemaData schemaUrl="#chennaidss_gis_flood_hotspots_gcc_flood_hotspots_2015">
		<SimpleData name="id">172</SimpleData>
		<SimpleData name="location">Shanthi Street</SimpleData>
		<SimpleData name="inundation_level">Low Vulnerability less than 2 feet</SimpleData>
		<SimpleData name="vulnerability">Low Vulnerability</SimpleData>
		<SimpleData name="inundation_ft">&lt;2ft</SimpleData>
		<SimpleData name="vhvul_ab5f">Nil</SimpleData>
		<SimpleData name="hvul_3to5f">Nil</SimpleData>
		<SimpleData name="lvul_less2">Yes</SimpleData>
		<SimpleData name="zone">6</SimpleData>
		<SimpleData name="ward">66</SimpleData>
		<SimpleData name="sl__no_">68</SimpleData>
		<SimpleData name="latitude">13.1254</SimpleData>
		<SimpleData name="longitude">80.2304</SimpleData>
	</SchemaData></ExtendedData>
      <Point><coordinates>80.230418042364,13.1254440845862,0</coordinates></Point>
  </Placemark>
  <Placemark>
	<ExtendedData><SchemaData schemaUrl="#chennaidss_gis_flood_hotspots_gcc_flood_hotspots_2015">
		<SimpleData name="id">173</SimpleData>
		<SimpleData name="location">Kamaraj Street</SimpleData>
		<SimpleData name="inundation_level">Low Vulnerability less than 2 feet</SimpleData>
		<SimpleData name="vulnerability">Low Vulnerability</SimpleData>
		<SimpleData name="inundation_ft">&lt;2ft</SimpleData>
		<SimpleData name="vhvul_ab5f">Nil</SimpleData>
		<SimpleData name="hvul_3to5f">Nil</SimpleData>
		<SimpleData name="lvul_less2">Yes</SimpleData>
		<SimpleData name="zone">6</SimpleData>
		<SimpleData name="ward">66</SimpleData>
		<SimpleData name="sl__no_">67</SimpleData>
		<SimpleData name="latitude">13.1217</SimpleData>
		<SimpleData name="longitude">80.2319</SimpleData>
	</SchemaData></ExtendedData>
      <Point><coordinates>80.2319229184608,13.1216846173518,0</coordinates></Point>
  </Placemark>
  <Placemark>
	<ExtendedData><SchemaData schemaUrl="#chennaidss_gis_flood_hotspots_gcc_flood_hotspots_2015">
		<SimpleData name="id">174</SimpleData>
		<SimpleData name="location">Maduraiswamy Madam</SimpleData>
		<SimpleData name="inundation_level">Low Vulnerability less than 2 feet</SimpleData>
		<SimpleData name="vulnerability">Low Vulnerability</SimpleData>
		<SimpleData name="inundation_ft">&lt;2ft</SimpleData>
		<SimpleData name="vhvul_ab5f">Nil</SimpleData>
		<SimpleData name="hvul_3to5f">Nil</SimpleData>
		<SimpleData name="lvul_less2">Yes</SimpleData>
		<SimpleData name="zone">6</SimpleData>
		<SimpleData name="ward">68</SimpleData>
		<SimpleData name="sl__no_">74</SimpleData>
		<SimpleData name="latitude">13.118</SimpleData>
		<SimpleData name="longitude">80.2384</SimpleData>
	</SchemaData></ExtendedData>
      <Point><coordinates>80.2383935156281,13.1180054276311,0</coordinates></Point>
  </Placemark>
  <Placemark>
	<ExtendedData><SchemaData schemaUrl="#chennaidss_gis_flood_hotspots_gcc_flood_hotspots_2015">
		<SimpleData name="id">175</SimpleData>
		<SimpleData name="location">Poombugar Nagar 2nd Main Road</SimpleData>
		<SimpleData name="inundation_level">Low Vulnerability less than 2 feet</SimpleData>
		<SimpleData name="vulnerability">Low Vulnerability</SimpleData>
		<SimpleData name="inundation_ft">&lt;2ft</SimpleData>
		<SimpleData name="vhvul_ab5f">Nil</SimpleData>
		<SimpleData name="hvul_3to5f">Nil</SimpleData>
		<SimpleData name="lvul_less2">Yes</SimpleData>
		<SimpleData name="zone">6</SimpleData>
		<SimpleData name="ward">64</SimpleData>
		<SimpleData name="sl__no_">56</SimpleData>
		<SimpleData name="latitude">13.1204</SimpleData>
		<SimpleData name="longitude">80.2149</SimpleData>
	</SchemaData></ExtendedData>
      <Point><coordinates>80.214892053255,13.1204316486567,0</coordinates></Point>
  </Placemark>
  <Placemark>
	<ExtendedData><SchemaData schemaUrl="#chennaidss_gis_flood_hotspots_gcc_flood_hotspots_2015">
		<SimpleData name="id">176</SimpleData>
		<SimpleData name="location">Poombugar Nagar 11th Cross Street</SimpleData>
		<SimpleData name="inundation_level">Low Vulnerability less than 2 feet</SimpleData>
		<SimpleData name="vulnerability">Low Vulnerability</SimpleData>
		<SimpleData name="inundation_ft">&lt;2ft</SimpleData>
		<SimpleData name="vhvul_ab5f">Nil</SimpleData>
		<SimpleData name="hvul_3to5f">Nil</SimpleData>
		<SimpleData name="lvul_less2">Yes</SimpleData>
		<SimpleData name="zone">6</SimpleData>
		<SimpleData name="ward">64</SimpleData>
		<SimpleData name="sl__no_">60</SimpleData>
		<SimpleData name="latitude">13.1206</SimpleData>
		<SimpleData name="longitude">80.2161</SimpleData>
	</SchemaData></ExtendedData>
      <Point><coordinates>80.2160704190535,13.1205862499399,0</coordinates></Point>
  </Placemark>
  <Placemark>
	<ExtendedData><SchemaData schemaUrl="#chennaidss_gis_flood_hotspots_gcc_flood_hotspots_2015">
		<SimpleData name="id">177</SimpleData>
		<SimpleData name="location">Poombugar Nagar 1st Main Road</SimpleData>
		<SimpleData name="inundation_level">Low Vulnerability less than 2 feet</SimpleData>
		<SimpleData name="vulnerability">Low Vulnerability</SimpleData>
		<SimpleData name="inundation_ft">&lt;2ft</SimpleData>
		<SimpleData name="vhvul_ab5f">Nil</SimpleData>
		<SimpleData name="hvul_3to5f">Nil</SimpleData>
		<SimpleData name="lvul_less2">Yes</SimpleData>
		<SimpleData name="zone">6</SimpleData>
		<SimpleData name="ward">64</SimpleData>
		<SimpleData name="sl__no_">55</SimpleData>
		<SimpleData name="latitude">13.1201</SimpleData>
		<SimpleData name="longitude">80.2121</SimpleData>
	</SchemaData></ExtendedData>
      <Point><coordinates>80.2121033685482,13.1201127673288,0</coordinates></Point>
  </Placemark>
  <Placemark>
	<ExtendedData><SchemaData schemaUrl="#chennaidss_gis_flood_hotspots_gcc_flood_hotspots_2015">
		<SimpleData name="id">178</SimpleData>
		<SimpleData name="location">Dr. Ambedkar College Road</SimpleData>
		<SimpleData name="inundation_level">Low Vulnerability less than 2 feet</SimpleData>
		<SimpleData name="vulnerability">Low Vulnerability</SimpleData>
		<SimpleData name="inundation_ft">&lt;2ft</SimpleData>
		<SimpleData name="vhvul_ab5f">Nil</SimpleData>
		<SimpleData name="hvul_3to5f">Nil</SimpleData>
		<SimpleData name="lvul_less2">Yes</SimpleData>
		<SimpleData name="zone">6</SimpleData>
		<SimpleData name="ward">72</SimpleData>
		<SimpleData name="sl__no_">80</SimpleData>
		<SimpleData name="latitude">13.1051</SimpleData>
		<SimpleData name="longitude">80.2604</SimpleData>
	</SchemaData></ExtendedData>
      <Point><coordinates>80.2604362114772,13.1050767223064,0</coordinates></Point>
  </Placemark>
  <Placemark>
	<ExtendedData><SchemaData schemaUrl="#chennaidss_gis_flood_hotspots_gcc_flood_hotspots_2015">
		<SimpleData name="id">179</SimpleData>
		<SimpleData name="location">Ragavan Street</SimpleData>
		<SimpleData name="inundation_level">Low Vulnerability less than 2 feet</SimpleData>
		<SimpleData name="vulnerability">Low Vulnerability</SimpleData>
		<SimpleData name="inundation_ft">&lt;2ft</SimpleData>
		<SimpleData name="vhvul_ab5f">Nil</SimpleData>
		<SimpleData name="hvul_3to5f">Nil</SimpleData>
		<SimpleData name="lvul_less2">Yes</SimpleData>
		<SimpleData name="zone">6</SimpleData>
		<SimpleData name="ward">66</SimpleData>
		<SimpleData name="sl__no_">69</SimpleData>
		<SimpleData name="latitude">13.125</SimpleData>
		<SimpleData name="longitude">80.2304</SimpleData>
	</SchemaData></ExtendedData>
      <Point><coordinates>80.2303586505798,13.1250374909617,0</coordinates></Point>
  </Placemark>
  <Placemark>
	<ExtendedData><SchemaData schemaUrl="#chennaidss_gis_flood_hotspots_gcc_flood_hotspots_2015">
		<SimpleData name="id">180</SimpleData>
		<SimpleData name="location">Gandhimathi Street</SimpleData>
		<SimpleData name="inundation_level">Low Vulnerability less than 2 feet</SimpleData>
		<SimpleData name="vulnerability">Low Vulnerability</SimpleData>
		<SimpleData name="inundation_ft">&lt;2ft</SimpleData>
		<SimpleData name="vhvul_ab5f">Nil</SimpleData>
		<SimpleData name="hvul_3to5f">Nil</SimpleData>
		<SimpleData name="lvul_less2">Yes</SimpleData>
		<SimpleData name="zone">6</SimpleData>
		<SimpleData name="ward">66</SimpleData>
		<SimpleData name="sl__no_">65</SimpleData>
		<SimpleData name="latitude">13.1255</SimpleData>
		<SimpleData name="longitude">80.2314</SimpleData>
	</SchemaData></ExtendedData>
      <Point><coordinates>80.2314188399508,13.1254885247419,0</coordinates></Point>
  </Placemark>
  <Placemark>
	<ExtendedData><SchemaData schemaUrl="#chennaidss_gis_flood_hotspots_gcc_flood_hotspots_2015">
		<SimpleData name="id">181</SimpleData>
		<SimpleData name="location">Rangasiyee Street</SimpleData>
		<SimpleData name="inundation_level">Low Vulnerability less than 2 feet</SimpleData>
		<SimpleData name="vulnerability">Low Vulnerability</SimpleData>
		<SimpleData name="inundation_ft">&lt;2ft</SimpleData>
		<SimpleData name="vhvul_ab5f">Nil</SimpleData>
		<SimpleData name="hvul_3to5f">Nil</SimpleData>
		<SimpleData name="lvul_less2">Yes</SimpleData>
		<SimpleData name="zone">6</SimpleData>
		<SimpleData name="ward">67</SimpleData>
		<SimpleData name="sl__no_">70</SimpleData>
		<SimpleData name="latitude">13.1088</SimpleData>
		<SimpleData name="longitude">80.2356</SimpleData>
	</SchemaData></ExtendedData>
      <Point><coordinates>80.2355702666054,13.1088121382395,0</coordinates></Point>
  </Placemark>
  <Placemark>
	<ExtendedData><SchemaData schemaUrl="#chennaidss_gis_flood_hotspots_gcc_flood_hotspots_2015">
		<SimpleData name="id">182</SimpleData>
		<SimpleData name="location">Anjugam Nagar 4th Street</SimpleData>
		<SimpleData name="inundation_level">Low Vulnerability less than 2 feet</SimpleData>
		<SimpleData name="vulnerability">Low Vulnerability</SimpleData>
		<SimpleData name="inundation_ft">&lt;2ft</SimpleData>
		<SimpleData name="vhvul_ab5f">Nil</SimpleData>
		<SimpleData name="hvul_3to5f">Nil</SimpleData>
		<SimpleData name="lvul_less2">Yes</SimpleData>
		<SimpleData name="zone">6</SimpleData>
		<SimpleData name="ward">64</SimpleData>
		<SimpleData name="sl__no_">59</SimpleData>
		<SimpleData name="latitude">13.1222</SimpleData>
		<SimpleData name="longitude">80.2218</SimpleData>
	</SchemaData></ExtendedData>
      <Point><coordinates>80.2217834050223,13.1222032931375,0</coordinates></Point>
  </Placemark>
  <Placemark>
	<ExtendedData><SchemaData schemaUrl="#chennaidss_gis_flood_hotspots_gcc_flood_hotspots_2015">
		<SimpleData name="id">183</SimpleData>
		<SimpleData name="location">Teachers Colonly</SimpleData>
		<SimpleData name="inundation_level">Low Vulnerability less than 2 feet</SimpleData>
		<SimpleData name="vulnerability">Low Vulnerability</SimpleData>
		<SimpleData name="inundation_ft">&lt;2ft</SimpleData>
		<SimpleData name="vhvul_ab5f">Nil</SimpleData>
		<SimpleData name="hvul_3to5f">Nil</SimpleData>
		<SimpleData name="lvul_less2">Yes</SimpleData>
		<SimpleData name="zone">6</SimpleData>
		<SimpleData name="ward">65</SimpleData>
		<SimpleData name="sl__no_">64</SimpleData>
		<SimpleData name="latitude">13.1298</SimpleData>
		<SimpleData name="longitude">80.2184</SimpleData>
	</SchemaData></ExtendedData>
      <Point><coordinates>80.2183901897542,13.1297891181193,0</coordinates></Point>
  </Placemark>
  <Placemark>
	<ExtendedData><SchemaData schemaUrl="#chennaidss_gis_flood_hotspots_gcc_flood_hotspots_2015">
		<SimpleData name="id">184</SimpleData>
		<SimpleData name="location">Hussain Colony 4th Street</SimpleData>
		<SimpleData name="inundation_level">Low Vulnerability less than 2 feet</SimpleData>
		<SimpleData name="vulnerability">Low Vulnerability</SimpleData>
		<SimpleData name="inundation_ft">&lt;2ft</SimpleData>
		<SimpleData name="vhvul_ab5f">Nil</SimpleData>
		<SimpleData name="hvul_3to5f">Nil</SimpleData>
		<SimpleData name="lvul_less2">Yes</SimpleData>
		<SimpleData name="zone">6</SimpleData>
		<SimpleData name="ward">65</SimpleData>
		<SimpleData name="sl__no_">63</SimpleData>
		<SimpleData name="latitude">13.1254</SimpleData>
		<SimpleData name="longitude">80.2022</SimpleData>
	</SchemaData></ExtendedData>
      <Point><coordinates>80.2022199243654,13.1254157812684,0</coordinates></Point>
  </Placemark>
  <Placemark>
	<ExtendedData><SchemaData schemaUrl="#chennaidss_gis_flood_hotspots_gcc_flood_hotspots_2015">
		<SimpleData name="id">185</SimpleData>
		<SimpleData name="location">Kaliamman Koil Street (infront of police station)</SimpleData>
		<SimpleData name="inundation_level">High Vulnerability 3 to 5 Feet</SimpleData>
		<SimpleData name="vulnerability">High Vulnerability</SimpleData>
		<SimpleData name="inundation_ft">3 to 5 ft</SimpleData>
		<SimpleData name="vhvul_ab5f">No</SimpleData>
		<SimpleData name="hvul_3to5f">Yes</SimpleData>
		<SimpleData name="lvul_less2">No</SimpleData>
		<SimpleData name="zone">10</SimpleData>
		<SimpleData name="ward">127</SimpleData>
		<SimpleData name="sl__no_">174</SimpleData>
		<SimpleData name="latitude">13.0632</SimpleData>
		<SimpleData name="longitude">80.1975</SimpleData>
	</SchemaData></ExtendedData>
      <Point><coordinates>80.1975376001028,13.0631850598621,0</coordinates></Point>
  </Placemark>
  <Placemark>
	<ExtendedData><SchemaData schemaUrl="#chennaidss_gis_flood_hotspots_gcc_flood_hotspots_2015">
		<SimpleData name="id">186</SimpleData>
		<SimpleData name="location">Dr. Radha Krishnan Salai (infornt of Reliance Building)</SimpleData>
		<SimpleData name="inundation_level">Low Vulnerability less than 2 feet</SimpleData>
		<SimpleData name="vulnerability">Low Vulnerability</SimpleData>
		<SimpleData name="inundation_ft">&lt;2ft</SimpleData>
		<SimpleData name="lvul_less2">Yes</SimpleData>
		<SimpleData name="zone">9</SimpleData>
		<SimpleData name="ward">121</SimpleData>
		<SimpleData name="sl__no_">148</SimpleData>
		<SimpleData name="latitude">13.0443</SimpleData>
		<SimpleData name="longitude">80.2688</SimpleData>
	</SchemaData></ExtendedData>
      <Point><coordinates>80.2688391556216,13.0442740832774,0</coordinates></Point>
  </Placemark>
  <Placemark>
	<ExtendedData><SchemaData schemaUrl="#chennaidss_gis_flood_hotspots_gcc_flood_hotspots_2015">
		<SimpleData name="id">187</SimpleData>
		<SimpleData name="location">Royapettah High Road</SimpleData>
		<SimpleData name="inundation_level">Low Vulnerability less than 2 feet</SimpleData>
		<SimpleData name="vulnerability">Low Vulnerability</SimpleData>
		<SimpleData name="inundation_ft">&lt;2ft</SimpleData>
		<SimpleData name="lvul_less2">Yes</SimpleData>
		<SimpleData name="zone">9</SimpleData>
		<SimpleData name="ward">119</SimpleData>
		<SimpleData name="sl__no_">143</SimpleData>
		<SimpleData name="latitude">13.0382</SimpleData>
		<SimpleData name="longitude">80.2676</SimpleData>
	</SchemaData></ExtendedData>
      <Point><coordinates>80.2676437580071,13.038234906864,0</coordinates></Point>
  </Placemark>
  <Placemark>
	<ExtendedData><SchemaData schemaUrl="#chennaidss_gis_flood_hotspots_gcc_flood_hotspots_2015">
		<SimpleData name="id">188</SimpleData>
		<SimpleData name="location">G.N.C.Road</SimpleData>
		<SimpleData name="inundation_level">Very High Vulnerability Above 5 Feet</SimpleData>
		<SimpleData name="vulnerability">Very High Vulnerability</SimpleData>
		<SimpleData name="inundation_ft">&gt;5ft</SimpleData>
		<SimpleData name="vhvul_ab5f">Yes</SimpleData>
		<SimpleData name="zone">9</SimpleData>
		<SimpleData name="ward">117</SimpleData>
		<SimpleData name="sl__no_">134</SimpleData>
		<SimpleData name="latitude">13.0485</SimpleData>
		<SimpleData name="longitude">80.2458</SimpleData>
	</SchemaData></ExtendedData>
      <Point><coordinates>80.245842854571,13.0485086262691,0</coordinates></Point>
  </Placemark>
  <Placemark>
	<ExtendedData><SchemaData schemaUrl="#chennaidss_gis_flood_hotspots_gcc_flood_hotspots_2015">
		<SimpleData name="id">189</SimpleData>
		<SimpleData name="location">Kodambakkam High road</SimpleData>
		<SimpleData name="inundation_level">Low Vulnerability less than 2 feet</SimpleData>
		<SimpleData name="vulnerability">Low Vulnerability</SimpleData>
		<SimpleData name="inundation_ft">&lt;2ft</SimpleData>
		<SimpleData name="lvul_less2">Yes</SimpleData>
		<SimpleData name="zone">9</SimpleData>
		<SimpleData name="ward">113</SimpleData>
		<SimpleData name="sl__no_">123</SimpleData>
		<SimpleData name="latitude">13.0529</SimpleData>
		<SimpleData name="longitude">80.2455</SimpleData>
	</SchemaData></ExtendedData>
      <Point><coordinates>80.2454726460324,13.052942829804,0</coordinates></Point>
  </Placemark>
  <Placemark>
	<ExtendedData><SchemaData schemaUrl="#chennaidss_gis_flood_hotspots_gcc_flood_hotspots_2015">
		<SimpleData name="id">190</SimpleData>
		<SimpleData name="location">Whites Road</SimpleData>
		<SimpleData name="inundation_level">Low Vulnerability less than 2 feet</SimpleData>
		<SimpleData name="vulnerability">Low Vulnerability</SimpleData>
		<SimpleData name="inundation_ft">&lt;2ft</SimpleData>
		<SimpleData name="lvul_less2">Yes</SimpleData>
		<SimpleData name="zone">9</SimpleData>
		<SimpleData name="ward">111</SimpleData>
		<SimpleData name="sl__no_">114</SimpleData>
		<SimpleData name="latitude">13.0573</SimpleData>
		<SimpleData name="longitude">80.2609</SimpleData>
	</SchemaData></ExtendedData>
      <Point><coordinates>80.2609406585174,13.057335305202,0</coordinates></Point>
  </Placemark>
  <Placemark>
	<ExtendedData><SchemaData schemaUrl="#chennaidss_gis_flood_hotspots_gcc_flood_hotspots_2015">
		<SimpleData name="id">191</SimpleData>
		<SimpleData name="location">Kasthuri Estate 1st street</SimpleData>
		<SimpleData name="inundation_level">Low Vulnerability less than 2 feet</SimpleData>
		<SimpleData name="vulnerability">Low Vulnerability</SimpleData>
		<SimpleData name="inundation_ft">&lt;2ft</SimpleData>
		<SimpleData name="lvul_less2">Yes</SimpleData>
		<SimpleData name="zone">9</SimpleData>
		<SimpleData name="ward">118</SimpleData>
		<SimpleData name="sl__no_">137</SimpleData>
		<SimpleData name="latitude">13.0423</SimpleData>
		<SimpleData name="longitude">80.2553</SimpleData>
	</SchemaData></ExtendedData>
      <Point><coordinates>80.2552902206962,13.0423242242245,0</coordinates></Point>
  </Placemark>
  <Placemark>
	<ExtendedData><SchemaData schemaUrl="#chennaidss_gis_flood_hotspots_gcc_flood_hotspots_2015">
		<SimpleData name="id">192</SimpleData>
		<SimpleData name="location">Nandhanam extension 5th street</SimpleData>
		<SimpleData name="inundation_level">High Vulnerability 3 to 5 Feet</SimpleData>
		<SimpleData name="vulnerability">High Vulnerability</SimpleData>
		<SimpleData name="inundation_ft">3 to 5 ft</SimpleData>
		<SimpleData name="hvul_3to5f">Yes</SimpleData>
		<SimpleData name="zone">9</SimpleData>
		<SimpleData name="ward">122</SimpleData>
		<SimpleData name="sl__no_">159</SimpleData>
		<SimpleData name="latitude">13.0278</SimpleData>
		<SimpleData name="longitude">80.2425</SimpleData>
	</SchemaData></ExtendedData>
      <Point><coordinates>80.242509381052,13.0278074959051,0</coordinates></Point>
  </Placemark>
  <Placemark>
	<ExtendedData><SchemaData schemaUrl="#chennaidss_gis_flood_hotspots_gcc_flood_hotspots_2015">
		<SimpleData name="id">193</SimpleData>
		<SimpleData name="location">Nandhanam extension 10th Street</SimpleData>
		<SimpleData name="inundation_level">High Vulnerability 3 to 5 Feet</SimpleData>
		<SimpleData name="vulnerability">High Vulnerability</SimpleData>
		<SimpleData name="inundation_ft">3 to 5 ft</SimpleData>
		<SimpleData name="hvul_3to5f">Yes</SimpleData>
		<SimpleData name="zone">9</SimpleData>
		<SimpleData name="ward">122</SimpleData>
		<SimpleData name="sl__no_">164</SimpleData>
		<SimpleData name="latitude">13.0288</SimpleData>
		<SimpleData name="longitude">80.2438</SimpleData>
	</SchemaData></ExtendedData>
      <Point><coordinates>80.2438310843892,13.0287636366057,0</coordinates></Point>
  </Placemark>
  <Placemark>
	<ExtendedData><SchemaData schemaUrl="#chennaidss_gis_flood_hotspots_gcc_flood_hotspots_2015">
		<SimpleData name="id">194</SimpleData>
		<SimpleData name="location">North Usman Road</SimpleData>
		<SimpleData name="inundation_level">High Vulnerability 3 to 5 Feet</SimpleData>
		<SimpleData name="vulnerability">High Vulnerability</SimpleData>
		<SimpleData name="inundation_ft">3 to 5 ft</SimpleData>
		<SimpleData name="hvul_3to5f">Yes</SimpleData>
		<SimpleData name="zone">9</SimpleData>
		<SimpleData name="ward">117</SimpleData>
		<SimpleData name="sl__no_">133</SimpleData>
		<SimpleData name="latitude">13.0507</SimpleData>
		<SimpleData name="longitude">80.2338</SimpleData>
	</SchemaData></ExtendedData>
      <Point><coordinates>80.2337715657565,13.0506662568154,0</coordinates></Point>
  </Placemark>
  <Placemark>
	<ExtendedData><SchemaData schemaUrl="#chennaidss_gis_flood_hotspots_gcc_flood_hotspots_2015">
		<SimpleData name="id">195</SimpleData>
		<SimpleData name="location">Rajamannar Salai</SimpleData>
		<SimpleData name="inundation_level">High Vulnerability 3 to 5 Feet</SimpleData>
		<SimpleData name="vulnerability">High Vulnerability</SimpleData>
		<SimpleData name="inundation_ft">3 to 5 ft</SimpleData>
		<SimpleData name="vhvul_ab5f">No</SimpleData>
		<SimpleData name="hvul_3to5f">Yes</SimpleData>
		<SimpleData name="lvul_less2">No</SimpleData>
		<SimpleData name="zone">10</SimpleData>
		<SimpleData name="ward">131</SimpleData>
		<SimpleData name="sl__no_">177</SimpleData>
		<SimpleData name="latitude">13.0429</SimpleData>
		<SimpleData name="longitude">80.2041</SimpleData>
	</SchemaData></ExtendedData>
      <Point><coordinates>80.2041406712132,13.0428817233912,0</coordinates></Point>
  </Placemark>
  <Placemark>
	<ExtendedData><SchemaData schemaUrl="#chennaidss_gis_flood_hotspots_gcc_flood_hotspots_2015">
		<SimpleData name="id">196</SimpleData>
		<SimpleData name="location">Kutcherry Road</SimpleData>
		<SimpleData name="inundation_level">Low Vulnerability less than 2 feet</SimpleData>
		<SimpleData name="vulnerability">Low Vulnerability</SimpleData>
		<SimpleData name="inundation_ft">&lt;2ft</SimpleData>
		<SimpleData name="lvul_less2">Yes</SimpleData>
		<SimpleData name="zone">9</SimpleData>
		<SimpleData name="ward">124</SimpleData>
		<SimpleData name="sl__no_">169</SimpleData>
		<SimpleData name="latitude">13.036</SimpleData>
		<SimpleData name="longitude">80.2692</SimpleData>
	</SchemaData></ExtendedData>
      <Point><coordinates>80.2692478979514,13.0360012139856,0</coordinates></Point>
  </Placemark>
  <Placemark>
	<ExtendedData><SchemaData schemaUrl="#chennaidss_gis_flood_hotspots_gcc_flood_hotspots_2015">
		<SimpleData name="id">197</SimpleData>
		<SimpleData name="location">Santhome Hign Road</SimpleData>
		<SimpleData name="inundation_level">Low Vulnerability less than 2 feet</SimpleData>
		<SimpleData name="vulnerability">Low Vulnerability</SimpleData>
		<SimpleData name="inundation_ft">&lt;2ft</SimpleData>
		<SimpleData name="lvul_less2">Yes</SimpleData>
		<SimpleData name="zone">9</SimpleData>
		<SimpleData name="ward">126</SimpleData>
		<SimpleData name="sl__no_">171</SimpleData>
		<SimpleData name="latitude">13.0261</SimpleData>
		<SimpleData name="longitude">80.2752</SimpleData>
	</SchemaData></ExtendedData>
      <Point><coordinates>80.2752023355019,13.0260771442647,0</coordinates></Point>
  </Placemark>
  <Placemark>
	<ExtendedData><SchemaData schemaUrl="#chennaidss_gis_flood_hotspots_gcc_flood_hotspots_2015">
		<SimpleData name="id">198</SimpleData>
		<SimpleData name="location">New Kubera Nagar 5th &amp; 7th Street</SimpleData>
		<SimpleData name="inundation_level">Low Vulnerability less than 2 feet</SimpleData>
		<SimpleData name="vulnerability">Low Vulnerability</SimpleData>
		<SimpleData name="inundation_ft">&lt;2ft</SimpleData>
		<SimpleData name="lvul_less2">Yes</SimpleData>
		<SimpleData name="zone">14</SimpleData>
		<SimpleData name="ward">187</SimpleData>
		<SimpleData name="sl__no_">292</SimpleData>
		<SimpleData name="latitude">12.9607</SimpleData>
		<SimpleData name="longitude">80.1941</SimpleData>
	</SchemaData></ExtendedData>
      <Point><coordinates>80.194094212,12.9607347285001,0</coordinates></Point>
  </Placemark>
  <Placemark>
	<ExtendedData><SchemaData schemaUrl="#chennaidss_gis_flood_hotspots_gcc_flood_hotspots_2015">
		<SimpleData name="id">199</SimpleData>
		<SimpleData name="location">Karthikeyapuram</SimpleData>
		<SimpleData name="inundation_level">Low Vulnerability less than 2 feet</SimpleData>
		<SimpleData name="vulnerability">Low Vulnerability</SimpleData>
		<SimpleData name="inundation_ft">&lt;2ft</SimpleData>
		<SimpleData name="lvul_less2">Yes</SimpleData>
		<SimpleData name="zone">14</SimpleData>
		<SimpleData name="ward">187</SimpleData>
		<SimpleData name="sl__no_">291</SimpleData>
		<SimpleData name="latitude">12.9599</SimpleData>
		<SimpleData name="longitude">80.1949</SimpleData>
	</SchemaData></ExtendedData>
      <Point><coordinates>80.1948959638866,12.9599362568798,0</coordinates></Point>
  </Placemark>
  <Placemark>
	<ExtendedData><SchemaData schemaUrl="#chennaidss_gis_flood_hotspots_gcc_flood_hotspots_2015">
		<SimpleData name="id">200</SimpleData>
		<SimpleData name="location">Rajaji Nagar</SimpleData>
		<SimpleData name="inundation_level">Low Vulnerability less than 2 feet</SimpleData>
		<SimpleData name="vulnerability">Low Vulnerability</SimpleData>
		<SimpleData name="inundation_ft">&lt;2ft</SimpleData>
		<SimpleData name="lvul_less2">Yes</SimpleData>
		<SimpleData name="zone">14</SimpleData>
		<SimpleData name="ward">188</SimpleData>
		<SimpleData name="sl__no_">294</SimpleData>
		<SimpleData name="latitude">12.9599</SimpleData>
		<SimpleData name="longitude">80.205</SimpleData>
	</SchemaData></ExtendedData>
      <Point><coordinates>80.2050093845,12.9599415845,0</coordinates></Point>
  </Placemark>
  <Placemark>
	<ExtendedData><SchemaData schemaUrl="#chennaidss_gis_flood_hotspots_gcc_flood_hotspots_2015">
		<SimpleData name="id">201</SimpleData>
		<SimpleData name="location">Ram Nagar area</SimpleData>
		<SimpleData name="inundation_level">Very High Vulnerability Above 5 Feet</SimpleData>
		<SimpleData name="vulnerability">Very High Vulnerability</SimpleData>
		<SimpleData name="inundation_ft">&gt;5ft</SimpleData>
		<SimpleData name="vhvul_ab5f">Yes</SimpleData>
		<SimpleData name="zone">13</SimpleData>
		<SimpleData name="ward">178</SimpleData>
		<SimpleData name="sl__no_">260</SimpleData>
		<SimpleData name="latitude">12.9718</SimpleData>
		<SimpleData name="longitude">80.2161</SimpleData>
	</SchemaData></ExtendedData>
      <Point><coordinates>80.2161085583533,12.971813180895,0</coordinates></Point>
  </Placemark>
  <Placemark>
	<ExtendedData><SchemaData schemaUrl="#chennaidss_gis_flood_hotspots_gcc_flood_hotspots_2015">
		<SimpleData name="id">202</SimpleData>
		<SimpleData name="location">Dhandeeswaram nagar</SimpleData>
		<SimpleData name="inundation_level">Very High Vulnerability Above 5 Feet</SimpleData>
		<SimpleData name="vulnerability">Very High Vulnerability</SimpleData>
		<SimpleData name="inundation_ft">&gt;5ft</SimpleData>
		<SimpleData name="vhvul_ab5f">Yes</SimpleData>
		<SimpleData name="zone">13</SimpleData>
		<SimpleData name="ward">179</SimpleData>
		<SimpleData name="sl__no_">273</SimpleData>
		<SimpleData name="latitude">12.9817</SimpleData>
		<SimpleData name="longitude">80.2243</SimpleData>
	</SchemaData></ExtendedData>
      <Point><coordinates>80.2243461929586,12.9816617541788,0</coordinates></Point>
  </Placemark>
  <Placemark>
	<ExtendedData><SchemaData schemaUrl="#chennaidss_gis_flood_hotspots_gcc_flood_hotspots_2015">
		<SimpleData name="id">203</SimpleData>
		<SimpleData name="location">Bhuvaneshwari nagar I &amp; III cross street &amp; III main road</SimpleData>
		<SimpleData name="inundation_level">Very High Vulnerability Above 5 Feet</SimpleData>
		<SimpleData name="vulnerability">Very High Vulnerability</SimpleData>
		<SimpleData name="inundation_ft">&gt;5ft</SimpleData>
		<SimpleData name="vhvul_ab5f">Yes</SimpleData>
		<SimpleData name="zone">13</SimpleData>
		<SimpleData name="ward">179</SimpleData>
		<SimpleData name="sl__no_">269</SimpleData>
		<SimpleData name="latitude">12.9699</SimpleData>
		<SimpleData name="longitude">80.2219</SimpleData>
	</SchemaData></ExtendedData>
      <Point><coordinates>80.2218611714329,12.9699220821439,0</coordinates></Point>
  </Placemark>
  <Placemark>
	<ExtendedData><SchemaData schemaUrl="#chennaidss_gis_flood_hotspots_gcc_flood_hotspots_2015">
		<SimpleData name="id">204</SimpleData>
		<SimpleData name="location">V.G.P Selva nagar  Extn I to V streets</SimpleData>
		<SimpleData name="inundation_level">Very High Vulnerability Above 5 Feet</SimpleData>
		<SimpleData name="vulnerability">Very High Vulnerability</SimpleData>
		<SimpleData name="inundation_ft">&gt;5ft</SimpleData>
		<SimpleData name="vhvul_ab5f">Yes</SimpleData>
		<SimpleData name="zone">13</SimpleData>
		<SimpleData name="ward">179</SimpleData>
		<SimpleData name="sl__no_">267</SimpleData>
		<SimpleData name="latitude">12.972</SimpleData>
		<SimpleData name="longitude">80.224</SimpleData>
	</SchemaData></ExtendedData>
      <Point><coordinates>80.2239710878816,12.9719948947151,0</coordinates></Point>
  </Placemark>
  <Placemark>
	<ExtendedData><SchemaData schemaUrl="#chennaidss_gis_flood_hotspots_gcc_flood_hotspots_2015">
		<SimpleData name="id">205</SimpleData>
		<SimpleData name="location">Seshadripuram I main road</SimpleData>
		<SimpleData name="inundation_level">Very High Vulnerability Above 5 Feet</SimpleData>
		<SimpleData name="vulnerability">Very High Vulnerability</SimpleData>
		<SimpleData name="inundation_ft">&gt;5ft</SimpleData>
		<SimpleData name="vhvul_ab5f">Yes</SimpleData>
		<SimpleData name="zone">13</SimpleData>
		<SimpleData name="ward">179</SimpleData>
		<SimpleData name="sl__no_">271</SimpleData>
		<SimpleData name="latitude">12.9799</SimpleData>
		<SimpleData name="longitude">80.2303</SimpleData>
	</SchemaData></ExtendedData>
      <Point><coordinates>80.2302707826799,12.9799409968559,0</coordinates></Point>
  </Placemark>
  <Placemark>
	<ExtendedData><SchemaData schemaUrl="#chennaidss_gis_flood_hotspots_gcc_flood_hotspots_2015">
		<SimpleData name="id">206</SimpleData>
		<SimpleData name="location">Sastri nagar II, IX &amp; XV cross street</SimpleData>
		<SimpleData name="inundation_level">High Vulnerability 3 to 5 Feet</SimpleData>
		<SimpleData name="vulnerability">High Vulnerability</SimpleData>
		<SimpleData name="inundation_ft">3 to 5 ft</SimpleData>
		<SimpleData name="hvul_3to5f">Yes</SimpleData>
		<SimpleData name="zone">13</SimpleData>
		<SimpleData name="ward">176</SimpleData>
		<SimpleData name="sl__no_">240</SimpleData>
		<SimpleData name="latitude">13</SimpleData>
		<SimpleData name="longitude">80.2576</SimpleData>
	</SchemaData></ExtendedData>
      <Point><coordinates>80.2575772148925,12.9999673426114,0</coordinates></Point>
  </Placemark>
  <Placemark>
	<ExtendedData><SchemaData schemaUrl="#chennaidss_gis_flood_hotspots_gcc_flood_hotspots_2015">
		<SimpleData name="id">207</SimpleData>
		<SimpleData name="location">A.G.S Colony III main road</SimpleData>
		<SimpleData name="inundation_level">Low Vulnerability less than 2 feet</SimpleData>
		<SimpleData name="vulnerability">Low Vulnerability</SimpleData>
		<SimpleData name="inundation_ft">&lt;2ft</SimpleData>
		<SimpleData name="lvul_less2">Yes</SimpleData>
		<SimpleData name="zone">13</SimpleData>
		<SimpleData name="ward">177</SimpleData>
		<SimpleData name="sl__no_">255</SimpleData>
		<SimpleData name="latitude">12.9784</SimpleData>
		<SimpleData name="longitude">80.2094</SimpleData>
	</SchemaData></ExtendedData>
      <Point><coordinates>80.2093730603424,12.9784499758648,0</coordinates></Point>
  </Placemark>
  <Placemark>
	<ExtendedData><SchemaData schemaUrl="#chennaidss_gis_flood_hotspots_gcc_flood_hotspots_2015">
		<SimpleData name="id">208</SimpleData>
		<SimpleData name="location">Sastri nagar II, IX &amp; XV cross street</SimpleData>
		<SimpleData name="inundation_level">High Vulnerability 3 to 5 Feet</SimpleData>
		<SimpleData name="vulnerability">High Vulnerability</SimpleData>
		<SimpleData name="inundation_ft">3 to 5 ft</SimpleData>
		<SimpleData name="hvul_3to5f">Yes</SimpleData>
		<SimpleData name="zone">13</SimpleData>
		<SimpleData name="ward">176</SimpleData>
		<SimpleData name="sl__no_">240</SimpleData>
		<SimpleData name="latitude">12.9973</SimpleData>
		<SimpleData name="longitude">80.2603</SimpleData>
	</SchemaData></ExtendedData>
      <Point><coordinates>80.2603431215598,12.9972751450347,0</coordinates></Point>
  </Placemark>
  <Placemark>
	<ExtendedData><SchemaData schemaUrl="#chennaidss_gis_flood_hotspots_gcc_flood_hotspots_2015">
		<SimpleData name="id">209</SimpleData>
		<SimpleData name="location">Nehru nagar - Periyar street</SimpleData>
		<SimpleData name="inundation_level">High Vulnerability 3 to 5 Feet</SimpleData>
		<SimpleData name="vulnerability">High Vulnerability</SimpleData>
		<SimpleData name="inundation_ft">3 to 5 ft</SimpleData>
		<SimpleData name="hvul_3to5f">Yes</SimpleData>
		<SimpleData name="zone">13</SimpleData>
		<SimpleData name="ward">174</SimpleData>
		<SimpleData name="sl__no_">233</SimpleData>
		<SimpleData name="latitude">12.9931</SimpleData>
		<SimpleData name="longitude">80.2168</SimpleData>
	</SchemaData></ExtendedData>
      <Point><coordinates>80.2167689201732,12.9931253702752,0</coordinates></Point>
  </Placemark>
  <Placemark>
	<ExtendedData><SchemaData schemaUrl="#chennaidss_gis_flood_hotspots_gcc_flood_hotspots_2015">
		<SimpleData name="id">210</SimpleData>
		<SimpleData name="location">Construction of RCC Box type storm water drain along EB colony 2nd street from EB colony main road to Radha Nagar extension main road</SimpleData>
		<SimpleData name="inundation_level">High Vulnerability 3 to 5 Feet</SimpleData>
		<SimpleData name="vulnerability">High Vulnerability</SimpleData>
		<SimpleData name="inundation_ft">3 to 5 ft</SimpleData>
		<SimpleData name="hvul_3to5f">Yes</SimpleData>
		<SimpleData name="zone">13</SimpleData>
		<SimpleData name="ward">177</SimpleData>
		<SimpleData name="sl__no_">242</SimpleData>
		<SimpleData name="latitude">12.9852</SimpleData>
		<SimpleData name="longitude">80.2134</SimpleData>
	</SchemaData></ExtendedData>
      <Point><coordinates>80.2134475464776,12.9851583937743,0</coordinates></Point>
  </Placemark>
  <Placemark>
	<ExtendedData><SchemaData schemaUrl="#chennaidss_gis_flood_hotspots_gcc_flood_hotspots_2015">
		<SimpleData name="id">211</SimpleData>
		<SimpleData name="location">Construction of storm water drain along Lakshmi nagar 2nd street from Lakshmi Nagar main road to  Rajiv Gandhi nagar main road</SimpleData>
		<SimpleData name="inundation_level">High Vulnerability 3 to 5 Feet</SimpleData>
		<SimpleData name="vulnerability">High Vulnerability</SimpleData>
		<SimpleData name="inundation_ft">3 to 5 ft</SimpleData>
		<SimpleData name="hvul_3to5f">Yes</SimpleData>
		<SimpleData name="zone">13</SimpleData>
		<SimpleData name="ward">177</SimpleData>
		<SimpleData name="sl__no_">243</SimpleData>
		<SimpleData name="latitude">12.9823</SimpleData>
		<SimpleData name="longitude">80.2172</SimpleData>
	</SchemaData></ExtendedData>
      <Point><coordinates>80.2171612235204,12.9823403444461,0</coordinates></Point>
  </Placemark>
  <Placemark>
	<ExtendedData><SchemaData schemaUrl="#chennaidss_gis_flood_hotspots_gcc_flood_hotspots_2015">
		<SimpleData name="id">212</SimpleData>
		<SimpleData name="location">Astalakshmi nagar II, III, IV &amp; V streets</SimpleData>
		<SimpleData name="inundation_level">Low Vulnerability less than 2 feet</SimpleData>
		<SimpleData name="vulnerability">Low Vulnerability</SimpleData>
		<SimpleData name="inundation_ft">&lt;2ft</SimpleData>
		<SimpleData name="lvul_less2">Yes</SimpleData>
		<SimpleData name="zone">13</SimpleData>
		<SimpleData name="ward">177</SimpleData>
		<SimpleData name="sl__no_">241</SimpleData>
		<SimpleData name="latitude">12.9855</SimpleData>
		<SimpleData name="longitude">80.2151</SimpleData>
	</SchemaData></ExtendedData>
      <Point><coordinates>80.2151172582998,12.9855134259026,0</coordinates></Point>
  </Placemark>
  <Placemark>
	<ExtendedData><SchemaData schemaUrl="#chennaidss_gis_flood_hotspots_gcc_flood_hotspots_2015">
		<SimpleData name="id">213</SimpleData>
		<SimpleData name="location">Astalakshmi nagar II, III, IV &amp; V streets</SimpleData>
		<SimpleData name="inundation_level">Low Vulnerability less than 2 feet</SimpleData>
		<SimpleData name="vulnerability">Low Vulnerability</SimpleData>
		<SimpleData name="inundation_ft">&lt;2ft</SimpleData>
		<SimpleData name="lvul_less2">Yes</SimpleData>
		<SimpleData name="zone">13</SimpleData>
		<SimpleData name="ward">177</SimpleData>
		<SimpleData name="sl__no_">241</SimpleData>
		<SimpleData name="latitude">12.9859</SimpleData>
		<SimpleData name="longitude">80.2146</SimpleData>
	</SchemaData></ExtendedData>
      <Point><coordinates>80.2146129112375,12.9859034123926,0</coordinates></Point>
  </Placemark>
  <Placemark>
	<ExtendedData><SchemaData schemaUrl="#chennaidss_gis_flood_hotspots_gcc_flood_hotspots_2015">
		<SimpleData name="id">214</SimpleData>
		<SimpleData name="location">Avvai nagar</SimpleData>
		<SimpleData name="inundation_level">Low Vulnerability less than 2 feet</SimpleData>
		<SimpleData name="vulnerability">Low Vulnerability</SimpleData>
		<SimpleData name="inundation_ft">&lt;2ft</SimpleData>
		<SimpleData name="lvul_less2">Yes</SimpleData>
		<SimpleData name="zone">13</SimpleData>
		<SimpleData name="ward">182</SimpleData>
		<SimpleData name="sl__no_">281</SimpleData>
		<SimpleData name="latitude">12.9804</SimpleData>
		<SimpleData name="longitude">80.2589</SimpleData>
	</SchemaData></ExtendedData>
      <Point><coordinates>80.2588957257604,12.9804453408548,0</coordinates></Point>
  </Placemark>
  <Placemark>
	<ExtendedData><SchemaData schemaUrl="#chennaidss_gis_flood_hotspots_gcc_flood_hotspots_2015">
		<SimpleData name="id">215</SimpleData>
		<SimpleData name="location">Wipro Salai</SimpleData>
		<SimpleData name="inundation_level">High Vulnerability 3 to 5 Feet</SimpleData>
		<SimpleData name="vulnerability">High Vulnerability</SimpleData>
		<SimpleData name="inundation_ft">3 to 5 ft</SimpleData>
		<SimpleData name="hvul_3to5f">Yes</SimpleData>
		<SimpleData name="zone">15</SimpleData>
		<SimpleData name="ward">197</SimpleData>
		<SimpleData name="sl__no_">305</SimpleData>
		<SimpleData name="latitude">12.9065</SimpleData>
		<SimpleData name="longitude">80.2254</SimpleData>
	</SchemaData></ExtendedData>
      <Point><coordinates>80.2254035966374,12.9065341808379,0</coordinates></Point>
  </Placemark>
  <Placemark>
	<ExtendedData><SchemaData schemaUrl="#chennaidss_gis_flood_hotspots_gcc_flood_hotspots_2015">
		<SimpleData name="id">216</SimpleData>
		<SimpleData name="location">Dr.Radhakrishnan nagar</SimpleData>
		<SimpleData name="inundation_level">Low Vulnerability less than 2 feet</SimpleData>
		<SimpleData name="vulnerability">Low Vulnerability</SimpleData>
		<SimpleData name="inundation_ft">&lt;2ft</SimpleData>
		<SimpleData name="lvul_less2">Yes</SimpleData>
		<SimpleData name="zone">13</SimpleData>
		<SimpleData name="ward">181</SimpleData>
		<SimpleData name="sl__no_">278</SimpleData>
		<SimpleData name="latitude">12.9935</SimpleData>
		<SimpleData name="longitude">80.2584</SimpleData>
	</SchemaData></ExtendedData>
      <Point><coordinates>80.2584170556839,12.9934935851982,0</coordinates></Point>
  </Placemark>
  <Placemark>
	<ExtendedData><SchemaData schemaUrl="#chennaidss_gis_flood_hotspots_gcc_flood_hotspots_2015">
		<SimpleData name="id">217</SimpleData>
		<SimpleData name="location">Tansi nagar II, III, V, VII &amp; X streets</SimpleData>
		<SimpleData name="inundation_level">Very High Vulnerability Above 5 Feet</SimpleData>
		<SimpleData name="vulnerability">Very High Vulnerability</SimpleData>
		<SimpleData name="inundation_ft">&gt;5ft</SimpleData>
		<SimpleData name="vhvul_ab5f">Yes</SimpleData>
		<SimpleData name="zone">13</SimpleData>
		<SimpleData name="ward">179</SimpleData>
		<SimpleData name="sl__no_">272</SimpleData>
		<SimpleData name="latitude">12.9775</SimpleData>
		<SimpleData name="longitude">80.2249</SimpleData>
	</SchemaData></ExtendedData>
      <Point><coordinates>80.2249016148388,12.9774887832005,0</coordinates></Point>
  </Placemark>
  <Placemark>
	<ExtendedData><SchemaData schemaUrl="#chennaidss_gis_flood_hotspots_gcc_flood_hotspots_2015">
		<SimpleData name="id">218</SimpleData>
		<SimpleData name="location">Udayam nagar &amp; extn</SimpleData>
		<SimpleData name="inundation_level">Very High Vulnerability Above 5 Feet</SimpleData>
		<SimpleData name="vulnerability">Very High Vulnerability</SimpleData>
		<SimpleData name="inundation_ft">&gt;5ft</SimpleData>
		<SimpleData name="vhvul_ab5f">Yes</SimpleData>
		<SimpleData name="zone">13</SimpleData>
		<SimpleData name="ward">179</SimpleData>
		<SimpleData name="sl__no_">266</SimpleData>
		<SimpleData name="latitude">12.9789</SimpleData>
		<SimpleData name="longitude">80.2324</SimpleData>
	</SchemaData></ExtendedData>
      <Point><coordinates>80.2324344830574,12.9788872981509,0</coordinates></Point>
  </Placemark>
  <Placemark>
	<ExtendedData><SchemaData schemaUrl="#chennaidss_gis_flood_hotspots_gcc_flood_hotspots_2015">
		<SimpleData name="id">219</SimpleData>
		<SimpleData name="location">Veenus colony II street</SimpleData>
		<SimpleData name="inundation_level">Very High Vulnerability Above 5 Feet</SimpleData>
		<SimpleData name="vulnerability">Very High Vulnerability</SimpleData>
		<SimpleData name="inundation_ft">&gt;5ft</SimpleData>
		<SimpleData name="vhvul_ab5f">Yes</SimpleData>
		<SimpleData name="zone">13</SimpleData>
		<SimpleData name="ward">179</SimpleData>
		<SimpleData name="sl__no_">270</SimpleData>
		<SimpleData name="latitude">12.9739</SimpleData>
		<SimpleData name="longitude">80.2277</SimpleData>
	</SchemaData></ExtendedData>
      <Point><coordinates>80.2277189751021,12.9738518902312,0</coordinates></Point>
  </Placemark>
  <Placemark>
	<ExtendedData><SchemaData schemaUrl="#chennaidss_gis_flood_hotspots_gcc_flood_hotspots_2015">
		<SimpleData name="id">220</SimpleData>
		<SimpleData name="location">Annai sathya nagar</SimpleData>
		<SimpleData name="inundation_level">High Vulnerability 3 to 5 Feet</SimpleData>
		<SimpleData name="vulnerability">High Vulnerability</SimpleData>
		<SimpleData name="inundation_ft">3 to 5 ft</SimpleData>
		<SimpleData name="hvul_3to5f">Yes</SimpleData>
		<SimpleData name="zone">11</SimpleData>
		<SimpleData name="ward">151</SimpleData>
		<SimpleData name="sl__no_">199</SimpleData>
		<SimpleData name="latitude">13.0363</SimpleData>
		<SimpleData name="longitude">80.1866</SimpleData>
	</SchemaData></ExtendedData>
      <Point><coordinates>80.1865583717144,13.0363478392443,0</coordinates></Point>
  </Placemark>
  <Placemark>
	<ExtendedData><SchemaData schemaUrl="#chennaidss_gis_flood_hotspots_gcc_flood_hotspots_2015">
		<SimpleData name="id">221</SimpleData>
		<SimpleData name="location">Gajalakshmi nagar</SimpleData>
		<SimpleData name="inundation_level">Very High Vulnerability Above 5 Feet</SimpleData>
		<SimpleData name="vulnerability">Very High Vulnerability</SimpleData>
		<SimpleData name="inundation_ft">&gt;5ft</SimpleData>
		<SimpleData name="vhvul_ab5f">Yes</SimpleData>
		<SimpleData name="zone">11</SimpleData>
		<SimpleData name="ward">143</SimpleData>
		<SimpleData name="sl__no_">180</SimpleData>
		<SimpleData name="latitude">13.069</SimpleData>
		<SimpleData name="longitude">80.1663</SimpleData>
	</SchemaData></ExtendedData>
      <Point><coordinates>80.1663306130019,13.0689642854469,0</coordinates></Point>
  </Placemark>
  <Placemark>
	<ExtendedData><SchemaData schemaUrl="#chennaidss_gis_flood_hotspots_gcc_flood_hotspots_2015">
		<SimpleData name="id">222</SimpleData>
		<SimpleData name="location">VGN nagar phase III</SimpleData>
		<SimpleData name="inundation_level">High Vulnerability 3 to 5 Feet</SimpleData>
		<SimpleData name="vulnerability">High Vulnerability</SimpleData>
		<SimpleData name="inundation_ft">3 to 5 ft</SimpleData>
		<SimpleData name="hvul_3to5f">Yes</SimpleData>
		<SimpleData name="zone">11</SimpleData>
		<SimpleData name="ward">143</SimpleData>
		<SimpleData name="sl__no_">181</SimpleData>
		<SimpleData name="latitude">13.0709</SimpleData>
		<SimpleData name="longitude">80.1635</SimpleData>
	</SchemaData></ExtendedData>
      <Point><coordinates>80.1635362469633,13.0708595196158,0</coordinates></Point>
  </Placemark>
  <Placemark>
	<ExtendedData><SchemaData schemaUrl="#chennaidss_gis_flood_hotspots_gcc_flood_hotspots_2015">
		<SimpleData name="id">223</SimpleData>
		<SimpleData name="location">Metro nagar</SimpleData>
		<SimpleData name="inundation_level">Low Vulnerability less than 2 feet</SimpleData>
		<SimpleData name="vulnerability">Low Vulnerability</SimpleData>
		<SimpleData name="inundation_ft">&lt;2ft</SimpleData>
		<SimpleData name="lvul_less2">Yes</SimpleData>
		<SimpleData name="zone">11</SimpleData>
		<SimpleData name="ward">146</SimpleData>
		<SimpleData name="sl__no_">186</SimpleData>
		<SimpleData name="latitude">13.045</SimpleData>
		<SimpleData name="longitude">80.1627</SimpleData>
	</SchemaData></ExtendedData>
      <Point><coordinates>80.1626900363647,13.0449672720351,0</coordinates></Point>
  </Placemark>
  <Placemark>
	<ExtendedData><SchemaData schemaUrl="#chennaidss_gis_flood_hotspots_gcc_flood_hotspots_2015">
		<SimpleData name="id">224</SimpleData>
		<SimpleData name="location">Sakthi nagar</SimpleData>
		<SimpleData name="inundation_level">Low Vulnerability less than 2 feet</SimpleData>
		<SimpleData name="vulnerability">Low Vulnerability</SimpleData>
		<SimpleData name="inundation_ft">&lt;2ft</SimpleData>
		<SimpleData name="lvul_less2">yes</SimpleData>
		<SimpleData name="zone">11</SimpleData>
		<SimpleData name="ward">143</SimpleData>
		<SimpleData name="sl__no_">182</SimpleData>
		<SimpleData name="latitude">13.071</SimpleData>
		<SimpleData name="longitude">80.167</SimpleData>
	</SchemaData></ExtendedData>
      <Point><coordinates>80.1670324211569,13.0710121390452,0</coordinates></Point>
  </Placemark>
  <Placemark>
	<ExtendedData><SchemaData schemaUrl="#chennaidss_gis_flood_hotspots_gcc_flood_hotspots_2015">
		<SimpleData name="id">225</SimpleData>
		<SimpleData name="location">MMDA Colony 4th , 5th &amp; 6th block</SimpleData>
		<SimpleData name="inundation_level">Low Vulnerability less than 2 feet</SimpleData>
		<SimpleData name="vulnerability">Low Vulnerability</SimpleData>
		<SimpleData name="inundation_ft">&lt;2ft</SimpleData>
		<SimpleData name="lvul_less2">Yes</SimpleData>
		<SimpleData name="zone">11</SimpleData>
		<SimpleData name="ward">144</SimpleData>
		<SimpleData name="sl__no_">184</SimpleData>
		<SimpleData name="latitude">13.0637</SimpleData>
		<SimpleData name="longitude">80.1755</SimpleData>
	</SchemaData></ExtendedData>
      <Point><coordinates>80.1755077083127,13.0636760496372,0</coordinates></Point>
  </Placemark>
  <Placemark>
	<ExtendedData><SchemaData schemaUrl="#chennaidss_gis_flood_hotspots_gcc_flood_hotspots_2015">
		<SimpleData name="id">226</SimpleData>
		<SimpleData name="location">Officers colony</SimpleData>
		<SimpleData name="inundation_level">High Vulnerability 3 to 5 Feet</SimpleData>
		<SimpleData name="vulnerability">High Vulnerability</SimpleData>
		<SimpleData name="inundation_ft">3 to 5 ft</SimpleData>
		<SimpleData name="hvul_3to5f">Yes</SimpleData>
		<SimpleData name="zone">11</SimpleData>
		<SimpleData name="ward">151</SimpleData>
		<SimpleData name="sl__no_">198</SimpleData>
		<SimpleData name="latitude">13.0361</SimpleData>
		<SimpleData name="longitude">80.1582</SimpleData>
	</SchemaData></ExtendedData>
      <Point><coordinates>80.1582462333791,13.0361383683184,0</coordinates></Point>
  </Placemark>
  <Placemark>
	<ExtendedData><SchemaData schemaUrl="#chennaidss_gis_flood_hotspots_gcc_flood_hotspots_2015">
		<SimpleData name="id">227</SimpleData>
		<SimpleData name="location">Annai Sathya Nagar</SimpleData>
		<SimpleData name="inundation_level">Low Vulnerability less than 2 feet</SimpleData>
		<SimpleData name="vulnerability">Low Vulnerability</SimpleData>
		<SimpleData name="inundation_ft">&lt;2ft</SimpleData>
		<SimpleData name="lvul_less2">Yes</SimpleData>
		<SimpleData name="zone">7</SimpleData>
		<SimpleData name="ward">86</SimpleData>
		<SimpleData name="sl__no_">94</SimpleData>
		<SimpleData name="latitude">13.0931</SimpleData>
		<SimpleData name="longitude">80.1843</SimpleData>
	</SchemaData></ExtendedData>
      <Point><coordinates>80.1843374935674,13.0931123035411,0</coordinates></Point>
  </Placemark>
  <Placemark>
	<ExtendedData><SchemaData schemaUrl="#chennaidss_gis_flood_hotspots_gcc_flood_hotspots_2015">
		<SimpleData name="id">228</SimpleData>
		<SimpleData name="location">Punitha Anthoniyar Street</SimpleData>
		<SimpleData name="inundation_level">High Vulnerability 3 to 5 Feet</SimpleData>
		<SimpleData name="vulnerability">High Vulnerability</SimpleData>
		<SimpleData name="inundation_ft">3 to 5 ft</SimpleData>
		<SimpleData name="vhvul_ab5f">-</SimpleData>
		<SimpleData name="hvul_3to5f">Yes</SimpleData>
		<SimpleData name="zone">3</SimpleData>
		<SimpleData name="ward">23</SimpleData>
		<SimpleData name="sl__no_">20</SimpleData>
		<SimpleData name="latitude">13.1608</SimpleData>
		<SimpleData name="longitude">80.206</SimpleData>
	</SchemaData></ExtendedData>
      <Point><coordinates>80.2060199373327,13.1608448950423,0</coordinates></Point>
  </Placemark>
  <Placemark>
	<ExtendedData><SchemaData schemaUrl="#chennaidss_gis_flood_hotspots_gcc_flood_hotspots_2015">
		<SimpleData name="id">229</SimpleData>
		<SimpleData name="location">Mahalakshmi Nagar</SimpleData>
		<SimpleData name="inundation_level">High Vulnerability 3 to 5 Feet</SimpleData>
		<SimpleData name="vulnerability">High Vulnerability</SimpleData>
		<SimpleData name="inundation_ft">3 to 5 ft</SimpleData>
		<SimpleData name="vhvul_ab5f">-</SimpleData>
		<SimpleData name="hvul_3to5f">Yes</SimpleData>
		<SimpleData name="zone">3</SimpleData>
		<SimpleData name="ward">22</SimpleData>
		<SimpleData name="sl__no_">18</SimpleData>
		<SimpleData name="latitude">13.1695</SimpleData>
		<SimpleData name="longitude">80.2035</SimpleData>
	</SchemaData></ExtendedData>
      <Point><coordinates>80.2035109976134,13.1694811668582,0</coordinates></Point>
  </Placemark>
  <Placemark>
	<ExtendedData><SchemaData schemaUrl="#chennaidss_gis_flood_hotspots_gcc_flood_hotspots_2015">
		<SimpleData name="id">230</SimpleData>
		<SimpleData name="location">GNT Road (Near Roundana)</SimpleData>
		<SimpleData name="inundation_level">High Vulnerability 3 to 5 Feet</SimpleData>
		<SimpleData name="vulnerability">High Vulnerability</SimpleData>
		<SimpleData name="inundation_ft">3 to 5 ft</SimpleData>
		<SimpleData name="vhvul_ab5f">-</SimpleData>
		<SimpleData name="hvul_3to5f">Yes</SimpleData>
		<SimpleData name="zone">3</SimpleData>
		<SimpleData name="ward">25</SimpleData>
		<SimpleData name="sl__no_">25</SimpleData>
		<SimpleData name="latitude">13.1353</SimpleData>
		<SimpleData name="longitude">80.2327</SimpleData>
	</SchemaData></ExtendedData>
      <Point><coordinates>80.2327248577139,13.1353127060756,0</coordinates></Point>
  </Placemark>
  <Placemark>
	<ExtendedData><SchemaData schemaUrl="#chennaidss_gis_flood_hotspots_gcc_flood_hotspots_2015">
		<SimpleData name="id">231</SimpleData>
		<SimpleData name="location">Manali New Town 60 Feet Road</SimpleData>
		<SimpleData name="inundation_level">Low Vulnerability less than 2 feet</SimpleData>
		<SimpleData name="vulnerability">Low Vulnerability</SimpleData>
		<SimpleData name="inundation_ft">&lt;2ft</SimpleData>
		<SimpleData name="vhvul_ab5f">-</SimpleData>
		<SimpleData name="hvul_3to5f">-</SimpleData>
		<SimpleData name="lvul_less2">Yes ( Only during flood)</SimpleData>
		<SimpleData name="zone">2</SimpleData>
		<SimpleData name="ward">15</SimpleData>
		<SimpleData name="sl__no_">15</SimpleData>
		<SimpleData name="latitude">13.2094</SimpleData>
		<SimpleData name="longitude">80.2756</SimpleData>
	</SchemaData></ExtendedData>
      <Point><coordinates>80.2756225614672,13.2094010478996,0</coordinates></Point>
  </Placemark>
  <Placemark>
	<ExtendedData><SchemaData schemaUrl="#chennaidss_gis_flood_hotspots_gcc_flood_hotspots_2015">
		<SimpleData name="id">232</SimpleData>
		<SimpleData name="location">TH Road jn.of MRF Road</SimpleData>
		<SimpleData name="inundation_level">Low Vulnerability less than 2 feet</SimpleData>
		<SimpleData name="vulnerability">Low Vulnerability</SimpleData>
		<SimpleData name="inundation_ft">&lt;2ft</SimpleData>
		<SimpleData name="lvul_less2">Yes</SimpleData>
		<SimpleData name="zone">1</SimpleData>
		<SimpleData name="ward">5</SimpleData>
		<SimpleData name="sl__no_">7</SimpleData>
		<SimpleData name="latitude">13.1777</SimpleData>
		<SimpleData name="longitude">80.3104</SimpleData>
	</SchemaData></ExtendedData>
      <Point><coordinates>80.3103559510646,13.1777394496991,0</coordinates></Point>
  </Placemark>
  <Placemark>
	<ExtendedData><SchemaData schemaUrl="#chennaidss_gis_flood_hotspots_gcc_flood_hotspots_2015">
		<SimpleData name="id">233</SimpleData>
		<SimpleData name="location">SVM Nagar I main road</SimpleData>
		<SimpleData name="inundation_level">Low Vulnerability less than 2 feet</SimpleData>
		<SimpleData name="vulnerability">Low Vulnerability</SimpleData>
		<SimpleData name="inundation_ft">&lt;2ft</SimpleData>
		<SimpleData name="lvul_less2">Yes</SimpleData>
		<SimpleData name="zone">1</SimpleData>
		<SimpleData name="ward">1</SimpleData>
		<SimpleData name="sl__no_">1</SimpleData>
		<SimpleData name="latitude">13.2204</SimpleData>
		<SimpleData name="longitude">80.3244</SimpleData>
	</SchemaData></ExtendedData>
      <Point><coordinates>80.3244504536644,13.2203516526953,0</coordinates></Point>
  </Placemark>
  <Placemark>
	<ExtendedData><SchemaData schemaUrl="#chennaidss_gis_flood_hotspots_gcc_flood_hotspots_2015">
		<SimpleData name="id">234</SimpleData>
		<SimpleData name="location">Kathivakkam high road</SimpleData>
		<SimpleData name="inundation_level">Low Vulnerability less than 2 feet</SimpleData>
		<SimpleData name="vulnerability">Low Vulnerability</SimpleData>
		<SimpleData name="inundation_ft">&lt;2ft</SimpleData>
		<SimpleData name="lvul_less2">Yes</SimpleData>
		<SimpleData name="zone">1</SimpleData>
		<SimpleData name="ward">4</SimpleData>
		<SimpleData name="sl__no_">6</SimpleData>
		<SimpleData name="latitude">13.2095</SimpleData>
		<SimpleData name="longitude">80.3148</SimpleData>
	</SchemaData></ExtendedData>
      <Point><coordinates>80.3147740284106,13.2094750632438,0</coordinates></Point>
  </Placemark>
  <Placemark>
	<ExtendedData><SchemaData schemaUrl="#chennaidss_gis_flood_hotspots_gcc_flood_hotspots_2015">
		<SimpleData name="id">235</SimpleData>
		<SimpleData name="location">Kamaraj salai</SimpleData>
		<SimpleData name="inundation_level">High Vulnerability 3 to 5 Feet</SimpleData>
		<SimpleData name="vulnerability">High Vulnerability</SimpleData>
		<SimpleData name="inundation_ft">3 to 5 ft</SimpleData>
		<SimpleData name="hvul_3to5f">Yes</SimpleData>
		<SimpleData name="zone">1</SimpleData>
		<SimpleData name="ward">1</SimpleData>
		<SimpleData name="sl__no_">3</SimpleData>
		<SimpleData name="latitude">13.1874</SimpleData>
		<SimpleData name="longitude">80.3077</SimpleData>
	</SchemaData></ExtendedData>
      <Point><coordinates>80.3077062470699,13.1873981499003,0</coordinates></Point>
  </Placemark>
  <Placemark>
	<ExtendedData><SchemaData schemaUrl="#chennaidss_gis_flood_hotspots_gcc_flood_hotspots_2015">
		<SimpleData name="id">236</SimpleData>
		<SimpleData name="location">SVM Nagar II main road</SimpleData>
		<SimpleData name="inundation_level">Low Vulnerability less than 2 feet</SimpleData>
		<SimpleData name="vulnerability">Low Vulnerability</SimpleData>
		<SimpleData name="inundation_ft">&lt;2ft</SimpleData>
		<SimpleData name="lvul_less2">Yes</SimpleData>
		<SimpleData name="zone">1</SimpleData>
		<SimpleData name="ward">1</SimpleData>
		<SimpleData name="sl__no_">2</SimpleData>
		<SimpleData name="latitude">13.2232</SimpleData>
		<SimpleData name="longitude">80.3249</SimpleData>
	</SchemaData></ExtendedData>
      <Point><coordinates>80.3248660677043,13.2232311568594,0</coordinates></Point>
  </Placemark>
  <Placemark>
	<ExtendedData><SchemaData schemaUrl="#chennaidss_gis_flood_hotspots_gcc_flood_hotspots_2015">
		<SimpleData name="id">237</SimpleData>
		<SimpleData name="location">T.H. Road (MRF road junction)</SimpleData>
		<SimpleData name="inundation_level">High Vulnerability 3 to 5 Feet</SimpleData>
		<SimpleData name="vulnerability">High Vulnerability</SimpleData>
		<SimpleData name="inundation_ft">3 to 5 ft</SimpleData>
		<SimpleData name="hvul_3to5f">Yes</SimpleData>
		<SimpleData name="zone">1</SimpleData>
		<SimpleData name="ward">5</SimpleData>
		<SimpleData name="sl__no_">8</SimpleData>
		<SimpleData name="latitude">13.1785</SimpleData>
		<SimpleData name="longitude">80.3072</SimpleData>
	</SchemaData></ExtendedData>
      <Point><coordinates>80.3071632711468,13.1785500194391,0</coordinates></Point>
  </Placemark>
  <Placemark>
	<ExtendedData><SchemaData schemaUrl="#chennaidss_gis_flood_hotspots_gcc_flood_hotspots_2015">
		<SimpleData name="id">238</SimpleData>
		<SimpleData name="location">T.H. Road near Liftgate</SimpleData>
		<SimpleData name="inundation_level">Low Vulnerability less than 2 feet</SimpleData>
		<SimpleData name="vulnerability">Low Vulnerability</SimpleData>
		<SimpleData name="inundation_ft">&lt;2ft</SimpleData>
		<SimpleData name="lvul_less2">Yes</SimpleData>
		<SimpleData name="zone">1</SimpleData>
		<SimpleData name="ward">5</SimpleData>
		<SimpleData name="sl__no_">9</SimpleData>
		<SimpleData name="latitude">13.159</SimpleData>
		<SimpleData name="longitude">80.3022</SimpleData>
	</SchemaData></ExtendedData>
      <Point><coordinates>80.302157531852,13.159027115811,0</coordinates></Point>
  </Placemark>
  <Placemark>
	<ExtendedData><SchemaData schemaUrl="#chennaidss_gis_flood_hotspots_gcc_flood_hotspots_2015">
		<SimpleData name="id">239</SimpleData>
		<SimpleData name="location">Manali Express road, (Mullai nagar, Jothi nagar, TKS Nagar)</SimpleData>
		<SimpleData name="inundation_level">High Vulnerability 3 to 5 Feet</SimpleData>
		<SimpleData name="vulnerability">High Vulnerability</SimpleData>
		<SimpleData name="inundation_ft">3 to 5 ft</SimpleData>
		<SimpleData name="hvul_3to5f">Yes</SimpleData>
		<SimpleData name="zone">1</SimpleData>
		<SimpleData name="ward">6</SimpleData>
		<SimpleData name="sl__no_">11</SimpleData>
		<SimpleData name="latitude">13.1821</SimpleData>
		<SimpleData name="longitude">80.2998</SimpleData>
	</SchemaData></ExtendedData>
      <Point><coordinates>80.2998063190897,13.1820862968362,0</coordinates></Point>
  </Placemark>
  <Placemark>
	<ExtendedData><SchemaData schemaUrl="#chennaidss_gis_flood_hotspots_gcc_flood_hotspots_2015">
		<SimpleData name="id">240</SimpleData>
		<SimpleData name="location">Rajiv Gandhi Nagar from TPP Salai to Andarkuppam Main Road</SimpleData>
		<SimpleData name="inundation_level">Low Vulnerability less than 2 feet</SimpleData>
		<SimpleData name="vulnerability">Low Vulnerability</SimpleData>
		<SimpleData name="inundation_ft">&lt;2ft</SimpleData>
		<SimpleData name="vhvul_ab5f">-</SimpleData>
		<SimpleData name="hvul_3to5f">-</SimpleData>
		<SimpleData name="lvul_less2">Yes ( Only during flood)</SimpleData>
		<SimpleData name="zone">2</SimpleData>
		<SimpleData name="ward">16</SimpleData>
		<SimpleData name="sl__no_">16</SimpleData>
		<SimpleData name="latitude">13.1934</SimpleData>
		<SimpleData name="longitude">80.2697</SimpleData>
	</SchemaData></ExtendedData>
      <Point><coordinates>80.2696696079474,13.1934030016639,0</coordinates></Point>
  </Placemark>
  <Placemark>
	<ExtendedData><SchemaData schemaUrl="#chennaidss_gis_flood_hotspots_gcc_flood_hotspots_2015">
		<SimpleData name="id">241</SimpleData>
		<SimpleData name="location">From Kanniammanpet pond to Kadappakkam Lake</SimpleData>
		<SimpleData name="inundation_level">Low Vulnerability less than 2 feet</SimpleData>
		<SimpleData name="vulnerability">Low Vulnerability</SimpleData>
		<SimpleData name="inundation_ft">&lt;2ft</SimpleData>
		<SimpleData name="vhvul_ab5f">-</SimpleData>
		<SimpleData name="hvul_3to5f">-</SimpleData>
		<SimpleData name="lvul_less2">Yes ( Only during flood)</SimpleData>
		<SimpleData name="zone">2</SimpleData>
		<SimpleData name="ward">16</SimpleData>
		<SimpleData name="sl__no_">17</SimpleData>
		<SimpleData name="latitude">13.1979</SimpleData>
		<SimpleData name="longitude">80.253</SimpleData>
	</SchemaData></ExtendedData>
      <Point><coordinates>80.2529608877424,13.197875912595,0</coordinates></Point>
  </Placemark>
  <Placemark>
	<ExtendedData><SchemaData schemaUrl="#chennaidss_gis_flood_hotspots_gcc_flood_hotspots_2015">
		<SimpleData name="id">242</SimpleData>
		<SimpleData name="location">NAS Garden &amp; TVS Nagar</SimpleData>
		<SimpleData name="inundation_level">Low Vulnerability less than 2 feet</SimpleData>
		<SimpleData name="vulnerability">Low Vulnerability</SimpleData>
		<SimpleData name="inundation_ft">&lt;2ft</SimpleData>
		<SimpleData name="lvul_less2">Yes</SimpleData>
		<SimpleData name="zone">7</SimpleData>
		<SimpleData name="ward">83</SimpleData>
		<SimpleData name="sl__no_">92</SimpleData>
		<SimpleData name="latitude">13.121</SimpleData>
		<SimpleData name="longitude">80.1914</SimpleData>
	</SchemaData></ExtendedData>
      <Point><coordinates>80.1913628008196,13.1209962122826,0</coordinates></Point>
  </Placemark>
  <Placemark>
	<ExtendedData><SchemaData schemaUrl="#chennaidss_gis_flood_hotspots_gcc_flood_hotspots_2015">
		<SimpleData name="id">243</SimpleData>
		<SimpleData name="location">Vandiamman Koil st</SimpleData>
		<SimpleData name="inundation_level">Low Vulnerability less than 2 feet</SimpleData>
		<SimpleData name="vulnerability">Low Vulnerability</SimpleData>
		<SimpleData name="inundation_ft">&lt;2ft</SimpleData>
		<SimpleData name="lvul_less2">Yes</SimpleData>
		<SimpleData name="zone">7</SimpleData>
		<SimpleData name="ward">93</SimpleData>
		<SimpleData name="sl__no_">96</SimpleData>
		<SimpleData name="latitude">13.0761</SimpleData>
		<SimpleData name="longitude">80.1876</SimpleData>
	</SchemaData></ExtendedData>
      <Point><coordinates>80.1876023526793,13.0761203030433,0</coordinates></Point>
  </Placemark>
  <Placemark>
	<ExtendedData><SchemaData schemaUrl="#chennaidss_gis_flood_hotspots_gcc_flood_hotspots_2015">
		<SimpleData name="id">244</SimpleData>
		<SimpleData name="location">Construction of RCC Open Box type Retaining Wall and Bed including chain link fencing to Kodungaiyur canal North wing from Ch.0.0 to Ch.850m</SimpleData>
		<SimpleData name="inundation_level">High Vulnerability 3 to 5 Feet</SimpleData>
		<SimpleData name="vulnerability">High Vulnerability</SimpleData>
		<SimpleData name="inundation_ft">3 to 5 ft</SimpleData>
		<SimpleData name="vhvul_ab5f">-</SimpleData>
		<SimpleData name="hvul_3to5f">Yes</SimpleData>
		<SimpleData name="lvul_less2">-</SimpleData>
		<SimpleData name="zone">4</SimpleData>
		<SimpleData name="ward">34</SimpleData>
		<SimpleData name="sl__no_">28</SimpleData>
		<SimpleData name="latitude">13.1366</SimpleData>
		<SimpleData name="longitude">80.2554</SimpleData>
	</SchemaData></ExtendedData>
      <Point><coordinates>80.2553879781834,13.1365531991952,0</coordinates></Point>
  </Placemark>
  <Placemark>
	<ExtendedData><SchemaData schemaUrl="#chennaidss_gis_flood_hotspots_gcc_flood_hotspots_2015">
		<SimpleData name="id">245</SimpleData>
		<SimpleData name="location">Construction of RCC Open Box type Retaining Wall and Bed including chain link fencing to Kodungaiyur canal North wing from Ch.850 to Ch.1150m</SimpleData>
		<SimpleData name="inundation_level">High Vulnerability 3 to 5 Feet</SimpleData>
		<SimpleData name="vulnerability">High Vulnerability</SimpleData>
		<SimpleData name="inundation_ft">3 to 5 ft</SimpleData>
		<SimpleData name="vhvul_ab5f">-</SimpleData>
		<SimpleData name="hvul_3to5f">Yes</SimpleData>
		<SimpleData name="lvul_less2">-</SimpleData>
		<SimpleData name="zone">4</SimpleData>
		<SimpleData name="ward">34</SimpleData>
		<SimpleData name="sl__no_">29</SimpleData>
		<SimpleData name="latitude">13.1333</SimpleData>
		<SimpleData name="longitude">80.2631</SimpleData>
	</SchemaData></ExtendedData>
      <Point><coordinates>80.2631340297412,13.1332732578923,0</coordinates></Point>
  </Placemark>
  <Placemark>
	<ExtendedData><SchemaData schemaUrl="#chennaidss_gis_flood_hotspots_gcc_flood_hotspots_2015">
		<SimpleData name="id">246</SimpleData>
		<SimpleData name="location">Construction of RCC Open Box type Retaining Wall and Bed including chain link fencing to Kodungaiyur canal North wing from Ch.1675 to Ch.2191m</SimpleData>
		<SimpleData name="inundation_level">High Vulnerability 3 to 5 Feet</SimpleData>
		<SimpleData name="vulnerability">High Vulnerability</SimpleData>
		<SimpleData name="inundation_ft">3 to 5 ft</SimpleData>
		<SimpleData name="vhvul_ab5f">-</SimpleData>
		<SimpleData name="hvul_3to5f">Yes</SimpleData>
		<SimpleData name="lvul_less2">-</SimpleData>
		<SimpleData name="zone">4</SimpleData>
		<SimpleData name="ward">34</SimpleData>
		<SimpleData name="sl__no_">30</SimpleData>
		<SimpleData name="latitude">13.1308</SimpleData>
		<SimpleData name="longitude">80.2729</SimpleData>
	</SchemaData></ExtendedData>
      <Point><coordinates>80.2729352165245,13.1308324017305,0</coordinates></Point>
  </Placemark>
  <Placemark>
	<ExtendedData><SchemaData schemaUrl="#chennaidss_gis_flood_hotspots_gcc_flood_hotspots_2015">
		<SimpleData name="id">247</SimpleData>
		<SimpleData name="location">Dismantling and Reconstruction of RCC Box type storm water drain of size 1200x1200mm along T.H Road from North Terminal road to AE koil st</SimpleData>
		<SimpleData name="inundation_level">Low Vulnerability less than 2 feet</SimpleData>
		<SimpleData name="vulnerability">Low Vulnerability</SimpleData>
		<SimpleData name="inundation_ft">&lt;2ft</SimpleData>
		<SimpleData name="vhvul_ab5f">-</SimpleData>
		<SimpleData name="lvul_less2">Yes</SimpleData>
		<SimpleData name="zone">4</SimpleData>
		<SimpleData name="ward">39</SimpleData>
		<SimpleData name="sl__no_">31</SimpleData>
		<SimpleData name="latitude">13.1385</SimpleData>
		<SimpleData name="longitude">80.2946</SimpleData>
	</SchemaData></ExtendedData>
      <Point><coordinates>80.2946475731544,13.1384673277369,0</coordinates></Point>
  </Placemark>
  <Placemark>
	<ExtendedData><SchemaData schemaUrl="#chennaidss_gis_flood_hotspots_gcc_flood_hotspots_2015">
		<SimpleData name="id">248</SimpleData>
		<SimpleData name="location">Providing Re-sectioning concrete lining and laying service road in link canal from Ch.2500 to 2940 in Captain Cotton Canal</SimpleData>
		<SimpleData name="inundation_level">High Vulnerability 3 to 5 Feet</SimpleData>
		<SimpleData name="vulnerability">High Vulnerability</SimpleData>
		<SimpleData name="inundation_ft">3 to 5 ft</SimpleData>
		<SimpleData name="vhvul_ab5f">-</SimpleData>
		<SimpleData name="hvul_3to5f">Yes</SimpleData>
		<SimpleData name="lvul_less2">-</SimpleData>
		<SimpleData name="zone">4</SimpleData>
		<SimpleData name="ward">41</SimpleData>
		<SimpleData name="sl__no_">34</SimpleData>
		<SimpleData name="latitude">13.1264</SimpleData>
		<SimpleData name="longitude">80.26</SimpleData>
	</SchemaData></ExtendedData>
      <Point><coordinates>80.2599850151173,13.1264007375079,0</coordinates></Point>
  </Placemark>
  <Placemark>
	<ExtendedData><SchemaData schemaUrl="#chennaidss_gis_flood_hotspots_gcc_flood_hotspots_2015">
		<SimpleData name="id">249</SimpleData>
		<SimpleData name="location">Providing Re-sectioning concrete lining and laying service road in link canal from Ch.2940 to 3360 in Captain Cotton Canal</SimpleData>
		<SimpleData name="inundation_level">High Vulnerability 3 to 5 Feet</SimpleData>
		<SimpleData name="vulnerability">High Vulnerability</SimpleData>
		<SimpleData name="inundation_ft">3 to 5 ft</SimpleData>
		<SimpleData name="vhvul_ab5f">-</SimpleData>
		<SimpleData name="hvul_3to5f">Yes</SimpleData>
		<SimpleData name="lvul_less2">-</SimpleData>
		<SimpleData name="zone">4</SimpleData>
		<SimpleData name="ward">41</SimpleData>
		<SimpleData name="sl__no_">35</SimpleData>
		<SimpleData name="latitude">13.1256</SimpleData>
		<SimpleData name="longitude">80.2529</SimpleData>
	</SchemaData></ExtendedData>
      <Point><coordinates>80.2529039601173,13.1255729394595,0</coordinates></Point>
  </Placemark>
  <Placemark>
	<ExtendedData><SchemaData schemaUrl="#chennaidss_gis_flood_hotspots_gcc_flood_hotspots_2015">
		<SimpleData name="id">250</SimpleData>
		<SimpleData name="location">Samuthirya Colony 1st Street</SimpleData>
		<SimpleData name="inundation_level">Low Vulnerability less than 2 feet</SimpleData>
		<SimpleData name="vulnerability">Low Vulnerability</SimpleData>
		<SimpleData name="inundation_ft">&lt;2ft</SimpleData>
		<SimpleData name="vhvul_ab5f">Nil</SimpleData>
		<SimpleData name="hvul_3to5f">Nil</SimpleData>
		<SimpleData name="lvul_less2">Yes</SimpleData>
		<SimpleData name="zone">6</SimpleData>
		<SimpleData name="ward">64</SimpleData>
		<SimpleData name="sl__no_">58</SimpleData>
		<SimpleData name="latitude">13.123</SimpleData>
		<SimpleData name="longitude">80.2222</SimpleData>
	</SchemaData></ExtendedData>
      <Point><coordinates>80.2222383127098,13.1230183607964,0</coordinates></Point>
  </Placemark>
  <Placemark>
	<ExtendedData><SchemaData schemaUrl="#chennaidss_gis_flood_hotspots_gcc_flood_hotspots_2015">
		<SimpleData name="id">251</SimpleData>
		<SimpleData name="location">Konnur High Road</SimpleData>
		<SimpleData name="inundation_level">Low Vulnerability less than 2 feet</SimpleData>
		<SimpleData name="vulnerability">Low Vulnerability</SimpleData>
		<SimpleData name="inundation_ft">&lt;2ft</SimpleData>
		<SimpleData name="vhvul_ab5f">Nil</SimpleData>
		<SimpleData name="hvul_3to5f">Nil</SimpleData>
		<SimpleData name="lvul_less2">Yes</SimpleData>
		<SimpleData name="zone">6</SimpleData>
		<SimpleData name="ward">71</SimpleData>
		<SimpleData name="sl__no_">77</SimpleData>
		<SimpleData name="latitude">13.0973</SimpleData>
		<SimpleData name="longitude">80.2424</SimpleData>
	</SchemaData></ExtendedData>
      <Point><coordinates>80.2424072913355,13.0972941615972,0</coordinates></Point>
  </Placemark>
  <Placemark>
	<ExtendedData><SchemaData schemaUrl="#chennaidss_gis_flood_hotspots_gcc_flood_hotspots_2015">
		<SimpleData name="id">252</SimpleData>
		<SimpleData name="location">Dismantling and Re-Construction of SWD of size 900x900mm along Anna Nagar 18th main road (South) Ch.500m (Reach I) from 100 feet road to Ch.500m</SimpleData>
		<SimpleData name="inundation_level">Low Vulnerability less than 2 feet</SimpleData>
		<SimpleData name="vulnerability">Low Vulnerability</SimpleData>
		<SimpleData name="inundation_ft">&lt;2ft</SimpleData>
		<SimpleData name="vhvul_ab5f">-</SimpleData>
		<SimpleData name="hvul_3to5f">-</SimpleData>
		<SimpleData name="lvul_less2">yes</SimpleData>
		<SimpleData name="zone">8</SimpleData>
		<SimpleData name="ward">95</SimpleData>
		<SimpleData name="sl__no_">99</SimpleData>
		<SimpleData name="latitude">13.0948</SimpleData>
		<SimpleData name="longitude">80.2007</SimpleData>
	</SchemaData></ExtendedData>
      <Point><coordinates>80.2007171907028,13.0948308279793,0</coordinates></Point>
  </Placemark>
  <Placemark>
	<ExtendedData><SchemaData schemaUrl="#chennaidss_gis_flood_hotspots_gcc_flood_hotspots_2015">
		<SimpleData name="id">253</SimpleData>
		<SimpleData name="location">Dismantling and Re-Construction of SWD of size 900x900mm along Anna Nagar 18th main road (South) from Ch.500m (Reach 2) to Otteri Nullah canal</SimpleData>
		<SimpleData name="inundation_level">Low Vulnerability less than 2 feet</SimpleData>
		<SimpleData name="vulnerability">Low Vulnerability</SimpleData>
		<SimpleData name="inundation_ft">&lt;2ft</SimpleData>
		<SimpleData name="vhvul_ab5f">-</SimpleData>
		<SimpleData name="hvul_3to5f">-</SimpleData>
		<SimpleData name="lvul_less2">yes</SimpleData>
		<SimpleData name="zone">8</SimpleData>
		<SimpleData name="ward">95</SimpleData>
		<SimpleData name="sl__no_">100</SimpleData>
		<SimpleData name="latitude">13.0948</SimpleData>
		<SimpleData name="longitude">80.2026</SimpleData>
	</SchemaData></ExtendedData>
      <Point><coordinates>80.2026210671741,13.0947649498042,0</coordinates></Point>
  </Placemark>
  <Placemark>
	<ExtendedData><SchemaData schemaUrl="#chennaidss_gis_flood_hotspots_gcc_flood_hotspots_2015">
		<SimpleData name="id">254</SimpleData>
		<SimpleData name="location">Dismantling and Re-Construction of SWD of size 900x900mm along Anna Nagar 18th main road (North) Ch.425m from Vasantham Colony to 2nd street (Reach II)</SimpleData>
		<SimpleData name="inundation_level">Low Vulnerability less than 2 feet</SimpleData>
		<SimpleData name="vulnerability">Low Vulnerability</SimpleData>
		<SimpleData name="inundation_ft">&lt;2ft</SimpleData>
		<SimpleData name="vhvul_ab5f">-</SimpleData>
		<SimpleData name="hvul_3to5f">-</SimpleData>
		<SimpleData name="lvul_less2">yes</SimpleData>
		<SimpleData name="zone">8</SimpleData>
		<SimpleData name="ward">95</SimpleData>
		<SimpleData name="sl__no_">101</SimpleData>
		<SimpleData name="latitude">13.0947</SimpleData>
		<SimpleData name="longitude">80.2054</SimpleData>
	</SchemaData></ExtendedData>
      <Point><coordinates>80.205359665084,13.0946872760385,0</coordinates></Point>
  </Placemark>
  <Placemark>
	<ExtendedData><SchemaData schemaUrl="#chennaidss_gis_flood_hotspots_gcc_flood_hotspots_2015">
		<SimpleData name="id">255</SimpleData>
		<SimpleData name="location">Dismantling and Reconstruction of SWD of size 900x900mm along Anna Nagar 18th main road (North) from 100' road to Ch.425m (Reach I)</SimpleData>
		<SimpleData name="inundation_level">Low Vulnerability less than 2 feet</SimpleData>
		<SimpleData name="vulnerability">Low Vulnerability</SimpleData>
		<SimpleData name="inundation_ft">&lt;2ft</SimpleData>
		<SimpleData name="vhvul_ab5f">-</SimpleData>
		<SimpleData name="hvul_3to5f">-</SimpleData>
		<SimpleData name="lvul_less2">yes</SimpleData>
		<SimpleData name="zone">8</SimpleData>
		<SimpleData name="ward">95</SimpleData>
		<SimpleData name="sl__no_">102</SimpleData>
		<SimpleData name="latitude">13.0946</SimpleData>
		<SimpleData name="longitude">80.2074</SimpleData>
	</SchemaData></ExtendedData>
      <Point><coordinates>80.2073806428466,13.0946360772694,0</coordinates></Point>
  </Placemark>
  <Placemark>
	<ExtendedData><SchemaData schemaUrl="#chennaidss_gis_flood_hotspots_gcc_flood_hotspots_2015">
		<SimpleData name="id">256</SimpleData>
		<SimpleData name="location">G.N.Chetty  Road</SimpleData>
		<SimpleData name="inundation_level">Low Vulnerability less than 2 feet</SimpleData>
		<SimpleData name="vulnerability">Low Vulnerability</SimpleData>
		<SimpleData name="inundation_ft">&lt;2ft</SimpleData>
		<SimpleData name="lvul_less2">Yes</SimpleData>
		<SimpleData name="zone">9</SimpleData>
		<SimpleData name="ward">113</SimpleData>
		<SimpleData name="sl__no_">121</SimpleData>
		<SimpleData name="latitude">13.0503</SimpleData>
		<SimpleData name="longitude">80.2485</SimpleData>
	</SchemaData></ExtendedData>
      <Point><coordinates>80.2484982014515,13.0503148284995,0</coordinates></Point>
  </Placemark>
  <Placemark>
	<ExtendedData><SchemaData schemaUrl="#chennaidss_gis_flood_hotspots_gcc_flood_hotspots_2015">
		<SimpleData name="id">257</SimpleData>
		<SimpleData name="location">Improvements of storm water drain and construction of 3 road crossing culverts Habibullah Road</SimpleData>
		<SimpleData name="inundation_level">Low Vulnerability less than 2 feet</SimpleData>
		<SimpleData name="vulnerability">Low Vulnerability</SimpleData>
		<SimpleData name="inundation_ft">&lt;2ft</SimpleData>
		<SimpleData name="lvul_less2">Yes</SimpleData>
		<SimpleData name="zone">9</SimpleData>
		<SimpleData name="ward">113</SimpleData>
		<SimpleData name="sl__no_">126</SimpleData>
		<SimpleData name="latitude">13.05</SimpleData>
		<SimpleData name="longitude">80.2384</SimpleData>
	</SchemaData></ExtendedData>
      <Point><coordinates>80.2383894669489,13.0500428460528,0</coordinates></Point>
  </Placemark>
  <Placemark>
	<ExtendedData><SchemaData schemaUrl="#chennaidss_gis_flood_hotspots_gcc_flood_hotspots_2015">
		<SimpleData name="id">258</SimpleData>
		<SimpleData name="location">North usman street</SimpleData>
		<SimpleData name="inundation_level">Low Vulnerability less than 2 feet</SimpleData>
		<SimpleData name="vulnerability">Low Vulnerability</SimpleData>
		<SimpleData name="inundation_ft">&lt;2ft</SimpleData>
		<SimpleData name="lvul_less2">Yes</SimpleData>
		<SimpleData name="zone">9</SimpleData>
		<SimpleData name="ward">113</SimpleData>
		<SimpleData name="sl__no_">122</SimpleData>
		<SimpleData name="latitude">13.0533</SimpleData>
		<SimpleData name="longitude">80.2345</SimpleData>
	</SchemaData></ExtendedData>
      <Point><coordinates>80.2344889528919,13.0532811175151,0</coordinates></Point>
  </Placemark>
  <Placemark>
	<ExtendedData><SchemaData schemaUrl="#chennaidss_gis_flood_hotspots_gcc_flood_hotspots_2015">
		<SimpleData name="id">259</SimpleData>
		<SimpleData name="location">Sarathapuram Street</SimpleData>
		<SimpleData name="inundation_level">High Vulnerability 3 to 5 Feet</SimpleData>
		<SimpleData name="vulnerability">High Vulnerability</SimpleData>
		<SimpleData name="inundation_ft">3 to 5 ft</SimpleData>
		<SimpleData name="hvul_3to5f">Yes</SimpleData>
		<SimpleData name="zone">9</SimpleData>
		<SimpleData name="ward">113</SimpleData>
		<SimpleData name="sl__no_">124</SimpleData>
		<SimpleData name="latitude">13.0321</SimpleData>
		<SimpleData name="longitude">80.2636</SimpleData>
	</SchemaData></ExtendedData>
      <Point><coordinates>80.2636136718525,13.0321335522518,0</coordinates></Point>
  </Placemark>
  <Placemark>
	<ExtendedData><SchemaData schemaUrl="#chennaidss_gis_flood_hotspots_gcc_flood_hotspots_2015">
		<SimpleData name="id">260</SimpleData>
		<SimpleData name="location">Improvements of storm water drain at North Usman Road</SimpleData>
		<SimpleData name="inundation_level">Low Vulnerability less than 2 feet</SimpleData>
		<SimpleData name="vulnerability">Low Vulnerability</SimpleData>
		<SimpleData name="inundation_ft">&lt;2ft</SimpleData>
		<SimpleData name="lvul_less2">Yes</SimpleData>
		<SimpleData name="zone">9</SimpleData>
		<SimpleData name="ward">113</SimpleData>
		<SimpleData name="sl__no_">125</SimpleData>
		<SimpleData name="latitude">13.0512</SimpleData>
		<SimpleData name="longitude">80.234</SimpleData>
	</SchemaData></ExtendedData>
      <Point><coordinates>80.2339585805982,13.0512463350481,0</coordinates></Point>
  </Placemark>
  <Placemark>
	<ExtendedData><SchemaData schemaUrl="#chennaidss_gis_flood_hotspots_gcc_flood_hotspots_2015">
		<SimpleData name="id">261</SimpleData>
		<SimpleData name="location">South boug road</SimpleData>
		<SimpleData name="inundation_level">High Vulnerability 3 to 5 Feet</SimpleData>
		<SimpleData name="vulnerability">High Vulnerability</SimpleData>
		<SimpleData name="inundation_ft">3 to 5 ft</SimpleData>
		<SimpleData name="hvul_3to5f">Yes</SimpleData>
		<SimpleData name="zone">9</SimpleData>
		<SimpleData name="ward">117</SimpleData>
		<SimpleData name="sl__no_">135</SimpleData>
		<SimpleData name="latitude">13.0347</SimpleData>
		<SimpleData name="longitude">80.2421</SimpleData>
	</SchemaData></ExtendedData>
      <Point><coordinates>80.2420860831955,13.0346672899552,0</coordinates></Point>
  </Placemark>
  <Placemark>
	<ExtendedData><SchemaData schemaUrl="#chennaidss_gis_flood_hotspots_gcc_flood_hotspots_2015">
		<SimpleData name="id">262</SimpleData>
		<SimpleData name="location">100 feet road (junction of Kaliamman Koil Street)</SimpleData>
		<SimpleData name="inundation_level">High Vulnerability 3 to 5 Feet</SimpleData>
		<SimpleData name="vulnerability">High Vulnerability</SimpleData>
		<SimpleData name="inundation_ft">3 to 5 ft</SimpleData>
		<SimpleData name="vhvul_ab5f">No</SimpleData>
		<SimpleData name="hvul_3to5f">Yes</SimpleData>
		<SimpleData name="lvul_less2">No</SimpleData>
		<SimpleData name="zone">10</SimpleData>
		<SimpleData name="ward">127</SimpleData>
		<SimpleData name="sl__no_">173</SimpleData>
		<SimpleData name="latitude">13.0722</SimpleData>
		<SimpleData name="longitude">80.2021</SimpleData>
	</SchemaData></ExtendedData>
      <Point><coordinates>80.202108059594,13.0721882918519,0</coordinates></Point>
  </Placemark>
  <Placemark>
	<ExtendedData><SchemaData schemaUrl="#chennaidss_gis_flood_hotspots_gcc_flood_hotspots_2015">
		<SimpleData name="id">263</SimpleData>
		<SimpleData name="location">Construction of Storm water drain of size 900x900mm RCC Box type drain along Kaliamman koil street at Koyambedu from Metro Water Office in Dn.111 to 100 ft road in Dn.127</SimpleData>
		<SimpleData name="inundation_level">High Vulnerability 3 to 5 Feet</SimpleData>
		<SimpleData name="vulnerability">High Vulnerability</SimpleData>
		<SimpleData name="inundation_ft">3 to 5 ft</SimpleData>
		<SimpleData name="vhvul_ab5f">No</SimpleData>
		<SimpleData name="hvul_3to5f">Yes</SimpleData>
		<SimpleData name="lvul_less2">No</SimpleData>
		<SimpleData name="zone">10</SimpleData>
		<SimpleData name="ward">0</SimpleData>
		<SimpleData name="sl__no_">310</SimpleData>
		<SimpleData name="latitude">13.0666</SimpleData>
		<SimpleData name="longitude">80.1991</SimpleData>
	</SchemaData></ExtendedData>
      <Point><coordinates>80.199099917725,13.0666311654188,0</coordinates></Point>
  </Placemark>
  <Placemark>
	<ExtendedData><SchemaData schemaUrl="#chennaidss_gis_flood_hotspots_gcc_flood_hotspots_2015">
		<SimpleData name="id">264</SimpleData>
		<SimpleData name="location">Kaliamman Koil Street(from CMWSSB STP to Sai nagar annex )</SimpleData>
		<SimpleData name="inundation_level">High Vulnerability 3 to 5 Feet</SimpleData>
		<SimpleData name="vulnerability">High Vulnerability</SimpleData>
		<SimpleData name="inundation_ft">3 to 5 ft</SimpleData>
		<SimpleData name="vhvul_ab5f">No</SimpleData>
		<SimpleData name="hvul_3to5f">Yes</SimpleData>
		<SimpleData name="lvul_less2">No</SimpleData>
		<SimpleData name="zone">10</SimpleData>
		<SimpleData name="ward">127</SimpleData>
		<SimpleData name="sl__no_">172</SimpleData>
		<SimpleData name="latitude">13.0594</SimpleData>
		<SimpleData name="longitude">80.1954</SimpleData>
	</SchemaData></ExtendedData>
      <Point><coordinates>80.1953895346036,13.0594352302225,0</coordinates></Point>
  </Placemark>
  <Placemark>
	<ExtendedData><SchemaData schemaUrl="#chennaidss_gis_flood_hotspots_gcc_flood_hotspots_2015">
		<SimpleData name="id">265</SimpleData>
		<SimpleData name="location">100 feet Road (junction of periyar pathai)</SimpleData>
		<SimpleData name="inundation_level">High Vulnerability 3 to 5 Feet</SimpleData>
		<SimpleData name="vulnerability">High Vulnerability</SimpleData>
		<SimpleData name="inundation_ft">3 to 5 ft</SimpleData>
		<SimpleData name="vhvul_ab5f">No</SimpleData>
		<SimpleData name="hvul_3to5f">Yes</SimpleData>
		<SimpleData name="lvul_less2">No</SimpleData>
		<SimpleData name="zone">10</SimpleData>
		<SimpleData name="ward">130</SimpleData>
		<SimpleData name="sl__no_">176</SimpleData>
		<SimpleData name="latitude">13.0503</SimpleData>
		<SimpleData name="longitude">80.2141</SimpleData>
	</SchemaData></ExtendedData>
      <Point><coordinates>80.2141032723539,13.0503387110137,0</coordinates></Point>
  </Placemark>
  <Placemark>
	<ExtendedData><SchemaData schemaUrl="#chennaidss_gis_flood_hotspots_gcc_flood_hotspots_2015">
		<SimpleData name="id">266</SimpleData>
		<SimpleData name="location">Ganesapuram Main  Road</SimpleData>
		<SimpleData name="inundation_level">Low Vulnerability less than 2 feet</SimpleData>
		<SimpleData name="vulnerability">Low Vulnerability</SimpleData>
		<SimpleData name="inundation_ft">&lt;2ft</SimpleData>
		<SimpleData name="vhvul_ab5f">-</SimpleData>
		<SimpleData name="hvul_3to5f">-</SimpleData>
		<SimpleData name="lvul_less2">Yes</SimpleData>
		<SimpleData name="zone">4</SimpleData>
		<SimpleData name="ward">45</SimpleData>
		<SimpleData name="sl__no_">39</SimpleData>
		<SimpleData name="latitude">13.1099</SimpleData>
		<SimpleData name="longitude">80.2607</SimpleData>
	</SchemaData></ExtendedData>
      <Point><coordinates>80.2607351698797,13.109887052247,0</coordinates></Point>
  </Placemark>
  <Placemark>
	<ExtendedData><SchemaData schemaUrl="#chennaidss_gis_flood_hotspots_gcc_flood_hotspots_2015">
		<SimpleData name="id">267</SimpleData>
		<SimpleData name="location">Dhanammal Nagar</SimpleData>
		<SimpleData name="inundation_level">Low Vulnerability less than 2 feet</SimpleData>
		<SimpleData name="vulnerability">Low Vulnerability</SimpleData>
		<SimpleData name="inundation_ft">&lt;2ft</SimpleData>
		<SimpleData name="vhvul_ab5f">Nil</SimpleData>
		<SimpleData name="hvul_3to5f">Nil</SimpleData>
		<SimpleData name="lvul_less2">Yes</SimpleData>
		<SimpleData name="zone">6</SimpleData>
		<SimpleData name="ward">64</SimpleData>
		<SimpleData name="sl__no_">57</SimpleData>
		<SimpleData name="latitude">13.1291</SimpleData>
		<SimpleData name="longitude">80.2191</SimpleData>
	</SchemaData></ExtendedData>
      <Point><coordinates>80.219056492558,13.1291270917659,0</coordinates></Point>
  </Placemark>
  <Placemark>
	<ExtendedData><SchemaData schemaUrl="#chennaidss_gis_flood_hotspots_gcc_flood_hotspots_2015">
		<SimpleData name="id">268</SimpleData>
		<SimpleData name="location">MMDA Colony 4th , 5th &amp; 6th block</SimpleData>
		<SimpleData name="inundation_level">Low Vulnerability less than 2 feet</SimpleData>
		<SimpleData name="vulnerability">Low Vulnerability</SimpleData>
		<SimpleData name="inundation_ft">&lt;2ft</SimpleData>
		<SimpleData name="lvul_less2">Yes</SimpleData>
		<SimpleData name="zone">11</SimpleData>
		<SimpleData name="ward">144</SimpleData>
		<SimpleData name="sl__no_">184</SimpleData>
		<SimpleData name="latitude">13.0631</SimpleData>
		<SimpleData name="longitude">80.1765</SimpleData>
	</SchemaData></ExtendedData>
      <Point><coordinates>80.1764905125287,13.0630815737678,0</coordinates></Point>
  </Placemark>
  <Placemark>
	<ExtendedData><SchemaData schemaUrl="#chennaidss_gis_flood_hotspots_gcc_flood_hotspots_2015">
		<SimpleData name="id">269</SimpleData>
		<SimpleData name="location">Kaviya Garden, CRR Puram Phase III, Purachi Thalivi Nagar, Bhell Nagar, Dharmarajapuram, Sathiya Nagar, Astalakshmi Avenue and Sedhu Lakshmi Avenue, River view colony</SimpleData>
		<SimpleData name="inundation_level">Low Vulnerability less than 2 feet</SimpleData>
		<SimpleData name="vulnerability">Low Vulnerability</SimpleData>
		<SimpleData name="inundation_ft">&lt;2ft</SimpleData>
		<SimpleData name="vhvul_ab5f">_</SimpleData>
		<SimpleData name="hvul_3to5f">_</SimpleData>
		<SimpleData name="lvul_less2">Yes</SimpleData>
		<SimpleData name="zone">12</SimpleData>
		<SimpleData name="ward">157</SimpleData>
		<SimpleData name="sl__no_">207</SimpleData>
		<SimpleData name="latitude">13.0188</SimpleData>
		<SimpleData name="longitude">80.1768</SimpleData>
	</SchemaData></ExtendedData>
      <Point><coordinates>80.1768512926149,13.0188314181566,0</coordinates></Point>
  </Placemark>
  <Placemark>
	<ExtendedData><SchemaData schemaUrl="#chennaidss_gis_flood_hotspots_gcc_flood_hotspots_2015">
		<SimpleData name="id">270</SimpleData>
		<SimpleData name="location">Kaviya Garden, CRR Puram Phase III, Purachi Thalivi Nagar, Bhell Nagar, Dharmarajapuram, Sathiya Nagar, Astalakshmi Avenue and Sedhu Lakshmi Avenue, River view colony</SimpleData>
		<SimpleData name="inundation_level">Low Vulnerability less than 2 feet</SimpleData>
		<SimpleData name="vulnerability">Low Vulnerability</SimpleData>
		<SimpleData name="inundation_ft">&lt;2ft</SimpleData>
		<SimpleData name="vhvul_ab5f">_</SimpleData>
		<SimpleData name="hvul_3to5f">_</SimpleData>
		<SimpleData name="lvul_less2">Yes</SimpleData>
		<SimpleData name="zone">12</SimpleData>
		<SimpleData name="ward">157</SimpleData>
		<SimpleData name="sl__no_">207</SimpleData>
		<SimpleData name="latitude">13.019</SimpleData>
		<SimpleData name="longitude">80.1817</SimpleData>
	</SchemaData></ExtendedData>
      <Point><coordinates>80.1816958752228,13.0189979804271,0</coordinates></Point>
  </Placemark>
  <Placemark>
	<ExtendedData><SchemaData schemaUrl="#chennaidss_gis_flood_hotspots_gcc_flood_hotspots_2015">
		<SimpleData name="id">271</SimpleData>
		<SimpleData name="location">Kaviya Garden, CRR Puram Phase III, Purachi Thalivi Nagar, Bhell Nagar, Dharmarajapuram, Sathiya Nagar, Astalakshmi Avenue and Sedhu Lakshmi Avenue, River view colony</SimpleData>
		<SimpleData name="inundation_level">Low Vulnerability less than 2 feet</SimpleData>
		<SimpleData name="vulnerability">Low Vulnerability</SimpleData>
		<SimpleData name="inundation_ft">&lt;2ft</SimpleData>
		<SimpleData name="vhvul_ab5f">_</SimpleData>
		<SimpleData name="hvul_3to5f">_</SimpleData>
		<SimpleData name="lvul_less2">Yes</SimpleData>
		<SimpleData name="zone">12</SimpleData>
		<SimpleData name="ward">157</SimpleData>
		<SimpleData name="sl__no_">207</SimpleData>
		<SimpleData name="latitude">13.021</SimpleData>
		<SimpleData name="longitude">80.1823</SimpleData>
	</SchemaData></ExtendedData>
      <Point><coordinates>80.1822669458642,13.021008624977,0</coordinates></Point>
  </Placemark>
  <Placemark>
	<ExtendedData><SchemaData schemaUrl="#chennaidss_gis_flood_hotspots_gcc_flood_hotspots_2015">
		<SimpleData name="id">272</SimpleData>
		<SimpleData name="location">Kaviya Garden, CRR Puram Phase III, Purachi Thalivi Nagar, Bhell Nagar, Dharmarajapuram, Sathiya Nagar, Astalakshmi Avenue and Sedhu Lakshmi Avenue, River view colony</SimpleData>
		<SimpleData name="inundation_level">Low Vulnerability less than 2 feet</SimpleData>
		<SimpleData name="vulnerability">Low Vulnerability</SimpleData>
		<SimpleData name="inundation_ft">&lt;2ft</SimpleData>
		<SimpleData name="vhvul_ab5f">_</SimpleData>
		<SimpleData name="hvul_3to5f">_</SimpleData>
		<SimpleData name="lvul_less2">Yes</SimpleData>
		<SimpleData name="zone">12</SimpleData>
		<SimpleData name="ward">157</SimpleData>
		<SimpleData name="sl__no_">207</SimpleData>
		<SimpleData name="latitude">13.0069</SimpleData>
		<SimpleData name="longitude">80.1644</SimpleData>
	</SchemaData></ExtendedData>
      <Point><coordinates>80.1644328856255,13.0069388720495,0</coordinates></Point>
  </Placemark>
  <Placemark>
	<ExtendedData><SchemaData schemaUrl="#chennaidss_gis_flood_hotspots_gcc_flood_hotspots_2015">
		<SimpleData name="id">273</SimpleData>
		<SimpleData name="location">Thillai Ganga Nagar 25 th Street,  27th Street, 28th Street, Thillai Ganga Nagar 2nd MainRoad, and 4th Main Road</SimpleData>
		<SimpleData name="inundation_level">Low Vulnerability less than 2 feet</SimpleData>
		<SimpleData name="vulnerability">Low Vulnerability</SimpleData>
		<SimpleData name="inundation_ft">&lt;2ft</SimpleData>
		<SimpleData name="vhvul_ab5f">_</SimpleData>
		<SimpleData name="hvul_3to5f">_</SimpleData>
		<SimpleData name="lvul_less2">Yes</SimpleData>
		<SimpleData name="zone">12</SimpleData>
		<SimpleData name="ward">162</SimpleData>
		<SimpleData name="sl__no_">209</SimpleData>
		<SimpleData name="latitude">12.989</SimpleData>
		<SimpleData name="longitude">80.1927</SimpleData>
	</SchemaData></ExtendedData>
      <Point><coordinates>80.192664661558,12.9889759087466,0</coordinates></Point>
  </Placemark>
  <Placemark>
	<ExtendedData><SchemaData schemaUrl="#chennaidss_gis_flood_hotspots_gcc_flood_hotspots_2015">
		<SimpleData name="id">274</SimpleData>
		<SimpleData name="location">Thillai Ganga Nagar 25 th Street,  27th Street, 28th Street, Thillai Ganga Nagar 2nd MainRoad, and 4th Main Road</SimpleData>
		<SimpleData name="inundation_level">Low Vulnerability less than 2 feet</SimpleData>
		<SimpleData name="vulnerability">Low Vulnerability</SimpleData>
		<SimpleData name="inundation_ft">&lt;2ft</SimpleData>
		<SimpleData name="vhvul_ab5f">_</SimpleData>
		<SimpleData name="hvul_3to5f">_</SimpleData>
		<SimpleData name="lvul_less2">Yes</SimpleData>
		<SimpleData name="zone">12</SimpleData>
		<SimpleData name="ward">162</SimpleData>
		<SimpleData name="sl__no_">209</SimpleData>
		<SimpleData name="latitude">12.9916</SimpleData>
		<SimpleData name="longitude">80.1944</SimpleData>
	</SchemaData></ExtendedData>
      <Point><coordinates>80.1944339679076,12.9916036403116,0</coordinates></Point>
  </Placemark>
  <Placemark>
	<ExtendedData><SchemaData schemaUrl="#chennaidss_gis_flood_hotspots_gcc_flood_hotspots_2015">
		<SimpleData name="id">275</SimpleData>
		<SimpleData name="location">Thillai Ganga Nagar 25 th Street,  27th Street, 28th Street, Thillai Ganga Nagar 2nd MainRoad, and 4th Main Road</SimpleData>
		<SimpleData name="inundation_level">Low Vulnerability less than 2 feet</SimpleData>
		<SimpleData name="vulnerability">Low Vulnerability</SimpleData>
		<SimpleData name="inundation_ft">&lt;2ft</SimpleData>
		<SimpleData name="vhvul_ab5f">_</SimpleData>
		<SimpleData name="hvul_3to5f">_</SimpleData>
		<SimpleData name="lvul_less2">Yes</SimpleData>
		<SimpleData name="zone">12</SimpleData>
		<SimpleData name="ward">162</SimpleData>
		<SimpleData name="sl__no_">209</SimpleData>
		<SimpleData name="latitude">12.9907</SimpleData>
		<SimpleData name="longitude">80.1918</SimpleData>
	</SchemaData></ExtendedData>
      <Point><coordinates>80.1918115377897,12.9907377305828,0</coordinates></Point>
  </Placemark>
  <Placemark>
	<ExtendedData><SchemaData schemaUrl="#chennaidss_gis_flood_hotspots_gcc_flood_hotspots_2015">
		<SimpleData name="id">276</SimpleData>
		<SimpleData name="location">Sastri nagar II, IX &amp; XV cross street</SimpleData>
		<SimpleData name="inundation_level">High Vulnerability 3 to 5 Feet</SimpleData>
		<SimpleData name="vulnerability">High Vulnerability</SimpleData>
		<SimpleData name="inundation_ft">3 to 5 ft</SimpleData>
		<SimpleData name="hvul_3to5f">Yes</SimpleData>
		<SimpleData name="zone">13</SimpleData>
		<SimpleData name="ward">176</SimpleData>
		<SimpleData name="sl__no_">240</SimpleData>
		<SimpleData name="latitude">12.9998</SimpleData>
		<SimpleData name="longitude">80.257</SimpleData>
	</SchemaData></ExtendedData>
      <Point><coordinates>80.2569865097343,12.9998155544288,0</coordinates></Point>
  </Placemark>
  <Placemark>
	<ExtendedData><SchemaData schemaUrl="#chennaidss_gis_flood_hotspots_gcc_flood_hotspots_2015">
		<SimpleData name="id">277</SimpleData>
		<SimpleData name="location">Astalakshmi nagar II, III, IV &amp; V streets</SimpleData>
		<SimpleData name="inundation_level">Low Vulnerability less than 2 feet</SimpleData>
		<SimpleData name="vulnerability">Low Vulnerability</SimpleData>
		<SimpleData name="inundation_ft">&lt;2ft</SimpleData>
		<SimpleData name="lvul_less2">Yes</SimpleData>
		<SimpleData name="zone">13</SimpleData>
		<SimpleData name="ward">177</SimpleData>
		<SimpleData name="sl__no_">241</SimpleData>
		<SimpleData name="latitude">12.994</SimpleData>
		<SimpleData name="longitude">80.2694</SimpleData>
	</SchemaData></ExtendedData>
      <Point><coordinates>80.2693758288391,12.9939511579635,0</coordinates></Point>
  </Placemark>
  <Placemark>
	<ExtendedData><SchemaData schemaUrl="#chennaidss_gis_flood_hotspots_gcc_flood_hotspots_2015">
		<SimpleData name="id">278</SimpleData>
		<SimpleData name="location">Astalakshmi nagar II, III, IV &amp; V streets</SimpleData>
		<SimpleData name="inundation_level">Low Vulnerability less than 2 feet</SimpleData>
		<SimpleData name="vulnerability">Low Vulnerability</SimpleData>
		<SimpleData name="inundation_ft">&lt;2ft</SimpleData>
		<SimpleData name="lvul_less2">Yes</SimpleData>
		<SimpleData name="zone">13</SimpleData>
		<SimpleData name="ward">177</SimpleData>
		<SimpleData name="sl__no_">241</SimpleData>
		<SimpleData name="latitude">12.9934</SimpleData>
		<SimpleData name="longitude">80.2699</SimpleData>
	</SchemaData></ExtendedData>
      <Point><coordinates>80.2698560318111,12.9933835145426,0</coordinates></Point>
  </Placemark>
  <Placemark>
	<ExtendedData><SchemaData schemaUrl="#chennaidss_gis_flood_hotspots_gcc_flood_hotspots_2015">
		<SimpleData name="id">279</SimpleData>
		<SimpleData name="location">Nethaji colony I to IV cross streets</SimpleData>
		<SimpleData name="inundation_level">Low Vulnerability less than 2 feet</SimpleData>
		<SimpleData name="vulnerability">Low Vulnerability</SimpleData>
		<SimpleData name="inundation_ft">&lt;2ft</SimpleData>
		<SimpleData name="lvul_less2">Yes</SimpleData>
		<SimpleData name="zone">13</SimpleData>
		<SimpleData name="ward">177</SimpleData>
		<SimpleData name="sl__no_">252</SimpleData>
		<SimpleData name="latitude">12.9826</SimpleData>
		<SimpleData name="longitude">80.2107</SimpleData>
	</SchemaData></ExtendedData>
      <Point><coordinates>80.2107490667184,12.9825740687091,0</coordinates></Point>
  </Placemark>
  <Placemark>
	<ExtendedData><SchemaData schemaUrl="#chennaidss_gis_flood_hotspots_gcc_flood_hotspots_2015">
		<SimpleData name="id">280</SimpleData>
		<SimpleData name="location">Nethaji colony I to IV cross streets</SimpleData>
		<SimpleData name="inundation_level">Low Vulnerability less than 2 feet</SimpleData>
		<SimpleData name="vulnerability">Low Vulnerability</SimpleData>
		<SimpleData name="inundation_ft">&lt;2ft</SimpleData>
		<SimpleData name="lvul_less2">Yes</SimpleData>
		<SimpleData name="zone">13</SimpleData>
		<SimpleData name="ward">177</SimpleData>
		<SimpleData name="sl__no_">252</SimpleData>
		<SimpleData name="latitude">12.9827</SimpleData>
		<SimpleData name="longitude">80.2114</SimpleData>
	</SchemaData></ExtendedData>
      <Point><coordinates>80.2113628074455,12.9826594918295,0</coordinates></Point>
  </Placemark>
  <Placemark>
	<ExtendedData><SchemaData schemaUrl="#chennaidss_gis_flood_hotspots_gcc_flood_hotspots_2015">
		<SimpleData name="id">281</SimpleData>
		<SimpleData name="location">Nethaji colony I to IV cross streets</SimpleData>
		<SimpleData name="inundation_level">Low Vulnerability less than 2 feet</SimpleData>
		<SimpleData name="vulnerability">Low Vulnerability</SimpleData>
		<SimpleData name="inundation_ft">&lt;2ft</SimpleData>
		<SimpleData name="lvul_less2">Yes</SimpleData>
		<SimpleData name="zone">13</SimpleData>
		<SimpleData name="ward">177</SimpleData>
		<SimpleData name="sl__no_">252</SimpleData>
		<SimpleData name="latitude">12.9827</SimpleData>
		<SimpleData name="longitude">80.2119</SimpleData>
	</SchemaData></ExtendedData>
      <Point><coordinates>80.2118854767004,12.9827471107387,0</coordinates></Point>
  </Placemark>
  <Placemark>
	<ExtendedData><SchemaData schemaUrl="#chennaidss_gis_flood_hotspots_gcc_flood_hotspots_2015">
		<SimpleData name="id">282</SimpleData>
		<SimpleData name="location">Nethaji colony I to IV cross streets</SimpleData>
		<SimpleData name="inundation_level">Low Vulnerability less than 2 feet</SimpleData>
		<SimpleData name="vulnerability">Low Vulnerability</SimpleData>
		<SimpleData name="inundation_ft">&lt;2ft</SimpleData>
		<SimpleData name="lvul_less2">Yes</SimpleData>
		<SimpleData name="zone">13</SimpleData>
		<SimpleData name="ward">177</SimpleData>
		<SimpleData name="sl__no_">252</SimpleData>
		<SimpleData name="latitude">12.9826</SimpleData>
		<SimpleData name="longitude">80.2122</SimpleData>
	</SchemaData></ExtendedData>
      <Point><coordinates>80.2121976717621,12.9825927667264,0</coordinates></Point>
  </Placemark>
  <Placemark>
	<ExtendedData><SchemaData schemaUrl="#chennaidss_gis_flood_hotspots_gcc_flood_hotspots_2015">
		<SimpleData name="id">283</SimpleData>
		<SimpleData name="location">Andal nagar extn I to III streets</SimpleData>
		<SimpleData name="inundation_level">Low Vulnerability less than 2 feet</SimpleData>
		<SimpleData name="vulnerability">Low Vulnerability</SimpleData>
		<SimpleData name="inundation_ft">&lt;2ft</SimpleData>
		<SimpleData name="lvul_less2">Yes</SimpleData>
		<SimpleData name="zone">13</SimpleData>
		<SimpleData name="ward">177</SimpleData>
		<SimpleData name="sl__no_">253</SimpleData>
		<SimpleData name="latitude">12.9796</SimpleData>
		<SimpleData name="longitude">80.2114</SimpleData>
	</SchemaData></ExtendedData>
      <Point><coordinates>80.2113849232109,12.9795932370038,0</coordinates></Point>
  </Placemark>
  <Placemark>
	<ExtendedData><SchemaData schemaUrl="#chennaidss_gis_flood_hotspots_gcc_flood_hotspots_2015">
		<SimpleData name="id">284</SimpleData>
		<SimpleData name="location">Andal nagar extn I to III streets</SimpleData>
		<SimpleData name="inundation_level">Low Vulnerability less than 2 feet</SimpleData>
		<SimpleData name="vulnerability">Low Vulnerability</SimpleData>
		<SimpleData name="inundation_ft">&lt;2ft</SimpleData>
		<SimpleData name="lvul_less2">Yes</SimpleData>
		<SimpleData name="zone">13</SimpleData>
		<SimpleData name="ward">177</SimpleData>
		<SimpleData name="sl__no_">253</SimpleData>
		<SimpleData name="latitude">12.98</SimpleData>
		<SimpleData name="longitude">80.2116</SimpleData>
	</SchemaData></ExtendedData>
      <Point><coordinates>80.2116284956263,12.9800151834657,0</coordinates></Point>
  </Placemark>
  <Placemark>
	<ExtendedData><SchemaData schemaUrl="#chennaidss_gis_flood_hotspots_gcc_flood_hotspots_2015">
		<SimpleData name="id">285</SimpleData>
		<SimpleData name="location">Andal nagar extn I to III streets</SimpleData>
		<SimpleData name="inundation_level">Low Vulnerability less than 2 feet</SimpleData>
		<SimpleData name="vulnerability">Low Vulnerability</SimpleData>
		<SimpleData name="inundation_ft">&lt;2ft</SimpleData>
		<SimpleData name="lvul_less2">Yes</SimpleData>
		<SimpleData name="zone">13</SimpleData>
		<SimpleData name="ward">177</SimpleData>
		<SimpleData name="sl__no_">253</SimpleData>
		<SimpleData name="latitude">12.9803</SimpleData>
		<SimpleData name="longitude">80.2112</SimpleData>
	</SchemaData></ExtendedData>
      <Point><coordinates>80.2112129294501,12.9803002586549,0</coordinates></Point>
  </Placemark>
  <Placemark>
	<ExtendedData><SchemaData schemaUrl="#chennaidss_gis_flood_hotspots_gcc_flood_hotspots_2015">
		<SimpleData name="id">286</SimpleData>
		<SimpleData name="location">V.G.P Selva nagar  I cross street &amp; I main road</SimpleData>
		<SimpleData name="inundation_level">Very High Vulnerability Above 5 Feet</SimpleData>
		<SimpleData name="vulnerability">Very High Vulnerability</SimpleData>
		<SimpleData name="inundation_ft">&gt;5ft</SimpleData>
		<SimpleData name="vhvul_ab5f">Yes</SimpleData>
		<SimpleData name="zone">13</SimpleData>
		<SimpleData name="ward">179</SimpleData>
		<SimpleData name="sl__no_">268</SimpleData>
		<SimpleData name="latitude">12.9721</SimpleData>
		<SimpleData name="longitude">80.2198</SimpleData>
	</SchemaData></ExtendedData>
      <Point><coordinates>80.2198149862411,12.9720791128307,0</coordinates></Point>
  </Placemark>
  <Placemark>
	<ExtendedData><SchemaData schemaUrl="#chennaidss_gis_flood_hotspots_gcc_flood_hotspots_2015">
		<SimpleData name="id">287</SimpleData>
		<SimpleData name="location">V.G.P Selva nagar  I cross street &amp; I main road</SimpleData>
		<SimpleData name="inundation_level">Very High Vulnerability Above 5 Feet</SimpleData>
		<SimpleData name="vulnerability">Very High Vulnerability</SimpleData>
		<SimpleData name="inundation_ft">&gt;5ft</SimpleData>
		<SimpleData name="vhvul_ab5f">Yes</SimpleData>
		<SimpleData name="zone">13</SimpleData>
		<SimpleData name="ward">179</SimpleData>
		<SimpleData name="sl__no_">268</SimpleData>
		<SimpleData name="latitude">12.9713</SimpleData>
		<SimpleData name="longitude">80.2216</SimpleData>
	</SchemaData></ExtendedData>
      <Point><coordinates>80.2215987056334,12.9712545148988,0</coordinates></Point>
  </Placemark>
  <Placemark>
	<ExtendedData><SchemaData schemaUrl="#chennaidss_gis_flood_hotspots_gcc_flood_hotspots_2015">
		<SimpleData name="id">288</SimpleData>
		<SimpleData name="location">Sastri street (Part)</SimpleData>
		<SimpleData name="inundation_level">Very High Vulnerability Above 5 Feet</SimpleData>
		<SimpleData name="vulnerability">Very High Vulnerability</SimpleData>
		<SimpleData name="inundation_ft">&gt;5ft</SimpleData>
		<SimpleData name="vhvul_ab5f">Yes</SimpleData>
		<SimpleData name="zone">13</SimpleData>
		<SimpleData name="ward">179</SimpleData>
		<SimpleData name="sl__no_">265</SimpleData>
		<SimpleData name="latitude">12.9761</SimpleData>
		<SimpleData name="longitude">80.2278</SimpleData>
	</SchemaData></ExtendedData>
      <Point><coordinates>80.2278302455463,12.9760563887355,0</coordinates></Point>
  </Placemark>
  <Placemark>
	<ExtendedData><SchemaData schemaUrl="#chennaidss_gis_flood_hotspots_gcc_flood_hotspots_2015">
		<SimpleData name="id">289</SimpleData>
		<SimpleData name="location">Vallalar street - Annai Indra nagar</SimpleData>
		<SimpleData name="inundation_level">Very High Vulnerability Above 5 Feet</SimpleData>
		<SimpleData name="vulnerability">Very High Vulnerability</SimpleData>
		<SimpleData name="inundation_ft">&gt;5ft</SimpleData>
		<SimpleData name="vhvul_ab5f">Yes</SimpleData>
		<SimpleData name="zone">13</SimpleData>
		<SimpleData name="ward">179</SimpleData>
		<SimpleData name="sl__no_">262</SimpleData>
		<SimpleData name="latitude">12.9767</SimpleData>
		<SimpleData name="longitude">80.2263</SimpleData>
	</SchemaData></ExtendedData>
      <Point><coordinates>80.2262898531484,12.9766929734428,0</coordinates></Point>
  </Placemark>
  <Placemark>
	<ExtendedData><SchemaData schemaUrl="#chennaidss_gis_flood_hotspots_gcc_flood_hotspots_2015">
		<SimpleData name="id">290</SimpleData>
		<SimpleData name="location">Sivasakthi  street - Annai Indra nagar</SimpleData>
		<SimpleData name="inundation_level">Very High Vulnerability Above 5 Feet</SimpleData>
		<SimpleData name="vulnerability">Very High Vulnerability</SimpleData>
		<SimpleData name="inundation_ft">&gt;5ft</SimpleData>
		<SimpleData name="vhvul_ab5f">Yes</SimpleData>
		<SimpleData name="zone">13</SimpleData>
		<SimpleData name="ward">179</SimpleData>
		<SimpleData name="sl__no_">263</SimpleData>
		<SimpleData name="latitude">12.9761</SimpleData>
		<SimpleData name="longitude">80.2275</SimpleData>
	</SchemaData></ExtendedData>
      <Point><coordinates>80.2274796772192,12.9761207453881,0</coordinates></Point>
  </Placemark>
  <Placemark>
	<ExtendedData><SchemaData schemaUrl="#chennaidss_gis_flood_hotspots_gcc_flood_hotspots_2015">
		<SimpleData name="id">291</SimpleData>
		<SimpleData name="location">A.G.S Colony VI street</SimpleData>
		<SimpleData name="inundation_level">Low Vulnerability less than 2 feet</SimpleData>
		<SimpleData name="vulnerability">Low Vulnerability</SimpleData>
		<SimpleData name="inundation_ft">&lt;2ft</SimpleData>
		<SimpleData name="lvul_less2">Yes</SimpleData>
		<SimpleData name="zone">13</SimpleData>
		<SimpleData name="ward">177</SimpleData>
		<SimpleData name="sl__no_">247</SimpleData>
		<SimpleData name="latitude">12.9784</SimpleData>
		<SimpleData name="longitude">80.2103</SimpleData>
	</SchemaData></ExtendedData>
      <Point><coordinates>80.2102978773894,12.9783533494631,0</coordinates></Point>
  </Placemark>
  <Placemark>
	<ExtendedData><SchemaData schemaUrl="#chennaidss_gis_flood_hotspots_gcc_flood_hotspots_2015">
		<SimpleData name="id">292</SimpleData>
		<SimpleData name="location">Mahalakshmi nagar III cross street</SimpleData>
		<SimpleData name="inundation_level">Low Vulnerability less than 2 feet</SimpleData>
		<SimpleData name="vulnerability">Low Vulnerability</SimpleData>
		<SimpleData name="inundation_ft">&lt;2ft</SimpleData>
		<SimpleData name="lvul_less2">Yes</SimpleData>
		<SimpleData name="zone">13</SimpleData>
		<SimpleData name="ward">177</SimpleData>
		<SimpleData name="sl__no_">256</SimpleData>
		<SimpleData name="latitude">12.983</SimpleData>
		<SimpleData name="longitude">80.207</SimpleData>
	</SchemaData></ExtendedData>
      <Point><coordinates>80.2069600527818,12.9829975258502,0</coordinates></Point>
  </Placemark>
  <Placemark>
	<ExtendedData><SchemaData schemaUrl="#chennaidss_gis_flood_hotspots_gcc_flood_hotspots_2015">
		<SimpleData name="id">293</SimpleData>
		<SimpleData name="location">Mosque street</SimpleData>
		<SimpleData name="inundation_level">Low Vulnerability less than 2 feet</SimpleData>
		<SimpleData name="vulnerability">Low Vulnerability</SimpleData>
		<SimpleData name="inundation_ft">&lt;2ft</SimpleData>
		<SimpleData name="lvul_less2">Yes</SimpleData>
		<SimpleData name="zone">13</SimpleData>
		<SimpleData name="ward">174</SimpleData>
		<SimpleData name="sl__no_">231</SimpleData>
		<SimpleData name="latitude">13.0005</SimpleData>
		<SimpleData name="longitude">80.2097</SimpleData>
	</SchemaData></ExtendedData>
      <Point><coordinates>80.2096540606674,13.0004659181931,0</coordinates></Point>
  </Placemark>
  <Placemark>
	<ExtendedData><SchemaData schemaUrl="#chennaidss_gis_flood_hotspots_gcc_flood_hotspots_2015">
		<SimpleData name="id">294</SimpleData>
		<SimpleData name="location">Ambedkar nagar II main road</SimpleData>
		<SimpleData name="inundation_level">Low Vulnerability less than 2 feet</SimpleData>
		<SimpleData name="vulnerability">Low Vulnerability</SimpleData>
		<SimpleData name="inundation_ft">&lt;2ft</SimpleData>
		<SimpleData name="lvul_less2">Yes</SimpleData>
		<SimpleData name="zone">13</SimpleData>
		<SimpleData name="ward">177</SimpleData>
		<SimpleData name="sl__no_">244</SimpleData>
		<SimpleData name="latitude">12.991</SimpleData>
		<SimpleData name="longitude">80.2083</SimpleData>
	</SchemaData></ExtendedData>
      <Point><coordinates>80.2083030069338,12.9910313098412,0</coordinates></Point>
  </Placemark>
  <Placemark>
	<ExtendedData><SchemaData schemaUrl="#chennaidss_gis_flood_hotspots_gcc_flood_hotspots_2015">
		<SimpleData name="id">295</SimpleData>
		<SimpleData name="location">Ambedkar nagar I cross street</SimpleData>
		<SimpleData name="inundation_level">Low Vulnerability less than 2 feet</SimpleData>
		<SimpleData name="vulnerability">Low Vulnerability</SimpleData>
		<SimpleData name="inundation_ft">&lt;2ft</SimpleData>
		<SimpleData name="lvul_less2">Yes</SimpleData>
		<SimpleData name="zone">13</SimpleData>
		<SimpleData name="ward">177</SimpleData>
		<SimpleData name="sl__no_">250</SimpleData>
		<SimpleData name="latitude">12.9921</SimpleData>
		<SimpleData name="longitude">80.2096</SimpleData>
	</SchemaData></ExtendedData>
      <Point><coordinates>80.2095901897728,12.9920542816723,0</coordinates></Point>
  </Placemark>
  <Placemark>
	<ExtendedData><SchemaData schemaUrl="#chennaidss_gis_flood_hotspots_gcc_flood_hotspots_2015">
		<SimpleData name="id">296</SimpleData>
		<SimpleData name="location">Neruppumedu</SimpleData>
		<SimpleData name="inundation_level">Very High Vulnerability Above 5 Feet</SimpleData>
		<SimpleData name="vulnerability">Very High Vulnerability</SimpleData>
		<SimpleData name="inundation_ft">&gt;5ft</SimpleData>
		<SimpleData name="vhvul_ab5f">Yes</SimpleData>
		<SimpleData name="zone">13</SimpleData>
		<SimpleData name="ward">170</SimpleData>
		<SimpleData name="sl__no_">219</SimpleData>
		<SimpleData name="latitude">13.0181</SimpleData>
		<SimpleData name="longitude">80.2189</SimpleData>
	</SchemaData></ExtendedData>
      <Point><coordinates>80.2189415943178,13.0180786327318,0</coordinates></Point>
  </Placemark>
  <Placemark>
	<ExtendedData><SchemaData schemaUrl="#chennaidss_gis_flood_hotspots_gcc_flood_hotspots_2015">
		<SimpleData name="id">297</SimpleData>
		<SimpleData name="location">Venkateswara nagar III main road</SimpleData>
		<SimpleData name="inundation_level">Low Vulnerability less than 2 feet</SimpleData>
		<SimpleData name="vulnerability">Low Vulnerability</SimpleData>
		<SimpleData name="inundation_ft">&lt;2ft</SimpleData>
		<SimpleData name="lvul_less2">Yes</SimpleData>
		<SimpleData name="zone">13</SimpleData>
		<SimpleData name="ward">177</SimpleData>
		<SimpleData name="sl__no_">254</SimpleData>
		<SimpleData name="latitude">12.9796</SimpleData>
		<SimpleData name="longitude">80.2167</SimpleData>
	</SchemaData></ExtendedData>
      <Point><coordinates>80.2167177731038,12.9795674377268,0</coordinates></Point>
  </Placemark>
  <Placemark>
	<ExtendedData><SchemaData schemaUrl="#chennaidss_gis_flood_hotspots_gcc_flood_hotspots_2015">
		<SimpleData name="id">298</SimpleData>
		<SimpleData name="location">Vinayagapuram</SimpleData>
		<SimpleData name="inundation_level">Very High Vulnerability Above 5 Feet</SimpleData>
		<SimpleData name="vulnerability">Very High Vulnerability</SimpleData>
		<SimpleData name="inundation_ft">&gt;5ft</SimpleData>
		<SimpleData name="vhvul_ab5f">Yes</SimpleData>
		<SimpleData name="zone">13</SimpleData>
		<SimpleData name="ward">170</SimpleData>
		<SimpleData name="sl__no_">220</SimpleData>
		<SimpleData name="latitude">13.0202</SimpleData>
		<SimpleData name="longitude">80.2133</SimpleData>
	</SchemaData></ExtendedData>
      <Point><coordinates>80.2133309496151,13.020153355478,0</coordinates></Point>
  </Placemark>
  <Placemark>
	<ExtendedData><SchemaData schemaUrl="#chennaidss_gis_flood_hotspots_gcc_flood_hotspots_2015">
		<SimpleData name="id">299</SimpleData>
		<SimpleData name="location">C.S.I.R road</SimpleData>
		<SimpleData name="inundation_level">Low Vulnerability less than 2 feet</SimpleData>
		<SimpleData name="vulnerability">Low Vulnerability</SimpleData>
		<SimpleData name="inundation_ft">&lt;2ft</SimpleData>
		<SimpleData name="lvul_less2">Yes</SimpleData>
		<SimpleData name="zone">13</SimpleData>
		<SimpleData name="ward">180</SimpleData>
		<SimpleData name="sl__no_">276</SimpleData>
		<SimpleData name="latitude">12.9863</SimpleData>
		<SimpleData name="longitude">80.2467</SimpleData>
	</SchemaData></ExtendedData>
      <Point><coordinates>80.2467393552384,12.9863075667413,0</coordinates></Point>
  </Placemark>
  <Placemark>
	<ExtendedData><SchemaData schemaUrl="#chennaidss_gis_flood_hotspots_gcc_flood_hotspots_2015">
		<SimpleData name="id">300</SimpleData>
		<SimpleData name="location">Nehru nagar -  Anbil Dharmalingam street</SimpleData>
		<SimpleData name="inundation_level">High Vulnerability 3 to 5 Feet</SimpleData>
		<SimpleData name="vulnerability">High Vulnerability</SimpleData>
		<SimpleData name="inundation_ft">3 to 5 ft</SimpleData>
		<SimpleData name="hvul_3to5f">Yes</SimpleData>
		<SimpleData name="zone">13</SimpleData>
		<SimpleData name="ward">174</SimpleData>
		<SimpleData name="sl__no_">234</SimpleData>
		<SimpleData name="latitude">12.9933</SimpleData>
		<SimpleData name="longitude">80.2165</SimpleData>
	</SchemaData></ExtendedData>
      <Point><coordinates>80.2164505473592,12.9933385819253,0</coordinates></Point>
  </Placemark>
  <Placemark>
	<ExtendedData><SchemaData schemaUrl="#chennaidss_gis_flood_hotspots_gcc_flood_hotspots_2015">
		<SimpleData name="id">301</SimpleData>
		<SimpleData name="location">Kamarajar street - Nehru nagar</SimpleData>
		<SimpleData name="inundation_level">Low Vulnerability less than 2 feet</SimpleData>
		<SimpleData name="vulnerability">Low Vulnerability</SimpleData>
		<SimpleData name="inundation_ft">&lt;2ft</SimpleData>
		<SimpleData name="lvul_less2">Yes</SimpleData>
		<SimpleData name="zone">13</SimpleData>
		<SimpleData name="ward">177</SimpleData>
		<SimpleData name="sl__no_">245</SimpleData>
		<SimpleData name="latitude">12.9946</SimpleData>
		<SimpleData name="longitude">80.2127</SimpleData>
	</SchemaData></ExtendedData>
      <Point><coordinates>80.2126657042389,12.9946118523895,0</coordinates></Point>
  </Placemark>
  <Placemark>
	<ExtendedData><SchemaData schemaUrl="#chennaidss_gis_flood_hotspots_gcc_flood_hotspots_2015">
		<SimpleData name="id">302</SimpleData>
		<SimpleData name="location">Kasthuri avenue</SimpleData>
		<SimpleData name="inundation_level">High Vulnerability 3 to 5 Feet</SimpleData>
		<SimpleData name="vulnerability">High Vulnerability</SimpleData>
		<SimpleData name="inundation_ft">3 to 5 ft</SimpleData>
		<SimpleData name="hvul_3to5f">Yes</SimpleData>
		<SimpleData name="zone">13</SimpleData>
		<SimpleData name="ward">173</SimpleData>
		<SimpleData name="sl__no_">230</SimpleData>
		<SimpleData name="latitude">13.0182</SimpleData>
		<SimpleData name="longitude">80.2711</SimpleData>
	</SchemaData></ExtendedData>
      <Point><coordinates>80.2711214418071,13.0182028734741,0</coordinates></Point>
  </Placemark>
  <Placemark>
	<ExtendedData><SchemaData schemaUrl="#chennaidss_gis_flood_hotspots_gcc_flood_hotspots_2015">
		<SimpleData name="id">303</SimpleData>
		<SimpleData name="location">Vasantha avenue</SimpleData>
		<SimpleData name="inundation_level">High Vulnerability 3 to 5 Feet</SimpleData>
		<SimpleData name="vulnerability">High Vulnerability</SimpleData>
		<SimpleData name="inundation_ft">3 to 5 ft</SimpleData>
		<SimpleData name="hvul_3to5f">Yes</SimpleData>
		<SimpleData name="zone">13</SimpleData>
		<SimpleData name="ward">173</SimpleData>
		<SimpleData name="sl__no_">229</SimpleData>
		<SimpleData name="latitude">13.0188</SimpleData>
		<SimpleData name="longitude">80.2714</SimpleData>
	</SchemaData></ExtendedData>
      <Point><coordinates>80.2713917528555,13.018750671655,0</coordinates></Point>
  </Placemark>
  <Placemark>
	<ExtendedData><SchemaData schemaUrl="#chennaidss_gis_flood_hotspots_gcc_flood_hotspots_2015">
		<SimpleData name="id">304</SimpleData>
		<SimpleData name="location">Srinivasa avenue</SimpleData>
		<SimpleData name="inundation_level">High Vulnerability 3 to 5 Feet</SimpleData>
		<SimpleData name="vulnerability">High Vulnerability</SimpleData>
		<SimpleData name="inundation_ft">3 to 5 ft</SimpleData>
		<SimpleData name="hvul_3to5f">Yes</SimpleData>
		<SimpleData name="zone">13</SimpleData>
		<SimpleData name="ward">173</SimpleData>
		<SimpleData name="sl__no_">227</SimpleData>
		<SimpleData name="latitude">13.022</SimpleData>
		<SimpleData name="longitude">80.2612</SimpleData>
	</SchemaData></ExtendedData>
      <Point><coordinates>80.2612110361528,13.0220070977117,0</coordinates></Point>
  </Placemark>
  <Placemark>
	<ExtendedData><SchemaData schemaUrl="#chennaidss_gis_flood_hotspots_gcc_flood_hotspots_2015">
		<SimpleData name="id">305</SimpleData>
		<SimpleData name="location">R.A Puram IV cross street</SimpleData>
		<SimpleData name="inundation_level">High Vulnerability 3 to 5 Feet</SimpleData>
		<SimpleData name="vulnerability">High Vulnerability</SimpleData>
		<SimpleData name="inundation_ft">3 to 5 ft</SimpleData>
		<SimpleData name="hvul_3to5f">Yes</SimpleData>
		<SimpleData name="zone">13</SimpleData>
		<SimpleData name="ward">173</SimpleData>
		<SimpleData name="sl__no_">225</SimpleData>
		<SimpleData name="latitude">13.0231</SimpleData>
		<SimpleData name="longitude">80.2605</SimpleData>
	</SchemaData></ExtendedData>
      <Point><coordinates>80.2604542404856,13.0231223056731,0</coordinates></Point>
  </Placemark>
  <Placemark>
	<ExtendedData><SchemaData schemaUrl="#chennaidss_gis_flood_hotspots_gcc_flood_hotspots_2015">
		<SimpleData name="id">306</SimpleData>
		<SimpleData name="location">Valleswaranthottam</SimpleData>
		<SimpleData name="inundation_level">High Vulnerability 3 to 5 Feet</SimpleData>
		<SimpleData name="vulnerability">High Vulnerability</SimpleData>
		<SimpleData name="inundation_ft">3 to 5 ft</SimpleData>
		<SimpleData name="hvul_3to5f">Yes</SimpleData>
		<SimpleData name="zone">13</SimpleData>
		<SimpleData name="ward">173</SimpleData>
		<SimpleData name="sl__no_">226</SimpleData>
		<SimpleData name="latitude">13.0235</SimpleData>
		<SimpleData name="longitude">80.2602</SimpleData>
	</SchemaData></ExtendedData>
      <Point><coordinates>80.2601752354216,13.0235067661204,0</coordinates></Point>
  </Placemark>
  <Placemark>
	<ExtendedData><SchemaData schemaUrl="#chennaidss_gis_flood_hotspots_gcc_flood_hotspots_2015">
		<SimpleData name="id">307</SimpleData>
		<SimpleData name="location">Chetti thottam</SimpleData>
		<SimpleData name="inundation_level">Very High Vulnerability Above 5 Feet</SimpleData>
		<SimpleData name="vulnerability">Very High Vulnerability</SimpleData>
		<SimpleData name="inundation_ft">&gt;5ft</SimpleData>
		<SimpleData name="vhvul_ab5f">Yes</SimpleData>
		<SimpleData name="zone">13</SimpleData>
		<SimpleData name="ward">170</SimpleData>
		<SimpleData name="sl__no_">218</SimpleData>
		<SimpleData name="latitude">13.0181</SimpleData>
		<SimpleData name="longitude">80.2177</SimpleData>
	</SchemaData></ExtendedData>
      <Point><coordinates>80.2177377431667,13.0180704625763,0</coordinates></Point>
  </Placemark>
  <Placemark>
	<ExtendedData><SchemaData schemaUrl="#chennaidss_gis_flood_hotspots_gcc_flood_hotspots_2015">
		<SimpleData name="id">308</SimpleData>
		<SimpleData name="location">Anusuyamandapam</SimpleData>
		<SimpleData name="inundation_level">Very High Vulnerability Above 5 Feet</SimpleData>
		<SimpleData name="vulnerability">Very High Vulnerability</SimpleData>
		<SimpleData name="inundation_ft">&gt;5ft</SimpleData>
		<SimpleData name="vhvul_ab5f">Yes</SimpleData>
		<SimpleData name="zone">13</SimpleData>
		<SimpleData name="ward">170</SimpleData>
		<SimpleData name="sl__no_">221</SimpleData>
		<SimpleData name="latitude">13.0163</SimpleData>
		<SimpleData name="longitude">80.2252</SimpleData>
	</SchemaData></ExtendedData>
      <Point><coordinates>80.2251868534779,13.0163120298697,0</coordinates></Point>
  </Placemark>
  <Placemark>
	<ExtendedData><SchemaData schemaUrl="#chennaidss_gis_flood_hotspots_gcc_flood_hotspots_2015">
		<SimpleData name="id">309</SimpleData>
		<SimpleData name="location">Velachery main road</SimpleData>
		<SimpleData name="inundation_level">High Vulnerability 3 to 5 Feet</SimpleData>
		<SimpleData name="vulnerability">High Vulnerability</SimpleData>
		<SimpleData name="inundation_ft">3 to 5 ft</SimpleData>
		<SimpleData name="hvul_3to5f">Yes</SimpleData>
		<SimpleData name="zone">13</SimpleData>
		<SimpleData name="ward">174</SimpleData>
		<SimpleData name="sl__no_">235</SimpleData>
		<SimpleData name="latitude">13.0002</SimpleData>
		<SimpleData name="longitude">80.2199</SimpleData>
	</SchemaData></ExtendedData>
      <Point><coordinates>80.2199290252127,13.0002055838718,0</coordinates></Point>
  </Placemark>
  <Placemark>
	<ExtendedData><SchemaData schemaUrl="#chennaidss_gis_flood_hotspots_gcc_flood_hotspots_2015">
		<SimpleData name="id">310</SimpleData>
		<SimpleData name="location">Sarathy nagar</SimpleData>
		<SimpleData name="inundation_level">Very High Vulnerability Above 5 Feet</SimpleData>
		<SimpleData name="vulnerability">Very High Vulnerability</SimpleData>
		<SimpleData name="inundation_ft">&gt;5ft</SimpleData>
		<SimpleData name="vhvul_ab5f">Yes</SimpleData>
		<SimpleData name="zone">13</SimpleData>
		<SimpleData name="ward">179</SimpleData>
		<SimpleData name="sl__no_">275</SimpleData>
		<SimpleData name="latitude">12.9754</SimpleData>
		<SimpleData name="longitude">80.2221</SimpleData>
	</SchemaData></ExtendedData>
      <Point><coordinates>80.2220603053275,12.9753611419158,0</coordinates></Point>
  </Placemark>
  <Placemark>
	<ExtendedData><SchemaData schemaUrl="#chennaidss_gis_flood_hotspots_gcc_flood_hotspots_2015">
		<SimpleData name="id">311</SimpleData>
		<SimpleData name="location">ASK Nagar</SimpleData>
		<SimpleData name="inundation_level">Low Vulnerability less than 2 feet</SimpleData>
		<SimpleData name="vulnerability">Low Vulnerability</SimpleData>
		<SimpleData name="inundation_ft">&lt;2ft</SimpleData>
		<SimpleData name="lvul_less2">Yes</SimpleData>
		<SimpleData name="zone">13</SimpleData>
		<SimpleData name="ward">177</SimpleData>
		<SimpleData name="sl__no_">248</SimpleData>
		<SimpleData name="latitude">12.9927</SimpleData>
		<SimpleData name="longitude">80.2077</SimpleData>
	</SchemaData></ExtendedData>
      <Point><coordinates>80.207729304247,12.9926609137497,0</coordinates></Point>
  </Placemark>
  <Placemark>
	<ExtendedData><SchemaData schemaUrl="#chennaidss_gis_flood_hotspots_gcc_flood_hotspots_2015">
		<SimpleData name="id">312</SimpleData>
		<SimpleData name="location">Brindavan nagar II street</SimpleData>
		<SimpleData name="inundation_level">High Vulnerability 3 to 5 Feet</SimpleData>
		<SimpleData name="vulnerability">High Vulnerability</SimpleData>
		<SimpleData name="inundation_ft">3 to 5 ft</SimpleData>
		<SimpleData name="hvul_3to5f">Yes</SimpleData>
		<SimpleData name="zone">13</SimpleData>
		<SimpleData name="ward">177</SimpleData>
		<SimpleData name="sl__no_">257</SimpleData>
		<SimpleData name="latitude">12.9829</SimpleData>
		<SimpleData name="longitude">80.2097</SimpleData>
	</SchemaData></ExtendedData>
      <Point><coordinates>80.2096845344201,12.9829152706641,0</coordinates></Point>
  </Placemark>
  <Placemark>
	<ExtendedData><SchemaData schemaUrl="#chennaidss_gis_flood_hotspots_gcc_flood_hotspots_2015">
		<SimpleData name="id">313</SimpleData>
		<SimpleData name="location">Ex Service man colony</SimpleData>
		<SimpleData name="inundation_level">Low Vulnerability less than 2 feet</SimpleData>
		<SimpleData name="vulnerability">Low Vulnerability</SimpleData>
		<SimpleData name="inundation_ft">&lt;2ft</SimpleData>
		<SimpleData name="lvul_less2">Yes</SimpleData>
		<SimpleData name="zone">13</SimpleData>
		<SimpleData name="ward">177</SimpleData>
		<SimpleData name="sl__no_">249</SimpleData>
		<SimpleData name="latitude">12.9929</SimpleData>
		<SimpleData name="longitude">80.209</SimpleData>
	</SchemaData></ExtendedData>
      <Point><coordinates>80.2089722223386,12.9928653622571,0</coordinates></Point>
  </Placemark>
  <Placemark>
	<ExtendedData><SchemaData schemaUrl="#chennaidss_gis_flood_hotspots_gcc_flood_hotspots_2015">
		<SimpleData name="id">314</SimpleData>
		<SimpleData name="location">Kamatchiamman street - Annai Indra nagar</SimpleData>
		<SimpleData name="inundation_level">Very High Vulnerability Above 5 Feet</SimpleData>
		<SimpleData name="vulnerability">Very High Vulnerability</SimpleData>
		<SimpleData name="inundation_ft">&gt;5ft</SimpleData>
		<SimpleData name="vhvul_ab5f">Yes</SimpleData>
		<SimpleData name="zone">13</SimpleData>
		<SimpleData name="ward">179</SimpleData>
		<SimpleData name="sl__no_">264</SimpleData>
		<SimpleData name="latitude">12.9757</SimpleData>
		<SimpleData name="longitude">80.2275</SimpleData>
	</SchemaData></ExtendedData>
      <Point><coordinates>80.2274658298561,12.9757310352756,0</coordinates></Point>
  </Placemark>
  <Placemark>
	<ExtendedData><SchemaData schemaUrl="#chennaidss_gis_flood_hotspots_gcc_flood_hotspots_2015">
		<SimpleData name="id">315</SimpleData>
		<SimpleData name="location">Construction of SWD of size 600x750mm along Kumaraguru Avenue , Neelankarai</SimpleData>
		<SimpleData name="inundation_level">Low Vulnerability less than 2 feet</SimpleData>
		<SimpleData name="vulnerability">Low Vulnerability</SimpleData>
		<SimpleData name="inundation_ft">&lt;2ft</SimpleData>
		<SimpleData name="lvul_less2">Yes</SimpleData>
		<SimpleData name="zone">15</SimpleData>
		<SimpleData name="ward">192</SimpleData>
		<SimpleData name="sl__no_">298</SimpleData>
		<SimpleData name="latitude">12.9507</SimpleData>
		<SimpleData name="longitude">80.2539</SimpleData>
	</SchemaData></ExtendedData>
      <Point><coordinates>80.2539200000001,12.9507312,0</coordinates></Point>
  </Placemark>
  <Placemark>
	<ExtendedData><SchemaData schemaUrl="#chennaidss_gis_flood_hotspots_gcc_flood_hotspots_2015">
		<SimpleData name="id">316</SimpleData>
		<SimpleData name="location">Construction of SWD of size 1200x1200mm along Pandian Salai, Neelankarai</SimpleData>
		<SimpleData name="inundation_level">Low Vulnerability less than 2 feet</SimpleData>
		<SimpleData name="vulnerability">Low Vulnerability</SimpleData>
		<SimpleData name="inundation_ft">&lt;2ft</SimpleData>
		<SimpleData name="lvul_less2">Yes</SimpleData>
		<SimpleData name="zone">15</SimpleData>
		<SimpleData name="ward">192</SimpleData>
		<SimpleData name="sl__no_">299</SimpleData>
		<SimpleData name="latitude">12.9497</SimpleData>
		<SimpleData name="longitude">80.2517</SimpleData>
	</SchemaData></ExtendedData>
      <Point><coordinates>80.2517152000001,12.9496595,0</coordinates></Point>
  </Placemark>
  <Placemark>
	<ExtendedData><SchemaData schemaUrl="#chennaidss_gis_flood_hotspots_gcc_flood_hotspots_2015">
		<SimpleData name="id">317</SimpleData>
		<SimpleData name="location">Construction of storm water drain along Ist Avenue Main Road, Vettuvankeni</SimpleData>
		<SimpleData name="inundation_level">Low Vulnerability less than 2 feet</SimpleData>
		<SimpleData name="vulnerability">Low Vulnerability</SimpleData>
		<SimpleData name="inundation_ft">&lt;2ft</SimpleData>
		<SimpleData name="lvul_less2">Yes</SimpleData>
		<SimpleData name="zone">15</SimpleData>
		<SimpleData name="ward">196</SimpleData>
		<SimpleData name="sl__no_">304</SimpleData>
		<SimpleData name="latitude">12.9364</SimpleData>
		<SimpleData name="longitude">80.2515</SimpleData>
	</SchemaData></ExtendedData>
      <Point><coordinates>80.2515006,12.936401,0</coordinates></Point>
  </Placemark>
  <Placemark>
	<ExtendedData><SchemaData schemaUrl="#chennaidss_gis_flood_hotspots_gcc_flood_hotspots_2015">
		<SimpleData name="id">318</SimpleData>
		<SimpleData name="location">Construction of SWD of size 900x900mm along Karpaga Vinayagar Koil Street, Vettuvankeni</SimpleData>
		<SimpleData name="inundation_level">Low Vulnerability less than 2 feet</SimpleData>
		<SimpleData name="vulnerability">Low Vulnerability</SimpleData>
		<SimpleData name="inundation_ft">&lt;2ft</SimpleData>
		<SimpleData name="lvul_less2">Yes</SimpleData>
		<SimpleData name="zone">15</SimpleData>
		<SimpleData name="ward">193</SimpleData>
		<SimpleData name="sl__no_">302</SimpleData>
		<SimpleData name="latitude">12.9463</SimpleData>
		<SimpleData name="longitude">80.237</SimpleData>
	</SchemaData></ExtendedData>
      <Point><coordinates>80.2370167000001,12.946324,0</coordinates></Point>
  </Placemark>
  <Placemark>
	<ExtendedData><SchemaData schemaUrl="#chennaidss_gis_flood_hotspots_gcc_flood_hotspots_2015">
		<SimpleData name="id">319</SimpleData>
		<SimpleData name="location">TNHB Colony - EWS lanes</SimpleData>
		<SimpleData name="inundation_level">Low Vulnerability less than 2 feet</SimpleData>
		<SimpleData name="vulnerability">Low Vulnerability</SimpleData>
		<SimpleData name="inundation_ft">&lt;2ft</SimpleData>
		<SimpleData name="lvul_less2">Yes</SimpleData>
		<SimpleData name="zone">13</SimpleData>
		<SimpleData name="ward">177</SimpleData>
		<SimpleData name="sl__no_">251</SimpleData>
		<SimpleData name="latitude">12.9923</SimpleData>
		<SimpleData name="longitude">80.2132</SimpleData>
	</SchemaData></ExtendedData>
      <Point><coordinates>80.2132175,12.9922718,0</coordinates></Point>
  </Placemark>
  <Placemark>
	<ExtendedData><SchemaData schemaUrl="#chennaidss_gis_flood_hotspots_gcc_flood_hotspots_2015">
		<SimpleData name="id">320</SimpleData>
		<SimpleData name="location">Puzhuthivakkam Bust Stand</SimpleData>
		<SimpleData name="inundation_level">Low Vulnerability less than 2 feet</SimpleData>
		<SimpleData name="vulnerability">Low Vulnerability</SimpleData>
		<SimpleData name="inundation_ft">&lt;2ft</SimpleData>
		<SimpleData name="lvul_less2">Yes</SimpleData>
		<SimpleData name="zone">14</SimpleData>
		<SimpleData name="ward">169</SimpleData>
		<SimpleData name="sl__no_">216</SimpleData>
		<SimpleData name="latitude">12.9741</SimpleData>
		<SimpleData name="longitude">80.2028</SimpleData>
	</SchemaData></ExtendedData>
      <Point><coordinates>80.2027944000001,12.9740782000001,0</coordinates></Point>
  </Placemark>
  <Placemark>
	<ExtendedData><SchemaData schemaUrl="#chennaidss_gis_flood_hotspots_gcc_flood_hotspots_2015">
		<SimpleData name="id">321</SimpleData>
		<SimpleData name="location">ECR, Near BATA Showroom</SimpleData>
		<SimpleData name="inundation_level">Low Vulnerability less than 2 feet</SimpleData>
		<SimpleData name="vulnerability">Low Vulnerability</SimpleData>
		<SimpleData name="inundation_ft">&lt;2ft</SimpleData>
		<SimpleData name="lvul_less2">Yes</SimpleData>
		<SimpleData name="zone">14</SimpleData>
		<SimpleData name="ward">183</SimpleData>
		<SimpleData name="sl__no_">284</SimpleData>
		<SimpleData name="latitude">12.9741</SimpleData>
		<SimpleData name="longitude">80.2585</SimpleData>
	</SchemaData></ExtendedData>
      <Point><coordinates>80.2585039000001,12.9740573,0</coordinates></Point>
  </Placemark>
  <Placemark>
	<ExtendedData><SchemaData schemaUrl="#chennaidss_gis_flood_hotspots_gcc_flood_hotspots_2015">
		<SimpleData name="id">322</SimpleData>
		<SimpleData name="location">Madipakkam Bus Stand</SimpleData>
		<SimpleData name="inundation_level">Low Vulnerability less than 2 feet</SimpleData>
		<SimpleData name="vulnerability">Low Vulnerability</SimpleData>
		<SimpleData name="inundation_ft">&lt;2ft</SimpleData>
		<SimpleData name="lvul_less2">Yes</SimpleData>
		<SimpleData name="zone">14</SimpleData>
		<SimpleData name="ward">188</SimpleData>
		<SimpleData name="sl__no_">296</SimpleData>
		<SimpleData name="latitude">12.9631</SimpleData>
		<SimpleData name="longitude">80.1984</SimpleData>
	</SchemaData></ExtendedData>
      <Point><coordinates>80.1984465,12.9630532,0</coordinates></Point>
  </Placemark>
  <Placemark>
	<ExtendedData><SchemaData schemaUrl="#chennaidss_gis_flood_hotspots_gcc_flood_hotspots_2015">
		<SimpleData name="id">323</SimpleData>
		<SimpleData name="location">OMR, Jn. of Thirumalai Nagar</SimpleData>
		<SimpleData name="inundation_level">Low Vulnerability less than 2 feet</SimpleData>
		<SimpleData name="vulnerability">Low Vulnerability</SimpleData>
		<SimpleData name="inundation_ft">&lt;2ft</SimpleData>
		<SimpleData name="lvul_less2">Yes</SimpleData>
		<SimpleData name="zone">14</SimpleData>
		<SimpleData name="ward">186</SimpleData>
		<SimpleData name="sl__no_">290</SimpleData>
		<SimpleData name="latitude">12.9594</SimpleData>
		<SimpleData name="longitude">80.2445</SimpleData>
	</SchemaData></ExtendedData>
      <Point><coordinates>80.2445215000001,12.9593546,0</coordinates></Point>
  </Placemark>
  <Placemark>
	<ExtendedData><SchemaData schemaUrl="#chennaidss_gis_flood_hotspots_gcc_flood_hotspots_2015">
		<SimpleData name="id">324</SimpleData>
		<SimpleData name="location">ECR, Govindan Nagar</SimpleData>
		<SimpleData name="inundation_level">Low Vulnerability less than 2 feet</SimpleData>
		<SimpleData name="vulnerability">Low Vulnerability</SimpleData>
		<SimpleData name="inundation_ft">&lt;2ft</SimpleData>
		<SimpleData name="lvul_less2">Yes</SimpleData>
		<SimpleData name="zone">14</SimpleData>
		<SimpleData name="ward">185</SimpleData>
		<SimpleData name="sl__no_">289</SimpleData>
		<SimpleData name="latitude">12.9586</SimpleData>
		<SimpleData name="longitude">80.2518</SimpleData>
	</SchemaData></ExtendedData>
      <Point><coordinates>80.2518225,12.9586096000001,0</coordinates></Point>
  </Placemark>
  <Placemark>
	<ExtendedData><SchemaData schemaUrl="#chennaidss_gis_flood_hotspots_gcc_flood_hotspots_2015">
		<SimpleData name="id">325</SimpleData>
		<SimpleData name="location">OMR, MGR Salai Jn.</SimpleData>
		<SimpleData name="inundation_level">Low Vulnerability less than 2 feet</SimpleData>
		<SimpleData name="vulnerability">Low Vulnerability</SimpleData>
		<SimpleData name="inundation_ft">&lt;2ft</SimpleData>
		<SimpleData name="lvul_less2">Yes</SimpleData>
		<SimpleData name="zone">14</SimpleData>
		<SimpleData name="ward">184</SimpleData>
		<SimpleData name="sl__no_">287</SimpleData>
		<SimpleData name="latitude">12.964</SimpleData>
		<SimpleData name="longitude">80.2469</SimpleData>
	</SchemaData></ExtendedData>
      <Point><coordinates>80.2468657,12.9640465000001,0</coordinates></Point>
  </Placemark>
  <Placemark>
	<ExtendedData><SchemaData schemaUrl="#chennaidss_gis_flood_hotspots_gcc_flood_hotspots_2015">
		<SimpleData name="id">326</SimpleData>
		<SimpleData name="location">ECR, Palgalai Nagar</SimpleData>
		<SimpleData name="inundation_level">Low Vulnerability less than 2 feet</SimpleData>
		<SimpleData name="vulnerability">Low Vulnerability</SimpleData>
		<SimpleData name="inundation_ft">&lt;2ft</SimpleData>
		<SimpleData name="lvul_less2">Yes</SimpleData>
		<SimpleData name="zone">14</SimpleData>
		<SimpleData name="ward">185</SimpleData>
		<SimpleData name="sl__no_">288</SimpleData>
		<SimpleData name="latitude">12.9639</SimpleData>
		<SimpleData name="longitude">80.2615</SimpleData>
	</SchemaData></ExtendedData>
      <Point><coordinates>80.2615428000001,12.963874,0</coordinates></Point>
  </Placemark>
  <Placemark>
	<ExtendedData><SchemaData schemaUrl="#chennaidss_gis_flood_hotspots_gcc_flood_hotspots_2015">
		<SimpleData name="id">327</SimpleData>
		<SimpleData name="location">ECR Opp. Fish market</SimpleData>
		<SimpleData name="inundation_level">Low Vulnerability less than 2 feet</SimpleData>
		<SimpleData name="vulnerability">Low Vulnerability</SimpleData>
		<SimpleData name="inundation_ft">&lt;2ft</SimpleData>
		<SimpleData name="lvul_less2">Yes</SimpleData>
		<SimpleData name="zone">14</SimpleData>
		<SimpleData name="ward">183</SimpleData>
		<SimpleData name="sl__no_">285</SimpleData>
		<SimpleData name="latitude">12.9695</SimpleData>
		<SimpleData name="longitude">80.2575</SimpleData>
	</SchemaData></ExtendedData>
      <Point><coordinates>80.2574846,12.9694858000001,0</coordinates></Point>
  </Placemark>
</Folder>
</Document></kml>
