_id,District,Station,Rainfall,Date
1,Chennai,Chennai port trust,10,03-03-1993
2,Chennai,Chennai port trust,10,03-03-1993
3,Chennai,Sholinganallur,2,03-03-1993
4,Chennai,Chennai nungambakkam,2,03-03-1993
5,Chennai,Sholinganallur,46.1,16-05-1993
6,Chennai,Chennai nungambakkam,46.1,16-05-1993
7,Chennai,Chennai port trust,46,16-05-1993
8,Chennai,Chennai port trust,46,16-05-1993
9,Chennai,Sholinganallur,11.5,27-05-1993
10,Chennai,Chennai nungambakkam,11.5,27-05-1993
11,Chennai,Chennai port trust,8,27-05-1993
12,Chennai,Chennai port trust,8,27-05-1993
13,Chennai,Sholinganallur,0.5,28-05-1993
14,Chennai,Chennai nungambakkam,0.5,28-05-1993
15,Chennai,Sholinganallur,3.6,04-06-1993
16,Chennai,Chennai nungambakkam,3.6,04-06-1993
17,Chennai,Chennai port trust,2,04-06-1993
18,Chennai,Chennai port trust,2,04-06-1993
19,Chennai,Sholinganallur,31.6,09-06-1993
20,Chennai,Chennai nungambakkam,31.6,09-06-1993
21,Chennai,Chennai port trust,21,09-06-1993
22,Chennai,Chennai port trust,21,09-06-1993
23,Chennai,Sholinganallur,7.6,13-06-1993
24,Chennai,Chennai nungambakkam,7.6,13-06-1993
25,Chennai,Chennai port trust,3.1,13-06-1993
26,Chennai,Chennai port trust,3.1,13-06-1993
27,Chennai,Sholinganallur,2.8,14-06-1993
28,Chennai,Chennai nungambakkam,2.8,14-06-1993
29,Chennai,Chennai port trust,1.8,14-06-1993
30,Chennai,Chennai port trust,1.8,14-06-1993
31,Chennai,Chennai port trust,4.8,15-06-1993
32,Chennai,Chennai port trust,4.8,15-06-1993
33,Chennai,Sholinganallur,3.7,15-06-1993
34,Chennai,Chennai nungambakkam,3.7,15-06-1993
35,Chennai,Sholinganallur,0.1,21-06-1993
36,Chennai,Chennai nungambakkam,0.1,21-06-1993
37,Chennai,Chennai port trust,20.2,02-07-1993
38,Chennai,Chennai port trust,20.2,02-07-1993
39,Chennai,Sholinganallur,17.8,02-07-1993
40,Chennai,Chennai nungambakkam,17.8,02-07-1993
41,Chennai,Chennai port trust,1.6,06-07-1993
42,Chennai,Chennai port trust,1.6,06-07-1993
43,Chennai,Sholinganallur,0.8,06-07-1993
44,Chennai,Chennai nungambakkam,0.8,06-07-1993
45,Chennai,Chennai port trust,4.6,07-07-1993
46,Chennai,Chennai port trust,4.6,07-07-1993
47,Chennai,Sholinganallur,3.3,07-07-1993
48,Chennai,Chennai nungambakkam,3.3,07-07-1993
49,Chennai,Chennai port trust,8.8,08-07-1993
50,Chennai,Chennai port trust,8.8,08-07-1993
51,Chennai,Sholinganallur,5.4,08-07-1993
52,Chennai,Chennai nungambakkam,5.4,08-07-1993
53,Chennai,Sholinganallur,0.1,09-07-1993
54,Chennai,Chennai nungambakkam,0.1,09-07-1993
55,Chennai,Sholinganallur,2.3,10-07-1993
56,Chennai,Chennai nungambakkam,2.3,10-07-1993
57,Chennai,Chennai port trust,2,10-07-1993
58,Chennai,Chennai port trust,2,10-07-1993
59,Chennai,Sholinganallur,1.8,15-07-1993
60,Chennai,Chennai nungambakkam,1.8,15-07-1993
61,Chennai,Sholinganallur,0.6,16-07-1993
62,Chennai,Chennai nungambakkam,0.6,16-07-1993
63,Chennai,Sholinganallur,21.4,22-07-1993
64,Chennai,Chennai nungambakkam,21.4,22-07-1993
65,Chennai,Chennai port trust,13.4,22-07-1993
66,Chennai,Chennai port trust,13.4,22-07-1993
67,Chennai,Chennai port trust,2.2,23-07-1993
68,Chennai,Chennai port trust,2.2,23-07-1993
69,Chennai,Sholinganallur,2,23-07-1993
70,Chennai,Chennai nungambakkam,2,23-07-1993
71,Chennai,Sholinganallur,7.4,24-07-1993
72,Chennai,Chennai nungambakkam,7.4,24-07-1993
73,Chennai,Chennai port trust,5.4,24-07-1993
74,Chennai,Chennai port trust,5.4,24-07-1993
75,Chennai,Chennai port trust,3.4,25-07-1993
76,Chennai,Chennai port trust,3.4,25-07-1993
77,Chennai,Sholinganallur,3.3,25-07-1993
78,Chennai,Chennai nungambakkam,3.3,25-07-1993
79,Chennai,Sholinganallur,3.2,26-07-1993
80,Chennai,Chennai nungambakkam,3.2,26-07-1993
81,Chennai,Chennai port trust,1,27-07-1993
82,Chennai,Chennai port trust,1,27-07-1993
83,Chennai,Sholinganallur,0.2,27-07-1993
84,Chennai,Chennai nungambakkam,0.2,27-07-1993
85,Chennai,Sholinganallur,1.7,28-07-1993
86,Chennai,Chennai nungambakkam,1.7,28-07-1993
87,Chennai,Chennai port trust,0.4,28-07-1993
88,Chennai,Chennai port trust,0.4,28-07-1993
89,Chennai,Chennai port trust,1,30-07-1993
90,Chennai,Chennai port trust,1,30-07-1993
91,Chennai,Sholinganallur,0.9,30-07-1993
92,Chennai,Chennai nungambakkam,0.9,30-07-1993
93,Chennai,Sholinganallur,1.3,01-08-1993
94,Chennai,Chennai nungambakkam,1.3,01-08-1993
95,Chennai,Chennai port trust,2,04-08-1993
96,Chennai,Chennai port trust,2,04-08-1993
97,Chennai,Sholinganallur,0.5,04-08-1993
98,Chennai,Chennai nungambakkam,0.5,04-08-1993
99,Chennai,Sholinganallur,10,06-08-1993
100,Chennai,Chennai nungambakkam,10,06-08-1993
101,Chennai,Chennai port trust,1.2,06-08-1993
102,Chennai,Chennai port trust,1.2,06-08-1993
103,Chennai,Sholinganallur,3.5,08-08-1993
104,Chennai,Chennai nungambakkam,3.5,08-08-1993
105,Chennai,Chennai port trust,2.8,09-08-1993
106,Chennai,Chennai port trust,2.8,09-08-1993
107,Chennai,Sholinganallur,2.4,09-08-1993
108,Chennai,Chennai nungambakkam,2.4,09-08-1993
109,Chennai,Sholinganallur,3.6,11-08-1993
110,Chennai,Chennai nungambakkam,3.6,11-08-1993
111,Chennai,Chennai port trust,0.4,11-08-1993
112,Chennai,Chennai port trust,0.4,11-08-1993
113,Chennai,Sholinganallur,3.8,13-08-1993
114,Chennai,Chennai nungambakkam,3.8,13-08-1993
115,Chennai,Chennai port trust,1,13-08-1993
116,Chennai,Chennai port trust,1,13-08-1993
117,Chennai,Sholinganallur,0.9,14-08-1993
118,Chennai,Chennai nungambakkam,0.9,14-08-1993
119,Chennai,Sholinganallur,10.2,15-08-1993
120,Chennai,Chennai nungambakkam,10.2,15-08-1993
121,Chennai,Chennai port trust,8.2,15-08-1993
122,Chennai,Chennai port trust,8.2,15-08-1993
123,Chennai,Sholinganallur,7.2,16-08-1993
124,Chennai,Chennai nungambakkam,7.2,16-08-1993
125,Chennai,Chennai port trust,6,16-08-1993
126,Chennai,Chennai port trust,6,16-08-1993
127,Chennai,Sholinganallur,0.6,17-08-1993
128,Chennai,Chennai nungambakkam,0.6,17-08-1993
129,Chennai,Chennai port trust,0.4,17-08-1993
130,Chennai,Chennai port trust,0.4,17-08-1993
131,Chennai,Sholinganallur,14.2,18-08-1993
132,Chennai,Chennai nungambakkam,14.2,18-08-1993
133,Chennai,Chennai port trust,12,18-08-1993
134,Chennai,Chennai port trust,12,18-08-1993
135,Chennai,Chennai port trust,29.6,23-08-1993
136,Chennai,Chennai port trust,29.6,23-08-1993
137,Chennai,Sholinganallur,26.6,23-08-1993
138,Chennai,Chennai nungambakkam,26.6,23-08-1993
139,Chennai,Sholinganallur,3.7,26-08-1993
140,Chennai,Chennai nungambakkam,3.7,26-08-1993
141,Chennai,Chennai port trust,2.4,26-08-1993
142,Chennai,Chennai port trust,2.4,26-08-1993
143,Chennai,Sholinganallur,5.2,27-08-1993
144,Chennai,Chennai nungambakkam,5.2,27-08-1993
145,Chennai,Chennai port trust,2.8,27-08-1993
146,Chennai,Chennai port trust,2.8,27-08-1993
147,Chennai,Chennai port trust,23.4,30-08-1993
148,Chennai,Chennai port trust,23.4,30-08-1993
149,Chennai,Sholinganallur,18.4,30-08-1993
150,Chennai,Chennai nungambakkam,18.4,30-08-1993
151,Chennai,Chennai port trust,22.4,01-09-1993
152,Chennai,Chennai port trust,22.4,01-09-1993
153,Chennai,Sholinganallur,11.6,01-09-1993
154,Chennai,Chennai nungambakkam,11.6,01-09-1993
155,Chennai,Sholinganallur,27.8,04-09-1993
156,Chennai,Chennai nungambakkam,27.8,04-09-1993
157,Chennai,Chennai port trust,15.6,04-09-1993
158,Chennai,Chennai port trust,15.6,04-09-1993
159,Chennai,Sholinganallur,1.7,05-09-1993
160,Chennai,Chennai nungambakkam,1.7,05-09-1993
161,Chennai,Chennai port trust,1,06-09-1993
162,Chennai,Chennai port trust,1,06-09-1993
163,Chennai,Sholinganallur,0.5,06-09-1993
164,Chennai,Chennai nungambakkam,0.5,06-09-1993
165,Chennai,Sholinganallur,1.4,12-09-1993
166,Chennai,Chennai nungambakkam,1.4,12-09-1993
167,Chennai,Sholinganallur,3.4,15-09-1993
168,Chennai,Chennai nungambakkam,3.4,15-09-1993
169,Chennai,Chennai port trust,0.6,16-09-1993
170,Chennai,Chennai port trust,0.6,16-09-1993
171,Chennai,Sholinganallur,0.2,16-09-1993
172,Chennai,Chennai nungambakkam,0.2,16-09-1993
173,Chennai,Chennai port trust,2,18-09-1993
174,Chennai,Chennai port trust,2,18-09-1993
175,Chennai,Sholinganallur,0.6,18-09-1993
176,Chennai,Chennai nungambakkam,0.6,18-09-1993
177,Chennai,Chennai port trust,13.6,20-09-1993
178,Chennai,Chennai port trust,13.6,20-09-1993
179,Chennai,Sholinganallur,4.5,20-09-1993
180,Chennai,Chennai nungambakkam,4.5,20-09-1993
181,Chennai,Chennai port trust,2,24-09-1993
182,Chennai,Chennai port trust,2,24-09-1993
183,Chennai,Sholinganallur,1.2,24-09-1993
184,Chennai,Chennai nungambakkam,1.2,24-09-1993
185,Chennai,Sholinganallur,1.4,02-10-1993
186,Chennai,Chennai nungambakkam,1.4,02-10-1993
187,Chennai,Sholinganallur,24.6,03-10-1993
188,Chennai,Chennai nungambakkam,24.6,03-10-1993
189,Chennai,Chennai port trust,14.8,03-10-1993
190,Chennai,Chennai port trust,14.8,03-10-1993
191,Chennai,Chennai port trust,2,04-10-1993
192,Chennai,Chennai port trust,2,04-10-1993
193,Chennai,Sholinganallur,0.3,04-10-1993
194,Chennai,Chennai nungambakkam,0.3,04-10-1993
195,Chennai,Chennai port trust,7.4,07-10-1993
196,Chennai,Chennai port trust,7.4,07-10-1993
197,Chennai,Sholinganallur,4.8,07-10-1993
198,Chennai,Chennai nungambakkam,4.8,07-10-1993
199,Chennai,Chennai port trust,21.2,09-10-1993
200,Chennai,Chennai port trust,21.2,09-10-1993
201,Chennai,Sholinganallur,20,09-10-1993
202,Chennai,Chennai nungambakkam,20,09-10-1993
203,Chennai,Sholinganallur,0.3,11-10-1993
204,Chennai,Chennai nungambakkam,0.3,11-10-1993
205,Chennai,Chennai port trust,16.4,12-10-1993
206,Chennai,Chennai port trust,16.4,12-10-1993
207,Chennai,Sholinganallur,8.6,12-10-1993
208,Chennai,Chennai nungambakkam,8.6,12-10-1993
209,Chennai,Sholinganallur,4.8,13-10-1993
210,Chennai,Chennai nungambakkam,4.8,13-10-1993
211,Chennai,Chennai port trust,2.8,13-10-1993
212,Chennai,Chennai port trust,2.8,13-10-1993
213,Chennai,Sholinganallur,9.8,14-10-1993
214,Chennai,Chennai nungambakkam,9.8,14-10-1993
215,Chennai,Chennai port trust,3.4,14-10-1993
216,Chennai,Chennai port trust,3.4,14-10-1993
217,Chennai,Chennai port trust,65.7,15-10-1993
218,Chennai,Chennai port trust,65.7,15-10-1993
219,Chennai,Sholinganallur,55.9,15-10-1993
220,Chennai,Chennai nungambakkam,55.9,15-10-1993
221,Chennai,Chennai port trust,8.6,16-10-1993
222,Chennai,Chennai port trust,8.6,16-10-1993
223,Chennai,Sholinganallur,4.8,16-10-1993
224,Chennai,Chennai nungambakkam,4.8,16-10-1993
225,Chennai,Sholinganallur,1.6,17-10-1993
226,Chennai,Chennai nungambakkam,1.6,17-10-1993
227,Chennai,Sholinganallur,2.7,18-10-1993
228,Chennai,Chennai nungambakkam,2.7,18-10-1993
229,Chennai,Sholinganallur,41.4,19-10-1993
230,Chennai,Chennai nungambakkam,41.4,19-10-1993
231,Chennai,Chennai port trust,23.2,19-10-1993
232,Chennai,Chennai port trust,23.2,19-10-1993
233,Chennai,Chennai port trust,35.8,20-10-1993
234,Chennai,Chennai port trust,35.8,20-10-1993
235,Chennai,Sholinganallur,27.8,20-10-1993
236,Chennai,Chennai nungambakkam,27.8,20-10-1993
237,Chennai,Sholinganallur,0.2,21-10-1993
238,Chennai,Chennai nungambakkam,0.2,21-10-1993
239,Chennai,Chennai port trust,22.2,22-10-1993
240,Chennai,Chennai port trust,22.2,22-10-1993
241,Chennai,Sholinganallur,14.4,22-10-1993
242,Chennai,Chennai nungambakkam,14.4,22-10-1993
243,Chennai,Sholinganallur,1.8,23-10-1993
244,Chennai,Chennai nungambakkam,1.8,23-10-1993
245,Chennai,Chennai port trust,7.5,30-10-1993
246,Chennai,Chennai port trust,7.5,30-10-1993
247,Chennai,Sholinganallur,5.1,30-10-1993
248,Chennai,Chennai nungambakkam,5.1,30-10-1993
249,Chennai,Sholinganallur,27.8,31-10-1993
250,Chennai,Chennai nungambakkam,27.8,31-10-1993
251,Chennai,Chennai port trust,10.2,31-10-1993
252,Chennai,Chennai port trust,10.2,31-10-1993
253,Chennai,Chennai port trust,8.4,01-11-1993
254,Chennai,Chennai port trust,8.4,01-11-1993
255,Chennai,Sholinganallur,6.7,01-11-1993
256,Chennai,Chennai nungambakkam,6.7,01-11-1993
257,Chennai,Sholinganallur,23,02-11-1993
258,Chennai,Chennai nungambakkam,23,02-11-1993
259,Chennai,Chennai port trust,19,02-11-1993
260,Chennai,Chennai port trust,19,02-11-1993
261,Chennai,Sholinganallur,38,03-11-1993
262,Chennai,Chennai nungambakkam,38,03-11-1993
263,Chennai,Chennai port trust,17.2,03-11-1993
264,Chennai,Chennai port trust,17.2,03-11-1993
265,Chennai,Sholinganallur,6.8,04-11-1993
266,Chennai,Chennai nungambakkam,6.8,04-11-1993
267,Chennai,Chennai port trust,5,04-11-1993
268,Chennai,Chennai port trust,5,04-11-1993
269,Chennai,Sholinganallur,16.1,05-11-1993
270,Chennai,Chennai nungambakkam,16.1,05-11-1993
271,Chennai,Chennai port trust,5.2,05-11-1993
272,Chennai,Chennai port trust,5.2,05-11-1993
273,Chennai,Chennai port trust,9,06-11-1993
274,Chennai,Chennai port trust,9,06-11-1993
275,Chennai,Sholinganallur,3.3,06-11-1993
276,Chennai,Chennai nungambakkam,3.3,06-11-1993
277,Chennai,Chennai port trust,10.2,07-11-1993
278,Chennai,Chennai port trust,10.2,07-11-1993
279,Chennai,Sholinganallur,2.8,07-11-1993
280,Chennai,Chennai nungambakkam,2.8,07-11-1993
281,Chennai,Chennai port trust,12.4,08-11-1993
282,Chennai,Chennai port trust,12.4,08-11-1993
283,Chennai,Sholinganallur,23.2,09-11-1993
284,Chennai,Chennai nungambakkam,23.2,09-11-1993
285,Chennai,Chennai port trust,6,09-11-1993
286,Chennai,Chennai port trust,6,09-11-1993
287,Chennai,Sholinganallur,61.9,10-11-1993
288,Chennai,Chennai nungambakkam,61.9,10-11-1993
289,Chennai,Chennai port trust,50.7,10-11-1993
290,Chennai,Chennai port trust,50.7,10-11-1993
291,Chennai,Sholinganallur,28,11-11-1993
292,Chennai,Chennai nungambakkam,28,11-11-1993
293,Chennai,Chennai port trust,20.5,11-11-1993
294,Chennai,Chennai port trust,20.5,11-11-1993
295,Chennai,Sholinganallur,14.6,12-11-1993
296,Chennai,Chennai nungambakkam,14.6,12-11-1993
297,Chennai,Chennai port trust,13,13-11-1993
298,Chennai,Chennai port trust,13,13-11-1993
299,Chennai,Sholinganallur,8.8,13-11-1993
300,Chennai,Chennai nungambakkam,8.8,13-11-1993
301,Chennai,Chennai port trust,1.6,15-11-1993
302,Chennai,Chennai port trust,1.6,15-11-1993
303,Chennai,Sholinganallur,0.7,15-11-1993
304,Chennai,Chennai nungambakkam,0.7,15-11-1993
305,Chennai,Chennai port trust,50.2,16-11-1993
306,Chennai,Chennai port trust,50.2,16-11-1993
307,Chennai,Sholinganallur,46.6,16-11-1993
308,Chennai,Chennai nungambakkam,46.6,16-11-1993
309,Chennai,Sholinganallur,3.2,22-11-1993
310,Chennai,Chennai nungambakkam,3.2,22-11-1993
311,Chennai,Sholinganallur,1.4,23-11-1993
312,Chennai,Chennai nungambakkam,1.4,23-11-1993
313,Chennai,Sholinganallur,62.8,24-11-1993
314,Chennai,Chennai nungambakkam,62.8,24-11-1993
315,Chennai,Chennai port trust,50.6,24-11-1993
316,Chennai,Chennai port trust,50.6,24-11-1993
317,Chennai,Chennai port trust,8.4,25-11-1993
318,Chennai,Chennai port trust,8.4,25-11-1993
319,Chennai,Sholinganallur,7.2,25-11-1993
320,Chennai,Chennai nungambakkam,7.2,25-11-1993
321,Chennai,Chennai port trust,65.2,01-12-1993
322,Chennai,Chennai port trust,65.2,01-12-1993
323,Chennai,Sholinganallur,64.9,01-12-1993
324,Chennai,Chennai nungambakkam,64.9,01-12-1993
325,Chennai,Chennai port trust,33.2,02-12-1993
326,Chennai,Chennai port trust,33.2,02-12-1993
327,Chennai,Sholinganallur,31.9,02-12-1993
328,Chennai,Chennai nungambakkam,31.9,02-12-1993
329,Chennai,Chennai port trust,76.6,04-12-1993
330,Chennai,Chennai port trust,76.6,04-12-1993
331,Chennai,Sholinganallur,73.1,04-12-1993
332,Chennai,Chennai nungambakkam,73.1,04-12-1993
333,Chennai,Sholinganallur,22.1,05-12-1993
334,Chennai,Chennai nungambakkam,22.1,05-12-1993
335,Chennai,Chennai port trust,14,05-12-1993
336,Chennai,Chennai port trust,14,05-12-1993
337,Chennai,Chennai port trust,9.2,06-12-1993
338,Chennai,Chennai port trust,9.2,06-12-1993
339,Chennai,Sholinganallur,1.9,06-12-1993
340,Chennai,Chennai nungambakkam,1.9,06-12-1993
341,Chennai,Chennai port trust,1.6,07-12-1993
342,Chennai,Chennai port trust,1.6,07-12-1993
343,Chennai,Sholinganallur,0.9,07-12-1993
344,Chennai,Chennai nungambakkam,0.9,07-12-1993
345,Chennai,Sholinganallur,0.1,11-12-1993
346,Chennai,Chennai nungambakkam,0.1,11-12-1993
347,Chennai,Sholinganallur,28.8,20-12-1993
348,Chennai,Chennai nungambakkam,28.8,20-12-1993
349,Chennai,Chennai port trust,28.4,20-12-1993
350,Chennai,Chennai port trust,28.4,20-12-1993
351,Chennai,Chennai port trust,9.2,21-12-1993
352,Chennai,Chennai port trust,9.2,21-12-1993
353,Chennai,Sholinganallur,8.8,21-12-1993
354,Chennai,Chennai nungambakkam,8.8,21-12-1993
355,Chennai,Sholinganallur,39.4,22-12-1993
356,Chennai,Chennai nungambakkam,39.4,22-12-1993
357,Chennai,Chennai port trust,35.6,22-12-1993
358,Chennai,Chennai port trust,35.6,22-12-1993
359,Chennai,Sholinganallur,1,23-12-1993
360,Chennai,Chennai port trust,1,23-12-1993
361,Chennai,Chennai port trust,1,23-12-1993
362,Chennai,Chennai nungambakkam,1,23-12-1993
363,Chennai,Sholinganallur,10.8,28-12-1993
364,Chennai,Chennai nungambakkam,10.8,28-12-1993
365,Chennai,Chennai port trust,8,28-12-1993
366,Chennai,Chennai port trust,8,28-12-1993
367,Chennai,Alandur,7,29-01-1994
368,Chennai,Alandur,7.2,06-02-1994
369,Chennai,Alandur,27.2,07-02-1994
370,Chennai,Alandur,5.5,12-02-1994
371,Chennai,Alandur,24.5,13-02-1994
372,Chennai,Alandur,10,14-02-1994
373,Chennai,Alandur,2,15-02-1994
374,Chennai,Alandur,15.5,16-02-1994
375,Chennai,Alandur,245.5,17-02-1994
376,Chennai,Alandur,5,18-02-1994
377,Chennai,Alandur,5,05-03-1994
378,Chennai,Chennai nungambakkam,0.8,25-05-1994
379,Chennai,Chennai nungambakkam,0.8,25-05-1994
380,Chennai,Chennai port trust,72,26-05-1994
381,Chennai,Chennai port trust,72,26-05-1994
382,Chennai,Chennai nungambakkam,68.4,26-05-1994
383,Chennai,Chennai nungambakkam,68.4,26-05-1994
384,Chennai,Chennai port trust,1.6,27-05-1994
385,Chennai,Chennai port trust,1.6,27-05-1994
386,Chennai,Chennai nungambakkam,1.2,27-05-1994
387,Chennai,Chennai nungambakkam,1.2,27-05-1994
388,Chennai,Chennai nungambakkam,50.6,10-06-1994
389,Chennai,Chennai nungambakkam,50.6,10-06-1994
390,Chennai,Chennai port trust,37.2,10-06-1994
391,Chennai,Chennai port trust,37.2,10-06-1994
392,Chennai,Chennai nungambakkam,2.2,11-06-1994
393,Chennai,Chennai nungambakkam,2.2,11-06-1994
394,Chennai,Alandur,1.5,11-06-1994
395,Chennai,Chennai nungambakkam,0.7,12-06-1994
396,Chennai,Chennai nungambakkam,0.7,12-06-1994
397,Chennai,Alandur,32.5,18-06-1994
398,Chennai,Chennai port trust,1,18-06-1994
399,Chennai,Chennai port trust,1,18-06-1994
400,Chennai,Chennai nungambakkam,0.6,18-06-1994
401,Chennai,Chennai nungambakkam,0.6,18-06-1994
402,Chennai,Chennai nungambakkam,0.7,19-06-1994
403,Chennai,Chennai nungambakkam,0.7,19-06-1994
404,Chennai,Chennai port trust,0.3,20-06-1994
405,Chennai,Chennai port trust,0.3,20-06-1994
406,Chennai,Chennai nungambakkam,0.2,20-06-1994
407,Chennai,Chennai nungambakkam,0.2,20-06-1994
408,Chennai,Chennai port trust,1.2,24-06-1994
409,Chennai,Chennai port trust,1.2,24-06-1994
410,Chennai,Chennai nungambakkam,1.2,24-06-1994
411,Chennai,Chennai nungambakkam,1.2,24-06-1994
412,Chennai,Alandur,10.2,25-06-1994
413,Chennai,Alandur,5.5,26-06-1994
414,Chennai,Chennai port trust,6.6,27-06-1994
415,Chennai,Chennai port trust,6.6,27-06-1994
416,Chennai,Chennai nungambakkam,3.3,27-06-1994
417,Chennai,Chennai nungambakkam,3.3,27-06-1994
418,Chennai,Alandur,9,28-06-1994
419,Chennai,Chennai port trust,0.5,28-06-1994
420,Chennai,Chennai port trust,0.5,28-06-1994
421,Chennai,Alandur,12.5,30-06-1994
422,Chennai,Alandur,3.1,07-07-1994
423,Chennai,Alandur,35.5,08-07-1994
424,Chennai,Alandur,15.5,09-07-1994
425,Chennai,Alandur,3.5,10-07-1994
426,Chennai,Alandur,20.5,12-07-1994
427,Chennai,Alandur,10,17-07-1994
428,Chennai,Alandur,17,19-07-1994
429,Chennai,Alandur,21.5,21-07-1994
430,Chennai,Alandur,26,22-07-1994
431,Chennai,Alandur,82.5,24-07-1994
432,Chennai,Alandur,47.5,25-07-1994
433,Chennai,Alandur,5,26-07-1994
434,Chennai,Alandur,3,27-07-1994
435,Chennai,Alandur,7.5,28-07-1994
436,Chennai,Alandur,3.5,30-07-1994
437,Chennai,Alandur,7,02-08-1994
438,Chennai,Chennai port trust,1,02-08-1994
439,Chennai,Chennai port trust,1,02-08-1994
440,Chennai,Chennai nungambakkam,0.5,02-08-1994
441,Chennai,Chennai nungambakkam,0.5,02-08-1994
442,Chennai,Chennai nungambakkam,0.4,05-08-1994
443,Chennai,Chennai nungambakkam,0.4,05-08-1994
444,Chennai,Chennai nungambakkam,0.6,06-08-1994
445,Chennai,Chennai nungambakkam,0.6,06-08-1994
446,Chennai,Alandur,7.2,08-08-1994
447,Chennai,Chennai nungambakkam,4.6,12-08-1994
448,Chennai,Chennai nungambakkam,4.6,12-08-1994
449,Chennai,Chennai port trust,3,12-08-1994
450,Chennai,Chennai port trust,3,12-08-1994
451,Chennai,Chennai port trust,1,13-08-1994
452,Chennai,Chennai port trust,1,13-08-1994
453,Chennai,Chennai nungambakkam,0.1,13-08-1994
454,Chennai,Chennai nungambakkam,0.1,13-08-1994
455,Chennai,Chennai port trust,28,17-08-1994
456,Chennai,Chennai port trust,28,17-08-1994
457,Chennai,Chennai nungambakkam,27.8,17-08-1994
458,Chennai,Chennai nungambakkam,27.8,17-08-1994
459,Chennai,Chennai nungambakkam,0.4,19-08-1994
460,Chennai,Chennai nungambakkam,0.4,19-08-1994
461,Chennai,Alandur,2,20-08-1994
462,Chennai,Chennai port trust,19.3,22-08-1994
463,Chennai,Chennai port trust,19.3,22-08-1994
464,Chennai,Chennai nungambakkam,19.2,22-08-1994
465,Chennai,Chennai nungambakkam,19.2,22-08-1994
466,Chennai,Chennai port trust,14.2,23-08-1994
467,Chennai,Chennai port trust,14.2,23-08-1994
468,Chennai,Chennai nungambakkam,13.2,23-08-1994
469,Chennai,Chennai nungambakkam,13.2,23-08-1994
470,Chennai,Alandur,10.3,24-08-1994
471,Chennai,Chennai nungambakkam,23.2,25-08-1994
472,Chennai,Chennai nungambakkam,23.2,25-08-1994
473,Chennai,Chennai port trust,21.3,25-08-1994
474,Chennai,Chennai port trust,21.3,25-08-1994
475,Chennai,Chennai nungambakkam,8.5,26-08-1994
476,Chennai,Chennai nungambakkam,8.5,26-08-1994
477,Chennai,Chennai port trust,8,26-08-1994
478,Chennai,Chennai port trust,8,26-08-1994
479,Chennai,Chennai nungambakkam,6,27-08-1994
480,Chennai,Chennai nungambakkam,6,27-08-1994
481,Chennai,Chennai port trust,5.2,27-08-1994
482,Chennai,Chennai port trust,5.2,27-08-1994
483,Chennai,Alandur,4.3,29-08-1994
484,Chennai,Chennai port trust,3.5,01-09-1994
485,Chennai,Chennai port trust,3.5,01-09-1994
486,Chennai,Chennai nungambakkam,2.8,01-09-1994
487,Chennai,Chennai nungambakkam,2.8,01-09-1994
488,Chennai,Chennai nungambakkam,0.7,03-09-1994
489,Chennai,Chennai nungambakkam,0.7,03-09-1994
490,Chennai,Chennai nungambakkam,0.4,08-09-1994
491,Chennai,Chennai nungambakkam,0.4,08-09-1994
492,Chennai,Alandur,1.2,09-09-1994
493,Chennai,Alandur,1,10-09-1994
494,Chennai,Chennai nungambakkam,1,11-09-1994
495,Chennai,Chennai nungambakkam,1,11-09-1994
496,Chennai,Chennai nungambakkam,7.3,13-09-1994
497,Chennai,Chennai nungambakkam,7.3,13-09-1994
498,Chennai,Chennai port trust,4.3,13-09-1994
499,Chennai,Chennai port trust,4.3,13-09-1994
500,Chennai,Chennai nungambakkam,30.2,14-09-1994
501,Chennai,Chennai nungambakkam,30.2,14-09-1994
502,Chennai,Chennai port trust,21.5,14-09-1994
503,Chennai,Chennai port trust,21.5,14-09-1994
504,Chennai,Alandur,8.2,18-09-1994
505,Chennai,Alandur,10,19-09-1994
506,Chennai,Chennai nungambakkam,1.8,23-09-1994
507,Chennai,Chennai nungambakkam,1.8,23-09-1994
508,Chennai,Chennai port trust,1,23-09-1994
509,Chennai,Chennai port trust,1,23-09-1994
510,Chennai,Alandur,30.2,25-09-1994
511,Chennai,Alandur,1,26-09-1994
512,Chennai,Alandur,13,27-09-1994
513,Chennai,Alandur,53,28-09-1994
514,Chennai,Alandur,145,29-09-1994
515,Chennai,Chennai port trust,1.4,30-09-1994
516,Chennai,Chennai port trust,1.4,30-09-1994
517,Chennai,Chennai nungambakkam,0.7,30-09-1994
518,Chennai,Chennai nungambakkam,0.7,30-09-1994
519,Chennai,Alandur,1.5,01-10-1994
520,Chennai,Alandur,5,02-10-1994
521,Chennai,Alandur,35.5,03-10-1994
522,Chennai,Chennai nungambakkam,9.6,03-10-1994
523,Chennai,Chennai nungambakkam,9.6,03-10-1994
524,Chennai,Chennai port trust,7.2,03-10-1994
525,Chennai,Chennai port trust,7.2,03-10-1994
526,Chennai,Chennai nungambakkam,5,04-10-1994
527,Chennai,Chennai nungambakkam,5,04-10-1994
528,Chennai,Alandur,4,04-10-1994
529,Chennai,Chennai port trust,9.4,05-10-1994
530,Chennai,Chennai port trust,9.4,05-10-1994
531,Chennai,Chennai nungambakkam,8.7,05-10-1994
532,Chennai,Chennai nungambakkam,8.7,05-10-1994
533,Chennai,Alandur,5,06-10-1994
534,Chennai,Alandur,2,07-10-1994
535,Chennai,Alandur,30.5,09-10-1994
536,Chennai,Chennai nungambakkam,2.1,15-10-1994
537,Chennai,Chennai nungambakkam,2.1,15-10-1994
538,Chennai,Chennai port trust,1.4,17-10-1994
539,Chennai,Chennai port trust,1.4,17-10-1994
540,Chennai,Chennai nungambakkam,1.2,17-10-1994
541,Chennai,Chennai nungambakkam,1.2,17-10-1994
542,Chennai,Chennai nungambakkam,8,18-10-1994
543,Chennai,Chennai nungambakkam,8,18-10-1994
544,Chennai,Chennai port trust,7.8,18-10-1994
545,Chennai,Chennai port trust,7.8,18-10-1994
546,Chennai,Chennai nungambakkam,11.6,19-10-1994
547,Chennai,Chennai nungambakkam,11.6,19-10-1994
548,Chennai,Chennai port trust,8.7,19-10-1994
549,Chennai,Chennai port trust,8.7,19-10-1994
550,Chennai,Chennai nungambakkam,4.1,20-10-1994
551,Chennai,Chennai nungambakkam,4.1,20-10-1994
552,Chennai,Chennai port trust,0.5,20-10-1994
553,Chennai,Chennai port trust,0.5,20-10-1994
554,Chennai,Chennai port trust,9,22-10-1994
555,Chennai,Chennai port trust,9,22-10-1994
556,Chennai,Chennai nungambakkam,4.6,22-10-1994
557,Chennai,Chennai nungambakkam,4.6,22-10-1994
558,Chennai,Alandur,5,26-10-1994
559,Chennai,Chennai nungambakkam,1.4,26-10-1994
560,Chennai,Chennai nungambakkam,1.4,26-10-1994
561,Chennai,Chennai port trust,0.6,26-10-1994
562,Chennai,Chennai port trust,0.6,26-10-1994
563,Chennai,Chennai nungambakkam,15,27-10-1994
564,Chennai,Chennai nungambakkam,15,27-10-1994
565,Chennai,Chennai port trust,7.5,27-10-1994
566,Chennai,Chennai port trust,7.5,27-10-1994
567,Chennai,Chennai nungambakkam,41.8,28-10-1994
568,Chennai,Chennai nungambakkam,41.8,28-10-1994
569,Chennai,Chennai port trust,27.8,28-10-1994
570,Chennai,Chennai port trust,27.8,28-10-1994
571,Chennai,Chennai nungambakkam,5.6,29-10-1994
572,Chennai,Chennai nungambakkam,5.6,29-10-1994
573,Chennai,Chennai port trust,4.2,29-10-1994
574,Chennai,Chennai port trust,4.2,29-10-1994
575,Chennai,Chennai port trust,52.7,30-10-1994
576,Chennai,Chennai port trust,52.7,30-10-1994
577,Chennai,Chennai nungambakkam,47.8,30-10-1994
578,Chennai,Chennai nungambakkam,47.8,30-10-1994
579,Chennai,Chennai port trust,258,31-10-1994
580,Chennai,Chennai port trust,258,31-10-1994
581,Chennai,Chennai nungambakkam,243.3,31-10-1994
582,Chennai,Chennai nungambakkam,243.3,31-10-1994
583,Chennai,Chennai nungambakkam,30.4,01-11-1994
584,Chennai,Chennai nungambakkam,30.4,01-11-1994
585,Chennai,Chennai port trust,29,01-11-1994
586,Chennai,Chennai port trust,29,01-11-1994
587,Chennai,Alandur,12,01-11-1994
588,Chennai,Chennai nungambakkam,4.7,02-11-1994
589,Chennai,Chennai nungambakkam,4.7,02-11-1994
590,Chennai,Chennai port trust,4.3,02-11-1994
591,Chennai,Chennai port trust,4.3,02-11-1994
592,Chennai,Chennai nungambakkam,6,03-11-1994
593,Chennai,Chennai nungambakkam,6,03-11-1994
594,Chennai,Chennai port trust,2,03-11-1994
595,Chennai,Chennai port trust,2,03-11-1994
596,Chennai,Chennai port trust,34.2,04-11-1994
597,Chennai,Chennai port trust,34.2,04-11-1994
598,Chennai,Chennai nungambakkam,21.4,04-11-1994
599,Chennai,Chennai nungambakkam,21.4,04-11-1994
600,Chennai,Alandur,3.5,04-11-1994
601,Chennai,Chennai nungambakkam,182.2,05-11-1994
602,Chennai,Chennai nungambakkam,182.2,05-11-1994
603,Chennai,Chennai port trust,180.3,05-11-1994
604,Chennai,Chennai port trust,180.3,05-11-1994
605,Chennai,Chennai port trust,34,06-11-1994
606,Chennai,Chennai port trust,34,06-11-1994
607,Chennai,Chennai nungambakkam,31.4,06-11-1994
608,Chennai,Chennai nungambakkam,31.4,06-11-1994
609,Chennai,Chennai port trust,2.2,07-11-1994
610,Chennai,Chennai port trust,2.2,07-11-1994
611,Chennai,Chennai nungambakkam,0.7,07-11-1994
612,Chennai,Chennai nungambakkam,0.7,07-11-1994
613,Chennai,Chennai port trust,1.2,08-11-1994
614,Chennai,Chennai port trust,1.2,08-11-1994
615,Chennai,Chennai nungambakkam,1.2,08-11-1994
616,Chennai,Chennai nungambakkam,1.2,08-11-1994
617,Chennai,Chennai nungambakkam,16.4,09-11-1994
618,Chennai,Chennai nungambakkam,16.4,09-11-1994
619,Chennai,Alandur,15,09-11-1994
620,Chennai,Chennai port trust,5.3,09-11-1994
621,Chennai,Chennai port trust,5.3,09-11-1994
622,Chennai,Chennai nungambakkam,64.8,10-11-1994
623,Chennai,Chennai nungambakkam,64.8,10-11-1994
624,Chennai,Chennai port trust,47,10-11-1994
625,Chennai,Chennai port trust,47,10-11-1994
626,Chennai,Chennai port trust,8.7,11-11-1994
627,Chennai,Chennai port trust,8.7,11-11-1994
628,Chennai,Chennai nungambakkam,6.1,11-11-1994
629,Chennai,Chennai nungambakkam,6.1,11-11-1994
630,Chennai,Chennai port trust,137,12-11-1994
631,Chennai,Chennai port trust,137,12-11-1994
632,Chennai,Chennai nungambakkam,106.2,12-11-1994
633,Chennai,Chennai nungambakkam,106.2,12-11-1994
634,Chennai,Alandur,90.5,12-11-1994
635,Chennai,Alandur,210.5,13-11-1994
636,Chennai,Chennai nungambakkam,2,13-11-1994
637,Chennai,Chennai nungambakkam,2,13-11-1994
638,Chennai,Alandur,55.5,14-11-1994
639,Chennai,Alandur,2,15-11-1994
640,Chennai,Alandur,3.5,16-11-1994
641,Chennai,Alandur,29,17-11-1994
642,Chennai,Chennai nungambakkam,7.4,18-11-1994
643,Chennai,Chennai nungambakkam,7.4,18-11-1994
644,Chennai,Chennai port trust,6.3,18-11-1994
645,Chennai,Chennai port trust,6.3,18-11-1994
646,Chennai,Alandur,3.5,18-11-1994
647,Chennai,Chennai port trust,3.4,19-11-1994
648,Chennai,Chennai port trust,3.4,19-11-1994
649,Chennai,Chennai nungambakkam,0.1,19-11-1994
650,Chennai,Chennai nungambakkam,0.1,19-11-1994
651,Chennai,Chennai port trust,11.4,21-11-1994
652,Chennai,Chennai port trust,11.4,21-11-1994
653,Chennai,Chennai nungambakkam,5,21-11-1994
654,Chennai,Chennai nungambakkam,5,21-11-1994
655,Chennai,Chennai nungambakkam,11.3,22-11-1994
656,Chennai,Chennai nungambakkam,11.3,22-11-1994
657,Chennai,Chennai port trust,0.6,22-11-1994
658,Chennai,Chennai port trust,0.6,22-11-1994
659,Chennai,Chennai nungambakkam,2.3,23-11-1994
660,Chennai,Chennai nungambakkam,2.3,23-11-1994
661,Chennai,Chennai port trust,2,23-11-1994
662,Chennai,Chennai port trust,2,23-11-1994
663,Chennai,Chennai nungambakkam,16.6,24-11-1994
664,Chennai,Chennai nungambakkam,16.6,24-11-1994
665,Chennai,Chennai port trust,15.3,24-11-1994
666,Chennai,Chennai port trust,15.3,24-11-1994
667,Chennai,Chennai nungambakkam,15.6,25-11-1994
668,Chennai,Chennai nungambakkam,15.6,25-11-1994
669,Chennai,Chennai port trust,13.7,25-11-1994
670,Chennai,Chennai port trust,13.7,25-11-1994
671,Chennai,Chennai nungambakkam,16.4,26-11-1994
672,Chennai,Chennai nungambakkam,16.4,26-11-1994
673,Chennai,Chennai port trust,16.2,26-11-1994
674,Chennai,Chennai port trust,16.2,26-11-1994
675,Chennai,Alandur,38.5,01-12-1994
676,Chennai,Alandur,10.5,02-12-1994
677,Chennai,Alandur,4,03-12-1994
678,Chennai,Alandur,6,04-12-1994
679,Chennai,Chennai port trust,7.8,18-12-1994
680,Chennai,Chennai port trust,7.8,18-12-1994
681,Chennai,Chennai nungambakkam,6.6,18-12-1994
682,Chennai,Chennai nungambakkam,6.6,18-12-1994
683,Chennai,Chennai port trust,21,19-12-1994
684,Chennai,Chennai port trust,21,19-12-1994
685,Chennai,Chennai nungambakkam,18.6,19-12-1994
686,Chennai,Chennai nungambakkam,18.6,19-12-1994
687,Chennai,Chennai nungambakkam,55.6,20-12-1994
688,Chennai,Chennai nungambakkam,55.6,20-12-1994
689,Chennai,Chennai port trust,53.4,20-12-1994
690,Chennai,Chennai port trust,53.4,20-12-1994
691,Chennai,Chennai port trust,112.5,21-12-1994
692,Chennai,Chennai port trust,112.5,21-12-1994
693,Chennai,Chennai nungambakkam,95.2,21-12-1994
694,Chennai,Chennai nungambakkam,95.2,21-12-1994
695,Chennai,Chennai nungambakkam,42.5,22-12-1994
696,Chennai,Chennai nungambakkam,42.5,22-12-1994
697,Chennai,Chennai port trust,37,22-12-1994
698,Chennai,Chennai port trust,37,22-12-1994
699,Chennai,Chennai nungambakkam,0.2,23-12-1994
700,Chennai,Chennai nungambakkam,0.2,23-12-1994
701,Chennai,Alandur,2.5,26-12-1994
702,Chennai,Chennai nungambakkam,0.1,28-12-1994
703,Chennai,Chennai nungambakkam,0.1,28-12-1994
704,Chennai,Alandur,3.5,30-12-1994
705,Chennai,Alandur,30.5,31-12-1994
706,Chennai,Chennai nungambakkam,5.2,05-01-1995
707,Chennai,Chennai nungambakkam,5.2,05-01-1995
708,Chennai,Chennai port trust,2.7,05-01-1995
709,Chennai,Chennai port trust,2.7,05-01-1995
710,Chennai,Chennai nungambakkam,0.3,08-01-1995
711,Chennai,Chennai nungambakkam,0.3,08-01-1995
712,Chennai,Chennai port trust,47,13-01-1995
713,Chennai,Chennai port trust,47,13-01-1995
714,Chennai,Chennai nungambakkam,42.6,13-01-1995
715,Chennai,Chennai nungambakkam,42.6,13-01-1995
716,Chennai,Chennai port trust,49,14-01-1995
717,Chennai,Chennai port trust,49,14-01-1995
718,Chennai,Chennai nungambakkam,29.8,14-01-1995
719,Chennai,Chennai nungambakkam,29.8,14-01-1995
720,Chennai,Chennai nungambakkam,66.2,16-01-1995
721,Chennai,Chennai nungambakkam,66.2,16-01-1995
722,Chennai,Chennai port trust,47.3,16-01-1995
723,Chennai,Chennai port trust,47.3,16-01-1995
724,Chennai,Chennai nungambakkam,2.2,17-01-1995
725,Chennai,Chennai nungambakkam,2.2,17-01-1995
726,Chennai,Chennai port trust,28,18-01-1995
727,Chennai,Chennai port trust,28,18-01-1995
728,Chennai,Chennai nungambakkam,24.4,18-01-1995
729,Chennai,Chennai nungambakkam,24.4,18-01-1995
730,Chennai,Chennai nungambakkam,0.1,19-01-1995
731,Chennai,Chennai nungambakkam,0.1,19-01-1995
732,Chennai,Chennai nungambakkam,0.4,28-01-1995
733,Chennai,Chennai nungambakkam,0.4,28-01-1995
734,Chennai,Chennai port trust,7,05-05-1995
735,Chennai,Chennai port trust,7,05-05-1995
736,Chennai,Chennai nungambakkam,5.8,05-05-1995
737,Chennai,Chennai nungambakkam,5.8,05-05-1995
738,Chennai,Chennai nungambakkam,31.7,06-05-1995
739,Chennai,Chennai nungambakkam,31.7,06-05-1995
740,Chennai,Chennai port trust,27,06-05-1995
741,Chennai,Chennai port trust,27,06-05-1995
742,Chennai,Chennai port trust,150.7,07-05-1995
743,Chennai,Chennai port trust,150.7,07-05-1995
744,Chennai,Chennai nungambakkam,106.2,07-05-1995
745,Chennai,Chennai nungambakkam,106.2,07-05-1995
746,Chennai,Chennai port trust,115,08-05-1995
747,Chennai,Chennai port trust,115,08-05-1995
748,Chennai,Chennai nungambakkam,111.8,08-05-1995
749,Chennai,Chennai nungambakkam,111.8,08-05-1995
750,Chennai,Chennai nungambakkam,2.4,09-05-1995
751,Chennai,Chennai nungambakkam,2.4,09-05-1995
752,Chennai,Chennai port trust,0.7,09-05-1995
753,Chennai,Chennai port trust,0.7,09-05-1995
754,Chennai,Chennai nungambakkam,0.7,11-05-1995
755,Chennai,Chennai nungambakkam,0.7,11-05-1995
756,Chennai,Chennai port trust,28,20-05-1995
757,Chennai,Chennai port trust,28,20-05-1995
758,Chennai,Chennai nungambakkam,21.5,20-05-1995
759,Chennai,Chennai nungambakkam,21.5,20-05-1995
760,Chennai,Chennai nungambakkam,0.6,12-06-1995
761,Chennai,Chennai nungambakkam,0.6,12-06-1995
762,Chennai,Chennai nungambakkam,0.1,15-06-1995
763,Chennai,Chennai nungambakkam,0.1,15-06-1995
764,Chennai,Chennai nungambakkam,0.1,20-06-1995
765,Chennai,Chennai nungambakkam,0.1,20-06-1995
766,Chennai,Chennai nungambakkam,0.6,22-06-1995
767,Chennai,Chennai nungambakkam,0.6,22-06-1995
768,Chennai,Chennai nungambakkam,2.2,23-06-1995
769,Chennai,Chennai nungambakkam,2.2,23-06-1995
770,Chennai,Chennai port trust,2,23-06-1995
771,Chennai,Chennai port trust,2,23-06-1995
772,Chennai,Chennai nungambakkam,15.3,25-06-1995
773,Chennai,Chennai nungambakkam,15.3,25-06-1995
774,Chennai,Chennai port trust,14.2,25-06-1995
775,Chennai,Chennai port trust,14.2,25-06-1995
776,Chennai,Chennai port trust,2.5,26-06-1995
777,Chennai,Chennai port trust,2.5,26-06-1995
778,Chennai,Chennai nungambakkam,0.2,26-06-1995
779,Chennai,Chennai nungambakkam,0.2,26-06-1995
780,Chennai,Chennai nungambakkam,4.4,10-07-1995
781,Chennai,Chennai nungambakkam,4.4,10-07-1995
782,Chennai,Chennai port trust,3.2,10-07-1995
783,Chennai,Chennai port trust,3.2,10-07-1995
784,Chennai,Chennai nungambakkam,0.1,11-07-1995
785,Chennai,Chennai nungambakkam,0.1,11-07-1995
786,Chennai,Chennai nungambakkam,79.2,15-07-1995
787,Chennai,Chennai nungambakkam,79.2,15-07-1995
788,Chennai,Chennai port trust,72.3,15-07-1995
789,Chennai,Chennai port trust,72.3,15-07-1995
790,Chennai,Chennai nungambakkam,0.2,19-07-1995
791,Chennai,Chennai nungambakkam,0.2,19-07-1995
792,Chennai,Chennai port trust,22,24-07-1995
793,Chennai,Chennai port trust,22,24-07-1995
794,Chennai,Chennai nungambakkam,11.4,24-07-1995
795,Chennai,Chennai nungambakkam,11.4,24-07-1995
796,Chennai,Chennai nungambakkam,1.5,25-07-1995
797,Chennai,Chennai nungambakkam,1.5,25-07-1995
798,Chennai,Chennai port trust,1,25-07-1995
799,Chennai,Chennai port trust,1,25-07-1995
800,Chennai,Chennai nungambakkam,3.4,27-07-1995
801,Chennai,Chennai nungambakkam,3.4,27-07-1995
802,Chennai,Chennai port trust,1,27-07-1995
803,Chennai,Chennai port trust,1,27-07-1995
804,Chennai,Chennai port trust,5,29-07-1995
805,Chennai,Chennai port trust,5,29-07-1995
806,Chennai,Chennai nungambakkam,1.5,29-07-1995
807,Chennai,Chennai nungambakkam,1.5,29-07-1995
808,Chennai,Chennai port trust,65,01-08-1995
809,Chennai,Chennai port trust,65,01-08-1995
810,Chennai,Chennai nungambakkam,45.6,01-08-1995
811,Chennai,Chennai nungambakkam,45.6,01-08-1995
812,Chennai,Chennai nungambakkam,1.4,03-08-1995
813,Chennai,Chennai nungambakkam,1.4,03-08-1995
814,Chennai,Chennai nungambakkam,16.8,06-08-1995
815,Chennai,Chennai nungambakkam,16.8,06-08-1995
816,Chennai,Chennai port trust,16,06-08-1995
817,Chennai,Chennai port trust,16,06-08-1995
818,Chennai,Chennai nungambakkam,53.4,07-08-1995
819,Chennai,Chennai nungambakkam,53.4,07-08-1995
820,Chennai,Chennai port trust,52,07-08-1995
821,Chennai,Chennai port trust,52,07-08-1995
822,Chennai,Chennai nungambakkam,1.3,08-08-1995
823,Chennai,Chennai nungambakkam,1.3,08-08-1995
824,Chennai,Chennai port trust,1,08-08-1995
825,Chennai,Chennai port trust,1,08-08-1995
826,Chennai,Chennai nungambakkam,7,09-08-1995
827,Chennai,Chennai nungambakkam,7,09-08-1995
828,Chennai,Chennai port trust,5.2,09-08-1995
829,Chennai,Chennai port trust,5.2,09-08-1995
830,Chennai,Chennai port trust,3,10-08-1995
831,Chennai,Chennai port trust,3,10-08-1995
832,Chennai,Chennai nungambakkam,1.4,10-08-1995
833,Chennai,Chennai nungambakkam,1.4,10-08-1995
834,Chennai,Chennai nungambakkam,2.3,14-08-1995
835,Chennai,Chennai nungambakkam,2.3,14-08-1995
836,Chennai,Chennai port trust,0.6,14-08-1995
837,Chennai,Chennai port trust,0.6,14-08-1995
838,Chennai,Chennai port trust,85,15-08-1995
839,Chennai,Chennai port trust,85,15-08-1995
840,Chennai,Chennai nungambakkam,70.4,15-08-1995
841,Chennai,Chennai nungambakkam,70.4,15-08-1995
842,Chennai,Chennai port trust,1,16-08-1995
843,Chennai,Chennai port trust,1,16-08-1995
844,Chennai,Chennai nungambakkam,0.8,16-08-1995
845,Chennai,Chennai nungambakkam,0.8,16-08-1995
846,Chennai,Chennai port trust,4,18-08-1995
847,Chennai,Chennai port trust,4,18-08-1995
848,Chennai,Chennai port trust,2,19-08-1995
849,Chennai,Chennai port trust,2,19-08-1995
850,Chennai,Chennai nungambakkam,2,19-08-1995
851,Chennai,Chennai nungambakkam,2,19-08-1995
852,Chennai,Chennai port trust,11.8,24-08-1995
853,Chennai,Chennai port trust,11.8,24-08-1995
854,Chennai,Chennai nungambakkam,9.3,24-08-1995
855,Chennai,Chennai nungambakkam,9.3,24-08-1995
856,Chennai,Chennai port trust,1,25-08-1995
857,Chennai,Chennai port trust,1,25-08-1995
858,Chennai,Chennai nungambakkam,0.3,25-08-1995
859,Chennai,Chennai nungambakkam,0.3,25-08-1995
860,Chennai,Chennai port trust,22,26-08-1995
861,Chennai,Chennai port trust,22,26-08-1995
862,Chennai,Chennai nungambakkam,20.3,27-08-1995
863,Chennai,Chennai nungambakkam,20.3,27-08-1995
864,Chennai,Chennai port trust,4.2,29-08-1995
865,Chennai,Chennai port trust,4.2,29-08-1995
866,Chennai,Chennai nungambakkam,4.2,29-08-1995
867,Chennai,Chennai nungambakkam,4.2,29-08-1995
868,Chennai,Chennai nungambakkam,2.2,31-08-1995
869,Chennai,Chennai nungambakkam,2.2,31-08-1995
870,Chennai,Chennai port trust,1,31-08-1995
871,Chennai,Chennai port trust,1,31-08-1995
872,Chennai,Chennai port trust,8.3,07-09-1995
873,Chennai,Chennai port trust,8.3,07-09-1995
874,Chennai,Chennai nungambakkam,6.2,07-09-1995
875,Chennai,Chennai nungambakkam,6.2,07-09-1995
876,Chennai,Chennai nungambakkam,1.3,08-09-1995
877,Chennai,Chennai nungambakkam,1.3,08-09-1995
878,Chennai,Chennai port trust,29.3,09-09-1995
879,Chennai,Chennai port trust,29.3,09-09-1995
880,Chennai,Chennai nungambakkam,19.6,09-09-1995
881,Chennai,Chennai nungambakkam,19.6,09-09-1995
882,Chennai,Chennai port trust,32,10-09-1995
883,Chennai,Chennai port trust,32,10-09-1995
884,Chennai,Chennai nungambakkam,24.8,10-09-1995
885,Chennai,Chennai nungambakkam,24.8,10-09-1995
886,Chennai,Chennai nungambakkam,30.4,11-09-1995
887,Chennai,Chennai nungambakkam,30.4,11-09-1995
888,Chennai,Chennai port trust,22,11-09-1995
889,Chennai,Chennai port trust,22,11-09-1995
890,Chennai,Chennai nungambakkam,21.9,12-09-1995
891,Chennai,Chennai nungambakkam,21.9,12-09-1995
892,Chennai,Chennai port trust,19,12-09-1995
893,Chennai,Chennai port trust,19,12-09-1995
894,Chennai,Chennai nungambakkam,9.9,16-09-1995
895,Chennai,Chennai nungambakkam,9.9,16-09-1995
896,Chennai,Chennai port trust,6.1,16-09-1995
897,Chennai,Chennai port trust,6.1,16-09-1995
898,Chennai,Chennai nungambakkam,61.4,17-09-1995
899,Chennai,Chennai nungambakkam,61.4,17-09-1995
900,Chennai,Chennai port trust,57,17-09-1995
901,Chennai,Chennai port trust,57,17-09-1995
902,Chennai,Chennai port trust,4.2,21-09-1995
903,Chennai,Chennai port trust,4.2,21-09-1995
904,Chennai,Chennai nungambakkam,0.7,24-09-1995
905,Chennai,Chennai nungambakkam,0.7,24-09-1995
906,Chennai,Chennai nungambakkam,2.6,28-09-1995
907,Chennai,Chennai nungambakkam,2.6,28-09-1995
908,Chennai,Chennai port trust,0.6,28-09-1995
909,Chennai,Chennai port trust,0.6,28-09-1995
910,Chennai,Chennai nungambakkam,6,29-09-1995
911,Chennai,Chennai nungambakkam,6,29-09-1995
912,Chennai,Chennai port trust,4,29-09-1995
913,Chennai,Chennai port trust,4,29-09-1995
914,Chennai,Chennai nungambakkam,6,30-09-1995
915,Chennai,Chennai nungambakkam,6,30-09-1995
916,Chennai,Chennai nungambakkam,1.5,04-10-1995
917,Chennai,Chennai nungambakkam,1.5,04-10-1995
918,Chennai,Chennai port trust,0.3,04-10-1995
919,Chennai,Chennai port trust,0.3,04-10-1995
920,Chennai,Chennai port trust,5,05-10-1995
921,Chennai,Chennai port trust,5,05-10-1995
922,Chennai,Chennai nungambakkam,2.4,05-10-1995
923,Chennai,Chennai nungambakkam,2.4,05-10-1995
924,Chennai,Chennai port trust,9,06-10-1995
925,Chennai,Chennai port trust,9,06-10-1995
926,Chennai,Chennai nungambakkam,9,06-10-1995
927,Chennai,Chennai nungambakkam,9,06-10-1995
928,Chennai,Chennai port trust,6.5,07-10-1995
929,Chennai,Chennai port trust,6.5,07-10-1995
930,Chennai,Chennai nungambakkam,4,07-10-1995
931,Chennai,Chennai nungambakkam,4,07-10-1995
932,Chennai,Chennai nungambakkam,9.7,08-10-1995
933,Chennai,Chennai nungambakkam,9.7,08-10-1995
934,Chennai,Chennai port trust,8.5,08-10-1995
935,Chennai,Chennai port trust,8.5,08-10-1995
936,Chennai,Chennai nungambakkam,6.9,09-10-1995
937,Chennai,Chennai nungambakkam,6.9,09-10-1995
938,Chennai,Chennai port trust,6.5,09-10-1995
939,Chennai,Chennai port trust,6.5,09-10-1995
940,Chennai,Chennai port trust,2.6,10-10-1995
941,Chennai,Chennai port trust,2.6,10-10-1995
942,Chennai,Chennai nungambakkam,1.1,10-10-1995
943,Chennai,Chennai nungambakkam,1.1,10-10-1995
944,Chennai,Chennai nungambakkam,16.8,11-10-1995
945,Chennai,Chennai nungambakkam,16.8,11-10-1995
946,Chennai,Chennai port trust,11.6,11-10-1995
947,Chennai,Chennai port trust,11.6,11-10-1995
948,Chennai,Chennai port trust,43,13-10-1995
949,Chennai,Chennai port trust,43,13-10-1995
950,Chennai,Chennai nungambakkam,42.9,13-10-1995
951,Chennai,Chennai nungambakkam,42.9,13-10-1995
952,Chennai,Chennai nungambakkam,26,14-10-1995
953,Chennai,Chennai nungambakkam,26,14-10-1995
954,Chennai,Chennai port trust,17,14-10-1995
955,Chennai,Chennai port trust,17,14-10-1995
956,Chennai,Chennai port trust,5,15-10-1995
957,Chennai,Chennai port trust,5,15-10-1995
958,Chennai,Chennai nungambakkam,4,15-10-1995
959,Chennai,Chennai nungambakkam,4,15-10-1995
960,Chennai,Chennai port trust,7,16-10-1995
961,Chennai,Chennai port trust,7,16-10-1995
962,Chennai,Chennai nungambakkam,0.9,16-10-1995
963,Chennai,Chennai nungambakkam,0.9,16-10-1995
964,Chennai,Chennai nungambakkam,1,23-10-1995
965,Chennai,Chennai nungambakkam,1,23-10-1995
966,Chennai,Chennai port trust,34.2,24-10-1995
967,Chennai,Chennai port trust,34.2,24-10-1995
968,Chennai,Chennai nungambakkam,27.2,24-10-1995
969,Chennai,Chennai nungambakkam,27.2,24-10-1995
970,Chennai,Chennai port trust,22.2,25-10-1995
971,Chennai,Chennai port trust,22.2,25-10-1995
972,Chennai,Chennai nungambakkam,17.2,25-10-1995
973,Chennai,Chennai nungambakkam,17.2,25-10-1995
974,Chennai,Chennai nungambakkam,17,26-10-1995
975,Chennai,Chennai nungambakkam,17,26-10-1995
976,Chennai,Chennai port trust,6.7,26-10-1995
977,Chennai,Chennai port trust,6.7,26-10-1995
978,Chennai,Chennai port trust,22.3,27-10-1995
979,Chennai,Chennai port trust,22.3,27-10-1995
980,Chennai,Chennai nungambakkam,18.1,27-10-1995
981,Chennai,Chennai nungambakkam,18.1,27-10-1995
982,Chennai,Chennai nungambakkam,11.6,28-10-1995
983,Chennai,Chennai nungambakkam,11.6,28-10-1995
984,Chennai,Chennai port trust,8.2,28-10-1995
985,Chennai,Chennai port trust,8.2,28-10-1995
986,Chennai,Chennai port trust,27,29-10-1995
987,Chennai,Chennai port trust,27,29-10-1995
988,Chennai,Chennai nungambakkam,27,29-10-1995
989,Chennai,Chennai nungambakkam,27,29-10-1995
990,Chennai,Chennai port trust,5.2,30-10-1995
991,Chennai,Chennai port trust,5.2,30-10-1995
992,Chennai,Chennai nungambakkam,4.8,30-10-1995
993,Chennai,Chennai nungambakkam,4.8,30-10-1995
994,Chennai,Chennai port trust,40,03-11-1995
995,Chennai,Chennai port trust,40,03-11-1995
996,Chennai,Chennai nungambakkam,33.6,03-11-1995
997,Chennai,Chennai nungambakkam,33.6,03-11-1995
998,Chennai,Chennai port trust,81,04-11-1995
999,Chennai,Chennai port trust,81,04-11-1995
1000,Chennai,Chennai nungambakkam,78.3,04-11-1995
1001,Chennai,Chennai nungambakkam,78.3,04-11-1995
1002,Chennai,Chennai nungambakkam,32.1,05-11-1995
1003,Chennai,Chennai nungambakkam,32.1,05-11-1995
1004,Chennai,Chennai port trust,20,05-11-1995
1005,Chennai,Chennai port trust,20,05-11-1995
1006,Chennai,Chennai port trust,80,06-11-1995
1007,Chennai,Chennai port trust,80,06-11-1995
1008,Chennai,Chennai nungambakkam,65.9,06-11-1995
1009,Chennai,Chennai nungambakkam,65.9,06-11-1995
1010,Chennai,Chennai port trust,1.5,07-11-1995
1011,Chennai,Chennai port trust,1.5,07-11-1995
1012,Chennai,Chennai nungambakkam,1,07-11-1995
1013,Chennai,Chennai nungambakkam,1,07-11-1995
1014,Chennai,Chennai port trust,3,08-11-1995
1015,Chennai,Chennai port trust,3,08-11-1995
1016,Chennai,Chennai nungambakkam,1.8,08-11-1995
1017,Chennai,Chennai nungambakkam,1.8,08-11-1995
1018,Chennai,Chennai port trust,6,09-11-1995
1019,Chennai,Chennai port trust,6,09-11-1995
1020,Chennai,Chennai nungambakkam,5.1,09-11-1995
1021,Chennai,Chennai nungambakkam,5.1,09-11-1995
1022,Chennai,Chennai port trust,3.3,21-11-1995
1023,Chennai,Chennai port trust,3.3,21-11-1995
1024,Chennai,Chennai nungambakkam,2.9,21-11-1995
1025,Chennai,Chennai nungambakkam,2.9,21-11-1995
1026,Chennai,Chennai nungambakkam,7.3,23-11-1995
1027,Chennai,Chennai nungambakkam,7.3,23-11-1995
1028,Chennai,Chennai port trust,4.3,23-11-1995
1029,Chennai,Chennai port trust,4.3,23-11-1995
1030,Chennai,Chennai port trust,18.5,24-11-1995
1031,Chennai,Chennai port trust,18.5,24-11-1995
1032,Chennai,Chennai nungambakkam,12.6,24-11-1995
1033,Chennai,Chennai nungambakkam,12.6,24-11-1995
1034,Chennai,Chennai nungambakkam,33.7,26-11-1995
1035,Chennai,Chennai nungambakkam,33.7,26-11-1995
1036,Chennai,Chennai port trust,11,26-11-1995
1037,Chennai,Chennai port trust,11,26-11-1995
1038,Chennai,Chennai nungambakkam,0.7,06-04-1996
1039,Chennai,Chennai nungambakkam,0.7,06-04-1996
1040,Chennai,Chennai port trust,9,13-04-1996
1041,Chennai,Chennai port trust,9,13-04-1996
1042,Chennai,Chennai nungambakkam,10.8,14-04-1996
1043,Chennai,Chennai nungambakkam,10.8,14-04-1996
1044,Chennai,Chennai port trust,5,15-04-1996
1045,Chennai,Chennai port trust,5,15-04-1996
1046,Chennai,Chennai nungambakkam,1.4,15-04-1996
1047,Chennai,Chennai nungambakkam,1.4,15-04-1996
1048,Chennai,Chennai nungambakkam,2.9,16-04-1996
1049,Chennai,Chennai nungambakkam,2.9,16-04-1996
1050,Chennai,Chennai port trust,4.3,30-04-1996
1051,Chennai,Chennai port trust,4.3,30-04-1996
1052,Chennai,Chennai nungambakkam,15,01-05-1996
1053,Chennai,Chennai nungambakkam,15,01-05-1996
1054,Chennai,Chennai nungambakkam,17.4,12-06-1996
1055,Chennai,Chennai nungambakkam,17.4,12-06-1996
1056,Chennai,Chennai port trust,16,12-06-1996
1057,Chennai,Chennai port trust,16,12-06-1996
1058,Chennai,Chennai port trust,117,13-06-1996
1059,Chennai,Chennai port trust,117,13-06-1996
1060,Chennai,Chennai nungambakkam,113,13-06-1996
1061,Chennai,Chennai nungambakkam,113,13-06-1996
1062,Chennai,Chennai port trust,348.3,14-06-1996
1063,Chennai,Chennai port trust,348.3,14-06-1996
1064,Chennai,Chennai nungambakkam,347.9,14-06-1996
1065,Chennai,Chennai nungambakkam,347.9,14-06-1996
1066,Chennai,Chennai port trust,217.5,15-06-1996
1067,Chennai,Chennai port trust,217.5,15-06-1996
1068,Chennai,Chennai nungambakkam,193.4,15-06-1996
1069,Chennai,Chennai nungambakkam,193.4,15-06-1996
1070,Chennai,Chennai nungambakkam,0.2,16-06-1996
1071,Chennai,Chennai nungambakkam,0.2,16-06-1996
1072,Chennai,Chennai port trust,14.5,22-06-1996
1073,Chennai,Chennai port trust,14.5,22-06-1996
1074,Chennai,Chennai nungambakkam,12.6,22-06-1996
1075,Chennai,Chennai nungambakkam,12.6,22-06-1996
1076,Chennai,Chennai nungambakkam,0.2,23-06-1996
1077,Chennai,Chennai nungambakkam,0.2,23-06-1996
1078,Chennai,Chennai nungambakkam,1.2,24-06-1996
1079,Chennai,Chennai nungambakkam,1.2,24-06-1996
1080,Chennai,Chennai port trust,0.5,24-06-1996
1081,Chennai,Chennai port trust,0.5,24-06-1996
1082,Chennai,Chennai port trust,13,26-06-1996
1083,Chennai,Chennai port trust,13,26-06-1996
1084,Chennai,Chennai nungambakkam,11.6,26-06-1996
1085,Chennai,Chennai nungambakkam,11.6,26-06-1996
1086,Chennai,Chennai nungambakkam,0.2,07-07-1996
1087,Chennai,Chennai nungambakkam,0.2,07-07-1996
1088,Chennai,Chennai nungambakkam,0.3,09-07-1996
1089,Chennai,Chennai nungambakkam,0.3,09-07-1996
1090,Chennai,Chennai nungambakkam,0.4,13-07-1996
1091,Chennai,Chennai nungambakkam,0.4,13-07-1996
1092,Chennai,Chennai port trust,2.1,16-07-1996
1093,Chennai,Chennai port trust,2.1,16-07-1996
1094,Chennai,Chennai nungambakkam,1.6,16-07-1996
1095,Chennai,Chennai nungambakkam,1.6,16-07-1996
1096,Chennai,Chennai nungambakkam,3.1,17-07-1996
1097,Chennai,Chennai nungambakkam,3.1,17-07-1996
1098,Chennai,Chennai port trust,2.5,17-07-1996
1099,Chennai,Chennai port trust,2.5,17-07-1996
1100,Chennai,Chennai nungambakkam,25.1,18-07-1996
1101,Chennai,Chennai nungambakkam,25.1,18-07-1996
1102,Chennai,Chennai port trust,22.5,18-07-1996
1103,Chennai,Chennai port trust,22.5,18-07-1996
1104,Chennai,Chennai nungambakkam,13.4,19-07-1996
1105,Chennai,Chennai nungambakkam,13.4,19-07-1996
1106,Chennai,Chennai port trust,11.2,19-07-1996
1107,Chennai,Chennai port trust,11.2,19-07-1996
1108,Chennai,Chennai nungambakkam,8.2,20-07-1996
1109,Chennai,Chennai nungambakkam,8.2,20-07-1996
1110,Chennai,Chennai port trust,5.8,20-07-1996
1111,Chennai,Chennai port trust,5.8,20-07-1996
1112,Chennai,Chennai nungambakkam,5.6,21-07-1996
1113,Chennai,Chennai nungambakkam,5.6,21-07-1996
1114,Chennai,Chennai port trust,5,21-07-1996
1115,Chennai,Chennai port trust,5,21-07-1996
1116,Chennai,Chennai nungambakkam,7.5,30-07-1996
1117,Chennai,Chennai nungambakkam,7.5,30-07-1996
1118,Chennai,Chennai port trust,3.4,30-07-1996
1119,Chennai,Chennai port trust,3.4,30-07-1996
1120,Chennai,Chennai nungambakkam,1.2,02-11-1996
1121,Chennai,Chennai nungambakkam,1.2,02-11-1996
1122,Chennai,Chennai nungambakkam,2,09-11-1996
1123,Chennai,Chennai nungambakkam,2,09-11-1996
1124,Chennai,Chennai nungambakkam,0.6,14-11-1996
1125,Chennai,Chennai nungambakkam,0.6,14-11-1996
1126,Chennai,Chennai nungambakkam,0.4,15-11-1996
1127,Chennai,Chennai nungambakkam,0.4,15-11-1996
1128,Chennai,Chennai nungambakkam,0.4,17-11-1996
1129,Chennai,Chennai nungambakkam,0.4,17-11-1996
1130,Chennai,Chennai nungambakkam,34.2,18-11-1996
1131,Chennai,Chennai nungambakkam,34.2,18-11-1996
1132,Chennai,Chennai nungambakkam,15.5,19-11-1996
1133,Chennai,Chennai nungambakkam,15.5,19-11-1996
1134,Chennai,Chennai nungambakkam,2.8,20-11-1996
1135,Chennai,Chennai nungambakkam,2.8,20-11-1996
1136,Chennai,Chennai nungambakkam,59.6,21-11-1996
1137,Chennai,Chennai nungambakkam,59.6,21-11-1996
1138,Chennai,Chennai nungambakkam,37.1,22-11-1996
1139,Chennai,Chennai nungambakkam,37.1,22-11-1996
1140,Chennai,Chennai nungambakkam,35.3,23-11-1996
1141,Chennai,Chennai nungambakkam,35.3,23-11-1996
1142,Chennai,Chennai nungambakkam,78.1,24-11-1996
1143,Chennai,Chennai nungambakkam,78.1,24-11-1996
1144,Chennai,Chennai nungambakkam,0.7,25-11-1996
1145,Chennai,Chennai nungambakkam,0.7,25-11-1996
1146,Chennai,Chennai nungambakkam,38.1,26-11-1996
1147,Chennai,Chennai nungambakkam,38.1,26-11-1996
1148,Chennai,Chennai nungambakkam,17.5,27-11-1996
1149,Chennai,Chennai nungambakkam,17.5,27-11-1996
1150,Chennai,Chennai nungambakkam,6.8,28-11-1996
1151,Chennai,Chennai nungambakkam,6.8,28-11-1996
1152,Chennai,Chennai port trust,3,06-12-1996
1153,Chennai,Chennai port trust,3,06-12-1996
1154,Chennai,Chennai nungambakkam,2,06-12-1996
1155,Chennai,Chennai nungambakkam,2,06-12-1996
1156,Chennai,Chennai nungambakkam,54.2,07-12-1996
1157,Chennai,Chennai nungambakkam,54.2,07-12-1996
1158,Chennai,Chennai port trust,53.6,07-12-1996
1159,Chennai,Chennai port trust,53.6,07-12-1996
1160,Chennai,Chennai nungambakkam,30.6,08-12-1996
1161,Chennai,Chennai nungambakkam,30.6,08-12-1996
1162,Chennai,Chennai port trust,29,08-12-1996
1163,Chennai,Chennai port trust,29,08-12-1996
1164,Chennai,Chennai port trust,72.3,09-12-1996
1165,Chennai,Chennai port trust,72.3,09-12-1996
1166,Chennai,Chennai nungambakkam,68.3,09-12-1996
1167,Chennai,Chennai nungambakkam,68.3,09-12-1996
1168,Chennai,Chennai port trust,2,10-12-1996
1169,Chennai,Chennai port trust,2,10-12-1996
1170,Chennai,Chennai nungambakkam,2,10-12-1996
1171,Chennai,Chennai nungambakkam,2,10-12-1996
1172,Chennai,Chennai port trust,123.2,11-12-1996
1173,Chennai,Chennai port trust,123.2,11-12-1996
1174,Chennai,Chennai nungambakkam,113.3,11-12-1996
1175,Chennai,Chennai nungambakkam,113.3,11-12-1996
1176,Chennai,Chennai nungambakkam,21.3,12-12-1996
1177,Chennai,Chennai nungambakkam,21.3,12-12-1996
1178,Chennai,Chennai port trust,17.4,12-12-1996
1179,Chennai,Chennai port trust,17.4,12-12-1996
1180,Chennai,Chennai nungambakkam,28.4,13-12-1996
1181,Chennai,Chennai nungambakkam,28.4,13-12-1996
1182,Chennai,Chennai port trust,23,13-12-1996
1183,Chennai,Chennai port trust,23,13-12-1996
1184,Chennai,Chennai nungambakkam,54.4,14-12-1996
1185,Chennai,Chennai nungambakkam,54.4,14-12-1996
1186,Chennai,Chennai port trust,46,14-12-1996
1187,Chennai,Chennai port trust,46,14-12-1996
1188,Chennai,Chennai port trust,70.1,15-12-1996
1189,Chennai,Chennai port trust,70.1,15-12-1996
1190,Chennai,Chennai nungambakkam,46.4,15-12-1996
1191,Chennai,Chennai nungambakkam,46.4,15-12-1996
1192,Chennai,Chennai nungambakkam,17.1,16-12-1996
1193,Chennai,Chennai nungambakkam,17.1,16-12-1996
1194,Chennai,Chennai port trust,7,16-12-1996
1195,Chennai,Chennai port trust,7,16-12-1996
1196,Chennai,Chennai port trust,0.3,17-12-1996
1197,Chennai,Chennai port trust,0.3,17-12-1996
1198,Chennai,Chennai nungambakkam,0.3,17-12-1996
1199,Chennai,Chennai nungambakkam,0.3,17-12-1996
1200,Chennai,Chennai nungambakkam,4.2,30-12-1996
1201,Chennai,Chennai nungambakkam,4.2,30-12-1996
1202,Chennai,Chennai port trust,2,30-12-1996
1203,Chennai,Chennai port trust,2,30-12-1996
1204,Chennai,Chennai port trust,6,08-01-1997
1205,Chennai,Chennai port trust,6,08-01-1997
1206,Chennai,Chennai nungambakkam,4.1,08-01-1997
1207,Chennai,Chennai nungambakkam,4.1,08-01-1997
1208,Chennai,Chennai nungambakkam,0.4,09-01-1997
1209,Chennai,Chennai nungambakkam,0.4,09-01-1997
1210,Chennai,Chennai nungambakkam,3,10-01-1997
1211,Chennai,Chennai nungambakkam,3,10-01-1997
1212,Chennai,Chennai nungambakkam,0.1,11-01-1997
1213,Chennai,Chennai nungambakkam,0.1,11-01-1997
1214,Chennai,Chennai port trust,5,18-01-1997
1215,Chennai,Chennai port trust,5,18-01-1997
1216,Chennai,Chennai nungambakkam,0.7,18-01-1997
1217,Chennai,Chennai nungambakkam,0.7,18-01-1997
1218,Chennai,Chennai port trust,18.2,04-04-1997
1219,Chennai,Chennai port trust,18.2,04-04-1997
1220,Chennai,Chennai nungambakkam,6.1,04-04-1997
1221,Chennai,Chennai nungambakkam,6.1,04-04-1997
1222,Chennai,Chennai nungambakkam,15.5,06-04-1997
1223,Chennai,Chennai nungambakkam,15.5,06-04-1997
1224,Chennai,Chennai port trust,9.3,06-04-1997
1225,Chennai,Chennai port trust,9.3,06-04-1997
1226,Chennai,Chennai port trust,31.6,12-04-1997
1227,Chennai,Chennai port trust,31.6,12-04-1997
1228,Chennai,Chennai nungambakkam,28.6,13-04-1997
1229,Chennai,Chennai nungambakkam,28.6,13-04-1997
1230,Chennai,Chennai nungambakkam,0.2,06-05-1997
1231,Chennai,Chennai nungambakkam,0.2,06-05-1997
1232,Chennai,Chennai nungambakkam,0.4,07-05-1997
1233,Chennai,Chennai nungambakkam,0.4,07-05-1997
1234,Chennai,Chennai nungambakkam,5.4,11-06-1997
1235,Chennai,Chennai nungambakkam,5.4,11-06-1997
1236,Chennai,Chennai port trust,1.2,11-06-1997
1237,Chennai,Chennai port trust,1.2,11-06-1997
1238,Chennai,Chennai port trust,2.3,13-06-1997
1239,Chennai,Chennai port trust,2.3,13-06-1997
1240,Chennai,Chennai nungambakkam,1.9,13-06-1997
1241,Chennai,Chennai nungambakkam,1.9,13-06-1997
1242,Chennai,Chennai nungambakkam,0.3,15-06-1997
1243,Chennai,Chennai nungambakkam,0.3,15-06-1997
1244,Chennai,Chennai nungambakkam,10.4,19-06-1997
1245,Chennai,Chennai nungambakkam,10.4,19-06-1997
1246,Chennai,Chennai port trust,5.6,19-06-1997
1247,Chennai,Chennai port trust,5.6,19-06-1997
1248,Chennai,Chennai nungambakkam,26.4,21-06-1997
1249,Chennai,Chennai nungambakkam,26.4,21-06-1997
1250,Chennai,Chennai port trust,18.2,21-06-1997
1251,Chennai,Chennai port trust,18.2,21-06-1997
1252,Chennai,Chennai port trust,5.6,22-06-1997
1253,Chennai,Chennai port trust,5.6,22-06-1997
1254,Chennai,Chennai nungambakkam,2.5,22-06-1997
1255,Chennai,Chennai nungambakkam,2.5,22-06-1997
1256,Chennai,Chennai nungambakkam,11.8,23-06-1997
1257,Chennai,Chennai nungambakkam,11.8,23-06-1997
1258,Chennai,Chennai port trust,7,23-06-1997
1259,Chennai,Chennai port trust,7,23-06-1997
1260,Chennai,Chennai nungambakkam,0.2,26-06-1997
1261,Chennai,Chennai nungambakkam,0.2,26-06-1997
1262,Chennai,Chennai nungambakkam,2.5,27-06-1997
1263,Chennai,Chennai nungambakkam,2.5,27-06-1997
1264,Chennai,Chennai port trust,1,27-06-1997
1265,Chennai,Chennai port trust,1,27-06-1997
1266,Chennai,Chennai nungambakkam,1.1,02-07-1997
1267,Chennai,Chennai nungambakkam,1.1,02-07-1997
1268,Chennai,Chennai port trust,0.6,02-07-1997
1269,Chennai,Chennai port trust,0.6,02-07-1997
1270,Chennai,Chennai nungambakkam,11.2,06-07-1997
1271,Chennai,Chennai nungambakkam,11.2,06-07-1997
1272,Chennai,Chennai port trust,8,06-07-1997
1273,Chennai,Chennai port trust,8,06-07-1997
1274,Chennai,Chennai port trust,1,08-07-1997
1275,Chennai,Chennai port trust,1,08-07-1997
1276,Chennai,Chennai nungambakkam,0.5,08-07-1997
1277,Chennai,Chennai nungambakkam,0.5,08-07-1997
1278,Chennai,Chennai nungambakkam,0.3,09-07-1997
1279,Chennai,Chennai nungambakkam,0.3,09-07-1997
1280,Chennai,Chennai port trust,0.4,10-07-1997
1281,Chennai,Chennai port trust,0.4,10-07-1997
1282,Chennai,Chennai nungambakkam,0.4,10-07-1997
1283,Chennai,Chennai nungambakkam,0.4,10-07-1997
1284,Chennai,Chennai port trust,11.5,12-07-1997
1285,Chennai,Chennai port trust,11.5,12-07-1997
1286,Chennai,Chennai nungambakkam,10.4,12-07-1997
1287,Chennai,Chennai nungambakkam,10.4,12-07-1997
1288,Chennai,Chennai nungambakkam,0.1,14-07-1997
1289,Chennai,Chennai nungambakkam,0.1,14-07-1997
1290,Chennai,Chennai nungambakkam,0.4,19-07-1997
1291,Chennai,Chennai nungambakkam,0.4,19-07-1997
1292,Chennai,Chennai port trust,5.5,22-07-1997
1293,Chennai,Chennai port trust,5.5,22-07-1997
1294,Chennai,Chennai nungambakkam,2.9,22-07-1997
1295,Chennai,Chennai nungambakkam,2.9,22-07-1997
1296,Chennai,Chennai port trust,2.4,23-07-1997
1297,Chennai,Chennai port trust,2.4,23-07-1997
1298,Chennai,Chennai nungambakkam,1.2,23-07-1997
1299,Chennai,Chennai nungambakkam,1.2,23-07-1997
1300,Chennai,Chennai nungambakkam,8.8,24-07-1997
1301,Chennai,Chennai nungambakkam,8.8,24-07-1997
1302,Chennai,Chennai port trust,6.5,24-07-1997
1303,Chennai,Chennai port trust,6.5,24-07-1997
1304,Chennai,Chennai nungambakkam,12,27-07-1997
1305,Chennai,Chennai nungambakkam,12,27-07-1997
1306,Chennai,Chennai nungambakkam,1.1,28-07-1997
1307,Chennai,Chennai nungambakkam,1.1,28-07-1997
1308,Chennai,Chennai port trust,10.2,31-07-1997
1309,Chennai,Chennai port trust,10.2,31-07-1997
1310,Chennai,Chennai nungambakkam,0.5,31-07-1997
1311,Chennai,Chennai nungambakkam,0.5,31-07-1997
1312,Chennai,Chennai nungambakkam,9.8,07-08-1997
1313,Chennai,Chennai nungambakkam,9.8,07-08-1997
1314,Chennai,Chennai port trust,9,07-08-1997
1315,Chennai,Chennai port trust,9,07-08-1997
1316,Chennai,Chennai nungambakkam,10.6,08-08-1997
1317,Chennai,Chennai nungambakkam,10.6,08-08-1997
1318,Chennai,Chennai port trust,5.3,08-08-1997
1319,Chennai,Chennai port trust,5.3,08-08-1997
1320,Chennai,Chennai port trust,3.2,09-08-1997
1321,Chennai,Chennai port trust,3.2,09-08-1997
1322,Chennai,Chennai nungambakkam,2.7,09-08-1997
1323,Chennai,Chennai nungambakkam,2.7,09-08-1997
1324,Chennai,Chennai port trust,3,10-08-1997
1325,Chennai,Chennai port trust,3,10-08-1997
1326,Chennai,Chennai nungambakkam,2.9,10-08-1997
1327,Chennai,Chennai nungambakkam,2.9,10-08-1997
1328,Chennai,Chennai port trust,2.2,11-08-1997
1329,Chennai,Chennai port trust,2.2,11-08-1997
1330,Chennai,Chennai nungambakkam,1,11-08-1997
1331,Chennai,Chennai nungambakkam,1,11-08-1997
1332,Chennai,Chennai port trust,6.8,12-08-1997
1333,Chennai,Chennai port trust,6.8,12-08-1997
1334,Chennai,Chennai nungambakkam,4.4,12-08-1997
1335,Chennai,Chennai nungambakkam,4.4,12-08-1997
1336,Chennai,Chennai port trust,5,13-08-1997
1337,Chennai,Chennai port trust,5,13-08-1997
1338,Chennai,Chennai nungambakkam,2.1,13-08-1997
1339,Chennai,Chennai nungambakkam,2.1,13-08-1997
1340,Chennai,Chennai port trust,0.3,14-08-1997
1341,Chennai,Chennai port trust,0.3,14-08-1997
1342,Chennai,Chennai nungambakkam,1.3,16-08-1997
1343,Chennai,Chennai nungambakkam,1.3,16-08-1997
1344,Chennai,Chennai port trust,0.8,16-08-1997
1345,Chennai,Chennai port trust,0.8,16-08-1997
1346,Chennai,Chennai port trust,2.3,18-08-1997
1347,Chennai,Chennai port trust,2.3,18-08-1997
1348,Chennai,Chennai port trust,12,24-08-1997
1349,Chennai,Chennai port trust,12,24-08-1997
1350,Chennai,Chennai nungambakkam,5.6,24-08-1997
1351,Chennai,Chennai nungambakkam,5.6,24-08-1997
1352,Chennai,Chennai port trust,1.5,26-08-1997
1353,Chennai,Chennai port trust,1.5,26-08-1997
1354,Chennai,Chennai nungambakkam,0.9,26-08-1997
1355,Chennai,Chennai nungambakkam,0.9,26-08-1997
1356,Chennai,Chennai nungambakkam,0.2,27-08-1997
1357,Chennai,Chennai nungambakkam,0.2,27-08-1997
1358,Chennai,Chennai nungambakkam,12.3,28-08-1997
1359,Chennai,Chennai nungambakkam,12.3,28-08-1997
1360,Chennai,Chennai port trust,9.2,28-08-1997
1361,Chennai,Chennai port trust,9.2,28-08-1997
1362,Chennai,Chennai port trust,7,29-08-1997
1363,Chennai,Chennai port trust,7,29-08-1997
1364,Chennai,Chennai nungambakkam,3.4,29-08-1997
1365,Chennai,Chennai nungambakkam,3.4,29-08-1997
1366,Chennai,Chennai nungambakkam,43.2,30-08-1997
1367,Chennai,Chennai nungambakkam,43.2,30-08-1997
1368,Chennai,Chennai port trust,14.2,31-08-1997
1369,Chennai,Chennai port trust,14.2,31-08-1997
1370,Chennai,Chennai port trust,12.2,07-09-1997
1371,Chennai,Chennai port trust,12.2,07-09-1997
1372,Chennai,Chennai nungambakkam,1.2,07-09-1997
1373,Chennai,Chennai nungambakkam,1.2,07-09-1997
1374,Chennai,Chennai nungambakkam,37,08-09-1997
1375,Chennai,Chennai nungambakkam,37,08-09-1997
1376,Chennai,Chennai port trust,24.3,08-09-1997
1377,Chennai,Chennai port trust,24.3,08-09-1997
1378,Chennai,Chennai port trust,0.5,09-09-1997
1379,Chennai,Chennai port trust,0.5,09-09-1997
1380,Chennai,Chennai nungambakkam,0.4,09-09-1997
1381,Chennai,Chennai nungambakkam,0.4,09-09-1997
1382,Chennai,Chennai port trust,9,10-09-1997
1383,Chennai,Chennai port trust,9,10-09-1997
1384,Chennai,Chennai nungambakkam,12.6,11-09-1997
1385,Chennai,Chennai nungambakkam,12.6,11-09-1997
1386,Chennai,Chennai nungambakkam,0.9,13-09-1997
1387,Chennai,Chennai nungambakkam,0.9,13-09-1997
1388,Chennai,Chennai nungambakkam,22,14-09-1997
1389,Chennai,Chennai nungambakkam,22,14-09-1997
1390,Chennai,Chennai port trust,17,14-09-1997
1391,Chennai,Chennai port trust,17,14-09-1997
1392,Chennai,Chennai nungambakkam,0.6,15-09-1997
1393,Chennai,Chennai nungambakkam,0.6,15-09-1997
1394,Chennai,Chennai nungambakkam,10.8,17-09-1997
1395,Chennai,Chennai nungambakkam,10.8,17-09-1997
1396,Chennai,Chennai port trust,8.6,17-09-1997
1397,Chennai,Chennai port trust,8.6,17-09-1997
1398,Chennai,Chennai nungambakkam,22.7,18-09-1997
1399,Chennai,Chennai nungambakkam,22.7,18-09-1997
1400,Chennai,Chennai port trust,7,18-09-1997
1401,Chennai,Chennai port trust,7,18-09-1997
1402,Chennai,Chennai nungambakkam,7.7,19-09-1997
1403,Chennai,Chennai nungambakkam,7.7,19-09-1997
1404,Chennai,Chennai port trust,7.5,19-09-1997
1405,Chennai,Chennai port trust,7.5,19-09-1997
1406,Chennai,Chennai port trust,18,20-09-1997
1407,Chennai,Chennai port trust,18,20-09-1997
1408,Chennai,Chennai nungambakkam,31.2,21-09-1997
1409,Chennai,Chennai nungambakkam,31.2,21-09-1997
1410,Chennai,Chennai port trust,11,21-09-1997
1411,Chennai,Chennai port trust,11,21-09-1997
1412,Chennai,Chennai nungambakkam,5.7,22-09-1997
1413,Chennai,Chennai nungambakkam,5.7,22-09-1997
1414,Chennai,Chennai port trust,3.4,22-09-1997
1415,Chennai,Chennai port trust,3.4,22-09-1997
1416,Chennai,Chennai nungambakkam,11.6,23-09-1997
1417,Chennai,Chennai nungambakkam,11.6,23-09-1997
1418,Chennai,Chennai port trust,6.2,23-09-1997
1419,Chennai,Chennai port trust,6.2,23-09-1997
1420,Chennai,Chennai port trust,23.2,24-09-1997
1421,Chennai,Chennai port trust,23.2,24-09-1997
1422,Chennai,Chennai nungambakkam,18.6,24-09-1997
1423,Chennai,Chennai nungambakkam,18.6,24-09-1997
1424,Chennai,Chennai nungambakkam,10,26-09-1997
1425,Chennai,Chennai nungambakkam,10,26-09-1997
1426,Chennai,Chennai port trust,4.2,26-09-1997
1427,Chennai,Chennai port trust,4.2,26-09-1997
1428,Chennai,Chennai port trust,1.6,01-10-1997
1429,Chennai,Chennai port trust,1.6,01-10-1997
1430,Chennai,Chennai nungambakkam,1.2,01-10-1997
1431,Chennai,Chennai nungambakkam,1.2,01-10-1997
1432,Chennai,Chennai port trust,33.7,02-10-1997
1433,Chennai,Chennai port trust,33.7,02-10-1997
1434,Chennai,Chennai nungambakkam,22.2,02-10-1997
1435,Chennai,Chennai nungambakkam,22.2,02-10-1997
1436,Chennai,Chennai port trust,26.5,03-10-1997
1437,Chennai,Chennai port trust,26.5,03-10-1997
1438,Chennai,Chennai nungambakkam,18,03-10-1997
1439,Chennai,Chennai nungambakkam,18,03-10-1997
1440,Chennai,Chennai nungambakkam,15.2,17-10-1997
1441,Chennai,Chennai nungambakkam,15.2,17-10-1997
1442,Chennai,Chennai port trust,7.7,17-10-1997
1443,Chennai,Chennai port trust,7.7,17-10-1997
1444,Chennai,Chennai nungambakkam,47.9,18-10-1997
1445,Chennai,Chennai nungambakkam,47.9,18-10-1997
1446,Chennai,Chennai port trust,41.2,18-10-1997
1447,Chennai,Chennai port trust,41.2,18-10-1997
1448,Chennai,Chennai nungambakkam,0.2,21-10-1997
1449,Chennai,Chennai nungambakkam,0.2,21-10-1997
1450,Chennai,Chennai nungambakkam,31.2,22-10-1997
1451,Chennai,Chennai nungambakkam,31.2,22-10-1997
1452,Chennai,Chennai port trust,20.5,22-10-1997
1453,Chennai,Chennai port trust,20.5,22-10-1997
1454,Chennai,Chennai nungambakkam,9.2,23-10-1997
1455,Chennai,Chennai nungambakkam,9.2,23-10-1997
1456,Chennai,Chennai port trust,5,23-10-1997
1457,Chennai,Chennai port trust,5,23-10-1997
1458,Chennai,Chennai port trust,83,27-10-1997
1459,Chennai,Chennai port trust,83,27-10-1997
1460,Chennai,Chennai nungambakkam,39.7,27-10-1997
1461,Chennai,Chennai nungambakkam,39.7,27-10-1997
1462,Chennai,Chennai nungambakkam,4.7,28-10-1997
1463,Chennai,Chennai nungambakkam,4.7,28-10-1997
1464,Chennai,Chennai port trust,0.5,28-10-1997
1465,Chennai,Chennai port trust,0.5,28-10-1997
1466,Chennai,Chennai nungambakkam,3.7,29-10-1997
1467,Chennai,Chennai nungambakkam,3.7,29-10-1997
1468,Chennai,Chennai port trust,2.5,29-10-1997
1469,Chennai,Chennai port trust,2.5,29-10-1997
1470,Chennai,Chennai nungambakkam,55.8,30-10-1997
1471,Chennai,Chennai nungambakkam,55.8,30-10-1997
1472,Chennai,Chennai port trust,53.5,30-10-1997
1473,Chennai,Chennai port trust,53.5,30-10-1997
1474,Chennai,Chennai port trust,42.3,31-10-1997
1475,Chennai,Chennai port trust,42.3,31-10-1997
1476,Chennai,Chennai nungambakkam,27.1,31-10-1997
1477,Chennai,Chennai nungambakkam,27.1,31-10-1997
1478,Chennai,Chennai port trust,0.5,01-11-1997
1479,Chennai,Chennai port trust,0.5,01-11-1997
1480,Chennai,Chennai nungambakkam,18.6,02-11-1997
1481,Chennai,Chennai nungambakkam,18.6,02-11-1997
1482,Chennai,Chennai port trust,17.2,02-11-1997
1483,Chennai,Chennai port trust,17.2,02-11-1997
1484,Chennai,Chennai port trust,77,03-11-1997
1485,Chennai,Chennai port trust,77,03-11-1997
1486,Chennai,Chennai nungambakkam,56.2,03-11-1997
1487,Chennai,Chennai nungambakkam,56.2,03-11-1997
1488,Chennai,Chennai port trust,44.5,04-11-1997
1489,Chennai,Chennai port trust,44.5,04-11-1997
1490,Chennai,Chennai nungambakkam,42.7,04-11-1997
1491,Chennai,Chennai nungambakkam,42.7,04-11-1997
1492,Chennai,Chennai nungambakkam,34.7,05-11-1997
1493,Chennai,Chennai nungambakkam,34.7,05-11-1997
1494,Chennai,Chennai port trust,29.3,05-11-1997
1495,Chennai,Chennai port trust,29.3,05-11-1997
1496,Chennai,Chennai nungambakkam,1.7,06-11-1997
1497,Chennai,Chennai nungambakkam,1.7,06-11-1997
1498,Chennai,Chennai nungambakkam,162.1,07-11-1997
1499,Chennai,Chennai nungambakkam,162.1,07-11-1997
1500,Chennai,Chennai port trust,145,07-11-1997
1501,Chennai,Chennai port trust,145,07-11-1997
1502,Chennai,Chennai nungambakkam,45.7,08-11-1997
1503,Chennai,Chennai nungambakkam,45.7,08-11-1997
1504,Chennai,Chennai port trust,40.2,08-11-1997
1505,Chennai,Chennai port trust,40.2,08-11-1997
1506,Chennai,Chennai nungambakkam,20.1,11-11-1997
1507,Chennai,Chennai nungambakkam,20.1,11-11-1997
1508,Chennai,Chennai port trust,4,11-11-1997
1509,Chennai,Chennai port trust,4,11-11-1997
1510,Chennai,Chennai port trust,36,15-11-1997
1511,Chennai,Chennai port trust,36,15-11-1997
1512,Chennai,Chennai nungambakkam,32.3,15-11-1997
1513,Chennai,Chennai nungambakkam,32.3,15-11-1997
1514,Chennai,Chennai nungambakkam,49.6,16-11-1997
1515,Chennai,Chennai nungambakkam,49.6,16-11-1997
1516,Chennai,Chennai port trust,45,16-11-1997
1517,Chennai,Chennai port trust,45,16-11-1997
1518,Chennai,Chennai port trust,45,17-11-1997
1519,Chennai,Chennai port trust,45,17-11-1997
1520,Chennai,Chennai nungambakkam,39.9,17-11-1997
1521,Chennai,Chennai nungambakkam,39.9,17-11-1997
1522,Chennai,Chennai nungambakkam,34.7,18-11-1997
1523,Chennai,Chennai nungambakkam,34.7,18-11-1997
1524,Chennai,Chennai port trust,31,18-11-1997
1525,Chennai,Chennai port trust,31,18-11-1997
1526,Chennai,Chennai nungambakkam,16.7,19-11-1997
1527,Chennai,Chennai nungambakkam,16.7,19-11-1997
1528,Chennai,Chennai port trust,14.2,19-11-1997
1529,Chennai,Chennai port trust,14.2,19-11-1997
1530,Chennai,Chennai port trust,2.8,20-11-1997
1531,Chennai,Chennai port trust,2.8,20-11-1997
1532,Chennai,Chennai nungambakkam,1.9,20-11-1997
1533,Chennai,Chennai nungambakkam,1.9,20-11-1997
1534,Chennai,Chennai nungambakkam,6.3,21-11-1997
1535,Chennai,Chennai nungambakkam,6.3,21-11-1997
1536,Chennai,Chennai port trust,4.8,21-11-1997
1537,Chennai,Chennai port trust,4.8,21-11-1997
1538,Chennai,Chennai nungambakkam,3.1,22-11-1997
1539,Chennai,Chennai nungambakkam,3.1,22-11-1997
1540,Chennai,Chennai port trust,3,22-11-1997
1541,Chennai,Chennai port trust,3,22-11-1997
1542,Chennai,Chennai nungambakkam,30,23-11-1997
1543,Chennai,Chennai nungambakkam,30,23-11-1997
1544,Chennai,Chennai port trust,16.5,23-11-1997
1545,Chennai,Chennai port trust,16.5,23-11-1997
1546,Chennai,Chennai nungambakkam,22.3,24-11-1997
1547,Chennai,Chennai nungambakkam,22.3,24-11-1997
1548,Chennai,Chennai port trust,19.2,24-11-1997
1549,Chennai,Chennai port trust,19.2,24-11-1997
1550,Chennai,Chennai port trust,32.2,25-11-1997
1551,Chennai,Chennai port trust,32.2,25-11-1997
1552,Chennai,Chennai nungambakkam,31.5,25-11-1997
1553,Chennai,Chennai nungambakkam,31.5,25-11-1997
1554,Chennai,Chennai port trust,1.2,26-11-1997
1555,Chennai,Chennai port trust,1.2,26-11-1997
1556,Chennai,Chennai nungambakkam,0.8,26-11-1997
1557,Chennai,Chennai nungambakkam,0.8,26-11-1997
1558,Chennai,Chennai port trust,139,27-11-1997
1559,Chennai,Chennai port trust,139,27-11-1997
1560,Chennai,Chennai nungambakkam,119,27-11-1997
1561,Chennai,Chennai nungambakkam,119,27-11-1997
1562,Chennai,Chennai port trust,59.2,28-11-1997
1563,Chennai,Chennai port trust,59.2,28-11-1997
1564,Chennai,Chennai nungambakkam,59.2,28-11-1997
1565,Chennai,Chennai nungambakkam,59.2,28-11-1997
1566,Chennai,Chennai nungambakkam,2.6,29-11-1997
1567,Chennai,Chennai nungambakkam,2.6,29-11-1997
1568,Chennai,Chennai port trust,2.3,29-11-1997
1569,Chennai,Chennai port trust,2.3,29-11-1997
1570,Chennai,Chennai nungambakkam,0.2,30-11-1997
1571,Chennai,Chennai nungambakkam,0.2,30-11-1997
1572,Chennai,MYLAPORE-TRIPLICANE TALUK,42.1,05-12-1997
1573,Chennai,Chennai nungambakkam,42.1,05-12-1997
1574,Chennai,Chennai nungambakkam,42.1,05-12-1997
1575,Chennai,Chennai nungambakkam,42.1,05-12-1997
1576,Chennai,MYLAPORE-TRIPLICANE TALUK,79,06-12-1997
1577,Chennai,Chennai nungambakkam,79,06-12-1997
1578,Chennai,Chennai nungambakkam,79,06-12-1997
1579,Chennai,Chennai nungambakkam,79,06-12-1997
1580,Chennai,Chennai port trust,3,06-12-1997
1581,Chennai,Chennai port trust,3,06-12-1997
1582,Chennai,MYLAPORE-TRIPLICANE TALUK,80.6,07-12-1997
1583,Chennai,Chennai nungambakkam,80.6,07-12-1997
1584,Chennai,Chennai nungambakkam,80.6,07-12-1997
1585,Chennai,Chennai nungambakkam,80.6,07-12-1997
1586,Chennai,Chennai port trust,53.6,07-12-1997
1587,Chennai,Chennai port trust,53.6,07-12-1997
1588,Chennai,MYLAPORE-TRIPLICANE TALUK,60,08-12-1997
1589,Chennai,Chennai nungambakkam,60,08-12-1997
1590,Chennai,Chennai nungambakkam,60,08-12-1997
1591,Chennai,Chennai nungambakkam,60,08-12-1997
1592,Chennai,Chennai port trust,29,08-12-1997
1593,Chennai,Chennai port trust,29,08-12-1997
1594,Chennai,Chennai port trust,72.3,09-12-1997
1595,Chennai,Chennai port trust,72.3,09-12-1997
1596,Chennai,MYLAPORE-TRIPLICANE TALUK,49.3,09-12-1997
1597,Chennai,Chennai nungambakkam,49.3,09-12-1997
1598,Chennai,Chennai nungambakkam,49.3,09-12-1997
1599,Chennai,Chennai nungambakkam,49.3,09-12-1997
1600,Chennai,MYLAPORE-TRIPLICANE TALUK,5.8,10-12-1997
1601,Chennai,Chennai nungambakkam,5.8,10-12-1997
1602,Chennai,Chennai nungambakkam,5.8,10-12-1997
1603,Chennai,Chennai nungambakkam,5.8,10-12-1997
1604,Chennai,Chennai port trust,2,10-12-1997
1605,Chennai,Chennai port trust,2,10-12-1997
1606,Chennai,Chennai port trust,123.2,11-12-1997
1607,Chennai,Chennai port trust,123.2,11-12-1997
1608,Chennai,MYLAPORE-TRIPLICANE TALUK,8.4,11-12-1997
1609,Chennai,Chennai nungambakkam,8.4,11-12-1997
1610,Chennai,Chennai nungambakkam,8.4,11-12-1997
1611,Chennai,Chennai nungambakkam,8.4,11-12-1997
1612,Chennai,MYLAPORE-TRIPLICANE TALUK,18.3,12-12-1997
1613,Chennai,Chennai nungambakkam,18.3,12-12-1997
1614,Chennai,Chennai nungambakkam,18.3,12-12-1997
1615,Chennai,Chennai nungambakkam,18.3,12-12-1997
1616,Chennai,Chennai port trust,17.4,12-12-1997
1617,Chennai,Chennai port trust,17.4,12-12-1997
1618,Chennai,Chennai port trust,23,13-12-1997
1619,Chennai,Chennai port trust,23,13-12-1997
1620,Chennai,MYLAPORE-TRIPLICANE TALUK,8.3,13-12-1997
1621,Chennai,Chennai nungambakkam,8.3,13-12-1997
1622,Chennai,Chennai nungambakkam,8.3,13-12-1997
1623,Chennai,Chennai nungambakkam,8.3,13-12-1997
1624,Chennai,Chennai port trust,46,14-12-1997
1625,Chennai,Chennai port trust,46,14-12-1997
1626,Chennai,Chennai port trust,70,15-12-1997
1627,Chennai,Chennai port trust,70,15-12-1997
1628,Chennai,MYLAPORE-TRIPLICANE TALUK,40.2,15-12-1997
1629,Chennai,Chennai nungambakkam,40.2,15-12-1997
1630,Chennai,Chennai nungambakkam,40.2,15-12-1997
1631,Chennai,Chennai nungambakkam,40.2,15-12-1997
1632,Chennai,Chennai port trust,17,16-12-1997
1633,Chennai,Chennai port trust,17,16-12-1997
1634,Chennai,MYLAPORE-TRIPLICANE TALUK,3.5,16-12-1997
1635,Chennai,Chennai nungambakkam,3.5,16-12-1997
1636,Chennai,Chennai nungambakkam,3.5,16-12-1997
1637,Chennai,Chennai nungambakkam,3.5,16-12-1997
1638,Chennai,Chennai port trust,0.3,17-12-1997
1639,Chennai,Chennai port trust,0.3,17-12-1997
1640,Chennai,MYLAPORE-TRIPLICANE TALUK,9.8,18-12-1997
1641,Chennai,Chennai nungambakkam,9.8,18-12-1997
1642,Chennai,Chennai nungambakkam,9.8,18-12-1997
1643,Chennai,Chennai nungambakkam,9.8,18-12-1997
1644,Chennai,MYLAPORE-TRIPLICANE TALUK,1.9,19-12-1997
1645,Chennai,Chennai nungambakkam,1.9,19-12-1997
1646,Chennai,Chennai nungambakkam,1.9,19-12-1997
1647,Chennai,Chennai nungambakkam,1.9,19-12-1997
1648,Chennai,MYLAPORE-TRIPLICANE TALUK,35.5,20-12-1997
1649,Chennai,Chennai nungambakkam,35.5,20-12-1997
1650,Chennai,Chennai nungambakkam,35.5,20-12-1997
1651,Chennai,Chennai nungambakkam,35.5,20-12-1997
1652,Chennai,Chennai port trust,2,30-12-1997
1653,Chennai,Chennai port trust,2,30-12-1997
1654,Chennai,Chennai nungambakkam,3.5,02-01-1998
1655,Chennai,Chennai nungambakkam,3.5,02-01-1998
1656,Chennai,Chennai port trust,1.3,02-01-1998
1657,Chennai,Chennai port trust,1.3,02-01-1998
1658,Chennai,Chennai port trust,0.8,30-01-1998
1659,Chennai,Chennai port trust,0.8,30-01-1998
1660,Chennai,Chennai nungambakkam,3.8,10-03-1998
1661,Chennai,Chennai nungambakkam,3.8,10-03-1998
1662,Chennai,Chennai port trust,0.7,10-03-1998
1663,Chennai,Chennai port trust,0.7,10-03-1998
1664,Chennai,Chennai nungambakkam,16.7,26-04-1998
1665,Chennai,Chennai nungambakkam,16.7,26-04-1998
1666,Chennai,Chennai port trust,12,26-04-1998
1667,Chennai,Chennai port trust,12,26-04-1998
1668,Chennai,Chennai port trust,0.6,30-04-1998
1669,Chennai,Chennai port trust,0.6,30-04-1998
1670,Chennai,Chennai nungambakkam,0.6,30-04-1998
1671,Chennai,Chennai nungambakkam,0.6,30-04-1998
1672,Chennai,Chennai nungambakkam,0.4,12-05-1998
1673,Chennai,Chennai nungambakkam,0.4,12-05-1998
1674,Chennai,Chennai nungambakkam,1,15-05-1998
1675,Chennai,Chennai nungambakkam,1,15-05-1998
1676,Chennai,Chennai port trust,8.5,16-05-1998
1677,Chennai,Chennai port trust,8.5,16-05-1998
1678,Chennai,Chennai nungambakkam,7.3,16-05-1998
1679,Chennai,Chennai nungambakkam,7.3,16-05-1998
1680,Chennai,Chennai nungambakkam,11.2,17-05-1998
1681,Chennai,Chennai nungambakkam,11.2,17-05-1998
1682,Chennai,Chennai port trust,9,17-05-1998
1683,Chennai,Chennai port trust,9,17-05-1998
1684,Chennai,Chennai port trust,7.5,10-06-1998
1685,Chennai,Chennai port trust,7.5,10-06-1998
1686,Chennai,Chennai port trust,8,14-06-1998
1687,Chennai,Chennai port trust,8,14-06-1998
1688,Chennai,Chennai port trust,12,18-06-1998
1689,Chennai,Chennai port trust,12,18-06-1998
1690,Chennai,Chennai port trust,3.8,21-06-1998
1691,Chennai,Chennai port trust,3.8,21-06-1998
1692,Chennai,Chennai port trust,0.4,28-06-1998
1693,Chennai,Chennai port trust,0.4,28-06-1998
1694,Chennai,Chennai port trust,2.5,30-06-1998
1695,Chennai,Chennai port trust,2.5,30-06-1998
1696,Chennai,Chennai nungambakkam,3,01-07-1998
1697,Chennai,Chennai nungambakkam,3,01-07-1998
1698,Chennai,Chennai port trust,2.5,01-07-1998
1699,Chennai,Chennai port trust,2.5,01-07-1998
1700,Chennai,Chennai nungambakkam,46.6,06-07-1998
1701,Chennai,Chennai nungambakkam,46.6,06-07-1998
1702,Chennai,Chennai port trust,45,06-07-1998
1703,Chennai,Chennai port trust,45,06-07-1998
1704,Chennai,Chennai nungambakkam,0.4,07-07-1998
1705,Chennai,Chennai nungambakkam,0.4,07-07-1998
1706,Chennai,Chennai nungambakkam,8.8,10-07-1998
1707,Chennai,Chennai nungambakkam,8.8,10-07-1998
1708,Chennai,Chennai port trust,8.4,10-07-1998
1709,Chennai,Chennai port trust,8.4,10-07-1998
1710,Chennai,Chennai nungambakkam,0.1,12-07-1998
1711,Chennai,Chennai nungambakkam,0.1,12-07-1998
1712,Chennai,Chennai port trust,18,19-07-1998
1713,Chennai,Chennai port trust,18,19-07-1998
1714,Chennai,Chennai nungambakkam,12.1,19-07-1998
1715,Chennai,Chennai nungambakkam,12.1,19-07-1998
1716,Chennai,Chennai nungambakkam,0.9,20-07-1998
1717,Chennai,Chennai nungambakkam,0.9,20-07-1998
1718,Chennai,Chennai port trust,2,22-07-1998
1719,Chennai,Chennai port trust,2,22-07-1998
1720,Chennai,Chennai nungambakkam,0.9,22-07-1998
1721,Chennai,Chennai nungambakkam,0.9,22-07-1998
1722,Chennai,Chennai port trust,38,26-07-1998
1723,Chennai,Chennai port trust,38,26-07-1998
1724,Chennai,Chennai nungambakkam,4.9,26-07-1998
1725,Chennai,Chennai nungambakkam,4.9,26-07-1998
1726,Chennai,Chennai port trust,6.3,27-07-1998
1727,Chennai,Chennai port trust,6.3,27-07-1998
1728,Chennai,Chennai nungambakkam,5,27-07-1998
1729,Chennai,Chennai nungambakkam,5,27-07-1998
1730,Chennai,Chennai nungambakkam,7.2,28-07-1998
1731,Chennai,Chennai nungambakkam,7.2,28-07-1998
1732,Chennai,Chennai port trust,6.5,28-07-1998
1733,Chennai,Chennai port trust,6.5,28-07-1998
1734,Chennai,Chennai nungambakkam,0.5,30-07-1998
1735,Chennai,Chennai nungambakkam,0.5,30-07-1998
1736,Chennai,Chennai port trust,9,01-08-1998
1737,Chennai,Chennai port trust,9,01-08-1998
1738,Chennai,Chennai nungambakkam,7.9,01-08-1998
1739,Chennai,Chennai nungambakkam,7.9,01-08-1998
1740,Chennai,Chennai nungambakkam,0.1,02-08-1998
1741,Chennai,Chennai nungambakkam,0.1,02-08-1998
1742,Chennai,Chennai nungambakkam,0.4,03-08-1998
1743,Chennai,Chennai nungambakkam,0.4,03-08-1998
1744,Chennai,Chennai nungambakkam,18.7,05-08-1998
1745,Chennai,Chennai nungambakkam,18.7,05-08-1998
1746,Chennai,Chennai port trust,15.4,05-08-1998
1747,Chennai,Chennai port trust,15.4,05-08-1998
1748,Chennai,Chennai port trust,6,06-08-1998
1749,Chennai,Chennai port trust,6,06-08-1998
1750,Chennai,Chennai nungambakkam,5.8,06-08-1998
1751,Chennai,Chennai nungambakkam,5.8,06-08-1998
1752,Chennai,Chennai nungambakkam,1.1,07-08-1998
1753,Chennai,Chennai nungambakkam,1.1,07-08-1998
1754,Chennai,Chennai port trust,23.6,08-08-1998
1755,Chennai,Chennai port trust,23.6,08-08-1998
1756,Chennai,Chennai nungambakkam,22.7,08-08-1998
1757,Chennai,Chennai nungambakkam,22.7,08-08-1998
1758,Chennai,Chennai nungambakkam,0.5,09-08-1998
1759,Chennai,Chennai nungambakkam,0.5,09-08-1998
1760,Chennai,Chennai nungambakkam,7,10-08-1998
1761,Chennai,Chennai nungambakkam,7,10-08-1998
1762,Chennai,Chennai port trust,5.2,10-08-1998
1763,Chennai,Chennai port trust,5.2,10-08-1998
1764,Chennai,Chennai port trust,1,14-08-1998
1765,Chennai,Chennai port trust,1,14-08-1998
1766,Chennai,Chennai nungambakkam,0.7,14-08-1998
1767,Chennai,Chennai nungambakkam,0.7,14-08-1998
1768,Chennai,Chennai nungambakkam,30.7,16-08-1998
1769,Chennai,Chennai nungambakkam,30.7,16-08-1998
1770,Chennai,Chennai port trust,25.3,16-08-1998
1771,Chennai,Chennai port trust,25.3,16-08-1998
1772,Chennai,Chennai nungambakkam,0.1,17-08-1998
1773,Chennai,Chennai nungambakkam,0.1,17-08-1998
1774,Chennai,Chennai port trust,3.2,19-08-1998
1775,Chennai,Chennai port trust,3.2,19-08-1998
1776,Chennai,Chennai nungambakkam,0.6,19-08-1998
1777,Chennai,Chennai nungambakkam,0.6,19-08-1998
1778,Chennai,Chennai port trust,4.8,21-08-1998
1779,Chennai,Chennai port trust,4.8,21-08-1998
1780,Chennai,Chennai nungambakkam,3.9,21-08-1998
1781,Chennai,Chennai nungambakkam,3.9,21-08-1998
1782,Chennai,Chennai nungambakkam,5.5,22-08-1998
1783,Chennai,Chennai nungambakkam,5.5,22-08-1998
1784,Chennai,Chennai port trust,5.2,22-08-1998
1785,Chennai,Chennai port trust,5.2,22-08-1998
1786,Chennai,Chennai nungambakkam,4.2,23-08-1998
1787,Chennai,Chennai nungambakkam,4.2,23-08-1998
1788,Chennai,Chennai port trust,4.1,23-08-1998
1789,Chennai,Chennai port trust,4.1,23-08-1998
1790,Chennai,Chennai port trust,0.2,24-08-1998
1791,Chennai,Chennai port trust,0.2,24-08-1998
1792,Chennai,Chennai nungambakkam,0.2,24-08-1998
1793,Chennai,Chennai nungambakkam,0.2,24-08-1998
1794,Chennai,Chennai nungambakkam,3.5,25-08-1998
1795,Chennai,Chennai nungambakkam,3.5,25-08-1998
1796,Chennai,Chennai port trust,10.8,02-09-1998
1797,Chennai,Chennai port trust,10.8,02-09-1998
1798,Chennai,Chennai nungambakkam,6,02-09-1998
1799,Chennai,Chennai nungambakkam,6,02-09-1998
1800,Chennai,Chennai port trust,1.4,03-09-1998
1801,Chennai,Chennai port trust,1.4,03-09-1998
1802,Chennai,Chennai nungambakkam,1.1,03-09-1998
1803,Chennai,Chennai nungambakkam,1.1,03-09-1998
1804,Chennai,Chennai port trust,1.5,04-09-1998
1805,Chennai,Chennai port trust,1.5,04-09-1998
1806,Chennai,Chennai nungambakkam,1.1,04-09-1998
1807,Chennai,Chennai nungambakkam,1.1,04-09-1998
1808,Chennai,Chennai nungambakkam,5,05-09-1998
1809,Chennai,Chennai nungambakkam,5,05-09-1998
1810,Chennai,Chennai port trust,3.4,05-09-1998
1811,Chennai,Chennai port trust,3.4,05-09-1998
1812,Chennai,Chennai port trust,2,11-09-1998
1813,Chennai,Chennai port trust,2,11-09-1998
1814,Chennai,Chennai nungambakkam,0.8,11-09-1998
1815,Chennai,Chennai nungambakkam,0.8,11-09-1998
1816,Chennai,Chennai nungambakkam,8.6,17-09-1998
1817,Chennai,Chennai nungambakkam,8.6,17-09-1998
1818,Chennai,Chennai port trust,8.5,17-09-1998
1819,Chennai,Chennai port trust,8.5,17-09-1998
1820,Chennai,Chennai port trust,5,18-09-1998
1821,Chennai,Chennai port trust,5,18-09-1998
1822,Chennai,Chennai nungambakkam,2.9,18-09-1998
1823,Chennai,Chennai nungambakkam,2.9,18-09-1998
1824,Chennai,Chennai port trust,1,24-09-1998
1825,Chennai,Chennai port trust,1,24-09-1998
1826,Chennai,Chennai nungambakkam,0.5,24-09-1998
1827,Chennai,Chennai nungambakkam,0.5,24-09-1998
1828,Chennai,Chennai nungambakkam,1.5,25-09-1998
1829,Chennai,Chennai nungambakkam,1.5,25-09-1998
1830,Chennai,Chennai port trust,1.3,25-09-1998
1831,Chennai,Chennai port trust,1.3,25-09-1998
1832,Chennai,Chennai port trust,7.5,26-09-1998
1833,Chennai,Chennai port trust,7.5,26-09-1998
1834,Chennai,Chennai nungambakkam,5.4,26-09-1998
1835,Chennai,Chennai nungambakkam,5.4,26-09-1998
1836,Chennai,Chennai nungambakkam,0.9,27-09-1998
1837,Chennai,Chennai nungambakkam,0.9,27-09-1998
1838,Chennai,Chennai nungambakkam,30.7,28-09-1998
1839,Chennai,Chennai nungambakkam,30.7,28-09-1998
1840,Chennai,Chennai port trust,20.4,28-09-1998
1841,Chennai,Chennai port trust,20.4,28-09-1998
1842,Chennai,Chennai port trust,2.3,30-09-1998
1843,Chennai,Chennai port trust,2.3,30-09-1998
1844,Chennai,Chennai nungambakkam,1.7,30-09-1998
1845,Chennai,Chennai nungambakkam,1.7,30-09-1998
1846,Chennai,Chennai port trust,3,01-10-1998
1847,Chennai,Chennai port trust,3,01-10-1998
1848,Chennai,Chennai nungambakkam,2,01-10-1998
1849,Chennai,Chennai nungambakkam,2,01-10-1998
1850,Chennai,Chennai port trust,11.6,02-10-1998
1851,Chennai,Chennai port trust,11.6,02-10-1998
1852,Chennai,Chennai nungambakkam,11.2,02-10-1998
1853,Chennai,Chennai nungambakkam,11.2,02-10-1998
1854,Chennai,Chennai nungambakkam,35,03-10-1998
1855,Chennai,Chennai nungambakkam,35,03-10-1998
1856,Chennai,Chennai port trust,15.6,03-10-1998
1857,Chennai,Chennai port trust,15.6,03-10-1998
1858,Chennai,Chennai port trust,42,04-10-1998
1859,Chennai,Chennai port trust,42,04-10-1998
1860,Chennai,Chennai nungambakkam,40.5,04-10-1998
1861,Chennai,Chennai nungambakkam,40.5,04-10-1998
1862,Chennai,Chennai port trust,10,05-10-1998
1863,Chennai,Chennai port trust,10,05-10-1998
1864,Chennai,Chennai nungambakkam,5.2,05-10-1998
1865,Chennai,Chennai nungambakkam,5.2,05-10-1998
1866,Chennai,Chennai nungambakkam,0.3,06-10-1998
1867,Chennai,Chennai nungambakkam,0.3,06-10-1998
1868,Chennai,Chennai port trust,20.5,07-10-1998
1869,Chennai,Chennai port trust,20.5,07-10-1998
1870,Chennai,Chennai nungambakkam,9,07-10-1998
1871,Chennai,Chennai nungambakkam,9,07-10-1998
1872,Chennai,Chennai port trust,1,08-10-1998
1873,Chennai,Chennai port trust,1,08-10-1998
1874,Chennai,Chennai nungambakkam,0.1,08-10-1998
1875,Chennai,Chennai nungambakkam,0.1,08-10-1998
1876,Chennai,Chennai nungambakkam,9.2,10-10-1998
1877,Chennai,Chennai nungambakkam,9.2,10-10-1998
1878,Chennai,Chennai port trust,8.6,10-10-1998
1879,Chennai,Chennai port trust,8.6,10-10-1998
1880,Chennai,Chennai port trust,9,11-10-1998
1881,Chennai,Chennai port trust,9,11-10-1998
1882,Chennai,Chennai nungambakkam,4.8,11-10-1998
1883,Chennai,Chennai nungambakkam,4.8,11-10-1998
1884,Chennai,Chennai nungambakkam,5,12-10-1998
1885,Chennai,Chennai nungambakkam,5,12-10-1998
1886,Chennai,Chennai port trust,4,12-10-1998
1887,Chennai,Chennai port trust,4,12-10-1998
1888,Chennai,Chennai port trust,10.1,13-10-1998
1889,Chennai,Chennai port trust,10.1,13-10-1998
1890,Chennai,Chennai nungambakkam,10.1,13-10-1998
1891,Chennai,Chennai nungambakkam,10.1,13-10-1998
1892,Chennai,Chennai nungambakkam,2,14-10-1998
1893,Chennai,Chennai nungambakkam,2,14-10-1998
1894,Chennai,Chennai port trust,1.4,14-10-1998
1895,Chennai,Chennai port trust,1.4,14-10-1998
1896,Chennai,Chennai nungambakkam,10.3,16-10-1998
1897,Chennai,Chennai nungambakkam,10.3,16-10-1998
1898,Chennai,Chennai port trust,9.5,16-10-1998
1899,Chennai,Chennai port trust,9.5,16-10-1998
1900,Chennai,Chennai port trust,26.5,23-10-1998
1901,Chennai,Chennai port trust,26.5,23-10-1998
1902,Chennai,Chennai nungambakkam,24,23-10-1998
1903,Chennai,Chennai nungambakkam,24,23-10-1998
1904,Chennai,Chennai nungambakkam,0.3,27-10-1998
1905,Chennai,Chennai nungambakkam,0.3,27-10-1998
1906,Chennai,Chennai port trust,8.7,28-10-1998
1907,Chennai,Chennai port trust,8.7,28-10-1998
1908,Chennai,Chennai nungambakkam,7.1,28-10-1998
1909,Chennai,Chennai nungambakkam,7.1,28-10-1998
1910,Chennai,Chennai nungambakkam,11,29-10-1998
1911,Chennai,Chennai nungambakkam,11,29-10-1998
1912,Chennai,Chennai port trust,9.8,29-10-1998
1913,Chennai,Chennai port trust,9.8,29-10-1998
1914,Chennai,Chennai port trust,0.3,30-10-1998
1915,Chennai,Chennai port trust,0.3,30-10-1998
1916,Chennai,Chennai nungambakkam,40,02-11-1998
1917,Chennai,Chennai nungambakkam,40,02-11-1998
1918,Chennai,Chennai port trust,28.7,02-11-1998
1919,Chennai,Chennai port trust,28.7,02-11-1998
1920,Chennai,Chennai nungambakkam,65.5,03-11-1998
1921,Chennai,Chennai nungambakkam,65.5,03-11-1998
1922,Chennai,Chennai port trust,53.5,03-11-1998
1923,Chennai,Chennai port trust,53.5,03-11-1998
1924,Chennai,Chennai nungambakkam,32.3,04-11-1998
1925,Chennai,Chennai nungambakkam,32.3,04-11-1998
1926,Chennai,Chennai port trust,30.5,04-11-1998
1927,Chennai,Chennai port trust,30.5,04-11-1998
1928,Chennai,Chennai nungambakkam,29.2,05-11-1998
1929,Chennai,Chennai nungambakkam,29.2,05-11-1998
1930,Chennai,Chennai port trust,28,05-11-1998
1931,Chennai,Chennai port trust,28,05-11-1998
1932,Chennai,Chennai nungambakkam,66.7,06-11-1998
1933,Chennai,Chennai nungambakkam,66.7,06-11-1998
1934,Chennai,Chennai port trust,54,06-11-1998
1935,Chennai,Chennai port trust,54,06-11-1998
1936,Chennai,Chennai nungambakkam,36.1,07-11-1998
1937,Chennai,Chennai nungambakkam,36.1,07-11-1998
1938,Chennai,Chennai port trust,29,07-11-1998
1939,Chennai,Chennai port trust,29,07-11-1998
1940,Chennai,Chennai nungambakkam,21.1,08-11-1998
1941,Chennai,Chennai nungambakkam,21.1,08-11-1998
1942,Chennai,Chennai port trust,16.5,08-11-1998
1943,Chennai,Chennai port trust,16.5,08-11-1998
1944,Chennai,Chennai nungambakkam,36.8,09-11-1998
1945,Chennai,Chennai nungambakkam,36.8,09-11-1998
1946,Chennai,Chennai port trust,31.5,09-11-1998
1947,Chennai,Chennai port trust,31.5,09-11-1998
1948,Chennai,Chennai port trust,8.5,10-11-1998
1949,Chennai,Chennai port trust,8.5,10-11-1998
1950,Chennai,Chennai nungambakkam,7.9,10-11-1998
1951,Chennai,Chennai nungambakkam,7.9,10-11-1998
1952,Chennai,Chennai nungambakkam,2.3,13-11-1998
1953,Chennai,Chennai nungambakkam,2.3,13-11-1998
1954,Chennai,Chennai port trust,13.3,14-11-1998
1955,Chennai,Chennai port trust,13.3,14-11-1998
1956,Chennai,Chennai nungambakkam,4.7,14-11-1998
1957,Chennai,Chennai nungambakkam,4.7,14-11-1998
1958,Chennai,Ambathur,20,17-11-1998
1959,Chennai,Gov hr sec school MGR Nagar,14,17-11-1998
1960,Chennai,Ayanavaram taluk office,12,17-11-1998
1961,Chennai,Perambur Corporation park,10.2,17-11-1998
1962,Chennai,DGP Office,8.6,17-11-1998
1963,Chennai,Chennai nungambakkam,4.4,17-11-1998
1964,Chennai,Sholinganallur,4.2,17-11-1998
1965,Chennai,Anna university,2.6,17-11-1998
1966,Chennai,Alandur,1.3,17-11-1998
1967,Chennai,Chennai collectorate building,0.4,17-11-1998
1968,Chennai,Chennai nungambakkam,2.3,19-11-1998
1969,Chennai,Chennai nungambakkam,2.3,19-11-1998
1970,Chennai,Chennai port trust,1.5,19-11-1998
1971,Chennai,Chennai port trust,1.5,19-11-1998
1972,Chennai,Chennai nungambakkam,0.2,20-11-1998
1973,Chennai,Chennai nungambakkam,0.2,20-11-1998
1974,Chennai,Chennai port trust,4.3,21-11-1998
1975,Chennai,Chennai port trust,4.3,21-11-1998
1976,Chennai,Chennai nungambakkam,2.8,21-11-1998
1977,Chennai,Chennai nungambakkam,2.8,21-11-1998
1978,Chennai,Chennai nungambakkam,4.7,28-11-1998
1979,Chennai,Chennai nungambakkam,4.7,28-11-1998
1980,Chennai,Chennai port trust,4.3,28-11-1998
1981,Chennai,Chennai port trust,4.3,28-11-1998
1982,Chennai,Chennai nungambakkam,0.5,30-11-1998
1983,Chennai,Chennai nungambakkam,0.5,30-11-1998
1984,Chennai,Chennai nungambakkam,4.8,01-12-1998
1985,Chennai,Chennai nungambakkam,4.8,01-12-1998
1986,Chennai,Chennai port trust,1.8,01-12-1998
1987,Chennai,Chennai port trust,1.8,01-12-1998
1988,Chennai,Chennai nungambakkam,15,04-12-1998
1989,Chennai,Chennai nungambakkam,15,04-12-1998
1990,Chennai,Chennai port trust,13.6,04-12-1998
1991,Chennai,Chennai port trust,13.6,04-12-1998
1992,Chennai,Chennai port trust,1,05-12-1998
1993,Chennai,Chennai port trust,1,05-12-1998
1994,Chennai,Chennai nungambakkam,0.2,05-12-1998
1995,Chennai,Chennai nungambakkam,0.2,05-12-1998
1996,Chennai,Chennai port trust,2.7,09-12-1998
1997,Chennai,Chennai port trust,2.7,09-12-1998
1998,Chennai,Chennai nungambakkam,2.2,09-12-1998
1999,Chennai,Chennai nungambakkam,2.2,09-12-1998
2000,Chennai,Chennai port trust,106.4,10-12-1998
2001,Chennai,Chennai port trust,106.4,10-12-1998
2002,Chennai,Chennai nungambakkam,102.3,10-12-1998
2003,Chennai,Chennai nungambakkam,102.3,10-12-1998
2004,Chennai,Chennai port trust,44,11-12-1998
2005,Chennai,Chennai port trust,44,11-12-1998
2006,Chennai,Chennai nungambakkam,38.6,11-12-1998
2007,Chennai,Chennai nungambakkam,38.6,11-12-1998
2008,Chennai,Chennai port trust,25.7,12-12-1998
2009,Chennai,Chennai port trust,25.7,12-12-1998
2010,Chennai,Chennai nungambakkam,17.6,12-12-1998
2011,Chennai,Chennai nungambakkam,17.6,12-12-1998
2012,Chennai,Chennai nungambakkam,7.8,14-01-1999
2013,Chennai,Chennai nungambakkam,7.8,14-01-1999
2014,Chennai,Chennai port trust,4.8,14-01-1999
2015,Chennai,Chennai port trust,4.8,14-01-1999
2016,Chennai,Chennai nungambakkam,1.8,15-01-1999
2017,Chennai,Chennai nungambakkam,1.8,15-01-1999
2018,Chennai,Chennai nungambakkam,0.2,05-02-1999
2019,Chennai,Chennai nungambakkam,0.2,05-02-1999
2020,Chennai,Chennai nungambakkam,14,22-04-1999
2021,Chennai,Chennai nungambakkam,14,22-04-1999
2022,Chennai,Chennai port trust,2,22-04-1999
2023,Chennai,Chennai port trust,2,22-04-1999
2024,Chennai,Chennai nungambakkam,2.9,23-04-1999
2025,Chennai,Chennai nungambakkam,2.9,23-04-1999
2026,Chennai,Chennai port trust,2.2,23-04-1999
2027,Chennai,Chennai port trust,2.2,23-04-1999
2028,Chennai,Chennai nungambakkam,7.4,15-05-1999
2029,Chennai,Chennai nungambakkam,7.4,15-05-1999
2030,Chennai,Chennai port trust,1.8,15-05-1999
2031,Chennai,Chennai port trust,1.8,15-05-1999
2032,Chennai,Chennai nungambakkam,3.2,22-05-1999
2033,Chennai,Chennai nungambakkam,3.2,22-05-1999
2034,Chennai,Chennai port trust,2.6,22-05-1999
2035,Chennai,Chennai port trust,2.6,22-05-1999
2036,Chennai,Chennai port trust,2,24-05-1999
2037,Chennai,Chennai port trust,2,24-05-1999
2038,Chennai,Chennai nungambakkam,1.5,24-05-1999
2039,Chennai,Chennai nungambakkam,1.5,24-05-1999
2040,Chennai,Chennai nungambakkam,50.2,01-06-1999
2041,Chennai,Chennai nungambakkam,50.2,01-06-1999
2042,Chennai,Chennai port trust,25.3,01-06-1999
2043,Chennai,Chennai port trust,25.3,01-06-1999
2044,Chennai,Chennai nungambakkam,0.1,02-06-1999
2045,Chennai,Chennai nungambakkam,0.1,02-06-1999
2046,Chennai,Chennai port trust,1,03-06-1999
2047,Chennai,Chennai port trust,1,03-06-1999
2048,Chennai,Chennai nungambakkam,0.8,03-06-1999
2049,Chennai,Chennai nungambakkam,0.8,03-06-1999
2050,Chennai,Chennai port trust,21.5,04-06-1999
2051,Chennai,Chennai port trust,21.5,04-06-1999
2052,Chennai,Chennai nungambakkam,18.3,04-06-1999
2053,Chennai,Chennai nungambakkam,18.3,04-06-1999
2054,Chennai,Chennai nungambakkam,3.6,05-06-1999
2055,Chennai,Chennai nungambakkam,3.6,05-06-1999
2056,Chennai,Chennai nungambakkam,36.9,11-06-1999
2057,Chennai,Chennai nungambakkam,36.9,11-06-1999
2058,Chennai,Chennai port trust,28.4,11-06-1999
2059,Chennai,Chennai port trust,28.4,11-06-1999
2060,Chennai,Chennai nungambakkam,4,14-06-1999
2061,Chennai,Chennai nungambakkam,4,14-06-1999
2062,Chennai,Chennai port trust,2,14-06-1999
2063,Chennai,Chennai port trust,2,14-06-1999
2064,Chennai,Chennai port trust,3,16-06-1999
2065,Chennai,Chennai port trust,3,16-06-1999
2066,Chennai,Chennai nungambakkam,2.2,16-06-1999
2067,Chennai,Chennai nungambakkam,2.2,16-06-1999
2068,Chennai,Chennai port trust,3.5,18-06-1999
2069,Chennai,Chennai port trust,3.5,18-06-1999
2070,Chennai,Chennai nungambakkam,1.7,18-06-1999
2071,Chennai,Chennai nungambakkam,1.7,18-06-1999
2072,Chennai,Chennai nungambakkam,55,02-07-1999
2073,Chennai,Chennai nungambakkam,55,02-07-1999
2074,Chennai,Chennai port trust,34,02-07-1999
2075,Chennai,Chennai port trust,34,02-07-1999
2076,Chennai,Chennai port trust,20.7,08-07-1999
2077,Chennai,Chennai port trust,20.7,08-07-1999
2078,Chennai,Chennai nungambakkam,14.8,08-07-1999
2079,Chennai,Chennai nungambakkam,14.8,08-07-1999
2080,Chennai,Chennai port trust,12,11-07-1999
2081,Chennai,Chennai port trust,12,11-07-1999
2082,Chennai,Chennai nungambakkam,10.7,11-07-1999
2083,Chennai,Chennai nungambakkam,10.7,11-07-1999
2084,Chennai,Chennai nungambakkam,2.9,12-07-1999
2085,Chennai,Chennai nungambakkam,2.9,12-07-1999
2086,Chennai,Chennai port trust,1.5,12-07-1999
2087,Chennai,Chennai port trust,1.5,12-07-1999
2088,Chennai,Chennai nungambakkam,2.6,14-07-1999
2089,Chennai,Chennai nungambakkam,2.6,14-07-1999
2090,Chennai,Chennai port trust,2,14-07-1999
2091,Chennai,Chennai port trust,2,14-07-1999
2092,Chennai,Chennai nungambakkam,0.4,15-07-1999
2093,Chennai,Chennai nungambakkam,0.4,15-07-1999
2094,Chennai,Chennai nungambakkam,0.1,20-07-1999
2095,Chennai,Chennai nungambakkam,0.1,20-07-1999
2096,Chennai,Chennai nungambakkam,13.1,24-07-1999
2097,Chennai,Chennai nungambakkam,13.1,24-07-1999
2098,Chennai,Chennai port trust,5.1,24-07-1999
2099,Chennai,Chennai port trust,5.1,24-07-1999
2100,Chennai,Chennai nungambakkam,0.5,29-07-1999
2101,Chennai,Chennai nungambakkam,0.5,29-07-1999
2102,Chennai,Chennai port trust,1.8,02-08-1999
2103,Chennai,Chennai port trust,1.8,02-08-1999
2104,Chennai,Chennai nungambakkam,0.8,02-08-1999
2105,Chennai,Chennai nungambakkam,0.8,02-08-1999
2106,Chennai,Chennai nungambakkam,0.2,03-08-1999
2107,Chennai,Chennai nungambakkam,0.2,03-08-1999
2108,Chennai,Chennai nungambakkam,0.8,07-08-1999
2109,Chennai,Chennai nungambakkam,0.8,07-08-1999
2110,Chennai,Chennai nungambakkam,0.7,09-08-1999
2111,Chennai,Chennai nungambakkam,0.7,09-08-1999
2112,Chennai,Chennai port trust,39,12-08-1999
2113,Chennai,Chennai port trust,39,12-08-1999
2114,Chennai,Chennai nungambakkam,37.6,12-08-1999
2115,Chennai,Chennai nungambakkam,37.6,12-08-1999
2116,Chennai,Chennai port trust,3.1,17-08-1999
2117,Chennai,Chennai port trust,3.1,17-08-1999
2118,Chennai,Chennai nungambakkam,1.4,17-08-1999
2119,Chennai,Chennai nungambakkam,1.4,17-08-1999
2120,Chennai,Chennai port trust,53,21-08-1999
2121,Chennai,Chennai port trust,53,21-08-1999
2122,Chennai,Chennai nungambakkam,48.6,21-08-1999
2123,Chennai,Chennai nungambakkam,48.6,21-08-1999
2124,Chennai,Chennai port trust,3.5,24-08-1999
2125,Chennai,Chennai port trust,3.5,24-08-1999
2126,Chennai,Chennai nungambakkam,0.4,24-08-1999
2127,Chennai,Chennai nungambakkam,0.4,24-08-1999
2128,Chennai,Chennai nungambakkam,61.7,25-08-1999
2129,Chennai,Chennai nungambakkam,61.7,25-08-1999
2130,Chennai,Chennai port trust,60.5,25-08-1999
2131,Chennai,Chennai port trust,60.5,25-08-1999
2132,Chennai,Chennai port trust,2,26-08-1999
2133,Chennai,Chennai port trust,2,26-08-1999
2134,Chennai,Chennai nungambakkam,1.9,26-08-1999
2135,Chennai,Chennai nungambakkam,1.9,26-08-1999
2136,Chennai,Chennai nungambakkam,8.6,27-08-1999
2137,Chennai,Chennai nungambakkam,8.6,27-08-1999
2138,Chennai,Chennai port trust,3,27-08-1999
2139,Chennai,Chennai port trust,3,27-08-1999
2140,Chennai,Chennai nungambakkam,26.2,29-08-1999
2141,Chennai,Chennai nungambakkam,26.2,29-08-1999
2142,Chennai,Chennai port trust,2.1,29-08-1999
2143,Chennai,Chennai port trust,2.1,29-08-1999
2144,Chennai,Chennai nungambakkam,0.2,30-08-1999
2145,Chennai,Chennai nungambakkam,0.2,30-08-1999
2146,Chennai,Chennai nungambakkam,0.5,05-09-1999
2147,Chennai,Chennai nungambakkam,0.5,05-09-1999
2148,Chennai,Chennai nungambakkam,25.8,07-09-1999
2149,Chennai,Chennai nungambakkam,25.8,07-09-1999
2150,Chennai,Chennai port trust,18.5,07-09-1999
2151,Chennai,Chennai port trust,18.5,07-09-1999
2152,Chennai,Chennai nungambakkam,2.2,08-09-1999
2153,Chennai,Chennai nungambakkam,2.2,08-09-1999
2154,Chennai,Chennai port trust,2,08-09-1999
2155,Chennai,Chennai port trust,2,08-09-1999
2156,Chennai,Chennai port trust,7,11-09-1999
2157,Chennai,Chennai port trust,7,11-09-1999
2158,Chennai,Chennai nungambakkam,2.6,11-09-1999
2159,Chennai,Chennai nungambakkam,2.6,11-09-1999
2160,Chennai,Chennai nungambakkam,1.6,13-09-1999
2161,Chennai,Chennai nungambakkam,1.6,13-09-1999
2162,Chennai,Chennai nungambakkam,7.6,16-09-1999
2163,Chennai,Chennai nungambakkam,7.6,16-09-1999
2164,Chennai,Chennai port trust,3.2,16-09-1999
2165,Chennai,Chennai port trust,3.2,16-09-1999
2166,Chennai,Chennai nungambakkam,22.5,18-09-1999
2167,Chennai,Chennai nungambakkam,22.5,18-09-1999
2168,Chennai,Chennai port trust,20,18-09-1999
2169,Chennai,Chennai port trust,20,18-09-1999
2170,Chennai,Chennai nungambakkam,95.4,28-09-1999
2171,Chennai,Chennai nungambakkam,95.4,28-09-1999
2172,Chennai,Chennai port trust,80,28-09-1999
2173,Chennai,Chennai port trust,80,28-09-1999
2174,Chennai,Chennai port trust,28.5,29-09-1999
2175,Chennai,Chennai port trust,28.5,29-09-1999
2176,Chennai,Chennai nungambakkam,10.9,29-09-1999
2177,Chennai,Chennai nungambakkam,10.9,29-09-1999
2178,Chennai,Chennai nungambakkam,6,30-09-1999
2179,Chennai,Chennai nungambakkam,6,30-09-1999
2180,Chennai,Chennai port trust,27,04-10-1999
2181,Chennai,Chennai port trust,27,04-10-1999
2182,Chennai,Chennai nungambakkam,21.7,04-10-1999
2183,Chennai,Chennai nungambakkam,21.7,04-10-1999
2184,Chennai,Chennai port trust,36,05-10-1999
2185,Chennai,Chennai port trust,36,05-10-1999
2186,Chennai,Chennai nungambakkam,34,05-10-1999
2187,Chennai,Chennai nungambakkam,34,05-10-1999
2188,Chennai,Chennai nungambakkam,120.3,06-10-1999
2189,Chennai,Chennai nungambakkam,120.3,06-10-1999
2190,Chennai,Chennai port trust,88,06-10-1999
2191,Chennai,Chennai port trust,88,06-10-1999
2192,Chennai,Chennai port trust,37.8,07-10-1999
2193,Chennai,Chennai port trust,37.8,07-10-1999
2194,Chennai,Chennai nungambakkam,12.4,07-10-1999
2195,Chennai,Chennai nungambakkam,12.4,07-10-1999
2196,Chennai,Chennai nungambakkam,12,08-10-1999
2197,Chennai,Chennai nungambakkam,12,08-10-1999
2198,Chennai,Chennai port trust,9,08-10-1999
2199,Chennai,Chennai port trust,9,08-10-1999
2200,Chennai,Chennai port trust,8,09-10-1999
2201,Chennai,Chennai port trust,8,09-10-1999
2202,Chennai,Chennai nungambakkam,3.1,09-10-1999
2203,Chennai,Chennai nungambakkam,3.1,09-10-1999
2204,Chennai,Chennai nungambakkam,3.8,10-10-1999
2205,Chennai,Chennai nungambakkam,3.8,10-10-1999
2206,Chennai,Chennai port trust,8.2,14-10-1999
2207,Chennai,Chennai port trust,8.2,14-10-1999
2208,Chennai,Chennai nungambakkam,3,14-10-1999
2209,Chennai,Chennai nungambakkam,3,14-10-1999
2210,Chennai,Chennai port trust,42,15-10-1999
2211,Chennai,Chennai port trust,42,15-10-1999
2212,Chennai,Chennai nungambakkam,39.4,15-10-1999
2213,Chennai,Chennai nungambakkam,39.4,15-10-1999
2214,Chennai,Chennai port trust,12,16-10-1999
2215,Chennai,Chennai port trust,12,16-10-1999
2216,Chennai,Chennai nungambakkam,6.7,16-10-1999
2217,Chennai,Chennai nungambakkam,6.7,16-10-1999
2218,Chennai,Chennai nungambakkam,4.9,17-10-1999
2219,Chennai,Chennai nungambakkam,4.9,17-10-1999
2220,Chennai,Chennai nungambakkam,0.1,19-10-1999
2221,Chennai,Chennai nungambakkam,0.1,19-10-1999
2222,Chennai,Chennai port trust,7,22-10-1999
2223,Chennai,Chennai port trust,7,22-10-1999
2224,Chennai,Chennai nungambakkam,2.3,22-10-1999
2225,Chennai,Chennai nungambakkam,2.3,22-10-1999
2226,Chennai,Chennai port trust,15,23-10-1999
2227,Chennai,Chennai port trust,15,23-10-1999
2228,Chennai,Chennai nungambakkam,13.4,23-10-1999
2229,Chennai,Chennai nungambakkam,13.4,23-10-1999
2230,Chennai,Chennai nungambakkam,1.9,24-10-1999
2231,Chennai,Chennai nungambakkam,1.9,24-10-1999
2232,Chennai,Chennai port trust,35,25-10-1999
2233,Chennai,Chennai port trust,35,25-10-1999
2234,Chennai,Chennai nungambakkam,26,25-10-1999
2235,Chennai,Chennai nungambakkam,26,25-10-1999
2236,Chennai,Chennai nungambakkam,4.8,26-10-1999
2237,Chennai,Chennai nungambakkam,4.8,26-10-1999
2238,Chennai,Chennai nungambakkam,1.4,27-10-1999
2239,Chennai,Chennai nungambakkam,1.4,27-10-1999
2240,Chennai,Chennai nungambakkam,1,06-11-1999
2241,Chennai,Chennai nungambakkam,1,06-11-1999
2242,Chennai,Chennai nungambakkam,44.1,19-11-1999
2243,Chennai,Chennai nungambakkam,44.1,19-11-1999
2244,Chennai,Chennai port trust,3.5,19-11-1999
2245,Chennai,Chennai port trust,3.5,19-11-1999
2246,Chennai,Chennai port trust,16,20-11-1999
2247,Chennai,Chennai port trust,16,20-11-1999
2248,Chennai,Chennai nungambakkam,14.9,20-11-1999
2249,Chennai,Chennai nungambakkam,14.9,20-11-1999
2250,Chennai,Chennai port trust,38,21-11-1999
2251,Chennai,Chennai port trust,38,21-11-1999
2252,Chennai,Chennai nungambakkam,29.6,21-11-1999
2253,Chennai,Chennai nungambakkam,29.6,21-11-1999
2254,Chennai,Chennai port trust,16,22-11-1999
2255,Chennai,Chennai port trust,16,22-11-1999
2256,Chennai,Chennai nungambakkam,13.5,22-11-1999
2257,Chennai,Chennai nungambakkam,13.5,22-11-1999
2258,Chennai,Chennai port trust,30,23-11-1999
2259,Chennai,Chennai port trust,30,23-11-1999
2260,Chennai,Chennai nungambakkam,11.3,23-11-1999
2261,Chennai,Chennai nungambakkam,11.3,23-11-1999
2262,Chennai,Chennai nungambakkam,3.2,24-11-1999
2263,Chennai,Chennai nungambakkam,3.2,24-11-1999
2264,Chennai,Chennai nungambakkam,6.9,28-11-1999
2265,Chennai,Chennai nungambakkam,6.9,28-11-1999
2266,Chennai,Chennai port trust,5,28-11-1999
2267,Chennai,Chennai port trust,5,28-11-1999
2268,Chennai,Chennai nungambakkam,37.1,29-11-1999
2269,Chennai,Chennai nungambakkam,37.1,29-11-1999
2270,Chennai,Chennai port trust,28,29-11-1999
2271,Chennai,Chennai port trust,28,29-11-1999
2272,Chennai,Chennai nungambakkam,7,30-11-1999
2273,Chennai,Chennai nungambakkam,7,30-11-1999
2274,Chennai,Chennai port trust,2.5,30-11-1999
2275,Chennai,Chennai port trust,2.5,30-11-1999
2276,Chennai,Chennai nungambakkam,0.8,13-12-1999
2277,Chennai,Chennai nungambakkam,0.8,13-12-1999
2278,Chennai,Chennai nungambakkam,2.4,14-12-1999
2279,Chennai,Chennai nungambakkam,2.4,14-12-1999
2280,Chennai,Chennai port trust,2,14-12-1999
2281,Chennai,Chennai port trust,2,14-12-1999
2282,Chennai,Chennai port trust,2,21-12-1999
2283,Chennai,Chennai port trust,2,21-12-1999
2284,Chennai,Chennai nungambakkam,1.5,21-12-1999
2285,Chennai,Chennai nungambakkam,1.5,21-12-1999
2286,Chennai,Chennai nungambakkam,35.4,22-12-1999
2287,Chennai,Chennai nungambakkam,35.4,22-12-1999
2288,Chennai,Chennai port trust,33.5,22-12-1999
2289,Chennai,Chennai port trust,33.5,22-12-1999
2290,Chennai,Chennai port trust,6.5,23-12-1999
2291,Chennai,Chennai port trust,6.5,23-12-1999
2292,Chennai,Chennai nungambakkam,6.5,23-12-1999
2293,Chennai,Chennai nungambakkam,6.5,23-12-1999
2294,Chennai,Chennai port trust,1,24-12-1999
2295,Chennai,Chennai port trust,1,24-12-1999
2296,Chennai,Chennai nungambakkam,0.9,24-12-1999
2297,Chennai,Chennai nungambakkam,0.9,24-12-1999
2298,Chennai,Chennai nungambakkam,1.1,25-12-1999
2299,Chennai,Chennai nungambakkam,1.1,25-12-1999
2300,Chennai,Chennai port trust,1,25-12-1999
2301,Chennai,Chennai port trust,1,25-12-1999
2302,Chennai,Chennai port trust,2,27-12-1999
2303,Chennai,Chennai port trust,2,27-12-1999
2304,Chennai,Chennai nungambakkam,1,27-12-1999
2305,Chennai,Chennai nungambakkam,1,27-12-1999
2306,Chennai,Chennai nungambakkam,0.1,28-12-1999
2307,Chennai,Chennai nungambakkam,0.1,28-12-1999
2308,Chennai,Chennai nungambakkam,0.6,29-12-1999
2309,Chennai,Chennai nungambakkam,0.6,29-12-1999
2310,Chennai,Chennai nungambakkam,0.1,31-12-1999
2311,Chennai,Chennai nungambakkam,0.1,31-12-1999
2312,Chennai,Chennai nungambakkam,133.4,24-02-2000
2313,Chennai,Sholinganallur,133.4,24-02-2000
2314,Chennai,Chennai port trust,108.5,24-02-2000
2315,Chennai,MYLAPORE-TRIPLICANE TALUK,108.5,24-02-2000
2316,Chennai,Chennai nungambakkam,33.5,25-02-2000
2317,Chennai,Sholinganallur,33.5,25-02-2000
2318,Chennai,Chennai port trust,30.2,25-02-2000
2319,Chennai,MYLAPORE-TRIPLICANE TALUK,30.2,25-02-2000
2320,Chennai,Chennai nungambakkam,0.4,26-02-2000
2321,Chennai,Sholinganallur,0.4,26-02-2000
2322,Chennai,Chennai nungambakkam,38.3,27-02-2000
2323,Chennai,Sholinganallur,38.3,27-02-2000
2324,Chennai,Chennai port trust,27,27-02-2000
2325,Chennai,MYLAPORE-TRIPLICANE TALUK,27,27-02-2000
2326,Chennai,Chennai nungambakkam,7.2,28-02-2000
2327,Chennai,Sholinganallur,7.2,28-02-2000
2328,Chennai,Chennai port trust,3,28-02-2000
2329,Chennai,MYLAPORE-TRIPLICANE TALUK,3,28-02-2000
2330,Chennai,Chennai nungambakkam,19.2,01-04-2000
2331,Chennai,Sholinganallur,19.2,01-04-2000
2332,Chennai,Chennai port trust,12,01-04-2000
2333,Chennai,MYLAPORE-TRIPLICANE TALUK,12,01-04-2000
2334,Chennai,Chennai nungambakkam,0.5,02-04-2000
2335,Chennai,Sholinganallur,0.5,02-04-2000
2336,Chennai,Chennai nungambakkam,0.1,25-04-2000
2337,Chennai,Sholinganallur,0.1,25-04-2000
2338,Chennai,Chennai port trust,1,03-05-2000
2339,Chennai,MYLAPORE-TRIPLICANE TALUK,1,03-05-2000
2340,Chennai,Chennai nungambakkam,3.4,04-05-2000
2341,Chennai,Sholinganallur,3.4,04-05-2000
2342,Chennai,Chennai nungambakkam,10.6,09-05-2000
2343,Chennai,Sholinganallur,10.6,09-05-2000
2344,Chennai,Chennai port trust,1,09-05-2000
2345,Chennai,MYLAPORE-TRIPLICANE TALUK,1,09-05-2000
2346,Chennai,Chennai nungambakkam,6.3,17-05-2000
2347,Chennai,Sholinganallur,6.3,17-05-2000
2348,Chennai,Chennai port trust,6,17-05-2000
2349,Chennai,MYLAPORE-TRIPLICANE TALUK,6,17-05-2000
2350,Chennai,Chennai port trust,2,20-05-2000
2351,Chennai,MYLAPORE-TRIPLICANE TALUK,2,20-05-2000
2352,Chennai,Chennai nungambakkam,0.9,20-05-2000
2353,Chennai,Sholinganallur,0.9,20-05-2000
2354,Chennai,Chennai nungambakkam,0.1,12-06-2000
2355,Chennai,Sholinganallur,0.1,12-06-2000
2356,Chennai,Chennai port trust,11,13-06-2000
2357,Chennai,MYLAPORE-TRIPLICANE TALUK,11,13-06-2000
2358,Chennai,Chennai nungambakkam,10.6,13-06-2000
2359,Chennai,Sholinganallur,10.6,13-06-2000
2360,Chennai,Chennai port trust,8.6,14-06-2000
2361,Chennai,MYLAPORE-TRIPLICANE TALUK,8.6,14-06-2000
2362,Chennai,Chennai nungambakkam,2,14-06-2000
2363,Chennai,Sholinganallur,2,14-06-2000
2364,Chennai,Chennai nungambakkam,8.3,20-06-2000
2365,Chennai,Sholinganallur,8.3,20-06-2000
2366,Chennai,Chennai port trust,4.5,20-06-2000
2367,Chennai,MYLAPORE-TRIPLICANE TALUK,4.5,20-06-2000
2368,Chennai,Chennai nungambakkam,3,22-06-2000
2369,Chennai,Sholinganallur,3,22-06-2000
2370,Chennai,Chennai port trust,2.5,22-06-2000
2371,Chennai,MYLAPORE-TRIPLICANE TALUK,2.5,22-06-2000
2372,Chennai,Chennai port trust,70,23-06-2000
2373,Chennai,MYLAPORE-TRIPLICANE TALUK,70,23-06-2000
2374,Chennai,Chennai nungambakkam,59.1,23-06-2000
2375,Chennai,Sholinganallur,59.1,23-06-2000
2376,Chennai,Chennai nungambakkam,2.4,28-06-2000
2377,Chennai,Sholinganallur,2.4,28-06-2000
2378,Chennai,Chennai port trust,2.8,29-06-2000
2379,Chennai,MYLAPORE-TRIPLICANE TALUK,2.8,29-06-2000
2380,Chennai,Chennai nungambakkam,0.6,29-06-2000
2381,Chennai,Sholinganallur,0.6,29-06-2000
2382,Chennai,Chennai nungambakkam,0.9,30-06-2000
2383,Chennai,Sholinganallur,0.9,30-06-2000
2384,Chennai,Chennai port trust,10.5,03-07-2000
2385,Chennai,MYLAPORE-TRIPLICANE TALUK,10.5,03-07-2000
2386,Chennai,Chennai port trust,19,04-07-2000
2387,Chennai,MYLAPORE-TRIPLICANE TALUK,19,04-07-2000
2388,Chennai,Chennai port trust,7,05-07-2000
2389,Chennai,MYLAPORE-TRIPLICANE TALUK,7,05-07-2000
2390,Chennai,Chennai port trust,1,07-07-2000
2391,Chennai,MYLAPORE-TRIPLICANE TALUK,1,07-07-2000
2392,Chennai,Chennai port trust,3,12-07-2000
2393,Chennai,MYLAPORE-TRIPLICANE TALUK,3,12-07-2000
2394,Chennai,Chennai port trust,1.2,18-07-2000
2395,Chennai,MYLAPORE-TRIPLICANE TALUK,1.2,18-07-2000
2396,Chennai,Chennai port trust,0.3,20-07-2000
2397,Chennai,MYLAPORE-TRIPLICANE TALUK,0.3,20-07-2000
2398,Chennai,Chennai port trust,0.7,21-07-2000
2399,Chennai,MYLAPORE-TRIPLICANE TALUK,0.7,21-07-2000
2400,Chennai,Chennai port trust,6.2,25-07-2000
2401,Chennai,MYLAPORE-TRIPLICANE TALUK,6.2,25-07-2000
2402,Chennai,Chennai port trust,21.5,29-07-2000
2403,Chennai,MYLAPORE-TRIPLICANE TALUK,21.5,29-07-2000
2404,Chennai,Chennai nungambakkam,7,07-08-2000
2405,Chennai,Sholinganallur,7,07-08-2000
2406,Chennai,Chennai port trust,5,07-08-2000
2407,Chennai,MYLAPORE-TRIPLICANE TALUK,5,07-08-2000
2408,Chennai,Chennai port trust,8.4,08-08-2000
2409,Chennai,MYLAPORE-TRIPLICANE TALUK,8.4,08-08-2000
2410,Chennai,Chennai nungambakkam,6.4,08-08-2000
2411,Chennai,Sholinganallur,6.4,08-08-2000
2412,Chennai,Chennai nungambakkam,6.2,10-08-2000
2413,Chennai,Sholinganallur,6.2,10-08-2000
2414,Chennai,Chennai port trust,4,10-08-2000
2415,Chennai,MYLAPORE-TRIPLICANE TALUK,4,10-08-2000
2416,Chennai,Chennai port trust,12,14-08-2000
2417,Chennai,MYLAPORE-TRIPLICANE TALUK,12,14-08-2000
2418,Chennai,Chennai nungambakkam,4,14-08-2000
2419,Chennai,Sholinganallur,4,14-08-2000
2420,Chennai,Chennai nungambakkam,2.2,15-08-2000
2421,Chennai,Sholinganallur,2.2,15-08-2000
2422,Chennai,Chennai port trust,1,15-08-2000
2423,Chennai,MYLAPORE-TRIPLICANE TALUK,1,15-08-2000
2424,Chennai,Chennai port trust,3,17-08-2000
2425,Chennai,MYLAPORE-TRIPLICANE TALUK,3,17-08-2000
2426,Chennai,Chennai nungambakkam,2.1,17-08-2000
2427,Chennai,Sholinganallur,2.1,17-08-2000
2428,Chennai,Chennai nungambakkam,8.8,18-08-2000
2429,Chennai,Sholinganallur,8.8,18-08-2000
2430,Chennai,Chennai port trust,8,18-08-2000
2431,Chennai,MYLAPORE-TRIPLICANE TALUK,8,18-08-2000
2432,Chennai,Chennai port trust,2,19-08-2000
2433,Chennai,MYLAPORE-TRIPLICANE TALUK,2,19-08-2000
2434,Chennai,Chennai nungambakkam,1.2,19-08-2000
2435,Chennai,Sholinganallur,1.2,19-08-2000
2436,Chennai,Chennai port trust,7,21-08-2000
2437,Chennai,MYLAPORE-TRIPLICANE TALUK,7,21-08-2000
2438,Chennai,Chennai nungambakkam,3.7,21-08-2000
2439,Chennai,Sholinganallur,3.7,21-08-2000
2440,Chennai,Chennai port trust,1.4,22-08-2000
2441,Chennai,MYLAPORE-TRIPLICANE TALUK,1.4,22-08-2000
2442,Chennai,Chennai nungambakkam,1.3,22-08-2000
2443,Chennai,Sholinganallur,1.3,22-08-2000
2444,Chennai,Chennai nungambakkam,7.4,23-08-2000
2445,Chennai,Sholinganallur,7.4,23-08-2000
2446,Chennai,Chennai port trust,7.3,23-08-2000
2447,Chennai,MYLAPORE-TRIPLICANE TALUK,7.3,23-08-2000
2448,Chennai,Chennai port trust,2,27-08-2000
2449,Chennai,MYLAPORE-TRIPLICANE TALUK,2,27-08-2000
2450,Chennai,Chennai nungambakkam,0.7,27-08-2000
2451,Chennai,Sholinganallur,0.7,27-08-2000
2452,Chennai,Chennai port trust,2,28-08-2000
2453,Chennai,MYLAPORE-TRIPLICANE TALUK,2,28-08-2000
2454,Chennai,Chennai nungambakkam,1.5,28-08-2000
2455,Chennai,Sholinganallur,1.5,28-08-2000
2456,Chennai,Chennai port trust,2,29-08-2000
2457,Chennai,MYLAPORE-TRIPLICANE TALUK,2,29-08-2000
2458,Chennai,Chennai nungambakkam,0.7,29-08-2000
2459,Chennai,Sholinganallur,0.7,29-08-2000
2460,Chennai,Chennai port trust,1,30-08-2000
2461,Chennai,MYLAPORE-TRIPLICANE TALUK,1,30-08-2000
2462,Chennai,Chennai nungambakkam,0.4,31-08-2000
2463,Chennai,Sholinganallur,0.4,31-08-2000
2464,Chennai,Chennai nungambakkam,0.9,01-09-2000
2465,Chennai,Sholinganallur,0.9,01-09-2000
2466,Chennai,Chennai port trust,15,03-09-2000
2467,Chennai,MYLAPORE-TRIPLICANE TALUK,15,03-09-2000
2468,Chennai,Chennai nungambakkam,12.9,03-09-2000
2469,Chennai,Sholinganallur,12.9,03-09-2000
2470,Chennai,Chennai nungambakkam,35.3,09-09-2000
2471,Chennai,Sholinganallur,35.3,09-09-2000
2472,Chennai,Chennai port trust,16,09-09-2000
2473,Chennai,MYLAPORE-TRIPLICANE TALUK,16,09-09-2000
2474,Chennai,Chennai nungambakkam,4.9,12-09-2000
2475,Chennai,Sholinganallur,4.9,12-09-2000
2476,Chennai,Chennai nungambakkam,25.4,16-09-2000
2477,Chennai,Sholinganallur,25.4,16-09-2000
2478,Chennai,Chennai port trust,9.5,16-09-2000
2479,Chennai,MYLAPORE-TRIPLICANE TALUK,9.5,16-09-2000
2480,Chennai,Chennai nungambakkam,3.2,18-09-2000
2481,Chennai,Sholinganallur,3.2,18-09-2000
2482,Chennai,Chennai port trust,1,18-09-2000
2483,Chennai,MYLAPORE-TRIPLICANE TALUK,1,18-09-2000
2484,Chennai,Chennai nungambakkam,0.4,21-09-2000
2485,Chennai,Sholinganallur,0.4,21-09-2000
2486,Chennai,Chennai nungambakkam,0.2,24-09-2000
2487,Chennai,Sholinganallur,0.2,24-09-2000
2488,Chennai,Chennai nungambakkam,1.4,25-09-2000
2489,Chennai,Sholinganallur,1.4,25-09-2000
2490,Chennai,Chennai nungambakkam,19.1,26-09-2000
2491,Chennai,Sholinganallur,19.1,26-09-2000
2492,Chennai,Chennai port trust,12,26-09-2000
2493,Chennai,MYLAPORE-TRIPLICANE TALUK,12,26-09-2000
2494,Chennai,Chennai port trust,15,27-09-2000
2495,Chennai,MYLAPORE-TRIPLICANE TALUK,15,27-09-2000
2496,Chennai,Chennai nungambakkam,9,27-09-2000
2497,Chennai,Sholinganallur,9,27-09-2000
2498,Chennai,Chennai nungambakkam,22.6,28-09-2000
2499,Chennai,Sholinganallur,22.6,28-09-2000
2500,Chennai,Chennai port trust,8,28-09-2000
2501,Chennai,MYLAPORE-TRIPLICANE TALUK,8,28-09-2000
2502,Chennai,Chennai nungambakkam,27.2,30-09-2000
2503,Chennai,Sholinganallur,27.2,30-09-2000
2504,Chennai,Chennai port trust,5.4,30-09-2000
2505,Chennai,MYLAPORE-TRIPLICANE TALUK,5.4,30-09-2000
2506,Chennai,Chennai nungambakkam,16.6,01-10-2000
2507,Chennai,Sholinganallur,16.6,01-10-2000
2508,Chennai,Chennai port trust,4,01-10-2000
2509,Chennai,MYLAPORE-TRIPLICANE TALUK,4,01-10-2000
2510,Chennai,Chennai nungambakkam,21.7,04-10-2000
2511,Chennai,Sholinganallur,21.7,04-10-2000
2512,Chennai,Chennai port trust,7,04-10-2000
2513,Chennai,MYLAPORE-TRIPLICANE TALUK,7,04-10-2000
2514,Chennai,Chennai port trust,42,05-10-2000
2515,Chennai,MYLAPORE-TRIPLICANE TALUK,42,05-10-2000
2516,Chennai,Chennai nungambakkam,38.3,05-10-2000
2517,Chennai,Sholinganallur,38.3,05-10-2000
2518,Chennai,Chennai nungambakkam,77,07-10-2000
2519,Chennai,Sholinganallur,77,07-10-2000
2520,Chennai,Chennai port trust,72,07-10-2000
2521,Chennai,MYLAPORE-TRIPLICANE TALUK,72,07-10-2000
2522,Chennai,Chennai port trust,3,08-10-2000
2523,Chennai,MYLAPORE-TRIPLICANE TALUK,3,08-10-2000
2524,Chennai,Chennai nungambakkam,1.6,08-10-2000
2525,Chennai,Sholinganallur,1.6,08-10-2000
2526,Chennai,Chennai nungambakkam,0.1,09-10-2000
2527,Chennai,Sholinganallur,0.1,09-10-2000
2528,Chennai,Chennai nungambakkam,3.6,17-10-2000
2529,Chennai,Sholinganallur,3.6,17-10-2000
2530,Chennai,Chennai port trust,5,21-10-2000
2531,Chennai,MYLAPORE-TRIPLICANE TALUK,5,21-10-2000
2532,Chennai,Chennai nungambakkam,3.9,21-10-2000
2533,Chennai,Sholinganallur,3.9,21-10-2000
2534,Chennai,Chennai nungambakkam,1,01-11-2000
2535,Chennai,Sholinganallur,1,01-11-2000
2536,Chennai,Chennai nungambakkam,20.1,03-11-2000
2537,Chennai,Sholinganallur,20.1,03-11-2000
2538,Chennai,Chennai port trust,21.5,11-11-2000
2539,Chennai,MYLAPORE-TRIPLICANE TALUK,21.5,11-11-2000
2540,Chennai,Chennai nungambakkam,19.3,11-11-2000
2541,Chennai,Sholinganallur,19.3,11-11-2000
2542,Chennai,Chennai port trust,5.5,12-11-2000
2543,Chennai,MYLAPORE-TRIPLICANE TALUK,5.5,12-11-2000
2544,Chennai,Chennai nungambakkam,3.7,12-11-2000
2545,Chennai,Sholinganallur,3.7,12-11-2000
2546,Chennai,Chennai port trust,4,13-11-2000
2547,Chennai,MYLAPORE-TRIPLICANE TALUK,4,13-11-2000
2548,Chennai,Chennai nungambakkam,2.6,13-11-2000
2549,Chennai,Sholinganallur,2.6,13-11-2000
2550,Chennai,Chennai port trust,2.8,14-11-2000
2551,Chennai,MYLAPORE-TRIPLICANE TALUK,2.8,14-11-2000
2552,Chennai,Chennai nungambakkam,1.6,14-11-2000
2553,Chennai,Sholinganallur,1.6,14-11-2000
2554,Chennai,Chennai port trust,2,15-11-2000
2555,Chennai,MYLAPORE-TRIPLICANE TALUK,2,15-11-2000
2556,Chennai,Chennai nungambakkam,1.3,15-11-2000
2557,Chennai,Sholinganallur,1.3,15-11-2000
2558,Chennai,Chennai nungambakkam,54,19-11-2000
2559,Chennai,Sholinganallur,54,19-11-2000
2560,Chennai,Chennai port trust,44,19-11-2000
2561,Chennai,MYLAPORE-TRIPLICANE TALUK,44,19-11-2000
2562,Chennai,Chennai nungambakkam,8.5,23-11-2000
2563,Chennai,Sholinganallur,8.5,23-11-2000
2564,Chennai,Chennai port trust,7.5,23-11-2000
2565,Chennai,MYLAPORE-TRIPLICANE TALUK,7.5,23-11-2000
2566,Chennai,Chennai nungambakkam,34.4,29-11-2000
2567,Chennai,Sholinganallur,34.4,29-11-2000
2568,Chennai,Chennai port trust,33,29-11-2000
2569,Chennai,MYLAPORE-TRIPLICANE TALUK,33,29-11-2000
2570,Chennai,Chennai nungambakkam,43.7,30-11-2000
2571,Chennai,Sholinganallur,43.7,30-11-2000
2572,Chennai,Chennai port trust,30.5,30-11-2000
2573,Chennai,MYLAPORE-TRIPLICANE TALUK,30.5,30-11-2000
2574,Chennai,Chennai nungambakkam,7.4,02-12-2000
2575,Chennai,Sholinganallur,7.4,02-12-2000
2576,Chennai,Chennai nungambakkam,14.6,03-12-2000
2577,Chennai,Sholinganallur,14.6,03-12-2000
2578,Chennai,Chennai port trust,4,03-12-2000
2579,Chennai,MYLAPORE-TRIPLICANE TALUK,4,03-12-2000
2580,Chennai,Chennai port trust,20,04-12-2000
2581,Chennai,MYLAPORE-TRIPLICANE TALUK,20,04-12-2000
2582,Chennai,Chennai nungambakkam,1.8,04-12-2000
2583,Chennai,Sholinganallur,1.8,04-12-2000
2584,Chennai,Chennai port trust,2,05-12-2000
2585,Chennai,MYLAPORE-TRIPLICANE TALUK,2,05-12-2000
2586,Chennai,Chennai nungambakkam,3.2,28-12-2000
2587,Chennai,Sholinganallur,3.2,28-12-2000
2588,Chennai,Chennai port trust,20,29-12-2000
2589,Chennai,MYLAPORE-TRIPLICANE TALUK,20,29-12-2000
2590,Chennai,Chennai nungambakkam,14.4,29-12-2000
2591,Chennai,Sholinganallur,14.4,29-12-2000
2592,Chennai,Chennai port trust,2.5,30-12-2000
2593,Chennai,MYLAPORE-TRIPLICANE TALUK,2.5,30-12-2000
2594,Chennai,Chennai nungambakkam,0.6,30-12-2000
2595,Chennai,Sholinganallur,0.6,30-12-2000
2596,Chennai,Chennai nungambakkam,0.3,31-12-2000
2597,Chennai,Sholinganallur,0.3,31-12-2000
2598,Chennai,Chennai nungambakkam,1.4,07-01-2001
2599,Chennai,Sholinganallur,1.4,07-01-2001
2600,Chennai,Sholinganallur,3.1,11-04-2001
2601,Chennai,Chennai nungambakkam,3.1,11-04-2001
2602,Chennai,MYLAPORE-TRIPLICANE TALUK,2,11-04-2001
2603,Chennai,Chennai port trust,2,11-04-2001
2604,Chennai,Sholinganallur,31.6,12-04-2001
2605,Chennai,Chennai nungambakkam,31.6,12-04-2001
2606,Chennai,MYLAPORE-TRIPLICANE TALUK,21,12-04-2001
2607,Chennai,Chennai port trust,21,12-04-2001
2608,Chennai,MYLAPORE-TRIPLICANE TALUK,21,13-04-2001
2609,Chennai,Chennai port trust,21,13-04-2001
2610,Chennai,Sholinganallur,18.4,13-04-2001
2611,Chennai,Chennai nungambakkam,18.4,13-04-2001
2612,Chennai,MYLAPORE-TRIPLICANE TALUK,23,14-04-2001
2613,Chennai,Chennai port trust,23,14-04-2001
2614,Chennai,Sholinganallur,15.1,14-04-2001
2615,Chennai,Chennai nungambakkam,15.1,14-04-2001
2616,Chennai,MYLAPORE-TRIPLICANE TALUK,11,15-04-2001
2617,Chennai,Chennai port trust,11,15-04-2001
2618,Chennai,Sholinganallur,1,15-04-2001
2619,Chennai,Chennai nungambakkam,1,15-04-2001
2620,Chennai,MYLAPORE-TRIPLICANE TALUK,2,18-04-2001
2621,Chennai,Chennai port trust,2,18-04-2001
2622,Chennai,Sholinganallur,3.2,28-04-2001
2623,Chennai,Chennai nungambakkam,3.2,28-04-2001
2624,Chennai,MYLAPORE-TRIPLICANE TALUK,7.5,21-05-2001
2625,Chennai,Chennai port trust,7.5,21-05-2001
2626,Chennai,Sholinganallur,6.9,21-05-2001
2627,Chennai,Chennai nungambakkam,6.9,21-05-2001
2628,Chennai,Sholinganallur,11.5,22-05-2001
2629,Chennai,Chennai nungambakkam,11.5,22-05-2001
2630,Chennai,MYLAPORE-TRIPLICANE TALUK,8.5,22-05-2001
2631,Chennai,Chennai port trust,8.5,22-05-2001
2632,Chennai,Sholinganallur,0.5,24-05-2001
2633,Chennai,Chennai nungambakkam,0.5,24-05-2001
2634,Chennai,Sholinganallur,0.7,28-05-2001
2635,Chennai,Chennai nungambakkam,0.7,28-05-2001
2636,Chennai,Sholinganallur,2.9,03-06-2001
2637,Chennai,Chennai nungambakkam,2.9,03-06-2001
2638,Chennai,MYLAPORE-TRIPLICANE TALUK,10,04-06-2001
2639,Chennai,Chennai port trust,10,04-06-2001
2640,Chennai,Sholinganallur,9.1,04-06-2001
2641,Chennai,Chennai nungambakkam,9.1,04-06-2001
2642,Chennai,Sholinganallur,5.9,05-06-2001
2643,Chennai,Chennai nungambakkam,5.9,05-06-2001
2644,Chennai,MYLAPORE-TRIPLICANE TALUK,4,05-06-2001
2645,Chennai,Chennai port trust,4,05-06-2001
2646,Chennai,Sholinganallur,0.4,06-06-2001
2647,Chennai,Chennai nungambakkam,0.4,06-06-2001
2648,Chennai,Sholinganallur,0.2,19-06-2001
2649,Chennai,Chennai nungambakkam,0.2,19-06-2001
2650,Chennai,MYLAPORE-TRIPLICANE TALUK,17,21-06-2001
2651,Chennai,Chennai port trust,17,21-06-2001
2652,Chennai,Sholinganallur,0.3,22-06-2001
2653,Chennai,Chennai nungambakkam,0.3,22-06-2001
2654,Chennai,Sholinganallur,1.2,30-06-2001
2655,Chennai,Chennai nungambakkam,1.2,30-06-2001
2656,Chennai,Sholinganallur,0.4,01-07-2001
2657,Chennai,Chennai nungambakkam,0.4,01-07-2001
2658,Chennai,Sholinganallur,1.7,02-07-2001
2659,Chennai,Chennai nungambakkam,1.7,02-07-2001
2660,Chennai,Sholinganallur,3,04-07-2001
2661,Chennai,Chennai nungambakkam,3,04-07-2001
2662,Chennai,Sholinganallur,14.6,13-07-2001
2663,Chennai,Chennai nungambakkam,14.6,13-07-2001
2664,Chennai,MYLAPORE-TRIPLICANE TALUK,12,13-07-2001
2665,Chennai,Chennai port trust,12,13-07-2001
2666,Chennai,Sholinganallur,28.4,14-07-2001
2667,Chennai,Chennai nungambakkam,28.4,14-07-2001
2668,Chennai,MYLAPORE-TRIPLICANE TALUK,19,14-07-2001
2669,Chennai,Chennai port trust,19,14-07-2001
2670,Chennai,MYLAPORE-TRIPLICANE TALUK,7,16-07-2001
2671,Chennai,Chennai port trust,7,16-07-2001
2672,Chennai,Sholinganallur,6.3,16-07-2001
2673,Chennai,Chennai nungambakkam,6.3,16-07-2001
2674,Chennai,MYLAPORE-TRIPLICANE TALUK,46,17-07-2001
2675,Chennai,Chennai port trust,46,17-07-2001
2676,Chennai,Sholinganallur,45,17-07-2001
2677,Chennai,Chennai nungambakkam,45,17-07-2001
2678,Chennai,Sholinganallur,0.5,22-07-2001
2679,Chennai,Chennai nungambakkam,0.5,22-07-2001
2680,Chennai,Sholinganallur,0.5,24-07-2001
2681,Chennai,Chennai nungambakkam,0.5,24-07-2001
2682,Chennai,Sholinganallur,74.5,25-07-2001
2683,Chennai,Chennai nungambakkam,74.5,25-07-2001
2684,Chennai,MYLAPORE-TRIPLICANE TALUK,39,25-07-2001
2685,Chennai,Chennai port trust,39,25-07-2001
2686,Chennai,MYLAPORE-TRIPLICANE TALUK,120,29-07-2001
2687,Chennai,Chennai port trust,120,29-07-2001
2688,Chennai,Sholinganallur,94.6,29-07-2001
2689,Chennai,Chennai nungambakkam,94.6,29-07-2001
2690,Chennai,Sholinganallur,0.8,01-08-2001
2691,Chennai,Chennai nungambakkam,0.8,01-08-2001
2692,Chennai,Sholinganallur,0.3,05-08-2001
2693,Chennai,Chennai nungambakkam,0.3,05-08-2001
2694,Chennai,Sholinganallur,0.5,09-08-2001
2695,Chennai,Chennai nungambakkam,0.5,09-08-2001
2696,Chennai,Sholinganallur,3.7,11-08-2001
2697,Chennai,Chennai nungambakkam,3.7,11-08-2001
2698,Chennai,MYLAPORE-TRIPLICANE TALUK,2,11-08-2001
2699,Chennai,Chennai port trust,2,11-08-2001
2700,Chennai,Sholinganallur,6.2,14-08-2001
2701,Chennai,Chennai nungambakkam,6.2,14-08-2001
2702,Chennai,MYLAPORE-TRIPLICANE TALUK,6,14-08-2001
2703,Chennai,Chennai port trust,6,14-08-2001
2704,Chennai,Sholinganallur,0.7,17-08-2001
2705,Chennai,Chennai nungambakkam,0.7,17-08-2001
2706,Chennai,Sholinganallur,3.4,19-08-2001
2707,Chennai,Chennai nungambakkam,3.4,19-08-2001
2708,Chennai,Sholinganallur,1.2,22-08-2001
2709,Chennai,Chennai nungambakkam,1.2,22-08-2001
2710,Chennai,MYLAPORE-TRIPLICANE TALUK,24,26-08-2001
2711,Chennai,Chennai port trust,24,26-08-2001
2712,Chennai,Sholinganallur,17.2,26-08-2001
2713,Chennai,Chennai nungambakkam,17.2,26-08-2001
2714,Chennai,MYLAPORE-TRIPLICANE TALUK,19,27-08-2001
2715,Chennai,Chennai port trust,19,27-08-2001
2716,Chennai,Sholinganallur,13.9,27-08-2001
2717,Chennai,Chennai nungambakkam,13.9,27-08-2001
2718,Chennai,MYLAPORE-TRIPLICANE TALUK,6,05-09-2001
2719,Chennai,Chennai port trust,6,05-09-2001
2720,Chennai,MYLAPORE-TRIPLICANE TALUK,4,10-09-2001
2721,Chennai,Chennai port trust,4,10-09-2001
2722,Chennai,Sholinganallur,54.1,11-09-2001
2723,Chennai,Chennai nungambakkam,54.1,11-09-2001
2724,Chennai,MYLAPORE-TRIPLICANE TALUK,52,11-09-2001
2725,Chennai,Chennai port trust,52,11-09-2001
2726,Chennai,Sholinganallur,0.2,12-09-2001
2727,Chennai,Chennai nungambakkam,0.2,12-09-2001
2728,Chennai,MYLAPORE-TRIPLICANE TALUK,40,18-09-2001
2729,Chennai,Chennai port trust,40,18-09-2001
2730,Chennai,Sholinganallur,31,18-09-2001
2731,Chennai,Chennai nungambakkam,31,18-09-2001
2732,Chennai,Sholinganallur,0.2,19-09-2001
2733,Chennai,Chennai nungambakkam,0.2,19-09-2001
2734,Chennai,MYLAPORE-TRIPLICANE TALUK,10.5,20-09-2001
2735,Chennai,Chennai port trust,10.5,20-09-2001
2736,Chennai,Sholinganallur,8.6,27-09-2001
2737,Chennai,Chennai nungambakkam,8.6,27-09-2001
2738,Chennai,MYLAPORE-TRIPLICANE TALUK,8,28-09-2001
2739,Chennai,Chennai port trust,8,28-09-2001
2740,Chennai,Sholinganallur,7.1,28-09-2001
2741,Chennai,Chennai nungambakkam,7.1,28-09-2001
2742,Chennai,MYLAPORE-TRIPLICANE TALUK,2,29-09-2001
2743,Chennai,Chennai port trust,2,29-09-2001
2744,Chennai,Sholinganallur,1.4,29-09-2001
2745,Chennai,Chennai nungambakkam,1.4,29-09-2001
2746,Chennai,Sholinganallur,22.4,30-09-2001
2747,Chennai,Chennai nungambakkam,22.4,30-09-2001
2748,Chennai,MYLAPORE-TRIPLICANE TALUK,10,30-09-2001
2749,Chennai,Chennai port trust,10,30-09-2001
2750,Chennai,Sholinganallur,36.1,02-10-2001
2751,Chennai,Chennai nungambakkam,36.1,02-10-2001
2752,Chennai,MYLAPORE-TRIPLICANE TALUK,36,02-10-2001
2753,Chennai,Chennai port trust,36,02-10-2001
2754,Chennai,MYLAPORE-TRIPLICANE TALUK,13,05-10-2001
2755,Chennai,Chennai port trust,13,05-10-2001
2756,Chennai,Sholinganallur,11.3,05-10-2001
2757,Chennai,Chennai nungambakkam,11.3,05-10-2001
2758,Chennai,MYLAPORE-TRIPLICANE TALUK,144,06-10-2001
2759,Chennai,Chennai port trust,144,06-10-2001
2760,Chennai,Sholinganallur,143,06-10-2001
2761,Chennai,Chennai nungambakkam,143,06-10-2001
2762,Chennai,Sholinganallur,0.7,07-10-2001
2763,Chennai,Chennai nungambakkam,0.7,07-10-2001
2764,Chennai,Sholinganallur,0.7,08-10-2001
2765,Chennai,Chennai nungambakkam,0.7,08-10-2001
2766,Chennai,MYLAPORE-TRIPLICANE TALUK,10,09-10-2001
2767,Chennai,Chennai port trust,10,09-10-2001
2768,Chennai,Sholinganallur,6,09-10-2001
2769,Chennai,Chennai nungambakkam,6,09-10-2001
2770,Chennai,MYLAPORE-TRIPLICANE TALUK,3,13-10-2001
2771,Chennai,Chennai port trust,3,13-10-2001
2772,Chennai,Sholinganallur,1.8,13-10-2001
2773,Chennai,Chennai nungambakkam,1.8,13-10-2001
2774,Chennai,Sholinganallur,3.6,14-10-2001
2775,Chennai,Chennai nungambakkam,3.6,14-10-2001
2776,Chennai,MYLAPORE-TRIPLICANE TALUK,3,14-10-2001
2777,Chennai,Chennai port trust,3,14-10-2001
2778,Chennai,Sholinganallur,30,15-10-2001
2779,Chennai,Chennai nungambakkam,30,15-10-2001
2780,Chennai,MYLAPORE-TRIPLICANE TALUK,26,15-10-2001
2781,Chennai,Chennai port trust,26,15-10-2001
2782,Chennai,Sholinganallur,99.8,16-10-2001
2783,Chennai,Chennai nungambakkam,99.8,16-10-2001
2784,Chennai,MYLAPORE-TRIPLICANE TALUK,90,16-10-2001
2785,Chennai,Chennai port trust,90,16-10-2001
2786,Chennai,Sholinganallur,0.4,18-10-2001
2787,Chennai,Chennai nungambakkam,0.4,18-10-2001
2788,Chennai,Sholinganallur,3.2,23-10-2001
2789,Chennai,Chennai nungambakkam,3.2,23-10-2001
2790,Chennai,MYLAPORE-TRIPLICANE TALUK,3,23-10-2001
2791,Chennai,Chennai port trust,3,23-10-2001
2792,Chennai,MYLAPORE-TRIPLICANE TALUK,36,24-10-2001
2793,Chennai,Chennai port trust,36,24-10-2001
2794,Chennai,Sholinganallur,33.9,24-10-2001
2795,Chennai,Chennai nungambakkam,33.9,24-10-2001
2796,Chennai,Sholinganallur,23.8,25-10-2001
2797,Chennai,Chennai nungambakkam,23.8,25-10-2001
2798,Chennai,MYLAPORE-TRIPLICANE TALUK,21,25-10-2001
2799,Chennai,Chennai port trust,21,25-10-2001
2800,Chennai,Sholinganallur,4,26-10-2001
2801,Chennai,Chennai nungambakkam,4,26-10-2001
2802,Chennai,MYLAPORE-TRIPLICANE TALUK,3,26-10-2001
2803,Chennai,Chennai port trust,3,26-10-2001
2804,Chennai,Sholinganallur,13.1,27-10-2001
2805,Chennai,Chennai nungambakkam,13.1,27-10-2001
2806,Chennai,MYLAPORE-TRIPLICANE TALUK,13,27-10-2001
2807,Chennai,Chennai port trust,13,27-10-2001
2808,Chennai,MYLAPORE-TRIPLICANE TALUK,36,02-11-2001
2809,Chennai,Chennai port trust,36,02-11-2001
2810,Chennai,Sholinganallur,26.5,02-11-2001
2811,Chennai,Chennai nungambakkam,26.5,02-11-2001
2812,Chennai,MYLAPORE-TRIPLICANE TALUK,10,03-11-2001
2813,Chennai,Chennai port trust,10,03-11-2001
2814,Chennai,Sholinganallur,8.5,03-11-2001
2815,Chennai,Chennai nungambakkam,8.5,03-11-2001
2816,Chennai,MYLAPORE-TRIPLICANE TALUK,17,04-11-2001
2817,Chennai,Chennai port trust,17,04-11-2001
2818,Chennai,Sholinganallur,5.4,04-11-2001
2819,Chennai,Chennai nungambakkam,5.4,04-11-2001
2820,Chennai,Sholinganallur,28.9,05-11-2001
2821,Chennai,Chennai nungambakkam,28.9,05-11-2001
2822,Chennai,MYLAPORE-TRIPLICANE TALUK,17,05-11-2001
2823,Chennai,Chennai port trust,17,05-11-2001
2824,Chennai,Sholinganallur,37.8,06-11-2001
2825,Chennai,Chennai nungambakkam,37.8,06-11-2001
2826,Chennai,MYLAPORE-TRIPLICANE TALUK,30,06-11-2001
2827,Chennai,Chennai port trust,30,06-11-2001
2828,Chennai,Sholinganallur,26.2,07-11-2001
2829,Chennai,Chennai nungambakkam,26.2,07-11-2001
2830,Chennai,MYLAPORE-TRIPLICANE TALUK,24,07-11-2001
2831,Chennai,Chennai port trust,24,07-11-2001
2832,Chennai,Sholinganallur,65.3,08-11-2001
2833,Chennai,Chennai nungambakkam,65.3,08-11-2001
2834,Chennai,MYLAPORE-TRIPLICANE TALUK,65,08-11-2001
2835,Chennai,Chennai port trust,65,08-11-2001
2836,Chennai,MYLAPORE-TRIPLICANE TALUK,85,09-11-2001
2837,Chennai,Chennai port trust,85,09-11-2001
2838,Chennai,Sholinganallur,83.4,09-11-2001
2839,Chennai,Chennai nungambakkam,83.4,09-11-2001
2840,Chennai,MYLAPORE-TRIPLICANE TALUK,8,10-11-2001
2841,Chennai,Chennai port trust,8,10-11-2001
2842,Chennai,Sholinganallur,7.8,10-11-2001
2843,Chennai,Chennai nungambakkam,7.8,10-11-2001
2844,Chennai,MYLAPORE-TRIPLICANE TALUK,38,16-11-2001
2845,Chennai,Chennai port trust,38,16-11-2001
2846,Chennai,Sholinganallur,32.6,16-11-2001
2847,Chennai,Chennai nungambakkam,32.6,16-11-2001
2848,Chennai,MYLAPORE-TRIPLICANE TALUK,3.5,18-11-2001
2849,Chennai,Chennai port trust,3.5,18-11-2001
2850,Chennai,Sholinganallur,1,18-11-2001
2851,Chennai,Chennai nungambakkam,1,18-11-2001
2852,Chennai,MYLAPORE-TRIPLICANE TALUK,22,21-11-2001
2853,Chennai,Chennai port trust,22,21-11-2001
2854,Chennai,Sholinganallur,18.2,21-11-2001
2855,Chennai,Chennai nungambakkam,18.2,21-11-2001
2856,Chennai,Sholinganallur,17,22-11-2001
2857,Chennai,Chennai nungambakkam,17,22-11-2001
2858,Chennai,MYLAPORE-TRIPLICANE TALUK,15,22-11-2001
2859,Chennai,Chennai port trust,15,22-11-2001
2860,Chennai,MYLAPORE-TRIPLICANE TALUK,12,23-11-2001
2861,Chennai,Chennai port trust,12,23-11-2001
2862,Chennai,Sholinganallur,8.4,23-11-2001
2863,Chennai,Chennai nungambakkam,8.4,23-11-2001
2864,Chennai,Sholinganallur,0.8,26-11-2001
2865,Chennai,Chennai nungambakkam,0.8,26-11-2001
2866,Chennai,MYLAPORE-TRIPLICANE TALUK,4.5,29-11-2001
2867,Chennai,Chennai port trust,4.5,29-11-2001
2868,Chennai,Sholinganallur,2.2,30-11-2001
2869,Chennai,Chennai nungambakkam,2.2,30-11-2001
2870,Chennai,Sholinganallur,7.6,01-12-2001
2871,Chennai,Chennai nungambakkam,7.6,01-12-2001
2872,Chennai,MYLAPORE-TRIPLICANE TALUK,5.5,01-12-2001
2873,Chennai,Chennai port trust,5.5,01-12-2001
2874,Chennai,MYLAPORE-TRIPLICANE TALUK,9,02-12-2001
2875,Chennai,Chennai port trust,9,02-12-2001
2876,Chennai,Sholinganallur,8.7,02-12-2001
2877,Chennai,Chennai nungambakkam,8.7,02-12-2001
2878,Chennai,MYLAPORE-TRIPLICANE TALUK,38,18-12-2001
2879,Chennai,Chennai port trust,38,18-12-2001
2880,Chennai,Sholinganallur,36.1,18-12-2001
2881,Chennai,Chennai nungambakkam,36.1,18-12-2001
2882,Chennai,MYLAPORE-TRIPLICANE TALUK,5,19-12-2001
2883,Chennai,Chennai port trust,5,19-12-2001
2884,Chennai,Sholinganallur,4.1,19-12-2001
2885,Chennai,Chennai nungambakkam,4.1,19-12-2001
2886,Chennai,Sholinganallur,84.2,21-12-2001
2887,Chennai,Chennai nungambakkam,84.2,21-12-2001
2888,Chennai,MYLAPORE-TRIPLICANE TALUK,68,21-12-2001
2889,Chennai,Chennai port trust,68,21-12-2001
2890,Chennai,MYLAPORE-TRIPLICANE TALUK,36,22-12-2001
2891,Chennai,Chennai port trust,36,22-12-2001
2892,Chennai,Sholinganallur,29,22-12-2001
2893,Chennai,Chennai nungambakkam,29,22-12-2001
2894,Chennai,Sholinganallur,71.3,23-12-2001
2895,Chennai,Chennai nungambakkam,71.3,23-12-2001
2896,Chennai,MYLAPORE-TRIPLICANE TALUK,53,23-12-2001
2897,Chennai,Chennai port trust,53,23-12-2001
2898,Chennai,MYLAPORE-TRIPLICANE TALUK,18,24-12-2001
2899,Chennai,Chennai port trust,18,24-12-2001
2900,Chennai,Sholinganallur,11.5,24-12-2001
2901,Chennai,Chennai nungambakkam,11.5,24-12-2001
2902,Chennai,MYLAPORE-TRIPLICANE TALUK,7,25-12-2001
2903,Chennai,Chennai port trust,7,25-12-2001
2904,Chennai,Sholinganallur,6.6,25-12-2001
2905,Chennai,Chennai nungambakkam,6.6,25-12-2001
2906,Chennai,Sholinganallur,8.4,26-12-2001
2907,Chennai,Chennai nungambakkam,8.4,26-12-2001
2908,Chennai,Sholinganallur,20.9,27-12-2001
2909,Chennai,Chennai nungambakkam,20.9,27-12-2001
2910,Chennai,MYLAPORE-TRIPLICANE TALUK,16,27-12-2001
2911,Chennai,Chennai port trust,16,27-12-2001
2912,Chennai,MYLAPORE-TRIPLICANE TALUK,3.5,05-01-2002
2913,Chennai,Chennai port trust,3.5,05-01-2002
2914,Chennai,Sholinganallur,2.4,05-01-2002
2915,Chennai,Chennai nungambakkam,2.4,05-01-2002
2916,Chennai,Sholinganallur,2.1,06-01-2002
2917,Chennai,Chennai nungambakkam,2.1,06-01-2002
2918,Chennai,MYLAPORE-TRIPLICANE TALUK,25,07-01-2002
2919,Chennai,Chennai port trust,25,07-01-2002
2920,Chennai,Sholinganallur,6,07-01-2002
2921,Chennai,Chennai nungambakkam,6,07-01-2002
2922,Chennai,Sholinganallur,19.8,09-01-2002
2923,Chennai,Chennai nungambakkam,19.8,09-01-2002
2924,Chennai,MYLAPORE-TRIPLICANE TALUK,8.5,09-01-2002
2925,Chennai,Chennai port trust,8.5,09-01-2002
2926,Chennai,Sholinganallur,6.9,10-01-2002
2927,Chennai,Chennai nungambakkam,6.9,10-01-2002
2928,Chennai,Sholinganallur,0.8,11-01-2002
2929,Chennai,Chennai nungambakkam,0.8,11-01-2002
2930,Chennai,Sholinganallur,0.3,20-01-2002
2931,Chennai,Chennai nungambakkam,0.3,20-01-2002
2932,Chennai,MYLAPORE-TRIPLICANE TALUK,2,21-01-2002
2933,Chennai,Chennai port trust,2,21-01-2002
2934,Chennai,Sholinganallur,0.8,21-01-2002
2935,Chennai,Chennai nungambakkam,0.8,21-01-2002
2936,Chennai,Sholinganallur,5.1,01-02-2002
2937,Chennai,Chennai nungambakkam,5.1,01-02-2002
2938,Chennai,MYLAPORE-TRIPLICANE TALUK,4,01-02-2002
2939,Chennai,Chennai port trust,4,01-02-2002
2940,Chennai,Sholinganallur,0.5,03-02-2002
2941,Chennai,Chennai nungambakkam,0.5,03-02-2002
2942,Chennai,Sholinganallur,11,17-05-2002
2943,Chennai,Chennai nungambakkam,11,17-05-2002
2944,Chennai,MYLAPORE-TRIPLICANE TALUK,5.2,17-05-2002
2945,Chennai,Chennai port trust,5.2,17-05-2002
2946,Chennai,Sholinganallur,0.5,28-05-2002
2947,Chennai,Chennai nungambakkam,0.5,28-05-2002
2948,Chennai,MYLAPORE-TRIPLICANE TALUK,7,30-05-2002
2949,Chennai,Chennai port trust,7,30-05-2002
2950,Chennai,Sholinganallur,5.7,30-05-2002
2951,Chennai,Chennai nungambakkam,5.7,30-05-2002
2952,Chennai,Sholinganallur,23.4,02-06-2002
2953,Chennai,Chennai nungambakkam,23.4,02-06-2002
2954,Chennai,MYLAPORE-TRIPLICANE TALUK,20,02-06-2002
2955,Chennai,Chennai port trust,20,02-06-2002
2956,Chennai,Sholinganallur,0.2,17-06-2002
2957,Chennai,Chennai nungambakkam,0.2,17-06-2002
2958,Chennai,Sholinganallur,1.1,18-06-2002
2959,Chennai,Chennai nungambakkam,1.1,18-06-2002
2960,Chennai,Sholinganallur,0.6,19-06-2002
2961,Chennai,Chennai nungambakkam,0.6,19-06-2002
2962,Chennai,Sholinganallur,0.1,20-06-2002
2963,Chennai,Chennai nungambakkam,0.1,20-06-2002
2964,Chennai,MYLAPORE-TRIPLICANE TALUK,4,22-06-2002
2965,Chennai,Chennai port trust,4,22-06-2002
2966,Chennai,Sholinganallur,2,22-06-2002
2967,Chennai,Chennai nungambakkam,2,22-06-2002
2968,Chennai,Sholinganallur,4.2,23-06-2002
2969,Chennai,Chennai nungambakkam,4.2,23-06-2002
2970,Chennai,MYLAPORE-TRIPLICANE TALUK,2,23-06-2002
2971,Chennai,Chennai port trust,2,23-06-2002
2972,Chennai,Sholinganallur,1.5,24-06-2002
2973,Chennai,Chennai nungambakkam,1.5,24-06-2002
2974,Chennai,MYLAPORE-TRIPLICANE TALUK,7.5,29-06-2002
2975,Chennai,Chennai port trust,7.5,29-06-2002
2976,Chennai,Sholinganallur,1.1,29-06-2002
2977,Chennai,Chennai nungambakkam,1.1,29-06-2002
2978,Chennai,Sholinganallur,0.1,05-07-2002
2979,Chennai,Chennai nungambakkam,0.1,05-07-2002
2980,Chennai,Sholinganallur,2.9,09-07-2002
2981,Chennai,Chennai nungambakkam,2.9,09-07-2002
2982,Chennai,Sholinganallur,32,12-07-2002
2983,Chennai,Chennai nungambakkam,32,12-07-2002
2984,Chennai,MYLAPORE-TRIPLICANE TALUK,15,12-07-2002
2985,Chennai,Chennai port trust,15,12-07-2002
2986,Chennai,MYLAPORE-TRIPLICANE TALUK,7,13-07-2002
2987,Chennai,Chennai port trust,7,13-07-2002
2988,Chennai,Sholinganallur,4.7,13-07-2002
2989,Chennai,Chennai nungambakkam,4.7,13-07-2002
2990,Chennai,MYLAPORE-TRIPLICANE TALUK,5.5,17-07-2002
2991,Chennai,Chennai port trust,5.5,17-07-2002
2992,Chennai,Sholinganallur,4.5,17-07-2002
2993,Chennai,Chennai nungambakkam,4.5,17-07-2002
2994,Chennai,MYLAPORE-TRIPLICANE TALUK,8,22-07-2002
2995,Chennai,Chennai port trust,8,22-07-2002
2996,Chennai,Sholinganallur,5,22-07-2002
2997,Chennai,Chennai nungambakkam,5,22-07-2002
2998,Chennai,Sholinganallur,0.1,24-07-2002
2999,Chennai,Chennai nungambakkam,0.1,24-07-2002
3000,Chennai,Sholinganallur,27.2,25-07-2002
3001,Chennai,Chennai nungambakkam,27.2,25-07-2002
3002,Chennai,MYLAPORE-TRIPLICANE TALUK,23,25-07-2002
3003,Chennai,Chennai port trust,23,25-07-2002
3004,Chennai,Sholinganallur,1.5,28-07-2002
3005,Chennai,Chennai nungambakkam,1.5,28-07-2002
3006,Chennai,MYLAPORE-TRIPLICANE TALUK,3,30-07-2002
3007,Chennai,Chennai port trust,3,30-07-2002
3008,Chennai,Sholinganallur,2,30-07-2002
3009,Chennai,Chennai nungambakkam,2,30-07-2002
3010,Chennai,Sholinganallur,47.6,04-08-2002
3011,Chennai,Chennai nungambakkam,47.6,04-08-2002
3012,Chennai,MYLAPORE-TRIPLICANE TALUK,37,04-08-2002
3013,Chennai,Chennai port trust,37,04-08-2002
3014,Chennai,MYLAPORE-TRIPLICANE TALUK,3,07-08-2002
3015,Chennai,Chennai port trust,3,07-08-2002
3016,Chennai,Sholinganallur,2.7,07-08-2002
3017,Chennai,Chennai nungambakkam,2.7,07-08-2002
3018,Chennai,Sholinganallur,1.4,09-08-2002
3019,Chennai,Chennai nungambakkam,1.4,09-08-2002
3020,Chennai,Sholinganallur,2.2,14-08-2002
3021,Chennai,Chennai nungambakkam,2.2,14-08-2002
3022,Chennai,Sholinganallur,17.5,17-08-2002
3023,Chennai,Chennai nungambakkam,17.5,17-08-2002
3024,Chennai,MYLAPORE-TRIPLICANE TALUK,13,17-08-2002
3025,Chennai,Chennai port trust,13,17-08-2002
3026,Chennai,Sholinganallur,0.1,18-08-2002
3027,Chennai,Chennai nungambakkam,0.1,18-08-2002
3028,Chennai,MYLAPORE-TRIPLICANE TALUK,2.5,19-08-2002
3029,Chennai,Chennai port trust,2.5,19-08-2002
3030,Chennai,Sholinganallur,1.6,20-08-2002
3031,Chennai,Chennai nungambakkam,1.6,20-08-2002
3032,Chennai,Sholinganallur,1,21-08-2002
3033,Chennai,Chennai nungambakkam,1,21-08-2002
3034,Chennai,Sholinganallur,1.9,24-08-2002
3035,Chennai,Chennai nungambakkam,1.9,24-08-2002
3036,Chennai,Sholinganallur,9,25-08-2002
3037,Chennai,Chennai nungambakkam,9,25-08-2002
3038,Chennai,MYLAPORE-TRIPLICANE TALUK,16,29-08-2002
3039,Chennai,Chennai port trust,16,29-08-2002
3040,Chennai,Sholinganallur,14,29-08-2002
3041,Chennai,Chennai nungambakkam,14,29-08-2002
3042,Chennai,MYLAPORE-TRIPLICANE TALUK,3,30-08-2002
3043,Chennai,Chennai port trust,3,30-08-2002
3044,Chennai,Sholinganallur,0.9,30-08-2002
3045,Chennai,Chennai nungambakkam,0.9,30-08-2002
3046,Chennai,Sholinganallur,27.5,01-09-2002
3047,Chennai,Chennai nungambakkam,27.5,01-09-2002
3048,Chennai,MYLAPORE-TRIPLICANE TALUK,26,01-09-2002
3049,Chennai,Chennai port trust,26,01-09-2002
3050,Chennai,Sholinganallur,57,03-09-2002
3051,Chennai,Chennai nungambakkam,57,03-09-2002
3052,Chennai,MYLAPORE-TRIPLICANE TALUK,49,03-09-2002
3053,Chennai,Chennai port trust,49,03-09-2002
3054,Chennai,Sholinganallur,39.4,04-09-2002
3055,Chennai,Chennai nungambakkam,39.4,04-09-2002
3056,Chennai,MYLAPORE-TRIPLICANE TALUK,29,04-09-2002
3057,Chennai,Chennai port trust,29,04-09-2002
3058,Chennai,Sholinganallur,1.4,07-09-2002
3059,Chennai,Chennai nungambakkam,1.4,07-09-2002
3060,Chennai,Sholinganallur,4.2,08-09-2002
3061,Chennai,Chennai nungambakkam,4.2,08-09-2002
3062,Chennai,Sholinganallur,5.5,10-09-2002
3063,Chennai,Chennai nungambakkam,5.5,10-09-2002
3064,Chennai,MYLAPORE-TRIPLICANE TALUK,5,10-09-2002
3065,Chennai,Chennai port trust,5,10-09-2002
3066,Chennai,Sholinganallur,0.7,13-09-2002
3067,Chennai,Chennai nungambakkam,0.7,13-09-2002
3068,Chennai,Sholinganallur,0.7,17-09-2002
3069,Chennai,Chennai nungambakkam,0.7,17-09-2002
3070,Chennai,Sholinganallur,1.5,18-09-2002
3071,Chennai,Chennai nungambakkam,1.5,18-09-2002
3072,Chennai,Sholinganallur,1.9,01-10-2002
3073,Chennai,Chennai nungambakkam,1.9,01-10-2002
3074,Chennai,Sholinganallur,0.3,08-10-2002
3075,Chennai,Chennai nungambakkam,0.3,08-10-2002
3076,Chennai,Sholinganallur,11.4,09-10-2002
3077,Chennai,Chennai nungambakkam,11.4,09-10-2002
3078,Chennai,MYLAPORE-TRIPLICANE TALUK,8,09-10-2002
3079,Chennai,Chennai port trust,8,09-10-2002
3080,Chennai,Sholinganallur,12.3,10-10-2002
3081,Chennai,Chennai nungambakkam,12.3,10-10-2002
3082,Chennai,MYLAPORE-TRIPLICANE TALUK,5,10-10-2002
3083,Chennai,Chennai port trust,5,10-10-2002
3084,Chennai,Sholinganallur,8.4,11-10-2002
3085,Chennai,Chennai nungambakkam,8.4,11-10-2002
3086,Chennai,MYLAPORE-TRIPLICANE TALUK,5,11-10-2002
3087,Chennai,Chennai port trust,5,11-10-2002
3088,Chennai,Sholinganallur,37.8,12-10-2002
3089,Chennai,Chennai nungambakkam,37.8,12-10-2002
3090,Chennai,MYLAPORE-TRIPLICANE TALUK,20,12-10-2002
3091,Chennai,Chennai port trust,20,12-10-2002
3092,Chennai,Sholinganallur,13.4,13-10-2002
3093,Chennai,Chennai nungambakkam,13.4,13-10-2002
3094,Chennai,MYLAPORE-TRIPLICANE TALUK,2,14-10-2002
3095,Chennai,Chennai port trust,2,14-10-2002
3096,Chennai,MYLAPORE-TRIPLICANE TALUK,8,15-10-2002
3097,Chennai,Chennai port trust,8,15-10-2002
3098,Chennai,MYLAPORE-TRIPLICANE TALUK,72,18-10-2002
3099,Chennai,Chennai port trust,72,18-10-2002
3100,Chennai,Sholinganallur,68.8,18-10-2002
3101,Chennai,Chennai nungambakkam,68.8,18-10-2002
3102,Chennai,Sholinganallur,2.6,22-10-2002
3103,Chennai,Chennai nungambakkam,2.6,22-10-2002
3104,Chennai,MYLAPORE-TRIPLICANE TALUK,3,24-10-2002
3105,Chennai,Chennai port trust,3,24-10-2002
3106,Chennai,Sholinganallur,0.6,24-10-2002
3107,Chennai,Chennai nungambakkam,0.6,24-10-2002
3108,Chennai,Sholinganallur,16.3,25-10-2002
3109,Chennai,Chennai nungambakkam,16.3,25-10-2002
3110,Chennai,MYLAPORE-TRIPLICANE TALUK,14,25-10-2002
3111,Chennai,Chennai port trust,14,25-10-2002
3112,Chennai,MYLAPORE-TRIPLICANE TALUK,11,26-10-2002
3113,Chennai,Chennai port trust,11,26-10-2002
3114,Chennai,Sholinganallur,8.7,26-10-2002
3115,Chennai,Chennai nungambakkam,8.7,26-10-2002
3116,Chennai,Sholinganallur,34.4,27-10-2002
3117,Chennai,Chennai nungambakkam,34.4,27-10-2002
3118,Chennai,MYLAPORE-TRIPLICANE TALUK,16,27-10-2002
3119,Chennai,Chennai port trust,16,27-10-2002
3120,Chennai,Sholinganallur,59.2,28-10-2002
3121,Chennai,Chennai nungambakkam,59.2,28-10-2002
3122,Chennai,MYLAPORE-TRIPLICANE TALUK,34,28-10-2002
3123,Chennai,Chennai port trust,34,28-10-2002
3124,Chennai,MYLAPORE-TRIPLICANE TALUK,3,29-10-2002
3125,Chennai,Chennai port trust,3,29-10-2002
3126,Chennai,Sholinganallur,1.3,29-10-2002
3127,Chennai,Chennai nungambakkam,1.3,29-10-2002
3128,Chennai,MYLAPORE-TRIPLICANE TALUK,64,30-10-2002
3129,Chennai,Chennai port trust,64,30-10-2002
3130,Chennai,Sholinganallur,59.4,30-10-2002
3131,Chennai,Chennai nungambakkam,59.4,30-10-2002
3132,Chennai,Sholinganallur,38.3,31-10-2002
3133,Chennai,Chennai nungambakkam,38.3,31-10-2002
3134,Chennai,MYLAPORE-TRIPLICANE TALUK,18,31-10-2002
3135,Chennai,Chennai port trust,18,31-10-2002
3136,Chennai,Sholinganallur,160.1,01-11-2002
3137,Chennai,Chennai nungambakkam,160.1,01-11-2002
3138,Chennai,MYLAPORE-TRIPLICANE TALUK,116,01-11-2002
3139,Chennai,Chennai port trust,116,01-11-2002
3140,Chennai,Sholinganallur,75.2,02-11-2002
3141,Chennai,Chennai nungambakkam,75.2,02-11-2002
3142,Chennai,MYLAPORE-TRIPLICANE TALUK,58,02-11-2002
3143,Chennai,Chennai port trust,58,02-11-2002
3144,Chennai,Sholinganallur,10.8,04-11-2002
3145,Chennai,Chennai nungambakkam,10.8,04-11-2002
3146,Chennai,MYLAPORE-TRIPLICANE TALUK,6,04-11-2002
3147,Chennai,Chennai port trust,6,04-11-2002
3148,Chennai,Sholinganallur,47.2,05-11-2002
3149,Chennai,Chennai nungambakkam,47.2,05-11-2002
3150,Chennai,MYLAPORE-TRIPLICANE TALUK,20,05-11-2002
3151,Chennai,Chennai port trust,20,05-11-2002
3152,Chennai,Sholinganallur,1.6,06-11-2002
3153,Chennai,Chennai nungambakkam,1.6,06-11-2002
3154,Chennai,Sholinganallur,50.6,07-11-2002
3155,Chennai,Chennai nungambakkam,50.6,07-11-2002
3156,Chennai,MYLAPORE-TRIPLICANE TALUK,48,07-11-2002
3157,Chennai,Chennai port trust,48,07-11-2002
3158,Chennai,MYLAPORE-TRIPLICANE TALUK,52,08-11-2002
3159,Chennai,Chennai port trust,52,08-11-2002
3160,Chennai,Sholinganallur,48.4,08-11-2002
3161,Chennai,Chennai nungambakkam,48.4,08-11-2002
3162,Chennai,Sholinganallur,81.8,09-11-2002
3163,Chennai,Chennai nungambakkam,81.8,09-11-2002
3164,Chennai,MYLAPORE-TRIPLICANE TALUK,60,09-11-2002
3165,Chennai,Chennai port trust,60,09-11-2002
3166,Chennai,Sholinganallur,86.4,10-11-2002
3167,Chennai,Chennai nungambakkam,86.4,10-11-2002
3168,Chennai,MYLAPORE-TRIPLICANE TALUK,81,10-11-2002
3169,Chennai,Chennai port trust,81,10-11-2002
3170,Chennai,Sholinganallur,17.2,11-11-2002
3171,Chennai,Chennai nungambakkam,17.2,11-11-2002
3172,Chennai,MYLAPORE-TRIPLICANE TALUK,16,11-11-2002
3173,Chennai,Chennai port trust,16,11-11-2002
3174,Chennai,Sholinganallur,1,14-11-2002
3175,Chennai,Chennai nungambakkam,1,14-11-2002
3176,Chennai,Sholinganallur,0.5,06-12-2002
3177,Chennai,Chennai nungambakkam,0.5,06-12-2002
3178,Chennai,Sholinganallur,22.8,07-12-2002
3179,Chennai,Chennai nungambakkam,22.8,07-12-2002
3180,Chennai,MYLAPORE-TRIPLICANE TALUK,18,07-12-2002
3181,Chennai,Chennai port trust,18,07-12-2002
3182,Chennai,Sholinganallur,6.6,08-12-2002
3183,Chennai,Chennai nungambakkam,6.6,08-12-2002
3184,Chennai,MYLAPORE-TRIPLICANE TALUK,4,08-12-2002
3185,Chennai,Chennai port trust,4,08-12-2002
3186,Chennai,Chennai nungambakkam,0.1,04-01-2003
3187,Chennai,Chennai nungambakkam,0.1,04-01-2003
3188,Chennai,Chennai nungambakkam,6.2,18-03-2003
3189,Chennai,Chennai nungambakkam,6.2,18-03-2003
3190,Chennai,Chennai nungambakkam,0.5,14-05-2003
3191,Chennai,Chennai nungambakkam,0.5,14-05-2003
3192,Chennai,Chennai nungambakkam,1.1,14-06-2003
3193,Chennai,Chennai nungambakkam,1.1,14-06-2003
3194,Chennai,Chennai nungambakkam,0.7,15-06-2003
3195,Chennai,Chennai nungambakkam,0.7,15-06-2003
3196,Chennai,Chennai nungambakkam,0.1,24-06-2003
3197,Chennai,Chennai nungambakkam,0.1,24-06-2003
3198,Chennai,Chennai nungambakkam,21,29-06-2003
3199,Chennai,Chennai nungambakkam,21,29-06-2003
3200,Chennai,Chennai port trust,4,29-06-2003
3201,Chennai,Chennai port trust,4,29-06-2003
3202,Chennai,Chennai port trust,12,01-07-2003
3203,Chennai,Chennai port trust,12,01-07-2003
3204,Chennai,Chennai nungambakkam,3.3,01-07-2003
3205,Chennai,Chennai nungambakkam,3.3,01-07-2003
3206,Chennai,Chennai nungambakkam,21.1,02-07-2003
3207,Chennai,Chennai nungambakkam,21.1,02-07-2003
3208,Chennai,Chennai port trust,11,02-07-2003
3209,Chennai,Chennai port trust,11,02-07-2003
3210,Chennai,Chennai nungambakkam,1,05-07-2003
3211,Chennai,Chennai nungambakkam,1,05-07-2003
3212,Chennai,Chennai nungambakkam,1,09-07-2003
3213,Chennai,Chennai nungambakkam,1,09-07-2003
3214,Chennai,Chennai nungambakkam,1.4,10-07-2003
3215,Chennai,Chennai nungambakkam,1.4,10-07-2003
3216,Chennai,Chennai nungambakkam,19.3,11-07-2003
3217,Chennai,Chennai nungambakkam,19.3,11-07-2003
3218,Chennai,Chennai port trust,17,11-07-2003
3219,Chennai,Chennai port trust,17,11-07-2003
3220,Chennai,Chennai nungambakkam,2.6,12-07-2003
3221,Chennai,Chennai nungambakkam,2.6,12-07-2003
3222,Chennai,Chennai port trust,2,12-07-2003
3223,Chennai,Chennai port trust,2,12-07-2003
3224,Chennai,Chennai nungambakkam,2.4,14-07-2003
3225,Chennai,Chennai nungambakkam,2.4,14-07-2003
3226,Chennai,Chennai port trust,2,14-07-2003
3227,Chennai,Chennai port trust,2,14-07-2003
3228,Chennai,Chennai port trust,12,20-07-2003
3229,Chennai,Chennai port trust,12,20-07-2003
3230,Chennai,Chennai nungambakkam,8.8,20-07-2003
3231,Chennai,Chennai nungambakkam,8.8,20-07-2003
3232,Chennai,Chennai nungambakkam,12,21-07-2003
3233,Chennai,Chennai nungambakkam,12,21-07-2003
3234,Chennai,Chennai port trust,5,21-07-2003
3235,Chennai,Chennai port trust,5,21-07-2003
3236,Chennai,Chennai port trust,2,22-07-2003
3237,Chennai,Chennai port trust,2,22-07-2003
3238,Chennai,Chennai nungambakkam,1.9,22-07-2003
3239,Chennai,Chennai nungambakkam,1.9,22-07-2003
3240,Chennai,Chennai nungambakkam,0.1,23-07-2003
3241,Chennai,Chennai nungambakkam,0.1,23-07-2003
3242,Chennai,Chennai nungambakkam,16.1,24-07-2003
3243,Chennai,Chennai nungambakkam,16.1,24-07-2003
3244,Chennai,Chennai port trust,10,24-07-2003
3245,Chennai,Chennai port trust,10,24-07-2003
3246,Chennai,Chennai nungambakkam,3.3,30-07-2003
3247,Chennai,Chennai nungambakkam,3.3,30-07-2003
3248,Chennai,Chennai port trust,7,31-07-2003
3249,Chennai,Chennai port trust,7,31-07-2003
3250,Chennai,Chennai nungambakkam,6.3,31-07-2003
3251,Chennai,Chennai nungambakkam,6.3,31-07-2003
3252,Chennai,Chennai port trust,16,03-08-2003
3253,Chennai,Chennai port trust,16,03-08-2003
3254,Chennai,Chennai nungambakkam,9.9,03-08-2003
3255,Chennai,Chennai nungambakkam,9.9,03-08-2003
3256,Chennai,Chennai nungambakkam,28,04-08-2003
3257,Chennai,Chennai nungambakkam,28,04-08-2003
3258,Chennai,Chennai port trust,4,04-08-2003
3259,Chennai,Chennai port trust,4,04-08-2003
3260,Chennai,Chennai port trust,3,05-08-2003
3261,Chennai,Chennai port trust,3,05-08-2003
3262,Chennai,Chennai nungambakkam,3,05-08-2003
3263,Chennai,Chennai nungambakkam,3,05-08-2003
3264,Chennai,Chennai nungambakkam,3.5,07-08-2003
3265,Chennai,Chennai nungambakkam,3.5,07-08-2003
3266,Chennai,Chennai nungambakkam,1.2,10-08-2003
3267,Chennai,Chennai nungambakkam,1.2,10-08-2003
3268,Chennai,Chennai nungambakkam,37.7,12-08-2003
3269,Chennai,Chennai nungambakkam,37.7,12-08-2003
3270,Chennai,Chennai port trust,24,12-08-2003
3271,Chennai,Chennai port trust,24,12-08-2003
3272,Chennai,Chennai port trust,2,14-08-2003
3273,Chennai,Chennai port trust,2,14-08-2003
3274,Chennai,Chennai nungambakkam,1.2,14-08-2003
3275,Chennai,Chennai nungambakkam,1.2,14-08-2003
3276,Chennai,Chennai nungambakkam,0.4,15-08-2003
3277,Chennai,Chennai nungambakkam,0.4,15-08-2003
3278,Chennai,Chennai nungambakkam,0.4,17-08-2003
3279,Chennai,Chennai nungambakkam,0.4,17-08-2003
3280,Chennai,Chennai nungambakkam,0.1,19-08-2003
3281,Chennai,Chennai nungambakkam,0.1,19-08-2003
3282,Chennai,Chennai nungambakkam,0.2,20-08-2003
3283,Chennai,Chennai nungambakkam,0.2,20-08-2003
3284,Chennai,Chennai nungambakkam,0.6,21-08-2003
3285,Chennai,Chennai nungambakkam,0.6,21-08-2003
3286,Chennai,Chennai nungambakkam,5.2,22-08-2003
3287,Chennai,Chennai nungambakkam,5.2,22-08-2003
3288,Chennai,Chennai port trust,4,23-08-2003
3289,Chennai,Chennai port trust,4,23-08-2003
3290,Chennai,Chennai nungambakkam,1.7,23-08-2003
3291,Chennai,Chennai nungambakkam,1.7,23-08-2003
3292,Chennai,Chennai nungambakkam,47.5,25-08-2003
3293,Chennai,Chennai nungambakkam,47.5,25-08-2003
3294,Chennai,Chennai port trust,25,25-08-2003
3295,Chennai,Chennai port trust,25,25-08-2003
3296,Chennai,Chennai nungambakkam,0.5,26-08-2003
3297,Chennai,Chennai nungambakkam,0.5,26-08-2003
3298,Chennai,Chennai nungambakkam,1,27-08-2003
3299,Chennai,Chennai nungambakkam,1,27-08-2003
3300,Chennai,Chennai nungambakkam,32.2,04-09-2003
3301,Chennai,Chennai nungambakkam,32.2,04-09-2003
3302,Chennai,Chennai port trust,25,04-09-2003
3303,Chennai,Chennai port trust,25,04-09-2003
3304,Chennai,Chennai nungambakkam,3.4,08-09-2003
3305,Chennai,Chennai nungambakkam,3.4,08-09-2003
3306,Chennai,Chennai port trust,15,17-09-2003
3307,Chennai,Chennai port trust,15,17-09-2003
3308,Chennai,Chennai nungambakkam,12.7,17-09-2003
3309,Chennai,Chennai nungambakkam,12.7,17-09-2003
3310,Chennai,Chennai nungambakkam,0.2,18-09-2003
3311,Chennai,Chennai nungambakkam,0.2,18-09-2003
3312,Chennai,Chennai nungambakkam,0.3,23-09-2003
3313,Chennai,Chennai nungambakkam,0.3,23-09-2003
3314,Chennai,Chennai nungambakkam,0.1,24-09-2003
3315,Chennai,Chennai nungambakkam,0.1,24-09-2003
3316,Chennai,Chennai nungambakkam,0.5,25-09-2003
3317,Chennai,Chennai nungambakkam,0.5,25-09-2003
3318,Chennai,Chennai nungambakkam,105.1,26-09-2003
3319,Chennai,Chennai nungambakkam,105.1,26-09-2003
3320,Chennai,Chennai port trust,70,26-09-2003
3321,Chennai,Chennai port trust,70,26-09-2003
3322,Chennai,Chennai nungambakkam,0.1,28-09-2003
3323,Chennai,Chennai nungambakkam,0.1,28-09-2003
3324,Chennai,Chennai nungambakkam,0.5,29-09-2003
3325,Chennai,Chennai nungambakkam,0.5,29-09-2003
3326,Chennai,Chennai nungambakkam,2.8,05-10-2003
3327,Chennai,Chennai nungambakkam,2.8,05-10-2003
3328,Chennai,Chennai nungambakkam,1,06-10-2003
3329,Chennai,Chennai nungambakkam,1,06-10-2003
3330,Chennai,Chennai port trust,3,09-10-2003
3331,Chennai,Chennai port trust,3,09-10-2003
3332,Chennai,Chennai nungambakkam,0.5,09-10-2003
3333,Chennai,Chennai nungambakkam,0.5,09-10-2003
3334,Chennai,Chennai nungambakkam,16.6,15-10-2003
3335,Chennai,Chennai nungambakkam,16.6,15-10-2003
3336,Chennai,Chennai nungambakkam,0.6,19-10-2003
3337,Chennai,Chennai nungambakkam,0.6,19-10-2003
3338,Chennai,Chennai port trust,56,20-10-2003
3339,Chennai,Chennai port trust,56,20-10-2003
3340,Chennai,Chennai nungambakkam,51.2,20-10-2003
3341,Chennai,Chennai nungambakkam,51.2,20-10-2003
3342,Chennai,Chennai nungambakkam,13.3,21-10-2003
3343,Chennai,Chennai nungambakkam,13.3,21-10-2003
3344,Chennai,Chennai port trust,3,21-10-2003
3345,Chennai,Chennai port trust,3,21-10-2003
3346,Chennai,Chennai port trust,42,22-10-2003
3347,Chennai,Chennai port trust,42,22-10-2003
3348,Chennai,Chennai nungambakkam,35.6,22-10-2003
3349,Chennai,Chennai nungambakkam,35.6,22-10-2003
3350,Chennai,Chennai nungambakkam,14.6,23-10-2003
3351,Chennai,Chennai nungambakkam,14.6,23-10-2003
3352,Chennai,Chennai port trust,12,23-10-2003
3353,Chennai,Chennai port trust,12,23-10-2003
3354,Chennai,Chennai nungambakkam,8,24-10-2003
3355,Chennai,Chennai nungambakkam,8,24-10-2003
3356,Chennai,Chennai port trust,4.6,24-10-2003
3357,Chennai,Chennai port trust,4.6,24-10-2003
3358,Chennai,Chennai nungambakkam,4.8,30-10-2003
3359,Chennai,Chennai nungambakkam,4.8,30-10-2003
3360,Chennai,Chennai port trust,3,30-10-2003
3361,Chennai,Chennai port trust,3,30-10-2003
3362,Chennai,Chennai nungambakkam,11.6,03-11-2003
3363,Chennai,Chennai nungambakkam,11.6,03-11-2003
3364,Chennai,Chennai port trust,7,03-11-2003
3365,Chennai,Chennai port trust,7,03-11-2003
3366,Chennai,Chennai nungambakkam,2.8,04-11-2003
3367,Chennai,Chennai nungambakkam,2.8,04-11-2003
3368,Chennai,Chennai port trust,3,05-11-2003
3369,Chennai,Chennai port trust,3,05-11-2003
3370,Chennai,Chennai nungambakkam,1.5,05-11-2003
3371,Chennai,Chennai nungambakkam,1.5,05-11-2003
3372,Chennai,Chennai port trust,1,06-11-2003
3373,Chennai,Chennai port trust,1,06-11-2003
3374,Chennai,Chennai nungambakkam,8.6,07-11-2003
3375,Chennai,Chennai nungambakkam,8.6,07-11-2003
3376,Chennai,Chennai port trust,6.5,07-11-2003
3377,Chennai,Chennai port trust,6.5,07-11-2003
3378,Chennai,Chennai port trust,14,08-11-2003
3379,Chennai,Chennai port trust,14,08-11-2003
3380,Chennai,Chennai nungambakkam,9.6,08-11-2003
3381,Chennai,Chennai nungambakkam,9.6,08-11-2003
3382,Chennai,Chennai port trust,4,09-11-2003
3383,Chennai,Chennai port trust,4,09-11-2003
3384,Chennai,Chennai nungambakkam,1.4,09-11-2003
3385,Chennai,Chennai nungambakkam,1.4,09-11-2003
3386,Chennai,Chennai nungambakkam,17.4,10-11-2003
3387,Chennai,Chennai nungambakkam,17.4,10-11-2003
3388,Chennai,Chennai port trust,10,10-11-2003
3389,Chennai,Chennai port trust,10,10-11-2003
3390,Chennai,Chennai nungambakkam,0.2,12-11-2003
3391,Chennai,Chennai nungambakkam,0.2,12-11-2003
3392,Chennai,Chennai nungambakkam,0.3,13-11-2003
3393,Chennai,Chennai nungambakkam,0.3,13-11-2003
3394,Chennai,Chennai nungambakkam,16.2,14-11-2003
3395,Chennai,Chennai nungambakkam,16.2,14-11-2003
3396,Chennai,Chennai port trust,6.5,14-11-2003
3397,Chennai,Chennai port trust,6.5,14-11-2003
3398,Chennai,Chennai port trust,9.5,22-11-2003
3399,Chennai,Chennai port trust,9.5,22-11-2003
3400,Chennai,Chennai nungambakkam,8,22-11-2003
3401,Chennai,Chennai nungambakkam,8,22-11-2003
3402,Chennai,Chennai nungambakkam,7.4,29-11-2003
3403,Chennai,Chennai nungambakkam,7.4,29-11-2003
3404,Chennai,Chennai port trust,6,29-11-2003
3405,Chennai,Chennai port trust,6,29-11-2003
3406,Chennai,Chennai nungambakkam,1.5,12-12-2003
3407,Chennai,Chennai nungambakkam,1.5,12-12-2003
3408,Chennai,Chennai nungambakkam,22.5,15-12-2003
3409,Chennai,Chennai nungambakkam,22.5,15-12-2003
3410,Chennai,Chennai port trust,18,15-12-2003
3411,Chennai,Chennai port trust,18,15-12-2003
3412,Chennai,Chennai nungambakkam,1.4,16-12-2003
3413,Chennai,Chennai nungambakkam,1.4,16-12-2003
3414,Chennai,Chennai port trust,4,23-12-2003
3415,Chennai,Chennai port trust,4,23-12-2003
3416,Chennai,Chennai nungambakkam,3.4,23-12-2003
3417,Chennai,Chennai nungambakkam,3.4,23-12-2003
3418,Chennai,Chennai port trust,50,24-12-2003
3419,Chennai,Chennai port trust,50,24-12-2003
3420,Chennai,Chennai nungambakkam,40.6,24-12-2003
3421,Chennai,Chennai nungambakkam,40.6,24-12-2003
3422,Chennai,Chennai port trust,16,25-12-2003
3423,Chennai,Chennai port trust,16,25-12-2003
3424,Chennai,Chennai nungambakkam,8,25-12-2003
3425,Chennai,Chennai nungambakkam,8,25-12-2003
3426,Chennai,Chennai nungambakkam,1.6,06-01-2004
3427,Chennai,Chennai nungambakkam,1.6,06-01-2004
3428,Chennai,Chennai nungambakkam,27.9,27-01-2004
3429,Chennai,Chennai nungambakkam,27.9,27-01-2004
3430,Chennai,Chennai port trust,15,27-01-2004
3431,Chennai,Chennai port trust,15,27-01-2004
3432,Chennai,Chennai nungambakkam,22,28-01-2004
3433,Chennai,Chennai nungambakkam,22,28-01-2004
3434,Chennai,Chennai port trust,6,28-01-2004
3435,Chennai,Chennai port trust,6,28-01-2004
3436,Chennai,Chennai nungambakkam,0.2,29-03-2004
3437,Chennai,Chennai nungambakkam,0.2,29-03-2004
3438,Chennai,Chennai nungambakkam,2.4,07-04-2004
3439,Chennai,Chennai nungambakkam,2.4,07-04-2004
3440,Chennai,Chennai port trust,18,03-05-2004
3441,Chennai,Chennai port trust,18,03-05-2004
3442,Chennai,Chennai nungambakkam,17.1,03-05-2004
3443,Chennai,Chennai nungambakkam,17.1,03-05-2004
3444,Chennai,Chennai nungambakkam,69.3,04-05-2004
3445,Chennai,Chennai nungambakkam,69.3,04-05-2004
3446,Chennai,Chennai port trust,28,04-05-2004
3447,Chennai,Chennai port trust,28,04-05-2004
3448,Chennai,Chennai nungambakkam,25.8,05-05-2004
3449,Chennai,Chennai nungambakkam,25.8,05-05-2004
3450,Chennai,Chennai port trust,18,05-05-2004
3451,Chennai,Chennai port trust,18,05-05-2004
3452,Chennai,Chennai nungambakkam,31.9,06-05-2004
3453,Chennai,Chennai nungambakkam,31.9,06-05-2004
3454,Chennai,Chennai port trust,28,06-05-2004
3455,Chennai,Chennai port trust,28,06-05-2004
3456,Chennai,Chennai port trust,4,07-05-2004
3457,Chennai,Chennai port trust,4,07-05-2004
3458,Chennai,Chennai nungambakkam,3.3,07-05-2004
3459,Chennai,Chennai nungambakkam,3.3,07-05-2004
3460,Chennai,Chennai nungambakkam,5.4,08-05-2004
3461,Chennai,Chennai nungambakkam,5.4,08-05-2004
3462,Chennai,Chennai nungambakkam,42.2,17-05-2004
3463,Chennai,Chennai nungambakkam,42.2,17-05-2004
3464,Chennai,Chennai port trust,38,17-05-2004
3465,Chennai,Chennai port trust,38,17-05-2004
3466,Chennai,Chennai nungambakkam,7,18-05-2004
3467,Chennai,Chennai nungambakkam,7,18-05-2004
3468,Chennai,Chennai port trust,2,18-05-2004
3469,Chennai,Chennai port trust,2,18-05-2004
3470,Chennai,Chennai nungambakkam,1,23-05-2004
3471,Chennai,Chennai nungambakkam,1,23-05-2004
3472,Chennai,Chennai nungambakkam,7.6,24-05-2004
3473,Chennai,Chennai nungambakkam,7.6,24-05-2004
3474,Chennai,Chennai port trust,7,24-05-2004
3475,Chennai,Chennai port trust,7,24-05-2004
3476,Chennai,Chennai nungambakkam,0.4,05-06-2004
3477,Chennai,Chennai nungambakkam,0.4,05-06-2004
3478,Chennai,Chennai nungambakkam,1.4,09-06-2004
3479,Chennai,Chennai nungambakkam,1.4,09-06-2004
3480,Chennai,Chennai nungambakkam,3.2,10-06-2004
3481,Chennai,Chennai nungambakkam,3.2,10-06-2004
3482,Chennai,Chennai nungambakkam,13.3,11-06-2004
3483,Chennai,Chennai nungambakkam,13.3,11-06-2004
3484,Chennai,Chennai nungambakkam,0.3,22-06-2004
3485,Chennai,Chennai nungambakkam,0.3,22-06-2004
3486,Chennai,Chennai nungambakkam,3.2,28-06-2004
3487,Chennai,Chennai nungambakkam,3.2,28-06-2004
3488,Chennai,Chennai nungambakkam,7,29-06-2004
3489,Chennai,Chennai nungambakkam,7,29-06-2004
3490,Chennai,Chennai nungambakkam,0.5,01-07-2004
3491,Chennai,Chennai nungambakkam,0.5,01-07-2004
3492,Chennai,Chennai nungambakkam,6.4,03-07-2004
3493,Chennai,Chennai nungambakkam,6.4,03-07-2004
3494,Chennai,Chennai nungambakkam,5.8,12-07-2004
3495,Chennai,Chennai nungambakkam,5.8,12-07-2004
3496,Chennai,Chennai nungambakkam,1.1,13-07-2004
3497,Chennai,Chennai nungambakkam,1.1,13-07-2004
3498,Chennai,Chennai nungambakkam,0.4,23-07-2004
3499,Chennai,Chennai nungambakkam,0.4,23-07-2004
3500,Chennai,Chennai nungambakkam,13.6,26-07-2004
3501,Chennai,Chennai nungambakkam,13.6,26-07-2004
3502,Chennai,Chennai nungambakkam,3.6,29-07-2004
3503,Chennai,Chennai nungambakkam,3.6,29-07-2004
3504,Chennai,Chennai nungambakkam,17.6,30-07-2004
3505,Chennai,Chennai nungambakkam,17.6,30-07-2004
3506,Chennai,Chennai nungambakkam,1.6,31-07-2004
3507,Chennai,Chennai nungambakkam,1.6,31-07-2004
3508,Chennai,Chennai nungambakkam,3,04-08-2004
3509,Chennai,Chennai nungambakkam,3,04-08-2004
3510,Chennai,Chennai nungambakkam,1.8,06-08-2004
3511,Chennai,Chennai nungambakkam,1.8,06-08-2004
3512,Chennai,Chennai nungambakkam,1.7,09-08-2004
3513,Chennai,Chennai nungambakkam,1.7,09-08-2004
3514,Chennai,Chennai nungambakkam,2.1,13-08-2004
3515,Chennai,Chennai nungambakkam,2.1,13-08-2004
3516,Chennai,Chennai nungambakkam,3,16-08-2004
3517,Chennai,Chennai nungambakkam,3,16-08-2004
3518,Chennai,Chennai nungambakkam,0.7,17-08-2004
3519,Chennai,Chennai nungambakkam,0.7,17-08-2004
3520,Chennai,Chennai nungambakkam,1,23-08-2004
3521,Chennai,Chennai nungambakkam,1,23-08-2004
3522,Chennai,Chennai nungambakkam,1.2,24-08-2004
3523,Chennai,Chennai nungambakkam,1.2,24-08-2004
3524,Chennai,Chennai nungambakkam,31.2,28-08-2004
3525,Chennai,Chennai nungambakkam,31.2,28-08-2004
3526,Chennai,Chennai nungambakkam,1.4,31-08-2004
3527,Chennai,Chennai nungambakkam,1.4,31-08-2004
3528,Chennai,Chennai nungambakkam,0.7,05-09-2004
3529,Chennai,Chennai nungambakkam,0.7,05-09-2004
3530,Chennai,Chennai nungambakkam,13.3,06-09-2004
3531,Chennai,Chennai nungambakkam,13.3,06-09-2004
3532,Chennai,Chennai nungambakkam,0.7,08-09-2004
3533,Chennai,Chennai nungambakkam,0.7,08-09-2004
3534,Chennai,Chennai nungambakkam,32.2,10-09-2004
3535,Chennai,Chennai nungambakkam,32.2,10-09-2004
3536,Chennai,Chennai nungambakkam,0.8,11-09-2004
3537,Chennai,Chennai nungambakkam,0.8,11-09-2004
3538,Chennai,Chennai nungambakkam,0.5,14-09-2004
3539,Chennai,Chennai nungambakkam,0.5,14-09-2004
3540,Chennai,Chennai nungambakkam,2,16-09-2004
3541,Chennai,Chennai nungambakkam,2,16-09-2004
3542,Chennai,Chennai nungambakkam,9,17-09-2004
3543,Chennai,Chennai nungambakkam,9,17-09-2004
3544,Chennai,Chennai nungambakkam,74.2,20-09-2004
3545,Chennai,Chennai nungambakkam,74.2,20-09-2004
3546,Chennai,Chennai nungambakkam,28,21-09-2004
3547,Chennai,Chennai nungambakkam,28,21-09-2004
3548,Chennai,Chennai nungambakkam,23.3,24-09-2004
3549,Chennai,Chennai nungambakkam,23.3,24-09-2004
3550,Chennai,Chennai nungambakkam,0.8,25-09-2004
3551,Chennai,Chennai nungambakkam,0.8,25-09-2004
3552,Chennai,Chennai nungambakkam,13.8,27-09-2004
3553,Chennai,Chennai nungambakkam,13.8,27-09-2004
3554,Chennai,Chennai nungambakkam,17.7,28-09-2004
3555,Chennai,Chennai nungambakkam,17.7,28-09-2004
3556,Chennai,Chennai nungambakkam,12,29-09-2004
3557,Chennai,Chennai nungambakkam,12,29-09-2004
3558,Chennai,Chennai port trust,89.7,30-09-2004
3559,Chennai,MYLAPORE-TRIPLICANE TALUK,51.2,30-09-2004
3560,Chennai,DGP Office,45.6,30-09-2004
3561,Chennai,Chennai nungambakkam,17.5,30-09-2004
3562,Chennai,Chennai nungambakkam,17.5,30-09-2004
3563,Chennai,Anna university,10.2,30-09-2004
3564,Chennai,Chennai AP,5.4,30-09-2004
3565,Chennai,Ambathur,8,01-10-2004
3566,Chennai,Pachaiyappa college,5,01-10-2004
3567,Chennai,Chennai AP,2.2,01-10-2004
3568,Chennai,Chennai nungambakkam,0.7,01-10-2004
3569,Chennai,Chennai nungambakkam,28.57,02-10-2004
3570,Chennai,Pachaiyappa college,26.9,02-10-2004
3571,Chennai,MYLAPORE-TRIPLICANE TALUK,24.5,02-10-2004
3572,Chennai,DGP Office,24.2,02-10-2004
3573,Chennai,Chennai AP,19.25,02-10-2004
3574,Chennai,Anna university,16.4,02-10-2004
3575,Chennai,Chennai port trust,9,02-10-2004
3576,Chennai,Govt. arts college,8.5,02-10-2004
3577,Chennai,Chennai nungambakkam,0.7,02-10-2004
3578,Chennai,Chennai nungambakkam,0.7,02-10-2004
3579,Chennai,Chennai nungambakkam,28.7,03-10-2004
3580,Chennai,Chennai nungambakkam,28.7,03-10-2004
3581,Chennai,Ambathur,4,03-10-2004
3582,Chennai,Ambathur,3,04-10-2004
3583,Chennai,Ambathur,11,10-10-2004
3584,Chennai,Chennai AP,0.6,10-10-2004
3585,Chennai,Chennai AP,0.6,11-10-2004
3586,Chennai,Chennai AP,27.4,13-10-2004
3587,Chennai,Ambathur,2,13-10-2004
3588,Chennai,Chennai AP,31.8,14-10-2004
3589,Chennai,Pachaiyappa college,31.4,14-10-2004
3590,Chennai,DGP Office,5.6,14-10-2004
3591,Chennai,Chennai nungambakkam,5.2,14-10-2004
3592,Chennai,Chennai nungambakkam,5.2,14-10-2004
3593,Chennai,Chennai nungambakkam,5.2,14-10-2004
3594,Chennai,Ambathur,3,14-10-2004
3595,Chennai,DGP Office,45,15-10-2004
3596,Chennai,Chennai port trust,34,15-10-2004
3597,Chennai,Chennai AP,11,15-10-2004
3598,Chennai,Chennai nungambakkam,0.1,16-10-2004
3599,Chennai,Chennai nungambakkam,0.1,16-10-2004
3600,Chennai,Chennai nungambakkam,0.1,16-10-2004
3601,Chennai,Ambathur,15,17-10-2004
3602,Chennai,DGP Office,9.6,17-10-2004
3603,Chennai,MYLAPORE-TRIPLICANE TALUK,9.2,17-10-2004
3604,Chennai,Chennai nungambakkam,7.4,17-10-2004
3605,Chennai,Chennai nungambakkam,7.4,17-10-2004
3606,Chennai,Chennai nungambakkam,7.4,17-10-2004
3607,Chennai,Pachaiyappa college,4.6,17-10-2004
3608,Chennai,Chennai AP,0.4,17-10-2004
3609,Chennai,Ambathur,32,18-10-2004
3610,Chennai,Pachaiyappa college,22.4,18-10-2004
3611,Chennai,Chennai AP,21.4,18-10-2004
3612,Chennai,Anna university,15.2,18-10-2004
3613,Chennai,DGP Office,14.8,18-10-2004
3614,Chennai,MYLAPORE-TRIPLICANE TALUK,12.5,18-10-2004
3615,Chennai,Chennai nungambakkam,10.2,18-10-2004
3616,Chennai,Chennai nungambakkam,10.2,18-10-2004
3617,Chennai,Chennai nungambakkam,10.2,18-10-2004
3618,Chennai,Govt. arts college,0.1,18-10-2004
3619,Chennai,Pachaiyappa college,28.9,19-10-2004
3620,Chennai,Chennai AP,28,19-10-2004
3621,Chennai,Ambathur,24,19-10-2004
3622,Chennai,Chennai nungambakkam,23.8,19-10-2004
3623,Chennai,Chennai nungambakkam,23.8,19-10-2004
3624,Chennai,Chennai nungambakkam,23.8,19-10-2004
3625,Chennai,Chennai port trust,23,19-10-2004
3626,Chennai,Govt. arts college,22,19-10-2004
3627,Chennai,MYLAPORE-TRIPLICANE TALUK,20.8,19-10-2004
3628,Chennai,DGP Office,20.4,19-10-2004
3629,Chennai,Anna university,20.2,19-10-2004
3630,Chennai,Anna university,18.1,20-10-2004
3631,Chennai,Chennai AP,16.2,20-10-2004
3632,Chennai,Pachaiyappa college,5,20-10-2004
3633,Chennai,MYLAPORE-TRIPLICANE TALUK,5,20-10-2004
3634,Chennai,Govt. arts college,4,20-10-2004
3635,Chennai,DGP Office,3.6,20-10-2004
3636,Chennai,Chennai nungambakkam,3.4,20-10-2004
3637,Chennai,Chennai nungambakkam,3.4,20-10-2004
3638,Chennai,Chennai nungambakkam,3.4,20-10-2004
3639,Chennai,Ambathur,3,20-10-2004
3640,Chennai,Chennai port trust,2,20-10-2004
3641,Chennai,Ambathur,5,21-10-2004
3642,Chennai,Anna university,4.2,21-10-2004
3643,Chennai,Chennai AP,3.8,21-10-2004
3644,Chennai,MYLAPORE-TRIPLICANE TALUK,3.5,21-10-2004
3645,Chennai,Chennai nungambakkam,2.8,21-10-2004
3646,Chennai,Chennai nungambakkam,2.8,21-10-2004
3647,Chennai,Chennai nungambakkam,2.8,21-10-2004
3648,Chennai,Govt. arts college,2,21-10-2004
3649,Chennai,Chennai port trust,2,21-10-2004
3650,Chennai,Pachaiyappa college,0.4,21-10-2004
3651,Chennai,Chennai AP,7.6,22-10-2004
3652,Chennai,Ambathur,3,22-10-2004
3653,Chennai,Anna university,1.5,22-10-2004
3654,Chennai,Ambathur,13,23-10-2004
3655,Chennai,Pachaiyappa college,12.8,23-10-2004
3656,Chennai,Chennai AP,11,23-10-2004
3657,Chennai,Govt. arts college,10,23-10-2004
3658,Chennai,Anna university,9.1,23-10-2004
3659,Chennai,DGP Office,8.6,23-10-2004
3660,Chennai,MYLAPORE-TRIPLICANE TALUK,8.2,23-10-2004
3661,Chennai,Chennai nungambakkam,7.8,23-10-2004
3662,Chennai,Chennai nungambakkam,7.8,23-10-2004
3663,Chennai,Chennai nungambakkam,5.2,23-10-2004
3664,Chennai,Chennai port trust,5,23-10-2004
3665,Chennai,Govt. arts college,57,24-10-2004
3666,Chennai,Chennai port trust,38,24-10-2004
3667,Chennai,Pachaiyappa college,30.2,24-10-2004
3668,Chennai,Chennai nungambakkam,27.4,24-10-2004
3669,Chennai,Chennai nungambakkam,27.4,24-10-2004
3670,Chennai,Chennai nungambakkam,27.4,24-10-2004
3671,Chennai,Anna university,26.6,24-10-2004
3672,Chennai,DGP Office,25.8,24-10-2004
3673,Chennai,Ambathur,25,24-10-2004
3674,Chennai,MYLAPORE-TRIPLICANE TALUK,20,24-10-2004
3675,Chennai,Chennai AP,6,24-10-2004
3676,Chennai,Chennai AP,29,25-10-2004
3677,Chennai,Anna university,19.2,25-10-2004
3678,Chennai,MYLAPORE-TRIPLICANE TALUK,9,25-10-2004
3679,Chennai,DGP Office,8.8,25-10-2004
3680,Chennai,Pachaiyappa college,4.1,25-10-2004
3681,Chennai,Ambathur,2,25-10-2004
3682,Chennai,Govt. arts college,2,25-10-2004
3683,Chennai,Chennai nungambakkam,1.7,25-10-2004
3684,Chennai,Chennai nungambakkam,1.7,25-10-2004
3685,Chennai,Chennai nungambakkam,1.7,25-10-2004
3686,Chennai,Chennai port trust,1.6,25-10-2004
3687,Chennai,DGP Office,4.6,26-10-2004
3688,Chennai,MYLAPORE-TRIPLICANE TALUK,3.8,26-10-2004
3689,Chennai,Chennai port trust,2.5,26-10-2004
3690,Chennai,Anna university,2.3,26-10-2004
3691,Chennai,Govt. arts college,2,26-10-2004
3692,Chennai,Chennai nungambakkam,1.1,26-10-2004
3693,Chennai,Chennai nungambakkam,1.1,26-10-2004
3694,Chennai,Chennai nungambakkam,1.1,26-10-2004
3695,Chennai,Ambathur,1,26-10-2004
3696,Chennai,Chennai AP,0.8,26-10-2004
3697,Chennai,Pachaiyappa college,0.7,26-10-2004
3698,Chennai,Govt. arts college,10,27-10-2004
3699,Chennai,Chennai port trust,9.8,27-10-2004
3700,Chennai,Ambathur,9,27-10-2004
3701,Chennai,Pachaiyappa college,8.9,27-10-2004
3702,Chennai,Chennai nungambakkam,8.5,27-10-2004
3703,Chennai,Chennai nungambakkam,8.5,27-10-2004
3704,Chennai,Chennai nungambakkam,8.5,27-10-2004
3705,Chennai,Chennai AP,7.4,27-10-2004
3706,Chennai,Anna university,5.9,27-10-2004
3707,Chennai,MYLAPORE-TRIPLICANE TALUK,5,27-10-2004
3708,Chennai,DGP Office,4.3,27-10-2004
3709,Chennai,Chennai AP,41.6,28-10-2004
3710,Chennai,Anna university,20.2,28-10-2004
3711,Chennai,Chennai nungambakkam,14.2,28-10-2004
3712,Chennai,Chennai nungambakkam,14.2,28-10-2004
3713,Chennai,Chennai nungambakkam,14.2,28-10-2004
3714,Chennai,Pachaiyappa college,12.2,28-10-2004
3715,Chennai,Govt. arts college,8,28-10-2004
3716,Chennai,Ambathur,6,28-10-2004
3717,Chennai,MYLAPORE-TRIPLICANE TALUK,3.6,28-10-2004
3718,Chennai,Chennai port trust,3,28-10-2004
3719,Chennai,DGP Office,2.4,28-10-2004
3720,Chennai,MYLAPORE-TRIPLICANE TALUK,103.4,29-10-2004
3721,Chennai,DGP Office,97.2,29-10-2004
3722,Chennai,Chennai nungambakkam,67.3,29-10-2004
3723,Chennai,Chennai nungambakkam,67.3,29-10-2004
3724,Chennai,Chennai nungambakkam,67.3,29-10-2004
3725,Chennai,Govt. arts college,62,29-10-2004
3726,Chennai,Chennai AP,50.8,29-10-2004
3727,Chennai,Pachaiyappa college,50.5,29-10-2004
3728,Chennai,Anna university,49.4,29-10-2004
3729,Chennai,Chennai port trust,23,29-10-2004
3730,Chennai,Ambathur,21,29-10-2004
3731,Chennai,DGP Office,67.2,30-10-2004
3732,Chennai,Ambathur,67,30-10-2004
3733,Chennai,Pachaiyappa college,65.1,30-10-2004
3734,Chennai,Chennai nungambakkam,62.8,30-10-2004
3735,Chennai,Chennai nungambakkam,62.8,30-10-2004
3736,Chennai,Chennai nungambakkam,62.8,30-10-2004
3737,Chennai,Anna university,61,30-10-2004
3738,Chennai,Chennai AP,46.4,30-10-2004
3739,Chennai,MYLAPORE-TRIPLICANE TALUK,43,30-10-2004
3740,Chennai,Govt. arts college,39,30-10-2004
3741,Chennai,Chennai port trust,20,30-10-2004
3742,Chennai,Chennai AP,20.4,31-10-2004
3743,Chennai,Ambathur,17,31-10-2004
3744,Chennai,Chennai port trust,15.7,31-10-2004
3745,Chennai,Anna university,12.8,31-10-2004
3746,Chennai,DGP Office,12.6,31-10-2004
3747,Chennai,Chennai nungambakkam,12.2,31-10-2004
3748,Chennai,Chennai nungambakkam,12.2,31-10-2004
3749,Chennai,Chennai nungambakkam,12.2,31-10-2004
3750,Chennai,Govt. arts college,12,31-10-2004
3751,Chennai,MYLAPORE-TRIPLICANE TALUK,11,31-10-2004
3752,Chennai,Pachaiyappa college,7.6,31-10-2004
3753,Chennai,Chennai AP,6.2,01-11-2004
3754,Chennai,Ambathur,5,01-11-2004
3755,Chennai,MYLAPORE-TRIPLICANE TALUK,4,01-11-2004
3756,Chennai,Anna university,3.3,01-11-2004
3757,Chennai,Pachaiyappa college,2.5,01-11-2004
3758,Chennai,Chennai nungambakkam,1.4,01-11-2004
3759,Chennai,Chennai nungambakkam,1.4,01-11-2004
3760,Chennai,Chennai nungambakkam,1.4,01-11-2004
3761,Chennai,Govt. arts college,1,01-11-2004
3762,Chennai,Chennai port trust,1,01-11-2004
3763,Chennai,DGP Office,0.2,01-11-2004
3764,Chennai,MYLAPORE-TRIPLICANE TALUK,3,02-11-2004
3765,Chennai,Chennai port trust,3,02-11-2004
3766,Chennai,DGP Office,2.4,02-11-2004
3767,Chennai,Ambathur,1,02-11-2004
3768,Chennai,Pachaiyappa college,0.6,02-11-2004
3769,Chennai,Chennai nungambakkam,0.5,02-11-2004
3770,Chennai,Chennai nungambakkam,0.5,02-11-2004
3771,Chennai,Chennai nungambakkam,0.5,02-11-2004
3772,Chennai,Chennai AP,0.2,02-11-2004
3773,Chennai,Anna university,0.1,02-11-2004
3774,Chennai,Ambathur,2,03-11-2004
3775,Chennai,Pachaiyappa college,2,03-11-2004
3776,Chennai,Chennai AP,1,03-11-2004
3777,Chennai,Anna university,0.3,03-11-2004
3778,Chennai,Pachaiyappa college,2.33,04-11-2004
3779,Chennai,Chennai nungambakkam,0.7,04-11-2004
3780,Chennai,Chennai nungambakkam,0.7,04-11-2004
3781,Chennai,Chennai nungambakkam,0.7,04-11-2004
3782,Chennai,Chennai AP,0.4,04-11-2004
3783,Chennai,Chennai AP,1.6,05-11-2004
3784,Chennai,Pachaiyappa college,0.9,05-11-2004
3785,Chennai,Chennai nungambakkam,0.9,05-11-2004
3786,Chennai,Chennai nungambakkam,0.9,05-11-2004
3787,Chennai,Chennai nungambakkam,0.9,05-11-2004
3788,Chennai,MYLAPORE-TRIPLICANE TALUK,0.8,05-11-2004
3789,Chennai,DGP Office,0.4,05-11-2004
3790,Chennai,Ambathur,129,06-11-2004
3791,Chennai,Govt. arts college,104,06-11-2004
3792,Chennai,Chennai port trust,87,06-11-2004
3793,Chennai,Chennai nungambakkam,84.1,06-11-2004
3794,Chennai,Chennai nungambakkam,84.1,06-11-2004
3795,Chennai,Chennai nungambakkam,84.1,06-11-2004
3796,Chennai,Pachaiyappa college,77.4,06-11-2004
3797,Chennai,Chennai AP,75.8,06-11-2004
3798,Chennai,Anna university,73,06-11-2004
3799,Chennai,DGP Office,70.6,06-11-2004
3800,Chennai,MYLAPORE-TRIPLICANE TALUK,70.2,06-11-2004
3801,Chennai,Govt. arts college,73,07-11-2004
3802,Chennai,Pachaiyappa college,64.5,07-11-2004
3803,Chennai,Chennai nungambakkam,64.4,07-11-2004
3804,Chennai,Chennai nungambakkam,64.4,07-11-2004
3805,Chennai,Chennai nungambakkam,64.4,07-11-2004
3806,Chennai,Ambathur,62,07-11-2004
3807,Chennai,MYLAPORE-TRIPLICANE TALUK,60.2,07-11-2004
3808,Chennai,DGP Office,60,07-11-2004
3809,Chennai,Chennai AP,52,07-11-2004
3810,Chennai,Anna university,36.2,07-11-2004
3811,Chennai,Chennai port trust,35,07-11-2004
3812,Chennai,Govt. arts college,19,08-11-2004
3813,Chennai,Pachaiyappa college,15.9,08-11-2004
3814,Chennai,Chennai port trust,13,08-11-2004
3815,Chennai,Ambathur,12,08-11-2004
3816,Chennai,Chennai nungambakkam,11.8,08-11-2004
3817,Chennai,Chennai nungambakkam,11.8,08-11-2004
3818,Chennai,Chennai AP,11.8,08-11-2004
3819,Chennai,Chennai nungambakkam,8.8,08-11-2004
3820,Chennai,Anna university,8.1,08-11-2004
3821,Chennai,MYLAPORE-TRIPLICANE TALUK,6.2,08-11-2004
3822,Chennai,DGP Office,5.8,08-11-2004
3823,Chennai,Ambathur,7,09-11-2004
3824,Chennai,Anna university,4.2,09-11-2004
3825,Chennai,Govt. arts college,2,09-11-2004
3826,Chennai,Chennai port trust,2,09-11-2004
3827,Chennai,MYLAPORE-TRIPLICANE TALUK,1.2,09-11-2004
3828,Chennai,Chennai nungambakkam,0.4,09-11-2004
3829,Chennai,Pachaiyappa college,0.3,09-11-2004
3830,Chennai,DGP Office,0.2,09-11-2004
3831,Chennai,Chennai nungambakkam,14.6,10-11-2004
3832,Chennai,Chennai nungambakkam,14.6,10-11-2004
3833,Chennai,Chennai nungambakkam,14.6,10-11-2004
3834,Chennai,Pachaiyappa college,13.4,10-11-2004
3835,Chennai,Chennai AP,9.6,10-11-2004
3836,Chennai,Govt. arts college,7.6,10-11-2004
3837,Chennai,Anna university,6.9,10-11-2004
3838,Chennai,Chennai port trust,3,10-11-2004
3839,Chennai,MYLAPORE-TRIPLICANE TALUK,0.4,10-11-2004
3840,Chennai,DGP Office,0.3,10-11-2004
3841,Chennai,Govt. arts college,2.2,11-11-2004
3842,Chennai,Anna university,1.8,11-11-2004
3843,Chennai,Chennai port trust,1.5,11-11-2004
3844,Chennai,Chennai nungambakkam,1.1,11-11-2004
3845,Chennai,Chennai nungambakkam,1.1,11-11-2004
3846,Chennai,Chennai nungambakkam,1.1,11-11-2004
3847,Chennai,Pachaiyappa college,0.7,11-11-2004
3848,Chennai,Chennai AP,0.7,11-11-2004
3849,Chennai,Pachaiyappa college,24.1,12-11-2004
3850,Chennai,Govt. arts college,14,12-11-2004
3851,Chennai,Chennai nungambakkam,13.3,12-11-2004
3852,Chennai,Chennai nungambakkam,13.3,12-11-2004
3853,Chennai,Chennai nungambakkam,13.3,12-11-2004
3854,Chennai,Chennai AP,9.9,12-11-2004
3855,Chennai,Chennai port trust,8.5,12-11-2004
3856,Chennai,Anna university,5.9,12-11-2004
3857,Chennai,MYLAPORE-TRIPLICANE TALUK,4.6,12-11-2004
3858,Chennai,DGP Office,4.4,12-11-2004
3859,Chennai,Ambathur,1,12-11-2004
3860,Chennai,MYLAPORE-TRIPLICANE TALUK,86.1,13-11-2004
3861,Chennai,DGP Office,85.8,13-11-2004
3862,Chennai,Chennai nungambakkam,82.6,13-11-2004
3863,Chennai,Chennai nungambakkam,82.6,13-11-2004
3864,Chennai,Chennai nungambakkam,82.6,13-11-2004
3865,Chennai,Anna university,73.1,13-11-2004
3866,Chennai,Pachaiyappa college,71.2,13-11-2004
3867,Chennai,Ambathur,69,13-11-2004
3868,Chennai,Chennai AP,58.9,13-11-2004
3869,Chennai,Govt. arts college,40.2,13-11-2004
3870,Chennai,Chennai port trust,35,13-11-2004
3871,Chennai,Chennai nungambakkam,0.4,24-11-2004
3872,Chennai,Chennai nungambakkam,0.4,24-11-2004
3873,Chennai,Chennai nungambakkam,0.4,24-11-2004
3874,Chennai,Govt. arts college,18.4,26-11-2004
3875,Chennai,Chennai AP,6.8,26-11-2004
3876,Chennai,Pachaiyappa college,6.4,26-11-2004
3877,Chennai,Anna university,4.9,26-11-2004
3878,Chennai,Ambathur,3,26-11-2004
3879,Chennai,Chennai nungambakkam,0.7,26-11-2004
3880,Chennai,Chennai nungambakkam,0.7,26-11-2004
3881,Chennai,Chennai nungambakkam,0.7,26-11-2004
3882,Chennai,Ambathur,32,27-11-2004
3883,Chennai,Govt. arts college,14.6,27-11-2004
3884,Chennai,Chennai port trust,7,27-11-2004
3885,Chennai,Anna university,6.1,27-11-2004
3886,Chennai,Pachaiyappa college,4,27-11-2004
3887,Chennai,DGP Office,3.8,27-11-2004
3888,Chennai,Chennai nungambakkam,3.7,27-11-2004
3889,Chennai,Chennai nungambakkam,3.7,27-11-2004
3890,Chennai,Chennai nungambakkam,3.7,27-11-2004
3891,Chennai,MYLAPORE-TRIPLICANE TALUK,3.6,27-11-2004
3892,Chennai,Chennai AP,2.9,27-11-2004
3893,Chennai,Chennai AP,0.8,08-12-2004
3894,Chennai,Chennai nungambakkam,0.6,08-12-2004
3895,Chennai,Chennai nungambakkam,0.6,08-12-2004
3896,Chennai,Chennai nungambakkam,0.6,08-12-2004
3897,Chennai,Pachaiyappa college,0.2,08-12-2004
3898,Chennai,DGP Office,0.2,08-12-2004
3899,Chennai,MYLAPORE-TRIPLICANE TALUK,0.15,08-12-2004
3900,Chennai,Chennai AP,7.2,09-12-2004
3901,Chennai,Chennai nungambakkam,4.8,09-12-2004
3902,Chennai,Chennai nungambakkam,4.8,09-12-2004
3903,Chennai,Chennai nungambakkam,4.8,09-12-2004
3904,Chennai,DGP Office,2.5,09-12-2004
3905,Chennai,Ambathur,2,09-12-2004
3906,Chennai,MYLAPORE-TRIPLICANE TALUK,2,09-12-2004
3907,Chennai,Govt. arts college,2,09-12-2004
3908,Chennai,Chennai port trust,2,09-12-2004
3909,Chennai,Pachaiyappa college,0.2,09-12-2004
3910,Chennai,MYLAPORE-TRIPLICANE TALUK,2.5,13-12-2004
3911,Chennai,Chennai AP,2.2,13-12-2004
3912,Chennai,DGP Office,2,13-12-2004
3913,Chennai,Anna university,1,13-12-2004
3914,Chennai,Pachaiyappa college,0.9,13-12-2004
3915,Chennai,Chennai nungambakkam,0.9,13-12-2004
3916,Chennai,Chennai nungambakkam,0.9,13-12-2004
3917,Chennai,Chennai nungambakkam,0.9,13-12-2004
3918,Chennai,Chennai AP,4.4,14-12-2004
3919,Chennai,Chennai nungambakkam,0.4,14-12-2004
3920,Chennai,Chennai nungambakkam,0.4,14-12-2004
3921,Chennai,Chennai nungambakkam,0.4,14-12-2004
3922,Chennai,Pachaiyappa college,0.2,14-12-2004
3923,Chennai,DGP Office,0.1,14-12-2004
3924,Chennai,Pachaiyappa college,0.2,29-12-2004
3925,Chennai,Chennai AP,0.2,29-12-2004
3926,Chennai,Chennai nungambakkam,0.1,29-12-2004
3927,Chennai,Chennai nungambakkam,0.1,29-12-2004
3928,Chennai,Chennai nungambakkam,0.1,29-12-2004
3929,Chennai,Chennai AP,0.3,22-01-2005
3930,Chennai,Chennai nungambakkam,2,23-01-2005
3931,Chennai,Chennai AP,5.5,02-02-2005
3932,Chennai,Chennai nungambakkam,0.2,02-02-2005
3933,Chennai,Chennai nungambakkam,0.2,03-02-2005
3934,Chennai,Chennai nungambakkam,4.8,04-02-2005
3935,Chennai,Chennai AP,1.2,04-02-2005
3936,Chennai,Chennai AP,1.6,09-03-2005
3937,Chennai,Chennai AP,5.6,03-04-2005
3938,Chennai,Anna university,3.5,03-04-2005
3939,Chennai,DGP Office,0.3,03-04-2005
3940,Chennai,Pachaiyappa college,0.2,03-04-2005
3941,Chennai,Chennai nungambakkam,0.2,03-04-2005
3942,Chennai,MYLAPORE-TRIPLICANE TALUK,0.1,03-04-2005
3943,Chennai,Chennai AP,0.4,04-04-2005
3944,Chennai,Anna university,0.3,04-04-2005
3945,Chennai,MYLAPORE-TRIPLICANE TALUK,0.2,04-04-2005
3946,Chennai,DGP Office,0.1,04-04-2005
3947,Chennai,Chennai nungambakkam,0.1,04-04-2005
3948,Chennai,MYLAPORE-TRIPLICANE TALUK,40,05-04-2005
3949,Chennai,DGP Office,38.4,05-04-2005
3950,Chennai,Chennai AP,30.6,05-04-2005
3951,Chennai,Anna university,28.5,05-04-2005
3952,Chennai,Chennai nungambakkam,21.6,05-04-2005
3953,Chennai,Pachaiyappa college,16.4,05-04-2005
3954,Chennai,Govt. arts college,12,05-04-2005
3955,Chennai,Chennai port trust,8,05-04-2005
3956,Chennai,Ambathur,1,05-04-2005
3957,Chennai,Chennai AP,121.6,06-04-2005
3958,Chennai,Ambathur,77,06-04-2005
3959,Chennai,MYLAPORE-TRIPLICANE TALUK,62,06-04-2005
3960,Chennai,Pachaiyappa college,60.8,06-04-2005
3961,Chennai,Chennai nungambakkam,60.1,06-04-2005
3962,Chennai,DGP Office,58,06-04-2005
3963,Chennai,Chennai port trust,48,06-04-2005
3964,Chennai,Govt. arts college,42,06-04-2005
3965,Chennai,Anna university,25.5,06-04-2005
3966,Chennai,Chennai AP,2.1,07-04-2005
3967,Chennai,Anna university,1.4,07-04-2005
3968,Chennai,Pachaiyappa college,1.2,07-04-2005
3969,Chennai,Govt. arts college,1,07-04-2005
3970,Chennai,Chennai port trust,1,07-04-2005
3971,Chennai,Chennai nungambakkam,1,07-04-2005
3972,Chennai,Chennai AP,1.5,08-04-2005
3973,Chennai,DGP Office,2,11-04-2005
3974,Chennai,MYLAPORE-TRIPLICANE TALUK,1.8,11-04-2005
3975,Chennai,Ambathur,12.5,12-04-2005
3976,Chennai,Chennai AP,0.1,12-04-2005
3977,Chennai,Chennai AP,0.6,29-04-2005
3978,Chennai,Chennai nungambakkam,0.2,29-04-2005
3979,Chennai,Pachaiyappa college,0.8,30-04-2005
3980,Chennai,Anna university,2,01-05-2005
3981,Chennai,Chennai nungambakkam,0.1,01-05-2005
3982,Chennai,DGP Office,35.2,02-05-2005
3983,Chennai,MYLAPORE-TRIPLICANE TALUK,34.8,02-05-2005
3984,Chennai,Chennai AP,34,02-05-2005
3985,Chennai,Anna university,33.2,02-05-2005
3986,Chennai,Chennai nungambakkam,30.6,02-05-2005
3987,Chennai,Pachaiyappa college,25.1,02-05-2005
3988,Chennai,Chennai port trust,22,02-05-2005
3989,Chennai,Govt. arts college,21,02-05-2005
3990,Chennai,Ambathur,8,02-05-2005
3991,Chennai,Chennai AP,17.8,04-05-2005
3992,Chennai,Ambathur,14,04-05-2005
3993,Chennai,Chennai nungambakkam,0.2,04-05-2005
3994,Chennai,Ambathur,4,05-05-2005
3995,Chennai,Chennai AP,0.6,05-05-2005
3996,Chennai,Ambathur,32,09-06-2005
3997,Chennai,Chennai port trust,18,09-06-2005
3998,Chennai,Chennai nungambakkam,14.8,09-06-2005
3999,Chennai,Govt. arts college,14,09-06-2005
4000,Chennai,Pachaiyappa college,6.8,09-06-2005
4001,Chennai,Anna university,5,09-06-2005
4002,Chennai,Chennai AP,3.6,09-06-2005
4003,Chennai,DGP Office,3.2,09-06-2005
4004,Chennai,MYLAPORE-TRIPLICANE TALUK,3,09-06-2005
4005,Chennai,Chennai nungambakkam,11.4,21-06-2005
4006,Chennai,Ambathur,3,21-06-2005
4007,Chennai,Chennai AP,3,21-06-2005
4008,Chennai,Pachaiyappa college,2.4,21-06-2005
4009,Chennai,Chennai nungambakkam,0.1,22-06-2005
4010,Chennai,Chennai nungambakkam,4.3,23-06-2005
4011,Chennai,Anna university,2.7,23-06-2005
4012,Chennai,Pachaiyappa college,2.4,23-06-2005
4013,Chennai,Chennai AP,2.1,23-06-2005
4014,Chennai,Chennai AP,4.8,25-06-2005
4015,Chennai,Ambathur,1,25-06-2005
4016,Chennai,Pachaiyappa college,3.8,03-07-2005
4017,Chennai,Chennai nungambakkam,1,03-07-2005
4018,Chennai,Chennai AP,0.1,03-07-2005
4019,Chennai,Ambathur,7,06-07-2005
4020,Chennai,DGP Office,6,06-07-2005
4021,Chennai,MYLAPORE-TRIPLICANE TALUK,5.5,06-07-2005
4022,Chennai,Chennai AP,2.4,06-07-2005
4023,Chennai,Chennai nungambakkam,1.3,06-07-2005
4024,Chennai,Pachaiyappa college,0.6,06-07-2005
4025,Chennai,Chennai AP,0.1,07-07-2005
4026,Chennai,Chennai nungambakkam,4.5,08-07-2005
4027,Chennai,Pachaiyappa college,4.3,08-07-2005
4028,Chennai,DGP Office,3,09-07-2005
4029,Chennai,MYLAPORE-TRIPLICANE TALUK,2.8,09-07-2005
4030,Chennai,Chennai AP,1.4,09-07-2005
4031,Chennai,Pachaiyappa college,0.6,09-07-2005
4032,Chennai,Chennai nungambakkam,0.5,09-07-2005
4033,Chennai,Chennai nungambakkam,0.5,10-07-2005
4034,Chennai,Chennai AP,0.1,11-07-2005
4035,Chennai,Chennai nungambakkam,0.8,12-07-2005
4036,Chennai,Chennai AP,0.1,12-07-2005
4037,Chennai,Chennai nungambakkam,11.8,20-07-2005
4038,Chennai,Pachaiyappa college,6.1,20-07-2005
4039,Chennai,Ambathur,4,20-07-2005
4040,Chennai,DGP Office,60,21-07-2005
4041,Chennai,MYLAPORE-TRIPLICANE TALUK,58.5,21-07-2005
4042,Chennai,Chennai nungambakkam,56,21-07-2005
4043,Chennai,Chennai port trust,51,21-07-2005
4044,Chennai,Pachaiyappa college,49.8,21-07-2005
4045,Chennai,Govt. arts college,45,21-07-2005
4046,Chennai,Chennai AP,37.8,21-07-2005
4047,Chennai,Anna university,33.4,21-07-2005
4048,Chennai,Ambathur,16,21-07-2005
4049,Chennai,Ambathur,7,22-07-2005
4050,Chennai,Ambathur,29,23-07-2005
4051,Chennai,Chennai port trust,15.5,23-07-2005
4052,Chennai,Chennai AP,12.8,23-07-2005
4053,Chennai,Govt. arts college,12,23-07-2005
4054,Chennai,Chennai nungambakkam,11.6,23-07-2005
4055,Chennai,DGP Office,10.5,23-07-2005
4056,Chennai,MYLAPORE-TRIPLICANE TALUK,10,23-07-2005
4057,Chennai,Anna university,8.8,23-07-2005
4058,Chennai,Pachaiyappa college,8.6,23-07-2005
4059,Chennai,MYLAPORE-TRIPLICANE TALUK,60,24-07-2005
4060,Chennai,Chennai nungambakkam,58.8,24-07-2005
4061,Chennai,DGP Office,58.2,24-07-2005
4062,Chennai,Pachaiyappa college,50.2,24-07-2005
4063,Chennai,Anna university,38,24-07-2005
4064,Chennai,Chennai AP,29.9,24-07-2005
4065,Chennai,Chennai port trust,24,24-07-2005
4066,Chennai,Ambathur,23,24-07-2005
4067,Chennai,Govt. arts college,22,24-07-2005
4068,Chennai,DGP Office,13.5,26-07-2005
4069,Chennai,MYLAPORE-TRIPLICANE TALUK,12,26-07-2005
4070,Chennai,Anna university,8,26-07-2005
4071,Chennai,Chennai AP,3.3,26-07-2005
4072,Chennai,Pachaiyappa college,0.8,26-07-2005
4073,Chennai,Chennai nungambakkam,0.1,26-07-2005
4074,Chennai,DGP Office,3.2,27-07-2005
4075,Chennai,MYLAPORE-TRIPLICANE TALUK,3,27-07-2005
4076,Chennai,Chennai nungambakkam,2.8,27-07-2005
4077,Chennai,Ambathur,1,27-07-2005
4078,Chennai,Pachaiyappa college,1,27-07-2005
4079,Chennai,Chennai AP,0.8,27-07-2005
4080,Chennai,Chennai AP,1.9,29-07-2005
4081,Chennai,Chennai port trust,1.5,29-07-2005
4082,Chennai,Chennai nungambakkam,1.5,29-07-2005
4083,Chennai,Pachaiyappa college,1.3,29-07-2005
4084,Chennai,Govt. arts college,1.3,29-07-2005
4085,Chennai,MYLAPORE-TRIPLICANE TALUK,1,29-07-2005
4086,Chennai,DGP Office,1,29-07-2005
4087,Chennai,Anna university,0.2,29-07-2005
4088,Chennai,Chennai nungambakkam,0.2,30-07-2005
4089,Chennai,Chennai port trust,2,01-08-2005
4090,Chennai,Chennai nungambakkam,1.5,01-08-2005
4091,Chennai,Pachaiyappa college,0.4,01-08-2005
4092,Chennai,Chennai AP,1,06-08-2005
4093,Chennai,DGP Office,2.3,08-08-2005
4094,Chennai,MYLAPORE-TRIPLICANE TALUK,2,08-08-2005
4095,Chennai,Ambathur,2,09-08-2005
4096,Chennai,Chennai nungambakkam,0.2,10-08-2005
4097,Chennai,Chennai AP,0.1,10-08-2005
4098,Chennai,Chennai AP,5,11-08-2005
4099,Chennai,Anna university,1.4,11-08-2005
4100,Chennai,DGP Office,1.2,11-08-2005
4101,Chennai,MYLAPORE-TRIPLICANE TALUK,1,11-08-2005
4102,Chennai,Ambathur,8,14-08-2005
4103,Chennai,Ambathur,35,15-08-2005
4104,Chennai,Chennai AP,35,15-08-2005
4105,Chennai,DGP Office,22.6,15-08-2005
4106,Chennai,Anna university,22.3,15-08-2005
4107,Chennai,MYLAPORE-TRIPLICANE TALUK,21.4,15-08-2005
4108,Chennai,Chennai nungambakkam,21.2,15-08-2005
4109,Chennai,Pachaiyappa college,21.1,15-08-2005
4110,Chennai,Chennai port trust,21,15-08-2005
4111,Chennai,Govt. arts college,18,15-08-2005
4112,Chennai,Ambathur,38,16-08-2005
4113,Chennai,Chennai nungambakkam,14.9,16-08-2005
4114,Chennai,DGP Office,12.5,16-08-2005
4115,Chennai,Chennai port trust,12,16-08-2005
4116,Chennai,Chennai AP,11.3,16-08-2005
4117,Chennai,Anna university,11,16-08-2005
4118,Chennai,MYLAPORE-TRIPLICANE TALUK,11,16-08-2005
4119,Chennai,Pachaiyappa college,10.2,16-08-2005
4120,Chennai,Govt. arts college,10,16-08-2005
4121,Chennai,Ambathur,17,17-08-2005
4122,Chennai,DGP Office,6.5,17-08-2005
4123,Chennai,MYLAPORE-TRIPLICANE TALUK,6.2,17-08-2005
4124,Chennai,Anna university,4.4,17-08-2005
4125,Chennai,Chennai nungambakkam,3.6,17-08-2005
4126,Chennai,Pachaiyappa college,2.2,17-08-2005
4127,Chennai,Chennai AP,0.2,17-08-2005
4128,Chennai,Chennai AP,7,20-08-2005
4129,Chennai,Chennai nungambakkam,0.4,20-08-2005
4130,Chennai,Pachaiyappa college,25.5,26-08-2005
4131,Chennai,Anna university,13.8,26-08-2005
4132,Chennai,DGP Office,12.5,26-08-2005
4133,Chennai,MYLAPORE-TRIPLICANE TALUK,12,26-08-2005
4134,Chennai,Chennai nungambakkam,10.6,26-08-2005
4135,Chennai,Ambathur,6,26-08-2005
4136,Chennai,Chennai AP,3.4,26-08-2005
4137,Chennai,Ambathur,25,27-08-2005
4138,Chennai,Pachaiyappa college,0.8,27-08-2005
4139,Chennai,Chennai nungambakkam,0.1,27-08-2005
4140,Chennai,Anna university,3.2,31-08-2005
4141,Chennai,Chennai AP,2.8,31-08-2005
4142,Chennai,Chennai nungambakkam,1.2,31-08-2005
4143,Chennai,Ambathur,21,01-09-2005
4144,Chennai,Chennai port trust,6,01-09-2005
4145,Chennai,Govt. arts college,4,01-09-2005
4146,Chennai,Chennai nungambakkam,3,01-09-2005
4147,Chennai,Pachaiyappa college,2.6,01-09-2005
4148,Chennai,Chennai AP,12,07-09-2005
4149,Chennai,Anna university,9.6,07-09-2005
4150,Chennai,Chennai nungambakkam,6.7,07-09-2005
4151,Chennai,Pachaiyappa college,6.3,07-09-2005
4152,Chennai,MYLAPORE-TRIPLICANE TALUK,3.2,07-09-2005
4153,Chennai,DGP Office,3,07-09-2005
4154,Chennai,Ambathur,2,07-09-2005
4155,Chennai,Ambathur,18,08-09-2005
4156,Chennai,DGP Office,5.4,08-09-2005
4157,Chennai,MYLAPORE-TRIPLICANE TALUK,5.2,08-09-2005
4158,Chennai,Chennai nungambakkam,4.3,08-09-2005
4159,Chennai,Chennai AP,2.6,08-09-2005
4160,Chennai,Anna university,2,08-09-2005
4161,Chennai,Chennai port trust,2,08-09-2005
4162,Chennai,Govt. arts college,1.5,08-09-2005
4163,Chennai,Pachaiyappa college,1.4,08-09-2005
4164,Chennai,Chennai AP,50.9,09-09-2005
4165,Chennai,Chennai port trust,30,09-09-2005
4166,Chennai,Govt. arts college,27,09-09-2005
4167,Chennai,DGP Office,8.6,09-09-2005
4168,Chennai,MYLAPORE-TRIPLICANE TALUK,8.4,09-09-2005
4169,Chennai,Chennai nungambakkam,5.5,09-09-2005
4170,Chennai,Anna university,5.2,09-09-2005
4171,Chennai,Ambathur,5,09-09-2005
4172,Chennai,Pachaiyappa college,3.3,09-09-2005
4173,Chennai,Chennai port trust,30,10-09-2005
4174,Chennai,Chennai AP,28,10-09-2005
4175,Chennai,Pachaiyappa college,27.2,10-09-2005
4176,Chennai,Govt. arts college,27,10-09-2005
4177,Chennai,Chennai nungambakkam,14.1,10-09-2005
4178,Chennai,Ambathur,12,10-09-2005
4179,Chennai,DGP Office,7.4,10-09-2005
4180,Chennai,MYLAPORE-TRIPLICANE TALUK,7,10-09-2005
4181,Chennai,Anna university,5.2,10-09-2005
4182,Chennai,Ambathur,40,11-09-2005
4183,Chennai,Pachaiyappa college,29,11-09-2005
4184,Chennai,Chennai nungambakkam,24.6,11-09-2005
4185,Chennai,DGP Office,21.4,11-09-2005
4186,Chennai,MYLAPORE-TRIPLICANE TALUK,21,11-09-2005
4187,Chennai,Anna university,19.6,11-09-2005
4188,Chennai,Chennai port trust,16,11-09-2005
4189,Chennai,Govt. arts college,15,11-09-2005
4190,Chennai,Chennai AP,12.4,11-09-2005
4191,Chennai,Ambathur,36,23-09-2005
4192,Chennai,Chennai nungambakkam,1.8,23-09-2005
4193,Chennai,Chennai AP,0.1,23-09-2005
4194,Chennai,Chennai nungambakkam,39,25-09-2005
4195,Chennai,Ambathur,38,25-09-2005
4196,Chennai,Pachaiyappa college,34.2,25-09-2005
4197,Chennai,DGP Office,30.2,25-09-2005
4198,Chennai,Chennai AP,28.8,25-09-2005
4199,Chennai,MYLAPORE-TRIPLICANE TALUK,28,25-09-2005
4200,Chennai,Anna university,22.8,25-09-2005
4201,Chennai,Chennai port trust,16,25-09-2005
4202,Chennai,Govt. arts college,14,25-09-2005
4203,Chennai,Ambathur,37,26-09-2005
4204,Chennai,DGP Office,5.2,28-09-2005
4205,Chennai,MYLAPORE-TRIPLICANE TALUK,5,28-09-2005
4206,Chennai,Anna university,0.8,28-09-2005
4207,Chennai,Chennai nungambakkam,0.8,28-09-2005
4208,Chennai,Chennai AP,6,30-09-2005
4209,Chennai,DGP Office,3.4,30-09-2005
4210,Chennai,Ambathur,3,30-09-2005
4211,Chennai,Govt. arts college,3,30-09-2005
4212,Chennai,Anna university,1.6,30-09-2005
4213,Chennai,Chennai nungambakkam,0.9,30-09-2005
4214,Chennai,Pachaiyappa college,0.5,30-09-2005
4215,Chennai,Chennai port trust,0.5,30-09-2005
4216,Chennai,MYLAPORE-TRIPLICANE TALUK,0.3,30-09-2005
4217,Chennai,Chennai AP,26.9,02-10-2005
4218,Chennai,Anna university,1.8,02-10-2005
4219,Chennai,Chennai AP,15.2,03-10-2005
4220,Chennai,Anna university,0.2,03-10-2005
4221,Chennai,Chennai nungambakkam,0.1,03-10-2005
4222,Chennai,Chennai AP,12.7,07-10-2005
4223,Chennai,Chennai port trust,37,10-10-2005
4224,Chennai,Govt. arts college,35,10-10-2005
4225,Chennai,MYLAPORE-TRIPLICANE TALUK,23.6,10-10-2005
4226,Chennai,Chennai nungambakkam,23.6,10-10-2005
4227,Chennai,Anna university,23.4,10-10-2005
4228,Chennai,DGP Office,23.4,10-10-2005
4229,Chennai,Pachaiyappa college,18.2,10-10-2005
4230,Chennai,Chennai AP,16,10-10-2005
4231,Chennai,Ambathur,3,10-10-2005
4232,Chennai,Ambathur,22,11-10-2005
4233,Chennai,Chennai port trust,9,11-10-2005
4234,Chennai,Govt. arts college,7,11-10-2005
4235,Chennai,Pachaiyappa college,5.2,11-10-2005
4236,Chennai,Anna university,5.2,11-10-2005
4237,Chennai,Chennai nungambakkam,4.8,11-10-2005
4238,Chennai,Chennai AP,2.8,11-10-2005
4239,Chennai,DGP Office,1.2,11-10-2005
4240,Chennai,MYLAPORE-TRIPLICANE TALUK,1,11-10-2005
4241,Chennai,Chennai nungambakkam,92.5,12-10-2005
4242,Chennai,Anna university,91,12-10-2005
4243,Chennai,DGP Office,81.8,12-10-2005
4244,Chennai,Pachaiyappa college,80,12-10-2005
4245,Chennai,MYLAPORE-TRIPLICANE TALUK,80,12-10-2005
4246,Chennai,Ambathur,74,12-10-2005
4247,Chennai,Chennai AP,66,12-10-2005
4248,Chennai,Chennai port trust,18,12-10-2005
4249,Chennai,Govt. arts college,11,12-10-2005
4250,Chennai,Chennai nungambakkam,152.2,13-10-2005
4251,Chennai,Pachaiyappa college,134,13-10-2005
4252,Chennai,DGP Office,126.6,13-10-2005
4253,Chennai,Anna university,126.2,13-10-2005
4254,Chennai,MYLAPORE-TRIPLICANE TALUK,121,13-10-2005
4255,Chennai,Chennai AP,93.8,13-10-2005
4256,Chennai,Ambathur,64,13-10-2005
4257,Chennai,Chennai port trust,50,13-10-2005
4258,Chennai,Govt. arts college,48,13-10-2005
4259,Chennai,Pachaiyappa college,45,14-10-2005
4260,Chennai,Ambathur,43,14-10-2005
4261,Chennai,DGP Office,38.2,14-10-2005
4262,Chennai,Anna university,19.6,14-10-2005
4263,Chennai,MYLAPORE-TRIPLICANE TALUK,19.5,14-10-2005
4264,Chennai,Chennai AP,19.2,14-10-2005
4265,Chennai,Chennai nungambakkam,19,14-10-2005
4266,Chennai,Chennai port trust,15,14-10-2005
4267,Chennai,Govt. arts college,14,14-10-2005
4268,Chennai,MYLAPORE-TRIPLICANE TALUK,19,16-10-2005
4269,Chennai,Chennai nungambakkam,5,16-10-2005
4270,Chennai,Govt. arts college,3,16-10-2005
4271,Chennai,Pachaiyappa college,0.2,16-10-2005
4272,Chennai,Chennai nungambakkam,6.1,18-10-2005
4273,Chennai,Anna university,1.4,18-10-2005
4274,Chennai,Pachaiyappa college,0.5,18-10-2005
4275,Chennai,Ambathur,59,19-10-2005
4276,Chennai,DGP Office,53,19-10-2005
4277,Chennai,Pachaiyappa college,33,19-10-2005
4278,Chennai,Anna university,30,19-10-2005
4279,Chennai,MYLAPORE-TRIPLICANE TALUK,30,19-10-2005
4280,Chennai,Govt. arts college,28,19-10-2005
4281,Chennai,Chennai port trust,26,19-10-2005
4282,Chennai,Chennai AP,20.4,19-10-2005
4283,Chennai,Chennai nungambakkam,19.8,19-10-2005
4284,Chennai,Pachaiyappa college,74,20-10-2005
4285,Chennai,DGP Office,44.4,20-10-2005
4286,Chennai,Ambathur,44,20-10-2005
4287,Chennai,Chennai nungambakkam,37,20-10-2005
4288,Chennai,Chennai AP,34.6,20-10-2005
4289,Chennai,Anna university,23.4,20-10-2005
4290,Chennai,Govt. arts college,16,20-10-2005
4291,Chennai,MYLAPORE-TRIPLICANE TALUK,14,20-10-2005
4292,Chennai,Chennai port trust,10,20-10-2005
4293,Chennai,Chennai AP,19.2,21-10-2005
4294,Chennai,DGP Office,6.8,21-10-2005
4295,Chennai,Anna university,2.4,21-10-2005
4296,Chennai,MYLAPORE-TRIPLICANE TALUK,2,21-10-2005
4297,Chennai,Chennai nungambakkam,2,21-10-2005
4298,Chennai,Govt. arts college,1.7,21-10-2005
4299,Chennai,Chennai port trust,1.5,21-10-2005
4300,Chennai,Pachaiyappa college,0.7,21-10-2005
4301,Chennai,Chennai AP,4.3,22-10-2005
4302,Chennai,Chennai AP,33,23-10-2005
4303,Chennai,Chennai port trust,27,23-10-2005
4304,Chennai,DGP Office,19.8,23-10-2005
4305,Chennai,Govt. arts college,18,23-10-2005
4306,Chennai,Chennai nungambakkam,15.2,23-10-2005
4307,Chennai,Ambathur,12,23-10-2005
4308,Chennai,MYLAPORE-TRIPLICANE TALUK,4.6,23-10-2005
4309,Chennai,Anna university,3.6,23-10-2005
4310,Chennai,Pachaiyappa college,1.1,23-10-2005
4311,Chennai,Pachaiyappa college,71,24-10-2005
4312,Chennai,Govt. arts college,49,24-10-2005
4313,Chennai,Chennai nungambakkam,37.3,24-10-2005
4314,Chennai,Chennai port trust,34,24-10-2005
4315,Chennai,DGP Office,27.6,24-10-2005
4316,Chennai,Chennai AP,24.7,24-10-2005
4317,Chennai,Ambathur,22,24-10-2005
4318,Chennai,Anna university,19.8,24-10-2005
4319,Chennai,MYLAPORE-TRIPLICANE TALUK,14.6,24-10-2005
4320,Chennai,Chennai port trust,156,25-10-2005
4321,Chennai,Chennai nungambakkam,116,25-10-2005
4322,Chennai,Govt. arts college,98,25-10-2005
4323,Chennai,Pachaiyappa college,97,25-10-2005
4324,Chennai,DGP Office,39,25-10-2005
4325,Chennai,MYLAPORE-TRIPLICANE TALUK,30,25-10-2005
4326,Chennai,Anna university,28.2,25-10-2005
4327,Chennai,Chennai AP,27.5,25-10-2005
4328,Chennai,Ambathur,6,25-10-2005
4329,Chennai,Ambathur,40,26-10-2005
4330,Chennai,Chennai port trust,30,26-10-2005
4331,Chennai,Govt. arts college,28,26-10-2005
4332,Chennai,DGP Office,22.8,26-10-2005
4333,Chennai,Pachaiyappa college,21,26-10-2005
4334,Chennai,Chennai nungambakkam,20,26-10-2005
4335,Chennai,Anna university,14.8,26-10-2005
4336,Chennai,MYLAPORE-TRIPLICANE TALUK,13.6,26-10-2005
4337,Chennai,Chennai AP,13,26-10-2005
4338,Chennai,Chennai port trust,290.5,27-10-2005
4339,Chennai,Govt. arts college,285,27-10-2005
4340,Chennai,MYLAPORE-TRIPLICANE TALUK,280.2,27-10-2005
4341,Chennai,DGP Office,280,27-10-2005
4342,Chennai,Chennai nungambakkam,272.5,27-10-2005
4343,Chennai,Chennai AP,211,27-10-2005
4344,Chennai,Anna university,198.4,27-10-2005
4345,Chennai,Pachaiyappa college,196,27-10-2005
4346,Chennai,Ambathur,125,27-10-2005
4347,Chennai,Pachaiyappa college,278.5,28-10-2005
4348,Chennai,Ambathur,241,28-10-2005
4349,Chennai,DGP Office,180.2,28-10-2005
4350,Chennai,MYLAPORE-TRIPLICANE TALUK,178.6,28-10-2005
4351,Chennai,Anna university,172.8,28-10-2005
4352,Chennai,Govt. arts college,165,28-10-2005
4353,Chennai,Chennai nungambakkam,160.1,28-10-2005
4354,Chennai,Chennai AP,149.7,28-10-2005
4355,Chennai,Chennai port trust,118.5,28-10-2005
4356,Chennai,Chennai nungambakkam,0.4,30-10-2005
4357,Chennai,Chennai nungambakkam,93.6,31-10-2005
4358,Chennai,Govt. arts college,26,31-10-2005
4359,Chennai,MYLAPORE-TRIPLICANE TALUK,17,31-10-2005
4360,Chennai,Pachaiyappa college,14.9,31-10-2005
4361,Chennai,Chennai port trust,4,31-10-2005
4362,Chennai,DGP Office,3,31-10-2005
4363,Chennai,Ambathur,1,31-10-2005
4364,Chennai,Ambathur,15,01-11-2005
4365,Chennai,Chennai nungambakkam,5.8,02-11-2005
4366,Chennai,Pachaiyappa college,0.5,02-11-2005
4367,Chennai,DGP Office,0.4,02-11-2005
4368,Chennai,Chennai AP,4.9,03-11-2005
4369,Chennai,Anna university,1.2,03-11-2005
4370,Chennai,MYLAPORE-TRIPLICANE TALUK,1,03-11-2005
4371,Chennai,Chennai AP,29.8,04-11-2005
4372,Chennai,Chennai nungambakkam,12.8,04-11-2005
4373,Chennai,DGP Office,9.8,04-11-2005
4374,Chennai,Pachaiyappa college,9.5,04-11-2005
4375,Chennai,Anna university,9.4,04-11-2005
4376,Chennai,MYLAPORE-TRIPLICANE TALUK,9,04-11-2005
4377,Chennai,Chennai port trust,5,04-11-2005
4378,Chennai,Govt. arts college,3.5,04-11-2005
4379,Chennai,Ambathur,95,05-11-2005
4380,Chennai,Pachaiyappa college,49.5,05-11-2005
4381,Chennai,Chennai nungambakkam,42.8,05-11-2005
4382,Chennai,DGP Office,41.6,05-11-2005
4383,Chennai,MYLAPORE-TRIPLICANE TALUK,40,05-11-2005
4384,Chennai,Chennai port trust,27.5,05-11-2005
4385,Chennai,Govt. arts college,25,05-11-2005
4386,Chennai,Chennai AP,23.8,05-11-2005
4387,Chennai,Anna university,20.5,05-11-2005
4388,Chennai,Chennai AP,107,06-11-2005
4389,Chennai,Anna university,106.6,06-11-2005
4390,Chennai,DGP Office,102.6,06-11-2005
4391,Chennai,MYLAPORE-TRIPLICANE TALUK,102.2,06-11-2005
4392,Chennai,Chennai nungambakkam,91.1,06-11-2005
4393,Chennai,Pachaiyappa college,83.1,06-11-2005
4394,Chennai,Chennai port trust,46,06-11-2005
4395,Chennai,Ambathur,44,06-11-2005
4396,Chennai,Govt. arts college,42,06-11-2005
4397,Chennai,Anna university,143.6,07-11-2005
4398,Chennai,Pachaiyappa college,138.6,07-11-2005
4399,Chennai,DGP Office,138.4,07-11-2005
4400,Chennai,MYLAPORE-TRIPLICANE TALUK,137.2,07-11-2005
4401,Chennai,Chennai nungambakkam,136,07-11-2005
4402,Chennai,Chennai AP,125,07-11-2005
4403,Chennai,Govt. arts college,108,07-11-2005
4404,Chennai,Ambathur,103,07-11-2005
4405,Chennai,Chennai port trust,72,07-11-2005
4406,Chennai,Anna university,25.2,08-11-2005
4407,Chennai,Chennai AP,24.8,08-11-2005
4408,Chennai,DGP Office,24.4,08-11-2005
4409,Chennai,MYLAPORE-TRIPLICANE TALUK,24.2,08-11-2005
4410,Chennai,Pachaiyappa college,22.1,08-11-2005
4411,Chennai,Chennai nungambakkam,16.6,08-11-2005
4412,Chennai,Chennai port trust,5,08-11-2005
4413,Chennai,Govt. arts college,4.2,08-11-2005
4414,Chennai,Ambathur,0.5,08-11-2005
4415,Chennai,Ambathur,40,09-11-2005
4416,Chennai,Chennai nungambakkam,10,09-11-2005
4417,Chennai,Anna university,9.2,09-11-2005
4418,Chennai,Govt. arts college,8,09-11-2005
4419,Chennai,Chennai AP,7.8,09-11-2005
4420,Chennai,DGP Office,7.6,09-11-2005
4421,Chennai,MYLAPORE-TRIPLICANE TALUK,7,09-11-2005
4422,Chennai,Pachaiyappa college,6.8,09-11-2005
4423,Chennai,Chennai port trust,4,09-11-2005
4424,Chennai,Govt. arts college,5,10-11-2005
4425,Chennai,Chennai nungambakkam,4.2,10-11-2005
4426,Chennai,Anna university,3.6,10-11-2005
4427,Chennai,Chennai AP,3.6,10-11-2005
4428,Chennai,Ambathur,3,10-11-2005
4429,Chennai,Chennai port trust,3,10-11-2005
4430,Chennai,DGP Office,1.8,10-11-2005
4431,Chennai,Pachaiyappa college,1.7,10-11-2005
4432,Chennai,MYLAPORE-TRIPLICANE TALUK,1.6,10-11-2005
4433,Chennai,Govt. arts college,1,11-11-2005
4434,Chennai,Chennai port trust,1,11-11-2005
4435,Chennai,Govt. arts college,20,12-11-2005
4436,Chennai,Chennai port trust,20,12-11-2005
4437,Chennai,Chennai nungambakkam,16.5,12-11-2005
4438,Chennai,Chennai AP,14.3,12-11-2005
4439,Chennai,Ambathur,14,12-11-2005
4440,Chennai,Pachaiyappa college,8.1,12-11-2005
4441,Chennai,Anna university,8,12-11-2005
4442,Chennai,DGP Office,7.8,12-11-2005
4443,Chennai,MYLAPORE-TRIPLICANE TALUK,7.5,12-11-2005
4444,Chennai,Anna university,47.2,21-11-2005
4445,Chennai,Pachaiyappa college,46,21-11-2005
4446,Chennai,Chennai AP,39,21-11-2005
4447,Chennai,DGP Office,36.8,21-11-2005
4448,Chennai,MYLAPORE-TRIPLICANE TALUK,36.2,21-11-2005
4449,Chennai,Chennai nungambakkam,36.2,21-11-2005
4450,Chennai,Govt. arts college,25,21-11-2005
4451,Chennai,Chennai port trust,20.5,21-11-2005
4452,Chennai,Ambathur,9,21-11-2005
4453,Chennai,Chennai AP,67,22-11-2005
4454,Chennai,Anna university,64.6,22-11-2005
4455,Chennai,Pachaiyappa college,57,22-11-2005
4456,Chennai,DGP Office,56.6,22-11-2005
4457,Chennai,MYLAPORE-TRIPLICANE TALUK,56.2,22-11-2005
4458,Chennai,Ambathur,45,22-11-2005
4459,Chennai,Chennai nungambakkam,43.7,22-11-2005
4460,Chennai,Govt. arts college,20,22-11-2005
4461,Chennai,Chennai port trust,10,22-11-2005
4462,Chennai,Chennai port trust,60,23-11-2005
4463,Chennai,Chennai AP,43.2,23-11-2005
4464,Chennai,Chennai nungambakkam,37.4,23-11-2005
4465,Chennai,Pachaiyappa college,36,23-11-2005
4466,Chennai,DGP Office,34.2,23-11-2005
4467,Chennai,MYLAPORE-TRIPLICANE TALUK,34,23-11-2005
4468,Chennai,Anna university,32.2,23-11-2005
4469,Chennai,Ambathur,28,23-11-2005
4470,Chennai,Govt. arts college,20,23-11-2005
4471,Chennai,Ambathur,87,24-11-2005
4472,Chennai,Chennai nungambakkam,60.3,24-11-2005
4473,Chennai,Pachaiyappa college,37.5,24-11-2005
4474,Chennai,Anna university,34.8,24-11-2005
4475,Chennai,DGP Office,34.6,24-11-2005
4476,Chennai,MYLAPORE-TRIPLICANE TALUK,34,24-11-2005
4477,Chennai,Chennai AP,31.4,24-11-2005
4478,Chennai,Govt. arts college,15,24-11-2005
4479,Chennai,Chennai port trust,15,24-11-2005
4480,Chennai,Chennai nungambakkam,30.4,25-11-2005
4481,Chennai,Ambathur,27,25-11-2005
4482,Chennai,Anna university,26.4,25-11-2005
4483,Chennai,Chennai AP,18.4,25-11-2005
4484,Chennai,Pachaiyappa college,18.1,25-11-2005
4485,Chennai,DGP Office,17.4,25-11-2005
4486,Chennai,MYLAPORE-TRIPLICANE TALUK,17,25-11-2005
4487,Chennai,Govt. arts college,8,25-11-2005
4488,Chennai,Chennai port trust,8,25-11-2005
4489,Chennai,DGP Office,79.2,26-11-2005
4490,Chennai,Pachaiyappa college,79,26-11-2005
4491,Chennai,MYLAPORE-TRIPLICANE TALUK,79,26-11-2005
4492,Chennai,Anna university,63.6,26-11-2005
4493,Chennai,Ambathur,48,26-11-2005
4494,Chennai,Chennai nungambakkam,44.3,26-11-2005
4495,Chennai,Chennai AP,40.9,26-11-2005
4496,Chennai,Govt. arts college,35,26-11-2005
4497,Chennai,Chennai port trust,30,26-11-2005
4498,Chennai,Ambathur,16,27-11-2005
4499,Chennai,DGP Office,13.4,27-11-2005
4500,Chennai,Pachaiyappa college,13.1,27-11-2005
4501,Chennai,MYLAPORE-TRIPLICANE TALUK,13,27-11-2005
4502,Chennai,Chennai nungambakkam,8.4,27-11-2005
4503,Chennai,Anna university,6.8,27-11-2005
4504,Chennai,Chennai AP,4.9,27-11-2005
4505,Chennai,Chennai port trust,3,27-11-2005
4506,Chennai,Govt. arts college,1,27-11-2005
4507,Chennai,Chennai AP,0.2,28-11-2005
4508,Chennai,Chennai AP,5.5,02-12-2005
4509,Chennai,DGP Office,4.8,02-12-2005
4510,Chennai,MYLAPORE-TRIPLICANE TALUK,4.5,02-12-2005
4511,Chennai,Chennai nungambakkam,4.5,02-12-2005
4512,Chennai,Pachaiyappa college,3.7,02-12-2005
4513,Chennai,Anna university,3.2,02-12-2005
4514,Chennai,Govt. arts college,1,02-12-2005
4515,Chennai,Chennai port trust,1,02-12-2005
4516,Chennai,Chennai AP,281.3,03-12-2005
4517,Chennai,Pachaiyappa college,247,03-12-2005
4518,Chennai,DGP Office,240.8,03-12-2005
4519,Chennai,MYLAPORE-TRIPLICANE TALUK,240,03-12-2005
4520,Chennai,Chennai nungambakkam,229.2,03-12-2005
4521,Chennai,Anna university,196.6,03-12-2005
4522,Chennai,Govt. arts college,190,03-12-2005
4523,Chennai,Chennai port trust,189,03-12-2005
4524,Chennai,Ambathur,146,03-12-2005
4525,Chennai,Ambathur,28,04-12-2005
4526,Chennai,Chennai AP,21.7,04-12-2005
4527,Chennai,Pachaiyappa college,19.1,04-12-2005
4528,Chennai,DGP Office,18.4,04-12-2005
4529,Chennai,MYLAPORE-TRIPLICANE TALUK,18,04-12-2005
4530,Chennai,Chennai nungambakkam,16.7,04-12-2005
4531,Chennai,Govt. arts college,16,04-12-2005
4532,Chennai,Anna university,15.4,04-12-2005
4533,Chennai,Chennai port trust,9.6,04-12-2005
4534,Chennai,Ambathur,5,05-12-2005
4535,Chennai,Chennai port trust,2.6,05-12-2005
4536,Chennai,Govt. arts college,2,05-12-2005
4537,Chennai,Pachaiyappa college,0.6,05-12-2005
4538,Chennai,Chennai port trust,11,10-12-2005
4539,Chennai,Anna university,9.4,10-12-2005
4540,Chennai,Ambathur,9,10-12-2005
4541,Chennai,Chennai nungambakkam,8.6,10-12-2005
4542,Chennai,Govt. arts college,8,10-12-2005
4543,Chennai,Chennai AP,5.4,10-12-2005
4544,Chennai,DGP Office,2.8,10-12-2005
4545,Chennai,MYLAPORE-TRIPLICANE TALUK,2.6,10-12-2005
4546,Chennai,Pachaiyappa college,2.4,10-12-2005
4547,Chennai,Ambathur,22,11-12-2005
4548,Chennai,Chennai nungambakkam,8.9,11-12-2005
4549,Chennai,Govt. arts college,7,11-12-2005
4550,Chennai,Pachaiyappa college,5.1,11-12-2005
4551,Chennai,Chennai port trust,4.8,11-12-2005
4552,Chennai,Anna university,3.6,11-12-2005
4553,Chennai,Chennai AP,2.4,11-12-2005
4554,Chennai,DGP Office,1.7,11-12-2005
4555,Chennai,MYLAPORE-TRIPLICANE TALUK,1.5,11-12-2005
4556,Chennai,Govt. arts college,22,12-12-2005
4557,Chennai,Anna university,16,12-12-2005
4558,Chennai,Ambathur,15,12-12-2005
4559,Chennai,DGP Office,14.2,12-12-2005
4560,Chennai,MYLAPORE-TRIPLICANE TALUK,14,12-12-2005
4561,Chennai,Chennai nungambakkam,12.2,12-12-2005
4562,Chennai,Chennai port trust,12,12-12-2005
4563,Chennai,Chennai AP,5,12-12-2005
4564,Chennai,Pachaiyappa college,2.4,12-12-2005
4565,Chennai,Ambathur,131,13-12-2005
4566,Chennai,Chennai port trust,40.9,13-12-2005
4567,Chennai,Anna university,32.4,13-12-2005
4568,Chennai,DGP Office,27.6,13-12-2005
4569,Chennai,MYLAPORE-TRIPLICANE TALUK,27,13-12-2005
4570,Chennai,Chennai AP,26,13-12-2005
4571,Chennai,Chennai nungambakkam,17.4,13-12-2005
4572,Chennai,Govt. arts college,11,13-12-2005
4573,Chennai,Pachaiyappa college,6.8,13-12-2005
4574,Chennai,Anna university,0.8,14-12-2005
4575,Chennai,Chennai AP,0.4,14-12-2005
4576,Chennai,Chennai port trust,0.5,17-12-2005
4577,Chennai,Chennai AP,0.4,17-12-2005
4578,Chennai,Chennai nungambakkam,0.3,17-12-2005
4579,Chennai,Anna university,74.4,18-12-2005
4580,Chennai,Pachaiyappa college,67.1,18-12-2005
4581,Chennai,DGP Office,60.4,18-12-2005
4582,Chennai,MYLAPORE-TRIPLICANE TALUK,60,18-12-2005
4583,Chennai,Chennai AP,56.9,18-12-2005
4584,Chennai,Govt. arts college,45,18-12-2005
4585,Chennai,Chennai nungambakkam,42.6,18-12-2005
4586,Chennai,Chennai port trust,41,18-12-2005
4587,Chennai,Ambathur,38,18-12-2005
4588,Chennai,Govt. arts college,88,19-12-2005
4589,Chennai,Ambathur,75,19-12-2005
4590,Chennai,Pachaiyappa college,70.9,19-12-2005
4591,Chennai,Anna university,63.2,19-12-2005
4592,Chennai,Chennai nungambakkam,60.1,19-12-2005
4593,Chennai,DGP Office,58.6,19-12-2005
4594,Chennai,MYLAPORE-TRIPLICANE TALUK,58,19-12-2005
4595,Chennai,Chennai port trust,52,19-12-2005
4596,Chennai,Chennai AP,44.3,19-12-2005
4597,Chennai,Chennai port trust,19,20-12-2005
4598,Chennai,Pachaiyappa college,12.1,20-12-2005
4599,Chennai,Govt. arts college,11,20-12-2005
4600,Chennai,DGP Office,10.2,20-12-2005
4601,Chennai,Chennai nungambakkam,10.1,20-12-2005
4602,Chennai,MYLAPORE-TRIPLICANE TALUK,10,20-12-2005
4603,Chennai,Chennai AP,7.9,20-12-2005
4604,Chennai,Anna university,7.8,20-12-2005
4605,Chennai,Ambathur,6,20-12-2005
4606,Chennai,Ambathur,2,21-12-2005
4607,Chennai,Chennai nungambakkam,1.5,21-12-2005
4608,Chennai,Chennai AP,1,21-12-2005
4609,Chennai,Pachaiyappa college,0.5,21-12-2005
4610,Chennai,MYLAPORE-TRIPLICANE TALUK,0.5,21-12-2005
4611,Chennai,DGP Office,0.5,21-12-2005
4612,Chennai,Anna university,0.3,21-12-2005
4613,Chennai,Chennai port trust,0.2,21-12-2005
4614,Chennai,Ambathur,2,22-12-2005
4615,Chennai,Anna university,1.6,22-12-2005
4616,Chennai,Chennai nungambakkam,1.2,22-12-2005
4617,Chennai,Pachaiyappa college,0.3,22-12-2005
4618,Chennai,MYLAPORE-TRIPLICANE TALUK,0.2,22-12-2005
4619,Chennai,DGP Office,0.2,22-12-2005
4620,Chennai,Chennai nungambakkam,3,08-01-2006
4621,Chennai,Chennai AP,0.6,08-01-2006
4622,Chennai,Chennai nungambakkam,0.3,10-01-2006
4623,Chennai,Chennai AP,1,27-01-2006
4624,Chennai,Chennai nungambakkam,0.2,27-01-2006
4625,Chennai,Chennai AP,21.2,03-03-2006
4626,Chennai,MYLAPORE-TRIPLICANE TALUK,17,04-03-2006
4627,Chennai,DGP Office,16.2,04-03-2006
4628,Chennai,Anna university,15,04-03-2006
4629,Chennai,Pachaiyappa college,13,04-03-2006
4630,Chennai,Govt. arts college,10,04-03-2006
4631,Chennai,Chennai nungambakkam,9,04-03-2006
4632,Chennai,Chennai AP,4.6,04-03-2006
4633,Chennai,Chennai port trust,3,04-03-2006
4634,Chennai,Ambathur,2,04-03-2006
4635,Chennai,Ambathur,2,05-03-2006
4636,Chennai,Chennai nungambakkam,0.1,11-03-2006
4637,Chennai,Chennai AP,0.1,11-03-2006
4638,Chennai,Govt. arts college,8,12-03-2006
4639,Chennai,Chennai port trust,6.4,12-03-2006
4640,Chennai,Pachaiyappa college,2,12-03-2006
4641,Chennai,Chennai nungambakkam,0.4,12-03-2006
4642,Chennai,Chennai AP,0.4,12-03-2006
4643,Chennai,Ambathur,41,18-04-2006
4644,Chennai,Chennai port trust,26.7,18-04-2006
4645,Chennai,Govt. arts college,16.21,18-04-2006
4646,Chennai,Chennai AP,14.2,18-04-2006
4647,Chennai,Anna university,11.2,18-04-2006
4648,Chennai,Chennai nungambakkam,7.1,18-04-2006
4649,Chennai,DGP Office,3.5,18-04-2006
4650,Chennai,MYLAPORE-TRIPLICANE TALUK,2.5,18-04-2006
4651,Chennai,Pachaiyappa college,0.3,18-04-2006
4652,Chennai,Chennai port trust,23,26-05-2006
4653,Chennai,Govt. arts college,21,26-05-2006
4654,Chennai,Chennai nungambakkam,17.2,26-05-2006
4655,Chennai,Chennai AP,15.1,26-05-2006
4656,Chennai,Anna university,14.4,26-05-2006
4657,Chennai,MYLAPORE-TRIPLICANE TALUK,13,26-05-2006
4658,Chennai,DGP Office,12.3,26-05-2006
4659,Chennai,Pachaiyappa college,0.5,26-05-2006
4660,Chennai,Chennai AP,0.1,01-06-2006
4661,Chennai,Chennai nungambakkam,0.8,03-06-2006
4662,Chennai,Chennai AP,0.4,03-06-2006
4663,Chennai,Chennai AP,23.6,04-06-2006
4664,Chennai,Ambathur,18,04-06-2006
4665,Chennai,Pachaiyappa college,5.44,04-06-2006
4666,Chennai,DGP Office,4.6,04-06-2006
4667,Chennai,Chennai nungambakkam,4.5,04-06-2006
4668,Chennai,MYLAPORE-TRIPLICANE TALUK,4.4,04-06-2006
4669,Chennai,Govt. arts college,1.5,04-06-2006
4670,Chennai,Chennai port trust,1.5,04-06-2006
4671,Chennai,Anna university,1.3,04-06-2006
4672,Chennai,Ambathur,4,05-06-2006
4673,Chennai,Ambathur,4,06-06-2006
4674,Chennai,Chennai nungambakkam,3.3,06-06-2006
4675,Chennai,DGP Office,2.6,06-06-2006
4676,Chennai,MYLAPORE-TRIPLICANE TALUK,2.2,06-06-2006
4677,Chennai,Pachaiyappa college,1.1,06-06-2006
4678,Chennai,Govt. arts college,1.1,06-06-2006
4679,Chennai,Chennai AP,0.6,06-06-2006
4680,Chennai,Anna university,0.4,06-06-2006
4681,Chennai,Chennai AP,6,13-06-2006
4682,Chennai,Chennai nungambakkam,0.8,13-06-2006
4683,Chennai,Anna university,9,14-06-2006
4684,Chennai,Ambathur,6,14-06-2006
4685,Chennai,Chennai AP,5,14-06-2006
4686,Chennai,Chennai nungambakkam,0.3,14-06-2006
4687,Chennai,Chennai AP,0.4,20-06-2006
4688,Chennai,Chennai port trust,2,22-06-2006
4689,Chennai,Govt. arts college,1.5,22-06-2006
4690,Chennai,Chennai nungambakkam,1.4,22-06-2006
4691,Chennai,Chennai AP,31.9,23-06-2006
4692,Chennai,Ambathur,22,23-06-2006
4693,Chennai,Anna university,3.2,23-06-2006
4694,Chennai,Chennai nungambakkam,2.2,23-06-2006
4695,Chennai,DGP Office,1.2,23-06-2006
4696,Chennai,Pachaiyappa college,1.1,23-06-2006
4697,Chennai,MYLAPORE-TRIPLICANE TALUK,1,23-06-2006
4698,Chennai,Chennai port trust,0.5,23-06-2006
4699,Chennai,Ambathur,10,24-06-2006
4700,Chennai,Chennai AP,4.2,24-06-2006
4701,Chennai,Anna university,3,24-06-2006
4702,Chennai,Chennai nungambakkam,2.3,24-06-2006
4703,Chennai,DGP Office,1.6,24-06-2006
4704,Chennai,MYLAPORE-TRIPLICANE TALUK,1.4,24-06-2006
4705,Chennai,Chennai port trust,1.2,24-06-2006
4706,Chennai,Pachaiyappa college,1.1,24-06-2006
4707,Chennai,Govt. arts college,1,24-06-2006
4708,Chennai,Ambathur,23,27-06-2006
4709,Chennai,Chennai port trust,5,27-06-2006
4710,Chennai,Chennai AP,4.4,27-06-2006
4711,Chennai,Chennai nungambakkam,4.3,27-06-2006
4712,Chennai,Govt. arts college,4,27-06-2006
4713,Chennai,Anna university,3.6,27-06-2006
4714,Chennai,DGP Office,2.8,27-06-2006
4715,Chennai,MYLAPORE-TRIPLICANE TALUK,2.7,27-06-2006
4716,Chennai,Pachaiyappa college,1.9,27-06-2006
4717,Chennai,Ambathur,47,28-06-2006
4718,Chennai,Chennai nungambakkam,16.4,28-06-2006
4719,Chennai,Anna university,5,28-06-2006
4720,Chennai,Chennai port trust,3.6,28-06-2006
4721,Chennai,MYLAPORE-TRIPLICANE TALUK,3.4,28-06-2006
4722,Chennai,Govt. arts college,3.3,28-06-2006
4723,Chennai,Pachaiyappa college,3.2,28-06-2006
4724,Chennai,DGP Office,3.2,28-06-2006
4725,Chennai,Chennai AP,2.6,28-06-2006
4726,Chennai,Ambathur,1,29-06-2006
4727,Chennai,Chennai AP,0.3,29-06-2006
4728,Chennai,Chennai nungambakkam,0.1,29-06-2006
4729,Chennai,Ambathur,2,10-07-2006
4730,Chennai,Chennai nungambakkam,1.2,10-07-2006
4731,Chennai,Govt. arts college,1,10-07-2006
4732,Chennai,Chennai AP,0.8,10-07-2006
4733,Chennai,Ambathur,6,11-07-2006
4734,Chennai,Govt. arts college,0.8,11-07-2006
4735,Chennai,Chennai nungambakkam,0.8,11-07-2006
4736,Chennai,Anna university,0.4,11-07-2006
4737,Chennai,Chennai AP,14.1,12-07-2006
4738,Chennai,Chennai nungambakkam,8.2,12-07-2006
4739,Chennai,Ambathur,5,12-07-2006
4740,Chennai,Anna university,2,12-07-2006
4741,Chennai,Pachaiyappa college,1.2,12-07-2006
4742,Chennai,Chennai port trust,0.6,12-07-2006
4743,Chennai,Govt. arts college,0.5,12-07-2006
4744,Chennai,Chennai AP,52.8,13-07-2006
4745,Chennai,Chennai nungambakkam,42.2,13-07-2006
4746,Chennai,Anna university,23.2,13-07-2006
4747,Chennai,MYLAPORE-TRIPLICANE TALUK,16.4,13-07-2006
4748,Chennai,DGP Office,16.2,13-07-2006
4749,Chennai,Ambathur,12,13-07-2006
4750,Chennai,Pachaiyappa college,5.9,13-07-2006
4751,Chennai,Govt. arts college,5,13-07-2006
4752,Chennai,Chennai port trust,4,13-07-2006
4753,Chennai,MYLAPORE-TRIPLICANE TALUK,12.4,15-07-2006
4754,Chennai,DGP Office,12.2,15-07-2006
4755,Chennai,Chennai AP,6.2,15-07-2006
4756,Chennai,Anna university,5.8,15-07-2006
4757,Chennai,Chennai nungambakkam,1.4,15-07-2006
4758,Chennai,Pachaiyappa college,1.3,15-07-2006
4759,Chennai,DGP Office,9.4,17-07-2006
4760,Chennai,MYLAPORE-TRIPLICANE TALUK,8.6,17-07-2006
4761,Chennai,Anna university,5,17-07-2006
4762,Chennai,Chennai AP,0.5,18-07-2006
4763,Chennai,Chennai nungambakkam,0.1,18-07-2006
4764,Chennai,Chennai AP,16.6,20-07-2006
4765,Chennai,Anna university,5.2,20-07-2006
4766,Chennai,DGP Office,2.2,20-07-2006
4767,Chennai,MYLAPORE-TRIPLICANE TALUK,2,20-07-2006
4768,Chennai,Ambathur,1,20-07-2006
4769,Chennai,Chennai nungambakkam,1,20-07-2006
4770,Chennai,Govt. arts college,0.5,20-07-2006
4771,Chennai,Chennai port trust,0.4,20-07-2006
4772,Chennai,Anna university,29.2,21-07-2006
4773,Chennai,Chennai AP,22,21-07-2006
4774,Chennai,DGP Office,20.2,21-07-2006
4775,Chennai,MYLAPORE-TRIPLICANE TALUK,20,21-07-2006
4776,Chennai,Chennai nungambakkam,6,21-07-2006
4777,Chennai,Pachaiyappa college,2.1,21-07-2006
4778,Chennai,Chennai port trust,2.1,21-07-2006
4779,Chennai,Ambathur,2,21-07-2006
4780,Chennai,Govt. arts college,2,21-07-2006
4781,Chennai,Ambathur,2,25-07-2006
4782,Chennai,Govt. arts college,1.2,25-07-2006
4783,Chennai,Anna university,1,25-07-2006
4784,Chennai,Chennai port trust,1,25-07-2006
4785,Chennai,Chennai nungambakkam,1,25-07-2006
4786,Chennai,Chennai AP,0.5,25-07-2006
4787,Chennai,Chennai AP,1.9,26-07-2006
4788,Chennai,Chennai nungambakkam,0.5,26-07-2006
4789,Chennai,Anna university,0.1,26-07-2006
4790,Chennai,Ambathur,9,27-07-2006
4791,Chennai,Chennai AP,4.2,27-07-2006
4792,Chennai,Anna university,3,27-07-2006
4793,Chennai,DGP Office,1.4,27-07-2006
4794,Chennai,MYLAPORE-TRIPLICANE TALUK,1.2,27-07-2006
4795,Chennai,Chennai nungambakkam,1.1,27-07-2006
4796,Chennai,Ambathur,14,28-07-2006
4797,Chennai,DGP Office,10.8,28-07-2006
4798,Chennai,MYLAPORE-TRIPLICANE TALUK,10.2,28-07-2006
4799,Chennai,Chennai AP,10,28-07-2006
4800,Chennai,Chennai nungambakkam,6.4,28-07-2006
4801,Chennai,Anna university,3,28-07-2006
4802,Chennai,Govt. arts college,1.5,28-07-2006
4803,Chennai,Pachaiyappa college,1.3,28-07-2006
4804,Chennai,Chennai port trust,1.2,28-07-2006
4805,Chennai,Chennai nungambakkam,2.4,29-07-2006
4806,Chennai,Ambathur,2,29-07-2006
4807,Chennai,Pachaiyappa college,0.6,29-07-2006
4808,Chennai,Govt. arts college,0.5,29-07-2006
4809,Chennai,Chennai port trust,0.5,29-07-2006
4810,Chennai,Govt. arts college,6.5,01-08-2006
4811,Chennai,Anna university,6,01-08-2006
4812,Chennai,Chennai port trust,6,01-08-2006
4813,Chennai,Chennai nungambakkam,2.9,01-08-2006
4814,Chennai,DGP Office,2.4,01-08-2006
4815,Chennai,Chennai AP,2.1,01-08-2006
4816,Chennai,MYLAPORE-TRIPLICANE TALUK,2,01-08-2006
4817,Chennai,Pachaiyappa college,1.6,01-08-2006
4818,Chennai,Anna university,3.6,04-08-2006
4819,Chennai,MYLAPORE-TRIPLICANE TALUK,3.6,04-08-2006
4820,Chennai,Chennai AP,3.6,04-08-2006
4821,Chennai,Chennai nungambakkam,3.3,04-08-2006
4822,Chennai,DGP Office,3.2,04-08-2006
4823,Chennai,Ambathur,3,04-08-2006
4824,Chennai,Govt. arts college,2,04-08-2006
4825,Chennai,Chennai port trust,1.8,04-08-2006
4826,Chennai,Pachaiyappa college,1.6,04-08-2006
4827,Chennai,Ambathur,56,07-08-2006
4828,Chennai,Govt. arts college,8,07-08-2006
4829,Chennai,Chennai port trust,7,07-08-2006
4830,Chennai,Anna university,6.4,07-08-2006
4831,Chennai,Chennai nungambakkam,4.7,07-08-2006
4832,Chennai,Chennai AP,3.3,07-08-2006
4833,Chennai,Pachaiyappa college,2.4,07-08-2006
4834,Chennai,Ambathur,2,08-08-2006
4835,Chennai,Chennai nungambakkam,7.5,09-08-2006
4836,Chennai,Chennai AP,4.1,09-08-2006
4837,Chennai,Anna university,4,09-08-2006
4838,Chennai,Govt. arts college,4,09-08-2006
4839,Chennai,MYLAPORE-TRIPLICANE TALUK,3.6,09-08-2006
4840,Chennai,DGP Office,3.4,09-08-2006
4841,Chennai,Chennai port trust,2,09-08-2006
4842,Chennai,Pachaiyappa college,1.9,09-08-2006
4843,Chennai,Anna university,18,10-08-2006
4844,Chennai,Chennai AP,12.3,10-08-2006
4845,Chennai,Chennai nungambakkam,12,10-08-2006
4846,Chennai,Pachaiyappa college,8.1,10-08-2006
4847,Chennai,DGP Office,5.6,10-08-2006
4848,Chennai,MYLAPORE-TRIPLICANE TALUK,5.2,10-08-2006
4849,Chennai,Govt. arts college,3,10-08-2006
4850,Chennai,Chennai port trust,2,10-08-2006
4851,Chennai,DGP Office,10.4,11-08-2006
4852,Chennai,Chennai nungambakkam,10,11-08-2006
4853,Chennai,MYLAPORE-TRIPLICANE TALUK,9.6,11-08-2006
4854,Chennai,Anna university,8,11-08-2006
4855,Chennai,Govt. arts college,8,11-08-2006
4856,Chennai,Ambathur,7,11-08-2006
4857,Chennai,Chennai port trust,5,11-08-2006
4858,Chennai,Chennai AP,2.7,11-08-2006
4859,Chennai,Pachaiyappa college,2.1,11-08-2006
4860,Chennai,Chennai nungambakkam,9.5,12-08-2006
4861,Chennai,Ambathur,8,12-08-2006
4862,Chennai,Chennai AP,5.3,12-08-2006
4863,Chennai,Govt. arts college,5,12-08-2006
4864,Chennai,DGP Office,4.6,12-08-2006
4865,Chennai,MYLAPORE-TRIPLICANE TALUK,4.3,12-08-2006
4866,Chennai,Pachaiyappa college,4.1,12-08-2006
4867,Chennai,Chennai port trust,3,12-08-2006
4868,Chennai,Anna university,1.6,12-08-2006
4869,Chennai,Chennai AP,2.1,13-08-2006
4870,Chennai,Chennai nungambakkam,0.6,13-08-2006
4871,Chennai,Chennai nungambakkam,44.3,14-08-2006
4872,Chennai,Chennai port trust,32,14-08-2006
4873,Chennai,Govt. arts college,31,14-08-2006
4874,Chennai,Ambathur,24,14-08-2006
4875,Chennai,Chennai AP,17.2,14-08-2006
4876,Chennai,Anna university,15,14-08-2006
4877,Chennai,Pachaiyappa college,10.8,14-08-2006
4878,Chennai,DGP Office,10.6,14-08-2006
4879,Chennai,MYLAPORE-TRIPLICANE TALUK,10.2,14-08-2006
4880,Chennai,Ambathur,16,15-08-2006
4881,Chennai,Govt. arts college,15,15-08-2006
4882,Chennai,Chennai nungambakkam,14.7,15-08-2006
4883,Chennai,Pachaiyappa college,14.6,15-08-2006
4884,Chennai,DGP Office,14.2,15-08-2006
4885,Chennai,Anna university,14.1,15-08-2006
4886,Chennai,Chennai port trust,14,15-08-2006
4887,Chennai,MYLAPORE-TRIPLICANE TALUK,13,15-08-2006
4888,Chennai,Chennai AP,8.4,15-08-2006
4889,Chennai,Ambathur,10,16-08-2006
4890,Chennai,Govt. arts college,10,16-08-2006
4891,Chennai,Chennai port trust,9,16-08-2006
4892,Chennai,Chennai nungambakkam,8.9,16-08-2006
4893,Chennai,Anna university,6,16-08-2006
4894,Chennai,DGP Office,6,16-08-2006
4895,Chennai,MYLAPORE-TRIPLICANE TALUK,5.7,16-08-2006
4896,Chennai,Pachaiyappa college,5.6,16-08-2006
4897,Chennai,Chennai AP,5.3,16-08-2006
4898,Chennai,Chennai AP,11.9,17-08-2006
4899,Chennai,Anna university,10.8,17-08-2006
4900,Chennai,DGP Office,7.2,17-08-2006
4901,Chennai,Pachaiyappa college,7.1,17-08-2006
4902,Chennai,MYLAPORE-TRIPLICANE TALUK,7,17-08-2006
4903,Chennai,Chennai nungambakkam,6,17-08-2006
4904,Chennai,Govt. arts college,1.5,17-08-2006
4905,Chennai,Chennai port trust,1,17-08-2006
4906,Chennai,Chennai nungambakkam,2.8,20-08-2006
4907,Chennai,Chennai AP,59,27-08-2006
4908,Chennai,Anna university,19.2,27-08-2006
4909,Chennai,DGP Office,19.2,27-08-2006
4910,Chennai,Pachaiyappa college,18.9,27-08-2006
4911,Chennai,MYLAPORE-TRIPLICANE TALUK,18.6,27-08-2006
4912,Chennai,Chennai nungambakkam,13.6,27-08-2006
4913,Chennai,Govt. arts college,4,27-08-2006
4914,Chennai,Chennai port trust,4,27-08-2006
4915,Chennai,DGP Office,0.3,01-09-2006
4916,Chennai,MYLAPORE-TRIPLICANE TALUK,0.2,01-09-2006
4917,Chennai,Chennai AP,0.1,01-09-2006
4918,Chennai,Chennai nungambakkam,13.8,02-09-2006
4919,Chennai,Ambathur,4,02-09-2006
4920,Chennai,Govt. arts college,2,02-09-2006
4921,Chennai,Ambathur,6,03-09-2006
4922,Chennai,Chennai AP,5,03-09-2006
4923,Chennai,Chennai AP,47.7,04-09-2006
4924,Chennai,Govt. arts college,28,04-09-2006
4925,Chennai,Ambathur,18,04-09-2006
4926,Chennai,Anna university,6.6,04-09-2006
4927,Chennai,MYLAPORE-TRIPLICANE TALUK,6.2,04-09-2006
4928,Chennai,DGP Office,6,04-09-2006
4929,Chennai,Pachaiyappa college,5.9,04-09-2006
4930,Chennai,Chennai nungambakkam,5.4,04-09-2006
4931,Chennai,Chennai port trust,2,04-09-2006
4932,Chennai,Chennai nungambakkam,61.2,15-09-2006
4933,Chennai,DGP Office,41.6,15-09-2006
4934,Chennai,MYLAPORE-TRIPLICANE TALUK,40.8,15-09-2006
4935,Chennai,Pachaiyappa college,40.7,15-09-2006
4936,Chennai,Govt. arts college,34,15-09-2006
4937,Chennai,Ambathur,19,15-09-2006
4938,Chennai,Chennai port trust,17,15-09-2006
4939,Chennai,Chennai AP,12.9,15-09-2006
4940,Chennai,Anna university,5.3,15-09-2006
4941,Chennai,Chennai nungambakkam,0.2,16-09-2006
4942,Chennai,Chennai AP,0.2,16-09-2006
4943,Chennai,Ambathur,4,18-09-2006
4944,Chennai,Chennai nungambakkam,0.6,18-09-2006
4945,Chennai,Chennai AP,0.6,18-09-2006
4946,Chennai,Ambathur,3,19-09-2006
4947,Chennai,Chennai AP,13.2,20-09-2006
4948,Chennai,Chennai nungambakkam,10.8,20-09-2006
4949,Chennai,Anna university,10.6,20-09-2006
4950,Chennai,MYLAPORE-TRIPLICANE TALUK,9.2,20-09-2006
4951,Chennai,DGP Office,8.6,20-09-2006
4952,Chennai,Pachaiyappa college,7.9,20-09-2006
4953,Chennai,Ambathur,3,20-09-2006
4954,Chennai,Govt. arts college,1,20-09-2006
4955,Chennai,Chennai port trust,1,20-09-2006
4956,Chennai,Chennai AP,4.4,21-09-2006
4957,Chennai,Chennai nungambakkam,4,21-09-2006
4958,Chennai,Ambathur,3,21-09-2006
4959,Chennai,Govt. arts college,3,22-09-2006
4960,Chennai,Ambathur,2,22-09-2006
4961,Chennai,Chennai nungambakkam,0.4,22-09-2006
4962,Chennai,Chennai port trust,0.3,22-09-2006
4963,Chennai,Ambathur,78,25-09-2006
4964,Chennai,Chennai AP,31.6,25-09-2006
4965,Chennai,Govt. arts college,21,25-09-2006
4966,Chennai,Anna university,17.6,25-09-2006
4967,Chennai,Chennai nungambakkam,15.9,25-09-2006
4968,Chennai,DGP Office,9.2,25-09-2006
4969,Chennai,MYLAPORE-TRIPLICANE TALUK,9,25-09-2006
4970,Chennai,Chennai port trust,9,25-09-2006
4971,Chennai,Pachaiyappa college,8.9,25-09-2006
4972,Chennai,Chennai nungambakkam,24.6,26-09-2006
4973,Chennai,Ambathur,15,26-09-2006
4974,Chennai,Govt. arts college,11,26-09-2006
4975,Chennai,Chennai port trust,5.1,26-09-2006
4976,Chennai,Chennai AP,5,26-09-2006
4977,Chennai,Pachaiyappa college,4.2,26-09-2006
4978,Chennai,DGP Office,3.4,26-09-2006
4979,Chennai,MYLAPORE-TRIPLICANE TALUK,3.2,26-09-2006
4980,Chennai,Anna university,3,26-09-2006
4981,Chennai,Govt. arts college,13,27-09-2006
4982,Chennai,Anna university,8.8,27-09-2006
4983,Chennai,Chennai nungambakkam,8.6,27-09-2006
4984,Chennai,Chennai port trust,7,27-09-2006
4985,Chennai,DGP Office,4.6,27-09-2006
4986,Chennai,MYLAPORE-TRIPLICANE TALUK,4.2,27-09-2006
4987,Chennai,Pachaiyappa college,3.8,27-09-2006
4988,Chennai,Chennai AP,1.8,27-09-2006
4989,Chennai,Chennai AP,1.2,28-09-2006
4990,Chennai,Ambathur,17,02-10-2006
4991,Chennai,Chennai AP,0.5,02-10-2006
4992,Chennai,Chennai AP,67.9,03-10-2006
4993,Chennai,Anna university,50.2,03-10-2006
4994,Chennai,DGP Office,50.2,03-10-2006
4995,Chennai,MYLAPORE-TRIPLICANE TALUK,50,03-10-2006
4996,Chennai,Pachaiyappa college,47.1,03-10-2006
4997,Chennai,Chennai nungambakkam,31.7,03-10-2006
4998,Chennai,Chennai port trust,22,03-10-2006
4999,Chennai,Govt. arts college,18,03-10-2006
5000,Chennai,Govt. arts college,49.2,05-10-2006
5001,Chennai,Chennai port trust,43,05-10-2006
5002,Chennai,Chennai nungambakkam,24.1,05-10-2006
5003,Chennai,Anna university,15,05-10-2006
5004,Chennai,Ambathur,12,05-10-2006
5005,Chennai,Pachaiyappa college,11.1,05-10-2006
5006,Chennai,DGP Office,10.8,05-10-2006
5007,Chennai,MYLAPORE-TRIPLICANE TALUK,10.6,05-10-2006
5008,Chennai,Chennai AP,9.2,05-10-2006
5009,Chennai,Chennai nungambakkam,2.2,06-10-2006
5010,Chennai,Chennai AP,0.6,06-10-2006
5011,Chennai,Govt. arts college,0.5,06-10-2006
5012,Chennai,DGP Office,2.5,17-10-2006
5013,Chennai,MYLAPORE-TRIPLICANE TALUK,2,17-10-2006
5014,Chennai,Chennai AP,48.8,19-10-2006
5015,Chennai,Anna university,41,19-10-2006
5016,Chennai,Chennai nungambakkam,29,19-10-2006
5017,Chennai,DGP Office,16.4,19-10-2006
5018,Chennai,Pachaiyappa college,16.2,19-10-2006
5019,Chennai,MYLAPORE-TRIPLICANE TALUK,15.2,19-10-2006
5020,Chennai,Ambathur,8,19-10-2006
5021,Chennai,Chennai port trust,6,19-10-2006
5022,Chennai,Govt. arts college,5,19-10-2006
5023,Chennai,Ambathur,52,20-10-2006
5024,Chennai,Chennai nungambakkam,20.8,20-10-2006
5025,Chennai,DGP Office,5.6,20-10-2006
5026,Chennai,Pachaiyappa college,5.5,20-10-2006
5027,Chennai,MYLAPORE-TRIPLICANE TALUK,5.4,20-10-2006
5028,Chennai,Govt. arts college,5,20-10-2006
5029,Chennai,Chennai AP,2.7,20-10-2006
5030,Chennai,Chennai AP,19.3,21-10-2006
5031,Chennai,Anna university,16.8,21-10-2006
5032,Chennai,Ambathur,1,21-10-2006
5033,Chennai,Chennai nungambakkam,0.1,21-10-2006
5034,Chennai,Chennai nungambakkam,27.3,22-10-2006
5035,Chennai,Anna university,10.2,22-10-2006
5036,Chennai,Pachaiyappa college,4.8,22-10-2006
5037,Chennai,DGP Office,4.6,22-10-2006
5038,Chennai,MYLAPORE-TRIPLICANE TALUK,4.2,22-10-2006
5039,Chennai,Govt. arts college,3.5,22-10-2006
5040,Chennai,Ambathur,2,22-10-2006
5041,Chennai,Chennai nungambakkam,4.1,23-10-2006
5042,Chennai,Pachaiyappa college,0.8,23-10-2006
5043,Chennai,Chennai AP,0.2,23-10-2006
5044,Chennai,Anna university,39.2,24-10-2006
5045,Chennai,Chennai port trust,38,24-10-2006
5046,Chennai,Govt. arts college,32,24-10-2006
5047,Chennai,DGP Office,26.2,24-10-2006
5048,Chennai,Pachaiyappa college,26.1,24-10-2006
5049,Chennai,Chennai nungambakkam,25.8,24-10-2006
5050,Chennai,Chennai AP,25.8,24-10-2006
5051,Chennai,MYLAPORE-TRIPLICANE TALUK,25.4,24-10-2006
5052,Chennai,Ambathur,16,24-10-2006
5053,Chennai,Ambathur,29,25-10-2006
5054,Chennai,Chennai port trust,19.3,25-10-2006
5055,Chennai,Anna university,19,25-10-2006
5056,Chennai,Govt. arts college,19,25-10-2006
5057,Chennai,Chennai nungambakkam,18.8,25-10-2006
5058,Chennai,Chennai AP,18.3,25-10-2006
5059,Chennai,DGP Office,12.6,25-10-2006
5060,Chennai,Pachaiyappa college,12.4,25-10-2006
5061,Chennai,MYLAPORE-TRIPLICANE TALUK,12.2,25-10-2006
5062,Chennai,Chennai AP,143,26-10-2006
5063,Chennai,Ambathur,142,26-10-2006
5064,Chennai,Chennai nungambakkam,82,26-10-2006
5065,Chennai,Govt. arts college,63,26-10-2006
5066,Chennai,Pachaiyappa college,62.7,26-10-2006
5067,Chennai,DGP Office,61.2,26-10-2006
5068,Chennai,MYLAPORE-TRIPLICANE TALUK,60.6,26-10-2006
5069,Chennai,Chennai port trust,51.8,26-10-2006
5070,Chennai,Anna university,26,26-10-2006
5071,Chennai,Anna university,49.8,27-10-2006
5072,Chennai,Pachaiyappa college,36.1,27-10-2006
5073,Chennai,DGP Office,34.8,27-10-2006
5074,Chennai,MYLAPORE-TRIPLICANE TALUK,34.2,27-10-2006
5075,Chennai,Chennai AP,31.4,27-10-2006
5076,Chennai,Chennai nungambakkam,14,27-10-2006
5077,Chennai,Ambathur,10,27-10-2006
5078,Chennai,Chennai port trust,5.3,27-10-2006
5079,Chennai,Govt. arts college,4.5,27-10-2006
5080,Chennai,Anna university,157.2,28-10-2006
5081,Chennai,Chennai AP,138.6,28-10-2006
5082,Chennai,Chennai nungambakkam,121.4,28-10-2006
5083,Chennai,Govt. arts college,81,28-10-2006
5084,Chennai,Ambathur,78,28-10-2006
5085,Chennai,Chennai port trust,51.3,28-10-2006
5086,Chennai,DGP Office,47.4,28-10-2006
5087,Chennai,Pachaiyappa college,47.2,28-10-2006
5088,Chennai,MYLAPORE-TRIPLICANE TALUK,46.2,28-10-2006
5089,Chennai,Chennai nungambakkam,188.8,29-10-2006
5090,Chennai,Anna university,174.2,29-10-2006
5091,Chennai,Govt. arts college,151.5,29-10-2006
5092,Chennai,Ambathur,133,29-10-2006
5093,Chennai,Chennai AP,94.5,29-10-2006
5094,Chennai,Pachaiyappa college,88.6,29-10-2006
5095,Chennai,DGP Office,85.2,29-10-2006
5096,Chennai,MYLAPORE-TRIPLICANE TALUK,84.4,29-10-2006
5097,Chennai,Chennai port trust,45,29-10-2006
5098,Chennai,Anna university,73,30-10-2006
5099,Chennai,Pachaiyappa college,58.9,30-10-2006
5100,Chennai,Chennai AP,58.1,30-10-2006
5101,Chennai,DGP Office,56.8,30-10-2006
5102,Chennai,MYLAPORE-TRIPLICANE TALUK,56.2,30-10-2006
5103,Chennai,Chennai nungambakkam,43.1,30-10-2006
5104,Chennai,Ambathur,43,30-10-2006
5105,Chennai,Chennai port trust,30.5,30-10-2006
5106,Chennai,Govt. arts college,24.5,30-10-2006
5107,Chennai,Chennai port trust,4.3,31-10-2006
5108,Chennai,MYLAPORE-TRIPLICANE TALUK,2,31-10-2006
5109,Chennai,Anna university,1.6,31-10-2006
5110,Chennai,Govt. arts college,1.2,31-10-2006
5111,Chennai,Chennai nungambakkam,0.4,31-10-2006
5112,Chennai,Chennai AP,0.3,31-10-2006
5113,Chennai,DGP Office,0.2,31-10-2006
5114,Chennai,MYLAPORE-TRIPLICANE TALUK,28.4,01-11-2006
5115,Chennai,DGP Office,28.2,01-11-2006
5116,Chennai,Pachaiyappa college,18.1,01-11-2006
5117,Chennai,Anna university,18,01-11-2006
5118,Chennai,Ambathur,10,01-11-2006
5119,Chennai,Chennai AP,2.4,01-11-2006
5120,Chennai,Chennai nungambakkam,2.1,01-11-2006
5121,Chennai,Govt. arts college,0.5,01-11-2006
5122,Chennai,Anna university,19.6,02-11-2006
5123,Chennai,Chennai AP,7,02-11-2006
5124,Chennai,MYLAPORE-TRIPLICANE TALUK,3.2,02-11-2006
5125,Chennai,DGP Office,3,02-11-2006
5126,Chennai,Pachaiyappa college,2.7,02-11-2006
5127,Chennai,Govt. arts college,2.1,02-11-2006
5128,Chennai,Ambathur,2,02-11-2006
5129,Chennai,Chennai nungambakkam,2,02-11-2006
5130,Chennai,Chennai port trust,1.8,02-11-2006
5131,Chennai,Anna university,16.1,03-11-2006
5132,Chennai,Chennai AP,15,03-11-2006
5133,Chennai,Pachaiyappa college,13.5,03-11-2006
5134,Chennai,MYLAPORE-TRIPLICANE TALUK,12.4,03-11-2006
5135,Chennai,DGP Office,12,03-11-2006
5136,Chennai,Chennai nungambakkam,2,03-11-2006
5137,Chennai,Govt. arts college,1.6,03-11-2006
5138,Chennai,Chennai port trust,1,03-11-2006
5139,Chennai,Anna university,32.2,04-11-2006
5140,Chennai,Govt. arts college,31,04-11-2006
5141,Chennai,Chennai AP,30.3,04-11-2006
5142,Chennai,Pachaiyappa college,23.1,04-11-2006
5143,Chennai,MYLAPORE-TRIPLICANE TALUK,20.6,04-11-2006
5144,Chennai,DGP Office,20.6,04-11-2006
5145,Chennai,Chennai nungambakkam,15.8,04-11-2006
5146,Chennai,Chennai port trust,12.5,04-11-2006
5147,Chennai,Ambathur,4,04-11-2006
5148,Chennai,Anna university,20.2,05-11-2006
5149,Chennai,DGP Office,16.6,05-11-2006
5150,Chennai,MYLAPORE-TRIPLICANE TALUK,16.2,05-11-2006
5151,Chennai,Govt. arts college,8,05-11-2006
5152,Chennai,Chennai nungambakkam,4.7,05-11-2006
5153,Chennai,Pachaiyappa college,3.5,05-11-2006
5154,Chennai,Chennai AP,1.8,05-11-2006
5155,Chennai,Chennai port trust,1.5,05-11-2006
5156,Chennai,Chennai AP,25.6,06-11-2006
5157,Chennai,Anna university,17,06-11-2006
5158,Chennai,DGP Office,8.8,06-11-2006
5159,Chennai,Chennai nungambakkam,8.5,06-11-2006
5160,Chennai,MYLAPORE-TRIPLICANE TALUK,8.4,06-11-2006
5161,Chennai,Govt. arts college,8,06-11-2006
5162,Chennai,Pachaiyappa college,4.6,06-11-2006
5163,Chennai,Chennai port trust,4.3,06-11-2006
5164,Chennai,Chennai port trust,7.9,07-11-2006
5165,Chennai,Govt. arts college,7.6,07-11-2006
5166,Chennai,Ambathur,5,07-11-2006
5167,Chennai,Chennai nungambakkam,1.2,07-11-2006
5168,Chennai,Anna university,0.8,07-11-2006
5169,Chennai,Chennai AP,47.1,08-11-2006
5170,Chennai,Anna university,39.2,08-11-2006
5171,Chennai,Chennai nungambakkam,24.8,08-11-2006
5172,Chennai,Pachaiyappa college,23.9,08-11-2006
5173,Chennai,DGP Office,22.6,08-11-2006
5174,Chennai,MYLAPORE-TRIPLICANE TALUK,22.2,08-11-2006
5175,Chennai,Ambathur,6,08-11-2006
5176,Chennai,Govt. arts college,5.4,08-11-2006
5177,Chennai,Chennai port trust,4.5,08-11-2006
5178,Chennai,Chennai nungambakkam,27.3,09-11-2006
5179,Chennai,Ambathur,23,09-11-2006
5180,Chennai,Chennai port trust,21.1,09-11-2006
5181,Chennai,Govt. arts college,17,09-11-2006
5182,Chennai,Chennai AP,13.4,09-11-2006
5183,Chennai,Pachaiyappa college,4.1,09-11-2006
5184,Chennai,Anna university,2.3,09-11-2006
5185,Chennai,DGP Office,2.2,09-11-2006
5186,Chennai,MYLAPORE-TRIPLICANE TALUK,2,09-11-2006
5187,Chennai,Chennai port trust,14.2,10-11-2006
5188,Chennai,Chennai AP,5.3,10-11-2006
5189,Chennai,Chennai nungambakkam,4.4,10-11-2006
5190,Chennai,DGP Office,3.8,10-11-2006
5191,Chennai,MYLAPORE-TRIPLICANE TALUK,3.4,10-11-2006
5192,Chennai,Pachaiyappa college,3.2,10-11-2006
5193,Chennai,Anna university,2.6,10-11-2006
5194,Chennai,Govt. arts college,2.5,10-11-2006
5195,Chennai,Ambathur,2,10-11-2006
5196,Chennai,Govt. arts college,28,11-11-2006
5197,Chennai,Chennai port trust,26.2,11-11-2006
5198,Chennai,DGP Office,18.6,11-11-2006
5199,Chennai,Pachaiyappa college,18.5,11-11-2006
5200,Chennai,MYLAPORE-TRIPLICANE TALUK,18.4,11-11-2006
5201,Chennai,Chennai nungambakkam,17.6,11-11-2006
5202,Chennai,Ambathur,15,11-11-2006
5203,Chennai,Chennai AP,7.3,11-11-2006
5204,Chennai,Anna university,2.8,11-11-2006
5205,Chennai,Chennai AP,16,12-11-2006
5206,Chennai,Chennai nungambakkam,13.8,12-11-2006
5207,Chennai,Govt. arts college,10.1,12-11-2006
5208,Chennai,Chennai port trust,8.1,12-11-2006
5209,Chennai,Pachaiyappa college,7.1,12-11-2006
5210,Chennai,DGP Office,6.8,12-11-2006
5211,Chennai,MYLAPORE-TRIPLICANE TALUK,6.2,12-11-2006
5212,Chennai,Anna university,2.2,12-11-2006
5213,Chennai,Ambathur,2,12-11-2006
5214,Chennai,Ambathur,65,13-11-2006
5215,Chennai,Govt. arts college,9.5,13-11-2006
5216,Chennai,DGP Office,8.6,13-11-2006
5217,Chennai,MYLAPORE-TRIPLICANE TALUK,8.4,13-11-2006
5218,Chennai,Pachaiyappa college,7.8,13-11-2006
5219,Chennai,Anna university,7.4,13-11-2006
5220,Chennai,Chennai port trust,5.8,13-11-2006
5221,Chennai,Chennai nungambakkam,5.2,13-11-2006
5222,Chennai,Chennai AP,3.8,13-11-2006
5223,Chennai,Govt. arts college,9.3,14-11-2006
5224,Chennai,Ambathur,5,14-11-2006
5225,Chennai,Chennai nungambakkam,3.2,14-11-2006
5226,Chennai,Chennai AP,3.1,14-11-2006
5227,Chennai,Anna university,3,14-11-2006
5228,Chennai,DGP Office,2.8,14-11-2006
5229,Chennai,Chennai port trust,2.3,14-11-2006
5230,Chennai,MYLAPORE-TRIPLICANE TALUK,2.2,14-11-2006
5231,Chennai,Pachaiyappa college,0.9,14-11-2006
5232,Chennai,Ambathur,14,15-11-2006
5233,Chennai,Chennai nungambakkam,9.1,15-11-2006
5234,Chennai,Chennai port trust,8.5,15-11-2006
5235,Chennai,Anna university,6,15-11-2006
5236,Chennai,Pachaiyappa college,5.5,15-11-2006
5237,Chennai,MYLAPORE-TRIPLICANE TALUK,5.4,15-11-2006
5238,Chennai,DGP Office,5.2,15-11-2006
5239,Chennai,Chennai AP,4.4,15-11-2006
5240,Chennai,Govt. arts college,1.5,15-11-2006
5241,Chennai,Govt. arts college,21,16-11-2006
5242,Chennai,Chennai nungambakkam,16.3,16-11-2006
5243,Chennai,Ambathur,16,16-11-2006
5244,Chennai,Chennai port trust,12.05,16-11-2006
5245,Chennai,Chennai AP,10,16-11-2006
5246,Chennai,Pachaiyappa college,8.4,16-11-2006
5247,Chennai,DGP Office,8,16-11-2006
5248,Chennai,MYLAPORE-TRIPLICANE TALUK,7.8,16-11-2006
5249,Chennai,Anna university,7,16-11-2006
5250,Chennai,Ambathur,8,17-11-2006
5251,Chennai,Govt. arts college,7,17-11-2006
5252,Chennai,Chennai nungambakkam,6.3,17-11-2006
5253,Chennai,Anna university,6.1,17-11-2006
5254,Chennai,Pachaiyappa college,4.4,17-11-2006
5255,Chennai,MYLAPORE-TRIPLICANE TALUK,4.4,17-11-2006
5256,Chennai,DGP Office,4.2,17-11-2006
5257,Chennai,Chennai AP,3,17-11-2006
5258,Chennai,Chennai AP,43,18-11-2006
5259,Chennai,Anna university,42.6,18-11-2006
5260,Chennai,Pachaiyappa college,27.4,18-11-2006
5261,Chennai,DGP Office,27.4,18-11-2006
5262,Chennai,MYLAPORE-TRIPLICANE TALUK,26.8,18-11-2006
5263,Chennai,Chennai nungambakkam,17.3,18-11-2006
5264,Chennai,Ambathur,13,18-11-2006
5265,Chennai,Govt. arts college,2.5,18-11-2006
5266,Chennai,Chennai port trust,1.6,18-11-2006
5267,Chennai,Ambathur,51,19-11-2006
5268,Chennai,Anna university,44.6,19-11-2006
5269,Chennai,Chennai port trust,40.9,19-11-2006
5270,Chennai,Chennai nungambakkam,40,19-11-2006
5271,Chennai,Govt. arts college,32,19-11-2006
5272,Chennai,Pachaiyappa college,30.5,19-11-2006
5273,Chennai,DGP Office,30,19-11-2006
5274,Chennai,MYLAPORE-TRIPLICANE TALUK,29.8,19-11-2006
5275,Chennai,Chennai AP,20.9,19-11-2006
5276,Chennai,Chennai AP,17.1,20-11-2006
5277,Chennai,Govt. arts college,15,20-11-2006
5278,Chennai,Ambathur,11,20-11-2006
5279,Chennai,Anna university,7.3,20-11-2006
5280,Chennai,DGP Office,6.4,20-11-2006
5281,Chennai,MYLAPORE-TRIPLICANE TALUK,6.2,20-11-2006
5282,Chennai,Pachaiyappa college,5.7,20-11-2006
5283,Chennai,Chennai nungambakkam,5.3,20-11-2006
5284,Chennai,Chennai port trust,4.8,20-11-2006
5285,Chennai,Ambathur,6,21-11-2006
5286,Chennai,Chennai nungambakkam,0.5,27-11-2006
5287,Chennai,Chennai AP,0.3,27-11-2006
5288,Chennai,Anna university,0.2,27-11-2006
5289,Chennai,Anna university,4.8,29-11-2006
5290,Chennai,Govt. arts college,3.5,29-11-2006
5291,Chennai,Chennai nungambakkam,3.4,29-11-2006
5292,Chennai,Pachaiyappa college,0.9,29-11-2006
5293,Chennai,Chennai AP,0.4,29-11-2006
5294,Chennai,Chennai nungambakkam,7.2,30-11-2006
5295,Chennai,Govt. arts college,2.3,30-11-2006
5296,Chennai,Chennai AP,0.6,30-11-2006
5297,Chennai,Chennai nungambakkam,2.7,10-12-2006
5298,Chennai,Chennai AP,1.5,10-12-2006
5299,Chennai,Anna university,5.2,11-12-2006
5300,Chennai,Chennai AP,4.9,11-12-2006
5301,Chennai,Ambathur,3,11-12-2006
5302,Chennai,Pachaiyappa college,2.2,11-12-2006
5303,Chennai,Chennai nungambakkam,1.6,11-12-2006
5304,Chennai,DGP Office,1,11-12-2006
5305,Chennai,MYLAPORE-TRIPLICANE TALUK,0.8,11-12-2006
5306,Chennai,Chennai nungambakkam,15.7,12-12-2006
5307,Chennai,Anna university,15,12-12-2006
5308,Chennai,Chennai AP,12.9,12-12-2006
5309,Chennai,Pachaiyappa college,4.4,12-12-2006
5310,Chennai,DGP Office,4.4,12-12-2006
5311,Chennai,MYLAPORE-TRIPLICANE TALUK,4.2,12-12-2006
5312,Chennai,Ambathur,2,12-12-2006
5313,Chennai,Chennai AP,0.3,13-12-2006
5314,Chennai,Ambathur,2,21-12-2006
5315,Chennai,Chennai nungambakkam,0.8,21-12-2006
5316,Chennai,Chennai AP,0.3,21-12-2006
5317,Chennai,Chennai AP,0.5,22-12-2006
5318,Chennai,Chennai AP,15.2,18-02-2007
5319,Chennai,Chennai nungambakkam,2.4,18-02-2007
5320,Chennai,Chennai AP,9.8,14-04-2007
5321,Chennai,Govt. arts college,0.1,14-04-2007
5322,Chennai,Chennai nungambakkam,0.1,14-04-2007
5323,Chennai,Ambathur,4,04-05-2007
5324,Chennai,Chennai AP,2.6,04-05-2007
5325,Chennai,Chennai AP,9.6,07-06-2007
5326,Chennai,Ambathur,2,11-06-2007
5327,Chennai,Chennai AP,1.7,11-06-2007
5328,Chennai,Ambathur,1,12-06-2007
5329,Chennai,Ambathur,8,15-06-2007
5330,Chennai,Chennai nungambakkam,6.8,15-06-2007
5331,Chennai,Pachaiyappa college,5.1,15-06-2007
5332,Chennai,MYLAPORE-TRIPLICANE TALUK,4.8,15-06-2007
5333,Chennai,DGP Office,4.5,15-06-2007
5334,Chennai,Govt. arts college,4.5,15-06-2007
5335,Chennai,Chennai port trust,4.1,15-06-2007
5336,Chennai,Anna university,3.9,15-06-2007
5337,Chennai,Ambathur,2,16-06-2007
5338,Chennai,Chennai AP,15.8,17-06-2007
5339,Chennai,Anna university,1.1,17-06-2007
5340,Chennai,Chennai nungambakkam,5.6,18-06-2007
5341,Chennai,Chennai AP,3.2,18-06-2007
5342,Chennai,Anna university,2.3,18-06-2007
5343,Chennai,MYLAPORE-TRIPLICANE TALUK,2.3,18-06-2007
5344,Chennai,DGP Office,2.3,18-06-2007
5345,Chennai,Pachaiyappa college,2.2,18-06-2007
5346,Chennai,Govt. arts college,2.1,18-06-2007
5347,Chennai,Ambathur,2,18-06-2007
5348,Chennai,Chennai port trust,1.9,18-06-2007
5349,Chennai,Chennai nungambakkam,25.5,19-06-2007
5350,Chennai,Anna university,14,19-06-2007
5351,Chennai,Ambathur,9,19-06-2007
5352,Chennai,Chennai AP,8,19-06-2007
5353,Chennai,Govt. arts college,2,19-06-2007
5354,Chennai,Chennai port trust,1.9,19-06-2007
5355,Chennai,MYLAPORE-TRIPLICANE TALUK,1.6,19-06-2007
5356,Chennai,DGP Office,1.4,19-06-2007
5357,Chennai,Pachaiyappa college,1.3,19-06-2007
5358,Chennai,Chennai AP,4.6,20-06-2007
5359,Chennai,Chennai nungambakkam,3.7,20-06-2007
5360,Chennai,Ambathur,2,20-06-2007
5361,Chennai,Chennai port trust,2,20-06-2007
5362,Chennai,Anna university,1.6,20-06-2007
5363,Chennai,Govt. arts college,1.5,20-06-2007
5364,Chennai,MYLAPORE-TRIPLICANE TALUK,1.1,20-06-2007
5365,Chennai,Chennai nungambakkam,5.6,21-06-2007
5366,Chennai,Chennai port trust,4.6,21-06-2007
5367,Chennai,Anna university,4.4,21-06-2007
5368,Chennai,Chennai AP,3.6,21-06-2007
5369,Chennai,Govt. arts college,3.5,21-06-2007
5370,Chennai,Ambathur,2,21-06-2007
5371,Chennai,MYLAPORE-TRIPLICANE TALUK,1,21-06-2007
5372,Chennai,DGP Office,0.8,21-06-2007
5373,Chennai,Pachaiyappa college,0.5,21-06-2007
5374,Chennai,Ambathur,33,22-06-2007
5375,Chennai,Chennai nungambakkam,24.4,22-06-2007
5376,Chennai,Anna university,21,22-06-2007
5377,Chennai,Chennai AP,19.3,22-06-2007
5378,Chennai,DGP Office,9.2,22-06-2007
5379,Chennai,MYLAPORE-TRIPLICANE TALUK,8.6,22-06-2007
5380,Chennai,Pachaiyappa college,8.4,22-06-2007
5381,Chennai,Chennai port trust,4.6,22-06-2007
5382,Chennai,Govt. arts college,3.9,22-06-2007
5383,Chennai,Chennai nungambakkam,0.3,23-06-2007
5384,Chennai,MYLAPORE-TRIPLICANE TALUK,0.2,23-06-2007
5385,Chennai,Anna university,0.1,23-06-2007
5386,Chennai,Govt. arts college,0.1,23-06-2007
5387,Chennai,Chennai AP,0.1,23-06-2007
5388,Chennai,Chennai nungambakkam,10.6,26-06-2007
5389,Chennai,MYLAPORE-TRIPLICANE TALUK,3.1,26-06-2007
5390,Chennai,Anna university,2.6,26-06-2007
5391,Chennai,DGP Office,2.5,26-06-2007
5392,Chennai,Govt. arts college,2.3,26-06-2007
5393,Chennai,Chennai port trust,1.9,26-06-2007
5394,Chennai,Pachaiyappa college,1.8,26-06-2007
5395,Chennai,Chennai AP,0.6,26-06-2007
5396,Chennai,Ambathur,12,27-06-2007
5397,Chennai,Chennai AP,12,27-06-2007
5398,Chennai,Anna university,6,27-06-2007
5399,Chennai,Chennai nungambakkam,6,27-06-2007
5400,Chennai,DGP Office,5.4,27-06-2007
5401,Chennai,MYLAPORE-TRIPLICANE TALUK,4.8,27-06-2007
5402,Chennai,Chennai port trust,4.6,27-06-2007
5403,Chennai,Govt. arts college,4.5,27-06-2007
5404,Chennai,Pachaiyappa college,3.7,27-06-2007
5405,Chennai,Ambathur,3,28-06-2007
5406,Chennai,Chennai nungambakkam,1,28-06-2007
5407,Chennai,Chennai AP,0.6,28-06-2007
5408,Chennai,Chennai AP,16.9,29-06-2007
5409,Chennai,Anna university,8.6,29-06-2007
5410,Chennai,Pachaiyappa college,7.9,29-06-2007
5411,Chennai,DGP Office,7.8,29-06-2007
5412,Chennai,MYLAPORE-TRIPLICANE TALUK,7.5,29-06-2007
5413,Chennai,Chennai port trust,3.8,29-06-2007
5414,Chennai,Govt. arts college,3.4,29-06-2007
5415,Chennai,Chennai nungambakkam,3.2,29-06-2007
5416,Chennai,Ambathur,1,29-06-2007
5417,Chennai,Chennai AP,9.9,30-06-2007
5418,Chennai,Pachaiyappa college,5.4,30-06-2007
5419,Chennai,Anna university,5,30-06-2007
5420,Chennai,MYLAPORE-TRIPLICANE TALUK,4.4,30-06-2007
5421,Chennai,DGP Office,4.2,30-06-2007
5422,Chennai,Chennai port trust,3.9,30-06-2007
5423,Chennai,Govt. arts college,3.8,30-06-2007
5424,Chennai,Ambathur,3,30-06-2007
5425,Chennai,Chennai nungambakkam,1.5,30-06-2007
5426,Chennai,Ambathur,6,06-07-2007
5427,Chennai,Chennai nungambakkam,1.5,06-07-2007
5428,Chennai,Chennai AP,0.2,06-07-2007
5429,Chennai,Ambathur,2,07-07-2007
5430,Chennai,Chennai nungambakkam,0.8,07-07-2007
5431,Chennai,Chennai nungambakkam,7,09-07-2007
5432,Chennai,Pachaiyappa college,4.7,09-07-2007
5433,Chennai,Chennai port trust,4.3,09-07-2007
5434,Chennai,Anna university,4.2,09-07-2007
5435,Chennai,MYLAPORE-TRIPLICANE TALUK,4.2,09-07-2007
5436,Chennai,Ambathur,4,09-07-2007
5437,Chennai,DGP Office,4,09-07-2007
5438,Chennai,Govt. arts college,3.9,09-07-2007
5439,Chennai,Chennai AP,2.8,09-07-2007
5440,Chennai,Anna university,6.1,10-07-2007
5441,Chennai,Pachaiyappa college,5.5,10-07-2007
5442,Chennai,Chennai nungambakkam,5.5,10-07-2007
5443,Chennai,DGP Office,5.4,10-07-2007
5444,Chennai,Ambathur,5,10-07-2007
5445,Chennai,MYLAPORE-TRIPLICANE TALUK,4.6,10-07-2007
5446,Chennai,Govt. arts college,4.5,10-07-2007
5447,Chennai,Chennai port trust,4.3,10-07-2007
5448,Chennai,Chennai AP,1,10-07-2007
5449,Chennai,Ambathur,5,11-07-2007
5450,Chennai,Chennai nungambakkam,0.6,11-07-2007
5451,Chennai,DGP Office,0.4,11-07-2007
5452,Chennai,MYLAPORE-TRIPLICANE TALUK,0.3,11-07-2007
5453,Chennai,Govt. arts college,0.3,11-07-2007
5454,Chennai,Chennai port trust,0.3,11-07-2007
5455,Chennai,Chennai AP,0.3,11-07-2007
5456,Chennai,Pachaiyappa college,0.2,11-07-2007
5457,Chennai,Anna university,0.2,11-07-2007
5458,Chennai,Chennai nungambakkam,36,12-07-2007
5459,Chennai,Anna university,27.8,12-07-2007
5460,Chennai,Ambathur,25,12-07-2007
5461,Chennai,DGP Office,24.6,12-07-2007
5462,Chennai,Pachaiyappa college,24.5,12-07-2007
5463,Chennai,MYLAPORE-TRIPLICANE TALUK,24.5,12-07-2007
5464,Chennai,Chennai AP,15.9,12-07-2007
5465,Chennai,Govt. arts college,15,12-07-2007
5466,Chennai,Chennai port trust,13.5,12-07-2007
5467,Chennai,Ambathur,45,13-07-2007
5468,Chennai,Anna university,45,13-07-2007
5469,Chennai,Chennai AP,43.4,13-07-2007
5470,Chennai,DGP Office,42.2,13-07-2007
5471,Chennai,MYLAPORE-TRIPLICANE TALUK,36,13-07-2007
5472,Chennai,Pachaiyappa college,32.5,13-07-2007
5473,Chennai,Chennai nungambakkam,32.2,13-07-2007
5474,Chennai,Govt. arts college,32,13-07-2007
5475,Chennai,Chennai port trust,31,13-07-2007
5476,Chennai,Pachaiyappa college,10.6,14-07-2007
5477,Chennai,DGP Office,10.6,14-07-2007
5478,Chennai,MYLAPORE-TRIPLICANE TALUK,10.2,14-07-2007
5479,Chennai,Chennai AP,9.9,14-07-2007
5480,Chennai,Anna university,6.2,14-07-2007
5481,Chennai,Chennai nungambakkam,1.5,14-07-2007
5482,Chennai,Govt. arts college,0.3,14-07-2007
5483,Chennai,DGP Office,26.2,15-07-2007
5484,Chennai,Chennai nungambakkam,26.1,15-07-2007
5485,Chennai,MYLAPORE-TRIPLICANE TALUK,21.4,15-07-2007
5486,Chennai,Pachaiyappa college,16.5,15-07-2007
5487,Chennai,Govt. arts college,16.5,15-07-2007
5488,Chennai,Chennai port trust,10.5,15-07-2007
5489,Chennai,Anna university,3.2,15-07-2007
5490,Chennai,Ambathur,2,15-07-2007
5491,Chennai,Chennai AP,0.2,15-07-2007
5492,Chennai,Ambathur,10,16-07-2007
5493,Chennai,Govt. arts college,9.5,16-07-2007
5494,Chennai,Chennai port trust,5.6,16-07-2007
5495,Chennai,Chennai nungambakkam,4.3,16-07-2007
5496,Chennai,Chennai AP,1.5,16-07-2007
5497,Chennai,Chennai AP,7.7,17-07-2007
5498,Chennai,Chennai nungambakkam,5.4,17-07-2007
5499,Chennai,DGP Office,4.1,17-07-2007
5500,Chennai,MYLAPORE-TRIPLICANE TALUK,3.8,17-07-2007
5501,Chennai,Pachaiyappa college,3.3,17-07-2007
5502,Chennai,Anna university,1.3,17-07-2007
5503,Chennai,Govt. arts college,0.6,17-07-2007
5504,Chennai,Chennai port trust,0.4,17-07-2007
5505,Chennai,DGP Office,4.6,18-07-2007
5506,Chennai,MYLAPORE-TRIPLICANE TALUK,4.4,18-07-2007
5507,Chennai,Govt. arts college,3,18-07-2007
5508,Chennai,Pachaiyappa college,2.5,18-07-2007
5509,Chennai,Ambathur,1,18-07-2007
5510,Chennai,Chennai AP,0.9,18-07-2007
5511,Chennai,Chennai nungambakkam,0.6,18-07-2007
5512,Chennai,Anna university,0.5,18-07-2007
5513,Chennai,Chennai AP,9.2,19-07-2007
5514,Chennai,Ambathur,45,22-07-2007
5515,Chennai,Pachaiyappa college,16.1,22-07-2007
5516,Chennai,DGP Office,15.2,22-07-2007
5517,Chennai,MYLAPORE-TRIPLICANE TALUK,14.8,22-07-2007
5518,Chennai,Anna university,14.6,22-07-2007
5519,Chennai,Chennai nungambakkam,12.3,22-07-2007
5520,Chennai,Govt. arts college,6.2,22-07-2007
5521,Chennai,Chennai port trust,6.1,22-07-2007
5522,Chennai,Chennai AP,5.1,22-07-2007
5523,Chennai,Chennai AP,0.2,24-07-2007
5524,Chennai,Chennai AP,0.6,25-07-2007
5525,Chennai,Chennai nungambakkam,0.3,25-07-2007
5526,Chennai,Chennai nungambakkam,1.2,26-07-2007
5527,Chennai,Chennai AP,0.4,26-07-2007
5528,Chennai,Govt. arts college,0.2,26-07-2007
5529,Chennai,Chennai port trust,0.2,26-07-2007
5530,Chennai,Chennai AP,0.6,27-07-2007
5531,Chennai,Chennai nungambakkam,75.2,28-07-2007
5532,Chennai,Anna university,73,28-07-2007
5533,Chennai,Chennai AP,26.2,28-07-2007
5534,Chennai,MYLAPORE-TRIPLICANE TALUK,14.2,28-07-2007
5535,Chennai,DGP Office,13.7,28-07-2007
5536,Chennai,Pachaiyappa college,13.1,28-07-2007
5537,Chennai,Govt. arts college,3.5,28-07-2007
5538,Chennai,Chennai port trust,3.2,28-07-2007
5539,Chennai,Ambathur,1,28-07-2007
5540,Chennai,Chennai AP,45,29-07-2007
5541,Chennai,Ambathur,32,29-07-2007
5542,Chennai,Anna university,16.4,29-07-2007
5543,Chennai,Chennai nungambakkam,8.5,29-07-2007
5544,Chennai,MYLAPORE-TRIPLICANE TALUK,5.2,29-07-2007
5545,Chennai,DGP Office,4.8,29-07-2007
5546,Chennai,Govt. arts college,3.8,29-07-2007
5547,Chennai,Pachaiyappa college,3.7,29-07-2007
5548,Chennai,Chennai port trust,3.1,29-07-2007
5549,Chennai,Ambathur,62,30-07-2007
5550,Chennai,Chennai nungambakkam,34.4,30-07-2007
5551,Chennai,Govt. arts college,21.7,30-07-2007
5552,Chennai,Chennai AP,20.9,30-07-2007
5553,Chennai,Anna university,19,30-07-2007
5554,Chennai,DGP Office,9.2,30-07-2007
5555,Chennai,Chennai port trust,9.1,30-07-2007
5556,Chennai,MYLAPORE-TRIPLICANE TALUK,8.9,30-07-2007
5557,Chennai,Pachaiyappa college,7.9,30-07-2007
5558,Chennai,Anna university,4,31-07-2007
5559,Chennai,Ambathur,3,31-07-2007
5560,Chennai,DGP Office,2.4,31-07-2007
5561,Chennai,MYLAPORE-TRIPLICANE TALUK,2.1,31-07-2007
5562,Chennai,Chennai AP,1.4,31-07-2007
5563,Chennai,Chennai nungambakkam,0.6,31-07-2007
5564,Chennai,Govt. arts college,0.2,31-07-2007
5565,Chennai,Chennai port trust,0.2,31-07-2007
5566,Chennai,Ambathur,106,01-08-2007
5567,Chennai,Chennai AP,13.7,01-08-2007
5568,Chennai,Chennai nungambakkam,13.6,01-08-2007
5569,Chennai,Govt. arts college,12.2,01-08-2007
5570,Chennai,DGP Office,5.8,01-08-2007
5571,Chennai,Pachaiyappa college,5.5,01-08-2007
5572,Chennai,MYLAPORE-TRIPLICANE TALUK,5.2,01-08-2007
5573,Chennai,Chennai port trust,4.5,01-08-2007
5574,Chennai,Anna university,4,01-08-2007
5575,Chennai,Chennai AP,26.4,02-08-2007
5576,Chennai,Pachaiyappa college,13.7,02-08-2007
5577,Chennai,DGP Office,13.6,02-08-2007
5578,Chennai,MYLAPORE-TRIPLICANE TALUK,13.4,02-08-2007
5579,Chennai,Chennai nungambakkam,9.7,02-08-2007
5580,Chennai,Anna university,6.2,02-08-2007
5581,Chennai,Chennai port trust,3.2,02-08-2007
5582,Chennai,Govt. arts college,3,02-08-2007
5583,Chennai,Anna university,1,03-08-2007
5584,Chennai,Chennai nungambakkam,0.3,03-08-2007
5585,Chennai,Chennai AP,0.3,03-08-2007
5586,Chennai,Anna university,0.6,04-08-2007
5587,Chennai,Chennai nungambakkam,0.3,04-08-2007
5588,Chennai,Chennai AP,0.1,04-08-2007
5589,Chennai,Chennai nungambakkam,0.4,05-08-2007
5590,Chennai,Ambathur,2,06-08-2007
5591,Chennai,Chennai nungambakkam,0.3,06-08-2007
5592,Chennai,Chennai AP,15,12-08-2007
5593,Chennai,Anna university,5.1,12-08-2007
5594,Chennai,MYLAPORE-TRIPLICANE TALUK,4.4,12-08-2007
5595,Chennai,DGP Office,4.2,12-08-2007
5596,Chennai,Chennai nungambakkam,3.6,12-08-2007
5597,Chennai,Govt. arts college,1.8,12-08-2007
5598,Chennai,Chennai port trust,1.6,12-08-2007
5599,Chennai,Pachaiyappa college,1.5,12-08-2007
5600,Chennai,Chennai nungambakkam,6,13-08-2007
5601,Chennai,Chennai AP,29.7,17-08-2007
5602,Chennai,DGP Office,28.6,17-08-2007
5603,Chennai,Anna university,28.3,17-08-2007
5604,Chennai,MYLAPORE-TRIPLICANE TALUK,28.2,17-08-2007
5605,Chennai,Pachaiyappa college,21.5,17-08-2007
5606,Chennai,Chennai nungambakkam,15.8,17-08-2007
5607,Chennai,Chennai port trust,3.7,17-08-2007
5608,Chennai,Ambathur,3,17-08-2007
5609,Chennai,Govt. arts college,2.6,17-08-2007
5610,Chennai,Chennai AP,26.7,18-08-2007
5611,Chennai,DGP Office,25.2,18-08-2007
5612,Chennai,MYLAPORE-TRIPLICANE TALUK,24.8,18-08-2007
5613,Chennai,Anna university,15.3,18-08-2007
5614,Chennai,Pachaiyappa college,14.7,18-08-2007
5615,Chennai,Chennai nungambakkam,7.4,18-08-2007
5616,Chennai,Ambathur,4,18-08-2007
5617,Chennai,Anna university,18.5,19-08-2007
5618,Chennai,Chennai AP,16.4,19-08-2007
5619,Chennai,Ambathur,12,19-08-2007
5620,Chennai,DGP Office,8.2,19-08-2007
5621,Chennai,Pachaiyappa college,7.6,19-08-2007
5622,Chennai,MYLAPORE-TRIPLICANE TALUK,7.6,19-08-2007
5623,Chennai,Govt. arts college,2.4,19-08-2007
5624,Chennai,Chennai port trust,2.3,19-08-2007
5625,Chennai,Chennai nungambakkam,2,19-08-2007
5626,Chennai,Chennai nungambakkam,0.9,20-08-2007
5627,Chennai,MYLAPORE-TRIPLICANE TALUK,30.8,21-08-2007
5628,Chennai,DGP Office,30.2,21-08-2007
5629,Chennai,Pachaiyappa college,17.6,21-08-2007
5630,Chennai,Ambathur,17,21-08-2007
5631,Chennai,Chennai nungambakkam,16,21-08-2007
5632,Chennai,Chennai AP,15.5,21-08-2007
5633,Chennai,Anna university,11.1,21-08-2007
5634,Chennai,Chennai port trust,6.8,21-08-2007
5635,Chennai,Govt. arts college,6.1,21-08-2007
5636,Chennai,Ambathur,20,22-08-2007
5637,Chennai,Chennai AP,17.4,22-08-2007
5638,Chennai,Pachaiyappa college,16.8,22-08-2007
5639,Chennai,DGP Office,16.8,22-08-2007
5640,Chennai,MYLAPORE-TRIPLICANE TALUK,16.6,22-08-2007
5641,Chennai,Chennai nungambakkam,8.6,22-08-2007
5642,Chennai,Govt. arts college,3.2,22-08-2007
5643,Chennai,Chennai port trust,3.2,22-08-2007
5644,Chennai,Anna university,3,22-08-2007
5645,Chennai,Ambathur,65,23-08-2007
5646,Chennai,Govt. arts college,44,23-08-2007
5647,Chennai,Chennai nungambakkam,32.7,23-08-2007
5648,Chennai,Chennai port trust,32.5,23-08-2007
5649,Chennai,DGP Office,17.6,23-08-2007
5650,Chennai,MYLAPORE-TRIPLICANE TALUK,17.4,23-08-2007
5651,Chennai,Pachaiyappa college,17.1,23-08-2007
5652,Chennai,Chennai AP,14.3,23-08-2007
5653,Chennai,Anna university,4,23-08-2007
5654,Chennai,Ambathur,10,24-08-2007
5655,Chennai,Chennai nungambakkam,6,24-08-2007
5656,Chennai,Govt. arts college,4.5,24-08-2007
5657,Chennai,Chennai port trust,3.9,24-08-2007
5658,Chennai,Chennai AP,2,24-08-2007
5659,Chennai,Anna university,0.5,24-08-2007
5660,Chennai,Ambathur,17,28-08-2007
5661,Chennai,Chennai nungambakkam,0.8,28-08-2007
5662,Chennai,Anna university,7,29-08-2007
5663,Chennai,Chennai AP,5.1,29-08-2007
5664,Chennai,Chennai nungambakkam,4.8,29-08-2007
5665,Chennai,Govt. arts college,73,30-08-2007
5666,Chennai,Ambathur,64,30-08-2007
5667,Chennai,MYLAPORE-TRIPLICANE TALUK,36.4,30-08-2007
5668,Chennai,DGP Office,36.2,30-08-2007
5669,Chennai,Chennai nungambakkam,35.9,30-08-2007
5670,Chennai,Pachaiyappa college,34.1,30-08-2007
5671,Chennai,Chennai port trust,33.5,30-08-2007
5672,Chennai,Chennai AP,30.4,30-08-2007
5673,Chennai,Ambathur,16,31-08-2007
5674,Chennai,Anna university,10.1,31-08-2007
5675,Chennai,Chennai AP,8.4,31-08-2007
5676,Chennai,DGP Office,6.6,31-08-2007
5677,Chennai,Pachaiyappa college,6.4,31-08-2007
5678,Chennai,MYLAPORE-TRIPLICANE TALUK,6.1,31-08-2007
5679,Chennai,Chennai nungambakkam,5.8,31-08-2007
5680,Chennai,Govt. arts college,5,31-08-2007
5681,Chennai,Chennai port trust,4.1,31-08-2007
5682,Chennai,Chennai AP,3.4,01-09-2007
5683,Chennai,Chennai nungambakkam,0.5,01-09-2007
5684,Chennai,Anna university,0.4,01-09-2007
5685,Chennai,DGP Office,13.4,03-09-2007
5686,Chennai,MYLAPORE-TRIPLICANE TALUK,13.2,03-09-2007
5687,Chennai,Ambathur,13,03-09-2007
5688,Chennai,Pachaiyappa college,7.9,03-09-2007
5689,Chennai,Chennai nungambakkam,2.1,03-09-2007
5690,Chennai,Chennai AP,1,03-09-2007
5691,Chennai,Govt. arts college,0.6,03-09-2007
5692,Chennai,Anna university,0.4,03-09-2007
5693,Chennai,Ambathur,26,05-09-2007
5694,Chennai,Govt. arts college,5.2,05-09-2007
5695,Chennai,Chennai port trust,4.9,05-09-2007
5696,Chennai,Chennai nungambakkam,1.5,05-09-2007
5697,Chennai,Anna university,0.5,05-09-2007
5698,Chennai,Anna university,91.4,06-09-2007
5699,Chennai,DGP Office,80.4,06-09-2007
5700,Chennai,MYLAPORE-TRIPLICANE TALUK,80.2,06-09-2007
5701,Chennai,Pachaiyappa college,79,06-09-2007
5702,Chennai,Chennai port trust,78,06-09-2007
5703,Chennai,Chennai nungambakkam,67.9,06-09-2007
5704,Chennai,Govt. arts college,58,06-09-2007
5705,Chennai,Chennai AP,52,06-09-2007
5706,Chennai,Ambathur,34,06-09-2007
5707,Chennai,Chennai AP,15.5,14-09-2007
5708,Chennai,Chennai nungambakkam,14.9,14-09-2007
5709,Chennai,Anna university,13.8,14-09-2007
5710,Chennai,Pachaiyappa college,9.7,14-09-2007
5711,Chennai,Govt. arts college,9.6,14-09-2007
5712,Chennai,DGP Office,8.8,14-09-2007
5713,Chennai,MYLAPORE-TRIPLICANE TALUK,8.6,14-09-2007
5714,Chennai,Chennai port trust,8.4,14-09-2007
5715,Chennai,Chennai AP,9.6,15-09-2007
5716,Chennai,Anna university,19.4,16-09-2007
5717,Chennai,Chennai AP,6.1,16-09-2007
5718,Chennai,Chennai nungambakkam,1.2,16-09-2007
5719,Chennai,Chennai port trust,5.1,17-09-2007
5720,Chennai,Govt. arts college,4.6,17-09-2007
5721,Chennai,Ambathur,3,17-09-2007
5722,Chennai,Chennai AP,2.4,17-09-2007
5723,Chennai,Chennai nungambakkam,1.5,17-09-2007
5724,Chennai,Anna university,1,17-09-2007
5725,Chennai,Chennai AP,1.5,18-09-2007
5726,Chennai,DGP Office,16.6,19-09-2007
5727,Chennai,MYLAPORE-TRIPLICANE TALUK,16.4,19-09-2007
5728,Chennai,Anna university,15.6,19-09-2007
5729,Chennai,Pachaiyappa college,14.2,19-09-2007
5730,Chennai,Chennai nungambakkam,11.6,19-09-2007
5731,Chennai,Chennai AP,11.2,19-09-2007
5732,Chennai,Govt. arts college,1.2,19-09-2007
5733,Chennai,Chennai port trust,1,19-09-2007
5734,Chennai,Ambathur,3,20-09-2007
5735,Chennai,Govt. arts college,2.6,20-09-2007
5736,Chennai,Chennai nungambakkam,0.2,20-09-2007
5737,Chennai,Chennai AP,0.2,21-09-2007
5738,Chennai,Anna university,39.1,28-09-2007
5739,Chennai,Chennai nungambakkam,27.9,28-09-2007
5740,Chennai,Chennai AP,25.5,28-09-2007
5741,Chennai,Chennai port trust,21.8,28-09-2007
5742,Chennai,Pachaiyappa college,20.7,28-09-2007
5743,Chennai,DGP Office,18.7,28-09-2007
5744,Chennai,Govt. arts college,17.6,28-09-2007
5745,Chennai,MYLAPORE-TRIPLICANE TALUK,15.2,28-09-2007
5746,Chennai,Ambathur,2,28-09-2007
5747,Chennai,Ambathur,58,30-09-2007
5748,Chennai,Anna university,43.2,30-09-2007
5749,Chennai,Chennai nungambakkam,38.4,30-09-2007
5750,Chennai,Chennai port trust,31.5,30-09-2007
5751,Chennai,Govt. arts college,28,30-09-2007
5752,Chennai,Chennai AP,22.5,30-09-2007
5753,Chennai,DGP Office,19.8,30-09-2007
5754,Chennai,MYLAPORE-TRIPLICANE TALUK,19.6,30-09-2007
5755,Chennai,Pachaiyappa college,19.1,30-09-2007
5756,Chennai,Chennai nungambakkam,3.4,01-10-2007
5757,Chennai,Anna university,3,01-10-2007
5758,Chennai,DGP Office,2.4,01-10-2007
5759,Chennai,MYLAPORE-TRIPLICANE TALUK,2.2,01-10-2007
5760,Chennai,Chennai port trust,2.1,01-10-2007
5761,Chennai,Ambathur,2,01-10-2007
5762,Chennai,Govt. arts college,2,01-10-2007
5763,Chennai,Chennai AP,2,01-10-2007
5764,Chennai,Ambathur,1,02-10-2007
5765,Chennai,Ambathur,7,06-10-2007
5766,Chennai,Chennai nungambakkam,0.5,07-10-2007
5767,Chennai,Chennai AP,0.5,18-10-2007
5768,Chennai,Chennai AP,1.5,19-10-2007
5769,Chennai,Chennai nungambakkam,1,19-10-2007
5770,Chennai,Ambathur,3,20-10-2007
5771,Chennai,Chennai nungambakkam,1.5,20-10-2007
5772,Chennai,Chennai AP,0.2,20-10-2007
5773,Chennai,Anna university,6.4,21-10-2007
5774,Chennai,Chennai nungambakkam,4.2,21-10-2007
5775,Chennai,Chennai AP,4,21-10-2007
5776,Chennai,Ambathur,3,21-10-2007
5777,Chennai,Anna university,20.8,22-10-2007
5778,Chennai,Pachaiyappa college,16.9,22-10-2007
5779,Chennai,DGP Office,16.4,22-10-2007
5780,Chennai,MYLAPORE-TRIPLICANE TALUK,16.3,22-10-2007
5781,Chennai,Chennai nungambakkam,11.8,22-10-2007
5782,Chennai,Chennai AP,9,22-10-2007
5783,Chennai,Chennai port trust,8.9,22-10-2007
5784,Chennai,Govt. arts college,8.5,22-10-2007
5785,Chennai,Ambathur,7,22-10-2007
5786,Chennai,Ambathur,5,23-10-2007
5787,Chennai,Anna university,3.6,23-10-2007
5788,Chennai,Govt. arts college,3.2,23-10-2007
5789,Chennai,Chennai port trust,3,23-10-2007
5790,Chennai,Chennai nungambakkam,2.8,23-10-2007
5791,Chennai,DGP Office,2.2,23-10-2007
5792,Chennai,Pachaiyappa college,2.1,23-10-2007
5793,Chennai,MYLAPORE-TRIPLICANE TALUK,2,23-10-2007
5794,Chennai,Chennai AP,2,23-10-2007
5795,Chennai,Ambathur,51,24-10-2007
5796,Chennai,Govt. arts college,20.8,24-10-2007
5797,Chennai,Anna university,15,24-10-2007
5798,Chennai,Chennai nungambakkam,15,24-10-2007
5799,Chennai,Chennai port trust,14,24-10-2007
5800,Chennai,Chennai AP,13,24-10-2007
5801,Chennai,Pachaiyappa college,4.9,24-10-2007
5802,Chennai,MYLAPORE-TRIPLICANE TALUK,4.8,24-10-2007
5803,Chennai,DGP Office,4.6,24-10-2007
5804,Chennai,Anna university,19.4,25-10-2007
5805,Chennai,Chennai nungambakkam,7.6,25-10-2007
5806,Chennai,DGP Office,4.8,25-10-2007
5807,Chennai,Chennai AP,4.7,25-10-2007
5808,Chennai,MYLAPORE-TRIPLICANE TALUK,4.4,25-10-2007
5809,Chennai,Pachaiyappa college,4.2,25-10-2007
5810,Chennai,Ambathur,4,25-10-2007
5811,Chennai,Govt. arts college,0.8,25-10-2007
5812,Chennai,Anna university,18.3,26-10-2007
5813,Chennai,Chennai AP,18,26-10-2007
5814,Chennai,DGP Office,14.4,26-10-2007
5815,Chennai,MYLAPORE-TRIPLICANE TALUK,14.2,26-10-2007
5816,Chennai,Pachaiyappa college,14.1,26-10-2007
5817,Chennai,Chennai nungambakkam,13.2,26-10-2007
5818,Chennai,Ambathur,4,26-10-2007
5819,Chennai,Govt. arts college,0.4,26-10-2007
5820,Chennai,Ambathur,21,27-10-2007
5821,Chennai,Chennai nungambakkam,18.5,27-10-2007
5822,Chennai,Govt. arts college,16.6,27-10-2007
5823,Chennai,Anna university,9.6,27-10-2007
5824,Chennai,DGP Office,6.2,27-10-2007
5825,Chennai,MYLAPORE-TRIPLICANE TALUK,6,27-10-2007
5826,Chennai,Pachaiyappa college,5.8,27-10-2007
5827,Chennai,Chennai port trust,4.5,27-10-2007
5828,Chennai,Chennai AP,3.9,27-10-2007
5829,Chennai,Govt. arts college,48.4,28-10-2007
5830,Chennai,Chennai nungambakkam,47.6,28-10-2007
5831,Chennai,Anna university,46.2,28-10-2007
5832,Chennai,Ambathur,42,28-10-2007
5833,Chennai,Chennai port trust,40.6,28-10-2007
5834,Chennai,Chennai AP,32,28-10-2007
5835,Chennai,DGP Office,28.4,28-10-2007
5836,Chennai,MYLAPORE-TRIPLICANE TALUK,28.2,28-10-2007
5837,Chennai,Pachaiyappa college,27.9,28-10-2007
5838,Chennai,Ambathur,157,29-10-2007
5839,Chennai,Chennai nungambakkam,139.9,29-10-2007
5840,Chennai,Chennai AP,138.6,29-10-2007
5841,Chennai,Anna university,135.2,29-10-2007
5842,Chennai,Govt. arts college,121.8,29-10-2007
5843,Chennai,DGP Office,96.2,29-10-2007
5844,Chennai,MYLAPORE-TRIPLICANE TALUK,96,29-10-2007
5845,Chennai,Pachaiyappa college,95.9,29-10-2007
5846,Chennai,Chennai port trust,81.5,29-10-2007
5847,Chennai,Pachaiyappa college,10.1,30-10-2007
5848,Chennai,MYLAPORE-TRIPLICANE TALUK,9.2,30-10-2007
5849,Chennai,DGP Office,9,30-10-2007
5850,Chennai,Chennai nungambakkam,7.8,30-10-2007
5851,Chennai,Anna university,7.3,30-10-2007
5852,Chennai,Govt. arts college,3,30-10-2007
5853,Chennai,Chennai AP,2.7,30-10-2007
5854,Chennai,Chennai port trust,2.5,30-10-2007
5855,Chennai,Ambathur,2,30-10-2007
5856,Chennai,MYLAPORE-TRIPLICANE TALUK,4.2,02-11-2007
5857,Chennai,DGP Office,4,02-11-2007
5858,Chennai,Pachaiyappa college,3.7,02-11-2007
5859,Chennai,Anna university,3.6,02-11-2007
5860,Chennai,Govt. arts college,1.4,02-11-2007
5861,Chennai,Chennai nungambakkam,1.1,02-11-2007
5862,Chennai,Chennai port trust,1,02-11-2007
5863,Chennai,Chennai AP,0.5,02-11-2007
5864,Chennai,Govt. arts college,15.6,03-11-2007
5865,Chennai,Ambathur,11,03-11-2007
5866,Chennai,MYLAPORE-TRIPLICANE TALUK,3.6,03-11-2007
5867,Chennai,DGP Office,3.4,03-11-2007
5868,Chennai,Pachaiyappa college,2.9,03-11-2007
5869,Chennai,Purasawalkam - Perambur,2,03-11-2007
5870,Chennai,Chennai nungambakkam,1.8,03-11-2007
5871,Chennai,Anna university,0.8,03-11-2007
5872,Chennai,Chennai AP,0.4,03-11-2007
5873,Chennai,Govt. arts college,20,04-11-2007
5874,Chennai,Chennai port trust,14.5,04-11-2007
5875,Chennai,Chennai AP,9.2,04-11-2007
5876,Chennai,Chennai nungambakkam,7.4,04-11-2007
5877,Chennai,DGP Office,6.2,04-11-2007
5878,Chennai,Ambathur,6,04-11-2007
5879,Chennai,MYLAPORE-TRIPLICANE TALUK,6,04-11-2007
5880,Chennai,Pachaiyappa college,5.9,04-11-2007
5881,Chennai,Anna university,2.8,04-11-2007
5882,Chennai,Purasawalkam - Perambur,1.5,04-11-2007
5883,Chennai,Chennai nungambakkam,23.1,05-11-2007
5884,Chennai,Purasawalkam - Perambur,20.5,05-11-2007
5885,Chennai,Ambathur,20,05-11-2007
5886,Chennai,Govt. arts college,15.6,05-11-2007
5887,Chennai,Pachaiyappa college,9.8,05-11-2007
5888,Chennai,DGP Office,7.2,05-11-2007
5889,Chennai,MYLAPORE-TRIPLICANE TALUK,7,05-11-2007
5890,Chennai,Chennai AP,6.5,05-11-2007
5891,Chennai,Anna university,6,05-11-2007
5892,Chennai,Chennai port trust,1,05-11-2007
5893,Chennai,Anna university,0.4,06-11-2007
5894,Chennai,Ambathur,2,07-11-2007
5895,Chennai,Govt. arts college,11.6,19-11-2007
5896,Chennai,Chennai AP,11.6,19-11-2007
5897,Chennai,Chennai nungambakkam,6.9,19-11-2007
5898,Chennai,Chennai port trust,5.6,19-11-2007
5899,Chennai,Ambathur,5,19-11-2007
5900,Chennai,Anna university,3,19-11-2007
5901,Chennai,DGP Office,2.2,19-11-2007
5902,Chennai,MYLAPORE-TRIPLICANE TALUK,2,19-11-2007
5903,Chennai,Pachaiyappa college,1.9,19-11-2007
5904,Chennai,Purasawalkam - Perambur,1.5,19-11-2007
5905,Chennai,Anna university,53.2,20-11-2007
5906,Chennai,Chennai AP,49.8,20-11-2007
5907,Chennai,Chennai nungambakkam,47.2,20-11-2007
5908,Chennai,DGP Office,42.6,20-11-2007
5909,Chennai,MYLAPORE-TRIPLICANE TALUK,42.4,20-11-2007
5910,Chennai,Govt. arts college,42,20-11-2007
5911,Chennai,Pachaiyappa college,40.1,20-11-2007
5912,Chennai,Ambathur,23,20-11-2007
5913,Chennai,Purasawalkam - Perambur,16,20-11-2007
5914,Chennai,Chennai port trust,11.5,20-11-2007
5915,Chennai,Chennai AP,23.2,21-11-2007
5916,Chennai,Ambathur,20,21-11-2007
5917,Chennai,Chennai nungambakkam,5.6,21-11-2007
5918,Chennai,Anna university,3.4,21-11-2007
5919,Chennai,Purasawalkam - Perambur,2.3,21-11-2007
5920,Chennai,Govt. arts college,2.2,21-11-2007
5921,Chennai,DGP Office,2,21-11-2007
5922,Chennai,Pachaiyappa college,1.9,21-11-2007
5923,Chennai,MYLAPORE-TRIPLICANE TALUK,1.9,21-11-2007
5924,Chennai,Chennai AP,0.3,22-11-2007
5925,Chennai,Chennai nungambakkam,0.5,26-11-2007
5926,Chennai,Anna university,6.1,28-11-2007
5927,Chennai,Chennai AP,2.6,28-11-2007
5928,Chennai,DGP Office,2.2,28-11-2007
5929,Chennai,MYLAPORE-TRIPLICANE TALUK,1.8,28-11-2007
5930,Chennai,Chennai nungambakkam,1.4,28-11-2007
5931,Chennai,Govt. arts college,0.3,28-11-2007
5932,Chennai,Chennai nungambakkam,0.3,02-12-2007
5933,Chennai,Chennai port trust,14.2,03-12-2007
5934,Chennai,Govt. arts college,13,03-12-2007
5935,Chennai,Chennai nungambakkam,12.5,03-12-2007
5936,Chennai,Pachaiyappa college,9.3,03-12-2007
5937,Chennai,Chennai AP,8.6,03-12-2007
5938,Chennai,DGP Office,8.5,03-12-2007
5939,Chennai,MYLAPORE-TRIPLICANE TALUK,8.3,03-12-2007
5940,Chennai,Ambathur,8,03-12-2007
5941,Chennai,Anna university,6.1,03-12-2007
5942,Chennai,Purasawalkam - Perambur,5,03-12-2007
5943,Chennai,Chennai AP,9.7,04-12-2007
5944,Chennai,Ambathur,8,04-12-2007
5945,Chennai,Chennai nungambakkam,6.7,04-12-2007
5946,Chennai,Anna university,4.6,04-12-2007
5947,Chennai,DGP Office,2.4,04-12-2007
5948,Chennai,MYLAPORE-TRIPLICANE TALUK,2.2,04-12-2007
5949,Chennai,Pachaiyappa college,1.9,04-12-2007
5950,Chennai,Purasawalkam - Perambur,1,04-12-2007
5951,Chennai,Chennai AP,3,05-12-2007
5952,Chennai,Anna university,1,05-12-2007
5953,Chennai,Chennai nungambakkam,0.1,05-12-2007
5954,Chennai,Chennai nungambakkam,11.4,06-12-2007
5955,Chennai,Ambathur,11,06-12-2007
5956,Chennai,Chennai AP,6.9,06-12-2007
5957,Chennai,Govt. arts college,4.5,06-12-2007
5958,Chennai,Anna university,4.2,06-12-2007
5959,Chennai,DGP Office,3.2,06-12-2007
5960,Chennai,MYLAPORE-TRIPLICANE TALUK,3,06-12-2007
5961,Chennai,Pachaiyappa college,2.7,06-12-2007
5962,Chennai,Purasawalkam - Perambur,1.7,06-12-2007
5963,Chennai,Chennai port trust,1.5,06-12-2007
5964,Chennai,Chennai nungambakkam,41.8,07-12-2007
5965,Chennai,Chennai AP,20.6,07-12-2007
5966,Chennai,Purasawalkam - Perambur,17,07-12-2007
5967,Chennai,Govt. arts college,15,07-12-2007
5968,Chennai,Pachaiyappa college,13.1,07-12-2007
5969,Chennai,Chennai port trust,13.1,07-12-2007
5970,Chennai,MYLAPORE-TRIPLICANE TALUK,12.4,07-12-2007
5971,Chennai,DGP Office,12.2,07-12-2007
5972,Chennai,Anna university,6.8,07-12-2007
5973,Chennai,Ambathur,4,07-12-2007
5974,Chennai,Ambathur,6,08-12-2007
5975,Chennai,Anna university,2,08-12-2007
5976,Chennai,Chennai nungambakkam,2,08-12-2007
5977,Chennai,Govt. arts college,0.8,08-12-2007
5978,Chennai,Chennai AP,0.6,08-12-2007
5979,Chennai,Anna university,1,14-12-2007
5980,Chennai,Chennai AP,1,14-12-2007
5981,Chennai,Chennai nungambakkam,0.6,14-12-2007
5982,Chennai,Chennai AP,1.2,15-12-2007
5983,Chennai,Ambathur,28,18-12-2007
5984,Chennai,Anna university,28,18-12-2007
5985,Chennai,Chennai AP,27.8,18-12-2007
5986,Chennai,Chennai nungambakkam,26.2,18-12-2007
5987,Chennai,Pachaiyappa college,21.3,18-12-2007
5988,Chennai,DGP Office,20.2,18-12-2007
5989,Chennai,MYLAPORE-TRIPLICANE TALUK,19.8,18-12-2007
5990,Chennai,Purasawalkam - Perambur,17,18-12-2007
5991,Chennai,Chennai port trust,6.5,18-12-2007
5992,Chennai,Govt. arts college,5.8,18-12-2007
5993,Chennai,Govt. arts college,123,19-12-2007
5994,Chennai,Chennai port trust,117.5,19-12-2007
5995,Chennai,Ambathur,108,19-12-2007
5996,Chennai,Chennai AP,89.5,19-12-2007
5997,Chennai,Anna university,83,19-12-2007
5998,Chennai,Chennai nungambakkam,79.5,19-12-2007
5999,Chennai,Purasawalkam - Perambur,61,19-12-2007
6000,Chennai,Pachaiyappa college,52.5,19-12-2007
6001,Chennai,DGP Office,52.2,19-12-2007
6002,Chennai,MYLAPORE-TRIPLICANE TALUK,52,19-12-2007
6003,Chennai,Ambathur,144,20-12-2007
6004,Chennai,Anna university,113.4,20-12-2007
6005,Chennai,Chennai port trust,94,20-12-2007
6006,Chennai,Govt. arts college,82,20-12-2007
6007,Chennai,Chennai nungambakkam,75.2,20-12-2007
6008,Chennai,Chennai AP,60.2,20-12-2007
6009,Chennai,Purasawalkam - Perambur,60,20-12-2007
6010,Chennai,Pachaiyappa college,53.7,20-12-2007
6011,Chennai,DGP Office,52.4,20-12-2007
6012,Chennai,MYLAPORE-TRIPLICANE TALUK,52.2,20-12-2007
6013,Chennai,Anna university,0.4,21-12-2007
6014,Chennai,Chennai AP,0.2,21-12-2007
6015,Chennai,Ambathur,43,04-01-2008
6016,Chennai,Chennai AP,28.9,04-01-2008
6017,Chennai,Chennai nungambakkam,20.5,04-01-2008
6018,Chennai,Pachaiyappa college,19.8,04-01-2008
6019,Chennai,DGP Office,18.2,04-01-2008
6020,Chennai,Purasawalkam - Perambur,18,04-01-2008
6021,Chennai,MYLAPORE-TRIPLICANE TALUK,18,04-01-2008
6022,Chennai,Anna university,16,04-01-2008
6023,Chennai,Govt. arts college,5.8,04-01-2008
6024,Chennai,Chennai port trust,4.6,04-01-2008
6025,Chennai,Chennai AP,47,05-01-2008
6026,Chennai,Anna university,43.4,05-01-2008
6027,Chennai,Ambathur,32,05-01-2008
6028,Chennai,Chennai nungambakkam,29.4,05-01-2008
6029,Chennai,DGP Office,25.4,05-01-2008
6030,Chennai,MYLAPORE-TRIPLICANE TALUK,24.8,05-01-2008
6031,Chennai,Pachaiyappa college,24.1,05-01-2008
6032,Chennai,Purasawalkam - Perambur,21,05-01-2008
6033,Chennai,Govt. arts college,6.4,05-01-2008
6034,Chennai,Chennai port trust,5,05-01-2008
6035,Chennai,Chennai AP,2.7,10-02-2008
6036,Chennai,MYLAPORE-TRIPLICANE TALUK,2.4,11-02-2008
6037,Chennai,DGP Office,2.2,11-02-2008
6038,Chennai,Ambathur,2,11-02-2008
6039,Chennai,Chennai nungambakkam,2,11-02-2008
6040,Chennai,Ambathur,2,12-02-2008
6041,Chennai,Chennai nungambakkam,1.7,13-02-2008
6042,Chennai,Chennai AP,7.4,15-02-2008
6043,Chennai,Chennai nungambakkam,6.3,15-02-2008
6044,Chennai,Chennai AP,4,16-02-2008
6045,Chennai,Ambathur,3,16-02-2008
6046,Chennai,Ambathur,34,12-03-2008
6047,Chennai,Anna university,12.4,12-03-2008
6048,Chennai,Chennai nungambakkam,12.2,12-03-2008
6049,Chennai,Chennai AP,8.4,12-03-2008
6050,Chennai,Govt. arts college,2,12-03-2008
6051,Chennai,Govt. arts college,2.8,13-03-2008
6052,Chennai,Chennai AP,1.1,13-03-2008
6053,Chennai,Ambathur,1,13-03-2008
6054,Chennai,Purasawalkam - Perambur,36,14-03-2008
6055,Chennai,Chennai nungambakkam,19.7,14-03-2008
6056,Chennai,Chennai AP,18.3,14-03-2008
6057,Chennai,Anna university,14.2,14-03-2008
6058,Chennai,Govt. arts college,9.8,14-03-2008
6059,Chennai,Chennai port trust,8.8,14-03-2008
6060,Chennai,DGP Office,3.2,14-03-2008
6061,Chennai,MYLAPORE-TRIPLICANE TALUK,3,14-03-2008
6062,Chennai,Pachaiyappa college,2.1,14-03-2008
6063,Chennai,Ambathur,18,15-03-2008
6064,Chennai,Chennai nungambakkam,14.8,15-03-2008
6065,Chennai,Anna university,9,15-03-2008
6066,Chennai,Govt. arts college,6.2,15-03-2008
6067,Chennai,Chennai AP,3.7,15-03-2008
6068,Chennai,Chennai port trust,3,15-03-2008
6069,Chennai,Anna university,0.8,20-03-2008
6070,Chennai,Chennai AP,0.2,20-03-2008
6071,Chennai,Chennai nungambakkam,10.3,21-03-2008
6072,Chennai,Chennai AP,8.4,21-03-2008
6073,Chennai,Anna university,7.8,21-03-2008
6074,Chennai,Ambathur,7,21-03-2008
6075,Chennai,Chennai AP,77.9,22-03-2008
6076,Chennai,Anna university,77.1,22-03-2008
6077,Chennai,Chennai nungambakkam,69.3,22-03-2008
6078,Chennai,MYLAPORE-TRIPLICANE TALUK,54.8,22-03-2008
6079,Chennai,DGP Office,54.2,22-03-2008
6080,Chennai,Ambathur,54,22-03-2008
6081,Chennai,Pachaiyappa college,54,22-03-2008
6082,Chennai,Purasawalkam - Perambur,50,22-03-2008
6083,Chennai,Govt. arts college,42.5,22-03-2008
6084,Chennai,Chennai port trust,39.9,22-03-2008
6085,Chennai,Purasawalkam - Perambur,10,23-03-2008
6086,Chennai,Chennai nungambakkam,5.6,23-03-2008
6087,Chennai,Ambathur,5,23-03-2008
6088,Chennai,Pachaiyappa college,4.9,23-03-2008
6089,Chennai,DGP Office,4.6,23-03-2008
6090,Chennai,MYLAPORE-TRIPLICANE TALUK,4.4,23-03-2008
6091,Chennai,Anna university,0.5,23-03-2008
6092,Chennai,Chennai AP,0.3,23-03-2008
6093,Chennai,Chennai nungambakkam,1.2,24-03-2008
6094,Chennai,Chennai AP,0.5,24-03-2008
6095,Chennai,Chennai AP,56.4,25-03-2008
6096,Chennai,Anna university,14.8,25-03-2008
6097,Chennai,MYLAPORE-TRIPLICANE TALUK,6.4,25-03-2008
6098,Chennai,DGP Office,6.2,25-03-2008
6099,Chennai,Pachaiyappa college,5.9,25-03-2008
6100,Chennai,Chennai nungambakkam,4.8,25-03-2008
6101,Chennai,Chennai nungambakkam,26.9,01-04-2008
6102,Chennai,Chennai AP,18.6,01-04-2008
6103,Chennai,Purasawalkam - Perambur,8.1,01-04-2008
6104,Chennai,Anna university,4.8,01-04-2008
6105,Chennai,Pachaiyappa college,3.9,01-04-2008
6106,Chennai,DGP Office,3.4,01-04-2008
6107,Chennai,MYLAPORE-TRIPLICANE TALUK,3.2,01-04-2008
6108,Chennai,Govt. arts college,3.2,01-04-2008
6109,Chennai,Ambathur,3,02-05-2008
6110,Chennai,Chennai AP,4,13-05-2008
6111,Chennai,Chennai AP,1.4,21-05-2008
6112,Chennai,Chennai nungambakkam,0.3,22-05-2008
6113,Chennai,Ambathur,29,01-06-2008
6114,Chennai,Govt. arts college,5.6,01-06-2008
6115,Chennai,Anna university,2.8,01-06-2008
6116,Chennai,Chennai nungambakkam,1.4,01-06-2008
6117,Chennai,Chennai AP,0.6,01-06-2008
6118,Chennai,Ambathur,2,05-06-2008
6119,Chennai,Ambathur,2,06-06-2008
6120,Chennai,Chennai AP,1.1,08-06-2008
6121,Chennai,Chennai nungambakkam,18.4,09-06-2008
6122,Chennai,Purasawalkam - Perambur,9,09-06-2008
6123,Chennai,Govt. arts college,3,09-06-2008
6124,Chennai,Pachaiyappa college,2,09-06-2008
6125,Chennai,Anna university,0.8,09-06-2008
6126,Chennai,Chennai AP,0.5,09-06-2008
6127,Chennai,Anna university,1.2,10-06-2008
6128,Chennai,Chennai nungambakkam,0.5,10-06-2008
6129,Chennai,Anna university,21.4,12-06-2008
6130,Chennai,Chennai nungambakkam,14.6,12-06-2008
6131,Chennai,Chennai AP,13.8,12-06-2008
6132,Chennai,Purasawalkam - Perambur,2.5,12-06-2008
6133,Chennai,MYLAPORE-TRIPLICANE TALUK,2.4,12-06-2008
6134,Chennai,DGP Office,2.2,12-06-2008
6135,Chennai,Ambathur,2,12-06-2008
6136,Chennai,Govt. arts college,1.2,12-06-2008
6137,Chennai,Chennai AP,0.7,15-06-2008
6138,Chennai,Chennai nungambakkam,1.3,20-06-2008
6139,Chennai,Ambathur,93,22-06-2008
6140,Chennai,Purasawalkam - Perambur,71,22-06-2008
6141,Chennai,Chennai nungambakkam,67,22-06-2008
6142,Chennai,Chennai port trust,58,22-06-2008
6143,Chennai,Govt. arts college,36,22-06-2008
6144,Chennai,Chennai AP,33.1,22-06-2008
6145,Chennai,Anna university,28,22-06-2008
6146,Chennai,Pachaiyappa college,20,22-06-2008
6147,Chennai,Chennai AP,0.7,25-06-2008
6148,Chennai,Anna university,7.4,26-06-2008
6149,Chennai,Chennai nungambakkam,6.6,26-06-2008
6150,Chennai,Chennai AP,5.5,26-06-2008
6151,Chennai,Ambathur,4,26-06-2008
6152,Chennai,Pachaiyappa college,2,26-06-2008
6153,Chennai,Purasawalkam - Perambur,0.5,26-06-2008
6154,Chennai,Ambathur,2,27-06-2008
6155,Chennai,Ambathur,15,28-06-2008
6156,Chennai,Chennai nungambakkam,13.2,28-06-2008
6157,Chennai,Govt. arts college,2.2,28-06-2008
6158,Chennai,Purasawalkam - Perambur,2,28-06-2008
6159,Chennai,Chennai AP,0.6,28-06-2008
6160,Chennai,Anna university,0.4,28-06-2008
6161,Chennai,Ambathur,9,29-06-2008
6162,Chennai,Chennai nungambakkam,3.4,29-06-2008
6163,Chennai,Anna university,2,29-06-2008
6164,Chennai,Govt. arts college,1.8,29-06-2008
6165,Chennai,Chennai AP,0.9,29-06-2008
6166,Chennai,Chennai AP,1.6,02-07-2008
6167,Chennai,Ambathur,6,04-07-2008
6168,Chennai,Chennai nungambakkam,1.4,04-07-2008
6169,Chennai,Chennai AP,0.7,04-07-2008
6170,Chennai,Chennai AP,0.1,05-07-2008
6171,Chennai,Chennai AP,5.2,08-07-2008
6172,Chennai,DGP Office,2,08-07-2008
6173,Chennai,MYLAPORE-TRIPLICANE TALUK,1.8,08-07-2008
6174,Chennai,Chennai nungambakkam,0.6,08-07-2008
6175,Chennai,Anna university,0.2,08-07-2008
6176,Chennai,Ambathur,34,10-07-2008
6177,Chennai,Purasawalkam - Perambur,20,10-07-2008
6178,Chennai,Chennai AP,10.8,10-07-2008
6179,Chennai,Anna university,7.4,10-07-2008
6180,Chennai,Chennai nungambakkam,6.7,10-07-2008
6181,Chennai,Govt. arts college,3.4,10-07-2008
6182,Chennai,MYLAPORE-TRIPLICANE TALUK,2.6,10-07-2008
6183,Chennai,DGP Office,2.4,10-07-2008
6184,Chennai,Ambathur,12,19-07-2008
6185,Chennai,Ambathur,6,25-07-2008
6186,Chennai,Chennai AP,5.4,25-07-2008
6187,Chennai,MYLAPORE-TRIPLICANE TALUK,4.2,25-07-2008
6188,Chennai,Anna university,4,25-07-2008
6189,Chennai,DGP Office,3.6,25-07-2008
6190,Chennai,Chennai nungambakkam,1.4,25-07-2008
6191,Chennai,Purasawalkam - Perambur,15,27-07-2008
6192,Chennai,Ambathur,10,27-07-2008
6193,Chennai,Chennai nungambakkam,7.5,27-07-2008
6194,Chennai,Govt. arts college,3.2,27-07-2008
6195,Chennai,Chennai AP,2.1,27-07-2008
6196,Chennai,Chennai AP,16.1,28-07-2008
6197,Chennai,Anna university,12,28-07-2008
6198,Chennai,DGP Office,8.8,28-07-2008
6199,Chennai,Ambathur,8,28-07-2008
6200,Chennai,Purasawalkam - Perambur,8,28-07-2008
6201,Chennai,MYLAPORE-TRIPLICANE TALUK,8,28-07-2008
6202,Chennai,Chennai nungambakkam,7.2,28-07-2008
6203,Chennai,Pachaiyappa college,2,28-07-2008
6204,Chennai,Govt. arts college,1.6,28-07-2008
6205,Chennai,Ambathur,13,29-07-2008
6206,Chennai,Purasawalkam - Perambur,7,29-07-2008
6207,Chennai,Chennai nungambakkam,3.7,29-07-2008
6208,Chennai,Chennai AP,2.2,29-07-2008
6209,Chennai,Govt. arts college,1.5,29-07-2008
6210,Chennai,Chennai AP,0.4,31-07-2008
6211,Chennai,Chennai AP,6.5,02-08-2008
6212,Chennai,Chennai nungambakkam,1.5,02-08-2008
6213,Chennai,Chennai nungambakkam,10,04-08-2008
6214,Chennai,Anna university,6.6,04-08-2008
6215,Chennai,Chennai AP,6.6,04-08-2008
6216,Chennai,Pachaiyappa college,2.5,04-08-2008
6217,Chennai,Ambathur,2,06-08-2008
6218,Chennai,Chennai AP,2.4,08-08-2008
6219,Chennai,Anna university,1.2,08-08-2008
6220,Chennai,Chennai nungambakkam,0.3,08-08-2008
6221,Chennai,Chennai AP,9.3,09-08-2008
6222,Chennai,Anna university,7.8,09-08-2008
6223,Chennai,Purasawalkam - Perambur,4,09-08-2008
6224,Chennai,Chennai nungambakkam,3.4,09-08-2008
6225,Chennai,Ambathur,3,09-08-2008
6226,Chennai,Govt. arts college,3,09-08-2008
6227,Chennai,Pachaiyappa college,0.5,09-08-2008
6228,Chennai,Ambathur,5,11-08-2008
6229,Chennai,Chennai nungambakkam,3.5,11-08-2008
6230,Chennai,Purasawalkam - Perambur,2,11-08-2008
6231,Chennai,Chennai AP,1.1,11-08-2008
6232,Chennai,Chennai nungambakkam,0.7,14-08-2008
6233,Chennai,Chennai AP,0.4,14-08-2008
6234,Chennai,Chennai nungambakkam,0.3,15-08-2008
6235,Chennai,Purasawalkam - Perambur,22,18-08-2008
6236,Chennai,Chennai nungambakkam,21.4,18-08-2008
6237,Chennai,Chennai AP,14.8,18-08-2008
6238,Chennai,Ambathur,14,18-08-2008
6239,Chennai,Anna university,6.2,18-08-2008
6240,Chennai,Govt. arts college,5.2,18-08-2008
6241,Chennai,Pachaiyappa college,2.6,18-08-2008
6242,Chennai,DGP Office,2.6,18-08-2008
6243,Chennai,MYLAPORE-TRIPLICANE TALUK,2.4,18-08-2008
6244,Chennai,Chennai AP,1.4,19-08-2008
6245,Chennai,Chennai nungambakkam,100.3,20-08-2008
6246,Chennai,Purasawalkam - Perambur,95,20-08-2008
6247,Chennai,Ambathur,93,20-08-2008
6248,Chennai,Anna university,56,20-08-2008
6249,Chennai,Chennai AP,44.4,20-08-2008
6250,Chennai,DGP Office,40.4,20-08-2008
6251,Chennai,MYLAPORE-TRIPLICANE TALUK,40.2,20-08-2008
6252,Chennai,Pachaiyappa college,28,20-08-2008
6253,Chennai,Govt. arts college,18.6,20-08-2008
6254,Chennai,Ambathur,12,21-08-2008
6255,Chennai,Govt. arts college,5.9,21-08-2008
6256,Chennai,Purasawalkam - Perambur,3,21-08-2008
6257,Chennai,Chennai nungambakkam,0.4,21-08-2008
6258,Chennai,Ambathur,24,22-08-2008
6259,Chennai,Anna university,11,22-08-2008
6260,Chennai,Chennai AP,10.9,22-08-2008
6261,Chennai,MYLAPORE-TRIPLICANE TALUK,8.2,22-08-2008
6262,Chennai,DGP Office,7.8,22-08-2008
6263,Chennai,Chennai nungambakkam,5.4,22-08-2008
6264,Chennai,Govt. arts college,3.6,22-08-2008
6265,Chennai,Purasawalkam - Perambur,3,22-08-2008
6266,Chennai,Ambathur,11,24-08-2008
6267,Chennai,Ambathur,2,27-08-2008
6268,Chennai,Chennai AP,0.5,01-09-2008
6269,Chennai,Ambathur,12,02-09-2008
6270,Chennai,Chennai AP,5,02-09-2008
6271,Chennai,Chennai AP,5.69,03-09-2008
6272,Chennai,Anna university,0.4,03-09-2008
6273,Chennai,Chennai nungambakkam,2.2,06-09-2008
6274,Chennai,Anna university,1,06-09-2008
6275,Chennai,Ambathur,12,07-09-2008
6276,Chennai,Anna university,53.6,08-09-2008
6277,Chennai,Chennai nungambakkam,51.2,08-09-2008
6278,Chennai,Purasawalkam - Perambur,26,08-09-2008
6279,Chennai,Pachaiyappa college,21.2,08-09-2008
6280,Chennai,Govt. arts college,9.2,08-09-2008
6281,Chennai,Ambathur,8,08-09-2008
6282,Chennai,Chennai AP,5.8,08-09-2008
6283,Chennai,MYLAPORE-TRIPLICANE TALUK,5,08-09-2008
6284,Chennai,DGP Office,5,08-09-2008
6285,Chennai,Chennai nungambakkam,5.4,09-09-2008
6286,Chennai,Govt. arts college,2.3,09-09-2008
6287,Chennai,Purasawalkam - Perambur,2,09-09-2008
6288,Chennai,Chennai AP,1.4,09-09-2008
6289,Chennai,Ambathur,2,10-09-2008
6290,Chennai,Chennai AP,1.3,10-09-2008
6291,Chennai,Chennai nungambakkam,1,10-09-2008
6292,Chennai,Chennai AP,4.3,11-09-2008
6293,Chennai,Ambathur,2,11-09-2008
6294,Chennai,Purasawalkam - Perambur,2,11-09-2008
6295,Chennai,Chennai nungambakkam,2,11-09-2008
6296,Chennai,Anna university,1.6,11-09-2008
6297,Chennai,Purasawalkam - Perambur,21,15-09-2008
6298,Chennai,Chennai nungambakkam,17.6,15-09-2008
6299,Chennai,Ambathur,16,15-09-2008
6300,Chennai,Chennai AP,11.1,15-09-2008
6301,Chennai,Ambathur,16,16-09-2008
6302,Chennai,Ambathur,12,21-09-2008
6303,Chennai,Chennai AP,11.2,21-09-2008
6304,Chennai,Anna university,2.2,21-09-2008
6305,Chennai,Chennai nungambakkam,2,21-09-2008
6306,Chennai,Ambathur,89,25-09-2008
6307,Chennai,Purasawalkam - Perambur,69,25-09-2008
6308,Chennai,Anna university,68,25-09-2008
6309,Chennai,Chennai nungambakkam,39,25-09-2008
6310,Chennai,DGP Office,37.2,25-09-2008
6311,Chennai,Chennai AP,33.3,25-09-2008
6312,Chennai,Govt. arts college,17,25-09-2008
6313,Chennai,Pachaiyappa college,16.5,25-09-2008
6314,Chennai,MYLAPORE-TRIPLICANE TALUK,5.6,25-09-2008
6315,Chennai,Chennai AP,3.6,29-09-2008
6316,Chennai,Chennai nungambakkam,0.5,29-09-2008
6317,Chennai,Ambathur,8,30-09-2008
6318,Chennai,Chennai AP,6.6,30-09-2008
6319,Chennai,Purasawalkam - Perambur,3,30-09-2008
6320,Chennai,Govt. arts college,2,30-09-2008
6321,Chennai,Ambathur,12,04-10-2008
6322,Chennai,Ambathur,15,05-10-2008
6323,Chennai,Chennai AP,0.5,05-10-2008
6324,Chennai,Chennai AP,21.5,12-10-2008
6325,Chennai,Anna university,20.8,12-10-2008
6326,Chennai,Chennai nungambakkam,20.8,12-10-2008
6327,Chennai,Ambathur,19,12-10-2008
6328,Chennai,Purasawalkam - Perambur,19,12-10-2008
6329,Chennai,MYLAPORE-TRIPLICANE TALUK,17,12-10-2008
6330,Chennai,Govt. arts college,15,12-10-2008
6331,Chennai,Pachaiyappa college,14,12-10-2008
6332,Chennai,DGP Office,11.4,12-10-2008
6333,Chennai,Chennai port trust,8,12-10-2008
6334,Chennai,Chennai nungambakkam,48.6,13-10-2008
6335,Chennai,Anna university,46,13-10-2008
6336,Chennai,Ambathur,45,13-10-2008
6337,Chennai,Chennai AP,40.5,13-10-2008
6338,Chennai,Pachaiyappa college,30,13-10-2008
6339,Chennai,Purasawalkam - Perambur,25,13-10-2008
6340,Chennai,Govt. arts college,18,13-10-2008
6341,Chennai,Chennai port trust,17,13-10-2008
6342,Chennai,DGP Office,9.1,13-10-2008
6343,Chennai,MYLAPORE-TRIPLICANE TALUK,3,13-10-2008
6344,Chennai,Anna university,33.8,14-10-2008
6345,Chennai,Pachaiyappa college,27.5,14-10-2008
6346,Chennai,Chennai AP,19.2,14-10-2008
6347,Chennai,Chennai nungambakkam,19,14-10-2008
6348,Chennai,Ambathur,13,14-10-2008
6349,Chennai,Purasawalkam - Perambur,10,14-10-2008
6350,Chennai,MYLAPORE-TRIPLICANE TALUK,8.2,14-10-2008
6351,Chennai,Govt. arts college,6.9,14-10-2008
6352,Chennai,DGP Office,4.3,14-10-2008
6353,Chennai,Anna university,10.8,15-10-2008
6354,Chennai,Chennai AP,6.2,15-10-2008
6355,Chennai,Ambathur,2,15-10-2008
6356,Chennai,Chennai nungambakkam,1.1,15-10-2008
6357,Chennai,Govt. arts college,0.8,15-10-2008
6358,Chennai,Chennai AP,9.7,16-10-2008
6359,Chennai,Purasawalkam - Perambur,9.1,16-10-2008
6360,Chennai,Govt. arts college,6.9,16-10-2008
6361,Chennai,Anna university,6.2,16-10-2008
6362,Chennai,Ambathur,5,16-10-2008
6363,Chennai,MYLAPORE-TRIPLICANE TALUK,4.3,16-10-2008
6364,Chennai,DGP Office,3.8,16-10-2008
6365,Chennai,Chennai nungambakkam,1.5,16-10-2008
6366,Chennai,Chennai nungambakkam,24.1,17-10-2008
6367,Chennai,Govt. arts college,19.9,17-10-2008
6368,Chennai,Purasawalkam - Perambur,15.1,17-10-2008
6369,Chennai,Ambathur,12,17-10-2008
6370,Chennai,Anna university,11.4,17-10-2008
6371,Chennai,Pachaiyappa college,7,17-10-2008
6372,Chennai,Chennai AP,6.4,17-10-2008
6373,Chennai,DGP Office,1.4,17-10-2008
6374,Chennai,MYLAPORE-TRIPLICANE TALUK,1,17-10-2008
6375,Chennai,Chennai AP,29.6,18-10-2008
6376,Chennai,MYLAPORE-TRIPLICANE TALUK,16.9,18-10-2008
6377,Chennai,DGP Office,14.5,18-10-2008
6378,Chennai,Anna university,12.8,18-10-2008
6379,Chennai,Chennai nungambakkam,10.9,18-10-2008
6380,Chennai,Pachaiyappa college,8.5,18-10-2008
6381,Chennai,Ambathur,8,18-10-2008
6382,Chennai,Govt. arts college,6.8,18-10-2008
6383,Chennai,Purasawalkam - Perambur,5,18-10-2008
6384,Chennai,Anna university,14.8,19-10-2008
6385,Chennai,Ambathur,14,19-10-2008
6386,Chennai,Govt. arts college,12.8,19-10-2008
6387,Chennai,DGP Office,11.2,19-10-2008
6388,Chennai,MYLAPORE-TRIPLICANE TALUK,8.3,19-10-2008
6389,Chennai,Purasawalkam - Perambur,7.1,19-10-2008
6390,Chennai,Chennai AP,5.5,19-10-2008
6391,Chennai,Pachaiyappa college,5,19-10-2008
6392,Chennai,Chennai nungambakkam,4.5,19-10-2008
6393,Chennai,Purasawalkam - Perambur,44,20-10-2008
6394,Chennai,Ambathur,26,20-10-2008
6395,Chennai,Anna university,25.6,20-10-2008
6396,Chennai,Govt. arts college,20,20-10-2008
6397,Chennai,Pachaiyappa college,17.5,20-10-2008
6398,Chennai,MYLAPORE-TRIPLICANE TALUK,15.2,20-10-2008
6399,Chennai,Chennai nungambakkam,13.9,20-10-2008
6400,Chennai,DGP Office,13.4,20-10-2008
6401,Chennai,Chennai AP,12.1,20-10-2008
6402,Chennai,Anna university,96.6,21-10-2008
6403,Chennai,Chennai AP,95.6,21-10-2008
6404,Chennai,Ambathur,93,21-10-2008
6405,Chennai,Purasawalkam - Perambur,88,21-10-2008
6406,Chennai,MYLAPORE-TRIPLICANE TALUK,80.2,21-10-2008
6407,Chennai,Chennai nungambakkam,71.5,21-10-2008
6408,Chennai,Govt. arts college,66.6,21-10-2008
6409,Chennai,DGP Office,65.1,21-10-2008
6410,Chennai,Pachaiyappa college,54.6,21-10-2008
6411,Chennai,Chennai AP,30.4,22-10-2008
6412,Chennai,Anna university,23.4,22-10-2008
6413,Chennai,Ambathur,15,22-10-2008
6414,Chennai,DGP Office,14.5,22-10-2008
6415,Chennai,Chennai nungambakkam,10.8,22-10-2008
6416,Chennai,MYLAPORE-TRIPLICANE TALUK,10.2,22-10-2008
6417,Chennai,Purasawalkam - Perambur,9.2,22-10-2008
6418,Chennai,Pachaiyappa college,7.9,22-10-2008
6419,Chennai,Govt. arts college,4.6,22-10-2008
6420,Chennai,MYLAPORE-TRIPLICANE TALUK,92,23-10-2008
6421,Chennai,Purasawalkam - Perambur,74,23-10-2008
6422,Chennai,DGP Office,73.3,23-10-2008
6423,Chennai,Anna university,72,23-10-2008
6424,Chennai,Govt. arts college,68.3,23-10-2008
6425,Chennai,Chennai nungambakkam,58.5,23-10-2008
6426,Chennai,Chennai AP,38.3,23-10-2008
6427,Chennai,Ambathur,38,23-10-2008
6428,Chennai,Pachaiyappa college,22.5,23-10-2008
6429,Chennai,Chennai AP,17.2,24-10-2008
6430,Chennai,Anna university,5,24-10-2008
6431,Chennai,Chennai nungambakkam,1.2,24-10-2008
6432,Chennai,Govt. arts college,0.8,24-10-2008
6433,Chennai,Chennai AP,123.2,25-10-2008
6434,Chennai,Anna university,91.4,25-10-2008
6435,Chennai,Govt. arts college,90.3,25-10-2008
6436,Chennai,Chennai nungambakkam,86.2,25-10-2008
6437,Chennai,Pachaiyappa college,72.5,25-10-2008
6438,Chennai,DGP Office,68.6,25-10-2008
6439,Chennai,MYLAPORE-TRIPLICANE TALUK,60,25-10-2008
6440,Chennai,Purasawalkam - Perambur,56,25-10-2008
6441,Chennai,Ambathur,55,25-10-2008
6442,Chennai,Chennai AP,0.1,26-10-2008
6443,Chennai,Ambathur,16,11-11-2008
6444,Chennai,Anna university,10.6,11-11-2008
6445,Chennai,Chennai AP,10.3,11-11-2008
6446,Chennai,Chennai nungambakkam,4.7,11-11-2008
6447,Chennai,Govt. arts college,0.5,11-11-2008
6448,Chennai,Govt. arts college,7,12-11-2008
6449,Chennai,Chennai nungambakkam,3.9,12-11-2008
6450,Chennai,Anna university,3.1,12-11-2008
6451,Chennai,Purasawalkam - Perambur,3,12-11-2008
6452,Chennai,Chennai AP,2.5,12-11-2008
6453,Chennai,Chennai AP,0.3,13-11-2008
6454,Chennai,Anna university,8.8,14-11-2008
6455,Chennai,Chennai nungambakkam,6.6,14-11-2008
6456,Chennai,Chennai AP,4.8,14-11-2008
6457,Chennai,Purasawalkam - Perambur,2,14-11-2008
6458,Chennai,Govt. arts college,1,14-11-2008
6459,Chennai,Chennai nungambakkam,0.2,15-11-2008
6460,Chennai,Chennai AP,0.2,15-11-2008
6461,Chennai,Ambathur,35,16-11-2008
6462,Chennai,Purasawalkam - Perambur,18,16-11-2008
6463,Chennai,Govt. arts college,17.1,16-11-2008
6464,Chennai,Chennai nungambakkam,16.8,16-11-2008
6465,Chennai,Chennai AP,14.2,16-11-2008
6466,Chennai,Anna university,13.4,16-11-2008
6467,Chennai,DGP Office,12.8,16-11-2008
6468,Chennai,MYLAPORE-TRIPLICANE TALUK,11.6,16-11-2008
6469,Chennai,Pachaiyappa college,4.5,16-11-2008
6470,Chennai,Purasawalkam - Perambur,4,19-11-2008
6471,Chennai,Chennai AP,4,19-11-2008
6472,Chennai,Chennai nungambakkam,0.2,19-11-2008
6473,Chennai,Chennai AP,0.1,21-11-2008
6474,Chennai,Chennai nungambakkam,84,22-11-2008
6475,Chennai,Govt. arts college,53,22-11-2008
6476,Chennai,Chennai AP,49,22-11-2008
6477,Chennai,Anna university,47,22-11-2008
6478,Chennai,Purasawalkam - Perambur,41,22-11-2008
6479,Chennai,Ambathur,36,22-11-2008
6480,Chennai,Pachaiyappa college,33.5,22-11-2008
6481,Chennai,DGP Office,21,22-11-2008
6482,Chennai,MYLAPORE-TRIPLICANE TALUK,17,22-11-2008
6483,Chennai,Ambathur,43,23-11-2008
6484,Chennai,Govt. arts college,33,23-11-2008
6485,Chennai,Chennai nungambakkam,26.5,23-11-2008
6486,Chennai,Chennai AP,25.4,23-11-2008
6487,Chennai,Purasawalkam - Perambur,24.4,23-11-2008
6488,Chennai,Pachaiyappa college,18,23-11-2008
6489,Chennai,DGP Office,15.6,23-11-2008
6490,Chennai,MYLAPORE-TRIPLICANE TALUK,14.3,23-11-2008
6491,Chennai,Anna university,3.8,23-11-2008
6492,Chennai,Ambathur,31,24-11-2008
6493,Chennai,Chennai nungambakkam,23,24-11-2008
6494,Chennai,Pachaiyappa college,16.5,24-11-2008
6495,Chennai,Purasawalkam - Perambur,10,24-11-2008
6496,Chennai,Anna university,7.4,24-11-2008
6497,Chennai,Chennai AP,5.6,24-11-2008
6498,Chennai,Govt. arts college,4,24-11-2008
6499,Chennai,DGP Office,3.1,24-11-2008
6500,Chennai,Chennai nungambakkam,1.8,25-11-2008
6501,Chennai,Govt. arts college,1,25-11-2008
6502,Chennai,Anna university,0.6,25-11-2008
6503,Chennai,Chennai AP,0.2,25-11-2008
6504,Chennai,Chennai AP,113.1,26-11-2008
6505,Chennai,Anna university,107,26-11-2008
6506,Chennai,Chennai nungambakkam,94,26-11-2008
6507,Chennai,DGP Office,90,26-11-2008
6508,Chennai,MYLAPORE-TRIPLICANE TALUK,88,26-11-2008
6509,Chennai,Govt. arts college,84.2,26-11-2008
6510,Chennai,Pachaiyappa college,75.7,26-11-2008
6511,Chennai,Ambathur,64,26-11-2008
6512,Chennai,Purasawalkam - Perambur,63.8,26-11-2008
6513,Chennai,Chennai nungambakkam,137.7,27-11-2008
6514,Chennai,Chennai AP,133.8,27-11-2008
6515,Chennai,Anna university,116,27-11-2008
6516,Chennai,Ambathur,109,27-11-2008
6517,Chennai,MYLAPORE-TRIPLICANE TALUK,95.2,27-11-2008
6518,Chennai,Govt. arts college,91.4,27-11-2008
6519,Chennai,DGP Office,88.1,27-11-2008
6520,Chennai,Purasawalkam - Perambur,83.2,27-11-2008
6521,Chennai,Pachaiyappa college,68.5,27-11-2008
6522,Chennai,Chennai AP,279.2,28-11-2008
6523,Chennai,Anna university,235,28-11-2008
6524,Chennai,MYLAPORE-TRIPLICANE TALUK,181.2,28-11-2008
6525,Chennai,Ambathur,148,28-11-2008
6526,Chennai,Chennai nungambakkam,136.9,28-11-2008
6527,Chennai,Purasawalkam - Perambur,109,28-11-2008
6528,Chennai,DGP Office,108.6,28-11-2008
6529,Chennai,Govt. arts college,93.4,28-11-2008
6530,Chennai,Pachaiyappa college,67.7,28-11-2008
6531,Chennai,Ambathur,62,29-11-2008
6532,Chennai,Chennai AP,49.1,29-11-2008
6533,Chennai,Anna university,44.7,29-11-2008
6534,Chennai,Govt. arts college,38.1,29-11-2008
6535,Chennai,Chennai nungambakkam,31.1,29-11-2008
6536,Chennai,Pachaiyappa college,31,29-11-2008
6537,Chennai,Purasawalkam - Perambur,25,29-11-2008
6538,Chennai,MYLAPORE-TRIPLICANE TALUK,22.1,29-11-2008
6539,Chennai,DGP Office,18.3,29-11-2008
6540,Chennai,Anna university,22.2,30-11-2008
6541,Chennai,MYLAPORE-TRIPLICANE TALUK,14.2,30-11-2008
6542,Chennai,DGP Office,12.1,30-11-2008
6543,Chennai,Govt. arts college,9.2,30-11-2008
6544,Chennai,Purasawalkam - Perambur,8,30-11-2008
6545,Chennai,Pachaiyappa college,7.8,30-11-2008
6546,Chennai,Ambathur,7,30-11-2008
6547,Chennai,Chennai nungambakkam,6.4,30-11-2008
6548,Chennai,Chennai AP,6.3,30-11-2008
6549,Chennai,Purasawalkam - Perambur,4,01-12-2008
6550,Chennai,Chennai nungambakkam,2.8,01-12-2008
6551,Chennai,Ambathur,2,01-12-2008
6552,Chennai,Govt. arts college,2,01-12-2008
6553,Chennai,Chennai AP,1.4,01-12-2008
6554,Chennai,Anna university,0.4,01-12-2008
6555,Chennai,MYLAPORE-TRIPLICANE TALUK,0.3,01-12-2008
6556,Chennai,DGP Office,0.1,01-12-2008
6557,Chennai,Chennai AP,0.3,02-12-2008
6558,Chennai,Govt. arts college,0.2,02-12-2008
6559,Chennai,Anna university,0.1,02-12-2008
6560,Chennai,Chennai AP,6.7,09-12-2008
6561,Chennai,Chennai nungambakkam,5.2,09-12-2008
6562,Chennai,Ambathur,4,09-12-2008
6563,Chennai,Govt. arts college,0.5,09-12-2008
6564,Chennai,MYLAPORE-TRIPLICANE TALUK,0.4,09-12-2008
6565,Chennai,Purasawalkam - Perambur,0.3,09-12-2008
6566,Chennai,DGP Office,0.2,09-12-2008
6567,Chennai,Purasawalkam - Perambur,9.1,10-12-2008
6568,Chennai,Pachaiyappa college,8.1,10-12-2008
6569,Chennai,Govt. arts college,7.4,10-12-2008
6570,Chennai,Chennai nungambakkam,7.3,10-12-2008
6571,Chennai,Ambathur,3,10-12-2008
6572,Chennai,MYLAPORE-TRIPLICANE TALUK,1.4,10-12-2008
6573,Chennai,DGP Office,1.1,10-12-2008
6574,Chennai,Chennai AP,1.1,10-12-2008
6575,Chennai,Anna university,0.8,10-12-2008
6576,Chennai,Chennai nungambakkam,0.3,14-12-2008
6577,Chennai,Chennai nungambakkam,0.3,15-12-2008
6578,Chennai,Chennai AP,0.3,16-12-2008
6579,Chennai,Chennai nungambakkam,0.3,25-12-2008
6580,Chennai,Chennai nungambakkam,0.1,07-01-2009
6581,Chennai,Chennai AP,26.5,08-01-2009
6582,Chennai,Chennai nungambakkam,19.3,08-01-2009
6583,Chennai,Ambathur,15,08-01-2009
6584,Chennai,Anna university,11.5,08-01-2009
6585,Chennai,DGP Office,4.9,08-01-2009
6586,Chennai,Govt. arts college,3.5,08-01-2009
6587,Chennai,Pachaiyappa college,3.4,08-01-2009
6588,Chennai,MYLAPORE-TRIPLICANE TALUK,2.9,08-01-2009
6589,Chennai,Purasawalkam - Perambur,1.9,08-01-2009
6590,Chennai,Chennai AP,0.4,14-01-2009
6591,Chennai,Chennai AP,6.9,16-01-2009
6592,Chennai,Chennai nungambakkam,1.7,16-01-2009
6593,Chennai,Anna university,0.9,16-01-2009
6594,Chennai,DGP Office,0.8,16-01-2009
6595,Chennai,MYLAPORE-TRIPLICANE TALUK,0.6,16-01-2009
6596,Chennai,Pachaiyappa college,0.5,16-01-2009
6597,Chennai,Chennai nungambakkam,0.4,10-03-2009
6598,Chennai,Chennai AP,2.1,11-03-2009
6599,Chennai,Chennai nungambakkam,1.6,11-03-2009
6600,Chennai,Ambathur,15,16-05-2009
6601,Chennai,Chennai nungambakkam,1.1,24-05-2009
6602,Chennai,Chennai AP,0.9,24-05-2009
6603,Chennai,Chennai nungambakkam,1.3,05-06-2009
6604,Chennai,Chennai AP,0.2,05-06-2009
6605,Chennai,Govt. arts college,0.2,05-06-2009
6606,Chennai,Purasawalkam - Perambur,0.2,05-06-2009
6607,Chennai,DGP Office,0.1,05-06-2009
6608,Chennai,Chennai nungambakkam,11.8,09-06-2009
6609,Chennai,Chennai AP,0.1,09-06-2009
6610,Chennai,Ambathur,36,21-06-2009
6611,Chennai,Chennai nungambakkam,5.6,21-06-2009
6612,Chennai,Govt. arts college,2.1,21-06-2009
6613,Chennai,Pachaiyappa college,2,21-06-2009
6614,Chennai,DGP Office,1.9,21-06-2009
6615,Chennai,Purasawalkam - Perambur,1.8,21-06-2009
6616,Chennai,Chennai AP,1.5,21-06-2009
6617,Chennai,MYLAPORE-TRIPLICANE TALUK,1.5,21-06-2009
6618,Chennai,Anna university,1.1,21-06-2009
6619,Chennai,Anna university,4.8,23-06-2009
6620,Chennai,Ambathur,3,23-06-2009
6621,Chennai,MYLAPORE-TRIPLICANE TALUK,2.1,23-06-2009
6622,Chennai,Chennai AP,2,23-06-2009
6623,Chennai,Govt. arts college,1.8,23-06-2009
6624,Chennai,Pachaiyappa college,1.8,23-06-2009
6625,Chennai,Chennai nungambakkam,1.6,23-06-2009
6626,Chennai,Purasawalkam - Perambur,1.6,23-06-2009
6627,Chennai,DGP Office,0.5,23-06-2009
6628,Chennai,Chennai AP,1.5,25-06-2009
6629,Chennai,Anna university,1,25-06-2009
6630,Chennai,Chennai AP,3.6,26-06-2009
6631,Chennai,Anna university,2,26-06-2009
6632,Chennai,Chennai nungambakkam,2,27-06-2009
6633,Chennai,Chennai AP,0.3,27-06-2009
6634,Chennai,Chennai AP,6.9,28-06-2009
6635,Chennai,Chennai nungambakkam,0.2,28-06-2009
6636,Chennai,Chennai nungambakkam,0.6,02-07-2009
6637,Chennai,Chennai AP,0.2,02-07-2009
6638,Chennai,Chennai AP,4.9,03-07-2009
6639,Chennai,Anna university,4,03-07-2009
6640,Chennai,MYLAPORE-TRIPLICANE TALUK,3.2,03-07-2009
6641,Chennai,DGP Office,2.9,03-07-2009
6642,Chennai,Chennai nungambakkam,2.4,03-07-2009
6643,Chennai,Govt. arts college,2,03-07-2009
6644,Chennai,Pachaiyappa college,1.8,03-07-2009
6645,Chennai,Purasawalkam - Perambur,1.7,03-07-2009
6646,Chennai,Chennai nungambakkam,0.6,04-07-2009
6647,Chennai,Ambathur,10,05-07-2009
6648,Chennai,Chennai nungambakkam,4.4,05-07-2009
6649,Chennai,Chennai AP,3.7,05-07-2009
6650,Chennai,Anna university,3,05-07-2009
6651,Chennai,Govt. arts college,2.7,05-07-2009
6652,Chennai,Pachaiyappa college,2.7,05-07-2009
6653,Chennai,DGP Office,2,05-07-2009
6654,Chennai,MYLAPORE-TRIPLICANE TALUK,1.5,05-07-2009
6655,Chennai,Purasawalkam - Perambur,0.8,05-07-2009
6656,Chennai,Chennai AP,0.4,09-07-2009
6657,Chennai,Chennai nungambakkam,0.3,09-07-2009
6658,Chennai,Chennai AP,0.5,13-07-2009
6659,Chennai,Chennai nungambakkam,0.1,13-07-2009
6660,Chennai,Ambathur,4,16-07-2009
6661,Chennai,Chennai AP,0.6,16-07-2009
6662,Chennai,Chennai nungambakkam,0.6,16-07-2009
6663,Chennai,Chennai AP,4.2,20-07-2009
6664,Chennai,Anna university,3.6,20-07-2009
6665,Chennai,Pachaiyappa college,2.8,20-07-2009
6666,Chennai,Chennai nungambakkam,2.6,20-07-2009
6667,Chennai,MYLAPORE-TRIPLICANE TALUK,2.2,20-07-2009
6668,Chennai,Purasawalkam - Perambur,1.6,20-07-2009
6669,Chennai,Anna university,17.2,28-07-2009
6670,Chennai,MYLAPORE-TRIPLICANE TALUK,15,28-07-2009
6671,Chennai,Chennai AP,14.8,28-07-2009
6672,Chennai,DGP Office,12,28-07-2009
6673,Chennai,Purasawalkam - Perambur,11,28-07-2009
6674,Chennai,Chennai nungambakkam,6.5,28-07-2009
6675,Chennai,Govt. arts college,5,28-07-2009
6676,Chennai,Pachaiyappa college,4,28-07-2009
6677,Chennai,Ambathur,4,28-07-2009
6678,Chennai,MYLAPORE-TRIPLICANE TALUK,20.2,29-07-2009
6679,Chennai,Pachaiyappa college,14.2,29-07-2009
6680,Chennai,Chennai nungambakkam,13.6,29-07-2009
6681,Chennai,DGP Office,11,29-07-2009
6682,Chennai,Purasawalkam - Perambur,9,29-07-2009
6683,Chennai,Anna university,8.2,29-07-2009
6684,Chennai,Govt. arts college,8,29-07-2009
6685,Chennai,Ambathur,5,29-07-2009
6686,Chennai,Chennai AP,3.1,29-07-2009
6687,Chennai,Ambathur,2,30-07-2009
6688,Chennai,Chennai nungambakkam,0.2,30-07-2009
6689,Chennai,Chennai AP,0.1,30-07-2009
6690,Chennai,Chennai AP,34.2,31-07-2009
6691,Chennai,Anna university,14.6,31-07-2009
6692,Chennai,MYLAPORE-TRIPLICANE TALUK,12,31-07-2009
6693,Chennai,DGP Office,9.5,31-07-2009
6694,Chennai,Govt. arts college,8.8,31-07-2009
6695,Chennai,Chennai nungambakkam,4.9,31-07-2009
6696,Chennai,Pachaiyappa college,4.2,31-07-2009
6697,Chennai,Ambathur,2,31-07-2009
6698,Chennai,Chennai AP,18.8,01-08-2009
6699,Chennai,Chennai nungambakkam,7,01-08-2009
6700,Chennai,Pachaiyappa college,4.5,01-08-2009
6701,Chennai,Anna university,4.2,01-08-2009
6702,Chennai,MYLAPORE-TRIPLICANE TALUK,3.5,01-08-2009
6703,Chennai,DGP Office,2,01-08-2009
6704,Chennai,Govt. arts college,1,01-08-2009
6705,Chennai,Chennai AP,17.8,02-08-2009
6706,Chennai,Anna university,11.4,02-08-2009
6707,Chennai,Chennai AP,16.4,05-08-2009
6708,Chennai,MYLAPORE-TRIPLICANE TALUK,11.5,05-08-2009
6709,Chennai,Anna university,8,05-08-2009
6710,Chennai,DGP Office,6.5,05-08-2009
6711,Chennai,Ambathur,5,05-08-2009
6712,Chennai,Govt. arts college,2.4,05-08-2009
6713,Chennai,Chennai nungambakkam,0.4,05-08-2009
6714,Chennai,Pachaiyappa college,0.2,05-08-2009
6715,Chennai,Chennai AP,0.3,06-08-2009
6716,Chennai,Anna university,0.1,06-08-2009
6717,Chennai,Chennai nungambakkam,1.2,07-08-2009
6718,Chennai,Chennai AP,3.4,09-08-2009
6719,Chennai,Chennai nungambakkam,0.4,09-08-2009
6720,Chennai,Purasawalkam - Perambur,32,11-08-2009
6721,Chennai,MYLAPORE-TRIPLICANE TALUK,31,11-08-2009
6722,Chennai,DGP Office,28.5,11-08-2009
6723,Chennai,Anna university,22.2,11-08-2009
6724,Chennai,Chennai nungambakkam,17,11-08-2009
6725,Chennai,Govt. arts college,14,11-08-2009
6726,Chennai,Pachaiyappa college,13,11-08-2009
6727,Chennai,Chennai AP,1.8,11-08-2009
6728,Chennai,Ambathur,89,15-08-2009
6729,Chennai,Purasawalkam - Perambur,30,15-08-2009
6730,Chennai,Chennai AP,27.6,15-08-2009
6731,Chennai,Anna university,17,15-08-2009
6732,Chennai,Govt. arts college,16.2,15-08-2009
6733,Chennai,MYLAPORE-TRIPLICANE TALUK,15,15-08-2009
6734,Chennai,Chennai nungambakkam,14.4,15-08-2009
6735,Chennai,DGP Office,13.5,15-08-2009
6736,Chennai,Pachaiyappa college,13.1,15-08-2009
6737,Chennai,Govt. arts college,4,17-08-2009
6738,Chennai,MYLAPORE-TRIPLICANE TALUK,2.5,17-08-2009
6739,Chennai,Anna university,2.2,17-08-2009
6740,Chennai,DGP Office,1.5,17-08-2009
6741,Chennai,Chennai nungambakkam,1,17-08-2009
6742,Chennai,Chennai AP,19.8,18-08-2009
6743,Chennai,Anna university,19.4,18-08-2009
6744,Chennai,Pachaiyappa college,19.2,18-08-2009
6745,Chennai,Purasawalkam - Perambur,19,18-08-2009
6746,Chennai,Ambathur,19,18-08-2009
6747,Chennai,Govt. arts college,18.2,18-08-2009
6748,Chennai,Chennai nungambakkam,17.5,18-08-2009
6749,Chennai,MYLAPORE-TRIPLICANE TALUK,17,18-08-2009
6750,Chennai,DGP Office,15.5,18-08-2009
6751,Chennai,Chennai AP,0.3,19-08-2009
6752,Chennai,Chennai nungambakkam,0.2,21-08-2009
6753,Chennai,Chennai AP,10.1,24-08-2009
6754,Chennai,Chennai nungambakkam,3.9,24-08-2009
6755,Chennai,MYLAPORE-TRIPLICANE TALUK,1,24-08-2009
6756,Chennai,DGP Office,0.5,24-08-2009
6757,Chennai,Anna university,0.5,24-08-2009
6758,Chennai,Chennai nungambakkam,11.5,25-08-2009
6759,Chennai,Govt. arts college,9.4,25-08-2009
6760,Chennai,Ambathur,8,25-08-2009
6761,Chennai,Purasawalkam - Perambur,6.1,25-08-2009
6762,Chennai,Chennai AP,0.6,25-08-2009
6763,Chennai,MYLAPORE-TRIPLICANE TALUK,0.5,25-08-2009
6764,Chennai,Pachaiyappa college,0.5,25-08-2009
6765,Chennai,Chennai AP,18.2,27-08-2009
6766,Chennai,Anna university,8.6,27-08-2009
6767,Chennai,DGP Office,8.2,27-08-2009
6768,Chennai,MYLAPORE-TRIPLICANE TALUK,8.2,27-08-2009
6769,Chennai,Chennai nungambakkam,7.6,27-08-2009
6770,Chennai,Govt. arts college,7,27-08-2009
6771,Chennai,Purasawalkam - Perambur,6.1,27-08-2009
6772,Chennai,Pachaiyappa college,5.1,27-08-2009
6773,Chennai,Ambathur,2,27-08-2009
6774,Chennai,Chennai nungambakkam,0.4,29-08-2009
6775,Chennai,Anna university,12,31-08-2009
6776,Chennai,MYLAPORE-TRIPLICANE TALUK,11.5,31-08-2009
6777,Chennai,DGP Office,9,31-08-2009
6778,Chennai,Chennai AP,8.4,31-08-2009
6779,Chennai,Chennai nungambakkam,4.4,31-08-2009
6780,Chennai,Govt. arts college,3.4,31-08-2009
6781,Chennai,Pachaiyappa college,3,31-08-2009
6782,Chennai,Purasawalkam - Perambur,2.6,31-08-2009
6783,Chennai,Ambathur,2,31-08-2009
6784,Chennai,Chennai AP,45.1,01-09-2009
6785,Chennai,Chennai nungambakkam,35,01-09-2009
6786,Chennai,Pachaiyappa college,33,01-09-2009
6787,Chennai,Purasawalkam - Perambur,30.2,01-09-2009
6788,Chennai,Govt. arts college,22.2,01-09-2009
6789,Chennai,Ambathur,21,01-09-2009
6790,Chennai,MYLAPORE-TRIPLICANE TALUK,5,01-09-2009
6791,Chennai,DGP Office,4.5,01-09-2009
6792,Chennai,Anna university,4,01-09-2009
6793,Chennai,Chennai AP,4.2,02-09-2009
6794,Chennai,Ambathur,4,02-09-2009
6795,Chennai,Chennai nungambakkam,3.9,02-09-2009
6796,Chennai,Govt. arts college,3.2,02-09-2009
6797,Chennai,Anna university,3.2,02-09-2009
6798,Chennai,Pachaiyappa college,3.2,02-09-2009
6799,Chennai,DGP Office,3,02-09-2009
6800,Chennai,MYLAPORE-TRIPLICANE TALUK,2.8,02-09-2009
6801,Chennai,Chennai AP,0.7,03-09-2009
6802,Chennai,Chennai nungambakkam,0.7,03-09-2009
6803,Chennai,Chennai AP,20.03,04-09-2009
6804,Chennai,Anna university,6.2,04-09-2009
6805,Chennai,MYLAPORE-TRIPLICANE TALUK,4.2,04-09-2009
6806,Chennai,DGP Office,4,04-09-2009
6807,Chennai,Ambathur,4,04-09-2009
6808,Chennai,Govt. arts college,2,04-09-2009
6809,Chennai,Purasawalkam - Perambur,2,04-09-2009
6810,Chennai,Chennai nungambakkam,1.7,04-09-2009
6811,Chennai,Pachaiyappa college,1.2,04-09-2009
6812,Chennai,Ambathur,1,05-09-2009
6813,Chennai,Chennai AP,18.2,16-09-2009
6814,Chennai,Chennai nungambakkam,16.3,16-09-2009
6815,Chennai,Pachaiyappa college,7,16-09-2009
6816,Chennai,Anna university,4.6,16-09-2009
6817,Chennai,Purasawalkam - Perambur,4,16-09-2009
6818,Chennai,Chennai port trust,1,16-09-2009
6819,Chennai,Govt. arts college,1,16-09-2009
6820,Chennai,DGP Office,1,16-09-2009
6821,Chennai,MYLAPORE-TRIPLICANE TALUK,1,16-09-2009
6822,Chennai,Anna university,25.6,17-09-2009
6823,Chennai,MYLAPORE-TRIPLICANE TALUK,11,17-09-2009
6824,Chennai,DGP Office,10,17-09-2009
6825,Chennai,Chennai AP,3,17-09-2009
6826,Chennai,Pachaiyappa college,1.5,17-09-2009
6827,Chennai,Ambathur,60,20-09-2009
6828,Chennai,Chennai AP,29.6,20-09-2009
6829,Chennai,Chennai nungambakkam,5.4,20-09-2009
6830,Chennai,MYLAPORE-TRIPLICANE TALUK,4,20-09-2009
6831,Chennai,Anna university,4,20-09-2009
6832,Chennai,Govt. arts college,2,20-09-2009
6833,Chennai,DGP Office,2,20-09-2009
6834,Chennai,Pachaiyappa college,2,20-09-2009
6835,Chennai,Purasawalkam - Perambur,2,20-09-2009
6836,Chennai,Ambathur,5,22-09-2009
6837,Chennai,Ambathur,1,23-09-2009
6838,Chennai,Anna university,13.2,24-09-2009
6839,Chennai,Chennai AP,10.8,24-09-2009
6840,Chennai,MYLAPORE-TRIPLICANE TALUK,10.2,24-09-2009
6841,Chennai,Ambathur,7,24-09-2009
6842,Chennai,Ambathur,22,26-09-2009
6843,Chennai,Chennai AP,7.2,26-09-2009
6844,Chennai,Anna university,6.2,26-09-2009
6845,Chennai,Chennai nungambakkam,5.2,26-09-2009
6846,Chennai,MYLAPORE-TRIPLICANE TALUK,5.2,26-09-2009
6847,Chennai,Pachaiyappa college,5.1,26-09-2009
6848,Chennai,DGP Office,5,26-09-2009
6849,Chennai,Purasawalkam - Perambur,5,26-09-2009
6850,Chennai,Govt. arts college,3.3,26-09-2009
6851,Chennai,Chennai nungambakkam,4.6,27-09-2009
6852,Chennai,Pachaiyappa college,2,27-09-2009
6853,Chennai,Ambathur,2,27-09-2009
6854,Chennai,Purasawalkam - Perambur,1.5,27-09-2009
6855,Chennai,Chennai AP,0.5,27-09-2009
6856,Chennai,Govt. arts college,0.5,27-09-2009
6857,Chennai,DGP Office,0.5,27-09-2009
6858,Chennai,MYLAPORE-TRIPLICANE TALUK,0.5,27-09-2009
6859,Chennai,Anna university,0.5,27-09-2009
6860,Chennai,Chennai AP,41.2,28-09-2009
6861,Chennai,Ambathur,39,28-09-2009
6862,Chennai,Anna university,17.6,28-09-2009
6863,Chennai,MYLAPORE-TRIPLICANE TALUK,15,28-09-2009
6864,Chennai,DGP Office,14,28-09-2009
6865,Chennai,Govt. arts college,13.2,28-09-2009
6866,Chennai,Chennai nungambakkam,11.3,28-09-2009
6867,Chennai,Pachaiyappa college,11.3,28-09-2009
6868,Chennai,Purasawalkam - Perambur,11,28-09-2009
6869,Chennai,Chennai nungambakkam,0.5,29-09-2009
6870,Chennai,Pachaiyappa college,0.5,29-09-2009
6871,Chennai,Chennai AP,4.2,30-09-2009
6872,Chennai,Ambathur,3,30-09-2009
6873,Chennai,Anna university,2.6,30-09-2009
6874,Chennai,MYLAPORE-TRIPLICANE TALUK,2.4,30-09-2009
6875,Chennai,DGP Office,2.2,30-09-2009
6876,Chennai,Govt. arts college,2,30-09-2009
6877,Chennai,Purasawalkam - Perambur,2,30-09-2009
6878,Chennai,Pachaiyappa college,1.8,30-09-2009
6879,Chennai,Chennai nungambakkam,0.8,30-09-2009
6880,Chennai,Chennai AP,0.3,01-10-2009
6881,Chennai,Chennai nungambakkam,0.1,10-10-2009
6882,Chennai,Pachaiyappa college,0.1,10-10-2009
6883,Chennai,Ambathur,4,11-10-2009
6884,Chennai,Purasawalkam - Perambur,20.2,27-10-2009
6885,Chennai,Chennai nungambakkam,12.8,27-10-2009
6886,Chennai,Pachaiyappa college,12,27-10-2009
6887,Chennai,Govt. arts college,11,27-10-2009
6888,Chennai,Ambathur,4,27-10-2009
6889,Chennai,MYLAPORE-TRIPLICANE TALUK,3,27-10-2009
6890,Chennai,Chennai AP,2.6,27-10-2009
6891,Chennai,DGP Office,2,27-10-2009
6892,Chennai,Anna university,2,27-10-2009
6893,Chennai,Purasawalkam - Perambur,33.5,28-10-2009
6894,Chennai,Govt. arts college,31.2,28-10-2009
6895,Chennai,Ambathur,27,28-10-2009
6896,Chennai,Anna university,16,28-10-2009
6897,Chennai,MYLAPORE-TRIPLICANE TALUK,15.5,28-10-2009
6898,Chennai,Chennai nungambakkam,14.2,28-10-2009
6899,Chennai,DGP Office,13.5,28-10-2009
6900,Chennai,Pachaiyappa college,12,28-10-2009
6901,Chennai,Chennai AP,6.4,28-10-2009
6902,Chennai,Ambathur,53,29-10-2009
6903,Chennai,Purasawalkam - Perambur,39.2,29-10-2009
6904,Chennai,Chennai nungambakkam,32.1,29-10-2009
6905,Chennai,Pachaiyappa college,31,29-10-2009
6906,Chennai,Anna university,22.2,29-10-2009
6907,Chennai,Chennai AP,22,29-10-2009
6908,Chennai,MYLAPORE-TRIPLICANE TALUK,13.5,29-10-2009
6909,Chennai,DGP Office,11.8,29-10-2009
6910,Chennai,Govt. arts college,8.4,29-10-2009
6911,Chennai,Ambathur,18,30-10-2009
6912,Chennai,Chennai AP,2.6,30-10-2009
6913,Chennai,Chennai nungambakkam,2.5,30-10-2009
6914,Chennai,Pachaiyappa college,2,30-10-2009
6915,Chennai,Govt. arts college,21.4,03-11-2009
6916,Chennai,Purasawalkam - Perambur,20.2,03-11-2009
6917,Chennai,Chennai nungambakkam,19.3,03-11-2009
6918,Chennai,Pachaiyappa college,19,03-11-2009
6919,Chennai,Anna university,10.4,03-11-2009
6920,Chennai,MYLAPORE-TRIPLICANE TALUK,8.5,03-11-2009
6921,Chennai,DGP Office,7.2,03-11-2009
6922,Chennai,Ambathur,5,03-11-2009
6923,Chennai,Chennai AP,3.6,03-11-2009
6924,Chennai,Chennai AP,9.1,04-11-2009
6925,Chennai,Ambathur,3,04-11-2009
6926,Chennai,Anna university,1.6,04-11-2009
6927,Chennai,MYLAPORE-TRIPLICANE TALUK,1.2,04-11-2009
6928,Chennai,Chennai nungambakkam,0.4,04-11-2009
6929,Chennai,DGP Office,0.4,04-11-2009
6930,Chennai,Chennai nungambakkam,150,05-11-2009
6931,Chennai,Pachaiyappa college,145,05-11-2009
6932,Chennai,Chennai AP,113.7,05-11-2009
6933,Chennai,Anna university,76,05-11-2009
6934,Chennai,DGP Office,75,05-11-2009
6935,Chennai,MYLAPORE-TRIPLICANE TALUK,74,05-11-2009
6936,Chennai,Purasawalkam - Perambur,68,05-11-2009
6937,Chennai,Govt. arts college,65,05-11-2009
6938,Chennai,Ambathur,49,05-11-2009
6939,Chennai,Anna university,53.8,06-11-2009
6940,Chennai,Chennai AP,43.3,06-11-2009
6941,Chennai,MYLAPORE-TRIPLICANE TALUK,35.4,06-11-2009
6942,Chennai,DGP Office,30.2,06-11-2009
6943,Chennai,Chennai nungambakkam,24.8,06-11-2009
6944,Chennai,Govt. arts college,20.3,06-11-2009
6945,Chennai,Pachaiyappa college,20.3,06-11-2009
6946,Chennai,Purasawalkam - Perambur,19,06-11-2009
6947,Chennai,Ambathur,11,06-11-2009
6948,Chennai,Ambathur,145,07-11-2009
6949,Chennai,Anna university,97.2,07-11-2009
6950,Chennai,MYLAPORE-TRIPLICANE TALUK,72.5,07-11-2009
6951,Chennai,Chennai AP,70,07-11-2009
6952,Chennai,DGP Office,66.4,07-11-2009
6953,Chennai,Chennai nungambakkam,60,07-11-2009
6954,Chennai,Pachaiyappa college,57.5,07-11-2009
6955,Chennai,Govt. arts college,39,07-11-2009
6956,Chennai,Purasawalkam - Perambur,39,07-11-2009
6957,Chennai,Anna university,149.4,08-11-2009
6958,Chennai,MYLAPORE-TRIPLICANE TALUK,132.5,08-11-2009
6959,Chennai,Chennai AP,127.3,08-11-2009
6960,Chennai,Pachaiyappa college,127,08-11-2009
6961,Chennai,DGP Office,126.5,08-11-2009
6962,Chennai,Chennai nungambakkam,123.3,08-11-2009
6963,Chennai,Govt. arts college,121.5,08-11-2009
6964,Chennai,Purasawalkam - Perambur,110.5,08-11-2009
6965,Chennai,Ambathur,106,08-11-2009
6966,Chennai,Ambathur,66,09-11-2009
6967,Chennai,Chennai AP,44.8,09-11-2009
6968,Chennai,Anna university,39.2,09-11-2009
6969,Chennai,MYLAPORE-TRIPLICANE TALUK,31.5,09-11-2009
6970,Chennai,DGP Office,29.2,09-11-2009
6971,Chennai,Chennai nungambakkam,27,09-11-2009
6972,Chennai,Pachaiyappa college,22.3,09-11-2009
6973,Chennai,Govt. arts college,21.3,09-11-2009
6974,Chennai,Purasawalkam - Perambur,21.3,09-11-2009
6975,Chennai,Govt. arts college,18,10-11-2009
6976,Chennai,Chennai AP,13.5,10-11-2009
6977,Chennai,Anna university,12.2,10-11-2009
6978,Chennai,Ambathur,10,10-11-2009
6979,Chennai,Chennai nungambakkam,6.3,10-11-2009
6980,Chennai,Pachaiyappa college,6.2,10-11-2009
6981,Chennai,MYLAPORE-TRIPLICANE TALUK,4.2,10-11-2009
6982,Chennai,Chennai AP,31.6,11-11-2009
6983,Chennai,Anna university,25.5,11-11-2009
6984,Chennai,MYLAPORE-TRIPLICANE TALUK,23,11-11-2009
6985,Chennai,DGP Office,22.3,11-11-2009
6986,Chennai,Chennai nungambakkam,20.8,11-11-2009
6987,Chennai,Pachaiyappa college,20.2,11-11-2009
6988,Chennai,Purasawalkam - Perambur,20.2,11-11-2009
6989,Chennai,Govt. arts college,18,11-11-2009
6990,Chennai,Ambathur,12,11-11-2009
6991,Chennai,Ambathur,103,15-11-2009
6992,Chennai,Purasawalkam - Perambur,82.2,15-11-2009
6993,Chennai,Chennai AP,57.7,15-11-2009
6994,Chennai,Anna university,52.2,15-11-2009
6995,Chennai,Pachaiyappa college,47.6,15-11-2009
6996,Chennai,Chennai nungambakkam,46.7,15-11-2009
6997,Chennai,Govt. arts college,40.3,15-11-2009
6998,Chennai,MYLAPORE-TRIPLICANE TALUK,35.5,15-11-2009
6999,Chennai,DGP Office,30.2,15-11-2009
7000,Chennai,Chennai AP,37.2,16-11-2009
7001,Chennai,DGP Office,29.2,16-11-2009
7002,Chennai,MYLAPORE-TRIPLICANE TALUK,25.5,16-11-2009
7003,Chennai,Anna university,25.5,16-11-2009
7004,Chennai,Chennai nungambakkam,21.2,16-11-2009
7005,Chennai,Pachaiyappa college,21.2,16-11-2009
7006,Chennai,Purasawalkam - Perambur,18.2,16-11-2009
7007,Chennai,Govt. arts college,14.2,16-11-2009
7008,Chennai,Ambathur,13,16-11-2009
7009,Chennai,Chennai AP,0.1,17-11-2009
7010,Chennai,Chennai AP,4.4,18-11-2009
7011,Chennai,Govt. arts college,2.3,18-11-2009
7012,Chennai,DGP Office,2,18-11-2009
7013,Chennai,MYLAPORE-TRIPLICANE TALUK,2,18-11-2009
7014,Chennai,Anna university,2,18-11-2009
7015,Chennai,Chennai nungambakkam,1.3,18-11-2009
7016,Chennai,Pachaiyappa college,1.3,18-11-2009
7017,Chennai,Purasawalkam - Perambur,1.3,18-11-2009
7018,Chennai,Chennai AP,47.8,19-11-2009
7019,Chennai,Ambathur,23,19-11-2009
7020,Chennai,Chennai nungambakkam,1.2,19-11-2009
7021,Chennai,Chennai nungambakkam,4.2,20-11-2009
7022,Chennai,Pachaiyappa college,4.2,20-11-2009
7023,Chennai,Chennai AP,0.5,20-11-2009
7024,Chennai,Chennai nungambakkam,0.9,21-11-2009
7025,Chennai,Ambathur,19,22-11-2009
7026,Chennai,Chennai nungambakkam,1,22-11-2009
7027,Chennai,Chennai nungambakkam,0.9,24-11-2009
7028,Chennai,Chennai AP,0.3,25-11-2009
7029,Chennai,Chennai AP,0.1,01-12-2009
7030,Chennai,Ambathur,41,02-12-2009
7031,Chennai,Chennai nungambakkam,33.3,02-12-2009
7032,Chennai,Pachaiyappa college,33.3,02-12-2009
7033,Chennai,Purasawalkam - Perambur,33,02-12-2009
7034,Chennai,Anna university,28.3,02-12-2009
7035,Chennai,Govt. arts college,28,02-12-2009
7036,Chennai,DGP Office,25.3,02-12-2009
7037,Chennai,MYLAPORE-TRIPLICANE TALUK,25.3,02-12-2009
7038,Chennai,Chennai AP,15.3,02-12-2009
7039,Chennai,Anna university,62,03-12-2009
7040,Chennai,DGP Office,52.3,03-12-2009
7041,Chennai,MYLAPORE-TRIPLICANE TALUK,52.3,03-12-2009
7042,Chennai,Ambathur,28,03-12-2009
7043,Chennai,Purasawalkam - Perambur,25,03-12-2009
7044,Chennai,Chennai nungambakkam,21.8,03-12-2009
7045,Chennai,Govt. arts college,21.8,03-12-2009
7046,Chennai,Pachaiyappa college,21.8,03-12-2009
7047,Chennai,Chennai AP,20.6,03-12-2009
7048,Chennai,Chennai AP,34.2,04-12-2009
7049,Chennai,Purasawalkam - Perambur,9,04-12-2009
7050,Chennai,Chennai nungambakkam,4.7,04-12-2009
7051,Chennai,Pachaiyappa college,4.7,04-12-2009
7052,Chennai,Govt. arts college,4.5,04-12-2009
7053,Chennai,DGP Office,3,04-12-2009
7054,Chennai,MYLAPORE-TRIPLICANE TALUK,3,04-12-2009
7055,Chennai,Anna university,3,04-12-2009
7056,Chennai,Ambathur,3,04-12-2009
7057,Chennai,Chennai AP,0.2,05-12-2009
7058,Chennai,Chennai AP,0.5,09-12-2009
7059,Chennai,Ambathur,6,12-12-2009
7060,Chennai,Chennai AP,1.2,12-12-2009
7061,Chennai,Chennai nungambakkam,1,12-12-2009
7062,Chennai,Chennai nungambakkam,34.5,13-12-2009
7063,Chennai,Pachaiyappa college,34,13-12-2009
7064,Chennai,Chennai AP,31.3,13-12-2009
7065,Chennai,Anna university,31.3,13-12-2009
7066,Chennai,DGP Office,31,13-12-2009
7067,Chennai,MYLAPORE-TRIPLICANE TALUK,31,13-12-2009
7068,Chennai,Govt. arts college,30,13-12-2009
7069,Chennai,Purasawalkam - Perambur,28,13-12-2009
7070,Chennai,Ambathur,11,13-12-2009
7071,Chennai,Anna university,3.6,14-12-2009
7072,Chennai,DGP Office,3,14-12-2009
7073,Chennai,MYLAPORE-TRIPLICANE TALUK,3,14-12-2009
7074,Chennai,Chennai AP,2.3,14-12-2009
7075,Chennai,Chennai nungambakkam,1.2,14-12-2009
7076,Chennai,Pachaiyappa college,1.2,14-12-2009
7077,Chennai,Purasawalkam - Perambur,9.7,15-12-2009
7078,Chennai,MYLAPORE-TRIPLICANE TALUK,9.6,15-12-2009
7079,Chennai,Chennai AP,9.1,15-12-2009
7080,Chennai,Anna university,9,15-12-2009
7081,Chennai,DGP Office,8.8,15-12-2009
7082,Chennai,Ambathur,8,15-12-2009
7083,Chennai,Chennai nungambakkam,5.6,15-12-2009
7084,Chennai,Govt. arts college,5.4,15-12-2009
7085,Chennai,Pachaiyappa college,5,15-12-2009
7086,Chennai,Chennai nungambakkam,77.6,16-12-2009
7087,Chennai,Pachaiyappa college,77,16-12-2009
7088,Chennai,Ambathur,75,16-12-2009
7089,Chennai,MYLAPORE-TRIPLICANE TALUK,55.2,16-12-2009
7090,Chennai,Anna university,55.2,16-12-2009
7091,Chennai,DGP Office,55,16-12-2009
7092,Chennai,Govt. arts college,45,16-12-2009
7093,Chennai,Purasawalkam - Perambur,43,16-12-2009
7094,Chennai,Chennai AP,35.3,16-12-2009
7095,Chennai,Ambathur,15,17-12-2009
7096,Chennai,Chennai AP,4.2,17-12-2009
7097,Chennai,Anna university,2.6,17-12-2009
7098,Chennai,DGP Office,2,17-12-2009
7099,Chennai,MYLAPORE-TRIPLICANE TALUK,2,17-12-2009
7100,Chennai,Chennai nungambakkam,1.8,17-12-2009
7101,Chennai,Govt. arts college,1.8,17-12-2009
7102,Chennai,Pachaiyappa college,1.5,17-12-2009
7103,Chennai,Anna university,19.2,18-12-2009
7104,Chennai,MYLAPORE-TRIPLICANE TALUK,19,18-12-2009
7105,Chennai,Ambathur,18,18-12-2009
7106,Chennai,DGP Office,15,18-12-2009
7107,Chennai,Chennai nungambakkam,11.6,18-12-2009
7108,Chennai,Govt. arts college,11,18-12-2009
7109,Chennai,Pachaiyappa college,11,18-12-2009
7110,Chennai,Purasawalkam - Perambur,11,18-12-2009
7111,Chennai,Chennai AP,10.9,18-12-2009
7112,Chennai,Chennai AP,1.7,19-12-2009
7113,Chennai,Chennai nungambakkam,1.6,20-12-2009
7114,Chennai,Pachaiyappa college,1,20-12-2009
7115,Chennai,Ambathur,1,20-12-2009
7116,Chennai,Chennai AP,0.3,20-12-2009
7117,Chennai,Chennai AP,40.8,21-12-2009
7118,Chennai,Anna university,35,21-12-2009
7119,Chennai,Chennai nungambakkam,32.5,21-12-2009
7120,Chennai,Pachaiyappa college,32.5,21-12-2009
7121,Chennai,MYLAPORE-TRIPLICANE TALUK,31,21-12-2009
7122,Chennai,DGP Office,30,21-12-2009
7123,Chennai,Govt. arts college,8,21-12-2009
7124,Chennai,Purasawalkam - Perambur,8,21-12-2009
7125,Chennai,Ambathur,2,21-12-2009
7126,Chennai,Chennai nungambakkam,47.9,22-12-2009
7127,Chennai,Pachaiyappa college,47,22-12-2009
7128,Chennai,Anna university,14.6,22-12-2009
7129,Chennai,DGP Office,14,22-12-2009
7130,Chennai,MYLAPORE-TRIPLICANE TALUK,14,22-12-2009
7131,Chennai,Ambathur,7,22-12-2009
7132,Chennai,Chennai AP,6.9,22-12-2009
7133,Chennai,Purasawalkam - Perambur,6.9,22-12-2009
7134,Chennai,Govt. arts college,6,22-12-2009
7135,Chennai,Chennai nungambakkam,1.8,07-01-2010
7136,Chennai,Chennai AP,0.1,07-01-2010
7137,Chennai,Chennai AP,4.1,09-01-2010
7138,Chennai,Chennai nungambakkam,2.4,09-01-2010
7139,Chennai,Pachaiyappa college,2.4,09-01-2010
7140,Chennai,Purasawalkam - Perambur,2.4,09-01-2010
7141,Chennai,DGP Office,2.1,09-01-2010
7142,Chennai,Govt. arts college,2,09-01-2010
7143,Chennai,MYLAPORE-TRIPLICANE TALUK,2,09-01-2010
7144,Chennai,Anna university,2,09-01-2010
7145,Chennai,Ambathur,2,09-01-2010
7146,Chennai,Chennai nungambakkam,0.5,13-01-2010
7147,Chennai,Chennai AP,0.2,24-01-2010
7148,Chennai,Chennai AP,0.3,25-01-2010
7149,Chennai,Chennai AP,2.5,28-01-2010
7150,Chennai,Chennai nungambakkam,0.5,28-01-2010
7151,Chennai,Chennai AP,10.2,01-05-2010
7152,Chennai,Chennai nungambakkam,9.4,01-05-2010
7153,Chennai,MYLAPORE-TRIPLICANE TALUK,9.1,01-05-2010
7154,Chennai,Pachaiyappa college,9,01-05-2010
7155,Chennai,Purasawalkam - Perambur,8.9,01-05-2010
7156,Chennai,DGP Office,8.7,01-05-2010
7157,Chennai,Anna university,8.2,01-05-2010
7158,Chennai,Govt. arts college,7.3,01-05-2010
7159,Chennai,Ambathur,2,01-05-2010
7160,Chennai,Chennai nungambakkam,3,02-05-2010
7161,Chennai,Chennai AP,2.7,02-05-2010
7162,Chennai,Anna university,71.6,19-05-2010
7163,Chennai,Ambathur,71,19-05-2010
7164,Chennai,DGP Office,71,19-05-2010
7165,Chennai,Chennai AP,70.8,19-05-2010
7166,Chennai,MYLAPORE-TRIPLICANE TALUK,70,19-05-2010
7167,Chennai,Chennai nungambakkam,65.1,19-05-2010
7168,Chennai,Pachaiyappa college,65,19-05-2010
7169,Chennai,Purasawalkam - Perambur,64,19-05-2010
7170,Chennai,Govt. arts college,64,19-05-2010
7171,Chennai,Ambathur,143,20-05-2010
7172,Chennai,Chennai nungambakkam,109.7,20-05-2010
7173,Chennai,Pachaiyappa college,107.2,20-05-2010
7174,Chennai,Anna university,106.8,20-05-2010
7175,Chennai,Govt. arts college,106,20-05-2010
7176,Chennai,MYLAPORE-TRIPLICANE TALUK,105.5,20-05-2010
7177,Chennai,DGP Office,103,20-05-2010
7178,Chennai,Purasawalkam - Perambur,101,20-05-2010
7179,Chennai,Chennai AP,75.1,20-05-2010
7180,Chennai,Chennai AP,0.2,21-05-2010
7181,Chennai,Chennai nungambakkam,14.2,05-06-2010
7182,Chennai,Pachaiyappa college,14,05-06-2010
7183,Chennai,Purasawalkam - Perambur,11.1,05-06-2010
7184,Chennai,Govt. arts college,1.3,05-06-2010
7185,Chennai,Anna university,1.2,05-06-2010
7186,Chennai,DGP Office,1.2,05-06-2010
7187,Chennai,Chennai AP,1.2,05-06-2010
7188,Chennai,MYLAPORE-TRIPLICANE TALUK,1.1,05-06-2010
7189,Chennai,Chennai AP,20.1,06-06-2010
7190,Chennai,Anna university,18.9,06-06-2010
7191,Chennai,DGP Office,18.9,06-06-2010
7192,Chennai,MYLAPORE-TRIPLICANE TALUK,18.7,06-06-2010
7193,Chennai,Pachaiyappa college,9.3,06-06-2010
7194,Chennai,Chennai nungambakkam,9.3,06-06-2010
7195,Chennai,Purasawalkam - Perambur,9,06-06-2010
7196,Chennai,Govt. arts college,8,06-06-2010
7197,Chennai,Chennai AP,9.4,07-06-2010
7198,Chennai,Anna university,9.3,07-06-2010
7199,Chennai,MYLAPORE-TRIPLICANE TALUK,8.3,07-06-2010
7200,Chennai,DGP Office,8.1,07-06-2010
7201,Chennai,Pachaiyappa college,4.2,07-06-2010
7202,Chennai,Chennai nungambakkam,4.2,07-06-2010
7203,Chennai,Govt. arts college,4.1,07-06-2010
7204,Chennai,Purasawalkam - Perambur,4,07-06-2010
7205,Chennai,Anna university,24.2,09-06-2010
7206,Chennai,Chennai AP,24.2,09-06-2010
7207,Chennai,MYLAPORE-TRIPLICANE TALUK,24.1,09-06-2010
7208,Chennai,DGP Office,23.8,09-06-2010
7209,Chennai,Pachaiyappa college,14.9,09-06-2010
7210,Chennai,Chennai nungambakkam,14.9,09-06-2010
7211,Chennai,Purasawalkam - Perambur,13,09-06-2010
7212,Chennai,Govt. arts college,13,09-06-2010
7213,Chennai,Ambathur,8,09-06-2010
7214,Chennai,Ambathur,22,10-06-2010
7215,Chennai,Chennai nungambakkam,2.9,10-06-2010
7216,Chennai,Purasawalkam - Perambur,2.8,10-06-2010
7217,Chennai,Pachaiyappa college,2.8,10-06-2010
7218,Chennai,DGP Office,2,10-06-2010
7219,Chennai,Chennai AP,2,10-06-2010
7220,Chennai,Anna university,1.9,10-06-2010
7221,Chennai,MYLAPORE-TRIPLICANE TALUK,1.9,10-06-2010
7222,Chennai,Govt. arts college,1,10-06-2010
7223,Chennai,Anna university,2.6,11-06-2010
7224,Chennai,DGP Office,1.1,11-06-2010
7225,Chennai,MYLAPORE-TRIPLICANE TALUK,1,11-06-2010
7226,Chennai,Chennai AP,0.9,11-06-2010
7227,Chennai,Pachaiyappa college,0.2,11-06-2010
7228,Chennai,Chennai nungambakkam,0.2,11-06-2010
7229,Chennai,Purasawalkam - Perambur,0.1,11-06-2010
7230,Chennai,Ambathur,6,12-06-2010
7231,Chennai,Chennai AP,3.5,12-06-2010
7232,Chennai,Pachaiyappa college,2.4,12-06-2010
7233,Chennai,Chennai nungambakkam,2.4,12-06-2010
7234,Chennai,Anna university,2.3,12-06-2010
7235,Chennai,DGP Office,2.3,12-06-2010
7236,Chennai,MYLAPORE-TRIPLICANE TALUK,2.2,12-06-2010
7237,Chennai,Purasawalkam - Perambur,1.9,12-06-2010
7238,Chennai,Govt. arts college,1.9,12-06-2010
7239,Chennai,Chennai AP,2.8,13-06-2010
7240,Chennai,Chennai nungambakkam,0.1,16-06-2010
7241,Chennai,Chennai nungambakkam,0.3,18-06-2010
7242,Chennai,Chennai AP,0.2,18-06-2010
7243,Chennai,Ambathur,1,22-06-2010
7244,Chennai,Chennai AP,10.6,24-06-2010
7245,Chennai,MYLAPORE-TRIPLICANE TALUK,5.4,24-06-2010
7246,Chennai,Anna university,5.2,24-06-2010
7247,Chennai,DGP Office,5.1,24-06-2010
7248,Chennai,Chennai nungambakkam,3,24-06-2010
7249,Chennai,Purasawalkam - Perambur,2,24-06-2010
7250,Chennai,Pachaiyappa college,2,24-06-2010
7251,Chennai,Govt. arts college,2,24-06-2010
7252,Chennai,Chennai AP,2.2,26-06-2010
7253,Chennai,MYLAPORE-TRIPLICANE TALUK,1.3,26-06-2010
7254,Chennai,Anna university,1.2,26-06-2010
7255,Chennai,DGP Office,1.1,26-06-2010
7256,Chennai,Govt. arts college,0.9,26-06-2010
7257,Chennai,Chennai nungambakkam,0.7,26-06-2010
7258,Chennai,Pachaiyappa college,0.6,26-06-2010
7259,Chennai,Purasawalkam - Perambur,0.5,26-06-2010
7260,Chennai,Chennai AP,38.7,27-06-2010
7261,Chennai,DGP Office,33.2,27-06-2010
7262,Chennai,MYLAPORE-TRIPLICANE TALUK,33,27-06-2010
7263,Chennai,Anna university,32.7,27-06-2010
7264,Chennai,Govt. arts college,30.5,27-06-2010
7265,Chennai,Chennai nungambakkam,30,27-06-2010
7266,Chennai,Pachaiyappa college,29.7,27-06-2010
7267,Chennai,Purasawalkam - Perambur,27,27-06-2010
7268,Chennai,Ambathur,75,28-06-2010
7269,Chennai,Chennai nungambakkam,53.4,28-06-2010
7270,Chennai,Pachaiyappa college,52.1,28-06-2010
7271,Chennai,Purasawalkam - Perambur,41.5,28-06-2010
7272,Chennai,MYLAPORE-TRIPLICANE TALUK,17.8,28-06-2010
7273,Chennai,Govt. arts college,17,28-06-2010
7274,Chennai,Anna university,15,28-06-2010
7275,Chennai,DGP Office,12.6,28-06-2010
7276,Chennai,Chennai AP,11.4,28-06-2010
7277,Chennai,Chennai AP,1.1,05-07-2010
7278,Chennai,Pachaiyappa college,23.1,06-07-2010
7279,Chennai,Chennai nungambakkam,23,06-07-2010
7280,Chennai,Govt. arts college,19,06-07-2010
7281,Chennai,Ambathur,17,06-07-2010
7282,Chennai,Purasawalkam - Perambur,17,06-07-2010
7283,Chennai,DGP Office,16.1,06-07-2010
7284,Chennai,Chennai AP,16,06-07-2010
7285,Chennai,Anna university,15.5,06-07-2010
7286,Chennai,MYLAPORE-TRIPLICANE TALUK,15.3,06-07-2010
7287,Chennai,Ambathur,1,07-07-2010
7288,Chennai,Anna university,0.9,07-07-2010
7289,Chennai,MYLAPORE-TRIPLICANE TALUK,0.9,07-07-2010
7290,Chennai,Chennai nungambakkam,0.9,07-07-2010
7291,Chennai,Chennai AP,0.9,07-07-2010
7292,Chennai,Pachaiyappa college,0.8,07-07-2010
7293,Chennai,Purasawalkam - Perambur,0.7,07-07-2010
7294,Chennai,DGP Office,0.7,07-07-2010
7295,Chennai,Govt. arts college,0.7,07-07-2010
7296,Chennai,Chennai nungambakkam,3.5,08-07-2010
7297,Chennai,Pachaiyappa college,3.1,08-07-2010
7298,Chennai,Purasawalkam - Perambur,3,08-07-2010
7299,Chennai,Govt. arts college,1.4,08-07-2010
7300,Chennai,MYLAPORE-TRIPLICANE TALUK,1.2,08-07-2010
7301,Chennai,Chennai AP,1.2,08-07-2010
7302,Chennai,DGP Office,1.1,08-07-2010
7303,Chennai,Anna university,1,08-07-2010
7304,Chennai,Chennai AP,2,09-07-2010
7305,Chennai,Anna university,1.8,09-07-2010
7306,Chennai,MYLAPORE-TRIPLICANE TALUK,1.7,09-07-2010
7307,Chennai,Chennai nungambakkam,1.6,09-07-2010
7308,Chennai,Pachaiyappa college,1.5,09-07-2010
7309,Chennai,Purasawalkam - Perambur,1.1,09-07-2010
7310,Chennai,DGP Office,1,09-07-2010
7311,Chennai,Govt. arts college,1,09-07-2010
7312,Chennai,Chennai AP,0.5,10-07-2010
7313,Chennai,MYLAPORE-TRIPLICANE TALUK,0.3,10-07-2010
7314,Chennai,Anna university,0.2,10-07-2010
7315,Chennai,Ambathur,38,13-07-2010
7316,Chennai,Chennai AP,31.9,13-07-2010
7317,Chennai,Anna university,31,13-07-2010
7318,Chennai,MYLAPORE-TRIPLICANE TALUK,30.1,13-07-2010
7319,Chennai,DGP Office,30.1,13-07-2010
7320,Chennai,Govt. arts college,23.7,13-07-2010
7321,Chennai,Purasawalkam - Perambur,18.4,13-07-2010
7322,Chennai,Chennai nungambakkam,18.4,13-07-2010
7323,Chennai,Pachaiyappa college,18.2,13-07-2010
7324,Chennai,Chennai nungambakkam,21.2,17-07-2010
7325,Chennai,Purasawalkam - Perambur,21,17-07-2010
7326,Chennai,Pachaiyappa college,21,17-07-2010
7327,Chennai,Ambathur,15,17-07-2010
7328,Chennai,DGP Office,9.1,17-07-2010
7329,Chennai,Anna university,8,17-07-2010
7330,Chennai,Chennai AP,7.9,17-07-2010
7331,Chennai,MYLAPORE-TRIPLICANE TALUK,7.1,17-07-2010
7332,Chennai,Govt. arts college,7.1,17-07-2010
7333,Chennai,Ambathur,50,18-07-2010
7334,Chennai,Chennai nungambakkam,19.1,18-07-2010
7335,Chennai,Pachaiyappa college,19,18-07-2010
7336,Chennai,DGP Office,18.7,18-07-2010
7337,Chennai,Anna university,18.1,18-07-2010
7338,Chennai,Chennai AP,18,18-07-2010
7339,Chennai,MYLAPORE-TRIPLICANE TALUK,17.3,18-07-2010
7340,Chennai,Purasawalkam - Perambur,17,18-07-2010
7341,Chennai,Govt. arts college,17,18-07-2010
7342,Chennai,Ambathur,12,19-07-2010
7343,Chennai,Chennai nungambakkam,8.9,19-07-2010
7344,Chennai,Pachaiyappa college,8.1,19-07-2010
7345,Chennai,Purasawalkam - Perambur,6.3,19-07-2010
7346,Chennai,Chennai AP,6.1,19-07-2010
7347,Chennai,MYLAPORE-TRIPLICANE TALUK,6,19-07-2010
7348,Chennai,DGP Office,6,19-07-2010
7349,Chennai,Anna university,5.8,19-07-2010
7350,Chennai,Govt. arts college,5.6,19-07-2010
7351,Chennai,Ambathur,4,20-07-2010
7352,Chennai,Chennai nungambakkam,3.4,20-07-2010
7353,Chennai,Pachaiyappa college,3.3,20-07-2010
7354,Chennai,Purasawalkam - Perambur,2.9,20-07-2010
7355,Chennai,Chennai AP,2.6,20-07-2010
7356,Chennai,DGP Office,2,20-07-2010
7357,Chennai,Anna university,1.8,20-07-2010
7358,Chennai,Govt. arts college,1.8,20-07-2010
7359,Chennai,MYLAPORE-TRIPLICANE TALUK,1.7,20-07-2010
7360,Chennai,Ambathur,20,21-07-2010
7361,Chennai,Chennai AP,12.4,21-07-2010
7362,Chennai,DGP Office,11.9,21-07-2010
7363,Chennai,Anna university,11.3,21-07-2010
7364,Chennai,MYLAPORE-TRIPLICANE TALUK,11.3,21-07-2010
7365,Chennai,Pachaiyappa college,10.4,21-07-2010
7366,Chennai,Chennai nungambakkam,10.4,21-07-2010
7367,Chennai,Purasawalkam - Perambur,10.1,21-07-2010
7368,Chennai,Govt. arts college,9.9,21-07-2010
7369,Chennai,Chennai nungambakkam,0.5,22-07-2010
7370,Chennai,Pachaiyappa college,0.4,22-07-2010
7371,Chennai,Purasawalkam - Perambur,0.2,22-07-2010
7372,Chennai,Anna university,0.2,22-07-2010
7373,Chennai,DGP Office,0.2,22-07-2010
7374,Chennai,Chennai AP,0.2,22-07-2010
7375,Chennai,MYLAPORE-TRIPLICANE TALUK,0.1,22-07-2010
7376,Chennai,Govt. arts college,0.1,22-07-2010
7377,Chennai,Chennai AP,11.8,28-07-2010
7378,Chennai,Anna university,11,28-07-2010
7379,Chennai,DGP Office,9.8,28-07-2010
7380,Chennai,Ambathur,9.6,28-07-2010
7381,Chennai,MYLAPORE-TRIPLICANE TALUK,9,28-07-2010
7382,Chennai,Govt. arts college,5.7,28-07-2010
7383,Chennai,Chennai nungambakkam,4.9,28-07-2010
7384,Chennai,Pachaiyappa college,4.8,28-07-2010
7385,Chennai,Purasawalkam - Perambur,4.7,28-07-2010
7386,Chennai,Ambathur,7.4,29-07-2010
7387,Chennai,Chennai nungambakkam,2.2,29-07-2010
7388,Chennai,Purasawalkam - Perambur,2,29-07-2010
7389,Chennai,Pachaiyappa college,2,29-07-2010
7390,Chennai,MYLAPORE-TRIPLICANE TALUK,1.3,29-07-2010
7391,Chennai,DGP Office,1.3,29-07-2010
7392,Chennai,Chennai AP,1.3,29-07-2010
7393,Chennai,Anna university,1,29-07-2010
7394,Chennai,Govt. arts college,1,29-07-2010
7395,Chennai,Ambathur,49,30-07-2010
7396,Chennai,Chennai AP,35.8,30-07-2010
7397,Chennai,Anna university,33.8,30-07-2010
7398,Chennai,MYLAPORE-TRIPLICANE TALUK,33.4,30-07-2010
7399,Chennai,DGP Office,32,30-07-2010
7400,Chennai,Chennai nungambakkam,24.5,30-07-2010
7401,Chennai,Pachaiyappa college,24.2,30-07-2010
7402,Chennai,Purasawalkam - Perambur,23,30-07-2010
7403,Chennai,Govt. arts college,23,30-07-2010
7404,Chennai,Ambathur,22,31-07-2010
7405,Chennai,Chennai nungambakkam,8.8,31-07-2010
7406,Chennai,Pachaiyappa college,8.1,31-07-2010
7407,Chennai,Purasawalkam - Perambur,2.3,31-07-2010
7408,Chennai,MYLAPORE-TRIPLICANE TALUK,1.1,31-07-2010
7409,Chennai,DGP Office,1,31-07-2010
7410,Chennai,Govt. arts college,1,31-07-2010
7411,Chennai,Anna university,0.5,31-07-2010
7412,Chennai,Chennai AP,0.5,31-07-2010
7413,Chennai,Ambathur,3.6,01-08-2010
7414,Chennai,Pachaiyappa college,3.5,01-08-2010
7415,Chennai,Chennai nungambakkam,3.5,01-08-2010
7416,Chennai,Purasawalkam - Perambur,3.1,01-08-2010
7417,Chennai,Chennai AP,2.6,01-08-2010
7418,Chennai,Govt. arts college,2.3,01-08-2010
7419,Chennai,MYLAPORE-TRIPLICANE TALUK,2.1,01-08-2010
7420,Chennai,DGP Office,2.1,01-08-2010
7421,Chennai,Anna university,2,01-08-2010
7422,Chennai,Pachaiyappa college,1.2,03-08-2010
7423,Chennai,Chennai nungambakkam,1.2,03-08-2010
7424,Chennai,Purasawalkam - Perambur,0.4,03-08-2010
7425,Chennai,MYLAPORE-TRIPLICANE TALUK,0.4,03-08-2010
7426,Chennai,Chennai AP,0.4,03-08-2010
7427,Chennai,Anna university,0.3,03-08-2010
7428,Chennai,DGP Office,0.3,03-08-2010
7429,Chennai,Govt. arts college,0.2,03-08-2010
7430,Chennai,Ambathur,6,08-08-2010
7431,Chennai,Chennai AP,15.5,09-08-2010
7432,Chennai,Anna university,12.2,09-08-2010
7433,Chennai,DGP Office,10.5,09-08-2010
7434,Chennai,MYLAPORE-TRIPLICANE TALUK,9.8,09-08-2010
7435,Chennai,Pachaiyappa college,8.5,09-08-2010
7436,Chennai,Chennai nungambakkam,6.4,09-08-2010
7437,Chennai,Govt. arts college,5.5,09-08-2010
7438,Chennai,Ambathur,1,09-08-2010
7439,Chennai,Ambathur,15,13-08-2010
7440,Chennai,Chennai nungambakkam,1.9,13-08-2010
7441,Chennai,Pachaiyappa college,1.7,13-08-2010
7442,Chennai,Chennai AP,10.4,14-08-2010
7443,Chennai,Anna university,10.2,14-08-2010
7444,Chennai,DGP Office,10.1,14-08-2010
7445,Chennai,MYLAPORE-TRIPLICANE TALUK,9.9,14-08-2010
7446,Chennai,Ambathur,8,14-08-2010
7447,Chennai,Govt. arts college,4.6,14-08-2010
7448,Chennai,Pachaiyappa college,4.3,14-08-2010
7449,Chennai,Chennai nungambakkam,4.3,14-08-2010
7450,Chennai,Ambathur,36,16-08-2010
7451,Chennai,Chennai nungambakkam,16.2,16-08-2010
7452,Chennai,Pachaiyappa college,16.1,16-08-2010
7453,Chennai,Govt. arts college,5.8,16-08-2010
7454,Chennai,MYLAPORE-TRIPLICANE TALUK,3.1,16-08-2010
7455,Chennai,DGP Office,3.1,16-08-2010
7456,Chennai,Anna university,0.1,16-08-2010
7457,Chennai,Chennai AP,0.1,16-08-2010
7458,Chennai,Pachaiyappa college,76.9,18-08-2010
7459,Chennai,Chennai nungambakkam,76.9,18-08-2010
7460,Chennai,Govt. arts college,52.3,18-08-2010
7461,Chennai,Anna university,46.5,18-08-2010
7462,Chennai,MYLAPORE-TRIPLICANE TALUK,46.1,18-08-2010
7463,Chennai,DGP Office,46.1,18-08-2010
7464,Chennai,Chennai AP,45.3,18-08-2010
7465,Chennai,Ambathur,42,18-08-2010
7466,Chennai,Ambathur,45,19-08-2010
7467,Chennai,Chennai AP,8.7,19-08-2010
7468,Chennai,DGP Office,8.2,19-08-2010
7469,Chennai,Anna university,7.4,19-08-2010
7470,Chennai,MYLAPORE-TRIPLICANE TALUK,7.1,19-08-2010
7471,Chennai,Govt. arts college,6.7,19-08-2010
7472,Chennai,Pachaiyappa college,6.4,19-08-2010
7473,Chennai,Chennai nungambakkam,6.4,19-08-2010
7474,Chennai,Ambathur,11,21-08-2010
7475,Chennai,Chennai AP,4.2,21-08-2010
7476,Chennai,Anna university,4,21-08-2010
7477,Chennai,MYLAPORE-TRIPLICANE TALUK,3.9,21-08-2010
7478,Chennai,DGP Office,3.9,21-08-2010
7479,Chennai,Govt. arts college,2.6,21-08-2010
7480,Chennai,Pachaiyappa college,2.1,21-08-2010
7481,Chennai,Chennai nungambakkam,2.1,21-08-2010
7482,Chennai,Anna university,24.8,22-08-2010
7483,Chennai,DGP Office,24.1,22-08-2010
7484,Chennai,Chennai AP,23.7,22-08-2010
7485,Chennai,MYLAPORE-TRIPLICANE TALUK,23.1,22-08-2010
7486,Chennai,Govt. arts college,12.9,22-08-2010
7487,Chennai,Pachaiyappa college,12.8,22-08-2010
7488,Chennai,Chennai nungambakkam,12.8,22-08-2010
7489,Chennai,Ambathur,11,22-08-2010
7490,Chennai,Ambathur,110,23-08-2010
7491,Chennai,Pachaiyappa college,53.2,23-08-2010
7492,Chennai,Chennai nungambakkam,52.6,23-08-2010
7493,Chennai,Govt. arts college,51.1,23-08-2010
7494,Chennai,Anna university,42.2,23-08-2010
7495,Chennai,MYLAPORE-TRIPLICANE TALUK,39,23-08-2010
7496,Chennai,DGP Office,38.1,23-08-2010
7497,Chennai,Chennai AP,35.2,23-08-2010
7498,Chennai,Ambathur,7,24-08-2010
7499,Chennai,Chennai AP,6.1,24-08-2010
7500,Chennai,Anna university,5.3,24-08-2010
7501,Chennai,DGP Office,4.9,24-08-2010
7502,Chennai,MYLAPORE-TRIPLICANE TALUK,4.8,24-08-2010
7503,Chennai,Govt. arts college,3.2,24-08-2010
7504,Chennai,Pachaiyappa college,2.3,24-08-2010
7505,Chennai,Chennai nungambakkam,0.9,24-08-2010
7506,Chennai,Anna university,18.1,25-08-2010
7507,Chennai,Pachaiyappa college,18,25-08-2010
7508,Chennai,Chennai nungambakkam,17.7,25-08-2010
7509,Chennai,Govt. arts college,17.2,25-08-2010
7510,Chennai,Chennai AP,16.3,25-08-2010
7511,Chennai,DGP Office,15.9,25-08-2010
7512,Chennai,MYLAPORE-TRIPLICANE TALUK,15.8,25-08-2010
7513,Chennai,Ambathur,10,25-08-2010
7514,Chennai,Ambathur,12,26-08-2010
7515,Chennai,Pachaiyappa college,1.2,26-08-2010
7516,Chennai,Govt. arts college,1.1,26-08-2010
7517,Chennai,Chennai nungambakkam,1.1,26-08-2010
7518,Chennai,Anna university,1,26-08-2010
7519,Chennai,MYLAPORE-TRIPLICANE TALUK,1,26-08-2010
7520,Chennai,DGP Office,0.9,26-08-2010
7521,Chennai,Chennai AP,0.9,26-08-2010
7522,Chennai,Ambathur,10,30-08-2010
7523,Chennai,Chennai AP,1.6,30-08-2010
7524,Chennai,MYLAPORE-TRIPLICANE TALUK,1.2,30-08-2010
7525,Chennai,Chennai nungambakkam,0.7,30-08-2010
7526,Chennai,DGP Office,0.5,30-08-2010
7527,Chennai,Pachaiyappa college,0.3,30-08-2010
7528,Chennai,Anna university,0.3,30-08-2010
7529,Chennai,Govt. arts college,0.2,30-08-2010
7530,Chennai,Chennai nungambakkam,29.9,31-08-2010
7531,Chennai,Pachaiyappa college,28.9,31-08-2010
7532,Chennai,Govt. arts college,5.7,31-08-2010
7533,Chennai,DGP Office,4.6,31-08-2010
7534,Chennai,MYLAPORE-TRIPLICANE TALUK,4.5,31-08-2010
7535,Chennai,Chennai AP,3.9,31-08-2010
7536,Chennai,Anna university,2.8,31-08-2010
7537,Chennai,Ambathur,1,31-08-2010
7538,Chennai,Ambathur,29,03-09-2010
7539,Chennai,Chennai nungambakkam,14.6,03-09-2010
7540,Chennai,DGP Office,6.3,03-09-2010
7541,Chennai,Chennai AP,5.7,03-09-2010
7542,Chennai,Anna university,5.2,03-09-2010
7543,Chennai,MYLAPORE-TRIPLICANE TALUK,4.9,03-09-2010
7544,Chennai,Govt. arts college,4.7,03-09-2010
7545,Chennai,Pachaiyappa college,3.9,03-09-2010
7546,Chennai,Ambathur,2,04-09-2010
7547,Chennai,Chennai nungambakkam,0.8,04-09-2010
7548,Chennai,Pachaiyappa college,0.7,04-09-2010
7549,Chennai,Anna university,0.2,04-09-2010
7550,Chennai,MYLAPORE-TRIPLICANE TALUK,0.2,04-09-2010
7551,Chennai,Chennai AP,0.2,04-09-2010
7552,Chennai,DGP Office,0.1,04-09-2010
7553,Chennai,Govt. arts college,0.1,04-09-2010
7554,Chennai,Pachaiyappa college,22.4,05-09-2010
7555,Chennai,Chennai nungambakkam,22.4,05-09-2010
7556,Chennai,Chennai AP,19.4,05-09-2010
7557,Chennai,Anna university,18.7,05-09-2010
7558,Chennai,MYLAPORE-TRIPLICANE TALUK,18.1,05-09-2010
7559,Chennai,Govt. arts college,17.9,05-09-2010
7560,Chennai,DGP Office,17.8,05-09-2010
7561,Chennai,Ambathur,2,05-09-2010
7562,Chennai,Pachaiyappa college,3.7,06-09-2010
7563,Chennai,Chennai nungambakkam,3.7,06-09-2010
7564,Chennai,MYLAPORE-TRIPLICANE TALUK,3.3,06-09-2010
7565,Chennai,Chennai AP,3.3,06-09-2010
7566,Chennai,Anna university,3.1,06-09-2010
7567,Chennai,Govt. arts college,3.1,06-09-2010
7568,Chennai,DGP Office,3,06-09-2010
7569,Chennai,Ambathur,100,10-09-2010
7570,Chennai,Chennai nungambakkam,10.1,10-09-2010
7571,Chennai,Pachaiyappa college,10,10-09-2010
7572,Chennai,Chennai AP,8.7,10-09-2010
7573,Chennai,Anna university,7.9,10-09-2010
7574,Chennai,MYLAPORE-TRIPLICANE TALUK,7.9,10-09-2010
7575,Chennai,DGP Office,7.3,10-09-2010
7576,Chennai,Govt. arts college,6.1,10-09-2010
7577,Chennai,Chennai AP,43.2,11-09-2010
7578,Chennai,Anna university,10.9,11-09-2010
7579,Chennai,Govt. arts college,10.9,11-09-2010
7580,Chennai,MYLAPORE-TRIPLICANE TALUK,10.4,11-09-2010
7581,Chennai,DGP Office,9.8,11-09-2010
7582,Chennai,Pachaiyappa college,5.9,11-09-2010
7583,Chennai,Chennai nungambakkam,5.9,11-09-2010
7584,Chennai,Ambathur,2,11-09-2010
7585,Chennai,Ambathur,1,12-09-2010
7586,Chennai,Chennai nungambakkam,43,13-09-2010
7587,Chennai,Pachaiyappa college,42.7,13-09-2010
7588,Chennai,DGP Office,31,13-09-2010
7589,Chennai,MYLAPORE-TRIPLICANE TALUK,29.2,13-09-2010
7590,Chennai,Anna university,29.1,13-09-2010
7591,Chennai,Govt. arts college,27,13-09-2010
7592,Chennai,Chennai AP,25.2,13-09-2010
7593,Chennai,Chennai AP,24.6,14-09-2010
7594,Chennai,DGP Office,13.9,14-09-2010
7595,Chennai,Anna university,13.8,14-09-2010
7596,Chennai,MYLAPORE-TRIPLICANE TALUK,13.2,14-09-2010
7597,Chennai,Govt. arts college,7.3,14-09-2010
7598,Chennai,Chennai nungambakkam,2.7,14-09-2010
7599,Chennai,Pachaiyappa college,2.6,14-09-2010
7600,Chennai,Ambathur,1,14-09-2010
7601,Chennai,Ambathur,14,18-09-2010
7602,Chennai,Chennai nungambakkam,0.2,18-09-2010
7603,Chennai,Ambathur,28,27-09-2010
7604,Chennai,Chennai AP,14.8,27-09-2010
7605,Chennai,MYLAPORE-TRIPLICANE TALUK,12.4,27-09-2010
7606,Chennai,Anna university,12.3,27-09-2010
7607,Chennai,DGP Office,12.1,27-09-2010
7608,Chennai,Pachaiyappa college,11.2,27-09-2010
7609,Chennai,Govt. arts college,11.2,27-09-2010
7610,Chennai,Chennai nungambakkam,11.2,27-09-2010
7611,Chennai,Chennai nungambakkam,5.5,28-09-2010
7612,Chennai,Pachaiyappa college,5.1,28-09-2010
7613,Chennai,Govt. arts college,0.5,01-10-2010
7614,Chennai,MYLAPORE-TRIPLICANE TALUK,0.3,01-10-2010
7615,Chennai,Pachaiyappa college,0.2,01-10-2010
7616,Chennai,DGP Office,0.2,01-10-2010
7617,Chennai,Anna university,3.6,02-10-2010
7618,Chennai,DGP Office,1.8,02-10-2010
7619,Chennai,MYLAPORE-TRIPLICANE TALUK,1.5,02-10-2010
7620,Chennai,Ambathur,1,02-10-2010
7621,Chennai,Chennai nungambakkam,0.7,02-10-2010
7622,Chennai,Govt. arts college,0.6,02-10-2010
7623,Chennai,Pachaiyappa college,0.5,02-10-2010
7624,Chennai,Chennai AP,0.1,02-10-2010
7625,Chennai,Chennai AP,20.5,03-10-2010
7626,Chennai,Ambathur,18,03-10-2010
7627,Chennai,Govt. arts college,16.3,03-10-2010
7628,Chennai,Anna university,16.2,03-10-2010
7629,Chennai,MYLAPORE-TRIPLICANE TALUK,16.1,03-10-2010
7630,Chennai,DGP Office,15.5,03-10-2010
7631,Chennai,Pachaiyappa college,11.1,03-10-2010
7632,Chennai,Chennai nungambakkam,11.1,03-10-2010
7633,Chennai,Ambathur,1,04-10-2010
7634,Chennai,Pachaiyappa college,0.1,04-10-2010
7635,Chennai,Anna university,0.1,04-10-2010
7636,Chennai,MYLAPORE-TRIPLICANE TALUK,0.1,04-10-2010
7637,Chennai,Govt. arts college,0.1,04-10-2010
7638,Chennai,Chennai nungambakkam,0.1,04-10-2010
7639,Chennai,Chennai AP,0.1,04-10-2010
7640,Chennai,DGP Office,19.8,06-10-2010
7641,Chennai,Chennai nungambakkam,19.4,06-10-2010
7642,Chennai,MYLAPORE-TRIPLICANE TALUK,19.2,06-10-2010
7643,Chennai,Pachaiyappa college,19.1,06-10-2010
7644,Chennai,Ambathur,18,06-10-2010
7645,Chennai,Govt. arts college,17.8,06-10-2010
7646,Chennai,Anna university,9.4,06-10-2010
7647,Chennai,Chennai AP,7.3,06-10-2010
7648,Chennai,Chennai nungambakkam,11.1,07-10-2010
7649,Chennai,Chennai AP,1.8,07-10-2010
7650,Chennai,Anna university,1.7,07-10-2010
7651,Chennai,MYLAPORE-TRIPLICANE TALUK,1.7,07-10-2010
7652,Chennai,DGP Office,1.7,07-10-2010
7653,Chennai,Govt. arts college,1.2,07-10-2010
7654,Chennai,Pachaiyappa college,1.1,07-10-2010
7655,Chennai,Ambathur,1,07-10-2010
7656,Chennai,Ambathur,9,17-10-2010
7657,Chennai,Pachaiyappa college,4,17-10-2010
7658,Chennai,Chennai nungambakkam,4,17-10-2010
7659,Chennai,Chennai AP,3.4,17-10-2010
7660,Chennai,DGP Office,3.1,17-10-2010
7661,Chennai,Anna university,3,17-10-2010
7662,Chennai,MYLAPORE-TRIPLICANE TALUK,3,17-10-2010
7663,Chennai,Govt. arts college,2,17-10-2010
7664,Chennai,Pachaiyappa college,41.2,20-10-2010
7665,Chennai,Chennai nungambakkam,41.2,20-10-2010
7666,Chennai,Govt. arts college,26,20-10-2010
7667,Chennai,Chennai AP,25.8,20-10-2010
7668,Chennai,DGP Office,25.3,20-10-2010
7669,Chennai,MYLAPORE-TRIPLICANE TALUK,25.1,20-10-2010
7670,Chennai,Anna university,25,20-10-2010
7671,Chennai,Chennai nungambakkam,1.4,24-10-2010
7672,Chennai,Pachaiyappa college,1.3,24-10-2010
7673,Chennai,Govt. arts college,0.9,24-10-2010
7674,Chennai,Chennai AP,2.6,27-10-2010
7675,Chennai,DGP Office,1.2,27-10-2010
7676,Chennai,Govt. arts college,1.2,27-10-2010
7677,Chennai,Anna university,1,27-10-2010
7678,Chennai,MYLAPORE-TRIPLICANE TALUK,1,27-10-2010
7679,Chennai,Pachaiyappa college,0.3,27-10-2010
7680,Chennai,Chennai nungambakkam,0.3,27-10-2010
7681,Chennai,Chennai AP,10.8,28-10-2010
7682,Chennai,Anna university,5.2,28-10-2010
7683,Chennai,MYLAPORE-TRIPLICANE TALUK,5.1,28-10-2010
7684,Chennai,DGP Office,5.1,28-10-2010
7685,Chennai,Govt. arts college,4.1,28-10-2010
7686,Chennai,Chennai nungambakkam,3.2,28-10-2010
7687,Chennai,Pachaiyappa college,3.1,28-10-2010
7688,Chennai,Chennai nungambakkam,63.3,29-10-2010
7689,Chennai,Pachaiyappa college,62.7,29-10-2010
7690,Chennai,Govt. arts college,37.6,29-10-2010
7691,Chennai,Anna university,33.8,29-10-2010
7692,Chennai,DGP Office,28.1,29-10-2010
7693,Chennai,MYLAPORE-TRIPLICANE TALUK,26,29-10-2010
7694,Chennai,Chennai AP,20.4,29-10-2010
7695,Chennai,Chennai AP,64.3,30-10-2010
7696,Chennai,Anna university,52.1,30-10-2010
7697,Chennai,Chennai nungambakkam,46.8,30-10-2010
7698,Chennai,Pachaiyappa college,46.1,30-10-2010
7699,Chennai,DGP Office,37.1,30-10-2010
7700,Chennai,MYLAPORE-TRIPLICANE TALUK,35,30-10-2010
7701,Chennai,Govt. arts college,34.8,30-10-2010
7702,Chennai,Chennai nungambakkam,6.8,31-10-2010
7703,Chennai,Pachaiyappa college,6.1,31-10-2010
7704,Chennai,Chennai AP,5.2,31-10-2010
7705,Chennai,Anna university,4.1,31-10-2010
7706,Chennai,DGP Office,4.1,31-10-2010
7707,Chennai,Govt. arts college,4,31-10-2010
7708,Chennai,MYLAPORE-TRIPLICANE TALUK,3.9,31-10-2010
7709,Chennai,Chennai nungambakkam,24.2,02-11-2010
7710,Chennai,Pachaiyappa college,24.1,02-11-2010
7711,Chennai,DGP Office,17.1,02-11-2010
7712,Chennai,MYLAPORE-TRIPLICANE TALUK,17,02-11-2010
7713,Chennai,Govt. arts college,13.8,02-11-2010
7714,Chennai,Anna university,10.1,02-11-2010
7715,Chennai,Chennai AP,6.2,02-11-2010
7716,Chennai,Chennai nungambakkam,1.8,03-11-2010
7717,Chennai,Pachaiyappa college,1,03-11-2010
7718,Chennai,Chennai AP,4.8,04-11-2010
7719,Chennai,Anna university,1.9,04-11-2010
7720,Chennai,Chennai nungambakkam,1.8,04-11-2010
7721,Chennai,MYLAPORE-TRIPLICANE TALUK,1.3,04-11-2010
7722,Chennai,DGP Office,1.3,04-11-2010
7723,Chennai,Pachaiyappa college,1.2,04-11-2010
7724,Chennai,Govt. arts college,0.9,04-11-2010
7725,Chennai,Ambathur,9,05-11-2010
7726,Chennai,Chennai nungambakkam,3.8,05-11-2010
7727,Chennai,Pachaiyappa college,3.7,05-11-2010
7728,Chennai,MYLAPORE-TRIPLICANE TALUK,1.4,05-11-2010
7729,Chennai,Chennai AP,1.4,05-11-2010
7730,Chennai,Govt. arts college,1.1,05-11-2010
7731,Chennai,Anna university,1,05-11-2010
7732,Chennai,DGP Office,1,05-11-2010
7733,Chennai,Chennai AP,5,06-11-2010
7734,Chennai,Anna university,4,06-11-2010
7735,Chennai,Pachaiyappa college,3.8,06-11-2010
7736,Chennai,Chennai nungambakkam,3.8,06-11-2010
7737,Chennai,MYLAPORE-TRIPLICANE TALUK,3.6,06-11-2010
7738,Chennai,DGP Office,3,06-11-2010
7739,Chennai,Govt. arts college,2.9,06-11-2010
7740,Chennai,Chennai nungambakkam,22.8,07-11-2010
7741,Chennai,Pachaiyappa college,22.3,07-11-2010
7742,Chennai,DGP Office,21.4,07-11-2010
7743,Chennai,Chennai AP,21.4,07-11-2010
7744,Chennai,MYLAPORE-TRIPLICANE TALUK,21.1,07-11-2010
7745,Chennai,Anna university,21,07-11-2010
7746,Chennai,Govt. arts college,20,07-11-2010
7747,Chennai,Anna university,49.2,08-11-2010
7748,Chennai,Chennai nungambakkam,47.3,08-11-2010
7749,Chennai,Pachaiyappa college,47.1,08-11-2010
7750,Chennai,Chennai AP,44.8,08-11-2010
7751,Chennai,Govt. arts college,37.8,08-11-2010
7752,Chennai,DGP Office,35.1,08-11-2010
7753,Chennai,MYLAPORE-TRIPLICANE TALUK,32,08-11-2010
7754,Chennai,Chennai AP,2.6,10-11-2010
7755,Chennai,Anna university,1.6,10-11-2010
7756,Chennai,Govt. arts college,1.3,10-11-2010
7757,Chennai,DGP Office,1.2,10-11-2010
7758,Chennai,MYLAPORE-TRIPLICANE TALUK,1.1,10-11-2010
7759,Chennai,Chennai nungambakkam,9.4,11-11-2010
7760,Chennai,Pachaiyappa college,9.3,11-11-2010
7761,Chennai,MYLAPORE-TRIPLICANE TALUK,2.1,11-11-2010
7762,Chennai,DGP Office,2.1,11-11-2010
7763,Chennai,Govt. arts college,1.4,11-11-2010
7764,Chennai,Anna university,1,11-11-2010
7765,Chennai,Chennai AP,1,11-11-2010
7766,Chennai,Chennai AP,2.2,12-11-2010
7767,Chennai,Anna university,1,12-11-2010
7768,Chennai,MYLAPORE-TRIPLICANE TALUK,1,12-11-2010
7769,Chennai,DGP Office,1,12-11-2010
7770,Chennai,Chennai nungambakkam,0.2,12-11-2010
7771,Chennai,Pachaiyappa college,0.1,12-11-2010
7772,Chennai,Chennai nungambakkam,0.6,14-11-2010
7773,Chennai,Pachaiyappa college,0.5,14-11-2010
7774,Chennai,Chennai nungambakkam,1.5,15-11-2010
7775,Chennai,Pachaiyappa college,1.4,15-11-2010
7776,Chennai,Chennai AP,8.5,16-11-2010
7777,Chennai,Anna university,7.3,16-11-2010
7778,Chennai,DGP Office,7.3,16-11-2010
7779,Chennai,MYLAPORE-TRIPLICANE TALUK,7.1,16-11-2010
7780,Chennai,Govt. arts college,6.3,16-11-2010
7781,Chennai,Pachaiyappa college,6.2,16-11-2010
7782,Chennai,Chennai nungambakkam,6.2,16-11-2010
7783,Chennai,Chennai nungambakkam,52.4,17-11-2010
7784,Chennai,Pachaiyappa college,51,17-11-2010
7785,Chennai,Chennai AP,46.5,17-11-2010
7786,Chennai,Govt. arts college,45.6,17-11-2010
7787,Chennai,Anna university,45,17-11-2010
7788,Chennai,DGP Office,45,17-11-2010
7789,Chennai,MYLAPORE-TRIPLICANE TALUK,43,17-11-2010
7790,Chennai,Chennai AP,15.4,18-11-2010
7791,Chennai,DGP Office,14.9,18-11-2010
7792,Chennai,Anna university,14.3,18-11-2010
7793,Chennai,MYLAPORE-TRIPLICANE TALUK,13.9,18-11-2010
7794,Chennai,Govt. arts college,12.8,18-11-2010
7795,Chennai,Pachaiyappa college,8.9,18-11-2010
7796,Chennai,Chennai nungambakkam,8.7,18-11-2010
7797,Chennai,Chennai AP,5.7,19-11-2010
7798,Chennai,Anna university,2.1,19-11-2010
7799,Chennai,DGP Office,2,19-11-2010
7800,Chennai,MYLAPORE-TRIPLICANE TALUK,1.8,19-11-2010
7801,Chennai,Pachaiyappa college,0.1,19-11-2010
7802,Chennai,Govt. arts college,0.1,19-11-2010
7803,Chennai,Chennai nungambakkam,0.1,19-11-2010
7804,Chennai,Pachaiyappa college,11.4,20-11-2010
7805,Chennai,Chennai nungambakkam,11.4,20-11-2010
7806,Chennai,Chennai AP,8.6,20-11-2010
7807,Chennai,Govt. arts college,8.1,20-11-2010
7808,Chennai,MYLAPORE-TRIPLICANE TALUK,7.3,20-11-2010
7809,Chennai,DGP Office,7.3,20-11-2010
7810,Chennai,Anna university,7.1,20-11-2010
7811,Chennai,Chennai nungambakkam,39.7,21-11-2010
7812,Chennai,Chennai AP,38.9,21-11-2010
7813,Chennai,MYLAPORE-TRIPLICANE TALUK,36,21-11-2010
7814,Chennai,DGP Office,35.5,21-11-2010
7815,Chennai,Govt. arts college,35,21-11-2010
7816,Chennai,Pachaiyappa college,34.5,21-11-2010
7817,Chennai,Anna university,33,21-11-2010
7818,Chennai,Chennai nungambakkam,19.8,22-11-2010
7819,Chennai,Pachaiyappa college,19.1,22-11-2010
7820,Chennai,Chennai AP,16.5,22-11-2010
7821,Chennai,DGP Office,16.1,22-11-2010
7822,Chennai,Anna university,15.8,22-11-2010
7823,Chennai,MYLAPORE-TRIPLICANE TALUK,15.7,22-11-2010
7824,Chennai,Govt. arts college,15.7,22-11-2010
7825,Chennai,Pachaiyappa college,0.2,23-11-2010
7826,Chennai,Anna university,0.2,23-11-2010
7827,Chennai,MYLAPORE-TRIPLICANE TALUK,0.2,23-11-2010
7828,Chennai,Chennai nungambakkam,0.2,23-11-2010
7829,Chennai,Chennai AP,0.2,23-11-2010
7830,Chennai,DGP Office,0.1,23-11-2010
7831,Chennai,Chennai AP,5.2,24-11-2010
7832,Chennai,Anna university,3.9,24-11-2010
7833,Chennai,DGP Office,3.9,24-11-2010
7834,Chennai,Chennai nungambakkam,3.8,24-11-2010
7835,Chennai,Pachaiyappa college,3.7,24-11-2010
7836,Chennai,MYLAPORE-TRIPLICANE TALUK,3.2,24-11-2010
7837,Chennai,Govt. arts college,3.2,24-11-2010
7838,Chennai,Chennai AP,4.9,26-11-2010
7839,Chennai,Pachaiyappa college,4.8,26-11-2010
7840,Chennai,DGP Office,4.8,26-11-2010
7841,Chennai,Chennai nungambakkam,4.8,26-11-2010
7842,Chennai,MYLAPORE-TRIPLICANE TALUK,4.3,26-11-2010
7843,Chennai,Anna university,3.9,26-11-2010
7844,Chennai,Govt. arts college,3.9,26-11-2010
7845,Chennai,Chennai nungambakkam,9.7,27-11-2010
7846,Chennai,Pachaiyappa college,9.3,27-11-2010
7847,Chennai,Anna university,7.6,27-11-2010
7848,Chennai,DGP Office,7.6,27-11-2010
7849,Chennai,Govt. arts college,6.7,27-11-2010
7850,Chennai,MYLAPORE-TRIPLICANE TALUK,6.1,27-11-2010
7851,Chennai,Chennai AP,4.5,27-11-2010
7852,Chennai,Chennai AP,0.2,28-11-2010
7853,Chennai,Chennai AP,13.7,01-12-2010
7854,Chennai,Anna university,12,01-12-2010
7855,Chennai,DGP Office,11.6,01-12-2010
7856,Chennai,MYLAPORE-TRIPLICANE TALUK,11.4,01-12-2010
7857,Chennai,Govt. arts college,7.6,01-12-2010
7858,Chennai,Chennai nungambakkam,5.7,01-12-2010
7859,Chennai,Pachaiyappa college,5.1,01-12-2010
7860,Chennai,Pachaiyappa college,53.3,02-12-2010
7861,Chennai,Chennai nungambakkam,53.3,02-12-2010
7862,Chennai,DGP Office,48.9,02-12-2010
7863,Chennai,Anna university,45.1,02-12-2010
7864,Chennai,Chennai AP,45,02-12-2010
7865,Chennai,Govt. arts college,43,02-12-2010
7866,Chennai,MYLAPORE-TRIPLICANE TALUK,40,02-12-2010
7867,Chennai,Chennai nungambakkam,0.7,03-12-2010
7868,Chennai,Chennai AP,12.3,05-12-2010
7869,Chennai,Pachaiyappa college,11.5,05-12-2010
7870,Chennai,MYLAPORE-TRIPLICANE TALUK,11.3,05-12-2010
7871,Chennai,Chennai nungambakkam,11.3,05-12-2010
7872,Chennai,DGP Office,11.1,05-12-2010
7873,Chennai,Anna university,11,05-12-2010
7874,Chennai,Govt. arts college,11,05-12-2010
7875,Chennai,Anna university,106,06-12-2010
7876,Chennai,DGP Office,105.7,06-12-2010
7877,Chennai,Govt. arts college,105.7,06-12-2010
7878,Chennai,MYLAPORE-TRIPLICANE TALUK,105,06-12-2010
7879,Chennai,Chennai AP,104.4,06-12-2010
7880,Chennai,Pachaiyappa college,101,06-12-2010
7881,Chennai,Chennai nungambakkam,99.4,06-12-2010
7882,Chennai,Anna university,57.2,07-12-2010
7883,Chennai,Pachaiyappa college,48.7,07-12-2010
7884,Chennai,Chennai nungambakkam,48.7,07-12-2010
7885,Chennai,MYLAPORE-TRIPLICANE TALUK,48,07-12-2010
7886,Chennai,DGP Office,47.5,07-12-2010
7887,Chennai,Govt. arts college,42.6,07-12-2010
7888,Chennai,Chennai AP,36.2,07-12-2010
7889,Chennai,Chennai nungambakkam,24.6,08-12-2010
7890,Chennai,Pachaiyappa college,24.5,08-12-2010
7891,Chennai,Chennai AP,17.8,08-12-2010
7892,Chennai,Govt. arts college,16.9,08-12-2010
7893,Chennai,DGP Office,16.7,08-12-2010
7894,Chennai,Anna university,16.4,08-12-2010
7895,Chennai,MYLAPORE-TRIPLICANE TALUK,15.7,08-12-2010
7896,Chennai,Chennai AP,7.6,15-12-2010
7897,Chennai,Anna university,2,15-12-2010
7898,Chennai,DGP Office,1.9,15-12-2010
7899,Chennai,MYLAPORE-TRIPLICANE TALUK,1.5,15-12-2010
7900,Chennai,Govt. arts college,1.4,15-12-2010
7901,Chennai,Chennai nungambakkam,0.8,15-12-2010
7902,Chennai,Pachaiyappa college,0.7,15-12-2010
7903,Chennai,Chennai AP,0.2,16-12-2010
7904,Chennai,Chennai nungambakkam,26.6,17-12-2010
7905,Chennai,Pachaiyappa college,26.1,17-12-2010
7906,Chennai,Govt. arts college,20.1,17-12-2010
7907,Chennai,MYLAPORE-TRIPLICANE TALUK,19.7,17-12-2010
7908,Chennai,Anna university,17.8,17-12-2010
7909,Chennai,DGP Office,17.2,17-12-2010
7910,Chennai,Chennai AP,17,17-12-2010
7911,Chennai,Chennai AP,0.9,18-12-2010
7912,Chennai,Anna university,0.2,18-12-2010
7913,Chennai,Chennai nungambakkam,7,20-12-2010
7914,Chennai,Pachaiyappa college,6.9,20-12-2010
7915,Chennai,Anna university,1.7,20-12-2010
7916,Chennai,MYLAPORE-TRIPLICANE TALUK,1.7,20-12-2010
7917,Chennai,DGP Office,1.4,20-12-2010
7918,Chennai,Chennai AP,1.4,20-12-2010
7919,Chennai,Govt. arts college,1.3,20-12-2010
7920,Chennai,Chennai nungambakkam,6.8,21-12-2010
7921,Chennai,Pachaiyappa college,6.4,21-12-2010
7922,Chennai,Anna university,5,21-12-2010
7923,Chennai,DGP Office,4,21-12-2010
7924,Chennai,MYLAPORE-TRIPLICANE TALUK,1.2,21-12-2010
7925,Chennai,Pachaiyappa college,2,29-12-2010
7926,Chennai,Chennai AP,0.4,29-12-2010
7927,Chennai,Chennai nungambakkam,0.2,29-12-2010
7928,Chennai,Chennai AP,18.8,03-01-2011
7929,Chennai,DGP Office,12.7,03-01-2011
7930,Chennai,Anna university,12.5,03-01-2011
7931,Chennai,MYLAPORE-TRIPLICANE TALUK,11.1,03-01-2011
7932,Chennai,Govt. arts college,11,03-01-2011
7933,Chennai,Chennai nungambakkam,10.3,03-01-2011
7934,Chennai,Pachaiyappa college,10.2,03-01-2011
7935,Chennai,Chennai nungambakkam,0.5,04-01-2011
7936,Chennai,Chennai AP,22.1,22-02-2011
7937,Chennai,Ambathur,15,22-02-2011
7938,Chennai,Anna university,13,22-02-2011
7939,Chennai,MYLAPORE-TRIPLICANE TALUK,6,22-02-2011
7940,Chennai,DGP Office,6,22-02-2011
7941,Chennai,Chennai nungambakkam,6,22-02-2011
7942,Chennai,Pachaiyappa college,5.9,22-02-2011
7943,Chennai,Govt. arts college,2,22-02-2011
7944,Chennai,Chennai nungambakkam,81.2,23-02-2011
7945,Chennai,Ambathur,48,23-02-2011
7946,Chennai,Chennai AP,11.1,23-02-2011
7947,Chennai,Anna university,8.2,23-02-2011
7948,Chennai,DGP Office,7.3,23-02-2011
7949,Chennai,Pachaiyappa college,7.23,23-02-2011
7950,Chennai,MYLAPORE-TRIPLICANE TALUK,6.7,23-02-2011
7951,Chennai,Govt. arts college,6.5,23-02-2011
7952,Chennai,Ambathur,4,24-02-2011
7953,Chennai,Chennai nungambakkam,1.7,24-02-2011
7954,Chennai,Pachaiyappa college,1.6,24-02-2011
7955,Chennai,Govt. arts college,1.5,24-02-2011
7956,Chennai,Anna university,1,24-02-2011
7957,Chennai,MYLAPORE-TRIPLICANE TALUK,1,24-02-2011
7958,Chennai,DGP Office,1,24-02-2011
7959,Chennai,Ambathur,26,22-04-2011
7960,Chennai,Chennai AP,10.6,22-04-2011
7961,Chennai,Anna university,10,22-04-2011
7962,Chennai,MYLAPORE-TRIPLICANE TALUK,7.8,22-04-2011
7963,Chennai,Chennai nungambakkam,7.5,22-04-2011
7964,Chennai,Pachaiyappa college,7.4,22-04-2011
7965,Chennai,Govt. arts college,7.2,22-04-2011
7966,Chennai,DGP Office,7,22-04-2011
7967,Chennai,Ambathur,22.6,23-04-2011
7968,Chennai,Chennai AP,18.9,23-04-2011
7969,Chennai,Anna university,11.3,23-04-2011
7970,Chennai,MYLAPORE-TRIPLICANE TALUK,11.2,23-04-2011
7971,Chennai,Chennai nungambakkam,10.3,23-04-2011
7972,Chennai,Pachaiyappa college,10.2,23-04-2011
7973,Chennai,DGP Office,10.1,23-04-2011
7974,Chennai,Govt. arts college,10.1,23-04-2011
7975,Chennai,Chennai AP,2,24-04-2011
7976,Chennai,Pachaiyappa college,1.1,24-04-2011
7977,Chennai,Anna university,1,24-04-2011
7978,Chennai,MYLAPORE-TRIPLICANE TALUK,1,24-04-2011
7979,Chennai,Chennai port trust,1,24-04-2011
7980,Chennai,Chennai nungambakkam,1,24-04-2011
7981,Chennai,Chennai AP,24.8,21-05-2011
7982,Chennai,Chennai nungambakkam,12.6,21-05-2011
7983,Chennai,Pachaiyappa college,9.4,21-05-2011
7984,Chennai,MYLAPORE-TRIPLICANE TALUK,9.2,21-05-2011
7985,Chennai,DGP Office,8.9,21-05-2011
7986,Chennai,Anna university,8.5,21-05-2011
7987,Chennai,Govt. arts college,7.5,21-05-2011
7988,Chennai,Anna university,15,02-06-2011
7989,Chennai,MYLAPORE-TRIPLICANE TALUK,13,02-06-2011
7990,Chennai,DGP Office,12,02-06-2011
7991,Chennai,Govt. arts college,12,02-06-2011
7992,Chennai,Chennai nungambakkam,3.3,02-06-2011
7993,Chennai,Pachaiyappa college,2.9,02-06-2011
7994,Chennai,Chennai AP,2,02-06-2011
7995,Chennai,Chennai nungambakkam,75,07-06-2011
7996,Chennai,Pachaiyappa college,72,07-06-2011
7997,Chennai,Anna university,71.9,07-06-2011
7998,Chennai,MYLAPORE-TRIPLICANE TALUK,69.3,07-06-2011
7999,Chennai,Govt. arts college,69.1,07-06-2011
8000,Chennai,DGP Office,67.8,07-06-2011
8001,Chennai,Chennai AP,53.4,07-06-2011
8002,Chennai,Anna university,27,15-06-2011
8003,Chennai,Chennai nungambakkam,25.6,15-06-2011
8004,Chennai,Pachaiyappa college,25,15-06-2011
8005,Chennai,Govt. arts college,24,15-06-2011
8006,Chennai,MYLAPORE-TRIPLICANE TALUK,23,15-06-2011
8007,Chennai,DGP Office,21.4,15-06-2011
8008,Chennai,Chennai AP,21,15-06-2011
8009,Chennai,Chennai AP,0.2,17-06-2011
8010,Chennai,Pachaiyappa college,10.9,24-06-2011
8011,Chennai,Chennai nungambakkam,10.9,24-06-2011
8012,Chennai,Govt. arts college,7,24-06-2011
8013,Chennai,MYLAPORE-TRIPLICANE TALUK,5.6,24-06-2011
8014,Chennai,DGP Office,4,24-06-2011
8015,Chennai,Ambathur,3.4,24-06-2011
8016,Chennai,Anna university,2,24-06-2011
8017,Chennai,Chennai AP,2,24-06-2011
8018,Chennai,Chennai nungambakkam,3,27-06-2011
8019,Chennai,Pachaiyappa college,2,27-06-2011
8020,Chennai,DGP Office,1.8,27-06-2011
8021,Chennai,Chennai AP,1.6,27-06-2011
8022,Chennai,Anna university,1,27-06-2011
8023,Chennai,MYLAPORE-TRIPLICANE TALUK,1,27-06-2011
8024,Chennai,Govt. arts college,1,27-06-2011
8025,Chennai,Govt. arts college,0.2,29-06-2011
8026,Chennai,Chennai nungambakkam,0.2,29-06-2011
8027,Chennai,Pachaiyappa college,0.1,29-06-2011
8028,Chennai,MYLAPORE-TRIPLICANE TALUK,0.1,29-06-2011
8029,Chennai,DGP Office,0.1,29-06-2011
8030,Chennai,Chennai AP,11,02-07-2011
8031,Chennai,Anna university,8,02-07-2011
8032,Chennai,Pachaiyappa college,7.4,02-07-2011
8033,Chennai,MYLAPORE-TRIPLICANE TALUK,7,02-07-2011
8034,Chennai,DGP Office,7,02-07-2011
8035,Chennai,Chennai nungambakkam,7,02-07-2011
8036,Chennai,Govt. arts college,6.7,02-07-2011
8037,Chennai,Ambathur,5,02-07-2011
8038,Chennai,Chennai AP,37.7,03-07-2011
8039,Chennai,Pachaiyappa college,19.5,03-07-2011
8040,Chennai,Chennai nungambakkam,19,03-07-2011
8041,Chennai,DGP Office,18.9,03-07-2011
8042,Chennai,MYLAPORE-TRIPLICANE TALUK,18.2,03-07-2011
8043,Chennai,Govt. arts college,17,03-07-2011
8044,Chennai,Ambathur,12,03-07-2011
8045,Chennai,Chennai AP,0.2,04-07-2011
8046,Chennai,Chennai AP,19.2,05-07-2011
8047,Chennai,Anna university,9.7,05-07-2011
8048,Chennai,DGP Office,8,05-07-2011
8049,Chennai,MYLAPORE-TRIPLICANE TALUK,6.1,05-07-2011
8050,Chennai,Govt. arts college,5,05-07-2011
8051,Chennai,Chennai nungambakkam,2.6,05-07-2011
8052,Chennai,Pachaiyappa college,2.5,05-07-2011
8053,Chennai,Chennai AP,8.3,06-07-2011
8054,Chennai,Ambathur,1.4,06-07-2011
8055,Chennai,MYLAPORE-TRIPLICANE TALUK,1.2,06-07-2011
8056,Chennai,DGP Office,1,06-07-2011
8057,Chennai,Govt. arts college,1,06-07-2011
8058,Chennai,Ambathur,32.2,07-07-2011
8059,Chennai,Govt. arts college,16.4,07-07-2011
8060,Chennai,MYLAPORE-TRIPLICANE TALUK,15.3,07-07-2011
8061,Chennai,DGP Office,15,07-07-2011
8062,Chennai,Anna university,13.5,07-07-2011
8063,Chennai,Chennai nungambakkam,13.2,07-07-2011
8064,Chennai,Pachaiyappa college,12.8,07-07-2011
8065,Chennai,Pachaiyappa college,0.7,14-07-2011
8066,Chennai,Chennai nungambakkam,0.7,14-07-2011
8067,Chennai,Govt. arts college,0.6,14-07-2011
8068,Chennai,MYLAPORE-TRIPLICANE TALUK,0.2,14-07-2011
8069,Chennai,Chennai nungambakkam,0.1,15-07-2011
8070,Chennai,Chennai AP,2.6,17-07-2011
8071,Chennai,Anna university,1.6,17-07-2011
8072,Chennai,MYLAPORE-TRIPLICANE TALUK,1.5,17-07-2011
8073,Chennai,Chennai nungambakkam,0.1,17-07-2011
8074,Chennai,Chennai AP,1.2,19-07-2011
8075,Chennai,Anna university,1,19-07-2011
8076,Chennai,Chennai AP,12.8,20-07-2011
8077,Chennai,Anna university,8,20-07-2011
8078,Chennai,MYLAPORE-TRIPLICANE TALUK,7.5,20-07-2011
8079,Chennai,DGP Office,7.5,20-07-2011
8080,Chennai,Govt. arts college,2.5,20-07-2011
8081,Chennai,Pachaiyappa college,0.1,20-07-2011
8082,Chennai,Chennai nungambakkam,0.1,20-07-2011
8083,Chennai,Chennai AP,0.2,22-07-2011
8084,Chennai,Chennai AP,4.4,23-07-2011
8085,Chennai,Pachaiyappa college,4,23-07-2011
8086,Chennai,DGP Office,4,23-07-2011
8087,Chennai,Govt. arts college,3.9,23-07-2011
8088,Chennai,Chennai nungambakkam,3.9,23-07-2011
8089,Chennai,Anna university,3,23-07-2011
8090,Chennai,MYLAPORE-TRIPLICANE TALUK,2.8,23-07-2011
8091,Chennai,Pachaiyappa college,5,24-07-2011
8092,Chennai,Chennai nungambakkam,5,24-07-2011
8093,Chennai,Govt. arts college,3,24-07-2011
8094,Chennai,DGP Office,2,24-07-2011
8095,Chennai,MYLAPORE-TRIPLICANE TALUK,1.5,24-07-2011
8096,Chennai,Anna university,1,24-07-2011
8097,Chennai,Chennai nungambakkam,3.3,25-07-2011
8098,Chennai,Anna university,3,25-07-2011
8099,Chennai,Pachaiyappa college,2,25-07-2011
8100,Chennai,DGP Office,1,25-07-2011
8101,Chennai,MYLAPORE-TRIPLICANE TALUK,0.5,25-07-2011
8102,Chennai,Chennai AP,0.3,25-07-2011
8103,Chennai,Govt. arts college,0.2,25-07-2011
8104,Chennai,Chennai AP,28.4,27-07-2011
8105,Chennai,Anna university,24.3,27-07-2011
8106,Chennai,DGP Office,19.2,27-07-2011
8107,Chennai,Govt. arts college,19,27-07-2011
8108,Chennai,MYLAPORE-TRIPLICANE TALUK,16,27-07-2011
8109,Chennai,Pachaiyappa college,1,27-07-2011
8110,Chennai,Chennai nungambakkam,0.5,27-07-2011
8111,Chennai,DGP Office,16,28-07-2011
8112,Chennai,MYLAPORE-TRIPLICANE TALUK,15.5,28-07-2011
8113,Chennai,Chennai AP,15.5,28-07-2011
8114,Chennai,Govt. arts college,15.2,28-07-2011
8115,Chennai,Anna university,15,28-07-2011
8116,Chennai,Chennai nungambakkam,14.3,28-07-2011
8117,Chennai,Pachaiyappa college,14,28-07-2011
8118,Chennai,Chennai nungambakkam,1.6,31-07-2011
8119,Chennai,Pachaiyappa college,1.5,31-07-2011
8120,Chennai,Anna university,1,31-07-2011
8121,Chennai,DGP Office,1,31-07-2011
8122,Chennai,Govt. arts college,1,31-07-2011
8123,Chennai,MYLAPORE-TRIPLICANE TALUK,0.5,31-07-2011
8124,Chennai,Chennai AP,0.2,31-07-2011
8125,Chennai,Chennai AP,3.1,01-08-2011
8126,Chennai,DGP Office,3,01-08-2011
8127,Chennai,Chennai nungambakkam,2.3,01-08-2011
8128,Chennai,MYLAPORE-TRIPLICANE TALUK,2.1,01-08-2011
8129,Chennai,Pachaiyappa college,2,01-08-2011
8130,Chennai,Anna university,2,01-08-2011
8131,Chennai,Govt. arts college,2,01-08-2011
8132,Chennai,Chennai AP,0.4,03-08-2011
8133,Chennai,DGP Office,1.2,05-08-2011
8134,Chennai,Chennai nungambakkam,1.2,05-08-2011
8135,Chennai,Pachaiyappa college,1,05-08-2011
8136,Chennai,Anna university,1,05-08-2011
8137,Chennai,MYLAPORE-TRIPLICANE TALUK,1,05-08-2011
8138,Chennai,Govt. arts college,1,05-08-2011
8139,Chennai,Chennai AP,1,05-08-2011
8140,Chennai,Ambathur,42,06-08-2011
8141,Chennai,Chennai nungambakkam,9.9,06-08-2011
8142,Chennai,Pachaiyappa college,8,06-08-2011
8143,Chennai,Govt. arts college,7,06-08-2011
8144,Chennai,Anna university,6.7,06-08-2011
8145,Chennai,Chennai AP,5.9,06-08-2011
8146,Chennai,MYLAPORE-TRIPLICANE TALUK,5,06-08-2011
8147,Chennai,DGP Office,5,06-08-2011
8148,Chennai,Chennai AP,11.6,09-08-2011
8149,Chennai,Anna university,10.1,09-08-2011
8150,Chennai,DGP Office,10.1,09-08-2011
8151,Chennai,MYLAPORE-TRIPLICANE TALUK,9.5,09-08-2011
8152,Chennai,Chennai nungambakkam,2.6,09-08-2011
8153,Chennai,Pachaiyappa college,1.6,09-08-2011
8154,Chennai,Govt. arts college,1.5,09-08-2011
8155,Chennai,MYLAPORE-TRIPLICANE TALUK,1.1,10-08-2011
8156,Chennai,DGP Office,1.1,10-08-2011
8157,Chennai,Pachaiyappa college,1,10-08-2011
8158,Chennai,Anna university,1,10-08-2011
8159,Chennai,Govt. arts college,0.2,10-08-2011
8160,Chennai,Chennai AP,0.2,10-08-2011
8161,Chennai,Pachaiyappa college,19,11-08-2011
8162,Chennai,Chennai AP,18.2,11-08-2011
8163,Chennai,MYLAPORE-TRIPLICANE TALUK,18,11-08-2011
8164,Chennai,DGP Office,18,11-08-2011
8165,Chennai,Govt. arts college,15.1,11-08-2011
8166,Chennai,MYLAPORE-TRIPLICANE TALUK,0.2,12-08-2011
8167,Chennai,Anna university,0.1,12-08-2011
8168,Chennai,DGP Office,0.1,12-08-2011
8169,Chennai,Govt. arts college,0.1,12-08-2011
8170,Chennai,Chennai nungambakkam,2.7,16-08-2011
8171,Chennai,Pachaiyappa college,2.2,16-08-2011
8172,Chennai,Anna university,1.5,16-08-2011
8173,Chennai,Govt. arts college,1.5,16-08-2011
8174,Chennai,MYLAPORE-TRIPLICANE TALUK,1,16-08-2011
8175,Chennai,DGP Office,1,16-08-2011
8176,Chennai,Chennai AP,0.5,16-08-2011
8177,Chennai,Chennai AP,0.2,18-08-2011
8178,Chennai,Chennai nungambakkam,64.6,19-08-2011
8179,Chennai,Anna university,64.5,19-08-2011
8180,Chennai,Pachaiyappa college,64.2,19-08-2011
8181,Chennai,MYLAPORE-TRIPLICANE TALUK,63,19-08-2011
8182,Chennai,DGP Office,60.2,19-08-2011
8183,Chennai,Govt. arts college,60.1,19-08-2011
8184,Chennai,Chennai AP,20.5,19-08-2011
8185,Chennai,Chennai nungambakkam,72.2,21-08-2011
8186,Chennai,Pachaiyappa college,72.1,21-08-2011
8187,Chennai,Govt. arts college,69.1,21-08-2011
8188,Chennai,Chennai AP,57.9,21-08-2011
8189,Chennai,Anna university,56.2,21-08-2011
8190,Chennai,DGP Office,56.2,21-08-2011
8191,Chennai,MYLAPORE-TRIPLICANE TALUK,55.1,21-08-2011
8192,Chennai,DGP Office,160.1,25-08-2011
8193,Chennai,Chennai nungambakkam,156.2,25-08-2011
8194,Chennai,MYLAPORE-TRIPLICANE TALUK,155.8,25-08-2011
8195,Chennai,Pachaiyappa college,155,25-08-2011
8196,Chennai,Anna university,153,25-08-2011
8197,Chennai,Govt. arts college,133.1,25-08-2011
8198,Chennai,Chennai AP,16.3,25-08-2011
8199,Chennai,Anna university,9.6,26-08-2011
8200,Chennai,Chennai nungambakkam,7.6,26-08-2011
8201,Chennai,Pachaiyappa college,7.5,26-08-2011
8202,Chennai,DGP Office,7.2,26-08-2011
8203,Chennai,MYLAPORE-TRIPLICANE TALUK,7.1,26-08-2011
8204,Chennai,Chennai AP,6.8,26-08-2011
8205,Chennai,Govt. arts college,6.5,26-08-2011
8206,Chennai,Chennai AP,37.7,27-08-2011
8207,Chennai,Chennai nungambakkam,27.8,27-08-2011
8208,Chennai,Pachaiyappa college,27.1,27-08-2011
8209,Chennai,Govt. arts college,15,27-08-2011
8210,Chennai,DGP Office,11.3,27-08-2011
8211,Chennai,MYLAPORE-TRIPLICANE TALUK,11.2,27-08-2011
8212,Chennai,Anna university,7.3,27-08-2011
8213,Chennai,Anna university,13.4,28-08-2011
8214,Chennai,Chennai AP,10.9,28-08-2011
8215,Chennai,DGP Office,7.1,28-08-2011
8216,Chennai,MYLAPORE-TRIPLICANE TALUK,5.9,28-08-2011
8217,Chennai,Govt. arts college,4,28-08-2011
8218,Chennai,Chennai nungambakkam,0.1,28-08-2011
8219,Chennai,Chennai AP,0.5,31-08-2011
8220,Chennai,Chennai nungambakkam,5.6,02-09-2011
8221,Chennai,Pachaiyappa college,5.5,02-09-2011
8222,Chennai,Chennai AP,6.4,06-09-2011
8223,Chennai,Chennai nungambakkam,0.5,06-09-2011
8224,Chennai,Pachaiyappa college,28,07-09-2011
8225,Chennai,Govt. arts college,20,07-09-2011
8226,Chennai,DGP Office,13.2,07-09-2011
8227,Chennai,Anna university,12.2,07-09-2011
8228,Chennai,MYLAPORE-TRIPLICANE TALUK,12.2,07-09-2011
8229,Chennai,Chennai AP,10.2,07-09-2011
8230,Chennai,Chennai nungambakkam,17.5,09-09-2011
8231,Chennai,Pachaiyappa college,17.4,09-09-2011
8232,Chennai,Anna university,1,09-09-2011
8233,Chennai,Govt. arts college,1,09-09-2011
8234,Chennai,Anna university,3.8,10-09-2011
8235,Chennai,Govt. arts college,2,10-09-2011
8236,Chennai,Chennai nungambakkam,1.6,10-09-2011
8237,Chennai,Pachaiyappa college,1.4,10-09-2011
8238,Chennai,DGP Office,0.3,10-09-2011
8239,Chennai,MYLAPORE-TRIPLICANE TALUK,0.1,10-09-2011
8240,Chennai,Anna university,6.4,12-09-2011
8241,Chennai,MYLAPORE-TRIPLICANE TALUK,4.8,12-09-2011
8242,Chennai,DGP Office,4.5,12-09-2011
8243,Chennai,Chennai AP,1.6,12-09-2011
8244,Chennai,Pachaiyappa college,1,12-09-2011
8245,Chennai,Chennai nungambakkam,1,12-09-2011
8246,Chennai,Chennai AP,9.7,13-09-2011
8247,Chennai,Anna university,2.2,13-09-2011
8248,Chennai,Govt. arts college,1,13-09-2011
8249,Chennai,Pachaiyappa college,5,14-09-2011
8250,Chennai,Chennai nungambakkam,5,14-09-2011
8251,Chennai,Anna university,4.4,14-09-2011
8252,Chennai,MYLAPORE-TRIPLICANE TALUK,4.2,14-09-2011
8253,Chennai,DGP Office,3.9,14-09-2011
8254,Chennai,Chennai AP,0.5,14-09-2011
8255,Chennai,Chennai AP,22.8,16-09-2011
8256,Chennai,Anna university,15.8,16-09-2011
8257,Chennai,Chennai nungambakkam,1.6,16-09-2011
8258,Chennai,Pachaiyappa college,1,16-09-2011
8259,Chennai,Chennai nungambakkam,75.8,17-09-2011
8260,Chennai,Pachaiyappa college,70.1,17-09-2011
8261,Chennai,Anna university,24.8,17-09-2011
8262,Chennai,DGP Office,23.4,17-09-2011
8263,Chennai,MYLAPORE-TRIPLICANE TALUK,22.2,17-09-2011
8264,Chennai,Chennai AP,21.2,17-09-2011
8265,Chennai,Govt. arts college,16.2,17-09-2011
8266,Chennai,Chennai nungambakkam,38.8,18-09-2011
8267,Chennai,Pachaiyappa college,19.2,18-09-2011
8268,Chennai,Anna university,7.6,18-09-2011
8269,Chennai,Govt. arts college,6,18-09-2011
8270,Chennai,MYLAPORE-TRIPLICANE TALUK,5.8,18-09-2011
8271,Chennai,DGP Office,5.7,18-09-2011
8272,Chennai,Chennai AP,3.6,18-09-2011
8273,Chennai,Anna university,108.2,20-09-2011
8274,Chennai,Chennai AP,58.4,20-09-2011
8275,Chennai,MYLAPORE-TRIPLICANE TALUK,52,20-09-2011
8276,Chennai,Govt. arts college,52,20-09-2011
8277,Chennai,DGP Office,48,20-09-2011
8278,Chennai,Chennai nungambakkam,45,20-09-2011
8279,Chennai,Pachaiyappa college,43.1,20-09-2011
8280,Chennai,Anna university,1.6,21-09-2011
8281,Chennai,MYLAPORE-TRIPLICANE TALUK,1.4,21-09-2011
8282,Chennai,Chennai nungambakkam,1.4,21-09-2011
8283,Chennai,Pachaiyappa college,1.2,21-09-2011
8284,Chennai,DGP Office,1.2,21-09-2011
8285,Chennai,Anna university,64.8,29-09-2011
8286,Chennai,DGP Office,63.6,29-09-2011
8287,Chennai,MYLAPORE-TRIPLICANE TALUK,63.2,29-09-2011
8288,Chennai,Chennai nungambakkam,62,29-09-2011
8289,Chennai,Pachaiyappa college,61,29-09-2011
8290,Chennai,Chennai AP,32.3,29-09-2011
8291,Chennai,Govt. arts college,32,29-09-2011
8292,Chennai,Anna university,4,30-09-2011
8293,Chennai,Chennai AP,1.9,30-09-2011
8294,Chennai,Chennai nungambakkam,1.4,30-09-2011
8295,Chennai,Pachaiyappa college,1.3,30-09-2011
8296,Chennai,MYLAPORE-TRIPLICANE TALUK,1.2,30-09-2011
8297,Chennai,DGP Office,1.1,30-09-2011
8298,Chennai,Govt. arts college,1,30-09-2011
8299,Chennai,Chennai nungambakkam,0.9,03-10-2011
8300,Chennai,Anna university,0.6,03-10-2011
8301,Chennai,MYLAPORE-TRIPLICANE TALUK,0.3,03-10-2011
8302,Chennai,Chennai AP,0.3,03-10-2011
8303,Chennai,DGP Office,0.2,03-10-2011
8304,Chennai,Chennai AP,10.7,09-10-2011
8305,Chennai,Chennai nungambakkam,0.5,09-10-2011
8306,Chennai,Pachaiyappa college,0.2,09-10-2011
8307,Chennai,Chennai AP,25.6,12-10-2011
8308,Chennai,Anna university,4.4,12-10-2011
8309,Chennai,Chennai nungambakkam,3.4,12-10-2011
8310,Chennai,Pachaiyappa college,3.3,12-10-2011
8311,Chennai,DGP Office,1.3,12-10-2011
8312,Chennai,MYLAPORE-TRIPLICANE TALUK,1.2,12-10-2011
8313,Chennai,Govt. arts college,1.1,12-10-2011
8314,Chennai,Anna university,1,13-10-2011
8315,Chennai,DGP Office,0.4,13-10-2011
8316,Chennai,Chennai AP,0.4,13-10-2011
8317,Chennai,MYLAPORE-TRIPLICANE TALUK,0.3,13-10-2011
8318,Chennai,Chennai AP,0.5,15-10-2011
8319,Chennai,Anna university,19,18-10-2011
8320,Chennai,MYLAPORE-TRIPLICANE TALUK,18,18-10-2011
8321,Chennai,DGP Office,17,18-10-2011
8322,Chennai,Chennai AP,16,18-10-2011
8323,Chennai,Pachaiyappa college,8.6,18-10-2011
8324,Chennai,Chennai nungambakkam,8.6,18-10-2011
8325,Chennai,Govt. arts college,6.1,18-10-2011
8326,Chennai,Chennai AP,12.2,19-10-2011
8327,Chennai,Anna university,1.4,19-10-2011
8328,Chennai,DGP Office,1.2,19-10-2011
8329,Chennai,MYLAPORE-TRIPLICANE TALUK,1,19-10-2011
8330,Chennai,Chennai AP,41.9,24-10-2011
8331,Chennai,Anna university,31.8,24-10-2011
8332,Chennai,DGP Office,30.6,24-10-2011
8333,Chennai,MYLAPORE-TRIPLICANE TALUK,30.4,24-10-2011
8334,Chennai,Pachaiyappa college,20.1,24-10-2011
8335,Chennai,Govt. arts college,20.1,24-10-2011
8336,Chennai,Chennai nungambakkam,20.1,24-10-2011
8337,Chennai,Chennai nungambakkam,52.5,25-10-2011
8338,Chennai,Pachaiyappa college,52.2,25-10-2011
8339,Chennai,Chennai AP,37.2,25-10-2011
8340,Chennai,Anna university,35.2,25-10-2011
8341,Chennai,DGP Office,34.1,25-10-2011
8342,Chennai,MYLAPORE-TRIPLICANE TALUK,33.2,25-10-2011
8343,Chennai,Govt. arts college,30.1,25-10-2011
8344,Chennai,Pachaiyappa college,78.2,26-10-2011
8345,Chennai,Chennai nungambakkam,78.2,26-10-2011
8346,Chennai,Govt. arts college,31.5,26-10-2011
8347,Chennai,Chennai AP,30.4,26-10-2011
8348,Chennai,Anna university,27.1,26-10-2011
8349,Chennai,DGP Office,27.1,26-10-2011
8350,Chennai,MYLAPORE-TRIPLICANE TALUK,26.2,26-10-2011
8351,Chennai,Chennai AP,56.8,27-10-2011
8352,Chennai,Anna university,48.9,27-10-2011
8353,Chennai,MYLAPORE-TRIPLICANE TALUK,46.2,27-10-2011
8354,Chennai,DGP Office,45.4,27-10-2011
8355,Chennai,Chennai nungambakkam,42.8,27-10-2011
8356,Chennai,Pachaiyappa college,42.2,27-10-2011
8357,Chennai,Govt. arts college,35.5,27-10-2011
8358,Chennai,Chennai nungambakkam,2.9,28-10-2011
8359,Chennai,Pachaiyappa college,2.5,28-10-2011
8360,Chennai,DGP Office,2.5,28-10-2011
8361,Chennai,MYLAPORE-TRIPLICANE TALUK,1.9,28-10-2011
8362,Chennai,Govt. arts college,1.7,28-10-2011
8363,Chennai,Anna university,1.5,28-10-2011
8364,Chennai,Chennai AP,0.8,28-10-2011
8365,Chennai,Chennai AP,16,29-10-2011
8366,Chennai,Anna university,5.9,29-10-2011
8367,Chennai,Chennai nungambakkam,5.8,29-10-2011
8368,Chennai,Pachaiyappa college,5.7,29-10-2011
8369,Chennai,MYLAPORE-TRIPLICANE TALUK,5.6,29-10-2011
8370,Chennai,Govt. arts college,5.2,29-10-2011
8371,Chennai,DGP Office,5.1,29-10-2011
8372,Chennai,Chennai nungambakkam,44.2,30-10-2011
8373,Chennai,Pachaiyappa college,44,30-10-2011
8374,Chennai,DGP Office,43,30-10-2011
8375,Chennai,MYLAPORE-TRIPLICANE TALUK,39.7,30-10-2011
8376,Chennai,Govt. arts college,39.2,30-10-2011
8377,Chennai,Anna university,37,30-10-2011
8378,Chennai,Chennai AP,35.4,30-10-2011
8379,Chennai,Anna university,24.6,31-10-2011
8380,Chennai,DGP Office,19.8,31-10-2011
8381,Chennai,MYLAPORE-TRIPLICANE TALUK,19.2,31-10-2011
8382,Chennai,Govt. arts college,18.7,31-10-2011
8383,Chennai,Chennai AP,11,31-10-2011
8384,Chennai,Chennai nungambakkam,8.6,31-10-2011
8385,Chennai,Pachaiyappa college,8.5,31-10-2011
8386,Chennai,Chennai AP,34.6,01-11-2011
8387,Chennai,Anna university,17.8,01-11-2011
8388,Chennai,MYLAPORE-TRIPLICANE TALUK,13,01-11-2011
8389,Chennai,Govt. arts college,12.5,01-11-2011
8390,Chennai,DGP Office,12.1,01-11-2011
8391,Chennai,Chennai nungambakkam,6.4,01-11-2011
8392,Chennai,Pachaiyappa college,6.3,01-11-2011
8393,Chennai,Anna university,57.4,02-11-2011
8394,Chennai,MYLAPORE-TRIPLICANE TALUK,57.2,02-11-2011
8395,Chennai,DGP Office,56.2,02-11-2011
8396,Chennai,Chennai AP,35.6,02-11-2011
8397,Chennai,Chennai nungambakkam,29.4,02-11-2011
8398,Chennai,Pachaiyappa college,29.2,02-11-2011
8399,Chennai,Govt. arts college,26.5,02-11-2011
8400,Chennai,Pachaiyappa college,6.1,03-11-2011
8401,Chennai,Chennai nungambakkam,6.1,03-11-2011
8402,Chennai,Govt. arts college,3.5,03-11-2011
8403,Chennai,Anna university,1,03-11-2011
8404,Chennai,MYLAPORE-TRIPLICANE TALUK,0.8,03-11-2011
8405,Chennai,DGP Office,0.7,03-11-2011
8406,Chennai,Chennai AP,0.5,03-11-2011
8407,Chennai,Chennai nungambakkam,49.8,04-11-2011
8408,Chennai,Pachaiyappa college,49.7,04-11-2011
8409,Chennai,DGP Office,45,04-11-2011
8410,Chennai,MYLAPORE-TRIPLICANE TALUK,44.8,04-11-2011
8411,Chennai,Anna university,44.6,04-11-2011
8412,Chennai,Chennai AP,31.9,04-11-2011
8413,Chennai,Govt. arts college,31.5,04-11-2011
8414,Chennai,Chennai nungambakkam,38.3,05-11-2011
8415,Chennai,Pachaiyappa college,38.2,05-11-2011
8416,Chennai,Anna university,37.4,05-11-2011
8417,Chennai,Chennai AP,37.4,05-11-2011
8418,Chennai,DGP Office,37.2,05-11-2011
8419,Chennai,MYLAPORE-TRIPLICANE TALUK,37,05-11-2011
8420,Chennai,Govt. arts college,28.5,05-11-2011
8421,Chennai,Chennai nungambakkam,66.9,06-11-2011
8422,Chennai,Pachaiyappa college,66.8,06-11-2011
8423,Chennai,MYLAPORE-TRIPLICANE TALUK,55.1,06-11-2011
8424,Chennai,DGP Office,54.1,06-11-2011
8425,Chennai,Govt. arts college,49.5,06-11-2011
8426,Chennai,Chennai AP,41.4,06-11-2011
8427,Chennai,Anna university,24.4,06-11-2011
8428,Chennai,Chennai AP,4.6,07-11-2011
8429,Chennai,Chennai nungambakkam,33.2,17-11-2011
8430,Chennai,Pachaiyappa college,32.4,17-11-2011
8431,Chennai,Govt. arts college,12,17-11-2011
8432,Chennai,DGP Office,10.7,17-11-2011
8433,Chennai,Anna university,10.1,17-11-2011
8434,Chennai,MYLAPORE-TRIPLICANE TALUK,10.1,17-11-2011
8435,Chennai,Chennai AP,6.4,17-11-2011
8436,Chennai,Anna university,37,18-11-2011
8437,Chennai,Chennai nungambakkam,33.5,18-11-2011
8438,Chennai,Chennai AP,33.5,18-11-2011
8439,Chennai,Pachaiyappa college,32.5,18-11-2011
8440,Chennai,DGP Office,29.5,18-11-2011
8441,Chennai,Govt. arts college,28.5,18-11-2011
8442,Chennai,MYLAPORE-TRIPLICANE TALUK,28.3,18-11-2011
8443,Chennai,Chennai AP,7.7,24-11-2011
8444,Chennai,Chennai nungambakkam,2.7,24-11-2011
8445,Chennai,Pachaiyappa college,2.2,24-11-2011
8446,Chennai,Anna university,2,24-11-2011
8447,Chennai,MYLAPORE-TRIPLICANE TALUK,2,24-11-2011
8448,Chennai,DGP Office,1.1,24-11-2011
8449,Chennai,Govt. arts college,1,24-11-2011
8450,Chennai,Anna university,97.6,25-11-2011
8451,Chennai,Chennai AP,97.6,25-11-2011
8452,Chennai,DGP Office,87.3,25-11-2011
8453,Chennai,MYLAPORE-TRIPLICANE TALUK,84.2,25-11-2011
8454,Chennai,Govt. arts college,71.3,25-11-2011
8455,Chennai,Chennai nungambakkam,64.6,25-11-2011
8456,Chennai,Pachaiyappa college,63,25-11-2011
8457,Chennai,Chennai AP,48.7,26-11-2011
8458,Chennai,Chennai nungambakkam,47.9,26-11-2011
8459,Chennai,Pachaiyappa college,46.1,26-11-2011
8460,Chennai,Govt. arts college,45.7,26-11-2011
8461,Chennai,Anna university,40.6,26-11-2011
8462,Chennai,MYLAPORE-TRIPLICANE TALUK,39.3,26-11-2011
8463,Chennai,DGP Office,38.2,26-11-2011
8464,Chennai,Chennai AP,84,27-11-2011
8465,Chennai,Anna university,69.4,27-11-2011
8466,Chennai,MYLAPORE-TRIPLICANE TALUK,60.3,27-11-2011
8467,Chennai,DGP Office,57.3,27-11-2011
8468,Chennai,Chennai nungambakkam,51.2,27-11-2011
8469,Chennai,Pachaiyappa college,50.8,27-11-2011
8470,Chennai,Govt. arts college,46.7,27-11-2011
8471,Chennai,Chennai AP,27.5,28-11-2011
8472,Chennai,Pachaiyappa college,23.4,28-11-2011
8473,Chennai,Chennai nungambakkam,21.5,28-11-2011
8474,Chennai,Anna university,19.6,28-11-2011
8475,Chennai,Govt. arts college,18.4,28-11-2011
8476,Chennai,MYLAPORE-TRIPLICANE TALUK,17.8,28-11-2011
8477,Chennai,DGP Office,16.7,28-11-2011
8478,Chennai,Chennai nungambakkam,5.6,29-11-2011
8479,Chennai,Pachaiyappa college,4.3,29-11-2011
8480,Chennai,Govt. arts college,3.1,29-11-2011
8481,Chennai,Chennai AP,2.6,29-11-2011
8482,Chennai,Anna university,2.4,29-11-2011
8483,Chennai,MYLAPORE-TRIPLICANE TALUK,2.4,29-11-2011
8484,Chennai,DGP Office,2.2,29-11-2011
8485,Chennai,Chennai nungambakkam,5.6,09-12-2011
8486,Chennai,Pachaiyappa college,2.7,09-12-2011
8487,Chennai,MYLAPORE-TRIPLICANE TALUK,1.7,09-12-2011
8488,Chennai,Anna university,1.3,09-12-2011
8489,Chennai,Chennai AP,0.6,09-12-2011
8490,Chennai,DGP Office,0.5,09-12-2011
8491,Chennai,Govt. arts college,0.3,09-12-2011
8492,Chennai,Chennai AP,2.1,10-12-2011
8493,Chennai,Anna university,1.2,10-12-2011
8494,Chennai,MYLAPORE-TRIPLICANE TALUK,0.9,10-12-2011
8495,Chennai,DGP Office,0.7,10-12-2011
8496,Chennai,Govt. arts college,0.3,10-12-2011
8497,Chennai,Anna university,83.2,15-12-2011
8498,Chennai,Chennai AP,59.9,15-12-2011
8499,Chennai,MYLAPORE-TRIPLICANE TALUK,57.9,15-12-2011
8500,Chennai,DGP Office,53.2,15-12-2011
8501,Chennai,Govt. arts college,43.4,15-12-2011
8502,Chennai,Chennai nungambakkam,37.1,15-12-2011
8503,Chennai,Pachaiyappa college,27.2,15-12-2011
8504,Chennai,Chennai AP,3.2,29-12-2011
8505,Chennai,Anna university,3,29-12-2011
8506,Chennai,MYLAPORE-TRIPLICANE TALUK,2.1,29-12-2011
8507,Chennai,DGP Office,2.1,29-12-2011
8508,Chennai,Govt. arts college,1.9,29-12-2011
8509,Chennai,Chennai nungambakkam,1.9,29-12-2011
8510,Chennai,Pachaiyappa college,1.8,29-12-2011
8511,Chennai,Chennai AP,68,30-12-2011
8512,Chennai,Anna university,63,30-12-2011
8513,Chennai,MYLAPORE-TRIPLICANE TALUK,62.9,30-12-2011
8514,Chennai,DGP Office,61.7,30-12-2011
8515,Chennai,Chennai nungambakkam,59.3,30-12-2011
8516,Chennai,Govt. arts college,57.2,30-12-2011
8517,Chennai,Pachaiyappa college,54,30-12-2011
8518,Chennai,Chennai AP,67.2,31-12-2011
8519,Chennai,Chennai nungambakkam,35.3,31-12-2011
8520,Chennai,Govt. arts college,27.9,31-12-2011
8521,Chennai,Pachaiyappa college,25.4,31-12-2011
8522,Chennai,MYLAPORE-TRIPLICANE TALUK,23.7,31-12-2011
8523,Chennai,DGP Office,21,31-12-2011
8524,Chennai,Anna university,14.6,31-12-2011
8525,Chennai,Anna university,6.8,01-01-2012
8526,Chennai,DGP Office,5.8,01-01-2012
8527,Chennai,Chennai AP,5.1,01-01-2012
8528,Chennai,MYLAPORE-TRIPLICANE TALUK,4.7,01-01-2012
8529,Chennai,Govt. arts college,3.2,01-01-2012
8530,Chennai,Chennai nungambakkam,2.6,01-01-2012
8531,Chennai,Pachaiyappa college,2.3,01-01-2012
8532,Chennai,Chennai AP,6.8,02-01-2012
8533,Chennai,MYLAPORE-TRIPLICANE TALUK,1.7,02-01-2012
8534,Chennai,Chennai nungambakkam,1.4,02-01-2012
8535,Chennai,Pachaiyappa college,1.3,02-01-2012
8536,Chennai,DGP Office,1.3,02-01-2012
8537,Chennai,Govt. arts college,1.2,02-01-2012
8538,Chennai,Anna university,0.4,02-01-2012
8539,Chennai,Chennai AP,12.4,12-01-2012
8540,Chennai,Chennai nungambakkam,11.9,12-01-2012
8541,Chennai,Pachaiyappa college,2.7,12-01-2012
8542,Chennai,Anna university,1.8,12-01-2012
8543,Chennai,MYLAPORE-TRIPLICANE TALUK,1.7,12-01-2012
8544,Chennai,DGP Office,1.3,12-01-2012
8545,Chennai,Govt. arts college,0.7,12-01-2012
8546,Chennai,Chennai AP,0.2,30-01-2012
8547,Chennai,Anna university,17.8,31-01-2012
8548,Chennai,Chennai AP,16,31-01-2012
8549,Chennai,MYLAPORE-TRIPLICANE TALUK,7.2,31-01-2012
8550,Chennai,Chennai nungambakkam,1.6,13-03-2012
8551,Chennai,Chennai nungambakkam,1.5,20-06-2012
8552,Chennai,Chennai nungambakkam,0.6,21-06-2012
8553,Chennai,Chennai AP,0.1,21-06-2012
8554,Chennai,Chennai AP,1.3,22-06-2012
8555,Chennai,Anna university,0.1,22-06-2012
8556,Chennai,Chennai nungambakkam,0.1,22-06-2012
8557,Chennai,Chennai nungambakkam,4,28-06-2012
8558,Chennai,Pachaiyappa college,2.2,28-06-2012
8559,Chennai,Purasawalkam - Perambur,2.1,28-06-2012
8560,Chennai,Chennai AP,0.6,28-06-2012
8561,Chennai,MYLAPORE-TRIPLICANE TALUK,0.2,28-06-2012
8562,Chennai,Anna university,0.1,28-06-2012
8563,Chennai,DGP Office,0.1,28-06-2012
8564,Chennai,Chennai AP,43.2,29-06-2012
8565,Chennai,Anna university,21.8,29-06-2012
8566,Chennai,Chennai nungambakkam,20,29-06-2012
8567,Chennai,Govt. arts college,19.3,29-06-2012
8568,Chennai,MYLAPORE-TRIPLICANE TALUK,18.9,29-06-2012
8569,Chennai,Pachaiyappa college,17.3,29-06-2012
8570,Chennai,DGP Office,16.7,29-06-2012
8571,Chennai,Chennai AP,0.3,30-06-2012
8572,Chennai,Anna university,0.1,30-06-2012
8573,Chennai,Chennai AP,6.9,01-07-2012
8574,Chennai,Anna university,3.2,01-07-2012
8575,Chennai,Chennai nungambakkam,2,01-07-2012
8576,Chennai,MYLAPORE-TRIPLICANE TALUK,1.9,01-07-2012
8577,Chennai,Govt. arts college,1.7,01-07-2012
8578,Chennai,DGP Office,1.3,01-07-2012
8579,Chennai,Pachaiyappa college,1.2,01-07-2012
8580,Chennai,Chennai nungambakkam,29.5,12-07-2012
8581,Chennai,Chennai AP,24.5,12-07-2012
8582,Chennai,Pachaiyappa college,21.1,12-07-2012
8583,Chennai,Anna university,20.7,12-07-2012
8584,Chennai,MYLAPORE-TRIPLICANE TALUK,17.6,12-07-2012
8585,Chennai,DGP Office,15.3,12-07-2012
8586,Chennai,Govt. arts college,14.9,12-07-2012
8587,Chennai,Chennai nungambakkam,4.5,13-07-2012
8588,Chennai,Pachaiyappa college,2.3,13-07-2012
8589,Chennai,Anna university,0.3,13-07-2012
8590,Chennai,MYLAPORE-TRIPLICANE TALUK,0.1,13-07-2012
8591,Chennai,DGP Office,0.1,13-07-2012
8592,Chennai,Chennai AP,29.4,14-07-2012
8593,Chennai,Anna university,20.2,14-07-2012
8594,Chennai,MYLAPORE-TRIPLICANE TALUK,17.1,14-07-2012
8595,Chennai,DGP Office,16.3,14-07-2012
8596,Chennai,Chennai nungambakkam,8.3,14-07-2012
8597,Chennai,Pachaiyappa college,5.2,14-07-2012
8598,Chennai,Govt. arts college,3.3,14-07-2012
8599,Chennai,Anna university,1.9,15-07-2012
8600,Chennai,Pachaiyappa college,1.7,15-07-2012
8601,Chennai,MYLAPORE-TRIPLICANE TALUK,1.3,15-07-2012
8602,Chennai,Chennai nungambakkam,1.2,15-07-2012
8603,Chennai,Chennai AP,1.1,15-07-2012
8604,Chennai,DGP Office,0.9,15-07-2012
8605,Chennai,Govt. arts college,0.7,15-07-2012
8606,Chennai,Chennai nungambakkam,8.4,16-07-2012
8607,Chennai,Pachaiyappa college,3.3,16-07-2012
8608,Chennai,Chennai AP,1.2,16-07-2012
8609,Chennai,MYLAPORE-TRIPLICANE TALUK,0.9,16-07-2012
8610,Chennai,Anna university,0.7,16-07-2012
8611,Chennai,DGP Office,0.2,16-07-2012
8612,Chennai,Chennai AP,17.9,18-07-2012
8613,Chennai,Anna university,14.3,18-07-2012
8614,Chennai,DGP Office,13.2,18-07-2012
8615,Chennai,MYLAPORE-TRIPLICANE TALUK,11.7,18-07-2012
8616,Chennai,Chennai nungambakkam,9.2,18-07-2012
8617,Chennai,Pachaiyappa college,8.7,18-07-2012
8618,Chennai,Govt. arts college,4.3,18-07-2012
8619,Chennai,Chennai AP,2,26-07-2012
8620,Chennai,Anna university,1.2,26-07-2012
8621,Chennai,DGP Office,0.3,26-07-2012
8622,Chennai,MYLAPORE-TRIPLICANE TALUK,0.2,26-07-2012
8623,Chennai,Chennai nungambakkam,0.2,26-07-2012
8624,Chennai,Pachaiyappa college,0.1,26-07-2012
8625,Chennai,Chennai nungambakkam,9.4,27-07-2012
8626,Chennai,Pachaiyappa college,5.2,27-07-2012
8627,Chennai,Chennai AP,2.4,27-07-2012
8628,Chennai,MYLAPORE-TRIPLICANE TALUK,1.3,27-07-2012
8629,Chennai,Anna university,1.1,27-07-2012
8630,Chennai,Govt. arts college,0.9,27-07-2012
8631,Chennai,DGP Office,0.7,27-07-2012
8632,Chennai,Chennai AP,8,28-07-2012
8633,Chennai,Anna university,6.1,28-07-2012
8634,Chennai,Chennai nungambakkam,5.9,28-07-2012
8635,Chennai,MYLAPORE-TRIPLICANE TALUK,4.9,28-07-2012
8636,Chennai,Pachaiyappa college,4.7,28-07-2012
8637,Chennai,DGP Office,4.5,28-07-2012
8638,Chennai,Govt. arts college,3.8,28-07-2012
8639,Chennai,Chennai nungambakkam,3,04-08-2012
8640,Chennai,Chennai AP,1.8,04-08-2012
8641,Chennai,Pachaiyappa college,1.2,04-08-2012
8642,Chennai,Anna university,0.7,04-08-2012
8643,Chennai,DGP Office,0.2,04-08-2012
8644,Chennai,Govt. arts college,0.2,04-08-2012
8645,Chennai,MYLAPORE-TRIPLICANE TALUK,0.1,04-08-2012
8646,Chennai,Chennai AP,4,05-08-2012
8647,Chennai,Anna university,2.2,05-08-2012
8648,Chennai,MYLAPORE-TRIPLICANE TALUK,1.7,05-08-2012
8649,Chennai,Chennai nungambakkam,0.6,05-08-2012
8650,Chennai,DGP Office,0.4,05-08-2012
8651,Chennai,Govt. arts college,0.1,05-08-2012
8652,Chennai,Govt. arts college,0.3,06-08-2012
8653,Chennai,DGP Office,0.1,06-08-2012
8654,Chennai,Chennai AP,0.4,08-08-2012
8655,Chennai,Chennai AP,13.6,09-08-2012
8656,Chennai,Anna university,7.7,09-08-2012
8657,Chennai,Govt. arts college,4.4,09-08-2012
8658,Chennai,DGP Office,4.2,09-08-2012
8659,Chennai,MYLAPORE-TRIPLICANE TALUK,3.7,09-08-2012
8660,Chennai,Chennai nungambakkam,3.6,09-08-2012
8661,Chennai,Pachaiyappa college,2.7,09-08-2012
8662,Chennai,Chennai AP,14,10-08-2012
8663,Chennai,Chennai nungambakkam,13.8,10-08-2012
8664,Chennai,Pachaiyappa college,11.9,10-08-2012
8665,Chennai,Anna university,10.7,10-08-2012
8666,Chennai,MYLAPORE-TRIPLICANE TALUK,9.8,10-08-2012
8667,Chennai,DGP Office,7.3,10-08-2012
8668,Chennai,Govt. arts college,6.2,10-08-2012
8669,Chennai,Chennai AP,49.1,14-08-2012
8670,Chennai,Anna university,31.8,14-08-2012
8671,Chennai,MYLAPORE-TRIPLICANE TALUK,30.1,14-08-2012
8672,Chennai,DGP Office,29.7,14-08-2012
8673,Chennai,Chennai nungambakkam,26.8,14-08-2012
8674,Chennai,Pachaiyappa college,24.4,14-08-2012
8675,Chennai,Govt. arts college,17.6,14-08-2012
8676,Chennai,Chennai AP,5.1,16-08-2012
8677,Chennai,Chennai nungambakkam,4.5,16-08-2012
8678,Chennai,Pachaiyappa college,3.2,16-08-2012
8679,Chennai,DGP Office,2.1,16-08-2012
8680,Chennai,Anna university,1.7,16-08-2012
8681,Chennai,MYLAPORE-TRIPLICANE TALUK,1.2,16-08-2012
8682,Chennai,Govt. arts college,0.7,16-08-2012
8683,Chennai,Chennai nungambakkam,13.7,18-08-2012
8684,Chennai,Pachaiyappa college,11.9,18-08-2012
8685,Chennai,Govt. arts college,9.2,18-08-2012
8686,Chennai,Chennai AP,3.8,18-08-2012
8687,Chennai,Anna university,2.9,18-08-2012
8688,Chennai,MYLAPORE-TRIPLICANE TALUK,2.2,18-08-2012
8689,Chennai,DGP Office,1.3,18-08-2012
8690,Chennai,Chennai nungambakkam,2.3,20-08-2012
8691,Chennai,Pachaiyappa college,0.7,20-08-2012
8692,Chennai,Chennai AP,0.3,20-08-2012
8693,Chennai,Anna university,0.1,20-08-2012
8694,Chennai,MYLAPORE-TRIPLICANE TALUK,0.1,20-08-2012
8695,Chennai,Chennai AP,82.9,26-08-2012
8696,Chennai,MYLAPORE-TRIPLICANE TALUK,53.3,26-08-2012
8697,Chennai,Anna university,47.6,26-08-2012
8698,Chennai,DGP Office,43.2,26-08-2012
8699,Chennai,Govt. arts college,27.4,26-08-2012
8700,Chennai,Pachaiyappa college,13.4,26-08-2012
8701,Chennai,Chennai nungambakkam,9.8,26-08-2012
8702,Chennai,Chennai AP,0.3,27-08-2012
8703,Chennai,Anna university,0.1,27-08-2012
8704,Chennai,Anna university,0.3,29-08-2012
8705,Chennai,Govt. arts college,0.1,29-08-2012
8706,Chennai,Chennai nungambakkam,9,30-08-2012
8707,Chennai,Pachaiyappa college,5.7,30-08-2012
8708,Chennai,Govt. arts college,1.3,30-08-2012
8709,Chennai,Chennai nungambakkam,38.8,03-09-2012
8710,Chennai,Pachaiyappa college,31.7,03-09-2012
8711,Chennai,Chennai AP,22.8,03-09-2012
8712,Chennai,MYLAPORE-TRIPLICANE TALUK,19.6,03-09-2012
8713,Chennai,Govt. arts college,17.1,03-09-2012
8714,Chennai,Anna university,15.2,03-09-2012
8715,Chennai,DGP Office,12.5,03-09-2012
8716,Chennai,Ambathur,11,03-09-2012
8717,Chennai,Chennai AP,16.5,07-09-2012
8718,Chennai,Anna university,7.1,07-09-2012
8719,Chennai,Chennai nungambakkam,3.2,07-09-2012
8720,Chennai,Purasawalkam - Perambur,2.6,07-09-2012
8721,Chennai,Pachaiyappa college,2.6,07-09-2012
8722,Chennai,MYLAPORE-TRIPLICANE TALUK,2.1,07-09-2012
8723,Chennai,DGP Office,1.9,07-09-2012
8724,Chennai,Govt. arts college,0.5,07-09-2012
8725,Chennai,Chennai nungambakkam,53.3,08-09-2012
8726,Chennai,Pachaiyappa college,47.6,08-09-2012
8727,Chennai,Chennai AP,37,08-09-2012
8728,Chennai,MYLAPORE-TRIPLICANE TALUK,27.9,08-09-2012
8729,Chennai,Anna university,24.7,08-09-2012
8730,Chennai,Ambathur,22,08-09-2012
8731,Chennai,Govt. arts college,21.4,08-09-2012
8732,Chennai,DGP Office,17.2,08-09-2012
8733,Chennai,Chennai AP,1.2,09-09-2012
8734,Chennai,Chennai nungambakkam,0.7,09-09-2012
8735,Chennai,Pachaiyappa college,0.4,09-09-2012
8736,Chennai,Anna university,0.3,09-09-2012
8737,Chennai,MYLAPORE-TRIPLICANE TALUK,0.1,09-09-2012
8738,Chennai,Chennai AP,10.7,11-09-2012
8739,Chennai,Pachaiyappa college,10.2,11-09-2012
8740,Chennai,Ambathur,10,11-09-2012
8741,Chennai,Chennai nungambakkam,9.3,11-09-2012
8742,Chennai,MYLAPORE-TRIPLICANE TALUK,8.2,11-09-2012
8743,Chennai,Anna university,7.7,11-09-2012
8744,Chennai,DGP Office,7.4,11-09-2012
8745,Chennai,Govt. arts college,5.9,11-09-2012
8746,Chennai,Ambathur,25,14-09-2012
8747,Chennai,Chennai nungambakkam,21.3,14-09-2012
8748,Chennai,DGP Office,18.7,14-09-2012
8749,Chennai,Pachaiyappa college,17.7,14-09-2012
8750,Chennai,Anna university,15.6,14-09-2012
8751,Chennai,Chennai AP,14.1,14-09-2012
8752,Chennai,MYLAPORE-TRIPLICANE TALUK,11.7,14-09-2012
8753,Chennai,Govt. arts college,11.3,14-09-2012
8754,Chennai,Chennai AP,42.1,15-09-2012
8755,Chennai,MYLAPORE-TRIPLICANE TALUK,36.5,15-09-2012
8756,Chennai,DGP Office,33.9,15-09-2012
8757,Chennai,Anna university,32.4,15-09-2012
8758,Chennai,Pachaiyappa college,29.2,15-09-2012
8759,Chennai,Chennai nungambakkam,26.8,15-09-2012
8760,Chennai,Ambathur,22,15-09-2012
8761,Chennai,Govt. arts college,17.6,15-09-2012
8762,Chennai,Chennai AP,6.4,16-09-2012
8763,Chennai,Anna university,1.7,16-09-2012
8764,Chennai,Pachaiyappa college,0.3,16-09-2012
8765,Chennai,Chennai AP,0.1,18-09-2012
8766,Chennai,Anna university,1.7,19-09-2012
8767,Chennai,MYLAPORE-TRIPLICANE TALUK,1.7,19-09-2012
8768,Chennai,Pachaiyappa college,0.3,19-09-2012
8769,Chennai,Chennai nungambakkam,2.2,20-09-2012
8770,Chennai,Pachaiyappa college,1.7,20-09-2012
8771,Chennai,DGP Office,0.3,20-09-2012
8772,Chennai,Govt. arts college,0.1,20-09-2012
8773,Chennai,Chennai nungambakkam,34.2,21-09-2012
8774,Chennai,Anna university,29.8,21-09-2012
8775,Chennai,Pachaiyappa college,29.5,21-09-2012
8776,Chennai,Chennai AP,28.2,21-09-2012
8777,Chennai,MYLAPORE-TRIPLICANE TALUK,24.7,21-09-2012
8778,Chennai,DGP Office,21.3,21-09-2012
8779,Chennai,Govt. arts college,17.9,21-09-2012
8780,Chennai,Ambathur,8,21-09-2012
8781,Chennai,Chennai nungambakkam,23,27-09-2012
8782,Chennai,Ambathur,18,27-09-2012
8783,Chennai,DGP Office,17.7,27-09-2012
8784,Chennai,Pachaiyappa college,17.2,27-09-2012
8785,Chennai,Anna university,12.7,27-09-2012
8786,Chennai,MYLAPORE-TRIPLICANE TALUK,11.9,27-09-2012
8787,Chennai,Chennai AP,4.1,27-09-2012
8788,Chennai,DGP Office,0.2,29-09-2012
8789,Chennai,Chennai AP,0.2,29-09-2012
8790,Chennai,Chennai AP,1.6,30-09-2012
8791,Chennai,Anna university,0.7,30-09-2012
8792,Chennai,Pachaiyappa college,0.3,30-09-2012
8793,Chennai,DGP Office,0.2,30-09-2012
8794,Chennai,Anna university,1.7,01-10-2012
8795,Chennai,Chennai nungambakkam,30.7,16-10-2012
8796,Chennai,MYLAPORE-TRIPLICANE TALUK,23.2,16-10-2012
8797,Chennai,Anna university,21.7,16-10-2012
8798,Chennai,Pachaiyappa college,21.2,16-10-2012
8799,Chennai,DGP Office,19.8,16-10-2012
8800,Chennai,Chennai AP,1.9,16-10-2012
8801,Chennai,Chennai nungambakkam,19.6,17-10-2012
8802,Chennai,Ambathur,17,17-10-2012
8803,Chennai,Pachaiyappa college,13.1,17-10-2012
8804,Chennai,DGP Office,12.2,17-10-2012
8805,Chennai,Chennai AP,11.6,17-10-2012
8806,Chennai,MYLAPORE-TRIPLICANE TALUK,11,17-10-2012
8807,Chennai,Anna university,10.2,17-10-2012
8808,Chennai,Chennai nungambakkam,70.9,18-10-2012
8809,Chennai,Pachaiyappa college,62.8,18-10-2012
8810,Chennai,DGP Office,60.2,18-10-2012
8811,Chennai,MYLAPORE-TRIPLICANE TALUK,58.6,18-10-2012
8812,Chennai,Anna university,55.3,18-10-2012
8813,Chennai,Chennai AP,35.6,18-10-2012
8814,Chennai,Ambathur,23,18-10-2012
8815,Chennai,Chennai AP,31.2,19-10-2012
8816,Chennai,Chennai nungambakkam,22.7,19-10-2012
8817,Chennai,MYLAPORE-TRIPLICANE TALUK,21.2,19-10-2012
8818,Chennai,Anna university,19.3,19-10-2012
8819,Chennai,DGP Office,18.8,19-10-2012
8820,Chennai,Govt. arts college,18.8,19-10-2012
8821,Chennai,Ambathur,18,19-10-2012
8822,Chennai,Purasawalkam - Perambur,17.6,19-10-2012
8823,Chennai,Pachaiyappa college,17.6,19-10-2012
8824,Chennai,Chennai nungambakkam,78.9,20-10-2012
8825,Chennai,DGP Office,74.2,20-10-2012
8826,Chennai,MYLAPORE-TRIPLICANE TALUK,73.8,20-10-2012
8827,Chennai,Pachaiyappa college,73.2,20-10-2012
8828,Chennai,Anna university,72.3,20-10-2012
8829,Chennai,Chennai AP,53.1,20-10-2012
8830,Chennai,Ambathur,45,20-10-2012
8831,Chennai,Anna university,60.8,21-10-2012
8832,Chennai,Pachaiyappa college,35.2,21-10-2012
8833,Chennai,Chennai nungambakkam,33.8,21-10-2012
8834,Chennai,Chennai AP,32.9,21-10-2012
8835,Chennai,MYLAPORE-TRIPLICANE TALUK,28.4,21-10-2012
8836,Chennai,DGP Office,26,21-10-2012
8837,Chennai,Ambathur,20,21-10-2012
8838,Chennai,Ambathur,33,22-10-2012
8839,Chennai,Anna university,19,22-10-2012
8840,Chennai,Chennai AP,18.5,22-10-2012
8841,Chennai,Chennai nungambakkam,8.7,22-10-2012
8842,Chennai,Pachaiyappa college,8.2,22-10-2012
8843,Chennai,MYLAPORE-TRIPLICANE TALUK,8.1,22-10-2012
8844,Chennai,DGP Office,7.6,22-10-2012
8845,Chennai,Chennai AP,10.9,23-10-2012
8846,Chennai,Ambathur,7,23-10-2012
8847,Chennai,Chennai nungambakkam,37.9,24-10-2012
8848,Chennai,Pachaiyappa college,37.1,24-10-2012
8849,Chennai,DGP Office,35.4,24-10-2012
8850,Chennai,Anna university,30.8,24-10-2012
8851,Chennai,MYLAPORE-TRIPLICANE TALUK,30.2,24-10-2012
8852,Chennai,Chennai AP,24.8,24-10-2012
8853,Chennai,Ambathur,2,24-10-2012
8854,Chennai,Anna university,15.6,25-10-2012
8855,Chennai,DGP Office,14.4,25-10-2012
8856,Chennai,MYLAPORE-TRIPLICANE TALUK,13.8,25-10-2012
8857,Chennai,Chennai nungambakkam,13.8,25-10-2012
8858,Chennai,Pachaiyappa college,10.5,25-10-2012
8859,Chennai,Chennai AP,0.4,25-10-2012
8860,Chennai,Anna university,23.06,30-10-2012
8861,Chennai,DGP Office,18.06,30-10-2012
8862,Chennai,MYLAPORE-TRIPLICANE TALUK,18.01,30-10-2012
8863,Chennai,Chennai nungambakkam,16.06,30-10-2012
8864,Chennai,Chennai AP,11.07,30-10-2012
8865,Chennai,Chennai nungambakkam,93.4,31-10-2012
8866,Chennai,Chennai AP,79.8,31-10-2012
8867,Chennai,Anna university,78.2,31-10-2012
8868,Chennai,DGP Office,64.6,31-10-2012
8869,Chennai,MYLAPORE-TRIPLICANE TALUK,62.7,31-10-2012
8870,Chennai,Ambathur,40,31-10-2012
8871,Chennai,Ambathur,10,01-11-2012
8872,Chennai,Chennai nungambakkam,9,01-11-2012
8873,Chennai,Chennai AP,8.6,01-11-2012
8874,Chennai,DGP Office,3.2,01-11-2012
8875,Chennai,MYLAPORE-TRIPLICANE TALUK,2.8,01-11-2012
8876,Chennai,Anna university,2.2,01-11-2012
8877,Chennai,Ambathur,26,03-11-2012
8878,Chennai,Chennai nungambakkam,12.8,03-11-2012
8879,Chennai,Anna university,11.8,03-11-2012
8880,Chennai,MYLAPORE-TRIPLICANE TALUK,11.8,03-11-2012
8881,Chennai,DGP Office,10.8,03-11-2012
8882,Chennai,Chennai AP,5.6,03-11-2012
8883,Chennai,Ambathur,33,04-11-2012
8884,Chennai,Chennai AP,21.6,04-11-2012
8885,Chennai,Chennai nungambakkam,21.4,04-11-2012
8886,Chennai,Anna university,20.2,04-11-2012
8887,Chennai,DGP Office,18.9,04-11-2012
8888,Chennai,MYLAPORE-TRIPLICANE TALUK,17.8,04-11-2012
8889,Chennai,Chennai AP,18.3,08-11-2012
8890,Chennai,Chennai nungambakkam,1.4,08-11-2012
8891,Chennai,Chennai AP,6.5,22-11-2012
8892,Chennai,Chennai nungambakkam,0.4,22-11-2012
8893,Chennai,Chennai AP,3.8,23-11-2012
8894,Chennai,DGP Office,2.8,23-11-2012
8895,Chennai,MYLAPORE-TRIPLICANE TALUK,2.5,23-11-2012
8896,Chennai,Chennai nungambakkam,0.7,23-11-2012
8897,Chennai,Anna university,0.6,23-11-2012
8898,Chennai,Chennai nungambakkam,1.2,26-11-2012
8899,Chennai,Chennai AP,0.2,26-11-2012
8900,Chennai,Anna university,48.6,03-12-2012
8901,Chennai,Chennai AP,45.1,03-12-2012
8902,Chennai,MYLAPORE-TRIPLICANE TALUK,43.9,03-12-2012
8903,Chennai,DGP Office,42.6,03-12-2012
8904,Chennai,Chennai nungambakkam,37,03-12-2012
8905,Chennai,Ambathur,19,03-12-2012
8906,Chennai,Chennai AP,80.9,04-12-2012
8907,Chennai,Anna university,54.8,04-12-2012
8908,Chennai,Ambathur,51,04-12-2012
8909,Chennai,MYLAPORE-TRIPLICANE TALUK,46.2,04-12-2012
8910,Chennai,DGP Office,44.2,04-12-2012
8911,Chennai,Chennai nungambakkam,42.8,04-12-2012
8912,Chennai,Chennai AP,9.3,05-12-2012
8913,Chennai,Chennai nungambakkam,4.7,05-12-2012
8914,Chennai,Ambathur,4,05-12-2012
8915,Chennai,Anna university,3.6,05-12-2012
8916,Chennai,MYLAPORE-TRIPLICANE TALUK,1.6,05-12-2012
8917,Chennai,DGP Office,1.2,05-12-2012
8918,Chennai,Chennai AP,0.5,06-12-2012
8919,Chennai,Anna university,24.4,29-12-2012
8920,Chennai,Chennai AP,22.1,29-12-2012
8921,Chennai,MYLAPORE-TRIPLICANE TALUK,14.8,29-12-2012
8922,Chennai,Ambathur,14,29-12-2012
8923,Chennai,DGP Office,13.6,29-12-2012
8924,Chennai,Chennai nungambakkam,10,29-12-2012
8925,Chennai,Ambathur,40,30-12-2012
8926,Chennai,Chennai AP,38.1,30-12-2012
8927,Chennai,Anna university,36,30-12-2012
8928,Chennai,Chennai nungambakkam,31,30-12-2012
8929,Chennai,MYLAPORE-TRIPLICANE TALUK,10.5,30-12-2012
8930,Chennai,DGP Office,8.6,30-12-2012
8931,Chennai,Chennai AP,11.6,16-02-2013
8932,Chennai,Anna university,10.5,16-02-2013
8933,Chennai,DGP Office,9.4,16-02-2013
8934,Chennai,MYLAPORE-TRIPLICANE TALUK,8.9,16-02-2013
8935,Chennai,Chennai nungambakkam,6.2,16-02-2013
8936,Chennai,Ambathur,24,17-02-2013
8937,Chennai,Chennai AP,7.6,17-02-2013
8938,Chennai,Chennai nungambakkam,7.3,17-02-2013
8939,Chennai,Anna university,5.7,17-02-2013
8940,Chennai,MYLAPORE-TRIPLICANE TALUK,4.8,17-02-2013
8941,Chennai,DGP Office,7.8,18-02-2013
8942,Chennai,MYLAPORE-TRIPLICANE TALUK,4.9,18-02-2013
8943,Chennai,Chennai nungambakkam,0.8,18-02-2013
8944,Chennai,Chennai AP,0.5,18-02-2013
8945,Chennai,DGP Office,5.4,19-02-2013
8946,Chennai,DGP Office,38.4,07-03-2013
8947,Chennai,MYLAPORE-TRIPLICANE TALUK,32.6,07-03-2013
8948,Chennai,Chennai AP,31.7,07-03-2013
8949,Chennai,Chennai nungambakkam,11.7,07-03-2013
8950,Chennai,Ambathur,8,07-03-2013
8951,Chennai,Chennai AP,1.8,24-04-2013
8952,Chennai,Chennai nungambakkam,1.2,24-04-2013
8953,Chennai,MYLAPORE-TRIPLICANE TALUK,0.3,24-04-2013
8954,Chennai,DGP Office,0.3,24-04-2013
8955,Chennai,Chennai AP,1.3,25-04-2013
8956,Chennai,MYLAPORE-TRIPLICANE TALUK,0.9,25-04-2013
8957,Chennai,Chennai nungambakkam,0.8,25-04-2013
8958,Chennai,DGP Office,0.2,25-04-2013
8959,Chennai,Chennai AP,50.6,13-05-2013
8960,Chennai,MYLAPORE-TRIPLICANE TALUK,3.7,13-05-2013
8961,Chennai,Chennai nungambakkam,3.6,13-05-2013
8962,Chennai,Ambathur,0.5,13-05-2013
8963,Chennai,Chennai AP,3.6,29-05-2013
8964,Chennai,Chennai AP,91,03-06-2013
8965,Chennai,Ambathur,3,03-06-2013
8966,Chennai,MYLAPORE-TRIPLICANE TALUK,1,03-06-2013
8967,Chennai,Chennai nungambakkam,0.9,03-06-2013
8968,Chennai,Chennai AP,26.7,07-06-2013
8969,Chennai,Ambathur,20,07-06-2013
8970,Chennai,Chennai nungambakkam,14.5,07-06-2013
8971,Chennai,MYLAPORE-TRIPLICANE TALUK,13,07-06-2013
8972,Chennai,DGP Office,13,07-06-2013
8973,Chennai,Ambathur,7.3,08-06-2013
8974,Chennai,Chennai nungambakkam,0.1,11-06-2013
8975,Chennai,DGP Office,6.4,12-06-2013
8976,Chennai,Chennai AP,3.9,12-06-2013
8977,Chennai,MYLAPORE-TRIPLICANE TALUK,2,12-06-2013
8978,Chennai,Chennai nungambakkam,0.6,12-06-2013
8979,Chennai,Chennai AP,0.1,23-06-2013
8980,Chennai,Chennai AP,22.9,28-06-2013
8981,Chennai,Ambathur,16,28-06-2013
8982,Chennai,Chennai nungambakkam,8.8,28-06-2013
8983,Chennai,MYLAPORE-TRIPLICANE TALUK,5.8,28-06-2013
8984,Chennai,DGP Office,5.4,28-06-2013
8985,Chennai,DGP Office,15.4,29-06-2013
8986,Chennai,MYLAPORE-TRIPLICANE TALUK,12.8,29-06-2013
8987,Chennai,Chennai AP,9.3,29-06-2013
8988,Chennai,Ambathur,7,29-06-2013
8989,Chennai,Chennai nungambakkam,1.7,29-06-2013
8990,Chennai,Ambathur,11,30-06-2013
8991,Chennai,Chennai AP,8.6,30-06-2013
8992,Chennai,DGP Office,6.8,30-06-2013
8993,Chennai,Chennai nungambakkam,6.3,30-06-2013
8994,Chennai,MYLAPORE-TRIPLICANE TALUK,6,30-06-2013
8995,Chennai,Ambathur,4,02-07-2013
8996,Chennai,Chennai nungambakkam,1,02-07-2013
8997,Chennai,Chennai AP,0.3,02-07-2013
8998,Chennai,Chennai AP,0.3,03-07-2013
8999,Chennai,Chennai nungambakkam,0.2,03-07-2013
9000,Chennai,Chennai nungambakkam,4.35,04-07-2013
9001,Chennai,Chennai AP,0.3,04-07-2013
9002,Chennai,Chennai AP,0.6,06-07-2013
9003,Chennai,Ambathur,24,07-07-2013
9004,Chennai,Chennai nungambakkam,18.8,07-07-2013
9005,Chennai,DGP Office,16.8,07-07-2013
9006,Chennai,MYLAPORE-TRIPLICANE TALUK,16.2,07-07-2013
9007,Chennai,Chennai AP,4,07-07-2013
9008,Chennai,DGP Office,24,08-07-2013
9009,Chennai,MYLAPORE-TRIPLICANE TALUK,23.6,08-07-2013
9010,Chennai,Chennai nungambakkam,22.2,08-07-2013
9011,Chennai,Ambathur,6,08-07-2013
9012,Chennai,Chennai AP,4.2,08-07-2013
9013,Chennai,Ambathur,3,09-07-2013
9014,Chennai,Chennai nungambakkam,0.5,09-07-2013
9015,Chennai,Chennai AP,32.6,11-07-2013
9016,Chennai,Ambathur,32,11-07-2013
9017,Chennai,MYLAPORE-TRIPLICANE TALUK,26.9,11-07-2013
9018,Chennai,DGP Office,26.6,11-07-2013
9019,Chennai,Chennai nungambakkam,24.3,11-07-2013
9020,Chennai,Ambathur,13,12-07-2013
9021,Chennai,DGP Office,7.6,12-07-2013
9022,Chennai,MYLAPORE-TRIPLICANE TALUK,7.1,12-07-2013
9023,Chennai,Chennai AP,6.2,12-07-2013
9024,Chennai,Chennai nungambakkam,3.1,12-07-2013
9025,Chennai,DGP Office,27.6,16-07-2013
9026,Chennai,MYLAPORE-TRIPLICANE TALUK,27.2,16-07-2013
9027,Chennai,Chennai AP,25.8,16-07-2013
9028,Chennai,Chennai nungambakkam,6.8,16-07-2013
9029,Chennai,Ambathur,5,16-07-2013
9030,Chennai,Ambathur,8,18-07-2013
9031,Chennai,Chennai nungambakkam,1.6,18-07-2013
9032,Chennai,Ambathur,13,19-07-2013
9033,Chennai,MYLAPORE-TRIPLICANE TALUK,10.8,19-07-2013
9034,Chennai,DGP Office,10.4,19-07-2013
9035,Chennai,Chennai nungambakkam,10,19-07-2013
9036,Chennai,Chennai AP,10,19-07-2013
9037,Chennai,Chennai AP,44.3,20-07-2013
9038,Chennai,DGP Office,23.4,20-07-2013
9039,Chennai,MYLAPORE-TRIPLICANE TALUK,23.1,20-07-2013
9040,Chennai,Chennai nungambakkam,21.8,20-07-2013
9041,Chennai,Ambathur,19,20-07-2013
9042,Chennai,DGP Office,12.4,21-07-2013
9043,Chennai,MYLAPORE-TRIPLICANE TALUK,12.2,21-07-2013
9044,Chennai,Chennai AP,9,21-07-2013
9045,Chennai,Chennai nungambakkam,8.3,21-07-2013
9046,Chennai,Ambathur,2,21-07-2013
9047,Chennai,Chennai AP,2.3,22-07-2013
9048,Chennai,Chennai nungambakkam,1.6,22-07-2013
9049,Chennai,Ambathur,2,23-07-2013
9050,Chennai,Chennai nungambakkam,0.6,23-07-2013
9051,Chennai,Chennai AP,0.4,23-07-2013
9052,Chennai,Chennai AP,28.1,24-07-2013
9053,Chennai,Chennai nungambakkam,14.1,24-07-2013
9054,Chennai,MYLAPORE-TRIPLICANE TALUK,7.2,24-07-2013
9055,Chennai,DGP Office,6.8,24-07-2013
9056,Chennai,DGP Office,9.2,29-07-2013
9057,Chennai,Ambathur,9,29-07-2013
9058,Chennai,MYLAPORE-TRIPLICANE TALUK,9,29-07-2013
9059,Chennai,Chennai nungambakkam,8.5,29-07-2013
9060,Chennai,Chennai AP,0.2,29-07-2013
9061,Chennai,Chennai AP,0.9,03-08-2013
9062,Chennai,Ambathur,23,04-08-2013
9063,Chennai,DGP Office,12.6,04-08-2013
9064,Chennai,MYLAPORE-TRIPLICANE TALUK,12.5,04-08-2013
9065,Chennai,Chennai nungambakkam,11.5,04-08-2013
9066,Chennai,Chennai AP,9,04-08-2013
9067,Chennai,DGP Office,17.4,05-08-2013
9068,Chennai,MYLAPORE-TRIPLICANE TALUK,17.2,05-08-2013
9069,Chennai,Chennai nungambakkam,12.4,05-08-2013
9070,Chennai,Chennai AP,5.1,05-08-2013
9071,Chennai,Ambathur,2,05-08-2013
9072,Chennai,Chennai AP,1.2,06-08-2013
9073,Chennai,Chennai AP,1.9,08-08-2013
9074,Chennai,Chennai nungambakkam,1.8,08-08-2013
9075,Chennai,Chennai nungambakkam,0.1,09-08-2013
9076,Chennai,Chennai AP,6.9,10-08-2013
9077,Chennai,Ambathur,2,10-08-2013
9078,Chennai,Chennai nungambakkam,1,10-08-2013
9079,Chennai,Chennai nungambakkam,0.8,11-08-2013
9080,Chennai,Chennai AP,0.6,11-08-2013
9081,Chennai,Chennai AP,5.2,12-08-2013
9082,Chennai,Ambathur,3,12-08-2013
9083,Chennai,DGP Office,23.6,14-08-2013
9084,Chennai,MYLAPORE-TRIPLICANE TALUK,22.8,14-08-2013
9085,Chennai,Chennai nungambakkam,21.4,14-08-2013
9086,Chennai,Ambathur,13,14-08-2013
9087,Chennai,Chennai AP,5.6,14-08-2013
9088,Chennai,DGP Office,67.8,15-08-2013
9089,Chennai,MYLAPORE-TRIPLICANE TALUK,67.6,15-08-2013
9090,Chennai,Chennai nungambakkam,58.1,15-08-2013
9091,Chennai,Chennai AP,46.3,15-08-2013
9092,Chennai,Ambathur,32,15-08-2013
9093,Chennai,Chennai nungambakkam,3,16-08-2013
9094,Chennai,Chennai AP,1.7,16-08-2013
9095,Chennai,Chennai AP,35.9,17-08-2013
9096,Chennai,Chennai nungambakkam,31.6,17-08-2013
9097,Chennai,MYLAPORE-TRIPLICANE TALUK,28.3,17-08-2013
9098,Chennai,DGP Office,26.4,17-08-2013
9099,Chennai,Ambathur,22,17-08-2013
9100,Chennai,Ambathur,10,18-08-2013
9101,Chennai,Chennai nungambakkam,4.8,18-08-2013
9102,Chennai,DGP Office,3.6,18-08-2013
9103,Chennai,MYLAPORE-TRIPLICANE TALUK,3.4,18-08-2013
9104,Chennai,Chennai AP,5,21-08-2013
9105,Chennai,Chennai nungambakkam,2.1,21-08-2013
9106,Chennai,Ambathur,2,21-08-2013
9107,Chennai,DGP Office,1.4,21-08-2013
9108,Chennai,Chennai AP,11.2,22-08-2013
9109,Chennai,Ambathur,10,22-08-2013
9110,Chennai,Chennai nungambakkam,6.2,22-08-2013
9111,Chennai,DGP Office,2.7,22-08-2013
9112,Chennai,MYLAPORE-TRIPLICANE TALUK,2.3,22-08-2013
9113,Chennai,DGP Office,1.6,24-08-2013
9114,Chennai,MYLAPORE-TRIPLICANE TALUK,0.6,24-08-2013
9115,Chennai,Chennai AP,0.6,24-08-2013
9116,Chennai,Chennai nungambakkam,0.5,24-08-2013
9117,Chennai,Chennai AP,0.1,29-08-2013
9118,Chennai,Ambathur,72,30-08-2013
9119,Chennai,Chennai nungambakkam,42.4,30-08-2013
9120,Chennai,DGP Office,35.4,30-08-2013
9121,Chennai,Chennai AP,30.6,30-08-2013
9122,Chennai,MYLAPORE-TRIPLICANE TALUK,27.5,30-08-2013
9123,Chennai,Chennai nungambakkam,44.4,04-09-2013
9124,Chennai,Ambathur,36,04-09-2013
9125,Chennai,DGP Office,25.2,04-09-2013
9126,Chennai,MYLAPORE-TRIPLICANE TALUK,24.7,04-09-2013
9127,Chennai,Chennai AP,16.7,04-09-2013
9128,Chennai,Chennai AP,1.8,07-09-2013
9129,Chennai,Chennai nungambakkam,0.2,08-09-2013
9130,Chennai,Chennai AP,0.2,08-09-2013
9131,Chennai,Chennai AP,16.9,09-09-2013
9132,Chennai,Chennai nungambakkam,14.4,09-09-2013
9133,Chennai,Ambathur,10,09-09-2013
9134,Chennai,DGP Office,8.6,09-09-2013
9135,Chennai,MYLAPORE-TRIPLICANE TALUK,8.4,09-09-2013
9136,Chennai,Chennai AP,1.6,10-09-2013
9137,Chennai,Chennai nungambakkam,0.2,10-09-2013
9138,Chennai,DGP Office,119.6,11-09-2013
9139,Chennai,MYLAPORE-TRIPLICANE TALUK,119.4,11-09-2013
9140,Chennai,Chennai nungambakkam,88.2,11-09-2013
9141,Chennai,Chennai AP,83.9,11-09-2013
9142,Chennai,Ambathur,32,11-09-2013
9143,Chennai,Ambathur,20,12-09-2013
9144,Chennai,Chennai AP,17.4,12-09-2013
9145,Chennai,DGP Office,4.6,12-09-2013
9146,Chennai,MYLAPORE-TRIPLICANE TALUK,4.4,12-09-2013
9147,Chennai,Chennai nungambakkam,2.2,12-09-2013
9148,Chennai,Ambathur,43,13-09-2013
9149,Chennai,Chennai nungambakkam,5.2,13-09-2013
9150,Chennai,DGP Office,3.2,13-09-2013
9151,Chennai,MYLAPORE-TRIPLICANE TALUK,3,13-09-2013
9152,Chennai,Chennai AP,2.7,13-09-2013
9153,Chennai,Chennai AP,35,14-09-2013
9154,Chennai,Ambathur,18,14-09-2013
9155,Chennai,Chennai nungambakkam,12,14-09-2013
9156,Chennai,Ambathur,14,16-09-2013
9157,Chennai,Chennai nungambakkam,28.4,19-09-2013
9158,Chennai,Ambathur,27,19-09-2013
9159,Chennai,MYLAPORE-TRIPLICANE TALUK,25.2,19-09-2013
9160,Chennai,DGP Office,20.8,19-09-2013
9161,Chennai,Chennai AP,9.6,19-09-2013
9162,Chennai,Ambathur,7,20-09-2013
9163,Chennai,Chennai nungambakkam,0.5,20-09-2013
9164,Chennai,Ambathur,13,22-09-2013
9165,Chennai,Chennai nungambakkam,2.7,22-09-2013
9166,Chennai,Chennai AP,2.1,22-09-2013
9167,Chennai,DGP Office,1.7,22-09-2013
9168,Chennai,MYLAPORE-TRIPLICANE TALUK,1.3,22-09-2013
9169,Chennai,Chennai nungambakkam,0.1,25-09-2013
9170,Chennai,Chennai nungambakkam,2.2,27-09-2013
9171,Chennai,Chennai AP,1.9,27-09-2013
9172,Chennai,Chennai nungambakkam,2.7,28-09-2013
9173,Chennai,Chennai AP,10,29-09-2013
9174,Chennai,Ambathur,4,29-09-2013
9175,Chennai,Chennai nungambakkam,0.3,29-09-2013
9176,Chennai,Chennai AP,12,01-10-2013
9177,Chennai,Ambathur,3,01-10-2013
9178,Chennai,Anna university,2.8,01-10-2013
9179,Chennai,Chennai nungambakkam,1.9,01-10-2013
9180,Chennai,DGP Office,1.2,01-10-2013
9181,Chennai,DGP Office,14.02,02-10-2013
9182,Chennai,Chennai nungambakkam,6,02-10-2013
9183,Chennai,Anna university,2.02,02-10-2013
9184,Chennai,DGP Office,13.2,03-10-2013
9185,Chennai,Anna university,5.2,03-10-2013
9186,Chennai,Ambathur,60,04-10-2013
9187,Chennai,Chennai AP,25,04-10-2013
9188,Chennai,DGP Office,13.6,04-10-2013
9189,Chennai,Anna university,9.8,04-10-2013
9190,Chennai,Chennai nungambakkam,4.7,04-10-2013
9191,Chennai,Chennai AP,24.4,10-10-2013
9192,Chennai,Anna university,18.8,10-10-2013
9193,Chennai,Chennai nungambakkam,7.9,10-10-2013
9194,Chennai,DGP Office,3.2,10-10-2013
9195,Chennai,Ambathur,3,10-10-2013
9196,Chennai,Ambathur,30,11-10-2013
9197,Chennai,DGP Office,7.4,11-10-2013
9198,Chennai,Chennai nungambakkam,6.6,11-10-2013
9199,Chennai,Anna university,1.3,11-10-2013
9200,Chennai,Chennai AP,0.4,11-10-2013
9201,Chennai,Anna university,1.8,14-10-2013
9202,Chennai,DGP Office,1.8,14-10-2013
9203,Chennai,Chennai AP,1.7,14-10-2013
9204,Chennai,DGP Office,20.6,15-10-2013
9205,Chennai,Anna university,2.2,15-10-2013
9206,Chennai,Chennai AP,2.9,16-10-2013
9207,Chennai,Chennai nungambakkam,0.2,16-10-2013
9208,Chennai,Chennai AP,2.6,18-10-2013
9209,Chennai,Chennai nungambakkam,1.1,18-10-2013
9210,Chennai,Chennai AP,22.6,20-10-2013
9211,Chennai,Pachaiyappa college,14.3,20-10-2013
9212,Chennai,Ambathur,14,20-10-2013
9213,Chennai,DGP Office,13.8,20-10-2013
9214,Chennai,Anna university,12.4,20-10-2013
9215,Chennai,Chennai nungambakkam,10.8,20-10-2013
9216,Chennai,DGP Office,98.4,21-10-2013
9217,Chennai,Chennai nungambakkam,80.8,21-10-2013
9218,Chennai,Chennai AP,71.1,21-10-2013
9219,Chennai,Anna university,67.4,21-10-2013
9220,Chennai,Ambathur,55,21-10-2013
9221,Chennai,Pachaiyappa college,45,21-10-2013
9222,Chennai,Pachaiyappa college,45.2,22-10-2013
9223,Chennai,Anna university,43.4,22-10-2013
9224,Chennai,Ambathur,31,22-10-2013
9225,Chennai,DGP Office,26.8,22-10-2013
9226,Chennai,Chennai AP,25.9,22-10-2013
9227,Chennai,Chennai nungambakkam,15.8,22-10-2013
9228,Chennai,Pachaiyappa college,15.2,23-10-2013
9229,Chennai,Chennai AP,9.4,23-10-2013
9230,Chennai,Anna university,8.2,23-10-2013
9231,Chennai,Ambathur,4,23-10-2013
9232,Chennai,DGP Office,2.6,23-10-2013
9233,Chennai,Chennai nungambakkam,2.5,23-10-2013
9234,Chennai,Chennai AP,2.6,24-10-2013
9235,Chennai,Chennai nungambakkam,2.3,24-10-2013
9236,Chennai,Anna university,1,24-10-2013
9237,Chennai,DGP Office,3.4,25-10-2013
9238,Chennai,Anna university,2.6,25-10-2013
9239,Chennai,Chennai nungambakkam,1.1,25-10-2013
9240,Chennai,Chennai AP,1,25-10-2013
9241,Chennai,Pachaiyappa college,25.1,26-10-2013
9242,Chennai,Ambathur,21,26-10-2013
9243,Chennai,Chennai nungambakkam,10.4,26-10-2013
9244,Chennai,Anna university,4.4,26-10-2013
9245,Chennai,DGP Office,3.6,26-10-2013
9246,Chennai,Chennai AP,1.8,26-10-2013
9247,Chennai,DGP Office,4.2,27-10-2013
9248,Chennai,Chennai nungambakkam,1,27-10-2013
9249,Chennai,Chennai AP,19.3,28-10-2013
9250,Chennai,Anna university,8.8,28-10-2013
9251,Chennai,DGP Office,3.2,28-10-2013
9252,Chennai,Chennai nungambakkam,1.4,29-10-2013
9253,Chennai,Chennai AP,0.6,31-10-2013
9254,Chennai,Pachaiyappa college,50.1,01-11-2013
9255,Chennai,DGP Office,3.4,01-11-2013
9256,Chennai,Chennai nungambakkam,3.3,01-11-2013
9257,Chennai,Chennai AP,0.4,01-11-2013
9258,Chennai,Chennai AP,2.7,02-11-2013
9259,Chennai,Chennai nungambakkam,2,02-11-2013
9260,Chennai,DGP Office,1.2,02-11-2013
9261,Chennai,Pachaiyappa college,50.4,03-11-2013
9262,Chennai,Chennai nungambakkam,23.5,03-11-2013
9263,Chennai,Chennai AP,10.6,03-11-2013
9264,Chennai,Ambathur,6,03-11-2013
9265,Chennai,DGP Office,5.2,03-11-2013
9266,Chennai,Anna university,3.8,03-11-2013
9267,Chennai,Pachaiyappa college,60.4,04-11-2013
9268,Chennai,Chennai AP,18,04-11-2013
9269,Chennai,Anna university,16.4,04-11-2013
9270,Chennai,Ambathur,12,04-11-2013
9271,Chennai,Chennai nungambakkam,11.5,04-11-2013
9272,Chennai,DGP Office,5.6,04-11-2013
9273,Chennai,Chennai AP,0.8,06-11-2013
9274,Chennai,DGP Office,29.4,16-11-2013
9275,Chennai,Anna university,20,16-11-2013
9276,Chennai,Pachaiyappa college,15.5,16-11-2013
9277,Chennai,Chennai nungambakkam,15.4,16-11-2013
9278,Chennai,Chennai AP,10.7,16-11-2013
9279,Chennai,Ambathur,6,16-11-2013
9280,Chennai,Chennai AP,123.9,17-11-2013
9281,Chennai,Ambathur,100,17-11-2013
9282,Chennai,Chennai nungambakkam,80.4,17-11-2013
9283,Chennai,Pachaiyappa college,75,17-11-2013
9284,Chennai,Anna university,75,17-11-2013
9285,Chennai,DGP Office,71.4,17-11-2013
9286,Chennai,DGP Office,54.8,18-11-2013
9287,Chennai,Chennai nungambakkam,42.8,18-11-2013
9288,Chennai,Ambathur,26,18-11-2013
9289,Chennai,Anna university,25.2,18-11-2013
9290,Chennai,Chennai AP,6.3,18-11-2013
9291,Chennai,DGP Office,3.2,19-11-2013
9292,Chennai,Chennai AP,3,19-11-2013
9293,Chennai,Chennai nungambakkam,0.4,19-11-2013
9294,Chennai,Chennai nungambakkam,1.4,23-11-2013
9295,Chennai,Chennai AP,0.4,23-11-2013
9296,Chennai,Pachaiyappa college,15.3,24-11-2013
9297,Chennai,DGP Office,12.6,24-11-2013
9298,Chennai,Chennai nungambakkam,12.5,24-11-2013
9299,Chennai,Anna university,11,24-11-2013
9300,Chennai,Ambathur,8,24-11-2013
9301,Chennai,Chennai AP,4,24-11-2013
9302,Chennai,Pachaiyappa college,20.01,25-11-2013
9303,Chennai,DGP Office,12.8,25-11-2013
9304,Chennai,Anna university,8,25-11-2013
9305,Chennai,Chennai AP,0.5,25-11-2013
9306,Chennai,Ambathur,3,26-11-2013
9307,Chennai,Ambathur,22,01-12-2013
9308,Chennai,DGP Office,7.4,01-12-2013
9309,Chennai,Chennai AP,6.8,01-12-2013
9310,Chennai,Anna university,5.2,01-12-2013
9311,Chennai,Pachaiyappa college,2.1,01-12-2013
9312,Chennai,Chennai nungambakkam,0.7,01-12-2013
9313,Chennai,Ambathur,6,02-12-2013
9314,Chennai,DGP Office,5.2,02-12-2013
9315,Chennai,Chennai AP,3.7,02-12-2013
9316,Chennai,Anna university,3,02-12-2013
9317,Chennai,Chennai nungambakkam,2.7,02-12-2013
9318,Chennai,Anna university,84,03-12-2013
9319,Chennai,Chennai AP,55.8,03-12-2013
9320,Chennai,Pachaiyappa college,54,03-12-2013
9321,Chennai,DGP Office,53.6,03-12-2013
9322,Chennai,Chennai nungambakkam,52.5,03-12-2013
9323,Chennai,Ambathur,3,03-12-2013
9324,Chennai,Chennai nungambakkam,15.6,08-12-2013
9325,Chennai,DGP Office,14.6,08-12-2013
9326,Chennai,Pachaiyappa college,13.3,08-12-2013
9327,Chennai,Anna university,13.3,08-12-2013
9328,Chennai,Chennai AP,10.5,08-12-2013
9329,Chennai,Ambathur,6,08-12-2013
9330,Chennai,Chennai nungambakkam,3.2,12-12-2013
9331,Chennai,Anna university,3.1,12-12-2013
9332,Chennai,Chennai AP,2.6,12-12-2013
9333,Chennai,DGP Office,2.4,12-12-2013
9334,Chennai,Pachaiyappa college,2.1,12-12-2013
9335,Chennai,Chennai nungambakkam,9.4,13-12-2013
9336,Chennai,Ambathur,5,13-12-2013
9337,Chennai,Anna university,2.3,13-12-2013
9338,Chennai,DGP Office,1.2,13-12-2013
9339,Chennai,Chennai AP,0.1,13-12-2013
9340,Chennai,Chennai AP,1,14-12-2013
9341,Chennai,Chennai nungambakkam,0.8,14-12-2013
9342,Chennai,Chennai nungambakkam,0.4,23-12-2013
9343,Chennai,Chennai AP,0.5,02-01-2014
9344,Chennai,Chennai nungambakkam,0.1,03-01-2014
9345,Chennai,Chennai AP,0.5,20-01-2014
9346,Chennai,Chennai AP,0.1,26-01-2014
9347,Chennai,Chennai nungambakkam,9.2,17-02-2014
9348,Chennai,DGP Office,6.4,17-02-2014
9349,Chennai,Pachaiyappa college,6.1,17-02-2014
9350,Chennai,Anna university,5,17-02-2014
9351,Chennai,Chennai AP,4.6,17-02-2014
9352,Chennai,Ambathur,5,18-02-2014
9353,Chennai,Chennai nungambakkam,0.4,18-02-2014
9354,Chennai,Chennai AP,0.3,19-02-2014
9355,Chennai,Chennai nungambakkam,0.1,19-02-2014
9356,Chennai,Chennai AP,0.6,24-02-2014
9357,Chennai,Chennai AP,0.7,25-02-2014
9358,Chennai,Chennai nungambakkam,0.2,25-02-2014
9359,Chennai,Anna university,29.4,05-05-2014
9360,Chennai,DGP Office,20.2,05-05-2014
9361,Chennai,Pachaiyappa college,19.5,05-05-2014
9362,Chennai,Chennai AP,13.9,05-05-2014
9363,Chennai,Chennai nungambakkam,9.1,05-05-2014
9364,Chennai,Ambathur,7,05-05-2014
9365,Chennai,Anna university,9.2,06-05-2014
9366,Chennai,DGP Office,6.2,06-05-2014
9367,Chennai,Pachaiyappa college,5.8,06-05-2014
9368,Chennai,Chennai nungambakkam,3.2,06-05-2014
9369,Chennai,Chennai AP,3,06-05-2014
9370,Chennai,Ambathur,3,07-05-2014
9371,Chennai,Chennai AP,1.6,07-05-2014
9372,Chennai,Ambathur,11,08-05-2014
9373,Chennai,Anna university,8.6,08-05-2014
9374,Chennai,Chennai AP,2.4,08-05-2014
9375,Chennai,Pachaiyappa college,1.9,08-05-2014
9376,Chennai,DGP Office,1.6,08-05-2014
9377,Chennai,Chennai nungambakkam,1.2,08-05-2014
9378,Chennai,Chennai AP,0.3,09-05-2014
9379,Chennai,Chennai AP,21.8,03-06-2014
9380,Chennai,Anna university,16.8,03-06-2014
9381,Chennai,DGP Office,16.2,03-06-2014
9382,Chennai,Pachaiyappa college,15.2,03-06-2014
9383,Chennai,Chennai nungambakkam,0.5,03-06-2014
9384,Chennai,Ambathur,70,09-06-2014
9385,Chennai,Chennai AP,51.8,09-06-2014
9386,Chennai,DGP Office,39,09-06-2014
9387,Chennai,Pachaiyappa college,38.3,09-06-2014
9388,Chennai,Chennai nungambakkam,36.2,09-06-2014
9389,Chennai,Anna university,33.2,09-06-2014
9390,Chennai,Ambathur,11,10-06-2014
9391,Chennai,Anna university,9.2,10-06-2014
9392,Chennai,DGP Office,8.4,10-06-2014
9393,Chennai,Chennai nungambakkam,8.3,10-06-2014
9394,Chennai,Pachaiyappa college,8.1,10-06-2014
9395,Chennai,Chennai AP,2.5,10-06-2014
9396,Chennai,Ambathur,2,21-06-2014
9397,Chennai,Chennai nungambakkam,1.7,21-06-2014
9398,Chennai,Anna university,1.4,21-06-2014
9399,Chennai,Pachaiyappa college,1.2,21-06-2014
9400,Chennai,DGP Office,1,21-06-2014
9401,Chennai,DGP Office,16.2,22-06-2014
9402,Chennai,Anna university,12,22-06-2014
9403,Chennai,Chennai AP,10.4,22-06-2014
9404,Chennai,Pachaiyappa college,8.3,22-06-2014
9405,Chennai,Chennai nungambakkam,2.8,22-06-2014
9406,Chennai,Chennai AP,1.2,23-06-2014
9407,Chennai,Chennai nungambakkam,0.9,23-06-2014
9408,Chennai,Anna university,83.2,29-06-2014
9409,Chennai,Chennai AP,62.6,29-06-2014
9410,Chennai,Ambathur,58,29-06-2014
9411,Chennai,DGP Office,45.2,29-06-2014
9412,Chennai,Pachaiyappa college,33.5,29-06-2014
9413,Chennai,Chennai nungambakkam,25.5,29-06-2014
9414,Chennai,Chennai AP,34.2,30-06-2014
9415,Chennai,Anna university,28.8,30-06-2014
9416,Chennai,Chennai nungambakkam,20.3,30-06-2014
9417,Chennai,Ambathur,17,30-06-2014
9418,Chennai,Pachaiyappa college,16.3,30-06-2014
9419,Chennai,DGP Office,14.2,30-06-2014
9420,Chennai,Chennai nungambakkam,7,01-07-2014
9421,Chennai,Pachaiyappa college,3.4,01-07-2014
9422,Chennai,Ambathur,3,01-07-2014
9423,Chennai,Anna university,0.2,01-07-2014
9424,Chennai,Ambathur,26,06-07-2014
9425,Chennai,Anna university,3.8,06-07-2014
9426,Chennai,Chennai AP,3.4,06-07-2014
9427,Chennai,Chennai nungambakkam,1.5,06-07-2014
9428,Chennai,Pachaiyappa college,1.2,06-07-2014
9429,Chennai,Ambathur,9,07-07-2014
9430,Chennai,Chennai AP,0.8,07-07-2014
9431,Chennai,Chennai nungambakkam,0.6,07-07-2014
9432,Chennai,Chennai nungambakkam,5.1,08-07-2014
9433,Chennai,DGP Office,4.6,08-07-2014
9434,Chennai,Pachaiyappa college,4.5,08-07-2014
9435,Chennai,Chennai AP,3.5,08-07-2014
9436,Chennai,Anna university,2.2,08-07-2014
9437,Chennai,Ambathur,15,10-07-2014
9438,Chennai,Chennai nungambakkam,10.8,10-07-2014
9439,Chennai,Pachaiyappa college,8.5,10-07-2014
9440,Chennai,DGP Office,7.6,10-07-2014
9441,Chennai,Anna university,6.4,10-07-2014
9442,Chennai,Chennai AP,6.3,10-07-2014
9443,Chennai,Chennai nungambakkam,8.9,11-07-2014
9444,Chennai,Chennai AP,8.8,11-07-2014
9445,Chennai,DGP Office,8.4,11-07-2014
9446,Chennai,Pachaiyappa college,8.2,11-07-2014
9447,Chennai,Anna university,8.2,11-07-2014
9448,Chennai,Ambathur,8,11-07-2014
9449,Chennai,Chennai AP,4.3,12-07-2014
9450,Chennai,Anna university,2.4,12-07-2014
9451,Chennai,DGP Office,2.4,12-07-2014
9452,Chennai,Pachaiyappa college,1.5,12-07-2014
9453,Chennai,Chennai nungambakkam,1.4,12-07-2014
9454,Chennai,Chennai nungambakkam,1.4,15-07-2014
9455,Chennai,Chennai AP,1.1,15-07-2014
9456,Chennai,Pachaiyappa college,1,15-07-2014
9457,Chennai,DGP Office,3.2,21-07-2014
9458,Chennai,Ambathur,3,21-07-2014
9459,Chennai,Pachaiyappa college,2.9,21-07-2014
9460,Chennai,Chennai nungambakkam,2.7,21-07-2014
9461,Chennai,Chennai AP,0.5,21-07-2014
9462,Chennai,Chennai nungambakkam,8.3,22-07-2014
9463,Chennai,DGP Office,6.2,22-07-2014
9464,Chennai,Pachaiyappa college,5.8,22-07-2014
9465,Chennai,Anna university,5.2,22-07-2014
9466,Chennai,Ambathur,4,22-07-2014
9467,Chennai,Chennai AP,0.2,22-07-2014
9468,Chennai,Chennai nungambakkam,3.5,23-07-2014
9469,Chennai,Ambathur,3,23-07-2014
9470,Chennai,Pachaiyappa college,3,23-07-2014
9471,Chennai,Chennai AP,2.9,23-07-2014
9472,Chennai,DGP Office,2.8,23-07-2014
9473,Chennai,Anna university,2.4,23-07-2014
9474,Chennai,Chennai nungambakkam,7,25-07-2014
9475,Chennai,DGP Office,5.2,25-07-2014
9476,Chennai,Ambathur,5,25-07-2014
9477,Chennai,Pachaiyappa college,4.8,25-07-2014
9478,Chennai,Anna university,1.6,25-07-2014
9479,Chennai,Chennai AP,0.4,25-07-2014
9480,Chennai,Chennai AP,6.3,26-07-2014
9481,Chennai,Chennai nungambakkam,2.7,26-07-2014
9482,Chennai,Chennai AP,2.9,27-07-2014
9483,Chennai,Chennai nungambakkam,1.7,27-07-2014
9484,Chennai,DGP Office,8.4,30-07-2014
9485,Chennai,Chennai nungambakkam,8.2,30-07-2014
9486,Chennai,Pachaiyappa college,7.8,30-07-2014
9487,Chennai,Ambathur,7,30-07-2014
9488,Chennai,Anna university,4.1,30-07-2014
9489,Chennai,Chennai AP,1.1,30-07-2014
9490,Chennai,Chennai AP,0.4,31-07-2014
9491,Chennai,Chennai nungambakkam,37.1,02-08-2014
9492,Chennai,DGP Office,32.4,02-08-2014
9493,Chennai,Pachaiyappa college,31.6,02-08-2014
9494,Chennai,Ambathur,26,02-08-2014
9495,Chennai,Anna university,3.2,02-08-2014
9496,Chennai,Chennai AP,0.2,02-08-2014
9497,Chennai,Chennai nungambakkam,0.2,03-08-2014
9498,Chennai,Chennai AP,14.7,04-08-2014
9499,Chennai,Anna university,13.2,04-08-2014
9500,Chennai,Chennai nungambakkam,12.2,04-08-2014
9501,Chennai,DGP Office,10.2,04-08-2014
9502,Chennai,Pachaiyappa college,9.7,04-08-2014
9503,Chennai,DGP Office,12.2,06-08-2014
9504,Chennai,Pachaiyappa college,11.7,06-08-2014
9505,Chennai,Ambathur,11,06-08-2014
9506,Chennai,Chennai nungambakkam,10.2,06-08-2014
9507,Chennai,Anna university,5.2,06-08-2014
9508,Chennai,Chennai AP,2.2,06-08-2014
9509,Chennai,Chennai nungambakkam,8.6,07-08-2014
9510,Chennai,Chennai AP,6.4,07-08-2014
9511,Chennai,Anna university,5,07-08-2014
9512,Chennai,Pachaiyappa college,4.8,07-08-2014
9513,Chennai,DGP Office,4.6,07-08-2014
9514,Chennai,Ambathur,4,07-08-2014
9515,Chennai,Ambathur,57,09-08-2014
9516,Chennai,Chennai AP,33.9,09-08-2014
9517,Chennai,Chennai nungambakkam,25.5,09-08-2014
9518,Chennai,Anna university,24.4,09-08-2014
9519,Chennai,DGP Office,18.6,09-08-2014
9520,Chennai,Pachaiyappa college,18.1,09-08-2014
9521,Chennai,Ambathur,4,10-08-2014
9522,Chennai,Chennai nungambakkam,3.2,10-08-2014
9523,Chennai,Anna university,2.6,10-08-2014
9524,Chennai,DGP Office,2.4,10-08-2014
9525,Chennai,Chennai AP,2.2,10-08-2014
9526,Chennai,Pachaiyappa college,2.1,10-08-2014
9527,Chennai,DGP Office,15.8,11-08-2014
9528,Chennai,Pachaiyappa college,15.1,11-08-2014
9529,Chennai,Anna university,14.8,11-08-2014
9530,Chennai,Chennai AP,8.4,11-08-2014
9531,Chennai,Chennai nungambakkam,2.6,11-08-2014
9532,Chennai,Anna university,34.6,12-08-2014
9533,Chennai,DGP Office,33.2,12-08-2014
9534,Chennai,Pachaiyappa college,31,12-08-2014
9535,Chennai,Ambathur,26,12-08-2014
9536,Chennai,Chennai AP,22.2,12-08-2014
9537,Chennai,Chennai nungambakkam,19.8,12-08-2014
9538,Chennai,Ambathur,20,13-08-2014
9539,Chennai,DGP Office,11.8,13-08-2014
9540,Chennai,Pachaiyappa college,10.9,13-08-2014
9541,Chennai,Anna university,10.8,13-08-2014
9542,Chennai,Chennai nungambakkam,5.9,13-08-2014
9543,Chennai,Chennai AP,5.7,13-08-2014
9544,Chennai,Chennai nungambakkam,2.6,15-08-2014
9545,Chennai,DGP Office,2.4,15-08-2014
9546,Chennai,Pachaiyappa college,1.7,15-08-2014
9547,Chennai,Chennai AP,0.1,15-08-2014
9548,Chennai,Chennai AP,0.2,19-08-2014
9549,Chennai,DGP Office,98.6,25-08-2014
9550,Chennai,Pachaiyappa college,97.3,25-08-2014
9551,Chennai,Anna university,89.6,25-08-2014
9552,Chennai,Chennai nungambakkam,89.3,25-08-2014
9553,Chennai,Chennai AP,85.2,25-08-2014
9554,Chennai,Ambathur,15,25-08-2014
9555,Chennai,Chennai nungambakkam,5.4,27-08-2014
9556,Chennai,Anna university,3.2,27-08-2014
9557,Chennai,Chennai AP,0.2,27-08-2014
9558,Chennai,Chennai nungambakkam,0.4,30-08-2014
9559,Chennai,Chennai AP,59.2,04-09-2014
9560,Chennai,Anna university,43.6,04-09-2014
9561,Chennai,Ambathur,35,04-09-2014
9562,Chennai,Chennai nungambakkam,26.9,04-09-2014
9563,Chennai,DGP Office,23.2,04-09-2014
9564,Chennai,Pachaiyappa college,22.6,04-09-2014
9565,Chennai,Chennai nungambakkam,0.1,05-09-2014
9566,Chennai,Ambathur,33,06-09-2014
9567,Chennai,Chennai nungambakkam,33,06-09-2014
9568,Chennai,DGP Office,22.4,06-09-2014
9569,Chennai,Pachaiyappa college,21.6,06-09-2014
9570,Chennai,Anna university,16.1,06-09-2014
9571,Chennai,Chennai AP,15.8,06-09-2014
9572,Chennai,Pachaiyappa college,4.9,07-09-2014
9573,Chennai,DGP Office,4.2,07-09-2014
9574,Chennai,Chennai nungambakkam,2.8,07-09-2014
9575,Chennai,Anna university,1.3,07-09-2014
9576,Chennai,Chennai AP,0.1,07-09-2014
9577,Chennai,DGP Office,24.8,08-09-2014
9578,Chennai,Pachaiyappa college,23.4,08-09-2014
9579,Chennai,Chennai nungambakkam,8.1,08-09-2014
9580,Chennai,Anna university,4.2,08-09-2014
9581,Chennai,Chennai AP,3.7,08-09-2014
9582,Chennai,Chennai AP,0.1,09-09-2014
9583,Chennai,Chennai nungambakkam,1.2,12-09-2014
9584,Chennai,Anna university,0.2,12-09-2014
9585,Chennai,Ambathur,5,13-09-2014
9586,Chennai,Anna university,5,13-09-2014
9587,Chennai,DGP Office,3.6,13-09-2014
9588,Chennai,Pachaiyappa college,3.1,13-09-2014
9589,Chennai,Chennai nungambakkam,2.2,13-09-2014
9590,Chennai,Chennai AP,0.6,13-09-2014
9591,Chennai,Chennai nungambakkam,0.3,14-09-2014
9592,Chennai,Chennai AP,0.2,14-09-2014
9593,Chennai,Chennai nungambakkam,14.1,15-09-2014
9594,Chennai,DGP Office,10.2,15-09-2014
9595,Chennai,Anna university,7.6,15-09-2014
9596,Chennai,Pachaiyappa college,4.7,15-09-2014
9597,Chennai,Chennai AP,3,15-09-2014
9598,Chennai,Ambathur,2,15-09-2014
9599,Chennai,Anna university,26.2,16-09-2014
9600,Chennai,Ambathur,26,16-09-2014
9601,Chennai,Chennai AP,24.8,16-09-2014
9602,Chennai,Pachaiyappa college,23.9,16-09-2014
9603,Chennai,DGP Office,23.2,16-09-2014
9604,Chennai,Chennai nungambakkam,21.4,16-09-2014
9605,Chennai,Anna university,6.6,17-09-2014
9606,Chennai,Chennai AP,1.3,17-09-2014
9607,Chennai,Chennai nungambakkam,0.7,17-09-2014
9608,Chennai,Chennai AP,4.5,18-09-2014
9609,Chennai,Anna university,3.6,18-09-2014
9610,Chennai,Ambathur,3,18-09-2014
9611,Chennai,Pachaiyappa college,2.9,18-09-2014
9612,Chennai,Chennai nungambakkam,2.5,18-09-2014
9613,Chennai,DGP Office,2.4,18-09-2014
9614,Chennai,Chennai AP,0.8,19-09-2014
9615,Chennai,Anna university,0.2,19-09-2014
9616,Chennai,Chennai nungambakkam,0.2,20-09-2014
9617,Chennai,Chennai AP,31.2,22-09-2014
9618,Chennai,Anna university,23.6,22-09-2014
9619,Chennai,Ambathur,18,22-09-2014
9620,Chennai,Chennai nungambakkam,13.1,22-09-2014
9621,Chennai,DGP Office,8.6,22-09-2014
9622,Chennai,Pachaiyappa college,8.3,22-09-2014
9623,Chennai,Chennai AP,1.1,25-09-2014
9624,Chennai,Ambathur,2,27-09-2014
9625,Chennai,DGP Office,15.4,28-09-2014
9626,Chennai,Pachaiyappa college,14.8,28-09-2014
9627,Chennai,Anna university,5.6,28-09-2014
9628,Chennai,Chennai AP,4.4,28-09-2014
9629,Chennai,Chennai nungambakkam,3.5,28-09-2014
9630,Chennai,Ambathur,4,29-09-2014
9631,Chennai,Chennai nungambakkam,0.5,29-09-2014
9632,Chennai,Chennai AP,0.5,29-09-2014
9633,Chennai,Anna university,1.8,30-09-2014
9634,Chennai,Chennai AP,14.8,08-10-2014
9635,Chennai,DGP Office,7.2,08-10-2014
9636,Chennai,Pachaiyappa college,6.7,08-10-2014
9637,Chennai,Chennai nungambakkam,4.8,08-10-2014
9638,Chennai,Chennai nungambakkam,18.6,10-10-2014
9639,Chennai,Chennai AP,4.4,10-10-2014
9640,Chennai,DGP Office,15.8,16-10-2014
9641,Chennai,Pachaiyappa college,10.1,16-10-2014
9642,Chennai,Chennai AP,1.7,16-10-2014
9643,Chennai,Chennai nungambakkam,0.5,16-10-2014
9644,Chennai,Chennai AP,3.4,17-10-2014
9645,Chennai,DGP Office,2.4,17-10-2014
9646,Chennai,Pachaiyappa college,1.9,17-10-2014
9647,Chennai,Chennai nungambakkam,0.2,17-10-2014
9648,Chennai,Anna university,0.1,17-10-2014
9649,Chennai,DGP Office,180.6,18-10-2014
9650,Chennai,Pachaiyappa college,180.1,18-10-2014
9651,Chennai,Chennai nungambakkam,161.9,18-10-2014
9652,Chennai,Chennai AP,115.3,18-10-2014
9653,Chennai,Anna university,71.2,18-10-2014
9654,Chennai,Ambathur,14,18-10-2014
9655,Chennai,Anna university,93.4,19-10-2014
9656,Chennai,Chennai AP,74.8,19-10-2014
9657,Chennai,DGP Office,62.6,19-10-2014
9658,Chennai,Pachaiyappa college,62.1,19-10-2014
9659,Chennai,Chennai nungambakkam,52,19-10-2014
9660,Chennai,Ambathur,18,19-10-2014
9661,Chennai,DGP Office,46.8,20-10-2014
9662,Chennai,Chennai nungambakkam,42.1,20-10-2014
9663,Chennai,Pachaiyappa college,41.8,20-10-2014
9664,Chennai,Chennai AP,33.2,20-10-2014
9665,Chennai,Anna university,30.8,20-10-2014
9666,Chennai,Ambathur,28,20-10-2014
9667,Chennai,DGP Office,54.8,21-10-2014
9668,Chennai,Pachaiyappa college,54.3,21-10-2014
9669,Chennai,Chennai nungambakkam,32.9,21-10-2014
9670,Chennai,Anna university,27.4,21-10-2014
9671,Chennai,Chennai AP,24,21-10-2014
9672,Chennai,Ambathur,6,22-10-2014
9673,Chennai,Chennai nungambakkam,0.1,22-10-2014
9674,Chennai,Ambathur,13,23-10-2014
9675,Chennai,DGP Office,5.4,23-10-2014
9676,Chennai,Chennai nungambakkam,5.4,23-10-2014
9677,Chennai,Pachaiyappa college,4.9,23-10-2014
9678,Chennai,Chennai AP,3.8,23-10-2014
9679,Chennai,Anna university,2,23-10-2014
9680,Chennai,Chennai AP,85.8,24-10-2014
9681,Chennai,Chennai nungambakkam,78.1,24-10-2014
9682,Chennai,Anna university,71.2,24-10-2014
9683,Chennai,DGP Office,71.2,24-10-2014
9684,Chennai,Pachaiyappa college,70.7,24-10-2014
9685,Chennai,Ambathur,58,24-10-2014
9686,Chennai,Ambathur,9,25-10-2014
9687,Chennai,DGP Office,5.2,25-10-2014
9688,Chennai,Pachaiyappa college,4.7,25-10-2014
9689,Chennai,Anna university,1,25-10-2014
9690,Chennai,Chennai nungambakkam,0.8,25-10-2014
9691,Chennai,Chennai AP,0.3,25-10-2014
9692,Chennai,Anna university,11.8,26-10-2014
9693,Chennai,Chennai nungambakkam,6.8,26-10-2014
9694,Chennai,DGP Office,5.4,26-10-2014
9695,Chennai,Pachaiyappa college,4.9,26-10-2014
9696,Chennai,Chennai AP,0.8,26-10-2014
9697,Chennai,Chennai AP,5.3,27-10-2014
9698,Chennai,DGP Office,2.4,27-10-2014
9699,Chennai,Pachaiyappa college,1.9,27-10-2014
9700,Chennai,Anna university,1,27-10-2014
9701,Chennai,DGP Office,20.4,28-10-2014
9702,Chennai,Pachaiyappa college,19.9,28-10-2014
9703,Chennai,Chennai nungambakkam,1.3,28-10-2014
9704,Chennai,DGP Office,36.4,01-11-2014
9705,Chennai,Pachaiyappa college,35.9,01-11-2014
9706,Chennai,Chennai nungambakkam,32.8,01-11-2014
9707,Chennai,Ambathur,30,01-11-2014
9708,Chennai,Anna university,28.6,01-11-2014
9709,Chennai,Chennai AP,26.6,01-11-2014
9710,Chennai,Chennai AP,19.8,02-11-2014
9711,Chennai,Chennai nungambakkam,18.7,02-11-2014
9712,Chennai,DGP Office,13.4,02-11-2014
9713,Chennai,Ambathur,13,02-11-2014
9714,Chennai,Pachaiyappa college,12.9,02-11-2014
9715,Chennai,Anna university,12.6,02-11-2014
9716,Chennai,Chennai nungambakkam,24.6,03-11-2014
9717,Chennai,DGP Office,13.4,03-11-2014
9718,Chennai,Pachaiyappa college,12.9,03-11-2014
9719,Chennai,Ambathur,11,03-11-2014
9720,Chennai,Anna university,10.2,03-11-2014
9721,Chennai,Chennai AP,9.1,03-11-2014
9722,Chennai,DGP Office,2.4,04-11-2014
9723,Chennai,Pachaiyappa college,1.9,04-11-2014
9724,Chennai,Chennai nungambakkam,0.1,04-11-2014
9725,Chennai,Chennai nungambakkam,2.2,09-11-2014
9726,Chennai,Chennai AP,0.5,09-11-2014
9727,Chennai,Ambathur,30,12-11-2014
9728,Chennai,Chennai AP,25.9,12-11-2014
9729,Chennai,Anna university,21.6,12-11-2014
9730,Chennai,DGP Office,18,12-11-2014
9731,Chennai,Pachaiyappa college,17.5,12-11-2014
9732,Chennai,Chennai nungambakkam,13,12-11-2014
9733,Chennai,Chennai nungambakkam,80.2,13-11-2014
9734,Chennai,Ambathur,80,13-11-2014
9735,Chennai,Anna university,77.2,13-11-2014
9736,Chennai,Chennai AP,77.1,13-11-2014
9737,Chennai,DGP Office,60.4,13-11-2014
9738,Chennai,Pachaiyappa college,59.9,13-11-2014
9739,Chennai,Anna university,22.6,14-11-2014
9740,Chennai,Ambathur,22,14-11-2014
9741,Chennai,Chennai AP,20.4,14-11-2014
9742,Chennai,DGP Office,18.4,14-11-2014
9743,Chennai,Pachaiyappa college,17.9,14-11-2014
9744,Chennai,Chennai nungambakkam,16,14-11-2014
9745,Chennai,DGP Office,10.4,15-11-2014
9746,Chennai,Pachaiyappa college,9.9,15-11-2014
9747,Chennai,Chennai nungambakkam,8.9,15-11-2014
9748,Chennai,Anna university,6.8,15-11-2014
9749,Chennai,Chennai AP,5.6,15-11-2014
9750,Chennai,Anna university,0.8,16-11-2014
9751,Chennai,Chennai AP,2.6,01-12-2014
9752,Chennai,Chennai nungambakkam,1.6,01-12-2014
9753,Chennai,Anna university,1.2,01-12-2014
9754,Chennai,DGP Office,12.6,10-12-2014
9755,Chennai,Pachaiyappa college,12.1,10-12-2014
9756,Chennai,Chennai nungambakkam,11.1,10-12-2014
9757,Chennai,Chennai AP,4.1,10-12-2014
9758,Chennai,Ambathur,2,10-12-2014
9759,Chennai,Anna university,1,10-12-2014
9760,Chennai,Chennai AP,35.4,11-12-2014
9761,Chennai,DGP Office,24.6,11-12-2014
9762,Chennai,Pachaiyappa college,24.1,11-12-2014
9763,Chennai,Anna university,19.2,11-12-2014
9764,Chennai,Ambathur,19,11-12-2014
9765,Chennai,Chennai nungambakkam,14.4,11-12-2014
9766,Chennai,Ambathur,26,12-12-2014
9767,Chennai,Chennai AP,21.7,12-12-2014
9768,Chennai,Anna university,13.2,12-12-2014
9769,Chennai,Chennai nungambakkam,11.8,12-12-2014
9770,Chennai,DGP Office,3.8,12-12-2014
9771,Chennai,Pachaiyappa college,3.3,12-12-2014
9772,Chennai,Chennai AP,9.8,13-12-2014
9773,Chennai,Ambathur,3,13-12-2014
9774,Chennai,Chennai nungambakkam,1.9,13-12-2014
9775,Chennai,Anna university,1.6,13-12-2014
9776,Chennai,Ambathur,11,14-12-2014
9777,Chennai,Chennai AP,5.4,14-12-2014
9778,Chennai,Chennai nungambakkam,5.2,14-12-2014
9779,Chennai,Anna university,0.4,14-12-2014
9780,Chennai,DGP Office,11.6,16-12-2014
9781,Chennai,Pachaiyappa college,11.1,16-12-2014
9782,Chennai,Ambathur,7,16-12-2014
9783,Chennai,Anna university,2.4,16-12-2014
9784,Chennai,Chennai AP,0.5,16-12-2014
9785,Chennai,Chennai AP,0.7,22-12-2014
9786,Chennai,Chennai nungambakkam,0.5,22-12-2014
9787,Chennai,DGP Office,26.3,29-12-2014
9788,Chennai,Pachaiyappa college,25.8,29-12-2014
9789,Chennai,Chennai nungambakkam,16.5,29-12-2014
9790,Chennai,Anna university,15.6,29-12-2014
9791,Chennai,Chennai AP,14.3,29-12-2014
9792,Chennai,Ambathur,9,29-12-2014
9793,Chennai,DGP Office,92.4,30-12-2014
9794,Chennai,Pachaiyappa college,91.9,30-12-2014
9795,Chennai,Anna university,86.6,30-12-2014
9796,Chennai,Chennai nungambakkam,86.6,30-12-2014
9797,Chennai,Chennai AP,70.4,30-12-2014
9798,Chennai,Ambathur,65,30-12-2014
9799,Chennai,Ambathur,5,31-12-2014
9800,Chennai,Anna university,0.6,31-12-2014
9801,Chennai,Chennai nungambakkam,0.3,31-12-2014
9802,Chennai,DGP Office,4.6,01-01-2015
9803,Chennai,Pachaiyappa college,4.1,01-01-2015
9804,Chennai,Anna university,17.2,02-01-2015
9805,Chennai,DGP Office,2.4,02-01-2015
9806,Chennai,Chennai nungambakkam,2,02-01-2015
9807,Chennai,Pachaiyappa college,1.9,02-01-2015
9808,Chennai,Chennai AP,0.4,02-01-2015
9809,Chennai,Chennai AP,0.5,23-01-2015
9810,Chennai,Chennai AP,3.6,24-01-2015
9811,Chennai,Chennai nungambakkam,3.2,24-01-2015
9812,Chennai,DGP Office,4.6,25-01-2015
9813,Chennai,Pachaiyappa college,4.1,25-01-2015
9814,Chennai,Chennai AP,3.5,25-01-2015
9815,Chennai,Chennai nungambakkam,2.6,25-01-2015
9816,Chennai,Anna university,2.6,25-01-2015
9817,Chennai,DGP Office,1.2,13-04-2015
9818,Chennai,Pachaiyappa college,0.7,13-04-2015
9819,Chennai,Chennai AP,0.4,13-04-2015
9820,Chennai,Chennai nungambakkam,0.2,13-04-2015
9821,Chennai,DGP Office,1.2,14-04-2015
9822,Chennai,Chennai AP,0.7,14-04-2015
9823,Chennai,Pachaiyappa college,0.7,14-04-2015
9824,Chennai,Chennai nungambakkam,0.2,14-04-2015
9825,Chennai,Anna university,0.2,14-04-2015
9826,Chennai,Chennai AP,3.2,15-04-2015
9827,Chennai,Chennai nungambakkam,0.9,15-04-2015
9828,Chennai,Chennai AP,103.2,16-04-2015
9829,Chennai,Anna university,69.2,16-04-2015
9830,Chennai,DGP Office,27.4,16-04-2015
9831,Chennai,Pachaiyappa college,22.5,16-04-2015
9832,Chennai,Ambathur,10,16-04-2015
9833,Chennai,Chennai nungambakkam,2.6,16-04-2015
9834,Chennai,DGP Office,23.4,25-04-2015
9835,Chennai,Pachaiyappa college,18.4,25-04-2015
9836,Chennai,Chennai nungambakkam,8.4,25-04-2015
9837,Chennai,Chennai AP,6,25-04-2015
9838,Chennai,Anna university,5.2,25-04-2015
9839,Chennai,Ambathur,5,25-04-2015
9840,Chennai,DGP Office,4.6,26-04-2015
9841,Chennai,DGP Office,8.4,27-04-2015
9842,Chennai,Pachaiyappa college,3.4,27-04-2015
9843,Chennai,DGP Office,2.4,13-05-2015
9844,Chennai,Chennai nungambakkam,0.1,13-05-2015
9845,Chennai,Chennai AP,8.1,14-05-2015
9846,Chennai,DGP Office,4.6,14-05-2015
9847,Chennai,Anna university,4.6,14-05-2015
9848,Chennai,Chennai nungambakkam,3.9,14-05-2015
9849,Chennai,Ambathur,3,14-05-2015
9850,Chennai,Chennai AP,12,15-05-2015
9851,Chennai,Ambathur,4,15-05-2015
9852,Chennai,Chennai nungambakkam,3.9,15-05-2015
9853,Chennai,Chennai AP,4.6,16-05-2015
9854,Chennai,Chennai AP,4.8,17-05-2015
9855,Chennai,DGP Office,4.6,02-06-2015
9856,Chennai,Chennai nungambakkam,0.9,02-06-2015
9857,Chennai,Chennai AP,0.5,02-06-2015
9858,Chennai,Anna university,0.4,02-06-2015
9859,Chennai,DGP Office,2.4,03-06-2015
9860,Chennai,Chennai nungambakkam,1.2,03-06-2015
9861,Chennai,Anna university,0.8,03-06-2015
9862,Chennai,Chennai AP,0.6,03-06-2015
9863,Chennai,Ambathur,4,07-06-2015
9864,Chennai,Ambathur,6,10-06-2015
9865,Chennai,DGP Office,2.4,10-06-2015
9866,Chennai,Chennai nungambakkam,2,10-06-2015
9867,Chennai,Anna university,2,10-06-2015
9868,Chennai,Chennai AP,1,10-06-2015
9869,Chennai,Chennai AP,23.2,12-06-2015
9870,Chennai,Anna university,14,12-06-2015
9871,Chennai,Chennai nungambakkam,6,12-06-2015
9872,Chennai,Ambathur,4,12-06-2015
9873,Chennai,DGP Office,2.4,12-06-2015
9874,Chennai,Ambathur,2,13-06-2015
9875,Chennai,Chennai AP,4.2,15-06-2015
9876,Chennai,Ambathur,3,15-06-2015
9877,Chennai,DGP Office,6.8,17-06-2015
9878,Chennai,Ambathur,6,17-06-2015
9879,Chennai,Chennai AP,4.8,17-06-2015
9880,Chennai,Chennai nungambakkam,3.8,17-06-2015
9881,Chennai,Anna university,3.4,17-06-2015
9882,Chennai,Chennai nungambakkam,0.2,18-06-2015
9883,Chennai,Chennai AP,0.1,18-06-2015
9884,Chennai,DGP Office,2.4,19-06-2015
9885,Chennai,Chennai nungambakkam,1.2,19-06-2015
9886,Chennai,Chennai AP,1,19-06-2015
9887,Chennai,Anna university,0.4,19-06-2015
9888,Chennai,Chennai nungambakkam,0.4,20-06-2015
9889,Chennai,Chennai AP,0.1,20-06-2015
9890,Chennai,Ambathur,5,21-06-2015
9891,Chennai,DGP Office,2.4,21-06-2015
9892,Chennai,Chennai nungambakkam,1.9,21-06-2015
9893,Chennai,Chennai nungambakkam,1.2,24-06-2015
9894,Chennai,Chennai AP,0.8,24-06-2015
9895,Chennai,Chennai AP,0.5,26-06-2015
9896,Chennai,Chennai AP,14,28-06-2015
9897,Chennai,DGP Office,12.6,28-06-2015
9898,Chennai,Ambathur,6,28-06-2015
9899,Chennai,Anna university,5.4,28-06-2015
9900,Chennai,Chennai nungambakkam,1.5,28-06-2015
9901,Chennai,Chennai AP,0.8,29-06-2015
9902,Chennai,Ambathur,11,01-07-2015
9903,Chennai,DGP Office,8.6,01-07-2015
9904,Chennai,Chennai nungambakkam,1.8,01-07-2015
9905,Chennai,Chennai AP,1.7,01-07-2015
9906,Chennai,Anna university,0.4,01-07-2015
9907,Chennai,Ambathur,5,03-07-2015
9908,Chennai,Chennai nungambakkam,3.5,03-07-2015
9909,Chennai,DGP Office,3.4,03-07-2015
9910,Chennai,Chennai AP,2.4,03-07-2015
9911,Chennai,Anna university,0.2,03-07-2015
9912,Chennai,Anna university,4.6,10-07-2015
9913,Chennai,Chennai nungambakkam,3.7,10-07-2015
9914,Chennai,Chennai AP,3.3,10-07-2015
9915,Chennai,DGP Office,3.2,10-07-2015
9916,Chennai,Ambathur,2,10-07-2015
9917,Chennai,Chennai nungambakkam,27.1,11-07-2015
9918,Chennai,Ambathur,27,11-07-2015
9919,Chennai,DGP Office,25.4,11-07-2015
9920,Chennai,Anna university,10.6,11-07-2015
9921,Chennai,Chennai AP,7.9,11-07-2015
9922,Chennai,Chennai nungambakkam,0.5,12-07-2015
9923,Chennai,Chennai AP,0.1,12-07-2015
9924,Chennai,Ambathur,4,14-07-2015
9925,Chennai,Chennai AP,2.4,14-07-2015
9926,Chennai,Chennai nungambakkam,0.6,14-07-2015
9927,Chennai,Chennai nungambakkam,0.1,15-07-2015
9928,Chennai,Chennai nungambakkam,0.4,16-07-2015
9929,Chennai,DGP Office,30.4,18-07-2015
9930,Chennai,Chennai nungambakkam,28.2,18-07-2015
9931,Chennai,Anna university,23.4,18-07-2015
9932,Chennai,Chennai AP,14.4,18-07-2015
9933,Chennai,Ambathur,2,18-07-2015
9934,Chennai,Chennai AP,31.5,19-07-2015
9935,Chennai,Anna university,26,19-07-2015
9936,Chennai,DGP Office,15.8,19-07-2015
9937,Chennai,Chennai nungambakkam,13.3,19-07-2015
9938,Chennai,Ambathur,9,19-07-2015
9939,Chennai,Chennai nungambakkam,18.6,20-07-2015
9940,Chennai,Ambathur,13,20-07-2015
9941,Chennai,DGP Office,7.6,20-07-2015
9942,Chennai,Anna university,2.2,20-07-2015
9943,Chennai,Chennai AP,0.2,20-07-2015
9944,Chennai,Chennai AP,3,21-07-2015
9945,Chennai,Anna university,0.2,21-07-2015
9946,Chennai,Chennai AP,4.4,22-07-2015
9947,Chennai,Chennai nungambakkam,30.7,23-07-2015
9948,Chennai,Chennai AP,24.7,23-07-2015
9949,Chennai,DGP Office,13.4,23-07-2015
9950,Chennai,Ambathur,12,23-07-2015
9951,Chennai,Anna university,10.6,23-07-2015
9952,Chennai,Anna university,33.2,24-07-2015
9953,Chennai,Chennai AP,17.4,24-07-2015
9954,Chennai,DGP Office,14.4,24-07-2015
9955,Chennai,Chennai nungambakkam,14,24-07-2015
9956,Chennai,Ambathur,8,24-07-2015
9957,Chennai,Ambathur,7,25-07-2015
9958,Chennai,DGP Office,5.2,26-07-2015
9959,Chennai,Chennai nungambakkam,2,26-07-2015
9960,Chennai,Ambathur,2,26-07-2015
9961,Chennai,Anna university,0.6,26-07-2015
9962,Chennai,Ambathur,43,27-07-2015
9963,Chennai,Chennai nungambakkam,37.5,27-07-2015
9964,Chennai,DGP Office,21.2,27-07-2015
9965,Chennai,Anna university,17.2,27-07-2015
9966,Chennai,Chennai AP,6.3,27-07-2015
9967,Chennai,Ambathur,26,28-07-2015
9968,Chennai,Chennai nungambakkam,22.8,28-07-2015
9969,Chennai,DGP Office,10.2,28-07-2015
9970,Chennai,Anna university,2,28-07-2015
9971,Chennai,Chennai AP,1.2,28-07-2015
9972,Chennai,Chennai AP,13.8,29-07-2015
9973,Chennai,Ambathur,13,29-07-2015
9974,Chennai,Anna university,3,29-07-2015
9975,Chennai,DGP Office,1.2,29-07-2015
9976,Chennai,Chennai nungambakkam,1.1,29-07-2015
9977,Chennai,Chennai AP,56.4,01-08-2015
9978,Chennai,Anna university,37.2,01-08-2015
9979,Chennai,DGP Office,21.4,01-08-2015
9980,Chennai,Chennai nungambakkam,7.6,01-08-2015
9981,Chennai,Ambathur,2,01-08-2015
9982,Chennai,Chennai AP,9,02-08-2015
9983,Chennai,Anna university,3.2,02-08-2015
9984,Chennai,Chennai nungambakkam,2.8,02-08-2015
9985,Chennai,Ambathur,2,02-08-2015
9986,Chennai,DGP Office,1.8,02-08-2015
9987,Chennai,Chennai nungambakkam,1.2,03-08-2015
9988,Chennai,Chennai AP,0.4,03-08-2015
9989,Chennai,Anna university,0.4,03-08-2015
9990,Chennai,Chennai AP,61,05-08-2015
9991,Chennai,Anna university,60,05-08-2015
9992,Chennai,DGP Office,57.2,05-08-2015
9993,Chennai,Ambathur,37,05-08-2015
9994,Chennai,Chennai nungambakkam,30.8,05-08-2015
9995,Chennai,DGP Office,23.2,06-08-2015
9996,Chennai,Anna university,13,06-08-2015
9997,Chennai,Chennai nungambakkam,6.2,06-08-2015
9998,Chennai,Chennai AP,1.3,06-08-2015
9999,Chennai,Ambathur,1,06-08-2015
10000,Chennai,Chennai AP,0.4,07-08-2015
10001,Chennai,Chennai AP,5.6,08-08-2015
10002,Chennai,Anna university,6,09-08-2015
10003,Chennai,Anna university,2.6,11-08-2015
10004,Chennai,Chennai AP,1.3,11-08-2015
10005,Chennai,Chennai nungambakkam,0.3,11-08-2015
10006,Chennai,Anna university,3.4,12-08-2015
10007,Chennai,Chennai nungambakkam,1.5,12-08-2015
10008,Chennai,Chennai AP,0.1,13-08-2015
10009,Chennai,Anna university,13.8,16-08-2015
10010,Chennai,Chennai AP,5,16-08-2015
10011,Chennai,Chennai nungambakkam,0.5,16-08-2015
10012,Chennai,Chennai nungambakkam,0.9,17-08-2015
10013,Chennai,Anna university,0.2,17-08-2015
10014,Chennai,Anna university,143.4,21-08-2015
10015,Chennai,Ambathur,34,21-08-2015
10016,Chennai,Chennai AP,23.1,21-08-2015
10017,Chennai,Chennai nungambakkam,14.6,21-08-2015
10018,Chennai,DGP Office,4.6,21-08-2015
10019,Chennai,Ambathur,9,22-08-2015
10020,Chennai,Chennai nungambakkam,5.3,22-08-2015
10021,Chennai,Chennai AP,4.7,22-08-2015
10022,Chennai,Anna university,3,22-08-2015
10023,Chennai,Ambathur,18,23-08-2015
10024,Chennai,Chennai nungambakkam,3.4,23-08-2015
10025,Chennai,Anna university,2,23-08-2015
10026,Chennai,DGP Office,1.4,23-08-2015
10027,Chennai,Chennai AP,0.9,23-08-2015
10028,Chennai,DGP Office,2.6,27-08-2015
10029,Chennai,Anna university,2.4,27-08-2015
10030,Chennai,Chennai AP,0.9,27-08-2015
10031,Chennai,Chennai nungambakkam,0.9,27-08-2015
10032,Chennai,DGP Office,3.4,28-08-2015
10033,Chennai,Chennai nungambakkam,1.5,28-08-2015
10034,Chennai,Chennai AP,0.4,28-08-2015
10035,Chennai,Chennai AP,1.7,30-08-2015
10036,Chennai,Ambathur,46,31-08-2015
10037,Chennai,Chennai nungambakkam,28.6,31-08-2015
10038,Chennai,DGP Office,8.4,31-08-2015
10039,Chennai,Anna university,3.6,31-08-2015
10040,Chennai,Chennai AP,1,31-08-2015
10041,Chennai,Chennai AP,0.4,08-09-2015
10042,Chennai,Chennai nungambakkam,47.5,10-09-2015
10043,Chennai,Anna university,37.8,10-09-2015
10044,Chennai,Chennai AP,35.2,10-09-2015
10045,Chennai,DGP Office,29.4,10-09-2015
10046,Chennai,DGP Office,3.4,11-09-2015
10047,Chennai,Ambathur,1,11-09-2015
10048,Chennai,Chennai nungambakkam,0.8,11-09-2015
10049,Chennai,Chennai AP,0.2,11-09-2015
10050,Chennai,Chennai AP,0.5,12-09-2015
10051,Chennai,Anna university,0.2,12-09-2015
10052,Chennai,Chennai AP,0.1,14-09-2015
10053,Chennai,Chennai AP,4.9,18-09-2015
10054,Chennai,Chennai nungambakkam,0.2,18-09-2015
10055,Chennai,Ambathur,12,19-09-2015
10056,Chennai,DGP Office,4.6,19-09-2015
10057,Chennai,Chennai nungambakkam,4.3,19-09-2015
10058,Chennai,Anna university,4.2,19-09-2015
10059,Chennai,Chennai AP,0.9,19-09-2015
10060,Chennai,DGP Office,48.4,21-09-2015
10061,Chennai,Chennai AP,23.2,21-09-2015
10062,Chennai,Chennai nungambakkam,22.2,21-09-2015
10063,Chennai,Anna university,19,21-09-2015
10064,Chennai,Ambathur,10,21-09-2015
10065,Chennai,Ambathur,2,26-09-2015
10066,Chennai,Chennai AP,1,29-09-2015
10067,Chennai,Chennai AP,0.1,30-09-2015
10068,Chennai,Ambathur,5,01-10-2015
10069,Chennai,Chennai AP,1.5,01-10-2015
10070,Chennai,Chennai AP,0.4,02-10-2015
10071,Chennai,Ambathur,39,03-10-2015
10072,Chennai,DGP Office,29.4,03-10-2015
10073,Chennai,Chennai nungambakkam,27.4,03-10-2015
10074,Chennai,Chennai AP,26.7,03-10-2015
10075,Chennai,Anna university,23.2,03-10-2015
10076,Chennai,Chennai nungambakkam,0.2,04-10-2015
10077,Chennai,Chennai AP,15.9,05-10-2015
10078,Chennai,Ambathur,1,05-10-2015
10079,Chennai,Chennai nungambakkam,0.4,05-10-2015
10080,Chennai,Ambathur,13,06-10-2015
10081,Chennai,Chennai nungambakkam,9.3,06-10-2015
10082,Chennai,Anna university,22.4,08-10-2015
10083,Chennai,Chennai AP,17.5,08-10-2015
10084,Chennai,DGP Office,16.4,08-10-2015
10085,Chennai,Ambathur,16,08-10-2015
10086,Chennai,Chennai nungambakkam,8.2,08-10-2015
10087,Chennai,DGP Office,13.6,09-10-2015
10088,Chennai,Chennai nungambakkam,5.6,09-10-2015
10089,Chennai,Ambathur,1,09-10-2015
10090,Chennai,Chennai nungambakkam,19.5,10-10-2015
10091,Chennai,Ambathur,19,10-10-2015
10092,Chennai,DGP Office,10.2,10-10-2015
10093,Chennai,Anna university,3.2,10-10-2015
10094,Chennai,Chennai AP,1,10-10-2015
10095,Chennai,Ambathur,30,11-10-2015
10096,Chennai,Anna university,26.4,11-10-2015
10097,Chennai,DGP Office,23.4,11-10-2015
10098,Chennai,Chennai AP,20.5,11-10-2015
10099,Chennai,Chennai nungambakkam,13.4,11-10-2015
10100,Chennai,Chennai AP,2.9,19-10-2015
10101,Chennai,Anna university,0.2,19-10-2015
10102,Chennai,Chennai nungambakkam,22.5,24-10-2015
10103,Chennai,Anna university,11.4,24-10-2015
10104,Chennai,Chennai AP,6.5,24-10-2015
10105,Chennai,Ambathur,4,24-10-2015
10106,Chennai,Chennai nungambakkam,1.6,26-10-2015
10107,Chennai,Anna university,0.2,26-10-2015
10108,Chennai,Chennai nungambakkam,5.2,27-10-2015
10109,Chennai,Chennai AP,0.4,27-10-2015
10110,Chennai,Ambathur,18,28-10-2015
10111,Chennai,Chennai AP,13.8,28-10-2015
10112,Chennai,Anna university,1.4,28-10-2015
10113,Chennai,Chennai nungambakkam,0.4,28-10-2015
10114,Chennai,Chennai nungambakkam,16.4,29-10-2015
10115,Chennai,Chennai AP,14.2,29-10-2015
10116,Chennai,Ambathur,9,29-10-2015
10117,Chennai,Anna university,8.6,29-10-2015
10118,Chennai,DGP Office,5.4,29-10-2015
10119,Chennai,DGP Office,40.2,30-10-2015
10120,Chennai,Anna university,31.2,30-10-2015
10121,Chennai,Chennai nungambakkam,24.4,30-10-2015
10122,Chennai,Chennai AP,13.1,30-10-2015
10123,Chennai,Ambathur,7,30-10-2015
10124,Chennai,Chennai AP,23.9,31-10-2015
10125,Chennai,DGP Office,11.2,31-10-2015
10126,Chennai,Chennai nungambakkam,5.3,31-10-2015
10127,Chennai,Anna university,2.6,31-10-2015
10128,Chennai,Ambathur,2,31-10-2015
10129,Chennai,Chennai nungambakkam,51.8,01-11-2015
10130,Chennai,Anna university,47.8,01-11-2015
10131,Chennai,Ambathur,23,01-11-2015
10132,Chennai,DGP Office,18.8,01-11-2015
10133,Chennai,Chennai AP,10.2,01-11-2015
10134,Chennai,Anna university,58.6,02-11-2015
10135,Chennai,Chennai AP,55.7,02-11-2015
10136,Chennai,DGP Office,50.2,02-11-2015
10137,Chennai,Chennai nungambakkam,27.5,02-11-2015
10138,Chennai,Ambathur,18,02-11-2015
10139,Chennai,Ambathur,34,04-11-2015
10140,Chennai,Chennai nungambakkam,0.6,04-11-2015
10141,Chennai,Chennai AP,0.2,04-11-2015
10142,Chennai,Anna university,0.2,04-11-2015
10143,Chennai,Anna university,4.8,05-11-2015
10144,Chennai,Chennai AP,3.6,05-11-2015
10145,Chennai,Chennai nungambakkam,0.1,05-11-2015
10146,Chennai,DGP Office,31.4,06-11-2015
10147,Chennai,Chennai nungambakkam,5.9,06-11-2015
10148,Chennai,Anna university,0.08,06-11-2015
10149,Chennai,Chennai AP,0.07,06-11-2015
10150,Chennai,Chennai AP,6.5,07-11-2015
10151,Chennai,Anna university,2.6,07-11-2015
10152,Chennai,DGP Office,2.2,07-11-2015
10153,Chennai,Anna university,40.6,08-11-2015
10154,Chennai,Chennai AP,24.2,08-11-2015
10155,Chennai,Ambathur,17,08-11-2015
10156,Chennai,DGP Office,13.6,08-11-2015
10157,Chennai,Chennai nungambakkam,12.7,08-11-2015
10158,Chennai,Ambathur,203,09-11-2015
10159,Chennai,Anna university,159.8,09-11-2015
10160,Chennai,Chennai nungambakkam,136.7,09-11-2015
10161,Chennai,DGP Office,134.8,09-11-2015
10162,Chennai,Chennai AP,121.5,09-11-2015
10163,Chennai,Ambathur,102.5,10-11-2015
10164,Chennai,Chennai nungambakkam,66.1,10-11-2015
10165,Chennai,DGP Office,47.6,10-11-2015
10166,Chennai,Chennai AP,47.4,10-11-2015
10167,Chennai,Anna university,42.8,10-11-2015
10168,Chennai,Chennai AP,26.1,11-11-2015
10169,Chennai,Ambathur,14,11-11-2015
10170,Chennai,DGP Office,6.6,11-11-2015
10171,Chennai,Chennai nungambakkam,4.8,11-11-2015
10172,Chennai,Anna university,4.2,11-11-2015
10173,Chennai,Chennai AP,74,12-11-2015
10174,Chennai,Chennai nungambakkam,61,12-11-2015
10175,Chennai,Anna university,60.2,12-11-2015
10176,Chennai,Ambathur,60,12-11-2015
10177,Chennai,DGP Office,43.2,12-11-2015
10178,Chennai,Chennai nungambakkam,149.8,13-11-2015
10179,Chennai,DGP Office,142.1,13-11-2015
10180,Chennai,Anna university,135.2,13-11-2015
10181,Chennai,Ambathur,119,13-11-2015
10182,Chennai,Chennai AP,117.6,13-11-2015
10183,Chennai,Chennai AP,10.22,14-11-2015
10184,Chennai,Chennai nungambakkam,9,14-11-2015
10185,Chennai,Ambathur,6,14-11-2015
10186,Chennai,DGP Office,15.4,15-11-2015
10187,Chennai,Anna university,15.2,15-11-2015
10188,Chennai,Chennai AP,13.2,15-11-2015
10189,Chennai,Chennai nungambakkam,12.8,15-11-2015
10190,Chennai,Chennai AP,265.5,16-11-2015
10191,Chennai,Chennai nungambakkam,246.5,16-11-2015
10192,Chennai,Ambathur,246,16-11-2015
10193,Chennai,DGP Office,232.8,16-11-2015
10194,Chennai,Anna university,175.8,16-11-2015
10195,Chennai,Chennai AP,41.5,17-11-2015
10196,Chennai,Ambathur,35,17-11-2015
10197,Chennai,Chennai nungambakkam,14.6,17-11-2015
10198,Chennai,DGP Office,13.2,17-11-2015
10199,Chennai,Anna university,3.6,17-11-2015
10200,Chennai,DGP Office,17.6,19-11-2015
10201,Chennai,Chennai nungambakkam,6.8,19-11-2015
10202,Chennai,Chennai AP,3.1,19-11-2015
10203,Chennai,Ambathur,2,19-11-2015
10204,Chennai,Anna university,1.4,19-11-2015
10205,Chennai,DGP Office,39,20-11-2015
10206,Chennai,Ambathur,38,20-11-2015
10207,Chennai,Chennai AP,36.2,20-11-2015
10208,Chennai,Chennai nungambakkam,27.9,20-11-2015
10209,Chennai,Anna university,20.2,20-11-2015
10210,Chennai,Chennai nungambakkam,28.8,21-11-2015
10211,Chennai,Ambathur,26,21-11-2015
10212,Chennai,Chennai AP,14.6,21-11-2015
10213,Chennai,Anna university,13.4,21-11-2015
10214,Chennai,DGP Office,12.4,21-11-2015
10215,Chennai,Chennai nungambakkam,23,22-11-2015
10216,Chennai,Ambathur,17,22-11-2015
10217,Chennai,Chennai AP,13.3,22-11-2015
10218,Chennai,DGP Office,11.6,22-11-2015
10219,Chennai,Anna university,7.8,22-11-2015
10220,Chennai,Chennai AP,51.7,23-11-2015
10221,Chennai,Ambathur,41,23-11-2015
10222,Chennai,Chennai nungambakkam,35.8,23-11-2015
10223,Chennai,Anna university,28.8,23-11-2015
10224,Chennai,DGP Office,16.6,23-11-2015
10225,Chennai,Anna university,152.4,24-11-2015
10226,Chennai,Chennai AP,139.1,24-11-2015
10227,Chennai,Chennai nungambakkam,93,24-11-2015
10228,Chennai,DGP Office,90.2,24-11-2015
10229,Chennai,Ambathur,60,24-11-2015
10230,Chennai,Chennai AP,0.03,26-11-2015
10231,Chennai,DGP Office,0.01,26-11-2015
10232,Chennai,Chennai AP,5.8,29-11-2015
10233,Chennai,Anna university,2.6,29-11-2015
10234,Chennai,DGP Office,1.4,29-11-2015
10235,Chennai,Chennai nungambakkam,0.8,29-11-2015
10236,Chennai,Ambathur,0.5,29-11-2015
10237,Chennai,Chennai AP,27.1,30-11-2015
10238,Chennai,Anna university,26,30-11-2015
10239,Chennai,DGP Office,24.8,30-11-2015
10240,Chennai,Chennai nungambakkam,23.5,30-11-2015
10241,Chennai,Ambathur,21,30-11-2015
10242,Chennai,DGP Office,49.3,01-12-2015
10243,Chennai,Anna university,35.2,01-12-2015
10244,Chennai,Ambathur,35,01-12-2015
10245,Chennai,Chennai AP,31.1,01-12-2015
10246,Chennai,Chennai nungambakkam,20.2,01-12-2015
10247,Chennai,Chennai AP,340.8,02-12-2015
10248,Chennai,Ambathur,292,02-12-2015
10249,Chennai,Chennai nungambakkam,291.5,02-12-2015
10250,Chennai,DGP Office,272.8,02-12-2015
10251,Chennai,Anna university,221.6,02-12-2015
10252,Chennai,Chennai AP,27.7,03-12-2015
10253,Chennai,Anna university,21.2,03-12-2015
10254,Chennai,DGP Office,20.5,03-12-2015
10255,Chennai,Chennai nungambakkam,16,03-12-2015
10256,Chennai,DGP Office,26.5,04-12-2015
10257,Chennai,Chennai AP,12.6,04-12-2015
10258,Chennai,Anna university,12.5,04-12-2015
10259,Chennai,Ambathur,11,04-12-2015
10260,Chennai,Chennai nungambakkam,5,04-12-2015
10261,Chennai,DGP Office,53.9,05-12-2015
10262,Chennai,Chennai nungambakkam,45.9,05-12-2015
10263,Chennai,Chennai AP,35.1,05-12-2015
10264,Chennai,Anna university,32.4,05-12-2015
10265,Chennai,Ambathur,4,05-12-2015
10266,Chennai,Chennai AP,21,06-12-2015
10267,Chennai,Chennai nungambakkam,12.09,06-12-2015
10268,Chennai,Ambathur,9,06-12-2015
10269,Chennai,Anna university,8.06,06-12-2015
10270,Chennai,DGP Office,3.04,06-12-2015
10271,Chennai,Ambathur,40.5,07-12-2015
10272,Chennai,Anna university,29,07-12-2015
10273,Chennai,Chennai AP,26.8,07-12-2015
10274,Chennai,DGP Office,26.2,07-12-2015
10275,Chennai,Chennai nungambakkam,24.6,07-12-2015
10276,Chennai,Chennai AP,6.6,09-12-2015
10277,Chennai,Chennai nungambakkam,6.6,09-12-2015
10278,Chennai,Anna university,6.6,09-12-2015
10279,Chennai,DGP Office,6.4,09-12-2015
10280,Chennai,Ambathur,1,09-12-2015
10281,Chennai,Chennai AP,3.5,10-12-2015
10282,Chennai,Anna university,2.4,10-12-2015
10283,Chennai,DGP Office,1.9,10-12-2015
10284,Chennai,Chennai nungambakkam,1.7,10-12-2015
10285,Chennai,Anna university,0.4,27-12-2015
10286,Chennai,Chennai AP,1.6,23-01-2016
10287,Chennai,Chennai nungambakkam,1.2,23-01-2016
10288,Chennai,Anna university,1,23-01-2016
10289,Chennai,Anna university,89.6,17-05-2016
10290,Chennai,Chennai AP,64.4,17-05-2016
10291,Chennai,Chennai nungambakkam,59.6,17-05-2016
10292,Chennai,DGP Office,34.2,17-05-2016
10293,Chennai,Ambathur,26,17-05-2016
10294,Chennai,Ambathur,86,18-05-2016
10295,Chennai,Anna university,80.01,18-05-2016
10296,Chennai,Chennai AP,50.9,18-05-2016
10297,Chennai,Chennai nungambakkam,45.8,18-05-2016
10298,Chennai,DGP Office,32.4,18-05-2016
10299,Chennai,Ambathur,42.5,19-05-2016
10300,Chennai,Chennai nungambakkam,36.4,07-06-2016
10301,Chennai,Chennai AP,29.8,07-06-2016
10302,Chennai,Ambathur,28,07-06-2016
10303,Chennai,Anna university,18.4,07-06-2016
10304,Chennai,DGP Office,8.6,07-06-2016
10305,Chennai,Chennai nungambakkam,53.2,08-06-2016
10306,Chennai,DGP Office,34.4,08-06-2016
10307,Chennai,Ambathur,31,08-06-2016
10308,Chennai,Anna university,14.2,08-06-2016
10309,Chennai,Chennai AP,4.4,08-06-2016
10310,Chennai,DGP Office,21.2,09-06-2016
10311,Chennai,Anna university,12,09-06-2016
10312,Chennai,Chennai nungambakkam,6.9,09-06-2016
10313,Chennai,Chennai AP,6.8,09-06-2016
10314,Chennai,Ambathur,1,09-06-2016
10315,Chennai,Chennai AP,10.6,20-06-2016
10316,Chennai,Chennai nungambakkam,9.2,20-06-2016
10317,Chennai,Anna university,0.4,20-06-2016
10318,Chennai,DGP Office,5.02,22-06-2016
10319,Chennai,Anna university,3.02,22-06-2016
10320,Chennai,Chennai nungambakkam,3.01,22-06-2016
10321,Chennai,Ambathur,3,22-06-2016
10322,Chennai,Chennai AP,2.01,22-06-2016
10323,Chennai,Ambathur,10,23-06-2016
10324,Chennai,Anna university,1.02,25-06-2016
10325,Chennai,Chennai AP,0.6,25-06-2016
10326,Chennai,Chennai nungambakkam,0.4,25-06-2016
10327,Chennai,Chennai AP,6.2,26-06-2016
10328,Chennai,DGP Office,4.2,26-06-2016
10329,Chennai,Anna university,3.2,26-06-2016
10330,Chennai,Chennai nungambakkam,2.1,26-06-2016
10331,Chennai,Ambathur,1,26-06-2016
10332,Chennai,Anna university,23.02,27-06-2016
10333,Chennai,Chennai AP,17.02,27-06-2016
10334,Chennai,DGP Office,16.08,27-06-2016
10335,Chennai,Ambathur,12,27-06-2016
10336,Chennai,Chennai nungambakkam,10.08,27-06-2016
10337,Chennai,Ambathur,1,28-06-2016
10338,Chennai,Ambathur,37,29-06-2016
10339,Chennai,Chennai AP,28.08,29-06-2016
10340,Chennai,DGP Office,14.08,29-06-2016
10341,Chennai,Anna university,14.02,29-06-2016
10342,Chennai,Chennai nungambakkam,13.01,29-06-2016
10343,Chennai,Anna university,3.6,30-06-2016
10344,Chennai,Chennai nungambakkam,2.7,30-06-2016
10345,Chennai,DGP Office,2.4,30-06-2016
10346,Chennai,Chennai AP,2.3,30-06-2016
10347,Chennai,Ambathur,2,30-06-2016
10348,Chennai,Ambathur,7,03-07-2016
10349,Chennai,Chennai nungambakkam,21.9,07-07-2016
10350,Chennai,Chennai AP,17.8,07-07-2016
10351,Chennai,Anna university,15.2,07-07-2016
10352,Chennai,DGP Office,10.6,07-07-2016
10353,Chennai,Ambathur,5,07-07-2016
10354,Chennai,Anna university,10.4,08-07-2016
10355,Chennai,DGP Office,6.8,08-07-2016
10356,Chennai,Chennai nungambakkam,6.4,08-07-2016
10357,Chennai,Chennai AP,5.1,08-07-2016
10358,Chennai,Ambathur,2,08-07-2016
10359,Chennai,Chennai AP,35.6,18-07-2016
10360,Chennai,DGP Office,6.2,18-07-2016
10361,Chennai,Chennai nungambakkam,1.6,18-07-2016
10362,Chennai,Ambathur,1,18-07-2016
10363,Chennai,Chennai AP,7.6,19-07-2016
10364,Chennai,DGP Office,2.4,19-07-2016
10365,Chennai,Anna university,2.2,19-07-2016
10366,Chennai,Chennai nungambakkam,0.7,19-07-2016
10367,Chennai,DGP Office,10.08,20-07-2016
10368,Chennai,Anna university,10.02,20-07-2016
10369,Chennai,Chennai AP,7,20-07-2016
10370,Chennai,Chennai nungambakkam,3.07,20-07-2016
10371,Chennai,Ambathur,2,20-07-2016
10372,Chennai,DGP Office,15.6,21-07-2016
10373,Chennai,Chennai nungambakkam,0.8,21-07-2016
10374,Chennai,DGP Office,4.6,23-07-2016
10375,Chennai,Chennai nungambakkam,0.2,23-07-2016
10376,Chennai,Anna university,0.2,23-07-2016
10377,Chennai,Anna university,11.6,29-07-2016
10378,Chennai,DGP Office,5.6,29-07-2016
10379,Chennai,Chennai AP,1.6,29-07-2016
10380,Chennai,Ambathur,1,29-07-2016
10381,Chennai,DGP Office,10.4,31-07-2016
10382,Chennai,Chennai AP,4,31-07-2016
10383,Chennai,Chennai nungambakkam,1.7,31-07-2016
10384,Chennai,Anna university,1,31-07-2016
10385,Chennai,DGP Office,10.4,01-08-2016
10386,Chennai,Chennai AP,4,01-08-2016
10387,Chennai,Chennai nungambakkam,1.7,01-08-2016
10388,Chennai,DGP Office,8.6,02-08-2016
10389,Chennai,Chennai AP,5.4,02-08-2016
10390,Chennai,Ambathur,4,02-08-2016
10391,Chennai,Anna university,2.2,02-08-2016
10392,Chennai,Chennai nungambakkam,0.1,02-08-2016
10393,Chennai,DGP Office,6.08,08-08-2016
10394,Chennai,Ambathur,3,08-08-2016
10395,Chennai,Chennai nungambakkam,1.2,08-08-2016
10396,Chennai,Chennai AP,0.2,08-08-2016
10397,Chennai,Anna university,17.4,10-08-2016
10398,Chennai,DGP Office,15.6,10-08-2016
10399,Chennai,Chennai nungambakkam,9.8,10-08-2016
10400,Chennai,Chennai AP,5.2,10-08-2016
10401,Chennai,Chennai nungambakkam,3.2,11-08-2016
10402,Chennai,Chennai AP,0.5,11-08-2016
10403,Chennai,Chennai AP,3.5,14-08-2016
10404,Chennai,Chennai nungambakkam,0.2,14-08-2016
10405,Chennai,Ambathur,4,24-08-2016
10406,Chennai,Chennai AP,2,24-08-2016
10407,Chennai,Chennai nungambakkam,1.6,24-08-2016
10408,Chennai,Anna university,1.1,24-08-2016
10409,Chennai,DGP Office,4.06,25-08-2016
10410,Chennai,Anna university,0.2,25-08-2016
10411,Chennai,Ambathur,25,27-08-2016
10412,Chennai,Chennai AP,13.6,27-08-2016
10413,Chennai,DGP Office,8.06,27-08-2016
10414,Chennai,Chennai nungambakkam,6.4,27-08-2016
10415,Chennai,Anna university,3.8,27-08-2016
10416,Chennai,DGP Office,2.4,29-08-2016
10417,Chennai,Chennai AP,0.6,29-08-2016
10418,Chennai,Chennai nungambakkam,0.5,29-08-2016
10419,Chennai,Anna university,0.5,29-08-2016
10420,Chennai,Anna university,7,30-08-2016
10421,Chennai,DGP Office,6.8,30-08-2016
10422,Chennai,Anna university,27.4,31-08-2016
10423,Chennai,Chennai AP,26.7,31-08-2016
10424,Chennai,DGP Office,22.4,31-08-2016
10425,Chennai,Ambathur,16,31-08-2016
10426,Chennai,Chennai nungambakkam,10.2,31-08-2016
10427,Chennai,DGP Office,2.4,01-09-2016
10428,Chennai,Ambathur,74,02-09-2016
10429,Chennai,Chennai nungambakkam,72.6,02-09-2016
10430,Chennai,DGP Office,43.6,02-09-2016
10431,Chennai,Anna university,37.7,02-09-2016
10432,Chennai,Chennai AP,25.8,02-09-2016
10433,Chennai,Ambathur,3,03-09-2016
10434,Chennai,Chennai AP,33.6,04-09-2016
10435,Chennai,Anna university,7.3,04-09-2016
10436,Chennai,DGP Office,6.4,04-09-2016
10437,Chennai,Ambathur,4,04-09-2016
10438,Chennai,Chennai nungambakkam,3.3,04-09-2016
10439,Chennai,Ambathur,3,09-09-2016
10440,Chennai,Chennai nungambakkam,43.3,10-09-2016
10441,Chennai,Anna university,33.7,10-09-2016
10442,Chennai,DGP Office,30.2,10-09-2016
10443,Chennai,Chennai AP,4.5,10-09-2016
10444,Chennai,Ambathur,2,10-09-2016
10445,Chennai,Chennai nungambakkam,31.4,11-09-2016
10446,Chennai,Chennai AP,26.5,11-09-2016
10447,Chennai,Anna university,9.2,11-09-2016
10448,Chennai,DGP Office,4.2,11-09-2016
10449,Chennai,Chennai nungambakkam,0.2,13-09-2016
10450,Chennai,DGP Office,2.4,14-09-2016
10451,Chennai,Chennai AP,1.2,15-09-2016
10452,Chennai,Anna university,0.02,15-09-2016
10453,Chennai,Ambathur,59,16-09-2016
10454,Chennai,DGP Office,53.02,16-09-2016
10455,Chennai,Chennai nungambakkam,33,16-09-2016
10456,Chennai,Chennai AP,27.08,16-09-2016
10457,Chennai,Anna university,24.08,16-09-2016
10458,Chennai,Chennai nungambakkam,56.4,17-09-2016
10459,Chennai,Ambathur,51,17-09-2016
10460,Chennai,DGP Office,46.8,17-09-2016
10461,Chennai,Chennai AP,26.5,17-09-2016
10462,Chennai,Anna university,24.8,17-09-2016
10463,Chennai,Chennai nungambakkam,0.2,19-09-2016
10464,Chennai,Chennai AP,0.1,20-09-2016
10465,Chennai,Anna university,0.04,20-09-2016
10466,Chennai,Anna university,6.08,21-09-2016
10467,Chennai,Chennai AP,5.8,21-09-2016
10468,Chennai,DGP Office,4.6,21-09-2016
10469,Chennai,Ambathur,4,21-09-2016
10470,Chennai,Chennai nungambakkam,1.7,21-09-2016
10471,Chennai,Anna university,95.02,29-09-2016
10472,Chennai,DGP Office,93.4,29-09-2016
10473,Chennai,Chennai nungambakkam,82.1,29-09-2016
10474,Chennai,Chennai AP,77,29-09-2016
10475,Chennai,Ambathur,37,29-09-2016
10476,Chennai,Ambathur,4.5,30-09-2016
10477,Chennai,Chennai AP,0.6,30-09-2016
10478,Chennai,Chennai nungambakkam,10.2,01-10-2016
10479,Chennai,DGP Office,8.6,01-10-2016
10480,Chennai,Chennai nungambakkam,0.5,07-10-2016
10481,Chennai,Chennai nungambakkam,6.2,10-10-2016
10482,Chennai,Anna university,2.6,10-10-2016
10483,Chennai,DGP Office,2.4,10-10-2016
10484,Chennai,Chennai AP,1.8,10-10-2016
10485,Chennai,Chennai nungambakkam,2.03,12-10-2016
10486,Chennai,Chennai AP,0.4,12-10-2016
10487,Chennai,DGP Office,36.4,30-10-2016
10488,Chennai,Anna university,14.4,30-10-2016
10489,Chennai,Chennai nungambakkam,3.2,30-10-2016
10490,Chennai,Chennai AP,0.2,30-10-2016
10491,Chennai,DGP Office,4.6,31-10-2016
10492,Chennai,Chennai AP,3.5,31-10-2016
10493,Chennai,Anna university,2.4,31-10-2016
10494,Chennai,Ambathur,1,31-10-2016
10495,Chennai,Ambathur,13,01-11-2016
10496,Chennai,Chennai nungambakkam,7,01-11-2016
10497,Chennai,DGP Office,2.4,01-11-2016
10498,Chennai,Anna university,2.2,01-11-2016
10499,Chennai,Chennai AP,0.3,01-11-2016
10500,Chennai,DGP Office,14.6,02-11-2016
10501,Chennai,Ambathur,10,02-11-2016
10502,Chennai,Anna university,8.2,02-11-2016
10503,Chennai,Chennai AP,4.4,02-11-2016
10504,Chennai,Chennai nungambakkam,2,02-11-2016
10505,Chennai,DGP Office,24.2,03-11-2016
10506,Chennai,Anna university,23.2,03-11-2016
10507,Chennai,Chennai AP,15.7,03-11-2016
10508,Chennai,Chennai nungambakkam,14,03-11-2016
10509,Chennai,Ambathur,14,03-11-2016
10510,Chennai,DGP Office,15.8,04-11-2016
10511,Chennai,Anna university,4.4,04-11-2016
10512,Chennai,Chennai AP,2.4,04-11-2016
10513,Chennai,Chennai nungambakkam,2.4,04-11-2016
10514,Chennai,Anna university,24.6,08-11-2016
10515,Chennai,DGP Office,4.6,08-11-2016
10516,Chennai,Chennai nungambakkam,3.2,08-11-2016
10517,Chennai,Anna university,1.2,13-11-2016
10518,Chennai,Chennai AP,0.8,13-11-2016
10519,Chennai,Chennai nungambakkam,0.8,13-11-2016
10520,Chennai,Anna university,20.2,14-11-2016
10521,Chennai,Ambathur,3,14-11-2016
10522,Chennai,Chennai nungambakkam,17.9,16-11-2016
10523,Chennai,Chennai AP,0.6,16-11-2016
10524,Chennai,Chennai AP,5.6,17-11-2016
10525,Chennai,DGP Office,2.4,17-11-2016
10526,Chennai,Ambathur,1,17-11-2016
10527,Chennai,Anna university,43.6,02-12-2016
10528,Chennai,DGP Office,42.2,02-12-2016
10529,Chennai,Chennai nungambakkam,39.5,02-12-2016
10530,Chennai,Chennai AP,35.1,02-12-2016
10531,Chennai,Ambathur,21,02-12-2016
10532,Chennai,Chennai AP,61.7,03-12-2016
10533,Chennai,Anna university,54,03-12-2016
10534,Chennai,Ambathur,30,03-12-2016
10535,Chennai,Chennai nungambakkam,27.6,03-12-2016
10536,Chennai,DGP Office,17.2,03-12-2016
10537,Chennai,Chennai AP,30.3,04-12-2016
10538,Chennai,Anna university,7,04-12-2016
10539,Chennai,DGP Office,5.8,04-12-2016
10540,Chennai,Chennai nungambakkam,5.1,04-12-2016
10541,Chennai,Ambathur,2,04-12-2016
10542,Chennai,DGP Office,9.2,05-12-2016
10543,Chennai,Anna university,5.2,05-12-2016
10544,Chennai,Chennai nungambakkam,2.6,05-12-2016
10545,Chennai,Chennai AP,0.5,05-12-2016
10546,Chennai,Chennai AP,0.3,08-12-2016
10547,Chennai,Anna university,0.1,08-12-2016
10548,Chennai,DGP Office,51.4,12-12-2016
10549,Chennai,Anna university,47.4,12-12-2016
10550,Chennai,Chennai nungambakkam,32.6,12-12-2016
10551,Chennai,Chennai AP,32.4,12-12-2016
10552,Chennai,Ambathur,32,12-12-2016
10553,Chennai,Chennai AP,202.4,13-12-2016
10554,Chennai,Ambathur,132,13-12-2016
10555,Chennai,Chennai nungambakkam,119.1,13-12-2016
10556,Chennai,DGP Office,95.8,13-12-2016
10557,Chennai,Anna university,93.4,13-12-2016
10558,Chennai,Anna university,4.8,16-12-2016
10559,Chennai,DGP Office,4.2,16-12-2016
10560,Chennai,Chennai AP,1.7,16-12-2016
10561,Chennai,Chennai nungambakkam,4.6,27-01-2017
10562,Chennai,Chennai AP,4.4,27-01-2017
10563,Chennai,DGP Office,3.6,27-01-2017
10564,Chennai,Anna university,3.6,27-01-2017
10565,Chennai,Chennai AP,4.2,28-01-2017
10566,Chennai,Chennai nungambakkam,0.1,28-01-2017
10567,Chennai,Ambathur,8,12-05-2017
10568,Chennai,Chennai nungambakkam,2.9,30-05-2017
10569,Chennai,DGP Office,2.4,30-05-2017
10570,Chennai,Chennai nungambakkam,2.2,06-06-2017
10571,Chennai,Chennai AP,1.2,06-06-2017
10572,Chennai,Chennai AP,12.4,07-06-2017
10573,Chennai,Chennai nungambakkam,11.6,07-06-2017
10574,Chennai,Anna university,10.6,07-06-2017
10575,Chennai,DGP Office,9.2,07-06-2017
10576,Chennai,Chennai nungambakkam,0.8,11-06-2017
10577,Chennai,Chennai nungambakkam,0.6,15-06-2017
10578,Chennai,Chennai AP,0.5,15-06-2017
10579,Chennai,Ambathur,5,17-06-2017
10580,Chennai,DGP Office,4.2,17-06-2017
10581,Chennai,Anna university,3.2,17-06-2017
10582,Chennai,Chennai nungambakkam,2.6,17-06-2017
10583,Chennai,Chennai AP,0.04,17-06-2017
10584,Chennai,Ambathur,4,19-06-2017
10585,Chennai,Chennai nungambakkam,0.8,19-06-2017
10586,Chennai,Anna university,40,20-06-2017
10587,Chennai,Chennai AP,39,20-06-2017
10588,Chennai,Ambathur,33,20-06-2017
10589,Chennai,DGP Office,8.2,20-06-2017
10590,Chennai,Chennai nungambakkam,6.6,20-06-2017
10591,Chennai,Anna university,14.2,22-06-2017
10592,Chennai,Chennai AP,25.6,24-06-2017
10593,Chennai,Ambathur,15,24-06-2017
10594,Chennai,Chennai nungambakkam,14.6,24-06-2017
10595,Chennai,Anna university,10.4,24-06-2017
10596,Chennai,DGP Office,2.2,24-06-2017
10597,Chennai,Chennai AP,10.6,25-06-2017
10598,Chennai,DGP Office,4.2,25-06-2017
10599,Chennai,Anna university,4,25-06-2017
10600,Chennai,Chennai nungambakkam,0.3,25-06-2017
10601,Chennai,Chennai nungambakkam,0.4,26-06-2017
10602,Chennai,Anna university,14.2,04-07-2017
10603,Chennai,DGP Office,7.6,04-07-2017
10604,Chennai,Ambathur,5,04-07-2017
10605,Chennai,Chennai nungambakkam,2.9,04-07-2017
10606,Chennai,Chennai AP,1.7,04-07-2017
10607,Chennai,Chennai AP,47.3,07-07-2017
10608,Chennai,Anna university,16.8,07-07-2017
10609,Chennai,Ambathur,11,07-07-2017
10610,Chennai,DGP Office,9.6,07-07-2017
10611,Chennai,Chennai nungambakkam,2.6,07-07-2017
10612,Chennai,Chennai nungambakkam,7,08-07-2017
10613,Chennai,Chennai nungambakkam,84,10-07-2017
10614,Chennai,Ambathur,70,10-07-2017
10615,Chennai,Chennai AP,46.2,10-07-2017
10616,Chennai,DGP Office,29.4,10-07-2017
10617,Chennai,Anna university,24.8,10-07-2017
10618,Chennai,Chennai AP,54.4,12-07-2017
10619,Chennai,Ambathur,30,12-07-2017
10620,Chennai,Chennai nungambakkam,17.5,12-07-2017
10621,Chennai,DGP Office,12.4,12-07-2017
10622,Chennai,Anna university,4.2,12-07-2017
10623,Chennai,DGP Office,2.4,13-07-2017
10624,Chennai,Chennai nungambakkam,0.3,13-07-2017
10625,Chennai,Anna university,2.2,14-07-2017
10626,Chennai,Chennai nungambakkam,1,14-07-2017
10627,Chennai,Chennai AP,0.2,14-07-2017
10628,Chennai,Chennai AP,0.3,16-07-2017
10629,Chennai,Chennai nungambakkam,0.2,16-07-2017
10630,Chennai,Chennai nungambakkam,0.1,19-07-2017
10631,Chennai,Anna university,4.4,20-07-2017
10632,Chennai,Chennai nungambakkam,3.5,20-07-2017
10633,Chennai,DGP Office,2.4,20-07-2017
10634,Chennai,Chennai AP,2,20-07-2017
10635,Chennai,Chennai AP,36,27-07-2017
10636,Chennai,Anna university,10.2,27-07-2017
10637,Chennai,Chennai nungambakkam,3.3,27-07-2017
10638,Chennai,DGP Office,2.6,27-07-2017
10639,Chennai,Ambathur,1,27-07-2017
10640,Chennai,Ambathur,11,29-07-2017
10641,Chennai,Anna university,5,29-07-2017
10642,Chennai,Chennai AP,1.8,29-07-2017
10643,Chennai,Chennai nungambakkam,0.3,29-07-2017
10644,Chennai,Chennai AP,0.5,30-07-2017
10645,Chennai,Chennai AP,10.1,02-08-2017
10646,Chennai,Chennai nungambakkam,9.2,02-08-2017
10647,Chennai,DGP Office,6.4,02-08-2017
10648,Chennai,Anna university,5,02-08-2017
10649,Chennai,Chennai nungambakkam,14.8,03-08-2017
10650,Chennai,Chennai AP,8.2,03-08-2017
10651,Chennai,Anna university,7.2,03-08-2017
10652,Chennai,DGP Office,4.6,03-08-2017
10653,Chennai,DGP Office,15.8,05-08-2017
10654,Chennai,Anna university,2,05-08-2017
10655,Chennai,Chennai nungambakkam,1.9,05-08-2017
10656,Chennai,Chennai AP,0.7,05-08-2017
10657,Chennai,Chennai nungambakkam,34.4,06-08-2017
10658,Chennai,DGP Office,27.2,06-08-2017
10659,Chennai,Ambathur,19,06-08-2017
10660,Chennai,Chennai AP,4.4,06-08-2017
10661,Chennai,Anna university,1.2,06-08-2017
10662,Chennai,Chennai nungambakkam,53.3,07-08-2017
10663,Chennai,DGP Office,8.6,07-08-2017
10664,Chennai,DGP Office,20.8,08-08-2017
10665,Chennai,Chennai AP,5.8,08-08-2017
10666,Chennai,Ambathur,36,10-08-2017
10667,Chennai,DGP Office,22.4,10-08-2017
10668,Chennai,Chennai nungambakkam,4,10-08-2017
10669,Chennai,Chennai AP,3.4,10-08-2017
10670,Chennai,Anna university,1.8,10-08-2017
10671,Chennai,Ambathur,31,12-08-2017
10672,Chennai,Chennai AP,12.1,12-08-2017
10673,Chennai,Chennai nungambakkam,10.1,12-08-2017
10674,Chennai,DGP Office,5.2,12-08-2017
10675,Chennai,Anna university,5,12-08-2017
10676,Chennai,Ambathur,2,13-08-2017
10677,Chennai,Anna university,15,14-08-2017
10678,Chennai,Chennai nungambakkam,9.4,14-08-2017
10679,Chennai,Chennai AP,5.4,14-08-2017
10680,Chennai,DGP Office,3.4,14-08-2017
10681,Chennai,Chennai AP,0.3,15-08-2017
10682,Chennai,Chennai AP,5.8,16-08-2017
10683,Chennai,DGP Office,82.6,17-08-2017
10684,Chennai,Chennai nungambakkam,26.8,17-08-2017
10685,Chennai,Ambathur,20,17-08-2017
10686,Chennai,Chennai AP,18.9,17-08-2017
10687,Chennai,Anna university,2,17-08-2017
10688,Chennai,Ambathur,71,18-08-2017
10689,Chennai,Chennai nungambakkam,61.1,18-08-2017
10690,Chennai,Chennai AP,60.9,18-08-2017
10691,Chennai,DGP Office,55.4,18-08-2017
10692,Chennai,Anna university,40.6,18-08-2017
10693,Chennai,Ambathur,56,19-08-2017
10694,Chennai,Chennai nungambakkam,17.2,19-08-2017
10695,Chennai,DGP Office,7.6,19-08-2017
10696,Chennai,Anna university,6.4,19-08-2017
10697,Chennai,Chennai AP,4,19-08-2017
10698,Chennai,Ambathur,5,20-08-2017
10699,Chennai,DGP Office,4.8,20-08-2017
10700,Chennai,Chennai nungambakkam,2.1,20-08-2017
10701,Chennai,Anna university,1,20-08-2017
10702,Chennai,Chennai AP,0.6,20-08-2017
10703,Chennai,Chennai nungambakkam,5.2,21-08-2017
10704,Chennai,Ambathur,3,21-08-2017
10705,Chennai,Chennai AP,15,22-08-2017
10706,Chennai,Anna university,1,22-08-2017
10707,Chennai,Chennai nungambakkam,0.2,22-08-2017
10708,Chennai,DGP Office,18.6,24-08-2017
10709,Chennai,Anna university,7.2,24-08-2017
10710,Chennai,Chennai AP,6.2,24-08-2017
10711,Chennai,DGP Office,22.4,25-08-2017
10712,Chennai,Ambathur,6,25-08-2017
10713,Chennai,Anna university,5.2,25-08-2017
10714,Chennai,Chennai nungambakkam,4.4,25-08-2017
10715,Chennai,Chennai AP,4.1,25-08-2017
10716,Chennai,Anna university,10,26-08-2017
10717,Chennai,DGP Office,2.4,26-08-2017
10718,Chennai,Chennai AP,0.2,26-08-2017
10719,Chennai,Chennai nungambakkam,0.1,26-08-2017
10720,Chennai,Chennai nungambakkam,18.9,27-08-2017
10721,Chennai,Anna university,14.2,27-08-2017
10722,Chennai,Chennai AP,12.4,27-08-2017
10723,Chennai,Ambathur,11,27-08-2017
10724,Chennai,DGP Office,8.2,27-08-2017
10725,Chennai,Chennai AP,4.9,28-08-2017
10726,Chennai,DGP Office,2.4,28-08-2017
10727,Chennai,Ambathur,1,28-08-2017
10728,Chennai,Chennai nungambakkam,0.5,28-08-2017
10729,Chennai,Anna university,0.2,28-08-2017
10730,Chennai,Ambathur,39,31-08-2017
10731,Chennai,Chennai nungambakkam,14.1,31-08-2017
10732,Chennai,Chennai AP,11.4,31-08-2017
10733,Chennai,DGP Office,4.8,31-08-2017
10734,Chennai,Anna university,1.2,31-08-2017
10735,Chennai,Chennai nungambakkam,1.1,01-09-2017
10736,Chennai,Anna university,0.4,01-09-2017
10737,Chennai,Chennai AP,0.3,01-09-2017
10738,Chennai,Chennai AP,12.2,02-09-2017
10739,Chennai,DGP Office,10.2,02-09-2017
10740,Chennai,Chennai nungambakkam,3.8,02-09-2017
10741,Chennai,Anna university,3,02-09-2017
10742,Chennai,Ambathur,23,03-09-2017
10743,Chennai,Chennai AP,46.8,07-09-2017
10744,Chennai,Anna university,11.8,07-09-2017
10745,Chennai,DGP Office,11.4,07-09-2017
10746,Chennai,Chennai nungambakkam,2.8,07-09-2017
10747,Chennai,Ambathur,13,09-09-2017
10748,Chennai,Anna university,4.8,09-09-2017
10749,Chennai,Chennai AP,3.4,09-09-2017
10750,Chennai,Anna university,0.4,11-09-2017
10751,Chennai,DGP Office,12.8,12-09-2017
10752,Chennai,Chennai nungambakkam,0.5,12-09-2017
10753,Chennai,Chennai AP,9,13-09-2017
10754,Chennai,Chennai nungambakkam,3.4,13-09-2017
10755,Chennai,Anna university,2.8,13-09-2017
10756,Chennai,Chennai AP,0.5,15-09-2017
10757,Chennai,Chennai AP,14.8,17-09-2017
10758,Chennai,Chennai nungambakkam,9.6,17-09-2017
10759,Chennai,Ambathur,6,17-09-2017
10760,Chennai,Anna university,5.8,17-09-2017
10761,Chennai,DGP Office,4.6,18-09-2017
10762,Chennai,Ambathur,1,18-09-2017
10763,Chennai,Chennai AP,0.8,18-09-2017
10764,Chennai,Chennai nungambakkam,0.2,18-09-2017
10765,Chennai,Chennai AP,25.8,19-09-2017
10766,Chennai,DGP Office,24.8,19-09-2017
10767,Chennai,Chennai nungambakkam,11,19-09-2017
10768,Chennai,Ambathur,10,19-09-2017
10769,Chennai,Anna university,9.8,19-09-2017
10770,Chennai,Chennai nungambakkam,0.3,22-09-2017
10771,Chennai,Chennai AP,1.4,24-09-2017
10772,Chennai,Chennai AP,23.3,25-09-2017
10773,Chennai,Anna university,22.4,25-09-2017
10774,Chennai,Chennai nungambakkam,15,25-09-2017
10775,Chennai,DGP Office,10.4,25-09-2017
10776,Chennai,DGP Office,4.6,26-09-2017
10777,Chennai,Chennai nungambakkam,2.9,26-09-2017
10778,Chennai,Anna university,1,26-09-2017
10779,Chennai,Chennai AP,0.1,27-09-2017
10780,Chennai,Chennai nungambakkam,0.1,27-09-2017
10781,Chennai,Chennai AP,0.2,28-09-2017
10782,Chennai,Ambathur,27,29-09-2017
10783,Chennai,Chennai nungambakkam,16.3,29-09-2017
10784,Chennai,DGP Office,8.6,29-09-2017
10785,Chennai,Anna university,1,29-09-2017
10786,Chennai,Chennai AP,0.7,29-09-2017
10787,Chennai,DGP Office,4.6,30-09-2017
10788,Chennai,Chennai nungambakkam,0.6,30-09-2017
10789,Chennai,Ambathur,72,01-10-2017
10790,Chennai,Chennai nungambakkam,47.8,01-10-2017
10791,Chennai,Anna university,24.8,01-10-2017
10792,Chennai,Chennai AP,24.6,01-10-2017
10793,Chennai,DGP Office,16.2,01-10-2017
10794,Chennai,Ambathur,22,02-10-2017
10795,Chennai,DGP Office,18.6,02-10-2017
10796,Chennai,Anna university,9.2,02-10-2017
10797,Chennai,Chennai AP,7.8,02-10-2017
10798,Chennai,Chennai nungambakkam,3.4,02-10-2017
10799,Chennai,Ambathur,45,04-10-2017
10800,Chennai,Chennai nungambakkam,43.2,04-10-2017
10801,Chennai,Chennai AP,40.6,04-10-2017
10802,Chennai,Anna university,18.2,04-10-2017
10803,Chennai,DGP Office,10.8,04-10-2017
10804,Chennai,DGP Office,18.6,05-10-2017
10805,Chennai,Chennai AP,4.3,05-10-2017
10806,Chennai,Chennai AP,23.2,06-10-2017
10807,Chennai,DGP Office,13.2,06-10-2017
10808,Chennai,Ambathur,2,06-10-2017
10809,Chennai,Anna university,1,06-10-2017
10810,Chennai,Chennai nungambakkam,0.2,06-10-2017
10811,Chennai,Ambathur,6,07-10-2017
10812,Chennai,Chennai AP,4.8,07-10-2017
10813,Chennai,DGP Office,2.4,07-10-2017
10814,Chennai,Chennai nungambakkam,0.1,09-10-2017
10815,Chennai,Chennai nungambakkam,7.1,10-10-2017
10816,Chennai,Anna university,0.4,10-10-2017
10817,Chennai,Chennai nungambakkam,2.7,11-10-2017
10818,Chennai,Chennai AP,1.8,11-10-2017
10819,Chennai,Chennai nungambakkam,2.2,12-10-2017
10820,Chennai,Anna university,2,12-10-2017
10821,Chennai,Chennai AP,0.9,12-10-2017
10822,Chennai,DGP Office,2.4,14-10-2017
10823,Chennai,Chennai AP,1,14-10-2017
10824,Chennai,Chennai nungambakkam,0.7,14-10-2017
10825,Chennai,Chennai AP,0.3,16-10-2017
10826,Chennai,Chennai nungambakkam,0.1,16-10-2017
10827,Chennai,Chennai nungambakkam,24.1,17-10-2017
10828,Chennai,Anna university,20.4,17-10-2017
10829,Chennai,DGP Office,16.6,17-10-2017
10830,Chennai,Ambathur,9,17-10-2017
10831,Chennai,Chennai AP,7.7,17-10-2017
10832,Chennai,Anna university,1,18-10-2017
10833,Chennai,Chennai nungambakkam,0.2,18-10-2017
10834,Chennai,Chennai AP,0.1,18-10-2017
10835,Chennai,Chennai nungambakkam,21.2,22-10-2017
10836,Chennai,DGP Office,22.2,23-10-2017
10837,Chennai,Chennai nungambakkam,21.2,23-10-2017
10838,Chennai,Anna university,7.8,23-10-2017
10839,Chennai,Chennai AP,8.5,26-10-2017
10840,Chennai,Anna university,5.2,26-10-2017
10841,Chennai,Gov hr sec school MGR Nagar,1.2,26-10-2017
10842,Chennai,Ambathur,20,27-10-2017
10843,Chennai,Anna university,9,27-10-2017
10844,Chennai,Gov hr sec school MGR Nagar,4,27-10-2017
10845,Chennai,Chennai AP,3.4,27-10-2017
10846,Chennai,CD Hospital Tondiarpet,0.4,27-10-2017
10847,Chennai,Chennai collectorate building,0.3,27-10-2017
10848,Chennai,Chennai nungambakkam,0.2,27-10-2017
10849,Chennai,DGP Office,6.8,28-10-2017
10850,Chennai,Anna university,3.8,28-10-2017
10851,Chennai,Perambur Corporation park,1.4,28-10-2017
10852,Chennai,Gov hr sec school MGR Nagar,1.2,28-10-2017
10853,Chennai,Chennai AP,1.1,28-10-2017
10854,Chennai,Chennai nungambakkam,1.1,28-10-2017
10855,Chennai,Ambathur,1,28-10-2017
10856,Chennai,CD Hospital Tondiarpet,0.6,28-10-2017
10857,Chennai,Chennai collectorate building,0.4,28-10-2017
10858,Chennai,Anna university,7,29-10-2017
10859,Chennai,DGP Office,4.8,29-10-2017
10860,Chennai,Gov hr sec school MGR Nagar,3.6,29-10-2017
10861,Chennai,Chennai AP,2.6,29-10-2017
10862,Chennai,Chennai nungambakkam,0.1,29-10-2017
10863,Chennai,Ayanavaram taluk office,22.2,30-10-2017
10864,Chennai,Gov hr sec school MGR Nagar,18.2,30-10-2017
10865,Chennai,CD Hospital Tondiarpet,17,30-10-2017
10866,Chennai,Chennai AP,15.3,30-10-2017
10867,Chennai,Anna university,14.2,30-10-2017
10868,Chennai,Perambur Corporation park,14,30-10-2017
10869,Chennai,Chennai collectorate building,12,30-10-2017
10870,Chennai,Chennai nungambakkam,9.4,30-10-2017
10871,Chennai,DGP Office,4.2,30-10-2017
10872,Chennai,Ambathur,4,30-10-2017
10873,Chennai,Perambur Corporation park,180,31-10-2017
10874,Chennai,Chennai AP,168.5,31-10-2017
10875,Chennai,Ambathur,161,31-10-2017
10876,Chennai,Ayanavaram taluk office,152,31-10-2017
10877,Chennai,Chennai collectorate building,150,31-10-2017
10878,Chennai,Anna university,142,31-10-2017
10879,Chennai,DGP Office,136.2,31-10-2017
10880,Chennai,CD Hospital Tondiarpet,116.2,31-10-2017
10881,Chennai,Chennai nungambakkam,115.8,31-10-2017
10882,Chennai,Gov hr sec school MGR Nagar,103.4,31-10-2017
10883,Chennai,Ambathur,86,01-11-2017
10884,Chennai,Gov hr sec school MGR Nagar,66.2,01-11-2017
10885,Chennai,DGP Office,65,01-11-2017
10886,Chennai,Perambur Corporation park,58.3,01-11-2017
10887,Chennai,Anna university,45.4,01-11-2017
10888,Chennai,Chennai nungambakkam,41.3,01-11-2017
10889,Chennai,Ayanavaram taluk office,39,01-11-2017
10890,Chennai,Chennai AP,28.8,01-11-2017
10891,Chennai,CD Hospital Tondiarpet,28.3,01-11-2017
10892,Chennai,Chennai collectorate building,28,01-11-2017
10893,Chennai,CD Hospital Tondiarpet,45.4,02-11-2017
10894,Chennai,Ayanavaram taluk office,44.6,02-11-2017
10895,Chennai,Perambur Corporation park,43,02-11-2017
10896,Chennai,DGP Office,42.4,02-11-2017
10897,Chennai,Chennai nungambakkam,40.8,02-11-2017
10898,Chennai,Chennai collectorate building,37.3,02-11-2017
10899,Chennai,Gov hr sec school MGR Nagar,34.7,02-11-2017
10900,Chennai,Ambathur,29,02-11-2017
10901,Chennai,Chennai AP,24.1,02-11-2017
10902,Chennai,Anna university,20.4,02-11-2017
10903,Chennai,Gov hr sec school MGR Nagar,311.8,03-11-2017
10904,Chennai,DGP Office,295.8,03-11-2017
10905,Chennai,Chennai collectorate building,198.5,03-11-2017
10906,Chennai,Chennai nungambakkam,178.7,03-11-2017
10907,Chennai,Chennai AP,138.8,03-11-2017
10908,Chennai,CD Hospital Tondiarpet,138.1,03-11-2017
10909,Chennai,Anna university,129.4,03-11-2017
10910,Chennai,Ayanavaram taluk office,120.3,03-11-2017
10911,Chennai,Perambur Corporation park,115,03-11-2017
10912,Chennai,Ambathur,72,03-11-2017
10913,Chennai,Gov hr sec school MGR Nagar,70.5,04-11-2017
10914,Chennai,Anna university,68.2,04-11-2017
10915,Chennai,Chennai nungambakkam,63.2,04-11-2017
10916,Chennai,Chennai AP,59.8,04-11-2017
10917,Chennai,Perambur Corporation park,57.3,04-11-2017
10918,Chennai,DGP Office,55.8,04-11-2017
10919,Chennai,Ayanavaram taluk office,54.2,04-11-2017
10920,Chennai,Chennai collectorate building,53.4,04-11-2017
10921,Chennai,CD Hospital Tondiarpet,47.2,04-11-2017
10922,Chennai,Ambathur,45,04-11-2017
10923,Chennai,Chennai AP,20.1,05-11-2017
10924,Chennai,CD Hospital Tondiarpet,19.4,05-11-2017
10925,Chennai,Anna university,19.2,05-11-2017
10926,Chennai,DGP Office,18.4,05-11-2017
10927,Chennai,Perambur Corporation park,15.5,05-11-2017
10928,Chennai,Ayanavaram taluk office,15.4,05-11-2017
10929,Chennai,Chennai collectorate building,11.4,05-11-2017
10930,Chennai,Gov hr sec school MGR Nagar,11.3,05-11-2017
10931,Chennai,Chennai nungambakkam,8.6,05-11-2017
10932,Chennai,Ambathur,4,05-11-2017
10933,Chennai,Perambur Corporation park,26.6,06-11-2017
10934,Chennai,Ayanavaram taluk office,22,06-11-2017
10935,Chennai,CD Hospital Tondiarpet,20.2,06-11-2017
10936,Chennai,Ambathur,18,06-11-2017
10937,Chennai,Chennai collectorate building,16,06-11-2017
10938,Chennai,Chennai AP,13.6,06-11-2017
10939,Chennai,DGP Office,12.8,06-11-2017
10940,Chennai,Gov hr sec school MGR Nagar,11.3,06-11-2017
10941,Chennai,Chennai nungambakkam,4.4,06-11-2017
10942,Chennai,Anna university,4,06-11-2017
10943,Chennai,Chennai collectorate building,35.9,07-11-2017
10944,Chennai,Perambur Corporation park,32.4,07-11-2017
10945,Chennai,Ayanavaram taluk office,31.5,07-11-2017
10946,Chennai,Ambathur,26,07-11-2017
10947,Chennai,CD Hospital Tondiarpet,24.4,07-11-2017
10948,Chennai,Anna university,23.8,07-11-2017
10949,Chennai,Gov hr sec school MGR Nagar,18,07-11-2017
10950,Chennai,DGP Office,16.2,07-11-2017
10951,Chennai,Chennai AP,8.4,07-11-2017
10952,Chennai,Chennai nungambakkam,5.5,07-11-2017
10953,Chennai,Perambur Corporation park,59.6,08-11-2017
10954,Chennai,CD Hospital Tondiarpet,46.2,08-11-2017
10955,Chennai,Chennai collectorate building,40.4,08-11-2017
10956,Chennai,DGP Office,32.4,08-11-2017
10957,Chennai,Ayanavaram taluk office,28.6,08-11-2017
10958,Chennai,Ambathur,26.5,08-11-2017
10959,Chennai,Anna university,25.2,08-11-2017
10960,Chennai,Chennai AP,21.3,08-11-2017
10961,Chennai,Chennai nungambakkam,20.2,08-11-2017
10962,Chennai,Gov hr sec school MGR Nagar,16.4,08-11-2017
10963,Chennai,Anna university,1,10-11-2017
10964,Chennai,Chennai nungambakkam,0.2,10-11-2017
10965,Chennai,Sholinganallur,27,11-11-2017
10966,Chennai,Chennai AP,5.3,11-11-2017
10967,Chennai,CD Hospital Tondiarpet,5.3,11-11-2017
10968,Chennai,DGP Office,4.2,11-11-2017
10969,Chennai,Perambur Corporation park,3.1,11-11-2017
10970,Chennai,Chennai collectorate building,2.4,11-11-2017
10971,Chennai,Chennai nungambakkam,1.8,11-11-2017
10972,Chennai,Anna university,1,11-11-2017
10973,Chennai,DGP Office,5.2,12-11-2017
10974,Chennai,Chennai collectorate building,4.6,12-11-2017
10975,Chennai,CD Hospital Tondiarpet,3,12-11-2017
10976,Chennai,Ayanavaram taluk office,3,12-11-2017
10977,Chennai,Gov hr sec school MGR Nagar,3,12-11-2017
10978,Chennai,Perambur Corporation park,2.2,12-11-2017
10979,Chennai,Anna university,1.6,12-11-2017
10980,Chennai,Chennai nungambakkam,1.2,12-11-2017
10981,Chennai,Chennai AP,0.4,12-11-2017
10982,Chennai,Chennai nungambakkam,65.2,13-11-2017
10983,Chennai,Ayanavaram taluk office,62,13-11-2017
10984,Chennai,CD Hospital Tondiarpet,57,13-11-2017
10985,Chennai,Chennai collectorate building,53,13-11-2017
10986,Chennai,Gov hr sec school MGR Nagar,52.4,13-11-2017
10987,Chennai,Perambur Corporation park,49.3,13-11-2017
10988,Chennai,DGP Office,42.2,13-11-2017
10989,Chennai,Anna university,40.8,13-11-2017
10990,Chennai,Chennai AP,24.6,13-11-2017
10991,Chennai,Ambathur,21,13-11-2017
10992,Chennai,Alandur,17,13-11-2017
10993,Chennai,Sholinganallur,10.5,13-11-2017
10994,Chennai,Perambur Corporation park,43.5,14-11-2017
10995,Chennai,Chennai collectorate building,33.5,14-11-2017
10996,Chennai,DGP Office,32.4,14-11-2017
10997,Chennai,CD Hospital Tondiarpet,32.4,14-11-2017
10998,Chennai,Ambathur,32,14-11-2017
10999,Chennai,Ayanavaram taluk office,31.2,14-11-2017
11000,Chennai,Chennai nungambakkam,25.7,14-11-2017
11001,Chennai,Gov hr sec school MGR Nagar,23.1,14-11-2017
11002,Chennai,Anna university,20.2,14-11-2017
11003,Chennai,Chennai AP,13.9,14-11-2017
11004,Chennai,Sholinganallur,7.4,14-11-2017
11005,Chennai,Alandur,5,14-11-2017
11006,Chennai,Ayanavaram taluk office,12.4,15-11-2017
11007,Chennai,Perambur Corporation park,11.1,15-11-2017
11008,Chennai,CD Hospital Tondiarpet,9.2,15-11-2017
11009,Chennai,Chennai collectorate building,9,15-11-2017
11010,Chennai,Ambathur,8,15-11-2017
11011,Chennai,Chennai nungambakkam,6.5,15-11-2017
11012,Chennai,Gov hr sec school MGR Nagar,6.2,15-11-2017
11013,Chennai,Anna university,5.4,15-11-2017
11014,Chennai,DGP Office,2.4,15-11-2017
11015,Chennai,Chennai AP,2.3,15-11-2017
11016,Chennai,Chennai nungambakkam,0.2,16-11-2017
11017,Chennai,Ayanavaram taluk office,4,20-11-2017
11018,Chennai,DGP Office,2.4,20-11-2017
11019,Chennai,Chennai AP,2,20-11-2017
11020,Chennai,Perambur Corporation park,1.1,20-11-2017
11021,Chennai,Chennai nungambakkam,0.2,20-11-2017
11022,Chennai,Ambathur,4,21-11-2017
11023,Chennai,DGP Office,2,21-11-2017
11024,Chennai,Chennai collectorate building,1.4,21-11-2017
11025,Chennai,Chennai nungambakkam,1.2,21-11-2017
11026,Chennai,Ayanavaram taluk office,0.2,21-11-2017
11027,Chennai,Chennai AP,1.5,22-11-2017
11028,Chennai,Anna university,0.4,22-11-2017
11029,Chennai,Chennai nungambakkam,0.1,22-11-2017
11030,Chennai,Chennai nungambakkam,1.1,26-11-2017
11031,Chennai,Chennai AP,1,26-11-2017
11032,Chennai,Chennai collectorate building,0.3,26-11-2017
11033,Chennai,Chennai AP,101.3,27-11-2017
11034,Chennai,Ayanavaram taluk office,91,27-11-2017
11035,Chennai,Chennai collectorate building,76,27-11-2017
11036,Chennai,Gov hr sec school MGR Nagar,70.1,27-11-2017
11037,Chennai,Perambur Corporation park,68.7,27-11-2017
11038,Chennai,Anna university,67.2,27-11-2017
11039,Chennai,Chennai nungambakkam,64,27-11-2017
11040,Chennai,CD Hospital Tondiarpet,57,27-11-2017
11041,Chennai,DGP Office,52.4,27-11-2017
11042,Chennai,Alandur,24,27-11-2017
11043,Chennai,Ambathur,10,27-11-2017
11044,Chennai,Sholinganallur,6,27-11-2017
11045,Chennai,Chennai nungambakkam,2.8,28-11-2017
11046,Chennai,Chennai AP,1.3,28-11-2017
11047,Chennai,Chennai collectorate building,1,28-11-2017
11048,Chennai,Anna university,0.4,28-11-2017
11049,Chennai,CD Hospital Tondiarpet,0.1,28-11-2017
11050,Chennai,Perambur Corporation park,0.1,28-11-2017
11051,Chennai,CD Hospital Tondiarpet,39,30-11-2017
11052,Chennai,Perambur Corporation park,35.6,30-11-2017
11053,Chennai,Chennai collectorate building,35,30-11-2017
11054,Chennai,Chennai nungambakkam,30,30-11-2017
11055,Chennai,Ayanavaram taluk office,27,30-11-2017
11056,Chennai,Gov hr sec school MGR Nagar,25.4,30-11-2017
11057,Chennai,Ambathur,25,30-11-2017
11058,Chennai,DGP Office,22.4,30-11-2017
11059,Chennai,Anna university,20.4,30-11-2017
11060,Chennai,Chennai AP,16,30-11-2017
11061,Chennai,Alandur,6.4,30-11-2017
11062,Chennai,Sholinganallur,4.3,30-11-2017
11063,Chennai,Anna university,78.9,01-12-2017
11064,Chennai,DGP Office,75.6,01-12-2017
11065,Chennai,Ambathur,66,01-12-2017
11066,Chennai,Gov hr sec school MGR Nagar,64.2,01-12-2017
11067,Chennai,Ayanavaram taluk office,55.9,01-12-2017
11068,Chennai,Chennai AP,52.6,01-12-2017
11069,Chennai,Chennai nungambakkam,52.5,01-12-2017
11070,Chennai,Perambur Corporation park,43.5,01-12-2017
11071,Chennai,CD Hospital Tondiarpet,43.4,01-12-2017
11072,Chennai,Chennai collectorate building,35,01-12-2017
11073,Chennai,Alandur,17,01-12-2017
11074,Chennai,Sholinganallur,2.6,01-12-2017
11075,Chennai,DGP Office,36.2,02-12-2017
11076,Chennai,Anna university,7.6,02-12-2017
11077,Chennai,Ambathur,6,02-12-2017
11078,Chennai,Ayanavaram taluk office,2,02-12-2017
11079,Chennai,Alandur,1.5,02-12-2017
11080,Chennai,Chennai collectorate building,0.5,02-12-2017
11081,Chennai,Chennai AP,0.4,02-12-2017
11082,Chennai,Sholinganallur,19,22-12-2017
11083,Chennai,Chennai nungambakkam,0.1,22-12-2017
11084,Chennai,Chennai nungambakkam,1.3,23-12-2017
11085,Chennai,Gov hr sec school MGR Nagar,1.1,23-12-2017
11086,Chennai,Chennai AP,0.5,23-12-2017
11087,Chennai,Chennai AP,0.1,10-01-2018
11088,Chennai,Sholinganallur,9.2,11-01-2018
11089,Chennai,Chennai AP,7.5,11-01-2018
11090,Chennai,Alandur,4,11-01-2018
11091,Chennai,DGP Office,3.2,11-01-2018
11092,Chennai,Chennai nungambakkam,1.7,11-01-2018
11093,Chennai,Anna university,0.6,11-01-2018
11094,Chennai,Gov hr sec school MGR Nagar,0.4,11-01-2018
11095,Chennai,Anna university,1.8,08-02-2018
11096,Chennai,Chennai AP,1.4,08-02-2018
11097,Chennai,Chennai nungambakkam,1,08-02-2018
11098,Chennai,DGP Office,5.2,17-03-2018
11099,Chennai,Sholinganallur,1,17-03-2018
11100,Chennai,Chennai nungambakkam,0.8,17-03-2018
11101,Chennai,Anna university,0.6,17-03-2018
11102,Chennai,CD Hospital Tondiarpet,0.3,17-03-2018
11103,Chennai,Gov hr sec school MGR Nagar,0.3,17-03-2018
11104,Chennai,Perambur Corporation park,0.2,17-03-2018
11105,Chennai,Ayanavaram taluk office,0.2,17-03-2018
11106,Chennai,Chennai AP,0.6,18-03-2018
11107,Chennai,Ambathur,11,04-06-2018
11108,Chennai,Sholinganallur,64.5,07-06-2018
11109,Chennai,Ambathur,36,07-06-2018
11110,Chennai,Chennai nungambakkam,35.3,07-06-2018
11111,Chennai,Chennai AP,29.7,07-06-2018
11112,Chennai,DGP Office,29.4,07-06-2018
11113,Chennai,Alandur,19,07-06-2018
11114,Chennai,Perambur Corporation park,13.3,07-06-2018
11115,Chennai,Chennai collectorate building,13,07-06-2018
11116,Chennai,CD Hospital Tondiarpet,10.2,07-06-2018
11117,Chennai,Ayanavaram taluk office,7.3,07-06-2018
11118,Chennai,Anna university,5.4,07-06-2018
11119,Chennai,Gov hr sec school MGR Nagar,5,07-06-2018
11120,Chennai,Chennai nungambakkam,22.8,16-06-2018
11121,Chennai,Sholinganallur,19.5,16-06-2018
11122,Chennai,Chennai AP,15.4,16-06-2018
11123,Chennai,DGP Office,12.4,16-06-2018
11124,Chennai,Alandur,10,16-06-2018
11125,Chennai,CD Hospital Tondiarpet,8.4,16-06-2018
11126,Chennai,Anna university,7.2,16-06-2018
11127,Chennai,Gov hr sec school MGR Nagar,7,16-06-2018
11128,Chennai,Ayanavaram taluk office,6.3,16-06-2018
11129,Chennai,Chennai collectorate building,4.7,16-06-2018
11130,Chennai,Ambathur,3.5,16-06-2018
11131,Chennai,Perambur Corporation park,0.2,16-06-2018
11132,Chennai,Ambathur,6,24-06-2018
11133,Chennai,DGP Office,2.4,24-06-2018
11134,Chennai,Chennai nungambakkam,1,24-06-2018
11135,Chennai,Ambathur,18,27-06-2018
11136,Chennai,Ayanavaram taluk office,8,27-06-2018
11137,Chennai,Perambur Corporation park,6.2,27-06-2018
11138,Chennai,DGP Office,5.6,27-06-2018
11139,Chennai,Sholinganallur,4,27-06-2018
11140,Chennai,Chennai AP,3.6,27-06-2018
11141,Chennai,Chennai nungambakkam,3.6,27-06-2018
11142,Chennai,Ambathur,80,03-07-2018
11143,Chennai,Gov hr sec school MGR Nagar,71,03-07-2018
11144,Chennai,Ayanavaram taluk office,66,03-07-2018
11145,Chennai,Anna university,64.8,03-07-2018
11146,Chennai,Perambur Corporation park,62.4,03-07-2018
11147,Chennai,Chennai nungambakkam,60.2,03-07-2018
11148,Chennai,Alandur,56,03-07-2018
11149,Chennai,Chennai AP,49.6,03-07-2018
11150,Chennai,DGP Office,43.4,03-07-2018
11151,Chennai,CD Hospital Tondiarpet,43.1,03-07-2018
11152,Chennai,Chennai collectorate building,42.7,03-07-2018
11153,Chennai,Sholinganallur,6,03-07-2018
11154,Chennai,Sholinganallur,2,04-07-2018
11155,Chennai,Ayanavaram taluk office,6.3,10-07-2018
11156,Chennai,DGP Office,5.4,10-07-2018
11157,Chennai,Perambur Corporation park,5.2,10-07-2018
11158,Chennai,Alandur,5,10-07-2018
11159,Chennai,Gov hr sec school MGR Nagar,4.6,10-07-2018
11160,Chennai,Chennai collectorate building,2.3,10-07-2018
11161,Chennai,Ambathur,2,10-07-2018
11162,Chennai,Chennai AP,1.8,10-07-2018
11163,Chennai,Chennai nungambakkam,0.1,10-07-2018
11164,Chennai,Chennai nungambakkam,10.6,11-07-2018
11165,Chennai,Gov hr sec school MGR Nagar,5.2,11-07-2018
11166,Chennai,Perambur Corporation park,5,11-07-2018
11167,Chennai,DGP Office,4.6,11-07-2018
11168,Chennai,Ayanavaram taluk office,4.6,11-07-2018
11169,Chennai,Chennai collectorate building,3.7,11-07-2018
11170,Chennai,Chennai AP,2.7,11-07-2018
11171,Chennai,Alandur,2,11-07-2018
11172,Chennai,Sholinganallur,2,11-07-2018
11173,Chennai,Anna university,1,11-07-2018
11174,Chennai,Alandur,33,12-07-2018
11175,Chennai,Gov hr sec school MGR Nagar,29.4,12-07-2018
11176,Chennai,Ayanavaram taluk office,28.2,12-07-2018
11177,Chennai,Chennai nungambakkam,28.1,12-07-2018
11178,Chennai,DGP Office,24.4,12-07-2018
11179,Chennai,Chennai collectorate building,23.3,12-07-2018
11180,Chennai,Perambur Corporation park,20.2,12-07-2018
11181,Chennai,Anna university,18.2,12-07-2018
11182,Chennai,Chennai AP,17.4,12-07-2018
11183,Chennai,Ambathur,15,12-07-2018
11184,Chennai,Sholinganallur,11.5,12-07-2018
11185,Chennai,Ayanavaram taluk office,8,13-07-2018
11186,Chennai,Perambur Corporation park,6.2,13-07-2018
11187,Chennai,Chennai nungambakkam,4.9,13-07-2018
11188,Chennai,Anna university,4,13-07-2018
11189,Chennai,Chennai collectorate building,3.3,13-07-2018
11190,Chennai,Chennai AP,3,13-07-2018
11191,Chennai,CD Hospital Tondiarpet,3,13-07-2018
11192,Chennai,Ambathur,3,13-07-2018
11193,Chennai,Alandur,3,13-07-2018
11194,Chennai,DGP Office,2.4,13-07-2018
11195,Chennai,Gov hr sec school MGR Nagar,1.6,13-07-2018
11196,Chennai,Alandur,23,14-07-2018
11197,Chennai,Chennai AP,21.1,14-07-2018
11198,Chennai,DGP Office,2,14-07-2018
11199,Chennai,Chennai nungambakkam,1.1,14-07-2018
11200,Chennai,Chennai AP,61.1,24-07-2018
11201,Chennai,Ayanavaram taluk office,6.3,24-07-2018
11202,Chennai,Alandur,6,24-07-2018
11203,Chennai,DGP Office,4.6,24-07-2018
11204,Chennai,Ambathur,4,24-07-2018
11205,Chennai,Chennai nungambakkam,3,24-07-2018
11206,Chennai,Chennai collectorate building,2.7,24-07-2018
11207,Chennai,Anna university,1.2,24-07-2018
11208,Chennai,Alandur,9,25-07-2018
11209,Chennai,Chennai AP,3.3,25-07-2018
11210,Chennai,Chennai nungambakkam,0.2,25-07-2018
11211,Chennai,Sholinganallur,20,27-07-2018
11212,Chennai,Perambur Corporation park,15.4,27-07-2018
11213,Chennai,Ayanavaram taluk office,12,27-07-2018
11214,Chennai,Alandur,10,27-07-2018
11215,Chennai,Chennai collectorate building,7.5,27-07-2018
11216,Chennai,Gov hr sec school MGR Nagar,5.9,27-07-2018
11217,Chennai,Chennai AP,4.1,27-07-2018
11218,Chennai,CD Hospital Tondiarpet,1.4,27-07-2018
11219,Chennai,Chennai nungambakkam,1.2,27-07-2018
11220,Chennai,Ambathur,6,28-07-2018
11221,Chennai,Perambur Corporation park,1.2,28-07-2018
11222,Chennai,Chennai nungambakkam,0.1,28-07-2018
11223,Chennai,Perambur Corporation park,10.1,30-07-2018
11224,Chennai,Ayanavaram taluk office,7.4,30-07-2018
11225,Chennai,Chennai nungambakkam,7,30-07-2018
11226,Chennai,DGP Office,4.6,30-07-2018
11227,Chennai,Ambathur,4,30-07-2018
11228,Chennai,CD Hospital Tondiarpet,2.1,30-07-2018
11229,Chennai,Anna university,0.8,30-07-2018
11230,Chennai,DGP Office,22.6,01-08-2018
11231,Chennai,Sholinganallur,13,01-08-2018
11232,Chennai,Chennai AP,11.6,01-08-2018
11233,Chennai,Alandur,11.6,01-08-2018
11234,Chennai,Gov hr sec school MGR Nagar,6.8,01-08-2018
11235,Chennai,Anna university,4.2,01-08-2018
11236,Chennai,Chennai nungambakkam,3.3,01-08-2018
11237,Chennai,CD Hospital Tondiarpet,2.6,01-08-2018
11238,Chennai,Perambur Corporation park,2.4,01-08-2018
11239,Chennai,Ambathur,2,01-08-2018
11240,Chennai,Ayanavaram taluk office,1.8,01-08-2018
11241,Chennai,Perambur Corporation park,1.1,02-08-2018
11242,Chennai,Chennai nungambakkam,0.5,02-08-2018
11243,Chennai,Chennai AP,0.3,02-08-2018
11244,Chennai,Sholinganallur,15,03-08-2018
11245,Chennai,Alandur,9,03-08-2018
11246,Chennai,Chennai AP,2.2,03-08-2018
11247,Chennai,Gov hr sec school MGR Nagar,1,03-08-2018
11248,Chennai,Sholinganallur,47,04-08-2018
11249,Chennai,Chennai collectorate building,15.7,04-08-2018
11250,Chennai,DGP Office,11.2,04-08-2018
11251,Chennai,Perambur Corporation park,11.2,04-08-2018
11252,Chennai,Chennai nungambakkam,2.9,04-08-2018
11253,Chennai,Chennai AP,1.6,04-08-2018
11254,Chennai,Ambathur,1,04-08-2018
11255,Chennai,Perambur Corporation park,48,05-08-2018
11256,Chennai,DGP Office,42.4,05-08-2018
11257,Chennai,Chennai nungambakkam,19.2,05-08-2018
11258,Chennai,Sholinganallur,13,05-08-2018
11259,Chennai,Alandur,12,05-08-2018
11260,Chennai,Gov hr sec school MGR Nagar,11.4,05-08-2018
11261,Chennai,Chennai collectorate building,11.3,05-08-2018
11262,Chennai,Chennai AP,8.3,05-08-2018
11263,Chennai,Ambathur,6,05-08-2018
11264,Chennai,Perambur Corporation park,1,06-08-2018
11265,Chennai,Chennai AP,0.4,06-08-2018
11266,Chennai,Chennai nungambakkam,0.4,07-08-2018
11267,Chennai,Alandur,7,08-08-2018
11268,Chennai,Chennai AP,5.9,08-08-2018
11269,Chennai,Chennai nungambakkam,0.1,08-08-2018
11270,Chennai,Sholinganallur,22,09-08-2018
11271,Chennai,Alandur,16,09-08-2018
11272,Chennai,Ambathur,13,09-08-2018
11273,Chennai,Chennai AP,12,09-08-2018
11274,Chennai,Ayanavaram taluk office,10,09-08-2018
11275,Chennai,Chennai nungambakkam,9.3,09-08-2018
11276,Chennai,Chennai collectorate building,9.3,09-08-2018
11277,Chennai,CD Hospital Tondiarpet,7.3,09-08-2018
11278,Chennai,DGP Office,6.2,09-08-2018
11279,Chennai,Perambur Corporation park,6.2,09-08-2018
11280,Chennai,Gov hr sec school MGR Nagar,5.8,09-08-2018
11281,Chennai,Perambur Corporation park,37.1,10-08-2018
11282,Chennai,CD Hospital Tondiarpet,24.1,10-08-2018
11283,Chennai,Chennai collectorate building,23.7,10-08-2018
11284,Chennai,Ayanavaram taluk office,22,10-08-2018
11285,Chennai,Ambathur,20,10-08-2018
11286,Chennai,Anna university,18.7,10-08-2018
11287,Chennai,DGP Office,14.6,10-08-2018
11288,Chennai,Chennai nungambakkam,13.8,10-08-2018
11289,Chennai,Alandur,11,10-08-2018
11290,Chennai,Gov hr sec school MGR Nagar,7.4,10-08-2018
11291,Chennai,Chennai AP,7,10-08-2018
11292,Chennai,Alandur,11,11-08-2018
11293,Chennai,DGP Office,8.6,11-08-2018
11294,Chennai,Ayanavaram taluk office,8,11-08-2018
11295,Chennai,Sholinganallur,7,11-08-2018
11296,Chennai,Perambur Corporation park,6.4,11-08-2018
11297,Chennai,Ambathur,6,11-08-2018
11298,Chennai,Chennai collectorate building,5.7,11-08-2018
11299,Chennai,Chennai nungambakkam,5.4,11-08-2018
11300,Chennai,Gov hr sec school MGR Nagar,5.2,11-08-2018
11301,Chennai,Anna university,3.7,11-08-2018
11302,Chennai,CD Hospital Tondiarpet,3.4,11-08-2018
11303,Chennai,Chennai AP,3.2,11-08-2018
11304,Chennai,Ayanavaram taluk office,7.2,12-08-2018
11305,Chennai,Perambur Corporation park,6.3,12-08-2018
11306,Chennai,DGP Office,6.2,12-08-2018
11307,Chennai,Anna university,5.4,12-08-2018
11308,Chennai,Ambathur,5,12-08-2018
11309,Chennai,Chennai collectorate building,4.7,12-08-2018
11310,Chennai,Gov hr sec school MGR Nagar,4.7,12-08-2018
11311,Chennai,Chennai nungambakkam,4.1,12-08-2018
11312,Chennai,CD Hospital Tondiarpet,3.7,12-08-2018
11313,Chennai,Chennai AP,2.6,12-08-2018
11314,Chennai,Chennai AP,0.1,13-08-2018
11315,Chennai,DGP Office,4.2,14-08-2018
11316,Chennai,Chennai nungambakkam,2.5,14-08-2018
11317,Chennai,Ambathur,2,14-08-2018
11318,Chennai,Gov hr sec school MGR Nagar,1.4,14-08-2018
11319,Chennai,Chennai AP,1.2,14-08-2018
11320,Chennai,Anna university,1.2,14-08-2018
11321,Chennai,Alandur,1,14-08-2018
11322,Chennai,Alandur,140,15-08-2018
11323,Chennai,Anna university,85.2,15-08-2018
11324,Chennai,DGP Office,72.4,15-08-2018
11325,Chennai,Chennai AP,67.8,15-08-2018
11326,Chennai,Sholinganallur,59,15-08-2018
11327,Chennai,Chennai nungambakkam,56.4,15-08-2018
11328,Chennai,Ambathur,49,15-08-2018
11329,Chennai,Gov hr sec school MGR Nagar,47,15-08-2018
11330,Chennai,Ayanavaram taluk office,46,15-08-2018
11331,Chennai,Perambur Corporation park,32.1,15-08-2018
11332,Chennai,Chennai collectorate building,27.3,15-08-2018
11333,Chennai,CD Hospital Tondiarpet,19,15-08-2018
11334,Chennai,Sholinganallur,22,16-08-2018
11335,Chennai,DGP Office,10.2,16-08-2018
11336,Chennai,Ambathur,6,16-08-2018
11337,Chennai,Anna university,3.6,16-08-2018
11338,Chennai,CD Hospital Tondiarpet,17,17-08-2018
11339,Chennai,Ayanavaram taluk office,7,17-08-2018
11340,Chennai,Chennai nungambakkam,6.5,17-08-2018
11341,Chennai,DGP Office,6.4,17-08-2018
11342,Chennai,Perambur Corporation park,6.4,17-08-2018
11343,Chennai,Anna university,6.2,17-08-2018
11344,Chennai,Alandur,6,17-08-2018
11345,Chennai,Chennai collectorate building,5.7,17-08-2018
11346,Chennai,Chennai AP,5.4,17-08-2018
11347,Chennai,Ambathur,5,17-08-2018
11348,Chennai,Gov hr sec school MGR Nagar,2.4,17-08-2018
11349,Chennai,CD Hospital Tondiarpet,4,24-08-2018
11350,Chennai,Chennai collectorate building,3.7,24-08-2018
11351,Chennai,Perambur Corporation park,1,24-08-2018
11352,Chennai,Perambur Corporation park,15.4,25-08-2018
11353,Chennai,DGP Office,6.2,25-08-2018
11354,Chennai,Ayanavaram taluk office,2.4,25-08-2018
11355,Chennai,Chennai nungambakkam,1.6,25-08-2018
11356,Chennai,Anna university,1,25-08-2018
11357,Chennai,Chennai AP,0.2,25-08-2018
11358,Chennai,Gov hr sec school MGR Nagar,0.2,25-08-2018
11359,Chennai,Ambathur,7,26-08-2018
11360,Chennai,Perambur Corporation park,3,26-08-2018
11361,Chennai,Chennai nungambakkam,1.8,26-08-2018
11362,Chennai,Chennai AP,0.5,26-08-2018
11363,Chennai,CD Hospital Tondiarpet,20,28-08-2018
11364,Chennai,Ayanavaram taluk office,18,28-08-2018
11365,Chennai,DGP Office,16.2,28-08-2018
11366,Chennai,Anna university,14,28-08-2018
11367,Chennai,Perambur Corporation park,12.4,28-08-2018
11368,Chennai,Chennai nungambakkam,10,28-08-2018
11369,Chennai,Chennai AP,9.7,28-08-2018
11370,Chennai,Ambathur,9,28-08-2018
11371,Chennai,Gov hr sec school MGR Nagar,8.8,28-08-2018
11372,Chennai,Chennai collectorate building,7.5,28-08-2018
11373,Chennai,Sholinganallur,6,28-08-2018
11374,Chennai,Alandur,2,28-08-2018
11375,Chennai,Chennai nungambakkam,1.6,29-08-2018
11376,Chennai,Sholinganallur,8,30-08-2018
11377,Chennai,CD Hospital Tondiarpet,59,31-08-2018
11378,Chennai,Perambur Corporation park,33,31-08-2018
11379,Chennai,Ayanavaram taluk office,32,31-08-2018
11380,Chennai,Chennai nungambakkam,31.1,31-08-2018
11381,Chennai,Chennai collectorate building,27.7,31-08-2018
11382,Chennai,Alandur,27,31-08-2018
11383,Chennai,DGP Office,22.6,31-08-2018
11384,Chennai,Sholinganallur,20,31-08-2018
11385,Chennai,Anna university,18.6,31-08-2018
11386,Chennai,Gov hr sec school MGR Nagar,17.2,31-08-2018
11387,Chennai,Chennai AP,16.1,31-08-2018
11388,Chennai,Ambathur,8,31-08-2018
11389,Chennai,Alandur,6,01-09-2018
11390,Chennai,Anna university,1.6,01-09-2018
11391,Chennai,Chennai nungambakkam,0.4,01-09-2018
11392,Chennai,Chennai AP,0.2,01-09-2018
11393,Chennai,DGP Office,6.4,02-09-2018
11394,Chennai,Alandur,3,02-09-2018
11395,Chennai,Chennai AP,2.2,02-09-2018
11396,Chennai,Chennai nungambakkam,1.2,02-09-2018
11397,Chennai,Anna university,1,02-09-2018
11398,Chennai,Chennai AP,1.5,03-09-2018
11399,Chennai,Anna university,0.6,03-09-2018
11400,Chennai,Sholinganallur,40,14-09-2018
11401,Chennai,Chennai AP,17.8,14-09-2018
11402,Chennai,Gov hr sec school MGR Nagar,1.2,14-09-2018
11403,Chennai,Chennai nungambakkam,0.1,14-09-2018
11404,Chennai,Anna university,6,16-09-2018
11405,Chennai,Gov hr sec school MGR Nagar,2.4,16-09-2018
11406,Chennai,Chennai nungambakkam,2,16-09-2018
11407,Chennai,Chennai AP,0.4,16-09-2018
11408,Chennai,Chennai AP,46.2,17-09-2018
11409,Chennai,Perambur Corporation park,36.4,17-09-2018
11410,Chennai,Sholinganallur,33,17-09-2018
11411,Chennai,Chennai collectorate building,32.7,17-09-2018
11412,Chennai,Gov hr sec school MGR Nagar,32.4,17-09-2018
11413,Chennai,Ayanavaram taluk office,32,17-09-2018
11414,Chennai,Alandur,30.7,17-09-2018
11415,Chennai,Anna university,30.1,17-09-2018
11416,Chennai,CD Hospital Tondiarpet,28.4,17-09-2018
11417,Chennai,Ambathur,28,17-09-2018
11418,Chennai,Chennai nungambakkam,26,17-09-2018
11419,Chennai,DGP Office,16.2,17-09-2018
11420,Chennai,CD Hospital Tondiarpet,41.8,18-09-2018
11421,Chennai,Chennai AP,27.2,18-09-2018
11422,Chennai,Alandur,27.2,18-09-2018
11423,Chennai,Sholinganallur,20,18-09-2018
11424,Chennai,Gov hr sec school MGR Nagar,14,18-09-2018
11425,Chennai,Perambur Corporation park,13.2,18-09-2018
11426,Chennai,Ayanavaram taluk office,12,18-09-2018
11427,Chennai,Ambathur,12,18-09-2018
11428,Chennai,Anna university,11.6,18-09-2018
11429,Chennai,Chennai nungambakkam,10.8,18-09-2018
11430,Chennai,Chennai collectorate building,10.7,18-09-2018
11431,Chennai,DGP Office,8.2,18-09-2018
11432,Chennai,Sholinganallur,40,19-09-2018
11433,Chennai,Alandur,32,19-09-2018
11434,Chennai,Gov hr sec school MGR Nagar,24.6,19-09-2018
11435,Chennai,Perambur Corporation park,24.1,19-09-2018
11436,Chennai,Chennai AP,22.4,19-09-2018
11437,Chennai,Ayanavaram taluk office,20.7,19-09-2018
11438,Chennai,Ambathur,20,19-09-2018
11439,Chennai,DGP Office,18.2,19-09-2018
11440,Chennai,Chennai nungambakkam,17.6,19-09-2018
11441,Chennai,Anna university,17,19-09-2018
11442,Chennai,CD Hospital Tondiarpet,15.4,19-09-2018
11443,Chennai,Chennai collectorate building,12.7,19-09-2018
11444,Chennai,DGP Office,4.6,20-09-2018
11445,Chennai,Anna university,1.8,20-09-2018
11446,Chennai,Chennai AP,0.4,20-09-2018
11447,Chennai,Alandur,0.4,20-09-2018
11448,Chennai,Chennai nungambakkam,0.2,20-09-2018
11449,Chennai,Alandur,20,01-10-2018
11450,Chennai,Chennai AP,13.4,01-10-2018
11451,Chennai,Gov hr sec school MGR Nagar,9.2,01-10-2018
11452,Chennai,Anna university,1,01-10-2018
11453,Chennai,Anna university,8.4,02-10-2018
11454,Chennai,Chennai nungambakkam,2,02-10-2018
11455,Chennai,Chennai AP,1.5,02-10-2018
11456,Chennai,Perambur Corporation park,16.1,03-10-2018
11457,Chennai,DGP Office,10.2,03-10-2018
11458,Chennai,Alandur,10,03-10-2018
11459,Chennai,Anna university,5,03-10-2018
11460,Chennai,Chennai AP,4.8,03-10-2018
11461,Chennai,Gov hr sec school MGR Nagar,3.8,03-10-2018
11462,Chennai,Ambathur,3,03-10-2018
11463,Chennai,CD Hospital Tondiarpet,12.4,04-10-2018
11464,Chennai,DGP Office,11.4,04-10-2018
11465,Chennai,Ambathur,11,04-10-2018
11466,Chennai,Sholinganallur,10,04-10-2018
11467,Chennai,Chennai nungambakkam,8.4,04-10-2018
11468,Chennai,Alandur,7,04-10-2018
11469,Chennai,Perambur Corporation park,5.2,04-10-2018
11470,Chennai,Gov hr sec school MGR Nagar,4.2,04-10-2018
11471,Chennai,Ayanavaram taluk office,4,04-10-2018
11472,Chennai,Anna university,3.2,04-10-2018
11473,Chennai,Chennai collectorate building,2.3,04-10-2018
11474,Chennai,Chennai AP,0.6,04-10-2018
11475,Chennai,Ayanavaram taluk office,72,05-10-2018
11476,Chennai,Perambur Corporation park,66.2,05-10-2018
11477,Chennai,Alandur,60,05-10-2018
11478,Chennai,Chennai AP,53.3,05-10-2018
11479,Chennai,Ambathur,51,05-10-2018
11480,Chennai,Chennai nungambakkam,46,05-10-2018
11481,Chennai,DGP Office,45.4,05-10-2018
11482,Chennai,Gov hr sec school MGR Nagar,43.8,05-10-2018
11483,Chennai,CD Hospital Tondiarpet,38.6,05-10-2018
11484,Chennai,Anna university,38.2,05-10-2018
11485,Chennai,Chennai collectorate building,33.7,05-10-2018
11486,Chennai,Sholinganallur,23,05-10-2018
11487,Chennai,CD Hospital Tondiarpet,37.3,06-10-2018
11488,Chennai,Alandur,34,06-10-2018
11489,Chennai,Chennai collectorate building,33.7,06-10-2018
11490,Chennai,DGP Office,32.6,06-10-2018
11491,Chennai,Perambur Corporation park,29,06-10-2018
11492,Chennai,Ayanavaram taluk office,28,06-10-2018
11493,Chennai,Chennai nungambakkam,26,06-10-2018
11494,Chennai,Gov hr sec school MGR Nagar,17.4,06-10-2018
11495,Chennai,Chennai AP,16,06-10-2018
11496,Chennai,Anna university,12,06-10-2018
11497,Chennai,Sholinganallur,12,06-10-2018
11498,Chennai,Ambathur,11,06-10-2018
11499,Chennai,DGP Office,16.2,07-10-2018
11500,Chennai,Perambur Corporation park,15,07-10-2018
11501,Chennai,Ayanavaram taluk office,15,07-10-2018
11502,Chennai,Chennai collectorate building,9.7,07-10-2018
11503,Chennai,Anna university,9.2,07-10-2018
11504,Chennai,Ambathur,9,07-10-2018
11505,Chennai,Chennai nungambakkam,6.5,07-10-2018
11506,Chennai,CD Hospital Tondiarpet,4,07-10-2018
11507,Chennai,Gov hr sec school MGR Nagar,1.2,07-10-2018
11508,Chennai,Alandur,1,07-10-2018
11509,Chennai,Chennai AP,0.2,07-10-2018
11510,Chennai,Chennai AP,0.5,08-10-2018
11511,Chennai,Chennai AP,0.3,09-10-2018
11512,Chennai,Chennai nungambakkam,0.2,17-10-2018
11513,Chennai,Chennai collectorate building,0.2,17-10-2018
11514,Chennai,Anna university,0.1,17-10-2018
11515,Chennai,Gov hr sec school MGR Nagar,0.1,17-10-2018
11516,Chennai,Gov hr sec school MGR Nagar,66.8,18-10-2018
11517,Chennai,Chennai AP,64.8,18-10-2018
11518,Chennai,Perambur Corporation park,40,18-10-2018
11519,Chennai,Alandur,37.6,18-10-2018
11520,Chennai,Ayanavaram taluk office,21,18-10-2018
11521,Chennai,Chennai nungambakkam,20,18-10-2018
11522,Chennai,Sholinganallur,20,18-10-2018
11523,Chennai,Ambathur,16,18-10-2018
11524,Chennai,DGP Office,8.2,18-10-2018
11525,Chennai,Anna university,6.7,18-10-2018
11526,Chennai,CD Hospital Tondiarpet,6.2,18-10-2018
11527,Chennai,Chennai collectorate building,5.7,18-10-2018
11528,Chennai,Alandur,9.2,20-10-2018
11529,Chennai,Anna university,0.2,20-10-2018
11530,Chennai,Chennai AP,14.2,21-10-2018
11531,Chennai,Alandur,8,21-10-2018
11532,Chennai,DGP Office,6.4,21-10-2018
11533,Chennai,Gov hr sec school MGR Nagar,4.2,21-10-2018
11534,Chennai,Anna university,4,21-10-2018
11535,Chennai,Chennai collectorate building,2.7,21-10-2018
11536,Chennai,Ayanavaram taluk office,2.2,21-10-2018
11537,Chennai,Ambathur,2,21-10-2018
11538,Chennai,CD Hospital Tondiarpet,1.6,21-10-2018
11539,Chennai,Perambur Corporation park,1.1,21-10-2018
11540,Chennai,Chennai nungambakkam,1,21-10-2018
11541,Chennai,Anna university,0.2,22-10-2018
11542,Chennai,DGP Office,48,31-10-2018
11543,Chennai,Anna university,28,31-10-2018
11544,Chennai,CD Hospital Tondiarpet,23.4,31-10-2018
11545,Chennai,Ambathur,15,31-10-2018
11546,Chennai,Perambur Corporation park,14.2,31-10-2018
11547,Chennai,Ayanavaram taluk office,12,31-10-2018
11548,Chennai,Sholinganallur,10,31-10-2018
11549,Chennai,Gov hr sec school MGR Nagar,8.4,31-10-2018
11550,Chennai,Chennai nungambakkam,8.1,31-10-2018
11551,Chennai,Chennai AP,5.8,31-10-2018
11552,Chennai,Alandur,5,31-10-2018
11553,Chennai,Chennai collectorate building,4.7,31-10-2018
11554,Chennai,Perambur Corporation park,68.2,01-11-2018
11555,Chennai,Ambathur,68,01-11-2018
11556,Chennai,Ayanavaram taluk office,59,01-11-2018
11557,Chennai,Gov hr sec school MGR Nagar,41.8,01-11-2018
11558,Chennai,Chennai nungambakkam,35.6,01-11-2018
11559,Chennai,Anna university,35,01-11-2018
11560,Chennai,Chennai AP,33.4,01-11-2018
11561,Chennai,DGP Office,32.4,01-11-2018
11562,Chennai,Chennai collectorate building,27.7,01-11-2018
11563,Chennai,CD Hospital Tondiarpet,26.1,01-11-2018
11564,Chennai,Alandur,22.5,01-11-2018
11565,Chennai,Sholinganallur,10,01-11-2018
11566,Chennai,CD Hospital Tondiarpet,17.5,02-11-2018
11567,Chennai,Chennai collectorate building,17,02-11-2018
11568,Chennai,Perambur Corporation park,16.2,02-11-2018
11569,Chennai,DGP Office,14.2,02-11-2018
11570,Chennai,Sholinganallur,14,02-11-2018
11571,Chennai,Gov hr sec school MGR Nagar,11.2,02-11-2018
11572,Chennai,Ayanavaram taluk office,11,02-11-2018
11573,Chennai,Alandur,10,02-11-2018
11574,Chennai,Ambathur,9,02-11-2018
11575,Chennai,Chennai AP,8.5,02-11-2018
11576,Chennai,Chennai nungambakkam,8,02-11-2018
11577,Chennai,Anna university,3,02-11-2018
11578,Chennai,Perambur Corporation park,8.2,04-11-2018
11579,Chennai,Gov hr sec school MGR Nagar,8,04-11-2018
11580,Chennai,Ambathur,8,04-11-2018
11581,Chennai,Chennai collectorate building,7.7,04-11-2018
11582,Chennai,Chennai AP,7.2,04-11-2018
11583,Chennai,DGP Office,6.4,04-11-2018
11584,Chennai,Chennai nungambakkam,6,04-11-2018
11585,Chennai,Anna university,3,04-11-2018
11586,Chennai,CD Hospital Tondiarpet,1.4,04-11-2018
11587,Chennai,Ambathur,3,05-11-2018
11588,Chennai,Gov hr sec school MGR Nagar,5.4,06-11-2018
11589,Chennai,Ambathur,2,06-11-2018
11590,Chennai,Chennai AP,0.6,06-11-2018
11591,Chennai,Chennai nungambakkam,0.1,06-11-2018
11592,Chennai,CD Hospital Tondiarpet,6.5,15-11-2018
11593,Chennai,DGP Office,6.4,15-11-2018
11594,Chennai,Perambur Corporation park,5.2,15-11-2018
11595,Chennai,Ayanavaram taluk office,4.4,15-11-2018
11596,Chennai,Anna university,4,15-11-2018
11597,Chennai,Chennai collectorate building,3,15-11-2018
11598,Chennai,Gov hr sec school MGR Nagar,2.4,15-11-2018
11599,Chennai,Chennai AP,1.4,15-11-2018
11600,Chennai,Chennai nungambakkam,1,15-11-2018
11601,Chennai,Sholinganallur,12,16-11-2018
11602,Chennai,Ambathur,11,16-11-2018
11603,Chennai,DGP Office,9.2,16-11-2018
11604,Chennai,Ayanavaram taluk office,7,16-11-2018
11605,Chennai,Chennai AP,6.5,16-11-2018
11606,Chennai,Perambur Corporation park,6.2,16-11-2018
11607,Chennai,Gov hr sec school MGR Nagar,5.8,16-11-2018
11608,Chennai,Anna university,5,16-11-2018
11609,Chennai,Alandur,4.8,16-11-2018
11610,Chennai,Chennai nungambakkam,2,16-11-2018
11611,Chennai,Chennai collectorate building,0.7,16-11-2018
11612,Chennai,CD Hospital Tondiarpet,0.1,16-11-2018
11613,Chennai,DGP Office,4.6,17-11-2018
11614,Chennai,Chennai nungambakkam,3.8,17-11-2018
11615,Chennai,Chennai collectorate building,3.2,17-11-2018
11616,Chennai,Ambathur,2,17-11-2018
11617,Chennai,Chennai AP,3.8,18-11-2018
11618,Chennai,DGP Office,4.6,19-11-2018
11619,Chennai,Anna university,3,19-11-2018
11620,Chennai,Sholinganallur,2,19-11-2018
11621,Chennai,Chennai collectorate building,1.1,19-11-2018
11622,Chennai,Chennai AP,0.3,19-11-2018
11623,Chennai,Chennai nungambakkam,0.2,19-11-2018
11624,Chennai,Ayanavaram taluk office,7.4,20-11-2018
11625,Chennai,Perambur Corporation park,6,20-11-2018
11626,Chennai,Chennai AP,39.5,21-11-2018
11627,Chennai,Ambathur,27,21-11-2018
11628,Chennai,Gov hr sec school MGR Nagar,19.4,21-11-2018
11629,Chennai,Chennai nungambakkam,17.4,21-11-2018
11630,Chennai,DGP Office,15.4,21-11-2018
11631,Chennai,Chennai collectorate building,12.7,21-11-2018
11632,Chennai,Perambur Corporation park,12.3,21-11-2018
11633,Chennai,Ayanavaram taluk office,12.3,21-11-2018
11634,Chennai,Alandur,12,21-11-2018
11635,Chennai,Sholinganallur,10,21-11-2018
11636,Chennai,CD Hospital Tondiarpet,9.4,21-11-2018
11637,Chennai,Anna university,7,21-11-2018
11638,Chennai,DGP Office,92.6,22-11-2018
11639,Chennai,Chennai nungambakkam,85.5,22-11-2018
11640,Chennai,Chennai AP,75.9,22-11-2018
11641,Chennai,Ayanavaram taluk office,59.3,22-11-2018
11642,Chennai,Anna university,56,22-11-2018
11643,Chennai,Alandur,56,22-11-2018
11644,Chennai,Ambathur,53,22-11-2018
11645,Chennai,Gov hr sec school MGR Nagar,49.2,22-11-2018
11646,Chennai,CD Hospital Tondiarpet,48.3,22-11-2018
11647,Chennai,Perambur Corporation park,48.2,22-11-2018
11648,Chennai,Chennai collectorate building,42.7,22-11-2018
11649,Chennai,Sholinganallur,40,22-11-2018
11650,Chennai,Sholinganallur,31.3,23-11-2018
11651,Chennai,Alandur,30,23-11-2018
11652,Chennai,Gov hr sec school MGR Nagar,21.8,23-11-2018
11653,Chennai,DGP Office,21.4,23-11-2018
11654,Chennai,Ambathur,20.5,23-11-2018
11655,Chennai,Ayanavaram taluk office,18.3,23-11-2018
11656,Chennai,Chennai AP,16.9,23-11-2018
11657,Chennai,Anna university,16.3,23-11-2018
11658,Chennai,Perambur Corporation park,13.3,23-11-2018
11659,Chennai,Chennai nungambakkam,12.3,23-11-2018
11660,Chennai,CD Hospital Tondiarpet,12.2,23-11-2018
11661,Chennai,Chennai collectorate building,9.4,23-11-2018
11662,Chennai,DGP Office,2.3,24-11-2018
11663,Chennai,Ambathur,23,04-12-2018
11664,Chennai,Perambur Corporation park,20.1,04-12-2018
11665,Chennai,Sholinganallur,13,04-12-2018
11666,Chennai,CD Hospital Tondiarpet,12.8,04-12-2018
11667,Chennai,Ayanavaram taluk office,12.2,04-12-2018
11668,Chennai,Alandur,12,04-12-2018
11669,Chennai,Chennai AP,11.1,04-12-2018
11670,Chennai,DGP Office,10.4,04-12-2018
11671,Chennai,Chennai collectorate building,10.2,04-12-2018
11672,Chennai,Anna university,9.3,04-12-2018
11673,Chennai,Gov hr sec school MGR Nagar,9.2,04-12-2018
11674,Chennai,Chennai nungambakkam,6.4,04-12-2018
11675,Chennai,Chennai AP,16.5,05-12-2018
11676,Chennai,Sholinganallur,10,05-12-2018
11677,Chennai,Anna university,3,05-12-2018
11678,Chennai,Gov hr sec school MGR Nagar,2.8,05-12-2018
11679,Chennai,CD Hospital Tondiarpet,1,05-12-2018
11680,Chennai,Perambur Corporation park,36.2,06-12-2018
11681,Chennai,Chennai nungambakkam,21.2,06-12-2018
11682,Chennai,CD Hospital Tondiarpet,13.8,06-12-2018
11683,Chennai,Ayanavaram taluk office,12.2,06-12-2018
11684,Chennai,Ambathur,11,06-12-2018
11685,Chennai,DGP Office,6.4,06-12-2018
11686,Chennai,Chennai collectorate building,6.2,06-12-2018
11687,Chennai,Gov hr sec school MGR Nagar,5.8,06-12-2018
11688,Chennai,Alandur,5,06-12-2018
11689,Chennai,Anna university,4,06-12-2018
11690,Chennai,Chennai AP,3.6,06-12-2018
11691,Chennai,Chennai nungambakkam,0.1,16-12-2018
11692,Chennai,Alandur,3,22-12-2018
11693,Chennai,Anna university,1,22-12-2018
11694,Chennai,Chennai AP,0.3,22-12-2018
11695,Chennai,Chennai AP,21.4,23-12-2018
11696,Chennai,Alandur,20,23-12-2018
11697,Chennai,Anna university,10,23-12-2018
11698,Chennai,Gov hr sec school MGR Nagar,9.2,23-12-2018
11699,Chennai,Chennai nungambakkam,7.2,23-12-2018
11700,Chennai,DGP Office,6.4,23-12-2018
11701,Chennai,Anna university,1,30-12-2018
11702,Chennai,Chennai AP,0.6,30-12-2018
11703,Chennai,Chennai nungambakkam,0.2,30-12-2018
11704,Chennai,Gov hr sec school MGR Nagar,0.2,30-12-2018
11705,Chennai,Chennai AP,0.6,01-07-2019
11706,Chennai,Sholinganallur,24,10-07-2019
11707,Chennai,Alandur,9.6,10-07-2019
11708,Chennai,Chennai AP,9.6,10-07-2019
11709,Chennai,Chennai collectorate building,5.6,10-07-2019
11710,Chennai,Ambathur,5,10-07-2019
11711,Chennai,Ayanavaram taluk office,5,10-07-2019
11712,Chennai,Gov hr sec school MGR Nagar,4.8,10-07-2019
11713,Chennai,Chennai nungambakkam,4,10-07-2019
11714,Chennai,Anna university,3.8,10-07-2019
11715,Chennai,Perambur Corporation park,3.4,10-07-2019
11716,Chennai,DGP Office,2.4,10-07-2019
11717,Chennai,CD Hospital Tondiarpet,1,10-07-2019
11718,Chennai,Alandur,17.3,13-07-2019
11719,Chennai,Chennai AP,17.3,13-07-2019
11720,Chennai,Anna university,11.2,13-07-2019
11721,Chennai,Gov hr sec school MGR Nagar,4.8,13-07-2019
11722,Chennai,Chennai nungambakkam,1.4,13-07-2019
11723,Chennai,Sholinganallur,59,16-07-2019
11724,Chennai,Anna university,51.2,16-07-2019
11725,Chennai,DGP Office,49.2,16-07-2019
11726,Chennai,Gov hr sec school MGR Nagar,42.4,16-07-2019
11727,Chennai,Ayanavaram taluk office,42,16-07-2019
11728,Chennai,Chennai nungambakkam,37.3,16-07-2019
11729,Chennai,Perambur Corporation park,36.2,16-07-2019
11730,Chennai,CD Hospital Tondiarpet,34.5,16-07-2019
11731,Chennai,Ambathur,31,16-07-2019
11732,Chennai,Chennai collectorate building,31,16-07-2019
11733,Chennai,Chennai AP,24.2,16-07-2019
11734,Chennai,Alandur,24,16-07-2019
11735,Chennai,Gov hr sec school MGR Nagar,4.8,17-07-2019
11736,Chennai,Anna university,0.4,17-07-2019
11737,Chennai,Chennai AP,0.3,17-07-2019
11738,Chennai,Ambathur,2,19-07-2019
11739,Chennai,Chennai nungambakkam,0.8,19-07-2019
11740,Chennai,Alandur,1.2,21-07-2019
11741,Chennai,Chennai AP,1.2,21-07-2019
11742,Chennai,Sholinganallur,46,22-07-2019
11743,Chennai,DGP Office,39,22-07-2019
11744,Chennai,Anna university,10,22-07-2019
11745,Chennai,Ayanavaram taluk office,10,22-07-2019
11746,Chennai,Perambur Corporation park,9.5,22-07-2019
11747,Chennai,Chennai nungambakkam,7.8,22-07-2019
11748,Chennai,Gov hr sec school MGR Nagar,3.5,22-07-2019
11749,Chennai,Alandur,3,22-07-2019
11750,Chennai,Ambathur,3,22-07-2019
11751,Chennai,Chennai AP,3,22-07-2019
11752,Chennai,CD Hospital Tondiarpet,2,22-07-2019
11753,Chennai,Chennai collectorate building,1,22-07-2019
11754,Chennai,Alandur,5.1,23-07-2019
11755,Chennai,Chennai AP,5.1,23-07-2019
11756,Chennai,Sholinganallur,4,23-07-2019
11757,Chennai,CD Hospital Tondiarpet,3,23-07-2019
11758,Chennai,DGP Office,3,23-07-2019
11759,Chennai,Anna university,2.6,23-07-2019
11760,Chennai,Gov hr sec school MGR Nagar,2.2,23-07-2019
11761,Chennai,Chennai nungambakkam,1.6,23-07-2019
11762,Chennai,Ambathur,1.5,23-07-2019
11763,Chennai,DGP Office,47.2,24-07-2019
11764,Chennai,Perambur Corporation park,39.7,24-07-2019
11765,Chennai,Chennai nungambakkam,39.1,24-07-2019
11766,Chennai,Ayanavaram taluk office,38,24-07-2019
11767,Chennai,Chennai collectorate building,37.4,24-07-2019
11768,Chennai,Ambathur,35,24-07-2019
11769,Chennai,Anna university,33.2,24-07-2019
11770,Chennai,CD Hospital Tondiarpet,32.8,24-07-2019
11771,Chennai,Alandur,25.1,24-07-2019
11772,Chennai,Chennai AP,25.1,24-07-2019
11773,Chennai,Gov hr sec school MGR Nagar,23.8,24-07-2019
11774,Chennai,Sholinganallur,7,24-07-2019
11775,Chennai,Alandur,75.4,25-07-2019
11776,Chennai,Chennai AP,75.4,25-07-2019
11777,Chennai,Anna university,64.6,25-07-2019
11778,Chennai,Gov hr sec school MGR Nagar,64.2,25-07-2019
11779,Chennai,DGP Office,50.5,25-07-2019
11780,Chennai,Chennai nungambakkam,21,25-07-2019
11781,Chennai,Sholinganallur,17,25-07-2019
11782,Chennai,Chennai collectorate building,14.8,25-07-2019
11783,Chennai,Ayanavaram taluk office,13,25-07-2019
11784,Chennai,Perambur Corporation park,10.6,25-07-2019
11785,Chennai,CD Hospital Tondiarpet,5.2,25-07-2019
11786,Chennai,Ambathur,5,25-07-2019
11787,Chennai,Sholinganallur,50,26-07-2019
11788,Chennai,DGP Office,46.2,26-07-2019
11789,Chennai,Gov hr sec school MGR Nagar,45.2,26-07-2019
11790,Chennai,Alandur,29.4,26-07-2019
11791,Chennai,Chennai AP,29.4,26-07-2019
11792,Chennai,Chennai nungambakkam,26.4,26-07-2019
11793,Chennai,Anna university,17.6,26-07-2019
11794,Chennai,Ambathur,16,26-07-2019
11795,Chennai,Ayanavaram taluk office,13.2,26-07-2019
11796,Chennai,Chennai collectorate building,8.6,26-07-2019
11797,Chennai,CD Hospital Tondiarpet,8,26-07-2019
11798,Chennai,Perambur Corporation park,6.3,26-07-2019
11799,Chennai,Sholinganallur,3,29-07-2019
11800,Chennai,Alandur,0.4,29-07-2019
11801,Chennai,Chennai AP,0.4,29-07-2019
11802,Chennai,Chennai AP,0.6,30-07-2019
11803,Chennai,Anna university,0.4,02-08-2019
11804,Chennai,Chennai AP,0.3,02-08-2019
11805,Chennai,Alandur,0.1,02-08-2019
11806,Chennai,Chennai collectorate building,8.8,05-08-2019
11807,Chennai,CD Hospital Tondiarpet,6.8,05-08-2019
11808,Chennai,Perambur Corporation park,6.3,05-08-2019
11809,Chennai,DGP Office,6.1,05-08-2019
11810,Chennai,Ayanavaram taluk office,4,05-08-2019
11811,Chennai,Ambathur,3,05-08-2019
11812,Chennai,Anna university,3,05-08-2019
11813,Chennai,Chennai AP,2.7,05-08-2019
11814,Chennai,Alandur,2.5,05-08-2019
11815,Chennai,Chennai nungambakkam,2.5,05-08-2019
11816,Chennai,Gov hr sec school MGR Nagar,1.8,05-08-2019
11817,Chennai,Sholinganallur,1,05-08-2019
11818,Chennai,Sholinganallur,4,06-08-2019
11819,Chennai,Alandur,1.4,06-08-2019
11820,Chennai,Chennai AP,1.4,06-08-2019
11821,Chennai,Gov hr sec school MGR Nagar,1.2,06-08-2019
11822,Chennai,DGP Office,1,06-08-2019
11823,Chennai,Anna university,0.8,06-08-2019
11824,Chennai,Chennai nungambakkam,0.2,06-08-2019
11825,Chennai,Anna university,13.6,14-08-2019
11826,Chennai,Alandur,13,14-08-2019
11827,Chennai,Chennai AP,13,14-08-2019
11828,Chennai,Gov hr sec school MGR Nagar,10.2,14-08-2019
11829,Chennai,DGP Office,6,14-08-2019
11830,Chennai,Chennai collectorate building,5.2,14-08-2019
11831,Chennai,CD Hospital Tondiarpet,1.7,14-08-2019
11832,Chennai,Sholinganallur,1,14-08-2019
11833,Chennai,Chennai nungambakkam,0.7,14-08-2019
11834,Chennai,Chennai collectorate building,14.2,15-08-2019
11835,Chennai,CD Hospital Tondiarpet,13.8,15-08-2019
11836,Chennai,Perambur Corporation park,12.4,15-08-2019
11837,Chennai,Ambathur,12,15-08-2019
11838,Chennai,Chennai nungambakkam,11.6,15-08-2019
11839,Chennai,Ayanavaram taluk office,11,15-08-2019
11840,Chennai,DGP Office,11,15-08-2019
11841,Chennai,Sholinganallur,11,15-08-2019
11842,Chennai,Anna university,9.8,15-08-2019
11843,Chennai,Gov hr sec school MGR Nagar,2.4,15-08-2019
11844,Chennai,Alandur,2,15-08-2019
11845,Chennai,Chennai AP,2,15-08-2019
11846,Chennai,Alandur,1,16-08-2019
11847,Chennai,Chennai AP,1,16-08-2019
11848,Chennai,Gov hr sec school MGR Nagar,26.2,17-08-2019
11849,Chennai,Alandur,15.3,17-08-2019
11850,Chennai,Chennai AP,15.3,17-08-2019
11851,Chennai,DGP Office,10.6,17-08-2019
11852,Chennai,Anna university,8.4,17-08-2019
11853,Chennai,Chennai nungambakkam,7.3,17-08-2019
11854,Chennai,Ambathur,6,17-08-2019
11855,Chennai,Sholinganallur,4,17-08-2019
11856,Chennai,Ayanavaram taluk office,62,18-08-2019
11857,Chennai,Perambur Corporation park,58,18-08-2019
11858,Chennai,Chennai AP,32.7,18-08-2019
11859,Chennai,DGP Office,25.4,18-08-2019
11860,Chennai,CD Hospital Tondiarpet,24.1,18-08-2019
11861,Chennai,Chennai nungambakkam,23.5,18-08-2019
11862,Chennai,Anna university,21.6,18-08-2019
11863,Chennai,Alandur,19.1,18-08-2019
11864,Chennai,Gov hr sec school MGR Nagar,18.6,18-08-2019
11865,Chennai,Chennai collectorate building,15.2,18-08-2019
11866,Chennai,Sholinganallur,14,18-08-2019
11867,Chennai,Ambathur,5,18-08-2019
11868,Chennai,Ambathur,35,19-08-2019
11869,Chennai,Alandur,26.7,19-08-2019
11870,Chennai,Chennai AP,26.7,19-08-2019
11871,Chennai,Gov hr sec school MGR Nagar,21.4,19-08-2019
11872,Chennai,Anna university,21.2,19-08-2019
11873,Chennai,Sholinganallur,20,19-08-2019
11874,Chennai,Ayanavaram taluk office,17,19-08-2019
11875,Chennai,CD Hospital Tondiarpet,14.6,19-08-2019
11876,Chennai,DGP Office,14.4,19-08-2019
11877,Chennai,Chennai nungambakkam,14.1,19-08-2019
11878,Chennai,Perambur Corporation park,12.6,19-08-2019
11879,Chennai,Chennai collectorate building,9.6,19-08-2019
11880,Chennai,Alandur,29,20-08-2019
11881,Chennai,Chennai AP,29,20-08-2019
11882,Chennai,Anna university,25.8,20-08-2019
11883,Chennai,Sholinganallur,22,20-08-2019
11884,Chennai,Gov hr sec school MGR Nagar,19.7,20-08-2019
11885,Chennai,Ambathur,13,20-08-2019
11886,Chennai,Chennai nungambakkam,0.4,20-08-2019
11887,Chennai,Ambathur,27,21-08-2019
11888,Chennai,CD Hospital Tondiarpet,17.5,21-08-2019
11889,Chennai,DGP Office,12.6,21-08-2019
11890,Chennai,Ayanavaram taluk office,10,21-08-2019
11891,Chennai,Perambur Corporation park,8.6,21-08-2019
11892,Chennai,Chennai nungambakkam,6.5,21-08-2019
11893,Chennai,Gov hr sec school MGR Nagar,5.2,21-08-2019
11894,Chennai,Alandur,4.1,21-08-2019
11895,Chennai,Chennai AP,4.1,21-08-2019
11896,Chennai,Anna university,3.2,21-08-2019
11897,Chennai,Sholinganallur,3,21-08-2019
11898,Chennai,Chennai collectorate building,1,21-08-2019
11899,Chennai,Anna university,1,22-08-2019
11900,Chennai,Sholinganallur,24,24-08-2019
11901,Chennai,Chennai collectorate building,6,24-08-2019
11902,Chennai,Ayanavaram taluk office,5,24-08-2019
11903,Chennai,Perambur Corporation park,4,24-08-2019
11904,Chennai,CD Hospital Tondiarpet,2.5,24-08-2019
11905,Chennai,Anna university,2,24-08-2019
11906,Chennai,Chennai nungambakkam,1.6,24-08-2019
11907,Chennai,Alandur,0.6,24-08-2019
11908,Chennai,Chennai AP,0.6,24-08-2019
11909,Chennai,Gov hr sec school MGR Nagar,0.6,24-08-2019
11910,Chennai,DGP Office,0.4,24-08-2019
11911,Chennai,Sholinganallur,22,25-08-2019
11912,Chennai,Alandur,9.3,25-08-2019
11913,Chennai,Chennai AP,9.3,25-08-2019
11914,Chennai,Anna university,3.2,25-08-2019
11915,Chennai,Gov hr sec school MGR Nagar,1.6,25-08-2019
11916,Chennai,Ambathur,25,29-08-2019
11917,Chennai,Ayanavaram taluk office,20,29-08-2019
11918,Chennai,CD Hospital Tondiarpet,18.5,29-08-2019
11919,Chennai,Perambur Corporation park,18.4,29-08-2019
11920,Chennai,Gov hr sec school MGR Nagar,14.6,29-08-2019
11921,Chennai,Sholinganallur,13,29-08-2019
11922,Chennai,Chennai nungambakkam,11.4,29-08-2019
11923,Chennai,Chennai collectorate building,10.6,29-08-2019
11924,Chennai,Anna university,10.4,29-08-2019
11925,Chennai,DGP Office,8.6,29-08-2019
11926,Chennai,Alandur,6.2,29-08-2019
11927,Chennai,Chennai AP,6.2,29-08-2019
11928,Chennai,Anna university,46.6,31-08-2019
11929,Chennai,Chennai nungambakkam,29.6,31-08-2019
11930,Chennai,Perambur Corporation park,27,31-08-2019
11931,Chennai,Gov hr sec school MGR Nagar,26.2,31-08-2019
11932,Chennai,Ambathur,26,31-08-2019
11933,Chennai,DGP Office,22.4,31-08-2019
11934,Chennai,Ayanavaram taluk office,20,31-08-2019
11935,Chennai,Sholinganallur,16,31-08-2019
11936,Chennai,Alandur,14.5,31-08-2019
11937,Chennai,Chennai AP,14.5,31-08-2019
11938,Chennai,Chennai collectorate building,9.5,31-08-2019
11939,Chennai,CD Hospital Tondiarpet,8.4,31-08-2019
11940,Chennai,Anna university,5,01-09-2019
11941,Chennai,Alandur,4,01-09-2019
11942,Chennai,Chennai AP,4,01-09-2019
11943,Chennai,DGP Office,3.6,01-09-2019
11944,Chennai,Gov hr sec school MGR Nagar,1.2,01-09-2019
11945,Chennai,Sholinganallur,1,01-09-2019
11946,Chennai,Chennai nungambakkam,0.6,01-09-2019
11947,Chennai,Chennai nungambakkam,0.5,02-09-2019
11948,Chennai,Anna university,0.4,02-09-2019
11949,Chennai,Alandur,17,03-09-2019
11950,Chennai,Chennai AP,17,03-09-2019
11951,Chennai,Anna university,14.8,03-09-2019
11952,Chennai,Sholinganallur,4,03-09-2019
11953,Chennai,Gov hr sec school MGR Nagar,1.8,03-09-2019
11954,Chennai,DGP Office,1.3,03-09-2019
11955,Chennai,Chennai nungambakkam,1,03-09-2019
11956,Chennai,DGP Office,14.6,04-09-2019
11957,Chennai,CD Hospital Tondiarpet,9,04-09-2019
11958,Chennai,Sholinganallur,8,04-09-2019
11959,Chennai,Ayanavaram taluk office,5,04-09-2019
11960,Chennai,Gov hr sec school MGR Nagar,4.8,04-09-2019
11961,Chennai,Perambur Corporation park,3.8,04-09-2019
11962,Chennai,Chennai nungambakkam,3.6,04-09-2019
11963,Chennai,Alandur,2.6,04-09-2019
11964,Chennai,Chennai AP,2.6,04-09-2019
11965,Chennai,Chennai collectorate building,2.2,04-09-2019
11966,Chennai,Ambathur,2,04-09-2019
11967,Chennai,Anna university,2,04-09-2019
11968,Chennai,Anna university,11.2,05-09-2019
11969,Chennai,Alandur,9.8,05-09-2019
11970,Chennai,Chennai AP,9.8,05-09-2019
11971,Chennai,Gov hr sec school MGR Nagar,8.2,05-09-2019
11972,Chennai,Chennai nungambakkam,6.8,05-09-2019
11973,Chennai,Ayanavaram taluk office,4,05-09-2019
11974,Chennai,CD Hospital Tondiarpet,3.6,05-09-2019
11975,Chennai,DGP Office,3.4,05-09-2019
11976,Chennai,Ambathur,3,05-09-2019
11977,Chennai,Perambur Corporation park,3,05-09-2019
11978,Chennai,Chennai collectorate building,2.6,05-09-2019
11979,Chennai,Sholinganallur,1,05-09-2019
11980,Chennai,Gov hr sec school MGR Nagar,3.2,07-09-2019
11981,Chennai,Ambathur,3,07-09-2019
11982,Chennai,Chennai nungambakkam,2.8,07-09-2019
11983,Chennai,Chennai collectorate building,2.4,07-09-2019
11984,Chennai,CD Hospital Tondiarpet,1.6,07-09-2019
11985,Chennai,DGP Office,1,07-09-2019
11986,Chennai,Ambathur,31,11-09-2019
11987,Chennai,Chennai nungambakkam,0.7,11-09-2019
11988,Chennai,Ambathur,15,12-09-2019
11989,Chennai,Alandur,12.2,12-09-2019
11990,Chennai,Chennai AP,12.2,12-09-2019
11991,Chennai,Ayanavaram taluk office,7,12-09-2019
11992,Chennai,Perambur Corporation park,6.8,12-09-2019
11993,Chennai,Gov hr sec school MGR Nagar,6.2,12-09-2019
11994,Chennai,Sholinganallur,4,12-09-2019
11995,Chennai,Chennai nungambakkam,3.8,12-09-2019
11996,Chennai,Chennai collectorate building,3.4,12-09-2019
11997,Chennai,Anna university,3.2,12-09-2019
11998,Chennai,CD Hospital Tondiarpet,1.6,12-09-2019
11999,Chennai,DGP Office,1,12-09-2019
12000,Chennai,Alandur,4.6,13-09-2019
12001,Chennai,Chennai AP,4.6,13-09-2019
12002,Chennai,Gov hr sec school MGR Nagar,4.4,13-09-2019
12003,Chennai,Anna university,2.4,13-09-2019
12004,Chennai,Ambathur,2,13-09-2019
12005,Chennai,Sholinganallur,2,13-09-2019
12006,Chennai,DGP Office,1.6,13-09-2019
12007,Chennai,Ambathur,25,16-09-2019
12008,Chennai,Chennai collectorate building,8.8,16-09-2019
12009,Chennai,Ayanavaram taluk office,3,16-09-2019
12010,Chennai,Alandur,2.6,16-09-2019
12011,Chennai,Chennai AP,2.6,16-09-2019
12012,Chennai,CD Hospital Tondiarpet,1.6,16-09-2019
12013,Chennai,Gov hr sec school MGR Nagar,1.2,16-09-2019
12014,Chennai,DGP Office,1,16-09-2019
12015,Chennai,Sholinganallur,1,16-09-2019
12016,Chennai,Perambur Corporation park,0.6,16-09-2019
12017,Chennai,Chennai nungambakkam,0.3,16-09-2019
12018,Chennai,Ambathur,8,17-09-2019
12019,Chennai,Chennai collectorate building,4.4,17-09-2019
12020,Chennai,Gov hr sec school MGR Nagar,4.2,17-09-2019
12021,Chennai,Ayanavaram taluk office,3,17-09-2019
12022,Chennai,Chennai nungambakkam,2.7,17-09-2019
12023,Chennai,Perambur Corporation park,2.7,17-09-2019
12024,Chennai,Anna university,2,17-09-2019
12025,Chennai,Chennai collectorate building,11.2,18-09-2019
12026,Chennai,CD Hospital Tondiarpet,5.5,18-09-2019
12027,Chennai,Anna university,0.6,18-09-2019
12028,Chennai,Ayanavaram taluk office,96,19-09-2019
12029,Chennai,Perambur Corporation park,88.6,19-09-2019
12030,Chennai,Ambathur,85,19-09-2019
12031,Chennai,Chennai collectorate building,78.6,19-09-2019
12032,Chennai,Gov hr sec school MGR Nagar,76.8,19-09-2019
12033,Chennai,Chennai nungambakkam,74,19-09-2019
12034,Chennai,DGP Office,70.6,19-09-2019
12035,Chennai,CD Hospital Tondiarpet,65.5,19-09-2019
12036,Chennai,Alandur,62.2,19-09-2019
12037,Chennai,Chennai AP,62.2,19-09-2019
12038,Chennai,Anna university,59.4,19-09-2019
12039,Chennai,Sholinganallur,2,19-09-2019
12040,Chennai,Ayanavaram taluk office,33,20-09-2019
12041,Chennai,Sholinganallur,28,20-09-2019
12042,Chennai,Chennai collectorate building,25.8,20-09-2019
12043,Chennai,Gov hr sec school MGR Nagar,18.2,20-09-2019
12044,Chennai,Perambur Corporation park,18,20-09-2019
12045,Chennai,Anna university,13.6,20-09-2019
12046,Chennai,DGP Office,8.6,20-09-2019
12047,Chennai,Ambathur,6,20-09-2019
12048,Chennai,Chennai nungambakkam,2.2,20-09-2019
12049,Chennai,CD Hospital Tondiarpet,1.8,20-09-2019
12050,Chennai,Alandur,1.7,20-09-2019
12051,Chennai,Chennai AP,1.7,20-09-2019
12052,Chennai,Ayanavaram taluk office,8,21-09-2019
12053,Chennai,Ambathur,48,22-09-2019
12054,Chennai,Alandur,54.2,23-09-2019
12055,Chennai,Chennai AP,54.2,23-09-2019
12056,Chennai,Anna university,52.6,23-09-2019
12057,Chennai,Gov hr sec school MGR Nagar,49.3,23-09-2019
12058,Chennai,Ambathur,38,23-09-2019
12059,Chennai,Sholinganallur,30,23-09-2019
12060,Chennai,DGP Office,14.2,23-09-2019
12061,Chennai,Chennai nungambakkam,11.8,23-09-2019
12062,Chennai,Perambur Corporation park,7.5,23-09-2019
12063,Chennai,Ayanavaram taluk office,6,23-09-2019
12064,Chennai,CD Hospital Tondiarpet,5.4,23-09-2019
12065,Chennai,DGP Office,62.6,24-09-2019
12066,Chennai,CD Hospital Tondiarpet,29,24-09-2019
12067,Chennai,Chennai collectorate building,23.8,24-09-2019
12068,Chennai,Sholinganallur,20,24-09-2019
12069,Chennai,Anna university,11.2,24-09-2019
12070,Chennai,Gov hr sec school MGR Nagar,8.4,24-09-2019
12071,Chennai,Perambur Corporation park,7.5,24-09-2019
12072,Chennai,Ayanavaram taluk office,6,24-09-2019
12073,Chennai,Chennai nungambakkam,5.6,24-09-2019
12074,Chennai,Alandur,4.4,24-09-2019
12075,Chennai,Chennai AP,4.4,24-09-2019
12076,Chennai,Ambathur,6,25-09-2019
12077,Chennai,Sholinganallur,2,25-09-2019
12078,Chennai,Chennai collectorate building,1.6,25-09-2019
12079,Chennai,DGP Office,1,25-09-2019
12080,Chennai,Anna university,0.4,25-09-2019
12081,Chennai,Sholinganallur,42,26-09-2019
12082,Chennai,Gov hr sec school MGR Nagar,36.8,26-09-2019
12083,Chennai,Anna university,32.8,26-09-2019
12084,Chennai,Chennai collectorate building,32.4,26-09-2019
12085,Chennai,Ayanavaram taluk office,29,26-09-2019
12086,Chennai,Ambathur,28,26-09-2019
12087,Chennai,Perambur Corporation park,26,26-09-2019
12088,Chennai,Alandur,23.4,26-09-2019
12089,Chennai,Chennai AP,23.4,26-09-2019
12090,Chennai,CD Hospital Tondiarpet,22.3,26-09-2019
12091,Chennai,Chennai nungambakkam,19,26-09-2019
12092,Chennai,DGP Office,17.6,26-09-2019
12093,Chennai,Sholinganallur,4,01-10-2019
12094,Chennai,Gov hr sec school MGR Nagar,0.6,10-10-2019
12095,Chennai,Ambathur,7,12-10-2019
12096,Chennai,Gov hr sec school MGR Nagar,26.8,15-10-2019
12097,Chennai,Ambathur,24,15-10-2019
12098,Chennai,Alandur,7.8,15-10-2019
12099,Chennai,Chennai AP,7.8,15-10-2019
12100,Chennai,Anna university,5.2,15-10-2019
12101,Chennai,DGP Office,4.8,15-10-2019
12102,Chennai,Sholinganallur,4,15-10-2019
12103,Chennai,Ayanavaram taluk office,3,15-10-2019
12104,Chennai,Perambur Corporation park,2,15-10-2019
12105,Chennai,Chennai nungambakkam,0.2,15-10-2019
12106,Chennai,Alandur,53,16-10-2019
12107,Chennai,CD Hospital Tondiarpet,34,16-10-2019
12108,Chennai,Ambathur,24,16-10-2019
12109,Chennai,Chennai collectorate building,22.6,16-10-2019
12110,Chennai,DGP Office,10.6,16-10-2019
12111,Chennai,Ayanavaram taluk office,7,16-10-2019
12112,Chennai,Sholinganallur,7,16-10-2019
12113,Chennai,Chennai nungambakkam,6.7,16-10-2019
12114,Chennai,Perambur Corporation park,6.3,16-10-2019
12115,Chennai,Chennai AP,5.3,16-10-2019
12116,Chennai,Gov hr sec school MGR Nagar,4.6,16-10-2019
12117,Chennai,Anna university,4.4,16-10-2019
12118,Chennai,Anna university,45.2,17-10-2019
12119,Chennai,Alandur,43,17-10-2019
12120,Chennai,Chennai AP,43,17-10-2019
12121,Chennai,Gov hr sec school MGR Nagar,38.2,17-10-2019
12122,Chennai,Ambathur,28,17-10-2019
12123,Chennai,Sholinganallur,24,17-10-2019
12124,Chennai,DGP Office,14.8,17-10-2019
12125,Chennai,Chennai collectorate building,7.6,17-10-2019
12126,Chennai,Chennai nungambakkam,7.4,17-10-2019
12127,Chennai,Ayanavaram taluk office,6,17-10-2019
12128,Chennai,CD Hospital Tondiarpet,5.5,17-10-2019
12129,Chennai,Perambur Corporation park,4.5,17-10-2019
12130,Chennai,Ayanavaram taluk office,132,18-10-2019
12131,Chennai,Perambur Corporation park,117,18-10-2019
12132,Chennai,Chennai nungambakkam,101.5,18-10-2019
12133,Chennai,DGP Office,86.8,18-10-2019
12134,Chennai,Gov hr sec school MGR Nagar,67.4,18-10-2019
12135,Chennai,Ambathur,64,18-10-2019
12136,Chennai,Chennai collectorate building,52.4,18-10-2019
12137,Chennai,Anna university,31.2,18-10-2019
12138,Chennai,CD Hospital Tondiarpet,28.8,18-10-2019
12139,Chennai,Sholinganallur,20,18-10-2019
12140,Chennai,Alandur,12.3,18-10-2019
12141,Chennai,Chennai AP,12.3,18-10-2019
12142,Chennai,Sholinganallur,33,19-10-2019
12143,Chennai,Chennai collectorate building,16,19-10-2019
12144,Chennai,CD Hospital Tondiarpet,13.5,19-10-2019
12145,Chennai,Ayanavaram taluk office,10,19-10-2019
12146,Chennai,Ambathur,7,19-10-2019
12147,Chennai,DGP Office,6.2,19-10-2019
12148,Chennai,Chennai nungambakkam,5.2,19-10-2019
12149,Chennai,Alandur,1.9,19-10-2019
12150,Chennai,Chennai AP,1.9,19-10-2019
12151,Chennai,Anna university,0.6,19-10-2019
12152,Chennai,Ambathur,23,20-10-2019
12153,Chennai,Chennai collectorate building,14.8,20-10-2019
12154,Chennai,Ayanavaram taluk office,14.2,20-10-2019
12155,Chennai,CD Hospital Tondiarpet,11.7,20-10-2019
12156,Chennai,Perambur Corporation park,10.6,20-10-2019
12157,Chennai,Sholinganallur,10,20-10-2019
12158,Chennai,DGP Office,8.2,20-10-2019
12159,Chennai,Chennai nungambakkam,8.1,20-10-2019
12160,Chennai,Gov hr sec school MGR Nagar,6.4,20-10-2019
12161,Chennai,Anna university,3.2,20-10-2019
12162,Chennai,Alandur,3,20-10-2019
12163,Chennai,Chennai AP,3,20-10-2019
12164,Chennai,Alandur,62.8,21-10-2019
12165,Chennai,Chennai AP,62.8,21-10-2019
12166,Chennai,Gov hr sec school MGR Nagar,41.2,21-10-2019
12167,Chennai,Chennai nungambakkam,39.9,21-10-2019
12168,Chennai,Ayanavaram taluk office,38.3,21-10-2019
12169,Chennai,Sholinganallur,30,21-10-2019
12170,Chennai,Perambur Corporation park,28.2,21-10-2019
12171,Chennai,Anna university,27.4,21-10-2019
12172,Chennai,Ambathur,22,21-10-2019
12173,Chennai,DGP Office,18.6,21-10-2019
12174,Chennai,Chennai collectorate building,15.2,21-10-2019
12175,Chennai,CD Hospital Tondiarpet,6.3,21-10-2019
12176,Chennai,Ambathur,35,22-10-2019
12177,Chennai,DGP Office,30.8,22-10-2019
12178,Chennai,Sholinganallur,30,22-10-2019
12179,Chennai,Anna university,29.2,22-10-2019
12180,Chennai,Chennai collectorate building,28.4,22-10-2019
12181,Chennai,Chennai nungambakkam,23.4,22-10-2019
12182,Chennai,Ayanavaram taluk office,20,22-10-2019
12183,Chennai,CD Hospital Tondiarpet,19.8,22-10-2019
12184,Chennai,Alandur,15.8,22-10-2019
12185,Chennai,Chennai AP,15.8,22-10-2019
12186,Chennai,Gov hr sec school MGR Nagar,14.6,22-10-2019
12187,Chennai,Perambur Corporation park,12.6,22-10-2019
12188,Chennai,DGP Office,6.6,23-10-2019
12189,Chennai,Chennai collectorate building,4.4,23-10-2019
12190,Chennai,Ambathur,4,23-10-2019
12191,Chennai,Ayanavaram taluk office,4,23-10-2019
12192,Chennai,Gov hr sec school MGR Nagar,3.2,23-10-2019
12193,Chennai,Anna university,2.8,23-10-2019
12194,Chennai,Chennai nungambakkam,1.1,23-10-2019
12195,Chennai,Chennai AP,1,23-10-2019
12196,Chennai,Ayanavaram taluk office,4,24-10-2019
12197,Chennai,Perambur Corporation park,3,24-10-2019
12198,Chennai,Chennai nungambakkam,2.1,24-10-2019
12199,Chennai,Chennai collectorate building,1.2,24-10-2019
12200,Chennai,DGP Office,1,24-10-2019
12201,Chennai,Anna university,0.6,24-10-2019
12202,Chennai,Alandur,0.2,24-10-2019
12203,Chennai,Chennai AP,0.2,24-10-2019
12204,Chennai,Anna university,0.4,25-10-2019
12205,Chennai,Alandur,24.8,26-10-2019
12206,Chennai,Ayanavaram taluk office,20.2,26-10-2019
12207,Chennai,Chennai collectorate building,18.4,26-10-2019
12208,Chennai,Chennai nungambakkam,18,26-10-2019
12209,Chennai,CD Hospital Tondiarpet,16.2,26-10-2019
12210,Chennai,Perambur Corporation park,14.1,26-10-2019
12211,Chennai,Ambathur,13,26-10-2019
12212,Chennai,Gov hr sec school MGR Nagar,12.3,26-10-2019
12213,Chennai,Anna university,10.2,26-10-2019
12214,Chennai,DGP Office,8.6,26-10-2019
12215,Chennai,Sholinganallur,4,26-10-2019
12216,Chennai,Chennai collectorate building,8,27-10-2019
12217,Chennai,Alandur,37,28-10-2019
12218,Chennai,Anna university,8.2,28-10-2019
12219,Chennai,Gov hr sec school MGR Nagar,4.2,28-10-2019
12220,Chennai,Perambur Corporation park,4.1,28-10-2019
12221,Chennai,Ayanavaram taluk office,3,28-10-2019
12222,Chennai,Sholinganallur,3,28-10-2019
12223,Chennai,Ambathur,27,29-10-2019
12224,Chennai,Chennai nungambakkam,14,29-10-2019
12225,Chennai,Sholinganallur,13,29-10-2019
12226,Chennai,Anna university,12.8,29-10-2019
12227,Chennai,DGP Office,11.2,29-10-2019
12228,Chennai,Alandur,7.6,29-10-2019
12229,Chennai,Ayanavaram taluk office,5,29-10-2019
12230,Chennai,Chennai collectorate building,5,29-10-2019
12231,Chennai,Gov hr sec school MGR Nagar,4.8,29-10-2019
12232,Chennai,Perambur Corporation park,3.1,29-10-2019
12233,Chennai,CD Hospital Tondiarpet,2.7,29-10-2019
12234,Chennai,Sholinganallur,94,30-10-2019
12235,Chennai,Anna university,76.2,30-10-2019
12236,Chennai,Gov hr sec school MGR Nagar,75.8,30-10-2019
12237,Chennai,Ambathur,55,30-10-2019
12238,Chennai,Alandur,52.2,30-10-2019
12239,Chennai,Perambur Corporation park,46.2,30-10-2019
12240,Chennai,DGP Office,42.6,30-10-2019
12241,Chennai,Chennai nungambakkam,39.6,30-10-2019
12242,Chennai,Chennai collectorate building,36.6,30-10-2019
12243,Chennai,Ayanavaram taluk office,36,30-10-2019
12244,Chennai,CD Hospital Tondiarpet,29.7,30-10-2019
12245,Chennai,Sholinganallur,53,31-10-2019
12246,Chennai,Gov hr sec school MGR Nagar,30.6,31-10-2019
12247,Chennai,Ambathur,27,31-10-2019
12248,Chennai,Alandur,17.4,31-10-2019
12249,Chennai,Anna university,17,31-10-2019
12250,Chennai,Ayanavaram taluk office,17,31-10-2019
12251,Chennai,CD Hospital Tondiarpet,16.2,31-10-2019
12252,Chennai,Perambur Corporation park,15.2,31-10-2019
12253,Chennai,DGP Office,14.6,31-10-2019
12254,Chennai,Chennai nungambakkam,12.4,31-10-2019
12255,Chennai,Chennai collectorate building,10.4,31-10-2019
12256,Chennai,CD Hospital Tondiarpet,7,01-11-2019
12257,Chennai,Chennai collectorate building,6.4,01-11-2019
12258,Chennai,Ayanavaram taluk office,6,01-11-2019
12259,Chennai,Chennai nungambakkam,3.2,01-11-2019
12260,Chennai,Anna university,2.2,01-11-2019
12261,Chennai,Gov hr sec school MGR Nagar,1.2,01-11-2019
12262,Chennai,Sholinganallur,1,01-11-2019
12263,Chennai,Alandur,0.2,01-11-2019
12264,Chennai,Gov hr sec school MGR Nagar,0.9,02-11-2019
12265,Chennai,Sholinganallur,8,03-11-2019
12266,Chennai,Ayanavaram taluk office,3,13-11-2019
12267,Chennai,Sholinganallur,2,13-11-2019
12268,Chennai,Ayanavaram taluk office,3,14-11-2019
12269,Chennai,Sholinganallur,11,15-11-2019
12270,Chennai,Ayanavaram taluk office,9,15-11-2019
12271,Chennai,Gov hr sec school MGR Nagar,8.2,15-11-2019
12272,Chennai,Chennai collectorate building,8,15-11-2019
12273,Chennai,Alandur,7.1,15-11-2019
12274,Chennai,Anna university,4.6,15-11-2019
12275,Chennai,Ambathur,4,15-11-2019
12276,Chennai,Chennai nungambakkam,3.2,15-11-2019
12277,Chennai,DGP Office,2.4,15-11-2019
12278,Chennai,Chennai nungambakkam,1,16-11-2019
12279,Chennai,Gov hr sec school MGR Nagar,0.3,16-11-2019
12280,Chennai,Chennai nungambakkam,2.9,17-11-2019
12281,Chennai,Chennai collectorate building,6,18-11-2019
12282,Chennai,DGP Office,4.6,18-11-2019
12283,Chennai,Anna university,4.4,18-11-2019
12284,Chennai,Alandur,3.9,18-11-2019
12285,Chennai,Chennai nungambakkam,2.8,18-11-2019
12286,Chennai,Ayanavaram taluk office,2,18-11-2019
12287,Chennai,Sholinganallur,2,18-11-2019
12288,Chennai,Gov hr sec school MGR Nagar,1.7,18-11-2019
12289,Chennai,Alandur,3.2,19-11-2019
12290,Chennai,Sholinganallur,3,19-11-2019
12291,Chennai,Gov hr sec school MGR Nagar,1.4,19-11-2019
12292,Chennai,Sholinganallur,55,20-11-2019
12293,Chennai,Alandur,19,20-11-2019
12294,Chennai,Ayanavaram taluk office,19,20-11-2019
12295,Chennai,Perambur Corporation park,14.1,20-11-2019
12296,Chennai,Ambathur,10,20-11-2019
12297,Chennai,Gov hr sec school MGR Nagar,8.7,20-11-2019
12298,Chennai,Anna university,7.2,20-11-2019
12299,Chennai,DGP Office,6,20-11-2019
12300,Chennai,Chennai collectorate building,0.8,20-11-2019
12301,Chennai,Chennai nungambakkam,0.2,20-11-2019
12302,Chennai,Chennai collectorate building,11.6,21-11-2019
12303,Chennai,Alandur,8.6,21-11-2019
12304,Chennai,DGP Office,6.4,21-11-2019
12305,Chennai,Anna university,5.2,21-11-2019
12306,Chennai,Perambur Corporation park,5,21-11-2019
12307,Chennai,CD Hospital Tondiarpet,4.5,21-11-2019
12308,Chennai,Gov hr sec school MGR Nagar,4.4,21-11-2019
12309,Chennai,Ambathur,3,21-11-2019
12310,Chennai,Sholinganallur,3,21-11-2019
12311,Chennai,Sholinganallur,59,22-11-2019
12312,Chennai,Anna university,24.4,22-11-2019
12313,Chennai,Ambathur,23,22-11-2019
12314,Chennai,Gov hr sec school MGR Nagar,20.6,22-11-2019
12315,Chennai,Ayanavaram taluk office,7,22-11-2019
12316,Chennai,DGP Office,6.6,22-11-2019
12317,Chennai,Alandur,6.4,22-11-2019
12318,Chennai,Perambur Corporation park,5.2,22-11-2019
12319,Chennai,Chennai collectorate building,5,22-11-2019
12320,Chennai,Sholinganallur,55,23-11-2019
12321,Chennai,DGP Office,8.6,23-11-2019
12322,Chennai,Alandur,8.4,23-11-2019
12323,Chennai,Chennai nungambakkam,4.4,23-11-2019
12324,Chennai,Chennai collectorate building,2.8,23-11-2019
12325,Chennai,Anna university,2.4,23-11-2019
12326,Chennai,Ayanavaram taluk office,2,23-11-2019
12327,Chennai,Gov hr sec school MGR Nagar,1.2,23-11-2019
12328,Chennai,Anna university,45.2,24-11-2019
12329,Chennai,Chennai collectorate building,35,24-11-2019
12330,Chennai,Sholinganallur,25,24-11-2019
12331,Chennai,DGP Office,22.6,24-11-2019
12332,Chennai,Gov hr sec school MGR Nagar,13.6,24-11-2019
12333,Chennai,Ayanavaram taluk office,7,24-11-2019
12334,Chennai,Alandur,5.6,24-11-2019
12335,Chennai,CD Hospital Tondiarpet,5.2,24-11-2019
12336,Chennai,Chennai nungambakkam,4.5,24-11-2019
12337,Chennai,Perambur Corporation park,4.3,24-11-2019
12338,Chennai,Ambathur,1,25-11-2019
12339,Chennai,Anna university,0.6,25-11-2019
12340,Chennai,Alandur,0.2,25-11-2019
12341,Chennai,Sholinganallur,12,26-11-2019
12342,Chennai,Anna university,1.8,26-11-2019
12343,Chennai,Gov hr sec school MGR Nagar,0.3,26-11-2019
12344,Chennai,Sholinganallur,10,27-11-2019
12345,Chennai,Sholinganallur,50,28-11-2019
12346,Chennai,Anna university,44.6,28-11-2019
12347,Chennai,Alandur,42.2,28-11-2019
12348,Chennai,Gov hr sec school MGR Nagar,35.8,28-11-2019
12349,Chennai,Chennai collectorate building,20.8,28-11-2019
12350,Chennai,Chennai nungambakkam,19.1,28-11-2019
12351,Chennai,DGP Office,16.4,28-11-2019
12352,Chennai,Ambathur,16,28-11-2019
12353,Chennai,CD Hospital Tondiarpet,15.3,28-11-2019
12354,Chennai,Ayanavaram taluk office,15,28-11-2019
12355,Chennai,Perambur Corporation park,8,28-11-2019
12356,Chennai,Sholinganallur,50,29-11-2019
12357,Chennai,Ambathur,26,29-11-2019
12358,Chennai,CD Hospital Tondiarpet,22.5,29-11-2019
12359,Chennai,DGP Office,22.4,29-11-2019
12360,Chennai,Perambur Corporation park,22,29-11-2019
12361,Chennai,Alandur,18.3,29-11-2019
12362,Chennai,Ayanavaram taluk office,18,29-11-2019
12363,Chennai,Chennai collectorate building,17,29-11-2019
12364,Chennai,Anna university,16.2,29-11-2019
12365,Chennai,Gov hr sec school MGR Nagar,14.8,29-11-2019
12366,Chennai,Chennai nungambakkam,14.2,29-11-2019
12367,Chennai,Sholinganallur,13,30-11-2019
12368,Chennai,Ambathur,10,30-11-2019
12369,Chennai,DGP Office,8.6,30-11-2019
12370,Chennai,Anna university,5.8,30-11-2019
12371,Chennai,Gov hr sec school MGR Nagar,5.2,30-11-2019
12372,Chennai,Chennai nungambakkam,4.4,30-11-2019
12373,Chennai,Alandur,3.4,30-11-2019
12374,Chennai,Chennai collectorate building,2.8,30-11-2019
12375,Chennai,CD Hospital Tondiarpet,2.7,30-11-2019
12376,Chennai,Ayanavaram taluk office,2,30-11-2019
12377,Chennai,Sholinganallur,112,01-12-2019
12378,Chennai,Anna university,106.8,01-12-2019
12379,Chennai,DGP Office,102.6,01-12-2019
12380,Chennai,Gov hr sec school MGR Nagar,92.2,01-12-2019
12381,Chennai,Ambathur,92,01-12-2019
12382,Chennai,Alandur,61.8,01-12-2019
12383,Chennai,Ayanavaram taluk office,58,01-12-2019
12384,Chennai,Chennai nungambakkam,54.4,01-12-2019
12385,Chennai,Perambur Corporation park,49.1,01-12-2019
12386,Chennai,Chennai collectorate building,37,01-12-2019
12387,Chennai,CD Hospital Tondiarpet,27,01-12-2019
12388,Chennai,Sholinganallur,74,02-12-2019
12389,Chennai,DGP Office,66.2,02-12-2019
12390,Chennai,Ambathur,62,02-12-2019
12391,Chennai,Perambur Corporation park,59,02-12-2019
12392,Chennai,CD Hospital Tondiarpet,58.5,02-12-2019
12393,Chennai,Alandur,58.4,02-12-2019
12394,Chennai,Gov hr sec school MGR Nagar,53.4,02-12-2019
12395,Chennai,Ayanavaram taluk office,48,02-12-2019
12396,Chennai,Anna university,45.4,02-12-2019
12397,Chennai,Chennai nungambakkam,43.1,02-12-2019
12398,Chennai,Chennai collectorate building,36.4,02-12-2019
12399,Chennai,DGP Office,22.4,03-12-2019
12400,Chennai,Anna university,17.2,03-12-2019
12401,Chennai,Alandur,7.9,03-12-2019
12402,Chennai,Ambathur,2,03-12-2019
12403,Chennai,Sholinganallur,2,03-12-2019
12404,Chennai,Gov hr sec school MGR Nagar,1.6,03-12-2019
12405,Chennai,Chennai nungambakkam,0.5,03-12-2019
12406,Chennai,Sholinganallur,3,04-12-2019
12407,Chennai,Anna university,0.4,05-12-2019
12408,Chennai,Gov hr sec school MGR Nagar,0.3,05-12-2019
12409,Chennai,Chennai collectorate building,14.2,15-12-2019
12410,Chennai,Ayanavaram taluk office,14,15-12-2019
12411,Chennai,Sholinganallur,11,15-12-2019
12412,Chennai,DGP Office,6.4,15-12-2019
12413,Chennai,Gov hr sec school MGR Nagar,5.9,15-12-2019
12414,Chennai,Perambur Corporation park,5,15-12-2019
12415,Chennai,Ambathur,5,15-12-2019
12416,Chennai,CD Hospital Tondiarpet,4.5,15-12-2019
12417,Chennai,Alandur,4.4,15-12-2019
12418,Chennai,Chennai nungambakkam,3.7,15-12-2019
12419,Chennai,Anna university,2.6,15-12-2019
12420,Chennai,Chennai collectorate building,3.4,16-12-2019
12421,Chennai,Ayanavaram taluk office,3,16-12-2019
12422,Chennai,Ambathur,2,16-12-2019
12423,Chennai,Perambur Corporation park,1.3,16-12-2019
12424,Chennai,Chennai nungambakkam,0.9,16-12-2019
12425,Chennai,Ambathur,4,17-12-2019
12426,Chennai,Ayanavaram taluk office,3,17-12-2019
12427,Chennai,Chennai collectorate building,2.8,17-12-2019
12428,Chennai,Gov hr sec school MGR Nagar,2.6,17-12-2019
12429,Chennai,Chennai nungambakkam,2.4,17-12-2019
12430,Chennai,Anna university,1.4,17-12-2019
12431,Chennai,Chennai nungambakkam,5.4,18-12-2019
12432,Chennai,Perambur Corporation park,4.1,18-12-2019
12433,Chennai,Chennai nungambakkam,0.1,19-12-2019
12434,Chennai,Sholinganallur,9,25-12-2019
12435,Chennai,DGP Office,4.6,25-12-2019
12436,Chennai,Anna university,3.6,25-12-2019
12437,Chennai,Ambathur,3,25-12-2019
12438,Chennai,Chennai collectorate building,2,25-12-2019
12439,Chennai,Alandur,1.3,25-12-2019
12440,Chennai,Gov hr sec school MGR Nagar,1.2,25-12-2019
12441,Chennai,Chennai nungambakkam,0.3,25-12-2019
12442,Chennai,Chennai collectorate building,41,30-12-2019
12443,Chennai,CD Hospital Tondiarpet,37.8,30-12-2019
12444,Chennai,DGP Office,36.4,30-12-2019
12445,Chennai,Perambur Corporation park,36,30-12-2019
12446,Chennai,Gov hr sec school MGR Nagar,32.5,30-12-2019
12447,Chennai,Chennai nungambakkam,30.6,30-12-2019
12448,Chennai,Ayanavaram taluk office,29,30-12-2019
12449,Chennai,Anna university,15.4,30-12-2019
12450,Chennai,Alandur,11.6,30-12-2019
12451,Chennai,Sholinganallur,11,30-12-2019
12452,Chennai,Ambathur,10,30-12-2019
12453,Chennai,Ambathur,22,31-12-2019
12454,Chennai,Anna university,11.4,31-12-2019
12455,Chennai,Gov hr sec school MGR Nagar,5.8,31-12-2019
12456,Chennai,Alandur,4,31-12-2019
12457,Chennai,Perambur Corporation park,2.5,31-12-2019
12458,Chennai,Ayanavaram taluk office,1,31-12-2019
12459,Chennai,Sholinganallur,42,01-01-2020
12460,Chennai,Gov hr sec school MGR Nagar,8.2,01-01-2020
12461,Chennai,Ambathur,6,01-01-2020
12462,Chennai,Alandur,5.1,01-01-2020
12463,Chennai,Perambur Corporation park,3,01-01-2020
12464,Chennai,Sholinganallur,86,02-01-2020
12465,Chennai,Perambur Corporation park,49,02-01-2020
12466,Chennai,Ayanavaram taluk office,48,02-01-2020
12467,Chennai,Ambathur,47,02-01-2020
12468,Chennai,Alandur,32.9,02-01-2020
12469,Chennai,Gov hr sec school MGR Nagar,30.2,02-01-2020
12470,Chennai,Chennai nungambakkam,26,02-01-2020
12471,Chennai,Anna university,22.6,02-01-2020
12472,Chennai,CD Hospital Tondiarpet,18,02-01-2020
12473,Chennai,Chennai collectorate building,11,02-01-2020
12474,Chennai,DGP Office,8.5,02-01-2020
12475,Chennai,Sholinganallur,2,03-01-2020
12476,Chennai,CD Hospital Tondiarpet,12.6,07-01-2020
12477,Chennai,Chennai collectorate building,10.4,07-01-2020
12478,Chennai,Perambur Corporation park,10.2,07-01-2020
12479,Chennai,DGP Office,8.6,07-01-2020
12480,Chennai,Gov hr sec school MGR Nagar,6,07-01-2020
12481,Chennai,Ambathur,5,07-01-2020
12482,Chennai,Ayanavaram taluk office,5,07-01-2020
12483,Chennai,Sholinganallur,4,07-01-2020
12484,Chennai,Anna university,2.8,07-01-2020
12485,Chennai,Alandur,2.1,07-01-2020
12486,Chennai,Chennai nungambakkam,1,07-01-2020
12487,Chennai,Chennai collectorate building,1.8,10-02-2020
12488,Chennai,DGP Office,32.6,10-04-2020
12489,Chennai,Alandur,24,10-04-2020
12490,Chennai,Ambathur,23,10-04-2020
12491,Chennai,Chennai collectorate building,21.8,10-04-2020
12492,Chennai,Gov hr sec school MGR Nagar,15.4,10-04-2020
12493,Chennai,Anna university,13.2,10-04-2020
12494,Chennai,CD Hospital Tondiarpet,12.5,10-04-2020
12495,Chennai,Chennai nungambakkam,9.2,10-04-2020
12496,Chennai,Sholinganallur,4,10-04-2020
12497,Chennai,Ayanavaram taluk office,4,10-04-2020
12498,Chennai,Perambur Corporation park,3,10-04-2020
12499,Chennai,Ambathur,27,27-04-2020
12500,Chennai,Chennai nungambakkam,16.4,27-04-2020
12501,Chennai,Alandur,8.5,27-04-2020
12502,Chennai,Chennai collectorate building,4.2,27-04-2020
12503,Chennai,Ayanavaram taluk office,3.2,27-04-2020
12504,Chennai,Perambur Corporation park,3,27-04-2020
12505,Chennai,Ambathur,8,07-06-2020
12506,Chennai,Chennai nungambakkam,3.9,07-06-2020
12507,Chennai,Anna university,2.8,07-06-2020
12508,Chennai,Anna university,0.2,10-06-2020
12509,Chennai,Anna university,1.2,11-06-2020
12510,Chennai,Chennai nungambakkam,0.5,11-06-2020
12511,Chennai,Chennai collectorate building,0.4,11-06-2020
12512,Chennai,Gov hr sec school MGR Nagar,0.2,11-06-2020
12513,Chennai,CD Hospital Tondiarpet,0.2,11-06-2020
12514,Chennai,Perambur Corporation park,4,12-06-2020
12515,Chennai,Chennai collectorate building,4,12-06-2020
12516,Chennai,DGP Office,4,12-06-2020
12517,Chennai,Gov hr sec school MGR Nagar,2.5,12-06-2020
12518,Chennai,Ayanavaram taluk office,2,12-06-2020
12519,Chennai,Ambathur,2,12-06-2020
12520,Chennai,CD Hospital Tondiarpet,2,12-06-2020
12521,Chennai,Chennai nungambakkam,1.6,12-06-2020
12522,Chennai,Anna university,1.2,12-06-2020
12523,Chennai,Alandur,1.2,12-06-2020
12524,Chennai,Sholinganallur,0.5,12-06-2020
12525,Chennai,Ambathur,21,17-06-2020
12526,Chennai,Chennai nungambakkam,4.2,21-06-2020
12527,Chennai,Ayanavaram taluk office,4,21-06-2020
12528,Chennai,DGP Office,2.4,21-06-2020
12529,Chennai,Ambathur,2,21-06-2020
12530,Chennai,Alandur,1.7,21-06-2020
12531,Chennai,Gov hr sec school MGR Nagar,1.7,21-06-2020
12532,Chennai,Anna university,1.4,21-06-2020
12533,Chennai,Perambur Corporation park,16,22-06-2020
12534,Chennai,Ayanavaram taluk office,15.2,22-06-2020
12535,Chennai,DGP Office,9.4,22-06-2020
12536,Chennai,Chennai collectorate building,9,22-06-2020
12537,Chennai,Chennai nungambakkam,7.4,22-06-2020
12538,Chennai,Ambathur,6,22-06-2020
12539,Chennai,Anna university,4.2,22-06-2020
12540,Chennai,Gov hr sec school MGR Nagar,3.5,22-06-2020
12541,Chennai,Alandur,1.6,22-06-2020
12542,Chennai,Sholinganallur,1.5,22-06-2020
12543,Chennai,CD Hospital Tondiarpet,1,22-06-2020
12544,Chennai,Alandur,0.2,24-06-2020
12545,Chennai,Anna university,1.2,26-06-2020
12546,Chennai,Chennai collectorate building,1,26-06-2020
12547,Chennai,DGP Office,1,26-06-2020
12548,Chennai,Ayanavaram taluk office,1,26-06-2020
12549,Chennai,Chennai nungambakkam,1,26-06-2020
12550,Chennai,Ambathur,1,26-06-2020
12551,Chennai,Gov hr sec school MGR Nagar,0.7,26-06-2020
12552,Chennai,Chennai nungambakkam,17,29-06-2020
12553,Chennai,Anna university,14.8,29-06-2020
12554,Chennai,Gov hr sec school MGR Nagar,6.3,29-06-2020
12555,Chennai,Alandur,6.2,29-06-2020
12556,Chennai,DGP Office,4.6,29-06-2020
12557,Chennai,Sholinganallur,2,29-06-2020
12558,Chennai,Ayanavaram taluk office,2,29-06-2020
12559,Chennai,Chennai collectorate building,24.6,30-06-2020
12560,Chennai,DGP Office,12.6,30-06-2020
12561,Chennai,Chennai nungambakkam,9,30-06-2020
12562,Chennai,Sholinganallur,7,30-06-2020
12563,Chennai,CD Hospital Tondiarpet,6,30-06-2020
12564,Chennai,Gov hr sec school MGR Nagar,5.3,30-06-2020
12565,Chennai,Ayanavaram taluk office,5,30-06-2020
12566,Chennai,Perambur Corporation park,3,30-06-2020
12567,Chennai,Anna university,2.2,30-06-2020
12568,Chennai,Ambathur,2,30-06-2020
12569,Chennai,Alandur,1.8,30-06-2020
12570,Chennai,Anna university,6.4,01-07-2020
12571,Chennai,Chennai collectorate building,32.2,02-07-2020
12572,Chennai,Ayanavaram taluk office,30,02-07-2020
12573,Chennai,Perambur Corporation park,29,02-07-2020
12574,Chennai,DGP Office,12.6,02-07-2020
12575,Chennai,Chennai nungambakkam,10.8,02-07-2020
12576,Chennai,Gov hr sec school MGR Nagar,8.3,02-07-2020
12577,Chennai,Alandur,6.3,02-07-2020
12578,Chennai,Sholinganallur,3.5,02-07-2020
12579,Chennai,Ambathur,2.5,02-07-2020
12580,Chennai,Anna university,2.3,02-07-2020
12581,Chennai,CD Hospital Tondiarpet,2,02-07-2020
12582,Chennai,Anna university,5.2,03-07-2020
12583,Chennai,Chennai collectorate building,3.8,03-07-2020
12584,Chennai,DGP Office,3.2,03-07-2020
12585,Chennai,Ayanavaram taluk office,3,03-07-2020
12586,Chennai,Perambur Corporation park,3,03-07-2020
12587,Chennai,Sholinganallur,3,03-07-2020
12588,Chennai,Gov hr sec school MGR Nagar,3,03-07-2020
12589,Chennai,Alandur,2.1,03-07-2020
12590,Chennai,Chennai nungambakkam,1.1,03-07-2020
12591,Chennai,Ambathur,1,03-07-2020
12592,Chennai,Alandur,8.6,04-07-2020
12593,Chennai,Ambathur,4,04-07-2020
12594,Chennai,Sholinganallur,4,04-07-2020
12595,Chennai,Anna university,3.4,04-07-2020
12596,Chennai,Ayanavaram taluk office,2,04-07-2020
12597,Chennai,Chennai collectorate building,1.6,04-07-2020
12598,Chennai,Gov hr sec school MGR Nagar,1.4,04-07-2020
12599,Chennai,CD Hospital Tondiarpet,1.4,04-07-2020
12600,Chennai,Chennai nungambakkam,1.3,04-07-2020
12601,Chennai,Perambur Corporation park,1.2,04-07-2020
12602,Chennai,DGP Office,0.5,04-07-2020
12603,Chennai,Alandur,0.1,05-07-2020
12604,Chennai,Alandur,109.4,10-07-2020
12605,Chennai,Anna university,93.8,10-07-2020
12606,Chennai,DGP Office,60.4,10-07-2020
12607,Chennai,Sholinganallur,45,10-07-2020
12608,Chennai,Chennai collectorate building,35,10-07-2020
12609,Chennai,Ambathur,9,10-07-2020
12610,Chennai,Chennai nungambakkam,8.8,10-07-2020
12611,Chennai,Perambur Corporation park,8.3,10-07-2020
12612,Chennai,Ayanavaram taluk office,8,10-07-2020
12613,Chennai,Gov hr sec school MGR Nagar,7.8,10-07-2020
12614,Chennai,CD Hospital Tondiarpet,2,10-07-2020
12615,Chennai,Sholinganallur,32,11-07-2020
12616,Chennai,Alandur,19.4,11-07-2020
12617,Chennai,Anna university,17.6,11-07-2020
12618,Chennai,Ayanavaram taluk office,12,11-07-2020
12619,Chennai,Perambur Corporation park,11.3,11-07-2020
12620,Chennai,Gov hr sec school MGR Nagar,7.8,11-07-2020
12621,Chennai,Ambathur,6,11-07-2020
12622,Chennai,DGP Office,5.6,11-07-2020
12623,Chennai,Chennai nungambakkam,5.2,11-07-2020
12624,Chennai,CD Hospital Tondiarpet,4,11-07-2020
12625,Chennai,Chennai collectorate building,3.8,11-07-2020
12626,Chennai,Alandur,74.4,13-07-2020
12627,Chennai,Ambathur,11,13-07-2020
12628,Chennai,Sholinganallur,8,13-07-2020
12629,Chennai,Anna university,4.6,13-07-2020
12630,Chennai,DGP Office,4.2,13-07-2020
12631,Chennai,Chennai collectorate building,1,13-07-2020
12632,Chennai,Ambathur,7,14-07-2020
12633,Chennai,Ayanavaram taluk office,2,14-07-2020
12634,Chennai,Ambathur,7,16-07-2020
12635,Chennai,Ayanavaram taluk office,5,16-07-2020
12636,Chennai,Sholinganallur,3,16-07-2020
12637,Chennai,Chennai collectorate building,2.8,16-07-2020
12638,Chennai,Chennai nungambakkam,2.6,16-07-2020
12639,Chennai,Gov hr sec school MGR Nagar,2.5,16-07-2020
12640,Chennai,DGP Office,2.4,16-07-2020
12641,Chennai,Perambur Corporation park,2,16-07-2020
12642,Chennai,Alandur,1.6,16-07-2020
12643,Chennai,CD Hospital Tondiarpet,1.5,16-07-2020
12644,Chennai,Anna university,1,16-07-2020
12645,Chennai,Sholinganallur,9,17-07-2020
12646,Chennai,Anna university,0.6,17-07-2020
12647,Chennai,Alandur,0.2,17-07-2020
12648,Chennai,Anna university,54.8,20-07-2020
12649,Chennai,Alandur,17,20-07-2020
12650,Chennai,Sholinganallur,9,20-07-2020
12651,Chennai,Chennai nungambakkam,8.5,20-07-2020
12652,Chennai,Ayanavaram taluk office,7,20-07-2020
12653,Chennai,Gov hr sec school MGR Nagar,6.8,20-07-2020
12654,Chennai,DGP Office,4.6,20-07-2020
12655,Chennai,Ambathur,3,20-07-2020
12656,Chennai,Chennai collectorate building,2.6,20-07-2020
12657,Chennai,Perambur Corporation park,2,20-07-2020
12658,Chennai,Ambathur,35,26-07-2020
12659,Chennai,Ambathur,5,27-07-2020
12660,Chennai,Chennai nungambakkam,3.6,27-07-2020
12661,Chennai,Gov hr sec school MGR Nagar,3.1,27-07-2020
12662,Chennai,Sholinganallur,3,27-07-2020
12663,Chennai,Ayanavaram taluk office,3,27-07-2020
12664,Chennai,Anna university,2.4,27-07-2020
12665,Chennai,Perambur Corporation park,2,27-07-2020
12666,Chennai,Ambathur,71,29-07-2020
12667,Chennai,Gov hr sec school MGR Nagar,46.5,29-07-2020
12668,Chennai,Anna university,26.4,29-07-2020
12669,Chennai,Ayanavaram taluk office,23.2,29-07-2020
12670,Chennai,Perambur Corporation park,22,29-07-2020
12671,Chennai,Sholinganallur,21,29-07-2020
12672,Chennai,Chennai nungambakkam,10,29-07-2020
12673,Chennai,DGP Office,8.6,29-07-2020
12674,Chennai,Chennai collectorate building,7,29-07-2020
12675,Chennai,Alandur,5.6,29-07-2020
12676,Chennai,CD Hospital Tondiarpet,1.5,29-07-2020
12677,Chennai,Sholinganallur,25,30-07-2020
12678,Chennai,Anna university,17.8,30-07-2020
12679,Chennai,Gov hr sec school MGR Nagar,14.1,30-07-2020
12680,Chennai,Perambur Corporation park,12.3,30-07-2020
12681,Chennai,DGP Office,12.2,30-07-2020
12682,Chennai,Ayanavaram taluk office,10.2,30-07-2020
12683,Chennai,Chennai collectorate building,7.2,30-07-2020
12684,Chennai,CD Hospital Tondiarpet,6.2,30-07-2020
12685,Chennai,Ambathur,6,30-07-2020
12686,Chennai,Alandur,5.9,30-07-2020
12687,Chennai,Chennai nungambakkam,3.7,30-07-2020
12688,Chennai,Ayanavaram taluk office,58,01-08-2020
12689,Chennai,Perambur Corporation park,46.3,01-08-2020
12690,Chennai,Ambathur,44,01-08-2020
12691,Chennai,Chennai nungambakkam,12.2,01-08-2020
12692,Chennai,Anna university,7.2,01-08-2020
12693,Chennai,Chennai collectorate building,5.8,01-08-2020
12694,Chennai,DGP Office,3.2,01-08-2020
12695,Chennai,CD Hospital Tondiarpet,2.5,01-08-2020
12696,Chennai,Gov hr sec school MGR Nagar,1,01-08-2020
12697,Chennai,Ambathur,29,03-08-2020
12698,Chennai,Chennai nungambakkam,17.8,03-08-2020
12699,Chennai,Alandur,16.2,03-08-2020
12700,Chennai,DGP Office,15.4,03-08-2020
12701,Chennai,Ayanavaram taluk office,15.2,03-08-2020
12702,Chennai,Chennai collectorate building,12.6,03-08-2020
12703,Chennai,Gov hr sec school MGR Nagar,10,03-08-2020
12704,Chennai,Anna university,9.6,03-08-2020
12705,Chennai,Perambur Corporation park,9.2,03-08-2020
12706,Chennai,CD Hospital Tondiarpet,6.2,03-08-2020
12707,Chennai,Sholinganallur,5,03-08-2020
12708,Chennai,DGP Office,1,04-08-2020
12709,Chennai,Sholinganallur,1,04-08-2020
12710,Chennai,Alandur,0.2,04-08-2020
12711,Chennai,DGP Office,8.6,05-08-2020
12712,Chennai,Ambathur,2,05-08-2020
12713,Chennai,Chennai collectorate building,0.6,05-08-2020
12714,Chennai,Sholinganallur,0.5,05-08-2020
12715,Chennai,Chennai nungambakkam,0.4,05-08-2020
12716,Chennai,Chennai nungambakkam,0.1,06-08-2020
12717,Chennai,Alandur,61.7,09-08-2020
12718,Chennai,Ambathur,35,09-08-2020
12719,Chennai,Sholinganallur,29,09-08-2020
12720,Chennai,Perambur Corporation park,27,09-08-2020
12721,Chennai,Anna university,22.4,09-08-2020
12722,Chennai,Ayanavaram taluk office,22,09-08-2020
12723,Chennai,Chennai collectorate building,20.6,09-08-2020
12724,Chennai,DGP Office,18.4,09-08-2020
12725,Chennai,CD Hospital Tondiarpet,16.5,09-08-2020
12726,Chennai,Chennai nungambakkam,15.8,09-08-2020
12727,Chennai,Gov hr sec school MGR Nagar,12.5,09-08-2020
12728,Chennai,DGP Office,4.6,10-08-2020
12729,Chennai,Perambur Corporation park,2,10-08-2020
12730,Chennai,Chennai nungambakkam,1.9,10-08-2020
12731,Chennai,Anna university,1.8,10-08-2020
12732,Chennai,Chennai collectorate building,1.4,10-08-2020
12733,Chennai,CD Hospital Tondiarpet,1,10-08-2020
12734,Chennai,Sholinganallur,6,11-08-2020
12735,Chennai,Sholinganallur,19,12-08-2020
12736,Chennai,Alandur,17,12-08-2020
12737,Chennai,Anna university,16.8,12-08-2020
12738,Chennai,DGP Office,14.4,12-08-2020
12739,Chennai,Perambur Corporation park,10.3,12-08-2020
12740,Chennai,Chennai nungambakkam,10.1,12-08-2020
12741,Chennai,Chennai collectorate building,10,12-08-2020
12742,Chennai,Gov hr sec school MGR Nagar,9.5,12-08-2020
12743,Chennai,CD Hospital Tondiarpet,6.5,12-08-2020
12744,Chennai,Ayanavaram taluk office,6,12-08-2020
12745,Chennai,Ambathur,4,12-08-2020
12746,Chennai,Anna university,1.2,14-08-2020
12747,Chennai,Perambur Corporation park,2,18-08-2020
12748,Chennai,Ambathur,1,18-08-2020
12749,Chennai,Anna university,0.4,18-08-2020
12750,Chennai,Chennai nungambakkam,0.2,18-08-2020
12751,Chennai,Gov hr sec school MGR Nagar,0.1,18-08-2020
12752,Chennai,Anna university,0.2,26-08-2020
12753,Chennai,Anna university,13.8,27-08-2020
12754,Chennai,Chennai nungambakkam,7.1,27-08-2020
12755,Chennai,Sholinganallur,5,27-08-2020
12756,Chennai,DGP Office,3.4,27-08-2020
12757,Chennai,Gov hr sec school MGR Nagar,3,27-08-2020
12758,Chennai,Alandur,1.2,27-08-2020
12759,Chennai,Gov hr sec school MGR Nagar,14.5,28-08-2020
12760,Chennai,Anna university,13.6,28-08-2020
12761,Chennai,Perambur Corporation park,3.2,28-08-2020
12762,Chennai,Chennai nungambakkam,3.2,28-08-2020
12763,Chennai,Sholinganallur,3,28-08-2020
12764,Chennai,DGP Office,2.4,28-08-2020
12765,Chennai,Ayanavaram taluk office,2,28-08-2020
12766,Chennai,Chennai collectorate building,0.6,28-08-2020
12767,Chennai,CD Hospital Tondiarpet,0.5,28-08-2020
12768,Chennai,Anna university,4.4,02-09-2020
12769,Chennai,DGP Office,1.2,02-09-2020
12770,Chennai,Chennai collectorate building,5.6,03-09-2020
12771,Chennai,Perambur Corporation park,5.2,03-09-2020
12772,Chennai,Chennai nungambakkam,4,03-09-2020
12773,Chennai,CD Hospital Tondiarpet,2.4,03-09-2020
12774,Chennai,DGP Office,1,03-09-2020
12775,Chennai,Chennai nungambakkam,1.6,04-09-2020
12776,Chennai,Ambathur,1.5,05-09-2020
12777,Chennai,Chennai nungambakkam,0.2,06-09-2020
12778,Chennai,Ambathur,2.5,08-09-2020
12779,Chennai,Ambathur,10,10-09-2020
12780,Chennai,Sholinganallur,23,11-09-2020
12781,Chennai,Chennai nungambakkam,1.8,12-09-2020
12782,Chennai,Anna university,0.4,12-09-2020
12783,Chennai,Chennai nungambakkam,0.4,13-09-2020
12784,Chennai,Perambur Corporation park,0.2,13-09-2020
12785,Chennai,Perambur Corporation park,32.3,14-09-2020
12786,Chennai,Ayanavaram taluk office,30.2,14-09-2020
12787,Chennai,Gov hr sec school MGR Nagar,26.4,14-09-2020
12788,Chennai,DGP Office,26.4,14-09-2020
12789,Chennai,Alandur,23.7,14-09-2020
12790,Chennai,Chennai collectorate building,23.6,14-09-2020
12791,Chennai,Ambathur,23,14-09-2020
12792,Chennai,Anna university,22.4,14-09-2020
12793,Chennai,Chennai nungambakkam,22.1,14-09-2020
12794,Chennai,Sholinganallur,14,14-09-2020
12795,Chennai,CD Hospital Tondiarpet,7.4,14-09-2020
12796,Chennai,DGP Office,4.6,15-09-2020
12797,Chennai,Ambathur,3,15-09-2020
12798,Chennai,Anna university,2.4,15-09-2020
12799,Chennai,Perambur Corporation park,2.2,15-09-2020
12800,Chennai,Ayanavaram taluk office,2,15-09-2020
12801,Chennai,Sholinganallur,1.5,15-09-2020
12802,Chennai,Chennai collectorate building,0.8,15-09-2020
12803,Chennai,Alandur,0.5,15-09-2020
12804,Chennai,CD Hospital Tondiarpet,0.5,15-09-2020
12805,Chennai,Gov hr sec school MGR Nagar,0.4,15-09-2020
12806,Chennai,Perambur Corporation park,2.3,16-09-2020
12807,Chennai,Sholinganallur,2,16-09-2020
12808,Chennai,Anna university,1.8,16-09-2020
12809,Chennai,Gov hr sec school MGR Nagar,1.6,16-09-2020
12810,Chennai,Chennai collectorate building,1.2,16-09-2020
12811,Chennai,Ambathur,1,16-09-2020
12812,Chennai,Alandur,0.6,16-09-2020
12813,Chennai,Alandur,19.6,17-09-2020
12814,Chennai,DGP Office,6.8,17-09-2020
12815,Chennai,Chennai collectorate building,6.6,17-09-2020
12816,Chennai,Anna university,5.2,17-09-2020
12817,Chennai,CD Hospital Tondiarpet,3.6,17-09-2020
12818,Chennai,Perambur Corporation park,3,17-09-2020
12819,Chennai,Sholinganallur,3,17-09-2020
12820,Chennai,Ambathur,3,17-09-2020
12821,Chennai,Gov hr sec school MGR Nagar,2.8,17-09-2020
12822,Chennai,Ayanavaram taluk office,2,17-09-2020
12823,Chennai,Gov hr sec school MGR Nagar,85.4,19-09-2020
12824,Chennai,Anna university,81.6,19-09-2020
12825,Chennai,DGP Office,76.8,19-09-2020
12826,Chennai,Alandur,75.4,19-09-2020
12827,Chennai,Perambur Corporation park,75.3,19-09-2020
12828,Chennai,Chennai collectorate building,75,19-09-2020
12829,Chennai,CD Hospital Tondiarpet,63.5,19-09-2020
12830,Chennai,Chennai nungambakkam,56.8,19-09-2020
12831,Chennai,Ayanavaram taluk office,56.2,19-09-2020
12832,Chennai,Ambathur,52,19-09-2020
12833,Chennai,Sholinganallur,43,19-09-2020
12834,Chennai,DGP Office,4.4,21-09-2020
12835,Chennai,Ambathur,58,26-09-2020
12836,Chennai,Perambur Corporation park,20.3,26-09-2020
12837,Chennai,Chennai collectorate building,5.8,26-09-2020
12838,Chennai,Ayanavaram taluk office,3,26-09-2020
12839,Chennai,DGP Office,2.6,26-09-2020
12840,Chennai,CD Hospital Tondiarpet,1.5,26-09-2020
12841,Chennai,Chennai nungambakkam,1.2,26-09-2020
12842,Chennai,Anna university,1,26-09-2020
12843,Chennai,Alandur,0.4,26-09-2020
12844,Chennai,Gov hr sec school MGR Nagar,0.4,26-09-2020
12845,Chennai,Anna university,42.8,29-09-2020
12846,Chennai,Gov hr sec school MGR Nagar,22.2,29-09-2020
12847,Chennai,DGP Office,4.8,29-09-2020
12848,Chennai,Anna university,59.6,30-09-2020
12849,Chennai,Gov hr sec school MGR Nagar,54.8,30-09-2020
12850,Chennai,Ambathur,45,30-09-2020
12851,Chennai,Sholinganallur,29,30-09-2020
12852,Chennai,Alandur,19,30-09-2020
12853,Chennai,Chennai nungambakkam,18.2,30-09-2020
12854,Chennai,Perambur Corporation park,16.2,30-09-2020
12855,Chennai,Chennai collectorate building,14,30-09-2020
12856,Chennai,CD Hospital Tondiarpet,13,30-09-2020
12857,Chennai,DGP Office,12.4,30-09-2020
12858,Chennai,Ayanavaram taluk office,11,30-09-2020
12859,Chennai,Gov hr sec school MGR Nagar,11.4,01-10-2020
12860,Chennai,Anna university,6.2,01-10-2020
12861,Chennai,Ambathur,2,01-10-2020
12862,Chennai,Chennai nungambakkam,1.4,01-10-2020
12863,Chennai,Alandur,13.8,10-10-2020
12864,Chennai,Ambathur,11,10-10-2020
12865,Chennai,Gov hr sec school MGR Nagar,6.2,10-10-2020
12866,Chennai,Ambathur,3,11-10-2020
12867,Chennai,Sholinganallur,3,11-10-2020
12868,Chennai,DGP Office,2,11-10-2020
12869,Chennai,Chennai collectorate building,2,11-10-2020
12870,Chennai,Chennai nungambakkam,0.5,11-10-2020
12871,Chennai,CD Hospital Tondiarpet,0.5,11-10-2020
12872,Chennai,Perambur Corporation park,25.3,13-10-2020
12873,Chennai,Chennai nungambakkam,17.9,13-10-2020
12874,Chennai,Chennai collectorate building,17.2,13-10-2020
12875,Chennai,Sholinganallur,14,13-10-2020
12876,Chennai,DGP Office,12.6,13-10-2020
12877,Chennai,Anna university,11.2,13-10-2020
12878,Chennai,Ayanavaram taluk office,10,13-10-2020
12879,Chennai,Gov hr sec school MGR Nagar,8.6,13-10-2020
12880,Chennai,Alandur,7.3,13-10-2020
12881,Chennai,CD Hospital Tondiarpet,7,13-10-2020
12882,Chennai,DGP Office,12.6,14-10-2020
12883,Chennai,Perambur Corporation park,61.3,17-10-2020
12884,Chennai,Ayanavaram taluk office,43.2,17-10-2020
12885,Chennai,Sholinganallur,36,17-10-2020
12886,Chennai,Chennai nungambakkam,28.7,17-10-2020
12887,Chennai,DGP Office,16.8,17-10-2020
12888,Chennai,Ambathur,14,17-10-2020
12889,Chennai,CD Hospital Tondiarpet,10.5,17-10-2020
12890,Chennai,Chennai collectorate building,9.8,17-10-2020
12891,Chennai,Anna university,4.4,17-10-2020
12892,Chennai,Alandur,1.4,17-10-2020
12893,Chennai,Gov hr sec school MGR Nagar,1.2,17-10-2020
12894,Chennai,Anna university,4.2,18-10-2020
12895,Chennai,Gov hr sec school MGR Nagar,3.4,18-10-2020
12896,Chennai,Chennai collectorate building,3.4,18-10-2020
12897,Chennai,Perambur Corporation park,3.1,18-10-2020
12898,Chennai,Ambathur,3,18-10-2020
12899,Chennai,Ayanavaram taluk office,2,18-10-2020
12900,Chennai,CD Hospital Tondiarpet,1.5,18-10-2020
12901,Chennai,DGP Office,1.3,18-10-2020
12902,Chennai,Chennai nungambakkam,0.2,18-10-2020
12903,Chennai,DGP Office,22.6,19-10-2020
12904,Chennai,Perambur Corporation park,17.3,19-10-2020
12905,Chennai,Chennai collectorate building,17,19-10-2020
12906,Chennai,CD Hospital Tondiarpet,16.5,19-10-2020
12907,Chennai,Ambathur,16,19-10-2020
12908,Chennai,Ayanavaram taluk office,15,19-10-2020
12909,Chennai,Chennai nungambakkam,13.2,19-10-2020
12910,Chennai,Gov hr sec school MGR Nagar,12.6,19-10-2020
12911,Chennai,Anna university,11.6,19-10-2020
12912,Chennai,Sholinganallur,10,19-10-2020
12913,Chennai,Alandur,9.6,19-10-2020
12914,Chennai,Chennai nungambakkam,0.6,20-10-2020
12915,Chennai,Perambur Corporation park,36.2,21-10-2020
12916,Chennai,Chennai collectorate building,30,21-10-2020
12917,Chennai,DGP Office,26,21-10-2020
12918,Chennai,CD Hospital Tondiarpet,21,21-10-2020
12919,Chennai,Ayanavaram taluk office,19,21-10-2020
12920,Chennai,Ambathur,10,21-10-2020
12921,Chennai,Alandur,6.3,21-10-2020
12922,Chennai,Anna university,6.2,21-10-2020
12923,Chennai,Gov hr sec school MGR Nagar,5.4,21-10-2020
12924,Chennai,Sholinganallur,3,21-10-2020
12925,Chennai,Chennai nungambakkam,1.6,21-10-2020
12926,Chennai,Alandur,3.3,22-10-2020
12927,Chennai,DGP Office,2,22-10-2020
12928,Chennai,Anna university,1.8,22-10-2020
12929,Chennai,Chennai nungambakkam,0.5,22-10-2020
12930,Chennai,Chennai nungambakkam,69.2,23-10-2020
12931,Chennai,Sholinganallur,60,23-10-2020
12932,Chennai,Ayanavaram taluk office,59.2,23-10-2020
12933,Chennai,CD Hospital Tondiarpet,52,23-10-2020
12934,Chennai,Alandur,50.9,23-10-2020
12935,Chennai,Perambur Corporation park,47.3,23-10-2020
12936,Chennai,Ambathur,36,23-10-2020
12937,Chennai,Gov hr sec school MGR Nagar,28.8,23-10-2020
12938,Chennai,Anna university,28.6,23-10-2020
12939,Chennai,DGP Office,24.5,23-10-2020
12940,Chennai,Chennai collectorate building,22.8,23-10-2020
12941,Chennai,Gov hr sec school MGR Nagar,0.2,24-10-2020
12942,Chennai,Alandur,0.2,24-10-2020
12943,Chennai,Chennai collectorate building,27.8,25-10-2020
12944,Chennai,CD Hospital Tondiarpet,22.5,25-10-2020
12945,Chennai,DGP Office,13.4,25-10-2020
12946,Chennai,Sholinganallur,4,25-10-2020
12947,Chennai,Anna university,3.4,25-10-2020
12948,Chennai,Alandur,0.3,25-10-2020
12949,Chennai,Chennai nungambakkam,12.8,28-10-2020
12950,Chennai,Sholinganallur,9.5,28-10-2020
12951,Chennai,DGP Office,6.4,28-10-2020
12952,Chennai,Chennai collectorate building,5.6,28-10-2020
12953,Chennai,Anna university,3.2,28-10-2020
12954,Chennai,Ayanavaram taluk office,2,28-10-2020
12955,Chennai,CD Hospital Tondiarpet,2,28-10-2020
12956,Chennai,Gov hr sec school MGR Nagar,0.4,28-10-2020
12957,Chennai,DGP Office,178,29-10-2020
12958,Chennai,Chennai collectorate building,94.4,29-10-2020
12959,Chennai,Ambathur,90,29-10-2020
12960,Chennai,Alandur,78.5,29-10-2020
12961,Chennai,Sholinganallur,77.2,29-10-2020
12962,Chennai,Anna university,75.2,29-10-2020
12963,Chennai,CD Hospital Tondiarpet,67,29-10-2020
12964,Chennai,Perambur Corporation park,56.1,29-10-2020
12965,Chennai,Chennai nungambakkam,54.8,29-10-2020
12966,Chennai,Ayanavaram taluk office,53,29-10-2020
12967,Chennai,Gov hr sec school MGR Nagar,47.8,29-10-2020
12968,Chennai,DGP Office,110.4,30-10-2020
12969,Chennai,Chennai collectorate building,98.4,30-10-2020
12970,Chennai,Anna university,60.2,30-10-2020
12971,Chennai,Perambur Corporation park,54.3,30-10-2020
12972,Chennai,Ayanavaram taluk office,50.2,30-10-2020
12973,Chennai,Alandur,47.8,30-10-2020
12974,Chennai,CD Hospital Tondiarpet,43.5,30-10-2020
12975,Chennai,Sholinganallur,41,30-10-2020
12976,Chennai,Gov hr sec school MGR Nagar,37.8,30-10-2020
12977,Chennai,Ambathur,26,30-10-2020
12978,Chennai,Chennai nungambakkam,7.4,30-10-2020
12979,Chennai,Ayanavaram taluk office,2,04-11-2020
12980,Chennai,Sholinganallur,1,04-11-2020
12981,Chennai,Anna university,0.6,04-11-2020
12982,Chennai,Chennai nungambakkam,0.5,04-11-2020
12983,Chennai,Gov hr sec school MGR Nagar,0.2,04-11-2020
12984,Chennai,Alandur,79.2,05-11-2020
12985,Chennai,DGP Office,68.5,05-11-2020
12986,Chennai,Anna university,57.8,05-11-2020
12987,Chennai,Gov hr sec school MGR Nagar,48.7,05-11-2020
12988,Chennai,Perambur Corporation park,37.3,05-11-2020
12989,Chennai,Chennai nungambakkam,31.6,05-11-2020
12990,Chennai,Ambathur,16,05-11-2020
12991,Chennai,Sholinganallur,12.5,05-11-2020
12992,Chennai,Ayanavaram taluk office,12.2,05-11-2020
12993,Chennai,CD Hospital Tondiarpet,7.4,05-11-2020
12994,Chennai,Chennai collectorate building,2.2,05-11-2020
12995,Chennai,Gov hr sec school MGR Nagar,10.2,06-11-2020
12996,Chennai,Chennai nungambakkam,4.8,06-11-2020
12997,Chennai,Chennai collectorate building,4.4,06-11-2020
12998,Chennai,Perambur Corporation park,3.1,06-11-2020
12999,Chennai,Ambathur,3,06-11-2020
13000,Chennai,Ayanavaram taluk office,2,06-11-2020
13001,Chennai,DGP Office,18.6,07-11-2020
13002,Chennai,Gov hr sec school MGR Nagar,13.4,07-11-2020
13003,Chennai,Alandur,11.6,07-11-2020
13004,Chennai,Ambathur,10,07-11-2020
13005,Chennai,Anna university,9.8,07-11-2020
13006,Chennai,Ayanavaram taluk office,7,07-11-2020
13007,Chennai,Sholinganallur,4.6,07-11-2020
13008,Chennai,Perambur Corporation park,2.2,07-11-2020
13009,Chennai,Chennai collectorate building,2,07-11-2020
13010,Chennai,CD Hospital Tondiarpet,1,07-11-2020
13011,Chennai,DGP Office,98.6,08-11-2020
13012,Chennai,Anna university,61.2,08-11-2020
13013,Chennai,Sholinganallur,48,08-11-2020
13014,Chennai,Alandur,41,08-11-2020
13015,Chennai,Perambur Corporation park,31.4,08-11-2020
13016,Chennai,Chennai collectorate building,29.8,08-11-2020
13017,Chennai,CD Hospital Tondiarpet,27.4,08-11-2020
13018,Chennai,Ayanavaram taluk office,23,08-11-2020
13019,Chennai,Gov hr sec school MGR Nagar,20.4,08-11-2020
13020,Chennai,Ambathur,18,08-11-2020
13021,Chennai,Chennai nungambakkam,11.2,08-11-2020
13022,Chennai,Chennai nungambakkam,1,09-11-2020
13023,Chennai,Anna university,27.8,12-11-2020
13024,Chennai,DGP Office,17.3,12-11-2020
13025,Chennai,Chennai nungambakkam,16.1,12-11-2020
13026,Chennai,Alandur,15.6,12-11-2020
13027,Chennai,Ayanavaram taluk office,15.2,12-11-2020
13028,Chennai,Gov hr sec school MGR Nagar,15.2,12-11-2020
13029,Chennai,Perambur Corporation park,11.3,12-11-2020
13030,Chennai,Chennai collectorate building,11,12-11-2020
13031,Chennai,CD Hospital Tondiarpet,10.8,12-11-2020
13032,Chennai,Sholinganallur,5.4,12-11-2020
13033,Chennai,Ambathur,3,12-11-2020
13034,Chennai,DGP Office,56.8,13-11-2020
13035,Chennai,Chennai collectorate building,55,13-11-2020
13036,Chennai,Anna university,46.8,13-11-2020
13037,Chennai,Perambur Corporation park,43.3,13-11-2020
13038,Chennai,Ayanavaram taluk office,43,13-11-2020
13039,Chennai,CD Hospital Tondiarpet,39.7,13-11-2020
13040,Chennai,Alandur,39.5,13-11-2020
13041,Chennai,Ambathur,36,13-11-2020
13042,Chennai,Gov hr sec school MGR Nagar,33,13-11-2020
13043,Chennai,Chennai nungambakkam,31.8,13-11-2020
13044,Chennai,Sholinganallur,4,13-11-2020
13045,Chennai,Chennai nungambakkam,0.2,14-11-2020
13046,Chennai,Sholinganallur,24,15-11-2020
13047,Chennai,DGP Office,22.4,15-11-2020
13048,Chennai,Ambathur,21,15-11-2020
13049,Chennai,Gov hr sec school MGR Nagar,19.6,15-11-2020
13050,Chennai,Chennai nungambakkam,15.8,15-11-2020
13051,Chennai,Alandur,15.6,15-11-2020
13052,Chennai,Chennai collectorate building,12.4,15-11-2020
13053,Chennai,Anna university,10.8,15-11-2020
13054,Chennai,Ayanavaram taluk office,10.2,15-11-2020
13055,Chennai,Perambur Corporation park,9.1,15-11-2020
13056,Chennai,CD Hospital Tondiarpet,6.5,15-11-2020
13057,Chennai,Ambathur,40,16-11-2020
13058,Chennai,Alandur,36.8,16-11-2020
13059,Chennai,Sholinganallur,36.4,16-11-2020
13060,Chennai,Gov hr sec school MGR Nagar,28.4,16-11-2020
13061,Chennai,Anna university,20.6,16-11-2020
13062,Chennai,Perambur Corporation park,19.3,16-11-2020
13063,Chennai,Ayanavaram taluk office,19,16-11-2020
13064,Chennai,DGP Office,18.4,16-11-2020
13065,Chennai,Chennai collectorate building,16,16-11-2020
13066,Chennai,Chennai nungambakkam,12.8,16-11-2020
13067,Chennai,CD Hospital Tondiarpet,9.4,16-11-2020
13068,Chennai,DGP Office,62.4,17-11-2020
13069,Chennai,Perambur Corporation park,44.1,17-11-2020
13070,Chennai,Sholinganallur,43.2,17-11-2020
13071,Chennai,CD Hospital Tondiarpet,39.5,17-11-2020
13072,Chennai,Chennai nungambakkam,39,17-11-2020
13073,Chennai,Chennai collectorate building,38.4,17-11-2020
13074,Chennai,Ambathur,38,17-11-2020
13075,Chennai,Ayanavaram taluk office,37.2,17-11-2020
13076,Chennai,Anna university,26,17-11-2020
13077,Chennai,Alandur,24,17-11-2020
13078,Chennai,Gov hr sec school MGR Nagar,22.8,17-11-2020
13079,Chennai,DGP Office,12.6,18-11-2020
13080,Chennai,Chennai collectorate building,7.6,18-11-2020
13081,Chennai,Chennai nungambakkam,6.8,18-11-2020
13082,Chennai,CD Hospital Tondiarpet,6.2,18-11-2020
13083,Chennai,Ayanavaram taluk office,4,18-11-2020
13084,Chennai,Sholinganallur,3.8,18-11-2020
13085,Chennai,Anna university,3.4,18-11-2020
13086,Chennai,Perambur Corporation park,2.1,18-11-2020
13087,Chennai,Alandur,2,18-11-2020
13088,Chennai,Gov hr sec school MGR Nagar,1.2,18-11-2020
13089,Chennai,Ambathur,1,18-11-2020
13090,Chennai,DGP Office,6.2,19-11-2020
13091,Chennai,Anna university,4.8,19-11-2020
13092,Chennai,Gov hr sec school MGR Nagar,2.6,19-11-2020
13093,Chennai,Alandur,1,19-11-2020
13094,Chennai,Gov hr sec school MGR Nagar,82.6,24-11-2020
13095,Chennai,Alandur,70.4,24-11-2020
13096,Chennai,Ayanavaram taluk office,52,24-11-2020
13097,Chennai,Chennai collectorate building,51,24-11-2020
13098,Chennai,Chennai nungambakkam,46.8,24-11-2020
13099,Chennai,Perambur Corporation park,40.2,24-11-2020
13100,Chennai,CD Hospital Tondiarpet,33.6,24-11-2020
13101,Chennai,Anna university,27.6,24-11-2020
13102,Chennai,Ambathur,26,24-11-2020
13103,Chennai,DGP Office,22.8,24-11-2020
13104,Chennai,Sholinganallur,12.4,24-11-2020
13105,Chennai,Chennai collectorate building,148.2,25-11-2020
13106,Chennai,Sholinganallur,145,25-11-2020
13107,Chennai,Anna university,143.2,25-11-2020
13108,Chennai,DGP Office,140.6,25-11-2020
13109,Chennai,Chennai nungambakkam,137.8,25-11-2020
13110,Chennai,Gov hr sec school MGR Nagar,136.2,25-11-2020
13111,Chennai,Alandur,119.6,25-11-2020
13112,Chennai,CD Hospital Tondiarpet,113,25-11-2020
13113,Chennai,Ambathur,110,25-11-2020
13114,Chennai,Ayanavaram taluk office,105,25-11-2020
13115,Chennai,Perambur Corporation park,104.3,25-11-2020
13116,Chennai,DGP Office,263.6,26-11-2020
13117,Chennai,Sholinganallur,220,26-11-2020
13118,Chennai,Ambathur,150,26-11-2020
13119,Chennai,Anna university,139,26-11-2020
13120,Chennai,Gov hr sec school MGR Nagar,135.5,26-11-2020
13121,Chennai,Alandur,132.7,26-11-2020
13122,Chennai,Ayanavaram taluk office,111.4,26-11-2020
13123,Chennai,Perambur Corporation park,100.3,26-11-2020
13124,Chennai,Chennai collectorate building,88.2,26-11-2020
13125,Chennai,Chennai nungambakkam,84.4,26-11-2020
13126,Chennai,CD Hospital Tondiarpet,69.5,26-11-2020
13127,Chennai,Alandur,20.6,27-11-2020
13128,Chennai,Ambathur,11,27-11-2020
13129,Chennai,DGP Office,8.2,27-11-2020
13130,Chennai,Gov hr sec school MGR Nagar,6.6,27-11-2020
13131,Chennai,Sholinganallur,6.4,27-11-2020
13132,Chennai,Perambur Corporation park,5.3,27-11-2020
13133,Chennai,Ayanavaram taluk office,5.2,27-11-2020
13134,Chennai,Anna university,5.2,27-11-2020
13135,Chennai,Chennai collectorate building,2.8,27-11-2020
13136,Chennai,Chennai nungambakkam,2.8,27-11-2020
13137,Chennai,CD Hospital Tondiarpet,2.3,27-11-2020
13138,Chennai,Chennai collectorate building,2,29-11-2020
13139,Chennai,Sholinganallur,6,30-11-2020
13140,Chennai,Gov hr sec school MGR Nagar,4.8,30-11-2020
13141,Chennai,Alandur,3,30-11-2020
13142,Chennai,DGP Office,2.3,30-11-2020
13143,Chennai,Ayanavaram taluk office,2,30-11-2020
13144,Chennai,Chennai collectorate building,1.6,30-11-2020
13145,Chennai,Ambathur,1.5,30-11-2020
13146,Chennai,CD Hospital Tondiarpet,1.4,30-11-2020
13147,Chennai,Anna university,1.4,30-11-2020
13148,Chennai,Perambur Corporation park,1.2,30-11-2020
13149,Chennai,Chennai nungambakkam,0.7,30-11-2020
13150,Chennai,DGP Office,4.6,01-12-2020
13151,Chennai,Perambur Corporation park,2.2,01-12-2020
13152,Chennai,Chennai collectorate building,0.8,01-12-2020
13153,Chennai,Gov hr sec school MGR Nagar,0.6,01-12-2020
13154,Chennai,CD Hospital Tondiarpet,0.5,01-12-2020
13155,Chennai,Anna university,44.2,03-12-2020
13156,Chennai,DGP Office,38.4,03-12-2020
13157,Chennai,Alandur,38.4,03-12-2020
13158,Chennai,CD Hospital Tondiarpet,37.5,03-12-2020
13159,Chennai,Ambathur,36,03-12-2020
13160,Chennai,Gov hr sec school MGR Nagar,32.6,03-12-2020
13161,Chennai,Perambur Corporation park,32,03-12-2020
13162,Chennai,Chennai collectorate building,27.2,03-12-2020
13163,Chennai,Ayanavaram taluk office,26.3,03-12-2020
13164,Chennai,Chennai nungambakkam,25.6,03-12-2020
13165,Chennai,Sholinganallur,18,03-12-2020
13166,Chennai,Ambathur,56,04-12-2020
13167,Chennai,Alandur,55.4,04-12-2020
13168,Chennai,Chennai nungambakkam,54.3,04-12-2020
13169,Chennai,Sholinganallur,53.4,04-12-2020
13170,Chennai,Perambur Corporation park,40.2,04-12-2020
13171,Chennai,Ayanavaram taluk office,36,04-12-2020
13172,Chennai,CD Hospital Tondiarpet,29.3,04-12-2020
13173,Chennai,Chennai collectorate building,26.8,04-12-2020
13174,Chennai,Gov hr sec school MGR Nagar,23.4,04-12-2020
13175,Chennai,DGP Office,12.4,04-12-2020
13176,Chennai,Anna university,12.4,04-12-2020
13177,Chennai,DGP Office,120.2,05-12-2020
13178,Chennai,Anna university,110,05-12-2020
13179,Chennai,Gov hr sec school MGR Nagar,98,05-12-2020
13180,Chennai,Sholinganallur,76.8,05-12-2020
13181,Chennai,Ayanavaram taluk office,74.2,05-12-2020
13182,Chennai,Chennai collectorate building,64.4,05-12-2020
13183,Chennai,Alandur,63.6,05-12-2020
13184,Chennai,Perambur Corporation park,58.5,05-12-2020
13185,Chennai,CD Hospital Tondiarpet,56,05-12-2020
13186,Chennai,Chennai nungambakkam,47.6,05-12-2020
13187,Chennai,Ambathur,27,05-12-2020
13188,Chennai,Chennai nungambakkam,47.7,06-12-2020
13189,Chennai,Sholinganallur,43.2,06-12-2020
13190,Chennai,Ambathur,29.1,06-12-2020
13191,Chennai,DGP Office,28.4,06-12-2020
13192,Chennai,Alandur,26.4,06-12-2020
13193,Chennai,Anna university,25.6,06-12-2020
13194,Chennai,Ayanavaram taluk office,22,06-12-2020
13195,Chennai,Perambur Corporation park,21.4,06-12-2020
13196,Chennai,Gov hr sec school MGR Nagar,16.8,06-12-2020
13197,Chennai,CD Hospital Tondiarpet,15.5,06-12-2020
13198,Chennai,Chennai collectorate building,12,06-12-2020
13199,Chennai,Sholinganallur,22.2,07-12-2020
13200,Chennai,Alandur,20.5,07-12-2020
13201,Chennai,Ambathur,17,07-12-2020
13202,Chennai,Anna university,15.2,07-12-2020
13203,Chennai,Ayanavaram taluk office,14.2,07-12-2020
13204,Chennai,Chennai collectorate building,13,07-12-2020
13205,Chennai,DGP Office,12.2,07-12-2020
13206,Chennai,Gov hr sec school MGR Nagar,11.8,07-12-2020
13207,Chennai,CD Hospital Tondiarpet,9.5,07-12-2020
13208,Chennai,Perambur Corporation park,7.4,07-12-2020
13209,Chennai,Chennai nungambakkam,3.6,07-12-2020
13210,Chennai,Ambathur,38,08-12-2020
13211,Chennai,Anna university,25.4,08-12-2020
13212,Chennai,Alandur,19.2,08-12-2020
13213,Chennai,DGP Office,18.6,08-12-2020
13214,Chennai,Ayanavaram taluk office,18,08-12-2020
13215,Chennai,Gov hr sec school MGR Nagar,15.2,08-12-2020
13216,Chennai,Perambur Corporation park,14.2,08-12-2020
13217,Chennai,Chennai collectorate building,12.6,08-12-2020
13218,Chennai,Sholinganallur,12,08-12-2020
13219,Chennai,CD Hospital Tondiarpet,9.3,08-12-2020
13220,Chennai,Chennai nungambakkam,8,08-12-2020
13221,Chennai,Sholinganallur,37.4,09-12-2020
13222,Chennai,DGP Office,14.6,09-12-2020
13223,Chennai,Alandur,9,09-12-2020
13224,Chennai,Ambathur,8,09-12-2020
13225,Chennai,Chennai nungambakkam,7.5,09-12-2020
13226,Chennai,Chennai collectorate building,5.2,09-12-2020
13227,Chennai,Anna university,4.6,09-12-2020
13228,Chennai,Gov hr sec school MGR Nagar,4.2,09-12-2020
13229,Chennai,Ayanavaram taluk office,3,09-12-2020
13230,Chennai,Perambur Corporation park,2.3,09-12-2020
13231,Chennai,CD Hospital Tondiarpet,2,09-12-2020
13232,Chennai,Gov hr sec school MGR Nagar,2.8,16-12-2020
13233,Chennai,Gov hr sec school MGR Nagar,2.8,16-12-2020
13234,Chennai,Sholinganallur,27.6,17-12-2020
13235,Chennai,Sholinganallur,27.6,17-12-2020
13236,Chennai,Ambathur,13,17-12-2020
13237,Chennai,Ambathur,13,17-12-2020
13238,Chennai,Anna university,5.2,17-12-2020
13239,Chennai,Anna university,5.2,17-12-2020
13240,Chennai,Chennai nungambakkam,5,17-12-2020
13241,Chennai,Chennai nungambakkam,5,17-12-2020
13242,Chennai,Alandur,4.7,17-12-2020
13243,Chennai,Alandur,4.7,17-12-2020
13244,Chennai,Chennai collectorate building,4,17-12-2020
13245,Chennai,Chennai collectorate building,4,17-12-2020
13246,Chennai,Gov hr sec school MGR Nagar,3.2,17-12-2020
13247,Chennai,Gov hr sec school MGR Nagar,3.2,17-12-2020
13248,Chennai,Ayanavaram taluk office,3,17-12-2020
13249,Chennai,Ayanavaram taluk office,3,17-12-2020
13250,Chennai,DGP Office,2.4,17-12-2020
13251,Chennai,DGP Office,2.4,17-12-2020
13252,Chennai,CD Hospital Tondiarpet,2.3,17-12-2020
13253,Chennai,CD Hospital Tondiarpet,2.3,17-12-2020
13254,Chennai,Perambur Corporation park,2.1,17-12-2020
13255,Chennai,Perambur Corporation park,2.1,17-12-2020
13256,Chennai,Anna university,5.4,18-12-2020
13257,Chennai,Anna university,5.4,18-12-2020
13258,Chennai,Perambur Corporation park,11.3,31-12-2020
13259,Chennai,Perambur Corporation park,11.3,31-12-2020
13260,Chennai,Ayanavaram taluk office,9,31-12-2020
13261,Chennai,Ayanavaram taluk office,9,31-12-2020
13262,Chennai,Gov hr sec school MGR Nagar,8.2,31-12-2020
13263,Chennai,Gov hr sec school MGR Nagar,8.2,31-12-2020
13264,Chennai,Chennai nungambakkam,7.5,31-12-2020
13265,Chennai,Chennai nungambakkam,7.5,31-12-2020
13266,Chennai,DGP Office,5.6,31-12-2020
13267,Chennai,DGP Office,5.6,31-12-2020
13268,Chennai,Chennai collectorate building,5,31-12-2020
13269,Chennai,Chennai collectorate building,5,31-12-2020
13270,Chennai,Alandur,4,31-12-2020
13271,Chennai,Alandur,4,31-12-2020
13272,Chennai,Anna university,3.4,31-12-2020
13273,Chennai,Anna university,3.4,31-12-2020
13274,Chennai,Sholinganallur,3.2,31-12-2020
13275,Chennai,Sholinganallur,3.2,31-12-2020
13276,Chennai,Ambathur,3,31-12-2020
13277,Chennai,Ambathur,3,31-12-2020
13278,Chennai,CD Hospital Tondiarpet,2.5,31-12-2020
13279,Chennai,CD Hospital Tondiarpet,2.5,31-12-2020
13280,Chennai,Sholinganallur,11,03-01-2021
13281,Chennai,Sholinganallur,11,03-01-2021
13282,Chennai,Ambathur,9,03-01-2021
13283,Chennai,Ambathur,9,03-01-2021
13284,Chennai,Alandur,8,03-01-2021
13285,Chennai,Alandur,8,03-01-2021
13286,Chennai,Anna university,6.8,03-01-2021
13287,Chennai,Anna university,6.8,03-01-2021
13288,Chennai,DGP Office,5.6,03-01-2021
13289,Chennai,DGP Office,5.6,03-01-2021
13290,Chennai,Chennai nungambakkam,5.5,03-01-2021
13291,Chennai,Chennai nungambakkam,5.5,03-01-2021
13292,Chennai,Perambur Corporation park,5.3,03-01-2021
13293,Chennai,Perambur Corporation park,5.3,03-01-2021
13294,Chennai,Ayanavaram taluk office,5,03-01-2021
13295,Chennai,Ayanavaram taluk office,5,03-01-2021
13296,Chennai,Chennai collectorate building,2.8,03-01-2021
13297,Chennai,Chennai collectorate building,2.8,03-01-2021
13298,Chennai,CD Hospital Tondiarpet,2.3,03-01-2021
13299,Chennai,CD Hospital Tondiarpet,2.3,03-01-2021
13300,Chennai,Gov hr sec school MGR Nagar,0.8,03-01-2021
13301,Chennai,Gov hr sec school MGR Nagar,0.8,03-01-2021
13302,Chennai,DGP Office,2.4,04-01-2021
13303,Chennai,DGP Office,2.4,04-01-2021
13304,Chennai,Anna university,1.6,04-01-2021
13305,Chennai,Anna university,1.6,04-01-2021
13306,Chennai,Gov hr sec school MGR Nagar,1.2,04-01-2021
13307,Chennai,Gov hr sec school MGR Nagar,1.2,04-01-2021
13308,Chennai,Alandur,1,04-01-2021
13309,Chennai,Alandur,1,04-01-2021
13310,Chennai,Ambathur,30,05-01-2021
13311,Chennai,Ambathur,30,05-01-2021
13312,Chennai,Perambur Corporation park,23.6,05-01-2021
13313,Chennai,Perambur Corporation park,23.6,05-01-2021
13314,Chennai,Chennai collectorate building,19,05-01-2021
13315,Chennai,Chennai collectorate building,19,05-01-2021
13316,Chennai,Ayanavaram taluk office,14.2,05-01-2021
13317,Chennai,Ayanavaram taluk office,14.2,05-01-2021
13318,Chennai,DGP Office,12.4,05-01-2021
13319,Chennai,DGP Office,12.4,05-01-2021
13320,Chennai,Alandur,11,05-01-2021
13321,Chennai,Alandur,11,05-01-2021
13322,Chennai,CD Hospital Tondiarpet,10.6,05-01-2021
13323,Chennai,CD Hospital Tondiarpet,10.6,05-01-2021
13324,Chennai,Chennai nungambakkam,9.3,05-01-2021
13325,Chennai,Chennai nungambakkam,9.3,05-01-2021
13326,Chennai,Sholinganallur,7.2,05-01-2021
13327,Chennai,Sholinganallur,7.2,05-01-2021
13328,Chennai,Gov hr sec school MGR Nagar,5.2,05-01-2021
13329,Chennai,Gov hr sec school MGR Nagar,5.2,05-01-2021
13330,Chennai,Anna university,4,05-01-2021
13331,Chennai,Anna university,4,05-01-2021
13332,Chennai,Anna university,162.2,06-01-2021
13333,Chennai,Anna university,162.2,06-01-2021
13334,Chennai,Gov hr sec school MGR Nagar,149.2,06-01-2021
13335,Chennai,Gov hr sec school MGR Nagar,149.2,06-01-2021
13336,Chennai,Sholinganallur,139,06-01-2021
13337,Chennai,Sholinganallur,139,06-01-2021
13338,Chennai,DGP Office,138,06-01-2021
13339,Chennai,DGP Office,138,06-01-2021
13340,Chennai,Ayanavaram taluk office,128.2,06-01-2021
13341,Chennai,Ayanavaram taluk office,128.2,06-01-2021
13342,Chennai,Perambur Corporation park,119.2,06-01-2021
13343,Chennai,Perambur Corporation park,119.2,06-01-2021
13344,Chennai,Alandur,114,06-01-2021
13345,Chennai,Alandur,114,06-01-2021
13346,Chennai,Ambathur,112,06-01-2021
13347,Chennai,Ambathur,112,06-01-2021
13348,Chennai,CD Hospital Tondiarpet,106,06-01-2021
13349,Chennai,CD Hospital Tondiarpet,106,06-01-2021
13350,Chennai,Chennai collectorate building,103,06-01-2021
13351,Chennai,Chennai collectorate building,103,06-01-2021
13352,Chennai,Chennai nungambakkam,82.8,06-01-2021
13353,Chennai,Chennai nungambakkam,82.8,06-01-2021
13354,Chennai,Alandur,42,07-01-2021
13355,Chennai,Alandur,42,07-01-2021
13356,Chennai,Anna university,30.6,07-01-2021
13357,Chennai,Anna university,30.6,07-01-2021
13358,Chennai,DGP Office,28.6,07-01-2021
13359,Chennai,DGP Office,28.6,07-01-2021
13360,Chennai,Ambathur,26,07-01-2021
13361,Chennai,Ambathur,26,07-01-2021
13362,Chennai,Chennai nungambakkam,24.6,07-01-2021
13363,Chennai,Chennai nungambakkam,24.6,07-01-2021
13364,Chennai,Gov hr sec school MGR Nagar,24.2,07-01-2021
13365,Chennai,Gov hr sec school MGR Nagar,24.2,07-01-2021
13366,Chennai,Sholinganallur,17,07-01-2021
13367,Chennai,Sholinganallur,17,07-01-2021
13368,Chennai,Ayanavaram taluk office,12,07-01-2021
13369,Chennai,Ayanavaram taluk office,12,07-01-2021
13370,Chennai,Perambur Corporation park,8.3,07-01-2021
13371,Chennai,Perambur Corporation park,8.3,07-01-2021
13372,Chennai,CD Hospital Tondiarpet,5.5,07-01-2021
13373,Chennai,CD Hospital Tondiarpet,5.5,07-01-2021
13374,Chennai,Chennai collectorate building,4,07-01-2021
13375,Chennai,Chennai collectorate building,4,07-01-2021
13376,Chennai,Gov hr sec school MGR Nagar,6.4,08-01-2021
13377,Chennai,Gov hr sec school MGR Nagar,6.4,08-01-2021
13378,Chennai,DGP Office,6.3,08-01-2021
13379,Chennai,DGP Office,6.3,08-01-2021
13380,Chennai,Ambathur,6,08-01-2021
13381,Chennai,Ambathur,6,08-01-2021
13382,Chennai,Chennai nungambakkam,4.4,08-01-2021
13383,Chennai,Chennai nungambakkam,4.4,08-01-2021
13384,Chennai,Sholinganallur,4.2,08-01-2021
13385,Chennai,Sholinganallur,4.2,08-01-2021
13386,Chennai,Perambur Corporation park,4.1,08-01-2021
13387,Chennai,Perambur Corporation park,4.1,08-01-2021
13388,Chennai,Anna university,2.6,08-01-2021
13389,Chennai,Anna university,2.6,08-01-2021
13390,Chennai,Alandur,2,08-01-2021
13391,Chennai,Ayanavaram taluk office,2,08-01-2021
13392,Chennai,Chennai collectorate building,2,08-01-2021
13393,Chennai,Alandur,2,08-01-2021
13394,Chennai,Ayanavaram taluk office,2,08-01-2021
13395,Chennai,Chennai collectorate building,2,08-01-2021
13396,Chennai,CD Hospital Tondiarpet,1.5,08-01-2021
13397,Chennai,CD Hospital Tondiarpet,1.5,08-01-2021
13398,Chennai,Ambathur,5,09-01-2021
13399,Chennai,Ambathur,5,09-01-2021
13400,Chennai,DGP Office,2,09-01-2021
13401,Chennai,DGP Office,2,09-01-2021
13402,Chennai,Ambathur,5,10-01-2021
13403,Chennai,Ambathur,5,10-01-2021
13404,Chennai,DGP Office,1,10-01-2021
13405,Chennai,DGP Office,1,10-01-2021
13406,Chennai,Chennai nungambakkam,0.1,10-01-2021
13407,Chennai,Chennai nungambakkam,0.1,10-01-2021
13408,Chennai,Anna university,5.4,11-01-2021
13409,Chennai,Anna university,5.4,11-01-2021
13410,Chennai,Alandur,2,11-01-2021
13411,Chennai,Alandur,2,11-01-2021
13412,Chennai,Ambathur,11,20-02-2021
13413,Chennai,Gov hr sec school MGR Nagar,9.6,21-02-2021
13414,Chennai,Chennai nungambakkam,6.5,21-02-2021
13415,Chennai,Alandur,1,21-02-2021
13416,Chennai,DGP Office,1,21-02-2021
13417,Chennai,Alandur,1,22-02-2021
13418,Chennai,Gov hr sec school MGR Nagar,50.8,15-04-2021
13419,Chennai,DGP Office,34.6,15-04-2021
13420,Chennai,Alandur,32.5,15-04-2021
13421,Chennai,CD Hospital Tondiarpet,31.5,15-04-2021
13422,Chennai,Perambur Corporation park,31,15-04-2021
13423,Chennai,Ambathur,31,15-04-2021
13424,Chennai,Anna university,29.5,15-04-2021
13425,Chennai,Chennai nungambakkam,15,15-04-2021
13426,Chennai,Chennai collectorate building,14.2,15-04-2021
13427,Chennai,Ayanavaram taluk office,10,15-04-2021
13428,Chennai,Alandur,25.4,21-05-2021
13429,Chennai,Anna university,18,21-05-2021
13430,Chennai,Gov hr sec school MGR Nagar,15,21-05-2021
13431,Chennai,Sholinganallur,14,21-05-2021
13432,Chennai,Perambur Corporation park,12.3,21-05-2021
13433,Chennai,CD Hospital Tondiarpet,11.5,21-05-2021
13434,Chennai,Chennai collectorate building,8.6,21-05-2021
13435,Chennai,Ayanavaram taluk office,8,21-05-2021
13436,Chennai,Ambathur,7,21-05-2021
13437,Chennai,DGP Office,6.8,21-05-2021
13438,Chennai,Chennai nungambakkam,4.7,21-05-2021
13439,Chennai,Chennai collectorate building,20.6,22-05-2021
13440,Chennai,Perambur Corporation park,17.2,22-05-2021
13441,Chennai,DGP Office,12.8,22-05-2021
13442,Chennai,CD Hospital Tondiarpet,12.5,22-05-2021
13443,Chennai,Chennai nungambakkam,11.1,22-05-2021
13444,Chennai,Alandur,10.2,22-05-2021
13445,Chennai,Sholinganallur,10,22-05-2021
13446,Chennai,Gov hr sec school MGR Nagar,10,22-05-2021
13447,Chennai,Anna university,8.6,22-05-2021
13448,Chennai,Ambathur,8,22-05-2021
13449,Chennai,Ayanavaram taluk office,5,22-05-2021
13450,Chennai,Alandur,47,08-06-2021
13451,Chennai,Gov hr sec school MGR Nagar,45,08-06-2021
13452,Chennai,Anna university,41.2,08-06-2021
13453,Chennai,DGP Office,36.4,08-06-2021
13454,Chennai,Chennai collectorate building,21,08-06-2021
13455,Chennai,CD Hospital Tondiarpet,16,08-06-2021
13456,Chennai,Chennai nungambakkam,14.7,08-06-2021
13457,Chennai,Ayanavaram taluk office,12,08-06-2021
13458,Chennai,Ambathur,10,08-06-2021
13459,Chennai,Sholinganallur,4,08-06-2021
13460,Chennai,Perambur Corporation park,2,08-06-2021
13461,Chennai,Chennai collectorate building,3.2,13-06-2021
13462,Chennai,DGP Office,2.6,13-06-2021
13463,Chennai,Alandur,2,13-06-2021
13464,Chennai,Ambathur,2,13-06-2021
13465,Chennai,Perambur Corporation park,1.5,13-06-2021
13466,Chennai,CD Hospital Tondiarpet,1.5,13-06-2021
13467,Chennai,Ayanavaram taluk office,1.5,13-06-2021
13468,Chennai,Chennai nungambakkam,1.1,13-06-2021
13469,Chennai,Anna university,1,13-06-2021
13470,Chennai,Gov hr sec school MGR Nagar,1,13-06-2021
13471,Chennai,DGP Office,1.5,15-06-2021
13472,Chennai,Anna university,1.4,15-06-2021
13473,Chennai,Alandur,1,15-06-2021
13474,Chennai,Gov hr sec school MGR Nagar,1,15-06-2021
13475,Chennai,Chennai nungambakkam,15.7,20-06-2021
13476,Chennai,Gov hr sec school MGR Nagar,15,20-06-2021
13477,Chennai,Anna university,9.8,20-06-2021
13478,Chennai,Chennai collectorate building,7.4,20-06-2021
13479,Chennai,Ayanavaram taluk office,5,20-06-2021
13480,Chennai,DGP Office,3.5,20-06-2021
13481,Chennai,CD Hospital Tondiarpet,3,20-06-2021
13482,Chennai,Ambathur,3,20-06-2021
13483,Chennai,Perambur Corporation park,2.5,20-06-2021
13484,Chennai,Ambathur,26,24-06-2021
13485,Chennai,Perambur Corporation park,6.4,24-06-2021
13486,Chennai,Ayanavaram taluk office,5,24-06-2021
13487,Chennai,Ambathur,36,28-06-2021
13488,Chennai,Chennai collectorate building,33.8,28-06-2021
13489,Chennai,Alandur,33.1,28-06-2021
13490,Chennai,Ayanavaram taluk office,33,28-06-2021
13491,Chennai,Perambur Corporation park,32.4,28-06-2021
13492,Chennai,Anna university,31.6,28-06-2021
13493,Chennai,CD Hospital Tondiarpet,27,28-06-2021
13494,Chennai,Gov hr sec school MGR Nagar,25,28-06-2021
13495,Chennai,Chennai nungambakkam,18.8,28-06-2021
13496,Chennai,DGP Office,16.7,28-06-2021
13497,Chennai,Perambur Corporation park,4.3,29-06-2021
13498,Chennai,Sholinganallur,3,29-06-2021
13499,Chennai,CD Hospital Tondiarpet,2,29-06-2021
13500,Chennai,Chennai nungambakkam,1.2,29-06-2021
13501,Chennai,Anna university,1,29-06-2021
13502,Chennai,Gov hr sec school MGR Nagar,1.6,01-07-2021
13503,Chennai,Alandur,12.8,03-07-2021
13504,Chennai,Sholinganallur,6,03-07-2021
13505,Chennai,Anna university,5.6,03-07-2021
13506,Chennai,Chennai nungambakkam,5.4,03-07-2021
13507,Chennai,Gov hr sec school MGR Nagar,5.4,03-07-2021
13508,Chennai,Ayanavaram taluk office,5.1,03-07-2021
13509,Chennai,CD Hospital Tondiarpet,3,03-07-2021
13510,Chennai,Perambur Corporation park,2.4,03-07-2021
13511,Chennai,DGP Office,2,03-07-2021
13512,Chennai,Ambathur,2,03-07-2021
13513,Chennai,Ambathur,3,08-07-2021
13514,Chennai,Ambathur,86,09-07-2021
13515,Chennai,DGP Office,58.6,09-07-2021
13516,Chennai,Perambur Corporation park,51.2,09-07-2021
13517,Chennai,CD Hospital Tondiarpet,48,09-07-2021
13518,Chennai,Anna university,42.8,09-07-2021
13519,Chennai,Chennai collectorate building,42,09-07-2021
13520,Chennai,Alandur,38.2,09-07-2021
13521,Chennai,Chennai nungambakkam,34,09-07-2021
13522,Chennai,Ayanavaram taluk office,24.2,09-07-2021
13523,Chennai,Sholinganallur,23.2,09-07-2021
13524,Chennai,Gov hr sec school MGR Nagar,17.4,09-07-2021
13525,Chennai,Ayanavaram taluk office,9,10-07-2021
13526,Chennai,Sholinganallur,7,10-07-2021
13527,Chennai,Perambur Corporation park,4.1,10-07-2021
13528,Chennai,Chennai nungambakkam,3.7,10-07-2021
13529,Chennai,CD Hospital Tondiarpet,3,10-07-2021
13530,Chennai,Chennai collectorate building,2.4,10-07-2021
13531,Chennai,Gov hr sec school MGR Nagar,1.4,11-07-2021
13532,Chennai,Ambathur,16,12-07-2021
13533,Chennai,Sholinganallur,6.6,12-07-2021
13534,Chennai,Perambur Corporation park,4.4,12-07-2021
13535,Chennai,Anna university,3.5,12-07-2021
13536,Chennai,Ayanavaram taluk office,3,12-07-2021
13537,Chennai,Gov hr sec school MGR Nagar,2.2,12-07-2021
13538,Chennai,CD Hospital Tondiarpet,1.5,12-07-2021
13539,Chennai,Alandur,1.5,12-07-2021
13540,Chennai,Chennai nungambakkam,0.4,12-07-2021
13541,Chennai,Chennai collectorate building,10,14-07-2021
13542,Chennai,DGP Office,4.6,14-07-2021
13543,Chennai,Ambathur,3,14-07-2021
13544,Chennai,Chennai nungambakkam,2.9,14-07-2021
13545,Chennai,Ayanavaram taluk office,2.8,14-07-2021
13546,Chennai,Gov hr sec school MGR Nagar,2.6,14-07-2021
13547,Chennai,CD Hospital Tondiarpet,2.5,14-07-2021
13548,Chennai,Anna university,2.2,14-07-2021
13549,Chennai,Perambur Corporation park,2,14-07-2021
13550,Chennai,Alandur,2,14-07-2021
13551,Chennai,Chennai collectorate building,30,15-07-2021
13552,Chennai,CD Hospital Tondiarpet,24,15-07-2021
13553,Chennai,Perambur Corporation park,23.2,15-07-2021
13554,Chennai,Ayanavaram taluk office,21.5,15-07-2021
13555,Chennai,Alandur,13.2,15-07-2021
13556,Chennai,Ambathur,13,15-07-2021
13557,Chennai,DGP Office,12.2,15-07-2021
13558,Chennai,Sholinganallur,12.1,15-07-2021
13559,Chennai,Anna university,10.5,15-07-2021
13560,Chennai,Gov hr sec school MGR Nagar,8.2,15-07-2021
13561,Chennai,Chennai nungambakkam,7.5,15-07-2021
13562,Chennai,DGP Office,4.6,16-07-2021
13563,Chennai,Perambur Corporation park,2.4,16-07-2021
13564,Chennai,Ambathur,2,16-07-2021
13565,Chennai,Gov hr sec school MGR Nagar,1.4,16-07-2021
13566,Chennai,Anna university,1.2,16-07-2021
13567,Chennai,CD Hospital Tondiarpet,1,16-07-2021
13568,Chennai,Chennai nungambakkam,0.3,16-07-2021
13569,Chennai,Alandur,0.2,16-07-2021
13570,Chennai,DGP Office,84.4,17-07-2021
13571,Chennai,Sholinganallur,84,17-07-2021
13572,Chennai,Ambathur,76,17-07-2021
13573,Chennai,Perambur Corporation park,75.2,17-07-2021
13574,Chennai,CD Hospital Tondiarpet,73.3,17-07-2021
13575,Chennai,Ayanavaram taluk office,73,17-07-2021
13576,Chennai,Chennai nungambakkam,60.5,17-07-2021
13577,Chennai,Chennai collectorate building,56.2,17-07-2021
13578,Chennai,Anna university,44.5,17-07-2021
13579,Chennai,Gov hr sec school MGR Nagar,43.2,17-07-2021
13580,Chennai,Alandur,14.4,17-07-2021
13581,Chennai,Chennai nungambakkam,77,18-07-2021
13582,Chennai,Gov hr sec school MGR Nagar,54.8,18-07-2021
13583,Chennai,Anna university,42.3,18-07-2021
13584,Chennai,Alandur,36.2,18-07-2021
13585,Chennai,Ayanavaram taluk office,28,18-07-2021
13586,Chennai,DGP Office,24.8,18-07-2021
13587,Chennai,CD Hospital Tondiarpet,12,18-07-2021
13588,Chennai,Chennai collectorate building,8.3,18-07-2021
13589,Chennai,Perambur Corporation park,4.3,18-07-2021
13590,Chennai,Sholinganallur,3,18-07-2021
13591,Chennai,Ambathur,3,18-07-2021
13592,Chennai,Perambur Corporation park,29.4,19-07-2021
13593,Chennai,CD Hospital Tondiarpet,16.2,19-07-2021
13594,Chennai,Chennai collectorate building,12.3,19-07-2021
13595,Chennai,Ambathur,5,19-07-2021
13596,Chennai,Ayanavaram taluk office,5,19-07-2021
13597,Chennai,Gov hr sec school MGR Nagar,2.8,19-07-2021
13598,Chennai,Chennai nungambakkam,2.6,19-07-2021
13599,Chennai,Anna university,2.2,19-07-2021
13600,Chennai,Sholinganallur,2,19-07-2021
13601,Chennai,Alandur,0.3,19-07-2021
13602,Chennai,Ambathur,36,20-07-2021
13603,Chennai,Ayanavaram taluk office,26,20-07-2021
13604,Chennai,Perambur Corporation park,25.4,20-07-2021
13605,Chennai,Chennai collectorate building,22.2,20-07-2021
13606,Chennai,CD Hospital Tondiarpet,21.4,20-07-2021
13607,Chennai,Chennai nungambakkam,19.3,20-07-2021
13608,Chennai,Sholinganallur,17,20-07-2021
13609,Chennai,DGP Office,14.4,20-07-2021
13610,Chennai,Anna university,13.6,20-07-2021
13611,Chennai,Gov hr sec school MGR Nagar,12.8,20-07-2021
13612,Chennai,Alandur,11.2,20-07-2021
13613,Chennai,Sholinganallur,24,21-07-2021
13614,Chennai,Perambur Corporation park,13.1,21-07-2021
13615,Chennai,Chennai collectorate building,11.3,21-07-2021
13616,Chennai,CD Hospital Tondiarpet,10.4,21-07-2021
13617,Chennai,Chennai nungambakkam,6.5,21-07-2021
13618,Chennai,DGP Office,6.2,21-07-2021
13619,Chennai,Gov hr sec school MGR Nagar,5.6,21-07-2021
13620,Chennai,Ayanavaram taluk office,5.2,21-07-2021
13621,Chennai,Ambathur,5,21-07-2021
13622,Chennai,Alandur,4.3,21-07-2021
13623,Chennai,Anna university,4.2,21-07-2021
13624,Chennai,Sholinganallur,4.2,22-07-2021
13625,Chennai,Ambathur,1.5,22-07-2021
13626,Chennai,CD Hospital Tondiarpet,1,22-07-2021
13627,Chennai,Chennai nungambakkam,0.9,22-07-2021
13628,Chennai,Anna university,0.5,22-07-2021
13629,Chennai,Gov hr sec school MGR Nagar,0.4,22-07-2021
13630,Chennai,Alandur,0.2,22-07-2021
13631,Chennai,Gov hr sec school MGR Nagar,0.8,23-07-2021
13632,Chennai,Chennai nungambakkam,0.8,26-07-2021
13633,Chennai,Perambur Corporation park,40.4,27-07-2021
13634,Chennai,Chennai collectorate building,30.3,27-07-2021
13635,Chennai,CD Hospital Tondiarpet,29.2,27-07-2021
13636,Chennai,Ayanavaram taluk office,28.2,27-07-2021
13637,Chennai,Ambathur,26,27-07-2021
13638,Chennai,Chennai nungambakkam,14.1,27-07-2021
13639,Chennai,Gov hr sec school MGR Nagar,6.2,27-07-2021
13640,Chennai,DGP Office,4.6,27-07-2021
13641,Chennai,Anna university,3.4,27-07-2021
13642,Chennai,Alandur,3.2,27-07-2021
13643,Chennai,DGP Office,22.8,01-08-2021
13644,Chennai,CD Hospital Tondiarpet,18.2,01-08-2021
13645,Chennai,Anna university,16.8,01-08-2021
13646,Chennai,Gov hr sec school MGR Nagar,16.2,01-08-2021
13647,Chennai,Ayanavaram taluk office,16,01-08-2021
13648,Chennai,Ambathur,14,01-08-2021
13649,Chennai,Chennai nungambakkam,12.5,01-08-2021
13650,Chennai,Alandur,10.8,01-08-2021
13651,Chennai,Perambur Corporation park,10.1,01-08-2021
13652,Chennai,Sholinganallur,10,01-08-2021
13653,Chennai,Chennai collectorate building,7.4,01-08-2021
13654,Chennai,Chennai collectorate building,3.2,03-08-2021
13655,Chennai,DGP Office,2.6,03-08-2021
13656,Chennai,Gov hr sec school MGR Nagar,2.6,03-08-2021
13657,Chennai,Perambur Corporation park,2.4,03-08-2021
13658,Chennai,Anna university,2.2,03-08-2021
13659,Chennai,Alandur,1,06-08-2021
13660,Chennai,Gov hr sec school MGR Nagar,0.8,06-08-2021
13661,Chennai,Alandur,7.4,07-08-2021
13662,Chennai,Gov hr sec school MGR Nagar,3.6,07-08-2021
13663,Chennai,Anna university,2.6,07-08-2021
13664,Chennai,CD Hospital Tondiarpet,1.2,07-08-2021
13665,Chennai,Alandur,41.6,10-08-2021
13666,Chennai,Ambathur,33,10-08-2021
13667,Chennai,Sholinganallur,16,10-08-2021
13668,Chennai,Perambur Corporation park,5.1,10-08-2021
13669,Chennai,Gov hr sec school MGR Nagar,3.8,10-08-2021
13670,Chennai,Chennai nungambakkam,3.2,10-08-2021
13671,Chennai,CD Hospital Tondiarpet,3,10-08-2021
13672,Chennai,Anna university,2.6,10-08-2021
13673,Chennai,Ayanavaram taluk office,2.1,10-08-2021
13674,Chennai,Chennai nungambakkam,10.9,12-08-2021
13675,Chennai,DGP Office,6.8,12-08-2021
13676,Chennai,Anna university,4.7,12-08-2021
13677,Chennai,Gov hr sec school MGR Nagar,2.2,12-08-2021
13678,Chennai,Sholinganallur,1.7,12-08-2021
13679,Chennai,Alandur,0.2,12-08-2021
13680,Chennai,DGP Office,42.8,17-08-2021
13681,Chennai,Ayanavaram taluk office,33,17-08-2021
13682,Chennai,Perambur Corporation park,31.2,17-08-2021
13683,Chennai,Ambathur,28,17-08-2021
13684,Chennai,CD Hospital Tondiarpet,26,17-08-2021
13685,Chennai,Chennai collectorate building,25.1,17-08-2021
13686,Chennai,Anna university,22.4,17-08-2021
13687,Chennai,Gov hr sec school MGR Nagar,21.8,17-08-2021
13688,Chennai,Alandur,17.1,17-08-2021
13689,Chennai,Chennai nungambakkam,15.4,17-08-2021
13690,Chennai,Sholinganallur,12,17-08-2021
13691,Chennai,Chennai nungambakkam,15.4,18-08-2021
13692,Chennai,Alandur,100,19-08-2021
13693,Chennai,Ambathur,23,19-08-2021
13694,Chennai,Perambur Corporation park,3.1,19-08-2021
13695,Chennai,DGP Office,11.4,20-08-2021
13696,Chennai,Alandur,10.4,20-08-2021
13697,Chennai,Gov hr sec school MGR Nagar,9.8,20-08-2021
13698,Chennai,Sholinganallur,8.6,20-08-2021
13699,Chennai,Anna university,7.6,20-08-2021
13700,Chennai,Chennai nungambakkam,3.6,20-08-2021
13701,Chennai,CD Hospital Tondiarpet,3.4,20-08-2021
13702,Chennai,Ayanavaram taluk office,3.2,20-08-2021
13703,Chennai,Chennai collectorate building,2.1,20-08-2021
13704,Chennai,Ayanavaram taluk office,62.5,22-08-2021
13705,Chennai,CD Hospital Tondiarpet,52.2,22-08-2021
13706,Chennai,Perambur Corporation park,47.2,22-08-2021
13707,Chennai,DGP Office,45.8,22-08-2021
13708,Chennai,Ambathur,42,22-08-2021
13709,Chennai,Chennai collectorate building,35.4,22-08-2021
13710,Chennai,Chennai nungambakkam,22.9,22-08-2021
13711,Chennai,Anna university,2.8,22-08-2021
13712,Chennai,Gov hr sec school MGR Nagar,2.4,22-08-2021
13713,Chennai,Alandur,1,22-08-2021
13714,Chennai,Ambathur,41,25-08-2021
13715,Chennai,Gov hr sec school MGR Nagar,8.2,25-08-2021
13716,Chennai,Anna university,4.6,25-08-2021
13717,Chennai,Alandur,1.6,25-08-2021
13718,Chennai,Chennai nungambakkam,0.6,25-08-2021
13719,Chennai,Ambathur,23,27-08-2021
13720,Chennai,Perambur Corporation park,16,27-08-2021
13721,Chennai,Chennai collectorate building,15.1,27-08-2021
13722,Chennai,Ayanavaram taluk office,8,27-08-2021
13723,Chennai,Sholinganallur,6.2,27-08-2021
13724,Chennai,Anna university,4.6,27-08-2021
13725,Chennai,DGP Office,4.2,27-08-2021
13726,Chennai,Alandur,3.9,27-08-2021
13727,Chennai,CD Hospital Tondiarpet,3.4,27-08-2021
13728,Chennai,Chennai nungambakkam,3.1,27-08-2021
13729,Chennai,Gov hr sec school MGR Nagar,2.4,27-08-2021
13730,Chennai,Perambur Corporation park,37.4,28-08-2021
13731,Chennai,CD Hospital Tondiarpet,36.4,28-08-2021
13732,Chennai,Ambathur,34,28-08-2021
13733,Chennai,Ayanavaram taluk office,34,28-08-2021
13734,Chennai,Chennai collectorate building,32.8,28-08-2021
13735,Chennai,DGP Office,22.8,28-08-2021
13736,Chennai,Alandur,15.3,28-08-2021
13737,Chennai,Sholinganallur,13.2,28-08-2021
13738,Chennai,Chennai nungambakkam,11.6,28-08-2021
13739,Chennai,Anna university,8.3,28-08-2021
13740,Chennai,Gov hr sec school MGR Nagar,6.6,28-08-2021
13741,Chennai,Sholinganallur,53,29-08-2021
13742,Chennai,Ayanavaram taluk office,53,29-08-2021
13743,Chennai,Gov hr sec school MGR Nagar,52.4,29-08-2021
13744,Chennai,Chennai collectorate building,37.2,29-08-2021
13745,Chennai,Anna university,36.5,29-08-2021
13746,Chennai,CD Hospital Tondiarpet,35.4,29-08-2021
13747,Chennai,Alandur,32.3,29-08-2021
13748,Chennai,Ambathur,31,29-08-2021
13749,Chennai,Chennai nungambakkam,29.7,29-08-2021
13750,Chennai,Perambur Corporation park,29.4,29-08-2021
13751,Chennai,DGP Office,26.4,29-08-2021
13752,Chennai,Alandur,10.4,30-08-2021
13753,Chennai,Sholinganallur,9,30-08-2021
13754,Chennai,Anna university,7.8,30-08-2021
13755,Chennai,DGP Office,6.8,30-08-2021
13756,Chennai,CD Hospital Tondiarpet,4.2,30-08-2021
13757,Chennai,Ayanavaram taluk office,4,30-08-2021
13758,Chennai,Chennai nungambakkam,4,30-08-2021
13759,Chennai,Gov hr sec school MGR Nagar,3.8,30-08-2021
13760,Chennai,Perambur Corporation park,3.4,30-08-2021
13761,Chennai,Chennai collectorate building,3.2,30-08-2021
13762,Chennai,Ambathur,3,30-08-2021
13763,Chennai,Alandur,1.4,31-08-2021
13764,Chennai,Chennai collectorate building,1.1,31-08-2021
13765,Chennai,Chennai nungambakkam,0.4,31-08-2021
13766,Chennai,Gov hr sec school MGR Nagar,0.2,03-09-2021
13767,Chennai,Gov hr sec school MGR Nagar,11.8,04-09-2021
13768,Chennai,DGP Office,8.6,04-09-2021
13769,Chennai,Anna university,7.6,04-09-2021
13770,Chennai,CD Hospital Tondiarpet,7.2,04-09-2021
13771,Chennai,Sholinganallur,6.2,04-09-2021
13772,Chennai,Alandur,4.1,04-09-2021
13773,Chennai,Ambathur,4,04-09-2021
13774,Chennai,Chennai collectorate building,2,04-09-2021
13775,Chennai,Chennai nungambakkam,1.8,04-09-2021
13776,Chennai,Ayanavaram taluk office,1.5,04-09-2021
13777,Chennai,DGP Office,8.4,05-09-2021
13778,Chennai,Anna university,4.2,05-09-2021
13779,Chennai,CD Hospital Tondiarpet,3.6,05-09-2021
13780,Chennai,Ayanavaram taluk office,3,05-09-2021
13781,Chennai,Gov hr sec school MGR Nagar,2.4,05-09-2021
13782,Chennai,Sholinganallur,2.2,05-09-2021
13783,Chennai,Chennai nungambakkam,2,05-09-2021
13784,Chennai,Chennai collectorate building,1.2,05-09-2021
13785,Chennai,DGP Office,22.4,06-09-2021
13786,Chennai,Alandur,11.2,06-09-2021
13787,Chennai,Anna university,10.6,06-09-2021
13788,Chennai,Gov hr sec school MGR Nagar,9.2,06-09-2021
13789,Chennai,Sholinganallur,6.2,06-09-2021
13790,Chennai,Sholinganallur,38,07-09-2021
13791,Chennai,Ambathur,37,07-09-2021
13792,Chennai,CD Hospital Tondiarpet,32.6,07-09-2021
13793,Chennai,Anna university,32.6,07-09-2021
13794,Chennai,Chennai nungambakkam,32.3,07-09-2021
13795,Chennai,DGP Office,31.4,07-09-2021
13796,Chennai,Perambur Corporation park,30.1,07-09-2021
13797,Chennai,Ayanavaram taluk office,29,07-09-2021
13798,Chennai,Alandur,27.4,07-09-2021
13799,Chennai,Chennai collectorate building,26.2,07-09-2021
13800,Chennai,Gov hr sec school MGR Nagar,23.6,07-09-2021
13801,Chennai,Ambathur,12.2,18-09-2021
13802,Chennai,Perambur Corporation park,11.4,18-09-2021
13803,Chennai,Alandur,8.6,18-09-2021
13804,Chennai,DGP Office,8.6,18-09-2021
13805,Chennai,Sholinganallur,2,18-09-2021
13806,Chennai,Anna university,1.2,18-09-2021
13807,Chennai,Gov hr sec school MGR Nagar,0.4,18-09-2021
13808,Chennai,Chennai nungambakkam,0.3,18-09-2021
13809,Chennai,Sholinganallur,8,21-09-2021
13810,Chennai,Ambathur,4,21-09-2021
13811,Chennai,DGP Office,102.4,22-09-2021
13812,Chennai,Ayanavaram taluk office,71,22-09-2021
13813,Chennai,Chennai collectorate building,70.5,22-09-2021
13814,Chennai,Gov hr sec school MGR Nagar,57.6,22-09-2021
13815,Chennai,Perambur Corporation park,57.4,22-09-2021
13816,Chennai,Anna university,56.5,22-09-2021
13817,Chennai,Sholinganallur,55,22-09-2021
13818,Chennai,CD Hospital Tondiarpet,52.5,22-09-2021
13819,Chennai,Chennai nungambakkam,50.2,22-09-2021
13820,Chennai,Alandur,43,22-09-2021
13821,Chennai,Ambathur,15.4,22-09-2021
13822,Chennai,Perambur Corporation park,8.4,23-09-2021
13823,Chennai,Chennai collectorate building,4.2,23-09-2021
13824,Chennai,CD Hospital Tondiarpet,2.4,23-09-2021
13825,Chennai,Gov hr sec school MGR Nagar,2.2,23-09-2021
13826,Chennai,Alandur,12,26-09-2021
13827,Chennai,Gov hr sec school MGR Nagar,3.8,26-09-2021
13828,Chennai,Sholinganallur,3.5,26-09-2021
13829,Chennai,Anna university,2.6,26-09-2021
13830,Chennai,Gov hr sec school MGR Nagar,3.4,30-09-2021
13831,Chennai,Ambathur,8,01-10-2021
13832,Chennai,Chennai nungambakkam,4.6,01-10-2021
13833,Chennai,Alandur,4.4,01-10-2021
13834,Chennai,Anna university,4.4,01-10-2021
13835,Chennai,Chennai collectorate building,4.1,01-10-2021
13836,Chennai,CD Hospital Tondiarpet,3.6,01-10-2021
13837,Chennai,Sholinganallur,3.4,01-10-2021
13838,Chennai,Gov hr sec school MGR Nagar,3.2,01-10-2021
13839,Chennai,DGP Office,2,01-10-2021
13840,Chennai,Perambur Corporation park,7.2,02-10-2021
13841,Chennai,Chennai nungambakkam,5.6,02-10-2021
13842,Chennai,CD Hospital Tondiarpet,4.2,02-10-2021
13843,Chennai,DGP Office,4.2,02-10-2021
13844,Chennai,Anna university,3.8,02-10-2021
13845,Chennai,Chennai collectorate building,2.1,02-10-2021
13846,Chennai,Sholinganallur,2,02-10-2021
13847,Chennai,Gov hr sec school MGR Nagar,1.6,02-10-2021
13848,Chennai,Alandur,1.4,02-10-2021
13849,Chennai,Ambathur,16,03-10-2021
13850,Chennai,Gov hr sec school MGR Nagar,9.4,03-10-2021
13851,Chennai,Anna university,8.3,03-10-2021
13852,Chennai,Sholinganallur,7.6,03-10-2021
13853,Chennai,DGP Office,3.6,03-10-2021
13854,Chennai,Alandur,1.7,03-10-2021
13855,Chennai,DGP Office,8.4,04-10-2021
13856,Chennai,Chennai collectorate building,8.1,04-10-2021
13857,Chennai,CD Hospital Tondiarpet,6.3,04-10-2021
13858,Chennai,Perambur Corporation park,5.4,04-10-2021
13859,Chennai,Ayanavaram taluk office,5,04-10-2021
13860,Chennai,Sholinganallur,3.2,04-10-2021
13861,Chennai,Anna university,1.8,04-10-2021
13862,Chennai,Gov hr sec school MGR Nagar,1.4,04-10-2021
13863,Chennai,Alandur,1.2,04-10-2021
13864,Chennai,Chennai nungambakkam,1.2,04-10-2021
13865,Chennai,Chennai collectorate building,29.2,05-10-2021
13866,Chennai,Ayanavaram taluk office,24,05-10-2021
13867,Chennai,DGP Office,23.4,05-10-2021
13868,Chennai,Perambur Corporation park,22.4,05-10-2021
13869,Chennai,CD Hospital Tondiarpet,18.6,05-10-2021
13870,Chennai,Chennai nungambakkam,14.5,05-10-2021
13871,Chennai,Anna university,12.8,05-10-2021
13872,Chennai,Gov hr sec school MGR Nagar,10.6,05-10-2021
13873,Chennai,Ambathur,9,05-10-2021
13874,Chennai,Alandur,8.3,05-10-2021
13875,Chennai,Sholinganallur,4.6,05-10-2021
13876,Chennai,Sholinganallur,82,06-10-2021
13877,Chennai,Ambathur,65,06-10-2021
13878,Chennai,Alandur,42.9,06-10-2021
13879,Chennai,Anna university,38.6,06-10-2021
13880,Chennai,DGP Office,35.8,06-10-2021
13881,Chennai,Chennai nungambakkam,31.6,06-10-2021
13882,Chennai,CD Hospital Tondiarpet,30.2,06-10-2021
13883,Chennai,Perambur Corporation park,28.2,06-10-2021
13884,Chennai,Ayanavaram taluk office,19,06-10-2021
13885,Chennai,Chennai collectorate building,15.2,06-10-2021
13886,Chennai,Gov hr sec school MGR Nagar,11.8,06-10-2021
13887,Chennai,DGP Office,38.2,07-10-2021
13888,Chennai,Chennai nungambakkam,26.4,07-10-2021
13889,Chennai,Sholinganallur,20.4,07-10-2021
13890,Chennai,Anna university,16.4,07-10-2021
13891,Chennai,Alandur,16.2,07-10-2021
13892,Chennai,Ayanavaram taluk office,14,07-10-2021
13893,Chennai,Chennai collectorate building,13.2,07-10-2021
13894,Chennai,CD Hospital Tondiarpet,12.4,07-10-2021
13895,Chennai,Gov hr sec school MGR Nagar,11.6,07-10-2021
13896,Chennai,Perambur Corporation park,9.4,07-10-2021
13897,Chennai,Ambathur,6,07-10-2021
13898,Chennai,DGP Office,96.4,10-10-2021
13899,Chennai,CD Hospital Tondiarpet,22.4,10-10-2021
13900,Chennai,Perambur Corporation park,19.2,10-10-2021
13901,Chennai,Chennai collectorate building,14.2,10-10-2021
13902,Chennai,Chennai nungambakkam,12,10-10-2021
13903,Chennai,Sholinganallur,6.2,10-10-2021
13904,Chennai,Anna university,1.8,10-10-2021
13905,Chennai,Alandur,1.2,10-10-2021
13906,Chennai,Gov hr sec school MGR Nagar,0.8,10-10-2021
13907,Chennai,Sholinganallur,72,11-10-2021
13908,Chennai,Alandur,23,11-10-2021
13909,Chennai,Chennai nungambakkam,20.6,11-10-2021
13910,Chennai,Ayanavaram taluk office,16,11-10-2021
13911,Chennai,Perambur Corporation park,15.1,11-10-2021
13912,Chennai,CD Hospital Tondiarpet,6.4,11-10-2021
13913,Chennai,DGP Office,6.2,11-10-2021
13914,Chennai,Chennai collectorate building,5.3,11-10-2021
13915,Chennai,Gov hr sec school MGR Nagar,2.8,11-10-2021
13916,Chennai,Anna university,2.5,11-10-2021
13917,Chennai,Ambathur,1.2,11-10-2021
13918,Chennai,Chennai nungambakkam,0.7,12-10-2021
13919,Chennai,Sholinganallur,44.6,13-10-2021
13920,Chennai,Gov hr sec school MGR Nagar,37.8,13-10-2021
13921,Chennai,Anna university,28.6,13-10-2021
13922,Chennai,Alandur,0.6,13-10-2021
13923,Chennai,Sholinganallur,8,14-10-2021
13924,Chennai,Gov hr sec school MGR Nagar,6.4,14-10-2021
13925,Chennai,Alandur,3.5,14-10-2021
13926,Chennai,CD Hospital Tondiarpet,2.4,14-10-2021
13927,Chennai,Anna university,2.4,14-10-2021
13928,Chennai,Ambathur,2,14-10-2021
13929,Chennai,Chennai nungambakkam,2,14-10-2021
13930,Chennai,Sholinganallur,6,15-10-2021
13931,Chennai,Chennai collectorate building,1.3,15-10-2021
13932,Chennai,Anna university,1.1,15-10-2021
13933,Chennai,DGP Office,24.2,16-10-2021
13934,Chennai,Sholinganallur,3,16-10-2021
13935,Chennai,Chennai nungambakkam,0.3,16-10-2021
13936,Chennai,Perambur Corporation park,20.1,18-10-2021
13937,Chennai,Ambathur,13,18-10-2021
13938,Chennai,Chennai collectorate building,4.3,18-10-2021
13939,Chennai,CD Hospital Tondiarpet,3.5,18-10-2021
13940,Chennai,Ayanavaram taluk office,2,18-10-2021
13941,Chennai,Chennai nungambakkam,0.5,18-10-2021
13942,Chennai,Gov hr sec school MGR Nagar,0.4,18-10-2021
13943,Chennai,Anna university,1.2,20-10-2021
13944,Chennai,Gov hr sec school MGR Nagar,0.8,20-10-2021
13945,Chennai,Perambur Corporation park,16.2,22-10-2021
13946,Chennai,Ayanavaram taluk office,10,22-10-2021
13947,Chennai,Ambathur,7,22-10-2021
13948,Chennai,CD Hospital Tondiarpet,3.2,22-10-2021
13949,Chennai,Chennai nungambakkam,2.9,22-10-2021
13950,Chennai,DGP Office,2.4,22-10-2021
13951,Chennai,Gov hr sec school MGR Nagar,2.2,22-10-2021
13952,Chennai,Anna university,0.8,22-10-2021
13953,Chennai,Ambathur,21,24-10-2021
13954,Chennai,Chennai collectorate building,1,24-10-2021
13955,Chennai,Chennai nungambakkam,22.7,25-10-2021
13956,Chennai,Perambur Corporation park,21.1,25-10-2021
13957,Chennai,Ambathur,18,25-10-2021
13958,Chennai,Ayanavaram taluk office,14,25-10-2021
13959,Chennai,Alandur,10,25-10-2021
13960,Chennai,CD Hospital Tondiarpet,4.3,25-10-2021
13961,Chennai,Sholinganallur,4,25-10-2021
13962,Chennai,DGP Office,3.4,25-10-2021
13963,Chennai,Anna university,2.8,25-10-2021
13964,Chennai,Gov hr sec school MGR Nagar,2.6,25-10-2021
13965,Chennai,Chennai collectorate building,19.2,29-10-2021
13966,Chennai,Chennai nungambakkam,17.6,29-10-2021
13967,Chennai,DGP Office,12.8,29-10-2021
13968,Chennai,Perambur Corporation park,10.2,29-10-2021
13969,Chennai,Gov hr sec school MGR Nagar,6.4,29-10-2021
13970,Chennai,Anna university,5.2,29-10-2021
13971,Chennai,Ambathur,5,29-10-2021
13972,Chennai,Sholinganallur,4,29-10-2021
13973,Chennai,CD Hospital Tondiarpet,3.3,29-10-2021
13974,Chennai,Ayanavaram taluk office,3,29-10-2021
13975,Chennai,Alandur,1.9,29-10-2021
13976,Chennai,Ambathur,76,30-10-2021
13977,Chennai,Perambur Corporation park,57.4,30-10-2021
13978,Chennai,Ayanavaram taluk office,54,30-10-2021
13979,Chennai,CD Hospital Tondiarpet,48,30-10-2021
13980,Chennai,Chennai collectorate building,35.2,30-10-2021
13981,Chennai,Sholinganallur,35,30-10-2021
13982,Chennai,Chennai nungambakkam,34,30-10-2021
13983,Chennai,Anna university,32.4,30-10-2021
13984,Chennai,DGP Office,28.4,30-10-2021
13985,Chennai,Alandur,28,30-10-2021
13986,Chennai,Gov hr sec school MGR Nagar,26.6,30-10-2021
13987,Chennai,Ayanavaram taluk office,15,31-10-2021
13988,Chennai,Alandur,10.7,31-10-2021
13989,Chennai,Sholinganallur,10,31-10-2021
13990,Chennai,CD Hospital Tondiarpet,8.4,31-10-2021
13991,Chennai,Chennai nungambakkam,7.6,31-10-2021
13992,Chennai,Chennai collectorate building,7.2,31-10-2021
13993,Chennai,Perambur Corporation park,6.2,31-10-2021
13994,Chennai,Anna university,4.8,31-10-2021
13995,Chennai,DGP Office,4.6,31-10-2021
13996,Chennai,Gov hr sec school MGR Nagar,4.2,31-10-2021
13997,Chennai,Ambathur,4,31-10-2021
13998,Chennai,Perambur Corporation park,44.4,01-11-2021
13999,Chennai,CD Hospital Tondiarpet,38.3,01-11-2021
14000,Chennai,DGP Office,36.6,01-11-2021
14001,Chennai,Gov hr sec school MGR Nagar,36.4,01-11-2021
14002,Chennai,Chennai collectorate building,32.1,01-11-2021
14003,Chennai,Ambathur,31,01-11-2021
14004,Chennai,Anna university,30.6,01-11-2021
14005,Chennai,Ayanavaram taluk office,30,01-11-2021
14006,Chennai,Alandur,24.1,01-11-2021
14007,Chennai,Chennai nungambakkam,22.8,01-11-2021
14008,Chennai,Sholinganallur,14,01-11-2021
14009,Chennai,DGP Office,34.2,02-11-2021
14010,Chennai,Ambathur,30,02-11-2021
14011,Chennai,Chennai collectorate building,29.1,02-11-2021
14012,Chennai,Ayanavaram taluk office,29,02-11-2021
14013,Chennai,Chennai nungambakkam,28.2,02-11-2021
14014,Chennai,CD Hospital Tondiarpet,27.2,02-11-2021
14015,Chennai,Perambur Corporation park,26.1,02-11-2021
14016,Chennai,Sholinganallur,23.4,02-11-2021
14017,Chennai,Gov hr sec school MGR Nagar,22.8,02-11-2021
14018,Chennai,Anna university,21.6,02-11-2021
14019,Chennai,Alandur,15.6,02-11-2021
14020,Chennai,DGP Office,42.6,03-11-2021
14021,Chennai,Sholinganallur,42,03-11-2021
14022,Chennai,Alandur,38,03-11-2021
14023,Chennai,Gov hr sec school MGR Nagar,35.6,03-11-2021
14024,Chennai,Anna university,31.6,03-11-2021
14025,Chennai,CD Hospital Tondiarpet,26.4,03-11-2021
14026,Chennai,Chennai collectorate building,24.1,03-11-2021
14027,Chennai,Ayanavaram taluk office,24,03-11-2021
14028,Chennai,Chennai nungambakkam,14.9,03-11-2021
14029,Chennai,Perambur Corporation park,14.2,03-11-2021
14030,Chennai,Ambathur,13,03-11-2021
14031,Chennai,DGP Office,65.4,04-11-2021
14032,Chennai,Chennai collectorate building,47.2,04-11-2021
14033,Chennai,Ayanavaram taluk office,31,04-11-2021
14034,Chennai,Anna university,30.6,04-11-2021
14035,Chennai,Perambur Corporation park,29.3,04-11-2021
14036,Chennai,Gov hr sec school MGR Nagar,25.6,04-11-2021
14037,Chennai,CD Hospital Tondiarpet,25.2,04-11-2021
14038,Chennai,Ambathur,25,04-11-2021
14039,Chennai,Sholinganallur,14,04-11-2021
14040,Chennai,Chennai nungambakkam,13,04-11-2021
14041,Chennai,Alandur,10.7,04-11-2021
14042,Chennai,Perambur Corporation park,11.4,05-11-2021
14043,Chennai,Gov hr sec school MGR Nagar,9.8,05-11-2021
14044,Chennai,Anna university,8.1,05-11-2021
14045,Chennai,Ayanavaram taluk office,8,05-11-2021
14046,Chennai,Ambathur,8,05-11-2021
14047,Chennai,CD Hospital Tondiarpet,7.2,05-11-2021
14048,Chennai,DGP Office,6.4,05-11-2021
14049,Chennai,Chennai collectorate building,6.2,05-11-2021
14050,Chennai,Sholinganallur,4.2,05-11-2021
14051,Chennai,Alandur,1.3,05-11-2021
14052,Chennai,Chennai nungambakkam,1,05-11-2021
14053,Chennai,Alandur,34.2,06-11-2021
14054,Chennai,Perambur Corporation park,22.1,06-11-2021
14055,Chennai,Gov hr sec school MGR Nagar,19.4,06-11-2021
14056,Chennai,Chennai nungambakkam,18.4,06-11-2021
14057,Chennai,Anna university,14.2,06-11-2021
14058,Chennai,Ayanavaram taluk office,14,06-11-2021
14059,Chennai,CD Hospital Tondiarpet,12.4,06-11-2021
14060,Chennai,DGP Office,11.6,06-11-2021
14061,Chennai,Chennai collectorate building,10.2,06-11-2021
14062,Chennai,Sholinganallur,6,06-11-2021
14063,Chennai,Ambathur,5,06-11-2021
14064,Chennai,DGP Office,226.8,07-11-2021
14065,Chennai,Ambathur,205,07-11-2021
14066,Chennai,Ayanavaram taluk office,184,07-11-2021
14067,Chennai,Chennai nungambakkam,158.9,07-11-2021
14068,Chennai,Perambur Corporation park,140.3,07-11-2021
14069,Chennai,CD Hospital Tondiarpet,130.3,07-11-2021
14070,Chennai,Anna university,126.5,07-11-2021
14071,Chennai,Gov hr sec school MGR Nagar,112.6,07-11-2021
14072,Chennai,Chennai collectorate building,72.2,07-11-2021
14073,Chennai,Alandur,68.6,07-11-2021
14074,Chennai,Sholinganallur,52,07-11-2021
14075,Chennai,Zone 05 Royapuram,182.8,08-11-2021
14076,Chennai,Zone 05 GCC,171,08-11-2021
14077,Chennai,Zone 09 Teynampet,166.6,08-11-2021
14078,Chennai,Zone 04 Tondiarpet,157.8,08-11-2021
14079,Chennai,Zone 06 D65 Kolathur,154.6,08-11-2021
14080,Chennai,Zone 06 T.V.K Nagar,154.6,08-11-2021
14081,Chennai,Zone 08 Malar colony,144,08-11-2021
14082,Chennai,Perambur Corporation park,137.4,08-11-2021
14083,Chennai,Zone 10 Kodambakkam,136.2,08-11-2021
14084,Chennai,Zone 08 Anna Nagar,133.4,08-11-2021
14085,Chennai,Zone 03 Madhavaram,124.8,08-11-2021
14086,Chennai,Zone 09 Ice House,123.2,08-11-2021
14087,Chennai,Zone 07 U18 D81 Vanagaram,122.6,08-11-2021
14088,Chennai,Zone 13 Adyar,115.4,08-11-2021
14089,Chennai,Zone 13 U39 Adyar,111.8,08-11-2021
14090,Chennai,Zone 02 Manali,110.4,08-11-2021
14091,Chennai,Zone 14 U41 Perungudi,109.8,08-11-2021
14092,Chennai,Zone 12 Alandhur,105.6,08-11-2021
14093,Chennai,CD Hospital Tondiarpet,103,08-11-2021
14094,Chennai,Zone 03 Puzhal,103,08-11-2021
14095,Chennai,Zone 02 D15 Manali,102.6,08-11-2021
14096,Chennai,Zone 12 Meenambakkam,98,08-11-2021
14097,Chennai,Zone 14 Perungudi,98,08-11-2021
14098,Chennai,Ayanavaram taluk office,94,08-11-2021
14099,Chennai,Zone 11 U32 Maduravoyal,89.8,08-11-2021
14100,Chennai,Ambathur,88,08-11-2021
14101,Chennai,Chennai collectorate building,86.4,08-11-2021
14102,Chennai,Zone 11 Valasaravakkam,85,08-11-2021
14103,Chennai,Zone 12 D156 Mugalivakkam,80,08-11-2021
14104,Chennai,Zone 01 Kathivakkam,76.6,08-11-2021
14105,Chennai,DGP Office,76.4,08-11-2021
14106,Chennai,Gov hr sec school MGR Nagar,69.8,08-11-2021
14107,Chennai,Anna university,65.4,08-11-2021
14108,Chennai,Chennai nungambakkam,63.8,08-11-2021
14109,Chennai,Zone 15 Uthandi,60,08-11-2021
14110,Chennai,Zone 15 Sholinganallur,55.8,08-11-2021
14111,Chennai,Zone 07 Ambattur,45.6,08-11-2021
14112,Chennai,Sholinganallur,44,08-11-2021
14113,Chennai,Alandur,42.2,08-11-2021
14114,Chennai,Zone 01 Thiruvottiyur,4,08-11-2021
14115,Chennai,Zone 13 Adyar Eco Park,0.4,08-11-2021
14116,Chennai,Perambur Corporation park,63.2,09-11-2021
14117,Chennai,Chennai collectorate building,59.2,09-11-2021
14118,Chennai,CD Hospital Tondiarpet,58.6,09-11-2021
14119,Chennai,Gov hr sec school MGR Nagar,49.6,09-11-2021
14120,Chennai,Chennai nungambakkam,48.5,09-11-2021
14121,Chennai,Ayanavaram taluk office,48.2,09-11-2021
14122,Chennai,Anna university,45.2,09-11-2021
14123,Chennai,DGP Office,45.2,09-11-2021
14124,Chennai,Sholinganallur,40.2,09-11-2021
14125,Chennai,Zone 15 Uthandi,37.4,09-11-2021
14126,Chennai,Alandur,36.2,09-11-2021
14127,Chennai,Zone 04 Tondiarpet,31.2,09-11-2021
14128,Chennai,Zone 05 Royapuram,28.2,09-11-2021
14129,Chennai,Zone 15 Sholinganallur,27.6,09-11-2021
14130,Chennai,Ambathur,27,09-11-2021
14131,Chennai,Zone 10 Kodambakkam,25.6,09-11-2021
14132,Chennai,Zone 09 Teynampet,25.4,09-11-2021
14133,Chennai,Zone 08 Anna Nagar,25.2,09-11-2021
14134,Chennai,Zone 12 D156 Mugalivakkam,24,09-11-2021
14135,Chennai,Zone 12 Alandhur,22.2,09-11-2021
14136,Chennai,Zone 12 Meenambakkam,21.6,09-11-2021
14137,Chennai,Zone 14 Perungudi,21.6,09-11-2021
14138,Chennai,Zone 11 Valasaravakkam,21,09-11-2021
14139,Chennai,Zone 09 Ice House,20.8,09-11-2021
14140,Chennai,Zone 08 Malar colony,18.6,09-11-2021
14141,Chennai,Zone 02 Manali,18,09-11-2021
14142,Chennai,Zone 13 U39 Adyar,17.4,09-11-2021
14143,Chennai,Zone 06 D65 Kolathur,17,09-11-2021
14144,Chennai,Zone 06 T.V.K Nagar,17,09-11-2021
14145,Chennai,Zone 14 U41 Perungudi,16.8,09-11-2021
14146,Chennai,Zone 13 Adyar,16,09-11-2021
14147,Chennai,Zone 02 D15 Manali,15.8,09-11-2021
14148,Chennai,Zone 11 U32 Maduravoyal,15,09-11-2021
14149,Chennai,Zone 01 Kathivakkam,14.6,09-11-2021
14150,Chennai,Zone 03 Madhavaram,12.6,09-11-2021
14151,Chennai,Zone 03 Puzhal,11.6,09-11-2021
14152,Chennai,Zone 07 Ambattur,5.4,09-11-2021
14153,Chennai,Zone 01 Thiruvottiyur,4.4,09-11-2021
14154,Chennai,DGP Office,32.6,10-11-2021
14155,Chennai,CD Hospital Tondiarpet,20.2,10-11-2021
14156,Chennai,Anna university,18.2,10-11-2021
14157,Chennai,Chennai collectorate building,18.2,10-11-2021
14158,Chennai,Gov hr sec school MGR Nagar,15.6,10-11-2021
14159,Chennai,Ayanavaram taluk office,15,10-11-2021
14160,Chennai,Chennai nungambakkam,14.7,10-11-2021
14161,Chennai,Perambur Corporation park,12.4,10-11-2021
14162,Chennai,Sholinganallur,12.2,10-11-2021
14163,Chennai,Ambathur,9.2,10-11-2021
14164,Chennai,Alandur,5.8,10-11-2021
14165,Chennai,DGP Office,157,11-11-2021
14166,Chennai,Perambur Corporation park,156.5,11-11-2021
14167,Chennai,Ambathur,148.8,11-11-2021
14168,Chennai,Gov hr sec school MGR Nagar,145.2,11-11-2021
14169,Chennai,Ayanavaram taluk office,144,11-11-2021
14170,Chennai,Anna university,139.2,11-11-2021
14171,Chennai,Chennai nungambakkam,138.4,11-11-2021
14172,Chennai,Chennai collectorate building,134.4,11-11-2021
14173,Chennai,Alandur,121,11-11-2021
14174,Chennai,CD Hospital Tondiarpet,119.7,11-11-2021
14175,Chennai,Sholinganallur,81,11-11-2021
14176,Chennai,DGP Office,82.8,12-11-2021
14177,Chennai,Chennai collectorate building,66.4,12-11-2021
14178,Chennai,Ayanavaram taluk office,66,12-11-2021
14179,Chennai,Gov hr sec school MGR Nagar,65.8,12-11-2021
14180,Chennai,Chennai nungambakkam,63.3,12-11-2021
14181,Chennai,Alandur,57.9,12-11-2021
14182,Chennai,CD Hospital Tondiarpet,55.2,12-11-2021
14183,Chennai,Anna university,54.8,12-11-2021
14184,Chennai,Perambur Corporation park,54.4,12-11-2021
14185,Chennai,Ambathur,48.5,12-11-2021
14186,Chennai,Sholinganallur,41.4,12-11-2021
14187,Chennai,Zone 01 Thiruvottiyur,14.4,12-11-2021
14188,Chennai,Perambur Corporation park,12.5,13-11-2021
14189,Chennai,Chennai collectorate building,7.2,13-11-2021
14190,Chennai,DGP Office,6.2,13-11-2021
14191,Chennai,Ayanavaram taluk office,6,13-11-2021
14192,Chennai,Anna university,4.8,13-11-2021
14193,Chennai,Gov hr sec school MGR Nagar,3.8,13-11-2021
14194,Chennai,Chennai nungambakkam,2.2,13-11-2021
14195,Chennai,Sholinganallur,2.2,13-11-2021
14196,Chennai,CD Hospital Tondiarpet,2,13-11-2021
14197,Chennai,Ambathur,1,13-11-2021
14198,Chennai,Perambur Corporation park,3.2,14-11-2021
14199,Chennai,Ambathur,1,14-11-2021
14200,Chennai,Alandur,0.5,14-11-2021
14201,Chennai,Anna university,0.3,14-11-2021
14202,Chennai,Gov hr sec school MGR Nagar,0.2,14-11-2021
14203,Chennai,Ambathur,14,16-11-2021
14204,Chennai,Alandur,0.4,16-11-2021
14205,Chennai,Gov hr sec school MGR Nagar,0.2,16-11-2021
14206,Chennai,Chennai nungambakkam,0.1,16-11-2021
14207,Chennai,Chennai nungambakkam,3.5,17-11-2021
14208,Chennai,Alandur,0.3,17-11-2021
14209,Chennai,Ambathur,38,18-11-2021
14210,Chennai,DGP Office,32.6,18-11-2021
14211,Chennai,Chennai nungambakkam,32,18-11-2021
14212,Chennai,Ezhilgam,27.8,18-11-2021
14213,Chennai,Gov hr sec school MGR Nagar,25.6,18-11-2021
14214,Chennai,Perambur Corporation park,25,18-11-2021
14215,Chennai,Alandur,23.6,18-11-2021
14216,Chennai,Anna university,22.9,18-11-2021
14217,Chennai,Ayanavaram taluk office,17.2,18-11-2021
14218,Chennai,CD Hospital Tondiarpet,14.3,18-11-2021
14219,Chennai,Chennai collectorate building,12.7,18-11-2021
14220,Chennai,Sholinganallur,7.6,18-11-2021
14221,Chennai,Ambathur,67,19-11-2021
14222,Chennai,Chennai nungambakkam,57.5,19-11-2021
14223,Chennai,Perambur Corporation park,56.5,19-11-2021
14224,Chennai,DGP Office,52.8,19-11-2021
14225,Chennai,Alandur,49.8,19-11-2021
14226,Chennai,Ayanavaram taluk office,46.1,19-11-2021
14227,Chennai,Gov hr sec school MGR Nagar,45.2,19-11-2021
14228,Chennai,CD Hospital Tondiarpet,41.6,19-11-2021
14229,Chennai,Anna university,39.7,19-11-2021
14230,Chennai,Chennai collectorate building,36.7,19-11-2021
14231,Chennai,Sholinganallur,20.8,19-11-2021
14232,Chennai,Ezhilgam,19.36,19-11-2021
14233,Chennai,Zone 08 Malar colony,38.8,20-11-2021
14234,Chennai,Zone 13 Adyar Eco Park,33,20-11-2021
14235,Chennai,Zone 07 Ambattur,28.2,20-11-2021
14236,Chennai,Alandur,24,20-11-2021
14237,Chennai,Zone 12 Meenambakkam,22,20-11-2021
14238,Chennai,Zone 14 Perungudi,22,20-11-2021
14239,Chennai,Zone 02 D15 Manali,22,20-11-2021
14240,Chennai,Zone 07 U18 D81 Vanagaram,21.8,20-11-2021
14241,Chennai,Gov hr sec school MGR Nagar,19,20-11-2021
14242,Chennai,Zone 04 Tondiarpet,17.2,20-11-2021
14243,Chennai,Zone 01 Kathivakkam,16.8,20-11-2021
14244,Chennai,Anna university,16.4,20-11-2021
14245,Chennai,Zone 06 D65 Kolathur,16.2,20-11-2021
14246,Chennai,Zone 06 T.V.K Nagar,16.2,20-11-2021
14247,Chennai,Zone 03 Puzhal,15.8,20-11-2021
14248,Chennai,Zone 05 Royapuram,12.8,20-11-2021
14249,Chennai,Zone 01 Thiruvottiyur,12.6,20-11-2021
14250,Chennai,Zone 02 Manali,12.4,20-11-2021
14251,Chennai,Zone 08 Anna Nagar,12.2,20-11-2021
14252,Chennai,Zone 11 U32 Maduravoyal,12.2,20-11-2021
14253,Chennai,Zone 03 Madhavaram,12,20-11-2021
14254,Chennai,Ayanavaram taluk office,11,20-11-2021
14255,Chennai,Zone 09 Teynampet,10.4,20-11-2021
14256,Chennai,Zone 10 Kodambakkam,10,20-11-2021
14257,Chennai,DGP Office,9.4,20-11-2021
14258,Chennai,Zone 09 Ice House,9.2,20-11-2021
14259,Chennai,Zone 12 Alandhur,8.6,20-11-2021
14260,Chennai,CD Hospital Tondiarpet,8.2,20-11-2021
14261,Chennai,Zone 12 D156 Mugalivakkam,7.2,20-11-2021
14262,Chennai,Chennai nungambakkam,7.2,20-11-2021
14263,Chennai,Zone 13 U39 Adyar,6.6,20-11-2021
14264,Chennai,Perambur Corporation park,6.3,20-11-2021
14265,Chennai,Zone 13 Adyar,6.2,20-11-2021
14266,Chennai,Ambathur,6,20-11-2021
14267,Chennai,Zone 15 Sholinganallur,4.8,20-11-2021
14268,Chennai,Zone 15 Uthandi,4.8,20-11-2021
14269,Chennai,Zone 11 Valasaravakkam,3,20-11-2021
14270,Chennai,Chennai collectorate building,3,20-11-2021
14271,Chennai,Zone 14 U41 Perungudi,2.4,20-11-2021
14272,Chennai,Sholinganallur,2.2,20-11-2021
14273,Chennai,Ezhilgam,1.16,20-11-2021
14274,Chennai,Ambathur,7,21-11-2021
14275,Chennai,CD Hospital Tondiarpet,6.2,21-11-2021
14276,Chennai,Ezhilgam,5.83,21-11-2021
14277,Chennai,Gov hr sec school MGR Nagar,4.8,21-11-2021
14278,Chennai,Chennai collectorate building,4.2,21-11-2021
14279,Chennai,DGP Office,4.2,21-11-2021
14280,Chennai,Anna university,3.6,21-11-2021
14281,Chennai,Ayanavaram taluk office,3,21-11-2021
14282,Chennai,Chennai nungambakkam,2.2,21-11-2021
14283,Chennai,Alandur,2.2,21-11-2021
14284,Chennai,Sholinganallur,2,21-11-2021
14285,Chennai,Gov hr sec school MGR Nagar,18.8,22-11-2021
14286,Chennai,Chennai nungambakkam,16,22-11-2021
14287,Chennai,Ambathur,9,22-11-2021
14288,Chennai,Perambur Corporation park,8.3,22-11-2021
14289,Chennai,DGP Office,6.2,22-11-2021
14290,Chennai,CD Hospital Tondiarpet,4.3,22-11-2021
14291,Chennai,Ayanavaram taluk office,4.2,22-11-2021
14292,Chennai,Ezhilgam,4.2,22-11-2021
14293,Chennai,Anna university,3.3,22-11-2021
14294,Chennai,Alandur,2.5,22-11-2021
14295,Chennai,Chennai collectorate building,0.2,22-11-2021
14296,Chennai,DGP Office,42.6,23-11-2021
14297,Chennai,Ezhilgam,37.13,23-11-2021
14298,Chennai,Ayanavaram taluk office,27,23-11-2021
14299,Chennai,CD Hospital Tondiarpet,26.4,23-11-2021
14300,Chennai,Ambathur,22,23-11-2021
14301,Chennai,Chennai nungambakkam,21.4,23-11-2021
14302,Chennai,Perambur Corporation park,21.2,23-11-2021
14303,Chennai,Chennai collectorate building,21,23-11-2021
14304,Chennai,Gov hr sec school MGR Nagar,20.6,23-11-2021
14305,Chennai,Anna university,17.5,23-11-2021
14306,Chennai,Alandur,8.6,23-11-2021
14307,Chennai,Sholinganallur,4,23-11-2021
14308,Chennai,Sholinganallur,2,25-11-2021
14309,Chennai,Ezhilgam,1.07,25-11-2021
14310,Chennai,Gov hr sec school MGR Nagar,65.4,26-11-2021
14311,Chennai,Alandur,62.3,26-11-2021
14312,Chennai,DGP Office,52.8,26-11-2021
14313,Chennai,Sholinganallur,52.4,26-11-2021
14314,Chennai,Anna university,45.6,26-11-2021
14315,Chennai,Chennai collectorate building,41,26-11-2021
14316,Chennai,Chennai nungambakkam,40.7,26-11-2021
14317,Chennai,CD Hospital Tondiarpet,38.4,26-11-2021
14318,Chennai,Perambur Corporation park,33.4,26-11-2021
14319,Chennai,Ayanavaram taluk office,32.4,26-11-2021
14320,Chennai,Ezhilgam,26.6,26-11-2021
14321,Chennai,Ambathur,15.2,26-11-2021
14322,Chennai,Ambathur,117,27-11-2021
14323,Chennai,Perambur Corporation park,100.5,27-11-2021
14324,Chennai,Ayanavaram taluk office,98.5,27-11-2021
14325,Chennai,Ezhilgam,97.61,27-11-2021
14326,Chennai,DGP Office,96.8,27-11-2021
14327,Chennai,Gov hr sec school MGR Nagar,81.2,27-11-2021
14328,Chennai,Alandur,76,27-11-2021
14329,Chennai,Chennai collectorate building,74.4,27-11-2021
14330,Chennai,Anna university,72.7,27-11-2021
14331,Chennai,Chennai nungambakkam,67,27-11-2021
14332,Chennai,CD Hospital Tondiarpet,61.1,27-11-2021
14333,Chennai,Sholinganallur,34.6,27-11-2021
14334,Chennai,CD Hospital Tondiarpet,48.8,28-11-2021
14335,Chennai,Anna university,47.7,28-11-2021
14336,Chennai,Alandur,44.9,28-11-2021
14337,Chennai,Perambur Corporation park,43.5,28-11-2021
14338,Chennai,DGP Office,42.8,28-11-2021
14339,Chennai,Gov hr sec school MGR Nagar,42.2,28-11-2021
14340,Chennai,Ezhilgam,42.04,28-11-2021
14341,Chennai,Chennai collectorate building,41.8,28-11-2021
14342,Chennai,Ayanavaram taluk office,37,28-11-2021
14343,Chennai,Chennai nungambakkam,34.8,28-11-2021
14344,Chennai,Sholinganallur,29.6,28-11-2021
14345,Chennai,Ambathur,25.9,28-11-2021
14346,Chennai,Alandur,43.3,29-11-2021
14347,Chennai,Perambur Corporation park,28.9,29-11-2021
14348,Chennai,DGP Office,28.1,29-11-2021
14349,Chennai,Anna university,26.2,29-11-2021
14350,Chennai,Sholinganallur,25.8,29-11-2021
14351,Chennai,Chennai collectorate building,24,29-11-2021
14352,Chennai,Chennai nungambakkam,22.2,29-11-2021
14353,Chennai,Ayanavaram taluk office,20.6,29-11-2021
14354,Chennai,Ambathur,19.6,29-11-2021
14355,Chennai,Gov hr sec school MGR Nagar,19.4,29-11-2021
14356,Chennai,Ezhilgam,13.98,29-11-2021
14357,Chennai,CD Hospital Tondiarpet,13.9,29-11-2021
14358,Chennai,Gov hr sec school MGR Nagar,47.2,30-11-2021
14359,Chennai,Ayanavaram taluk office,27.6,30-11-2021
14360,Chennai,Ambathur,27,30-11-2021
14361,Chennai,Chennai nungambakkam,21.1,30-11-2021
14362,Chennai,Alandur,20.5,30-11-2021
14363,Chennai,Perambur Corporation park,20.1,30-11-2021
14364,Chennai,Anna university,18.9,30-11-2021
14365,Chennai,DGP Office,18.2,30-11-2021
14366,Chennai,Chennai collectorate building,17.3,30-11-2021
14367,Chennai,CD Hospital Tondiarpet,13.7,30-11-2021
14368,Chennai,Sholinganallur,11.4,30-11-2021
14369,Chennai,Ezhilgam,5.4,30-11-2021
14370,Chennai,Ambathur,23,01-12-2021
14371,Chennai,Ayanavaram taluk office,10.7,01-12-2021
14372,Chennai,Perambur Corporation park,7.4,01-12-2021
14373,Chennai,Gov hr sec school MGR Nagar,7,01-12-2021
14374,Chennai,DGP Office,5.6,01-12-2021
14375,Chennai,CD Hospital Tondiarpet,4.5,01-12-2021
14376,Chennai,Alandur,3.4,01-12-2021
14377,Chennai,Anna university,3.1,01-12-2021
14378,Chennai,Chennai collectorate building,3,01-12-2021
14379,Chennai,Chennai nungambakkam,2.8,01-12-2021
14380,Chennai,Ezhilgam,1.8,01-12-2021
14381,Chennai,Chennai nungambakkam,1.7,07-12-2021
14382,Chennai,Chennai collectorate building,1.6,07-12-2021
14383,Chennai,Anna university,1,07-12-2021
14384,Chennai,DGP Office,0.8,07-12-2021
14385,Chennai,Gov hr sec school MGR Nagar,0.4,07-12-2021
14386,Chennai,Gov hr sec school MGR Nagar,1.2,09-12-2021
14387,Chennai,Ayanavaram taluk office,0.2,09-12-2021
14388,Chennai,Ambathur,1.6,10-12-2021
14389,Chennai,Gov hr sec school MGR Nagar,6.8,11-12-2021
14390,Chennai,Perambur Corporation park,4.2,11-12-2021
14391,Chennai,Chennai nungambakkam,2.9,11-12-2021
14392,Chennai,DGP Office,2.2,11-12-2021
14393,Chennai,Ezhilgam,1.8,11-12-2021
14394,Chennai,CD Hospital Tondiarpet,1.4,11-12-2021
14395,Chennai,Anna university,1,11-12-2021
14396,Chennai,Ambathur,1,11-12-2021
14397,Chennai,Chennai collectorate building,0.8,11-12-2021
14398,Chennai,Sholinganallur,0.6,11-12-2021
14399,Chennai,Alandur,0.5,11-12-2021
14400,Chennai,Perambur Corporation park,2.3,12-12-2021
14401,Chennai,DGP Office,1.2,12-12-2021
14402,Chennai,CD Hospital Tondiarpet,1,12-12-2021
14403,Chennai,Chennai collectorate building,1,12-12-2021
14404,Chennai,Chennai nungambakkam,1,12-12-2021
14405,Chennai,Ezhilgam,0.6,12-12-2021
14406,Chennai,Ayanavaram taluk office,0.2,12-12-2021
14407,Chennai,Gov hr sec school MGR Nagar,0.2,12-12-2021
14408,Chennai,DGP Office,33.8,13-12-2021
14409,Chennai,Anna university,30.3,13-12-2021
14410,Chennai,Sholinganallur,30,13-12-2021
14411,Chennai,Gov hr sec school MGR Nagar,26.8,13-12-2021
14412,Chennai,Ezhilgam,22.4,13-12-2021
14413,Chennai,Alandur,20.9,13-12-2021
14414,Chennai,Chennai nungambakkam,11.3,13-12-2021
14415,Chennai,Perambur Corporation park,6.2,13-12-2021
14416,Chennai,Ayanavaram taluk office,6,13-12-2021
14417,Chennai,Chennai collectorate building,5,13-12-2021
14418,Chennai,CD Hospital Tondiarpet,4.3,13-12-2021
14419,Chennai,Ambathur,2.2,13-12-2021
14420,Chennai,Gov hr sec school MGR Nagar,4.6,14-12-2021
14421,Chennai,Ayanavaram taluk office,2,14-12-2021
14422,Chennai,Chennai collectorate building,2,14-12-2021
14423,Chennai,Anna university,1.2,14-12-2021
14424,Chennai,Sholinganallur,1.2,14-12-2021
14425,Chennai,Alandur,0.3,14-12-2021
14426,Chennai,Chennai nungambakkam,0.9,29-12-2021
14427,Chennai,Chennai collectorate building,0.6,29-12-2021
14428,Chennai,Gov hr sec school MGR Nagar,0.6,29-12-2021
14429,Chennai,Sholinganallur,0.6,29-12-2021
14430,Chennai,CD Hospital Tondiarpet,0.5,29-12-2021
14431,Chennai,DGP Office,237.1,31-12-2021
14432,Chennai,Chennai nungambakkam,205.8,31-12-2021
14433,Chennai,Gov hr sec school MGR Nagar,197.4,31-12-2021
14434,Chennai,Chennai collectorate building,196.6,31-12-2021
14435,Chennai,Ambathur,196,31-12-2021
14436,Chennai,CD Hospital Tondiarpet,190.4,31-12-2021
14437,Chennai,Anna university,189.7,31-12-2021
14438,Chennai,Ayanavaram taluk office,177,31-12-2021
14439,Chennai,Perambur Corporation park,155,31-12-2021
14440,Chennai,Alandur,154,31-12-2021
14441,Chennai,Sholinganallur,124,31-12-2021
14442,Chennai,Perambur Corporation park,66.8,01-01-2022
14443,Chennai,Ayanavaram taluk office,59.4,01-01-2022
14444,Chennai,CD Hospital Tondiarpet,53,01-01-2022
14445,Chennai,Ambathur,53,01-01-2022
14446,Chennai,Chennai collectorate building,46.9,01-01-2022
14447,Chennai,DGP Office,44.7,01-01-2022
14448,Chennai,Chennai nungambakkam,41,01-01-2022
14449,Chennai,Anna university,35.5,01-01-2022
14450,Chennai,Gov hr sec school MGR Nagar,27.7,01-01-2022
14451,Chennai,Alandur,23.8,01-01-2022
14452,Chennai,Sholinganallur,12.2,01-01-2022
14453,Chennai,Anna university,6.5,02-01-2022
14454,Chennai,Chennai nungambakkam,5.2,02-01-2022
14455,Chennai,Gov hr sec school MGR Nagar,4.8,02-01-2022
14456,Chennai,DGP Office,4.6,02-01-2022
14457,Chennai,Ambathur,3,02-01-2022
14458,Chennai,Chennai collectorate building,1.8,02-01-2022
14459,Chennai,Alandur,1.4,02-01-2022
14460,Chennai,CD Hospital Tondiarpet,0.5,02-01-2022
14461,Chennai,Gov hr sec school MGR Nagar,2.4,09-01-2022
14462,Chennai,Chennai nungambakkam,0.4,09-01-2022
14463,Chennai,Gov hr sec school MGR Nagar,3.2,14-01-2022
14464,Chennai,DGP Office,1,14-01-2022
14465,Chennai,Anna university,7,16-01-2022
14466,Chennai,Ambathur,57,17-01-2022
14467,Chennai,Anna university,8.6,17-01-2022
14468,Chennai,Alandur,5.4,17-01-2022
14469,Chennai,Gov hr sec school MGR Nagar,1.2,17-01-2022
14470,Chennai,Gov hr sec school MGR Nagar,33.8,18-01-2022
14471,Chennai,CD Hospital Tondiarpet,22.8,18-01-2022
14472,Chennai,Chennai nungambakkam,20.7,18-01-2022
14473,Chennai,Ayanavaram taluk office,17.6,18-01-2022
14474,Chennai,Chennai collectorate building,14.8,18-01-2022
14475,Chennai,Anna university,12.1,18-01-2022
14476,Chennai,Ambathur,12,18-01-2022
14477,Chennai,DGP Office,11.7,18-01-2022
14478,Chennai,Perambur Corporation park,7.5,18-01-2022
14479,Chennai,Alandur,6.8,18-01-2022
14480,Chennai,Sholinganallur,4.6,18-01-2022
14481,Chennai,Gov hr sec school MGR Nagar,4.8,24-01-2022
14482,Chennai,Anna university,1.8,25-01-2022
14483,Chennai,Zone 08 Anna Nagar,1.6,10-05-2022
14484,Chennai,Perambur Corporation park,67.2,01-07-2022
14485,Chennai,CD Hospital Tondiarpet,61.4,01-07-2022
14486,Chennai,Chennai collectorate building,53.4,01-07-2022
14487,Chennai,Ayanavaram taluk office,45,01-07-2022
14488,Chennai,Chennai nungambakkam,40.6,01-07-2022
14489,Chennai,Ambathur,35,01-07-2022
14490,Chennai,Anna university,18,01-07-2022
14491,Chennai,DGP Office,12.8,01-07-2022
14492,Chennai,Gov hr sec school MGR Nagar,7,01-07-2022
14493,Chennai,Sholinganallur,4.8,01-07-2022
14494,Chennai,Alandur,4.6,01-07-2022
14495,Chennai,Ambathur,3,02-07-2022
14496,Chennai,Alandur,7.8,04-07-2022
14497,Chennai,Perambur Corporation park,7.4,04-07-2022
14498,Chennai,Gov hr sec school MGR Nagar,7,04-07-2022
14499,Chennai,Ayanavaram taluk office,5,04-07-2022
14500,Chennai,Anna university,4.1,04-07-2022
14501,Chennai,DGP Office,2.4,04-07-2022
14502,Chennai,Chennai nungambakkam,2.1,04-07-2022
14503,Chennai,Sholinganallur,2.1,04-07-2022
14504,Chennai,Ambathur,1.2,04-07-2022
14505,Chennai,DGP Office,8.6,06-07-2022
14506,Chennai,Gov hr sec school MGR Nagar,8,06-07-2022
14507,Chennai,Ambathur,8,06-07-2022
14508,Chennai,Alandur,6.8,06-07-2022
14509,Chennai,Anna university,6.1,06-07-2022
14510,Chennai,Ayanavaram taluk office,6,06-07-2022
14511,Chennai,CD Hospital Tondiarpet,5.1,06-07-2022
14512,Chennai,Chennai collectorate building,4.2,06-07-2022
14513,Chennai,Sholinganallur,4.2,06-07-2022
14514,Chennai,Perambur Corporation park,3.3,06-07-2022
14515,Chennai,Chennai nungambakkam,3.1,06-07-2022
14516,Chennai,CD Hospital Tondiarpet,49.5,07-07-2022
14517,Chennai,Chennai collectorate building,47.3,07-07-2022
14518,Chennai,Perambur Corporation park,35.3,07-07-2022
14519,Chennai,Ambathur,18,07-07-2022
14520,Chennai,Alandur,14.8,07-07-2022
14521,Chennai,Chennai nungambakkam,11.9,07-07-2022
14522,Chennai,Anna university,10.2,07-07-2022
14523,Chennai,Ayanavaram taluk office,8,07-07-2022
14524,Chennai,DGP Office,6.2,07-07-2022
14525,Chennai,Sholinganallur,5.2,07-07-2022
14526,Chennai,Gov hr sec school MGR Nagar,5,07-07-2022
14527,Chennai,DGP Office,4.6,08-07-2022
14528,Chennai,Anna university,2.1,08-07-2022
14529,Chennai,CD Hospital Tondiarpet,2.6,10-07-2022
14530,Chennai,Ambathur,2.6,10-07-2022
14531,Chennai,Anna university,2.4,10-07-2022
14532,Chennai,Chennai collectorate building,2.2,10-07-2022
14533,Chennai,Perambur Corporation park,2.2,10-07-2022
14534,Chennai,Ayanavaram taluk office,2,10-07-2022
14535,Chennai,Chennai nungambakkam,1.3,10-07-2022
14536,Chennai,Sholinganallur,1.1,10-07-2022
14537,Chennai,Alandur,1,10-07-2022
14538,Chennai,Perambur Corporation park,15.3,11-07-2022
14539,Chennai,Ayanavaram taluk office,11,11-07-2022
14540,Chennai,CD Hospital Tondiarpet,9.1,11-07-2022
14541,Chennai,Chennai collectorate building,8,11-07-2022
14542,Chennai,Chennai nungambakkam,5.1,11-07-2022
14543,Chennai,Ambathur,3,11-07-2022
14544,Chennai,DGP Office,2.4,11-07-2022
14545,Chennai,Anna university,1,11-07-2022
14546,Chennai,Sholinganallur,1,11-07-2022
14547,Chennai,Alandur,0.4,11-07-2022
14548,Chennai,DGP Office,6.4,12-07-2022
14549,Chennai,Anna university,4.6,12-07-2022
14550,Chennai,Gov hr sec school MGR Nagar,4,12-07-2022
14551,Chennai,Alandur,3.8,12-07-2022
14552,Chennai,Sholinganallur,3.2,12-07-2022
14553,Chennai,Ambathur,3,12-07-2022
14554,Chennai,Perambur Corporation park,2.1,12-07-2022
14555,Chennai,Ayanavaram taluk office,2,12-07-2022
14556,Chennai,CD Hospital Tondiarpet,2,12-07-2022
14557,Chennai,Chennai collectorate building,1.6,12-07-2022
14558,Chennai,Chennai nungambakkam,0.5,12-07-2022
14559,Chennai,DGP Office,8.2,13-07-2022
14560,Chennai,Ambathur,6,13-07-2022
14561,Chennai,Chennai nungambakkam,5.7,13-07-2022
14562,Chennai,Anna university,5.2,13-07-2022
14563,Chennai,Alandur,5,13-07-2022
14564,Chennai,CD Hospital Tondiarpet,4.8,13-07-2022
14565,Chennai,Chennai collectorate building,4.2,13-07-2022
14566,Chennai,Sholinganallur,4.2,13-07-2022
14567,Chennai,Ayanavaram taluk office,4,13-07-2022
14568,Chennai,Gov hr sec school MGR Nagar,3,13-07-2022
14569,Chennai,Perambur Corporation park,2.4,13-07-2022
14570,Chennai,Chennai collectorate building,2.4,14-07-2022
14571,Chennai,Alandur,2.2,14-07-2022
14572,Chennai,CD Hospital Tondiarpet,2.1,14-07-2022
14573,Chennai,Perambur Corporation park,2.1,14-07-2022
14574,Chennai,Sholinganallur,2,14-07-2022
14575,Chennai,Ayanavaram taluk office,2,14-07-2022
14576,Chennai,Chennai nungambakkam,1.7,14-07-2022
14577,Chennai,Anna university,1.6,14-07-2022
14578,Chennai,Ambathur,1,14-07-2022
14579,Chennai,Ayanavaram taluk office,19,17-07-2022
14580,Chennai,Chennai nungambakkam,12.5,17-07-2022
14581,Chennai,Chennai collectorate building,11.2,17-07-2022
14582,Chennai,DGP Office,11.2,17-07-2022
14583,Chennai,Ambathur,11,17-07-2022
14584,Chennai,CD Hospital Tondiarpet,10.6,17-07-2022
14585,Chennai,Gov hr sec school MGR Nagar,9.9,17-07-2022
14586,Chennai,Perambur Corporation park,9.2,17-07-2022
14587,Chennai,Alandur,6.6,17-07-2022
14588,Chennai,Anna university,5.4,17-07-2022
14589,Chennai,Sholinganallur,3.2,17-07-2022
14590,Chennai,Gov hr sec school MGR Nagar,3,18-07-2022
14591,Chennai,Chennai nungambakkam,0.4,18-07-2022
14592,Chennai,Anna university,0.2,18-07-2022
14593,Chennai,Alandur,0.1,18-07-2022
14594,Chennai,Ambathur,9,20-07-2022
14595,Chennai,Chennai nungambakkam,4.2,20-07-2022
14596,Chennai,Perambur Corporation park,2.2,20-07-2022
14597,Chennai,Ayanavaram taluk office,2,20-07-2022
14598,Chennai,CD Hospital Tondiarpet,1.2,20-07-2022
14599,Chennai,Chennai collectorate building,0.8,20-07-2022
14600,Chennai,Alandur,0.4,20-07-2022
14601,Chennai,Ambathur,18,21-07-2022
14602,Chennai,Perambur Corporation park,54.3,22-07-2022
14603,Chennai,Ambathur,54,22-07-2022
14604,Chennai,CD Hospital Tondiarpet,43.2,22-07-2022
14605,Chennai,Chennai collectorate building,41.3,22-07-2022
14606,Chennai,Ayanavaram taluk office,28,22-07-2022
14607,Chennai,Chennai nungambakkam,8.6,22-07-2022
14608,Chennai,DGP Office,8.2,22-07-2022
14609,Chennai,Gov hr sec school MGR Nagar,2,22-07-2022
14610,Chennai,Anna university,1.8,22-07-2022
14611,Chennai,Alandur,1.3,22-07-2022
14612,Chennai,Sholinganallur,1.2,22-07-2022
14613,Chennai,Anna university,1.6,23-07-2022
14614,Chennai,Alandur,1.4,23-07-2022
14615,Chennai,Sholinganallur,1.2,23-07-2022
14616,Chennai,Ambathur,58,24-07-2022
14617,Chennai,Perambur Corporation park,20.2,24-07-2022
14618,Chennai,CD Hospital Tondiarpet,17.6,24-07-2022
14619,Chennai,Chennai collectorate building,15.1,24-07-2022
14620,Chennai,Ayanavaram taluk office,9,24-07-2022
14621,Chennai,Chennai nungambakkam,8.9,24-07-2022
14622,Chennai,Gov hr sec school MGR Nagar,8.4,24-07-2022
14623,Chennai,Alandur,6.8,24-07-2022
14624,Chennai,Anna university,6.4,24-07-2022
14625,Chennai,DGP Office,6.2,24-07-2022
14626,Chennai,Sholinganallur,5.2,24-07-2022
14627,Chennai,Gov hr sec school MGR Nagar,8,04-08-2022
14628,Chennai,DGP Office,6.8,04-08-2022
14629,Chennai,Alandur,3.8,04-08-2022
14630,Chennai,Ayanavaram taluk office,3.5,04-08-2022
14631,Chennai,Chennai nungambakkam,3.5,04-08-2022
14632,Chennai,Sholinganallur,3.4,04-08-2022
14633,Chennai,Anna university,3.2,04-08-2022
14634,Chennai,CD Hospital Tondiarpet,2.8,04-08-2022
14635,Chennai,Perambur Corporation park,2.1,04-08-2022
14636,Chennai,Chennai collectorate building,2,04-08-2022
14637,Chennai,Ambathur,2,04-08-2022
14638,Chennai,DGP Office,2.4,05-08-2022
14639,Chennai,Ambathur,1.5,05-08-2022
14640,Chennai,Alandur,0.1,05-08-2022
14641,Chennai,Alandur,18.8,17-08-2022
14642,Chennai,Perambur Corporation park,8.1,17-08-2022
14643,Chennai,Anna university,2.4,17-08-2022
14644,Chennai,Ayanavaram taluk office,2,17-08-2022
14645,Chennai,Sholinganallur,2,17-08-2022
14646,Chennai,Gov hr sec school MGR Nagar,1.2,17-08-2022
14647,Chennai,Ambathur,1,17-08-2022
14648,Chennai,Alandur,0.2,21-08-2022
14649,Chennai,Alandur,57.7,22-08-2022
14650,Chennai,DGP Office,47.6,22-08-2022
14651,Chennai,Ambathur,42,22-08-2022
14652,Chennai,Ayanavaram taluk office,31,22-08-2022
14653,Chennai,Chennai nungambakkam,30.2,22-08-2022
14654,Chennai,Gov hr sec school MGR Nagar,30,22-08-2022
14655,Chennai,Anna university,28,22-08-2022
14656,Chennai,Sholinganallur,24.2,22-08-2022
14657,Chennai,Perambur Corporation park,22.4,22-08-2022
14658,Chennai,CD Hospital Tondiarpet,17.3,22-08-2022
14659,Chennai,Chennai collectorate building,15.2,22-08-2022
14660,Chennai,Sholinganallur,8.2,23-08-2022
14661,Chennai,DGP Office,4.6,23-08-2022
14662,Chennai,Anna university,4,23-08-2022
14663,Chennai,Perambur Corporation park,3.4,23-08-2022
14664,Chennai,Alandur,2.8,23-08-2022
14665,Chennai,Ayanavaram taluk office,1.7,23-08-2022
14666,Chennai,Perambur Corporation park,54,24-08-2022
14667,Chennai,Chennai nungambakkam,48.2,24-08-2022
14668,Chennai,DGP Office,35.8,24-08-2022
14669,Chennai,Anna university,35,24-08-2022
14670,Chennai,Ayanavaram taluk office,35,24-08-2022
14671,Chennai,Gov hr sec school MGR Nagar,33,24-08-2022
14672,Chennai,Ambathur,23,24-08-2022
14673,Chennai,CD Hospital Tondiarpet,17.2,24-08-2022
14674,Chennai,Chennai collectorate building,16.3,24-08-2022
14675,Chennai,Alandur,2.7,24-08-2022
14676,Chennai,Sholinganallur,2.2,24-08-2022
14677,Chennai,Ayanavaram taluk office,2,25-08-2022
14678,Chennai,Gov hr sec school MGR Nagar,28.2,26-08-2022
14679,Chennai,Alandur,13.1,26-08-2022
14680,Chennai,Anna university,12.2,26-08-2022
14681,Chennai,Ayanavaram taluk office,7,26-08-2022
14682,Chennai,Ambathur,2.4,26-08-2022
14683,Chennai,Chennai nungambakkam,0.9,26-08-2022
14684,Chennai,Alandur,33.2,28-08-2022
14685,Chennai,Gov hr sec school MGR Nagar,4.2,28-08-2022
14686,Chennai,Sholinganallur,3.2,28-08-2022
14687,Chennai,Anna university,2.6,28-08-2022
14688,Chennai,Chennai nungambakkam,1.2,28-08-2022
14689,Chennai,Gov hr sec school MGR Nagar,5.1,29-08-2022
14690,Chennai,Alandur,3,29-08-2022
14691,Chennai,Ayanavaram taluk office,2,29-08-2022
14692,Chennai,CD Hospital Tondiarpet,1.2,29-08-2022
14693,Chennai,Chennai collectorate building,1,29-08-2022
14694,Chennai,Ambathur,4,30-08-2022
14695,Chennai,DGP Office,6.4,01-09-2022
14696,Chennai,Anna university,4.8,01-09-2022
14697,Chennai,Sholinganallur,3.2,01-09-2022
14698,Chennai,Chennai nungambakkam,2.8,01-09-2022
14699,Chennai,CD Hospital Tondiarpet,1,01-09-2022
14700,Chennai,Alandur,1,01-09-2022
14701,Chennai,Chennai collectorate building,0.6,01-09-2022
14702,Chennai,CD Hospital Tondiarpet,42.4,02-09-2022
14703,Chennai,Chennai collectorate building,40.1,02-09-2022
14704,Chennai,Perambur Corporation park,38.2,02-09-2022
14705,Chennai,Ayanavaram taluk office,38,02-09-2022
14706,Chennai,Chennai nungambakkam,33.4,02-09-2022
14707,Chennai,Anna university,26.4,02-09-2022
14708,Chennai,DGP Office,22.6,02-09-2022
14709,Chennai,Alandur,19,02-09-2022
14710,Chennai,Gov hr sec school MGR Nagar,11,02-09-2022
14711,Chennai,Sholinganallur,10.2,02-09-2022
14712,Chennai,Ambathur,9,02-09-2022
14713,Chennai,Alandur,0.3,08-09-2022
14714,Chennai,Anna university,0.2,08-09-2022
14715,Chennai,DGP Office,2.7,09-09-2022
14716,Chennai,Chennai nungambakkam,0.7,09-09-2022
14717,Chennai,Ambathur,13,17-09-2022
14718,Chennai,Chennai nungambakkam,21,20-09-2022
14719,Chennai,Perambur Corporation park,10.1,20-09-2022
14720,Chennai,DGP Office,6.4,20-09-2022
14721,Chennai,Anna university,2.4,20-09-2022
14722,Chennai,Ayanavaram taluk office,2,20-09-2022
14723,Chennai,CD Hospital Tondiarpet,1.8,20-09-2022
14724,Chennai,Ambathur,1.5,20-09-2022
14725,Chennai,Chennai collectorate building,1,20-09-2022
14726,Chennai,Zone 02 Manali,0.8,20-09-2022
14727,Chennai,Chennai nungambakkam,1.9,25-09-2022
14728,Chennai,Ayanavaram taluk office,42,27-09-2022
14729,Chennai,Anna university,35.4,27-09-2022
14730,Chennai,Chennai nungambakkam,31.6,27-09-2022
14731,Chennai,Perambur Corporation park,30.3,27-09-2022
14732,Chennai,Chennai collectorate building,20.3,27-09-2022
14733,Chennai,CD Hospital Tondiarpet,19.1,27-09-2022
14734,Chennai,DGP Office,12.4,27-09-2022
14735,Chennai,Gov hr sec school MGR Nagar,10,27-09-2022
14736,Chennai,Sholinganallur,10,27-09-2022
14737,Chennai,Ambathur,8,27-09-2022
14738,Chennai,Alandur,6,27-09-2022
14739,Chennai,Ayanavaram taluk office,6,28-09-2022
14740,Chennai,Anna university,2.8,28-09-2022
14741,Chennai,Zone 13 Adyar,2.8,28-09-2022
14742,Chennai,DGP Office,2.2,28-09-2022
14743,Chennai,Ambathur,2,28-09-2022
14744,Chennai,Chennai collectorate building,1.3,28-09-2022
14745,Chennai,Perambur Corporation park,1.3,28-09-2022
14746,Chennai,Sholinganallur,1.2,28-09-2022
14747,Chennai,CD Hospital Tondiarpet,1,28-09-2022
14748,Chennai,Gov hr sec school MGR Nagar,1,28-09-2022
14749,Chennai,Alandur,0.5,28-09-2022
14750,Chennai,DGP Office,81.6,29-09-2022
14751,Chennai,Anna university,70.2,29-09-2022
14752,Chennai,Chennai nungambakkam,29.3,29-09-2022
14753,Chennai,Alandur,15.5,29-09-2022
14754,Chennai,Gov hr sec school MGR Nagar,13,29-09-2022
14755,Chennai,Ayanavaram taluk office,6.2,29-09-2022
14756,Chennai,Sholinganallur,3.2,29-09-2022
14757,Chennai,Ambathur,3,29-09-2022
14758,Chennai,Chennai collectorate building,1.2,29-09-2022
14759,Chennai,CD Hospital Tondiarpet,1,29-09-2022
14760,Chennai,Perambur Corporation park,0.2,29-09-2022
14761,Chennai,DGP Office,6.4,30-09-2022
14762,Chennai,Anna university,2.4,30-09-2022
14763,Chennai,Alandur,0.4,30-09-2022
14764,Chennai,Chennai nungambakkam,0.1,30-09-2022
14765,Chennai,DGP Office,8.6,01-10-2022
14766,Chennai,Chennai nungambakkam,3.2,01-10-2022
14767,Chennai,Anna university,1.8,01-10-2022
14768,Chennai,Gov hr sec school MGR Nagar,1.5,01-10-2022
14769,Chennai,Alandur,1.4,01-10-2022
14770,Chennai,Ambathur,1.3,01-10-2022
14771,Chennai,Chennai collectorate building,1.1,01-10-2022
14772,Chennai,Ayanavaram taluk office,1,01-10-2022
14773,Chennai,Sholinganallur,0.8,01-10-2022
14774,Chennai,Zone 15 Uthandi,0.4,02-10-2022
14775,Chennai,CD Hospital Tondiarpet,10.1,06-10-2022
14776,Chennai,Chennai collectorate building,9.1,06-10-2022
14777,Chennai,Ambathur,9,06-10-2022
14778,Chennai,Ayanavaram taluk office,8.6,06-10-2022
14779,Chennai,DGP Office,8.4,06-10-2022
14780,Chennai,Perambur Corporation park,8.3,06-10-2022
14781,Chennai,Anna university,8.2,06-10-2022
14782,Chennai,Gov hr sec school MGR Nagar,7.8,06-10-2022
14783,Chennai,Alandur,7.6,06-10-2022
14784,Chennai,Chennai nungambakkam,6.9,06-10-2022
14785,Chennai,Sholinganallur,6.9,06-10-2022
14786,Chennai,Chennai collectorate building,40.1,07-10-2022
14787,Chennai,CD Hospital Tondiarpet,37.8,07-10-2022
14788,Chennai,Perambur Corporation park,25.3,07-10-2022
14789,Chennai,Chennai nungambakkam,20.3,07-10-2022
14790,Chennai,Ayanavaram taluk office,12,07-10-2022
14791,Chennai,Ambathur,12,07-10-2022
14792,Chennai,DGP Office,8.6,07-10-2022
14793,Chennai,Anna university,2.4,07-10-2022
14794,Chennai,Sholinganallur,1.2,07-10-2022
14795,Chennai,Gov hr sec school MGR Nagar,1,07-10-2022
14796,Chennai,Alandur,0.5,07-10-2022
14797,Chennai,Zone 11 Valasaravakkam,0.2,07-10-2022
14798,Chennai,Chennai collectorate building,1.2,08-10-2022
14799,Chennai,Chennai nungambakkam,1.2,08-10-2022
14800,Chennai,Gov hr sec school MGR Nagar,1,08-10-2022
14801,Chennai,Alandur,0.5,08-10-2022
14802,Chennai,Sholinganallur,0.4,08-10-2022
14803,Chennai,Ayanavaram taluk office,27.2,09-10-2022
14804,Chennai,Perambur Corporation park,22.5,09-10-2022
14805,Chennai,Chennai nungambakkam,20.2,09-10-2022
14806,Chennai,Gov hr sec school MGR Nagar,20,09-10-2022
14807,Chennai,Alandur,19,09-10-2022
14808,Chennai,Sholinganallur,17.6,09-10-2022
14809,Chennai,Anna university,12.2,09-10-2022
14810,Chennai,DGP Office,10.6,09-10-2022
14811,Chennai,Chennai collectorate building,10.1,09-10-2022
14812,Chennai,Ambathur,10,09-10-2022
14813,Chennai,CD Hospital Tondiarpet,2.1,09-10-2022
14814,Chennai,Ambathur,36,10-10-2022
14815,Chennai,DGP Office,32.6,10-10-2022
14816,Chennai,Ayanavaram taluk office,26,10-10-2022
14817,Chennai,Chennai nungambakkam,24.8,10-10-2022
14818,Chennai,Perambur Corporation park,21.2,10-10-2022
14819,Chennai,Anna university,17.6,10-10-2022
14820,Chennai,Sholinganallur,13.2,10-10-2022
14821,Chennai,Chennai collectorate building,13,10-10-2022
14822,Chennai,Gov hr sec school MGR Nagar,12,10-10-2022
14823,Chennai,Zone 01 Thiruvottiyur,12,10-10-2022
14824,Chennai,Alandur,11,10-10-2022
14825,Chennai,CD Hospital Tondiarpet,5.3,10-10-2022
14826,Chennai,Perambur Corporation park,1.3,11-10-2022
14827,Chennai,Alandur,0.4,11-10-2022
14828,Chennai,Sholinganallur,0.1,11-10-2022
14829,Chennai,Alandur,14.2,12-10-2022
14830,Chennai,Chennai nungambakkam,12,12-10-2022
14831,Chennai,DGP Office,9.4,12-10-2022
14832,Chennai,Anna university,8.4,12-10-2022
14833,Chennai,Sholinganallur,6.1,12-10-2022
14834,Chennai,Gov hr sec school MGR Nagar,6,12-10-2022
14835,Chennai,Chennai collectorate building,4.1,12-10-2022
14836,Chennai,CD Hospital Tondiarpet,2.3,12-10-2022
14837,Chennai,Ayanavaram taluk office,1.6,12-10-2022
14838,Chennai,Perambur Corporation park,1.4,12-10-2022
14839,Chennai,DGP Office,7.8,14-10-2022
14840,Chennai,Anna university,6.2,14-10-2022
14841,Chennai,Ambathur,5,14-10-2022
14842,Chennai,Ayanavaram taluk office,3,14-10-2022
14843,Chennai,Alandur,3,14-10-2022
14844,Chennai,Chennai collectorate building,2.4,14-10-2022
14845,Chennai,Perambur Corporation park,2.3,14-10-2022
14846,Chennai,Sholinganallur,1.2,14-10-2022
14847,Chennai,CD Hospital Tondiarpet,1,14-10-2022
14848,Chennai,Gov hr sec school MGR Nagar,1,14-10-2022
14849,Chennai,Chennai nungambakkam,0.3,14-10-2022
14850,Chennai,Chennai nungambakkam,5.6,15-10-2022
14851,Chennai,Alandur,2.6,15-10-2022
14852,Chennai,Anna university,1.2,15-10-2022
14853,Chennai,Sholinganallur,0.8,15-10-2022
14854,Chennai,Ambathur,7,16-10-2022
14855,Chennai,Ayanavaram taluk office,5.3,16-10-2022
14856,Chennai,DGP Office,4.6,16-10-2022
14857,Chennai,Perambur Corporation park,3.2,16-10-2022
14858,Chennai,Gov hr sec school MGR Nagar,2.7,16-10-2022
14859,Chennai,Alandur,2.4,16-10-2022
14860,Chennai,Anna university,2,16-10-2022
14861,Chennai,Sholinganallur,1.3,16-10-2022
14862,Chennai,Chennai nungambakkam,0.8,16-10-2022
14863,Chennai,CD Hospital Tondiarpet,0.6,16-10-2022
14864,Chennai,Chennai collectorate building,8,17-10-2022
14865,Chennai,Ambathur,8,17-10-2022
14866,Chennai,Alandur,7.6,17-10-2022
14867,Chennai,Perambur Corporation park,7.3,17-10-2022
14868,Chennai,Ayanavaram taluk office,6,17-10-2022
14869,Chennai,Gov hr sec school MGR Nagar,4,17-10-2022
14870,Chennai,Chennai nungambakkam,1.2,17-10-2022
14871,Chennai,Sholinganallur,1,17-10-2022
14872,Chennai,DGP Office,14.6,18-10-2022
14873,Chennai,Chennai collectorate building,5.6,18-10-2022
14874,Chennai,Sholinganallur,2.7,18-10-2022
14875,Chennai,CD Hospital Tondiarpet,2.4,18-10-2022
14876,Chennai,Chennai collectorate building,0.6,19-10-2022
14877,Chennai,Sholinganallur,0.6,19-10-2022
14878,Chennai,Chennai nungambakkam,0.2,19-10-2022
14879,Chennai,Alandur,38,20-10-2022
14880,Chennai,Anna university,30.4,20-10-2022
14881,Chennai,Gov hr sec school MGR Nagar,30,20-10-2022
14882,Chennai,Sholinganallur,27,20-10-2022
14883,Chennai,Perambur Corporation park,13.1,20-10-2022
14884,Chennai,Ambathur,13,20-10-2022
14885,Chennai,DGP Office,12.4,20-10-2022
14886,Chennai,Ayanavaram taluk office,10,20-10-2022
14887,Chennai,Chennai nungambakkam,7.4,20-10-2022
14888,Chennai,Chennai collectorate building,3.8,20-10-2022
14889,Chennai,CD Hospital Tondiarpet,2.9,20-10-2022
14890,Chennai,Ambathur,26,21-10-2022
14891,Chennai,Chennai collectorate building,21.6,21-10-2022
14892,Chennai,CD Hospital Tondiarpet,19.8,21-10-2022
14893,Chennai,Chennai nungambakkam,12.8,21-10-2022
14894,Chennai,Ayanavaram taluk office,12.4,21-10-2022
14895,Chennai,Anna university,10.6,21-10-2022
14896,Chennai,Perambur Corporation park,10.4,21-10-2022
14897,Chennai,DGP Office,8.4,21-10-2022
14898,Chennai,Sholinganallur,6.4,21-10-2022
14899,Chennai,Gov hr sec school MGR Nagar,5.1,21-10-2022
14900,Chennai,Alandur,0.5,21-10-2022
14901,Chennai,Chennai collectorate building,16,22-10-2022
14902,Chennai,CD Hospital Tondiarpet,15.3,22-10-2022
14903,Chennai,Perambur Corporation park,10.3,22-10-2022
14904,Chennai,Chennai nungambakkam,7.2,22-10-2022
14905,Chennai,DGP Office,6.6,22-10-2022
14906,Chennai,Gov hr sec school MGR Nagar,6,22-10-2022
14907,Chennai,Anna university,4.2,22-10-2022
14908,Chennai,Ayanavaram taluk office,3,22-10-2022
14909,Chennai,Sholinganallur,2.4,22-10-2022
14910,Chennai,Alandur,0.6,22-10-2022
14911,Chennai,Anna university,20.8,23-10-2022
14912,Chennai,DGP Office,16.2,23-10-2022
14913,Chennai,Chennai collectorate building,8.2,23-10-2022
14914,Chennai,CD Hospital Tondiarpet,7.6,23-10-2022
14915,Chennai,Chennai nungambakkam,2.6,23-10-2022
14916,Chennai,Ayanavaram taluk office,2,23-10-2022
14917,Chennai,Sholinganallur,1.7,23-10-2022
14918,Chennai,DGP Office,22.6,28-10-2022
14919,Chennai,Anna university,20.4,28-10-2022
14920,Chennai,Sholinganallur,16.2,28-10-2022
14921,Chennai,Alandur,15.1,28-10-2022
14922,Chennai,Gov hr sec school MGR Nagar,15,28-10-2022
14923,Chennai,Perambur Corporation park,11.2,28-10-2022
14924,Chennai,Ayanavaram taluk office,11,28-10-2022
14925,Chennai,Ambathur,8.3,28-10-2022
14926,Chennai,Chennai collectorate building,8.2,28-10-2022
14927,Chennai,CD Hospital Tondiarpet,7.9,28-10-2022
14928,Chennai,Chennai nungambakkam,5.3,28-10-2022
14929,Chennai,Perambur Corporation park,3.1,29-10-2022
14930,Chennai,Ayanavaram taluk office,2.4,29-10-2022
14931,Chennai,Gov hr sec school MGR Nagar,1,29-10-2022
14932,Chennai,Chennai nungambakkam,0.5,29-10-2022
14933,Chennai,Sholinganallur,0.5,29-10-2022
14934,Chennai,Alandur,0.4,29-10-2022
14935,Chennai,Chennai nungambakkam,3,30-10-2022
14936,Chennai,DGP Office,2.8,30-10-2022
14937,Chennai,Ambathur,2.1,30-10-2022
14938,Chennai,Anna university,2,30-10-2022
14939,Chennai,Alandur,1.4,30-10-2022
14940,Chennai,Sholinganallur,1.2,30-10-2022
14941,Chennai,Chennai collectorate building,1,30-10-2022
14942,Chennai,Gov hr sec school MGR Nagar,1,30-10-2022
14943,Chennai,Chennai collectorate building,12.1,31-10-2022
14944,Chennai,Sholinganallur,4.1,31-10-2022
14945,Chennai,Anna university,3.2,31-10-2022
14946,Chennai,Zone 01 Kathivakkam,154.8,01-11-2022
14947,Chennai,Zone 06 T.V.K Nagar,141,01-11-2022
14948,Chennai,Zone 02 D15 Manali,140.4,01-11-2022
14949,Chennai,Zone 04 Tondiarpet,140.1,01-11-2022
14950,Chennai,Zone 01 Thiruvottiyur,131.7,01-11-2022
14951,Chennai,Perambur Corporation park,122.6,01-11-2022
14952,Chennai,Zone 08 Malar colony,117.6,01-11-2022
14953,Chennai,Zone 06 D65 Kolathur,109.2,01-11-2022
14954,Chennai,Chennai collectorate building,105.2,01-11-2022
14955,Chennai,Zone 09 Ice House,99.6,01-11-2022
14956,Chennai,CD Hospital Tondiarpet,98.1,01-11-2022
14957,Chennai,Zone 09 Teynampet,97.2,01-11-2022
14958,Chennai,Zone 05 GCC,96.6,01-11-2022
14959,Chennai,Ayanavaram taluk office,94,01-11-2022
14960,Chennai,Zone 10 Kodambakkam,84.3,01-11-2022
14961,Chennai,Zone 05 Royapuram,83.7,01-11-2022
14962,Chennai,Zone 08 Anna Nagar,78.6,01-11-2022
14963,Chennai,Chennai nungambakkam,77,01-11-2022
14964,Chennai,DGP Office,72.6,01-11-2022
14965,Chennai,Zone 11 U32 Maduravoyal,69.3,01-11-2022
14966,Chennai,Zone 13 Adyar,68.7,01-11-2022
14967,Chennai,Gov hr sec school MGR Nagar,66.2,01-11-2022
14968,Chennai,Zone 12 Alandhur,66,01-11-2022
14969,Chennai,Zone 13 Adyar Eco Park,64.8,01-11-2022
14970,Chennai,Zone 02 Manali,60,01-11-2022
14971,Chennai,Zone 11 Valasaravakkam,54.3,01-11-2022
14972,Chennai,Zone 07 Ambattur,54,01-11-2022
14973,Chennai,Zone 03 Puzhal,52.2,01-11-2022
14974,Chennai,Ambathur,52,01-11-2022
14975,Chennai,Anna university,46.8,01-11-2022
14976,Chennai,Zone 13 U39 Adyar,45.9,01-11-2022
14977,Chennai,Zone 12 D156 Mugalivakkam,45.6,01-11-2022
14978,Chennai,Zone 12 Meenambakkam,45.6,01-11-2022
14979,Chennai,Zone 14 Perungudi,43.2,01-11-2022
14980,Chennai,Zone 14 U41 Perungudi,39.6,01-11-2022
14981,Chennai,Ambattur,34.6,01-11-2022
14982,Chennai,Puzhal,34,01-11-2022
14983,Chennai,Alandur,30.9,01-11-2022
14984,Chennai,Zone 03 Madhavaram,29.7,01-11-2022
14985,Chennai,Royapuram,28.4,01-11-2022
14986,Chennai,Tondairpet,28,01-11-2022
14987,Chennai,Thiru-Vi-Ka Nagar,26.8,01-11-2022
14988,Chennai,Zone 15 Sholinganallur,26.7,01-11-2022
14989,Chennai,Anna Nagar,24.2,01-11-2022
14990,Chennai,Thiruvottiyur,23,01-11-2022
14991,Chennai,Adyar,19.4,01-11-2022
14992,Chennai,Perungudi,19,01-11-2022
14993,Chennai,Teynampet,18,01-11-2022
14994,Chennai,Zone 15 Uthandi,16.2,01-11-2022
14995,Chennai,Valasaravakkam,16,01-11-2022
14996,Chennai,Sholinganallur,14.4,01-11-2022
14997,Chennai,Kodambakkam,12.4,01-11-2022
14998,Chennai,Manali,11.6,01-11-2022
14999,Chennai,Sholinganallur,4.3,01-11-2022
15000,Chennai,Perambur Corporation park,171.8,02-11-2022
15001,Chennai,Chennai collectorate building,167.3,02-11-2022
15002,Chennai,Tondairpet,156.4,02-11-2022
15003,Chennai,Thiru-Vi-Ka Nagar,153.2,02-11-2022
15004,Chennai,Royapuram,138.6,02-11-2022
15005,Chennai,Sholinganallur,134.6,02-11-2022
15006,Chennai,Gov hr sec school MGR Nagar,134,02-11-2022
15007,Chennai,Ambathur,132,02-11-2022
15008,Chennai,Kodambakkam,128,02-11-2022
15009,Chennai,Ayanavaram taluk office,127.5,02-11-2022
15010,Chennai,Chennai nungambakkam,126.1,02-11-2022
15011,Chennai,Anna university,121.2,02-11-2022
15012,Chennai,Sholinganallur,117.6,02-11-2022
15013,Chennai,Teynampet,114.8,02-11-2022
15014,Chennai,Anna Nagar,113.4,02-11-2022
15015,Chennai,Alandur,110.6,02-11-2022
15016,Chennai,Adyar,109.6,02-11-2022
15017,Chennai,DGP Office,108.8,02-11-2022
15018,Chennai,Puzhal,108.6,02-11-2022
15019,Chennai,Ambattur,108.2,02-11-2022
15020,Chennai,Thiruvottiyur,99.2,02-11-2022
15021,Chennai,Perungudi,92.2,02-11-2022
15022,Chennai,CD Hospital Tondiarpet,89,02-11-2022
15023,Chennai,Manali,85.6,02-11-2022
15024,Chennai,Valasaravakkam,74,02-11-2022
15025,Chennai,Madhavaram,34.2,02-11-2022
15026,Chennai,Sholinganallur,44.8,03-11-2022
15027,Chennai,Zone 15 Sholinganallur,43.2,03-11-2022
15028,Chennai,Sholinganallur,40.8,03-11-2022
15029,Chennai,Zone 15 Uthandi,38.4,03-11-2022
15030,Chennai,Zone 13 U39 Adyar,31.8,03-11-2022
15031,Chennai,Zone 14 Perungudi,31.5,03-11-2022
15032,Chennai,Anna university,31.2,03-11-2022
15033,Chennai,Alandur,30.1,03-11-2022
15034,Chennai,Zone 12 Meenambakkam,27.6,03-11-2022
15035,Chennai,DGP Office,24.6,03-11-2022
15036,Chennai,Gov hr sec school MGR Nagar,24.4,03-11-2022
15037,Chennai,Zone 13 Adyar,20.4,03-11-2022
15038,Chennai,Zone 12 Alandhur,20.1,03-11-2022
15039,Chennai,Adyar,20,03-11-2022
15040,Chennai,Zone 10 Kodambakkam,19.5,03-11-2022
15041,Chennai,Zone 13 Adyar Eco Park,18.6,03-11-2022
15042,Chennai,Ayanavaram taluk office,18.6,03-11-2022
15043,Chennai,Perungudi,17,03-11-2022
15044,Chennai,Kodambakkam,16.6,03-11-2022
15045,Chennai,Zone 12 D156 Mugalivakkam,16.5,03-11-2022
15046,Chennai,Teynampet,16.4,03-11-2022
15047,Chennai,Zone 09 Teynampet,16.2,03-11-2022
15048,Chennai,Zone 02 Manali,14.7,03-11-2022
15049,Chennai,Zone 09 Ice House,14.1,03-11-2022
15050,Chennai,Zone 11 U32 Maduravoyal,10.8,03-11-2022
15051,Chennai,CD Hospital Tondiarpet,10.5,03-11-2022
15052,Chennai,Valasaravakkam,10.4,03-11-2022
15053,Chennai,Zone 08 Anna Nagar,10.2,03-11-2022
15054,Chennai,Chennai nungambakkam,9.7,03-11-2022
15055,Chennai,Zone 11 Valasaravakkam,9.6,03-11-2022
15056,Chennai,Ambattur,9.2,03-11-2022
15057,Chennai,Zone 01 Thiruvottiyur,9,03-11-2022
15058,Chennai,Perambur Corporation park,9,03-11-2022
15059,Chennai,Chennai collectorate building,8.8,03-11-2022
15060,Chennai,Zone 05 Royapuram,8.1,03-11-2022
15061,Chennai,Zone 08 Malar colony,8.1,03-11-2022
15062,Chennai,Ambathur,8,03-11-2022
15063,Chennai,Zone 03 Puzhal,7.5,03-11-2022
15064,Chennai,Anna Nagar,7.2,03-11-2022
15065,Chennai,Zone 01 Kathivakkam,6.6,03-11-2022
15066,Chennai,Royapuram,5.4,03-11-2022
15067,Chennai,Zone 04 Tondiarpet,4.8,03-11-2022
15068,Chennai,Zone 07 U18 D81 Vanagaram,4.8,03-11-2022
15069,Chennai,Zone 06 D65 Kolathur,4.5,03-11-2022
15070,Chennai,Zone 06 T.V.K Nagar,4.2,03-11-2022
15071,Chennai,Zone 05 GCC,3.9,03-11-2022
15072,Chennai,Zone 07 Ambattur,3.9,03-11-2022
15073,Chennai,Tondairpet,3.2,03-11-2022
15074,Chennai,Zone 14 U41 Perungudi,3,03-11-2022
15075,Chennai,Thiruvottiyur,2.8,03-11-2022
15076,Chennai,Zone 02 D15 Manali,1.8,03-11-2022
15077,Chennai,Zone 03 Madhavaram,0.9,03-11-2022
15078,Chennai,Puzhal,0.6,03-11-2022
15079,Chennai,Madhavaram,0.2,03-11-2022
15080,Chennai,CD Hospital Tondiarpet,139.4,04-11-2022
15081,Chennai,DGP Office,122.8,04-11-2022
15082,Chennai,Zone 01 Thiruvottiyur,90.3,04-11-2022
15083,Chennai,Zone 09 Teynampet,87,04-11-2022
15084,Chennai,Zone 06 T.V.K Nagar,86.7,04-11-2022
15085,Chennai,Perambur Corporation park,85,04-11-2022
15086,Chennai,Zone 10 Kodambakkam,82.8,04-11-2022
15087,Chennai,Zone 08 Anna Nagar,81.6,04-11-2022
15088,Chennai,Chennai collectorate building,76.4,04-11-2022
15089,Chennai,Zone 02 Manali,75.6,04-11-2022
15090,Chennai,Zone 07 U18 D81 Vanagaram,75.6,04-11-2022
15091,Chennai,Ayanavaram taluk office,75.2,04-11-2022
15092,Chennai,Anna university,74.6,04-11-2022
15093,Chennai,Zone 04 Tondiarpet,74.1,04-11-2022
15094,Chennai,Ambathur,74,04-11-2022
15095,Chennai,Zone 05 GCC,73.8,04-11-2022
15096,Chennai,Chennai nungambakkam,71.4,04-11-2022
15097,Chennai,Zone 09 Ice House,71.1,04-11-2022
15098,Chennai,Zone 08 Malar colony,68.4,04-11-2022
15099,Chennai,Thiru-Vi-Ka Nagar,66.4,04-11-2022
15100,Chennai,Royapuram,63.8,04-11-2022
15101,Chennai,Tondairpet,62.8,04-11-2022
15102,Chennai,Anna Nagar,59.4,04-11-2022
15103,Chennai,Zone 07 Ambattur,53.4,04-11-2022
15104,Chennai,Zone 06 D65 Kolathur,52.5,04-11-2022
15105,Chennai,Zone 02 D15 Manali,51,04-11-2022
15106,Chennai,Ambattur,51,04-11-2022
15107,Chennai,Zone 12 D156 Mugalivakkam,50.1,04-11-2022
15108,Chennai,Zone 13 Adyar,48.3,04-11-2022
15109,Chennai,Thiruvottiyur,45.2,04-11-2022
15110,Chennai,Zone 13 Adyar Eco Park,43.2,04-11-2022
15111,Chennai,Gov hr sec school MGR Nagar,43,04-11-2022
15112,Chennai,Teynampet,42.4,04-11-2022
15113,Chennai,Kodambakkam,42.4,04-11-2022
15114,Chennai,Zone 13 U39 Adyar,41.1,04-11-2022
15115,Chennai,Zone 11 U32 Maduravoyal,40.5,04-11-2022
15116,Chennai,Adyar,40.4,04-11-2022
15117,Chennai,Perungudi,38.8,04-11-2022
15118,Chennai,Sholinganallur,37.7,04-11-2022
15119,Chennai,Zone 14 Perungudi,32.1,04-11-2022
15120,Chennai,Zone 11 Valasaravakkam,31.5,04-11-2022
15121,Chennai,Zone 15 Sholinganallur,30.9,04-11-2022
15122,Chennai,Zone 12 Meenambakkam,26.7,04-11-2022
15123,Chennai,Alandur,25.2,04-11-2022
15124,Chennai,Puzhal,24,04-11-2022
15125,Chennai,Zone 03 Puzhal,23.7,04-11-2022
15126,Chennai,Sholinganallur,23.6,04-11-2022
15127,Chennai,Valasaravakkam,20.4,04-11-2022
15128,Chennai,Zone 01 Kathivakkam,17.1,04-11-2022
15129,Chennai,Zone 15 Uthandi,15.9,04-11-2022
15130,Chennai,Zone 03 Madhavaram,15.6,04-11-2022
15131,Chennai,Zone 12 Alandhur,14.1,04-11-2022
15132,Chennai,Manali,10.2,04-11-2022
15133,Chennai,Zone 05 Royapuram,9.9,04-11-2022
15134,Chennai,Zone 14 U41 Perungudi,6.3,04-11-2022
15135,Chennai,Zone 02 D15 Manali,20.4,05-11-2022
15136,Chennai,Zone 05 Royapuram,18.6,05-11-2022
15137,Chennai,Zone 14 U41 Perungudi,15.9,05-11-2022
15138,Chennai,Zone 15 Sholinganallur,12.6,05-11-2022
15139,Chennai,Zone 09 Teynampet,9.6,05-11-2022
15140,Chennai,Zone 10 Kodambakkam,9.3,05-11-2022
15141,Chennai,Kodambakkam,8.6,05-11-2022
15142,Chennai,Zone 01 Kathivakkam,8.4,05-11-2022
15143,Chennai,Zone 13 Adyar Eco Park,8.4,05-11-2022
15144,Chennai,Sholinganallur,8.4,05-11-2022
15145,Chennai,Ambathur,8,05-11-2022
15146,Chennai,Puzhal,7.4,05-11-2022
15147,Chennai,Zone 08 Anna Nagar,6.9,05-11-2022
15148,Chennai,Chennai nungambakkam,6.9,05-11-2022
15149,Chennai,Anna university,6.4,05-11-2022
15150,Chennai,DGP Office,6.4,05-11-2022
15151,Chennai,Sholinganallur,6.1,05-11-2022
15152,Chennai,Royapuram,6,05-11-2022
15153,Chennai,CD Hospital Tondiarpet,5.2,05-11-2022
15154,Chennai,Zone 07 U18 D81 Vanagaram,5.1,05-11-2022
15155,Chennai,Zone 13 U39 Adyar,5.1,05-11-2022
15156,Chennai,Ayanavaram taluk office,5,05-11-2022
15157,Chennai,Zone 04 Tondiarpet,4.8,05-11-2022
15158,Chennai,Zone 07 Ambattur,4.8,05-11-2022
15159,Chennai,Zone 01 Thiruvottiyur,4.2,05-11-2022
15160,Chennai,Gov hr sec school MGR Nagar,3.8,05-11-2022
15161,Chennai,Thiruvottiyur,3.2,05-11-2022
15162,Chennai,Zone 03 Puzhal,3,05-11-2022
15163,Chennai,Zone 09 Ice House,2.7,05-11-2022
15164,Chennai,Zone 14 Perungudi,2.7,05-11-2022
15165,Chennai,Zone 05 GCC,2.4,05-11-2022
15166,Chennai,Zone 06 D65 Kolathur,2.4,05-11-2022
15167,Chennai,Valasaravakkam,2.4,05-11-2022
15168,Chennai,Teynampet,2.2,05-11-2022
15169,Chennai,Tondairpet,2,05-11-2022
15170,Chennai,Zone 06 T.V.K Nagar,1.8,05-11-2022
15171,Chennai,Zone 11 U32 Maduravoyal,1.8,05-11-2022
15172,Chennai,Zone 12 Meenambakkam,1.8,05-11-2022
15173,Chennai,Ambattur,1.8,05-11-2022
15174,Chennai,Alandur,1.7,05-11-2022
15175,Chennai,Zone 08 Malar colony,1.5,05-11-2022
15176,Chennai,Zone 11 Valasaravakkam,1.5,05-11-2022
15177,Chennai,Zone 12 Alandhur,1.5,05-11-2022
15178,Chennai,Perambur Corporation park,1.3,05-11-2022
15179,Chennai,Zone 12 D156 Mugalivakkam,1.2,05-11-2022
15180,Chennai,Zone 13 Adyar,1.2,05-11-2022
15181,Chennai,Chennai collectorate building,1,05-11-2022
15182,Chennai,Anna Nagar,1,05-11-2022
15183,Chennai,Adyar,0.6,05-11-2022
15184,Chennai,Zone 02 Manali,0.3,05-11-2022
15185,Chennai,Zone 03 Madhavaram,0.3,05-11-2022
15186,Chennai,DGP Office,18.2,06-11-2022
15187,Chennai,Zone 06 D65 Kolathur,14.7,06-11-2022
15188,Chennai,Zone 05 Royapuram,14.1,06-11-2022
15189,Chennai,Zone 06 T.V.K Nagar,13.8,06-11-2022
15190,Chennai,Anna university,12.4,06-11-2022
15191,Chennai,Tondairpet,11,06-11-2022
15192,Chennai,Zone 08 Malar colony,8.7,06-11-2022
15193,Chennai,Zone 01 Thiruvottiyur,8.1,06-11-2022
15194,Chennai,CD Hospital Tondiarpet,7.2,06-11-2022
15195,Chennai,Zone 09 Ice House,6.9,06-11-2022
15196,Chennai,Royapuram,6.8,06-11-2022
15197,Chennai,Zone 04 Tondiarpet,6.6,06-11-2022
15198,Chennai,Zone 07 Ambattur,5.4,06-11-2022
15199,Chennai,Perambur Corporation park,5.4,06-11-2022
15200,Chennai,Ambattur,5,06-11-2022
15201,Chennai,Zone 12 Meenambakkam,4.8,06-11-2022
15202,Chennai,Zone 08 Anna Nagar,4.2,06-11-2022
15203,Chennai,Thiruvottiyur,4.2,06-11-2022
15204,Chennai,Zone 15 Uthandi,3.9,06-11-2022
15205,Chennai,Anna Nagar,3.8,06-11-2022
15206,Chennai,Zone 15 Sholinganallur,3.3,06-11-2022
15207,Chennai,Adyar,3.2,06-11-2022
15208,Chennai,Chennai nungambakkam,3.1,06-11-2022
15209,Chennai,Zone 12 Alandhur,3,06-11-2022
15210,Chennai,Alandur,3,06-11-2022
15211,Chennai,Gov hr sec school MGR Nagar,2.8,06-11-2022
15212,Chennai,Kodambakkam,2.8,06-11-2022
15213,Chennai,Zone 14 Perungudi,2.7,06-11-2022
15214,Chennai,Ayanavaram taluk office,2.4,06-11-2022
15215,Chennai,Chennai collectorate building,2.3,06-11-2022
15216,Chennai,Zone 07 U18 D81 Vanagaram,2.1,06-11-2022
15217,Chennai,Zone 14 U41 Perungudi,2.1,06-11-2022
15218,Chennai,Thiru-Vi-Ka Nagar,2,06-11-2022
15219,Chennai,Zone 10 Kodambakkam,1.8,06-11-2022
15220,Chennai,Zone 12 D156 Mugalivakkam,1.8,06-11-2022
15221,Chennai,Teynampet,1.6,06-11-2022
15222,Chennai,Zone 02 Manali,1.5,06-11-2022
15223,Chennai,Valasaravakkam,1.4,06-11-2022
15224,Chennai,Zone 05 GCC,1.2,06-11-2022
15225,Chennai,Zone 13 U39 Adyar,1.2,06-11-2022
15226,Chennai,Sholinganallur,1.2,06-11-2022
15227,Chennai,Sholinganallur,1.1,06-11-2022
15228,Chennai,Zone 03 Madhavaram,0.9,06-11-2022
15229,Chennai,Zone 03 Puzhal,0.9,06-11-2022
15230,Chennai,Zone 13 Adyar,0.9,06-11-2022
15231,Chennai,Zone 09 Teynampet,0.6,06-11-2022
15232,Chennai,Perungudi,0.4,06-11-2022
15233,Chennai,Zone 02 D15 Manali,0.3,06-11-2022
15234,Chennai,Puzhal,0.2,06-11-2022
15235,Chennai,Zone 14 U41 Perungudi,19.5,07-11-2022
15236,Chennai,Perungudi,10.8,07-11-2022
15237,Chennai,Zone 15 Sholinganallur,3.9,07-11-2022
15238,Chennai,Sholinganallur,2.8,07-11-2022
15239,Chennai,Zone 15 Uthandi,2.7,07-11-2022
15240,Chennai,Adyar,1.6,07-11-2022
15241,Chennai,Zone 14 Perungudi,1.2,07-11-2022
15242,Chennai,Zone 13 U39 Adyar,0.9,07-11-2022
15243,Chennai,Zone 13 Adyar,0.6,07-11-2022
15244,Chennai,Thiruvottiyur,0.6,07-11-2022
15245,Chennai,Zone 08 Anna Nagar,0.3,07-11-2022
15246,Chennai,Zone 11 U32 Maduravoyal,0.3,07-11-2022
15247,Chennai,Tondairpet,0.2,07-11-2022
15248,Chennai,Zone 09 Teynampet,63.3,08-11-2022
15249,Chennai,Zone 01 Kathivakkam,51.3,08-11-2022
15250,Chennai,Zone 10 Kodambakkam,49.2,08-11-2022
15251,Chennai,Zone 05 GCC,46.2,08-11-2022
15252,Chennai,Chennai nungambakkam,43.4,08-11-2022
15253,Chennai,Zone 08 Anna Nagar,40.8,08-11-2022
15254,Chennai,Royapuram,36.6,08-11-2022
15255,Chennai,Kodambakkam,35,08-11-2022
15256,Chennai,Zone 13 Adyar,33.9,08-11-2022
15257,Chennai,Zone 04 Tondiarpet,32.7,08-11-2022
15258,Chennai,CD Hospital Tondiarpet,28.7,08-11-2022
15259,Chennai,Zone 12 D156 Mugalivakkam,27.9,08-11-2022
15260,Chennai,DGP Office,26.2,08-11-2022
15261,Chennai,Chennai collectorate building,25.3,08-11-2022
15262,Chennai,Zone 07 U18 D81 Vanagaram,23.4,08-11-2022
15263,Chennai,Adyar,23,08-11-2022
15264,Chennai,Zone 12 Meenambakkam,22.5,08-11-2022
15265,Chennai,Zone 13 Adyar Eco Park,21.3,08-11-2022
15266,Chennai,Alandur,21.2,08-11-2022
15267,Chennai,Zone 02 D15 Manali,20.7,08-11-2022
15268,Chennai,Gov hr sec school MGR Nagar,20.4,08-11-2022
15269,Chennai,Zone 15 Uthandi,19.8,08-11-2022
15270,Chennai,Zone 14 U41 Perungudi,19.5,08-11-2022
15271,Chennai,Tondairpet,19.2,08-11-2022
15272,Chennai,Anna university,18.6,08-11-2022
15273,Chennai,Sholinganallur,18.2,08-11-2022
15274,Chennai,Thiru-Vi-Ka Nagar,16,08-11-2022
15275,Chennai,Ayanavaram taluk office,16,08-11-2022
15276,Chennai,Zone 09 Ice House,15.3,08-11-2022
15277,Chennai,Perambur Corporation park,14.9,08-11-2022
15278,Chennai,Zone 02 Manali,14.7,08-11-2022
15279,Chennai,Zone 12 Alandhur,14.7,08-11-2022
15280,Chennai,Valasaravakkam,14.4,08-11-2022
15281,Chennai,Zone 06 T.V.K Nagar,14.4,08-11-2022
15282,Chennai,Zone 15 Sholinganallur,14.1,08-11-2022
15283,Chennai,Zone 11 Valasaravakkam,12.9,08-11-2022
15284,Chennai,Zone 06 D65 Kolathur,12.6,08-11-2022
15285,Chennai,Zone 14 Perungudi,12.6,08-11-2022
15286,Chennai,Teynampet,10.8,08-11-2022
15287,Chennai,Zone 01 Thiruvottiyur,10.8,08-11-2022
15288,Chennai,Zone 08 Malar colony,9.3,08-11-2022
15289,Chennai,Sholinganallur,8.8,08-11-2022
15290,Chennai,Thiruvottiyur,8.2,08-11-2022
15291,Chennai,Zone 11 U32 Maduravoyal,7.5,08-11-2022
15292,Chennai,Puzhal,7.2,08-11-2022
15293,Chennai,Anna Nagar,6.6,08-11-2022
15294,Chennai,Ambattur,5.6,08-11-2022
15295,Chennai,Perungudi,5.2,08-11-2022
15296,Chennai,Zone 03 Madhavaram,5.1,08-11-2022
15297,Chennai,Zone 13 U39 Adyar,3.6,08-11-2022
15298,Chennai,Zone 05 Royapuram,2.4,08-11-2022
15299,Chennai,Zone 03 Puzhal,0.6,08-11-2022
15300,Chennai,Zone 08 Malar colony,55.5,09-11-2022
15301,Chennai,Zone 06 D65 Kolathur,54.3,09-11-2022
15302,Chennai,Ambattur,50.4,09-11-2022
15303,Chennai,Zone 06 T.V.K Nagar,45.9,09-11-2022
15304,Chennai,Zone 11 U32 Maduravoyal,38.7,09-11-2022
15305,Chennai,Chennai collectorate building,34,09-11-2022
15306,Chennai,Perambur Corporation park,32.6,09-11-2022
15307,Chennai,CD Hospital Tondiarpet,29.4,09-11-2022
15308,Chennai,Zone 13 Adyar,27.9,09-11-2022
15309,Chennai,Ayanavaram taluk office,27.8,09-11-2022
15310,Chennai,Zone 02 Manali,27.6,09-11-2022
15311,Chennai,Anna Nagar,25,09-11-2022
15312,Chennai,Zone 14 U41 Perungudi,24.6,09-11-2022
15313,Chennai,Zone 01 Kathivakkam,24.3,09-11-2022
15314,Chennai,Tondairpet,22,09-11-2022
15315,Chennai,Valasaravakkam,21.8,09-11-2022
15316,Chennai,Thiru-Vi-Ka Nagar,21.2,09-11-2022
15317,Chennai,Ambathur,21,09-11-2022
15318,Chennai,Zone 02 D15 Manali,20.7,09-11-2022
15319,Chennai,Zone 08 Anna Nagar,19.5,09-11-2022
15320,Chennai,Adyar,19,09-11-2022
15321,Chennai,Zone 03 Madhavaram,18.3,09-11-2022
15322,Chennai,Zone 13 U39 Adyar,18.3,09-11-2022
15323,Chennai,Sholinganallur,14.5,09-11-2022
15324,Chennai,Zone 15 Sholinganallur,14.4,09-11-2022
15325,Chennai,Zone 12 D156 Mugalivakkam,12.9,09-11-2022
15326,Chennai,Zone 11 Valasaravakkam,12,09-11-2022
15327,Chennai,Perungudi,11.2,09-11-2022
15328,Chennai,Zone 15 Uthandi,10.2,09-11-2022
15329,Chennai,Zone 07 Ambattur,9.9,09-11-2022
15330,Chennai,Zone 13 Adyar Eco Park,9.6,09-11-2022
15331,Chennai,Sholinganallur,9.2,09-11-2022
15332,Chennai,Zone 04 Tondiarpet,9,09-11-2022
15333,Chennai,Thiruvottiyur,8.6,09-11-2022
15334,Chennai,Zone 12 Meenambakkam,8.1,09-11-2022
15335,Chennai,Alandur,7.8,09-11-2022
15336,Chennai,Zone 01 Thiruvottiyur,7.5,09-11-2022
15337,Chennai,Zone 14 Perungudi,6.6,09-11-2022
15338,Chennai,Anna university,5.8,09-11-2022
15339,Chennai,Chennai nungambakkam,5.4,09-11-2022
15340,Chennai,Royapuram,4,09-11-2022
15341,Chennai,Zone 05 GCC,3.9,09-11-2022
15342,Chennai,Zone 05 Royapuram,3.6,09-11-2022
15343,Chennai,Gov hr sec school MGR Nagar,3.2,09-11-2022
15344,Chennai,Zone 09 Ice House,2.1,09-11-2022
15345,Chennai,Zone 09 Teynampet,2.1,09-11-2022
15346,Chennai,Kodambakkam,2,09-11-2022
15347,Chennai,Zone 07 U18 D81 Vanagaram,1.8,09-11-2022
15348,Chennai,Zone 10 Kodambakkam,1.2,09-11-2022
15349,Chennai,Zone 12 Alandhur,0.9,09-11-2022
15350,Chennai,Puzhal,0.6,09-11-2022
15351,Chennai,Zone 03 Puzhal,0.3,09-11-2022
15352,Chennai,Zone 15 Sholinganallur,11.7,10-11-2022
15353,Chennai,Zone 06 T.V.K Nagar,9.3,10-11-2022
15354,Chennai,Sholinganallur,8.4,10-11-2022
15355,Chennai,Adyar,6.4,10-11-2022
15356,Chennai,Zone 12 D156 Mugalivakkam,5.1,10-11-2022
15357,Chennai,Zone 15 Uthandi,4.8,10-11-2022
15358,Chennai,Anna Nagar,4.4,10-11-2022
15359,Chennai,Teynampet,4.2,10-11-2022
15360,Chennai,Zone 02 Manali,4.2,10-11-2022
15361,Chennai,Zone 11 Valasaravakkam,4.2,10-11-2022
15362,Chennai,Zone 08 Malar colony,3.6,10-11-2022
15363,Chennai,Tondairpet,2.4,10-11-2022
15364,Chennai,Zone 03 Puzhal,2.4,10-11-2022
15365,Chennai,Zone 02 D15 Manali,2.1,10-11-2022
15366,Chennai,Zone 06 D65 Kolathur,2.1,10-11-2022
15367,Chennai,Zone 13 Adyar Eco Park,2.1,10-11-2022
15368,Chennai,Royapuram,2,10-11-2022
15369,Chennai,Perungudi,2,10-11-2022
15370,Chennai,Ambattur,1.8,10-11-2022
15371,Chennai,Valasaravakkam,1.4,10-11-2022
15372,Chennai,Kodambakkam,1.2,10-11-2022
15373,Chennai,Zone 03 Madhavaram,0.6,10-11-2022
15374,Chennai,Zone 07 U18 D81 Vanagaram,0.6,10-11-2022
15375,Chennai,Zone 09 Teynampet,0.6,10-11-2022
15376,Chennai,Thiru-Vi-Ka Nagar,0.4,10-11-2022
15377,Chennai,Puzhal,0.4,10-11-2022
15378,Chennai,Zone 05 GCC,0.3,10-11-2022
15379,Chennai,Zone 11 U32 Maduravoyal,0.3,10-11-2022
15380,Chennai,Zone 12 Meenambakkam,0.3,10-11-2022
15381,Chennai,Zone 14 Perungudi,0.3,10-11-2022
15382,Chennai,Alandur,0.2,10-11-2022
15383,Chennai,Zone 06 T.V.K Nagar,98.4,11-11-2022
15384,Chennai,Zone 07 U18 D81 Vanagaram,86.7,11-11-2022
15385,Chennai,Zone 08 Anna Nagar,86.1,11-11-2022
15386,Chennai,Zone 04 Tondiarpet,85.8,11-11-2022
15387,Chennai,Zone 08 Malar colony,84.6,11-11-2022
15388,Chennai,Zone 06 D65 Kolathur,83.7,11-11-2022
15389,Chennai,Zone 12 Meenambakkam,81.3,11-11-2022
15390,Chennai,Zone 10 Kodambakkam,78.6,11-11-2022
15391,Chennai,Zone 09 Teynampet,76.5,11-11-2022
15392,Chennai,Tondairpet,76,11-11-2022
15393,Chennai,Zone 11 U32 Maduravoyal,75,11-11-2022
15394,Chennai,Zone 01 Kathivakkam,73.8,11-11-2022
15395,Chennai,Ambattur,73.6,11-11-2022
15396,Chennai,Zone 02 Manali,71.1,11-11-2022
15397,Chennai,Zone 13 Adyar Eco Park,71.1,11-11-2022
15398,Chennai,Thiru-Vi-Ka Nagar,70.6,11-11-2022
15399,Chennai,Zone 13 Adyar,67.5,11-11-2022
15400,Chennai,Royapuram,67.4,11-11-2022
15401,Chennai,Zone 09 Ice House,63.3,11-11-2022
15402,Chennai,Zone 02 D15 Manali,61.5,11-11-2022
15403,Chennai,Zone 13 U39 Adyar,61.5,11-11-2022
15404,Chennai,Zone 14 U41 Perungudi,61.2,11-11-2022
15405,Chennai,Anna Nagar,59,11-11-2022
15406,Chennai,CD Hospital Tondiarpet,59,11-11-2022
15407,Chennai,Ambathur,57,11-11-2022
15408,Chennai,Zone 14 Perungudi,57,11-11-2022
15409,Chennai,Zone 03 Madhavaram,56.7,11-11-2022
15410,Chennai,Kodambakkam,56.4,11-11-2022
15411,Chennai,Zone 07 Ambattur,56.4,11-11-2022
15412,Chennai,Zone 12 Alandhur,54.6,11-11-2022
15413,Chennai,Adyar,53,11-11-2022
15414,Chennai,Teynampet,52.6,11-11-2022
15415,Chennai,Ayanavaram taluk office,50.4,11-11-2022
15416,Chennai,Valasaravakkam,48.8,11-11-2022
15417,Chennai,Zone 15 Uthandi,48,11-11-2022
15418,Chennai,Zone 15 Sholinganallur,47.7,11-11-2022
15419,Chennai,Zone 12 D156 Mugalivakkam,46.5,11-11-2022
15420,Chennai,Zone 05 GCC,46.2,11-11-2022
15421,Chennai,Thiruvottiyur,46,11-11-2022
15422,Chennai,Perungudi,43.2,11-11-2022
15423,Chennai,DGP Office,42.8,11-11-2022
15424,Chennai,Chennai collectorate building,41.4,11-11-2022
15425,Chennai,Zone 11 Valasaravakkam,40.5,11-11-2022
15426,Chennai,Puzhal,39.8,11-11-2022
15427,Chennai,Anna university,38.2,11-11-2022
15428,Chennai,Sholinganallur,37.6,11-11-2022
15429,Chennai,Alandur,34.4,11-11-2022
15430,Chennai,Chennai nungambakkam,31.8,11-11-2022
15431,Chennai,Zone 03 Puzhal,30.3,11-11-2022
15432,Chennai,Perambur Corporation park,29.5,11-11-2022
15433,Chennai,Manali,27.2,11-11-2022
15434,Chennai,Sholinganallur,26.2,11-11-2022
15435,Chennai,Gov hr sec school MGR Nagar,24.6,11-11-2022
15436,Chennai,Zone 01 Thiruvottiyur,21.6,11-11-2022
15437,Chennai,Zone 05 Royapuram,6.6,11-11-2022
15438,Chennai,Zone 06 T.V.K Nagar,109.8,12-11-2022
15439,Chennai,Zone 06 D65 Kolathur,88.2,12-11-2022
15440,Chennai,Gov hr sec school MGR Nagar,87,12-11-2022
15441,Chennai,Zone 08 Anna Nagar,86.4,12-11-2022
15442,Chennai,Zone 09 Teynampet,82.8,12-11-2022
15443,Chennai,Zone 13 Adyar,82.8,12-11-2022
15444,Chennai,Alandur,81.4,12-11-2022
15445,Chennai,Zone 07 U18 D81 Vanagaram,80.4,12-11-2022
15446,Chennai,Zone 12 Meenambakkam,79.5,12-11-2022
15447,Chennai,Zone 11 U32 Maduravoyal,78.9,12-11-2022
15448,Chennai,Zone 10 Kodambakkam,78.6,12-11-2022
15449,Chennai,Perambur Corporation park,77.3,12-11-2022
15450,Chennai,Zone 13 Adyar Eco Park,71.1,12-11-2022
15451,Chennai,Ambathur,70,12-11-2022
15452,Chennai,Zone 13 U39 Adyar,68.4,12-11-2022
15453,Chennai,DGP Office,65.2,12-11-2022
15454,Chennai,Zone 15 Sholinganallur,63.6,12-11-2022
15455,Chennai,Zone 09 Ice House,62.1,12-11-2022
15456,Chennai,Zone 14 U41 Perungudi,62.1,12-11-2022
15457,Chennai,Sholinganallur,58.3,12-11-2022
15458,Chennai,Perungudi,58.2,12-11-2022
15459,Chennai,Zone 07 Ambattur,56.4,12-11-2022
15460,Chennai,Adyar,55,12-11-2022
15461,Chennai,Zone 12 Alandhur,54,12-11-2022
15462,Chennai,Anna university,53.4,12-11-2022
15463,Chennai,Valasaravakkam,52,12-11-2022
15464,Chennai,CD Hospital Tondiarpet,51,12-11-2022
15465,Chennai,Zone 15 Uthandi,48.9,12-11-2022
15466,Chennai,Teynampet,48.4,12-11-2022
15467,Chennai,Chennai collectorate building,48.3,12-11-2022
15468,Chennai,Chennai nungambakkam,48.3,12-11-2022
15469,Chennai,Zone 14 Perungudi,47.7,12-11-2022
15470,Chennai,Zone 02 D15 Manali,47.4,12-11-2022
15471,Chennai,Zone 12 D156 Mugalivakkam,46.8,12-11-2022
15472,Chennai,Ayanavaram taluk office,43.7,12-11-2022
15473,Chennai,Zone 11 Valasaravakkam,40.5,12-11-2022
15474,Chennai,Zone 02 Manali,39.6,12-11-2022
15475,Chennai,Zone 01 Kathivakkam,37.5,12-11-2022
15476,Chennai,Kodambakkam,36.6,12-11-2022
15477,Chennai,Zone 03 Madhavaram,36.6,12-11-2022
15478,Chennai,Ambattur,34.8,12-11-2022
15479,Chennai,Zone 01 Thiruvottiyur,30.6,12-11-2022
15480,Chennai,Zone 08 Malar colony,30.3,12-11-2022
15481,Chennai,Zone 04 Tondiarpet,27,12-11-2022
15482,Chennai,Sholinganallur,26.2,12-11-2022
15483,Chennai,Zone 05 GCC,21,12-11-2022
15484,Chennai,Thiru-Vi-Ka Nagar,17,12-11-2022
15485,Chennai,Anna Nagar,15.8,12-11-2022
15486,Chennai,Tondairpet,15.6,12-11-2022
15487,Chennai,Royapuram,15.2,12-11-2022
15488,Chennai,Puzhal,14.6,12-11-2022
15489,Chennai,Zone 03 Puzhal,13.5,12-11-2022
15490,Chennai,Zone 05 Royapuram,6.6,12-11-2022
15491,Chennai,Thiruvottiyur,6.4,12-11-2022
15492,Chennai,Manali,5,12-11-2022
15493,Chennai,Zone 01 Kathivakkam,73.5,13-11-2022
15494,Chennai,Zone 11 U32 Maduravoyal,64.5,13-11-2022
15495,Chennai,Valasaravakkam,61,13-11-2022
15496,Chennai,Zone 14 Perungudi,59.7,13-11-2022
15497,Chennai,Zone 02 D15 Manali,54.3,13-11-2022
15498,Chennai,Alandur,46.5,13-11-2022
15499,Chennai,DGP Office,46.2,13-11-2022
15500,Chennai,Zone 10 Kodambakkam,45.6,13-11-2022
15501,Chennai,Zone 13 Adyar Eco Park,45.6,13-11-2022
15502,Chennai,Perungudi,44.4,13-11-2022
15503,Chennai,Zone 12 D156 Mugalivakkam,44.4,13-11-2022
15504,Chennai,Ambattur,43.8,13-11-2022
15505,Chennai,Zone 08 Malar colony,43.8,13-11-2022
15506,Chennai,Zone 02 Manali,43.2,13-11-2022
15507,Chennai,Zone 12 Alandhur,41.7,13-11-2022
15508,Chennai,Zone 01 Thiruvottiyur,39.6,13-11-2022
15509,Chennai,Sholinganallur,39,13-11-2022
15510,Chennai,Anna university,38.4,13-11-2022
15511,Chennai,Zone 13 Adyar,38.1,13-11-2022
15512,Chennai,Zone 07 U18 D81 Vanagaram,36.9,13-11-2022
15513,Chennai,Tondairpet,36.8,13-11-2022
15514,Chennai,Zone 08 Anna Nagar,36.6,13-11-2022
15515,Chennai,Zone 11 Valasaravakkam,36,13-11-2022
15516,Chennai,Ambathur,36,13-11-2022
15517,Chennai,Zone 14 U41 Perungudi,35.7,13-11-2022
15518,Chennai,Zone 13 U39 Adyar,35.4,13-11-2022
15519,Chennai,Teynampet,34,13-11-2022
15520,Chennai,Zone 05 GCC,33.9,13-11-2022
15521,Chennai,Anna Nagar,33.4,13-11-2022
15522,Chennai,Zone 09 Teynampet,33.3,13-11-2022
15523,Chennai,Chennai nungambakkam,31.8,13-11-2022
15524,Chennai,Gov hr sec school MGR Nagar,31.6,13-11-2022
15525,Chennai,Sholinganallur,31.3,13-11-2022
15526,Chennai,Adyar,30.8,13-11-2022
15527,Chennai,Ayanavaram taluk office,28.6,13-11-2022
15528,Chennai,Royapuram,28.4,13-11-2022
15529,Chennai,Kodambakkam,28.4,13-11-2022
15530,Chennai,Zone 07 Ambattur,28.2,13-11-2022
15531,Chennai,Thiru-Vi-Ka Nagar,28,13-11-2022
15532,Chennai,Zone 15 Sholinganallur,27.6,13-11-2022
15533,Chennai,Thiruvottiyur,27.2,13-11-2022
15534,Chennai,CD Hospital Tondiarpet,25.2,13-11-2022
15535,Chennai,Puzhal,24.4,13-11-2022
15536,Chennai,Zone 03 Madhavaram,24.3,13-11-2022
15537,Chennai,Zone 06 T.V.K Nagar,23.7,13-11-2022
15538,Chennai,Chennai collectorate building,23.4,13-11-2022
15539,Chennai,Zone 06 D65 Kolathur,22.2,13-11-2022
15540,Chennai,Manali,21,13-11-2022
15541,Chennai,Zone 05 Royapuram,21,13-11-2022
15542,Chennai,Zone 15 Uthandi,20.7,13-11-2022
15543,Chennai,Zone 04 Tondiarpet,20.1,13-11-2022
15544,Chennai,Perambur Corporation park,18.6,13-11-2022
15545,Chennai,Zone 09 Ice House,18.3,13-11-2022
15546,Chennai,Zone 03 Puzhal,12.6,13-11-2022
15547,Chennai,Zone 11 U32 Maduravoyal,42.6,14-11-2022
15548,Chennai,Zone 15 Uthandi,35.4,14-11-2022
15549,Chennai,Chennai collectorate building,34,14-11-2022
15550,Chennai,Zone 13 U39 Adyar,33.9,14-11-2022
15551,Chennai,Zone 13 Adyar,28.5,14-11-2022
15552,Chennai,Zone 04 Tondiarpet,26.4,14-11-2022
15553,Chennai,Anna university,26.4,14-11-2022
15554,Chennai,Zone 08 Anna Nagar,26.1,14-11-2022
15555,Chennai,Zone 12 D156 Mugalivakkam,25.8,14-11-2022
15556,Chennai,Zone 08 Malar colony,24.6,14-11-2022
15557,Chennai,Zone 01 Thiruvottiyur,24,14-11-2022
15558,Chennai,Zone 10 Kodambakkam,24,14-11-2022
15559,Chennai,Gov hr sec school MGR Nagar,24,14-11-2022
15560,Chennai,Zone 14 U41 Perungudi,23.7,14-11-2022
15561,Chennai,Zone 11 Valasaravakkam,23.1,14-11-2022
15562,Chennai,Ambathur,23,14-11-2022
15563,Chennai,Ayanavaram taluk office,22.8,14-11-2022
15564,Chennai,Alandur,22.3,14-11-2022
15565,Chennai,Zone 05 GCC,21.6,14-11-2022
15566,Chennai,Perambur Corporation park,21.3,14-11-2022
15567,Chennai,Zone 14 Perungudi,18.9,14-11-2022
15568,Chennai,DGP Office,18.6,14-11-2022
15569,Chennai,Zone 15 Sholinganallur,18,14-11-2022
15570,Chennai,Zone 07 Ambattur,17.7,14-11-2022
15571,Chennai,Zone 09 Teynampet,15.6,14-11-2022
15572,Chennai,Zone 13 Adyar Eco Park,15.6,14-11-2022
15573,Chennai,Zone 07 U18 D81 Vanagaram,15.3,14-11-2022
15574,Chennai,Zone 06 D65 Kolathur,14.1,14-11-2022
15575,Chennai,Zone 02 Manali,13.8,14-11-2022
15576,Chennai,Chennai nungambakkam,13.4,14-11-2022
15577,Chennai,Sholinganallur,12.5,14-11-2022
15578,Chennai,Zone 02 D15 Manali,12,14-11-2022
15579,Chennai,Zone 03 Madhavaram,10.8,14-11-2022
15580,Chennai,Zone 09 Ice House,9,14-11-2022
15581,Chennai,CD Hospital Tondiarpet,6,14-11-2022
15582,Chennai,Royapuram,4.2,14-11-2022
15583,Chennai,Zone 01 Kathivakkam,3.9,14-11-2022
15584,Chennai,Ambattur,3.2,14-11-2022
15585,Chennai,Tondairpet,2.8,14-11-2022
15586,Chennai,Valasaravakkam,2.8,14-11-2022
15587,Chennai,Zone 03 Puzhal,2.1,14-11-2022
15588,Chennai,Thiruvottiyur,2,14-11-2022
15589,Chennai,Thiru-Vi-Ka Nagar,2,14-11-2022
15590,Chennai,Sholinganallur,0.8,14-11-2022
15591,Chennai,Zone 06 T.V.K Nagar,0.6,14-11-2022
15592,Chennai,Zone 12 Alandhur,0.6,14-11-2022
15593,Chennai,Anna Nagar,0.4,14-11-2022
15594,Chennai,Teynampet,0.4,14-11-2022
15595,Chennai,Kodambakkam,0.4,14-11-2022
15596,Chennai,Perungudi,0.4,14-11-2022
15597,Chennai,Puzhal,0.4,14-11-2022
15598,Chennai,Manali,0.2,14-11-2022
15599,Chennai,Zone 06 T.V.K Nagar,65.4,15-11-2022
15600,Chennai,Perambur Corporation park,61.8,15-11-2022
15601,Chennai,Zone 08 Malar colony,56.4,15-11-2022
15602,Chennai,Ambattur,53.6,15-11-2022
15603,Chennai,Ayanavaram taluk office,53.3,15-11-2022
15604,Chennai,Zone 01 Kathivakkam,51.3,15-11-2022
15605,Chennai,Thiru-Vi-Ka Nagar,48.4,15-11-2022
15606,Chennai,Anna Nagar,46.4,15-11-2022
15607,Chennai,Zone 08 Anna Nagar,43.2,15-11-2022
15608,Chennai,DGP Office,42.6,15-11-2022
15609,Chennai,Zone 02 Manali,42,15-11-2022
15610,Chennai,Zone 04 Tondiarpet,37.2,15-11-2022
15611,Chennai,Alandur,36.1,15-11-2022
15612,Chennai,Tondairpet,34.8,15-11-2022
15613,Chennai,Zone 06 D65 Kolathur,32.4,15-11-2022
15614,Chennai,Zone 10 Kodambakkam,32.4,15-11-2022
15615,Chennai,Royapuram,32.2,15-11-2022
15616,Chennai,Anna university,28.6,15-11-2022
15617,Chennai,Zone 09 Ice House,28.2,15-11-2022
15618,Chennai,Zone 11 U32 Maduravoyal,28.2,15-11-2022
15619,Chennai,Chennai collectorate building,27.6,15-11-2022
15620,Chennai,Zone 15 Sholinganallur,26.4,15-11-2022
15621,Chennai,Zone 13 Adyar Eco Park,25.2,15-11-2022
15622,Chennai,Zone 09 Teynampet,24.9,15-11-2022
15623,Chennai,Zone 01 Thiruvottiyur,23.4,15-11-2022
15624,Chennai,Zone 13 Adyar,23.4,15-11-2022
15625,Chennai,Zone 13 U39 Adyar,22.2,15-11-2022
15626,Chennai,CD Hospital Tondiarpet,22.1,15-11-2022
15627,Chennai,Chennai nungambakkam,19.9,15-11-2022
15628,Chennai,Zone 11 Valasaravakkam,17.1,15-11-2022
15629,Chennai,Zone 05 GCC,16.8,15-11-2022
15630,Chennai,Valasaravakkam,16.6,15-11-2022
15631,Chennai,Ambathur,16,15-11-2022
15632,Chennai,Teynampet,15.4,15-11-2022
15633,Chennai,Kodambakkam,14.6,15-11-2022
15634,Chennai,Sholinganallur,14.4,15-11-2022
15635,Chennai,Zone 12 Alandhur,14.1,15-11-2022
15636,Chennai,Zone 12 D156 Mugalivakkam,13.8,15-11-2022
15637,Chennai,Zone 14 Perungudi,13.8,15-11-2022
15638,Chennai,Zone 02 D15 Manali,13.2,15-11-2022
15639,Chennai,Gov hr sec school MGR Nagar,12,15-11-2022
15640,Chennai,Puzhal,10.8,15-11-2022
15641,Chennai,Adyar,9.4,15-11-2022
15642,Chennai,Zone 07 U18 D81 Vanagaram,8.4,15-11-2022
15643,Chennai,Perungudi,8,15-11-2022
15644,Chennai,Zone 14 U41 Perungudi,7.8,15-11-2022
15645,Chennai,Sholinganallur,7.5,15-11-2022
15646,Chennai,Manali,6.2,15-11-2022
15647,Chennai,Zone 12 Meenambakkam,6,15-11-2022
15648,Chennai,Zone 07 Ambattur,5.1,15-11-2022
15649,Chennai,Zone 03 Puzhal,4.8,15-11-2022
15650,Chennai,Zone 03 Madhavaram,4.5,15-11-2022
15651,Chennai,Thiruvottiyur,4.2,15-11-2022
15652,Chennai,Zone 01 Kathivakkam,40.8,16-11-2022
15653,Chennai,Zone 15 Sholinganallur,17.1,16-11-2022
15654,Chennai,Zone 02 Manali,10.5,16-11-2022
15655,Chennai,Zone 02 D15 Manali,7.8,16-11-2022
15656,Chennai,Zone 13 U39 Adyar,5.1,16-11-2022
15657,Chennai,Zone 13 Adyar Eco Park,2.4,16-11-2022
15658,Chennai,Zone 13 Adyar,1.5,16-11-2022
15659,Chennai,Zone 03 Madhavaram,1.2,16-11-2022
15660,Chennai,Zone 12 Alandhur,1.2,16-11-2022
15661,Chennai,Zone 12 Meenambakkam,1.2,16-11-2022
15662,Chennai,Valasaravakkam,1,16-11-2022
15663,Chennai,Zone 01 Thiruvottiyur,0.9,16-11-2022
15664,Chennai,Zone 06 T.V.K Nagar,0.9,16-11-2022
15665,Chennai,Zone 14 U41 Perungudi,0.9,16-11-2022
15666,Chennai,Zone 06 D65 Kolathur,0.6,16-11-2022
15667,Chennai,Zone 08 Anna Nagar,0.6,16-11-2022
15668,Chennai,Zone 07 U18 D81 Vanagaram,0.3,16-11-2022
15669,Chennai,Zone 08 Malar colony,0.3,16-11-2022
15670,Chennai,Zone 09 Ice House,0.3,16-11-2022
15671,Chennai,Zone 11 U32 Maduravoyal,0.3,16-11-2022
15672,Chennai,Thiruvottiyur,0.2,16-11-2022
15673,Chennai,Teynampet,0.2,16-11-2022
15674,Chennai,Zone 12 Meenambakkam,0.3,17-11-2022
15675,Chennai,Royapuram,0.2,17-11-2022
15676,Chennai,Zone 12 Meenambakkam,2.4,18-11-2022
15677,Chennai,Royapuram,0.2,18-11-2022
15678,Chennai,Zone 12 Meenambakkam,5.1,19-11-2022
15679,Chennai,Zone 14 Perungudi,2.4,19-11-2022
15680,Chennai,Zone 03 Madhavaram,0.9,19-11-2022
15681,Chennai,Zone 12 Alandhur,0.3,19-11-2022
15682,Chennai,Anna Nagar,0.2,19-11-2022
15683,Chennai,Zone 12 Meenambakkam,3.3,20-11-2022
15684,Chennai,Royapuram,0.2,20-11-2022
15685,Chennai,Zone 01 Kathivakkam,0.9,21-11-2022
15686,Chennai,Zone 02 Manali,0.3,21-11-2022
15687,Chennai,Zone 15 Uthandi,10.2,22-11-2022
15688,Chennai,DGP Office,6.8,22-11-2022
15689,Chennai,Zone 13 Adyar Eco Park,6.6,22-11-2022
15690,Chennai,Zone 13 Adyar,5.7,22-11-2022
15691,Chennai,Zone 01 Kathivakkam,4.8,22-11-2022
15692,Chennai,Zone 15 Sholinganallur,4.8,22-11-2022
15693,Chennai,Zone 14 U41 Perungudi,3.6,22-11-2022
15694,Chennai,Sholinganallur,3.6,22-11-2022
15695,Chennai,Adyar,3.4,22-11-2022
15696,Chennai,Zone 09 Ice House,3.3,22-11-2022
15697,Chennai,Zone 13 U39 Adyar,3.3,22-11-2022
15698,Chennai,Zone 14 Perungudi,2.7,22-11-2022
15699,Chennai,Teynampet,2.4,22-11-2022
15700,Chennai,Anna university,2.4,22-11-2022
15701,Chennai,Perungudi,2.2,22-11-2022
15702,Chennai,Sholinganallur,2.2,22-11-2022
15703,Chennai,Chennai nungambakkam,2.2,22-11-2022
15704,Chennai,Alandur,2.2,22-11-2022
15705,Chennai,Zone 09 Teynampet,2.1,22-11-2022
15706,Chennai,Chennai collectorate building,2,22-11-2022
15707,Chennai,Kodambakkam,1.6,22-11-2022
15708,Chennai,Zone 05 GCC,1.5,22-11-2022
15709,Chennai,Zone 12 Meenambakkam,1.2,22-11-2022
15710,Chennai,Ayanavaram taluk office,1.2,22-11-2022
15711,Chennai,CD Hospital Tondiarpet,1.1,22-11-2022
15712,Chennai,Gov hr sec school MGR Nagar,1,22-11-2022
15713,Chennai,Ambathur,1,22-11-2022
15714,Chennai,Zone 01 Thiruvottiyur,0.9,22-11-2022
15715,Chennai,Zone 02 D15 Manali,0.9,22-11-2022
15716,Chennai,Zone 04 Tondiarpet,0.9,22-11-2022
15717,Chennai,Zone 10 Kodambakkam,0.9,22-11-2022
15718,Chennai,Zone 12 Alandhur,0.9,22-11-2022
15719,Chennai,Zone 02 Manali,0.6,22-11-2022
15720,Chennai,Zone 03 Madhavaram,0.6,22-11-2022
15721,Chennai,Zone 03 Puzhal,0.6,22-11-2022
15722,Chennai,Zone 05 Royapuram,0.6,22-11-2022
15723,Chennai,Zone 06 D65 Kolathur,0.6,22-11-2022
15724,Chennai,Zone 07 U18 D81 Vanagaram,0.6,22-11-2022
15725,Chennai,Zone 08 Anna Nagar,0.6,22-11-2022
15726,Chennai,Manali,0.4,22-11-2022
15727,Chennai,Thiru-Vi-Ka Nagar,0.4,22-11-2022
15728,Chennai,Zone 08 Malar colony,0.3,22-11-2022
15729,Chennai,Thiruvottiyur,0.2,22-11-2022
15730,Chennai,Royapuram,0.2,22-11-2022
15731,Chennai,Ambattur,0.2,22-11-2022
15732,Chennai,Zone 02 D15 Manali,51.3,23-11-2022
15733,Chennai,Zone 01 Kathivakkam,29.4,23-11-2022
15734,Chennai,Zone 09 Ice House,20.7,23-11-2022
15735,Chennai,Chennai collectorate building,19,23-11-2022
15736,Chennai,Royapuram,14.6,23-11-2022
15737,Chennai,Zone 04 Tondiarpet,12.3,23-11-2022
15738,Chennai,CD Hospital Tondiarpet,11,23-11-2022
15739,Chennai,Zone 05 GCC,10.2,23-11-2022
15740,Chennai,Chennai nungambakkam,8.5,23-11-2022
15741,Chennai,Zone 01 Thiruvottiyur,7.8,23-11-2022
15742,Chennai,Zone 13 Adyar Eco Park,7.2,23-11-2022
15743,Chennai,Zone 09 Teynampet,6.3,23-11-2022
15744,Chennai,Thiruvottiyur,5.6,23-11-2022
15745,Chennai,Zone 05 Royapuram,5.4,23-11-2022
15746,Chennai,DGP Office,5.2,23-11-2022
15747,Chennai,Thiru-Vi-Ka Nagar,5.2,23-11-2022
15748,Chennai,Zone 03 Madhavaram,4.5,23-11-2022
15749,Chennai,Zone 10 Kodambakkam,4.5,23-11-2022
15750,Chennai,Perambur Corporation park,4.3,23-11-2022
15751,Chennai,Tondairpet,4,23-11-2022
15752,Chennai,Teynampet,4,23-11-2022
15753,Chennai,Kodambakkam,4,23-11-2022
15754,Chennai,Zone 02 Manali,3.9,23-11-2022
15755,Chennai,Zone 03 Puzhal,3.9,23-11-2022
15756,Chennai,Zone 06 T.V.K Nagar,3.9,23-11-2022
15757,Chennai,Zone 06 D65 Kolathur,3.3,23-11-2022
15758,Chennai,Zone 13 Adyar,2.7,23-11-2022
15759,Chennai,Manali,2.6,23-11-2022
15760,Chennai,Ayanavaram taluk office,2.3,23-11-2022
15761,Chennai,Zone 07 Ambattur,2.1,23-11-2022
15762,Chennai,Zone 08 Anna Nagar,2.1,23-11-2022
15763,Chennai,Ambathur,2,23-11-2022
15764,Chennai,Sholinganallur,1.8,23-11-2022
15765,Chennai,Zone 07 U18 D81 Vanagaram,1.8,23-11-2022
15766,Chennai,Anna university,1.2,23-11-2022
15767,Chennai,Ambattur,1.2,23-11-2022
15768,Chennai,Adyar,1.2,23-11-2022
15769,Chennai,Perungudi,1,23-11-2022
15770,Chennai,Gov hr sec school MGR Nagar,0.6,23-11-2022
15771,Chennai,Zone 11 U32 Maduravoyal,0.6,23-11-2022
15772,Chennai,Zone 12 Alandhur,0.6,23-11-2022
15773,Chennai,Zone 12 D156 Mugalivakkam,0.6,23-11-2022
15774,Chennai,Zone 13 U39 Adyar,0.6,23-11-2022
15775,Chennai,Zone 14 Perungudi,0.6,23-11-2022
15776,Chennai,Zone 14 U41 Perungudi,0.6,23-11-2022
15777,Chennai,Valasaravakkam,0.4,23-11-2022
15778,Chennai,Sholinganallur,0.3,23-11-2022
15779,Chennai,Zone 08 Malar colony,0.3,23-11-2022
15780,Chennai,Zone 11 Valasaravakkam,0.3,23-11-2022
15781,Chennai,Zone 15 Sholinganallur,0.3,23-11-2022
15782,Chennai,Royapuram,7.4,24-11-2022
15783,Chennai,Zone 14 Perungudi,5.1,24-11-2022
15784,Chennai,Zone 13 Adyar Eco Park,4.8,24-11-2022
15785,Chennai,Zone 13 Adyar,4.5,24-11-2022
15786,Chennai,Zone 01 Kathivakkam,3,24-11-2022
15787,Chennai,Zone 05 Royapuram,3,24-11-2022
15788,Chennai,Zone 15 Uthandi,2.4,24-11-2022
15789,Chennai,Zone 14 U41 Perungudi,2.1,24-11-2022
15790,Chennai,Teynampet,2,24-11-2022
15791,Chennai,Adyar,1.6,24-11-2022
15792,Chennai,Tondairpet,1.2,24-11-2022
15793,Chennai,Zone 09 Teynampet,1.2,24-11-2022
15794,Chennai,Manali,1,24-11-2022
15795,Chennai,Zone 15 Sholinganallur,0.9,24-11-2022
15796,Chennai,Thiru-Vi-Ka Nagar,0.8,24-11-2022
15797,Chennai,Perungudi,0.6,24-11-2022
15798,Chennai,Zone 01 Thiruvottiyur,0.6,24-11-2022
15799,Chennai,Zone 10 Kodambakkam,0.6,24-11-2022
15800,Chennai,Zone 13 U39 Adyar,0.6,24-11-2022
15801,Chennai,Thiruvottiyur,0.4,24-11-2022
15802,Chennai,Kodambakkam,0.4,24-11-2022
15803,Chennai,Zone 02 Manali,0.3,24-11-2022
15804,Chennai,Zone 04 Tondiarpet,0.3,24-11-2022
15805,Chennai,Zone 06 D65 Kolathur,0.3,24-11-2022
15806,Chennai,Zone 06 T.V.K Nagar,0.3,24-11-2022
15807,Chennai,Zone 07 U18 D81 Vanagaram,0.3,24-11-2022
15808,Chennai,Zone 09 Ice House,0.3,24-11-2022
15809,Chennai,Zone 12 D156 Mugalivakkam,0.3,24-11-2022
15810,Chennai,Anna Nagar,0.2,24-11-2022
15811,Chennai,Chennai collectorate building,4.4,25-11-2022
15812,Chennai,Anna university,3.4,25-11-2022
15813,Chennai,CD Hospital Tondiarpet,2.4,25-11-2022
15814,Chennai,Ayanavaram taluk office,2.3,25-11-2022
15815,Chennai,DGP Office,2.2,25-11-2022
15816,Chennai,Perungudi,2,25-11-2022
15817,Chennai,Zone 03 Puzhal,1.8,25-11-2022
15818,Chennai,Sholinganallur,1.2,25-11-2022
15819,Chennai,Zone 15 Sholinganallur,0.9,25-11-2022
15820,Chennai,Sholinganallur,0.7,25-11-2022
15821,Chennai,Zone 11 U32 Maduravoyal,0.6,25-11-2022
15822,Chennai,Zone 14 Perungudi,0.6,25-11-2022
15823,Chennai,Valasaravakkam,0.4,25-11-2022
15824,Chennai,Zone 01 Kathivakkam,0.3,25-11-2022
15825,Chennai,Zone 11 Valasaravakkam,0.3,25-11-2022
15826,Chennai,Zone 12 D156 Mugalivakkam,0.3,25-11-2022
15827,Chennai,Zone 12 Meenambakkam,0.3,25-11-2022
15828,Chennai,Zone 13 Adyar Eco Park,0.3,25-11-2022
15829,Chennai,Zone 15 Uthandi,0.3,25-11-2022
15830,Chennai,Thiru-Vi-Ka Nagar,0.2,25-11-2022
15831,Chennai,Adyar,0.2,25-11-2022
15832,Chennai,Valasaravakkam,2.2,26-11-2022
15833,Chennai,Zone 11 Valasaravakkam,1.8,26-11-2022
15834,Chennai,Zone 11 U32 Maduravoyal,1.5,26-11-2022
15835,Chennai,Zone 01 Kathivakkam,1.2,26-11-2022
15836,Chennai,Zone 02 D15 Manali,0.3,26-11-2022
15837,Chennai,Zone 07 U18 D81 Vanagaram,0.3,26-11-2022
15838,Chennai,Royapuram,0.2,26-11-2022
15839,Chennai,Teynampet,0.2,26-11-2022
15840,Chennai,Zone 15 Uthandi,1.2,27-11-2022
15841,Chennai,Valasaravakkam,0.8,27-11-2022
15842,Chennai,Royapuram,0.2,27-11-2022
15843,Chennai,Kodambakkam,0.2,27-11-2022
15844,Chennai,Zone 02 Manali,4.2,28-11-2022
15845,Chennai,Perambur Corporation park,3.1,28-11-2022
15846,Chennai,Valasaravakkam,2,28-11-2022
15847,Chennai,Zone 11 U32 Maduravoyal,1.2,28-11-2022
15848,Chennai,Chennai nungambakkam,0.4,28-11-2022
15849,Chennai,Royapuram,0.2,28-11-2022
15850,Chennai,Royapuram,0.2,30-11-2022
15851,Chennai,Teynampet,0.2,30-11-2022
15852,Chennai,Zone 01 Kathivakkam,15,01-12-2022
15853,Chennai,Zone 13 U39 Adyar,12.6,01-12-2022
15854,Chennai,Alandur,12.4,01-12-2022
15855,Chennai,Zone 13 Adyar Eco Park,10.8,01-12-2022
15856,Chennai,Zone 15 Sholinganallur,10.8,01-12-2022
15857,Chennai,Zone 14 Perungudi,10.2,01-12-2022
15858,Chennai,Zone 12 Meenambakkam,9.9,01-12-2022
15859,Chennai,Adyar,8.2,01-12-2022
15860,Chennai,Zone 02 D15 Manali,6.6,01-12-2022
15861,Chennai,Zone 02 Manali,6.3,01-12-2022
15862,Chennai,Zone 06 T.V.K Nagar,5.7,01-12-2022
15863,Chennai,Zone 08 Malar colony,5.7,01-12-2022
15864,Chennai,Anna university,5.2,01-12-2022
15865,Chennai,Zone 03 Madhavaram,5.1,01-12-2022
15866,Chennai,Zone 14 U41 Perungudi,4.8,01-12-2022
15867,Chennai,Sholinganallur,4.6,01-12-2022
15868,Chennai,Zone 06 D65 Kolathur,4.2,01-12-2022
15869,Chennai,Zone 12 D156 Mugalivakkam,3.9,01-12-2022
15870,Chennai,Zone 13 Adyar,3.9,01-12-2022
15871,Chennai,Zone 08 Anna Nagar,3.6,01-12-2022
15872,Chennai,Zone 11 U32 Maduravoyal,3.3,01-12-2022
15873,Chennai,Zone 12 Alandhur,3.3,01-12-2022
15874,Chennai,Ambattur,2.8,01-12-2022
15875,Chennai,Zone 09 Ice House,2.4,01-12-2022
15876,Chennai,DGP Office,2.4,01-12-2022
15877,Chennai,Perungudi,2.2,01-12-2022
15878,Chennai,Zone 09 Teynampet,2.1,01-12-2022
15879,Chennai,Ayanavaram taluk office,2.1,01-12-2022
15880,Chennai,Perambur Corporation park,2.1,01-12-2022
15881,Chennai,Thiru-Vi-Ka Nagar,1.8,01-12-2022
15882,Chennai,Kodambakkam,1.8,01-12-2022
15883,Chennai,Thiruvottiyur,1.2,01-12-2022
15884,Chennai,Zone 01 Thiruvottiyur,1.2,01-12-2022
15885,Chennai,Zone 04 Tondiarpet,1.2,01-12-2022
15886,Chennai,Zone 10 Kodambakkam,1.2,01-12-2022
15887,Chennai,Anna Nagar,1,01-12-2022
15888,Chennai,Ambathur,1,01-12-2022
15889,Chennai,Sholinganallur,1,01-12-2022
15890,Chennai,Zone 07 U18 D81 Vanagaram,0.9,01-12-2022
15891,Chennai,Manali,0.8,01-12-2022
15892,Chennai,CD Hospital Tondiarpet,0.7,01-12-2022
15893,Chennai,Teynampet,0.6,01-12-2022
15894,Chennai,Valasaravakkam,0.6,01-12-2022
15895,Chennai,Zone 03 Puzhal,0.6,01-12-2022
15896,Chennai,Zone 05 GCC,0.6,01-12-2022
15897,Chennai,Zone 07 Ambattur,0.6,01-12-2022
15898,Chennai,Chennai collectorate building,0.6,01-12-2022
15899,Chennai,Chennai nungambakkam,0.6,01-12-2022
15900,Chennai,Zone 05 Royapuram,0.3,01-12-2022
15901,Chennai,Zone 15 Uthandi,0.3,01-12-2022
15902,Chennai,Royapuram,0.2,01-12-2022
15903,Chennai,Gov hr sec school MGR Nagar,0.2,01-12-2022
15904,Chennai,Sholinganallur,2,02-12-2022
15905,Chennai,Thiruvottiyur,1.4,02-12-2022
15906,Chennai,Zone 01 Thiruvottiyur,1.2,02-12-2022
15907,Chennai,Perungudi,0.8,02-12-2022
15908,Chennai,Manali,0.6,02-12-2022
15909,Chennai,Royapuram,0.2,02-12-2022
15910,Chennai,Teynampet,0.2,02-12-2022
15911,Chennai,Valasaravakkam,0.2,02-12-2022
15912,Chennai,Zone 13 Adyar Eco Park,0.9,03-12-2022
15913,Chennai,Royapuram,0.4,03-12-2022
15914,Chennai,Adyar,0.2,03-12-2022
15915,Chennai,Zone 07 U18 D81 Vanagaram,10.5,04-12-2022
15916,Chennai,Zone 11 U32 Maduravoyal,9.6,04-12-2022
15917,Chennai,Zone 14 Perungudi,5.1,04-12-2022
15918,Chennai,DGP Office,4.6,04-12-2022
15919,Chennai,Zone 06 D65 Kolathur,4.5,04-12-2022
15920,Chennai,Zone 06 T.V.K Nagar,4.2,04-12-2022
15921,Chennai,Zone 13 U39 Adyar,3.9,04-12-2022
15922,Chennai,Zone 08 Malar colony,3.6,04-12-2022
15923,Chennai,Zone 15 Sholinganallur,3,04-12-2022
15924,Chennai,Ambathur,3,04-12-2022
15925,Chennai,Ambattur,2.8,04-12-2022
15926,Chennai,Valasaravakkam,2.8,04-12-2022
15927,Chennai,Zone 01 Kathivakkam,2.7,04-12-2022
15928,Chennai,Zone 01 Thiruvottiyur,2.7,04-12-2022
15929,Chennai,Zone 13 Adyar Eco Park,2.4,04-12-2022
15930,Chennai,Perambur Corporation park,2.2,04-12-2022
15931,Chennai,Thiruvottiyur,2,04-12-2022
15932,Chennai,Anna Nagar,1.8,04-12-2022
15933,Chennai,Adyar,1.4,04-12-2022
15934,Chennai,Zone 02 D15 Manali,1.2,04-12-2022
15935,Chennai,Ayanavaram taluk office,1.2,04-12-2022
15936,Chennai,Alandur,1.2,04-12-2022
15937,Chennai,Manali,1,04-12-2022
15938,Chennai,Chennai collectorate building,1,04-12-2022
15939,Chennai,Sholinganallur,1,04-12-2022
15940,Chennai,Zone 02 Manali,0.9,04-12-2022
15941,Chennai,Zone 11 Valasaravakkam,0.9,04-12-2022
15942,Chennai,Zone 12 D156 Mugalivakkam,0.9,04-12-2022
15943,Chennai,Sholinganallur,0.6,04-12-2022
15944,Chennai,Zone 07 Ambattur,0.6,04-12-2022
15945,Chennai,Zone 08 Anna Nagar,0.6,04-12-2022
15946,Chennai,Zone 12 Meenambakkam,0.6,04-12-2022
15947,Chennai,Zone 13 Adyar,0.6,04-12-2022
15948,Chennai,Zone 14 U41 Perungudi,0.6,04-12-2022
15949,Chennai,Zone 15 Uthandi,0.6,04-12-2022
15950,Chennai,Royapuram,0.4,04-12-2022
15951,Chennai,Thiru-Vi-Ka Nagar,0.4,04-12-2022
15952,Chennai,Anna university,0.4,04-12-2022
15953,Chennai,Zone 03 Puzhal,0.3,04-12-2022
15954,Chennai,Zone 12 Alandhur,0.3,04-12-2022
15955,Chennai,Anna Nagar,0.2,05-12-2022
15956,Chennai,Adyar,0.2,05-12-2022
15957,Chennai,Sholinganallur,0.2,05-12-2022
15958,Chennai,Teynampet,0.2,06-12-2022
15959,Chennai,CD Hospital Tondiarpet,68.7,09-12-2022
15960,Chennai,Kodambakkam,68.2,09-12-2022
15961,Chennai,Thiru-Vi-Ka Nagar,67.6,09-12-2022
15962,Chennai,Perambur Corporation park,62.9,09-12-2022
15963,Chennai,Ambattur,58,09-12-2022
15964,Chennai,DGP Office,55.6,09-12-2022
15965,Chennai,Valasaravakkam,55,09-12-2022
15966,Chennai,Teynampet,51.4,09-12-2022
15967,Chennai,Gov hr sec school MGR Nagar,51,09-12-2022
15968,Chennai,Alandur,50.3,09-12-2022
15969,Chennai,Adyar,50.2,09-12-2022
15970,Chennai,Ayanavaram taluk office,50.2,09-12-2022
15971,Chennai,Chennai nungambakkam,47,09-12-2022
15972,Chennai,Thiruvottiyur,44.4,09-12-2022
15973,Chennai,Chennai collectorate building,42.4,09-12-2022
15974,Chennai,Sholinganallur,41.4,09-12-2022
15975,Chennai,Ambathur,39.6,09-12-2022
15976,Chennai,Anna university,36.2,09-12-2022
15977,Chennai,Perungudi,36,09-12-2022
15978,Chennai,Manali,34.8,09-12-2022
15979,Chennai,Anna Nagar,34.6,09-12-2022
15980,Chennai,Sholinganallur,31.8,09-12-2022
15981,Chennai,Royapuram,19.8,09-12-2022
15982,Chennai,Zone 08 Anna Nagar,1.8,09-12-2022
15983,Chennai,Zone 14 U41 Perungudi,1.8,09-12-2022
15984,Chennai,Zone 15 Sholinganallur,1.8,09-12-2022
15985,Chennai,Zone 06 T.V.K Nagar,1.5,09-12-2022
15986,Chennai,Zone 09 Ice House,1.5,09-12-2022
15987,Chennai,Zone 09 Teynampet,1.5,09-12-2022
15988,Chennai,Zone 10 Kodambakkam,1.5,09-12-2022
15989,Chennai,Zone 11 U32 Maduravoyal,1.5,09-12-2022
15990,Chennai,Zone 04 Tondiarpet,1.2,09-12-2022
15991,Chennai,Zone 06 D65 Kolathur,1.2,09-12-2022
15992,Chennai,Zone 08 Malar colony,1.2,09-12-2022
15993,Chennai,Zone 12 D156 Mugalivakkam,1.2,09-12-2022
15994,Chennai,Zone 13 Adyar Eco Park,1.2,09-12-2022
15995,Chennai,Zone 02 Manali,0.9,09-12-2022
15996,Chennai,Zone 07 U18 D81 Vanagaram,0.9,09-12-2022
15997,Chennai,Zone 13 Adyar,0.9,09-12-2022
15998,Chennai,Zone 15 Uthandi,0.9,09-12-2022
15999,Chennai,Zone 01 Thiruvottiyur,0.6,09-12-2022
16000,Chennai,Zone 05 GCC,0.6,09-12-2022
16001,Chennai,Zone 07 Ambattur,0.6,09-12-2022
16002,Chennai,Zone 11 Valasaravakkam,0.6,09-12-2022
16003,Chennai,Zone 12 Alandhur,0.6,09-12-2022
16004,Chennai,Zone 13 U39 Adyar,0.6,09-12-2022
16005,Chennai,Zone 01 Kathivakkam,0.3,09-12-2022
16006,Chennai,Zone 02 D15 Manali,0.3,09-12-2022
16007,Chennai,Zone 03 Madhavaram,0.3,09-12-2022
16008,Chennai,Zone 05 Royapuram,0.3,09-12-2022
16009,Chennai,Zone 12 Meenambakkam,0.3,09-12-2022
16010,Chennai,Zone 14 Perungudi,0.3,09-12-2022
16011,Chennai,Madhavaram,0.2,09-12-2022
16012,Chennai,Zone 11 U32 Maduravoyal,153.9,10-12-2022
16013,Chennai,Ayanavaram taluk office,151.4,10-12-2022
16014,Chennai,Perambur Corporation park,137.6,10-12-2022
16015,Chennai,Zone 12 Meenambakkam,132.9,10-12-2022
16016,Chennai,Alandur,132.7,10-12-2022
16017,Chennai,Zone 09 Teynampet,129.3,10-12-2022
16018,Chennai,Zone 12 D156 Mugalivakkam,126.6,10-12-2022
16019,Chennai,Gov hr sec school MGR Nagar,126.6,10-12-2022
16020,Chennai,Ambathur,123,10-12-2022
16021,Chennai,Zone 14 U41 Perungudi,121.2,10-12-2022
16022,Chennai,Zone 14 Perungudi,116.1,10-12-2022
16023,Chennai,Zone 10 Kodambakkam,111.6,10-12-2022
16024,Chennai,Chennai nungambakkam,111.3,10-12-2022
16025,Chennai,Zone 08 Anna Nagar,111,10-12-2022
16026,Chennai,CD Hospital Tondiarpet,110.4,10-12-2022
16027,Chennai,DGP Office,108.8,10-12-2022
16028,Chennai,Zone 04 Tondiarpet,108.3,10-12-2022
16029,Chennai,Zone 07 Ambattur,103.8,10-12-2022
16030,Chennai,Valasaravakkam,103.4,10-12-2022
16031,Chennai,Zone 11 Valasaravakkam,103.2,10-12-2022
16032,Chennai,Zone 12 Alandhur,103.2,10-12-2022
16033,Chennai,Zone 08 Malar colony,102.9,10-12-2022
16034,Chennai,Zone 06 D65 Kolathur,102.3,10-12-2022
16035,Chennai,Zone 13 Adyar Eco Park,102,10-12-2022
16036,Chennai,Thiru-Vi-Ka Nagar,99.6,10-12-2022
16037,Chennai,Zone 13 U39 Adyar,98.7,10-12-2022
16038,Chennai,Zone 06 T.V.K Nagar,98.1,10-12-2022
16039,Chennai,Zone 01 Kathivakkam,97.5,10-12-2022
16040,Chennai,Anna university,96.4,10-12-2022
16041,Chennai,Adyar,94.6,10-12-2022
16042,Chennai,Zone 15 Uthandi,94.5,10-12-2022
16043,Chennai,Anna Nagar,91.6,10-12-2022
16044,Chennai,Zone 13 Adyar,90.6,10-12-2022
16045,Chennai,Sholinganallur,90.5,10-12-2022
16046,Chennai,Zone 15 Sholinganallur,90.3,10-12-2022
16047,Chennai,Chennai collectorate building,89.2,10-12-2022
16048,Chennai,Perungudi,88.2,10-12-2022
16049,Chennai,Kodambakkam,87.6,10-12-2022
16050,Chennai,Sholinganallur,85,10-12-2022
16051,Chennai,Zone 09 Ice House,83.7,10-12-2022
16052,Chennai,Zone 05 GCC,81.9,10-12-2022
16053,Chennai,Teynampet,73.2,10-12-2022
16054,Chennai,Zone 01 Thiruvottiyur,70.2,10-12-2022
16055,Chennai,Zone 02 D15 Manali,67.8,10-12-2022
16056,Chennai,Zone 02 Manali,66.3,10-12-2022
16057,Chennai,Ambattur,59.4,10-12-2022
16058,Chennai,Zone 05 Royapuram,55.2,10-12-2022
16059,Chennai,Zone 03 Puzhal,51,10-12-2022
16060,Chennai,Thiruvottiyur,50.8,10-12-2022
16061,Chennai,Royapuram,48.4,10-12-2022
16062,Chennai,Manali,25.6,10-12-2022
16063,Chennai,Ambathur,36,11-12-2022
16064,Chennai,DGP Office,26.6,11-12-2022
16065,Chennai,Zone 04 Tondiarpet,15.9,11-12-2022
16066,Chennai,Zone 08 Malar colony,14.4,11-12-2022
16067,Chennai,Zone 07 U18 D81 Vanagaram,14.1,11-12-2022
16068,Chennai,Zone 14 Perungudi,13.8,11-12-2022
16069,Chennai,Zone 14 U41 Perungudi,13.5,11-12-2022
16070,Chennai,Zone 06 T.V.K Nagar,13.2,11-12-2022
16071,Chennai,Zone 09 Ice House,12.9,11-12-2022
16072,Chennai,Valasaravakkam,12.8,11-12-2022
16073,Chennai,Zone 08 Anna Nagar,12.3,11-12-2022
16074,Chennai,Zone 09 Teynampet,12.3,11-12-2022
16075,Chennai,Zone 07 Ambattur,12,11-12-2022
16076,Chennai,Anna Nagar,11.8,11-12-2022
16077,Chennai,Royapuram,11,11-12-2022
16078,Chennai,Zone 10 Kodambakkam,10.8,11-12-2022
16079,Chennai,Zone 05 GCC,10.5,11-12-2022
16080,Chennai,Zone 15 Sholinganallur,9.9,11-12-2022
16081,Chennai,Zone 06 D65 Kolathur,9.6,11-12-2022
16082,Chennai,Chennai nungambakkam,9.4,11-12-2022
16083,Chennai,Ayanavaram taluk office,9,11-12-2022
16084,Chennai,Zone 11 U32 Maduravoyal,9,11-12-2022
16085,Chennai,Zone 12 Meenambakkam,9,11-12-2022
16086,Chennai,Zone 13 Adyar Eco Park,9,11-12-2022
16087,Chennai,Zone 13 U39 Adyar,9,11-12-2022
16088,Chennai,Zone 12 Alandhur,8.7,11-12-2022
16089,Chennai,Zone 01 Kathivakkam,8.4,11-12-2022
16090,Chennai,Zone 02 Manali,7.8,11-12-2022
16091,Chennai,Teynampet,7.6,11-12-2022
16092,Chennai,Perungudi,7.6,11-12-2022
16093,Chennai,Zone 01 Thiruvottiyur,7.5,11-12-2022
16094,Chennai,Anna university,7.4,11-12-2022
16095,Chennai,Perambur Corporation park,7.4,11-12-2022
16096,Chennai,Adyar,7.4,11-12-2022
16097,Chennai,Gov hr sec school MGR Nagar,7.2,11-12-2022
16098,Chennai,Zone 13 Adyar,7.2,11-12-2022
16099,Chennai,Sholinganallur,7.1,11-12-2022
16100,Chennai,Zone 02 D15 Manali,6.9,11-12-2022
16101,Chennai,Thiru-Vi-Ka Nagar,6.8,11-12-2022
16102,Chennai,Kodambakkam,6.8,11-12-2022
16103,Chennai,Zone 03 Madhavaram,6.6,11-12-2022
16104,Chennai,Zone 11 Valasaravakkam,6.6,11-12-2022
16105,Chennai,Zone 12 D156 Mugalivakkam,6.6,11-12-2022
16106,Chennai,Alandur,6.5,11-12-2022
16107,Chennai,Manali,5.6,11-12-2022
16108,Chennai,CD Hospital Tondiarpet,5.3,11-12-2022
16109,Chennai,Sholinganallur,4.8,11-12-2022
16110,Chennai,Thiruvottiyur,3.8,11-12-2022
16111,Chennai,Zone 03 Puzhal,2.7,11-12-2022
16112,Chennai,Chennai collectorate building,2.2,11-12-2022
16113,Chennai,Zone 05 Royapuram,1.2,11-12-2022
16114,Chennai,Ambathur,39,12-12-2022
16115,Chennai,Zone 02 D15 Manali,36.9,12-12-2022
16116,Chennai,Zone 06 T.V.K Nagar,29.4,12-12-2022
16117,Chennai,Zone 08 Malar colony,28.5,12-12-2022
16118,Chennai,Zone 07 U18 D81 Vanagaram,28.2,12-12-2022
16119,Chennai,Zone 06 D65 Kolathur,24.9,12-12-2022
16120,Chennai,Zone 11 U32 Maduravoyal,23.1,12-12-2022
16121,Chennai,Perambur Corporation park,22.2,12-12-2022
16122,Chennai,Zone 05 GCC,21,12-12-2022
16123,Chennai,Zone 11 Valasaravakkam,20.7,12-12-2022
16124,Chennai,Ayanavaram taluk office,20,12-12-2022
16125,Chennai,Alandur,19.1,12-12-2022
16126,Chennai,Zone 12 Alandhur,18.9,12-12-2022
16127,Chennai,DGP Office,18.6,12-12-2022
16128,Chennai,Anna university,18.2,12-12-2022
16129,Chennai,Valasaravakkam,18,12-12-2022
16130,Chennai,Zone 12 D156 Mugalivakkam,17.1,12-12-2022
16131,Chennai,Zone 12 Meenambakkam,16.8,12-12-2022
16132,Chennai,Chennai collectorate building,15.2,12-12-2022
16133,Chennai,Zone 08 Anna Nagar,14.4,12-12-2022
16134,Chennai,CD Hospital Tondiarpet,14.1,12-12-2022
16135,Chennai,Anna Nagar,14,12-12-2022
16136,Chennai,Gov hr sec school MGR Nagar,13.6,12-12-2022
16137,Chennai,Zone 07 Ambattur,13.5,12-12-2022
16138,Chennai,Zone 04 Tondiarpet,12.9,12-12-2022
16139,Chennai,Chennai nungambakkam,12.9,12-12-2022
16140,Chennai,Zone 14 U41 Perungudi,12.3,12-12-2022
16141,Chennai,Zone 13 U39 Adyar,10.2,12-12-2022
16142,Chennai,Thiru-Vi-Ka Nagar,9.6,12-12-2022
16143,Chennai,Zone 01 Kathivakkam,9.6,12-12-2022
16144,Chennai,Zone 15 Sholinganallur,9.3,12-12-2022
16145,Chennai,Adyar,8.6,12-12-2022
16146,Chennai,Zone 09 Ice House,8.1,12-12-2022
16147,Chennai,Sholinganallur,7.9,12-12-2022
16148,Chennai,Zone 10 Kodambakkam,7.8,12-12-2022
16149,Chennai,Zone 09 Teynampet,6.9,12-12-2022
16150,Chennai,Zone 01 Thiruvottiyur,6.3,12-12-2022
16151,Chennai,Zone 14 Perungudi,6.3,12-12-2022
16152,Chennai,Zone 13 Adyar,4.8,12-12-2022
16153,Chennai,Kodambakkam,4,12-12-2022
16154,Chennai,Zone 13 Adyar Eco Park,3.9,12-12-2022
16155,Chennai,Perungudi,3.8,12-12-2022
16156,Chennai,Teynampet,2.6,12-12-2022
16157,Chennai,Royapuram,2.4,12-12-2022
16158,Chennai,Zone 02 Manali,1.5,12-12-2022
16159,Chennai,Thiruvottiyur,1.4,12-12-2022
16160,Chennai,Manali,0.8,12-12-2022
16161,Chennai,Sholinganallur,0.8,12-12-2022
16162,Chennai,Zone 03 Puzhal,0.6,12-12-2022
16163,Chennai,Zone 03 Madhavaram,0.3,12-12-2022
16164,Chennai,Zone 11 U32 Maduravoyal,36.9,13-12-2022
16165,Chennai,Zone 12 D156 Mugalivakkam,36.3,13-12-2022
16166,Chennai,Zone 15 Sholinganallur,36,13-12-2022
16167,Chennai,Zone 12 Meenambakkam,34.5,13-12-2022
16168,Chennai,Alandur,34.3,13-12-2022
16169,Chennai,Anna university,34,13-12-2022
16170,Chennai,Zone 09 Teynampet,32.4,13-12-2022
16171,Chennai,Zone 14 Perungudi,31.8,13-12-2022
16172,Chennai,Sholinganallur,31.6,13-12-2022
16173,Chennai,Sholinganallur,31.3,13-12-2022
16174,Chennai,Zone 14 U41 Perungudi,31.2,13-12-2022
16175,Chennai,Zone 12 Alandhur,30.9,13-12-2022
16176,Chennai,Zone 02 Manali,30.6,13-12-2022
16177,Chennai,Zone 13 U39 Adyar,30.3,13-12-2022
16178,Chennai,CD Hospital Tondiarpet,30.3,13-12-2022
16179,Chennai,Valasaravakkam,30.2,13-12-2022
16180,Chennai,Zone 07 U18 D81 Vanagaram,30,13-12-2022
16181,Chennai,Gov hr sec school MGR Nagar,29.8,13-12-2022
16182,Chennai,Zone 08 Malar colony,29.1,13-12-2022
16183,Chennai,Zone 10 Kodambakkam,29.1,13-12-2022
16184,Chennai,Perungudi,29,13-12-2022
16185,Chennai,Zone 13 Adyar,27.6,13-12-2022
16186,Chennai,Zone 02 D15 Manali,27,13-12-2022
16187,Chennai,Ambathur,27,13-12-2022
16188,Chennai,Chennai collectorate building,26.8,13-12-2022
16189,Chennai,Zone 07 Ambattur,26.7,13-12-2022
16190,Chennai,Adyar,26.6,13-12-2022
16191,Chennai,Zone 13 Adyar Eco Park,25.8,13-12-2022
16192,Chennai,Zone 04 Tondiarpet,24.3,13-12-2022
16193,Chennai,Kodambakkam,23.8,13-12-2022
16194,Chennai,Zone 06 D65 Kolathur,23.7,13-12-2022
16195,Chennai,Perambur Corporation park,23.6,13-12-2022
16196,Chennai,Zone 11 Valasaravakkam,23.1,13-12-2022
16197,Chennai,Zone 01 Thiruvottiyur,22.8,13-12-2022
16198,Chennai,Ayanavaram taluk office,22.6,13-12-2022
16199,Chennai,DGP Office,22.6,13-12-2022
16200,Chennai,Zone 06 T.V.K Nagar,22.5,13-12-2022
16201,Chennai,Zone 01 Kathivakkam,21.6,13-12-2022
16202,Chennai,Zone 08 Anna Nagar,21.3,13-12-2022
16203,Chennai,Teynampet,20,13-12-2022
16204,Chennai,Chennai nungambakkam,19.1,13-12-2022
16205,Chennai,Zone 09 Ice House,17.4,13-12-2022
16206,Chennai,Zone 03 Madhavaram,17.1,13-12-2022
16207,Chennai,Anna Nagar,16.8,13-12-2022
16208,Chennai,Zone 15 Uthandi,14.7,13-12-2022
16209,Chennai,Thiruvottiyur,14,13-12-2022
16210,Chennai,Royapuram,14,13-12-2022
16211,Chennai,Zone 05 GCC,12.9,13-12-2022
16212,Chennai,Manali,9,13-12-2022
16213,Chennai,Zone 03 Puzhal,7.2,13-12-2022
16214,Chennai,Zone 05 Royapuram,6.3,13-12-2022
16215,Chennai,Royapuram,1.6,14-12-2022
16216,Chennai,Valasaravakkam,1,14-12-2022
16217,Chennai,Zone 08 Anna Nagar,0.3,14-12-2022
16218,Chennai,Zone 14 Perungudi,0.3,14-12-2022
16219,Chennai,Teynampet,0.2,15-12-2022
16220,Chennai,Zone 03 Puzhal,0.3,16-12-2022
16221,Chennai,Teynampet,0.2,21-12-2022
16222,Chennai,Anna Nagar,0.2,23-12-2022
16223,Chennai,Chennai collectorate building,52.2,25-12-2022
16224,Chennai,Zone 04 Tondiarpet,47.4,25-12-2022
16225,Chennai,CD Hospital Tondiarpet,38.9,25-12-2022
16226,Chennai,Zone 05 Royapuram,35.7,25-12-2022
16227,Chennai,Zone 09 Ice House,35.1,25-12-2022
16228,Chennai,Zone 09 Teynampet,35.1,25-12-2022
16229,Chennai,Zone 06 T.V.K Nagar,30.6,25-12-2022
16230,Chennai,Zone 10 Kodambakkam,30.6,25-12-2022
16231,Chennai,Zone 08 Anna Nagar,30,25-12-2022
16232,Chennai,Zone 05 GCC,29.7,25-12-2022
16233,Chennai,Zone 11 U32 Maduravoyal,28.5,25-12-2022
16234,Chennai,Zone 12 Meenambakkam,27.6,25-12-2022
16235,Chennai,Zone 15 Sholinganallur,25.8,25-12-2022
16236,Chennai,Zone 12 D156 Mugalivakkam,25.2,25-12-2022
16237,Chennai,Anna university,24.2,25-12-2022
16238,Chennai,Zone 11 Valasaravakkam,23.4,25-12-2022
16239,Chennai,Gov hr sec school MGR Nagar,23,25-12-2022
16240,Chennai,Sholinganallur,22.8,25-12-2022
16241,Chennai,DGP Office,22.6,25-12-2022
16242,Chennai,Chennai nungambakkam,22,25-12-2022
16243,Chennai,Zone 13 Adyar,21.6,25-12-2022
16244,Chennai,Thiru-Vi-Ka Nagar,21.4,25-12-2022
16245,Chennai,Perambur Corporation park,21.3,25-12-2022
16246,Chennai,Zone 14 U41 Perungudi,20.1,25-12-2022
16247,Chennai,Zone 08 Malar colony,19.8,25-12-2022
16248,Chennai,Alandur,19.6,25-12-2022
16249,Chennai,Ayanavaram taluk office,18.5,25-12-2022
16250,Chennai,Ambattur,17.2,25-12-2022
16251,Chennai,Anna Nagar,16.8,25-12-2022
16252,Chennai,Zone 13 U39 Adyar,16.8,25-12-2022
16253,Chennai,Zone 12 Alandhur,16.5,25-12-2022
16254,Chennai,Zone 15 Uthandi,16.5,25-12-2022
16255,Chennai,Zone 14 Perungudi,15.9,25-12-2022
16256,Chennai,Royapuram,15.6,25-12-2022
16257,Chennai,Teynampet,15.4,25-12-2022
16258,Chennai,Tondairpet,14.6,25-12-2022
16259,Chennai,Kodambakkam,14.4,25-12-2022
16260,Chennai,Zone 07 U18 D81 Vanagaram,14.4,25-12-2022
16261,Chennai,Ambathur,14,25-12-2022
16262,Chennai,Sholinganallur,12.4,25-12-2022
16263,Chennai,Adyar,10,25-12-2022
16264,Chennai,Perungudi,8.8,25-12-2022
16265,Chennai,Zone 07 Ambattur,8.7,25-12-2022
16266,Chennai,Puzhal,7.4,25-12-2022
16267,Chennai,Zone 06 D65 Kolathur,7.2,25-12-2022
16268,Chennai,Zone 02 D15 Manali,6.6,25-12-2022
16269,Chennai,Zone 01 Thiruvottiyur,6,25-12-2022
16270,Chennai,Valasaravakkam,5.6,25-12-2022
16271,Chennai,Zone 02 Manali,5.1,25-12-2022
16272,Chennai,Zone 01 Kathivakkam,3.6,25-12-2022
16273,Chennai,Zone 03 Puzhal,3.6,25-12-2022
16274,Chennai,Manali,2.8,25-12-2022
16275,Chennai,Zone 03 Madhavaram,2.1,25-12-2022
16276,Chennai,Thiruvottiyur,1.8,25-12-2022
16277,Chennai,Perambur Corporation park,26.2,26-12-2022
16278,Chennai,CD Hospital Tondiarpet,24.4,26-12-2022
16279,Chennai,Chennai collectorate building,22.2,26-12-2022
16280,Chennai,Royapuram,19.4,26-12-2022
16281,Chennai,Thiru-Vi-Ka Nagar,17,26-12-2022
16282,Chennai,Ambathur,17,26-12-2022
16283,Chennai,Zone 06 T.V.K Nagar,16.8,26-12-2022
16284,Chennai,Ayanavaram taluk office,16.5,26-12-2022
16285,Chennai,Zone 07 U18 D81 Vanagaram,16.2,26-12-2022
16286,Chennai,DGP Office,15.8,26-12-2022
16287,Chennai,Zone 05 Royapuram,15.3,26-12-2022
16288,Chennai,Tondairpet,14.8,26-12-2022
16289,Chennai,Zone 06 D65 Kolathur,14.7,26-12-2022
16290,Chennai,Puzhal,14.4,26-12-2022
16291,Chennai,Zone 04 Tondiarpet,14.4,26-12-2022
16292,Chennai,Alandur,13.2,26-12-2022
16293,Chennai,Ambattur,12.4,26-12-2022
16294,Chennai,Anna university,12.4,26-12-2022
16295,Chennai,Zone 01 Thiruvottiyur,11.4,26-12-2022
16296,Chennai,Zone 02 Manali,10.5,26-12-2022
16297,Chennai,Anna Nagar,10.4,26-12-2022
16298,Chennai,Gov hr sec school MGR Nagar,10.2,26-12-2022
16299,Chennai,Thiruvottiyur,9.6,26-12-2022
16300,Chennai,Zone 05 GCC,9.6,26-12-2022
16301,Chennai,Zone 07 Ambattur,9.6,26-12-2022
16302,Chennai,Zone 09 Teynampet,9.3,26-12-2022
16303,Chennai,Sholinganallur,9.3,26-12-2022
16304,Chennai,Teynampet,9.2,26-12-2022
16305,Chennai,Zone 03 Madhavaram,9,26-12-2022
16306,Chennai,Chennai nungambakkam,8.7,26-12-2022
16307,Chennai,Kodambakkam,8.4,26-12-2022
16308,Chennai,Zone 08 Malar colony,8.1,26-12-2022
16309,Chennai,Zone 09 Ice House,8.1,26-12-2022
16310,Chennai,Zone 10 Kodambakkam,8.1,26-12-2022
16311,Chennai,Zone 12 D156 Mugalivakkam,8.1,26-12-2022
16312,Chennai,Manali,6.6,26-12-2022
16313,Chennai,Zone 08 Anna Nagar,6.3,26-12-2022
16314,Chennai,Zone 13 Adyar,6.3,26-12-2022
16315,Chennai,Zone 12 Alandhur,5.1,26-12-2022
16316,Chennai,Zone 11 U32 Maduravoyal,4.8,26-12-2022
16317,Chennai,Valasaravakkam,4.6,26-12-2022
16318,Chennai,Zone 12 Meenambakkam,4.5,26-12-2022
16319,Chennai,Zone 14 U41 Perungudi,4.5,26-12-2022
16320,Chennai,Adyar,4.2,26-12-2022
16321,Chennai,Zone 03 Puzhal,4.2,26-12-2022
16322,Chennai,Zone 11 Valasaravakkam,4.2,26-12-2022
16323,Chennai,Zone 14 Perungudi,4.2,26-12-2022
16324,Chennai,Zone 02 D15 Manali,3.9,26-12-2022
16325,Chennai,Perungudi,3,26-12-2022
16326,Chennai,Zone 13 U39 Adyar,2.7,26-12-2022
16327,Chennai,Zone 15 Sholinganallur,1.2,26-12-2022
16328,Chennai,Zone 01 Kathivakkam,0.3,26-12-2022
16329,Chennai,Zone 15 Uthandi,0.3,26-12-2022
16330,Chennai,Ayanavaram taluk office,3.2,27-12-2022
16331,Chennai,Zone 13 Adyar Eco Park,2.1,27-12-2022
16332,Chennai,Zone 09 Ice House,1.8,27-12-2022
16333,Chennai,Teynampet,1.2,27-12-2022
16334,Chennai,Zone 03 Madhavaram,1.2,27-12-2022
16335,Chennai,Zone 05 GCC,1.2,27-12-2022
16336,Chennai,Gov hr sec school MGR Nagar,1,27-12-2022
16337,Chennai,Zone 07 U18 D81 Vanagaram,0.9,27-12-2022
16338,Chennai,Zone 08 Anna Nagar,0.9,27-12-2022
16339,Chennai,CD Hospital Tondiarpet,0.7,27-12-2022
16340,Chennai,Ambattur,0.6,27-12-2022
16341,Chennai,Zone 04 Tondiarpet,0.6,27-12-2022
16342,Chennai,Thiru-Vi-Ka Nagar,0.4,27-12-2022
16343,Chennai,Anna Nagar,0.4,27-12-2022
16344,Chennai,Valasaravakkam,0.4,27-12-2022
16345,Chennai,Zone 05 Royapuram,0.3,27-12-2022
16346,Chennai,Zone 08 Malar colony,0.3,27-12-2022
16347,Chennai,Zone 11 U32 Maduravoyal,0.3,27-12-2022
16348,Chennai,Zone 11 Valasaravakkam,0.3,27-12-2022
16349,Chennai,Adyar,0.2,27-12-2022
16350,Chennai,Zone 09 Ice House,2.1,28-12-2022
16351,Chennai,Zone 04 Tondiarpet,1.5,28-12-2022
16352,Chennai,Zone 10 Kodambakkam,0.3,28-12-2022
16353,Chennai,Teynampet,0.2,28-12-2022
16354,Chennai,Puzhal,1,04-01-2023
16355,Chennai,Zone 03 Puzhal,1.2,05-01-2023
16356,Chennai,Zone 13 U39 Adyar,0.6,05-01-2023
16357,Chennai,Royapuram,0.4,05-01-2023
16358,Chennai,Zone 05 GCC,0.3,05-01-2023
16359,Chennai,Zone 05 Royapuram,0.3,05-01-2023
16360,Chennai,Zone 06 D65 Kolathur,0.3,05-01-2023
16361,Chennai,Zone 09 Teynampet,0.3,05-01-2023
16362,Chennai,Zone 14 Perungudi,0.3,05-01-2023
16363,Chennai,Madhavaram,0.2,05-01-2023
16364,Chennai,Zone 13 U39 Adyar,2.4,06-01-2023
16365,Chennai,Zone 14 Perungudi,1.2,06-01-2023
16366,Chennai,Zone 08 Anna Nagar,0.9,06-01-2023
16367,Chennai,Thiru-Vi-Ka Nagar,0.8,06-01-2023
16368,Chennai,Zone 13 Adyar Eco Park,0.6,06-01-2023
16369,Chennai,Zone 04 Tondiarpet,2.4,07-01-2023
16370,Chennai,Zone 08 Anna Nagar,1.5,07-01-2023
16371,Chennai,Zone 15 Sholinganallur,0.9,07-01-2023
16372,Chennai,Zone 10 Kodambakkam,0.6,07-01-2023
16373,Chennai,Zone 01 Thiruvottiyur,0.3,07-01-2023
16374,Chennai,Zone 05 Royapuram,0.3,07-01-2023
16375,Chennai,Zone 09 Teynampet,0.3,07-01-2023
16376,Chennai,Zone 11 Valasaravakkam,0.3,07-01-2023
16377,Chennai,Zone 12 D156 Mugalivakkam,0.3,07-01-2023
16378,Chennai,Zone 14 Perungudi,0.3,07-01-2023
16379,Chennai,Thiruvottiyur,0.2,07-01-2023
16380,Chennai,Sholinganallur,0.2,07-01-2023
16381,Chennai,Zone 09 Ice House,3.9,08-01-2023
16382,Chennai,Zone 08 Anna Nagar,2.1,08-01-2023
16383,Chennai,Zone 10 Kodambakkam,2.1,08-01-2023
16384,Chennai,Zone 15 Uthandi,1.8,08-01-2023
16385,Chennai,Zone 13 Adyar Eco Park,1.2,08-01-2023
16386,Chennai,Zone 01 Thiruvottiyur,0.9,08-01-2023
16387,Chennai,DGP Office,0.8,08-01-2023
16388,Chennai,Alandur,0.8,08-01-2023
16389,Chennai,Anna university,0.6,08-01-2023
16390,Chennai,Teynampet,0.6,08-01-2023
16391,Chennai,Zone 12 Meenambakkam,0.6,08-01-2023
16392,Chennai,Thiruvottiyur,0.4,08-01-2023
16393,Chennai,Royapuram,0.4,08-01-2023
16394,Chennai,Zone 04 Tondiarpet,0.3,08-01-2023
16395,Chennai,Zone 05 GCC,0.3,08-01-2023
16396,Chennai,Zone 05 Royapuram,0.3,08-01-2023
16397,Chennai,Zone 06 T.V.K Nagar,0.3,08-01-2023
16398,Chennai,Zone 09 Teynampet,0.3,08-01-2023
16399,Chennai,Zone 11 Valasaravakkam,0.3,08-01-2023
16400,Chennai,Zone 12 D156 Mugalivakkam,0.3,08-01-2023
16401,Chennai,Zone 13 Adyar,0.3,08-01-2023
16402,Chennai,Zone 14 Perungudi,0.3,08-01-2023
16403,Chennai,Zone 15 Sholinganallur,0.3,08-01-2023
16404,Chennai,Valasaravakkam,0.2,08-01-2023
16405,Chennai,Sholinganallur,0.2,08-01-2023
16406,Chennai,Chennai nungambakkam,0.1,08-01-2023
16407,Chennai,Thiruvottiyur,0.2,09-01-2023
16408,Chennai,Royapuram,0.2,09-01-2023
16409,Chennai,Anna Nagar,0.2,10-01-2023
16410,Chennai,Zone 08 Anna Nagar,4.2,21-01-2023
16411,Chennai,Zone 04 Tondiarpet,3,21-01-2023
16412,Chennai,Zone 06 T.V.K Nagar,2.7,21-01-2023
16413,Chennai,Zone 15 Uthandi,2.7,21-01-2023
16414,Chennai,Chennai collectorate building,2.2,21-01-2023
16415,Chennai,CD Hospital Tondiarpet,2.1,21-01-2023
16416,Chennai,Zone 05 Royapuram,2.1,21-01-2023
16417,Chennai,Ayanavaram taluk office,1.6,21-01-2023
16418,Chennai,Zone 01 Kathivakkam,1.5,21-01-2023
16419,Chennai,Perambur Corporation park,1,21-01-2023
16420,Chennai,Zone 02 Manali,0.9,21-01-2023
16421,Chennai,Zone 08 Malar colony,0.9,21-01-2023
16422,Chennai,Chennai nungambakkam,0.4,21-01-2023
16423,Chennai,Zone 06 D65 Kolathur,0.3,21-01-2023
16424,Chennai,Zone 07 U18 D81 Vanagaram,0.3,21-01-2023
16425,Chennai,Gov hr sec school MGR Nagar,0.2,21-01-2023
16426,Chennai,Ambathur,0.2,21-01-2023
16427,Chennai,Zone 09 Ice House,0.9,24-01-2023
16428,Chennai,Alandur,0.1,24-01-2023
16429,Chennai,Zone 12 Alandhur,0.6,30-01-2023
16430,Chennai,Zone 11 U32 Maduravoyal,6,31-01-2023
16431,Chennai,Zone 10 Kodambakkam,5.1,31-01-2023
16432,Chennai,Zone 11 Valasaravakkam,2.7,31-01-2023
16433,Chennai,Zone 14 Perungudi,2.7,31-01-2023
16434,Chennai,Zone 12 D156 Mugalivakkam,2.1,31-01-2023
16435,Chennai,Zone 12 Meenambakkam,1.8,31-01-2023
16436,Chennai,Zone 13 U39 Adyar,1.8,31-01-2023
16437,Chennai,Zone 14 U41 Perungudi,1.5,31-01-2023
16438,Chennai,Zone 08 Anna Nagar,1.2,31-01-2023
16439,Chennai,Zone 09 Teynampet,1.2,31-01-2023
16440,Chennai,Zone 08 Malar colony,0.6,31-01-2023
16441,Chennai,Zone 12 Alandhur,0.6,31-01-2023
16442,Chennai,Zone 13 Adyar Eco Park,0.6,31-01-2023
16443,Chennai,Zone 03 Puzhal,0.3,31-01-2023
16444,Chennai,Zone 05 GCC,0.3,31-01-2023
16445,Chennai,Zone 06 D65 Kolathur,0.3,31-01-2023
16446,Chennai,Zone 06 T.V.K Nagar,0.3,31-01-2023
16447,Chennai,Zone 09 Ice House,0.3,31-01-2023
16448,Chennai,Zone 13 Adyar,0.3,31-01-2023
16449,Chennai,Zone 15 Sholinganallur,0.3,31-01-2023
16450,Chennai,Zone 01 Kathivakkam,2.4,02-02-2023
16451,Chennai,CD Hospital Tondiarpet,1.5,02-02-2023
16452,Chennai,Zone 04 Tondiarpet,1.5,02-02-2023
16453,Chennai,Zone 05 GCC,1.5,02-02-2023
16454,Chennai,Zone 15 Sholinganallur,1.5,02-02-2023
16455,Chennai,Chennai nungambakkam,0.8,02-02-2023
16456,Chennai,Sholinganallur,0.6,02-02-2023
16457,Chennai,Zone 07 U18 D81 Vanagaram,0.6,02-02-2023
16458,Chennai,Zone 09 Ice House,0.6,02-02-2023
16459,Chennai,Zone 09 Teynampet,0.6,02-02-2023
16460,Chennai,Alandur,0.3,02-02-2023
16461,Chennai,Zone 02 D15 Manali,0.3,02-02-2023
16462,Chennai,Zone 02 Manali,0.3,02-02-2023
16463,Chennai,Zone 05 Royapuram,0.3,02-02-2023
16464,Chennai,Zone 12 Alandhur,0.3,02-02-2023
16465,Chennai,Zone 12 Meenambakkam,0.3,02-02-2023
16466,Chennai,Zone 13 Adyar Eco Park,0.3,02-02-2023
16467,Chennai,Ayanavaram taluk office,0.2,02-02-2023
16468,Chennai,Kodambakkam,0.2,02-02-2023
16469,Chennai,Puzhal,0.2,02-02-2023
16470,Chennai,Zone 15 Sholinganallur,0.6,03-02-2023
16471,Chennai,Zone 05 GCC,0.3,03-02-2023
16472,Chennai,Sholinganallur,0.4,04-02-2023
16473,Chennai,Sholinganallur,0.2,04-02-2023
16474,Chennai,Teynampet,0.2,04-02-2023
16475,Chennai,Puzhal,0.2,07-02-2023
16476,Chennai,Zone 06 D65 Kolathur,17.7,17-03-2023
16477,Chennai,Zone 06 T.V.K Nagar,12.9,17-03-2023
16478,Chennai,Zone 10 Kodambakkam,8.7,17-03-2023
16479,Chennai,Zone 08 Malar colony,7.8,17-03-2023
16480,Chennai,Zone 11 Valasaravakkam,6.6,17-03-2023
16481,Chennai,Zone 08 Anna Nagar,3.9,17-03-2023
16482,Chennai,Zone 12 D156 Mugalivakkam,2.7,17-03-2023
16483,Chennai,Zone 09 Teynampet,2.4,17-03-2023
16484,Chennai,Zone 03 Puzhal,1.8,17-03-2023
16485,Chennai,Zone 04 Tondiarpet,1.2,17-03-2023
16486,Chennai,Zone 05 GCC,0.3,17-03-2023
16487,Chennai,Zone 14 Perungudi,88.2,18-03-2023
16488,Chennai,Zone 12 D156 Mugalivakkam,68.7,18-03-2023
16489,Chennai,Zone 12 Meenambakkam,67.2,18-03-2023
16490,Chennai,Zone 14 U41 Perungudi,66.9,18-03-2023
16491,Chennai,Alandur,65.4,18-03-2023
16492,Chennai,Zone 13 U39 Adyar,57.3,18-03-2023
16493,Chennai,Zone 10 Kodambakkam,56.1,18-03-2023
16494,Chennai,Zone 12 Alandhur,49.8,18-03-2023
16495,Chennai,Zone 11 Valasaravakkam,45.6,18-03-2023
16496,Chennai,Zone 15 Sholinganallur,44.1,18-03-2023
16497,Chennai,Gov hr sec school MGR Nagar,42,18-03-2023
16498,Chennai,Zone 08 Anna Nagar,42,18-03-2023
16499,Chennai,Zone 09 Teynampet,38.7,18-03-2023
16500,Chennai,Anna university,38.2,18-03-2023
16501,Chennai,Zone 01 Kathivakkam,35.7,18-03-2023
16502,Chennai,Zone 08 Malar colony,29.4,18-03-2023
16503,Chennai,Zone 13 Adyar,27,18-03-2023
16504,Chennai,Ayanavaram taluk office,25.2,18-03-2023
16505,Chennai,Chennai nungambakkam,24.8,18-03-2023
16506,Chennai,Zone 11 U32 Maduravoyal,18,18-03-2023
16507,Chennai,Zone 06 D65 Kolathur,17.1,18-03-2023
16508,Chennai,Zone 13 Adyar Eco Park,17.1,18-03-2023
16509,Chennai,Sholinganallur,12.4,18-03-2023
16510,Chennai,Zone 09 Ice House,10.2,18-03-2023
16511,Chennai,Perambur Corporation park,9.9,18-03-2023
16512,Chennai,Zone 06 T.V.K Nagar,7.8,18-03-2023
16513,Chennai,Zone 05 GCC,7.2,18-03-2023
16514,Chennai,DGP Office,6.8,18-03-2023
16515,Chennai,Zone 15 Uthandi,4.5,18-03-2023
16516,Chennai,Zone 02 D15 Manali,3,18-03-2023
16517,Chennai,Zone 02 Manali,1.8,18-03-2023
16518,Chennai,CD Hospital Tondiarpet,0.9,18-03-2023
16519,Chennai,Zone 03 Puzhal,0.6,18-03-2023
16520,Chennai,Chennai collectorate building,0.4,18-03-2023
16521,Chennai,Zone 01 Thiruvottiyur,0.3,18-03-2023
16522,Chennai,Zone 03 Madhavaram,0.3,18-03-2023
16523,Chennai,Zone 07 U18 D81 Vanagaram,0.3,18-03-2023
16524,Chennai,Zone 08 Anna Nagar,33,19-03-2023
16525,Chennai,Zone 08 Malar colony,33,19-03-2023
16526,Chennai,Zone 06 D65 Kolathur,27.9,19-03-2023
16527,Chennai,Ayanavaram taluk office,26.2,19-03-2023
16528,Chennai,Zone 06 T.V.K Nagar,24,19-03-2023
16529,Chennai,Perambur Corporation park,23.1,19-03-2023
16530,Chennai,Zone 10 Kodambakkam,16.2,19-03-2023
16531,Chennai,Zone 12 D156 Mugalivakkam,15.9,19-03-2023
16532,Chennai,Zone 11 Valasaravakkam,13.2,19-03-2023
16533,Chennai,Ambathur,13,19-03-2023
16534,Chennai,Zone 11 U32 Maduravoyal,12.9,19-03-2023
16535,Chennai,Zone 07 U18 D81 Vanagaram,12.3,19-03-2023
16536,Chennai,Zone 03 Madhavaram,11.4,19-03-2023
16537,Chennai,Zone 02 Manali,10.2,19-03-2023
16538,Chennai,Zone 04 Tondiarpet,8.7,19-03-2023
16539,Chennai,Alandur,8.4,19-03-2023
16540,Chennai,Zone 09 Teynampet,8.4,19-03-2023
16541,Chennai,Zone 02 D15 Manali,7.5,19-03-2023
16542,Chennai,Gov hr sec school MGR Nagar,6.8,19-03-2023
16543,Chennai,Zone 03 Puzhal,6.3,19-03-2023
16544,Chennai,Zone 12 Meenambakkam,6,19-03-2023
16545,Chennai,Anna university,5.2,19-03-2023
16546,Chennai,Zone 01 Thiruvottiyur,5.1,19-03-2023
16547,Chennai,Chennai nungambakkam,3.9,19-03-2023
16548,Chennai,Zone 14 Perungudi,2.7,19-03-2023
16549,Chennai,Zone 01 Kathivakkam,2.4,19-03-2023
16550,Chennai,Zone 12 Alandhur,2.4,19-03-2023
16551,Chennai,DGP Office,2.2,19-03-2023
16552,Chennai,Zone 13 Adyar Eco Park,1.5,19-03-2023
16553,Chennai,Sholinganallur,1.2,19-03-2023
16554,Chennai,Zone 05 GCC,1.2,19-03-2023
16555,Chennai,Zone 09 Ice House,1.2,19-03-2023
16556,Chennai,CD Hospital Tondiarpet,1,19-03-2023
16557,Chennai,Zone 13 Adyar,0.9,19-03-2023
16558,Chennai,Zone 13 U39 Adyar,0.9,19-03-2023
16559,Chennai,Zone 14 U41 Perungudi,0.3,19-03-2023
16560,Chennai,Zone 15 Sholinganallur,0.3,19-03-2023
16561,Chennai,Chennai collectorate building,0.2,19-03-2023
16562,Chennai,Chennai collectorate building,44.1,20-03-2023
16563,Chennai,CD Hospital Tondiarpet,41.5,20-03-2023
16564,Chennai,Zone 09 Teynampet,30.3,20-03-2023
16565,Chennai,Anna university,28.2,20-03-2023
16566,Chennai,Zone 09 Ice House,26.1,20-03-2023
16567,Chennai,Zone 10 Kodambakkam,22.8,20-03-2023
16568,Chennai,DGP Office,22.4,20-03-2023
16569,Chennai,Zone 08 Malar colony,21,20-03-2023
16570,Chennai,Zone 06 T.V.K Nagar,20.1,20-03-2023
16571,Chennai,Zone 15 Uthandi,17.7,20-03-2023
16572,Chennai,Zone 12 Meenambakkam,16.5,20-03-2023
16573,Chennai,Chennai nungambakkam,16.3,20-03-2023
16574,Chennai,Perambur Corporation park,16.2,20-03-2023
16575,Chennai,Zone 04 Tondiarpet,16.2,20-03-2023
16576,Chennai,Zone 08 Anna Nagar,15.9,20-03-2023
16577,Chennai,Zone 12 Alandhur,15.3,20-03-2023
16578,Chennai,Ayanavaram taluk office,14.3,20-03-2023
16579,Chennai,Zone 13 Adyar,13.2,20-03-2023
16580,Chennai,Zone 06 D65 Kolathur,12.9,20-03-2023
16581,Chennai,Zone 13 Adyar Eco Park,12.9,20-03-2023
16582,Chennai,Zone 15 Sholinganallur,12.3,20-03-2023
16583,Chennai,Gov hr sec school MGR Nagar,12,20-03-2023
16584,Chennai,Zone 02 Manali,12,20-03-2023
16585,Chennai,Alandur,11,20-03-2023
16586,Chennai,Zone 14 Perungudi,10.5,20-03-2023
16587,Chennai,Sholinganallur,10.2,20-03-2023
16588,Chennai,Zone 12 D156 Mugalivakkam,10.2,20-03-2023
16589,Chennai,Zone 01 Thiruvottiyur,9.3,20-03-2023
16590,Chennai,Zone 01 Kathivakkam,8.1,20-03-2023
16591,Chennai,Zone 14 U41 Perungudi,7.2,20-03-2023
16592,Chennai,Zone 13 U39 Adyar,6.3,20-03-2023
16593,Chennai,Ambathur,6,20-03-2023
16594,Chennai,Zone 02 D15 Manali,5.4,20-03-2023
16595,Chennai,Zone 03 Madhavaram,5.1,20-03-2023
16596,Chennai,Zone 11 Valasaravakkam,5.1,20-03-2023
16597,Chennai,Zone 03 Puzhal,4.5,20-03-2023
16598,Chennai,Zone 07 U18 D81 Vanagaram,0.6,20-03-2023
16599,Chennai,Zone 02 Manali,55.5,21-03-2023
16600,Chennai,Zone 02 D15 Manali,45,21-03-2023
16601,Chennai,Zone 01 Thiruvottiyur,41.4,21-03-2023
16602,Chennai,Zone 01 Kathivakkam,27.6,21-03-2023
16603,Chennai,Zone 04 Tondiarpet,23.7,21-03-2023
16604,Chennai,Zone 03 Madhavaram,22.2,21-03-2023
16605,Chennai,Zone 07 U18 D81 Vanagaram,16.2,21-03-2023
16606,Chennai,Zone 06 D65 Kolathur,14.4,21-03-2023
16607,Chennai,Zone 06 T.V.K Nagar,8.1,21-03-2023
16608,Chennai,Chennai collectorate building,7.2,21-03-2023
16609,Chennai,Ayanavaram taluk office,7.1,21-03-2023
16610,Chennai,Ambathur,7,21-03-2023
16611,Chennai,Zone 03 Puzhal,6,21-03-2023
16612,Chennai,Zone 09 Teynampet,3.9,21-03-2023
16613,Chennai,Perambur Corporation park,3.3,21-03-2023
16614,Chennai,Chennai nungambakkam,2.4,21-03-2023
16615,Chennai,Zone 09 Ice House,2.4,21-03-2023
16616,Chennai,CD Hospital Tondiarpet,2.1,21-03-2023
16617,Chennai,Zone 08 Anna Nagar,1.8,21-03-2023
16618,Chennai,Zone 13 Adyar Eco Park,1.8,21-03-2023
16619,Chennai,Anna university,1.2,21-03-2023
16620,Chennai,DGP Office,0.5,21-03-2023
16621,Chennai,Gov hr sec school MGR Nagar,0.4,21-03-2023
16622,Chennai,Zone 08 Malar colony,0.3,21-03-2023
16623,Chennai,Zone 12 D156 Mugalivakkam,0.3,21-03-2023
16624,Chennai,Zone 13 Adyar,0.3,21-03-2023
16625,Chennai,Zone 14 Perungudi,0.3,21-03-2023
16626,Chennai,Zone 15 Sholinganallur,0.3,21-03-2023
16627,Chennai,Alandur,0.2,21-03-2023
16628,Chennai,Anna Nagar,0.2,22-03-2023
16629,Chennai,Zone 09 Ice House,1.8,23-03-2023
16630,Chennai,Thiruvottiyur,1,23-03-2023
16631,Chennai,Royapuram,0.6,23-03-2023
16632,Chennai,Zone 04 Tondiarpet,0.6,23-03-2023
16633,Chennai,Zone 13 Adyar Eco Park,0.6,23-03-2023
16634,Chennai,Zone 01 Thiruvottiyur,0.3,23-03-2023
16635,Chennai,Ambattur,0.2,23-03-2023
16636,Chennai,Zone 06 D65 Kolathur,6,24-03-2023
16637,Chennai,Zone 12 D156 Mugalivakkam,4.8,24-03-2023
16638,Chennai,Zone 02 D15 Manali,4.5,24-03-2023
16639,Chennai,Zone 12 Meenambakkam,4.5,24-03-2023
16640,Chennai,Zone 07 U18 D81 Vanagaram,4.2,24-03-2023
16641,Chennai,Alandur,3.7,24-03-2023
16642,Chennai,Manali,1.8,24-03-2023
16643,Chennai,Zone 12 Alandhur,1.8,24-03-2023
16644,Chennai,Zone 14 Perungudi,1.8,24-03-2023
16645,Chennai,Madhavaram,1.6,24-03-2023
16646,Chennai,Zone 03 Puzhal,1.5,24-03-2023
16647,Chennai,Ambattur,1.2,24-03-2023
16648,Chennai,Zone 02 Manali,1.2,24-03-2023
16649,Chennai,Zone 06 T.V.K Nagar,0.9,24-03-2023
16650,Chennai,Zone 15 Uthandi,0.9,24-03-2023
16651,Chennai,Zone 03 Madhavaram,0.6,24-03-2023
16652,Chennai,Zone 15 Sholinganallur,0.6,24-03-2023
16653,Chennai,Tondairpet,0.4,24-03-2023
16654,Chennai,Zone 01 Kathivakkam,0.3,24-03-2023
16655,Chennai,Zone 08 Anna Nagar,0.3,24-03-2023
16656,Chennai,Zone 08 Malar colony,0.3,24-03-2023
16657,Chennai,Zone 13 U39 Adyar,0.3,24-03-2023
16658,Chennai,Chennai nungambakkam,0.2,24-03-2023
16659,Chennai,Royapuram,0.2,24-03-2023
16660,Chennai,Sholinganallur,0.2,24-03-2023
16661,Chennai,Sholinganallur,0.1,24-03-2023
16662,Chennai,Royapuram,0.2,26-03-2023
16663,Chennai,Zone 07 U18 D81 Vanagaram,9.9,23-04-2023
16664,Chennai,Ambathur,7,23-04-2023
16665,Chennai,Zone 06 D65 Kolathur,4.2,23-04-2023
16666,Chennai,Zone 08 Malar colony,3,23-04-2023
16667,Chennai,Zone 02 D15 Manali,2.7,23-04-2023
16668,Chennai,Zone 06 T.V.K Nagar,2.7,23-04-2023
16669,Chennai,Zone 10 Kodambakkam,2.4,23-04-2023
16670,Chennai,Zone 08 Anna Nagar,2.1,23-04-2023
16671,Chennai,Zone 11 Valasaravakkam,2.1,23-04-2023
16672,Chennai,Zone 12 Meenambakkam,2.1,23-04-2023
16673,Chennai,Alandur,1.8,23-04-2023
16674,Chennai,Manali,1.8,23-04-2023
16675,Chennai,Ambattur,1.8,23-04-2023
16676,Chennai,Ayanavaram taluk office,1.6,23-04-2023
16677,Chennai,Chennai nungambakkam,1.5,23-04-2023
16678,Chennai,DGP Office,1.5,23-04-2023
16679,Chennai,Zone 02 Manali,1.5,23-04-2023
16680,Chennai,Valasaravakkam,1.4,23-04-2023
16681,Chennai,Anna university,1.2,23-04-2023
16682,Chennai,Zone 01 Kathivakkam,1.2,23-04-2023
16683,Chennai,Zone 14 Perungudi,1.2,23-04-2023
16684,Chennai,Perambur Corporation park,1,23-04-2023
16685,Chennai,Madhavaram,1,23-04-2023
16686,Chennai,Zone 12 Alandhur,0.9,23-04-2023
16687,Chennai,Gov hr sec school MGR Nagar,0.6,23-04-2023
16688,Chennai,Thiruvottiyur,0.6,23-04-2023
16689,Chennai,Thiru-Vi-Ka Nagar,0.6,23-04-2023
16690,Chennai,Kodambakkam,0.6,23-04-2023
16691,Chennai,Zone 01 Thiruvottiyur,0.6,23-04-2023
16692,Chennai,Zone 03 Puzhal,0.3,23-04-2023
16693,Chennai,Zone 15 Sholinganallur,0.3,23-04-2023
16694,Chennai,Sholinganallur,0.2,23-04-2023
16695,Chennai,Anna Nagar,0.2,23-04-2023
16696,Chennai,Teynampet,0.2,23-04-2023
16697,Chennai,Puzhal,4.8,24-04-2023
16698,Chennai,Zone 07 U18 D81 Vanagaram,4.5,24-04-2023
16699,Chennai,Ambathur,1.2,24-04-2023
16700,Chennai,Valasaravakkam,1.2,24-04-2023
16701,Chennai,Zone 11 Valasaravakkam,1.2,24-04-2023
16702,Chennai,Zone 15 Sholinganallur,1.2,24-04-2023
16703,Chennai,Manali,0.8,24-04-2023
16704,Chennai,Ambattur,0.6,24-04-2023
16705,Chennai,Zone 03 Puzhal,0.6,24-04-2023
16706,Chennai,Anna Nagar,0.4,24-04-2023
16707,Chennai,Sholinganallur,0.4,24-04-2023
16708,Chennai,Zone 01 Thiruvottiyur,0.3,24-04-2023
16709,Chennai,Zone 04 Tondiarpet,0.3,24-04-2023
16710,Chennai,Zone 12 Meenambakkam,0.3,24-04-2023
16711,Chennai,Zone 13 Adyar,0.3,24-04-2023
16712,Chennai,Zone 13 Adyar Eco Park,0.3,24-04-2023
16713,Chennai,Zone 14 U41 Perungudi,0.3,24-04-2023
16714,Chennai,Thiruvottiyur,0.2,24-04-2023
16715,Chennai,Alandur,0.1,24-04-2023
16716,Chennai,Sholinganallur,0.1,24-04-2023
16717,Chennai,Ambathur,10,25-04-2023
16718,Chennai,Zone 07 U18 D81 Vanagaram,4.5,25-04-2023
16719,Chennai,Zone 12 Meenambakkam,2.4,25-04-2023
16720,Chennai,Alandur,1.8,25-04-2023
16721,Chennai,Zone 05 Royapuram,1.8,25-04-2023
16722,Chennai,Zone 11 Valasaravakkam,0.3,25-04-2023
16723,Chennai,Zone 13 Adyar Eco Park,0.3,25-04-2023
16724,Chennai,Zone 14 Perungudi,0.3,25-04-2023
16725,Chennai,Madhavaram,0.2,25-04-2023
16726,Chennai,Ambattur,0.2,25-04-2023
16727,Chennai,Anna Nagar,0.2,25-04-2023
16728,Chennai,Teynampet,0.2,25-04-2023
16729,Chennai,Ambattur,0.2,26-04-2023
16730,Chennai,Valasaravakkam,0.2,26-04-2023
16731,Chennai,Zone 15 Uthandi,0.6,28-04-2023
16732,Chennai,Perungudi,2.8,29-04-2023
16733,Chennai,Adyar,0.4,29-04-2023
16734,Chennai,Perungudi,1.4,30-04-2023
16735,Chennai,Zone 15 Uthandi,13.2,01-05-2023
16736,Chennai,Zone 14 U41 Perungudi,8.1,01-05-2023
16737,Chennai,Thiru-Vi-Ka Nagar,6.2,01-05-2023
16738,Chennai,Zone 06 D65 Kolathur,3.9,01-05-2023
16739,Chennai,Perungudi,3,01-05-2023
16740,Chennai,Zone 02 Manali,3,01-05-2023
16741,Chennai,Sholinganallur,2.8,01-05-2023
16742,Chennai,Zone 13 Adyar Eco Park,2.7,01-05-2023
16743,Chennai,Zone 02 D15 Manali,2.4,01-05-2023
16744,Chennai,Zone 13 Adyar,2.4,01-05-2023
16745,Chennai,Tondairpet,2,01-05-2023
16746,Chennai,Adyar,2,01-05-2023
16747,Chennai,Kodambakkam,1.8,01-05-2023
16748,Chennai,Zone 13 U39 Adyar,1.8,01-05-2023
16749,Chennai,Zone 08 Malar colony,0.9,01-05-2023
16750,Chennai,Thiruvottiyur,0.8,01-05-2023
16751,Chennai,Zone 06 T.V.K Nagar,0.6,01-05-2023
16752,Chennai,Zone 09 Teynampet,0.6,01-05-2023
16753,Chennai,Zone 10 Kodambakkam,0.6,01-05-2023
16754,Chennai,Madhavaram,0.4,01-05-2023
16755,Chennai,Teynampet,0.4,01-05-2023
16756,Chennai,Zone 03 Puzhal,0.3,01-05-2023
16757,Chennai,Manali,0.2,01-05-2023
16758,Chennai,Zone 02 D15 Manali,166.2,02-05-2023
16759,Chennai,Zone 01 Kathivakkam,162.9,02-05-2023
16760,Chennai,Zone 02 Manali,109.5,02-05-2023
16761,Chennai,Zone 15 Uthandi,93,02-05-2023
16762,Chennai,Zone 14 Perungudi,70.8,02-05-2023
16763,Chennai,CD Hospital Tondiarpet,65.7,02-05-2023
16764,Chennai,Ambattur,64.2,02-05-2023
16765,Chennai,Zone 14 U41 Perungudi,61.5,02-05-2023
16766,Chennai,Anna Nagar,59.8,02-05-2023
16767,Chennai,Madhavaram,58.2,02-05-2023
16768,Chennai,Zone 13 Adyar Eco Park,57.6,02-05-2023
16769,Chennai,Zone 04 Tondiarpet,53.7,02-05-2023
16770,Chennai,Zone 08 Anna Nagar,52.8,02-05-2023
16771,Chennai,Chennai collectorate building,52.1,02-05-2023
16772,Chennai,DGP Office,49.8,02-05-2023
16773,Chennai,Tondairpet,49.6,02-05-2023
16774,Chennai,Zone 15 Sholinganallur,49.5,02-05-2023
16775,Chennai,Perambur Corporation park,44.3,02-05-2023
16776,Chennai,Zone 12 Meenambakkam,43.5,02-05-2023
16777,Chennai,Perungudi,43.2,02-05-2023
16778,Chennai,Zone 13 U39 Adyar,43.2,02-05-2023
16779,Chennai,Royapuram,42.4,02-05-2023
16780,Chennai,Zone 08 Malar colony,41.7,02-05-2023
16781,Chennai,Sholinganallur,41.2,02-05-2023
16782,Chennai,Zone 01 Thiruvottiyur,41.1,02-05-2023
16783,Chennai,Teynampet,40.4,02-05-2023
16784,Chennai,Ayanavaram taluk office,38.4,02-05-2023
16785,Chennai,Alandur,38.2,02-05-2023
16786,Chennai,Kodambakkam,35,02-05-2023
16787,Chennai,Zone 13 Adyar,34.5,02-05-2023
16788,Chennai,Thiruvottiyur,32.6,02-05-2023
16789,Chennai,Anna university,32.4,02-05-2023
16790,Chennai,Chennai nungambakkam,32.1,02-05-2023
16791,Chennai,Adyar,30,02-05-2023
16792,Chennai,Zone 06 T.V.K Nagar,27,02-05-2023
16793,Chennai,Zone 11 Valasaravakkam,26.1,02-05-2023
16794,Chennai,Zone 12 Alandhur,26.1,02-05-2023
16795,Chennai,Zone 10 Kodambakkam,25.5,02-05-2023
16796,Chennai,Gov hr sec school MGR Nagar,24,02-05-2023
16797,Chennai,Zone 06 D65 Kolathur,22.5,02-05-2023
16798,Chennai,Zone 07 U18 D81 Vanagaram,18.6,02-05-2023
16799,Chennai,Ambathur,13,02-05-2023
16800,Chennai,Sholinganallur,12.2,02-05-2023
16801,Chennai,Puzhal,11.8,02-05-2023
16802,Chennai,Valasaravakkam,10,02-05-2023
16803,Chennai,Zone 03 Puzhal,9,02-05-2023
16804,Chennai,Manali,4.8,02-05-2023
16805,Chennai,Thiru-Vi-Ka Nagar,4.8,02-05-2023
16806,Chennai,Zone 11 U32 Maduravoyal,3.9,02-05-2023
16807,Chennai,Zone 01 Kathivakkam,22.5,03-05-2023
16808,Chennai,Zone 05 GCC,16.8,03-05-2023
16809,Chennai,DGP Office,12.2,03-05-2023
16810,Chennai,Chennai nungambakkam,11.3,03-05-2023
16811,Chennai,Chennai collectorate building,11.1,03-05-2023
16812,Chennai,Zone 06 T.V.K Nagar,6.6,03-05-2023
16813,Chennai,Teynampet,5.2,03-05-2023
16814,Chennai,Tondairpet,4.8,03-05-2023
16815,Chennai,CD Hospital Tondiarpet,4.5,03-05-2023
16816,Chennai,Perambur Corporation park,4.4,03-05-2023
16817,Chennai,Madhavaram,4.2,03-05-2023
16818,Chennai,Zone 04 Tondiarpet,3.9,03-05-2023
16819,Chennai,Ayanavaram taluk office,3.8,03-05-2023
16820,Chennai,Thiruvottiyur,3.2,03-05-2023
16821,Chennai,Royapuram,3.2,03-05-2023
16822,Chennai,Zone 01 Thiruvottiyur,3,03-05-2023
16823,Chennai,Zone 02 Manali,3,03-05-2023
16824,Chennai,Zone 03 Madhavaram,3,03-05-2023
16825,Chennai,Zone 03 Puzhal,3,03-05-2023
16826,Chennai,Zone 02 D15 Manali,2.4,03-05-2023
16827,Chennai,Zone 14 U41 Perungudi,2.4,03-05-2023
16828,Chennai,Puzhal,2.2,03-05-2023
16829,Chennai,Sholinganallur,2.1,03-05-2023
16830,Chennai,Zone 08 Anna Nagar,2.1,03-05-2023
16831,Chennai,Zone 08 Malar colony,2.1,03-05-2023
16832,Chennai,Valasaravakkam,1.8,03-05-2023
16833,Chennai,Manali,1.6,03-05-2023
16834,Chennai,Thiru-Vi-Ka Nagar,1.6,03-05-2023
16835,Chennai,Anna university,1.4,03-05-2023
16836,Chennai,Ambathur,1.2,03-05-2023
16837,Chennai,Zone 07 Ambattur,1.2,03-05-2023
16838,Chennai,Ambattur,0.8,03-05-2023
16839,Chennai,Zone 06 D65 Kolathur,0.3,03-05-2023
16840,Chennai,Zone 09 Teynampet,0.3,03-05-2023
16841,Chennai,Zone 11 U32 Maduravoyal,0.3,03-05-2023
16842,Chennai,Zone 11 Valasaravakkam,0.3,03-05-2023
16843,Chennai,Zone 13 U39 Adyar,0.3,03-05-2023
16844,Chennai,Zone 15 Sholinganallur,0.3,03-05-2023
16845,Chennai,Gov hr sec school MGR Nagar,0.2,03-05-2023
16846,Chennai,Kodambakkam,0.2,03-05-2023
16847,Chennai,Adyar,0.2,03-05-2023
16848,Chennai,Alandur,0.1,03-05-2023
16849,Chennai,Zone 14 U41 Perungudi,1.8,04-05-2023
16850,Chennai,Thiru-Vi-Ka Nagar,1.4,04-05-2023
16851,Chennai,Manali,0.8,04-05-2023
16852,Chennai,Madhavaram,0.4,04-05-2023
16853,Chennai,Zone 03 Puzhal,0.3,04-05-2023
16854,Chennai,Zone 13 Adyar Eco Park,0.3,04-05-2023
16855,Chennai,Tondairpet,0.2,04-05-2023
16856,Chennai,Royapuram,0.2,04-05-2023
16857,Chennai,Teynampet,0.2,04-05-2023
16858,Chennai,Zone 02 D15 Manali,19.5,06-05-2023
16859,Chennai,Ambattur,7.8,06-05-2023
16860,Chennai,Zone 07 U18 D81 Vanagaram,4.2,06-05-2023
16861,Chennai,Ambathur,3,06-05-2023
16862,Chennai,Chennai collectorate building,2.1,06-05-2023
16863,Chennai,Zone 07 Ambattur,2.1,06-05-2023
16864,Chennai,Zone 15 Uthandi,1.2,06-05-2023
16865,Chennai,Sholinganallur,1,06-05-2023
16866,Chennai,Gov hr sec school MGR Nagar,0.8,06-05-2023
16867,Chennai,Alandur,0.6,06-05-2023
16868,Chennai,Anna university,0.4,06-05-2023
16869,Chennai,Zone 08 Malar colony,0.3,06-05-2023
16870,Chennai,Zone 15 Sholinganallur,0.3,06-05-2023
16871,Chennai,Zone 05 Royapuram,1.35,07-05-2023
16872,Chennai,Anna university,0.4,07-05-2023
16873,Chennai,Sholinganallur,0.2,07-05-2023
16874,Chennai,Teynampet,0.2,08-05-2023
16875,Chennai,Royapuram,0.2,09-05-2023
16876,Chennai,Ambathur,5.3,26-05-2023
16877,Chennai,Zone 07 Ambattur,4.5,26-05-2023
16878,Chennai,Zone 07 U18 D81 Vanagaram,0.3,26-05-2023
16879,Chennai,Zone 04 Tondiarpet,0.9,30-05-2023
16880,Chennai,Ambattur,1.2,31-05-2023
16881,Chennai,Zone 11 Valasaravakkam,1.2,31-05-2023
16882,Chennai,Manali,0.6,31-05-2023
16883,Chennai,Zone 13 Adyar Eco Park,0.6,31-05-2023
16884,Chennai,Zone 01 Kathivakkam,0.3,31-05-2023
16885,Chennai,Zone 06 D65 Kolathur,0.3,31-05-2023
16886,Chennai,Zone 08 Malar colony,0.3,31-05-2023
16887,Chennai,Zone 12 D156 Mugalivakkam,0.3,31-05-2023
16888,Chennai,Anna Nagar,0.2,31-05-2023
16889,Chennai,Teynampet,0.2,31-05-2023
16890,Chennai,Valasaravakkam,0.2,31-05-2023
16891,Chennai,Valasaravakkam,0.8,01-06-2023
16892,Chennai,Valasaravakkam,0.2,02-06-2023
16893,Chennai,Zone 12 Alandhur,9,06-06-2023
16894,Chennai,Zone 13 Adyar,6,06-06-2023
16895,Chennai,Gov hr sec school MGR Nagar,4,06-06-2023
16896,Chennai,Zone 11 Valasaravakkam,3.3,06-06-2023
16897,Chennai,Zone 14 Perungudi,3.3,06-06-2023
16898,Chennai,Zone 12 D156 Mugalivakkam,3,06-06-2023
16899,Chennai,Alandur,2.6,06-06-2023
16900,Chennai,Ambathur,2.1,06-06-2023
16901,Chennai,Zone 07 Ambattur,2.1,06-06-2023
16902,Chennai,Zone 10 Kodambakkam,2.1,06-06-2023
16903,Chennai,Ayanavaram taluk office,1.3,06-06-2023
16904,Chennai,Anna university,1.2,06-06-2023
16905,Chennai,Zone 07 U18 D81 Vanagaram,1.2,06-06-2023
16906,Chennai,Zone 14 U41 Perungudi,1.2,06-06-2023
16907,Chennai,Zone 13 U39 Adyar,0.9,06-06-2023
16908,Chennai,Zone 08 Anna Nagar,0.6,06-06-2023
16909,Chennai,Zone 08 Malar colony,0.3,06-06-2023
16910,Chennai,Zone 15 Sholinganallur,0.3,06-06-2023
16911,Chennai,Ayanavaram taluk office,22.4,07-06-2023
16912,Chennai,Zone 06 T.V.K Nagar,14.1,07-06-2023
16913,Chennai,Zone 05 GCC,13.2,07-06-2023
16914,Chennai,Zone 08 Anna Nagar,12.6,07-06-2023
16915,Chennai,Zone 08 Malar colony,10.8,07-06-2023
16916,Chennai,Chennai nungambakkam,10.6,07-06-2023
16917,Chennai,Perambur Corporation park,8.4,07-06-2023
16918,Chennai,Zone 11 Valasaravakkam,6.9,07-06-2023
16919,Chennai,Zone 14 U41 Perungudi,6,07-06-2023
16920,Chennai,Zone 12 Alandhur,5.4,07-06-2023
16921,Chennai,Zone 13 U39 Adyar,4.8,07-06-2023
16922,Chennai,Zone 06 D65 Kolathur,4.5,07-06-2023
16923,Chennai,Zone 12 D156 Mugalivakkam,4.2,07-06-2023
16924,Chennai,Zone 13 Adyar,3.9,07-06-2023
16925,Chennai,Zone 03 Puzhal,3.3,07-06-2023
16926,Chennai,Anna university,2.8,07-06-2023
16927,Chennai,Zone 13 Adyar Eco Park,2.7,07-06-2023
16928,Chennai,Gov hr sec school MGR Nagar,2,07-06-2023
16929,Chennai,Zone 10 Kodambakkam,1.8,07-06-2023
16930,Chennai,Alandur,1.6,07-06-2023
16931,Chennai,DGP Office,1.2,07-06-2023
16932,Chennai,Ambathur,1.2,07-06-2023
16933,Chennai,Zone 14 Perungudi,1.2,07-06-2023
16934,Chennai,Sholinganallur,1,07-06-2023
16935,Chennai,Zone 09 Ice House,180.9,08-06-2023
16936,Chennai,Valasaravakkam,0.6,08-06-2023
16937,Chennai,Perungudi,0.6,08-06-2023
16938,Chennai,Zone 14 U41 Perungudi,0.3,08-06-2023
16939,Chennai,Teynampet,0.2,08-06-2023
16940,Chennai,Perungudi,0.6,09-06-2023
16941,Chennai,Valasaravakkam,0.2,09-06-2023
16942,Chennai,Ambattur,7.8,10-06-2023
16943,Chennai,Zone 07 Ambattur,2.1,10-06-2023
16944,Chennai,Anna Nagar,1.8,10-06-2023
16945,Chennai,Zone 08 Malar colony,1.5,10-06-2023
16946,Chennai,Zone 10 Kodambakkam,1.2,10-06-2023
16947,Chennai,Zone 07 U18 D81 Vanagaram,0.6,10-06-2023
16948,Chennai,Zone 11 Valasaravakkam,0.6,10-06-2023
16949,Chennai,Kodambakkam,0.2,10-06-2023
16950,Chennai,Valasaravakkam,0.2,10-06-2023
16951,Chennai,Zone 13 U39 Adyar,33.6,11-06-2023
16952,Chennai,Zone 12 Alandhur,25.5,11-06-2023
16953,Chennai,Zone 14 U41 Perungudi,19.8,11-06-2023
16954,Chennai,Alandur,13.6,11-06-2023
16955,Chennai,Zone 14 Perungudi,8.4,11-06-2023
16956,Chennai,Perungudi,7.2,11-06-2023
16957,Chennai,Zone 12 D156 Mugalivakkam,5.7,11-06-2023
16958,Chennai,Zone 11 Valasaravakkam,5.1,11-06-2023
16959,Chennai,Zone 15 Uthandi,4.5,11-06-2023
16960,Chennai,Zone 12 Meenambakkam,3.9,11-06-2023
16961,Chennai,Sholinganallur,2,11-06-2023
16962,Chennai,Adyar,1.8,11-06-2023
16963,Chennai,Zone 15 Sholinganallur,1.5,11-06-2023
16964,Chennai,Sholinganallur,0.8,11-06-2023
16965,Chennai,Gov hr sec school MGR Nagar,0.4,11-06-2023
16966,Chennai,Valasaravakkam,0.4,11-06-2023
16967,Chennai,Zone 07 Ambattur,0.3,11-06-2023
16968,Chennai,Zone 07 U18 D81 Vanagaram,0.3,11-06-2023
16969,Chennai,Anna university,0.2,11-06-2023
16970,Chennai,Anna Nagar,0.2,11-06-2023
16971,Chennai,Zone 05 Royapuram,39.15,12-06-2023
16972,Chennai,Zone 01 Thiruvottiyur,33.3,12-06-2023
16973,Chennai,Zone 02 Manali,21.6,12-06-2023
16974,Chennai,Zone 06 T.V.K Nagar,18.3,12-06-2023
16975,Chennai,Zone 05 GCC,18,12-06-2023
16976,Chennai,Perambur Corporation park,17.2,12-06-2023
16977,Chennai,Zone 06 D65 Kolathur,16.5,12-06-2023
16978,Chennai,CD Hospital Tondiarpet,16.3,12-06-2023
16979,Chennai,Zone 08 Malar colony,15,12-06-2023
16980,Chennai,Chennai collectorate building,14.2,12-06-2023
16981,Chennai,Zone 04 Tondiarpet,11.7,12-06-2023
16982,Chennai,Ayanavaram taluk office,10.3,12-06-2023
16983,Chennai,Zone 15 Uthandi,10.2,12-06-2023
16984,Chennai,Zone 07 U18 D81 Vanagaram,9.6,12-06-2023
16985,Chennai,Zone 07 Ambattur,8.4,12-06-2023
16986,Chennai,Zone 08 Anna Nagar,8.1,12-06-2023
16987,Chennai,Chennai nungambakkam,7.3,12-06-2023
16988,Chennai,Ambathur,5.1,12-06-2023
16989,Chennai,Anna Nagar,4.6,12-06-2023
16990,Chennai,Gov hr sec school MGR Nagar,4,12-06-2023
16991,Chennai,Zone 12 D156 Mugalivakkam,3.6,12-06-2023
16992,Chennai,Zone 15 Sholinganallur,3.6,12-06-2023
16993,Chennai,Anna university,2.8,12-06-2023
16994,Chennai,Zone 10 Kodambakkam,2.7,12-06-2023
16995,Chennai,Madhavaram,2.4,12-06-2023
16996,Chennai,Zone 02 D15 Manali,2.4,12-06-2023
16997,Chennai,Alandur,2.2,12-06-2023
16998,Chennai,Zone 13 Adyar Eco Park,2.1,12-06-2023
16999,Chennai,Zone 14 Perungudi,1.8,12-06-2023
17000,Chennai,Royapuram,1.6,12-06-2023
17001,Chennai,DGP Office,1.5,12-06-2023
17002,Chennai,Zone 12 Meenambakkam,1.5,12-06-2023
17003,Chennai,Valasaravakkam,1.4,12-06-2023
17004,Chennai,Sholinganallur,1.2,12-06-2023
17005,Chennai,Zone 03 Puzhal,1.2,12-06-2023
17006,Chennai,Zone 11 Valasaravakkam,1.2,12-06-2023
17007,Chennai,Zone 12 Alandhur,1.2,12-06-2023
17008,Chennai,Manali,1,12-06-2023
17009,Chennai,Thiruvottiyur,0.8,12-06-2023
17010,Chennai,Thiru-Vi-Ka Nagar,0.4,12-06-2023
17011,Chennai,Sholinganallur,0.4,12-06-2023
17012,Chennai,Zone 13 Adyar,0.3,12-06-2023
17013,Chennai,Zone 13 U39 Adyar,0.3,12-06-2023
17014,Chennai,Zone 14 U41 Perungudi,0.3,12-06-2023
17015,Chennai,Tondairpet,0.2,12-06-2023
17016,Chennai,Teynampet,0.2,12-06-2023
17017,Chennai,Zone 05 Royapuram,39.15,13-06-2023
17018,Chennai,Zone 13 Adyar Eco Park,10.2,13-06-2023
17019,Chennai,Zone 14 Perungudi,7.2,13-06-2023
17020,Chennai,Alandur,3.2,13-06-2023
17021,Chennai,Zone 12 Meenambakkam,2.7,13-06-2023
17022,Chennai,Royapuram,1.8,13-06-2023
17023,Chennai,Zone 04 Tondiarpet,1.8,13-06-2023
17024,Chennai,Zone 01 Kathivakkam,1.5,13-06-2023
17025,Chennai,Zone 13 Adyar,1.5,13-06-2023
17026,Chennai,Zone 01 Thiruvottiyur,1.35,13-06-2023
17027,Chennai,Zone 12 D156 Mugalivakkam,1.2,13-06-2023
17028,Chennai,Valasaravakkam,0.8,13-06-2023
17029,Chennai,Sholinganallur,0.8,13-06-2023
17030,Chennai,Zone 05 GCC,0.6,13-06-2023
17031,Chennai,Zone 06 T.V.K Nagar,0.6,13-06-2023
17032,Chennai,Zone 12 Alandhur,0.6,13-06-2023
17033,Chennai,Thiruvottiyur,0.4,13-06-2023
17034,Chennai,Thiru-Vi-Ka Nagar,0.4,13-06-2023
17035,Chennai,Zone 11 Valasaravakkam,0.3,13-06-2023
17036,Chennai,Zone 13 U39 Adyar,0.3,13-06-2023
17037,Chennai,Zone 14 U41 Perungudi,0.3,13-06-2023
17038,Chennai,Zone 15 Sholinganallur,0.3,13-06-2023
17039,Chennai,Sholinganallur,0.2,13-06-2023
17040,Chennai,Tondairpet,0.2,13-06-2023
17041,Chennai,Zone 14 U41 Perungudi,6,14-06-2023
17042,Chennai,Zone 15 Sholinganallur,5.4,14-06-2023
17043,Chennai,Chennai collectorate building,5.3,14-06-2023
17044,Chennai,Zone 13 U39 Adyar,3,14-06-2023
17045,Chennai,Zone 15 Uthandi,2.7,14-06-2023
17046,Chennai,Perungudi,2.4,14-06-2023
17047,Chennai,CD Hospital Tondiarpet,2.1,14-06-2023
17048,Chennai,Sholinganallur,2,14-06-2023
17049,Chennai,Zone 12 Alandhur,1.5,14-06-2023
17050,Chennai,Sholinganallur,1.4,14-06-2023
17051,Chennai,Zone 05 Royapuram,0.9,14-06-2023
17052,Chennai,Royapuram,0.6,14-06-2023
17053,Chennai,Zone 04 Tondiarpet,0.45,14-06-2023
17054,Chennai,Thiru-Vi-Ka Nagar,0.4,14-06-2023
17055,Chennai,Teynampet,0.2,14-06-2023
17056,Chennai,Alandur,0.1,14-06-2023
17057,Chennai,Sholinganallur,1.2,15-06-2023
17058,Chennai,Zone 05 Royapuram,0.9,15-06-2023
17059,Chennai,Thiru-Vi-Ka Nagar,0.6,15-06-2023
17060,Chennai,Perungudi,0.4,15-06-2023
17061,Chennai,Royapuram,0.2,15-06-2023
17062,Chennai,Royapuram,0.2,16-06-2023
17063,Chennai,Zone 15 Sholinganallur,2.7,17-06-2023
17064,Chennai,Zone 12 Meenambakkam,2.4,17-06-2023
17065,Chennai,Zone 14 Perungudi,2.1,17-06-2023
17066,Chennai,Alandur,1.8,17-06-2023
17067,Chennai,Zone 15 Uthandi,1.5,17-06-2023
17068,Chennai,Sholinganallur,1,17-06-2023
17069,Chennai,Sholinganallur,0.6,17-06-2023
17070,Chennai,Zone 13 U39 Adyar,0.3,17-06-2023
17071,Chennai,Royapuram,0.2,17-06-2023
17072,Chennai,Zone 04 Tondiarpet,0.45,18-06-2023
17073,Chennai,Sholinganallur,0.2,18-06-2023
17074,Chennai,Sholinganallur,0.1,18-06-2023
17075,Chennai,Zone 14 Perungudi,165,19-06-2023
17076,Chennai,Zone 13 Adyar Eco Park,158.7,19-06-2023
17077,Chennai,Zone 12 Alandhur,156,19-06-2023
17078,Chennai,Adyar,143,19-06-2023
17079,Chennai,Alandur,137.6,19-06-2023
17080,Chennai,Zone 13 Adyar,136.5,19-06-2023
17081,Chennai,Zone 12 D156 Mugalivakkam,135,19-06-2023
17082,Chennai,Zone 13 U39 Adyar,124.8,19-06-2023
17083,Chennai,Zone 14 U41 Perungudi,118.2,19-06-2023
17084,Chennai,Zone 11 Valasaravakkam,113.4,19-06-2023
17085,Chennai,Zone 06 T.V.K Nagar,103.2,19-06-2023
17086,Chennai,Teynampet,102.6,19-06-2023
17087,Chennai,Zone 08 Anna Nagar,101.4,19-06-2023
17088,Chennai,Zone 11 U32 Maduravoyal,101.1,19-06-2023
17089,Chennai,Perungudi,101,19-06-2023
17090,Chennai,Anna university,96,19-06-2023
17091,Chennai,Ambattur,88.4,19-06-2023
17092,Chennai,DGP Office,88,19-06-2023
17093,Chennai,Anna Nagar,84.4,19-06-2023
17094,Chennai,Zone 08 Malar colony,83.7,19-06-2023
17095,Chennai,Gov hr sec school MGR Nagar,82.2,19-06-2023
17096,Chennai,Zone 10 Kodambakkam,78.9,19-06-2023
17097,Chennai,Zone 05 GCC,71.1,19-06-2023
17098,Chennai,Zone 15 Sholinganallur,70.2,19-06-2023
17099,Chennai,Chennai nungambakkam,67.4,19-06-2023
17100,Chennai,Sholinganallur,67.2,19-06-2023
17101,Chennai,Tondairpet,63.2,19-06-2023
17102,Chennai,Zone 15 Uthandi,61.8,19-06-2023
17103,Chennai,Zone 06 D65 Kolathur,59.4,19-06-2023
17104,Chennai,Ayanavaram taluk office,58.3,19-06-2023
17105,Chennai,Zone 07 Ambattur,57.9,19-06-2023
17106,Chennai,Chennai collectorate building,56.3,19-06-2023
17107,Chennai,Perambur Corporation park,53,19-06-2023
17108,Chennai,CD Hospital Tondiarpet,51.7,19-06-2023
17109,Chennai,Royapuram,51.4,19-06-2023
17110,Chennai,Zone 03 Madhavaram,46.5,19-06-2023
17111,Chennai,Ambathur,44.6,19-06-2023
17112,Chennai,Sholinganallur,42.4,19-06-2023
17113,Chennai,Zone 07 U18 D81 Vanagaram,41.1,19-06-2023
17114,Chennai,Madhavaram,40.8,19-06-2023
17115,Chennai,Puzhal,40.8,19-06-2023
17116,Chennai,Zone 02 Manali,35.7,19-06-2023
17117,Chennai,Thiruvottiyur,34.4,19-06-2023
17118,Chennai,Zone 01 Kathivakkam,33.3,19-06-2023
17119,Chennai,Zone 02 D15 Manali,29.7,19-06-2023
17120,Chennai,Manali,26.4,19-06-2023
17121,Chennai,Zone 12 Meenambakkam,20.7,19-06-2023
17122,Chennai,Zone 03 Puzhal,15.3,19-06-2023
17123,Chennai,Zone 05 Royapuram,8.55,19-06-2023
17124,Chennai,Zone 04 Tondiarpet,7.65,19-06-2023
17125,Chennai,Zone 01 Thiruvottiyur,7.2,19-06-2023
17126,Chennai,Kodambakkam,5.2,19-06-2023
17127,Chennai,Zone 09 Teynampet,1.2,19-06-2023
17128,Chennai,Zone 09 Ice House,109.35,20-06-2023
17129,Chennai,Zone 05 Royapuram,96.3,20-06-2023
17130,Chennai,Zone 13 Adyar Eco Park,90,20-06-2023
17131,Chennai,Zone 14 U41 Perungudi,87.3,20-06-2023
17132,Chennai,Zone 13 Adyar,74.4,20-06-2023
17133,Chennai,Ayanavaram taluk office,66.8,20-06-2023
17134,Chennai,Zone 01 Thiruvottiyur,65.25,20-06-2023
17135,Chennai,DGP Office,65,20-06-2023
17136,Chennai,Sholinganallur,64.3,20-06-2023
17137,Chennai,Zone 04 Tondiarpet,62.1,20-06-2023
17138,Chennai,Alandur,61.5,20-06-2023
17139,Chennai,Gov hr sec school MGR Nagar,61.4,20-06-2023
17140,Chennai,CD Hospital Tondiarpet,61.2,20-06-2023
17141,Chennai,Anna university,58.4,20-06-2023
17142,Chennai,Chennai nungambakkam,57.2,20-06-2023
17143,Chennai,Teynampet,57.2,20-06-2023
17144,Chennai,Zone 10 Kodambakkam,55.5,20-06-2023
17145,Chennai,Zone 02 Manali,54.9,20-06-2023
17146,Chennai,Chennai collectorate building,53.4,20-06-2023
17147,Chennai,Zone 14 Perungudi,53.4,20-06-2023
17148,Chennai,Zone 01 Kathivakkam,52.8,20-06-2023
17149,Chennai,Zone 15 Uthandi,51.9,20-06-2023
17150,Chennai,Royapuram,50.8,20-06-2023
17151,Chennai,Zone 02 D15 Manali,50.1,20-06-2023
17152,Chennai,Ambathur,49.3,20-06-2023
17153,Chennai,Zone 15 Sholinganallur,48.9,20-06-2023
17154,Chennai,Zone 13 U39 Adyar,45.9,20-06-2023
17155,Chennai,Kodambakkam,45.2,20-06-2023
17156,Chennai,Zone 11 Valasaravakkam,42.6,20-06-2023
17157,Chennai,Tondairpet,42.4,20-06-2023
17158,Chennai,Zone 12 Alandhur,42.3,20-06-2023
17159,Chennai,Zone 07 Ambattur,39.9,20-06-2023
17160,Chennai,Zone 06 D65 Kolathur,39.6,20-06-2023
17161,Chennai,Zone 11 U32 Maduravoyal,39.3,20-06-2023
17162,Chennai,Zone 03 Madhavaram,38.7,20-06-2023
17163,Chennai,Zone 08 Anna Nagar,38.7,20-06-2023
17164,Chennai,Zone 08 Malar colony,38.4,20-06-2023
17165,Chennai,Zone 12 D156 Mugalivakkam,37.5,20-06-2023
17166,Chennai,Sholinganallur,37,20-06-2023
17167,Chennai,Ambattur,35.6,20-06-2023
17168,Chennai,Zone 06 T.V.K Nagar,34.8,20-06-2023
17169,Chennai,Perungudi,34.6,20-06-2023
17170,Chennai,Thiruvottiyur,34,20-06-2023
17171,Chennai,Perambur Corporation park,33.4,20-06-2023
17172,Chennai,Manali,33,20-06-2023
17173,Chennai,Adyar,33,20-06-2023
17174,Chennai,Madhavaram,31,20-06-2023
17175,Chennai,Zone 05 GCC,28.8,20-06-2023
17176,Chennai,Zone 07 U18 D81 Vanagaram,24.9,20-06-2023
17177,Chennai,Puzhal,22.4,20-06-2023
17178,Chennai,Zone 12 Meenambakkam,21.3,20-06-2023
17179,Chennai,Anna Nagar,18,20-06-2023
17180,Chennai,Zone 03 Puzhal,10.5,20-06-2023
17181,Chennai,Zone 09 Teynampet,8.1,20-06-2023
17182,Chennai,Zone 09 Ice House,98.55,21-06-2023
17183,Chennai,Zone 01 Kathivakkam,51.3,21-06-2023
17184,Chennai,Zone 11 U32 Maduravoyal,18.3,21-06-2023
17185,Chennai,Zone 14 U41 Perungudi,16.5,21-06-2023
17186,Chennai,Puzhal,16,21-06-2023
17187,Chennai,Zone 05 GCC,15.9,21-06-2023
17188,Chennai,Zone 07 U18 D81 Vanagaram,14.7,21-06-2023
17189,Chennai,Zone 02 Manali,14.1,21-06-2023
17190,Chennai,Zone 06 D65 Kolathur,12.6,21-06-2023
17191,Chennai,Thiruvottiyur,11.8,21-06-2023
17192,Chennai,Zone 02 D15 Manali,11.4,21-06-2023
17193,Chennai,Zone 06 T.V.K Nagar,11.1,21-06-2023
17194,Chennai,DGP Office,8,21-06-2023
17195,Chennai,Zone 11 Valasaravakkam,7.5,21-06-2023
17196,Chennai,Zone 13 Adyar,7.5,21-06-2023
17197,Chennai,Zone 13 Adyar Eco Park,7.5,21-06-2023
17198,Chennai,Chennai collectorate building,7.3,21-06-2023
17199,Chennai,Zone 07 Ambattur,7.2,21-06-2023
17200,Chennai,CD Hospital Tondiarpet,6.8,21-06-2023
17201,Chennai,Manali,6.8,21-06-2023
17202,Chennai,Zone 03 Puzhal,6.6,21-06-2023
17203,Chennai,Perungudi,6.4,21-06-2023
17204,Chennai,Zone 15 Sholinganallur,5.7,21-06-2023
17205,Chennai,Zone 15 Uthandi,5.7,21-06-2023
17206,Chennai,Tondairpet,5.2,21-06-2023
17207,Chennai,Sholinganallur,5,21-06-2023
17208,Chennai,Zone 04 Tondiarpet,4.95,21-06-2023
17209,Chennai,Zone 14 Perungudi,4.8,21-06-2023
17210,Chennai,Zone 05 Royapuram,4.5,21-06-2023
17211,Chennai,Zone 13 U39 Adyar,4.5,21-06-2023
17212,Chennai,Madhavaram,4.4,21-06-2023
17213,Chennai,Zone 12 D156 Mugalivakkam,4.2,21-06-2023
17214,Chennai,Perambur Corporation park,4.1,21-06-2023
17215,Chennai,Teynampet,4,21-06-2023
17216,Chennai,Adyar,4,21-06-2023
17217,Chennai,Chennai nungambakkam,3.9,21-06-2023
17218,Chennai,Royapuram,3.8,21-06-2023
17219,Chennai,Sholinganallur,3.8,21-06-2023
17220,Chennai,Zone 08 Malar colony,3.6,21-06-2023
17221,Chennai,Ayanavaram taluk office,3.2,21-06-2023
17222,Chennai,Ambattur,2.8,21-06-2023
17223,Chennai,Zone 12 Alandhur,2.7,21-06-2023
17224,Chennai,Kodambakkam,2.4,21-06-2023
17225,Chennai,Zone 08 Anna Nagar,2.4,21-06-2023
17226,Chennai,Zone 10 Kodambakkam,2.4,21-06-2023
17227,Chennai,Gov hr sec school MGR Nagar,1.4,21-06-2023
17228,Chennai,Anna university,1.2,21-06-2023
17229,Chennai,Anna Nagar,1.2,21-06-2023
17230,Chennai,Ambathur,1,21-06-2023
17231,Chennai,Alandur,0.8,21-06-2023
17232,Chennai,Zone 12 Meenambakkam,0.6,21-06-2023
17233,Chennai,Zone 01 Kathivakkam,51.6,22-06-2023
17234,Chennai,Zone 01 Thiruvottiyur,23.4,22-06-2023
17235,Chennai,Zone 11 U32 Maduravoyal,18,22-06-2023
17236,Chennai,Zone 14 U41 Perungudi,16.2,22-06-2023
17237,Chennai,Zone 06 D65 Kolathur,12,22-06-2023
17238,Chennai,Zone 09 Ice House,11.7,22-06-2023
17239,Chennai,Zone 06 T.V.K Nagar,11.4,22-06-2023
17240,Chennai,Zone 05 GCC,10.5,22-06-2023
17241,Chennai,Zone 11 Valasaravakkam,9,22-06-2023
17242,Chennai,Zone 05 Royapuram,6.75,22-06-2023
17243,Chennai,Zone 03 Puzhal,6.6,22-06-2023
17244,Chennai,Zone 13 Adyar,5.7,22-06-2023
17245,Chennai,Zone 04 Tondiarpet,4.95,22-06-2023
17246,Chennai,Zone 13 U39 Adyar,4.5,22-06-2023
17247,Chennai,Zone 15 Sholinganallur,4.5,22-06-2023
17248,Chennai,Zone 13 Adyar Eco Park,4.2,22-06-2023
17249,Chennai,Zone 08 Malar colony,3.3,22-06-2023
17250,Chennai,Zone 08 Anna Nagar,2.4,22-06-2023
17251,Chennai,Zone 10 Kodambakkam,2.4,22-06-2023
17252,Chennai,Zone 12 Alandhur,1.2,22-06-2023
17253,Chennai,Zone 14 Perungudi,0.9,22-06-2023
17254,Chennai,Manali,0.8,22-06-2023
17255,Chennai,Madhavaram,0.8,22-06-2023
17256,Chennai,Anna Nagar,0.8,22-06-2023
17257,Chennai,Thiru-Vi-Ka Nagar,0.4,22-06-2023
17258,Chennai,Ambattur,0.4,22-06-2023
17259,Chennai,Teynampet,0.4,22-06-2023
17260,Chennai,Alandur,0.3,22-06-2023
17261,Chennai,Zone 12 D156 Mugalivakkam,0.3,22-06-2023
17262,Chennai,Zone 12 Meenambakkam,0.3,22-06-2023
17263,Chennai,Thiruvottiyur,0.2,22-06-2023
17264,Chennai,Royapuram,0.2,22-06-2023
17265,Chennai,Zone 05 Royapuram,55.8,23-06-2023
17266,Chennai,Zone 08 Anna Nagar,54,23-06-2023
17267,Chennai,Zone 06 T.V.K Nagar,46.8,23-06-2023
17268,Chennai,Ayanavaram taluk office,41.3,23-06-2023
17269,Chennai,Zone 05 GCC,40.2,23-06-2023
17270,Chennai,Chennai nungambakkam,37.2,23-06-2023
17271,Chennai,Zone 06 D65 Kolathur,37.2,23-06-2023
17272,Chennai,Perambur Corporation park,34.4,23-06-2023
17273,Chennai,DGP Office,34,23-06-2023
17274,Chennai,Ambattur,32.2,23-06-2023
17275,Chennai,Kodambakkam,31.6,23-06-2023
17276,Chennai,Chennai collectorate building,31.2,23-06-2023
17277,Chennai,Royapuram,30.8,23-06-2023
17278,Chennai,Ambathur,30.2,23-06-2023
17279,Chennai,CD Hospital Tondiarpet,29.8,23-06-2023
17280,Chennai,Zone 07 U18 D81 Vanagaram,27.9,23-06-2023
17281,Chennai,Teynampet,26,23-06-2023
17282,Chennai,Zone 08 Malar colony,25.2,23-06-2023
17283,Chennai,Zone 10 Kodambakkam,24.6,23-06-2023
17284,Chennai,Zone 13 Adyar,22.5,23-06-2023
17285,Chennai,Anna Nagar,22.2,23-06-2023
17286,Chennai,Zone 13 Adyar Eco Park,21.6,23-06-2023
17287,Chennai,Zone 07 Ambattur,21,23-06-2023
17288,Chennai,Tondairpet,19,23-06-2023
17289,Chennai,Puzhal,16.4,23-06-2023
17290,Chennai,Zone 04 Tondiarpet,16.2,23-06-2023
17291,Chennai,Anna university,13.4,23-06-2023
17292,Chennai,Madhavaram,6.2,23-06-2023
17293,Chennai,Zone 02 Manali,3.6,23-06-2023
17294,Chennai,Zone 03 Puzhal,3.6,23-06-2023
17295,Chennai,Zone 11 U32 Maduravoyal,3.6,23-06-2023
17296,Chennai,Zone 01 Thiruvottiyur,3.15,23-06-2023
17297,Chennai,Zone 14 U41 Perungudi,2.7,23-06-2023
17298,Chennai,Zone 09 Teynampet,2.1,23-06-2023
17299,Chennai,Zone 03 Madhavaram,1.8,23-06-2023
17300,Chennai,Zone 12 Alandhur,1.8,23-06-2023
17301,Chennai,Zone 02 D15 Manali,1.5,23-06-2023
17302,Chennai,Zone 11 Valasaravakkam,1.5,23-06-2023
17303,Chennai,Manali,1.4,23-06-2023
17304,Chennai,Gov hr sec school MGR Nagar,1.2,23-06-2023
17305,Chennai,Thiruvottiyur,1,23-06-2023
17306,Chennai,Thiru-Vi-Ka Nagar,0.4,23-06-2023
17307,Chennai,Zone 12 Meenambakkam,0.3,23-06-2023
17308,Chennai,Zone 13 U39 Adyar,0.3,23-06-2023
17309,Chennai,Zone 02 Manali,38.7,24-06-2023
17310,Chennai,Zone 01 Thiruvottiyur,35.55,24-06-2023
17311,Chennai,Zone 06 D65 Kolathur,20.7,24-06-2023
17312,Chennai,Zone 07 U18 D81 Vanagaram,19.2,24-06-2023
17313,Chennai,DGP Office,16.2,24-06-2023
17314,Chennai,Royapuram,16.2,24-06-2023
17315,Chennai,Zone 10 Kodambakkam,16.2,24-06-2023
17316,Chennai,Thiruvottiyur,15.6,24-06-2023
17317,Chennai,Zone 07 Ambattur,15.3,24-06-2023
17318,Chennai,Chennai collectorate building,15,24-06-2023
17319,Chennai,Zone 06 T.V.K Nagar,15,24-06-2023
17320,Chennai,Zone 01 Kathivakkam,13.2,24-06-2023
17321,Chennai,Manali,13,24-06-2023
17322,Chennai,Zone 08 Malar colony,12.9,24-06-2023
17323,Chennai,Zone 13 Adyar Eco Park,12.6,24-06-2023
17324,Chennai,Zone 03 Madhavaram,11.1,24-06-2023
17325,Chennai,Perambur Corporation park,10.2,24-06-2023
17326,Chennai,Ambattur,10.2,24-06-2023
17327,Chennai,Zone 05 GCC,10.2,24-06-2023
17328,Chennai,Chennai nungambakkam,10,24-06-2023
17329,Chennai,CD Hospital Tondiarpet,9.4,24-06-2023
17330,Chennai,Zone 12 D156 Mugalivakkam,8.7,24-06-2023
17331,Chennai,Zone 08 Anna Nagar,7.5,24-06-2023
17332,Chennai,Thiru-Vi-Ka Nagar,7.4,24-06-2023
17333,Chennai,Teynampet,7.2,24-06-2023
17334,Chennai,Zone 03 Puzhal,7.2,24-06-2023
17335,Chennai,Zone 11 U32 Maduravoyal,6,24-06-2023
17336,Chennai,Zone 13 U39 Adyar,5.4,24-06-2023
17337,Chennai,Kodambakkam,5,24-06-2023
17338,Chennai,Adyar,4.2,24-06-2023
17339,Chennai,Zone 14 Perungudi,4.2,24-06-2023
17340,Chennai,Zone 13 Adyar,3.9,24-06-2023
17341,Chennai,Zone 02 D15 Manali,3.3,24-06-2023
17342,Chennai,Ambathur,3.2,24-06-2023
17343,Chennai,Valasaravakkam,2.6,24-06-2023
17344,Chennai,Sholinganallur,2.4,24-06-2023
17345,Chennai,Ayanavaram taluk office,2.3,24-06-2023
17346,Chennai,Zone 11 Valasaravakkam,2.1,24-06-2023
17347,Chennai,Perungudi,2,24-06-2023
17348,Chennai,Gov hr sec school MGR Nagar,1.8,24-06-2023
17349,Chennai,Zone 12 Alandhur,1.8,24-06-2023
17350,Chennai,Zone 14 U41 Perungudi,1.8,24-06-2023
17351,Chennai,Alandur,0.6,24-06-2023
17352,Chennai,Sholinganallur,0.4,24-06-2023
17353,Chennai,Zone 12 Meenambakkam,0.3,24-06-2023
17354,Chennai,Anna Nagar,0.2,24-06-2023
17355,Chennai,Zone 09 Ice House,12.6,25-06-2023
17356,Chennai,Zone 07 Ambattur,0.3,25-06-2023
17357,Chennai,Zone 13 Adyar Eco Park,0.3,25-06-2023
17358,Chennai,Zone 02 Manali,8.1,29-06-2023
17359,Chennai,Puzhal,7.4,29-06-2023
17360,Chennai,Zone 06 T.V.K Nagar,4.5,29-06-2023
17361,Chennai,Zone 05 Royapuram,4.05,29-06-2023
17362,Chennai,Thiru-Vi-Ka Nagar,4,29-06-2023
17363,Chennai,Madhavaram,3.6,29-06-2023
17364,Chennai,Zone 06 D65 Kolathur,3.6,29-06-2023
17365,Chennai,Thiruvottiyur,3.2,29-06-2023
17366,Chennai,Zone 03 Puzhal,3,29-06-2023
17367,Chennai,Manali,2.6,29-06-2023
17368,Chennai,Chennai collectorate building,2.1,29-06-2023
17369,Chennai,Royapuram,2,29-06-2023
17370,Chennai,Zone 07 U18 D81 Vanagaram,1.8,29-06-2023
17371,Chennai,Zone 01 Kathivakkam,1.5,29-06-2023
17372,Chennai,Tondairpet,1.2,29-06-2023
17373,Chennai,Zone 12 D156 Mugalivakkam,1.2,29-06-2023
17374,Chennai,Zone 02 D15 Manali,0.9,29-06-2023
17375,Chennai,Zone 12 Alandhur,0.6,29-06-2023
17376,Chennai,Zone 04 Tondiarpet,0.45,29-06-2023
17377,Chennai,Sholinganallur,0.4,29-06-2023
17378,Chennai,Anna university,0.3,29-06-2023
17379,Chennai,Zone 14 U41 Perungudi,0.3,29-06-2023
17380,Chennai,Gov hr sec school MGR Nagar,0.2,29-06-2023
17381,Chennai,Alandur,0.2,29-06-2023
17382,Chennai,Zone 15 Sholinganallur,62.7,30-06-2023
17383,Chennai,Zone 15 Uthandi,55.5,30-06-2023
17384,Chennai,Zone 14 U41 Perungudi,19.2,30-06-2023
17385,Chennai,Zone 13 Adyar,14.7,30-06-2023
17386,Chennai,Zone 01 Thiruvottiyur,12.15,30-06-2023
17387,Chennai,Zone 14 Perungudi,5.1,30-06-2023
17388,Chennai,Sholinganallur,5,30-06-2023
17389,Chennai,Zone 13 Adyar Eco Park,4.8,30-06-2023
17390,Chennai,Zone 13 U39 Adyar,4.8,30-06-2023
17391,Chennai,Zone 05 Royapuram,4.05,30-06-2023
17392,Chennai,Chennai collectorate building,3.2,30-06-2023
17393,Chennai,Perambur Corporation park,2.4,30-06-2023
17394,Chennai,Zone 02 D15 Manali,1.5,30-06-2023
17395,Chennai,Ambathur,1.4,30-06-2023
17396,Chennai,CD Hospital Tondiarpet,1.2,30-06-2023
17397,Chennai,Zone 12 Meenambakkam,1.2,30-06-2023
17398,Chennai,Alandur,1,30-06-2023
17399,Chennai,Zone 12 Alandhur,0.9,30-06-2023
17400,Chennai,Zone 12 D156 Mugalivakkam,0.9,30-06-2023
17401,Chennai,Ayanavaram taluk office,0.6,30-06-2023
17402,Chennai,Zone 01 Kathivakkam,0.6,30-06-2023
17403,Chennai,Zone 06 T.V.K Nagar,0.6,30-06-2023
17404,Chennai,Zone 04 Tondiarpet,0.45,30-06-2023
17405,Chennai,Anna university,0.4,30-06-2023
17406,Chennai,Sholinganallur,0.4,30-06-2023
17407,Chennai,Zone 02 Manali,0.3,30-06-2023
17408,Chennai,Gov hr sec school MGR Nagar,0.2,30-06-2023
17409,Chennai,Adyar,0.2,30-06-2023
17410,Chennai,Zone 14 Perungudi,2.1,01-07-2023
17411,Chennai,Zone 06 D65 Kolathur,0.3,01-07-2023
17412,Chennai,Zone 12 Meenambakkam,0.3,01-07-2023
17413,Chennai,Sholinganallur,0.2,01-07-2023
17414,Chennai,Manali,0.2,01-07-2023
17415,Chennai,Madhavaram,0.2,01-07-2023
17416,Chennai,Zone 01 Thiruvottiyur,3.6,02-07-2023
17417,Chennai,Puzhal,1.6,02-07-2023
17418,Chennai,Zone 03 Puzhal,1.5,02-07-2023
17419,Chennai,Zone 06 D65 Kolathur,1.2,02-07-2023
17420,Chennai,Zone 06 T.V.K Nagar,0.3,02-07-2023
17421,Chennai,Zone 07 U18 D81 Vanagaram,0.3,02-07-2023
17422,Chennai,Zone 08 Malar colony,0.3,02-07-2023
17423,Chennai,Zone 13 Adyar,8.1,03-07-2023
17424,Chennai,Zone 13 Adyar Eco Park,7.2,03-07-2023
17425,Chennai,Adyar,7,03-07-2023
17426,Chennai,Zone 15 Uthandi,6.3,03-07-2023
17427,Chennai,Zone 15 Sholinganallur,5.7,03-07-2023
17428,Chennai,Zone 14 Perungudi,4.8,03-07-2023
17429,Chennai,Zone 14 U41 Perungudi,4.8,03-07-2023
17430,Chennai,Zone 07 U18 D81 Vanagaram,4.5,03-07-2023
17431,Chennai,Perungudi,4.2,03-07-2023
17432,Chennai,Zone 01 Kathivakkam,3.9,03-07-2023
17433,Chennai,Teynampet,3.8,03-07-2023
17434,Chennai,Zone 01 Thiruvottiyur,3.6,03-07-2023
17435,Chennai,Sholinganallur,3.2,03-07-2023
17436,Chennai,Sholinganallur,3.2,03-07-2023
17437,Chennai,Alandur,2.9,03-07-2023
17438,Chennai,Zone 07 Ambattur,2.7,03-07-2023
17439,Chennai,Zone 12 Meenambakkam,2.7,03-07-2023
17440,Chennai,Chennai collectorate building,2.2,03-07-2023
17441,Chennai,Zone 12 D156 Mugalivakkam,2.1,03-07-2023
17442,Chennai,Ambattur,2,03-07-2023
17443,Chennai,DGP Office,1.9,03-07-2023
17444,Chennai,CD Hospital Tondiarpet,1.8,03-07-2023
17445,Chennai,Ambathur,1.8,03-07-2023
17446,Chennai,Puzhal,1.8,03-07-2023
17447,Chennai,Zone 05 Royapuram,1.8,03-07-2023
17448,Chennai,Zone 06 T.V.K Nagar,1.8,03-07-2023
17449,Chennai,Zone 13 U39 Adyar,1.8,03-07-2023
17450,Chennai,Chennai nungambakkam,1.5,03-07-2023
17451,Chennai,Zone 08 Anna Nagar,1.5,03-07-2023
17452,Chennai,Ayanavaram taluk office,1.4,03-07-2023
17453,Chennai,Anna university,1.2,03-07-2023
17454,Chennai,Perambur Corporation park,1.2,03-07-2023
17455,Chennai,Valasaravakkam,1.2,03-07-2023
17456,Chennai,Zone 02 D15 Manali,1.2,03-07-2023
17457,Chennai,Zone 05 GCC,1.2,03-07-2023
17458,Chennai,Zone 06 D65 Kolathur,1.2,03-07-2023
17459,Chennai,Zone 08 Malar colony,1.2,03-07-2023
17460,Chennai,Thiruvottiyur,1,03-07-2023
17461,Chennai,Madhavaram,1,03-07-2023
17462,Chennai,Royapuram,1,03-07-2023
17463,Chennai,Anna Nagar,1,03-07-2023
17464,Chennai,Zone 03 Puzhal,0.9,03-07-2023
17465,Chennai,Zone 10 Kodambakkam,0.9,03-07-2023
17466,Chennai,Gov hr sec school MGR Nagar,0.8,03-07-2023
17467,Chennai,Kodambakkam,0.6,03-07-2023
17468,Chennai,Zone 02 Manali,0.6,03-07-2023
17469,Chennai,Zone 12 Alandhur,0.6,03-07-2023
17470,Chennai,Tondairpet,0.4,03-07-2023
17471,Chennai,Zone 03 Madhavaram,0.3,03-07-2023
17472,Chennai,Zone 11 Valasaravakkam,0.3,03-07-2023
17473,Chennai,Manali,0.2,03-07-2023
17474,Chennai,Thiru-Vi-Ka Nagar,0.2,03-07-2023
17475,Chennai,DGP Office,6.4,04-07-2023
17476,Chennai,Zone 01 Thiruvottiyur,3.15,04-07-2023
17477,Chennai,Zone 04 Tondiarpet,2.7,04-07-2023
17478,Chennai,Zone 05 Royapuram,2.25,04-07-2023
17479,Chennai,Zone 13 Adyar,0.9,04-07-2023
17480,Chennai,Thiruvottiyur,0.8,04-07-2023
17481,Chennai,Royapuram,0.6,04-07-2023
17482,Chennai,Zone 01 Kathivakkam,0.6,04-07-2023
17483,Chennai,Zone 02 D15 Manali,0.6,04-07-2023
17484,Chennai,Zone 02 Manali,0.6,04-07-2023
17485,Chennai,Zone 05 GCC,0.6,04-07-2023
17486,Chennai,Madhavaram,0.4,04-07-2023
17487,Chennai,Zone 06 T.V.K Nagar,0.3,04-07-2023
17488,Chennai,Zone 12 D156 Mugalivakkam,0.3,04-07-2023
17489,Chennai,Zone 13 Adyar Eco Park,0.3,04-07-2023
17490,Chennai,Zone 14 U41 Perungudi,0.3,04-07-2023
17491,Chennai,Zone 15 Uthandi,0.3,04-07-2023
17492,Chennai,Gov hr sec school MGR Nagar,0.2,04-07-2023
17493,Chennai,Alandur,0.2,04-07-2023
17494,Chennai,Sholinganallur,0.1,04-07-2023
17495,Chennai,Zone 03 Puzhal,0.6,05-07-2023
17496,Chennai,Puzhal,0.4,05-07-2023
17497,Chennai,Zone 07 U18 D81 Vanagaram,0.3,05-07-2023
17498,Chennai,Thiruvottiyur,0.2,05-07-2023
17499,Chennai,Zone 09 Ice House,0.45,07-07-2023
17500,Chennai,Zone 03 Madhavaram,1.5,08-07-2023
17501,Chennai,Zone 15 Sholinganallur,2.4,09-07-2023
17502,Chennai,Zone 15 Uthandi,0.3,09-07-2023
17503,Chennai,Zone 01 Thiruvottiyur,41.4,10-07-2023
17504,Chennai,Zone 15 Uthandi,40.2,10-07-2023
17505,Chennai,Zone 13 Adyar Eco Park,35.4,10-07-2023
17506,Chennai,Zone 13 Adyar,34.5,10-07-2023
17507,Chennai,Zone 12 Meenambakkam,33.9,10-07-2023
17508,Chennai,Zone 10 Kodambakkam,33.6,10-07-2023
17509,Chennai,Zone 13 U39 Adyar,31.2,10-07-2023
17510,Chennai,Zone 02 D15 Manali,30.9,10-07-2023
17511,Chennai,Zone 15 Sholinganallur,30.3,10-07-2023
17512,Chennai,Alandur,30.2,10-07-2023
17513,Chennai,Zone 12 Alandhur,26.1,10-07-2023
17514,Chennai,Zone 14 Perungudi,25.2,10-07-2023
17515,Chennai,Zone 02 Manali,23.1,10-07-2023
17516,Chennai,Zone 14 U41 Perungudi,22.8,10-07-2023
17517,Chennai,Zone 05 Royapuram,21.15,10-07-2023
17518,Chennai,CD Hospital Tondiarpet,20.3,10-07-2023
17519,Chennai,Zone 09 Ice House,20.25,10-07-2023
17520,Chennai,Zone 05 GCC,14.4,10-07-2023
17521,Chennai,Zone 06 D65 Kolathur,14.4,10-07-2023
17522,Chennai,Chennai collectorate building,14.2,10-07-2023
17523,Chennai,Zone 11 U32 Maduravoyal,13.5,10-07-2023
17524,Chennai,Zone 04 Tondiarpet,13.05,10-07-2023
17525,Chennai,Zone 12 D156 Mugalivakkam,12.9,10-07-2023
17526,Chennai,Zone 08 Malar colony,12.6,10-07-2023
17527,Chennai,Chennai nungambakkam,12,10-07-2023
17528,Chennai,Zone 11 Valasaravakkam,11.4,10-07-2023
17529,Chennai,Gov hr sec school MGR Nagar,10.8,10-07-2023
17530,Chennai,DGP Office,8.6,10-07-2023
17531,Chennai,Zone 07 Ambattur,8.1,10-07-2023
17532,Chennai,Zone 06 T.V.K Nagar,7.5,10-07-2023
17533,Chennai,Zone 07 U18 D81 Vanagaram,7.5,10-07-2023
17534,Chennai,Sholinganallur,6.5,10-07-2023
17535,Chennai,Ayanavaram taluk office,6.2,10-07-2023
17536,Chennai,Perambur Corporation park,5.4,10-07-2023
17537,Chennai,Ambathur,4.2,10-07-2023
17538,Chennai,Anna university,3.6,10-07-2023
17539,Chennai,Zone 08 Anna Nagar,0.6,10-07-2023
17540,Chennai,Zone 03 Puzhal,0.3,10-07-2023
17541,Chennai,Zone 05 Royapuram,21.15,11-07-2023
17542,Chennai,Zone 15 Uthandi,12.9,11-07-2023
17543,Chennai,Zone 15 Sholinganallur,9,11-07-2023
17544,Chennai,Sholinganallur,7.3,11-07-2023
17545,Chennai,Zone 14 U41 Perungudi,3.6,11-07-2023
17546,Chennai,Chennai collectorate building,2.4,11-07-2023
17547,Chennai,Anna university,1,11-07-2023
17548,Chennai,Zone 13 Adyar Eco Park,0.6,11-07-2023
17549,Chennai,Zone 09 Ice House,0.45,11-07-2023
17550,Chennai,Zone 01 Kathivakkam,0.3,11-07-2023
17551,Chennai,Zone 13 Adyar,0.3,11-07-2023
17552,Chennai,Zone 13 U39 Adyar,0.3,11-07-2023
17553,Chennai,Alandur,0.2,11-07-2023
17554,Chennai,Alandur,0.5,12-07-2023
17555,Chennai,Zone 13 Adyar Eco Park,0.3,12-07-2023
17556,Chennai,Zone 15 Sholinganallur,64.8,13-07-2023
17557,Chennai,Zone 15 Uthandi,60,13-07-2023
17558,Chennai,Sholinganallur,52.8,13-07-2023
17559,Chennai,Zone 14 Perungudi,36.9,13-07-2023
17560,Chennai,Zone 14 U41 Perungudi,34.8,13-07-2023
17561,Chennai,Perungudi,29,13-07-2023
17562,Chennai,Anna university,24.6,13-07-2023
17563,Chennai,Sholinganallur,22.4,13-07-2023
17564,Chennai,Alandur,20.8,13-07-2023
17565,Chennai,Zone 12 Meenambakkam,20.1,13-07-2023
17566,Chennai,Zone 13 U39 Adyar,15.9,13-07-2023
17567,Chennai,Zone 13 Adyar Eco Park,15,13-07-2023
17568,Chennai,Adyar,14.2,13-07-2023
17569,Chennai,Zone 13 Adyar,14.1,13-07-2023
17570,Chennai,Zone 10 Kodambakkam,12,13-07-2023
17571,Chennai,Teynampet,10.2,13-07-2023
17572,Chennai,Kodambakkam,10.2,13-07-2023
17573,Chennai,Zone 08 Anna Nagar,9.9,13-07-2023
17574,Chennai,Zone 09 Ice House,9.45,13-07-2023
17575,Chennai,Zone 05 GCC,9.3,13-07-2023
17576,Chennai,Zone 12 D156 Mugalivakkam,8.4,13-07-2023
17577,Chennai,Chennai nungambakkam,8,13-07-2023
17578,Chennai,Zone 06 T.V.K Nagar,7.8,13-07-2023
17579,Chennai,Zone 06 D65 Kolathur,7.2,13-07-2023
17580,Chennai,Ambattur,6.8,13-07-2023
17581,Chennai,Anna Nagar,6.8,13-07-2023
17582,Chennai,Valasaravakkam,6.8,13-07-2023
17583,Chennai,Zone 07 Ambattur,6.6,13-07-2023
17584,Chennai,Zone 11 U32 Maduravoyal,6.6,13-07-2023
17585,Chennai,Gov hr sec school MGR Nagar,6.3,13-07-2023
17586,Chennai,Zone 02 Manali,6.3,13-07-2023
17587,Chennai,Zone 07 U18 D81 Vanagaram,6.3,13-07-2023
17588,Chennai,Zone 08 Malar colony,6.3,13-07-2023
17589,Chennai,Ayanavaram taluk office,6.2,13-07-2023
17590,Chennai,DGP Office,6.2,13-07-2023
17591,Chennai,Tondairpet,6.2,13-07-2023
17592,Chennai,CD Hospital Tondiarpet,5.7,13-07-2023
17593,Chennai,Thiru-Vi-Ka Nagar,5.6,13-07-2023
17594,Chennai,Zone 11 Valasaravakkam,5.4,13-07-2023
17595,Chennai,Perambur Corporation park,5.3,13-07-2023
17596,Chennai,Royapuram,5.2,13-07-2023
17597,Chennai,Chennai collectorate building,5.1,13-07-2023
17598,Chennai,Zone 02 D15 Manali,5.1,13-07-2023
17599,Chennai,Puzhal,4.2,13-07-2023
17600,Chennai,Zone 01 Kathivakkam,3.9,13-07-2023
17601,Chennai,Thiruvottiyur,3.6,13-07-2023
17602,Chennai,Madhavaram,3.6,13-07-2023
17603,Chennai,Ambathur,3.4,13-07-2023
17604,Chennai,Zone 01 Thiruvottiyur,2.7,13-07-2023
17605,Chennai,Zone 03 Puzhal,1.5,13-07-2023
17606,Chennai,Zone 12 Alandhur,0.3,13-07-2023
17607,Chennai,Zone 09 Ice House,11.7,14-07-2023
17608,Chennai,Chennai collectorate building,10.1,14-07-2023
17609,Chennai,Zone 02 D15 Manali,9.9,14-07-2023
17610,Chennai,Zone 05 GCC,9,14-07-2023
17611,Chennai,Zone 06 D65 Kolathur,9,14-07-2023
17612,Chennai,Zone 12 D156 Mugalivakkam,8.4,14-07-2023
17613,Chennai,DGP Office,8.2,14-07-2023
17614,Chennai,Zone 01 Kathivakkam,8.1,14-07-2023
17615,Chennai,Zone 13 Adyar,8.1,14-07-2023
17616,Chennai,Chennai nungambakkam,7.5,14-07-2023
17617,Chennai,Zone 11 U32 Maduravoyal,6.9,14-07-2023
17618,Chennai,Gov hr sec school MGR Nagar,6.8,14-07-2023
17619,Chennai,Zone 13 Adyar Eco Park,6.3,14-07-2023
17620,Chennai,Zone 10 Kodambakkam,5.7,14-07-2023
17621,Chennai,Zone 12 Meenambakkam,5.1,14-07-2023
17622,Chennai,Zone 07 Ambattur,4.8,14-07-2023
17623,Chennai,Zone 04 Tondiarpet,4.5,14-07-2023
17624,Chennai,Zone 05 Royapuram,4.5,14-07-2023
17625,Chennai,Zone 08 Anna Nagar,4.5,14-07-2023
17626,Chennai,Royapuram,4.4,14-07-2023
17627,Chennai,Alandur,4,14-07-2023
17628,Chennai,Zone 02 Manali,3.9,14-07-2023
17629,Chennai,Zone 01 Thiruvottiyur,3.15,14-07-2023
17630,Chennai,Zone 03 Puzhal,3,14-07-2023
17631,Chennai,Puzhal,2.8,14-07-2023
17632,Chennai,Ambathur,2.7,14-07-2023
17633,Chennai,Anna university,2.4,14-07-2023
17634,Chennai,Ayanavaram taluk office,2.4,14-07-2023
17635,Chennai,Zone 07 U18 D81 Vanagaram,2.4,14-07-2023
17636,Chennai,Zone 14 Perungudi,2.4,14-07-2023
17637,Chennai,CD Hospital Tondiarpet,2.3,14-07-2023
17638,Chennai,Perambur Corporation park,2.2,14-07-2023
17639,Chennai,Sholinganallur,2.1,14-07-2023
17640,Chennai,Zone 06 T.V.K Nagar,2.1,14-07-2023
17641,Chennai,Zone 11 Valasaravakkam,2.1,14-07-2023
17642,Chennai,Ambattur,2,14-07-2023
17643,Chennai,Teynampet,1.8,14-07-2023
17644,Chennai,Zone 08 Malar colony,1.5,14-07-2023
17645,Chennai,Zone 13 U39 Adyar,1.5,14-07-2023
17646,Chennai,Valasaravakkam,1.2,14-07-2023
17647,Chennai,Zone 14 U41 Perungudi,1.2,14-07-2023
17648,Chennai,Kodambakkam,1,14-07-2023
17649,Chennai,Adyar,1,14-07-2023
17650,Chennai,Anna Nagar,0.8,14-07-2023
17651,Chennai,Perungudi,0.8,14-07-2023
17652,Chennai,Manali,0.6,14-07-2023
17653,Chennai,Zone 12 Alandhur,0.6,14-07-2023
17654,Chennai,Zone 15 Sholinganallur,0.6,14-07-2023
17655,Chennai,Madhavaram,0.4,14-07-2023
17656,Chennai,Sholinganallur,0.4,14-07-2023
17657,Chennai,Zone 15 Uthandi,0.3,14-07-2023
17658,Chennai,Thiruvottiyur,0.2,14-07-2023
17659,Chennai,Thiru-Vi-Ka Nagar,0.2,14-07-2023
17660,Chennai,Zone 09 Ice House,9.45,15-07-2023
17661,Chennai,Zone 05 GCC,9,15-07-2023
17662,Chennai,Zone 06 D65 Kolathur,9,15-07-2023
17663,Chennai,Zone 02 D15 Manali,8.4,15-07-2023
17664,Chennai,Zone 12 D156 Mugalivakkam,8.1,15-07-2023
17665,Chennai,Zone 13 Adyar,8.1,15-07-2023
17666,Chennai,Zone 01 Kathivakkam,7.8,15-07-2023
17667,Chennai,Zone 10 Kodambakkam,5.7,15-07-2023
17668,Chennai,Zone 13 Adyar Eco Park,5.4,15-07-2023
17669,Chennai,Zone 12 Meenambakkam,4.8,15-07-2023
17670,Chennai,Zone 05 Royapuram,4.5,15-07-2023
17671,Chennai,Zone 07 Ambattur,4.2,15-07-2023
17672,Chennai,Zone 08 Anna Nagar,4.2,15-07-2023
17673,Chennai,Zone 02 Manali,3,15-07-2023
17674,Chennai,Zone 03 Puzhal,3,15-07-2023
17675,Chennai,Zone 14 Perungudi,2.4,15-07-2023
17676,Chennai,Zone 06 T.V.K Nagar,1.8,15-07-2023
17677,Chennai,Zone 07 U18 D81 Vanagaram,1.8,15-07-2023
17678,Chennai,Zone 11 Valasaravakkam,1.8,15-07-2023
17679,Chennai,Zone 08 Malar colony,1.5,15-07-2023
17680,Chennai,Zone 13 U39 Adyar,1.5,15-07-2023
17681,Chennai,Zone 14 U41 Perungudi,1.2,15-07-2023
17682,Chennai,Zone 15 Uthandi,0.3,15-07-2023
17683,Chennai,Madhavaram,0.2,15-07-2023
17684,Chennai,Teynampet,0.2,15-07-2023
17685,Chennai,Madhavaram,0.2,16-07-2023
17686,Chennai,Adyar,0.2,16-07-2023
17687,Chennai,Madhavaram,0.2,17-07-2023
17688,Chennai,Tondairpet,3.4,18-07-2023
17689,Chennai,Zone 04 Tondiarpet,2.25,18-07-2023
17690,Chennai,Teynampet,0.2,19-07-2023
17691,Chennai,Zone 15 Uthandi,9,20-07-2023
17692,Chennai,Zone 15 Sholinganallur,2.1,20-07-2023
17693,Chennai,Puzhal,1.4,20-07-2023
17694,Chennai,Zone 02 Manali,1.2,20-07-2023
17695,Chennai,Zone 04 Tondiarpet,0.9,20-07-2023
17696,Chennai,Manali,0.8,20-07-2023
17697,Chennai,Tondairpet,0.8,20-07-2023
17698,Chennai,Ambattur,0.8,20-07-2023
17699,Chennai,Sholinganallur,0.8,20-07-2023
17700,Chennai,Zone 06 D65 Kolathur,0.6,20-07-2023
17701,Chennai,Zone 05 Royapuram,0.45,20-07-2023
17702,Chennai,Madhavaram,0.4,20-07-2023
17703,Chennai,Zone 02 D15 Manali,0.3,20-07-2023
17704,Chennai,Zone 03 Puzhal,0.3,20-07-2023
17705,Chennai,Zone 05 GCC,0.3,20-07-2023
17706,Chennai,Zone 07 Ambattur,0.3,20-07-2023
17707,Chennai,Zone 08 Anna Nagar,0.3,20-07-2023
17708,Chennai,Zone 08 Malar colony,0.3,20-07-2023
17709,Chennai,Zone 14 Perungudi,0.3,20-07-2023
17710,Chennai,Chennai nungambakkam,0.2,20-07-2023
17711,Chennai,Thiruvottiyur,0.2,20-07-2023
17712,Chennai,Anna Nagar,0.2,20-07-2023
17713,Chennai,Alandur,0.1,20-07-2023
17714,Chennai,Zone 15 Sholinganallur,6,22-07-2023
17715,Chennai,Zone 15 Uthandi,4.8,22-07-2023
17716,Chennai,Zone 05 Royapuram,14.85,23-07-2023
17717,Chennai,Zone 02 Manali,14.1,23-07-2023
17718,Chennai,Zone 01 Thiruvottiyur,13.95,23-07-2023
17719,Chennai,Zone 09 Ice House,11.7,23-07-2023
17720,Chennai,Zone 06 D65 Kolathur,11.4,23-07-2023
17721,Chennai,Zone 04 Tondiarpet,10.8,23-07-2023
17722,Chennai,Zone 13 Adyar Eco Park,10.5,23-07-2023
17723,Chennai,Zone 05 GCC,10.2,23-07-2023
17724,Chennai,Zone 06 T.V.K Nagar,10.2,23-07-2023
17725,Chennai,Zone 07 U18 D81 Vanagaram,10.2,23-07-2023
17726,Chennai,Zone 08 Anna Nagar,10.2,23-07-2023
17727,Chennai,Zone 07 Ambattur,9.6,23-07-2023
17728,Chennai,Zone 01 Kathivakkam,8.7,23-07-2023
17729,Chennai,DGP Office,8.6,23-07-2023
17730,Chennai,CD Hospital Tondiarpet,8.4,23-07-2023
17731,Chennai,Perambur Corporation park,8.4,23-07-2023
17732,Chennai,Zone 08 Malar colony,8.4,23-07-2023
17733,Chennai,Zone 13 Adyar,8.4,23-07-2023
17734,Chennai,Chennai nungambakkam,8.2,23-07-2023
17735,Chennai,Zone 12 D156 Mugalivakkam,8.1,23-07-2023
17736,Chennai,Ayanavaram taluk office,8,23-07-2023
17737,Chennai,Ambathur,8,23-07-2023
17738,Chennai,Chennai collectorate building,7.2,23-07-2023
17739,Chennai,Zone 10 Kodambakkam,7.2,23-07-2023
17740,Chennai,Zone 11 Valasaravakkam,5.1,23-07-2023
17741,Chennai,Zone 03 Puzhal,3.9,23-07-2023
17742,Chennai,Alandur,3.2,23-07-2023
17743,Chennai,Zone 12 Alandhur,3,23-07-2023
17744,Chennai,Gov hr sec school MGR Nagar,2.8,23-07-2023
17745,Chennai,Royapuram,2.8,23-07-2023
17746,Chennai,Anna university,2.4,23-07-2023
17747,Chennai,Zone 14 Perungudi,2.4,23-07-2023
17748,Chennai,Zone 13 U39 Adyar,2.1,23-07-2023
17749,Chennai,Zone 14 U41 Perungudi,1.5,23-07-2023
17750,Chennai,Madhavaram,1,23-07-2023
17751,Chennai,Zone 12 Meenambakkam,0.9,23-07-2023
17752,Chennai,Zone 15 Sholinganallur,0.6,23-07-2023
17753,Chennai,Ambattur,0.4,23-07-2023
17754,Chennai,Thiruvottiyur,0.2,23-07-2023
17755,Chennai,Tondairpet,0.2,23-07-2023
17756,Chennai,Anna Nagar,0.2,23-07-2023
17757,Chennai,Valasaravakkam,0.2,23-07-2023
17758,Chennai,Puzhal,0.2,23-07-2023
17759,Chennai,DGP Office,6.8,24-07-2023
17760,Chennai,Zone 01 Thiruvottiyur,5.85,24-07-2023
17761,Chennai,Ambathur,3.2,24-07-2023
17762,Chennai,Ayanavaram taluk office,3,24-07-2023
17763,Chennai,Zone 02 Manali,3,24-07-2023
17764,Chennai,Zone 02 D15 Manali,2.7,24-07-2023
17765,Chennai,Zone 05 Royapuram,2.7,24-07-2023
17766,Chennai,Thiruvottiyur,2.2,24-07-2023
17767,Chennai,Perambur Corporation park,2,24-07-2023
17768,Chennai,Anna university,1.8,24-07-2023
17769,Chennai,Zone 01 Kathivakkam,1.8,24-07-2023
17770,Chennai,Zone 06 T.V.K Nagar,1.8,24-07-2023
17771,Chennai,Madhavaram,1.6,24-07-2023
17772,Chennai,Royapuram,1.6,24-07-2023
17773,Chennai,Tondairpet,1.4,24-07-2023
17774,Chennai,Gov hr sec school MGR Nagar,1.2,24-07-2023
17775,Chennai,Sholinganallur,1.2,24-07-2023
17776,Chennai,Manali,1.2,24-07-2023
17777,Chennai,Chennai nungambakkam,1.1,24-07-2023
17778,Chennai,Chennai collectorate building,1,24-07-2023
17779,Chennai,Ambattur,1,24-07-2023
17780,Chennai,Anna Nagar,1,24-07-2023
17781,Chennai,Zone 03 Puzhal,0.9,24-07-2023
17782,Chennai,Zone 05 GCC,0.9,24-07-2023
17783,Chennai,Zone 07 U18 D81 Vanagaram,0.9,24-07-2023
17784,Chennai,Zone 15 Sholinganallur,0.9,24-07-2023
17785,Chennai,CD Hospital Tondiarpet,0.8,24-07-2023
17786,Chennai,Alandur,0.8,24-07-2023
17787,Chennai,Teynampet,0.8,24-07-2023
17788,Chennai,Valasaravakkam,0.6,24-07-2023
17789,Chennai,Adyar,0.6,24-07-2023
17790,Chennai,Sholinganallur,0.6,24-07-2023
17791,Chennai,Zone 07 Ambattur,0.6,24-07-2023
17792,Chennai,Zone 08 Anna Nagar,0.6,24-07-2023
17793,Chennai,Zone 11 U32 Maduravoyal,0.6,24-07-2023
17794,Chennai,Zone 13 Adyar Eco Park,0.6,24-07-2023
17795,Chennai,Zone 14 U41 Perungudi,0.6,24-07-2023
17796,Chennai,Zone 09 Ice House,0.45,24-07-2023
17797,Chennai,Kodambakkam,0.4,24-07-2023
17798,Chennai,Perungudi,0.4,24-07-2023
17799,Chennai,Zone 08 Malar colony,0.3,24-07-2023
17800,Chennai,Zone 10 Kodambakkam,0.3,24-07-2023
17801,Chennai,Zone 11 Valasaravakkam,0.3,24-07-2023
17802,Chennai,Zone 12 Alandhur,0.3,24-07-2023
17803,Chennai,Zone 12 D156 Mugalivakkam,0.3,24-07-2023
17804,Chennai,Zone 12 Meenambakkam,0.3,24-07-2023
17805,Chennai,Zone 13 Adyar,0.3,24-07-2023
17806,Chennai,Zone 13 U39 Adyar,0.3,24-07-2023
17807,Chennai,Zone 14 Perungudi,0.3,24-07-2023
17808,Chennai,Puzhal,0.2,24-07-2023
17809,Chennai,DGP Office,52.6,25-07-2023
17810,Chennai,Anna university,38.4,25-07-2023
17811,Chennai,Zone 12 D156 Mugalivakkam,36.6,25-07-2023
17812,Chennai,Zone 13 Adyar,33.6,25-07-2023
17813,Chennai,Zone 10 Kodambakkam,29.1,25-07-2023
17814,Chennai,Zone 09 Ice House,28.8,25-07-2023
17815,Chennai,Zone 15 Sholinganallur,28.5,25-07-2023
17816,Chennai,Gov hr sec school MGR Nagar,28.2,25-07-2023
17817,Chennai,Zone 13 U39 Adyar,27.9,25-07-2023
17818,Chennai,Zone 14 Perungudi,27.9,25-07-2023
17819,Chennai,Zone 14 U41 Perungudi,27.6,25-07-2023
17820,Chennai,Zone 11 U32 Maduravoyal,26.7,25-07-2023
17821,Chennai,Alandur,25.9,25-07-2023
17822,Chennai,Zone 12 Alandhur,24,25-07-2023
17823,Chennai,Zone 02 D15 Manali,23.7,25-07-2023
17824,Chennai,Sholinganallur,22.7,25-07-2023
17825,Chennai,Zone 13 Adyar Eco Park,21.6,25-07-2023
17826,Chennai,Zone 11 Valasaravakkam,21.3,25-07-2023
17827,Chennai,Sholinganallur,17.2,25-07-2023
17828,Chennai,Kodambakkam,17,25-07-2023
17829,Chennai,Teynampet,16.4,25-07-2023
17830,Chennai,Zone 02 Manali,15.6,25-07-2023
17831,Chennai,Adyar,15,25-07-2023
17832,Chennai,Zone 01 Thiruvottiyur,14.4,25-07-2023
17833,Chennai,Perungudi,14,25-07-2023
17834,Chennai,Zone 01 Kathivakkam,13.8,25-07-2023
17835,Chennai,Zone 05 Royapuram,13.05,25-07-2023
17836,Chennai,Valasaravakkam,12.4,25-07-2023
17837,Chennai,Ayanavaram taluk office,11,25-07-2023
17838,Chennai,Zone 08 Anna Nagar,10.8,25-07-2023
17839,Chennai,Perambur Corporation park,10.2,25-07-2023
17840,Chennai,Zone 05 GCC,9.9,25-07-2023
17841,Chennai,Zone 06 T.V.K Nagar,9.9,25-07-2023
17842,Chennai,Chennai nungambakkam,9.5,25-07-2023
17843,Chennai,Zone 06 D65 Kolathur,8.7,25-07-2023
17844,Chennai,Zone 07 Ambattur,7.5,25-07-2023
17845,Chennai,Zone 12 Meenambakkam,7.5,25-07-2023
17846,Chennai,Chennai collectorate building,7.2,25-07-2023
17847,Chennai,CD Hospital Tondiarpet,6.2,25-07-2023
17848,Chennai,Ambathur,6.2,25-07-2023
17849,Chennai,Puzhal,5.8,25-07-2023
17850,Chennai,Zone 04 Tondiarpet,5.4,25-07-2023
17851,Chennai,Zone 08 Malar colony,5.4,25-07-2023
17852,Chennai,Ambattur,3.4,25-07-2023
17853,Chennai,Anna Nagar,3.2,25-07-2023
17854,Chennai,Zone 03 Puzhal,2.7,25-07-2023
17855,Chennai,Zone 07 U18 D81 Vanagaram,2.7,25-07-2023
17856,Chennai,Thiruvottiyur,2.6,25-07-2023
17857,Chennai,Tondairpet,2.4,25-07-2023
17858,Chennai,Zone 09 Teynampet,2.4,25-07-2023
17859,Chennai,Royapuram,0.4,25-07-2023
17860,Chennai,Madhavaram,0.2,25-07-2023
17861,Chennai,Zone 09 Ice House,9.9,26-07-2023
17862,Chennai,Zone 15 Uthandi,9.3,26-07-2023
17863,Chennai,DGP Office,8.2,26-07-2023
17864,Chennai,Zone 08 Anna Nagar,7.8,26-07-2023
17865,Chennai,Chennai nungambakkam,6.9,26-07-2023
17866,Chennai,Anna university,6.8,26-07-2023
17867,Chennai,Ayanavaram taluk office,6,26-07-2023
17868,Chennai,Sholinganallur,5.6,26-07-2023
17869,Chennai,Zone 05 Royapuram,5.4,26-07-2023
17870,Chennai,Zone 07 U18 D81 Vanagaram,5.4,26-07-2023
17871,Chennai,Zone 10 Kodambakkam,4.8,26-07-2023
17872,Chennai,Zone 11 U32 Maduravoyal,4.8,26-07-2023
17873,Chennai,Gov hr sec school MGR Nagar,4.6,26-07-2023
17874,Chennai,Ambathur,4.3,26-07-2023
17875,Chennai,Zone 07 Ambattur,4.2,26-07-2023
17876,Chennai,Zone 05 GCC,3.9,26-07-2023
17877,Chennai,Zone 06 D65 Kolathur,3.9,26-07-2023
17878,Chennai,Zone 06 T.V.K Nagar,3.9,26-07-2023
17879,Chennai,Zone 08 Malar colony,3.9,26-07-2023
17880,Chennai,Zone 03 Madhavaram,3.6,26-07-2023
17881,Chennai,Zone 13 Adyar Eco Park,3.6,26-07-2023
17882,Chennai,Perambur Corporation park,3.4,26-07-2023
17883,Chennai,Zone 04 Tondiarpet,3.15,26-07-2023
17884,Chennai,Zone 12 D156 Mugalivakkam,3,26-07-2023
17885,Chennai,Zone 14 Perungudi,2.7,26-07-2023
17886,Chennai,Alandur,2.5,26-07-2023
17887,Chennai,Zone 01 Kathivakkam,2.4,26-07-2023
17888,Chennai,Chennai collectorate building,2.3,26-07-2023
17889,Chennai,Zone 02 D15 Manali,2.1,26-07-2023
17890,Chennai,Zone 09 Teynampet,2.1,26-07-2023
17891,Chennai,Zone 13 Adyar,2.1,26-07-2023
17892,Chennai,Zone 13 U39 Adyar,2.1,26-07-2023
17893,Chennai,Zone 01 Thiruvottiyur,1.8,26-07-2023
17894,Chennai,Zone 02 Manali,1.8,26-07-2023
17895,Chennai,Zone 11 Valasaravakkam,1.8,26-07-2023
17896,Chennai,Zone 12 Alandhur,1.8,26-07-2023
17897,Chennai,Zone 14 U41 Perungudi,1.8,26-07-2023
17898,Chennai,Zone 15 Sholinganallur,1.8,26-07-2023
17899,Chennai,CD Hospital Tondiarpet,1.4,26-07-2023
17900,Chennai,Zone 12 Meenambakkam,0.9,26-07-2023
17901,Chennai,Ambattur,0.6,26-07-2023
17902,Chennai,Anna Nagar,0.4,26-07-2023
17903,Chennai,Kodambakkam,0.4,26-07-2023
17904,Chennai,Zone 03 Puzhal,0.3,26-07-2023
17905,Chennai,Thiruvottiyur,0.2,26-07-2023
17906,Chennai,Madhavaram,0.2,26-07-2023
17907,Chennai,Tondairpet,0.2,26-07-2023
17908,Chennai,Royapuram,0.2,26-07-2023
17909,Chennai,Teynampet,0.2,26-07-2023
17910,Chennai,Valasaravakkam,0.2,26-07-2023
17911,Chennai,Sholinganallur,0.2,26-07-2023
17912,Chennai,Puzhal,0.2,26-07-2023
17913,Chennai,Ambathur,3.3,27-07-2023
17914,Chennai,Zone 09 Ice House,2.7,27-07-2023
17915,Chennai,Zone 05 Royapuram,1.35,27-07-2023
17916,Chennai,Perambur Corporation park,1.3,27-07-2023
17917,Chennai,Zone 01 Thiruvottiyur,0.9,27-07-2023
17918,Chennai,Anna university,0.8,27-07-2023
17919,Chennai,Royapuram,0.6,27-07-2023
17920,Chennai,Zone 02 Manali,0.6,27-07-2023
17921,Chennai,Zone 05 GCC,0.6,27-07-2023
17922,Chennai,Zone 06 D65 Kolathur,0.6,27-07-2023
17923,Chennai,Zone 06 T.V.K Nagar,0.6,27-07-2023
17924,Chennai,Zone 07 U18 D81 Vanagaram,0.6,27-07-2023
17925,Chennai,Zone 04 Tondiarpet,0.45,27-07-2023
17926,Chennai,Chennai nungambakkam,0.3,27-07-2023
17927,Chennai,Zone 01 Kathivakkam,0.3,27-07-2023
17928,Chennai,Zone 02 D15 Manali,0.3,27-07-2023
17929,Chennai,Zone 07 Ambattur,0.3,27-07-2023
17930,Chennai,Zone 08 Anna Nagar,0.3,27-07-2023
17931,Chennai,Zone 08 Malar colony,0.3,27-07-2023
17932,Chennai,Ambattur,0.6,28-07-2023
17933,Chennai,Anna Nagar,0.4,28-07-2023
17934,Chennai,Zone 07 Ambattur,0.3,28-07-2023
17935,Chennai,Zone 08 Anna Nagar,0.3,28-07-2023
17936,Chennai,Manali,0.2,28-07-2023
17937,Chennai,Chennai nungambakkam,0.1,28-07-2023
17938,Chennai,Zone 09 Ice House,0.45,30-07-2023
17939,Chennai,Royapuram,0.2,30-07-2023
17940,Chennai,Kodambakkam,0.2,30-07-2023
17941,Chennai,Alandur,2.4,31-07-2023
17942,Chennai,Sholinganallur,1.6,31-07-2023
17943,Chennai,Anna university,1,31-07-2023
17944,Chennai,Zone 10 Kodambakkam,0.9,31-07-2023
17945,Chennai,Zone 02 Manali,0.6,31-07-2023
17946,Chennai,Zone 13 Adyar Eco Park,0.6,31-07-2023
17947,Chennai,Zone 05 Royapuram,0.45,31-07-2023
17948,Chennai,Zone 02 D15 Manali,0.3,31-07-2023
17949,Chennai,Zone 07 Ambattur,0.3,31-07-2023
17950,Chennai,Zone 14 U41 Perungudi,3.9,04-08-2023
17951,Chennai,Perungudi,3,04-08-2023
17952,Chennai,Zone 14 Perungudi,3,04-08-2023
17953,Chennai,Alandur,1.8,04-08-2023
17954,Chennai,Zone 12 Meenambakkam,1.5,04-08-2023
17955,Chennai,Zone 15 Uthandi,1.2,04-08-2023
17956,Chennai,Zone 13 Adyar,0.9,04-08-2023
17957,Chennai,Zone 13 U39 Adyar,0.9,04-08-2023
17958,Chennai,Zone 08 Malar colony,0.6,04-08-2023
17959,Chennai,Zone 12 Alandhur,0.6,04-08-2023
17960,Chennai,Zone 05 Royapuram,0.45,04-08-2023
17961,Chennai,Adyar,0.4,04-08-2023
17962,Chennai,Zone 07 Ambattur,0.3,04-08-2023
17963,Chennai,Zone 15 Sholinganallur,0.3,04-08-2023
17964,Chennai,Manali,3.4,05-08-2023
17965,Chennai,Zone 01 Thiruvottiyur,3.15,05-08-2023
17966,Chennai,Thiruvottiyur,2,05-08-2023
17967,Chennai,Zone 02 Manali,1.5,05-08-2023
17968,Chennai,Alandur,0.6,05-08-2023
17969,Chennai,Zone 12 Meenambakkam,0.6,05-08-2023
17970,Chennai,Sholinganallur,0.4,05-08-2023
17971,Chennai,Zone 15 Sholinganallur,0.3,05-08-2023
17972,Chennai,Zone 15 Uthandi,0.3,05-08-2023
17973,Chennai,Zone 01 Thiruvottiyur,1.35,06-08-2023
17974,Chennai,Zone 02 Manali,1.2,06-08-2023
17975,Chennai,Madhavaram,0.4,06-08-2023
17976,Chennai,Zone 03 Madhavaram,0.3,06-08-2023
17977,Chennai,Ambathur,3.8,07-08-2023
17978,Chennai,Tondairpet,3.8,07-08-2023
17979,Chennai,Manali,2,07-08-2023
17980,Chennai,Royapuram,0.8,07-08-2023
17981,Chennai,Thiru-Vi-Ka Nagar,0.8,07-08-2023
17982,Chennai,Puzhal,0.6,07-08-2023
17983,Chennai,Teynampet,0.2,07-08-2023
17984,Chennai,Sholinganallur,0.3,08-08-2023
17985,Chennai,Zone 07 U18 D81 Vanagaram,11.4,10-08-2023
17986,Chennai,Zone 07 Ambattur,7.2,10-08-2023
17987,Chennai,Ambathur,4.3,10-08-2023
17988,Chennai,Zone 06 D65 Kolathur,0.3,10-08-2023
17989,Chennai,Madhavaram,0.2,10-08-2023
17990,Chennai,Zone 13 Adyar,51.9,11-08-2023
17991,Chennai,Zone 12 Alandhur,49.8,11-08-2023
17992,Chennai,Zone 14 Perungudi,49.8,11-08-2023
17993,Chennai,Zone 15 Sholinganallur,49.8,11-08-2023
17994,Chennai,Adyar,45.6,11-08-2023
17995,Chennai,Zone 14 U41 Perungudi,38.4,11-08-2023
17996,Chennai,Anna university,37.6,11-08-2023
17997,Chennai,Zone 15 Uthandi,37.5,11-08-2023
17998,Chennai,Zone 13 Adyar Eco Park,36,11-08-2023
17999,Chennai,Sholinganallur,35.9,11-08-2023
18000,Chennai,Alandur,35.8,11-08-2023
18001,Chennai,Zone 12 Meenambakkam,33.6,11-08-2023
18002,Chennai,Gov hr sec school MGR Nagar,33.2,11-08-2023
18003,Chennai,Zone 10 Kodambakkam,24.9,11-08-2023
18004,Chennai,Zone 13 U39 Adyar,22.8,11-08-2023
18005,Chennai,Zone 12 D156 Mugalivakkam,22.2,11-08-2023
18006,Chennai,Teynampet,16.2,11-08-2023
18007,Chennai,Chennai nungambakkam,14.9,11-08-2023
18008,Chennai,Zone 11 Valasaravakkam,10.2,11-08-2023
18009,Chennai,DGP Office,8.4,11-08-2023
18010,Chennai,Zone 08 Anna Nagar,7.2,11-08-2023
18011,Chennai,Ambathur,6.8,11-08-2023
18012,Chennai,Zone 07 Ambattur,6.3,11-08-2023
18013,Chennai,Zone 07 U18 D81 Vanagaram,4.8,11-08-2023
18014,Chennai,Zone 08 Malar colony,4.5,11-08-2023
18015,Chennai,Zone 05 GCC,2.1,11-08-2023
18016,Chennai,Zone 09 Teynampet,1.5,11-08-2023
18017,Chennai,Gov hr sec school MGR Nagar,27.2,13-08-2023
18018,Chennai,Zone 13 Adyar Eco Park,24,13-08-2023
18019,Chennai,Zone 13 Adyar,21.3,13-08-2023
18020,Chennai,Sholinganallur,17.8,13-08-2023
18021,Chennai,Sholinganallur,17.4,13-08-2023
18022,Chennai,Zone 15 Sholinganallur,14.1,13-08-2023
18023,Chennai,Zone 07 U18 D81 Vanagaram,13.5,13-08-2023
18024,Chennai,Zone 10 Kodambakkam,13.5,13-08-2023
18025,Chennai,Zone 15 Uthandi,13.2,13-08-2023
18026,Chennai,Teynampet,13,13-08-2023
18027,Chennai,Ambathur,10.3,13-08-2023
18028,Chennai,Perungudi,9.8,13-08-2023
18029,Chennai,Zone 12 Alandhur,7.5,13-08-2023
18030,Chennai,Anna university,7.4,13-08-2023
18031,Chennai,DGP Office,4.8,13-08-2023
18032,Chennai,Zone 14 U41 Perungudi,4.5,13-08-2023
18033,Chennai,Zone 03 Madhavaram,4.2,13-08-2023
18034,Chennai,Zone 12 D156 Mugalivakkam,3.9,13-08-2023
18035,Chennai,Zone 12 Meenambakkam,3.9,13-08-2023
18036,Chennai,Zone 08 Anna Nagar,3.3,13-08-2023
18037,Chennai,Zone 14 Perungudi,3.3,13-08-2023
18038,Chennai,Zone 08 Malar colony,2.1,13-08-2023
18039,Chennai,Zone 13 U39 Adyar,2.1,13-08-2023
18040,Chennai,Valasaravakkam,1.8,13-08-2023
18041,Chennai,Chennai nungambakkam,1.6,13-08-2023
18042,Chennai,Zone 06 T.V.K Nagar,1.5,13-08-2023
18043,Chennai,Zone 11 Valasaravakkam,1.5,13-08-2023
18044,Chennai,Zone 05 GCC,1.2,13-08-2023
18045,Chennai,Zone 07 Ambattur,0.9,13-08-2023
18046,Chennai,Zone 11 U32 Maduravoyal,0.9,13-08-2023
18047,Chennai,Manali,0.8,13-08-2023
18048,Chennai,Thiru-Vi-Ka Nagar,0.6,13-08-2023
18049,Chennai,Zone 02 Manali,0.45,13-08-2023
18050,Chennai,Zone 05 Royapuram,0.45,13-08-2023
18051,Chennai,Perambur Corporation park,0.3,13-08-2023
18052,Chennai,Alandur,0.3,13-08-2023
18053,Chennai,Puzhal,0.2,13-08-2023
18054,Chennai,Ambathur,112.8,14-08-2023
18055,Chennai,Zone 11 U32 Maduravoyal,109.5,14-08-2023
18056,Chennai,Valasaravakkam,106.2,14-08-2023
18057,Chennai,Zone 12 D156 Mugalivakkam,102.9,14-08-2023
18058,Chennai,Zone 08 Malar colony,102.3,14-08-2023
18059,Chennai,Zone 07 Ambattur,99.3,14-08-2023
18060,Chennai,Zone 13 Adyar Eco Park,95.7,14-08-2023
18061,Chennai,DGP Office,94.6,14-08-2023
18062,Chennai,Alandur,89.5,14-08-2023
18063,Chennai,Zone 06 D65 Kolathur,88.2,14-08-2023
18064,Chennai,Zone 06 T.V.K Nagar,88.2,14-08-2023
18065,Chennai,Zone 05 Royapuram,86.85,14-08-2023
18066,Chennai,Zone 11 Valasaravakkam,86.7,14-08-2023
18067,Chennai,Zone 13 Adyar,84.9,14-08-2023
18068,Chennai,Zone 13 U39 Adyar,83.1,14-08-2023
18069,Chennai,Gov hr sec school MGR Nagar,80.3,14-08-2023
18070,Chennai,Zone 10 Kodambakkam,79.5,14-08-2023
18071,Chennai,Anna university,76.8,14-08-2023
18072,Chennai,Teynampet,76.8,14-08-2023
18073,Chennai,Perambur Corporation park,75,14-08-2023
18074,Chennai,Ayanavaram taluk office,74,14-08-2023
18075,Chennai,Zone 12 Alandhur,72.6,14-08-2023
18076,Chennai,Sholinganallur,72.4,14-08-2023
18077,Chennai,Chennai nungambakkam,71.2,14-08-2023
18078,Chennai,Adyar,69.8,14-08-2023
18079,Chennai,Zone 08 Anna Nagar,67.2,14-08-2023
18080,Chennai,Chennai collectorate building,65.3,14-08-2023
18081,Chennai,Zone 05 GCC,60.3,14-08-2023
18082,Chennai,Perungudi,56.8,14-08-2023
18083,Chennai,Zone 14 U41 Perungudi,55.8,14-08-2023
18084,Chennai,Zone 12 Meenambakkam,54.9,14-08-2023
18085,Chennai,Zone 15 Sholinganallur,50.7,14-08-2023
18086,Chennai,Zone 14 Perungudi,48.9,14-08-2023
18087,Chennai,Zone 15 Uthandi,45.3,14-08-2023
18088,Chennai,Zone 04 Tondiarpet,44.1,14-08-2023
18089,Chennai,CD Hospital Tondiarpet,43.8,14-08-2023
18090,Chennai,Zone 01 Thiruvottiyur,41.85,14-08-2023
18091,Chennai,Zone 02 Manali,38.25,14-08-2023
18092,Chennai,Puzhal,27.8,14-08-2023
18093,Chennai,Zone 03 Madhavaram,27,14-08-2023
18094,Chennai,Zone 02 D15 Manali,24.3,14-08-2023
18095,Chennai,Zone 07 U18 D81 Vanagaram,20.1,14-08-2023
18096,Chennai,Zone 03 Puzhal,14.1,14-08-2023
18097,Chennai,Tondairpet,12,14-08-2023
18098,Chennai,Manali,6.6,14-08-2023
18099,Chennai,Zone 01 Kathivakkam,4.8,14-08-2023
18100,Chennai,Zone 09 Teynampet,1.8,14-08-2023
18101,Chennai,Kodambakkam,0.6,14-08-2023
18102,Chennai,Zone 02 Manali,41.85,15-08-2023
18103,Chennai,Zone 01 Thiruvottiyur,34.2,15-08-2023
18104,Chennai,Zone 01 Kathivakkam,33,15-08-2023
18105,Chennai,Alandur,32.9,15-08-2023
18106,Chennai,Gov hr sec school MGR Nagar,27.2,15-08-2023
18107,Chennai,Zone 07 U18 D81 Vanagaram,24,15-08-2023
18108,Chennai,Zone 04 Tondiarpet,22.5,15-08-2023
18109,Chennai,Zone 02 D15 Manali,21.15,15-08-2023
18110,Chennai,Ambathur,20.3,15-08-2023
18111,Chennai,Zone 12 Meenambakkam,19.5,15-08-2023
18112,Chennai,Zone 03 Madhavaram,19.2,15-08-2023
18113,Chennai,Sholinganallur,17.4,15-08-2023
18114,Chennai,Zone 06 D65 Kolathur,17.1,15-08-2023
18115,Chennai,Zone 12 Alandhur,14.7,15-08-2023
18116,Chennai,Zone 12 D156 Mugalivakkam,14.7,15-08-2023
18117,Chennai,Zone 13 U39 Adyar,14.7,15-08-2023
18118,Chennai,CD Hospital Tondiarpet,14.4,15-08-2023
18119,Chennai,Zone 07 Ambattur,13.8,15-08-2023
18120,Chennai,Zone 05 Royapuram,13.5,15-08-2023
18121,Chennai,Zone 09 Ice House,11.7,15-08-2023
18122,Chennai,Adyar,10.8,15-08-2023
18123,Chennai,Chennai collectorate building,10,15-08-2023
18124,Chennai,Zone 05 GCC,9.9,15-08-2023
18125,Chennai,Zone 06 T.V.K Nagar,9.6,15-08-2023
18126,Chennai,Zone 14 U41 Perungudi,9.3,15-08-2023
18127,Chennai,Zone 10 Kodambakkam,8.7,15-08-2023
18128,Chennai,Royapuram,8,15-08-2023
18129,Chennai,Anna university,7.2,15-08-2023
18130,Chennai,Zone 13 Adyar,7.2,15-08-2023
18131,Chennai,DGP Office,6.8,15-08-2023
18132,Chennai,Zone 08 Malar colony,6.6,15-08-2023
18133,Chennai,Ayanavaram taluk office,6,15-08-2023
18134,Chennai,Perambur Corporation park,5.4,15-08-2023
18135,Chennai,Chennai nungambakkam,5.2,15-08-2023
18136,Chennai,Zone 08 Anna Nagar,5.1,15-08-2023
18137,Chennai,Zone 15 Uthandi,4.8,15-08-2023
18138,Chennai,Zone 03 Puzhal,4.5,15-08-2023
18139,Chennai,Zone 11 U32 Maduravoyal,3.9,15-08-2023
18140,Chennai,Zone 13 Adyar Eco Park,3.9,15-08-2023
18141,Chennai,Zone 15 Sholinganallur,3.6,15-08-2023
18142,Chennai,Anna Nagar,3,15-08-2023
18143,Chennai,Puzhal,1.8,15-08-2023
18144,Chennai,Valasaravakkam,1.6,15-08-2023
18145,Chennai,Tondairpet,1.4,15-08-2023
18146,Chennai,Manali,0.6,15-08-2023
18147,Chennai,Madhavaram,0.2,15-08-2023
18148,Chennai,Zone 02 D15 Manali,21.15,16-08-2023
18149,Chennai,Zone 05 GCC,20.4,16-08-2023
18150,Chennai,Chennai nungambakkam,16,16-08-2023
18151,Chennai,Chennai collectorate building,12.2,16-08-2023
18152,Chennai,Zone 09 Ice House,11.7,16-08-2023
18153,Chennai,Zone 01 Kathivakkam,9.6,16-08-2023
18154,Chennai,Zone 05 Royapuram,5.4,16-08-2023
18155,Chennai,Zone 02 Manali,3.15,16-08-2023
18156,Chennai,Madhavaram,1.6,16-08-2023
18157,Chennai,Zone 03 Madhavaram,0.6,16-08-2023
18158,Chennai,Zone 13 Adyar Eco Park,0.3,16-08-2023
18159,Chennai,Zone 13 U39 Adyar,0.3,16-08-2023
18160,Chennai,Thiruvottiyur,0.2,16-08-2023
18161,Chennai,Puzhal,0.2,16-08-2023
18162,Chennai,Zone 01 Kathivakkam,33,17-08-2023
18163,Chennai,Zone 09 Ice House,18.9,17-08-2023
18164,Chennai,Zone 02 D15 Manali,15.75,17-08-2023
18165,Chennai,Zone 03 Madhavaram,14.1,17-08-2023
18166,Chennai,Zone 11 U32 Maduravoyal,10.5,17-08-2023
18167,Chennai,Zone 05 Royapuram,10.35,17-08-2023
18168,Chennai,Zone 08 Anna Nagar,9.6,17-08-2023
18169,Chennai,Zone 06 T.V.K Nagar,8.7,17-08-2023
18170,Chennai,Zone 07 U18 D81 Vanagaram,6.3,17-08-2023
18171,Chennai,Zone 04 Tondiarpet,5.85,17-08-2023
18172,Chennai,Zone 06 D65 Kolathur,5.7,17-08-2023
18173,Chennai,CD Hospital Tondiarpet,5.4,17-08-2023
18174,Chennai,Ambathur,5.4,17-08-2023
18175,Chennai,Perambur Corporation park,5.2,17-08-2023
18176,Chennai,Zone 03 Puzhal,4.2,17-08-2023
18177,Chennai,Ayanavaram taluk office,4,17-08-2023
18178,Chennai,Zone 08 Malar colony,3.9,17-08-2023
18179,Chennai,Zone 10 Kodambakkam,3.3,17-08-2023
18180,Chennai,Zone 02 Manali,2.7,17-08-2023
18181,Chennai,Zone 14 U41 Perungudi,2.7,17-08-2023
18182,Chennai,Chennai nungambakkam,2.5,17-08-2023
18183,Chennai,Chennai collectorate building,2.1,17-08-2023
18184,Chennai,Puzhal,1.8,17-08-2023
18185,Chennai,Zone 12 D156 Mugalivakkam,1.8,17-08-2023
18186,Chennai,Thiruvottiyur,1.6,17-08-2023
18187,Chennai,Zone 05 GCC,1.5,17-08-2023
18188,Chennai,Alandur,1.2,17-08-2023
18189,Chennai,Zone 07 Ambattur,0.9,17-08-2023
18190,Chennai,Gov hr sec school MGR Nagar,0.6,17-08-2023
18191,Chennai,Zone 12 Alandhur,0.3,17-08-2023
18192,Chennai,Zone 13 Adyar Eco Park,66,18-08-2023
18193,Chennai,Zone 13 Adyar,59.4,18-08-2023
18194,Chennai,Zone 10 Kodambakkam,58.2,18-08-2023
18195,Chennai,DGP Office,54,18-08-2023
18196,Chennai,Zone 11 U32 Maduravoyal,53.1,18-08-2023
18197,Chennai,Zone 12 D156 Mugalivakkam,47.4,18-08-2023
18198,Chennai,Zone 05 Royapuram,47.25,18-08-2023
18199,Chennai,Zone 12 Meenambakkam,46.8,18-08-2023
18200,Chennai,Alandur,40.2,18-08-2023
18201,Chennai,Zone 13 U39 Adyar,39.9,18-08-2023
18202,Chennai,Zone 01 Thiruvottiyur,39.6,18-08-2023
18203,Chennai,Zone 14 U41 Perungudi,38.1,18-08-2023
18204,Chennai,Chennai collectorate building,29.4,18-08-2023
18205,Chennai,Zone 08 Anna Nagar,29.1,18-08-2023
18206,Chennai,Zone 04 Tondiarpet,28.8,18-08-2023
18207,Chennai,Zone 12 Alandhur,28.5,18-08-2023
18208,Chennai,Zone 02 D15 Manali,28.35,18-08-2023
18209,Chennai,Zone 02 Manali,27.45,18-08-2023
18210,Chennai,Chennai nungambakkam,27.4,18-08-2023
18211,Chennai,Zone 09 Ice House,25.65,18-08-2023
18212,Chennai,Gov hr sec school MGR Nagar,24.6,18-08-2023
18213,Chennai,Zone 05 GCC,24,18-08-2023
18214,Chennai,Zone 06 D65 Kolathur,22.8,18-08-2023
18215,Chennai,Zone 03 Madhavaram,22.2,18-08-2023
18216,Chennai,Zone 06 T.V.K Nagar,20.4,18-08-2023
18217,Chennai,CD Hospital Tondiarpet,20,18-08-2023
18218,Chennai,Perambur Corporation park,18.3,18-08-2023
18219,Chennai,Zone 15 Uthandi,18,18-08-2023
18220,Chennai,Anna university,17.8,18-08-2023
18221,Chennai,Puzhal,17.2,18-08-2023
18222,Chennai,Sholinganallur,15.7,18-08-2023
18223,Chennai,Adyar,15.4,18-08-2023
18224,Chennai,Zone 15 Sholinganallur,15.3,18-08-2023
18225,Chennai,Zone 01 Kathivakkam,13.8,18-08-2023
18226,Chennai,Ayanavaram taluk office,13,18-08-2023
18227,Chennai,Zone 07 Ambattur,12.9,18-08-2023
18228,Chennai,Zone 07 U18 D81 Vanagaram,10.8,18-08-2023
18229,Chennai,Zone 08 Malar colony,10.8,18-08-2023
18230,Chennai,Ambathur,10.3,18-08-2023
18231,Chennai,Teynampet,10,18-08-2023
18232,Chennai,Perungudi,9,18-08-2023
18233,Chennai,Zone 03 Puzhal,9,18-08-2023
18234,Chennai,Tondairpet,5.4,18-08-2023
18235,Chennai,Anna Nagar,0.6,18-08-2023
18236,Chennai,Ambattur,0.4,18-08-2023
18237,Chennai,Zone 09 Teynampet,0.3,18-08-2023
18238,Chennai,Sholinganallur,0.2,18-08-2023
18239,Chennai,Zone 15 Uthandi,0.9,19-08-2023
18240,Chennai,Zone 08 Anna Nagar,0.3,19-08-2023
18241,Chennai,Zone 13 U39 Adyar,0.3,19-08-2023
18242,Chennai,Zone 02 D15 Manali,31.05,20-08-2023
18243,Chennai,Zone 15 Uthandi,25.2,20-08-2023
18244,Chennai,Zone 15 Sholinganallur,23.1,20-08-2023
18245,Chennai,Zone 08 Malar colony,20.4,20-08-2023
18246,Chennai,Puzhal,19.2,20-08-2023
18247,Chennai,Anna university,18.2,20-08-2023
18248,Chennai,Zone 01 Kathivakkam,17.7,20-08-2023
18249,Chennai,Zone 07 Ambattur,17.7,20-08-2023
18250,Chennai,Zone 05 Royapuram,17.55,20-08-2023
18251,Chennai,Zone 06 T.V.K Nagar,16.8,20-08-2023
18252,Chennai,Perambur Corporation park,15.3,20-08-2023
18253,Chennai,Zone 08 Anna Nagar,13.8,20-08-2023
18254,Chennai,Manali,13.4,20-08-2023
18255,Chennai,Zone 04 Tondiarpet,13.05,20-08-2023
18256,Chennai,Sholinganallur,12.4,20-08-2023
18257,Chennai,Zone 02 Manali,11.7,20-08-2023
18258,Chennai,Gov hr sec school MGR Nagar,11.6,20-08-2023
18259,Chennai,Chennai nungambakkam,10.3,20-08-2023
18260,Chennai,Ambathur,10.2,20-08-2023
18261,Chennai,Zone 01 Thiruvottiyur,9.9,20-08-2023
18262,Chennai,Zone 07 U18 D81 Vanagaram,9.9,20-08-2023
18263,Chennai,DGP Office,9.4,20-08-2023
18264,Chennai,Zone 10 Kodambakkam,8.7,20-08-2023
18265,Chennai,CD Hospital Tondiarpet,8.6,20-08-2023
18266,Chennai,Chennai collectorate building,6.2,20-08-2023
18267,Chennai,Ayanavaram taluk office,6,20-08-2023
18268,Chennai,Zone 05 GCC,6,20-08-2023
18269,Chennai,Zone 06 D65 Kolathur,5.1,20-08-2023
18270,Chennai,Zone 03 Puzhal,4.5,20-08-2023
18271,Chennai,Ambattur,4.2,20-08-2023
18272,Chennai,Zone 11 U32 Maduravoyal,4.2,20-08-2023
18273,Chennai,Zone 09 Ice House,2.7,20-08-2023
18274,Chennai,Zone 11 Valasaravakkam,2.7,20-08-2023
18275,Chennai,Zone 12 D156 Mugalivakkam,2.7,20-08-2023
18276,Chennai,Zone 03 Madhavaram,2.4,20-08-2023
18277,Chennai,Kodambakkam,2,20-08-2023
18278,Chennai,Zone 13 Adyar Eco Park,1.8,20-08-2023
18279,Chennai,Zone 12 Alandhur,1.2,20-08-2023
18280,Chennai,Valasaravakkam,0.8,20-08-2023
18281,Chennai,Sholinganallur,0.6,20-08-2023
18282,Chennai,Zone 13 Adyar,0.6,20-08-2023
18283,Chennai,Zone 14 U41 Perungudi,0.6,20-08-2023
18284,Chennai,Alandur,0.3,20-08-2023
18285,Chennai,Teynampet,0.2,20-08-2023
18286,Chennai,Royapuram,0.2,21-08-2023
18287,Chennai,Zone 09 Ice House,42.75,22-08-2023
18288,Chennai,Zone 06 T.V.K Nagar,17.1,22-08-2023
18289,Chennai,Zone 02 D15 Manali,9.45,22-08-2023
18290,Chennai,Zone 08 Malar colony,3.9,22-08-2023
18291,Chennai,Zone 11 Valasaravakkam,3.6,22-08-2023
18292,Chennai,Zone 05 Royapuram,3.15,22-08-2023
18293,Chennai,Zone 03 Madhavaram,3,22-08-2023
18294,Chennai,Zone 02 Manali,1.8,22-08-2023
18295,Chennai,Zone 10 Kodambakkam,1.8,22-08-2023
18296,Chennai,Zone 06 D65 Kolathur,1.2,22-08-2023
18297,Chennai,Kodambakkam,1,22-08-2023
18298,Chennai,Zone 03 Puzhal,0.9,22-08-2023
18299,Chennai,Zone 05 GCC,0.6,22-08-2023
18300,Chennai,Zone 04 Tondiarpet,0.45,22-08-2023
18301,Chennai,Zone 12 Meenambakkam,0.3,22-08-2023
18302,Chennai,Zone 13 Adyar,0.3,22-08-2023
18303,Chennai,Zone 12 Meenambakkam,68.4,23-08-2023
18304,Chennai,Alandur,67.6,23-08-2023
18305,Chennai,Adyar,37,23-08-2023
18306,Chennai,Gov hr sec school MGR Nagar,25.4,23-08-2023
18307,Chennai,Zone 02 D15 Manali,24.3,23-08-2023
18308,Chennai,Zone 13 Adyar,24,23-08-2023
18309,Chennai,Zone 11 U32 Maduravoyal,21.6,23-08-2023
18310,Chennai,Zone 01 Kathivakkam,19.8,23-08-2023
18311,Chennai,Zone 11 Valasaravakkam,18.45,23-08-2023
18312,Chennai,DGP Office,18.4,23-08-2023
18313,Chennai,Zone 01 Thiruvottiyur,18,23-08-2023
18314,Chennai,Zone 08 Malar colony,17.1,23-08-2023
18315,Chennai,Ambattur,12.6,23-08-2023
18316,Chennai,Zone 12 D156 Mugalivakkam,11.7,23-08-2023
18317,Chennai,Zone 13 U39 Adyar,11.4,23-08-2023
18318,Chennai,Zone 14 U41 Perungudi,11.1,23-08-2023
18319,Chennai,Zone 10 Kodambakkam,8.7,23-08-2023
18320,Chennai,Zone 02 Manali,7.65,23-08-2023
18321,Chennai,Zone 08 Anna Nagar,7.2,23-08-2023
18322,Chennai,Zone 15 Uthandi,6.9,23-08-2023
18323,Chennai,Sholinganallur,6.2,23-08-2023
18324,Chennai,Anna university,5.8,23-08-2023
18325,Chennai,Zone 07 U18 D81 Vanagaram,5.7,23-08-2023
18326,Chennai,Zone 15 Sholinganallur,5.7,23-08-2023
18327,Chennai,Perambur Corporation park,5.4,23-08-2023
18328,Chennai,Ambathur,5.2,23-08-2023
18329,Chennai,Zone 03 Madhavaram,5.1,23-08-2023
18330,Chennai,Zone 06 T.V.K Nagar,4.8,23-08-2023
18331,Chennai,Tondairpet,3.8,23-08-2023
18332,Chennai,Zone 05 Royapuram,3.6,23-08-2023
18333,Chennai,Kodambakkam,3.4,23-08-2023
18334,Chennai,Zone 06 D65 Kolathur,3.3,23-08-2023
18335,Chennai,Zone 07 Ambattur,3.3,23-08-2023
18336,Chennai,Zone 09 Ice House,3.15,23-08-2023
18337,Chennai,Zone 05 GCC,3,23-08-2023
18338,Chennai,Zone 03 Puzhal,2.7,23-08-2023
18339,Chennai,Zone 13 Adyar Eco Park,2.7,23-08-2023
18340,Chennai,Manali,2.4,23-08-2023
18341,Chennai,Ayanavaram taluk office,2,23-08-2023
18342,Chennai,Chennai nungambakkam,1.6,23-08-2023
18343,Chennai,Teynampet,1.2,23-08-2023
18344,Chennai,Zone 04 Tondiarpet,0.45,23-08-2023
18345,Chennai,Royapuram,0.2,23-08-2023
18346,Chennai,Zone 15 Uthandi,102.3,24-08-2023
18347,Chennai,Zone 01 Thiruvottiyur,87.75,24-08-2023
18348,Chennai,Zone 15 Sholinganallur,82.2,24-08-2023
18349,Chennai,Zone 12 D156 Mugalivakkam,78,24-08-2023
18350,Chennai,Zone 02 Manali,74.7,24-08-2023
18351,Chennai,Sholinganallur,65.4,24-08-2023
18352,Chennai,Zone 10 Kodambakkam,65.4,24-08-2023
18353,Chennai,Ayanavaram taluk office,64,24-08-2023
18354,Chennai,CD Hospital Tondiarpet,60,24-08-2023
18355,Chennai,Zone 11 Valasaravakkam,57.15,24-08-2023
18356,Chennai,Zone 02 D15 Manali,56.7,24-08-2023
18357,Chennai,Thiru-Vi-Ka Nagar,55,24-08-2023
18358,Chennai,Zone 09 Ice House,54,24-08-2023
18359,Chennai,Perambur Corporation park,53.2,24-08-2023
18360,Chennai,Zone 05 Royapuram,52.2,24-08-2023
18361,Chennai,Alandur,51.8,24-08-2023
18362,Chennai,Zone 08 Anna Nagar,49.5,24-08-2023
18363,Chennai,Zone 04 Tondiarpet,47.25,24-08-2023
18364,Chennai,Gov hr sec school MGR Nagar,46.4,24-08-2023
18365,Chennai,DGP Office,46.2,24-08-2023
18366,Chennai,Chennai nungambakkam,45.6,24-08-2023
18367,Chennai,Zone 14 U41 Perungudi,45,24-08-2023
18368,Chennai,Thiruvottiyur,44.8,24-08-2023
18369,Chennai,Zone 11 U32 Maduravoyal,44.4,24-08-2023
18370,Chennai,Zone 06 T.V.K Nagar,42.9,24-08-2023
18371,Chennai,Valasaravakkam,39.8,24-08-2023
18372,Chennai,Zone 05 GCC,39,24-08-2023
18373,Chennai,Puzhal,37.2,24-08-2023
18374,Chennai,Zone 01 Kathivakkam,36.3,24-08-2023
18375,Chennai,Zone 12 Meenambakkam,36,24-08-2023
18376,Chennai,Zone 06 D65 Kolathur,29.1,24-08-2023
18377,Chennai,Zone 13 Adyar Eco Park,29.1,24-08-2023
18378,Chennai,Zone 03 Madhavaram,26.1,24-08-2023
18379,Chennai,Chennai collectorate building,25.3,24-08-2023
18380,Chennai,Zone 07 U18 D81 Vanagaram,23.4,24-08-2023
18381,Chennai,Sholinganallur,22.6,24-08-2023
18382,Chennai,Adyar,22.4,24-08-2023
18383,Chennai,Zone 13 Adyar,22.2,24-08-2023
18384,Chennai,Zone 08 Malar colony,21,24-08-2023
18385,Chennai,Ambathur,20.2,24-08-2023
18386,Chennai,Ambattur,19.8,24-08-2023
18387,Chennai,Zone 03 Puzhal,14.7,24-08-2023
18388,Chennai,Anna university,14.6,24-08-2023
18389,Chennai,Zone 07 Ambattur,14.1,24-08-2023
18390,Chennai,Zone 09 Teynampet,4.5,24-08-2023
18391,Chennai,Zone 13 U39 Adyar,2.1,24-08-2023
18392,Chennai,Manali,0.2,24-08-2023
18393,Chennai,Zone 13 U39 Adyar,2.4,25-08-2023
18394,Chennai,Thiru-Vi-Ka Nagar,0.2,25-08-2023
18395,Chennai,Zone 13 U39 Adyar,2.7,26-08-2023
18396,Chennai,Zone 05 Royapuram,2.25,26-08-2023
18397,Chennai,Zone 02 Manali,1.8,26-08-2023
18398,Chennai,Zone 04 Tondiarpet,1.8,26-08-2023
18399,Chennai,Zone 02 D15 Manali,1.35,26-08-2023
18400,Chennai,Zone 11 Valasaravakkam,49.05,27-08-2023
18401,Chennai,Zone 02 Manali,44.78,27-08-2023
18402,Chennai,Zone 13 Adyar Eco Park,42.75,27-08-2023
18403,Chennai,Perambur Corporation park,40.2,27-08-2023
18404,Chennai,Zone 11 U32 Maduravoyal,38.1,27-08-2023
18405,Chennai,Zone 03 Madhavaram,37.5,27-08-2023
18406,Chennai,Zone 08 Anna Nagar,37.5,27-08-2023
18407,Chennai,DGP Office,36.4,27-08-2023
18408,Chennai,Zone 13 Adyar,31.8,27-08-2023
18409,Chennai,Ayanavaram taluk office,31,27-08-2023
18410,Chennai,Zone 10 Kodambakkam,30,27-08-2023
18411,Chennai,Zone 06 T.V.K Nagar,29.7,27-08-2023
18412,Chennai,Zone 04 Tondiarpet,29.48,27-08-2023
18413,Chennai,CD Hospital Tondiarpet,27.2,27-08-2023
18414,Chennai,Zone 02 D15 Manali,23.63,27-08-2023
18415,Chennai,Zone 05 Royapuram,23.63,27-08-2023
18416,Chennai,Zone 05 GCC,23.4,27-08-2023
18417,Chennai,Zone 09 Ice House,21.15,27-08-2023
18418,Chennai,Chennai nungambakkam,21,27-08-2023
18419,Chennai,Adyar,19.4,27-08-2023
18420,Chennai,Gov hr sec school MGR Nagar,18.2,27-08-2023
18421,Chennai,Zone 01 Thiruvottiyur,17.55,27-08-2023
18422,Chennai,Zone 12 D156 Mugalivakkam,17.4,27-08-2023
18423,Chennai,Zone 08 Malar colony,16.5,27-08-2023
18424,Chennai,Zone 15 Sholinganallur,15.3,27-08-2023
18425,Chennai,Chennai collectorate building,14.4,27-08-2023
18426,Chennai,Puzhal,14.2,27-08-2023
18427,Chennai,Anna university,12.4,27-08-2023
18428,Chennai,Sholinganallur,12.3,27-08-2023
18429,Chennai,Zone 01 Kathivakkam,12.3,27-08-2023
18430,Chennai,Zone 07 Ambattur,12,27-08-2023
18431,Chennai,Ambathur,10.6,27-08-2023
18432,Chennai,Zone 07 U18 D81 Vanagaram,8.7,27-08-2023
18433,Chennai,Zone 13 U39 Adyar,8.4,27-08-2023
18434,Chennai,Sholinganallur,6.2,27-08-2023
18435,Chennai,Zone 03 Puzhal,6,27-08-2023
18436,Chennai,Zone 06 D65 Kolathur,6,27-08-2023
18437,Chennai,Zone 15 Uthandi,6,27-08-2023
18438,Chennai,Zone 14 U41 Perungudi,5.7,27-08-2023
18439,Chennai,Alandur,3.6,27-08-2023
18440,Chennai,Manali,3.2,27-08-2023
18441,Chennai,Zone 12 Meenambakkam,2.1,27-08-2023
18442,Chennai,Zone 11 Valasaravakkam,49.05,28-08-2023
18443,Chennai,Zone 02 Manali,44.78,28-08-2023
18444,Chennai,Zone 13 Adyar Eco Park,40.5,28-08-2023
18445,Chennai,Zone 11 U32 Maduravoyal,38.1,28-08-2023
18446,Chennai,Zone 03 Madhavaram,37.5,28-08-2023
18447,Chennai,Zone 08 Anna Nagar,37.5,28-08-2023
18448,Chennai,Zone 13 Adyar,31.8,28-08-2023
18449,Chennai,Zone 10 Kodambakkam,30,28-08-2023
18450,Chennai,Zone 06 T.V.K Nagar,29.7,28-08-2023
18451,Chennai,Zone 04 Tondiarpet,29.48,28-08-2023
18452,Chennai,Zone 05 Royapuram,23.63,28-08-2023
18453,Chennai,Zone 05 GCC,23.4,28-08-2023
18454,Chennai,Zone 02 D15 Manali,22.95,28-08-2023
18455,Chennai,Zone 09 Ice House,20.25,28-08-2023
18456,Chennai,Zone 01 Thiruvottiyur,18,28-08-2023
18457,Chennai,Zone 12 D156 Mugalivakkam,17.4,28-08-2023
18458,Chennai,Zone 08 Malar colony,16.5,28-08-2023
18459,Chennai,Zone 15 Sholinganallur,15.3,28-08-2023
18460,Chennai,Zone 01 Kathivakkam,12.3,28-08-2023
18461,Chennai,Zone 07 Ambattur,12,28-08-2023
18462,Chennai,Zone 07 U18 D81 Vanagaram,8.7,28-08-2023
18463,Chennai,Zone 15 Uthandi,6.3,28-08-2023
18464,Chennai,Zone 03 Puzhal,6,28-08-2023
18465,Chennai,Zone 06 D65 Kolathur,6,28-08-2023
18466,Chennai,Zone 13 U39 Adyar,6,28-08-2023
18467,Chennai,Zone 14 U41 Perungudi,6,28-08-2023
18468,Chennai,Zone 12 Meenambakkam,2.1,28-08-2023
18469,Chennai,Zone 10 Kodambakkam,65.4,29-08-2023
18470,Chennai,Zone 07 U18 D81 Vanagaram,64.2,29-08-2023
18471,Chennai,Zone 08 Anna Nagar,63.3,29-08-2023
18472,Chennai,Ambathur,63.2,29-08-2023
18473,Chennai,Kodambakkam,55.2,29-08-2023
18474,Chennai,Chennai nungambakkam,53.2,29-08-2023
18475,Chennai,Zone 07 Ambattur,50.7,29-08-2023
18476,Chennai,Zone 09 Ice House,44.33,29-08-2023
18477,Chennai,DGP Office,42.6,29-08-2023
18478,Chennai,Zone 06 D65 Kolathur,42,29-08-2023
18479,Chennai,Ayanavaram taluk office,41,29-08-2023
18480,Chennai,Zone 08 Malar colony,38.7,29-08-2023
18481,Chennai,Zone 13 Adyar Eco Park,37.13,29-08-2023
18482,Chennai,Sholinganallur,34.7,29-08-2023
18483,Chennai,Zone 05 GCC,33.9,29-08-2023
18484,Chennai,Puzhal,33.2,29-08-2023
18485,Chennai,Gov hr sec school MGR Nagar,30.2,29-08-2023
18486,Chennai,Teynampet,29.6,29-08-2023
18487,Chennai,Zone 02 Manali,27.9,29-08-2023
18488,Chennai,Zone 11 U32 Maduravoyal,27.6,29-08-2023
18489,Chennai,Alandur,27,29-08-2023
18490,Chennai,Zone 13 Adyar,26.4,29-08-2023
18491,Chennai,CD Hospital Tondiarpet,25.4,29-08-2023
18492,Chennai,Zone 06 T.V.K Nagar,24.6,29-08-2023
18493,Chennai,Zone 03 Madhavaram,23.4,29-08-2023
18494,Chennai,Zone 11 Valasaravakkam,22.05,29-08-2023
18495,Chennai,Zone 12 D156 Mugalivakkam,20.7,29-08-2023
18496,Chennai,Zone 04 Tondiarpet,20.48,29-08-2023
18497,Chennai,Zone 05 Royapuram,18.67,29-08-2023
18498,Chennai,Tondairpet,17,29-08-2023
18499,Chennai,Royapuram,16.8,29-08-2023
18500,Chennai,Perambur Corporation park,16.3,29-08-2023
18501,Chennai,Zone 14 U41 Perungudi,15.6,29-08-2023
18502,Chennai,Sholinganallur,14.8,29-08-2023
18503,Chennai,Zone 15 Sholinganallur,14.4,29-08-2023
18504,Chennai,Manali,13.4,29-08-2023
18505,Chennai,Chennai collectorate building,13.3,29-08-2023
18506,Chennai,Anna university,12.4,29-08-2023
18507,Chennai,Zone 13 U39 Adyar,12.3,29-08-2023
18508,Chennai,Zone 15 Uthandi,10.5,29-08-2023
18509,Chennai,Perungudi,9.2,29-08-2023
18510,Chennai,Zone 01 Thiruvottiyur,9,29-08-2023
18511,Chennai,Zone 02 D15 Manali,8.1,29-08-2023
18512,Chennai,Zone 03 Puzhal,8.1,29-08-2023
18513,Chennai,Thiruvottiyur,6.6,29-08-2023
18514,Chennai,Zone 01 Kathivakkam,6,29-08-2023
18515,Chennai,Zone 12 Meenambakkam,1.8,29-08-2023
18516,Chennai,Zone 07 U18 D81 Vanagaram,0.3,30-08-2023
18517,Chennai,Zone 10 Kodambakkam,0.3,30-08-2023
18518,Chennai,Zone 15 Sholinganallur,0.3,30-08-2023
18519,Chennai,Tondairpet,0.2,30-08-2023
18520,Chennai,Royapuram,0.2,30-08-2023
18521,Chennai,Puzhal,24.6,31-08-2023
18522,Chennai,Zone 03 Madhavaram,24,31-08-2023
18523,Chennai,Zone 06 D65 Kolathur,14.7,31-08-2023
18524,Chennai,Perambur Corporation park,10.4,31-08-2023
18525,Chennai,Zone 08 Malar colony,9.3,31-08-2023
18526,Chennai,Zone 05 Royapuram,8.55,31-08-2023
18527,Chennai,Zone 03 Puzhal,7.2,31-08-2023
18528,Chennai,Perungudi,6.6,31-08-2023
18529,Chennai,Anna university,6.4,31-08-2023
18530,Chennai,Zone 11 U32 Maduravoyal,5.7,31-08-2023
18531,Chennai,Zone 04 Tondiarpet,5.17,31-08-2023
18532,Chennai,Zone 13 U39 Adyar,5.1,31-08-2023
18533,Chennai,Ayanavaram taluk office,5,31-08-2023
18534,Chennai,Zone 11 Valasaravakkam,4.5,31-08-2023
18535,Chennai,Zone 07 U18 D81 Vanagaram,3.9,31-08-2023
18536,Chennai,Zone 13 Adyar,3.6,31-08-2023
18537,Chennai,Zone 14 U41 Perungudi,3,31-08-2023
18538,Chennai,Royapuram,2.6,31-08-2023
18539,Chennai,Sholinganallur,2.4,31-08-2023
18540,Chennai,Zone 05 GCC,1.8,31-08-2023
18541,Chennai,Zone 01 Thiruvottiyur,0.9,31-08-2023
18542,Chennai,Zone 12 D156 Mugalivakkam,0.9,31-08-2023
18543,Chennai,Zone 13 Adyar Eco Park,0.9,31-08-2023
18544,Chennai,Adyar,0.6,31-08-2023
18545,Chennai,Zone 01 Kathivakkam,0.3,31-08-2023
18546,Chennai,Zone 07 Ambattur,0.3,31-08-2023
18547,Chennai,Zone 08 Anna Nagar,0.3,31-08-2023
18548,Chennai,Chennai nungambakkam,0.2,31-08-2023
18549,Chennai,Teynampet,0.2,31-08-2023
18550,Chennai,Valasaravakkam,0.2,31-08-2023
18551,Chennai,Alandur,17.2,03-09-2023
18552,Chennai,Sholinganallur,16.3,03-09-2023
18553,Chennai,Perungudi,13,03-09-2023
18554,Chennai,Adyar,12.6,03-09-2023
18555,Chennai,Anna university,8.4,03-09-2023
18556,Chennai,DGP Office,6.2,03-09-2023
18557,Chennai,Chennai collectorate building,4.3,03-09-2023
18558,Chennai,Ambathur,2.6,03-09-2023
18559,Chennai,Perambur Corporation park,2.4,03-09-2023
18560,Chennai,CD Hospital Tondiarpet,2,03-09-2023
18561,Chennai,Gov hr sec school MGR Nagar,1.2,03-09-2023
18562,Chennai,Chennai nungambakkam,0.8,03-09-2023
18563,Chennai,Royapuram,0.2,03-09-2023
18564,Chennai,DGP Office,56.4,04-09-2023
18565,Chennai,Zone 09 Ice House,40.27,04-09-2023
18566,Chennai,Zone 15 Uthandi,40.2,04-09-2023
18567,Chennai,Zone 15 Sholinganallur,38.1,04-09-2023
18568,Chennai,Sholinganallur,32.7,04-09-2023
18569,Chennai,Zone 01 Thiruvottiyur,31.73,04-09-2023
18570,Chennai,Manali,30.6,04-09-2023
18571,Chennai,Ambathur,28.7,04-09-2023
18572,Chennai,Anna university,24.6,04-09-2023
18573,Chennai,Zone 14 U41 Perungudi,24,04-09-2023
18574,Chennai,Zone 13 Adyar Eco Park,21.38,04-09-2023
18575,Chennai,Zone 05 Royapuram,20.25,04-09-2023
18576,Chennai,CD Hospital Tondiarpet,19.6,04-09-2023
18577,Chennai,Zone 06 D65 Kolathur,19.2,04-09-2023
18578,Chennai,Zone 02 D15 Manali,19.13,04-09-2023
18579,Chennai,Adyar,18.6,04-09-2023
18580,Chennai,Zone 13 U39 Adyar,18.6,04-09-2023
18581,Chennai,Zone 04 Tondiarpet,18.45,04-09-2023
18582,Chennai,Zone 11 Valasaravakkam,16.65,04-09-2023
18583,Chennai,Gov hr sec school MGR Nagar,16.2,04-09-2023
18584,Chennai,Kodambakkam,16,04-09-2023
18585,Chennai,Zone 12 Meenambakkam,14.1,04-09-2023
18586,Chennai,Tondairpet,13.2,04-09-2023
18587,Chennai,Alandur,12.2,04-09-2023
18588,Chennai,Ambattur,12,04-09-2023
18589,Chennai,Zone 13 Adyar,11.4,04-09-2023
18590,Chennai,Chennai nungambakkam,11.3,04-09-2023
18591,Chennai,Puzhal,11,04-09-2023
18592,Chennai,Perambur Corporation park,10.2,04-09-2023
18593,Chennai,Zone 12 D156 Mugalivakkam,9.6,04-09-2023
18594,Chennai,Ayanavaram taluk office,9,04-09-2023
18595,Chennai,Zone 03 Madhavaram,8.1,04-09-2023
18596,Chennai,Zone 05 GCC,7.5,04-09-2023
18597,Chennai,Zone 08 Malar colony,7.2,04-09-2023
18598,Chennai,Perungudi,5.6,04-09-2023
18599,Chennai,Chennai collectorate building,5.4,04-09-2023
18600,Chennai,Zone 01 Kathivakkam,5.4,04-09-2023
18601,Chennai,Sholinganallur,4.6,04-09-2023
18602,Chennai,Zone 11 U32 Maduravoyal,3.9,04-09-2023
18603,Chennai,Valasaravakkam,2.4,04-09-2023
18604,Chennai,Zone 06 T.V.K Nagar,1.2,04-09-2023
18605,Chennai,Zone 09 Teynampet,1.2,04-09-2023
18606,Chennai,Teynampet,0.4,04-09-2023
18607,Chennai,Zone 07 Ambattur,0.3,04-09-2023
18608,Chennai,Thiruvottiyur,0.2,04-09-2023
18609,Chennai,Adyar,18.6,05-09-2023
18610,Chennai,Zone 02 D15 Manali,14.4,05-09-2023
18611,Chennai,Puzhal,11,05-09-2023
18612,Chennai,Zone 01 Thiruvottiyur,9,05-09-2023
18613,Chennai,Zone 01 Kathivakkam,8.4,05-09-2023
18614,Chennai,Perungudi,5.6,05-09-2023
18615,Chennai,Sholinganallur,4.8,05-09-2023
18616,Chennai,Valasaravakkam,2.4,05-09-2023
18617,Chennai,Perambur Corporation park,2.1,05-09-2023
18618,Chennai,CD Hospital Tondiarpet,1.9,05-09-2023
18619,Chennai,Anna university,1.2,05-09-2023
18620,Chennai,Manali,1.2,05-09-2023
18621,Chennai,Zone 03 Madhavaram,1.2,05-09-2023
18622,Chennai,Alandur,1,05-09-2023
18623,Chennai,Tondairpet,1,05-09-2023
18624,Chennai,Zone 03 Puzhal,0.9,05-09-2023
18625,Chennai,Zone 05 Royapuram,0.9,05-09-2023
18626,Chennai,Zone 06 D65 Kolathur,0.9,05-09-2023
18627,Chennai,Zone 02 Manali,0.67,05-09-2023
18628,Chennai,Zone 04 Tondiarpet,0.67,05-09-2023
18629,Chennai,Zone 12 Meenambakkam,0.6,05-09-2023
18630,Chennai,Zone 09 Ice House,0.45,05-09-2023
18631,Chennai,Chennai nungambakkam,0.3,05-09-2023
18632,Chennai,Zone 06 T.V.K Nagar,0.3,05-09-2023
18633,Chennai,Zone 13 Adyar,0.3,05-09-2023
18634,Chennai,Zone 13 U39 Adyar,0.3,05-09-2023
18635,Chennai,Zone 14 U41 Perungudi,0.3,05-09-2023
18636,Chennai,Zone 15 Uthandi,0.3,05-09-2023
18637,Chennai,Zone 13 Adyar Eco Park,0.22,05-09-2023
18638,Chennai,Teynampet,0.2,05-09-2023
18639,Chennai,Zone 14 Perungudi,6,06-09-2023
18640,Chennai,Zone 01 Kathivakkam,0.3,06-09-2023
18641,Chennai,Zone 12 Meenambakkam,0.3,06-09-2023
18642,Chennai,Zone 15 Uthandi,4.95,07-09-2023
18643,Chennai,Zone 04 Tondiarpet,3.15,07-09-2023
18644,Chennai,Zone 11 U32 Maduravoyal,2.4,07-09-2023
18645,Chennai,Zone 07 U18 D81 Vanagaram,1.57,07-09-2023
18646,Chennai,Perambur Corporation park,1.3,07-09-2023
18647,Chennai,Sholinganallur,0.8,07-09-2023
18648,Chennai,Anna Nagar,0.6,07-09-2023
18649,Chennai,Zone 12 Meenambakkam,0.6,07-09-2023
18650,Chennai,Chennai nungambakkam,0.5,07-09-2023
18651,Chennai,Zone 05 Royapuram,0.45,07-09-2023
18652,Chennai,Zone 07 Ambattur,0.3,07-09-2023
18653,Chennai,Zone 08 Anna Nagar,0.3,07-09-2023
18654,Chennai,Zone 08 Malar colony,0.3,07-09-2023
18655,Chennai,Zone 10 Kodambakkam,0.3,07-09-2023
18656,Chennai,Zone 13 Adyar Eco Park,82.58,08-09-2023
18657,Chennai,Zone 13 Adyar,61.2,08-09-2023
18658,Chennai,Zone 08 Malar colony,60,08-09-2023
18659,Chennai,Zone 12 D156 Mugalivakkam,59.7,08-09-2023
18660,Chennai,Zone 11 Valasaravakkam,56.7,08-09-2023
18661,Chennai,Alandur,56.2,08-09-2023
18662,Chennai,Zone 06 D65 Kolathur,51.6,08-09-2023
18663,Chennai,Zone 10 Kodambakkam,50.7,08-09-2023
18664,Chennai,Zone 14 Perungudi,50.1,08-09-2023
18665,Chennai,Ambathur,49.8,08-09-2023
18666,Chennai,DGP Office,49.6,08-09-2023
18667,Chennai,Zone 05 Royapuram,49.5,08-09-2023
18668,Chennai,Anna university,48.4,08-09-2023
18669,Chennai,Zone 07 Ambattur,47.4,08-09-2023
18670,Chennai,Chennai collectorate building,47.3,08-09-2023
18671,Chennai,Zone 07 U18 D81 Vanagaram,47.03,08-09-2023
18672,Chennai,Zone 09 Ice House,47.03,08-09-2023
18673,Chennai,Zone 13 U39 Adyar,46.5,08-09-2023
18674,Chennai,Zone 05 GCC,45,08-09-2023
18675,Chennai,Gov hr sec school MGR Nagar,42.4,08-09-2023
18676,Chennai,Chennai nungambakkam,41.5,08-09-2023
18677,Chennai,Perambur Corporation park,38.4,08-09-2023
18678,Chennai,Zone 08 Anna Nagar,38.4,08-09-2023
18679,Chennai,Zone 14 U41 Perungudi,36,08-09-2023
18680,Chennai,Ayanavaram taluk office,35,08-09-2023
18681,Chennai,Sholinganallur,32.4,08-09-2023
18682,Chennai,CD Hospital Tondiarpet,28.2,08-09-2023
18683,Chennai,Zone 03 Madhavaram,27.9,08-09-2023
18684,Chennai,Zone 04 Tondiarpet,27.9,08-09-2023
18685,Chennai,Ambattur,22.6,08-09-2023
18686,Chennai,Zone 06 T.V.K Nagar,21.6,08-09-2023
18687,Chennai,Zone 11 U32 Maduravoyal,20.7,08-09-2023
18688,Chennai,Zone 02 D15 Manali,19.57,08-09-2023
18689,Chennai,Zone 01 Thiruvottiyur,18.67,08-09-2023
18690,Chennai,Zone 09 Teynampet,12.9,08-09-2023
18691,Chennai,Anna Nagar,12.8,08-09-2023
18692,Chennai,Valasaravakkam,11.8,08-09-2023
18693,Chennai,Zone 03 Puzhal,10.2,08-09-2023
18694,Chennai,Zone 01 Kathivakkam,9.9,08-09-2023
18695,Chennai,Zone 12 Meenambakkam,9.9,08-09-2023
18696,Chennai,Kodambakkam,9.6,08-09-2023
18697,Chennai,Zone 15 Sholinganallur,8.4,08-09-2023
18698,Chennai,Thiruvottiyur,2,08-09-2023
18699,Chennai,Zone 15 Uthandi,1.8,08-09-2023
18700,Chennai,Zone 02 Manali,0.9,08-09-2023
18701,Chennai,Manali,0.6,08-09-2023
18702,Chennai,Teynampet,0.6,08-09-2023
18703,Chennai,Perungudi,0.6,08-09-2023
18704,Chennai,Royapuram,0.2,08-09-2023
18705,Chennai,Zone 05 GCC,0.3,09-09-2023
18706,Chennai,Zone 14 U41 Perungudi,0.3,09-09-2023
18707,Chennai,Tondairpet,0.2,09-09-2023
18708,Chennai,Royapuram,0.2,09-09-2023
18709,Chennai,Kodambakkam,0.2,09-09-2023
18710,Chennai,Sholinganallur,8.6,10-09-2023
18711,Chennai,Zone 14 Perungudi,5.7,10-09-2023
18712,Chennai,Zone 14 U41 Perungudi,3.9,10-09-2023
18713,Chennai,Zone 06 T.V.K Nagar,3.3,10-09-2023
18714,Chennai,Perambur Corporation park,2.4,10-09-2023
18715,Chennai,Zone 12 D156 Mugalivakkam,2.4,10-09-2023
18716,Chennai,Zone 03 Madhavaram,1.8,10-09-2023
18717,Chennai,Zone 13 Adyar Eco Park,1.8,10-09-2023
18718,Chennai,Zone 11 Valasaravakkam,1.35,10-09-2023
18719,Chennai,Zone 06 D65 Kolathur,1.2,10-09-2023
18720,Chennai,Zone 13 Adyar,1.2,10-09-2023
18721,Chennai,Ayanavaram taluk office,1,10-09-2023
18722,Chennai,Valasaravakkam,1,10-09-2023
18723,Chennai,Sholinganallur,1,10-09-2023
18724,Chennai,Zone 05 Royapuram,0.9,10-09-2023
18725,Chennai,Alandur,0.8,10-09-2023
18726,Chennai,Adyar,0.6,10-09-2023
18727,Chennai,Zone 05 GCC,0.6,10-09-2023
18728,Chennai,Zone 07 Ambattur,0.6,10-09-2023
18729,Chennai,Zone 12 Meenambakkam,0.6,10-09-2023
18730,Chennai,Zone 15 Sholinganallur,0.6,10-09-2023
18731,Chennai,Zone 04 Tondiarpet,0.45,10-09-2023
18732,Chennai,Zone 07 U18 D81 Vanagaram,0.45,10-09-2023
18733,Chennai,Zone 15 Uthandi,0.45,10-09-2023
18734,Chennai,Zone 08 Anna Nagar,0.3,10-09-2023
18735,Chennai,Zone 10 Kodambakkam,0.3,10-09-2023
18736,Chennai,Zone 13 U39 Adyar,0.3,10-09-2023
18737,Chennai,Zone 01 Thiruvottiyur,0.22,10-09-2023
18738,Chennai,Gov hr sec school MGR Nagar,0.2,10-09-2023
18739,Chennai,Teynampet,0.2,10-09-2023
18740,Chennai,Zone 07 Ambattur,1.35,12-09-2023
18741,Chennai,Zone 15 Sholinganallur,0.9,12-09-2023
18742,Chennai,Teynampet,0.2,12-09-2023
18743,Chennai,Sholinganallur,32.3,14-09-2023
18744,Chennai,Zone 07 Ambattur,17.7,14-09-2023
18745,Chennai,Zone 08 Malar colony,17.1,14-09-2023
18746,Chennai,Zone 14 Perungudi,12.3,14-09-2023
18747,Chennai,Zone 15 Sholinganallur,11.4,14-09-2023
18748,Chennai,Ambathur,10.2,14-09-2023
18749,Chennai,Zone 10 Kodambakkam,9.3,14-09-2023
18750,Chennai,Zone 08 Anna Nagar,8.7,14-09-2023
18751,Chennai,Zone 11 Valasaravakkam,8.7,14-09-2023
18752,Chennai,Anna university,8.2,14-09-2023
18753,Chennai,Ayanavaram taluk office,8,14-09-2023
18754,Chennai,Zone 12 D156 Mugalivakkam,7.8,14-09-2023
18755,Chennai,Alandur,7.5,14-09-2023
18756,Chennai,Zone 09 Ice House,7.05,14-09-2023
18757,Chennai,Zone 15 Uthandi,6.45,14-09-2023
18758,Chennai,DGP Office,6.4,14-09-2023
18759,Chennai,Perambur Corporation park,6.4,14-09-2023
18760,Chennai,Zone 05 GCC,5.8,14-09-2023
18761,Chennai,Zone 05 Royapuram,5.7,14-09-2023
18762,Chennai,Zone 07 U18 D81 Vanagaram,5.7,14-09-2023
18763,Chennai,Chennai nungambakkam,5.2,14-09-2023
18764,Chennai,CD Hospital Tondiarpet,5,14-09-2023
18765,Chennai,Zone 13 U39 Adyar,5,14-09-2023
18766,Chennai,Zone 06 T.V.K Nagar,4.6,14-09-2023
18767,Chennai,Zone 02 Manali,4.35,14-09-2023
18768,Chennai,Zone 12 Meenambakkam,4.2,14-09-2023
18769,Chennai,Zone 14 U41 Perungudi,4.2,14-09-2023
18770,Chennai,Zone 06 D65 Kolathur,4,14-09-2023
18771,Chennai,Gov hr sec school MGR Nagar,3.6,14-09-2023
18772,Chennai,Zone 04 Tondiarpet,3.15,14-09-2023
18773,Chennai,Zone 01 Thiruvottiyur,3,14-09-2023
18774,Chennai,Zone 03 Madhavaram,2.6,14-09-2023
18775,Chennai,Chennai collectorate building,2.3,14-09-2023
18776,Chennai,Zone 03 Puzhal,2.2,14-09-2023
18777,Chennai,Zone 13 Adyar,2,14-09-2023
18778,Chennai,Zone 02 D15 Manali,1.95,14-09-2023
18779,Chennai,Zone 11 U32 Maduravoyal,1.4,14-09-2023
18780,Chennai,Zone 13 Adyar Eco Park,1.35,14-09-2023
18781,Chennai,Zone 01 Kathivakkam,1,14-09-2023
18782,Chennai,Zone 09 Teynampet,0.2,14-09-2023
18783,Chennai,Zone 14 U41 Perungudi,24.6,15-09-2023
18784,Chennai,Zone 14 Perungudi,18.3,15-09-2023
18785,Chennai,Anna university,16.4,15-09-2023
18786,Chennai,Zone 15 Uthandi,12.3,15-09-2023
18787,Chennai,Zone 12 D156 Mugalivakkam,6.6,15-09-2023
18788,Chennai,Alandur,6.2,15-09-2023
18789,Chennai,Zone 12 Meenambakkam,6,15-09-2023
18790,Chennai,Zone 07 Ambattur,5.7,15-09-2023
18791,Chennai,Zone 13 U39 Adyar,5.6,15-09-2023
18792,Chennai,Zone 03 Puzhal,4.8,15-09-2023
18793,Chennai,DGP Office,4.6,15-09-2023
18794,Chennai,Zone 03 Madhavaram,4.5,15-09-2023
18795,Chennai,Gov hr sec school MGR Nagar,4.2,15-09-2023
18796,Chennai,Sholinganallur,4.2,15-09-2023
18797,Chennai,Zone 15 Sholinganallur,4.2,15-09-2023
18798,Chennai,Zone 06 D65 Kolathur,3.9,15-09-2023
18799,Chennai,Zone 11 Valasaravakkam,2.7,15-09-2023
18800,Chennai,Zone 13 Adyar Eco Park,2.7,15-09-2023
18801,Chennai,Ambathur,2.6,15-09-2023
18802,Chennai,Zone 11 U32 Maduravoyal,2.4,15-09-2023
18803,Chennai,Zone 13 Adyar,2.2,15-09-2023
18804,Chennai,Zone 08 Malar colony,2.1,15-09-2023
18805,Chennai,Zone 07 U18 D81 Vanagaram,1.5,15-09-2023
18806,Chennai,CD Hospital Tondiarpet,1.4,15-09-2023
18807,Chennai,Zone 02 Manali,1.35,15-09-2023
18808,Chennai,Zone 01 Kathivakkam,1.2,15-09-2023
18809,Chennai,Zone 10 Kodambakkam,1.2,15-09-2023
18810,Chennai,Zone 08 Anna Nagar,0.9,15-09-2023
18811,Chennai,Zone 01 Thiruvottiyur,0.6,15-09-2023
18812,Chennai,Zone 02 D15 Manali,0.45,15-09-2023
18813,Chennai,Zone 04 Tondiarpet,0.45,15-09-2023
18814,Chennai,Chennai nungambakkam,0.4,15-09-2023
18815,Chennai,Zone 05 Royapuram,0.3,15-09-2023
18816,Chennai,Zone 09 Ice House,0.3,15-09-2023
18817,Chennai,Zone 06 T.V.K Nagar,0.2,15-09-2023
18818,Chennai,Zone 09 Teynampet,0.2,15-09-2023
18819,Chennai,Zone 01 Kathivakkam,43.5,16-09-2023
18820,Chennai,Zone 02 Manali,18,16-09-2023
18821,Chennai,Zone 03 Puzhal,17.4,16-09-2023
18822,Chennai,Zone 01 Thiruvottiyur,14.25,16-09-2023
18823,Chennai,Zone 03 Madhavaram,12,16-09-2023
18824,Chennai,Zone 02 D15 Manali,11.4,16-09-2023
18825,Chennai,Zone 07 Ambattur,5.7,16-09-2023
18826,Chennai,Zone 06 D65 Kolathur,4.8,16-09-2023
18827,Chennai,Puzhal,4.6,16-09-2023
18828,Chennai,CD Hospital Tondiarpet,2.8,16-09-2023
18829,Chennai,Zone 07 U18 D81 Vanagaram,2.55,16-09-2023
18830,Chennai,Zone 04 Tondiarpet,2.1,16-09-2023
18831,Chennai,Zone 11 U32 Maduravoyal,1.2,16-09-2023
18832,Chennai,Zone 08 Malar colony,0.9,16-09-2023
18833,Chennai,Zone 05 Royapuram,0.75,16-09-2023
18834,Chennai,Alandur,0.6,16-09-2023
18835,Chennai,Thiruvottiyur,0.6,16-09-2023
18836,Chennai,Tondairpet,0.6,16-09-2023
18837,Chennai,Zone 10 Kodambakkam,0.6,16-09-2023
18838,Chennai,Zone 11 Valasaravakkam,0.6,16-09-2023
18839,Chennai,Chennai nungambakkam,0.3,16-09-2023
18840,Chennai,Thiru-Vi-Ka Nagar,0.2,16-09-2023
18841,Chennai,Zone 05 GCC,0.2,16-09-2023
18842,Chennai,Zone 12 Meenambakkam,0.2,16-09-2023
18843,Chennai,Zone 07 Ambattur,73.8,17-09-2023
18844,Chennai,Zone 01 Kathivakkam,70.2,17-09-2023
18845,Chennai,Perambur Corporation park,62.4,17-09-2023
18846,Chennai,Zone 11 Valasaravakkam,56.4,17-09-2023
18847,Chennai,Zone 08 Anna Nagar,54.3,17-09-2023
18848,Chennai,DGP Office,52.4,17-09-2023
18849,Chennai,Ayanavaram taluk office,52,17-09-2023
18850,Chennai,Zone 11 U32 Maduravoyal,51.6,17-09-2023
18851,Chennai,Zone 08 Malar colony,50.1,17-09-2023
18852,Chennai,Zone 10 Kodambakkam,47.7,17-09-2023
18853,Chennai,Zone 13 Adyar Eco Park,44.85,17-09-2023
18854,Chennai,Chennai nungambakkam,43,17-09-2023
18855,Chennai,Zone 14 Perungudi,42.9,17-09-2023
18856,Chennai,CD Hospital Tondiarpet,42.4,17-09-2023
18857,Chennai,Chennai collectorate building,42.3,17-09-2023
18858,Chennai,Zone 01 Thiruvottiyur,42,17-09-2023
18859,Chennai,Ambathur,38.4,17-09-2023
18860,Chennai,Gov hr sec school MGR Nagar,36.2,17-09-2023
18861,Chennai,Zone 05 Royapuram,34.5,17-09-2023
18862,Chennai,Alandur,34.4,17-09-2023
18863,Chennai,Zone 12 D156 Mugalivakkam,33.9,17-09-2023
18864,Chennai,Anna university,32.6,17-09-2023
18865,Chennai,Sholinganallur,32.4,17-09-2023
18866,Chennai,Zone 06 D65 Kolathur,32.1,17-09-2023
18867,Chennai,Zone 09 Ice House,31.8,17-09-2023
18868,Chennai,Zone 14 U41 Perungudi,31.8,17-09-2023
18869,Chennai,Zone 07 U18 D81 Vanagaram,31.65,17-09-2023
18870,Chennai,Zone 05 GCC,31.6,17-09-2023
18871,Chennai,Zone 04 Tondiarpet,30.45,17-09-2023
18872,Chennai,Zone 15 Sholinganallur,30,17-09-2023
18873,Chennai,Zone 02 D15 Manali,27.15,17-09-2023
18874,Chennai,Zone 13 Adyar,26.6,17-09-2023
18875,Chennai,Zone 06 T.V.K Nagar,25.2,17-09-2023
18876,Chennai,Zone 12 Meenambakkam,24.6,17-09-2023
18877,Chennai,Ambattur,22,17-09-2023
18878,Chennai,Zone 15 Uthandi,21.45,17-09-2023
18879,Chennai,Kodambakkam,21.4,17-09-2023
18880,Chennai,Zone 03 Madhavaram,21.3,17-09-2023
18881,Chennai,Zone 13 U39 Adyar,19,17-09-2023
18882,Chennai,Zone 02 Manali,16.05,17-09-2023
18883,Chennai,Zone 03 Puzhal,15.9,17-09-2023
18884,Chennai,Tondairpet,12.8,17-09-2023
18885,Chennai,Manali,10.4,17-09-2023
18886,Chennai,Adyar,9.4,17-09-2023
18887,Chennai,Sholinganallur,8.8,17-09-2023
18888,Chennai,Puzhal,7.4,17-09-2023
18889,Chennai,Teynampet,6.4,17-09-2023
18890,Chennai,Anna Nagar,6,17-09-2023
18891,Chennai,Zone 09 Teynampet,5.8,17-09-2023
18892,Chennai,Royapuram,4.6,17-09-2023
18893,Chennai,Zone 07 Ambattur,13.8,18-09-2023
18894,Chennai,Zone 03 Puzhal,5.7,18-09-2023
18895,Chennai,CD Hospital Tondiarpet,5.4,18-09-2023
18896,Chennai,Zone 01 Kathivakkam,3.9,18-09-2023
18897,Chennai,Ambathur,3,18-09-2023
18898,Chennai,Zone 06 D65 Kolathur,3,18-09-2023
18899,Chennai,Zone 07 U18 D81 Vanagaram,3,18-09-2023
18900,Chennai,Anna university,2.8,18-09-2023
18901,Chennai,Zone 08 Malar colony,2.4,18-09-2023
18902,Chennai,Perambur Corporation park,2.2,18-09-2023
18903,Chennai,Ayanavaram taluk office,2,18-09-2023
18904,Chennai,Zone 06 T.V.K Nagar,1.4,18-09-2023
18905,Chennai,Chennai nungambakkam,1.2,18-09-2023
18906,Chennai,Zone 03 Madhavaram,1.2,18-09-2023
18907,Chennai,Zone 10 Kodambakkam,0.9,18-09-2023
18908,Chennai,Zone 11 Valasaravakkam,0.9,18-09-2023
18909,Chennai,Anna Nagar,0.8,18-09-2023
18910,Chennai,Zone 08 Anna Nagar,0.6,18-09-2023
18911,Chennai,Zone 15 Uthandi,0.6,18-09-2023
18912,Chennai,Zone 12 D156 Mugalivakkam,0.3,18-09-2023
18913,Chennai,Valasaravakkam,0.2,18-09-2023
18914,Chennai,Zone 05 GCC,0.2,18-09-2023
18915,Chennai,Zone 13 Adyar,0.2,18-09-2023
18916,Chennai,CD Hospital Tondiarpet,63.2,19-09-2023
18917,Chennai,Zone 03 Madhavaram,59.1,19-09-2023
18918,Chennai,Zone 03 Puzhal,56.1,19-09-2023
18919,Chennai,Gov hr sec school MGR Nagar,52.8,19-09-2023
18920,Chennai,Zone 10 Kodambakkam,46.5,19-09-2023
18921,Chennai,Zone 04 Tondiarpet,43.35,19-09-2023
18922,Chennai,Anna university,42.6,19-09-2023
18923,Chennai,Chennai collectorate building,42.3,19-09-2023
18924,Chennai,Zone 05 Royapuram,40.5,19-09-2023
18925,Chennai,Zone 11 Valasaravakkam,39,19-09-2023
18926,Chennai,Sholinganallur,37.6,19-09-2023
18927,Chennai,Puzhal,37.6,19-09-2023
18928,Chennai,Royapuram,33.2,19-09-2023
18929,Chennai,Zone 01 Thiruvottiyur,29.25,19-09-2023
18930,Chennai,Perambur Corporation park,27.4,19-09-2023
18931,Chennai,Zone 02 Manali,24.45,19-09-2023
18932,Chennai,Zone 01 Kathivakkam,24.3,19-09-2023
18933,Chennai,Chennai nungambakkam,23.1,19-09-2023
18934,Chennai,Zone 09 Ice House,22.05,19-09-2023
18935,Chennai,Zone 08 Anna Nagar,18,19-09-2023
18936,Chennai,Zone 05 GCC,17.6,19-09-2023
18937,Chennai,Zone 14 U41 Perungudi,17.4,19-09-2023
18938,Chennai,Zone 11 U32 Maduravoyal,17.1,19-09-2023
18939,Chennai,Tondairpet,13.6,19-09-2023
18940,Chennai,Ayanavaram taluk office,13,19-09-2023
18941,Chennai,DGP Office,12.6,19-09-2023
18942,Chennai,Zone 06 T.V.K Nagar,11.4,19-09-2023
18943,Chennai,Perungudi,11,19-09-2023
18944,Chennai,Zone 06 D65 Kolathur,10.2,19-09-2023
18945,Chennai,Zone 13 U39 Adyar,8.8,19-09-2023
18946,Chennai,Zone 13 Adyar,4.6,19-09-2023
18947,Chennai,Zone 02 D15 Manali,4.5,19-09-2023
18948,Chennai,Alandur,4.4,19-09-2023
18949,Chennai,Zone 13 Adyar Eco Park,3.6,19-09-2023
18950,Chennai,Zone 12 Meenambakkam,3.2,19-09-2023
18951,Chennai,Ambathur,3,19-09-2023
18952,Chennai,Anna Nagar,3,19-09-2023
18953,Chennai,Zone 09 Teynampet,3,19-09-2023
18954,Chennai,Zone 08 Malar colony,2.7,19-09-2023
18955,Chennai,Zone 14 Perungudi,2.7,19-09-2023
18956,Chennai,Teynampet,1.6,19-09-2023
18957,Chennai,Zone 07 U18 D81 Vanagaram,1.2,19-09-2023
18958,Chennai,Zone 15 Sholinganallur,1.2,19-09-2023
18959,Chennai,Kodambakkam,1,19-09-2023
18960,Chennai,Zone 07 Ambattur,0.9,19-09-2023
18961,Chennai,Sholinganallur,0.6,19-09-2023
18962,Chennai,Adyar,0.2,19-09-2023
18963,Chennai,Zone 15 Uthandi,0.15,19-09-2023
18964,Chennai,Zone 01 Kathivakkam,3.3,20-09-2023
18965,Chennai,Zone 09 Ice House,2.25,20-09-2023
18966,Chennai,Zone 05 Royapuram,1.65,20-09-2023
18967,Chennai,Zone 05 GCC,1.6,20-09-2023
18968,Chennai,Zone 04 Tondiarpet,1.5,20-09-2023
18969,Chennai,Zone 02 Manali,1.35,20-09-2023
18970,Chennai,Zone 13 Adyar Eco Park,1.35,20-09-2023
18971,Chennai,Zone 03 Puzhal,1.2,20-09-2023
18972,Chennai,Zone 08 Anna Nagar,1.2,20-09-2023
18973,Chennai,Zone 03 Madhavaram,0.9,20-09-2023
18974,Chennai,Zone 06 D65 Kolathur,0.9,20-09-2023
18975,Chennai,Zone 02 D15 Manali,0.6,20-09-2023
18976,Chennai,Zone 07 Ambattur,0.6,20-09-2023
18977,Chennai,Zone 08 Malar colony,0.6,20-09-2023
18978,Chennai,Zone 09 Teynampet,0.4,20-09-2023
18979,Chennai,Zone 10 Kodambakkam,0.3,20-09-2023
18980,Chennai,Adyar,0.2,20-09-2023
18981,Chennai,Zone 13 Adyar,0.2,20-09-2023
18982,Chennai,Zone 07 U18 D81 Vanagaram,0.15,20-09-2023
18983,Chennai,Alandur,2,21-09-2023
18984,Chennai,Zone 15 Sholinganallur,32.4,22-09-2023
18985,Chennai,Zone 12 D156 Mugalivakkam,30,22-09-2023
18986,Chennai,Zone 15 Uthandi,17.4,22-09-2023
18987,Chennai,Zone 14 U41 Perungudi,15.6,22-09-2023
18988,Chennai,Zone 06 D65 Kolathur,13.8,22-09-2023
18989,Chennai,Zone 12 Meenambakkam,13.2,22-09-2023
18990,Chennai,DGP Office,8.2,22-09-2023
18991,Chennai,Zone 08 Malar colony,8.1,22-09-2023
18992,Chennai,Sholinganallur,7.5,22-09-2023
18993,Chennai,Zone 02 D15 Manali,7.5,22-09-2023
18994,Chennai,Gov hr sec school MGR Nagar,6.9,22-09-2023
18995,Chennai,Zone 11 U32 Maduravoyal,6.3,22-09-2023
18996,Chennai,Zone 13 U39 Adyar,5.6,22-09-2023
18997,Chennai,Zone 07 Ambattur,3.6,22-09-2023
18998,Chennai,Zone 09 Ice House,3.6,22-09-2023
18999,Chennai,Zone 07 U18 D81 Vanagaram,3,22-09-2023
19000,Chennai,Anna university,2.6,22-09-2023
19001,Chennai,Alandur,2.3,22-09-2023
19002,Chennai,Zone 03 Madhavaram,1.8,22-09-2023
19003,Chennai,Zone 03 Puzhal,1.8,22-09-2023
19004,Chennai,Zone 02 Manali,1.35,22-09-2023
19005,Chennai,Chennai nungambakkam,1.3,22-09-2023
19006,Chennai,Zone 10 Kodambakkam,1.2,22-09-2023
19007,Chennai,Zone 01 Thiruvottiyur,0.9,22-09-2023
19008,Chennai,Zone 05 Royapuram,0.9,22-09-2023
19009,Chennai,Zone 11 Valasaravakkam,0.9,22-09-2023
19010,Chennai,Zone 14 Perungudi,0.9,22-09-2023
19011,Chennai,Zone 01 Kathivakkam,0.6,22-09-2023
19012,Chennai,Zone 05 GCC,0.6,22-09-2023
19013,Chennai,Zone 13 Adyar Eco Park,0.45,22-09-2023
19014,Chennai,Zone 04 Tondiarpet,0.3,22-09-2023
19015,Chennai,Zone 09 Teynampet,0.2,22-09-2023
19016,Chennai,Zone 13 U39 Adyar,153,23-09-2023
19017,Chennai,Zone 12 Alandhur,1.8,23-09-2023
19018,Chennai,Zone 03 Madhavaram,1.5,23-09-2023
19019,Chennai,Zone 12 Alandhur,45.6,24-09-2023
19020,Chennai,Zone 15 Sholinganallur,44.7,24-09-2023
19021,Chennai,Zone 11 U32 Maduravoyal,25.5,24-09-2023
19022,Chennai,Chennai collectorate building,25.4,24-09-2023
19023,Chennai,Zone 05 Royapuram,24.6,24-09-2023
19024,Chennai,Zone 13 U39 Adyar,20.1,24-09-2023
19025,Chennai,Gov hr sec school MGR Nagar,18.3,24-09-2023
19026,Chennai,Zone 11 Valasaravakkam,18.3,24-09-2023
19027,Chennai,Sholinganallur,17.5,24-09-2023
19028,Chennai,Zone 15 Uthandi,16.05,24-09-2023
19029,Chennai,Zone 12 Meenambakkam,15.6,24-09-2023
19030,Chennai,Zone 01 Kathivakkam,15.3,24-09-2023
19031,Chennai,Zone 12 D156 Mugalivakkam,14.7,24-09-2023
19032,Chennai,Zone 06 T.V.K Nagar,13.2,24-09-2023
19033,Chennai,Zone 14 U41 Perungudi,13.2,24-09-2023
19034,Chennai,Alandur,11.6,24-09-2023
19035,Chennai,Zone 06 D65 Kolathur,10.2,24-09-2023
19036,Chennai,Zone 13 Adyar,10.2,24-09-2023
19037,Chennai,Zone 02 D15 Manali,9.9,24-09-2023
19038,Chennai,Zone 10 Kodambakkam,9.3,24-09-2023
19039,Chennai,Zone 14 Perungudi,8.7,24-09-2023
19040,Chennai,Anna university,6.8,24-09-2023
19041,Chennai,CD Hospital Tondiarpet,6.4,24-09-2023
19042,Chennai,Zone 08 Malar colony,6,24-09-2023
19043,Chennai,Zone 13 Adyar Eco Park,5.4,24-09-2023
19044,Chennai,Zone 04 Tondiarpet,4.95,24-09-2023
19045,Chennai,Tondairpet,4.4,24-09-2023
19046,Chennai,DGP Office,4.2,24-09-2023
19047,Chennai,Zone 05 GCC,4.2,24-09-2023
19048,Chennai,Chennai nungambakkam,3.3,24-09-2023
19049,Chennai,Perambur Corporation park,3.2,24-09-2023
19050,Chennai,Valasaravakkam,2.8,24-09-2023
19051,Chennai,Thiru-Vi-Ka Nagar,2.4,24-09-2023
19052,Chennai,Zone 07 U18 D81 Vanagaram,1.95,24-09-2023
19053,Chennai,Zone 09 Teynampet,1.8,24-09-2023
19054,Chennai,Zone 02 Manali,1.65,24-09-2023
19055,Chennai,Zone 03 Madhavaram,1.2,24-09-2023
19056,Chennai,Zone 03 Puzhal,1.2,24-09-2023
19057,Chennai,Zone 08 Anna Nagar,0.9,24-09-2023
19058,Chennai,Zone 01 Thiruvottiyur,0.75,24-09-2023
19059,Chennai,Zone 07 Ambattur,0.3,24-09-2023
19060,Chennai,Zone 15 Sholinganallur,66.9,25-09-2023
19061,Chennai,Zone 08 Malar colony,53.4,25-09-2023
19062,Chennai,Zone 15 Uthandi,39.15,25-09-2023
19063,Chennai,Zone 08 Anna Nagar,39,25-09-2023
19064,Chennai,Ayanavaram taluk office,38,25-09-2023
19065,Chennai,Sholinganallur,35.6,25-09-2023
19066,Chennai,Zone 03 Madhavaram,33,25-09-2023
19067,Chennai,Perambur Corporation park,31.3,25-09-2023
19068,Chennai,CD Hospital Tondiarpet,30,25-09-2023
19069,Chennai,Zone 07 Ambattur,24.3,25-09-2023
19070,Chennai,Sholinganallur,22.5,25-09-2023
19071,Chennai,Zone 06 T.V.K Nagar,21.2,25-09-2023
19072,Chennai,Gov hr sec school MGR Nagar,18.6,25-09-2023
19073,Chennai,Zone 05 GCC,18.2,25-09-2023
19074,Chennai,Zone 04 Tondiarpet,16.65,25-09-2023
19075,Chennai,Zone 14 U41 Perungudi,16.5,25-09-2023
19076,Chennai,Alandur,16.4,25-09-2023
19077,Chennai,Zone 12 D156 Mugalivakkam,16.2,25-09-2023
19078,Chennai,Zone 06 D65 Kolathur,15.6,25-09-2023
19079,Chennai,Zone 12 Meenambakkam,15.3,25-09-2023
19080,Chennai,Zone 14 Perungudi,13.8,25-09-2023
19081,Chennai,Zone 12 Alandhur,12.6,25-09-2023
19082,Chennai,Zone 13 Adyar,12.3,25-09-2023
19083,Chennai,Zone 13 Adyar Eco Park,11.4,25-09-2023
19084,Chennai,Zone 13 U39 Adyar,11.4,25-09-2023
19085,Chennai,Anna university,10.2,25-09-2023
19086,Chennai,Ambathur,10,25-09-2023
19087,Chennai,DGP Office,8.6,25-09-2023
19088,Chennai,Zone 11 Valasaravakkam,8.4,25-09-2023
19089,Chennai,Chennai collectorate building,8.2,25-09-2023
19090,Chennai,Zone 07 U18 D81 Vanagaram,7.35,25-09-2023
19091,Chennai,Zone 10 Kodambakkam,7.2,25-09-2023
19092,Chennai,Adyar,6.4,25-09-2023
19093,Chennai,Zone 11 U32 Maduravoyal,6.3,25-09-2023
19094,Chennai,Chennai nungambakkam,6.2,25-09-2023
19095,Chennai,Zone 03 Puzhal,6,25-09-2023
19096,Chennai,Zone 05 Royapuram,6,25-09-2023
19097,Chennai,Zone 09 Ice House,3,25-09-2023
19098,Chennai,Zone 01 Thiruvottiyur,2.7,25-09-2023
19099,Chennai,Valasaravakkam,2,25-09-2023
19100,Chennai,Zone 09 Teynampet,1,25-09-2023
19101,Chennai,Tondairpet,0.8,25-09-2023
19102,Chennai,Manali,0.2,25-09-2023
19103,Chennai,Puzhal,0.2,25-09-2023
19104,Chennai,Zone 15 Uthandi,29.4,26-09-2023
19105,Chennai,Zone 15 Sholinganallur,27.3,26-09-2023
19106,Chennai,Sholinganallur,17.2,26-09-2023
19107,Chennai,Zone 03 Puzhal,11.7,26-09-2023
19108,Chennai,Manali,11,26-09-2023
19109,Chennai,Zone 03 Madhavaram,6.3,26-09-2023
19110,Chennai,Zone 02 Manali,5.7,26-09-2023
19111,Chennai,Sholinganallur,5.3,26-09-2023
19112,Chennai,Puzhal,4.8,26-09-2023
19113,Chennai,Zone 05 GCC,3.2,26-09-2023
19114,Chennai,Zone 02 D15 Manali,2.7,26-09-2023
19115,Chennai,Zone 06 T.V.K Nagar,2,26-09-2023
19116,Chennai,Zone 06 D65 Kolathur,1.5,26-09-2023
19117,Chennai,Zone 07 Ambattur,1.5,26-09-2023
19118,Chennai,Zone 09 Ice House,1.05,26-09-2023
19119,Chennai,Chennai nungambakkam,0.8,26-09-2023
19120,Chennai,Tondairpet,0.6,26-09-2023
19121,Chennai,Zone 01 Kathivakkam,0.6,26-09-2023
19122,Chennai,Zone 01 Thiruvottiyur,0.45,26-09-2023
19123,Chennai,Alandur,0.4,26-09-2023
19124,Chennai,Thiruvottiyur,0.4,26-09-2023
19125,Chennai,Zone 12 Meenambakkam,0.3,26-09-2023
19126,Chennai,Zone 13 Adyar,0.3,26-09-2023
19127,Chennai,Zone 07 Ambattur,43.2,27-09-2023
19128,Chennai,Ambathur,15,27-09-2023
19129,Chennai,Zone 03 Madhavaram,14.4,27-09-2023
19130,Chennai,Zone 01 Kathivakkam,13.5,27-09-2023
19131,Chennai,Sholinganallur,13.3,27-09-2023
19132,Chennai,Zone 06 D65 Kolathur,12.3,27-09-2023
19133,Chennai,Zone 07 U18 D81 Vanagaram,10.95,27-09-2023
19134,Chennai,Chennai collectorate building,10.4,27-09-2023
19135,Chennai,Gov hr sec school MGR Nagar,8.4,27-09-2023
19136,Chennai,DGP Office,6.2,27-09-2023
19137,Chennai,Perambur Corporation park,5.2,27-09-2023
19138,Chennai,Zone 15 Sholinganallur,5.1,27-09-2023
19139,Chennai,Puzhal,4.8,27-09-2023
19140,Chennai,Zone 02 D15 Manali,4.65,27-09-2023
19141,Chennai,Manali,4.4,27-09-2023
19142,Chennai,Anna university,4.2,27-09-2023
19143,Chennai,Zone 03 Puzhal,3.9,27-09-2023
19144,Chennai,Zone 08 Malar colony,3.9,27-09-2023
19145,Chennai,Zone 11 U32 Maduravoyal,3.9,27-09-2023
19146,Chennai,Zone 05 Royapuram,3.6,27-09-2023
19147,Chennai,Chennai nungambakkam,3.5,27-09-2023
19148,Chennai,Zone 08 Anna Nagar,3.3,27-09-2023
19149,Chennai,Zone 15 Uthandi,3.15,27-09-2023
19150,Chennai,Zone 13 U39 Adyar,3,27-09-2023
19151,Chennai,Zone 09 Ice House,2.4,27-09-2023
19152,Chennai,Zone 05 GCC,2.2,27-09-2023
19153,Chennai,Ayanavaram taluk office,2,27-09-2023
19154,Chennai,Zone 02 Manali,1.95,27-09-2023
19155,Chennai,Zone 14 Perungudi,1.8,27-09-2023
19156,Chennai,Sholinganallur,1.6,27-09-2023
19157,Chennai,Zone 10 Kodambakkam,1.5,27-09-2023
19158,Chennai,Zone 12 Alandhur,1.5,27-09-2023
19159,Chennai,Alandur,1.2,27-09-2023
19160,Chennai,Zone 06 T.V.K Nagar,1.2,27-09-2023
19161,Chennai,Zone 11 Valasaravakkam,1.2,27-09-2023
19162,Chennai,Zone 14 U41 Perungudi,1.2,27-09-2023
19163,Chennai,Zone 09 Teynampet,0.8,27-09-2023
19164,Chennai,Zone 04 Tondiarpet,0.75,27-09-2023
19165,Chennai,Zone 12 Meenambakkam,0.6,27-09-2023
19166,Chennai,Zone 01 Thiruvottiyur,0.3,27-09-2023
19167,Chennai,Zone 12 D156 Mugalivakkam,0.3,27-09-2023
19168,Chennai,Teynampet,0.2,27-09-2023
19169,Chennai,Zone 15 Sholinganallur,99,28-09-2023
19170,Chennai,Zone 08 Malar colony,63.6,28-09-2023
19171,Chennai,Anna Nagar,44.4,28-09-2023
19172,Chennai,Zone 06 D65 Kolathur,42.3,28-09-2023
19173,Chennai,Zone 07 U18 D81 Vanagaram,41.55,28-09-2023
19174,Chennai,Zone 08 Anna Nagar,40.5,28-09-2023
19175,Chennai,Zone 07 Ambattur,38.7,28-09-2023
19176,Chennai,Zone 14 U41 Perungudi,36.6,28-09-2023
19177,Chennai,Sholinganallur,36.2,28-09-2023
19178,Chennai,Chennai nungambakkam,34.6,28-09-2023
19179,Chennai,Ayanavaram taluk office,34,28-09-2023
19180,Chennai,Zone 12 D156 Mugalivakkam,31.8,28-09-2023
19181,Chennai,Zone 13 U39 Adyar,31.2,28-09-2023
19182,Chennai,Ambathur,30,28-09-2023
19183,Chennai,Perambur Corporation park,29.3,28-09-2023
19184,Chennai,Zone 05 Royapuram,29.25,28-09-2023
19185,Chennai,Puzhal,27,28-09-2023
19186,Chennai,Zone 03 Puzhal,26.4,28-09-2023
19187,Chennai,CD Hospital Tondiarpet,25.8,28-09-2023
19188,Chennai,Zone 03 Madhavaram,21,28-09-2023
19189,Chennai,Perungudi,18.2,28-09-2023
19190,Chennai,Zone 10 Kodambakkam,16.5,28-09-2023
19191,Chennai,Zone 15 Uthandi,16.2,28-09-2023
19192,Chennai,Kodambakkam,16,28-09-2023
19193,Chennai,Royapuram,14,28-09-2023
19194,Chennai,Zone 13 Adyar,12.9,28-09-2023
19195,Chennai,Anna university,12.6,28-09-2023
19196,Chennai,Zone 05 GCC,12.6,28-09-2023
19197,Chennai,Zone 04 Tondiarpet,11.7,28-09-2023
19198,Chennai,Chennai collectorate building,11.3,28-09-2023
19199,Chennai,Gov hr sec school MGR Nagar,10.2,28-09-2023
19200,Chennai,Zone 11 U32 Maduravoyal,9.9,28-09-2023
19201,Chennai,Zone 14 Perungudi,9.6,28-09-2023
19202,Chennai,Zone 12 Alandhur,9.3,28-09-2023
19203,Chennai,DGP Office,8.6,28-09-2023
19204,Chennai,Zone 11 Valasaravakkam,7.5,28-09-2023
19205,Chennai,Alandur,7.4,28-09-2023
19206,Chennai,Zone 13 Adyar Eco Park,6.3,28-09-2023
19207,Chennai,Zone 09 Teynampet,5,28-09-2023
19208,Chennai,Zone 09 Ice House,4.95,28-09-2023
19209,Chennai,Zone 12 Meenambakkam,4.8,28-09-2023
19210,Chennai,Zone 02 Manali,1.65,28-09-2023
19211,Chennai,Zone 01 Thiruvottiyur,0.6,28-09-2023
19212,Chennai,Teynampet,0.2,28-09-2023
19213,Chennai,Adyar,0.2,28-09-2023
19214,Chennai,Zone 15 Sholinganallur,39.6,29-09-2023
19215,Chennai,Sholinganallur,31,29-09-2023
19216,Chennai,Zone 14 U41 Perungudi,27.9,29-09-2023
19217,Chennai,Zone 15 Uthandi,20.85,29-09-2023
19218,Chennai,Sholinganallur,20.4,29-09-2023
19219,Chennai,Zone 12 Meenambakkam,16.8,29-09-2023
19220,Chennai,Alandur,15,29-09-2023
19221,Chennai,Zone 12 D156 Mugalivakkam,14.7,29-09-2023
19222,Chennai,Zone 14 Perungudi,9.3,29-09-2023
19223,Chennai,Zone 13 U39 Adyar,8.1,29-09-2023
19224,Chennai,Zone 09 Ice House,7.05,29-09-2023
19225,Chennai,Chennai nungambakkam,5.7,29-09-2023
19226,Chennai,Zone 06 D65 Kolathur,5.7,29-09-2023
19227,Chennai,Zone 13 Adyar Eco Park,2.85,29-09-2023
19228,Chennai,Perungudi,2.6,29-09-2023
19229,Chennai,Adyar,2.2,29-09-2023
19230,Chennai,Zone 13 Adyar,2.1,29-09-2023
19231,Chennai,Zone 11 U32 Maduravoyal,1.8,29-09-2023
19232,Chennai,Zone 03 Madhavaram,1.2,29-09-2023
19233,Chennai,Zone 09 Teynampet,1.2,29-09-2023
19234,Chennai,Zone 05 Royapuram,1.05,29-09-2023
19235,Chennai,Zone 11 Valasaravakkam,0.9,29-09-2023
19236,Chennai,Zone 08 Malar colony,0.6,29-09-2023
19237,Chennai,Zone 12 Alandhur,0.6,29-09-2023
19238,Chennai,Zone 06 T.V.K Nagar,0.3,29-09-2023
19239,Chennai,Zone 12 Alandhur,65.7,30-09-2023
19240,Chennai,DGP Office,52.6,30-09-2023
19241,Chennai,Zone 12 D156 Mugalivakkam,49.2,30-09-2023
19242,Chennai,Zone 13 Adyar Eco Park,48.6,30-09-2023
19243,Chennai,Zone 13 Adyar,46.8,30-09-2023
19244,Chennai,Alandur,45,30-09-2023
19245,Chennai,Anna university,43.8,30-09-2023
19246,Chennai,Gov hr sec school MGR Nagar,37.5,30-09-2023
19247,Chennai,Zone 10 Kodambakkam,37.5,30-09-2023
19248,Chennai,Zone 09 Ice House,29.4,30-09-2023
19249,Chennai,Zone 03 Madhavaram,27,30-09-2023
19250,Chennai,Zone 01 Thiruvottiyur,26.7,30-09-2023
19251,Chennai,Zone 01 Kathivakkam,24.3,30-09-2023
19252,Chennai,Zone 09 Teynampet,23.7,30-09-2023
19253,Chennai,Zone 11 Valasaravakkam,23.7,30-09-2023
19254,Chennai,Madhavaram,20.8,30-09-2023
19255,Chennai,Chennai collectorate building,20.4,30-09-2023
19256,Chennai,CD Hospital Tondiarpet,20,30-09-2023
19257,Chennai,Zone 11 U32 Maduravoyal,17.7,30-09-2023
19258,Chennai,Zone 06 D65 Kolathur,16.8,30-09-2023
19259,Chennai,Zone 08 Anna Nagar,16.5,30-09-2023
19260,Chennai,Zone 02 Manali,16.35,30-09-2023
19261,Chennai,Zone 13 U39 Adyar,15.6,30-09-2023
19262,Chennai,Valasaravakkam,15.4,30-09-2023
19263,Chennai,Zone 05 Royapuram,14.1,30-09-2023
19264,Chennai,Zone 03 Puzhal,13.5,30-09-2023
19265,Chennai,Zone 14 Perungudi,13.2,30-09-2023
19266,Chennai,Chennai nungambakkam,13.1,30-09-2023
19267,Chennai,Zone 02 D15 Manali,12.45,30-09-2023
19268,Chennai,Zone 06 T.V.K Nagar,12.3,30-09-2023
19269,Chennai,Zone 04 Tondiarpet,10.65,30-09-2023
19270,Chennai,Perambur Corporation park,10.4,30-09-2023
19271,Chennai,Ambathur,10,30-09-2023
19272,Chennai,Ayanavaram taluk office,9,30-09-2023
19273,Chennai,Zone 05 GCC,8,30-09-2023
19274,Chennai,Puzhal,7.8,30-09-2023
19275,Chennai,Thiru-Vi-Ka Nagar,7.6,30-09-2023
19276,Chennai,Zone 07 Ambattur,7.5,30-09-2023
19277,Chennai,Sholinganallur,6.2,30-09-2023
19278,Chennai,Ambattur,5.2,30-09-2023
19279,Chennai,Zone 07 U18 D81 Vanagaram,3.3,30-09-2023
19280,Chennai,Perungudi,2.4,30-09-2023
19281,Chennai,Zone 12 Meenambakkam,2.4,30-09-2023
19282,Chennai,Zone 08 Malar colony,1.8,30-09-2023
19283,Chennai,Royapuram,1.6,30-09-2023
19284,Chennai,Zone 14 U41 Perungudi,1.5,30-09-2023
19285,Chennai,Tondairpet,0.6,30-09-2023
19286,Chennai,Kodambakkam,0.6,30-09-2023
19287,Chennai,Adyar,0.6,30-09-2023
19288,Chennai,Zone 06 T.V.K Nagar,24,01-10-2023
19289,Chennai,Zone 06 D65 Kolathur,19.2,01-10-2023
19290,Chennai,Zone 07 Ambattur,18.3,01-10-2023
19291,Chennai,Zone 05 Royapuram,15.45,01-10-2023
19292,Chennai,Zone 04 Tondiarpet,15.15,01-10-2023
19293,Chennai,Perambur Corporation park,14.2,01-10-2023
19294,Chennai,Zone 02 Manali,13.2,01-10-2023
19295,Chennai,Zone 08 Malar colony,12,01-10-2023
19296,Chennai,Ambathur,10,01-10-2023
19297,Chennai,Zone 03 Madhavaram,9.6,01-10-2023
19298,Chennai,Chennai collectorate building,9.4,01-10-2023
19299,Chennai,Zone 07 U18 D81 Vanagaram,7.5,01-10-2023
19300,Chennai,Zone 03 Puzhal,6.6,01-10-2023
19301,Chennai,Zone 01 Thiruvottiyur,6.45,01-10-2023
19302,Chennai,CD Hospital Tondiarpet,6.4,01-10-2023
19303,Chennai,Zone 08 Anna Nagar,5.7,01-10-2023
19304,Chennai,Zone 05 GCC,3.6,01-10-2023
19305,Chennai,Zone 02 D15 Manali,2.85,01-10-2023
19306,Chennai,Zone 01 Kathivakkam,2.4,01-10-2023
19307,Chennai,Puzhal,0.6,01-10-2023
19308,Chennai,Manali,0.4,01-10-2023
19309,Chennai,Chennai nungambakkam,0.3,01-10-2023
19310,Chennai,Zone 13 Adyar,0.3,01-10-2023
19311,Chennai,Ambathur,8,04-10-2023
19312,Chennai,Zone 12 D156 Mugalivakkam,4.8,04-10-2023
19313,Chennai,Zone 11 Valasaravakkam,3.9,04-10-2023
19314,Chennai,Zone 06 D65 Kolathur,3.6,04-10-2023
19315,Chennai,Zone 12 Meenambakkam,3.3,04-10-2023
19316,Chennai,Alandur,3,04-10-2023
19317,Chennai,Zone 12 Alandhur,2.7,04-10-2023
19318,Chennai,Zone 03 Puzhal,1.8,04-10-2023
19319,Chennai,Zone 13 U39 Adyar,1.8,04-10-2023
19320,Chennai,Zone 04 Tondiarpet,1.65,04-10-2023
19321,Chennai,Zone 08 Malar colony,1.2,04-10-2023
19322,Chennai,Zone 14 Perungudi,1.2,04-10-2023
19323,Chennai,Madhavaram,1,04-10-2023
19324,Chennai,Zone 02 Manali,0.9,04-10-2023
19325,Chennai,Zone 06 T.V.K Nagar,0.9,04-10-2023
19326,Chennai,Zone 07 Ambattur,0.9,04-10-2023
19327,Chennai,Zone 07 U18 D81 Vanagaram,0.9,04-10-2023
19328,Chennai,Tondairpet,0.8,04-10-2023
19329,Chennai,Zone 13 Adyar Eco Park,0.75,04-10-2023
19330,Chennai,Puzhal,0.6,04-10-2023
19331,Chennai,Zone 03 Madhavaram,0.6,04-10-2023
19332,Chennai,Zone 13 Adyar,0.6,04-10-2023
19333,Chennai,Zone 14 U41 Perungudi,0.6,04-10-2023
19334,Chennai,Zone 15 Sholinganallur,0.6,04-10-2023
19335,Chennai,Thiruvottiyur,0.4,04-10-2023
19336,Chennai,Zone 10 Kodambakkam,0.3,04-10-2023
19337,Chennai,Valasaravakkam,0.2,04-10-2023
19338,Chennai,Zone 05 GCC,0.2,04-10-2023
19339,Chennai,Chennai nungambakkam,0.1,04-10-2023
19340,Chennai,Zone 06 T.V.K Nagar,37.5,05-10-2023
19341,Chennai,Perambur Corporation park,27.3,05-10-2023
19342,Chennai,Chennai nungambakkam,25.4,05-10-2023
19343,Chennai,Ayanavaram taluk office,25,05-10-2023
19344,Chennai,Zone 08 Anna Nagar,21.6,05-10-2023
19345,Chennai,Tondairpet,14.4,05-10-2023
19346,Chennai,Zone 09 Ice House,11.4,05-10-2023
19347,Chennai,Zone 06 D65 Kolathur,10.5,05-10-2023
19348,Chennai,Zone 03 Madhavaram,9.6,05-10-2023
19349,Chennai,Zone 14 Perungudi,9.6,05-10-2023
19350,Chennai,Zone 12 Meenambakkam,8.7,05-10-2023
19351,Chennai,Zone 09 Teynampet,8.4,05-10-2023
19352,Chennai,Zone 10 Kodambakkam,8.4,05-10-2023
19353,Chennai,Ambathur,8,05-10-2023
19354,Chennai,Alandur,7.8,05-10-2023
19355,Chennai,Zone 05 Royapuram,7.8,05-10-2023
19356,Chennai,Anna university,7.2,05-10-2023
19357,Chennai,Kodambakkam,7.2,05-10-2023
19358,Chennai,CD Hospital Tondiarpet,6.4,05-10-2023
19359,Chennai,DGP Office,6.2,05-10-2023
19360,Chennai,Sholinganallur,5.3,05-10-2023
19361,Chennai,Sholinganallur,5.2,05-10-2023
19362,Chennai,Zone 15 Sholinganallur,5.1,05-10-2023
19363,Chennai,Zone 08 Malar colony,4.8,05-10-2023
19364,Chennai,Zone 07 Ambattur,3.9,05-10-2023
19365,Chennai,Gov hr sec school MGR Nagar,3.6,05-10-2023
19366,Chennai,Zone 05 GCC,3.6,05-10-2023
19367,Chennai,Zone 04 Tondiarpet,3.3,05-10-2023
19368,Chennai,Chennai collectorate building,3.2,05-10-2023
19369,Chennai,Teynampet,3.2,05-10-2023
19370,Chennai,Zone 02 Manali,2.4,05-10-2023
19371,Chennai,Zone 03 Puzhal,2.4,05-10-2023
19372,Chennai,Anna Nagar,2.2,05-10-2023
19373,Chennai,Puzhal,2.2,05-10-2023
19374,Chennai,Zone 02 D15 Manali,2.1,05-10-2023
19375,Chennai,Zone 13 Adyar,2.1,05-10-2023
19376,Chennai,Zone 12 Alandhur,1.8,05-10-2023
19377,Chennai,Zone 12 D156 Mugalivakkam,1.8,05-10-2023
19378,Chennai,Zone 13 U39 Adyar,1.5,05-10-2023
19379,Chennai,Zone 13 Adyar Eco Park,1.2,05-10-2023
19380,Chennai,Zone 01 Thiruvottiyur,1.05,05-10-2023
19381,Chennai,Zone 07 U18 D81 Vanagaram,0.9,05-10-2023
19382,Chennai,Adyar,0.8,05-10-2023
19383,Chennai,Zone 15 Uthandi,0.75,05-10-2023
19384,Chennai,Perungudi,0.4,05-10-2023
19385,Chennai,Zone 14 U41 Perungudi,0.3,05-10-2023
19386,Chennai,Zone 01 Kathivakkam,8.7,06-10-2023
19387,Chennai,Zone 02 D15 Manali,6,06-10-2023
19388,Chennai,Zone 03 Puzhal,2.7,06-10-2023
19389,Chennai,Zone 14 Perungudi,2.4,06-10-2023
19390,Chennai,Zone 15 Sholinganallur,2.4,06-10-2023
19391,Chennai,Zone 12 Alandhur,1.8,06-10-2023
19392,Chennai,Alandur,1.5,06-10-2023
19393,Chennai,Zone 12 Meenambakkam,1.5,06-10-2023
19394,Chennai,Zone 12 D156 Mugalivakkam,1.2,06-10-2023
19395,Chennai,Zone 13 U39 Adyar,1.2,06-10-2023
19396,Chennai,Zone 13 Adyar,0.9,06-10-2023
19397,Chennai,Anna university,0.8,06-10-2023
19398,Chennai,Kodambakkam,0.8,06-10-2023
19399,Chennai,Zone 02 Manali,0.75,06-10-2023
19400,Chennai,Zone 07 U18 D81 Vanagaram,0.6,06-10-2023
19401,Chennai,Zone 09 Teynampet,0.6,06-10-2023
19402,Chennai,Zone 10 Kodambakkam,0.6,06-10-2023
19403,Chennai,Zone 14 U41 Perungudi,0.6,06-10-2023
19404,Chennai,Gov hr sec school MGR Nagar,0.4,06-10-2023
19405,Chennai,Zone 13 Adyar Eco Park,0.3,06-10-2023
19406,Chennai,Chennai nungambakkam,0.2,06-10-2023
19407,Chennai,Ambattur,0.2,06-10-2023
19408,Chennai,Zone 14 Perungudi,44.1,07-10-2023
19409,Chennai,Zone 10 Kodambakkam,40.8,07-10-2023
19410,Chennai,Zone 09 Teynampet,37.5,07-10-2023
19411,Chennai,Gov hr sec school MGR Nagar,18.6,07-10-2023
19412,Chennai,Zone 12 Alandhur,16.2,07-10-2023
19413,Chennai,Zone 13 U39 Adyar,12.3,07-10-2023
19414,Chennai,Chennai nungambakkam,11.5,07-10-2023
19415,Chennai,Anna university,8.6,07-10-2023
19416,Chennai,Zone 12 Meenambakkam,4.8,07-10-2023
19417,Chennai,Zone 14 U41 Perungudi,4.5,07-10-2023
19418,Chennai,Alandur,3.4,07-10-2023
19419,Chennai,Teynampet,3.2,07-10-2023
19420,Chennai,Sholinganallur,2.5,07-10-2023
19421,Chennai,Zone 08 Anna Nagar,2.4,07-10-2023
19422,Chennai,Zone 13 Adyar,0.9,07-10-2023
19423,Chennai,Perungudi,0.8,07-10-2023
19424,Chennai,Zone 15 Sholinganallur,0.6,07-10-2023
19425,Chennai,Zone 09 Ice House,0.3,07-10-2023
19426,Chennai,Zone 11 Valasaravakkam,0.3,07-10-2023
19427,Chennai,Zone 13 Adyar Eco Park,0.3,07-10-2023
19428,Chennai,Zone 12 Alandhur,37.2,08-10-2023
19429,Chennai,Zone 07 Ambattur,31.2,08-10-2023
19430,Chennai,Zone 11 Valasaravakkam,31.2,08-10-2023
19431,Chennai,Zone 11 U32 Maduravoyal,21.3,08-10-2023
19432,Chennai,Valasaravakkam,18.4,08-10-2023
19433,Chennai,Zone 14 U41 Perungudi,14.7,08-10-2023
19434,Chennai,Zone 07 U18 D81 Vanagaram,11.85,08-10-2023
19435,Chennai,Perungudi,11.4,08-10-2023
19436,Chennai,Ambathur,10,08-10-2023
19437,Chennai,Zone 10 Kodambakkam,7.8,08-10-2023
19438,Chennai,Gov hr sec school MGR Nagar,7.4,08-10-2023
19439,Chennai,Zone 06 T.V.K Nagar,3.9,08-10-2023
19440,Chennai,Zone 12 D156 Mugalivakkam,3.9,08-10-2023
19441,Chennai,Anna Nagar,2.6,08-10-2023
19442,Chennai,Zone 09 Teynampet,2.4,08-10-2023
19443,Chennai,Zone 08 Malar colony,1.8,08-10-2023
19444,Chennai,Zone 13 Adyar Eco Park,1.65,08-10-2023
19445,Chennai,Zone 13 Adyar,1.5,08-10-2023
19446,Chennai,Zone 08 Anna Nagar,1.2,08-10-2023
19447,Chennai,Zone 12 Meenambakkam,0.9,08-10-2023
19448,Chennai,Alandur,0.6,08-10-2023
19449,Chennai,Zone 15 Sholinganallur,0.3,08-10-2023
19450,Chennai,Zone 05 GCC,0.2,08-10-2023
19451,Chennai,Zone 12 D156 Mugalivakkam,0.3,09-10-2023
19452,Chennai,Ambattur,0.2,09-10-2023
19453,Chennai,Zone 11 U32 Maduravoyal,33.6,11-10-2023
19454,Chennai,Zone 11 Valasaravakkam,6.9,11-10-2023
19455,Chennai,Zone 07 Ambattur,1.8,11-10-2023
19456,Chennai,Zone 08 Malar colony,1.8,11-10-2023
19457,Chennai,Anna Nagar,1.4,11-10-2023
19458,Chennai,Alandur,0.6,11-10-2023
19459,Chennai,Zone 12 Meenambakkam,0.3,11-10-2023
19460,Chennai,Zone 14 Perungudi,0.3,11-10-2023
19461,Chennai,Zone 11 U32 Maduravoyal,12.9,12-10-2023
19462,Chennai,Zone 11 Valasaravakkam,11.4,12-10-2023
19463,Chennai,Zone 12 D156 Mugalivakkam,8.4,12-10-2023
19464,Chennai,Zone 07 Ambattur,0.6,12-10-2023
19465,Chennai,Alandur,0.3,12-10-2023
19466,Chennai,Zone 15 Uthandi,19.05,14-10-2023
19467,Chennai,Zone 01 Kathivakkam,18.3,14-10-2023
19468,Chennai,Zone 15 Sholinganallur,12,14-10-2023
19469,Chennai,Zone 14 U41 Perungudi,10.2,14-10-2023
19470,Chennai,Sholinganallur,9.2,14-10-2023
19471,Chennai,Zone 13 U39 Adyar,9,14-10-2023
19472,Chennai,Zone 12 Alandhur,7.8,14-10-2023
19473,Chennai,Zone 12 Meenambakkam,6,14-10-2023
19474,Chennai,Zone 14 Perungudi,5.1,14-10-2023
19475,Chennai,Zone 12 D156 Mugalivakkam,4.5,14-10-2023
19476,Chennai,Zone 13 Adyar,4.5,14-10-2023
19477,Chennai,Zone 04 Tondiarpet,4.05,14-10-2023
19478,Chennai,Zone 03 Madhavaram,3.6,14-10-2023
19479,Chennai,Zone 10 Kodambakkam,3.6,14-10-2023
19480,Chennai,Zone 11 Valasaravakkam,3.6,14-10-2023
19481,Chennai,Zone 13 Adyar Eco Park,3.6,14-10-2023
19482,Chennai,Zone 05 Royapuram,3.45,14-10-2023
19483,Chennai,Zone 11 U32 Maduravoyal,3.3,14-10-2023
19484,Chennai,Zone 01 Thiruvottiyur,3.15,14-10-2023
19485,Chennai,Zone 03 Puzhal,3,14-10-2023
19486,Chennai,Zone 07 Ambattur,3,14-10-2023
19487,Chennai,Zone 07 U18 D81 Vanagaram,2.7,14-10-2023
19488,Chennai,Zone 09 Ice House,2.55,14-10-2023
19489,Chennai,CD Hospital Tondiarpet,2.4,14-10-2023
19490,Chennai,Thiruvottiyur,2.4,14-10-2023
19491,Chennai,Zone 09 Teynampet,2.4,14-10-2023
19492,Chennai,Teynampet,2.2,14-10-2023
19493,Chennai,Zone 08 Anna Nagar,2.1,14-10-2023
19494,Chennai,Zone 05 GCC,1.8,14-10-2023
19495,Chennai,Zone 02 D15 Manali,1.65,14-10-2023
19496,Chennai,Zone 02 Manali,1.65,14-10-2023
19497,Chennai,Zone 06 T.V.K Nagar,1.5,14-10-2023
19498,Chennai,Manali,0.8,14-10-2023
19499,Chennai,Zone 08 Malar colony,0.6,14-10-2023
19500,Chennai,Zone 06 D65 Kolathur,0.3,14-10-2023
19501,Chennai,Chennai nungambakkam,0.1,14-10-2023
19502,Chennai,Alandur,0.1,14-10-2023
19503,Chennai,Zone 06 D65 Kolathur,81.6,15-10-2023
19504,Chennai,Zone 06 T.V.K Nagar,59.4,15-10-2023
19505,Chennai,Zone 02 Manali,46.65,15-10-2023
19506,Chennai,Zone 08 Malar colony,45.9,15-10-2023
19507,Chennai,Zone 15 Uthandi,43.2,15-10-2023
19508,Chennai,Chennai collectorate building,41.3,15-10-2023
19509,Chennai,Thiru-Vi-Ka Nagar,34.8,15-10-2023
19510,Chennai,Zone 05 Royapuram,32.55,15-10-2023
19511,Chennai,Zone 07 Ambattur,29.1,15-10-2023
19512,Chennai,Zone 05 GCC,25.8,15-10-2023
19513,Chennai,Zone 09 Ice House,24.75,15-10-2023
19514,Chennai,Zone 03 Madhavaram,23.4,15-10-2023
19515,Chennai,Perambur Corporation park,21.5,15-10-2023
19516,Chennai,Ayanavaram taluk office,18,15-10-2023
19517,Chennai,Zone 13 Adyar Eco Park,16.95,15-10-2023
19518,Chennai,Zone 07 U18 D81 Vanagaram,16.8,15-10-2023
19519,Chennai,Zone 12 Alandhur,13.8,15-10-2023
19520,Chennai,Zone 13 U39 Adyar,13.8,15-10-2023
19521,Chennai,Ambattur,12.6,15-10-2023
19522,Chennai,Anna Nagar,12.6,15-10-2023
19523,Chennai,Zone 13 Adyar,12.6,15-10-2023
19524,Chennai,Zone 14 U41 Perungudi,12.6,15-10-2023
19525,Chennai,Zone 15 Sholinganallur,12.3,15-10-2023
19526,Chennai,Zone 12 Meenambakkam,11.1,15-10-2023
19527,Chennai,Ambathur,10,15-10-2023
19528,Chennai,Zone 11 U32 Maduravoyal,9.6,15-10-2023
19529,Chennai,Teynampet,9.4,15-10-2023
19530,Chennai,Chennai nungambakkam,9.3,15-10-2023
19531,Chennai,Sholinganallur,8.4,15-10-2023
19532,Chennai,CD Hospital Tondiarpet,8.2,15-10-2023
19533,Chennai,Zone 12 D156 Mugalivakkam,8.1,15-10-2023
19534,Chennai,Zone 14 Perungudi,7.8,15-10-2023
19535,Chennai,Alandur,7.6,15-10-2023
19536,Chennai,Zone 10 Kodambakkam,7.5,15-10-2023
19537,Chennai,Zone 11 Valasaravakkam,7.5,15-10-2023
19538,Chennai,Zone 02 D15 Manali,6.9,15-10-2023
19539,Chennai,Gov hr sec school MGR Nagar,6.8,15-10-2023
19540,Chennai,Anna university,6.4,15-10-2023
19541,Chennai,Zone 09 Teynampet,6.3,15-10-2023
19542,Chennai,Zone 01 Kathivakkam,6,15-10-2023
19543,Chennai,Valasaravakkam,5.6,15-10-2023
19544,Chennai,Zone 03 Puzhal,5.4,15-10-2023
19545,Chennai,DGP Office,4.2,15-10-2023
19546,Chennai,Zone 04 Tondiarpet,4.2,15-10-2023
19547,Chennai,Zone 01 Thiruvottiyur,3.75,15-10-2023
19548,Chennai,Zone 08 Anna Nagar,3.6,15-10-2023
19549,Chennai,Puzhal,3.2,15-10-2023
19550,Chennai,Kodambakkam,0.6,15-10-2023
19551,Chennai,Adyar,0.4,15-10-2023
19552,Chennai,Thiruvottiyur,0.2,15-10-2023
19553,Chennai,Zone 05 Royapuram,10.2,16-10-2023
19554,Chennai,Zone 05 GCC,4.8,16-10-2023
19555,Chennai,Zone 12 Alandhur,3.6,16-10-2023
19556,Chennai,Ambathur,3,16-10-2023
19557,Chennai,Zone 13 Adyar Eco Park,1.5,16-10-2023
19558,Chennai,Royapuram,1,16-10-2023
19559,Chennai,Thiru-Vi-Ka Nagar,0.8,16-10-2023
19560,Chennai,Sholinganallur,0.6,16-10-2023
19561,Chennai,Zone 06 T.V.K Nagar,0.6,16-10-2023
19562,Chennai,Adyar,0.4,16-10-2023
19563,Chennai,Zone 04 Tondiarpet,0.3,16-10-2023
19564,Chennai,Zone 06 D65 Kolathur,0.3,16-10-2023
19565,Chennai,Zone 11 U32 Maduravoyal,0.3,16-10-2023
19566,Chennai,Zone 13 Adyar,0.3,16-10-2023
19567,Chennai,Zone 14 Perungudi,0.3,16-10-2023
19568,Chennai,Zone 14 U41 Perungudi,0.3,16-10-2023
19569,Chennai,Zone 15 Uthandi,0.3,16-10-2023
19570,Chennai,Thiruvottiyur,0.2,16-10-2023
19571,Chennai,Anna Nagar,0.2,16-10-2023
19572,Chennai,Zone 02 D15 Manali,0.15,16-10-2023
19573,Chennai,Zone 02 Manali,0.15,16-10-2023
19574,Chennai,Chennai collectorate building,15.2,17-10-2023
19575,Chennai,Zone 13 Adyar,5.4,17-10-2023
19576,Chennai,Zone 12 Meenambakkam,2.7,17-10-2023
19577,Chennai,Zone 13 U39 Adyar,1.2,17-10-2023
19578,Chennai,Anna university,1,17-10-2023
19579,Chennai,Zone 11 Valasaravakkam,0.9,17-10-2023
19580,Chennai,Zone 12 Alandhur,0.9,17-10-2023
19581,Chennai,Zone 14 U41 Perungudi,0.9,17-10-2023
19582,Chennai,Alandur,0.6,17-10-2023
19583,Chennai,Zone 07 U18 D81 Vanagaram,0.45,17-10-2023
19584,Chennai,Zone 13 Adyar Eco Park,0.45,17-10-2023
19585,Chennai,Gov hr sec school MGR Nagar,0.3,17-10-2023
19586,Chennai,Zone 09 Ice House,0.3,17-10-2023
19587,Chennai,Zone 12 D156 Mugalivakkam,0.3,17-10-2023
19588,Chennai,Zone 14 Perungudi,0.3,17-10-2023
19589,Chennai,Chennai nungambakkam,0.2,17-10-2023
19590,Chennai,Puzhal,0.2,17-10-2023
19591,Chennai,Royapuram,0.2,18-10-2023
19592,Chennai,Royapuram,0.2,20-10-2023
19593,Chennai,Zone 08 Anna Nagar,34.5,21-10-2023
19594,Chennai,Zone 11 U32 Maduravoyal,34.2,21-10-2023
19595,Chennai,Zone 11 Valasaravakkam,33,21-10-2023
19596,Chennai,Zone 12 D156 Mugalivakkam,32.7,21-10-2023
19597,Chennai,Zone 10 Kodambakkam,30.9,21-10-2023
19598,Chennai,Zone 06 T.V.K Nagar,26.4,21-10-2023
19599,Chennai,Zone 05 Royapuram,24.9,21-10-2023
19600,Chennai,Zone 01 Thiruvottiyur,24.75,21-10-2023
19601,Chennai,Thiru-Vi-Ka Nagar,24.6,21-10-2023
19602,Chennai,Zone 09 Teynampet,22.5,21-10-2023
19603,Chennai,Chennai nungambakkam,21.1,21-10-2023
19604,Chennai,Zone 04 Tondiarpet,20.55,21-10-2023
19605,Chennai,Zone 12 Alandhur,18.9,21-10-2023
19606,Chennai,DGP Office,12.8,21-10-2023
19607,Chennai,Royapuram,11.2,21-10-2023
19608,Chennai,Gov hr sec school MGR Nagar,10.2,21-10-2023
19609,Chennai,Zone 01 Kathivakkam,10.2,21-10-2023
19610,Chennai,Zone 02 Manali,10.05,21-10-2023
19611,Chennai,Zone 05 GCC,9,21-10-2023
19612,Chennai,Zone 12 Meenambakkam,9,21-10-2023
19613,Chennai,Zone 08 Malar colony,7.2,21-10-2023
19614,Chennai,Alandur,7,21-10-2023
19615,Chennai,Zone 09 Ice House,6.15,21-10-2023
19616,Chennai,Zone 13 U39 Adyar,6,21-10-2023
19617,Chennai,Ambattur,4.8,21-10-2023
19618,Chennai,Zone 15 Sholinganallur,4.8,21-10-2023
19619,Chennai,Chennai collectorate building,4.6,21-10-2023
19620,Chennai,Zone 14 Perungudi,4.2,21-10-2023
19621,Chennai,Zone 03 Puzhal,2.4,21-10-2023
19622,Chennai,CD Hospital Tondiarpet,2,21-10-2023
19623,Chennai,Zone 15 Uthandi,1.8,21-10-2023
19624,Chennai,Zone 13 Adyar Eco Park,1.65,21-10-2023
19625,Chennai,Sholinganallur,1.6,21-10-2023
19626,Chennai,Manali,1.2,21-10-2023
19627,Chennai,Zone 03 Madhavaram,1.2,21-10-2023
19628,Chennai,Zone 02 D15 Manali,1.05,21-10-2023
19629,Chennai,Puzhal,1,21-10-2023
19630,Chennai,Zone 06 D65 Kolathur,0.9,21-10-2023
19631,Chennai,Zone 13 Adyar,0.9,21-10-2023
19632,Chennai,Zone 07 U18 D81 Vanagaram,0.3,21-10-2023
19633,Chennai,Ayanavaram taluk office,51,22-10-2023
19634,Chennai,Zone 08 Malar colony,14.1,22-10-2023
19635,Chennai,Valasaravakkam,11.6,22-10-2023
19636,Chennai,Zone 06 D65 Kolathur,11.4,22-10-2023
19637,Chennai,Perambur Corporation park,11.3,22-10-2023
19638,Chennai,Zone 03 Madhavaram,10.2,22-10-2023
19639,Chennai,Zone 11 U32 Maduravoyal,9.3,22-10-2023
19640,Chennai,Chennai nungambakkam,8.7,22-10-2023
19641,Chennai,Zone 06 T.V.K Nagar,8.4,22-10-2023
19642,Chennai,Zone 14 Perungudi,8.4,22-10-2023
19643,Chennai,Zone 12 D156 Mugalivakkam,7.5,22-10-2023
19644,Chennai,Anna Nagar,7.4,22-10-2023
19645,Chennai,Gov hr sec school MGR Nagar,6.3,22-10-2023
19646,Chennai,Zone 09 Teynampet,6.3,22-10-2023
19647,Chennai,Zone 12 Alandhur,6,22-10-2023
19648,Chennai,Zone 02 Manali,5.85,22-10-2023
19649,Chennai,Zone 11 Valasaravakkam,5.4,22-10-2023
19650,Chennai,Anna university,5.2,22-10-2023
19651,Chennai,Chennai collectorate building,4.4,22-10-2023
19652,Chennai,Kodambakkam,4.4,22-10-2023
19653,Chennai,Zone 02 D15 Manali,4.2,22-10-2023
19654,Chennai,Zone 08 Anna Nagar,3.6,22-10-2023
19655,Chennai,Madhavaram,3.4,22-10-2023
19656,Chennai,Zone 13 U39 Adyar,3,22-10-2023
19657,Chennai,Zone 01 Kathivakkam,2.1,22-10-2023
19658,Chennai,Sholinganallur,1.5,22-10-2023
19659,Chennai,Manali,1.2,22-10-2023
19660,Chennai,Zone 05 GCC,1,22-10-2023
19661,Chennai,Zone 10 Kodambakkam,0.9,22-10-2023
19662,Chennai,Thiru-Vi-Ka Nagar,0.6,22-10-2023
19663,Chennai,Zone 05 Royapuram,0.45,22-10-2023
19664,Chennai,Sholinganallur,0.4,22-10-2023
19665,Chennai,Zone 01 Thiruvottiyur,0.3,22-10-2023
19666,Chennai,Zone 07 Ambattur,0.3,22-10-2023
19667,Chennai,Zone 13 Adyar,0.3,22-10-2023
19668,Chennai,Zone 15 Uthandi,0.3,22-10-2023
19669,Chennai,Alandur,0.2,22-10-2023
19670,Chennai,Teynampet,0.2,22-10-2023
19671,Chennai,Puzhal,0.2,22-10-2023
19672,Chennai,Zone 02 D15 Manali,0.3,23-10-2023
19673,Chennai,Zone 08 Anna Nagar,0.3,23-10-2023
19674,Chennai,Teynampet,0.2,24-10-2023
19675,Chennai,Zone 15 Uthandi,0.75,27-10-2023
19676,Chennai,Royapuram,0.2,27-10-2023
19677,Chennai,Zone 08 Anna Nagar,20.7,28-10-2023
19678,Chennai,Zone 11 U32 Maduravoyal,20.4,28-10-2023
19679,Chennai,Zone 04 Tondiarpet,7.2,28-10-2023
19680,Chennai,Zone 05 GCC,6.8,28-10-2023
19681,Chennai,Zone 07 Ambattur,6.3,28-10-2023
19682,Chennai,Zone 05 Royapuram,6.15,28-10-2023
19683,Chennai,Chennai collectorate building,5.6,28-10-2023
19684,Chennai,DGP Office,4.2,28-10-2023
19685,Chennai,Zone 01 Thiruvottiyur,4.05,28-10-2023
19686,Chennai,Zone 11 Valasaravakkam,3.9,28-10-2023
19687,Chennai,Zone 13 Adyar,3,28-10-2023
19688,Chennai,Zone 12 D156 Mugalivakkam,2.4,28-10-2023
19689,Chennai,Sholinganallur,2.3,28-10-2023
19690,Chennai,Zone 08 Malar colony,1.5,28-10-2023
19691,Chennai,Zone 03 Madhavaram,0.9,28-10-2023
19692,Chennai,Zone 06 T.V.K Nagar,0.6,28-10-2023
19693,Chennai,Zone 12 Alandhur,0.6,28-10-2023
19694,Chennai,Zone 15 Uthandi,0.6,28-10-2023
19695,Chennai,Chennai nungambakkam,0.4,28-10-2023
19696,Chennai,Zone 12 Meenambakkam,0.3,28-10-2023
19697,Chennai,Zone 14 U41 Perungudi,0.3,28-10-2023
19698,Chennai,Gov hr sec school MGR Nagar,0.2,28-10-2023
19699,Chennai,Zone 07 U18 D81 Vanagaram,28.65,29-10-2023
19700,Chennai,Ayanavaram taluk office,16,29-10-2023
19701,Chennai,Zone 07 Ambattur,13.5,29-10-2023
19702,Chennai,Zone 11 U32 Maduravoyal,12,29-10-2023
19703,Chennai,Zone 15 Sholinganallur,11.4,29-10-2023
19704,Chennai,Zone 05 Royapuram,10.5,29-10-2023
19705,Chennai,Ambathur,10,29-10-2023
19706,Chennai,Zone 13 Adyar,9.6,29-10-2023
19707,Chennai,Zone 14 U41 Perungudi,9,29-10-2023
19708,Chennai,Zone 13 U39 Adyar,8.7,29-10-2023
19709,Chennai,Chennai collectorate building,7,29-10-2023
19710,Chennai,Zone 03 Puzhal,6.9,29-10-2023
19711,Chennai,CD Hospital Tondiarpet,6.4,29-10-2023
19712,Chennai,Zone 13 Adyar Eco Park,5.85,29-10-2023
19713,Chennai,Zone 04 Tondiarpet,5.1,29-10-2023
19714,Chennai,Anna university,4.2,29-10-2023
19715,Chennai,Zone 06 D65 Kolathur,4.2,29-10-2023
19716,Chennai,Zone 08 Anna Nagar,3.6,29-10-2023
19717,Chennai,Perambur Corporation park,3.2,29-10-2023
19718,Chennai,Zone 03 Madhavaram,3,29-10-2023
19719,Chennai,Sholinganallur,2.8,29-10-2023
19720,Chennai,Zone 10 Kodambakkam,1.8,29-10-2023
19721,Chennai,Zone 11 Valasaravakkam,1.8,29-10-2023
19722,Chennai,Alandur,1.5,29-10-2023
19723,Chennai,Zone 12 Alandhur,1.5,29-10-2023
19724,Chennai,Zone 15 Uthandi,0.75,29-10-2023
19725,Chennai,Zone 01 Thiruvottiyur,0.6,29-10-2023
19726,Chennai,Zone 06 T.V.K Nagar,0.6,29-10-2023
19727,Chennai,Zone 12 Meenambakkam,0.6,29-10-2023
19728,Chennai,Zone 02 D15 Manali,0.45,29-10-2023
19729,Chennai,Zone 02 Manali,0.45,29-10-2023
19730,Chennai,Gov hr sec school MGR Nagar,0.4,29-10-2023
19731,Chennai,Zone 05 GCC,0.4,29-10-2023
19732,Chennai,Zone 08 Malar colony,0.3,29-10-2023
19733,Chennai,Zone 09 Teynampet,0.3,29-10-2023
19734,Chennai,Zone 14 Perungudi,0.3,29-10-2023
19735,Chennai,Zone 09 Teynampet,53.4,30-10-2023
19736,Chennai,Zone 10 Kodambakkam,48.9,30-10-2023
19737,Chennai,DGP Office,47.6,30-10-2023
19738,Chennai,Kodambakkam,41.2,30-10-2023
19739,Chennai,Zone 11 U32 Maduravoyal,36.9,30-10-2023
19740,Chennai,Zone 06 D65 Kolathur,35.1,30-10-2023
19741,Chennai,Zone 06 T.V.K Nagar,32.7,30-10-2023
19742,Chennai,Ambathur,30,30-10-2023
19743,Chennai,Gov hr sec school MGR Nagar,27.6,30-10-2023
19744,Chennai,Chennai nungambakkam,23,30-10-2023
19745,Chennai,Zone 08 Anna Nagar,22.8,30-10-2023
19746,Chennai,Zone 11 Valasaravakkam,22.5,30-10-2023
19747,Chennai,Zone 13 U39 Adyar,21,30-10-2023
19748,Chennai,Zone 08 Malar colony,19.5,30-10-2023
19749,Chennai,Zone 07 Ambattur,18.6,30-10-2023
19750,Chennai,Zone 04 Tondiarpet,16.8,30-10-2023
19751,Chennai,Zone 13 Adyar Eco Park,15.75,30-10-2023
19752,Chennai,Zone 07 U18 D81 Vanagaram,15.15,30-10-2023
19753,Chennai,Zone 03 Puzhal,15,30-10-2023
19754,Chennai,Perambur Corporation park,11.4,30-10-2023
19755,Chennai,Zone 01 Thiruvottiyur,10.2,30-10-2023
19756,Chennai,Zone 14 U41 Perungudi,10.2,30-10-2023
19757,Chennai,Zone 15 Sholinganallur,10.2,30-10-2023
19758,Chennai,Zone 15 Uthandi,9.45,30-10-2023
19759,Chennai,Zone 05 GCC,8,30-10-2023
19760,Chennai,Zone 01 Kathivakkam,7.2,30-10-2023
19761,Chennai,Zone 12 D156 Mugalivakkam,6.6,30-10-2023
19762,Chennai,Ayanavaram taluk office,6,30-10-2023
19763,Chennai,Zone 12 Alandhur,5.7,30-10-2023
19764,Chennai,Puzhal,5,30-10-2023
19765,Chennai,Thiruvottiyur,4.6,30-10-2023
19766,Chennai,Alandur,4.1,30-10-2023
19767,Chennai,Zone 02 D15 Manali,3.6,30-10-2023
19768,Chennai,Zone 12 Meenambakkam,3.6,30-10-2023
19769,Chennai,Zone 13 Adyar,3.6,30-10-2023
19770,Chennai,Zone 14 Perungudi,3.3,30-10-2023
19771,Chennai,Chennai collectorate building,3.2,30-10-2023
19772,Chennai,Manali,3.2,30-10-2023
19773,Chennai,Zone 05 Royapuram,2.7,30-10-2023
19774,Chennai,Zone 02 Manali,2.55,30-10-2023
19775,Chennai,Madhavaram,2.4,30-10-2023
19776,Chennai,CD Hospital Tondiarpet,2,30-10-2023
19777,Chennai,Anna university,1.8,30-10-2023
19778,Chennai,Sholinganallur,1.5,30-10-2023
19779,Chennai,Zone 03 Madhavaram,0.9,30-10-2023
19780,Chennai,Royapuram,0.6,30-10-2023
19781,Chennai,Puzhal,52.8,31-10-2023
19782,Chennai,Zone 03 Puzhal,50.4,31-10-2023
19783,Chennai,Zone 07 Ambattur,45.6,31-10-2023
19784,Chennai,Zone 02 D15 Manali,37.35,31-10-2023
19785,Chennai,CD Hospital Tondiarpet,34.4,31-10-2023
19786,Chennai,Ambathur,30,31-10-2023
19787,Chennai,Zone 11 U32 Maduravoyal,27,31-10-2023
19788,Chennai,Zone 07 U18 D81 Vanagaram,25.8,31-10-2023
19789,Chennai,Zone 12 D156 Mugalivakkam,21,31-10-2023
19790,Chennai,Zone 11 Valasaravakkam,18,31-10-2023
19791,Chennai,Zone 01 Thiruvottiyur,17.55,31-10-2023
19792,Chennai,Zone 02 Manali,16.8,31-10-2023
19793,Chennai,Zone 06 D65 Kolathur,15.9,31-10-2023
19794,Chennai,Zone 08 Malar colony,15,31-10-2023
19795,Chennai,Zone 06 T.V.K Nagar,13.8,31-10-2023
19796,Chennai,Ayanavaram taluk office,13,31-10-2023
19797,Chennai,Zone 04 Tondiarpet,12.75,31-10-2023
19798,Chennai,Perambur Corporation park,12.4,31-10-2023
19799,Chennai,Zone 15 Uthandi,12.3,31-10-2023
19800,Chennai,Zone 03 Madhavaram,12,31-10-2023
19801,Chennai,Madhavaram,11.4,31-10-2023
19802,Chennai,Thiru-Vi-Ka Nagar,11.4,31-10-2023
19803,Chennai,Valasaravakkam,10.8,31-10-2023
19804,Chennai,Anna university,10.6,31-10-2023
19805,Chennai,Zone 13 Adyar,8.4,31-10-2023
19806,Chennai,Zone 12 Meenambakkam,6.6,31-10-2023
19807,Chennai,DGP Office,6.4,31-10-2023
19808,Chennai,Zone 15 Sholinganallur,6.3,31-10-2023
19809,Chennai,Zone 01 Kathivakkam,5.7,31-10-2023
19810,Chennai,Zone 09 Ice House,5.7,31-10-2023
19811,Chennai,Zone 12 Alandhur,5.1,31-10-2023
19812,Chennai,Gov hr sec school MGR Nagar,4.8,31-10-2023
19813,Chennai,Alandur,4.4,31-10-2023
19814,Chennai,Royapuram,4.2,31-10-2023
19815,Chennai,Zone 13 Adyar Eco Park,3.9,31-10-2023
19816,Chennai,Sholinganallur,3.7,31-10-2023
19817,Chennai,Zone 10 Kodambakkam,3.3,31-10-2023
19818,Chennai,Zone 13 U39 Adyar,3,31-10-2023
19819,Chennai,Zone 05 GCC,2.8,31-10-2023
19820,Chennai,Zone 05 Royapuram,2.55,31-10-2023
19821,Chennai,Teynampet,1.6,31-10-2023
19822,Chennai,Chennai collectorate building,1.2,31-10-2023
19823,Chennai,Chennai nungambakkam,0.6,31-10-2023
19824,Chennai,Zone 09 Teynampet,0.6,31-10-2023
19825,Chennai,Zone 08 Anna Nagar,0.3,31-10-2023
19826,Chennai,Zone 14 U41 Perungudi,0.3,31-10-2023
19827,Chennai,Zone 07 Ambattur,33.9,01-11-2023
19828,Chennai,Zone 07 U18 D81 Vanagaram,31.5,01-11-2023
19829,Chennai,Zone 06 D65 Kolathur,29.4,01-11-2023
19830,Chennai,Ambathur,20,01-11-2023
19831,Chennai,Zone 12 D156 Mugalivakkam,17.7,01-11-2023
19832,Chennai,Zone 03 Madhavaram,16.8,01-11-2023
19833,Chennai,Zone 03 Puzhal,15.6,01-11-2023
19834,Chennai,Gov hr sec school MGR Nagar,14,01-11-2023
19835,Chennai,Zone 11 U32 Maduravoyal,13.8,01-11-2023
19836,Chennai,Ayanavaram taluk office,12,01-11-2023
19837,Chennai,Zone 02 Manali,10.65,01-11-2023
19838,Chennai,Perambur Corporation park,10.2,01-11-2023
19839,Chennai,Zone 08 Anna Nagar,10.2,01-11-2023
19840,Chennai,Zone 10 Kodambakkam,9.9,01-11-2023
19841,Chennai,Zone 05 Royapuram,9.45,01-11-2023
19842,Chennai,DGP Office,8.6,01-11-2023
19843,Chennai,Madhavaram,8,01-11-2023
19844,Chennai,Zone 01 Kathivakkam,7.2,01-11-2023
19845,Chennai,Zone 02 D15 Manali,6,01-11-2023
19846,Chennai,Zone 11 Valasaravakkam,6,01-11-2023
19847,Chennai,Chennai nungambakkam,4.4,01-11-2023
19848,Chennai,Manali,4.4,01-11-2023
19849,Chennai,Sholinganallur,4.2,01-11-2023
19850,Chennai,Zone 12 Alandhur,3.9,01-11-2023
19851,Chennai,Puzhal,3.8,01-11-2023
19852,Chennai,Kodambakkam,3.2,01-11-2023
19853,Chennai,Zone 09 Teynampet,3,01-11-2023
19854,Chennai,Zone 08 Malar colony,2.7,01-11-2023
19855,Chennai,Anna university,2.6,01-11-2023
19856,Chennai,Valasaravakkam,2.6,01-11-2023
19857,Chennai,Teynampet,2.2,01-11-2023
19858,Chennai,Zone 04 Tondiarpet,2.1,01-11-2023
19859,Chennai,Zone 06 T.V.K Nagar,1.8,01-11-2023
19860,Chennai,Tondairpet,1.6,01-11-2023
19861,Chennai,Sholinganallur,1.6,01-11-2023
19862,Chennai,Zone 01 Thiruvottiyur,1.5,01-11-2023
19863,Chennai,Zone 12 Meenambakkam,1.5,01-11-2023
19864,Chennai,Alandur,1.3,01-11-2023
19865,Chennai,Anna Nagar,1,01-11-2023
19866,Chennai,Zone 13 Adyar Eco Park,0.75,01-11-2023
19867,Chennai,Zone 13 U39 Adyar,0.6,01-11-2023
19868,Chennai,Zone 14 Perungudi,0.6,01-11-2023
19869,Chennai,Chennai collectorate building,0.4,01-11-2023
19870,Chennai,Zone 05 GCC,0.2,01-11-2023
19871,Chennai,Zone 14 U41 Perungudi,21.6,02-11-2023
19872,Chennai,Zone 14 Perungudi,11.4,02-11-2023
19873,Chennai,Perungudi,9.6,02-11-2023
19874,Chennai,Sholinganallur,8.6,02-11-2023
19875,Chennai,DGP Office,6.4,02-11-2023
19876,Chennai,Zone 13 Adyar,5.7,02-11-2023
19877,Chennai,Sholinganallur,5.4,02-11-2023
19878,Chennai,Zone 03 Madhavaram,5.1,02-11-2023
19879,Chennai,Zone 13 U39 Adyar,5.1,02-11-2023
19880,Chennai,Zone 09 Ice House,4.35,02-11-2023
19881,Chennai,Chennai collectorate building,4,02-11-2023
19882,Chennai,Zone 12 Alandhur,2.7,02-11-2023
19883,Chennai,Zone 02 D15 Manali,2.4,02-11-2023
19884,Chennai,Zone 13 Adyar Eco Park,2.4,02-11-2023
19885,Chennai,Zone 03 Puzhal,1.8,02-11-2023
19886,Chennai,Alandur,1.6,02-11-2023
19887,Chennai,Zone 05 GCC,1.6,02-11-2023
19888,Chennai,Zone 12 Meenambakkam,1.5,02-11-2023
19889,Chennai,Manali,1.4,02-11-2023
19890,Chennai,Kodambakkam,1.2,02-11-2023
19891,Chennai,Zone 02 Manali,1.05,02-11-2023
19892,Chennai,Zone 07 U18 D81 Vanagaram,1.05,02-11-2023
19893,Chennai,Zone 01 Kathivakkam,0.9,02-11-2023
19894,Chennai,Zone 06 D65 Kolathur,0.9,02-11-2023
19895,Chennai,Zone 09 Teynampet,0.9,02-11-2023
19896,Chennai,Zone 11 U32 Maduravoyal,0.6,02-11-2023
19897,Chennai,Zone 04 Tondiarpet,0.45,02-11-2023
19898,Chennai,Puzhal,0.4,02-11-2023
19899,Chennai,Chennai nungambakkam,0.3,02-11-2023
19900,Chennai,Zone 08 Malar colony,0.3,02-11-2023
19901,Chennai,Zone 11 Valasaravakkam,0.3,02-11-2023
19902,Chennai,Royapuram,0.2,02-11-2023
19903,Chennai,Anna Nagar,0.2,02-11-2023
19904,Chennai,Zone 09 Teynampet,33.9,03-11-2023
19905,Chennai,Zone 10 Kodambakkam,32.7,03-11-2023
19906,Chennai,Zone 02 Manali,31.2,03-11-2023
19907,Chennai,Zone 08 Anna Nagar,27.9,03-11-2023
19908,Chennai,Zone 12 Alandhur,26.1,03-11-2023
19909,Chennai,Zone 03 Puzhal,25.2,03-11-2023
19910,Chennai,Chennai nungambakkam,22.1,03-11-2023
19911,Chennai,Zone 15 Uthandi,19.2,03-11-2023
19912,Chennai,Zone 11 Valasaravakkam,16.2,03-11-2023
19913,Chennai,Zone 01 Kathivakkam,15.6,03-11-2023
19914,Chennai,Zone 11 U32 Maduravoyal,15,03-11-2023
19915,Chennai,Zone 02 D15 Manali,14.55,03-11-2023
19916,Chennai,Zone 15 Sholinganallur,14.4,03-11-2023
19917,Chennai,Zone 13 Adyar Eco Park,13.8,03-11-2023
19918,Chennai,Zone 05 GCC,13.2,03-11-2023
19919,Chennai,Zone 12 Meenambakkam,12.9,03-11-2023
19920,Chennai,DGP Office,12.8,03-11-2023
19921,Chennai,Zone 03 Madhavaram,12.3,03-11-2023
19922,Chennai,Zone 09 Ice House,12.15,03-11-2023
19923,Chennai,Zone 14 Perungudi,12,03-11-2023
19924,Chennai,Alandur,11.4,03-11-2023
19925,Chennai,Teynampet,10.6,03-11-2023
19926,Chennai,Ambathur,10,03-11-2023
19927,Chennai,Zone 12 D156 Mugalivakkam,9,03-11-2023
19928,Chennai,Zone 06 T.V.K Nagar,8.7,03-11-2023
19929,Chennai,Gov hr sec school MGR Nagar,8.4,03-11-2023
19930,Chennai,Puzhal,8.4,03-11-2023
19931,Chennai,Zone 13 U39 Adyar,8.1,03-11-2023
19932,Chennai,Zone 06 D65 Kolathur,7.5,03-11-2023
19933,Chennai,Zone 04 Tondiarpet,7.05,03-11-2023
19934,Chennai,Zone 08 Malar colony,6.9,03-11-2023
19935,Chennai,Anna university,6.8,03-11-2023
19936,Chennai,Zone 13 Adyar,6.6,03-11-2023
19937,Chennai,CD Hospital Tondiarpet,6.4,03-11-2023
19938,Chennai,Zone 07 U18 D81 Vanagaram,6.3,03-11-2023
19939,Chennai,Sholinganallur,6.2,03-11-2023
19940,Chennai,Ayanavaram taluk office,6,03-11-2023
19941,Chennai,Ambattur,5.6,03-11-2023
19942,Chennai,Thiru-Vi-Ka Nagar,5.4,03-11-2023
19943,Chennai,Adyar,5.4,03-11-2023
19944,Chennai,Perambur Corporation park,5.3,03-11-2023
19945,Chennai,Chennai collectorate building,5,03-11-2023
19946,Chennai,Zone 05 Royapuram,4.05,03-11-2023
19947,Chennai,Manali,3.6,03-11-2023
19948,Chennai,Zone 01 Thiruvottiyur,2.55,03-11-2023
19949,Chennai,Zone 14 U41 Perungudi,1.8,03-11-2023
19950,Chennai,Zone 07 Ambattur,1.5,03-11-2023
19951,Chennai,Thiruvottiyur,0.8,03-11-2023
19952,Chennai,Madhavaram,0.6,03-11-2023
19953,Chennai,Royapuram,0.2,03-11-2023
19954,Chennai,Zone 12 Alandhur,119.1,04-11-2023
19955,Chennai,Zone 03 Puzhal,111.3,04-11-2023
19956,Chennai,Zone 12 Meenambakkam,89.7,04-11-2023
19957,Chennai,Alandur,86.6,04-11-2023
19958,Chennai,Zone 13 U39 Adyar,72.6,04-11-2023
19959,Chennai,Zone 06 D65 Kolathur,70.2,04-11-2023
19960,Chennai,Zone 14 Perungudi,70.2,04-11-2023
19961,Chennai,Madhavaram,59.6,04-11-2023
19962,Chennai,Adyar,58,04-11-2023
19963,Chennai,Zone 02 Manali,49.2,04-11-2023
19964,Chennai,Zone 14 U41 Perungudi,47.1,04-11-2023
19965,Chennai,Zone 08 Anna Nagar,46.8,04-11-2023
19966,Chennai,Zone 06 T.V.K Nagar,44.7,04-11-2023
19967,Chennai,Zone 04 Tondiarpet,44.1,04-11-2023
19968,Chennai,Zone 08 Malar colony,44.1,04-11-2023
19969,Chennai,Puzhal,44,04-11-2023
19970,Chennai,Ambattur,43.6,04-11-2023
19971,Chennai,Zone 11 U32 Maduravoyal,41.1,04-11-2023
19972,Chennai,Perungudi,41,04-11-2023
19973,Chennai,CD Hospital Tondiarpet,40,04-11-2023
19974,Chennai,Zone 07 Ambattur,39.9,04-11-2023
19975,Chennai,Chennai collectorate building,35,04-11-2023
19976,Chennai,Zone 01 Thiruvottiyur,34.2,04-11-2023
19977,Chennai,Zone 07 U18 D81 Vanagaram,33.3,04-11-2023
19978,Chennai,Zone 09 Teynampet,33.3,04-11-2023
19979,Chennai,Zone 05 Royapuram,32.55,04-11-2023
19980,Chennai,Ayanavaram taluk office,32,04-11-2023
19981,Chennai,Zone 10 Kodambakkam,30.9,04-11-2023
19982,Chennai,Zone 13 Adyar Eco Park,30.75,04-11-2023
19983,Chennai,Zone 13 Adyar,28.2,04-11-2023
19984,Chennai,Zone 05 GCC,28,04-11-2023
19985,Chennai,Perambur Corporation park,25.3,04-11-2023
19986,Chennai,Anna university,24.6,04-11-2023
19987,Chennai,Zone 11 Valasaravakkam,23.4,04-11-2023
19988,Chennai,Zone 01 Kathivakkam,23.1,04-11-2023
19989,Chennai,Zone 03 Madhavaram,23.1,04-11-2023
19990,Chennai,Zone 09 Ice House,22.8,04-11-2023
19991,Chennai,Zone 12 D156 Mugalivakkam,22.2,04-11-2023
19992,Chennai,Ambathur,20,04-11-2023
19993,Chennai,Gov hr sec school MGR Nagar,19.8,04-11-2023
19994,Chennai,Sholinganallur,19.7,04-11-2023
19995,Chennai,Zone 15 Uthandi,19.5,04-11-2023
19996,Chennai,Tondairpet,18.4,04-11-2023
19997,Chennai,Kodambakkam,17.2,04-11-2023
19998,Chennai,Zone 15 Sholinganallur,16.8,04-11-2023
19999,Chennai,Chennai nungambakkam,16.2,04-11-2023
20000,Chennai,Thiru-Vi-Ka Nagar,14.8,04-11-2023
20001,Chennai,DGP Office,12.6,04-11-2023
20002,Chennai,Anna Nagar,11.6,04-11-2023
20003,Chennai,Sholinganallur,4.2,04-11-2023
20004,Chennai,Zone 02 D15 Manali,3.45,04-11-2023
20005,Chennai,Valasaravakkam,2.4,04-11-2023
20006,Chennai,CD Hospital Tondiarpet,43.2,05-11-2023
20007,Chennai,Ayanavaram taluk office,31,05-11-2023
20008,Chennai,Perambur Corporation park,26.1,05-11-2023
20009,Chennai,Chennai collectorate building,22.4,05-11-2023
20010,Chennai,Sholinganallur,22,05-11-2023
20011,Chennai,Anna university,20.4,05-11-2023
20012,Chennai,Ambathur,20,05-11-2023
20013,Chennai,Royapuram,16.4,05-11-2023
20014,Chennai,Zone 01 Kathivakkam,14.7,05-11-2023
20015,Chennai,DGP Office,12.8,05-11-2023
20016,Chennai,Zone 02 D15 Manali,11.25,05-11-2023
20017,Chennai,Zone 02 Manali,10.2,05-11-2023
20018,Chennai,Zone 04 Tondiarpet,9.45,05-11-2023
20019,Chennai,Zone 14 U41 Perungudi,8.7,05-11-2023
20020,Chennai,Zone 15 Uthandi,7.95,05-11-2023
20021,Chennai,Gov hr sec school MGR Nagar,7.4,05-11-2023
20022,Chennai,Zone 03 Madhavaram,6.3,05-11-2023
20023,Chennai,Perungudi,6.2,05-11-2023
20024,Chennai,Zone 03 Puzhal,4.2,05-11-2023
20025,Chennai,Zone 14 Perungudi,3.6,05-11-2023
20026,Chennai,Manali,2.6,05-11-2023
20027,Chennai,Zone 13 U39 Adyar,2.4,05-11-2023
20028,Chennai,Zone 15 Sholinganallur,2.4,05-11-2023
20029,Chennai,Zone 06 D65 Kolathur,2.1,05-11-2023
20030,Chennai,Zone 08 Anna Nagar,2.1,05-11-2023
20031,Chennai,Zone 09 Teynampet,2.1,05-11-2023
20032,Chennai,Zone 06 T.V.K Nagar,1.8,05-11-2023
20033,Chennai,Zone 05 GCC,1.2,05-11-2023
20034,Chennai,Zone 09 Ice House,0.9,05-11-2023
20035,Chennai,Zone 10 Kodambakkam,0.9,05-11-2023
20036,Chennai,Teynampet,0.8,05-11-2023
20037,Chennai,Puzhal,0.8,05-11-2023
20038,Chennai,Zone 13 Adyar Eco Park,0.75,05-11-2023
20039,Chennai,Alandur,0.6,05-11-2023
20040,Chennai,Kodambakkam,0.6,05-11-2023
20041,Chennai,Zone 08 Malar colony,0.6,05-11-2023
20042,Chennai,Zone 12 Alandhur,0.6,05-11-2023
20043,Chennai,Zone 13 Adyar,0.6,05-11-2023
20044,Chennai,Chennai nungambakkam,0.5,05-11-2023
20045,Chennai,Adyar,0.4,05-11-2023
20046,Chennai,Zone 11 Valasaravakkam,0.3,05-11-2023
20047,Chennai,Zone 12 D156 Mugalivakkam,0.3,05-11-2023
20048,Chennai,Zone 05 Royapuram,0.15,05-11-2023
20049,Chennai,Zone 07 U18 D81 Vanagaram,0.15,05-11-2023
20050,Chennai,Zone 02 Manali,24,06-11-2023
20051,Chennai,Manali,11.4,06-11-2023
20052,Chennai,Puzhal,10.4,06-11-2023
20053,Chennai,Zone 03 Puzhal,6.6,06-11-2023
20054,Chennai,Ambathur,6,06-11-2023
20055,Chennai,Zone 08 Malar colony,5.4,06-11-2023
20056,Chennai,Zone 02 D15 Manali,4.2,06-11-2023
20057,Chennai,CD Hospital Tondiarpet,3.6,06-11-2023
20058,Chennai,Zone 06 D65 Kolathur,3.6,06-11-2023
20059,Chennai,Chennai nungambakkam,3.5,06-11-2023
20060,Chennai,Zone 04 Tondiarpet,3.3,06-11-2023
20061,Chennai,Perambur Corporation park,3.1,06-11-2023
20062,Chennai,Ayanavaram taluk office,3,06-11-2023
20063,Chennai,Zone 06 T.V.K Nagar,3,06-11-2023
20064,Chennai,Zone 05 Royapuram,2.1,06-11-2023
20065,Chennai,Chennai collectorate building,1.6,06-11-2023
20066,Chennai,Zone 03 Madhavaram,1.2,06-11-2023
20067,Chennai,Zone 08 Anna Nagar,0.9,06-11-2023
20068,Chennai,Zone 15 Uthandi,0.75,06-11-2023
20069,Chennai,Zone 01 Thiruvottiyur,0.45,06-11-2023
20070,Chennai,Gov hr sec school MGR Nagar,0.4,06-11-2023
20071,Chennai,Thiruvottiyur,0.4,06-11-2023
20072,Chennai,Zone 13 Adyar Eco Park,0.3,06-11-2023
20073,Chennai,Zone 14 Perungudi,0.3,06-11-2023
20074,Chennai,Zone 05 GCC,0.2,06-11-2023
20075,Chennai,Zone 13 Adyar,49.2,07-11-2023
20076,Chennai,Adyar,42.4,07-11-2023
20077,Chennai,Zone 10 Kodambakkam,34.5,07-11-2023
20078,Chennai,Teynampet,26,07-11-2023
20079,Chennai,Zone 01 Thiruvottiyur,19.05,07-11-2023
20080,Chennai,Zone 01 Kathivakkam,18.3,07-11-2023
20081,Chennai,Zone 13 Adyar Eco Park,17.85,07-11-2023
20082,Chennai,Zone 15 Sholinganallur,17.7,07-11-2023
20083,Chennai,Zone 04 Tondiarpet,15,07-11-2023
20084,Chennai,Zone 15 Uthandi,12.75,07-11-2023
20085,Chennai,Zone 09 Ice House,11.4,07-11-2023
20086,Chennai,Gov hr sec school MGR Nagar,10.6,07-11-2023
20087,Chennai,Zone 12 Alandhur,10.2,07-11-2023
20088,Chennai,Zone 14 U41 Perungudi,9.6,07-11-2023
20089,Chennai,Zone 09 Teynampet,9,07-11-2023
20090,Chennai,Zone 13 U39 Adyar,8.4,07-11-2023
20091,Chennai,Zone 02 D15 Manali,8.25,07-11-2023
20092,Chennai,Chennai collectorate building,6,07-11-2023
20093,Chennai,Zone 12 D156 Mugalivakkam,5.7,07-11-2023
20094,Chennai,Zone 05 Royapuram,5.55,07-11-2023
20095,Chennai,Perungudi,5.2,07-11-2023
20096,Chennai,Zone 05 GCC,5,07-11-2023
20097,Chennai,Kodambakkam,4.6,07-11-2023
20098,Chennai,Tondairpet,4.4,07-11-2023
20099,Chennai,Ayanavaram taluk office,4,07-11-2023
20100,Chennai,Anna university,3.8,07-11-2023
20101,Chennai,Chennai nungambakkam,3.2,07-11-2023
20102,Chennai,Perambur Corporation park,3.2,07-11-2023
20103,Chennai,Zone 11 U32 Maduravoyal,3,07-11-2023
20104,Chennai,Zone 08 Anna Nagar,2.7,07-11-2023
20105,Chennai,Zone 03 Puzhal,2.4,07-11-2023
20106,Chennai,Zone 11 Valasaravakkam,2.4,07-11-2023
20107,Chennai,Zone 02 Manali,2.25,07-11-2023
20108,Chennai,CD Hospital Tondiarpet,2,07-11-2023
20109,Chennai,Puzhal,2,07-11-2023
20110,Chennai,Zone 06 T.V.K Nagar,1.8,07-11-2023
20111,Chennai,Zone 03 Madhavaram,1.5,07-11-2023
20112,Chennai,Valasaravakkam,1.4,07-11-2023
20113,Chennai,Zone 14 Perungudi,1.2,07-11-2023
20114,Chennai,Zone 06 D65 Kolathur,0.9,07-11-2023
20115,Chennai,Manali,0.4,07-11-2023
20116,Chennai,Zone 07 Ambattur,0.3,07-11-2023
20117,Chennai,Zone 07 U18 D81 Vanagaram,0.3,07-11-2023
20118,Chennai,Madhavaram,0.2,07-11-2023
20119,Chennai,Royapuram,0.2,07-11-2023
20120,Chennai,Zone 01 Kathivakkam,41.4,08-11-2023
20121,Chennai,Zone 07 Ambattur,37.8,08-11-2023
20122,Chennai,Ambathur,30,08-11-2023
20123,Chennai,Zone 01 Thiruvottiyur,27.15,08-11-2023
20124,Chennai,Zone 04 Tondiarpet,23.1,08-11-2023
20125,Chennai,Chennai collectorate building,22.3,08-11-2023
20126,Chennai,Thiruvottiyur,21.2,08-11-2023
20127,Chennai,CD Hospital Tondiarpet,20.5,08-11-2023
20128,Chennai,Tondairpet,19,08-11-2023
20129,Chennai,Royapuram,18.4,08-11-2023
20130,Chennai,Zone 10 Kodambakkam,17.7,08-11-2023
20131,Chennai,Zone 05 Royapuram,17.4,08-11-2023
20132,Chennai,Zone 07 U18 D81 Vanagaram,16.35,08-11-2023
20133,Chennai,Zone 15 Uthandi,16.05,08-11-2023
20134,Chennai,Zone 13 Adyar Eco Park,15.6,08-11-2023
20135,Chennai,Zone 03 Puzhal,15.3,08-11-2023
20136,Chennai,Zone 02 Manali,13.35,08-11-2023
20137,Chennai,DGP Office,12.6,08-11-2023
20138,Chennai,Sholinganallur,10.4,08-11-2023
20139,Chennai,Zone 02 D15 Manali,10.35,08-11-2023
20140,Chennai,Zone 09 Ice House,10.35,08-11-2023
20141,Chennai,Zone 11 U32 Maduravoyal,9.9,08-11-2023
20142,Chennai,Chennai nungambakkam,9.6,08-11-2023
20143,Chennai,Perambur Corporation park,8.4,08-11-2023
20144,Chennai,Thiru-Vi-Ka Nagar,8.4,08-11-2023
20145,Chennai,Zone 13 Adyar,7.5,08-11-2023
20146,Chennai,Zone 06 D65 Kolathur,6.9,08-11-2023
20147,Chennai,Gov hr sec school MGR Nagar,6.8,08-11-2023
20148,Chennai,Puzhal,6.2,08-11-2023
20149,Chennai,Zone 03 Madhavaram,5.7,08-11-2023
20150,Chennai,Zone 08 Anna Nagar,5.7,08-11-2023
20151,Chennai,Zone 11 Valasaravakkam,5.7,08-11-2023
20152,Chennai,Zone 06 T.V.K Nagar,5.4,08-11-2023
20153,Chennai,Zone 09 Teynampet,5.4,08-11-2023
20154,Chennai,Teynampet,5,08-11-2023
20155,Chennai,Valasaravakkam,4.8,08-11-2023
20156,Chennai,Zone 12 D156 Mugalivakkam,4.5,08-11-2023
20157,Chennai,Anna university,4.2,08-11-2023
20158,Chennai,Anna Nagar,3.8,08-11-2023
20159,Chennai,Zone 15 Sholinganallur,3.6,08-11-2023
20160,Chennai,Zone 12 Alandhur,3,08-11-2023
20161,Chennai,Perungudi,2.6,08-11-2023
20162,Chennai,Kodambakkam,2.4,08-11-2023
20163,Chennai,Sholinganallur,2.4,08-11-2023
20164,Chennai,Alandur,2,08-11-2023
20165,Chennai,Manali,2,08-11-2023
20166,Chennai,Madhavaram,2,08-11-2023
20167,Chennai,Ambattur,1.8,08-11-2023
20168,Chennai,Zone 05 GCC,1.8,08-11-2023
20169,Chennai,Zone 14 U41 Perungudi,1.8,08-11-2023
20170,Chennai,Zone 08 Malar colony,1.5,08-11-2023
20171,Chennai,Zone 14 Perungudi,1.5,08-11-2023
20172,Chennai,Ayanavaram taluk office,1,08-11-2023
20173,Chennai,Zone 12 Meenambakkam,0.6,08-11-2023
20174,Chennai,Adyar,0.2,08-11-2023
20175,Chennai,Zone 11 U32 Maduravoyal,33.3,09-11-2023
20176,Chennai,Ambathur,20,09-11-2023
20177,Chennai,Ambattur,14.6,09-11-2023
20178,Chennai,Sholinganallur,6.4,09-11-2023
20179,Chennai,Valasaravakkam,5.6,09-11-2023
20180,Chennai,Zone 15 Sholinganallur,4.5,09-11-2023
20181,Chennai,Zone 07 Ambattur,3.9,09-11-2023
20182,Chennai,Anna Nagar,3.8,09-11-2023
20183,Chennai,Zone 08 Malar colony,3.3,09-11-2023
20184,Chennai,Zone 12 D156 Mugalivakkam,3.3,09-11-2023
20185,Chennai,Zone 11 Valasaravakkam,2.4,09-11-2023
20186,Chennai,Zone 01 Kathivakkam,2.1,09-11-2023
20187,Chennai,Zone 06 D65 Kolathur,2.1,09-11-2023
20188,Chennai,Zone 13 Adyar,1.8,09-11-2023
20189,Chennai,Zone 14 U41 Perungudi,1.8,09-11-2023
20190,Chennai,Puzhal,1.2,09-11-2023
20191,Chennai,Zone 02 Manali,1.2,09-11-2023
20192,Chennai,Zone 14 Perungudi,1.2,09-11-2023
20193,Chennai,Zone 03 Madhavaram,0.9,09-11-2023
20194,Chennai,Zone 10 Kodambakkam,0.9,09-11-2023
20195,Chennai,Adyar,0.8,09-11-2023
20196,Chennai,Zone 13 Adyar Eco Park,0.75,09-11-2023
20197,Chennai,Zone 09 Ice House,0.3,09-11-2023
20198,Chennai,Zone 09 Teynampet,0.3,09-11-2023
20199,Chennai,Zone 12 Meenambakkam,0.3,09-11-2023
20200,Chennai,Zone 13 U39 Adyar,0.3,09-11-2023
20201,Chennai,Royapuram,0.2,09-11-2023
20202,Chennai,Perungudi,0.2,09-11-2023
20203,Chennai,Zone 05 GCC,0.2,09-11-2023
20204,Chennai,Zone 07 U18 D81 Vanagaram,0.15,09-11-2023
20205,Chennai,Zone 15 Uthandi,0.15,09-11-2023
20206,Chennai,Zone 07 Ambattur,75.6,10-11-2023
20207,Chennai,Ambathur,60,10-11-2023
20208,Chennai,Zone 03 Puzhal,60,10-11-2023
20209,Chennai,Zone 06 T.V.K Nagar,52.5,10-11-2023
20210,Chennai,Zone 06 D65 Kolathur,48,10-11-2023
20211,Chennai,Zone 07 U18 D81 Vanagaram,48,10-11-2023
20212,Chennai,DGP Office,42.2,10-11-2023
20213,Chennai,Thiruvottiyur,39.8,10-11-2023
20214,Chennai,Zone 01 Kathivakkam,38.7,10-11-2023
20215,Chennai,Gov hr sec school MGR Nagar,37.8,10-11-2023
20216,Chennai,Zone 08 Malar colony,37.5,10-11-2023
20217,Chennai,Zone 03 Madhavaram,34.2,10-11-2023
20218,Chennai,Zone 02 D15 Manali,30.6,10-11-2023
20219,Chennai,Zone 12 Alandhur,28.8,10-11-2023
20220,Chennai,Anna university,28.4,10-11-2023
20221,Chennai,CD Hospital Tondiarpet,27.6,10-11-2023
20222,Chennai,Ambattur,27.4,10-11-2023
20223,Chennai,Zone 12 D156 Mugalivakkam,27.3,10-11-2023
20224,Chennai,Madhavaram,26.8,10-11-2023
20225,Chennai,Zone 09 Teynampet,26.1,10-11-2023
20226,Chennai,Kodambakkam,24.2,10-11-2023
20227,Chennai,Tondairpet,23.2,10-11-2023
20228,Chennai,Zone 09 Ice House,20.85,10-11-2023
20229,Chennai,Zone 02 Manali,20.7,10-11-2023
20230,Chennai,Anna Nagar,20.6,10-11-2023
20231,Chennai,Zone 11 U32 Maduravoyal,20.4,10-11-2023
20232,Chennai,Perambur Corporation park,20.3,10-11-2023
20233,Chennai,Zone 12 Meenambakkam,19.5,10-11-2023
20234,Chennai,Manali,19.2,10-11-2023
20235,Chennai,Alandur,18.8,10-11-2023
20236,Chennai,Teynampet,18.8,10-11-2023
20237,Chennai,Zone 10 Kodambakkam,18.3,10-11-2023
20238,Chennai,Zone 13 Adyar,18.3,10-11-2023
20239,Chennai,Ayanavaram taluk office,18,10-11-2023
20240,Chennai,Zone 08 Anna Nagar,15.6,10-11-2023
20241,Chennai,Zone 01 Thiruvottiyur,15.3,10-11-2023
20242,Chennai,Zone 14 Perungudi,14.4,10-11-2023
20243,Chennai,Sholinganallur,14.2,10-11-2023
20244,Chennai,Thiru-Vi-Ka Nagar,14.2,10-11-2023
20245,Chennai,Zone 15 Sholinganallur,13.2,10-11-2023
20246,Chennai,Zone 13 U39 Adyar,12.9,10-11-2023
20247,Chennai,Chennai nungambakkam,12.6,10-11-2023
20248,Chennai,Zone 13 Adyar Eco Park,12.45,10-11-2023
20249,Chennai,Chennai collectorate building,11.8,10-11-2023
20250,Chennai,Zone 11 Valasaravakkam,11.7,10-11-2023
20251,Chennai,Zone 04 Tondiarpet,10.8,10-11-2023
20252,Chennai,Zone 05 GCC,10.2,10-11-2023
20253,Chennai,Adyar,9.8,10-11-2023
20254,Chennai,Zone 05 Royapuram,9,10-11-2023
20255,Chennai,Royapuram,7.4,10-11-2023
20256,Chennai,Zone 15 Uthandi,6.3,10-11-2023
20257,Chennai,Valasaravakkam,6.2,10-11-2023
20258,Chennai,Zone 14 U41 Perungudi,5.4,10-11-2023
20259,Chennai,Sholinganallur,4.2,10-11-2023
20260,Chennai,Perungudi,2,10-11-2023
20261,Chennai,Puzhal,0.4,10-11-2023
20262,Chennai,Zone 07 Ambattur,8.1,11-11-2023
20263,Chennai,Teynampet,2.2,11-11-2023
20264,Chennai,Zone 03 Puzhal,0.3,11-11-2023
20265,Chennai,Zone 12 Meenambakkam,0.3,11-11-2023
20266,Chennai,Manali,0.2,11-11-2023
20267,Chennai,Madhavaram,0.2,11-11-2023
20268,Chennai,Royapuram,0.2,11-11-2023
20269,Chennai,Royapuram,0.2,12-11-2023
20270,Chennai,Royapuram,0.2,13-11-2023
20271,Chennai,Zone 15 Sholinganallur,43.2,14-11-2023
20272,Chennai,Zone 15 Uthandi,35.85,14-11-2023
20273,Chennai,Alandur,35.5,14-11-2023
20274,Chennai,Zone 12 Meenambakkam,35.1,14-11-2023
20275,Chennai,Sholinganallur,34.4,14-11-2023
20276,Chennai,Ambathur,30,14-11-2023
20277,Chennai,Zone 12 Alandhur,29.7,14-11-2023
20278,Chennai,Zone 14 Perungudi,29.4,14-11-2023
20279,Chennai,Zone 09 Teynampet,28.8,14-11-2023
20280,Chennai,Zone 13 Adyar,28.2,14-11-2023
20281,Chennai,Zone 10 Kodambakkam,27.6,14-11-2023
20282,Chennai,Gov hr sec school MGR Nagar,27.4,14-11-2023
20283,Chennai,Zone 14 U41 Perungudi,27.3,14-11-2023
20284,Chennai,Chennai nungambakkam,25,14-11-2023
20285,Chennai,Zone 13 U39 Adyar,24.6,14-11-2023
20286,Chennai,Anna university,24.4,14-11-2023
20287,Chennai,Zone 12 D156 Mugalivakkam,20.1,14-11-2023
20288,Chennai,Adyar,19.8,14-11-2023
20289,Chennai,Sholinganallur,19.8,14-11-2023
20290,Chennai,Zone 13 Adyar Eco Park,18.45,14-11-2023
20291,Chennai,DGP Office,18.4,14-11-2023
20292,Chennai,Perungudi,17,14-11-2023
20293,Chennai,Chennai collectorate building,16,14-11-2023
20294,Chennai,Zone 05 GCC,16,14-11-2023
20295,Chennai,Zone 08 Anna Nagar,15,14-11-2023
20296,Chennai,Zone 06 D65 Kolathur,14.7,14-11-2023
20297,Chennai,Zone 09 Ice House,14.55,14-11-2023
20298,Chennai,Zone 07 Ambattur,14.1,14-11-2023
20299,Chennai,Teynampet,13.6,14-11-2023
20300,Chennai,Zone 03 Puzhal,13.5,14-11-2023
20301,Chennai,Zone 01 Kathivakkam,12,14-11-2023
20302,Chennai,Zone 05 Royapuram,11.55,14-11-2023
20303,Chennai,Kodambakkam,11.4,14-11-2023
20304,Chennai,Zone 11 Valasaravakkam,11.4,14-11-2023
20305,Chennai,Zone 07 U18 D81 Vanagaram,11.25,14-11-2023
20306,Chennai,Zone 03 Madhavaram,11.1,14-11-2023
20307,Chennai,Zone 06 T.V.K Nagar,11.1,14-11-2023
20308,Chennai,Zone 11 U32 Maduravoyal,10.8,14-11-2023
20309,Chennai,Zone 02 Manali,10.65,14-11-2023
20310,Chennai,Royapuram,10.4,14-11-2023
20311,Chennai,Ayanavaram taluk office,10,14-11-2023
20312,Chennai,Valasaravakkam,9.2,14-11-2023
20313,Chennai,Zone 04 Tondiarpet,8.85,14-11-2023
20314,Chennai,Madhavaram,8.6,14-11-2023
20315,Chennai,Ambattur,8.6,14-11-2023
20316,Chennai,CD Hospital Tondiarpet,8.4,14-11-2023
20317,Chennai,Perambur Corporation park,8.3,14-11-2023
20318,Chennai,Zone 01 Thiruvottiyur,7.95,14-11-2023
20319,Chennai,Anna Nagar,7.6,14-11-2023
20320,Chennai,Tondairpet,6.6,14-11-2023
20321,Chennai,Thiru-Vi-Ka Nagar,6.6,14-11-2023
20322,Chennai,Zone 02 D15 Manali,5.7,14-11-2023
20323,Chennai,Thiruvottiyur,5.4,14-11-2023
20324,Chennai,Zone 08 Malar colony,3.9,14-11-2023
20325,Chennai,Manali,2.8,14-11-2023
20326,Chennai,DGP Office,120.4,15-11-2023
20327,Chennai,Ambathur,95,15-11-2023
20328,Chennai,Chennai collectorate building,94,15-11-2023
20329,Chennai,Zone 10 Kodambakkam,84.9,15-11-2023
20330,Chennai,Zone 01 Kathivakkam,84.3,15-11-2023
20331,Chennai,Sholinganallur,82.7,15-11-2023
20332,Chennai,Zone 12 Alandhur,78,15-11-2023
20333,Chennai,Zone 13 Adyar Eco Park,76.2,15-11-2023
20334,Chennai,Zone 08 Anna Nagar,71.1,15-11-2023
20335,Chennai,Chennai nungambakkam,70.7,15-11-2023
20336,Chennai,CD Hospital Tondiarpet,70.5,15-11-2023
20337,Chennai,Zone 06 T.V.K Nagar,70.2,15-11-2023
20338,Chennai,Zone 09 Teynampet,70.2,15-11-2023
20339,Chennai,Alandur,69.3,15-11-2023
20340,Chennai,Zone 14 U41 Perungudi,69.3,15-11-2023
20341,Chennai,Anna university,68.4,15-11-2023
20342,Chennai,Zone 13 Adyar,68.4,15-11-2023
20343,Chennai,Gov hr sec school MGR Nagar,67.4,15-11-2023
20344,Chennai,Perambur Corporation park,66.4,15-11-2023
20345,Chennai,Zone 15 Uthandi,65.4,15-11-2023
20346,Chennai,Kodambakkam,65.2,15-11-2023
20347,Chennai,Zone 06 D65 Kolathur,63.6,15-11-2023
20348,Chennai,Teynampet,63.4,15-11-2023
20349,Chennai,Zone 12 D156 Mugalivakkam,62.7,15-11-2023
20350,Chennai,Zone 15 Sholinganallur,61.8,15-11-2023
20351,Chennai,Zone 09 Ice House,59.4,15-11-2023
20352,Chennai,Zone 14 Perungudi,59.4,15-11-2023
20353,Chennai,Zone 03 Puzhal,58.5,15-11-2023
20354,Chennai,Ayanavaram taluk office,58.2,15-11-2023
20355,Chennai,Zone 04 Tondiarpet,55.5,15-11-2023
20356,Chennai,Zone 05 Royapuram,54.75,15-11-2023
20357,Chennai,Zone 11 U32 Maduravoyal,54.6,15-11-2023
20358,Chennai,Zone 11 Valasaravakkam,54.6,15-11-2023
20359,Chennai,Zone 01 Thiruvottiyur,54.3,15-11-2023
20360,Chennai,Royapuram,53.6,15-11-2023
20361,Chennai,Zone 03 Madhavaram,50.7,15-11-2023
20362,Chennai,Zone 12 Meenambakkam,50.4,15-11-2023
20363,Chennai,Tondairpet,50,15-11-2023
20364,Chennai,Sholinganallur,49.6,15-11-2023
20365,Chennai,Adyar,49.4,15-11-2023
20366,Chennai,Zone 08 Malar colony,48.6,15-11-2023
20367,Chennai,Zone 13 U39 Adyar,48.6,15-11-2023
20368,Chennai,Zone 02 D15 Manali,48.15,15-11-2023
20369,Chennai,Thiru-Vi-Ka Nagar,47.4,15-11-2023
20370,Chennai,Perungudi,46.6,15-11-2023
20371,Chennai,Madhavaram,45.2,15-11-2023
20372,Chennai,Zone 07 Ambattur,44.7,15-11-2023
20373,Chennai,Zone 02 Manali,44.4,15-11-2023
20374,Chennai,Valasaravakkam,43,15-11-2023
20375,Chennai,Anna Nagar,40.6,15-11-2023
20376,Chennai,Zone 07 U18 D81 Vanagaram,37.65,15-11-2023
20377,Chennai,Thiruvottiyur,36,15-11-2023
20378,Chennai,Zone 05 GCC,23,15-11-2023
20379,Chennai,Ambattur,5.2,15-11-2023
20380,Chennai,Puzhal,1.4,15-11-2023
20381,Chennai,Manali,0.4,15-11-2023
20382,Chennai,Chennai collectorate building,34.7,16-11-2023
20383,Chennai,Zone 08 Malar colony,34.2,16-11-2023
20384,Chennai,Sholinganallur,33.8,16-11-2023
20385,Chennai,Zone 06 T.V.K Nagar,33,16-11-2023
20386,Chennai,CD Hospital Tondiarpet,32.5,16-11-2023
20387,Chennai,Zone 01 Kathivakkam,27,16-11-2023
20388,Chennai,Zone 02 D15 Manali,24.3,16-11-2023
20389,Chennai,Anna Nagar,24,16-11-2023
20390,Chennai,Zone 06 D65 Kolathur,24,16-11-2023
20391,Chennai,Zone 03 Puzhal,23.7,16-11-2023
20392,Chennai,Zone 01 Thiruvottiyur,20.1,16-11-2023
20393,Chennai,Zone 03 Madhavaram,20.1,16-11-2023
20394,Chennai,DGP Office,19.5,16-11-2023
20395,Chennai,Zone 04 Tondiarpet,19.5,16-11-2023
20396,Chennai,Zone 02 Manali,18.9,16-11-2023
20397,Chennai,Zone 07 Ambattur,17.1,16-11-2023
20398,Chennai,Madhavaram,17,16-11-2023
20399,Chennai,Zone 15 Uthandi,16.95,16-11-2023
20400,Chennai,Ambattur,16.6,16-11-2023
20401,Chennai,Perambur Corporation park,16.2,16-11-2023
20402,Chennai,Zone 07 U18 D81 Vanagaram,15.6,16-11-2023
20403,Chennai,Zone 15 Sholinganallur,13.8,16-11-2023
20404,Chennai,Zone 13 Adyar Eco Park,13.5,16-11-2023
20405,Chennai,Zone 11 U32 Maduravoyal,13.2,16-11-2023
20406,Chennai,Ayanavaram taluk office,12.9,16-11-2023
20407,Chennai,Zone 08 Anna Nagar,12.9,16-11-2023
20408,Chennai,Tondairpet,12.8,16-11-2023
20409,Chennai,Sholinganallur,12.8,16-11-2023
20410,Chennai,Zone 05 Royapuram,12.75,16-11-2023
20411,Chennai,Anna university,12.6,16-11-2023
20412,Chennai,Zone 13 Adyar,12.6,16-11-2023
20413,Chennai,Thiruvottiyur,12.4,16-11-2023
20414,Chennai,Thiru-Vi-Ka Nagar,12,16-11-2023
20415,Chennai,Chennai nungambakkam,10.3,16-11-2023
20416,Chennai,Perungudi,10.2,16-11-2023
20417,Chennai,Adyar,9.6,16-11-2023
20418,Chennai,Zone 12 D156 Mugalivakkam,9.6,16-11-2023
20419,Chennai,Zone 14 U41 Perungudi,9.3,16-11-2023
20420,Chennai,Royapuram,8.8,16-11-2023
20421,Chennai,Zone 09 Ice House,7.95,16-11-2023
20422,Chennai,Zone 12 Alandhur,7.8,16-11-2023
20423,Chennai,Alandur,7,16-11-2023
20424,Chennai,Zone 09 Teynampet,6.9,16-11-2023
20425,Chennai,Zone 11 Valasaravakkam,6.6,16-11-2023
20426,Chennai,Teynampet,6.4,16-11-2023
20427,Chennai,Valasaravakkam,6.4,16-11-2023
20428,Chennai,Zone 13 U39 Adyar,6,16-11-2023
20429,Chennai,Ambathur,5.8,16-11-2023
20430,Chennai,Zone 10 Kodambakkam,5.7,16-11-2023
20431,Chennai,Zone 14 Perungudi,5.7,16-11-2023
20432,Chennai,Gov hr sec school MGR Nagar,5,16-11-2023
20433,Chennai,Zone 05 GCC,4.8,16-11-2023
20434,Chennai,Kodambakkam,4,16-11-2023
20435,Chennai,Manali,3.2,16-11-2023
20436,Chennai,Zone 12 Meenambakkam,3,16-11-2023
20437,Chennai,Puzhal,0.8,16-11-2023
20438,Chennai,Puzhal,0.4,17-11-2023
20439,Chennai,Zone 03 Puzhal,0.3,17-11-2023
20440,Chennai,Zone 08 Anna Nagar,0.3,17-11-2023
20441,Chennai,Zone 08 Malar colony,0.3,17-11-2023
20442,Chennai,Adyar,0.2,17-11-2023
20443,Chennai,Sholinganallur,0.2,17-11-2023
20444,Chennai,Zone 15 Uthandi,2.85,18-11-2023
20445,Chennai,Zone 15 Sholinganallur,2.1,18-11-2023
20446,Chennai,Sholinganallur,1.8,18-11-2023
20447,Chennai,Sholinganallur,0.5,18-11-2023
20448,Chennai,Zone 11 Valasaravakkam,0.3,18-11-2023
20449,Chennai,Chennai nungambakkam,0.2,18-11-2023
20450,Chennai,Tondairpet,0.2,18-11-2023
20451,Chennai,Royapuram,0.2,18-11-2023
20452,Chennai,Valasaravakkam,0.2,18-11-2023
20453,Chennai,Zone 12 D156 Mugalivakkam,0.3,19-11-2023
20454,Chennai,Zone 08 Malar colony,19.2,20-11-2023
20455,Chennai,Zone 12 D156 Mugalivakkam,10.2,20-11-2023
20456,Chennai,Ambathur,10,20-11-2023
20457,Chennai,Gov hr sec school MGR Nagar,9.2,20-11-2023
20458,Chennai,Zone 09 Teynampet,7.5,20-11-2023
20459,Chennai,Zone 06 T.V.K Nagar,5.7,20-11-2023
20460,Chennai,Zone 08 Anna Nagar,5.7,20-11-2023
20461,Chennai,Zone 06 D65 Kolathur,5.4,20-11-2023
20462,Chennai,Zone 05 Royapuram,5.25,20-11-2023
20463,Chennai,Zone 12 Meenambakkam,5.1,20-11-2023
20464,Chennai,Zone 10 Kodambakkam,4.5,20-11-2023
20465,Chennai,Zone 11 Valasaravakkam,4.5,20-11-2023
20466,Chennai,Zone 12 Alandhur,4.5,20-11-2023
20467,Chennai,Alandur,3.4,20-11-2023
20468,Chennai,Zone 11 U32 Maduravoyal,3.3,20-11-2023
20469,Chennai,Manali,3.2,20-11-2023
20470,Chennai,Perambur Corporation park,3.1,20-11-2023
20471,Chennai,Zone 02 Manali,3,20-11-2023
20472,Chennai,Chennai nungambakkam,2.6,20-11-2023
20473,Chennai,Zone 07 Ambattur,2.4,20-11-2023
20474,Chennai,DGP Office,2.3,20-11-2023
20475,Chennai,Tondairpet,2.2,20-11-2023
20476,Chennai,Zone 04 Tondiarpet,2.1,20-11-2023
20477,Chennai,Ayanavaram taluk office,2,20-11-2023
20478,Chennai,Zone 02 D15 Manali,1.95,20-11-2023
20479,Chennai,Zone 07 U18 D81 Vanagaram,1.95,20-11-2023
20480,Chennai,Zone 03 Madhavaram,1.8,20-11-2023
20481,Chennai,Zone 09 Ice House,1.65,20-11-2023
20482,Chennai,Zone 14 U41 Perungudi,1.5,20-11-2023
20483,Chennai,Madhavaram,1.4,20-11-2023
20484,Chennai,Anna university,1.2,20-11-2023
20485,Chennai,Sholinganallur,0.6,20-11-2023
20486,Chennai,Zone 01 Kathivakkam,0.6,20-11-2023
20487,Chennai,Zone 03 Puzhal,0.6,20-11-2023
20488,Chennai,Teynampet,0.4,20-11-2023
20489,Chennai,Perungudi,0.4,20-11-2023
20490,Chennai,Puzhal,0.4,20-11-2023
20491,Chennai,Zone 01 Thiruvottiyur,0.3,20-11-2023
20492,Chennai,Anna Nagar,0.2,20-11-2023
20493,Chennai,Zone 05 GCC,0.2,20-11-2023
20494,Chennai,Zone 13 Adyar Eco Park,0.15,20-11-2023
20495,Chennai,Zone 15 Uthandi,0.15,20-11-2023
20496,Chennai,DGP Office,90.2,21-11-2023
20497,Chennai,Chennai collectorate building,83.2,21-11-2023
20498,Chennai,Tondairpet,78.4,21-11-2023
20499,Chennai,CD Hospital Tondiarpet,73.6,21-11-2023
20500,Chennai,Zone 04 Tondiarpet,70.8,21-11-2023
20501,Chennai,Royapuram,70.6,21-11-2023
20502,Chennai,Ayanavaram taluk office,67,21-11-2023
20503,Chennai,Zone 05 Royapuram,65.7,21-11-2023
20504,Chennai,Anna university,64.6,21-11-2023
20505,Chennai,Chennai nungambakkam,64.5,21-11-2023
20506,Chennai,Zone 02 Manali,64.05,21-11-2023
20507,Chennai,Zone 09 Ice House,62.55,21-11-2023
20508,Chennai,Perambur Corporation park,60.2,21-11-2023
20509,Chennai,Sholinganallur,57.4,21-11-2023
20510,Chennai,Zone 08 Anna Nagar,56.1,21-11-2023
20511,Chennai,Zone 01 Thiruvottiyur,54.75,21-11-2023
20512,Chennai,Zone 06 T.V.K Nagar,54,21-11-2023
20513,Chennai,Thiru-Vi-Ka Nagar,51,21-11-2023
20514,Chennai,Zone 01 Kathivakkam,48,21-11-2023
20515,Chennai,Zone 02 D15 Manali,46.65,21-11-2023
20516,Chennai,Zone 09 Teynampet,45.9,21-11-2023
20517,Chennai,Zone 05 GCC,44.6,21-11-2023
20518,Chennai,Zone 06 D65 Kolathur,44.4,21-11-2023
20519,Chennai,Zone 08 Malar colony,44.4,21-11-2023
20520,Chennai,Ambathur,44,21-11-2023
20521,Chennai,Thiruvottiyur,44,21-11-2023
20522,Chennai,Madhavaram,35.2,21-11-2023
20523,Chennai,Anna Nagar,34.8,21-11-2023
20524,Chennai,Zone 15 Uthandi,34.8,21-11-2023
20525,Chennai,Zone 03 Puzhal,33.9,21-11-2023
20526,Chennai,Teynampet,33,21-11-2023
20527,Chennai,Zone 13 Adyar Eco Park,31.95,21-11-2023
20528,Chennai,Zone 07 Ambattur,30,21-11-2023
20529,Chennai,Zone 11 Valasaravakkam,29.7,21-11-2023
20530,Chennai,Zone 11 U32 Maduravoyal,29.4,21-11-2023
20531,Chennai,Ambattur,27.4,21-11-2023
20532,Chennai,Zone 15 Sholinganallur,27.3,21-11-2023
20533,Chennai,Sholinganallur,25.2,21-11-2023
20534,Chennai,Zone 13 Adyar,25.2,21-11-2023
20535,Chennai,Zone 07 U18 D81 Vanagaram,25.05,21-11-2023
20536,Chennai,Zone 10 Kodambakkam,24.6,21-11-2023
20537,Chennai,Valasaravakkam,24.4,21-11-2023
20538,Chennai,Zone 14 U41 Perungudi,24.3,21-11-2023
20539,Chennai,Perungudi,23.8,21-11-2023
20540,Chennai,Zone 03 Madhavaram,23.7,21-11-2023
20541,Chennai,Zone 12 Alandhur,22.8,21-11-2023
20542,Chennai,Zone 13 U39 Adyar,21.6,21-11-2023
20543,Chennai,Kodambakkam,20.8,21-11-2023
20544,Chennai,Zone 12 D156 Mugalivakkam,20.7,21-11-2023
20545,Chennai,Adyar,20,21-11-2023
20546,Chennai,Alandur,19.3,21-11-2023
20547,Chennai,Gov hr sec school MGR Nagar,17.6,21-11-2023
20548,Chennai,Zone 12 Meenambakkam,15.3,21-11-2023
20549,Chennai,Manali,4,21-11-2023
20550,Chennai,Zone 14 Perungudi,3,21-11-2023
20551,Chennai,Puzhal,1.4,21-11-2023
20552,Chennai,Zone 04 Tondiarpet,70.8,22-11-2023
20553,Chennai,Zone 01 Kathivakkam,67.8,22-11-2023
20554,Chennai,Zone 05 Royapuram,66.45,22-11-2023
20555,Chennai,Zone 06 T.V.K Nagar,63,22-11-2023
20556,Chennai,Zone 03 Madhavaram,54.3,22-11-2023
20557,Chennai,Tondairpet,54.2,22-11-2023
20558,Chennai,Ambathur,53,22-11-2023
20559,Chennai,DGP Office,50.2,22-11-2023
20560,Chennai,Zone 08 Malar colony,48.3,22-11-2023
20561,Chennai,Thiru-Vi-Ka Nagar,46.2,22-11-2023
20562,Chennai,Royapuram,44.8,22-11-2023
20563,Chennai,Perambur Corporation park,44.6,22-11-2023
20564,Chennai,Zone 09 Teynampet,44.1,22-11-2023
20565,Chennai,Ayanavaram taluk office,41.7,22-11-2023
20566,Chennai,Chennai collectorate building,41.6,22-11-2023
20567,Chennai,Madhavaram,40.4,22-11-2023
20568,Chennai,Sholinganallur,40.3,22-11-2023
20569,Chennai,Zone 08 Anna Nagar,37.8,22-11-2023
20570,Chennai,Chennai nungambakkam,37.7,22-11-2023
20571,Chennai,CD Hospital Tondiarpet,37.5,22-11-2023
20572,Chennai,Anna Nagar,35.4,22-11-2023
20573,Chennai,Zone 06 D65 Kolathur,34.8,22-11-2023
20574,Chennai,Zone 02 Manali,34.2,22-11-2023
20575,Chennai,Teynampet,32.4,22-11-2023
20576,Chennai,Zone 01 Thiruvottiyur,32.1,22-11-2023
20577,Chennai,Zone 03 Puzhal,30.9,22-11-2023
20578,Chennai,Zone 15 Uthandi,30.9,22-11-2023
20579,Chennai,Zone 02 D15 Manali,30,22-11-2023
20580,Chennai,Zone 13 Adyar Eco Park,29.85,22-11-2023
20581,Chennai,Zone 13 Adyar,29.1,22-11-2023
20582,Chennai,Zone 05 GCC,28.6,22-11-2023
20583,Chennai,Kodambakkam,26.8,22-11-2023
20584,Chennai,Sholinganallur,26.4,22-11-2023
20585,Chennai,Zone 15 Sholinganallur,26.4,22-11-2023
20586,Chennai,Zone 14 U41 Perungudi,24.3,22-11-2023
20587,Chennai,Thiruvottiyur,23.4,22-11-2023
20588,Chennai,Ambattur,22.6,22-11-2023
20589,Chennai,Zone 12 Alandhur,21.3,22-11-2023
20590,Chennai,Zone 12 Meenambakkam,21,22-11-2023
20591,Chennai,Zone 10 Kodambakkam,20.7,22-11-2023
20592,Chennai,Zone 13 U39 Adyar,19.8,22-11-2023
20593,Chennai,Gov hr sec school MGR Nagar,19,22-11-2023
20594,Chennai,Zone 11 Valasaravakkam,18,22-11-2023
20595,Chennai,Zone 11 U32 Maduravoyal,17.1,22-11-2023
20596,Chennai,Zone 14 Perungudi,16.5,22-11-2023
20597,Chennai,Adyar,16,22-11-2023
20598,Chennai,Perungudi,15.6,22-11-2023
20599,Chennai,Alandur,15.3,22-11-2023
20600,Chennai,Zone 07 Ambattur,12.9,22-11-2023
20601,Chennai,Zone 12 D156 Mugalivakkam,12.6,22-11-2023
20602,Chennai,Anna university,12.4,22-11-2023
20603,Chennai,Valasaravakkam,12.4,22-11-2023
20604,Chennai,Zone 09 Ice House,9.15,22-11-2023
20605,Chennai,Zone 07 U18 D81 Vanagaram,8.4,22-11-2023
20606,Chennai,Puzhal,0.6,22-11-2023
20607,Chennai,Ambathur,46,23-11-2023
20608,Chennai,Chennai collectorate building,43.3,23-11-2023
20609,Chennai,Zone 01 Kathivakkam,39.3,23-11-2023
20610,Chennai,Zone 03 Puzhal,36.6,23-11-2023
20611,Chennai,Royapuram,32.6,23-11-2023
20612,Chennai,Zone 15 Uthandi,32.25,23-11-2023
20613,Chennai,Zone 02 Manali,27.9,23-11-2023
20614,Chennai,Perambur Corporation park,26.6,23-11-2023
20615,Chennai,Zone 15 Sholinganallur,25.8,23-11-2023
20616,Chennai,Sholinganallur,25.7,23-11-2023
20617,Chennai,Zone 06 D65 Kolathur,24.3,23-11-2023
20618,Chennai,Ayanavaram taluk office,23.9,23-11-2023
20619,Chennai,Zone 08 Anna Nagar,23.7,23-11-2023
20620,Chennai,Chennai nungambakkam,23.2,23-11-2023
20621,Chennai,Zone 10 Kodambakkam,22.5,23-11-2023
20622,Chennai,Sholinganallur,22.4,23-11-2023
20623,Chennai,Zone 05 GCC,22.4,23-11-2023
20624,Chennai,Anna university,21.6,23-11-2023
20625,Chennai,Zone 06 T.V.K Nagar,21,23-11-2023
20626,Chennai,Madhavaram,20.2,23-11-2023
20627,Chennai,Thiru-Vi-Ka Nagar,18.4,23-11-2023
20628,Chennai,Zone 11 Valasaravakkam,18.3,23-11-2023
20629,Chennai,Zone 05 Royapuram,17.7,23-11-2023
20630,Chennai,Zone 03 Madhavaram,17.4,23-11-2023
20631,Chennai,Gov hr sec school MGR Nagar,16.8,23-11-2023
20632,Chennai,DGP Office,16.2,23-11-2023
20633,Chennai,Zone 08 Malar colony,16.2,23-11-2023
20634,Chennai,Tondairpet,15.8,23-11-2023
20635,Chennai,Zone 09 Teynampet,15.6,23-11-2023
20636,Chennai,Zone 14 U41 Perungudi,15.3,23-11-2023
20637,Chennai,Zone 13 Adyar,13.8,23-11-2023
20638,Chennai,Zone 07 U18 D81 Vanagaram,13.5,23-11-2023
20639,Chennai,Zone 02 D15 Manali,12.3,23-11-2023
20640,Chennai,Zone 11 U32 Maduravoyal,12.3,23-11-2023
20641,Chennai,Zone 12 Alandhur,11.7,23-11-2023
20642,Chennai,Zone 07 Ambattur,10.8,23-11-2023
20643,Chennai,CD Hospital Tondiarpet,10.4,23-11-2023
20644,Chennai,Zone 04 Tondiarpet,10.35,23-11-2023
20645,Chennai,Ambattur,10.2,23-11-2023
20646,Chennai,Zone 13 Adyar Eco Park,9.75,23-11-2023
20647,Chennai,Zone 01 Thiruvottiyur,9,23-11-2023
20648,Chennai,Alandur,6.8,23-11-2023
20649,Chennai,Manali,6.8,23-11-2023
20650,Chennai,Kodambakkam,6.4,23-11-2023
20651,Chennai,Thiruvottiyur,6.2,23-11-2023
20652,Chennai,Adyar,5.8,23-11-2023
20653,Chennai,Anna Nagar,5.6,23-11-2023
20654,Chennai,Perungudi,5.6,23-11-2023
20655,Chennai,Zone 13 U39 Adyar,5.1,23-11-2023
20656,Chennai,Zone 14 Perungudi,5.1,23-11-2023
20657,Chennai,Teynampet,4.2,23-11-2023
20658,Chennai,Zone 12 D156 Mugalivakkam,3.3,23-11-2023
20659,Chennai,Valasaravakkam,3,23-11-2023
20660,Chennai,Zone 09 Ice House,0.45,23-11-2023
20661,Chennai,Puzhal,0.2,23-11-2023
20662,Chennai,Perambur Corporation park,18.1,24-11-2023
20663,Chennai,Ayanavaram taluk office,14.1,24-11-2023
20664,Chennai,Chennai collectorate building,12,24-11-2023
20665,Chennai,Ambathur,10,24-11-2023
20666,Chennai,Chennai nungambakkam,8.9,24-11-2023
20667,Chennai,Royapuram,8.8,24-11-2023
20668,Chennai,DGP Office,8.4,24-11-2023
20669,Chennai,CD Hospital Tondiarpet,7.8,24-11-2023
20670,Chennai,Teynampet,6,24-11-2023
20671,Chennai,Sholinganallur,5.8,24-11-2023
20672,Chennai,Kodambakkam,5.4,24-11-2023
20673,Chennai,Zone 08 Anna Nagar,5.1,24-11-2023
20674,Chennai,Gov hr sec school MGR Nagar,5,24-11-2023
20675,Chennai,Perungudi,5,24-11-2023
20676,Chennai,Anna university,4.2,24-11-2023
20677,Chennai,Adyar,4.2,24-11-2023
20678,Chennai,Zone 09 Ice House,3.75,24-11-2023
20679,Chennai,Zone 12 Alandhur,3.6,24-11-2023
20680,Chennai,Zone 13 Adyar,3.6,24-11-2023
20681,Chennai,Zone 13 U39 Adyar,3.6,24-11-2023
20682,Chennai,Sholinganallur,3.4,24-11-2023
20683,Chennai,Thiru-Vi-Ka Nagar,3.2,24-11-2023
20684,Chennai,Anna Nagar,3,24-11-2023
20685,Chennai,Zone 09 Teynampet,3,24-11-2023
20686,Chennai,Alandur,2.8,24-11-2023
20687,Chennai,Zone 14 Perungudi,2.7,24-11-2023
20688,Chennai,Tondairpet,2.6,24-11-2023
20689,Chennai,Valasaravakkam,2.6,24-11-2023
20690,Chennai,Zone 13 Adyar Eco Park,2.55,24-11-2023
20691,Chennai,Zone 14 U41 Perungudi,2.4,24-11-2023
20692,Chennai,Zone 05 Royapuram,2.1,24-11-2023
20693,Chennai,Zone 11 Valasaravakkam,2.1,24-11-2023
20694,Chennai,Ambattur,2,24-11-2023
20695,Chennai,Zone 04 Tondiarpet,1.95,24-11-2023
20696,Chennai,Zone 12 D156 Mugalivakkam,1.8,24-11-2023
20697,Chennai,Zone 15 Uthandi,1.65,24-11-2023
20698,Chennai,Zone 08 Malar colony,1.5,24-11-2023
20699,Chennai,Thiruvottiyur,1.2,24-11-2023
20700,Chennai,Zone 11 U32 Maduravoyal,1.2,24-11-2023
20701,Chennai,Zone 06 D65 Kolathur,0.9,24-11-2023
20702,Chennai,Madhavaram,0.8,24-11-2023
20703,Chennai,Zone 02 Manali,0.75,24-11-2023
20704,Chennai,Zone 01 Kathivakkam,0.6,24-11-2023
20705,Chennai,Zone 01 Thiruvottiyur,0.6,24-11-2023
20706,Chennai,Zone 03 Madhavaram,0.6,24-11-2023
20707,Chennai,Zone 05 GCC,0.4,24-11-2023
20708,Chennai,Zone 03 Puzhal,0.3,24-11-2023
20709,Chennai,Zone 07 U18 D81 Vanagaram,0.3,24-11-2023
20710,Chennai,Zone 15 Sholinganallur,0.3,24-11-2023
20711,Chennai,Manali,0.2,24-11-2023
20712,Chennai,Zone 13 Adyar,80.7,25-11-2023
20713,Chennai,Adyar,63.2,25-11-2023
20714,Chennai,Zone 13 U39 Adyar,53.4,25-11-2023
20715,Chennai,Zone 08 Anna Nagar,49.2,25-11-2023
20716,Chennai,Zone 12 Alandhur,47.1,25-11-2023
20717,Chennai,Zone 14 U41 Perungudi,45,25-11-2023
20718,Chennai,Perungudi,43.6,25-11-2023
20719,Chennai,Zone 09 Teynampet,41.7,25-11-2023
20720,Chennai,Zone 09 Ice House,40.5,25-11-2023
20721,Chennai,Zone 14 Perungudi,39,25-11-2023
20722,Chennai,Zone 13 Adyar Eco Park,35.55,25-11-2023
20723,Chennai,Anna Nagar,34.8,25-11-2023
20724,Chennai,Teynampet,33,25-11-2023
20725,Chennai,Zone 08 Malar colony,31.5,25-11-2023
20726,Chennai,Zone 10 Kodambakkam,29.1,25-11-2023
20727,Chennai,Zone 04 Tondiarpet,27.15,25-11-2023
20728,Chennai,Kodambakkam,26.2,25-11-2023
20729,Chennai,Ambattur,25.8,25-11-2023
20730,Chennai,Zone 05 GCC,23.6,25-11-2023
20731,Chennai,Zone 12 D156 Mugalivakkam,23.1,25-11-2023
20732,Chennai,Tondairpet,21,25-11-2023
20733,Chennai,Zone 11 U32 Maduravoyal,20.7,25-11-2023
20734,Chennai,Zone 11 Valasaravakkam,20.1,25-11-2023
20735,Chennai,Zone 05 Royapuram,18.75,25-11-2023
20736,Chennai,Alandur,16,25-11-2023
20737,Chennai,Thiru-Vi-Ka Nagar,16,25-11-2023
20738,Chennai,Zone 15 Uthandi,15.15,25-11-2023
20739,Chennai,Zone 02 Manali,14.4,25-11-2023
20740,Chennai,Zone 06 T.V.K Nagar,13.5,25-11-2023
20741,Chennai,Valasaravakkam,13,25-11-2023
20742,Chennai,Zone 07 Ambattur,12,25-11-2023
20743,Chennai,Zone 15 Sholinganallur,12,25-11-2023
20744,Chennai,Sholinganallur,10.3,25-11-2023
20745,Chennai,Zone 06 D65 Kolathur,9.9,25-11-2023
20746,Chennai,Sholinganallur,9.6,25-11-2023
20747,Chennai,Zone 03 Puzhal,9.6,25-11-2023
20748,Chennai,Zone 03 Madhavaram,8.4,25-11-2023
20749,Chennai,Madhavaram,6.6,25-11-2023
20750,Chennai,Thiruvottiyur,6,25-11-2023
20751,Chennai,Zone 01 Thiruvottiyur,4.95,25-11-2023
20752,Chennai,CD Hospital Tondiarpet,4.8,25-11-2023
20753,Chennai,Zone 01 Kathivakkam,3.6,25-11-2023
20754,Chennai,Zone 07 U18 D81 Vanagaram,3.3,25-11-2023
20755,Chennai,Zone 02 D15 Manali,2.7,25-11-2023
20756,Chennai,Royapuram,2,25-11-2023
20757,Chennai,Manali,1.8,25-11-2023
20758,Chennai,Chennai nungambakkam,1.6,25-11-2023
20759,Chennai,Gov hr sec school MGR Nagar,1.4,25-11-2023
20760,Chennai,Ayanavaram taluk office,1.2,25-11-2023
20761,Chennai,Perambur Corporation park,1,25-11-2023
20762,Chennai,Chennai collectorate building,0.6,25-11-2023
20763,Chennai,Royapuram,25,26-11-2023
20764,Chennai,Zone 08 Anna Nagar,6.6,26-11-2023
20765,Chennai,Anna Nagar,5.8,26-11-2023
20766,Chennai,Zone 11 U32 Maduravoyal,5.4,26-11-2023
20767,Chennai,Ambathur,4,26-11-2023
20768,Chennai,Sholinganallur,4,26-11-2023
20769,Chennai,Ambattur,3.4,26-11-2023
20770,Chennai,Zone 07 Ambattur,3.3,26-11-2023
20771,Chennai,DGP Office,3.2,26-11-2023
20772,Chennai,Zone 11 Valasaravakkam,3,26-11-2023
20773,Chennai,Zone 06 D65 Kolathur,2.4,26-11-2023
20774,Chennai,Zone 15 Sholinganallur,2.4,26-11-2023
20775,Chennai,Zone 05 Royapuram,2.1,26-11-2023
20776,Chennai,Zone 08 Malar colony,2.1,26-11-2023
20777,Chennai,Valasaravakkam,2,26-11-2023
20778,Chennai,Zone 06 T.V.K Nagar,1.8,26-11-2023
20779,Chennai,Zone 02 Manali,1.65,26-11-2023
20780,Chennai,Zone 07 U18 D81 Vanagaram,1.5,26-11-2023
20781,Chennai,CD Hospital Tondiarpet,1.4,26-11-2023
20782,Chennai,Perungudi,1.4,26-11-2023
20783,Chennai,Chennai collectorate building,1.2,26-11-2023
20784,Chennai,Zone 14 U41 Perungudi,1.2,26-11-2023
20785,Chennai,Zone 15 Uthandi,1.2,26-11-2023
20786,Chennai,Ayanavaram taluk office,1,26-11-2023
20787,Chennai,Alandur,1,26-11-2023
20788,Chennai,Tondairpet,1,26-11-2023
20789,Chennai,Zone 01 Thiruvottiyur,0.9,26-11-2023
20790,Chennai,Perambur Corporation park,0.6,26-11-2023
20791,Chennai,Zone 12 Alandhur,0.6,26-11-2023
20792,Chennai,Zone 13 Adyar,0.6,26-11-2023
20793,Chennai,Anna university,0.5,26-11-2023
20794,Chennai,Gov hr sec school MGR Nagar,0.4,26-11-2023
20795,Chennai,Thiru-Vi-Ka Nagar,0.4,26-11-2023
20796,Chennai,Sholinganallur,0.4,26-11-2023
20797,Chennai,Chennai nungambakkam,0.3,26-11-2023
20798,Chennai,Zone 03 Madhavaram,0.3,26-11-2023
20799,Chennai,Zone 09 Ice House,0.3,26-11-2023
20800,Chennai,Zone 09 Teynampet,0.3,26-11-2023
20801,Chennai,Zone 14 Perungudi,0.3,26-11-2023
20802,Chennai,Thiruvottiyur,0.2,26-11-2023
20803,Chennai,Manali,0.2,26-11-2023
20804,Chennai,Adyar,0.2,26-11-2023
20805,Chennai,Zone 05 GCC,0.2,26-11-2023
20806,Chennai,Zone 08 Malar colony,60.6,27-11-2023
20807,Chennai,Zone 12 Meenambakkam,53.4,27-11-2023
20808,Chennai,Zone 13 Adyar,46.5,27-11-2023
20809,Chennai,Sholinganallur,45.8,27-11-2023
20810,Chennai,Anna university,45,27-11-2023
20811,Chennai,Zone 12 Alandhur,43.8,27-11-2023
20812,Chennai,Zone 06 T.V.K Nagar,43.5,27-11-2023
20813,Chennai,Zone 15 Sholinganallur,42.3,27-11-2023
20814,Chennai,Zone 13 Adyar Eco Park,40.95,27-11-2023
20815,Chennai,Zone 12 D156 Mugalivakkam,40.8,27-11-2023
20816,Chennai,Perambur Corporation park,39.5,27-11-2023
20817,Chennai,Ambathur,38,27-11-2023
20818,Chennai,Zone 09 Ice House,37.5,27-11-2023
20819,Chennai,Perungudi,37.4,27-11-2023
20820,Chennai,Zone 07 U18 D81 Vanagaram,36.6,27-11-2023
20821,Chennai,Zone 14 Perungudi,36,27-11-2023
20822,Chennai,Zone 06 D65 Kolathur,35.7,27-11-2023
20823,Chennai,Zone 13 U39 Adyar,32.4,27-11-2023
20824,Chennai,Zone 07 Ambattur,32.1,27-11-2023
20825,Chennai,Zone 15 Uthandi,32.1,27-11-2023
20826,Chennai,Zone 14 U41 Perungudi,31.5,27-11-2023
20827,Chennai,Sholinganallur,31.2,27-11-2023
20828,Chennai,DGP Office,31,27-11-2023
20829,Chennai,Gov hr sec school MGR Nagar,30.4,27-11-2023
20830,Chennai,Zone 11 Valasaravakkam,30.3,27-11-2023
20831,Chennai,Adyar,30.2,27-11-2023
20832,Chennai,Zone 03 Puzhal,30,27-11-2023
20833,Chennai,Thiru-Vi-Ka Nagar,28.4,27-11-2023
20834,Chennai,Zone 03 Madhavaram,27,27-11-2023
20835,Chennai,Alandur,26.2,27-11-2023
20836,Chennai,Zone 08 Anna Nagar,25.8,27-11-2023
20837,Chennai,Madhavaram,25,27-11-2023
20838,Chennai,Teynampet,25,27-11-2023
20839,Chennai,CD Hospital Tondiarpet,24.4,27-11-2023
20840,Chennai,Zone 04 Tondiarpet,22.8,27-11-2023
20841,Chennai,Zone 02 Manali,22.05,27-11-2023
20842,Chennai,Ayanavaram taluk office,21.4,27-11-2023
20843,Chennai,Zone 01 Thiruvottiyur,20.85,27-11-2023
20844,Chennai,Zone 10 Kodambakkam,20.1,27-11-2023
20845,Chennai,Tondairpet,19.6,27-11-2023
20846,Chennai,Valasaravakkam,19.2,27-11-2023
20847,Chennai,Thiruvottiyur,18.6,27-11-2023
20848,Chennai,Zone 11 U32 Maduravoyal,18.6,27-11-2023
20849,Chennai,Chennai nungambakkam,18.3,27-11-2023
20850,Chennai,Zone 09 Teynampet,18.3,27-11-2023
20851,Chennai,Zone 05 GCC,15.8,27-11-2023
20852,Chennai,Ambattur,15.6,27-11-2023
20853,Chennai,Zone 05 Royapuram,14.85,27-11-2023
20854,Chennai,Zone 02 D15 Manali,14.55,27-11-2023
20855,Chennai,Kodambakkam,13.2,27-11-2023
20856,Chennai,Zone 01 Kathivakkam,12.3,27-11-2023
20857,Chennai,Chennai collectorate building,10.8,27-11-2023
20858,Chennai,Anna Nagar,10.4,27-11-2023
20859,Chennai,Manali,7.4,27-11-2023
20860,Chennai,Royapuram,3.6,27-11-2023
20861,Chennai,Ambathur,41.5,28-11-2023
20862,Chennai,Zone 07 Ambattur,33.6,28-11-2023
20863,Chennai,Zone 07 U18 D81 Vanagaram,33.15,28-11-2023
20864,Chennai,Zone 03 Puzhal,32.4,28-11-2023
20865,Chennai,Zone 08 Malar colony,31.8,28-11-2023
20866,Chennai,Zone 09 Ice House,30.9,28-11-2023
20867,Chennai,Zone 11 U32 Maduravoyal,30,28-11-2023
20868,Chennai,Gov hr sec school MGR Nagar,29.2,28-11-2023
20869,Chennai,Zone 06 T.V.K Nagar,28.5,28-11-2023
20870,Chennai,Zone 11 Valasaravakkam,28.5,28-11-2023
20871,Chennai,DGP Office,27.3,28-11-2023
20872,Chennai,Zone 12 D156 Mugalivakkam,27,28-11-2023
20873,Chennai,Zone 06 D65 Kolathur,26.4,28-11-2023
20874,Chennai,Zone 01 Kathivakkam,25.8,28-11-2023
20875,Chennai,Zone 05 GCC,25.4,28-11-2023
20876,Chennai,Zone 09 Teynampet,23.4,28-11-2023
20877,Chennai,Zone 10 Kodambakkam,21.9,28-11-2023
20878,Chennai,Zone 02 Manali,21.75,28-11-2023
20879,Chennai,Zone 12 Meenambakkam,20.4,28-11-2023
20880,Chennai,Perambur Corporation park,19.9,28-11-2023
20881,Chennai,Royapuram,19.6,28-11-2023
20882,Chennai,Zone 05 Royapuram,19.5,28-11-2023
20883,Chennai,Madhavaram,18.2,28-11-2023
20884,Chennai,Zone 08 Anna Nagar,17.7,28-11-2023
20885,Chennai,Chennai nungambakkam,15.3,28-11-2023
20886,Chennai,Ayanavaram taluk office,15,28-11-2023
20887,Chennai,Zone 01 Thiruvottiyur,13.95,28-11-2023
20888,Chennai,Zone 13 Adyar Eco Park,11.55,28-11-2023
20889,Chennai,Zone 15 Sholinganallur,10.5,28-11-2023
20890,Chennai,Chennai collectorate building,10.2,28-11-2023
20891,Chennai,Zone 02 D15 Manali,10.2,28-11-2023
20892,Chennai,Zone 03 Madhavaram,10.2,28-11-2023
20893,Chennai,Zone 12 Alandhur,10.2,28-11-2023
20894,Chennai,Valasaravakkam,9.6,28-11-2023
20895,Chennai,Alandur,8.7,28-11-2023
20896,Chennai,Zone 14 Perungudi,8.7,28-11-2023
20897,Chennai,Teynampet,8.6,28-11-2023
20898,Chennai,Kodambakkam,8.6,28-11-2023
20899,Chennai,Zone 13 U39 Adyar,8.4,28-11-2023
20900,Chennai,Anna university,6.8,28-11-2023
20901,Chennai,Ambattur,6.8,28-11-2023
20902,Chennai,Zone 13 Adyar,6,28-11-2023
20903,Chennai,Zone 15 Uthandi,5.7,28-11-2023
20904,Chennai,Zone 04 Tondiarpet,5.4,28-11-2023
20905,Chennai,CD Hospital Tondiarpet,4.6,28-11-2023
20906,Chennai,Sholinganallur,3.4,28-11-2023
20907,Chennai,Manali,2.2,28-11-2023
20908,Chennai,Perungudi,2.2,28-11-2023
20909,Chennai,Thiruvottiyur,1.6,28-11-2023
20910,Chennai,Sholinganallur,1.6,28-11-2023
20911,Chennai,Zone 14 U41 Perungudi,0.9,28-11-2023
20912,Chennai,Anna Nagar,0.8,28-11-2023
20913,Chennai,Tondairpet,0.6,28-11-2023
20914,Chennai,Thiru-Vi-Ka Nagar,0.4,28-11-2023
20915,Chennai,Adyar,0.2,28-11-2023
20916,Chennai,Zone 08 Malar colony,64.2,29-11-2023
20917,Chennai,Zone 08 Anna Nagar,59.4,29-11-2023
20918,Chennai,Zone 12 Meenambakkam,53.4,29-11-2023
20919,Chennai,Zone 06 T.V.K Nagar,52.5,29-11-2023
20920,Chennai,Ayanavaram taluk office,46.2,29-11-2023
20921,Chennai,Tondairpet,44.6,29-11-2023
20922,Chennai,Anna Nagar,43.4,29-11-2023
20923,Chennai,Zone 09 Teynampet,42,29-11-2023
20924,Chennai,Zone 05 Royapuram,40.8,29-11-2023
20925,Chennai,Chennai collectorate building,40,29-11-2023
20926,Chennai,Perambur Corporation park,39.9,29-11-2023
20927,Chennai,Zone 06 D65 Kolathur,38.4,29-11-2023
20928,Chennai,Chennai nungambakkam,37.3,29-11-2023
20929,Chennai,CD Hospital Tondiarpet,37,29-11-2023
20930,Chennai,Zone 03 Puzhal,35.4,29-11-2023
20931,Chennai,Kodambakkam,34.8,29-11-2023
20932,Chennai,Royapuram,34.2,29-11-2023
20933,Chennai,Zone 04 Tondiarpet,33.6,29-11-2023
20934,Chennai,Zone 03 Madhavaram,32.7,29-11-2023
20935,Chennai,Thiru-Vi-Ka Nagar,32.6,29-11-2023
20936,Chennai,Zone 01 Kathivakkam,31.5,29-11-2023
20937,Chennai,DGP Office,31,29-11-2023
20938,Chennai,Thiruvottiyur,30.8,29-11-2023
20939,Chennai,Madhavaram,30.6,29-11-2023
20940,Chennai,Zone 14 U41 Perungudi,30.3,29-11-2023
20941,Chennai,Zone 09 Ice House,28.5,29-11-2023
20942,Chennai,Zone 10 Kodambakkam,28.5,29-11-2023
20943,Chennai,Zone 02 Manali,28.2,29-11-2023
20944,Chennai,Zone 14 Perungudi,27.6,29-11-2023
20945,Chennai,Zone 02 D15 Manali,27.3,29-11-2023
20946,Chennai,Ambattur,26.4,29-11-2023
20947,Chennai,Zone 13 Adyar,26.4,29-11-2023
20948,Chennai,Zone 01 Thiruvottiyur,25.95,29-11-2023
20949,Chennai,Zone 13 U39 Adyar,24.3,29-11-2023
20950,Chennai,Zone 11 U32 Maduravoyal,21.9,29-11-2023
20951,Chennai,Teynampet,21,29-11-2023
20952,Chennai,Zone 12 Alandhur,20.1,29-11-2023
20953,Chennai,Alandur,19.6,29-11-2023
20954,Chennai,Ambathur,19.3,29-11-2023
20955,Chennai,Zone 07 Ambattur,19.2,29-11-2023
20956,Chennai,Zone 13 Adyar Eco Park,15.9,29-11-2023
20957,Chennai,Zone 07 U18 D81 Vanagaram,15.3,29-11-2023
20958,Chennai,Anna university,15.2,29-11-2023
20959,Chennai,Perungudi,14.6,29-11-2023
20960,Chennai,Zone 05 GCC,14,29-11-2023
20961,Chennai,Adyar,13.8,29-11-2023
20962,Chennai,Zone 11 Valasaravakkam,13.8,29-11-2023
20963,Chennai,Zone 12 D156 Mugalivakkam,10.5,29-11-2023
20964,Chennai,Sholinganallur,10.2,29-11-2023
20965,Chennai,Gov hr sec school MGR Nagar,9.2,29-11-2023
20966,Chennai,Valasaravakkam,8.4,29-11-2023
20967,Chennai,Zone 15 Sholinganallur,8.1,29-11-2023
20968,Chennai,Zone 15 Uthandi,7.65,29-11-2023
20969,Chennai,Manali,5.6,29-11-2023
20970,Chennai,Sholinganallur,5.4,29-11-2023
20971,Chennai,Zone 06 D65 Kolathur,152.1,30-11-2023
20972,Chennai,Zone 06 T.V.K Nagar,147.6,30-11-2023
20973,Chennai,Zone 07 Ambattur,144.3,30-11-2023
20974,Chennai,Zone 08 Malar colony,136.8,30-11-2023
20975,Chennai,Ambathur,135.8,30-11-2023
20976,Chennai,Zone 12 Alandhur,127.5,30-11-2023
20977,Chennai,Ambattur,121.4,30-11-2023
20978,Chennai,Zone 13 Adyar Eco Park,120.3,30-11-2023
20979,Chennai,Anna university,119.3,30-11-2023
20980,Chennai,Zone 11 U32 Maduravoyal,118.8,30-11-2023
20981,Chennai,Zone 10 Kodambakkam,114.9,30-11-2023
20982,Chennai,Zone 03 Puzhal,112.8,30-11-2023
20983,Chennai,Zone 11 Valasaravakkam,110.7,30-11-2023
20984,Chennai,Perambur Corporation park,109.8,30-11-2023
20985,Chennai,Zone 12 D156 Mugalivakkam,109.2,30-11-2023
20986,Chennai,Zone 13 Adyar,108.9,30-11-2023
20987,Chennai,Zone 01 Kathivakkam,108,30-11-2023
20988,Chennai,Zone 09 Teynampet,103.8,30-11-2023
20989,Chennai,Teynampet,103,30-11-2023
20990,Chennai,Zone 14 U41 Perungudi,100.2,30-11-2023
20991,Chennai,Zone 14 Perungudi,98.7,30-11-2023
20992,Chennai,Zone 12 Meenambakkam,97.5,30-11-2023
20993,Chennai,Alandur,97.2,30-11-2023
20994,Chennai,Zone 13 U39 Adyar,96.6,30-11-2023
20995,Chennai,Zone 07 U18 D81 Vanagaram,96,30-11-2023
20996,Chennai,Zone 08 Anna Nagar,93.6,30-11-2023
20997,Chennai,Anna Nagar,93.2,30-11-2023
20998,Chennai,Ayanavaram taluk office,91,30-11-2023
20999,Chennai,Gov hr sec school MGR Nagar,91,30-11-2023
21000,Chennai,Sholinganallur,89.8,30-11-2023
21001,Chennai,Adyar,81.8,30-11-2023
21002,Chennai,Zone 03 Madhavaram,81.6,30-11-2023
21003,Chennai,Kodambakkam,80.2,30-11-2023
21004,Chennai,Chennai nungambakkam,79.2,30-11-2023
21005,Chennai,DGP Office,79.1,30-11-2023
21006,Chennai,Thiru-Vi-Ka Nagar,69.6,30-11-2023
21007,Chennai,Perungudi,69.6,30-11-2023
21008,Chennai,Zone 09 Ice House,69.6,30-11-2023
21009,Chennai,Madhavaram,64,30-11-2023
21010,Chennai,Zone 15 Sholinganallur,63.6,30-11-2023
21011,Chennai,Valasaravakkam,62.2,30-11-2023
21012,Chennai,Zone 02 D15 Manali,58.5,30-11-2023
21013,Chennai,Zone 15 Uthandi,54.45,30-11-2023
21014,Chennai,Zone 05 GCC,48.6,30-11-2023
21015,Chennai,CD Hospital Tondiarpet,48.2,30-11-2023
21016,Chennai,Tondairpet,47,30-11-2023
21017,Chennai,Zone 02 Manali,46.05,30-11-2023
21018,Chennai,Chennai collectorate building,43.4,30-11-2023
21019,Chennai,Zone 04 Tondiarpet,37.8,30-11-2023
21020,Chennai,Zone 05 Royapuram,34.5,30-11-2023
21021,Chennai,Zone 01 Thiruvottiyur,31.5,30-11-2023
21022,Chennai,Sholinganallur,31.2,30-11-2023
21023,Chennai,Royapuram,17.6,30-11-2023
21024,Chennai,Thiruvottiyur,14,30-11-2023
21025,Chennai,Manali,2.4,30-11-2023
21026,Chennai,Zone 07 Ambattur,55.2,01-12-2023
21027,Chennai,Chennai nungambakkam,43.1,01-12-2023
21028,Chennai,Zone 09 Teynampet,41.4,01-12-2023
21029,Chennai,Zone 08 Malar colony,38.4,01-12-2023
21030,Chennai,Zone 06 D65 Kolathur,36.6,01-12-2023
21031,Chennai,Zone 10 Kodambakkam,36,01-12-2023
21032,Chennai,Chennai collectorate building,35.7,01-12-2023
21033,Chennai,Zone 14 Perungudi,34.5,01-12-2023
21034,Chennai,Gov hr sec school MGR Nagar,34.4,01-12-2023
21035,Chennai,Zone 06 T.V.K Nagar,34.2,01-12-2023
21036,Chennai,Zone 08 Anna Nagar,32.7,01-12-2023
21037,Chennai,Perambur Corporation park,32.2,01-12-2023
21038,Chennai,Zone 12 D156 Mugalivakkam,32.1,01-12-2023
21039,Chennai,Zone 12 Alandhur,31.2,01-12-2023
21040,Chennai,Zone 07 U18 D81 Vanagaram,28.5,01-12-2023
21041,Chennai,Alandur,28.4,01-12-2023
21042,Chennai,CD Hospital Tondiarpet,28.2,01-12-2023
21043,Chennai,Zone 11 Valasaravakkam,27.9,01-12-2023
21044,Chennai,Zone 05 GCC,27.8,01-12-2023
21045,Chennai,Zone 12 Meenambakkam,26.5,01-12-2023
21046,Chennai,Ambathur,25.7,01-12-2023
21047,Chennai,Zone 05 Royapuram,25.35,01-12-2023
21048,Chennai,DGP Office,24.8,01-12-2023
21049,Chennai,Zone 09 Ice House,23.7,01-12-2023
21050,Chennai,Zone 04 Tondiarpet,23.55,01-12-2023
21051,Chennai,Zone 11 U32 Maduravoyal,22.5,01-12-2023
21052,Chennai,Zone 03 Madhavaram,22.2,01-12-2023
21053,Chennai,Zone 13 Adyar,21.6,01-12-2023
21054,Chennai,Ayanavaram taluk office,20.6,01-12-2023
21055,Chennai,Zone 13 Adyar Eco Park,19.5,01-12-2023
21056,Chennai,Zone 13 U39 Adyar,19.5,01-12-2023
21057,Chennai,Anna university,18.2,01-12-2023
21058,Chennai,Zone 02 Manali,16.95,01-12-2023
21059,Chennai,Zone 01 Thiruvottiyur,16.8,01-12-2023
21060,Chennai,Zone 03 Puzhal,15.3,01-12-2023
21061,Chennai,Zone 14 U41 Perungudi,15,01-12-2023
21062,Chennai,Zone 15 Sholinganallur,11.1,01-12-2023
21063,Chennai,Sholinganallur,9.4,01-12-2023
21064,Chennai,Zone 01 Kathivakkam,7.5,01-12-2023
21065,Chennai,Zone 02 D15 Manali,6.9,01-12-2023
21066,Chennai,Zone 15 Uthandi,6.45,01-12-2023
21067,Chennai,Sholinganallur,8.6,02-12-2023
21068,Chennai,Zone 15 Uthandi,6.75,02-12-2023
21069,Chennai,Zone 15 Sholinganallur,6.6,02-12-2023
21070,Chennai,Zone 05 Royapuram,3,02-12-2023
21071,Chennai,Zone 12 Meenambakkam,3,02-12-2023
21072,Chennai,Chennai nungambakkam,2.4,02-12-2023
21073,Chennai,DGP Office,2.4,02-12-2023
21074,Chennai,Ayanavaram taluk office,2.2,02-12-2023
21075,Chennai,Alandur,2.2,02-12-2023
21076,Chennai,Zone 14 U41 Perungudi,2.1,02-12-2023
21077,Chennai,Chennai collectorate building,2,02-12-2023
21078,Chennai,Zone 01 Thiruvottiyur,1.95,02-12-2023
21079,Chennai,Zone 04 Tondiarpet,1.65,02-12-2023
21080,Chennai,Zone 13 Adyar Eco Park,1.65,02-12-2023
21081,Chennai,Zone 08 Malar colony,1.5,02-12-2023
21082,Chennai,Zone 09 Ice House,1.5,02-12-2023
21083,Chennai,Zone 14 Perungudi,1.5,02-12-2023
21084,Chennai,Perambur Corporation park,1.4,02-12-2023
21085,Chennai,Tondairpet,1.4,02-12-2023
21086,Chennai,CD Hospital Tondiarpet,1.2,02-12-2023
21087,Chennai,Zone 08 Anna Nagar,1.2,02-12-2023
21088,Chennai,Zone 10 Kodambakkam,1.2,02-12-2023
21089,Chennai,Zone 12 Alandhur,1.2,02-12-2023
21090,Chennai,Zone 13 U39 Adyar,1.2,02-12-2023
21091,Chennai,Zone 02 D15 Manali,1.05,02-12-2023
21092,Chennai,Zone 07 U18 D81 Vanagaram,1.05,02-12-2023
21093,Chennai,Anna university,1,02-12-2023
21094,Chennai,Zone 03 Madhavaram,0.9,02-12-2023
21095,Chennai,Zone 03 Puzhal,0.9,02-12-2023
21096,Chennai,Zone 07 Ambattur,0.9,02-12-2023
21097,Chennai,Zone 09 Teynampet,0.9,02-12-2023
21098,Chennai,Zone 11 Valasaravakkam,0.9,02-12-2023
21099,Chennai,Zone 12 D156 Mugalivakkam,0.9,02-12-2023
21100,Chennai,Gov hr sec school MGR Nagar,0.8,02-12-2023
21101,Chennai,Zone 06 D65 Kolathur,0.6,02-12-2023
21102,Chennai,Zone 11 U32 Maduravoyal,0.6,02-12-2023
21103,Chennai,Zone 05 GCC,0.4,02-12-2023
21104,Chennai,Ambathur,0.3,02-12-2023
21105,Chennai,Zone 01 Kathivakkam,0.3,02-12-2023
21106,Chennai,Zone 02 Manali,0.3,02-12-2023
21107,Chennai,Zone 13 Adyar,0.3,02-12-2023
21108,Chennai,Valasaravakkam,0.2,02-12-2023
21109,Chennai,Zone 12 Alandhur,101.1,03-12-2023
21110,Chennai,Zone 12 Meenambakkam,83,03-12-2023
21111,Chennai,Anna university,81.8,03-12-2023
21112,Chennai,Alandur,80.2,03-12-2023
21113,Chennai,Zone 14 Perungudi,80.1,03-12-2023
21114,Chennai,Zone 12 D156 Mugalivakkam,76.2,03-12-2023
21115,Chennai,Zone 11 Valasaravakkam,75.3,03-12-2023
21116,Chennai,Zone 10 Kodambakkam,74.4,03-12-2023
21117,Chennai,Zone 14 U41 Perungudi,74.4,03-12-2023
21118,Chennai,Zone 13 U39 Adyar,70.8,03-12-2023
21119,Chennai,Zone 09 Ice House,70.2,03-12-2023
21120,Chennai,Gov hr sec school MGR Nagar,66.1,03-12-2023
21121,Chennai,Zone 09 Teynampet,66,03-12-2023
21122,Chennai,Zone 13 Adyar,63.9,03-12-2023
21123,Chennai,Chennai nungambakkam,62.7,03-12-2023
21124,Chennai,Zone 11 U32 Maduravoyal,60.6,03-12-2023
21125,Chennai,Zone 06 D65 Kolathur,60.3,03-12-2023
21126,Chennai,Zone 07 Ambattur,60,03-12-2023
21127,Chennai,Zone 08 Malar colony,59.1,03-12-2023
21128,Chennai,Zone 15 Sholinganallur,59.1,03-12-2023
21129,Chennai,DGP Office,58.4,03-12-2023
21130,Chennai,Zone 08 Anna Nagar,57.3,03-12-2023
21131,Chennai,Zone 07 U18 D81 Vanagaram,57,03-12-2023
21132,Chennai,Zone 03 Madhavaram,51.9,03-12-2023
21133,Chennai,Chennai collectorate building,49.8,03-12-2023
21134,Chennai,Zone 03 Puzhal,49.5,03-12-2023
21135,Chennai,Ayanavaram taluk office,48,03-12-2023
21136,Chennai,Zone 05 Royapuram,44.1,03-12-2023
21137,Chennai,Zone 05 GCC,43.6,03-12-2023
21138,Chennai,Perambur Corporation park,43.3,03-12-2023
21139,Chennai,Ambathur,41,03-12-2023
21140,Chennai,Zone 06 T.V.K Nagar,40.2,03-12-2023
21141,Chennai,Teynampet,39.6,03-12-2023
21142,Chennai,Sholinganallur,38.7,03-12-2023
21143,Chennai,Zone 04 Tondiarpet,38.55,03-12-2023
21144,Chennai,Sholinganallur,37.8,03-12-2023
21145,Chennai,Zone 13 Adyar Eco Park,34.95,03-12-2023
21146,Chennai,Zone 01 Thiruvottiyur,32.85,03-12-2023
21147,Chennai,Zone 01 Kathivakkam,32.7,03-12-2023
21148,Chennai,Anna Nagar,31.2,03-12-2023
21149,Chennai,Zone 15 Uthandi,30.75,03-12-2023
21150,Chennai,CD Hospital Tondiarpet,30.2,03-12-2023
21151,Chennai,Zone 02 Manali,29.55,03-12-2023
21152,Chennai,Kodambakkam,28.6,03-12-2023
21153,Chennai,Valasaravakkam,26.4,03-12-2023
21154,Chennai,Perungudi,22.2,03-12-2023
21155,Chennai,Ambattur,21.8,03-12-2023
21156,Chennai,Zone 02 D15 Manali,21,03-12-2023
21157,Chennai,Thiru-Vi-Ka Nagar,20.2,03-12-2023
21158,Chennai,Royapuram,18.6,03-12-2023
21159,Chennai,Tondairpet,17.8,03-12-2023
21160,Chennai,Thiruvottiyur,12,03-12-2023
21161,Chennai,Manali,0.8,03-12-2023
21162,Chennai,Zone 14 Perungudi,291.6,04-12-2023
21163,Chennai,Alandur,250.1,04-12-2023
21164,Chennai,Zone 13 Adyar,235.2,04-12-2023
21165,Chennai,Zone 12 Meenambakkam,231.5,04-12-2023
21166,Chennai,Gov hr sec school MGR Nagar,219.6,04-12-2023
21167,Chennai,Zone 10 Kodambakkam,218.7,04-12-2023
21168,Chennai,CD Hospital Tondiarpet,217,04-12-2023
21169,Chennai,Zone 11 Valasaravakkam,215.4,04-12-2023
21170,Chennai,Zone 15 Sholinganallur,213.6,04-12-2023
21171,Chennai,DGP Office,212.5,04-12-2023
21172,Chennai,Zone 03 Puzhal,204.3,04-12-2023
21173,Chennai,Perambur Corporation park,200.4,04-12-2023
21174,Chennai,Zone 09 Ice House,200.1,04-12-2023
21175,Chennai,Ayanavaram taluk office,195,04-12-2023
21176,Chennai,Anna Nagar,189.4,04-12-2023
21177,Chennai,Chennai collectorate building,184.3,04-12-2023
21178,Chennai,Sholinganallur,183.6,04-12-2023
21179,Chennai,Zone 09 Teynampet,182.7,04-12-2023
21180,Chennai,Ambattur,180.6,04-12-2023
21181,Chennai,Valasaravakkam,179.6,04-12-2023
21182,Chennai,Kodambakkam,176,04-12-2023
21183,Chennai,Ambathur,171.8,04-12-2023
21184,Chennai,Zone 06 T.V.K Nagar,163.5,04-12-2023
21185,Chennai,Zone 04 Tondiarpet,163.05,04-12-2023
21186,Chennai,Teynampet,161.6,04-12-2023
21187,Chennai,Chennai nungambakkam,160.6,04-12-2023
21188,Chennai,Zone 01 Kathivakkam,159.9,04-12-2023
21189,Chennai,Thiru-Vi-Ka Nagar,159.4,04-12-2023
21190,Chennai,Zone 03 Madhavaram,156,04-12-2023
21191,Chennai,Zone 08 Anna Nagar,152.1,04-12-2023
21192,Chennai,Sholinganallur,151.6,04-12-2023
21193,Chennai,Tondairpet,146.2,04-12-2023
21194,Chennai,Zone 13 Adyar Eco Park,142.05,04-12-2023
21195,Chennai,Zone 05 GCC,141.8,04-12-2023
21196,Chennai,Zone 12 Alandhur,136.2,04-12-2023
21197,Chennai,Zone 02 Manali,131.1,04-12-2023
21198,Chennai,Zone 12 D156 Mugalivakkam,124.2,04-12-2023
21199,Chennai,Royapuram,119,04-12-2023
21200,Chennai,Zone 05 Royapuram,111.9,04-12-2023
21201,Chennai,Thiruvottiyur,94,04-12-2023
21202,Chennai,Perungudi,39.4,04-12-2023
21203,Chennai,Zone 02 D15 Manali,32.7,04-12-2023
21204,Chennai,Manali,3.6,04-12-2023
21205,Chennai,CD Hospital Tondiarpet,250.2,05-12-2023
21206,Chennai,Chennai collectorate building,247.3,05-12-2023
21207,Chennai,DGP Office,237,05-12-2023
21208,Chennai,Ayanavaram taluk office,236,05-12-2023
21209,Chennai,Perambur Corporation park,234.7,05-12-2023
21210,Chennai,Chennai nungambakkam,233.5,05-12-2023
21211,Chennai,Zone 09 Ice House,222,05-12-2023
21212,Chennai,Gov hr sec school MGR Nagar,219.8,05-12-2023
21213,Chennai,Royapuram,214.2,05-12-2023
21214,Chennai,Zone 13 Adyar,213.9,05-12-2023
21215,Chennai,Thiru-Vi-Ka Nagar,211.6,05-12-2023
21216,Chennai,Zone 05 GCC,211.2,05-12-2023
21217,Chennai,Zone 10 Kodambakkam,209.4,05-12-2023
21218,Chennai,Sholinganallur,204.1,05-12-2023
21219,Chennai,Ambathur,195.4,05-12-2023
21220,Chennai,Zone 15 Sholinganallur,194.7,05-12-2023
21221,Chennai,Alandur,188.4,05-12-2023
21222,Chennai,Kodambakkam,184.8,05-12-2023
21223,Chennai,Teynampet,184.4,05-12-2023
21224,Chennai,Valasaravakkam,184,05-12-2023
21225,Chennai,Zone 11 Valasaravakkam,177.3,05-12-2023
21226,Chennai,Zone 14 Perungudi,171.5,05-12-2023
21227,Chennai,Anna university,168.2,05-12-2023
21228,Chennai,Zone 12 Meenambakkam,147.3,05-12-2023
21229,Chennai,Zone 12 Alandhur,120.6,05-12-2023
21230,Chennai,Zone 05 Royapuram,109.8,05-12-2023
21231,Chennai,Zone 12 D156 Mugalivakkam,91.5,05-12-2023
21232,Chennai,Zone 09 Teynampet,79.5,05-12-2023
21233,Chennai,Zone 13 Adyar Eco Park,37.35,05-12-2023
21234,Chennai,Zone 08 Anna Nagar,17.7,05-12-2023
21235,Chennai,Ambattur,4.2,05-12-2023
21236,Chennai,Anna Nagar,4,05-12-2023
21237,Chennai,Adyar,3.4,05-12-2023
21238,Chennai,Tondairpet,3.2,05-12-2023
21239,Chennai,Sholinganallur,2,05-12-2023
21240,Chennai,Zone 03 Puzhal,1.2,05-12-2023
21241,Chennai,Thiru-Vi-Ka Nagar,1,06-12-2023
21242,Chennai,Zone 12 D156 Mugalivakkam,0.3,06-12-2023
21243,Chennai,Zone 13 Adyar Eco Park,0.3,06-12-2023
21244,Chennai,Zone 13 U39 Adyar,0.3,06-12-2023
21245,Chennai,Thiruvottiyur,0.2,06-12-2023
21246,Chennai,Manali,0.2,06-12-2023
21247,Chennai,Royapuram,0.2,06-12-2023
21248,Chennai,Zone 05 GCC,0.2,06-12-2023
21249,Chennai,Zone 01 Thiruvottiyur,3.6,07-12-2023
21250,Chennai,Zone 08 Malar colony,3,07-12-2023
21251,Chennai,Zone 06 T.V.K Nagar,0.9,07-12-2023
21252,Chennai,Zone 03 Puzhal,0.3,07-12-2023
21253,Chennai,Zone 12 Alandhur,0.3,07-12-2023
21254,Chennai,Madhavaram,0.2,07-12-2023
21255,Chennai,Adyar,0.2,07-12-2023
21256,Chennai,Zone 02 Manali,21.15,08-12-2023
21257,Chennai,Zone 01 Kathivakkam,9.6,08-12-2023
21258,Chennai,Zone 12 Meenambakkam,9.6,08-12-2023
21259,Chennai,Zone 06 T.V.K Nagar,7.5,08-12-2023
21260,Chennai,Zone 08 Malar colony,6.3,08-12-2023
21261,Chennai,Zone 03 Madhavaram,5.1,08-12-2023
21262,Chennai,Zone 06 D65 Kolathur,5.1,08-12-2023
21263,Chennai,Anna Nagar,4.6,08-12-2023
21264,Chennai,Manali,3.4,08-12-2023
21265,Chennai,Tondairpet,3.2,08-12-2023
21266,Chennai,Ambattur,3.2,08-12-2023
21267,Chennai,Zone 11 U32 Maduravoyal,3,08-12-2023
21268,Chennai,Kodambakkam,2.6,08-12-2023
21269,Chennai,Zone 05 Royapuram,2.55,08-12-2023
21270,Chennai,Chennai collectorate building,2.2,08-12-2023
21271,Chennai,DGP Office,2.2,08-12-2023
21272,Chennai,Alandur,2.1,08-12-2023
21273,Chennai,Madhavaram,2,08-12-2023
21274,Chennai,Zone 08 Anna Nagar,1.8,08-12-2023
21275,Chennai,Zone 01 Thiruvottiyur,1.65,08-12-2023
21276,Chennai,Thiruvottiyur,1.6,08-12-2023
21277,Chennai,Perambur Corporation park,1.4,08-12-2023
21278,Chennai,Ayanavaram taluk office,1.2,08-12-2023
21279,Chennai,Valasaravakkam,1.2,08-12-2023
21280,Chennai,Zone 05 GCC,1,08-12-2023
21281,Chennai,Zone 11 Valasaravakkam,0.9,08-12-2023
21282,Chennai,Zone 12 D156 Mugalivakkam,0.9,08-12-2023
21283,Chennai,Gov hr sec school MGR Nagar,0.6,08-12-2023
21284,Chennai,Thiru-Vi-Ka Nagar,0.6,08-12-2023
21285,Chennai,Zone 10 Kodambakkam,0.6,08-12-2023
21286,Chennai,Sholinganallur,0.3,08-12-2023
21287,Chennai,Zone 03 Puzhal,0.3,08-12-2023
21288,Chennai,Royapuram,0.2,08-12-2023
21289,Chennai,Anna Nagar,16.2,09-12-2023
21290,Chennai,Zone 01 Thiruvottiyur,8.55,09-12-2023
21291,Chennai,Ambattur,4,09-12-2023
21292,Chennai,Zone 01 Kathivakkam,3,09-12-2023
21293,Chennai,Thiru-Vi-Ka Nagar,2.4,09-12-2023
21294,Chennai,Madhavaram,2.2,09-12-2023
21295,Chennai,Perambur Corporation park,1.8,09-12-2023
21296,Chennai,Zone 08 Malar colony,1.8,09-12-2023
21297,Chennai,Chennai nungambakkam,1.7,09-12-2023
21298,Chennai,CD Hospital Tondiarpet,1.6,09-12-2023
21299,Chennai,Ayanavaram taluk office,1,09-12-2023
21300,Chennai,Zone 06 D65 Kolathur,0.9,09-12-2023
21301,Chennai,Zone 06 T.V.K Nagar,0.9,09-12-2023
21302,Chennai,Thiruvottiyur,0.8,09-12-2023
21303,Chennai,Chennai collectorate building,0.6,09-12-2023
21304,Chennai,DGP Office,0.6,09-12-2023
21305,Chennai,Tondairpet,0.6,09-12-2023
21306,Chennai,Zone 05 Royapuram,0.6,09-12-2023
21307,Chennai,Zone 07 Ambattur,0.6,09-12-2023
21308,Chennai,Zone 08 Anna Nagar,0.6,09-12-2023
21309,Chennai,Teynampet,0.4,09-12-2023
21310,Chennai,Zone 02 Manali,0.3,09-12-2023
21311,Chennai,Zone 09 Ice House,0.3,09-12-2023
21312,Chennai,Zone 14 Perungudi,0.3,09-12-2023
21313,Chennai,Manali,0.2,09-12-2023
21314,Chennai,Zone 14 Perungudi,3.3,10-12-2023
21315,Chennai,Gov hr sec school MGR Nagar,3,10-12-2023
21316,Chennai,Zone 01 Kathivakkam,1.2,10-12-2023
21317,Chennai,Zone 10 Kodambakkam,1.2,10-12-2023
21318,Chennai,Zone 06 T.V.K Nagar,0.6,10-12-2023
21319,Chennai,Zone 02 Manali,0.3,10-12-2023
21320,Chennai,Madhavaram,0.2,10-12-2023
21321,Chennai,Tondairpet,0.2,10-12-2023
21322,Chennai,Royapuram,0.2,10-12-2023
21323,Chennai,Thiru-Vi-Ka Nagar,0.2,10-12-2023
21324,Chennai,Teynampet,0.2,10-12-2023
21325,Chennai,Adyar,0.2,10-12-2023
21326,Chennai,Zone 15 Uthandi,3.75,11-12-2023
21327,Chennai,Zone 14 Perungudi,3.6,11-12-2023
21328,Chennai,Zone 13 Adyar,1.2,11-12-2023
21329,Chennai,Zone 14 U41 Perungudi,0.6,11-12-2023
21330,Chennai,Zone 01 Kathivakkam,0.3,11-12-2023
21331,Chennai,Zone 13 Adyar Eco Park,0.3,11-12-2023
21332,Chennai,Madhavaram,0.2,11-12-2023
21333,Chennai,Anna university,1.8,12-12-2023
21334,Chennai,Zone 01 Thiruvottiyur,0.9,12-12-2023
21335,Chennai,Zone 14 Perungudi,0.6,12-12-2023
21336,Chennai,Zone 12 Meenambakkam,0.3,12-12-2023
21337,Chennai,Zone 13 Adyar,0.3,12-12-2023
21338,Chennai,Zone 13 U39 Adyar,0.3,12-12-2023
21339,Chennai,Chennai nungambakkam,0.2,12-12-2023
21340,Chennai,Royapuram,0.2,12-12-2023
21341,Chennai,Zone 13 Adyar Eco Park,0.15,12-12-2023
21342,Chennai,Zone 04 Tondiarpet,1.2,14-12-2023
21343,Chennai,Madhavaram,0.2,14-12-2023
21344,Chennai,Royapuram,0.4,15-12-2023
21345,Chennai,Zone 12 Meenambakkam,40,16-12-2023
21346,Chennai,Zone 10 Kodambakkam,18.9,16-12-2023
21347,Chennai,Zone 12 D156 Mugalivakkam,17.7,16-12-2023
21348,Chennai,Zone 11 U32 Maduravoyal,17.1,16-12-2023
21349,Chennai,Zone 09 Teynampet,16.5,16-12-2023
21350,Chennai,Ayanavaram taluk office,15.2,16-12-2023
21351,Chennai,Zone 07 Ambattur,15,16-12-2023
21352,Chennai,Zone 08 Anna Nagar,15,16-12-2023
21353,Chennai,Zone 11 Valasaravakkam,15,16-12-2023
21354,Chennai,Zone 06 D65 Kolathur,13.5,16-12-2023
21355,Chennai,Zone 12 Alandhur,13.2,16-12-2023
21356,Chennai,Zone 14 Perungudi,13.2,16-12-2023
21357,Chennai,Chennai nungambakkam,13.1,16-12-2023
21358,Chennai,Gov hr sec school MGR Nagar,13,16-12-2023
21359,Chennai,Alandur,12.4,16-12-2023
21360,Chennai,Valasaravakkam,12.4,16-12-2023
21361,Chennai,Zone 06 T.V.K Nagar,12.3,16-12-2023
21362,Chennai,Zone 07 U18 D81 Vanagaram,11.7,16-12-2023
21363,Chennai,Manali,11.6,16-12-2023
21364,Chennai,Zone 02 Manali,11.55,16-12-2023
21365,Chennai,Anna Nagar,11.4,16-12-2023
21366,Chennai,Zone 03 Madhavaram,11.4,16-12-2023
21367,Chennai,Zone 03 Puzhal,11.4,16-12-2023
21368,Chennai,Zone 08 Malar colony,11.4,16-12-2023
21369,Chennai,Zone 04 Tondiarpet,11.1,16-12-2023
21370,Chennai,Zone 13 U39 Adyar,10.8,16-12-2023
21371,Chennai,Thiru-Vi-Ka Nagar,10.6,16-12-2023
21372,Chennai,Perambur Corporation park,10.2,16-12-2023
21373,Chennai,Anna university,9.6,16-12-2023
21374,Chennai,Kodambakkam,9.6,16-12-2023
21375,Chennai,Zone 05 Royapuram,9.3,16-12-2023
21376,Chennai,Zone 15 Uthandi,9.3,16-12-2023
21377,Chennai,Chennai collectorate building,9.2,16-12-2023
21378,Chennai,Ambattur,9.2,16-12-2023
21379,Chennai,Zone 01 Kathivakkam,8.1,16-12-2023
21380,Chennai,Tondairpet,8,16-12-2023
21381,Chennai,CD Hospital Tondiarpet,7.8,16-12-2023
21382,Chennai,Zone 09 Ice House,7.8,16-12-2023
21383,Chennai,DGP Office,7.7,16-12-2023
21384,Chennai,Zone 13 Adyar,7.2,16-12-2023
21385,Chennai,Zone 02 D15 Manali,7.05,16-12-2023
21386,Chennai,Sholinganallur,6.2,16-12-2023
21387,Chennai,Zone 13 Adyar Eco Park,6,16-12-2023
21388,Chennai,Sholinganallur,5.6,16-12-2023
21389,Chennai,Teynampet,5.4,16-12-2023
21390,Chennai,Zone 01 Thiruvottiyur,5.1,16-12-2023
21391,Chennai,Zone 05 GCC,5,16-12-2023
21392,Chennai,Thiruvottiyur,4,16-12-2023
21393,Chennai,Zone 14 U41 Perungudi,4,16-12-2023
21394,Chennai,Ambathur,3.4,16-12-2023
21395,Chennai,Zone 15 Sholinganallur,0.9,16-12-2023
21396,Chennai,Royapuram,0.2,16-12-2023
21397,Chennai,Zone 07 Ambattur,1.8,17-12-2023
21398,Chennai,Zone 07 U18 D81 Vanagaram,1.8,17-12-2023
21399,Chennai,Gov hr sec school MGR Nagar,0.6,17-12-2023
21400,Chennai,Royapuram,0.4,17-12-2023
21401,Chennai,Zone 03 Madhavaram,0.3,17-12-2023
21402,Chennai,Zone 03 Puzhal,0.3,17-12-2023
21403,Chennai,Zone 06 D65 Kolathur,0.3,17-12-2023
21404,Chennai,Zone 08 Anna Nagar,0.3,17-12-2023
21405,Chennai,Zone 10 Kodambakkam,0.3,17-12-2023
21406,Chennai,Zone 11 Valasaravakkam,0.3,17-12-2023
21407,Chennai,Zone 02 D15 Manali,0.15,17-12-2023
21408,Chennai,Royapuram,0.2,18-12-2023
21409,Chennai,Royapuram,0.6,19-12-2023
21410,Chennai,Royapuram,0.8,20-12-2023
21411,Chennai,Royapuram,0.8,21-12-2023
21412,Chennai,Sholinganallur,0.2,22-12-2023
21413,Chennai,Royapuram,0.6,23-12-2023
21414,Chennai,Royapuram,0.2,24-12-2023
21415,Chennai,Zone 14 U41 Perungudi,0.2,25-12-2023
21416,Chennai,Zone 14 U41 Perungudi,0.2,26-12-2023
