standard_date,year,month,station_clean,rainfall_mm,District
1993-03-03,1993,3,Chennai port trust,10.0,Chennai
1993-03-03,1993,3,Sholinganallur,2.0,Chennai
1993-03-03,1993,3,Chennai nungambakkam,2.0,Chennai
1993-05-16,1993,5,Sholinganallur,46.1,Chennai
1993-05-16,1993,5,Chennai nungambakkam,46.1,Chennai
1993-05-16,1993,5,Chennai port trust,46.0,Chennai
1993-05-27,1993,5,Sholinganallur,11.5,Chennai
1993-05-27,1993,5,Chennai nungambakkam,11.5,Chennai
1993-05-27,1993,5,Chennai port trust,8.0,Chennai
1993-05-28,1993,5,Sholinganallur,0.5,Chennai
1993-05-28,1993,5,Chennai nungambakkam,0.5,Chennai
1993-06-04,1993,6,Sholinganallur,3.6,Chennai
1993-06-04,1993,6,Chennai nungambakkam,3.6,Chennai
1993-06-04,1993,6,Chennai port trust,2.0,Chennai
1993-06-09,1993,6,Sholinganallur,31.6,Chennai
1993-06-09,1993,6,Chennai nungambakkam,31.6,Chennai
1993-06-09,1993,6,Chennai port trust,21.0,Chennai
1993-06-13,1993,6,Sholinganallur,7.6,Chennai
1993-06-13,1993,6,Chennai nungambakkam,7.6,Chennai
1993-06-13,1993,6,Chennai port trust,3.1,Chennai
1993-06-14,1993,6,Sholinganallur,2.8,Chennai
1993-06-14,1993,6,Chennai nungambakkam,2.8,Chennai
1993-06-14,1993,6,Chennai port trust,1.8,Chennai
1993-06-15,1993,6,Chennai port trust,4.8,Chennai
1993-06-15,1993,6,Sholinganallur,3.7,Chennai
1993-06-15,1993,6,Chennai nungambakkam,3.7,Chennai
1993-06-21,1993,6,Sholinganallur,0.1,Chennai
1993-06-21,1993,6,Chennai nungambakkam,0.1,Chennai
1993-07-02,1993,7,Chennai port trust,20.2,Chennai
1993-07-02,1993,7,Sholinganallur,17.8,Chennai
1993-07-02,1993,7,Chennai nungambakkam,17.8,Chennai
1993-07-06,1993,7,Chennai port trust,1.6,Chennai
1993-07-06,1993,7,Sholinganallur,0.8,Chennai
1993-07-06,1993,7,Chennai nungambakkam,0.8,Chennai
1993-07-07,1993,7,Chennai port trust,4.6,Chennai
1993-07-07,1993,7,Sholinganallur,3.3,Chennai
1993-07-07,1993,7,Chennai nungambakkam,3.3,Chennai
1993-07-08,1993,7,Chennai port trust,8.8,Chennai
1993-07-08,1993,7,Sholinganallur,5.4,Chennai
1993-07-08,1993,7,Chennai nungambakkam,5.4,Chennai
1993-07-09,1993,7,Sholinganallur,0.1,Chennai
1993-07-09,1993,7,Chennai nungambakkam,0.1,Chennai
1993-07-10,1993,7,Sholinganallur,2.3,Chennai
1993-07-10,1993,7,Chennai nungambakkam,2.3,Chennai
1993-07-10,1993,7,Chennai port trust,2.0,Chennai
1993-07-15,1993,7,Sholinganallur,1.8,Chennai
1993-07-15,1993,7,Chennai nungambakkam,1.8,Chennai
1993-07-16,1993,7,Sholinganallur,0.6,Chennai
1993-07-16,1993,7,Chennai nungambakkam,0.6,Chennai
1993-07-22,1993,7,Sholinganallur,21.4,Chennai
1993-07-22,1993,7,Chennai nungambakkam,21.4,Chennai
1993-07-22,1993,7,Chennai port trust,13.4,Chennai
1993-07-23,1993,7,Chennai port trust,2.2,Chennai
1993-07-23,1993,7,Sholinganallur,2.0,Chennai
1993-07-23,1993,7,Chennai nungambakkam,2.0,Chennai
1993-07-24,1993,7,Sholinganallur,7.4,Chennai
1993-07-24,1993,7,Chennai nungambakkam,7.4,Chennai
1993-07-24,1993,7,Chennai port trust,5.4,Chennai
1993-07-25,1993,7,Chennai port trust,3.4,Chennai
1993-07-25,1993,7,Sholinganallur,3.3,Chennai
1993-07-25,1993,7,Chennai nungambakkam,3.3,Chennai
1993-07-26,1993,7,Sholinganallur,3.2,Chennai
1993-07-26,1993,7,Chennai nungambakkam,3.2,Chennai
1993-07-27,1993,7,Chennai port trust,1.0,Chennai
1993-07-27,1993,7,Sholinganallur,0.2,Chennai
1993-07-27,1993,7,Chennai nungambakkam,0.2,Chennai
1993-07-28,1993,7,Sholinganallur,1.7,Chennai
1993-07-28,1993,7,Chennai nungambakkam,1.7,Chennai
1993-07-28,1993,7,Chennai port trust,0.4,Chennai
1993-07-30,1993,7,Chennai port trust,1.0,Chennai
1993-07-30,1993,7,Sholinganallur,0.9,Chennai
1993-07-30,1993,7,Chennai nungambakkam,0.9,Chennai
1993-08-01,1993,8,Sholinganallur,1.3,Chennai
1993-08-01,1993,8,Chennai nungambakkam,1.3,Chennai
1993-08-04,1993,8,Chennai port trust,2.0,Chennai
1993-08-04,1993,8,Sholinganallur,0.5,Chennai
1993-08-04,1993,8,Chennai nungambakkam,0.5,Chennai
1993-08-06,1993,8,Sholinganallur,10.0,Chennai
1993-08-06,1993,8,Chennai nungambakkam,10.0,Chennai
1993-08-06,1993,8,Chennai port trust,1.2,Chennai
1993-08-08,1993,8,Sholinganallur,3.5,Chennai
1993-08-08,1993,8,Chennai nungambakkam,3.5,Chennai
1993-08-09,1993,8,Chennai port trust,2.8,Chennai
1993-08-09,1993,8,Sholinganallur,2.4,Chennai
1993-08-09,1993,8,Chennai nungambakkam,2.4,Chennai
1993-08-11,1993,8,Sholinganallur,3.6,Chennai
1993-08-11,1993,8,Chennai nungambakkam,3.6,Chennai
1993-08-11,1993,8,Chennai port trust,0.4,Chennai
1993-08-13,1993,8,Sholinganallur,3.8,Chennai
1993-08-13,1993,8,Chennai nungambakkam,3.8,Chennai
1993-08-13,1993,8,Chennai port trust,1.0,Chennai
1993-08-14,1993,8,Sholinganallur,0.9,Chennai
1993-08-14,1993,8,Chennai nungambakkam,0.9,Chennai
1993-08-15,1993,8,Sholinganallur,10.2,Chennai
1993-08-15,1993,8,Chennai nungambakkam,10.2,Chennai
1993-08-15,1993,8,Chennai port trust,8.2,Chennai
1993-08-16,1993,8,Sholinganallur,7.2,Chennai
1993-08-16,1993,8,Chennai nungambakkam,7.2,Chennai
1993-08-16,1993,8,Chennai port trust,6.0,Chennai
1993-08-17,1993,8,Sholinganallur,0.6,Chennai
1993-08-17,1993,8,Chennai nungambakkam,0.6,Chennai
1993-08-17,1993,8,Chennai port trust,0.4,Chennai
1993-08-18,1993,8,Sholinganallur,14.2,Chennai
1993-08-18,1993,8,Chennai nungambakkam,14.2,Chennai
1993-08-18,1993,8,Chennai port trust,12.0,Chennai
1993-08-23,1993,8,Chennai port trust,29.6,Chennai
1993-08-23,1993,8,Sholinganallur,26.6,Chennai
1993-08-23,1993,8,Chennai nungambakkam,26.6,Chennai
1993-08-26,1993,8,Sholinganallur,3.7,Chennai
1993-08-26,1993,8,Chennai nungambakkam,3.7,Chennai
1993-08-26,1993,8,Chennai port trust,2.4,Chennai
1993-08-27,1993,8,Sholinganallur,5.2,Chennai
1993-08-27,1993,8,Chennai nungambakkam,5.2,Chennai
1993-08-27,1993,8,Chennai port trust,2.8,Chennai
1993-08-30,1993,8,Chennai port trust,23.4,Chennai
1993-08-30,1993,8,Sholinganallur,18.4,Chennai
1993-08-30,1993,8,Chennai nungambakkam,18.4,Chennai
1993-09-01,1993,9,Chennai port trust,22.4,Chennai
1993-09-01,1993,9,Sholinganallur,11.6,Chennai
1993-09-01,1993,9,Chennai nungambakkam,11.6,Chennai
1993-09-04,1993,9,Sholinganallur,27.8,Chennai
1993-09-04,1993,9,Chennai nungambakkam,27.8,Chennai
1993-09-04,1993,9,Chennai port trust,15.6,Chennai
1993-09-05,1993,9,Sholinganallur,1.7,Chennai
1993-09-05,1993,9,Chennai nungambakkam,1.7,Chennai
1993-09-06,1993,9,Chennai port trust,1.0,Chennai
1993-09-06,1993,9,Sholinganallur,0.5,Chennai
1993-09-06,1993,9,Chennai nungambakkam,0.5,Chennai
1993-09-12,1993,9,Sholinganallur,1.4,Chennai
1993-09-12,1993,9,Chennai nungambakkam,1.4,Chennai
1993-09-15,1993,9,Sholinganallur,3.4,Chennai
1993-09-15,1993,9,Chennai nungambakkam,3.4,Chennai
1993-09-16,1993,9,Chennai port trust,0.6,Chennai
1993-09-16,1993,9,Sholinganallur,0.2,Chennai
1993-09-16,1993,9,Chennai nungambakkam,0.2,Chennai
1993-09-18,1993,9,Chennai port trust,2.0,Chennai
1993-09-18,1993,9,Sholinganallur,0.6,Chennai
1993-09-18,1993,9,Chennai nungambakkam,0.6,Chennai
1993-09-20,1993,9,Chennai port trust,13.6,Chennai
1993-09-20,1993,9,Sholinganallur,4.5,Chennai
1993-09-20,1993,9,Chennai nungambakkam,4.5,Chennai
1993-09-24,1993,9,Chennai port trust,2.0,Chennai
1993-09-24,1993,9,Sholinganallur,1.2,Chennai
1993-09-24,1993,9,Chennai nungambakkam,1.2,Chennai
1993-10-02,1993,10,Sholinganallur,1.4,Chennai
1993-10-02,1993,10,Chennai nungambakkam,1.4,Chennai
1993-10-03,1993,10,Sholinganallur,24.6,Chennai
1993-10-03,1993,10,Chennai nungambakkam,24.6,Chennai
1993-10-03,1993,10,Chennai port trust,14.8,Chennai
1993-10-04,1993,10,Chennai port trust,2.0,Chennai
1993-10-04,1993,10,Sholinganallur,0.3,Chennai
1993-10-04,1993,10,Chennai nungambakkam,0.3,Chennai
1993-10-07,1993,10,Chennai port trust,7.4,Chennai
1993-10-07,1993,10,Sholinganallur,4.8,Chennai
1993-10-07,1993,10,Chennai nungambakkam,4.8,Chennai
1993-10-09,1993,10,Chennai port trust,21.2,Chennai
1993-10-09,1993,10,Sholinganallur,20.0,Chennai
1993-10-09,1993,10,Chennai nungambakkam,20.0,Chennai
1993-10-11,1993,10,Sholinganallur,0.3,Chennai
1993-10-11,1993,10,Chennai nungambakkam,0.3,Chennai
1993-10-12,1993,10,Chennai port trust,16.4,Chennai
1993-10-12,1993,10,Sholinganallur,8.6,Chennai
1993-10-12,1993,10,Chennai nungambakkam,8.6,Chennai
1993-10-13,1993,10,Sholinganallur,4.8,Chennai
1993-10-13,1993,10,Chennai nungambakkam,4.8,Chennai
1993-10-13,1993,10,Chennai port trust,2.8,Chennai
1993-10-14,1993,10,Sholinganallur,9.8,Chennai
1993-10-14,1993,10,Chennai nungambakkam,9.8,Chennai
1993-10-14,1993,10,Chennai port trust,3.4,Chennai
1993-10-15,1993,10,Chennai port trust,65.7,Chennai
1993-10-15,1993,10,Sholinganallur,55.9,Chennai
1993-10-15,1993,10,Chennai nungambakkam,55.9,Chennai
1993-10-16,1993,10,Chennai port trust,8.6,Chennai
1993-10-16,1993,10,Sholinganallur,4.8,Chennai
1993-10-16,1993,10,Chennai nungambakkam,4.8,Chennai
1993-10-17,1993,10,Sholinganallur,1.6,Chennai
1993-10-17,1993,10,Chennai nungambakkam,1.6,Chennai
1993-10-18,1993,10,Sholinganallur,2.7,Chennai
1993-10-18,1993,10,Chennai nungambakkam,2.7,Chennai
1993-10-19,1993,10,Sholinganallur,41.4,Chennai
1993-10-19,1993,10,Chennai nungambakkam,41.4,Chennai
1993-10-19,1993,10,Chennai port trust,23.2,Chennai
1993-10-20,1993,10,Chennai port trust,35.8,Chennai
1993-10-20,1993,10,Sholinganallur,27.8,Chennai
1993-10-20,1993,10,Chennai nungambakkam,27.8,Chennai
1993-10-21,1993,10,Sholinganallur,0.2,Chennai
1993-10-21,1993,10,Chennai nungambakkam,0.2,Chennai
1993-10-22,1993,10,Chennai port trust,22.2,Chennai
1993-10-22,1993,10,Sholinganallur,14.4,Chennai
1993-10-22,1993,10,Chennai nungambakkam,14.4,Chennai
1993-10-23,1993,10,Sholinganallur,1.8,Chennai
1993-10-23,1993,10,Chennai nungambakkam,1.8,Chennai
1993-10-30,1993,10,Chennai port trust,7.5,Chennai
1993-10-30,1993,10,Sholinganallur,5.1,Chennai
1993-10-30,1993,10,Chennai nungambakkam,5.1,Chennai
1993-10-31,1993,10,Sholinganallur,27.8,Chennai
1993-10-31,1993,10,Chennai nungambakkam,27.8,Chennai
1993-10-31,1993,10,Chennai port trust,10.2,Chennai
1993-11-01,1993,11,Chennai port trust,8.4,Chennai
1993-11-01,1993,11,Sholinganallur,6.7,Chennai
1993-11-01,1993,11,Chennai nungambakkam,6.7,Chennai
1993-11-02,1993,11,Sholinganallur,23.0,Chennai
1993-11-02,1993,11,Chennai nungambakkam,23.0,Chennai
1993-11-02,1993,11,Chennai port trust,19.0,Chennai
1993-11-03,1993,11,Sholinganallur,38.0,Chennai
1993-11-03,1993,11,Chennai nungambakkam,38.0,Chennai
1993-11-03,1993,11,Chennai port trust,17.2,Chennai
1993-11-04,1993,11,Sholinganallur,6.8,Chennai
1993-11-04,1993,11,Chennai nungambakkam,6.8,Chennai
1993-11-04,1993,11,Chennai port trust,5.0,Chennai
1993-11-05,1993,11,Sholinganallur,16.1,Chennai
1993-11-05,1993,11,Chennai nungambakkam,16.1,Chennai
1993-11-05,1993,11,Chennai port trust,5.2,Chennai
1993-11-06,1993,11,Chennai port trust,9.0,Chennai
1993-11-06,1993,11,Sholinganallur,3.3,Chennai
1993-11-06,1993,11,Chennai nungambakkam,3.3,Chennai
1993-11-07,1993,11,Chennai port trust,10.2,Chennai
1993-11-07,1993,11,Sholinganallur,2.8,Chennai
1993-11-07,1993,11,Chennai nungambakkam,2.8,Chennai
1993-11-08,1993,11,Chennai port trust,12.4,Chennai
1993-11-09,1993,11,Sholinganallur,23.2,Chennai
1993-11-09,1993,11,Chennai nungambakkam,23.2,Chennai
1993-11-09,1993,11,Chennai port trust,6.0,Chennai
1993-11-10,1993,11,Sholinganallur,61.9,Chennai
1993-11-10,1993,11,Chennai nungambakkam,61.9,Chennai
1993-11-10,1993,11,Chennai port trust,50.7,Chennai
1993-11-11,1993,11,Sholinganallur,28.0,Chennai
1993-11-11,1993,11,Chennai nungambakkam,28.0,Chennai
1993-11-11,1993,11,Chennai port trust,20.5,Chennai
1993-11-12,1993,11,Sholinganallur,14.6,Chennai
1993-11-12,1993,11,Chennai nungambakkam,14.6,Chennai
1993-11-13,1993,11,Chennai port trust,13.0,Chennai
1993-11-13,1993,11,Sholinganallur,8.8,Chennai
1993-11-13,1993,11,Chennai nungambakkam,8.8,Chennai
1993-11-15,1993,11,Chennai port trust,1.6,Chennai
1993-11-15,1993,11,Sholinganallur,0.7,Chennai
1993-11-15,1993,11,Chennai nungambakkam,0.7,Chennai
1993-11-16,1993,11,Chennai port trust,50.2,Chennai
1993-11-16,1993,11,Sholinganallur,46.6,Chennai
1993-11-16,1993,11,Chennai nungambakkam,46.6,Chennai
1993-11-22,1993,11,Sholinganallur,3.2,Chennai
1993-11-22,1993,11,Chennai nungambakkam,3.2,Chennai
1993-11-23,1993,11,Sholinganallur,1.4,Chennai
1993-11-23,1993,11,Chennai nungambakkam,1.4,Chennai
1993-11-24,1993,11,Sholinganallur,62.8,Chennai
1993-11-24,1993,11,Chennai nungambakkam,62.8,Chennai
1993-11-24,1993,11,Chennai port trust,50.6,Chennai
1993-11-25,1993,11,Chennai port trust,8.4,Chennai
1993-11-25,1993,11,Sholinganallur,7.2,Chennai
1993-11-25,1993,11,Chennai nungambakkam,7.2,Chennai
1993-12-01,1993,12,Chennai port trust,65.2,Chennai
1993-12-01,1993,12,Sholinganallur,64.9,Chennai
1993-12-01,1993,12,Chennai nungambakkam,64.9,Chennai
1993-12-02,1993,12,Chennai port trust,33.2,Chennai
1993-12-02,1993,12,Sholinganallur,31.9,Chennai
1993-12-02,1993,12,Chennai nungambakkam,31.9,Chennai
1993-12-04,1993,12,Chennai port trust,76.6,Chennai
1993-12-04,1993,12,Sholinganallur,73.1,Chennai
1993-12-04,1993,12,Chennai nungambakkam,73.1,Chennai
1993-12-05,1993,12,Sholinganallur,22.1,Chennai
1993-12-05,1993,12,Chennai nungambakkam,22.1,Chennai
1993-12-05,1993,12,Chennai port trust,14.0,Chennai
1993-12-06,1993,12,Chennai port trust,9.2,Chennai
1993-12-06,1993,12,Sholinganallur,1.9,Chennai
1993-12-06,1993,12,Chennai nungambakkam,1.9,Chennai
1993-12-07,1993,12,Chennai port trust,1.6,Chennai
1993-12-07,1993,12,Sholinganallur,0.9,Chennai
1993-12-07,1993,12,Chennai nungambakkam,0.9,Chennai
1993-12-11,1993,12,Sholinganallur,0.1,Chennai
1993-12-11,1993,12,Chennai nungambakkam,0.1,Chennai
1993-12-20,1993,12,Sholinganallur,28.8,Chennai
1993-12-20,1993,12,Chennai nungambakkam,28.8,Chennai
1993-12-20,1993,12,Chennai port trust,28.4,Chennai
1993-12-21,1993,12,Chennai port trust,9.2,Chennai
1993-12-21,1993,12,Sholinganallur,8.8,Chennai
1993-12-21,1993,12,Chennai nungambakkam,8.8,Chennai
1993-12-22,1993,12,Sholinganallur,39.4,Chennai
1993-12-22,1993,12,Chennai nungambakkam,39.4,Chennai
1993-12-22,1993,12,Chennai port trust,35.6,Chennai
1993-12-23,1993,12,Sholinganallur,1.0,Chennai
1993-12-23,1993,12,Chennai port trust,1.0,Chennai
1993-12-23,1993,12,Chennai nungambakkam,1.0,Chennai
1993-12-28,1993,12,Sholinganallur,10.8,Chennai
1993-12-28,1993,12,Chennai nungambakkam,10.8,Chennai
1993-12-28,1993,12,Chennai port trust,8.0,Chennai
1994-01-29,1994,1,Alandur,7.0,Chennai
1994-02-06,1994,2,Alandur,7.2,Chennai
1994-02-07,1994,2,Alandur,27.2,Chennai
1994-02-12,1994,2,Alandur,5.5,Chennai
1994-02-13,1994,2,Alandur,24.5,Chennai
1994-02-14,1994,2,Alandur,10.0,Chennai
1994-02-15,1994,2,Alandur,2.0,Chennai
1994-02-16,1994,2,Alandur,15.5,Chennai
1994-02-17,1994,2,Alandur,245.5,Chennai
1994-02-18,1994,2,Alandur,5.0,Chennai
1994-03-05,1994,3,Alandur,5.0,Chennai
1994-05-25,1994,5,Chennai nungambakkam,0.8,Chennai
1994-05-26,1994,5,Chennai port trust,72.0,Chennai
1994-05-26,1994,5,Chennai nungambakkam,68.4,Chennai
1994-05-27,1994,5,Chennai port trust,1.6,Chennai
1994-05-27,1994,5,Chennai nungambakkam,1.2,Chennai
1994-06-10,1994,6,Chennai nungambakkam,50.6,Chennai
1994-06-10,1994,6,Chennai port trust,37.2,Chennai
1994-06-11,1994,6,Chennai nungambakkam,2.2,Chennai
1994-06-11,1994,6,Alandur,1.5,Chennai
1994-06-12,1994,6,Chennai nungambakkam,0.7,Chennai
1994-06-18,1994,6,Alandur,32.5,Chennai
1994-06-18,1994,6,Chennai port trust,1.0,Chennai
1994-06-18,1994,6,Chennai nungambakkam,0.6,Chennai
1994-06-19,1994,6,Chennai nungambakkam,0.7,Chennai
1994-06-20,1994,6,Chennai port trust,0.3,Chennai
1994-06-20,1994,6,Chennai nungambakkam,0.2,Chennai
1994-06-24,1994,6,Chennai port trust,1.2,Chennai
1994-06-24,1994,6,Chennai nungambakkam,1.2,Chennai
1994-06-25,1994,6,Alandur,10.2,Chennai
1994-06-26,1994,6,Alandur,5.5,Chennai
1994-06-27,1994,6,Chennai port trust,6.6,Chennai
1994-06-27,1994,6,Chennai nungambakkam,3.3,Chennai
1994-06-28,1994,6,Alandur,9.0,Chennai
1994-06-28,1994,6,Chennai port trust,0.5,Chennai
1994-06-30,1994,6,Alandur,12.5,Chennai
1994-07-07,1994,7,Alandur,3.1,Chennai
1994-07-08,1994,7,Alandur,35.5,Chennai
1994-07-09,1994,7,Alandur,15.5,Chennai
1994-07-10,1994,7,Alandur,3.5,Chennai
1994-07-12,1994,7,Alandur,20.5,Chennai
1994-07-17,1994,7,Alandur,10.0,Chennai
1994-07-19,1994,7,Alandur,17.0,Chennai
1994-07-21,1994,7,Alandur,21.5,Chennai
1994-07-22,1994,7,Alandur,26.0,Chennai
1994-07-24,1994,7,Alandur,82.5,Chennai
1994-07-25,1994,7,Alandur,47.5,Chennai
1994-07-26,1994,7,Alandur,5.0,Chennai
1994-07-27,1994,7,Alandur,3.0,Chennai
1994-07-28,1994,7,Alandur,7.5,Chennai
1994-07-30,1994,7,Alandur,3.5,Chennai
1994-08-02,1994,8,Alandur,7.0,Chennai
1994-08-02,1994,8,Chennai port trust,1.0,Chennai
1994-08-02,1994,8,Chennai nungambakkam,0.5,Chennai
1994-08-05,1994,8,Chennai nungambakkam,0.4,Chennai
1994-08-06,1994,8,Chennai nungambakkam,0.6,Chennai
1994-08-08,1994,8,Alandur,7.2,Chennai
1994-08-12,1994,8,Chennai nungambakkam,4.6,Chennai
1994-08-12,1994,8,Chennai port trust,3.0,Chennai
1994-08-13,1994,8,Chennai port trust,1.0,Chennai
1994-08-13,1994,8,Chennai nungambakkam,0.1,Chennai
1994-08-17,1994,8,Chennai port trust,28.0,Chennai
1994-08-17,1994,8,Chennai nungambakkam,27.8,Chennai
1994-08-19,1994,8,Chennai nungambakkam,0.4,Chennai
1994-08-20,1994,8,Alandur,2.0,Chennai
1994-08-22,1994,8,Chennai port trust,19.3,Chennai
1994-08-22,1994,8,Chennai nungambakkam,19.2,Chennai
1994-08-23,1994,8,Chennai port trust,14.2,Chennai
1994-08-23,1994,8,Chennai nungambakkam,13.2,Chennai
1994-08-24,1994,8,Alandur,10.3,Chennai
1994-08-25,1994,8,Chennai nungambakkam,23.2,Chennai
1994-08-25,1994,8,Chennai port trust,21.3,Chennai
1994-08-26,1994,8,Chennai nungambakkam,8.5,Chennai
1994-08-26,1994,8,Chennai port trust,8.0,Chennai
1994-08-27,1994,8,Chennai nungambakkam,6.0,Chennai
1994-08-27,1994,8,Chennai port trust,5.2,Chennai
1994-08-29,1994,8,Alandur,4.3,Chennai
1994-09-01,1994,9,Chennai port trust,3.5,Chennai
1994-09-01,1994,9,Chennai nungambakkam,2.8,Chennai
1994-09-03,1994,9,Chennai nungambakkam,0.7,Chennai
1994-09-08,1994,9,Chennai nungambakkam,0.4,Chennai
1994-09-09,1994,9,Alandur,1.2,Chennai
1994-09-10,1994,9,Alandur,1.0,Chennai
1994-09-11,1994,9,Chennai nungambakkam,1.0,Chennai
1994-09-13,1994,9,Chennai nungambakkam,7.3,Chennai
1994-09-13,1994,9,Chennai port trust,4.3,Chennai
1994-09-14,1994,9,Chennai nungambakkam,30.2,Chennai
1994-09-14,1994,9,Chennai port trust,21.5,Chennai
1994-09-18,1994,9,Alandur,8.2,Chennai
1994-09-19,1994,9,Alandur,10.0,Chennai
1994-09-23,1994,9,Chennai nungambakkam,1.8,Chennai
1994-09-23,1994,9,Chennai port trust,1.0,Chennai
1994-09-25,1994,9,Alandur,30.2,Chennai
1994-09-26,1994,9,Alandur,1.0,Chennai
1994-09-27,1994,9,Alandur,13.0,Chennai
1994-09-28,1994,9,Alandur,53.0,Chennai
1994-09-29,1994,9,Alandur,145.0,Chennai
1994-09-30,1994,9,Chennai port trust,1.4,Chennai
1994-09-30,1994,9,Chennai nungambakkam,0.7,Chennai
1994-10-01,1994,10,Alandur,1.5,Chennai
1994-10-02,1994,10,Alandur,5.0,Chennai
1994-10-03,1994,10,Alandur,35.5,Chennai
1994-10-03,1994,10,Chennai nungambakkam,9.6,Chennai
1994-10-03,1994,10,Chennai port trust,7.2,Chennai
1994-10-04,1994,10,Chennai nungambakkam,5.0,Chennai
1994-10-04,1994,10,Alandur,4.0,Chennai
1994-10-05,1994,10,Chennai port trust,9.4,Chennai
1994-10-05,1994,10,Chennai nungambakkam,8.7,Chennai
1994-10-06,1994,10,Alandur,5.0,Chennai
1994-10-07,1994,10,Alandur,2.0,Chennai
1994-10-09,1994,10,Alandur,30.5,Chennai
1994-10-15,1994,10,Chennai nungambakkam,2.1,Chennai
1994-10-17,1994,10,Chennai port trust,1.4,Chennai
1994-10-17,1994,10,Chennai nungambakkam,1.2,Chennai
1994-10-18,1994,10,Chennai nungambakkam,8.0,Chennai
1994-10-18,1994,10,Chennai port trust,7.8,Chennai
1994-10-19,1994,10,Chennai nungambakkam,11.6,Chennai
1994-10-19,1994,10,Chennai port trust,8.7,Chennai
1994-10-20,1994,10,Chennai nungambakkam,4.1,Chennai
1994-10-20,1994,10,Chennai port trust,0.5,Chennai
1994-10-22,1994,10,Chennai port trust,9.0,Chennai
1994-10-22,1994,10,Chennai nungambakkam,4.6,Chennai
1994-10-26,1994,10,Alandur,5.0,Chennai
1994-10-26,1994,10,Chennai nungambakkam,1.4,Chennai
1994-10-26,1994,10,Chennai port trust,0.6,Chennai
1994-10-27,1994,10,Chennai nungambakkam,15.0,Chennai
1994-10-27,1994,10,Chennai port trust,7.5,Chennai
1994-10-28,1994,10,Chennai nungambakkam,41.8,Chennai
1994-10-28,1994,10,Chennai port trust,27.8,Chennai
1994-10-29,1994,10,Chennai nungambakkam,5.6,Chennai
1994-10-29,1994,10,Chennai port trust,4.2,Chennai
1994-10-30,1994,10,Chennai port trust,52.7,Chennai
1994-10-30,1994,10,Chennai nungambakkam,47.8,Chennai
1994-10-31,1994,10,Chennai port trust,258.0,Chennai
1994-10-31,1994,10,Chennai nungambakkam,243.3,Chennai
1994-11-01,1994,11,Chennai nungambakkam,30.4,Chennai
1994-11-01,1994,11,Chennai port trust,29.0,Chennai
1994-11-01,1994,11,Alandur,12.0,Chennai
1994-11-02,1994,11,Chennai nungambakkam,4.7,Chennai
1994-11-02,1994,11,Chennai port trust,4.3,Chennai
1994-11-03,1994,11,Chennai nungambakkam,6.0,Chennai
1994-11-03,1994,11,Chennai port trust,2.0,Chennai
1994-11-04,1994,11,Chennai port trust,34.2,Chennai
1994-11-04,1994,11,Chennai nungambakkam,21.4,Chennai
1994-11-04,1994,11,Alandur,3.5,Chennai
1994-11-05,1994,11,Chennai nungambakkam,182.2,Chennai
1994-11-05,1994,11,Chennai port trust,180.3,Chennai
1994-11-06,1994,11,Chennai port trust,34.0,Chennai
1994-11-06,1994,11,Chennai nungambakkam,31.4,Chennai
1994-11-07,1994,11,Chennai port trust,2.2,Chennai
1994-11-07,1994,11,Chennai nungambakkam,0.7,Chennai
1994-11-08,1994,11,Chennai port trust,1.2,Chennai
1994-11-08,1994,11,Chennai nungambakkam,1.2,Chennai
1994-11-09,1994,11,Chennai nungambakkam,16.4,Chennai
1994-11-09,1994,11,Alandur,15.0,Chennai
1994-11-09,1994,11,Chennai port trust,5.3,Chennai
1994-11-10,1994,11,Chennai nungambakkam,64.8,Chennai
1994-11-10,1994,11,Chennai port trust,47.0,Chennai
1994-11-11,1994,11,Chennai port trust,8.7,Chennai
1994-11-11,1994,11,Chennai nungambakkam,6.1,Chennai
1994-11-12,1994,11,Chennai port trust,137.0,Chennai
1994-11-12,1994,11,Chennai nungambakkam,106.2,Chennai
1994-11-12,1994,11,Alandur,90.5,Chennai
1994-11-13,1994,11,Alandur,210.5,Chennai
1994-11-13,1994,11,Chennai nungambakkam,2.0,Chennai
1994-11-14,1994,11,Alandur,55.5,Chennai
1994-11-15,1994,11,Alandur,2.0,Chennai
1994-11-16,1994,11,Alandur,3.5,Chennai
1994-11-17,1994,11,Alandur,29.0,Chennai
1994-11-18,1994,11,Chennai nungambakkam,7.4,Chennai
1994-11-18,1994,11,Chennai port trust,6.3,Chennai
1994-11-18,1994,11,Alandur,3.5,Chennai
1994-11-19,1994,11,Chennai port trust,3.4,Chennai
1994-11-19,1994,11,Chennai nungambakkam,0.1,Chennai
1994-11-21,1994,11,Chennai port trust,11.4,Chennai
1994-11-21,1994,11,Chennai nungambakkam,5.0,Chennai
1994-11-22,1994,11,Chennai nungambakkam,11.3,Chennai
1994-11-22,1994,11,Chennai port trust,0.6,Chennai
1994-11-23,1994,11,Chennai nungambakkam,2.3,Chennai
1994-11-23,1994,11,Chennai port trust,2.0,Chennai
1994-11-24,1994,11,Chennai nungambakkam,16.6,Chennai
1994-11-24,1994,11,Chennai port trust,15.3,Chennai
1994-11-25,1994,11,Chennai nungambakkam,15.6,Chennai
1994-11-25,1994,11,Chennai port trust,13.7,Chennai
1994-11-26,1994,11,Chennai nungambakkam,16.4,Chennai
1994-11-26,1994,11,Chennai port trust,16.2,Chennai
1994-12-01,1994,12,Alandur,38.5,Chennai
1994-12-02,1994,12,Alandur,10.5,Chennai
1994-12-03,1994,12,Alandur,4.0,Chennai
1994-12-04,1994,12,Alandur,6.0,Chennai
1994-12-18,1994,12,Chennai port trust,7.8,Chennai
1994-12-18,1994,12,Chennai nungambakkam,6.6,Chennai
1994-12-19,1994,12,Chennai port trust,21.0,Chennai
1994-12-19,1994,12,Chennai nungambakkam,18.6,Chennai
1994-12-20,1994,12,Chennai nungambakkam,55.6,Chennai
1994-12-20,1994,12,Chennai port trust,53.4,Chennai
1994-12-21,1994,12,Chennai port trust,112.5,Chennai
1994-12-21,1994,12,Chennai nungambakkam,95.2,Chennai
1994-12-22,1994,12,Chennai nungambakkam,42.5,Chennai
1994-12-22,1994,12,Chennai port trust,37.0,Chennai
1994-12-23,1994,12,Chennai nungambakkam,0.2,Chennai
1994-12-26,1994,12,Alandur,2.5,Chennai
1994-12-28,1994,12,Chennai nungambakkam,0.1,Chennai
1994-12-30,1994,12,Alandur,3.5,Chennai
1994-12-31,1994,12,Alandur,30.5,Chennai
1995-01-05,1995,1,Chennai nungambakkam,5.2,Chennai
1995-01-05,1995,1,Chennai port trust,2.7,Chennai
1995-01-08,1995,1,Chennai nungambakkam,0.3,Chennai
1995-01-13,1995,1,Chennai port trust,47.0,Chennai
1995-01-13,1995,1,Chennai nungambakkam,42.6,Chennai
1995-01-14,1995,1,Chennai port trust,49.0,Chennai
1995-01-14,1995,1,Chennai nungambakkam,29.8,Chennai
1995-01-16,1995,1,Chennai nungambakkam,66.2,Chennai
1995-01-16,1995,1,Chennai port trust,47.3,Chennai
1995-01-17,1995,1,Chennai nungambakkam,2.2,Chennai
1995-01-18,1995,1,Chennai port trust,28.0,Chennai
1995-01-18,1995,1,Chennai nungambakkam,24.4,Chennai
1995-01-19,1995,1,Chennai nungambakkam,0.1,Chennai
1995-01-28,1995,1,Chennai nungambakkam,0.4,Chennai
1995-05-05,1995,5,Chennai port trust,7.0,Chennai
1995-05-05,1995,5,Chennai nungambakkam,5.8,Chennai
1995-05-06,1995,5,Chennai nungambakkam,31.7,Chennai
1995-05-06,1995,5,Chennai port trust,27.0,Chennai
1995-05-07,1995,5,Chennai port trust,150.7,Chennai
1995-05-07,1995,5,Chennai nungambakkam,106.2,Chennai
1995-05-08,1995,5,Chennai port trust,115.0,Chennai
1995-05-08,1995,5,Chennai nungambakkam,111.8,Chennai
1995-05-09,1995,5,Chennai nungambakkam,2.4,Chennai
1995-05-09,1995,5,Chennai port trust,0.7,Chennai
1995-05-11,1995,5,Chennai nungambakkam,0.7,Chennai
1995-05-20,1995,5,Chennai port trust,28.0,Chennai
1995-05-20,1995,5,Chennai nungambakkam,21.5,Chennai
1995-06-12,1995,6,Chennai nungambakkam,0.6,Chennai
1995-06-15,1995,6,Chennai nungambakkam,0.1,Chennai
1995-06-20,1995,6,Chennai nungambakkam,0.1,Chennai
1995-06-22,1995,6,Chennai nungambakkam,0.6,Chennai
1995-06-23,1995,6,Chennai nungambakkam,2.2,Chennai
1995-06-23,1995,6,Chennai port trust,2.0,Chennai
1995-06-25,1995,6,Chennai nungambakkam,15.3,Chennai
1995-06-25,1995,6,Chennai port trust,14.2,Chennai
1995-06-26,1995,6,Chennai port trust,2.5,Chennai
1995-06-26,1995,6,Chennai nungambakkam,0.2,Chennai
1995-07-10,1995,7,Chennai nungambakkam,4.4,Chennai
1995-07-10,1995,7,Chennai port trust,3.2,Chennai
1995-07-11,1995,7,Chennai nungambakkam,0.1,Chennai
1995-07-15,1995,7,Chennai nungambakkam,79.2,Chennai
1995-07-15,1995,7,Chennai port trust,72.3,Chennai
1995-07-19,1995,7,Chennai nungambakkam,0.2,Chennai
1995-07-24,1995,7,Chennai port trust,22.0,Chennai
1995-07-24,1995,7,Chennai nungambakkam,11.4,Chennai
1995-07-25,1995,7,Chennai nungambakkam,1.5,Chennai
1995-07-25,1995,7,Chennai port trust,1.0,Chennai
1995-07-27,1995,7,Chennai nungambakkam,3.4,Chennai
1995-07-27,1995,7,Chennai port trust,1.0,Chennai
1995-07-29,1995,7,Chennai port trust,5.0,Chennai
1995-07-29,1995,7,Chennai nungambakkam,1.5,Chennai
1995-08-01,1995,8,Chennai port trust,65.0,Chennai
1995-08-01,1995,8,Chennai nungambakkam,45.6,Chennai
1995-08-03,1995,8,Chennai nungambakkam,1.4,Chennai
1995-08-06,1995,8,Chennai nungambakkam,16.8,Chennai
1995-08-06,1995,8,Chennai port trust,16.0,Chennai
1995-08-07,1995,8,Chennai nungambakkam,53.4,Chennai
1995-08-07,1995,8,Chennai port trust,52.0,Chennai
1995-08-08,1995,8,Chennai nungambakkam,1.3,Chennai
1995-08-08,1995,8,Chennai port trust,1.0,Chennai
1995-08-09,1995,8,Chennai nungambakkam,7.0,Chennai
1995-08-09,1995,8,Chennai port trust,5.2,Chennai
1995-08-10,1995,8,Chennai port trust,3.0,Chennai
1995-08-10,1995,8,Chennai nungambakkam,1.4,Chennai
1995-08-14,1995,8,Chennai nungambakkam,2.3,Chennai
1995-08-14,1995,8,Chennai port trust,0.6,Chennai
1995-08-15,1995,8,Chennai port trust,85.0,Chennai
1995-08-15,1995,8,Chennai nungambakkam,70.4,Chennai
1995-08-16,1995,8,Chennai port trust,1.0,Chennai
1995-08-16,1995,8,Chennai nungambakkam,0.8,Chennai
1995-08-18,1995,8,Chennai port trust,4.0,Chennai
1995-08-19,1995,8,Chennai port trust,2.0,Chennai
1995-08-19,1995,8,Chennai nungambakkam,2.0,Chennai
1995-08-24,1995,8,Chennai port trust,11.8,Chennai
1995-08-24,1995,8,Chennai nungambakkam,9.3,Chennai
1995-08-25,1995,8,Chennai port trust,1.0,Chennai
1995-08-25,1995,8,Chennai nungambakkam,0.3,Chennai
1995-08-26,1995,8,Chennai port trust,22.0,Chennai
1995-08-27,1995,8,Chennai nungambakkam,20.3,Chennai
1995-08-29,1995,8,Chennai port trust,4.2,Chennai
1995-08-29,1995,8,Chennai nungambakkam,4.2,Chennai
1995-08-31,1995,8,Chennai nungambakkam,2.2,Chennai
1995-08-31,1995,8,Chennai port trust,1.0,Chennai
1995-09-07,1995,9,Chennai port trust,8.3,Chennai
1995-09-07,1995,9,Chennai nungambakkam,6.2,Chennai
1995-09-08,1995,9,Chennai nungambakkam,1.3,Chennai
1995-09-09,1995,9,Chennai port trust,29.3,Chennai
1995-09-09,1995,9,Chennai nungambakkam,19.6,Chennai
1995-09-10,1995,9,Chennai port trust,32.0,Chennai
1995-09-10,1995,9,Chennai nungambakkam,24.8,Chennai
1995-09-11,1995,9,Chennai nungambakkam,30.4,Chennai
1995-09-11,1995,9,Chennai port trust,22.0,Chennai
1995-09-12,1995,9,Chennai nungambakkam,21.9,Chennai
1995-09-12,1995,9,Chennai port trust,19.0,Chennai
1995-09-16,1995,9,Chennai nungambakkam,9.9,Chennai
1995-09-16,1995,9,Chennai port trust,6.1,Chennai
1995-09-17,1995,9,Chennai nungambakkam,61.4,Chennai
1995-09-17,1995,9,Chennai port trust,57.0,Chennai
1995-09-21,1995,9,Chennai port trust,4.2,Chennai
1995-09-24,1995,9,Chennai nungambakkam,0.7,Chennai
1995-09-28,1995,9,Chennai nungambakkam,2.6,Chennai
1995-09-28,1995,9,Chennai port trust,0.6,Chennai
1995-09-29,1995,9,Chennai nungambakkam,6.0,Chennai
1995-09-29,1995,9,Chennai port trust,4.0,Chennai
1995-09-30,1995,9,Chennai nungambakkam,6.0,Chennai
1995-10-04,1995,10,Chennai nungambakkam,1.5,Chennai
1995-10-04,1995,10,Chennai port trust,0.3,Chennai
1995-10-05,1995,10,Chennai port trust,5.0,Chennai
1995-10-05,1995,10,Chennai nungambakkam,2.4,Chennai
1995-10-06,1995,10,Chennai port trust,9.0,Chennai
1995-10-06,1995,10,Chennai nungambakkam,9.0,Chennai
1995-10-07,1995,10,Chennai port trust,6.5,Chennai
1995-10-07,1995,10,Chennai nungambakkam,4.0,Chennai
1995-10-08,1995,10,Chennai nungambakkam,9.7,Chennai
1995-10-08,1995,10,Chennai port trust,8.5,Chennai
1995-10-09,1995,10,Chennai nungambakkam,6.9,Chennai
1995-10-09,1995,10,Chennai port trust,6.5,Chennai
1995-10-10,1995,10,Chennai port trust,2.6,Chennai
1995-10-10,1995,10,Chennai nungambakkam,1.1,Chennai
1995-10-11,1995,10,Chennai nungambakkam,16.8,Chennai
1995-10-11,1995,10,Chennai port trust,11.6,Chennai
1995-10-13,1995,10,Chennai port trust,43.0,Chennai
1995-10-13,1995,10,Chennai nungambakkam,42.9,Chennai
1995-10-14,1995,10,Chennai nungambakkam,26.0,Chennai
1995-10-14,1995,10,Chennai port trust,17.0,Chennai
1995-10-15,1995,10,Chennai port trust,5.0,Chennai
1995-10-15,1995,10,Chennai nungambakkam,4.0,Chennai
1995-10-16,1995,10,Chennai port trust,7.0,Chennai
1995-10-16,1995,10,Chennai nungambakkam,0.9,Chennai
1995-10-23,1995,10,Chennai nungambakkam,1.0,Chennai
1995-10-24,1995,10,Chennai port trust,34.2,Chennai
1995-10-24,1995,10,Chennai nungambakkam,27.2,Chennai
1995-10-25,1995,10,Chennai port trust,22.2,Chennai
1995-10-25,1995,10,Chennai nungambakkam,17.2,Chennai
1995-10-26,1995,10,Chennai nungambakkam,17.0,Chennai
1995-10-26,1995,10,Chennai port trust,6.7,Chennai
1995-10-27,1995,10,Chennai port trust,22.3,Chennai
1995-10-27,1995,10,Chennai nungambakkam,18.1,Chennai
1995-10-28,1995,10,Chennai nungambakkam,11.6,Chennai
1995-10-28,1995,10,Chennai port trust,8.2,Chennai
1995-10-29,1995,10,Chennai port trust,27.0,Chennai
1995-10-29,1995,10,Chennai nungambakkam,27.0,Chennai
1995-10-30,1995,10,Chennai port trust,5.2,Chennai
1995-10-30,1995,10,Chennai nungambakkam,4.8,Chennai
1995-11-03,1995,11,Chennai port trust,40.0,Chennai
1995-11-03,1995,11,Chennai nungambakkam,33.6,Chennai
1995-11-04,1995,11,Chennai port trust,81.0,Chennai
1995-11-04,1995,11,Chennai nungambakkam,78.3,Chennai
1995-11-05,1995,11,Chennai nungambakkam,32.1,Chennai
1995-11-05,1995,11,Chennai port trust,20.0,Chennai
1995-11-06,1995,11,Chennai port trust,80.0,Chennai
1995-11-06,1995,11,Chennai nungambakkam,65.9,Chennai
1995-11-07,1995,11,Chennai port trust,1.5,Chennai
1995-11-07,1995,11,Chennai nungambakkam,1.0,Chennai
1995-11-08,1995,11,Chennai port trust,3.0,Chennai
1995-11-08,1995,11,Chennai nungambakkam,1.8,Chennai
1995-11-09,1995,11,Chennai port trust,6.0,Chennai
1995-11-09,1995,11,Chennai nungambakkam,5.1,Chennai
1995-11-21,1995,11,Chennai port trust,3.3,Chennai
1995-11-21,1995,11,Chennai nungambakkam,2.9,Chennai
1995-11-23,1995,11,Chennai nungambakkam,7.3,Chennai
1995-11-23,1995,11,Chennai port trust,4.3,Chennai
1995-11-24,1995,11,Chennai port trust,18.5,Chennai
1995-11-24,1995,11,Chennai nungambakkam,12.6,Chennai
1995-11-26,1995,11,Chennai nungambakkam,33.7,Chennai
1995-11-26,1995,11,Chennai port trust,11.0,Chennai
1996-04-06,1996,4,Chennai nungambakkam,0.7,Chennai
1996-04-13,1996,4,Chennai port trust,9.0,Chennai
1996-04-14,1996,4,Chennai nungambakkam,10.8,Chennai
1996-04-15,1996,4,Chennai port trust,5.0,Chennai
1996-04-15,1996,4,Chennai nungambakkam,1.4,Chennai
1996-04-16,1996,4,Chennai nungambakkam,2.9,Chennai
1996-04-30,1996,4,Chennai port trust,4.3,Chennai
1996-05-01,1996,5,Chennai nungambakkam,15.0,Chennai
1996-06-12,1996,6,Chennai nungambakkam,17.4,Chennai
1996-06-12,1996,6,Chennai port trust,16.0,Chennai
1996-06-13,1996,6,Chennai port trust,117.0,Chennai
1996-06-13,1996,6,Chennai nungambakkam,113.0,Chennai
1996-06-14,1996,6,Chennai port trust,348.3,Chennai
1996-06-14,1996,6,Chennai nungambakkam,347.9,Chennai
1996-06-15,1996,6,Chennai port trust,217.5,Chennai
1996-06-15,1996,6,Chennai nungambakkam,193.4,Chennai
1996-06-16,1996,6,Chennai nungambakkam,0.2,Chennai
1996-06-22,1996,6,Chennai port trust,14.5,Chennai
1996-06-22,1996,6,Chennai nungambakkam,12.6,Chennai
1996-06-23,1996,6,Chennai nungambakkam,0.2,Chennai
1996-06-24,1996,6,Chennai nungambakkam,1.2,Chennai
1996-06-24,1996,6,Chennai port trust,0.5,Chennai
1996-06-26,1996,6,Chennai port trust,13.0,Chennai
1996-06-26,1996,6,Chennai nungambakkam,11.6,Chennai
1996-07-07,1996,7,Chennai nungambakkam,0.2,Chennai
1996-07-09,1996,7,Chennai nungambakkam,0.3,Chennai
1996-07-13,1996,7,Chennai nungambakkam,0.4,Chennai
1996-07-16,1996,7,Chennai port trust,2.1,Chennai
1996-07-16,1996,7,Chennai nungambakkam,1.6,Chennai
1996-07-17,1996,7,Chennai nungambakkam,3.1,Chennai
1996-07-17,1996,7,Chennai port trust,2.5,Chennai
1996-07-18,1996,7,Chennai nungambakkam,25.1,Chennai
1996-07-18,1996,7,Chennai port trust,22.5,Chennai
1996-07-19,1996,7,Chennai nungambakkam,13.4,Chennai
1996-07-19,1996,7,Chennai port trust,11.2,Chennai
1996-07-20,1996,7,Chennai nungambakkam,8.2,Chennai
1996-07-20,1996,7,Chennai port trust,5.8,Chennai
1996-07-21,1996,7,Chennai nungambakkam,5.6,Chennai
1996-07-21,1996,7,Chennai port trust,5.0,Chennai
1996-07-30,1996,7,Chennai nungambakkam,7.5,Chennai
1996-07-30,1996,7,Chennai port trust,3.4,Chennai
1996-11-02,1996,11,Chennai nungambakkam,1.2,Chennai
1996-11-09,1996,11,Chennai nungambakkam,2.0,Chennai
1996-11-14,1996,11,Chennai nungambakkam,0.6,Chennai
1996-11-15,1996,11,Chennai nungambakkam,0.4,Chennai
1996-11-17,1996,11,Chennai nungambakkam,0.4,Chennai
1996-11-18,1996,11,Chennai nungambakkam,34.2,Chennai
1996-11-19,1996,11,Chennai nungambakkam,15.5,Chennai
1996-11-20,1996,11,Chennai nungambakkam,2.8,Chennai
1996-11-21,1996,11,Chennai nungambakkam,59.6,Chennai
1996-11-22,1996,11,Chennai nungambakkam,37.1,Chennai
1996-11-23,1996,11,Chennai nungambakkam,35.3,Chennai
1996-11-24,1996,11,Chennai nungambakkam,78.1,Chennai
1996-11-25,1996,11,Chennai nungambakkam,0.7,Chennai
1996-11-26,1996,11,Chennai nungambakkam,38.1,Chennai
1996-11-27,1996,11,Chennai nungambakkam,17.5,Chennai
1996-11-28,1996,11,Chennai nungambakkam,6.8,Chennai
1996-12-06,1996,12,Chennai port trust,3.0,Chennai
1996-12-06,1996,12,Chennai nungambakkam,2.0,Chennai
1996-12-07,1996,12,Chennai nungambakkam,54.2,Chennai
1996-12-07,1996,12,Chennai port trust,53.6,Chennai
1996-12-08,1996,12,Chennai nungambakkam,30.6,Chennai
1996-12-08,1996,12,Chennai port trust,29.0,Chennai
1996-12-09,1996,12,Chennai port trust,72.3,Chennai
1996-12-09,1996,12,Chennai nungambakkam,68.3,Chennai
1996-12-10,1996,12,Chennai port trust,2.0,Chennai
1996-12-10,1996,12,Chennai nungambakkam,2.0,Chennai
1996-12-11,1996,12,Chennai port trust,123.2,Chennai
1996-12-11,1996,12,Chennai nungambakkam,113.3,Chennai
1996-12-12,1996,12,Chennai nungambakkam,21.3,Chennai
1996-12-12,1996,12,Chennai port trust,17.4,Chennai
1996-12-13,1996,12,Chennai nungambakkam,28.4,Chennai
1996-12-13,1996,12,Chennai port trust,23.0,Chennai
1996-12-14,1996,12,Chennai nungambakkam,54.4,Chennai
1996-12-14,1996,12,Chennai port trust,46.0,Chennai
1996-12-15,1996,12,Chennai port trust,70.1,Chennai
1996-12-15,1996,12,Chennai nungambakkam,46.4,Chennai
1996-12-16,1996,12,Chennai nungambakkam,17.1,Chennai
1996-12-16,1996,12,Chennai port trust,7.0,Chennai
1996-12-17,1996,12,Chennai port trust,0.3,Chennai
1996-12-17,1996,12,Chennai nungambakkam,0.3,Chennai
1996-12-30,1996,12,Chennai nungambakkam,4.2,Chennai
1996-12-30,1996,12,Chennai port trust,2.0,Chennai
1997-01-08,1997,1,Chennai port trust,6.0,Chennai
1997-01-08,1997,1,Chennai nungambakkam,4.1,Chennai
1997-01-09,1997,1,Chennai nungambakkam,0.4,Chennai
1997-01-10,1997,1,Chennai nungambakkam,3.0,Chennai
1997-01-11,1997,1,Chennai nungambakkam,0.1,Chennai
1997-01-18,1997,1,Chennai port trust,5.0,Chennai
1997-01-18,1997,1,Chennai nungambakkam,0.7,Chennai
1997-04-04,1997,4,Chennai port trust,18.2,Chennai
1997-04-04,1997,4,Chennai nungambakkam,6.1,Chennai
1997-04-06,1997,4,Chennai nungambakkam,15.5,Chennai
1997-04-06,1997,4,Chennai port trust,9.3,Chennai
1997-04-12,1997,4,Chennai port trust,31.6,Chennai
1997-04-13,1997,4,Chennai nungambakkam,28.6,Chennai
1997-05-06,1997,5,Chennai nungambakkam,0.2,Chennai
1997-05-07,1997,5,Chennai nungambakkam,0.4,Chennai
1997-06-11,1997,6,Chennai nungambakkam,5.4,Chennai
1997-06-11,1997,6,Chennai port trust,1.2,Chennai
1997-06-13,1997,6,Chennai port trust,2.3,Chennai
1997-06-13,1997,6,Chennai nungambakkam,1.9,Chennai
1997-06-15,1997,6,Chennai nungambakkam,0.3,Chennai
1997-06-19,1997,6,Chennai nungambakkam,10.4,Chennai
1997-06-19,1997,6,Chennai port trust,5.6,Chennai
1997-06-21,1997,6,Chennai nungambakkam,26.4,Chennai
1997-06-21,1997,6,Chennai port trust,18.2,Chennai
1997-06-22,1997,6,Chennai port trust,5.6,Chennai
1997-06-22,1997,6,Chennai nungambakkam,2.5,Chennai
1997-06-23,1997,6,Chennai nungambakkam,11.8,Chennai
1997-06-23,1997,6,Chennai port trust,7.0,Chennai
1997-06-26,1997,6,Chennai nungambakkam,0.2,Chennai
1997-06-27,1997,6,Chennai nungambakkam,2.5,Chennai
1997-06-27,1997,6,Chennai port trust,1.0,Chennai
1997-07-02,1997,7,Chennai nungambakkam,1.1,Chennai
1997-07-02,1997,7,Chennai port trust,0.6,Chennai
1997-07-06,1997,7,Chennai nungambakkam,11.2,Chennai
1997-07-06,1997,7,Chennai port trust,8.0,Chennai
1997-07-08,1997,7,Chennai port trust,1.0,Chennai
1997-07-08,1997,7,Chennai nungambakkam,0.5,Chennai
1997-07-09,1997,7,Chennai nungambakkam,0.3,Chennai
1997-07-10,1997,7,Chennai port trust,0.4,Chennai
1997-07-10,1997,7,Chennai nungambakkam,0.4,Chennai
1997-07-12,1997,7,Chennai port trust,11.5,Chennai
1997-07-12,1997,7,Chennai nungambakkam,10.4,Chennai
1997-07-14,1997,7,Chennai nungambakkam,0.1,Chennai
1997-07-19,1997,7,Chennai nungambakkam,0.4,Chennai
1997-07-22,1997,7,Chennai port trust,5.5,Chennai
1997-07-22,1997,7,Chennai nungambakkam,2.9,Chennai
1997-07-23,1997,7,Chennai port trust,2.4,Chennai
1997-07-23,1997,7,Chennai nungambakkam,1.2,Chennai
1997-07-24,1997,7,Chennai nungambakkam,8.8,Chennai
1997-07-24,1997,7,Chennai port trust,6.5,Chennai
1997-07-27,1997,7,Chennai nungambakkam,12.0,Chennai
1997-07-28,1997,7,Chennai nungambakkam,1.1,Chennai
1997-07-31,1997,7,Chennai port trust,10.2,Chennai
1997-07-31,1997,7,Chennai nungambakkam,0.5,Chennai
1997-08-07,1997,8,Chennai nungambakkam,9.8,Chennai
1997-08-07,1997,8,Chennai port trust,9.0,Chennai
1997-08-08,1997,8,Chennai nungambakkam,10.6,Chennai
1997-08-08,1997,8,Chennai port trust,5.3,Chennai
1997-08-09,1997,8,Chennai port trust,3.2,Chennai
1997-08-09,1997,8,Chennai nungambakkam,2.7,Chennai
1997-08-10,1997,8,Chennai port trust,3.0,Chennai
1997-08-10,1997,8,Chennai nungambakkam,2.9,Chennai
1997-08-11,1997,8,Chennai port trust,2.2,Chennai
1997-08-11,1997,8,Chennai nungambakkam,1.0,Chennai
1997-08-12,1997,8,Chennai port trust,6.8,Chennai
1997-08-12,1997,8,Chennai nungambakkam,4.4,Chennai
1997-08-13,1997,8,Chennai port trust,5.0,Chennai
1997-08-13,1997,8,Chennai nungambakkam,2.1,Chennai
1997-08-14,1997,8,Chennai port trust,0.3,Chennai
1997-08-16,1997,8,Chennai nungambakkam,1.3,Chennai
1997-08-16,1997,8,Chennai port trust,0.8,Chennai
1997-08-18,1997,8,Chennai port trust,2.3,Chennai
1997-08-24,1997,8,Chennai port trust,12.0,Chennai
1997-08-24,1997,8,Chennai nungambakkam,5.6,Chennai
1997-08-26,1997,8,Chennai port trust,1.5,Chennai
1997-08-26,1997,8,Chennai nungambakkam,0.9,Chennai
1997-08-27,1997,8,Chennai nungambakkam,0.2,Chennai
1997-08-28,1997,8,Chennai nungambakkam,12.3,Chennai
1997-08-28,1997,8,Chennai port trust,9.2,Chennai
1997-08-29,1997,8,Chennai port trust,7.0,Chennai
1997-08-29,1997,8,Chennai nungambakkam,3.4,Chennai
1997-08-30,1997,8,Chennai nungambakkam,43.2,Chennai
1997-08-31,1997,8,Chennai port trust,14.2,Chennai
1997-09-07,1997,9,Chennai port trust,12.2,Chennai
1997-09-07,1997,9,Chennai nungambakkam,1.2,Chennai
1997-09-08,1997,9,Chennai nungambakkam,37.0,Chennai
1997-09-08,1997,9,Chennai port trust,24.3,Chennai
1997-09-09,1997,9,Chennai port trust,0.5,Chennai
1997-09-09,1997,9,Chennai nungambakkam,0.4,Chennai
1997-09-10,1997,9,Chennai port trust,9.0,Chennai
1997-09-11,1997,9,Chennai nungambakkam,12.6,Chennai
1997-09-13,1997,9,Chennai nungambakkam,0.9,Chennai
1997-09-14,1997,9,Chennai nungambakkam,22.0,Chennai
1997-09-14,1997,9,Chennai port trust,17.0,Chennai
1997-09-15,1997,9,Chennai nungambakkam,0.6,Chennai
1997-09-17,1997,9,Chennai nungambakkam,10.8,Chennai
1997-09-17,1997,9,Chennai port trust,8.6,Chennai
1997-09-18,1997,9,Chennai nungambakkam,22.7,Chennai
1997-09-18,1997,9,Chennai port trust,7.0,Chennai
1997-09-19,1997,9,Chennai nungambakkam,7.7,Chennai
1997-09-19,1997,9,Chennai port trust,7.5,Chennai
1997-09-20,1997,9,Chennai port trust,18.0,Chennai
1997-09-21,1997,9,Chennai nungambakkam,31.2,Chennai
1997-09-21,1997,9,Chennai port trust,11.0,Chennai
1997-09-22,1997,9,Chennai nungambakkam,5.7,Chennai
1997-09-22,1997,9,Chennai port trust,3.4,Chennai
1997-09-23,1997,9,Chennai nungambakkam,11.6,Chennai
1997-09-23,1997,9,Chennai port trust,6.2,Chennai
1997-09-24,1997,9,Chennai port trust,23.2,Chennai
1997-09-24,1997,9,Chennai nungambakkam,18.6,Chennai
1997-09-26,1997,9,Chennai nungambakkam,10.0,Chennai
1997-09-26,1997,9,Chennai port trust,4.2,Chennai
1997-10-01,1997,10,Chennai port trust,1.6,Chennai
1997-10-01,1997,10,Chennai nungambakkam,1.2,Chennai
1997-10-02,1997,10,Chennai port trust,33.7,Chennai
1997-10-02,1997,10,Chennai nungambakkam,22.2,Chennai
1997-10-03,1997,10,Chennai port trust,26.5,Chennai
1997-10-03,1997,10,Chennai nungambakkam,18.0,Chennai
1997-10-17,1997,10,Chennai nungambakkam,15.2,Chennai
1997-10-17,1997,10,Chennai port trust,7.7,Chennai
1997-10-18,1997,10,Chennai nungambakkam,47.9,Chennai
1997-10-18,1997,10,Chennai port trust,41.2,Chennai
1997-10-21,1997,10,Chennai nungambakkam,0.2,Chennai
1997-10-22,1997,10,Chennai nungambakkam,31.2,Chennai
1997-10-22,1997,10,Chennai port trust,20.5,Chennai
1997-10-23,1997,10,Chennai nungambakkam,9.2,Chennai
1997-10-23,1997,10,Chennai port trust,5.0,Chennai
1997-10-27,1997,10,Chennai port trust,83.0,Chennai
1997-10-27,1997,10,Chennai nungambakkam,39.7,Chennai
1997-10-28,1997,10,Chennai nungambakkam,4.7,Chennai
1997-10-28,1997,10,Chennai port trust,0.5,Chennai
1997-10-29,1997,10,Chennai nungambakkam,3.7,Chennai
1997-10-29,1997,10,Chennai port trust,2.5,Chennai
1997-10-30,1997,10,Chennai nungambakkam,55.8,Chennai
1997-10-30,1997,10,Chennai port trust,53.5,Chennai
1997-10-31,1997,10,Chennai port trust,42.3,Chennai
1997-10-31,1997,10,Chennai nungambakkam,27.1,Chennai
1997-11-01,1997,11,Chennai port trust,0.5,Chennai
1997-11-02,1997,11,Chennai nungambakkam,18.6,Chennai
1997-11-02,1997,11,Chennai port trust,17.2,Chennai
1997-11-03,1997,11,Chennai port trust,77.0,Chennai
1997-11-03,1997,11,Chennai nungambakkam,56.2,Chennai
1997-11-04,1997,11,Chennai port trust,44.5,Chennai
1997-11-04,1997,11,Chennai nungambakkam,42.7,Chennai
1997-11-05,1997,11,Chennai nungambakkam,34.7,Chennai
1997-11-05,1997,11,Chennai port trust,29.3,Chennai
1997-11-06,1997,11,Chennai nungambakkam,1.7,Chennai
1997-11-07,1997,11,Chennai nungambakkam,162.1,Chennai
1997-11-07,1997,11,Chennai port trust,145.0,Chennai
1997-11-08,1997,11,Chennai nungambakkam,45.7,Chennai
1997-11-08,1997,11,Chennai port trust,40.2,Chennai
1997-11-11,1997,11,Chennai nungambakkam,20.1,Chennai
1997-11-11,1997,11,Chennai port trust,4.0,Chennai
1997-11-15,1997,11,Chennai port trust,36.0,Chennai
1997-11-15,1997,11,Chennai nungambakkam,32.3,Chennai
1997-11-16,1997,11,Chennai nungambakkam,49.6,Chennai
1997-11-16,1997,11,Chennai port trust,45.0,Chennai
1997-11-17,1997,11,Chennai port trust,45.0,Chennai
1997-11-17,1997,11,Chennai nungambakkam,39.9,Chennai
1997-11-18,1997,11,Chennai nungambakkam,34.7,Chennai
1997-11-18,1997,11,Chennai port trust,31.0,Chennai
1997-11-19,1997,11,Chennai nungambakkam,16.7,Chennai
1997-11-19,1997,11,Chennai port trust,14.2,Chennai
1997-11-20,1997,11,Chennai port trust,2.8,Chennai
1997-11-20,1997,11,Chennai nungambakkam,1.9,Chennai
1997-11-21,1997,11,Chennai nungambakkam,6.3,Chennai
1997-11-21,1997,11,Chennai port trust,4.8,Chennai
1997-11-22,1997,11,Chennai nungambakkam,3.1,Chennai
1997-11-22,1997,11,Chennai port trust,3.0,Chennai
1997-11-23,1997,11,Chennai nungambakkam,30.0,Chennai
1997-11-23,1997,11,Chennai port trust,16.5,Chennai
1997-11-24,1997,11,Chennai nungambakkam,22.3,Chennai
1997-11-24,1997,11,Chennai port trust,19.2,Chennai
1997-11-25,1997,11,Chennai port trust,32.2,Chennai
1997-11-25,1997,11,Chennai nungambakkam,31.5,Chennai
1997-11-26,1997,11,Chennai port trust,1.2,Chennai
1997-11-26,1997,11,Chennai nungambakkam,0.8,Chennai
1997-11-27,1997,11,Chennai port trust,139.0,Chennai
1997-11-27,1997,11,Chennai nungambakkam,119.0,Chennai
1997-11-28,1997,11,Chennai port trust,59.2,Chennai
1997-11-28,1997,11,Chennai nungambakkam,59.2,Chennai
1997-11-29,1997,11,Chennai nungambakkam,2.6,Chennai
1997-11-29,1997,11,Chennai port trust,2.3,Chennai
1997-11-30,1997,11,Chennai nungambakkam,0.2,Chennai
1997-12-05,1997,12,MYLAPORE-TRIPLICANE TALUK,42.1,Chennai
1997-12-05,1997,12,Chennai nungambakkam,42.1,Chennai
1997-12-06,1997,12,MYLAPORE-TRIPLICANE TALUK,79.0,Chennai
1997-12-06,1997,12,Chennai nungambakkam,79.0,Chennai
1997-12-06,1997,12,Chennai port trust,3.0,Chennai
1997-12-07,1997,12,MYLAPORE-TRIPLICANE TALUK,80.6,Chennai
1997-12-07,1997,12,Chennai nungambakkam,80.6,Chennai
1997-12-07,1997,12,Chennai port trust,53.6,Chennai
1997-12-08,1997,12,MYLAPORE-TRIPLICANE TALUK,60.0,Chennai
1997-12-08,1997,12,Chennai nungambakkam,60.0,Chennai
1997-12-08,1997,12,Chennai port trust,29.0,Chennai
1997-12-09,1997,12,Chennai port trust,72.3,Chennai
1997-12-09,1997,12,MYLAPORE-TRIPLICANE TALUK,49.3,Chennai
1997-12-09,1997,12,Chennai nungambakkam,49.3,Chennai
1997-12-10,1997,12,MYLAPORE-TRIPLICANE TALUK,5.8,Chennai
1997-12-10,1997,12,Chennai nungambakkam,5.8,Chennai
1997-12-10,1997,12,Chennai port trust,2.0,Chennai
1997-12-11,1997,12,Chennai port trust,123.2,Chennai
1997-12-11,1997,12,MYLAPORE-TRIPLICANE TALUK,8.4,Chennai
1997-12-11,1997,12,Chennai nungambakkam,8.4,Chennai
1997-12-12,1997,12,MYLAPORE-TRIPLICANE TALUK,18.3,Chennai
1997-12-12,1997,12,Chennai nungambakkam,18.3,Chennai
1997-12-12,1997,12,Chennai port trust,17.4,Chennai
1997-12-13,1997,12,Chennai port trust,23.0,Chennai
1997-12-13,1997,12,MYLAPORE-TRIPLICANE TALUK,8.3,Chennai
1997-12-13,1997,12,Chennai nungambakkam,8.3,Chennai
1997-12-14,1997,12,Chennai port trust,46.0,Chennai
1997-12-15,1997,12,Chennai port trust,70.0,Chennai
1997-12-15,1997,12,MYLAPORE-TRIPLICANE TALUK,40.2,Chennai
1997-12-15,1997,12,Chennai nungambakkam,40.2,Chennai
1997-12-16,1997,12,Chennai port trust,17.0,Chennai
1997-12-16,1997,12,MYLAPORE-TRIPLICANE TALUK,3.5,Chennai
1997-12-16,1997,12,Chennai nungambakkam,3.5,Chennai
1997-12-17,1997,12,Chennai port trust,0.3,Chennai
1997-12-18,1997,12,MYLAPORE-TRIPLICANE TALUK,9.8,Chennai
1997-12-18,1997,12,Chennai nungambakkam,9.8,Chennai
1997-12-19,1997,12,MYLAPORE-TRIPLICANE TALUK,1.9,Chennai
1997-12-19,1997,12,Chennai nungambakkam,1.9,Chennai
1997-12-20,1997,12,MYLAPORE-TRIPLICANE TALUK,35.5,Chennai
1997-12-20,1997,12,Chennai nungambakkam,35.5,Chennai
1997-12-30,1997,12,Chennai port trust,2.0,Chennai
1998-01-02,1998,1,Chennai nungambakkam,3.5,Chennai
1998-01-02,1998,1,Chennai port trust,1.3,Chennai
1998-01-30,1998,1,Chennai port trust,0.8,Chennai
1998-03-10,1998,3,Chennai nungambakkam,3.8,Chennai
1998-03-10,1998,3,Chennai port trust,0.7,Chennai
1998-04-26,1998,4,Chennai nungambakkam,16.7,Chennai
1998-04-26,1998,4,Chennai port trust,12.0,Chennai
1998-04-30,1998,4,Chennai port trust,0.6,Chennai
1998-04-30,1998,4,Chennai nungambakkam,0.6,Chennai
1998-05-12,1998,5,Chennai nungambakkam,0.4,Chennai
1998-05-15,1998,5,Chennai nungambakkam,1.0,Chennai
1998-05-16,1998,5,Chennai port trust,8.5,Chennai
1998-05-16,1998,5,Chennai nungambakkam,7.3,Chennai
1998-05-17,1998,5,Chennai nungambakkam,11.2,Chennai
1998-05-17,1998,5,Chennai port trust,9.0,Chennai
1998-06-10,1998,6,Chennai port trust,7.5,Chennai
1998-06-14,1998,6,Chennai port trust,8.0,Chennai
1998-06-18,1998,6,Chennai port trust,12.0,Chennai
1998-06-21,1998,6,Chennai port trust,3.8,Chennai
1998-06-28,1998,6,Chennai port trust,0.4,Chennai
1998-06-30,1998,6,Chennai port trust,2.5,Chennai
1998-07-01,1998,7,Chennai nungambakkam,3.0,Chennai
1998-07-01,1998,7,Chennai port trust,2.5,Chennai
1998-07-06,1998,7,Chennai nungambakkam,46.6,Chennai
1998-07-06,1998,7,Chennai port trust,45.0,Chennai
1998-07-07,1998,7,Chennai nungambakkam,0.4,Chennai
1998-07-10,1998,7,Chennai nungambakkam,8.8,Chennai
1998-07-10,1998,7,Chennai port trust,8.4,Chennai
1998-07-12,1998,7,Chennai nungambakkam,0.1,Chennai
1998-07-19,1998,7,Chennai port trust,18.0,Chennai
1998-07-19,1998,7,Chennai nungambakkam,12.1,Chennai
1998-07-20,1998,7,Chennai nungambakkam,0.9,Chennai
1998-07-22,1998,7,Chennai port trust,2.0,Chennai
1998-07-22,1998,7,Chennai nungambakkam,0.9,Chennai
1998-07-26,1998,7,Chennai port trust,38.0,Chennai
1998-07-26,1998,7,Chennai nungambakkam,4.9,Chennai
1998-07-27,1998,7,Chennai port trust,6.3,Chennai
1998-07-27,1998,7,Chennai nungambakkam,5.0,Chennai
1998-07-28,1998,7,Chennai nungambakkam,7.2,Chennai
1998-07-28,1998,7,Chennai port trust,6.5,Chennai
1998-07-30,1998,7,Chennai nungambakkam,0.5,Chennai
1998-08-01,1998,8,Chennai port trust,9.0,Chennai
1998-08-01,1998,8,Chennai nungambakkam,7.9,Chennai
1998-08-02,1998,8,Chennai nungambakkam,0.1,Chennai
1998-08-03,1998,8,Chennai nungambakkam,0.4,Chennai
1998-08-05,1998,8,Chennai nungambakkam,18.7,Chennai
1998-08-05,1998,8,Chennai port trust,15.4,Chennai
1998-08-06,1998,8,Chennai port trust,6.0,Chennai
1998-08-06,1998,8,Chennai nungambakkam,5.8,Chennai
1998-08-07,1998,8,Chennai nungambakkam,1.1,Chennai
1998-08-08,1998,8,Chennai port trust,23.6,Chennai
1998-08-08,1998,8,Chennai nungambakkam,22.7,Chennai
1998-08-09,1998,8,Chennai nungambakkam,0.5,Chennai
1998-08-10,1998,8,Chennai nungambakkam,7.0,Chennai
1998-08-10,1998,8,Chennai port trust,5.2,Chennai
1998-08-14,1998,8,Chennai port trust,1.0,Chennai
1998-08-14,1998,8,Chennai nungambakkam,0.7,Chennai
1998-08-16,1998,8,Chennai nungambakkam,30.7,Chennai
1998-08-16,1998,8,Chennai port trust,25.3,Chennai
1998-08-17,1998,8,Chennai nungambakkam,0.1,Chennai
1998-08-19,1998,8,Chennai port trust,3.2,Chennai
1998-08-19,1998,8,Chennai nungambakkam,0.6,Chennai
1998-08-21,1998,8,Chennai port trust,4.8,Chennai
1998-08-21,1998,8,Chennai nungambakkam,3.9,Chennai
1998-08-22,1998,8,Chennai nungambakkam,5.5,Chennai
1998-08-22,1998,8,Chennai port trust,5.2,Chennai
1998-08-23,1998,8,Chennai nungambakkam,4.2,Chennai
1998-08-23,1998,8,Chennai port trust,4.1,Chennai
1998-08-24,1998,8,Chennai port trust,0.2,Chennai
1998-08-24,1998,8,Chennai nungambakkam,0.2,Chennai
1998-08-25,1998,8,Chennai nungambakkam,3.5,Chennai
1998-09-02,1998,9,Chennai port trust,10.8,Chennai
1998-09-02,1998,9,Chennai nungambakkam,6.0,Chennai
1998-09-03,1998,9,Chennai port trust,1.4,Chennai
1998-09-03,1998,9,Chennai nungambakkam,1.1,Chennai
1998-09-04,1998,9,Chennai port trust,1.5,Chennai
1998-09-04,1998,9,Chennai nungambakkam,1.1,Chennai
1998-09-05,1998,9,Chennai nungambakkam,5.0,Chennai
1998-09-05,1998,9,Chennai port trust,3.4,Chennai
1998-09-11,1998,9,Chennai port trust,2.0,Chennai
1998-09-11,1998,9,Chennai nungambakkam,0.8,Chennai
1998-09-17,1998,9,Chennai nungambakkam,8.6,Chennai
1998-09-17,1998,9,Chennai port trust,8.5,Chennai
1998-09-18,1998,9,Chennai port trust,5.0,Chennai
1998-09-18,1998,9,Chennai nungambakkam,2.9,Chennai
1998-09-24,1998,9,Chennai port trust,1.0,Chennai
1998-09-24,1998,9,Chennai nungambakkam,0.5,Chennai
1998-09-25,1998,9,Chennai nungambakkam,1.5,Chennai
1998-09-25,1998,9,Chennai port trust,1.3,Chennai
1998-09-26,1998,9,Chennai port trust,7.5,Chennai
1998-09-26,1998,9,Chennai nungambakkam,5.4,Chennai
1998-09-27,1998,9,Chennai nungambakkam,0.9,Chennai
1998-09-28,1998,9,Chennai nungambakkam,30.7,Chennai
1998-09-28,1998,9,Chennai port trust,20.4,Chennai
1998-09-30,1998,9,Chennai port trust,2.3,Chennai
1998-09-30,1998,9,Chennai nungambakkam,1.7,Chennai
1998-10-01,1998,10,Chennai port trust,3.0,Chennai
1998-10-01,1998,10,Chennai nungambakkam,2.0,Chennai
1998-10-02,1998,10,Chennai port trust,11.6,Chennai
1998-10-02,1998,10,Chennai nungambakkam,11.2,Chennai
1998-10-03,1998,10,Chennai nungambakkam,35.0,Chennai
1998-10-03,1998,10,Chennai port trust,15.6,Chennai
1998-10-04,1998,10,Chennai port trust,42.0,Chennai
1998-10-04,1998,10,Chennai nungambakkam,40.5,Chennai
1998-10-05,1998,10,Chennai port trust,10.0,Chennai
1998-10-05,1998,10,Chennai nungambakkam,5.2,Chennai
1998-10-06,1998,10,Chennai nungambakkam,0.3,Chennai
1998-10-07,1998,10,Chennai port trust,20.5,Chennai
1998-10-07,1998,10,Chennai nungambakkam,9.0,Chennai
1998-10-08,1998,10,Chennai port trust,1.0,Chennai
1998-10-08,1998,10,Chennai nungambakkam,0.1,Chennai
1998-10-10,1998,10,Chennai nungambakkam,9.2,Chennai
1998-10-10,1998,10,Chennai port trust,8.6,Chennai
1998-10-11,1998,10,Chennai port trust,9.0,Chennai
1998-10-11,1998,10,Chennai nungambakkam,4.8,Chennai
1998-10-12,1998,10,Chennai nungambakkam,5.0,Chennai
1998-10-12,1998,10,Chennai port trust,4.0,Chennai
1998-10-13,1998,10,Chennai port trust,10.1,Chennai
1998-10-13,1998,10,Chennai nungambakkam,10.1,Chennai
1998-10-14,1998,10,Chennai nungambakkam,2.0,Chennai
1998-10-14,1998,10,Chennai port trust,1.4,Chennai
1998-10-16,1998,10,Chennai nungambakkam,10.3,Chennai
1998-10-16,1998,10,Chennai port trust,9.5,Chennai
1998-10-23,1998,10,Chennai port trust,26.5,Chennai
1998-10-23,1998,10,Chennai nungambakkam,24.0,Chennai
1998-10-27,1998,10,Chennai nungambakkam,0.3,Chennai
1998-10-28,1998,10,Chennai port trust,8.7,Chennai
1998-10-28,1998,10,Chennai nungambakkam,7.1,Chennai
1998-10-29,1998,10,Chennai nungambakkam,11.0,Chennai
1998-10-29,1998,10,Chennai port trust,9.8,Chennai
1998-10-30,1998,10,Chennai port trust,0.3,Chennai
1998-11-02,1998,11,Chennai nungambakkam,40.0,Chennai
1998-11-02,1998,11,Chennai port trust,28.7,Chennai
1998-11-03,1998,11,Chennai nungambakkam,65.5,Chennai
1998-11-03,1998,11,Chennai port trust,53.5,Chennai
1998-11-04,1998,11,Chennai nungambakkam,32.3,Chennai
1998-11-04,1998,11,Chennai port trust,30.5,Chennai
1998-11-05,1998,11,Chennai nungambakkam,29.2,Chennai
1998-11-05,1998,11,Chennai port trust,28.0,Chennai
1998-11-06,1998,11,Chennai nungambakkam,66.7,Chennai
1998-11-06,1998,11,Chennai port trust,54.0,Chennai
1998-11-07,1998,11,Chennai nungambakkam,36.1,Chennai
1998-11-07,1998,11,Chennai port trust,29.0,Chennai
1998-11-08,1998,11,Chennai nungambakkam,21.1,Chennai
1998-11-08,1998,11,Chennai port trust,16.5,Chennai
1998-11-09,1998,11,Chennai nungambakkam,36.8,Chennai
1998-11-09,1998,11,Chennai port trust,31.5,Chennai
1998-11-10,1998,11,Chennai port trust,8.5,Chennai
1998-11-10,1998,11,Chennai nungambakkam,7.9,Chennai
1998-11-13,1998,11,Chennai nungambakkam,2.3,Chennai
1998-11-14,1998,11,Chennai port trust,13.3,Chennai
1998-11-14,1998,11,Chennai nungambakkam,4.7,Chennai
1998-11-17,1998,11,Ambathur,20.0,Chennai
1998-11-17,1998,11,Gov hr sec school MGR Nagar,14.0,Chennai
1998-11-17,1998,11,Ayanavaram taluk office,12.0,Chennai
1998-11-17,1998,11,Perambur Corporation park,10.2,Chennai
1998-11-17,1998,11,DGP Office,8.6,Chennai
1998-11-17,1998,11,Chennai nungambakkam,4.4,Chennai
1998-11-17,1998,11,Sholinganallur,4.2,Chennai
1998-11-17,1998,11,Anna university,2.6,Chennai
1998-11-17,1998,11,Alandur,1.3,Chennai
1998-11-17,1998,11,Chennai collectorate building,0.4,Chennai
1998-11-19,1998,11,Chennai nungambakkam,2.3,Chennai
1998-11-19,1998,11,Chennai port trust,1.5,Chennai
1998-11-20,1998,11,Chennai nungambakkam,0.2,Chennai
1998-11-21,1998,11,Chennai port trust,4.3,Chennai
1998-11-21,1998,11,Chennai nungambakkam,2.8,Chennai
1998-11-28,1998,11,Chennai nungambakkam,4.7,Chennai
1998-11-28,1998,11,Chennai port trust,4.3,Chennai
1998-11-30,1998,11,Chennai nungambakkam,0.5,Chennai
1998-12-01,1998,12,Chennai nungambakkam,4.8,Chennai
1998-12-01,1998,12,Chennai port trust,1.8,Chennai
1998-12-04,1998,12,Chennai nungambakkam,15.0,Chennai
1998-12-04,1998,12,Chennai port trust,13.6,Chennai
1998-12-05,1998,12,Chennai port trust,1.0,Chennai
1998-12-05,1998,12,Chennai nungambakkam,0.2,Chennai
1998-12-09,1998,12,Chennai port trust,2.7,Chennai
1998-12-09,1998,12,Chennai nungambakkam,2.2,Chennai
1998-12-10,1998,12,Chennai port trust,106.4,Chennai
1998-12-10,1998,12,Chennai nungambakkam,102.3,Chennai
1998-12-11,1998,12,Chennai port trust,44.0,Chennai
1998-12-11,1998,12,Chennai nungambakkam,38.6,Chennai
1998-12-12,1998,12,Chennai port trust,25.7,Chennai
1998-12-12,1998,12,Chennai nungambakkam,17.6,Chennai
1999-01-14,1999,1,Chennai nungambakkam,7.8,Chennai
1999-01-14,1999,1,Chennai port trust,4.8,Chennai
1999-01-15,1999,1,Chennai nungambakkam,1.8,Chennai
1999-02-05,1999,2,Chennai nungambakkam,0.2,Chennai
1999-04-22,1999,4,Chennai nungambakkam,14.0,Chennai
1999-04-22,1999,4,Chennai port trust,2.0,Chennai
1999-04-23,1999,4,Chennai nungambakkam,2.9,Chennai
1999-04-23,1999,4,Chennai port trust,2.2,Chennai
1999-05-15,1999,5,Chennai nungambakkam,7.4,Chennai
1999-05-15,1999,5,Chennai port trust,1.8,Chennai
1999-05-22,1999,5,Chennai nungambakkam,3.2,Chennai
1999-05-22,1999,5,Chennai port trust,2.6,Chennai
1999-05-24,1999,5,Chennai port trust,2.0,Chennai
1999-05-24,1999,5,Chennai nungambakkam,1.5,Chennai
1999-06-01,1999,6,Chennai nungambakkam,50.2,Chennai
1999-06-01,1999,6,Chennai port trust,25.3,Chennai
1999-06-02,1999,6,Chennai nungambakkam,0.1,Chennai
1999-06-03,1999,6,Chennai port trust,1.0,Chennai
1999-06-03,1999,6,Chennai nungambakkam,0.8,Chennai
1999-06-04,1999,6,Chennai port trust,21.5,Chennai
1999-06-04,1999,6,Chennai nungambakkam,18.3,Chennai
1999-06-05,1999,6,Chennai nungambakkam,3.6,Chennai
1999-06-11,1999,6,Chennai nungambakkam,36.9,Chennai
1999-06-11,1999,6,Chennai port trust,28.4,Chennai
1999-06-14,1999,6,Chennai nungambakkam,4.0,Chennai
1999-06-14,1999,6,Chennai port trust,2.0,Chennai
1999-06-16,1999,6,Chennai port trust,3.0,Chennai
1999-06-16,1999,6,Chennai nungambakkam,2.2,Chennai
1999-06-18,1999,6,Chennai port trust,3.5,Chennai
1999-06-18,1999,6,Chennai nungambakkam,1.7,Chennai
1999-07-02,1999,7,Chennai nungambakkam,55.0,Chennai
1999-07-02,1999,7,Chennai port trust,34.0,Chennai
1999-07-08,1999,7,Chennai port trust,20.7,Chennai
1999-07-08,1999,7,Chennai nungambakkam,14.8,Chennai
1999-07-11,1999,7,Chennai port trust,12.0,Chennai
1999-07-11,1999,7,Chennai nungambakkam,10.7,Chennai
1999-07-12,1999,7,Chennai nungambakkam,2.9,Chennai
1999-07-12,1999,7,Chennai port trust,1.5,Chennai
1999-07-14,1999,7,Chennai nungambakkam,2.6,Chennai
1999-07-14,1999,7,Chennai port trust,2.0,Chennai
1999-07-15,1999,7,Chennai nungambakkam,0.4,Chennai
1999-07-20,1999,7,Chennai nungambakkam,0.1,Chennai
1999-07-24,1999,7,Chennai nungambakkam,13.1,Chennai
1999-07-24,1999,7,Chennai port trust,5.1,Chennai
1999-07-29,1999,7,Chennai nungambakkam,0.5,Chennai
1999-08-02,1999,8,Chennai port trust,1.8,Chennai
1999-08-02,1999,8,Chennai nungambakkam,0.8,Chennai
1999-08-03,1999,8,Chennai nungambakkam,0.2,Chennai
1999-08-07,1999,8,Chennai nungambakkam,0.8,Chennai
1999-08-09,1999,8,Chennai nungambakkam,0.7,Chennai
1999-08-12,1999,8,Chennai port trust,39.0,Chennai
1999-08-12,1999,8,Chennai nungambakkam,37.6,Chennai
1999-08-17,1999,8,Chennai port trust,3.1,Chennai
1999-08-17,1999,8,Chennai nungambakkam,1.4,Chennai
1999-08-21,1999,8,Chennai port trust,53.0,Chennai
1999-08-21,1999,8,Chennai nungambakkam,48.6,Chennai
1999-08-24,1999,8,Chennai port trust,3.5,Chennai
1999-08-24,1999,8,Chennai nungambakkam,0.4,Chennai
1999-08-25,1999,8,Chennai nungambakkam,61.7,Chennai
1999-08-25,1999,8,Chennai port trust,60.5,Chennai
1999-08-26,1999,8,Chennai port trust,2.0,Chennai
1999-08-26,1999,8,Chennai nungambakkam,1.9,Chennai
1999-08-27,1999,8,Chennai nungambakkam,8.6,Chennai
1999-08-27,1999,8,Chennai port trust,3.0,Chennai
1999-08-29,1999,8,Chennai nungambakkam,26.2,Chennai
1999-08-29,1999,8,Chennai port trust,2.1,Chennai
1999-08-30,1999,8,Chennai nungambakkam,0.2,Chennai
1999-09-05,1999,9,Chennai nungambakkam,0.5,Chennai
1999-09-07,1999,9,Chennai nungambakkam,25.8,Chennai
1999-09-07,1999,9,Chennai port trust,18.5,Chennai
1999-09-08,1999,9,Chennai nungambakkam,2.2,Chennai
1999-09-08,1999,9,Chennai port trust,2.0,Chennai
1999-09-11,1999,9,Chennai port trust,7.0,Chennai
1999-09-11,1999,9,Chennai nungambakkam,2.6,Chennai
1999-09-13,1999,9,Chennai nungambakkam,1.6,Chennai
1999-09-16,1999,9,Chennai nungambakkam,7.6,Chennai
1999-09-16,1999,9,Chennai port trust,3.2,Chennai
1999-09-18,1999,9,Chennai nungambakkam,22.5,Chennai
1999-09-18,1999,9,Chennai port trust,20.0,Chennai
1999-09-28,1999,9,Chennai nungambakkam,95.4,Chennai
1999-09-28,1999,9,Chennai port trust,80.0,Chennai
1999-09-29,1999,9,Chennai port trust,28.5,Chennai
1999-09-29,1999,9,Chennai nungambakkam,10.9,Chennai
1999-09-30,1999,9,Chennai nungambakkam,6.0,Chennai
1999-10-04,1999,10,Chennai port trust,27.0,Chennai
1999-10-04,1999,10,Chennai nungambakkam,21.7,Chennai
1999-10-05,1999,10,Chennai port trust,36.0,Chennai
1999-10-05,1999,10,Chennai nungambakkam,34.0,Chennai
1999-10-06,1999,10,Chennai nungambakkam,120.3,Chennai
1999-10-06,1999,10,Chennai port trust,88.0,Chennai
1999-10-07,1999,10,Chennai port trust,37.8,Chennai
1999-10-07,1999,10,Chennai nungambakkam,12.4,Chennai
1999-10-08,1999,10,Chennai nungambakkam,12.0,Chennai
1999-10-08,1999,10,Chennai port trust,9.0,Chennai
1999-10-09,1999,10,Chennai port trust,8.0,Chennai
1999-10-09,1999,10,Chennai nungambakkam,3.1,Chennai
1999-10-10,1999,10,Chennai nungambakkam,3.8,Chennai
1999-10-14,1999,10,Chennai port trust,8.2,Chennai
1999-10-14,1999,10,Chennai nungambakkam,3.0,Chennai
1999-10-15,1999,10,Chennai port trust,42.0,Chennai
1999-10-15,1999,10,Chennai nungambakkam,39.4,Chennai
1999-10-16,1999,10,Chennai port trust,12.0,Chennai
1999-10-16,1999,10,Chennai nungambakkam,6.7,Chennai
1999-10-17,1999,10,Chennai nungambakkam,4.9,Chennai
1999-10-19,1999,10,Chennai nungambakkam,0.1,Chennai
1999-10-22,1999,10,Chennai port trust,7.0,Chennai
1999-10-22,1999,10,Chennai nungambakkam,2.3,Chennai
1999-10-23,1999,10,Chennai port trust,15.0,Chennai
1999-10-23,1999,10,Chennai nungambakkam,13.4,Chennai
1999-10-24,1999,10,Chennai nungambakkam,1.9,Chennai
1999-10-25,1999,10,Chennai port trust,35.0,Chennai
1999-10-25,1999,10,Chennai nungambakkam,26.0,Chennai
1999-10-26,1999,10,Chennai nungambakkam,4.8,Chennai
1999-10-27,1999,10,Chennai nungambakkam,1.4,Chennai
1999-11-06,1999,11,Chennai nungambakkam,1.0,Chennai
1999-11-19,1999,11,Chennai nungambakkam,44.1,Chennai
1999-11-19,1999,11,Chennai port trust,3.5,Chennai
1999-11-20,1999,11,Chennai port trust,16.0,Chennai
1999-11-20,1999,11,Chennai nungambakkam,14.9,Chennai
1999-11-21,1999,11,Chennai port trust,38.0,Chennai
1999-11-21,1999,11,Chennai nungambakkam,29.6,Chennai
1999-11-22,1999,11,Chennai port trust,16.0,Chennai
1999-11-22,1999,11,Chennai nungambakkam,13.5,Chennai
1999-11-23,1999,11,Chennai port trust,30.0,Chennai
1999-11-23,1999,11,Chennai nungambakkam,11.3,Chennai
1999-11-24,1999,11,Chennai nungambakkam,3.2,Chennai
1999-11-28,1999,11,Chennai nungambakkam,6.9,Chennai
1999-11-28,1999,11,Chennai port trust,5.0,Chennai
1999-11-29,1999,11,Chennai nungambakkam,37.1,Chennai
1999-11-29,1999,11,Chennai port trust,28.0,Chennai
1999-11-30,1999,11,Chennai nungambakkam,7.0,Chennai
1999-11-30,1999,11,Chennai port trust,2.5,Chennai
1999-12-13,1999,12,Chennai nungambakkam,0.8,Chennai
1999-12-14,1999,12,Chennai nungambakkam,2.4,Chennai
1999-12-14,1999,12,Chennai port trust,2.0,Chennai
1999-12-21,1999,12,Chennai port trust,2.0,Chennai
1999-12-21,1999,12,Chennai nungambakkam,1.5,Chennai
1999-12-22,1999,12,Chennai nungambakkam,35.4,Chennai
1999-12-22,1999,12,Chennai port trust,33.5,Chennai
1999-12-23,1999,12,Chennai port trust,6.5,Chennai
1999-12-23,1999,12,Chennai nungambakkam,6.5,Chennai
1999-12-24,1999,12,Chennai port trust,1.0,Chennai
1999-12-24,1999,12,Chennai nungambakkam,0.9,Chennai
1999-12-25,1999,12,Chennai nungambakkam,1.1,Chennai
1999-12-25,1999,12,Chennai port trust,1.0,Chennai
1999-12-27,1999,12,Chennai port trust,2.0,Chennai
1999-12-27,1999,12,Chennai nungambakkam,1.0,Chennai
1999-12-28,1999,12,Chennai nungambakkam,0.1,Chennai
1999-12-29,1999,12,Chennai nungambakkam,0.6,Chennai
1999-12-31,1999,12,Chennai nungambakkam,0.1,Chennai
2000-02-24,2000,2,Chennai nungambakkam,133.4,Chennai
2000-02-24,2000,2,Sholinganallur,133.4,Chennai
2000-02-24,2000,2,Chennai port trust,108.5,Chennai
2000-02-24,2000,2,MYLAPORE-TRIPLICANE TALUK,108.5,Chennai
2000-02-25,2000,2,Chennai nungambakkam,33.5,Chennai
2000-02-25,2000,2,Sholinganallur,33.5,Chennai
2000-02-25,2000,2,Chennai port trust,30.2,Chennai
2000-02-25,2000,2,MYLAPORE-TRIPLICANE TALUK,30.2,Chennai
2000-02-26,2000,2,Chennai nungambakkam,0.4,Chennai
2000-02-26,2000,2,Sholinganallur,0.4,Chennai
2000-02-27,2000,2,Chennai nungambakkam,38.3,Chennai
2000-02-27,2000,2,Sholinganallur,38.3,Chennai
2000-02-27,2000,2,Chennai port trust,27.0,Chennai
2000-02-27,2000,2,MYLAPORE-TRIPLICANE TALUK,27.0,Chennai
2000-02-28,2000,2,Chennai nungambakkam,7.2,Chennai
2000-02-28,2000,2,Sholinganallur,7.2,Chennai
2000-02-28,2000,2,Chennai port trust,3.0,Chennai
2000-02-28,2000,2,MYLAPORE-TRIPLICANE TALUK,3.0,Chennai
2000-04-01,2000,4,Chennai nungambakkam,19.2,Chennai
2000-04-01,2000,4,Sholinganallur,19.2,Chennai
2000-04-01,2000,4,Chennai port trust,12.0,Chennai
2000-04-01,2000,4,MYLAPORE-TRIPLICANE TALUK,12.0,Chennai
2000-04-02,2000,4,Chennai nungambakkam,0.5,Chennai
2000-04-02,2000,4,Sholinganallur,0.5,Chennai
2000-04-25,2000,4,Chennai nungambakkam,0.1,Chennai
2000-04-25,2000,4,Sholinganallur,0.1,Chennai
2000-05-03,2000,5,Chennai port trust,1.0,Chennai
2000-05-03,2000,5,MYLAPORE-TRIPLICANE TALUK,1.0,Chennai
2000-05-04,2000,5,Chennai nungambakkam,3.4,Chennai
2000-05-04,2000,5,Sholinganallur,3.4,Chennai
2000-05-09,2000,5,Chennai nungambakkam,10.6,Chennai
2000-05-09,2000,5,Sholinganallur,10.6,Chennai
2000-05-09,2000,5,Chennai port trust,1.0,Chennai
2000-05-09,2000,5,MYLAPORE-TRIPLICANE TALUK,1.0,Chennai
2000-05-17,2000,5,Chennai nungambakkam,6.3,Chennai
2000-05-17,2000,5,Sholinganallur,6.3,Chennai
2000-05-17,2000,5,Chennai port trust,6.0,Chennai
2000-05-17,2000,5,MYLAPORE-TRIPLICANE TALUK,6.0,Chennai
2000-05-20,2000,5,Chennai port trust,2.0,Chennai
2000-05-20,2000,5,MYLAPORE-TRIPLICANE TALUK,2.0,Chennai
2000-05-20,2000,5,Chennai nungambakkam,0.9,Chennai
2000-05-20,2000,5,Sholinganallur,0.9,Chennai
2000-06-12,2000,6,Chennai nungambakkam,0.1,Chennai
2000-06-12,2000,6,Sholinganallur,0.1,Chennai
2000-06-13,2000,6,Chennai port trust,11.0,Chennai
2000-06-13,2000,6,MYLAPORE-TRIPLICANE TALUK,11.0,Chennai
2000-06-13,2000,6,Chennai nungambakkam,10.6,Chennai
2000-06-13,2000,6,Sholinganallur,10.6,Chennai
2000-06-14,2000,6,Chennai port trust,8.6,Chennai
2000-06-14,2000,6,MYLAPORE-TRIPLICANE TALUK,8.6,Chennai
2000-06-14,2000,6,Chennai nungambakkam,2.0,Chennai
2000-06-14,2000,6,Sholinganallur,2.0,Chennai
2000-06-20,2000,6,Chennai nungambakkam,8.3,Chennai
2000-06-20,2000,6,Sholinganallur,8.3,Chennai
2000-06-20,2000,6,Chennai port trust,4.5,Chennai
2000-06-20,2000,6,MYLAPORE-TRIPLICANE TALUK,4.5,Chennai
2000-06-22,2000,6,Chennai nungambakkam,3.0,Chennai
2000-06-22,2000,6,Sholinganallur,3.0,Chennai
2000-06-22,2000,6,Chennai port trust,2.5,Chennai
2000-06-22,2000,6,MYLAPORE-TRIPLICANE TALUK,2.5,Chennai
2000-06-23,2000,6,Chennai port trust,70.0,Chennai
2000-06-23,2000,6,MYLAPORE-TRIPLICANE TALUK,70.0,Chennai
2000-06-23,2000,6,Chennai nungambakkam,59.1,Chennai
2000-06-23,2000,6,Sholinganallur,59.1,Chennai
2000-06-28,2000,6,Chennai nungambakkam,2.4,Chennai
2000-06-28,2000,6,Sholinganallur,2.4,Chennai
2000-06-29,2000,6,Chennai port trust,2.8,Chennai
2000-06-29,2000,6,MYLAPORE-TRIPLICANE TALUK,2.8,Chennai
2000-06-29,2000,6,Chennai nungambakkam,0.6,Chennai
2000-06-29,2000,6,Sholinganallur,0.6,Chennai
2000-06-30,2000,6,Chennai nungambakkam,0.9,Chennai
2000-06-30,2000,6,Sholinganallur,0.9,Chennai
2000-07-03,2000,7,Chennai port trust,10.5,Chennai
2000-07-03,2000,7,MYLAPORE-TRIPLICANE TALUK,10.5,Chennai
2000-07-04,2000,7,Chennai port trust,19.0,Chennai
2000-07-04,2000,7,MYLAPORE-TRIPLICANE TALUK,19.0,Chennai
2000-07-05,2000,7,Chennai port trust,7.0,Chennai
2000-07-05,2000,7,MYLAPORE-TRIPLICANE TALUK,7.0,Chennai
2000-07-07,2000,7,Chennai port trust,1.0,Chennai
2000-07-07,2000,7,MYLAPORE-TRIPLICANE TALUK,1.0,Chennai
2000-07-12,2000,7,Chennai port trust,3.0,Chennai
2000-07-12,2000,7,MYLAPORE-TRIPLICANE TALUK,3.0,Chennai
2000-07-18,2000,7,Chennai port trust,1.2,Chennai
2000-07-18,2000,7,MYLAPORE-TRIPLICANE TALUK,1.2,Chennai
2000-07-20,2000,7,Chennai port trust,0.3,Chennai
2000-07-20,2000,7,MYLAPORE-TRIPLICANE TALUK,0.3,Chennai
2000-07-21,2000,7,Chennai port trust,0.7,Chennai
2000-07-21,2000,7,MYLAPORE-TRIPLICANE TALUK,0.7,Chennai
2000-07-25,2000,7,Chennai port trust,6.2,Chennai
2000-07-25,2000,7,MYLAPORE-TRIPLICANE TALUK,6.2,Chennai
2000-07-29,2000,7,Chennai port trust,21.5,Chennai
2000-07-29,2000,7,MYLAPORE-TRIPLICANE TALUK,21.5,Chennai
2000-08-07,2000,8,Chennai nungambakkam,7.0,Chennai
2000-08-07,2000,8,Sholinganallur,7.0,Chennai
2000-08-07,2000,8,Chennai port trust,5.0,Chennai
2000-08-07,2000,8,MYLAPORE-TRIPLICANE TALUK,5.0,Chennai
2000-08-08,2000,8,Chennai port trust,8.4,Chennai
2000-08-08,2000,8,MYLAPORE-TRIPLICANE TALUK,8.4,Chennai
2000-08-08,2000,8,Chennai nungambakkam,6.4,Chennai
2000-08-08,2000,8,Sholinganallur,6.4,Chennai
2000-08-10,2000,8,Chennai nungambakkam,6.2,Chennai
2000-08-10,2000,8,Sholinganallur,6.2,Chennai
2000-08-10,2000,8,Chennai port trust,4.0,Chennai
2000-08-10,2000,8,MYLAPORE-TRIPLICANE TALUK,4.0,Chennai
2000-08-14,2000,8,Chennai port trust,12.0,Chennai
2000-08-14,2000,8,MYLAPORE-TRIPLICANE TALUK,12.0,Chennai
2000-08-14,2000,8,Chennai nungambakkam,4.0,Chennai
2000-08-14,2000,8,Sholinganallur,4.0,Chennai
2000-08-15,2000,8,Chennai nungambakkam,2.2,Chennai
2000-08-15,2000,8,Sholinganallur,2.2,Chennai
2000-08-15,2000,8,Chennai port trust,1.0,Chennai
2000-08-15,2000,8,MYLAPORE-TRIPLICANE TALUK,1.0,Chennai
2000-08-17,2000,8,Chennai port trust,3.0,Chennai
2000-08-17,2000,8,MYLAPORE-TRIPLICANE TALUK,3.0,Chennai
2000-08-17,2000,8,Chennai nungambakkam,2.1,Chennai
2000-08-17,2000,8,Sholinganallur,2.1,Chennai
2000-08-18,2000,8,Chennai nungambakkam,8.8,Chennai
2000-08-18,2000,8,Sholinganallur,8.8,Chennai
2000-08-18,2000,8,Chennai port trust,8.0,Chennai
2000-08-18,2000,8,MYLAPORE-TRIPLICANE TALUK,8.0,Chennai
2000-08-19,2000,8,Chennai port trust,2.0,Chennai
2000-08-19,2000,8,MYLAPORE-TRIPLICANE TALUK,2.0,Chennai
2000-08-19,2000,8,Chennai nungambakkam,1.2,Chennai
2000-08-19,2000,8,Sholinganallur,1.2,Chennai
2000-08-21,2000,8,Chennai port trust,7.0,Chennai
2000-08-21,2000,8,MYLAPORE-TRIPLICANE TALUK,7.0,Chennai
2000-08-21,2000,8,Chennai nungambakkam,3.7,Chennai
2000-08-21,2000,8,Sholinganallur,3.7,Chennai
2000-08-22,2000,8,Chennai port trust,1.4,Chennai
2000-08-22,2000,8,MYLAPORE-TRIPLICANE TALUK,1.4,Chennai
2000-08-22,2000,8,Chennai nungambakkam,1.3,Chennai
2000-08-22,2000,8,Sholinganallur,1.3,Chennai
2000-08-23,2000,8,Chennai nungambakkam,7.4,Chennai
2000-08-23,2000,8,Sholinganallur,7.4,Chennai
2000-08-23,2000,8,Chennai port trust,7.3,Chennai
2000-08-23,2000,8,MYLAPORE-TRIPLICANE TALUK,7.3,Chennai
2000-08-27,2000,8,Chennai port trust,2.0,Chennai
2000-08-27,2000,8,MYLAPORE-TRIPLICANE TALUK,2.0,Chennai
2000-08-27,2000,8,Chennai nungambakkam,0.7,Chennai
2000-08-27,2000,8,Sholinganallur,0.7,Chennai
2000-08-28,2000,8,Chennai port trust,2.0,Chennai
2000-08-28,2000,8,MYLAPORE-TRIPLICANE TALUK,2.0,Chennai
2000-08-28,2000,8,Chennai nungambakkam,1.5,Chennai
2000-08-28,2000,8,Sholinganallur,1.5,Chennai
2000-08-29,2000,8,Chennai port trust,2.0,Chennai
2000-08-29,2000,8,MYLAPORE-TRIPLICANE TALUK,2.0,Chennai
2000-08-29,2000,8,Chennai nungambakkam,0.7,Chennai
2000-08-29,2000,8,Sholinganallur,0.7,Chennai
2000-08-30,2000,8,Chennai port trust,1.0,Chennai
2000-08-30,2000,8,MYLAPORE-TRIPLICANE TALUK,1.0,Chennai
2000-08-31,2000,8,Chennai nungambakkam,0.4,Chennai
2000-08-31,2000,8,Sholinganallur,0.4,Chennai
2000-09-01,2000,9,Chennai nungambakkam,0.9,Chennai
2000-09-01,2000,9,Sholinganallur,0.9,Chennai
2000-09-03,2000,9,Chennai port trust,15.0,Chennai
2000-09-03,2000,9,MYLAPORE-TRIPLICANE TALUK,15.0,Chennai
2000-09-03,2000,9,Chennai nungambakkam,12.9,Chennai
2000-09-03,2000,9,Sholinganallur,12.9,Chennai
2000-09-09,2000,9,Chennai nungambakkam,35.3,Chennai
2000-09-09,2000,9,Sholinganallur,35.3,Chennai
2000-09-09,2000,9,Chennai port trust,16.0,Chennai
2000-09-09,2000,9,MYLAPORE-TRIPLICANE TALUK,16.0,Chennai
2000-09-12,2000,9,Chennai nungambakkam,4.9,Chennai
2000-09-12,2000,9,Sholinganallur,4.9,Chennai
2000-09-16,2000,9,Chennai nungambakkam,25.4,Chennai
2000-09-16,2000,9,Sholinganallur,25.4,Chennai
2000-09-16,2000,9,Chennai port trust,9.5,Chennai
2000-09-16,2000,9,MYLAPORE-TRIPLICANE TALUK,9.5,Chennai
2000-09-18,2000,9,Chennai nungambakkam,3.2,Chennai
2000-09-18,2000,9,Sholinganallur,3.2,Chennai
2000-09-18,2000,9,Chennai port trust,1.0,Chennai
2000-09-18,2000,9,MYLAPORE-TRIPLICANE TALUK,1.0,Chennai
2000-09-21,2000,9,Chennai nungambakkam,0.4,Chennai
2000-09-21,2000,9,Sholinganallur,0.4,Chennai
2000-09-24,2000,9,Chennai nungambakkam,0.2,Chennai
2000-09-24,2000,9,Sholinganallur,0.2,Chennai
2000-09-25,2000,9,Chennai nungambakkam,1.4,Chennai
2000-09-25,2000,9,Sholinganallur,1.4,Chennai
2000-09-26,2000,9,Chennai nungambakkam,19.1,Chennai
2000-09-26,2000,9,Sholinganallur,19.1,Chennai
2000-09-26,2000,9,Chennai port trust,12.0,Chennai
2000-09-26,2000,9,MYLAPORE-TRIPLICANE TALUK,12.0,Chennai
2000-09-27,2000,9,Chennai port trust,15.0,Chennai
2000-09-27,2000,9,MYLAPORE-TRIPLICANE TALUK,15.0,Chennai
2000-09-27,2000,9,Chennai nungambakkam,9.0,Chennai
2000-09-27,2000,9,Sholinganallur,9.0,Chennai
2000-09-28,2000,9,Chennai nungambakkam,22.6,Chennai
2000-09-28,2000,9,Sholinganallur,22.6,Chennai
2000-09-28,2000,9,Chennai port trust,8.0,Chennai
2000-09-28,2000,9,MYLAPORE-TRIPLICANE TALUK,8.0,Chennai
2000-09-30,2000,9,Chennai nungambakkam,27.2,Chennai
2000-09-30,2000,9,Sholinganallur,27.2,Chennai
2000-09-30,2000,9,Chennai port trust,5.4,Chennai
2000-09-30,2000,9,MYLAPORE-TRIPLICANE TALUK,5.4,Chennai
2000-10-01,2000,10,Chennai nungambakkam,16.6,Chennai
2000-10-01,2000,10,Sholinganallur,16.6,Chennai
2000-10-01,2000,10,Chennai port trust,4.0,Chennai
2000-10-01,2000,10,MYLAPORE-TRIPLICANE TALUK,4.0,Chennai
2000-10-04,2000,10,Chennai nungambakkam,21.7,Chennai
2000-10-04,2000,10,Sholinganallur,21.7,Chennai
2000-10-04,2000,10,Chennai port trust,7.0,Chennai
2000-10-04,2000,10,MYLAPORE-TRIPLICANE TALUK,7.0,Chennai
2000-10-05,2000,10,Chennai port trust,42.0,Chennai
2000-10-05,2000,10,MYLAPORE-TRIPLICANE TALUK,42.0,Chennai
2000-10-05,2000,10,Chennai nungambakkam,38.3,Chennai
2000-10-05,2000,10,Sholinganallur,38.3,Chennai
2000-10-07,2000,10,Chennai nungambakkam,77.0,Chennai
2000-10-07,2000,10,Sholinganallur,77.0,Chennai
2000-10-07,2000,10,Chennai port trust,72.0,Chennai
2000-10-07,2000,10,MYLAPORE-TRIPLICANE TALUK,72.0,Chennai
2000-10-08,2000,10,Chennai port trust,3.0,Chennai
2000-10-08,2000,10,MYLAPORE-TRIPLICANE TALUK,3.0,Chennai
2000-10-08,2000,10,Chennai nungambakkam,1.6,Chennai
2000-10-08,2000,10,Sholinganallur,1.6,Chennai
2000-10-09,2000,10,Chennai nungambakkam,0.1,Chennai
2000-10-09,2000,10,Sholinganallur,0.1,Chennai
2000-10-17,2000,10,Chennai nungambakkam,3.6,Chennai
2000-10-17,2000,10,Sholinganallur,3.6,Chennai
2000-10-21,2000,10,Chennai port trust,5.0,Chennai
2000-10-21,2000,10,MYLAPORE-TRIPLICANE TALUK,5.0,Chennai
2000-10-21,2000,10,Chennai nungambakkam,3.9,Chennai
2000-10-21,2000,10,Sholinganallur,3.9,Chennai
2000-11-01,2000,11,Chennai nungambakkam,1.0,Chennai
2000-11-01,2000,11,Sholinganallur,1.0,Chennai
2000-11-03,2000,11,Chennai nungambakkam,20.1,Chennai
2000-11-03,2000,11,Sholinganallur,20.1,Chennai
2000-11-11,2000,11,Chennai port trust,21.5,Chennai
2000-11-11,2000,11,MYLAPORE-TRIPLICANE TALUK,21.5,Chennai
2000-11-11,2000,11,Chennai nungambakkam,19.3,Chennai
2000-11-11,2000,11,Sholinganallur,19.3,Chennai
2000-11-12,2000,11,Chennai port trust,5.5,Chennai
2000-11-12,2000,11,MYLAPORE-TRIPLICANE TALUK,5.5,Chennai
2000-11-12,2000,11,Chennai nungambakkam,3.7,Chennai
2000-11-12,2000,11,Sholinganallur,3.7,Chennai
2000-11-13,2000,11,Chennai port trust,4.0,Chennai
2000-11-13,2000,11,MYLAPORE-TRIPLICANE TALUK,4.0,Chennai
2000-11-13,2000,11,Chennai nungambakkam,2.6,Chennai
2000-11-13,2000,11,Sholinganallur,2.6,Chennai
2000-11-14,2000,11,Chennai port trust,2.8,Chennai
2000-11-14,2000,11,MYLAPORE-TRIPLICANE TALUK,2.8,Chennai
2000-11-14,2000,11,Chennai nungambakkam,1.6,Chennai
2000-11-14,2000,11,Sholinganallur,1.6,Chennai
2000-11-15,2000,11,Chennai port trust,2.0,Chennai
2000-11-15,2000,11,MYLAPORE-TRIPLICANE TALUK,2.0,Chennai
2000-11-15,2000,11,Chennai nungambakkam,1.3,Chennai
2000-11-15,2000,11,Sholinganallur,1.3,Chennai
2000-11-19,2000,11,Chennai nungambakkam,54.0,Chennai
2000-11-19,2000,11,Sholinganallur,54.0,Chennai
2000-11-19,2000,11,Chennai port trust,44.0,Chennai
2000-11-19,2000,11,MYLAPORE-TRIPLICANE TALUK,44.0,Chennai
2000-11-23,2000,11,Chennai nungambakkam,8.5,Chennai
2000-11-23,2000,11,Sholinganallur,8.5,Chennai
2000-11-23,2000,11,Chennai port trust,7.5,Chennai
2000-11-23,2000,11,MYLAPORE-TRIPLICANE TALUK,7.5,Chennai
2000-11-29,2000,11,Chennai nungambakkam,34.4,Chennai
2000-11-29,2000,11,Sholinganallur,34.4,Chennai
2000-11-29,2000,11,Chennai port trust,33.0,Chennai
2000-11-29,2000,11,MYLAPORE-TRIPLICANE TALUK,33.0,Chennai
2000-11-30,2000,11,Chennai nungambakkam,43.7,Chennai
2000-11-30,2000,11,Sholinganallur,43.7,Chennai
2000-11-30,2000,11,Chennai port trust,30.5,Chennai
2000-11-30,2000,11,MYLAPORE-TRIPLICANE TALUK,30.5,Chennai
2000-12-02,2000,12,Chennai nungambakkam,7.4,Chennai
2000-12-02,2000,12,Sholinganallur,7.4,Chennai
2000-12-03,2000,12,Chennai nungambakkam,14.6,Chennai
2000-12-03,2000,12,Sholinganallur,14.6,Chennai
2000-12-03,2000,12,Chennai port trust,4.0,Chennai
2000-12-03,2000,12,MYLAPORE-TRIPLICANE TALUK,4.0,Chennai
2000-12-04,2000,12,Chennai port trust,20.0,Chennai
2000-12-04,2000,12,MYLAPORE-TRIPLICANE TALUK,20.0,Chennai
2000-12-04,2000,12,Chennai nungambakkam,1.8,Chennai
2000-12-04,2000,12,Sholinganallur,1.8,Chennai
2000-12-05,2000,12,Chennai port trust,2.0,Chennai
2000-12-05,2000,12,MYLAPORE-TRIPLICANE TALUK,2.0,Chennai
2000-12-28,2000,12,Chennai nungambakkam,3.2,Chennai
2000-12-28,2000,12,Sholinganallur,3.2,Chennai
2000-12-29,2000,12,Chennai port trust,20.0,Chennai
2000-12-29,2000,12,MYLAPORE-TRIPLICANE TALUK,20.0,Chennai
2000-12-29,2000,12,Chennai nungambakkam,14.4,Chennai
2000-12-29,2000,12,Sholinganallur,14.4,Chennai
2000-12-30,2000,12,Chennai port trust,2.5,Chennai
2000-12-30,2000,12,MYLAPORE-TRIPLICANE TALUK,2.5,Chennai
2000-12-30,2000,12,Chennai nungambakkam,0.6,Chennai
2000-12-30,2000,12,Sholinganallur,0.6,Chennai
2000-12-31,2000,12,Chennai nungambakkam,0.3,Chennai
2000-12-31,2000,12,Sholinganallur,0.3,Chennai
2001-01-07,2001,1,Chennai nungambakkam,1.4,Chennai
2001-01-07,2001,1,Sholinganallur,1.4,Chennai
2001-04-11,2001,4,Sholinganallur,3.1,Chennai
2001-04-11,2001,4,Chennai nungambakkam,3.1,Chennai
2001-04-11,2001,4,MYLAPORE-TRIPLICANE TALUK,2.0,Chennai
2001-04-11,2001,4,Chennai port trust,2.0,Chennai
2001-04-12,2001,4,Sholinganallur,31.6,Chennai
2001-04-12,2001,4,Chennai nungambakkam,31.6,Chennai
2001-04-12,2001,4,MYLAPORE-TRIPLICANE TALUK,21.0,Chennai
2001-04-12,2001,4,Chennai port trust,21.0,Chennai
2001-04-13,2001,4,MYLAPORE-TRIPLICANE TALUK,21.0,Chennai
2001-04-13,2001,4,Chennai port trust,21.0,Chennai
2001-04-13,2001,4,Sholinganallur,18.4,Chennai
2001-04-13,2001,4,Chennai nungambakkam,18.4,Chennai
2001-04-14,2001,4,MYLAPORE-TRIPLICANE TALUK,23.0,Chennai
2001-04-14,2001,4,Chennai port trust,23.0,Chennai
2001-04-14,2001,4,Sholinganallur,15.1,Chennai
2001-04-14,2001,4,Chennai nungambakkam,15.1,Chennai
2001-04-15,2001,4,MYLAPORE-TRIPLICANE TALUK,11.0,Chennai
2001-04-15,2001,4,Chennai port trust,11.0,Chennai
2001-04-15,2001,4,Sholinganallur,1.0,Chennai
2001-04-15,2001,4,Chennai nungambakkam,1.0,Chennai
2001-04-18,2001,4,MYLAPORE-TRIPLICANE TALUK,2.0,Chennai
2001-04-18,2001,4,Chennai port trust,2.0,Chennai
2001-04-28,2001,4,Sholinganallur,3.2,Chennai
2001-04-28,2001,4,Chennai nungambakkam,3.2,Chennai
2001-05-21,2001,5,MYLAPORE-TRIPLICANE TALUK,7.5,Chennai
2001-05-21,2001,5,Chennai port trust,7.5,Chennai
2001-05-21,2001,5,Sholinganallur,6.9,Chennai
2001-05-21,2001,5,Chennai nungambakkam,6.9,Chennai
2001-05-22,2001,5,Sholinganallur,11.5,Chennai
2001-05-22,2001,5,Chennai nungambakkam,11.5,Chennai
2001-05-22,2001,5,MYLAPORE-TRIPLICANE TALUK,8.5,Chennai
2001-05-22,2001,5,Chennai port trust,8.5,Chennai
2001-05-24,2001,5,Sholinganallur,0.5,Chennai
2001-05-24,2001,5,Chennai nungambakkam,0.5,Chennai
2001-05-28,2001,5,Sholinganallur,0.7,Chennai
2001-05-28,2001,5,Chennai nungambakkam,0.7,Chennai
2001-06-03,2001,6,Sholinganallur,2.9,Chennai
2001-06-03,2001,6,Chennai nungambakkam,2.9,Chennai
2001-06-04,2001,6,MYLAPORE-TRIPLICANE TALUK,10.0,Chennai
2001-06-04,2001,6,Chennai port trust,10.0,Chennai
2001-06-04,2001,6,Sholinganallur,9.1,Chennai
2001-06-04,2001,6,Chennai nungambakkam,9.1,Chennai
2001-06-05,2001,6,Sholinganallur,5.9,Chennai
2001-06-05,2001,6,Chennai nungambakkam,5.9,Chennai
2001-06-05,2001,6,MYLAPORE-TRIPLICANE TALUK,4.0,Chennai
2001-06-05,2001,6,Chennai port trust,4.0,Chennai
2001-06-06,2001,6,Sholinganallur,0.4,Chennai
2001-06-06,2001,6,Chennai nungambakkam,0.4,Chennai
2001-06-19,2001,6,Sholinganallur,0.2,Chennai
2001-06-19,2001,6,Chennai nungambakkam,0.2,Chennai
2001-06-21,2001,6,MYLAPORE-TRIPLICANE TALUK,17.0,Chennai
2001-06-21,2001,6,Chennai port trust,17.0,Chennai
2001-06-22,2001,6,Sholinganallur,0.3,Chennai
2001-06-22,2001,6,Chennai nungambakkam,0.3,Chennai
2001-06-30,2001,6,Sholinganallur,1.2,Chennai
2001-06-30,2001,6,Chennai nungambakkam,1.2,Chennai
2001-07-01,2001,7,Sholinganallur,0.4,Chennai
2001-07-01,2001,7,Chennai nungambakkam,0.4,Chennai
2001-07-02,2001,7,Sholinganallur,1.7,Chennai
2001-07-02,2001,7,Chennai nungambakkam,1.7,Chennai
2001-07-04,2001,7,Sholinganallur,3.0,Chennai
2001-07-04,2001,7,Chennai nungambakkam,3.0,Chennai
2001-07-13,2001,7,Sholinganallur,14.6,Chennai
2001-07-13,2001,7,Chennai nungambakkam,14.6,Chennai
2001-07-13,2001,7,MYLAPORE-TRIPLICANE TALUK,12.0,Chennai
2001-07-13,2001,7,Chennai port trust,12.0,Chennai
2001-07-14,2001,7,Sholinganallur,28.4,Chennai
2001-07-14,2001,7,Chennai nungambakkam,28.4,Chennai
2001-07-14,2001,7,MYLAPORE-TRIPLICANE TALUK,19.0,Chennai
2001-07-14,2001,7,Chennai port trust,19.0,Chennai
2001-07-16,2001,7,MYLAPORE-TRIPLICANE TALUK,7.0,Chennai
2001-07-16,2001,7,Chennai port trust,7.0,Chennai
2001-07-16,2001,7,Sholinganallur,6.3,Chennai
2001-07-16,2001,7,Chennai nungambakkam,6.3,Chennai
2001-07-17,2001,7,MYLAPORE-TRIPLICANE TALUK,46.0,Chennai
2001-07-17,2001,7,Chennai port trust,46.0,Chennai
2001-07-17,2001,7,Sholinganallur,45.0,Chennai
2001-07-17,2001,7,Chennai nungambakkam,45.0,Chennai
2001-07-22,2001,7,Sholinganallur,0.5,Chennai
2001-07-22,2001,7,Chennai nungambakkam,0.5,Chennai
2001-07-24,2001,7,Sholinganallur,0.5,Chennai
2001-07-24,2001,7,Chennai nungambakkam,0.5,Chennai
2001-07-25,2001,7,Sholinganallur,74.5,Chennai
2001-07-25,2001,7,Chennai nungambakkam,74.5,Chennai
2001-07-25,2001,7,MYLAPORE-TRIPLICANE TALUK,39.0,Chennai
2001-07-25,2001,7,Chennai port trust,39.0,Chennai
2001-07-29,2001,7,MYLAPORE-TRIPLICANE TALUK,120.0,Chennai
2001-07-29,2001,7,Chennai port trust,120.0,Chennai
2001-07-29,2001,7,Sholinganallur,94.6,Chennai
2001-07-29,2001,7,Chennai nungambakkam,94.6,Chennai
2001-08-01,2001,8,Sholinganallur,0.8,Chennai
2001-08-01,2001,8,Chennai nungambakkam,0.8,Chennai
2001-08-05,2001,8,Sholinganallur,0.3,Chennai
2001-08-05,2001,8,Chennai nungambakkam,0.3,Chennai
2001-08-09,2001,8,Sholinganallur,0.5,Chennai
2001-08-09,2001,8,Chennai nungambakkam,0.5,Chennai
2001-08-11,2001,8,Sholinganallur,3.7,Chennai
2001-08-11,2001,8,Chennai nungambakkam,3.7,Chennai
2001-08-11,2001,8,MYLAPORE-TRIPLICANE TALUK,2.0,Chennai
2001-08-11,2001,8,Chennai port trust,2.0,Chennai
2001-08-14,2001,8,Sholinganallur,6.2,Chennai
2001-08-14,2001,8,Chennai nungambakkam,6.2,Chennai
2001-08-14,2001,8,MYLAPORE-TRIPLICANE TALUK,6.0,Chennai
2001-08-14,2001,8,Chennai port trust,6.0,Chennai
2001-08-17,2001,8,Sholinganallur,0.7,Chennai
2001-08-17,2001,8,Chennai nungambakkam,0.7,Chennai
2001-08-19,2001,8,Sholinganallur,3.4,Chennai
2001-08-19,2001,8,Chennai nungambakkam,3.4,Chennai
2001-08-22,2001,8,Sholinganallur,1.2,Chennai
2001-08-22,2001,8,Chennai nungambakkam,1.2,Chennai
2001-08-26,2001,8,MYLAPORE-TRIPLICANE TALUK,24.0,Chennai
2001-08-26,2001,8,Chennai port trust,24.0,Chennai
2001-08-26,2001,8,Sholinganallur,17.2,Chennai
2001-08-26,2001,8,Chennai nungambakkam,17.2,Chennai
2001-08-27,2001,8,MYLAPORE-TRIPLICANE TALUK,19.0,Chennai
2001-08-27,2001,8,Chennai port trust,19.0,Chennai
2001-08-27,2001,8,Sholinganallur,13.9,Chennai
2001-08-27,2001,8,Chennai nungambakkam,13.9,Chennai
2001-09-05,2001,9,MYLAPORE-TRIPLICANE TALUK,6.0,Chennai
2001-09-05,2001,9,Chennai port trust,6.0,Chennai
2001-09-10,2001,9,MYLAPORE-TRIPLICANE TALUK,4.0,Chennai
2001-09-10,2001,9,Chennai port trust,4.0,Chennai
2001-09-11,2001,9,Sholinganallur,54.1,Chennai
2001-09-11,2001,9,Chennai nungambakkam,54.1,Chennai
2001-09-11,2001,9,MYLAPORE-TRIPLICANE TALUK,52.0,Chennai
2001-09-11,2001,9,Chennai port trust,52.0,Chennai
2001-09-12,2001,9,Sholinganallur,0.2,Chennai
2001-09-12,2001,9,Chennai nungambakkam,0.2,Chennai
2001-09-18,2001,9,MYLAPORE-TRIPLICANE TALUK,40.0,Chennai
2001-09-18,2001,9,Chennai port trust,40.0,Chennai
2001-09-18,2001,9,Sholinganallur,31.0,Chennai
2001-09-18,2001,9,Chennai nungambakkam,31.0,Chennai
2001-09-19,2001,9,Sholinganallur,0.2,Chennai
2001-09-19,2001,9,Chennai nungambakkam,0.2,Chennai
2001-09-20,2001,9,MYLAPORE-TRIPLICANE TALUK,10.5,Chennai
2001-09-20,2001,9,Chennai port trust,10.5,Chennai
2001-09-27,2001,9,Sholinganallur,8.6,Chennai
2001-09-27,2001,9,Chennai nungambakkam,8.6,Chennai
2001-09-28,2001,9,MYLAPORE-TRIPLICANE TALUK,8.0,Chennai
2001-09-28,2001,9,Chennai port trust,8.0,Chennai
2001-09-28,2001,9,Sholinganallur,7.1,Chennai
2001-09-28,2001,9,Chennai nungambakkam,7.1,Chennai
2001-09-29,2001,9,MYLAPORE-TRIPLICANE TALUK,2.0,Chennai
2001-09-29,2001,9,Chennai port trust,2.0,Chennai
2001-09-29,2001,9,Sholinganallur,1.4,Chennai
2001-09-29,2001,9,Chennai nungambakkam,1.4,Chennai
2001-09-30,2001,9,Sholinganallur,22.4,Chennai
2001-09-30,2001,9,Chennai nungambakkam,22.4,Chennai
2001-09-30,2001,9,MYLAPORE-TRIPLICANE TALUK,10.0,Chennai
2001-09-30,2001,9,Chennai port trust,10.0,Chennai
2001-10-02,2001,10,Sholinganallur,36.1,Chennai
2001-10-02,2001,10,Chennai nungambakkam,36.1,Chennai
2001-10-02,2001,10,MYLAPORE-TRIPLICANE TALUK,36.0,Chennai
2001-10-02,2001,10,Chennai port trust,36.0,Chennai
2001-10-05,2001,10,MYLAPORE-TRIPLICANE TALUK,13.0,Chennai
2001-10-05,2001,10,Chennai port trust,13.0,Chennai
2001-10-05,2001,10,Sholinganallur,11.3,Chennai
2001-10-05,2001,10,Chennai nungambakkam,11.3,Chennai
2001-10-06,2001,10,MYLAPORE-TRIPLICANE TALUK,144.0,Chennai
2001-10-06,2001,10,Chennai port trust,144.0,Chennai
2001-10-06,2001,10,Sholinganallur,143.0,Chennai
2001-10-06,2001,10,Chennai nungambakkam,143.0,Chennai
2001-10-07,2001,10,Sholinganallur,0.7,Chennai
2001-10-07,2001,10,Chennai nungambakkam,0.7,Chennai
2001-10-08,2001,10,Sholinganallur,0.7,Chennai
2001-10-08,2001,10,Chennai nungambakkam,0.7,Chennai
2001-10-09,2001,10,MYLAPORE-TRIPLICANE TALUK,10.0,Chennai
2001-10-09,2001,10,Chennai port trust,10.0,Chennai
2001-10-09,2001,10,Sholinganallur,6.0,Chennai
2001-10-09,2001,10,Chennai nungambakkam,6.0,Chennai
2001-10-13,2001,10,MYLAPORE-TRIPLICANE TALUK,3.0,Chennai
2001-10-13,2001,10,Chennai port trust,3.0,Chennai
2001-10-13,2001,10,Sholinganallur,1.8,Chennai
2001-10-13,2001,10,Chennai nungambakkam,1.8,Chennai
2001-10-14,2001,10,Sholinganallur,3.6,Chennai
2001-10-14,2001,10,Chennai nungambakkam,3.6,Chennai
2001-10-14,2001,10,MYLAPORE-TRIPLICANE TALUK,3.0,Chennai
2001-10-14,2001,10,Chennai port trust,3.0,Chennai
2001-10-15,2001,10,Sholinganallur,30.0,Chennai
2001-10-15,2001,10,Chennai nungambakkam,30.0,Chennai
2001-10-15,2001,10,MYLAPORE-TRIPLICANE TALUK,26.0,Chennai
2001-10-15,2001,10,Chennai port trust,26.0,Chennai
2001-10-16,2001,10,Sholinganallur,99.8,Chennai
2001-10-16,2001,10,Chennai nungambakkam,99.8,Chennai
2001-10-16,2001,10,MYLAPORE-TRIPLICANE TALUK,90.0,Chennai
2001-10-16,2001,10,Chennai port trust,90.0,Chennai
2001-10-18,2001,10,Sholinganallur,0.4,Chennai
2001-10-18,2001,10,Chennai nungambakkam,0.4,Chennai
2001-10-23,2001,10,Sholinganallur,3.2,Chennai
2001-10-23,2001,10,Chennai nungambakkam,3.2,Chennai
2001-10-23,2001,10,MYLAPORE-TRIPLICANE TALUK,3.0,Chennai
2001-10-23,2001,10,Chennai port trust,3.0,Chennai
2001-10-24,2001,10,MYLAPORE-TRIPLICANE TALUK,36.0,Chennai
2001-10-24,2001,10,Chennai port trust,36.0,Chennai
2001-10-24,2001,10,Sholinganallur,33.9,Chennai
2001-10-24,2001,10,Chennai nungambakkam,33.9,Chennai
2001-10-25,2001,10,Sholinganallur,23.8,Chennai
2001-10-25,2001,10,Chennai nungambakkam,23.8,Chennai
2001-10-25,2001,10,MYLAPORE-TRIPLICANE TALUK,21.0,Chennai
2001-10-25,2001,10,Chennai port trust,21.0,Chennai
2001-10-26,2001,10,Sholinganallur,4.0,Chennai
2001-10-26,2001,10,Chennai nungambakkam,4.0,Chennai
2001-10-26,2001,10,MYLAPORE-TRIPLICANE TALUK,3.0,Chennai
2001-10-26,2001,10,Chennai port trust,3.0,Chennai
2001-10-27,2001,10,Sholinganallur,13.1,Chennai
2001-10-27,2001,10,Chennai nungambakkam,13.1,Chennai
2001-10-27,2001,10,MYLAPORE-TRIPLICANE TALUK,13.0,Chennai
2001-10-27,2001,10,Chennai port trust,13.0,Chennai
2001-11-02,2001,11,MYLAPORE-TRIPLICANE TALUK,36.0,Chennai
2001-11-02,2001,11,Chennai port trust,36.0,Chennai
2001-11-02,2001,11,Sholinganallur,26.5,Chennai
2001-11-02,2001,11,Chennai nungambakkam,26.5,Chennai
2001-11-03,2001,11,MYLAPORE-TRIPLICANE TALUK,10.0,Chennai
2001-11-03,2001,11,Chennai port trust,10.0,Chennai
2001-11-03,2001,11,Sholinganallur,8.5,Chennai
2001-11-03,2001,11,Chennai nungambakkam,8.5,Chennai
2001-11-04,2001,11,MYLAPORE-TRIPLICANE TALUK,17.0,Chennai
2001-11-04,2001,11,Chennai port trust,17.0,Chennai
2001-11-04,2001,11,Sholinganallur,5.4,Chennai
2001-11-04,2001,11,Chennai nungambakkam,5.4,Chennai
2001-11-05,2001,11,Sholinganallur,28.9,Chennai
2001-11-05,2001,11,Chennai nungambakkam,28.9,Chennai
2001-11-05,2001,11,MYLAPORE-TRIPLICANE TALUK,17.0,Chennai
2001-11-05,2001,11,Chennai port trust,17.0,Chennai
2001-11-06,2001,11,Sholinganallur,37.8,Chennai
2001-11-06,2001,11,Chennai nungambakkam,37.8,Chennai
2001-11-06,2001,11,MYLAPORE-TRIPLICANE TALUK,30.0,Chennai
2001-11-06,2001,11,Chennai port trust,30.0,Chennai
2001-11-07,2001,11,Sholinganallur,26.2,Chennai
2001-11-07,2001,11,Chennai nungambakkam,26.2,Chennai
2001-11-07,2001,11,MYLAPORE-TRIPLICANE TALUK,24.0,Chennai
2001-11-07,2001,11,Chennai port trust,24.0,Chennai
2001-11-08,2001,11,Sholinganallur,65.3,Chennai
2001-11-08,2001,11,Chennai nungambakkam,65.3,Chennai
2001-11-08,2001,11,MYLAPORE-TRIPLICANE TALUK,65.0,Chennai
2001-11-08,2001,11,Chennai port trust,65.0,Chennai
2001-11-09,2001,11,MYLAPORE-TRIPLICANE TALUK,85.0,Chennai
2001-11-09,2001,11,Chennai port trust,85.0,Chennai
2001-11-09,2001,11,Sholinganallur,83.4,Chennai
2001-11-09,2001,11,Chennai nungambakkam,83.4,Chennai
2001-11-10,2001,11,MYLAPORE-TRIPLICANE TALUK,8.0,Chennai
2001-11-10,2001,11,Chennai port trust,8.0,Chennai
2001-11-10,2001,11,Sholinganallur,7.8,Chennai
2001-11-10,2001,11,Chennai nungambakkam,7.8,Chennai
2001-11-16,2001,11,MYLAPORE-TRIPLICANE TALUK,38.0,Chennai
2001-11-16,2001,11,Chennai port trust,38.0,Chennai
2001-11-16,2001,11,Sholinganallur,32.6,Chennai
2001-11-16,2001,11,Chennai nungambakkam,32.6,Chennai
2001-11-18,2001,11,MYLAPORE-TRIPLICANE TALUK,3.5,Chennai
2001-11-18,2001,11,Chennai port trust,3.5,Chennai
2001-11-18,2001,11,Sholinganallur,1.0,Chennai
2001-11-18,2001,11,Chennai nungambakkam,1.0,Chennai
2001-11-21,2001,11,MYLAPORE-TRIPLICANE TALUK,22.0,Chennai
2001-11-21,2001,11,Chennai port trust,22.0,Chennai
2001-11-21,2001,11,Sholinganallur,18.2,Chennai
2001-11-21,2001,11,Chennai nungambakkam,18.2,Chennai
2001-11-22,2001,11,Sholinganallur,17.0,Chennai
2001-11-22,2001,11,Chennai nungambakkam,17.0,Chennai
2001-11-22,2001,11,MYLAPORE-TRIPLICANE TALUK,15.0,Chennai
2001-11-22,2001,11,Chennai port trust,15.0,Chennai
2001-11-23,2001,11,MYLAPORE-TRIPLICANE TALUK,12.0,Chennai
2001-11-23,2001,11,Chennai port trust,12.0,Chennai
2001-11-23,2001,11,Sholinganallur,8.4,Chennai
2001-11-23,2001,11,Chennai nungambakkam,8.4,Chennai
2001-11-26,2001,11,Sholinganallur,0.8,Chennai
2001-11-26,2001,11,Chennai nungambakkam,0.8,Chennai
2001-11-29,2001,11,MYLAPORE-TRIPLICANE TALUK,4.5,Chennai
2001-11-29,2001,11,Chennai port trust,4.5,Chennai
2001-11-30,2001,11,Sholinganallur,2.2,Chennai
2001-11-30,2001,11,Chennai nungambakkam,2.2,Chennai
2001-12-01,2001,12,Sholinganallur,7.6,Chennai
2001-12-01,2001,12,Chennai nungambakkam,7.6,Chennai
2001-12-01,2001,12,MYLAPORE-TRIPLICANE TALUK,5.5,Chennai
2001-12-01,2001,12,Chennai port trust,5.5,Chennai
2001-12-02,2001,12,MYLAPORE-TRIPLICANE TALUK,9.0,Chennai
2001-12-02,2001,12,Chennai port trust,9.0,Chennai
2001-12-02,2001,12,Sholinganallur,8.7,Chennai
2001-12-02,2001,12,Chennai nungambakkam,8.7,Chennai
2001-12-18,2001,12,MYLAPORE-TRIPLICANE TALUK,38.0,Chennai
2001-12-18,2001,12,Chennai port trust,38.0,Chennai
2001-12-18,2001,12,Sholinganallur,36.1,Chennai
2001-12-18,2001,12,Chennai nungambakkam,36.1,Chennai
2001-12-19,2001,12,MYLAPORE-TRIPLICANE TALUK,5.0,Chennai
2001-12-19,2001,12,Chennai port trust,5.0,Chennai
2001-12-19,2001,12,Sholinganallur,4.1,Chennai
2001-12-19,2001,12,Chennai nungambakkam,4.1,Chennai
2001-12-21,2001,12,Sholinganallur,84.2,Chennai
2001-12-21,2001,12,Chennai nungambakkam,84.2,Chennai
2001-12-21,2001,12,MYLAPORE-TRIPLICANE TALUK,68.0,Chennai
2001-12-21,2001,12,Chennai port trust,68.0,Chennai
2001-12-22,2001,12,MYLAPORE-TRIPLICANE TALUK,36.0,Chennai
2001-12-22,2001,12,Chennai port trust,36.0,Chennai
2001-12-22,2001,12,Sholinganallur,29.0,Chennai
2001-12-22,2001,12,Chennai nungambakkam,29.0,Chennai
2001-12-23,2001,12,Sholinganallur,71.3,Chennai
2001-12-23,2001,12,Chennai nungambakkam,71.3,Chennai
2001-12-23,2001,12,MYLAPORE-TRIPLICANE TALUK,53.0,Chennai
2001-12-23,2001,12,Chennai port trust,53.0,Chennai
2001-12-24,2001,12,MYLAPORE-TRIPLICANE TALUK,18.0,Chennai
2001-12-24,2001,12,Chennai port trust,18.0,Chennai
2001-12-24,2001,12,Sholinganallur,11.5,Chennai
2001-12-24,2001,12,Chennai nungambakkam,11.5,Chennai
2001-12-25,2001,12,MYLAPORE-TRIPLICANE TALUK,7.0,Chennai
2001-12-25,2001,12,Chennai port trust,7.0,Chennai
2001-12-25,2001,12,Sholinganallur,6.6,Chennai
2001-12-25,2001,12,Chennai nungambakkam,6.6,Chennai
2001-12-26,2001,12,Sholinganallur,8.4,Chennai
2001-12-26,2001,12,Chennai nungambakkam,8.4,Chennai
2001-12-27,2001,12,Sholinganallur,20.9,Chennai
2001-12-27,2001,12,Chennai nungambakkam,20.9,Chennai
2001-12-27,2001,12,MYLAPORE-TRIPLICANE TALUK,16.0,Chennai
2001-12-27,2001,12,Chennai port trust,16.0,Chennai
2002-01-05,2002,1,MYLAPORE-TRIPLICANE TALUK,3.5,Chennai
2002-01-05,2002,1,Chennai port trust,3.5,Chennai
2002-01-05,2002,1,Sholinganallur,2.4,Chennai
2002-01-05,2002,1,Chennai nungambakkam,2.4,Chennai
2002-01-06,2002,1,Sholinganallur,2.1,Chennai
2002-01-06,2002,1,Chennai nungambakkam,2.1,Chennai
2002-01-07,2002,1,MYLAPORE-TRIPLICANE TALUK,25.0,Chennai
2002-01-07,2002,1,Chennai port trust,25.0,Chennai
2002-01-07,2002,1,Sholinganallur,6.0,Chennai
2002-01-07,2002,1,Chennai nungambakkam,6.0,Chennai
2002-01-09,2002,1,Sholinganallur,19.8,Chennai
2002-01-09,2002,1,Chennai nungambakkam,19.8,Chennai
2002-01-09,2002,1,MYLAPORE-TRIPLICANE TALUK,8.5,Chennai
2002-01-09,2002,1,Chennai port trust,8.5,Chennai
2002-01-10,2002,1,Sholinganallur,6.9,Chennai
2002-01-10,2002,1,Chennai nungambakkam,6.9,Chennai
2002-01-11,2002,1,Sholinganallur,0.8,Chennai
2002-01-11,2002,1,Chennai nungambakkam,0.8,Chennai
2002-01-20,2002,1,Sholinganallur,0.3,Chennai
2002-01-20,2002,1,Chennai nungambakkam,0.3,Chennai
2002-01-21,2002,1,MYLAPORE-TRIPLICANE TALUK,2.0,Chennai
2002-01-21,2002,1,Chennai port trust,2.0,Chennai
2002-01-21,2002,1,Sholinganallur,0.8,Chennai
2002-01-21,2002,1,Chennai nungambakkam,0.8,Chennai
2002-02-01,2002,2,Sholinganallur,5.1,Chennai
2002-02-01,2002,2,Chennai nungambakkam,5.1,Chennai
2002-02-01,2002,2,MYLAPORE-TRIPLICANE TALUK,4.0,Chennai
2002-02-01,2002,2,Chennai port trust,4.0,Chennai
2002-02-03,2002,2,Sholinganallur,0.5,Chennai
2002-02-03,2002,2,Chennai nungambakkam,0.5,Chennai
2002-05-17,2002,5,Sholinganallur,11.0,Chennai
2002-05-17,2002,5,Chennai nungambakkam,11.0,Chennai
2002-05-17,2002,5,MYLAPORE-TRIPLICANE TALUK,5.2,Chennai
2002-05-17,2002,5,Chennai port trust,5.2,Chennai
2002-05-28,2002,5,Sholinganallur,0.5,Chennai
2002-05-28,2002,5,Chennai nungambakkam,0.5,Chennai
2002-05-30,2002,5,MYLAPORE-TRIPLICANE TALUK,7.0,Chennai
2002-05-30,2002,5,Chennai port trust,7.0,Chennai
2002-05-30,2002,5,Sholinganallur,5.7,Chennai
2002-05-30,2002,5,Chennai nungambakkam,5.7,Chennai
2002-06-02,2002,6,Sholinganallur,23.4,Chennai
2002-06-02,2002,6,Chennai nungambakkam,23.4,Chennai
2002-06-02,2002,6,MYLAPORE-TRIPLICANE TALUK,20.0,Chennai
2002-06-02,2002,6,Chennai port trust,20.0,Chennai
2002-06-17,2002,6,Sholinganallur,0.2,Chennai
2002-06-17,2002,6,Chennai nungambakkam,0.2,Chennai
2002-06-18,2002,6,Sholinganallur,1.1,Chennai
2002-06-18,2002,6,Chennai nungambakkam,1.1,Chennai
2002-06-19,2002,6,Sholinganallur,0.6,Chennai
2002-06-19,2002,6,Chennai nungambakkam,0.6,Chennai
2002-06-20,2002,6,Sholinganallur,0.1,Chennai
2002-06-20,2002,6,Chennai nungambakkam,0.1,Chennai
2002-06-22,2002,6,MYLAPORE-TRIPLICANE TALUK,4.0,Chennai
2002-06-22,2002,6,Chennai port trust,4.0,Chennai
2002-06-22,2002,6,Sholinganallur,2.0,Chennai
2002-06-22,2002,6,Chennai nungambakkam,2.0,Chennai
2002-06-23,2002,6,Sholinganallur,4.2,Chennai
2002-06-23,2002,6,Chennai nungambakkam,4.2,Chennai
2002-06-23,2002,6,MYLAPORE-TRIPLICANE TALUK,2.0,Chennai
2002-06-23,2002,6,Chennai port trust,2.0,Chennai
2002-06-24,2002,6,Sholinganallur,1.5,Chennai
2002-06-24,2002,6,Chennai nungambakkam,1.5,Chennai
2002-06-29,2002,6,MYLAPORE-TRIPLICANE TALUK,7.5,Chennai
2002-06-29,2002,6,Chennai port trust,7.5,Chennai
2002-06-29,2002,6,Sholinganallur,1.1,Chennai
2002-06-29,2002,6,Chennai nungambakkam,1.1,Chennai
2002-07-05,2002,7,Sholinganallur,0.1,Chennai
2002-07-05,2002,7,Chennai nungambakkam,0.1,Chennai
2002-07-09,2002,7,Sholinganallur,2.9,Chennai
2002-07-09,2002,7,Chennai nungambakkam,2.9,Chennai
2002-07-12,2002,7,Sholinganallur,32.0,Chennai
2002-07-12,2002,7,Chennai nungambakkam,32.0,Chennai
2002-07-12,2002,7,MYLAPORE-TRIPLICANE TALUK,15.0,Chennai
2002-07-12,2002,7,Chennai port trust,15.0,Chennai
2002-07-13,2002,7,MYLAPORE-TRIPLICANE TALUK,7.0,Chennai
2002-07-13,2002,7,Chennai port trust,7.0,Chennai
2002-07-13,2002,7,Sholinganallur,4.7,Chennai
2002-07-13,2002,7,Chennai nungambakkam,4.7,Chennai
2002-07-17,2002,7,MYLAPORE-TRIPLICANE TALUK,5.5,Chennai
2002-07-17,2002,7,Chennai port trust,5.5,Chennai
2002-07-17,2002,7,Sholinganallur,4.5,Chennai
2002-07-17,2002,7,Chennai nungambakkam,4.5,Chennai
2002-07-22,2002,7,MYLAPORE-TRIPLICANE TALUK,8.0,Chennai
2002-07-22,2002,7,Chennai port trust,8.0,Chennai
2002-07-22,2002,7,Sholinganallur,5.0,Chennai
2002-07-22,2002,7,Chennai nungambakkam,5.0,Chennai
2002-07-24,2002,7,Sholinganallur,0.1,Chennai
2002-07-24,2002,7,Chennai nungambakkam,0.1,Chennai
2002-07-25,2002,7,Sholinganallur,27.2,Chennai
2002-07-25,2002,7,Chennai nungambakkam,27.2,Chennai
2002-07-25,2002,7,MYLAPORE-TRIPLICANE TALUK,23.0,Chennai
2002-07-25,2002,7,Chennai port trust,23.0,Chennai
2002-07-28,2002,7,Sholinganallur,1.5,Chennai
2002-07-28,2002,7,Chennai nungambakkam,1.5,Chennai
2002-07-30,2002,7,MYLAPORE-TRIPLICANE TALUK,3.0,Chennai
2002-07-30,2002,7,Chennai port trust,3.0,Chennai
2002-07-30,2002,7,Sholinganallur,2.0,Chennai
2002-07-30,2002,7,Chennai nungambakkam,2.0,Chennai
2002-08-04,2002,8,Sholinganallur,47.6,Chennai
2002-08-04,2002,8,Chennai nungambakkam,47.6,Chennai
2002-08-04,2002,8,MYLAPORE-TRIPLICANE TALUK,37.0,Chennai
2002-08-04,2002,8,Chennai port trust,37.0,Chennai
2002-08-07,2002,8,MYLAPORE-TRIPLICANE TALUK,3.0,Chennai
2002-08-07,2002,8,Chennai port trust,3.0,Chennai
2002-08-07,2002,8,Sholinganallur,2.7,Chennai
2002-08-07,2002,8,Chennai nungambakkam,2.7,Chennai
2002-08-09,2002,8,Sholinganallur,1.4,Chennai
2002-08-09,2002,8,Chennai nungambakkam,1.4,Chennai
2002-08-14,2002,8,Sholinganallur,2.2,Chennai
2002-08-14,2002,8,Chennai nungambakkam,2.2,Chennai
2002-08-17,2002,8,Sholinganallur,17.5,Chennai
2002-08-17,2002,8,Chennai nungambakkam,17.5,Chennai
2002-08-17,2002,8,MYLAPORE-TRIPLICANE TALUK,13.0,Chennai
2002-08-17,2002,8,Chennai port trust,13.0,Chennai
2002-08-18,2002,8,Sholinganallur,0.1,Chennai
2002-08-18,2002,8,Chennai nungambakkam,0.1,Chennai
2002-08-19,2002,8,MYLAPORE-TRIPLICANE TALUK,2.5,Chennai
2002-08-19,2002,8,Chennai port trust,2.5,Chennai
2002-08-20,2002,8,Sholinganallur,1.6,Chennai
2002-08-20,2002,8,Chennai nungambakkam,1.6,Chennai
2002-08-21,2002,8,Sholinganallur,1.0,Chennai
2002-08-21,2002,8,Chennai nungambakkam,1.0,Chennai
2002-08-24,2002,8,Sholinganallur,1.9,Chennai
2002-08-24,2002,8,Chennai nungambakkam,1.9,Chennai
2002-08-25,2002,8,Sholinganallur,9.0,Chennai
2002-08-25,2002,8,Chennai nungambakkam,9.0,Chennai
2002-08-29,2002,8,MYLAPORE-TRIPLICANE TALUK,16.0,Chennai
2002-08-29,2002,8,Chennai port trust,16.0,Chennai
2002-08-29,2002,8,Sholinganallur,14.0,Chennai
2002-08-29,2002,8,Chennai nungambakkam,14.0,Chennai
2002-08-30,2002,8,MYLAPORE-TRIPLICANE TALUK,3.0,Chennai
2002-08-30,2002,8,Chennai port trust,3.0,Chennai
2002-08-30,2002,8,Sholinganallur,0.9,Chennai
2002-08-30,2002,8,Chennai nungambakkam,0.9,Chennai
2002-09-01,2002,9,Sholinganallur,27.5,Chennai
2002-09-01,2002,9,Chennai nungambakkam,27.5,Chennai
2002-09-01,2002,9,MYLAPORE-TRIPLICANE TALUK,26.0,Chennai
2002-09-01,2002,9,Chennai port trust,26.0,Chennai
2002-09-03,2002,9,Sholinganallur,57.0,Chennai
2002-09-03,2002,9,Chennai nungambakkam,57.0,Chennai
2002-09-03,2002,9,MYLAPORE-TRIPLICANE TALUK,49.0,Chennai
2002-09-03,2002,9,Chennai port trust,49.0,Chennai
2002-09-04,2002,9,Sholinganallur,39.4,Chennai
2002-09-04,2002,9,Chennai nungambakkam,39.4,Chennai
2002-09-04,2002,9,MYLAPORE-TRIPLICANE TALUK,29.0,Chennai
2002-09-04,2002,9,Chennai port trust,29.0,Chennai
2002-09-07,2002,9,Sholinganallur,1.4,Chennai
2002-09-07,2002,9,Chennai nungambakkam,1.4,Chennai
2002-09-08,2002,9,Sholinganallur,4.2,Chennai
2002-09-08,2002,9,Chennai nungambakkam,4.2,Chennai
2002-09-10,2002,9,Sholinganallur,5.5,Chennai
2002-09-10,2002,9,Chennai nungambakkam,5.5,Chennai
2002-09-10,2002,9,MYLAPORE-TRIPLICANE TALUK,5.0,Chennai
2002-09-10,2002,9,Chennai port trust,5.0,Chennai
2002-09-13,2002,9,Sholinganallur,0.7,Chennai
2002-09-13,2002,9,Chennai nungambakkam,0.7,Chennai
2002-09-17,2002,9,Sholinganallur,0.7,Chennai
2002-09-17,2002,9,Chennai nungambakkam,0.7,Chennai
2002-09-18,2002,9,Sholinganallur,1.5,Chennai
2002-09-18,2002,9,Chennai nungambakkam,1.5,Chennai
2002-10-01,2002,10,Sholinganallur,1.9,Chennai
2002-10-01,2002,10,Chennai nungambakkam,1.9,Chennai
2002-10-08,2002,10,Sholinganallur,0.3,Chennai
2002-10-08,2002,10,Chennai nungambakkam,0.3,Chennai
2002-10-09,2002,10,Sholinganallur,11.4,Chennai
2002-10-09,2002,10,Chennai nungambakkam,11.4,Chennai
2002-10-09,2002,10,MYLAPORE-TRIPLICANE TALUK,8.0,Chennai
2002-10-09,2002,10,Chennai port trust,8.0,Chennai
2002-10-10,2002,10,Sholinganallur,12.3,Chennai
2002-10-10,2002,10,Chennai nungambakkam,12.3,Chennai
2002-10-10,2002,10,MYLAPORE-TRIPLICANE TALUK,5.0,Chennai
2002-10-10,2002,10,Chennai port trust,5.0,Chennai
2002-10-11,2002,10,Sholinganallur,8.4,Chennai
2002-10-11,2002,10,Chennai nungambakkam,8.4,Chennai
2002-10-11,2002,10,MYLAPORE-TRIPLICANE TALUK,5.0,Chennai
2002-10-11,2002,10,Chennai port trust,5.0,Chennai
2002-10-12,2002,10,Sholinganallur,37.8,Chennai
2002-10-12,2002,10,Chennai nungambakkam,37.8,Chennai
2002-10-12,2002,10,MYLAPORE-TRIPLICANE TALUK,20.0,Chennai
2002-10-12,2002,10,Chennai port trust,20.0,Chennai
2002-10-13,2002,10,Sholinganallur,13.4,Chennai
2002-10-13,2002,10,Chennai nungambakkam,13.4,Chennai
2002-10-14,2002,10,MYLAPORE-TRIPLICANE TALUK,2.0,Chennai
2002-10-14,2002,10,Chennai port trust,2.0,Chennai
2002-10-15,2002,10,MYLAPORE-TRIPLICANE TALUK,8.0,Chennai
2002-10-15,2002,10,Chennai port trust,8.0,Chennai
2002-10-18,2002,10,MYLAPORE-TRIPLICANE TALUK,72.0,Chennai
2002-10-18,2002,10,Chennai port trust,72.0,Chennai
2002-10-18,2002,10,Sholinganallur,68.8,Chennai
2002-10-18,2002,10,Chennai nungambakkam,68.8,Chennai
2002-10-22,2002,10,Sholinganallur,2.6,Chennai
2002-10-22,2002,10,Chennai nungambakkam,2.6,Chennai
2002-10-24,2002,10,MYLAPORE-TRIPLICANE TALUK,3.0,Chennai
2002-10-24,2002,10,Chennai port trust,3.0,Chennai
2002-10-24,2002,10,Sholinganallur,0.6,Chennai
2002-10-24,2002,10,Chennai nungambakkam,0.6,Chennai
2002-10-25,2002,10,Sholinganallur,16.3,Chennai
2002-10-25,2002,10,Chennai nungambakkam,16.3,Chennai
2002-10-25,2002,10,MYLAPORE-TRIPLICANE TALUK,14.0,Chennai
2002-10-25,2002,10,Chennai port trust,14.0,Chennai
2002-10-26,2002,10,MYLAPORE-TRIPLICANE TALUK,11.0,Chennai
2002-10-26,2002,10,Chennai port trust,11.0,Chennai
2002-10-26,2002,10,Sholinganallur,8.7,Chennai
2002-10-26,2002,10,Chennai nungambakkam,8.7,Chennai
2002-10-27,2002,10,Sholinganallur,34.4,Chennai
2002-10-27,2002,10,Chennai nungambakkam,34.4,Chennai
2002-10-27,2002,10,MYLAPORE-TRIPLICANE TALUK,16.0,Chennai
2002-10-27,2002,10,Chennai port trust,16.0,Chennai
2002-10-28,2002,10,Sholinganallur,59.2,Chennai
2002-10-28,2002,10,Chennai nungambakkam,59.2,Chennai
2002-10-28,2002,10,MYLAPORE-TRIPLICANE TALUK,34.0,Chennai
2002-10-28,2002,10,Chennai port trust,34.0,Chennai
2002-10-29,2002,10,MYLAPORE-TRIPLICANE TALUK,3.0,Chennai
2002-10-29,2002,10,Chennai port trust,3.0,Chennai
2002-10-29,2002,10,Sholinganallur,1.3,Chennai
2002-10-29,2002,10,Chennai nungambakkam,1.3,Chennai
2002-10-30,2002,10,MYLAPORE-TRIPLICANE TALUK,64.0,Chennai
2002-10-30,2002,10,Chennai port trust,64.0,Chennai
2002-10-30,2002,10,Sholinganallur,59.4,Chennai
2002-10-30,2002,10,Chennai nungambakkam,59.4,Chennai
2002-10-31,2002,10,Sholinganallur,38.3,Chennai
2002-10-31,2002,10,Chennai nungambakkam,38.3,Chennai
2002-10-31,2002,10,MYLAPORE-TRIPLICANE TALUK,18.0,Chennai
2002-10-31,2002,10,Chennai port trust,18.0,Chennai
2002-11-01,2002,11,Sholinganallur,160.1,Chennai
2002-11-01,2002,11,Chennai nungambakkam,160.1,Chennai
2002-11-01,2002,11,MYLAPORE-TRIPLICANE TALUK,116.0,Chennai
2002-11-01,2002,11,Chennai port trust,116.0,Chennai
2002-11-02,2002,11,Sholinganallur,75.2,Chennai
2002-11-02,2002,11,Chennai nungambakkam,75.2,Chennai
2002-11-02,2002,11,MYLAPORE-TRIPLICANE TALUK,58.0,Chennai
2002-11-02,2002,11,Chennai port trust,58.0,Chennai
2002-11-04,2002,11,Sholinganallur,10.8,Chennai
2002-11-04,2002,11,Chennai nungambakkam,10.8,Chennai
2002-11-04,2002,11,MYLAPORE-TRIPLICANE TALUK,6.0,Chennai
2002-11-04,2002,11,Chennai port trust,6.0,Chennai
2002-11-05,2002,11,Sholinganallur,47.2,Chennai
2002-11-05,2002,11,Chennai nungambakkam,47.2,Chennai
2002-11-05,2002,11,MYLAPORE-TRIPLICANE TALUK,20.0,Chennai
2002-11-05,2002,11,Chennai port trust,20.0,Chennai
2002-11-06,2002,11,Sholinganallur,1.6,Chennai
2002-11-06,2002,11,Chennai nungambakkam,1.6,Chennai
2002-11-07,2002,11,Sholinganallur,50.6,Chennai
2002-11-07,2002,11,Chennai nungambakkam,50.6,Chennai
2002-11-07,2002,11,MYLAPORE-TRIPLICANE TALUK,48.0,Chennai
2002-11-07,2002,11,Chennai port trust,48.0,Chennai
2002-11-08,2002,11,MYLAPORE-TRIPLICANE TALUK,52.0,Chennai
2002-11-08,2002,11,Chennai port trust,52.0,Chennai
2002-11-08,2002,11,Sholinganallur,48.4,Chennai
2002-11-08,2002,11,Chennai nungambakkam,48.4,Chennai
2002-11-09,2002,11,Sholinganallur,81.8,Chennai
2002-11-09,2002,11,Chennai nungambakkam,81.8,Chennai
2002-11-09,2002,11,MYLAPORE-TRIPLICANE TALUK,60.0,Chennai
2002-11-09,2002,11,Chennai port trust,60.0,Chennai
2002-11-10,2002,11,Sholinganallur,86.4,Chennai
2002-11-10,2002,11,Chennai nungambakkam,86.4,Chennai
2002-11-10,2002,11,MYLAPORE-TRIPLICANE TALUK,81.0,Chennai
2002-11-10,2002,11,Chennai port trust,81.0,Chennai
2002-11-11,2002,11,Sholinganallur,17.2,Chennai
2002-11-11,2002,11,Chennai nungambakkam,17.2,Chennai
2002-11-11,2002,11,MYLAPORE-TRIPLICANE TALUK,16.0,Chennai
2002-11-11,2002,11,Chennai port trust,16.0,Chennai
2002-11-14,2002,11,Sholinganallur,1.0,Chennai
2002-11-14,2002,11,Chennai nungambakkam,1.0,Chennai
2002-12-06,2002,12,Sholinganallur,0.5,Chennai
2002-12-06,2002,12,Chennai nungambakkam,0.5,Chennai
2002-12-07,2002,12,Sholinganallur,22.8,Chennai
2002-12-07,2002,12,Chennai nungambakkam,22.8,Chennai
2002-12-07,2002,12,MYLAPORE-TRIPLICANE TALUK,18.0,Chennai
2002-12-07,2002,12,Chennai port trust,18.0,Chennai
2002-12-08,2002,12,Sholinganallur,6.6,Chennai
2002-12-08,2002,12,Chennai nungambakkam,6.6,Chennai
2002-12-08,2002,12,MYLAPORE-TRIPLICANE TALUK,4.0,Chennai
2002-12-08,2002,12,Chennai port trust,4.0,Chennai
2003-01-04,2003,1,Chennai nungambakkam,0.1,Chennai
2003-03-18,2003,3,Chennai nungambakkam,6.2,Chennai
2003-05-14,2003,5,Chennai nungambakkam,0.5,Chennai
2003-06-14,2003,6,Chennai nungambakkam,1.1,Chennai
2003-06-15,2003,6,Chennai nungambakkam,0.7,Chennai
2003-06-24,2003,6,Chennai nungambakkam,0.1,Chennai
2003-06-29,2003,6,Chennai nungambakkam,21.0,Chennai
2003-06-29,2003,6,Chennai port trust,4.0,Chennai
2003-07-01,2003,7,Chennai port trust,12.0,Chennai
2003-07-01,2003,7,Chennai nungambakkam,3.3,Chennai
2003-07-02,2003,7,Chennai nungambakkam,21.1,Chennai
2003-07-02,2003,7,Chennai port trust,11.0,Chennai
2003-07-05,2003,7,Chennai nungambakkam,1.0,Chennai
2003-07-09,2003,7,Chennai nungambakkam,1.0,Chennai
2003-07-10,2003,7,Chennai nungambakkam,1.4,Chennai
2003-07-11,2003,7,Chennai nungambakkam,19.3,Chennai
2003-07-11,2003,7,Chennai port trust,17.0,Chennai
2003-07-12,2003,7,Chennai nungambakkam,2.6,Chennai
2003-07-12,2003,7,Chennai port trust,2.0,Chennai
2003-07-14,2003,7,Chennai nungambakkam,2.4,Chennai
2003-07-14,2003,7,Chennai port trust,2.0,Chennai
2003-07-20,2003,7,Chennai port trust,12.0,Chennai
2003-07-20,2003,7,Chennai nungambakkam,8.8,Chennai
2003-07-21,2003,7,Chennai nungambakkam,12.0,Chennai
2003-07-21,2003,7,Chennai port trust,5.0,Chennai
2003-07-22,2003,7,Chennai port trust,2.0,Chennai
2003-07-22,2003,7,Chennai nungambakkam,1.9,Chennai
2003-07-23,2003,7,Chennai nungambakkam,0.1,Chennai
2003-07-24,2003,7,Chennai nungambakkam,16.1,Chennai
2003-07-24,2003,7,Chennai port trust,10.0,Chennai
2003-07-30,2003,7,Chennai nungambakkam,3.3,Chennai
2003-07-31,2003,7,Chennai port trust,7.0,Chennai
2003-07-31,2003,7,Chennai nungambakkam,6.3,Chennai
2003-08-03,2003,8,Chennai port trust,16.0,Chennai
2003-08-03,2003,8,Chennai nungambakkam,9.9,Chennai
2003-08-04,2003,8,Chennai nungambakkam,28.0,Chennai
2003-08-04,2003,8,Chennai port trust,4.0,Chennai
2003-08-05,2003,8,Chennai port trust,3.0,Chennai
2003-08-05,2003,8,Chennai nungambakkam,3.0,Chennai
2003-08-07,2003,8,Chennai nungambakkam,3.5,Chennai
2003-08-10,2003,8,Chennai nungambakkam,1.2,Chennai
2003-08-12,2003,8,Chennai nungambakkam,37.7,Chennai
2003-08-12,2003,8,Chennai port trust,24.0,Chennai
2003-08-14,2003,8,Chennai port trust,2.0,Chennai
2003-08-14,2003,8,Chennai nungambakkam,1.2,Chennai
2003-08-15,2003,8,Chennai nungambakkam,0.4,Chennai
2003-08-17,2003,8,Chennai nungambakkam,0.4,Chennai
2003-08-19,2003,8,Chennai nungambakkam,0.1,Chennai
2003-08-20,2003,8,Chennai nungambakkam,0.2,Chennai
2003-08-21,2003,8,Chennai nungambakkam,0.6,Chennai
2003-08-22,2003,8,Chennai nungambakkam,5.2,Chennai
2003-08-23,2003,8,Chennai port trust,4.0,Chennai
2003-08-23,2003,8,Chennai nungambakkam,1.7,Chennai
2003-08-25,2003,8,Chennai nungambakkam,47.5,Chennai
2003-08-25,2003,8,Chennai port trust,25.0,Chennai
2003-08-26,2003,8,Chennai nungambakkam,0.5,Chennai
2003-08-27,2003,8,Chennai nungambakkam,1.0,Chennai
2003-09-04,2003,9,Chennai nungambakkam,32.2,Chennai
2003-09-04,2003,9,Chennai port trust,25.0,Chennai
2003-09-08,2003,9,Chennai nungambakkam,3.4,Chennai
2003-09-17,2003,9,Chennai port trust,15.0,Chennai
2003-09-17,2003,9,Chennai nungambakkam,12.7,Chennai
2003-09-18,2003,9,Chennai nungambakkam,0.2,Chennai
2003-09-23,2003,9,Chennai nungambakkam,0.3,Chennai
2003-09-24,2003,9,Chennai nungambakkam,0.1,Chennai
2003-09-25,2003,9,Chennai nungambakkam,0.5,Chennai
2003-09-26,2003,9,Chennai nungambakkam,105.1,Chennai
2003-09-26,2003,9,Chennai port trust,70.0,Chennai
2003-09-28,2003,9,Chennai nungambakkam,0.1,Chennai
2003-09-29,2003,9,Chennai nungambakkam,0.5,Chennai
2003-10-05,2003,10,Chennai nungambakkam,2.8,Chennai
2003-10-06,2003,10,Chennai nungambakkam,1.0,Chennai
2003-10-09,2003,10,Chennai port trust,3.0,Chennai
2003-10-09,2003,10,Chennai nungambakkam,0.5,Chennai
2003-10-15,2003,10,Chennai nungambakkam,16.6,Chennai
2003-10-19,2003,10,Chennai nungambakkam,0.6,Chennai
2003-10-20,2003,10,Chennai port trust,56.0,Chennai
2003-10-20,2003,10,Chennai nungambakkam,51.2,Chennai
2003-10-21,2003,10,Chennai nungambakkam,13.3,Chennai
2003-10-21,2003,10,Chennai port trust,3.0,Chennai
2003-10-22,2003,10,Chennai port trust,42.0,Chennai
2003-10-22,2003,10,Chennai nungambakkam,35.6,Chennai
2003-10-23,2003,10,Chennai nungambakkam,14.6,Chennai
2003-10-23,2003,10,Chennai port trust,12.0,Chennai
2003-10-24,2003,10,Chennai nungambakkam,8.0,Chennai
2003-10-24,2003,10,Chennai port trust,4.6,Chennai
2003-10-30,2003,10,Chennai nungambakkam,4.8,Chennai
2003-10-30,2003,10,Chennai port trust,3.0,Chennai
2003-11-03,2003,11,Chennai nungambakkam,11.6,Chennai
2003-11-03,2003,11,Chennai port trust,7.0,Chennai
2003-11-04,2003,11,Chennai nungambakkam,2.8,Chennai
2003-11-05,2003,11,Chennai port trust,3.0,Chennai
2003-11-05,2003,11,Chennai nungambakkam,1.5,Chennai
2003-11-06,2003,11,Chennai port trust,1.0,Chennai
2003-11-07,2003,11,Chennai nungambakkam,8.6,Chennai
2003-11-07,2003,11,Chennai port trust,6.5,Chennai
2003-11-08,2003,11,Chennai port trust,14.0,Chennai
2003-11-08,2003,11,Chennai nungambakkam,9.6,Chennai
2003-11-09,2003,11,Chennai port trust,4.0,Chennai
2003-11-09,2003,11,Chennai nungambakkam,1.4,Chennai
2003-11-10,2003,11,Chennai nungambakkam,17.4,Chennai
2003-11-10,2003,11,Chennai port trust,10.0,Chennai
2003-11-12,2003,11,Chennai nungambakkam,0.2,Chennai
2003-11-13,2003,11,Chennai nungambakkam,0.3,Chennai
2003-11-14,2003,11,Chennai nungambakkam,16.2,Chennai
2003-11-14,2003,11,Chennai port trust,6.5,Chennai
2003-11-22,2003,11,Chennai port trust,9.5,Chennai
2003-11-22,2003,11,Chennai nungambakkam,8.0,Chennai
2003-11-29,2003,11,Chennai nungambakkam,7.4,Chennai
2003-11-29,2003,11,Chennai port trust,6.0,Chennai
2003-12-12,2003,12,Chennai nungambakkam,1.5,Chennai
2003-12-15,2003,12,Chennai nungambakkam,22.5,Chennai
2003-12-15,2003,12,Chennai port trust,18.0,Chennai
2003-12-16,2003,12,Chennai nungambakkam,1.4,Chennai
2003-12-23,2003,12,Chennai port trust,4.0,Chennai
2003-12-23,2003,12,Chennai nungambakkam,3.4,Chennai
2003-12-24,2003,12,Chennai port trust,50.0,Chennai
2003-12-24,2003,12,Chennai nungambakkam,40.6,Chennai
2003-12-25,2003,12,Chennai port trust,16.0,Chennai
2003-12-25,2003,12,Chennai nungambakkam,8.0,Chennai
2004-01-06,2004,1,Chennai nungambakkam,1.6,Chennai
2004-01-27,2004,1,Chennai nungambakkam,27.9,Chennai
2004-01-27,2004,1,Chennai port trust,15.0,Chennai
2004-01-28,2004,1,Chennai nungambakkam,22.0,Chennai
2004-01-28,2004,1,Chennai port trust,6.0,Chennai
2004-03-29,2004,3,Chennai nungambakkam,0.2,Chennai
2004-04-07,2004,4,Chennai nungambakkam,2.4,Chennai
2004-05-03,2004,5,Chennai port trust,18.0,Chennai
2004-05-03,2004,5,Chennai nungambakkam,17.1,Chennai
2004-05-04,2004,5,Chennai nungambakkam,69.3,Chennai
2004-05-04,2004,5,Chennai port trust,28.0,Chennai
2004-05-05,2004,5,Chennai nungambakkam,25.8,Chennai
2004-05-05,2004,5,Chennai port trust,18.0,Chennai
2004-05-06,2004,5,Chennai nungambakkam,31.9,Chennai
2004-05-06,2004,5,Chennai port trust,28.0,Chennai
2004-05-07,2004,5,Chennai port trust,4.0,Chennai
2004-05-07,2004,5,Chennai nungambakkam,3.3,Chennai
2004-05-08,2004,5,Chennai nungambakkam,5.4,Chennai
2004-05-17,2004,5,Chennai nungambakkam,42.2,Chennai
2004-05-17,2004,5,Chennai port trust,38.0,Chennai
2004-05-18,2004,5,Chennai nungambakkam,7.0,Chennai
2004-05-18,2004,5,Chennai port trust,2.0,Chennai
2004-05-23,2004,5,Chennai nungambakkam,1.0,Chennai
2004-05-24,2004,5,Chennai nungambakkam,7.6,Chennai
2004-05-24,2004,5,Chennai port trust,7.0,Chennai
2004-06-05,2004,6,Chennai nungambakkam,0.4,Chennai
2004-06-09,2004,6,Chennai nungambakkam,1.4,Chennai
2004-06-10,2004,6,Chennai nungambakkam,3.2,Chennai
2004-06-11,2004,6,Chennai nungambakkam,13.3,Chennai
2004-06-22,2004,6,Chennai nungambakkam,0.3,Chennai
2004-06-28,2004,6,Chennai nungambakkam,3.2,Chennai
2004-06-29,2004,6,Chennai nungambakkam,7.0,Chennai
2004-07-01,2004,7,Chennai nungambakkam,0.5,Chennai
2004-07-03,2004,7,Chennai nungambakkam,6.4,Chennai
2004-07-12,2004,7,Chennai nungambakkam,5.8,Chennai
2004-07-13,2004,7,Chennai nungambakkam,1.1,Chennai
2004-07-23,2004,7,Chennai nungambakkam,0.4,Chennai
2004-07-26,2004,7,Chennai nungambakkam,13.6,Chennai
2004-07-29,2004,7,Chennai nungambakkam,3.6,Chennai
2004-07-30,2004,7,Chennai nungambakkam,17.6,Chennai
2004-07-31,2004,7,Chennai nungambakkam,1.6,Chennai
2004-08-04,2004,8,Chennai nungambakkam,3.0,Chennai
2004-08-06,2004,8,Chennai nungambakkam,1.8,Chennai
2004-08-09,2004,8,Chennai nungambakkam,1.7,Chennai
2004-08-13,2004,8,Chennai nungambakkam,2.1,Chennai
2004-08-16,2004,8,Chennai nungambakkam,3.0,Chennai
2004-08-17,2004,8,Chennai nungambakkam,0.7,Chennai
2004-08-23,2004,8,Chennai nungambakkam,1.0,Chennai
2004-08-24,2004,8,Chennai nungambakkam,1.2,Chennai
2004-08-28,2004,8,Chennai nungambakkam,31.2,Chennai
2004-08-31,2004,8,Chennai nungambakkam,1.4,Chennai
2004-09-05,2004,9,Chennai nungambakkam,0.7,Chennai
2004-09-06,2004,9,Chennai nungambakkam,13.3,Chennai
2004-09-08,2004,9,Chennai nungambakkam,0.7,Chennai
2004-09-10,2004,9,Chennai nungambakkam,32.2,Chennai
2004-09-11,2004,9,Chennai nungambakkam,0.8,Chennai
2004-09-14,2004,9,Chennai nungambakkam,0.5,Chennai
2004-09-16,2004,9,Chennai nungambakkam,2.0,Chennai
2004-09-17,2004,9,Chennai nungambakkam,9.0,Chennai
2004-09-20,2004,9,Chennai nungambakkam,74.2,Chennai
2004-09-21,2004,9,Chennai nungambakkam,28.0,Chennai
2004-09-24,2004,9,Chennai nungambakkam,23.3,Chennai
2004-09-25,2004,9,Chennai nungambakkam,0.8,Chennai
2004-09-27,2004,9,Chennai nungambakkam,13.8,Chennai
2004-09-28,2004,9,Chennai nungambakkam,17.7,Chennai
2004-09-29,2004,9,Chennai nungambakkam,12.0,Chennai
2004-09-30,2004,9,Chennai port trust,89.7,Chennai
2004-09-30,2004,9,MYLAPORE-TRIPLICANE TALUK,51.2,Chennai
2004-09-30,2004,9,DGP Office,45.6,Chennai
2004-09-30,2004,9,Chennai nungambakkam,17.5,Chennai
2004-09-30,2004,9,Anna university,10.2,Chennai
2004-09-30,2004,9,Chennai AP,5.4,Chennai
2004-10-01,2004,10,Ambathur,8.0,Chennai
2004-10-01,2004,10,Pachaiyappa college,5.0,Chennai
2004-10-01,2004,10,Chennai AP,2.2,Chennai
2004-10-01,2004,10,Chennai nungambakkam,0.7,Chennai
2004-10-02,2004,10,Chennai nungambakkam,28.57,Chennai
2004-10-02,2004,10,Pachaiyappa college,26.9,Chennai
2004-10-02,2004,10,MYLAPORE-TRIPLICANE TALUK,24.5,Chennai
2004-10-02,2004,10,DGP Office,24.2,Chennai
2004-10-02,2004,10,Chennai AP,19.25,Chennai
2004-10-02,2004,10,Anna university,16.4,Chennai
2004-10-02,2004,10,Chennai port trust,9.0,Chennai
2004-10-02,2004,10,Govt. arts college,8.5,Chennai
2004-10-02,2004,10,Chennai nungambakkam,0.7,Chennai
2004-10-03,2004,10,Chennai nungambakkam,28.7,Chennai
2004-10-03,2004,10,Ambathur,4.0,Chennai
2004-10-04,2004,10,Ambathur,3.0,Chennai
2004-10-10,2004,10,Ambathur,11.0,Chennai
2004-10-10,2004,10,Chennai AP,0.6,Chennai
2004-10-11,2004,10,Chennai AP,0.6,Chennai
2004-10-13,2004,10,Chennai AP,27.4,Chennai
2004-10-13,2004,10,Ambathur,2.0,Chennai
2004-10-14,2004,10,Chennai AP,31.8,Chennai
2004-10-14,2004,10,Pachaiyappa college,31.4,Chennai
2004-10-14,2004,10,DGP Office,5.6,Chennai
2004-10-14,2004,10,Chennai nungambakkam,5.2,Chennai
2004-10-14,2004,10,Ambathur,3.0,Chennai
2004-10-15,2004,10,DGP Office,45.0,Chennai
2004-10-15,2004,10,Chennai port trust,34.0,Chennai
2004-10-15,2004,10,Chennai AP,11.0,Chennai
2004-10-16,2004,10,Chennai nungambakkam,0.1,Chennai
2004-10-17,2004,10,Ambathur,15.0,Chennai
2004-10-17,2004,10,DGP Office,9.6,Chennai
2004-10-17,2004,10,MYLAPORE-TRIPLICANE TALUK,9.2,Chennai
2004-10-17,2004,10,Chennai nungambakkam,7.4,Chennai
2004-10-17,2004,10,Pachaiyappa college,4.6,Chennai
2004-10-17,2004,10,Chennai AP,0.4,Chennai
2004-10-18,2004,10,Ambathur,32.0,Chennai
2004-10-18,2004,10,Pachaiyappa college,22.4,Chennai
2004-10-18,2004,10,Chennai AP,21.4,Chennai
2004-10-18,2004,10,Anna university,15.2,Chennai
2004-10-18,2004,10,DGP Office,14.8,Chennai
2004-10-18,2004,10,MYLAPORE-TRIPLICANE TALUK,12.5,Chennai
2004-10-18,2004,10,Chennai nungambakkam,10.2,Chennai
2004-10-18,2004,10,Govt. arts college,0.1,Chennai
2004-10-19,2004,10,Pachaiyappa college,28.9,Chennai
2004-10-19,2004,10,Chennai AP,28.0,Chennai
2004-10-19,2004,10,Ambathur,24.0,Chennai
2004-10-19,2004,10,Chennai nungambakkam,23.8,Chennai
2004-10-19,2004,10,Chennai port trust,23.0,Chennai
2004-10-19,2004,10,Govt. arts college,22.0,Chennai
2004-10-19,2004,10,MYLAPORE-TRIPLICANE TALUK,20.8,Chennai
2004-10-19,2004,10,DGP Office,20.4,Chennai
2004-10-19,2004,10,Anna university,20.2,Chennai
2004-10-20,2004,10,Anna university,18.1,Chennai
2004-10-20,2004,10,Chennai AP,16.2,Chennai
2004-10-20,2004,10,Pachaiyappa college,5.0,Chennai
2004-10-20,2004,10,MYLAPORE-TRIPLICANE TALUK,5.0,Chennai
2004-10-20,2004,10,Govt. arts college,4.0,Chennai
2004-10-20,2004,10,DGP Office,3.6,Chennai
2004-10-20,2004,10,Chennai nungambakkam,3.4,Chennai
2004-10-20,2004,10,Ambathur,3.0,Chennai
2004-10-20,2004,10,Chennai port trust,2.0,Chennai
2004-10-21,2004,10,Ambathur,5.0,Chennai
2004-10-21,2004,10,Anna university,4.2,Chennai
2004-10-21,2004,10,Chennai AP,3.8,Chennai
2004-10-21,2004,10,MYLAPORE-TRIPLICANE TALUK,3.5,Chennai
2004-10-21,2004,10,Chennai nungambakkam,2.8,Chennai
2004-10-21,2004,10,Govt. arts college,2.0,Chennai
2004-10-21,2004,10,Chennai port trust,2.0,Chennai
2004-10-21,2004,10,Pachaiyappa college,0.4,Chennai
2004-10-22,2004,10,Chennai AP,7.6,Chennai
2004-10-22,2004,10,Ambathur,3.0,Chennai
2004-10-22,2004,10,Anna university,1.5,Chennai
2004-10-23,2004,10,Ambathur,13.0,Chennai
2004-10-23,2004,10,Pachaiyappa college,12.8,Chennai
2004-10-23,2004,10,Chennai AP,11.0,Chennai
2004-10-23,2004,10,Govt. arts college,10.0,Chennai
2004-10-23,2004,10,Anna university,9.1,Chennai
2004-10-23,2004,10,DGP Office,8.6,Chennai
2004-10-23,2004,10,MYLAPORE-TRIPLICANE TALUK,8.2,Chennai
2004-10-23,2004,10,Chennai nungambakkam,7.8,Chennai
2004-10-23,2004,10,Chennai nungambakkam,5.2,Chennai
2004-10-23,2004,10,Chennai port trust,5.0,Chennai
2004-10-24,2004,10,Govt. arts college,57.0,Chennai
2004-10-24,2004,10,Chennai port trust,38.0,Chennai
2004-10-24,2004,10,Pachaiyappa college,30.2,Chennai
2004-10-24,2004,10,Chennai nungambakkam,27.4,Chennai
2004-10-24,2004,10,Anna university,26.6,Chennai
2004-10-24,2004,10,DGP Office,25.8,Chennai
2004-10-24,2004,10,Ambathur,25.0,Chennai
2004-10-24,2004,10,MYLAPORE-TRIPLICANE TALUK,20.0,Chennai
2004-10-24,2004,10,Chennai AP,6.0,Chennai
2004-10-25,2004,10,Chennai AP,29.0,Chennai
2004-10-25,2004,10,Anna university,19.2,Chennai
2004-10-25,2004,10,MYLAPORE-TRIPLICANE TALUK,9.0,Chennai
2004-10-25,2004,10,DGP Office,8.8,Chennai
2004-10-25,2004,10,Pachaiyappa college,4.1,Chennai
2004-10-25,2004,10,Ambathur,2.0,Chennai
2004-10-25,2004,10,Govt. arts college,2.0,Chennai
2004-10-25,2004,10,Chennai nungambakkam,1.7,Chennai
2004-10-25,2004,10,Chennai port trust,1.6,Chennai
2004-10-26,2004,10,DGP Office,4.6,Chennai
2004-10-26,2004,10,MYLAPORE-TRIPLICANE TALUK,3.8,Chennai
2004-10-26,2004,10,Chennai port trust,2.5,Chennai
2004-10-26,2004,10,Anna university,2.3,Chennai
2004-10-26,2004,10,Govt. arts college,2.0,Chennai
2004-10-26,2004,10,Chennai nungambakkam,1.1,Chennai
2004-10-26,2004,10,Ambathur,1.0,Chennai
2004-10-26,2004,10,Chennai AP,0.8,Chennai
2004-10-26,2004,10,Pachaiyappa college,0.7,Chennai
2004-10-27,2004,10,Govt. arts college,10.0,Chennai
2004-10-27,2004,10,Chennai port trust,9.8,Chennai
2004-10-27,2004,10,Ambathur,9.0,Chennai
2004-10-27,2004,10,Pachaiyappa college,8.9,Chennai
2004-10-27,2004,10,Chennai nungambakkam,8.5,Chennai
2004-10-27,2004,10,Chennai AP,7.4,Chennai
2004-10-27,2004,10,Anna university,5.9,Chennai
2004-10-27,2004,10,MYLAPORE-TRIPLICANE TALUK,5.0,Chennai
2004-10-27,2004,10,DGP Office,4.3,Chennai
2004-10-28,2004,10,Chennai AP,41.6,Chennai
2004-10-28,2004,10,Anna university,20.2,Chennai
2004-10-28,2004,10,Chennai nungambakkam,14.2,Chennai
2004-10-28,2004,10,Pachaiyappa college,12.2,Chennai
2004-10-28,2004,10,Govt. arts college,8.0,Chennai
2004-10-28,2004,10,Ambathur,6.0,Chennai
2004-10-28,2004,10,MYLAPORE-TRIPLICANE TALUK,3.6,Chennai
2004-10-28,2004,10,Chennai port trust,3.0,Chennai
2004-10-28,2004,10,DGP Office,2.4,Chennai
2004-10-29,2004,10,MYLAPORE-TRIPLICANE TALUK,103.4,Chennai
2004-10-29,2004,10,DGP Office,97.2,Chennai
2004-10-29,2004,10,Chennai nungambakkam,67.3,Chennai
2004-10-29,2004,10,Govt. arts college,62.0,Chennai
2004-10-29,2004,10,Chennai AP,50.8,Chennai
2004-10-29,2004,10,Pachaiyappa college,50.5,Chennai
2004-10-29,2004,10,Anna university,49.4,Chennai
2004-10-29,2004,10,Chennai port trust,23.0,Chennai
2004-10-29,2004,10,Ambathur,21.0,Chennai
2004-10-30,2004,10,DGP Office,67.2,Chennai
2004-10-30,2004,10,Ambathur,67.0,Chennai
2004-10-30,2004,10,Pachaiyappa college,65.1,Chennai
2004-10-30,2004,10,Chennai nungambakkam,62.8,Chennai
2004-10-30,2004,10,Anna university,61.0,Chennai
2004-10-30,2004,10,Chennai AP,46.4,Chennai
2004-10-30,2004,10,MYLAPORE-TRIPLICANE TALUK,43.0,Chennai
2004-10-30,2004,10,Govt. arts college,39.0,Chennai
2004-10-30,2004,10,Chennai port trust,20.0,Chennai
2004-10-31,2004,10,Chennai AP,20.4,Chennai
2004-10-31,2004,10,Ambathur,17.0,Chennai
2004-10-31,2004,10,Chennai port trust,15.7,Chennai
2004-10-31,2004,10,Anna university,12.8,Chennai
2004-10-31,2004,10,DGP Office,12.6,Chennai
2004-10-31,2004,10,Chennai nungambakkam,12.2,Chennai
2004-10-31,2004,10,Govt. arts college,12.0,Chennai
2004-10-31,2004,10,MYLAPORE-TRIPLICANE TALUK,11.0,Chennai
2004-10-31,2004,10,Pachaiyappa college,7.6,Chennai
2004-11-01,2004,11,Chennai AP,6.2,Chennai
2004-11-01,2004,11,Ambathur,5.0,Chennai
2004-11-01,2004,11,MYLAPORE-TRIPLICANE TALUK,4.0,Chennai
2004-11-01,2004,11,Anna university,3.3,Chennai
2004-11-01,2004,11,Pachaiyappa college,2.5,Chennai
2004-11-01,2004,11,Chennai nungambakkam,1.4,Chennai
2004-11-01,2004,11,Govt. arts college,1.0,Chennai
2004-11-01,2004,11,Chennai port trust,1.0,Chennai
2004-11-01,2004,11,DGP Office,0.2,Chennai
2004-11-02,2004,11,MYLAPORE-TRIPLICANE TALUK,3.0,Chennai
2004-11-02,2004,11,Chennai port trust,3.0,Chennai
2004-11-02,2004,11,DGP Office,2.4,Chennai
2004-11-02,2004,11,Ambathur,1.0,Chennai
2004-11-02,2004,11,Pachaiyappa college,0.6,Chennai
2004-11-02,2004,11,Chennai nungambakkam,0.5,Chennai
2004-11-02,2004,11,Chennai AP,0.2,Chennai
2004-11-02,2004,11,Anna university,0.1,Chennai
2004-11-03,2004,11,Ambathur,2.0,Chennai
2004-11-03,2004,11,Pachaiyappa college,2.0,Chennai
2004-11-03,2004,11,Chennai AP,1.0,Chennai
2004-11-03,2004,11,Anna university,0.3,Chennai
2004-11-04,2004,11,Pachaiyappa college,2.33,Chennai
2004-11-04,2004,11,Chennai nungambakkam,0.7,Chennai
2004-11-04,2004,11,Chennai AP,0.4,Chennai
2004-11-05,2004,11,Chennai AP,1.6,Chennai
2004-11-05,2004,11,Pachaiyappa college,0.9,Chennai
2004-11-05,2004,11,Chennai nungambakkam,0.9,Chennai
2004-11-05,2004,11,MYLAPORE-TRIPLICANE TALUK,0.8,Chennai
2004-11-05,2004,11,DGP Office,0.4,Chennai
2004-11-06,2004,11,Ambathur,129.0,Chennai
2004-11-06,2004,11,Govt. arts college,104.0,Chennai
2004-11-06,2004,11,Chennai port trust,87.0,Chennai
2004-11-06,2004,11,Chennai nungambakkam,84.1,Chennai
2004-11-06,2004,11,Pachaiyappa college,77.4,Chennai
2004-11-06,2004,11,Chennai AP,75.8,Chennai
2004-11-06,2004,11,Anna university,73.0,Chennai
2004-11-06,2004,11,DGP Office,70.6,Chennai
2004-11-06,2004,11,MYLAPORE-TRIPLICANE TALUK,70.2,Chennai
2004-11-07,2004,11,Govt. arts college,73.0,Chennai
2004-11-07,2004,11,Pachaiyappa college,64.5,Chennai
2004-11-07,2004,11,Chennai nungambakkam,64.4,Chennai
2004-11-07,2004,11,Ambathur,62.0,Chennai
2004-11-07,2004,11,MYLAPORE-TRIPLICANE TALUK,60.2,Chennai
2004-11-07,2004,11,DGP Office,60.0,Chennai
2004-11-07,2004,11,Chennai AP,52.0,Chennai
2004-11-07,2004,11,Anna university,36.2,Chennai
2004-11-07,2004,11,Chennai port trust,35.0,Chennai
2004-11-08,2004,11,Govt. arts college,19.0,Chennai
2004-11-08,2004,11,Pachaiyappa college,15.9,Chennai
2004-11-08,2004,11,Chennai port trust,13.0,Chennai
2004-11-08,2004,11,Ambathur,12.0,Chennai
2004-11-08,2004,11,Chennai nungambakkam,11.8,Chennai
2004-11-08,2004,11,Chennai AP,11.8,Chennai
2004-11-08,2004,11,Chennai nungambakkam,8.8,Chennai
2004-11-08,2004,11,Anna university,8.1,Chennai
2004-11-08,2004,11,MYLAPORE-TRIPLICANE TALUK,6.2,Chennai
2004-11-08,2004,11,DGP Office,5.8,Chennai
2004-11-09,2004,11,Ambathur,7.0,Chennai
2004-11-09,2004,11,Anna university,4.2,Chennai
2004-11-09,2004,11,Govt. arts college,2.0,Chennai
2004-11-09,2004,11,Chennai port trust,2.0,Chennai
2004-11-09,2004,11,MYLAPORE-TRIPLICANE TALUK,1.2,Chennai
2004-11-09,2004,11,Chennai nungambakkam,0.4,Chennai
2004-11-09,2004,11,Pachaiyappa college,0.3,Chennai
2004-11-09,2004,11,DGP Office,0.2,Chennai
2004-11-10,2004,11,Chennai nungambakkam,14.6,Chennai
2004-11-10,2004,11,Pachaiyappa college,13.4,Chennai
2004-11-10,2004,11,Chennai AP,9.6,Chennai
2004-11-10,2004,11,Govt. arts college,7.6,Chennai
2004-11-10,2004,11,Anna university,6.9,Chennai
2004-11-10,2004,11,Chennai port trust,3.0,Chennai
2004-11-10,2004,11,MYLAPORE-TRIPLICANE TALUK,0.4,Chennai
2004-11-10,2004,11,DGP Office,0.3,Chennai
2004-11-11,2004,11,Govt. arts college,2.2,Chennai
2004-11-11,2004,11,Anna university,1.8,Chennai
2004-11-11,2004,11,Chennai port trust,1.5,Chennai
2004-11-11,2004,11,Chennai nungambakkam,1.1,Chennai
2004-11-11,2004,11,Pachaiyappa college,0.7,Chennai
2004-11-11,2004,11,Chennai AP,0.7,Chennai
2004-11-12,2004,11,Pachaiyappa college,24.1,Chennai
2004-11-12,2004,11,Govt. arts college,14.0,Chennai
2004-11-12,2004,11,Chennai nungambakkam,13.3,Chennai
2004-11-12,2004,11,Chennai AP,9.9,Chennai
2004-11-12,2004,11,Chennai port trust,8.5,Chennai
2004-11-12,2004,11,Anna university,5.9,Chennai
2004-11-12,2004,11,MYLAPORE-TRIPLICANE TALUK,4.6,Chennai
2004-11-12,2004,11,DGP Office,4.4,Chennai
2004-11-12,2004,11,Ambathur,1.0,Chennai
2004-11-13,2004,11,MYLAPORE-TRIPLICANE TALUK,86.1,Chennai
2004-11-13,2004,11,DGP Office,85.8,Chennai
2004-11-13,2004,11,Chennai nungambakkam,82.6,Chennai
2004-11-13,2004,11,Anna university,73.1,Chennai
2004-11-13,2004,11,Pachaiyappa college,71.2,Chennai
2004-11-13,2004,11,Ambathur,69.0,Chennai
2004-11-13,2004,11,Chennai AP,58.9,Chennai
2004-11-13,2004,11,Govt. arts college,40.2,Chennai
2004-11-13,2004,11,Chennai port trust,35.0,Chennai
2004-11-24,2004,11,Chennai nungambakkam,0.4,Chennai
2004-11-26,2004,11,Govt. arts college,18.4,Chennai
2004-11-26,2004,11,Chennai AP,6.8,Chennai
2004-11-26,2004,11,Pachaiyappa college,6.4,Chennai
2004-11-26,2004,11,Anna university,4.9,Chennai
2004-11-26,2004,11,Ambathur,3.0,Chennai
2004-11-26,2004,11,Chennai nungambakkam,0.7,Chennai
2004-11-27,2004,11,Ambathur,32.0,Chennai
2004-11-27,2004,11,Govt. arts college,14.6,Chennai
2004-11-27,2004,11,Chennai port trust,7.0,Chennai
2004-11-27,2004,11,Anna university,6.1,Chennai
2004-11-27,2004,11,Pachaiyappa college,4.0,Chennai
2004-11-27,2004,11,DGP Office,3.8,Chennai
2004-11-27,2004,11,Chennai nungambakkam,3.7,Chennai
2004-11-27,2004,11,MYLAPORE-TRIPLICANE TALUK,3.6,Chennai
2004-11-27,2004,11,Chennai AP,2.9,Chennai
2004-12-08,2004,12,Chennai AP,0.8,Chennai
2004-12-08,2004,12,Chennai nungambakkam,0.6,Chennai
2004-12-08,2004,12,Pachaiyappa college,0.2,Chennai
2004-12-08,2004,12,DGP Office,0.2,Chennai
2004-12-08,2004,12,MYLAPORE-TRIPLICANE TALUK,0.15,Chennai
2004-12-09,2004,12,Chennai AP,7.2,Chennai
2004-12-09,2004,12,Chennai nungambakkam,4.8,Chennai
2004-12-09,2004,12,DGP Office,2.5,Chennai
2004-12-09,2004,12,Ambathur,2.0,Chennai
2004-12-09,2004,12,MYLAPORE-TRIPLICANE TALUK,2.0,Chennai
2004-12-09,2004,12,Govt. arts college,2.0,Chennai
2004-12-09,2004,12,Chennai port trust,2.0,Chennai
2004-12-09,2004,12,Pachaiyappa college,0.2,Chennai
2004-12-13,2004,12,MYLAPORE-TRIPLICANE TALUK,2.5,Chennai
2004-12-13,2004,12,Chennai AP,2.2,Chennai
2004-12-13,2004,12,DGP Office,2.0,Chennai
2004-12-13,2004,12,Anna university,1.0,Chennai
2004-12-13,2004,12,Pachaiyappa college,0.9,Chennai
2004-12-13,2004,12,Chennai nungambakkam,0.9,Chennai
2004-12-14,2004,12,Chennai AP,4.4,Chennai
2004-12-14,2004,12,Chennai nungambakkam,0.4,Chennai
2004-12-14,2004,12,Pachaiyappa college,0.2,Chennai
2004-12-14,2004,12,DGP Office,0.1,Chennai
2004-12-29,2004,12,Pachaiyappa college,0.2,Chennai
2004-12-29,2004,12,Chennai AP,0.2,Chennai
2004-12-29,2004,12,Chennai nungambakkam,0.1,Chennai
2005-01-22,2005,1,Chennai AP,0.3,Chennai
2005-01-23,2005,1,Chennai nungambakkam,2.0,Chennai
2005-02-02,2005,2,Chennai AP,5.5,Chennai
2005-02-02,2005,2,Chennai nungambakkam,0.2,Chennai
2005-02-03,2005,2,Chennai nungambakkam,0.2,Chennai
2005-02-04,2005,2,Chennai nungambakkam,4.8,Chennai
2005-02-04,2005,2,Chennai AP,1.2,Chennai
2005-03-09,2005,3,Chennai AP,1.6,Chennai
2005-04-03,2005,4,Chennai AP,5.6,Chennai
2005-04-03,2005,4,Anna university,3.5,Chennai
2005-04-03,2005,4,DGP Office,0.3,Chennai
2005-04-03,2005,4,Pachaiyappa college,0.2,Chennai
2005-04-03,2005,4,Chennai nungambakkam,0.2,Chennai
2005-04-03,2005,4,MYLAPORE-TRIPLICANE TALUK,0.1,Chennai
2005-04-04,2005,4,Chennai AP,0.4,Chennai
2005-04-04,2005,4,Anna university,0.3,Chennai
2005-04-04,2005,4,MYLAPORE-TRIPLICANE TALUK,0.2,Chennai
2005-04-04,2005,4,DGP Office,0.1,Chennai
2005-04-04,2005,4,Chennai nungambakkam,0.1,Chennai
2005-04-05,2005,4,MYLAPORE-TRIPLICANE TALUK,40.0,Chennai
2005-04-05,2005,4,DGP Office,38.4,Chennai
2005-04-05,2005,4,Chennai AP,30.6,Chennai
2005-04-05,2005,4,Anna university,28.5,Chennai
2005-04-05,2005,4,Chennai nungambakkam,21.6,Chennai
2005-04-05,2005,4,Pachaiyappa college,16.4,Chennai
2005-04-05,2005,4,Govt. arts college,12.0,Chennai
2005-04-05,2005,4,Chennai port trust,8.0,Chennai
2005-04-05,2005,4,Ambathur,1.0,Chennai
2005-04-06,2005,4,Chennai AP,121.6,Chennai
2005-04-06,2005,4,Ambathur,77.0,Chennai
2005-04-06,2005,4,MYLAPORE-TRIPLICANE TALUK,62.0,Chennai
2005-04-06,2005,4,Pachaiyappa college,60.8,Chennai
2005-04-06,2005,4,Chennai nungambakkam,60.1,Chennai
2005-04-06,2005,4,DGP Office,58.0,Chennai
2005-04-06,2005,4,Chennai port trust,48.0,Chennai
2005-04-06,2005,4,Govt. arts college,42.0,Chennai
2005-04-06,2005,4,Anna university,25.5,Chennai
2005-04-07,2005,4,Chennai AP,2.1,Chennai
2005-04-07,2005,4,Anna university,1.4,Chennai
2005-04-07,2005,4,Pachaiyappa college,1.2,Chennai
2005-04-07,2005,4,Govt. arts college,1.0,Chennai
2005-04-07,2005,4,Chennai port trust,1.0,Chennai
2005-04-07,2005,4,Chennai nungambakkam,1.0,Chennai
2005-04-08,2005,4,Chennai AP,1.5,Chennai
2005-04-11,2005,4,DGP Office,2.0,Chennai
2005-04-11,2005,4,MYLAPORE-TRIPLICANE TALUK,1.8,Chennai
2005-04-12,2005,4,Ambathur,12.5,Chennai
2005-04-12,2005,4,Chennai AP,0.1,Chennai
2005-04-29,2005,4,Chennai AP,0.6,Chennai
2005-04-29,2005,4,Chennai nungambakkam,0.2,Chennai
2005-04-30,2005,4,Pachaiyappa college,0.8,Chennai
2005-05-01,2005,5,Anna university,2.0,Chennai
2005-05-01,2005,5,Chennai nungambakkam,0.1,Chennai
2005-05-02,2005,5,DGP Office,35.2,Chennai
2005-05-02,2005,5,MYLAPORE-TRIPLICANE TALUK,34.8,Chennai
2005-05-02,2005,5,Chennai AP,34.0,Chennai
2005-05-02,2005,5,Anna university,33.2,Chennai
2005-05-02,2005,5,Chennai nungambakkam,30.6,Chennai
2005-05-02,2005,5,Pachaiyappa college,25.1,Chennai
2005-05-02,2005,5,Chennai port trust,22.0,Chennai
2005-05-02,2005,5,Govt. arts college,21.0,Chennai
2005-05-02,2005,5,Ambathur,8.0,Chennai
2005-05-04,2005,5,Chennai AP,17.8,Chennai
2005-05-04,2005,5,Ambathur,14.0,Chennai
2005-05-04,2005,5,Chennai nungambakkam,0.2,Chennai
2005-05-05,2005,5,Ambathur,4.0,Chennai
2005-05-05,2005,5,Chennai AP,0.6,Chennai
2005-06-09,2005,6,Ambathur,32.0,Chennai
2005-06-09,2005,6,Chennai port trust,18.0,Chennai
2005-06-09,2005,6,Chennai nungambakkam,14.8,Chennai
2005-06-09,2005,6,Govt. arts college,14.0,Chennai
2005-06-09,2005,6,Pachaiyappa college,6.8,Chennai
2005-06-09,2005,6,Anna university,5.0,Chennai
2005-06-09,2005,6,Chennai AP,3.6,Chennai
2005-06-09,2005,6,DGP Office,3.2,Chennai
2005-06-09,2005,6,MYLAPORE-TRIPLICANE TALUK,3.0,Chennai
2005-06-21,2005,6,Chennai nungambakkam,11.4,Chennai
2005-06-21,2005,6,Ambathur,3.0,Chennai
2005-06-21,2005,6,Chennai AP,3.0,Chennai
2005-06-21,2005,6,Pachaiyappa college,2.4,Chennai
2005-06-22,2005,6,Chennai nungambakkam,0.1,Chennai
2005-06-23,2005,6,Chennai nungambakkam,4.3,Chennai
2005-06-23,2005,6,Anna university,2.7,Chennai
2005-06-23,2005,6,Pachaiyappa college,2.4,Chennai
2005-06-23,2005,6,Chennai AP,2.1,Chennai
2005-06-25,2005,6,Chennai AP,4.8,Chennai
2005-06-25,2005,6,Ambathur,1.0,Chennai
2005-07-03,2005,7,Pachaiyappa college,3.8,Chennai
2005-07-03,2005,7,Chennai nungambakkam,1.0,Chennai
2005-07-03,2005,7,Chennai AP,0.1,Chennai
2005-07-06,2005,7,Ambathur,7.0,Chennai
2005-07-06,2005,7,DGP Office,6.0,Chennai
2005-07-06,2005,7,MYLAPORE-TRIPLICANE TALUK,5.5,Chennai
2005-07-06,2005,7,Chennai AP,2.4,Chennai
2005-07-06,2005,7,Chennai nungambakkam,1.3,Chennai
2005-07-06,2005,7,Pachaiyappa college,0.6,Chennai
2005-07-07,2005,7,Chennai AP,0.1,Chennai
2005-07-08,2005,7,Chennai nungambakkam,4.5,Chennai
2005-07-08,2005,7,Pachaiyappa college,4.3,Chennai
2005-07-09,2005,7,DGP Office,3.0,Chennai
2005-07-09,2005,7,MYLAPORE-TRIPLICANE TALUK,2.8,Chennai
2005-07-09,2005,7,Chennai AP,1.4,Chennai
2005-07-09,2005,7,Pachaiyappa college,0.6,Chennai
2005-07-09,2005,7,Chennai nungambakkam,0.5,Chennai
2005-07-10,2005,7,Chennai nungambakkam,0.5,Chennai
2005-07-11,2005,7,Chennai AP,0.1,Chennai
2005-07-12,2005,7,Chennai nungambakkam,0.8,Chennai
2005-07-12,2005,7,Chennai AP,0.1,Chennai
2005-07-20,2005,7,Chennai nungambakkam,11.8,Chennai
2005-07-20,2005,7,Pachaiyappa college,6.1,Chennai
2005-07-20,2005,7,Ambathur,4.0,Chennai
2005-07-21,2005,7,DGP Office,60.0,Chennai
2005-07-21,2005,7,MYLAPORE-TRIPLICANE TALUK,58.5,Chennai
2005-07-21,2005,7,Chennai nungambakkam,56.0,Chennai
2005-07-21,2005,7,Chennai port trust,51.0,Chennai
2005-07-21,2005,7,Pachaiyappa college,49.8,Chennai
2005-07-21,2005,7,Govt. arts college,45.0,Chennai
2005-07-21,2005,7,Chennai AP,37.8,Chennai
2005-07-21,2005,7,Anna university,33.4,Chennai
2005-07-21,2005,7,Ambathur,16.0,Chennai
2005-07-22,2005,7,Ambathur,7.0,Chennai
2005-07-23,2005,7,Ambathur,29.0,Chennai
2005-07-23,2005,7,Chennai port trust,15.5,Chennai
2005-07-23,2005,7,Chennai AP,12.8,Chennai
2005-07-23,2005,7,Govt. arts college,12.0,Chennai
2005-07-23,2005,7,Chennai nungambakkam,11.6,Chennai
2005-07-23,2005,7,DGP Office,10.5,Chennai
2005-07-23,2005,7,MYLAPORE-TRIPLICANE TALUK,10.0,Chennai
2005-07-23,2005,7,Anna university,8.8,Chennai
2005-07-23,2005,7,Pachaiyappa college,8.6,Chennai
2005-07-24,2005,7,MYLAPORE-TRIPLICANE TALUK,60.0,Chennai
2005-07-24,2005,7,Chennai nungambakkam,58.8,Chennai
2005-07-24,2005,7,DGP Office,58.2,Chennai
2005-07-24,2005,7,Pachaiyappa college,50.2,Chennai
2005-07-24,2005,7,Anna university,38.0,Chennai
2005-07-24,2005,7,Chennai AP,29.9,Chennai
2005-07-24,2005,7,Chennai port trust,24.0,Chennai
2005-07-24,2005,7,Ambathur,23.0,Chennai
2005-07-24,2005,7,Govt. arts college,22.0,Chennai
2005-07-26,2005,7,DGP Office,13.5,Chennai
2005-07-26,2005,7,MYLAPORE-TRIPLICANE TALUK,12.0,Chennai
2005-07-26,2005,7,Anna university,8.0,Chennai
2005-07-26,2005,7,Chennai AP,3.3,Chennai
2005-07-26,2005,7,Pachaiyappa college,0.8,Chennai
2005-07-26,2005,7,Chennai nungambakkam,0.1,Chennai
2005-07-27,2005,7,DGP Office,3.2,Chennai
2005-07-27,2005,7,MYLAPORE-TRIPLICANE TALUK,3.0,Chennai
2005-07-27,2005,7,Chennai nungambakkam,2.8,Chennai
2005-07-27,2005,7,Ambathur,1.0,Chennai
2005-07-27,2005,7,Pachaiyappa college,1.0,Chennai
2005-07-27,2005,7,Chennai AP,0.8,Chennai
2005-07-29,2005,7,Chennai AP,1.9,Chennai
2005-07-29,2005,7,Chennai port trust,1.5,Chennai
2005-07-29,2005,7,Chennai nungambakkam,1.5,Chennai
2005-07-29,2005,7,Pachaiyappa college,1.3,Chennai
2005-07-29,2005,7,Govt. arts college,1.3,Chennai
2005-07-29,2005,7,MYLAPORE-TRIPLICANE TALUK,1.0,Chennai
2005-07-29,2005,7,DGP Office,1.0,Chennai
2005-07-29,2005,7,Anna university,0.2,Chennai
2005-07-30,2005,7,Chennai nungambakkam,0.2,Chennai
2005-08-01,2005,8,Chennai port trust,2.0,Chennai
2005-08-01,2005,8,Chennai nungambakkam,1.5,Chennai
2005-08-01,2005,8,Pachaiyappa college,0.4,Chennai
2005-08-06,2005,8,Chennai AP,1.0,Chennai
2005-08-08,2005,8,DGP Office,2.3,Chennai
2005-08-08,2005,8,MYLAPORE-TRIPLICANE TALUK,2.0,Chennai
2005-08-09,2005,8,Ambathur,2.0,Chennai
2005-08-10,2005,8,Chennai nungambakkam,0.2,Chennai
2005-08-10,2005,8,Chennai AP,0.1,Chennai
2005-08-11,2005,8,Chennai AP,5.0,Chennai
2005-08-11,2005,8,Anna university,1.4,Chennai
2005-08-11,2005,8,DGP Office,1.2,Chennai
2005-08-11,2005,8,MYLAPORE-TRIPLICANE TALUK,1.0,Chennai
2005-08-14,2005,8,Ambathur,8.0,Chennai
2005-08-15,2005,8,Ambathur,35.0,Chennai
2005-08-15,2005,8,Chennai AP,35.0,Chennai
2005-08-15,2005,8,DGP Office,22.6,Chennai
2005-08-15,2005,8,Anna university,22.3,Chennai
2005-08-15,2005,8,MYLAPORE-TRIPLICANE TALUK,21.4,Chennai
2005-08-15,2005,8,Chennai nungambakkam,21.2,Chennai
2005-08-15,2005,8,Pachaiyappa college,21.1,Chennai
2005-08-15,2005,8,Chennai port trust,21.0,Chennai
2005-08-15,2005,8,Govt. arts college,18.0,Chennai
2005-08-16,2005,8,Ambathur,38.0,Chennai
2005-08-16,2005,8,Chennai nungambakkam,14.9,Chennai
2005-08-16,2005,8,DGP Office,12.5,Chennai
2005-08-16,2005,8,Chennai port trust,12.0,Chennai
2005-08-16,2005,8,Chennai AP,11.3,Chennai
2005-08-16,2005,8,Anna university,11.0,Chennai
2005-08-16,2005,8,MYLAPORE-TRIPLICANE TALUK,11.0,Chennai
2005-08-16,2005,8,Pachaiyappa college,10.2,Chennai
2005-08-16,2005,8,Govt. arts college,10.0,Chennai
2005-08-17,2005,8,Ambathur,17.0,Chennai
2005-08-17,2005,8,DGP Office,6.5,Chennai
2005-08-17,2005,8,MYLAPORE-TRIPLICANE TALUK,6.2,Chennai
2005-08-17,2005,8,Anna university,4.4,Chennai
2005-08-17,2005,8,Chennai nungambakkam,3.6,Chennai
2005-08-17,2005,8,Pachaiyappa college,2.2,Chennai
2005-08-17,2005,8,Chennai AP,0.2,Chennai
2005-08-20,2005,8,Chennai AP,7.0,Chennai
2005-08-20,2005,8,Chennai nungambakkam,0.4,Chennai
2005-08-26,2005,8,Pachaiyappa college,25.5,Chennai
2005-08-26,2005,8,Anna university,13.8,Chennai
2005-08-26,2005,8,DGP Office,12.5,Chennai
2005-08-26,2005,8,MYLAPORE-TRIPLICANE TALUK,12.0,Chennai
2005-08-26,2005,8,Chennai nungambakkam,10.6,Chennai
2005-08-26,2005,8,Ambathur,6.0,Chennai
2005-08-26,2005,8,Chennai AP,3.4,Chennai
2005-08-27,2005,8,Ambathur,25.0,Chennai
2005-08-27,2005,8,Pachaiyappa college,0.8,Chennai
2005-08-27,2005,8,Chennai nungambakkam,0.1,Chennai
2005-08-31,2005,8,Anna university,3.2,Chennai
2005-08-31,2005,8,Chennai AP,2.8,Chennai
2005-08-31,2005,8,Chennai nungambakkam,1.2,Chennai
2005-09-01,2005,9,Ambathur,21.0,Chennai
2005-09-01,2005,9,Chennai port trust,6.0,Chennai
2005-09-01,2005,9,Govt. arts college,4.0,Chennai
2005-09-01,2005,9,Chennai nungambakkam,3.0,Chennai
2005-09-01,2005,9,Pachaiyappa college,2.6,Chennai
2005-09-07,2005,9,Chennai AP,12.0,Chennai
2005-09-07,2005,9,Anna university,9.6,Chennai
2005-09-07,2005,9,Chennai nungambakkam,6.7,Chennai
2005-09-07,2005,9,Pachaiyappa college,6.3,Chennai
2005-09-07,2005,9,MYLAPORE-TRIPLICANE TALUK,3.2,Chennai
2005-09-07,2005,9,DGP Office,3.0,Chennai
2005-09-07,2005,9,Ambathur,2.0,Chennai
2005-09-08,2005,9,Ambathur,18.0,Chennai
2005-09-08,2005,9,DGP Office,5.4,Chennai
2005-09-08,2005,9,MYLAPORE-TRIPLICANE TALUK,5.2,Chennai
2005-09-08,2005,9,Chennai nungambakkam,4.3,Chennai
2005-09-08,2005,9,Chennai AP,2.6,Chennai
2005-09-08,2005,9,Anna university,2.0,Chennai
2005-09-08,2005,9,Chennai port trust,2.0,Chennai
2005-09-08,2005,9,Govt. arts college,1.5,Chennai
2005-09-08,2005,9,Pachaiyappa college,1.4,Chennai
2005-09-09,2005,9,Chennai AP,50.9,Chennai
2005-09-09,2005,9,Chennai port trust,30.0,Chennai
2005-09-09,2005,9,Govt. arts college,27.0,Chennai
2005-09-09,2005,9,DGP Office,8.6,Chennai
2005-09-09,2005,9,MYLAPORE-TRIPLICANE TALUK,8.4,Chennai
2005-09-09,2005,9,Chennai nungambakkam,5.5,Chennai
2005-09-09,2005,9,Anna university,5.2,Chennai
2005-09-09,2005,9,Ambathur,5.0,Chennai
2005-09-09,2005,9,Pachaiyappa college,3.3,Chennai
2005-09-10,2005,9,Chennai port trust,30.0,Chennai
2005-09-10,2005,9,Chennai AP,28.0,Chennai
2005-09-10,2005,9,Pachaiyappa college,27.2,Chennai
2005-09-10,2005,9,Govt. arts college,27.0,Chennai
2005-09-10,2005,9,Chennai nungambakkam,14.1,Chennai
2005-09-10,2005,9,Ambathur,12.0,Chennai
2005-09-10,2005,9,DGP Office,7.4,Chennai
2005-09-10,2005,9,MYLAPORE-TRIPLICANE TALUK,7.0,Chennai
2005-09-10,2005,9,Anna university,5.2,Chennai
2005-09-11,2005,9,Ambathur,40.0,Chennai
2005-09-11,2005,9,Pachaiyappa college,29.0,Chennai
2005-09-11,2005,9,Chennai nungambakkam,24.6,Chennai
2005-09-11,2005,9,DGP Office,21.4,Chennai
2005-09-11,2005,9,MYLAPORE-TRIPLICANE TALUK,21.0,Chennai
2005-09-11,2005,9,Anna university,19.6,Chennai
2005-09-11,2005,9,Chennai port trust,16.0,Chennai
2005-09-11,2005,9,Govt. arts college,15.0,Chennai
2005-09-11,2005,9,Chennai AP,12.4,Chennai
2005-09-23,2005,9,Ambathur,36.0,Chennai
2005-09-23,2005,9,Chennai nungambakkam,1.8,Chennai
2005-09-23,2005,9,Chennai AP,0.1,Chennai
2005-09-25,2005,9,Chennai nungambakkam,39.0,Chennai
2005-09-25,2005,9,Ambathur,38.0,Chennai
2005-09-25,2005,9,Pachaiyappa college,34.2,Chennai
2005-09-25,2005,9,DGP Office,30.2,Chennai
2005-09-25,2005,9,Chennai AP,28.8,Chennai
2005-09-25,2005,9,MYLAPORE-TRIPLICANE TALUK,28.0,Chennai
2005-09-25,2005,9,Anna university,22.8,Chennai
2005-09-25,2005,9,Chennai port trust,16.0,Chennai
2005-09-25,2005,9,Govt. arts college,14.0,Chennai
2005-09-26,2005,9,Ambathur,37.0,Chennai
2005-09-28,2005,9,DGP Office,5.2,Chennai
2005-09-28,2005,9,MYLAPORE-TRIPLICANE TALUK,5.0,Chennai
2005-09-28,2005,9,Anna university,0.8,Chennai
2005-09-28,2005,9,Chennai nungambakkam,0.8,Chennai
2005-09-30,2005,9,Chennai AP,6.0,Chennai
2005-09-30,2005,9,DGP Office,3.4,Chennai
2005-09-30,2005,9,Ambathur,3.0,Chennai
2005-09-30,2005,9,Govt. arts college,3.0,Chennai
2005-09-30,2005,9,Anna university,1.6,Chennai
2005-09-30,2005,9,Chennai nungambakkam,0.9,Chennai
2005-09-30,2005,9,Pachaiyappa college,0.5,Chennai
2005-09-30,2005,9,Chennai port trust,0.5,Chennai
2005-09-30,2005,9,MYLAPORE-TRIPLICANE TALUK,0.3,Chennai
2005-10-02,2005,10,Chennai AP,26.9,Chennai
2005-10-02,2005,10,Anna university,1.8,Chennai
2005-10-03,2005,10,Chennai AP,15.2,Chennai
2005-10-03,2005,10,Anna university,0.2,Chennai
2005-10-03,2005,10,Chennai nungambakkam,0.1,Chennai
2005-10-07,2005,10,Chennai AP,12.7,Chennai
2005-10-10,2005,10,Chennai port trust,37.0,Chennai
2005-10-10,2005,10,Govt. arts college,35.0,Chennai
2005-10-10,2005,10,MYLAPORE-TRIPLICANE TALUK,23.6,Chennai
2005-10-10,2005,10,Chennai nungambakkam,23.6,Chennai
2005-10-10,2005,10,Anna university,23.4,Chennai
2005-10-10,2005,10,DGP Office,23.4,Chennai
2005-10-10,2005,10,Pachaiyappa college,18.2,Chennai
2005-10-10,2005,10,Chennai AP,16.0,Chennai
2005-10-10,2005,10,Ambathur,3.0,Chennai
2005-10-11,2005,10,Ambathur,22.0,Chennai
2005-10-11,2005,10,Chennai port trust,9.0,Chennai
2005-10-11,2005,10,Govt. arts college,7.0,Chennai
2005-10-11,2005,10,Pachaiyappa college,5.2,Chennai
2005-10-11,2005,10,Anna university,5.2,Chennai
2005-10-11,2005,10,Chennai nungambakkam,4.8,Chennai
2005-10-11,2005,10,Chennai AP,2.8,Chennai
2005-10-11,2005,10,DGP Office,1.2,Chennai
2005-10-11,2005,10,MYLAPORE-TRIPLICANE TALUK,1.0,Chennai
2005-10-12,2005,10,Chennai nungambakkam,92.5,Chennai
2005-10-12,2005,10,Anna university,91.0,Chennai
2005-10-12,2005,10,DGP Office,81.8,Chennai
2005-10-12,2005,10,Pachaiyappa college,80.0,Chennai
2005-10-12,2005,10,MYLAPORE-TRIPLICANE TALUK,80.0,Chennai
2005-10-12,2005,10,Ambathur,74.0,Chennai
2005-10-12,2005,10,Chennai AP,66.0,Chennai
2005-10-12,2005,10,Chennai port trust,18.0,Chennai
2005-10-12,2005,10,Govt. arts college,11.0,Chennai
2005-10-13,2005,10,Chennai nungambakkam,152.2,Chennai
2005-10-13,2005,10,Pachaiyappa college,134.0,Chennai
2005-10-13,2005,10,DGP Office,126.6,Chennai
2005-10-13,2005,10,Anna university,126.2,Chennai
2005-10-13,2005,10,MYLAPORE-TRIPLICANE TALUK,121.0,Chennai
2005-10-13,2005,10,Chennai AP,93.8,Chennai
2005-10-13,2005,10,Ambathur,64.0,Chennai
2005-10-13,2005,10,Chennai port trust,50.0,Chennai
2005-10-13,2005,10,Govt. arts college,48.0,Chennai
2005-10-14,2005,10,Pachaiyappa college,45.0,Chennai
2005-10-14,2005,10,Ambathur,43.0,Chennai
2005-10-14,2005,10,DGP Office,38.2,Chennai
2005-10-14,2005,10,Anna university,19.6,Chennai
2005-10-14,2005,10,MYLAPORE-TRIPLICANE TALUK,19.5,Chennai
2005-10-14,2005,10,Chennai AP,19.2,Chennai
2005-10-14,2005,10,Chennai nungambakkam,19.0,Chennai
2005-10-14,2005,10,Chennai port trust,15.0,Chennai
2005-10-14,2005,10,Govt. arts college,14.0,Chennai
2005-10-16,2005,10,MYLAPORE-TRIPLICANE TALUK,19.0,Chennai
2005-10-16,2005,10,Chennai nungambakkam,5.0,Chennai
2005-10-16,2005,10,Govt. arts college,3.0,Chennai
2005-10-16,2005,10,Pachaiyappa college,0.2,Chennai
2005-10-18,2005,10,Chennai nungambakkam,6.1,Chennai
2005-10-18,2005,10,Anna university,1.4,Chennai
2005-10-18,2005,10,Pachaiyappa college,0.5,Chennai
2005-10-19,2005,10,Ambathur,59.0,Chennai
2005-10-19,2005,10,DGP Office,53.0,Chennai
2005-10-19,2005,10,Pachaiyappa college,33.0,Chennai
2005-10-19,2005,10,Anna university,30.0,Chennai
2005-10-19,2005,10,MYLAPORE-TRIPLICANE TALUK,30.0,Chennai
2005-10-19,2005,10,Govt. arts college,28.0,Chennai
2005-10-19,2005,10,Chennai port trust,26.0,Chennai
2005-10-19,2005,10,Chennai AP,20.4,Chennai
2005-10-19,2005,10,Chennai nungambakkam,19.8,Chennai
2005-10-20,2005,10,Pachaiyappa college,74.0,Chennai
2005-10-20,2005,10,DGP Office,44.4,Chennai
2005-10-20,2005,10,Ambathur,44.0,Chennai
2005-10-20,2005,10,Chennai nungambakkam,37.0,Chennai
2005-10-20,2005,10,Chennai AP,34.6,Chennai
2005-10-20,2005,10,Anna university,23.4,Chennai
2005-10-20,2005,10,Govt. arts college,16.0,Chennai
2005-10-20,2005,10,MYLAPORE-TRIPLICANE TALUK,14.0,Chennai
2005-10-20,2005,10,Chennai port trust,10.0,Chennai
2005-10-21,2005,10,Chennai AP,19.2,Chennai
2005-10-21,2005,10,DGP Office,6.8,Chennai
2005-10-21,2005,10,Anna university,2.4,Chennai
2005-10-21,2005,10,MYLAPORE-TRIPLICANE TALUK,2.0,Chennai
2005-10-21,2005,10,Chennai nungambakkam,2.0,Chennai
2005-10-21,2005,10,Govt. arts college,1.7,Chennai
2005-10-21,2005,10,Chennai port trust,1.5,Chennai
2005-10-21,2005,10,Pachaiyappa college,0.7,Chennai
2005-10-22,2005,10,Chennai AP,4.3,Chennai
2005-10-23,2005,10,Chennai AP,33.0,Chennai
2005-10-23,2005,10,Chennai port trust,27.0,Chennai
2005-10-23,2005,10,DGP Office,19.8,Chennai
2005-10-23,2005,10,Govt. arts college,18.0,Chennai
2005-10-23,2005,10,Chennai nungambakkam,15.2,Chennai
2005-10-23,2005,10,Ambathur,12.0,Chennai
2005-10-23,2005,10,MYLAPORE-TRIPLICANE TALUK,4.6,Chennai
2005-10-23,2005,10,Anna university,3.6,Chennai
2005-10-23,2005,10,Pachaiyappa college,1.1,Chennai
2005-10-24,2005,10,Pachaiyappa college,71.0,Chennai
2005-10-24,2005,10,Govt. arts college,49.0,Chennai
2005-10-24,2005,10,Chennai nungambakkam,37.3,Chennai
2005-10-24,2005,10,Chennai port trust,34.0,Chennai
2005-10-24,2005,10,DGP Office,27.6,Chennai
2005-10-24,2005,10,Chennai AP,24.7,Chennai
2005-10-24,2005,10,Ambathur,22.0,Chennai
2005-10-24,2005,10,Anna university,19.8,Chennai
2005-10-24,2005,10,MYLAPORE-TRIPLICANE TALUK,14.6,Chennai
2005-10-25,2005,10,Chennai port trust,156.0,Chennai
2005-10-25,2005,10,Chennai nungambakkam,116.0,Chennai
2005-10-25,2005,10,Govt. arts college,98.0,Chennai
2005-10-25,2005,10,Pachaiyappa college,97.0,Chennai
2005-10-25,2005,10,DGP Office,39.0,Chennai
2005-10-25,2005,10,MYLAPORE-TRIPLICANE TALUK,30.0,Chennai
2005-10-25,2005,10,Anna university,28.2,Chennai
2005-10-25,2005,10,Chennai AP,27.5,Chennai
2005-10-25,2005,10,Ambathur,6.0,Chennai
2005-10-26,2005,10,Ambathur,40.0,Chennai
2005-10-26,2005,10,Chennai port trust,30.0,Chennai
2005-10-26,2005,10,Govt. arts college,28.0,Chennai
2005-10-26,2005,10,DGP Office,22.8,Chennai
2005-10-26,2005,10,Pachaiyappa college,21.0,Chennai
2005-10-26,2005,10,Chennai nungambakkam,20.0,Chennai
2005-10-26,2005,10,Anna university,14.8,Chennai
2005-10-26,2005,10,MYLAPORE-TRIPLICANE TALUK,13.6,Chennai
2005-10-26,2005,10,Chennai AP,13.0,Chennai
2005-10-27,2005,10,Chennai port trust,290.5,Chennai
2005-10-27,2005,10,Govt. arts college,285.0,Chennai
2005-10-27,2005,10,MYLAPORE-TRIPLICANE TALUK,280.2,Chennai
2005-10-27,2005,10,DGP Office,280.0,Chennai
2005-10-27,2005,10,Chennai nungambakkam,272.5,Chennai
2005-10-27,2005,10,Chennai AP,211.0,Chennai
2005-10-27,2005,10,Anna university,198.4,Chennai
2005-10-27,2005,10,Pachaiyappa college,196.0,Chennai
2005-10-27,2005,10,Ambathur,125.0,Chennai
2005-10-28,2005,10,Pachaiyappa college,278.5,Chennai
2005-10-28,2005,10,Ambathur,241.0,Chennai
2005-10-28,2005,10,DGP Office,180.2,Chennai
2005-10-28,2005,10,MYLAPORE-TRIPLICANE TALUK,178.6,Chennai
2005-10-28,2005,10,Anna university,172.8,Chennai
2005-10-28,2005,10,Govt. arts college,165.0,Chennai
2005-10-28,2005,10,Chennai nungambakkam,160.1,Chennai
2005-10-28,2005,10,Chennai AP,149.7,Chennai
2005-10-28,2005,10,Chennai port trust,118.5,Chennai
2005-10-30,2005,10,Chennai nungambakkam,0.4,Chennai
2005-10-31,2005,10,Chennai nungambakkam,93.6,Chennai
2005-10-31,2005,10,Govt. arts college,26.0,Chennai
2005-10-31,2005,10,MYLAPORE-TRIPLICANE TALUK,17.0,Chennai
2005-10-31,2005,10,Pachaiyappa college,14.9,Chennai
2005-10-31,2005,10,Chennai port trust,4.0,Chennai
2005-10-31,2005,10,DGP Office,3.0,Chennai
2005-10-31,2005,10,Ambathur,1.0,Chennai
2005-11-01,2005,11,Ambathur,15.0,Chennai
2005-11-02,2005,11,Chennai nungambakkam,5.8,Chennai
2005-11-02,2005,11,Pachaiyappa college,0.5,Chennai
2005-11-02,2005,11,DGP Office,0.4,Chennai
2005-11-03,2005,11,Chennai AP,4.9,Chennai
2005-11-03,2005,11,Anna university,1.2,Chennai
2005-11-03,2005,11,MYLAPORE-TRIPLICANE TALUK,1.0,Chennai
2005-11-04,2005,11,Chennai AP,29.8,Chennai
2005-11-04,2005,11,Chennai nungambakkam,12.8,Chennai
2005-11-04,2005,11,DGP Office,9.8,Chennai
2005-11-04,2005,11,Pachaiyappa college,9.5,Chennai
2005-11-04,2005,11,Anna university,9.4,Chennai
2005-11-04,2005,11,MYLAPORE-TRIPLICANE TALUK,9.0,Chennai
2005-11-04,2005,11,Chennai port trust,5.0,Chennai
2005-11-04,2005,11,Govt. arts college,3.5,Chennai
2005-11-05,2005,11,Ambathur,95.0,Chennai
2005-11-05,2005,11,Pachaiyappa college,49.5,Chennai
2005-11-05,2005,11,Chennai nungambakkam,42.8,Chennai
2005-11-05,2005,11,DGP Office,41.6,Chennai
2005-11-05,2005,11,MYLAPORE-TRIPLICANE TALUK,40.0,Chennai
2005-11-05,2005,11,Chennai port trust,27.5,Chennai
2005-11-05,2005,11,Govt. arts college,25.0,Chennai
2005-11-05,2005,11,Chennai AP,23.8,Chennai
2005-11-05,2005,11,Anna university,20.5,Chennai
2005-11-06,2005,11,Chennai AP,107.0,Chennai
2005-11-06,2005,11,Anna university,106.6,Chennai
2005-11-06,2005,11,DGP Office,102.6,Chennai
2005-11-06,2005,11,MYLAPORE-TRIPLICANE TALUK,102.2,Chennai
2005-11-06,2005,11,Chennai nungambakkam,91.1,Chennai
2005-11-06,2005,11,Pachaiyappa college,83.1,Chennai
2005-11-06,2005,11,Chennai port trust,46.0,Chennai
2005-11-06,2005,11,Ambathur,44.0,Chennai
2005-11-06,2005,11,Govt. arts college,42.0,Chennai
2005-11-07,2005,11,Anna university,143.6,Chennai
2005-11-07,2005,11,Pachaiyappa college,138.6,Chennai
2005-11-07,2005,11,DGP Office,138.4,Chennai
2005-11-07,2005,11,MYLAPORE-TRIPLICANE TALUK,137.2,Chennai
2005-11-07,2005,11,Chennai nungambakkam,136.0,Chennai
2005-11-07,2005,11,Chennai AP,125.0,Chennai
2005-11-07,2005,11,Govt. arts college,108.0,Chennai
2005-11-07,2005,11,Ambathur,103.0,Chennai
2005-11-07,2005,11,Chennai port trust,72.0,Chennai
2005-11-08,2005,11,Anna university,25.2,Chennai
2005-11-08,2005,11,Chennai AP,24.8,Chennai
2005-11-08,2005,11,DGP Office,24.4,Chennai
2005-11-08,2005,11,MYLAPORE-TRIPLICANE TALUK,24.2,Chennai
2005-11-08,2005,11,Pachaiyappa college,22.1,Chennai
2005-11-08,2005,11,Chennai nungambakkam,16.6,Chennai
2005-11-08,2005,11,Chennai port trust,5.0,Chennai
2005-11-08,2005,11,Govt. arts college,4.2,Chennai
2005-11-08,2005,11,Ambathur,0.5,Chennai
2005-11-09,2005,11,Ambathur,40.0,Chennai
2005-11-09,2005,11,Chennai nungambakkam,10.0,Chennai
2005-11-09,2005,11,Anna university,9.2,Chennai
2005-11-09,2005,11,Govt. arts college,8.0,Chennai
2005-11-09,2005,11,Chennai AP,7.8,Chennai
2005-11-09,2005,11,DGP Office,7.6,Chennai
2005-11-09,2005,11,MYLAPORE-TRIPLICANE TALUK,7.0,Chennai
2005-11-09,2005,11,Pachaiyappa college,6.8,Chennai
2005-11-09,2005,11,Chennai port trust,4.0,Chennai
2005-11-10,2005,11,Govt. arts college,5.0,Chennai
2005-11-10,2005,11,Chennai nungambakkam,4.2,Chennai
2005-11-10,2005,11,Anna university,3.6,Chennai
2005-11-10,2005,11,Chennai AP,3.6,Chennai
2005-11-10,2005,11,Ambathur,3.0,Chennai
2005-11-10,2005,11,Chennai port trust,3.0,Chennai
2005-11-10,2005,11,DGP Office,1.8,Chennai
2005-11-10,2005,11,Pachaiyappa college,1.7,Chennai
2005-11-10,2005,11,MYLAPORE-TRIPLICANE TALUK,1.6,Chennai
2005-11-11,2005,11,Govt. arts college,1.0,Chennai
2005-11-11,2005,11,Chennai port trust,1.0,Chennai
2005-11-12,2005,11,Govt. arts college,20.0,Chennai
2005-11-12,2005,11,Chennai port trust,20.0,Chennai
2005-11-12,2005,11,Chennai nungambakkam,16.5,Chennai
2005-11-12,2005,11,Chennai AP,14.3,Chennai
2005-11-12,2005,11,Ambathur,14.0,Chennai
2005-11-12,2005,11,Pachaiyappa college,8.1,Chennai
2005-11-12,2005,11,Anna university,8.0,Chennai
2005-11-12,2005,11,DGP Office,7.8,Chennai
2005-11-12,2005,11,MYLAPORE-TRIPLICANE TALUK,7.5,Chennai
2005-11-21,2005,11,Anna university,47.2,Chennai
2005-11-21,2005,11,Pachaiyappa college,46.0,Chennai
2005-11-21,2005,11,Chennai AP,39.0,Chennai
2005-11-21,2005,11,DGP Office,36.8,Chennai
2005-11-21,2005,11,MYLAPORE-TRIPLICANE TALUK,36.2,Chennai
2005-11-21,2005,11,Chennai nungambakkam,36.2,Chennai
2005-11-21,2005,11,Govt. arts college,25.0,Chennai
2005-11-21,2005,11,Chennai port trust,20.5,Chennai
2005-11-21,2005,11,Ambathur,9.0,Chennai
2005-11-22,2005,11,Chennai AP,67.0,Chennai
2005-11-22,2005,11,Anna university,64.6,Chennai
2005-11-22,2005,11,Pachaiyappa college,57.0,Chennai
2005-11-22,2005,11,DGP Office,56.6,Chennai
2005-11-22,2005,11,MYLAPORE-TRIPLICANE TALUK,56.2,Chennai
2005-11-22,2005,11,Ambathur,45.0,Chennai
2005-11-22,2005,11,Chennai nungambakkam,43.7,Chennai
2005-11-22,2005,11,Govt. arts college,20.0,Chennai
2005-11-22,2005,11,Chennai port trust,10.0,Chennai
2005-11-23,2005,11,Chennai port trust,60.0,Chennai
2005-11-23,2005,11,Chennai AP,43.2,Chennai
2005-11-23,2005,11,Chennai nungambakkam,37.4,Chennai
2005-11-23,2005,11,Pachaiyappa college,36.0,Chennai
2005-11-23,2005,11,DGP Office,34.2,Chennai
2005-11-23,2005,11,MYLAPORE-TRIPLICANE TALUK,34.0,Chennai
2005-11-23,2005,11,Anna university,32.2,Chennai
2005-11-23,2005,11,Ambathur,28.0,Chennai
2005-11-23,2005,11,Govt. arts college,20.0,Chennai
2005-11-24,2005,11,Ambathur,87.0,Chennai
2005-11-24,2005,11,Chennai nungambakkam,60.3,Chennai
2005-11-24,2005,11,Pachaiyappa college,37.5,Chennai
2005-11-24,2005,11,Anna university,34.8,Chennai
2005-11-24,2005,11,DGP Office,34.6,Chennai
2005-11-24,2005,11,MYLAPORE-TRIPLICANE TALUK,34.0,Chennai
2005-11-24,2005,11,Chennai AP,31.4,Chennai
2005-11-24,2005,11,Govt. arts college,15.0,Chennai
2005-11-24,2005,11,Chennai port trust,15.0,Chennai
2005-11-25,2005,11,Chennai nungambakkam,30.4,Chennai
2005-11-25,2005,11,Ambathur,27.0,Chennai
2005-11-25,2005,11,Anna university,26.4,Chennai
2005-11-25,2005,11,Chennai AP,18.4,Chennai
2005-11-25,2005,11,Pachaiyappa college,18.1,Chennai
2005-11-25,2005,11,DGP Office,17.4,Chennai
2005-11-25,2005,11,MYLAPORE-TRIPLICANE TALUK,17.0,Chennai
2005-11-25,2005,11,Govt. arts college,8.0,Chennai
2005-11-25,2005,11,Chennai port trust,8.0,Chennai
2005-11-26,2005,11,DGP Office,79.2,Chennai
2005-11-26,2005,11,Pachaiyappa college,79.0,Chennai
2005-11-26,2005,11,MYLAPORE-TRIPLICANE TALUK,79.0,Chennai
2005-11-26,2005,11,Anna university,63.6,Chennai
2005-11-26,2005,11,Ambathur,48.0,Chennai
2005-11-26,2005,11,Chennai nungambakkam,44.3,Chennai
2005-11-26,2005,11,Chennai AP,40.9,Chennai
2005-11-26,2005,11,Govt. arts college,35.0,Chennai
2005-11-26,2005,11,Chennai port trust,30.0,Chennai
2005-11-27,2005,11,Ambathur,16.0,Chennai
2005-11-27,2005,11,DGP Office,13.4,Chennai
2005-11-27,2005,11,Pachaiyappa college,13.1,Chennai
2005-11-27,2005,11,MYLAPORE-TRIPLICANE TALUK,13.0,Chennai
2005-11-27,2005,11,Chennai nungambakkam,8.4,Chennai
2005-11-27,2005,11,Anna university,6.8,Chennai
2005-11-27,2005,11,Chennai AP,4.9,Chennai
2005-11-27,2005,11,Chennai port trust,3.0,Chennai
2005-11-27,2005,11,Govt. arts college,1.0,Chennai
2005-11-28,2005,11,Chennai AP,0.2,Chennai
2005-12-02,2005,12,Chennai AP,5.5,Chennai
2005-12-02,2005,12,DGP Office,4.8,Chennai
2005-12-02,2005,12,MYLAPORE-TRIPLICANE TALUK,4.5,Chennai
2005-12-02,2005,12,Chennai nungambakkam,4.5,Chennai
2005-12-02,2005,12,Pachaiyappa college,3.7,Chennai
2005-12-02,2005,12,Anna university,3.2,Chennai
2005-12-02,2005,12,Govt. arts college,1.0,Chennai
2005-12-02,2005,12,Chennai port trust,1.0,Chennai
2005-12-03,2005,12,Chennai AP,281.3,Chennai
2005-12-03,2005,12,Pachaiyappa college,247.0,Chennai
2005-12-03,2005,12,DGP Office,240.8,Chennai
2005-12-03,2005,12,MYLAPORE-TRIPLICANE TALUK,240.0,Chennai
2005-12-03,2005,12,Chennai nungambakkam,229.2,Chennai
2005-12-03,2005,12,Anna university,196.6,Chennai
2005-12-03,2005,12,Govt. arts college,190.0,Chennai
2005-12-03,2005,12,Chennai port trust,189.0,Chennai
2005-12-03,2005,12,Ambathur,146.0,Chennai
2005-12-04,2005,12,Ambathur,28.0,Chennai
2005-12-04,2005,12,Chennai AP,21.7,Chennai
2005-12-04,2005,12,Pachaiyappa college,19.1,Chennai
2005-12-04,2005,12,DGP Office,18.4,Chennai
2005-12-04,2005,12,MYLAPORE-TRIPLICANE TALUK,18.0,Chennai
2005-12-04,2005,12,Chennai nungambakkam,16.7,Chennai
2005-12-04,2005,12,Govt. arts college,16.0,Chennai
2005-12-04,2005,12,Anna university,15.4,Chennai
2005-12-04,2005,12,Chennai port trust,9.6,Chennai
2005-12-05,2005,12,Ambathur,5.0,Chennai
2005-12-05,2005,12,Chennai port trust,2.6,Chennai
2005-12-05,2005,12,Govt. arts college,2.0,Chennai
2005-12-05,2005,12,Pachaiyappa college,0.6,Chennai
2005-12-10,2005,12,Chennai port trust,11.0,Chennai
2005-12-10,2005,12,Anna university,9.4,Chennai
2005-12-10,2005,12,Ambathur,9.0,Chennai
2005-12-10,2005,12,Chennai nungambakkam,8.6,Chennai
2005-12-10,2005,12,Govt. arts college,8.0,Chennai
2005-12-10,2005,12,Chennai AP,5.4,Chennai
2005-12-10,2005,12,DGP Office,2.8,Chennai
2005-12-10,2005,12,MYLAPORE-TRIPLICANE TALUK,2.6,Chennai
2005-12-10,2005,12,Pachaiyappa college,2.4,Chennai
2005-12-11,2005,12,Ambathur,22.0,Chennai
2005-12-11,2005,12,Chennai nungambakkam,8.9,Chennai
2005-12-11,2005,12,Govt. arts college,7.0,Chennai
2005-12-11,2005,12,Pachaiyappa college,5.1,Chennai
2005-12-11,2005,12,Chennai port trust,4.8,Chennai
2005-12-11,2005,12,Anna university,3.6,Chennai
2005-12-11,2005,12,Chennai AP,2.4,Chennai
2005-12-11,2005,12,DGP Office,1.7,Chennai
2005-12-11,2005,12,MYLAPORE-TRIPLICANE TALUK,1.5,Chennai
2005-12-12,2005,12,Govt. arts college,22.0,Chennai
2005-12-12,2005,12,Anna university,16.0,Chennai
2005-12-12,2005,12,Ambathur,15.0,Chennai
2005-12-12,2005,12,DGP Office,14.2,Chennai
2005-12-12,2005,12,MYLAPORE-TRIPLICANE TALUK,14.0,Chennai
2005-12-12,2005,12,Chennai nungambakkam,12.2,Chennai
2005-12-12,2005,12,Chennai port trust,12.0,Chennai
2005-12-12,2005,12,Chennai AP,5.0,Chennai
2005-12-12,2005,12,Pachaiyappa college,2.4,Chennai
2005-12-13,2005,12,Ambathur,131.0,Chennai
2005-12-13,2005,12,Chennai port trust,40.9,Chennai
2005-12-13,2005,12,Anna university,32.4,Chennai
2005-12-13,2005,12,DGP Office,27.6,Chennai
2005-12-13,2005,12,MYLAPORE-TRIPLICANE TALUK,27.0,Chennai
2005-12-13,2005,12,Chennai AP,26.0,Chennai
2005-12-13,2005,12,Chennai nungambakkam,17.4,Chennai
2005-12-13,2005,12,Govt. arts college,11.0,Chennai
2005-12-13,2005,12,Pachaiyappa college,6.8,Chennai
2005-12-14,2005,12,Anna university,0.8,Chennai
2005-12-14,2005,12,Chennai AP,0.4,Chennai
2005-12-17,2005,12,Chennai port trust,0.5,Chennai
2005-12-17,2005,12,Chennai AP,0.4,Chennai
2005-12-17,2005,12,Chennai nungambakkam,0.3,Chennai
2005-12-18,2005,12,Anna university,74.4,Chennai
2005-12-18,2005,12,Pachaiyappa college,67.1,Chennai
2005-12-18,2005,12,DGP Office,60.4,Chennai
2005-12-18,2005,12,MYLAPORE-TRIPLICANE TALUK,60.0,Chennai
2005-12-18,2005,12,Chennai AP,56.9,Chennai
2005-12-18,2005,12,Govt. arts college,45.0,Chennai
2005-12-18,2005,12,Chennai nungambakkam,42.6,Chennai
2005-12-18,2005,12,Chennai port trust,41.0,Chennai
2005-12-18,2005,12,Ambathur,38.0,Chennai
2005-12-19,2005,12,Govt. arts college,88.0,Chennai
2005-12-19,2005,12,Ambathur,75.0,Chennai
2005-12-19,2005,12,Pachaiyappa college,70.9,Chennai
2005-12-19,2005,12,Anna university,63.2,Chennai
2005-12-19,2005,12,Chennai nungambakkam,60.1,Chennai
2005-12-19,2005,12,DGP Office,58.6,Chennai
2005-12-19,2005,12,MYLAPORE-TRIPLICANE TALUK,58.0,Chennai
2005-12-19,2005,12,Chennai port trust,52.0,Chennai
2005-12-19,2005,12,Chennai AP,44.3,Chennai
2005-12-20,2005,12,Chennai port trust,19.0,Chennai
2005-12-20,2005,12,Pachaiyappa college,12.1,Chennai
2005-12-20,2005,12,Govt. arts college,11.0,Chennai
2005-12-20,2005,12,DGP Office,10.2,Chennai
2005-12-20,2005,12,Chennai nungambakkam,10.1,Chennai
2005-12-20,2005,12,MYLAPORE-TRIPLICANE TALUK,10.0,Chennai
2005-12-20,2005,12,Chennai AP,7.9,Chennai
2005-12-20,2005,12,Anna university,7.8,Chennai
2005-12-20,2005,12,Ambathur,6.0,Chennai
2005-12-21,2005,12,Ambathur,2.0,Chennai
2005-12-21,2005,12,Chennai nungambakkam,1.5,Chennai
2005-12-21,2005,12,Chennai AP,1.0,Chennai
2005-12-21,2005,12,Pachaiyappa college,0.5,Chennai
2005-12-21,2005,12,MYLAPORE-TRIPLICANE TALUK,0.5,Chennai
2005-12-21,2005,12,DGP Office,0.5,Chennai
2005-12-21,2005,12,Anna university,0.3,Chennai
2005-12-21,2005,12,Chennai port trust,0.2,Chennai
2005-12-22,2005,12,Ambathur,2.0,Chennai
2005-12-22,2005,12,Anna university,1.6,Chennai
2005-12-22,2005,12,Chennai nungambakkam,1.2,Chennai
2005-12-22,2005,12,Pachaiyappa college,0.3,Chennai
2005-12-22,2005,12,MYLAPORE-TRIPLICANE TALUK,0.2,Chennai
2005-12-22,2005,12,DGP Office,0.2,Chennai
2006-01-08,2006,1,Chennai nungambakkam,3.0,Chennai
2006-01-08,2006,1,Chennai AP,0.6,Chennai
2006-01-10,2006,1,Chennai nungambakkam,0.3,Chennai
2006-01-27,2006,1,Chennai AP,1.0,Chennai
2006-01-27,2006,1,Chennai nungambakkam,0.2,Chennai
2006-03-03,2006,3,Chennai AP,21.2,Chennai
2006-03-04,2006,3,MYLAPORE-TRIPLICANE TALUK,17.0,Chennai
2006-03-04,2006,3,DGP Office,16.2,Chennai
2006-03-04,2006,3,Anna university,15.0,Chennai
2006-03-04,2006,3,Pachaiyappa college,13.0,Chennai
2006-03-04,2006,3,Govt. arts college,10.0,Chennai
2006-03-04,2006,3,Chennai nungambakkam,9.0,Chennai
2006-03-04,2006,3,Chennai AP,4.6,Chennai
2006-03-04,2006,3,Chennai port trust,3.0,Chennai
2006-03-04,2006,3,Ambathur,2.0,Chennai
2006-03-05,2006,3,Ambathur,2.0,Chennai
2006-03-11,2006,3,Chennai nungambakkam,0.1,Chennai
2006-03-11,2006,3,Chennai AP,0.1,Chennai
2006-03-12,2006,3,Govt. arts college,8.0,Chennai
2006-03-12,2006,3,Chennai port trust,6.4,Chennai
2006-03-12,2006,3,Pachaiyappa college,2.0,Chennai
2006-03-12,2006,3,Chennai nungambakkam,0.4,Chennai
2006-03-12,2006,3,Chennai AP,0.4,Chennai
2006-04-18,2006,4,Ambathur,41.0,Chennai
2006-04-18,2006,4,Chennai port trust,26.7,Chennai
2006-04-18,2006,4,Govt. arts college,16.21,Chennai
2006-04-18,2006,4,Chennai AP,14.2,Chennai
2006-04-18,2006,4,Anna university,11.2,Chennai
2006-04-18,2006,4,Chennai nungambakkam,7.1,Chennai
2006-04-18,2006,4,DGP Office,3.5,Chennai
2006-04-18,2006,4,MYLAPORE-TRIPLICANE TALUK,2.5,Chennai
2006-04-18,2006,4,Pachaiyappa college,0.3,Chennai
2006-05-26,2006,5,Chennai port trust,23.0,Chennai
2006-05-26,2006,5,Govt. arts college,21.0,Chennai
2006-05-26,2006,5,Chennai nungambakkam,17.2,Chennai
2006-05-26,2006,5,Chennai AP,15.1,Chennai
2006-05-26,2006,5,Anna university,14.4,Chennai
2006-05-26,2006,5,MYLAPORE-TRIPLICANE TALUK,13.0,Chennai
2006-05-26,2006,5,DGP Office,12.3,Chennai
2006-05-26,2006,5,Pachaiyappa college,0.5,Chennai
2006-06-01,2006,6,Chennai AP,0.1,Chennai
2006-06-03,2006,6,Chennai nungambakkam,0.8,Chennai
2006-06-03,2006,6,Chennai AP,0.4,Chennai
2006-06-04,2006,6,Chennai AP,23.6,Chennai
2006-06-04,2006,6,Ambathur,18.0,Chennai
2006-06-04,2006,6,Pachaiyappa college,5.44,Chennai
2006-06-04,2006,6,DGP Office,4.6,Chennai
2006-06-04,2006,6,Chennai nungambakkam,4.5,Chennai
2006-06-04,2006,6,MYLAPORE-TRIPLICANE TALUK,4.4,Chennai
2006-06-04,2006,6,Govt. arts college,1.5,Chennai
2006-06-04,2006,6,Chennai port trust,1.5,Chennai
2006-06-04,2006,6,Anna university,1.3,Chennai
2006-06-05,2006,6,Ambathur,4.0,Chennai
2006-06-06,2006,6,Ambathur,4.0,Chennai
2006-06-06,2006,6,Chennai nungambakkam,3.3,Chennai
2006-06-06,2006,6,DGP Office,2.6,Chennai
2006-06-06,2006,6,MYLAPORE-TRIPLICANE TALUK,2.2,Chennai
2006-06-06,2006,6,Pachaiyappa college,1.1,Chennai
2006-06-06,2006,6,Govt. arts college,1.1,Chennai
2006-06-06,2006,6,Chennai AP,0.6,Chennai
2006-06-06,2006,6,Anna university,0.4,Chennai
2006-06-13,2006,6,Chennai AP,6.0,Chennai
2006-06-13,2006,6,Chennai nungambakkam,0.8,Chennai
2006-06-14,2006,6,Anna university,9.0,Chennai
2006-06-14,2006,6,Ambathur,6.0,Chennai
2006-06-14,2006,6,Chennai AP,5.0,Chennai
2006-06-14,2006,6,Chennai nungambakkam,0.3,Chennai
2006-06-20,2006,6,Chennai AP,0.4,Chennai
2006-06-22,2006,6,Chennai port trust,2.0,Chennai
2006-06-22,2006,6,Govt. arts college,1.5,Chennai
2006-06-22,2006,6,Chennai nungambakkam,1.4,Chennai
2006-06-23,2006,6,Chennai AP,31.9,Chennai
2006-06-23,2006,6,Ambathur,22.0,Chennai
2006-06-23,2006,6,Anna university,3.2,Chennai
2006-06-23,2006,6,Chennai nungambakkam,2.2,Chennai
2006-06-23,2006,6,DGP Office,1.2,Chennai
2006-06-23,2006,6,Pachaiyappa college,1.1,Chennai
2006-06-23,2006,6,MYLAPORE-TRIPLICANE TALUK,1.0,Chennai
2006-06-23,2006,6,Chennai port trust,0.5,Chennai
2006-06-24,2006,6,Ambathur,10.0,Chennai
2006-06-24,2006,6,Chennai AP,4.2,Chennai
2006-06-24,2006,6,Anna university,3.0,Chennai
2006-06-24,2006,6,Chennai nungambakkam,2.3,Chennai
2006-06-24,2006,6,DGP Office,1.6,Chennai
2006-06-24,2006,6,MYLAPORE-TRIPLICANE TALUK,1.4,Chennai
2006-06-24,2006,6,Chennai port trust,1.2,Chennai
2006-06-24,2006,6,Pachaiyappa college,1.1,Chennai
2006-06-24,2006,6,Govt. arts college,1.0,Chennai
2006-06-27,2006,6,Ambathur,23.0,Chennai
2006-06-27,2006,6,Chennai port trust,5.0,Chennai
2006-06-27,2006,6,Chennai AP,4.4,Chennai
2006-06-27,2006,6,Chennai nungambakkam,4.3,Chennai
2006-06-27,2006,6,Govt. arts college,4.0,Chennai
2006-06-27,2006,6,Anna university,3.6,Chennai
2006-06-27,2006,6,DGP Office,2.8,Chennai
2006-06-27,2006,6,MYLAPORE-TRIPLICANE TALUK,2.7,Chennai
2006-06-27,2006,6,Pachaiyappa college,1.9,Chennai
2006-06-28,2006,6,Ambathur,47.0,Chennai
2006-06-28,2006,6,Chennai nungambakkam,16.4,Chennai
2006-06-28,2006,6,Anna university,5.0,Chennai
2006-06-28,2006,6,Chennai port trust,3.6,Chennai
2006-06-28,2006,6,MYLAPORE-TRIPLICANE TALUK,3.4,Chennai
2006-06-28,2006,6,Govt. arts college,3.3,Chennai
2006-06-28,2006,6,Pachaiyappa college,3.2,Chennai
2006-06-28,2006,6,DGP Office,3.2,Chennai
2006-06-28,2006,6,Chennai AP,2.6,Chennai
2006-06-29,2006,6,Ambathur,1.0,Chennai
2006-06-29,2006,6,Chennai AP,0.3,Chennai
2006-06-29,2006,6,Chennai nungambakkam,0.1,Chennai
2006-07-10,2006,7,Ambathur,2.0,Chennai
2006-07-10,2006,7,Chennai nungambakkam,1.2,Chennai
2006-07-10,2006,7,Govt. arts college,1.0,Chennai
2006-07-10,2006,7,Chennai AP,0.8,Chennai
2006-07-11,2006,7,Ambathur,6.0,Chennai
2006-07-11,2006,7,Govt. arts college,0.8,Chennai
2006-07-11,2006,7,Chennai nungambakkam,0.8,Chennai
2006-07-11,2006,7,Anna university,0.4,Chennai
2006-07-12,2006,7,Chennai AP,14.1,Chennai
2006-07-12,2006,7,Chennai nungambakkam,8.2,Chennai
2006-07-12,2006,7,Ambathur,5.0,Chennai
2006-07-12,2006,7,Anna university,2.0,Chennai
2006-07-12,2006,7,Pachaiyappa college,1.2,Chennai
2006-07-12,2006,7,Chennai port trust,0.6,Chennai
2006-07-12,2006,7,Govt. arts college,0.5,Chennai
2006-07-13,2006,7,Chennai AP,52.8,Chennai
2006-07-13,2006,7,Chennai nungambakkam,42.2,Chennai
2006-07-13,2006,7,Anna university,23.2,Chennai
2006-07-13,2006,7,MYLAPORE-TRIPLICANE TALUK,16.4,Chennai
2006-07-13,2006,7,DGP Office,16.2,Chennai
2006-07-13,2006,7,Ambathur,12.0,Chennai
2006-07-13,2006,7,Pachaiyappa college,5.9,Chennai
2006-07-13,2006,7,Govt. arts college,5.0,Chennai
2006-07-13,2006,7,Chennai port trust,4.0,Chennai
2006-07-15,2006,7,MYLAPORE-TRIPLICANE TALUK,12.4,Chennai
2006-07-15,2006,7,DGP Office,12.2,Chennai
2006-07-15,2006,7,Chennai AP,6.2,Chennai
2006-07-15,2006,7,Anna university,5.8,Chennai
2006-07-15,2006,7,Chennai nungambakkam,1.4,Chennai
2006-07-15,2006,7,Pachaiyappa college,1.3,Chennai
2006-07-17,2006,7,DGP Office,9.4,Chennai
2006-07-17,2006,7,MYLAPORE-TRIPLICANE TALUK,8.6,Chennai
2006-07-17,2006,7,Anna university,5.0,Chennai
2006-07-18,2006,7,Chennai AP,0.5,Chennai
2006-07-18,2006,7,Chennai nungambakkam,0.1,Chennai
2006-07-20,2006,7,Chennai AP,16.6,Chennai
2006-07-20,2006,7,Anna university,5.2,Chennai
2006-07-20,2006,7,DGP Office,2.2,Chennai
2006-07-20,2006,7,MYLAPORE-TRIPLICANE TALUK,2.0,Chennai
2006-07-20,2006,7,Ambathur,1.0,Chennai
2006-07-20,2006,7,Chennai nungambakkam,1.0,Chennai
2006-07-20,2006,7,Govt. arts college,0.5,Chennai
2006-07-20,2006,7,Chennai port trust,0.4,Chennai
2006-07-21,2006,7,Anna university,29.2,Chennai
2006-07-21,2006,7,Chennai AP,22.0,Chennai
2006-07-21,2006,7,DGP Office,20.2,Chennai
2006-07-21,2006,7,MYLAPORE-TRIPLICANE TALUK,20.0,Chennai
2006-07-21,2006,7,Chennai nungambakkam,6.0,Chennai
2006-07-21,2006,7,Pachaiyappa college,2.1,Chennai
2006-07-21,2006,7,Chennai port trust,2.1,Chennai
2006-07-21,2006,7,Ambathur,2.0,Chennai
2006-07-21,2006,7,Govt. arts college,2.0,Chennai
2006-07-25,2006,7,Ambathur,2.0,Chennai
2006-07-25,2006,7,Govt. arts college,1.2,Chennai
2006-07-25,2006,7,Anna university,1.0,Chennai
2006-07-25,2006,7,Chennai port trust,1.0,Chennai
2006-07-25,2006,7,Chennai nungambakkam,1.0,Chennai
2006-07-25,2006,7,Chennai AP,0.5,Chennai
2006-07-26,2006,7,Chennai AP,1.9,Chennai
2006-07-26,2006,7,Chennai nungambakkam,0.5,Chennai
2006-07-26,2006,7,Anna university,0.1,Chennai
2006-07-27,2006,7,Ambathur,9.0,Chennai
2006-07-27,2006,7,Chennai AP,4.2,Chennai
2006-07-27,2006,7,Anna university,3.0,Chennai
2006-07-27,2006,7,DGP Office,1.4,Chennai
2006-07-27,2006,7,MYLAPORE-TRIPLICANE TALUK,1.2,Chennai
2006-07-27,2006,7,Chennai nungambakkam,1.1,Chennai
2006-07-28,2006,7,Ambathur,14.0,Chennai
2006-07-28,2006,7,DGP Office,10.8,Chennai
2006-07-28,2006,7,MYLAPORE-TRIPLICANE TALUK,10.2,Chennai
2006-07-28,2006,7,Chennai AP,10.0,Chennai
2006-07-28,2006,7,Chennai nungambakkam,6.4,Chennai
2006-07-28,2006,7,Anna university,3.0,Chennai
2006-07-28,2006,7,Govt. arts college,1.5,Chennai
2006-07-28,2006,7,Pachaiyappa college,1.3,Chennai
2006-07-28,2006,7,Chennai port trust,1.2,Chennai
2006-07-29,2006,7,Chennai nungambakkam,2.4,Chennai
2006-07-29,2006,7,Ambathur,2.0,Chennai
2006-07-29,2006,7,Pachaiyappa college,0.6,Chennai
2006-07-29,2006,7,Govt. arts college,0.5,Chennai
2006-07-29,2006,7,Chennai port trust,0.5,Chennai
2006-08-01,2006,8,Govt. arts college,6.5,Chennai
2006-08-01,2006,8,Anna university,6.0,Chennai
2006-08-01,2006,8,Chennai port trust,6.0,Chennai
2006-08-01,2006,8,Chennai nungambakkam,2.9,Chennai
2006-08-01,2006,8,DGP Office,2.4,Chennai
2006-08-01,2006,8,Chennai AP,2.1,Chennai
2006-08-01,2006,8,MYLAPORE-TRIPLICANE TALUK,2.0,Chennai
2006-08-01,2006,8,Pachaiyappa college,1.6,Chennai
2006-08-04,2006,8,Anna university,3.6,Chennai
2006-08-04,2006,8,MYLAPORE-TRIPLICANE TALUK,3.6,Chennai
2006-08-04,2006,8,Chennai AP,3.6,Chennai
2006-08-04,2006,8,Chennai nungambakkam,3.3,Chennai
2006-08-04,2006,8,DGP Office,3.2,Chennai
2006-08-04,2006,8,Ambathur,3.0,Chennai
2006-08-04,2006,8,Govt. arts college,2.0,Chennai
2006-08-04,2006,8,Chennai port trust,1.8,Chennai
2006-08-04,2006,8,Pachaiyappa college,1.6,Chennai
2006-08-07,2006,8,Ambathur,56.0,Chennai
2006-08-07,2006,8,Govt. arts college,8.0,Chennai
2006-08-07,2006,8,Chennai port trust,7.0,Chennai
2006-08-07,2006,8,Anna university,6.4,Chennai
2006-08-07,2006,8,Chennai nungambakkam,4.7,Chennai
2006-08-07,2006,8,Chennai AP,3.3,Chennai
2006-08-07,2006,8,Pachaiyappa college,2.4,Chennai
2006-08-08,2006,8,Ambathur,2.0,Chennai
2006-08-09,2006,8,Chennai nungambakkam,7.5,Chennai
2006-08-09,2006,8,Chennai AP,4.1,Chennai
2006-08-09,2006,8,Anna university,4.0,Chennai
2006-08-09,2006,8,Govt. arts college,4.0,Chennai
2006-08-09,2006,8,MYLAPORE-TRIPLICANE TALUK,3.6,Chennai
2006-08-09,2006,8,DGP Office,3.4,Chennai
2006-08-09,2006,8,Chennai port trust,2.0,Chennai
2006-08-09,2006,8,Pachaiyappa college,1.9,Chennai
2006-08-10,2006,8,Anna university,18.0,Chennai
2006-08-10,2006,8,Chennai AP,12.3,Chennai
2006-08-10,2006,8,Chennai nungambakkam,12.0,Chennai
2006-08-10,2006,8,Pachaiyappa college,8.1,Chennai
2006-08-10,2006,8,DGP Office,5.6,Chennai
2006-08-10,2006,8,MYLAPORE-TRIPLICANE TALUK,5.2,Chennai
2006-08-10,2006,8,Govt. arts college,3.0,Chennai
2006-08-10,2006,8,Chennai port trust,2.0,Chennai
2006-08-11,2006,8,DGP Office,10.4,Chennai
2006-08-11,2006,8,Chennai nungambakkam,10.0,Chennai
2006-08-11,2006,8,MYLAPORE-TRIPLICANE TALUK,9.6,Chennai
2006-08-11,2006,8,Anna university,8.0,Chennai
2006-08-11,2006,8,Govt. arts college,8.0,Chennai
2006-08-11,2006,8,Ambathur,7.0,Chennai
2006-08-11,2006,8,Chennai port trust,5.0,Chennai
2006-08-11,2006,8,Chennai AP,2.7,Chennai
2006-08-11,2006,8,Pachaiyappa college,2.1,Chennai
2006-08-12,2006,8,Chennai nungambakkam,9.5,Chennai
2006-08-12,2006,8,Ambathur,8.0,Chennai
2006-08-12,2006,8,Chennai AP,5.3,Chennai
2006-08-12,2006,8,Govt. arts college,5.0,Chennai
2006-08-12,2006,8,DGP Office,4.6,Chennai
2006-08-12,2006,8,MYLAPORE-TRIPLICANE TALUK,4.3,Chennai
2006-08-12,2006,8,Pachaiyappa college,4.1,Chennai
2006-08-12,2006,8,Chennai port trust,3.0,Chennai
2006-08-12,2006,8,Anna university,1.6,Chennai
2006-08-13,2006,8,Chennai AP,2.1,Chennai
2006-08-13,2006,8,Chennai nungambakkam,0.6,Chennai
2006-08-14,2006,8,Chennai nungambakkam,44.3,Chennai
2006-08-14,2006,8,Chennai port trust,32.0,Chennai
2006-08-14,2006,8,Govt. arts college,31.0,Chennai
2006-08-14,2006,8,Ambathur,24.0,Chennai
2006-08-14,2006,8,Chennai AP,17.2,Chennai
2006-08-14,2006,8,Anna university,15.0,Chennai
2006-08-14,2006,8,Pachaiyappa college,10.8,Chennai
2006-08-14,2006,8,DGP Office,10.6,Chennai
2006-08-14,2006,8,MYLAPORE-TRIPLICANE TALUK,10.2,Chennai
2006-08-15,2006,8,Ambathur,16.0,Chennai
2006-08-15,2006,8,Govt. arts college,15.0,Chennai
2006-08-15,2006,8,Chennai nungambakkam,14.7,Chennai
2006-08-15,2006,8,Pachaiyappa college,14.6,Chennai
2006-08-15,2006,8,DGP Office,14.2,Chennai
2006-08-15,2006,8,Anna university,14.1,Chennai
2006-08-15,2006,8,Chennai port trust,14.0,Chennai
2006-08-15,2006,8,MYLAPORE-TRIPLICANE TALUK,13.0,Chennai
2006-08-15,2006,8,Chennai AP,8.4,Chennai
2006-08-16,2006,8,Ambathur,10.0,Chennai
2006-08-16,2006,8,Govt. arts college,10.0,Chennai
2006-08-16,2006,8,Chennai port trust,9.0,Chennai
2006-08-16,2006,8,Chennai nungambakkam,8.9,Chennai
2006-08-16,2006,8,Anna university,6.0,Chennai
2006-08-16,2006,8,DGP Office,6.0,Chennai
2006-08-16,2006,8,MYLAPORE-TRIPLICANE TALUK,5.7,Chennai
2006-08-16,2006,8,Pachaiyappa college,5.6,Chennai
2006-08-16,2006,8,Chennai AP,5.3,Chennai
2006-08-17,2006,8,Chennai AP,11.9,Chennai
2006-08-17,2006,8,Anna university,10.8,Chennai
2006-08-17,2006,8,DGP Office,7.2,Chennai
2006-08-17,2006,8,Pachaiyappa college,7.1,Chennai
2006-08-17,2006,8,MYLAPORE-TRIPLICANE TALUK,7.0,Chennai
2006-08-17,2006,8,Chennai nungambakkam,6.0,Chennai
2006-08-17,2006,8,Govt. arts college,1.5,Chennai
2006-08-17,2006,8,Chennai port trust,1.0,Chennai
2006-08-20,2006,8,Chennai nungambakkam,2.8,Chennai
2006-08-27,2006,8,Chennai AP,59.0,Chennai
2006-08-27,2006,8,Anna university,19.2,Chennai
2006-08-27,2006,8,DGP Office,19.2,Chennai
2006-08-27,2006,8,Pachaiyappa college,18.9,Chennai
2006-08-27,2006,8,MYLAPORE-TRIPLICANE TALUK,18.6,Chennai
2006-08-27,2006,8,Chennai nungambakkam,13.6,Chennai
2006-08-27,2006,8,Govt. arts college,4.0,Chennai
2006-08-27,2006,8,Chennai port trust,4.0,Chennai
2006-09-01,2006,9,DGP Office,0.3,Chennai
2006-09-01,2006,9,MYLAPORE-TRIPLICANE TALUK,0.2,Chennai
2006-09-01,2006,9,Chennai AP,0.1,Chennai
2006-09-02,2006,9,Chennai nungambakkam,13.8,Chennai
2006-09-02,2006,9,Ambathur,4.0,Chennai
2006-09-02,2006,9,Govt. arts college,2.0,Chennai
2006-09-03,2006,9,Ambathur,6.0,Chennai
2006-09-03,2006,9,Chennai AP,5.0,Chennai
2006-09-04,2006,9,Chennai AP,47.7,Chennai
2006-09-04,2006,9,Govt. arts college,28.0,Chennai
2006-09-04,2006,9,Ambathur,18.0,Chennai
2006-09-04,2006,9,Anna university,6.6,Chennai
2006-09-04,2006,9,MYLAPORE-TRIPLICANE TALUK,6.2,Chennai
2006-09-04,2006,9,DGP Office,6.0,Chennai
2006-09-04,2006,9,Pachaiyappa college,5.9,Chennai
2006-09-04,2006,9,Chennai nungambakkam,5.4,Chennai
2006-09-04,2006,9,Chennai port trust,2.0,Chennai
2006-09-15,2006,9,Chennai nungambakkam,61.2,Chennai
2006-09-15,2006,9,DGP Office,41.6,Chennai
2006-09-15,2006,9,MYLAPORE-TRIPLICANE TALUK,40.8,Chennai
2006-09-15,2006,9,Pachaiyappa college,40.7,Chennai
2006-09-15,2006,9,Govt. arts college,34.0,Chennai
2006-09-15,2006,9,Ambathur,19.0,Chennai
2006-09-15,2006,9,Chennai port trust,17.0,Chennai
2006-09-15,2006,9,Chennai AP,12.9,Chennai
2006-09-15,2006,9,Anna university,5.3,Chennai
2006-09-16,2006,9,Chennai nungambakkam,0.2,Chennai
2006-09-16,2006,9,Chennai AP,0.2,Chennai
2006-09-18,2006,9,Ambathur,4.0,Chennai
2006-09-18,2006,9,Chennai nungambakkam,0.6,Chennai
2006-09-18,2006,9,Chennai AP,0.6,Chennai
2006-09-19,2006,9,Ambathur,3.0,Chennai
2006-09-20,2006,9,Chennai AP,13.2,Chennai
2006-09-20,2006,9,Chennai nungambakkam,10.8,Chennai
2006-09-20,2006,9,Anna university,10.6,Chennai
2006-09-20,2006,9,MYLAPORE-TRIPLICANE TALUK,9.2,Chennai
2006-09-20,2006,9,DGP Office,8.6,Chennai
2006-09-20,2006,9,Pachaiyappa college,7.9,Chennai
2006-09-20,2006,9,Ambathur,3.0,Chennai
2006-09-20,2006,9,Govt. arts college,1.0,Chennai
2006-09-20,2006,9,Chennai port trust,1.0,Chennai
2006-09-21,2006,9,Chennai AP,4.4,Chennai
2006-09-21,2006,9,Chennai nungambakkam,4.0,Chennai
2006-09-21,2006,9,Ambathur,3.0,Chennai
2006-09-22,2006,9,Govt. arts college,3.0,Chennai
2006-09-22,2006,9,Ambathur,2.0,Chennai
2006-09-22,2006,9,Chennai nungambakkam,0.4,Chennai
2006-09-22,2006,9,Chennai port trust,0.3,Chennai
2006-09-25,2006,9,Ambathur,78.0,Chennai
2006-09-25,2006,9,Chennai AP,31.6,Chennai
2006-09-25,2006,9,Govt. arts college,21.0,Chennai
2006-09-25,2006,9,Anna university,17.6,Chennai
2006-09-25,2006,9,Chennai nungambakkam,15.9,Chennai
2006-09-25,2006,9,DGP Office,9.2,Chennai
2006-09-25,2006,9,MYLAPORE-TRIPLICANE TALUK,9.0,Chennai
2006-09-25,2006,9,Chennai port trust,9.0,Chennai
2006-09-25,2006,9,Pachaiyappa college,8.9,Chennai
2006-09-26,2006,9,Chennai nungambakkam,24.6,Chennai
2006-09-26,2006,9,Ambathur,15.0,Chennai
2006-09-26,2006,9,Govt. arts college,11.0,Chennai
2006-09-26,2006,9,Chennai port trust,5.1,Chennai
2006-09-26,2006,9,Chennai AP,5.0,Chennai
2006-09-26,2006,9,Pachaiyappa college,4.2,Chennai
2006-09-26,2006,9,DGP Office,3.4,Chennai
2006-09-26,2006,9,MYLAPORE-TRIPLICANE TALUK,3.2,Chennai
2006-09-26,2006,9,Anna university,3.0,Chennai
2006-09-27,2006,9,Govt. arts college,13.0,Chennai
2006-09-27,2006,9,Anna university,8.8,Chennai
2006-09-27,2006,9,Chennai nungambakkam,8.6,Chennai
2006-09-27,2006,9,Chennai port trust,7.0,Chennai
2006-09-27,2006,9,DGP Office,4.6,Chennai
2006-09-27,2006,9,MYLAPORE-TRIPLICANE TALUK,4.2,Chennai
2006-09-27,2006,9,Pachaiyappa college,3.8,Chennai
2006-09-27,2006,9,Chennai AP,1.8,Chennai
2006-09-28,2006,9,Chennai AP,1.2,Chennai
2006-10-02,2006,10,Ambathur,17.0,Chennai
2006-10-02,2006,10,Chennai AP,0.5,Chennai
2006-10-03,2006,10,Chennai AP,67.9,Chennai
2006-10-03,2006,10,Anna university,50.2,Chennai
2006-10-03,2006,10,DGP Office,50.2,Chennai
2006-10-03,2006,10,MYLAPORE-TRIPLICANE TALUK,50.0,Chennai
2006-10-03,2006,10,Pachaiyappa college,47.1,Chennai
2006-10-03,2006,10,Chennai nungambakkam,31.7,Chennai
2006-10-03,2006,10,Chennai port trust,22.0,Chennai
2006-10-03,2006,10,Govt. arts college,18.0,Chennai
2006-10-05,2006,10,Govt. arts college,49.2,Chennai
2006-10-05,2006,10,Chennai port trust,43.0,Chennai
2006-10-05,2006,10,Chennai nungambakkam,24.1,Chennai
2006-10-05,2006,10,Anna university,15.0,Chennai
2006-10-05,2006,10,Ambathur,12.0,Chennai
2006-10-05,2006,10,Pachaiyappa college,11.1,Chennai
2006-10-05,2006,10,DGP Office,10.8,Chennai
2006-10-05,2006,10,MYLAPORE-TRIPLICANE TALUK,10.6,Chennai
2006-10-05,2006,10,Chennai AP,9.2,Chennai
2006-10-06,2006,10,Chennai nungambakkam,2.2,Chennai
2006-10-06,2006,10,Chennai AP,0.6,Chennai
2006-10-06,2006,10,Govt. arts college,0.5,Chennai
2006-10-17,2006,10,DGP Office,2.5,Chennai
2006-10-17,2006,10,MYLAPORE-TRIPLICANE TALUK,2.0,Chennai
2006-10-19,2006,10,Chennai AP,48.8,Chennai
2006-10-19,2006,10,Anna university,41.0,Chennai
2006-10-19,2006,10,Chennai nungambakkam,29.0,Chennai
2006-10-19,2006,10,DGP Office,16.4,Chennai
2006-10-19,2006,10,Pachaiyappa college,16.2,Chennai
2006-10-19,2006,10,MYLAPORE-TRIPLICANE TALUK,15.2,Chennai
2006-10-19,2006,10,Ambathur,8.0,Chennai
2006-10-19,2006,10,Chennai port trust,6.0,Chennai
2006-10-19,2006,10,Govt. arts college,5.0,Chennai
2006-10-20,2006,10,Ambathur,52.0,Chennai
2006-10-20,2006,10,Chennai nungambakkam,20.8,Chennai
2006-10-20,2006,10,DGP Office,5.6,Chennai
2006-10-20,2006,10,Pachaiyappa college,5.5,Chennai
2006-10-20,2006,10,MYLAPORE-TRIPLICANE TALUK,5.4,Chennai
2006-10-20,2006,10,Govt. arts college,5.0,Chennai
2006-10-20,2006,10,Chennai AP,2.7,Chennai
2006-10-21,2006,10,Chennai AP,19.3,Chennai
2006-10-21,2006,10,Anna university,16.8,Chennai
2006-10-21,2006,10,Ambathur,1.0,Chennai
2006-10-21,2006,10,Chennai nungambakkam,0.1,Chennai
2006-10-22,2006,10,Chennai nungambakkam,27.3,Chennai
2006-10-22,2006,10,Anna university,10.2,Chennai
2006-10-22,2006,10,Pachaiyappa college,4.8,Chennai
2006-10-22,2006,10,DGP Office,4.6,Chennai
2006-10-22,2006,10,MYLAPORE-TRIPLICANE TALUK,4.2,Chennai
2006-10-22,2006,10,Govt. arts college,3.5,Chennai
2006-10-22,2006,10,Ambathur,2.0,Chennai
2006-10-23,2006,10,Chennai nungambakkam,4.1,Chennai
2006-10-23,2006,10,Pachaiyappa college,0.8,Chennai
2006-10-23,2006,10,Chennai AP,0.2,Chennai
2006-10-24,2006,10,Anna university,39.2,Chennai
2006-10-24,2006,10,Chennai port trust,38.0,Chennai
2006-10-24,2006,10,Govt. arts college,32.0,Chennai
2006-10-24,2006,10,DGP Office,26.2,Chennai
2006-10-24,2006,10,Pachaiyappa college,26.1,Chennai
2006-10-24,2006,10,Chennai nungambakkam,25.8,Chennai
2006-10-24,2006,10,Chennai AP,25.8,Chennai
2006-10-24,2006,10,MYLAPORE-TRIPLICANE TALUK,25.4,Chennai
2006-10-24,2006,10,Ambathur,16.0,Chennai
2006-10-25,2006,10,Ambathur,29.0,Chennai
2006-10-25,2006,10,Chennai port trust,19.3,Chennai
2006-10-25,2006,10,Anna university,19.0,Chennai
2006-10-25,2006,10,Govt. arts college,19.0,Chennai
2006-10-25,2006,10,Chennai nungambakkam,18.8,Chennai
2006-10-25,2006,10,Chennai AP,18.3,Chennai
2006-10-25,2006,10,DGP Office,12.6,Chennai
2006-10-25,2006,10,Pachaiyappa college,12.4,Chennai
2006-10-25,2006,10,MYLAPORE-TRIPLICANE TALUK,12.2,Chennai
2006-10-26,2006,10,Chennai AP,143.0,Chennai
2006-10-26,2006,10,Ambathur,142.0,Chennai
2006-10-26,2006,10,Chennai nungambakkam,82.0,Chennai
2006-10-26,2006,10,Govt. arts college,63.0,Chennai
2006-10-26,2006,10,Pachaiyappa college,62.7,Chennai
2006-10-26,2006,10,DGP Office,61.2,Chennai
2006-10-26,2006,10,MYLAPORE-TRIPLICANE TALUK,60.6,Chennai
2006-10-26,2006,10,Chennai port trust,51.8,Chennai
2006-10-26,2006,10,Anna university,26.0,Chennai
2006-10-27,2006,10,Anna university,49.8,Chennai
2006-10-27,2006,10,Pachaiyappa college,36.1,Chennai
2006-10-27,2006,10,DGP Office,34.8,Chennai
2006-10-27,2006,10,MYLAPORE-TRIPLICANE TALUK,34.2,Chennai
2006-10-27,2006,10,Chennai AP,31.4,Chennai
2006-10-27,2006,10,Chennai nungambakkam,14.0,Chennai
2006-10-27,2006,10,Ambathur,10.0,Chennai
2006-10-27,2006,10,Chennai port trust,5.3,Chennai
2006-10-27,2006,10,Govt. arts college,4.5,Chennai
2006-10-28,2006,10,Anna university,157.2,Chennai
2006-10-28,2006,10,Chennai AP,138.6,Chennai
2006-10-28,2006,10,Chennai nungambakkam,121.4,Chennai
2006-10-28,2006,10,Govt. arts college,81.0,Chennai
2006-10-28,2006,10,Ambathur,78.0,Chennai
2006-10-28,2006,10,Chennai port trust,51.3,Chennai
2006-10-28,2006,10,DGP Office,47.4,Chennai
2006-10-28,2006,10,Pachaiyappa college,47.2,Chennai
2006-10-28,2006,10,MYLAPORE-TRIPLICANE TALUK,46.2,Chennai
2006-10-29,2006,10,Chennai nungambakkam,188.8,Chennai
2006-10-29,2006,10,Anna university,174.2,Chennai
2006-10-29,2006,10,Govt. arts college,151.5,Chennai
2006-10-29,2006,10,Ambathur,133.0,Chennai
2006-10-29,2006,10,Chennai AP,94.5,Chennai
2006-10-29,2006,10,Pachaiyappa college,88.6,Chennai
2006-10-29,2006,10,DGP Office,85.2,Chennai
2006-10-29,2006,10,MYLAPORE-TRIPLICANE TALUK,84.4,Chennai
2006-10-29,2006,10,Chennai port trust,45.0,Chennai
2006-10-30,2006,10,Anna university,73.0,Chennai
2006-10-30,2006,10,Pachaiyappa college,58.9,Chennai
2006-10-30,2006,10,Chennai AP,58.1,Chennai
2006-10-30,2006,10,DGP Office,56.8,Chennai
2006-10-30,2006,10,MYLAPORE-TRIPLICANE TALUK,56.2,Chennai
2006-10-30,2006,10,Chennai nungambakkam,43.1,Chennai
2006-10-30,2006,10,Ambathur,43.0,Chennai
2006-10-30,2006,10,Chennai port trust,30.5,Chennai
2006-10-30,2006,10,Govt. arts college,24.5,Chennai
2006-10-31,2006,10,Chennai port trust,4.3,Chennai
2006-10-31,2006,10,MYLAPORE-TRIPLICANE TALUK,2.0,Chennai
2006-10-31,2006,10,Anna university,1.6,Chennai
2006-10-31,2006,10,Govt. arts college,1.2,Chennai
2006-10-31,2006,10,Chennai nungambakkam,0.4,Chennai
2006-10-31,2006,10,Chennai AP,0.3,Chennai
2006-10-31,2006,10,DGP Office,0.2,Chennai
2006-11-01,2006,11,MYLAPORE-TRIPLICANE TALUK,28.4,Chennai
2006-11-01,2006,11,DGP Office,28.2,Chennai
2006-11-01,2006,11,Pachaiyappa college,18.1,Chennai
2006-11-01,2006,11,Anna university,18.0,Chennai
2006-11-01,2006,11,Ambathur,10.0,Chennai
2006-11-01,2006,11,Chennai AP,2.4,Chennai
2006-11-01,2006,11,Chennai nungambakkam,2.1,Chennai
2006-11-01,2006,11,Govt. arts college,0.5,Chennai
2006-11-02,2006,11,Anna university,19.6,Chennai
2006-11-02,2006,11,Chennai AP,7.0,Chennai
2006-11-02,2006,11,MYLAPORE-TRIPLICANE TALUK,3.2,Chennai
2006-11-02,2006,11,DGP Office,3.0,Chennai
2006-11-02,2006,11,Pachaiyappa college,2.7,Chennai
2006-11-02,2006,11,Govt. arts college,2.1,Chennai
2006-11-02,2006,11,Ambathur,2.0,Chennai
2006-11-02,2006,11,Chennai nungambakkam,2.0,Chennai
2006-11-02,2006,11,Chennai port trust,1.8,Chennai
2006-11-03,2006,11,Anna university,16.1,Chennai
2006-11-03,2006,11,Chennai AP,15.0,Chennai
2006-11-03,2006,11,Pachaiyappa college,13.5,Chennai
2006-11-03,2006,11,MYLAPORE-TRIPLICANE TALUK,12.4,Chennai
2006-11-03,2006,11,DGP Office,12.0,Chennai
2006-11-03,2006,11,Chennai nungambakkam,2.0,Chennai
2006-11-03,2006,11,Govt. arts college,1.6,Chennai
2006-11-03,2006,11,Chennai port trust,1.0,Chennai
2006-11-04,2006,11,Anna university,32.2,Chennai
2006-11-04,2006,11,Govt. arts college,31.0,Chennai
2006-11-04,2006,11,Chennai AP,30.3,Chennai
2006-11-04,2006,11,Pachaiyappa college,23.1,Chennai
2006-11-04,2006,11,MYLAPORE-TRIPLICANE TALUK,20.6,Chennai
2006-11-04,2006,11,DGP Office,20.6,Chennai
2006-11-04,2006,11,Chennai nungambakkam,15.8,Chennai
2006-11-04,2006,11,Chennai port trust,12.5,Chennai
2006-11-04,2006,11,Ambathur,4.0,Chennai
2006-11-05,2006,11,Anna university,20.2,Chennai
2006-11-05,2006,11,DGP Office,16.6,Chennai
2006-11-05,2006,11,MYLAPORE-TRIPLICANE TALUK,16.2,Chennai
2006-11-05,2006,11,Govt. arts college,8.0,Chennai
2006-11-05,2006,11,Chennai nungambakkam,4.7,Chennai
2006-11-05,2006,11,Pachaiyappa college,3.5,Chennai
2006-11-05,2006,11,Chennai AP,1.8,Chennai
2006-11-05,2006,11,Chennai port trust,1.5,Chennai
2006-11-06,2006,11,Chennai AP,25.6,Chennai
2006-11-06,2006,11,Anna university,17.0,Chennai
2006-11-06,2006,11,DGP Office,8.8,Chennai
2006-11-06,2006,11,Chennai nungambakkam,8.5,Chennai
2006-11-06,2006,11,MYLAPORE-TRIPLICANE TALUK,8.4,Chennai
2006-11-06,2006,11,Govt. arts college,8.0,Chennai
2006-11-06,2006,11,Pachaiyappa college,4.6,Chennai
2006-11-06,2006,11,Chennai port trust,4.3,Chennai
2006-11-07,2006,11,Chennai port trust,7.9,Chennai
2006-11-07,2006,11,Govt. arts college,7.6,Chennai
2006-11-07,2006,11,Ambathur,5.0,Chennai
2006-11-07,2006,11,Chennai nungambakkam,1.2,Chennai
2006-11-07,2006,11,Anna university,0.8,Chennai
2006-11-08,2006,11,Chennai AP,47.1,Chennai
2006-11-08,2006,11,Anna university,39.2,Chennai
2006-11-08,2006,11,Chennai nungambakkam,24.8,Chennai
2006-11-08,2006,11,Pachaiyappa college,23.9,Chennai
2006-11-08,2006,11,DGP Office,22.6,Chennai
2006-11-08,2006,11,MYLAPORE-TRIPLICANE TALUK,22.2,Chennai
2006-11-08,2006,11,Ambathur,6.0,Chennai
2006-11-08,2006,11,Govt. arts college,5.4,Chennai
2006-11-08,2006,11,Chennai port trust,4.5,Chennai
2006-11-09,2006,11,Chennai nungambakkam,27.3,Chennai
2006-11-09,2006,11,Ambathur,23.0,Chennai
2006-11-09,2006,11,Chennai port trust,21.1,Chennai
2006-11-09,2006,11,Govt. arts college,17.0,Chennai
2006-11-09,2006,11,Chennai AP,13.4,Chennai
2006-11-09,2006,11,Pachaiyappa college,4.1,Chennai
2006-11-09,2006,11,Anna university,2.3,Chennai
2006-11-09,2006,11,DGP Office,2.2,Chennai
2006-11-09,2006,11,MYLAPORE-TRIPLICANE TALUK,2.0,Chennai
2006-11-10,2006,11,Chennai port trust,14.2,Chennai
2006-11-10,2006,11,Chennai AP,5.3,Chennai
2006-11-10,2006,11,Chennai nungambakkam,4.4,Chennai
2006-11-10,2006,11,DGP Office,3.8,Chennai
2006-11-10,2006,11,MYLAPORE-TRIPLICANE TALUK,3.4,Chennai
2006-11-10,2006,11,Pachaiyappa college,3.2,Chennai
2006-11-10,2006,11,Anna university,2.6,Chennai
2006-11-10,2006,11,Govt. arts college,2.5,Chennai
2006-11-10,2006,11,Ambathur,2.0,Chennai
2006-11-11,2006,11,Govt. arts college,28.0,Chennai
2006-11-11,2006,11,Chennai port trust,26.2,Chennai
2006-11-11,2006,11,DGP Office,18.6,Chennai
2006-11-11,2006,11,Pachaiyappa college,18.5,Chennai
2006-11-11,2006,11,MYLAPORE-TRIPLICANE TALUK,18.4,Chennai
2006-11-11,2006,11,Chennai nungambakkam,17.6,Chennai
2006-11-11,2006,11,Ambathur,15.0,Chennai
2006-11-11,2006,11,Chennai AP,7.3,Chennai
2006-11-11,2006,11,Anna university,2.8,Chennai
2006-11-12,2006,11,Chennai AP,16.0,Chennai
2006-11-12,2006,11,Chennai nungambakkam,13.8,Chennai
2006-11-12,2006,11,Govt. arts college,10.1,Chennai
2006-11-12,2006,11,Chennai port trust,8.1,Chennai
2006-11-12,2006,11,Pachaiyappa college,7.1,Chennai
2006-11-12,2006,11,DGP Office,6.8,Chennai
2006-11-12,2006,11,MYLAPORE-TRIPLICANE TALUK,6.2,Chennai
2006-11-12,2006,11,Anna university,2.2,Chennai
2006-11-12,2006,11,Ambathur,2.0,Chennai
2006-11-13,2006,11,Ambathur,65.0,Chennai
2006-11-13,2006,11,Govt. arts college,9.5,Chennai
2006-11-13,2006,11,DGP Office,8.6,Chennai
2006-11-13,2006,11,MYLAPORE-TRIPLICANE TALUK,8.4,Chennai
2006-11-13,2006,11,Pachaiyappa college,7.8,Chennai
2006-11-13,2006,11,Anna university,7.4,Chennai
2006-11-13,2006,11,Chennai port trust,5.8,Chennai
2006-11-13,2006,11,Chennai nungambakkam,5.2,Chennai
2006-11-13,2006,11,Chennai AP,3.8,Chennai
2006-11-14,2006,11,Govt. arts college,9.3,Chennai
2006-11-14,2006,11,Ambathur,5.0,Chennai
2006-11-14,2006,11,Chennai nungambakkam,3.2,Chennai
2006-11-14,2006,11,Chennai AP,3.1,Chennai
2006-11-14,2006,11,Anna university,3.0,Chennai
2006-11-14,2006,11,DGP Office,2.8,Chennai
2006-11-14,2006,11,Chennai port trust,2.3,Chennai
2006-11-14,2006,11,MYLAPORE-TRIPLICANE TALUK,2.2,Chennai
2006-11-14,2006,11,Pachaiyappa college,0.9,Chennai
2006-11-15,2006,11,Ambathur,14.0,Chennai
2006-11-15,2006,11,Chennai nungambakkam,9.1,Chennai
2006-11-15,2006,11,Chennai port trust,8.5,Chennai
2006-11-15,2006,11,Anna university,6.0,Chennai
2006-11-15,2006,11,Pachaiyappa college,5.5,Chennai
2006-11-15,2006,11,MYLAPORE-TRIPLICANE TALUK,5.4,Chennai
2006-11-15,2006,11,DGP Office,5.2,Chennai
2006-11-15,2006,11,Chennai AP,4.4,Chennai
2006-11-15,2006,11,Govt. arts college,1.5,Chennai
2006-11-16,2006,11,Govt. arts college,21.0,Chennai
2006-11-16,2006,11,Chennai nungambakkam,16.3,Chennai
2006-11-16,2006,11,Ambathur,16.0,Chennai
2006-11-16,2006,11,Chennai port trust,12.05,Chennai
2006-11-16,2006,11,Chennai AP,10.0,Chennai
2006-11-16,2006,11,Pachaiyappa college,8.4,Chennai
2006-11-16,2006,11,DGP Office,8.0,Chennai
2006-11-16,2006,11,MYLAPORE-TRIPLICANE TALUK,7.8,Chennai
2006-11-16,2006,11,Anna university,7.0,Chennai
2006-11-17,2006,11,Ambathur,8.0,Chennai
2006-11-17,2006,11,Govt. arts college,7.0,Chennai
2006-11-17,2006,11,Chennai nungambakkam,6.3,Chennai
2006-11-17,2006,11,Anna university,6.1,Chennai
2006-11-17,2006,11,Pachaiyappa college,4.4,Chennai
2006-11-17,2006,11,MYLAPORE-TRIPLICANE TALUK,4.4,Chennai
2006-11-17,2006,11,DGP Office,4.2,Chennai
2006-11-17,2006,11,Chennai AP,3.0,Chennai
2006-11-18,2006,11,Chennai AP,43.0,Chennai
2006-11-18,2006,11,Anna university,42.6,Chennai
2006-11-18,2006,11,Pachaiyappa college,27.4,Chennai
2006-11-18,2006,11,DGP Office,27.4,Chennai
2006-11-18,2006,11,MYLAPORE-TRIPLICANE TALUK,26.8,Chennai
2006-11-18,2006,11,Chennai nungambakkam,17.3,Chennai
2006-11-18,2006,11,Ambathur,13.0,Chennai
2006-11-18,2006,11,Govt. arts college,2.5,Chennai
2006-11-18,2006,11,Chennai port trust,1.6,Chennai
2006-11-19,2006,11,Ambathur,51.0,Chennai
2006-11-19,2006,11,Anna university,44.6,Chennai
2006-11-19,2006,11,Chennai port trust,40.9,Chennai
2006-11-19,2006,11,Chennai nungambakkam,40.0,Chennai
2006-11-19,2006,11,Govt. arts college,32.0,Chennai
2006-11-19,2006,11,Pachaiyappa college,30.5,Chennai
2006-11-19,2006,11,DGP Office,30.0,Chennai
2006-11-19,2006,11,MYLAPORE-TRIPLICANE TALUK,29.8,Chennai
2006-11-19,2006,11,Chennai AP,20.9,Chennai
2006-11-20,2006,11,Chennai AP,17.1,Chennai
2006-11-20,2006,11,Govt. arts college,15.0,Chennai
2006-11-20,2006,11,Ambathur,11.0,Chennai
2006-11-20,2006,11,Anna university,7.3,Chennai
2006-11-20,2006,11,DGP Office,6.4,Chennai
2006-11-20,2006,11,MYLAPORE-TRIPLICANE TALUK,6.2,Chennai
2006-11-20,2006,11,Pachaiyappa college,5.7,Chennai
2006-11-20,2006,11,Chennai nungambakkam,5.3,Chennai
2006-11-20,2006,11,Chennai port trust,4.8,Chennai
2006-11-21,2006,11,Ambathur,6.0,Chennai
2006-11-27,2006,11,Chennai nungambakkam,0.5,Chennai
2006-11-27,2006,11,Chennai AP,0.3,Chennai
2006-11-27,2006,11,Anna university,0.2,Chennai
2006-11-29,2006,11,Anna university,4.8,Chennai
2006-11-29,2006,11,Govt. arts college,3.5,Chennai
2006-11-29,2006,11,Chennai nungambakkam,3.4,Chennai
2006-11-29,2006,11,Pachaiyappa college,0.9,Chennai
2006-11-29,2006,11,Chennai AP,0.4,Chennai
2006-11-30,2006,11,Chennai nungambakkam,7.2,Chennai
2006-11-30,2006,11,Govt. arts college,2.3,Chennai
2006-11-30,2006,11,Chennai AP,0.6,Chennai
2006-12-10,2006,12,Chennai nungambakkam,2.7,Chennai
2006-12-10,2006,12,Chennai AP,1.5,Chennai
2006-12-11,2006,12,Anna university,5.2,Chennai
2006-12-11,2006,12,Chennai AP,4.9,Chennai
2006-12-11,2006,12,Ambathur,3.0,Chennai
2006-12-11,2006,12,Pachaiyappa college,2.2,Chennai
2006-12-11,2006,12,Chennai nungambakkam,1.6,Chennai
2006-12-11,2006,12,DGP Office,1.0,Chennai
2006-12-11,2006,12,MYLAPORE-TRIPLICANE TALUK,0.8,Chennai
2006-12-12,2006,12,Chennai nungambakkam,15.7,Chennai
2006-12-12,2006,12,Anna university,15.0,Chennai
2006-12-12,2006,12,Chennai AP,12.9,Chennai
2006-12-12,2006,12,Pachaiyappa college,4.4,Chennai
2006-12-12,2006,12,DGP Office,4.4,Chennai
2006-12-12,2006,12,MYLAPORE-TRIPLICANE TALUK,4.2,Chennai
2006-12-12,2006,12,Ambathur,2.0,Chennai
2006-12-13,2006,12,Chennai AP,0.3,Chennai
2006-12-21,2006,12,Ambathur,2.0,Chennai
2006-12-21,2006,12,Chennai nungambakkam,0.8,Chennai
2006-12-21,2006,12,Chennai AP,0.3,Chennai
2006-12-22,2006,12,Chennai AP,0.5,Chennai
2007-02-18,2007,2,Chennai AP,15.2,Chennai
2007-02-18,2007,2,Chennai nungambakkam,2.4,Chennai
2007-04-14,2007,4,Chennai AP,9.8,Chennai
2007-04-14,2007,4,Govt. arts college,0.1,Chennai
2007-04-14,2007,4,Chennai nungambakkam,0.1,Chennai
2007-05-04,2007,5,Ambathur,4.0,Chennai
2007-05-04,2007,5,Chennai AP,2.6,Chennai
2007-06-07,2007,6,Chennai AP,9.6,Chennai
2007-06-11,2007,6,Ambathur,2.0,Chennai
2007-06-11,2007,6,Chennai AP,1.7,Chennai
2007-06-12,2007,6,Ambathur,1.0,Chennai
2007-06-15,2007,6,Ambathur,8.0,Chennai
2007-06-15,2007,6,Chennai nungambakkam,6.8,Chennai
2007-06-15,2007,6,Pachaiyappa college,5.1,Chennai
2007-06-15,2007,6,MYLAPORE-TRIPLICANE TALUK,4.8,Chennai
2007-06-15,2007,6,DGP Office,4.5,Chennai
2007-06-15,2007,6,Govt. arts college,4.5,Chennai
2007-06-15,2007,6,Chennai port trust,4.1,Chennai
2007-06-15,2007,6,Anna university,3.9,Chennai
2007-06-16,2007,6,Ambathur,2.0,Chennai
2007-06-17,2007,6,Chennai AP,15.8,Chennai
2007-06-17,2007,6,Anna university,1.1,Chennai
2007-06-18,2007,6,Chennai nungambakkam,5.6,Chennai
2007-06-18,2007,6,Chennai AP,3.2,Chennai
2007-06-18,2007,6,Anna university,2.3,Chennai
2007-06-18,2007,6,MYLAPORE-TRIPLICANE TALUK,2.3,Chennai
2007-06-18,2007,6,DGP Office,2.3,Chennai
2007-06-18,2007,6,Pachaiyappa college,2.2,Chennai
2007-06-18,2007,6,Govt. arts college,2.1,Chennai
2007-06-18,2007,6,Ambathur,2.0,Chennai
2007-06-18,2007,6,Chennai port trust,1.9,Chennai
2007-06-19,2007,6,Chennai nungambakkam,25.5,Chennai
2007-06-19,2007,6,Anna university,14.0,Chennai
2007-06-19,2007,6,Ambathur,9.0,Chennai
2007-06-19,2007,6,Chennai AP,8.0,Chennai
2007-06-19,2007,6,Govt. arts college,2.0,Chennai
2007-06-19,2007,6,Chennai port trust,1.9,Chennai
2007-06-19,2007,6,MYLAPORE-TRIPLICANE TALUK,1.6,Chennai
2007-06-19,2007,6,DGP Office,1.4,Chennai
2007-06-19,2007,6,Pachaiyappa college,1.3,Chennai
2007-06-20,2007,6,Chennai AP,4.6,Chennai
2007-06-20,2007,6,Chennai nungambakkam,3.7,Chennai
2007-06-20,2007,6,Ambathur,2.0,Chennai
2007-06-20,2007,6,Chennai port trust,2.0,Chennai
2007-06-20,2007,6,Anna university,1.6,Chennai
2007-06-20,2007,6,Govt. arts college,1.5,Chennai
2007-06-20,2007,6,MYLAPORE-TRIPLICANE TALUK,1.1,Chennai
2007-06-21,2007,6,Chennai nungambakkam,5.6,Chennai
2007-06-21,2007,6,Chennai port trust,4.6,Chennai
2007-06-21,2007,6,Anna university,4.4,Chennai
2007-06-21,2007,6,Chennai AP,3.6,Chennai
2007-06-21,2007,6,Govt. arts college,3.5,Chennai
2007-06-21,2007,6,Ambathur,2.0,Chennai
2007-06-21,2007,6,MYLAPORE-TRIPLICANE TALUK,1.0,Chennai
2007-06-21,2007,6,DGP Office,0.8,Chennai
2007-06-21,2007,6,Pachaiyappa college,0.5,Chennai
2007-06-22,2007,6,Ambathur,33.0,Chennai
2007-06-22,2007,6,Chennai nungambakkam,24.4,Chennai
2007-06-22,2007,6,Anna university,21.0,Chennai
2007-06-22,2007,6,Chennai AP,19.3,Chennai
2007-06-22,2007,6,DGP Office,9.2,Chennai
2007-06-22,2007,6,MYLAPORE-TRIPLICANE TALUK,8.6,Chennai
2007-06-22,2007,6,Pachaiyappa college,8.4,Chennai
2007-06-22,2007,6,Chennai port trust,4.6,Chennai
2007-06-22,2007,6,Govt. arts college,3.9,Chennai
2007-06-23,2007,6,Chennai nungambakkam,0.3,Chennai
2007-06-23,2007,6,MYLAPORE-TRIPLICANE TALUK,0.2,Chennai
2007-06-23,2007,6,Anna university,0.1,Chennai
2007-06-23,2007,6,Govt. arts college,0.1,Chennai
2007-06-23,2007,6,Chennai AP,0.1,Chennai
2007-06-26,2007,6,Chennai nungambakkam,10.6,Chennai
2007-06-26,2007,6,MYLAPORE-TRIPLICANE TALUK,3.1,Chennai
2007-06-26,2007,6,Anna university,2.6,Chennai
2007-06-26,2007,6,DGP Office,2.5,Chennai
2007-06-26,2007,6,Govt. arts college,2.3,Chennai
2007-06-26,2007,6,Chennai port trust,1.9,Chennai
2007-06-26,2007,6,Pachaiyappa college,1.8,Chennai
2007-06-26,2007,6,Chennai AP,0.6,Chennai
2007-06-27,2007,6,Ambathur,12.0,Chennai
2007-06-27,2007,6,Chennai AP,12.0,Chennai
2007-06-27,2007,6,Anna university,6.0,Chennai
2007-06-27,2007,6,Chennai nungambakkam,6.0,Chennai
2007-06-27,2007,6,DGP Office,5.4,Chennai
2007-06-27,2007,6,MYLAPORE-TRIPLICANE TALUK,4.8,Chennai
2007-06-27,2007,6,Chennai port trust,4.6,Chennai
2007-06-27,2007,6,Govt. arts college,4.5,Chennai
2007-06-27,2007,6,Pachaiyappa college,3.7,Chennai
2007-06-28,2007,6,Ambathur,3.0,Chennai
2007-06-28,2007,6,Chennai nungambakkam,1.0,Chennai
2007-06-28,2007,6,Chennai AP,0.6,Chennai
2007-06-29,2007,6,Chennai AP,16.9,Chennai
2007-06-29,2007,6,Anna university,8.6,Chennai
2007-06-29,2007,6,Pachaiyappa college,7.9,Chennai
2007-06-29,2007,6,DGP Office,7.8,Chennai
2007-06-29,2007,6,MYLAPORE-TRIPLICANE TALUK,7.5,Chennai
2007-06-29,2007,6,Chennai port trust,3.8,Chennai
2007-06-29,2007,6,Govt. arts college,3.4,Chennai
2007-06-29,2007,6,Chennai nungambakkam,3.2,Chennai
2007-06-29,2007,6,Ambathur,1.0,Chennai
2007-06-30,2007,6,Chennai AP,9.9,Chennai
2007-06-30,2007,6,Pachaiyappa college,5.4,Chennai
2007-06-30,2007,6,Anna university,5.0,Chennai
2007-06-30,2007,6,MYLAPORE-TRIPLICANE TALUK,4.4,Chennai
2007-06-30,2007,6,DGP Office,4.2,Chennai
2007-06-30,2007,6,Chennai port trust,3.9,Chennai
2007-06-30,2007,6,Govt. arts college,3.8,Chennai
2007-06-30,2007,6,Ambathur,3.0,Chennai
2007-06-30,2007,6,Chennai nungambakkam,1.5,Chennai
2007-07-06,2007,7,Ambathur,6.0,Chennai
2007-07-06,2007,7,Chennai nungambakkam,1.5,Chennai
2007-07-06,2007,7,Chennai AP,0.2,Chennai
2007-07-07,2007,7,Ambathur,2.0,Chennai
2007-07-07,2007,7,Chennai nungambakkam,0.8,Chennai
2007-07-09,2007,7,Chennai nungambakkam,7.0,Chennai
2007-07-09,2007,7,Pachaiyappa college,4.7,Chennai
2007-07-09,2007,7,Chennai port trust,4.3,Chennai
2007-07-09,2007,7,Anna university,4.2,Chennai
2007-07-09,2007,7,MYLAPORE-TRIPLICANE TALUK,4.2,Chennai
2007-07-09,2007,7,Ambathur,4.0,Chennai
2007-07-09,2007,7,DGP Office,4.0,Chennai
2007-07-09,2007,7,Govt. arts college,3.9,Chennai
2007-07-09,2007,7,Chennai AP,2.8,Chennai
2007-07-10,2007,7,Anna university,6.1,Chennai
2007-07-10,2007,7,Pachaiyappa college,5.5,Chennai
2007-07-10,2007,7,Chennai nungambakkam,5.5,Chennai
2007-07-10,2007,7,DGP Office,5.4,Chennai
2007-07-10,2007,7,Ambathur,5.0,Chennai
2007-07-10,2007,7,MYLAPORE-TRIPLICANE TALUK,4.6,Chennai
2007-07-10,2007,7,Govt. arts college,4.5,Chennai
2007-07-10,2007,7,Chennai port trust,4.3,Chennai
2007-07-10,2007,7,Chennai AP,1.0,Chennai
2007-07-11,2007,7,Ambathur,5.0,Chennai
2007-07-11,2007,7,Chennai nungambakkam,0.6,Chennai
2007-07-11,2007,7,DGP Office,0.4,Chennai
2007-07-11,2007,7,MYLAPORE-TRIPLICANE TALUK,0.3,Chennai
2007-07-11,2007,7,Govt. arts college,0.3,Chennai
2007-07-11,2007,7,Chennai port trust,0.3,Chennai
2007-07-11,2007,7,Chennai AP,0.3,Chennai
2007-07-11,2007,7,Pachaiyappa college,0.2,Chennai
2007-07-11,2007,7,Anna university,0.2,Chennai
2007-07-12,2007,7,Chennai nungambakkam,36.0,Chennai
2007-07-12,2007,7,Anna university,27.8,Chennai
2007-07-12,2007,7,Ambathur,25.0,Chennai
2007-07-12,2007,7,DGP Office,24.6,Chennai
2007-07-12,2007,7,Pachaiyappa college,24.5,Chennai
2007-07-12,2007,7,MYLAPORE-TRIPLICANE TALUK,24.5,Chennai
2007-07-12,2007,7,Chennai AP,15.9,Chennai
2007-07-12,2007,7,Govt. arts college,15.0,Chennai
2007-07-12,2007,7,Chennai port trust,13.5,Chennai
2007-07-13,2007,7,Ambathur,45.0,Chennai
2007-07-13,2007,7,Anna university,45.0,Chennai
2007-07-13,2007,7,Chennai AP,43.4,Chennai
2007-07-13,2007,7,DGP Office,42.2,Chennai
2007-07-13,2007,7,MYLAPORE-TRIPLICANE TALUK,36.0,Chennai
2007-07-13,2007,7,Pachaiyappa college,32.5,Chennai
2007-07-13,2007,7,Chennai nungambakkam,32.2,Chennai
2007-07-13,2007,7,Govt. arts college,32.0,Chennai
2007-07-13,2007,7,Chennai port trust,31.0,Chennai
2007-07-14,2007,7,Pachaiyappa college,10.6,Chennai
2007-07-14,2007,7,DGP Office,10.6,Chennai
2007-07-14,2007,7,MYLAPORE-TRIPLICANE TALUK,10.2,Chennai
2007-07-14,2007,7,Chennai AP,9.9,Chennai
2007-07-14,2007,7,Anna university,6.2,Chennai
2007-07-14,2007,7,Chennai nungambakkam,1.5,Chennai
2007-07-14,2007,7,Govt. arts college,0.3,Chennai
2007-07-15,2007,7,DGP Office,26.2,Chennai
2007-07-15,2007,7,Chennai nungambakkam,26.1,Chennai
2007-07-15,2007,7,MYLAPORE-TRIPLICANE TALUK,21.4,Chennai
2007-07-15,2007,7,Pachaiyappa college,16.5,Chennai
2007-07-15,2007,7,Govt. arts college,16.5,Chennai
2007-07-15,2007,7,Chennai port trust,10.5,Chennai
2007-07-15,2007,7,Anna university,3.2,Chennai
2007-07-15,2007,7,Ambathur,2.0,Chennai
2007-07-15,2007,7,Chennai AP,0.2,Chennai
2007-07-16,2007,7,Ambathur,10.0,Chennai
2007-07-16,2007,7,Govt. arts college,9.5,Chennai
2007-07-16,2007,7,Chennai port trust,5.6,Chennai
2007-07-16,2007,7,Chennai nungambakkam,4.3,Chennai
2007-07-16,2007,7,Chennai AP,1.5,Chennai
2007-07-17,2007,7,Chennai AP,7.7,Chennai
2007-07-17,2007,7,Chennai nungambakkam,5.4,Chennai
2007-07-17,2007,7,DGP Office,4.1,Chennai
2007-07-17,2007,7,MYLAPORE-TRIPLICANE TALUK,3.8,Chennai
2007-07-17,2007,7,Pachaiyappa college,3.3,Chennai
2007-07-17,2007,7,Anna university,1.3,Chennai
2007-07-17,2007,7,Govt. arts college,0.6,Chennai
2007-07-17,2007,7,Chennai port trust,0.4,Chennai
2007-07-18,2007,7,DGP Office,4.6,Chennai
2007-07-18,2007,7,MYLAPORE-TRIPLICANE TALUK,4.4,Chennai
2007-07-18,2007,7,Govt. arts college,3.0,Chennai
2007-07-18,2007,7,Pachaiyappa college,2.5,Chennai
2007-07-18,2007,7,Ambathur,1.0,Chennai
2007-07-18,2007,7,Chennai AP,0.9,Chennai
2007-07-18,2007,7,Chennai nungambakkam,0.6,Chennai
2007-07-18,2007,7,Anna university,0.5,Chennai
2007-07-19,2007,7,Chennai AP,9.2,Chennai
2007-07-22,2007,7,Ambathur,45.0,Chennai
2007-07-22,2007,7,Pachaiyappa college,16.1,Chennai
2007-07-22,2007,7,DGP Office,15.2,Chennai
2007-07-22,2007,7,MYLAPORE-TRIPLICANE TALUK,14.8,Chennai
2007-07-22,2007,7,Anna university,14.6,Chennai
2007-07-22,2007,7,Chennai nungambakkam,12.3,Chennai
2007-07-22,2007,7,Govt. arts college,6.2,Chennai
2007-07-22,2007,7,Chennai port trust,6.1,Chennai
2007-07-22,2007,7,Chennai AP,5.1,Chennai
2007-07-24,2007,7,Chennai AP,0.2,Chennai
2007-07-25,2007,7,Chennai AP,0.6,Chennai
2007-07-25,2007,7,Chennai nungambakkam,0.3,Chennai
2007-07-26,2007,7,Chennai nungambakkam,1.2,Chennai
2007-07-26,2007,7,Chennai AP,0.4,Chennai
2007-07-26,2007,7,Govt. arts college,0.2,Chennai
2007-07-26,2007,7,Chennai port trust,0.2,Chennai
2007-07-27,2007,7,Chennai AP,0.6,Chennai
2007-07-28,2007,7,Chennai nungambakkam,75.2,Chennai
2007-07-28,2007,7,Anna university,73.0,Chennai
2007-07-28,2007,7,Chennai AP,26.2,Chennai
2007-07-28,2007,7,MYLAPORE-TRIPLICANE TALUK,14.2,Chennai
2007-07-28,2007,7,DGP Office,13.7,Chennai
2007-07-28,2007,7,Pachaiyappa college,13.1,Chennai
2007-07-28,2007,7,Govt. arts college,3.5,Chennai
2007-07-28,2007,7,Chennai port trust,3.2,Chennai
2007-07-28,2007,7,Ambathur,1.0,Chennai
2007-07-29,2007,7,Chennai AP,45.0,Chennai
2007-07-29,2007,7,Ambathur,32.0,Chennai
2007-07-29,2007,7,Anna university,16.4,Chennai
2007-07-29,2007,7,Chennai nungambakkam,8.5,Chennai
2007-07-29,2007,7,MYLAPORE-TRIPLICANE TALUK,5.2,Chennai
2007-07-29,2007,7,DGP Office,4.8,Chennai
2007-07-29,2007,7,Govt. arts college,3.8,Chennai
2007-07-29,2007,7,Pachaiyappa college,3.7,Chennai
2007-07-29,2007,7,Chennai port trust,3.1,Chennai
2007-07-30,2007,7,Ambathur,62.0,Chennai
2007-07-30,2007,7,Chennai nungambakkam,34.4,Chennai
2007-07-30,2007,7,Govt. arts college,21.7,Chennai
2007-07-30,2007,7,Chennai AP,20.9,Chennai
2007-07-30,2007,7,Anna university,19.0,Chennai
2007-07-30,2007,7,DGP Office,9.2,Chennai
2007-07-30,2007,7,Chennai port trust,9.1,Chennai
2007-07-30,2007,7,MYLAPORE-TRIPLICANE TALUK,8.9,Chennai
2007-07-30,2007,7,Pachaiyappa college,7.9,Chennai
2007-07-31,2007,7,Anna university,4.0,Chennai
2007-07-31,2007,7,Ambathur,3.0,Chennai
2007-07-31,2007,7,DGP Office,2.4,Chennai
2007-07-31,2007,7,MYLAPORE-TRIPLICANE TALUK,2.1,Chennai
2007-07-31,2007,7,Chennai AP,1.4,Chennai
2007-07-31,2007,7,Chennai nungambakkam,0.6,Chennai
2007-07-31,2007,7,Govt. arts college,0.2,Chennai
2007-07-31,2007,7,Chennai port trust,0.2,Chennai
2007-08-01,2007,8,Ambathur,106.0,Chennai
2007-08-01,2007,8,Chennai AP,13.7,Chennai
2007-08-01,2007,8,Chennai nungambakkam,13.6,Chennai
2007-08-01,2007,8,Govt. arts college,12.2,Chennai
2007-08-01,2007,8,DGP Office,5.8,Chennai
2007-08-01,2007,8,Pachaiyappa college,5.5,Chennai
2007-08-01,2007,8,MYLAPORE-TRIPLICANE TALUK,5.2,Chennai
2007-08-01,2007,8,Chennai port trust,4.5,Chennai
2007-08-01,2007,8,Anna university,4.0,Chennai
2007-08-02,2007,8,Chennai AP,26.4,Chennai
2007-08-02,2007,8,Pachaiyappa college,13.7,Chennai
2007-08-02,2007,8,DGP Office,13.6,Chennai
2007-08-02,2007,8,MYLAPORE-TRIPLICANE TALUK,13.4,Chennai
2007-08-02,2007,8,Chennai nungambakkam,9.7,Chennai
2007-08-02,2007,8,Anna university,6.2,Chennai
2007-08-02,2007,8,Chennai port trust,3.2,Chennai
2007-08-02,2007,8,Govt. arts college,3.0,Chennai
2007-08-03,2007,8,Anna university,1.0,Chennai
2007-08-03,2007,8,Chennai nungambakkam,0.3,Chennai
2007-08-03,2007,8,Chennai AP,0.3,Chennai
2007-08-04,2007,8,Anna university,0.6,Chennai
2007-08-04,2007,8,Chennai nungambakkam,0.3,Chennai
2007-08-04,2007,8,Chennai AP,0.1,Chennai
2007-08-05,2007,8,Chennai nungambakkam,0.4,Chennai
2007-08-06,2007,8,Ambathur,2.0,Chennai
2007-08-06,2007,8,Chennai nungambakkam,0.3,Chennai
2007-08-12,2007,8,Chennai AP,15.0,Chennai
2007-08-12,2007,8,Anna university,5.1,Chennai
2007-08-12,2007,8,MYLAPORE-TRIPLICANE TALUK,4.4,Chennai
2007-08-12,2007,8,DGP Office,4.2,Chennai
2007-08-12,2007,8,Chennai nungambakkam,3.6,Chennai
2007-08-12,2007,8,Govt. arts college,1.8,Chennai
2007-08-12,2007,8,Chennai port trust,1.6,Chennai
2007-08-12,2007,8,Pachaiyappa college,1.5,Chennai
2007-08-13,2007,8,Chennai nungambakkam,6.0,Chennai
2007-08-17,2007,8,Chennai AP,29.7,Chennai
2007-08-17,2007,8,DGP Office,28.6,Chennai
2007-08-17,2007,8,Anna university,28.3,Chennai
2007-08-17,2007,8,MYLAPORE-TRIPLICANE TALUK,28.2,Chennai
2007-08-17,2007,8,Pachaiyappa college,21.5,Chennai
2007-08-17,2007,8,Chennai nungambakkam,15.8,Chennai
2007-08-17,2007,8,Chennai port trust,3.7,Chennai
2007-08-17,2007,8,Ambathur,3.0,Chennai
2007-08-17,2007,8,Govt. arts college,2.6,Chennai
2007-08-18,2007,8,Chennai AP,26.7,Chennai
2007-08-18,2007,8,DGP Office,25.2,Chennai
2007-08-18,2007,8,MYLAPORE-TRIPLICANE TALUK,24.8,Chennai
2007-08-18,2007,8,Anna university,15.3,Chennai
2007-08-18,2007,8,Pachaiyappa college,14.7,Chennai
2007-08-18,2007,8,Chennai nungambakkam,7.4,Chennai
2007-08-18,2007,8,Ambathur,4.0,Chennai
2007-08-19,2007,8,Anna university,18.5,Chennai
2007-08-19,2007,8,Chennai AP,16.4,Chennai
2007-08-19,2007,8,Ambathur,12.0,Chennai
2007-08-19,2007,8,DGP Office,8.2,Chennai
2007-08-19,2007,8,Pachaiyappa college,7.6,Chennai
2007-08-19,2007,8,MYLAPORE-TRIPLICANE TALUK,7.6,Chennai
2007-08-19,2007,8,Govt. arts college,2.4,Chennai
2007-08-19,2007,8,Chennai port trust,2.3,Chennai
2007-08-19,2007,8,Chennai nungambakkam,2.0,Chennai
2007-08-20,2007,8,Chennai nungambakkam,0.9,Chennai
2007-08-21,2007,8,MYLAPORE-TRIPLICANE TALUK,30.8,Chennai
2007-08-21,2007,8,DGP Office,30.2,Chennai
2007-08-21,2007,8,Pachaiyappa college,17.6,Chennai
2007-08-21,2007,8,Ambathur,17.0,Chennai
2007-08-21,2007,8,Chennai nungambakkam,16.0,Chennai
2007-08-21,2007,8,Chennai AP,15.5,Chennai
2007-08-21,2007,8,Anna university,11.1,Chennai
2007-08-21,2007,8,Chennai port trust,6.8,Chennai
2007-08-21,2007,8,Govt. arts college,6.1,Chennai
2007-08-22,2007,8,Ambathur,20.0,Chennai
2007-08-22,2007,8,Chennai AP,17.4,Chennai
2007-08-22,2007,8,Pachaiyappa college,16.8,Chennai
2007-08-22,2007,8,DGP Office,16.8,Chennai
2007-08-22,2007,8,MYLAPORE-TRIPLICANE TALUK,16.6,Chennai
2007-08-22,2007,8,Chennai nungambakkam,8.6,Chennai
2007-08-22,2007,8,Govt. arts college,3.2,Chennai
2007-08-22,2007,8,Chennai port trust,3.2,Chennai
2007-08-22,2007,8,Anna university,3.0,Chennai
2007-08-23,2007,8,Ambathur,65.0,Chennai
2007-08-23,2007,8,Govt. arts college,44.0,Chennai
2007-08-23,2007,8,Chennai nungambakkam,32.7,Chennai
2007-08-23,2007,8,Chennai port trust,32.5,Chennai
2007-08-23,2007,8,DGP Office,17.6,Chennai
2007-08-23,2007,8,MYLAPORE-TRIPLICANE TALUK,17.4,Chennai
2007-08-23,2007,8,Pachaiyappa college,17.1,Chennai
2007-08-23,2007,8,Chennai AP,14.3,Chennai
2007-08-23,2007,8,Anna university,4.0,Chennai
2007-08-24,2007,8,Ambathur,10.0,Chennai
2007-08-24,2007,8,Chennai nungambakkam,6.0,Chennai
2007-08-24,2007,8,Govt. arts college,4.5,Chennai
2007-08-24,2007,8,Chennai port trust,3.9,Chennai
2007-08-24,2007,8,Chennai AP,2.0,Chennai
2007-08-24,2007,8,Anna university,0.5,Chennai
2007-08-28,2007,8,Ambathur,17.0,Chennai
2007-08-28,2007,8,Chennai nungambakkam,0.8,Chennai
2007-08-29,2007,8,Anna university,7.0,Chennai
2007-08-29,2007,8,Chennai AP,5.1,Chennai
2007-08-29,2007,8,Chennai nungambakkam,4.8,Chennai
2007-08-30,2007,8,Govt. arts college,73.0,Chennai
2007-08-30,2007,8,Ambathur,64.0,Chennai
2007-08-30,2007,8,MYLAPORE-TRIPLICANE TALUK,36.4,Chennai
2007-08-30,2007,8,DGP Office,36.2,Chennai
2007-08-30,2007,8,Chennai nungambakkam,35.9,Chennai
2007-08-30,2007,8,Pachaiyappa college,34.1,Chennai
2007-08-30,2007,8,Chennai port trust,33.5,Chennai
2007-08-30,2007,8,Chennai AP,30.4,Chennai
2007-08-31,2007,8,Ambathur,16.0,Chennai
2007-08-31,2007,8,Anna university,10.1,Chennai
2007-08-31,2007,8,Chennai AP,8.4,Chennai
2007-08-31,2007,8,DGP Office,6.6,Chennai
2007-08-31,2007,8,Pachaiyappa college,6.4,Chennai
2007-08-31,2007,8,MYLAPORE-TRIPLICANE TALUK,6.1,Chennai
2007-08-31,2007,8,Chennai nungambakkam,5.8,Chennai
2007-08-31,2007,8,Govt. arts college,5.0,Chennai
2007-08-31,2007,8,Chennai port trust,4.1,Chennai
2007-09-01,2007,9,Chennai AP,3.4,Chennai
2007-09-01,2007,9,Chennai nungambakkam,0.5,Chennai
2007-09-01,2007,9,Anna university,0.4,Chennai
2007-09-03,2007,9,DGP Office,13.4,Chennai
2007-09-03,2007,9,MYLAPORE-TRIPLICANE TALUK,13.2,Chennai
2007-09-03,2007,9,Ambathur,13.0,Chennai
2007-09-03,2007,9,Pachaiyappa college,7.9,Chennai
2007-09-03,2007,9,Chennai nungambakkam,2.1,Chennai
2007-09-03,2007,9,Chennai AP,1.0,Chennai
2007-09-03,2007,9,Govt. arts college,0.6,Chennai
2007-09-03,2007,9,Anna university,0.4,Chennai
2007-09-05,2007,9,Ambathur,26.0,Chennai
2007-09-05,2007,9,Govt. arts college,5.2,Chennai
2007-09-05,2007,9,Chennai port trust,4.9,Chennai
2007-09-05,2007,9,Chennai nungambakkam,1.5,Chennai
2007-09-05,2007,9,Anna university,0.5,Chennai
2007-09-06,2007,9,Anna university,91.4,Chennai
2007-09-06,2007,9,DGP Office,80.4,Chennai
2007-09-06,2007,9,MYLAPORE-TRIPLICANE TALUK,80.2,Chennai
2007-09-06,2007,9,Pachaiyappa college,79.0,Chennai
2007-09-06,2007,9,Chennai port trust,78.0,Chennai
2007-09-06,2007,9,Chennai nungambakkam,67.9,Chennai
2007-09-06,2007,9,Govt. arts college,58.0,Chennai
2007-09-06,2007,9,Chennai AP,52.0,Chennai
2007-09-06,2007,9,Ambathur,34.0,Chennai
2007-09-14,2007,9,Chennai AP,15.5,Chennai
2007-09-14,2007,9,Chennai nungambakkam,14.9,Chennai
2007-09-14,2007,9,Anna university,13.8,Chennai
2007-09-14,2007,9,Pachaiyappa college,9.7,Chennai
2007-09-14,2007,9,Govt. arts college,9.6,Chennai
2007-09-14,2007,9,DGP Office,8.8,Chennai
2007-09-14,2007,9,MYLAPORE-TRIPLICANE TALUK,8.6,Chennai
2007-09-14,2007,9,Chennai port trust,8.4,Chennai
2007-09-15,2007,9,Chennai AP,9.6,Chennai
2007-09-16,2007,9,Anna university,19.4,Chennai
2007-09-16,2007,9,Chennai AP,6.1,Chennai
2007-09-16,2007,9,Chennai nungambakkam,1.2,Chennai
2007-09-17,2007,9,Chennai port trust,5.1,Chennai
2007-09-17,2007,9,Govt. arts college,4.6,Chennai
2007-09-17,2007,9,Ambathur,3.0,Chennai
2007-09-17,2007,9,Chennai AP,2.4,Chennai
2007-09-17,2007,9,Chennai nungambakkam,1.5,Chennai
2007-09-17,2007,9,Anna university,1.0,Chennai
2007-09-18,2007,9,Chennai AP,1.5,Chennai
2007-09-19,2007,9,DGP Office,16.6,Chennai
2007-09-19,2007,9,MYLAPORE-TRIPLICANE TALUK,16.4,Chennai
2007-09-19,2007,9,Anna university,15.6,Chennai
2007-09-19,2007,9,Pachaiyappa college,14.2,Chennai
2007-09-19,2007,9,Chennai nungambakkam,11.6,Chennai
2007-09-19,2007,9,Chennai AP,11.2,Chennai
2007-09-19,2007,9,Govt. arts college,1.2,Chennai
2007-09-19,2007,9,Chennai port trust,1.0,Chennai
2007-09-20,2007,9,Ambathur,3.0,Chennai
2007-09-20,2007,9,Govt. arts college,2.6,Chennai
2007-09-20,2007,9,Chennai nungambakkam,0.2,Chennai
2007-09-21,2007,9,Chennai AP,0.2,Chennai
2007-09-28,2007,9,Anna university,39.1,Chennai
2007-09-28,2007,9,Chennai nungambakkam,27.9,Chennai
2007-09-28,2007,9,Chennai AP,25.5,Chennai
2007-09-28,2007,9,Chennai port trust,21.8,Chennai
2007-09-28,2007,9,Pachaiyappa college,20.7,Chennai
2007-09-28,2007,9,DGP Office,18.7,Chennai
2007-09-28,2007,9,Govt. arts college,17.6,Chennai
2007-09-28,2007,9,MYLAPORE-TRIPLICANE TALUK,15.2,Chennai
2007-09-28,2007,9,Ambathur,2.0,Chennai
2007-09-30,2007,9,Ambathur,58.0,Chennai
2007-09-30,2007,9,Anna university,43.2,Chennai
2007-09-30,2007,9,Chennai nungambakkam,38.4,Chennai
2007-09-30,2007,9,Chennai port trust,31.5,Chennai
2007-09-30,2007,9,Govt. arts college,28.0,Chennai
2007-09-30,2007,9,Chennai AP,22.5,Chennai
2007-09-30,2007,9,DGP Office,19.8,Chennai
2007-09-30,2007,9,MYLAPORE-TRIPLICANE TALUK,19.6,Chennai
2007-09-30,2007,9,Pachaiyappa college,19.1,Chennai
2007-10-01,2007,10,Chennai nungambakkam,3.4,Chennai
2007-10-01,2007,10,Anna university,3.0,Chennai
2007-10-01,2007,10,DGP Office,2.4,Chennai
2007-10-01,2007,10,MYLAPORE-TRIPLICANE TALUK,2.2,Chennai
2007-10-01,2007,10,Chennai port trust,2.1,Chennai
2007-10-01,2007,10,Ambathur,2.0,Chennai
2007-10-01,2007,10,Govt. arts college,2.0,Chennai
2007-10-01,2007,10,Chennai AP,2.0,Chennai
2007-10-02,2007,10,Ambathur,1.0,Chennai
2007-10-06,2007,10,Ambathur,7.0,Chennai
2007-10-07,2007,10,Chennai nungambakkam,0.5,Chennai
2007-10-18,2007,10,Chennai AP,0.5,Chennai
2007-10-19,2007,10,Chennai AP,1.5,Chennai
2007-10-19,2007,10,Chennai nungambakkam,1.0,Chennai
2007-10-20,2007,10,Ambathur,3.0,Chennai
2007-10-20,2007,10,Chennai nungambakkam,1.5,Chennai
2007-10-20,2007,10,Chennai AP,0.2,Chennai
2007-10-21,2007,10,Anna university,6.4,Chennai
2007-10-21,2007,10,Chennai nungambakkam,4.2,Chennai
2007-10-21,2007,10,Chennai AP,4.0,Chennai
2007-10-21,2007,10,Ambathur,3.0,Chennai
2007-10-22,2007,10,Anna university,20.8,Chennai
2007-10-22,2007,10,Pachaiyappa college,16.9,Chennai
2007-10-22,2007,10,DGP Office,16.4,Chennai
2007-10-22,2007,10,MYLAPORE-TRIPLICANE TALUK,16.3,Chennai
2007-10-22,2007,10,Chennai nungambakkam,11.8,Chennai
2007-10-22,2007,10,Chennai AP,9.0,Chennai
2007-10-22,2007,10,Chennai port trust,8.9,Chennai
2007-10-22,2007,10,Govt. arts college,8.5,Chennai
2007-10-22,2007,10,Ambathur,7.0,Chennai
2007-10-23,2007,10,Ambathur,5.0,Chennai
2007-10-23,2007,10,Anna university,3.6,Chennai
2007-10-23,2007,10,Govt. arts college,3.2,Chennai
2007-10-23,2007,10,Chennai port trust,3.0,Chennai
2007-10-23,2007,10,Chennai nungambakkam,2.8,Chennai
2007-10-23,2007,10,DGP Office,2.2,Chennai
2007-10-23,2007,10,Pachaiyappa college,2.1,Chennai
2007-10-23,2007,10,MYLAPORE-TRIPLICANE TALUK,2.0,Chennai
2007-10-23,2007,10,Chennai AP,2.0,Chennai
2007-10-24,2007,10,Ambathur,51.0,Chennai
2007-10-24,2007,10,Govt. arts college,20.8,Chennai
2007-10-24,2007,10,Anna university,15.0,Chennai
2007-10-24,2007,10,Chennai nungambakkam,15.0,Chennai
2007-10-24,2007,10,Chennai port trust,14.0,Chennai
2007-10-24,2007,10,Chennai AP,13.0,Chennai
2007-10-24,2007,10,Pachaiyappa college,4.9,Chennai
2007-10-24,2007,10,MYLAPORE-TRIPLICANE TALUK,4.8,Chennai
2007-10-24,2007,10,DGP Office,4.6,Chennai
2007-10-25,2007,10,Anna university,19.4,Chennai
2007-10-25,2007,10,Chennai nungambakkam,7.6,Chennai
2007-10-25,2007,10,DGP Office,4.8,Chennai
2007-10-25,2007,10,Chennai AP,4.7,Chennai
2007-10-25,2007,10,MYLAPORE-TRIPLICANE TALUK,4.4,Chennai
2007-10-25,2007,10,Pachaiyappa college,4.2,Chennai
2007-10-25,2007,10,Ambathur,4.0,Chennai
2007-10-25,2007,10,Govt. arts college,0.8,Chennai
2007-10-26,2007,10,Anna university,18.3,Chennai
2007-10-26,2007,10,Chennai AP,18.0,Chennai
2007-10-26,2007,10,DGP Office,14.4,Chennai
2007-10-26,2007,10,MYLAPORE-TRIPLICANE TALUK,14.2,Chennai
2007-10-26,2007,10,Pachaiyappa college,14.1,Chennai
2007-10-26,2007,10,Chennai nungambakkam,13.2,Chennai
2007-10-26,2007,10,Ambathur,4.0,Chennai
2007-10-26,2007,10,Govt. arts college,0.4,Chennai
2007-10-27,2007,10,Ambathur,21.0,Chennai
2007-10-27,2007,10,Chennai nungambakkam,18.5,Chennai
2007-10-27,2007,10,Govt. arts college,16.6,Chennai
2007-10-27,2007,10,Anna university,9.6,Chennai
2007-10-27,2007,10,DGP Office,6.2,Chennai
2007-10-27,2007,10,MYLAPORE-TRIPLICANE TALUK,6.0,Chennai
2007-10-27,2007,10,Pachaiyappa college,5.8,Chennai
2007-10-27,2007,10,Chennai port trust,4.5,Chennai
2007-10-27,2007,10,Chennai AP,3.9,Chennai
2007-10-28,2007,10,Govt. arts college,48.4,Chennai
2007-10-28,2007,10,Chennai nungambakkam,47.6,Chennai
2007-10-28,2007,10,Anna university,46.2,Chennai
2007-10-28,2007,10,Ambathur,42.0,Chennai
2007-10-28,2007,10,Chennai port trust,40.6,Chennai
2007-10-28,2007,10,Chennai AP,32.0,Chennai
2007-10-28,2007,10,DGP Office,28.4,Chennai
2007-10-28,2007,10,MYLAPORE-TRIPLICANE TALUK,28.2,Chennai
2007-10-28,2007,10,Pachaiyappa college,27.9,Chennai
2007-10-29,2007,10,Ambathur,157.0,Chennai
2007-10-29,2007,10,Chennai nungambakkam,139.9,Chennai
2007-10-29,2007,10,Chennai AP,138.6,Chennai
2007-10-29,2007,10,Anna university,135.2,Chennai
2007-10-29,2007,10,Govt. arts college,121.8,Chennai
2007-10-29,2007,10,DGP Office,96.2,Chennai
2007-10-29,2007,10,MYLAPORE-TRIPLICANE TALUK,96.0,Chennai
2007-10-29,2007,10,Pachaiyappa college,95.9,Chennai
2007-10-29,2007,10,Chennai port trust,81.5,Chennai
2007-10-30,2007,10,Pachaiyappa college,10.1,Chennai
2007-10-30,2007,10,MYLAPORE-TRIPLICANE TALUK,9.2,Chennai
2007-10-30,2007,10,DGP Office,9.0,Chennai
2007-10-30,2007,10,Chennai nungambakkam,7.8,Chennai
2007-10-30,2007,10,Anna university,7.3,Chennai
2007-10-30,2007,10,Govt. arts college,3.0,Chennai
2007-10-30,2007,10,Chennai AP,2.7,Chennai
2007-10-30,2007,10,Chennai port trust,2.5,Chennai
2007-10-30,2007,10,Ambathur,2.0,Chennai
2007-11-02,2007,11,MYLAPORE-TRIPLICANE TALUK,4.2,Chennai
2007-11-02,2007,11,DGP Office,4.0,Chennai
2007-11-02,2007,11,Pachaiyappa college,3.7,Chennai
2007-11-02,2007,11,Anna university,3.6,Chennai
2007-11-02,2007,11,Govt. arts college,1.4,Chennai
2007-11-02,2007,11,Chennai nungambakkam,1.1,Chennai
2007-11-02,2007,11,Chennai port trust,1.0,Chennai
2007-11-02,2007,11,Chennai AP,0.5,Chennai
2007-11-03,2007,11,Govt. arts college,15.6,Chennai
2007-11-03,2007,11,Ambathur,11.0,Chennai
2007-11-03,2007,11,MYLAPORE-TRIPLICANE TALUK,3.6,Chennai
2007-11-03,2007,11,DGP Office,3.4,Chennai
2007-11-03,2007,11,Pachaiyappa college,2.9,Chennai
2007-11-03,2007,11,Purasawalkam - Perambur,2.0,Chennai
2007-11-03,2007,11,Chennai nungambakkam,1.8,Chennai
2007-11-03,2007,11,Anna university,0.8,Chennai
2007-11-03,2007,11,Chennai AP,0.4,Chennai
2007-11-04,2007,11,Govt. arts college,20.0,Chennai
2007-11-04,2007,11,Chennai port trust,14.5,Chennai
2007-11-04,2007,11,Chennai AP,9.2,Chennai
2007-11-04,2007,11,Chennai nungambakkam,7.4,Chennai
2007-11-04,2007,11,DGP Office,6.2,Chennai
2007-11-04,2007,11,Ambathur,6.0,Chennai
2007-11-04,2007,11,MYLAPORE-TRIPLICANE TALUK,6.0,Chennai
2007-11-04,2007,11,Pachaiyappa college,5.9,Chennai
2007-11-04,2007,11,Anna university,2.8,Chennai
2007-11-04,2007,11,Purasawalkam - Perambur,1.5,Chennai
2007-11-05,2007,11,Chennai nungambakkam,23.1,Chennai
2007-11-05,2007,11,Purasawalkam - Perambur,20.5,Chennai
2007-11-05,2007,11,Ambathur,20.0,Chennai
2007-11-05,2007,11,Govt. arts college,15.6,Chennai
2007-11-05,2007,11,Pachaiyappa college,9.8,Chennai
2007-11-05,2007,11,DGP Office,7.2,Chennai
2007-11-05,2007,11,MYLAPORE-TRIPLICANE TALUK,7.0,Chennai
2007-11-05,2007,11,Chennai AP,6.5,Chennai
2007-11-05,2007,11,Anna university,6.0,Chennai
2007-11-05,2007,11,Chennai port trust,1.0,Chennai
2007-11-06,2007,11,Anna university,0.4,Chennai
2007-11-07,2007,11,Ambathur,2.0,Chennai
2007-11-19,2007,11,Govt. arts college,11.6,Chennai
2007-11-19,2007,11,Chennai AP,11.6,Chennai
2007-11-19,2007,11,Chennai nungambakkam,6.9,Chennai
2007-11-19,2007,11,Chennai port trust,5.6,Chennai
2007-11-19,2007,11,Ambathur,5.0,Chennai
2007-11-19,2007,11,Anna university,3.0,Chennai
2007-11-19,2007,11,DGP Office,2.2,Chennai
2007-11-19,2007,11,MYLAPORE-TRIPLICANE TALUK,2.0,Chennai
2007-11-19,2007,11,Pachaiyappa college,1.9,Chennai
2007-11-19,2007,11,Purasawalkam - Perambur,1.5,Chennai
2007-11-20,2007,11,Anna university,53.2,Chennai
2007-11-20,2007,11,Chennai AP,49.8,Chennai
2007-11-20,2007,11,Chennai nungambakkam,47.2,Chennai
2007-11-20,2007,11,DGP Office,42.6,Chennai
2007-11-20,2007,11,MYLAPORE-TRIPLICANE TALUK,42.4,Chennai
2007-11-20,2007,11,Govt. arts college,42.0,Chennai
2007-11-20,2007,11,Pachaiyappa college,40.1,Chennai
2007-11-20,2007,11,Ambathur,23.0,Chennai
2007-11-20,2007,11,Purasawalkam - Perambur,16.0,Chennai
2007-11-20,2007,11,Chennai port trust,11.5,Chennai
2007-11-21,2007,11,Chennai AP,23.2,Chennai
2007-11-21,2007,11,Ambathur,20.0,Chennai
2007-11-21,2007,11,Chennai nungambakkam,5.6,Chennai
2007-11-21,2007,11,Anna university,3.4,Chennai
2007-11-21,2007,11,Purasawalkam - Perambur,2.3,Chennai
2007-11-21,2007,11,Govt. arts college,2.2,Chennai
2007-11-21,2007,11,DGP Office,2.0,Chennai
2007-11-21,2007,11,Pachaiyappa college,1.9,Chennai
2007-11-21,2007,11,MYLAPORE-TRIPLICANE TALUK,1.9,Chennai
2007-11-22,2007,11,Chennai AP,0.3,Chennai
2007-11-26,2007,11,Chennai nungambakkam,0.5,Chennai
2007-11-28,2007,11,Anna university,6.1,Chennai
2007-11-28,2007,11,Chennai AP,2.6,Chennai
2007-11-28,2007,11,DGP Office,2.2,Chennai
2007-11-28,2007,11,MYLAPORE-TRIPLICANE TALUK,1.8,Chennai
2007-11-28,2007,11,Chennai nungambakkam,1.4,Chennai
2007-11-28,2007,11,Govt. arts college,0.3,Chennai
2007-12-02,2007,12,Chennai nungambakkam,0.3,Chennai
2007-12-03,2007,12,Chennai port trust,14.2,Chennai
2007-12-03,2007,12,Govt. arts college,13.0,Chennai
2007-12-03,2007,12,Chennai nungambakkam,12.5,Chennai
2007-12-03,2007,12,Pachaiyappa college,9.3,Chennai
2007-12-03,2007,12,Chennai AP,8.6,Chennai
2007-12-03,2007,12,DGP Office,8.5,Chennai
2007-12-03,2007,12,MYLAPORE-TRIPLICANE TALUK,8.3,Chennai
2007-12-03,2007,12,Ambathur,8.0,Chennai
2007-12-03,2007,12,Anna university,6.1,Chennai
2007-12-03,2007,12,Purasawalkam - Perambur,5.0,Chennai
2007-12-04,2007,12,Chennai AP,9.7,Chennai
2007-12-04,2007,12,Ambathur,8.0,Chennai
2007-12-04,2007,12,Chennai nungambakkam,6.7,Chennai
2007-12-04,2007,12,Anna university,4.6,Chennai
2007-12-04,2007,12,DGP Office,2.4,Chennai
2007-12-04,2007,12,MYLAPORE-TRIPLICANE TALUK,2.2,Chennai
2007-12-04,2007,12,Pachaiyappa college,1.9,Chennai
2007-12-04,2007,12,Purasawalkam - Perambur,1.0,Chennai
2007-12-05,2007,12,Chennai AP,3.0,Chennai
2007-12-05,2007,12,Anna university,1.0,Chennai
2007-12-05,2007,12,Chennai nungambakkam,0.1,Chennai
2007-12-06,2007,12,Chennai nungambakkam,11.4,Chennai
2007-12-06,2007,12,Ambathur,11.0,Chennai
2007-12-06,2007,12,Chennai AP,6.9,Chennai
2007-12-06,2007,12,Govt. arts college,4.5,Chennai
2007-12-06,2007,12,Anna university,4.2,Chennai
2007-12-06,2007,12,DGP Office,3.2,Chennai
2007-12-06,2007,12,MYLAPORE-TRIPLICANE TALUK,3.0,Chennai
2007-12-06,2007,12,Pachaiyappa college,2.7,Chennai
2007-12-06,2007,12,Purasawalkam - Perambur,1.7,Chennai
2007-12-06,2007,12,Chennai port trust,1.5,Chennai
2007-12-07,2007,12,Chennai nungambakkam,41.8,Chennai
2007-12-07,2007,12,Chennai AP,20.6,Chennai
2007-12-07,2007,12,Purasawalkam - Perambur,17.0,Chennai
2007-12-07,2007,12,Govt. arts college,15.0,Chennai
2007-12-07,2007,12,Pachaiyappa college,13.1,Chennai
2007-12-07,2007,12,Chennai port trust,13.1,Chennai
2007-12-07,2007,12,MYLAPORE-TRIPLICANE TALUK,12.4,Chennai
2007-12-07,2007,12,DGP Office,12.2,Chennai
2007-12-07,2007,12,Anna university,6.8,Chennai
2007-12-07,2007,12,Ambathur,4.0,Chennai
2007-12-08,2007,12,Ambathur,6.0,Chennai
2007-12-08,2007,12,Anna university,2.0,Chennai
2007-12-08,2007,12,Chennai nungambakkam,2.0,Chennai
2007-12-08,2007,12,Govt. arts college,0.8,Chennai
2007-12-08,2007,12,Chennai AP,0.6,Chennai
2007-12-14,2007,12,Anna university,1.0,Chennai
2007-12-14,2007,12,Chennai AP,1.0,Chennai
2007-12-14,2007,12,Chennai nungambakkam,0.6,Chennai
2007-12-15,2007,12,Chennai AP,1.2,Chennai
2007-12-18,2007,12,Ambathur,28.0,Chennai
2007-12-18,2007,12,Anna university,28.0,Chennai
2007-12-18,2007,12,Chennai AP,27.8,Chennai
2007-12-18,2007,12,Chennai nungambakkam,26.2,Chennai
2007-12-18,2007,12,Pachaiyappa college,21.3,Chennai
2007-12-18,2007,12,DGP Office,20.2,Chennai
2007-12-18,2007,12,MYLAPORE-TRIPLICANE TALUK,19.8,Chennai
2007-12-18,2007,12,Purasawalkam - Perambur,17.0,Chennai
2007-12-18,2007,12,Chennai port trust,6.5,Chennai
2007-12-18,2007,12,Govt. arts college,5.8,Chennai
2007-12-19,2007,12,Govt. arts college,123.0,Chennai
2007-12-19,2007,12,Chennai port trust,117.5,Chennai
2007-12-19,2007,12,Ambathur,108.0,Chennai
2007-12-19,2007,12,Chennai AP,89.5,Chennai
2007-12-19,2007,12,Anna university,83.0,Chennai
2007-12-19,2007,12,Chennai nungambakkam,79.5,Chennai
2007-12-19,2007,12,Purasawalkam - Perambur,61.0,Chennai
2007-12-19,2007,12,Pachaiyappa college,52.5,Chennai
2007-12-19,2007,12,DGP Office,52.2,Chennai
2007-12-19,2007,12,MYLAPORE-TRIPLICANE TALUK,52.0,Chennai
2007-12-20,2007,12,Ambathur,144.0,Chennai
2007-12-20,2007,12,Anna university,113.4,Chennai
2007-12-20,2007,12,Chennai port trust,94.0,Chennai
2007-12-20,2007,12,Govt. arts college,82.0,Chennai
2007-12-20,2007,12,Chennai nungambakkam,75.2,Chennai
2007-12-20,2007,12,Chennai AP,60.2,Chennai
2007-12-20,2007,12,Purasawalkam - Perambur,60.0,Chennai
2007-12-20,2007,12,Pachaiyappa college,53.7,Chennai
2007-12-20,2007,12,DGP Office,52.4,Chennai
2007-12-20,2007,12,MYLAPORE-TRIPLICANE TALUK,52.2,Chennai
2007-12-21,2007,12,Anna university,0.4,Chennai
2007-12-21,2007,12,Chennai AP,0.2,Chennai
2008-01-04,2008,1,Ambathur,43.0,Chennai
2008-01-04,2008,1,Chennai AP,28.9,Chennai
2008-01-04,2008,1,Chennai nungambakkam,20.5,Chennai
2008-01-04,2008,1,Pachaiyappa college,19.8,Chennai
2008-01-04,2008,1,DGP Office,18.2,Chennai
2008-01-04,2008,1,Purasawalkam - Perambur,18.0,Chennai
2008-01-04,2008,1,MYLAPORE-TRIPLICANE TALUK,18.0,Chennai
2008-01-04,2008,1,Anna university,16.0,Chennai
2008-01-04,2008,1,Govt. arts college,5.8,Chennai
2008-01-04,2008,1,Chennai port trust,4.6,Chennai
2008-01-05,2008,1,Chennai AP,47.0,Chennai
2008-01-05,2008,1,Anna university,43.4,Chennai
2008-01-05,2008,1,Ambathur,32.0,Chennai
2008-01-05,2008,1,Chennai nungambakkam,29.4,Chennai
2008-01-05,2008,1,DGP Office,25.4,Chennai
2008-01-05,2008,1,MYLAPORE-TRIPLICANE TALUK,24.8,Chennai
2008-01-05,2008,1,Pachaiyappa college,24.1,Chennai
2008-01-05,2008,1,Purasawalkam - Perambur,21.0,Chennai
2008-01-05,2008,1,Govt. arts college,6.4,Chennai
2008-01-05,2008,1,Chennai port trust,5.0,Chennai
2008-02-10,2008,2,Chennai AP,2.7,Chennai
2008-02-11,2008,2,MYLAPORE-TRIPLICANE TALUK,2.4,Chennai
2008-02-11,2008,2,DGP Office,2.2,Chennai
2008-02-11,2008,2,Ambathur,2.0,Chennai
2008-02-11,2008,2,Chennai nungambakkam,2.0,Chennai
2008-02-12,2008,2,Ambathur,2.0,Chennai
2008-02-13,2008,2,Chennai nungambakkam,1.7,Chennai
2008-02-15,2008,2,Chennai AP,7.4,Chennai
2008-02-15,2008,2,Chennai nungambakkam,6.3,Chennai
2008-02-16,2008,2,Chennai AP,4.0,Chennai
2008-02-16,2008,2,Ambathur,3.0,Chennai
2008-03-12,2008,3,Ambathur,34.0,Chennai
2008-03-12,2008,3,Anna university,12.4,Chennai
2008-03-12,2008,3,Chennai nungambakkam,12.2,Chennai
2008-03-12,2008,3,Chennai AP,8.4,Chennai
2008-03-12,2008,3,Govt. arts college,2.0,Chennai
2008-03-13,2008,3,Govt. arts college,2.8,Chennai
2008-03-13,2008,3,Chennai AP,1.1,Chennai
2008-03-13,2008,3,Ambathur,1.0,Chennai
2008-03-14,2008,3,Purasawalkam - Perambur,36.0,Chennai
2008-03-14,2008,3,Chennai nungambakkam,19.7,Chennai
2008-03-14,2008,3,Chennai AP,18.3,Chennai
2008-03-14,2008,3,Anna university,14.2,Chennai
2008-03-14,2008,3,Govt. arts college,9.8,Chennai
2008-03-14,2008,3,Chennai port trust,8.8,Chennai
2008-03-14,2008,3,DGP Office,3.2,Chennai
2008-03-14,2008,3,MYLAPORE-TRIPLICANE TALUK,3.0,Chennai
2008-03-14,2008,3,Pachaiyappa college,2.1,Chennai
2008-03-15,2008,3,Ambathur,18.0,Chennai
2008-03-15,2008,3,Chennai nungambakkam,14.8,Chennai
2008-03-15,2008,3,Anna university,9.0,Chennai
2008-03-15,2008,3,Govt. arts college,6.2,Chennai
2008-03-15,2008,3,Chennai AP,3.7,Chennai
2008-03-15,2008,3,Chennai port trust,3.0,Chennai
2008-03-20,2008,3,Anna university,0.8,Chennai
2008-03-20,2008,3,Chennai AP,0.2,Chennai
2008-03-21,2008,3,Chennai nungambakkam,10.3,Chennai
2008-03-21,2008,3,Chennai AP,8.4,Chennai
2008-03-21,2008,3,Anna university,7.8,Chennai
2008-03-21,2008,3,Ambathur,7.0,Chennai
2008-03-22,2008,3,Chennai AP,77.9,Chennai
2008-03-22,2008,3,Anna university,77.1,Chennai
2008-03-22,2008,3,Chennai nungambakkam,69.3,Chennai
2008-03-22,2008,3,MYLAPORE-TRIPLICANE TALUK,54.8,Chennai
2008-03-22,2008,3,DGP Office,54.2,Chennai
2008-03-22,2008,3,Ambathur,54.0,Chennai
2008-03-22,2008,3,Pachaiyappa college,54.0,Chennai
2008-03-22,2008,3,Purasawalkam - Perambur,50.0,Chennai
2008-03-22,2008,3,Govt. arts college,42.5,Chennai
2008-03-22,2008,3,Chennai port trust,39.9,Chennai
2008-03-23,2008,3,Purasawalkam - Perambur,10.0,Chennai
2008-03-23,2008,3,Chennai nungambakkam,5.6,Chennai
2008-03-23,2008,3,Ambathur,5.0,Chennai
2008-03-23,2008,3,Pachaiyappa college,4.9,Chennai
2008-03-23,2008,3,DGP Office,4.6,Chennai
2008-03-23,2008,3,MYLAPORE-TRIPLICANE TALUK,4.4,Chennai
2008-03-23,2008,3,Anna university,0.5,Chennai
2008-03-23,2008,3,Chennai AP,0.3,Chennai
2008-03-24,2008,3,Chennai nungambakkam,1.2,Chennai
2008-03-24,2008,3,Chennai AP,0.5,Chennai
2008-03-25,2008,3,Chennai AP,56.4,Chennai
2008-03-25,2008,3,Anna university,14.8,Chennai
2008-03-25,2008,3,MYLAPORE-TRIPLICANE TALUK,6.4,Chennai
2008-03-25,2008,3,DGP Office,6.2,Chennai
2008-03-25,2008,3,Pachaiyappa college,5.9,Chennai
2008-03-25,2008,3,Chennai nungambakkam,4.8,Chennai
2008-04-01,2008,4,Chennai nungambakkam,26.9,Chennai
2008-04-01,2008,4,Chennai AP,18.6,Chennai
2008-04-01,2008,4,Purasawalkam - Perambur,8.1,Chennai
2008-04-01,2008,4,Anna university,4.8,Chennai
2008-04-01,2008,4,Pachaiyappa college,3.9,Chennai
2008-04-01,2008,4,DGP Office,3.4,Chennai
2008-04-01,2008,4,MYLAPORE-TRIPLICANE TALUK,3.2,Chennai
2008-04-01,2008,4,Govt. arts college,3.2,Chennai
2008-05-02,2008,5,Ambathur,3.0,Chennai
2008-05-13,2008,5,Chennai AP,4.0,Chennai
2008-05-21,2008,5,Chennai AP,1.4,Chennai
2008-05-22,2008,5,Chennai nungambakkam,0.3,Chennai
2008-06-01,2008,6,Ambathur,29.0,Chennai
2008-06-01,2008,6,Govt. arts college,5.6,Chennai
2008-06-01,2008,6,Anna university,2.8,Chennai
2008-06-01,2008,6,Chennai nungambakkam,1.4,Chennai
2008-06-01,2008,6,Chennai AP,0.6,Chennai
2008-06-05,2008,6,Ambathur,2.0,Chennai
2008-06-06,2008,6,Ambathur,2.0,Chennai
2008-06-08,2008,6,Chennai AP,1.1,Chennai
2008-06-09,2008,6,Chennai nungambakkam,18.4,Chennai
2008-06-09,2008,6,Purasawalkam - Perambur,9.0,Chennai
2008-06-09,2008,6,Govt. arts college,3.0,Chennai
2008-06-09,2008,6,Pachaiyappa college,2.0,Chennai
2008-06-09,2008,6,Anna university,0.8,Chennai
2008-06-09,2008,6,Chennai AP,0.5,Chennai
2008-06-10,2008,6,Anna university,1.2,Chennai
2008-06-10,2008,6,Chennai nungambakkam,0.5,Chennai
2008-06-12,2008,6,Anna university,21.4,Chennai
2008-06-12,2008,6,Chennai nungambakkam,14.6,Chennai
2008-06-12,2008,6,Chennai AP,13.8,Chennai
2008-06-12,2008,6,Purasawalkam - Perambur,2.5,Chennai
2008-06-12,2008,6,MYLAPORE-TRIPLICANE TALUK,2.4,Chennai
2008-06-12,2008,6,DGP Office,2.2,Chennai
2008-06-12,2008,6,Ambathur,2.0,Chennai
2008-06-12,2008,6,Govt. arts college,1.2,Chennai
2008-06-15,2008,6,Chennai AP,0.7,Chennai
2008-06-20,2008,6,Chennai nungambakkam,1.3,Chennai
2008-06-22,2008,6,Ambathur,93.0,Chennai
2008-06-22,2008,6,Purasawalkam - Perambur,71.0,Chennai
2008-06-22,2008,6,Chennai nungambakkam,67.0,Chennai
2008-06-22,2008,6,Chennai port trust,58.0,Chennai
2008-06-22,2008,6,Govt. arts college,36.0,Chennai
2008-06-22,2008,6,Chennai AP,33.1,Chennai
2008-06-22,2008,6,Anna university,28.0,Chennai
2008-06-22,2008,6,Pachaiyappa college,20.0,Chennai
2008-06-25,2008,6,Chennai AP,0.7,Chennai
2008-06-26,2008,6,Anna university,7.4,Chennai
2008-06-26,2008,6,Chennai nungambakkam,6.6,Chennai
2008-06-26,2008,6,Chennai AP,5.5,Chennai
2008-06-26,2008,6,Ambathur,4.0,Chennai
2008-06-26,2008,6,Pachaiyappa college,2.0,Chennai
2008-06-26,2008,6,Purasawalkam - Perambur,0.5,Chennai
2008-06-27,2008,6,Ambathur,2.0,Chennai
2008-06-28,2008,6,Ambathur,15.0,Chennai
2008-06-28,2008,6,Chennai nungambakkam,13.2,Chennai
2008-06-28,2008,6,Govt. arts college,2.2,Chennai
2008-06-28,2008,6,Purasawalkam - Perambur,2.0,Chennai
2008-06-28,2008,6,Chennai AP,0.6,Chennai
2008-06-28,2008,6,Anna university,0.4,Chennai
2008-06-29,2008,6,Ambathur,9.0,Chennai
2008-06-29,2008,6,Chennai nungambakkam,3.4,Chennai
2008-06-29,2008,6,Anna university,2.0,Chennai
2008-06-29,2008,6,Govt. arts college,1.8,Chennai
2008-06-29,2008,6,Chennai AP,0.9,Chennai
2008-07-02,2008,7,Chennai AP,1.6,Chennai
2008-07-04,2008,7,Ambathur,6.0,Chennai
2008-07-04,2008,7,Chennai nungambakkam,1.4,Chennai
2008-07-04,2008,7,Chennai AP,0.7,Chennai
2008-07-05,2008,7,Chennai AP,0.1,Chennai
2008-07-08,2008,7,Chennai AP,5.2,Chennai
2008-07-08,2008,7,DGP Office,2.0,Chennai
2008-07-08,2008,7,MYLAPORE-TRIPLICANE TALUK,1.8,Chennai
2008-07-08,2008,7,Chennai nungambakkam,0.6,Chennai
2008-07-08,2008,7,Anna university,0.2,Chennai
2008-07-10,2008,7,Ambathur,34.0,Chennai
2008-07-10,2008,7,Purasawalkam - Perambur,20.0,Chennai
2008-07-10,2008,7,Chennai AP,10.8,Chennai
2008-07-10,2008,7,Anna university,7.4,Chennai
2008-07-10,2008,7,Chennai nungambakkam,6.7,Chennai
2008-07-10,2008,7,Govt. arts college,3.4,Chennai
2008-07-10,2008,7,MYLAPORE-TRIPLICANE TALUK,2.6,Chennai
2008-07-10,2008,7,DGP Office,2.4,Chennai
2008-07-19,2008,7,Ambathur,12.0,Chennai
2008-07-25,2008,7,Ambathur,6.0,Chennai
2008-07-25,2008,7,Chennai AP,5.4,Chennai
2008-07-25,2008,7,MYLAPORE-TRIPLICANE TALUK,4.2,Chennai
2008-07-25,2008,7,Anna university,4.0,Chennai
2008-07-25,2008,7,DGP Office,3.6,Chennai
2008-07-25,2008,7,Chennai nungambakkam,1.4,Chennai
2008-07-27,2008,7,Purasawalkam - Perambur,15.0,Chennai
2008-07-27,2008,7,Ambathur,10.0,Chennai
2008-07-27,2008,7,Chennai nungambakkam,7.5,Chennai
2008-07-27,2008,7,Govt. arts college,3.2,Chennai
2008-07-27,2008,7,Chennai AP,2.1,Chennai
2008-07-28,2008,7,Chennai AP,16.1,Chennai
2008-07-28,2008,7,Anna university,12.0,Chennai
2008-07-28,2008,7,DGP Office,8.8,Chennai
2008-07-28,2008,7,Ambathur,8.0,Chennai
2008-07-28,2008,7,Purasawalkam - Perambur,8.0,Chennai
2008-07-28,2008,7,MYLAPORE-TRIPLICANE TALUK,8.0,Chennai
2008-07-28,2008,7,Chennai nungambakkam,7.2,Chennai
2008-07-28,2008,7,Pachaiyappa college,2.0,Chennai
2008-07-28,2008,7,Govt. arts college,1.6,Chennai
2008-07-29,2008,7,Ambathur,13.0,Chennai
2008-07-29,2008,7,Purasawalkam - Perambur,7.0,Chennai
2008-07-29,2008,7,Chennai nungambakkam,3.7,Chennai
2008-07-29,2008,7,Chennai AP,2.2,Chennai
2008-07-29,2008,7,Govt. arts college,1.5,Chennai
2008-07-31,2008,7,Chennai AP,0.4,Chennai
2008-08-02,2008,8,Chennai AP,6.5,Chennai
2008-08-02,2008,8,Chennai nungambakkam,1.5,Chennai
2008-08-04,2008,8,Chennai nungambakkam,10.0,Chennai
2008-08-04,2008,8,Anna university,6.6,Chennai
2008-08-04,2008,8,Chennai AP,6.6,Chennai
2008-08-04,2008,8,Pachaiyappa college,2.5,Chennai
2008-08-06,2008,8,Ambathur,2.0,Chennai
2008-08-08,2008,8,Chennai AP,2.4,Chennai
2008-08-08,2008,8,Anna university,1.2,Chennai
2008-08-08,2008,8,Chennai nungambakkam,0.3,Chennai
2008-08-09,2008,8,Chennai AP,9.3,Chennai
2008-08-09,2008,8,Anna university,7.8,Chennai
2008-08-09,2008,8,Purasawalkam - Perambur,4.0,Chennai
2008-08-09,2008,8,Chennai nungambakkam,3.4,Chennai
2008-08-09,2008,8,Ambathur,3.0,Chennai
2008-08-09,2008,8,Govt. arts college,3.0,Chennai
2008-08-09,2008,8,Pachaiyappa college,0.5,Chennai
2008-08-11,2008,8,Ambathur,5.0,Chennai
2008-08-11,2008,8,Chennai nungambakkam,3.5,Chennai
2008-08-11,2008,8,Purasawalkam - Perambur,2.0,Chennai
2008-08-11,2008,8,Chennai AP,1.1,Chennai
2008-08-14,2008,8,Chennai nungambakkam,0.7,Chennai
2008-08-14,2008,8,Chennai AP,0.4,Chennai
2008-08-15,2008,8,Chennai nungambakkam,0.3,Chennai
2008-08-18,2008,8,Purasawalkam - Perambur,22.0,Chennai
2008-08-18,2008,8,Chennai nungambakkam,21.4,Chennai
2008-08-18,2008,8,Chennai AP,14.8,Chennai
2008-08-18,2008,8,Ambathur,14.0,Chennai
2008-08-18,2008,8,Anna university,6.2,Chennai
2008-08-18,2008,8,Govt. arts college,5.2,Chennai
2008-08-18,2008,8,Pachaiyappa college,2.6,Chennai
2008-08-18,2008,8,DGP Office,2.6,Chennai
2008-08-18,2008,8,MYLAPORE-TRIPLICANE TALUK,2.4,Chennai
2008-08-19,2008,8,Chennai AP,1.4,Chennai
2008-08-20,2008,8,Chennai nungambakkam,100.3,Chennai
2008-08-20,2008,8,Purasawalkam - Perambur,95.0,Chennai
2008-08-20,2008,8,Ambathur,93.0,Chennai
2008-08-20,2008,8,Anna university,56.0,Chennai
2008-08-20,2008,8,Chennai AP,44.4,Chennai
2008-08-20,2008,8,DGP Office,40.4,Chennai
2008-08-20,2008,8,MYLAPORE-TRIPLICANE TALUK,40.2,Chennai
2008-08-20,2008,8,Pachaiyappa college,28.0,Chennai
2008-08-20,2008,8,Govt. arts college,18.6,Chennai
2008-08-21,2008,8,Ambathur,12.0,Chennai
2008-08-21,2008,8,Govt. arts college,5.9,Chennai
2008-08-21,2008,8,Purasawalkam - Perambur,3.0,Chennai
2008-08-21,2008,8,Chennai nungambakkam,0.4,Chennai
2008-08-22,2008,8,Ambathur,24.0,Chennai
2008-08-22,2008,8,Anna university,11.0,Chennai
2008-08-22,2008,8,Chennai AP,10.9,Chennai
2008-08-22,2008,8,MYLAPORE-TRIPLICANE TALUK,8.2,Chennai
2008-08-22,2008,8,DGP Office,7.8,Chennai
2008-08-22,2008,8,Chennai nungambakkam,5.4,Chennai
2008-08-22,2008,8,Govt. arts college,3.6,Chennai
2008-08-22,2008,8,Purasawalkam - Perambur,3.0,Chennai
2008-08-24,2008,8,Ambathur,11.0,Chennai
2008-08-27,2008,8,Ambathur,2.0,Chennai
2008-09-01,2008,9,Chennai AP,0.5,Chennai
2008-09-02,2008,9,Ambathur,12.0,Chennai
2008-09-02,2008,9,Chennai AP,5.0,Chennai
2008-09-03,2008,9,Chennai AP,5.69,Chennai
2008-09-03,2008,9,Anna university,0.4,Chennai
2008-09-06,2008,9,Chennai nungambakkam,2.2,Chennai
2008-09-06,2008,9,Anna university,1.0,Chennai
2008-09-07,2008,9,Ambathur,12.0,Chennai
2008-09-08,2008,9,Anna university,53.6,Chennai
2008-09-08,2008,9,Chennai nungambakkam,51.2,Chennai
2008-09-08,2008,9,Purasawalkam - Perambur,26.0,Chennai
2008-09-08,2008,9,Pachaiyappa college,21.2,Chennai
2008-09-08,2008,9,Govt. arts college,9.2,Chennai
2008-09-08,2008,9,Ambathur,8.0,Chennai
2008-09-08,2008,9,Chennai AP,5.8,Chennai
2008-09-08,2008,9,MYLAPORE-TRIPLICANE TALUK,5.0,Chennai
2008-09-08,2008,9,DGP Office,5.0,Chennai
2008-09-09,2008,9,Chennai nungambakkam,5.4,Chennai
2008-09-09,2008,9,Govt. arts college,2.3,Chennai
2008-09-09,2008,9,Purasawalkam - Perambur,2.0,Chennai
2008-09-09,2008,9,Chennai AP,1.4,Chennai
2008-09-10,2008,9,Ambathur,2.0,Chennai
2008-09-10,2008,9,Chennai AP,1.3,Chennai
2008-09-10,2008,9,Chennai nungambakkam,1.0,Chennai
2008-09-11,2008,9,Chennai AP,4.3,Chennai
2008-09-11,2008,9,Ambathur,2.0,Chennai
2008-09-11,2008,9,Purasawalkam - Perambur,2.0,Chennai
2008-09-11,2008,9,Chennai nungambakkam,2.0,Chennai
2008-09-11,2008,9,Anna university,1.6,Chennai
2008-09-15,2008,9,Purasawalkam - Perambur,21.0,Chennai
2008-09-15,2008,9,Chennai nungambakkam,17.6,Chennai
2008-09-15,2008,9,Ambathur,16.0,Chennai
2008-09-15,2008,9,Chennai AP,11.1,Chennai
2008-09-16,2008,9,Ambathur,16.0,Chennai
2008-09-21,2008,9,Ambathur,12.0,Chennai
2008-09-21,2008,9,Chennai AP,11.2,Chennai
2008-09-21,2008,9,Anna university,2.2,Chennai
2008-09-21,2008,9,Chennai nungambakkam,2.0,Chennai
2008-09-25,2008,9,Ambathur,89.0,Chennai
2008-09-25,2008,9,Purasawalkam - Perambur,69.0,Chennai
2008-09-25,2008,9,Anna university,68.0,Chennai
2008-09-25,2008,9,Chennai nungambakkam,39.0,Chennai
2008-09-25,2008,9,DGP Office,37.2,Chennai
2008-09-25,2008,9,Chennai AP,33.3,Chennai
2008-09-25,2008,9,Govt. arts college,17.0,Chennai
2008-09-25,2008,9,Pachaiyappa college,16.5,Chennai
2008-09-25,2008,9,MYLAPORE-TRIPLICANE TALUK,5.6,Chennai
2008-09-29,2008,9,Chennai AP,3.6,Chennai
2008-09-29,2008,9,Chennai nungambakkam,0.5,Chennai
2008-09-30,2008,9,Ambathur,8.0,Chennai
2008-09-30,2008,9,Chennai AP,6.6,Chennai
2008-09-30,2008,9,Purasawalkam - Perambur,3.0,Chennai
2008-09-30,2008,9,Govt. arts college,2.0,Chennai
2008-10-04,2008,10,Ambathur,12.0,Chennai
2008-10-05,2008,10,Ambathur,15.0,Chennai
2008-10-05,2008,10,Chennai AP,0.5,Chennai
2008-10-12,2008,10,Chennai AP,21.5,Chennai
2008-10-12,2008,10,Anna university,20.8,Chennai
2008-10-12,2008,10,Chennai nungambakkam,20.8,Chennai
2008-10-12,2008,10,Ambathur,19.0,Chennai
2008-10-12,2008,10,Purasawalkam - Perambur,19.0,Chennai
2008-10-12,2008,10,MYLAPORE-TRIPLICANE TALUK,17.0,Chennai
2008-10-12,2008,10,Govt. arts college,15.0,Chennai
2008-10-12,2008,10,Pachaiyappa college,14.0,Chennai
2008-10-12,2008,10,DGP Office,11.4,Chennai
2008-10-12,2008,10,Chennai port trust,8.0,Chennai
2008-10-13,2008,10,Chennai nungambakkam,48.6,Chennai
2008-10-13,2008,10,Anna university,46.0,Chennai
2008-10-13,2008,10,Ambathur,45.0,Chennai
2008-10-13,2008,10,Chennai AP,40.5,Chennai
2008-10-13,2008,10,Pachaiyappa college,30.0,Chennai
2008-10-13,2008,10,Purasawalkam - Perambur,25.0,Chennai
2008-10-13,2008,10,Govt. arts college,18.0,Chennai
2008-10-13,2008,10,Chennai port trust,17.0,Chennai
2008-10-13,2008,10,DGP Office,9.1,Chennai
2008-10-13,2008,10,MYLAPORE-TRIPLICANE TALUK,3.0,Chennai
2008-10-14,2008,10,Anna university,33.8,Chennai
2008-10-14,2008,10,Pachaiyappa college,27.5,Chennai
2008-10-14,2008,10,Chennai AP,19.2,Chennai
2008-10-14,2008,10,Chennai nungambakkam,19.0,Chennai
2008-10-14,2008,10,Ambathur,13.0,Chennai
2008-10-14,2008,10,Purasawalkam - Perambur,10.0,Chennai
2008-10-14,2008,10,MYLAPORE-TRIPLICANE TALUK,8.2,Chennai
2008-10-14,2008,10,Govt. arts college,6.9,Chennai
2008-10-14,2008,10,DGP Office,4.3,Chennai
2008-10-15,2008,10,Anna university,10.8,Chennai
2008-10-15,2008,10,Chennai AP,6.2,Chennai
2008-10-15,2008,10,Ambathur,2.0,Chennai
2008-10-15,2008,10,Chennai nungambakkam,1.1,Chennai
2008-10-15,2008,10,Govt. arts college,0.8,Chennai
2008-10-16,2008,10,Chennai AP,9.7,Chennai
2008-10-16,2008,10,Purasawalkam - Perambur,9.1,Chennai
2008-10-16,2008,10,Govt. arts college,6.9,Chennai
2008-10-16,2008,10,Anna university,6.2,Chennai
2008-10-16,2008,10,Ambathur,5.0,Chennai
2008-10-16,2008,10,MYLAPORE-TRIPLICANE TALUK,4.3,Chennai
2008-10-16,2008,10,DGP Office,3.8,Chennai
2008-10-16,2008,10,Chennai nungambakkam,1.5,Chennai
2008-10-17,2008,10,Chennai nungambakkam,24.1,Chennai
2008-10-17,2008,10,Govt. arts college,19.9,Chennai
2008-10-17,2008,10,Purasawalkam - Perambur,15.1,Chennai
2008-10-17,2008,10,Ambathur,12.0,Chennai
2008-10-17,2008,10,Anna university,11.4,Chennai
2008-10-17,2008,10,Pachaiyappa college,7.0,Chennai
2008-10-17,2008,10,Chennai AP,6.4,Chennai
2008-10-17,2008,10,DGP Office,1.4,Chennai
2008-10-17,2008,10,MYLAPORE-TRIPLICANE TALUK,1.0,Chennai
2008-10-18,2008,10,Chennai AP,29.6,Chennai
2008-10-18,2008,10,MYLAPORE-TRIPLICANE TALUK,16.9,Chennai
2008-10-18,2008,10,DGP Office,14.5,Chennai
2008-10-18,2008,10,Anna university,12.8,Chennai
2008-10-18,2008,10,Chennai nungambakkam,10.9,Chennai
2008-10-18,2008,10,Pachaiyappa college,8.5,Chennai
2008-10-18,2008,10,Ambathur,8.0,Chennai
2008-10-18,2008,10,Govt. arts college,6.8,Chennai
2008-10-18,2008,10,Purasawalkam - Perambur,5.0,Chennai
2008-10-19,2008,10,Anna university,14.8,Chennai
2008-10-19,2008,10,Ambathur,14.0,Chennai
2008-10-19,2008,10,Govt. arts college,12.8,Chennai
2008-10-19,2008,10,DGP Office,11.2,Chennai
2008-10-19,2008,10,MYLAPORE-TRIPLICANE TALUK,8.3,Chennai
2008-10-19,2008,10,Purasawalkam - Perambur,7.1,Chennai
2008-10-19,2008,10,Chennai AP,5.5,Chennai
2008-10-19,2008,10,Pachaiyappa college,5.0,Chennai
2008-10-19,2008,10,Chennai nungambakkam,4.5,Chennai
2008-10-20,2008,10,Purasawalkam - Perambur,44.0,Chennai
2008-10-20,2008,10,Ambathur,26.0,Chennai
2008-10-20,2008,10,Anna university,25.6,Chennai
2008-10-20,2008,10,Govt. arts college,20.0,Chennai
2008-10-20,2008,10,Pachaiyappa college,17.5,Chennai
2008-10-20,2008,10,MYLAPORE-TRIPLICANE TALUK,15.2,Chennai
2008-10-20,2008,10,Chennai nungambakkam,13.9,Chennai
2008-10-20,2008,10,DGP Office,13.4,Chennai
2008-10-20,2008,10,Chennai AP,12.1,Chennai
2008-10-21,2008,10,Anna university,96.6,Chennai
2008-10-21,2008,10,Chennai AP,95.6,Chennai
2008-10-21,2008,10,Ambathur,93.0,Chennai
2008-10-21,2008,10,Purasawalkam - Perambur,88.0,Chennai
2008-10-21,2008,10,MYLAPORE-TRIPLICANE TALUK,80.2,Chennai
2008-10-21,2008,10,Chennai nungambakkam,71.5,Chennai
2008-10-21,2008,10,Govt. arts college,66.6,Chennai
2008-10-21,2008,10,DGP Office,65.1,Chennai
2008-10-21,2008,10,Pachaiyappa college,54.6,Chennai
2008-10-22,2008,10,Chennai AP,30.4,Chennai
2008-10-22,2008,10,Anna university,23.4,Chennai
2008-10-22,2008,10,Ambathur,15.0,Chennai
2008-10-22,2008,10,DGP Office,14.5,Chennai
2008-10-22,2008,10,Chennai nungambakkam,10.8,Chennai
2008-10-22,2008,10,MYLAPORE-TRIPLICANE TALUK,10.2,Chennai
2008-10-22,2008,10,Purasawalkam - Perambur,9.2,Chennai
2008-10-22,2008,10,Pachaiyappa college,7.9,Chennai
2008-10-22,2008,10,Govt. arts college,4.6,Chennai
2008-10-23,2008,10,MYLAPORE-TRIPLICANE TALUK,92.0,Chennai
2008-10-23,2008,10,Purasawalkam - Perambur,74.0,Chennai
2008-10-23,2008,10,DGP Office,73.3,Chennai
2008-10-23,2008,10,Anna university,72.0,Chennai
2008-10-23,2008,10,Govt. arts college,68.3,Chennai
2008-10-23,2008,10,Chennai nungambakkam,58.5,Chennai
2008-10-23,2008,10,Chennai AP,38.3,Chennai
2008-10-23,2008,10,Ambathur,38.0,Chennai
2008-10-23,2008,10,Pachaiyappa college,22.5,Chennai
2008-10-24,2008,10,Chennai AP,17.2,Chennai
2008-10-24,2008,10,Anna university,5.0,Chennai
2008-10-24,2008,10,Chennai nungambakkam,1.2,Chennai
2008-10-24,2008,10,Govt. arts college,0.8,Chennai
2008-10-25,2008,10,Chennai AP,123.2,Chennai
2008-10-25,2008,10,Anna university,91.4,Chennai
2008-10-25,2008,10,Govt. arts college,90.3,Chennai
2008-10-25,2008,10,Chennai nungambakkam,86.2,Chennai
2008-10-25,2008,10,Pachaiyappa college,72.5,Chennai
2008-10-25,2008,10,DGP Office,68.6,Chennai
2008-10-25,2008,10,MYLAPORE-TRIPLICANE TALUK,60.0,Chennai
2008-10-25,2008,10,Purasawalkam - Perambur,56.0,Chennai
2008-10-25,2008,10,Ambathur,55.0,Chennai
2008-10-26,2008,10,Chennai AP,0.1,Chennai
2008-11-11,2008,11,Ambathur,16.0,Chennai
2008-11-11,2008,11,Anna university,10.6,Chennai
2008-11-11,2008,11,Chennai AP,10.3,Chennai
2008-11-11,2008,11,Chennai nungambakkam,4.7,Chennai
2008-11-11,2008,11,Govt. arts college,0.5,Chennai
2008-11-12,2008,11,Govt. arts college,7.0,Chennai
2008-11-12,2008,11,Chennai nungambakkam,3.9,Chennai
2008-11-12,2008,11,Anna university,3.1,Chennai
2008-11-12,2008,11,Purasawalkam - Perambur,3.0,Chennai
2008-11-12,2008,11,Chennai AP,2.5,Chennai
2008-11-13,2008,11,Chennai AP,0.3,Chennai
2008-11-14,2008,11,Anna university,8.8,Chennai
2008-11-14,2008,11,Chennai nungambakkam,6.6,Chennai
2008-11-14,2008,11,Chennai AP,4.8,Chennai
2008-11-14,2008,11,Purasawalkam - Perambur,2.0,Chennai
2008-11-14,2008,11,Govt. arts college,1.0,Chennai
2008-11-15,2008,11,Chennai nungambakkam,0.2,Chennai
2008-11-15,2008,11,Chennai AP,0.2,Chennai
2008-11-16,2008,11,Ambathur,35.0,Chennai
2008-11-16,2008,11,Purasawalkam - Perambur,18.0,Chennai
2008-11-16,2008,11,Govt. arts college,17.1,Chennai
2008-11-16,2008,11,Chennai nungambakkam,16.8,Chennai
2008-11-16,2008,11,Chennai AP,14.2,Chennai
2008-11-16,2008,11,Anna university,13.4,Chennai
2008-11-16,2008,11,DGP Office,12.8,Chennai
2008-11-16,2008,11,MYLAPORE-TRIPLICANE TALUK,11.6,Chennai
2008-11-16,2008,11,Pachaiyappa college,4.5,Chennai
2008-11-19,2008,11,Purasawalkam - Perambur,4.0,Chennai
2008-11-19,2008,11,Chennai AP,4.0,Chennai
2008-11-19,2008,11,Chennai nungambakkam,0.2,Chennai
2008-11-21,2008,11,Chennai AP,0.1,Chennai
2008-11-22,2008,11,Chennai nungambakkam,84.0,Chennai
2008-11-22,2008,11,Govt. arts college,53.0,Chennai
2008-11-22,2008,11,Chennai AP,49.0,Chennai
2008-11-22,2008,11,Anna university,47.0,Chennai
2008-11-22,2008,11,Purasawalkam - Perambur,41.0,Chennai
2008-11-22,2008,11,Ambathur,36.0,Chennai
2008-11-22,2008,11,Pachaiyappa college,33.5,Chennai
2008-11-22,2008,11,DGP Office,21.0,Chennai
2008-11-22,2008,11,MYLAPORE-TRIPLICANE TALUK,17.0,Chennai
2008-11-23,2008,11,Ambathur,43.0,Chennai
2008-11-23,2008,11,Govt. arts college,33.0,Chennai
2008-11-23,2008,11,Chennai nungambakkam,26.5,Chennai
2008-11-23,2008,11,Chennai AP,25.4,Chennai
2008-11-23,2008,11,Purasawalkam - Perambur,24.4,Chennai
2008-11-23,2008,11,Pachaiyappa college,18.0,Chennai
2008-11-23,2008,11,DGP Office,15.6,Chennai
2008-11-23,2008,11,MYLAPORE-TRIPLICANE TALUK,14.3,Chennai
2008-11-23,2008,11,Anna university,3.8,Chennai
2008-11-24,2008,11,Ambathur,31.0,Chennai
2008-11-24,2008,11,Chennai nungambakkam,23.0,Chennai
2008-11-24,2008,11,Pachaiyappa college,16.5,Chennai
2008-11-24,2008,11,Purasawalkam - Perambur,10.0,Chennai
2008-11-24,2008,11,Anna university,7.4,Chennai
2008-11-24,2008,11,Chennai AP,5.6,Chennai
2008-11-24,2008,11,Govt. arts college,4.0,Chennai
2008-11-24,2008,11,DGP Office,3.1,Chennai
2008-11-25,2008,11,Chennai nungambakkam,1.8,Chennai
2008-11-25,2008,11,Govt. arts college,1.0,Chennai
2008-11-25,2008,11,Anna university,0.6,Chennai
2008-11-25,2008,11,Chennai AP,0.2,Chennai
2008-11-26,2008,11,Chennai AP,113.1,Chennai
2008-11-26,2008,11,Anna university,107.0,Chennai
2008-11-26,2008,11,Chennai nungambakkam,94.0,Chennai
2008-11-26,2008,11,DGP Office,90.0,Chennai
2008-11-26,2008,11,MYLAPORE-TRIPLICANE TALUK,88.0,Chennai
2008-11-26,2008,11,Govt. arts college,84.2,Chennai
2008-11-26,2008,11,Pachaiyappa college,75.7,Chennai
2008-11-26,2008,11,Ambathur,64.0,Chennai
2008-11-26,2008,11,Purasawalkam - Perambur,63.8,Chennai
2008-11-27,2008,11,Chennai nungambakkam,137.7,Chennai
2008-11-27,2008,11,Chennai AP,133.8,Chennai
2008-11-27,2008,11,Anna university,116.0,Chennai
2008-11-27,2008,11,Ambathur,109.0,Chennai
2008-11-27,2008,11,MYLAPORE-TRIPLICANE TALUK,95.2,Chennai
2008-11-27,2008,11,Govt. arts college,91.4,Chennai
2008-11-27,2008,11,DGP Office,88.1,Chennai
2008-11-27,2008,11,Purasawalkam - Perambur,83.2,Chennai
2008-11-27,2008,11,Pachaiyappa college,68.5,Chennai
2008-11-28,2008,11,Chennai AP,279.2,Chennai
2008-11-28,2008,11,Anna university,235.0,Chennai
2008-11-28,2008,11,MYLAPORE-TRIPLICANE TALUK,181.2,Chennai
2008-11-28,2008,11,Ambathur,148.0,Chennai
2008-11-28,2008,11,Chennai nungambakkam,136.9,Chennai
2008-11-28,2008,11,Purasawalkam - Perambur,109.0,Chennai
2008-11-28,2008,11,DGP Office,108.6,Chennai
2008-11-28,2008,11,Govt. arts college,93.4,Chennai
2008-11-28,2008,11,Pachaiyappa college,67.7,Chennai
2008-11-29,2008,11,Ambathur,62.0,Chennai
2008-11-29,2008,11,Chennai AP,49.1,Chennai
2008-11-29,2008,11,Anna university,44.7,Chennai
2008-11-29,2008,11,Govt. arts college,38.1,Chennai
2008-11-29,2008,11,Chennai nungambakkam,31.1,Chennai
2008-11-29,2008,11,Pachaiyappa college,31.0,Chennai
2008-11-29,2008,11,Purasawalkam - Perambur,25.0,Chennai
2008-11-29,2008,11,MYLAPORE-TRIPLICANE TALUK,22.1,Chennai
2008-11-29,2008,11,DGP Office,18.3,Chennai
2008-11-30,2008,11,Anna university,22.2,Chennai
2008-11-30,2008,11,MYLAPORE-TRIPLICANE TALUK,14.2,Chennai
2008-11-30,2008,11,DGP Office,12.1,Chennai
2008-11-30,2008,11,Govt. arts college,9.2,Chennai
2008-11-30,2008,11,Purasawalkam - Perambur,8.0,Chennai
2008-11-30,2008,11,Pachaiyappa college,7.8,Chennai
2008-11-30,2008,11,Ambathur,7.0,Chennai
2008-11-30,2008,11,Chennai nungambakkam,6.4,Chennai
2008-11-30,2008,11,Chennai AP,6.3,Chennai
2008-12-01,2008,12,Purasawalkam - Perambur,4.0,Chennai
2008-12-01,2008,12,Chennai nungambakkam,2.8,Chennai
2008-12-01,2008,12,Ambathur,2.0,Chennai
2008-12-01,2008,12,Govt. arts college,2.0,Chennai
2008-12-01,2008,12,Chennai AP,1.4,Chennai
2008-12-01,2008,12,Anna university,0.4,Chennai
2008-12-01,2008,12,MYLAPORE-TRIPLICANE TALUK,0.3,Chennai
2008-12-01,2008,12,DGP Office,0.1,Chennai
2008-12-02,2008,12,Chennai AP,0.3,Chennai
2008-12-02,2008,12,Govt. arts college,0.2,Chennai
2008-12-02,2008,12,Anna university,0.1,Chennai
2008-12-09,2008,12,Chennai AP,6.7,Chennai
2008-12-09,2008,12,Chennai nungambakkam,5.2,Chennai
2008-12-09,2008,12,Ambathur,4.0,Chennai
2008-12-09,2008,12,Govt. arts college,0.5,Chennai
2008-12-09,2008,12,MYLAPORE-TRIPLICANE TALUK,0.4,Chennai
2008-12-09,2008,12,Purasawalkam - Perambur,0.3,Chennai
2008-12-09,2008,12,DGP Office,0.2,Chennai
2008-12-10,2008,12,Purasawalkam - Perambur,9.1,Chennai
2008-12-10,2008,12,Pachaiyappa college,8.1,Chennai
2008-12-10,2008,12,Govt. arts college,7.4,Chennai
2008-12-10,2008,12,Chennai nungambakkam,7.3,Chennai
2008-12-10,2008,12,Ambathur,3.0,Chennai
2008-12-10,2008,12,MYLAPORE-TRIPLICANE TALUK,1.4,Chennai
2008-12-10,2008,12,DGP Office,1.1,Chennai
2008-12-10,2008,12,Chennai AP,1.1,Chennai
2008-12-10,2008,12,Anna university,0.8,Chennai
2008-12-14,2008,12,Chennai nungambakkam,0.3,Chennai
2008-12-15,2008,12,Chennai nungambakkam,0.3,Chennai
2008-12-16,2008,12,Chennai AP,0.3,Chennai
2008-12-25,2008,12,Chennai nungambakkam,0.3,Chennai
2009-01-07,2009,1,Chennai nungambakkam,0.1,Chennai
2009-01-08,2009,1,Chennai AP,26.5,Chennai
2009-01-08,2009,1,Chennai nungambakkam,19.3,Chennai
2009-01-08,2009,1,Ambathur,15.0,Chennai
2009-01-08,2009,1,Anna university,11.5,Chennai
2009-01-08,2009,1,DGP Office,4.9,Chennai
2009-01-08,2009,1,Govt. arts college,3.5,Chennai
2009-01-08,2009,1,Pachaiyappa college,3.4,Chennai
2009-01-08,2009,1,MYLAPORE-TRIPLICANE TALUK,2.9,Chennai
2009-01-08,2009,1,Purasawalkam - Perambur,1.9,Chennai
2009-01-14,2009,1,Chennai AP,0.4,Chennai
2009-01-16,2009,1,Chennai AP,6.9,Chennai
2009-01-16,2009,1,Chennai nungambakkam,1.7,Chennai
2009-01-16,2009,1,Anna university,0.9,Chennai
2009-01-16,2009,1,DGP Office,0.8,Chennai
2009-01-16,2009,1,MYLAPORE-TRIPLICANE TALUK,0.6,Chennai
2009-01-16,2009,1,Pachaiyappa college,0.5,Chennai
2009-03-10,2009,3,Chennai nungambakkam,0.4,Chennai
2009-03-11,2009,3,Chennai AP,2.1,Chennai
2009-03-11,2009,3,Chennai nungambakkam,1.6,Chennai
2009-05-16,2009,5,Ambathur,15.0,Chennai
2009-05-24,2009,5,Chennai nungambakkam,1.1,Chennai
2009-05-24,2009,5,Chennai AP,0.9,Chennai
2009-06-05,2009,6,Chennai nungambakkam,1.3,Chennai
2009-06-05,2009,6,Chennai AP,0.2,Chennai
2009-06-05,2009,6,Govt. arts college,0.2,Chennai
2009-06-05,2009,6,Purasawalkam - Perambur,0.2,Chennai
2009-06-05,2009,6,DGP Office,0.1,Chennai
2009-06-09,2009,6,Chennai nungambakkam,11.8,Chennai
2009-06-09,2009,6,Chennai AP,0.1,Chennai
2009-06-21,2009,6,Ambathur,36.0,Chennai
2009-06-21,2009,6,Chennai nungambakkam,5.6,Chennai
2009-06-21,2009,6,Govt. arts college,2.1,Chennai
2009-06-21,2009,6,Pachaiyappa college,2.0,Chennai
2009-06-21,2009,6,DGP Office,1.9,Chennai
2009-06-21,2009,6,Purasawalkam - Perambur,1.8,Chennai
2009-06-21,2009,6,Chennai AP,1.5,Chennai
2009-06-21,2009,6,MYLAPORE-TRIPLICANE TALUK,1.5,Chennai
2009-06-21,2009,6,Anna university,1.1,Chennai
2009-06-23,2009,6,Anna university,4.8,Chennai
2009-06-23,2009,6,Ambathur,3.0,Chennai
2009-06-23,2009,6,MYLAPORE-TRIPLICANE TALUK,2.1,Chennai
2009-06-23,2009,6,Chennai AP,2.0,Chennai
2009-06-23,2009,6,Govt. arts college,1.8,Chennai
2009-06-23,2009,6,Pachaiyappa college,1.8,Chennai
2009-06-23,2009,6,Chennai nungambakkam,1.6,Chennai
2009-06-23,2009,6,Purasawalkam - Perambur,1.6,Chennai
2009-06-23,2009,6,DGP Office,0.5,Chennai
2009-06-25,2009,6,Chennai AP,1.5,Chennai
2009-06-25,2009,6,Anna university,1.0,Chennai
2009-06-26,2009,6,Chennai AP,3.6,Chennai
2009-06-26,2009,6,Anna university,2.0,Chennai
2009-06-27,2009,6,Chennai nungambakkam,2.0,Chennai
2009-06-27,2009,6,Chennai AP,0.3,Chennai
2009-06-28,2009,6,Chennai AP,6.9,Chennai
2009-06-28,2009,6,Chennai nungambakkam,0.2,Chennai
2009-07-02,2009,7,Chennai nungambakkam,0.6,Chennai
2009-07-02,2009,7,Chennai AP,0.2,Chennai
2009-07-03,2009,7,Chennai AP,4.9,Chennai
2009-07-03,2009,7,Anna university,4.0,Chennai
2009-07-03,2009,7,MYLAPORE-TRIPLICANE TALUK,3.2,Chennai
2009-07-03,2009,7,DGP Office,2.9,Chennai
2009-07-03,2009,7,Chennai nungambakkam,2.4,Chennai
2009-07-03,2009,7,Govt. arts college,2.0,Chennai
2009-07-03,2009,7,Pachaiyappa college,1.8,Chennai
2009-07-03,2009,7,Purasawalkam - Perambur,1.7,Chennai
2009-07-04,2009,7,Chennai nungambakkam,0.6,Chennai
2009-07-05,2009,7,Ambathur,10.0,Chennai
2009-07-05,2009,7,Chennai nungambakkam,4.4,Chennai
2009-07-05,2009,7,Chennai AP,3.7,Chennai
2009-07-05,2009,7,Anna university,3.0,Chennai
2009-07-05,2009,7,Govt. arts college,2.7,Chennai
2009-07-05,2009,7,Pachaiyappa college,2.7,Chennai
2009-07-05,2009,7,DGP Office,2.0,Chennai
2009-07-05,2009,7,MYLAPORE-TRIPLICANE TALUK,1.5,Chennai
2009-07-05,2009,7,Purasawalkam - Perambur,0.8,Chennai
2009-07-09,2009,7,Chennai AP,0.4,Chennai
2009-07-09,2009,7,Chennai nungambakkam,0.3,Chennai
2009-07-13,2009,7,Chennai AP,0.5,Chennai
2009-07-13,2009,7,Chennai nungambakkam,0.1,Chennai
2009-07-16,2009,7,Ambathur,4.0,Chennai
2009-07-16,2009,7,Chennai AP,0.6,Chennai
2009-07-16,2009,7,Chennai nungambakkam,0.6,Chennai
2009-07-20,2009,7,Chennai AP,4.2,Chennai
2009-07-20,2009,7,Anna university,3.6,Chennai
2009-07-20,2009,7,Pachaiyappa college,2.8,Chennai
2009-07-20,2009,7,Chennai nungambakkam,2.6,Chennai
2009-07-20,2009,7,MYLAPORE-TRIPLICANE TALUK,2.2,Chennai
2009-07-20,2009,7,Purasawalkam - Perambur,1.6,Chennai
2009-07-28,2009,7,Anna university,17.2,Chennai
2009-07-28,2009,7,MYLAPORE-TRIPLICANE TALUK,15.0,Chennai
2009-07-28,2009,7,Chennai AP,14.8,Chennai
2009-07-28,2009,7,DGP Office,12.0,Chennai
2009-07-28,2009,7,Purasawalkam - Perambur,11.0,Chennai
2009-07-28,2009,7,Chennai nungambakkam,6.5,Chennai
2009-07-28,2009,7,Govt. arts college,5.0,Chennai
2009-07-28,2009,7,Pachaiyappa college,4.0,Chennai
2009-07-28,2009,7,Ambathur,4.0,Chennai
2009-07-29,2009,7,MYLAPORE-TRIPLICANE TALUK,20.2,Chennai
2009-07-29,2009,7,Pachaiyappa college,14.2,Chennai
2009-07-29,2009,7,Chennai nungambakkam,13.6,Chennai
2009-07-29,2009,7,DGP Office,11.0,Chennai
2009-07-29,2009,7,Purasawalkam - Perambur,9.0,Chennai
2009-07-29,2009,7,Anna university,8.2,Chennai
2009-07-29,2009,7,Govt. arts college,8.0,Chennai
2009-07-29,2009,7,Ambathur,5.0,Chennai
2009-07-29,2009,7,Chennai AP,3.1,Chennai
2009-07-30,2009,7,Ambathur,2.0,Chennai
2009-07-30,2009,7,Chennai nungambakkam,0.2,Chennai
2009-07-30,2009,7,Chennai AP,0.1,Chennai
2009-07-31,2009,7,Chennai AP,34.2,Chennai
2009-07-31,2009,7,Anna university,14.6,Chennai
2009-07-31,2009,7,MYLAPORE-TRIPLICANE TALUK,12.0,Chennai
2009-07-31,2009,7,DGP Office,9.5,Chennai
2009-07-31,2009,7,Govt. arts college,8.8,Chennai
2009-07-31,2009,7,Chennai nungambakkam,4.9,Chennai
2009-07-31,2009,7,Pachaiyappa college,4.2,Chennai
2009-07-31,2009,7,Ambathur,2.0,Chennai
2009-08-01,2009,8,Chennai AP,18.8,Chennai
2009-08-01,2009,8,Chennai nungambakkam,7.0,Chennai
2009-08-01,2009,8,Pachaiyappa college,4.5,Chennai
2009-08-01,2009,8,Anna university,4.2,Chennai
2009-08-01,2009,8,MYLAPORE-TRIPLICANE TALUK,3.5,Chennai
2009-08-01,2009,8,DGP Office,2.0,Chennai
2009-08-01,2009,8,Govt. arts college,1.0,Chennai
2009-08-02,2009,8,Chennai AP,17.8,Chennai
2009-08-02,2009,8,Anna university,11.4,Chennai
2009-08-05,2009,8,Chennai AP,16.4,Chennai
2009-08-05,2009,8,MYLAPORE-TRIPLICANE TALUK,11.5,Chennai
2009-08-05,2009,8,Anna university,8.0,Chennai
2009-08-05,2009,8,DGP Office,6.5,Chennai
2009-08-05,2009,8,Ambathur,5.0,Chennai
2009-08-05,2009,8,Govt. arts college,2.4,Chennai
2009-08-05,2009,8,Chennai nungambakkam,0.4,Chennai
2009-08-05,2009,8,Pachaiyappa college,0.2,Chennai
2009-08-06,2009,8,Chennai AP,0.3,Chennai
2009-08-06,2009,8,Anna university,0.1,Chennai
2009-08-07,2009,8,Chennai nungambakkam,1.2,Chennai
2009-08-09,2009,8,Chennai AP,3.4,Chennai
2009-08-09,2009,8,Chennai nungambakkam,0.4,Chennai
2009-08-11,2009,8,Purasawalkam - Perambur,32.0,Chennai
2009-08-11,2009,8,MYLAPORE-TRIPLICANE TALUK,31.0,Chennai
2009-08-11,2009,8,DGP Office,28.5,Chennai
2009-08-11,2009,8,Anna university,22.2,Chennai
2009-08-11,2009,8,Chennai nungambakkam,17.0,Chennai
2009-08-11,2009,8,Govt. arts college,14.0,Chennai
2009-08-11,2009,8,Pachaiyappa college,13.0,Chennai
2009-08-11,2009,8,Chennai AP,1.8,Chennai
2009-08-15,2009,8,Ambathur,89.0,Chennai
2009-08-15,2009,8,Purasawalkam - Perambur,30.0,Chennai
2009-08-15,2009,8,Chennai AP,27.6,Chennai
2009-08-15,2009,8,Anna university,17.0,Chennai
2009-08-15,2009,8,Govt. arts college,16.2,Chennai
2009-08-15,2009,8,MYLAPORE-TRIPLICANE TALUK,15.0,Chennai
2009-08-15,2009,8,Chennai nungambakkam,14.4,Chennai
2009-08-15,2009,8,DGP Office,13.5,Chennai
2009-08-15,2009,8,Pachaiyappa college,13.1,Chennai
2009-08-17,2009,8,Govt. arts college,4.0,Chennai
2009-08-17,2009,8,MYLAPORE-TRIPLICANE TALUK,2.5,Chennai
2009-08-17,2009,8,Anna university,2.2,Chennai
2009-08-17,2009,8,DGP Office,1.5,Chennai
2009-08-17,2009,8,Chennai nungambakkam,1.0,Chennai
2009-08-18,2009,8,Chennai AP,19.8,Chennai
2009-08-18,2009,8,Anna university,19.4,Chennai
2009-08-18,2009,8,Pachaiyappa college,19.2,Chennai
2009-08-18,2009,8,Purasawalkam - Perambur,19.0,Chennai
2009-08-18,2009,8,Ambathur,19.0,Chennai
2009-08-18,2009,8,Govt. arts college,18.2,Chennai
2009-08-18,2009,8,Chennai nungambakkam,17.5,Chennai
2009-08-18,2009,8,MYLAPORE-TRIPLICANE TALUK,17.0,Chennai
2009-08-18,2009,8,DGP Office,15.5,Chennai
2009-08-19,2009,8,Chennai AP,0.3,Chennai
2009-08-21,2009,8,Chennai nungambakkam,0.2,Chennai
2009-08-24,2009,8,Chennai AP,10.1,Chennai
2009-08-24,2009,8,Chennai nungambakkam,3.9,Chennai
2009-08-24,2009,8,MYLAPORE-TRIPLICANE TALUK,1.0,Chennai
2009-08-24,2009,8,DGP Office,0.5,Chennai
2009-08-24,2009,8,Anna university,0.5,Chennai
2009-08-25,2009,8,Chennai nungambakkam,11.5,Chennai
2009-08-25,2009,8,Govt. arts college,9.4,Chennai
2009-08-25,2009,8,Ambathur,8.0,Chennai
2009-08-25,2009,8,Purasawalkam - Perambur,6.1,Chennai
2009-08-25,2009,8,Chennai AP,0.6,Chennai
2009-08-25,2009,8,MYLAPORE-TRIPLICANE TALUK,0.5,Chennai
2009-08-25,2009,8,Pachaiyappa college,0.5,Chennai
2009-08-27,2009,8,Chennai AP,18.2,Chennai
2009-08-27,2009,8,Anna university,8.6,Chennai
2009-08-27,2009,8,DGP Office,8.2,Chennai
2009-08-27,2009,8,MYLAPORE-TRIPLICANE TALUK,8.2,Chennai
2009-08-27,2009,8,Chennai nungambakkam,7.6,Chennai
2009-08-27,2009,8,Govt. arts college,7.0,Chennai
2009-08-27,2009,8,Purasawalkam - Perambur,6.1,Chennai
2009-08-27,2009,8,Pachaiyappa college,5.1,Chennai
2009-08-27,2009,8,Ambathur,2.0,Chennai
2009-08-29,2009,8,Chennai nungambakkam,0.4,Chennai
2009-08-31,2009,8,Anna university,12.0,Chennai
2009-08-31,2009,8,MYLAPORE-TRIPLICANE TALUK,11.5,Chennai
2009-08-31,2009,8,DGP Office,9.0,Chennai
2009-08-31,2009,8,Chennai AP,8.4,Chennai
2009-08-31,2009,8,Chennai nungambakkam,4.4,Chennai
2009-08-31,2009,8,Govt. arts college,3.4,Chennai
2009-08-31,2009,8,Pachaiyappa college,3.0,Chennai
2009-08-31,2009,8,Purasawalkam - Perambur,2.6,Chennai
2009-08-31,2009,8,Ambathur,2.0,Chennai
2009-09-01,2009,9,Chennai AP,45.1,Chennai
2009-09-01,2009,9,Chennai nungambakkam,35.0,Chennai
2009-09-01,2009,9,Pachaiyappa college,33.0,Chennai
2009-09-01,2009,9,Purasawalkam - Perambur,30.2,Chennai
2009-09-01,2009,9,Govt. arts college,22.2,Chennai
2009-09-01,2009,9,Ambathur,21.0,Chennai
2009-09-01,2009,9,MYLAPORE-TRIPLICANE TALUK,5.0,Chennai
2009-09-01,2009,9,DGP Office,4.5,Chennai
2009-09-01,2009,9,Anna university,4.0,Chennai
2009-09-02,2009,9,Chennai AP,4.2,Chennai
2009-09-02,2009,9,Ambathur,4.0,Chennai
2009-09-02,2009,9,Chennai nungambakkam,3.9,Chennai
2009-09-02,2009,9,Govt. arts college,3.2,Chennai
2009-09-02,2009,9,Anna university,3.2,Chennai
2009-09-02,2009,9,Pachaiyappa college,3.2,Chennai
2009-09-02,2009,9,DGP Office,3.0,Chennai
2009-09-02,2009,9,MYLAPORE-TRIPLICANE TALUK,2.8,Chennai
2009-09-03,2009,9,Chennai AP,0.7,Chennai
2009-09-03,2009,9,Chennai nungambakkam,0.7,Chennai
2009-09-04,2009,9,Chennai AP,20.03,Chennai
2009-09-04,2009,9,Anna university,6.2,Chennai
2009-09-04,2009,9,MYLAPORE-TRIPLICANE TALUK,4.2,Chennai
2009-09-04,2009,9,DGP Office,4.0,Chennai
2009-09-04,2009,9,Ambathur,4.0,Chennai
2009-09-04,2009,9,Govt. arts college,2.0,Chennai
2009-09-04,2009,9,Purasawalkam - Perambur,2.0,Chennai
2009-09-04,2009,9,Chennai nungambakkam,1.7,Chennai
2009-09-04,2009,9,Pachaiyappa college,1.2,Chennai
2009-09-05,2009,9,Ambathur,1.0,Chennai
2009-09-16,2009,9,Chennai AP,18.2,Chennai
2009-09-16,2009,9,Chennai nungambakkam,16.3,Chennai
2009-09-16,2009,9,Pachaiyappa college,7.0,Chennai
2009-09-16,2009,9,Anna university,4.6,Chennai
2009-09-16,2009,9,Purasawalkam - Perambur,4.0,Chennai
2009-09-16,2009,9,Chennai port trust,1.0,Chennai
2009-09-16,2009,9,Govt. arts college,1.0,Chennai
2009-09-16,2009,9,DGP Office,1.0,Chennai
2009-09-16,2009,9,MYLAPORE-TRIPLICANE TALUK,1.0,Chennai
2009-09-17,2009,9,Anna university,25.6,Chennai
2009-09-17,2009,9,MYLAPORE-TRIPLICANE TALUK,11.0,Chennai
2009-09-17,2009,9,DGP Office,10.0,Chennai
2009-09-17,2009,9,Chennai AP,3.0,Chennai
2009-09-17,2009,9,Pachaiyappa college,1.5,Chennai
2009-09-20,2009,9,Ambathur,60.0,Chennai
2009-09-20,2009,9,Chennai AP,29.6,Chennai
2009-09-20,2009,9,Chennai nungambakkam,5.4,Chennai
2009-09-20,2009,9,MYLAPORE-TRIPLICANE TALUK,4.0,Chennai
2009-09-20,2009,9,Anna university,4.0,Chennai
2009-09-20,2009,9,Govt. arts college,2.0,Chennai
2009-09-20,2009,9,DGP Office,2.0,Chennai
2009-09-20,2009,9,Pachaiyappa college,2.0,Chennai
2009-09-20,2009,9,Purasawalkam - Perambur,2.0,Chennai
2009-09-22,2009,9,Ambathur,5.0,Chennai
2009-09-23,2009,9,Ambathur,1.0,Chennai
2009-09-24,2009,9,Anna university,13.2,Chennai
2009-09-24,2009,9,Chennai AP,10.8,Chennai
2009-09-24,2009,9,MYLAPORE-TRIPLICANE TALUK,10.2,Chennai
2009-09-24,2009,9,Ambathur,7.0,Chennai
2009-09-26,2009,9,Ambathur,22.0,Chennai
2009-09-26,2009,9,Chennai AP,7.2,Chennai
2009-09-26,2009,9,Anna university,6.2,Chennai
2009-09-26,2009,9,Chennai nungambakkam,5.2,Chennai
2009-09-26,2009,9,MYLAPORE-TRIPLICANE TALUK,5.2,Chennai
2009-09-26,2009,9,Pachaiyappa college,5.1,Chennai
2009-09-26,2009,9,DGP Office,5.0,Chennai
2009-09-26,2009,9,Purasawalkam - Perambur,5.0,Chennai
2009-09-26,2009,9,Govt. arts college,3.3,Chennai
2009-09-27,2009,9,Chennai nungambakkam,4.6,Chennai
2009-09-27,2009,9,Pachaiyappa college,2.0,Chennai
2009-09-27,2009,9,Ambathur,2.0,Chennai
2009-09-27,2009,9,Purasawalkam - Perambur,1.5,Chennai
2009-09-27,2009,9,Chennai AP,0.5,Chennai
2009-09-27,2009,9,Govt. arts college,0.5,Chennai
2009-09-27,2009,9,DGP Office,0.5,Chennai
2009-09-27,2009,9,MYLAPORE-TRIPLICANE TALUK,0.5,Chennai
2009-09-27,2009,9,Anna university,0.5,Chennai
2009-09-28,2009,9,Chennai AP,41.2,Chennai
2009-09-28,2009,9,Ambathur,39.0,Chennai
2009-09-28,2009,9,Anna university,17.6,Chennai
2009-09-28,2009,9,MYLAPORE-TRIPLICANE TALUK,15.0,Chennai
2009-09-28,2009,9,DGP Office,14.0,Chennai
2009-09-28,2009,9,Govt. arts college,13.2,Chennai
2009-09-28,2009,9,Chennai nungambakkam,11.3,Chennai
2009-09-28,2009,9,Pachaiyappa college,11.3,Chennai
2009-09-28,2009,9,Purasawalkam - Perambur,11.0,Chennai
2009-09-29,2009,9,Chennai nungambakkam,0.5,Chennai
2009-09-29,2009,9,Pachaiyappa college,0.5,Chennai
2009-09-30,2009,9,Chennai AP,4.2,Chennai
2009-09-30,2009,9,Ambathur,3.0,Chennai
2009-09-30,2009,9,Anna university,2.6,Chennai
2009-09-30,2009,9,MYLAPORE-TRIPLICANE TALUK,2.4,Chennai
2009-09-30,2009,9,DGP Office,2.2,Chennai
2009-09-30,2009,9,Govt. arts college,2.0,Chennai
2009-09-30,2009,9,Purasawalkam - Perambur,2.0,Chennai
2009-09-30,2009,9,Pachaiyappa college,1.8,Chennai
2009-09-30,2009,9,Chennai nungambakkam,0.8,Chennai
2009-10-01,2009,10,Chennai AP,0.3,Chennai
2009-10-10,2009,10,Chennai nungambakkam,0.1,Chennai
2009-10-10,2009,10,Pachaiyappa college,0.1,Chennai
2009-10-11,2009,10,Ambathur,4.0,Chennai
2009-10-27,2009,10,Purasawalkam - Perambur,20.2,Chennai
2009-10-27,2009,10,Chennai nungambakkam,12.8,Chennai
2009-10-27,2009,10,Pachaiyappa college,12.0,Chennai
2009-10-27,2009,10,Govt. arts college,11.0,Chennai
2009-10-27,2009,10,Ambathur,4.0,Chennai
2009-10-27,2009,10,MYLAPORE-TRIPLICANE TALUK,3.0,Chennai
2009-10-27,2009,10,Chennai AP,2.6,Chennai
2009-10-27,2009,10,DGP Office,2.0,Chennai
2009-10-27,2009,10,Anna university,2.0,Chennai
2009-10-28,2009,10,Purasawalkam - Perambur,33.5,Chennai
2009-10-28,2009,10,Govt. arts college,31.2,Chennai
2009-10-28,2009,10,Ambathur,27.0,Chennai
2009-10-28,2009,10,Anna university,16.0,Chennai
2009-10-28,2009,10,MYLAPORE-TRIPLICANE TALUK,15.5,Chennai
2009-10-28,2009,10,Chennai nungambakkam,14.2,Chennai
2009-10-28,2009,10,DGP Office,13.5,Chennai
2009-10-28,2009,10,Pachaiyappa college,12.0,Chennai
2009-10-28,2009,10,Chennai AP,6.4,Chennai
2009-10-29,2009,10,Ambathur,53.0,Chennai
2009-10-29,2009,10,Purasawalkam - Perambur,39.2,Chennai
2009-10-29,2009,10,Chennai nungambakkam,32.1,Chennai
2009-10-29,2009,10,Pachaiyappa college,31.0,Chennai
2009-10-29,2009,10,Anna university,22.2,Chennai
2009-10-29,2009,10,Chennai AP,22.0,Chennai
2009-10-29,2009,10,MYLAPORE-TRIPLICANE TALUK,13.5,Chennai
2009-10-29,2009,10,DGP Office,11.8,Chennai
2009-10-29,2009,10,Govt. arts college,8.4,Chennai
2009-10-30,2009,10,Ambathur,18.0,Chennai
2009-10-30,2009,10,Chennai AP,2.6,Chennai
2009-10-30,2009,10,Chennai nungambakkam,2.5,Chennai
2009-10-30,2009,10,Pachaiyappa college,2.0,Chennai
2009-11-03,2009,11,Govt. arts college,21.4,Chennai
2009-11-03,2009,11,Purasawalkam - Perambur,20.2,Chennai
2009-11-03,2009,11,Chennai nungambakkam,19.3,Chennai
2009-11-03,2009,11,Pachaiyappa college,19.0,Chennai
2009-11-03,2009,11,Anna university,10.4,Chennai
2009-11-03,2009,11,MYLAPORE-TRIPLICANE TALUK,8.5,Chennai
2009-11-03,2009,11,DGP Office,7.2,Chennai
2009-11-03,2009,11,Ambathur,5.0,Chennai
2009-11-03,2009,11,Chennai AP,3.6,Chennai
2009-11-04,2009,11,Chennai AP,9.1,Chennai
2009-11-04,2009,11,Ambathur,3.0,Chennai
2009-11-04,2009,11,Anna university,1.6,Chennai
2009-11-04,2009,11,MYLAPORE-TRIPLICANE TALUK,1.2,Chennai
2009-11-04,2009,11,Chennai nungambakkam,0.4,Chennai
2009-11-04,2009,11,DGP Office,0.4,Chennai
2009-11-05,2009,11,Chennai nungambakkam,150.0,Chennai
2009-11-05,2009,11,Pachaiyappa college,145.0,Chennai
2009-11-05,2009,11,Chennai AP,113.7,Chennai
2009-11-05,2009,11,Anna university,76.0,Chennai
2009-11-05,2009,11,DGP Office,75.0,Chennai
2009-11-05,2009,11,MYLAPORE-TRIPLICANE TALUK,74.0,Chennai
2009-11-05,2009,11,Purasawalkam - Perambur,68.0,Chennai
2009-11-05,2009,11,Govt. arts college,65.0,Chennai
2009-11-05,2009,11,Ambathur,49.0,Chennai
2009-11-06,2009,11,Anna university,53.8,Chennai
2009-11-06,2009,11,Chennai AP,43.3,Chennai
2009-11-06,2009,11,MYLAPORE-TRIPLICANE TALUK,35.4,Chennai
2009-11-06,2009,11,DGP Office,30.2,Chennai
2009-11-06,2009,11,Chennai nungambakkam,24.8,Chennai
2009-11-06,2009,11,Govt. arts college,20.3,Chennai
2009-11-06,2009,11,Pachaiyappa college,20.3,Chennai
2009-11-06,2009,11,Purasawalkam - Perambur,19.0,Chennai
2009-11-06,2009,11,Ambathur,11.0,Chennai
2009-11-07,2009,11,Ambathur,145.0,Chennai
2009-11-07,2009,11,Anna university,97.2,Chennai
2009-11-07,2009,11,MYLAPORE-TRIPLICANE TALUK,72.5,Chennai
2009-11-07,2009,11,Chennai AP,70.0,Chennai
2009-11-07,2009,11,DGP Office,66.4,Chennai
2009-11-07,2009,11,Chennai nungambakkam,60.0,Chennai
2009-11-07,2009,11,Pachaiyappa college,57.5,Chennai
2009-11-07,2009,11,Govt. arts college,39.0,Chennai
2009-11-07,2009,11,Purasawalkam - Perambur,39.0,Chennai
2009-11-08,2009,11,Anna university,149.4,Chennai
2009-11-08,2009,11,MYLAPORE-TRIPLICANE TALUK,132.5,Chennai
2009-11-08,2009,11,Chennai AP,127.3,Chennai
2009-11-08,2009,11,Pachaiyappa college,127.0,Chennai
2009-11-08,2009,11,DGP Office,126.5,Chennai
2009-11-08,2009,11,Chennai nungambakkam,123.3,Chennai
2009-11-08,2009,11,Govt. arts college,121.5,Chennai
2009-11-08,2009,11,Purasawalkam - Perambur,110.5,Chennai
2009-11-08,2009,11,Ambathur,106.0,Chennai
2009-11-09,2009,11,Ambathur,66.0,Chennai
2009-11-09,2009,11,Chennai AP,44.8,Chennai
2009-11-09,2009,11,Anna university,39.2,Chennai
2009-11-09,2009,11,MYLAPORE-TRIPLICANE TALUK,31.5,Chennai
2009-11-09,2009,11,DGP Office,29.2,Chennai
2009-11-09,2009,11,Chennai nungambakkam,27.0,Chennai
2009-11-09,2009,11,Pachaiyappa college,22.3,Chennai
2009-11-09,2009,11,Govt. arts college,21.3,Chennai
2009-11-09,2009,11,Purasawalkam - Perambur,21.3,Chennai
2009-11-10,2009,11,Govt. arts college,18.0,Chennai
2009-11-10,2009,11,Chennai AP,13.5,Chennai
2009-11-10,2009,11,Anna university,12.2,Chennai
2009-11-10,2009,11,Ambathur,10.0,Chennai
2009-11-10,2009,11,Chennai nungambakkam,6.3,Chennai
2009-11-10,2009,11,Pachaiyappa college,6.2,Chennai
2009-11-10,2009,11,MYLAPORE-TRIPLICANE TALUK,4.2,Chennai
2009-11-11,2009,11,Chennai AP,31.6,Chennai
2009-11-11,2009,11,Anna university,25.5,Chennai
2009-11-11,2009,11,MYLAPORE-TRIPLICANE TALUK,23.0,Chennai
2009-11-11,2009,11,DGP Office,22.3,Chennai
2009-11-11,2009,11,Chennai nungambakkam,20.8,Chennai
2009-11-11,2009,11,Pachaiyappa college,20.2,Chennai
2009-11-11,2009,11,Purasawalkam - Perambur,20.2,Chennai
2009-11-11,2009,11,Govt. arts college,18.0,Chennai
2009-11-11,2009,11,Ambathur,12.0,Chennai
2009-11-15,2009,11,Ambathur,103.0,Chennai
2009-11-15,2009,11,Purasawalkam - Perambur,82.2,Chennai
2009-11-15,2009,11,Chennai AP,57.7,Chennai
2009-11-15,2009,11,Anna university,52.2,Chennai
2009-11-15,2009,11,Pachaiyappa college,47.6,Chennai
2009-11-15,2009,11,Chennai nungambakkam,46.7,Chennai
2009-11-15,2009,11,Govt. arts college,40.3,Chennai
2009-11-15,2009,11,MYLAPORE-TRIPLICANE TALUK,35.5,Chennai
2009-11-15,2009,11,DGP Office,30.2,Chennai
2009-11-16,2009,11,Chennai AP,37.2,Chennai
2009-11-16,2009,11,DGP Office,29.2,Chennai
2009-11-16,2009,11,MYLAPORE-TRIPLICANE TALUK,25.5,Chennai
2009-11-16,2009,11,Anna university,25.5,Chennai
2009-11-16,2009,11,Chennai nungambakkam,21.2,Chennai
2009-11-16,2009,11,Pachaiyappa college,21.2,Chennai
2009-11-16,2009,11,Purasawalkam - Perambur,18.2,Chennai
2009-11-16,2009,11,Govt. arts college,14.2,Chennai
2009-11-16,2009,11,Ambathur,13.0,Chennai
2009-11-17,2009,11,Chennai AP,0.1,Chennai
2009-11-18,2009,11,Chennai AP,4.4,Chennai
2009-11-18,2009,11,Govt. arts college,2.3,Chennai
2009-11-18,2009,11,DGP Office,2.0,Chennai
2009-11-18,2009,11,MYLAPORE-TRIPLICANE TALUK,2.0,Chennai
2009-11-18,2009,11,Anna university,2.0,Chennai
2009-11-18,2009,11,Chennai nungambakkam,1.3,Chennai
2009-11-18,2009,11,Pachaiyappa college,1.3,Chennai
2009-11-18,2009,11,Purasawalkam - Perambur,1.3,Chennai
2009-11-19,2009,11,Chennai AP,47.8,Chennai
2009-11-19,2009,11,Ambathur,23.0,Chennai
2009-11-19,2009,11,Chennai nungambakkam,1.2,Chennai
2009-11-20,2009,11,Chennai nungambakkam,4.2,Chennai
2009-11-20,2009,11,Pachaiyappa college,4.2,Chennai
2009-11-20,2009,11,Chennai AP,0.5,Chennai
2009-11-21,2009,11,Chennai nungambakkam,0.9,Chennai
2009-11-22,2009,11,Ambathur,19.0,Chennai
2009-11-22,2009,11,Chennai nungambakkam,1.0,Chennai
2009-11-24,2009,11,Chennai nungambakkam,0.9,Chennai
2009-11-25,2009,11,Chennai AP,0.3,Chennai
2009-12-01,2009,12,Chennai AP,0.1,Chennai
2009-12-02,2009,12,Ambathur,41.0,Chennai
2009-12-02,2009,12,Chennai nungambakkam,33.3,Chennai
2009-12-02,2009,12,Pachaiyappa college,33.3,Chennai
2009-12-02,2009,12,Purasawalkam - Perambur,33.0,Chennai
2009-12-02,2009,12,Anna university,28.3,Chennai
2009-12-02,2009,12,Govt. arts college,28.0,Chennai
2009-12-02,2009,12,DGP Office,25.3,Chennai
2009-12-02,2009,12,MYLAPORE-TRIPLICANE TALUK,25.3,Chennai
2009-12-02,2009,12,Chennai AP,15.3,Chennai
2009-12-03,2009,12,Anna university,62.0,Chennai
2009-12-03,2009,12,DGP Office,52.3,Chennai
2009-12-03,2009,12,MYLAPORE-TRIPLICANE TALUK,52.3,Chennai
2009-12-03,2009,12,Ambathur,28.0,Chennai
2009-12-03,2009,12,Purasawalkam - Perambur,25.0,Chennai
2009-12-03,2009,12,Chennai nungambakkam,21.8,Chennai
2009-12-03,2009,12,Govt. arts college,21.8,Chennai
2009-12-03,2009,12,Pachaiyappa college,21.8,Chennai
2009-12-03,2009,12,Chennai AP,20.6,Chennai
2009-12-04,2009,12,Chennai AP,34.2,Chennai
2009-12-04,2009,12,Purasawalkam - Perambur,9.0,Chennai
2009-12-04,2009,12,Chennai nungambakkam,4.7,Chennai
2009-12-04,2009,12,Pachaiyappa college,4.7,Chennai
2009-12-04,2009,12,Govt. arts college,4.5,Chennai
2009-12-04,2009,12,DGP Office,3.0,Chennai
2009-12-04,2009,12,MYLAPORE-TRIPLICANE TALUK,3.0,Chennai
2009-12-04,2009,12,Anna university,3.0,Chennai
2009-12-04,2009,12,Ambathur,3.0,Chennai
2009-12-05,2009,12,Chennai AP,0.2,Chennai
2009-12-09,2009,12,Chennai AP,0.5,Chennai
2009-12-12,2009,12,Ambathur,6.0,Chennai
2009-12-12,2009,12,Chennai AP,1.2,Chennai
2009-12-12,2009,12,Chennai nungambakkam,1.0,Chennai
2009-12-13,2009,12,Chennai nungambakkam,34.5,Chennai
2009-12-13,2009,12,Pachaiyappa college,34.0,Chennai
2009-12-13,2009,12,Chennai AP,31.3,Chennai
2009-12-13,2009,12,Anna university,31.3,Chennai
2009-12-13,2009,12,DGP Office,31.0,Chennai
2009-12-13,2009,12,MYLAPORE-TRIPLICANE TALUK,31.0,Chennai
2009-12-13,2009,12,Govt. arts college,30.0,Chennai
2009-12-13,2009,12,Purasawalkam - Perambur,28.0,Chennai
2009-12-13,2009,12,Ambathur,11.0,Chennai
2009-12-14,2009,12,Anna university,3.6,Chennai
2009-12-14,2009,12,DGP Office,3.0,Chennai
2009-12-14,2009,12,MYLAPORE-TRIPLICANE TALUK,3.0,Chennai
2009-12-14,2009,12,Chennai AP,2.3,Chennai
2009-12-14,2009,12,Chennai nungambakkam,1.2,Chennai
2009-12-14,2009,12,Pachaiyappa college,1.2,Chennai
2009-12-15,2009,12,Purasawalkam - Perambur,9.7,Chennai
2009-12-15,2009,12,MYLAPORE-TRIPLICANE TALUK,9.6,Chennai
2009-12-15,2009,12,Chennai AP,9.1,Chennai
2009-12-15,2009,12,Anna university,9.0,Chennai
2009-12-15,2009,12,DGP Office,8.8,Chennai
2009-12-15,2009,12,Ambathur,8.0,Chennai
2009-12-15,2009,12,Chennai nungambakkam,5.6,Chennai
2009-12-15,2009,12,Govt. arts college,5.4,Chennai
2009-12-15,2009,12,Pachaiyappa college,5.0,Chennai
2009-12-16,2009,12,Chennai nungambakkam,77.6,Chennai
2009-12-16,2009,12,Pachaiyappa college,77.0,Chennai
2009-12-16,2009,12,Ambathur,75.0,Chennai
2009-12-16,2009,12,MYLAPORE-TRIPLICANE TALUK,55.2,Chennai
2009-12-16,2009,12,Anna university,55.2,Chennai
2009-12-16,2009,12,DGP Office,55.0,Chennai
2009-12-16,2009,12,Govt. arts college,45.0,Chennai
2009-12-16,2009,12,Purasawalkam - Perambur,43.0,Chennai
2009-12-16,2009,12,Chennai AP,35.3,Chennai
2009-12-17,2009,12,Ambathur,15.0,Chennai
2009-12-17,2009,12,Chennai AP,4.2,Chennai
2009-12-17,2009,12,Anna university,2.6,Chennai
2009-12-17,2009,12,DGP Office,2.0,Chennai
2009-12-17,2009,12,MYLAPORE-TRIPLICANE TALUK,2.0,Chennai
2009-12-17,2009,12,Chennai nungambakkam,1.8,Chennai
2009-12-17,2009,12,Govt. arts college,1.8,Chennai
2009-12-17,2009,12,Pachaiyappa college,1.5,Chennai
2009-12-18,2009,12,Anna university,19.2,Chennai
2009-12-18,2009,12,MYLAPORE-TRIPLICANE TALUK,19.0,Chennai
2009-12-18,2009,12,Ambathur,18.0,Chennai
2009-12-18,2009,12,DGP Office,15.0,Chennai
2009-12-18,2009,12,Chennai nungambakkam,11.6,Chennai
2009-12-18,2009,12,Govt. arts college,11.0,Chennai
2009-12-18,2009,12,Pachaiyappa college,11.0,Chennai
2009-12-18,2009,12,Purasawalkam - Perambur,11.0,Chennai
2009-12-18,2009,12,Chennai AP,10.9,Chennai
2009-12-19,2009,12,Chennai AP,1.7,Chennai
2009-12-20,2009,12,Chennai nungambakkam,1.6,Chennai
2009-12-20,2009,12,Pachaiyappa college,1.0,Chennai
2009-12-20,2009,12,Ambathur,1.0,Chennai
2009-12-20,2009,12,Chennai AP,0.3,Chennai
2009-12-21,2009,12,Chennai AP,40.8,Chennai
2009-12-21,2009,12,Anna university,35.0,Chennai
2009-12-21,2009,12,Chennai nungambakkam,32.5,Chennai
2009-12-21,2009,12,Pachaiyappa college,32.5,Chennai
2009-12-21,2009,12,MYLAPORE-TRIPLICANE TALUK,31.0,Chennai
2009-12-21,2009,12,DGP Office,30.0,Chennai
2009-12-21,2009,12,Govt. arts college,8.0,Chennai
2009-12-21,2009,12,Purasawalkam - Perambur,8.0,Chennai
2009-12-21,2009,12,Ambathur,2.0,Chennai
2009-12-22,2009,12,Chennai nungambakkam,47.9,Chennai
2009-12-22,2009,12,Pachaiyappa college,47.0,Chennai
2009-12-22,2009,12,Anna university,14.6,Chennai
2009-12-22,2009,12,DGP Office,14.0,Chennai
2009-12-22,2009,12,MYLAPORE-TRIPLICANE TALUK,14.0,Chennai
2009-12-22,2009,12,Ambathur,7.0,Chennai
2009-12-22,2009,12,Chennai AP,6.9,Chennai
2009-12-22,2009,12,Purasawalkam - Perambur,6.9,Chennai
2009-12-22,2009,12,Govt. arts college,6.0,Chennai
2010-01-07,2010,1,Chennai nungambakkam,1.8,Chennai
2010-01-07,2010,1,Chennai AP,0.1,Chennai
2010-01-09,2010,1,Chennai AP,4.1,Chennai
2010-01-09,2010,1,Chennai nungambakkam,2.4,Chennai
2010-01-09,2010,1,Pachaiyappa college,2.4,Chennai
2010-01-09,2010,1,Purasawalkam - Perambur,2.4,Chennai
2010-01-09,2010,1,DGP Office,2.1,Chennai
2010-01-09,2010,1,Govt. arts college,2.0,Chennai
2010-01-09,2010,1,MYLAPORE-TRIPLICANE TALUK,2.0,Chennai
2010-01-09,2010,1,Anna university,2.0,Chennai
2010-01-09,2010,1,Ambathur,2.0,Chennai
2010-01-13,2010,1,Chennai nungambakkam,0.5,Chennai
2010-01-24,2010,1,Chennai AP,0.2,Chennai
2010-01-25,2010,1,Chennai AP,0.3,Chennai
2010-01-28,2010,1,Chennai AP,2.5,Chennai
2010-01-28,2010,1,Chennai nungambakkam,0.5,Chennai
2010-05-01,2010,5,Chennai AP,10.2,Chennai
2010-05-01,2010,5,Chennai nungambakkam,9.4,Chennai
2010-05-01,2010,5,MYLAPORE-TRIPLICANE TALUK,9.1,Chennai
2010-05-01,2010,5,Pachaiyappa college,9.0,Chennai
2010-05-01,2010,5,Purasawalkam - Perambur,8.9,Chennai
2010-05-01,2010,5,DGP Office,8.7,Chennai
2010-05-01,2010,5,Anna university,8.2,Chennai
2010-05-01,2010,5,Govt. arts college,7.3,Chennai
2010-05-01,2010,5,Ambathur,2.0,Chennai
2010-05-02,2010,5,Chennai nungambakkam,3.0,Chennai
2010-05-02,2010,5,Chennai AP,2.7,Chennai
2010-05-19,2010,5,Anna university,71.6,Chennai
2010-05-19,2010,5,Ambathur,71.0,Chennai
2010-05-19,2010,5,DGP Office,71.0,Chennai
2010-05-19,2010,5,Chennai AP,70.8,Chennai
2010-05-19,2010,5,MYLAPORE-TRIPLICANE TALUK,70.0,Chennai
2010-05-19,2010,5,Chennai nungambakkam,65.1,Chennai
2010-05-19,2010,5,Pachaiyappa college,65.0,Chennai
2010-05-19,2010,5,Purasawalkam - Perambur,64.0,Chennai
2010-05-19,2010,5,Govt. arts college,64.0,Chennai
2010-05-20,2010,5,Ambathur,143.0,Chennai
2010-05-20,2010,5,Chennai nungambakkam,109.7,Chennai
2010-05-20,2010,5,Pachaiyappa college,107.2,Chennai
2010-05-20,2010,5,Anna university,106.8,Chennai
2010-05-20,2010,5,Govt. arts college,106.0,Chennai
2010-05-20,2010,5,MYLAPORE-TRIPLICANE TALUK,105.5,Chennai
2010-05-20,2010,5,DGP Office,103.0,Chennai
2010-05-20,2010,5,Purasawalkam - Perambur,101.0,Chennai
2010-05-20,2010,5,Chennai AP,75.1,Chennai
2010-05-21,2010,5,Chennai AP,0.2,Chennai
2010-06-05,2010,6,Chennai nungambakkam,14.2,Chennai
2010-06-05,2010,6,Pachaiyappa college,14.0,Chennai
2010-06-05,2010,6,Purasawalkam - Perambur,11.1,Chennai
2010-06-05,2010,6,Govt. arts college,1.3,Chennai
2010-06-05,2010,6,Anna university,1.2,Chennai
2010-06-05,2010,6,DGP Office,1.2,Chennai
2010-06-05,2010,6,Chennai AP,1.2,Chennai
2010-06-05,2010,6,MYLAPORE-TRIPLICANE TALUK,1.1,Chennai
2010-06-06,2010,6,Chennai AP,20.1,Chennai
2010-06-06,2010,6,Anna university,18.9,Chennai
2010-06-06,2010,6,DGP Office,18.9,Chennai
2010-06-06,2010,6,MYLAPORE-TRIPLICANE TALUK,18.7,Chennai
2010-06-06,2010,6,Pachaiyappa college,9.3,Chennai
2010-06-06,2010,6,Chennai nungambakkam,9.3,Chennai
2010-06-06,2010,6,Purasawalkam - Perambur,9.0,Chennai
2010-06-06,2010,6,Govt. arts college,8.0,Chennai
2010-06-07,2010,6,Chennai AP,9.4,Chennai
2010-06-07,2010,6,Anna university,9.3,Chennai
2010-06-07,2010,6,MYLAPORE-TRIPLICANE TALUK,8.3,Chennai
2010-06-07,2010,6,DGP Office,8.1,Chennai
2010-06-07,2010,6,Pachaiyappa college,4.2,Chennai
2010-06-07,2010,6,Chennai nungambakkam,4.2,Chennai
2010-06-07,2010,6,Govt. arts college,4.1,Chennai
2010-06-07,2010,6,Purasawalkam - Perambur,4.0,Chennai
2010-06-09,2010,6,Anna university,24.2,Chennai
2010-06-09,2010,6,Chennai AP,24.2,Chennai
2010-06-09,2010,6,MYLAPORE-TRIPLICANE TALUK,24.1,Chennai
2010-06-09,2010,6,DGP Office,23.8,Chennai
2010-06-09,2010,6,Pachaiyappa college,14.9,Chennai
2010-06-09,2010,6,Chennai nungambakkam,14.9,Chennai
2010-06-09,2010,6,Purasawalkam - Perambur,13.0,Chennai
2010-06-09,2010,6,Govt. arts college,13.0,Chennai
2010-06-09,2010,6,Ambathur,8.0,Chennai
2010-06-10,2010,6,Ambathur,22.0,Chennai
2010-06-10,2010,6,Chennai nungambakkam,2.9,Chennai
2010-06-10,2010,6,Purasawalkam - Perambur,2.8,Chennai
2010-06-10,2010,6,Pachaiyappa college,2.8,Chennai
2010-06-10,2010,6,DGP Office,2.0,Chennai
2010-06-10,2010,6,Chennai AP,2.0,Chennai
2010-06-10,2010,6,Anna university,1.9,Chennai
2010-06-10,2010,6,MYLAPORE-TRIPLICANE TALUK,1.9,Chennai
2010-06-10,2010,6,Govt. arts college,1.0,Chennai
2010-06-11,2010,6,Anna university,2.6,Chennai
2010-06-11,2010,6,DGP Office,1.1,Chennai
2010-06-11,2010,6,MYLAPORE-TRIPLICANE TALUK,1.0,Chennai
2010-06-11,2010,6,Chennai AP,0.9,Chennai
2010-06-11,2010,6,Pachaiyappa college,0.2,Chennai
2010-06-11,2010,6,Chennai nungambakkam,0.2,Chennai
2010-06-11,2010,6,Purasawalkam - Perambur,0.1,Chennai
2010-06-12,2010,6,Ambathur,6.0,Chennai
2010-06-12,2010,6,Chennai AP,3.5,Chennai
2010-06-12,2010,6,Pachaiyappa college,2.4,Chennai
2010-06-12,2010,6,Chennai nungambakkam,2.4,Chennai
2010-06-12,2010,6,Anna university,2.3,Chennai
2010-06-12,2010,6,DGP Office,2.3,Chennai
2010-06-12,2010,6,MYLAPORE-TRIPLICANE TALUK,2.2,Chennai
2010-06-12,2010,6,Purasawalkam - Perambur,1.9,Chennai
2010-06-12,2010,6,Govt. arts college,1.9,Chennai
2010-06-13,2010,6,Chennai AP,2.8,Chennai
2010-06-16,2010,6,Chennai nungambakkam,0.1,Chennai
2010-06-18,2010,6,Chennai nungambakkam,0.3,Chennai
2010-06-18,2010,6,Chennai AP,0.2,Chennai
2010-06-22,2010,6,Ambathur,1.0,Chennai
2010-06-24,2010,6,Chennai AP,10.6,Chennai
2010-06-24,2010,6,MYLAPORE-TRIPLICANE TALUK,5.4,Chennai
2010-06-24,2010,6,Anna university,5.2,Chennai
2010-06-24,2010,6,DGP Office,5.1,Chennai
2010-06-24,2010,6,Chennai nungambakkam,3.0,Chennai
2010-06-24,2010,6,Purasawalkam - Perambur,2.0,Chennai
2010-06-24,2010,6,Pachaiyappa college,2.0,Chennai
2010-06-24,2010,6,Govt. arts college,2.0,Chennai
2010-06-26,2010,6,Chennai AP,2.2,Chennai
2010-06-26,2010,6,MYLAPORE-TRIPLICANE TALUK,1.3,Chennai
2010-06-26,2010,6,Anna university,1.2,Chennai
2010-06-26,2010,6,DGP Office,1.1,Chennai
2010-06-26,2010,6,Govt. arts college,0.9,Chennai
2010-06-26,2010,6,Chennai nungambakkam,0.7,Chennai
2010-06-26,2010,6,Pachaiyappa college,0.6,Chennai
2010-06-26,2010,6,Purasawalkam - Perambur,0.5,Chennai
2010-06-27,2010,6,Chennai AP,38.7,Chennai
2010-06-27,2010,6,DGP Office,33.2,Chennai
2010-06-27,2010,6,MYLAPORE-TRIPLICANE TALUK,33.0,Chennai
2010-06-27,2010,6,Anna university,32.7,Chennai
2010-06-27,2010,6,Govt. arts college,30.5,Chennai
2010-06-27,2010,6,Chennai nungambakkam,30.0,Chennai
2010-06-27,2010,6,Pachaiyappa college,29.7,Chennai
2010-06-27,2010,6,Purasawalkam - Perambur,27.0,Chennai
2010-06-28,2010,6,Ambathur,75.0,Chennai
2010-06-28,2010,6,Chennai nungambakkam,53.4,Chennai
2010-06-28,2010,6,Pachaiyappa college,52.1,Chennai
2010-06-28,2010,6,Purasawalkam - Perambur,41.5,Chennai
2010-06-28,2010,6,MYLAPORE-TRIPLICANE TALUK,17.8,Chennai
2010-06-28,2010,6,Govt. arts college,17.0,Chennai
2010-06-28,2010,6,Anna university,15.0,Chennai
2010-06-28,2010,6,DGP Office,12.6,Chennai
2010-06-28,2010,6,Chennai AP,11.4,Chennai
2010-07-05,2010,7,Chennai AP,1.1,Chennai
2010-07-06,2010,7,Pachaiyappa college,23.1,Chennai
2010-07-06,2010,7,Chennai nungambakkam,23.0,Chennai
2010-07-06,2010,7,Govt. arts college,19.0,Chennai
2010-07-06,2010,7,Ambathur,17.0,Chennai
2010-07-06,2010,7,Purasawalkam - Perambur,17.0,Chennai
2010-07-06,2010,7,DGP Office,16.1,Chennai
2010-07-06,2010,7,Chennai AP,16.0,Chennai
2010-07-06,2010,7,Anna university,15.5,Chennai
2010-07-06,2010,7,MYLAPORE-TRIPLICANE TALUK,15.3,Chennai
2010-07-07,2010,7,Ambathur,1.0,Chennai
2010-07-07,2010,7,Anna university,0.9,Chennai
2010-07-07,2010,7,MYLAPORE-TRIPLICANE TALUK,0.9,Chennai
2010-07-07,2010,7,Chennai nungambakkam,0.9,Chennai
2010-07-07,2010,7,Chennai AP,0.9,Chennai
2010-07-07,2010,7,Pachaiyappa college,0.8,Chennai
2010-07-07,2010,7,Purasawalkam - Perambur,0.7,Chennai
2010-07-07,2010,7,DGP Office,0.7,Chennai
2010-07-07,2010,7,Govt. arts college,0.7,Chennai
2010-07-08,2010,7,Chennai nungambakkam,3.5,Chennai
2010-07-08,2010,7,Pachaiyappa college,3.1,Chennai
2010-07-08,2010,7,Purasawalkam - Perambur,3.0,Chennai
2010-07-08,2010,7,Govt. arts college,1.4,Chennai
2010-07-08,2010,7,MYLAPORE-TRIPLICANE TALUK,1.2,Chennai
2010-07-08,2010,7,Chennai AP,1.2,Chennai
2010-07-08,2010,7,DGP Office,1.1,Chennai
2010-07-08,2010,7,Anna university,1.0,Chennai
2010-07-09,2010,7,Chennai AP,2.0,Chennai
2010-07-09,2010,7,Anna university,1.8,Chennai
2010-07-09,2010,7,MYLAPORE-TRIPLICANE TALUK,1.7,Chennai
2010-07-09,2010,7,Chennai nungambakkam,1.6,Chennai
2010-07-09,2010,7,Pachaiyappa college,1.5,Chennai
2010-07-09,2010,7,Purasawalkam - Perambur,1.1,Chennai
2010-07-09,2010,7,DGP Office,1.0,Chennai
2010-07-09,2010,7,Govt. arts college,1.0,Chennai
2010-07-10,2010,7,Chennai AP,0.5,Chennai
2010-07-10,2010,7,MYLAPORE-TRIPLICANE TALUK,0.3,Chennai
2010-07-10,2010,7,Anna university,0.2,Chennai
2010-07-13,2010,7,Ambathur,38.0,Chennai
2010-07-13,2010,7,Chennai AP,31.9,Chennai
2010-07-13,2010,7,Anna university,31.0,Chennai
2010-07-13,2010,7,MYLAPORE-TRIPLICANE TALUK,30.1,Chennai
2010-07-13,2010,7,DGP Office,30.1,Chennai
2010-07-13,2010,7,Govt. arts college,23.7,Chennai
2010-07-13,2010,7,Purasawalkam - Perambur,18.4,Chennai
2010-07-13,2010,7,Chennai nungambakkam,18.4,Chennai
2010-07-13,2010,7,Pachaiyappa college,18.2,Chennai
2010-07-17,2010,7,Chennai nungambakkam,21.2,Chennai
2010-07-17,2010,7,Purasawalkam - Perambur,21.0,Chennai
2010-07-17,2010,7,Pachaiyappa college,21.0,Chennai
2010-07-17,2010,7,Ambathur,15.0,Chennai
2010-07-17,2010,7,DGP Office,9.1,Chennai
2010-07-17,2010,7,Anna university,8.0,Chennai
2010-07-17,2010,7,Chennai AP,7.9,Chennai
2010-07-17,2010,7,MYLAPORE-TRIPLICANE TALUK,7.1,Chennai
2010-07-17,2010,7,Govt. arts college,7.1,Chennai
2010-07-18,2010,7,Ambathur,50.0,Chennai
2010-07-18,2010,7,Chennai nungambakkam,19.1,Chennai
2010-07-18,2010,7,Pachaiyappa college,19.0,Chennai
2010-07-18,2010,7,DGP Office,18.7,Chennai
2010-07-18,2010,7,Anna university,18.1,Chennai
2010-07-18,2010,7,Chennai AP,18.0,Chennai
2010-07-18,2010,7,MYLAPORE-TRIPLICANE TALUK,17.3,Chennai
2010-07-18,2010,7,Purasawalkam - Perambur,17.0,Chennai
2010-07-18,2010,7,Govt. arts college,17.0,Chennai
2010-07-19,2010,7,Ambathur,12.0,Chennai
2010-07-19,2010,7,Chennai nungambakkam,8.9,Chennai
2010-07-19,2010,7,Pachaiyappa college,8.1,Chennai
2010-07-19,2010,7,Purasawalkam - Perambur,6.3,Chennai
2010-07-19,2010,7,Chennai AP,6.1,Chennai
2010-07-19,2010,7,MYLAPORE-TRIPLICANE TALUK,6.0,Chennai
2010-07-19,2010,7,DGP Office,6.0,Chennai
2010-07-19,2010,7,Anna university,5.8,Chennai
2010-07-19,2010,7,Govt. arts college,5.6,Chennai
2010-07-20,2010,7,Ambathur,4.0,Chennai
2010-07-20,2010,7,Chennai nungambakkam,3.4,Chennai
2010-07-20,2010,7,Pachaiyappa college,3.3,Chennai
2010-07-20,2010,7,Purasawalkam - Perambur,2.9,Chennai
2010-07-20,2010,7,Chennai AP,2.6,Chennai
2010-07-20,2010,7,DGP Office,2.0,Chennai
2010-07-20,2010,7,Anna university,1.8,Chennai
2010-07-20,2010,7,Govt. arts college,1.8,Chennai
2010-07-20,2010,7,MYLAPORE-TRIPLICANE TALUK,1.7,Chennai
2010-07-21,2010,7,Ambathur,20.0,Chennai
2010-07-21,2010,7,Chennai AP,12.4,Chennai
2010-07-21,2010,7,DGP Office,11.9,Chennai
2010-07-21,2010,7,Anna university,11.3,Chennai
2010-07-21,2010,7,MYLAPORE-TRIPLICANE TALUK,11.3,Chennai
2010-07-21,2010,7,Pachaiyappa college,10.4,Chennai
2010-07-21,2010,7,Chennai nungambakkam,10.4,Chennai
2010-07-21,2010,7,Purasawalkam - Perambur,10.1,Chennai
2010-07-21,2010,7,Govt. arts college,9.9,Chennai
2010-07-22,2010,7,Chennai nungambakkam,0.5,Chennai
2010-07-22,2010,7,Pachaiyappa college,0.4,Chennai
2010-07-22,2010,7,Purasawalkam - Perambur,0.2,Chennai
2010-07-22,2010,7,Anna university,0.2,Chennai
2010-07-22,2010,7,DGP Office,0.2,Chennai
2010-07-22,2010,7,Chennai AP,0.2,Chennai
2010-07-22,2010,7,MYLAPORE-TRIPLICANE TALUK,0.1,Chennai
2010-07-22,2010,7,Govt. arts college,0.1,Chennai
2010-07-28,2010,7,Chennai AP,11.8,Chennai
2010-07-28,2010,7,Anna university,11.0,Chennai
2010-07-28,2010,7,DGP Office,9.8,Chennai
2010-07-28,2010,7,Ambathur,9.6,Chennai
2010-07-28,2010,7,MYLAPORE-TRIPLICANE TALUK,9.0,Chennai
2010-07-28,2010,7,Govt. arts college,5.7,Chennai
2010-07-28,2010,7,Chennai nungambakkam,4.9,Chennai
2010-07-28,2010,7,Pachaiyappa college,4.8,Chennai
2010-07-28,2010,7,Purasawalkam - Perambur,4.7,Chennai
2010-07-29,2010,7,Ambathur,7.4,Chennai
2010-07-29,2010,7,Chennai nungambakkam,2.2,Chennai
2010-07-29,2010,7,Purasawalkam - Perambur,2.0,Chennai
2010-07-29,2010,7,Pachaiyappa college,2.0,Chennai
2010-07-29,2010,7,MYLAPORE-TRIPLICANE TALUK,1.3,Chennai
2010-07-29,2010,7,DGP Office,1.3,Chennai
2010-07-29,2010,7,Chennai AP,1.3,Chennai
2010-07-29,2010,7,Anna university,1.0,Chennai
2010-07-29,2010,7,Govt. arts college,1.0,Chennai
2010-07-30,2010,7,Ambathur,49.0,Chennai
2010-07-30,2010,7,Chennai AP,35.8,Chennai
2010-07-30,2010,7,Anna university,33.8,Chennai
2010-07-30,2010,7,MYLAPORE-TRIPLICANE TALUK,33.4,Chennai
2010-07-30,2010,7,DGP Office,32.0,Chennai
2010-07-30,2010,7,Chennai nungambakkam,24.5,Chennai
2010-07-30,2010,7,Pachaiyappa college,24.2,Chennai
2010-07-30,2010,7,Purasawalkam - Perambur,23.0,Chennai
2010-07-30,2010,7,Govt. arts college,23.0,Chennai
2010-07-31,2010,7,Ambathur,22.0,Chennai
2010-07-31,2010,7,Chennai nungambakkam,8.8,Chennai
2010-07-31,2010,7,Pachaiyappa college,8.1,Chennai
2010-07-31,2010,7,Purasawalkam - Perambur,2.3,Chennai
2010-07-31,2010,7,MYLAPORE-TRIPLICANE TALUK,1.1,Chennai
2010-07-31,2010,7,DGP Office,1.0,Chennai
2010-07-31,2010,7,Govt. arts college,1.0,Chennai
2010-07-31,2010,7,Anna university,0.5,Chennai
2010-07-31,2010,7,Chennai AP,0.5,Chennai
2010-08-01,2010,8,Ambathur,3.6,Chennai
2010-08-01,2010,8,Pachaiyappa college,3.5,Chennai
2010-08-01,2010,8,Chennai nungambakkam,3.5,Chennai
2010-08-01,2010,8,Purasawalkam - Perambur,3.1,Chennai
2010-08-01,2010,8,Chennai AP,2.6,Chennai
2010-08-01,2010,8,Govt. arts college,2.3,Chennai
2010-08-01,2010,8,MYLAPORE-TRIPLICANE TALUK,2.1,Chennai
2010-08-01,2010,8,DGP Office,2.1,Chennai
2010-08-01,2010,8,Anna university,2.0,Chennai
2010-08-03,2010,8,Pachaiyappa college,1.2,Chennai
2010-08-03,2010,8,Chennai nungambakkam,1.2,Chennai
2010-08-03,2010,8,Purasawalkam - Perambur,0.4,Chennai
2010-08-03,2010,8,MYLAPORE-TRIPLICANE TALUK,0.4,Chennai
2010-08-03,2010,8,Chennai AP,0.4,Chennai
2010-08-03,2010,8,Anna university,0.3,Chennai
2010-08-03,2010,8,DGP Office,0.3,Chennai
2010-08-03,2010,8,Govt. arts college,0.2,Chennai
2010-08-08,2010,8,Ambathur,6.0,Chennai
2010-08-09,2010,8,Chennai AP,15.5,Chennai
2010-08-09,2010,8,Anna university,12.2,Chennai
2010-08-09,2010,8,DGP Office,10.5,Chennai
2010-08-09,2010,8,MYLAPORE-TRIPLICANE TALUK,9.8,Chennai
2010-08-09,2010,8,Pachaiyappa college,8.5,Chennai
2010-08-09,2010,8,Chennai nungambakkam,6.4,Chennai
2010-08-09,2010,8,Govt. arts college,5.5,Chennai
2010-08-09,2010,8,Ambathur,1.0,Chennai
2010-08-13,2010,8,Ambathur,15.0,Chennai
2010-08-13,2010,8,Chennai nungambakkam,1.9,Chennai
2010-08-13,2010,8,Pachaiyappa college,1.7,Chennai
2010-08-14,2010,8,Chennai AP,10.4,Chennai
2010-08-14,2010,8,Anna university,10.2,Chennai
2010-08-14,2010,8,DGP Office,10.1,Chennai
2010-08-14,2010,8,MYLAPORE-TRIPLICANE TALUK,9.9,Chennai
2010-08-14,2010,8,Ambathur,8.0,Chennai
2010-08-14,2010,8,Govt. arts college,4.6,Chennai
2010-08-14,2010,8,Pachaiyappa college,4.3,Chennai
2010-08-14,2010,8,Chennai nungambakkam,4.3,Chennai
2010-08-16,2010,8,Ambathur,36.0,Chennai
2010-08-16,2010,8,Chennai nungambakkam,16.2,Chennai
2010-08-16,2010,8,Pachaiyappa college,16.1,Chennai
2010-08-16,2010,8,Govt. arts college,5.8,Chennai
2010-08-16,2010,8,MYLAPORE-TRIPLICANE TALUK,3.1,Chennai
2010-08-16,2010,8,DGP Office,3.1,Chennai
2010-08-16,2010,8,Anna university,0.1,Chennai
2010-08-16,2010,8,Chennai AP,0.1,Chennai
2010-08-18,2010,8,Pachaiyappa college,76.9,Chennai
2010-08-18,2010,8,Chennai nungambakkam,76.9,Chennai
2010-08-18,2010,8,Govt. arts college,52.3,Chennai
2010-08-18,2010,8,Anna university,46.5,Chennai
2010-08-18,2010,8,MYLAPORE-TRIPLICANE TALUK,46.1,Chennai
2010-08-18,2010,8,DGP Office,46.1,Chennai
2010-08-18,2010,8,Chennai AP,45.3,Chennai
2010-08-18,2010,8,Ambathur,42.0,Chennai
2010-08-19,2010,8,Ambathur,45.0,Chennai
2010-08-19,2010,8,Chennai AP,8.7,Chennai
2010-08-19,2010,8,DGP Office,8.2,Chennai
2010-08-19,2010,8,Anna university,7.4,Chennai
2010-08-19,2010,8,MYLAPORE-TRIPLICANE TALUK,7.1,Chennai
2010-08-19,2010,8,Govt. arts college,6.7,Chennai
2010-08-19,2010,8,Pachaiyappa college,6.4,Chennai
2010-08-19,2010,8,Chennai nungambakkam,6.4,Chennai
2010-08-21,2010,8,Ambathur,11.0,Chennai
2010-08-21,2010,8,Chennai AP,4.2,Chennai
2010-08-21,2010,8,Anna university,4.0,Chennai
2010-08-21,2010,8,MYLAPORE-TRIPLICANE TALUK,3.9,Chennai
2010-08-21,2010,8,DGP Office,3.9,Chennai
2010-08-21,2010,8,Govt. arts college,2.6,Chennai
2010-08-21,2010,8,Pachaiyappa college,2.1,Chennai
2010-08-21,2010,8,Chennai nungambakkam,2.1,Chennai
2010-08-22,2010,8,Anna university,24.8,Chennai
2010-08-22,2010,8,DGP Office,24.1,Chennai
2010-08-22,2010,8,Chennai AP,23.7,Chennai
2010-08-22,2010,8,MYLAPORE-TRIPLICANE TALUK,23.1,Chennai
2010-08-22,2010,8,Govt. arts college,12.9,Chennai
2010-08-22,2010,8,Pachaiyappa college,12.8,Chennai
2010-08-22,2010,8,Chennai nungambakkam,12.8,Chennai
2010-08-22,2010,8,Ambathur,11.0,Chennai
2010-08-23,2010,8,Ambathur,110.0,Chennai
2010-08-23,2010,8,Pachaiyappa college,53.2,Chennai
2010-08-23,2010,8,Chennai nungambakkam,52.6,Chennai
2010-08-23,2010,8,Govt. arts college,51.1,Chennai
2010-08-23,2010,8,Anna university,42.2,Chennai
2010-08-23,2010,8,MYLAPORE-TRIPLICANE TALUK,39.0,Chennai
2010-08-23,2010,8,DGP Office,38.1,Chennai
2010-08-23,2010,8,Chennai AP,35.2,Chennai
2010-08-24,2010,8,Ambathur,7.0,Chennai
2010-08-24,2010,8,Chennai AP,6.1,Chennai
2010-08-24,2010,8,Anna university,5.3,Chennai
2010-08-24,2010,8,DGP Office,4.9,Chennai
2010-08-24,2010,8,MYLAPORE-TRIPLICANE TALUK,4.8,Chennai
2010-08-24,2010,8,Govt. arts college,3.2,Chennai
2010-08-24,2010,8,Pachaiyappa college,2.3,Chennai
2010-08-24,2010,8,Chennai nungambakkam,0.9,Chennai
2010-08-25,2010,8,Anna university,18.1,Chennai
2010-08-25,2010,8,Pachaiyappa college,18.0,Chennai
2010-08-25,2010,8,Chennai nungambakkam,17.7,Chennai
2010-08-25,2010,8,Govt. arts college,17.2,Chennai
2010-08-25,2010,8,Chennai AP,16.3,Chennai
2010-08-25,2010,8,DGP Office,15.9,Chennai
2010-08-25,2010,8,MYLAPORE-TRIPLICANE TALUK,15.8,Chennai
2010-08-25,2010,8,Ambathur,10.0,Chennai
2010-08-26,2010,8,Ambathur,12.0,Chennai
2010-08-26,2010,8,Pachaiyappa college,1.2,Chennai
2010-08-26,2010,8,Govt. arts college,1.1,Chennai
2010-08-26,2010,8,Chennai nungambakkam,1.1,Chennai
2010-08-26,2010,8,Anna university,1.0,Chennai
2010-08-26,2010,8,MYLAPORE-TRIPLICANE TALUK,1.0,Chennai
2010-08-26,2010,8,DGP Office,0.9,Chennai
2010-08-26,2010,8,Chennai AP,0.9,Chennai
2010-08-30,2010,8,Ambathur,10.0,Chennai
2010-08-30,2010,8,Chennai AP,1.6,Chennai
2010-08-30,2010,8,MYLAPORE-TRIPLICANE TALUK,1.2,Chennai
2010-08-30,2010,8,Chennai nungambakkam,0.7,Chennai
2010-08-30,2010,8,DGP Office,0.5,Chennai
2010-08-30,2010,8,Pachaiyappa college,0.3,Chennai
2010-08-30,2010,8,Anna university,0.3,Chennai
2010-08-30,2010,8,Govt. arts college,0.2,Chennai
2010-08-31,2010,8,Chennai nungambakkam,29.9,Chennai
2010-08-31,2010,8,Pachaiyappa college,28.9,Chennai
2010-08-31,2010,8,Govt. arts college,5.7,Chennai
2010-08-31,2010,8,DGP Office,4.6,Chennai
2010-08-31,2010,8,MYLAPORE-TRIPLICANE TALUK,4.5,Chennai
2010-08-31,2010,8,Chennai AP,3.9,Chennai
2010-08-31,2010,8,Anna university,2.8,Chennai
2010-08-31,2010,8,Ambathur,1.0,Chennai
2010-09-03,2010,9,Ambathur,29.0,Chennai
2010-09-03,2010,9,Chennai nungambakkam,14.6,Chennai
2010-09-03,2010,9,DGP Office,6.3,Chennai
2010-09-03,2010,9,Chennai AP,5.7,Chennai
2010-09-03,2010,9,Anna university,5.2,Chennai
2010-09-03,2010,9,MYLAPORE-TRIPLICANE TALUK,4.9,Chennai
2010-09-03,2010,9,Govt. arts college,4.7,Chennai
2010-09-03,2010,9,Pachaiyappa college,3.9,Chennai
2010-09-04,2010,9,Ambathur,2.0,Chennai
2010-09-04,2010,9,Chennai nungambakkam,0.8,Chennai
2010-09-04,2010,9,Pachaiyappa college,0.7,Chennai
2010-09-04,2010,9,Anna university,0.2,Chennai
2010-09-04,2010,9,MYLAPORE-TRIPLICANE TALUK,0.2,Chennai
2010-09-04,2010,9,Chennai AP,0.2,Chennai
2010-09-04,2010,9,DGP Office,0.1,Chennai
2010-09-04,2010,9,Govt. arts college,0.1,Chennai
2010-09-05,2010,9,Pachaiyappa college,22.4,Chennai
2010-09-05,2010,9,Chennai nungambakkam,22.4,Chennai
2010-09-05,2010,9,Chennai AP,19.4,Chennai
2010-09-05,2010,9,Anna university,18.7,Chennai
2010-09-05,2010,9,MYLAPORE-TRIPLICANE TALUK,18.1,Chennai
2010-09-05,2010,9,Govt. arts college,17.9,Chennai
2010-09-05,2010,9,DGP Office,17.8,Chennai
2010-09-05,2010,9,Ambathur,2.0,Chennai
2010-09-06,2010,9,Pachaiyappa college,3.7,Chennai
2010-09-06,2010,9,Chennai nungambakkam,3.7,Chennai
2010-09-06,2010,9,MYLAPORE-TRIPLICANE TALUK,3.3,Chennai
2010-09-06,2010,9,Chennai AP,3.3,Chennai
2010-09-06,2010,9,Anna university,3.1,Chennai
2010-09-06,2010,9,Govt. arts college,3.1,Chennai
2010-09-06,2010,9,DGP Office,3.0,Chennai
2010-09-10,2010,9,Ambathur,100.0,Chennai
2010-09-10,2010,9,Chennai nungambakkam,10.1,Chennai
2010-09-10,2010,9,Pachaiyappa college,10.0,Chennai
2010-09-10,2010,9,Chennai AP,8.7,Chennai
2010-09-10,2010,9,Anna university,7.9,Chennai
2010-09-10,2010,9,MYLAPORE-TRIPLICANE TALUK,7.9,Chennai
2010-09-10,2010,9,DGP Office,7.3,Chennai
2010-09-10,2010,9,Govt. arts college,6.1,Chennai
2010-09-11,2010,9,Chennai AP,43.2,Chennai
2010-09-11,2010,9,Anna university,10.9,Chennai
2010-09-11,2010,9,Govt. arts college,10.9,Chennai
2010-09-11,2010,9,MYLAPORE-TRIPLICANE TALUK,10.4,Chennai
2010-09-11,2010,9,DGP Office,9.8,Chennai
2010-09-11,2010,9,Pachaiyappa college,5.9,Chennai
2010-09-11,2010,9,Chennai nungambakkam,5.9,Chennai
2010-09-11,2010,9,Ambathur,2.0,Chennai
2010-09-12,2010,9,Ambathur,1.0,Chennai
2010-09-13,2010,9,Chennai nungambakkam,43.0,Chennai
2010-09-13,2010,9,Pachaiyappa college,42.7,Chennai
2010-09-13,2010,9,DGP Office,31.0,Chennai
2010-09-13,2010,9,MYLAPORE-TRIPLICANE TALUK,29.2,Chennai
2010-09-13,2010,9,Anna university,29.1,Chennai
2010-09-13,2010,9,Govt. arts college,27.0,Chennai
2010-09-13,2010,9,Chennai AP,25.2,Chennai
2010-09-14,2010,9,Chennai AP,24.6,Chennai
2010-09-14,2010,9,DGP Office,13.9,Chennai
2010-09-14,2010,9,Anna university,13.8,Chennai
2010-09-14,2010,9,MYLAPORE-TRIPLICANE TALUK,13.2,Chennai
2010-09-14,2010,9,Govt. arts college,7.3,Chennai
2010-09-14,2010,9,Chennai nungambakkam,2.7,Chennai
2010-09-14,2010,9,Pachaiyappa college,2.6,Chennai
2010-09-14,2010,9,Ambathur,1.0,Chennai
2010-09-18,2010,9,Ambathur,14.0,Chennai
2010-09-18,2010,9,Chennai nungambakkam,0.2,Chennai
2010-09-27,2010,9,Ambathur,28.0,Chennai
2010-09-27,2010,9,Chennai AP,14.8,Chennai
2010-09-27,2010,9,MYLAPORE-TRIPLICANE TALUK,12.4,Chennai
2010-09-27,2010,9,Anna university,12.3,Chennai
2010-09-27,2010,9,DGP Office,12.1,Chennai
2010-09-27,2010,9,Pachaiyappa college,11.2,Chennai
2010-09-27,2010,9,Govt. arts college,11.2,Chennai
2010-09-27,2010,9,Chennai nungambakkam,11.2,Chennai
2010-09-28,2010,9,Chennai nungambakkam,5.5,Chennai
2010-09-28,2010,9,Pachaiyappa college,5.1,Chennai
2010-10-01,2010,10,Govt. arts college,0.5,Chennai
2010-10-01,2010,10,MYLAPORE-TRIPLICANE TALUK,0.3,Chennai
2010-10-01,2010,10,Pachaiyappa college,0.2,Chennai
2010-10-01,2010,10,DGP Office,0.2,Chennai
2010-10-02,2010,10,Anna university,3.6,Chennai
2010-10-02,2010,10,DGP Office,1.8,Chennai
2010-10-02,2010,10,MYLAPORE-TRIPLICANE TALUK,1.5,Chennai
2010-10-02,2010,10,Ambathur,1.0,Chennai
2010-10-02,2010,10,Chennai nungambakkam,0.7,Chennai
2010-10-02,2010,10,Govt. arts college,0.6,Chennai
2010-10-02,2010,10,Pachaiyappa college,0.5,Chennai
2010-10-02,2010,10,Chennai AP,0.1,Chennai
2010-10-03,2010,10,Chennai AP,20.5,Chennai
2010-10-03,2010,10,Ambathur,18.0,Chennai
2010-10-03,2010,10,Govt. arts college,16.3,Chennai
2010-10-03,2010,10,Anna university,16.2,Chennai
2010-10-03,2010,10,MYLAPORE-TRIPLICANE TALUK,16.1,Chennai
2010-10-03,2010,10,DGP Office,15.5,Chennai
2010-10-03,2010,10,Pachaiyappa college,11.1,Chennai
2010-10-03,2010,10,Chennai nungambakkam,11.1,Chennai
2010-10-04,2010,10,Ambathur,1.0,Chennai
2010-10-04,2010,10,Pachaiyappa college,0.1,Chennai
2010-10-04,2010,10,Anna university,0.1,Chennai
2010-10-04,2010,10,MYLAPORE-TRIPLICANE TALUK,0.1,Chennai
2010-10-04,2010,10,Govt. arts college,0.1,Chennai
2010-10-04,2010,10,Chennai nungambakkam,0.1,Chennai
2010-10-04,2010,10,Chennai AP,0.1,Chennai
2010-10-06,2010,10,DGP Office,19.8,Chennai
2010-10-06,2010,10,Chennai nungambakkam,19.4,Chennai
2010-10-06,2010,10,MYLAPORE-TRIPLICANE TALUK,19.2,Chennai
2010-10-06,2010,10,Pachaiyappa college,19.1,Chennai
2010-10-06,2010,10,Ambathur,18.0,Chennai
2010-10-06,2010,10,Govt. arts college,17.8,Chennai
2010-10-06,2010,10,Anna university,9.4,Chennai
2010-10-06,2010,10,Chennai AP,7.3,Chennai
2010-10-07,2010,10,Chennai nungambakkam,11.1,Chennai
2010-10-07,2010,10,Chennai AP,1.8,Chennai
2010-10-07,2010,10,Anna university,1.7,Chennai
2010-10-07,2010,10,MYLAPORE-TRIPLICANE TALUK,1.7,Chennai
2010-10-07,2010,10,DGP Office,1.7,Chennai
2010-10-07,2010,10,Govt. arts college,1.2,Chennai
2010-10-07,2010,10,Pachaiyappa college,1.1,Chennai
2010-10-07,2010,10,Ambathur,1.0,Chennai
2010-10-17,2010,10,Ambathur,9.0,Chennai
2010-10-17,2010,10,Pachaiyappa college,4.0,Chennai
2010-10-17,2010,10,Chennai nungambakkam,4.0,Chennai
2010-10-17,2010,10,Chennai AP,3.4,Chennai
2010-10-17,2010,10,DGP Office,3.1,Chennai
2010-10-17,2010,10,Anna university,3.0,Chennai
2010-10-17,2010,10,MYLAPORE-TRIPLICANE TALUK,3.0,Chennai
2010-10-17,2010,10,Govt. arts college,2.0,Chennai
2010-10-20,2010,10,Pachaiyappa college,41.2,Chennai
2010-10-20,2010,10,Chennai nungambakkam,41.2,Chennai
2010-10-20,2010,10,Govt. arts college,26.0,Chennai
2010-10-20,2010,10,Chennai AP,25.8,Chennai
2010-10-20,2010,10,DGP Office,25.3,Chennai
2010-10-20,2010,10,MYLAPORE-TRIPLICANE TALUK,25.1,Chennai
2010-10-20,2010,10,Anna university,25.0,Chennai
2010-10-24,2010,10,Chennai nungambakkam,1.4,Chennai
2010-10-24,2010,10,Pachaiyappa college,1.3,Chennai
2010-10-24,2010,10,Govt. arts college,0.9,Chennai
2010-10-27,2010,10,Chennai AP,2.6,Chennai
2010-10-27,2010,10,DGP Office,1.2,Chennai
2010-10-27,2010,10,Govt. arts college,1.2,Chennai
2010-10-27,2010,10,Anna university,1.0,Chennai
2010-10-27,2010,10,MYLAPORE-TRIPLICANE TALUK,1.0,Chennai
2010-10-27,2010,10,Pachaiyappa college,0.3,Chennai
2010-10-27,2010,10,Chennai nungambakkam,0.3,Chennai
2010-10-28,2010,10,Chennai AP,10.8,Chennai
2010-10-28,2010,10,Anna university,5.2,Chennai
2010-10-28,2010,10,MYLAPORE-TRIPLICANE TALUK,5.1,Chennai
2010-10-28,2010,10,DGP Office,5.1,Chennai
2010-10-28,2010,10,Govt. arts college,4.1,Chennai
2010-10-28,2010,10,Chennai nungambakkam,3.2,Chennai
2010-10-28,2010,10,Pachaiyappa college,3.1,Chennai
2010-10-29,2010,10,Chennai nungambakkam,63.3,Chennai
2010-10-29,2010,10,Pachaiyappa college,62.7,Chennai
2010-10-29,2010,10,Govt. arts college,37.6,Chennai
2010-10-29,2010,10,Anna university,33.8,Chennai
2010-10-29,2010,10,DGP Office,28.1,Chennai
2010-10-29,2010,10,MYLAPORE-TRIPLICANE TALUK,26.0,Chennai
2010-10-29,2010,10,Chennai AP,20.4,Chennai
2010-10-30,2010,10,Chennai AP,64.3,Chennai
2010-10-30,2010,10,Anna university,52.1,Chennai
2010-10-30,2010,10,Chennai nungambakkam,46.8,Chennai
2010-10-30,2010,10,Pachaiyappa college,46.1,Chennai
2010-10-30,2010,10,DGP Office,37.1,Chennai
2010-10-30,2010,10,MYLAPORE-TRIPLICANE TALUK,35.0,Chennai
2010-10-30,2010,10,Govt. arts college,34.8,Chennai
2010-10-31,2010,10,Chennai nungambakkam,6.8,Chennai
2010-10-31,2010,10,Pachaiyappa college,6.1,Chennai
2010-10-31,2010,10,Chennai AP,5.2,Chennai
2010-10-31,2010,10,Anna university,4.1,Chennai
2010-10-31,2010,10,DGP Office,4.1,Chennai
2010-10-31,2010,10,Govt. arts college,4.0,Chennai
2010-10-31,2010,10,MYLAPORE-TRIPLICANE TALUK,3.9,Chennai
2010-11-02,2010,11,Chennai nungambakkam,24.2,Chennai
2010-11-02,2010,11,Pachaiyappa college,24.1,Chennai
2010-11-02,2010,11,DGP Office,17.1,Chennai
2010-11-02,2010,11,MYLAPORE-TRIPLICANE TALUK,17.0,Chennai
2010-11-02,2010,11,Govt. arts college,13.8,Chennai
2010-11-02,2010,11,Anna university,10.1,Chennai
2010-11-02,2010,11,Chennai AP,6.2,Chennai
2010-11-03,2010,11,Chennai nungambakkam,1.8,Chennai
2010-11-03,2010,11,Pachaiyappa college,1.0,Chennai
2010-11-04,2010,11,Chennai AP,4.8,Chennai
2010-11-04,2010,11,Anna university,1.9,Chennai
2010-11-04,2010,11,Chennai nungambakkam,1.8,Chennai
2010-11-04,2010,11,MYLAPORE-TRIPLICANE TALUK,1.3,Chennai
2010-11-04,2010,11,DGP Office,1.3,Chennai
2010-11-04,2010,11,Pachaiyappa college,1.2,Chennai
2010-11-04,2010,11,Govt. arts college,0.9,Chennai
2010-11-05,2010,11,Ambathur,9.0,Chennai
2010-11-05,2010,11,Chennai nungambakkam,3.8,Chennai
2010-11-05,2010,11,Pachaiyappa college,3.7,Chennai
2010-11-05,2010,11,MYLAPORE-TRIPLICANE TALUK,1.4,Chennai
2010-11-05,2010,11,Chennai AP,1.4,Chennai
2010-11-05,2010,11,Govt. arts college,1.1,Chennai
2010-11-05,2010,11,Anna university,1.0,Chennai
2010-11-05,2010,11,DGP Office,1.0,Chennai
2010-11-06,2010,11,Chennai AP,5.0,Chennai
2010-11-06,2010,11,Anna university,4.0,Chennai
2010-11-06,2010,11,Pachaiyappa college,3.8,Chennai
2010-11-06,2010,11,Chennai nungambakkam,3.8,Chennai
2010-11-06,2010,11,MYLAPORE-TRIPLICANE TALUK,3.6,Chennai
2010-11-06,2010,11,DGP Office,3.0,Chennai
2010-11-06,2010,11,Govt. arts college,2.9,Chennai
2010-11-07,2010,11,Chennai nungambakkam,22.8,Chennai
2010-11-07,2010,11,Pachaiyappa college,22.3,Chennai
2010-11-07,2010,11,DGP Office,21.4,Chennai
2010-11-07,2010,11,Chennai AP,21.4,Chennai
2010-11-07,2010,11,MYLAPORE-TRIPLICANE TALUK,21.1,Chennai
2010-11-07,2010,11,Anna university,21.0,Chennai
2010-11-07,2010,11,Govt. arts college,20.0,Chennai
2010-11-08,2010,11,Anna university,49.2,Chennai
2010-11-08,2010,11,Chennai nungambakkam,47.3,Chennai
2010-11-08,2010,11,Pachaiyappa college,47.1,Chennai
2010-11-08,2010,11,Chennai AP,44.8,Chennai
2010-11-08,2010,11,Govt. arts college,37.8,Chennai
2010-11-08,2010,11,DGP Office,35.1,Chennai
2010-11-08,2010,11,MYLAPORE-TRIPLICANE TALUK,32.0,Chennai
2010-11-10,2010,11,Chennai AP,2.6,Chennai
2010-11-10,2010,11,Anna university,1.6,Chennai
2010-11-10,2010,11,Govt. arts college,1.3,Chennai
2010-11-10,2010,11,DGP Office,1.2,Chennai
2010-11-10,2010,11,MYLAPORE-TRIPLICANE TALUK,1.1,Chennai
2010-11-11,2010,11,Chennai nungambakkam,9.4,Chennai
2010-11-11,2010,11,Pachaiyappa college,9.3,Chennai
2010-11-11,2010,11,MYLAPORE-TRIPLICANE TALUK,2.1,Chennai
2010-11-11,2010,11,DGP Office,2.1,Chennai
2010-11-11,2010,11,Govt. arts college,1.4,Chennai
2010-11-11,2010,11,Anna university,1.0,Chennai
2010-11-11,2010,11,Chennai AP,1.0,Chennai
2010-11-12,2010,11,Chennai AP,2.2,Chennai
2010-11-12,2010,11,Anna university,1.0,Chennai
2010-11-12,2010,11,MYLAPORE-TRIPLICANE TALUK,1.0,Chennai
2010-11-12,2010,11,DGP Office,1.0,Chennai
2010-11-12,2010,11,Chennai nungambakkam,0.2,Chennai
2010-11-12,2010,11,Pachaiyappa college,0.1,Chennai
2010-11-14,2010,11,Chennai nungambakkam,0.6,Chennai
2010-11-14,2010,11,Pachaiyappa college,0.5,Chennai
2010-11-15,2010,11,Chennai nungambakkam,1.5,Chennai
2010-11-15,2010,11,Pachaiyappa college,1.4,Chennai
2010-11-16,2010,11,Chennai AP,8.5,Chennai
2010-11-16,2010,11,Anna university,7.3,Chennai
2010-11-16,2010,11,DGP Office,7.3,Chennai
2010-11-16,2010,11,MYLAPORE-TRIPLICANE TALUK,7.1,Chennai
2010-11-16,2010,11,Govt. arts college,6.3,Chennai
2010-11-16,2010,11,Pachaiyappa college,6.2,Chennai
2010-11-16,2010,11,Chennai nungambakkam,6.2,Chennai
2010-11-17,2010,11,Chennai nungambakkam,52.4,Chennai
2010-11-17,2010,11,Pachaiyappa college,51.0,Chennai
2010-11-17,2010,11,Chennai AP,46.5,Chennai
2010-11-17,2010,11,Govt. arts college,45.6,Chennai
2010-11-17,2010,11,Anna university,45.0,Chennai
2010-11-17,2010,11,DGP Office,45.0,Chennai
2010-11-17,2010,11,MYLAPORE-TRIPLICANE TALUK,43.0,Chennai
2010-11-18,2010,11,Chennai AP,15.4,Chennai
2010-11-18,2010,11,DGP Office,14.9,Chennai
2010-11-18,2010,11,Anna university,14.3,Chennai
2010-11-18,2010,11,MYLAPORE-TRIPLICANE TALUK,13.9,Chennai
2010-11-18,2010,11,Govt. arts college,12.8,Chennai
2010-11-18,2010,11,Pachaiyappa college,8.9,Chennai
2010-11-18,2010,11,Chennai nungambakkam,8.7,Chennai
2010-11-19,2010,11,Chennai AP,5.7,Chennai
2010-11-19,2010,11,Anna university,2.1,Chennai
2010-11-19,2010,11,DGP Office,2.0,Chennai
2010-11-19,2010,11,MYLAPORE-TRIPLICANE TALUK,1.8,Chennai
2010-11-19,2010,11,Pachaiyappa college,0.1,Chennai
2010-11-19,2010,11,Govt. arts college,0.1,Chennai
2010-11-19,2010,11,Chennai nungambakkam,0.1,Chennai
2010-11-20,2010,11,Pachaiyappa college,11.4,Chennai
2010-11-20,2010,11,Chennai nungambakkam,11.4,Chennai
2010-11-20,2010,11,Chennai AP,8.6,Chennai
2010-11-20,2010,11,Govt. arts college,8.1,Chennai
2010-11-20,2010,11,MYLAPORE-TRIPLICANE TALUK,7.3,Chennai
2010-11-20,2010,11,DGP Office,7.3,Chennai
2010-11-20,2010,11,Anna university,7.1,Chennai
2010-11-21,2010,11,Chennai nungambakkam,39.7,Chennai
2010-11-21,2010,11,Chennai AP,38.9,Chennai
2010-11-21,2010,11,MYLAPORE-TRIPLICANE TALUK,36.0,Chennai
2010-11-21,2010,11,DGP Office,35.5,Chennai
2010-11-21,2010,11,Govt. arts college,35.0,Chennai
2010-11-21,2010,11,Pachaiyappa college,34.5,Chennai
2010-11-21,2010,11,Anna university,33.0,Chennai
2010-11-22,2010,11,Chennai nungambakkam,19.8,Chennai
2010-11-22,2010,11,Pachaiyappa college,19.1,Chennai
2010-11-22,2010,11,Chennai AP,16.5,Chennai
2010-11-22,2010,11,DGP Office,16.1,Chennai
2010-11-22,2010,11,Anna university,15.8,Chennai
2010-11-22,2010,11,MYLAPORE-TRIPLICANE TALUK,15.7,Chennai
2010-11-22,2010,11,Govt. arts college,15.7,Chennai
2010-11-23,2010,11,Pachaiyappa college,0.2,Chennai
2010-11-23,2010,11,Anna university,0.2,Chennai
2010-11-23,2010,11,MYLAPORE-TRIPLICANE TALUK,0.2,Chennai
2010-11-23,2010,11,Chennai nungambakkam,0.2,Chennai
2010-11-23,2010,11,Chennai AP,0.2,Chennai
2010-11-23,2010,11,DGP Office,0.1,Chennai
2010-11-24,2010,11,Chennai AP,5.2,Chennai
2010-11-24,2010,11,Anna university,3.9,Chennai
2010-11-24,2010,11,DGP Office,3.9,Chennai
2010-11-24,2010,11,Chennai nungambakkam,3.8,Chennai
2010-11-24,2010,11,Pachaiyappa college,3.7,Chennai
2010-11-24,2010,11,MYLAPORE-TRIPLICANE TALUK,3.2,Chennai
2010-11-24,2010,11,Govt. arts college,3.2,Chennai
2010-11-26,2010,11,Chennai AP,4.9,Chennai
2010-11-26,2010,11,Pachaiyappa college,4.8,Chennai
2010-11-26,2010,11,DGP Office,4.8,Chennai
2010-11-26,2010,11,Chennai nungambakkam,4.8,Chennai
2010-11-26,2010,11,MYLAPORE-TRIPLICANE TALUK,4.3,Chennai
2010-11-26,2010,11,Anna university,3.9,Chennai
2010-11-26,2010,11,Govt. arts college,3.9,Chennai
2010-11-27,2010,11,Chennai nungambakkam,9.7,Chennai
2010-11-27,2010,11,Pachaiyappa college,9.3,Chennai
2010-11-27,2010,11,Anna university,7.6,Chennai
2010-11-27,2010,11,DGP Office,7.6,Chennai
2010-11-27,2010,11,Govt. arts college,6.7,Chennai
2010-11-27,2010,11,MYLAPORE-TRIPLICANE TALUK,6.1,Chennai
2010-11-27,2010,11,Chennai AP,4.5,Chennai
2010-11-28,2010,11,Chennai AP,0.2,Chennai
2010-12-01,2010,12,Chennai AP,13.7,Chennai
2010-12-01,2010,12,Anna university,12.0,Chennai
2010-12-01,2010,12,DGP Office,11.6,Chennai
2010-12-01,2010,12,MYLAPORE-TRIPLICANE TALUK,11.4,Chennai
2010-12-01,2010,12,Govt. arts college,7.6,Chennai
2010-12-01,2010,12,Chennai nungambakkam,5.7,Chennai
2010-12-01,2010,12,Pachaiyappa college,5.1,Chennai
2010-12-02,2010,12,Pachaiyappa college,53.3,Chennai
2010-12-02,2010,12,Chennai nungambakkam,53.3,Chennai
2010-12-02,2010,12,DGP Office,48.9,Chennai
2010-12-02,2010,12,Anna university,45.1,Chennai
2010-12-02,2010,12,Chennai AP,45.0,Chennai
2010-12-02,2010,12,Govt. arts college,43.0,Chennai
2010-12-02,2010,12,MYLAPORE-TRIPLICANE TALUK,40.0,Chennai
2010-12-03,2010,12,Chennai nungambakkam,0.7,Chennai
2010-12-05,2010,12,Chennai AP,12.3,Chennai
2010-12-05,2010,12,Pachaiyappa college,11.5,Chennai
2010-12-05,2010,12,MYLAPORE-TRIPLICANE TALUK,11.3,Chennai
2010-12-05,2010,12,Chennai nungambakkam,11.3,Chennai
2010-12-05,2010,12,DGP Office,11.1,Chennai
2010-12-05,2010,12,Anna university,11.0,Chennai
2010-12-05,2010,12,Govt. arts college,11.0,Chennai
2010-12-06,2010,12,Anna university,106.0,Chennai
2010-12-06,2010,12,DGP Office,105.7,Chennai
2010-12-06,2010,12,Govt. arts college,105.7,Chennai
2010-12-06,2010,12,MYLAPORE-TRIPLICANE TALUK,105.0,Chennai
2010-12-06,2010,12,Chennai AP,104.4,Chennai
2010-12-06,2010,12,Pachaiyappa college,101.0,Chennai
2010-12-06,2010,12,Chennai nungambakkam,99.4,Chennai
2010-12-07,2010,12,Anna university,57.2,Chennai
2010-12-07,2010,12,Pachaiyappa college,48.7,Chennai
2010-12-07,2010,12,Chennai nungambakkam,48.7,Chennai
2010-12-07,2010,12,MYLAPORE-TRIPLICANE TALUK,48.0,Chennai
2010-12-07,2010,12,DGP Office,47.5,Chennai
2010-12-07,2010,12,Govt. arts college,42.6,Chennai
2010-12-07,2010,12,Chennai AP,36.2,Chennai
2010-12-08,2010,12,Chennai nungambakkam,24.6,Chennai
2010-12-08,2010,12,Pachaiyappa college,24.5,Chennai
2010-12-08,2010,12,Chennai AP,17.8,Chennai
2010-12-08,2010,12,Govt. arts college,16.9,Chennai
2010-12-08,2010,12,DGP Office,16.7,Chennai
2010-12-08,2010,12,Anna university,16.4,Chennai
2010-12-08,2010,12,MYLAPORE-TRIPLICANE TALUK,15.7,Chennai
2010-12-15,2010,12,Chennai AP,7.6,Chennai
2010-12-15,2010,12,Anna university,2.0,Chennai
2010-12-15,2010,12,DGP Office,1.9,Chennai
2010-12-15,2010,12,MYLAPORE-TRIPLICANE TALUK,1.5,Chennai
2010-12-15,2010,12,Govt. arts college,1.4,Chennai
2010-12-15,2010,12,Chennai nungambakkam,0.8,Chennai
2010-12-15,2010,12,Pachaiyappa college,0.7,Chennai
2010-12-16,2010,12,Chennai AP,0.2,Chennai
2010-12-17,2010,12,Chennai nungambakkam,26.6,Chennai
2010-12-17,2010,12,Pachaiyappa college,26.1,Chennai
2010-12-17,2010,12,Govt. arts college,20.1,Chennai
2010-12-17,2010,12,MYLAPORE-TRIPLICANE TALUK,19.7,Chennai
2010-12-17,2010,12,Anna university,17.8,Chennai
2010-12-17,2010,12,DGP Office,17.2,Chennai
2010-12-17,2010,12,Chennai AP,17.0,Chennai
2010-12-18,2010,12,Chennai AP,0.9,Chennai
2010-12-18,2010,12,Anna university,0.2,Chennai
2010-12-20,2010,12,Chennai nungambakkam,7.0,Chennai
2010-12-20,2010,12,Pachaiyappa college,6.9,Chennai
2010-12-20,2010,12,Anna university,1.7,Chennai
2010-12-20,2010,12,MYLAPORE-TRIPLICANE TALUK,1.7,Chennai
2010-12-20,2010,12,DGP Office,1.4,Chennai
2010-12-20,2010,12,Chennai AP,1.4,Chennai
2010-12-20,2010,12,Govt. arts college,1.3,Chennai
2010-12-21,2010,12,Chennai nungambakkam,6.8,Chennai
2010-12-21,2010,12,Pachaiyappa college,6.4,Chennai
2010-12-21,2010,12,Anna university,5.0,Chennai
2010-12-21,2010,12,DGP Office,4.0,Chennai
2010-12-21,2010,12,MYLAPORE-TRIPLICANE TALUK,1.2,Chennai
2010-12-29,2010,12,Pachaiyappa college,2.0,Chennai
2010-12-29,2010,12,Chennai AP,0.4,Chennai
2010-12-29,2010,12,Chennai nungambakkam,0.2,Chennai
2011-01-03,2011,1,Chennai AP,18.8,Chennai
2011-01-03,2011,1,DGP Office,12.7,Chennai
2011-01-03,2011,1,Anna university,12.5,Chennai
2011-01-03,2011,1,MYLAPORE-TRIPLICANE TALUK,11.1,Chennai
2011-01-03,2011,1,Govt. arts college,11.0,Chennai
2011-01-03,2011,1,Chennai nungambakkam,10.3,Chennai
2011-01-03,2011,1,Pachaiyappa college,10.2,Chennai
2011-01-04,2011,1,Chennai nungambakkam,0.5,Chennai
2011-02-22,2011,2,Chennai AP,22.1,Chennai
2011-02-22,2011,2,Ambathur,15.0,Chennai
2011-02-22,2011,2,Anna university,13.0,Chennai
2011-02-22,2011,2,MYLAPORE-TRIPLICANE TALUK,6.0,Chennai
2011-02-22,2011,2,DGP Office,6.0,Chennai
2011-02-22,2011,2,Chennai nungambakkam,6.0,Chennai
2011-02-22,2011,2,Pachaiyappa college,5.9,Chennai
2011-02-22,2011,2,Govt. arts college,2.0,Chennai
2011-02-23,2011,2,Chennai nungambakkam,81.2,Chennai
2011-02-23,2011,2,Ambathur,48.0,Chennai
2011-02-23,2011,2,Chennai AP,11.1,Chennai
2011-02-23,2011,2,Anna university,8.2,Chennai
2011-02-23,2011,2,DGP Office,7.3,Chennai
2011-02-23,2011,2,Pachaiyappa college,7.23,Chennai
2011-02-23,2011,2,MYLAPORE-TRIPLICANE TALUK,6.7,Chennai
2011-02-23,2011,2,Govt. arts college,6.5,Chennai
2011-02-24,2011,2,Ambathur,4.0,Chennai
2011-02-24,2011,2,Chennai nungambakkam,1.7,Chennai
2011-02-24,2011,2,Pachaiyappa college,1.6,Chennai
2011-02-24,2011,2,Govt. arts college,1.5,Chennai
2011-02-24,2011,2,Anna university,1.0,Chennai
2011-02-24,2011,2,MYLAPORE-TRIPLICANE TALUK,1.0,Chennai
2011-02-24,2011,2,DGP Office,1.0,Chennai
2011-04-22,2011,4,Ambathur,26.0,Chennai
2011-04-22,2011,4,Chennai AP,10.6,Chennai
2011-04-22,2011,4,Anna university,10.0,Chennai
2011-04-22,2011,4,MYLAPORE-TRIPLICANE TALUK,7.8,Chennai
2011-04-22,2011,4,Chennai nungambakkam,7.5,Chennai
2011-04-22,2011,4,Pachaiyappa college,7.4,Chennai
2011-04-22,2011,4,Govt. arts college,7.2,Chennai
2011-04-22,2011,4,DGP Office,7.0,Chennai
2011-04-23,2011,4,Ambathur,22.6,Chennai
2011-04-23,2011,4,Chennai AP,18.9,Chennai
2011-04-23,2011,4,Anna university,11.3,Chennai
2011-04-23,2011,4,MYLAPORE-TRIPLICANE TALUK,11.2,Chennai
2011-04-23,2011,4,Chennai nungambakkam,10.3,Chennai
2011-04-23,2011,4,Pachaiyappa college,10.2,Chennai
2011-04-23,2011,4,DGP Office,10.1,Chennai
2011-04-23,2011,4,Govt. arts college,10.1,Chennai
2011-04-24,2011,4,Chennai AP,2.0,Chennai
2011-04-24,2011,4,Pachaiyappa college,1.1,Chennai
2011-04-24,2011,4,Anna university,1.0,Chennai
2011-04-24,2011,4,MYLAPORE-TRIPLICANE TALUK,1.0,Chennai
2011-04-24,2011,4,Chennai port trust,1.0,Chennai
2011-04-24,2011,4,Chennai nungambakkam,1.0,Chennai
2011-05-21,2011,5,Chennai AP,24.8,Chennai
2011-05-21,2011,5,Chennai nungambakkam,12.6,Chennai
2011-05-21,2011,5,Pachaiyappa college,9.4,Chennai
2011-05-21,2011,5,MYLAPORE-TRIPLICANE TALUK,9.2,Chennai
2011-05-21,2011,5,DGP Office,8.9,Chennai
2011-05-21,2011,5,Anna university,8.5,Chennai
2011-05-21,2011,5,Govt. arts college,7.5,Chennai
2011-06-02,2011,6,Anna university,15.0,Chennai
2011-06-02,2011,6,MYLAPORE-TRIPLICANE TALUK,13.0,Chennai
2011-06-02,2011,6,DGP Office,12.0,Chennai
2011-06-02,2011,6,Govt. arts college,12.0,Chennai
2011-06-02,2011,6,Chennai nungambakkam,3.3,Chennai
2011-06-02,2011,6,Pachaiyappa college,2.9,Chennai
2011-06-02,2011,6,Chennai AP,2.0,Chennai
2011-06-07,2011,6,Chennai nungambakkam,75.0,Chennai
2011-06-07,2011,6,Pachaiyappa college,72.0,Chennai
2011-06-07,2011,6,Anna university,71.9,Chennai
2011-06-07,2011,6,MYLAPORE-TRIPLICANE TALUK,69.3,Chennai
2011-06-07,2011,6,Govt. arts college,69.1,Chennai
2011-06-07,2011,6,DGP Office,67.8,Chennai
2011-06-07,2011,6,Chennai AP,53.4,Chennai
2011-06-15,2011,6,Anna university,27.0,Chennai
2011-06-15,2011,6,Chennai nungambakkam,25.6,Chennai
2011-06-15,2011,6,Pachaiyappa college,25.0,Chennai
2011-06-15,2011,6,Govt. arts college,24.0,Chennai
2011-06-15,2011,6,MYLAPORE-TRIPLICANE TALUK,23.0,Chennai
2011-06-15,2011,6,DGP Office,21.4,Chennai
2011-06-15,2011,6,Chennai AP,21.0,Chennai
2011-06-17,2011,6,Chennai AP,0.2,Chennai
2011-06-24,2011,6,Pachaiyappa college,10.9,Chennai
2011-06-24,2011,6,Chennai nungambakkam,10.9,Chennai
2011-06-24,2011,6,Govt. arts college,7.0,Chennai
2011-06-24,2011,6,MYLAPORE-TRIPLICANE TALUK,5.6,Chennai
2011-06-24,2011,6,DGP Office,4.0,Chennai
2011-06-24,2011,6,Ambathur,3.4,Chennai
2011-06-24,2011,6,Anna university,2.0,Chennai
2011-06-24,2011,6,Chennai AP,2.0,Chennai
2011-06-27,2011,6,Chennai nungambakkam,3.0,Chennai
2011-06-27,2011,6,Pachaiyappa college,2.0,Chennai
2011-06-27,2011,6,DGP Office,1.8,Chennai
2011-06-27,2011,6,Chennai AP,1.6,Chennai
2011-06-27,2011,6,Anna university,1.0,Chennai
2011-06-27,2011,6,MYLAPORE-TRIPLICANE TALUK,1.0,Chennai
2011-06-27,2011,6,Govt. arts college,1.0,Chennai
2011-06-29,2011,6,Govt. arts college,0.2,Chennai
2011-06-29,2011,6,Chennai nungambakkam,0.2,Chennai
2011-06-29,2011,6,Pachaiyappa college,0.1,Chennai
2011-06-29,2011,6,MYLAPORE-TRIPLICANE TALUK,0.1,Chennai
2011-06-29,2011,6,DGP Office,0.1,Chennai
2011-07-02,2011,7,Chennai AP,11.0,Chennai
2011-07-02,2011,7,Anna university,8.0,Chennai
2011-07-02,2011,7,Pachaiyappa college,7.4,Chennai
2011-07-02,2011,7,MYLAPORE-TRIPLICANE TALUK,7.0,Chennai
2011-07-02,2011,7,DGP Office,7.0,Chennai
2011-07-02,2011,7,Chennai nungambakkam,7.0,Chennai
2011-07-02,2011,7,Govt. arts college,6.7,Chennai
2011-07-02,2011,7,Ambathur,5.0,Chennai
2011-07-03,2011,7,Chennai AP,37.7,Chennai
2011-07-03,2011,7,Pachaiyappa college,19.5,Chennai
2011-07-03,2011,7,Chennai nungambakkam,19.0,Chennai
2011-07-03,2011,7,DGP Office,18.9,Chennai
2011-07-03,2011,7,MYLAPORE-TRIPLICANE TALUK,18.2,Chennai
2011-07-03,2011,7,Govt. arts college,17.0,Chennai
2011-07-03,2011,7,Ambathur,12.0,Chennai
2011-07-04,2011,7,Chennai AP,0.2,Chennai
2011-07-05,2011,7,Chennai AP,19.2,Chennai
2011-07-05,2011,7,Anna university,9.7,Chennai
2011-07-05,2011,7,DGP Office,8.0,Chennai
2011-07-05,2011,7,MYLAPORE-TRIPLICANE TALUK,6.1,Chennai
2011-07-05,2011,7,Govt. arts college,5.0,Chennai
2011-07-05,2011,7,Chennai nungambakkam,2.6,Chennai
2011-07-05,2011,7,Pachaiyappa college,2.5,Chennai
2011-07-06,2011,7,Chennai AP,8.3,Chennai
2011-07-06,2011,7,Ambathur,1.4,Chennai
2011-07-06,2011,7,MYLAPORE-TRIPLICANE TALUK,1.2,Chennai
2011-07-06,2011,7,DGP Office,1.0,Chennai
2011-07-06,2011,7,Govt. arts college,1.0,Chennai
2011-07-07,2011,7,Ambathur,32.2,Chennai
2011-07-07,2011,7,Govt. arts college,16.4,Chennai
2011-07-07,2011,7,MYLAPORE-TRIPLICANE TALUK,15.3,Chennai
2011-07-07,2011,7,DGP Office,15.0,Chennai
2011-07-07,2011,7,Anna university,13.5,Chennai
2011-07-07,2011,7,Chennai nungambakkam,13.2,Chennai
2011-07-07,2011,7,Pachaiyappa college,12.8,Chennai
2011-07-14,2011,7,Pachaiyappa college,0.7,Chennai
2011-07-14,2011,7,Chennai nungambakkam,0.7,Chennai
2011-07-14,2011,7,Govt. arts college,0.6,Chennai
2011-07-14,2011,7,MYLAPORE-TRIPLICANE TALUK,0.2,Chennai
2011-07-15,2011,7,Chennai nungambakkam,0.1,Chennai
2011-07-17,2011,7,Chennai AP,2.6,Chennai
2011-07-17,2011,7,Anna university,1.6,Chennai
2011-07-17,2011,7,MYLAPORE-TRIPLICANE TALUK,1.5,Chennai
2011-07-17,2011,7,Chennai nungambakkam,0.1,Chennai
2011-07-19,2011,7,Chennai AP,1.2,Chennai
2011-07-19,2011,7,Anna university,1.0,Chennai
2011-07-20,2011,7,Chennai AP,12.8,Chennai
2011-07-20,2011,7,Anna university,8.0,Chennai
2011-07-20,2011,7,MYLAPORE-TRIPLICANE TALUK,7.5,Chennai
2011-07-20,2011,7,DGP Office,7.5,Chennai
2011-07-20,2011,7,Govt. arts college,2.5,Chennai
2011-07-20,2011,7,Pachaiyappa college,0.1,Chennai
2011-07-20,2011,7,Chennai nungambakkam,0.1,Chennai
2011-07-22,2011,7,Chennai AP,0.2,Chennai
2011-07-23,2011,7,Chennai AP,4.4,Chennai
2011-07-23,2011,7,Pachaiyappa college,4.0,Chennai
2011-07-23,2011,7,DGP Office,4.0,Chennai
2011-07-23,2011,7,Govt. arts college,3.9,Chennai
2011-07-23,2011,7,Chennai nungambakkam,3.9,Chennai
2011-07-23,2011,7,Anna university,3.0,Chennai
2011-07-23,2011,7,MYLAPORE-TRIPLICANE TALUK,2.8,Chennai
2011-07-24,2011,7,Pachaiyappa college,5.0,Chennai
2011-07-24,2011,7,Chennai nungambakkam,5.0,Chennai
2011-07-24,2011,7,Govt. arts college,3.0,Chennai
2011-07-24,2011,7,DGP Office,2.0,Chennai
2011-07-24,2011,7,MYLAPORE-TRIPLICANE TALUK,1.5,Chennai
2011-07-24,2011,7,Anna university,1.0,Chennai
2011-07-25,2011,7,Chennai nungambakkam,3.3,Chennai
2011-07-25,2011,7,Anna university,3.0,Chennai
2011-07-25,2011,7,Pachaiyappa college,2.0,Chennai
2011-07-25,2011,7,DGP Office,1.0,Chennai
2011-07-25,2011,7,MYLAPORE-TRIPLICANE TALUK,0.5,Chennai
2011-07-25,2011,7,Chennai AP,0.3,Chennai
2011-07-25,2011,7,Govt. arts college,0.2,Chennai
2011-07-27,2011,7,Chennai AP,28.4,Chennai
2011-07-27,2011,7,Anna university,24.3,Chennai
2011-07-27,2011,7,DGP Office,19.2,Chennai
2011-07-27,2011,7,Govt. arts college,19.0,Chennai
2011-07-27,2011,7,MYLAPORE-TRIPLICANE TALUK,16.0,Chennai
2011-07-27,2011,7,Pachaiyappa college,1.0,Chennai
2011-07-27,2011,7,Chennai nungambakkam,0.5,Chennai
2011-07-28,2011,7,DGP Office,16.0,Chennai
2011-07-28,2011,7,MYLAPORE-TRIPLICANE TALUK,15.5,Chennai
2011-07-28,2011,7,Chennai AP,15.5,Chennai
2011-07-28,2011,7,Govt. arts college,15.2,Chennai
2011-07-28,2011,7,Anna university,15.0,Chennai
2011-07-28,2011,7,Chennai nungambakkam,14.3,Chennai
2011-07-28,2011,7,Pachaiyappa college,14.0,Chennai
2011-07-31,2011,7,Chennai nungambakkam,1.6,Chennai
2011-07-31,2011,7,Pachaiyappa college,1.5,Chennai
2011-07-31,2011,7,Anna university,1.0,Chennai
2011-07-31,2011,7,DGP Office,1.0,Chennai
2011-07-31,2011,7,Govt. arts college,1.0,Chennai
2011-07-31,2011,7,MYLAPORE-TRIPLICANE TALUK,0.5,Chennai
2011-07-31,2011,7,Chennai AP,0.2,Chennai
2011-08-01,2011,8,Chennai AP,3.1,Chennai
2011-08-01,2011,8,DGP Office,3.0,Chennai
2011-08-01,2011,8,Chennai nungambakkam,2.3,Chennai
2011-08-01,2011,8,MYLAPORE-TRIPLICANE TALUK,2.1,Chennai
2011-08-01,2011,8,Pachaiyappa college,2.0,Chennai
2011-08-01,2011,8,Anna university,2.0,Chennai
2011-08-01,2011,8,Govt. arts college,2.0,Chennai
2011-08-03,2011,8,Chennai AP,0.4,Chennai
2011-08-05,2011,8,DGP Office,1.2,Chennai
2011-08-05,2011,8,Chennai nungambakkam,1.2,Chennai
2011-08-05,2011,8,Pachaiyappa college,1.0,Chennai
2011-08-05,2011,8,Anna university,1.0,Chennai
2011-08-05,2011,8,MYLAPORE-TRIPLICANE TALUK,1.0,Chennai
2011-08-05,2011,8,Govt. arts college,1.0,Chennai
2011-08-05,2011,8,Chennai AP,1.0,Chennai
2011-08-06,2011,8,Ambathur,42.0,Chennai
2011-08-06,2011,8,Chennai nungambakkam,9.9,Chennai
2011-08-06,2011,8,Pachaiyappa college,8.0,Chennai
2011-08-06,2011,8,Govt. arts college,7.0,Chennai
2011-08-06,2011,8,Anna university,6.7,Chennai
2011-08-06,2011,8,Chennai AP,5.9,Chennai
2011-08-06,2011,8,MYLAPORE-TRIPLICANE TALUK,5.0,Chennai
2011-08-06,2011,8,DGP Office,5.0,Chennai
2011-08-09,2011,8,Chennai AP,11.6,Chennai
2011-08-09,2011,8,Anna university,10.1,Chennai
2011-08-09,2011,8,DGP Office,10.1,Chennai
2011-08-09,2011,8,MYLAPORE-TRIPLICANE TALUK,9.5,Chennai
2011-08-09,2011,8,Chennai nungambakkam,2.6,Chennai
2011-08-09,2011,8,Pachaiyappa college,1.6,Chennai
2011-08-09,2011,8,Govt. arts college,1.5,Chennai
2011-08-10,2011,8,MYLAPORE-TRIPLICANE TALUK,1.1,Chennai
2011-08-10,2011,8,DGP Office,1.1,Chennai
2011-08-10,2011,8,Pachaiyappa college,1.0,Chennai
2011-08-10,2011,8,Anna university,1.0,Chennai
2011-08-10,2011,8,Govt. arts college,0.2,Chennai
2011-08-10,2011,8,Chennai AP,0.2,Chennai
2011-08-11,2011,8,Pachaiyappa college,19.0,Chennai
2011-08-11,2011,8,Chennai AP,18.2,Chennai
2011-08-11,2011,8,MYLAPORE-TRIPLICANE TALUK,18.0,Chennai
2011-08-11,2011,8,DGP Office,18.0,Chennai
2011-08-11,2011,8,Govt. arts college,15.1,Chennai
2011-08-12,2011,8,MYLAPORE-TRIPLICANE TALUK,0.2,Chennai
2011-08-12,2011,8,Anna university,0.1,Chennai
2011-08-12,2011,8,DGP Office,0.1,Chennai
2011-08-12,2011,8,Govt. arts college,0.1,Chennai
2011-08-16,2011,8,Chennai nungambakkam,2.7,Chennai
2011-08-16,2011,8,Pachaiyappa college,2.2,Chennai
2011-08-16,2011,8,Anna university,1.5,Chennai
2011-08-16,2011,8,Govt. arts college,1.5,Chennai
2011-08-16,2011,8,MYLAPORE-TRIPLICANE TALUK,1.0,Chennai
2011-08-16,2011,8,DGP Office,1.0,Chennai
2011-08-16,2011,8,Chennai AP,0.5,Chennai
2011-08-18,2011,8,Chennai AP,0.2,Chennai
2011-08-19,2011,8,Chennai nungambakkam,64.6,Chennai
2011-08-19,2011,8,Anna university,64.5,Chennai
2011-08-19,2011,8,Pachaiyappa college,64.2,Chennai
2011-08-19,2011,8,MYLAPORE-TRIPLICANE TALUK,63.0,Chennai
2011-08-19,2011,8,DGP Office,60.2,Chennai
2011-08-19,2011,8,Govt. arts college,60.1,Chennai
2011-08-19,2011,8,Chennai AP,20.5,Chennai
2011-08-21,2011,8,Chennai nungambakkam,72.2,Chennai
2011-08-21,2011,8,Pachaiyappa college,72.1,Chennai
2011-08-21,2011,8,Govt. arts college,69.1,Chennai
2011-08-21,2011,8,Chennai AP,57.9,Chennai
2011-08-21,2011,8,Anna university,56.2,Chennai
2011-08-21,2011,8,DGP Office,56.2,Chennai
2011-08-21,2011,8,MYLAPORE-TRIPLICANE TALUK,55.1,Chennai
2011-08-25,2011,8,DGP Office,160.1,Chennai
2011-08-25,2011,8,Chennai nungambakkam,156.2,Chennai
2011-08-25,2011,8,MYLAPORE-TRIPLICANE TALUK,155.8,Chennai
2011-08-25,2011,8,Pachaiyappa college,155.0,Chennai
2011-08-25,2011,8,Anna university,153.0,Chennai
2011-08-25,2011,8,Govt. arts college,133.1,Chennai
2011-08-25,2011,8,Chennai AP,16.3,Chennai
2011-08-26,2011,8,Anna university,9.6,Chennai
2011-08-26,2011,8,Chennai nungambakkam,7.6,Chennai
2011-08-26,2011,8,Pachaiyappa college,7.5,Chennai
2011-08-26,2011,8,DGP Office,7.2,Chennai
2011-08-26,2011,8,MYLAPORE-TRIPLICANE TALUK,7.1,Chennai
2011-08-26,2011,8,Chennai AP,6.8,Chennai
2011-08-26,2011,8,Govt. arts college,6.5,Chennai
2011-08-27,2011,8,Chennai AP,37.7,Chennai
2011-08-27,2011,8,Chennai nungambakkam,27.8,Chennai
2011-08-27,2011,8,Pachaiyappa college,27.1,Chennai
2011-08-27,2011,8,Govt. arts college,15.0,Chennai
2011-08-27,2011,8,DGP Office,11.3,Chennai
2011-08-27,2011,8,MYLAPORE-TRIPLICANE TALUK,11.2,Chennai
2011-08-27,2011,8,Anna university,7.3,Chennai
2011-08-28,2011,8,Anna university,13.4,Chennai
2011-08-28,2011,8,Chennai AP,10.9,Chennai
2011-08-28,2011,8,DGP Office,7.1,Chennai
2011-08-28,2011,8,MYLAPORE-TRIPLICANE TALUK,5.9,Chennai
2011-08-28,2011,8,Govt. arts college,4.0,Chennai
2011-08-28,2011,8,Chennai nungambakkam,0.1,Chennai
2011-08-31,2011,8,Chennai AP,0.5,Chennai
2011-09-02,2011,9,Chennai nungambakkam,5.6,Chennai
2011-09-02,2011,9,Pachaiyappa college,5.5,Chennai
2011-09-06,2011,9,Chennai AP,6.4,Chennai
2011-09-06,2011,9,Chennai nungambakkam,0.5,Chennai
2011-09-07,2011,9,Pachaiyappa college,28.0,Chennai
2011-09-07,2011,9,Govt. arts college,20.0,Chennai
2011-09-07,2011,9,DGP Office,13.2,Chennai
2011-09-07,2011,9,Anna university,12.2,Chennai
2011-09-07,2011,9,MYLAPORE-TRIPLICANE TALUK,12.2,Chennai
2011-09-07,2011,9,Chennai AP,10.2,Chennai
2011-09-09,2011,9,Chennai nungambakkam,17.5,Chennai
2011-09-09,2011,9,Pachaiyappa college,17.4,Chennai
2011-09-09,2011,9,Anna university,1.0,Chennai
2011-09-09,2011,9,Govt. arts college,1.0,Chennai
2011-09-10,2011,9,Anna university,3.8,Chennai
2011-09-10,2011,9,Govt. arts college,2.0,Chennai
2011-09-10,2011,9,Chennai nungambakkam,1.6,Chennai
2011-09-10,2011,9,Pachaiyappa college,1.4,Chennai
2011-09-10,2011,9,DGP Office,0.3,Chennai
2011-09-10,2011,9,MYLAPORE-TRIPLICANE TALUK,0.1,Chennai
2011-09-12,2011,9,Anna university,6.4,Chennai
2011-09-12,2011,9,MYLAPORE-TRIPLICANE TALUK,4.8,Chennai
2011-09-12,2011,9,DGP Office,4.5,Chennai
2011-09-12,2011,9,Chennai AP,1.6,Chennai
2011-09-12,2011,9,Pachaiyappa college,1.0,Chennai
2011-09-12,2011,9,Chennai nungambakkam,1.0,Chennai
2011-09-13,2011,9,Chennai AP,9.7,Chennai
2011-09-13,2011,9,Anna university,2.2,Chennai
2011-09-13,2011,9,Govt. arts college,1.0,Chennai
2011-09-14,2011,9,Pachaiyappa college,5.0,Chennai
2011-09-14,2011,9,Chennai nungambakkam,5.0,Chennai
2011-09-14,2011,9,Anna university,4.4,Chennai
2011-09-14,2011,9,MYLAPORE-TRIPLICANE TALUK,4.2,Chennai
2011-09-14,2011,9,DGP Office,3.9,Chennai
2011-09-14,2011,9,Chennai AP,0.5,Chennai
2011-09-16,2011,9,Chennai AP,22.8,Chennai
2011-09-16,2011,9,Anna university,15.8,Chennai
2011-09-16,2011,9,Chennai nungambakkam,1.6,Chennai
2011-09-16,2011,9,Pachaiyappa college,1.0,Chennai
2011-09-17,2011,9,Chennai nungambakkam,75.8,Chennai
2011-09-17,2011,9,Pachaiyappa college,70.1,Chennai
2011-09-17,2011,9,Anna university,24.8,Chennai
2011-09-17,2011,9,DGP Office,23.4,Chennai
2011-09-17,2011,9,MYLAPORE-TRIPLICANE TALUK,22.2,Chennai
2011-09-17,2011,9,Chennai AP,21.2,Chennai
2011-09-17,2011,9,Govt. arts college,16.2,Chennai
2011-09-18,2011,9,Chennai nungambakkam,38.8,Chennai
2011-09-18,2011,9,Pachaiyappa college,19.2,Chennai
2011-09-18,2011,9,Anna university,7.6,Chennai
2011-09-18,2011,9,Govt. arts college,6.0,Chennai
2011-09-18,2011,9,MYLAPORE-TRIPLICANE TALUK,5.8,Chennai
2011-09-18,2011,9,DGP Office,5.7,Chennai
2011-09-18,2011,9,Chennai AP,3.6,Chennai
2011-09-20,2011,9,Anna university,108.2,Chennai
2011-09-20,2011,9,Chennai AP,58.4,Chennai
2011-09-20,2011,9,MYLAPORE-TRIPLICANE TALUK,52.0,Chennai
2011-09-20,2011,9,Govt. arts college,52.0,Chennai
2011-09-20,2011,9,DGP Office,48.0,Chennai
2011-09-20,2011,9,Chennai nungambakkam,45.0,Chennai
2011-09-20,2011,9,Pachaiyappa college,43.1,Chennai
2011-09-21,2011,9,Anna university,1.6,Chennai
2011-09-21,2011,9,MYLAPORE-TRIPLICANE TALUK,1.4,Chennai
2011-09-21,2011,9,Chennai nungambakkam,1.4,Chennai
2011-09-21,2011,9,Pachaiyappa college,1.2,Chennai
2011-09-21,2011,9,DGP Office,1.2,Chennai
2011-09-29,2011,9,Anna university,64.8,Chennai
2011-09-29,2011,9,DGP Office,63.6,Chennai
2011-09-29,2011,9,MYLAPORE-TRIPLICANE TALUK,63.2,Chennai
2011-09-29,2011,9,Chennai nungambakkam,62.0,Chennai
2011-09-29,2011,9,Pachaiyappa college,61.0,Chennai
2011-09-29,2011,9,Chennai AP,32.3,Chennai
2011-09-29,2011,9,Govt. arts college,32.0,Chennai
2011-09-30,2011,9,Anna university,4.0,Chennai
2011-09-30,2011,9,Chennai AP,1.9,Chennai
2011-09-30,2011,9,Chennai nungambakkam,1.4,Chennai
2011-09-30,2011,9,Pachaiyappa college,1.3,Chennai
2011-09-30,2011,9,MYLAPORE-TRIPLICANE TALUK,1.2,Chennai
2011-09-30,2011,9,DGP Office,1.1,Chennai
2011-09-30,2011,9,Govt. arts college,1.0,Chennai
2011-10-03,2011,10,Chennai nungambakkam,0.9,Chennai
2011-10-03,2011,10,Anna university,0.6,Chennai
2011-10-03,2011,10,MYLAPORE-TRIPLICANE TALUK,0.3,Chennai
2011-10-03,2011,10,Chennai AP,0.3,Chennai
2011-10-03,2011,10,DGP Office,0.2,Chennai
2011-10-09,2011,10,Chennai AP,10.7,Chennai
2011-10-09,2011,10,Chennai nungambakkam,0.5,Chennai
2011-10-09,2011,10,Pachaiyappa college,0.2,Chennai
2011-10-12,2011,10,Chennai AP,25.6,Chennai
2011-10-12,2011,10,Anna university,4.4,Chennai
2011-10-12,2011,10,Chennai nungambakkam,3.4,Chennai
2011-10-12,2011,10,Pachaiyappa college,3.3,Chennai
2011-10-12,2011,10,DGP Office,1.3,Chennai
2011-10-12,2011,10,MYLAPORE-TRIPLICANE TALUK,1.2,Chennai
2011-10-12,2011,10,Govt. arts college,1.1,Chennai
2011-10-13,2011,10,Anna university,1.0,Chennai
2011-10-13,2011,10,DGP Office,0.4,Chennai
2011-10-13,2011,10,Chennai AP,0.4,Chennai
2011-10-13,2011,10,MYLAPORE-TRIPLICANE TALUK,0.3,Chennai
2011-10-15,2011,10,Chennai AP,0.5,Chennai
2011-10-18,2011,10,Anna university,19.0,Chennai
2011-10-18,2011,10,MYLAPORE-TRIPLICANE TALUK,18.0,Chennai
2011-10-18,2011,10,DGP Office,17.0,Chennai
2011-10-18,2011,10,Chennai AP,16.0,Chennai
2011-10-18,2011,10,Pachaiyappa college,8.6,Chennai
2011-10-18,2011,10,Chennai nungambakkam,8.6,Chennai
2011-10-18,2011,10,Govt. arts college,6.1,Chennai
2011-10-19,2011,10,Chennai AP,12.2,Chennai
2011-10-19,2011,10,Anna university,1.4,Chennai
2011-10-19,2011,10,DGP Office,1.2,Chennai
2011-10-19,2011,10,MYLAPORE-TRIPLICANE TALUK,1.0,Chennai
2011-10-24,2011,10,Chennai AP,41.9,Chennai
2011-10-24,2011,10,Anna university,31.8,Chennai
2011-10-24,2011,10,DGP Office,30.6,Chennai
2011-10-24,2011,10,MYLAPORE-TRIPLICANE TALUK,30.4,Chennai
2011-10-24,2011,10,Pachaiyappa college,20.1,Chennai
2011-10-24,2011,10,Govt. arts college,20.1,Chennai
2011-10-24,2011,10,Chennai nungambakkam,20.1,Chennai
2011-10-25,2011,10,Chennai nungambakkam,52.5,Chennai
2011-10-25,2011,10,Pachaiyappa college,52.2,Chennai
2011-10-25,2011,10,Chennai AP,37.2,Chennai
2011-10-25,2011,10,Anna university,35.2,Chennai
2011-10-25,2011,10,DGP Office,34.1,Chennai
2011-10-25,2011,10,MYLAPORE-TRIPLICANE TALUK,33.2,Chennai
2011-10-25,2011,10,Govt. arts college,30.1,Chennai
2011-10-26,2011,10,Pachaiyappa college,78.2,Chennai
2011-10-26,2011,10,Chennai nungambakkam,78.2,Chennai
2011-10-26,2011,10,Govt. arts college,31.5,Chennai
2011-10-26,2011,10,Chennai AP,30.4,Chennai
2011-10-26,2011,10,Anna university,27.1,Chennai
2011-10-26,2011,10,DGP Office,27.1,Chennai
2011-10-26,2011,10,MYLAPORE-TRIPLICANE TALUK,26.2,Chennai
2011-10-27,2011,10,Chennai AP,56.8,Chennai
2011-10-27,2011,10,Anna university,48.9,Chennai
2011-10-27,2011,10,MYLAPORE-TRIPLICANE TALUK,46.2,Chennai
2011-10-27,2011,10,DGP Office,45.4,Chennai
2011-10-27,2011,10,Chennai nungambakkam,42.8,Chennai
2011-10-27,2011,10,Pachaiyappa college,42.2,Chennai
2011-10-27,2011,10,Govt. arts college,35.5,Chennai
2011-10-28,2011,10,Chennai nungambakkam,2.9,Chennai
2011-10-28,2011,10,Pachaiyappa college,2.5,Chennai
2011-10-28,2011,10,DGP Office,2.5,Chennai
2011-10-28,2011,10,MYLAPORE-TRIPLICANE TALUK,1.9,Chennai
2011-10-28,2011,10,Govt. arts college,1.7,Chennai
2011-10-28,2011,10,Anna university,1.5,Chennai
2011-10-28,2011,10,Chennai AP,0.8,Chennai
2011-10-29,2011,10,Chennai AP,16.0,Chennai
2011-10-29,2011,10,Anna university,5.9,Chennai
2011-10-29,2011,10,Chennai nungambakkam,5.8,Chennai
2011-10-29,2011,10,Pachaiyappa college,5.7,Chennai
2011-10-29,2011,10,MYLAPORE-TRIPLICANE TALUK,5.6,Chennai
2011-10-29,2011,10,Govt. arts college,5.2,Chennai
2011-10-29,2011,10,DGP Office,5.1,Chennai
2011-10-30,2011,10,Chennai nungambakkam,44.2,Chennai
2011-10-30,2011,10,Pachaiyappa college,44.0,Chennai
2011-10-30,2011,10,DGP Office,43.0,Chennai
2011-10-30,2011,10,MYLAPORE-TRIPLICANE TALUK,39.7,Chennai
2011-10-30,2011,10,Govt. arts college,39.2,Chennai
2011-10-30,2011,10,Anna university,37.0,Chennai
2011-10-30,2011,10,Chennai AP,35.4,Chennai
2011-10-31,2011,10,Anna university,24.6,Chennai
2011-10-31,2011,10,DGP Office,19.8,Chennai
2011-10-31,2011,10,MYLAPORE-TRIPLICANE TALUK,19.2,Chennai
2011-10-31,2011,10,Govt. arts college,18.7,Chennai
2011-10-31,2011,10,Chennai AP,11.0,Chennai
2011-10-31,2011,10,Chennai nungambakkam,8.6,Chennai
2011-10-31,2011,10,Pachaiyappa college,8.5,Chennai
2011-11-01,2011,11,Chennai AP,34.6,Chennai
2011-11-01,2011,11,Anna university,17.8,Chennai
2011-11-01,2011,11,MYLAPORE-TRIPLICANE TALUK,13.0,Chennai
2011-11-01,2011,11,Govt. arts college,12.5,Chennai
2011-11-01,2011,11,DGP Office,12.1,Chennai
2011-11-01,2011,11,Chennai nungambakkam,6.4,Chennai
2011-11-01,2011,11,Pachaiyappa college,6.3,Chennai
2011-11-02,2011,11,Anna university,57.4,Chennai
2011-11-02,2011,11,MYLAPORE-TRIPLICANE TALUK,57.2,Chennai
2011-11-02,2011,11,DGP Office,56.2,Chennai
2011-11-02,2011,11,Chennai AP,35.6,Chennai
2011-11-02,2011,11,Chennai nungambakkam,29.4,Chennai
2011-11-02,2011,11,Pachaiyappa college,29.2,Chennai
2011-11-02,2011,11,Govt. arts college,26.5,Chennai
2011-11-03,2011,11,Pachaiyappa college,6.1,Chennai
2011-11-03,2011,11,Chennai nungambakkam,6.1,Chennai
2011-11-03,2011,11,Govt. arts college,3.5,Chennai
2011-11-03,2011,11,Anna university,1.0,Chennai
2011-11-03,2011,11,MYLAPORE-TRIPLICANE TALUK,0.8,Chennai
2011-11-03,2011,11,DGP Office,0.7,Chennai
2011-11-03,2011,11,Chennai AP,0.5,Chennai
2011-11-04,2011,11,Chennai nungambakkam,49.8,Chennai
2011-11-04,2011,11,Pachaiyappa college,49.7,Chennai
2011-11-04,2011,11,DGP Office,45.0,Chennai
2011-11-04,2011,11,MYLAPORE-TRIPLICANE TALUK,44.8,Chennai
2011-11-04,2011,11,Anna university,44.6,Chennai
2011-11-04,2011,11,Chennai AP,31.9,Chennai
2011-11-04,2011,11,Govt. arts college,31.5,Chennai
2011-11-05,2011,11,Chennai nungambakkam,38.3,Chennai
2011-11-05,2011,11,Pachaiyappa college,38.2,Chennai
2011-11-05,2011,11,Anna university,37.4,Chennai
2011-11-05,2011,11,Chennai AP,37.4,Chennai
2011-11-05,2011,11,DGP Office,37.2,Chennai
2011-11-05,2011,11,MYLAPORE-TRIPLICANE TALUK,37.0,Chennai
2011-11-05,2011,11,Govt. arts college,28.5,Chennai
2011-11-06,2011,11,Chennai nungambakkam,66.9,Chennai
2011-11-06,2011,11,Pachaiyappa college,66.8,Chennai
2011-11-06,2011,11,MYLAPORE-TRIPLICANE TALUK,55.1,Chennai
2011-11-06,2011,11,DGP Office,54.1,Chennai
2011-11-06,2011,11,Govt. arts college,49.5,Chennai
2011-11-06,2011,11,Chennai AP,41.4,Chennai
2011-11-06,2011,11,Anna university,24.4,Chennai
2011-11-07,2011,11,Chennai AP,4.6,Chennai
2011-11-17,2011,11,Chennai nungambakkam,33.2,Chennai
2011-11-17,2011,11,Pachaiyappa college,32.4,Chennai
2011-11-17,2011,11,Govt. arts college,12.0,Chennai
2011-11-17,2011,11,DGP Office,10.7,Chennai
2011-11-17,2011,11,Anna university,10.1,Chennai
2011-11-17,2011,11,MYLAPORE-TRIPLICANE TALUK,10.1,Chennai
2011-11-17,2011,11,Chennai AP,6.4,Chennai
2011-11-18,2011,11,Anna university,37.0,Chennai
2011-11-18,2011,11,Chennai nungambakkam,33.5,Chennai
2011-11-18,2011,11,Chennai AP,33.5,Chennai
2011-11-18,2011,11,Pachaiyappa college,32.5,Chennai
2011-11-18,2011,11,DGP Office,29.5,Chennai
2011-11-18,2011,11,Govt. arts college,28.5,Chennai
2011-11-18,2011,11,MYLAPORE-TRIPLICANE TALUK,28.3,Chennai
2011-11-24,2011,11,Chennai AP,7.7,Chennai
2011-11-24,2011,11,Chennai nungambakkam,2.7,Chennai
2011-11-24,2011,11,Pachaiyappa college,2.2,Chennai
2011-11-24,2011,11,Anna university,2.0,Chennai
2011-11-24,2011,11,MYLAPORE-TRIPLICANE TALUK,2.0,Chennai
2011-11-24,2011,11,DGP Office,1.1,Chennai
2011-11-24,2011,11,Govt. arts college,1.0,Chennai
2011-11-25,2011,11,Anna university,97.6,Chennai
2011-11-25,2011,11,Chennai AP,97.6,Chennai
2011-11-25,2011,11,DGP Office,87.3,Chennai
2011-11-25,2011,11,MYLAPORE-TRIPLICANE TALUK,84.2,Chennai
2011-11-25,2011,11,Govt. arts college,71.3,Chennai
2011-11-25,2011,11,Chennai nungambakkam,64.6,Chennai
2011-11-25,2011,11,Pachaiyappa college,63.0,Chennai
2011-11-26,2011,11,Chennai AP,48.7,Chennai
2011-11-26,2011,11,Chennai nungambakkam,47.9,Chennai
2011-11-26,2011,11,Pachaiyappa college,46.1,Chennai
2011-11-26,2011,11,Govt. arts college,45.7,Chennai
2011-11-26,2011,11,Anna university,40.6,Chennai
2011-11-26,2011,11,MYLAPORE-TRIPLICANE TALUK,39.3,Chennai
2011-11-26,2011,11,DGP Office,38.2,Chennai
2011-11-27,2011,11,Chennai AP,84.0,Chennai
2011-11-27,2011,11,Anna university,69.4,Chennai
2011-11-27,2011,11,MYLAPORE-TRIPLICANE TALUK,60.3,Chennai
2011-11-27,2011,11,DGP Office,57.3,Chennai
2011-11-27,2011,11,Chennai nungambakkam,51.2,Chennai
2011-11-27,2011,11,Pachaiyappa college,50.8,Chennai
2011-11-27,2011,11,Govt. arts college,46.7,Chennai
2011-11-28,2011,11,Chennai AP,27.5,Chennai
2011-11-28,2011,11,Pachaiyappa college,23.4,Chennai
2011-11-28,2011,11,Chennai nungambakkam,21.5,Chennai
2011-11-28,2011,11,Anna university,19.6,Chennai
2011-11-28,2011,11,Govt. arts college,18.4,Chennai
2011-11-28,2011,11,MYLAPORE-TRIPLICANE TALUK,17.8,Chennai
2011-11-28,2011,11,DGP Office,16.7,Chennai
2011-11-29,2011,11,Chennai nungambakkam,5.6,Chennai
2011-11-29,2011,11,Pachaiyappa college,4.3,Chennai
2011-11-29,2011,11,Govt. arts college,3.1,Chennai
2011-11-29,2011,11,Chennai AP,2.6,Chennai
2011-11-29,2011,11,Anna university,2.4,Chennai
2011-11-29,2011,11,MYLAPORE-TRIPLICANE TALUK,2.4,Chennai
2011-11-29,2011,11,DGP Office,2.2,Chennai
2011-12-09,2011,12,Chennai nungambakkam,5.6,Chennai
2011-12-09,2011,12,Pachaiyappa college,2.7,Chennai
2011-12-09,2011,12,MYLAPORE-TRIPLICANE TALUK,1.7,Chennai
2011-12-09,2011,12,Anna university,1.3,Chennai
2011-12-09,2011,12,Chennai AP,0.6,Chennai
2011-12-09,2011,12,DGP Office,0.5,Chennai
2011-12-09,2011,12,Govt. arts college,0.3,Chennai
2011-12-10,2011,12,Chennai AP,2.1,Chennai
2011-12-10,2011,12,Anna university,1.2,Chennai
2011-12-10,2011,12,MYLAPORE-TRIPLICANE TALUK,0.9,Chennai
2011-12-10,2011,12,DGP Office,0.7,Chennai
2011-12-10,2011,12,Govt. arts college,0.3,Chennai
2011-12-15,2011,12,Anna university,83.2,Chennai
2011-12-15,2011,12,Chennai AP,59.9,Chennai
2011-12-15,2011,12,MYLAPORE-TRIPLICANE TALUK,57.9,Chennai
2011-12-15,2011,12,DGP Office,53.2,Chennai
2011-12-15,2011,12,Govt. arts college,43.4,Chennai
2011-12-15,2011,12,Chennai nungambakkam,37.1,Chennai
2011-12-15,2011,12,Pachaiyappa college,27.2,Chennai
2011-12-29,2011,12,Chennai AP,3.2,Chennai
2011-12-29,2011,12,Anna university,3.0,Chennai
2011-12-29,2011,12,MYLAPORE-TRIPLICANE TALUK,2.1,Chennai
2011-12-29,2011,12,DGP Office,2.1,Chennai
2011-12-29,2011,12,Govt. arts college,1.9,Chennai
2011-12-29,2011,12,Chennai nungambakkam,1.9,Chennai
2011-12-29,2011,12,Pachaiyappa college,1.8,Chennai
2011-12-30,2011,12,Chennai AP,68.0,Chennai
2011-12-30,2011,12,Anna university,63.0,Chennai
2011-12-30,2011,12,MYLAPORE-TRIPLICANE TALUK,62.9,Chennai
2011-12-30,2011,12,DGP Office,61.7,Chennai
2011-12-30,2011,12,Chennai nungambakkam,59.3,Chennai
2011-12-30,2011,12,Govt. arts college,57.2,Chennai
2011-12-30,2011,12,Pachaiyappa college,54.0,Chennai
2011-12-31,2011,12,Chennai AP,67.2,Chennai
2011-12-31,2011,12,Chennai nungambakkam,35.3,Chennai
2011-12-31,2011,12,Govt. arts college,27.9,Chennai
2011-12-31,2011,12,Pachaiyappa college,25.4,Chennai
2011-12-31,2011,12,MYLAPORE-TRIPLICANE TALUK,23.7,Chennai
2011-12-31,2011,12,DGP Office,21.0,Chennai
2011-12-31,2011,12,Anna university,14.6,Chennai
2012-01-01,2012,1,Anna university,6.8,Chennai
2012-01-01,2012,1,DGP Office,5.8,Chennai
2012-01-01,2012,1,Chennai AP,5.1,Chennai
2012-01-01,2012,1,MYLAPORE-TRIPLICANE TALUK,4.7,Chennai
2012-01-01,2012,1,Govt. arts college,3.2,Chennai
2012-01-01,2012,1,Chennai nungambakkam,2.6,Chennai
2012-01-01,2012,1,Pachaiyappa college,2.3,Chennai
2012-01-02,2012,1,Chennai AP,6.8,Chennai
2012-01-02,2012,1,MYLAPORE-TRIPLICANE TALUK,1.7,Chennai
2012-01-02,2012,1,Chennai nungambakkam,1.4,Chennai
2012-01-02,2012,1,Pachaiyappa college,1.3,Chennai
2012-01-02,2012,1,DGP Office,1.3,Chennai
2012-01-02,2012,1,Govt. arts college,1.2,Chennai
2012-01-02,2012,1,Anna university,0.4,Chennai
2012-01-12,2012,1,Chennai AP,12.4,Chennai
2012-01-12,2012,1,Chennai nungambakkam,11.9,Chennai
2012-01-12,2012,1,Pachaiyappa college,2.7,Chennai
2012-01-12,2012,1,Anna university,1.8,Chennai
2012-01-12,2012,1,MYLAPORE-TRIPLICANE TALUK,1.7,Chennai
2012-01-12,2012,1,DGP Office,1.3,Chennai
2012-01-12,2012,1,Govt. arts college,0.7,Chennai
2012-01-30,2012,1,Chennai AP,0.2,Chennai
2012-01-31,2012,1,Anna university,17.8,Chennai
2012-01-31,2012,1,Chennai AP,16.0,Chennai
2012-01-31,2012,1,MYLAPORE-TRIPLICANE TALUK,7.2,Chennai
2012-03-13,2012,3,Chennai nungambakkam,1.6,Chennai
2012-06-20,2012,6,Chennai nungambakkam,1.5,Chennai
2012-06-21,2012,6,Chennai nungambakkam,0.6,Chennai
2012-06-21,2012,6,Chennai AP,0.1,Chennai
2012-06-22,2012,6,Chennai AP,1.3,Chennai
2012-06-22,2012,6,Anna university,0.1,Chennai
2012-06-22,2012,6,Chennai nungambakkam,0.1,Chennai
2012-06-28,2012,6,Chennai nungambakkam,4.0,Chennai
2012-06-28,2012,6,Pachaiyappa college,2.2,Chennai
2012-06-28,2012,6,Purasawalkam - Perambur,2.1,Chennai
2012-06-28,2012,6,Chennai AP,0.6,Chennai
2012-06-28,2012,6,MYLAPORE-TRIPLICANE TALUK,0.2,Chennai
2012-06-28,2012,6,Anna university,0.1,Chennai
2012-06-28,2012,6,DGP Office,0.1,Chennai
2012-06-29,2012,6,Chennai AP,43.2,Chennai
2012-06-29,2012,6,Anna university,21.8,Chennai
2012-06-29,2012,6,Chennai nungambakkam,20.0,Chennai
2012-06-29,2012,6,Govt. arts college,19.3,Chennai
2012-06-29,2012,6,MYLAPORE-TRIPLICANE TALUK,18.9,Chennai
2012-06-29,2012,6,Pachaiyappa college,17.3,Chennai
2012-06-29,2012,6,DGP Office,16.7,Chennai
2012-06-30,2012,6,Chennai AP,0.3,Chennai
2012-06-30,2012,6,Anna university,0.1,Chennai
2012-07-01,2012,7,Chennai AP,6.9,Chennai
2012-07-01,2012,7,Anna university,3.2,Chennai
2012-07-01,2012,7,Chennai nungambakkam,2.0,Chennai
2012-07-01,2012,7,MYLAPORE-TRIPLICANE TALUK,1.9,Chennai
2012-07-01,2012,7,Govt. arts college,1.7,Chennai
2012-07-01,2012,7,DGP Office,1.3,Chennai
2012-07-01,2012,7,Pachaiyappa college,1.2,Chennai
2012-07-12,2012,7,Chennai nungambakkam,29.5,Chennai
2012-07-12,2012,7,Chennai AP,24.5,Chennai
2012-07-12,2012,7,Pachaiyappa college,21.1,Chennai
2012-07-12,2012,7,Anna university,20.7,Chennai
2012-07-12,2012,7,MYLAPORE-TRIPLICANE TALUK,17.6,Chennai
2012-07-12,2012,7,DGP Office,15.3,Chennai
2012-07-12,2012,7,Govt. arts college,14.9,Chennai
2012-07-13,2012,7,Chennai nungambakkam,4.5,Chennai
2012-07-13,2012,7,Pachaiyappa college,2.3,Chennai
2012-07-13,2012,7,Anna university,0.3,Chennai
2012-07-13,2012,7,MYLAPORE-TRIPLICANE TALUK,0.1,Chennai
2012-07-13,2012,7,DGP Office,0.1,Chennai
2012-07-14,2012,7,Chennai AP,29.4,Chennai
2012-07-14,2012,7,Anna university,20.2,Chennai
2012-07-14,2012,7,MYLAPORE-TRIPLICANE TALUK,17.1,Chennai
2012-07-14,2012,7,DGP Office,16.3,Chennai
2012-07-14,2012,7,Chennai nungambakkam,8.3,Chennai
2012-07-14,2012,7,Pachaiyappa college,5.2,Chennai
2012-07-14,2012,7,Govt. arts college,3.3,Chennai
2012-07-15,2012,7,Anna university,1.9,Chennai
2012-07-15,2012,7,Pachaiyappa college,1.7,Chennai
2012-07-15,2012,7,MYLAPORE-TRIPLICANE TALUK,1.3,Chennai
2012-07-15,2012,7,Chennai nungambakkam,1.2,Chennai
2012-07-15,2012,7,Chennai AP,1.1,Chennai
2012-07-15,2012,7,DGP Office,0.9,Chennai
2012-07-15,2012,7,Govt. arts college,0.7,Chennai
2012-07-16,2012,7,Chennai nungambakkam,8.4,Chennai
2012-07-16,2012,7,Pachaiyappa college,3.3,Chennai
2012-07-16,2012,7,Chennai AP,1.2,Chennai
2012-07-16,2012,7,MYLAPORE-TRIPLICANE TALUK,0.9,Chennai
2012-07-16,2012,7,Anna university,0.7,Chennai
2012-07-16,2012,7,DGP Office,0.2,Chennai
2012-07-18,2012,7,Chennai AP,17.9,Chennai
2012-07-18,2012,7,Anna university,14.3,Chennai
2012-07-18,2012,7,DGP Office,13.2,Chennai
2012-07-18,2012,7,MYLAPORE-TRIPLICANE TALUK,11.7,Chennai
2012-07-18,2012,7,Chennai nungambakkam,9.2,Chennai
2012-07-18,2012,7,Pachaiyappa college,8.7,Chennai
2012-07-18,2012,7,Govt. arts college,4.3,Chennai
2012-07-26,2012,7,Chennai AP,2.0,Chennai
2012-07-26,2012,7,Anna university,1.2,Chennai
2012-07-26,2012,7,DGP Office,0.3,Chennai
2012-07-26,2012,7,MYLAPORE-TRIPLICANE TALUK,0.2,Chennai
2012-07-26,2012,7,Chennai nungambakkam,0.2,Chennai
2012-07-26,2012,7,Pachaiyappa college,0.1,Chennai
2012-07-27,2012,7,Chennai nungambakkam,9.4,Chennai
2012-07-27,2012,7,Pachaiyappa college,5.2,Chennai
2012-07-27,2012,7,Chennai AP,2.4,Chennai
2012-07-27,2012,7,MYLAPORE-TRIPLICANE TALUK,1.3,Chennai
2012-07-27,2012,7,Anna university,1.1,Chennai
2012-07-27,2012,7,Govt. arts college,0.9,Chennai
2012-07-27,2012,7,DGP Office,0.7,Chennai
2012-07-28,2012,7,Chennai AP,8.0,Chennai
2012-07-28,2012,7,Anna university,6.1,Chennai
2012-07-28,2012,7,Chennai nungambakkam,5.9,Chennai
2012-07-28,2012,7,MYLAPORE-TRIPLICANE TALUK,4.9,Chennai
2012-07-28,2012,7,Pachaiyappa college,4.7,Chennai
2012-07-28,2012,7,DGP Office,4.5,Chennai
2012-07-28,2012,7,Govt. arts college,3.8,Chennai
2012-08-04,2012,8,Chennai nungambakkam,3.0,Chennai
2012-08-04,2012,8,Chennai AP,1.8,Chennai
2012-08-04,2012,8,Pachaiyappa college,1.2,Chennai
2012-08-04,2012,8,Anna university,0.7,Chennai
2012-08-04,2012,8,DGP Office,0.2,Chennai
2012-08-04,2012,8,Govt. arts college,0.2,Chennai
2012-08-04,2012,8,MYLAPORE-TRIPLICANE TALUK,0.1,Chennai
2012-08-05,2012,8,Chennai AP,4.0,Chennai
2012-08-05,2012,8,Anna university,2.2,Chennai
2012-08-05,2012,8,MYLAPORE-TRIPLICANE TALUK,1.7,Chennai
2012-08-05,2012,8,Chennai nungambakkam,0.6,Chennai
2012-08-05,2012,8,DGP Office,0.4,Chennai
2012-08-05,2012,8,Govt. arts college,0.1,Chennai
2012-08-06,2012,8,Govt. arts college,0.3,Chennai
2012-08-06,2012,8,DGP Office,0.1,Chennai
2012-08-08,2012,8,Chennai AP,0.4,Chennai
2012-08-09,2012,8,Chennai AP,13.6,Chennai
2012-08-09,2012,8,Anna university,7.7,Chennai
2012-08-09,2012,8,Govt. arts college,4.4,Chennai
2012-08-09,2012,8,DGP Office,4.2,Chennai
2012-08-09,2012,8,MYLAPORE-TRIPLICANE TALUK,3.7,Chennai
2012-08-09,2012,8,Chennai nungambakkam,3.6,Chennai
2012-08-09,2012,8,Pachaiyappa college,2.7,Chennai
2012-08-10,2012,8,Chennai AP,14.0,Chennai
2012-08-10,2012,8,Chennai nungambakkam,13.8,Chennai
2012-08-10,2012,8,Pachaiyappa college,11.9,Chennai
2012-08-10,2012,8,Anna university,10.7,Chennai
2012-08-10,2012,8,MYLAPORE-TRIPLICANE TALUK,9.8,Chennai
2012-08-10,2012,8,DGP Office,7.3,Chennai
2012-08-10,2012,8,Govt. arts college,6.2,Chennai
2012-08-14,2012,8,Chennai AP,49.1,Chennai
2012-08-14,2012,8,Anna university,31.8,Chennai
2012-08-14,2012,8,MYLAPORE-TRIPLICANE TALUK,30.1,Chennai
2012-08-14,2012,8,DGP Office,29.7,Chennai
2012-08-14,2012,8,Chennai nungambakkam,26.8,Chennai
2012-08-14,2012,8,Pachaiyappa college,24.4,Chennai
2012-08-14,2012,8,Govt. arts college,17.6,Chennai
2012-08-16,2012,8,Chennai AP,5.1,Chennai
2012-08-16,2012,8,Chennai nungambakkam,4.5,Chennai
2012-08-16,2012,8,Pachaiyappa college,3.2,Chennai
2012-08-16,2012,8,DGP Office,2.1,Chennai
2012-08-16,2012,8,Anna university,1.7,Chennai
2012-08-16,2012,8,MYLAPORE-TRIPLICANE TALUK,1.2,Chennai
2012-08-16,2012,8,Govt. arts college,0.7,Chennai
2012-08-18,2012,8,Chennai nungambakkam,13.7,Chennai
2012-08-18,2012,8,Pachaiyappa college,11.9,Chennai
2012-08-18,2012,8,Govt. arts college,9.2,Chennai
2012-08-18,2012,8,Chennai AP,3.8,Chennai
2012-08-18,2012,8,Anna university,2.9,Chennai
2012-08-18,2012,8,MYLAPORE-TRIPLICANE TALUK,2.2,Chennai
2012-08-18,2012,8,DGP Office,1.3,Chennai
2012-08-20,2012,8,Chennai nungambakkam,2.3,Chennai
2012-08-20,2012,8,Pachaiyappa college,0.7,Chennai
2012-08-20,2012,8,Chennai AP,0.3,Chennai
2012-08-20,2012,8,Anna university,0.1,Chennai
2012-08-20,2012,8,MYLAPORE-TRIPLICANE TALUK,0.1,Chennai
2012-08-26,2012,8,Chennai AP,82.9,Chennai
2012-08-26,2012,8,MYLAPORE-TRIPLICANE TALUK,53.3,Chennai
2012-08-26,2012,8,Anna university,47.6,Chennai
2012-08-26,2012,8,DGP Office,43.2,Chennai
2012-08-26,2012,8,Govt. arts college,27.4,Chennai
2012-08-26,2012,8,Pachaiyappa college,13.4,Chennai
2012-08-26,2012,8,Chennai nungambakkam,9.8,Chennai
2012-08-27,2012,8,Chennai AP,0.3,Chennai
2012-08-27,2012,8,Anna university,0.1,Chennai
2012-08-29,2012,8,Anna university,0.3,Chennai
2012-08-29,2012,8,Govt. arts college,0.1,Chennai
2012-08-30,2012,8,Chennai nungambakkam,9.0,Chennai
2012-08-30,2012,8,Pachaiyappa college,5.7,Chennai
2012-08-30,2012,8,Govt. arts college,1.3,Chennai
2012-09-03,2012,9,Chennai nungambakkam,38.8,Chennai
2012-09-03,2012,9,Pachaiyappa college,31.7,Chennai
2012-09-03,2012,9,Chennai AP,22.8,Chennai
2012-09-03,2012,9,MYLAPORE-TRIPLICANE TALUK,19.6,Chennai
2012-09-03,2012,9,Govt. arts college,17.1,Chennai
2012-09-03,2012,9,Anna university,15.2,Chennai
2012-09-03,2012,9,DGP Office,12.5,Chennai
2012-09-03,2012,9,Ambathur,11.0,Chennai
2012-09-07,2012,9,Chennai AP,16.5,Chennai
2012-09-07,2012,9,Anna university,7.1,Chennai
2012-09-07,2012,9,Chennai nungambakkam,3.2,Chennai
2012-09-07,2012,9,Purasawalkam - Perambur,2.6,Chennai
2012-09-07,2012,9,Pachaiyappa college,2.6,Chennai
2012-09-07,2012,9,MYLAPORE-TRIPLICANE TALUK,2.1,Chennai
2012-09-07,2012,9,DGP Office,1.9,Chennai
2012-09-07,2012,9,Govt. arts college,0.5,Chennai
2012-09-08,2012,9,Chennai nungambakkam,53.3,Chennai
2012-09-08,2012,9,Pachaiyappa college,47.6,Chennai
2012-09-08,2012,9,Chennai AP,37.0,Chennai
2012-09-08,2012,9,MYLAPORE-TRIPLICANE TALUK,27.9,Chennai
2012-09-08,2012,9,Anna university,24.7,Chennai
2012-09-08,2012,9,Ambathur,22.0,Chennai
2012-09-08,2012,9,Govt. arts college,21.4,Chennai
2012-09-08,2012,9,DGP Office,17.2,Chennai
2012-09-09,2012,9,Chennai AP,1.2,Chennai
2012-09-09,2012,9,Chennai nungambakkam,0.7,Chennai
2012-09-09,2012,9,Pachaiyappa college,0.4,Chennai
2012-09-09,2012,9,Anna university,0.3,Chennai
2012-09-09,2012,9,MYLAPORE-TRIPLICANE TALUK,0.1,Chennai
2012-09-11,2012,9,Chennai AP,10.7,Chennai
2012-09-11,2012,9,Pachaiyappa college,10.2,Chennai
2012-09-11,2012,9,Ambathur,10.0,Chennai
2012-09-11,2012,9,Chennai nungambakkam,9.3,Chennai
2012-09-11,2012,9,MYLAPORE-TRIPLICANE TALUK,8.2,Chennai
2012-09-11,2012,9,Anna university,7.7,Chennai
2012-09-11,2012,9,DGP Office,7.4,Chennai
2012-09-11,2012,9,Govt. arts college,5.9,Chennai
2012-09-14,2012,9,Ambathur,25.0,Chennai
2012-09-14,2012,9,Chennai nungambakkam,21.3,Chennai
2012-09-14,2012,9,DGP Office,18.7,Chennai
2012-09-14,2012,9,Pachaiyappa college,17.7,Chennai
2012-09-14,2012,9,Anna university,15.6,Chennai
2012-09-14,2012,9,Chennai AP,14.1,Chennai
2012-09-14,2012,9,MYLAPORE-TRIPLICANE TALUK,11.7,Chennai
2012-09-14,2012,9,Govt. arts college,11.3,Chennai
2012-09-15,2012,9,Chennai AP,42.1,Chennai
2012-09-15,2012,9,MYLAPORE-TRIPLICANE TALUK,36.5,Chennai
2012-09-15,2012,9,DGP Office,33.9,Chennai
2012-09-15,2012,9,Anna university,32.4,Chennai
2012-09-15,2012,9,Pachaiyappa college,29.2,Chennai
2012-09-15,2012,9,Chennai nungambakkam,26.8,Chennai
2012-09-15,2012,9,Ambathur,22.0,Chennai
2012-09-15,2012,9,Govt. arts college,17.6,Chennai
2012-09-16,2012,9,Chennai AP,6.4,Chennai
2012-09-16,2012,9,Anna university,1.7,Chennai
2012-09-16,2012,9,Pachaiyappa college,0.3,Chennai
2012-09-18,2012,9,Chennai AP,0.1,Chennai
2012-09-19,2012,9,Anna university,1.7,Chennai
2012-09-19,2012,9,MYLAPORE-TRIPLICANE TALUK,1.7,Chennai
2012-09-19,2012,9,Pachaiyappa college,0.3,Chennai
2012-09-20,2012,9,Chennai nungambakkam,2.2,Chennai
2012-09-20,2012,9,Pachaiyappa college,1.7,Chennai
2012-09-20,2012,9,DGP Office,0.3,Chennai
2012-09-20,2012,9,Govt. arts college,0.1,Chennai
2012-09-21,2012,9,Chennai nungambakkam,34.2,Chennai
2012-09-21,2012,9,Anna university,29.8,Chennai
2012-09-21,2012,9,Pachaiyappa college,29.5,Chennai
2012-09-21,2012,9,Chennai AP,28.2,Chennai
2012-09-21,2012,9,MYLAPORE-TRIPLICANE TALUK,24.7,Chennai
2012-09-21,2012,9,DGP Office,21.3,Chennai
2012-09-21,2012,9,Govt. arts college,17.9,Chennai
2012-09-21,2012,9,Ambathur,8.0,Chennai
2012-09-27,2012,9,Chennai nungambakkam,23.0,Chennai
2012-09-27,2012,9,Ambathur,18.0,Chennai
2012-09-27,2012,9,DGP Office,17.7,Chennai
2012-09-27,2012,9,Pachaiyappa college,17.2,Chennai
2012-09-27,2012,9,Anna university,12.7,Chennai
2012-09-27,2012,9,MYLAPORE-TRIPLICANE TALUK,11.9,Chennai
2012-09-27,2012,9,Chennai AP,4.1,Chennai
2012-09-29,2012,9,DGP Office,0.2,Chennai
2012-09-29,2012,9,Chennai AP,0.2,Chennai
2012-09-30,2012,9,Chennai AP,1.6,Chennai
2012-09-30,2012,9,Anna university,0.7,Chennai
2012-09-30,2012,9,Pachaiyappa college,0.3,Chennai
2012-09-30,2012,9,DGP Office,0.2,Chennai
2012-10-01,2012,10,Anna university,1.7,Chennai
2012-10-16,2012,10,Chennai nungambakkam,30.7,Chennai
2012-10-16,2012,10,MYLAPORE-TRIPLICANE TALUK,23.2,Chennai
2012-10-16,2012,10,Anna university,21.7,Chennai
2012-10-16,2012,10,Pachaiyappa college,21.2,Chennai
2012-10-16,2012,10,DGP Office,19.8,Chennai
2012-10-16,2012,10,Chennai AP,1.9,Chennai
2012-10-17,2012,10,Chennai nungambakkam,19.6,Chennai
2012-10-17,2012,10,Ambathur,17.0,Chennai
2012-10-17,2012,10,Pachaiyappa college,13.1,Chennai
2012-10-17,2012,10,DGP Office,12.2,Chennai
2012-10-17,2012,10,Chennai AP,11.6,Chennai
2012-10-17,2012,10,MYLAPORE-TRIPLICANE TALUK,11.0,Chennai
2012-10-17,2012,10,Anna university,10.2,Chennai
2012-10-18,2012,10,Chennai nungambakkam,70.9,Chennai
2012-10-18,2012,10,Pachaiyappa college,62.8,Chennai
2012-10-18,2012,10,DGP Office,60.2,Chennai
2012-10-18,2012,10,MYLAPORE-TRIPLICANE TALUK,58.6,Chennai
2012-10-18,2012,10,Anna university,55.3,Chennai
2012-10-18,2012,10,Chennai AP,35.6,Chennai
2012-10-18,2012,10,Ambathur,23.0,Chennai
2012-10-19,2012,10,Chennai AP,31.2,Chennai
2012-10-19,2012,10,Chennai nungambakkam,22.7,Chennai
2012-10-19,2012,10,MYLAPORE-TRIPLICANE TALUK,21.2,Chennai
2012-10-19,2012,10,Anna university,19.3,Chennai
2012-10-19,2012,10,DGP Office,18.8,Chennai
2012-10-19,2012,10,Govt. arts college,18.8,Chennai
2012-10-19,2012,10,Ambathur,18.0,Chennai
2012-10-19,2012,10,Purasawalkam - Perambur,17.6,Chennai
2012-10-19,2012,10,Pachaiyappa college,17.6,Chennai
2012-10-20,2012,10,Chennai nungambakkam,78.9,Chennai
2012-10-20,2012,10,DGP Office,74.2,Chennai
2012-10-20,2012,10,MYLAPORE-TRIPLICANE TALUK,73.8,Chennai
2012-10-20,2012,10,Pachaiyappa college,73.2,Chennai
2012-10-20,2012,10,Anna university,72.3,Chennai
2012-10-20,2012,10,Chennai AP,53.1,Chennai
2012-10-20,2012,10,Ambathur,45.0,Chennai
2012-10-21,2012,10,Anna university,60.8,Chennai
2012-10-21,2012,10,Pachaiyappa college,35.2,Chennai
2012-10-21,2012,10,Chennai nungambakkam,33.8,Chennai
2012-10-21,2012,10,Chennai AP,32.9,Chennai
2012-10-21,2012,10,MYLAPORE-TRIPLICANE TALUK,28.4,Chennai
2012-10-21,2012,10,DGP Office,26.0,Chennai
2012-10-21,2012,10,Ambathur,20.0,Chennai
2012-10-22,2012,10,Ambathur,33.0,Chennai
2012-10-22,2012,10,Anna university,19.0,Chennai
2012-10-22,2012,10,Chennai AP,18.5,Chennai
2012-10-22,2012,10,Chennai nungambakkam,8.7,Chennai
2012-10-22,2012,10,Pachaiyappa college,8.2,Chennai
2012-10-22,2012,10,MYLAPORE-TRIPLICANE TALUK,8.1,Chennai
2012-10-22,2012,10,DGP Office,7.6,Chennai
2012-10-23,2012,10,Chennai AP,10.9,Chennai
2012-10-23,2012,10,Ambathur,7.0,Chennai
2012-10-24,2012,10,Chennai nungambakkam,37.9,Chennai
2012-10-24,2012,10,Pachaiyappa college,37.1,Chennai
2012-10-24,2012,10,DGP Office,35.4,Chennai
2012-10-24,2012,10,Anna university,30.8,Chennai
2012-10-24,2012,10,MYLAPORE-TRIPLICANE TALUK,30.2,Chennai
2012-10-24,2012,10,Chennai AP,24.8,Chennai
2012-10-24,2012,10,Ambathur,2.0,Chennai
2012-10-25,2012,10,Anna university,15.6,Chennai
2012-10-25,2012,10,DGP Office,14.4,Chennai
2012-10-25,2012,10,MYLAPORE-TRIPLICANE TALUK,13.8,Chennai
2012-10-25,2012,10,Chennai nungambakkam,13.8,Chennai
2012-10-25,2012,10,Pachaiyappa college,10.5,Chennai
2012-10-25,2012,10,Chennai AP,0.4,Chennai
2012-10-30,2012,10,Anna university,23.06,Chennai
2012-10-30,2012,10,DGP Office,18.06,Chennai
2012-10-30,2012,10,MYLAPORE-TRIPLICANE TALUK,18.01,Chennai
2012-10-30,2012,10,Chennai nungambakkam,16.06,Chennai
2012-10-30,2012,10,Chennai AP,11.07,Chennai
2012-10-31,2012,10,Chennai nungambakkam,93.4,Chennai
2012-10-31,2012,10,Chennai AP,79.8,Chennai
2012-10-31,2012,10,Anna university,78.2,Chennai
2012-10-31,2012,10,DGP Office,64.6,Chennai
2012-10-31,2012,10,MYLAPORE-TRIPLICANE TALUK,62.7,Chennai
2012-10-31,2012,10,Ambathur,40.0,Chennai
2012-11-01,2012,11,Ambathur,10.0,Chennai
2012-11-01,2012,11,Chennai nungambakkam,9.0,Chennai
2012-11-01,2012,11,Chennai AP,8.6,Chennai
2012-11-01,2012,11,DGP Office,3.2,Chennai
2012-11-01,2012,11,MYLAPORE-TRIPLICANE TALUK,2.8,Chennai
2012-11-01,2012,11,Anna university,2.2,Chennai
2012-11-03,2012,11,Ambathur,26.0,Chennai
2012-11-03,2012,11,Chennai nungambakkam,12.8,Chennai
2012-11-03,2012,11,Anna university,11.8,Chennai
2012-11-03,2012,11,MYLAPORE-TRIPLICANE TALUK,11.8,Chennai
2012-11-03,2012,11,DGP Office,10.8,Chennai
2012-11-03,2012,11,Chennai AP,5.6,Chennai
2012-11-04,2012,11,Ambathur,33.0,Chennai
2012-11-04,2012,11,Chennai AP,21.6,Chennai
2012-11-04,2012,11,Chennai nungambakkam,21.4,Chennai
2012-11-04,2012,11,Anna university,20.2,Chennai
2012-11-04,2012,11,DGP Office,18.9,Chennai
2012-11-04,2012,11,MYLAPORE-TRIPLICANE TALUK,17.8,Chennai
2012-11-08,2012,11,Chennai AP,18.3,Chennai
2012-11-08,2012,11,Chennai nungambakkam,1.4,Chennai
2012-11-22,2012,11,Chennai AP,6.5,Chennai
2012-11-22,2012,11,Chennai nungambakkam,0.4,Chennai
2012-11-23,2012,11,Chennai AP,3.8,Chennai
2012-11-23,2012,11,DGP Office,2.8,Chennai
2012-11-23,2012,11,MYLAPORE-TRIPLICANE TALUK,2.5,Chennai
2012-11-23,2012,11,Chennai nungambakkam,0.7,Chennai
2012-11-23,2012,11,Anna university,0.6,Chennai
2012-11-26,2012,11,Chennai nungambakkam,1.2,Chennai
2012-11-26,2012,11,Chennai AP,0.2,Chennai
2012-12-03,2012,12,Anna university,48.6,Chennai
2012-12-03,2012,12,Chennai AP,45.1,Chennai
2012-12-03,2012,12,MYLAPORE-TRIPLICANE TALUK,43.9,Chennai
2012-12-03,2012,12,DGP Office,42.6,Chennai
2012-12-03,2012,12,Chennai nungambakkam,37.0,Chennai
2012-12-03,2012,12,Ambathur,19.0,Chennai
2012-12-04,2012,12,Chennai AP,80.9,Chennai
2012-12-04,2012,12,Anna university,54.8,Chennai
2012-12-04,2012,12,Ambathur,51.0,Chennai
2012-12-04,2012,12,MYLAPORE-TRIPLICANE TALUK,46.2,Chennai
2012-12-04,2012,12,DGP Office,44.2,Chennai
2012-12-04,2012,12,Chennai nungambakkam,42.8,Chennai
2012-12-05,2012,12,Chennai AP,9.3,Chennai
2012-12-05,2012,12,Chennai nungambakkam,4.7,Chennai
2012-12-05,2012,12,Ambathur,4.0,Chennai
2012-12-05,2012,12,Anna university,3.6,Chennai
2012-12-05,2012,12,MYLAPORE-TRIPLICANE TALUK,1.6,Chennai
2012-12-05,2012,12,DGP Office,1.2,Chennai
2012-12-06,2012,12,Chennai AP,0.5,Chennai
2012-12-29,2012,12,Anna university,24.4,Chennai
2012-12-29,2012,12,Chennai AP,22.1,Chennai
2012-12-29,2012,12,MYLAPORE-TRIPLICANE TALUK,14.8,Chennai
2012-12-29,2012,12,Ambathur,14.0,Chennai
2012-12-29,2012,12,DGP Office,13.6,Chennai
2012-12-29,2012,12,Chennai nungambakkam,10.0,Chennai
2012-12-30,2012,12,Ambathur,40.0,Chennai
2012-12-30,2012,12,Chennai AP,38.1,Chennai
2012-12-30,2012,12,Anna university,36.0,Chennai
2012-12-30,2012,12,Chennai nungambakkam,31.0,Chennai
2012-12-30,2012,12,MYLAPORE-TRIPLICANE TALUK,10.5,Chennai
2012-12-30,2012,12,DGP Office,8.6,Chennai
2013-02-16,2013,2,Chennai AP,11.6,Chennai
2013-02-16,2013,2,Anna university,10.5,Chennai
2013-02-16,2013,2,DGP Office,9.4,Chennai
2013-02-16,2013,2,MYLAPORE-TRIPLICANE TALUK,8.9,Chennai
2013-02-16,2013,2,Chennai nungambakkam,6.2,Chennai
2013-02-17,2013,2,Ambathur,24.0,Chennai
2013-02-17,2013,2,Chennai AP,7.6,Chennai
2013-02-17,2013,2,Chennai nungambakkam,7.3,Chennai
2013-02-17,2013,2,Anna university,5.7,Chennai
2013-02-17,2013,2,MYLAPORE-TRIPLICANE TALUK,4.8,Chennai
2013-02-18,2013,2,DGP Office,7.8,Chennai
2013-02-18,2013,2,MYLAPORE-TRIPLICANE TALUK,4.9,Chennai
2013-02-18,2013,2,Chennai nungambakkam,0.8,Chennai
2013-02-18,2013,2,Chennai AP,0.5,Chennai
2013-02-19,2013,2,DGP Office,5.4,Chennai
2013-03-07,2013,3,DGP Office,38.4,Chennai
2013-03-07,2013,3,MYLAPORE-TRIPLICANE TALUK,32.6,Chennai
2013-03-07,2013,3,Chennai AP,31.7,Chennai
2013-03-07,2013,3,Chennai nungambakkam,11.7,Chennai
2013-03-07,2013,3,Ambathur,8.0,Chennai
2013-04-24,2013,4,Chennai AP,1.8,Chennai
2013-04-24,2013,4,Chennai nungambakkam,1.2,Chennai
2013-04-24,2013,4,MYLAPORE-TRIPLICANE TALUK,0.3,Chennai
2013-04-24,2013,4,DGP Office,0.3,Chennai
2013-04-25,2013,4,Chennai AP,1.3,Chennai
2013-04-25,2013,4,MYLAPORE-TRIPLICANE TALUK,0.9,Chennai
2013-04-25,2013,4,Chennai nungambakkam,0.8,Chennai
2013-04-25,2013,4,DGP Office,0.2,Chennai
2013-05-13,2013,5,Chennai AP,50.6,Chennai
2013-05-13,2013,5,MYLAPORE-TRIPLICANE TALUK,3.7,Chennai
2013-05-13,2013,5,Chennai nungambakkam,3.6,Chennai
2013-05-13,2013,5,Ambathur,0.5,Chennai
2013-05-29,2013,5,Chennai AP,3.6,Chennai
2013-06-03,2013,6,Chennai AP,91.0,Chennai
2013-06-03,2013,6,Ambathur,3.0,Chennai
2013-06-03,2013,6,MYLAPORE-TRIPLICANE TALUK,1.0,Chennai
2013-06-03,2013,6,Chennai nungambakkam,0.9,Chennai
2013-06-07,2013,6,Chennai AP,26.7,Chennai
2013-06-07,2013,6,Ambathur,20.0,Chennai
2013-06-07,2013,6,Chennai nungambakkam,14.5,Chennai
2013-06-07,2013,6,MYLAPORE-TRIPLICANE TALUK,13.0,Chennai
2013-06-07,2013,6,DGP Office,13.0,Chennai
2013-06-08,2013,6,Ambathur,7.3,Chennai
2013-06-11,2013,6,Chennai nungambakkam,0.1,Chennai
2013-06-12,2013,6,DGP Office,6.4,Chennai
2013-06-12,2013,6,Chennai AP,3.9,Chennai
2013-06-12,2013,6,MYLAPORE-TRIPLICANE TALUK,2.0,Chennai
2013-06-12,2013,6,Chennai nungambakkam,0.6,Chennai
2013-06-23,2013,6,Chennai AP,0.1,Chennai
2013-06-28,2013,6,Chennai AP,22.9,Chennai
2013-06-28,2013,6,Ambathur,16.0,Chennai
2013-06-28,2013,6,Chennai nungambakkam,8.8,Chennai
2013-06-28,2013,6,MYLAPORE-TRIPLICANE TALUK,5.8,Chennai
2013-06-28,2013,6,DGP Office,5.4,Chennai
2013-06-29,2013,6,DGP Office,15.4,Chennai
2013-06-29,2013,6,MYLAPORE-TRIPLICANE TALUK,12.8,Chennai
2013-06-29,2013,6,Chennai AP,9.3,Chennai
2013-06-29,2013,6,Ambathur,7.0,Chennai
2013-06-29,2013,6,Chennai nungambakkam,1.7,Chennai
2013-06-30,2013,6,Ambathur,11.0,Chennai
2013-06-30,2013,6,Chennai AP,8.6,Chennai
2013-06-30,2013,6,DGP Office,6.8,Chennai
2013-06-30,2013,6,Chennai nungambakkam,6.3,Chennai
2013-06-30,2013,6,MYLAPORE-TRIPLICANE TALUK,6.0,Chennai
2013-07-02,2013,7,Ambathur,4.0,Chennai
2013-07-02,2013,7,Chennai nungambakkam,1.0,Chennai
2013-07-02,2013,7,Chennai AP,0.3,Chennai
2013-07-03,2013,7,Chennai AP,0.3,Chennai
2013-07-03,2013,7,Chennai nungambakkam,0.2,Chennai
2013-07-04,2013,7,Chennai nungambakkam,4.35,Chennai
2013-07-04,2013,7,Chennai AP,0.3,Chennai
2013-07-06,2013,7,Chennai AP,0.6,Chennai
2013-07-07,2013,7,Ambathur,24.0,Chennai
2013-07-07,2013,7,Chennai nungambakkam,18.8,Chennai
2013-07-07,2013,7,DGP Office,16.8,Chennai
2013-07-07,2013,7,MYLAPORE-TRIPLICANE TALUK,16.2,Chennai
2013-07-07,2013,7,Chennai AP,4.0,Chennai
2013-07-08,2013,7,DGP Office,24.0,Chennai
2013-07-08,2013,7,MYLAPORE-TRIPLICANE TALUK,23.6,Chennai
2013-07-08,2013,7,Chennai nungambakkam,22.2,Chennai
2013-07-08,2013,7,Ambathur,6.0,Chennai
2013-07-08,2013,7,Chennai AP,4.2,Chennai
2013-07-09,2013,7,Ambathur,3.0,Chennai
2013-07-09,2013,7,Chennai nungambakkam,0.5,Chennai
2013-07-11,2013,7,Chennai AP,32.6,Chennai
2013-07-11,2013,7,Ambathur,32.0,Chennai
2013-07-11,2013,7,MYLAPORE-TRIPLICANE TALUK,26.9,Chennai
2013-07-11,2013,7,DGP Office,26.6,Chennai
2013-07-11,2013,7,Chennai nungambakkam,24.3,Chennai
2013-07-12,2013,7,Ambathur,13.0,Chennai
2013-07-12,2013,7,DGP Office,7.6,Chennai
2013-07-12,2013,7,MYLAPORE-TRIPLICANE TALUK,7.1,Chennai
2013-07-12,2013,7,Chennai AP,6.2,Chennai
2013-07-12,2013,7,Chennai nungambakkam,3.1,Chennai
2013-07-16,2013,7,DGP Office,27.6,Chennai
2013-07-16,2013,7,MYLAPORE-TRIPLICANE TALUK,27.2,Chennai
2013-07-16,2013,7,Chennai AP,25.8,Chennai
2013-07-16,2013,7,Chennai nungambakkam,6.8,Chennai
2013-07-16,2013,7,Ambathur,5.0,Chennai
2013-07-18,2013,7,Ambathur,8.0,Chennai
2013-07-18,2013,7,Chennai nungambakkam,1.6,Chennai
2013-07-19,2013,7,Ambathur,13.0,Chennai
2013-07-19,2013,7,MYLAPORE-TRIPLICANE TALUK,10.8,Chennai
2013-07-19,2013,7,DGP Office,10.4,Chennai
2013-07-19,2013,7,Chennai nungambakkam,10.0,Chennai
2013-07-19,2013,7,Chennai AP,10.0,Chennai
2013-07-20,2013,7,Chennai AP,44.3,Chennai
2013-07-20,2013,7,DGP Office,23.4,Chennai
2013-07-20,2013,7,MYLAPORE-TRIPLICANE TALUK,23.1,Chennai
2013-07-20,2013,7,Chennai nungambakkam,21.8,Chennai
2013-07-20,2013,7,Ambathur,19.0,Chennai
2013-07-21,2013,7,DGP Office,12.4,Chennai
2013-07-21,2013,7,MYLAPORE-TRIPLICANE TALUK,12.2,Chennai
2013-07-21,2013,7,Chennai AP,9.0,Chennai
2013-07-21,2013,7,Chennai nungambakkam,8.3,Chennai
2013-07-21,2013,7,Ambathur,2.0,Chennai
2013-07-22,2013,7,Chennai AP,2.3,Chennai
2013-07-22,2013,7,Chennai nungambakkam,1.6,Chennai
2013-07-23,2013,7,Ambathur,2.0,Chennai
2013-07-23,2013,7,Chennai nungambakkam,0.6,Chennai
2013-07-23,2013,7,Chennai AP,0.4,Chennai
2013-07-24,2013,7,Chennai AP,28.1,Chennai
2013-07-24,2013,7,Chennai nungambakkam,14.1,Chennai
2013-07-24,2013,7,MYLAPORE-TRIPLICANE TALUK,7.2,Chennai
2013-07-24,2013,7,DGP Office,6.8,Chennai
2013-07-29,2013,7,DGP Office,9.2,Chennai
2013-07-29,2013,7,Ambathur,9.0,Chennai
2013-07-29,2013,7,MYLAPORE-TRIPLICANE TALUK,9.0,Chennai
2013-07-29,2013,7,Chennai nungambakkam,8.5,Chennai
2013-07-29,2013,7,Chennai AP,0.2,Chennai
2013-08-03,2013,8,Chennai AP,0.9,Chennai
2013-08-04,2013,8,Ambathur,23.0,Chennai
2013-08-04,2013,8,DGP Office,12.6,Chennai
2013-08-04,2013,8,MYLAPORE-TRIPLICANE TALUK,12.5,Chennai
2013-08-04,2013,8,Chennai nungambakkam,11.5,Chennai
2013-08-04,2013,8,Chennai AP,9.0,Chennai
2013-08-05,2013,8,DGP Office,17.4,Chennai
2013-08-05,2013,8,MYLAPORE-TRIPLICANE TALUK,17.2,Chennai
2013-08-05,2013,8,Chennai nungambakkam,12.4,Chennai
2013-08-05,2013,8,Chennai AP,5.1,Chennai
2013-08-05,2013,8,Ambathur,2.0,Chennai
2013-08-06,2013,8,Chennai AP,1.2,Chennai
2013-08-08,2013,8,Chennai AP,1.9,Chennai
2013-08-08,2013,8,Chennai nungambakkam,1.8,Chennai
2013-08-09,2013,8,Chennai nungambakkam,0.1,Chennai
2013-08-10,2013,8,Chennai AP,6.9,Chennai
2013-08-10,2013,8,Ambathur,2.0,Chennai
2013-08-10,2013,8,Chennai nungambakkam,1.0,Chennai
2013-08-11,2013,8,Chennai nungambakkam,0.8,Chennai
2013-08-11,2013,8,Chennai AP,0.6,Chennai
2013-08-12,2013,8,Chennai AP,5.2,Chennai
2013-08-12,2013,8,Ambathur,3.0,Chennai
2013-08-14,2013,8,DGP Office,23.6,Chennai
2013-08-14,2013,8,MYLAPORE-TRIPLICANE TALUK,22.8,Chennai
2013-08-14,2013,8,Chennai nungambakkam,21.4,Chennai
2013-08-14,2013,8,Ambathur,13.0,Chennai
2013-08-14,2013,8,Chennai AP,5.6,Chennai
2013-08-15,2013,8,DGP Office,67.8,Chennai
2013-08-15,2013,8,MYLAPORE-TRIPLICANE TALUK,67.6,Chennai
2013-08-15,2013,8,Chennai nungambakkam,58.1,Chennai
2013-08-15,2013,8,Chennai AP,46.3,Chennai
2013-08-15,2013,8,Ambathur,32.0,Chennai
2013-08-16,2013,8,Chennai nungambakkam,3.0,Chennai
2013-08-16,2013,8,Chennai AP,1.7,Chennai
2013-08-17,2013,8,Chennai AP,35.9,Chennai
2013-08-17,2013,8,Chennai nungambakkam,31.6,Chennai
2013-08-17,2013,8,MYLAPORE-TRIPLICANE TALUK,28.3,Chennai
2013-08-17,2013,8,DGP Office,26.4,Chennai
2013-08-17,2013,8,Ambathur,22.0,Chennai
2013-08-18,2013,8,Ambathur,10.0,Chennai
2013-08-18,2013,8,Chennai nungambakkam,4.8,Chennai
2013-08-18,2013,8,DGP Office,3.6,Chennai
2013-08-18,2013,8,MYLAPORE-TRIPLICANE TALUK,3.4,Chennai
2013-08-21,2013,8,Chennai AP,5.0,Chennai
2013-08-21,2013,8,Chennai nungambakkam,2.1,Chennai
2013-08-21,2013,8,Ambathur,2.0,Chennai
2013-08-21,2013,8,DGP Office,1.4,Chennai
2013-08-22,2013,8,Chennai AP,11.2,Chennai
2013-08-22,2013,8,Ambathur,10.0,Chennai
2013-08-22,2013,8,Chennai nungambakkam,6.2,Chennai
2013-08-22,2013,8,DGP Office,2.7,Chennai
2013-08-22,2013,8,MYLAPORE-TRIPLICANE TALUK,2.3,Chennai
2013-08-24,2013,8,DGP Office,1.6,Chennai
2013-08-24,2013,8,MYLAPORE-TRIPLICANE TALUK,0.6,Chennai
2013-08-24,2013,8,Chennai AP,0.6,Chennai
2013-08-24,2013,8,Chennai nungambakkam,0.5,Chennai
2013-08-29,2013,8,Chennai AP,0.1,Chennai
2013-08-30,2013,8,Ambathur,72.0,Chennai
2013-08-30,2013,8,Chennai nungambakkam,42.4,Chennai
2013-08-30,2013,8,DGP Office,35.4,Chennai
2013-08-30,2013,8,Chennai AP,30.6,Chennai
2013-08-30,2013,8,MYLAPORE-TRIPLICANE TALUK,27.5,Chennai
2013-09-04,2013,9,Chennai nungambakkam,44.4,Chennai
2013-09-04,2013,9,Ambathur,36.0,Chennai
2013-09-04,2013,9,DGP Office,25.2,Chennai
2013-09-04,2013,9,MYLAPORE-TRIPLICANE TALUK,24.7,Chennai
2013-09-04,2013,9,Chennai AP,16.7,Chennai
2013-09-07,2013,9,Chennai AP,1.8,Chennai
2013-09-08,2013,9,Chennai nungambakkam,0.2,Chennai
2013-09-08,2013,9,Chennai AP,0.2,Chennai
2013-09-09,2013,9,Chennai AP,16.9,Chennai
2013-09-09,2013,9,Chennai nungambakkam,14.4,Chennai
2013-09-09,2013,9,Ambathur,10.0,Chennai
2013-09-09,2013,9,DGP Office,8.6,Chennai
2013-09-09,2013,9,MYLAPORE-TRIPLICANE TALUK,8.4,Chennai
2013-09-10,2013,9,Chennai AP,1.6,Chennai
2013-09-10,2013,9,Chennai nungambakkam,0.2,Chennai
2013-09-11,2013,9,DGP Office,119.6,Chennai
2013-09-11,2013,9,MYLAPORE-TRIPLICANE TALUK,119.4,Chennai
2013-09-11,2013,9,Chennai nungambakkam,88.2,Chennai
2013-09-11,2013,9,Chennai AP,83.9,Chennai
2013-09-11,2013,9,Ambathur,32.0,Chennai
2013-09-12,2013,9,Ambathur,20.0,Chennai
2013-09-12,2013,9,Chennai AP,17.4,Chennai
2013-09-12,2013,9,DGP Office,4.6,Chennai
2013-09-12,2013,9,MYLAPORE-TRIPLICANE TALUK,4.4,Chennai
2013-09-12,2013,9,Chennai nungambakkam,2.2,Chennai
2013-09-13,2013,9,Ambathur,43.0,Chennai
2013-09-13,2013,9,Chennai nungambakkam,5.2,Chennai
2013-09-13,2013,9,DGP Office,3.2,Chennai
2013-09-13,2013,9,MYLAPORE-TRIPLICANE TALUK,3.0,Chennai
2013-09-13,2013,9,Chennai AP,2.7,Chennai
2013-09-14,2013,9,Chennai AP,35.0,Chennai
2013-09-14,2013,9,Ambathur,18.0,Chennai
2013-09-14,2013,9,Chennai nungambakkam,12.0,Chennai
2013-09-16,2013,9,Ambathur,14.0,Chennai
2013-09-19,2013,9,Chennai nungambakkam,28.4,Chennai
2013-09-19,2013,9,Ambathur,27.0,Chennai
2013-09-19,2013,9,MYLAPORE-TRIPLICANE TALUK,25.2,Chennai
2013-09-19,2013,9,DGP Office,20.8,Chennai
2013-09-19,2013,9,Chennai AP,9.6,Chennai
2013-09-20,2013,9,Ambathur,7.0,Chennai
2013-09-20,2013,9,Chennai nungambakkam,0.5,Chennai
2013-09-22,2013,9,Ambathur,13.0,Chennai
2013-09-22,2013,9,Chennai nungambakkam,2.7,Chennai
2013-09-22,2013,9,Chennai AP,2.1,Chennai
2013-09-22,2013,9,DGP Office,1.7,Chennai
2013-09-22,2013,9,MYLAPORE-TRIPLICANE TALUK,1.3,Chennai
2013-09-25,2013,9,Chennai nungambakkam,0.1,Chennai
2013-09-27,2013,9,Chennai nungambakkam,2.2,Chennai
2013-09-27,2013,9,Chennai AP,1.9,Chennai
2013-09-28,2013,9,Chennai nungambakkam,2.7,Chennai
2013-09-29,2013,9,Chennai AP,10.0,Chennai
2013-09-29,2013,9,Ambathur,4.0,Chennai
2013-09-29,2013,9,Chennai nungambakkam,0.3,Chennai
2013-10-01,2013,10,Chennai AP,12.0,Chennai
2013-10-01,2013,10,Ambathur,3.0,Chennai
2013-10-01,2013,10,Anna university,2.8,Chennai
2013-10-01,2013,10,Chennai nungambakkam,1.9,Chennai
2013-10-01,2013,10,DGP Office,1.2,Chennai
2013-10-02,2013,10,DGP Office,14.02,Chennai
2013-10-02,2013,10,Chennai nungambakkam,6.0,Chennai
2013-10-02,2013,10,Anna university,2.02,Chennai
2013-10-03,2013,10,DGP Office,13.2,Chennai
2013-10-03,2013,10,Anna university,5.2,Chennai
2013-10-04,2013,10,Ambathur,60.0,Chennai
2013-10-04,2013,10,Chennai AP,25.0,Chennai
2013-10-04,2013,10,DGP Office,13.6,Chennai
2013-10-04,2013,10,Anna university,9.8,Chennai
2013-10-04,2013,10,Chennai nungambakkam,4.7,Chennai
2013-10-10,2013,10,Chennai AP,24.4,Chennai
2013-10-10,2013,10,Anna university,18.8,Chennai
2013-10-10,2013,10,Chennai nungambakkam,7.9,Chennai
2013-10-10,2013,10,DGP Office,3.2,Chennai
2013-10-10,2013,10,Ambathur,3.0,Chennai
2013-10-11,2013,10,Ambathur,30.0,Chennai
2013-10-11,2013,10,DGP Office,7.4,Chennai
2013-10-11,2013,10,Chennai nungambakkam,6.6,Chennai
2013-10-11,2013,10,Anna university,1.3,Chennai
2013-10-11,2013,10,Chennai AP,0.4,Chennai
2013-10-14,2013,10,Anna university,1.8,Chennai
2013-10-14,2013,10,DGP Office,1.8,Chennai
2013-10-14,2013,10,Chennai AP,1.7,Chennai
2013-10-15,2013,10,DGP Office,20.6,Chennai
2013-10-15,2013,10,Anna university,2.2,Chennai
2013-10-16,2013,10,Chennai AP,2.9,Chennai
2013-10-16,2013,10,Chennai nungambakkam,0.2,Chennai
2013-10-18,2013,10,Chennai AP,2.6,Chennai
2013-10-18,2013,10,Chennai nungambakkam,1.1,Chennai
2013-10-20,2013,10,Chennai AP,22.6,Chennai
2013-10-20,2013,10,Pachaiyappa college,14.3,Chennai
2013-10-20,2013,10,Ambathur,14.0,Chennai
2013-10-20,2013,10,DGP Office,13.8,Chennai
2013-10-20,2013,10,Anna university,12.4,Chennai
2013-10-20,2013,10,Chennai nungambakkam,10.8,Chennai
2013-10-21,2013,10,DGP Office,98.4,Chennai
2013-10-21,2013,10,Chennai nungambakkam,80.8,Chennai
2013-10-21,2013,10,Chennai AP,71.1,Chennai
2013-10-21,2013,10,Anna university,67.4,Chennai
2013-10-21,2013,10,Ambathur,55.0,Chennai
2013-10-21,2013,10,Pachaiyappa college,45.0,Chennai
2013-10-22,2013,10,Pachaiyappa college,45.2,Chennai
2013-10-22,2013,10,Anna university,43.4,Chennai
2013-10-22,2013,10,Ambathur,31.0,Chennai
2013-10-22,2013,10,DGP Office,26.8,Chennai
2013-10-22,2013,10,Chennai AP,25.9,Chennai
2013-10-22,2013,10,Chennai nungambakkam,15.8,Chennai
2013-10-23,2013,10,Pachaiyappa college,15.2,Chennai
2013-10-23,2013,10,Chennai AP,9.4,Chennai
2013-10-23,2013,10,Anna university,8.2,Chennai
2013-10-23,2013,10,Ambathur,4.0,Chennai
2013-10-23,2013,10,DGP Office,2.6,Chennai
2013-10-23,2013,10,Chennai nungambakkam,2.5,Chennai
2013-10-24,2013,10,Chennai AP,2.6,Chennai
2013-10-24,2013,10,Chennai nungambakkam,2.3,Chennai
2013-10-24,2013,10,Anna university,1.0,Chennai
2013-10-25,2013,10,DGP Office,3.4,Chennai
2013-10-25,2013,10,Anna university,2.6,Chennai
2013-10-25,2013,10,Chennai nungambakkam,1.1,Chennai
2013-10-25,2013,10,Chennai AP,1.0,Chennai
2013-10-26,2013,10,Pachaiyappa college,25.1,Chennai
2013-10-26,2013,10,Ambathur,21.0,Chennai
2013-10-26,2013,10,Chennai nungambakkam,10.4,Chennai
2013-10-26,2013,10,Anna university,4.4,Chennai
2013-10-26,2013,10,DGP Office,3.6,Chennai
2013-10-26,2013,10,Chennai AP,1.8,Chennai
2013-10-27,2013,10,DGP Office,4.2,Chennai
2013-10-27,2013,10,Chennai nungambakkam,1.0,Chennai
2013-10-28,2013,10,Chennai AP,19.3,Chennai
2013-10-28,2013,10,Anna university,8.8,Chennai
2013-10-28,2013,10,DGP Office,3.2,Chennai
2013-10-29,2013,10,Chennai nungambakkam,1.4,Chennai
2013-10-31,2013,10,Chennai AP,0.6,Chennai
2013-11-01,2013,11,Pachaiyappa college,50.1,Chennai
2013-11-01,2013,11,DGP Office,3.4,Chennai
2013-11-01,2013,11,Chennai nungambakkam,3.3,Chennai
2013-11-01,2013,11,Chennai AP,0.4,Chennai
2013-11-02,2013,11,Chennai AP,2.7,Chennai
2013-11-02,2013,11,Chennai nungambakkam,2.0,Chennai
2013-11-02,2013,11,DGP Office,1.2,Chennai
2013-11-03,2013,11,Pachaiyappa college,50.4,Chennai
2013-11-03,2013,11,Chennai nungambakkam,23.5,Chennai
2013-11-03,2013,11,Chennai AP,10.6,Chennai
2013-11-03,2013,11,Ambathur,6.0,Chennai
2013-11-03,2013,11,DGP Office,5.2,Chennai
2013-11-03,2013,11,Anna university,3.8,Chennai
2013-11-04,2013,11,Pachaiyappa college,60.4,Chennai
2013-11-04,2013,11,Chennai AP,18.0,Chennai
2013-11-04,2013,11,Anna university,16.4,Chennai
2013-11-04,2013,11,Ambathur,12.0,Chennai
2013-11-04,2013,11,Chennai nungambakkam,11.5,Chennai
2013-11-04,2013,11,DGP Office,5.6,Chennai
2013-11-06,2013,11,Chennai AP,0.8,Chennai
2013-11-16,2013,11,DGP Office,29.4,Chennai
2013-11-16,2013,11,Anna university,20.0,Chennai
2013-11-16,2013,11,Pachaiyappa college,15.5,Chennai
2013-11-16,2013,11,Chennai nungambakkam,15.4,Chennai
2013-11-16,2013,11,Chennai AP,10.7,Chennai
2013-11-16,2013,11,Ambathur,6.0,Chennai
2013-11-17,2013,11,Chennai AP,123.9,Chennai
2013-11-17,2013,11,Ambathur,100.0,Chennai
2013-11-17,2013,11,Chennai nungambakkam,80.4,Chennai
2013-11-17,2013,11,Pachaiyappa college,75.0,Chennai
2013-11-17,2013,11,Anna university,75.0,Chennai
2013-11-17,2013,11,DGP Office,71.4,Chennai
2013-11-18,2013,11,DGP Office,54.8,Chennai
2013-11-18,2013,11,Chennai nungambakkam,42.8,Chennai
2013-11-18,2013,11,Ambathur,26.0,Chennai
2013-11-18,2013,11,Anna university,25.2,Chennai
2013-11-18,2013,11,Chennai AP,6.3,Chennai
2013-11-19,2013,11,DGP Office,3.2,Chennai
2013-11-19,2013,11,Chennai AP,3.0,Chennai
2013-11-19,2013,11,Chennai nungambakkam,0.4,Chennai
2013-11-23,2013,11,Chennai nungambakkam,1.4,Chennai
2013-11-23,2013,11,Chennai AP,0.4,Chennai
2013-11-24,2013,11,Pachaiyappa college,15.3,Chennai
2013-11-24,2013,11,DGP Office,12.6,Chennai
2013-11-24,2013,11,Chennai nungambakkam,12.5,Chennai
2013-11-24,2013,11,Anna university,11.0,Chennai
2013-11-24,2013,11,Ambathur,8.0,Chennai
2013-11-24,2013,11,Chennai AP,4.0,Chennai
2013-11-25,2013,11,Pachaiyappa college,20.01,Chennai
2013-11-25,2013,11,DGP Office,12.8,Chennai
2013-11-25,2013,11,Anna university,8.0,Chennai
2013-11-25,2013,11,Chennai AP,0.5,Chennai
2013-11-26,2013,11,Ambathur,3.0,Chennai
2013-12-01,2013,12,Ambathur,22.0,Chennai
2013-12-01,2013,12,DGP Office,7.4,Chennai
2013-12-01,2013,12,Chennai AP,6.8,Chennai
2013-12-01,2013,12,Anna university,5.2,Chennai
2013-12-01,2013,12,Pachaiyappa college,2.1,Chennai
2013-12-01,2013,12,Chennai nungambakkam,0.7,Chennai
2013-12-02,2013,12,Ambathur,6.0,Chennai
2013-12-02,2013,12,DGP Office,5.2,Chennai
2013-12-02,2013,12,Chennai AP,3.7,Chennai
2013-12-02,2013,12,Anna university,3.0,Chennai
2013-12-02,2013,12,Chennai nungambakkam,2.7,Chennai
2013-12-03,2013,12,Anna university,84.0,Chennai
2013-12-03,2013,12,Chennai AP,55.8,Chennai
2013-12-03,2013,12,Pachaiyappa college,54.0,Chennai
2013-12-03,2013,12,DGP Office,53.6,Chennai
2013-12-03,2013,12,Chennai nungambakkam,52.5,Chennai
2013-12-03,2013,12,Ambathur,3.0,Chennai
2013-12-08,2013,12,Chennai nungambakkam,15.6,Chennai
2013-12-08,2013,12,DGP Office,14.6,Chennai
2013-12-08,2013,12,Pachaiyappa college,13.3,Chennai
2013-12-08,2013,12,Anna university,13.3,Chennai
2013-12-08,2013,12,Chennai AP,10.5,Chennai
2013-12-08,2013,12,Ambathur,6.0,Chennai
2013-12-12,2013,12,Chennai nungambakkam,3.2,Chennai
2013-12-12,2013,12,Anna university,3.1,Chennai
2013-12-12,2013,12,Chennai AP,2.6,Chennai
2013-12-12,2013,12,DGP Office,2.4,Chennai
2013-12-12,2013,12,Pachaiyappa college,2.1,Chennai
2013-12-13,2013,12,Chennai nungambakkam,9.4,Chennai
2013-12-13,2013,12,Ambathur,5.0,Chennai
2013-12-13,2013,12,Anna university,2.3,Chennai
2013-12-13,2013,12,DGP Office,1.2,Chennai
2013-12-13,2013,12,Chennai AP,0.1,Chennai
2013-12-14,2013,12,Chennai AP,1.0,Chennai
2013-12-14,2013,12,Chennai nungambakkam,0.8,Chennai
2013-12-23,2013,12,Chennai nungambakkam,0.4,Chennai
2014-01-02,2014,1,Chennai AP,0.5,Chennai
2014-01-03,2014,1,Chennai nungambakkam,0.1,Chennai
2014-01-20,2014,1,Chennai AP,0.5,Chennai
2014-01-26,2014,1,Chennai AP,0.1,Chennai
2014-02-17,2014,2,Chennai nungambakkam,9.2,Chennai
2014-02-17,2014,2,DGP Office,6.4,Chennai
2014-02-17,2014,2,Pachaiyappa college,6.1,Chennai
2014-02-17,2014,2,Anna university,5.0,Chennai
2014-02-17,2014,2,Chennai AP,4.6,Chennai
2014-02-18,2014,2,Ambathur,5.0,Chennai
2014-02-18,2014,2,Chennai nungambakkam,0.4,Chennai
2014-02-19,2014,2,Chennai AP,0.3,Chennai
2014-02-19,2014,2,Chennai nungambakkam,0.1,Chennai
2014-02-24,2014,2,Chennai AP,0.6,Chennai
2014-02-25,2014,2,Chennai AP,0.7,Chennai
2014-02-25,2014,2,Chennai nungambakkam,0.2,Chennai
2014-05-05,2014,5,Anna university,29.4,Chennai
2014-05-05,2014,5,DGP Office,20.2,Chennai
2014-05-05,2014,5,Pachaiyappa college,19.5,Chennai
2014-05-05,2014,5,Chennai AP,13.9,Chennai
2014-05-05,2014,5,Chennai nungambakkam,9.1,Chennai
2014-05-05,2014,5,Ambathur,7.0,Chennai
2014-05-06,2014,5,Anna university,9.2,Chennai
2014-05-06,2014,5,DGP Office,6.2,Chennai
2014-05-06,2014,5,Pachaiyappa college,5.8,Chennai
2014-05-06,2014,5,Chennai nungambakkam,3.2,Chennai
2014-05-06,2014,5,Chennai AP,3.0,Chennai
2014-05-07,2014,5,Ambathur,3.0,Chennai
2014-05-07,2014,5,Chennai AP,1.6,Chennai
2014-05-08,2014,5,Ambathur,11.0,Chennai
2014-05-08,2014,5,Anna university,8.6,Chennai
2014-05-08,2014,5,Chennai AP,2.4,Chennai
2014-05-08,2014,5,Pachaiyappa college,1.9,Chennai
2014-05-08,2014,5,DGP Office,1.6,Chennai
2014-05-08,2014,5,Chennai nungambakkam,1.2,Chennai
2014-05-09,2014,5,Chennai AP,0.3,Chennai
2014-06-03,2014,6,Chennai AP,21.8,Chennai
2014-06-03,2014,6,Anna university,16.8,Chennai
2014-06-03,2014,6,DGP Office,16.2,Chennai
2014-06-03,2014,6,Pachaiyappa college,15.2,Chennai
2014-06-03,2014,6,Chennai nungambakkam,0.5,Chennai
2014-06-09,2014,6,Ambathur,70.0,Chennai
2014-06-09,2014,6,Chennai AP,51.8,Chennai
2014-06-09,2014,6,DGP Office,39.0,Chennai
2014-06-09,2014,6,Pachaiyappa college,38.3,Chennai
2014-06-09,2014,6,Chennai nungambakkam,36.2,Chennai
2014-06-09,2014,6,Anna university,33.2,Chennai
2014-06-10,2014,6,Ambathur,11.0,Chennai
2014-06-10,2014,6,Anna university,9.2,Chennai
2014-06-10,2014,6,DGP Office,8.4,Chennai
2014-06-10,2014,6,Chennai nungambakkam,8.3,Chennai
2014-06-10,2014,6,Pachaiyappa college,8.1,Chennai
2014-06-10,2014,6,Chennai AP,2.5,Chennai
2014-06-21,2014,6,Ambathur,2.0,Chennai
2014-06-21,2014,6,Chennai nungambakkam,1.7,Chennai
2014-06-21,2014,6,Anna university,1.4,Chennai
2014-06-21,2014,6,Pachaiyappa college,1.2,Chennai
2014-06-21,2014,6,DGP Office,1.0,Chennai
2014-06-22,2014,6,DGP Office,16.2,Chennai
2014-06-22,2014,6,Anna university,12.0,Chennai
2014-06-22,2014,6,Chennai AP,10.4,Chennai
2014-06-22,2014,6,Pachaiyappa college,8.3,Chennai
2014-06-22,2014,6,Chennai nungambakkam,2.8,Chennai
2014-06-23,2014,6,Chennai AP,1.2,Chennai
2014-06-23,2014,6,Chennai nungambakkam,0.9,Chennai
2014-06-29,2014,6,Anna university,83.2,Chennai
2014-06-29,2014,6,Chennai AP,62.6,Chennai
2014-06-29,2014,6,Ambathur,58.0,Chennai
2014-06-29,2014,6,DGP Office,45.2,Chennai
2014-06-29,2014,6,Pachaiyappa college,33.5,Chennai
2014-06-29,2014,6,Chennai nungambakkam,25.5,Chennai
2014-06-30,2014,6,Chennai AP,34.2,Chennai
2014-06-30,2014,6,Anna university,28.8,Chennai
2014-06-30,2014,6,Chennai nungambakkam,20.3,Chennai
2014-06-30,2014,6,Ambathur,17.0,Chennai
2014-06-30,2014,6,Pachaiyappa college,16.3,Chennai
2014-06-30,2014,6,DGP Office,14.2,Chennai
2014-07-01,2014,7,Chennai nungambakkam,7.0,Chennai
2014-07-01,2014,7,Pachaiyappa college,3.4,Chennai
2014-07-01,2014,7,Ambathur,3.0,Chennai
2014-07-01,2014,7,Anna university,0.2,Chennai
2014-07-06,2014,7,Ambathur,26.0,Chennai
2014-07-06,2014,7,Anna university,3.8,Chennai
2014-07-06,2014,7,Chennai AP,3.4,Chennai
2014-07-06,2014,7,Chennai nungambakkam,1.5,Chennai
2014-07-06,2014,7,Pachaiyappa college,1.2,Chennai
2014-07-07,2014,7,Ambathur,9.0,Chennai
2014-07-07,2014,7,Chennai AP,0.8,Chennai
2014-07-07,2014,7,Chennai nungambakkam,0.6,Chennai
2014-07-08,2014,7,Chennai nungambakkam,5.1,Chennai
2014-07-08,2014,7,DGP Office,4.6,Chennai
2014-07-08,2014,7,Pachaiyappa college,4.5,Chennai
2014-07-08,2014,7,Chennai AP,3.5,Chennai
2014-07-08,2014,7,Anna university,2.2,Chennai
2014-07-10,2014,7,Ambathur,15.0,Chennai
2014-07-10,2014,7,Chennai nungambakkam,10.8,Chennai
2014-07-10,2014,7,Pachaiyappa college,8.5,Chennai
2014-07-10,2014,7,DGP Office,7.6,Chennai
2014-07-10,2014,7,Anna university,6.4,Chennai
2014-07-10,2014,7,Chennai AP,6.3,Chennai
2014-07-11,2014,7,Chennai nungambakkam,8.9,Chennai
2014-07-11,2014,7,Chennai AP,8.8,Chennai
2014-07-11,2014,7,DGP Office,8.4,Chennai
2014-07-11,2014,7,Pachaiyappa college,8.2,Chennai
2014-07-11,2014,7,Anna university,8.2,Chennai
2014-07-11,2014,7,Ambathur,8.0,Chennai
2014-07-12,2014,7,Chennai AP,4.3,Chennai
2014-07-12,2014,7,Anna university,2.4,Chennai
2014-07-12,2014,7,DGP Office,2.4,Chennai
2014-07-12,2014,7,Pachaiyappa college,1.5,Chennai
2014-07-12,2014,7,Chennai nungambakkam,1.4,Chennai
2014-07-15,2014,7,Chennai nungambakkam,1.4,Chennai
2014-07-15,2014,7,Chennai AP,1.1,Chennai
2014-07-15,2014,7,Pachaiyappa college,1.0,Chennai
2014-07-21,2014,7,DGP Office,3.2,Chennai
2014-07-21,2014,7,Ambathur,3.0,Chennai
2014-07-21,2014,7,Pachaiyappa college,2.9,Chennai
2014-07-21,2014,7,Chennai nungambakkam,2.7,Chennai
2014-07-21,2014,7,Chennai AP,0.5,Chennai
2014-07-22,2014,7,Chennai nungambakkam,8.3,Chennai
2014-07-22,2014,7,DGP Office,6.2,Chennai
2014-07-22,2014,7,Pachaiyappa college,5.8,Chennai
2014-07-22,2014,7,Anna university,5.2,Chennai
2014-07-22,2014,7,Ambathur,4.0,Chennai
2014-07-22,2014,7,Chennai AP,0.2,Chennai
2014-07-23,2014,7,Chennai nungambakkam,3.5,Chennai
2014-07-23,2014,7,Ambathur,3.0,Chennai
2014-07-23,2014,7,Pachaiyappa college,3.0,Chennai
2014-07-23,2014,7,Chennai AP,2.9,Chennai
2014-07-23,2014,7,DGP Office,2.8,Chennai
2014-07-23,2014,7,Anna university,2.4,Chennai
2014-07-25,2014,7,Chennai nungambakkam,7.0,Chennai
2014-07-25,2014,7,DGP Office,5.2,Chennai
2014-07-25,2014,7,Ambathur,5.0,Chennai
2014-07-25,2014,7,Pachaiyappa college,4.8,Chennai
2014-07-25,2014,7,Anna university,1.6,Chennai
2014-07-25,2014,7,Chennai AP,0.4,Chennai
2014-07-26,2014,7,Chennai AP,6.3,Chennai
2014-07-26,2014,7,Chennai nungambakkam,2.7,Chennai
2014-07-27,2014,7,Chennai AP,2.9,Chennai
2014-07-27,2014,7,Chennai nungambakkam,1.7,Chennai
2014-07-30,2014,7,DGP Office,8.4,Chennai
2014-07-30,2014,7,Chennai nungambakkam,8.2,Chennai
2014-07-30,2014,7,Pachaiyappa college,7.8,Chennai
2014-07-30,2014,7,Ambathur,7.0,Chennai
2014-07-30,2014,7,Anna university,4.1,Chennai
2014-07-30,2014,7,Chennai AP,1.1,Chennai
2014-07-31,2014,7,Chennai AP,0.4,Chennai
2014-08-02,2014,8,Chennai nungambakkam,37.1,Chennai
2014-08-02,2014,8,DGP Office,32.4,Chennai
2014-08-02,2014,8,Pachaiyappa college,31.6,Chennai
2014-08-02,2014,8,Ambathur,26.0,Chennai
2014-08-02,2014,8,Anna university,3.2,Chennai
2014-08-02,2014,8,Chennai AP,0.2,Chennai
2014-08-03,2014,8,Chennai nungambakkam,0.2,Chennai
2014-08-04,2014,8,Chennai AP,14.7,Chennai
2014-08-04,2014,8,Anna university,13.2,Chennai
2014-08-04,2014,8,Chennai nungambakkam,12.2,Chennai
2014-08-04,2014,8,DGP Office,10.2,Chennai
2014-08-04,2014,8,Pachaiyappa college,9.7,Chennai
2014-08-06,2014,8,DGP Office,12.2,Chennai
2014-08-06,2014,8,Pachaiyappa college,11.7,Chennai
2014-08-06,2014,8,Ambathur,11.0,Chennai
2014-08-06,2014,8,Chennai nungambakkam,10.2,Chennai
2014-08-06,2014,8,Anna university,5.2,Chennai
2014-08-06,2014,8,Chennai AP,2.2,Chennai
2014-08-07,2014,8,Chennai nungambakkam,8.6,Chennai
2014-08-07,2014,8,Chennai AP,6.4,Chennai
2014-08-07,2014,8,Anna university,5.0,Chennai
2014-08-07,2014,8,Pachaiyappa college,4.8,Chennai
2014-08-07,2014,8,DGP Office,4.6,Chennai
2014-08-07,2014,8,Ambathur,4.0,Chennai
2014-08-09,2014,8,Ambathur,57.0,Chennai
2014-08-09,2014,8,Chennai AP,33.9,Chennai
2014-08-09,2014,8,Chennai nungambakkam,25.5,Chennai
2014-08-09,2014,8,Anna university,24.4,Chennai
2014-08-09,2014,8,DGP Office,18.6,Chennai
2014-08-09,2014,8,Pachaiyappa college,18.1,Chennai
2014-08-10,2014,8,Ambathur,4.0,Chennai
2014-08-10,2014,8,Chennai nungambakkam,3.2,Chennai
2014-08-10,2014,8,Anna university,2.6,Chennai
2014-08-10,2014,8,DGP Office,2.4,Chennai
2014-08-10,2014,8,Chennai AP,2.2,Chennai
2014-08-10,2014,8,Pachaiyappa college,2.1,Chennai
2014-08-11,2014,8,DGP Office,15.8,Chennai
2014-08-11,2014,8,Pachaiyappa college,15.1,Chennai
2014-08-11,2014,8,Anna university,14.8,Chennai
2014-08-11,2014,8,Chennai AP,8.4,Chennai
2014-08-11,2014,8,Chennai nungambakkam,2.6,Chennai
2014-08-12,2014,8,Anna university,34.6,Chennai
2014-08-12,2014,8,DGP Office,33.2,Chennai
2014-08-12,2014,8,Pachaiyappa college,31.0,Chennai
2014-08-12,2014,8,Ambathur,26.0,Chennai
2014-08-12,2014,8,Chennai AP,22.2,Chennai
2014-08-12,2014,8,Chennai nungambakkam,19.8,Chennai
2014-08-13,2014,8,Ambathur,20.0,Chennai
2014-08-13,2014,8,DGP Office,11.8,Chennai
2014-08-13,2014,8,Pachaiyappa college,10.9,Chennai
2014-08-13,2014,8,Anna university,10.8,Chennai
2014-08-13,2014,8,Chennai nungambakkam,5.9,Chennai
2014-08-13,2014,8,Chennai AP,5.7,Chennai
2014-08-15,2014,8,Chennai nungambakkam,2.6,Chennai
2014-08-15,2014,8,DGP Office,2.4,Chennai
2014-08-15,2014,8,Pachaiyappa college,1.7,Chennai
2014-08-15,2014,8,Chennai AP,0.1,Chennai
2014-08-19,2014,8,Chennai AP,0.2,Chennai
2014-08-25,2014,8,DGP Office,98.6,Chennai
2014-08-25,2014,8,Pachaiyappa college,97.3,Chennai
2014-08-25,2014,8,Anna university,89.6,Chennai
2014-08-25,2014,8,Chennai nungambakkam,89.3,Chennai
2014-08-25,2014,8,Chennai AP,85.2,Chennai
2014-08-25,2014,8,Ambathur,15.0,Chennai
2014-08-27,2014,8,Chennai nungambakkam,5.4,Chennai
2014-08-27,2014,8,Anna university,3.2,Chennai
2014-08-27,2014,8,Chennai AP,0.2,Chennai
2014-08-30,2014,8,Chennai nungambakkam,0.4,Chennai
2014-09-04,2014,9,Chennai AP,59.2,Chennai
2014-09-04,2014,9,Anna university,43.6,Chennai
2014-09-04,2014,9,Ambathur,35.0,Chennai
2014-09-04,2014,9,Chennai nungambakkam,26.9,Chennai
2014-09-04,2014,9,DGP Office,23.2,Chennai
2014-09-04,2014,9,Pachaiyappa college,22.6,Chennai
2014-09-05,2014,9,Chennai nungambakkam,0.1,Chennai
2014-09-06,2014,9,Ambathur,33.0,Chennai
2014-09-06,2014,9,Chennai nungambakkam,33.0,Chennai
2014-09-06,2014,9,DGP Office,22.4,Chennai
2014-09-06,2014,9,Pachaiyappa college,21.6,Chennai
2014-09-06,2014,9,Anna university,16.1,Chennai
2014-09-06,2014,9,Chennai AP,15.8,Chennai
2014-09-07,2014,9,Pachaiyappa college,4.9,Chennai
2014-09-07,2014,9,DGP Office,4.2,Chennai
2014-09-07,2014,9,Chennai nungambakkam,2.8,Chennai
2014-09-07,2014,9,Anna university,1.3,Chennai
2014-09-07,2014,9,Chennai AP,0.1,Chennai
2014-09-08,2014,9,DGP Office,24.8,Chennai
2014-09-08,2014,9,Pachaiyappa college,23.4,Chennai
2014-09-08,2014,9,Chennai nungambakkam,8.1,Chennai
2014-09-08,2014,9,Anna university,4.2,Chennai
2014-09-08,2014,9,Chennai AP,3.7,Chennai
2014-09-09,2014,9,Chennai AP,0.1,Chennai
2014-09-12,2014,9,Chennai nungambakkam,1.2,Chennai
2014-09-12,2014,9,Anna university,0.2,Chennai
2014-09-13,2014,9,Ambathur,5.0,Chennai
2014-09-13,2014,9,Anna university,5.0,Chennai
2014-09-13,2014,9,DGP Office,3.6,Chennai
2014-09-13,2014,9,Pachaiyappa college,3.1,Chennai
2014-09-13,2014,9,Chennai nungambakkam,2.2,Chennai
2014-09-13,2014,9,Chennai AP,0.6,Chennai
2014-09-14,2014,9,Chennai nungambakkam,0.3,Chennai
2014-09-14,2014,9,Chennai AP,0.2,Chennai
2014-09-15,2014,9,Chennai nungambakkam,14.1,Chennai
2014-09-15,2014,9,DGP Office,10.2,Chennai
2014-09-15,2014,9,Anna university,7.6,Chennai
2014-09-15,2014,9,Pachaiyappa college,4.7,Chennai
2014-09-15,2014,9,Chennai AP,3.0,Chennai
2014-09-15,2014,9,Ambathur,2.0,Chennai
2014-09-16,2014,9,Anna university,26.2,Chennai
2014-09-16,2014,9,Ambathur,26.0,Chennai
2014-09-16,2014,9,Chennai AP,24.8,Chennai
2014-09-16,2014,9,Pachaiyappa college,23.9,Chennai
2014-09-16,2014,9,DGP Office,23.2,Chennai
2014-09-16,2014,9,Chennai nungambakkam,21.4,Chennai
2014-09-17,2014,9,Anna university,6.6,Chennai
2014-09-17,2014,9,Chennai AP,1.3,Chennai
2014-09-17,2014,9,Chennai nungambakkam,0.7,Chennai
2014-09-18,2014,9,Chennai AP,4.5,Chennai
2014-09-18,2014,9,Anna university,3.6,Chennai
2014-09-18,2014,9,Ambathur,3.0,Chennai
2014-09-18,2014,9,Pachaiyappa college,2.9,Chennai
2014-09-18,2014,9,Chennai nungambakkam,2.5,Chennai
2014-09-18,2014,9,DGP Office,2.4,Chennai
2014-09-19,2014,9,Chennai AP,0.8,Chennai
2014-09-19,2014,9,Anna university,0.2,Chennai
2014-09-20,2014,9,Chennai nungambakkam,0.2,Chennai
2014-09-22,2014,9,Chennai AP,31.2,Chennai
2014-09-22,2014,9,Anna university,23.6,Chennai
2014-09-22,2014,9,Ambathur,18.0,Chennai
2014-09-22,2014,9,Chennai nungambakkam,13.1,Chennai
2014-09-22,2014,9,DGP Office,8.6,Chennai
2014-09-22,2014,9,Pachaiyappa college,8.3,Chennai
2014-09-25,2014,9,Chennai AP,1.1,Chennai
2014-09-27,2014,9,Ambathur,2.0,Chennai
2014-09-28,2014,9,DGP Office,15.4,Chennai
2014-09-28,2014,9,Pachaiyappa college,14.8,Chennai
2014-09-28,2014,9,Anna university,5.6,Chennai
2014-09-28,2014,9,Chennai AP,4.4,Chennai
2014-09-28,2014,9,Chennai nungambakkam,3.5,Chennai
2014-09-29,2014,9,Ambathur,4.0,Chennai
2014-09-29,2014,9,Chennai nungambakkam,0.5,Chennai
2014-09-29,2014,9,Chennai AP,0.5,Chennai
2014-09-30,2014,9,Anna university,1.8,Chennai
2014-10-08,2014,10,Chennai AP,14.8,Chennai
2014-10-08,2014,10,DGP Office,7.2,Chennai
2014-10-08,2014,10,Pachaiyappa college,6.7,Chennai
2014-10-08,2014,10,Chennai nungambakkam,4.8,Chennai
2014-10-10,2014,10,Chennai nungambakkam,18.6,Chennai
2014-10-10,2014,10,Chennai AP,4.4,Chennai
2014-10-16,2014,10,DGP Office,15.8,Chennai
2014-10-16,2014,10,Pachaiyappa college,10.1,Chennai
2014-10-16,2014,10,Chennai AP,1.7,Chennai
2014-10-16,2014,10,Chennai nungambakkam,0.5,Chennai
2014-10-17,2014,10,Chennai AP,3.4,Chennai
2014-10-17,2014,10,DGP Office,2.4,Chennai
2014-10-17,2014,10,Pachaiyappa college,1.9,Chennai
2014-10-17,2014,10,Chennai nungambakkam,0.2,Chennai
2014-10-17,2014,10,Anna university,0.1,Chennai
2014-10-18,2014,10,DGP Office,180.6,Chennai
2014-10-18,2014,10,Pachaiyappa college,180.1,Chennai
2014-10-18,2014,10,Chennai nungambakkam,161.9,Chennai
2014-10-18,2014,10,Chennai AP,115.3,Chennai
2014-10-18,2014,10,Anna university,71.2,Chennai
2014-10-18,2014,10,Ambathur,14.0,Chennai
2014-10-19,2014,10,Anna university,93.4,Chennai
2014-10-19,2014,10,Chennai AP,74.8,Chennai
2014-10-19,2014,10,DGP Office,62.6,Chennai
2014-10-19,2014,10,Pachaiyappa college,62.1,Chennai
2014-10-19,2014,10,Chennai nungambakkam,52.0,Chennai
2014-10-19,2014,10,Ambathur,18.0,Chennai
2014-10-20,2014,10,DGP Office,46.8,Chennai
2014-10-20,2014,10,Chennai nungambakkam,42.1,Chennai
2014-10-20,2014,10,Pachaiyappa college,41.8,Chennai
2014-10-20,2014,10,Chennai AP,33.2,Chennai
2014-10-20,2014,10,Anna university,30.8,Chennai
2014-10-20,2014,10,Ambathur,28.0,Chennai
2014-10-21,2014,10,DGP Office,54.8,Chennai
2014-10-21,2014,10,Pachaiyappa college,54.3,Chennai
2014-10-21,2014,10,Chennai nungambakkam,32.9,Chennai
2014-10-21,2014,10,Anna university,27.4,Chennai
2014-10-21,2014,10,Chennai AP,24.0,Chennai
2014-10-22,2014,10,Ambathur,6.0,Chennai
2014-10-22,2014,10,Chennai nungambakkam,0.1,Chennai
2014-10-23,2014,10,Ambathur,13.0,Chennai
2014-10-23,2014,10,DGP Office,5.4,Chennai
2014-10-23,2014,10,Chennai nungambakkam,5.4,Chennai
2014-10-23,2014,10,Pachaiyappa college,4.9,Chennai
2014-10-23,2014,10,Chennai AP,3.8,Chennai
2014-10-23,2014,10,Anna university,2.0,Chennai
2014-10-24,2014,10,Chennai AP,85.8,Chennai
2014-10-24,2014,10,Chennai nungambakkam,78.1,Chennai
2014-10-24,2014,10,Anna university,71.2,Chennai
2014-10-24,2014,10,DGP Office,71.2,Chennai
2014-10-24,2014,10,Pachaiyappa college,70.7,Chennai
2014-10-24,2014,10,Ambathur,58.0,Chennai
2014-10-25,2014,10,Ambathur,9.0,Chennai
2014-10-25,2014,10,DGP Office,5.2,Chennai
2014-10-25,2014,10,Pachaiyappa college,4.7,Chennai
2014-10-25,2014,10,Anna university,1.0,Chennai
2014-10-25,2014,10,Chennai nungambakkam,0.8,Chennai
2014-10-25,2014,10,Chennai AP,0.3,Chennai
2014-10-26,2014,10,Anna university,11.8,Chennai
2014-10-26,2014,10,Chennai nungambakkam,6.8,Chennai
2014-10-26,2014,10,DGP Office,5.4,Chennai
2014-10-26,2014,10,Pachaiyappa college,4.9,Chennai
2014-10-26,2014,10,Chennai AP,0.8,Chennai
2014-10-27,2014,10,Chennai AP,5.3,Chennai
2014-10-27,2014,10,DGP Office,2.4,Chennai
2014-10-27,2014,10,Pachaiyappa college,1.9,Chennai
2014-10-27,2014,10,Anna university,1.0,Chennai
2014-10-28,2014,10,DGP Office,20.4,Chennai
2014-10-28,2014,10,Pachaiyappa college,19.9,Chennai
2014-10-28,2014,10,Chennai nungambakkam,1.3,Chennai
2014-11-01,2014,11,DGP Office,36.4,Chennai
2014-11-01,2014,11,Pachaiyappa college,35.9,Chennai
2014-11-01,2014,11,Chennai nungambakkam,32.8,Chennai
2014-11-01,2014,11,Ambathur,30.0,Chennai
2014-11-01,2014,11,Anna university,28.6,Chennai
2014-11-01,2014,11,Chennai AP,26.6,Chennai
2014-11-02,2014,11,Chennai AP,19.8,Chennai
2014-11-02,2014,11,Chennai nungambakkam,18.7,Chennai
2014-11-02,2014,11,DGP Office,13.4,Chennai
2014-11-02,2014,11,Ambathur,13.0,Chennai
2014-11-02,2014,11,Pachaiyappa college,12.9,Chennai
2014-11-02,2014,11,Anna university,12.6,Chennai
2014-11-03,2014,11,Chennai nungambakkam,24.6,Chennai
2014-11-03,2014,11,DGP Office,13.4,Chennai
2014-11-03,2014,11,Pachaiyappa college,12.9,Chennai
2014-11-03,2014,11,Ambathur,11.0,Chennai
2014-11-03,2014,11,Anna university,10.2,Chennai
2014-11-03,2014,11,Chennai AP,9.1,Chennai
2014-11-04,2014,11,DGP Office,2.4,Chennai
2014-11-04,2014,11,Pachaiyappa college,1.9,Chennai
2014-11-04,2014,11,Chennai nungambakkam,0.1,Chennai
2014-11-09,2014,11,Chennai nungambakkam,2.2,Chennai
2014-11-09,2014,11,Chennai AP,0.5,Chennai
2014-11-12,2014,11,Ambathur,30.0,Chennai
2014-11-12,2014,11,Chennai AP,25.9,Chennai
2014-11-12,2014,11,Anna university,21.6,Chennai
2014-11-12,2014,11,DGP Office,18.0,Chennai
2014-11-12,2014,11,Pachaiyappa college,17.5,Chennai
2014-11-12,2014,11,Chennai nungambakkam,13.0,Chennai
2014-11-13,2014,11,Chennai nungambakkam,80.2,Chennai
2014-11-13,2014,11,Ambathur,80.0,Chennai
2014-11-13,2014,11,Anna university,77.2,Chennai
2014-11-13,2014,11,Chennai AP,77.1,Chennai
2014-11-13,2014,11,DGP Office,60.4,Chennai
2014-11-13,2014,11,Pachaiyappa college,59.9,Chennai
2014-11-14,2014,11,Anna university,22.6,Chennai
2014-11-14,2014,11,Ambathur,22.0,Chennai
2014-11-14,2014,11,Chennai AP,20.4,Chennai
2014-11-14,2014,11,DGP Office,18.4,Chennai
2014-11-14,2014,11,Pachaiyappa college,17.9,Chennai
2014-11-14,2014,11,Chennai nungambakkam,16.0,Chennai
2014-11-15,2014,11,DGP Office,10.4,Chennai
2014-11-15,2014,11,Pachaiyappa college,9.9,Chennai
2014-11-15,2014,11,Chennai nungambakkam,8.9,Chennai
2014-11-15,2014,11,Anna university,6.8,Chennai
2014-11-15,2014,11,Chennai AP,5.6,Chennai
2014-11-16,2014,11,Anna university,0.8,Chennai
2014-12-01,2014,12,Chennai AP,2.6,Chennai
2014-12-01,2014,12,Chennai nungambakkam,1.6,Chennai
2014-12-01,2014,12,Anna university,1.2,Chennai
2014-12-10,2014,12,DGP Office,12.6,Chennai
2014-12-10,2014,12,Pachaiyappa college,12.1,Chennai
2014-12-10,2014,12,Chennai nungambakkam,11.1,Chennai
2014-12-10,2014,12,Chennai AP,4.1,Chennai
2014-12-10,2014,12,Ambathur,2.0,Chennai
2014-12-10,2014,12,Anna university,1.0,Chennai
2014-12-11,2014,12,Chennai AP,35.4,Chennai
2014-12-11,2014,12,DGP Office,24.6,Chennai
2014-12-11,2014,12,Pachaiyappa college,24.1,Chennai
2014-12-11,2014,12,Anna university,19.2,Chennai
2014-12-11,2014,12,Ambathur,19.0,Chennai
2014-12-11,2014,12,Chennai nungambakkam,14.4,Chennai
2014-12-12,2014,12,Ambathur,26.0,Chennai
2014-12-12,2014,12,Chennai AP,21.7,Chennai
2014-12-12,2014,12,Anna university,13.2,Chennai
2014-12-12,2014,12,Chennai nungambakkam,11.8,Chennai
2014-12-12,2014,12,DGP Office,3.8,Chennai
2014-12-12,2014,12,Pachaiyappa college,3.3,Chennai
2014-12-13,2014,12,Chennai AP,9.8,Chennai
2014-12-13,2014,12,Ambathur,3.0,Chennai
2014-12-13,2014,12,Chennai nungambakkam,1.9,Chennai
2014-12-13,2014,12,Anna university,1.6,Chennai
2014-12-14,2014,12,Ambathur,11.0,Chennai
2014-12-14,2014,12,Chennai AP,5.4,Chennai
2014-12-14,2014,12,Chennai nungambakkam,5.2,Chennai
2014-12-14,2014,12,Anna university,0.4,Chennai
2014-12-16,2014,12,DGP Office,11.6,Chennai
2014-12-16,2014,12,Pachaiyappa college,11.1,Chennai
2014-12-16,2014,12,Ambathur,7.0,Chennai
2014-12-16,2014,12,Anna university,2.4,Chennai
2014-12-16,2014,12,Chennai AP,0.5,Chennai
2014-12-22,2014,12,Chennai AP,0.7,Chennai
2014-12-22,2014,12,Chennai nungambakkam,0.5,Chennai
2014-12-29,2014,12,DGP Office,26.3,Chennai
2014-12-29,2014,12,Pachaiyappa college,25.8,Chennai
2014-12-29,2014,12,Chennai nungambakkam,16.5,Chennai
2014-12-29,2014,12,Anna university,15.6,Chennai
2014-12-29,2014,12,Chennai AP,14.3,Chennai
2014-12-29,2014,12,Ambathur,9.0,Chennai
2014-12-30,2014,12,DGP Office,92.4,Chennai
2014-12-30,2014,12,Pachaiyappa college,91.9,Chennai
2014-12-30,2014,12,Anna university,86.6,Chennai
2014-12-30,2014,12,Chennai nungambakkam,86.6,Chennai
2014-12-30,2014,12,Chennai AP,70.4,Chennai
2014-12-30,2014,12,Ambathur,65.0,Chennai
2014-12-31,2014,12,Ambathur,5.0,Chennai
2014-12-31,2014,12,Anna university,0.6,Chennai
2014-12-31,2014,12,Chennai nungambakkam,0.3,Chennai
2015-01-01,2015,1,DGP Office,4.6,Chennai
2015-01-01,2015,1,Pachaiyappa college,4.1,Chennai
2015-01-02,2015,1,Anna university,17.2,Chennai
2015-01-02,2015,1,DGP Office,2.4,Chennai
2015-01-02,2015,1,Chennai nungambakkam,2.0,Chennai
2015-01-02,2015,1,Pachaiyappa college,1.9,Chennai
2015-01-02,2015,1,Chennai AP,0.4,Chennai
2015-01-23,2015,1,Chennai AP,0.5,Chennai
2015-01-24,2015,1,Chennai AP,3.6,Chennai
2015-01-24,2015,1,Chennai nungambakkam,3.2,Chennai
2015-01-25,2015,1,DGP Office,4.6,Chennai
2015-01-25,2015,1,Pachaiyappa college,4.1,Chennai
2015-01-25,2015,1,Chennai AP,3.5,Chennai
2015-01-25,2015,1,Chennai nungambakkam,2.6,Chennai
2015-01-25,2015,1,Anna university,2.6,Chennai
2015-04-13,2015,4,DGP Office,1.2,Chennai
2015-04-13,2015,4,Pachaiyappa college,0.7,Chennai
2015-04-13,2015,4,Chennai AP,0.4,Chennai
2015-04-13,2015,4,Chennai nungambakkam,0.2,Chennai
2015-04-14,2015,4,DGP Office,1.2,Chennai
2015-04-14,2015,4,Chennai AP,0.7,Chennai
2015-04-14,2015,4,Pachaiyappa college,0.7,Chennai
2015-04-14,2015,4,Chennai nungambakkam,0.2,Chennai
2015-04-14,2015,4,Anna university,0.2,Chennai
2015-04-15,2015,4,Chennai AP,3.2,Chennai
2015-04-15,2015,4,Chennai nungambakkam,0.9,Chennai
2015-04-16,2015,4,Chennai AP,103.2,Chennai
2015-04-16,2015,4,Anna university,69.2,Chennai
2015-04-16,2015,4,DGP Office,27.4,Chennai
2015-04-16,2015,4,Pachaiyappa college,22.5,Chennai
2015-04-16,2015,4,Ambathur,10.0,Chennai
2015-04-16,2015,4,Chennai nungambakkam,2.6,Chennai
2015-04-25,2015,4,DGP Office,23.4,Chennai
2015-04-25,2015,4,Pachaiyappa college,18.4,Chennai
2015-04-25,2015,4,Chennai nungambakkam,8.4,Chennai
2015-04-25,2015,4,Chennai AP,6.0,Chennai
2015-04-25,2015,4,Anna university,5.2,Chennai
2015-04-25,2015,4,Ambathur,5.0,Chennai
2015-04-26,2015,4,DGP Office,4.6,Chennai
2015-04-27,2015,4,DGP Office,8.4,Chennai
2015-04-27,2015,4,Pachaiyappa college,3.4,Chennai
2015-05-13,2015,5,DGP Office,2.4,Chennai
2015-05-13,2015,5,Chennai nungambakkam,0.1,Chennai
2015-05-14,2015,5,Chennai AP,8.1,Chennai
2015-05-14,2015,5,DGP Office,4.6,Chennai
2015-05-14,2015,5,Anna university,4.6,Chennai
2015-05-14,2015,5,Chennai nungambakkam,3.9,Chennai
2015-05-14,2015,5,Ambathur,3.0,Chennai
2015-05-15,2015,5,Chennai AP,12.0,Chennai
2015-05-15,2015,5,Ambathur,4.0,Chennai
2015-05-15,2015,5,Chennai nungambakkam,3.9,Chennai
2015-05-16,2015,5,Chennai AP,4.6,Chennai
2015-05-17,2015,5,Chennai AP,4.8,Chennai
2015-06-02,2015,6,DGP Office,4.6,Chennai
2015-06-02,2015,6,Chennai nungambakkam,0.9,Chennai
2015-06-02,2015,6,Chennai AP,0.5,Chennai
2015-06-02,2015,6,Anna university,0.4,Chennai
2015-06-03,2015,6,DGP Office,2.4,Chennai
2015-06-03,2015,6,Chennai nungambakkam,1.2,Chennai
2015-06-03,2015,6,Anna university,0.8,Chennai
2015-06-03,2015,6,Chennai AP,0.6,Chennai
2015-06-07,2015,6,Ambathur,4.0,Chennai
2015-06-10,2015,6,Ambathur,6.0,Chennai
2015-06-10,2015,6,DGP Office,2.4,Chennai
2015-06-10,2015,6,Chennai nungambakkam,2.0,Chennai
2015-06-10,2015,6,Anna university,2.0,Chennai
2015-06-10,2015,6,Chennai AP,1.0,Chennai
2015-06-12,2015,6,Chennai AP,23.2,Chennai
2015-06-12,2015,6,Anna university,14.0,Chennai
2015-06-12,2015,6,Chennai nungambakkam,6.0,Chennai
2015-06-12,2015,6,Ambathur,4.0,Chennai
2015-06-12,2015,6,DGP Office,2.4,Chennai
2015-06-13,2015,6,Ambathur,2.0,Chennai
2015-06-15,2015,6,Chennai AP,4.2,Chennai
2015-06-15,2015,6,Ambathur,3.0,Chennai
2015-06-17,2015,6,DGP Office,6.8,Chennai
2015-06-17,2015,6,Ambathur,6.0,Chennai
2015-06-17,2015,6,Chennai AP,4.8,Chennai
2015-06-17,2015,6,Chennai nungambakkam,3.8,Chennai
2015-06-17,2015,6,Anna university,3.4,Chennai
2015-06-18,2015,6,Chennai nungambakkam,0.2,Chennai
2015-06-18,2015,6,Chennai AP,0.1,Chennai
2015-06-19,2015,6,DGP Office,2.4,Chennai
2015-06-19,2015,6,Chennai nungambakkam,1.2,Chennai
2015-06-19,2015,6,Chennai AP,1.0,Chennai
2015-06-19,2015,6,Anna university,0.4,Chennai
2015-06-20,2015,6,Chennai nungambakkam,0.4,Chennai
2015-06-20,2015,6,Chennai AP,0.1,Chennai
2015-06-21,2015,6,Ambathur,5.0,Chennai
2015-06-21,2015,6,DGP Office,2.4,Chennai
2015-06-21,2015,6,Chennai nungambakkam,1.9,Chennai
2015-06-24,2015,6,Chennai nungambakkam,1.2,Chennai
2015-06-24,2015,6,Chennai AP,0.8,Chennai
2015-06-26,2015,6,Chennai AP,0.5,Chennai
2015-06-28,2015,6,Chennai AP,14.0,Chennai
2015-06-28,2015,6,DGP Office,12.6,Chennai
2015-06-28,2015,6,Ambathur,6.0,Chennai
2015-06-28,2015,6,Anna university,5.4,Chennai
2015-06-28,2015,6,Chennai nungambakkam,1.5,Chennai
2015-06-29,2015,6,Chennai AP,0.8,Chennai
2015-07-01,2015,7,Ambathur,11.0,Chennai
2015-07-01,2015,7,DGP Office,8.6,Chennai
2015-07-01,2015,7,Chennai nungambakkam,1.8,Chennai
2015-07-01,2015,7,Chennai AP,1.7,Chennai
2015-07-01,2015,7,Anna university,0.4,Chennai
2015-07-03,2015,7,Ambathur,5.0,Chennai
2015-07-03,2015,7,Chennai nungambakkam,3.5,Chennai
2015-07-03,2015,7,DGP Office,3.4,Chennai
2015-07-03,2015,7,Chennai AP,2.4,Chennai
2015-07-03,2015,7,Anna university,0.2,Chennai
2015-07-10,2015,7,Anna university,4.6,Chennai
2015-07-10,2015,7,Chennai nungambakkam,3.7,Chennai
2015-07-10,2015,7,Chennai AP,3.3,Chennai
2015-07-10,2015,7,DGP Office,3.2,Chennai
2015-07-10,2015,7,Ambathur,2.0,Chennai
2015-07-11,2015,7,Chennai nungambakkam,27.1,Chennai
2015-07-11,2015,7,Ambathur,27.0,Chennai
2015-07-11,2015,7,DGP Office,25.4,Chennai
2015-07-11,2015,7,Anna university,10.6,Chennai
2015-07-11,2015,7,Chennai AP,7.9,Chennai
2015-07-12,2015,7,Chennai nungambakkam,0.5,Chennai
2015-07-12,2015,7,Chennai AP,0.1,Chennai
2015-07-14,2015,7,Ambathur,4.0,Chennai
2015-07-14,2015,7,Chennai AP,2.4,Chennai
2015-07-14,2015,7,Chennai nungambakkam,0.6,Chennai
2015-07-15,2015,7,Chennai nungambakkam,0.1,Chennai
2015-07-16,2015,7,Chennai nungambakkam,0.4,Chennai
2015-07-18,2015,7,DGP Office,30.4,Chennai
2015-07-18,2015,7,Chennai nungambakkam,28.2,Chennai
2015-07-18,2015,7,Anna university,23.4,Chennai
2015-07-18,2015,7,Chennai AP,14.4,Chennai
2015-07-18,2015,7,Ambathur,2.0,Chennai
2015-07-19,2015,7,Chennai AP,31.5,Chennai
2015-07-19,2015,7,Anna university,26.0,Chennai
2015-07-19,2015,7,DGP Office,15.8,Chennai
2015-07-19,2015,7,Chennai nungambakkam,13.3,Chennai
2015-07-19,2015,7,Ambathur,9.0,Chennai
2015-07-20,2015,7,Chennai nungambakkam,18.6,Chennai
2015-07-20,2015,7,Ambathur,13.0,Chennai
2015-07-20,2015,7,DGP Office,7.6,Chennai
2015-07-20,2015,7,Anna university,2.2,Chennai
2015-07-20,2015,7,Chennai AP,0.2,Chennai
2015-07-21,2015,7,Chennai AP,3.0,Chennai
2015-07-21,2015,7,Anna university,0.2,Chennai
2015-07-22,2015,7,Chennai AP,4.4,Chennai
2015-07-23,2015,7,Chennai nungambakkam,30.7,Chennai
2015-07-23,2015,7,Chennai AP,24.7,Chennai
2015-07-23,2015,7,DGP Office,13.4,Chennai
2015-07-23,2015,7,Ambathur,12.0,Chennai
2015-07-23,2015,7,Anna university,10.6,Chennai
2015-07-24,2015,7,Anna university,33.2,Chennai
2015-07-24,2015,7,Chennai AP,17.4,Chennai
2015-07-24,2015,7,DGP Office,14.4,Chennai
2015-07-24,2015,7,Chennai nungambakkam,14.0,Chennai
2015-07-24,2015,7,Ambathur,8.0,Chennai
2015-07-25,2015,7,Ambathur,7.0,Chennai
2015-07-26,2015,7,DGP Office,5.2,Chennai
2015-07-26,2015,7,Chennai nungambakkam,2.0,Chennai
2015-07-26,2015,7,Ambathur,2.0,Chennai
2015-07-26,2015,7,Anna university,0.6,Chennai
2015-07-27,2015,7,Ambathur,43.0,Chennai
2015-07-27,2015,7,Chennai nungambakkam,37.5,Chennai
2015-07-27,2015,7,DGP Office,21.2,Chennai
2015-07-27,2015,7,Anna university,17.2,Chennai
2015-07-27,2015,7,Chennai AP,6.3,Chennai
2015-07-28,2015,7,Ambathur,26.0,Chennai
2015-07-28,2015,7,Chennai nungambakkam,22.8,Chennai
2015-07-28,2015,7,DGP Office,10.2,Chennai
2015-07-28,2015,7,Anna university,2.0,Chennai
2015-07-28,2015,7,Chennai AP,1.2,Chennai
2015-07-29,2015,7,Chennai AP,13.8,Chennai
2015-07-29,2015,7,Ambathur,13.0,Chennai
2015-07-29,2015,7,Anna university,3.0,Chennai
2015-07-29,2015,7,DGP Office,1.2,Chennai
2015-07-29,2015,7,Chennai nungambakkam,1.1,Chennai
2015-08-01,2015,8,Chennai AP,56.4,Chennai
2015-08-01,2015,8,Anna university,37.2,Chennai
2015-08-01,2015,8,DGP Office,21.4,Chennai
2015-08-01,2015,8,Chennai nungambakkam,7.6,Chennai
2015-08-01,2015,8,Ambathur,2.0,Chennai
2015-08-02,2015,8,Chennai AP,9.0,Chennai
2015-08-02,2015,8,Anna university,3.2,Chennai
2015-08-02,2015,8,Chennai nungambakkam,2.8,Chennai
2015-08-02,2015,8,Ambathur,2.0,Chennai
2015-08-02,2015,8,DGP Office,1.8,Chennai
2015-08-03,2015,8,Chennai nungambakkam,1.2,Chennai
2015-08-03,2015,8,Chennai AP,0.4,Chennai
2015-08-03,2015,8,Anna university,0.4,Chennai
2015-08-05,2015,8,Chennai AP,61.0,Chennai
2015-08-05,2015,8,Anna university,60.0,Chennai
2015-08-05,2015,8,DGP Office,57.2,Chennai
2015-08-05,2015,8,Ambathur,37.0,Chennai
2015-08-05,2015,8,Chennai nungambakkam,30.8,Chennai
2015-08-06,2015,8,DGP Office,23.2,Chennai
2015-08-06,2015,8,Anna university,13.0,Chennai
2015-08-06,2015,8,Chennai nungambakkam,6.2,Chennai
2015-08-06,2015,8,Chennai AP,1.3,Chennai
2015-08-06,2015,8,Ambathur,1.0,Chennai
2015-08-07,2015,8,Chennai AP,0.4,Chennai
2015-08-08,2015,8,Chennai AP,5.6,Chennai
2015-08-09,2015,8,Anna university,6.0,Chennai
2015-08-11,2015,8,Anna university,2.6,Chennai
2015-08-11,2015,8,Chennai AP,1.3,Chennai
2015-08-11,2015,8,Chennai nungambakkam,0.3,Chennai
2015-08-12,2015,8,Anna university,3.4,Chennai
2015-08-12,2015,8,Chennai nungambakkam,1.5,Chennai
2015-08-13,2015,8,Chennai AP,0.1,Chennai
2015-08-16,2015,8,Anna university,13.8,Chennai
2015-08-16,2015,8,Chennai AP,5.0,Chennai
2015-08-16,2015,8,Chennai nungambakkam,0.5,Chennai
2015-08-17,2015,8,Chennai nungambakkam,0.9,Chennai
2015-08-17,2015,8,Anna university,0.2,Chennai
2015-08-21,2015,8,Anna university,143.4,Chennai
2015-08-21,2015,8,Ambathur,34.0,Chennai
2015-08-21,2015,8,Chennai AP,23.1,Chennai
2015-08-21,2015,8,Chennai nungambakkam,14.6,Chennai
2015-08-21,2015,8,DGP Office,4.6,Chennai
2015-08-22,2015,8,Ambathur,9.0,Chennai
2015-08-22,2015,8,Chennai nungambakkam,5.3,Chennai
2015-08-22,2015,8,Chennai AP,4.7,Chennai
2015-08-22,2015,8,Anna university,3.0,Chennai
2015-08-23,2015,8,Ambathur,18.0,Chennai
2015-08-23,2015,8,Chennai nungambakkam,3.4,Chennai
2015-08-23,2015,8,Anna university,2.0,Chennai
2015-08-23,2015,8,DGP Office,1.4,Chennai
2015-08-23,2015,8,Chennai AP,0.9,Chennai
2015-08-27,2015,8,DGP Office,2.6,Chennai
2015-08-27,2015,8,Anna university,2.4,Chennai
2015-08-27,2015,8,Chennai AP,0.9,Chennai
2015-08-27,2015,8,Chennai nungambakkam,0.9,Chennai
2015-08-28,2015,8,DGP Office,3.4,Chennai
2015-08-28,2015,8,Chennai nungambakkam,1.5,Chennai
2015-08-28,2015,8,Chennai AP,0.4,Chennai
2015-08-30,2015,8,Chennai AP,1.7,Chennai
2015-08-31,2015,8,Ambathur,46.0,Chennai
2015-08-31,2015,8,Chennai nungambakkam,28.6,Chennai
2015-08-31,2015,8,DGP Office,8.4,Chennai
2015-08-31,2015,8,Anna university,3.6,Chennai
2015-08-31,2015,8,Chennai AP,1.0,Chennai
2015-09-08,2015,9,Chennai AP,0.4,Chennai
2015-09-10,2015,9,Chennai nungambakkam,47.5,Chennai
2015-09-10,2015,9,Anna university,37.8,Chennai
2015-09-10,2015,9,Chennai AP,35.2,Chennai
2015-09-10,2015,9,DGP Office,29.4,Chennai
2015-09-11,2015,9,DGP Office,3.4,Chennai
2015-09-11,2015,9,Ambathur,1.0,Chennai
2015-09-11,2015,9,Chennai nungambakkam,0.8,Chennai
2015-09-11,2015,9,Chennai AP,0.2,Chennai
2015-09-12,2015,9,Chennai AP,0.5,Chennai
2015-09-12,2015,9,Anna university,0.2,Chennai
2015-09-14,2015,9,Chennai AP,0.1,Chennai
2015-09-18,2015,9,Chennai AP,4.9,Chennai
2015-09-18,2015,9,Chennai nungambakkam,0.2,Chennai
2015-09-19,2015,9,Ambathur,12.0,Chennai
2015-09-19,2015,9,DGP Office,4.6,Chennai
2015-09-19,2015,9,Chennai nungambakkam,4.3,Chennai
2015-09-19,2015,9,Anna university,4.2,Chennai
2015-09-19,2015,9,Chennai AP,0.9,Chennai
2015-09-21,2015,9,DGP Office,48.4,Chennai
2015-09-21,2015,9,Chennai AP,23.2,Chennai
2015-09-21,2015,9,Chennai nungambakkam,22.2,Chennai
2015-09-21,2015,9,Anna university,19.0,Chennai
2015-09-21,2015,9,Ambathur,10.0,Chennai
2015-09-26,2015,9,Ambathur,2.0,Chennai
2015-09-29,2015,9,Chennai AP,1.0,Chennai
2015-09-30,2015,9,Chennai AP,0.1,Chennai
2015-10-01,2015,10,Ambathur,5.0,Chennai
2015-10-01,2015,10,Chennai AP,1.5,Chennai
2015-10-02,2015,10,Chennai AP,0.4,Chennai
2015-10-03,2015,10,Ambathur,39.0,Chennai
2015-10-03,2015,10,DGP Office,29.4,Chennai
2015-10-03,2015,10,Chennai nungambakkam,27.4,Chennai
2015-10-03,2015,10,Chennai AP,26.7,Chennai
2015-10-03,2015,10,Anna university,23.2,Chennai
2015-10-04,2015,10,Chennai nungambakkam,0.2,Chennai
2015-10-05,2015,10,Chennai AP,15.9,Chennai
2015-10-05,2015,10,Ambathur,1.0,Chennai
2015-10-05,2015,10,Chennai nungambakkam,0.4,Chennai
2015-10-06,2015,10,Ambathur,13.0,Chennai
2015-10-06,2015,10,Chennai nungambakkam,9.3,Chennai
2015-10-08,2015,10,Anna university,22.4,Chennai
2015-10-08,2015,10,Chennai AP,17.5,Chennai
2015-10-08,2015,10,DGP Office,16.4,Chennai
2015-10-08,2015,10,Ambathur,16.0,Chennai
2015-10-08,2015,10,Chennai nungambakkam,8.2,Chennai
2015-10-09,2015,10,DGP Office,13.6,Chennai
2015-10-09,2015,10,Chennai nungambakkam,5.6,Chennai
2015-10-09,2015,10,Ambathur,1.0,Chennai
2015-10-10,2015,10,Chennai nungambakkam,19.5,Chennai
2015-10-10,2015,10,Ambathur,19.0,Chennai
2015-10-10,2015,10,DGP Office,10.2,Chennai
2015-10-10,2015,10,Anna university,3.2,Chennai
2015-10-10,2015,10,Chennai AP,1.0,Chennai
2015-10-11,2015,10,Ambathur,30.0,Chennai
2015-10-11,2015,10,Anna university,26.4,Chennai
2015-10-11,2015,10,DGP Office,23.4,Chennai
2015-10-11,2015,10,Chennai AP,20.5,Chennai
2015-10-11,2015,10,Chennai nungambakkam,13.4,Chennai
2015-10-19,2015,10,Chennai AP,2.9,Chennai
2015-10-19,2015,10,Anna university,0.2,Chennai
2015-10-24,2015,10,Chennai nungambakkam,22.5,Chennai
2015-10-24,2015,10,Anna university,11.4,Chennai
2015-10-24,2015,10,Chennai AP,6.5,Chennai
2015-10-24,2015,10,Ambathur,4.0,Chennai
2015-10-26,2015,10,Chennai nungambakkam,1.6,Chennai
2015-10-26,2015,10,Anna university,0.2,Chennai
2015-10-27,2015,10,Chennai nungambakkam,5.2,Chennai
2015-10-27,2015,10,Chennai AP,0.4,Chennai
2015-10-28,2015,10,Ambathur,18.0,Chennai
2015-10-28,2015,10,Chennai AP,13.8,Chennai
2015-10-28,2015,10,Anna university,1.4,Chennai
2015-10-28,2015,10,Chennai nungambakkam,0.4,Chennai
2015-10-29,2015,10,Chennai nungambakkam,16.4,Chennai
2015-10-29,2015,10,Chennai AP,14.2,Chennai
2015-10-29,2015,10,Ambathur,9.0,Chennai
2015-10-29,2015,10,Anna university,8.6,Chennai
2015-10-29,2015,10,DGP Office,5.4,Chennai
2015-10-30,2015,10,DGP Office,40.2,Chennai
2015-10-30,2015,10,Anna university,31.2,Chennai
2015-10-30,2015,10,Chennai nungambakkam,24.4,Chennai
2015-10-30,2015,10,Chennai AP,13.1,Chennai
2015-10-30,2015,10,Ambathur,7.0,Chennai
2015-10-31,2015,10,Chennai AP,23.9,Chennai
2015-10-31,2015,10,DGP Office,11.2,Chennai
2015-10-31,2015,10,Chennai nungambakkam,5.3,Chennai
2015-10-31,2015,10,Anna university,2.6,Chennai
2015-10-31,2015,10,Ambathur,2.0,Chennai
2015-11-01,2015,11,Chennai nungambakkam,51.8,Chennai
2015-11-01,2015,11,Anna university,47.8,Chennai
2015-11-01,2015,11,Ambathur,23.0,Chennai
2015-11-01,2015,11,DGP Office,18.8,Chennai
2015-11-01,2015,11,Chennai AP,10.2,Chennai
2015-11-02,2015,11,Anna university,58.6,Chennai
2015-11-02,2015,11,Chennai AP,55.7,Chennai
2015-11-02,2015,11,DGP Office,50.2,Chennai
2015-11-02,2015,11,Chennai nungambakkam,27.5,Chennai
2015-11-02,2015,11,Ambathur,18.0,Chennai
2015-11-04,2015,11,Ambathur,34.0,Chennai
2015-11-04,2015,11,Chennai nungambakkam,0.6,Chennai
2015-11-04,2015,11,Chennai AP,0.2,Chennai
2015-11-04,2015,11,Anna university,0.2,Chennai
2015-11-05,2015,11,Anna university,4.8,Chennai
2015-11-05,2015,11,Chennai AP,3.6,Chennai
2015-11-05,2015,11,Chennai nungambakkam,0.1,Chennai
2015-11-06,2015,11,DGP Office,31.4,Chennai
2015-11-06,2015,11,Chennai nungambakkam,5.9,Chennai
2015-11-06,2015,11,Anna university,0.08,Chennai
2015-11-06,2015,11,Chennai AP,0.07,Chennai
2015-11-07,2015,11,Chennai AP,6.5,Chennai
2015-11-07,2015,11,Anna university,2.6,Chennai
2015-11-07,2015,11,DGP Office,2.2,Chennai
2015-11-08,2015,11,Anna university,40.6,Chennai
2015-11-08,2015,11,Chennai AP,24.2,Chennai
2015-11-08,2015,11,Ambathur,17.0,Chennai
2015-11-08,2015,11,DGP Office,13.6,Chennai
2015-11-08,2015,11,Chennai nungambakkam,12.7,Chennai
2015-11-09,2015,11,Ambathur,203.0,Chennai
2015-11-09,2015,11,Anna university,159.8,Chennai
2015-11-09,2015,11,Chennai nungambakkam,136.7,Chennai
2015-11-09,2015,11,DGP Office,134.8,Chennai
2015-11-09,2015,11,Chennai AP,121.5,Chennai
2015-11-10,2015,11,Ambathur,102.5,Chennai
2015-11-10,2015,11,Chennai nungambakkam,66.1,Chennai
2015-11-10,2015,11,DGP Office,47.6,Chennai
2015-11-10,2015,11,Chennai AP,47.4,Chennai
2015-11-10,2015,11,Anna university,42.8,Chennai
2015-11-11,2015,11,Chennai AP,26.1,Chennai
2015-11-11,2015,11,Ambathur,14.0,Chennai
2015-11-11,2015,11,DGP Office,6.6,Chennai
2015-11-11,2015,11,Chennai nungambakkam,4.8,Chennai
2015-11-11,2015,11,Anna university,4.2,Chennai
2015-11-12,2015,11,Chennai AP,74.0,Chennai
2015-11-12,2015,11,Chennai nungambakkam,61.0,Chennai
2015-11-12,2015,11,Anna university,60.2,Chennai
2015-11-12,2015,11,Ambathur,60.0,Chennai
2015-11-12,2015,11,DGP Office,43.2,Chennai
2015-11-13,2015,11,Chennai nungambakkam,149.8,Chennai
2015-11-13,2015,11,DGP Office,142.1,Chennai
2015-11-13,2015,11,Anna university,135.2,Chennai
2015-11-13,2015,11,Ambathur,119.0,Chennai
2015-11-13,2015,11,Chennai AP,117.6,Chennai
2015-11-14,2015,11,Chennai AP,10.22,Chennai
2015-11-14,2015,11,Chennai nungambakkam,9.0,Chennai
2015-11-14,2015,11,Ambathur,6.0,Chennai
2015-11-15,2015,11,DGP Office,15.4,Chennai
2015-11-15,2015,11,Anna university,15.2,Chennai
2015-11-15,2015,11,Chennai AP,13.2,Chennai
2015-11-15,2015,11,Chennai nungambakkam,12.8,Chennai
2015-11-16,2015,11,Chennai AP,265.5,Chennai
2015-11-16,2015,11,Chennai nungambakkam,246.5,Chennai
2015-11-16,2015,11,Ambathur,246.0,Chennai
2015-11-16,2015,11,DGP Office,232.8,Chennai
2015-11-16,2015,11,Anna university,175.8,Chennai
2015-11-17,2015,11,Chennai AP,41.5,Chennai
2015-11-17,2015,11,Ambathur,35.0,Chennai
2015-11-17,2015,11,Chennai nungambakkam,14.6,Chennai
2015-11-17,2015,11,DGP Office,13.2,Chennai
2015-11-17,2015,11,Anna university,3.6,Chennai
2015-11-19,2015,11,DGP Office,17.6,Chennai
2015-11-19,2015,11,Chennai nungambakkam,6.8,Chennai
2015-11-19,2015,11,Chennai AP,3.1,Chennai
2015-11-19,2015,11,Ambathur,2.0,Chennai
2015-11-19,2015,11,Anna university,1.4,Chennai
2015-11-20,2015,11,DGP Office,39.0,Chennai
2015-11-20,2015,11,Ambathur,38.0,Chennai
2015-11-20,2015,11,Chennai AP,36.2,Chennai
2015-11-20,2015,11,Chennai nungambakkam,27.9,Chennai
2015-11-20,2015,11,Anna university,20.2,Chennai
2015-11-21,2015,11,Chennai nungambakkam,28.8,Chennai
2015-11-21,2015,11,Ambathur,26.0,Chennai
2015-11-21,2015,11,Chennai AP,14.6,Chennai
2015-11-21,2015,11,Anna university,13.4,Chennai
2015-11-21,2015,11,DGP Office,12.4,Chennai
2015-11-22,2015,11,Chennai nungambakkam,23.0,Chennai
2015-11-22,2015,11,Ambathur,17.0,Chennai
2015-11-22,2015,11,Chennai AP,13.3,Chennai
2015-11-22,2015,11,DGP Office,11.6,Chennai
2015-11-22,2015,11,Anna university,7.8,Chennai
2015-11-23,2015,11,Chennai AP,51.7,Chennai
2015-11-23,2015,11,Ambathur,41.0,Chennai
2015-11-23,2015,11,Chennai nungambakkam,35.8,Chennai
2015-11-23,2015,11,Anna university,28.8,Chennai
2015-11-23,2015,11,DGP Office,16.6,Chennai
2015-11-24,2015,11,Anna university,152.4,Chennai
2015-11-24,2015,11,Chennai AP,139.1,Chennai
2015-11-24,2015,11,Chennai nungambakkam,93.0,Chennai
2015-11-24,2015,11,DGP Office,90.2,Chennai
2015-11-24,2015,11,Ambathur,60.0,Chennai
2015-11-26,2015,11,Chennai AP,0.03,Chennai
2015-11-26,2015,11,DGP Office,0.01,Chennai
2015-11-29,2015,11,Chennai AP,5.8,Chennai
2015-11-29,2015,11,Anna university,2.6,Chennai
2015-11-29,2015,11,DGP Office,1.4,Chennai
2015-11-29,2015,11,Chennai nungambakkam,0.8,Chennai
2015-11-29,2015,11,Ambathur,0.5,Chennai
2015-11-30,2015,11,Chennai AP,27.1,Chennai
2015-11-30,2015,11,Anna university,26.0,Chennai
2015-11-30,2015,11,DGP Office,24.8,Chennai
2015-11-30,2015,11,Chennai nungambakkam,23.5,Chennai
2015-11-30,2015,11,Ambathur,21.0,Chennai
2015-12-01,2015,12,DGP Office,49.3,Chennai
2015-12-01,2015,12,Anna university,35.2,Chennai
2015-12-01,2015,12,Ambathur,35.0,Chennai
2015-12-01,2015,12,Chennai AP,31.1,Chennai
2015-12-01,2015,12,Chennai nungambakkam,20.2,Chennai
2015-12-02,2015,12,Chennai AP,340.8,Chennai
2015-12-02,2015,12,Ambathur,292.0,Chennai
2015-12-02,2015,12,Chennai nungambakkam,291.5,Chennai
2015-12-02,2015,12,DGP Office,272.8,Chennai
2015-12-02,2015,12,Anna university,221.6,Chennai
2015-12-03,2015,12,Chennai AP,27.7,Chennai
2015-12-03,2015,12,Anna university,21.2,Chennai
2015-12-03,2015,12,DGP Office,20.5,Chennai
2015-12-03,2015,12,Chennai nungambakkam,16.0,Chennai
2015-12-04,2015,12,DGP Office,26.5,Chennai
2015-12-04,2015,12,Chennai AP,12.6,Chennai
2015-12-04,2015,12,Anna university,12.5,Chennai
2015-12-04,2015,12,Ambathur,11.0,Chennai
2015-12-04,2015,12,Chennai nungambakkam,5.0,Chennai
2015-12-05,2015,12,DGP Office,53.9,Chennai
2015-12-05,2015,12,Chennai nungambakkam,45.9,Chennai
2015-12-05,2015,12,Chennai AP,35.1,Chennai
2015-12-05,2015,12,Anna university,32.4,Chennai
2015-12-05,2015,12,Ambathur,4.0,Chennai
2015-12-06,2015,12,Chennai AP,21.0,Chennai
2015-12-06,2015,12,Chennai nungambakkam,12.09,Chennai
2015-12-06,2015,12,Ambathur,9.0,Chennai
2015-12-06,2015,12,Anna university,8.06,Chennai
2015-12-06,2015,12,DGP Office,3.04,Chennai
2015-12-07,2015,12,Ambathur,40.5,Chennai
2015-12-07,2015,12,Anna university,29.0,Chennai
2015-12-07,2015,12,Chennai AP,26.8,Chennai
2015-12-07,2015,12,DGP Office,26.2,Chennai
2015-12-07,2015,12,Chennai nungambakkam,24.6,Chennai
2015-12-09,2015,12,Chennai AP,6.6,Chennai
2015-12-09,2015,12,Chennai nungambakkam,6.6,Chennai
2015-12-09,2015,12,Anna university,6.6,Chennai
2015-12-09,2015,12,DGP Office,6.4,Chennai
2015-12-09,2015,12,Ambathur,1.0,Chennai
2015-12-10,2015,12,Chennai AP,3.5,Chennai
2015-12-10,2015,12,Anna university,2.4,Chennai
2015-12-10,2015,12,DGP Office,1.9,Chennai
2015-12-10,2015,12,Chennai nungambakkam,1.7,Chennai
2015-12-27,2015,12,Anna university,0.4,Chennai
2016-01-23,2016,1,Chennai AP,1.6,Chennai
2016-01-23,2016,1,Chennai nungambakkam,1.2,Chennai
2016-01-23,2016,1,Anna university,1.0,Chennai
2016-05-17,2016,5,Anna university,89.6,Chennai
2016-05-17,2016,5,Chennai AP,64.4,Chennai
2016-05-17,2016,5,Chennai nungambakkam,59.6,Chennai
2016-05-17,2016,5,DGP Office,34.2,Chennai
2016-05-17,2016,5,Ambathur,26.0,Chennai
2016-05-18,2016,5,Ambathur,86.0,Chennai
2016-05-18,2016,5,Anna university,80.01,Chennai
2016-05-18,2016,5,Chennai AP,50.9,Chennai
2016-05-18,2016,5,Chennai nungambakkam,45.8,Chennai
2016-05-18,2016,5,DGP Office,32.4,Chennai
2016-05-19,2016,5,Ambathur,42.5,Chennai
2016-06-07,2016,6,Chennai nungambakkam,36.4,Chennai
2016-06-07,2016,6,Chennai AP,29.8,Chennai
2016-06-07,2016,6,Ambathur,28.0,Chennai
2016-06-07,2016,6,Anna university,18.4,Chennai
2016-06-07,2016,6,DGP Office,8.6,Chennai
2016-06-08,2016,6,Chennai nungambakkam,53.2,Chennai
2016-06-08,2016,6,DGP Office,34.4,Chennai
2016-06-08,2016,6,Ambathur,31.0,Chennai
2016-06-08,2016,6,Anna university,14.2,Chennai
2016-06-08,2016,6,Chennai AP,4.4,Chennai
2016-06-09,2016,6,DGP Office,21.2,Chennai
2016-06-09,2016,6,Anna university,12.0,Chennai
2016-06-09,2016,6,Chennai nungambakkam,6.9,Chennai
2016-06-09,2016,6,Chennai AP,6.8,Chennai
2016-06-09,2016,6,Ambathur,1.0,Chennai
2016-06-20,2016,6,Chennai AP,10.6,Chennai
2016-06-20,2016,6,Chennai nungambakkam,9.2,Chennai
2016-06-20,2016,6,Anna university,0.4,Chennai
2016-06-22,2016,6,DGP Office,5.02,Chennai
2016-06-22,2016,6,Anna university,3.02,Chennai
2016-06-22,2016,6,Chennai nungambakkam,3.01,Chennai
2016-06-22,2016,6,Ambathur,3.0,Chennai
2016-06-22,2016,6,Chennai AP,2.01,Chennai
2016-06-23,2016,6,Ambathur,10.0,Chennai
2016-06-25,2016,6,Anna university,1.02,Chennai
2016-06-25,2016,6,Chennai AP,0.6,Chennai
2016-06-25,2016,6,Chennai nungambakkam,0.4,Chennai
2016-06-26,2016,6,Chennai AP,6.2,Chennai
2016-06-26,2016,6,DGP Office,4.2,Chennai
2016-06-26,2016,6,Anna university,3.2,Chennai
2016-06-26,2016,6,Chennai nungambakkam,2.1,Chennai
2016-06-26,2016,6,Ambathur,1.0,Chennai
2016-06-27,2016,6,Anna university,23.02,Chennai
2016-06-27,2016,6,Chennai AP,17.02,Chennai
2016-06-27,2016,6,DGP Office,16.08,Chennai
2016-06-27,2016,6,Ambathur,12.0,Chennai
2016-06-27,2016,6,Chennai nungambakkam,10.08,Chennai
2016-06-28,2016,6,Ambathur,1.0,Chennai
2016-06-29,2016,6,Ambathur,37.0,Chennai
2016-06-29,2016,6,Chennai AP,28.08,Chennai
2016-06-29,2016,6,DGP Office,14.08,Chennai
2016-06-29,2016,6,Anna university,14.02,Chennai
2016-06-29,2016,6,Chennai nungambakkam,13.01,Chennai
2016-06-30,2016,6,Anna university,3.6,Chennai
2016-06-30,2016,6,Chennai nungambakkam,2.7,Chennai
2016-06-30,2016,6,DGP Office,2.4,Chennai
2016-06-30,2016,6,Chennai AP,2.3,Chennai
2016-06-30,2016,6,Ambathur,2.0,Chennai
2016-07-03,2016,7,Ambathur,7.0,Chennai
2016-07-07,2016,7,Chennai nungambakkam,21.9,Chennai
2016-07-07,2016,7,Chennai AP,17.8,Chennai
2016-07-07,2016,7,Anna university,15.2,Chennai
2016-07-07,2016,7,DGP Office,10.6,Chennai
2016-07-07,2016,7,Ambathur,5.0,Chennai
2016-07-08,2016,7,Anna university,10.4,Chennai
2016-07-08,2016,7,DGP Office,6.8,Chennai
2016-07-08,2016,7,Chennai nungambakkam,6.4,Chennai
2016-07-08,2016,7,Chennai AP,5.1,Chennai
2016-07-08,2016,7,Ambathur,2.0,Chennai
2016-07-18,2016,7,Chennai AP,35.6,Chennai
2016-07-18,2016,7,DGP Office,6.2,Chennai
2016-07-18,2016,7,Chennai nungambakkam,1.6,Chennai
2016-07-18,2016,7,Ambathur,1.0,Chennai
2016-07-19,2016,7,Chennai AP,7.6,Chennai
2016-07-19,2016,7,DGP Office,2.4,Chennai
2016-07-19,2016,7,Anna university,2.2,Chennai
2016-07-19,2016,7,Chennai nungambakkam,0.7,Chennai
2016-07-20,2016,7,DGP Office,10.08,Chennai
2016-07-20,2016,7,Anna university,10.02,Chennai
2016-07-20,2016,7,Chennai AP,7.0,Chennai
2016-07-20,2016,7,Chennai nungambakkam,3.07,Chennai
2016-07-20,2016,7,Ambathur,2.0,Chennai
2016-07-21,2016,7,DGP Office,15.6,Chennai
2016-07-21,2016,7,Chennai nungambakkam,0.8,Chennai
2016-07-23,2016,7,DGP Office,4.6,Chennai
2016-07-23,2016,7,Chennai nungambakkam,0.2,Chennai
2016-07-23,2016,7,Anna university,0.2,Chennai
2016-07-29,2016,7,Anna university,11.6,Chennai
2016-07-29,2016,7,DGP Office,5.6,Chennai
2016-07-29,2016,7,Chennai AP,1.6,Chennai
2016-07-29,2016,7,Ambathur,1.0,Chennai
2016-07-31,2016,7,DGP Office,10.4,Chennai
2016-07-31,2016,7,Chennai AP,4.0,Chennai
2016-07-31,2016,7,Chennai nungambakkam,1.7,Chennai
2016-07-31,2016,7,Anna university,1.0,Chennai
2016-08-01,2016,8,DGP Office,10.4,Chennai
2016-08-01,2016,8,Chennai AP,4.0,Chennai
2016-08-01,2016,8,Chennai nungambakkam,1.7,Chennai
2016-08-02,2016,8,DGP Office,8.6,Chennai
2016-08-02,2016,8,Chennai AP,5.4,Chennai
2016-08-02,2016,8,Ambathur,4.0,Chennai
2016-08-02,2016,8,Anna university,2.2,Chennai
2016-08-02,2016,8,Chennai nungambakkam,0.1,Chennai
2016-08-08,2016,8,DGP Office,6.08,Chennai
2016-08-08,2016,8,Ambathur,3.0,Chennai
2016-08-08,2016,8,Chennai nungambakkam,1.2,Chennai
2016-08-08,2016,8,Chennai AP,0.2,Chennai
2016-08-10,2016,8,Anna university,17.4,Chennai
2016-08-10,2016,8,DGP Office,15.6,Chennai
2016-08-10,2016,8,Chennai nungambakkam,9.8,Chennai
2016-08-10,2016,8,Chennai AP,5.2,Chennai
2016-08-11,2016,8,Chennai nungambakkam,3.2,Chennai
2016-08-11,2016,8,Chennai AP,0.5,Chennai
2016-08-14,2016,8,Chennai AP,3.5,Chennai
2016-08-14,2016,8,Chennai nungambakkam,0.2,Chennai
2016-08-24,2016,8,Ambathur,4.0,Chennai
2016-08-24,2016,8,Chennai AP,2.0,Chennai
2016-08-24,2016,8,Chennai nungambakkam,1.6,Chennai
2016-08-24,2016,8,Anna university,1.1,Chennai
2016-08-25,2016,8,DGP Office,4.06,Chennai
2016-08-25,2016,8,Anna university,0.2,Chennai
2016-08-27,2016,8,Ambathur,25.0,Chennai
2016-08-27,2016,8,Chennai AP,13.6,Chennai
2016-08-27,2016,8,DGP Office,8.06,Chennai
2016-08-27,2016,8,Chennai nungambakkam,6.4,Chennai
2016-08-27,2016,8,Anna university,3.8,Chennai
2016-08-29,2016,8,DGP Office,2.4,Chennai
2016-08-29,2016,8,Chennai AP,0.6,Chennai
2016-08-29,2016,8,Chennai nungambakkam,0.5,Chennai
2016-08-29,2016,8,Anna university,0.5,Chennai
2016-08-30,2016,8,Anna university,7.0,Chennai
2016-08-30,2016,8,DGP Office,6.8,Chennai
2016-08-31,2016,8,Anna university,27.4,Chennai
2016-08-31,2016,8,Chennai AP,26.7,Chennai
2016-08-31,2016,8,DGP Office,22.4,Chennai
2016-08-31,2016,8,Ambathur,16.0,Chennai
2016-08-31,2016,8,Chennai nungambakkam,10.2,Chennai
2016-09-01,2016,9,DGP Office,2.4,Chennai
2016-09-02,2016,9,Ambathur,74.0,Chennai
2016-09-02,2016,9,Chennai nungambakkam,72.6,Chennai
2016-09-02,2016,9,DGP Office,43.6,Chennai
2016-09-02,2016,9,Anna university,37.7,Chennai
2016-09-02,2016,9,Chennai AP,25.8,Chennai
2016-09-03,2016,9,Ambathur,3.0,Chennai
2016-09-04,2016,9,Chennai AP,33.6,Chennai
2016-09-04,2016,9,Anna university,7.3,Chennai
2016-09-04,2016,9,DGP Office,6.4,Chennai
2016-09-04,2016,9,Ambathur,4.0,Chennai
2016-09-04,2016,9,Chennai nungambakkam,3.3,Chennai
2016-09-09,2016,9,Ambathur,3.0,Chennai
2016-09-10,2016,9,Chennai nungambakkam,43.3,Chennai
2016-09-10,2016,9,Anna university,33.7,Chennai
2016-09-10,2016,9,DGP Office,30.2,Chennai
2016-09-10,2016,9,Chennai AP,4.5,Chennai
2016-09-10,2016,9,Ambathur,2.0,Chennai
2016-09-11,2016,9,Chennai nungambakkam,31.4,Chennai
2016-09-11,2016,9,Chennai AP,26.5,Chennai
2016-09-11,2016,9,Anna university,9.2,Chennai
2016-09-11,2016,9,DGP Office,4.2,Chennai
2016-09-13,2016,9,Chennai nungambakkam,0.2,Chennai
2016-09-14,2016,9,DGP Office,2.4,Chennai
2016-09-15,2016,9,Chennai AP,1.2,Chennai
2016-09-15,2016,9,Anna university,0.02,Chennai
2016-09-16,2016,9,Ambathur,59.0,Chennai
2016-09-16,2016,9,DGP Office,53.02,Chennai
2016-09-16,2016,9,Chennai nungambakkam,33.0,Chennai
2016-09-16,2016,9,Chennai AP,27.08,Chennai
2016-09-16,2016,9,Anna university,24.08,Chennai
2016-09-17,2016,9,Chennai nungambakkam,56.4,Chennai
2016-09-17,2016,9,Ambathur,51.0,Chennai
2016-09-17,2016,9,DGP Office,46.8,Chennai
2016-09-17,2016,9,Chennai AP,26.5,Chennai
2016-09-17,2016,9,Anna university,24.8,Chennai
2016-09-19,2016,9,Chennai nungambakkam,0.2,Chennai
2016-09-20,2016,9,Chennai AP,0.1,Chennai
2016-09-20,2016,9,Anna university,0.04,Chennai
2016-09-21,2016,9,Anna university,6.08,Chennai
2016-09-21,2016,9,Chennai AP,5.8,Chennai
2016-09-21,2016,9,DGP Office,4.6,Chennai
2016-09-21,2016,9,Ambathur,4.0,Chennai
2016-09-21,2016,9,Chennai nungambakkam,1.7,Chennai
2016-09-29,2016,9,Anna university,95.02,Chennai
2016-09-29,2016,9,DGP Office,93.4,Chennai
2016-09-29,2016,9,Chennai nungambakkam,82.1,Chennai
2016-09-29,2016,9,Chennai AP,77.0,Chennai
2016-09-29,2016,9,Ambathur,37.0,Chennai
2016-09-30,2016,9,Ambathur,4.5,Chennai
2016-09-30,2016,9,Chennai AP,0.6,Chennai
2016-10-01,2016,10,Chennai nungambakkam,10.2,Chennai
2016-10-01,2016,10,DGP Office,8.6,Chennai
2016-10-07,2016,10,Chennai nungambakkam,0.5,Chennai
2016-10-10,2016,10,Chennai nungambakkam,6.2,Chennai
2016-10-10,2016,10,Anna university,2.6,Chennai
2016-10-10,2016,10,DGP Office,2.4,Chennai
2016-10-10,2016,10,Chennai AP,1.8,Chennai
2016-10-12,2016,10,Chennai nungambakkam,2.03,Chennai
2016-10-12,2016,10,Chennai AP,0.4,Chennai
2016-10-30,2016,10,DGP Office,36.4,Chennai
2016-10-30,2016,10,Anna university,14.4,Chennai
2016-10-30,2016,10,Chennai nungambakkam,3.2,Chennai
2016-10-30,2016,10,Chennai AP,0.2,Chennai
2016-10-31,2016,10,DGP Office,4.6,Chennai
2016-10-31,2016,10,Chennai AP,3.5,Chennai
2016-10-31,2016,10,Anna university,2.4,Chennai
2016-10-31,2016,10,Ambathur,1.0,Chennai
2016-11-01,2016,11,Ambathur,13.0,Chennai
2016-11-01,2016,11,Chennai nungambakkam,7.0,Chennai
2016-11-01,2016,11,DGP Office,2.4,Chennai
2016-11-01,2016,11,Anna university,2.2,Chennai
2016-11-01,2016,11,Chennai AP,0.3,Chennai
2016-11-02,2016,11,DGP Office,14.6,Chennai
2016-11-02,2016,11,Ambathur,10.0,Chennai
2016-11-02,2016,11,Anna university,8.2,Chennai
2016-11-02,2016,11,Chennai AP,4.4,Chennai
2016-11-02,2016,11,Chennai nungambakkam,2.0,Chennai
2016-11-03,2016,11,DGP Office,24.2,Chennai
2016-11-03,2016,11,Anna university,23.2,Chennai
2016-11-03,2016,11,Chennai AP,15.7,Chennai
2016-11-03,2016,11,Chennai nungambakkam,14.0,Chennai
2016-11-03,2016,11,Ambathur,14.0,Chennai
2016-11-04,2016,11,DGP Office,15.8,Chennai
2016-11-04,2016,11,Anna university,4.4,Chennai
2016-11-04,2016,11,Chennai AP,2.4,Chennai
2016-11-04,2016,11,Chennai nungambakkam,2.4,Chennai
2016-11-08,2016,11,Anna university,24.6,Chennai
2016-11-08,2016,11,DGP Office,4.6,Chennai
2016-11-08,2016,11,Chennai nungambakkam,3.2,Chennai
2016-11-13,2016,11,Anna university,1.2,Chennai
2016-11-13,2016,11,Chennai AP,0.8,Chennai
2016-11-13,2016,11,Chennai nungambakkam,0.8,Chennai
2016-11-14,2016,11,Anna university,20.2,Chennai
2016-11-14,2016,11,Ambathur,3.0,Chennai
2016-11-16,2016,11,Chennai nungambakkam,17.9,Chennai
2016-11-16,2016,11,Chennai AP,0.6,Chennai
2016-11-17,2016,11,Chennai AP,5.6,Chennai
2016-11-17,2016,11,DGP Office,2.4,Chennai
2016-11-17,2016,11,Ambathur,1.0,Chennai
2016-12-02,2016,12,Anna university,43.6,Chennai
2016-12-02,2016,12,DGP Office,42.2,Chennai
2016-12-02,2016,12,Chennai nungambakkam,39.5,Chennai
2016-12-02,2016,12,Chennai AP,35.1,Chennai
2016-12-02,2016,12,Ambathur,21.0,Chennai
2016-12-03,2016,12,Chennai AP,61.7,Chennai
2016-12-03,2016,12,Anna university,54.0,Chennai
2016-12-03,2016,12,Ambathur,30.0,Chennai
2016-12-03,2016,12,Chennai nungambakkam,27.6,Chennai
2016-12-03,2016,12,DGP Office,17.2,Chennai
2016-12-04,2016,12,Chennai AP,30.3,Chennai
2016-12-04,2016,12,Anna university,7.0,Chennai
2016-12-04,2016,12,DGP Office,5.8,Chennai
2016-12-04,2016,12,Chennai nungambakkam,5.1,Chennai
2016-12-04,2016,12,Ambathur,2.0,Chennai
2016-12-05,2016,12,DGP Office,9.2,Chennai
2016-12-05,2016,12,Anna university,5.2,Chennai
2016-12-05,2016,12,Chennai nungambakkam,2.6,Chennai
2016-12-05,2016,12,Chennai AP,0.5,Chennai
2016-12-08,2016,12,Chennai AP,0.3,Chennai
2016-12-08,2016,12,Anna university,0.1,Chennai
2016-12-12,2016,12,DGP Office,51.4,Chennai
2016-12-12,2016,12,Anna university,47.4,Chennai
2016-12-12,2016,12,Chennai nungambakkam,32.6,Chennai
2016-12-12,2016,12,Chennai AP,32.4,Chennai
2016-12-12,2016,12,Ambathur,32.0,Chennai
2016-12-13,2016,12,Chennai AP,202.4,Chennai
2016-12-13,2016,12,Ambathur,132.0,Chennai
2016-12-13,2016,12,Chennai nungambakkam,119.1,Chennai
2016-12-13,2016,12,DGP Office,95.8,Chennai
2016-12-13,2016,12,Anna university,93.4,Chennai
2016-12-16,2016,12,Anna university,4.8,Chennai
2016-12-16,2016,12,DGP Office,4.2,Chennai
2016-12-16,2016,12,Chennai AP,1.7,Chennai
2017-01-27,2017,1,Chennai nungambakkam,4.6,Chennai
2017-01-27,2017,1,Chennai AP,4.4,Chennai
2017-01-27,2017,1,DGP Office,3.6,Chennai
2017-01-27,2017,1,Anna university,3.6,Chennai
2017-01-28,2017,1,Chennai AP,4.2,Chennai
2017-01-28,2017,1,Chennai nungambakkam,0.1,Chennai
2017-05-12,2017,5,Ambathur,8.0,Chennai
2017-05-30,2017,5,Chennai nungambakkam,2.9,Chennai
2017-05-30,2017,5,DGP Office,2.4,Chennai
2017-06-06,2017,6,Chennai nungambakkam,2.2,Chennai
2017-06-06,2017,6,Chennai AP,1.2,Chennai
2017-06-07,2017,6,Chennai AP,12.4,Chennai
2017-06-07,2017,6,Chennai nungambakkam,11.6,Chennai
2017-06-07,2017,6,Anna university,10.6,Chennai
2017-06-07,2017,6,DGP Office,9.2,Chennai
2017-06-11,2017,6,Chennai nungambakkam,0.8,Chennai
2017-06-15,2017,6,Chennai nungambakkam,0.6,Chennai
2017-06-15,2017,6,Chennai AP,0.5,Chennai
2017-06-17,2017,6,Ambathur,5.0,Chennai
2017-06-17,2017,6,DGP Office,4.2,Chennai
2017-06-17,2017,6,Anna university,3.2,Chennai
2017-06-17,2017,6,Chennai nungambakkam,2.6,Chennai
2017-06-17,2017,6,Chennai AP,0.04,Chennai
2017-06-19,2017,6,Ambathur,4.0,Chennai
2017-06-19,2017,6,Chennai nungambakkam,0.8,Chennai
2017-06-20,2017,6,Anna university,40.0,Chennai
2017-06-20,2017,6,Chennai AP,39.0,Chennai
2017-06-20,2017,6,Ambathur,33.0,Chennai
2017-06-20,2017,6,DGP Office,8.2,Chennai
2017-06-20,2017,6,Chennai nungambakkam,6.6,Chennai
2017-06-22,2017,6,Anna university,14.2,Chennai
2017-06-24,2017,6,Chennai AP,25.6,Chennai
2017-06-24,2017,6,Ambathur,15.0,Chennai
2017-06-24,2017,6,Chennai nungambakkam,14.6,Chennai
2017-06-24,2017,6,Anna university,10.4,Chennai
2017-06-24,2017,6,DGP Office,2.2,Chennai
2017-06-25,2017,6,Chennai AP,10.6,Chennai
2017-06-25,2017,6,DGP Office,4.2,Chennai
2017-06-25,2017,6,Anna university,4.0,Chennai
2017-06-25,2017,6,Chennai nungambakkam,0.3,Chennai
2017-06-26,2017,6,Chennai nungambakkam,0.4,Chennai
2017-07-04,2017,7,Anna university,14.2,Chennai
2017-07-04,2017,7,DGP Office,7.6,Chennai
2017-07-04,2017,7,Ambathur,5.0,Chennai
2017-07-04,2017,7,Chennai nungambakkam,2.9,Chennai
2017-07-04,2017,7,Chennai AP,1.7,Chennai
2017-07-07,2017,7,Chennai AP,47.3,Chennai
2017-07-07,2017,7,Anna university,16.8,Chennai
2017-07-07,2017,7,Ambathur,11.0,Chennai
2017-07-07,2017,7,DGP Office,9.6,Chennai
2017-07-07,2017,7,Chennai nungambakkam,2.6,Chennai
2017-07-08,2017,7,Chennai nungambakkam,7.0,Chennai
2017-07-10,2017,7,Chennai nungambakkam,84.0,Chennai
2017-07-10,2017,7,Ambathur,70.0,Chennai
2017-07-10,2017,7,Chennai AP,46.2,Chennai
2017-07-10,2017,7,DGP Office,29.4,Chennai
2017-07-10,2017,7,Anna university,24.8,Chennai
2017-07-12,2017,7,Chennai AP,54.4,Chennai
2017-07-12,2017,7,Ambathur,30.0,Chennai
2017-07-12,2017,7,Chennai nungambakkam,17.5,Chennai
2017-07-12,2017,7,DGP Office,12.4,Chennai
2017-07-12,2017,7,Anna university,4.2,Chennai
2017-07-13,2017,7,DGP Office,2.4,Chennai
2017-07-13,2017,7,Chennai nungambakkam,0.3,Chennai
2017-07-14,2017,7,Anna university,2.2,Chennai
2017-07-14,2017,7,Chennai nungambakkam,1.0,Chennai
2017-07-14,2017,7,Chennai AP,0.2,Chennai
2017-07-16,2017,7,Chennai AP,0.3,Chennai
2017-07-16,2017,7,Chennai nungambakkam,0.2,Chennai
2017-07-19,2017,7,Chennai nungambakkam,0.1,Chennai
2017-07-20,2017,7,Anna university,4.4,Chennai
2017-07-20,2017,7,Chennai nungambakkam,3.5,Chennai
2017-07-20,2017,7,DGP Office,2.4,Chennai
2017-07-20,2017,7,Chennai AP,2.0,Chennai
2017-07-27,2017,7,Chennai AP,36.0,Chennai
2017-07-27,2017,7,Anna university,10.2,Chennai
2017-07-27,2017,7,Chennai nungambakkam,3.3,Chennai
2017-07-27,2017,7,DGP Office,2.6,Chennai
2017-07-27,2017,7,Ambathur,1.0,Chennai
2017-07-29,2017,7,Ambathur,11.0,Chennai
2017-07-29,2017,7,Anna university,5.0,Chennai
2017-07-29,2017,7,Chennai AP,1.8,Chennai
2017-07-29,2017,7,Chennai nungambakkam,0.3,Chennai
2017-07-30,2017,7,Chennai AP,0.5,Chennai
2017-08-02,2017,8,Chennai AP,10.1,Chennai
2017-08-02,2017,8,Chennai nungambakkam,9.2,Chennai
2017-08-02,2017,8,DGP Office,6.4,Chennai
2017-08-02,2017,8,Anna university,5.0,Chennai
2017-08-03,2017,8,Chennai nungambakkam,14.8,Chennai
2017-08-03,2017,8,Chennai AP,8.2,Chennai
2017-08-03,2017,8,Anna university,7.2,Chennai
2017-08-03,2017,8,DGP Office,4.6,Chennai
2017-08-05,2017,8,DGP Office,15.8,Chennai
2017-08-05,2017,8,Anna university,2.0,Chennai
2017-08-05,2017,8,Chennai nungambakkam,1.9,Chennai
2017-08-05,2017,8,Chennai AP,0.7,Chennai
2017-08-06,2017,8,Chennai nungambakkam,34.4,Chennai
2017-08-06,2017,8,DGP Office,27.2,Chennai
2017-08-06,2017,8,Ambathur,19.0,Chennai
2017-08-06,2017,8,Chennai AP,4.4,Chennai
2017-08-06,2017,8,Anna university,1.2,Chennai
2017-08-07,2017,8,Chennai nungambakkam,53.3,Chennai
2017-08-07,2017,8,DGP Office,8.6,Chennai
2017-08-08,2017,8,DGP Office,20.8,Chennai
2017-08-08,2017,8,Chennai AP,5.8,Chennai
2017-08-10,2017,8,Ambathur,36.0,Chennai
2017-08-10,2017,8,DGP Office,22.4,Chennai
2017-08-10,2017,8,Chennai nungambakkam,4.0,Chennai
2017-08-10,2017,8,Chennai AP,3.4,Chennai
2017-08-10,2017,8,Anna university,1.8,Chennai
2017-08-12,2017,8,Ambathur,31.0,Chennai
2017-08-12,2017,8,Chennai AP,12.1,Chennai
2017-08-12,2017,8,Chennai nungambakkam,10.1,Chennai
2017-08-12,2017,8,DGP Office,5.2,Chennai
2017-08-12,2017,8,Anna university,5.0,Chennai
2017-08-13,2017,8,Ambathur,2.0,Chennai
2017-08-14,2017,8,Anna university,15.0,Chennai
2017-08-14,2017,8,Chennai nungambakkam,9.4,Chennai
2017-08-14,2017,8,Chennai AP,5.4,Chennai
2017-08-14,2017,8,DGP Office,3.4,Chennai
2017-08-15,2017,8,Chennai AP,0.3,Chennai
2017-08-16,2017,8,Chennai AP,5.8,Chennai
2017-08-17,2017,8,DGP Office,82.6,Chennai
2017-08-17,2017,8,Chennai nungambakkam,26.8,Chennai
2017-08-17,2017,8,Ambathur,20.0,Chennai
2017-08-17,2017,8,Chennai AP,18.9,Chennai
2017-08-17,2017,8,Anna university,2.0,Chennai
2017-08-18,2017,8,Ambathur,71.0,Chennai
2017-08-18,2017,8,Chennai nungambakkam,61.1,Chennai
2017-08-18,2017,8,Chennai AP,60.9,Chennai
2017-08-18,2017,8,DGP Office,55.4,Chennai
2017-08-18,2017,8,Anna university,40.6,Chennai
2017-08-19,2017,8,Ambathur,56.0,Chennai
2017-08-19,2017,8,Chennai nungambakkam,17.2,Chennai
2017-08-19,2017,8,DGP Office,7.6,Chennai
2017-08-19,2017,8,Anna university,6.4,Chennai
2017-08-19,2017,8,Chennai AP,4.0,Chennai
2017-08-20,2017,8,Ambathur,5.0,Chennai
2017-08-20,2017,8,DGP Office,4.8,Chennai
2017-08-20,2017,8,Chennai nungambakkam,2.1,Chennai
2017-08-20,2017,8,Anna university,1.0,Chennai
2017-08-20,2017,8,Chennai AP,0.6,Chennai
2017-08-21,2017,8,Chennai nungambakkam,5.2,Chennai
2017-08-21,2017,8,Ambathur,3.0,Chennai
2017-08-22,2017,8,Chennai AP,15.0,Chennai
2017-08-22,2017,8,Anna university,1.0,Chennai
2017-08-22,2017,8,Chennai nungambakkam,0.2,Chennai
2017-08-24,2017,8,DGP Office,18.6,Chennai
2017-08-24,2017,8,Anna university,7.2,Chennai
2017-08-24,2017,8,Chennai AP,6.2,Chennai
2017-08-25,2017,8,DGP Office,22.4,Chennai
2017-08-25,2017,8,Ambathur,6.0,Chennai
2017-08-25,2017,8,Anna university,5.2,Chennai
2017-08-25,2017,8,Chennai nungambakkam,4.4,Chennai
2017-08-25,2017,8,Chennai AP,4.1,Chennai
2017-08-26,2017,8,Anna university,10.0,Chennai
2017-08-26,2017,8,DGP Office,2.4,Chennai
2017-08-26,2017,8,Chennai AP,0.2,Chennai
2017-08-26,2017,8,Chennai nungambakkam,0.1,Chennai
2017-08-27,2017,8,Chennai nungambakkam,18.9,Chennai
2017-08-27,2017,8,Anna university,14.2,Chennai
2017-08-27,2017,8,Chennai AP,12.4,Chennai
2017-08-27,2017,8,Ambathur,11.0,Chennai
2017-08-27,2017,8,DGP Office,8.2,Chennai
2017-08-28,2017,8,Chennai AP,4.9,Chennai
2017-08-28,2017,8,DGP Office,2.4,Chennai
2017-08-28,2017,8,Ambathur,1.0,Chennai
2017-08-28,2017,8,Chennai nungambakkam,0.5,Chennai
2017-08-28,2017,8,Anna university,0.2,Chennai
2017-08-31,2017,8,Ambathur,39.0,Chennai
2017-08-31,2017,8,Chennai nungambakkam,14.1,Chennai
2017-08-31,2017,8,Chennai AP,11.4,Chennai
2017-08-31,2017,8,DGP Office,4.8,Chennai
2017-08-31,2017,8,Anna university,1.2,Chennai
2017-09-01,2017,9,Chennai nungambakkam,1.1,Chennai
2017-09-01,2017,9,Anna university,0.4,Chennai
2017-09-01,2017,9,Chennai AP,0.3,Chennai
2017-09-02,2017,9,Chennai AP,12.2,Chennai
2017-09-02,2017,9,DGP Office,10.2,Chennai
2017-09-02,2017,9,Chennai nungambakkam,3.8,Chennai
2017-09-02,2017,9,Anna university,3.0,Chennai
2017-09-03,2017,9,Ambathur,23.0,Chennai
2017-09-07,2017,9,Chennai AP,46.8,Chennai
2017-09-07,2017,9,Anna university,11.8,Chennai
2017-09-07,2017,9,DGP Office,11.4,Chennai
2017-09-07,2017,9,Chennai nungambakkam,2.8,Chennai
2017-09-09,2017,9,Ambathur,13.0,Chennai
2017-09-09,2017,9,Anna university,4.8,Chennai
2017-09-09,2017,9,Chennai AP,3.4,Chennai
2017-09-11,2017,9,Anna university,0.4,Chennai
2017-09-12,2017,9,DGP Office,12.8,Chennai
2017-09-12,2017,9,Chennai nungambakkam,0.5,Chennai
2017-09-13,2017,9,Chennai AP,9.0,Chennai
2017-09-13,2017,9,Chennai nungambakkam,3.4,Chennai
2017-09-13,2017,9,Anna university,2.8,Chennai
2017-09-15,2017,9,Chennai AP,0.5,Chennai
2017-09-17,2017,9,Chennai AP,14.8,Chennai
2017-09-17,2017,9,Chennai nungambakkam,9.6,Chennai
2017-09-17,2017,9,Ambathur,6.0,Chennai
2017-09-17,2017,9,Anna university,5.8,Chennai
2017-09-18,2017,9,DGP Office,4.6,Chennai
2017-09-18,2017,9,Ambathur,1.0,Chennai
2017-09-18,2017,9,Chennai AP,0.8,Chennai
2017-09-18,2017,9,Chennai nungambakkam,0.2,Chennai
2017-09-19,2017,9,Chennai AP,25.8,Chennai
2017-09-19,2017,9,DGP Office,24.8,Chennai
2017-09-19,2017,9,Chennai nungambakkam,11.0,Chennai
2017-09-19,2017,9,Ambathur,10.0,Chennai
2017-09-19,2017,9,Anna university,9.8,Chennai
2017-09-22,2017,9,Chennai nungambakkam,0.3,Chennai
2017-09-24,2017,9,Chennai AP,1.4,Chennai
2017-09-25,2017,9,Chennai AP,23.3,Chennai
2017-09-25,2017,9,Anna university,22.4,Chennai
2017-09-25,2017,9,Chennai nungambakkam,15.0,Chennai
2017-09-25,2017,9,DGP Office,10.4,Chennai
2017-09-26,2017,9,DGP Office,4.6,Chennai
2017-09-26,2017,9,Chennai nungambakkam,2.9,Chennai
2017-09-26,2017,9,Anna university,1.0,Chennai
2017-09-27,2017,9,Chennai AP,0.1,Chennai
2017-09-27,2017,9,Chennai nungambakkam,0.1,Chennai
2017-09-28,2017,9,Chennai AP,0.2,Chennai
2017-09-29,2017,9,Ambathur,27.0,Chennai
2017-09-29,2017,9,Chennai nungambakkam,16.3,Chennai
2017-09-29,2017,9,DGP Office,8.6,Chennai
2017-09-29,2017,9,Anna university,1.0,Chennai
2017-09-29,2017,9,Chennai AP,0.7,Chennai
2017-09-30,2017,9,DGP Office,4.6,Chennai
2017-09-30,2017,9,Chennai nungambakkam,0.6,Chennai
2017-10-01,2017,10,Ambathur,72.0,Chennai
2017-10-01,2017,10,Chennai nungambakkam,47.8,Chennai
2017-10-01,2017,10,Anna university,24.8,Chennai
2017-10-01,2017,10,Chennai AP,24.6,Chennai
2017-10-01,2017,10,DGP Office,16.2,Chennai
2017-10-02,2017,10,Ambathur,22.0,Chennai
2017-10-02,2017,10,DGP Office,18.6,Chennai
2017-10-02,2017,10,Anna university,9.2,Chennai
2017-10-02,2017,10,Chennai AP,7.8,Chennai
2017-10-02,2017,10,Chennai nungambakkam,3.4,Chennai
2017-10-04,2017,10,Ambathur,45.0,Chennai
2017-10-04,2017,10,Chennai nungambakkam,43.2,Chennai
2017-10-04,2017,10,Chennai AP,40.6,Chennai
2017-10-04,2017,10,Anna university,18.2,Chennai
2017-10-04,2017,10,DGP Office,10.8,Chennai
2017-10-05,2017,10,DGP Office,18.6,Chennai
2017-10-05,2017,10,Chennai AP,4.3,Chennai
2017-10-06,2017,10,Chennai AP,23.2,Chennai
2017-10-06,2017,10,DGP Office,13.2,Chennai
2017-10-06,2017,10,Ambathur,2.0,Chennai
2017-10-06,2017,10,Anna university,1.0,Chennai
2017-10-06,2017,10,Chennai nungambakkam,0.2,Chennai
2017-10-07,2017,10,Ambathur,6.0,Chennai
2017-10-07,2017,10,Chennai AP,4.8,Chennai
2017-10-07,2017,10,DGP Office,2.4,Chennai
2017-10-09,2017,10,Chennai nungambakkam,0.1,Chennai
2017-10-10,2017,10,Chennai nungambakkam,7.1,Chennai
2017-10-10,2017,10,Anna university,0.4,Chennai
2017-10-11,2017,10,Chennai nungambakkam,2.7,Chennai
2017-10-11,2017,10,Chennai AP,1.8,Chennai
2017-10-12,2017,10,Chennai nungambakkam,2.2,Chennai
2017-10-12,2017,10,Anna university,2.0,Chennai
2017-10-12,2017,10,Chennai AP,0.9,Chennai
2017-10-14,2017,10,DGP Office,2.4,Chennai
2017-10-14,2017,10,Chennai AP,1.0,Chennai
2017-10-14,2017,10,Chennai nungambakkam,0.7,Chennai
2017-10-16,2017,10,Chennai AP,0.3,Chennai
2017-10-16,2017,10,Chennai nungambakkam,0.1,Chennai
2017-10-17,2017,10,Chennai nungambakkam,24.1,Chennai
2017-10-17,2017,10,Anna university,20.4,Chennai
2017-10-17,2017,10,DGP Office,16.6,Chennai
2017-10-17,2017,10,Ambathur,9.0,Chennai
2017-10-17,2017,10,Chennai AP,7.7,Chennai
2017-10-18,2017,10,Anna university,1.0,Chennai
2017-10-18,2017,10,Chennai nungambakkam,0.2,Chennai
2017-10-18,2017,10,Chennai AP,0.1,Chennai
2017-10-22,2017,10,Chennai nungambakkam,21.2,Chennai
2017-10-23,2017,10,DGP Office,22.2,Chennai
2017-10-23,2017,10,Chennai nungambakkam,21.2,Chennai
2017-10-23,2017,10,Anna university,7.8,Chennai
2017-10-26,2017,10,Chennai AP,8.5,Chennai
2017-10-26,2017,10,Anna university,5.2,Chennai
2017-10-26,2017,10,Gov hr sec school MGR Nagar,1.2,Chennai
2017-10-27,2017,10,Ambathur,20.0,Chennai
2017-10-27,2017,10,Anna university,9.0,Chennai
2017-10-27,2017,10,Gov hr sec school MGR Nagar,4.0,Chennai
2017-10-27,2017,10,Chennai AP,3.4,Chennai
2017-10-27,2017,10,CD Hospital Tondiarpet,0.4,Chennai
2017-10-27,2017,10,Chennai collectorate building,0.3,Chennai
2017-10-27,2017,10,Chennai nungambakkam,0.2,Chennai
2017-10-28,2017,10,DGP Office,6.8,Chennai
2017-10-28,2017,10,Anna university,3.8,Chennai
2017-10-28,2017,10,Perambur Corporation park,1.4,Chennai
2017-10-28,2017,10,Gov hr sec school MGR Nagar,1.2,Chennai
2017-10-28,2017,10,Chennai AP,1.1,Chennai
2017-10-28,2017,10,Chennai nungambakkam,1.1,Chennai
2017-10-28,2017,10,Ambathur,1.0,Chennai
2017-10-28,2017,10,CD Hospital Tondiarpet,0.6,Chennai
2017-10-28,2017,10,Chennai collectorate building,0.4,Chennai
2017-10-29,2017,10,Anna university,7.0,Chennai
2017-10-29,2017,10,DGP Office,4.8,Chennai
2017-10-29,2017,10,Gov hr sec school MGR Nagar,3.6,Chennai
2017-10-29,2017,10,Chennai AP,2.6,Chennai
2017-10-29,2017,10,Chennai nungambakkam,0.1,Chennai
2017-10-30,2017,10,Ayanavaram taluk office,22.2,Chennai
2017-10-30,2017,10,Gov hr sec school MGR Nagar,18.2,Chennai
2017-10-30,2017,10,CD Hospital Tondiarpet,17.0,Chennai
2017-10-30,2017,10,Chennai AP,15.3,Chennai
2017-10-30,2017,10,Anna university,14.2,Chennai
2017-10-30,2017,10,Perambur Corporation park,14.0,Chennai
2017-10-30,2017,10,Chennai collectorate building,12.0,Chennai
2017-10-30,2017,10,Chennai nungambakkam,9.4,Chennai
2017-10-30,2017,10,DGP Office,4.2,Chennai
2017-10-30,2017,10,Ambathur,4.0,Chennai
2017-10-31,2017,10,Perambur Corporation park,180.0,Chennai
2017-10-31,2017,10,Chennai AP,168.5,Chennai
2017-10-31,2017,10,Ambathur,161.0,Chennai
2017-10-31,2017,10,Ayanavaram taluk office,152.0,Chennai
2017-10-31,2017,10,Chennai collectorate building,150.0,Chennai
2017-10-31,2017,10,Anna university,142.0,Chennai
2017-10-31,2017,10,DGP Office,136.2,Chennai
2017-10-31,2017,10,CD Hospital Tondiarpet,116.2,Chennai
2017-10-31,2017,10,Chennai nungambakkam,115.8,Chennai
2017-10-31,2017,10,Gov hr sec school MGR Nagar,103.4,Chennai
2017-11-01,2017,11,Ambathur,86.0,Chennai
2017-11-01,2017,11,Gov hr sec school MGR Nagar,66.2,Chennai
2017-11-01,2017,11,DGP Office,65.0,Chennai
2017-11-01,2017,11,Perambur Corporation park,58.3,Chennai
2017-11-01,2017,11,Anna university,45.4,Chennai
2017-11-01,2017,11,Chennai nungambakkam,41.3,Chennai
2017-11-01,2017,11,Ayanavaram taluk office,39.0,Chennai
2017-11-01,2017,11,Chennai AP,28.8,Chennai
2017-11-01,2017,11,CD Hospital Tondiarpet,28.3,Chennai
2017-11-01,2017,11,Chennai collectorate building,28.0,Chennai
2017-11-02,2017,11,CD Hospital Tondiarpet,45.4,Chennai
2017-11-02,2017,11,Ayanavaram taluk office,44.6,Chennai
2017-11-02,2017,11,Perambur Corporation park,43.0,Chennai
2017-11-02,2017,11,DGP Office,42.4,Chennai
2017-11-02,2017,11,Chennai nungambakkam,40.8,Chennai
2017-11-02,2017,11,Chennai collectorate building,37.3,Chennai
2017-11-02,2017,11,Gov hr sec school MGR Nagar,34.7,Chennai
2017-11-02,2017,11,Ambathur,29.0,Chennai
2017-11-02,2017,11,Chennai AP,24.1,Chennai
2017-11-02,2017,11,Anna university,20.4,Chennai
2017-11-03,2017,11,Gov hr sec school MGR Nagar,311.8,Chennai
2017-11-03,2017,11,DGP Office,295.8,Chennai
2017-11-03,2017,11,Chennai collectorate building,198.5,Chennai
2017-11-03,2017,11,Chennai nungambakkam,178.7,Chennai
2017-11-03,2017,11,Chennai AP,138.8,Chennai
2017-11-03,2017,11,CD Hospital Tondiarpet,138.1,Chennai
2017-11-03,2017,11,Anna university,129.4,Chennai
2017-11-03,2017,11,Ayanavaram taluk office,120.3,Chennai
2017-11-03,2017,11,Perambur Corporation park,115.0,Chennai
2017-11-03,2017,11,Ambathur,72.0,Chennai
2017-11-04,2017,11,Gov hr sec school MGR Nagar,70.5,Chennai
2017-11-04,2017,11,Anna university,68.2,Chennai
2017-11-04,2017,11,Chennai nungambakkam,63.2,Chennai
2017-11-04,2017,11,Chennai AP,59.8,Chennai
2017-11-04,2017,11,Perambur Corporation park,57.3,Chennai
2017-11-04,2017,11,DGP Office,55.8,Chennai
2017-11-04,2017,11,Ayanavaram taluk office,54.2,Chennai
2017-11-04,2017,11,Chennai collectorate building,53.4,Chennai
2017-11-04,2017,11,CD Hospital Tondiarpet,47.2,Chennai
2017-11-04,2017,11,Ambathur,45.0,Chennai
2017-11-05,2017,11,Chennai AP,20.1,Chennai
2017-11-05,2017,11,CD Hospital Tondiarpet,19.4,Chennai
2017-11-05,2017,11,Anna university,19.2,Chennai
2017-11-05,2017,11,DGP Office,18.4,Chennai
2017-11-05,2017,11,Perambur Corporation park,15.5,Chennai
2017-11-05,2017,11,Ayanavaram taluk office,15.4,Chennai
2017-11-05,2017,11,Chennai collectorate building,11.4,Chennai
2017-11-05,2017,11,Gov hr sec school MGR Nagar,11.3,Chennai
2017-11-05,2017,11,Chennai nungambakkam,8.6,Chennai
2017-11-05,2017,11,Ambathur,4.0,Chennai
2017-11-06,2017,11,Perambur Corporation park,26.6,Chennai
2017-11-06,2017,11,Ayanavaram taluk office,22.0,Chennai
2017-11-06,2017,11,CD Hospital Tondiarpet,20.2,Chennai
2017-11-06,2017,11,Ambathur,18.0,Chennai
2017-11-06,2017,11,Chennai collectorate building,16.0,Chennai
2017-11-06,2017,11,Chennai AP,13.6,Chennai
2017-11-06,2017,11,DGP Office,12.8,Chennai
2017-11-06,2017,11,Gov hr sec school MGR Nagar,11.3,Chennai
2017-11-06,2017,11,Chennai nungambakkam,4.4,Chennai
2017-11-06,2017,11,Anna university,4.0,Chennai
2017-11-07,2017,11,Chennai collectorate building,35.9,Chennai
2017-11-07,2017,11,Perambur Corporation park,32.4,Chennai
2017-11-07,2017,11,Ayanavaram taluk office,31.5,Chennai
2017-11-07,2017,11,Ambathur,26.0,Chennai
2017-11-07,2017,11,CD Hospital Tondiarpet,24.4,Chennai
2017-11-07,2017,11,Anna university,23.8,Chennai
2017-11-07,2017,11,Gov hr sec school MGR Nagar,18.0,Chennai
2017-11-07,2017,11,DGP Office,16.2,Chennai
2017-11-07,2017,11,Chennai AP,8.4,Chennai
2017-11-07,2017,11,Chennai nungambakkam,5.5,Chennai
2017-11-08,2017,11,Perambur Corporation park,59.6,Chennai
2017-11-08,2017,11,CD Hospital Tondiarpet,46.2,Chennai
2017-11-08,2017,11,Chennai collectorate building,40.4,Chennai
2017-11-08,2017,11,DGP Office,32.4,Chennai
2017-11-08,2017,11,Ayanavaram taluk office,28.6,Chennai
2017-11-08,2017,11,Ambathur,26.5,Chennai
2017-11-08,2017,11,Anna university,25.2,Chennai
2017-11-08,2017,11,Chennai AP,21.3,Chennai
2017-11-08,2017,11,Chennai nungambakkam,20.2,Chennai
2017-11-08,2017,11,Gov hr sec school MGR Nagar,16.4,Chennai
2017-11-10,2017,11,Anna university,1.0,Chennai
2017-11-10,2017,11,Chennai nungambakkam,0.2,Chennai
2017-11-11,2017,11,Sholinganallur,27.0,Chennai
2017-11-11,2017,11,Chennai AP,5.3,Chennai
2017-11-11,2017,11,CD Hospital Tondiarpet,5.3,Chennai
2017-11-11,2017,11,DGP Office,4.2,Chennai
2017-11-11,2017,11,Perambur Corporation park,3.1,Chennai
2017-11-11,2017,11,Chennai collectorate building,2.4,Chennai
2017-11-11,2017,11,Chennai nungambakkam,1.8,Chennai
2017-11-11,2017,11,Anna university,1.0,Chennai
2017-11-12,2017,11,DGP Office,5.2,Chennai
2017-11-12,2017,11,Chennai collectorate building,4.6,Chennai
2017-11-12,2017,11,CD Hospital Tondiarpet,3.0,Chennai
2017-11-12,2017,11,Ayanavaram taluk office,3.0,Chennai
2017-11-12,2017,11,Gov hr sec school MGR Nagar,3.0,Chennai
2017-11-12,2017,11,Perambur Corporation park,2.2,Chennai
2017-11-12,2017,11,Anna university,1.6,Chennai
2017-11-12,2017,11,Chennai nungambakkam,1.2,Chennai
2017-11-12,2017,11,Chennai AP,0.4,Chennai
2017-11-13,2017,11,Chennai nungambakkam,65.2,Chennai
2017-11-13,2017,11,Ayanavaram taluk office,62.0,Chennai
2017-11-13,2017,11,CD Hospital Tondiarpet,57.0,Chennai
2017-11-13,2017,11,Chennai collectorate building,53.0,Chennai
2017-11-13,2017,11,Gov hr sec school MGR Nagar,52.4,Chennai
2017-11-13,2017,11,Perambur Corporation park,49.3,Chennai
2017-11-13,2017,11,DGP Office,42.2,Chennai
2017-11-13,2017,11,Anna university,40.8,Chennai
2017-11-13,2017,11,Chennai AP,24.6,Chennai
2017-11-13,2017,11,Ambathur,21.0,Chennai
2017-11-13,2017,11,Alandur,17.0,Chennai
2017-11-13,2017,11,Sholinganallur,10.5,Chennai
2017-11-14,2017,11,Perambur Corporation park,43.5,Chennai
2017-11-14,2017,11,Chennai collectorate building,33.5,Chennai
2017-11-14,2017,11,DGP Office,32.4,Chennai
2017-11-14,2017,11,CD Hospital Tondiarpet,32.4,Chennai
2017-11-14,2017,11,Ambathur,32.0,Chennai
2017-11-14,2017,11,Ayanavaram taluk office,31.2,Chennai
2017-11-14,2017,11,Chennai nungambakkam,25.7,Chennai
2017-11-14,2017,11,Gov hr sec school MGR Nagar,23.1,Chennai
2017-11-14,2017,11,Anna university,20.2,Chennai
2017-11-14,2017,11,Chennai AP,13.9,Chennai
2017-11-14,2017,11,Sholinganallur,7.4,Chennai
2017-11-14,2017,11,Alandur,5.0,Chennai
2017-11-15,2017,11,Ayanavaram taluk office,12.4,Chennai
2017-11-15,2017,11,Perambur Corporation park,11.1,Chennai
2017-11-15,2017,11,CD Hospital Tondiarpet,9.2,Chennai
2017-11-15,2017,11,Chennai collectorate building,9.0,Chennai
2017-11-15,2017,11,Ambathur,8.0,Chennai
2017-11-15,2017,11,Chennai nungambakkam,6.5,Chennai
2017-11-15,2017,11,Gov hr sec school MGR Nagar,6.2,Chennai
2017-11-15,2017,11,Anna university,5.4,Chennai
2017-11-15,2017,11,DGP Office,2.4,Chennai
2017-11-15,2017,11,Chennai AP,2.3,Chennai
2017-11-16,2017,11,Chennai nungambakkam,0.2,Chennai
2017-11-20,2017,11,Ayanavaram taluk office,4.0,Chennai
2017-11-20,2017,11,DGP Office,2.4,Chennai
2017-11-20,2017,11,Chennai AP,2.0,Chennai
2017-11-20,2017,11,Perambur Corporation park,1.1,Chennai
2017-11-20,2017,11,Chennai nungambakkam,0.2,Chennai
2017-11-21,2017,11,Ambathur,4.0,Chennai
2017-11-21,2017,11,DGP Office,2.0,Chennai
2017-11-21,2017,11,Chennai collectorate building,1.4,Chennai
2017-11-21,2017,11,Chennai nungambakkam,1.2,Chennai
2017-11-21,2017,11,Ayanavaram taluk office,0.2,Chennai
2017-11-22,2017,11,Chennai AP,1.5,Chennai
2017-11-22,2017,11,Anna university,0.4,Chennai
2017-11-22,2017,11,Chennai nungambakkam,0.1,Chennai
2017-11-26,2017,11,Chennai nungambakkam,1.1,Chennai
2017-11-26,2017,11,Chennai AP,1.0,Chennai
2017-11-26,2017,11,Chennai collectorate building,0.3,Chennai
2017-11-27,2017,11,Chennai AP,101.3,Chennai
2017-11-27,2017,11,Ayanavaram taluk office,91.0,Chennai
2017-11-27,2017,11,Chennai collectorate building,76.0,Chennai
2017-11-27,2017,11,Gov hr sec school MGR Nagar,70.1,Chennai
2017-11-27,2017,11,Perambur Corporation park,68.7,Chennai
2017-11-27,2017,11,Anna university,67.2,Chennai
2017-11-27,2017,11,Chennai nungambakkam,64.0,Chennai
2017-11-27,2017,11,CD Hospital Tondiarpet,57.0,Chennai
2017-11-27,2017,11,DGP Office,52.4,Chennai
2017-11-27,2017,11,Alandur,24.0,Chennai
2017-11-27,2017,11,Ambathur,10.0,Chennai
2017-11-27,2017,11,Sholinganallur,6.0,Chennai
2017-11-28,2017,11,Chennai nungambakkam,2.8,Chennai
2017-11-28,2017,11,Chennai AP,1.3,Chennai
2017-11-28,2017,11,Chennai collectorate building,1.0,Chennai
2017-11-28,2017,11,Anna university,0.4,Chennai
2017-11-28,2017,11,CD Hospital Tondiarpet,0.1,Chennai
2017-11-28,2017,11,Perambur Corporation park,0.1,Chennai
2017-11-30,2017,11,CD Hospital Tondiarpet,39.0,Chennai
2017-11-30,2017,11,Perambur Corporation park,35.6,Chennai
2017-11-30,2017,11,Chennai collectorate building,35.0,Chennai
2017-11-30,2017,11,Chennai nungambakkam,30.0,Chennai
2017-11-30,2017,11,Ayanavaram taluk office,27.0,Chennai
2017-11-30,2017,11,Gov hr sec school MGR Nagar,25.4,Chennai
2017-11-30,2017,11,Ambathur,25.0,Chennai
2017-11-30,2017,11,DGP Office,22.4,Chennai
2017-11-30,2017,11,Anna university,20.4,Chennai
2017-11-30,2017,11,Chennai AP,16.0,Chennai
2017-11-30,2017,11,Alandur,6.4,Chennai
2017-11-30,2017,11,Sholinganallur,4.3,Chennai
2017-12-01,2017,12,Anna university,78.9,Chennai
2017-12-01,2017,12,DGP Office,75.6,Chennai
2017-12-01,2017,12,Ambathur,66.0,Chennai
2017-12-01,2017,12,Gov hr sec school MGR Nagar,64.2,Chennai
2017-12-01,2017,12,Ayanavaram taluk office,55.9,Chennai
2017-12-01,2017,12,Chennai AP,52.6,Chennai
2017-12-01,2017,12,Chennai nungambakkam,52.5,Chennai
2017-12-01,2017,12,Perambur Corporation park,43.5,Chennai
2017-12-01,2017,12,CD Hospital Tondiarpet,43.4,Chennai
2017-12-01,2017,12,Chennai collectorate building,35.0,Chennai
2017-12-01,2017,12,Alandur,17.0,Chennai
2017-12-01,2017,12,Sholinganallur,2.6,Chennai
2017-12-02,2017,12,DGP Office,36.2,Chennai
2017-12-02,2017,12,Anna university,7.6,Chennai
2017-12-02,2017,12,Ambathur,6.0,Chennai
2017-12-02,2017,12,Ayanavaram taluk office,2.0,Chennai
2017-12-02,2017,12,Alandur,1.5,Chennai
2017-12-02,2017,12,Chennai collectorate building,0.5,Chennai
2017-12-02,2017,12,Chennai AP,0.4,Chennai
2017-12-22,2017,12,Sholinganallur,19.0,Chennai
2017-12-22,2017,12,Chennai nungambakkam,0.1,Chennai
2017-12-23,2017,12,Chennai nungambakkam,1.3,Chennai
2017-12-23,2017,12,Gov hr sec school MGR Nagar,1.1,Chennai
2017-12-23,2017,12,Chennai AP,0.5,Chennai
2018-01-10,2018,1,Chennai AP,0.1,Chennai
2018-01-11,2018,1,Sholinganallur,9.2,Chennai
2018-01-11,2018,1,Chennai AP,7.5,Chennai
2018-01-11,2018,1,Alandur,4.0,Chennai
2018-01-11,2018,1,DGP Office,3.2,Chennai
2018-01-11,2018,1,Chennai nungambakkam,1.7,Chennai
2018-01-11,2018,1,Anna university,0.6,Chennai
2018-01-11,2018,1,Gov hr sec school MGR Nagar,0.4,Chennai
2018-02-08,2018,2,Anna university,1.8,Chennai
2018-02-08,2018,2,Chennai AP,1.4,Chennai
2018-02-08,2018,2,Chennai nungambakkam,1.0,Chennai
2018-03-17,2018,3,DGP Office,5.2,Chennai
2018-03-17,2018,3,Sholinganallur,1.0,Chennai
2018-03-17,2018,3,Chennai nungambakkam,0.8,Chennai
2018-03-17,2018,3,Anna university,0.6,Chennai
2018-03-17,2018,3,CD Hospital Tondiarpet,0.3,Chennai
2018-03-17,2018,3,Gov hr sec school MGR Nagar,0.3,Chennai
2018-03-17,2018,3,Perambur Corporation park,0.2,Chennai
2018-03-17,2018,3,Ayanavaram taluk office,0.2,Chennai
2018-03-18,2018,3,Chennai AP,0.6,Chennai
2018-06-04,2018,6,Ambathur,11.0,Chennai
2018-06-07,2018,6,Sholinganallur,64.5,Chennai
2018-06-07,2018,6,Ambathur,36.0,Chennai
2018-06-07,2018,6,Chennai nungambakkam,35.3,Chennai
2018-06-07,2018,6,Chennai AP,29.7,Chennai
2018-06-07,2018,6,DGP Office,29.4,Chennai
2018-06-07,2018,6,Alandur,19.0,Chennai
2018-06-07,2018,6,Perambur Corporation park,13.3,Chennai
2018-06-07,2018,6,Chennai collectorate building,13.0,Chennai
2018-06-07,2018,6,CD Hospital Tondiarpet,10.2,Chennai
2018-06-07,2018,6,Ayanavaram taluk office,7.3,Chennai
2018-06-07,2018,6,Anna university,5.4,Chennai
2018-06-07,2018,6,Gov hr sec school MGR Nagar,5.0,Chennai
2018-06-16,2018,6,Chennai nungambakkam,22.8,Chennai
2018-06-16,2018,6,Sholinganallur,19.5,Chennai
2018-06-16,2018,6,Chennai AP,15.4,Chennai
2018-06-16,2018,6,DGP Office,12.4,Chennai
2018-06-16,2018,6,Alandur,10.0,Chennai
2018-06-16,2018,6,CD Hospital Tondiarpet,8.4,Chennai
2018-06-16,2018,6,Anna university,7.2,Chennai
2018-06-16,2018,6,Gov hr sec school MGR Nagar,7.0,Chennai
2018-06-16,2018,6,Ayanavaram taluk office,6.3,Chennai
2018-06-16,2018,6,Chennai collectorate building,4.7,Chennai
2018-06-16,2018,6,Ambathur,3.5,Chennai
2018-06-16,2018,6,Perambur Corporation park,0.2,Chennai
2018-06-24,2018,6,Ambathur,6.0,Chennai
2018-06-24,2018,6,DGP Office,2.4,Chennai
2018-06-24,2018,6,Chennai nungambakkam,1.0,Chennai
2018-06-27,2018,6,Ambathur,18.0,Chennai
2018-06-27,2018,6,Ayanavaram taluk office,8.0,Chennai
2018-06-27,2018,6,Perambur Corporation park,6.2,Chennai
2018-06-27,2018,6,DGP Office,5.6,Chennai
2018-06-27,2018,6,Sholinganallur,4.0,Chennai
2018-06-27,2018,6,Chennai AP,3.6,Chennai
2018-06-27,2018,6,Chennai nungambakkam,3.6,Chennai
2018-07-03,2018,7,Ambathur,80.0,Chennai
2018-07-03,2018,7,Gov hr sec school MGR Nagar,71.0,Chennai
2018-07-03,2018,7,Ayanavaram taluk office,66.0,Chennai
2018-07-03,2018,7,Anna university,64.8,Chennai
2018-07-03,2018,7,Perambur Corporation park,62.4,Chennai
2018-07-03,2018,7,Chennai nungambakkam,60.2,Chennai
2018-07-03,2018,7,Alandur,56.0,Chennai
2018-07-03,2018,7,Chennai AP,49.6,Chennai
2018-07-03,2018,7,DGP Office,43.4,Chennai
2018-07-03,2018,7,CD Hospital Tondiarpet,43.1,Chennai
2018-07-03,2018,7,Chennai collectorate building,42.7,Chennai
2018-07-03,2018,7,Sholinganallur,6.0,Chennai
2018-07-04,2018,7,Sholinganallur,2.0,Chennai
2018-07-10,2018,7,Ayanavaram taluk office,6.3,Chennai
2018-07-10,2018,7,DGP Office,5.4,Chennai
2018-07-10,2018,7,Perambur Corporation park,5.2,Chennai
2018-07-10,2018,7,Alandur,5.0,Chennai
2018-07-10,2018,7,Gov hr sec school MGR Nagar,4.6,Chennai
2018-07-10,2018,7,Chennai collectorate building,2.3,Chennai
2018-07-10,2018,7,Ambathur,2.0,Chennai
2018-07-10,2018,7,Chennai AP,1.8,Chennai
2018-07-10,2018,7,Chennai nungambakkam,0.1,Chennai
2018-07-11,2018,7,Chennai nungambakkam,10.6,Chennai
2018-07-11,2018,7,Gov hr sec school MGR Nagar,5.2,Chennai
2018-07-11,2018,7,Perambur Corporation park,5.0,Chennai
2018-07-11,2018,7,DGP Office,4.6,Chennai
2018-07-11,2018,7,Ayanavaram taluk office,4.6,Chennai
2018-07-11,2018,7,Chennai collectorate building,3.7,Chennai
2018-07-11,2018,7,Chennai AP,2.7,Chennai
2018-07-11,2018,7,Alandur,2.0,Chennai
2018-07-11,2018,7,Sholinganallur,2.0,Chennai
2018-07-11,2018,7,Anna university,1.0,Chennai
2018-07-12,2018,7,Alandur,33.0,Chennai
2018-07-12,2018,7,Gov hr sec school MGR Nagar,29.4,Chennai
2018-07-12,2018,7,Ayanavaram taluk office,28.2,Chennai
2018-07-12,2018,7,Chennai nungambakkam,28.1,Chennai
2018-07-12,2018,7,DGP Office,24.4,Chennai
2018-07-12,2018,7,Chennai collectorate building,23.3,Chennai
2018-07-12,2018,7,Perambur Corporation park,20.2,Chennai
2018-07-12,2018,7,Anna university,18.2,Chennai
2018-07-12,2018,7,Chennai AP,17.4,Chennai
2018-07-12,2018,7,Ambathur,15.0,Chennai
2018-07-12,2018,7,Sholinganallur,11.5,Chennai
2018-07-13,2018,7,Ayanavaram taluk office,8.0,Chennai
2018-07-13,2018,7,Perambur Corporation park,6.2,Chennai
2018-07-13,2018,7,Chennai nungambakkam,4.9,Chennai
2018-07-13,2018,7,Anna university,4.0,Chennai
2018-07-13,2018,7,Chennai collectorate building,3.3,Chennai
2018-07-13,2018,7,Chennai AP,3.0,Chennai
2018-07-13,2018,7,CD Hospital Tondiarpet,3.0,Chennai
2018-07-13,2018,7,Ambathur,3.0,Chennai
2018-07-13,2018,7,Alandur,3.0,Chennai
2018-07-13,2018,7,DGP Office,2.4,Chennai
2018-07-13,2018,7,Gov hr sec school MGR Nagar,1.6,Chennai
2018-07-14,2018,7,Alandur,23.0,Chennai
2018-07-14,2018,7,Chennai AP,21.1,Chennai
2018-07-14,2018,7,DGP Office,2.0,Chennai
2018-07-14,2018,7,Chennai nungambakkam,1.1,Chennai
2018-07-24,2018,7,Chennai AP,61.1,Chennai
2018-07-24,2018,7,Ayanavaram taluk office,6.3,Chennai
2018-07-24,2018,7,Alandur,6.0,Chennai
2018-07-24,2018,7,DGP Office,4.6,Chennai
2018-07-24,2018,7,Ambathur,4.0,Chennai
2018-07-24,2018,7,Chennai nungambakkam,3.0,Chennai
2018-07-24,2018,7,Chennai collectorate building,2.7,Chennai
2018-07-24,2018,7,Anna university,1.2,Chennai
2018-07-25,2018,7,Alandur,9.0,Chennai
2018-07-25,2018,7,Chennai AP,3.3,Chennai
2018-07-25,2018,7,Chennai nungambakkam,0.2,Chennai
2018-07-27,2018,7,Sholinganallur,20.0,Chennai
2018-07-27,2018,7,Perambur Corporation park,15.4,Chennai
2018-07-27,2018,7,Ayanavaram taluk office,12.0,Chennai
2018-07-27,2018,7,Alandur,10.0,Chennai
2018-07-27,2018,7,Chennai collectorate building,7.5,Chennai
2018-07-27,2018,7,Gov hr sec school MGR Nagar,5.9,Chennai
2018-07-27,2018,7,Chennai AP,4.1,Chennai
2018-07-27,2018,7,CD Hospital Tondiarpet,1.4,Chennai
2018-07-27,2018,7,Chennai nungambakkam,1.2,Chennai
2018-07-28,2018,7,Ambathur,6.0,Chennai
2018-07-28,2018,7,Perambur Corporation park,1.2,Chennai
2018-07-28,2018,7,Chennai nungambakkam,0.1,Chennai
2018-07-30,2018,7,Perambur Corporation park,10.1,Chennai
2018-07-30,2018,7,Ayanavaram taluk office,7.4,Chennai
2018-07-30,2018,7,Chennai nungambakkam,7.0,Chennai
2018-07-30,2018,7,DGP Office,4.6,Chennai
2018-07-30,2018,7,Ambathur,4.0,Chennai
2018-07-30,2018,7,CD Hospital Tondiarpet,2.1,Chennai
2018-07-30,2018,7,Anna university,0.8,Chennai
2018-08-01,2018,8,DGP Office,22.6,Chennai
2018-08-01,2018,8,Sholinganallur,13.0,Chennai
2018-08-01,2018,8,Chennai AP,11.6,Chennai
2018-08-01,2018,8,Alandur,11.6,Chennai
2018-08-01,2018,8,Gov hr sec school MGR Nagar,6.8,Chennai
2018-08-01,2018,8,Anna university,4.2,Chennai
2018-08-01,2018,8,Chennai nungambakkam,3.3,Chennai
2018-08-01,2018,8,CD Hospital Tondiarpet,2.6,Chennai
2018-08-01,2018,8,Perambur Corporation park,2.4,Chennai
2018-08-01,2018,8,Ambathur,2.0,Chennai
2018-08-01,2018,8,Ayanavaram taluk office,1.8,Chennai
2018-08-02,2018,8,Perambur Corporation park,1.1,Chennai
2018-08-02,2018,8,Chennai nungambakkam,0.5,Chennai
2018-08-02,2018,8,Chennai AP,0.3,Chennai
2018-08-03,2018,8,Sholinganallur,15.0,Chennai
2018-08-03,2018,8,Alandur,9.0,Chennai
2018-08-03,2018,8,Chennai AP,2.2,Chennai
2018-08-03,2018,8,Gov hr sec school MGR Nagar,1.0,Chennai
2018-08-04,2018,8,Sholinganallur,47.0,Chennai
2018-08-04,2018,8,Chennai collectorate building,15.7,Chennai
2018-08-04,2018,8,DGP Office,11.2,Chennai
2018-08-04,2018,8,Perambur Corporation park,11.2,Chennai
2018-08-04,2018,8,Chennai nungambakkam,2.9,Chennai
2018-08-04,2018,8,Chennai AP,1.6,Chennai
2018-08-04,2018,8,Ambathur,1.0,Chennai
2018-08-05,2018,8,Perambur Corporation park,48.0,Chennai
2018-08-05,2018,8,DGP Office,42.4,Chennai
2018-08-05,2018,8,Chennai nungambakkam,19.2,Chennai
2018-08-05,2018,8,Sholinganallur,13.0,Chennai
2018-08-05,2018,8,Alandur,12.0,Chennai
2018-08-05,2018,8,Gov hr sec school MGR Nagar,11.4,Chennai
2018-08-05,2018,8,Chennai collectorate building,11.3,Chennai
2018-08-05,2018,8,Chennai AP,8.3,Chennai
2018-08-05,2018,8,Ambathur,6.0,Chennai
2018-08-06,2018,8,Perambur Corporation park,1.0,Chennai
2018-08-06,2018,8,Chennai AP,0.4,Chennai
2018-08-07,2018,8,Chennai nungambakkam,0.4,Chennai
2018-08-08,2018,8,Alandur,7.0,Chennai
2018-08-08,2018,8,Chennai AP,5.9,Chennai
2018-08-08,2018,8,Chennai nungambakkam,0.1,Chennai
2018-08-09,2018,8,Sholinganallur,22.0,Chennai
2018-08-09,2018,8,Alandur,16.0,Chennai
2018-08-09,2018,8,Ambathur,13.0,Chennai
2018-08-09,2018,8,Chennai AP,12.0,Chennai
2018-08-09,2018,8,Ayanavaram taluk office,10.0,Chennai
2018-08-09,2018,8,Chennai nungambakkam,9.3,Chennai
2018-08-09,2018,8,Chennai collectorate building,9.3,Chennai
2018-08-09,2018,8,CD Hospital Tondiarpet,7.3,Chennai
2018-08-09,2018,8,DGP Office,6.2,Chennai
2018-08-09,2018,8,Perambur Corporation park,6.2,Chennai
2018-08-09,2018,8,Gov hr sec school MGR Nagar,5.8,Chennai
2018-08-10,2018,8,Perambur Corporation park,37.1,Chennai
2018-08-10,2018,8,CD Hospital Tondiarpet,24.1,Chennai
2018-08-10,2018,8,Chennai collectorate building,23.7,Chennai
2018-08-10,2018,8,Ayanavaram taluk office,22.0,Chennai
2018-08-10,2018,8,Ambathur,20.0,Chennai
2018-08-10,2018,8,Anna university,18.7,Chennai
2018-08-10,2018,8,DGP Office,14.6,Chennai
2018-08-10,2018,8,Chennai nungambakkam,13.8,Chennai
2018-08-10,2018,8,Alandur,11.0,Chennai
2018-08-10,2018,8,Gov hr sec school MGR Nagar,7.4,Chennai
2018-08-10,2018,8,Chennai AP,7.0,Chennai
2018-08-11,2018,8,Alandur,11.0,Chennai
2018-08-11,2018,8,DGP Office,8.6,Chennai
2018-08-11,2018,8,Ayanavaram taluk office,8.0,Chennai
2018-08-11,2018,8,Sholinganallur,7.0,Chennai
2018-08-11,2018,8,Perambur Corporation park,6.4,Chennai
2018-08-11,2018,8,Ambathur,6.0,Chennai
2018-08-11,2018,8,Chennai collectorate building,5.7,Chennai
2018-08-11,2018,8,Chennai nungambakkam,5.4,Chennai
2018-08-11,2018,8,Gov hr sec school MGR Nagar,5.2,Chennai
2018-08-11,2018,8,Anna university,3.7,Chennai
2018-08-11,2018,8,CD Hospital Tondiarpet,3.4,Chennai
2018-08-11,2018,8,Chennai AP,3.2,Chennai
2018-08-12,2018,8,Ayanavaram taluk office,7.2,Chennai
2018-08-12,2018,8,Perambur Corporation park,6.3,Chennai
2018-08-12,2018,8,DGP Office,6.2,Chennai
2018-08-12,2018,8,Anna university,5.4,Chennai
2018-08-12,2018,8,Ambathur,5.0,Chennai
2018-08-12,2018,8,Chennai collectorate building,4.7,Chennai
2018-08-12,2018,8,Gov hr sec school MGR Nagar,4.7,Chennai
2018-08-12,2018,8,Chennai nungambakkam,4.1,Chennai
2018-08-12,2018,8,CD Hospital Tondiarpet,3.7,Chennai
2018-08-12,2018,8,Chennai AP,2.6,Chennai
2018-08-13,2018,8,Chennai AP,0.1,Chennai
2018-08-14,2018,8,DGP Office,4.2,Chennai
2018-08-14,2018,8,Chennai nungambakkam,2.5,Chennai
2018-08-14,2018,8,Ambathur,2.0,Chennai
2018-08-14,2018,8,Gov hr sec school MGR Nagar,1.4,Chennai
2018-08-14,2018,8,Chennai AP,1.2,Chennai
2018-08-14,2018,8,Anna university,1.2,Chennai
2018-08-14,2018,8,Alandur,1.0,Chennai
2018-08-15,2018,8,Alandur,140.0,Chennai
2018-08-15,2018,8,Anna university,85.2,Chennai
2018-08-15,2018,8,DGP Office,72.4,Chennai
2018-08-15,2018,8,Chennai AP,67.8,Chennai
2018-08-15,2018,8,Sholinganallur,59.0,Chennai
2018-08-15,2018,8,Chennai nungambakkam,56.4,Chennai
2018-08-15,2018,8,Ambathur,49.0,Chennai
2018-08-15,2018,8,Gov hr sec school MGR Nagar,47.0,Chennai
2018-08-15,2018,8,Ayanavaram taluk office,46.0,Chennai
2018-08-15,2018,8,Perambur Corporation park,32.1,Chennai
2018-08-15,2018,8,Chennai collectorate building,27.3,Chennai
2018-08-15,2018,8,CD Hospital Tondiarpet,19.0,Chennai
2018-08-16,2018,8,Sholinganallur,22.0,Chennai
2018-08-16,2018,8,DGP Office,10.2,Chennai
2018-08-16,2018,8,Ambathur,6.0,Chennai
2018-08-16,2018,8,Anna university,3.6,Chennai
2018-08-17,2018,8,CD Hospital Tondiarpet,17.0,Chennai
2018-08-17,2018,8,Ayanavaram taluk office,7.0,Chennai
2018-08-17,2018,8,Chennai nungambakkam,6.5,Chennai
2018-08-17,2018,8,DGP Office,6.4,Chennai
2018-08-17,2018,8,Perambur Corporation park,6.4,Chennai
2018-08-17,2018,8,Anna university,6.2,Chennai
2018-08-17,2018,8,Alandur,6.0,Chennai
2018-08-17,2018,8,Chennai collectorate building,5.7,Chennai
2018-08-17,2018,8,Chennai AP,5.4,Chennai
2018-08-17,2018,8,Ambathur,5.0,Chennai
2018-08-17,2018,8,Gov hr sec school MGR Nagar,2.4,Chennai
2018-08-24,2018,8,CD Hospital Tondiarpet,4.0,Chennai
2018-08-24,2018,8,Chennai collectorate building,3.7,Chennai
2018-08-24,2018,8,Perambur Corporation park,1.0,Chennai
2018-08-25,2018,8,Perambur Corporation park,15.4,Chennai
2018-08-25,2018,8,DGP Office,6.2,Chennai
2018-08-25,2018,8,Ayanavaram taluk office,2.4,Chennai
2018-08-25,2018,8,Chennai nungambakkam,1.6,Chennai
2018-08-25,2018,8,Anna university,1.0,Chennai
2018-08-25,2018,8,Chennai AP,0.2,Chennai
2018-08-25,2018,8,Gov hr sec school MGR Nagar,0.2,Chennai
2018-08-26,2018,8,Ambathur,7.0,Chennai
2018-08-26,2018,8,Perambur Corporation park,3.0,Chennai
2018-08-26,2018,8,Chennai nungambakkam,1.8,Chennai
2018-08-26,2018,8,Chennai AP,0.5,Chennai
2018-08-28,2018,8,CD Hospital Tondiarpet,20.0,Chennai
2018-08-28,2018,8,Ayanavaram taluk office,18.0,Chennai
2018-08-28,2018,8,DGP Office,16.2,Chennai
2018-08-28,2018,8,Anna university,14.0,Chennai
2018-08-28,2018,8,Perambur Corporation park,12.4,Chennai
2018-08-28,2018,8,Chennai nungambakkam,10.0,Chennai
2018-08-28,2018,8,Chennai AP,9.7,Chennai
2018-08-28,2018,8,Ambathur,9.0,Chennai
2018-08-28,2018,8,Gov hr sec school MGR Nagar,8.8,Chennai
2018-08-28,2018,8,Chennai collectorate building,7.5,Chennai
2018-08-28,2018,8,Sholinganallur,6.0,Chennai
2018-08-28,2018,8,Alandur,2.0,Chennai
2018-08-29,2018,8,Chennai nungambakkam,1.6,Chennai
2018-08-30,2018,8,Sholinganallur,8.0,Chennai
2018-08-31,2018,8,CD Hospital Tondiarpet,59.0,Chennai
2018-08-31,2018,8,Perambur Corporation park,33.0,Chennai
2018-08-31,2018,8,Ayanavaram taluk office,32.0,Chennai
2018-08-31,2018,8,Chennai nungambakkam,31.1,Chennai
2018-08-31,2018,8,Chennai collectorate building,27.7,Chennai
2018-08-31,2018,8,Alandur,27.0,Chennai
2018-08-31,2018,8,DGP Office,22.6,Chennai
2018-08-31,2018,8,Sholinganallur,20.0,Chennai
2018-08-31,2018,8,Anna university,18.6,Chennai
2018-08-31,2018,8,Gov hr sec school MGR Nagar,17.2,Chennai
2018-08-31,2018,8,Chennai AP,16.1,Chennai
2018-08-31,2018,8,Ambathur,8.0,Chennai
2018-09-01,2018,9,Alandur,6.0,Chennai
2018-09-01,2018,9,Anna university,1.6,Chennai
2018-09-01,2018,9,Chennai nungambakkam,0.4,Chennai
2018-09-01,2018,9,Chennai AP,0.2,Chennai
2018-09-02,2018,9,DGP Office,6.4,Chennai
2018-09-02,2018,9,Alandur,3.0,Chennai
2018-09-02,2018,9,Chennai AP,2.2,Chennai
2018-09-02,2018,9,Chennai nungambakkam,1.2,Chennai
2018-09-02,2018,9,Anna university,1.0,Chennai
2018-09-03,2018,9,Chennai AP,1.5,Chennai
2018-09-03,2018,9,Anna university,0.6,Chennai
2018-09-14,2018,9,Sholinganallur,40.0,Chennai
2018-09-14,2018,9,Chennai AP,17.8,Chennai
2018-09-14,2018,9,Gov hr sec school MGR Nagar,1.2,Chennai
2018-09-14,2018,9,Chennai nungambakkam,0.1,Chennai
2018-09-16,2018,9,Anna university,6.0,Chennai
2018-09-16,2018,9,Gov hr sec school MGR Nagar,2.4,Chennai
2018-09-16,2018,9,Chennai nungambakkam,2.0,Chennai
2018-09-16,2018,9,Chennai AP,0.4,Chennai
2018-09-17,2018,9,Chennai AP,46.2,Chennai
2018-09-17,2018,9,Perambur Corporation park,36.4,Chennai
2018-09-17,2018,9,Sholinganallur,33.0,Chennai
2018-09-17,2018,9,Chennai collectorate building,32.7,Chennai
2018-09-17,2018,9,Gov hr sec school MGR Nagar,32.4,Chennai
2018-09-17,2018,9,Ayanavaram taluk office,32.0,Chennai
2018-09-17,2018,9,Alandur,30.7,Chennai
2018-09-17,2018,9,Anna university,30.1,Chennai
2018-09-17,2018,9,CD Hospital Tondiarpet,28.4,Chennai
2018-09-17,2018,9,Ambathur,28.0,Chennai
2018-09-17,2018,9,Chennai nungambakkam,26.0,Chennai
2018-09-17,2018,9,DGP Office,16.2,Chennai
2018-09-18,2018,9,CD Hospital Tondiarpet,41.8,Chennai
2018-09-18,2018,9,Chennai AP,27.2,Chennai
2018-09-18,2018,9,Alandur,27.2,Chennai
2018-09-18,2018,9,Sholinganallur,20.0,Chennai
2018-09-18,2018,9,Gov hr sec school MGR Nagar,14.0,Chennai
2018-09-18,2018,9,Perambur Corporation park,13.2,Chennai
2018-09-18,2018,9,Ayanavaram taluk office,12.0,Chennai
2018-09-18,2018,9,Ambathur,12.0,Chennai
2018-09-18,2018,9,Anna university,11.6,Chennai
2018-09-18,2018,9,Chennai nungambakkam,10.8,Chennai
2018-09-18,2018,9,Chennai collectorate building,10.7,Chennai
2018-09-18,2018,9,DGP Office,8.2,Chennai
2018-09-19,2018,9,Sholinganallur,40.0,Chennai
2018-09-19,2018,9,Alandur,32.0,Chennai
2018-09-19,2018,9,Gov hr sec school MGR Nagar,24.6,Chennai
2018-09-19,2018,9,Perambur Corporation park,24.1,Chennai
2018-09-19,2018,9,Chennai AP,22.4,Chennai
2018-09-19,2018,9,Ayanavaram taluk office,20.7,Chennai
2018-09-19,2018,9,Ambathur,20.0,Chennai
2018-09-19,2018,9,DGP Office,18.2,Chennai
2018-09-19,2018,9,Chennai nungambakkam,17.6,Chennai
2018-09-19,2018,9,Anna university,17.0,Chennai
2018-09-19,2018,9,CD Hospital Tondiarpet,15.4,Chennai
2018-09-19,2018,9,Chennai collectorate building,12.7,Chennai
2018-09-20,2018,9,DGP Office,4.6,Chennai
2018-09-20,2018,9,Anna university,1.8,Chennai
2018-09-20,2018,9,Chennai AP,0.4,Chennai
2018-09-20,2018,9,Alandur,0.4,Chennai
2018-09-20,2018,9,Chennai nungambakkam,0.2,Chennai
2018-10-01,2018,10,Alandur,20.0,Chennai
2018-10-01,2018,10,Chennai AP,13.4,Chennai
2018-10-01,2018,10,Gov hr sec school MGR Nagar,9.2,Chennai
2018-10-01,2018,10,Anna university,1.0,Chennai
2018-10-02,2018,10,Anna university,8.4,Chennai
2018-10-02,2018,10,Chennai nungambakkam,2.0,Chennai
2018-10-02,2018,10,Chennai AP,1.5,Chennai
2018-10-03,2018,10,Perambur Corporation park,16.1,Chennai
2018-10-03,2018,10,DGP Office,10.2,Chennai
2018-10-03,2018,10,Alandur,10.0,Chennai
2018-10-03,2018,10,Anna university,5.0,Chennai
2018-10-03,2018,10,Chennai AP,4.8,Chennai
2018-10-03,2018,10,Gov hr sec school MGR Nagar,3.8,Chennai
2018-10-03,2018,10,Ambathur,3.0,Chennai
2018-10-04,2018,10,CD Hospital Tondiarpet,12.4,Chennai
2018-10-04,2018,10,DGP Office,11.4,Chennai
2018-10-04,2018,10,Ambathur,11.0,Chennai
2018-10-04,2018,10,Sholinganallur,10.0,Chennai
2018-10-04,2018,10,Chennai nungambakkam,8.4,Chennai
2018-10-04,2018,10,Alandur,7.0,Chennai
2018-10-04,2018,10,Perambur Corporation park,5.2,Chennai
2018-10-04,2018,10,Gov hr sec school MGR Nagar,4.2,Chennai
2018-10-04,2018,10,Ayanavaram taluk office,4.0,Chennai
2018-10-04,2018,10,Anna university,3.2,Chennai
2018-10-04,2018,10,Chennai collectorate building,2.3,Chennai
2018-10-04,2018,10,Chennai AP,0.6,Chennai
2018-10-05,2018,10,Ayanavaram taluk office,72.0,Chennai
2018-10-05,2018,10,Perambur Corporation park,66.2,Chennai
2018-10-05,2018,10,Alandur,60.0,Chennai
2018-10-05,2018,10,Chennai AP,53.3,Chennai
2018-10-05,2018,10,Ambathur,51.0,Chennai
2018-10-05,2018,10,Chennai nungambakkam,46.0,Chennai
2018-10-05,2018,10,DGP Office,45.4,Chennai
2018-10-05,2018,10,Gov hr sec school MGR Nagar,43.8,Chennai
2018-10-05,2018,10,CD Hospital Tondiarpet,38.6,Chennai
2018-10-05,2018,10,Anna university,38.2,Chennai
2018-10-05,2018,10,Chennai collectorate building,33.7,Chennai
2018-10-05,2018,10,Sholinganallur,23.0,Chennai
2018-10-06,2018,10,CD Hospital Tondiarpet,37.3,Chennai
2018-10-06,2018,10,Alandur,34.0,Chennai
2018-10-06,2018,10,Chennai collectorate building,33.7,Chennai
2018-10-06,2018,10,DGP Office,32.6,Chennai
2018-10-06,2018,10,Perambur Corporation park,29.0,Chennai
2018-10-06,2018,10,Ayanavaram taluk office,28.0,Chennai
2018-10-06,2018,10,Chennai nungambakkam,26.0,Chennai
2018-10-06,2018,10,Gov hr sec school MGR Nagar,17.4,Chennai
2018-10-06,2018,10,Chennai AP,16.0,Chennai
2018-10-06,2018,10,Anna university,12.0,Chennai
2018-10-06,2018,10,Sholinganallur,12.0,Chennai
2018-10-06,2018,10,Ambathur,11.0,Chennai
2018-10-07,2018,10,DGP Office,16.2,Chennai
2018-10-07,2018,10,Perambur Corporation park,15.0,Chennai
2018-10-07,2018,10,Ayanavaram taluk office,15.0,Chennai
2018-10-07,2018,10,Chennai collectorate building,9.7,Chennai
2018-10-07,2018,10,Anna university,9.2,Chennai
2018-10-07,2018,10,Ambathur,9.0,Chennai
2018-10-07,2018,10,Chennai nungambakkam,6.5,Chennai
2018-10-07,2018,10,CD Hospital Tondiarpet,4.0,Chennai
2018-10-07,2018,10,Gov hr sec school MGR Nagar,1.2,Chennai
2018-10-07,2018,10,Alandur,1.0,Chennai
2018-10-07,2018,10,Chennai AP,0.2,Chennai
2018-10-08,2018,10,Chennai AP,0.5,Chennai
2018-10-09,2018,10,Chennai AP,0.3,Chennai
2018-10-17,2018,10,Chennai nungambakkam,0.2,Chennai
2018-10-17,2018,10,Chennai collectorate building,0.2,Chennai
2018-10-17,2018,10,Anna university,0.1,Chennai
2018-10-17,2018,10,Gov hr sec school MGR Nagar,0.1,Chennai
2018-10-18,2018,10,Gov hr sec school MGR Nagar,66.8,Chennai
2018-10-18,2018,10,Chennai AP,64.8,Chennai
2018-10-18,2018,10,Perambur Corporation park,40.0,Chennai
2018-10-18,2018,10,Alandur,37.6,Chennai
2018-10-18,2018,10,Ayanavaram taluk office,21.0,Chennai
2018-10-18,2018,10,Chennai nungambakkam,20.0,Chennai
2018-10-18,2018,10,Sholinganallur,20.0,Chennai
2018-10-18,2018,10,Ambathur,16.0,Chennai
2018-10-18,2018,10,DGP Office,8.2,Chennai
2018-10-18,2018,10,Anna university,6.7,Chennai
2018-10-18,2018,10,CD Hospital Tondiarpet,6.2,Chennai
2018-10-18,2018,10,Chennai collectorate building,5.7,Chennai
2018-10-20,2018,10,Alandur,9.2,Chennai
2018-10-20,2018,10,Anna university,0.2,Chennai
2018-10-21,2018,10,Chennai AP,14.2,Chennai
2018-10-21,2018,10,Alandur,8.0,Chennai
2018-10-21,2018,10,DGP Office,6.4,Chennai
2018-10-21,2018,10,Gov hr sec school MGR Nagar,4.2,Chennai
2018-10-21,2018,10,Anna university,4.0,Chennai
2018-10-21,2018,10,Chennai collectorate building,2.7,Chennai
2018-10-21,2018,10,Ayanavaram taluk office,2.2,Chennai
2018-10-21,2018,10,Ambathur,2.0,Chennai
2018-10-21,2018,10,CD Hospital Tondiarpet,1.6,Chennai
2018-10-21,2018,10,Perambur Corporation park,1.1,Chennai
2018-10-21,2018,10,Chennai nungambakkam,1.0,Chennai
2018-10-22,2018,10,Anna university,0.2,Chennai
2018-10-31,2018,10,DGP Office,48.0,Chennai
2018-10-31,2018,10,Anna university,28.0,Chennai
2018-10-31,2018,10,CD Hospital Tondiarpet,23.4,Chennai
2018-10-31,2018,10,Ambathur,15.0,Chennai
2018-10-31,2018,10,Perambur Corporation park,14.2,Chennai
2018-10-31,2018,10,Ayanavaram taluk office,12.0,Chennai
2018-10-31,2018,10,Sholinganallur,10.0,Chennai
2018-10-31,2018,10,Gov hr sec school MGR Nagar,8.4,Chennai
2018-10-31,2018,10,Chennai nungambakkam,8.1,Chennai
2018-10-31,2018,10,Chennai AP,5.8,Chennai
2018-10-31,2018,10,Alandur,5.0,Chennai
2018-10-31,2018,10,Chennai collectorate building,4.7,Chennai
2018-11-01,2018,11,Perambur Corporation park,68.2,Chennai
2018-11-01,2018,11,Ambathur,68.0,Chennai
2018-11-01,2018,11,Ayanavaram taluk office,59.0,Chennai
2018-11-01,2018,11,Gov hr sec school MGR Nagar,41.8,Chennai
2018-11-01,2018,11,Chennai nungambakkam,35.6,Chennai
2018-11-01,2018,11,Anna university,35.0,Chennai
2018-11-01,2018,11,Chennai AP,33.4,Chennai
2018-11-01,2018,11,DGP Office,32.4,Chennai
2018-11-01,2018,11,Chennai collectorate building,27.7,Chennai
2018-11-01,2018,11,CD Hospital Tondiarpet,26.1,Chennai
2018-11-01,2018,11,Alandur,22.5,Chennai
2018-11-01,2018,11,Sholinganallur,10.0,Chennai
2018-11-02,2018,11,CD Hospital Tondiarpet,17.5,Chennai
2018-11-02,2018,11,Chennai collectorate building,17.0,Chennai
2018-11-02,2018,11,Perambur Corporation park,16.2,Chennai
2018-11-02,2018,11,DGP Office,14.2,Chennai
2018-11-02,2018,11,Sholinganallur,14.0,Chennai
2018-11-02,2018,11,Gov hr sec school MGR Nagar,11.2,Chennai
2018-11-02,2018,11,Ayanavaram taluk office,11.0,Chennai
2018-11-02,2018,11,Alandur,10.0,Chennai
2018-11-02,2018,11,Ambathur,9.0,Chennai
2018-11-02,2018,11,Chennai AP,8.5,Chennai
2018-11-02,2018,11,Chennai nungambakkam,8.0,Chennai
2018-11-02,2018,11,Anna university,3.0,Chennai
2018-11-04,2018,11,Perambur Corporation park,8.2,Chennai
2018-11-04,2018,11,Gov hr sec school MGR Nagar,8.0,Chennai
2018-11-04,2018,11,Ambathur,8.0,Chennai
2018-11-04,2018,11,Chennai collectorate building,7.7,Chennai
2018-11-04,2018,11,Chennai AP,7.2,Chennai
2018-11-04,2018,11,DGP Office,6.4,Chennai
2018-11-04,2018,11,Chennai nungambakkam,6.0,Chennai
2018-11-04,2018,11,Anna university,3.0,Chennai
2018-11-04,2018,11,CD Hospital Tondiarpet,1.4,Chennai
2018-11-05,2018,11,Ambathur,3.0,Chennai
2018-11-06,2018,11,Gov hr sec school MGR Nagar,5.4,Chennai
2018-11-06,2018,11,Ambathur,2.0,Chennai
2018-11-06,2018,11,Chennai AP,0.6,Chennai
2018-11-06,2018,11,Chennai nungambakkam,0.1,Chennai
2018-11-15,2018,11,CD Hospital Tondiarpet,6.5,Chennai
2018-11-15,2018,11,DGP Office,6.4,Chennai
2018-11-15,2018,11,Perambur Corporation park,5.2,Chennai
2018-11-15,2018,11,Ayanavaram taluk office,4.4,Chennai
2018-11-15,2018,11,Anna university,4.0,Chennai
2018-11-15,2018,11,Chennai collectorate building,3.0,Chennai
2018-11-15,2018,11,Gov hr sec school MGR Nagar,2.4,Chennai
2018-11-15,2018,11,Chennai AP,1.4,Chennai
2018-11-15,2018,11,Chennai nungambakkam,1.0,Chennai
2018-11-16,2018,11,Sholinganallur,12.0,Chennai
2018-11-16,2018,11,Ambathur,11.0,Chennai
2018-11-16,2018,11,DGP Office,9.2,Chennai
2018-11-16,2018,11,Ayanavaram taluk office,7.0,Chennai
2018-11-16,2018,11,Chennai AP,6.5,Chennai
2018-11-16,2018,11,Perambur Corporation park,6.2,Chennai
2018-11-16,2018,11,Gov hr sec school MGR Nagar,5.8,Chennai
2018-11-16,2018,11,Anna university,5.0,Chennai
2018-11-16,2018,11,Alandur,4.8,Chennai
2018-11-16,2018,11,Chennai nungambakkam,2.0,Chennai
2018-11-16,2018,11,Chennai collectorate building,0.7,Chennai
2018-11-16,2018,11,CD Hospital Tondiarpet,0.1,Chennai
2018-11-17,2018,11,DGP Office,4.6,Chennai
2018-11-17,2018,11,Chennai nungambakkam,3.8,Chennai
2018-11-17,2018,11,Chennai collectorate building,3.2,Chennai
2018-11-17,2018,11,Ambathur,2.0,Chennai
2018-11-18,2018,11,Chennai AP,3.8,Chennai
2018-11-19,2018,11,DGP Office,4.6,Chennai
2018-11-19,2018,11,Anna university,3.0,Chennai
2018-11-19,2018,11,Sholinganallur,2.0,Chennai
2018-11-19,2018,11,Chennai collectorate building,1.1,Chennai
2018-11-19,2018,11,Chennai AP,0.3,Chennai
2018-11-19,2018,11,Chennai nungambakkam,0.2,Chennai
2018-11-20,2018,11,Ayanavaram taluk office,7.4,Chennai
2018-11-20,2018,11,Perambur Corporation park,6.0,Chennai
2018-11-21,2018,11,Chennai AP,39.5,Chennai
2018-11-21,2018,11,Ambathur,27.0,Chennai
2018-11-21,2018,11,Gov hr sec school MGR Nagar,19.4,Chennai
2018-11-21,2018,11,Chennai nungambakkam,17.4,Chennai
2018-11-21,2018,11,DGP Office,15.4,Chennai
2018-11-21,2018,11,Chennai collectorate building,12.7,Chennai
2018-11-21,2018,11,Perambur Corporation park,12.3,Chennai
2018-11-21,2018,11,Ayanavaram taluk office,12.3,Chennai
2018-11-21,2018,11,Alandur,12.0,Chennai
2018-11-21,2018,11,Sholinganallur,10.0,Chennai
2018-11-21,2018,11,CD Hospital Tondiarpet,9.4,Chennai
2018-11-21,2018,11,Anna university,7.0,Chennai
2018-11-22,2018,11,DGP Office,92.6,Chennai
2018-11-22,2018,11,Chennai nungambakkam,85.5,Chennai
2018-11-22,2018,11,Chennai AP,75.9,Chennai
2018-11-22,2018,11,Ayanavaram taluk office,59.3,Chennai
2018-11-22,2018,11,Anna university,56.0,Chennai
2018-11-22,2018,11,Alandur,56.0,Chennai
2018-11-22,2018,11,Ambathur,53.0,Chennai
2018-11-22,2018,11,Gov hr sec school MGR Nagar,49.2,Chennai
2018-11-22,2018,11,CD Hospital Tondiarpet,48.3,Chennai
2018-11-22,2018,11,Perambur Corporation park,48.2,Chennai
2018-11-22,2018,11,Chennai collectorate building,42.7,Chennai
2018-11-22,2018,11,Sholinganallur,40.0,Chennai
2018-11-23,2018,11,Sholinganallur,31.3,Chennai
2018-11-23,2018,11,Alandur,30.0,Chennai
2018-11-23,2018,11,Gov hr sec school MGR Nagar,21.8,Chennai
2018-11-23,2018,11,DGP Office,21.4,Chennai
2018-11-23,2018,11,Ambathur,20.5,Chennai
2018-11-23,2018,11,Ayanavaram taluk office,18.3,Chennai
2018-11-23,2018,11,Chennai AP,16.9,Chennai
2018-11-23,2018,11,Anna university,16.3,Chennai
2018-11-23,2018,11,Perambur Corporation park,13.3,Chennai
2018-11-23,2018,11,Chennai nungambakkam,12.3,Chennai
2018-11-23,2018,11,CD Hospital Tondiarpet,12.2,Chennai
2018-11-23,2018,11,Chennai collectorate building,9.4,Chennai
2018-11-24,2018,11,DGP Office,2.3,Chennai
2018-12-04,2018,12,Ambathur,23.0,Chennai
2018-12-04,2018,12,Perambur Corporation park,20.1,Chennai
2018-12-04,2018,12,Sholinganallur,13.0,Chennai
2018-12-04,2018,12,CD Hospital Tondiarpet,12.8,Chennai
2018-12-04,2018,12,Ayanavaram taluk office,12.2,Chennai
2018-12-04,2018,12,Alandur,12.0,Chennai
2018-12-04,2018,12,Chennai AP,11.1,Chennai
2018-12-04,2018,12,DGP Office,10.4,Chennai
2018-12-04,2018,12,Chennai collectorate building,10.2,Chennai
2018-12-04,2018,12,Anna university,9.3,Chennai
2018-12-04,2018,12,Gov hr sec school MGR Nagar,9.2,Chennai
2018-12-04,2018,12,Chennai nungambakkam,6.4,Chennai
2018-12-05,2018,12,Chennai AP,16.5,Chennai
2018-12-05,2018,12,Sholinganallur,10.0,Chennai
2018-12-05,2018,12,Anna university,3.0,Chennai
2018-12-05,2018,12,Gov hr sec school MGR Nagar,2.8,Chennai
2018-12-05,2018,12,CD Hospital Tondiarpet,1.0,Chennai
2018-12-06,2018,12,Perambur Corporation park,36.2,Chennai
2018-12-06,2018,12,Chennai nungambakkam,21.2,Chennai
2018-12-06,2018,12,CD Hospital Tondiarpet,13.8,Chennai
2018-12-06,2018,12,Ayanavaram taluk office,12.2,Chennai
2018-12-06,2018,12,Ambathur,11.0,Chennai
2018-12-06,2018,12,DGP Office,6.4,Chennai
2018-12-06,2018,12,Chennai collectorate building,6.2,Chennai
2018-12-06,2018,12,Gov hr sec school MGR Nagar,5.8,Chennai
2018-12-06,2018,12,Alandur,5.0,Chennai
2018-12-06,2018,12,Anna university,4.0,Chennai
2018-12-06,2018,12,Chennai AP,3.6,Chennai
2018-12-16,2018,12,Chennai nungambakkam,0.1,Chennai
2018-12-22,2018,12,Alandur,3.0,Chennai
2018-12-22,2018,12,Anna university,1.0,Chennai
2018-12-22,2018,12,Chennai AP,0.3,Chennai
2018-12-23,2018,12,Chennai AP,21.4,Chennai
2018-12-23,2018,12,Alandur,20.0,Chennai
2018-12-23,2018,12,Anna university,10.0,Chennai
2018-12-23,2018,12,Gov hr sec school MGR Nagar,9.2,Chennai
2018-12-23,2018,12,Chennai nungambakkam,7.2,Chennai
2018-12-23,2018,12,DGP Office,6.4,Chennai
2018-12-30,2018,12,Anna university,1.0,Chennai
2018-12-30,2018,12,Chennai AP,0.6,Chennai
2018-12-30,2018,12,Chennai nungambakkam,0.2,Chennai
2018-12-30,2018,12,Gov hr sec school MGR Nagar,0.2,Chennai
2019-07-01,2019,7,Chennai AP,0.6,Chennai
2019-07-10,2019,7,Sholinganallur,24.0,Chennai
2019-07-10,2019,7,Alandur,9.6,Chennai
2019-07-10,2019,7,Chennai AP,9.6,Chennai
2019-07-10,2019,7,Chennai collectorate building,5.6,Chennai
2019-07-10,2019,7,Ambathur,5.0,Chennai
2019-07-10,2019,7,Ayanavaram taluk office,5.0,Chennai
2019-07-10,2019,7,Gov hr sec school MGR Nagar,4.8,Chennai
2019-07-10,2019,7,Chennai nungambakkam,4.0,Chennai
2019-07-10,2019,7,Anna university,3.8,Chennai
2019-07-10,2019,7,Perambur Corporation park,3.4,Chennai
2019-07-10,2019,7,DGP Office,2.4,Chennai
2019-07-10,2019,7,CD Hospital Tondiarpet,1.0,Chennai
2019-07-13,2019,7,Alandur,17.3,Chennai
2019-07-13,2019,7,Chennai AP,17.3,Chennai
2019-07-13,2019,7,Anna university,11.2,Chennai
2019-07-13,2019,7,Gov hr sec school MGR Nagar,4.8,Chennai
2019-07-13,2019,7,Chennai nungambakkam,1.4,Chennai
2019-07-16,2019,7,Sholinganallur,59.0,Chennai
2019-07-16,2019,7,Anna university,51.2,Chennai
2019-07-16,2019,7,DGP Office,49.2,Chennai
2019-07-16,2019,7,Gov hr sec school MGR Nagar,42.4,Chennai
2019-07-16,2019,7,Ayanavaram taluk office,42.0,Chennai
2019-07-16,2019,7,Chennai nungambakkam,37.3,Chennai
2019-07-16,2019,7,Perambur Corporation park,36.2,Chennai
2019-07-16,2019,7,CD Hospital Tondiarpet,34.5,Chennai
2019-07-16,2019,7,Ambathur,31.0,Chennai
2019-07-16,2019,7,Chennai collectorate building,31.0,Chennai
2019-07-16,2019,7,Chennai AP,24.2,Chennai
2019-07-16,2019,7,Alandur,24.0,Chennai
2019-07-17,2019,7,Gov hr sec school MGR Nagar,4.8,Chennai
2019-07-17,2019,7,Anna university,0.4,Chennai
2019-07-17,2019,7,Chennai AP,0.3,Chennai
2019-07-19,2019,7,Ambathur,2.0,Chennai
2019-07-19,2019,7,Chennai nungambakkam,0.8,Chennai
2019-07-21,2019,7,Alandur,1.2,Chennai
2019-07-21,2019,7,Chennai AP,1.2,Chennai
2019-07-22,2019,7,Sholinganallur,46.0,Chennai
2019-07-22,2019,7,DGP Office,39.0,Chennai
2019-07-22,2019,7,Anna university,10.0,Chennai
2019-07-22,2019,7,Ayanavaram taluk office,10.0,Chennai
2019-07-22,2019,7,Perambur Corporation park,9.5,Chennai
2019-07-22,2019,7,Chennai nungambakkam,7.8,Chennai
2019-07-22,2019,7,Gov hr sec school MGR Nagar,3.5,Chennai
2019-07-22,2019,7,Alandur,3.0,Chennai
2019-07-22,2019,7,Ambathur,3.0,Chennai
2019-07-22,2019,7,Chennai AP,3.0,Chennai
2019-07-22,2019,7,CD Hospital Tondiarpet,2.0,Chennai
2019-07-22,2019,7,Chennai collectorate building,1.0,Chennai
2019-07-23,2019,7,Alandur,5.1,Chennai
2019-07-23,2019,7,Chennai AP,5.1,Chennai
2019-07-23,2019,7,Sholinganallur,4.0,Chennai
2019-07-23,2019,7,CD Hospital Tondiarpet,3.0,Chennai
2019-07-23,2019,7,DGP Office,3.0,Chennai
2019-07-23,2019,7,Anna university,2.6,Chennai
2019-07-23,2019,7,Gov hr sec school MGR Nagar,2.2,Chennai
2019-07-23,2019,7,Chennai nungambakkam,1.6,Chennai
2019-07-23,2019,7,Ambathur,1.5,Chennai
2019-07-24,2019,7,DGP Office,47.2,Chennai
2019-07-24,2019,7,Perambur Corporation park,39.7,Chennai
2019-07-24,2019,7,Chennai nungambakkam,39.1,Chennai
2019-07-24,2019,7,Ayanavaram taluk office,38.0,Chennai
2019-07-24,2019,7,Chennai collectorate building,37.4,Chennai
2019-07-24,2019,7,Ambathur,35.0,Chennai
2019-07-24,2019,7,Anna university,33.2,Chennai
2019-07-24,2019,7,CD Hospital Tondiarpet,32.8,Chennai
2019-07-24,2019,7,Alandur,25.1,Chennai
2019-07-24,2019,7,Chennai AP,25.1,Chennai
2019-07-24,2019,7,Gov hr sec school MGR Nagar,23.8,Chennai
2019-07-24,2019,7,Sholinganallur,7.0,Chennai
2019-07-25,2019,7,Alandur,75.4,Chennai
2019-07-25,2019,7,Chennai AP,75.4,Chennai
2019-07-25,2019,7,Anna university,64.6,Chennai
2019-07-25,2019,7,Gov hr sec school MGR Nagar,64.2,Chennai
2019-07-25,2019,7,DGP Office,50.5,Chennai
2019-07-25,2019,7,Chennai nungambakkam,21.0,Chennai
2019-07-25,2019,7,Sholinganallur,17.0,Chennai
2019-07-25,2019,7,Chennai collectorate building,14.8,Chennai
2019-07-25,2019,7,Ayanavaram taluk office,13.0,Chennai
2019-07-25,2019,7,Perambur Corporation park,10.6,Chennai
2019-07-25,2019,7,CD Hospital Tondiarpet,5.2,Chennai
2019-07-25,2019,7,Ambathur,5.0,Chennai
2019-07-26,2019,7,Sholinganallur,50.0,Chennai
2019-07-26,2019,7,DGP Office,46.2,Chennai
2019-07-26,2019,7,Gov hr sec school MGR Nagar,45.2,Chennai
2019-07-26,2019,7,Alandur,29.4,Chennai
2019-07-26,2019,7,Chennai AP,29.4,Chennai
2019-07-26,2019,7,Chennai nungambakkam,26.4,Chennai
2019-07-26,2019,7,Anna university,17.6,Chennai
2019-07-26,2019,7,Ambathur,16.0,Chennai
2019-07-26,2019,7,Ayanavaram taluk office,13.2,Chennai
2019-07-26,2019,7,Chennai collectorate building,8.6,Chennai
2019-07-26,2019,7,CD Hospital Tondiarpet,8.0,Chennai
2019-07-26,2019,7,Perambur Corporation park,6.3,Chennai
2019-07-29,2019,7,Sholinganallur,3.0,Chennai
2019-07-29,2019,7,Alandur,0.4,Chennai
2019-07-29,2019,7,Chennai AP,0.4,Chennai
2019-07-30,2019,7,Chennai AP,0.6,Chennai
2019-08-02,2019,8,Anna university,0.4,Chennai
2019-08-02,2019,8,Chennai AP,0.3,Chennai
2019-08-02,2019,8,Alandur,0.1,Chennai
2019-08-05,2019,8,Chennai collectorate building,8.8,Chennai
2019-08-05,2019,8,CD Hospital Tondiarpet,6.8,Chennai
2019-08-05,2019,8,Perambur Corporation park,6.3,Chennai
2019-08-05,2019,8,DGP Office,6.1,Chennai
2019-08-05,2019,8,Ayanavaram taluk office,4.0,Chennai
2019-08-05,2019,8,Ambathur,3.0,Chennai
2019-08-05,2019,8,Anna university,3.0,Chennai
2019-08-05,2019,8,Chennai AP,2.7,Chennai
2019-08-05,2019,8,Alandur,2.5,Chennai
2019-08-05,2019,8,Chennai nungambakkam,2.5,Chennai
2019-08-05,2019,8,Gov hr sec school MGR Nagar,1.8,Chennai
2019-08-05,2019,8,Sholinganallur,1.0,Chennai
2019-08-06,2019,8,Sholinganallur,4.0,Chennai
2019-08-06,2019,8,Alandur,1.4,Chennai
2019-08-06,2019,8,Chennai AP,1.4,Chennai
2019-08-06,2019,8,Gov hr sec school MGR Nagar,1.2,Chennai
2019-08-06,2019,8,DGP Office,1.0,Chennai
2019-08-06,2019,8,Anna university,0.8,Chennai
2019-08-06,2019,8,Chennai nungambakkam,0.2,Chennai
2019-08-14,2019,8,Anna university,13.6,Chennai
2019-08-14,2019,8,Alandur,13.0,Chennai
2019-08-14,2019,8,Chennai AP,13.0,Chennai
2019-08-14,2019,8,Gov hr sec school MGR Nagar,10.2,Chennai
2019-08-14,2019,8,DGP Office,6.0,Chennai
2019-08-14,2019,8,Chennai collectorate building,5.2,Chennai
2019-08-14,2019,8,CD Hospital Tondiarpet,1.7,Chennai
2019-08-14,2019,8,Sholinganallur,1.0,Chennai
2019-08-14,2019,8,Chennai nungambakkam,0.7,Chennai
2019-08-15,2019,8,Chennai collectorate building,14.2,Chennai
2019-08-15,2019,8,CD Hospital Tondiarpet,13.8,Chennai
2019-08-15,2019,8,Perambur Corporation park,12.4,Chennai
2019-08-15,2019,8,Ambathur,12.0,Chennai
2019-08-15,2019,8,Chennai nungambakkam,11.6,Chennai
2019-08-15,2019,8,Ayanavaram taluk office,11.0,Chennai
2019-08-15,2019,8,DGP Office,11.0,Chennai
2019-08-15,2019,8,Sholinganallur,11.0,Chennai
2019-08-15,2019,8,Anna university,9.8,Chennai
2019-08-15,2019,8,Gov hr sec school MGR Nagar,2.4,Chennai
2019-08-15,2019,8,Alandur,2.0,Chennai
2019-08-15,2019,8,Chennai AP,2.0,Chennai
2019-08-16,2019,8,Alandur,1.0,Chennai
2019-08-16,2019,8,Chennai AP,1.0,Chennai
2019-08-17,2019,8,Gov hr sec school MGR Nagar,26.2,Chennai
2019-08-17,2019,8,Alandur,15.3,Chennai
2019-08-17,2019,8,Chennai AP,15.3,Chennai
2019-08-17,2019,8,DGP Office,10.6,Chennai
2019-08-17,2019,8,Anna university,8.4,Chennai
2019-08-17,2019,8,Chennai nungambakkam,7.3,Chennai
2019-08-17,2019,8,Ambathur,6.0,Chennai
2019-08-17,2019,8,Sholinganallur,4.0,Chennai
2019-08-18,2019,8,Ayanavaram taluk office,62.0,Chennai
2019-08-18,2019,8,Perambur Corporation park,58.0,Chennai
2019-08-18,2019,8,Chennai AP,32.7,Chennai
2019-08-18,2019,8,DGP Office,25.4,Chennai
2019-08-18,2019,8,CD Hospital Tondiarpet,24.1,Chennai
2019-08-18,2019,8,Chennai nungambakkam,23.5,Chennai
2019-08-18,2019,8,Anna university,21.6,Chennai
2019-08-18,2019,8,Alandur,19.1,Chennai
2019-08-18,2019,8,Gov hr sec school MGR Nagar,18.6,Chennai
2019-08-18,2019,8,Chennai collectorate building,15.2,Chennai
2019-08-18,2019,8,Sholinganallur,14.0,Chennai
2019-08-18,2019,8,Ambathur,5.0,Chennai
2019-08-19,2019,8,Ambathur,35.0,Chennai
2019-08-19,2019,8,Alandur,26.7,Chennai
2019-08-19,2019,8,Chennai AP,26.7,Chennai
2019-08-19,2019,8,Gov hr sec school MGR Nagar,21.4,Chennai
2019-08-19,2019,8,Anna university,21.2,Chennai
2019-08-19,2019,8,Sholinganallur,20.0,Chennai
2019-08-19,2019,8,Ayanavaram taluk office,17.0,Chennai
2019-08-19,2019,8,CD Hospital Tondiarpet,14.6,Chennai
2019-08-19,2019,8,DGP Office,14.4,Chennai
2019-08-19,2019,8,Chennai nungambakkam,14.1,Chennai
2019-08-19,2019,8,Perambur Corporation park,12.6,Chennai
2019-08-19,2019,8,Chennai collectorate building,9.6,Chennai
2019-08-20,2019,8,Alandur,29.0,Chennai
2019-08-20,2019,8,Chennai AP,29.0,Chennai
2019-08-20,2019,8,Anna university,25.8,Chennai
2019-08-20,2019,8,Sholinganallur,22.0,Chennai
2019-08-20,2019,8,Gov hr sec school MGR Nagar,19.7,Chennai
2019-08-20,2019,8,Ambathur,13.0,Chennai
2019-08-20,2019,8,Chennai nungambakkam,0.4,Chennai
2019-08-21,2019,8,Ambathur,27.0,Chennai
2019-08-21,2019,8,CD Hospital Tondiarpet,17.5,Chennai
2019-08-21,2019,8,DGP Office,12.6,Chennai
2019-08-21,2019,8,Ayanavaram taluk office,10.0,Chennai
2019-08-21,2019,8,Perambur Corporation park,8.6,Chennai
2019-08-21,2019,8,Chennai nungambakkam,6.5,Chennai
2019-08-21,2019,8,Gov hr sec school MGR Nagar,5.2,Chennai
2019-08-21,2019,8,Alandur,4.1,Chennai
2019-08-21,2019,8,Chennai AP,4.1,Chennai
2019-08-21,2019,8,Anna university,3.2,Chennai
2019-08-21,2019,8,Sholinganallur,3.0,Chennai
2019-08-21,2019,8,Chennai collectorate building,1.0,Chennai
2019-08-22,2019,8,Anna university,1.0,Chennai
2019-08-24,2019,8,Sholinganallur,24.0,Chennai
2019-08-24,2019,8,Chennai collectorate building,6.0,Chennai
2019-08-24,2019,8,Ayanavaram taluk office,5.0,Chennai
2019-08-24,2019,8,Perambur Corporation park,4.0,Chennai
2019-08-24,2019,8,CD Hospital Tondiarpet,2.5,Chennai
2019-08-24,2019,8,Anna university,2.0,Chennai
2019-08-24,2019,8,Chennai nungambakkam,1.6,Chennai
2019-08-24,2019,8,Alandur,0.6,Chennai
2019-08-24,2019,8,Chennai AP,0.6,Chennai
2019-08-24,2019,8,Gov hr sec school MGR Nagar,0.6,Chennai
2019-08-24,2019,8,DGP Office,0.4,Chennai
2019-08-25,2019,8,Sholinganallur,22.0,Chennai
2019-08-25,2019,8,Alandur,9.3,Chennai
2019-08-25,2019,8,Chennai AP,9.3,Chennai
2019-08-25,2019,8,Anna university,3.2,Chennai
2019-08-25,2019,8,Gov hr sec school MGR Nagar,1.6,Chennai
2019-08-29,2019,8,Ambathur,25.0,Chennai
2019-08-29,2019,8,Ayanavaram taluk office,20.0,Chennai
2019-08-29,2019,8,CD Hospital Tondiarpet,18.5,Chennai
2019-08-29,2019,8,Perambur Corporation park,18.4,Chennai
2019-08-29,2019,8,Gov hr sec school MGR Nagar,14.6,Chennai
2019-08-29,2019,8,Sholinganallur,13.0,Chennai
2019-08-29,2019,8,Chennai nungambakkam,11.4,Chennai
2019-08-29,2019,8,Chennai collectorate building,10.6,Chennai
2019-08-29,2019,8,Anna university,10.4,Chennai
2019-08-29,2019,8,DGP Office,8.6,Chennai
2019-08-29,2019,8,Alandur,6.2,Chennai
2019-08-29,2019,8,Chennai AP,6.2,Chennai
2019-08-31,2019,8,Anna university,46.6,Chennai
2019-08-31,2019,8,Chennai nungambakkam,29.6,Chennai
2019-08-31,2019,8,Perambur Corporation park,27.0,Chennai
2019-08-31,2019,8,Gov hr sec school MGR Nagar,26.2,Chennai
2019-08-31,2019,8,Ambathur,26.0,Chennai
2019-08-31,2019,8,DGP Office,22.4,Chennai
2019-08-31,2019,8,Ayanavaram taluk office,20.0,Chennai
2019-08-31,2019,8,Sholinganallur,16.0,Chennai
2019-08-31,2019,8,Alandur,14.5,Chennai
2019-08-31,2019,8,Chennai AP,14.5,Chennai
2019-08-31,2019,8,Chennai collectorate building,9.5,Chennai
2019-08-31,2019,8,CD Hospital Tondiarpet,8.4,Chennai
2019-09-01,2019,9,Anna university,5.0,Chennai
2019-09-01,2019,9,Alandur,4.0,Chennai
2019-09-01,2019,9,Chennai AP,4.0,Chennai
2019-09-01,2019,9,DGP Office,3.6,Chennai
2019-09-01,2019,9,Gov hr sec school MGR Nagar,1.2,Chennai
2019-09-01,2019,9,Sholinganallur,1.0,Chennai
2019-09-01,2019,9,Chennai nungambakkam,0.6,Chennai
2019-09-02,2019,9,Chennai nungambakkam,0.5,Chennai
2019-09-02,2019,9,Anna university,0.4,Chennai
2019-09-03,2019,9,Alandur,17.0,Chennai
2019-09-03,2019,9,Chennai AP,17.0,Chennai
2019-09-03,2019,9,Anna university,14.8,Chennai
2019-09-03,2019,9,Sholinganallur,4.0,Chennai
2019-09-03,2019,9,Gov hr sec school MGR Nagar,1.8,Chennai
2019-09-03,2019,9,DGP Office,1.3,Chennai
2019-09-03,2019,9,Chennai nungambakkam,1.0,Chennai
2019-09-04,2019,9,DGP Office,14.6,Chennai
2019-09-04,2019,9,CD Hospital Tondiarpet,9.0,Chennai
2019-09-04,2019,9,Sholinganallur,8.0,Chennai
2019-09-04,2019,9,Ayanavaram taluk office,5.0,Chennai
2019-09-04,2019,9,Gov hr sec school MGR Nagar,4.8,Chennai
2019-09-04,2019,9,Perambur Corporation park,3.8,Chennai
2019-09-04,2019,9,Chennai nungambakkam,3.6,Chennai
2019-09-04,2019,9,Alandur,2.6,Chennai
2019-09-04,2019,9,Chennai AP,2.6,Chennai
2019-09-04,2019,9,Chennai collectorate building,2.2,Chennai
2019-09-04,2019,9,Ambathur,2.0,Chennai
2019-09-04,2019,9,Anna university,2.0,Chennai
2019-09-05,2019,9,Anna university,11.2,Chennai
2019-09-05,2019,9,Alandur,9.8,Chennai
2019-09-05,2019,9,Chennai AP,9.8,Chennai
2019-09-05,2019,9,Gov hr sec school MGR Nagar,8.2,Chennai
2019-09-05,2019,9,Chennai nungambakkam,6.8,Chennai
2019-09-05,2019,9,Ayanavaram taluk office,4.0,Chennai
2019-09-05,2019,9,CD Hospital Tondiarpet,3.6,Chennai
2019-09-05,2019,9,DGP Office,3.4,Chennai
2019-09-05,2019,9,Ambathur,3.0,Chennai
2019-09-05,2019,9,Perambur Corporation park,3.0,Chennai
2019-09-05,2019,9,Chennai collectorate building,2.6,Chennai
2019-09-05,2019,9,Sholinganallur,1.0,Chennai
2019-09-07,2019,9,Gov hr sec school MGR Nagar,3.2,Chennai
2019-09-07,2019,9,Ambathur,3.0,Chennai
2019-09-07,2019,9,Chennai nungambakkam,2.8,Chennai
2019-09-07,2019,9,Chennai collectorate building,2.4,Chennai
2019-09-07,2019,9,CD Hospital Tondiarpet,1.6,Chennai
2019-09-07,2019,9,DGP Office,1.0,Chennai
2019-09-11,2019,9,Ambathur,31.0,Chennai
2019-09-11,2019,9,Chennai nungambakkam,0.7,Chennai
2019-09-12,2019,9,Ambathur,15.0,Chennai
2019-09-12,2019,9,Alandur,12.2,Chennai
2019-09-12,2019,9,Chennai AP,12.2,Chennai
2019-09-12,2019,9,Ayanavaram taluk office,7.0,Chennai
2019-09-12,2019,9,Perambur Corporation park,6.8,Chennai
2019-09-12,2019,9,Gov hr sec school MGR Nagar,6.2,Chennai
2019-09-12,2019,9,Sholinganallur,4.0,Chennai
2019-09-12,2019,9,Chennai nungambakkam,3.8,Chennai
2019-09-12,2019,9,Chennai collectorate building,3.4,Chennai
2019-09-12,2019,9,Anna university,3.2,Chennai
2019-09-12,2019,9,CD Hospital Tondiarpet,1.6,Chennai
2019-09-12,2019,9,DGP Office,1.0,Chennai
2019-09-13,2019,9,Alandur,4.6,Chennai
2019-09-13,2019,9,Chennai AP,4.6,Chennai
2019-09-13,2019,9,Gov hr sec school MGR Nagar,4.4,Chennai
2019-09-13,2019,9,Anna university,2.4,Chennai
2019-09-13,2019,9,Ambathur,2.0,Chennai
2019-09-13,2019,9,Sholinganallur,2.0,Chennai
2019-09-13,2019,9,DGP Office,1.6,Chennai
2019-09-16,2019,9,Ambathur,25.0,Chennai
2019-09-16,2019,9,Chennai collectorate building,8.8,Chennai
2019-09-16,2019,9,Ayanavaram taluk office,3.0,Chennai
2019-09-16,2019,9,Alandur,2.6,Chennai
2019-09-16,2019,9,Chennai AP,2.6,Chennai
2019-09-16,2019,9,CD Hospital Tondiarpet,1.6,Chennai
2019-09-16,2019,9,Gov hr sec school MGR Nagar,1.2,Chennai
2019-09-16,2019,9,DGP Office,1.0,Chennai
2019-09-16,2019,9,Sholinganallur,1.0,Chennai
2019-09-16,2019,9,Perambur Corporation park,0.6,Chennai
2019-09-16,2019,9,Chennai nungambakkam,0.3,Chennai
2019-09-17,2019,9,Ambathur,8.0,Chennai
2019-09-17,2019,9,Chennai collectorate building,4.4,Chennai
2019-09-17,2019,9,Gov hr sec school MGR Nagar,4.2,Chennai
2019-09-17,2019,9,Ayanavaram taluk office,3.0,Chennai
2019-09-17,2019,9,Chennai nungambakkam,2.7,Chennai
2019-09-17,2019,9,Perambur Corporation park,2.7,Chennai
2019-09-17,2019,9,Anna university,2.0,Chennai
2019-09-18,2019,9,Chennai collectorate building,11.2,Chennai
2019-09-18,2019,9,CD Hospital Tondiarpet,5.5,Chennai
2019-09-18,2019,9,Anna university,0.6,Chennai
2019-09-19,2019,9,Ayanavaram taluk office,96.0,Chennai
2019-09-19,2019,9,Perambur Corporation park,88.6,Chennai
2019-09-19,2019,9,Ambathur,85.0,Chennai
2019-09-19,2019,9,Chennai collectorate building,78.6,Chennai
2019-09-19,2019,9,Gov hr sec school MGR Nagar,76.8,Chennai
2019-09-19,2019,9,Chennai nungambakkam,74.0,Chennai
2019-09-19,2019,9,DGP Office,70.6,Chennai
2019-09-19,2019,9,CD Hospital Tondiarpet,65.5,Chennai
2019-09-19,2019,9,Alandur,62.2,Chennai
2019-09-19,2019,9,Chennai AP,62.2,Chennai
2019-09-19,2019,9,Anna university,59.4,Chennai
2019-09-19,2019,9,Sholinganallur,2.0,Chennai
2019-09-20,2019,9,Ayanavaram taluk office,33.0,Chennai
2019-09-20,2019,9,Sholinganallur,28.0,Chennai
2019-09-20,2019,9,Chennai collectorate building,25.8,Chennai
2019-09-20,2019,9,Gov hr sec school MGR Nagar,18.2,Chennai
2019-09-20,2019,9,Perambur Corporation park,18.0,Chennai
2019-09-20,2019,9,Anna university,13.6,Chennai
2019-09-20,2019,9,DGP Office,8.6,Chennai
2019-09-20,2019,9,Ambathur,6.0,Chennai
2019-09-20,2019,9,Chennai nungambakkam,2.2,Chennai
2019-09-20,2019,9,CD Hospital Tondiarpet,1.8,Chennai
2019-09-20,2019,9,Alandur,1.7,Chennai
2019-09-20,2019,9,Chennai AP,1.7,Chennai
2019-09-21,2019,9,Ayanavaram taluk office,8.0,Chennai
2019-09-22,2019,9,Ambathur,48.0,Chennai
2019-09-23,2019,9,Alandur,54.2,Chennai
2019-09-23,2019,9,Chennai AP,54.2,Chennai
2019-09-23,2019,9,Anna university,52.6,Chennai
2019-09-23,2019,9,Gov hr sec school MGR Nagar,49.3,Chennai
2019-09-23,2019,9,Ambathur,38.0,Chennai
2019-09-23,2019,9,Sholinganallur,30.0,Chennai
2019-09-23,2019,9,DGP Office,14.2,Chennai
2019-09-23,2019,9,Chennai nungambakkam,11.8,Chennai
2019-09-23,2019,9,Perambur Corporation park,7.5,Chennai
2019-09-23,2019,9,Ayanavaram taluk office,6.0,Chennai
2019-09-23,2019,9,CD Hospital Tondiarpet,5.4,Chennai
2019-09-24,2019,9,DGP Office,62.6,Chennai
2019-09-24,2019,9,CD Hospital Tondiarpet,29.0,Chennai
2019-09-24,2019,9,Chennai collectorate building,23.8,Chennai
2019-09-24,2019,9,Sholinganallur,20.0,Chennai
2019-09-24,2019,9,Anna university,11.2,Chennai
2019-09-24,2019,9,Gov hr sec school MGR Nagar,8.4,Chennai
2019-09-24,2019,9,Perambur Corporation park,7.5,Chennai
2019-09-24,2019,9,Ayanavaram taluk office,6.0,Chennai
2019-09-24,2019,9,Chennai nungambakkam,5.6,Chennai
2019-09-24,2019,9,Alandur,4.4,Chennai
2019-09-24,2019,9,Chennai AP,4.4,Chennai
2019-09-25,2019,9,Ambathur,6.0,Chennai
2019-09-25,2019,9,Sholinganallur,2.0,Chennai
2019-09-25,2019,9,Chennai collectorate building,1.6,Chennai
2019-09-25,2019,9,DGP Office,1.0,Chennai
2019-09-25,2019,9,Anna university,0.4,Chennai
2019-09-26,2019,9,Sholinganallur,42.0,Chennai
2019-09-26,2019,9,Gov hr sec school MGR Nagar,36.8,Chennai
2019-09-26,2019,9,Anna university,32.8,Chennai
2019-09-26,2019,9,Chennai collectorate building,32.4,Chennai
2019-09-26,2019,9,Ayanavaram taluk office,29.0,Chennai
2019-09-26,2019,9,Ambathur,28.0,Chennai
2019-09-26,2019,9,Perambur Corporation park,26.0,Chennai
2019-09-26,2019,9,Alandur,23.4,Chennai
2019-09-26,2019,9,Chennai AP,23.4,Chennai
2019-09-26,2019,9,CD Hospital Tondiarpet,22.3,Chennai
2019-09-26,2019,9,Chennai nungambakkam,19.0,Chennai
2019-09-26,2019,9,DGP Office,17.6,Chennai
2019-10-01,2019,10,Sholinganallur,4.0,Chennai
2019-10-10,2019,10,Gov hr sec school MGR Nagar,0.6,Chennai
2019-10-12,2019,10,Ambathur,7.0,Chennai
2019-10-15,2019,10,Gov hr sec school MGR Nagar,26.8,Chennai
2019-10-15,2019,10,Ambathur,24.0,Chennai
2019-10-15,2019,10,Alandur,7.8,Chennai
2019-10-15,2019,10,Chennai AP,7.8,Chennai
2019-10-15,2019,10,Anna university,5.2,Chennai
2019-10-15,2019,10,DGP Office,4.8,Chennai
2019-10-15,2019,10,Sholinganallur,4.0,Chennai
2019-10-15,2019,10,Ayanavaram taluk office,3.0,Chennai
2019-10-15,2019,10,Perambur Corporation park,2.0,Chennai
2019-10-15,2019,10,Chennai nungambakkam,0.2,Chennai
2019-10-16,2019,10,Alandur,53.0,Chennai
2019-10-16,2019,10,CD Hospital Tondiarpet,34.0,Chennai
2019-10-16,2019,10,Ambathur,24.0,Chennai
2019-10-16,2019,10,Chennai collectorate building,22.6,Chennai
2019-10-16,2019,10,DGP Office,10.6,Chennai
2019-10-16,2019,10,Ayanavaram taluk office,7.0,Chennai
2019-10-16,2019,10,Sholinganallur,7.0,Chennai
2019-10-16,2019,10,Chennai nungambakkam,6.7,Chennai
2019-10-16,2019,10,Perambur Corporation park,6.3,Chennai
2019-10-16,2019,10,Chennai AP,5.3,Chennai
2019-10-16,2019,10,Gov hr sec school MGR Nagar,4.6,Chennai
2019-10-16,2019,10,Anna university,4.4,Chennai
2019-10-17,2019,10,Anna university,45.2,Chennai
2019-10-17,2019,10,Alandur,43.0,Chennai
2019-10-17,2019,10,Chennai AP,43.0,Chennai
2019-10-17,2019,10,Gov hr sec school MGR Nagar,38.2,Chennai
2019-10-17,2019,10,Ambathur,28.0,Chennai
2019-10-17,2019,10,Sholinganallur,24.0,Chennai
2019-10-17,2019,10,DGP Office,14.8,Chennai
2019-10-17,2019,10,Chennai collectorate building,7.6,Chennai
2019-10-17,2019,10,Chennai nungambakkam,7.4,Chennai
2019-10-17,2019,10,Ayanavaram taluk office,6.0,Chennai
2019-10-17,2019,10,CD Hospital Tondiarpet,5.5,Chennai
2019-10-17,2019,10,Perambur Corporation park,4.5,Chennai
2019-10-18,2019,10,Ayanavaram taluk office,132.0,Chennai
2019-10-18,2019,10,Perambur Corporation park,117.0,Chennai
2019-10-18,2019,10,Chennai nungambakkam,101.5,Chennai
2019-10-18,2019,10,DGP Office,86.8,Chennai
2019-10-18,2019,10,Gov hr sec school MGR Nagar,67.4,Chennai
2019-10-18,2019,10,Ambathur,64.0,Chennai
2019-10-18,2019,10,Chennai collectorate building,52.4,Chennai
2019-10-18,2019,10,Anna university,31.2,Chennai
2019-10-18,2019,10,CD Hospital Tondiarpet,28.8,Chennai
2019-10-18,2019,10,Sholinganallur,20.0,Chennai
2019-10-18,2019,10,Alandur,12.3,Chennai
2019-10-18,2019,10,Chennai AP,12.3,Chennai
2019-10-19,2019,10,Sholinganallur,33.0,Chennai
2019-10-19,2019,10,Chennai collectorate building,16.0,Chennai
2019-10-19,2019,10,CD Hospital Tondiarpet,13.5,Chennai
2019-10-19,2019,10,Ayanavaram taluk office,10.0,Chennai
2019-10-19,2019,10,Ambathur,7.0,Chennai
2019-10-19,2019,10,DGP Office,6.2,Chennai
2019-10-19,2019,10,Chennai nungambakkam,5.2,Chennai
2019-10-19,2019,10,Alandur,1.9,Chennai
2019-10-19,2019,10,Chennai AP,1.9,Chennai
2019-10-19,2019,10,Anna university,0.6,Chennai
2019-10-20,2019,10,Ambathur,23.0,Chennai
2019-10-20,2019,10,Chennai collectorate building,14.8,Chennai
2019-10-20,2019,10,Ayanavaram taluk office,14.2,Chennai
2019-10-20,2019,10,CD Hospital Tondiarpet,11.7,Chennai
2019-10-20,2019,10,Perambur Corporation park,10.6,Chennai
2019-10-20,2019,10,Sholinganallur,10.0,Chennai
2019-10-20,2019,10,DGP Office,8.2,Chennai
2019-10-20,2019,10,Chennai nungambakkam,8.1,Chennai
2019-10-20,2019,10,Gov hr sec school MGR Nagar,6.4,Chennai
2019-10-20,2019,10,Anna university,3.2,Chennai
2019-10-20,2019,10,Alandur,3.0,Chennai
2019-10-20,2019,10,Chennai AP,3.0,Chennai
2019-10-21,2019,10,Alandur,62.8,Chennai
2019-10-21,2019,10,Chennai AP,62.8,Chennai
2019-10-21,2019,10,Gov hr sec school MGR Nagar,41.2,Chennai
2019-10-21,2019,10,Chennai nungambakkam,39.9,Chennai
2019-10-21,2019,10,Ayanavaram taluk office,38.3,Chennai
2019-10-21,2019,10,Sholinganallur,30.0,Chennai
2019-10-21,2019,10,Perambur Corporation park,28.2,Chennai
2019-10-21,2019,10,Anna university,27.4,Chennai
2019-10-21,2019,10,Ambathur,22.0,Chennai
2019-10-21,2019,10,DGP Office,18.6,Chennai
2019-10-21,2019,10,Chennai collectorate building,15.2,Chennai
2019-10-21,2019,10,CD Hospital Tondiarpet,6.3,Chennai
2019-10-22,2019,10,Ambathur,35.0,Chennai
2019-10-22,2019,10,DGP Office,30.8,Chennai
2019-10-22,2019,10,Sholinganallur,30.0,Chennai
2019-10-22,2019,10,Anna university,29.2,Chennai
2019-10-22,2019,10,Chennai collectorate building,28.4,Chennai
2019-10-22,2019,10,Chennai nungambakkam,23.4,Chennai
2019-10-22,2019,10,Ayanavaram taluk office,20.0,Chennai
2019-10-22,2019,10,CD Hospital Tondiarpet,19.8,Chennai
2019-10-22,2019,10,Alandur,15.8,Chennai
2019-10-22,2019,10,Chennai AP,15.8,Chennai
2019-10-22,2019,10,Gov hr sec school MGR Nagar,14.6,Chennai
2019-10-22,2019,10,Perambur Corporation park,12.6,Chennai
2019-10-23,2019,10,DGP Office,6.6,Chennai
2019-10-23,2019,10,Chennai collectorate building,4.4,Chennai
2019-10-23,2019,10,Ambathur,4.0,Chennai
2019-10-23,2019,10,Ayanavaram taluk office,4.0,Chennai
2019-10-23,2019,10,Gov hr sec school MGR Nagar,3.2,Chennai
2019-10-23,2019,10,Anna university,2.8,Chennai
2019-10-23,2019,10,Chennai nungambakkam,1.1,Chennai
2019-10-23,2019,10,Chennai AP,1.0,Chennai
2019-10-24,2019,10,Ayanavaram taluk office,4.0,Chennai
2019-10-24,2019,10,Perambur Corporation park,3.0,Chennai
2019-10-24,2019,10,Chennai nungambakkam,2.1,Chennai
2019-10-24,2019,10,Chennai collectorate building,1.2,Chennai
2019-10-24,2019,10,DGP Office,1.0,Chennai
2019-10-24,2019,10,Anna university,0.6,Chennai
2019-10-24,2019,10,Alandur,0.2,Chennai
2019-10-24,2019,10,Chennai AP,0.2,Chennai
2019-10-25,2019,10,Anna university,0.4,Chennai
2019-10-26,2019,10,Alandur,24.8,Chennai
2019-10-26,2019,10,Ayanavaram taluk office,20.2,Chennai
2019-10-26,2019,10,Chennai collectorate building,18.4,Chennai
2019-10-26,2019,10,Chennai nungambakkam,18.0,Chennai
2019-10-26,2019,10,CD Hospital Tondiarpet,16.2,Chennai
2019-10-26,2019,10,Perambur Corporation park,14.1,Chennai
2019-10-26,2019,10,Ambathur,13.0,Chennai
2019-10-26,2019,10,Gov hr sec school MGR Nagar,12.3,Chennai
2019-10-26,2019,10,Anna university,10.2,Chennai
2019-10-26,2019,10,DGP Office,8.6,Chennai
2019-10-26,2019,10,Sholinganallur,4.0,Chennai
2019-10-27,2019,10,Chennai collectorate building,8.0,Chennai
2019-10-28,2019,10,Alandur,37.0,Chennai
2019-10-28,2019,10,Anna university,8.2,Chennai
2019-10-28,2019,10,Gov hr sec school MGR Nagar,4.2,Chennai
2019-10-28,2019,10,Perambur Corporation park,4.1,Chennai
2019-10-28,2019,10,Ayanavaram taluk office,3.0,Chennai
2019-10-28,2019,10,Sholinganallur,3.0,Chennai
2019-10-29,2019,10,Ambathur,27.0,Chennai
2019-10-29,2019,10,Chennai nungambakkam,14.0,Chennai
2019-10-29,2019,10,Sholinganallur,13.0,Chennai
2019-10-29,2019,10,Anna university,12.8,Chennai
2019-10-29,2019,10,DGP Office,11.2,Chennai
2019-10-29,2019,10,Alandur,7.6,Chennai
2019-10-29,2019,10,Ayanavaram taluk office,5.0,Chennai
2019-10-29,2019,10,Chennai collectorate building,5.0,Chennai
2019-10-29,2019,10,Gov hr sec school MGR Nagar,4.8,Chennai
2019-10-29,2019,10,Perambur Corporation park,3.1,Chennai
2019-10-29,2019,10,CD Hospital Tondiarpet,2.7,Chennai
2019-10-30,2019,10,Sholinganallur,94.0,Chennai
2019-10-30,2019,10,Anna university,76.2,Chennai
2019-10-30,2019,10,Gov hr sec school MGR Nagar,75.8,Chennai
2019-10-30,2019,10,Ambathur,55.0,Chennai
2019-10-30,2019,10,Alandur,52.2,Chennai
2019-10-30,2019,10,Perambur Corporation park,46.2,Chennai
2019-10-30,2019,10,DGP Office,42.6,Chennai
2019-10-30,2019,10,Chennai nungambakkam,39.6,Chennai
2019-10-30,2019,10,Chennai collectorate building,36.6,Chennai
2019-10-30,2019,10,Ayanavaram taluk office,36.0,Chennai
2019-10-30,2019,10,CD Hospital Tondiarpet,29.7,Chennai
2019-10-31,2019,10,Sholinganallur,53.0,Chennai
2019-10-31,2019,10,Gov hr sec school MGR Nagar,30.6,Chennai
2019-10-31,2019,10,Ambathur,27.0,Chennai
2019-10-31,2019,10,Alandur,17.4,Chennai
2019-10-31,2019,10,Anna university,17.0,Chennai
2019-10-31,2019,10,Ayanavaram taluk office,17.0,Chennai
2019-10-31,2019,10,CD Hospital Tondiarpet,16.2,Chennai
2019-10-31,2019,10,Perambur Corporation park,15.2,Chennai
2019-10-31,2019,10,DGP Office,14.6,Chennai
2019-10-31,2019,10,Chennai nungambakkam,12.4,Chennai
2019-10-31,2019,10,Chennai collectorate building,10.4,Chennai
2019-11-01,2019,11,CD Hospital Tondiarpet,7.0,Chennai
2019-11-01,2019,11,Chennai collectorate building,6.4,Chennai
2019-11-01,2019,11,Ayanavaram taluk office,6.0,Chennai
2019-11-01,2019,11,Chennai nungambakkam,3.2,Chennai
2019-11-01,2019,11,Anna university,2.2,Chennai
2019-11-01,2019,11,Gov hr sec school MGR Nagar,1.2,Chennai
2019-11-01,2019,11,Sholinganallur,1.0,Chennai
2019-11-01,2019,11,Alandur,0.2,Chennai
2019-11-02,2019,11,Gov hr sec school MGR Nagar,0.9,Chennai
2019-11-03,2019,11,Sholinganallur,8.0,Chennai
2019-11-13,2019,11,Ayanavaram taluk office,3.0,Chennai
2019-11-13,2019,11,Sholinganallur,2.0,Chennai
2019-11-14,2019,11,Ayanavaram taluk office,3.0,Chennai
2019-11-15,2019,11,Sholinganallur,11.0,Chennai
2019-11-15,2019,11,Ayanavaram taluk office,9.0,Chennai
2019-11-15,2019,11,Gov hr sec school MGR Nagar,8.2,Chennai
2019-11-15,2019,11,Chennai collectorate building,8.0,Chennai
2019-11-15,2019,11,Alandur,7.1,Chennai
2019-11-15,2019,11,Anna university,4.6,Chennai
2019-11-15,2019,11,Ambathur,4.0,Chennai
2019-11-15,2019,11,Chennai nungambakkam,3.2,Chennai
2019-11-15,2019,11,DGP Office,2.4,Chennai
2019-11-16,2019,11,Chennai nungambakkam,1.0,Chennai
2019-11-16,2019,11,Gov hr sec school MGR Nagar,0.3,Chennai
2019-11-17,2019,11,Chennai nungambakkam,2.9,Chennai
2019-11-18,2019,11,Chennai collectorate building,6.0,Chennai
2019-11-18,2019,11,DGP Office,4.6,Chennai
2019-11-18,2019,11,Anna university,4.4,Chennai
2019-11-18,2019,11,Alandur,3.9,Chennai
2019-11-18,2019,11,Chennai nungambakkam,2.8,Chennai
2019-11-18,2019,11,Ayanavaram taluk office,2.0,Chennai
2019-11-18,2019,11,Sholinganallur,2.0,Chennai
2019-11-18,2019,11,Gov hr sec school MGR Nagar,1.7,Chennai
2019-11-19,2019,11,Alandur,3.2,Chennai
2019-11-19,2019,11,Sholinganallur,3.0,Chennai
2019-11-19,2019,11,Gov hr sec school MGR Nagar,1.4,Chennai
2019-11-20,2019,11,Sholinganallur,55.0,Chennai
2019-11-20,2019,11,Alandur,19.0,Chennai
2019-11-20,2019,11,Ayanavaram taluk office,19.0,Chennai
2019-11-20,2019,11,Perambur Corporation park,14.1,Chennai
2019-11-20,2019,11,Ambathur,10.0,Chennai
2019-11-20,2019,11,Gov hr sec school MGR Nagar,8.7,Chennai
2019-11-20,2019,11,Anna university,7.2,Chennai
2019-11-20,2019,11,DGP Office,6.0,Chennai
2019-11-20,2019,11,Chennai collectorate building,0.8,Chennai
2019-11-20,2019,11,Chennai nungambakkam,0.2,Chennai
2019-11-21,2019,11,Chennai collectorate building,11.6,Chennai
2019-11-21,2019,11,Alandur,8.6,Chennai
2019-11-21,2019,11,DGP Office,6.4,Chennai
2019-11-21,2019,11,Anna university,5.2,Chennai
2019-11-21,2019,11,Perambur Corporation park,5.0,Chennai
2019-11-21,2019,11,CD Hospital Tondiarpet,4.5,Chennai
2019-11-21,2019,11,Gov hr sec school MGR Nagar,4.4,Chennai
2019-11-21,2019,11,Ambathur,3.0,Chennai
2019-11-21,2019,11,Sholinganallur,3.0,Chennai
2019-11-22,2019,11,Sholinganallur,59.0,Chennai
2019-11-22,2019,11,Anna university,24.4,Chennai
2019-11-22,2019,11,Ambathur,23.0,Chennai
2019-11-22,2019,11,Gov hr sec school MGR Nagar,20.6,Chennai
2019-11-22,2019,11,Ayanavaram taluk office,7.0,Chennai
2019-11-22,2019,11,DGP Office,6.6,Chennai
2019-11-22,2019,11,Alandur,6.4,Chennai
2019-11-22,2019,11,Perambur Corporation park,5.2,Chennai
2019-11-22,2019,11,Chennai collectorate building,5.0,Chennai
2019-11-23,2019,11,Sholinganallur,55.0,Chennai
2019-11-23,2019,11,DGP Office,8.6,Chennai
2019-11-23,2019,11,Alandur,8.4,Chennai
2019-11-23,2019,11,Chennai nungambakkam,4.4,Chennai
2019-11-23,2019,11,Chennai collectorate building,2.8,Chennai
2019-11-23,2019,11,Anna university,2.4,Chennai
2019-11-23,2019,11,Ayanavaram taluk office,2.0,Chennai
2019-11-23,2019,11,Gov hr sec school MGR Nagar,1.2,Chennai
2019-11-24,2019,11,Anna university,45.2,Chennai
2019-11-24,2019,11,Chennai collectorate building,35.0,Chennai
2019-11-24,2019,11,Sholinganallur,25.0,Chennai
2019-11-24,2019,11,DGP Office,22.6,Chennai
2019-11-24,2019,11,Gov hr sec school MGR Nagar,13.6,Chennai
2019-11-24,2019,11,Ayanavaram taluk office,7.0,Chennai
2019-11-24,2019,11,Alandur,5.6,Chennai
2019-11-24,2019,11,CD Hospital Tondiarpet,5.2,Chennai
2019-11-24,2019,11,Chennai nungambakkam,4.5,Chennai
2019-11-24,2019,11,Perambur Corporation park,4.3,Chennai
2019-11-25,2019,11,Ambathur,1.0,Chennai
2019-11-25,2019,11,Anna university,0.6,Chennai
2019-11-25,2019,11,Alandur,0.2,Chennai
2019-11-26,2019,11,Sholinganallur,12.0,Chennai
2019-11-26,2019,11,Anna university,1.8,Chennai
2019-11-26,2019,11,Gov hr sec school MGR Nagar,0.3,Chennai
2019-11-27,2019,11,Sholinganallur,10.0,Chennai
2019-11-28,2019,11,Sholinganallur,50.0,Chennai
2019-11-28,2019,11,Anna university,44.6,Chennai
2019-11-28,2019,11,Alandur,42.2,Chennai
2019-11-28,2019,11,Gov hr sec school MGR Nagar,35.8,Chennai
2019-11-28,2019,11,Chennai collectorate building,20.8,Chennai
2019-11-28,2019,11,Chennai nungambakkam,19.1,Chennai
2019-11-28,2019,11,DGP Office,16.4,Chennai
2019-11-28,2019,11,Ambathur,16.0,Chennai
2019-11-28,2019,11,CD Hospital Tondiarpet,15.3,Chennai
2019-11-28,2019,11,Ayanavaram taluk office,15.0,Chennai
2019-11-28,2019,11,Perambur Corporation park,8.0,Chennai
2019-11-29,2019,11,Sholinganallur,50.0,Chennai
2019-11-29,2019,11,Ambathur,26.0,Chennai
2019-11-29,2019,11,CD Hospital Tondiarpet,22.5,Chennai
2019-11-29,2019,11,DGP Office,22.4,Chennai
2019-11-29,2019,11,Perambur Corporation park,22.0,Chennai
2019-11-29,2019,11,Alandur,18.3,Chennai
2019-11-29,2019,11,Ayanavaram taluk office,18.0,Chennai
2019-11-29,2019,11,Chennai collectorate building,17.0,Chennai
2019-11-29,2019,11,Anna university,16.2,Chennai
2019-11-29,2019,11,Gov hr sec school MGR Nagar,14.8,Chennai
2019-11-29,2019,11,Chennai nungambakkam,14.2,Chennai
2019-11-30,2019,11,Sholinganallur,13.0,Chennai
2019-11-30,2019,11,Ambathur,10.0,Chennai
2019-11-30,2019,11,DGP Office,8.6,Chennai
2019-11-30,2019,11,Anna university,5.8,Chennai
2019-11-30,2019,11,Gov hr sec school MGR Nagar,5.2,Chennai
2019-11-30,2019,11,Chennai nungambakkam,4.4,Chennai
2019-11-30,2019,11,Alandur,3.4,Chennai
2019-11-30,2019,11,Chennai collectorate building,2.8,Chennai
2019-11-30,2019,11,CD Hospital Tondiarpet,2.7,Chennai
2019-11-30,2019,11,Ayanavaram taluk office,2.0,Chennai
2019-12-01,2019,12,Sholinganallur,112.0,Chennai
2019-12-01,2019,12,Anna university,106.8,Chennai
2019-12-01,2019,12,DGP Office,102.6,Chennai
2019-12-01,2019,12,Gov hr sec school MGR Nagar,92.2,Chennai
2019-12-01,2019,12,Ambathur,92.0,Chennai
2019-12-01,2019,12,Alandur,61.8,Chennai
2019-12-01,2019,12,Ayanavaram taluk office,58.0,Chennai
2019-12-01,2019,12,Chennai nungambakkam,54.4,Chennai
2019-12-01,2019,12,Perambur Corporation park,49.1,Chennai
2019-12-01,2019,12,Chennai collectorate building,37.0,Chennai
2019-12-01,2019,12,CD Hospital Tondiarpet,27.0,Chennai
2019-12-02,2019,12,Sholinganallur,74.0,Chennai
2019-12-02,2019,12,DGP Office,66.2,Chennai
2019-12-02,2019,12,Ambathur,62.0,Chennai
2019-12-02,2019,12,Perambur Corporation park,59.0,Chennai
2019-12-02,2019,12,CD Hospital Tondiarpet,58.5,Chennai
2019-12-02,2019,12,Alandur,58.4,Chennai
2019-12-02,2019,12,Gov hr sec school MGR Nagar,53.4,Chennai
2019-12-02,2019,12,Ayanavaram taluk office,48.0,Chennai
2019-12-02,2019,12,Anna university,45.4,Chennai
2019-12-02,2019,12,Chennai nungambakkam,43.1,Chennai
2019-12-02,2019,12,Chennai collectorate building,36.4,Chennai
2019-12-03,2019,12,DGP Office,22.4,Chennai
2019-12-03,2019,12,Anna university,17.2,Chennai
2019-12-03,2019,12,Alandur,7.9,Chennai
2019-12-03,2019,12,Ambathur,2.0,Chennai
2019-12-03,2019,12,Sholinganallur,2.0,Chennai
2019-12-03,2019,12,Gov hr sec school MGR Nagar,1.6,Chennai
2019-12-03,2019,12,Chennai nungambakkam,0.5,Chennai
2019-12-04,2019,12,Sholinganallur,3.0,Chennai
2019-12-05,2019,12,Anna university,0.4,Chennai
2019-12-05,2019,12,Gov hr sec school MGR Nagar,0.3,Chennai
2019-12-15,2019,12,Chennai collectorate building,14.2,Chennai
2019-12-15,2019,12,Ayanavaram taluk office,14.0,Chennai
2019-12-15,2019,12,Sholinganallur,11.0,Chennai
2019-12-15,2019,12,DGP Office,6.4,Chennai
2019-12-15,2019,12,Gov hr sec school MGR Nagar,5.9,Chennai
2019-12-15,2019,12,Perambur Corporation park,5.0,Chennai
2019-12-15,2019,12,Ambathur,5.0,Chennai
2019-12-15,2019,12,CD Hospital Tondiarpet,4.5,Chennai
2019-12-15,2019,12,Alandur,4.4,Chennai
2019-12-15,2019,12,Chennai nungambakkam,3.7,Chennai
2019-12-15,2019,12,Anna university,2.6,Chennai
2019-12-16,2019,12,Chennai collectorate building,3.4,Chennai
2019-12-16,2019,12,Ayanavaram taluk office,3.0,Chennai
2019-12-16,2019,12,Ambathur,2.0,Chennai
2019-12-16,2019,12,Perambur Corporation park,1.3,Chennai
2019-12-16,2019,12,Chennai nungambakkam,0.9,Chennai
2019-12-17,2019,12,Ambathur,4.0,Chennai
2019-12-17,2019,12,Ayanavaram taluk office,3.0,Chennai
2019-12-17,2019,12,Chennai collectorate building,2.8,Chennai
2019-12-17,2019,12,Gov hr sec school MGR Nagar,2.6,Chennai
2019-12-17,2019,12,Chennai nungambakkam,2.4,Chennai
2019-12-17,2019,12,Anna university,1.4,Chennai
2019-12-18,2019,12,Chennai nungambakkam,5.4,Chennai
2019-12-18,2019,12,Perambur Corporation park,4.1,Chennai
2019-12-19,2019,12,Chennai nungambakkam,0.1,Chennai
2019-12-25,2019,12,Sholinganallur,9.0,Chennai
2019-12-25,2019,12,DGP Office,4.6,Chennai
2019-12-25,2019,12,Anna university,3.6,Chennai
2019-12-25,2019,12,Ambathur,3.0,Chennai
2019-12-25,2019,12,Chennai collectorate building,2.0,Chennai
2019-12-25,2019,12,Alandur,1.3,Chennai
2019-12-25,2019,12,Gov hr sec school MGR Nagar,1.2,Chennai
2019-12-25,2019,12,Chennai nungambakkam,0.3,Chennai
2019-12-30,2019,12,Chennai collectorate building,41.0,Chennai
2019-12-30,2019,12,CD Hospital Tondiarpet,37.8,Chennai
2019-12-30,2019,12,DGP Office,36.4,Chennai
2019-12-30,2019,12,Perambur Corporation park,36.0,Chennai
2019-12-30,2019,12,Gov hr sec school MGR Nagar,32.5,Chennai
2019-12-30,2019,12,Chennai nungambakkam,30.6,Chennai
2019-12-30,2019,12,Ayanavaram taluk office,29.0,Chennai
2019-12-30,2019,12,Anna university,15.4,Chennai
2019-12-30,2019,12,Alandur,11.6,Chennai
2019-12-30,2019,12,Sholinganallur,11.0,Chennai
2019-12-30,2019,12,Ambathur,10.0,Chennai
2019-12-31,2019,12,Ambathur,22.0,Chennai
2019-12-31,2019,12,Anna university,11.4,Chennai
2019-12-31,2019,12,Gov hr sec school MGR Nagar,5.8,Chennai
2019-12-31,2019,12,Alandur,4.0,Chennai
2019-12-31,2019,12,Perambur Corporation park,2.5,Chennai
2019-12-31,2019,12,Ayanavaram taluk office,1.0,Chennai
2020-01-01,2020,1,Sholinganallur,42.0,Chennai
2020-01-01,2020,1,Gov hr sec school MGR Nagar,8.2,Chennai
2020-01-01,2020,1,Ambathur,6.0,Chennai
2020-01-01,2020,1,Alandur,5.1,Chennai
2020-01-01,2020,1,Perambur Corporation park,3.0,Chennai
2020-01-02,2020,1,Sholinganallur,86.0,Chennai
2020-01-02,2020,1,Perambur Corporation park,49.0,Chennai
2020-01-02,2020,1,Ayanavaram taluk office,48.0,Chennai
2020-01-02,2020,1,Ambathur,47.0,Chennai
2020-01-02,2020,1,Alandur,32.9,Chennai
2020-01-02,2020,1,Gov hr sec school MGR Nagar,30.2,Chennai
2020-01-02,2020,1,Chennai nungambakkam,26.0,Chennai
2020-01-02,2020,1,Anna university,22.6,Chennai
2020-01-02,2020,1,CD Hospital Tondiarpet,18.0,Chennai
2020-01-02,2020,1,Chennai collectorate building,11.0,Chennai
2020-01-02,2020,1,DGP Office,8.5,Chennai
2020-01-03,2020,1,Sholinganallur,2.0,Chennai
2020-01-07,2020,1,CD Hospital Tondiarpet,12.6,Chennai
2020-01-07,2020,1,Chennai collectorate building,10.4,Chennai
2020-01-07,2020,1,Perambur Corporation park,10.2,Chennai
2020-01-07,2020,1,DGP Office,8.6,Chennai
2020-01-07,2020,1,Gov hr sec school MGR Nagar,6.0,Chennai
2020-01-07,2020,1,Ambathur,5.0,Chennai
2020-01-07,2020,1,Ayanavaram taluk office,5.0,Chennai
2020-01-07,2020,1,Sholinganallur,4.0,Chennai
2020-01-07,2020,1,Anna university,2.8,Chennai
2020-01-07,2020,1,Alandur,2.1,Chennai
2020-01-07,2020,1,Chennai nungambakkam,1.0,Chennai
2020-02-10,2020,2,Chennai collectorate building,1.8,Chennai
2020-04-10,2020,4,DGP Office,32.6,Chennai
2020-04-10,2020,4,Alandur,24.0,Chennai
2020-04-10,2020,4,Ambathur,23.0,Chennai
2020-04-10,2020,4,Chennai collectorate building,21.8,Chennai
2020-04-10,2020,4,Gov hr sec school MGR Nagar,15.4,Chennai
2020-04-10,2020,4,Anna university,13.2,Chennai
2020-04-10,2020,4,CD Hospital Tondiarpet,12.5,Chennai
2020-04-10,2020,4,Chennai nungambakkam,9.2,Chennai
2020-04-10,2020,4,Sholinganallur,4.0,Chennai
2020-04-10,2020,4,Ayanavaram taluk office,4.0,Chennai
2020-04-10,2020,4,Perambur Corporation park,3.0,Chennai
2020-04-27,2020,4,Ambathur,27.0,Chennai
2020-04-27,2020,4,Chennai nungambakkam,16.4,Chennai
2020-04-27,2020,4,Alandur,8.5,Chennai
2020-04-27,2020,4,Chennai collectorate building,4.2,Chennai
2020-04-27,2020,4,Ayanavaram taluk office,3.2,Chennai
2020-04-27,2020,4,Perambur Corporation park,3.0,Chennai
2020-06-07,2020,6,Ambathur,8.0,Chennai
2020-06-07,2020,6,Chennai nungambakkam,3.9,Chennai
2020-06-07,2020,6,Anna university,2.8,Chennai
2020-06-10,2020,6,Anna university,0.2,Chennai
2020-06-11,2020,6,Anna university,1.2,Chennai
2020-06-11,2020,6,Chennai nungambakkam,0.5,Chennai
2020-06-11,2020,6,Chennai collectorate building,0.4,Chennai
2020-06-11,2020,6,Gov hr sec school MGR Nagar,0.2,Chennai
2020-06-11,2020,6,CD Hospital Tondiarpet,0.2,Chennai
2020-06-12,2020,6,Perambur Corporation park,4.0,Chennai
2020-06-12,2020,6,Chennai collectorate building,4.0,Chennai
2020-06-12,2020,6,DGP Office,4.0,Chennai
2020-06-12,2020,6,Gov hr sec school MGR Nagar,2.5,Chennai
2020-06-12,2020,6,Ayanavaram taluk office,2.0,Chennai
2020-06-12,2020,6,Ambathur,2.0,Chennai
2020-06-12,2020,6,CD Hospital Tondiarpet,2.0,Chennai
2020-06-12,2020,6,Chennai nungambakkam,1.6,Chennai
2020-06-12,2020,6,Anna university,1.2,Chennai
2020-06-12,2020,6,Alandur,1.2,Chennai
2020-06-12,2020,6,Sholinganallur,0.5,Chennai
2020-06-17,2020,6,Ambathur,21.0,Chennai
2020-06-21,2020,6,Chennai nungambakkam,4.2,Chennai
2020-06-21,2020,6,Ayanavaram taluk office,4.0,Chennai
2020-06-21,2020,6,DGP Office,2.4,Chennai
2020-06-21,2020,6,Ambathur,2.0,Chennai
2020-06-21,2020,6,Alandur,1.7,Chennai
2020-06-21,2020,6,Gov hr sec school MGR Nagar,1.7,Chennai
2020-06-21,2020,6,Anna university,1.4,Chennai
2020-06-22,2020,6,Perambur Corporation park,16.0,Chennai
2020-06-22,2020,6,Ayanavaram taluk office,15.2,Chennai
2020-06-22,2020,6,DGP Office,9.4,Chennai
2020-06-22,2020,6,Chennai collectorate building,9.0,Chennai
2020-06-22,2020,6,Chennai nungambakkam,7.4,Chennai
2020-06-22,2020,6,Ambathur,6.0,Chennai
2020-06-22,2020,6,Anna university,4.2,Chennai
2020-06-22,2020,6,Gov hr sec school MGR Nagar,3.5,Chennai
2020-06-22,2020,6,Alandur,1.6,Chennai
2020-06-22,2020,6,Sholinganallur,1.5,Chennai
2020-06-22,2020,6,CD Hospital Tondiarpet,1.0,Chennai
2020-06-24,2020,6,Alandur,0.2,Chennai
2020-06-26,2020,6,Anna university,1.2,Chennai
2020-06-26,2020,6,Chennai collectorate building,1.0,Chennai
2020-06-26,2020,6,DGP Office,1.0,Chennai
2020-06-26,2020,6,Ayanavaram taluk office,1.0,Chennai
2020-06-26,2020,6,Chennai nungambakkam,1.0,Chennai
2020-06-26,2020,6,Ambathur,1.0,Chennai
2020-06-26,2020,6,Gov hr sec school MGR Nagar,0.7,Chennai
2020-06-29,2020,6,Chennai nungambakkam,17.0,Chennai
2020-06-29,2020,6,Anna university,14.8,Chennai
2020-06-29,2020,6,Gov hr sec school MGR Nagar,6.3,Chennai
2020-06-29,2020,6,Alandur,6.2,Chennai
2020-06-29,2020,6,DGP Office,4.6,Chennai
2020-06-29,2020,6,Sholinganallur,2.0,Chennai
2020-06-29,2020,6,Ayanavaram taluk office,2.0,Chennai
2020-06-30,2020,6,Chennai collectorate building,24.6,Chennai
2020-06-30,2020,6,DGP Office,12.6,Chennai
2020-06-30,2020,6,Chennai nungambakkam,9.0,Chennai
2020-06-30,2020,6,Sholinganallur,7.0,Chennai
2020-06-30,2020,6,CD Hospital Tondiarpet,6.0,Chennai
2020-06-30,2020,6,Gov hr sec school MGR Nagar,5.3,Chennai
2020-06-30,2020,6,Ayanavaram taluk office,5.0,Chennai
2020-06-30,2020,6,Perambur Corporation park,3.0,Chennai
2020-06-30,2020,6,Anna university,2.2,Chennai
2020-06-30,2020,6,Ambathur,2.0,Chennai
2020-06-30,2020,6,Alandur,1.8,Chennai
2020-07-01,2020,7,Anna university,6.4,Chennai
2020-07-02,2020,7,Chennai collectorate building,32.2,Chennai
2020-07-02,2020,7,Ayanavaram taluk office,30.0,Chennai
2020-07-02,2020,7,Perambur Corporation park,29.0,Chennai
2020-07-02,2020,7,DGP Office,12.6,Chennai
2020-07-02,2020,7,Chennai nungambakkam,10.8,Chennai
2020-07-02,2020,7,Gov hr sec school MGR Nagar,8.3,Chennai
2020-07-02,2020,7,Alandur,6.3,Chennai
2020-07-02,2020,7,Sholinganallur,3.5,Chennai
2020-07-02,2020,7,Ambathur,2.5,Chennai
2020-07-02,2020,7,Anna university,2.3,Chennai
2020-07-02,2020,7,CD Hospital Tondiarpet,2.0,Chennai
2020-07-03,2020,7,Anna university,5.2,Chennai
2020-07-03,2020,7,Chennai collectorate building,3.8,Chennai
2020-07-03,2020,7,DGP Office,3.2,Chennai
2020-07-03,2020,7,Ayanavaram taluk office,3.0,Chennai
2020-07-03,2020,7,Perambur Corporation park,3.0,Chennai
2020-07-03,2020,7,Sholinganallur,3.0,Chennai
2020-07-03,2020,7,Gov hr sec school MGR Nagar,3.0,Chennai
2020-07-03,2020,7,Alandur,2.1,Chennai
2020-07-03,2020,7,Chennai nungambakkam,1.1,Chennai
2020-07-03,2020,7,Ambathur,1.0,Chennai
2020-07-04,2020,7,Alandur,8.6,Chennai
2020-07-04,2020,7,Ambathur,4.0,Chennai
2020-07-04,2020,7,Sholinganallur,4.0,Chennai
2020-07-04,2020,7,Anna university,3.4,Chennai
2020-07-04,2020,7,Ayanavaram taluk office,2.0,Chennai
2020-07-04,2020,7,Chennai collectorate building,1.6,Chennai
2020-07-04,2020,7,Gov hr sec school MGR Nagar,1.4,Chennai
2020-07-04,2020,7,CD Hospital Tondiarpet,1.4,Chennai
2020-07-04,2020,7,Chennai nungambakkam,1.3,Chennai
2020-07-04,2020,7,Perambur Corporation park,1.2,Chennai
2020-07-04,2020,7,DGP Office,0.5,Chennai
2020-07-05,2020,7,Alandur,0.1,Chennai
2020-07-10,2020,7,Alandur,109.4,Chennai
2020-07-10,2020,7,Anna university,93.8,Chennai
2020-07-10,2020,7,DGP Office,60.4,Chennai
2020-07-10,2020,7,Sholinganallur,45.0,Chennai
2020-07-10,2020,7,Chennai collectorate building,35.0,Chennai
2020-07-10,2020,7,Ambathur,9.0,Chennai
2020-07-10,2020,7,Chennai nungambakkam,8.8,Chennai
2020-07-10,2020,7,Perambur Corporation park,8.3,Chennai
2020-07-10,2020,7,Ayanavaram taluk office,8.0,Chennai
2020-07-10,2020,7,Gov hr sec school MGR Nagar,7.8,Chennai
2020-07-10,2020,7,CD Hospital Tondiarpet,2.0,Chennai
2020-07-11,2020,7,Sholinganallur,32.0,Chennai
2020-07-11,2020,7,Alandur,19.4,Chennai
2020-07-11,2020,7,Anna university,17.6,Chennai
2020-07-11,2020,7,Ayanavaram taluk office,12.0,Chennai
2020-07-11,2020,7,Perambur Corporation park,11.3,Chennai
2020-07-11,2020,7,Gov hr sec school MGR Nagar,7.8,Chennai
2020-07-11,2020,7,Ambathur,6.0,Chennai
2020-07-11,2020,7,DGP Office,5.6,Chennai
2020-07-11,2020,7,Chennai nungambakkam,5.2,Chennai
2020-07-11,2020,7,CD Hospital Tondiarpet,4.0,Chennai
2020-07-11,2020,7,Chennai collectorate building,3.8,Chennai
2020-07-13,2020,7,Alandur,74.4,Chennai
2020-07-13,2020,7,Ambathur,11.0,Chennai
2020-07-13,2020,7,Sholinganallur,8.0,Chennai
2020-07-13,2020,7,Anna university,4.6,Chennai
2020-07-13,2020,7,DGP Office,4.2,Chennai
2020-07-13,2020,7,Chennai collectorate building,1.0,Chennai
2020-07-14,2020,7,Ambathur,7.0,Chennai
2020-07-14,2020,7,Ayanavaram taluk office,2.0,Chennai
2020-07-16,2020,7,Ambathur,7.0,Chennai
2020-07-16,2020,7,Ayanavaram taluk office,5.0,Chennai
2020-07-16,2020,7,Sholinganallur,3.0,Chennai
2020-07-16,2020,7,Chennai collectorate building,2.8,Chennai
2020-07-16,2020,7,Chennai nungambakkam,2.6,Chennai
2020-07-16,2020,7,Gov hr sec school MGR Nagar,2.5,Chennai
2020-07-16,2020,7,DGP Office,2.4,Chennai
2020-07-16,2020,7,Perambur Corporation park,2.0,Chennai
2020-07-16,2020,7,Alandur,1.6,Chennai
2020-07-16,2020,7,CD Hospital Tondiarpet,1.5,Chennai
2020-07-16,2020,7,Anna university,1.0,Chennai
2020-07-17,2020,7,Sholinganallur,9.0,Chennai
2020-07-17,2020,7,Anna university,0.6,Chennai
2020-07-17,2020,7,Alandur,0.2,Chennai
2020-07-20,2020,7,Anna university,54.8,Chennai
2020-07-20,2020,7,Alandur,17.0,Chennai
2020-07-20,2020,7,Sholinganallur,9.0,Chennai
2020-07-20,2020,7,Chennai nungambakkam,8.5,Chennai
2020-07-20,2020,7,Ayanavaram taluk office,7.0,Chennai
2020-07-20,2020,7,Gov hr sec school MGR Nagar,6.8,Chennai
2020-07-20,2020,7,DGP Office,4.6,Chennai
2020-07-20,2020,7,Ambathur,3.0,Chennai
2020-07-20,2020,7,Chennai collectorate building,2.6,Chennai
2020-07-20,2020,7,Perambur Corporation park,2.0,Chennai
2020-07-26,2020,7,Ambathur,35.0,Chennai
2020-07-27,2020,7,Ambathur,5.0,Chennai
2020-07-27,2020,7,Chennai nungambakkam,3.6,Chennai
2020-07-27,2020,7,Gov hr sec school MGR Nagar,3.1,Chennai
2020-07-27,2020,7,Sholinganallur,3.0,Chennai
2020-07-27,2020,7,Ayanavaram taluk office,3.0,Chennai
2020-07-27,2020,7,Anna university,2.4,Chennai
2020-07-27,2020,7,Perambur Corporation park,2.0,Chennai
2020-07-29,2020,7,Ambathur,71.0,Chennai
2020-07-29,2020,7,Gov hr sec school MGR Nagar,46.5,Chennai
2020-07-29,2020,7,Anna university,26.4,Chennai
2020-07-29,2020,7,Ayanavaram taluk office,23.2,Chennai
2020-07-29,2020,7,Perambur Corporation park,22.0,Chennai
2020-07-29,2020,7,Sholinganallur,21.0,Chennai
2020-07-29,2020,7,Chennai nungambakkam,10.0,Chennai
2020-07-29,2020,7,DGP Office,8.6,Chennai
2020-07-29,2020,7,Chennai collectorate building,7.0,Chennai
2020-07-29,2020,7,Alandur,5.6,Chennai
2020-07-29,2020,7,CD Hospital Tondiarpet,1.5,Chennai
2020-07-30,2020,7,Sholinganallur,25.0,Chennai
2020-07-30,2020,7,Anna university,17.8,Chennai
2020-07-30,2020,7,Gov hr sec school MGR Nagar,14.1,Chennai
2020-07-30,2020,7,Perambur Corporation park,12.3,Chennai
2020-07-30,2020,7,DGP Office,12.2,Chennai
2020-07-30,2020,7,Ayanavaram taluk office,10.2,Chennai
2020-07-30,2020,7,Chennai collectorate building,7.2,Chennai
2020-07-30,2020,7,CD Hospital Tondiarpet,6.2,Chennai
2020-07-30,2020,7,Ambathur,6.0,Chennai
2020-07-30,2020,7,Alandur,5.9,Chennai
2020-07-30,2020,7,Chennai nungambakkam,3.7,Chennai
2020-08-01,2020,8,Ayanavaram taluk office,58.0,Chennai
2020-08-01,2020,8,Perambur Corporation park,46.3,Chennai
2020-08-01,2020,8,Ambathur,44.0,Chennai
2020-08-01,2020,8,Chennai nungambakkam,12.2,Chennai
2020-08-01,2020,8,Anna university,7.2,Chennai
2020-08-01,2020,8,Chennai collectorate building,5.8,Chennai
2020-08-01,2020,8,DGP Office,3.2,Chennai
2020-08-01,2020,8,CD Hospital Tondiarpet,2.5,Chennai
2020-08-01,2020,8,Gov hr sec school MGR Nagar,1.0,Chennai
2020-08-03,2020,8,Ambathur,29.0,Chennai
2020-08-03,2020,8,Chennai nungambakkam,17.8,Chennai
2020-08-03,2020,8,Alandur,16.2,Chennai
2020-08-03,2020,8,DGP Office,15.4,Chennai
2020-08-03,2020,8,Ayanavaram taluk office,15.2,Chennai
2020-08-03,2020,8,Chennai collectorate building,12.6,Chennai
2020-08-03,2020,8,Gov hr sec school MGR Nagar,10.0,Chennai
2020-08-03,2020,8,Anna university,9.6,Chennai
2020-08-03,2020,8,Perambur Corporation park,9.2,Chennai
2020-08-03,2020,8,CD Hospital Tondiarpet,6.2,Chennai
2020-08-03,2020,8,Sholinganallur,5.0,Chennai
2020-08-04,2020,8,DGP Office,1.0,Chennai
2020-08-04,2020,8,Sholinganallur,1.0,Chennai
2020-08-04,2020,8,Alandur,0.2,Chennai
2020-08-05,2020,8,DGP Office,8.6,Chennai
2020-08-05,2020,8,Ambathur,2.0,Chennai
2020-08-05,2020,8,Chennai collectorate building,0.6,Chennai
2020-08-05,2020,8,Sholinganallur,0.5,Chennai
2020-08-05,2020,8,Chennai nungambakkam,0.4,Chennai
2020-08-06,2020,8,Chennai nungambakkam,0.1,Chennai
2020-08-09,2020,8,Alandur,61.7,Chennai
2020-08-09,2020,8,Ambathur,35.0,Chennai
2020-08-09,2020,8,Sholinganallur,29.0,Chennai
2020-08-09,2020,8,Perambur Corporation park,27.0,Chennai
2020-08-09,2020,8,Anna university,22.4,Chennai
2020-08-09,2020,8,Ayanavaram taluk office,22.0,Chennai
2020-08-09,2020,8,Chennai collectorate building,20.6,Chennai
2020-08-09,2020,8,DGP Office,18.4,Chennai
2020-08-09,2020,8,CD Hospital Tondiarpet,16.5,Chennai
2020-08-09,2020,8,Chennai nungambakkam,15.8,Chennai
2020-08-09,2020,8,Gov hr sec school MGR Nagar,12.5,Chennai
2020-08-10,2020,8,DGP Office,4.6,Chennai
2020-08-10,2020,8,Perambur Corporation park,2.0,Chennai
2020-08-10,2020,8,Chennai nungambakkam,1.9,Chennai
2020-08-10,2020,8,Anna university,1.8,Chennai
2020-08-10,2020,8,Chennai collectorate building,1.4,Chennai
2020-08-10,2020,8,CD Hospital Tondiarpet,1.0,Chennai
2020-08-11,2020,8,Sholinganallur,6.0,Chennai
2020-08-12,2020,8,Sholinganallur,19.0,Chennai
2020-08-12,2020,8,Alandur,17.0,Chennai
2020-08-12,2020,8,Anna university,16.8,Chennai
2020-08-12,2020,8,DGP Office,14.4,Chennai
2020-08-12,2020,8,Perambur Corporation park,10.3,Chennai
2020-08-12,2020,8,Chennai nungambakkam,10.1,Chennai
2020-08-12,2020,8,Chennai collectorate building,10.0,Chennai
2020-08-12,2020,8,Gov hr sec school MGR Nagar,9.5,Chennai
2020-08-12,2020,8,CD Hospital Tondiarpet,6.5,Chennai
2020-08-12,2020,8,Ayanavaram taluk office,6.0,Chennai
2020-08-12,2020,8,Ambathur,4.0,Chennai
2020-08-14,2020,8,Anna university,1.2,Chennai
2020-08-18,2020,8,Perambur Corporation park,2.0,Chennai
2020-08-18,2020,8,Ambathur,1.0,Chennai
2020-08-18,2020,8,Anna university,0.4,Chennai
2020-08-18,2020,8,Chennai nungambakkam,0.2,Chennai
2020-08-18,2020,8,Gov hr sec school MGR Nagar,0.1,Chennai
2020-08-26,2020,8,Anna university,0.2,Chennai
2020-08-27,2020,8,Anna university,13.8,Chennai
2020-08-27,2020,8,Chennai nungambakkam,7.1,Chennai
2020-08-27,2020,8,Sholinganallur,5.0,Chennai
2020-08-27,2020,8,DGP Office,3.4,Chennai
2020-08-27,2020,8,Gov hr sec school MGR Nagar,3.0,Chennai
2020-08-27,2020,8,Alandur,1.2,Chennai
2020-08-28,2020,8,Gov hr sec school MGR Nagar,14.5,Chennai
2020-08-28,2020,8,Anna university,13.6,Chennai
2020-08-28,2020,8,Perambur Corporation park,3.2,Chennai
2020-08-28,2020,8,Chennai nungambakkam,3.2,Chennai
2020-08-28,2020,8,Sholinganallur,3.0,Chennai
2020-08-28,2020,8,DGP Office,2.4,Chennai
2020-08-28,2020,8,Ayanavaram taluk office,2.0,Chennai
2020-08-28,2020,8,Chennai collectorate building,0.6,Chennai
2020-08-28,2020,8,CD Hospital Tondiarpet,0.5,Chennai
2020-09-02,2020,9,Anna university,4.4,Chennai
2020-09-02,2020,9,DGP Office,1.2,Chennai
2020-09-03,2020,9,Chennai collectorate building,5.6,Chennai
2020-09-03,2020,9,Perambur Corporation park,5.2,Chennai
2020-09-03,2020,9,Chennai nungambakkam,4.0,Chennai
2020-09-03,2020,9,CD Hospital Tondiarpet,2.4,Chennai
2020-09-03,2020,9,DGP Office,1.0,Chennai
2020-09-04,2020,9,Chennai nungambakkam,1.6,Chennai
2020-09-05,2020,9,Ambathur,1.5,Chennai
2020-09-06,2020,9,Chennai nungambakkam,0.2,Chennai
2020-09-08,2020,9,Ambathur,2.5,Chennai
2020-09-10,2020,9,Ambathur,10.0,Chennai
2020-09-11,2020,9,Sholinganallur,23.0,Chennai
2020-09-12,2020,9,Chennai nungambakkam,1.8,Chennai
2020-09-12,2020,9,Anna university,0.4,Chennai
2020-09-13,2020,9,Chennai nungambakkam,0.4,Chennai
2020-09-13,2020,9,Perambur Corporation park,0.2,Chennai
2020-09-14,2020,9,Perambur Corporation park,32.3,Chennai
2020-09-14,2020,9,Ayanavaram taluk office,30.2,Chennai
2020-09-14,2020,9,Gov hr sec school MGR Nagar,26.4,Chennai
2020-09-14,2020,9,DGP Office,26.4,Chennai
2020-09-14,2020,9,Alandur,23.7,Chennai
2020-09-14,2020,9,Chennai collectorate building,23.6,Chennai
2020-09-14,2020,9,Ambathur,23.0,Chennai
2020-09-14,2020,9,Anna university,22.4,Chennai
2020-09-14,2020,9,Chennai nungambakkam,22.1,Chennai
2020-09-14,2020,9,Sholinganallur,14.0,Chennai
2020-09-14,2020,9,CD Hospital Tondiarpet,7.4,Chennai
2020-09-15,2020,9,DGP Office,4.6,Chennai
2020-09-15,2020,9,Ambathur,3.0,Chennai
2020-09-15,2020,9,Anna university,2.4,Chennai
2020-09-15,2020,9,Perambur Corporation park,2.2,Chennai
2020-09-15,2020,9,Ayanavaram taluk office,2.0,Chennai
2020-09-15,2020,9,Sholinganallur,1.5,Chennai
2020-09-15,2020,9,Chennai collectorate building,0.8,Chennai
2020-09-15,2020,9,Alandur,0.5,Chennai
2020-09-15,2020,9,CD Hospital Tondiarpet,0.5,Chennai
2020-09-15,2020,9,Gov hr sec school MGR Nagar,0.4,Chennai
2020-09-16,2020,9,Perambur Corporation park,2.3,Chennai
2020-09-16,2020,9,Sholinganallur,2.0,Chennai
2020-09-16,2020,9,Anna university,1.8,Chennai
2020-09-16,2020,9,Gov hr sec school MGR Nagar,1.6,Chennai
2020-09-16,2020,9,Chennai collectorate building,1.2,Chennai
2020-09-16,2020,9,Ambathur,1.0,Chennai
2020-09-16,2020,9,Alandur,0.6,Chennai
2020-09-17,2020,9,Alandur,19.6,Chennai
2020-09-17,2020,9,DGP Office,6.8,Chennai
2020-09-17,2020,9,Chennai collectorate building,6.6,Chennai
2020-09-17,2020,9,Anna university,5.2,Chennai
2020-09-17,2020,9,CD Hospital Tondiarpet,3.6,Chennai
2020-09-17,2020,9,Perambur Corporation park,3.0,Chennai
2020-09-17,2020,9,Sholinganallur,3.0,Chennai
2020-09-17,2020,9,Ambathur,3.0,Chennai
2020-09-17,2020,9,Gov hr sec school MGR Nagar,2.8,Chennai
2020-09-17,2020,9,Ayanavaram taluk office,2.0,Chennai
2020-09-19,2020,9,Gov hr sec school MGR Nagar,85.4,Chennai
2020-09-19,2020,9,Anna university,81.6,Chennai
2020-09-19,2020,9,DGP Office,76.8,Chennai
2020-09-19,2020,9,Alandur,75.4,Chennai
2020-09-19,2020,9,Perambur Corporation park,75.3,Chennai
2020-09-19,2020,9,Chennai collectorate building,75.0,Chennai
2020-09-19,2020,9,CD Hospital Tondiarpet,63.5,Chennai
2020-09-19,2020,9,Chennai nungambakkam,56.8,Chennai
2020-09-19,2020,9,Ayanavaram taluk office,56.2,Chennai
2020-09-19,2020,9,Ambathur,52.0,Chennai
2020-09-19,2020,9,Sholinganallur,43.0,Chennai
2020-09-21,2020,9,DGP Office,4.4,Chennai
2020-09-26,2020,9,Ambathur,58.0,Chennai
2020-09-26,2020,9,Perambur Corporation park,20.3,Chennai
2020-09-26,2020,9,Chennai collectorate building,5.8,Chennai
2020-09-26,2020,9,Ayanavaram taluk office,3.0,Chennai
2020-09-26,2020,9,DGP Office,2.6,Chennai
2020-09-26,2020,9,CD Hospital Tondiarpet,1.5,Chennai
2020-09-26,2020,9,Chennai nungambakkam,1.2,Chennai
2020-09-26,2020,9,Anna university,1.0,Chennai
2020-09-26,2020,9,Alandur,0.4,Chennai
2020-09-26,2020,9,Gov hr sec school MGR Nagar,0.4,Chennai
2020-09-29,2020,9,Anna university,42.8,Chennai
2020-09-29,2020,9,Gov hr sec school MGR Nagar,22.2,Chennai
2020-09-29,2020,9,DGP Office,4.8,Chennai
2020-09-30,2020,9,Anna university,59.6,Chennai
2020-09-30,2020,9,Gov hr sec school MGR Nagar,54.8,Chennai
2020-09-30,2020,9,Ambathur,45.0,Chennai
2020-09-30,2020,9,Sholinganallur,29.0,Chennai
2020-09-30,2020,9,Alandur,19.0,Chennai
2020-09-30,2020,9,Chennai nungambakkam,18.2,Chennai
2020-09-30,2020,9,Perambur Corporation park,16.2,Chennai
2020-09-30,2020,9,Chennai collectorate building,14.0,Chennai
2020-09-30,2020,9,CD Hospital Tondiarpet,13.0,Chennai
2020-09-30,2020,9,DGP Office,12.4,Chennai
2020-09-30,2020,9,Ayanavaram taluk office,11.0,Chennai
2020-10-01,2020,10,Gov hr sec school MGR Nagar,11.4,Chennai
2020-10-01,2020,10,Anna university,6.2,Chennai
2020-10-01,2020,10,Ambathur,2.0,Chennai
2020-10-01,2020,10,Chennai nungambakkam,1.4,Chennai
2020-10-10,2020,10,Alandur,13.8,Chennai
2020-10-10,2020,10,Ambathur,11.0,Chennai
2020-10-10,2020,10,Gov hr sec school MGR Nagar,6.2,Chennai
2020-10-11,2020,10,Ambathur,3.0,Chennai
2020-10-11,2020,10,Sholinganallur,3.0,Chennai
2020-10-11,2020,10,DGP Office,2.0,Chennai
2020-10-11,2020,10,Chennai collectorate building,2.0,Chennai
2020-10-11,2020,10,Chennai nungambakkam,0.5,Chennai
2020-10-11,2020,10,CD Hospital Tondiarpet,0.5,Chennai
2020-10-13,2020,10,Perambur Corporation park,25.3,Chennai
2020-10-13,2020,10,Chennai nungambakkam,17.9,Chennai
2020-10-13,2020,10,Chennai collectorate building,17.2,Chennai
2020-10-13,2020,10,Sholinganallur,14.0,Chennai
2020-10-13,2020,10,DGP Office,12.6,Chennai
2020-10-13,2020,10,Anna university,11.2,Chennai
2020-10-13,2020,10,Ayanavaram taluk office,10.0,Chennai
2020-10-13,2020,10,Gov hr sec school MGR Nagar,8.6,Chennai
2020-10-13,2020,10,Alandur,7.3,Chennai
2020-10-13,2020,10,CD Hospital Tondiarpet,7.0,Chennai
2020-10-14,2020,10,DGP Office,12.6,Chennai
2020-10-17,2020,10,Perambur Corporation park,61.3,Chennai
2020-10-17,2020,10,Ayanavaram taluk office,43.2,Chennai
2020-10-17,2020,10,Sholinganallur,36.0,Chennai
2020-10-17,2020,10,Chennai nungambakkam,28.7,Chennai
2020-10-17,2020,10,DGP Office,16.8,Chennai
2020-10-17,2020,10,Ambathur,14.0,Chennai
2020-10-17,2020,10,CD Hospital Tondiarpet,10.5,Chennai
2020-10-17,2020,10,Chennai collectorate building,9.8,Chennai
2020-10-17,2020,10,Anna university,4.4,Chennai
2020-10-17,2020,10,Alandur,1.4,Chennai
2020-10-17,2020,10,Gov hr sec school MGR Nagar,1.2,Chennai
2020-10-18,2020,10,Anna university,4.2,Chennai
2020-10-18,2020,10,Gov hr sec school MGR Nagar,3.4,Chennai
2020-10-18,2020,10,Chennai collectorate building,3.4,Chennai
2020-10-18,2020,10,Perambur Corporation park,3.1,Chennai
2020-10-18,2020,10,Ambathur,3.0,Chennai
2020-10-18,2020,10,Ayanavaram taluk office,2.0,Chennai
2020-10-18,2020,10,CD Hospital Tondiarpet,1.5,Chennai
2020-10-18,2020,10,DGP Office,1.3,Chennai
2020-10-18,2020,10,Chennai nungambakkam,0.2,Chennai
2020-10-19,2020,10,DGP Office,22.6,Chennai
2020-10-19,2020,10,Perambur Corporation park,17.3,Chennai
2020-10-19,2020,10,Chennai collectorate building,17.0,Chennai
2020-10-19,2020,10,CD Hospital Tondiarpet,16.5,Chennai
2020-10-19,2020,10,Ambathur,16.0,Chennai
2020-10-19,2020,10,Ayanavaram taluk office,15.0,Chennai
2020-10-19,2020,10,Chennai nungambakkam,13.2,Chennai
2020-10-19,2020,10,Gov hr sec school MGR Nagar,12.6,Chennai
2020-10-19,2020,10,Anna university,11.6,Chennai
2020-10-19,2020,10,Sholinganallur,10.0,Chennai
2020-10-19,2020,10,Alandur,9.6,Chennai
2020-10-20,2020,10,Chennai nungambakkam,0.6,Chennai
2020-10-21,2020,10,Perambur Corporation park,36.2,Chennai
2020-10-21,2020,10,Chennai collectorate building,30.0,Chennai
2020-10-21,2020,10,DGP Office,26.0,Chennai
2020-10-21,2020,10,CD Hospital Tondiarpet,21.0,Chennai
2020-10-21,2020,10,Ayanavaram taluk office,19.0,Chennai
2020-10-21,2020,10,Ambathur,10.0,Chennai
2020-10-21,2020,10,Alandur,6.3,Chennai
2020-10-21,2020,10,Anna university,6.2,Chennai
2020-10-21,2020,10,Gov hr sec school MGR Nagar,5.4,Chennai
2020-10-21,2020,10,Sholinganallur,3.0,Chennai
2020-10-21,2020,10,Chennai nungambakkam,1.6,Chennai
2020-10-22,2020,10,Alandur,3.3,Chennai
2020-10-22,2020,10,DGP Office,2.0,Chennai
2020-10-22,2020,10,Anna university,1.8,Chennai
2020-10-22,2020,10,Chennai nungambakkam,0.5,Chennai
2020-10-23,2020,10,Chennai nungambakkam,69.2,Chennai
2020-10-23,2020,10,Sholinganallur,60.0,Chennai
2020-10-23,2020,10,Ayanavaram taluk office,59.2,Chennai
2020-10-23,2020,10,CD Hospital Tondiarpet,52.0,Chennai
2020-10-23,2020,10,Alandur,50.9,Chennai
2020-10-23,2020,10,Perambur Corporation park,47.3,Chennai
2020-10-23,2020,10,Ambathur,36.0,Chennai
2020-10-23,2020,10,Gov hr sec school MGR Nagar,28.8,Chennai
2020-10-23,2020,10,Anna university,28.6,Chennai
2020-10-23,2020,10,DGP Office,24.5,Chennai
2020-10-23,2020,10,Chennai collectorate building,22.8,Chennai
2020-10-24,2020,10,Gov hr sec school MGR Nagar,0.2,Chennai
2020-10-24,2020,10,Alandur,0.2,Chennai
2020-10-25,2020,10,Chennai collectorate building,27.8,Chennai
2020-10-25,2020,10,CD Hospital Tondiarpet,22.5,Chennai
2020-10-25,2020,10,DGP Office,13.4,Chennai
2020-10-25,2020,10,Sholinganallur,4.0,Chennai
2020-10-25,2020,10,Anna university,3.4,Chennai
2020-10-25,2020,10,Alandur,0.3,Chennai
2020-10-28,2020,10,Chennai nungambakkam,12.8,Chennai
2020-10-28,2020,10,Sholinganallur,9.5,Chennai
2020-10-28,2020,10,DGP Office,6.4,Chennai
2020-10-28,2020,10,Chennai collectorate building,5.6,Chennai
2020-10-28,2020,10,Anna university,3.2,Chennai
2020-10-28,2020,10,Ayanavaram taluk office,2.0,Chennai
2020-10-28,2020,10,CD Hospital Tondiarpet,2.0,Chennai
2020-10-28,2020,10,Gov hr sec school MGR Nagar,0.4,Chennai
2020-10-29,2020,10,DGP Office,178.0,Chennai
2020-10-29,2020,10,Chennai collectorate building,94.4,Chennai
2020-10-29,2020,10,Ambathur,90.0,Chennai
2020-10-29,2020,10,Alandur,78.5,Chennai
2020-10-29,2020,10,Sholinganallur,77.2,Chennai
2020-10-29,2020,10,Anna university,75.2,Chennai
2020-10-29,2020,10,CD Hospital Tondiarpet,67.0,Chennai
2020-10-29,2020,10,Perambur Corporation park,56.1,Chennai
2020-10-29,2020,10,Chennai nungambakkam,54.8,Chennai
2020-10-29,2020,10,Ayanavaram taluk office,53.0,Chennai
2020-10-29,2020,10,Gov hr sec school MGR Nagar,47.8,Chennai
2020-10-30,2020,10,DGP Office,110.4,Chennai
2020-10-30,2020,10,Chennai collectorate building,98.4,Chennai
2020-10-30,2020,10,Anna university,60.2,Chennai
2020-10-30,2020,10,Perambur Corporation park,54.3,Chennai
2020-10-30,2020,10,Ayanavaram taluk office,50.2,Chennai
2020-10-30,2020,10,Alandur,47.8,Chennai
2020-10-30,2020,10,CD Hospital Tondiarpet,43.5,Chennai
2020-10-30,2020,10,Sholinganallur,41.0,Chennai
2020-10-30,2020,10,Gov hr sec school MGR Nagar,37.8,Chennai
2020-10-30,2020,10,Ambathur,26.0,Chennai
2020-10-30,2020,10,Chennai nungambakkam,7.4,Chennai
2020-11-04,2020,11,Ayanavaram taluk office,2.0,Chennai
2020-11-04,2020,11,Sholinganallur,1.0,Chennai
2020-11-04,2020,11,Anna university,0.6,Chennai
2020-11-04,2020,11,Chennai nungambakkam,0.5,Chennai
2020-11-04,2020,11,Gov hr sec school MGR Nagar,0.2,Chennai
2020-11-05,2020,11,Alandur,79.2,Chennai
2020-11-05,2020,11,DGP Office,68.5,Chennai
2020-11-05,2020,11,Anna university,57.8,Chennai
2020-11-05,2020,11,Gov hr sec school MGR Nagar,48.7,Chennai
2020-11-05,2020,11,Perambur Corporation park,37.3,Chennai
2020-11-05,2020,11,Chennai nungambakkam,31.6,Chennai
2020-11-05,2020,11,Ambathur,16.0,Chennai
2020-11-05,2020,11,Sholinganallur,12.5,Chennai
2020-11-05,2020,11,Ayanavaram taluk office,12.2,Chennai
2020-11-05,2020,11,CD Hospital Tondiarpet,7.4,Chennai
2020-11-05,2020,11,Chennai collectorate building,2.2,Chennai
2020-11-06,2020,11,Gov hr sec school MGR Nagar,10.2,Chennai
2020-11-06,2020,11,Chennai nungambakkam,4.8,Chennai
2020-11-06,2020,11,Chennai collectorate building,4.4,Chennai
2020-11-06,2020,11,Perambur Corporation park,3.1,Chennai
2020-11-06,2020,11,Ambathur,3.0,Chennai
2020-11-06,2020,11,Ayanavaram taluk office,2.0,Chennai
2020-11-07,2020,11,DGP Office,18.6,Chennai
2020-11-07,2020,11,Gov hr sec school MGR Nagar,13.4,Chennai
2020-11-07,2020,11,Alandur,11.6,Chennai
2020-11-07,2020,11,Ambathur,10.0,Chennai
2020-11-07,2020,11,Anna university,9.8,Chennai
2020-11-07,2020,11,Ayanavaram taluk office,7.0,Chennai
2020-11-07,2020,11,Sholinganallur,4.6,Chennai
2020-11-07,2020,11,Perambur Corporation park,2.2,Chennai
2020-11-07,2020,11,Chennai collectorate building,2.0,Chennai
2020-11-07,2020,11,CD Hospital Tondiarpet,1.0,Chennai
2020-11-08,2020,11,DGP Office,98.6,Chennai
2020-11-08,2020,11,Anna university,61.2,Chennai
2020-11-08,2020,11,Sholinganallur,48.0,Chennai
2020-11-08,2020,11,Alandur,41.0,Chennai
2020-11-08,2020,11,Perambur Corporation park,31.4,Chennai
2020-11-08,2020,11,Chennai collectorate building,29.8,Chennai
2020-11-08,2020,11,CD Hospital Tondiarpet,27.4,Chennai
2020-11-08,2020,11,Ayanavaram taluk office,23.0,Chennai
2020-11-08,2020,11,Gov hr sec school MGR Nagar,20.4,Chennai
2020-11-08,2020,11,Ambathur,18.0,Chennai
2020-11-08,2020,11,Chennai nungambakkam,11.2,Chennai
2020-11-09,2020,11,Chennai nungambakkam,1.0,Chennai
2020-11-12,2020,11,Anna university,27.8,Chennai
2020-11-12,2020,11,DGP Office,17.3,Chennai
2020-11-12,2020,11,Chennai nungambakkam,16.1,Chennai
2020-11-12,2020,11,Alandur,15.6,Chennai
2020-11-12,2020,11,Ayanavaram taluk office,15.2,Chennai
2020-11-12,2020,11,Gov hr sec school MGR Nagar,15.2,Chennai
2020-11-12,2020,11,Perambur Corporation park,11.3,Chennai
2020-11-12,2020,11,Chennai collectorate building,11.0,Chennai
2020-11-12,2020,11,CD Hospital Tondiarpet,10.8,Chennai
2020-11-12,2020,11,Sholinganallur,5.4,Chennai
2020-11-12,2020,11,Ambathur,3.0,Chennai
2020-11-13,2020,11,DGP Office,56.8,Chennai
2020-11-13,2020,11,Chennai collectorate building,55.0,Chennai
2020-11-13,2020,11,Anna university,46.8,Chennai
2020-11-13,2020,11,Perambur Corporation park,43.3,Chennai
2020-11-13,2020,11,Ayanavaram taluk office,43.0,Chennai
2020-11-13,2020,11,CD Hospital Tondiarpet,39.7,Chennai
2020-11-13,2020,11,Alandur,39.5,Chennai
2020-11-13,2020,11,Ambathur,36.0,Chennai
2020-11-13,2020,11,Gov hr sec school MGR Nagar,33.0,Chennai
2020-11-13,2020,11,Chennai nungambakkam,31.8,Chennai
2020-11-13,2020,11,Sholinganallur,4.0,Chennai
2020-11-14,2020,11,Chennai nungambakkam,0.2,Chennai
2020-11-15,2020,11,Sholinganallur,24.0,Chennai
2020-11-15,2020,11,DGP Office,22.4,Chennai
2020-11-15,2020,11,Ambathur,21.0,Chennai
2020-11-15,2020,11,Gov hr sec school MGR Nagar,19.6,Chennai
2020-11-15,2020,11,Chennai nungambakkam,15.8,Chennai
2020-11-15,2020,11,Alandur,15.6,Chennai
2020-11-15,2020,11,Chennai collectorate building,12.4,Chennai
2020-11-15,2020,11,Anna university,10.8,Chennai
2020-11-15,2020,11,Ayanavaram taluk office,10.2,Chennai
2020-11-15,2020,11,Perambur Corporation park,9.1,Chennai
2020-11-15,2020,11,CD Hospital Tondiarpet,6.5,Chennai
2020-11-16,2020,11,Ambathur,40.0,Chennai
2020-11-16,2020,11,Alandur,36.8,Chennai
2020-11-16,2020,11,Sholinganallur,36.4,Chennai
2020-11-16,2020,11,Gov hr sec school MGR Nagar,28.4,Chennai
2020-11-16,2020,11,Anna university,20.6,Chennai
2020-11-16,2020,11,Perambur Corporation park,19.3,Chennai
2020-11-16,2020,11,Ayanavaram taluk office,19.0,Chennai
2020-11-16,2020,11,DGP Office,18.4,Chennai
2020-11-16,2020,11,Chennai collectorate building,16.0,Chennai
2020-11-16,2020,11,Chennai nungambakkam,12.8,Chennai
2020-11-16,2020,11,CD Hospital Tondiarpet,9.4,Chennai
2020-11-17,2020,11,DGP Office,62.4,Chennai
2020-11-17,2020,11,Perambur Corporation park,44.1,Chennai
2020-11-17,2020,11,Sholinganallur,43.2,Chennai
2020-11-17,2020,11,CD Hospital Tondiarpet,39.5,Chennai
2020-11-17,2020,11,Chennai nungambakkam,39.0,Chennai
2020-11-17,2020,11,Chennai collectorate building,38.4,Chennai
2020-11-17,2020,11,Ambathur,38.0,Chennai
2020-11-17,2020,11,Ayanavaram taluk office,37.2,Chennai
2020-11-17,2020,11,Anna university,26.0,Chennai
2020-11-17,2020,11,Alandur,24.0,Chennai
2020-11-17,2020,11,Gov hr sec school MGR Nagar,22.8,Chennai
2020-11-18,2020,11,DGP Office,12.6,Chennai
2020-11-18,2020,11,Chennai collectorate building,7.6,Chennai
2020-11-18,2020,11,Chennai nungambakkam,6.8,Chennai
2020-11-18,2020,11,CD Hospital Tondiarpet,6.2,Chennai
2020-11-18,2020,11,Ayanavaram taluk office,4.0,Chennai
2020-11-18,2020,11,Sholinganallur,3.8,Chennai
2020-11-18,2020,11,Anna university,3.4,Chennai
2020-11-18,2020,11,Perambur Corporation park,2.1,Chennai
2020-11-18,2020,11,Alandur,2.0,Chennai
2020-11-18,2020,11,Gov hr sec school MGR Nagar,1.2,Chennai
2020-11-18,2020,11,Ambathur,1.0,Chennai
2020-11-19,2020,11,DGP Office,6.2,Chennai
2020-11-19,2020,11,Anna university,4.8,Chennai
2020-11-19,2020,11,Gov hr sec school MGR Nagar,2.6,Chennai
2020-11-19,2020,11,Alandur,1.0,Chennai
2020-11-24,2020,11,Gov hr sec school MGR Nagar,82.6,Chennai
2020-11-24,2020,11,Alandur,70.4,Chennai
2020-11-24,2020,11,Ayanavaram taluk office,52.0,Chennai
2020-11-24,2020,11,Chennai collectorate building,51.0,Chennai
2020-11-24,2020,11,Chennai nungambakkam,46.8,Chennai
2020-11-24,2020,11,Perambur Corporation park,40.2,Chennai
2020-11-24,2020,11,CD Hospital Tondiarpet,33.6,Chennai
2020-11-24,2020,11,Anna university,27.6,Chennai
2020-11-24,2020,11,Ambathur,26.0,Chennai
2020-11-24,2020,11,DGP Office,22.8,Chennai
2020-11-24,2020,11,Sholinganallur,12.4,Chennai
2020-11-25,2020,11,Chennai collectorate building,148.2,Chennai
2020-11-25,2020,11,Sholinganallur,145.0,Chennai
2020-11-25,2020,11,Anna university,143.2,Chennai
2020-11-25,2020,11,DGP Office,140.6,Chennai
2020-11-25,2020,11,Chennai nungambakkam,137.8,Chennai
2020-11-25,2020,11,Gov hr sec school MGR Nagar,136.2,Chennai
2020-11-25,2020,11,Alandur,119.6,Chennai
2020-11-25,2020,11,CD Hospital Tondiarpet,113.0,Chennai
2020-11-25,2020,11,Ambathur,110.0,Chennai
2020-11-25,2020,11,Ayanavaram taluk office,105.0,Chennai
2020-11-25,2020,11,Perambur Corporation park,104.3,Chennai
2020-11-26,2020,11,DGP Office,263.6,Chennai
2020-11-26,2020,11,Sholinganallur,220.0,Chennai
2020-11-26,2020,11,Ambathur,150.0,Chennai
2020-11-26,2020,11,Anna university,139.0,Chennai
2020-11-26,2020,11,Gov hr sec school MGR Nagar,135.5,Chennai
2020-11-26,2020,11,Alandur,132.7,Chennai
2020-11-26,2020,11,Ayanavaram taluk office,111.4,Chennai
2020-11-26,2020,11,Perambur Corporation park,100.3,Chennai
2020-11-26,2020,11,Chennai collectorate building,88.2,Chennai
2020-11-26,2020,11,Chennai nungambakkam,84.4,Chennai
2020-11-26,2020,11,CD Hospital Tondiarpet,69.5,Chennai
2020-11-27,2020,11,Alandur,20.6,Chennai
2020-11-27,2020,11,Ambathur,11.0,Chennai
2020-11-27,2020,11,DGP Office,8.2,Chennai
2020-11-27,2020,11,Gov hr sec school MGR Nagar,6.6,Chennai
2020-11-27,2020,11,Sholinganallur,6.4,Chennai
2020-11-27,2020,11,Perambur Corporation park,5.3,Chennai
2020-11-27,2020,11,Ayanavaram taluk office,5.2,Chennai
2020-11-27,2020,11,Anna university,5.2,Chennai
2020-11-27,2020,11,Chennai collectorate building,2.8,Chennai
2020-11-27,2020,11,Chennai nungambakkam,2.8,Chennai
2020-11-27,2020,11,CD Hospital Tondiarpet,2.3,Chennai
2020-11-29,2020,11,Chennai collectorate building,2.0,Chennai
2020-11-30,2020,11,Sholinganallur,6.0,Chennai
2020-11-30,2020,11,Gov hr sec school MGR Nagar,4.8,Chennai
2020-11-30,2020,11,Alandur,3.0,Chennai
2020-11-30,2020,11,DGP Office,2.3,Chennai
2020-11-30,2020,11,Ayanavaram taluk office,2.0,Chennai
2020-11-30,2020,11,Chennai collectorate building,1.6,Chennai
2020-11-30,2020,11,Ambathur,1.5,Chennai
2020-11-30,2020,11,CD Hospital Tondiarpet,1.4,Chennai
2020-11-30,2020,11,Anna university,1.4,Chennai
2020-11-30,2020,11,Perambur Corporation park,1.2,Chennai
2020-11-30,2020,11,Chennai nungambakkam,0.7,Chennai
2020-12-01,2020,12,DGP Office,4.6,Chennai
2020-12-01,2020,12,Perambur Corporation park,2.2,Chennai
2020-12-01,2020,12,Chennai collectorate building,0.8,Chennai
2020-12-01,2020,12,Gov hr sec school MGR Nagar,0.6,Chennai
2020-12-01,2020,12,CD Hospital Tondiarpet,0.5,Chennai
2020-12-03,2020,12,Anna university,44.2,Chennai
2020-12-03,2020,12,DGP Office,38.4,Chennai
2020-12-03,2020,12,Alandur,38.4,Chennai
2020-12-03,2020,12,CD Hospital Tondiarpet,37.5,Chennai
2020-12-03,2020,12,Ambathur,36.0,Chennai
2020-12-03,2020,12,Gov hr sec school MGR Nagar,32.6,Chennai
2020-12-03,2020,12,Perambur Corporation park,32.0,Chennai
2020-12-03,2020,12,Chennai collectorate building,27.2,Chennai
2020-12-03,2020,12,Ayanavaram taluk office,26.3,Chennai
2020-12-03,2020,12,Chennai nungambakkam,25.6,Chennai
2020-12-03,2020,12,Sholinganallur,18.0,Chennai
2020-12-04,2020,12,Ambathur,56.0,Chennai
2020-12-04,2020,12,Alandur,55.4,Chennai
2020-12-04,2020,12,Chennai nungambakkam,54.3,Chennai
2020-12-04,2020,12,Sholinganallur,53.4,Chennai
2020-12-04,2020,12,Perambur Corporation park,40.2,Chennai
2020-12-04,2020,12,Ayanavaram taluk office,36.0,Chennai
2020-12-04,2020,12,CD Hospital Tondiarpet,29.3,Chennai
2020-12-04,2020,12,Chennai collectorate building,26.8,Chennai
2020-12-04,2020,12,Gov hr sec school MGR Nagar,23.4,Chennai
2020-12-04,2020,12,DGP Office,12.4,Chennai
2020-12-04,2020,12,Anna university,12.4,Chennai
2020-12-05,2020,12,DGP Office,120.2,Chennai
2020-12-05,2020,12,Anna university,110.0,Chennai
2020-12-05,2020,12,Gov hr sec school MGR Nagar,98.0,Chennai
2020-12-05,2020,12,Sholinganallur,76.8,Chennai
2020-12-05,2020,12,Ayanavaram taluk office,74.2,Chennai
2020-12-05,2020,12,Chennai collectorate building,64.4,Chennai
2020-12-05,2020,12,Alandur,63.6,Chennai
2020-12-05,2020,12,Perambur Corporation park,58.5,Chennai
2020-12-05,2020,12,CD Hospital Tondiarpet,56.0,Chennai
2020-12-05,2020,12,Chennai nungambakkam,47.6,Chennai
2020-12-05,2020,12,Ambathur,27.0,Chennai
2020-12-06,2020,12,Chennai nungambakkam,47.7,Chennai
2020-12-06,2020,12,Sholinganallur,43.2,Chennai
2020-12-06,2020,12,Ambathur,29.1,Chennai
2020-12-06,2020,12,DGP Office,28.4,Chennai
2020-12-06,2020,12,Alandur,26.4,Chennai
2020-12-06,2020,12,Anna university,25.6,Chennai
2020-12-06,2020,12,Ayanavaram taluk office,22.0,Chennai
2020-12-06,2020,12,Perambur Corporation park,21.4,Chennai
2020-12-06,2020,12,Gov hr sec school MGR Nagar,16.8,Chennai
2020-12-06,2020,12,CD Hospital Tondiarpet,15.5,Chennai
2020-12-06,2020,12,Chennai collectorate building,12.0,Chennai
2020-12-07,2020,12,Sholinganallur,22.2,Chennai
2020-12-07,2020,12,Alandur,20.5,Chennai
2020-12-07,2020,12,Ambathur,17.0,Chennai
2020-12-07,2020,12,Anna university,15.2,Chennai
2020-12-07,2020,12,Ayanavaram taluk office,14.2,Chennai
2020-12-07,2020,12,Chennai collectorate building,13.0,Chennai
2020-12-07,2020,12,DGP Office,12.2,Chennai
2020-12-07,2020,12,Gov hr sec school MGR Nagar,11.8,Chennai
2020-12-07,2020,12,CD Hospital Tondiarpet,9.5,Chennai
2020-12-07,2020,12,Perambur Corporation park,7.4,Chennai
2020-12-07,2020,12,Chennai nungambakkam,3.6,Chennai
2020-12-08,2020,12,Ambathur,38.0,Chennai
2020-12-08,2020,12,Anna university,25.4,Chennai
2020-12-08,2020,12,Alandur,19.2,Chennai
2020-12-08,2020,12,DGP Office,18.6,Chennai
2020-12-08,2020,12,Ayanavaram taluk office,18.0,Chennai
2020-12-08,2020,12,Gov hr sec school MGR Nagar,15.2,Chennai
2020-12-08,2020,12,Perambur Corporation park,14.2,Chennai
2020-12-08,2020,12,Chennai collectorate building,12.6,Chennai
2020-12-08,2020,12,Sholinganallur,12.0,Chennai
2020-12-08,2020,12,CD Hospital Tondiarpet,9.3,Chennai
2020-12-08,2020,12,Chennai nungambakkam,8.0,Chennai
2020-12-09,2020,12,Sholinganallur,37.4,Chennai
2020-12-09,2020,12,DGP Office,14.6,Chennai
2020-12-09,2020,12,Alandur,9.0,Chennai
2020-12-09,2020,12,Ambathur,8.0,Chennai
2020-12-09,2020,12,Chennai nungambakkam,7.5,Chennai
2020-12-09,2020,12,Chennai collectorate building,5.2,Chennai
2020-12-09,2020,12,Anna university,4.6,Chennai
2020-12-09,2020,12,Gov hr sec school MGR Nagar,4.2,Chennai
2020-12-09,2020,12,Ayanavaram taluk office,3.0,Chennai
2020-12-09,2020,12,Perambur Corporation park,2.3,Chennai
2020-12-09,2020,12,CD Hospital Tondiarpet,2.0,Chennai
2020-12-16,2020,12,Gov hr sec school MGR Nagar,2.8,Chennai
2020-12-17,2020,12,Sholinganallur,27.6,Chennai
2020-12-17,2020,12,Ambathur,13.0,Chennai
2020-12-17,2020,12,Anna university,5.2,Chennai
2020-12-17,2020,12,Chennai nungambakkam,5.0,Chennai
2020-12-17,2020,12,Alandur,4.7,Chennai
2020-12-17,2020,12,Chennai collectorate building,4.0,Chennai
2020-12-17,2020,12,Gov hr sec school MGR Nagar,3.2,Chennai
2020-12-17,2020,12,Ayanavaram taluk office,3.0,Chennai
2020-12-17,2020,12,DGP Office,2.4,Chennai
2020-12-17,2020,12,CD Hospital Tondiarpet,2.3,Chennai
2020-12-17,2020,12,Perambur Corporation park,2.1,Chennai
2020-12-18,2020,12,Anna university,5.4,Chennai
2020-12-31,2020,12,Perambur Corporation park,11.3,Chennai
2020-12-31,2020,12,Ayanavaram taluk office,9.0,Chennai
2020-12-31,2020,12,Gov hr sec school MGR Nagar,8.2,Chennai
2020-12-31,2020,12,Chennai nungambakkam,7.5,Chennai
2020-12-31,2020,12,DGP Office,5.6,Chennai
2020-12-31,2020,12,Chennai collectorate building,5.0,Chennai
2020-12-31,2020,12,Alandur,4.0,Chennai
2020-12-31,2020,12,Anna university,3.4,Chennai
2020-12-31,2020,12,Sholinganallur,3.2,Chennai
2020-12-31,2020,12,Ambathur,3.0,Chennai
2020-12-31,2020,12,CD Hospital Tondiarpet,2.5,Chennai
2021-01-03,2021,1,Sholinganallur,11.0,Chennai
2021-01-03,2021,1,Ambathur,9.0,Chennai
2021-01-03,2021,1,Alandur,8.0,Chennai
2021-01-03,2021,1,Anna university,6.8,Chennai
2021-01-03,2021,1,DGP Office,5.6,Chennai
2021-01-03,2021,1,Chennai nungambakkam,5.5,Chennai
2021-01-03,2021,1,Perambur Corporation park,5.3,Chennai
2021-01-03,2021,1,Ayanavaram taluk office,5.0,Chennai
2021-01-03,2021,1,Chennai collectorate building,2.8,Chennai
2021-01-03,2021,1,CD Hospital Tondiarpet,2.3,Chennai
2021-01-03,2021,1,Gov hr sec school MGR Nagar,0.8,Chennai
2021-01-04,2021,1,DGP Office,2.4,Chennai
2021-01-04,2021,1,Anna university,1.6,Chennai
2021-01-04,2021,1,Gov hr sec school MGR Nagar,1.2,Chennai
2021-01-04,2021,1,Alandur,1.0,Chennai
2021-01-05,2021,1,Ambathur,30.0,Chennai
2021-01-05,2021,1,Perambur Corporation park,23.6,Chennai
2021-01-05,2021,1,Chennai collectorate building,19.0,Chennai
2021-01-05,2021,1,Ayanavaram taluk office,14.2,Chennai
2021-01-05,2021,1,DGP Office,12.4,Chennai
2021-01-05,2021,1,Alandur,11.0,Chennai
2021-01-05,2021,1,CD Hospital Tondiarpet,10.6,Chennai
2021-01-05,2021,1,Chennai nungambakkam,9.3,Chennai
2021-01-05,2021,1,Sholinganallur,7.2,Chennai
2021-01-05,2021,1,Gov hr sec school MGR Nagar,5.2,Chennai
2021-01-05,2021,1,Anna university,4.0,Chennai
2021-01-06,2021,1,Anna university,162.2,Chennai
2021-01-06,2021,1,Gov hr sec school MGR Nagar,149.2,Chennai
2021-01-06,2021,1,Sholinganallur,139.0,Chennai
2021-01-06,2021,1,DGP Office,138.0,Chennai
2021-01-06,2021,1,Ayanavaram taluk office,128.2,Chennai
2021-01-06,2021,1,Perambur Corporation park,119.2,Chennai
2021-01-06,2021,1,Alandur,114.0,Chennai
2021-01-06,2021,1,Ambathur,112.0,Chennai
2021-01-06,2021,1,CD Hospital Tondiarpet,106.0,Chennai
2021-01-06,2021,1,Chennai collectorate building,103.0,Chennai
2021-01-06,2021,1,Chennai nungambakkam,82.8,Chennai
2021-01-07,2021,1,Alandur,42.0,Chennai
2021-01-07,2021,1,Anna university,30.6,Chennai
2021-01-07,2021,1,DGP Office,28.6,Chennai
2021-01-07,2021,1,Ambathur,26.0,Chennai
2021-01-07,2021,1,Chennai nungambakkam,24.6,Chennai
2021-01-07,2021,1,Gov hr sec school MGR Nagar,24.2,Chennai
2021-01-07,2021,1,Sholinganallur,17.0,Chennai
2021-01-07,2021,1,Ayanavaram taluk office,12.0,Chennai
2021-01-07,2021,1,Perambur Corporation park,8.3,Chennai
2021-01-07,2021,1,CD Hospital Tondiarpet,5.5,Chennai
2021-01-07,2021,1,Chennai collectorate building,4.0,Chennai
2021-01-08,2021,1,Gov hr sec school MGR Nagar,6.4,Chennai
2021-01-08,2021,1,DGP Office,6.3,Chennai
2021-01-08,2021,1,Ambathur,6.0,Chennai
2021-01-08,2021,1,Chennai nungambakkam,4.4,Chennai
2021-01-08,2021,1,Sholinganallur,4.2,Chennai
2021-01-08,2021,1,Perambur Corporation park,4.1,Chennai
2021-01-08,2021,1,Anna university,2.6,Chennai
2021-01-08,2021,1,Alandur,2.0,Chennai
2021-01-08,2021,1,Ayanavaram taluk office,2.0,Chennai
2021-01-08,2021,1,Chennai collectorate building,2.0,Chennai
2021-01-08,2021,1,CD Hospital Tondiarpet,1.5,Chennai
2021-01-09,2021,1,Ambathur,5.0,Chennai
2021-01-09,2021,1,DGP Office,2.0,Chennai
2021-01-10,2021,1,Ambathur,5.0,Chennai
2021-01-10,2021,1,DGP Office,1.0,Chennai
2021-01-10,2021,1,Chennai nungambakkam,0.1,Chennai
2021-01-11,2021,1,Anna university,5.4,Chennai
2021-01-11,2021,1,Alandur,2.0,Chennai
2021-02-20,2021,2,Ambathur,11.0,Chennai
2021-02-21,2021,2,Gov hr sec school MGR Nagar,9.6,Chennai
2021-02-21,2021,2,Chennai nungambakkam,6.5,Chennai
2021-02-21,2021,2,Alandur,1.0,Chennai
2021-02-21,2021,2,DGP Office,1.0,Chennai
2021-02-22,2021,2,Alandur,1.0,Chennai
2021-04-15,2021,4,Gov hr sec school MGR Nagar,50.8,Chennai
2021-04-15,2021,4,DGP Office,34.6,Chennai
2021-04-15,2021,4,Alandur,32.5,Chennai
2021-04-15,2021,4,CD Hospital Tondiarpet,31.5,Chennai
2021-04-15,2021,4,Perambur Corporation park,31.0,Chennai
2021-04-15,2021,4,Ambathur,31.0,Chennai
2021-04-15,2021,4,Anna university,29.5,Chennai
2021-04-15,2021,4,Chennai nungambakkam,15.0,Chennai
2021-04-15,2021,4,Chennai collectorate building,14.2,Chennai
2021-04-15,2021,4,Ayanavaram taluk office,10.0,Chennai
2021-05-21,2021,5,Alandur,25.4,Chennai
2021-05-21,2021,5,Anna university,18.0,Chennai
2021-05-21,2021,5,Gov hr sec school MGR Nagar,15.0,Chennai
2021-05-21,2021,5,Sholinganallur,14.0,Chennai
2021-05-21,2021,5,Perambur Corporation park,12.3,Chennai
2021-05-21,2021,5,CD Hospital Tondiarpet,11.5,Chennai
2021-05-21,2021,5,Chennai collectorate building,8.6,Chennai
2021-05-21,2021,5,Ayanavaram taluk office,8.0,Chennai
2021-05-21,2021,5,Ambathur,7.0,Chennai
2021-05-21,2021,5,DGP Office,6.8,Chennai
2021-05-21,2021,5,Chennai nungambakkam,4.7,Chennai
2021-05-22,2021,5,Chennai collectorate building,20.6,Chennai
2021-05-22,2021,5,Perambur Corporation park,17.2,Chennai
2021-05-22,2021,5,DGP Office,12.8,Chennai
2021-05-22,2021,5,CD Hospital Tondiarpet,12.5,Chennai
2021-05-22,2021,5,Chennai nungambakkam,11.1,Chennai
2021-05-22,2021,5,Alandur,10.2,Chennai
2021-05-22,2021,5,Sholinganallur,10.0,Chennai
2021-05-22,2021,5,Gov hr sec school MGR Nagar,10.0,Chennai
2021-05-22,2021,5,Anna university,8.6,Chennai
2021-05-22,2021,5,Ambathur,8.0,Chennai
2021-05-22,2021,5,Ayanavaram taluk office,5.0,Chennai
2021-06-08,2021,6,Alandur,47.0,Chennai
2021-06-08,2021,6,Gov hr sec school MGR Nagar,45.0,Chennai
2021-06-08,2021,6,Anna university,41.2,Chennai
2021-06-08,2021,6,DGP Office,36.4,Chennai
2021-06-08,2021,6,Chennai collectorate building,21.0,Chennai
2021-06-08,2021,6,CD Hospital Tondiarpet,16.0,Chennai
2021-06-08,2021,6,Chennai nungambakkam,14.7,Chennai
2021-06-08,2021,6,Ayanavaram taluk office,12.0,Chennai
2021-06-08,2021,6,Ambathur,10.0,Chennai
2021-06-08,2021,6,Sholinganallur,4.0,Chennai
2021-06-08,2021,6,Perambur Corporation park,2.0,Chennai
2021-06-13,2021,6,Chennai collectorate building,3.2,Chennai
2021-06-13,2021,6,DGP Office,2.6,Chennai
2021-06-13,2021,6,Alandur,2.0,Chennai
2021-06-13,2021,6,Ambathur,2.0,Chennai
2021-06-13,2021,6,Perambur Corporation park,1.5,Chennai
2021-06-13,2021,6,CD Hospital Tondiarpet,1.5,Chennai
2021-06-13,2021,6,Ayanavaram taluk office,1.5,Chennai
2021-06-13,2021,6,Chennai nungambakkam,1.1,Chennai
2021-06-13,2021,6,Anna university,1.0,Chennai
2021-06-13,2021,6,Gov hr sec school MGR Nagar,1.0,Chennai
2021-06-15,2021,6,DGP Office,1.5,Chennai
2021-06-15,2021,6,Anna university,1.4,Chennai
2021-06-15,2021,6,Alandur,1.0,Chennai
2021-06-15,2021,6,Gov hr sec school MGR Nagar,1.0,Chennai
2021-06-20,2021,6,Chennai nungambakkam,15.7,Chennai
2021-06-20,2021,6,Gov hr sec school MGR Nagar,15.0,Chennai
2021-06-20,2021,6,Anna university,9.8,Chennai
2021-06-20,2021,6,Chennai collectorate building,7.4,Chennai
2021-06-20,2021,6,Ayanavaram taluk office,5.0,Chennai
2021-06-20,2021,6,DGP Office,3.5,Chennai
2021-06-20,2021,6,CD Hospital Tondiarpet,3.0,Chennai
2021-06-20,2021,6,Ambathur,3.0,Chennai
2021-06-20,2021,6,Perambur Corporation park,2.5,Chennai
2021-06-24,2021,6,Ambathur,26.0,Chennai
2021-06-24,2021,6,Perambur Corporation park,6.4,Chennai
2021-06-24,2021,6,Ayanavaram taluk office,5.0,Chennai
2021-06-28,2021,6,Ambathur,36.0,Chennai
2021-06-28,2021,6,Chennai collectorate building,33.8,Chennai
2021-06-28,2021,6,Alandur,33.1,Chennai
2021-06-28,2021,6,Ayanavaram taluk office,33.0,Chennai
2021-06-28,2021,6,Perambur Corporation park,32.4,Chennai
2021-06-28,2021,6,Anna university,31.6,Chennai
2021-06-28,2021,6,CD Hospital Tondiarpet,27.0,Chennai
2021-06-28,2021,6,Gov hr sec school MGR Nagar,25.0,Chennai
2021-06-28,2021,6,Chennai nungambakkam,18.8,Chennai
2021-06-28,2021,6,DGP Office,16.7,Chennai
2021-06-29,2021,6,Perambur Corporation park,4.3,Chennai
2021-06-29,2021,6,Sholinganallur,3.0,Chennai
2021-06-29,2021,6,CD Hospital Tondiarpet,2.0,Chennai
2021-06-29,2021,6,Chennai nungambakkam,1.2,Chennai
2021-06-29,2021,6,Anna university,1.0,Chennai
2021-07-01,2021,7,Gov hr sec school MGR Nagar,1.6,Chennai
2021-07-03,2021,7,Alandur,12.8,Chennai
2021-07-03,2021,7,Sholinganallur,6.0,Chennai
2021-07-03,2021,7,Anna university,5.6,Chennai
2021-07-03,2021,7,Chennai nungambakkam,5.4,Chennai
2021-07-03,2021,7,Gov hr sec school MGR Nagar,5.4,Chennai
2021-07-03,2021,7,Ayanavaram taluk office,5.1,Chennai
2021-07-03,2021,7,CD Hospital Tondiarpet,3.0,Chennai
2021-07-03,2021,7,Perambur Corporation park,2.4,Chennai
2021-07-03,2021,7,DGP Office,2.0,Chennai
2021-07-03,2021,7,Ambathur,2.0,Chennai
2021-07-08,2021,7,Ambathur,3.0,Chennai
2021-07-09,2021,7,Ambathur,86.0,Chennai
2021-07-09,2021,7,DGP Office,58.6,Chennai
2021-07-09,2021,7,Perambur Corporation park,51.2,Chennai
2021-07-09,2021,7,CD Hospital Tondiarpet,48.0,Chennai
2021-07-09,2021,7,Anna university,42.8,Chennai
2021-07-09,2021,7,Chennai collectorate building,42.0,Chennai
2021-07-09,2021,7,Alandur,38.2,Chennai
2021-07-09,2021,7,Chennai nungambakkam,34.0,Chennai
2021-07-09,2021,7,Ayanavaram taluk office,24.2,Chennai
2021-07-09,2021,7,Sholinganallur,23.2,Chennai
2021-07-09,2021,7,Gov hr sec school MGR Nagar,17.4,Chennai
2021-07-10,2021,7,Ayanavaram taluk office,9.0,Chennai
2021-07-10,2021,7,Sholinganallur,7.0,Chennai
2021-07-10,2021,7,Perambur Corporation park,4.1,Chennai
2021-07-10,2021,7,Chennai nungambakkam,3.7,Chennai
2021-07-10,2021,7,CD Hospital Tondiarpet,3.0,Chennai
2021-07-10,2021,7,Chennai collectorate building,2.4,Chennai
2021-07-11,2021,7,Gov hr sec school MGR Nagar,1.4,Chennai
2021-07-12,2021,7,Ambathur,16.0,Chennai
2021-07-12,2021,7,Sholinganallur,6.6,Chennai
2021-07-12,2021,7,Perambur Corporation park,4.4,Chennai
2021-07-12,2021,7,Anna university,3.5,Chennai
2021-07-12,2021,7,Ayanavaram taluk office,3.0,Chennai
2021-07-12,2021,7,Gov hr sec school MGR Nagar,2.2,Chennai
2021-07-12,2021,7,CD Hospital Tondiarpet,1.5,Chennai
2021-07-12,2021,7,Alandur,1.5,Chennai
2021-07-12,2021,7,Chennai nungambakkam,0.4,Chennai
2021-07-14,2021,7,Chennai collectorate building,10.0,Chennai
2021-07-14,2021,7,DGP Office,4.6,Chennai
2021-07-14,2021,7,Ambathur,3.0,Chennai
2021-07-14,2021,7,Chennai nungambakkam,2.9,Chennai
2021-07-14,2021,7,Ayanavaram taluk office,2.8,Chennai
2021-07-14,2021,7,Gov hr sec school MGR Nagar,2.6,Chennai
2021-07-14,2021,7,CD Hospital Tondiarpet,2.5,Chennai
2021-07-14,2021,7,Anna university,2.2,Chennai
2021-07-14,2021,7,Perambur Corporation park,2.0,Chennai
2021-07-14,2021,7,Alandur,2.0,Chennai
2021-07-15,2021,7,Chennai collectorate building,30.0,Chennai
2021-07-15,2021,7,CD Hospital Tondiarpet,24.0,Chennai
2021-07-15,2021,7,Perambur Corporation park,23.2,Chennai
2021-07-15,2021,7,Ayanavaram taluk office,21.5,Chennai
2021-07-15,2021,7,Alandur,13.2,Chennai
2021-07-15,2021,7,Ambathur,13.0,Chennai
2021-07-15,2021,7,DGP Office,12.2,Chennai
2021-07-15,2021,7,Sholinganallur,12.1,Chennai
2021-07-15,2021,7,Anna university,10.5,Chennai
2021-07-15,2021,7,Gov hr sec school MGR Nagar,8.2,Chennai
2021-07-15,2021,7,Chennai nungambakkam,7.5,Chennai
2021-07-16,2021,7,DGP Office,4.6,Chennai
2021-07-16,2021,7,Perambur Corporation park,2.4,Chennai
2021-07-16,2021,7,Ambathur,2.0,Chennai
2021-07-16,2021,7,Gov hr sec school MGR Nagar,1.4,Chennai
2021-07-16,2021,7,Anna university,1.2,Chennai
2021-07-16,2021,7,CD Hospital Tondiarpet,1.0,Chennai
2021-07-16,2021,7,Chennai nungambakkam,0.3,Chennai
2021-07-16,2021,7,Alandur,0.2,Chennai
2021-07-17,2021,7,DGP Office,84.4,Chennai
2021-07-17,2021,7,Sholinganallur,84.0,Chennai
2021-07-17,2021,7,Ambathur,76.0,Chennai
2021-07-17,2021,7,Perambur Corporation park,75.2,Chennai
2021-07-17,2021,7,CD Hospital Tondiarpet,73.3,Chennai
2021-07-17,2021,7,Ayanavaram taluk office,73.0,Chennai
2021-07-17,2021,7,Chennai nungambakkam,60.5,Chennai
2021-07-17,2021,7,Chennai collectorate building,56.2,Chennai
2021-07-17,2021,7,Anna university,44.5,Chennai
2021-07-17,2021,7,Gov hr sec school MGR Nagar,43.2,Chennai
2021-07-17,2021,7,Alandur,14.4,Chennai
2021-07-18,2021,7,Chennai nungambakkam,77.0,Chennai
2021-07-18,2021,7,Gov hr sec school MGR Nagar,54.8,Chennai
2021-07-18,2021,7,Anna university,42.3,Chennai
2021-07-18,2021,7,Alandur,36.2,Chennai
2021-07-18,2021,7,Ayanavaram taluk office,28.0,Chennai
2021-07-18,2021,7,DGP Office,24.8,Chennai
2021-07-18,2021,7,CD Hospital Tondiarpet,12.0,Chennai
2021-07-18,2021,7,Chennai collectorate building,8.3,Chennai
2021-07-18,2021,7,Perambur Corporation park,4.3,Chennai
2021-07-18,2021,7,Sholinganallur,3.0,Chennai
2021-07-18,2021,7,Ambathur,3.0,Chennai
2021-07-19,2021,7,Perambur Corporation park,29.4,Chennai
2021-07-19,2021,7,CD Hospital Tondiarpet,16.2,Chennai
2021-07-19,2021,7,Chennai collectorate building,12.3,Chennai
2021-07-19,2021,7,Ambathur,5.0,Chennai
2021-07-19,2021,7,Ayanavaram taluk office,5.0,Chennai
2021-07-19,2021,7,Gov hr sec school MGR Nagar,2.8,Chennai
2021-07-19,2021,7,Chennai nungambakkam,2.6,Chennai
2021-07-19,2021,7,Anna university,2.2,Chennai
2021-07-19,2021,7,Sholinganallur,2.0,Chennai
2021-07-19,2021,7,Alandur,0.3,Chennai
2021-07-20,2021,7,Ambathur,36.0,Chennai
2021-07-20,2021,7,Ayanavaram taluk office,26.0,Chennai
2021-07-20,2021,7,Perambur Corporation park,25.4,Chennai
2021-07-20,2021,7,Chennai collectorate building,22.2,Chennai
2021-07-20,2021,7,CD Hospital Tondiarpet,21.4,Chennai
2021-07-20,2021,7,Chennai nungambakkam,19.3,Chennai
2021-07-20,2021,7,Sholinganallur,17.0,Chennai
2021-07-20,2021,7,DGP Office,14.4,Chennai
2021-07-20,2021,7,Anna university,13.6,Chennai
2021-07-20,2021,7,Gov hr sec school MGR Nagar,12.8,Chennai
2021-07-20,2021,7,Alandur,11.2,Chennai
2021-07-21,2021,7,Sholinganallur,24.0,Chennai
2021-07-21,2021,7,Perambur Corporation park,13.1,Chennai
2021-07-21,2021,7,Chennai collectorate building,11.3,Chennai
2021-07-21,2021,7,CD Hospital Tondiarpet,10.4,Chennai
2021-07-21,2021,7,Chennai nungambakkam,6.5,Chennai
2021-07-21,2021,7,DGP Office,6.2,Chennai
2021-07-21,2021,7,Gov hr sec school MGR Nagar,5.6,Chennai
2021-07-21,2021,7,Ayanavaram taluk office,5.2,Chennai
2021-07-21,2021,7,Ambathur,5.0,Chennai
2021-07-21,2021,7,Alandur,4.3,Chennai
2021-07-21,2021,7,Anna university,4.2,Chennai
2021-07-22,2021,7,Sholinganallur,4.2,Chennai
2021-07-22,2021,7,Ambathur,1.5,Chennai
2021-07-22,2021,7,CD Hospital Tondiarpet,1.0,Chennai
2021-07-22,2021,7,Chennai nungambakkam,0.9,Chennai
2021-07-22,2021,7,Anna university,0.5,Chennai
2021-07-22,2021,7,Gov hr sec school MGR Nagar,0.4,Chennai
2021-07-22,2021,7,Alandur,0.2,Chennai
2021-07-23,2021,7,Gov hr sec school MGR Nagar,0.8,Chennai
2021-07-26,2021,7,Chennai nungambakkam,0.8,Chennai
2021-07-27,2021,7,Perambur Corporation park,40.4,Chennai
2021-07-27,2021,7,Chennai collectorate building,30.3,Chennai
2021-07-27,2021,7,CD Hospital Tondiarpet,29.2,Chennai
2021-07-27,2021,7,Ayanavaram taluk office,28.2,Chennai
2021-07-27,2021,7,Ambathur,26.0,Chennai
2021-07-27,2021,7,Chennai nungambakkam,14.1,Chennai
2021-07-27,2021,7,Gov hr sec school MGR Nagar,6.2,Chennai
2021-07-27,2021,7,DGP Office,4.6,Chennai
2021-07-27,2021,7,Anna university,3.4,Chennai
2021-07-27,2021,7,Alandur,3.2,Chennai
2021-08-01,2021,8,DGP Office,22.8,Chennai
2021-08-01,2021,8,CD Hospital Tondiarpet,18.2,Chennai
2021-08-01,2021,8,Anna university,16.8,Chennai
2021-08-01,2021,8,Gov hr sec school MGR Nagar,16.2,Chennai
2021-08-01,2021,8,Ayanavaram taluk office,16.0,Chennai
2021-08-01,2021,8,Ambathur,14.0,Chennai
2021-08-01,2021,8,Chennai nungambakkam,12.5,Chennai
2021-08-01,2021,8,Alandur,10.8,Chennai
2021-08-01,2021,8,Perambur Corporation park,10.1,Chennai
2021-08-01,2021,8,Sholinganallur,10.0,Chennai
2021-08-01,2021,8,Chennai collectorate building,7.4,Chennai
2021-08-03,2021,8,Chennai collectorate building,3.2,Chennai
2021-08-03,2021,8,DGP Office,2.6,Chennai
2021-08-03,2021,8,Gov hr sec school MGR Nagar,2.6,Chennai
2021-08-03,2021,8,Perambur Corporation park,2.4,Chennai
2021-08-03,2021,8,Anna university,2.2,Chennai
2021-08-06,2021,8,Alandur,1.0,Chennai
2021-08-06,2021,8,Gov hr sec school MGR Nagar,0.8,Chennai
2021-08-07,2021,8,Alandur,7.4,Chennai
2021-08-07,2021,8,Gov hr sec school MGR Nagar,3.6,Chennai
2021-08-07,2021,8,Anna university,2.6,Chennai
2021-08-07,2021,8,CD Hospital Tondiarpet,1.2,Chennai
2021-08-10,2021,8,Alandur,41.6,Chennai
2021-08-10,2021,8,Ambathur,33.0,Chennai
2021-08-10,2021,8,Sholinganallur,16.0,Chennai
2021-08-10,2021,8,Perambur Corporation park,5.1,Chennai
2021-08-10,2021,8,Gov hr sec school MGR Nagar,3.8,Chennai
2021-08-10,2021,8,Chennai nungambakkam,3.2,Chennai
2021-08-10,2021,8,CD Hospital Tondiarpet,3.0,Chennai
2021-08-10,2021,8,Anna university,2.6,Chennai
2021-08-10,2021,8,Ayanavaram taluk office,2.1,Chennai
2021-08-12,2021,8,Chennai nungambakkam,10.9,Chennai
2021-08-12,2021,8,DGP Office,6.8,Chennai
2021-08-12,2021,8,Anna university,4.7,Chennai
2021-08-12,2021,8,Gov hr sec school MGR Nagar,2.2,Chennai
2021-08-12,2021,8,Sholinganallur,1.7,Chennai
2021-08-12,2021,8,Alandur,0.2,Chennai
2021-08-17,2021,8,DGP Office,42.8,Chennai
2021-08-17,2021,8,Ayanavaram taluk office,33.0,Chennai
2021-08-17,2021,8,Perambur Corporation park,31.2,Chennai
2021-08-17,2021,8,Ambathur,28.0,Chennai
2021-08-17,2021,8,CD Hospital Tondiarpet,26.0,Chennai
2021-08-17,2021,8,Chennai collectorate building,25.1,Chennai
2021-08-17,2021,8,Anna university,22.4,Chennai
2021-08-17,2021,8,Gov hr sec school MGR Nagar,21.8,Chennai
2021-08-17,2021,8,Alandur,17.1,Chennai
2021-08-17,2021,8,Chennai nungambakkam,15.4,Chennai
2021-08-17,2021,8,Sholinganallur,12.0,Chennai
2021-08-18,2021,8,Chennai nungambakkam,15.4,Chennai
2021-08-19,2021,8,Alandur,100.0,Chennai
2021-08-19,2021,8,Ambathur,23.0,Chennai
2021-08-19,2021,8,Perambur Corporation park,3.1,Chennai
2021-08-20,2021,8,DGP Office,11.4,Chennai
2021-08-20,2021,8,Alandur,10.4,Chennai
2021-08-20,2021,8,Gov hr sec school MGR Nagar,9.8,Chennai
2021-08-20,2021,8,Sholinganallur,8.6,Chennai
2021-08-20,2021,8,Anna university,7.6,Chennai
2021-08-20,2021,8,Chennai nungambakkam,3.6,Chennai
2021-08-20,2021,8,CD Hospital Tondiarpet,3.4,Chennai
2021-08-20,2021,8,Ayanavaram taluk office,3.2,Chennai
2021-08-20,2021,8,Chennai collectorate building,2.1,Chennai
2021-08-22,2021,8,Ayanavaram taluk office,62.5,Chennai
2021-08-22,2021,8,CD Hospital Tondiarpet,52.2,Chennai
2021-08-22,2021,8,Perambur Corporation park,47.2,Chennai
2021-08-22,2021,8,DGP Office,45.8,Chennai
2021-08-22,2021,8,Ambathur,42.0,Chennai
2021-08-22,2021,8,Chennai collectorate building,35.4,Chennai
2021-08-22,2021,8,Chennai nungambakkam,22.9,Chennai
2021-08-22,2021,8,Anna university,2.8,Chennai
2021-08-22,2021,8,Gov hr sec school MGR Nagar,2.4,Chennai
2021-08-22,2021,8,Alandur,1.0,Chennai
2021-08-25,2021,8,Ambathur,41.0,Chennai
2021-08-25,2021,8,Gov hr sec school MGR Nagar,8.2,Chennai
2021-08-25,2021,8,Anna university,4.6,Chennai
2021-08-25,2021,8,Alandur,1.6,Chennai
2021-08-25,2021,8,Chennai nungambakkam,0.6,Chennai
2021-08-27,2021,8,Ambathur,23.0,Chennai
2021-08-27,2021,8,Perambur Corporation park,16.0,Chennai
2021-08-27,2021,8,Chennai collectorate building,15.1,Chennai
2021-08-27,2021,8,Ayanavaram taluk office,8.0,Chennai
2021-08-27,2021,8,Sholinganallur,6.2,Chennai
2021-08-27,2021,8,Anna university,4.6,Chennai
2021-08-27,2021,8,DGP Office,4.2,Chennai
2021-08-27,2021,8,Alandur,3.9,Chennai
2021-08-27,2021,8,CD Hospital Tondiarpet,3.4,Chennai
2021-08-27,2021,8,Chennai nungambakkam,3.1,Chennai
2021-08-27,2021,8,Gov hr sec school MGR Nagar,2.4,Chennai
2021-08-28,2021,8,Perambur Corporation park,37.4,Chennai
2021-08-28,2021,8,CD Hospital Tondiarpet,36.4,Chennai
2021-08-28,2021,8,Ambathur,34.0,Chennai
2021-08-28,2021,8,Ayanavaram taluk office,34.0,Chennai
2021-08-28,2021,8,Chennai collectorate building,32.8,Chennai
2021-08-28,2021,8,DGP Office,22.8,Chennai
2021-08-28,2021,8,Alandur,15.3,Chennai
2021-08-28,2021,8,Sholinganallur,13.2,Chennai
2021-08-28,2021,8,Chennai nungambakkam,11.6,Chennai
2021-08-28,2021,8,Anna university,8.3,Chennai
2021-08-28,2021,8,Gov hr sec school MGR Nagar,6.6,Chennai
2021-08-29,2021,8,Sholinganallur,53.0,Chennai
2021-08-29,2021,8,Ayanavaram taluk office,53.0,Chennai
2021-08-29,2021,8,Gov hr sec school MGR Nagar,52.4,Chennai
2021-08-29,2021,8,Chennai collectorate building,37.2,Chennai
2021-08-29,2021,8,Anna university,36.5,Chennai
2021-08-29,2021,8,CD Hospital Tondiarpet,35.4,Chennai
2021-08-29,2021,8,Alandur,32.3,Chennai
2021-08-29,2021,8,Ambathur,31.0,Chennai
2021-08-29,2021,8,Chennai nungambakkam,29.7,Chennai
2021-08-29,2021,8,Perambur Corporation park,29.4,Chennai
2021-08-29,2021,8,DGP Office,26.4,Chennai
2021-08-30,2021,8,Alandur,10.4,Chennai
2021-08-30,2021,8,Sholinganallur,9.0,Chennai
2021-08-30,2021,8,Anna university,7.8,Chennai
2021-08-30,2021,8,DGP Office,6.8,Chennai
2021-08-30,2021,8,CD Hospital Tondiarpet,4.2,Chennai
2021-08-30,2021,8,Ayanavaram taluk office,4.0,Chennai
2021-08-30,2021,8,Chennai nungambakkam,4.0,Chennai
2021-08-30,2021,8,Gov hr sec school MGR Nagar,3.8,Chennai
2021-08-30,2021,8,Perambur Corporation park,3.4,Chennai
2021-08-30,2021,8,Chennai collectorate building,3.2,Chennai
2021-08-30,2021,8,Ambathur,3.0,Chennai
2021-08-31,2021,8,Alandur,1.4,Chennai
2021-08-31,2021,8,Chennai collectorate building,1.1,Chennai
2021-08-31,2021,8,Chennai nungambakkam,0.4,Chennai
2021-09-03,2021,9,Gov hr sec school MGR Nagar,0.2,Chennai
2021-09-04,2021,9,Gov hr sec school MGR Nagar,11.8,Chennai
2021-09-04,2021,9,DGP Office,8.6,Chennai
2021-09-04,2021,9,Anna university,7.6,Chennai
2021-09-04,2021,9,CD Hospital Tondiarpet,7.2,Chennai
2021-09-04,2021,9,Sholinganallur,6.2,Chennai
2021-09-04,2021,9,Alandur,4.1,Chennai
2021-09-04,2021,9,Ambathur,4.0,Chennai
2021-09-04,2021,9,Chennai collectorate building,2.0,Chennai
2021-09-04,2021,9,Chennai nungambakkam,1.8,Chennai
2021-09-04,2021,9,Ayanavaram taluk office,1.5,Chennai
2021-09-05,2021,9,DGP Office,8.4,Chennai
2021-09-05,2021,9,Anna university,4.2,Chennai
2021-09-05,2021,9,CD Hospital Tondiarpet,3.6,Chennai
2021-09-05,2021,9,Ayanavaram taluk office,3.0,Chennai
2021-09-05,2021,9,Gov hr sec school MGR Nagar,2.4,Chennai
2021-09-05,2021,9,Sholinganallur,2.2,Chennai
2021-09-05,2021,9,Chennai nungambakkam,2.0,Chennai
2021-09-05,2021,9,Chennai collectorate building,1.2,Chennai
2021-09-06,2021,9,DGP Office,22.4,Chennai
2021-09-06,2021,9,Alandur,11.2,Chennai
2021-09-06,2021,9,Anna university,10.6,Chennai
2021-09-06,2021,9,Gov hr sec school MGR Nagar,9.2,Chennai
2021-09-06,2021,9,Sholinganallur,6.2,Chennai
2021-09-07,2021,9,Sholinganallur,38.0,Chennai
2021-09-07,2021,9,Ambathur,37.0,Chennai
2021-09-07,2021,9,CD Hospital Tondiarpet,32.6,Chennai
2021-09-07,2021,9,Anna university,32.6,Chennai
2021-09-07,2021,9,Chennai nungambakkam,32.3,Chennai
2021-09-07,2021,9,DGP Office,31.4,Chennai
2021-09-07,2021,9,Perambur Corporation park,30.1,Chennai
2021-09-07,2021,9,Ayanavaram taluk office,29.0,Chennai
2021-09-07,2021,9,Alandur,27.4,Chennai
2021-09-07,2021,9,Chennai collectorate building,26.2,Chennai
2021-09-07,2021,9,Gov hr sec school MGR Nagar,23.6,Chennai
2021-09-18,2021,9,Ambathur,12.2,Chennai
2021-09-18,2021,9,Perambur Corporation park,11.4,Chennai
2021-09-18,2021,9,Alandur,8.6,Chennai
2021-09-18,2021,9,DGP Office,8.6,Chennai
2021-09-18,2021,9,Sholinganallur,2.0,Chennai
2021-09-18,2021,9,Anna university,1.2,Chennai
2021-09-18,2021,9,Gov hr sec school MGR Nagar,0.4,Chennai
2021-09-18,2021,9,Chennai nungambakkam,0.3,Chennai
2021-09-21,2021,9,Sholinganallur,8.0,Chennai
2021-09-21,2021,9,Ambathur,4.0,Chennai
2021-09-22,2021,9,DGP Office,102.4,Chennai
2021-09-22,2021,9,Ayanavaram taluk office,71.0,Chennai
2021-09-22,2021,9,Chennai collectorate building,70.5,Chennai
2021-09-22,2021,9,Gov hr sec school MGR Nagar,57.6,Chennai
2021-09-22,2021,9,Perambur Corporation park,57.4,Chennai
2021-09-22,2021,9,Anna university,56.5,Chennai
2021-09-22,2021,9,Sholinganallur,55.0,Chennai
2021-09-22,2021,9,CD Hospital Tondiarpet,52.5,Chennai
2021-09-22,2021,9,Chennai nungambakkam,50.2,Chennai
2021-09-22,2021,9,Alandur,43.0,Chennai
2021-09-22,2021,9,Ambathur,15.4,Chennai
2021-09-23,2021,9,Perambur Corporation park,8.4,Chennai
2021-09-23,2021,9,Chennai collectorate building,4.2,Chennai
2021-09-23,2021,9,CD Hospital Tondiarpet,2.4,Chennai
2021-09-23,2021,9,Gov hr sec school MGR Nagar,2.2,Chennai
2021-09-26,2021,9,Alandur,12.0,Chennai
2021-09-26,2021,9,Gov hr sec school MGR Nagar,3.8,Chennai
2021-09-26,2021,9,Sholinganallur,3.5,Chennai
2021-09-26,2021,9,Anna university,2.6,Chennai
2021-09-30,2021,9,Gov hr sec school MGR Nagar,3.4,Chennai
2021-10-01,2021,10,Ambathur,8.0,Chennai
2021-10-01,2021,10,Chennai nungambakkam,4.6,Chennai
2021-10-01,2021,10,Alandur,4.4,Chennai
2021-10-01,2021,10,Anna university,4.4,Chennai
2021-10-01,2021,10,Chennai collectorate building,4.1,Chennai
2021-10-01,2021,10,CD Hospital Tondiarpet,3.6,Chennai
2021-10-01,2021,10,Sholinganallur,3.4,Chennai
2021-10-01,2021,10,Gov hr sec school MGR Nagar,3.2,Chennai
2021-10-01,2021,10,DGP Office,2.0,Chennai
2021-10-02,2021,10,Perambur Corporation park,7.2,Chennai
2021-10-02,2021,10,Chennai nungambakkam,5.6,Chennai
2021-10-02,2021,10,CD Hospital Tondiarpet,4.2,Chennai
2021-10-02,2021,10,DGP Office,4.2,Chennai
2021-10-02,2021,10,Anna university,3.8,Chennai
2021-10-02,2021,10,Chennai collectorate building,2.1,Chennai
2021-10-02,2021,10,Sholinganallur,2.0,Chennai
2021-10-02,2021,10,Gov hr sec school MGR Nagar,1.6,Chennai
2021-10-02,2021,10,Alandur,1.4,Chennai
2021-10-03,2021,10,Ambathur,16.0,Chennai
2021-10-03,2021,10,Gov hr sec school MGR Nagar,9.4,Chennai
2021-10-03,2021,10,Anna university,8.3,Chennai
2021-10-03,2021,10,Sholinganallur,7.6,Chennai
2021-10-03,2021,10,DGP Office,3.6,Chennai
2021-10-03,2021,10,Alandur,1.7,Chennai
2021-10-04,2021,10,DGP Office,8.4,Chennai
2021-10-04,2021,10,Chennai collectorate building,8.1,Chennai
2021-10-04,2021,10,CD Hospital Tondiarpet,6.3,Chennai
2021-10-04,2021,10,Perambur Corporation park,5.4,Chennai
2021-10-04,2021,10,Ayanavaram taluk office,5.0,Chennai
2021-10-04,2021,10,Sholinganallur,3.2,Chennai
2021-10-04,2021,10,Anna university,1.8,Chennai
2021-10-04,2021,10,Gov hr sec school MGR Nagar,1.4,Chennai
2021-10-04,2021,10,Alandur,1.2,Chennai
2021-10-04,2021,10,Chennai nungambakkam,1.2,Chennai
2021-10-05,2021,10,Chennai collectorate building,29.2,Chennai
2021-10-05,2021,10,Ayanavaram taluk office,24.0,Chennai
2021-10-05,2021,10,DGP Office,23.4,Chennai
2021-10-05,2021,10,Perambur Corporation park,22.4,Chennai
2021-10-05,2021,10,CD Hospital Tondiarpet,18.6,Chennai
2021-10-05,2021,10,Chennai nungambakkam,14.5,Chennai
2021-10-05,2021,10,Anna university,12.8,Chennai
2021-10-05,2021,10,Gov hr sec school MGR Nagar,10.6,Chennai
2021-10-05,2021,10,Ambathur,9.0,Chennai
2021-10-05,2021,10,Alandur,8.3,Chennai
2021-10-05,2021,10,Sholinganallur,4.6,Chennai
2021-10-06,2021,10,Sholinganallur,82.0,Chennai
2021-10-06,2021,10,Ambathur,65.0,Chennai
2021-10-06,2021,10,Alandur,42.9,Chennai
2021-10-06,2021,10,Anna university,38.6,Chennai
2021-10-06,2021,10,DGP Office,35.8,Chennai
2021-10-06,2021,10,Chennai nungambakkam,31.6,Chennai
2021-10-06,2021,10,CD Hospital Tondiarpet,30.2,Chennai
2021-10-06,2021,10,Perambur Corporation park,28.2,Chennai
2021-10-06,2021,10,Ayanavaram taluk office,19.0,Chennai
2021-10-06,2021,10,Chennai collectorate building,15.2,Chennai
2021-10-06,2021,10,Gov hr sec school MGR Nagar,11.8,Chennai
2021-10-07,2021,10,DGP Office,38.2,Chennai
2021-10-07,2021,10,Chennai nungambakkam,26.4,Chennai
2021-10-07,2021,10,Sholinganallur,20.4,Chennai
2021-10-07,2021,10,Anna university,16.4,Chennai
2021-10-07,2021,10,Alandur,16.2,Chennai
2021-10-07,2021,10,Ayanavaram taluk office,14.0,Chennai
2021-10-07,2021,10,Chennai collectorate building,13.2,Chennai
2021-10-07,2021,10,CD Hospital Tondiarpet,12.4,Chennai
2021-10-07,2021,10,Gov hr sec school MGR Nagar,11.6,Chennai
2021-10-07,2021,10,Perambur Corporation park,9.4,Chennai
2021-10-07,2021,10,Ambathur,6.0,Chennai
2021-10-10,2021,10,DGP Office,96.4,Chennai
2021-10-10,2021,10,CD Hospital Tondiarpet,22.4,Chennai
2021-10-10,2021,10,Perambur Corporation park,19.2,Chennai
2021-10-10,2021,10,Chennai collectorate building,14.2,Chennai
2021-10-10,2021,10,Chennai nungambakkam,12.0,Chennai
2021-10-10,2021,10,Sholinganallur,6.2,Chennai
2021-10-10,2021,10,Anna university,1.8,Chennai
2021-10-10,2021,10,Alandur,1.2,Chennai
2021-10-10,2021,10,Gov hr sec school MGR Nagar,0.8,Chennai
2021-10-11,2021,10,Sholinganallur,72.0,Chennai
2021-10-11,2021,10,Alandur,23.0,Chennai
2021-10-11,2021,10,Chennai nungambakkam,20.6,Chennai
2021-10-11,2021,10,Ayanavaram taluk office,16.0,Chennai
2021-10-11,2021,10,Perambur Corporation park,15.1,Chennai
2021-10-11,2021,10,CD Hospital Tondiarpet,6.4,Chennai
2021-10-11,2021,10,DGP Office,6.2,Chennai
2021-10-11,2021,10,Chennai collectorate building,5.3,Chennai
2021-10-11,2021,10,Gov hr sec school MGR Nagar,2.8,Chennai
2021-10-11,2021,10,Anna university,2.5,Chennai
2021-10-11,2021,10,Ambathur,1.2,Chennai
2021-10-12,2021,10,Chennai nungambakkam,0.7,Chennai
2021-10-13,2021,10,Sholinganallur,44.6,Chennai
2021-10-13,2021,10,Gov hr sec school MGR Nagar,37.8,Chennai
2021-10-13,2021,10,Anna university,28.6,Chennai
2021-10-13,2021,10,Alandur,0.6,Chennai
2021-10-14,2021,10,Sholinganallur,8.0,Chennai
2021-10-14,2021,10,Gov hr sec school MGR Nagar,6.4,Chennai
2021-10-14,2021,10,Alandur,3.5,Chennai
2021-10-14,2021,10,CD Hospital Tondiarpet,2.4,Chennai
2021-10-14,2021,10,Anna university,2.4,Chennai
2021-10-14,2021,10,Ambathur,2.0,Chennai
2021-10-14,2021,10,Chennai nungambakkam,2.0,Chennai
2021-10-15,2021,10,Sholinganallur,6.0,Chennai
2021-10-15,2021,10,Chennai collectorate building,1.3,Chennai
2021-10-15,2021,10,Anna university,1.1,Chennai
2021-10-16,2021,10,DGP Office,24.2,Chennai
2021-10-16,2021,10,Sholinganallur,3.0,Chennai
2021-10-16,2021,10,Chennai nungambakkam,0.3,Chennai
2021-10-18,2021,10,Perambur Corporation park,20.1,Chennai
2021-10-18,2021,10,Ambathur,13.0,Chennai
2021-10-18,2021,10,Chennai collectorate building,4.3,Chennai
2021-10-18,2021,10,CD Hospital Tondiarpet,3.5,Chennai
2021-10-18,2021,10,Ayanavaram taluk office,2.0,Chennai
2021-10-18,2021,10,Chennai nungambakkam,0.5,Chennai
2021-10-18,2021,10,Gov hr sec school MGR Nagar,0.4,Chennai
2021-10-20,2021,10,Anna university,1.2,Chennai
2021-10-20,2021,10,Gov hr sec school MGR Nagar,0.8,Chennai
2021-10-22,2021,10,Perambur Corporation park,16.2,Chennai
2021-10-22,2021,10,Ayanavaram taluk office,10.0,Chennai
2021-10-22,2021,10,Ambathur,7.0,Chennai
2021-10-22,2021,10,CD Hospital Tondiarpet,3.2,Chennai
2021-10-22,2021,10,Chennai nungambakkam,2.9,Chennai
2021-10-22,2021,10,DGP Office,2.4,Chennai
2021-10-22,2021,10,Gov hr sec school MGR Nagar,2.2,Chennai
2021-10-22,2021,10,Anna university,0.8,Chennai
2021-10-24,2021,10,Ambathur,21.0,Chennai
2021-10-24,2021,10,Chennai collectorate building,1.0,Chennai
2021-10-25,2021,10,Chennai nungambakkam,22.7,Chennai
2021-10-25,2021,10,Perambur Corporation park,21.1,Chennai
2021-10-25,2021,10,Ambathur,18.0,Chennai
2021-10-25,2021,10,Ayanavaram taluk office,14.0,Chennai
2021-10-25,2021,10,Alandur,10.0,Chennai
2021-10-25,2021,10,CD Hospital Tondiarpet,4.3,Chennai
2021-10-25,2021,10,Sholinganallur,4.0,Chennai
2021-10-25,2021,10,DGP Office,3.4,Chennai
2021-10-25,2021,10,Anna university,2.8,Chennai
2021-10-25,2021,10,Gov hr sec school MGR Nagar,2.6,Chennai
2021-10-29,2021,10,Chennai collectorate building,19.2,Chennai
2021-10-29,2021,10,Chennai nungambakkam,17.6,Chennai
2021-10-29,2021,10,DGP Office,12.8,Chennai
2021-10-29,2021,10,Perambur Corporation park,10.2,Chennai
2021-10-29,2021,10,Gov hr sec school MGR Nagar,6.4,Chennai
2021-10-29,2021,10,Anna university,5.2,Chennai
2021-10-29,2021,10,Ambathur,5.0,Chennai
2021-10-29,2021,10,Sholinganallur,4.0,Chennai
2021-10-29,2021,10,CD Hospital Tondiarpet,3.3,Chennai
2021-10-29,2021,10,Ayanavaram taluk office,3.0,Chennai
2021-10-29,2021,10,Alandur,1.9,Chennai
2021-10-30,2021,10,Ambathur,76.0,Chennai
2021-10-30,2021,10,Perambur Corporation park,57.4,Chennai
2021-10-30,2021,10,Ayanavaram taluk office,54.0,Chennai
2021-10-30,2021,10,CD Hospital Tondiarpet,48.0,Chennai
2021-10-30,2021,10,Chennai collectorate building,35.2,Chennai
2021-10-30,2021,10,Sholinganallur,35.0,Chennai
2021-10-30,2021,10,Chennai nungambakkam,34.0,Chennai
2021-10-30,2021,10,Anna university,32.4,Chennai
2021-10-30,2021,10,DGP Office,28.4,Chennai
2021-10-30,2021,10,Alandur,28.0,Chennai
2021-10-30,2021,10,Gov hr sec school MGR Nagar,26.6,Chennai
2021-10-31,2021,10,Ayanavaram taluk office,15.0,Chennai
2021-10-31,2021,10,Alandur,10.7,Chennai
2021-10-31,2021,10,Sholinganallur,10.0,Chennai
2021-10-31,2021,10,CD Hospital Tondiarpet,8.4,Chennai
2021-10-31,2021,10,Chennai nungambakkam,7.6,Chennai
2021-10-31,2021,10,Chennai collectorate building,7.2,Chennai
2021-10-31,2021,10,Perambur Corporation park,6.2,Chennai
2021-10-31,2021,10,Anna university,4.8,Chennai
2021-10-31,2021,10,DGP Office,4.6,Chennai
2021-10-31,2021,10,Gov hr sec school MGR Nagar,4.2,Chennai
2021-10-31,2021,10,Ambathur,4.0,Chennai
2021-11-01,2021,11,Perambur Corporation park,44.4,Chennai
2021-11-01,2021,11,CD Hospital Tondiarpet,38.3,Chennai
2021-11-01,2021,11,DGP Office,36.6,Chennai
2021-11-01,2021,11,Gov hr sec school MGR Nagar,36.4,Chennai
2021-11-01,2021,11,Chennai collectorate building,32.1,Chennai
2021-11-01,2021,11,Ambathur,31.0,Chennai
2021-11-01,2021,11,Anna university,30.6,Chennai
2021-11-01,2021,11,Ayanavaram taluk office,30.0,Chennai
2021-11-01,2021,11,Alandur,24.1,Chennai
2021-11-01,2021,11,Chennai nungambakkam,22.8,Chennai
2021-11-01,2021,11,Sholinganallur,14.0,Chennai
2021-11-02,2021,11,DGP Office,34.2,Chennai
2021-11-02,2021,11,Ambathur,30.0,Chennai
2021-11-02,2021,11,Chennai collectorate building,29.1,Chennai
2021-11-02,2021,11,Ayanavaram taluk office,29.0,Chennai
2021-11-02,2021,11,Chennai nungambakkam,28.2,Chennai
2021-11-02,2021,11,CD Hospital Tondiarpet,27.2,Chennai
2021-11-02,2021,11,Perambur Corporation park,26.1,Chennai
2021-11-02,2021,11,Sholinganallur,23.4,Chennai
2021-11-02,2021,11,Gov hr sec school MGR Nagar,22.8,Chennai
2021-11-02,2021,11,Anna university,21.6,Chennai
2021-11-02,2021,11,Alandur,15.6,Chennai
2021-11-03,2021,11,DGP Office,42.6,Chennai
2021-11-03,2021,11,Sholinganallur,42.0,Chennai
2021-11-03,2021,11,Alandur,38.0,Chennai
2021-11-03,2021,11,Gov hr sec school MGR Nagar,35.6,Chennai
2021-11-03,2021,11,Anna university,31.6,Chennai
2021-11-03,2021,11,CD Hospital Tondiarpet,26.4,Chennai
2021-11-03,2021,11,Chennai collectorate building,24.1,Chennai
2021-11-03,2021,11,Ayanavaram taluk office,24.0,Chennai
2021-11-03,2021,11,Chennai nungambakkam,14.9,Chennai
2021-11-03,2021,11,Perambur Corporation park,14.2,Chennai
2021-11-03,2021,11,Ambathur,13.0,Chennai
2021-11-04,2021,11,DGP Office,65.4,Chennai
2021-11-04,2021,11,Chennai collectorate building,47.2,Chennai
2021-11-04,2021,11,Ayanavaram taluk office,31.0,Chennai
2021-11-04,2021,11,Anna university,30.6,Chennai
2021-11-04,2021,11,Perambur Corporation park,29.3,Chennai
2021-11-04,2021,11,Gov hr sec school MGR Nagar,25.6,Chennai
2021-11-04,2021,11,CD Hospital Tondiarpet,25.2,Chennai
2021-11-04,2021,11,Ambathur,25.0,Chennai
2021-11-04,2021,11,Sholinganallur,14.0,Chennai
2021-11-04,2021,11,Chennai nungambakkam,13.0,Chennai
2021-11-04,2021,11,Alandur,10.7,Chennai
2021-11-05,2021,11,Perambur Corporation park,11.4,Chennai
2021-11-05,2021,11,Gov hr sec school MGR Nagar,9.8,Chennai
2021-11-05,2021,11,Anna university,8.1,Chennai
2021-11-05,2021,11,Ayanavaram taluk office,8.0,Chennai
2021-11-05,2021,11,Ambathur,8.0,Chennai
2021-11-05,2021,11,CD Hospital Tondiarpet,7.2,Chennai
2021-11-05,2021,11,DGP Office,6.4,Chennai
2021-11-05,2021,11,Chennai collectorate building,6.2,Chennai
2021-11-05,2021,11,Sholinganallur,4.2,Chennai
2021-11-05,2021,11,Alandur,1.3,Chennai
2021-11-05,2021,11,Chennai nungambakkam,1.0,Chennai
2021-11-06,2021,11,Alandur,34.2,Chennai
2021-11-06,2021,11,Perambur Corporation park,22.1,Chennai
2021-11-06,2021,11,Gov hr sec school MGR Nagar,19.4,Chennai
2021-11-06,2021,11,Chennai nungambakkam,18.4,Chennai
2021-11-06,2021,11,Anna university,14.2,Chennai
2021-11-06,2021,11,Ayanavaram taluk office,14.0,Chennai
2021-11-06,2021,11,CD Hospital Tondiarpet,12.4,Chennai
2021-11-06,2021,11,DGP Office,11.6,Chennai
2021-11-06,2021,11,Chennai collectorate building,10.2,Chennai
2021-11-06,2021,11,Sholinganallur,6.0,Chennai
2021-11-06,2021,11,Ambathur,5.0,Chennai
2021-11-07,2021,11,DGP Office,226.8,Chennai
2021-11-07,2021,11,Ambathur,205.0,Chennai
2021-11-07,2021,11,Ayanavaram taluk office,184.0,Chennai
2021-11-07,2021,11,Chennai nungambakkam,158.9,Chennai
2021-11-07,2021,11,Perambur Corporation park,140.3,Chennai
2021-11-07,2021,11,CD Hospital Tondiarpet,130.3,Chennai
2021-11-07,2021,11,Anna university,126.5,Chennai
2021-11-07,2021,11,Gov hr sec school MGR Nagar,112.6,Chennai
2021-11-07,2021,11,Chennai collectorate building,72.2,Chennai
2021-11-07,2021,11,Alandur,68.6,Chennai
2021-11-07,2021,11,Sholinganallur,52.0,Chennai
2021-11-08,2021,11,Zone 05 Royapuram,182.8,Chennai
2021-11-08,2021,11,Zone 05 GCC,171.0,Chennai
2021-11-08,2021,11,Zone 09 Teynampet,166.6,Chennai
2021-11-08,2021,11,Zone 04 Tondiarpet,157.8,Chennai
2021-11-08,2021,11,Zone 06 D65 Kolathur,154.6,Chennai
2021-11-08,2021,11,Zone 06 T.V.K Nagar,154.6,Chennai
2021-11-08,2021,11,Zone 08 Malar colony,144.0,Chennai
2021-11-08,2021,11,Perambur Corporation park,137.4,Chennai
2021-11-08,2021,11,Zone 10 Kodambakkam,136.2,Chennai
2021-11-08,2021,11,Zone 08 Anna Nagar,133.4,Chennai
2021-11-08,2021,11,Zone 03 Madhavaram,124.8,Chennai
2021-11-08,2021,11,Zone 09 Ice House,123.2,Chennai
2021-11-08,2021,11,Zone 07 U18 D81 Vanagaram,122.6,Chennai
2021-11-08,2021,11,Zone 13 Adyar,115.4,Chennai
2021-11-08,2021,11,Zone 13 U39 Adyar,111.8,Chennai
2021-11-08,2021,11,Zone 02 Manali,110.4,Chennai
2021-11-08,2021,11,Zone 14 U41 Perungudi,109.8,Chennai
2021-11-08,2021,11,Zone 12 Alandhur,105.6,Chennai
2021-11-08,2021,11,CD Hospital Tondiarpet,103.0,Chennai
2021-11-08,2021,11,Zone 03 Puzhal,103.0,Chennai
2021-11-08,2021,11,Zone 02 D15 Manali,102.6,Chennai
2021-11-08,2021,11,Zone 12 Meenambakkam,98.0,Chennai
2021-11-08,2021,11,Zone 14 Perungudi,98.0,Chennai
2021-11-08,2021,11,Ayanavaram taluk office,94.0,Chennai
2021-11-08,2021,11,Zone 11 U32 Maduravoyal,89.8,Chennai
2021-11-08,2021,11,Ambathur,88.0,Chennai
2021-11-08,2021,11,Chennai collectorate building,86.4,Chennai
2021-11-08,2021,11,Zone 11 Valasaravakkam,85.0,Chennai
2021-11-08,2021,11,Zone 12 D156 Mugalivakkam,80.0,Chennai
2021-11-08,2021,11,Zone 01 Kathivakkam,76.6,Chennai
2021-11-08,2021,11,DGP Office,76.4,Chennai
2021-11-08,2021,11,Gov hr sec school MGR Nagar,69.8,Chennai
2021-11-08,2021,11,Anna university,65.4,Chennai
2021-11-08,2021,11,Chennai nungambakkam,63.8,Chennai
2021-11-08,2021,11,Zone 15 Uthandi,60.0,Chennai
2021-11-08,2021,11,Zone 15 Sholinganallur,55.8,Chennai
2021-11-08,2021,11,Zone 07 Ambattur,45.6,Chennai
2021-11-08,2021,11,Sholinganallur,44.0,Chennai
2021-11-08,2021,11,Alandur,42.2,Chennai
2021-11-08,2021,11,Zone 01 Thiruvottiyur,4.0,Chennai
2021-11-08,2021,11,Zone 13 Adyar Eco Park,0.4,Chennai
2021-11-09,2021,11,Perambur Corporation park,63.2,Chennai
2021-11-09,2021,11,Chennai collectorate building,59.2,Chennai
2021-11-09,2021,11,CD Hospital Tondiarpet,58.6,Chennai
2021-11-09,2021,11,Gov hr sec school MGR Nagar,49.6,Chennai
2021-11-09,2021,11,Chennai nungambakkam,48.5,Chennai
2021-11-09,2021,11,Ayanavaram taluk office,48.2,Chennai
2021-11-09,2021,11,Anna university,45.2,Chennai
2021-11-09,2021,11,DGP Office,45.2,Chennai
2021-11-09,2021,11,Sholinganallur,40.2,Chennai
2021-11-09,2021,11,Zone 15 Uthandi,37.4,Chennai
2021-11-09,2021,11,Alandur,36.2,Chennai
2021-11-09,2021,11,Zone 04 Tondiarpet,31.2,Chennai
2021-11-09,2021,11,Zone 05 Royapuram,28.2,Chennai
2021-11-09,2021,11,Zone 15 Sholinganallur,27.6,Chennai
2021-11-09,2021,11,Ambathur,27.0,Chennai
2021-11-09,2021,11,Zone 10 Kodambakkam,25.6,Chennai
2021-11-09,2021,11,Zone 09 Teynampet,25.4,Chennai
2021-11-09,2021,11,Zone 08 Anna Nagar,25.2,Chennai
2021-11-09,2021,11,Zone 12 D156 Mugalivakkam,24.0,Chennai
2021-11-09,2021,11,Zone 12 Alandhur,22.2,Chennai
2021-11-09,2021,11,Zone 12 Meenambakkam,21.6,Chennai
2021-11-09,2021,11,Zone 14 Perungudi,21.6,Chennai
2021-11-09,2021,11,Zone 11 Valasaravakkam,21.0,Chennai
2021-11-09,2021,11,Zone 09 Ice House,20.8,Chennai
2021-11-09,2021,11,Zone 08 Malar colony,18.6,Chennai
2021-11-09,2021,11,Zone 02 Manali,18.0,Chennai
2021-11-09,2021,11,Zone 13 U39 Adyar,17.4,Chennai
2021-11-09,2021,11,Zone 06 D65 Kolathur,17.0,Chennai
2021-11-09,2021,11,Zone 06 T.V.K Nagar,17.0,Chennai
2021-11-09,2021,11,Zone 14 U41 Perungudi,16.8,Chennai
2021-11-09,2021,11,Zone 13 Adyar,16.0,Chennai
2021-11-09,2021,11,Zone 02 D15 Manali,15.8,Chennai
2021-11-09,2021,11,Zone 11 U32 Maduravoyal,15.0,Chennai
2021-11-09,2021,11,Zone 01 Kathivakkam,14.6,Chennai
2021-11-09,2021,11,Zone 03 Madhavaram,12.6,Chennai
2021-11-09,2021,11,Zone 03 Puzhal,11.6,Chennai
2021-11-09,2021,11,Zone 07 Ambattur,5.4,Chennai
2021-11-09,2021,11,Zone 01 Thiruvottiyur,4.4,Chennai
2021-11-10,2021,11,DGP Office,32.6,Chennai
2021-11-10,2021,11,CD Hospital Tondiarpet,20.2,Chennai
2021-11-10,2021,11,Anna university,18.2,Chennai
2021-11-10,2021,11,Chennai collectorate building,18.2,Chennai
2021-11-10,2021,11,Gov hr sec school MGR Nagar,15.6,Chennai
2021-11-10,2021,11,Ayanavaram taluk office,15.0,Chennai
2021-11-10,2021,11,Chennai nungambakkam,14.7,Chennai
2021-11-10,2021,11,Perambur Corporation park,12.4,Chennai
2021-11-10,2021,11,Sholinganallur,12.2,Chennai
2021-11-10,2021,11,Ambathur,9.2,Chennai
2021-11-10,2021,11,Alandur,5.8,Chennai
2021-11-11,2021,11,DGP Office,157.0,Chennai
2021-11-11,2021,11,Perambur Corporation park,156.5,Chennai
2021-11-11,2021,11,Ambathur,148.8,Chennai
2021-11-11,2021,11,Gov hr sec school MGR Nagar,145.2,Chennai
2021-11-11,2021,11,Ayanavaram taluk office,144.0,Chennai
2021-11-11,2021,11,Anna university,139.2,Chennai
2021-11-11,2021,11,Chennai nungambakkam,138.4,Chennai
2021-11-11,2021,11,Chennai collectorate building,134.4,Chennai
2021-11-11,2021,11,Alandur,121.0,Chennai
2021-11-11,2021,11,CD Hospital Tondiarpet,119.7,Chennai
2021-11-11,2021,11,Sholinganallur,81.0,Chennai
2021-11-12,2021,11,DGP Office,82.8,Chennai
2021-11-12,2021,11,Chennai collectorate building,66.4,Chennai
2021-11-12,2021,11,Ayanavaram taluk office,66.0,Chennai
2021-11-12,2021,11,Gov hr sec school MGR Nagar,65.8,Chennai
2021-11-12,2021,11,Chennai nungambakkam,63.3,Chennai
2021-11-12,2021,11,Alandur,57.9,Chennai
2021-11-12,2021,11,CD Hospital Tondiarpet,55.2,Chennai
2021-11-12,2021,11,Anna university,54.8,Chennai
2021-11-12,2021,11,Perambur Corporation park,54.4,Chennai
2021-11-12,2021,11,Ambathur,48.5,Chennai
2021-11-12,2021,11,Sholinganallur,41.4,Chennai
2021-11-12,2021,11,Zone 01 Thiruvottiyur,14.4,Chennai
2021-11-13,2021,11,Perambur Corporation park,12.5,Chennai
2021-11-13,2021,11,Chennai collectorate building,7.2,Chennai
2021-11-13,2021,11,DGP Office,6.2,Chennai
2021-11-13,2021,11,Ayanavaram taluk office,6.0,Chennai
2021-11-13,2021,11,Anna university,4.8,Chennai
2021-11-13,2021,11,Gov hr sec school MGR Nagar,3.8,Chennai
2021-11-13,2021,11,Chennai nungambakkam,2.2,Chennai
2021-11-13,2021,11,Sholinganallur,2.2,Chennai
2021-11-13,2021,11,CD Hospital Tondiarpet,2.0,Chennai
2021-11-13,2021,11,Ambathur,1.0,Chennai
2021-11-14,2021,11,Perambur Corporation park,3.2,Chennai
2021-11-14,2021,11,Ambathur,1.0,Chennai
2021-11-14,2021,11,Alandur,0.5,Chennai
2021-11-14,2021,11,Anna university,0.3,Chennai
2021-11-14,2021,11,Gov hr sec school MGR Nagar,0.2,Chennai
2021-11-16,2021,11,Ambathur,14.0,Chennai
2021-11-16,2021,11,Alandur,0.4,Chennai
2021-11-16,2021,11,Gov hr sec school MGR Nagar,0.2,Chennai
2021-11-16,2021,11,Chennai nungambakkam,0.1,Chennai
2021-11-17,2021,11,Chennai nungambakkam,3.5,Chennai
2021-11-17,2021,11,Alandur,0.3,Chennai
2021-11-18,2021,11,Ambathur,38.0,Chennai
2021-11-18,2021,11,DGP Office,32.6,Chennai
2021-11-18,2021,11,Chennai nungambakkam,32.0,Chennai
2021-11-18,2021,11,Ezhilgam,27.8,Chennai
2021-11-18,2021,11,Gov hr sec school MGR Nagar,25.6,Chennai
2021-11-18,2021,11,Perambur Corporation park,25.0,Chennai
2021-11-18,2021,11,Alandur,23.6,Chennai
2021-11-18,2021,11,Anna university,22.9,Chennai
2021-11-18,2021,11,Ayanavaram taluk office,17.2,Chennai
2021-11-18,2021,11,CD Hospital Tondiarpet,14.3,Chennai
2021-11-18,2021,11,Chennai collectorate building,12.7,Chennai
2021-11-18,2021,11,Sholinganallur,7.6,Chennai
2021-11-19,2021,11,Ambathur,67.0,Chennai
2021-11-19,2021,11,Chennai nungambakkam,57.5,Chennai
2021-11-19,2021,11,Perambur Corporation park,56.5,Chennai
2021-11-19,2021,11,DGP Office,52.8,Chennai
2021-11-19,2021,11,Alandur,49.8,Chennai
2021-11-19,2021,11,Ayanavaram taluk office,46.1,Chennai
2021-11-19,2021,11,Gov hr sec school MGR Nagar,45.2,Chennai
2021-11-19,2021,11,CD Hospital Tondiarpet,41.6,Chennai
2021-11-19,2021,11,Anna university,39.7,Chennai
2021-11-19,2021,11,Chennai collectorate building,36.7,Chennai
2021-11-19,2021,11,Sholinganallur,20.8,Chennai
2021-11-19,2021,11,Ezhilgam,19.36,Chennai
2021-11-20,2021,11,Zone 08 Malar colony,38.8,Chennai
2021-11-20,2021,11,Zone 13 Adyar Eco Park,33.0,Chennai
2021-11-20,2021,11,Zone 07 Ambattur,28.2,Chennai
2021-11-20,2021,11,Alandur,24.0,Chennai
2021-11-20,2021,11,Zone 12 Meenambakkam,22.0,Chennai
2021-11-20,2021,11,Zone 14 Perungudi,22.0,Chennai
2021-11-20,2021,11,Zone 02 D15 Manali,22.0,Chennai
2021-11-20,2021,11,Zone 07 U18 D81 Vanagaram,21.8,Chennai
2021-11-20,2021,11,Gov hr sec school MGR Nagar,19.0,Chennai
2021-11-20,2021,11,Zone 04 Tondiarpet,17.2,Chennai
2021-11-20,2021,11,Zone 01 Kathivakkam,16.8,Chennai
2021-11-20,2021,11,Anna university,16.4,Chennai
2021-11-20,2021,11,Zone 06 D65 Kolathur,16.2,Chennai
2021-11-20,2021,11,Zone 06 T.V.K Nagar,16.2,Chennai
2021-11-20,2021,11,Zone 03 Puzhal,15.8,Chennai
2021-11-20,2021,11,Zone 05 Royapuram,12.8,Chennai
2021-11-20,2021,11,Zone 01 Thiruvottiyur,12.6,Chennai
2021-11-20,2021,11,Zone 02 Manali,12.4,Chennai
2021-11-20,2021,11,Zone 08 Anna Nagar,12.2,Chennai
2021-11-20,2021,11,Zone 11 U32 Maduravoyal,12.2,Chennai
2021-11-20,2021,11,Zone 03 Madhavaram,12.0,Chennai
2021-11-20,2021,11,Ayanavaram taluk office,11.0,Chennai
2021-11-20,2021,11,Zone 09 Teynampet,10.4,Chennai
2021-11-20,2021,11,Zone 10 Kodambakkam,10.0,Chennai
2021-11-20,2021,11,DGP Office,9.4,Chennai
2021-11-20,2021,11,Zone 09 Ice House,9.2,Chennai
2021-11-20,2021,11,Zone 12 Alandhur,8.6,Chennai
2021-11-20,2021,11,CD Hospital Tondiarpet,8.2,Chennai
2021-11-20,2021,11,Zone 12 D156 Mugalivakkam,7.2,Chennai
2021-11-20,2021,11,Chennai nungambakkam,7.2,Chennai
2021-11-20,2021,11,Zone 13 U39 Adyar,6.6,Chennai
2021-11-20,2021,11,Perambur Corporation park,6.3,Chennai
2021-11-20,2021,11,Zone 13 Adyar,6.2,Chennai
2021-11-20,2021,11,Ambathur,6.0,Chennai
2021-11-20,2021,11,Zone 15 Sholinganallur,4.8,Chennai
2021-11-20,2021,11,Zone 15 Uthandi,4.8,Chennai
2021-11-20,2021,11,Zone 11 Valasaravakkam,3.0,Chennai
2021-11-20,2021,11,Chennai collectorate building,3.0,Chennai
2021-11-20,2021,11,Zone 14 U41 Perungudi,2.4,Chennai
2021-11-20,2021,11,Sholinganallur,2.2,Chennai
2021-11-20,2021,11,Ezhilgam,1.16,Chennai
2021-11-21,2021,11,Ambathur,7.0,Chennai
2021-11-21,2021,11,CD Hospital Tondiarpet,6.2,Chennai
2021-11-21,2021,11,Ezhilgam,5.83,Chennai
2021-11-21,2021,11,Gov hr sec school MGR Nagar,4.8,Chennai
2021-11-21,2021,11,Chennai collectorate building,4.2,Chennai
2021-11-21,2021,11,DGP Office,4.2,Chennai
2021-11-21,2021,11,Anna university,3.6,Chennai
2021-11-21,2021,11,Ayanavaram taluk office,3.0,Chennai
2021-11-21,2021,11,Chennai nungambakkam,2.2,Chennai
2021-11-21,2021,11,Alandur,2.2,Chennai
2021-11-21,2021,11,Sholinganallur,2.0,Chennai
2021-11-22,2021,11,Gov hr sec school MGR Nagar,18.8,Chennai
2021-11-22,2021,11,Chennai nungambakkam,16.0,Chennai
2021-11-22,2021,11,Ambathur,9.0,Chennai
2021-11-22,2021,11,Perambur Corporation park,8.3,Chennai
2021-11-22,2021,11,DGP Office,6.2,Chennai
2021-11-22,2021,11,CD Hospital Tondiarpet,4.3,Chennai
2021-11-22,2021,11,Ayanavaram taluk office,4.2,Chennai
2021-11-22,2021,11,Ezhilgam,4.2,Chennai
2021-11-22,2021,11,Anna university,3.3,Chennai
2021-11-22,2021,11,Alandur,2.5,Chennai
2021-11-22,2021,11,Chennai collectorate building,0.2,Chennai
2021-11-23,2021,11,DGP Office,42.6,Chennai
2021-11-23,2021,11,Ezhilgam,37.13,Chennai
2021-11-23,2021,11,Ayanavaram taluk office,27.0,Chennai
2021-11-23,2021,11,CD Hospital Tondiarpet,26.4,Chennai
2021-11-23,2021,11,Ambathur,22.0,Chennai
2021-11-23,2021,11,Chennai nungambakkam,21.4,Chennai
2021-11-23,2021,11,Perambur Corporation park,21.2,Chennai
2021-11-23,2021,11,Chennai collectorate building,21.0,Chennai
2021-11-23,2021,11,Gov hr sec school MGR Nagar,20.6,Chennai
2021-11-23,2021,11,Anna university,17.5,Chennai
2021-11-23,2021,11,Alandur,8.6,Chennai
2021-11-23,2021,11,Sholinganallur,4.0,Chennai
2021-11-25,2021,11,Sholinganallur,2.0,Chennai
2021-11-25,2021,11,Ezhilgam,1.07,Chennai
2021-11-26,2021,11,Gov hr sec school MGR Nagar,65.4,Chennai
2021-11-26,2021,11,Alandur,62.3,Chennai
2021-11-26,2021,11,DGP Office,52.8,Chennai
2021-11-26,2021,11,Sholinganallur,52.4,Chennai
2021-11-26,2021,11,Anna university,45.6,Chennai
2021-11-26,2021,11,Chennai collectorate building,41.0,Chennai
2021-11-26,2021,11,Chennai nungambakkam,40.7,Chennai
2021-11-26,2021,11,CD Hospital Tondiarpet,38.4,Chennai
2021-11-26,2021,11,Perambur Corporation park,33.4,Chennai
2021-11-26,2021,11,Ayanavaram taluk office,32.4,Chennai
2021-11-26,2021,11,Ezhilgam,26.6,Chennai
2021-11-26,2021,11,Ambathur,15.2,Chennai
2021-11-27,2021,11,Ambathur,117.0,Chennai
2021-11-27,2021,11,Perambur Corporation park,100.5,Chennai
2021-11-27,2021,11,Ayanavaram taluk office,98.5,Chennai
2021-11-27,2021,11,Ezhilgam,97.61,Chennai
2021-11-27,2021,11,DGP Office,96.8,Chennai
2021-11-27,2021,11,Gov hr sec school MGR Nagar,81.2,Chennai
2021-11-27,2021,11,Alandur,76.0,Chennai
2021-11-27,2021,11,Chennai collectorate building,74.4,Chennai
2021-11-27,2021,11,Anna university,72.7,Chennai
2021-11-27,2021,11,Chennai nungambakkam,67.0,Chennai
2021-11-27,2021,11,CD Hospital Tondiarpet,61.1,Chennai
2021-11-27,2021,11,Sholinganallur,34.6,Chennai
2021-11-28,2021,11,CD Hospital Tondiarpet,48.8,Chennai
2021-11-28,2021,11,Anna university,47.7,Chennai
2021-11-28,2021,11,Alandur,44.9,Chennai
2021-11-28,2021,11,Perambur Corporation park,43.5,Chennai
2021-11-28,2021,11,DGP Office,42.8,Chennai
2021-11-28,2021,11,Gov hr sec school MGR Nagar,42.2,Chennai
2021-11-28,2021,11,Ezhilgam,42.04,Chennai
2021-11-28,2021,11,Chennai collectorate building,41.8,Chennai
2021-11-28,2021,11,Ayanavaram taluk office,37.0,Chennai
2021-11-28,2021,11,Chennai nungambakkam,34.8,Chennai
2021-11-28,2021,11,Sholinganallur,29.6,Chennai
2021-11-28,2021,11,Ambathur,25.9,Chennai
2021-11-29,2021,11,Alandur,43.3,Chennai
2021-11-29,2021,11,Perambur Corporation park,28.9,Chennai
2021-11-29,2021,11,DGP Office,28.1,Chennai
2021-11-29,2021,11,Anna university,26.2,Chennai
2021-11-29,2021,11,Sholinganallur,25.8,Chennai
2021-11-29,2021,11,Chennai collectorate building,24.0,Chennai
2021-11-29,2021,11,Chennai nungambakkam,22.2,Chennai
2021-11-29,2021,11,Ayanavaram taluk office,20.6,Chennai
2021-11-29,2021,11,Ambathur,19.6,Chennai
2021-11-29,2021,11,Gov hr sec school MGR Nagar,19.4,Chennai
2021-11-29,2021,11,Ezhilgam,13.98,Chennai
2021-11-29,2021,11,CD Hospital Tondiarpet,13.9,Chennai
2021-11-30,2021,11,Gov hr sec school MGR Nagar,47.2,Chennai
2021-11-30,2021,11,Ayanavaram taluk office,27.6,Chennai
2021-11-30,2021,11,Ambathur,27.0,Chennai
2021-11-30,2021,11,Chennai nungambakkam,21.1,Chennai
2021-11-30,2021,11,Alandur,20.5,Chennai
2021-11-30,2021,11,Perambur Corporation park,20.1,Chennai
2021-11-30,2021,11,Anna university,18.9,Chennai
2021-11-30,2021,11,DGP Office,18.2,Chennai
2021-11-30,2021,11,Chennai collectorate building,17.3,Chennai
2021-11-30,2021,11,CD Hospital Tondiarpet,13.7,Chennai
2021-11-30,2021,11,Sholinganallur,11.4,Chennai
2021-11-30,2021,11,Ezhilgam,5.4,Chennai
2021-12-01,2021,12,Ambathur,23.0,Chennai
2021-12-01,2021,12,Ayanavaram taluk office,10.7,Chennai
2021-12-01,2021,12,Perambur Corporation park,7.4,Chennai
2021-12-01,2021,12,Gov hr sec school MGR Nagar,7.0,Chennai
2021-12-01,2021,12,DGP Office,5.6,Chennai
2021-12-01,2021,12,CD Hospital Tondiarpet,4.5,Chennai
2021-12-01,2021,12,Alandur,3.4,Chennai
2021-12-01,2021,12,Anna university,3.1,Chennai
2021-12-01,2021,12,Chennai collectorate building,3.0,Chennai
2021-12-01,2021,12,Chennai nungambakkam,2.8,Chennai
2021-12-01,2021,12,Ezhilgam,1.8,Chennai
2021-12-07,2021,12,Chennai nungambakkam,1.7,Chennai
2021-12-07,2021,12,Chennai collectorate building,1.6,Chennai
2021-12-07,2021,12,Anna university,1.0,Chennai
2021-12-07,2021,12,DGP Office,0.8,Chennai
2021-12-07,2021,12,Gov hr sec school MGR Nagar,0.4,Chennai
2021-12-09,2021,12,Gov hr sec school MGR Nagar,1.2,Chennai
2021-12-09,2021,12,Ayanavaram taluk office,0.2,Chennai
2021-12-10,2021,12,Ambathur,1.6,Chennai
2021-12-11,2021,12,Gov hr sec school MGR Nagar,6.8,Chennai
2021-12-11,2021,12,Perambur Corporation park,4.2,Chennai
2021-12-11,2021,12,Chennai nungambakkam,2.9,Chennai
2021-12-11,2021,12,DGP Office,2.2,Chennai
2021-12-11,2021,12,Ezhilgam,1.8,Chennai
2021-12-11,2021,12,CD Hospital Tondiarpet,1.4,Chennai
2021-12-11,2021,12,Anna university,1.0,Chennai
2021-12-11,2021,12,Ambathur,1.0,Chennai
2021-12-11,2021,12,Chennai collectorate building,0.8,Chennai
2021-12-11,2021,12,Sholinganallur,0.6,Chennai
2021-12-11,2021,12,Alandur,0.5,Chennai
2021-12-12,2021,12,Perambur Corporation park,2.3,Chennai
2021-12-12,2021,12,DGP Office,1.2,Chennai
2021-12-12,2021,12,CD Hospital Tondiarpet,1.0,Chennai
2021-12-12,2021,12,Chennai collectorate building,1.0,Chennai
2021-12-12,2021,12,Chennai nungambakkam,1.0,Chennai
2021-12-12,2021,12,Ezhilgam,0.6,Chennai
2021-12-12,2021,12,Ayanavaram taluk office,0.2,Chennai
2021-12-12,2021,12,Gov hr sec school MGR Nagar,0.2,Chennai
2021-12-13,2021,12,DGP Office,33.8,Chennai
2021-12-13,2021,12,Anna university,30.3,Chennai
2021-12-13,2021,12,Sholinganallur,30.0,Chennai
2021-12-13,2021,12,Gov hr sec school MGR Nagar,26.8,Chennai
2021-12-13,2021,12,Ezhilgam,22.4,Chennai
2021-12-13,2021,12,Alandur,20.9,Chennai
2021-12-13,2021,12,Chennai nungambakkam,11.3,Chennai
2021-12-13,2021,12,Perambur Corporation park,6.2,Chennai
2021-12-13,2021,12,Ayanavaram taluk office,6.0,Chennai
2021-12-13,2021,12,Chennai collectorate building,5.0,Chennai
2021-12-13,2021,12,CD Hospital Tondiarpet,4.3,Chennai
2021-12-13,2021,12,Ambathur,2.2,Chennai
2021-12-14,2021,12,Gov hr sec school MGR Nagar,4.6,Chennai
2021-12-14,2021,12,Ayanavaram taluk office,2.0,Chennai
2021-12-14,2021,12,Chennai collectorate building,2.0,Chennai
2021-12-14,2021,12,Anna university,1.2,Chennai
2021-12-14,2021,12,Sholinganallur,1.2,Chennai
2021-12-14,2021,12,Alandur,0.3,Chennai
2021-12-29,2021,12,Chennai nungambakkam,0.9,Chennai
2021-12-29,2021,12,Chennai collectorate building,0.6,Chennai
2021-12-29,2021,12,Gov hr sec school MGR Nagar,0.6,Chennai
2021-12-29,2021,12,Sholinganallur,0.6,Chennai
2021-12-29,2021,12,CD Hospital Tondiarpet,0.5,Chennai
2021-12-31,2021,12,DGP Office,237.1,Chennai
2021-12-31,2021,12,Chennai nungambakkam,205.8,Chennai
2021-12-31,2021,12,Gov hr sec school MGR Nagar,197.4,Chennai
2021-12-31,2021,12,Chennai collectorate building,196.6,Chennai
2021-12-31,2021,12,Ambathur,196.0,Chennai
2021-12-31,2021,12,CD Hospital Tondiarpet,190.4,Chennai
2021-12-31,2021,12,Anna university,189.7,Chennai
2021-12-31,2021,12,Ayanavaram taluk office,177.0,Chennai
2021-12-31,2021,12,Perambur Corporation park,155.0,Chennai
2021-12-31,2021,12,Alandur,154.0,Chennai
2021-12-31,2021,12,Sholinganallur,124.0,Chennai
2022-01-01,2022,1,Perambur Corporation park,66.8,Chennai
2022-01-01,2022,1,Ayanavaram taluk office,59.4,Chennai
2022-01-01,2022,1,CD Hospital Tondiarpet,53.0,Chennai
2022-01-01,2022,1,Ambathur,53.0,Chennai
2022-01-01,2022,1,Chennai collectorate building,46.9,Chennai
2022-01-01,2022,1,DGP Office,44.7,Chennai
2022-01-01,2022,1,Chennai nungambakkam,41.0,Chennai
2022-01-01,2022,1,Anna university,35.5,Chennai
2022-01-01,2022,1,Gov hr sec school MGR Nagar,27.7,Chennai
2022-01-01,2022,1,Alandur,23.8,Chennai
2022-01-01,2022,1,Sholinganallur,12.2,Chennai
2022-01-02,2022,1,Anna university,6.5,Chennai
2022-01-02,2022,1,Chennai nungambakkam,5.2,Chennai
2022-01-02,2022,1,Gov hr sec school MGR Nagar,4.8,Chennai
2022-01-02,2022,1,DGP Office,4.6,Chennai
2022-01-02,2022,1,Ambathur,3.0,Chennai
2022-01-02,2022,1,Chennai collectorate building,1.8,Chennai
2022-01-02,2022,1,Alandur,1.4,Chennai
2022-01-02,2022,1,CD Hospital Tondiarpet,0.5,Chennai
2022-01-09,2022,1,Gov hr sec school MGR Nagar,2.4,Chennai
2022-01-09,2022,1,Chennai nungambakkam,0.4,Chennai
2022-01-14,2022,1,Gov hr sec school MGR Nagar,3.2,Chennai
2022-01-14,2022,1,DGP Office,1.0,Chennai
2022-01-16,2022,1,Anna university,7.0,Chennai
2022-01-17,2022,1,Ambathur,57.0,Chennai
2022-01-17,2022,1,Anna university,8.6,Chennai
2022-01-17,2022,1,Alandur,5.4,Chennai
2022-01-17,2022,1,Gov hr sec school MGR Nagar,1.2,Chennai
2022-01-18,2022,1,Gov hr sec school MGR Nagar,33.8,Chennai
2022-01-18,2022,1,CD Hospital Tondiarpet,22.8,Chennai
2022-01-18,2022,1,Chennai nungambakkam,20.7,Chennai
2022-01-18,2022,1,Ayanavaram taluk office,17.6,Chennai
2022-01-18,2022,1,Chennai collectorate building,14.8,Chennai
2022-01-18,2022,1,Anna university,12.1,Chennai
2022-01-18,2022,1,Ambathur,12.0,Chennai
2022-01-18,2022,1,DGP Office,11.7,Chennai
2022-01-18,2022,1,Perambur Corporation park,7.5,Chennai
2022-01-18,2022,1,Alandur,6.8,Chennai
2022-01-18,2022,1,Sholinganallur,4.6,Chennai
2022-01-24,2022,1,Gov hr sec school MGR Nagar,4.8,Chennai
2022-01-25,2022,1,Anna university,1.8,Chennai
2022-05-10,2022,5,Zone 08 Anna Nagar,1.6,Chennai
2022-07-01,2022,7,Perambur Corporation park,67.2,Chennai
2022-07-01,2022,7,CD Hospital Tondiarpet,61.4,Chennai
2022-07-01,2022,7,Chennai collectorate building,53.4,Chennai
2022-07-01,2022,7,Ayanavaram taluk office,45.0,Chennai
2022-07-01,2022,7,Chennai nungambakkam,40.6,Chennai
2022-07-01,2022,7,Ambathur,35.0,Chennai
2022-07-01,2022,7,Anna university,18.0,Chennai
2022-07-01,2022,7,DGP Office,12.8,Chennai
2022-07-01,2022,7,Gov hr sec school MGR Nagar,7.0,Chennai
2022-07-01,2022,7,Sholinganallur,4.8,Chennai
2022-07-01,2022,7,Alandur,4.6,Chennai
2022-07-02,2022,7,Ambathur,3.0,Chennai
2022-07-04,2022,7,Alandur,7.8,Chennai
2022-07-04,2022,7,Perambur Corporation park,7.4,Chennai
2022-07-04,2022,7,Gov hr sec school MGR Nagar,7.0,Chennai
2022-07-04,2022,7,Ayanavaram taluk office,5.0,Chennai
2022-07-04,2022,7,Anna university,4.1,Chennai
2022-07-04,2022,7,DGP Office,2.4,Chennai
2022-07-04,2022,7,Chennai nungambakkam,2.1,Chennai
2022-07-04,2022,7,Sholinganallur,2.1,Chennai
2022-07-04,2022,7,Ambathur,1.2,Chennai
2022-07-06,2022,7,DGP Office,8.6,Chennai
2022-07-06,2022,7,Gov hr sec school MGR Nagar,8.0,Chennai
2022-07-06,2022,7,Ambathur,8.0,Chennai
2022-07-06,2022,7,Alandur,6.8,Chennai
2022-07-06,2022,7,Anna university,6.1,Chennai
2022-07-06,2022,7,Ayanavaram taluk office,6.0,Chennai
2022-07-06,2022,7,CD Hospital Tondiarpet,5.1,Chennai
2022-07-06,2022,7,Chennai collectorate building,4.2,Chennai
2022-07-06,2022,7,Sholinganallur,4.2,Chennai
2022-07-06,2022,7,Perambur Corporation park,3.3,Chennai
2022-07-06,2022,7,Chennai nungambakkam,3.1,Chennai
2022-07-07,2022,7,CD Hospital Tondiarpet,49.5,Chennai
2022-07-07,2022,7,Chennai collectorate building,47.3,Chennai
2022-07-07,2022,7,Perambur Corporation park,35.3,Chennai
2022-07-07,2022,7,Ambathur,18.0,Chennai
2022-07-07,2022,7,Alandur,14.8,Chennai
2022-07-07,2022,7,Chennai nungambakkam,11.9,Chennai
2022-07-07,2022,7,Anna university,10.2,Chennai
2022-07-07,2022,7,Ayanavaram taluk office,8.0,Chennai
2022-07-07,2022,7,DGP Office,6.2,Chennai
2022-07-07,2022,7,Sholinganallur,5.2,Chennai
2022-07-07,2022,7,Gov hr sec school MGR Nagar,5.0,Chennai
2022-07-08,2022,7,DGP Office,4.6,Chennai
2022-07-08,2022,7,Anna university,2.1,Chennai
2022-07-10,2022,7,CD Hospital Tondiarpet,2.6,Chennai
2022-07-10,2022,7,Ambathur,2.6,Chennai
2022-07-10,2022,7,Anna university,2.4,Chennai
2022-07-10,2022,7,Chennai collectorate building,2.2,Chennai
2022-07-10,2022,7,Perambur Corporation park,2.2,Chennai
2022-07-10,2022,7,Ayanavaram taluk office,2.0,Chennai
2022-07-10,2022,7,Chennai nungambakkam,1.3,Chennai
2022-07-10,2022,7,Sholinganallur,1.1,Chennai
2022-07-10,2022,7,Alandur,1.0,Chennai
2022-07-11,2022,7,Perambur Corporation park,15.3,Chennai
2022-07-11,2022,7,Ayanavaram taluk office,11.0,Chennai
2022-07-11,2022,7,CD Hospital Tondiarpet,9.1,Chennai
2022-07-11,2022,7,Chennai collectorate building,8.0,Chennai
2022-07-11,2022,7,Chennai nungambakkam,5.1,Chennai
2022-07-11,2022,7,Ambathur,3.0,Chennai
2022-07-11,2022,7,DGP Office,2.4,Chennai
2022-07-11,2022,7,Anna university,1.0,Chennai
2022-07-11,2022,7,Sholinganallur,1.0,Chennai
2022-07-11,2022,7,Alandur,0.4,Chennai
2022-07-12,2022,7,DGP Office,6.4,Chennai
2022-07-12,2022,7,Anna university,4.6,Chennai
2022-07-12,2022,7,Gov hr sec school MGR Nagar,4.0,Chennai
2022-07-12,2022,7,Alandur,3.8,Chennai
2022-07-12,2022,7,Sholinganallur,3.2,Chennai
2022-07-12,2022,7,Ambathur,3.0,Chennai
2022-07-12,2022,7,Perambur Corporation park,2.1,Chennai
2022-07-12,2022,7,Ayanavaram taluk office,2.0,Chennai
2022-07-12,2022,7,CD Hospital Tondiarpet,2.0,Chennai
2022-07-12,2022,7,Chennai collectorate building,1.6,Chennai
2022-07-12,2022,7,Chennai nungambakkam,0.5,Chennai
2022-07-13,2022,7,DGP Office,8.2,Chennai
2022-07-13,2022,7,Ambathur,6.0,Chennai
2022-07-13,2022,7,Chennai nungambakkam,5.7,Chennai
2022-07-13,2022,7,Anna university,5.2,Chennai
2022-07-13,2022,7,Alandur,5.0,Chennai
2022-07-13,2022,7,CD Hospital Tondiarpet,4.8,Chennai
2022-07-13,2022,7,Chennai collectorate building,4.2,Chennai
2022-07-13,2022,7,Sholinganallur,4.2,Chennai
2022-07-13,2022,7,Ayanavaram taluk office,4.0,Chennai
2022-07-13,2022,7,Gov hr sec school MGR Nagar,3.0,Chennai
2022-07-13,2022,7,Perambur Corporation park,2.4,Chennai
2022-07-14,2022,7,Chennai collectorate building,2.4,Chennai
2022-07-14,2022,7,Alandur,2.2,Chennai
2022-07-14,2022,7,CD Hospital Tondiarpet,2.1,Chennai
2022-07-14,2022,7,Perambur Corporation park,2.1,Chennai
2022-07-14,2022,7,Sholinganallur,2.0,Chennai
2022-07-14,2022,7,Ayanavaram taluk office,2.0,Chennai
2022-07-14,2022,7,Chennai nungambakkam,1.7,Chennai
2022-07-14,2022,7,Anna university,1.6,Chennai
2022-07-14,2022,7,Ambathur,1.0,Chennai
2022-07-17,2022,7,Ayanavaram taluk office,19.0,Chennai
2022-07-17,2022,7,Chennai nungambakkam,12.5,Chennai
2022-07-17,2022,7,Chennai collectorate building,11.2,Chennai
2022-07-17,2022,7,DGP Office,11.2,Chennai
2022-07-17,2022,7,Ambathur,11.0,Chennai
2022-07-17,2022,7,CD Hospital Tondiarpet,10.6,Chennai
2022-07-17,2022,7,Gov hr sec school MGR Nagar,9.9,Chennai
2022-07-17,2022,7,Perambur Corporation park,9.2,Chennai
2022-07-17,2022,7,Alandur,6.6,Chennai
2022-07-17,2022,7,Anna university,5.4,Chennai
2022-07-17,2022,7,Sholinganallur,3.2,Chennai
2022-07-18,2022,7,Gov hr sec school MGR Nagar,3.0,Chennai
2022-07-18,2022,7,Chennai nungambakkam,0.4,Chennai
2022-07-18,2022,7,Anna university,0.2,Chennai
2022-07-18,2022,7,Alandur,0.1,Chennai
2022-07-20,2022,7,Ambathur,9.0,Chennai
2022-07-20,2022,7,Chennai nungambakkam,4.2,Chennai
2022-07-20,2022,7,Perambur Corporation park,2.2,Chennai
2022-07-20,2022,7,Ayanavaram taluk office,2.0,Chennai
2022-07-20,2022,7,CD Hospital Tondiarpet,1.2,Chennai
2022-07-20,2022,7,Chennai collectorate building,0.8,Chennai
2022-07-20,2022,7,Alandur,0.4,Chennai
2022-07-21,2022,7,Ambathur,18.0,Chennai
2022-07-22,2022,7,Perambur Corporation park,54.3,Chennai
2022-07-22,2022,7,Ambathur,54.0,Chennai
2022-07-22,2022,7,CD Hospital Tondiarpet,43.2,Chennai
2022-07-22,2022,7,Chennai collectorate building,41.3,Chennai
2022-07-22,2022,7,Ayanavaram taluk office,28.0,Chennai
2022-07-22,2022,7,Chennai nungambakkam,8.6,Chennai
2022-07-22,2022,7,DGP Office,8.2,Chennai
2022-07-22,2022,7,Gov hr sec school MGR Nagar,2.0,Chennai
2022-07-22,2022,7,Anna university,1.8,Chennai
2022-07-22,2022,7,Alandur,1.3,Chennai
2022-07-22,2022,7,Sholinganallur,1.2,Chennai
2022-07-23,2022,7,Anna university,1.6,Chennai
2022-07-23,2022,7,Alandur,1.4,Chennai
2022-07-23,2022,7,Sholinganallur,1.2,Chennai
2022-07-24,2022,7,Ambathur,58.0,Chennai
2022-07-24,2022,7,Perambur Corporation park,20.2,Chennai
2022-07-24,2022,7,CD Hospital Tondiarpet,17.6,Chennai
2022-07-24,2022,7,Chennai collectorate building,15.1,Chennai
2022-07-24,2022,7,Ayanavaram taluk office,9.0,Chennai
2022-07-24,2022,7,Chennai nungambakkam,8.9,Chennai
2022-07-24,2022,7,Gov hr sec school MGR Nagar,8.4,Chennai
2022-07-24,2022,7,Alandur,6.8,Chennai
2022-07-24,2022,7,Anna university,6.4,Chennai
2022-07-24,2022,7,DGP Office,6.2,Chennai
2022-07-24,2022,7,Sholinganallur,5.2,Chennai
2022-08-04,2022,8,Gov hr sec school MGR Nagar,8.0,Chennai
2022-08-04,2022,8,DGP Office,6.8,Chennai
2022-08-04,2022,8,Alandur,3.8,Chennai
2022-08-04,2022,8,Ayanavaram taluk office,3.5,Chennai
2022-08-04,2022,8,Chennai nungambakkam,3.5,Chennai
2022-08-04,2022,8,Sholinganallur,3.4,Chennai
2022-08-04,2022,8,Anna university,3.2,Chennai
2022-08-04,2022,8,CD Hospital Tondiarpet,2.8,Chennai
2022-08-04,2022,8,Perambur Corporation park,2.1,Chennai
2022-08-04,2022,8,Chennai collectorate building,2.0,Chennai
2022-08-04,2022,8,Ambathur,2.0,Chennai
2022-08-05,2022,8,DGP Office,2.4,Chennai
2022-08-05,2022,8,Ambathur,1.5,Chennai
2022-08-05,2022,8,Alandur,0.1,Chennai
2022-08-17,2022,8,Alandur,18.8,Chennai
2022-08-17,2022,8,Perambur Corporation park,8.1,Chennai
2022-08-17,2022,8,Anna university,2.4,Chennai
2022-08-17,2022,8,Ayanavaram taluk office,2.0,Chennai
2022-08-17,2022,8,Sholinganallur,2.0,Chennai
2022-08-17,2022,8,Gov hr sec school MGR Nagar,1.2,Chennai
2022-08-17,2022,8,Ambathur,1.0,Chennai
2022-08-21,2022,8,Alandur,0.2,Chennai
2022-08-22,2022,8,Alandur,57.7,Chennai
2022-08-22,2022,8,DGP Office,47.6,Chennai
2022-08-22,2022,8,Ambathur,42.0,Chennai
2022-08-22,2022,8,Ayanavaram taluk office,31.0,Chennai
2022-08-22,2022,8,Chennai nungambakkam,30.2,Chennai
2022-08-22,2022,8,Gov hr sec school MGR Nagar,30.0,Chennai
2022-08-22,2022,8,Anna university,28.0,Chennai
2022-08-22,2022,8,Sholinganallur,24.2,Chennai
2022-08-22,2022,8,Perambur Corporation park,22.4,Chennai
2022-08-22,2022,8,CD Hospital Tondiarpet,17.3,Chennai
2022-08-22,2022,8,Chennai collectorate building,15.2,Chennai
2022-08-23,2022,8,Sholinganallur,8.2,Chennai
2022-08-23,2022,8,DGP Office,4.6,Chennai
2022-08-23,2022,8,Anna university,4.0,Chennai
2022-08-23,2022,8,Perambur Corporation park,3.4,Chennai
2022-08-23,2022,8,Alandur,2.8,Chennai
2022-08-23,2022,8,Ayanavaram taluk office,1.7,Chennai
2022-08-24,2022,8,Perambur Corporation park,54.0,Chennai
2022-08-24,2022,8,Chennai nungambakkam,48.2,Chennai
2022-08-24,2022,8,DGP Office,35.8,Chennai
2022-08-24,2022,8,Anna university,35.0,Chennai
2022-08-24,2022,8,Ayanavaram taluk office,35.0,Chennai
2022-08-24,2022,8,Gov hr sec school MGR Nagar,33.0,Chennai
2022-08-24,2022,8,Ambathur,23.0,Chennai
2022-08-24,2022,8,CD Hospital Tondiarpet,17.2,Chennai
2022-08-24,2022,8,Chennai collectorate building,16.3,Chennai
2022-08-24,2022,8,Alandur,2.7,Chennai
2022-08-24,2022,8,Sholinganallur,2.2,Chennai
2022-08-25,2022,8,Ayanavaram taluk office,2.0,Chennai
2022-08-26,2022,8,Gov hr sec school MGR Nagar,28.2,Chennai
2022-08-26,2022,8,Alandur,13.1,Chennai
2022-08-26,2022,8,Anna university,12.2,Chennai
2022-08-26,2022,8,Ayanavaram taluk office,7.0,Chennai
2022-08-26,2022,8,Ambathur,2.4,Chennai
2022-08-26,2022,8,Chennai nungambakkam,0.9,Chennai
2022-08-28,2022,8,Alandur,33.2,Chennai
2022-08-28,2022,8,Gov hr sec school MGR Nagar,4.2,Chennai
2022-08-28,2022,8,Sholinganallur,3.2,Chennai
2022-08-28,2022,8,Anna university,2.6,Chennai
2022-08-28,2022,8,Chennai nungambakkam,1.2,Chennai
2022-08-29,2022,8,Gov hr sec school MGR Nagar,5.1,Chennai
2022-08-29,2022,8,Alandur,3.0,Chennai
2022-08-29,2022,8,Ayanavaram taluk office,2.0,Chennai
2022-08-29,2022,8,CD Hospital Tondiarpet,1.2,Chennai
2022-08-29,2022,8,Chennai collectorate building,1.0,Chennai
2022-08-30,2022,8,Ambathur,4.0,Chennai
2022-09-01,2022,9,DGP Office,6.4,Chennai
2022-09-01,2022,9,Anna university,4.8,Chennai
2022-09-01,2022,9,Sholinganallur,3.2,Chennai
2022-09-01,2022,9,Chennai nungambakkam,2.8,Chennai
2022-09-01,2022,9,CD Hospital Tondiarpet,1.0,Chennai
2022-09-01,2022,9,Alandur,1.0,Chennai
2022-09-01,2022,9,Chennai collectorate building,0.6,Chennai
2022-09-02,2022,9,CD Hospital Tondiarpet,42.4,Chennai
2022-09-02,2022,9,Chennai collectorate building,40.1,Chennai
2022-09-02,2022,9,Perambur Corporation park,38.2,Chennai
2022-09-02,2022,9,Ayanavaram taluk office,38.0,Chennai
2022-09-02,2022,9,Chennai nungambakkam,33.4,Chennai
2022-09-02,2022,9,Anna university,26.4,Chennai
2022-09-02,2022,9,DGP Office,22.6,Chennai
2022-09-02,2022,9,Alandur,19.0,Chennai
2022-09-02,2022,9,Gov hr sec school MGR Nagar,11.0,Chennai
2022-09-02,2022,9,Sholinganallur,10.2,Chennai
2022-09-02,2022,9,Ambathur,9.0,Chennai
2022-09-08,2022,9,Alandur,0.3,Chennai
2022-09-08,2022,9,Anna university,0.2,Chennai
2022-09-09,2022,9,DGP Office,2.7,Chennai
2022-09-09,2022,9,Chennai nungambakkam,0.7,Chennai
2022-09-17,2022,9,Ambathur,13.0,Chennai
2022-09-20,2022,9,Chennai nungambakkam,21.0,Chennai
2022-09-20,2022,9,Perambur Corporation park,10.1,Chennai
2022-09-20,2022,9,DGP Office,6.4,Chennai
2022-09-20,2022,9,Anna university,2.4,Chennai
2022-09-20,2022,9,Ayanavaram taluk office,2.0,Chennai
2022-09-20,2022,9,CD Hospital Tondiarpet,1.8,Chennai
2022-09-20,2022,9,Ambathur,1.5,Chennai
2022-09-20,2022,9,Chennai collectorate building,1.0,Chennai
2022-09-20,2022,9,Zone 02 Manali,0.8,Chennai
2022-09-25,2022,9,Chennai nungambakkam,1.9,Chennai
2022-09-27,2022,9,Ayanavaram taluk office,42.0,Chennai
2022-09-27,2022,9,Anna university,35.4,Chennai
2022-09-27,2022,9,Chennai nungambakkam,31.6,Chennai
2022-09-27,2022,9,Perambur Corporation park,30.3,Chennai
2022-09-27,2022,9,Chennai collectorate building,20.3,Chennai
2022-09-27,2022,9,CD Hospital Tondiarpet,19.1,Chennai
2022-09-27,2022,9,DGP Office,12.4,Chennai
2022-09-27,2022,9,Gov hr sec school MGR Nagar,10.0,Chennai
2022-09-27,2022,9,Sholinganallur,10.0,Chennai
2022-09-27,2022,9,Ambathur,8.0,Chennai
2022-09-27,2022,9,Alandur,6.0,Chennai
2022-09-28,2022,9,Ayanavaram taluk office,6.0,Chennai
2022-09-28,2022,9,Anna university,2.8,Chennai
2022-09-28,2022,9,Zone 13 Adyar,2.8,Chennai
2022-09-28,2022,9,DGP Office,2.2,Chennai
2022-09-28,2022,9,Ambathur,2.0,Chennai
2022-09-28,2022,9,Chennai collectorate building,1.3,Chennai
2022-09-28,2022,9,Perambur Corporation park,1.3,Chennai
2022-09-28,2022,9,Sholinganallur,1.2,Chennai
2022-09-28,2022,9,CD Hospital Tondiarpet,1.0,Chennai
2022-09-28,2022,9,Gov hr sec school MGR Nagar,1.0,Chennai
2022-09-28,2022,9,Alandur,0.5,Chennai
2022-09-29,2022,9,DGP Office,81.6,Chennai
2022-09-29,2022,9,Anna university,70.2,Chennai
2022-09-29,2022,9,Chennai nungambakkam,29.3,Chennai
2022-09-29,2022,9,Alandur,15.5,Chennai
2022-09-29,2022,9,Gov hr sec school MGR Nagar,13.0,Chennai
2022-09-29,2022,9,Ayanavaram taluk office,6.2,Chennai
2022-09-29,2022,9,Sholinganallur,3.2,Chennai
2022-09-29,2022,9,Ambathur,3.0,Chennai
2022-09-29,2022,9,Chennai collectorate building,1.2,Chennai
2022-09-29,2022,9,CD Hospital Tondiarpet,1.0,Chennai
2022-09-29,2022,9,Perambur Corporation park,0.2,Chennai
2022-09-30,2022,9,DGP Office,6.4,Chennai
2022-09-30,2022,9,Anna university,2.4,Chennai
2022-09-30,2022,9,Alandur,0.4,Chennai
2022-09-30,2022,9,Chennai nungambakkam,0.1,Chennai
2022-10-01,2022,10,DGP Office,8.6,Chennai
2022-10-01,2022,10,Chennai nungambakkam,3.2,Chennai
2022-10-01,2022,10,Anna university,1.8,Chennai
2022-10-01,2022,10,Gov hr sec school MGR Nagar,1.5,Chennai
2022-10-01,2022,10,Alandur,1.4,Chennai
2022-10-01,2022,10,Ambathur,1.3,Chennai
2022-10-01,2022,10,Chennai collectorate building,1.1,Chennai
2022-10-01,2022,10,Ayanavaram taluk office,1.0,Chennai
2022-10-01,2022,10,Sholinganallur,0.8,Chennai
2022-10-02,2022,10,Zone 15 Uthandi,0.4,Chennai
2022-10-06,2022,10,CD Hospital Tondiarpet,10.1,Chennai
2022-10-06,2022,10,Chennai collectorate building,9.1,Chennai
2022-10-06,2022,10,Ambathur,9.0,Chennai
2022-10-06,2022,10,Ayanavaram taluk office,8.6,Chennai
2022-10-06,2022,10,DGP Office,8.4,Chennai
2022-10-06,2022,10,Perambur Corporation park,8.3,Chennai
2022-10-06,2022,10,Anna university,8.2,Chennai
2022-10-06,2022,10,Gov hr sec school MGR Nagar,7.8,Chennai
2022-10-06,2022,10,Alandur,7.6,Chennai
2022-10-06,2022,10,Chennai nungambakkam,6.9,Chennai
2022-10-06,2022,10,Sholinganallur,6.9,Chennai
2022-10-07,2022,10,Chennai collectorate building,40.1,Chennai
2022-10-07,2022,10,CD Hospital Tondiarpet,37.8,Chennai
2022-10-07,2022,10,Perambur Corporation park,25.3,Chennai
2022-10-07,2022,10,Chennai nungambakkam,20.3,Chennai
2022-10-07,2022,10,Ayanavaram taluk office,12.0,Chennai
2022-10-07,2022,10,Ambathur,12.0,Chennai
2022-10-07,2022,10,DGP Office,8.6,Chennai
2022-10-07,2022,10,Anna university,2.4,Chennai
2022-10-07,2022,10,Sholinganallur,1.2,Chennai
2022-10-07,2022,10,Gov hr sec school MGR Nagar,1.0,Chennai
2022-10-07,2022,10,Alandur,0.5,Chennai
2022-10-07,2022,10,Zone 11 Valasaravakkam,0.2,Chennai
2022-10-08,2022,10,Chennai collectorate building,1.2,Chennai
2022-10-08,2022,10,Chennai nungambakkam,1.2,Chennai
2022-10-08,2022,10,Gov hr sec school MGR Nagar,1.0,Chennai
2022-10-08,2022,10,Alandur,0.5,Chennai
2022-10-08,2022,10,Sholinganallur,0.4,Chennai
2022-10-09,2022,10,Ayanavaram taluk office,27.2,Chennai
2022-10-09,2022,10,Perambur Corporation park,22.5,Chennai
2022-10-09,2022,10,Chennai nungambakkam,20.2,Chennai
2022-10-09,2022,10,Gov hr sec school MGR Nagar,20.0,Chennai
2022-10-09,2022,10,Alandur,19.0,Chennai
2022-10-09,2022,10,Sholinganallur,17.6,Chennai
2022-10-09,2022,10,Anna university,12.2,Chennai
2022-10-09,2022,10,DGP Office,10.6,Chennai
2022-10-09,2022,10,Chennai collectorate building,10.1,Chennai
2022-10-09,2022,10,Ambathur,10.0,Chennai
2022-10-09,2022,10,CD Hospital Tondiarpet,2.1,Chennai
2022-10-10,2022,10,Ambathur,36.0,Chennai
2022-10-10,2022,10,DGP Office,32.6,Chennai
2022-10-10,2022,10,Ayanavaram taluk office,26.0,Chennai
2022-10-10,2022,10,Chennai nungambakkam,24.8,Chennai
2022-10-10,2022,10,Perambur Corporation park,21.2,Chennai
2022-10-10,2022,10,Anna university,17.6,Chennai
2022-10-10,2022,10,Sholinganallur,13.2,Chennai
2022-10-10,2022,10,Chennai collectorate building,13.0,Chennai
2022-10-10,2022,10,Gov hr sec school MGR Nagar,12.0,Chennai
2022-10-10,2022,10,Zone 01 Thiruvottiyur,12.0,Chennai
2022-10-10,2022,10,Alandur,11.0,Chennai
2022-10-10,2022,10,CD Hospital Tondiarpet,5.3,Chennai
2022-10-11,2022,10,Perambur Corporation park,1.3,Chennai
2022-10-11,2022,10,Alandur,0.4,Chennai
2022-10-11,2022,10,Sholinganallur,0.1,Chennai
2022-10-12,2022,10,Alandur,14.2,Chennai
2022-10-12,2022,10,Chennai nungambakkam,12.0,Chennai
2022-10-12,2022,10,DGP Office,9.4,Chennai
2022-10-12,2022,10,Anna university,8.4,Chennai
2022-10-12,2022,10,Sholinganallur,6.1,Chennai
2022-10-12,2022,10,Gov hr sec school MGR Nagar,6.0,Chennai
2022-10-12,2022,10,Chennai collectorate building,4.1,Chennai
2022-10-12,2022,10,CD Hospital Tondiarpet,2.3,Chennai
2022-10-12,2022,10,Ayanavaram taluk office,1.6,Chennai
2022-10-12,2022,10,Perambur Corporation park,1.4,Chennai
2022-10-14,2022,10,DGP Office,7.8,Chennai
2022-10-14,2022,10,Anna university,6.2,Chennai
2022-10-14,2022,10,Ambathur,5.0,Chennai
2022-10-14,2022,10,Ayanavaram taluk office,3.0,Chennai
2022-10-14,2022,10,Alandur,3.0,Chennai
2022-10-14,2022,10,Chennai collectorate building,2.4,Chennai
2022-10-14,2022,10,Perambur Corporation park,2.3,Chennai
2022-10-14,2022,10,Sholinganallur,1.2,Chennai
2022-10-14,2022,10,CD Hospital Tondiarpet,1.0,Chennai
2022-10-14,2022,10,Gov hr sec school MGR Nagar,1.0,Chennai
2022-10-14,2022,10,Chennai nungambakkam,0.3,Chennai
2022-10-15,2022,10,Chennai nungambakkam,5.6,Chennai
2022-10-15,2022,10,Alandur,2.6,Chennai
2022-10-15,2022,10,Anna university,1.2,Chennai
2022-10-15,2022,10,Sholinganallur,0.8,Chennai
2022-10-16,2022,10,Ambathur,7.0,Chennai
2022-10-16,2022,10,Ayanavaram taluk office,5.3,Chennai
2022-10-16,2022,10,DGP Office,4.6,Chennai
2022-10-16,2022,10,Perambur Corporation park,3.2,Chennai
2022-10-16,2022,10,Gov hr sec school MGR Nagar,2.7,Chennai
2022-10-16,2022,10,Alandur,2.4,Chennai
2022-10-16,2022,10,Anna university,2.0,Chennai
2022-10-16,2022,10,Sholinganallur,1.3,Chennai
2022-10-16,2022,10,Chennai nungambakkam,0.8,Chennai
2022-10-16,2022,10,CD Hospital Tondiarpet,0.6,Chennai
2022-10-17,2022,10,Chennai collectorate building,8.0,Chennai
2022-10-17,2022,10,Ambathur,8.0,Chennai
2022-10-17,2022,10,Alandur,7.6,Chennai
2022-10-17,2022,10,Perambur Corporation park,7.3,Chennai
2022-10-17,2022,10,Ayanavaram taluk office,6.0,Chennai
2022-10-17,2022,10,Gov hr sec school MGR Nagar,4.0,Chennai
2022-10-17,2022,10,Chennai nungambakkam,1.2,Chennai
2022-10-17,2022,10,Sholinganallur,1.0,Chennai
2022-10-18,2022,10,DGP Office,14.6,Chennai
2022-10-18,2022,10,Chennai collectorate building,5.6,Chennai
2022-10-18,2022,10,Sholinganallur,2.7,Chennai
2022-10-18,2022,10,CD Hospital Tondiarpet,2.4,Chennai
2022-10-19,2022,10,Chennai collectorate building,0.6,Chennai
2022-10-19,2022,10,Sholinganallur,0.6,Chennai
2022-10-19,2022,10,Chennai nungambakkam,0.2,Chennai
2022-10-20,2022,10,Alandur,38.0,Chennai
2022-10-20,2022,10,Anna university,30.4,Chennai
2022-10-20,2022,10,Gov hr sec school MGR Nagar,30.0,Chennai
2022-10-20,2022,10,Sholinganallur,27.0,Chennai
2022-10-20,2022,10,Perambur Corporation park,13.1,Chennai
2022-10-20,2022,10,Ambathur,13.0,Chennai
2022-10-20,2022,10,DGP Office,12.4,Chennai
2022-10-20,2022,10,Ayanavaram taluk office,10.0,Chennai
2022-10-20,2022,10,Chennai nungambakkam,7.4,Chennai
2022-10-20,2022,10,Chennai collectorate building,3.8,Chennai
2022-10-20,2022,10,CD Hospital Tondiarpet,2.9,Chennai
2022-10-21,2022,10,Ambathur,26.0,Chennai
2022-10-21,2022,10,Chennai collectorate building,21.6,Chennai
2022-10-21,2022,10,CD Hospital Tondiarpet,19.8,Chennai
2022-10-21,2022,10,Chennai nungambakkam,12.8,Chennai
2022-10-21,2022,10,Ayanavaram taluk office,12.4,Chennai
2022-10-21,2022,10,Anna university,10.6,Chennai
2022-10-21,2022,10,Perambur Corporation park,10.4,Chennai
2022-10-21,2022,10,DGP Office,8.4,Chennai
2022-10-21,2022,10,Sholinganallur,6.4,Chennai
2022-10-21,2022,10,Gov hr sec school MGR Nagar,5.1,Chennai
2022-10-21,2022,10,Alandur,0.5,Chennai
2022-10-22,2022,10,Chennai collectorate building,16.0,Chennai
2022-10-22,2022,10,CD Hospital Tondiarpet,15.3,Chennai
2022-10-22,2022,10,Perambur Corporation park,10.3,Chennai
2022-10-22,2022,10,Chennai nungambakkam,7.2,Chennai
2022-10-22,2022,10,DGP Office,6.6,Chennai
2022-10-22,2022,10,Gov hr sec school MGR Nagar,6.0,Chennai
2022-10-22,2022,10,Anna university,4.2,Chennai
2022-10-22,2022,10,Ayanavaram taluk office,3.0,Chennai
2022-10-22,2022,10,Sholinganallur,2.4,Chennai
2022-10-22,2022,10,Alandur,0.6,Chennai
2022-10-23,2022,10,Anna university,20.8,Chennai
2022-10-23,2022,10,DGP Office,16.2,Chennai
2022-10-23,2022,10,Chennai collectorate building,8.2,Chennai
2022-10-23,2022,10,CD Hospital Tondiarpet,7.6,Chennai
2022-10-23,2022,10,Chennai nungambakkam,2.6,Chennai
2022-10-23,2022,10,Ayanavaram taluk office,2.0,Chennai
2022-10-23,2022,10,Sholinganallur,1.7,Chennai
2022-10-28,2022,10,DGP Office,22.6,Chennai
2022-10-28,2022,10,Anna university,20.4,Chennai
2022-10-28,2022,10,Sholinganallur,16.2,Chennai
2022-10-28,2022,10,Alandur,15.1,Chennai
2022-10-28,2022,10,Gov hr sec school MGR Nagar,15.0,Chennai
2022-10-28,2022,10,Perambur Corporation park,11.2,Chennai
2022-10-28,2022,10,Ayanavaram taluk office,11.0,Chennai
2022-10-28,2022,10,Ambathur,8.3,Chennai
2022-10-28,2022,10,Chennai collectorate building,8.2,Chennai
2022-10-28,2022,10,CD Hospital Tondiarpet,7.9,Chennai
2022-10-28,2022,10,Chennai nungambakkam,5.3,Chennai
2022-10-29,2022,10,Perambur Corporation park,3.1,Chennai
2022-10-29,2022,10,Ayanavaram taluk office,2.4,Chennai
2022-10-29,2022,10,Gov hr sec school MGR Nagar,1.0,Chennai
2022-10-29,2022,10,Chennai nungambakkam,0.5,Chennai
2022-10-29,2022,10,Sholinganallur,0.5,Chennai
2022-10-29,2022,10,Alandur,0.4,Chennai
2022-10-30,2022,10,Chennai nungambakkam,3.0,Chennai
2022-10-30,2022,10,DGP Office,2.8,Chennai
2022-10-30,2022,10,Ambathur,2.1,Chennai
2022-10-30,2022,10,Anna university,2.0,Chennai
2022-10-30,2022,10,Alandur,1.4,Chennai
2022-10-30,2022,10,Sholinganallur,1.2,Chennai
2022-10-30,2022,10,Chennai collectorate building,1.0,Chennai
2022-10-30,2022,10,Gov hr sec school MGR Nagar,1.0,Chennai
2022-10-31,2022,10,Chennai collectorate building,12.1,Chennai
2022-10-31,2022,10,Sholinganallur,4.1,Chennai
2022-10-31,2022,10,Anna university,3.2,Chennai
2022-11-01,2022,11,Zone 01 Kathivakkam,154.8,Chennai
2022-11-01,2022,11,Zone 06 T.V.K Nagar,141.0,Chennai
2022-11-01,2022,11,Zone 02 D15 Manali,140.4,Chennai
2022-11-01,2022,11,Zone 04 Tondiarpet,140.1,Chennai
2022-11-01,2022,11,Zone 01 Thiruvottiyur,131.7,Chennai
2022-11-01,2022,11,Perambur Corporation park,122.6,Chennai
2022-11-01,2022,11,Zone 08 Malar colony,117.6,Chennai
2022-11-01,2022,11,Zone 06 D65 Kolathur,109.2,Chennai
2022-11-01,2022,11,Chennai collectorate building,105.2,Chennai
2022-11-01,2022,11,Zone 09 Ice House,99.6,Chennai
2022-11-01,2022,11,CD Hospital Tondiarpet,98.1,Chennai
2022-11-01,2022,11,Zone 09 Teynampet,97.2,Chennai
2022-11-01,2022,11,Zone 05 GCC,96.6,Chennai
2022-11-01,2022,11,Ayanavaram taluk office,94.0,Chennai
2022-11-01,2022,11,Zone 10 Kodambakkam,84.3,Chennai
2022-11-01,2022,11,Zone 05 Royapuram,83.7,Chennai
2022-11-01,2022,11,Zone 08 Anna Nagar,78.6,Chennai
2022-11-01,2022,11,Chennai nungambakkam,77.0,Chennai
2022-11-01,2022,11,DGP Office,72.6,Chennai
2022-11-01,2022,11,Zone 11 U32 Maduravoyal,69.3,Chennai
2022-11-01,2022,11,Zone 13 Adyar,68.7,Chennai
2022-11-01,2022,11,Gov hr sec school MGR Nagar,66.2,Chennai
2022-11-01,2022,11,Zone 12 Alandhur,66.0,Chennai
2022-11-01,2022,11,Zone 13 Adyar Eco Park,64.8,Chennai
2022-11-01,2022,11,Zone 02 Manali,60.0,Chennai
2022-11-01,2022,11,Zone 11 Valasaravakkam,54.3,Chennai
2022-11-01,2022,11,Zone 07 Ambattur,54.0,Chennai
2022-11-01,2022,11,Zone 03 Puzhal,52.2,Chennai
2022-11-01,2022,11,Ambathur,52.0,Chennai
2022-11-01,2022,11,Anna university,46.8,Chennai
2022-11-01,2022,11,Zone 13 U39 Adyar,45.9,Chennai
2022-11-01,2022,11,Zone 12 D156 Mugalivakkam,45.6,Chennai
2022-11-01,2022,11,Zone 12 Meenambakkam,45.6,Chennai
2022-11-01,2022,11,Zone 14 Perungudi,43.2,Chennai
2022-11-01,2022,11,Zone 14 U41 Perungudi,39.6,Chennai
2022-11-01,2022,11,Ambattur,34.6,Chennai
2022-11-01,2022,11,Puzhal,34.0,Chennai
2022-11-01,2022,11,Alandur,30.9,Chennai
2022-11-01,2022,11,Zone 03 Madhavaram,29.7,Chennai
2022-11-01,2022,11,Royapuram,28.4,Chennai
2022-11-01,2022,11,Tondairpet,28.0,Chennai
2022-11-01,2022,11,Thiru-Vi-Ka Nagar,26.8,Chennai
2022-11-01,2022,11,Zone 15 Sholinganallur,26.7,Chennai
2022-11-01,2022,11,Anna Nagar,24.2,Chennai
2022-11-01,2022,11,Thiruvottiyur,23.0,Chennai
2022-11-01,2022,11,Adyar,19.4,Chennai
2022-11-01,2022,11,Perungudi,19.0,Chennai
2022-11-01,2022,11,Teynampet,18.0,Chennai
2022-11-01,2022,11,Zone 15 Uthandi,16.2,Chennai
2022-11-01,2022,11,Valasaravakkam,16.0,Chennai
2022-11-01,2022,11,Sholinganallur,14.4,Chennai
2022-11-01,2022,11,Kodambakkam,12.4,Chennai
2022-11-01,2022,11,Manali,11.6,Chennai
2022-11-01,2022,11,Sholinganallur,4.3,Chennai
2022-11-02,2022,11,Perambur Corporation park,171.8,Chennai
2022-11-02,2022,11,Chennai collectorate building,167.3,Chennai
2022-11-02,2022,11,Tondairpet,156.4,Chennai
2022-11-02,2022,11,Thiru-Vi-Ka Nagar,153.2,Chennai
2022-11-02,2022,11,Royapuram,138.6,Chennai
2022-11-02,2022,11,Sholinganallur,134.6,Chennai
2022-11-02,2022,11,Gov hr sec school MGR Nagar,134.0,Chennai
2022-11-02,2022,11,Ambathur,132.0,Chennai
2022-11-02,2022,11,Kodambakkam,128.0,Chennai
2022-11-02,2022,11,Ayanavaram taluk office,127.5,Chennai
2022-11-02,2022,11,Chennai nungambakkam,126.1,Chennai
2022-11-02,2022,11,Anna university,121.2,Chennai
2022-11-02,2022,11,Sholinganallur,117.6,Chennai
2022-11-02,2022,11,Teynampet,114.8,Chennai
2022-11-02,2022,11,Anna Nagar,113.4,Chennai
2022-11-02,2022,11,Alandur,110.6,Chennai
2022-11-02,2022,11,Adyar,109.6,Chennai
2022-11-02,2022,11,DGP Office,108.8,Chennai
2022-11-02,2022,11,Puzhal,108.6,Chennai
2022-11-02,2022,11,Ambattur,108.2,Chennai
2022-11-02,2022,11,Thiruvottiyur,99.2,Chennai
2022-11-02,2022,11,Perungudi,92.2,Chennai
2022-11-02,2022,11,CD Hospital Tondiarpet,89.0,Chennai
2022-11-02,2022,11,Manali,85.6,Chennai
2022-11-02,2022,11,Valasaravakkam,74.0,Chennai
2022-11-02,2022,11,Madhavaram,34.2,Chennai
2022-11-03,2022,11,Sholinganallur,44.8,Chennai
2022-11-03,2022,11,Zone 15 Sholinganallur,43.2,Chennai
2022-11-03,2022,11,Sholinganallur,40.8,Chennai
2022-11-03,2022,11,Zone 15 Uthandi,38.4,Chennai
2022-11-03,2022,11,Zone 13 U39 Adyar,31.8,Chennai
2022-11-03,2022,11,Zone 14 Perungudi,31.5,Chennai
2022-11-03,2022,11,Anna university,31.2,Chennai
2022-11-03,2022,11,Alandur,30.1,Chennai
2022-11-03,2022,11,Zone 12 Meenambakkam,27.6,Chennai
2022-11-03,2022,11,DGP Office,24.6,Chennai
2022-11-03,2022,11,Gov hr sec school MGR Nagar,24.4,Chennai
2022-11-03,2022,11,Zone 13 Adyar,20.4,Chennai
2022-11-03,2022,11,Zone 12 Alandhur,20.1,Chennai
2022-11-03,2022,11,Adyar,20.0,Chennai
2022-11-03,2022,11,Zone 10 Kodambakkam,19.5,Chennai
2022-11-03,2022,11,Zone 13 Adyar Eco Park,18.6,Chennai
2022-11-03,2022,11,Ayanavaram taluk office,18.6,Chennai
2022-11-03,2022,11,Perungudi,17.0,Chennai
2022-11-03,2022,11,Kodambakkam,16.6,Chennai
2022-11-03,2022,11,Zone 12 D156 Mugalivakkam,16.5,Chennai
2022-11-03,2022,11,Teynampet,16.4,Chennai
2022-11-03,2022,11,Zone 09 Teynampet,16.2,Chennai
2022-11-03,2022,11,Zone 02 Manali,14.7,Chennai
2022-11-03,2022,11,Zone 09 Ice House,14.1,Chennai
2022-11-03,2022,11,Zone 11 U32 Maduravoyal,10.8,Chennai
2022-11-03,2022,11,CD Hospital Tondiarpet,10.5,Chennai
2022-11-03,2022,11,Valasaravakkam,10.4,Chennai
2022-11-03,2022,11,Zone 08 Anna Nagar,10.2,Chennai
2022-11-03,2022,11,Chennai nungambakkam,9.7,Chennai
2022-11-03,2022,11,Zone 11 Valasaravakkam,9.6,Chennai
2022-11-03,2022,11,Ambattur,9.2,Chennai
2022-11-03,2022,11,Zone 01 Thiruvottiyur,9.0,Chennai
2022-11-03,2022,11,Perambur Corporation park,9.0,Chennai
2022-11-03,2022,11,Chennai collectorate building,8.8,Chennai
2022-11-03,2022,11,Zone 05 Royapuram,8.1,Chennai
2022-11-03,2022,11,Zone 08 Malar colony,8.1,Chennai
2022-11-03,2022,11,Ambathur,8.0,Chennai
2022-11-03,2022,11,Zone 03 Puzhal,7.5,Chennai
2022-11-03,2022,11,Anna Nagar,7.2,Chennai
2022-11-03,2022,11,Zone 01 Kathivakkam,6.6,Chennai
2022-11-03,2022,11,Royapuram,5.4,Chennai
2022-11-03,2022,11,Zone 04 Tondiarpet,4.8,Chennai
2022-11-03,2022,11,Zone 07 U18 D81 Vanagaram,4.8,Chennai
2022-11-03,2022,11,Zone 06 D65 Kolathur,4.5,Chennai
2022-11-03,2022,11,Zone 06 T.V.K Nagar,4.2,Chennai
2022-11-03,2022,11,Zone 05 GCC,3.9,Chennai
2022-11-03,2022,11,Zone 07 Ambattur,3.9,Chennai
2022-11-03,2022,11,Tondairpet,3.2,Chennai
2022-11-03,2022,11,Zone 14 U41 Perungudi,3.0,Chennai
2022-11-03,2022,11,Thiruvottiyur,2.8,Chennai
2022-11-03,2022,11,Zone 02 D15 Manali,1.8,Chennai
2022-11-03,2022,11,Zone 03 Madhavaram,0.9,Chennai
2022-11-03,2022,11,Puzhal,0.6,Chennai
2022-11-03,2022,11,Madhavaram,0.2,Chennai
2022-11-04,2022,11,CD Hospital Tondiarpet,139.4,Chennai
2022-11-04,2022,11,DGP Office,122.8,Chennai
2022-11-04,2022,11,Zone 01 Thiruvottiyur,90.3,Chennai
2022-11-04,2022,11,Zone 09 Teynampet,87.0,Chennai
2022-11-04,2022,11,Zone 06 T.V.K Nagar,86.7,Chennai
2022-11-04,2022,11,Perambur Corporation park,85.0,Chennai
2022-11-04,2022,11,Zone 10 Kodambakkam,82.8,Chennai
2022-11-04,2022,11,Zone 08 Anna Nagar,81.6,Chennai
2022-11-04,2022,11,Chennai collectorate building,76.4,Chennai
2022-11-04,2022,11,Zone 02 Manali,75.6,Chennai
2022-11-04,2022,11,Zone 07 U18 D81 Vanagaram,75.6,Chennai
2022-11-04,2022,11,Ayanavaram taluk office,75.2,Chennai
2022-11-04,2022,11,Anna university,74.6,Chennai
2022-11-04,2022,11,Zone 04 Tondiarpet,74.1,Chennai
2022-11-04,2022,11,Ambathur,74.0,Chennai
2022-11-04,2022,11,Zone 05 GCC,73.8,Chennai
2022-11-04,2022,11,Chennai nungambakkam,71.4,Chennai
2022-11-04,2022,11,Zone 09 Ice House,71.1,Chennai
2022-11-04,2022,11,Zone 08 Malar colony,68.4,Chennai
2022-11-04,2022,11,Thiru-Vi-Ka Nagar,66.4,Chennai
2022-11-04,2022,11,Royapuram,63.8,Chennai
2022-11-04,2022,11,Tondairpet,62.8,Chennai
2022-11-04,2022,11,Anna Nagar,59.4,Chennai
2022-11-04,2022,11,Zone 07 Ambattur,53.4,Chennai
2022-11-04,2022,11,Zone 06 D65 Kolathur,52.5,Chennai
2022-11-04,2022,11,Zone 02 D15 Manali,51.0,Chennai
2022-11-04,2022,11,Ambattur,51.0,Chennai
2022-11-04,2022,11,Zone 12 D156 Mugalivakkam,50.1,Chennai
2022-11-04,2022,11,Zone 13 Adyar,48.3,Chennai
2022-11-04,2022,11,Thiruvottiyur,45.2,Chennai
2022-11-04,2022,11,Zone 13 Adyar Eco Park,43.2,Chennai
2022-11-04,2022,11,Gov hr sec school MGR Nagar,43.0,Chennai
2022-11-04,2022,11,Teynampet,42.4,Chennai
2022-11-04,2022,11,Kodambakkam,42.4,Chennai
2022-11-04,2022,11,Zone 13 U39 Adyar,41.1,Chennai
2022-11-04,2022,11,Zone 11 U32 Maduravoyal,40.5,Chennai
2022-11-04,2022,11,Adyar,40.4,Chennai
2022-11-04,2022,11,Perungudi,38.8,Chennai
2022-11-04,2022,11,Sholinganallur,37.7,Chennai
2022-11-04,2022,11,Zone 14 Perungudi,32.1,Chennai
2022-11-04,2022,11,Zone 11 Valasaravakkam,31.5,Chennai
2022-11-04,2022,11,Zone 15 Sholinganallur,30.9,Chennai
2022-11-04,2022,11,Zone 12 Meenambakkam,26.7,Chennai
2022-11-04,2022,11,Alandur,25.2,Chennai
2022-11-04,2022,11,Puzhal,24.0,Chennai
2022-11-04,2022,11,Zone 03 Puzhal,23.7,Chennai
2022-11-04,2022,11,Sholinganallur,23.6,Chennai
2022-11-04,2022,11,Valasaravakkam,20.4,Chennai
2022-11-04,2022,11,Zone 01 Kathivakkam,17.1,Chennai
2022-11-04,2022,11,Zone 15 Uthandi,15.9,Chennai
2022-11-04,2022,11,Zone 03 Madhavaram,15.6,Chennai
2022-11-04,2022,11,Zone 12 Alandhur,14.1,Chennai
2022-11-04,2022,11,Manali,10.2,Chennai
2022-11-04,2022,11,Zone 05 Royapuram,9.9,Chennai
2022-11-04,2022,11,Zone 14 U41 Perungudi,6.3,Chennai
2022-11-05,2022,11,Zone 02 D15 Manali,20.4,Chennai
2022-11-05,2022,11,Zone 05 Royapuram,18.6,Chennai
2022-11-05,2022,11,Zone 14 U41 Perungudi,15.9,Chennai
2022-11-05,2022,11,Zone 15 Sholinganallur,12.6,Chennai
2022-11-05,2022,11,Zone 09 Teynampet,9.6,Chennai
2022-11-05,2022,11,Zone 10 Kodambakkam,9.3,Chennai
2022-11-05,2022,11,Kodambakkam,8.6,Chennai
2022-11-05,2022,11,Zone 01 Kathivakkam,8.4,Chennai
2022-11-05,2022,11,Zone 13 Adyar Eco Park,8.4,Chennai
2022-11-05,2022,11,Sholinganallur,8.4,Chennai
2022-11-05,2022,11,Ambathur,8.0,Chennai
2022-11-05,2022,11,Puzhal,7.4,Chennai
2022-11-05,2022,11,Zone 08 Anna Nagar,6.9,Chennai
2022-11-05,2022,11,Chennai nungambakkam,6.9,Chennai
2022-11-05,2022,11,Anna university,6.4,Chennai
2022-11-05,2022,11,DGP Office,6.4,Chennai
2022-11-05,2022,11,Sholinganallur,6.1,Chennai
2022-11-05,2022,11,Royapuram,6.0,Chennai
2022-11-05,2022,11,CD Hospital Tondiarpet,5.2,Chennai
2022-11-05,2022,11,Zone 07 U18 D81 Vanagaram,5.1,Chennai
2022-11-05,2022,11,Zone 13 U39 Adyar,5.1,Chennai
2022-11-05,2022,11,Ayanavaram taluk office,5.0,Chennai
2022-11-05,2022,11,Zone 04 Tondiarpet,4.8,Chennai
2022-11-05,2022,11,Zone 07 Ambattur,4.8,Chennai
2022-11-05,2022,11,Zone 01 Thiruvottiyur,4.2,Chennai
2022-11-05,2022,11,Gov hr sec school MGR Nagar,3.8,Chennai
2022-11-05,2022,11,Thiruvottiyur,3.2,Chennai
2022-11-05,2022,11,Zone 03 Puzhal,3.0,Chennai
2022-11-05,2022,11,Zone 09 Ice House,2.7,Chennai
2022-11-05,2022,11,Zone 14 Perungudi,2.7,Chennai
2022-11-05,2022,11,Zone 05 GCC,2.4,Chennai
2022-11-05,2022,11,Zone 06 D65 Kolathur,2.4,Chennai
2022-11-05,2022,11,Valasaravakkam,2.4,Chennai
2022-11-05,2022,11,Teynampet,2.2,Chennai
2022-11-05,2022,11,Tondairpet,2.0,Chennai
2022-11-05,2022,11,Zone 06 T.V.K Nagar,1.8,Chennai
2022-11-05,2022,11,Zone 11 U32 Maduravoyal,1.8,Chennai
2022-11-05,2022,11,Zone 12 Meenambakkam,1.8,Chennai
2022-11-05,2022,11,Ambattur,1.8,Chennai
2022-11-05,2022,11,Alandur,1.7,Chennai
2022-11-05,2022,11,Zone 08 Malar colony,1.5,Chennai
2022-11-05,2022,11,Zone 11 Valasaravakkam,1.5,Chennai
2022-11-05,2022,11,Zone 12 Alandhur,1.5,Chennai
2022-11-05,2022,11,Perambur Corporation park,1.3,Chennai
2022-11-05,2022,11,Zone 12 D156 Mugalivakkam,1.2,Chennai
2022-11-05,2022,11,Zone 13 Adyar,1.2,Chennai
2022-11-05,2022,11,Chennai collectorate building,1.0,Chennai
2022-11-05,2022,11,Anna Nagar,1.0,Chennai
2022-11-05,2022,11,Adyar,0.6,Chennai
2022-11-05,2022,11,Zone 02 Manali,0.3,Chennai
2022-11-05,2022,11,Zone 03 Madhavaram,0.3,Chennai
2022-11-06,2022,11,DGP Office,18.2,Chennai
2022-11-06,2022,11,Zone 06 D65 Kolathur,14.7,Chennai
2022-11-06,2022,11,Zone 05 Royapuram,14.1,Chennai
2022-11-06,2022,11,Zone 06 T.V.K Nagar,13.8,Chennai
2022-11-06,2022,11,Anna university,12.4,Chennai
2022-11-06,2022,11,Tondairpet,11.0,Chennai
2022-11-06,2022,11,Zone 08 Malar colony,8.7,Chennai
2022-11-06,2022,11,Zone 01 Thiruvottiyur,8.1,Chennai
2022-11-06,2022,11,CD Hospital Tondiarpet,7.2,Chennai
2022-11-06,2022,11,Zone 09 Ice House,6.9,Chennai
2022-11-06,2022,11,Royapuram,6.8,Chennai
2022-11-06,2022,11,Zone 04 Tondiarpet,6.6,Chennai
2022-11-06,2022,11,Zone 07 Ambattur,5.4,Chennai
2022-11-06,2022,11,Perambur Corporation park,5.4,Chennai
2022-11-06,2022,11,Ambattur,5.0,Chennai
2022-11-06,2022,11,Zone 12 Meenambakkam,4.8,Chennai
2022-11-06,2022,11,Zone 08 Anna Nagar,4.2,Chennai
2022-11-06,2022,11,Thiruvottiyur,4.2,Chennai
2022-11-06,2022,11,Zone 15 Uthandi,3.9,Chennai
2022-11-06,2022,11,Anna Nagar,3.8,Chennai
2022-11-06,2022,11,Zone 15 Sholinganallur,3.3,Chennai
2022-11-06,2022,11,Adyar,3.2,Chennai
2022-11-06,2022,11,Chennai nungambakkam,3.1,Chennai
2022-11-06,2022,11,Zone 12 Alandhur,3.0,Chennai
2022-11-06,2022,11,Alandur,3.0,Chennai
2022-11-06,2022,11,Gov hr sec school MGR Nagar,2.8,Chennai
2022-11-06,2022,11,Kodambakkam,2.8,Chennai
2022-11-06,2022,11,Zone 14 Perungudi,2.7,Chennai
2022-11-06,2022,11,Ayanavaram taluk office,2.4,Chennai
2022-11-06,2022,11,Chennai collectorate building,2.3,Chennai
2022-11-06,2022,11,Zone 07 U18 D81 Vanagaram,2.1,Chennai
2022-11-06,2022,11,Zone 14 U41 Perungudi,2.1,Chennai
2022-11-06,2022,11,Thiru-Vi-Ka Nagar,2.0,Chennai
2022-11-06,2022,11,Zone 10 Kodambakkam,1.8,Chennai
2022-11-06,2022,11,Zone 12 D156 Mugalivakkam,1.8,Chennai
2022-11-06,2022,11,Teynampet,1.6,Chennai
2022-11-06,2022,11,Zone 02 Manali,1.5,Chennai
2022-11-06,2022,11,Valasaravakkam,1.4,Chennai
2022-11-06,2022,11,Zone 05 GCC,1.2,Chennai
2022-11-06,2022,11,Zone 13 U39 Adyar,1.2,Chennai
2022-11-06,2022,11,Sholinganallur,1.2,Chennai
2022-11-06,2022,11,Sholinganallur,1.1,Chennai
2022-11-06,2022,11,Zone 03 Madhavaram,0.9,Chennai
2022-11-06,2022,11,Zone 03 Puzhal,0.9,Chennai
2022-11-06,2022,11,Zone 13 Adyar,0.9,Chennai
2022-11-06,2022,11,Zone 09 Teynampet,0.6,Chennai
2022-11-06,2022,11,Perungudi,0.4,Chennai
2022-11-06,2022,11,Zone 02 D15 Manali,0.3,Chennai
2022-11-06,2022,11,Puzhal,0.2,Chennai
2022-11-07,2022,11,Zone 14 U41 Perungudi,19.5,Chennai
2022-11-07,2022,11,Perungudi,10.8,Chennai
2022-11-07,2022,11,Zone 15 Sholinganallur,3.9,Chennai
2022-11-07,2022,11,Sholinganallur,2.8,Chennai
2022-11-07,2022,11,Zone 15 Uthandi,2.7,Chennai
2022-11-07,2022,11,Adyar,1.6,Chennai
2022-11-07,2022,11,Zone 14 Perungudi,1.2,Chennai
2022-11-07,2022,11,Zone 13 U39 Adyar,0.9,Chennai
2022-11-07,2022,11,Zone 13 Adyar,0.6,Chennai
2022-11-07,2022,11,Thiruvottiyur,0.6,Chennai
2022-11-07,2022,11,Zone 08 Anna Nagar,0.3,Chennai
2022-11-07,2022,11,Zone 11 U32 Maduravoyal,0.3,Chennai
2022-11-07,2022,11,Tondairpet,0.2,Chennai
2022-11-08,2022,11,Zone 09 Teynampet,63.3,Chennai
2022-11-08,2022,11,Zone 01 Kathivakkam,51.3,Chennai
2022-11-08,2022,11,Zone 10 Kodambakkam,49.2,Chennai
2022-11-08,2022,11,Zone 05 GCC,46.2,Chennai
2022-11-08,2022,11,Chennai nungambakkam,43.4,Chennai
2022-11-08,2022,11,Zone 08 Anna Nagar,40.8,Chennai
2022-11-08,2022,11,Royapuram,36.6,Chennai
2022-11-08,2022,11,Kodambakkam,35.0,Chennai
2022-11-08,2022,11,Zone 13 Adyar,33.9,Chennai
2022-11-08,2022,11,Zone 04 Tondiarpet,32.7,Chennai
2022-11-08,2022,11,CD Hospital Tondiarpet,28.7,Chennai
2022-11-08,2022,11,Zone 12 D156 Mugalivakkam,27.9,Chennai
2022-11-08,2022,11,DGP Office,26.2,Chennai
2022-11-08,2022,11,Chennai collectorate building,25.3,Chennai
2022-11-08,2022,11,Zone 07 U18 D81 Vanagaram,23.4,Chennai
2022-11-08,2022,11,Adyar,23.0,Chennai
2022-11-08,2022,11,Zone 12 Meenambakkam,22.5,Chennai
2022-11-08,2022,11,Zone 13 Adyar Eco Park,21.3,Chennai
2022-11-08,2022,11,Alandur,21.2,Chennai
2022-11-08,2022,11,Zone 02 D15 Manali,20.7,Chennai
2022-11-08,2022,11,Gov hr sec school MGR Nagar,20.4,Chennai
2022-11-08,2022,11,Zone 15 Uthandi,19.8,Chennai
2022-11-08,2022,11,Zone 14 U41 Perungudi,19.5,Chennai
2022-11-08,2022,11,Tondairpet,19.2,Chennai
2022-11-08,2022,11,Anna university,18.6,Chennai
2022-11-08,2022,11,Sholinganallur,18.2,Chennai
2022-11-08,2022,11,Thiru-Vi-Ka Nagar,16.0,Chennai
2022-11-08,2022,11,Ayanavaram taluk office,16.0,Chennai
2022-11-08,2022,11,Zone 09 Ice House,15.3,Chennai
2022-11-08,2022,11,Perambur Corporation park,14.9,Chennai
2022-11-08,2022,11,Zone 02 Manali,14.7,Chennai
2022-11-08,2022,11,Zone 12 Alandhur,14.7,Chennai
2022-11-08,2022,11,Valasaravakkam,14.4,Chennai
2022-11-08,2022,11,Zone 06 T.V.K Nagar,14.4,Chennai
2022-11-08,2022,11,Zone 15 Sholinganallur,14.1,Chennai
2022-11-08,2022,11,Zone 11 Valasaravakkam,12.9,Chennai
2022-11-08,2022,11,Zone 06 D65 Kolathur,12.6,Chennai
2022-11-08,2022,11,Zone 14 Perungudi,12.6,Chennai
2022-11-08,2022,11,Teynampet,10.8,Chennai
2022-11-08,2022,11,Zone 01 Thiruvottiyur,10.8,Chennai
2022-11-08,2022,11,Zone 08 Malar colony,9.3,Chennai
2022-11-08,2022,11,Sholinganallur,8.8,Chennai
2022-11-08,2022,11,Thiruvottiyur,8.2,Chennai
2022-11-08,2022,11,Zone 11 U32 Maduravoyal,7.5,Chennai
2022-11-08,2022,11,Puzhal,7.2,Chennai
2022-11-08,2022,11,Anna Nagar,6.6,Chennai
2022-11-08,2022,11,Ambattur,5.6,Chennai
2022-11-08,2022,11,Perungudi,5.2,Chennai
2022-11-08,2022,11,Zone 03 Madhavaram,5.1,Chennai
2022-11-08,2022,11,Zone 13 U39 Adyar,3.6,Chennai
2022-11-08,2022,11,Zone 05 Royapuram,2.4,Chennai
2022-11-08,2022,11,Zone 03 Puzhal,0.6,Chennai
2022-11-09,2022,11,Zone 08 Malar colony,55.5,Chennai
2022-11-09,2022,11,Zone 06 D65 Kolathur,54.3,Chennai
2022-11-09,2022,11,Ambattur,50.4,Chennai
2022-11-09,2022,11,Zone 06 T.V.K Nagar,45.9,Chennai
2022-11-09,2022,11,Zone 11 U32 Maduravoyal,38.7,Chennai
2022-11-09,2022,11,Chennai collectorate building,34.0,Chennai
2022-11-09,2022,11,Perambur Corporation park,32.6,Chennai
2022-11-09,2022,11,CD Hospital Tondiarpet,29.4,Chennai
2022-11-09,2022,11,Zone 13 Adyar,27.9,Chennai
2022-11-09,2022,11,Ayanavaram taluk office,27.8,Chennai
2022-11-09,2022,11,Zone 02 Manali,27.6,Chennai
2022-11-09,2022,11,Anna Nagar,25.0,Chennai
2022-11-09,2022,11,Zone 14 U41 Perungudi,24.6,Chennai
2022-11-09,2022,11,Zone 01 Kathivakkam,24.3,Chennai
2022-11-09,2022,11,Tondairpet,22.0,Chennai
2022-11-09,2022,11,Valasaravakkam,21.8,Chennai
2022-11-09,2022,11,Thiru-Vi-Ka Nagar,21.2,Chennai
2022-11-09,2022,11,Ambathur,21.0,Chennai
2022-11-09,2022,11,Zone 02 D15 Manali,20.7,Chennai
2022-11-09,2022,11,Zone 08 Anna Nagar,19.5,Chennai
2022-11-09,2022,11,Adyar,19.0,Chennai
2022-11-09,2022,11,Zone 03 Madhavaram,18.3,Chennai
2022-11-09,2022,11,Zone 13 U39 Adyar,18.3,Chennai
2022-11-09,2022,11,Sholinganallur,14.5,Chennai
2022-11-09,2022,11,Zone 15 Sholinganallur,14.4,Chennai
2022-11-09,2022,11,Zone 12 D156 Mugalivakkam,12.9,Chennai
2022-11-09,2022,11,Zone 11 Valasaravakkam,12.0,Chennai
2022-11-09,2022,11,Perungudi,11.2,Chennai
2022-11-09,2022,11,Zone 15 Uthandi,10.2,Chennai
2022-11-09,2022,11,Zone 07 Ambattur,9.9,Chennai
2022-11-09,2022,11,Zone 13 Adyar Eco Park,9.6,Chennai
2022-11-09,2022,11,Sholinganallur,9.2,Chennai
2022-11-09,2022,11,Zone 04 Tondiarpet,9.0,Chennai
2022-11-09,2022,11,Thiruvottiyur,8.6,Chennai
2022-11-09,2022,11,Zone 12 Meenambakkam,8.1,Chennai
2022-11-09,2022,11,Alandur,7.8,Chennai
2022-11-09,2022,11,Zone 01 Thiruvottiyur,7.5,Chennai
2022-11-09,2022,11,Zone 14 Perungudi,6.6,Chennai
2022-11-09,2022,11,Anna university,5.8,Chennai
2022-11-09,2022,11,Chennai nungambakkam,5.4,Chennai
2022-11-09,2022,11,Royapuram,4.0,Chennai
2022-11-09,2022,11,Zone 05 GCC,3.9,Chennai
2022-11-09,2022,11,Zone 05 Royapuram,3.6,Chennai
2022-11-09,2022,11,Gov hr sec school MGR Nagar,3.2,Chennai
2022-11-09,2022,11,Zone 09 Ice House,2.1,Chennai
2022-11-09,2022,11,Zone 09 Teynampet,2.1,Chennai
2022-11-09,2022,11,Kodambakkam,2.0,Chennai
2022-11-09,2022,11,Zone 07 U18 D81 Vanagaram,1.8,Chennai
2022-11-09,2022,11,Zone 10 Kodambakkam,1.2,Chennai
2022-11-09,2022,11,Zone 12 Alandhur,0.9,Chennai
2022-11-09,2022,11,Puzhal,0.6,Chennai
2022-11-09,2022,11,Zone 03 Puzhal,0.3,Chennai
2022-11-10,2022,11,Zone 15 Sholinganallur,11.7,Chennai
2022-11-10,2022,11,Zone 06 T.V.K Nagar,9.3,Chennai
2022-11-10,2022,11,Sholinganallur,8.4,Chennai
2022-11-10,2022,11,Adyar,6.4,Chennai
2022-11-10,2022,11,Zone 12 D156 Mugalivakkam,5.1,Chennai
2022-11-10,2022,11,Zone 15 Uthandi,4.8,Chennai
2022-11-10,2022,11,Anna Nagar,4.4,Chennai
2022-11-10,2022,11,Teynampet,4.2,Chennai
2022-11-10,2022,11,Zone 02 Manali,4.2,Chennai
2022-11-10,2022,11,Zone 11 Valasaravakkam,4.2,Chennai
2022-11-10,2022,11,Zone 08 Malar colony,3.6,Chennai
2022-11-10,2022,11,Tondairpet,2.4,Chennai
2022-11-10,2022,11,Zone 03 Puzhal,2.4,Chennai
2022-11-10,2022,11,Zone 02 D15 Manali,2.1,Chennai
2022-11-10,2022,11,Zone 06 D65 Kolathur,2.1,Chennai
2022-11-10,2022,11,Zone 13 Adyar Eco Park,2.1,Chennai
2022-11-10,2022,11,Royapuram,2.0,Chennai
2022-11-10,2022,11,Perungudi,2.0,Chennai
2022-11-10,2022,11,Ambattur,1.8,Chennai
2022-11-10,2022,11,Valasaravakkam,1.4,Chennai
2022-11-10,2022,11,Kodambakkam,1.2,Chennai
2022-11-10,2022,11,Zone 03 Madhavaram,0.6,Chennai
2022-11-10,2022,11,Zone 07 U18 D81 Vanagaram,0.6,Chennai
2022-11-10,2022,11,Zone 09 Teynampet,0.6,Chennai
2022-11-10,2022,11,Thiru-Vi-Ka Nagar,0.4,Chennai
2022-11-10,2022,11,Puzhal,0.4,Chennai
2022-11-10,2022,11,Zone 05 GCC,0.3,Chennai
2022-11-10,2022,11,Zone 11 U32 Maduravoyal,0.3,Chennai
2022-11-10,2022,11,Zone 12 Meenambakkam,0.3,Chennai
2022-11-10,2022,11,Zone 14 Perungudi,0.3,Chennai
2022-11-10,2022,11,Alandur,0.2,Chennai
2022-11-11,2022,11,Zone 06 T.V.K Nagar,98.4,Chennai
2022-11-11,2022,11,Zone 07 U18 D81 Vanagaram,86.7,Chennai
2022-11-11,2022,11,Zone 08 Anna Nagar,86.1,Chennai
2022-11-11,2022,11,Zone 04 Tondiarpet,85.8,Chennai
2022-11-11,2022,11,Zone 08 Malar colony,84.6,Chennai
2022-11-11,2022,11,Zone 06 D65 Kolathur,83.7,Chennai
2022-11-11,2022,11,Zone 12 Meenambakkam,81.3,Chennai
2022-11-11,2022,11,Zone 10 Kodambakkam,78.6,Chennai
2022-11-11,2022,11,Zone 09 Teynampet,76.5,Chennai
2022-11-11,2022,11,Tondairpet,76.0,Chennai
2022-11-11,2022,11,Zone 11 U32 Maduravoyal,75.0,Chennai
2022-11-11,2022,11,Zone 01 Kathivakkam,73.8,Chennai
2022-11-11,2022,11,Ambattur,73.6,Chennai
2022-11-11,2022,11,Zone 02 Manali,71.1,Chennai
2022-11-11,2022,11,Zone 13 Adyar Eco Park,71.1,Chennai
2022-11-11,2022,11,Thiru-Vi-Ka Nagar,70.6,Chennai
2022-11-11,2022,11,Zone 13 Adyar,67.5,Chennai
2022-11-11,2022,11,Royapuram,67.4,Chennai
2022-11-11,2022,11,Zone 09 Ice House,63.3,Chennai
2022-11-11,2022,11,Zone 02 D15 Manali,61.5,Chennai
2022-11-11,2022,11,Zone 13 U39 Adyar,61.5,Chennai
2022-11-11,2022,11,Zone 14 U41 Perungudi,61.2,Chennai
2022-11-11,2022,11,Anna Nagar,59.0,Chennai
2022-11-11,2022,11,CD Hospital Tondiarpet,59.0,Chennai
2022-11-11,2022,11,Ambathur,57.0,Chennai
2022-11-11,2022,11,Zone 14 Perungudi,57.0,Chennai
2022-11-11,2022,11,Zone 03 Madhavaram,56.7,Chennai
2022-11-11,2022,11,Kodambakkam,56.4,Chennai
2022-11-11,2022,11,Zone 07 Ambattur,56.4,Chennai
2022-11-11,2022,11,Zone 12 Alandhur,54.6,Chennai
2022-11-11,2022,11,Adyar,53.0,Chennai
2022-11-11,2022,11,Teynampet,52.6,Chennai
2022-11-11,2022,11,Ayanavaram taluk office,50.4,Chennai
2022-11-11,2022,11,Valasaravakkam,48.8,Chennai
2022-11-11,2022,11,Zone 15 Uthandi,48.0,Chennai
2022-11-11,2022,11,Zone 15 Sholinganallur,47.7,Chennai
2022-11-11,2022,11,Zone 12 D156 Mugalivakkam,46.5,Chennai
2022-11-11,2022,11,Zone 05 GCC,46.2,Chennai
2022-11-11,2022,11,Thiruvottiyur,46.0,Chennai
2022-11-11,2022,11,Perungudi,43.2,Chennai
2022-11-11,2022,11,DGP Office,42.8,Chennai
2022-11-11,2022,11,Chennai collectorate building,41.4,Chennai
2022-11-11,2022,11,Zone 11 Valasaravakkam,40.5,Chennai
2022-11-11,2022,11,Puzhal,39.8,Chennai
2022-11-11,2022,11,Anna university,38.2,Chennai
2022-11-11,2022,11,Sholinganallur,37.6,Chennai
2022-11-11,2022,11,Alandur,34.4,Chennai
2022-11-11,2022,11,Chennai nungambakkam,31.8,Chennai
2022-11-11,2022,11,Zone 03 Puzhal,30.3,Chennai
2022-11-11,2022,11,Perambur Corporation park,29.5,Chennai
2022-11-11,2022,11,Manali,27.2,Chennai
2022-11-11,2022,11,Sholinganallur,26.2,Chennai
2022-11-11,2022,11,Gov hr sec school MGR Nagar,24.6,Chennai
2022-11-11,2022,11,Zone 01 Thiruvottiyur,21.6,Chennai
2022-11-11,2022,11,Zone 05 Royapuram,6.6,Chennai
2022-11-12,2022,11,Zone 06 T.V.K Nagar,109.8,Chennai
2022-11-12,2022,11,Zone 06 D65 Kolathur,88.2,Chennai
2022-11-12,2022,11,Gov hr sec school MGR Nagar,87.0,Chennai
2022-11-12,2022,11,Zone 08 Anna Nagar,86.4,Chennai
2022-11-12,2022,11,Zone 09 Teynampet,82.8,Chennai
2022-11-12,2022,11,Zone 13 Adyar,82.8,Chennai
2022-11-12,2022,11,Alandur,81.4,Chennai
2022-11-12,2022,11,Zone 07 U18 D81 Vanagaram,80.4,Chennai
2022-11-12,2022,11,Zone 12 Meenambakkam,79.5,Chennai
2022-11-12,2022,11,Zone 11 U32 Maduravoyal,78.9,Chennai
2022-11-12,2022,11,Zone 10 Kodambakkam,78.6,Chennai
2022-11-12,2022,11,Perambur Corporation park,77.3,Chennai
2022-11-12,2022,11,Zone 13 Adyar Eco Park,71.1,Chennai
2022-11-12,2022,11,Ambathur,70.0,Chennai
2022-11-12,2022,11,Zone 13 U39 Adyar,68.4,Chennai
2022-11-12,2022,11,DGP Office,65.2,Chennai
2022-11-12,2022,11,Zone 15 Sholinganallur,63.6,Chennai
2022-11-12,2022,11,Zone 09 Ice House,62.1,Chennai
2022-11-12,2022,11,Zone 14 U41 Perungudi,62.1,Chennai
2022-11-12,2022,11,Sholinganallur,58.3,Chennai
2022-11-12,2022,11,Perungudi,58.2,Chennai
2022-11-12,2022,11,Zone 07 Ambattur,56.4,Chennai
2022-11-12,2022,11,Adyar,55.0,Chennai
2022-11-12,2022,11,Zone 12 Alandhur,54.0,Chennai
2022-11-12,2022,11,Anna university,53.4,Chennai
2022-11-12,2022,11,Valasaravakkam,52.0,Chennai
2022-11-12,2022,11,CD Hospital Tondiarpet,51.0,Chennai
2022-11-12,2022,11,Zone 15 Uthandi,48.9,Chennai
2022-11-12,2022,11,Teynampet,48.4,Chennai
2022-11-12,2022,11,Chennai collectorate building,48.3,Chennai
2022-11-12,2022,11,Chennai nungambakkam,48.3,Chennai
2022-11-12,2022,11,Zone 14 Perungudi,47.7,Chennai
2022-11-12,2022,11,Zone 02 D15 Manali,47.4,Chennai
2022-11-12,2022,11,Zone 12 D156 Mugalivakkam,46.8,Chennai
2022-11-12,2022,11,Ayanavaram taluk office,43.7,Chennai
2022-11-12,2022,11,Zone 11 Valasaravakkam,40.5,Chennai
2022-11-12,2022,11,Zone 02 Manali,39.6,Chennai
2022-11-12,2022,11,Zone 01 Kathivakkam,37.5,Chennai
2022-11-12,2022,11,Kodambakkam,36.6,Chennai
2022-11-12,2022,11,Zone 03 Madhavaram,36.6,Chennai
2022-11-12,2022,11,Ambattur,34.8,Chennai
2022-11-12,2022,11,Zone 01 Thiruvottiyur,30.6,Chennai
2022-11-12,2022,11,Zone 08 Malar colony,30.3,Chennai
2022-11-12,2022,11,Zone 04 Tondiarpet,27.0,Chennai
2022-11-12,2022,11,Sholinganallur,26.2,Chennai
2022-11-12,2022,11,Zone 05 GCC,21.0,Chennai
2022-11-12,2022,11,Thiru-Vi-Ka Nagar,17.0,Chennai
2022-11-12,2022,11,Anna Nagar,15.8,Chennai
2022-11-12,2022,11,Tondairpet,15.6,Chennai
2022-11-12,2022,11,Royapuram,15.2,Chennai
2022-11-12,2022,11,Puzhal,14.6,Chennai
2022-11-12,2022,11,Zone 03 Puzhal,13.5,Chennai
2022-11-12,2022,11,Zone 05 Royapuram,6.6,Chennai
2022-11-12,2022,11,Thiruvottiyur,6.4,Chennai
2022-11-12,2022,11,Manali,5.0,Chennai
2022-11-13,2022,11,Zone 01 Kathivakkam,73.5,Chennai
2022-11-13,2022,11,Zone 11 U32 Maduravoyal,64.5,Chennai
2022-11-13,2022,11,Valasaravakkam,61.0,Chennai
2022-11-13,2022,11,Zone 14 Perungudi,59.7,Chennai
2022-11-13,2022,11,Zone 02 D15 Manali,54.3,Chennai
2022-11-13,2022,11,Alandur,46.5,Chennai
2022-11-13,2022,11,DGP Office,46.2,Chennai
2022-11-13,2022,11,Zone 10 Kodambakkam,45.6,Chennai
2022-11-13,2022,11,Zone 13 Adyar Eco Park,45.6,Chennai
2022-11-13,2022,11,Perungudi,44.4,Chennai
2022-11-13,2022,11,Zone 12 D156 Mugalivakkam,44.4,Chennai
2022-11-13,2022,11,Ambattur,43.8,Chennai
2022-11-13,2022,11,Zone 08 Malar colony,43.8,Chennai
2022-11-13,2022,11,Zone 02 Manali,43.2,Chennai
2022-11-13,2022,11,Zone 12 Alandhur,41.7,Chennai
2022-11-13,2022,11,Zone 01 Thiruvottiyur,39.6,Chennai
2022-11-13,2022,11,Sholinganallur,39.0,Chennai
2022-11-13,2022,11,Anna university,38.4,Chennai
2022-11-13,2022,11,Zone 13 Adyar,38.1,Chennai
2022-11-13,2022,11,Zone 07 U18 D81 Vanagaram,36.9,Chennai
2022-11-13,2022,11,Tondairpet,36.8,Chennai
2022-11-13,2022,11,Zone 08 Anna Nagar,36.6,Chennai
2022-11-13,2022,11,Zone 11 Valasaravakkam,36.0,Chennai
2022-11-13,2022,11,Ambathur,36.0,Chennai
2022-11-13,2022,11,Zone 14 U41 Perungudi,35.7,Chennai
2022-11-13,2022,11,Zone 13 U39 Adyar,35.4,Chennai
2022-11-13,2022,11,Teynampet,34.0,Chennai
2022-11-13,2022,11,Zone 05 GCC,33.9,Chennai
2022-11-13,2022,11,Anna Nagar,33.4,Chennai
2022-11-13,2022,11,Zone 09 Teynampet,33.3,Chennai
2022-11-13,2022,11,Chennai nungambakkam,31.8,Chennai
2022-11-13,2022,11,Gov hr sec school MGR Nagar,31.6,Chennai
2022-11-13,2022,11,Sholinganallur,31.3,Chennai
2022-11-13,2022,11,Adyar,30.8,Chennai
2022-11-13,2022,11,Ayanavaram taluk office,28.6,Chennai
2022-11-13,2022,11,Royapuram,28.4,Chennai
2022-11-13,2022,11,Kodambakkam,28.4,Chennai
2022-11-13,2022,11,Zone 07 Ambattur,28.2,Chennai
2022-11-13,2022,11,Thiru-Vi-Ka Nagar,28.0,Chennai
2022-11-13,2022,11,Zone 15 Sholinganallur,27.6,Chennai
2022-11-13,2022,11,Thiruvottiyur,27.2,Chennai
2022-11-13,2022,11,CD Hospital Tondiarpet,25.2,Chennai
2022-11-13,2022,11,Puzhal,24.4,Chennai
2022-11-13,2022,11,Zone 03 Madhavaram,24.3,Chennai
2022-11-13,2022,11,Zone 06 T.V.K Nagar,23.7,Chennai
2022-11-13,2022,11,Chennai collectorate building,23.4,Chennai
2022-11-13,2022,11,Zone 06 D65 Kolathur,22.2,Chennai
2022-11-13,2022,11,Manali,21.0,Chennai
2022-11-13,2022,11,Zone 05 Royapuram,21.0,Chennai
2022-11-13,2022,11,Zone 15 Uthandi,20.7,Chennai
2022-11-13,2022,11,Zone 04 Tondiarpet,20.1,Chennai
2022-11-13,2022,11,Perambur Corporation park,18.6,Chennai
2022-11-13,2022,11,Zone 09 Ice House,18.3,Chennai
2022-11-13,2022,11,Zone 03 Puzhal,12.6,Chennai
2022-11-14,2022,11,Zone 11 U32 Maduravoyal,42.6,Chennai
2022-11-14,2022,11,Zone 15 Uthandi,35.4,Chennai
2022-11-14,2022,11,Chennai collectorate building,34.0,Chennai
2022-11-14,2022,11,Zone 13 U39 Adyar,33.9,Chennai
2022-11-14,2022,11,Zone 13 Adyar,28.5,Chennai
2022-11-14,2022,11,Zone 04 Tondiarpet,26.4,Chennai
2022-11-14,2022,11,Anna university,26.4,Chennai
2022-11-14,2022,11,Zone 08 Anna Nagar,26.1,Chennai
2022-11-14,2022,11,Zone 12 D156 Mugalivakkam,25.8,Chennai
2022-11-14,2022,11,Zone 08 Malar colony,24.6,Chennai
2022-11-14,2022,11,Zone 01 Thiruvottiyur,24.0,Chennai
2022-11-14,2022,11,Zone 10 Kodambakkam,24.0,Chennai
2022-11-14,2022,11,Gov hr sec school MGR Nagar,24.0,Chennai
2022-11-14,2022,11,Zone 14 U41 Perungudi,23.7,Chennai
2022-11-14,2022,11,Zone 11 Valasaravakkam,23.1,Chennai
2022-11-14,2022,11,Ambathur,23.0,Chennai
2022-11-14,2022,11,Ayanavaram taluk office,22.8,Chennai
2022-11-14,2022,11,Alandur,22.3,Chennai
2022-11-14,2022,11,Zone 05 GCC,21.6,Chennai
2022-11-14,2022,11,Perambur Corporation park,21.3,Chennai
2022-11-14,2022,11,Zone 14 Perungudi,18.9,Chennai
2022-11-14,2022,11,DGP Office,18.6,Chennai
2022-11-14,2022,11,Zone 15 Sholinganallur,18.0,Chennai
2022-11-14,2022,11,Zone 07 Ambattur,17.7,Chennai
2022-11-14,2022,11,Zone 09 Teynampet,15.6,Chennai
2022-11-14,2022,11,Zone 13 Adyar Eco Park,15.6,Chennai
2022-11-14,2022,11,Zone 07 U18 D81 Vanagaram,15.3,Chennai
2022-11-14,2022,11,Zone 06 D65 Kolathur,14.1,Chennai
2022-11-14,2022,11,Zone 02 Manali,13.8,Chennai
2022-11-14,2022,11,Chennai nungambakkam,13.4,Chennai
2022-11-14,2022,11,Sholinganallur,12.5,Chennai
2022-11-14,2022,11,Zone 02 D15 Manali,12.0,Chennai
2022-11-14,2022,11,Zone 03 Madhavaram,10.8,Chennai
2022-11-14,2022,11,Zone 09 Ice House,9.0,Chennai
2022-11-14,2022,11,CD Hospital Tondiarpet,6.0,Chennai
2022-11-14,2022,11,Royapuram,4.2,Chennai
2022-11-14,2022,11,Zone 01 Kathivakkam,3.9,Chennai
2022-11-14,2022,11,Ambattur,3.2,Chennai
2022-11-14,2022,11,Tondairpet,2.8,Chennai
2022-11-14,2022,11,Valasaravakkam,2.8,Chennai
2022-11-14,2022,11,Zone 03 Puzhal,2.1,Chennai
2022-11-14,2022,11,Thiruvottiyur,2.0,Chennai
2022-11-14,2022,11,Thiru-Vi-Ka Nagar,2.0,Chennai
2022-11-14,2022,11,Sholinganallur,0.8,Chennai
2022-11-14,2022,11,Zone 06 T.V.K Nagar,0.6,Chennai
2022-11-14,2022,11,Zone 12 Alandhur,0.6,Chennai
2022-11-14,2022,11,Anna Nagar,0.4,Chennai
2022-11-14,2022,11,Teynampet,0.4,Chennai
2022-11-14,2022,11,Kodambakkam,0.4,Chennai
2022-11-14,2022,11,Perungudi,0.4,Chennai
2022-11-14,2022,11,Puzhal,0.4,Chennai
2022-11-14,2022,11,Manali,0.2,Chennai
2022-11-15,2022,11,Zone 06 T.V.K Nagar,65.4,Chennai
2022-11-15,2022,11,Perambur Corporation park,61.8,Chennai
2022-11-15,2022,11,Zone 08 Malar colony,56.4,Chennai
2022-11-15,2022,11,Ambattur,53.6,Chennai
2022-11-15,2022,11,Ayanavaram taluk office,53.3,Chennai
2022-11-15,2022,11,Zone 01 Kathivakkam,51.3,Chennai
2022-11-15,2022,11,Thiru-Vi-Ka Nagar,48.4,Chennai
2022-11-15,2022,11,Anna Nagar,46.4,Chennai
2022-11-15,2022,11,Zone 08 Anna Nagar,43.2,Chennai
2022-11-15,2022,11,DGP Office,42.6,Chennai
2022-11-15,2022,11,Zone 02 Manali,42.0,Chennai
2022-11-15,2022,11,Zone 04 Tondiarpet,37.2,Chennai
2022-11-15,2022,11,Alandur,36.1,Chennai
2022-11-15,2022,11,Tondairpet,34.8,Chennai
2022-11-15,2022,11,Zone 06 D65 Kolathur,32.4,Chennai
2022-11-15,2022,11,Zone 10 Kodambakkam,32.4,Chennai
2022-11-15,2022,11,Royapuram,32.2,Chennai
2022-11-15,2022,11,Anna university,28.6,Chennai
2022-11-15,2022,11,Zone 09 Ice House,28.2,Chennai
2022-11-15,2022,11,Zone 11 U32 Maduravoyal,28.2,Chennai
2022-11-15,2022,11,Chennai collectorate building,27.6,Chennai
2022-11-15,2022,11,Zone 15 Sholinganallur,26.4,Chennai
2022-11-15,2022,11,Zone 13 Adyar Eco Park,25.2,Chennai
2022-11-15,2022,11,Zone 09 Teynampet,24.9,Chennai
2022-11-15,2022,11,Zone 01 Thiruvottiyur,23.4,Chennai
2022-11-15,2022,11,Zone 13 Adyar,23.4,Chennai
2022-11-15,2022,11,Zone 13 U39 Adyar,22.2,Chennai
2022-11-15,2022,11,CD Hospital Tondiarpet,22.1,Chennai
2022-11-15,2022,11,Chennai nungambakkam,19.9,Chennai
2022-11-15,2022,11,Zone 11 Valasaravakkam,17.1,Chennai
2022-11-15,2022,11,Zone 05 GCC,16.8,Chennai
2022-11-15,2022,11,Valasaravakkam,16.6,Chennai
2022-11-15,2022,11,Ambathur,16.0,Chennai
2022-11-15,2022,11,Teynampet,15.4,Chennai
2022-11-15,2022,11,Kodambakkam,14.6,Chennai
2022-11-15,2022,11,Sholinganallur,14.4,Chennai
2022-11-15,2022,11,Zone 12 Alandhur,14.1,Chennai
2022-11-15,2022,11,Zone 12 D156 Mugalivakkam,13.8,Chennai
2022-11-15,2022,11,Zone 14 Perungudi,13.8,Chennai
2022-11-15,2022,11,Zone 02 D15 Manali,13.2,Chennai
2022-11-15,2022,11,Gov hr sec school MGR Nagar,12.0,Chennai
2022-11-15,2022,11,Puzhal,10.8,Chennai
2022-11-15,2022,11,Adyar,9.4,Chennai
2022-11-15,2022,11,Zone 07 U18 D81 Vanagaram,8.4,Chennai
2022-11-15,2022,11,Perungudi,8.0,Chennai
2022-11-15,2022,11,Zone 14 U41 Perungudi,7.8,Chennai
2022-11-15,2022,11,Sholinganallur,7.5,Chennai
2022-11-15,2022,11,Manali,6.2,Chennai
2022-11-15,2022,11,Zone 12 Meenambakkam,6.0,Chennai
2022-11-15,2022,11,Zone 07 Ambattur,5.1,Chennai
2022-11-15,2022,11,Zone 03 Puzhal,4.8,Chennai
2022-11-15,2022,11,Zone 03 Madhavaram,4.5,Chennai
2022-11-15,2022,11,Thiruvottiyur,4.2,Chennai
2022-11-16,2022,11,Zone 01 Kathivakkam,40.8,Chennai
2022-11-16,2022,11,Zone 15 Sholinganallur,17.1,Chennai
2022-11-16,2022,11,Zone 02 Manali,10.5,Chennai
2022-11-16,2022,11,Zone 02 D15 Manali,7.8,Chennai
2022-11-16,2022,11,Zone 13 U39 Adyar,5.1,Chennai
2022-11-16,2022,11,Zone 13 Adyar Eco Park,2.4,Chennai
2022-11-16,2022,11,Zone 13 Adyar,1.5,Chennai
2022-11-16,2022,11,Zone 03 Madhavaram,1.2,Chennai
2022-11-16,2022,11,Zone 12 Alandhur,1.2,Chennai
2022-11-16,2022,11,Zone 12 Meenambakkam,1.2,Chennai
2022-11-16,2022,11,Valasaravakkam,1.0,Chennai
2022-11-16,2022,11,Zone 01 Thiruvottiyur,0.9,Chennai
2022-11-16,2022,11,Zone 06 T.V.K Nagar,0.9,Chennai
2022-11-16,2022,11,Zone 14 U41 Perungudi,0.9,Chennai
2022-11-16,2022,11,Zone 06 D65 Kolathur,0.6,Chennai
2022-11-16,2022,11,Zone 08 Anna Nagar,0.6,Chennai
2022-11-16,2022,11,Zone 07 U18 D81 Vanagaram,0.3,Chennai
2022-11-16,2022,11,Zone 08 Malar colony,0.3,Chennai
2022-11-16,2022,11,Zone 09 Ice House,0.3,Chennai
2022-11-16,2022,11,Zone 11 U32 Maduravoyal,0.3,Chennai
2022-11-16,2022,11,Thiruvottiyur,0.2,Chennai
2022-11-16,2022,11,Teynampet,0.2,Chennai
2022-11-17,2022,11,Zone 12 Meenambakkam,0.3,Chennai
2022-11-17,2022,11,Royapuram,0.2,Chennai
2022-11-18,2022,11,Zone 12 Meenambakkam,2.4,Chennai
2022-11-18,2022,11,Royapuram,0.2,Chennai
2022-11-19,2022,11,Zone 12 Meenambakkam,5.1,Chennai
2022-11-19,2022,11,Zone 14 Perungudi,2.4,Chennai
2022-11-19,2022,11,Zone 03 Madhavaram,0.9,Chennai
2022-11-19,2022,11,Zone 12 Alandhur,0.3,Chennai
2022-11-19,2022,11,Anna Nagar,0.2,Chennai
2022-11-20,2022,11,Zone 12 Meenambakkam,3.3,Chennai
2022-11-20,2022,11,Royapuram,0.2,Chennai
2022-11-21,2022,11,Zone 01 Kathivakkam,0.9,Chennai
2022-11-21,2022,11,Zone 02 Manali,0.3,Chennai
2022-11-22,2022,11,Zone 15 Uthandi,10.2,Chennai
2022-11-22,2022,11,DGP Office,6.8,Chennai
2022-11-22,2022,11,Zone 13 Adyar Eco Park,6.6,Chennai
2022-11-22,2022,11,Zone 13 Adyar,5.7,Chennai
2022-11-22,2022,11,Zone 01 Kathivakkam,4.8,Chennai
2022-11-22,2022,11,Zone 15 Sholinganallur,4.8,Chennai
2022-11-22,2022,11,Zone 14 U41 Perungudi,3.6,Chennai
2022-11-22,2022,11,Sholinganallur,3.6,Chennai
2022-11-22,2022,11,Adyar,3.4,Chennai
2022-11-22,2022,11,Zone 09 Ice House,3.3,Chennai
2022-11-22,2022,11,Zone 13 U39 Adyar,3.3,Chennai
2022-11-22,2022,11,Zone 14 Perungudi,2.7,Chennai
2022-11-22,2022,11,Teynampet,2.4,Chennai
2022-11-22,2022,11,Anna university,2.4,Chennai
2022-11-22,2022,11,Perungudi,2.2,Chennai
2022-11-22,2022,11,Sholinganallur,2.2,Chennai
2022-11-22,2022,11,Chennai nungambakkam,2.2,Chennai
2022-11-22,2022,11,Alandur,2.2,Chennai
2022-11-22,2022,11,Zone 09 Teynampet,2.1,Chennai
2022-11-22,2022,11,Chennai collectorate building,2.0,Chennai
2022-11-22,2022,11,Kodambakkam,1.6,Chennai
2022-11-22,2022,11,Zone 05 GCC,1.5,Chennai
2022-11-22,2022,11,Zone 12 Meenambakkam,1.2,Chennai
2022-11-22,2022,11,Ayanavaram taluk office,1.2,Chennai
2022-11-22,2022,11,CD Hospital Tondiarpet,1.1,Chennai
2022-11-22,2022,11,Gov hr sec school MGR Nagar,1.0,Chennai
2022-11-22,2022,11,Ambathur,1.0,Chennai
2022-11-22,2022,11,Zone 01 Thiruvottiyur,0.9,Chennai
2022-11-22,2022,11,Zone 02 D15 Manali,0.9,Chennai
2022-11-22,2022,11,Zone 04 Tondiarpet,0.9,Chennai
2022-11-22,2022,11,Zone 10 Kodambakkam,0.9,Chennai
2022-11-22,2022,11,Zone 12 Alandhur,0.9,Chennai
2022-11-22,2022,11,Zone 02 Manali,0.6,Chennai
2022-11-22,2022,11,Zone 03 Madhavaram,0.6,Chennai
2022-11-22,2022,11,Zone 03 Puzhal,0.6,Chennai
2022-11-22,2022,11,Zone 05 Royapuram,0.6,Chennai
2022-11-22,2022,11,Zone 06 D65 Kolathur,0.6,Chennai
2022-11-22,2022,11,Zone 07 U18 D81 Vanagaram,0.6,Chennai
2022-11-22,2022,11,Zone 08 Anna Nagar,0.6,Chennai
2022-11-22,2022,11,Manali,0.4,Chennai
2022-11-22,2022,11,Thiru-Vi-Ka Nagar,0.4,Chennai
2022-11-22,2022,11,Zone 08 Malar colony,0.3,Chennai
2022-11-22,2022,11,Thiruvottiyur,0.2,Chennai
2022-11-22,2022,11,Royapuram,0.2,Chennai
2022-11-22,2022,11,Ambattur,0.2,Chennai
2022-11-23,2022,11,Zone 02 D15 Manali,51.3,Chennai
2022-11-23,2022,11,Zone 01 Kathivakkam,29.4,Chennai
2022-11-23,2022,11,Zone 09 Ice House,20.7,Chennai
2022-11-23,2022,11,Chennai collectorate building,19.0,Chennai
2022-11-23,2022,11,Royapuram,14.6,Chennai
2022-11-23,2022,11,Zone 04 Tondiarpet,12.3,Chennai
2022-11-23,2022,11,CD Hospital Tondiarpet,11.0,Chennai
2022-11-23,2022,11,Zone 05 GCC,10.2,Chennai
2022-11-23,2022,11,Chennai nungambakkam,8.5,Chennai
2022-11-23,2022,11,Zone 01 Thiruvottiyur,7.8,Chennai
2022-11-23,2022,11,Zone 13 Adyar Eco Park,7.2,Chennai
2022-11-23,2022,11,Zone 09 Teynampet,6.3,Chennai
2022-11-23,2022,11,Thiruvottiyur,5.6,Chennai
2022-11-23,2022,11,Zone 05 Royapuram,5.4,Chennai
2022-11-23,2022,11,DGP Office,5.2,Chennai
2022-11-23,2022,11,Thiru-Vi-Ka Nagar,5.2,Chennai
2022-11-23,2022,11,Zone 03 Madhavaram,4.5,Chennai
2022-11-23,2022,11,Zone 10 Kodambakkam,4.5,Chennai
2022-11-23,2022,11,Perambur Corporation park,4.3,Chennai
2022-11-23,2022,11,Tondairpet,4.0,Chennai
2022-11-23,2022,11,Teynampet,4.0,Chennai
2022-11-23,2022,11,Kodambakkam,4.0,Chennai
2022-11-23,2022,11,Zone 02 Manali,3.9,Chennai
2022-11-23,2022,11,Zone 03 Puzhal,3.9,Chennai
2022-11-23,2022,11,Zone 06 T.V.K Nagar,3.9,Chennai
2022-11-23,2022,11,Zone 06 D65 Kolathur,3.3,Chennai
2022-11-23,2022,11,Zone 13 Adyar,2.7,Chennai
2022-11-23,2022,11,Manali,2.6,Chennai
2022-11-23,2022,11,Ayanavaram taluk office,2.3,Chennai
2022-11-23,2022,11,Zone 07 Ambattur,2.1,Chennai
2022-11-23,2022,11,Zone 08 Anna Nagar,2.1,Chennai
2022-11-23,2022,11,Ambathur,2.0,Chennai
2022-11-23,2022,11,Sholinganallur,1.8,Chennai
2022-11-23,2022,11,Zone 07 U18 D81 Vanagaram,1.8,Chennai
2022-11-23,2022,11,Anna university,1.2,Chennai
2022-11-23,2022,11,Ambattur,1.2,Chennai
2022-11-23,2022,11,Adyar,1.2,Chennai
2022-11-23,2022,11,Perungudi,1.0,Chennai
2022-11-23,2022,11,Gov hr sec school MGR Nagar,0.6,Chennai
2022-11-23,2022,11,Zone 11 U32 Maduravoyal,0.6,Chennai
2022-11-23,2022,11,Zone 12 Alandhur,0.6,Chennai
2022-11-23,2022,11,Zone 12 D156 Mugalivakkam,0.6,Chennai
2022-11-23,2022,11,Zone 13 U39 Adyar,0.6,Chennai
2022-11-23,2022,11,Zone 14 Perungudi,0.6,Chennai
2022-11-23,2022,11,Zone 14 U41 Perungudi,0.6,Chennai
2022-11-23,2022,11,Valasaravakkam,0.4,Chennai
2022-11-23,2022,11,Sholinganallur,0.3,Chennai
2022-11-23,2022,11,Zone 08 Malar colony,0.3,Chennai
2022-11-23,2022,11,Zone 11 Valasaravakkam,0.3,Chennai
2022-11-23,2022,11,Zone 15 Sholinganallur,0.3,Chennai
2022-11-24,2022,11,Royapuram,7.4,Chennai
2022-11-24,2022,11,Zone 14 Perungudi,5.1,Chennai
2022-11-24,2022,11,Zone 13 Adyar Eco Park,4.8,Chennai
2022-11-24,2022,11,Zone 13 Adyar,4.5,Chennai
2022-11-24,2022,11,Zone 01 Kathivakkam,3.0,Chennai
2022-11-24,2022,11,Zone 05 Royapuram,3.0,Chennai
2022-11-24,2022,11,Zone 15 Uthandi,2.4,Chennai
2022-11-24,2022,11,Zone 14 U41 Perungudi,2.1,Chennai
2022-11-24,2022,11,Teynampet,2.0,Chennai
2022-11-24,2022,11,Adyar,1.6,Chennai
2022-11-24,2022,11,Tondairpet,1.2,Chennai
2022-11-24,2022,11,Zone 09 Teynampet,1.2,Chennai
2022-11-24,2022,11,Manali,1.0,Chennai
2022-11-24,2022,11,Zone 15 Sholinganallur,0.9,Chennai
2022-11-24,2022,11,Thiru-Vi-Ka Nagar,0.8,Chennai
2022-11-24,2022,11,Perungudi,0.6,Chennai
2022-11-24,2022,11,Zone 01 Thiruvottiyur,0.6,Chennai
2022-11-24,2022,11,Zone 10 Kodambakkam,0.6,Chennai
2022-11-24,2022,11,Zone 13 U39 Adyar,0.6,Chennai
2022-11-24,2022,11,Thiruvottiyur,0.4,Chennai
2022-11-24,2022,11,Kodambakkam,0.4,Chennai
2022-11-24,2022,11,Zone 02 Manali,0.3,Chennai
2022-11-24,2022,11,Zone 04 Tondiarpet,0.3,Chennai
2022-11-24,2022,11,Zone 06 D65 Kolathur,0.3,Chennai
2022-11-24,2022,11,Zone 06 T.V.K Nagar,0.3,Chennai
2022-11-24,2022,11,Zone 07 U18 D81 Vanagaram,0.3,Chennai
2022-11-24,2022,11,Zone 09 Ice House,0.3,Chennai
2022-11-24,2022,11,Zone 12 D156 Mugalivakkam,0.3,Chennai
2022-11-24,2022,11,Anna Nagar,0.2,Chennai
2022-11-25,2022,11,Chennai collectorate building,4.4,Chennai
2022-11-25,2022,11,Anna university,3.4,Chennai
2022-11-25,2022,11,CD Hospital Tondiarpet,2.4,Chennai
2022-11-25,2022,11,Ayanavaram taluk office,2.3,Chennai
2022-11-25,2022,11,DGP Office,2.2,Chennai
2022-11-25,2022,11,Perungudi,2.0,Chennai
2022-11-25,2022,11,Zone 03 Puzhal,1.8,Chennai
2022-11-25,2022,11,Sholinganallur,1.2,Chennai
2022-11-25,2022,11,Zone 15 Sholinganallur,0.9,Chennai
2022-11-25,2022,11,Sholinganallur,0.7,Chennai
2022-11-25,2022,11,Zone 11 U32 Maduravoyal,0.6,Chennai
2022-11-25,2022,11,Zone 14 Perungudi,0.6,Chennai
2022-11-25,2022,11,Valasaravakkam,0.4,Chennai
2022-11-25,2022,11,Zone 01 Kathivakkam,0.3,Chennai
2022-11-25,2022,11,Zone 11 Valasaravakkam,0.3,Chennai
2022-11-25,2022,11,Zone 12 D156 Mugalivakkam,0.3,Chennai
2022-11-25,2022,11,Zone 12 Meenambakkam,0.3,Chennai
2022-11-25,2022,11,Zone 13 Adyar Eco Park,0.3,Chennai
2022-11-25,2022,11,Zone 15 Uthandi,0.3,Chennai
2022-11-25,2022,11,Thiru-Vi-Ka Nagar,0.2,Chennai
2022-11-25,2022,11,Adyar,0.2,Chennai
2022-11-26,2022,11,Valasaravakkam,2.2,Chennai
2022-11-26,2022,11,Zone 11 Valasaravakkam,1.8,Chennai
2022-11-26,2022,11,Zone 11 U32 Maduravoyal,1.5,Chennai
2022-11-26,2022,11,Zone 01 Kathivakkam,1.2,Chennai
2022-11-26,2022,11,Zone 02 D15 Manali,0.3,Chennai
2022-11-26,2022,11,Zone 07 U18 D81 Vanagaram,0.3,Chennai
2022-11-26,2022,11,Royapuram,0.2,Chennai
2022-11-26,2022,11,Teynampet,0.2,Chennai
2022-11-27,2022,11,Zone 15 Uthandi,1.2,Chennai
2022-11-27,2022,11,Valasaravakkam,0.8,Chennai
2022-11-27,2022,11,Royapuram,0.2,Chennai
2022-11-27,2022,11,Kodambakkam,0.2,Chennai
2022-11-28,2022,11,Zone 02 Manali,4.2,Chennai
2022-11-28,2022,11,Perambur Corporation park,3.1,Chennai
2022-11-28,2022,11,Valasaravakkam,2.0,Chennai
2022-11-28,2022,11,Zone 11 U32 Maduravoyal,1.2,Chennai
2022-11-28,2022,11,Chennai nungambakkam,0.4,Chennai
2022-11-28,2022,11,Royapuram,0.2,Chennai
2022-11-30,2022,11,Royapuram,0.2,Chennai
2022-11-30,2022,11,Teynampet,0.2,Chennai
2022-12-01,2022,12,Zone 01 Kathivakkam,15.0,Chennai
2022-12-01,2022,12,Zone 13 U39 Adyar,12.6,Chennai
2022-12-01,2022,12,Alandur,12.4,Chennai
2022-12-01,2022,12,Zone 13 Adyar Eco Park,10.8,Chennai
2022-12-01,2022,12,Zone 15 Sholinganallur,10.8,Chennai
2022-12-01,2022,12,Zone 14 Perungudi,10.2,Chennai
2022-12-01,2022,12,Zone 12 Meenambakkam,9.9,Chennai
2022-12-01,2022,12,Adyar,8.2,Chennai
2022-12-01,2022,12,Zone 02 D15 Manali,6.6,Chennai
2022-12-01,2022,12,Zone 02 Manali,6.3,Chennai
2022-12-01,2022,12,Zone 06 T.V.K Nagar,5.7,Chennai
2022-12-01,2022,12,Zone 08 Malar colony,5.7,Chennai
2022-12-01,2022,12,Anna university,5.2,Chennai
2022-12-01,2022,12,Zone 03 Madhavaram,5.1,Chennai
2022-12-01,2022,12,Zone 14 U41 Perungudi,4.8,Chennai
2022-12-01,2022,12,Sholinganallur,4.6,Chennai
2022-12-01,2022,12,Zone 06 D65 Kolathur,4.2,Chennai
2022-12-01,2022,12,Zone 12 D156 Mugalivakkam,3.9,Chennai
2022-12-01,2022,12,Zone 13 Adyar,3.9,Chennai
2022-12-01,2022,12,Zone 08 Anna Nagar,3.6,Chennai
2022-12-01,2022,12,Zone 11 U32 Maduravoyal,3.3,Chennai
2022-12-01,2022,12,Zone 12 Alandhur,3.3,Chennai
2022-12-01,2022,12,Ambattur,2.8,Chennai
2022-12-01,2022,12,Zone 09 Ice House,2.4,Chennai
2022-12-01,2022,12,DGP Office,2.4,Chennai
2022-12-01,2022,12,Perungudi,2.2,Chennai
2022-12-01,2022,12,Zone 09 Teynampet,2.1,Chennai
2022-12-01,2022,12,Ayanavaram taluk office,2.1,Chennai
2022-12-01,2022,12,Perambur Corporation park,2.1,Chennai
2022-12-01,2022,12,Thiru-Vi-Ka Nagar,1.8,Chennai
2022-12-01,2022,12,Kodambakkam,1.8,Chennai
2022-12-01,2022,12,Thiruvottiyur,1.2,Chennai
2022-12-01,2022,12,Zone 01 Thiruvottiyur,1.2,Chennai
2022-12-01,2022,12,Zone 04 Tondiarpet,1.2,Chennai
2022-12-01,2022,12,Zone 10 Kodambakkam,1.2,Chennai
2022-12-01,2022,12,Anna Nagar,1.0,Chennai
2022-12-01,2022,12,Ambathur,1.0,Chennai
2022-12-01,2022,12,Sholinganallur,1.0,Chennai
2022-12-01,2022,12,Zone 07 U18 D81 Vanagaram,0.9,Chennai
2022-12-01,2022,12,Manali,0.8,Chennai
2022-12-01,2022,12,CD Hospital Tondiarpet,0.7,Chennai
2022-12-01,2022,12,Teynampet,0.6,Chennai
2022-12-01,2022,12,Valasaravakkam,0.6,Chennai
2022-12-01,2022,12,Zone 03 Puzhal,0.6,Chennai
2022-12-01,2022,12,Zone 05 GCC,0.6,Chennai
2022-12-01,2022,12,Zone 07 Ambattur,0.6,Chennai
2022-12-01,2022,12,Chennai collectorate building,0.6,Chennai
2022-12-01,2022,12,Chennai nungambakkam,0.6,Chennai
2022-12-01,2022,12,Zone 05 Royapuram,0.3,Chennai
2022-12-01,2022,12,Zone 15 Uthandi,0.3,Chennai
2022-12-01,2022,12,Royapuram,0.2,Chennai
2022-12-01,2022,12,Gov hr sec school MGR Nagar,0.2,Chennai
2022-12-02,2022,12,Sholinganallur,2.0,Chennai
2022-12-02,2022,12,Thiruvottiyur,1.4,Chennai
2022-12-02,2022,12,Zone 01 Thiruvottiyur,1.2,Chennai
2022-12-02,2022,12,Perungudi,0.8,Chennai
2022-12-02,2022,12,Manali,0.6,Chennai
2022-12-02,2022,12,Royapuram,0.2,Chennai
2022-12-02,2022,12,Teynampet,0.2,Chennai
2022-12-02,2022,12,Valasaravakkam,0.2,Chennai
2022-12-03,2022,12,Zone 13 Adyar Eco Park,0.9,Chennai
2022-12-03,2022,12,Royapuram,0.4,Chennai
2022-12-03,2022,12,Adyar,0.2,Chennai
2022-12-04,2022,12,Zone 07 U18 D81 Vanagaram,10.5,Chennai
2022-12-04,2022,12,Zone 11 U32 Maduravoyal,9.6,Chennai
2022-12-04,2022,12,Zone 14 Perungudi,5.1,Chennai
2022-12-04,2022,12,DGP Office,4.6,Chennai
2022-12-04,2022,12,Zone 06 D65 Kolathur,4.5,Chennai
2022-12-04,2022,12,Zone 06 T.V.K Nagar,4.2,Chennai
2022-12-04,2022,12,Zone 13 U39 Adyar,3.9,Chennai
2022-12-04,2022,12,Zone 08 Malar colony,3.6,Chennai
2022-12-04,2022,12,Zone 15 Sholinganallur,3.0,Chennai
2022-12-04,2022,12,Ambathur,3.0,Chennai
2022-12-04,2022,12,Ambattur,2.8,Chennai
2022-12-04,2022,12,Valasaravakkam,2.8,Chennai
2022-12-04,2022,12,Zone 01 Kathivakkam,2.7,Chennai
2022-12-04,2022,12,Zone 01 Thiruvottiyur,2.7,Chennai
2022-12-04,2022,12,Zone 13 Adyar Eco Park,2.4,Chennai
2022-12-04,2022,12,Perambur Corporation park,2.2,Chennai
2022-12-04,2022,12,Thiruvottiyur,2.0,Chennai
2022-12-04,2022,12,Anna Nagar,1.8,Chennai
2022-12-04,2022,12,Adyar,1.4,Chennai
2022-12-04,2022,12,Zone 02 D15 Manali,1.2,Chennai
2022-12-04,2022,12,Ayanavaram taluk office,1.2,Chennai
2022-12-04,2022,12,Alandur,1.2,Chennai
2022-12-04,2022,12,Manali,1.0,Chennai
2022-12-04,2022,12,Chennai collectorate building,1.0,Chennai
2022-12-04,2022,12,Sholinganallur,1.0,Chennai
2022-12-04,2022,12,Zone 02 Manali,0.9,Chennai
2022-12-04,2022,12,Zone 11 Valasaravakkam,0.9,Chennai
2022-12-04,2022,12,Zone 12 D156 Mugalivakkam,0.9,Chennai
2022-12-04,2022,12,Sholinganallur,0.6,Chennai
2022-12-04,2022,12,Zone 07 Ambattur,0.6,Chennai
2022-12-04,2022,12,Zone 08 Anna Nagar,0.6,Chennai
2022-12-04,2022,12,Zone 12 Meenambakkam,0.6,Chennai
2022-12-04,2022,12,Zone 13 Adyar,0.6,Chennai
2022-12-04,2022,12,Zone 14 U41 Perungudi,0.6,Chennai
2022-12-04,2022,12,Zone 15 Uthandi,0.6,Chennai
2022-12-04,2022,12,Royapuram,0.4,Chennai
2022-12-04,2022,12,Thiru-Vi-Ka Nagar,0.4,Chennai
2022-12-04,2022,12,Anna university,0.4,Chennai
2022-12-04,2022,12,Zone 03 Puzhal,0.3,Chennai
2022-12-04,2022,12,Zone 12 Alandhur,0.3,Chennai
2022-12-05,2022,12,Anna Nagar,0.2,Chennai
2022-12-05,2022,12,Adyar,0.2,Chennai
2022-12-05,2022,12,Sholinganallur,0.2,Chennai
2022-12-06,2022,12,Teynampet,0.2,Chennai
2022-12-09,2022,12,CD Hospital Tondiarpet,68.7,Chennai
2022-12-09,2022,12,Kodambakkam,68.2,Chennai
2022-12-09,2022,12,Thiru-Vi-Ka Nagar,67.6,Chennai
2022-12-09,2022,12,Perambur Corporation park,62.9,Chennai
2022-12-09,2022,12,Ambattur,58.0,Chennai
2022-12-09,2022,12,DGP Office,55.6,Chennai
2022-12-09,2022,12,Valasaravakkam,55.0,Chennai
2022-12-09,2022,12,Teynampet,51.4,Chennai
2022-12-09,2022,12,Gov hr sec school MGR Nagar,51.0,Chennai
2022-12-09,2022,12,Alandur,50.3,Chennai
2022-12-09,2022,12,Adyar,50.2,Chennai
2022-12-09,2022,12,Ayanavaram taluk office,50.2,Chennai
2022-12-09,2022,12,Chennai nungambakkam,47.0,Chennai
2022-12-09,2022,12,Thiruvottiyur,44.4,Chennai
2022-12-09,2022,12,Chennai collectorate building,42.4,Chennai
2022-12-09,2022,12,Sholinganallur,41.4,Chennai
2022-12-09,2022,12,Ambathur,39.6,Chennai
2022-12-09,2022,12,Anna university,36.2,Chennai
2022-12-09,2022,12,Perungudi,36.0,Chennai
2022-12-09,2022,12,Manali,34.8,Chennai
2022-12-09,2022,12,Anna Nagar,34.6,Chennai
2022-12-09,2022,12,Sholinganallur,31.8,Chennai
2022-12-09,2022,12,Royapuram,19.8,Chennai
2022-12-09,2022,12,Zone 08 Anna Nagar,1.8,Chennai
2022-12-09,2022,12,Zone 14 U41 Perungudi,1.8,Chennai
2022-12-09,2022,12,Zone 15 Sholinganallur,1.8,Chennai
2022-12-09,2022,12,Zone 06 T.V.K Nagar,1.5,Chennai
2022-12-09,2022,12,Zone 09 Ice House,1.5,Chennai
2022-12-09,2022,12,Zone 09 Teynampet,1.5,Chennai
2022-12-09,2022,12,Zone 10 Kodambakkam,1.5,Chennai
2022-12-09,2022,12,Zone 11 U32 Maduravoyal,1.5,Chennai
2022-12-09,2022,12,Zone 04 Tondiarpet,1.2,Chennai
2022-12-09,2022,12,Zone 06 D65 Kolathur,1.2,Chennai
2022-12-09,2022,12,Zone 08 Malar colony,1.2,Chennai
2022-12-09,2022,12,Zone 12 D156 Mugalivakkam,1.2,Chennai
2022-12-09,2022,12,Zone 13 Adyar Eco Park,1.2,Chennai
2022-12-09,2022,12,Zone 02 Manali,0.9,Chennai
2022-12-09,2022,12,Zone 07 U18 D81 Vanagaram,0.9,Chennai
2022-12-09,2022,12,Zone 13 Adyar,0.9,Chennai
2022-12-09,2022,12,Zone 15 Uthandi,0.9,Chennai
2022-12-09,2022,12,Zone 01 Thiruvottiyur,0.6,Chennai
2022-12-09,2022,12,Zone 05 GCC,0.6,Chennai
2022-12-09,2022,12,Zone 07 Ambattur,0.6,Chennai
2022-12-09,2022,12,Zone 11 Valasaravakkam,0.6,Chennai
2022-12-09,2022,12,Zone 12 Alandhur,0.6,Chennai
2022-12-09,2022,12,Zone 13 U39 Adyar,0.6,Chennai
2022-12-09,2022,12,Zone 01 Kathivakkam,0.3,Chennai
2022-12-09,2022,12,Zone 02 D15 Manali,0.3,Chennai
2022-12-09,2022,12,Zone 03 Madhavaram,0.3,Chennai
2022-12-09,2022,12,Zone 05 Royapuram,0.3,Chennai
2022-12-09,2022,12,Zone 12 Meenambakkam,0.3,Chennai
2022-12-09,2022,12,Zone 14 Perungudi,0.3,Chennai
2022-12-09,2022,12,Madhavaram,0.2,Chennai
2022-12-10,2022,12,Zone 11 U32 Maduravoyal,153.9,Chennai
2022-12-10,2022,12,Ayanavaram taluk office,151.4,Chennai
2022-12-10,2022,12,Perambur Corporation park,137.6,Chennai
2022-12-10,2022,12,Zone 12 Meenambakkam,132.9,Chennai
2022-12-10,2022,12,Alandur,132.7,Chennai
2022-12-10,2022,12,Zone 09 Teynampet,129.3,Chennai
2022-12-10,2022,12,Zone 12 D156 Mugalivakkam,126.6,Chennai
2022-12-10,2022,12,Gov hr sec school MGR Nagar,126.6,Chennai
2022-12-10,2022,12,Ambathur,123.0,Chennai
2022-12-10,2022,12,Zone 14 U41 Perungudi,121.2,Chennai
2022-12-10,2022,12,Zone 14 Perungudi,116.1,Chennai
2022-12-10,2022,12,Zone 10 Kodambakkam,111.6,Chennai
2022-12-10,2022,12,Chennai nungambakkam,111.3,Chennai
2022-12-10,2022,12,Zone 08 Anna Nagar,111.0,Chennai
2022-12-10,2022,12,CD Hospital Tondiarpet,110.4,Chennai
2022-12-10,2022,12,DGP Office,108.8,Chennai
2022-12-10,2022,12,Zone 04 Tondiarpet,108.3,Chennai
2022-12-10,2022,12,Zone 07 Ambattur,103.8,Chennai
2022-12-10,2022,12,Valasaravakkam,103.4,Chennai
2022-12-10,2022,12,Zone 11 Valasaravakkam,103.2,Chennai
2022-12-10,2022,12,Zone 12 Alandhur,103.2,Chennai
2022-12-10,2022,12,Zone 08 Malar colony,102.9,Chennai
2022-12-10,2022,12,Zone 06 D65 Kolathur,102.3,Chennai
2022-12-10,2022,12,Zone 13 Adyar Eco Park,102.0,Chennai
2022-12-10,2022,12,Thiru-Vi-Ka Nagar,99.6,Chennai
2022-12-10,2022,12,Zone 13 U39 Adyar,98.7,Chennai
2022-12-10,2022,12,Zone 06 T.V.K Nagar,98.1,Chennai
2022-12-10,2022,12,Zone 01 Kathivakkam,97.5,Chennai
2022-12-10,2022,12,Anna university,96.4,Chennai
2022-12-10,2022,12,Adyar,94.6,Chennai
2022-12-10,2022,12,Zone 15 Uthandi,94.5,Chennai
2022-12-10,2022,12,Anna Nagar,91.6,Chennai
2022-12-10,2022,12,Zone 13 Adyar,90.6,Chennai
2022-12-10,2022,12,Sholinganallur,90.5,Chennai
2022-12-10,2022,12,Zone 15 Sholinganallur,90.3,Chennai
2022-12-10,2022,12,Chennai collectorate building,89.2,Chennai
2022-12-10,2022,12,Perungudi,88.2,Chennai
2022-12-10,2022,12,Kodambakkam,87.6,Chennai
2022-12-10,2022,12,Sholinganallur,85.0,Chennai
2022-12-10,2022,12,Zone 09 Ice House,83.7,Chennai
2022-12-10,2022,12,Zone 05 GCC,81.9,Chennai
2022-12-10,2022,12,Teynampet,73.2,Chennai
2022-12-10,2022,12,Zone 01 Thiruvottiyur,70.2,Chennai
2022-12-10,2022,12,Zone 02 D15 Manali,67.8,Chennai
2022-12-10,2022,12,Zone 02 Manali,66.3,Chennai
2022-12-10,2022,12,Ambattur,59.4,Chennai
2022-12-10,2022,12,Zone 05 Royapuram,55.2,Chennai
2022-12-10,2022,12,Zone 03 Puzhal,51.0,Chennai
2022-12-10,2022,12,Thiruvottiyur,50.8,Chennai
2022-12-10,2022,12,Royapuram,48.4,Chennai
2022-12-10,2022,12,Manali,25.6,Chennai
2022-12-11,2022,12,Ambathur,36.0,Chennai
2022-12-11,2022,12,DGP Office,26.6,Chennai
2022-12-11,2022,12,Zone 04 Tondiarpet,15.9,Chennai
2022-12-11,2022,12,Zone 08 Malar colony,14.4,Chennai
2022-12-11,2022,12,Zone 07 U18 D81 Vanagaram,14.1,Chennai
2022-12-11,2022,12,Zone 14 Perungudi,13.8,Chennai
2022-12-11,2022,12,Zone 14 U41 Perungudi,13.5,Chennai
2022-12-11,2022,12,Zone 06 T.V.K Nagar,13.2,Chennai
2022-12-11,2022,12,Zone 09 Ice House,12.9,Chennai
2022-12-11,2022,12,Valasaravakkam,12.8,Chennai
2022-12-11,2022,12,Zone 08 Anna Nagar,12.3,Chennai
2022-12-11,2022,12,Zone 09 Teynampet,12.3,Chennai
2022-12-11,2022,12,Zone 07 Ambattur,12.0,Chennai
2022-12-11,2022,12,Anna Nagar,11.8,Chennai
2022-12-11,2022,12,Royapuram,11.0,Chennai
2022-12-11,2022,12,Zone 10 Kodambakkam,10.8,Chennai
2022-12-11,2022,12,Zone 05 GCC,10.5,Chennai
2022-12-11,2022,12,Zone 15 Sholinganallur,9.9,Chennai
2022-12-11,2022,12,Zone 06 D65 Kolathur,9.6,Chennai
2022-12-11,2022,12,Chennai nungambakkam,9.4,Chennai
2022-12-11,2022,12,Ayanavaram taluk office,9.0,Chennai
2022-12-11,2022,12,Zone 11 U32 Maduravoyal,9.0,Chennai
2022-12-11,2022,12,Zone 12 Meenambakkam,9.0,Chennai
2022-12-11,2022,12,Zone 13 Adyar Eco Park,9.0,Chennai
2022-12-11,2022,12,Zone 13 U39 Adyar,9.0,Chennai
2022-12-11,2022,12,Zone 12 Alandhur,8.7,Chennai
2022-12-11,2022,12,Zone 01 Kathivakkam,8.4,Chennai
2022-12-11,2022,12,Zone 02 Manali,7.8,Chennai
2022-12-11,2022,12,Teynampet,7.6,Chennai
2022-12-11,2022,12,Perungudi,7.6,Chennai
2022-12-11,2022,12,Zone 01 Thiruvottiyur,7.5,Chennai
2022-12-11,2022,12,Anna university,7.4,Chennai
2022-12-11,2022,12,Perambur Corporation park,7.4,Chennai
2022-12-11,2022,12,Adyar,7.4,Chennai
2022-12-11,2022,12,Gov hr sec school MGR Nagar,7.2,Chennai
2022-12-11,2022,12,Zone 13 Adyar,7.2,Chennai
2022-12-11,2022,12,Sholinganallur,7.1,Chennai
2022-12-11,2022,12,Zone 02 D15 Manali,6.9,Chennai
2022-12-11,2022,12,Thiru-Vi-Ka Nagar,6.8,Chennai
2022-12-11,2022,12,Kodambakkam,6.8,Chennai
2022-12-11,2022,12,Zone 03 Madhavaram,6.6,Chennai
2022-12-11,2022,12,Zone 11 Valasaravakkam,6.6,Chennai
2022-12-11,2022,12,Zone 12 D156 Mugalivakkam,6.6,Chennai
2022-12-11,2022,12,Alandur,6.5,Chennai
2022-12-11,2022,12,Manali,5.6,Chennai
2022-12-11,2022,12,CD Hospital Tondiarpet,5.3,Chennai
2022-12-11,2022,12,Sholinganallur,4.8,Chennai
2022-12-11,2022,12,Thiruvottiyur,3.8,Chennai
2022-12-11,2022,12,Zone 03 Puzhal,2.7,Chennai
2022-12-11,2022,12,Chennai collectorate building,2.2,Chennai
2022-12-11,2022,12,Zone 05 Royapuram,1.2,Chennai
2022-12-12,2022,12,Ambathur,39.0,Chennai
2022-12-12,2022,12,Zone 02 D15 Manali,36.9,Chennai
2022-12-12,2022,12,Zone 06 T.V.K Nagar,29.4,Chennai
2022-12-12,2022,12,Zone 08 Malar colony,28.5,Chennai
2022-12-12,2022,12,Zone 07 U18 D81 Vanagaram,28.2,Chennai
2022-12-12,2022,12,Zone 06 D65 Kolathur,24.9,Chennai
2022-12-12,2022,12,Zone 11 U32 Maduravoyal,23.1,Chennai
2022-12-12,2022,12,Perambur Corporation park,22.2,Chennai
2022-12-12,2022,12,Zone 05 GCC,21.0,Chennai
2022-12-12,2022,12,Zone 11 Valasaravakkam,20.7,Chennai
2022-12-12,2022,12,Ayanavaram taluk office,20.0,Chennai
2022-12-12,2022,12,Alandur,19.1,Chennai
2022-12-12,2022,12,Zone 12 Alandhur,18.9,Chennai
2022-12-12,2022,12,DGP Office,18.6,Chennai
2022-12-12,2022,12,Anna university,18.2,Chennai
2022-12-12,2022,12,Valasaravakkam,18.0,Chennai
2022-12-12,2022,12,Zone 12 D156 Mugalivakkam,17.1,Chennai
2022-12-12,2022,12,Zone 12 Meenambakkam,16.8,Chennai
2022-12-12,2022,12,Chennai collectorate building,15.2,Chennai
2022-12-12,2022,12,Zone 08 Anna Nagar,14.4,Chennai
2022-12-12,2022,12,CD Hospital Tondiarpet,14.1,Chennai
2022-12-12,2022,12,Anna Nagar,14.0,Chennai
2022-12-12,2022,12,Gov hr sec school MGR Nagar,13.6,Chennai
2022-12-12,2022,12,Zone 07 Ambattur,13.5,Chennai
2022-12-12,2022,12,Zone 04 Tondiarpet,12.9,Chennai
2022-12-12,2022,12,Chennai nungambakkam,12.9,Chennai
2022-12-12,2022,12,Zone 14 U41 Perungudi,12.3,Chennai
2022-12-12,2022,12,Zone 13 U39 Adyar,10.2,Chennai
2022-12-12,2022,12,Thiru-Vi-Ka Nagar,9.6,Chennai
2022-12-12,2022,12,Zone 01 Kathivakkam,9.6,Chennai
2022-12-12,2022,12,Zone 15 Sholinganallur,9.3,Chennai
2022-12-12,2022,12,Adyar,8.6,Chennai
2022-12-12,2022,12,Zone 09 Ice House,8.1,Chennai
2022-12-12,2022,12,Sholinganallur,7.9,Chennai
2022-12-12,2022,12,Zone 10 Kodambakkam,7.8,Chennai
2022-12-12,2022,12,Zone 09 Teynampet,6.9,Chennai
2022-12-12,2022,12,Zone 01 Thiruvottiyur,6.3,Chennai
2022-12-12,2022,12,Zone 14 Perungudi,6.3,Chennai
2022-12-12,2022,12,Zone 13 Adyar,4.8,Chennai
2022-12-12,2022,12,Kodambakkam,4.0,Chennai
2022-12-12,2022,12,Zone 13 Adyar Eco Park,3.9,Chennai
2022-12-12,2022,12,Perungudi,3.8,Chennai
2022-12-12,2022,12,Teynampet,2.6,Chennai
2022-12-12,2022,12,Royapuram,2.4,Chennai
2022-12-12,2022,12,Zone 02 Manali,1.5,Chennai
2022-12-12,2022,12,Thiruvottiyur,1.4,Chennai
2022-12-12,2022,12,Manali,0.8,Chennai
2022-12-12,2022,12,Sholinganallur,0.8,Chennai
2022-12-12,2022,12,Zone 03 Puzhal,0.6,Chennai
2022-12-12,2022,12,Zone 03 Madhavaram,0.3,Chennai
2022-12-13,2022,12,Zone 11 U32 Maduravoyal,36.9,Chennai
2022-12-13,2022,12,Zone 12 D156 Mugalivakkam,36.3,Chennai
2022-12-13,2022,12,Zone 15 Sholinganallur,36.0,Chennai
2022-12-13,2022,12,Zone 12 Meenambakkam,34.5,Chennai
2022-12-13,2022,12,Alandur,34.3,Chennai
2022-12-13,2022,12,Anna university,34.0,Chennai
2022-12-13,2022,12,Zone 09 Teynampet,32.4,Chennai
2022-12-13,2022,12,Zone 14 Perungudi,31.8,Chennai
2022-12-13,2022,12,Sholinganallur,31.6,Chennai
2022-12-13,2022,12,Sholinganallur,31.3,Chennai
2022-12-13,2022,12,Zone 14 U41 Perungudi,31.2,Chennai
2022-12-13,2022,12,Zone 12 Alandhur,30.9,Chennai
2022-12-13,2022,12,Zone 02 Manali,30.6,Chennai
2022-12-13,2022,12,Zone 13 U39 Adyar,30.3,Chennai
2022-12-13,2022,12,CD Hospital Tondiarpet,30.3,Chennai
2022-12-13,2022,12,Valasaravakkam,30.2,Chennai
2022-12-13,2022,12,Zone 07 U18 D81 Vanagaram,30.0,Chennai
2022-12-13,2022,12,Gov hr sec school MGR Nagar,29.8,Chennai
2022-12-13,2022,12,Zone 08 Malar colony,29.1,Chennai
2022-12-13,2022,12,Zone 10 Kodambakkam,29.1,Chennai
2022-12-13,2022,12,Perungudi,29.0,Chennai
2022-12-13,2022,12,Zone 13 Adyar,27.6,Chennai
2022-12-13,2022,12,Zone 02 D15 Manali,27.0,Chennai
2022-12-13,2022,12,Ambathur,27.0,Chennai
2022-12-13,2022,12,Chennai collectorate building,26.8,Chennai
2022-12-13,2022,12,Zone 07 Ambattur,26.7,Chennai
2022-12-13,2022,12,Adyar,26.6,Chennai
2022-12-13,2022,12,Zone 13 Adyar Eco Park,25.8,Chennai
2022-12-13,2022,12,Zone 04 Tondiarpet,24.3,Chennai
2022-12-13,2022,12,Kodambakkam,23.8,Chennai
2022-12-13,2022,12,Zone 06 D65 Kolathur,23.7,Chennai
2022-12-13,2022,12,Perambur Corporation park,23.6,Chennai
2022-12-13,2022,12,Zone 11 Valasaravakkam,23.1,Chennai
2022-12-13,2022,12,Zone 01 Thiruvottiyur,22.8,Chennai
2022-12-13,2022,12,Ayanavaram taluk office,22.6,Chennai
2022-12-13,2022,12,DGP Office,22.6,Chennai
2022-12-13,2022,12,Zone 06 T.V.K Nagar,22.5,Chennai
2022-12-13,2022,12,Zone 01 Kathivakkam,21.6,Chennai
2022-12-13,2022,12,Zone 08 Anna Nagar,21.3,Chennai
2022-12-13,2022,12,Teynampet,20.0,Chennai
2022-12-13,2022,12,Chennai nungambakkam,19.1,Chennai
2022-12-13,2022,12,Zone 09 Ice House,17.4,Chennai
2022-12-13,2022,12,Zone 03 Madhavaram,17.1,Chennai
2022-12-13,2022,12,Anna Nagar,16.8,Chennai
2022-12-13,2022,12,Zone 15 Uthandi,14.7,Chennai
2022-12-13,2022,12,Thiruvottiyur,14.0,Chennai
2022-12-13,2022,12,Royapuram,14.0,Chennai
2022-12-13,2022,12,Zone 05 GCC,12.9,Chennai
2022-12-13,2022,12,Manali,9.0,Chennai
2022-12-13,2022,12,Zone 03 Puzhal,7.2,Chennai
2022-12-13,2022,12,Zone 05 Royapuram,6.3,Chennai
2022-12-14,2022,12,Royapuram,1.6,Chennai
2022-12-14,2022,12,Valasaravakkam,1.0,Chennai
2022-12-14,2022,12,Zone 08 Anna Nagar,0.3,Chennai
2022-12-14,2022,12,Zone 14 Perungudi,0.3,Chennai
2022-12-15,2022,12,Teynampet,0.2,Chennai
2022-12-16,2022,12,Zone 03 Puzhal,0.3,Chennai
2022-12-21,2022,12,Teynampet,0.2,Chennai
2022-12-23,2022,12,Anna Nagar,0.2,Chennai
2022-12-25,2022,12,Chennai collectorate building,52.2,Chennai
2022-12-25,2022,12,Zone 04 Tondiarpet,47.4,Chennai
2022-12-25,2022,12,CD Hospital Tondiarpet,38.9,Chennai
2022-12-25,2022,12,Zone 05 Royapuram,35.7,Chennai
2022-12-25,2022,12,Zone 09 Ice House,35.1,Chennai
2022-12-25,2022,12,Zone 09 Teynampet,35.1,Chennai
2022-12-25,2022,12,Zone 06 T.V.K Nagar,30.6,Chennai
2022-12-25,2022,12,Zone 10 Kodambakkam,30.6,Chennai
2022-12-25,2022,12,Zone 08 Anna Nagar,30.0,Chennai
2022-12-25,2022,12,Zone 05 GCC,29.7,Chennai
2022-12-25,2022,12,Zone 11 U32 Maduravoyal,28.5,Chennai
2022-12-25,2022,12,Zone 12 Meenambakkam,27.6,Chennai
2022-12-25,2022,12,Zone 15 Sholinganallur,25.8,Chennai
2022-12-25,2022,12,Zone 12 D156 Mugalivakkam,25.2,Chennai
2022-12-25,2022,12,Anna university,24.2,Chennai
2022-12-25,2022,12,Zone 11 Valasaravakkam,23.4,Chennai
2022-12-25,2022,12,Gov hr sec school MGR Nagar,23.0,Chennai
2022-12-25,2022,12,Sholinganallur,22.8,Chennai
2022-12-25,2022,12,DGP Office,22.6,Chennai
2022-12-25,2022,12,Chennai nungambakkam,22.0,Chennai
2022-12-25,2022,12,Zone 13 Adyar,21.6,Chennai
2022-12-25,2022,12,Thiru-Vi-Ka Nagar,21.4,Chennai
2022-12-25,2022,12,Perambur Corporation park,21.3,Chennai
2022-12-25,2022,12,Zone 14 U41 Perungudi,20.1,Chennai
2022-12-25,2022,12,Zone 08 Malar colony,19.8,Chennai
2022-12-25,2022,12,Alandur,19.6,Chennai
2022-12-25,2022,12,Ayanavaram taluk office,18.5,Chennai
2022-12-25,2022,12,Ambattur,17.2,Chennai
2022-12-25,2022,12,Anna Nagar,16.8,Chennai
2022-12-25,2022,12,Zone 13 U39 Adyar,16.8,Chennai
2022-12-25,2022,12,Zone 12 Alandhur,16.5,Chennai
2022-12-25,2022,12,Zone 15 Uthandi,16.5,Chennai
2022-12-25,2022,12,Zone 14 Perungudi,15.9,Chennai
2022-12-25,2022,12,Royapuram,15.6,Chennai
2022-12-25,2022,12,Teynampet,15.4,Chennai
2022-12-25,2022,12,Tondairpet,14.6,Chennai
2022-12-25,2022,12,Kodambakkam,14.4,Chennai
2022-12-25,2022,12,Zone 07 U18 D81 Vanagaram,14.4,Chennai
2022-12-25,2022,12,Ambathur,14.0,Chennai
2022-12-25,2022,12,Sholinganallur,12.4,Chennai
2022-12-25,2022,12,Adyar,10.0,Chennai
2022-12-25,2022,12,Perungudi,8.8,Chennai
2022-12-25,2022,12,Zone 07 Ambattur,8.7,Chennai
2022-12-25,2022,12,Puzhal,7.4,Chennai
2022-12-25,2022,12,Zone 06 D65 Kolathur,7.2,Chennai
2022-12-25,2022,12,Zone 02 D15 Manali,6.6,Chennai
2022-12-25,2022,12,Zone 01 Thiruvottiyur,6.0,Chennai
2022-12-25,2022,12,Valasaravakkam,5.6,Chennai
2022-12-25,2022,12,Zone 02 Manali,5.1,Chennai
2022-12-25,2022,12,Zone 01 Kathivakkam,3.6,Chennai
2022-12-25,2022,12,Zone 03 Puzhal,3.6,Chennai
2022-12-25,2022,12,Manali,2.8,Chennai
2022-12-25,2022,12,Zone 03 Madhavaram,2.1,Chennai
2022-12-25,2022,12,Thiruvottiyur,1.8,Chennai
2022-12-26,2022,12,Perambur Corporation park,26.2,Chennai
2022-12-26,2022,12,CD Hospital Tondiarpet,24.4,Chennai
2022-12-26,2022,12,Chennai collectorate building,22.2,Chennai
2022-12-26,2022,12,Royapuram,19.4,Chennai
2022-12-26,2022,12,Thiru-Vi-Ka Nagar,17.0,Chennai
2022-12-26,2022,12,Ambathur,17.0,Chennai
2022-12-26,2022,12,Zone 06 T.V.K Nagar,16.8,Chennai
2022-12-26,2022,12,Ayanavaram taluk office,16.5,Chennai
2022-12-26,2022,12,Zone 07 U18 D81 Vanagaram,16.2,Chennai
2022-12-26,2022,12,DGP Office,15.8,Chennai
2022-12-26,2022,12,Zone 05 Royapuram,15.3,Chennai
2022-12-26,2022,12,Tondairpet,14.8,Chennai
2022-12-26,2022,12,Zone 06 D65 Kolathur,14.7,Chennai
2022-12-26,2022,12,Puzhal,14.4,Chennai
2022-12-26,2022,12,Zone 04 Tondiarpet,14.4,Chennai
2022-12-26,2022,12,Alandur,13.2,Chennai
2022-12-26,2022,12,Ambattur,12.4,Chennai
2022-12-26,2022,12,Anna university,12.4,Chennai
2022-12-26,2022,12,Zone 01 Thiruvottiyur,11.4,Chennai
2022-12-26,2022,12,Zone 02 Manali,10.5,Chennai
2022-12-26,2022,12,Anna Nagar,10.4,Chennai
2022-12-26,2022,12,Gov hr sec school MGR Nagar,10.2,Chennai
2022-12-26,2022,12,Thiruvottiyur,9.6,Chennai
2022-12-26,2022,12,Zone 05 GCC,9.6,Chennai
2022-12-26,2022,12,Zone 07 Ambattur,9.6,Chennai
2022-12-26,2022,12,Zone 09 Teynampet,9.3,Chennai
2022-12-26,2022,12,Sholinganallur,9.3,Chennai
2022-12-26,2022,12,Teynampet,9.2,Chennai
2022-12-26,2022,12,Zone 03 Madhavaram,9.0,Chennai
2022-12-26,2022,12,Chennai nungambakkam,8.7,Chennai
2022-12-26,2022,12,Kodambakkam,8.4,Chennai
2022-12-26,2022,12,Zone 08 Malar colony,8.1,Chennai
2022-12-26,2022,12,Zone 09 Ice House,8.1,Chennai
2022-12-26,2022,12,Zone 10 Kodambakkam,8.1,Chennai
2022-12-26,2022,12,Zone 12 D156 Mugalivakkam,8.1,Chennai
2022-12-26,2022,12,Manali,6.6,Chennai
2022-12-26,2022,12,Zone 08 Anna Nagar,6.3,Chennai
2022-12-26,2022,12,Zone 13 Adyar,6.3,Chennai
2022-12-26,2022,12,Zone 12 Alandhur,5.1,Chennai
2022-12-26,2022,12,Zone 11 U32 Maduravoyal,4.8,Chennai
2022-12-26,2022,12,Valasaravakkam,4.6,Chennai
2022-12-26,2022,12,Zone 12 Meenambakkam,4.5,Chennai
2022-12-26,2022,12,Zone 14 U41 Perungudi,4.5,Chennai
2022-12-26,2022,12,Adyar,4.2,Chennai
2022-12-26,2022,12,Zone 03 Puzhal,4.2,Chennai
2022-12-26,2022,12,Zone 11 Valasaravakkam,4.2,Chennai
2022-12-26,2022,12,Zone 14 Perungudi,4.2,Chennai
2022-12-26,2022,12,Zone 02 D15 Manali,3.9,Chennai
2022-12-26,2022,12,Perungudi,3.0,Chennai
2022-12-26,2022,12,Zone 13 U39 Adyar,2.7,Chennai
2022-12-26,2022,12,Zone 15 Sholinganallur,1.2,Chennai
2022-12-26,2022,12,Zone 01 Kathivakkam,0.3,Chennai
2022-12-26,2022,12,Zone 15 Uthandi,0.3,Chennai
2022-12-27,2022,12,Ayanavaram taluk office,3.2,Chennai
2022-12-27,2022,12,Zone 13 Adyar Eco Park,2.1,Chennai
2022-12-27,2022,12,Zone 09 Ice House,1.8,Chennai
2022-12-27,2022,12,Teynampet,1.2,Chennai
2022-12-27,2022,12,Zone 03 Madhavaram,1.2,Chennai
2022-12-27,2022,12,Zone 05 GCC,1.2,Chennai
2022-12-27,2022,12,Gov hr sec school MGR Nagar,1.0,Chennai
2022-12-27,2022,12,Zone 07 U18 D81 Vanagaram,0.9,Chennai
2022-12-27,2022,12,Zone 08 Anna Nagar,0.9,Chennai
2022-12-27,2022,12,CD Hospital Tondiarpet,0.7,Chennai
2022-12-27,2022,12,Ambattur,0.6,Chennai
2022-12-27,2022,12,Zone 04 Tondiarpet,0.6,Chennai
2022-12-27,2022,12,Thiru-Vi-Ka Nagar,0.4,Chennai
2022-12-27,2022,12,Anna Nagar,0.4,Chennai
2022-12-27,2022,12,Valasaravakkam,0.4,Chennai
2022-12-27,2022,12,Zone 05 Royapuram,0.3,Chennai
2022-12-27,2022,12,Zone 08 Malar colony,0.3,Chennai
2022-12-27,2022,12,Zone 11 U32 Maduravoyal,0.3,Chennai
2022-12-27,2022,12,Zone 11 Valasaravakkam,0.3,Chennai
2022-12-27,2022,12,Adyar,0.2,Chennai
2022-12-28,2022,12,Zone 09 Ice House,2.1,Chennai
2022-12-28,2022,12,Zone 04 Tondiarpet,1.5,Chennai
2022-12-28,2022,12,Zone 10 Kodambakkam,0.3,Chennai
2022-12-28,2022,12,Teynampet,0.2,Chennai
2023-01-04,2023,1,Puzhal,1.0,Chennai
2023-01-05,2023,1,Zone 03 Puzhal,1.2,Chennai
2023-01-05,2023,1,Zone 13 U39 Adyar,0.6,Chennai
2023-01-05,2023,1,Royapuram,0.4,Chennai
2023-01-05,2023,1,Zone 05 GCC,0.3,Chennai
2023-01-05,2023,1,Zone 05 Royapuram,0.3,Chennai
2023-01-05,2023,1,Zone 06 D65 Kolathur,0.3,Chennai
2023-01-05,2023,1,Zone 09 Teynampet,0.3,Chennai
2023-01-05,2023,1,Zone 14 Perungudi,0.3,Chennai
2023-01-05,2023,1,Madhavaram,0.2,Chennai
2023-01-06,2023,1,Zone 13 U39 Adyar,2.4,Chennai
2023-01-06,2023,1,Zone 14 Perungudi,1.2,Chennai
2023-01-06,2023,1,Zone 08 Anna Nagar,0.9,Chennai
2023-01-06,2023,1,Thiru-Vi-Ka Nagar,0.8,Chennai
2023-01-06,2023,1,Zone 13 Adyar Eco Park,0.6,Chennai
2023-01-07,2023,1,Zone 04 Tondiarpet,2.4,Chennai
2023-01-07,2023,1,Zone 08 Anna Nagar,1.5,Chennai
2023-01-07,2023,1,Zone 15 Sholinganallur,0.9,Chennai
2023-01-07,2023,1,Zone 10 Kodambakkam,0.6,Chennai
2023-01-07,2023,1,Zone 01 Thiruvottiyur,0.3,Chennai
2023-01-07,2023,1,Zone 05 Royapuram,0.3,Chennai
2023-01-07,2023,1,Zone 09 Teynampet,0.3,Chennai
2023-01-07,2023,1,Zone 11 Valasaravakkam,0.3,Chennai
2023-01-07,2023,1,Zone 12 D156 Mugalivakkam,0.3,Chennai
2023-01-07,2023,1,Zone 14 Perungudi,0.3,Chennai
2023-01-07,2023,1,Thiruvottiyur,0.2,Chennai
2023-01-07,2023,1,Sholinganallur,0.2,Chennai
2023-01-08,2023,1,Zone 09 Ice House,3.9,Chennai
2023-01-08,2023,1,Zone 08 Anna Nagar,2.1,Chennai
2023-01-08,2023,1,Zone 10 Kodambakkam,2.1,Chennai
2023-01-08,2023,1,Zone 15 Uthandi,1.8,Chennai
2023-01-08,2023,1,Zone 13 Adyar Eco Park,1.2,Chennai
2023-01-08,2023,1,Zone 01 Thiruvottiyur,0.9,Chennai
2023-01-08,2023,1,DGP Office,0.8,Chennai
2023-01-08,2023,1,Alandur,0.8,Chennai
2023-01-08,2023,1,Anna university,0.6,Chennai
2023-01-08,2023,1,Teynampet,0.6,Chennai
2023-01-08,2023,1,Zone 12 Meenambakkam,0.6,Chennai
2023-01-08,2023,1,Thiruvottiyur,0.4,Chennai
2023-01-08,2023,1,Royapuram,0.4,Chennai
2023-01-08,2023,1,Zone 04 Tondiarpet,0.3,Chennai
2023-01-08,2023,1,Zone 05 GCC,0.3,Chennai
2023-01-08,2023,1,Zone 05 Royapuram,0.3,Chennai
2023-01-08,2023,1,Zone 06 T.V.K Nagar,0.3,Chennai
2023-01-08,2023,1,Zone 09 Teynampet,0.3,Chennai
2023-01-08,2023,1,Zone 11 Valasaravakkam,0.3,Chennai
2023-01-08,2023,1,Zone 12 D156 Mugalivakkam,0.3,Chennai
2023-01-08,2023,1,Zone 13 Adyar,0.3,Chennai
2023-01-08,2023,1,Zone 14 Perungudi,0.3,Chennai
2023-01-08,2023,1,Zone 15 Sholinganallur,0.3,Chennai
2023-01-08,2023,1,Valasaravakkam,0.2,Chennai
2023-01-08,2023,1,Sholinganallur,0.2,Chennai
2023-01-08,2023,1,Chennai nungambakkam,0.1,Chennai
2023-01-09,2023,1,Thiruvottiyur,0.2,Chennai
2023-01-09,2023,1,Royapuram,0.2,Chennai
2023-01-10,2023,1,Anna Nagar,0.2,Chennai
2023-01-21,2023,1,Zone 08 Anna Nagar,4.2,Chennai
2023-01-21,2023,1,Zone 04 Tondiarpet,3.0,Chennai
2023-01-21,2023,1,Zone 06 T.V.K Nagar,2.7,Chennai
2023-01-21,2023,1,Zone 15 Uthandi,2.7,Chennai
2023-01-21,2023,1,Chennai collectorate building,2.2,Chennai
2023-01-21,2023,1,CD Hospital Tondiarpet,2.1,Chennai
2023-01-21,2023,1,Zone 05 Royapuram,2.1,Chennai
2023-01-21,2023,1,Ayanavaram taluk office,1.6,Chennai
2023-01-21,2023,1,Zone 01 Kathivakkam,1.5,Chennai
2023-01-21,2023,1,Perambur Corporation park,1.0,Chennai
2023-01-21,2023,1,Zone 02 Manali,0.9,Chennai
2023-01-21,2023,1,Zone 08 Malar colony,0.9,Chennai
2023-01-21,2023,1,Chennai nungambakkam,0.4,Chennai
2023-01-21,2023,1,Zone 06 D65 Kolathur,0.3,Chennai
2023-01-21,2023,1,Zone 07 U18 D81 Vanagaram,0.3,Chennai
2023-01-21,2023,1,Gov hr sec school MGR Nagar,0.2,Chennai
2023-01-21,2023,1,Ambathur,0.2,Chennai
2023-01-24,2023,1,Zone 09 Ice House,0.9,Chennai
2023-01-24,2023,1,Alandur,0.1,Chennai
2023-01-30,2023,1,Zone 12 Alandhur,0.6,Chennai
2023-01-31,2023,1,Zone 11 U32 Maduravoyal,6.0,Chennai
2023-01-31,2023,1,Zone 10 Kodambakkam,5.1,Chennai
2023-01-31,2023,1,Zone 11 Valasaravakkam,2.7,Chennai
2023-01-31,2023,1,Zone 14 Perungudi,2.7,Chennai
2023-01-31,2023,1,Zone 12 D156 Mugalivakkam,2.1,Chennai
2023-01-31,2023,1,Zone 12 Meenambakkam,1.8,Chennai
2023-01-31,2023,1,Zone 13 U39 Adyar,1.8,Chennai
2023-01-31,2023,1,Zone 14 U41 Perungudi,1.5,Chennai
2023-01-31,2023,1,Zone 08 Anna Nagar,1.2,Chennai
2023-01-31,2023,1,Zone 09 Teynampet,1.2,Chennai
2023-01-31,2023,1,Zone 08 Malar colony,0.6,Chennai
2023-01-31,2023,1,Zone 12 Alandhur,0.6,Chennai
2023-01-31,2023,1,Zone 13 Adyar Eco Park,0.6,Chennai
2023-01-31,2023,1,Zone 03 Puzhal,0.3,Chennai
2023-01-31,2023,1,Zone 05 GCC,0.3,Chennai
2023-01-31,2023,1,Zone 06 D65 Kolathur,0.3,Chennai
2023-01-31,2023,1,Zone 06 T.V.K Nagar,0.3,Chennai
2023-01-31,2023,1,Zone 09 Ice House,0.3,Chennai
2023-01-31,2023,1,Zone 13 Adyar,0.3,Chennai
2023-01-31,2023,1,Zone 15 Sholinganallur,0.3,Chennai
2023-02-02,2023,2,Zone 01 Kathivakkam,2.4,Chennai
2023-02-02,2023,2,CD Hospital Tondiarpet,1.5,Chennai
2023-02-02,2023,2,Zone 04 Tondiarpet,1.5,Chennai
2023-02-02,2023,2,Zone 05 GCC,1.5,Chennai
2023-02-02,2023,2,Zone 15 Sholinganallur,1.5,Chennai
2023-02-02,2023,2,Chennai nungambakkam,0.8,Chennai
2023-02-02,2023,2,Sholinganallur,0.6,Chennai
2023-02-02,2023,2,Zone 07 U18 D81 Vanagaram,0.6,Chennai
2023-02-02,2023,2,Zone 09 Ice House,0.6,Chennai
2023-02-02,2023,2,Zone 09 Teynampet,0.6,Chennai
2023-02-02,2023,2,Alandur,0.3,Chennai
2023-02-02,2023,2,Zone 02 D15 Manali,0.3,Chennai
2023-02-02,2023,2,Zone 02 Manali,0.3,Chennai
2023-02-02,2023,2,Zone 05 Royapuram,0.3,Chennai
2023-02-02,2023,2,Zone 12 Alandhur,0.3,Chennai
2023-02-02,2023,2,Zone 12 Meenambakkam,0.3,Chennai
2023-02-02,2023,2,Zone 13 Adyar Eco Park,0.3,Chennai
2023-02-02,2023,2,Ayanavaram taluk office,0.2,Chennai
2023-02-02,2023,2,Kodambakkam,0.2,Chennai
2023-02-02,2023,2,Puzhal,0.2,Chennai
2023-02-03,2023,2,Zone 15 Sholinganallur,0.6,Chennai
2023-02-03,2023,2,Zone 05 GCC,0.3,Chennai
2023-02-04,2023,2,Sholinganallur,0.4,Chennai
2023-02-04,2023,2,Sholinganallur,0.2,Chennai
2023-02-04,2023,2,Teynampet,0.2,Chennai
2023-02-07,2023,2,Puzhal,0.2,Chennai
2023-03-17,2023,3,Zone 06 D65 Kolathur,17.7,Chennai
2023-03-17,2023,3,Zone 06 T.V.K Nagar,12.9,Chennai
2023-03-17,2023,3,Zone 10 Kodambakkam,8.7,Chennai
2023-03-17,2023,3,Zone 08 Malar colony,7.8,Chennai
2023-03-17,2023,3,Zone 11 Valasaravakkam,6.6,Chennai
2023-03-17,2023,3,Zone 08 Anna Nagar,3.9,Chennai
2023-03-17,2023,3,Zone 12 D156 Mugalivakkam,2.7,Chennai
2023-03-17,2023,3,Zone 09 Teynampet,2.4,Chennai
2023-03-17,2023,3,Zone 03 Puzhal,1.8,Chennai
2023-03-17,2023,3,Zone 04 Tondiarpet,1.2,Chennai
2023-03-17,2023,3,Zone 05 GCC,0.3,Chennai
2023-03-18,2023,3,Zone 14 Perungudi,88.2,Chennai
2023-03-18,2023,3,Zone 12 D156 Mugalivakkam,68.7,Chennai
2023-03-18,2023,3,Zone 12 Meenambakkam,67.2,Chennai
2023-03-18,2023,3,Zone 14 U41 Perungudi,66.9,Chennai
2023-03-18,2023,3,Alandur,65.4,Chennai
2023-03-18,2023,3,Zone 13 U39 Adyar,57.3,Chennai
2023-03-18,2023,3,Zone 10 Kodambakkam,56.1,Chennai
2023-03-18,2023,3,Zone 12 Alandhur,49.8,Chennai
2023-03-18,2023,3,Zone 11 Valasaravakkam,45.6,Chennai
2023-03-18,2023,3,Zone 15 Sholinganallur,44.1,Chennai
2023-03-18,2023,3,Gov hr sec school MGR Nagar,42.0,Chennai
2023-03-18,2023,3,Zone 08 Anna Nagar,42.0,Chennai
2023-03-18,2023,3,Zone 09 Teynampet,38.7,Chennai
2023-03-18,2023,3,Anna university,38.2,Chennai
2023-03-18,2023,3,Zone 01 Kathivakkam,35.7,Chennai
2023-03-18,2023,3,Zone 08 Malar colony,29.4,Chennai
2023-03-18,2023,3,Zone 13 Adyar,27.0,Chennai
2023-03-18,2023,3,Ayanavaram taluk office,25.2,Chennai
2023-03-18,2023,3,Chennai nungambakkam,24.8,Chennai
2023-03-18,2023,3,Zone 11 U32 Maduravoyal,18.0,Chennai
2023-03-18,2023,3,Zone 06 D65 Kolathur,17.1,Chennai
2023-03-18,2023,3,Zone 13 Adyar Eco Park,17.1,Chennai
2023-03-18,2023,3,Sholinganallur,12.4,Chennai
2023-03-18,2023,3,Zone 09 Ice House,10.2,Chennai
2023-03-18,2023,3,Perambur Corporation park,9.9,Chennai
2023-03-18,2023,3,Zone 06 T.V.K Nagar,7.8,Chennai
2023-03-18,2023,3,Zone 05 GCC,7.2,Chennai
2023-03-18,2023,3,DGP Office,6.8,Chennai
2023-03-18,2023,3,Zone 15 Uthandi,4.5,Chennai
2023-03-18,2023,3,Zone 02 D15 Manali,3.0,Chennai
2023-03-18,2023,3,Zone 02 Manali,1.8,Chennai
2023-03-18,2023,3,CD Hospital Tondiarpet,0.9,Chennai
2023-03-18,2023,3,Zone 03 Puzhal,0.6,Chennai
2023-03-18,2023,3,Chennai collectorate building,0.4,Chennai
2023-03-18,2023,3,Zone 01 Thiruvottiyur,0.3,Chennai
2023-03-18,2023,3,Zone 03 Madhavaram,0.3,Chennai
2023-03-18,2023,3,Zone 07 U18 D81 Vanagaram,0.3,Chennai
2023-03-19,2023,3,Zone 08 Anna Nagar,33.0,Chennai
2023-03-19,2023,3,Zone 08 Malar colony,33.0,Chennai
2023-03-19,2023,3,Zone 06 D65 Kolathur,27.9,Chennai
2023-03-19,2023,3,Ayanavaram taluk office,26.2,Chennai
2023-03-19,2023,3,Zone 06 T.V.K Nagar,24.0,Chennai
2023-03-19,2023,3,Perambur Corporation park,23.1,Chennai
2023-03-19,2023,3,Zone 10 Kodambakkam,16.2,Chennai
2023-03-19,2023,3,Zone 12 D156 Mugalivakkam,15.9,Chennai
2023-03-19,2023,3,Zone 11 Valasaravakkam,13.2,Chennai
2023-03-19,2023,3,Ambathur,13.0,Chennai
2023-03-19,2023,3,Zone 11 U32 Maduravoyal,12.9,Chennai
2023-03-19,2023,3,Zone 07 U18 D81 Vanagaram,12.3,Chennai
2023-03-19,2023,3,Zone 03 Madhavaram,11.4,Chennai
2023-03-19,2023,3,Zone 02 Manali,10.2,Chennai
2023-03-19,2023,3,Zone 04 Tondiarpet,8.7,Chennai
2023-03-19,2023,3,Alandur,8.4,Chennai
2023-03-19,2023,3,Zone 09 Teynampet,8.4,Chennai
2023-03-19,2023,3,Zone 02 D15 Manali,7.5,Chennai
2023-03-19,2023,3,Gov hr sec school MGR Nagar,6.8,Chennai
2023-03-19,2023,3,Zone 03 Puzhal,6.3,Chennai
2023-03-19,2023,3,Zone 12 Meenambakkam,6.0,Chennai
2023-03-19,2023,3,Anna university,5.2,Chennai
2023-03-19,2023,3,Zone 01 Thiruvottiyur,5.1,Chennai
2023-03-19,2023,3,Chennai nungambakkam,3.9,Chennai
2023-03-19,2023,3,Zone 14 Perungudi,2.7,Chennai
2023-03-19,2023,3,Zone 01 Kathivakkam,2.4,Chennai
2023-03-19,2023,3,Zone 12 Alandhur,2.4,Chennai
2023-03-19,2023,3,DGP Office,2.2,Chennai
2023-03-19,2023,3,Zone 13 Adyar Eco Park,1.5,Chennai
2023-03-19,2023,3,Sholinganallur,1.2,Chennai
2023-03-19,2023,3,Zone 05 GCC,1.2,Chennai
2023-03-19,2023,3,Zone 09 Ice House,1.2,Chennai
2023-03-19,2023,3,CD Hospital Tondiarpet,1.0,Chennai
2023-03-19,2023,3,Zone 13 Adyar,0.9,Chennai
2023-03-19,2023,3,Zone 13 U39 Adyar,0.9,Chennai
2023-03-19,2023,3,Zone 14 U41 Perungudi,0.3,Chennai
2023-03-19,2023,3,Zone 15 Sholinganallur,0.3,Chennai
2023-03-19,2023,3,Chennai collectorate building,0.2,Chennai
2023-03-20,2023,3,Chennai collectorate building,44.1,Chennai
2023-03-20,2023,3,CD Hospital Tondiarpet,41.5,Chennai
2023-03-20,2023,3,Zone 09 Teynampet,30.3,Chennai
2023-03-20,2023,3,Anna university,28.2,Chennai
2023-03-20,2023,3,Zone 09 Ice House,26.1,Chennai
2023-03-20,2023,3,Zone 10 Kodambakkam,22.8,Chennai
2023-03-20,2023,3,DGP Office,22.4,Chennai
2023-03-20,2023,3,Zone 08 Malar colony,21.0,Chennai
2023-03-20,2023,3,Zone 06 T.V.K Nagar,20.1,Chennai
2023-03-20,2023,3,Zone 15 Uthandi,17.7,Chennai
2023-03-20,2023,3,Zone 12 Meenambakkam,16.5,Chennai
2023-03-20,2023,3,Chennai nungambakkam,16.3,Chennai
2023-03-20,2023,3,Perambur Corporation park,16.2,Chennai
2023-03-20,2023,3,Zone 04 Tondiarpet,16.2,Chennai
2023-03-20,2023,3,Zone 08 Anna Nagar,15.9,Chennai
2023-03-20,2023,3,Zone 12 Alandhur,15.3,Chennai
2023-03-20,2023,3,Ayanavaram taluk office,14.3,Chennai
2023-03-20,2023,3,Zone 13 Adyar,13.2,Chennai
2023-03-20,2023,3,Zone 06 D65 Kolathur,12.9,Chennai
2023-03-20,2023,3,Zone 13 Adyar Eco Park,12.9,Chennai
2023-03-20,2023,3,Zone 15 Sholinganallur,12.3,Chennai
2023-03-20,2023,3,Gov hr sec school MGR Nagar,12.0,Chennai
2023-03-20,2023,3,Zone 02 Manali,12.0,Chennai
2023-03-20,2023,3,Alandur,11.0,Chennai
2023-03-20,2023,3,Zone 14 Perungudi,10.5,Chennai
2023-03-20,2023,3,Sholinganallur,10.2,Chennai
2023-03-20,2023,3,Zone 12 D156 Mugalivakkam,10.2,Chennai
2023-03-20,2023,3,Zone 01 Thiruvottiyur,9.3,Chennai
2023-03-20,2023,3,Zone 01 Kathivakkam,8.1,Chennai
2023-03-20,2023,3,Zone 14 U41 Perungudi,7.2,Chennai
2023-03-20,2023,3,Zone 13 U39 Adyar,6.3,Chennai
2023-03-20,2023,3,Ambathur,6.0,Chennai
2023-03-20,2023,3,Zone 02 D15 Manali,5.4,Chennai
2023-03-20,2023,3,Zone 03 Madhavaram,5.1,Chennai
2023-03-20,2023,3,Zone 11 Valasaravakkam,5.1,Chennai
2023-03-20,2023,3,Zone 03 Puzhal,4.5,Chennai
2023-03-20,2023,3,Zone 07 U18 D81 Vanagaram,0.6,Chennai
2023-03-21,2023,3,Zone 02 Manali,55.5,Chennai
2023-03-21,2023,3,Zone 02 D15 Manali,45.0,Chennai
2023-03-21,2023,3,Zone 01 Thiruvottiyur,41.4,Chennai
2023-03-21,2023,3,Zone 01 Kathivakkam,27.6,Chennai
2023-03-21,2023,3,Zone 04 Tondiarpet,23.7,Chennai
2023-03-21,2023,3,Zone 03 Madhavaram,22.2,Chennai
2023-03-21,2023,3,Zone 07 U18 D81 Vanagaram,16.2,Chennai
2023-03-21,2023,3,Zone 06 D65 Kolathur,14.4,Chennai
2023-03-21,2023,3,Zone 06 T.V.K Nagar,8.1,Chennai
2023-03-21,2023,3,Chennai collectorate building,7.2,Chennai
2023-03-21,2023,3,Ayanavaram taluk office,7.1,Chennai
2023-03-21,2023,3,Ambathur,7.0,Chennai
2023-03-21,2023,3,Zone 03 Puzhal,6.0,Chennai
2023-03-21,2023,3,Zone 09 Teynampet,3.9,Chennai
2023-03-21,2023,3,Perambur Corporation park,3.3,Chennai
2023-03-21,2023,3,Chennai nungambakkam,2.4,Chennai
2023-03-21,2023,3,Zone 09 Ice House,2.4,Chennai
2023-03-21,2023,3,CD Hospital Tondiarpet,2.1,Chennai
2023-03-21,2023,3,Zone 08 Anna Nagar,1.8,Chennai
2023-03-21,2023,3,Zone 13 Adyar Eco Park,1.8,Chennai
2023-03-21,2023,3,Anna university,1.2,Chennai
2023-03-21,2023,3,DGP Office,0.5,Chennai
2023-03-21,2023,3,Gov hr sec school MGR Nagar,0.4,Chennai
2023-03-21,2023,3,Zone 08 Malar colony,0.3,Chennai
2023-03-21,2023,3,Zone 12 D156 Mugalivakkam,0.3,Chennai
2023-03-21,2023,3,Zone 13 Adyar,0.3,Chennai
2023-03-21,2023,3,Zone 14 Perungudi,0.3,Chennai
2023-03-21,2023,3,Zone 15 Sholinganallur,0.3,Chennai
2023-03-21,2023,3,Alandur,0.2,Chennai
2023-03-22,2023,3,Anna Nagar,0.2,Chennai
2023-03-23,2023,3,Zone 09 Ice House,1.8,Chennai
2023-03-23,2023,3,Thiruvottiyur,1.0,Chennai
2023-03-23,2023,3,Royapuram,0.6,Chennai
2023-03-23,2023,3,Zone 04 Tondiarpet,0.6,Chennai
2023-03-23,2023,3,Zone 13 Adyar Eco Park,0.6,Chennai
2023-03-23,2023,3,Zone 01 Thiruvottiyur,0.3,Chennai
2023-03-23,2023,3,Ambattur,0.2,Chennai
2023-03-24,2023,3,Zone 06 D65 Kolathur,6.0,Chennai
2023-03-24,2023,3,Zone 12 D156 Mugalivakkam,4.8,Chennai
2023-03-24,2023,3,Zone 02 D15 Manali,4.5,Chennai
2023-03-24,2023,3,Zone 12 Meenambakkam,4.5,Chennai
2023-03-24,2023,3,Zone 07 U18 D81 Vanagaram,4.2,Chennai
2023-03-24,2023,3,Alandur,3.7,Chennai
2023-03-24,2023,3,Manali,1.8,Chennai
2023-03-24,2023,3,Zone 12 Alandhur,1.8,Chennai
2023-03-24,2023,3,Zone 14 Perungudi,1.8,Chennai
2023-03-24,2023,3,Madhavaram,1.6,Chennai
2023-03-24,2023,3,Zone 03 Puzhal,1.5,Chennai
2023-03-24,2023,3,Ambattur,1.2,Chennai
2023-03-24,2023,3,Zone 02 Manali,1.2,Chennai
2023-03-24,2023,3,Zone 06 T.V.K Nagar,0.9,Chennai
2023-03-24,2023,3,Zone 15 Uthandi,0.9,Chennai
2023-03-24,2023,3,Zone 03 Madhavaram,0.6,Chennai
2023-03-24,2023,3,Zone 15 Sholinganallur,0.6,Chennai
2023-03-24,2023,3,Tondairpet,0.4,Chennai
2023-03-24,2023,3,Zone 01 Kathivakkam,0.3,Chennai
2023-03-24,2023,3,Zone 08 Anna Nagar,0.3,Chennai
2023-03-24,2023,3,Zone 08 Malar colony,0.3,Chennai
2023-03-24,2023,3,Zone 13 U39 Adyar,0.3,Chennai
2023-03-24,2023,3,Chennai nungambakkam,0.2,Chennai
2023-03-24,2023,3,Royapuram,0.2,Chennai
2023-03-24,2023,3,Sholinganallur,0.2,Chennai
2023-03-24,2023,3,Sholinganallur,0.1,Chennai
2023-03-26,2023,3,Royapuram,0.2,Chennai
2023-04-23,2023,4,Zone 07 U18 D81 Vanagaram,9.9,Chennai
2023-04-23,2023,4,Ambathur,7.0,Chennai
2023-04-23,2023,4,Zone 06 D65 Kolathur,4.2,Chennai
2023-04-23,2023,4,Zone 08 Malar colony,3.0,Chennai
2023-04-23,2023,4,Zone 02 D15 Manali,2.7,Chennai
2023-04-23,2023,4,Zone 06 T.V.K Nagar,2.7,Chennai
2023-04-23,2023,4,Zone 10 Kodambakkam,2.4,Chennai
2023-04-23,2023,4,Zone 08 Anna Nagar,2.1,Chennai
2023-04-23,2023,4,Zone 11 Valasaravakkam,2.1,Chennai
2023-04-23,2023,4,Zone 12 Meenambakkam,2.1,Chennai
2023-04-23,2023,4,Alandur,1.8,Chennai
2023-04-23,2023,4,Manali,1.8,Chennai
2023-04-23,2023,4,Ambattur,1.8,Chennai
2023-04-23,2023,4,Ayanavaram taluk office,1.6,Chennai
2023-04-23,2023,4,Chennai nungambakkam,1.5,Chennai
2023-04-23,2023,4,DGP Office,1.5,Chennai
2023-04-23,2023,4,Zone 02 Manali,1.5,Chennai
2023-04-23,2023,4,Valasaravakkam,1.4,Chennai
2023-04-23,2023,4,Anna university,1.2,Chennai
2023-04-23,2023,4,Zone 01 Kathivakkam,1.2,Chennai
2023-04-23,2023,4,Zone 14 Perungudi,1.2,Chennai
2023-04-23,2023,4,Perambur Corporation park,1.0,Chennai
2023-04-23,2023,4,Madhavaram,1.0,Chennai
2023-04-23,2023,4,Zone 12 Alandhur,0.9,Chennai
2023-04-23,2023,4,Gov hr sec school MGR Nagar,0.6,Chennai
2023-04-23,2023,4,Thiruvottiyur,0.6,Chennai
2023-04-23,2023,4,Thiru-Vi-Ka Nagar,0.6,Chennai
2023-04-23,2023,4,Kodambakkam,0.6,Chennai
2023-04-23,2023,4,Zone 01 Thiruvottiyur,0.6,Chennai
2023-04-23,2023,4,Zone 03 Puzhal,0.3,Chennai
2023-04-23,2023,4,Zone 15 Sholinganallur,0.3,Chennai
2023-04-23,2023,4,Sholinganallur,0.2,Chennai
2023-04-23,2023,4,Anna Nagar,0.2,Chennai
2023-04-23,2023,4,Teynampet,0.2,Chennai
2023-04-24,2023,4,Puzhal,4.8,Chennai
2023-04-24,2023,4,Zone 07 U18 D81 Vanagaram,4.5,Chennai
2023-04-24,2023,4,Ambathur,1.2,Chennai
2023-04-24,2023,4,Valasaravakkam,1.2,Chennai
2023-04-24,2023,4,Zone 11 Valasaravakkam,1.2,Chennai
2023-04-24,2023,4,Zone 15 Sholinganallur,1.2,Chennai
2023-04-24,2023,4,Manali,0.8,Chennai
2023-04-24,2023,4,Ambattur,0.6,Chennai
2023-04-24,2023,4,Zone 03 Puzhal,0.6,Chennai
2023-04-24,2023,4,Anna Nagar,0.4,Chennai
2023-04-24,2023,4,Sholinganallur,0.4,Chennai
2023-04-24,2023,4,Zone 01 Thiruvottiyur,0.3,Chennai
2023-04-24,2023,4,Zone 04 Tondiarpet,0.3,Chennai
2023-04-24,2023,4,Zone 12 Meenambakkam,0.3,Chennai
2023-04-24,2023,4,Zone 13 Adyar,0.3,Chennai
2023-04-24,2023,4,Zone 13 Adyar Eco Park,0.3,Chennai
2023-04-24,2023,4,Zone 14 U41 Perungudi,0.3,Chennai
2023-04-24,2023,4,Thiruvottiyur,0.2,Chennai
2023-04-24,2023,4,Alandur,0.1,Chennai
2023-04-24,2023,4,Sholinganallur,0.1,Chennai
2023-04-25,2023,4,Ambathur,10.0,Chennai
2023-04-25,2023,4,Zone 07 U18 D81 Vanagaram,4.5,Chennai
2023-04-25,2023,4,Zone 12 Meenambakkam,2.4,Chennai
2023-04-25,2023,4,Alandur,1.8,Chennai
2023-04-25,2023,4,Zone 05 Royapuram,1.8,Chennai
2023-04-25,2023,4,Zone 11 Valasaravakkam,0.3,Chennai
2023-04-25,2023,4,Zone 13 Adyar Eco Park,0.3,Chennai
2023-04-25,2023,4,Zone 14 Perungudi,0.3,Chennai
2023-04-25,2023,4,Madhavaram,0.2,Chennai
2023-04-25,2023,4,Ambattur,0.2,Chennai
2023-04-25,2023,4,Anna Nagar,0.2,Chennai
2023-04-25,2023,4,Teynampet,0.2,Chennai
2023-04-26,2023,4,Ambattur,0.2,Chennai
2023-04-26,2023,4,Valasaravakkam,0.2,Chennai
2023-04-28,2023,4,Zone 15 Uthandi,0.6,Chennai
2023-04-29,2023,4,Perungudi,2.8,Chennai
2023-04-29,2023,4,Adyar,0.4,Chennai
2023-04-30,2023,4,Perungudi,1.4,Chennai
2023-05-01,2023,5,Zone 15 Uthandi,13.2,Chennai
2023-05-01,2023,5,Zone 14 U41 Perungudi,8.1,Chennai
2023-05-01,2023,5,Thiru-Vi-Ka Nagar,6.2,Chennai
2023-05-01,2023,5,Zone 06 D65 Kolathur,3.9,Chennai
2023-05-01,2023,5,Perungudi,3.0,Chennai
2023-05-01,2023,5,Zone 02 Manali,3.0,Chennai
2023-05-01,2023,5,Sholinganallur,2.8,Chennai
2023-05-01,2023,5,Zone 13 Adyar Eco Park,2.7,Chennai
2023-05-01,2023,5,Zone 02 D15 Manali,2.4,Chennai
2023-05-01,2023,5,Zone 13 Adyar,2.4,Chennai
2023-05-01,2023,5,Tondairpet,2.0,Chennai
2023-05-01,2023,5,Adyar,2.0,Chennai
2023-05-01,2023,5,Kodambakkam,1.8,Chennai
2023-05-01,2023,5,Zone 13 U39 Adyar,1.8,Chennai
2023-05-01,2023,5,Zone 08 Malar colony,0.9,Chennai
2023-05-01,2023,5,Thiruvottiyur,0.8,Chennai
2023-05-01,2023,5,Zone 06 T.V.K Nagar,0.6,Chennai
2023-05-01,2023,5,Zone 09 Teynampet,0.6,Chennai
2023-05-01,2023,5,Zone 10 Kodambakkam,0.6,Chennai
2023-05-01,2023,5,Madhavaram,0.4,Chennai
2023-05-01,2023,5,Teynampet,0.4,Chennai
2023-05-01,2023,5,Zone 03 Puzhal,0.3,Chennai
2023-05-01,2023,5,Manali,0.2,Chennai
2023-05-02,2023,5,Zone 02 D15 Manali,166.2,Chennai
2023-05-02,2023,5,Zone 01 Kathivakkam,162.9,Chennai
2023-05-02,2023,5,Zone 02 Manali,109.5,Chennai
2023-05-02,2023,5,Zone 15 Uthandi,93.0,Chennai
2023-05-02,2023,5,Zone 14 Perungudi,70.8,Chennai
2023-05-02,2023,5,CD Hospital Tondiarpet,65.7,Chennai
2023-05-02,2023,5,Ambattur,64.2,Chennai
2023-05-02,2023,5,Zone 14 U41 Perungudi,61.5,Chennai
2023-05-02,2023,5,Anna Nagar,59.8,Chennai
2023-05-02,2023,5,Madhavaram,58.2,Chennai
2023-05-02,2023,5,Zone 13 Adyar Eco Park,57.6,Chennai
2023-05-02,2023,5,Zone 04 Tondiarpet,53.7,Chennai
2023-05-02,2023,5,Zone 08 Anna Nagar,52.8,Chennai
2023-05-02,2023,5,Chennai collectorate building,52.1,Chennai
2023-05-02,2023,5,DGP Office,49.8,Chennai
2023-05-02,2023,5,Tondairpet,49.6,Chennai
2023-05-02,2023,5,Zone 15 Sholinganallur,49.5,Chennai
2023-05-02,2023,5,Perambur Corporation park,44.3,Chennai
2023-05-02,2023,5,Zone 12 Meenambakkam,43.5,Chennai
2023-05-02,2023,5,Perungudi,43.2,Chennai
2023-05-02,2023,5,Zone 13 U39 Adyar,43.2,Chennai
2023-05-02,2023,5,Royapuram,42.4,Chennai
2023-05-02,2023,5,Zone 08 Malar colony,41.7,Chennai
2023-05-02,2023,5,Sholinganallur,41.2,Chennai
2023-05-02,2023,5,Zone 01 Thiruvottiyur,41.1,Chennai
2023-05-02,2023,5,Teynampet,40.4,Chennai
2023-05-02,2023,5,Ayanavaram taluk office,38.4,Chennai
2023-05-02,2023,5,Alandur,38.2,Chennai
2023-05-02,2023,5,Kodambakkam,35.0,Chennai
2023-05-02,2023,5,Zone 13 Adyar,34.5,Chennai
2023-05-02,2023,5,Thiruvottiyur,32.6,Chennai
2023-05-02,2023,5,Anna university,32.4,Chennai
2023-05-02,2023,5,Chennai nungambakkam,32.1,Chennai
2023-05-02,2023,5,Adyar,30.0,Chennai
2023-05-02,2023,5,Zone 06 T.V.K Nagar,27.0,Chennai
2023-05-02,2023,5,Zone 11 Valasaravakkam,26.1,Chennai
2023-05-02,2023,5,Zone 12 Alandhur,26.1,Chennai
2023-05-02,2023,5,Zone 10 Kodambakkam,25.5,Chennai
2023-05-02,2023,5,Gov hr sec school MGR Nagar,24.0,Chennai
2023-05-02,2023,5,Zone 06 D65 Kolathur,22.5,Chennai
2023-05-02,2023,5,Zone 07 U18 D81 Vanagaram,18.6,Chennai
2023-05-02,2023,5,Ambathur,13.0,Chennai
2023-05-02,2023,5,Sholinganallur,12.2,Chennai
2023-05-02,2023,5,Puzhal,11.8,Chennai
2023-05-02,2023,5,Valasaravakkam,10.0,Chennai
2023-05-02,2023,5,Zone 03 Puzhal,9.0,Chennai
2023-05-02,2023,5,Manali,4.8,Chennai
2023-05-02,2023,5,Thiru-Vi-Ka Nagar,4.8,Chennai
2023-05-02,2023,5,Zone 11 U32 Maduravoyal,3.9,Chennai
2023-05-03,2023,5,Zone 01 Kathivakkam,22.5,Chennai
2023-05-03,2023,5,Zone 05 GCC,16.8,Chennai
2023-05-03,2023,5,DGP Office,12.2,Chennai
2023-05-03,2023,5,Chennai nungambakkam,11.3,Chennai
2023-05-03,2023,5,Chennai collectorate building,11.1,Chennai
2023-05-03,2023,5,Zone 06 T.V.K Nagar,6.6,Chennai
2023-05-03,2023,5,Teynampet,5.2,Chennai
2023-05-03,2023,5,Tondairpet,4.8,Chennai
2023-05-03,2023,5,CD Hospital Tondiarpet,4.5,Chennai
2023-05-03,2023,5,Perambur Corporation park,4.4,Chennai
2023-05-03,2023,5,Madhavaram,4.2,Chennai
2023-05-03,2023,5,Zone 04 Tondiarpet,3.9,Chennai
2023-05-03,2023,5,Ayanavaram taluk office,3.8,Chennai
2023-05-03,2023,5,Thiruvottiyur,3.2,Chennai
2023-05-03,2023,5,Royapuram,3.2,Chennai
2023-05-03,2023,5,Zone 01 Thiruvottiyur,3.0,Chennai
2023-05-03,2023,5,Zone 02 Manali,3.0,Chennai
2023-05-03,2023,5,Zone 03 Madhavaram,3.0,Chennai
2023-05-03,2023,5,Zone 03 Puzhal,3.0,Chennai
2023-05-03,2023,5,Zone 02 D15 Manali,2.4,Chennai
2023-05-03,2023,5,Zone 14 U41 Perungudi,2.4,Chennai
2023-05-03,2023,5,Puzhal,2.2,Chennai
2023-05-03,2023,5,Sholinganallur,2.1,Chennai
2023-05-03,2023,5,Zone 08 Anna Nagar,2.1,Chennai
2023-05-03,2023,5,Zone 08 Malar colony,2.1,Chennai
2023-05-03,2023,5,Valasaravakkam,1.8,Chennai
2023-05-03,2023,5,Manali,1.6,Chennai
2023-05-03,2023,5,Thiru-Vi-Ka Nagar,1.6,Chennai
2023-05-03,2023,5,Anna university,1.4,Chennai
2023-05-03,2023,5,Ambathur,1.2,Chennai
2023-05-03,2023,5,Zone 07 Ambattur,1.2,Chennai
2023-05-03,2023,5,Ambattur,0.8,Chennai
2023-05-03,2023,5,Zone 06 D65 Kolathur,0.3,Chennai
2023-05-03,2023,5,Zone 09 Teynampet,0.3,Chennai
2023-05-03,2023,5,Zone 11 U32 Maduravoyal,0.3,Chennai
2023-05-03,2023,5,Zone 11 Valasaravakkam,0.3,Chennai
2023-05-03,2023,5,Zone 13 U39 Adyar,0.3,Chennai
2023-05-03,2023,5,Zone 15 Sholinganallur,0.3,Chennai
2023-05-03,2023,5,Gov hr sec school MGR Nagar,0.2,Chennai
2023-05-03,2023,5,Kodambakkam,0.2,Chennai
2023-05-03,2023,5,Adyar,0.2,Chennai
2023-05-03,2023,5,Alandur,0.1,Chennai
2023-05-04,2023,5,Zone 14 U41 Perungudi,1.8,Chennai
2023-05-04,2023,5,Thiru-Vi-Ka Nagar,1.4,Chennai
2023-05-04,2023,5,Manali,0.8,Chennai
2023-05-04,2023,5,Madhavaram,0.4,Chennai
2023-05-04,2023,5,Zone 03 Puzhal,0.3,Chennai
2023-05-04,2023,5,Zone 13 Adyar Eco Park,0.3,Chennai
2023-05-04,2023,5,Tondairpet,0.2,Chennai
2023-05-04,2023,5,Royapuram,0.2,Chennai
2023-05-04,2023,5,Teynampet,0.2,Chennai
2023-05-06,2023,5,Zone 02 D15 Manali,19.5,Chennai
2023-05-06,2023,5,Ambattur,7.8,Chennai
2023-05-06,2023,5,Zone 07 U18 D81 Vanagaram,4.2,Chennai
2023-05-06,2023,5,Ambathur,3.0,Chennai
2023-05-06,2023,5,Chennai collectorate building,2.1,Chennai
2023-05-06,2023,5,Zone 07 Ambattur,2.1,Chennai
2023-05-06,2023,5,Zone 15 Uthandi,1.2,Chennai
2023-05-06,2023,5,Sholinganallur,1.0,Chennai
2023-05-06,2023,5,Gov hr sec school MGR Nagar,0.8,Chennai
2023-05-06,2023,5,Alandur,0.6,Chennai
2023-05-06,2023,5,Anna university,0.4,Chennai
2023-05-06,2023,5,Zone 08 Malar colony,0.3,Chennai
2023-05-06,2023,5,Zone 15 Sholinganallur,0.3,Chennai
2023-05-07,2023,5,Zone 05 Royapuram,1.35,Chennai
2023-05-07,2023,5,Anna university,0.4,Chennai
2023-05-07,2023,5,Sholinganallur,0.2,Chennai
2023-05-08,2023,5,Teynampet,0.2,Chennai
2023-05-09,2023,5,Royapuram,0.2,Chennai
2023-05-26,2023,5,Ambathur,5.3,Chennai
2023-05-26,2023,5,Zone 07 Ambattur,4.5,Chennai
2023-05-26,2023,5,Zone 07 U18 D81 Vanagaram,0.3,Chennai
2023-05-30,2023,5,Zone 04 Tondiarpet,0.9,Chennai
2023-05-31,2023,5,Ambattur,1.2,Chennai
2023-05-31,2023,5,Zone 11 Valasaravakkam,1.2,Chennai
2023-05-31,2023,5,Manali,0.6,Chennai
2023-05-31,2023,5,Zone 13 Adyar Eco Park,0.6,Chennai
2023-05-31,2023,5,Zone 01 Kathivakkam,0.3,Chennai
2023-05-31,2023,5,Zone 06 D65 Kolathur,0.3,Chennai
2023-05-31,2023,5,Zone 08 Malar colony,0.3,Chennai
2023-05-31,2023,5,Zone 12 D156 Mugalivakkam,0.3,Chennai
2023-05-31,2023,5,Anna Nagar,0.2,Chennai
2023-05-31,2023,5,Teynampet,0.2,Chennai
2023-05-31,2023,5,Valasaravakkam,0.2,Chennai
2023-06-01,2023,6,Valasaravakkam,0.8,Chennai
2023-06-02,2023,6,Valasaravakkam,0.2,Chennai
2023-06-06,2023,6,Zone 12 Alandhur,9.0,Chennai
2023-06-06,2023,6,Zone 13 Adyar,6.0,Chennai
2023-06-06,2023,6,Gov hr sec school MGR Nagar,4.0,Chennai
2023-06-06,2023,6,Zone 11 Valasaravakkam,3.3,Chennai
2023-06-06,2023,6,Zone 14 Perungudi,3.3,Chennai
2023-06-06,2023,6,Zone 12 D156 Mugalivakkam,3.0,Chennai
2023-06-06,2023,6,Alandur,2.6,Chennai
2023-06-06,2023,6,Ambathur,2.1,Chennai
2023-06-06,2023,6,Zone 07 Ambattur,2.1,Chennai
2023-06-06,2023,6,Zone 10 Kodambakkam,2.1,Chennai
2023-06-06,2023,6,Ayanavaram taluk office,1.3,Chennai
2023-06-06,2023,6,Anna university,1.2,Chennai
2023-06-06,2023,6,Zone 07 U18 D81 Vanagaram,1.2,Chennai
2023-06-06,2023,6,Zone 14 U41 Perungudi,1.2,Chennai
2023-06-06,2023,6,Zone 13 U39 Adyar,0.9,Chennai
2023-06-06,2023,6,Zone 08 Anna Nagar,0.6,Chennai
2023-06-06,2023,6,Zone 08 Malar colony,0.3,Chennai
2023-06-06,2023,6,Zone 15 Sholinganallur,0.3,Chennai
2023-06-07,2023,6,Ayanavaram taluk office,22.4,Chennai
2023-06-07,2023,6,Zone 06 T.V.K Nagar,14.1,Chennai
2023-06-07,2023,6,Zone 05 GCC,13.2,Chennai
2023-06-07,2023,6,Zone 08 Anna Nagar,12.6,Chennai
2023-06-07,2023,6,Zone 08 Malar colony,10.8,Chennai
2023-06-07,2023,6,Chennai nungambakkam,10.6,Chennai
2023-06-07,2023,6,Perambur Corporation park,8.4,Chennai
2023-06-07,2023,6,Zone 11 Valasaravakkam,6.9,Chennai
2023-06-07,2023,6,Zone 14 U41 Perungudi,6.0,Chennai
2023-06-07,2023,6,Zone 12 Alandhur,5.4,Chennai
2023-06-07,2023,6,Zone 13 U39 Adyar,4.8,Chennai
2023-06-07,2023,6,Zone 06 D65 Kolathur,4.5,Chennai
2023-06-07,2023,6,Zone 12 D156 Mugalivakkam,4.2,Chennai
2023-06-07,2023,6,Zone 13 Adyar,3.9,Chennai
2023-06-07,2023,6,Zone 03 Puzhal,3.3,Chennai
2023-06-07,2023,6,Anna university,2.8,Chennai
2023-06-07,2023,6,Zone 13 Adyar Eco Park,2.7,Chennai
2023-06-07,2023,6,Gov hr sec school MGR Nagar,2.0,Chennai
2023-06-07,2023,6,Zone 10 Kodambakkam,1.8,Chennai
2023-06-07,2023,6,Alandur,1.6,Chennai
2023-06-07,2023,6,DGP Office,1.2,Chennai
2023-06-07,2023,6,Ambathur,1.2,Chennai
2023-06-07,2023,6,Zone 14 Perungudi,1.2,Chennai
2023-06-07,2023,6,Sholinganallur,1.0,Chennai
2023-06-08,2023,6,Zone 09 Ice House,180.9,Chennai
2023-06-08,2023,6,Valasaravakkam,0.6,Chennai
2023-06-08,2023,6,Perungudi,0.6,Chennai
2023-06-08,2023,6,Zone 14 U41 Perungudi,0.3,Chennai
2023-06-08,2023,6,Teynampet,0.2,Chennai
2023-06-09,2023,6,Perungudi,0.6,Chennai
2023-06-09,2023,6,Valasaravakkam,0.2,Chennai
2023-06-10,2023,6,Ambattur,7.8,Chennai
2023-06-10,2023,6,Zone 07 Ambattur,2.1,Chennai
2023-06-10,2023,6,Anna Nagar,1.8,Chennai
2023-06-10,2023,6,Zone 08 Malar colony,1.5,Chennai
2023-06-10,2023,6,Zone 10 Kodambakkam,1.2,Chennai
2023-06-10,2023,6,Zone 07 U18 D81 Vanagaram,0.6,Chennai
2023-06-10,2023,6,Zone 11 Valasaravakkam,0.6,Chennai
2023-06-10,2023,6,Kodambakkam,0.2,Chennai
2023-06-10,2023,6,Valasaravakkam,0.2,Chennai
2023-06-11,2023,6,Zone 13 U39 Adyar,33.6,Chennai
2023-06-11,2023,6,Zone 12 Alandhur,25.5,Chennai
2023-06-11,2023,6,Zone 14 U41 Perungudi,19.8,Chennai
2023-06-11,2023,6,Alandur,13.6,Chennai
2023-06-11,2023,6,Zone 14 Perungudi,8.4,Chennai
2023-06-11,2023,6,Perungudi,7.2,Chennai
2023-06-11,2023,6,Zone 12 D156 Mugalivakkam,5.7,Chennai
2023-06-11,2023,6,Zone 11 Valasaravakkam,5.1,Chennai
2023-06-11,2023,6,Zone 15 Uthandi,4.5,Chennai
2023-06-11,2023,6,Zone 12 Meenambakkam,3.9,Chennai
2023-06-11,2023,6,Sholinganallur,2.0,Chennai
2023-06-11,2023,6,Adyar,1.8,Chennai
2023-06-11,2023,6,Zone 15 Sholinganallur,1.5,Chennai
2023-06-11,2023,6,Sholinganallur,0.8,Chennai
2023-06-11,2023,6,Gov hr sec school MGR Nagar,0.4,Chennai
2023-06-11,2023,6,Valasaravakkam,0.4,Chennai
2023-06-11,2023,6,Zone 07 Ambattur,0.3,Chennai
2023-06-11,2023,6,Zone 07 U18 D81 Vanagaram,0.3,Chennai
2023-06-11,2023,6,Anna university,0.2,Chennai
2023-06-11,2023,6,Anna Nagar,0.2,Chennai
2023-06-12,2023,6,Zone 05 Royapuram,39.15,Chennai
2023-06-12,2023,6,Zone 01 Thiruvottiyur,33.3,Chennai
2023-06-12,2023,6,Zone 02 Manali,21.6,Chennai
2023-06-12,2023,6,Zone 06 T.V.K Nagar,18.3,Chennai
2023-06-12,2023,6,Zone 05 GCC,18.0,Chennai
2023-06-12,2023,6,Perambur Corporation park,17.2,Chennai
2023-06-12,2023,6,Zone 06 D65 Kolathur,16.5,Chennai
2023-06-12,2023,6,CD Hospital Tondiarpet,16.3,Chennai
2023-06-12,2023,6,Zone 08 Malar colony,15.0,Chennai
2023-06-12,2023,6,Chennai collectorate building,14.2,Chennai
2023-06-12,2023,6,Zone 04 Tondiarpet,11.7,Chennai
2023-06-12,2023,6,Ayanavaram taluk office,10.3,Chennai
2023-06-12,2023,6,Zone 15 Uthandi,10.2,Chennai
2023-06-12,2023,6,Zone 07 U18 D81 Vanagaram,9.6,Chennai
2023-06-12,2023,6,Zone 07 Ambattur,8.4,Chennai
2023-06-12,2023,6,Zone 08 Anna Nagar,8.1,Chennai
2023-06-12,2023,6,Chennai nungambakkam,7.3,Chennai
2023-06-12,2023,6,Ambathur,5.1,Chennai
2023-06-12,2023,6,Anna Nagar,4.6,Chennai
2023-06-12,2023,6,Gov hr sec school MGR Nagar,4.0,Chennai
2023-06-12,2023,6,Zone 12 D156 Mugalivakkam,3.6,Chennai
2023-06-12,2023,6,Zone 15 Sholinganallur,3.6,Chennai
2023-06-12,2023,6,Anna university,2.8,Chennai
2023-06-12,2023,6,Zone 10 Kodambakkam,2.7,Chennai
2023-06-12,2023,6,Madhavaram,2.4,Chennai
2023-06-12,2023,6,Zone 02 D15 Manali,2.4,Chennai
2023-06-12,2023,6,Alandur,2.2,Chennai
2023-06-12,2023,6,Zone 13 Adyar Eco Park,2.1,Chennai
2023-06-12,2023,6,Zone 14 Perungudi,1.8,Chennai
2023-06-12,2023,6,Royapuram,1.6,Chennai
2023-06-12,2023,6,DGP Office,1.5,Chennai
2023-06-12,2023,6,Zone 12 Meenambakkam,1.5,Chennai
2023-06-12,2023,6,Valasaravakkam,1.4,Chennai
2023-06-12,2023,6,Sholinganallur,1.2,Chennai
2023-06-12,2023,6,Zone 03 Puzhal,1.2,Chennai
2023-06-12,2023,6,Zone 11 Valasaravakkam,1.2,Chennai
2023-06-12,2023,6,Zone 12 Alandhur,1.2,Chennai
2023-06-12,2023,6,Manali,1.0,Chennai
2023-06-12,2023,6,Thiruvottiyur,0.8,Chennai
2023-06-12,2023,6,Thiru-Vi-Ka Nagar,0.4,Chennai
2023-06-12,2023,6,Sholinganallur,0.4,Chennai
2023-06-12,2023,6,Zone 13 Adyar,0.3,Chennai
2023-06-12,2023,6,Zone 13 U39 Adyar,0.3,Chennai
2023-06-12,2023,6,Zone 14 U41 Perungudi,0.3,Chennai
2023-06-12,2023,6,Tondairpet,0.2,Chennai
2023-06-12,2023,6,Teynampet,0.2,Chennai
2023-06-13,2023,6,Zone 05 Royapuram,39.15,Chennai
2023-06-13,2023,6,Zone 13 Adyar Eco Park,10.2,Chennai
2023-06-13,2023,6,Zone 14 Perungudi,7.2,Chennai
2023-06-13,2023,6,Alandur,3.2,Chennai
2023-06-13,2023,6,Zone 12 Meenambakkam,2.7,Chennai
2023-06-13,2023,6,Royapuram,1.8,Chennai
2023-06-13,2023,6,Zone 04 Tondiarpet,1.8,Chennai
2023-06-13,2023,6,Zone 01 Kathivakkam,1.5,Chennai
2023-06-13,2023,6,Zone 13 Adyar,1.5,Chennai
2023-06-13,2023,6,Zone 01 Thiruvottiyur,1.35,Chennai
2023-06-13,2023,6,Zone 12 D156 Mugalivakkam,1.2,Chennai
2023-06-13,2023,6,Valasaravakkam,0.8,Chennai
2023-06-13,2023,6,Sholinganallur,0.8,Chennai
2023-06-13,2023,6,Zone 05 GCC,0.6,Chennai
2023-06-13,2023,6,Zone 06 T.V.K Nagar,0.6,Chennai
2023-06-13,2023,6,Zone 12 Alandhur,0.6,Chennai
2023-06-13,2023,6,Thiruvottiyur,0.4,Chennai
2023-06-13,2023,6,Thiru-Vi-Ka Nagar,0.4,Chennai
2023-06-13,2023,6,Zone 11 Valasaravakkam,0.3,Chennai
2023-06-13,2023,6,Zone 13 U39 Adyar,0.3,Chennai
2023-06-13,2023,6,Zone 14 U41 Perungudi,0.3,Chennai
2023-06-13,2023,6,Zone 15 Sholinganallur,0.3,Chennai
2023-06-13,2023,6,Sholinganallur,0.2,Chennai
2023-06-13,2023,6,Tondairpet,0.2,Chennai
2023-06-14,2023,6,Zone 14 U41 Perungudi,6.0,Chennai
2023-06-14,2023,6,Zone 15 Sholinganallur,5.4,Chennai
2023-06-14,2023,6,Chennai collectorate building,5.3,Chennai
2023-06-14,2023,6,Zone 13 U39 Adyar,3.0,Chennai
2023-06-14,2023,6,Zone 15 Uthandi,2.7,Chennai
2023-06-14,2023,6,Perungudi,2.4,Chennai
2023-06-14,2023,6,CD Hospital Tondiarpet,2.1,Chennai
2023-06-14,2023,6,Sholinganallur,2.0,Chennai
2023-06-14,2023,6,Zone 12 Alandhur,1.5,Chennai
2023-06-14,2023,6,Sholinganallur,1.4,Chennai
2023-06-14,2023,6,Zone 05 Royapuram,0.9,Chennai
2023-06-14,2023,6,Royapuram,0.6,Chennai
2023-06-14,2023,6,Zone 04 Tondiarpet,0.45,Chennai
2023-06-14,2023,6,Thiru-Vi-Ka Nagar,0.4,Chennai
2023-06-14,2023,6,Teynampet,0.2,Chennai
2023-06-14,2023,6,Alandur,0.1,Chennai
2023-06-15,2023,6,Sholinganallur,1.2,Chennai
2023-06-15,2023,6,Zone 05 Royapuram,0.9,Chennai
2023-06-15,2023,6,Thiru-Vi-Ka Nagar,0.6,Chennai
2023-06-15,2023,6,Perungudi,0.4,Chennai
2023-06-15,2023,6,Royapuram,0.2,Chennai
2023-06-16,2023,6,Royapuram,0.2,Chennai
2023-06-17,2023,6,Zone 15 Sholinganallur,2.7,Chennai
2023-06-17,2023,6,Zone 12 Meenambakkam,2.4,Chennai
2023-06-17,2023,6,Zone 14 Perungudi,2.1,Chennai
2023-06-17,2023,6,Alandur,1.8,Chennai
2023-06-17,2023,6,Zone 15 Uthandi,1.5,Chennai
2023-06-17,2023,6,Sholinganallur,1.0,Chennai
2023-06-17,2023,6,Sholinganallur,0.6,Chennai
2023-06-17,2023,6,Zone 13 U39 Adyar,0.3,Chennai
2023-06-17,2023,6,Royapuram,0.2,Chennai
2023-06-18,2023,6,Zone 04 Tondiarpet,0.45,Chennai
2023-06-18,2023,6,Sholinganallur,0.2,Chennai
2023-06-18,2023,6,Sholinganallur,0.1,Chennai
2023-06-19,2023,6,Zone 14 Perungudi,165.0,Chennai
2023-06-19,2023,6,Zone 13 Adyar Eco Park,158.7,Chennai
2023-06-19,2023,6,Zone 12 Alandhur,156.0,Chennai
2023-06-19,2023,6,Adyar,143.0,Chennai
2023-06-19,2023,6,Alandur,137.6,Chennai
2023-06-19,2023,6,Zone 13 Adyar,136.5,Chennai
2023-06-19,2023,6,Zone 12 D156 Mugalivakkam,135.0,Chennai
2023-06-19,2023,6,Zone 13 U39 Adyar,124.8,Chennai
2023-06-19,2023,6,Zone 14 U41 Perungudi,118.2,Chennai
2023-06-19,2023,6,Zone 11 Valasaravakkam,113.4,Chennai
2023-06-19,2023,6,Zone 06 T.V.K Nagar,103.2,Chennai
2023-06-19,2023,6,Teynampet,102.6,Chennai
2023-06-19,2023,6,Zone 08 Anna Nagar,101.4,Chennai
2023-06-19,2023,6,Zone 11 U32 Maduravoyal,101.1,Chennai
2023-06-19,2023,6,Perungudi,101.0,Chennai
2023-06-19,2023,6,Anna university,96.0,Chennai
2023-06-19,2023,6,Ambattur,88.4,Chennai
2023-06-19,2023,6,DGP Office,88.0,Chennai
2023-06-19,2023,6,Anna Nagar,84.4,Chennai
2023-06-19,2023,6,Zone 08 Malar colony,83.7,Chennai
2023-06-19,2023,6,Gov hr sec school MGR Nagar,82.2,Chennai
2023-06-19,2023,6,Zone 10 Kodambakkam,78.9,Chennai
2023-06-19,2023,6,Zone 05 GCC,71.1,Chennai
2023-06-19,2023,6,Zone 15 Sholinganallur,70.2,Chennai
2023-06-19,2023,6,Chennai nungambakkam,67.4,Chennai
2023-06-19,2023,6,Sholinganallur,67.2,Chennai
2023-06-19,2023,6,Tondairpet,63.2,Chennai
2023-06-19,2023,6,Zone 15 Uthandi,61.8,Chennai
2023-06-19,2023,6,Zone 06 D65 Kolathur,59.4,Chennai
2023-06-19,2023,6,Ayanavaram taluk office,58.3,Chennai
2023-06-19,2023,6,Zone 07 Ambattur,57.9,Chennai
2023-06-19,2023,6,Chennai collectorate building,56.3,Chennai
2023-06-19,2023,6,Perambur Corporation park,53.0,Chennai
2023-06-19,2023,6,CD Hospital Tondiarpet,51.7,Chennai
2023-06-19,2023,6,Royapuram,51.4,Chennai
2023-06-19,2023,6,Zone 03 Madhavaram,46.5,Chennai
2023-06-19,2023,6,Ambathur,44.6,Chennai
2023-06-19,2023,6,Sholinganallur,42.4,Chennai
2023-06-19,2023,6,Zone 07 U18 D81 Vanagaram,41.1,Chennai
2023-06-19,2023,6,Madhavaram,40.8,Chennai
2023-06-19,2023,6,Puzhal,40.8,Chennai
2023-06-19,2023,6,Zone 02 Manali,35.7,Chennai
2023-06-19,2023,6,Thiruvottiyur,34.4,Chennai
2023-06-19,2023,6,Zone 01 Kathivakkam,33.3,Chennai
2023-06-19,2023,6,Zone 02 D15 Manali,29.7,Chennai
2023-06-19,2023,6,Manali,26.4,Chennai
2023-06-19,2023,6,Zone 12 Meenambakkam,20.7,Chennai
2023-06-19,2023,6,Zone 03 Puzhal,15.3,Chennai
2023-06-19,2023,6,Zone 05 Royapuram,8.55,Chennai
2023-06-19,2023,6,Zone 04 Tondiarpet,7.65,Chennai
2023-06-19,2023,6,Zone 01 Thiruvottiyur,7.2,Chennai
2023-06-19,2023,6,Kodambakkam,5.2,Chennai
2023-06-19,2023,6,Zone 09 Teynampet,1.2,Chennai
2023-06-20,2023,6,Zone 09 Ice House,109.35,Chennai
2023-06-20,2023,6,Zone 05 Royapuram,96.3,Chennai
2023-06-20,2023,6,Zone 13 Adyar Eco Park,90.0,Chennai
2023-06-20,2023,6,Zone 14 U41 Perungudi,87.3,Chennai
2023-06-20,2023,6,Zone 13 Adyar,74.4,Chennai
2023-06-20,2023,6,Ayanavaram taluk office,66.8,Chennai
2023-06-20,2023,6,Zone 01 Thiruvottiyur,65.25,Chennai
2023-06-20,2023,6,DGP Office,65.0,Chennai
2023-06-20,2023,6,Sholinganallur,64.3,Chennai
2023-06-20,2023,6,Zone 04 Tondiarpet,62.1,Chennai
2023-06-20,2023,6,Alandur,61.5,Chennai
2023-06-20,2023,6,Gov hr sec school MGR Nagar,61.4,Chennai
2023-06-20,2023,6,CD Hospital Tondiarpet,61.2,Chennai
2023-06-20,2023,6,Anna university,58.4,Chennai
2023-06-20,2023,6,Chennai nungambakkam,57.2,Chennai
2023-06-20,2023,6,Teynampet,57.2,Chennai
2023-06-20,2023,6,Zone 10 Kodambakkam,55.5,Chennai
2023-06-20,2023,6,Zone 02 Manali,54.9,Chennai
2023-06-20,2023,6,Chennai collectorate building,53.4,Chennai
2023-06-20,2023,6,Zone 14 Perungudi,53.4,Chennai
2023-06-20,2023,6,Zone 01 Kathivakkam,52.8,Chennai
2023-06-20,2023,6,Zone 15 Uthandi,51.9,Chennai
2023-06-20,2023,6,Royapuram,50.8,Chennai
2023-06-20,2023,6,Zone 02 D15 Manali,50.1,Chennai
2023-06-20,2023,6,Ambathur,49.3,Chennai
2023-06-20,2023,6,Zone 15 Sholinganallur,48.9,Chennai
2023-06-20,2023,6,Zone 13 U39 Adyar,45.9,Chennai
2023-06-20,2023,6,Kodambakkam,45.2,Chennai
2023-06-20,2023,6,Zone 11 Valasaravakkam,42.6,Chennai
2023-06-20,2023,6,Tondairpet,42.4,Chennai
2023-06-20,2023,6,Zone 12 Alandhur,42.3,Chennai
2023-06-20,2023,6,Zone 07 Ambattur,39.9,Chennai
2023-06-20,2023,6,Zone 06 D65 Kolathur,39.6,Chennai
2023-06-20,2023,6,Zone 11 U32 Maduravoyal,39.3,Chennai
2023-06-20,2023,6,Zone 03 Madhavaram,38.7,Chennai
2023-06-20,2023,6,Zone 08 Anna Nagar,38.7,Chennai
2023-06-20,2023,6,Zone 08 Malar colony,38.4,Chennai
2023-06-20,2023,6,Zone 12 D156 Mugalivakkam,37.5,Chennai
2023-06-20,2023,6,Sholinganallur,37.0,Chennai
2023-06-20,2023,6,Ambattur,35.6,Chennai
2023-06-20,2023,6,Zone 06 T.V.K Nagar,34.8,Chennai
2023-06-20,2023,6,Perungudi,34.6,Chennai
2023-06-20,2023,6,Thiruvottiyur,34.0,Chennai
2023-06-20,2023,6,Perambur Corporation park,33.4,Chennai
2023-06-20,2023,6,Manali,33.0,Chennai
2023-06-20,2023,6,Adyar,33.0,Chennai
2023-06-20,2023,6,Madhavaram,31.0,Chennai
2023-06-20,2023,6,Zone 05 GCC,28.8,Chennai
2023-06-20,2023,6,Zone 07 U18 D81 Vanagaram,24.9,Chennai
2023-06-20,2023,6,Puzhal,22.4,Chennai
2023-06-20,2023,6,Zone 12 Meenambakkam,21.3,Chennai
2023-06-20,2023,6,Anna Nagar,18.0,Chennai
2023-06-20,2023,6,Zone 03 Puzhal,10.5,Chennai
2023-06-20,2023,6,Zone 09 Teynampet,8.1,Chennai
2023-06-21,2023,6,Zone 09 Ice House,98.55,Chennai
2023-06-21,2023,6,Zone 01 Kathivakkam,51.3,Chennai
2023-06-21,2023,6,Zone 11 U32 Maduravoyal,18.3,Chennai
2023-06-21,2023,6,Zone 14 U41 Perungudi,16.5,Chennai
2023-06-21,2023,6,Puzhal,16.0,Chennai
2023-06-21,2023,6,Zone 05 GCC,15.9,Chennai
2023-06-21,2023,6,Zone 07 U18 D81 Vanagaram,14.7,Chennai
2023-06-21,2023,6,Zone 02 Manali,14.1,Chennai
2023-06-21,2023,6,Zone 06 D65 Kolathur,12.6,Chennai
2023-06-21,2023,6,Thiruvottiyur,11.8,Chennai
2023-06-21,2023,6,Zone 02 D15 Manali,11.4,Chennai
2023-06-21,2023,6,Zone 06 T.V.K Nagar,11.1,Chennai
2023-06-21,2023,6,DGP Office,8.0,Chennai
2023-06-21,2023,6,Zone 11 Valasaravakkam,7.5,Chennai
2023-06-21,2023,6,Zone 13 Adyar,7.5,Chennai
2023-06-21,2023,6,Zone 13 Adyar Eco Park,7.5,Chennai
2023-06-21,2023,6,Chennai collectorate building,7.3,Chennai
2023-06-21,2023,6,Zone 07 Ambattur,7.2,Chennai
2023-06-21,2023,6,CD Hospital Tondiarpet,6.8,Chennai
2023-06-21,2023,6,Manali,6.8,Chennai
2023-06-21,2023,6,Zone 03 Puzhal,6.6,Chennai
2023-06-21,2023,6,Perungudi,6.4,Chennai
2023-06-21,2023,6,Zone 15 Sholinganallur,5.7,Chennai
2023-06-21,2023,6,Zone 15 Uthandi,5.7,Chennai
2023-06-21,2023,6,Tondairpet,5.2,Chennai
2023-06-21,2023,6,Sholinganallur,5.0,Chennai
2023-06-21,2023,6,Zone 04 Tondiarpet,4.95,Chennai
2023-06-21,2023,6,Zone 14 Perungudi,4.8,Chennai
2023-06-21,2023,6,Zone 05 Royapuram,4.5,Chennai
2023-06-21,2023,6,Zone 13 U39 Adyar,4.5,Chennai
2023-06-21,2023,6,Madhavaram,4.4,Chennai
2023-06-21,2023,6,Zone 12 D156 Mugalivakkam,4.2,Chennai
2023-06-21,2023,6,Perambur Corporation park,4.1,Chennai
2023-06-21,2023,6,Teynampet,4.0,Chennai
2023-06-21,2023,6,Adyar,4.0,Chennai
2023-06-21,2023,6,Chennai nungambakkam,3.9,Chennai
2023-06-21,2023,6,Royapuram,3.8,Chennai
2023-06-21,2023,6,Sholinganallur,3.8,Chennai
2023-06-21,2023,6,Zone 08 Malar colony,3.6,Chennai
2023-06-21,2023,6,Ayanavaram taluk office,3.2,Chennai
2023-06-21,2023,6,Ambattur,2.8,Chennai
2023-06-21,2023,6,Zone 12 Alandhur,2.7,Chennai
2023-06-21,2023,6,Kodambakkam,2.4,Chennai
2023-06-21,2023,6,Zone 08 Anna Nagar,2.4,Chennai
2023-06-21,2023,6,Zone 10 Kodambakkam,2.4,Chennai
2023-06-21,2023,6,Gov hr sec school MGR Nagar,1.4,Chennai
2023-06-21,2023,6,Anna university,1.2,Chennai
2023-06-21,2023,6,Anna Nagar,1.2,Chennai
2023-06-21,2023,6,Ambathur,1.0,Chennai
2023-06-21,2023,6,Alandur,0.8,Chennai
2023-06-21,2023,6,Zone 12 Meenambakkam,0.6,Chennai
2023-06-22,2023,6,Zone 01 Kathivakkam,51.6,Chennai
2023-06-22,2023,6,Zone 01 Thiruvottiyur,23.4,Chennai
2023-06-22,2023,6,Zone 11 U32 Maduravoyal,18.0,Chennai
2023-06-22,2023,6,Zone 14 U41 Perungudi,16.2,Chennai
2023-06-22,2023,6,Zone 06 D65 Kolathur,12.0,Chennai
2023-06-22,2023,6,Zone 09 Ice House,11.7,Chennai
2023-06-22,2023,6,Zone 06 T.V.K Nagar,11.4,Chennai
2023-06-22,2023,6,Zone 05 GCC,10.5,Chennai
2023-06-22,2023,6,Zone 11 Valasaravakkam,9.0,Chennai
2023-06-22,2023,6,Zone 05 Royapuram,6.75,Chennai
2023-06-22,2023,6,Zone 03 Puzhal,6.6,Chennai
2023-06-22,2023,6,Zone 13 Adyar,5.7,Chennai
2023-06-22,2023,6,Zone 04 Tondiarpet,4.95,Chennai
2023-06-22,2023,6,Zone 13 U39 Adyar,4.5,Chennai
2023-06-22,2023,6,Zone 15 Sholinganallur,4.5,Chennai
2023-06-22,2023,6,Zone 13 Adyar Eco Park,4.2,Chennai
2023-06-22,2023,6,Zone 08 Malar colony,3.3,Chennai
2023-06-22,2023,6,Zone 08 Anna Nagar,2.4,Chennai
2023-06-22,2023,6,Zone 10 Kodambakkam,2.4,Chennai
2023-06-22,2023,6,Zone 12 Alandhur,1.2,Chennai
2023-06-22,2023,6,Zone 14 Perungudi,0.9,Chennai
2023-06-22,2023,6,Manali,0.8,Chennai
2023-06-22,2023,6,Madhavaram,0.8,Chennai
2023-06-22,2023,6,Anna Nagar,0.8,Chennai
2023-06-22,2023,6,Thiru-Vi-Ka Nagar,0.4,Chennai
2023-06-22,2023,6,Ambattur,0.4,Chennai
2023-06-22,2023,6,Teynampet,0.4,Chennai
2023-06-22,2023,6,Alandur,0.3,Chennai
2023-06-22,2023,6,Zone 12 D156 Mugalivakkam,0.3,Chennai
2023-06-22,2023,6,Zone 12 Meenambakkam,0.3,Chennai
2023-06-22,2023,6,Thiruvottiyur,0.2,Chennai
2023-06-22,2023,6,Royapuram,0.2,Chennai
2023-06-23,2023,6,Zone 05 Royapuram,55.8,Chennai
2023-06-23,2023,6,Zone 08 Anna Nagar,54.0,Chennai
2023-06-23,2023,6,Zone 06 T.V.K Nagar,46.8,Chennai
2023-06-23,2023,6,Ayanavaram taluk office,41.3,Chennai
2023-06-23,2023,6,Zone 05 GCC,40.2,Chennai
2023-06-23,2023,6,Chennai nungambakkam,37.2,Chennai
2023-06-23,2023,6,Zone 06 D65 Kolathur,37.2,Chennai
2023-06-23,2023,6,Perambur Corporation park,34.4,Chennai
2023-06-23,2023,6,DGP Office,34.0,Chennai
2023-06-23,2023,6,Ambattur,32.2,Chennai
2023-06-23,2023,6,Kodambakkam,31.6,Chennai
2023-06-23,2023,6,Chennai collectorate building,31.2,Chennai
2023-06-23,2023,6,Royapuram,30.8,Chennai
2023-06-23,2023,6,Ambathur,30.2,Chennai
2023-06-23,2023,6,CD Hospital Tondiarpet,29.8,Chennai
2023-06-23,2023,6,Zone 07 U18 D81 Vanagaram,27.9,Chennai
2023-06-23,2023,6,Teynampet,26.0,Chennai
2023-06-23,2023,6,Zone 08 Malar colony,25.2,Chennai
2023-06-23,2023,6,Zone 10 Kodambakkam,24.6,Chennai
2023-06-23,2023,6,Zone 13 Adyar,22.5,Chennai
2023-06-23,2023,6,Anna Nagar,22.2,Chennai
2023-06-23,2023,6,Zone 13 Adyar Eco Park,21.6,Chennai
2023-06-23,2023,6,Zone 07 Ambattur,21.0,Chennai
2023-06-23,2023,6,Tondairpet,19.0,Chennai
2023-06-23,2023,6,Puzhal,16.4,Chennai
2023-06-23,2023,6,Zone 04 Tondiarpet,16.2,Chennai
2023-06-23,2023,6,Anna university,13.4,Chennai
2023-06-23,2023,6,Madhavaram,6.2,Chennai
2023-06-23,2023,6,Zone 02 Manali,3.6,Chennai
2023-06-23,2023,6,Zone 03 Puzhal,3.6,Chennai
2023-06-23,2023,6,Zone 11 U32 Maduravoyal,3.6,Chennai
2023-06-23,2023,6,Zone 01 Thiruvottiyur,3.15,Chennai
2023-06-23,2023,6,Zone 14 U41 Perungudi,2.7,Chennai
2023-06-23,2023,6,Zone 09 Teynampet,2.1,Chennai
2023-06-23,2023,6,Zone 03 Madhavaram,1.8,Chennai
2023-06-23,2023,6,Zone 12 Alandhur,1.8,Chennai
2023-06-23,2023,6,Zone 02 D15 Manali,1.5,Chennai
2023-06-23,2023,6,Zone 11 Valasaravakkam,1.5,Chennai
2023-06-23,2023,6,Manali,1.4,Chennai
2023-06-23,2023,6,Gov hr sec school MGR Nagar,1.2,Chennai
2023-06-23,2023,6,Thiruvottiyur,1.0,Chennai
2023-06-23,2023,6,Thiru-Vi-Ka Nagar,0.4,Chennai
2023-06-23,2023,6,Zone 12 Meenambakkam,0.3,Chennai
2023-06-23,2023,6,Zone 13 U39 Adyar,0.3,Chennai
2023-06-24,2023,6,Zone 02 Manali,38.7,Chennai
2023-06-24,2023,6,Zone 01 Thiruvottiyur,35.55,Chennai
2023-06-24,2023,6,Zone 06 D65 Kolathur,20.7,Chennai
2023-06-24,2023,6,Zone 07 U18 D81 Vanagaram,19.2,Chennai
2023-06-24,2023,6,DGP Office,16.2,Chennai
2023-06-24,2023,6,Royapuram,16.2,Chennai
2023-06-24,2023,6,Zone 10 Kodambakkam,16.2,Chennai
2023-06-24,2023,6,Thiruvottiyur,15.6,Chennai
2023-06-24,2023,6,Zone 07 Ambattur,15.3,Chennai
2023-06-24,2023,6,Chennai collectorate building,15.0,Chennai
2023-06-24,2023,6,Zone 06 T.V.K Nagar,15.0,Chennai
2023-06-24,2023,6,Zone 01 Kathivakkam,13.2,Chennai
2023-06-24,2023,6,Manali,13.0,Chennai
2023-06-24,2023,6,Zone 08 Malar colony,12.9,Chennai
2023-06-24,2023,6,Zone 13 Adyar Eco Park,12.6,Chennai
2023-06-24,2023,6,Zone 03 Madhavaram,11.1,Chennai
2023-06-24,2023,6,Perambur Corporation park,10.2,Chennai
2023-06-24,2023,6,Ambattur,10.2,Chennai
2023-06-24,2023,6,Zone 05 GCC,10.2,Chennai
2023-06-24,2023,6,Chennai nungambakkam,10.0,Chennai
2023-06-24,2023,6,CD Hospital Tondiarpet,9.4,Chennai
2023-06-24,2023,6,Zone 12 D156 Mugalivakkam,8.7,Chennai
2023-06-24,2023,6,Zone 08 Anna Nagar,7.5,Chennai
2023-06-24,2023,6,Thiru-Vi-Ka Nagar,7.4,Chennai
2023-06-24,2023,6,Teynampet,7.2,Chennai
2023-06-24,2023,6,Zone 03 Puzhal,7.2,Chennai
2023-06-24,2023,6,Zone 11 U32 Maduravoyal,6.0,Chennai
2023-06-24,2023,6,Zone 13 U39 Adyar,5.4,Chennai
2023-06-24,2023,6,Kodambakkam,5.0,Chennai
2023-06-24,2023,6,Adyar,4.2,Chennai
2023-06-24,2023,6,Zone 14 Perungudi,4.2,Chennai
2023-06-24,2023,6,Zone 13 Adyar,3.9,Chennai
2023-06-24,2023,6,Zone 02 D15 Manali,3.3,Chennai
2023-06-24,2023,6,Ambathur,3.2,Chennai
2023-06-24,2023,6,Valasaravakkam,2.6,Chennai
2023-06-24,2023,6,Sholinganallur,2.4,Chennai
2023-06-24,2023,6,Ayanavaram taluk office,2.3,Chennai
2023-06-24,2023,6,Zone 11 Valasaravakkam,2.1,Chennai
2023-06-24,2023,6,Perungudi,2.0,Chennai
2023-06-24,2023,6,Gov hr sec school MGR Nagar,1.8,Chennai
2023-06-24,2023,6,Zone 12 Alandhur,1.8,Chennai
2023-06-24,2023,6,Zone 14 U41 Perungudi,1.8,Chennai
2023-06-24,2023,6,Alandur,0.6,Chennai
2023-06-24,2023,6,Sholinganallur,0.4,Chennai
2023-06-24,2023,6,Zone 12 Meenambakkam,0.3,Chennai
2023-06-24,2023,6,Anna Nagar,0.2,Chennai
2023-06-25,2023,6,Zone 09 Ice House,12.6,Chennai
2023-06-25,2023,6,Zone 07 Ambattur,0.3,Chennai
2023-06-25,2023,6,Zone 13 Adyar Eco Park,0.3,Chennai
2023-06-29,2023,6,Zone 02 Manali,8.1,Chennai
2023-06-29,2023,6,Puzhal,7.4,Chennai
2023-06-29,2023,6,Zone 06 T.V.K Nagar,4.5,Chennai
2023-06-29,2023,6,Zone 05 Royapuram,4.05,Chennai
2023-06-29,2023,6,Thiru-Vi-Ka Nagar,4.0,Chennai
2023-06-29,2023,6,Madhavaram,3.6,Chennai
2023-06-29,2023,6,Zone 06 D65 Kolathur,3.6,Chennai
2023-06-29,2023,6,Thiruvottiyur,3.2,Chennai
2023-06-29,2023,6,Zone 03 Puzhal,3.0,Chennai
2023-06-29,2023,6,Manali,2.6,Chennai
2023-06-29,2023,6,Chennai collectorate building,2.1,Chennai
2023-06-29,2023,6,Royapuram,2.0,Chennai
2023-06-29,2023,6,Zone 07 U18 D81 Vanagaram,1.8,Chennai
2023-06-29,2023,6,Zone 01 Kathivakkam,1.5,Chennai
2023-06-29,2023,6,Tondairpet,1.2,Chennai
2023-06-29,2023,6,Zone 12 D156 Mugalivakkam,1.2,Chennai
2023-06-29,2023,6,Zone 02 D15 Manali,0.9,Chennai
2023-06-29,2023,6,Zone 12 Alandhur,0.6,Chennai
2023-06-29,2023,6,Zone 04 Tondiarpet,0.45,Chennai
2023-06-29,2023,6,Sholinganallur,0.4,Chennai
2023-06-29,2023,6,Anna university,0.3,Chennai
2023-06-29,2023,6,Zone 14 U41 Perungudi,0.3,Chennai
2023-06-29,2023,6,Gov hr sec school MGR Nagar,0.2,Chennai
2023-06-29,2023,6,Alandur,0.2,Chennai
2023-06-30,2023,6,Zone 15 Sholinganallur,62.7,Chennai
2023-06-30,2023,6,Zone 15 Uthandi,55.5,Chennai
2023-06-30,2023,6,Zone 14 U41 Perungudi,19.2,Chennai
2023-06-30,2023,6,Zone 13 Adyar,14.7,Chennai
2023-06-30,2023,6,Zone 01 Thiruvottiyur,12.15,Chennai
2023-06-30,2023,6,Zone 14 Perungudi,5.1,Chennai
2023-06-30,2023,6,Sholinganallur,5.0,Chennai
2023-06-30,2023,6,Zone 13 Adyar Eco Park,4.8,Chennai
2023-06-30,2023,6,Zone 13 U39 Adyar,4.8,Chennai
2023-06-30,2023,6,Zone 05 Royapuram,4.05,Chennai
2023-06-30,2023,6,Chennai collectorate building,3.2,Chennai
2023-06-30,2023,6,Perambur Corporation park,2.4,Chennai
2023-06-30,2023,6,Zone 02 D15 Manali,1.5,Chennai
2023-06-30,2023,6,Ambathur,1.4,Chennai
2023-06-30,2023,6,CD Hospital Tondiarpet,1.2,Chennai
2023-06-30,2023,6,Zone 12 Meenambakkam,1.2,Chennai
2023-06-30,2023,6,Alandur,1.0,Chennai
2023-06-30,2023,6,Zone 12 Alandhur,0.9,Chennai
2023-06-30,2023,6,Zone 12 D156 Mugalivakkam,0.9,Chennai
2023-06-30,2023,6,Ayanavaram taluk office,0.6,Chennai
2023-06-30,2023,6,Zone 01 Kathivakkam,0.6,Chennai
2023-06-30,2023,6,Zone 06 T.V.K Nagar,0.6,Chennai
2023-06-30,2023,6,Zone 04 Tondiarpet,0.45,Chennai
2023-06-30,2023,6,Anna university,0.4,Chennai
2023-06-30,2023,6,Sholinganallur,0.4,Chennai
2023-06-30,2023,6,Zone 02 Manali,0.3,Chennai
2023-06-30,2023,6,Gov hr sec school MGR Nagar,0.2,Chennai
2023-06-30,2023,6,Adyar,0.2,Chennai
2023-07-01,2023,7,Zone 14 Perungudi,2.1,Chennai
2023-07-01,2023,7,Zone 06 D65 Kolathur,0.3,Chennai
2023-07-01,2023,7,Zone 12 Meenambakkam,0.3,Chennai
2023-07-01,2023,7,Sholinganallur,0.2,Chennai
2023-07-01,2023,7,Manali,0.2,Chennai
2023-07-01,2023,7,Madhavaram,0.2,Chennai
2023-07-02,2023,7,Zone 01 Thiruvottiyur,3.6,Chennai
2023-07-02,2023,7,Puzhal,1.6,Chennai
2023-07-02,2023,7,Zone 03 Puzhal,1.5,Chennai
2023-07-02,2023,7,Zone 06 D65 Kolathur,1.2,Chennai
2023-07-02,2023,7,Zone 06 T.V.K Nagar,0.3,Chennai
2023-07-02,2023,7,Zone 07 U18 D81 Vanagaram,0.3,Chennai
2023-07-02,2023,7,Zone 08 Malar colony,0.3,Chennai
2023-07-03,2023,7,Zone 13 Adyar,8.1,Chennai
2023-07-03,2023,7,Zone 13 Adyar Eco Park,7.2,Chennai
2023-07-03,2023,7,Adyar,7.0,Chennai
2023-07-03,2023,7,Zone 15 Uthandi,6.3,Chennai
2023-07-03,2023,7,Zone 15 Sholinganallur,5.7,Chennai
2023-07-03,2023,7,Zone 14 Perungudi,4.8,Chennai
2023-07-03,2023,7,Zone 14 U41 Perungudi,4.8,Chennai
2023-07-03,2023,7,Zone 07 U18 D81 Vanagaram,4.5,Chennai
2023-07-03,2023,7,Perungudi,4.2,Chennai
2023-07-03,2023,7,Zone 01 Kathivakkam,3.9,Chennai
2023-07-03,2023,7,Teynampet,3.8,Chennai
2023-07-03,2023,7,Zone 01 Thiruvottiyur,3.6,Chennai
2023-07-03,2023,7,Sholinganallur,3.2,Chennai
2023-07-03,2023,7,Alandur,2.9,Chennai
2023-07-03,2023,7,Zone 07 Ambattur,2.7,Chennai
2023-07-03,2023,7,Zone 12 Meenambakkam,2.7,Chennai
2023-07-03,2023,7,Chennai collectorate building,2.2,Chennai
2023-07-03,2023,7,Zone 12 D156 Mugalivakkam,2.1,Chennai
2023-07-03,2023,7,Ambattur,2.0,Chennai
2023-07-03,2023,7,DGP Office,1.9,Chennai
2023-07-03,2023,7,CD Hospital Tondiarpet,1.8,Chennai
2023-07-03,2023,7,Ambathur,1.8,Chennai
2023-07-03,2023,7,Puzhal,1.8,Chennai
2023-07-03,2023,7,Zone 05 Royapuram,1.8,Chennai
2023-07-03,2023,7,Zone 06 T.V.K Nagar,1.8,Chennai
2023-07-03,2023,7,Zone 13 U39 Adyar,1.8,Chennai
2023-07-03,2023,7,Chennai nungambakkam,1.5,Chennai
2023-07-03,2023,7,Zone 08 Anna Nagar,1.5,Chennai
2023-07-03,2023,7,Ayanavaram taluk office,1.4,Chennai
2023-07-03,2023,7,Anna university,1.2,Chennai
2023-07-03,2023,7,Perambur Corporation park,1.2,Chennai
2023-07-03,2023,7,Valasaravakkam,1.2,Chennai
2023-07-03,2023,7,Zone 02 D15 Manali,1.2,Chennai
2023-07-03,2023,7,Zone 05 GCC,1.2,Chennai
2023-07-03,2023,7,Zone 06 D65 Kolathur,1.2,Chennai
2023-07-03,2023,7,Zone 08 Malar colony,1.2,Chennai
2023-07-03,2023,7,Thiruvottiyur,1.0,Chennai
2023-07-03,2023,7,Madhavaram,1.0,Chennai
2023-07-03,2023,7,Royapuram,1.0,Chennai
2023-07-03,2023,7,Anna Nagar,1.0,Chennai
2023-07-03,2023,7,Zone 03 Puzhal,0.9,Chennai
2023-07-03,2023,7,Zone 10 Kodambakkam,0.9,Chennai
2023-07-03,2023,7,Gov hr sec school MGR Nagar,0.8,Chennai
2023-07-03,2023,7,Kodambakkam,0.6,Chennai
2023-07-03,2023,7,Zone 02 Manali,0.6,Chennai
2023-07-03,2023,7,Zone 12 Alandhur,0.6,Chennai
2023-07-03,2023,7,Tondairpet,0.4,Chennai
2023-07-03,2023,7,Zone 03 Madhavaram,0.3,Chennai
2023-07-03,2023,7,Zone 11 Valasaravakkam,0.3,Chennai
2023-07-03,2023,7,Manali,0.2,Chennai
2023-07-03,2023,7,Thiru-Vi-Ka Nagar,0.2,Chennai
2023-07-04,2023,7,DGP Office,6.4,Chennai
2023-07-04,2023,7,Zone 01 Thiruvottiyur,3.15,Chennai
2023-07-04,2023,7,Zone 04 Tondiarpet,2.7,Chennai
2023-07-04,2023,7,Zone 05 Royapuram,2.25,Chennai
2023-07-04,2023,7,Zone 13 Adyar,0.9,Chennai
2023-07-04,2023,7,Thiruvottiyur,0.8,Chennai
2023-07-04,2023,7,Royapuram,0.6,Chennai
2023-07-04,2023,7,Zone 01 Kathivakkam,0.6,Chennai
2023-07-04,2023,7,Zone 02 D15 Manali,0.6,Chennai
2023-07-04,2023,7,Zone 02 Manali,0.6,Chennai
2023-07-04,2023,7,Zone 05 GCC,0.6,Chennai
2023-07-04,2023,7,Madhavaram,0.4,Chennai
2023-07-04,2023,7,Zone 06 T.V.K Nagar,0.3,Chennai
2023-07-04,2023,7,Zone 12 D156 Mugalivakkam,0.3,Chennai
2023-07-04,2023,7,Zone 13 Adyar Eco Park,0.3,Chennai
2023-07-04,2023,7,Zone 14 U41 Perungudi,0.3,Chennai
2023-07-04,2023,7,Zone 15 Uthandi,0.3,Chennai
2023-07-04,2023,7,Gov hr sec school MGR Nagar,0.2,Chennai
2023-07-04,2023,7,Alandur,0.2,Chennai
2023-07-04,2023,7,Sholinganallur,0.1,Chennai
2023-07-05,2023,7,Zone 03 Puzhal,0.6,Chennai
2023-07-05,2023,7,Puzhal,0.4,Chennai
2023-07-05,2023,7,Zone 07 U18 D81 Vanagaram,0.3,Chennai
2023-07-05,2023,7,Thiruvottiyur,0.2,Chennai
2023-07-07,2023,7,Zone 09 Ice House,0.45,Chennai
2023-07-08,2023,7,Zone 03 Madhavaram,1.5,Chennai
2023-07-09,2023,7,Zone 15 Sholinganallur,2.4,Chennai
2023-07-09,2023,7,Zone 15 Uthandi,0.3,Chennai
2023-07-10,2023,7,Zone 01 Thiruvottiyur,41.4,Chennai
2023-07-10,2023,7,Zone 15 Uthandi,40.2,Chennai
2023-07-10,2023,7,Zone 13 Adyar Eco Park,35.4,Chennai
2023-07-10,2023,7,Zone 13 Adyar,34.5,Chennai
2023-07-10,2023,7,Zone 12 Meenambakkam,33.9,Chennai
2023-07-10,2023,7,Zone 10 Kodambakkam,33.6,Chennai
2023-07-10,2023,7,Zone 13 U39 Adyar,31.2,Chennai
2023-07-10,2023,7,Zone 02 D15 Manali,30.9,Chennai
2023-07-10,2023,7,Zone 15 Sholinganallur,30.3,Chennai
2023-07-10,2023,7,Alandur,30.2,Chennai
2023-07-10,2023,7,Zone 12 Alandhur,26.1,Chennai
2023-07-10,2023,7,Zone 14 Perungudi,25.2,Chennai
2023-07-10,2023,7,Zone 02 Manali,23.1,Chennai
2023-07-10,2023,7,Zone 14 U41 Perungudi,22.8,Chennai
2023-07-10,2023,7,Zone 05 Royapuram,21.15,Chennai
2023-07-10,2023,7,CD Hospital Tondiarpet,20.3,Chennai
2023-07-10,2023,7,Zone 09 Ice House,20.25,Chennai
2023-07-10,2023,7,Zone 05 GCC,14.4,Chennai
2023-07-10,2023,7,Zone 06 D65 Kolathur,14.4,Chennai
2023-07-10,2023,7,Chennai collectorate building,14.2,Chennai
2023-07-10,2023,7,Zone 11 U32 Maduravoyal,13.5,Chennai
2023-07-10,2023,7,Zone 04 Tondiarpet,13.05,Chennai
2023-07-10,2023,7,Zone 12 D156 Mugalivakkam,12.9,Chennai
2023-07-10,2023,7,Zone 08 Malar colony,12.6,Chennai
2023-07-10,2023,7,Chennai nungambakkam,12.0,Chennai
2023-07-10,2023,7,Zone 11 Valasaravakkam,11.4,Chennai
2023-07-10,2023,7,Gov hr sec school MGR Nagar,10.8,Chennai
2023-07-10,2023,7,DGP Office,8.6,Chennai
2023-07-10,2023,7,Zone 07 Ambattur,8.1,Chennai
2023-07-10,2023,7,Zone 06 T.V.K Nagar,7.5,Chennai
2023-07-10,2023,7,Zone 07 U18 D81 Vanagaram,7.5,Chennai
2023-07-10,2023,7,Sholinganallur,6.5,Chennai
2023-07-10,2023,7,Ayanavaram taluk office,6.2,Chennai
2023-07-10,2023,7,Perambur Corporation park,5.4,Chennai
2023-07-10,2023,7,Ambathur,4.2,Chennai
2023-07-10,2023,7,Anna university,3.6,Chennai
2023-07-10,2023,7,Zone 08 Anna Nagar,0.6,Chennai
2023-07-10,2023,7,Zone 03 Puzhal,0.3,Chennai
2023-07-11,2023,7,Zone 05 Royapuram,21.15,Chennai
2023-07-11,2023,7,Zone 15 Uthandi,12.9,Chennai
2023-07-11,2023,7,Zone 15 Sholinganallur,9.0,Chennai
2023-07-11,2023,7,Sholinganallur,7.3,Chennai
2023-07-11,2023,7,Zone 14 U41 Perungudi,3.6,Chennai
2023-07-11,2023,7,Chennai collectorate building,2.4,Chennai
2023-07-11,2023,7,Anna university,1.0,Chennai
2023-07-11,2023,7,Zone 13 Adyar Eco Park,0.6,Chennai
2023-07-11,2023,7,Zone 09 Ice House,0.45,Chennai
2023-07-11,2023,7,Zone 01 Kathivakkam,0.3,Chennai
2023-07-11,2023,7,Zone 13 Adyar,0.3,Chennai
2023-07-11,2023,7,Zone 13 U39 Adyar,0.3,Chennai
2023-07-11,2023,7,Alandur,0.2,Chennai
2023-07-12,2023,7,Alandur,0.5,Chennai
2023-07-12,2023,7,Zone 13 Adyar Eco Park,0.3,Chennai
2023-07-13,2023,7,Zone 15 Sholinganallur,64.8,Chennai
2023-07-13,2023,7,Zone 15 Uthandi,60.0,Chennai
2023-07-13,2023,7,Sholinganallur,52.8,Chennai
2023-07-13,2023,7,Zone 14 Perungudi,36.9,Chennai
2023-07-13,2023,7,Zone 14 U41 Perungudi,34.8,Chennai
2023-07-13,2023,7,Perungudi,29.0,Chennai
2023-07-13,2023,7,Anna university,24.6,Chennai
2023-07-13,2023,7,Sholinganallur,22.4,Chennai
2023-07-13,2023,7,Alandur,20.8,Chennai
2023-07-13,2023,7,Zone 12 Meenambakkam,20.1,Chennai
2023-07-13,2023,7,Zone 13 U39 Adyar,15.9,Chennai
2023-07-13,2023,7,Zone 13 Adyar Eco Park,15.0,Chennai
2023-07-13,2023,7,Adyar,14.2,Chennai
2023-07-13,2023,7,Zone 13 Adyar,14.1,Chennai
2023-07-13,2023,7,Zone 10 Kodambakkam,12.0,Chennai
2023-07-13,2023,7,Teynampet,10.2,Chennai
2023-07-13,2023,7,Kodambakkam,10.2,Chennai
2023-07-13,2023,7,Zone 08 Anna Nagar,9.9,Chennai
2023-07-13,2023,7,Zone 09 Ice House,9.45,Chennai
2023-07-13,2023,7,Zone 05 GCC,9.3,Chennai
2023-07-13,2023,7,Zone 12 D156 Mugalivakkam,8.4,Chennai
2023-07-13,2023,7,Chennai nungambakkam,8.0,Chennai
2023-07-13,2023,7,Zone 06 T.V.K Nagar,7.8,Chennai
2023-07-13,2023,7,Zone 06 D65 Kolathur,7.2,Chennai
2023-07-13,2023,7,Ambattur,6.8,Chennai
2023-07-13,2023,7,Anna Nagar,6.8,Chennai
2023-07-13,2023,7,Valasaravakkam,6.8,Chennai
2023-07-13,2023,7,Zone 07 Ambattur,6.6,Chennai
2023-07-13,2023,7,Zone 11 U32 Maduravoyal,6.6,Chennai
2023-07-13,2023,7,Gov hr sec school MGR Nagar,6.3,Chennai
2023-07-13,2023,7,Zone 02 Manali,6.3,Chennai
2023-07-13,2023,7,Zone 07 U18 D81 Vanagaram,6.3,Chennai
2023-07-13,2023,7,Zone 08 Malar colony,6.3,Chennai
2023-07-13,2023,7,Ayanavaram taluk office,6.2,Chennai
2023-07-13,2023,7,DGP Office,6.2,Chennai
2023-07-13,2023,7,Tondairpet,6.2,Chennai
2023-07-13,2023,7,CD Hospital Tondiarpet,5.7,Chennai
2023-07-13,2023,7,Thiru-Vi-Ka Nagar,5.6,Chennai
2023-07-13,2023,7,Zone 11 Valasaravakkam,5.4,Chennai
2023-07-13,2023,7,Perambur Corporation park,5.3,Chennai
2023-07-13,2023,7,Royapuram,5.2,Chennai
2023-07-13,2023,7,Chennai collectorate building,5.1,Chennai
2023-07-13,2023,7,Zone 02 D15 Manali,5.1,Chennai
2023-07-13,2023,7,Puzhal,4.2,Chennai
2023-07-13,2023,7,Zone 01 Kathivakkam,3.9,Chennai
2023-07-13,2023,7,Thiruvottiyur,3.6,Chennai
2023-07-13,2023,7,Madhavaram,3.6,Chennai
2023-07-13,2023,7,Ambathur,3.4,Chennai
2023-07-13,2023,7,Zone 01 Thiruvottiyur,2.7,Chennai
2023-07-13,2023,7,Zone 03 Puzhal,1.5,Chennai
2023-07-13,2023,7,Zone 12 Alandhur,0.3,Chennai
2023-07-14,2023,7,Zone 09 Ice House,11.7,Chennai
2023-07-14,2023,7,Chennai collectorate building,10.1,Chennai
2023-07-14,2023,7,Zone 02 D15 Manali,9.9,Chennai
2023-07-14,2023,7,Zone 05 GCC,9.0,Chennai
2023-07-14,2023,7,Zone 06 D65 Kolathur,9.0,Chennai
2023-07-14,2023,7,Zone 12 D156 Mugalivakkam,8.4,Chennai
2023-07-14,2023,7,DGP Office,8.2,Chennai
2023-07-14,2023,7,Zone 01 Kathivakkam,8.1,Chennai
2023-07-14,2023,7,Zone 13 Adyar,8.1,Chennai
2023-07-14,2023,7,Chennai nungambakkam,7.5,Chennai
2023-07-14,2023,7,Zone 11 U32 Maduravoyal,6.9,Chennai
2023-07-14,2023,7,Gov hr sec school MGR Nagar,6.8,Chennai
2023-07-14,2023,7,Zone 13 Adyar Eco Park,6.3,Chennai
2023-07-14,2023,7,Zone 10 Kodambakkam,5.7,Chennai
2023-07-14,2023,7,Zone 12 Meenambakkam,5.1,Chennai
2023-07-14,2023,7,Zone 07 Ambattur,4.8,Chennai
2023-07-14,2023,7,Zone 04 Tondiarpet,4.5,Chennai
2023-07-14,2023,7,Zone 05 Royapuram,4.5,Chennai
2023-07-14,2023,7,Zone 08 Anna Nagar,4.5,Chennai
2023-07-14,2023,7,Royapuram,4.4,Chennai
2023-07-14,2023,7,Alandur,4.0,Chennai
2023-07-14,2023,7,Zone 02 Manali,3.9,Chennai
2023-07-14,2023,7,Zone 01 Thiruvottiyur,3.15,Chennai
2023-07-14,2023,7,Zone 03 Puzhal,3.0,Chennai
2023-07-14,2023,7,Puzhal,2.8,Chennai
2023-07-14,2023,7,Ambathur,2.7,Chennai
2023-07-14,2023,7,Anna university,2.4,Chennai
2023-07-14,2023,7,Ayanavaram taluk office,2.4,Chennai
2023-07-14,2023,7,Zone 07 U18 D81 Vanagaram,2.4,Chennai
2023-07-14,2023,7,Zone 14 Perungudi,2.4,Chennai
2023-07-14,2023,7,CD Hospital Tondiarpet,2.3,Chennai
2023-07-14,2023,7,Perambur Corporation park,2.2,Chennai
2023-07-14,2023,7,Sholinganallur,2.1,Chennai
2023-07-14,2023,7,Zone 06 T.V.K Nagar,2.1,Chennai
2023-07-14,2023,7,Zone 11 Valasaravakkam,2.1,Chennai
2023-07-14,2023,7,Ambattur,2.0,Chennai
2023-07-14,2023,7,Teynampet,1.8,Chennai
2023-07-14,2023,7,Zone 08 Malar colony,1.5,Chennai
2023-07-14,2023,7,Zone 13 U39 Adyar,1.5,Chennai
2023-07-14,2023,7,Valasaravakkam,1.2,Chennai
2023-07-14,2023,7,Zone 14 U41 Perungudi,1.2,Chennai
2023-07-14,2023,7,Kodambakkam,1.0,Chennai
2023-07-14,2023,7,Adyar,1.0,Chennai
2023-07-14,2023,7,Anna Nagar,0.8,Chennai
2023-07-14,2023,7,Perungudi,0.8,Chennai
2023-07-14,2023,7,Manali,0.6,Chennai
2023-07-14,2023,7,Zone 12 Alandhur,0.6,Chennai
2023-07-14,2023,7,Zone 15 Sholinganallur,0.6,Chennai
2023-07-14,2023,7,Madhavaram,0.4,Chennai
2023-07-14,2023,7,Sholinganallur,0.4,Chennai
2023-07-14,2023,7,Zone 15 Uthandi,0.3,Chennai
2023-07-14,2023,7,Thiruvottiyur,0.2,Chennai
2023-07-14,2023,7,Thiru-Vi-Ka Nagar,0.2,Chennai
2023-07-15,2023,7,Zone 09 Ice House,9.45,Chennai
2023-07-15,2023,7,Zone 05 GCC,9.0,Chennai
2023-07-15,2023,7,Zone 06 D65 Kolathur,9.0,Chennai
2023-07-15,2023,7,Zone 02 D15 Manali,8.4,Chennai
2023-07-15,2023,7,Zone 12 D156 Mugalivakkam,8.1,Chennai
2023-07-15,2023,7,Zone 13 Adyar,8.1,Chennai
2023-07-15,2023,7,Zone 01 Kathivakkam,7.8,Chennai
2023-07-15,2023,7,Zone 10 Kodambakkam,5.7,Chennai
2023-07-15,2023,7,Zone 13 Adyar Eco Park,5.4,Chennai
2023-07-15,2023,7,Zone 12 Meenambakkam,4.8,Chennai
2023-07-15,2023,7,Zone 05 Royapuram,4.5,Chennai
2023-07-15,2023,7,Zone 07 Ambattur,4.2,Chennai
2023-07-15,2023,7,Zone 08 Anna Nagar,4.2,Chennai
2023-07-15,2023,7,Zone 02 Manali,3.0,Chennai
2023-07-15,2023,7,Zone 03 Puzhal,3.0,Chennai
2023-07-15,2023,7,Zone 14 Perungudi,2.4,Chennai
2023-07-15,2023,7,Zone 06 T.V.K Nagar,1.8,Chennai
2023-07-15,2023,7,Zone 07 U18 D81 Vanagaram,1.8,Chennai
2023-07-15,2023,7,Zone 11 Valasaravakkam,1.8,Chennai
2023-07-15,2023,7,Zone 08 Malar colony,1.5,Chennai
2023-07-15,2023,7,Zone 13 U39 Adyar,1.5,Chennai
2023-07-15,2023,7,Zone 14 U41 Perungudi,1.2,Chennai
2023-07-15,2023,7,Zone 15 Uthandi,0.3,Chennai
2023-07-15,2023,7,Madhavaram,0.2,Chennai
2023-07-15,2023,7,Teynampet,0.2,Chennai
2023-07-16,2023,7,Madhavaram,0.2,Chennai
2023-07-16,2023,7,Adyar,0.2,Chennai
2023-07-17,2023,7,Madhavaram,0.2,Chennai
2023-07-18,2023,7,Tondairpet,3.4,Chennai
2023-07-18,2023,7,Zone 04 Tondiarpet,2.25,Chennai
2023-07-19,2023,7,Teynampet,0.2,Chennai
2023-07-20,2023,7,Zone 15 Uthandi,9.0,Chennai
2023-07-20,2023,7,Zone 15 Sholinganallur,2.1,Chennai
2023-07-20,2023,7,Puzhal,1.4,Chennai
2023-07-20,2023,7,Zone 02 Manali,1.2,Chennai
2023-07-20,2023,7,Zone 04 Tondiarpet,0.9,Chennai
2023-07-20,2023,7,Manali,0.8,Chennai
2023-07-20,2023,7,Tondairpet,0.8,Chennai
2023-07-20,2023,7,Ambattur,0.8,Chennai
2023-07-20,2023,7,Sholinganallur,0.8,Chennai
2023-07-20,2023,7,Zone 06 D65 Kolathur,0.6,Chennai
2023-07-20,2023,7,Zone 05 Royapuram,0.45,Chennai
2023-07-20,2023,7,Madhavaram,0.4,Chennai
2023-07-20,2023,7,Zone 02 D15 Manali,0.3,Chennai
2023-07-20,2023,7,Zone 03 Puzhal,0.3,Chennai
2023-07-20,2023,7,Zone 05 GCC,0.3,Chennai
2023-07-20,2023,7,Zone 07 Ambattur,0.3,Chennai
2023-07-20,2023,7,Zone 08 Anna Nagar,0.3,Chennai
2023-07-20,2023,7,Zone 08 Malar colony,0.3,Chennai
2023-07-20,2023,7,Zone 14 Perungudi,0.3,Chennai
2023-07-20,2023,7,Chennai nungambakkam,0.2,Chennai
2023-07-20,2023,7,Thiruvottiyur,0.2,Chennai
2023-07-20,2023,7,Anna Nagar,0.2,Chennai
2023-07-20,2023,7,Alandur,0.1,Chennai
2023-07-22,2023,7,Zone 15 Sholinganallur,6.0,Chennai
2023-07-22,2023,7,Zone 15 Uthandi,4.8,Chennai
2023-07-23,2023,7,Zone 05 Royapuram,14.85,Chennai
2023-07-23,2023,7,Zone 02 Manali,14.1,Chennai
2023-07-23,2023,7,Zone 01 Thiruvottiyur,13.95,Chennai
2023-07-23,2023,7,Zone 09 Ice House,11.7,Chennai
2023-07-23,2023,7,Zone 06 D65 Kolathur,11.4,Chennai
2023-07-23,2023,7,Zone 04 Tondiarpet,10.8,Chennai
2023-07-23,2023,7,Zone 13 Adyar Eco Park,10.5,Chennai
2023-07-23,2023,7,Zone 05 GCC,10.2,Chennai
2023-07-23,2023,7,Zone 06 T.V.K Nagar,10.2,Chennai
2023-07-23,2023,7,Zone 07 U18 D81 Vanagaram,10.2,Chennai
2023-07-23,2023,7,Zone 08 Anna Nagar,10.2,Chennai
2023-07-23,2023,7,Zone 07 Ambattur,9.6,Chennai
2023-07-23,2023,7,Zone 01 Kathivakkam,8.7,Chennai
2023-07-23,2023,7,DGP Office,8.6,Chennai
2023-07-23,2023,7,CD Hospital Tondiarpet,8.4,Chennai
2023-07-23,2023,7,Perambur Corporation park,8.4,Chennai
2023-07-23,2023,7,Zone 08 Malar colony,8.4,Chennai
2023-07-23,2023,7,Zone 13 Adyar,8.4,Chennai
2023-07-23,2023,7,Chennai nungambakkam,8.2,Chennai
2023-07-23,2023,7,Zone 12 D156 Mugalivakkam,8.1,Chennai
2023-07-23,2023,7,Ayanavaram taluk office,8.0,Chennai
2023-07-23,2023,7,Ambathur,8.0,Chennai
2023-07-23,2023,7,Chennai collectorate building,7.2,Chennai
2023-07-23,2023,7,Zone 10 Kodambakkam,7.2,Chennai
2023-07-23,2023,7,Zone 11 Valasaravakkam,5.1,Chennai
2023-07-23,2023,7,Zone 03 Puzhal,3.9,Chennai
2023-07-23,2023,7,Alandur,3.2,Chennai
2023-07-23,2023,7,Zone 12 Alandhur,3.0,Chennai
2023-07-23,2023,7,Gov hr sec school MGR Nagar,2.8,Chennai
2023-07-23,2023,7,Royapuram,2.8,Chennai
2023-07-23,2023,7,Anna university,2.4,Chennai
2023-07-23,2023,7,Zone 14 Perungudi,2.4,Chennai
2023-07-23,2023,7,Zone 13 U39 Adyar,2.1,Chennai
2023-07-23,2023,7,Zone 14 U41 Perungudi,1.5,Chennai
2023-07-23,2023,7,Madhavaram,1.0,Chennai
2023-07-23,2023,7,Zone 12 Meenambakkam,0.9,Chennai
2023-07-23,2023,7,Zone 15 Sholinganallur,0.6,Chennai
2023-07-23,2023,7,Ambattur,0.4,Chennai
2023-07-23,2023,7,Thiruvottiyur,0.2,Chennai
2023-07-23,2023,7,Tondairpet,0.2,Chennai
2023-07-23,2023,7,Anna Nagar,0.2,Chennai
2023-07-23,2023,7,Valasaravakkam,0.2,Chennai
2023-07-23,2023,7,Puzhal,0.2,Chennai
2023-07-24,2023,7,DGP Office,6.8,Chennai
2023-07-24,2023,7,Zone 01 Thiruvottiyur,5.85,Chennai
2023-07-24,2023,7,Ambathur,3.2,Chennai
2023-07-24,2023,7,Ayanavaram taluk office,3.0,Chennai
2023-07-24,2023,7,Zone 02 Manali,3.0,Chennai
2023-07-24,2023,7,Zone 02 D15 Manali,2.7,Chennai
2023-07-24,2023,7,Zone 05 Royapuram,2.7,Chennai
2023-07-24,2023,7,Thiruvottiyur,2.2,Chennai
2023-07-24,2023,7,Perambur Corporation park,2.0,Chennai
2023-07-24,2023,7,Anna university,1.8,Chennai
2023-07-24,2023,7,Zone 01 Kathivakkam,1.8,Chennai
2023-07-24,2023,7,Zone 06 T.V.K Nagar,1.8,Chennai
2023-07-24,2023,7,Madhavaram,1.6,Chennai
2023-07-24,2023,7,Royapuram,1.6,Chennai
2023-07-24,2023,7,Tondairpet,1.4,Chennai
2023-07-24,2023,7,Gov hr sec school MGR Nagar,1.2,Chennai
2023-07-24,2023,7,Sholinganallur,1.2,Chennai
2023-07-24,2023,7,Manali,1.2,Chennai
2023-07-24,2023,7,Chennai nungambakkam,1.1,Chennai
2023-07-24,2023,7,Chennai collectorate building,1.0,Chennai
2023-07-24,2023,7,Ambattur,1.0,Chennai
2023-07-24,2023,7,Anna Nagar,1.0,Chennai
2023-07-24,2023,7,Zone 03 Puzhal,0.9,Chennai
2023-07-24,2023,7,Zone 05 GCC,0.9,Chennai
2023-07-24,2023,7,Zone 07 U18 D81 Vanagaram,0.9,Chennai
2023-07-24,2023,7,Zone 15 Sholinganallur,0.9,Chennai
2023-07-24,2023,7,CD Hospital Tondiarpet,0.8,Chennai
2023-07-24,2023,7,Alandur,0.8,Chennai
2023-07-24,2023,7,Teynampet,0.8,Chennai
2023-07-24,2023,7,Valasaravakkam,0.6,Chennai
2023-07-24,2023,7,Adyar,0.6,Chennai
2023-07-24,2023,7,Sholinganallur,0.6,Chennai
2023-07-24,2023,7,Zone 07 Ambattur,0.6,Chennai
2023-07-24,2023,7,Zone 08 Anna Nagar,0.6,Chennai
2023-07-24,2023,7,Zone 11 U32 Maduravoyal,0.6,Chennai
2023-07-24,2023,7,Zone 13 Adyar Eco Park,0.6,Chennai
2023-07-24,2023,7,Zone 14 U41 Perungudi,0.6,Chennai
2023-07-24,2023,7,Zone 09 Ice House,0.45,Chennai
2023-07-24,2023,7,Kodambakkam,0.4,Chennai
2023-07-24,2023,7,Perungudi,0.4,Chennai
2023-07-24,2023,7,Zone 08 Malar colony,0.3,Chennai
2023-07-24,2023,7,Zone 10 Kodambakkam,0.3,Chennai
2023-07-24,2023,7,Zone 11 Valasaravakkam,0.3,Chennai
2023-07-24,2023,7,Zone 12 Alandhur,0.3,Chennai
2023-07-24,2023,7,Zone 12 D156 Mugalivakkam,0.3,Chennai
2023-07-24,2023,7,Zone 12 Meenambakkam,0.3,Chennai
2023-07-24,2023,7,Zone 13 Adyar,0.3,Chennai
2023-07-24,2023,7,Zone 13 U39 Adyar,0.3,Chennai
2023-07-24,2023,7,Zone 14 Perungudi,0.3,Chennai
2023-07-24,2023,7,Puzhal,0.2,Chennai
2023-07-25,2023,7,DGP Office,52.6,Chennai
2023-07-25,2023,7,Anna university,38.4,Chennai
2023-07-25,2023,7,Zone 12 D156 Mugalivakkam,36.6,Chennai
2023-07-25,2023,7,Zone 13 Adyar,33.6,Chennai
2023-07-25,2023,7,Zone 10 Kodambakkam,29.1,Chennai
2023-07-25,2023,7,Zone 09 Ice House,28.8,Chennai
2023-07-25,2023,7,Zone 15 Sholinganallur,28.5,Chennai
2023-07-25,2023,7,Gov hr sec school MGR Nagar,28.2,Chennai
2023-07-25,2023,7,Zone 13 U39 Adyar,27.9,Chennai
2023-07-25,2023,7,Zone 14 Perungudi,27.9,Chennai
2023-07-25,2023,7,Zone 14 U41 Perungudi,27.6,Chennai
2023-07-25,2023,7,Zone 11 U32 Maduravoyal,26.7,Chennai
2023-07-25,2023,7,Alandur,25.9,Chennai
2023-07-25,2023,7,Zone 12 Alandhur,24.0,Chennai
2023-07-25,2023,7,Zone 02 D15 Manali,23.7,Chennai
2023-07-25,2023,7,Sholinganallur,22.7,Chennai
2023-07-25,2023,7,Zone 13 Adyar Eco Park,21.6,Chennai
2023-07-25,2023,7,Zone 11 Valasaravakkam,21.3,Chennai
2023-07-25,2023,7,Sholinganallur,17.2,Chennai
2023-07-25,2023,7,Kodambakkam,17.0,Chennai
2023-07-25,2023,7,Teynampet,16.4,Chennai
2023-07-25,2023,7,Zone 02 Manali,15.6,Chennai
2023-07-25,2023,7,Adyar,15.0,Chennai
2023-07-25,2023,7,Zone 01 Thiruvottiyur,14.4,Chennai
2023-07-25,2023,7,Perungudi,14.0,Chennai
2023-07-25,2023,7,Zone 01 Kathivakkam,13.8,Chennai
2023-07-25,2023,7,Zone 05 Royapuram,13.05,Chennai
2023-07-25,2023,7,Valasaravakkam,12.4,Chennai
2023-07-25,2023,7,Ayanavaram taluk office,11.0,Chennai
2023-07-25,2023,7,Zone 08 Anna Nagar,10.8,Chennai
2023-07-25,2023,7,Perambur Corporation park,10.2,Chennai
2023-07-25,2023,7,Zone 05 GCC,9.9,Chennai
2023-07-25,2023,7,Zone 06 T.V.K Nagar,9.9,Chennai
2023-07-25,2023,7,Chennai nungambakkam,9.5,Chennai
2023-07-25,2023,7,Zone 06 D65 Kolathur,8.7,Chennai
2023-07-25,2023,7,Zone 07 Ambattur,7.5,Chennai
2023-07-25,2023,7,Zone 12 Meenambakkam,7.5,Chennai
2023-07-25,2023,7,Chennai collectorate building,7.2,Chennai
2023-07-25,2023,7,CD Hospital Tondiarpet,6.2,Chennai
2023-07-25,2023,7,Ambathur,6.2,Chennai
2023-07-25,2023,7,Puzhal,5.8,Chennai
2023-07-25,2023,7,Zone 04 Tondiarpet,5.4,Chennai
2023-07-25,2023,7,Zone 08 Malar colony,5.4,Chennai
2023-07-25,2023,7,Ambattur,3.4,Chennai
2023-07-25,2023,7,Anna Nagar,3.2,Chennai
2023-07-25,2023,7,Zone 03 Puzhal,2.7,Chennai
2023-07-25,2023,7,Zone 07 U18 D81 Vanagaram,2.7,Chennai
2023-07-25,2023,7,Thiruvottiyur,2.6,Chennai
2023-07-25,2023,7,Tondairpet,2.4,Chennai
2023-07-25,2023,7,Zone 09 Teynampet,2.4,Chennai
2023-07-25,2023,7,Royapuram,0.4,Chennai
2023-07-25,2023,7,Madhavaram,0.2,Chennai
2023-07-26,2023,7,Zone 09 Ice House,9.9,Chennai
2023-07-26,2023,7,Zone 15 Uthandi,9.3,Chennai
2023-07-26,2023,7,DGP Office,8.2,Chennai
2023-07-26,2023,7,Zone 08 Anna Nagar,7.8,Chennai
2023-07-26,2023,7,Chennai nungambakkam,6.9,Chennai
2023-07-26,2023,7,Anna university,6.8,Chennai
2023-07-26,2023,7,Ayanavaram taluk office,6.0,Chennai
2023-07-26,2023,7,Sholinganallur,5.6,Chennai
2023-07-26,2023,7,Zone 05 Royapuram,5.4,Chennai
2023-07-26,2023,7,Zone 07 U18 D81 Vanagaram,5.4,Chennai
2023-07-26,2023,7,Zone 10 Kodambakkam,4.8,Chennai
2023-07-26,2023,7,Zone 11 U32 Maduravoyal,4.8,Chennai
2023-07-26,2023,7,Gov hr sec school MGR Nagar,4.6,Chennai
2023-07-26,2023,7,Ambathur,4.3,Chennai
2023-07-26,2023,7,Zone 07 Ambattur,4.2,Chennai
2023-07-26,2023,7,Zone 05 GCC,3.9,Chennai
2023-07-26,2023,7,Zone 06 D65 Kolathur,3.9,Chennai
2023-07-26,2023,7,Zone 06 T.V.K Nagar,3.9,Chennai
2023-07-26,2023,7,Zone 08 Malar colony,3.9,Chennai
2023-07-26,2023,7,Zone 03 Madhavaram,3.6,Chennai
2023-07-26,2023,7,Zone 13 Adyar Eco Park,3.6,Chennai
2023-07-26,2023,7,Perambur Corporation park,3.4,Chennai
2023-07-26,2023,7,Zone 04 Tondiarpet,3.15,Chennai
2023-07-26,2023,7,Zone 12 D156 Mugalivakkam,3.0,Chennai
2023-07-26,2023,7,Zone 14 Perungudi,2.7,Chennai
2023-07-26,2023,7,Alandur,2.5,Chennai
2023-07-26,2023,7,Zone 01 Kathivakkam,2.4,Chennai
2023-07-26,2023,7,Chennai collectorate building,2.3,Chennai
2023-07-26,2023,7,Zone 02 D15 Manali,2.1,Chennai
2023-07-26,2023,7,Zone 09 Teynampet,2.1,Chennai
2023-07-26,2023,7,Zone 13 Adyar,2.1,Chennai
2023-07-26,2023,7,Zone 13 U39 Adyar,2.1,Chennai
2023-07-26,2023,7,Zone 01 Thiruvottiyur,1.8,Chennai
2023-07-26,2023,7,Zone 02 Manali,1.8,Chennai
2023-07-26,2023,7,Zone 11 Valasaravakkam,1.8,Chennai
2023-07-26,2023,7,Zone 12 Alandhur,1.8,Chennai
2023-07-26,2023,7,Zone 14 U41 Perungudi,1.8,Chennai
2023-07-26,2023,7,Zone 15 Sholinganallur,1.8,Chennai
2023-07-26,2023,7,CD Hospital Tondiarpet,1.4,Chennai
2023-07-26,2023,7,Zone 12 Meenambakkam,0.9,Chennai
2023-07-26,2023,7,Ambattur,0.6,Chennai
2023-07-26,2023,7,Anna Nagar,0.4,Chennai
2023-07-26,2023,7,Kodambakkam,0.4,Chennai
2023-07-26,2023,7,Zone 03 Puzhal,0.3,Chennai
2023-07-26,2023,7,Thiruvottiyur,0.2,Chennai
2023-07-26,2023,7,Madhavaram,0.2,Chennai
2023-07-26,2023,7,Tondairpet,0.2,Chennai
2023-07-26,2023,7,Royapuram,0.2,Chennai
2023-07-26,2023,7,Teynampet,0.2,Chennai
2023-07-26,2023,7,Valasaravakkam,0.2,Chennai
2023-07-26,2023,7,Sholinganallur,0.2,Chennai
2023-07-26,2023,7,Puzhal,0.2,Chennai
2023-07-27,2023,7,Ambathur,3.3,Chennai
2023-07-27,2023,7,Zone 09 Ice House,2.7,Chennai
2023-07-27,2023,7,Zone 05 Royapuram,1.35,Chennai
2023-07-27,2023,7,Perambur Corporation park,1.3,Chennai
2023-07-27,2023,7,Zone 01 Thiruvottiyur,0.9,Chennai
2023-07-27,2023,7,Anna university,0.8,Chennai
2023-07-27,2023,7,Royapuram,0.6,Chennai
2023-07-27,2023,7,Zone 02 Manali,0.6,Chennai
2023-07-27,2023,7,Zone 05 GCC,0.6,Chennai
2023-07-27,2023,7,Zone 06 D65 Kolathur,0.6,Chennai
2023-07-27,2023,7,Zone 06 T.V.K Nagar,0.6,Chennai
2023-07-27,2023,7,Zone 07 U18 D81 Vanagaram,0.6,Chennai
2023-07-27,2023,7,Zone 04 Tondiarpet,0.45,Chennai
2023-07-27,2023,7,Chennai nungambakkam,0.3,Chennai
2023-07-27,2023,7,Zone 01 Kathivakkam,0.3,Chennai
2023-07-27,2023,7,Zone 02 D15 Manali,0.3,Chennai
2023-07-27,2023,7,Zone 07 Ambattur,0.3,Chennai
2023-07-27,2023,7,Zone 08 Anna Nagar,0.3,Chennai
2023-07-27,2023,7,Zone 08 Malar colony,0.3,Chennai
2023-07-28,2023,7,Ambattur,0.6,Chennai
2023-07-28,2023,7,Anna Nagar,0.4,Chennai
2023-07-28,2023,7,Zone 07 Ambattur,0.3,Chennai
2023-07-28,2023,7,Zone 08 Anna Nagar,0.3,Chennai
2023-07-28,2023,7,Manali,0.2,Chennai
2023-07-28,2023,7,Chennai nungambakkam,0.1,Chennai
2023-07-30,2023,7,Zone 09 Ice House,0.45,Chennai
2023-07-30,2023,7,Royapuram,0.2,Chennai
2023-07-30,2023,7,Kodambakkam,0.2,Chennai
2023-07-31,2023,7,Alandur,2.4,Chennai
2023-07-31,2023,7,Sholinganallur,1.6,Chennai
2023-07-31,2023,7,Anna university,1.0,Chennai
2023-07-31,2023,7,Zone 10 Kodambakkam,0.9,Chennai
2023-07-31,2023,7,Zone 02 Manali,0.6,Chennai
2023-07-31,2023,7,Zone 13 Adyar Eco Park,0.6,Chennai
2023-07-31,2023,7,Zone 05 Royapuram,0.45,Chennai
2023-07-31,2023,7,Zone 02 D15 Manali,0.3,Chennai
2023-07-31,2023,7,Zone 07 Ambattur,0.3,Chennai
2023-08-04,2023,8,Zone 14 U41 Perungudi,3.9,Chennai
2023-08-04,2023,8,Perungudi,3.0,Chennai
2023-08-04,2023,8,Zone 14 Perungudi,3.0,Chennai
2023-08-04,2023,8,Alandur,1.8,Chennai
2023-08-04,2023,8,Zone 12 Meenambakkam,1.5,Chennai
2023-08-04,2023,8,Zone 15 Uthandi,1.2,Chennai
2023-08-04,2023,8,Zone 13 Adyar,0.9,Chennai
2023-08-04,2023,8,Zone 13 U39 Adyar,0.9,Chennai
2023-08-04,2023,8,Zone 08 Malar colony,0.6,Chennai
2023-08-04,2023,8,Zone 12 Alandhur,0.6,Chennai
2023-08-04,2023,8,Zone 05 Royapuram,0.45,Chennai
2023-08-04,2023,8,Adyar,0.4,Chennai
2023-08-04,2023,8,Zone 07 Ambattur,0.3,Chennai
2023-08-04,2023,8,Zone 15 Sholinganallur,0.3,Chennai
2023-08-05,2023,8,Manali,3.4,Chennai
2023-08-05,2023,8,Zone 01 Thiruvottiyur,3.15,Chennai
2023-08-05,2023,8,Thiruvottiyur,2.0,Chennai
2023-08-05,2023,8,Zone 02 Manali,1.5,Chennai
2023-08-05,2023,8,Alandur,0.6,Chennai
2023-08-05,2023,8,Zone 12 Meenambakkam,0.6,Chennai
2023-08-05,2023,8,Sholinganallur,0.4,Chennai
2023-08-05,2023,8,Zone 15 Sholinganallur,0.3,Chennai
2023-08-05,2023,8,Zone 15 Uthandi,0.3,Chennai
2023-08-06,2023,8,Zone 01 Thiruvottiyur,1.35,Chennai
2023-08-06,2023,8,Zone 02 Manali,1.2,Chennai
2023-08-06,2023,8,Madhavaram,0.4,Chennai
2023-08-06,2023,8,Zone 03 Madhavaram,0.3,Chennai
2023-08-07,2023,8,Ambathur,3.8,Chennai
2023-08-07,2023,8,Tondairpet,3.8,Chennai
2023-08-07,2023,8,Manali,2.0,Chennai
2023-08-07,2023,8,Royapuram,0.8,Chennai
2023-08-07,2023,8,Thiru-Vi-Ka Nagar,0.8,Chennai
2023-08-07,2023,8,Puzhal,0.6,Chennai
2023-08-07,2023,8,Teynampet,0.2,Chennai
2023-08-08,2023,8,Sholinganallur,0.3,Chennai
2023-08-10,2023,8,Zone 07 U18 D81 Vanagaram,11.4,Chennai
2023-08-10,2023,8,Zone 07 Ambattur,7.2,Chennai
2023-08-10,2023,8,Ambathur,4.3,Chennai
2023-08-10,2023,8,Zone 06 D65 Kolathur,0.3,Chennai
2023-08-10,2023,8,Madhavaram,0.2,Chennai
2023-08-11,2023,8,Zone 13 Adyar,51.9,Chennai
2023-08-11,2023,8,Zone 12 Alandhur,49.8,Chennai
2023-08-11,2023,8,Zone 14 Perungudi,49.8,Chennai
2023-08-11,2023,8,Zone 15 Sholinganallur,49.8,Chennai
2023-08-11,2023,8,Adyar,45.6,Chennai
2023-08-11,2023,8,Zone 14 U41 Perungudi,38.4,Chennai
2023-08-11,2023,8,Anna university,37.6,Chennai
2023-08-11,2023,8,Zone 15 Uthandi,37.5,Chennai
2023-08-11,2023,8,Zone 13 Adyar Eco Park,36.0,Chennai
2023-08-11,2023,8,Sholinganallur,35.9,Chennai
2023-08-11,2023,8,Alandur,35.8,Chennai
2023-08-11,2023,8,Zone 12 Meenambakkam,33.6,Chennai
2023-08-11,2023,8,Gov hr sec school MGR Nagar,33.2,Chennai
2023-08-11,2023,8,Zone 10 Kodambakkam,24.9,Chennai
2023-08-11,2023,8,Zone 13 U39 Adyar,22.8,Chennai
2023-08-11,2023,8,Zone 12 D156 Mugalivakkam,22.2,Chennai
2023-08-11,2023,8,Teynampet,16.2,Chennai
2023-08-11,2023,8,Chennai nungambakkam,14.9,Chennai
2023-08-11,2023,8,Zone 11 Valasaravakkam,10.2,Chennai
2023-08-11,2023,8,DGP Office,8.4,Chennai
2023-08-11,2023,8,Zone 08 Anna Nagar,7.2,Chennai
2023-08-11,2023,8,Ambathur,6.8,Chennai
2023-08-11,2023,8,Zone 07 Ambattur,6.3,Chennai
2023-08-11,2023,8,Zone 07 U18 D81 Vanagaram,4.8,Chennai
2023-08-11,2023,8,Zone 08 Malar colony,4.5,Chennai
2023-08-11,2023,8,Zone 05 GCC,2.1,Chennai
2023-08-11,2023,8,Zone 09 Teynampet,1.5,Chennai
2023-08-13,2023,8,Gov hr sec school MGR Nagar,27.2,Chennai
2023-08-13,2023,8,Zone 13 Adyar Eco Park,24.0,Chennai
2023-08-13,2023,8,Zone 13 Adyar,21.3,Chennai
2023-08-13,2023,8,Sholinganallur,17.8,Chennai
2023-08-13,2023,8,Sholinganallur,17.4,Chennai
2023-08-13,2023,8,Zone 15 Sholinganallur,14.1,Chennai
2023-08-13,2023,8,Zone 07 U18 D81 Vanagaram,13.5,Chennai
2023-08-13,2023,8,Zone 10 Kodambakkam,13.5,Chennai
2023-08-13,2023,8,Zone 15 Uthandi,13.2,Chennai
2023-08-13,2023,8,Teynampet,13.0,Chennai
2023-08-13,2023,8,Ambathur,10.3,Chennai
2023-08-13,2023,8,Perungudi,9.8,Chennai
2023-08-13,2023,8,Zone 12 Alandhur,7.5,Chennai
2023-08-13,2023,8,Anna university,7.4,Chennai
2023-08-13,2023,8,DGP Office,4.8,Chennai
2023-08-13,2023,8,Zone 14 U41 Perungudi,4.5,Chennai
2023-08-13,2023,8,Zone 03 Madhavaram,4.2,Chennai
2023-08-13,2023,8,Zone 12 D156 Mugalivakkam,3.9,Chennai
2023-08-13,2023,8,Zone 12 Meenambakkam,3.9,Chennai
2023-08-13,2023,8,Zone 08 Anna Nagar,3.3,Chennai
2023-08-13,2023,8,Zone 14 Perungudi,3.3,Chennai
2023-08-13,2023,8,Zone 08 Malar colony,2.1,Chennai
2023-08-13,2023,8,Zone 13 U39 Adyar,2.1,Chennai
2023-08-13,2023,8,Valasaravakkam,1.8,Chennai
2023-08-13,2023,8,Chennai nungambakkam,1.6,Chennai
2023-08-13,2023,8,Zone 06 T.V.K Nagar,1.5,Chennai
2023-08-13,2023,8,Zone 11 Valasaravakkam,1.5,Chennai
2023-08-13,2023,8,Zone 05 GCC,1.2,Chennai
2023-08-13,2023,8,Zone 07 Ambattur,0.9,Chennai
2023-08-13,2023,8,Zone 11 U32 Maduravoyal,0.9,Chennai
2023-08-13,2023,8,Manali,0.8,Chennai
2023-08-13,2023,8,Thiru-Vi-Ka Nagar,0.6,Chennai
2023-08-13,2023,8,Zone 02 Manali,0.45,Chennai
2023-08-13,2023,8,Zone 05 Royapuram,0.45,Chennai
2023-08-13,2023,8,Perambur Corporation park,0.3,Chennai
2023-08-13,2023,8,Alandur,0.3,Chennai
2023-08-13,2023,8,Puzhal,0.2,Chennai
2023-08-14,2023,8,Ambathur,112.8,Chennai
2023-08-14,2023,8,Zone 11 U32 Maduravoyal,109.5,Chennai
2023-08-14,2023,8,Valasaravakkam,106.2,Chennai
2023-08-14,2023,8,Zone 12 D156 Mugalivakkam,102.9,Chennai
2023-08-14,2023,8,Zone 08 Malar colony,102.3,Chennai
2023-08-14,2023,8,Zone 07 Ambattur,99.3,Chennai
2023-08-14,2023,8,Zone 13 Adyar Eco Park,95.7,Chennai
2023-08-14,2023,8,DGP Office,94.6,Chennai
2023-08-14,2023,8,Alandur,89.5,Chennai
2023-08-14,2023,8,Zone 06 D65 Kolathur,88.2,Chennai
2023-08-14,2023,8,Zone 06 T.V.K Nagar,88.2,Chennai
2023-08-14,2023,8,Zone 05 Royapuram,86.85,Chennai
2023-08-14,2023,8,Zone 11 Valasaravakkam,86.7,Chennai
2023-08-14,2023,8,Zone 13 Adyar,84.9,Chennai
2023-08-14,2023,8,Zone 13 U39 Adyar,83.1,Chennai
2023-08-14,2023,8,Gov hr sec school MGR Nagar,80.3,Chennai
2023-08-14,2023,8,Zone 10 Kodambakkam,79.5,Chennai
2023-08-14,2023,8,Anna university,76.8,Chennai
2023-08-14,2023,8,Teynampet,76.8,Chennai
2023-08-14,2023,8,Perambur Corporation park,75.0,Chennai
2023-08-14,2023,8,Ayanavaram taluk office,74.0,Chennai
2023-08-14,2023,8,Zone 12 Alandhur,72.6,Chennai
2023-08-14,2023,8,Sholinganallur,72.4,Chennai
2023-08-14,2023,8,Chennai nungambakkam,71.2,Chennai
2023-08-14,2023,8,Adyar,69.8,Chennai
2023-08-14,2023,8,Zone 08 Anna Nagar,67.2,Chennai
2023-08-14,2023,8,Chennai collectorate building,65.3,Chennai
2023-08-14,2023,8,Zone 05 GCC,60.3,Chennai
2023-08-14,2023,8,Perungudi,56.8,Chennai
2023-08-14,2023,8,Zone 14 U41 Perungudi,55.8,Chennai
2023-08-14,2023,8,Zone 12 Meenambakkam,54.9,Chennai
2023-08-14,2023,8,Zone 15 Sholinganallur,50.7,Chennai
2023-08-14,2023,8,Zone 14 Perungudi,48.9,Chennai
2023-08-14,2023,8,Zone 15 Uthandi,45.3,Chennai
2023-08-14,2023,8,Zone 04 Tondiarpet,44.1,Chennai
2023-08-14,2023,8,CD Hospital Tondiarpet,43.8,Chennai
2023-08-14,2023,8,Zone 01 Thiruvottiyur,41.85,Chennai
2023-08-14,2023,8,Zone 02 Manali,38.25,Chennai
2023-08-14,2023,8,Puzhal,27.8,Chennai
2023-08-14,2023,8,Zone 03 Madhavaram,27.0,Chennai
2023-08-14,2023,8,Zone 02 D15 Manali,24.3,Chennai
2023-08-14,2023,8,Zone 07 U18 D81 Vanagaram,20.1,Chennai
2023-08-14,2023,8,Zone 03 Puzhal,14.1,Chennai
2023-08-14,2023,8,Tondairpet,12.0,Chennai
2023-08-14,2023,8,Manali,6.6,Chennai
2023-08-14,2023,8,Zone 01 Kathivakkam,4.8,Chennai
2023-08-14,2023,8,Zone 09 Teynampet,1.8,Chennai
2023-08-14,2023,8,Kodambakkam,0.6,Chennai
2023-08-15,2023,8,Zone 02 Manali,41.85,Chennai
2023-08-15,2023,8,Zone 01 Thiruvottiyur,34.2,Chennai
2023-08-15,2023,8,Zone 01 Kathivakkam,33.0,Chennai
2023-08-15,2023,8,Alandur,32.9,Chennai
2023-08-15,2023,8,Gov hr sec school MGR Nagar,27.2,Chennai
2023-08-15,2023,8,Zone 07 U18 D81 Vanagaram,24.0,Chennai
2023-08-15,2023,8,Zone 04 Tondiarpet,22.5,Chennai
2023-08-15,2023,8,Zone 02 D15 Manali,21.15,Chennai
2023-08-15,2023,8,Ambathur,20.3,Chennai
2023-08-15,2023,8,Zone 12 Meenambakkam,19.5,Chennai
2023-08-15,2023,8,Zone 03 Madhavaram,19.2,Chennai
2023-08-15,2023,8,Sholinganallur,17.4,Chennai
2023-08-15,2023,8,Zone 06 D65 Kolathur,17.1,Chennai
2023-08-15,2023,8,Zone 12 Alandhur,14.7,Chennai
2023-08-15,2023,8,Zone 12 D156 Mugalivakkam,14.7,Chennai
2023-08-15,2023,8,Zone 13 U39 Adyar,14.7,Chennai
2023-08-15,2023,8,CD Hospital Tondiarpet,14.4,Chennai
2023-08-15,2023,8,Zone 07 Ambattur,13.8,Chennai
2023-08-15,2023,8,Zone 05 Royapuram,13.5,Chennai
2023-08-15,2023,8,Zone 09 Ice House,11.7,Chennai
2023-08-15,2023,8,Adyar,10.8,Chennai
2023-08-15,2023,8,Chennai collectorate building,10.0,Chennai
2023-08-15,2023,8,Zone 05 GCC,9.9,Chennai
2023-08-15,2023,8,Zone 06 T.V.K Nagar,9.6,Chennai
2023-08-15,2023,8,Zone 14 U41 Perungudi,9.3,Chennai
2023-08-15,2023,8,Zone 10 Kodambakkam,8.7,Chennai
2023-08-15,2023,8,Royapuram,8.0,Chennai
2023-08-15,2023,8,Anna university,7.2,Chennai
2023-08-15,2023,8,Zone 13 Adyar,7.2,Chennai
2023-08-15,2023,8,DGP Office,6.8,Chennai
2023-08-15,2023,8,Zone 08 Malar colony,6.6,Chennai
2023-08-15,2023,8,Ayanavaram taluk office,6.0,Chennai
2023-08-15,2023,8,Perambur Corporation park,5.4,Chennai
2023-08-15,2023,8,Chennai nungambakkam,5.2,Chennai
2023-08-15,2023,8,Zone 08 Anna Nagar,5.1,Chennai
2023-08-15,2023,8,Zone 15 Uthandi,4.8,Chennai
2023-08-15,2023,8,Zone 03 Puzhal,4.5,Chennai
2023-08-15,2023,8,Zone 11 U32 Maduravoyal,3.9,Chennai
2023-08-15,2023,8,Zone 13 Adyar Eco Park,3.9,Chennai
2023-08-15,2023,8,Zone 15 Sholinganallur,3.6,Chennai
2023-08-15,2023,8,Anna Nagar,3.0,Chennai
2023-08-15,2023,8,Puzhal,1.8,Chennai
2023-08-15,2023,8,Valasaravakkam,1.6,Chennai
2023-08-15,2023,8,Tondairpet,1.4,Chennai
2023-08-15,2023,8,Manali,0.6,Chennai
2023-08-15,2023,8,Madhavaram,0.2,Chennai
2023-08-16,2023,8,Zone 02 D15 Manali,21.15,Chennai
2023-08-16,2023,8,Zone 05 GCC,20.4,Chennai
2023-08-16,2023,8,Chennai nungambakkam,16.0,Chennai
2023-08-16,2023,8,Chennai collectorate building,12.2,Chennai
2023-08-16,2023,8,Zone 09 Ice House,11.7,Chennai
2023-08-16,2023,8,Zone 01 Kathivakkam,9.6,Chennai
2023-08-16,2023,8,Zone 05 Royapuram,5.4,Chennai
2023-08-16,2023,8,Zone 02 Manali,3.15,Chennai
2023-08-16,2023,8,Madhavaram,1.6,Chennai
2023-08-16,2023,8,Zone 03 Madhavaram,0.6,Chennai
2023-08-16,2023,8,Zone 13 Adyar Eco Park,0.3,Chennai
2023-08-16,2023,8,Zone 13 U39 Adyar,0.3,Chennai
2023-08-16,2023,8,Thiruvottiyur,0.2,Chennai
2023-08-16,2023,8,Puzhal,0.2,Chennai
2023-08-17,2023,8,Zone 01 Kathivakkam,33.0,Chennai
2023-08-17,2023,8,Zone 09 Ice House,18.9,Chennai
2023-08-17,2023,8,Zone 02 D15 Manali,15.75,Chennai
2023-08-17,2023,8,Zone 03 Madhavaram,14.1,Chennai
2023-08-17,2023,8,Zone 11 U32 Maduravoyal,10.5,Chennai
2023-08-17,2023,8,Zone 05 Royapuram,10.35,Chennai
2023-08-17,2023,8,Zone 08 Anna Nagar,9.6,Chennai
2023-08-17,2023,8,Zone 06 T.V.K Nagar,8.7,Chennai
2023-08-17,2023,8,Zone 07 U18 D81 Vanagaram,6.3,Chennai
2023-08-17,2023,8,Zone 04 Tondiarpet,5.85,Chennai
2023-08-17,2023,8,Zone 06 D65 Kolathur,5.7,Chennai
2023-08-17,2023,8,CD Hospital Tondiarpet,5.4,Chennai
2023-08-17,2023,8,Ambathur,5.4,Chennai
2023-08-17,2023,8,Perambur Corporation park,5.2,Chennai
2023-08-17,2023,8,Zone 03 Puzhal,4.2,Chennai
2023-08-17,2023,8,Ayanavaram taluk office,4.0,Chennai
2023-08-17,2023,8,Zone 08 Malar colony,3.9,Chennai
2023-08-17,2023,8,Zone 10 Kodambakkam,3.3,Chennai
2023-08-17,2023,8,Zone 02 Manali,2.7,Chennai
2023-08-17,2023,8,Zone 14 U41 Perungudi,2.7,Chennai
2023-08-17,2023,8,Chennai nungambakkam,2.5,Chennai
2023-08-17,2023,8,Chennai collectorate building,2.1,Chennai
2023-08-17,2023,8,Puzhal,1.8,Chennai
2023-08-17,2023,8,Zone 12 D156 Mugalivakkam,1.8,Chennai
2023-08-17,2023,8,Thiruvottiyur,1.6,Chennai
2023-08-17,2023,8,Zone 05 GCC,1.5,Chennai
2023-08-17,2023,8,Alandur,1.2,Chennai
2023-08-17,2023,8,Zone 07 Ambattur,0.9,Chennai
2023-08-17,2023,8,Gov hr sec school MGR Nagar,0.6,Chennai
2023-08-17,2023,8,Zone 12 Alandhur,0.3,Chennai
2023-08-18,2023,8,Zone 13 Adyar Eco Park,66.0,Chennai
2023-08-18,2023,8,Zone 13 Adyar,59.4,Chennai
2023-08-18,2023,8,Zone 10 Kodambakkam,58.2,Chennai
2023-08-18,2023,8,DGP Office,54.0,Chennai
2023-08-18,2023,8,Zone 11 U32 Maduravoyal,53.1,Chennai
2023-08-18,2023,8,Zone 12 D156 Mugalivakkam,47.4,Chennai
2023-08-18,2023,8,Zone 05 Royapuram,47.25,Chennai
2023-08-18,2023,8,Zone 12 Meenambakkam,46.8,Chennai
2023-08-18,2023,8,Alandur,40.2,Chennai
2023-08-18,2023,8,Zone 13 U39 Adyar,39.9,Chennai
2023-08-18,2023,8,Zone 01 Thiruvottiyur,39.6,Chennai
2023-08-18,2023,8,Zone 14 U41 Perungudi,38.1,Chennai
2023-08-18,2023,8,Chennai collectorate building,29.4,Chennai
2023-08-18,2023,8,Zone 08 Anna Nagar,29.1,Chennai
2023-08-18,2023,8,Zone 04 Tondiarpet,28.8,Chennai
2023-08-18,2023,8,Zone 12 Alandhur,28.5,Chennai
2023-08-18,2023,8,Zone 02 D15 Manali,28.35,Chennai
2023-08-18,2023,8,Zone 02 Manali,27.45,Chennai
2023-08-18,2023,8,Chennai nungambakkam,27.4,Chennai
2023-08-18,2023,8,Zone 09 Ice House,25.65,Chennai
2023-08-18,2023,8,Gov hr sec school MGR Nagar,24.6,Chennai
2023-08-18,2023,8,Zone 05 GCC,24.0,Chennai
2023-08-18,2023,8,Zone 06 D65 Kolathur,22.8,Chennai
2023-08-18,2023,8,Zone 03 Madhavaram,22.2,Chennai
2023-08-18,2023,8,Zone 06 T.V.K Nagar,20.4,Chennai
2023-08-18,2023,8,CD Hospital Tondiarpet,20.0,Chennai
2023-08-18,2023,8,Perambur Corporation park,18.3,Chennai
2023-08-18,2023,8,Zone 15 Uthandi,18.0,Chennai
2023-08-18,2023,8,Anna university,17.8,Chennai
2023-08-18,2023,8,Puzhal,17.2,Chennai
2023-08-18,2023,8,Sholinganallur,15.7,Chennai
2023-08-18,2023,8,Adyar,15.4,Chennai
2023-08-18,2023,8,Zone 15 Sholinganallur,15.3,Chennai
2023-08-18,2023,8,Zone 01 Kathivakkam,13.8,Chennai
2023-08-18,2023,8,Ayanavaram taluk office,13.0,Chennai
2023-08-18,2023,8,Zone 07 Ambattur,12.9,Chennai
2023-08-18,2023,8,Zone 07 U18 D81 Vanagaram,10.8,Chennai
2023-08-18,2023,8,Zone 08 Malar colony,10.8,Chennai
2023-08-18,2023,8,Ambathur,10.3,Chennai
2023-08-18,2023,8,Teynampet,10.0,Chennai
2023-08-18,2023,8,Perungudi,9.0,Chennai
2023-08-18,2023,8,Zone 03 Puzhal,9.0,Chennai
2023-08-18,2023,8,Tondairpet,5.4,Chennai
2023-08-18,2023,8,Anna Nagar,0.6,Chennai
2023-08-18,2023,8,Ambattur,0.4,Chennai
2023-08-18,2023,8,Zone 09 Teynampet,0.3,Chennai
2023-08-18,2023,8,Sholinganallur,0.2,Chennai
2023-08-19,2023,8,Zone 15 Uthandi,0.9,Chennai
2023-08-19,2023,8,Zone 08 Anna Nagar,0.3,Chennai
2023-08-19,2023,8,Zone 13 U39 Adyar,0.3,Chennai
2023-08-20,2023,8,Zone 02 D15 Manali,31.05,Chennai
2023-08-20,2023,8,Zone 15 Uthandi,25.2,Chennai
2023-08-20,2023,8,Zone 15 Sholinganallur,23.1,Chennai
2023-08-20,2023,8,Zone 08 Malar colony,20.4,Chennai
2023-08-20,2023,8,Puzhal,19.2,Chennai
2023-08-20,2023,8,Anna university,18.2,Chennai
2023-08-20,2023,8,Zone 01 Kathivakkam,17.7,Chennai
2023-08-20,2023,8,Zone 07 Ambattur,17.7,Chennai
2023-08-20,2023,8,Zone 05 Royapuram,17.55,Chennai
2023-08-20,2023,8,Zone 06 T.V.K Nagar,16.8,Chennai
2023-08-20,2023,8,Perambur Corporation park,15.3,Chennai
2023-08-20,2023,8,Zone 08 Anna Nagar,13.8,Chennai
2023-08-20,2023,8,Manali,13.4,Chennai
2023-08-20,2023,8,Zone 04 Tondiarpet,13.05,Chennai
2023-08-20,2023,8,Sholinganallur,12.4,Chennai
2023-08-20,2023,8,Zone 02 Manali,11.7,Chennai
2023-08-20,2023,8,Gov hr sec school MGR Nagar,11.6,Chennai
2023-08-20,2023,8,Chennai nungambakkam,10.3,Chennai
2023-08-20,2023,8,Ambathur,10.2,Chennai
2023-08-20,2023,8,Zone 01 Thiruvottiyur,9.9,Chennai
2023-08-20,2023,8,Zone 07 U18 D81 Vanagaram,9.9,Chennai
2023-08-20,2023,8,DGP Office,9.4,Chennai
2023-08-20,2023,8,Zone 10 Kodambakkam,8.7,Chennai
2023-08-20,2023,8,CD Hospital Tondiarpet,8.6,Chennai
2023-08-20,2023,8,Chennai collectorate building,6.2,Chennai
2023-08-20,2023,8,Ayanavaram taluk office,6.0,Chennai
2023-08-20,2023,8,Zone 05 GCC,6.0,Chennai
2023-08-20,2023,8,Zone 06 D65 Kolathur,5.1,Chennai
2023-08-20,2023,8,Zone 03 Puzhal,4.5,Chennai
2023-08-20,2023,8,Ambattur,4.2,Chennai
2023-08-20,2023,8,Zone 11 U32 Maduravoyal,4.2,Chennai
2023-08-20,2023,8,Zone 09 Ice House,2.7,Chennai
2023-08-20,2023,8,Zone 11 Valasaravakkam,2.7,Chennai
2023-08-20,2023,8,Zone 12 D156 Mugalivakkam,2.7,Chennai
2023-08-20,2023,8,Zone 03 Madhavaram,2.4,Chennai
2023-08-20,2023,8,Kodambakkam,2.0,Chennai
2023-08-20,2023,8,Zone 13 Adyar Eco Park,1.8,Chennai
2023-08-20,2023,8,Zone 12 Alandhur,1.2,Chennai
2023-08-20,2023,8,Valasaravakkam,0.8,Chennai
2023-08-20,2023,8,Sholinganallur,0.6,Chennai
2023-08-20,2023,8,Zone 13 Adyar,0.6,Chennai
2023-08-20,2023,8,Zone 14 U41 Perungudi,0.6,Chennai
2023-08-20,2023,8,Alandur,0.3,Chennai
2023-08-20,2023,8,Teynampet,0.2,Chennai
2023-08-21,2023,8,Royapuram,0.2,Chennai
2023-08-22,2023,8,Zone 09 Ice House,42.75,Chennai
2023-08-22,2023,8,Zone 06 T.V.K Nagar,17.1,Chennai
2023-08-22,2023,8,Zone 02 D15 Manali,9.45,Chennai
2023-08-22,2023,8,Zone 08 Malar colony,3.9,Chennai
2023-08-22,2023,8,Zone 11 Valasaravakkam,3.6,Chennai
2023-08-22,2023,8,Zone 05 Royapuram,3.15,Chennai
2023-08-22,2023,8,Zone 03 Madhavaram,3.0,Chennai
2023-08-22,2023,8,Zone 02 Manali,1.8,Chennai
2023-08-22,2023,8,Zone 10 Kodambakkam,1.8,Chennai
2023-08-22,2023,8,Zone 06 D65 Kolathur,1.2,Chennai
2023-08-22,2023,8,Kodambakkam,1.0,Chennai
2023-08-22,2023,8,Zone 03 Puzhal,0.9,Chennai
2023-08-22,2023,8,Zone 05 GCC,0.6,Chennai
2023-08-22,2023,8,Zone 04 Tondiarpet,0.45,Chennai
2023-08-22,2023,8,Zone 12 Meenambakkam,0.3,Chennai
2023-08-22,2023,8,Zone 13 Adyar,0.3,Chennai
2023-08-23,2023,8,Zone 12 Meenambakkam,68.4,Chennai
2023-08-23,2023,8,Alandur,67.6,Chennai
2023-08-23,2023,8,Adyar,37.0,Chennai
2023-08-23,2023,8,Gov hr sec school MGR Nagar,25.4,Chennai
2023-08-23,2023,8,Zone 02 D15 Manali,24.3,Chennai
2023-08-23,2023,8,Zone 13 Adyar,24.0,Chennai
2023-08-23,2023,8,Zone 11 U32 Maduravoyal,21.6,Chennai
2023-08-23,2023,8,Zone 01 Kathivakkam,19.8,Chennai
2023-08-23,2023,8,Zone 11 Valasaravakkam,18.45,Chennai
2023-08-23,2023,8,DGP Office,18.4,Chennai
2023-08-23,2023,8,Zone 01 Thiruvottiyur,18.0,Chennai
2023-08-23,2023,8,Zone 08 Malar colony,17.1,Chennai
2023-08-23,2023,8,Ambattur,12.6,Chennai
2023-08-23,2023,8,Zone 12 D156 Mugalivakkam,11.7,Chennai
2023-08-23,2023,8,Zone 13 U39 Adyar,11.4,Chennai
2023-08-23,2023,8,Zone 14 U41 Perungudi,11.1,Chennai
2023-08-23,2023,8,Zone 10 Kodambakkam,8.7,Chennai
2023-08-23,2023,8,Zone 02 Manali,7.65,Chennai
2023-08-23,2023,8,Zone 08 Anna Nagar,7.2,Chennai
2023-08-23,2023,8,Zone 15 Uthandi,6.9,Chennai
2023-08-23,2023,8,Sholinganallur,6.2,Chennai
2023-08-23,2023,8,Anna university,5.8,Chennai
2023-08-23,2023,8,Zone 07 U18 D81 Vanagaram,5.7,Chennai
2023-08-23,2023,8,Zone 15 Sholinganallur,5.7,Chennai
2023-08-23,2023,8,Perambur Corporation park,5.4,Chennai
2023-08-23,2023,8,Ambathur,5.2,Chennai
2023-08-23,2023,8,Zone 03 Madhavaram,5.1,Chennai
2023-08-23,2023,8,Zone 06 T.V.K Nagar,4.8,Chennai
2023-08-23,2023,8,Tondairpet,3.8,Chennai
2023-08-23,2023,8,Zone 05 Royapuram,3.6,Chennai
2023-08-23,2023,8,Kodambakkam,3.4,Chennai
2023-08-23,2023,8,Zone 06 D65 Kolathur,3.3,Chennai
2023-08-23,2023,8,Zone 07 Ambattur,3.3,Chennai
2023-08-23,2023,8,Zone 09 Ice House,3.15,Chennai
2023-08-23,2023,8,Zone 05 GCC,3.0,Chennai
2023-08-23,2023,8,Zone 03 Puzhal,2.7,Chennai
2023-08-23,2023,8,Zone 13 Adyar Eco Park,2.7,Chennai
2023-08-23,2023,8,Manali,2.4,Chennai
2023-08-23,2023,8,Ayanavaram taluk office,2.0,Chennai
2023-08-23,2023,8,Chennai nungambakkam,1.6,Chennai
2023-08-23,2023,8,Teynampet,1.2,Chennai
2023-08-23,2023,8,Zone 04 Tondiarpet,0.45,Chennai
2023-08-23,2023,8,Royapuram,0.2,Chennai
2023-08-24,2023,8,Zone 15 Uthandi,102.3,Chennai
2023-08-24,2023,8,Zone 01 Thiruvottiyur,87.75,Chennai
2023-08-24,2023,8,Zone 15 Sholinganallur,82.2,Chennai
2023-08-24,2023,8,Zone 12 D156 Mugalivakkam,78.0,Chennai
2023-08-24,2023,8,Zone 02 Manali,74.7,Chennai
2023-08-24,2023,8,Sholinganallur,65.4,Chennai
2023-08-24,2023,8,Zone 10 Kodambakkam,65.4,Chennai
2023-08-24,2023,8,Ayanavaram taluk office,64.0,Chennai
2023-08-24,2023,8,CD Hospital Tondiarpet,60.0,Chennai
2023-08-24,2023,8,Zone 11 Valasaravakkam,57.15,Chennai
2023-08-24,2023,8,Zone 02 D15 Manali,56.7,Chennai
2023-08-24,2023,8,Thiru-Vi-Ka Nagar,55.0,Chennai
2023-08-24,2023,8,Zone 09 Ice House,54.0,Chennai
2023-08-24,2023,8,Perambur Corporation park,53.2,Chennai
2023-08-24,2023,8,Zone 05 Royapuram,52.2,Chennai
2023-08-24,2023,8,Alandur,51.8,Chennai
2023-08-24,2023,8,Zone 08 Anna Nagar,49.5,Chennai
2023-08-24,2023,8,Zone 04 Tondiarpet,47.25,Chennai
2023-08-24,2023,8,Gov hr sec school MGR Nagar,46.4,Chennai
2023-08-24,2023,8,DGP Office,46.2,Chennai
2023-08-24,2023,8,Chennai nungambakkam,45.6,Chennai
2023-08-24,2023,8,Zone 14 U41 Perungudi,45.0,Chennai
2023-08-24,2023,8,Thiruvottiyur,44.8,Chennai
2023-08-24,2023,8,Zone 11 U32 Maduravoyal,44.4,Chennai
2023-08-24,2023,8,Zone 06 T.V.K Nagar,42.9,Chennai
2023-08-24,2023,8,Valasaravakkam,39.8,Chennai
2023-08-24,2023,8,Zone 05 GCC,39.0,Chennai
2023-08-24,2023,8,Puzhal,37.2,Chennai
2023-08-24,2023,8,Zone 01 Kathivakkam,36.3,Chennai
2023-08-24,2023,8,Zone 12 Meenambakkam,36.0,Chennai
2023-08-24,2023,8,Zone 06 D65 Kolathur,29.1,Chennai
2023-08-24,2023,8,Zone 13 Adyar Eco Park,29.1,Chennai
2023-08-24,2023,8,Zone 03 Madhavaram,26.1,Chennai
2023-08-24,2023,8,Chennai collectorate building,25.3,Chennai
2023-08-24,2023,8,Zone 07 U18 D81 Vanagaram,23.4,Chennai
2023-08-24,2023,8,Sholinganallur,22.6,Chennai
2023-08-24,2023,8,Adyar,22.4,Chennai
2023-08-24,2023,8,Zone 13 Adyar,22.2,Chennai
2023-08-24,2023,8,Zone 08 Malar colony,21.0,Chennai
2023-08-24,2023,8,Ambathur,20.2,Chennai
2023-08-24,2023,8,Ambattur,19.8,Chennai
2023-08-24,2023,8,Zone 03 Puzhal,14.7,Chennai
2023-08-24,2023,8,Anna university,14.6,Chennai
2023-08-24,2023,8,Zone 07 Ambattur,14.1,Chennai
2023-08-24,2023,8,Zone 09 Teynampet,4.5,Chennai
2023-08-24,2023,8,Zone 13 U39 Adyar,2.1,Chennai
2023-08-24,2023,8,Manali,0.2,Chennai
2023-08-25,2023,8,Zone 13 U39 Adyar,2.4,Chennai
2023-08-25,2023,8,Thiru-Vi-Ka Nagar,0.2,Chennai
2023-08-26,2023,8,Zone 13 U39 Adyar,2.7,Chennai
2023-08-26,2023,8,Zone 05 Royapuram,2.25,Chennai
2023-08-26,2023,8,Zone 02 Manali,1.8,Chennai
2023-08-26,2023,8,Zone 04 Tondiarpet,1.8,Chennai
2023-08-26,2023,8,Zone 02 D15 Manali,1.35,Chennai
2023-08-27,2023,8,Zone 11 Valasaravakkam,49.05,Chennai
2023-08-27,2023,8,Zone 02 Manali,44.78,Chennai
2023-08-27,2023,8,Zone 13 Adyar Eco Park,42.75,Chennai
2023-08-27,2023,8,Perambur Corporation park,40.2,Chennai
2023-08-27,2023,8,Zone 11 U32 Maduravoyal,38.1,Chennai
2023-08-27,2023,8,Zone 03 Madhavaram,37.5,Chennai
2023-08-27,2023,8,Zone 08 Anna Nagar,37.5,Chennai
2023-08-27,2023,8,DGP Office,36.4,Chennai
2023-08-27,2023,8,Zone 13 Adyar,31.8,Chennai
2023-08-27,2023,8,Ayanavaram taluk office,31.0,Chennai
2023-08-27,2023,8,Zone 10 Kodambakkam,30.0,Chennai
2023-08-27,2023,8,Zone 06 T.V.K Nagar,29.7,Chennai
2023-08-27,2023,8,Zone 04 Tondiarpet,29.48,Chennai
2023-08-27,2023,8,CD Hospital Tondiarpet,27.2,Chennai
2023-08-27,2023,8,Zone 02 D15 Manali,23.63,Chennai
2023-08-27,2023,8,Zone 05 Royapuram,23.63,Chennai
2023-08-27,2023,8,Zone 05 GCC,23.4,Chennai
2023-08-27,2023,8,Zone 09 Ice House,21.15,Chennai
2023-08-27,2023,8,Chennai nungambakkam,21.0,Chennai
2023-08-27,2023,8,Adyar,19.4,Chennai
2023-08-27,2023,8,Gov hr sec school MGR Nagar,18.2,Chennai
2023-08-27,2023,8,Zone 01 Thiruvottiyur,17.55,Chennai
2023-08-27,2023,8,Zone 12 D156 Mugalivakkam,17.4,Chennai
2023-08-27,2023,8,Zone 08 Malar colony,16.5,Chennai
2023-08-27,2023,8,Zone 15 Sholinganallur,15.3,Chennai
2023-08-27,2023,8,Chennai collectorate building,14.4,Chennai
2023-08-27,2023,8,Puzhal,14.2,Chennai
2023-08-27,2023,8,Anna university,12.4,Chennai
2023-08-27,2023,8,Sholinganallur,12.3,Chennai
2023-08-27,2023,8,Zone 01 Kathivakkam,12.3,Chennai
2023-08-27,2023,8,Zone 07 Ambattur,12.0,Chennai
2023-08-27,2023,8,Ambathur,10.6,Chennai
2023-08-27,2023,8,Zone 07 U18 D81 Vanagaram,8.7,Chennai
2023-08-27,2023,8,Zone 13 U39 Adyar,8.4,Chennai
2023-08-27,2023,8,Sholinganallur,6.2,Chennai
2023-08-27,2023,8,Zone 03 Puzhal,6.0,Chennai
2023-08-27,2023,8,Zone 06 D65 Kolathur,6.0,Chennai
2023-08-27,2023,8,Zone 15 Uthandi,6.0,Chennai
2023-08-27,2023,8,Zone 14 U41 Perungudi,5.7,Chennai
2023-08-27,2023,8,Alandur,3.6,Chennai
2023-08-27,2023,8,Manali,3.2,Chennai
2023-08-27,2023,8,Zone 12 Meenambakkam,2.1,Chennai
2023-08-28,2023,8,Zone 11 Valasaravakkam,49.05,Chennai
2023-08-28,2023,8,Zone 02 Manali,44.78,Chennai
2023-08-28,2023,8,Zone 13 Adyar Eco Park,40.5,Chennai
2023-08-28,2023,8,Zone 11 U32 Maduravoyal,38.1,Chennai
2023-08-28,2023,8,Zone 03 Madhavaram,37.5,Chennai
2023-08-28,2023,8,Zone 08 Anna Nagar,37.5,Chennai
2023-08-28,2023,8,Zone 13 Adyar,31.8,Chennai
2023-08-28,2023,8,Zone 10 Kodambakkam,30.0,Chennai
2023-08-28,2023,8,Zone 06 T.V.K Nagar,29.7,Chennai
2023-08-28,2023,8,Zone 04 Tondiarpet,29.48,Chennai
2023-08-28,2023,8,Zone 05 Royapuram,23.63,Chennai
2023-08-28,2023,8,Zone 05 GCC,23.4,Chennai
2023-08-28,2023,8,Zone 02 D15 Manali,22.95,Chennai
2023-08-28,2023,8,Zone 09 Ice House,20.25,Chennai
2023-08-28,2023,8,Zone 01 Thiruvottiyur,18.0,Chennai
2023-08-28,2023,8,Zone 12 D156 Mugalivakkam,17.4,Chennai
2023-08-28,2023,8,Zone 08 Malar colony,16.5,Chennai
2023-08-28,2023,8,Zone 15 Sholinganallur,15.3,Chennai
2023-08-28,2023,8,Zone 01 Kathivakkam,12.3,Chennai
2023-08-28,2023,8,Zone 07 Ambattur,12.0,Chennai
2023-08-28,2023,8,Zone 07 U18 D81 Vanagaram,8.7,Chennai
2023-08-28,2023,8,Zone 15 Uthandi,6.3,Chennai
2023-08-28,2023,8,Zone 03 Puzhal,6.0,Chennai
2023-08-28,2023,8,Zone 06 D65 Kolathur,6.0,Chennai
2023-08-28,2023,8,Zone 13 U39 Adyar,6.0,Chennai
2023-08-28,2023,8,Zone 14 U41 Perungudi,6.0,Chennai
2023-08-28,2023,8,Zone 12 Meenambakkam,2.1,Chennai
2023-08-29,2023,8,Zone 10 Kodambakkam,65.4,Chennai
2023-08-29,2023,8,Zone 07 U18 D81 Vanagaram,64.2,Chennai
2023-08-29,2023,8,Zone 08 Anna Nagar,63.3,Chennai
2023-08-29,2023,8,Ambathur,63.2,Chennai
2023-08-29,2023,8,Kodambakkam,55.2,Chennai
2023-08-29,2023,8,Chennai nungambakkam,53.2,Chennai
2023-08-29,2023,8,Zone 07 Ambattur,50.7,Chennai
2023-08-29,2023,8,Zone 09 Ice House,44.33,Chennai
2023-08-29,2023,8,DGP Office,42.6,Chennai
2023-08-29,2023,8,Zone 06 D65 Kolathur,42.0,Chennai
2023-08-29,2023,8,Ayanavaram taluk office,41.0,Chennai
2023-08-29,2023,8,Zone 08 Malar colony,38.7,Chennai
2023-08-29,2023,8,Zone 13 Adyar Eco Park,37.13,Chennai
2023-08-29,2023,8,Sholinganallur,34.7,Chennai
2023-08-29,2023,8,Zone 05 GCC,33.9,Chennai
2023-08-29,2023,8,Puzhal,33.2,Chennai
2023-08-29,2023,8,Gov hr sec school MGR Nagar,30.2,Chennai
2023-08-29,2023,8,Teynampet,29.6,Chennai
2023-08-29,2023,8,Zone 02 Manali,27.9,Chennai
2023-08-29,2023,8,Zone 11 U32 Maduravoyal,27.6,Chennai
2023-08-29,2023,8,Alandur,27.0,Chennai
2023-08-29,2023,8,Zone 13 Adyar,26.4,Chennai
2023-08-29,2023,8,CD Hospital Tondiarpet,25.4,Chennai
2023-08-29,2023,8,Zone 06 T.V.K Nagar,24.6,Chennai
2023-08-29,2023,8,Zone 03 Madhavaram,23.4,Chennai
2023-08-29,2023,8,Zone 11 Valasaravakkam,22.05,Chennai
2023-08-29,2023,8,Zone 12 D156 Mugalivakkam,20.7,Chennai
2023-08-29,2023,8,Zone 04 Tondiarpet,20.48,Chennai
2023-08-29,2023,8,Zone 05 Royapuram,18.67,Chennai
2023-08-29,2023,8,Tondairpet,17.0,Chennai
2023-08-29,2023,8,Royapuram,16.8,Chennai
2023-08-29,2023,8,Perambur Corporation park,16.3,Chennai
2023-08-29,2023,8,Zone 14 U41 Perungudi,15.6,Chennai
2023-08-29,2023,8,Sholinganallur,14.8,Chennai
2023-08-29,2023,8,Zone 15 Sholinganallur,14.4,Chennai
2023-08-29,2023,8,Manali,13.4,Chennai
2023-08-29,2023,8,Chennai collectorate building,13.3,Chennai
2023-08-29,2023,8,Anna university,12.4,Chennai
2023-08-29,2023,8,Zone 13 U39 Adyar,12.3,Chennai
2023-08-29,2023,8,Zone 15 Uthandi,10.5,Chennai
2023-08-29,2023,8,Perungudi,9.2,Chennai
2023-08-29,2023,8,Zone 01 Thiruvottiyur,9.0,Chennai
2023-08-29,2023,8,Zone 02 D15 Manali,8.1,Chennai
2023-08-29,2023,8,Zone 03 Puzhal,8.1,Chennai
2023-08-29,2023,8,Thiruvottiyur,6.6,Chennai
2023-08-29,2023,8,Zone 01 Kathivakkam,6.0,Chennai
2023-08-29,2023,8,Zone 12 Meenambakkam,1.8,Chennai
2023-08-30,2023,8,Zone 07 U18 D81 Vanagaram,0.3,Chennai
2023-08-30,2023,8,Zone 10 Kodambakkam,0.3,Chennai
2023-08-30,2023,8,Zone 15 Sholinganallur,0.3,Chennai
2023-08-30,2023,8,Tondairpet,0.2,Chennai
2023-08-30,2023,8,Royapuram,0.2,Chennai
2023-08-31,2023,8,Puzhal,24.6,Chennai
2023-08-31,2023,8,Zone 03 Madhavaram,24.0,Chennai
2023-08-31,2023,8,Zone 06 D65 Kolathur,14.7,Chennai
2023-08-31,2023,8,Perambur Corporation park,10.4,Chennai
2023-08-31,2023,8,Zone 08 Malar colony,9.3,Chennai
2023-08-31,2023,8,Zone 05 Royapuram,8.55,Chennai
2023-08-31,2023,8,Zone 03 Puzhal,7.2,Chennai
2023-08-31,2023,8,Perungudi,6.6,Chennai
2023-08-31,2023,8,Anna university,6.4,Chennai
2023-08-31,2023,8,Zone 11 U32 Maduravoyal,5.7,Chennai
2023-08-31,2023,8,Zone 04 Tondiarpet,5.17,Chennai
2023-08-31,2023,8,Zone 13 U39 Adyar,5.1,Chennai
2023-08-31,2023,8,Ayanavaram taluk office,5.0,Chennai
2023-08-31,2023,8,Zone 11 Valasaravakkam,4.5,Chennai
2023-08-31,2023,8,Zone 07 U18 D81 Vanagaram,3.9,Chennai
2023-08-31,2023,8,Zone 13 Adyar,3.6,Chennai
2023-08-31,2023,8,Zone 14 U41 Perungudi,3.0,Chennai
2023-08-31,2023,8,Royapuram,2.6,Chennai
2023-08-31,2023,8,Sholinganallur,2.4,Chennai
2023-08-31,2023,8,Zone 05 GCC,1.8,Chennai
2023-08-31,2023,8,Zone 01 Thiruvottiyur,0.9,Chennai
2023-08-31,2023,8,Zone 12 D156 Mugalivakkam,0.9,Chennai
2023-08-31,2023,8,Zone 13 Adyar Eco Park,0.9,Chennai
2023-08-31,2023,8,Adyar,0.6,Chennai
2023-08-31,2023,8,Zone 01 Kathivakkam,0.3,Chennai
2023-08-31,2023,8,Zone 07 Ambattur,0.3,Chennai
2023-08-31,2023,8,Zone 08 Anna Nagar,0.3,Chennai
2023-08-31,2023,8,Chennai nungambakkam,0.2,Chennai
2023-08-31,2023,8,Teynampet,0.2,Chennai
2023-08-31,2023,8,Valasaravakkam,0.2,Chennai
2023-09-03,2023,9,Alandur,17.2,Chennai
2023-09-03,2023,9,Sholinganallur,16.3,Chennai
2023-09-03,2023,9,Perungudi,13.0,Chennai
2023-09-03,2023,9,Adyar,12.6,Chennai
2023-09-03,2023,9,Anna university,8.4,Chennai
2023-09-03,2023,9,DGP Office,6.2,Chennai
2023-09-03,2023,9,Chennai collectorate building,4.3,Chennai
2023-09-03,2023,9,Ambathur,2.6,Chennai
2023-09-03,2023,9,Perambur Corporation park,2.4,Chennai
2023-09-03,2023,9,CD Hospital Tondiarpet,2.0,Chennai
2023-09-03,2023,9,Gov hr sec school MGR Nagar,1.2,Chennai
2023-09-03,2023,9,Chennai nungambakkam,0.8,Chennai
2023-09-03,2023,9,Royapuram,0.2,Chennai
2023-09-04,2023,9,DGP Office,56.4,Chennai
2023-09-04,2023,9,Zone 09 Ice House,40.27,Chennai
2023-09-04,2023,9,Zone 15 Uthandi,40.2,Chennai
2023-09-04,2023,9,Zone 15 Sholinganallur,38.1,Chennai
2023-09-04,2023,9,Sholinganallur,32.7,Chennai
2023-09-04,2023,9,Zone 01 Thiruvottiyur,31.73,Chennai
2023-09-04,2023,9,Manali,30.6,Chennai
2023-09-04,2023,9,Ambathur,28.7,Chennai
2023-09-04,2023,9,Anna university,24.6,Chennai
2023-09-04,2023,9,Zone 14 U41 Perungudi,24.0,Chennai
2023-09-04,2023,9,Zone 13 Adyar Eco Park,21.38,Chennai
2023-09-04,2023,9,Zone 05 Royapuram,20.25,Chennai
2023-09-04,2023,9,CD Hospital Tondiarpet,19.6,Chennai
2023-09-04,2023,9,Zone 06 D65 Kolathur,19.2,Chennai
2023-09-04,2023,9,Zone 02 D15 Manali,19.13,Chennai
2023-09-04,2023,9,Adyar,18.6,Chennai
2023-09-04,2023,9,Zone 13 U39 Adyar,18.6,Chennai
2023-09-04,2023,9,Zone 04 Tondiarpet,18.45,Chennai
2023-09-04,2023,9,Zone 11 Valasaravakkam,16.65,Chennai
2023-09-04,2023,9,Gov hr sec school MGR Nagar,16.2,Chennai
2023-09-04,2023,9,Kodambakkam,16.0,Chennai
2023-09-04,2023,9,Zone 12 Meenambakkam,14.1,Chennai
2023-09-04,2023,9,Tondairpet,13.2,Chennai
2023-09-04,2023,9,Alandur,12.2,Chennai
2023-09-04,2023,9,Ambattur,12.0,Chennai
2023-09-04,2023,9,Zone 13 Adyar,11.4,Chennai
2023-09-04,2023,9,Chennai nungambakkam,11.3,Chennai
2023-09-04,2023,9,Puzhal,11.0,Chennai
2023-09-04,2023,9,Perambur Corporation park,10.2,Chennai
2023-09-04,2023,9,Zone 12 D156 Mugalivakkam,9.6,Chennai
2023-09-04,2023,9,Ayanavaram taluk office,9.0,Chennai
2023-09-04,2023,9,Zone 03 Madhavaram,8.1,Chennai
2023-09-04,2023,9,Zone 05 GCC,7.5,Chennai
2023-09-04,2023,9,Zone 08 Malar colony,7.2,Chennai
2023-09-04,2023,9,Perungudi,5.6,Chennai
2023-09-04,2023,9,Chennai collectorate building,5.4,Chennai
2023-09-04,2023,9,Zone 01 Kathivakkam,5.4,Chennai
2023-09-04,2023,9,Sholinganallur,4.6,Chennai
2023-09-04,2023,9,Zone 11 U32 Maduravoyal,3.9,Chennai
2023-09-04,2023,9,Valasaravakkam,2.4,Chennai
2023-09-04,2023,9,Zone 06 T.V.K Nagar,1.2,Chennai
2023-09-04,2023,9,Zone 09 Teynampet,1.2,Chennai
2023-09-04,2023,9,Teynampet,0.4,Chennai
2023-09-04,2023,9,Zone 07 Ambattur,0.3,Chennai
2023-09-04,2023,9,Thiruvottiyur,0.2,Chennai
2023-09-05,2023,9,Adyar,18.6,Chennai
2023-09-05,2023,9,Zone 02 D15 Manali,14.4,Chennai
2023-09-05,2023,9,Puzhal,11.0,Chennai
2023-09-05,2023,9,Zone 01 Thiruvottiyur,9.0,Chennai
2023-09-05,2023,9,Zone 01 Kathivakkam,8.4,Chennai
2023-09-05,2023,9,Perungudi,5.6,Chennai
2023-09-05,2023,9,Sholinganallur,4.8,Chennai
2023-09-05,2023,9,Valasaravakkam,2.4,Chennai
2023-09-05,2023,9,Perambur Corporation park,2.1,Chennai
2023-09-05,2023,9,CD Hospital Tondiarpet,1.9,Chennai
2023-09-05,2023,9,Anna university,1.2,Chennai
2023-09-05,2023,9,Manali,1.2,Chennai
2023-09-05,2023,9,Zone 03 Madhavaram,1.2,Chennai
2023-09-05,2023,9,Alandur,1.0,Chennai
2023-09-05,2023,9,Tondairpet,1.0,Chennai
2023-09-05,2023,9,Zone 03 Puzhal,0.9,Chennai
2023-09-05,2023,9,Zone 05 Royapuram,0.9,Chennai
2023-09-05,2023,9,Zone 06 D65 Kolathur,0.9,Chennai
2023-09-05,2023,9,Zone 02 Manali,0.67,Chennai
2023-09-05,2023,9,Zone 04 Tondiarpet,0.67,Chennai
2023-09-05,2023,9,Zone 12 Meenambakkam,0.6,Chennai
2023-09-05,2023,9,Zone 09 Ice House,0.45,Chennai
2023-09-05,2023,9,Chennai nungambakkam,0.3,Chennai
2023-09-05,2023,9,Zone 06 T.V.K Nagar,0.3,Chennai
2023-09-05,2023,9,Zone 13 Adyar,0.3,Chennai
2023-09-05,2023,9,Zone 13 U39 Adyar,0.3,Chennai
2023-09-05,2023,9,Zone 14 U41 Perungudi,0.3,Chennai
2023-09-05,2023,9,Zone 15 Uthandi,0.3,Chennai
2023-09-05,2023,9,Zone 13 Adyar Eco Park,0.22,Chennai
2023-09-05,2023,9,Teynampet,0.2,Chennai
2023-09-06,2023,9,Zone 14 Perungudi,6.0,Chennai
2023-09-06,2023,9,Zone 01 Kathivakkam,0.3,Chennai
2023-09-06,2023,9,Zone 12 Meenambakkam,0.3,Chennai
2023-09-07,2023,9,Zone 15 Uthandi,4.95,Chennai
2023-09-07,2023,9,Zone 04 Tondiarpet,3.15,Chennai
2023-09-07,2023,9,Zone 11 U32 Maduravoyal,2.4,Chennai
2023-09-07,2023,9,Zone 07 U18 D81 Vanagaram,1.57,Chennai
2023-09-07,2023,9,Perambur Corporation park,1.3,Chennai
2023-09-07,2023,9,Sholinganallur,0.8,Chennai
2023-09-07,2023,9,Anna Nagar,0.6,Chennai
2023-09-07,2023,9,Zone 12 Meenambakkam,0.6,Chennai
2023-09-07,2023,9,Chennai nungambakkam,0.5,Chennai
2023-09-07,2023,9,Zone 05 Royapuram,0.45,Chennai
2023-09-07,2023,9,Zone 07 Ambattur,0.3,Chennai
2023-09-07,2023,9,Zone 08 Anna Nagar,0.3,Chennai
2023-09-07,2023,9,Zone 08 Malar colony,0.3,Chennai
2023-09-07,2023,9,Zone 10 Kodambakkam,0.3,Chennai
2023-09-08,2023,9,Zone 13 Adyar Eco Park,82.58,Chennai
2023-09-08,2023,9,Zone 13 Adyar,61.2,Chennai
2023-09-08,2023,9,Zone 08 Malar colony,60.0,Chennai
2023-09-08,2023,9,Zone 12 D156 Mugalivakkam,59.7,Chennai
2023-09-08,2023,9,Zone 11 Valasaravakkam,56.7,Chennai
2023-09-08,2023,9,Alandur,56.2,Chennai
2023-09-08,2023,9,Zone 06 D65 Kolathur,51.6,Chennai
2023-09-08,2023,9,Zone 10 Kodambakkam,50.7,Chennai
2023-09-08,2023,9,Zone 14 Perungudi,50.1,Chennai
2023-09-08,2023,9,Ambathur,49.8,Chennai
2023-09-08,2023,9,DGP Office,49.6,Chennai
2023-09-08,2023,9,Zone 05 Royapuram,49.5,Chennai
2023-09-08,2023,9,Anna university,48.4,Chennai
2023-09-08,2023,9,Zone 07 Ambattur,47.4,Chennai
2023-09-08,2023,9,Chennai collectorate building,47.3,Chennai
2023-09-08,2023,9,Zone 07 U18 D81 Vanagaram,47.03,Chennai
2023-09-08,2023,9,Zone 09 Ice House,47.03,Chennai
2023-09-08,2023,9,Zone 13 U39 Adyar,46.5,Chennai
2023-09-08,2023,9,Zone 05 GCC,45.0,Chennai
2023-09-08,2023,9,Gov hr sec school MGR Nagar,42.4,Chennai
2023-09-08,2023,9,Chennai nungambakkam,41.5,Chennai
2023-09-08,2023,9,Perambur Corporation park,38.4,Chennai
2023-09-08,2023,9,Zone 08 Anna Nagar,38.4,Chennai
2023-09-08,2023,9,Zone 14 U41 Perungudi,36.0,Chennai
2023-09-08,2023,9,Ayanavaram taluk office,35.0,Chennai
2023-09-08,2023,9,Sholinganallur,32.4,Chennai
2023-09-08,2023,9,CD Hospital Tondiarpet,28.2,Chennai
2023-09-08,2023,9,Zone 03 Madhavaram,27.9,Chennai
2023-09-08,2023,9,Zone 04 Tondiarpet,27.9,Chennai
2023-09-08,2023,9,Ambattur,22.6,Chennai
2023-09-08,2023,9,Zone 06 T.V.K Nagar,21.6,Chennai
2023-09-08,2023,9,Zone 11 U32 Maduravoyal,20.7,Chennai
2023-09-08,2023,9,Zone 02 D15 Manali,19.57,Chennai
2023-09-08,2023,9,Zone 01 Thiruvottiyur,18.67,Chennai
2023-09-08,2023,9,Zone 09 Teynampet,12.9,Chennai
2023-09-08,2023,9,Anna Nagar,12.8,Chennai
2023-09-08,2023,9,Valasaravakkam,11.8,Chennai
2023-09-08,2023,9,Zone 03 Puzhal,10.2,Chennai
2023-09-08,2023,9,Zone 01 Kathivakkam,9.9,Chennai
2023-09-08,2023,9,Zone 12 Meenambakkam,9.9,Chennai
2023-09-08,2023,9,Kodambakkam,9.6,Chennai
2023-09-08,2023,9,Zone 15 Sholinganallur,8.4,Chennai
2023-09-08,2023,9,Thiruvottiyur,2.0,Chennai
2023-09-08,2023,9,Zone 15 Uthandi,1.8,Chennai
2023-09-08,2023,9,Zone 02 Manali,0.9,Chennai
2023-09-08,2023,9,Manali,0.6,Chennai
2023-09-08,2023,9,Teynampet,0.6,Chennai
2023-09-08,2023,9,Perungudi,0.6,Chennai
2023-09-08,2023,9,Royapuram,0.2,Chennai
2023-09-09,2023,9,Zone 05 GCC,0.3,Chennai
2023-09-09,2023,9,Zone 14 U41 Perungudi,0.3,Chennai
2023-09-09,2023,9,Tondairpet,0.2,Chennai
2023-09-09,2023,9,Royapuram,0.2,Chennai
2023-09-09,2023,9,Kodambakkam,0.2,Chennai
2023-09-10,2023,9,Sholinganallur,8.6,Chennai
2023-09-10,2023,9,Zone 14 Perungudi,5.7,Chennai
2023-09-10,2023,9,Zone 14 U41 Perungudi,3.9,Chennai
2023-09-10,2023,9,Zone 06 T.V.K Nagar,3.3,Chennai
2023-09-10,2023,9,Perambur Corporation park,2.4,Chennai
2023-09-10,2023,9,Zone 12 D156 Mugalivakkam,2.4,Chennai
2023-09-10,2023,9,Zone 03 Madhavaram,1.8,Chennai
2023-09-10,2023,9,Zone 13 Adyar Eco Park,1.8,Chennai
2023-09-10,2023,9,Zone 11 Valasaravakkam,1.35,Chennai
2023-09-10,2023,9,Zone 06 D65 Kolathur,1.2,Chennai
2023-09-10,2023,9,Zone 13 Adyar,1.2,Chennai
2023-09-10,2023,9,Ayanavaram taluk office,1.0,Chennai
2023-09-10,2023,9,Valasaravakkam,1.0,Chennai
2023-09-10,2023,9,Sholinganallur,1.0,Chennai
2023-09-10,2023,9,Zone 05 Royapuram,0.9,Chennai
2023-09-10,2023,9,Alandur,0.8,Chennai
2023-09-10,2023,9,Adyar,0.6,Chennai
2023-09-10,2023,9,Zone 05 GCC,0.6,Chennai
2023-09-10,2023,9,Zone 07 Ambattur,0.6,Chennai
2023-09-10,2023,9,Zone 12 Meenambakkam,0.6,Chennai
2023-09-10,2023,9,Zone 15 Sholinganallur,0.6,Chennai
2023-09-10,2023,9,Zone 04 Tondiarpet,0.45,Chennai
2023-09-10,2023,9,Zone 07 U18 D81 Vanagaram,0.45,Chennai
2023-09-10,2023,9,Zone 15 Uthandi,0.45,Chennai
2023-09-10,2023,9,Zone 08 Anna Nagar,0.3,Chennai
2023-09-10,2023,9,Zone 10 Kodambakkam,0.3,Chennai
2023-09-10,2023,9,Zone 13 U39 Adyar,0.3,Chennai
2023-09-10,2023,9,Zone 01 Thiruvottiyur,0.22,Chennai
2023-09-10,2023,9,Gov hr sec school MGR Nagar,0.2,Chennai
2023-09-10,2023,9,Teynampet,0.2,Chennai
2023-09-12,2023,9,Zone 07 Ambattur,1.35,Chennai
2023-09-12,2023,9,Zone 15 Sholinganallur,0.9,Chennai
2023-09-12,2023,9,Teynampet,0.2,Chennai
2023-09-14,2023,9,Sholinganallur,32.3,Chennai
2023-09-14,2023,9,Zone 07 Ambattur,17.7,Chennai
2023-09-14,2023,9,Zone 08 Malar colony,17.1,Chennai
2023-09-14,2023,9,Zone 14 Perungudi,12.3,Chennai
2023-09-14,2023,9,Zone 15 Sholinganallur,11.4,Chennai
2023-09-14,2023,9,Ambathur,10.2,Chennai
2023-09-14,2023,9,Zone 10 Kodambakkam,9.3,Chennai
2023-09-14,2023,9,Zone 08 Anna Nagar,8.7,Chennai
2023-09-14,2023,9,Zone 11 Valasaravakkam,8.7,Chennai
2023-09-14,2023,9,Anna university,8.2,Chennai
2023-09-14,2023,9,Ayanavaram taluk office,8.0,Chennai
2023-09-14,2023,9,Zone 12 D156 Mugalivakkam,7.8,Chennai
2023-09-14,2023,9,Alandur,7.5,Chennai
2023-09-14,2023,9,Zone 09 Ice House,7.05,Chennai
2023-09-14,2023,9,Zone 15 Uthandi,6.45,Chennai
2023-09-14,2023,9,DGP Office,6.4,Chennai
2023-09-14,2023,9,Perambur Corporation park,6.4,Chennai
2023-09-14,2023,9,Zone 05 GCC,5.8,Chennai
2023-09-14,2023,9,Zone 05 Royapuram,5.7,Chennai
2023-09-14,2023,9,Zone 07 U18 D81 Vanagaram,5.7,Chennai
2023-09-14,2023,9,Chennai nungambakkam,5.2,Chennai
2023-09-14,2023,9,CD Hospital Tondiarpet,5.0,Chennai
2023-09-14,2023,9,Zone 13 U39 Adyar,5.0,Chennai
2023-09-14,2023,9,Zone 06 T.V.K Nagar,4.6,Chennai
2023-09-14,2023,9,Zone 02 Manali,4.35,Chennai
2023-09-14,2023,9,Zone 12 Meenambakkam,4.2,Chennai
2023-09-14,2023,9,Zone 14 U41 Perungudi,4.2,Chennai
2023-09-14,2023,9,Zone 06 D65 Kolathur,4.0,Chennai
2023-09-14,2023,9,Gov hr sec school MGR Nagar,3.6,Chennai
2023-09-14,2023,9,Zone 04 Tondiarpet,3.15,Chennai
2023-09-14,2023,9,Zone 01 Thiruvottiyur,3.0,Chennai
2023-09-14,2023,9,Zone 03 Madhavaram,2.6,Chennai
2023-09-14,2023,9,Chennai collectorate building,2.3,Chennai
2023-09-14,2023,9,Zone 03 Puzhal,2.2,Chennai
2023-09-14,2023,9,Zone 13 Adyar,2.0,Chennai
2023-09-14,2023,9,Zone 02 D15 Manali,1.95,Chennai
2023-09-14,2023,9,Zone 11 U32 Maduravoyal,1.4,Chennai
2023-09-14,2023,9,Zone 13 Adyar Eco Park,1.35,Chennai
2023-09-14,2023,9,Zone 01 Kathivakkam,1.0,Chennai
2023-09-14,2023,9,Zone 09 Teynampet,0.2,Chennai
2023-09-15,2023,9,Zone 14 U41 Perungudi,24.6,Chennai
2023-09-15,2023,9,Zone 14 Perungudi,18.3,Chennai
2023-09-15,2023,9,Anna university,16.4,Chennai
2023-09-15,2023,9,Zone 15 Uthandi,12.3,Chennai
2023-09-15,2023,9,Zone 12 D156 Mugalivakkam,6.6,Chennai
2023-09-15,2023,9,Alandur,6.2,Chennai
2023-09-15,2023,9,Zone 12 Meenambakkam,6.0,Chennai
2023-09-15,2023,9,Zone 07 Ambattur,5.7,Chennai
2023-09-15,2023,9,Zone 13 U39 Adyar,5.6,Chennai
2023-09-15,2023,9,Zone 03 Puzhal,4.8,Chennai
2023-09-15,2023,9,DGP Office,4.6,Chennai
2023-09-15,2023,9,Zone 03 Madhavaram,4.5,Chennai
2023-09-15,2023,9,Gov hr sec school MGR Nagar,4.2,Chennai
2023-09-15,2023,9,Sholinganallur,4.2,Chennai
2023-09-15,2023,9,Zone 15 Sholinganallur,4.2,Chennai
2023-09-15,2023,9,Zone 06 D65 Kolathur,3.9,Chennai
2023-09-15,2023,9,Zone 11 Valasaravakkam,2.7,Chennai
2023-09-15,2023,9,Zone 13 Adyar Eco Park,2.7,Chennai
2023-09-15,2023,9,Ambathur,2.6,Chennai
2023-09-15,2023,9,Zone 11 U32 Maduravoyal,2.4,Chennai
2023-09-15,2023,9,Zone 13 Adyar,2.2,Chennai
2023-09-15,2023,9,Zone 08 Malar colony,2.1,Chennai
2023-09-15,2023,9,Zone 07 U18 D81 Vanagaram,1.5,Chennai
2023-09-15,2023,9,CD Hospital Tondiarpet,1.4,Chennai
2023-09-15,2023,9,Zone 02 Manali,1.35,Chennai
2023-09-15,2023,9,Zone 01 Kathivakkam,1.2,Chennai
2023-09-15,2023,9,Zone 10 Kodambakkam,1.2,Chennai
2023-09-15,2023,9,Zone 08 Anna Nagar,0.9,Chennai
2023-09-15,2023,9,Zone 01 Thiruvottiyur,0.6,Chennai
2023-09-15,2023,9,Zone 02 D15 Manali,0.45,Chennai
2023-09-15,2023,9,Zone 04 Tondiarpet,0.45,Chennai
2023-09-15,2023,9,Chennai nungambakkam,0.4,Chennai
2023-09-15,2023,9,Zone 05 Royapuram,0.3,Chennai
2023-09-15,2023,9,Zone 09 Ice House,0.3,Chennai
2023-09-15,2023,9,Zone 06 T.V.K Nagar,0.2,Chennai
2023-09-15,2023,9,Zone 09 Teynampet,0.2,Chennai
2023-09-16,2023,9,Zone 01 Kathivakkam,43.5,Chennai
2023-09-16,2023,9,Zone 02 Manali,18.0,Chennai
2023-09-16,2023,9,Zone 03 Puzhal,17.4,Chennai
2023-09-16,2023,9,Zone 01 Thiruvottiyur,14.25,Chennai
2023-09-16,2023,9,Zone 03 Madhavaram,12.0,Chennai
2023-09-16,2023,9,Zone 02 D15 Manali,11.4,Chennai
2023-09-16,2023,9,Zone 07 Ambattur,5.7,Chennai
2023-09-16,2023,9,Zone 06 D65 Kolathur,4.8,Chennai
2023-09-16,2023,9,Puzhal,4.6,Chennai
2023-09-16,2023,9,CD Hospital Tondiarpet,2.8,Chennai
2023-09-16,2023,9,Zone 07 U18 D81 Vanagaram,2.55,Chennai
2023-09-16,2023,9,Zone 04 Tondiarpet,2.1,Chennai
2023-09-16,2023,9,Zone 11 U32 Maduravoyal,1.2,Chennai
2023-09-16,2023,9,Zone 08 Malar colony,0.9,Chennai
2023-09-16,2023,9,Zone 05 Royapuram,0.75,Chennai
2023-09-16,2023,9,Alandur,0.6,Chennai
2023-09-16,2023,9,Thiruvottiyur,0.6,Chennai
2023-09-16,2023,9,Tondairpet,0.6,Chennai
2023-09-16,2023,9,Zone 10 Kodambakkam,0.6,Chennai
2023-09-16,2023,9,Zone 11 Valasaravakkam,0.6,Chennai
2023-09-16,2023,9,Chennai nungambakkam,0.3,Chennai
2023-09-16,2023,9,Thiru-Vi-Ka Nagar,0.2,Chennai
2023-09-16,2023,9,Zone 05 GCC,0.2,Chennai
2023-09-16,2023,9,Zone 12 Meenambakkam,0.2,Chennai
2023-09-17,2023,9,Zone 07 Ambattur,73.8,Chennai
2023-09-17,2023,9,Zone 01 Kathivakkam,70.2,Chennai
2023-09-17,2023,9,Perambur Corporation park,62.4,Chennai
2023-09-17,2023,9,Zone 11 Valasaravakkam,56.4,Chennai
2023-09-17,2023,9,Zone 08 Anna Nagar,54.3,Chennai
2023-09-17,2023,9,DGP Office,52.4,Chennai
2023-09-17,2023,9,Ayanavaram taluk office,52.0,Chennai
2023-09-17,2023,9,Zone 11 U32 Maduravoyal,51.6,Chennai
2023-09-17,2023,9,Zone 08 Malar colony,50.1,Chennai
2023-09-17,2023,9,Zone 10 Kodambakkam,47.7,Chennai
2023-09-17,2023,9,Zone 13 Adyar Eco Park,44.85,Chennai
2023-09-17,2023,9,Chennai nungambakkam,43.0,Chennai
2023-09-17,2023,9,Zone 14 Perungudi,42.9,Chennai
2023-09-17,2023,9,CD Hospital Tondiarpet,42.4,Chennai
2023-09-17,2023,9,Chennai collectorate building,42.3,Chennai
2023-09-17,2023,9,Zone 01 Thiruvottiyur,42.0,Chennai
2023-09-17,2023,9,Ambathur,38.4,Chennai
2023-09-17,2023,9,Gov hr sec school MGR Nagar,36.2,Chennai
2023-09-17,2023,9,Zone 05 Royapuram,34.5,Chennai
2023-09-17,2023,9,Alandur,34.4,Chennai
2023-09-17,2023,9,Zone 12 D156 Mugalivakkam,33.9,Chennai
2023-09-17,2023,9,Anna university,32.6,Chennai
2023-09-17,2023,9,Sholinganallur,32.4,Chennai
2023-09-17,2023,9,Zone 06 D65 Kolathur,32.1,Chennai
2023-09-17,2023,9,Zone 09 Ice House,31.8,Chennai
2023-09-17,2023,9,Zone 14 U41 Perungudi,31.8,Chennai
2023-09-17,2023,9,Zone 07 U18 D81 Vanagaram,31.65,Chennai
2023-09-17,2023,9,Zone 05 GCC,31.6,Chennai
2023-09-17,2023,9,Zone 04 Tondiarpet,30.45,Chennai
2023-09-17,2023,9,Zone 15 Sholinganallur,30.0,Chennai
2023-09-17,2023,9,Zone 02 D15 Manali,27.15,Chennai
2023-09-17,2023,9,Zone 13 Adyar,26.6,Chennai
2023-09-17,2023,9,Zone 06 T.V.K Nagar,25.2,Chennai
2023-09-17,2023,9,Zone 12 Meenambakkam,24.6,Chennai
2023-09-17,2023,9,Ambattur,22.0,Chennai
2023-09-17,2023,9,Zone 15 Uthandi,21.45,Chennai
2023-09-17,2023,9,Kodambakkam,21.4,Chennai
2023-09-17,2023,9,Zone 03 Madhavaram,21.3,Chennai
2023-09-17,2023,9,Zone 13 U39 Adyar,19.0,Chennai
2023-09-17,2023,9,Zone 02 Manali,16.05,Chennai
2023-09-17,2023,9,Zone 03 Puzhal,15.9,Chennai
2023-09-17,2023,9,Tondairpet,12.8,Chennai
2023-09-17,2023,9,Manali,10.4,Chennai
2023-09-17,2023,9,Adyar,9.4,Chennai
2023-09-17,2023,9,Sholinganallur,8.8,Chennai
2023-09-17,2023,9,Puzhal,7.4,Chennai
2023-09-17,2023,9,Teynampet,6.4,Chennai
2023-09-17,2023,9,Anna Nagar,6.0,Chennai
2023-09-17,2023,9,Zone 09 Teynampet,5.8,Chennai
2023-09-17,2023,9,Royapuram,4.6,Chennai
2023-09-18,2023,9,Zone 07 Ambattur,13.8,Chennai
2023-09-18,2023,9,Zone 03 Puzhal,5.7,Chennai
2023-09-18,2023,9,CD Hospital Tondiarpet,5.4,Chennai
2023-09-18,2023,9,Zone 01 Kathivakkam,3.9,Chennai
2023-09-18,2023,9,Ambathur,3.0,Chennai
2023-09-18,2023,9,Zone 06 D65 Kolathur,3.0,Chennai
2023-09-18,2023,9,Zone 07 U18 D81 Vanagaram,3.0,Chennai
2023-09-18,2023,9,Anna university,2.8,Chennai
2023-09-18,2023,9,Zone 08 Malar colony,2.4,Chennai
2023-09-18,2023,9,Perambur Corporation park,2.2,Chennai
2023-09-18,2023,9,Ayanavaram taluk office,2.0,Chennai
2023-09-18,2023,9,Zone 06 T.V.K Nagar,1.4,Chennai
2023-09-18,2023,9,Chennai nungambakkam,1.2,Chennai
2023-09-18,2023,9,Zone 03 Madhavaram,1.2,Chennai
2023-09-18,2023,9,Zone 10 Kodambakkam,0.9,Chennai
2023-09-18,2023,9,Zone 11 Valasaravakkam,0.9,Chennai
2023-09-18,2023,9,Anna Nagar,0.8,Chennai
2023-09-18,2023,9,Zone 08 Anna Nagar,0.6,Chennai
2023-09-18,2023,9,Zone 15 Uthandi,0.6,Chennai
2023-09-18,2023,9,Zone 12 D156 Mugalivakkam,0.3,Chennai
2023-09-18,2023,9,Valasaravakkam,0.2,Chennai
2023-09-18,2023,9,Zone 05 GCC,0.2,Chennai
2023-09-18,2023,9,Zone 13 Adyar,0.2,Chennai
2023-09-19,2023,9,CD Hospital Tondiarpet,63.2,Chennai
2023-09-19,2023,9,Zone 03 Madhavaram,59.1,Chennai
2023-09-19,2023,9,Zone 03 Puzhal,56.1,Chennai
2023-09-19,2023,9,Gov hr sec school MGR Nagar,52.8,Chennai
2023-09-19,2023,9,Zone 10 Kodambakkam,46.5,Chennai
2023-09-19,2023,9,Zone 04 Tondiarpet,43.35,Chennai
2023-09-19,2023,9,Anna university,42.6,Chennai
2023-09-19,2023,9,Chennai collectorate building,42.3,Chennai
2023-09-19,2023,9,Zone 05 Royapuram,40.5,Chennai
2023-09-19,2023,9,Zone 11 Valasaravakkam,39.0,Chennai
2023-09-19,2023,9,Sholinganallur,37.6,Chennai
2023-09-19,2023,9,Puzhal,37.6,Chennai
2023-09-19,2023,9,Royapuram,33.2,Chennai
2023-09-19,2023,9,Zone 01 Thiruvottiyur,29.25,Chennai
2023-09-19,2023,9,Perambur Corporation park,27.4,Chennai
2023-09-19,2023,9,Zone 02 Manali,24.45,Chennai
2023-09-19,2023,9,Zone 01 Kathivakkam,24.3,Chennai
2023-09-19,2023,9,Chennai nungambakkam,23.1,Chennai
2023-09-19,2023,9,Zone 09 Ice House,22.05,Chennai
2023-09-19,2023,9,Zone 08 Anna Nagar,18.0,Chennai
2023-09-19,2023,9,Zone 05 GCC,17.6,Chennai
2023-09-19,2023,9,Zone 14 U41 Perungudi,17.4,Chennai
2023-09-19,2023,9,Zone 11 U32 Maduravoyal,17.1,Chennai
2023-09-19,2023,9,Tondairpet,13.6,Chennai
2023-09-19,2023,9,Ayanavaram taluk office,13.0,Chennai
2023-09-19,2023,9,DGP Office,12.6,Chennai
2023-09-19,2023,9,Zone 06 T.V.K Nagar,11.4,Chennai
2023-09-19,2023,9,Perungudi,11.0,Chennai
2023-09-19,2023,9,Zone 06 D65 Kolathur,10.2,Chennai
2023-09-19,2023,9,Zone 13 U39 Adyar,8.8,Chennai
2023-09-19,2023,9,Zone 13 Adyar,4.6,Chennai
2023-09-19,2023,9,Zone 02 D15 Manali,4.5,Chennai
2023-09-19,2023,9,Alandur,4.4,Chennai
2023-09-19,2023,9,Zone 13 Adyar Eco Park,3.6,Chennai
2023-09-19,2023,9,Zone 12 Meenambakkam,3.2,Chennai
2023-09-19,2023,9,Ambathur,3.0,Chennai
2023-09-19,2023,9,Anna Nagar,3.0,Chennai
2023-09-19,2023,9,Zone 09 Teynampet,3.0,Chennai
2023-09-19,2023,9,Zone 08 Malar colony,2.7,Chennai
2023-09-19,2023,9,Zone 14 Perungudi,2.7,Chennai
2023-09-19,2023,9,Teynampet,1.6,Chennai
2023-09-19,2023,9,Zone 07 U18 D81 Vanagaram,1.2,Chennai
2023-09-19,2023,9,Zone 15 Sholinganallur,1.2,Chennai
2023-09-19,2023,9,Kodambakkam,1.0,Chennai
2023-09-19,2023,9,Zone 07 Ambattur,0.9,Chennai
2023-09-19,2023,9,Sholinganallur,0.6,Chennai
2023-09-19,2023,9,Adyar,0.2,Chennai
2023-09-19,2023,9,Zone 15 Uthandi,0.15,Chennai
2023-09-20,2023,9,Zone 01 Kathivakkam,3.3,Chennai
2023-09-20,2023,9,Zone 09 Ice House,2.25,Chennai
2023-09-20,2023,9,Zone 05 Royapuram,1.65,Chennai
2023-09-20,2023,9,Zone 05 GCC,1.6,Chennai
2023-09-20,2023,9,Zone 04 Tondiarpet,1.5,Chennai
2023-09-20,2023,9,Zone 02 Manali,1.35,Chennai
2023-09-20,2023,9,Zone 13 Adyar Eco Park,1.35,Chennai
2023-09-20,2023,9,Zone 03 Puzhal,1.2,Chennai
2023-09-20,2023,9,Zone 08 Anna Nagar,1.2,Chennai
2023-09-20,2023,9,Zone 03 Madhavaram,0.9,Chennai
2023-09-20,2023,9,Zone 06 D65 Kolathur,0.9,Chennai
2023-09-20,2023,9,Zone 02 D15 Manali,0.6,Chennai
2023-09-20,2023,9,Zone 07 Ambattur,0.6,Chennai
2023-09-20,2023,9,Zone 08 Malar colony,0.6,Chennai
2023-09-20,2023,9,Zone 09 Teynampet,0.4,Chennai
2023-09-20,2023,9,Zone 10 Kodambakkam,0.3,Chennai
2023-09-20,2023,9,Adyar,0.2,Chennai
2023-09-20,2023,9,Zone 13 Adyar,0.2,Chennai
2023-09-20,2023,9,Zone 07 U18 D81 Vanagaram,0.15,Chennai
2023-09-21,2023,9,Alandur,2.0,Chennai
2023-09-22,2023,9,Zone 15 Sholinganallur,32.4,Chennai
2023-09-22,2023,9,Zone 12 D156 Mugalivakkam,30.0,Chennai
2023-09-22,2023,9,Zone 15 Uthandi,17.4,Chennai
2023-09-22,2023,9,Zone 14 U41 Perungudi,15.6,Chennai
2023-09-22,2023,9,Zone 06 D65 Kolathur,13.8,Chennai
2023-09-22,2023,9,Zone 12 Meenambakkam,13.2,Chennai
2023-09-22,2023,9,DGP Office,8.2,Chennai
2023-09-22,2023,9,Zone 08 Malar colony,8.1,Chennai
2023-09-22,2023,9,Sholinganallur,7.5,Chennai
2023-09-22,2023,9,Zone 02 D15 Manali,7.5,Chennai
2023-09-22,2023,9,Gov hr sec school MGR Nagar,6.9,Chennai
2023-09-22,2023,9,Zone 11 U32 Maduravoyal,6.3,Chennai
2023-09-22,2023,9,Zone 13 U39 Adyar,5.6,Chennai
2023-09-22,2023,9,Zone 07 Ambattur,3.6,Chennai
2023-09-22,2023,9,Zone 09 Ice House,3.6,Chennai
2023-09-22,2023,9,Zone 07 U18 D81 Vanagaram,3.0,Chennai
2023-09-22,2023,9,Anna university,2.6,Chennai
2023-09-22,2023,9,Alandur,2.3,Chennai
2023-09-22,2023,9,Zone 03 Madhavaram,1.8,Chennai
2023-09-22,2023,9,Zone 03 Puzhal,1.8,Chennai
2023-09-22,2023,9,Zone 02 Manali,1.35,Chennai
2023-09-22,2023,9,Chennai nungambakkam,1.3,Chennai
2023-09-22,2023,9,Zone 10 Kodambakkam,1.2,Chennai
2023-09-22,2023,9,Zone 01 Thiruvottiyur,0.9,Chennai
2023-09-22,2023,9,Zone 05 Royapuram,0.9,Chennai
2023-09-22,2023,9,Zone 11 Valasaravakkam,0.9,Chennai
2023-09-22,2023,9,Zone 14 Perungudi,0.9,Chennai
2023-09-22,2023,9,Zone 01 Kathivakkam,0.6,Chennai
2023-09-22,2023,9,Zone 05 GCC,0.6,Chennai
2023-09-22,2023,9,Zone 13 Adyar Eco Park,0.45,Chennai
2023-09-22,2023,9,Zone 04 Tondiarpet,0.3,Chennai
2023-09-22,2023,9,Zone 09 Teynampet,0.2,Chennai
2023-09-23,2023,9,Zone 13 U39 Adyar,153.0,Chennai
2023-09-23,2023,9,Zone 12 Alandhur,1.8,Chennai
2023-09-23,2023,9,Zone 03 Madhavaram,1.5,Chennai
2023-09-24,2023,9,Zone 12 Alandhur,45.6,Chennai
2023-09-24,2023,9,Zone 15 Sholinganallur,44.7,Chennai
2023-09-24,2023,9,Zone 11 U32 Maduravoyal,25.5,Chennai
2023-09-24,2023,9,Chennai collectorate building,25.4,Chennai
2023-09-24,2023,9,Zone 05 Royapuram,24.6,Chennai
2023-09-24,2023,9,Zone 13 U39 Adyar,20.1,Chennai
2023-09-24,2023,9,Gov hr sec school MGR Nagar,18.3,Chennai
2023-09-24,2023,9,Zone 11 Valasaravakkam,18.3,Chennai
2023-09-24,2023,9,Sholinganallur,17.5,Chennai
2023-09-24,2023,9,Zone 15 Uthandi,16.05,Chennai
2023-09-24,2023,9,Zone 12 Meenambakkam,15.6,Chennai
2023-09-24,2023,9,Zone 01 Kathivakkam,15.3,Chennai
2023-09-24,2023,9,Zone 12 D156 Mugalivakkam,14.7,Chennai
2023-09-24,2023,9,Zone 06 T.V.K Nagar,13.2,Chennai
2023-09-24,2023,9,Zone 14 U41 Perungudi,13.2,Chennai
2023-09-24,2023,9,Alandur,11.6,Chennai
2023-09-24,2023,9,Zone 06 D65 Kolathur,10.2,Chennai
2023-09-24,2023,9,Zone 13 Adyar,10.2,Chennai
2023-09-24,2023,9,Zone 02 D15 Manali,9.9,Chennai
2023-09-24,2023,9,Zone 10 Kodambakkam,9.3,Chennai
2023-09-24,2023,9,Zone 14 Perungudi,8.7,Chennai
2023-09-24,2023,9,Anna university,6.8,Chennai
2023-09-24,2023,9,CD Hospital Tondiarpet,6.4,Chennai
2023-09-24,2023,9,Zone 08 Malar colony,6.0,Chennai
2023-09-24,2023,9,Zone 13 Adyar Eco Park,5.4,Chennai
2023-09-24,2023,9,Zone 04 Tondiarpet,4.95,Chennai
2023-09-24,2023,9,Tondairpet,4.4,Chennai
2023-09-24,2023,9,DGP Office,4.2,Chennai
2023-09-24,2023,9,Zone 05 GCC,4.2,Chennai
2023-09-24,2023,9,Chennai nungambakkam,3.3,Chennai
2023-09-24,2023,9,Perambur Corporation park,3.2,Chennai
2023-09-24,2023,9,Valasaravakkam,2.8,Chennai
2023-09-24,2023,9,Thiru-Vi-Ka Nagar,2.4,Chennai
2023-09-24,2023,9,Zone 07 U18 D81 Vanagaram,1.95,Chennai
2023-09-24,2023,9,Zone 09 Teynampet,1.8,Chennai
2023-09-24,2023,9,Zone 02 Manali,1.65,Chennai
2023-09-24,2023,9,Zone 03 Madhavaram,1.2,Chennai
2023-09-24,2023,9,Zone 03 Puzhal,1.2,Chennai
2023-09-24,2023,9,Zone 08 Anna Nagar,0.9,Chennai
2023-09-24,2023,9,Zone 01 Thiruvottiyur,0.75,Chennai
2023-09-24,2023,9,Zone 07 Ambattur,0.3,Chennai
2023-09-25,2023,9,Zone 15 Sholinganallur,66.9,Chennai
2023-09-25,2023,9,Zone 08 Malar colony,53.4,Chennai
2023-09-25,2023,9,Zone 15 Uthandi,39.15,Chennai
2023-09-25,2023,9,Zone 08 Anna Nagar,39.0,Chennai
2023-09-25,2023,9,Ayanavaram taluk office,38.0,Chennai
2023-09-25,2023,9,Sholinganallur,35.6,Chennai
2023-09-25,2023,9,Zone 03 Madhavaram,33.0,Chennai
2023-09-25,2023,9,Perambur Corporation park,31.3,Chennai
2023-09-25,2023,9,CD Hospital Tondiarpet,30.0,Chennai
2023-09-25,2023,9,Zone 07 Ambattur,24.3,Chennai
2023-09-25,2023,9,Sholinganallur,22.5,Chennai
2023-09-25,2023,9,Zone 06 T.V.K Nagar,21.2,Chennai
2023-09-25,2023,9,Gov hr sec school MGR Nagar,18.6,Chennai
2023-09-25,2023,9,Zone 05 GCC,18.2,Chennai
2023-09-25,2023,9,Zone 04 Tondiarpet,16.65,Chennai
2023-09-25,2023,9,Zone 14 U41 Perungudi,16.5,Chennai
2023-09-25,2023,9,Alandur,16.4,Chennai
2023-09-25,2023,9,Zone 12 D156 Mugalivakkam,16.2,Chennai
2023-09-25,2023,9,Zone 06 D65 Kolathur,15.6,Chennai
2023-09-25,2023,9,Zone 12 Meenambakkam,15.3,Chennai
2023-09-25,2023,9,Zone 14 Perungudi,13.8,Chennai
2023-09-25,2023,9,Zone 12 Alandhur,12.6,Chennai
2023-09-25,2023,9,Zone 13 Adyar,12.3,Chennai
2023-09-25,2023,9,Zone 13 Adyar Eco Park,11.4,Chennai
2023-09-25,2023,9,Zone 13 U39 Adyar,11.4,Chennai
2023-09-25,2023,9,Anna university,10.2,Chennai
2023-09-25,2023,9,Ambathur,10.0,Chennai
2023-09-25,2023,9,DGP Office,8.6,Chennai
2023-09-25,2023,9,Zone 11 Valasaravakkam,8.4,Chennai
2023-09-25,2023,9,Chennai collectorate building,8.2,Chennai
2023-09-25,2023,9,Zone 07 U18 D81 Vanagaram,7.35,Chennai
2023-09-25,2023,9,Zone 10 Kodambakkam,7.2,Chennai
2023-09-25,2023,9,Adyar,6.4,Chennai
2023-09-25,2023,9,Zone 11 U32 Maduravoyal,6.3,Chennai
2023-09-25,2023,9,Chennai nungambakkam,6.2,Chennai
2023-09-25,2023,9,Zone 03 Puzhal,6.0,Chennai
2023-09-25,2023,9,Zone 05 Royapuram,6.0,Chennai
2023-09-25,2023,9,Zone 09 Ice House,3.0,Chennai
2023-09-25,2023,9,Zone 01 Thiruvottiyur,2.7,Chennai
2023-09-25,2023,9,Valasaravakkam,2.0,Chennai
2023-09-25,2023,9,Zone 09 Teynampet,1.0,Chennai
2023-09-25,2023,9,Tondairpet,0.8,Chennai
2023-09-25,2023,9,Manali,0.2,Chennai
2023-09-25,2023,9,Puzhal,0.2,Chennai
2023-09-26,2023,9,Zone 15 Uthandi,29.4,Chennai
2023-09-26,2023,9,Zone 15 Sholinganallur,27.3,Chennai
2023-09-26,2023,9,Sholinganallur,17.2,Chennai
2023-09-26,2023,9,Zone 03 Puzhal,11.7,Chennai
2023-09-26,2023,9,Manali,11.0,Chennai
2023-09-26,2023,9,Zone 03 Madhavaram,6.3,Chennai
2023-09-26,2023,9,Zone 02 Manali,5.7,Chennai
2023-09-26,2023,9,Sholinganallur,5.3,Chennai
2023-09-26,2023,9,Puzhal,4.8,Chennai
2023-09-26,2023,9,Zone 05 GCC,3.2,Chennai
2023-09-26,2023,9,Zone 02 D15 Manali,2.7,Chennai
2023-09-26,2023,9,Zone 06 T.V.K Nagar,2.0,Chennai
2023-09-26,2023,9,Zone 06 D65 Kolathur,1.5,Chennai
2023-09-26,2023,9,Zone 07 Ambattur,1.5,Chennai
2023-09-26,2023,9,Zone 09 Ice House,1.05,Chennai
2023-09-26,2023,9,Chennai nungambakkam,0.8,Chennai
2023-09-26,2023,9,Tondairpet,0.6,Chennai
2023-09-26,2023,9,Zone 01 Kathivakkam,0.6,Chennai
2023-09-26,2023,9,Zone 01 Thiruvottiyur,0.45,Chennai
2023-09-26,2023,9,Alandur,0.4,Chennai
2023-09-26,2023,9,Thiruvottiyur,0.4,Chennai
2023-09-26,2023,9,Zone 12 Meenambakkam,0.3,Chennai
2023-09-26,2023,9,Zone 13 Adyar,0.3,Chennai
2023-09-27,2023,9,Zone 07 Ambattur,43.2,Chennai
2023-09-27,2023,9,Ambathur,15.0,Chennai
2023-09-27,2023,9,Zone 03 Madhavaram,14.4,Chennai
2023-09-27,2023,9,Zone 01 Kathivakkam,13.5,Chennai
2023-09-27,2023,9,Sholinganallur,13.3,Chennai
2023-09-27,2023,9,Zone 06 D65 Kolathur,12.3,Chennai
2023-09-27,2023,9,Zone 07 U18 D81 Vanagaram,10.95,Chennai
2023-09-27,2023,9,Chennai collectorate building,10.4,Chennai
2023-09-27,2023,9,Gov hr sec school MGR Nagar,8.4,Chennai
2023-09-27,2023,9,DGP Office,6.2,Chennai
2023-09-27,2023,9,Perambur Corporation park,5.2,Chennai
2023-09-27,2023,9,Zone 15 Sholinganallur,5.1,Chennai
2023-09-27,2023,9,Puzhal,4.8,Chennai
2023-09-27,2023,9,Zone 02 D15 Manali,4.65,Chennai
2023-09-27,2023,9,Manali,4.4,Chennai
2023-09-27,2023,9,Anna university,4.2,Chennai
2023-09-27,2023,9,Zone 03 Puzhal,3.9,Chennai
2023-09-27,2023,9,Zone 08 Malar colony,3.9,Chennai
2023-09-27,2023,9,Zone 11 U32 Maduravoyal,3.9,Chennai
2023-09-27,2023,9,Zone 05 Royapuram,3.6,Chennai
2023-09-27,2023,9,Chennai nungambakkam,3.5,Chennai
2023-09-27,2023,9,Zone 08 Anna Nagar,3.3,Chennai
2023-09-27,2023,9,Zone 15 Uthandi,3.15,Chennai
2023-09-27,2023,9,Zone 13 U39 Adyar,3.0,Chennai
2023-09-27,2023,9,Zone 09 Ice House,2.4,Chennai
2023-09-27,2023,9,Zone 05 GCC,2.2,Chennai
2023-09-27,2023,9,Ayanavaram taluk office,2.0,Chennai
2023-09-27,2023,9,Zone 02 Manali,1.95,Chennai
2023-09-27,2023,9,Zone 14 Perungudi,1.8,Chennai
2023-09-27,2023,9,Sholinganallur,1.6,Chennai
2023-09-27,2023,9,Zone 10 Kodambakkam,1.5,Chennai
2023-09-27,2023,9,Zone 12 Alandhur,1.5,Chennai
2023-09-27,2023,9,Alandur,1.2,Chennai
2023-09-27,2023,9,Zone 06 T.V.K Nagar,1.2,Chennai
2023-09-27,2023,9,Zone 11 Valasaravakkam,1.2,Chennai
2023-09-27,2023,9,Zone 14 U41 Perungudi,1.2,Chennai
2023-09-27,2023,9,Zone 09 Teynampet,0.8,Chennai
2023-09-27,2023,9,Zone 04 Tondiarpet,0.75,Chennai
2023-09-27,2023,9,Zone 12 Meenambakkam,0.6,Chennai
2023-09-27,2023,9,Zone 01 Thiruvottiyur,0.3,Chennai
2023-09-27,2023,9,Zone 12 D156 Mugalivakkam,0.3,Chennai
2023-09-27,2023,9,Teynampet,0.2,Chennai
2023-09-28,2023,9,Zone 15 Sholinganallur,99.0,Chennai
2023-09-28,2023,9,Zone 08 Malar colony,63.6,Chennai
2023-09-28,2023,9,Anna Nagar,44.4,Chennai
2023-09-28,2023,9,Zone 06 D65 Kolathur,42.3,Chennai
2023-09-28,2023,9,Zone 07 U18 D81 Vanagaram,41.55,Chennai
2023-09-28,2023,9,Zone 08 Anna Nagar,40.5,Chennai
2023-09-28,2023,9,Zone 07 Ambattur,38.7,Chennai
2023-09-28,2023,9,Zone 14 U41 Perungudi,36.6,Chennai
2023-09-28,2023,9,Sholinganallur,36.2,Chennai
2023-09-28,2023,9,Chennai nungambakkam,34.6,Chennai
2023-09-28,2023,9,Ayanavaram taluk office,34.0,Chennai
2023-09-28,2023,9,Zone 12 D156 Mugalivakkam,31.8,Chennai
2023-09-28,2023,9,Zone 13 U39 Adyar,31.2,Chennai
2023-09-28,2023,9,Ambathur,30.0,Chennai
2023-09-28,2023,9,Perambur Corporation park,29.3,Chennai
2023-09-28,2023,9,Zone 05 Royapuram,29.25,Chennai
2023-09-28,2023,9,Puzhal,27.0,Chennai
2023-09-28,2023,9,Zone 03 Puzhal,26.4,Chennai
2023-09-28,2023,9,CD Hospital Tondiarpet,25.8,Chennai
2023-09-28,2023,9,Zone 03 Madhavaram,21.0,Chennai
2023-09-28,2023,9,Perungudi,18.2,Chennai
2023-09-28,2023,9,Zone 10 Kodambakkam,16.5,Chennai
2023-09-28,2023,9,Zone 15 Uthandi,16.2,Chennai
2023-09-28,2023,9,Kodambakkam,16.0,Chennai
2023-09-28,2023,9,Royapuram,14.0,Chennai
2023-09-28,2023,9,Zone 13 Adyar,12.9,Chennai
2023-09-28,2023,9,Anna university,12.6,Chennai
2023-09-28,2023,9,Zone 05 GCC,12.6,Chennai
2023-09-28,2023,9,Zone 04 Tondiarpet,11.7,Chennai
2023-09-28,2023,9,Chennai collectorate building,11.3,Chennai
2023-09-28,2023,9,Gov hr sec school MGR Nagar,10.2,Chennai
2023-09-28,2023,9,Zone 11 U32 Maduravoyal,9.9,Chennai
2023-09-28,2023,9,Zone 14 Perungudi,9.6,Chennai
2023-09-28,2023,9,Zone 12 Alandhur,9.3,Chennai
2023-09-28,2023,9,DGP Office,8.6,Chennai
2023-09-28,2023,9,Zone 11 Valasaravakkam,7.5,Chennai
2023-09-28,2023,9,Alandur,7.4,Chennai
2023-09-28,2023,9,Zone 13 Adyar Eco Park,6.3,Chennai
2023-09-28,2023,9,Zone 09 Teynampet,5.0,Chennai
2023-09-28,2023,9,Zone 09 Ice House,4.95,Chennai
2023-09-28,2023,9,Zone 12 Meenambakkam,4.8,Chennai
2023-09-28,2023,9,Zone 02 Manali,1.65,Chennai
2023-09-28,2023,9,Zone 01 Thiruvottiyur,0.6,Chennai
2023-09-28,2023,9,Teynampet,0.2,Chennai
2023-09-28,2023,9,Adyar,0.2,Chennai
2023-09-29,2023,9,Zone 15 Sholinganallur,39.6,Chennai
2023-09-29,2023,9,Sholinganallur,31.0,Chennai
2023-09-29,2023,9,Zone 14 U41 Perungudi,27.9,Chennai
2023-09-29,2023,9,Zone 15 Uthandi,20.85,Chennai
2023-09-29,2023,9,Sholinganallur,20.4,Chennai
2023-09-29,2023,9,Zone 12 Meenambakkam,16.8,Chennai
2023-09-29,2023,9,Alandur,15.0,Chennai
2023-09-29,2023,9,Zone 12 D156 Mugalivakkam,14.7,Chennai
2023-09-29,2023,9,Zone 14 Perungudi,9.3,Chennai
2023-09-29,2023,9,Zone 13 U39 Adyar,8.1,Chennai
2023-09-29,2023,9,Zone 09 Ice House,7.05,Chennai
2023-09-29,2023,9,Chennai nungambakkam,5.7,Chennai
2023-09-29,2023,9,Zone 06 D65 Kolathur,5.7,Chennai
2023-09-29,2023,9,Zone 13 Adyar Eco Park,2.85,Chennai
2023-09-29,2023,9,Perungudi,2.6,Chennai
2023-09-29,2023,9,Adyar,2.2,Chennai
2023-09-29,2023,9,Zone 13 Adyar,2.1,Chennai
2023-09-29,2023,9,Zone 11 U32 Maduravoyal,1.8,Chennai
2023-09-29,2023,9,Zone 03 Madhavaram,1.2,Chennai
2023-09-29,2023,9,Zone 09 Teynampet,1.2,Chennai
2023-09-29,2023,9,Zone 05 Royapuram,1.05,Chennai
2023-09-29,2023,9,Zone 11 Valasaravakkam,0.9,Chennai
2023-09-29,2023,9,Zone 08 Malar colony,0.6,Chennai
2023-09-29,2023,9,Zone 12 Alandhur,0.6,Chennai
2023-09-29,2023,9,Zone 06 T.V.K Nagar,0.3,Chennai
2023-09-30,2023,9,Zone 12 Alandhur,65.7,Chennai
2023-09-30,2023,9,DGP Office,52.6,Chennai
2023-09-30,2023,9,Zone 12 D156 Mugalivakkam,49.2,Chennai
2023-09-30,2023,9,Zone 13 Adyar Eco Park,48.6,Chennai
2023-09-30,2023,9,Zone 13 Adyar,46.8,Chennai
2023-09-30,2023,9,Alandur,45.0,Chennai
2023-09-30,2023,9,Anna university,43.8,Chennai
2023-09-30,2023,9,Gov hr sec school MGR Nagar,37.5,Chennai
2023-09-30,2023,9,Zone 10 Kodambakkam,37.5,Chennai
2023-09-30,2023,9,Zone 09 Ice House,29.4,Chennai
2023-09-30,2023,9,Zone 03 Madhavaram,27.0,Chennai
2023-09-30,2023,9,Zone 01 Thiruvottiyur,26.7,Chennai
2023-09-30,2023,9,Zone 01 Kathivakkam,24.3,Chennai
2023-09-30,2023,9,Zone 09 Teynampet,23.7,Chennai
2023-09-30,2023,9,Zone 11 Valasaravakkam,23.7,Chennai
2023-09-30,2023,9,Madhavaram,20.8,Chennai
2023-09-30,2023,9,Chennai collectorate building,20.4,Chennai
2023-09-30,2023,9,CD Hospital Tondiarpet,20.0,Chennai
2023-09-30,2023,9,Zone 11 U32 Maduravoyal,17.7,Chennai
2023-09-30,2023,9,Zone 06 D65 Kolathur,16.8,Chennai
2023-09-30,2023,9,Zone 08 Anna Nagar,16.5,Chennai
2023-09-30,2023,9,Zone 02 Manali,16.35,Chennai
2023-09-30,2023,9,Zone 13 U39 Adyar,15.6,Chennai
2023-09-30,2023,9,Valasaravakkam,15.4,Chennai
2023-09-30,2023,9,Zone 05 Royapuram,14.1,Chennai
2023-09-30,2023,9,Zone 03 Puzhal,13.5,Chennai
2023-09-30,2023,9,Zone 14 Perungudi,13.2,Chennai
2023-09-30,2023,9,Chennai nungambakkam,13.1,Chennai
2023-09-30,2023,9,Zone 02 D15 Manali,12.45,Chennai
2023-09-30,2023,9,Zone 06 T.V.K Nagar,12.3,Chennai
2023-09-30,2023,9,Zone 04 Tondiarpet,10.65,Chennai
2023-09-30,2023,9,Perambur Corporation park,10.4,Chennai
2023-09-30,2023,9,Ambathur,10.0,Chennai
2023-09-30,2023,9,Ayanavaram taluk office,9.0,Chennai
2023-09-30,2023,9,Zone 05 GCC,8.0,Chennai
2023-09-30,2023,9,Puzhal,7.8,Chennai
2023-09-30,2023,9,Thiru-Vi-Ka Nagar,7.6,Chennai
2023-09-30,2023,9,Zone 07 Ambattur,7.5,Chennai
2023-09-30,2023,9,Sholinganallur,6.2,Chennai
2023-09-30,2023,9,Ambattur,5.2,Chennai
2023-09-30,2023,9,Zone 07 U18 D81 Vanagaram,3.3,Chennai
2023-09-30,2023,9,Perungudi,2.4,Chennai
2023-09-30,2023,9,Zone 12 Meenambakkam,2.4,Chennai
2023-09-30,2023,9,Zone 08 Malar colony,1.8,Chennai
2023-09-30,2023,9,Royapuram,1.6,Chennai
2023-09-30,2023,9,Zone 14 U41 Perungudi,1.5,Chennai
2023-09-30,2023,9,Tondairpet,0.6,Chennai
2023-09-30,2023,9,Kodambakkam,0.6,Chennai
2023-09-30,2023,9,Adyar,0.6,Chennai
2023-10-01,2023,10,Zone 06 T.V.K Nagar,24.0,Chennai
2023-10-01,2023,10,Zone 06 D65 Kolathur,19.2,Chennai
2023-10-01,2023,10,Zone 07 Ambattur,18.3,Chennai
2023-10-01,2023,10,Zone 05 Royapuram,15.45,Chennai
2023-10-01,2023,10,Zone 04 Tondiarpet,15.15,Chennai
2023-10-01,2023,10,Perambur Corporation park,14.2,Chennai
2023-10-01,2023,10,Zone 02 Manali,13.2,Chennai
2023-10-01,2023,10,Zone 08 Malar colony,12.0,Chennai
2023-10-01,2023,10,Ambathur,10.0,Chennai
2023-10-01,2023,10,Zone 03 Madhavaram,9.6,Chennai
2023-10-01,2023,10,Chennai collectorate building,9.4,Chennai
2023-10-01,2023,10,Zone 07 U18 D81 Vanagaram,7.5,Chennai
2023-10-01,2023,10,Zone 03 Puzhal,6.6,Chennai
2023-10-01,2023,10,Zone 01 Thiruvottiyur,6.45,Chennai
2023-10-01,2023,10,CD Hospital Tondiarpet,6.4,Chennai
2023-10-01,2023,10,Zone 08 Anna Nagar,5.7,Chennai
2023-10-01,2023,10,Zone 05 GCC,3.6,Chennai
2023-10-01,2023,10,Zone 02 D15 Manali,2.85,Chennai
2023-10-01,2023,10,Zone 01 Kathivakkam,2.4,Chennai
2023-10-01,2023,10,Puzhal,0.6,Chennai
2023-10-01,2023,10,Manali,0.4,Chennai
2023-10-01,2023,10,Chennai nungambakkam,0.3,Chennai
2023-10-01,2023,10,Zone 13 Adyar,0.3,Chennai
2023-10-04,2023,10,Ambathur,8.0,Chennai
2023-10-04,2023,10,Zone 12 D156 Mugalivakkam,4.8,Chennai
2023-10-04,2023,10,Zone 11 Valasaravakkam,3.9,Chennai
2023-10-04,2023,10,Zone 06 D65 Kolathur,3.6,Chennai
2023-10-04,2023,10,Zone 12 Meenambakkam,3.3,Chennai
2023-10-04,2023,10,Alandur,3.0,Chennai
2023-10-04,2023,10,Zone 12 Alandhur,2.7,Chennai
2023-10-04,2023,10,Zone 03 Puzhal,1.8,Chennai
2023-10-04,2023,10,Zone 13 U39 Adyar,1.8,Chennai
2023-10-04,2023,10,Zone 04 Tondiarpet,1.65,Chennai
2023-10-04,2023,10,Zone 08 Malar colony,1.2,Chennai
2023-10-04,2023,10,Zone 14 Perungudi,1.2,Chennai
2023-10-04,2023,10,Madhavaram,1.0,Chennai
2023-10-04,2023,10,Zone 02 Manali,0.9,Chennai
2023-10-04,2023,10,Zone 06 T.V.K Nagar,0.9,Chennai
2023-10-04,2023,10,Zone 07 Ambattur,0.9,Chennai
2023-10-04,2023,10,Zone 07 U18 D81 Vanagaram,0.9,Chennai
2023-10-04,2023,10,Tondairpet,0.8,Chennai
2023-10-04,2023,10,Zone 13 Adyar Eco Park,0.75,Chennai
2023-10-04,2023,10,Puzhal,0.6,Chennai
2023-10-04,2023,10,Zone 03 Madhavaram,0.6,Chennai
2023-10-04,2023,10,Zone 13 Adyar,0.6,Chennai
2023-10-04,2023,10,Zone 14 U41 Perungudi,0.6,Chennai
2023-10-04,2023,10,Zone 15 Sholinganallur,0.6,Chennai
2023-10-04,2023,10,Thiruvottiyur,0.4,Chennai
2023-10-04,2023,10,Zone 10 Kodambakkam,0.3,Chennai
2023-10-04,2023,10,Valasaravakkam,0.2,Chennai
2023-10-04,2023,10,Zone 05 GCC,0.2,Chennai
2023-10-04,2023,10,Chennai nungambakkam,0.1,Chennai
2023-10-05,2023,10,Zone 06 T.V.K Nagar,37.5,Chennai
2023-10-05,2023,10,Perambur Corporation park,27.3,Chennai
2023-10-05,2023,10,Chennai nungambakkam,25.4,Chennai
2023-10-05,2023,10,Ayanavaram taluk office,25.0,Chennai
2023-10-05,2023,10,Zone 08 Anna Nagar,21.6,Chennai
2023-10-05,2023,10,Tondairpet,14.4,Chennai
2023-10-05,2023,10,Zone 09 Ice House,11.4,Chennai
2023-10-05,2023,10,Zone 06 D65 Kolathur,10.5,Chennai
2023-10-05,2023,10,Zone 03 Madhavaram,9.6,Chennai
2023-10-05,2023,10,Zone 14 Perungudi,9.6,Chennai
2023-10-05,2023,10,Zone 12 Meenambakkam,8.7,Chennai
2023-10-05,2023,10,Zone 09 Teynampet,8.4,Chennai
2023-10-05,2023,10,Zone 10 Kodambakkam,8.4,Chennai
2023-10-05,2023,10,Ambathur,8.0,Chennai
2023-10-05,2023,10,Alandur,7.8,Chennai
2023-10-05,2023,10,Zone 05 Royapuram,7.8,Chennai
2023-10-05,2023,10,Anna university,7.2,Chennai
2023-10-05,2023,10,Kodambakkam,7.2,Chennai
2023-10-05,2023,10,CD Hospital Tondiarpet,6.4,Chennai
2023-10-05,2023,10,DGP Office,6.2,Chennai
2023-10-05,2023,10,Sholinganallur,5.3,Chennai
2023-10-05,2023,10,Sholinganallur,5.2,Chennai
2023-10-05,2023,10,Zone 15 Sholinganallur,5.1,Chennai
2023-10-05,2023,10,Zone 08 Malar colony,4.8,Chennai
2023-10-05,2023,10,Zone 07 Ambattur,3.9,Chennai
2023-10-05,2023,10,Gov hr sec school MGR Nagar,3.6,Chennai
2023-10-05,2023,10,Zone 05 GCC,3.6,Chennai
2023-10-05,2023,10,Zone 04 Tondiarpet,3.3,Chennai
2023-10-05,2023,10,Chennai collectorate building,3.2,Chennai
2023-10-05,2023,10,Teynampet,3.2,Chennai
2023-10-05,2023,10,Zone 02 Manali,2.4,Chennai
2023-10-05,2023,10,Zone 03 Puzhal,2.4,Chennai
2023-10-05,2023,10,Anna Nagar,2.2,Chennai
2023-10-05,2023,10,Puzhal,2.2,Chennai
2023-10-05,2023,10,Zone 02 D15 Manali,2.1,Chennai
2023-10-05,2023,10,Zone 13 Adyar,2.1,Chennai
2023-10-05,2023,10,Zone 12 Alandhur,1.8,Chennai
2023-10-05,2023,10,Zone 12 D156 Mugalivakkam,1.8,Chennai
2023-10-05,2023,10,Zone 13 U39 Adyar,1.5,Chennai
2023-10-05,2023,10,Zone 13 Adyar Eco Park,1.2,Chennai
2023-10-05,2023,10,Zone 01 Thiruvottiyur,1.05,Chennai
2023-10-05,2023,10,Zone 07 U18 D81 Vanagaram,0.9,Chennai
2023-10-05,2023,10,Adyar,0.8,Chennai
2023-10-05,2023,10,Zone 15 Uthandi,0.75,Chennai
2023-10-05,2023,10,Perungudi,0.4,Chennai
2023-10-05,2023,10,Zone 14 U41 Perungudi,0.3,Chennai
2023-10-06,2023,10,Zone 01 Kathivakkam,8.7,Chennai
2023-10-06,2023,10,Zone 02 D15 Manali,6.0,Chennai
2023-10-06,2023,10,Zone 03 Puzhal,2.7,Chennai
2023-10-06,2023,10,Zone 14 Perungudi,2.4,Chennai
2023-10-06,2023,10,Zone 15 Sholinganallur,2.4,Chennai
2023-10-06,2023,10,Zone 12 Alandhur,1.8,Chennai
2023-10-06,2023,10,Alandur,1.5,Chennai
2023-10-06,2023,10,Zone 12 Meenambakkam,1.5,Chennai
2023-10-06,2023,10,Zone 12 D156 Mugalivakkam,1.2,Chennai
2023-10-06,2023,10,Zone 13 U39 Adyar,1.2,Chennai
2023-10-06,2023,10,Zone 13 Adyar,0.9,Chennai
2023-10-06,2023,10,Anna university,0.8,Chennai
2023-10-06,2023,10,Kodambakkam,0.8,Chennai
2023-10-06,2023,10,Zone 02 Manali,0.75,Chennai
2023-10-06,2023,10,Zone 07 U18 D81 Vanagaram,0.6,Chennai
2023-10-06,2023,10,Zone 09 Teynampet,0.6,Chennai
2023-10-06,2023,10,Zone 10 Kodambakkam,0.6,Chennai
2023-10-06,2023,10,Zone 14 U41 Perungudi,0.6,Chennai
2023-10-06,2023,10,Gov hr sec school MGR Nagar,0.4,Chennai
2023-10-06,2023,10,Zone 13 Adyar Eco Park,0.3,Chennai
2023-10-06,2023,10,Chennai nungambakkam,0.2,Chennai
2023-10-06,2023,10,Ambattur,0.2,Chennai
2023-10-07,2023,10,Zone 14 Perungudi,44.1,Chennai
2023-10-07,2023,10,Zone 10 Kodambakkam,40.8,Chennai
2023-10-07,2023,10,Zone 09 Teynampet,37.5,Chennai
2023-10-07,2023,10,Gov hr sec school MGR Nagar,18.6,Chennai
2023-10-07,2023,10,Zone 12 Alandhur,16.2,Chennai
2023-10-07,2023,10,Zone 13 U39 Adyar,12.3,Chennai
2023-10-07,2023,10,Chennai nungambakkam,11.5,Chennai
2023-10-07,2023,10,Anna university,8.6,Chennai
2023-10-07,2023,10,Zone 12 Meenambakkam,4.8,Chennai
2023-10-07,2023,10,Zone 14 U41 Perungudi,4.5,Chennai
2023-10-07,2023,10,Alandur,3.4,Chennai
2023-10-07,2023,10,Teynampet,3.2,Chennai
2023-10-07,2023,10,Sholinganallur,2.5,Chennai
2023-10-07,2023,10,Zone 08 Anna Nagar,2.4,Chennai
2023-10-07,2023,10,Zone 13 Adyar,0.9,Chennai
2023-10-07,2023,10,Perungudi,0.8,Chennai
2023-10-07,2023,10,Zone 15 Sholinganallur,0.6,Chennai
2023-10-07,2023,10,Zone 09 Ice House,0.3,Chennai
2023-10-07,2023,10,Zone 11 Valasaravakkam,0.3,Chennai
2023-10-07,2023,10,Zone 13 Adyar Eco Park,0.3,Chennai
2023-10-08,2023,10,Zone 12 Alandhur,37.2,Chennai
2023-10-08,2023,10,Zone 07 Ambattur,31.2,Chennai
2023-10-08,2023,10,Zone 11 Valasaravakkam,31.2,Chennai
2023-10-08,2023,10,Zone 11 U32 Maduravoyal,21.3,Chennai
2023-10-08,2023,10,Valasaravakkam,18.4,Chennai
2023-10-08,2023,10,Zone 14 U41 Perungudi,14.7,Chennai
2023-10-08,2023,10,Zone 07 U18 D81 Vanagaram,11.85,Chennai
2023-10-08,2023,10,Perungudi,11.4,Chennai
2023-10-08,2023,10,Ambathur,10.0,Chennai
2023-10-08,2023,10,Zone 10 Kodambakkam,7.8,Chennai
2023-10-08,2023,10,Gov hr sec school MGR Nagar,7.4,Chennai
2023-10-08,2023,10,Zone 06 T.V.K Nagar,3.9,Chennai
2023-10-08,2023,10,Zone 12 D156 Mugalivakkam,3.9,Chennai
2023-10-08,2023,10,Anna Nagar,2.6,Chennai
2023-10-08,2023,10,Zone 09 Teynampet,2.4,Chennai
2023-10-08,2023,10,Zone 08 Malar colony,1.8,Chennai
2023-10-08,2023,10,Zone 13 Adyar Eco Park,1.65,Chennai
2023-10-08,2023,10,Zone 13 Adyar,1.5,Chennai
2023-10-08,2023,10,Zone 08 Anna Nagar,1.2,Chennai
2023-10-08,2023,10,Zone 12 Meenambakkam,0.9,Chennai
2023-10-08,2023,10,Alandur,0.6,Chennai
2023-10-08,2023,10,Zone 15 Sholinganallur,0.3,Chennai
2023-10-08,2023,10,Zone 05 GCC,0.2,Chennai
2023-10-09,2023,10,Zone 12 D156 Mugalivakkam,0.3,Chennai
2023-10-09,2023,10,Ambattur,0.2,Chennai
2023-10-11,2023,10,Zone 11 U32 Maduravoyal,33.6,Chennai
2023-10-11,2023,10,Zone 11 Valasaravakkam,6.9,Chennai
2023-10-11,2023,10,Zone 07 Ambattur,1.8,Chennai
2023-10-11,2023,10,Zone 08 Malar colony,1.8,Chennai
2023-10-11,2023,10,Anna Nagar,1.4,Chennai
2023-10-11,2023,10,Alandur,0.6,Chennai
2023-10-11,2023,10,Zone 12 Meenambakkam,0.3,Chennai
2023-10-11,2023,10,Zone 14 Perungudi,0.3,Chennai
2023-10-12,2023,10,Zone 11 U32 Maduravoyal,12.9,Chennai
2023-10-12,2023,10,Zone 11 Valasaravakkam,11.4,Chennai
2023-10-12,2023,10,Zone 12 D156 Mugalivakkam,8.4,Chennai
2023-10-12,2023,10,Zone 07 Ambattur,0.6,Chennai
2023-10-12,2023,10,Alandur,0.3,Chennai
2023-10-14,2023,10,Zone 15 Uthandi,19.05,Chennai
2023-10-14,2023,10,Zone 01 Kathivakkam,18.3,Chennai
2023-10-14,2023,10,Zone 15 Sholinganallur,12.0,Chennai
2023-10-14,2023,10,Zone 14 U41 Perungudi,10.2,Chennai
2023-10-14,2023,10,Sholinganallur,9.2,Chennai
2023-10-14,2023,10,Zone 13 U39 Adyar,9.0,Chennai
2023-10-14,2023,10,Zone 12 Alandhur,7.8,Chennai
2023-10-14,2023,10,Zone 12 Meenambakkam,6.0,Chennai
2023-10-14,2023,10,Zone 14 Perungudi,5.1,Chennai
2023-10-14,2023,10,Zone 12 D156 Mugalivakkam,4.5,Chennai
2023-10-14,2023,10,Zone 13 Adyar,4.5,Chennai
2023-10-14,2023,10,Zone 04 Tondiarpet,4.05,Chennai
2023-10-14,2023,10,Zone 03 Madhavaram,3.6,Chennai
2023-10-14,2023,10,Zone 10 Kodambakkam,3.6,Chennai
2023-10-14,2023,10,Zone 11 Valasaravakkam,3.6,Chennai
2023-10-14,2023,10,Zone 13 Adyar Eco Park,3.6,Chennai
2023-10-14,2023,10,Zone 05 Royapuram,3.45,Chennai
2023-10-14,2023,10,Zone 11 U32 Maduravoyal,3.3,Chennai
2023-10-14,2023,10,Zone 01 Thiruvottiyur,3.15,Chennai
2023-10-14,2023,10,Zone 03 Puzhal,3.0,Chennai
2023-10-14,2023,10,Zone 07 Ambattur,3.0,Chennai
2023-10-14,2023,10,Zone 07 U18 D81 Vanagaram,2.7,Chennai
2023-10-14,2023,10,Zone 09 Ice House,2.55,Chennai
2023-10-14,2023,10,CD Hospital Tondiarpet,2.4,Chennai
2023-10-14,2023,10,Thiruvottiyur,2.4,Chennai
2023-10-14,2023,10,Zone 09 Teynampet,2.4,Chennai
2023-10-14,2023,10,Teynampet,2.2,Chennai
2023-10-14,2023,10,Zone 08 Anna Nagar,2.1,Chennai
2023-10-14,2023,10,Zone 05 GCC,1.8,Chennai
2023-10-14,2023,10,Zone 02 D15 Manali,1.65,Chennai
2023-10-14,2023,10,Zone 02 Manali,1.65,Chennai
2023-10-14,2023,10,Zone 06 T.V.K Nagar,1.5,Chennai
2023-10-14,2023,10,Manali,0.8,Chennai
2023-10-14,2023,10,Zone 08 Malar colony,0.6,Chennai
2023-10-14,2023,10,Zone 06 D65 Kolathur,0.3,Chennai
2023-10-14,2023,10,Chennai nungambakkam,0.1,Chennai
2023-10-14,2023,10,Alandur,0.1,Chennai
2023-10-15,2023,10,Zone 06 D65 Kolathur,81.6,Chennai
2023-10-15,2023,10,Zone 06 T.V.K Nagar,59.4,Chennai
2023-10-15,2023,10,Zone 02 Manali,46.65,Chennai
2023-10-15,2023,10,Zone 08 Malar colony,45.9,Chennai
2023-10-15,2023,10,Zone 15 Uthandi,43.2,Chennai
2023-10-15,2023,10,Chennai collectorate building,41.3,Chennai
2023-10-15,2023,10,Thiru-Vi-Ka Nagar,34.8,Chennai
2023-10-15,2023,10,Zone 05 Royapuram,32.55,Chennai
2023-10-15,2023,10,Zone 07 Ambattur,29.1,Chennai
2023-10-15,2023,10,Zone 05 GCC,25.8,Chennai
2023-10-15,2023,10,Zone 09 Ice House,24.75,Chennai
2023-10-15,2023,10,Zone 03 Madhavaram,23.4,Chennai
2023-10-15,2023,10,Perambur Corporation park,21.5,Chennai
2023-10-15,2023,10,Ayanavaram taluk office,18.0,Chennai
2023-10-15,2023,10,Zone 13 Adyar Eco Park,16.95,Chennai
2023-10-15,2023,10,Zone 07 U18 D81 Vanagaram,16.8,Chennai
2023-10-15,2023,10,Zone 12 Alandhur,13.8,Chennai
2023-10-15,2023,10,Zone 13 U39 Adyar,13.8,Chennai
2023-10-15,2023,10,Ambattur,12.6,Chennai
2023-10-15,2023,10,Anna Nagar,12.6,Chennai
2023-10-15,2023,10,Zone 13 Adyar,12.6,Chennai
2023-10-15,2023,10,Zone 14 U41 Perungudi,12.6,Chennai
2023-10-15,2023,10,Zone 15 Sholinganallur,12.3,Chennai
2023-10-15,2023,10,Zone 12 Meenambakkam,11.1,Chennai
2023-10-15,2023,10,Ambathur,10.0,Chennai
2023-10-15,2023,10,Zone 11 U32 Maduravoyal,9.6,Chennai
2023-10-15,2023,10,Teynampet,9.4,Chennai
2023-10-15,2023,10,Chennai nungambakkam,9.3,Chennai
2023-10-15,2023,10,Sholinganallur,8.4,Chennai
2023-10-15,2023,10,CD Hospital Tondiarpet,8.2,Chennai
2023-10-15,2023,10,Zone 12 D156 Mugalivakkam,8.1,Chennai
2023-10-15,2023,10,Zone 14 Perungudi,7.8,Chennai
2023-10-15,2023,10,Alandur,7.6,Chennai
2023-10-15,2023,10,Zone 10 Kodambakkam,7.5,Chennai
2023-10-15,2023,10,Zone 11 Valasaravakkam,7.5,Chennai
2023-10-15,2023,10,Zone 02 D15 Manali,6.9,Chennai
2023-10-15,2023,10,Gov hr sec school MGR Nagar,6.8,Chennai
2023-10-15,2023,10,Anna university,6.4,Chennai
2023-10-15,2023,10,Zone 09 Teynampet,6.3,Chennai
2023-10-15,2023,10,Zone 01 Kathivakkam,6.0,Chennai
2023-10-15,2023,10,Valasaravakkam,5.6,Chennai
2023-10-15,2023,10,Zone 03 Puzhal,5.4,Chennai
2023-10-15,2023,10,DGP Office,4.2,Chennai
2023-10-15,2023,10,Zone 04 Tondiarpet,4.2,Chennai
2023-10-15,2023,10,Zone 01 Thiruvottiyur,3.75,Chennai
2023-10-15,2023,10,Zone 08 Anna Nagar,3.6,Chennai
2023-10-15,2023,10,Puzhal,3.2,Chennai
2023-10-15,2023,10,Kodambakkam,0.6,Chennai
2023-10-15,2023,10,Adyar,0.4,Chennai
2023-10-15,2023,10,Thiruvottiyur,0.2,Chennai
2023-10-16,2023,10,Zone 05 Royapuram,10.2,Chennai
2023-10-16,2023,10,Zone 05 GCC,4.8,Chennai
2023-10-16,2023,10,Zone 12 Alandhur,3.6,Chennai
2023-10-16,2023,10,Ambathur,3.0,Chennai
2023-10-16,2023,10,Zone 13 Adyar Eco Park,1.5,Chennai
2023-10-16,2023,10,Royapuram,1.0,Chennai
2023-10-16,2023,10,Thiru-Vi-Ka Nagar,0.8,Chennai
2023-10-16,2023,10,Sholinganallur,0.6,Chennai
2023-10-16,2023,10,Zone 06 T.V.K Nagar,0.6,Chennai
2023-10-16,2023,10,Adyar,0.4,Chennai
2023-10-16,2023,10,Zone 04 Tondiarpet,0.3,Chennai
2023-10-16,2023,10,Zone 06 D65 Kolathur,0.3,Chennai
2023-10-16,2023,10,Zone 11 U32 Maduravoyal,0.3,Chennai
2023-10-16,2023,10,Zone 13 Adyar,0.3,Chennai
2023-10-16,2023,10,Zone 14 Perungudi,0.3,Chennai
2023-10-16,2023,10,Zone 14 U41 Perungudi,0.3,Chennai
2023-10-16,2023,10,Zone 15 Uthandi,0.3,Chennai
2023-10-16,2023,10,Thiruvottiyur,0.2,Chennai
2023-10-16,2023,10,Anna Nagar,0.2,Chennai
2023-10-16,2023,10,Zone 02 D15 Manali,0.15,Chennai
2023-10-16,2023,10,Zone 02 Manali,0.15,Chennai
2023-10-17,2023,10,Chennai collectorate building,15.2,Chennai
2023-10-17,2023,10,Zone 13 Adyar,5.4,Chennai
2023-10-17,2023,10,Zone 12 Meenambakkam,2.7,Chennai
2023-10-17,2023,10,Zone 13 U39 Adyar,1.2,Chennai
2023-10-17,2023,10,Anna university,1.0,Chennai
2023-10-17,2023,10,Zone 11 Valasaravakkam,0.9,Chennai
2023-10-17,2023,10,Zone 12 Alandhur,0.9,Chennai
2023-10-17,2023,10,Zone 14 U41 Perungudi,0.9,Chennai
2023-10-17,2023,10,Alandur,0.6,Chennai
2023-10-17,2023,10,Zone 07 U18 D81 Vanagaram,0.45,Chennai
2023-10-17,2023,10,Zone 13 Adyar Eco Park,0.45,Chennai
2023-10-17,2023,10,Gov hr sec school MGR Nagar,0.3,Chennai
2023-10-17,2023,10,Zone 09 Ice House,0.3,Chennai
2023-10-17,2023,10,Zone 12 D156 Mugalivakkam,0.3,Chennai
2023-10-17,2023,10,Zone 14 Perungudi,0.3,Chennai
2023-10-17,2023,10,Chennai nungambakkam,0.2,Chennai
2023-10-17,2023,10,Puzhal,0.2,Chennai
2023-10-18,2023,10,Royapuram,0.2,Chennai
2023-10-20,2023,10,Royapuram,0.2,Chennai
2023-10-21,2023,10,Zone 08 Anna Nagar,34.5,Chennai
2023-10-21,2023,10,Zone 11 U32 Maduravoyal,34.2,Chennai
2023-10-21,2023,10,Zone 11 Valasaravakkam,33.0,Chennai
2023-10-21,2023,10,Zone 12 D156 Mugalivakkam,32.7,Chennai
2023-10-21,2023,10,Zone 10 Kodambakkam,30.9,Chennai
2023-10-21,2023,10,Zone 06 T.V.K Nagar,26.4,Chennai
2023-10-21,2023,10,Zone 05 Royapuram,24.9,Chennai
2023-10-21,2023,10,Zone 01 Thiruvottiyur,24.75,Chennai
2023-10-21,2023,10,Thiru-Vi-Ka Nagar,24.6,Chennai
2023-10-21,2023,10,Zone 09 Teynampet,22.5,Chennai
2023-10-21,2023,10,Chennai nungambakkam,21.1,Chennai
2023-10-21,2023,10,Zone 04 Tondiarpet,20.55,Chennai
2023-10-21,2023,10,Zone 12 Alandhur,18.9,Chennai
2023-10-21,2023,10,DGP Office,12.8,Chennai
2023-10-21,2023,10,Royapuram,11.2,Chennai
2023-10-21,2023,10,Gov hr sec school MGR Nagar,10.2,Chennai
2023-10-21,2023,10,Zone 01 Kathivakkam,10.2,Chennai
2023-10-21,2023,10,Zone 02 Manali,10.05,Chennai
2023-10-21,2023,10,Zone 05 GCC,9.0,Chennai
2023-10-21,2023,10,Zone 12 Meenambakkam,9.0,Chennai
2023-10-21,2023,10,Zone 08 Malar colony,7.2,Chennai
2023-10-21,2023,10,Alandur,7.0,Chennai
2023-10-21,2023,10,Zone 09 Ice House,6.15,Chennai
2023-10-21,2023,10,Zone 13 U39 Adyar,6.0,Chennai
2023-10-21,2023,10,Ambattur,4.8,Chennai
2023-10-21,2023,10,Zone 15 Sholinganallur,4.8,Chennai
2023-10-21,2023,10,Chennai collectorate building,4.6,Chennai
2023-10-21,2023,10,Zone 14 Perungudi,4.2,Chennai
2023-10-21,2023,10,Zone 03 Puzhal,2.4,Chennai
2023-10-21,2023,10,CD Hospital Tondiarpet,2.0,Chennai
2023-10-21,2023,10,Zone 15 Uthandi,1.8,Chennai
2023-10-21,2023,10,Zone 13 Adyar Eco Park,1.65,Chennai
2023-10-21,2023,10,Sholinganallur,1.6,Chennai
2023-10-21,2023,10,Manali,1.2,Chennai
2023-10-21,2023,10,Zone 03 Madhavaram,1.2,Chennai
2023-10-21,2023,10,Zone 02 D15 Manali,1.05,Chennai
2023-10-21,2023,10,Puzhal,1.0,Chennai
2023-10-21,2023,10,Zone 06 D65 Kolathur,0.9,Chennai
2023-10-21,2023,10,Zone 13 Adyar,0.9,Chennai
2023-10-21,2023,10,Zone 07 U18 D81 Vanagaram,0.3,Chennai
2023-10-22,2023,10,Ayanavaram taluk office,51.0,Chennai
2023-10-22,2023,10,Zone 08 Malar colony,14.1,Chennai
2023-10-22,2023,10,Valasaravakkam,11.6,Chennai
2023-10-22,2023,10,Zone 06 D65 Kolathur,11.4,Chennai
2023-10-22,2023,10,Perambur Corporation park,11.3,Chennai
2023-10-22,2023,10,Zone 03 Madhavaram,10.2,Chennai
2023-10-22,2023,10,Zone 11 U32 Maduravoyal,9.3,Chennai
2023-10-22,2023,10,Chennai nungambakkam,8.7,Chennai
2023-10-22,2023,10,Zone 06 T.V.K Nagar,8.4,Chennai
2023-10-22,2023,10,Zone 14 Perungudi,8.4,Chennai
2023-10-22,2023,10,Zone 12 D156 Mugalivakkam,7.5,Chennai
2023-10-22,2023,10,Anna Nagar,7.4,Chennai
2023-10-22,2023,10,Gov hr sec school MGR Nagar,6.3,Chennai
2023-10-22,2023,10,Zone 09 Teynampet,6.3,Chennai
2023-10-22,2023,10,Zone 12 Alandhur,6.0,Chennai
2023-10-22,2023,10,Zone 02 Manali,5.85,Chennai
2023-10-22,2023,10,Zone 11 Valasaravakkam,5.4,Chennai
2023-10-22,2023,10,Anna university,5.2,Chennai
2023-10-22,2023,10,Chennai collectorate building,4.4,Chennai
2023-10-22,2023,10,Kodambakkam,4.4,Chennai
2023-10-22,2023,10,Zone 02 D15 Manali,4.2,Chennai
2023-10-22,2023,10,Zone 08 Anna Nagar,3.6,Chennai
2023-10-22,2023,10,Madhavaram,3.4,Chennai
2023-10-22,2023,10,Zone 13 U39 Adyar,3.0,Chennai
2023-10-22,2023,10,Zone 01 Kathivakkam,2.1,Chennai
2023-10-22,2023,10,Sholinganallur,1.5,Chennai
2023-10-22,2023,10,Manali,1.2,Chennai
2023-10-22,2023,10,Zone 05 GCC,1.0,Chennai
2023-10-22,2023,10,Zone 10 Kodambakkam,0.9,Chennai
2023-10-22,2023,10,Thiru-Vi-Ka Nagar,0.6,Chennai
2023-10-22,2023,10,Zone 05 Royapuram,0.45,Chennai
2023-10-22,2023,10,Sholinganallur,0.4,Chennai
2023-10-22,2023,10,Zone 01 Thiruvottiyur,0.3,Chennai
2023-10-22,2023,10,Zone 07 Ambattur,0.3,Chennai
2023-10-22,2023,10,Zone 13 Adyar,0.3,Chennai
2023-10-22,2023,10,Zone 15 Uthandi,0.3,Chennai
2023-10-22,2023,10,Alandur,0.2,Chennai
2023-10-22,2023,10,Teynampet,0.2,Chennai
2023-10-22,2023,10,Puzhal,0.2,Chennai
2023-10-23,2023,10,Zone 02 D15 Manali,0.3,Chennai
2023-10-23,2023,10,Zone 08 Anna Nagar,0.3,Chennai
2023-10-24,2023,10,Teynampet,0.2,Chennai
2023-10-27,2023,10,Zone 15 Uthandi,0.75,Chennai
2023-10-27,2023,10,Royapuram,0.2,Chennai
2023-10-28,2023,10,Zone 08 Anna Nagar,20.7,Chennai
2023-10-28,2023,10,Zone 11 U32 Maduravoyal,20.4,Chennai
2023-10-28,2023,10,Zone 04 Tondiarpet,7.2,Chennai
2023-10-28,2023,10,Zone 05 GCC,6.8,Chennai
2023-10-28,2023,10,Zone 07 Ambattur,6.3,Chennai
2023-10-28,2023,10,Zone 05 Royapuram,6.15,Chennai
2023-10-28,2023,10,Chennai collectorate building,5.6,Chennai
2023-10-28,2023,10,DGP Office,4.2,Chennai
2023-10-28,2023,10,Zone 01 Thiruvottiyur,4.05,Chennai
2023-10-28,2023,10,Zone 11 Valasaravakkam,3.9,Chennai
2023-10-28,2023,10,Zone 13 Adyar,3.0,Chennai
2023-10-28,2023,10,Zone 12 D156 Mugalivakkam,2.4,Chennai
2023-10-28,2023,10,Sholinganallur,2.3,Chennai
2023-10-28,2023,10,Zone 08 Malar colony,1.5,Chennai
2023-10-28,2023,10,Zone 03 Madhavaram,0.9,Chennai
2023-10-28,2023,10,Zone 06 T.V.K Nagar,0.6,Chennai
2023-10-28,2023,10,Zone 12 Alandhur,0.6,Chennai
2023-10-28,2023,10,Zone 15 Uthandi,0.6,Chennai
2023-10-28,2023,10,Chennai nungambakkam,0.4,Chennai
2023-10-28,2023,10,Zone 12 Meenambakkam,0.3,Chennai
2023-10-28,2023,10,Zone 14 U41 Perungudi,0.3,Chennai
2023-10-28,2023,10,Gov hr sec school MGR Nagar,0.2,Chennai
2023-10-29,2023,10,Zone 07 U18 D81 Vanagaram,28.65,Chennai
2023-10-29,2023,10,Ayanavaram taluk office,16.0,Chennai
2023-10-29,2023,10,Zone 07 Ambattur,13.5,Chennai
2023-10-29,2023,10,Zone 11 U32 Maduravoyal,12.0,Chennai
2023-10-29,2023,10,Zone 15 Sholinganallur,11.4,Chennai
2023-10-29,2023,10,Zone 05 Royapuram,10.5,Chennai
2023-10-29,2023,10,Ambathur,10.0,Chennai
2023-10-29,2023,10,Zone 13 Adyar,9.6,Chennai
2023-10-29,2023,10,Zone 14 U41 Perungudi,9.0,Chennai
2023-10-29,2023,10,Zone 13 U39 Adyar,8.7,Chennai
2023-10-29,2023,10,Chennai collectorate building,7.0,Chennai
2023-10-29,2023,10,Zone 03 Puzhal,6.9,Chennai
2023-10-29,2023,10,CD Hospital Tondiarpet,6.4,Chennai
2023-10-29,2023,10,Zone 13 Adyar Eco Park,5.85,Chennai
2023-10-29,2023,10,Zone 04 Tondiarpet,5.1,Chennai
2023-10-29,2023,10,Anna university,4.2,Chennai
2023-10-29,2023,10,Zone 06 D65 Kolathur,4.2,Chennai
2023-10-29,2023,10,Zone 08 Anna Nagar,3.6,Chennai
2023-10-29,2023,10,Perambur Corporation park,3.2,Chennai
2023-10-29,2023,10,Zone 03 Madhavaram,3.0,Chennai
2023-10-29,2023,10,Sholinganallur,2.8,Chennai
2023-10-29,2023,10,Zone 10 Kodambakkam,1.8,Chennai
2023-10-29,2023,10,Zone 11 Valasaravakkam,1.8,Chennai
2023-10-29,2023,10,Alandur,1.5,Chennai
2023-10-29,2023,10,Zone 12 Alandhur,1.5,Chennai
2023-10-29,2023,10,Zone 15 Uthandi,0.75,Chennai
2023-10-29,2023,10,Zone 01 Thiruvottiyur,0.6,Chennai
2023-10-29,2023,10,Zone 06 T.V.K Nagar,0.6,Chennai
2023-10-29,2023,10,Zone 12 Meenambakkam,0.6,Chennai
2023-10-29,2023,10,Zone 02 D15 Manali,0.45,Chennai
2023-10-29,2023,10,Zone 02 Manali,0.45,Chennai
2023-10-29,2023,10,Gov hr sec school MGR Nagar,0.4,Chennai
2023-10-29,2023,10,Zone 05 GCC,0.4,Chennai
2023-10-29,2023,10,Zone 08 Malar colony,0.3,Chennai
2023-10-29,2023,10,Zone 09 Teynampet,0.3,Chennai
2023-10-29,2023,10,Zone 14 Perungudi,0.3,Chennai
2023-10-30,2023,10,Zone 09 Teynampet,53.4,Chennai
2023-10-30,2023,10,Zone 10 Kodambakkam,48.9,Chennai
2023-10-30,2023,10,DGP Office,47.6,Chennai
2023-10-30,2023,10,Kodambakkam,41.2,Chennai
2023-10-30,2023,10,Zone 11 U32 Maduravoyal,36.9,Chennai
2023-10-30,2023,10,Zone 06 D65 Kolathur,35.1,Chennai
2023-10-30,2023,10,Zone 06 T.V.K Nagar,32.7,Chennai
2023-10-30,2023,10,Ambathur,30.0,Chennai
2023-10-30,2023,10,Gov hr sec school MGR Nagar,27.6,Chennai
2023-10-30,2023,10,Chennai nungambakkam,23.0,Chennai
2023-10-30,2023,10,Zone 08 Anna Nagar,22.8,Chennai
2023-10-30,2023,10,Zone 11 Valasaravakkam,22.5,Chennai
2023-10-30,2023,10,Zone 13 U39 Adyar,21.0,Chennai
2023-10-30,2023,10,Zone 08 Malar colony,19.5,Chennai
2023-10-30,2023,10,Zone 07 Ambattur,18.6,Chennai
2023-10-30,2023,10,Zone 04 Tondiarpet,16.8,Chennai
2023-10-30,2023,10,Zone 13 Adyar Eco Park,15.75,Chennai
2023-10-30,2023,10,Zone 07 U18 D81 Vanagaram,15.15,Chennai
2023-10-30,2023,10,Zone 03 Puzhal,15.0,Chennai
2023-10-30,2023,10,Perambur Corporation park,11.4,Chennai
2023-10-30,2023,10,Zone 01 Thiruvottiyur,10.2,Chennai
2023-10-30,2023,10,Zone 14 U41 Perungudi,10.2,Chennai
2023-10-30,2023,10,Zone 15 Sholinganallur,10.2,Chennai
2023-10-30,2023,10,Zone 15 Uthandi,9.45,Chennai
2023-10-30,2023,10,Zone 05 GCC,8.0,Chennai
2023-10-30,2023,10,Zone 01 Kathivakkam,7.2,Chennai
2023-10-30,2023,10,Zone 12 D156 Mugalivakkam,6.6,Chennai
2023-10-30,2023,10,Ayanavaram taluk office,6.0,Chennai
2023-10-30,2023,10,Zone 12 Alandhur,5.7,Chennai
2023-10-30,2023,10,Puzhal,5.0,Chennai
2023-10-30,2023,10,Thiruvottiyur,4.6,Chennai
2023-10-30,2023,10,Alandur,4.1,Chennai
2023-10-30,2023,10,Zone 02 D15 Manali,3.6,Chennai
2023-10-30,2023,10,Zone 12 Meenambakkam,3.6,Chennai
2023-10-30,2023,10,Zone 13 Adyar,3.6,Chennai
2023-10-30,2023,10,Zone 14 Perungudi,3.3,Chennai
2023-10-30,2023,10,Chennai collectorate building,3.2,Chennai
2023-10-30,2023,10,Manali,3.2,Chennai
2023-10-30,2023,10,Zone 05 Royapuram,2.7,Chennai
2023-10-30,2023,10,Zone 02 Manali,2.55,Chennai
2023-10-30,2023,10,Madhavaram,2.4,Chennai
2023-10-30,2023,10,CD Hospital Tondiarpet,2.0,Chennai
2023-10-30,2023,10,Anna university,1.8,Chennai
2023-10-30,2023,10,Sholinganallur,1.5,Chennai
2023-10-30,2023,10,Zone 03 Madhavaram,0.9,Chennai
2023-10-30,2023,10,Royapuram,0.6,Chennai
2023-10-31,2023,10,Puzhal,52.8,Chennai
2023-10-31,2023,10,Zone 03 Puzhal,50.4,Chennai
2023-10-31,2023,10,Zone 07 Ambattur,45.6,Chennai
2023-10-31,2023,10,Zone 02 D15 Manali,37.35,Chennai
2023-10-31,2023,10,CD Hospital Tondiarpet,34.4,Chennai
2023-10-31,2023,10,Ambathur,30.0,Chennai
2023-10-31,2023,10,Zone 11 U32 Maduravoyal,27.0,Chennai
2023-10-31,2023,10,Zone 07 U18 D81 Vanagaram,25.8,Chennai
2023-10-31,2023,10,Zone 12 D156 Mugalivakkam,21.0,Chennai
2023-10-31,2023,10,Zone 11 Valasaravakkam,18.0,Chennai
2023-10-31,2023,10,Zone 01 Thiruvottiyur,17.55,Chennai
2023-10-31,2023,10,Zone 02 Manali,16.8,Chennai
2023-10-31,2023,10,Zone 06 D65 Kolathur,15.9,Chennai
2023-10-31,2023,10,Zone 08 Malar colony,15.0,Chennai
2023-10-31,2023,10,Zone 06 T.V.K Nagar,13.8,Chennai
2023-10-31,2023,10,Ayanavaram taluk office,13.0,Chennai
2023-10-31,2023,10,Zone 04 Tondiarpet,12.75,Chennai
2023-10-31,2023,10,Perambur Corporation park,12.4,Chennai
2023-10-31,2023,10,Zone 15 Uthandi,12.3,Chennai
2023-10-31,2023,10,Zone 03 Madhavaram,12.0,Chennai
2023-10-31,2023,10,Madhavaram,11.4,Chennai
2023-10-31,2023,10,Thiru-Vi-Ka Nagar,11.4,Chennai
2023-10-31,2023,10,Valasaravakkam,10.8,Chennai
2023-10-31,2023,10,Anna university,10.6,Chennai
2023-10-31,2023,10,Zone 13 Adyar,8.4,Chennai
2023-10-31,2023,10,Zone 12 Meenambakkam,6.6,Chennai
2023-10-31,2023,10,DGP Office,6.4,Chennai
2023-10-31,2023,10,Zone 15 Sholinganallur,6.3,Chennai
2023-10-31,2023,10,Zone 01 Kathivakkam,5.7,Chennai
2023-10-31,2023,10,Zone 09 Ice House,5.7,Chennai
2023-10-31,2023,10,Zone 12 Alandhur,5.1,Chennai
2023-10-31,2023,10,Gov hr sec school MGR Nagar,4.8,Chennai
2023-10-31,2023,10,Alandur,4.4,Chennai
2023-10-31,2023,10,Royapuram,4.2,Chennai
2023-10-31,2023,10,Zone 13 Adyar Eco Park,3.9,Chennai
2023-10-31,2023,10,Sholinganallur,3.7,Chennai
2023-10-31,2023,10,Zone 10 Kodambakkam,3.3,Chennai
2023-10-31,2023,10,Zone 13 U39 Adyar,3.0,Chennai
2023-10-31,2023,10,Zone 05 GCC,2.8,Chennai
2023-10-31,2023,10,Zone 05 Royapuram,2.55,Chennai
2023-10-31,2023,10,Teynampet,1.6,Chennai
2023-10-31,2023,10,Chennai collectorate building,1.2,Chennai
2023-10-31,2023,10,Chennai nungambakkam,0.6,Chennai
2023-10-31,2023,10,Zone 09 Teynampet,0.6,Chennai
2023-10-31,2023,10,Zone 08 Anna Nagar,0.3,Chennai
2023-10-31,2023,10,Zone 14 U41 Perungudi,0.3,Chennai
2023-11-01,2023,11,Zone 07 Ambattur,33.9,Chennai
2023-11-01,2023,11,Zone 07 U18 D81 Vanagaram,31.5,Chennai
2023-11-01,2023,11,Zone 06 D65 Kolathur,29.4,Chennai
2023-11-01,2023,11,Ambathur,20.0,Chennai
2023-11-01,2023,11,Zone 12 D156 Mugalivakkam,17.7,Chennai
2023-11-01,2023,11,Zone 03 Madhavaram,16.8,Chennai
2023-11-01,2023,11,Zone 03 Puzhal,15.6,Chennai
2023-11-01,2023,11,Gov hr sec school MGR Nagar,14.0,Chennai
2023-11-01,2023,11,Zone 11 U32 Maduravoyal,13.8,Chennai
2023-11-01,2023,11,Ayanavaram taluk office,12.0,Chennai
2023-11-01,2023,11,Zone 02 Manali,10.65,Chennai
2023-11-01,2023,11,Perambur Corporation park,10.2,Chennai
2023-11-01,2023,11,Zone 08 Anna Nagar,10.2,Chennai
2023-11-01,2023,11,Zone 10 Kodambakkam,9.9,Chennai
2023-11-01,2023,11,Zone 05 Royapuram,9.45,Chennai
2023-11-01,2023,11,DGP Office,8.6,Chennai
2023-11-01,2023,11,Madhavaram,8.0,Chennai
2023-11-01,2023,11,Zone 01 Kathivakkam,7.2,Chennai
2023-11-01,2023,11,Zone 02 D15 Manali,6.0,Chennai
2023-11-01,2023,11,Zone 11 Valasaravakkam,6.0,Chennai
2023-11-01,2023,11,Chennai nungambakkam,4.4,Chennai
2023-11-01,2023,11,Manali,4.4,Chennai
2023-11-01,2023,11,Sholinganallur,4.2,Chennai
2023-11-01,2023,11,Zone 12 Alandhur,3.9,Chennai
2023-11-01,2023,11,Puzhal,3.8,Chennai
2023-11-01,2023,11,Kodambakkam,3.2,Chennai
2023-11-01,2023,11,Zone 09 Teynampet,3.0,Chennai
2023-11-01,2023,11,Zone 08 Malar colony,2.7,Chennai
2023-11-01,2023,11,Anna university,2.6,Chennai
2023-11-01,2023,11,Valasaravakkam,2.6,Chennai
2023-11-01,2023,11,Teynampet,2.2,Chennai
2023-11-01,2023,11,Zone 04 Tondiarpet,2.1,Chennai
2023-11-01,2023,11,Zone 06 T.V.K Nagar,1.8,Chennai
2023-11-01,2023,11,Tondairpet,1.6,Chennai
2023-11-01,2023,11,Sholinganallur,1.6,Chennai
2023-11-01,2023,11,Zone 01 Thiruvottiyur,1.5,Chennai
2023-11-01,2023,11,Zone 12 Meenambakkam,1.5,Chennai
2023-11-01,2023,11,Alandur,1.3,Chennai
2023-11-01,2023,11,Anna Nagar,1.0,Chennai
2023-11-01,2023,11,Zone 13 Adyar Eco Park,0.75,Chennai
2023-11-01,2023,11,Zone 13 U39 Adyar,0.6,Chennai
2023-11-01,2023,11,Zone 14 Perungudi,0.6,Chennai
2023-11-01,2023,11,Chennai collectorate building,0.4,Chennai
2023-11-01,2023,11,Zone 05 GCC,0.2,Chennai
2023-11-02,2023,11,Zone 14 U41 Perungudi,21.6,Chennai
2023-11-02,2023,11,Zone 14 Perungudi,11.4,Chennai
2023-11-02,2023,11,Perungudi,9.6,Chennai
2023-11-02,2023,11,Sholinganallur,8.6,Chennai
2023-11-02,2023,11,DGP Office,6.4,Chennai
2023-11-02,2023,11,Zone 13 Adyar,5.7,Chennai
2023-11-02,2023,11,Sholinganallur,5.4,Chennai
2023-11-02,2023,11,Zone 03 Madhavaram,5.1,Chennai
2023-11-02,2023,11,Zone 13 U39 Adyar,5.1,Chennai
2023-11-02,2023,11,Zone 09 Ice House,4.35,Chennai
2023-11-02,2023,11,Chennai collectorate building,4.0,Chennai
2023-11-02,2023,11,Zone 12 Alandhur,2.7,Chennai
2023-11-02,2023,11,Zone 02 D15 Manali,2.4,Chennai
2023-11-02,2023,11,Zone 13 Adyar Eco Park,2.4,Chennai
2023-11-02,2023,11,Zone 03 Puzhal,1.8,Chennai
2023-11-02,2023,11,Alandur,1.6,Chennai
2023-11-02,2023,11,Zone 05 GCC,1.6,Chennai
2023-11-02,2023,11,Zone 12 Meenambakkam,1.5,Chennai
2023-11-02,2023,11,Manali,1.4,Chennai
2023-11-02,2023,11,Kodambakkam,1.2,Chennai
2023-11-02,2023,11,Zone 02 Manali,1.05,Chennai
2023-11-02,2023,11,Zone 07 U18 D81 Vanagaram,1.05,Chennai
2023-11-02,2023,11,Zone 01 Kathivakkam,0.9,Chennai
2023-11-02,2023,11,Zone 06 D65 Kolathur,0.9,Chennai
2023-11-02,2023,11,Zone 09 Teynampet,0.9,Chennai
2023-11-02,2023,11,Zone 11 U32 Maduravoyal,0.6,Chennai
2023-11-02,2023,11,Zone 04 Tondiarpet,0.45,Chennai
2023-11-02,2023,11,Puzhal,0.4,Chennai
2023-11-02,2023,11,Chennai nungambakkam,0.3,Chennai
2023-11-02,2023,11,Zone 08 Malar colony,0.3,Chennai
2023-11-02,2023,11,Zone 11 Valasaravakkam,0.3,Chennai
2023-11-02,2023,11,Royapuram,0.2,Chennai
2023-11-02,2023,11,Anna Nagar,0.2,Chennai
2023-11-03,2023,11,Zone 09 Teynampet,33.9,Chennai
2023-11-03,2023,11,Zone 10 Kodambakkam,32.7,Chennai
2023-11-03,2023,11,Zone 02 Manali,31.2,Chennai
2023-11-03,2023,11,Zone 08 Anna Nagar,27.9,Chennai
2023-11-03,2023,11,Zone 12 Alandhur,26.1,Chennai
2023-11-03,2023,11,Zone 03 Puzhal,25.2,Chennai
2023-11-03,2023,11,Chennai nungambakkam,22.1,Chennai
2023-11-03,2023,11,Zone 15 Uthandi,19.2,Chennai
2023-11-03,2023,11,Zone 11 Valasaravakkam,16.2,Chennai
2023-11-03,2023,11,Zone 01 Kathivakkam,15.6,Chennai
2023-11-03,2023,11,Zone 11 U32 Maduravoyal,15.0,Chennai
2023-11-03,2023,11,Zone 02 D15 Manali,14.55,Chennai
2023-11-03,2023,11,Zone 15 Sholinganallur,14.4,Chennai
2023-11-03,2023,11,Zone 13 Adyar Eco Park,13.8,Chennai
2023-11-03,2023,11,Zone 05 GCC,13.2,Chennai
2023-11-03,2023,11,Zone 12 Meenambakkam,12.9,Chennai
2023-11-03,2023,11,DGP Office,12.8,Chennai
2023-11-03,2023,11,Zone 03 Madhavaram,12.3,Chennai
2023-11-03,2023,11,Zone 09 Ice House,12.15,Chennai
2023-11-03,2023,11,Zone 14 Perungudi,12.0,Chennai
2023-11-03,2023,11,Alandur,11.4,Chennai
2023-11-03,2023,11,Teynampet,10.6,Chennai
2023-11-03,2023,11,Ambathur,10.0,Chennai
2023-11-03,2023,11,Zone 12 D156 Mugalivakkam,9.0,Chennai
2023-11-03,2023,11,Zone 06 T.V.K Nagar,8.7,Chennai
2023-11-03,2023,11,Gov hr sec school MGR Nagar,8.4,Chennai
2023-11-03,2023,11,Puzhal,8.4,Chennai
2023-11-03,2023,11,Zone 13 U39 Adyar,8.1,Chennai
2023-11-03,2023,11,Zone 06 D65 Kolathur,7.5,Chennai
2023-11-03,2023,11,Zone 04 Tondiarpet,7.05,Chennai
2023-11-03,2023,11,Zone 08 Malar colony,6.9,Chennai
2023-11-03,2023,11,Anna university,6.8,Chennai
2023-11-03,2023,11,Zone 13 Adyar,6.6,Chennai
2023-11-03,2023,11,CD Hospital Tondiarpet,6.4,Chennai
2023-11-03,2023,11,Zone 07 U18 D81 Vanagaram,6.3,Chennai
2023-11-03,2023,11,Sholinganallur,6.2,Chennai
2023-11-03,2023,11,Ayanavaram taluk office,6.0,Chennai
2023-11-03,2023,11,Ambattur,5.6,Chennai
2023-11-03,2023,11,Thiru-Vi-Ka Nagar,5.4,Chennai
2023-11-03,2023,11,Adyar,5.4,Chennai
2023-11-03,2023,11,Perambur Corporation park,5.3,Chennai
2023-11-03,2023,11,Chennai collectorate building,5.0,Chennai
2023-11-03,2023,11,Zone 05 Royapuram,4.05,Chennai
2023-11-03,2023,11,Manali,3.6,Chennai
2023-11-03,2023,11,Zone 01 Thiruvottiyur,2.55,Chennai
2023-11-03,2023,11,Zone 14 U41 Perungudi,1.8,Chennai
2023-11-03,2023,11,Zone 07 Ambattur,1.5,Chennai
2023-11-03,2023,11,Thiruvottiyur,0.8,Chennai
2023-11-03,2023,11,Madhavaram,0.6,Chennai
2023-11-03,2023,11,Royapuram,0.2,Chennai
2023-11-04,2023,11,Zone 12 Alandhur,119.1,Chennai
2023-11-04,2023,11,Zone 03 Puzhal,111.3,Chennai
2023-11-04,2023,11,Zone 12 Meenambakkam,89.7,Chennai
2023-11-04,2023,11,Alandur,86.6,Chennai
2023-11-04,2023,11,Zone 13 U39 Adyar,72.6,Chennai
2023-11-04,2023,11,Zone 06 D65 Kolathur,70.2,Chennai
2023-11-04,2023,11,Zone 14 Perungudi,70.2,Chennai
2023-11-04,2023,11,Madhavaram,59.6,Chennai
2023-11-04,2023,11,Adyar,58.0,Chennai
2023-11-04,2023,11,Zone 02 Manali,49.2,Chennai
2023-11-04,2023,11,Zone 14 U41 Perungudi,47.1,Chennai
2023-11-04,2023,11,Zone 08 Anna Nagar,46.8,Chennai
2023-11-04,2023,11,Zone 06 T.V.K Nagar,44.7,Chennai
2023-11-04,2023,11,Zone 04 Tondiarpet,44.1,Chennai
2023-11-04,2023,11,Zone 08 Malar colony,44.1,Chennai
2023-11-04,2023,11,Puzhal,44.0,Chennai
2023-11-04,2023,11,Ambattur,43.6,Chennai
2023-11-04,2023,11,Zone 11 U32 Maduravoyal,41.1,Chennai
2023-11-04,2023,11,Perungudi,41.0,Chennai
2023-11-04,2023,11,CD Hospital Tondiarpet,40.0,Chennai
2023-11-04,2023,11,Zone 07 Ambattur,39.9,Chennai
2023-11-04,2023,11,Chennai collectorate building,35.0,Chennai
2023-11-04,2023,11,Zone 01 Thiruvottiyur,34.2,Chennai
2023-11-04,2023,11,Zone 07 U18 D81 Vanagaram,33.3,Chennai
2023-11-04,2023,11,Zone 09 Teynampet,33.3,Chennai
2023-11-04,2023,11,Zone 05 Royapuram,32.55,Chennai
2023-11-04,2023,11,Ayanavaram taluk office,32.0,Chennai
2023-11-04,2023,11,Zone 10 Kodambakkam,30.9,Chennai
2023-11-04,2023,11,Zone 13 Adyar Eco Park,30.75,Chennai
2023-11-04,2023,11,Zone 13 Adyar,28.2,Chennai
2023-11-04,2023,11,Zone 05 GCC,28.0,Chennai
2023-11-04,2023,11,Perambur Corporation park,25.3,Chennai
2023-11-04,2023,11,Anna university,24.6,Chennai
2023-11-04,2023,11,Zone 11 Valasaravakkam,23.4,Chennai
2023-11-04,2023,11,Zone 01 Kathivakkam,23.1,Chennai
2023-11-04,2023,11,Zone 03 Madhavaram,23.1,Chennai
2023-11-04,2023,11,Zone 09 Ice House,22.8,Chennai
2023-11-04,2023,11,Zone 12 D156 Mugalivakkam,22.2,Chennai
2023-11-04,2023,11,Ambathur,20.0,Chennai
2023-11-04,2023,11,Gov hr sec school MGR Nagar,19.8,Chennai
2023-11-04,2023,11,Sholinganallur,19.7,Chennai
2023-11-04,2023,11,Zone 15 Uthandi,19.5,Chennai
2023-11-04,2023,11,Tondairpet,18.4,Chennai
2023-11-04,2023,11,Kodambakkam,17.2,Chennai
2023-11-04,2023,11,Zone 15 Sholinganallur,16.8,Chennai
2023-11-04,2023,11,Chennai nungambakkam,16.2,Chennai
2023-11-04,2023,11,Thiru-Vi-Ka Nagar,14.8,Chennai
2023-11-04,2023,11,DGP Office,12.6,Chennai
2023-11-04,2023,11,Anna Nagar,11.6,Chennai
2023-11-04,2023,11,Sholinganallur,4.2,Chennai
2023-11-04,2023,11,Zone 02 D15 Manali,3.45,Chennai
2023-11-04,2023,11,Valasaravakkam,2.4,Chennai
2023-11-05,2023,11,CD Hospital Tondiarpet,43.2,Chennai
2023-11-05,2023,11,Ayanavaram taluk office,31.0,Chennai
2023-11-05,2023,11,Perambur Corporation park,26.1,Chennai
2023-11-05,2023,11,Chennai collectorate building,22.4,Chennai
2023-11-05,2023,11,Sholinganallur,22.0,Chennai
2023-11-05,2023,11,Anna university,20.4,Chennai
2023-11-05,2023,11,Ambathur,20.0,Chennai
2023-11-05,2023,11,Royapuram,16.4,Chennai
2023-11-05,2023,11,Zone 01 Kathivakkam,14.7,Chennai
2023-11-05,2023,11,DGP Office,12.8,Chennai
2023-11-05,2023,11,Zone 02 D15 Manali,11.25,Chennai
2023-11-05,2023,11,Zone 02 Manali,10.2,Chennai
2023-11-05,2023,11,Zone 04 Tondiarpet,9.45,Chennai
2023-11-05,2023,11,Zone 14 U41 Perungudi,8.7,Chennai
2023-11-05,2023,11,Zone 15 Uthandi,7.95,Chennai
2023-11-05,2023,11,Gov hr sec school MGR Nagar,7.4,Chennai
2023-11-05,2023,11,Zone 03 Madhavaram,6.3,Chennai
2023-11-05,2023,11,Perungudi,6.2,Chennai
2023-11-05,2023,11,Zone 03 Puzhal,4.2,Chennai
2023-11-05,2023,11,Zone 14 Perungudi,3.6,Chennai
2023-11-05,2023,11,Manali,2.6,Chennai
2023-11-05,2023,11,Zone 13 U39 Adyar,2.4,Chennai
2023-11-05,2023,11,Zone 15 Sholinganallur,2.4,Chennai
2023-11-05,2023,11,Zone 06 D65 Kolathur,2.1,Chennai
2023-11-05,2023,11,Zone 08 Anna Nagar,2.1,Chennai
2023-11-05,2023,11,Zone 09 Teynampet,2.1,Chennai
2023-11-05,2023,11,Zone 06 T.V.K Nagar,1.8,Chennai
2023-11-05,2023,11,Zone 05 GCC,1.2,Chennai
2023-11-05,2023,11,Zone 09 Ice House,0.9,Chennai
2023-11-05,2023,11,Zone 10 Kodambakkam,0.9,Chennai
2023-11-05,2023,11,Teynampet,0.8,Chennai
2023-11-05,2023,11,Puzhal,0.8,Chennai
2023-11-05,2023,11,Zone 13 Adyar Eco Park,0.75,Chennai
2023-11-05,2023,11,Alandur,0.6,Chennai
2023-11-05,2023,11,Kodambakkam,0.6,Chennai
2023-11-05,2023,11,Zone 08 Malar colony,0.6,Chennai
2023-11-05,2023,11,Zone 12 Alandhur,0.6,Chennai
2023-11-05,2023,11,Zone 13 Adyar,0.6,Chennai
2023-11-05,2023,11,Chennai nungambakkam,0.5,Chennai
2023-11-05,2023,11,Adyar,0.4,Chennai
2023-11-05,2023,11,Zone 11 Valasaravakkam,0.3,Chennai
2023-11-05,2023,11,Zone 12 D156 Mugalivakkam,0.3,Chennai
2023-11-05,2023,11,Zone 05 Royapuram,0.15,Chennai
2023-11-05,2023,11,Zone 07 U18 D81 Vanagaram,0.15,Chennai
2023-11-06,2023,11,Zone 02 Manali,24.0,Chennai
2023-11-06,2023,11,Manali,11.4,Chennai
2023-11-06,2023,11,Puzhal,10.4,Chennai
2023-11-06,2023,11,Zone 03 Puzhal,6.6,Chennai
2023-11-06,2023,11,Ambathur,6.0,Chennai
2023-11-06,2023,11,Zone 08 Malar colony,5.4,Chennai
2023-11-06,2023,11,Zone 02 D15 Manali,4.2,Chennai
2023-11-06,2023,11,CD Hospital Tondiarpet,3.6,Chennai
2023-11-06,2023,11,Zone 06 D65 Kolathur,3.6,Chennai
2023-11-06,2023,11,Chennai nungambakkam,3.5,Chennai
2023-11-06,2023,11,Zone 04 Tondiarpet,3.3,Chennai
2023-11-06,2023,11,Perambur Corporation park,3.1,Chennai
2023-11-06,2023,11,Ayanavaram taluk office,3.0,Chennai
2023-11-06,2023,11,Zone 06 T.V.K Nagar,3.0,Chennai
2023-11-06,2023,11,Zone 05 Royapuram,2.1,Chennai
2023-11-06,2023,11,Chennai collectorate building,1.6,Chennai
2023-11-06,2023,11,Zone 03 Madhavaram,1.2,Chennai
2023-11-06,2023,11,Zone 08 Anna Nagar,0.9,Chennai
2023-11-06,2023,11,Zone 15 Uthandi,0.75,Chennai
2023-11-06,2023,11,Zone 01 Thiruvottiyur,0.45,Chennai
2023-11-06,2023,11,Gov hr sec school MGR Nagar,0.4,Chennai
2023-11-06,2023,11,Thiruvottiyur,0.4,Chennai
2023-11-06,2023,11,Zone 13 Adyar Eco Park,0.3,Chennai
2023-11-06,2023,11,Zone 14 Perungudi,0.3,Chennai
2023-11-06,2023,11,Zone 05 GCC,0.2,Chennai
2023-11-07,2023,11,Zone 13 Adyar,49.2,Chennai
2023-11-07,2023,11,Adyar,42.4,Chennai
2023-11-07,2023,11,Zone 10 Kodambakkam,34.5,Chennai
2023-11-07,2023,11,Teynampet,26.0,Chennai
2023-11-07,2023,11,Zone 01 Thiruvottiyur,19.05,Chennai
2023-11-07,2023,11,Zone 01 Kathivakkam,18.3,Chennai
2023-11-07,2023,11,Zone 13 Adyar Eco Park,17.85,Chennai
2023-11-07,2023,11,Zone 15 Sholinganallur,17.7,Chennai
2023-11-07,2023,11,Zone 04 Tondiarpet,15.0,Chennai
2023-11-07,2023,11,Zone 15 Uthandi,12.75,Chennai
2023-11-07,2023,11,Zone 09 Ice House,11.4,Chennai
2023-11-07,2023,11,Gov hr sec school MGR Nagar,10.6,Chennai
2023-11-07,2023,11,Zone 12 Alandhur,10.2,Chennai
2023-11-07,2023,11,Zone 14 U41 Perungudi,9.6,Chennai
2023-11-07,2023,11,Zone 09 Teynampet,9.0,Chennai
2023-11-07,2023,11,Zone 13 U39 Adyar,8.4,Chennai
2023-11-07,2023,11,Zone 02 D15 Manali,8.25,Chennai
2023-11-07,2023,11,Chennai collectorate building,6.0,Chennai
2023-11-07,2023,11,Zone 12 D156 Mugalivakkam,5.7,Chennai
2023-11-07,2023,11,Zone 05 Royapuram,5.55,Chennai
2023-11-07,2023,11,Perungudi,5.2,Chennai
2023-11-07,2023,11,Zone 05 GCC,5.0,Chennai
2023-11-07,2023,11,Kodambakkam,4.6,Chennai
2023-11-07,2023,11,Tondairpet,4.4,Chennai
2023-11-07,2023,11,Ayanavaram taluk office,4.0,Chennai
2023-11-07,2023,11,Anna university,3.8,Chennai
2023-11-07,2023,11,Chennai nungambakkam,3.2,Chennai
2023-11-07,2023,11,Perambur Corporation park,3.2,Chennai
2023-11-07,2023,11,Zone 11 U32 Maduravoyal,3.0,Chennai
2023-11-07,2023,11,Zone 08 Anna Nagar,2.7,Chennai
2023-11-07,2023,11,Zone 03 Puzhal,2.4,Chennai
2023-11-07,2023,11,Zone 11 Valasaravakkam,2.4,Chennai
2023-11-07,2023,11,Zone 02 Manali,2.25,Chennai
2023-11-07,2023,11,CD Hospital Tondiarpet,2.0,Chennai
2023-11-07,2023,11,Puzhal,2.0,Chennai
2023-11-07,2023,11,Zone 06 T.V.K Nagar,1.8,Chennai
2023-11-07,2023,11,Zone 03 Madhavaram,1.5,Chennai
2023-11-07,2023,11,Valasaravakkam,1.4,Chennai
2023-11-07,2023,11,Zone 14 Perungudi,1.2,Chennai
2023-11-07,2023,11,Zone 06 D65 Kolathur,0.9,Chennai
2023-11-07,2023,11,Manali,0.4,Chennai
2023-11-07,2023,11,Zone 07 Ambattur,0.3,Chennai
2023-11-07,2023,11,Zone 07 U18 D81 Vanagaram,0.3,Chennai
2023-11-07,2023,11,Madhavaram,0.2,Chennai
2023-11-07,2023,11,Royapuram,0.2,Chennai
2023-11-08,2023,11,Zone 01 Kathivakkam,41.4,Chennai
2023-11-08,2023,11,Zone 07 Ambattur,37.8,Chennai
2023-11-08,2023,11,Ambathur,30.0,Chennai
2023-11-08,2023,11,Zone 01 Thiruvottiyur,27.15,Chennai
2023-11-08,2023,11,Zone 04 Tondiarpet,23.1,Chennai
2023-11-08,2023,11,Chennai collectorate building,22.3,Chennai
2023-11-08,2023,11,Thiruvottiyur,21.2,Chennai
2023-11-08,2023,11,CD Hospital Tondiarpet,20.5,Chennai
2023-11-08,2023,11,Tondairpet,19.0,Chennai
2023-11-08,2023,11,Royapuram,18.4,Chennai
2023-11-08,2023,11,Zone 10 Kodambakkam,17.7,Chennai
2023-11-08,2023,11,Zone 05 Royapuram,17.4,Chennai
2023-11-08,2023,11,Zone 07 U18 D81 Vanagaram,16.35,Chennai
2023-11-08,2023,11,Zone 15 Uthandi,16.05,Chennai
2023-11-08,2023,11,Zone 13 Adyar Eco Park,15.6,Chennai
2023-11-08,2023,11,Zone 03 Puzhal,15.3,Chennai
2023-11-08,2023,11,Zone 02 Manali,13.35,Chennai
2023-11-08,2023,11,DGP Office,12.6,Chennai
2023-11-08,2023,11,Sholinganallur,10.4,Chennai
2023-11-08,2023,11,Zone 02 D15 Manali,10.35,Chennai
2023-11-08,2023,11,Zone 09 Ice House,10.35,Chennai
2023-11-08,2023,11,Zone 11 U32 Maduravoyal,9.9,Chennai
2023-11-08,2023,11,Chennai nungambakkam,9.6,Chennai
2023-11-08,2023,11,Perambur Corporation park,8.4,Chennai
2023-11-08,2023,11,Thiru-Vi-Ka Nagar,8.4,Chennai
2023-11-08,2023,11,Zone 13 Adyar,7.5,Chennai
2023-11-08,2023,11,Zone 06 D65 Kolathur,6.9,Chennai
2023-11-08,2023,11,Gov hr sec school MGR Nagar,6.8,Chennai
2023-11-08,2023,11,Puzhal,6.2,Chennai
2023-11-08,2023,11,Zone 03 Madhavaram,5.7,Chennai
2023-11-08,2023,11,Zone 08 Anna Nagar,5.7,Chennai
2023-11-08,2023,11,Zone 11 Valasaravakkam,5.7,Chennai
2023-11-08,2023,11,Zone 06 T.V.K Nagar,5.4,Chennai
2023-11-08,2023,11,Zone 09 Teynampet,5.4,Chennai
2023-11-08,2023,11,Teynampet,5.0,Chennai
2023-11-08,2023,11,Valasaravakkam,4.8,Chennai
2023-11-08,2023,11,Zone 12 D156 Mugalivakkam,4.5,Chennai
2023-11-08,2023,11,Anna university,4.2,Chennai
2023-11-08,2023,11,Anna Nagar,3.8,Chennai
2023-11-08,2023,11,Zone 15 Sholinganallur,3.6,Chennai
2023-11-08,2023,11,Zone 12 Alandhur,3.0,Chennai
2023-11-08,2023,11,Perungudi,2.6,Chennai
2023-11-08,2023,11,Kodambakkam,2.4,Chennai
2023-11-08,2023,11,Sholinganallur,2.4,Chennai
2023-11-08,2023,11,Alandur,2.0,Chennai
2023-11-08,2023,11,Manali,2.0,Chennai
2023-11-08,2023,11,Madhavaram,2.0,Chennai
2023-11-08,2023,11,Ambattur,1.8,Chennai
2023-11-08,2023,11,Zone 05 GCC,1.8,Chennai
2023-11-08,2023,11,Zone 14 U41 Perungudi,1.8,Chennai
2023-11-08,2023,11,Zone 08 Malar colony,1.5,Chennai
2023-11-08,2023,11,Zone 14 Perungudi,1.5,Chennai
2023-11-08,2023,11,Ayanavaram taluk office,1.0,Chennai
2023-11-08,2023,11,Zone 12 Meenambakkam,0.6,Chennai
2023-11-08,2023,11,Adyar,0.2,Chennai
2023-11-09,2023,11,Zone 11 U32 Maduravoyal,33.3,Chennai
2023-11-09,2023,11,Ambathur,20.0,Chennai
2023-11-09,2023,11,Ambattur,14.6,Chennai
2023-11-09,2023,11,Sholinganallur,6.4,Chennai
2023-11-09,2023,11,Valasaravakkam,5.6,Chennai
2023-11-09,2023,11,Zone 15 Sholinganallur,4.5,Chennai
2023-11-09,2023,11,Zone 07 Ambattur,3.9,Chennai
2023-11-09,2023,11,Anna Nagar,3.8,Chennai
2023-11-09,2023,11,Zone 08 Malar colony,3.3,Chennai
2023-11-09,2023,11,Zone 12 D156 Mugalivakkam,3.3,Chennai
2023-11-09,2023,11,Zone 11 Valasaravakkam,2.4,Chennai
2023-11-09,2023,11,Zone 01 Kathivakkam,2.1,Chennai
2023-11-09,2023,11,Zone 06 D65 Kolathur,2.1,Chennai
2023-11-09,2023,11,Zone 13 Adyar,1.8,Chennai
2023-11-09,2023,11,Zone 14 U41 Perungudi,1.8,Chennai
2023-11-09,2023,11,Puzhal,1.2,Chennai
2023-11-09,2023,11,Zone 02 Manali,1.2,Chennai
2023-11-09,2023,11,Zone 14 Perungudi,1.2,Chennai
2023-11-09,2023,11,Zone 03 Madhavaram,0.9,Chennai
2023-11-09,2023,11,Zone 10 Kodambakkam,0.9,Chennai
2023-11-09,2023,11,Adyar,0.8,Chennai
2023-11-09,2023,11,Zone 13 Adyar Eco Park,0.75,Chennai
2023-11-09,2023,11,Zone 09 Ice House,0.3,Chennai
2023-11-09,2023,11,Zone 09 Teynampet,0.3,Chennai
2023-11-09,2023,11,Zone 12 Meenambakkam,0.3,Chennai
2023-11-09,2023,11,Zone 13 U39 Adyar,0.3,Chennai
2023-11-09,2023,11,Royapuram,0.2,Chennai
2023-11-09,2023,11,Perungudi,0.2,Chennai
2023-11-09,2023,11,Zone 05 GCC,0.2,Chennai
2023-11-09,2023,11,Zone 07 U18 D81 Vanagaram,0.15,Chennai
2023-11-09,2023,11,Zone 15 Uthandi,0.15,Chennai
2023-11-10,2023,11,Zone 07 Ambattur,75.6,Chennai
2023-11-10,2023,11,Ambathur,60.0,Chennai
2023-11-10,2023,11,Zone 03 Puzhal,60.0,Chennai
2023-11-10,2023,11,Zone 06 T.V.K Nagar,52.5,Chennai
2023-11-10,2023,11,Zone 06 D65 Kolathur,48.0,Chennai
2023-11-10,2023,11,Zone 07 U18 D81 Vanagaram,48.0,Chennai
2023-11-10,2023,11,DGP Office,42.2,Chennai
2023-11-10,2023,11,Thiruvottiyur,39.8,Chennai
2023-11-10,2023,11,Zone 01 Kathivakkam,38.7,Chennai
2023-11-10,2023,11,Gov hr sec school MGR Nagar,37.8,Chennai
2023-11-10,2023,11,Zone 08 Malar colony,37.5,Chennai
2023-11-10,2023,11,Zone 03 Madhavaram,34.2,Chennai
2023-11-10,2023,11,Zone 02 D15 Manali,30.6,Chennai
2023-11-10,2023,11,Zone 12 Alandhur,28.8,Chennai
2023-11-10,2023,11,Anna university,28.4,Chennai
2023-11-10,2023,11,CD Hospital Tondiarpet,27.6,Chennai
2023-11-10,2023,11,Ambattur,27.4,Chennai
2023-11-10,2023,11,Zone 12 D156 Mugalivakkam,27.3,Chennai
2023-11-10,2023,11,Madhavaram,26.8,Chennai
2023-11-10,2023,11,Zone 09 Teynampet,26.1,Chennai
2023-11-10,2023,11,Kodambakkam,24.2,Chennai
2023-11-10,2023,11,Tondairpet,23.2,Chennai
2023-11-10,2023,11,Zone 09 Ice House,20.85,Chennai
2023-11-10,2023,11,Zone 02 Manali,20.7,Chennai
2023-11-10,2023,11,Anna Nagar,20.6,Chennai
2023-11-10,2023,11,Zone 11 U32 Maduravoyal,20.4,Chennai
2023-11-10,2023,11,Perambur Corporation park,20.3,Chennai
2023-11-10,2023,11,Zone 12 Meenambakkam,19.5,Chennai
2023-11-10,2023,11,Manali,19.2,Chennai
2023-11-10,2023,11,Alandur,18.8,Chennai
2023-11-10,2023,11,Teynampet,18.8,Chennai
2023-11-10,2023,11,Zone 10 Kodambakkam,18.3,Chennai
2023-11-10,2023,11,Zone 13 Adyar,18.3,Chennai
2023-11-10,2023,11,Ayanavaram taluk office,18.0,Chennai
2023-11-10,2023,11,Zone 08 Anna Nagar,15.6,Chennai
2023-11-10,2023,11,Zone 01 Thiruvottiyur,15.3,Chennai
2023-11-10,2023,11,Zone 14 Perungudi,14.4,Chennai
2023-11-10,2023,11,Sholinganallur,14.2,Chennai
2023-11-10,2023,11,Thiru-Vi-Ka Nagar,14.2,Chennai
2023-11-10,2023,11,Zone 15 Sholinganallur,13.2,Chennai
2023-11-10,2023,11,Zone 13 U39 Adyar,12.9,Chennai
2023-11-10,2023,11,Chennai nungambakkam,12.6,Chennai
2023-11-10,2023,11,Zone 13 Adyar Eco Park,12.45,Chennai
2023-11-10,2023,11,Chennai collectorate building,11.8,Chennai
2023-11-10,2023,11,Zone 11 Valasaravakkam,11.7,Chennai
2023-11-10,2023,11,Zone 04 Tondiarpet,10.8,Chennai
2023-11-10,2023,11,Zone 05 GCC,10.2,Chennai
2023-11-10,2023,11,Adyar,9.8,Chennai
2023-11-10,2023,11,Zone 05 Royapuram,9.0,Chennai
2023-11-10,2023,11,Royapuram,7.4,Chennai
2023-11-10,2023,11,Zone 15 Uthandi,6.3,Chennai
2023-11-10,2023,11,Valasaravakkam,6.2,Chennai
2023-11-10,2023,11,Zone 14 U41 Perungudi,5.4,Chennai
2023-11-10,2023,11,Sholinganallur,4.2,Chennai
2023-11-10,2023,11,Perungudi,2.0,Chennai
2023-11-10,2023,11,Puzhal,0.4,Chennai
2023-11-11,2023,11,Zone 07 Ambattur,8.1,Chennai
2023-11-11,2023,11,Teynampet,2.2,Chennai
2023-11-11,2023,11,Zone 03 Puzhal,0.3,Chennai
2023-11-11,2023,11,Zone 12 Meenambakkam,0.3,Chennai
2023-11-11,2023,11,Manali,0.2,Chennai
2023-11-11,2023,11,Madhavaram,0.2,Chennai
2023-11-11,2023,11,Royapuram,0.2,Chennai
2023-11-12,2023,11,Royapuram,0.2,Chennai
2023-11-13,2023,11,Royapuram,0.2,Chennai
2023-11-14,2023,11,Zone 15 Sholinganallur,43.2,Chennai
2023-11-14,2023,11,Zone 15 Uthandi,35.85,Chennai
2023-11-14,2023,11,Alandur,35.5,Chennai
2023-11-14,2023,11,Zone 12 Meenambakkam,35.1,Chennai
2023-11-14,2023,11,Sholinganallur,34.4,Chennai
2023-11-14,2023,11,Ambathur,30.0,Chennai
2023-11-14,2023,11,Zone 12 Alandhur,29.7,Chennai
2023-11-14,2023,11,Zone 14 Perungudi,29.4,Chennai
2023-11-14,2023,11,Zone 09 Teynampet,28.8,Chennai
2023-11-14,2023,11,Zone 13 Adyar,28.2,Chennai
2023-11-14,2023,11,Zone 10 Kodambakkam,27.6,Chennai
2023-11-14,2023,11,Gov hr sec school MGR Nagar,27.4,Chennai
2023-11-14,2023,11,Zone 14 U41 Perungudi,27.3,Chennai
2023-11-14,2023,11,Chennai nungambakkam,25.0,Chennai
2023-11-14,2023,11,Zone 13 U39 Adyar,24.6,Chennai
2023-11-14,2023,11,Anna university,24.4,Chennai
2023-11-14,2023,11,Zone 12 D156 Mugalivakkam,20.1,Chennai
2023-11-14,2023,11,Adyar,19.8,Chennai
2023-11-14,2023,11,Sholinganallur,19.8,Chennai
2023-11-14,2023,11,Zone 13 Adyar Eco Park,18.45,Chennai
2023-11-14,2023,11,DGP Office,18.4,Chennai
2023-11-14,2023,11,Perungudi,17.0,Chennai
2023-11-14,2023,11,Chennai collectorate building,16.0,Chennai
2023-11-14,2023,11,Zone 05 GCC,16.0,Chennai
2023-11-14,2023,11,Zone 08 Anna Nagar,15.0,Chennai
2023-11-14,2023,11,Zone 06 D65 Kolathur,14.7,Chennai
2023-11-14,2023,11,Zone 09 Ice House,14.55,Chennai
2023-11-14,2023,11,Zone 07 Ambattur,14.1,Chennai
2023-11-14,2023,11,Teynampet,13.6,Chennai
2023-11-14,2023,11,Zone 03 Puzhal,13.5,Chennai
2023-11-14,2023,11,Zone 01 Kathivakkam,12.0,Chennai
2023-11-14,2023,11,Zone 05 Royapuram,11.55,Chennai
2023-11-14,2023,11,Kodambakkam,11.4,Chennai
2023-11-14,2023,11,Zone 11 Valasaravakkam,11.4,Chennai
2023-11-14,2023,11,Zone 07 U18 D81 Vanagaram,11.25,Chennai
2023-11-14,2023,11,Zone 03 Madhavaram,11.1,Chennai
2023-11-14,2023,11,Zone 06 T.V.K Nagar,11.1,Chennai
2023-11-14,2023,11,Zone 11 U32 Maduravoyal,10.8,Chennai
2023-11-14,2023,11,Zone 02 Manali,10.65,Chennai
2023-11-14,2023,11,Royapuram,10.4,Chennai
2023-11-14,2023,11,Ayanavaram taluk office,10.0,Chennai
2023-11-14,2023,11,Valasaravakkam,9.2,Chennai
2023-11-14,2023,11,Zone 04 Tondiarpet,8.85,Chennai
2023-11-14,2023,11,Madhavaram,8.6,Chennai
2023-11-14,2023,11,Ambattur,8.6,Chennai
2023-11-14,2023,11,CD Hospital Tondiarpet,8.4,Chennai
2023-11-14,2023,11,Perambur Corporation park,8.3,Chennai
2023-11-14,2023,11,Zone 01 Thiruvottiyur,7.95,Chennai
2023-11-14,2023,11,Anna Nagar,7.6,Chennai
2023-11-14,2023,11,Tondairpet,6.6,Chennai
2023-11-14,2023,11,Thiru-Vi-Ka Nagar,6.6,Chennai
2023-11-14,2023,11,Zone 02 D15 Manali,5.7,Chennai
2023-11-14,2023,11,Thiruvottiyur,5.4,Chennai
2023-11-14,2023,11,Zone 08 Malar colony,3.9,Chennai
2023-11-14,2023,11,Manali,2.8,Chennai
2023-11-15,2023,11,DGP Office,120.4,Chennai
2023-11-15,2023,11,Ambathur,95.0,Chennai
2023-11-15,2023,11,Chennai collectorate building,94.0,Chennai
2023-11-15,2023,11,Zone 10 Kodambakkam,84.9,Chennai
2023-11-15,2023,11,Zone 01 Kathivakkam,84.3,Chennai
2023-11-15,2023,11,Sholinganallur,82.7,Chennai
2023-11-15,2023,11,Zone 12 Alandhur,78.0,Chennai
2023-11-15,2023,11,Zone 13 Adyar Eco Park,76.2,Chennai
2023-11-15,2023,11,Zone 08 Anna Nagar,71.1,Chennai
2023-11-15,2023,11,Chennai nungambakkam,70.7,Chennai
2023-11-15,2023,11,CD Hospital Tondiarpet,70.5,Chennai
2023-11-15,2023,11,Zone 06 T.V.K Nagar,70.2,Chennai
2023-11-15,2023,11,Zone 09 Teynampet,70.2,Chennai
2023-11-15,2023,11,Alandur,69.3,Chennai
2023-11-15,2023,11,Zone 14 U41 Perungudi,69.3,Chennai
2023-11-15,2023,11,Anna university,68.4,Chennai
2023-11-15,2023,11,Zone 13 Adyar,68.4,Chennai
2023-11-15,2023,11,Gov hr sec school MGR Nagar,67.4,Chennai
2023-11-15,2023,11,Perambur Corporation park,66.4,Chennai
2023-11-15,2023,11,Zone 15 Uthandi,65.4,Chennai
2023-11-15,2023,11,Kodambakkam,65.2,Chennai
2023-11-15,2023,11,Zone 06 D65 Kolathur,63.6,Chennai
2023-11-15,2023,11,Teynampet,63.4,Chennai
2023-11-15,2023,11,Zone 12 D156 Mugalivakkam,62.7,Chennai
2023-11-15,2023,11,Zone 15 Sholinganallur,61.8,Chennai
2023-11-15,2023,11,Zone 09 Ice House,59.4,Chennai
2023-11-15,2023,11,Zone 14 Perungudi,59.4,Chennai
2023-11-15,2023,11,Zone 03 Puzhal,58.5,Chennai
2023-11-15,2023,11,Ayanavaram taluk office,58.2,Chennai
2023-11-15,2023,11,Zone 04 Tondiarpet,55.5,Chennai
2023-11-15,2023,11,Zone 05 Royapuram,54.75,Chennai
2023-11-15,2023,11,Zone 11 U32 Maduravoyal,54.6,Chennai
2023-11-15,2023,11,Zone 11 Valasaravakkam,54.6,Chennai
2023-11-15,2023,11,Zone 01 Thiruvottiyur,54.3,Chennai
2023-11-15,2023,11,Royapuram,53.6,Chennai
2023-11-15,2023,11,Zone 03 Madhavaram,50.7,Chennai
2023-11-15,2023,11,Zone 12 Meenambakkam,50.4,Chennai
2023-11-15,2023,11,Tondairpet,50.0,Chennai
2023-11-15,2023,11,Sholinganallur,49.6,Chennai
2023-11-15,2023,11,Adyar,49.4,Chennai
2023-11-15,2023,11,Zone 08 Malar colony,48.6,Chennai
2023-11-15,2023,11,Zone 13 U39 Adyar,48.6,Chennai
2023-11-15,2023,11,Zone 02 D15 Manali,48.15,Chennai
2023-11-15,2023,11,Thiru-Vi-Ka Nagar,47.4,Chennai
2023-11-15,2023,11,Perungudi,46.6,Chennai
2023-11-15,2023,11,Madhavaram,45.2,Chennai
2023-11-15,2023,11,Zone 07 Ambattur,44.7,Chennai
2023-11-15,2023,11,Zone 02 Manali,44.4,Chennai
2023-11-15,2023,11,Valasaravakkam,43.0,Chennai
2023-11-15,2023,11,Anna Nagar,40.6,Chennai
2023-11-15,2023,11,Zone 07 U18 D81 Vanagaram,37.65,Chennai
2023-11-15,2023,11,Thiruvottiyur,36.0,Chennai
2023-11-15,2023,11,Zone 05 GCC,23.0,Chennai
2023-11-15,2023,11,Ambattur,5.2,Chennai
2023-11-15,2023,11,Puzhal,1.4,Chennai
2023-11-15,2023,11,Manali,0.4,Chennai
2023-11-16,2023,11,Chennai collectorate building,34.7,Chennai
2023-11-16,2023,11,Zone 08 Malar colony,34.2,Chennai
2023-11-16,2023,11,Sholinganallur,33.8,Chennai
2023-11-16,2023,11,Zone 06 T.V.K Nagar,33.0,Chennai
2023-11-16,2023,11,CD Hospital Tondiarpet,32.5,Chennai
2023-11-16,2023,11,Zone 01 Kathivakkam,27.0,Chennai
2023-11-16,2023,11,Zone 02 D15 Manali,24.3,Chennai
2023-11-16,2023,11,Anna Nagar,24.0,Chennai
2023-11-16,2023,11,Zone 06 D65 Kolathur,24.0,Chennai
2023-11-16,2023,11,Zone 03 Puzhal,23.7,Chennai
2023-11-16,2023,11,Zone 01 Thiruvottiyur,20.1,Chennai
2023-11-16,2023,11,Zone 03 Madhavaram,20.1,Chennai
2023-11-16,2023,11,DGP Office,19.5,Chennai
2023-11-16,2023,11,Zone 04 Tondiarpet,19.5,Chennai
2023-11-16,2023,11,Zone 02 Manali,18.9,Chennai
2023-11-16,2023,11,Zone 07 Ambattur,17.1,Chennai
2023-11-16,2023,11,Madhavaram,17.0,Chennai
2023-11-16,2023,11,Zone 15 Uthandi,16.95,Chennai
2023-11-16,2023,11,Ambattur,16.6,Chennai
2023-11-16,2023,11,Perambur Corporation park,16.2,Chennai
2023-11-16,2023,11,Zone 07 U18 D81 Vanagaram,15.6,Chennai
2023-11-16,2023,11,Zone 15 Sholinganallur,13.8,Chennai
2023-11-16,2023,11,Zone 13 Adyar Eco Park,13.5,Chennai
2023-11-16,2023,11,Zone 11 U32 Maduravoyal,13.2,Chennai
2023-11-16,2023,11,Ayanavaram taluk office,12.9,Chennai
2023-11-16,2023,11,Zone 08 Anna Nagar,12.9,Chennai
2023-11-16,2023,11,Tondairpet,12.8,Chennai
2023-11-16,2023,11,Sholinganallur,12.8,Chennai
2023-11-16,2023,11,Zone 05 Royapuram,12.75,Chennai
2023-11-16,2023,11,Anna university,12.6,Chennai
2023-11-16,2023,11,Zone 13 Adyar,12.6,Chennai
2023-11-16,2023,11,Thiruvottiyur,12.4,Chennai
2023-11-16,2023,11,Thiru-Vi-Ka Nagar,12.0,Chennai
2023-11-16,2023,11,Chennai nungambakkam,10.3,Chennai
2023-11-16,2023,11,Perungudi,10.2,Chennai
2023-11-16,2023,11,Adyar,9.6,Chennai
2023-11-16,2023,11,Zone 12 D156 Mugalivakkam,9.6,Chennai
2023-11-16,2023,11,Zone 14 U41 Perungudi,9.3,Chennai
2023-11-16,2023,11,Royapuram,8.8,Chennai
2023-11-16,2023,11,Zone 09 Ice House,7.95,Chennai
2023-11-16,2023,11,Zone 12 Alandhur,7.8,Chennai
2023-11-16,2023,11,Alandur,7.0,Chennai
2023-11-16,2023,11,Zone 09 Teynampet,6.9,Chennai
2023-11-16,2023,11,Zone 11 Valasaravakkam,6.6,Chennai
2023-11-16,2023,11,Teynampet,6.4,Chennai
2023-11-16,2023,11,Valasaravakkam,6.4,Chennai
2023-11-16,2023,11,Zone 13 U39 Adyar,6.0,Chennai
2023-11-16,2023,11,Ambathur,5.8,Chennai
2023-11-16,2023,11,Zone 10 Kodambakkam,5.7,Chennai
2023-11-16,2023,11,Zone 14 Perungudi,5.7,Chennai
2023-11-16,2023,11,Gov hr sec school MGR Nagar,5.0,Chennai
2023-11-16,2023,11,Zone 05 GCC,4.8,Chennai
2023-11-16,2023,11,Kodambakkam,4.0,Chennai
2023-11-16,2023,11,Manali,3.2,Chennai
2023-11-16,2023,11,Zone 12 Meenambakkam,3.0,Chennai
2023-11-16,2023,11,Puzhal,0.8,Chennai
2023-11-17,2023,11,Puzhal,0.4,Chennai
2023-11-17,2023,11,Zone 03 Puzhal,0.3,Chennai
2023-11-17,2023,11,Zone 08 Anna Nagar,0.3,Chennai
2023-11-17,2023,11,Zone 08 Malar colony,0.3,Chennai
2023-11-17,2023,11,Adyar,0.2,Chennai
2023-11-17,2023,11,Sholinganallur,0.2,Chennai
2023-11-18,2023,11,Zone 15 Uthandi,2.85,Chennai
2023-11-18,2023,11,Zone 15 Sholinganallur,2.1,Chennai
2023-11-18,2023,11,Sholinganallur,1.8,Chennai
2023-11-18,2023,11,Sholinganallur,0.5,Chennai
2023-11-18,2023,11,Zone 11 Valasaravakkam,0.3,Chennai
2023-11-18,2023,11,Chennai nungambakkam,0.2,Chennai
2023-11-18,2023,11,Tondairpet,0.2,Chennai
2023-11-18,2023,11,Royapuram,0.2,Chennai
2023-11-18,2023,11,Valasaravakkam,0.2,Chennai
2023-11-19,2023,11,Zone 12 D156 Mugalivakkam,0.3,Chennai
2023-11-20,2023,11,Zone 08 Malar colony,19.2,Chennai
2023-11-20,2023,11,Zone 12 D156 Mugalivakkam,10.2,Chennai
2023-11-20,2023,11,Ambathur,10.0,Chennai
2023-11-20,2023,11,Gov hr sec school MGR Nagar,9.2,Chennai
2023-11-20,2023,11,Zone 09 Teynampet,7.5,Chennai
2023-11-20,2023,11,Zone 06 T.V.K Nagar,5.7,Chennai
2023-11-20,2023,11,Zone 08 Anna Nagar,5.7,Chennai
2023-11-20,2023,11,Zone 06 D65 Kolathur,5.4,Chennai
2023-11-20,2023,11,Zone 05 Royapuram,5.25,Chennai
2023-11-20,2023,11,Zone 12 Meenambakkam,5.1,Chennai
2023-11-20,2023,11,Zone 10 Kodambakkam,4.5,Chennai
2023-11-20,2023,11,Zone 11 Valasaravakkam,4.5,Chennai
2023-11-20,2023,11,Zone 12 Alandhur,4.5,Chennai
2023-11-20,2023,11,Alandur,3.4,Chennai
2023-11-20,2023,11,Zone 11 U32 Maduravoyal,3.3,Chennai
2023-11-20,2023,11,Manali,3.2,Chennai
2023-11-20,2023,11,Perambur Corporation park,3.1,Chennai
2023-11-20,2023,11,Zone 02 Manali,3.0,Chennai
2023-11-20,2023,11,Chennai nungambakkam,2.6,Chennai
2023-11-20,2023,11,Zone 07 Ambattur,2.4,Chennai
2023-11-20,2023,11,DGP Office,2.3,Chennai
2023-11-20,2023,11,Tondairpet,2.2,Chennai
2023-11-20,2023,11,Zone 04 Tondiarpet,2.1,Chennai
2023-11-20,2023,11,Ayanavaram taluk office,2.0,Chennai
2023-11-20,2023,11,Zone 02 D15 Manali,1.95,Chennai
2023-11-20,2023,11,Zone 07 U18 D81 Vanagaram,1.95,Chennai
2023-11-20,2023,11,Zone 03 Madhavaram,1.8,Chennai
2023-11-20,2023,11,Zone 09 Ice House,1.65,Chennai
2023-11-20,2023,11,Zone 14 U41 Perungudi,1.5,Chennai
2023-11-20,2023,11,Madhavaram,1.4,Chennai
2023-11-20,2023,11,Anna university,1.2,Chennai
2023-11-20,2023,11,Sholinganallur,0.6,Chennai
2023-11-20,2023,11,Zone 01 Kathivakkam,0.6,Chennai
2023-11-20,2023,11,Zone 03 Puzhal,0.6,Chennai
2023-11-20,2023,11,Teynampet,0.4,Chennai
2023-11-20,2023,11,Perungudi,0.4,Chennai
2023-11-20,2023,11,Puzhal,0.4,Chennai
2023-11-20,2023,11,Zone 01 Thiruvottiyur,0.3,Chennai
2023-11-20,2023,11,Anna Nagar,0.2,Chennai
2023-11-20,2023,11,Zone 05 GCC,0.2,Chennai
2023-11-20,2023,11,Zone 13 Adyar Eco Park,0.15,Chennai
2023-11-20,2023,11,Zone 15 Uthandi,0.15,Chennai
2023-11-21,2023,11,DGP Office,90.2,Chennai
2023-11-21,2023,11,Chennai collectorate building,83.2,Chennai
2023-11-21,2023,11,Tondairpet,78.4,Chennai
2023-11-21,2023,11,CD Hospital Tondiarpet,73.6,Chennai
2023-11-21,2023,11,Zone 04 Tondiarpet,70.8,Chennai
2023-11-21,2023,11,Royapuram,70.6,Chennai
2023-11-21,2023,11,Ayanavaram taluk office,67.0,Chennai
2023-11-21,2023,11,Zone 05 Royapuram,65.7,Chennai
2023-11-21,2023,11,Anna university,64.6,Chennai
2023-11-21,2023,11,Chennai nungambakkam,64.5,Chennai
2023-11-21,2023,11,Zone 02 Manali,64.05,Chennai
2023-11-21,2023,11,Zone 09 Ice House,62.55,Chennai
2023-11-21,2023,11,Perambur Corporation park,60.2,Chennai
2023-11-21,2023,11,Sholinganallur,57.4,Chennai
2023-11-21,2023,11,Zone 08 Anna Nagar,56.1,Chennai
2023-11-21,2023,11,Zone 01 Thiruvottiyur,54.75,Chennai
2023-11-21,2023,11,Zone 06 T.V.K Nagar,54.0,Chennai
2023-11-21,2023,11,Thiru-Vi-Ka Nagar,51.0,Chennai
2023-11-21,2023,11,Zone 01 Kathivakkam,48.0,Chennai
2023-11-21,2023,11,Zone 02 D15 Manali,46.65,Chennai
2023-11-21,2023,11,Zone 09 Teynampet,45.9,Chennai
2023-11-21,2023,11,Zone 05 GCC,44.6,Chennai
2023-11-21,2023,11,Zone 06 D65 Kolathur,44.4,Chennai
2023-11-21,2023,11,Zone 08 Malar colony,44.4,Chennai
2023-11-21,2023,11,Ambathur,44.0,Chennai
2023-11-21,2023,11,Thiruvottiyur,44.0,Chennai
2023-11-21,2023,11,Madhavaram,35.2,Chennai
2023-11-21,2023,11,Anna Nagar,34.8,Chennai
2023-11-21,2023,11,Zone 15 Uthandi,34.8,Chennai
2023-11-21,2023,11,Zone 03 Puzhal,33.9,Chennai
2023-11-21,2023,11,Teynampet,33.0,Chennai
2023-11-21,2023,11,Zone 13 Adyar Eco Park,31.95,Chennai
2023-11-21,2023,11,Zone 07 Ambattur,30.0,Chennai
2023-11-21,2023,11,Zone 11 Valasaravakkam,29.7,Chennai
2023-11-21,2023,11,Zone 11 U32 Maduravoyal,29.4,Chennai
2023-11-21,2023,11,Ambattur,27.4,Chennai
2023-11-21,2023,11,Zone 15 Sholinganallur,27.3,Chennai
2023-11-21,2023,11,Sholinganallur,25.2,Chennai
2023-11-21,2023,11,Zone 13 Adyar,25.2,Chennai
2023-11-21,2023,11,Zone 07 U18 D81 Vanagaram,25.05,Chennai
2023-11-21,2023,11,Zone 10 Kodambakkam,24.6,Chennai
2023-11-21,2023,11,Valasaravakkam,24.4,Chennai
2023-11-21,2023,11,Zone 14 U41 Perungudi,24.3,Chennai
2023-11-21,2023,11,Perungudi,23.8,Chennai
2023-11-21,2023,11,Zone 03 Madhavaram,23.7,Chennai
2023-11-21,2023,11,Zone 12 Alandhur,22.8,Chennai
2023-11-21,2023,11,Zone 13 U39 Adyar,21.6,Chennai
2023-11-21,2023,11,Kodambakkam,20.8,Chennai
2023-11-21,2023,11,Zone 12 D156 Mugalivakkam,20.7,Chennai
2023-11-21,2023,11,Adyar,20.0,Chennai
2023-11-21,2023,11,Alandur,19.3,Chennai
2023-11-21,2023,11,Gov hr sec school MGR Nagar,17.6,Chennai
2023-11-21,2023,11,Zone 12 Meenambakkam,15.3,Chennai
2023-11-21,2023,11,Manali,4.0,Chennai
2023-11-21,2023,11,Zone 14 Perungudi,3.0,Chennai
2023-11-21,2023,11,Puzhal,1.4,Chennai
2023-11-22,2023,11,Zone 04 Tondiarpet,70.8,Chennai
2023-11-22,2023,11,Zone 01 Kathivakkam,67.8,Chennai
2023-11-22,2023,11,Zone 05 Royapuram,66.45,Chennai
2023-11-22,2023,11,Zone 06 T.V.K Nagar,63.0,Chennai
2023-11-22,2023,11,Zone 03 Madhavaram,54.3,Chennai
2023-11-22,2023,11,Tondairpet,54.2,Chennai
2023-11-22,2023,11,Ambathur,53.0,Chennai
2023-11-22,2023,11,DGP Office,50.2,Chennai
2023-11-22,2023,11,Zone 08 Malar colony,48.3,Chennai
2023-11-22,2023,11,Thiru-Vi-Ka Nagar,46.2,Chennai
2023-11-22,2023,11,Royapuram,44.8,Chennai
2023-11-22,2023,11,Perambur Corporation park,44.6,Chennai
2023-11-22,2023,11,Zone 09 Teynampet,44.1,Chennai
2023-11-22,2023,11,Ayanavaram taluk office,41.7,Chennai
2023-11-22,2023,11,Chennai collectorate building,41.6,Chennai
2023-11-22,2023,11,Madhavaram,40.4,Chennai
2023-11-22,2023,11,Sholinganallur,40.3,Chennai
2023-11-22,2023,11,Zone 08 Anna Nagar,37.8,Chennai
2023-11-22,2023,11,Chennai nungambakkam,37.7,Chennai
2023-11-22,2023,11,CD Hospital Tondiarpet,37.5,Chennai
2023-11-22,2023,11,Anna Nagar,35.4,Chennai
2023-11-22,2023,11,Zone 06 D65 Kolathur,34.8,Chennai
2023-11-22,2023,11,Zone 02 Manali,34.2,Chennai
2023-11-22,2023,11,Teynampet,32.4,Chennai
2023-11-22,2023,11,Zone 01 Thiruvottiyur,32.1,Chennai
2023-11-22,2023,11,Zone 03 Puzhal,30.9,Chennai
2023-11-22,2023,11,Zone 15 Uthandi,30.9,Chennai
2023-11-22,2023,11,Zone 02 D15 Manali,30.0,Chennai
2023-11-22,2023,11,Zone 13 Adyar Eco Park,29.85,Chennai
2023-11-22,2023,11,Zone 13 Adyar,29.1,Chennai
2023-11-22,2023,11,Zone 05 GCC,28.6,Chennai
2023-11-22,2023,11,Kodambakkam,26.8,Chennai
2023-11-22,2023,11,Sholinganallur,26.4,Chennai
2023-11-22,2023,11,Zone 15 Sholinganallur,26.4,Chennai
2023-11-22,2023,11,Zone 14 U41 Perungudi,24.3,Chennai
2023-11-22,2023,11,Thiruvottiyur,23.4,Chennai
2023-11-22,2023,11,Ambattur,22.6,Chennai
2023-11-22,2023,11,Zone 12 Alandhur,21.3,Chennai
2023-11-22,2023,11,Zone 12 Meenambakkam,21.0,Chennai
2023-11-22,2023,11,Zone 10 Kodambakkam,20.7,Chennai
2023-11-22,2023,11,Zone 13 U39 Adyar,19.8,Chennai
2023-11-22,2023,11,Gov hr sec school MGR Nagar,19.0,Chennai
2023-11-22,2023,11,Zone 11 Valasaravakkam,18.0,Chennai
2023-11-22,2023,11,Zone 11 U32 Maduravoyal,17.1,Chennai
2023-11-22,2023,11,Zone 14 Perungudi,16.5,Chennai
2023-11-22,2023,11,Adyar,16.0,Chennai
2023-11-22,2023,11,Perungudi,15.6,Chennai
2023-11-22,2023,11,Alandur,15.3,Chennai
2023-11-22,2023,11,Zone 07 Ambattur,12.9,Chennai
2023-11-22,2023,11,Zone 12 D156 Mugalivakkam,12.6,Chennai
2023-11-22,2023,11,Anna university,12.4,Chennai
2023-11-22,2023,11,Valasaravakkam,12.4,Chennai
2023-11-22,2023,11,Zone 09 Ice House,9.15,Chennai
2023-11-22,2023,11,Zone 07 U18 D81 Vanagaram,8.4,Chennai
2023-11-22,2023,11,Puzhal,0.6,Chennai
2023-11-23,2023,11,Ambathur,46.0,Chennai
2023-11-23,2023,11,Chennai collectorate building,43.3,Chennai
2023-11-23,2023,11,Zone 01 Kathivakkam,39.3,Chennai
2023-11-23,2023,11,Zone 03 Puzhal,36.6,Chennai
2023-11-23,2023,11,Royapuram,32.6,Chennai
2023-11-23,2023,11,Zone 15 Uthandi,32.25,Chennai
2023-11-23,2023,11,Zone 02 Manali,27.9,Chennai
2023-11-23,2023,11,Perambur Corporation park,26.6,Chennai
2023-11-23,2023,11,Zone 15 Sholinganallur,25.8,Chennai
2023-11-23,2023,11,Sholinganallur,25.7,Chennai
2023-11-23,2023,11,Zone 06 D65 Kolathur,24.3,Chennai
2023-11-23,2023,11,Ayanavaram taluk office,23.9,Chennai
2023-11-23,2023,11,Zone 08 Anna Nagar,23.7,Chennai
2023-11-23,2023,11,Chennai nungambakkam,23.2,Chennai
2023-11-23,2023,11,Zone 10 Kodambakkam,22.5,Chennai
2023-11-23,2023,11,Sholinganallur,22.4,Chennai
2023-11-23,2023,11,Zone 05 GCC,22.4,Chennai
2023-11-23,2023,11,Anna university,21.6,Chennai
2023-11-23,2023,11,Zone 06 T.V.K Nagar,21.0,Chennai
2023-11-23,2023,11,Madhavaram,20.2,Chennai
2023-11-23,2023,11,Thiru-Vi-Ka Nagar,18.4,Chennai
2023-11-23,2023,11,Zone 11 Valasaravakkam,18.3,Chennai
2023-11-23,2023,11,Zone 05 Royapuram,17.7,Chennai
2023-11-23,2023,11,Zone 03 Madhavaram,17.4,Chennai
2023-11-23,2023,11,Gov hr sec school MGR Nagar,16.8,Chennai
2023-11-23,2023,11,DGP Office,16.2,Chennai
2023-11-23,2023,11,Zone 08 Malar colony,16.2,Chennai
2023-11-23,2023,11,Tondairpet,15.8,Chennai
2023-11-23,2023,11,Zone 09 Teynampet,15.6,Chennai
2023-11-23,2023,11,Zone 14 U41 Perungudi,15.3,Chennai
2023-11-23,2023,11,Zone 13 Adyar,13.8,Chennai
2023-11-23,2023,11,Zone 07 U18 D81 Vanagaram,13.5,Chennai
2023-11-23,2023,11,Zone 02 D15 Manali,12.3,Chennai
2023-11-23,2023,11,Zone 11 U32 Maduravoyal,12.3,Chennai
2023-11-23,2023,11,Zone 12 Alandhur,11.7,Chennai
2023-11-23,2023,11,Zone 07 Ambattur,10.8,Chennai
2023-11-23,2023,11,CD Hospital Tondiarpet,10.4,Chennai
2023-11-23,2023,11,Zone 04 Tondiarpet,10.35,Chennai
2023-11-23,2023,11,Ambattur,10.2,Chennai
2023-11-23,2023,11,Zone 13 Adyar Eco Park,9.75,Chennai
2023-11-23,2023,11,Zone 01 Thiruvottiyur,9.0,Chennai
2023-11-23,2023,11,Alandur,6.8,Chennai
2023-11-23,2023,11,Manali,6.8,Chennai
2023-11-23,2023,11,Kodambakkam,6.4,Chennai
2023-11-23,2023,11,Thiruvottiyur,6.2,Chennai
2023-11-23,2023,11,Adyar,5.8,Chennai
2023-11-23,2023,11,Anna Nagar,5.6,Chennai
2023-11-23,2023,11,Perungudi,5.6,Chennai
2023-11-23,2023,11,Zone 13 U39 Adyar,5.1,Chennai
2023-11-23,2023,11,Zone 14 Perungudi,5.1,Chennai
2023-11-23,2023,11,Teynampet,4.2,Chennai
2023-11-23,2023,11,Zone 12 D156 Mugalivakkam,3.3,Chennai
2023-11-23,2023,11,Valasaravakkam,3.0,Chennai
2023-11-23,2023,11,Zone 09 Ice House,0.45,Chennai
2023-11-23,2023,11,Puzhal,0.2,Chennai
2023-11-24,2023,11,Perambur Corporation park,18.1,Chennai
2023-11-24,2023,11,Ayanavaram taluk office,14.1,Chennai
2023-11-24,2023,11,Chennai collectorate building,12.0,Chennai
2023-11-24,2023,11,Ambathur,10.0,Chennai
2023-11-24,2023,11,Chennai nungambakkam,8.9,Chennai
2023-11-24,2023,11,Royapuram,8.8,Chennai
2023-11-24,2023,11,DGP Office,8.4,Chennai
2023-11-24,2023,11,CD Hospital Tondiarpet,7.8,Chennai
2023-11-24,2023,11,Teynampet,6.0,Chennai
2023-11-24,2023,11,Sholinganallur,5.8,Chennai
2023-11-24,2023,11,Kodambakkam,5.4,Chennai
2023-11-24,2023,11,Zone 08 Anna Nagar,5.1,Chennai
2023-11-24,2023,11,Gov hr sec school MGR Nagar,5.0,Chennai
2023-11-24,2023,11,Perungudi,5.0,Chennai
2023-11-24,2023,11,Anna university,4.2,Chennai
2023-11-24,2023,11,Adyar,4.2,Chennai
2023-11-24,2023,11,Zone 09 Ice House,3.75,Chennai
2023-11-24,2023,11,Zone 12 Alandhur,3.6,Chennai
2023-11-24,2023,11,Zone 13 Adyar,3.6,Chennai
2023-11-24,2023,11,Zone 13 U39 Adyar,3.6,Chennai
2023-11-24,2023,11,Sholinganallur,3.4,Chennai
2023-11-24,2023,11,Thiru-Vi-Ka Nagar,3.2,Chennai
2023-11-24,2023,11,Anna Nagar,3.0,Chennai
2023-11-24,2023,11,Zone 09 Teynampet,3.0,Chennai
2023-11-24,2023,11,Alandur,2.8,Chennai
2023-11-24,2023,11,Zone 14 Perungudi,2.7,Chennai
2023-11-24,2023,11,Tondairpet,2.6,Chennai
2023-11-24,2023,11,Valasaravakkam,2.6,Chennai
2023-11-24,2023,11,Zone 13 Adyar Eco Park,2.55,Chennai
2023-11-24,2023,11,Zone 14 U41 Perungudi,2.4,Chennai
2023-11-24,2023,11,Zone 05 Royapuram,2.1,Chennai
2023-11-24,2023,11,Zone 11 Valasaravakkam,2.1,Chennai
2023-11-24,2023,11,Ambattur,2.0,Chennai
2023-11-24,2023,11,Zone 04 Tondiarpet,1.95,Chennai
2023-11-24,2023,11,Zone 12 D156 Mugalivakkam,1.8,Chennai
2023-11-24,2023,11,Zone 15 Uthandi,1.65,Chennai
2023-11-24,2023,11,Zone 08 Malar colony,1.5,Chennai
2023-11-24,2023,11,Thiruvottiyur,1.2,Chennai
2023-11-24,2023,11,Zone 11 U32 Maduravoyal,1.2,Chennai
2023-11-24,2023,11,Zone 06 D65 Kolathur,0.9,Chennai
2023-11-24,2023,11,Madhavaram,0.8,Chennai
2023-11-24,2023,11,Zone 02 Manali,0.75,Chennai
2023-11-24,2023,11,Zone 01 Kathivakkam,0.6,Chennai
2023-11-24,2023,11,Zone 01 Thiruvottiyur,0.6,Chennai
2023-11-24,2023,11,Zone 03 Madhavaram,0.6,Chennai
2023-11-24,2023,11,Zone 05 GCC,0.4,Chennai
2023-11-24,2023,11,Zone 03 Puzhal,0.3,Chennai
2023-11-24,2023,11,Zone 07 U18 D81 Vanagaram,0.3,Chennai
2023-11-24,2023,11,Zone 15 Sholinganallur,0.3,Chennai
2023-11-24,2023,11,Manali,0.2,Chennai
2023-11-25,2023,11,Zone 13 Adyar,80.7,Chennai
2023-11-25,2023,11,Adyar,63.2,Chennai
2023-11-25,2023,11,Zone 13 U39 Adyar,53.4,Chennai
2023-11-25,2023,11,Zone 08 Anna Nagar,49.2,Chennai
2023-11-25,2023,11,Zone 12 Alandhur,47.1,Chennai
2023-11-25,2023,11,Zone 14 U41 Perungudi,45.0,Chennai
2023-11-25,2023,11,Perungudi,43.6,Chennai
2023-11-25,2023,11,Zone 09 Teynampet,41.7,Chennai
2023-11-25,2023,11,Zone 09 Ice House,40.5,Chennai
2023-11-25,2023,11,Zone 14 Perungudi,39.0,Chennai
2023-11-25,2023,11,Zone 13 Adyar Eco Park,35.55,Chennai
2023-11-25,2023,11,Anna Nagar,34.8,Chennai
2023-11-25,2023,11,Teynampet,33.0,Chennai
2023-11-25,2023,11,Zone 08 Malar colony,31.5,Chennai
2023-11-25,2023,11,Zone 10 Kodambakkam,29.1,Chennai
2023-11-25,2023,11,Zone 04 Tondiarpet,27.15,Chennai
2023-11-25,2023,11,Kodambakkam,26.2,Chennai
2023-11-25,2023,11,Ambattur,25.8,Chennai
2023-11-25,2023,11,Zone 05 GCC,23.6,Chennai
2023-11-25,2023,11,Zone 12 D156 Mugalivakkam,23.1,Chennai
2023-11-25,2023,11,Tondairpet,21.0,Chennai
2023-11-25,2023,11,Zone 11 U32 Maduravoyal,20.7,Chennai
2023-11-25,2023,11,Zone 11 Valasaravakkam,20.1,Chennai
2023-11-25,2023,11,Zone 05 Royapuram,18.75,Chennai
2023-11-25,2023,11,Alandur,16.0,Chennai
2023-11-25,2023,11,Thiru-Vi-Ka Nagar,16.0,Chennai
2023-11-25,2023,11,Zone 15 Uthandi,15.15,Chennai
2023-11-25,2023,11,Zone 02 Manali,14.4,Chennai
2023-11-25,2023,11,Zone 06 T.V.K Nagar,13.5,Chennai
2023-11-25,2023,11,Valasaravakkam,13.0,Chennai
2023-11-25,2023,11,Zone 07 Ambattur,12.0,Chennai
2023-11-25,2023,11,Zone 15 Sholinganallur,12.0,Chennai
2023-11-25,2023,11,Sholinganallur,10.3,Chennai
2023-11-25,2023,11,Zone 06 D65 Kolathur,9.9,Chennai
2023-11-25,2023,11,Sholinganallur,9.6,Chennai
2023-11-25,2023,11,Zone 03 Puzhal,9.6,Chennai
2023-11-25,2023,11,Zone 03 Madhavaram,8.4,Chennai
2023-11-25,2023,11,Madhavaram,6.6,Chennai
2023-11-25,2023,11,Thiruvottiyur,6.0,Chennai
2023-11-25,2023,11,Zone 01 Thiruvottiyur,4.95,Chennai
2023-11-25,2023,11,CD Hospital Tondiarpet,4.8,Chennai
2023-11-25,2023,11,Zone 01 Kathivakkam,3.6,Chennai
2023-11-25,2023,11,Zone 07 U18 D81 Vanagaram,3.3,Chennai
2023-11-25,2023,11,Zone 02 D15 Manali,2.7,Chennai
2023-11-25,2023,11,Royapuram,2.0,Chennai
2023-11-25,2023,11,Manali,1.8,Chennai
2023-11-25,2023,11,Chennai nungambakkam,1.6,Chennai
2023-11-25,2023,11,Gov hr sec school MGR Nagar,1.4,Chennai
2023-11-25,2023,11,Ayanavaram taluk office,1.2,Chennai
2023-11-25,2023,11,Perambur Corporation park,1.0,Chennai
2023-11-25,2023,11,Chennai collectorate building,0.6,Chennai
2023-11-26,2023,11,Royapuram,25.0,Chennai
2023-11-26,2023,11,Zone 08 Anna Nagar,6.6,Chennai
2023-11-26,2023,11,Anna Nagar,5.8,Chennai
2023-11-26,2023,11,Zone 11 U32 Maduravoyal,5.4,Chennai
2023-11-26,2023,11,Ambathur,4.0,Chennai
2023-11-26,2023,11,Sholinganallur,4.0,Chennai
2023-11-26,2023,11,Ambattur,3.4,Chennai
2023-11-26,2023,11,Zone 07 Ambattur,3.3,Chennai
2023-11-26,2023,11,DGP Office,3.2,Chennai
2023-11-26,2023,11,Zone 11 Valasaravakkam,3.0,Chennai
2023-11-26,2023,11,Zone 06 D65 Kolathur,2.4,Chennai
2023-11-26,2023,11,Zone 15 Sholinganallur,2.4,Chennai
2023-11-26,2023,11,Zone 05 Royapuram,2.1,Chennai
2023-11-26,2023,11,Zone 08 Malar colony,2.1,Chennai
2023-11-26,2023,11,Valasaravakkam,2.0,Chennai
2023-11-26,2023,11,Zone 06 T.V.K Nagar,1.8,Chennai
2023-11-26,2023,11,Zone 02 Manali,1.65,Chennai
2023-11-26,2023,11,Zone 07 U18 D81 Vanagaram,1.5,Chennai
2023-11-26,2023,11,CD Hospital Tondiarpet,1.4,Chennai
2023-11-26,2023,11,Perungudi,1.4,Chennai
2023-11-26,2023,11,Chennai collectorate building,1.2,Chennai
2023-11-26,2023,11,Zone 14 U41 Perungudi,1.2,Chennai
2023-11-26,2023,11,Zone 15 Uthandi,1.2,Chennai
2023-11-26,2023,11,Ayanavaram taluk office,1.0,Chennai
2023-11-26,2023,11,Alandur,1.0,Chennai
2023-11-26,2023,11,Tondairpet,1.0,Chennai
2023-11-26,2023,11,Zone 01 Thiruvottiyur,0.9,Chennai
2023-11-26,2023,11,Perambur Corporation park,0.6,Chennai
2023-11-26,2023,11,Zone 12 Alandhur,0.6,Chennai
2023-11-26,2023,11,Zone 13 Adyar,0.6,Chennai
2023-11-26,2023,11,Anna university,0.5,Chennai
2023-11-26,2023,11,Gov hr sec school MGR Nagar,0.4,Chennai
2023-11-26,2023,11,Thiru-Vi-Ka Nagar,0.4,Chennai
2023-11-26,2023,11,Sholinganallur,0.4,Chennai
2023-11-26,2023,11,Chennai nungambakkam,0.3,Chennai
2023-11-26,2023,11,Zone 03 Madhavaram,0.3,Chennai
2023-11-26,2023,11,Zone 09 Ice House,0.3,Chennai
2023-11-26,2023,11,Zone 09 Teynampet,0.3,Chennai
2023-11-26,2023,11,Zone 14 Perungudi,0.3,Chennai
2023-11-26,2023,11,Thiruvottiyur,0.2,Chennai
2023-11-26,2023,11,Manali,0.2,Chennai
2023-11-26,2023,11,Adyar,0.2,Chennai
2023-11-26,2023,11,Zone 05 GCC,0.2,Chennai
2023-11-27,2023,11,Zone 08 Malar colony,60.6,Chennai
2023-11-27,2023,11,Zone 12 Meenambakkam,53.4,Chennai
2023-11-27,2023,11,Zone 13 Adyar,46.5,Chennai
2023-11-27,2023,11,Sholinganallur,45.8,Chennai
2023-11-27,2023,11,Anna university,45.0,Chennai
2023-11-27,2023,11,Zone 12 Alandhur,43.8,Chennai
2023-11-27,2023,11,Zone 06 T.V.K Nagar,43.5,Chennai
2023-11-27,2023,11,Zone 15 Sholinganallur,42.3,Chennai
2023-11-27,2023,11,Zone 13 Adyar Eco Park,40.95,Chennai
2023-11-27,2023,11,Zone 12 D156 Mugalivakkam,40.8,Chennai
2023-11-27,2023,11,Perambur Corporation park,39.5,Chennai
2023-11-27,2023,11,Ambathur,38.0,Chennai
2023-11-27,2023,11,Zone 09 Ice House,37.5,Chennai
2023-11-27,2023,11,Perungudi,37.4,Chennai
2023-11-27,2023,11,Zone 07 U18 D81 Vanagaram,36.6,Chennai
2023-11-27,2023,11,Zone 14 Perungudi,36.0,Chennai
2023-11-27,2023,11,Zone 06 D65 Kolathur,35.7,Chennai
2023-11-27,2023,11,Zone 13 U39 Adyar,32.4,Chennai
2023-11-27,2023,11,Zone 07 Ambattur,32.1,Chennai
2023-11-27,2023,11,Zone 15 Uthandi,32.1,Chennai
2023-11-27,2023,11,Zone 14 U41 Perungudi,31.5,Chennai
2023-11-27,2023,11,Sholinganallur,31.2,Chennai
2023-11-27,2023,11,DGP Office,31.0,Chennai
2023-11-27,2023,11,Gov hr sec school MGR Nagar,30.4,Chennai
2023-11-27,2023,11,Zone 11 Valasaravakkam,30.3,Chennai
2023-11-27,2023,11,Adyar,30.2,Chennai
2023-11-27,2023,11,Zone 03 Puzhal,30.0,Chennai
2023-11-27,2023,11,Thiru-Vi-Ka Nagar,28.4,Chennai
2023-11-27,2023,11,Zone 03 Madhavaram,27.0,Chennai
2023-11-27,2023,11,Alandur,26.2,Chennai
2023-11-27,2023,11,Zone 08 Anna Nagar,25.8,Chennai
2023-11-27,2023,11,Madhavaram,25.0,Chennai
2023-11-27,2023,11,Teynampet,25.0,Chennai
2023-11-27,2023,11,CD Hospital Tondiarpet,24.4,Chennai
2023-11-27,2023,11,Zone 04 Tondiarpet,22.8,Chennai
2023-11-27,2023,11,Zone 02 Manali,22.05,Chennai
2023-11-27,2023,11,Ayanavaram taluk office,21.4,Chennai
2023-11-27,2023,11,Zone 01 Thiruvottiyur,20.85,Chennai
2023-11-27,2023,11,Zone 10 Kodambakkam,20.1,Chennai
2023-11-27,2023,11,Tondairpet,19.6,Chennai
2023-11-27,2023,11,Valasaravakkam,19.2,Chennai
2023-11-27,2023,11,Thiruvottiyur,18.6,Chennai
2023-11-27,2023,11,Zone 11 U32 Maduravoyal,18.6,Chennai
2023-11-27,2023,11,Chennai nungambakkam,18.3,Chennai
2023-11-27,2023,11,Zone 09 Teynampet,18.3,Chennai
2023-11-27,2023,11,Zone 05 GCC,15.8,Chennai
2023-11-27,2023,11,Ambattur,15.6,Chennai
2023-11-27,2023,11,Zone 05 Royapuram,14.85,Chennai
2023-11-27,2023,11,Zone 02 D15 Manali,14.55,Chennai
2023-11-27,2023,11,Kodambakkam,13.2,Chennai
2023-11-27,2023,11,Zone 01 Kathivakkam,12.3,Chennai
2023-11-27,2023,11,Chennai collectorate building,10.8,Chennai
2023-11-27,2023,11,Anna Nagar,10.4,Chennai
2023-11-27,2023,11,Manali,7.4,Chennai
2023-11-27,2023,11,Royapuram,3.6,Chennai
2023-11-28,2023,11,Ambathur,41.5,Chennai
2023-11-28,2023,11,Zone 07 Ambattur,33.6,Chennai
2023-11-28,2023,11,Zone 07 U18 D81 Vanagaram,33.15,Chennai
2023-11-28,2023,11,Zone 03 Puzhal,32.4,Chennai
2023-11-28,2023,11,Zone 08 Malar colony,31.8,Chennai
2023-11-28,2023,11,Zone 09 Ice House,30.9,Chennai
2023-11-28,2023,11,Zone 11 U32 Maduravoyal,30.0,Chennai
2023-11-28,2023,11,Gov hr sec school MGR Nagar,29.2,Chennai
2023-11-28,2023,11,Zone 06 T.V.K Nagar,28.5,Chennai
2023-11-28,2023,11,Zone 11 Valasaravakkam,28.5,Chennai
2023-11-28,2023,11,DGP Office,27.3,Chennai
2023-11-28,2023,11,Zone 12 D156 Mugalivakkam,27.0,Chennai
2023-11-28,2023,11,Zone 06 D65 Kolathur,26.4,Chennai
2023-11-28,2023,11,Zone 01 Kathivakkam,25.8,Chennai
2023-11-28,2023,11,Zone 05 GCC,25.4,Chennai
2023-11-28,2023,11,Zone 09 Teynampet,23.4,Chennai
2023-11-28,2023,11,Zone 10 Kodambakkam,21.9,Chennai
2023-11-28,2023,11,Zone 02 Manali,21.75,Chennai
2023-11-28,2023,11,Zone 12 Meenambakkam,20.4,Chennai
2023-11-28,2023,11,Perambur Corporation park,19.9,Chennai
2023-11-28,2023,11,Royapuram,19.6,Chennai
2023-11-28,2023,11,Zone 05 Royapuram,19.5,Chennai
2023-11-28,2023,11,Madhavaram,18.2,Chennai
2023-11-28,2023,11,Zone 08 Anna Nagar,17.7,Chennai
2023-11-28,2023,11,Chennai nungambakkam,15.3,Chennai
2023-11-28,2023,11,Ayanavaram taluk office,15.0,Chennai
2023-11-28,2023,11,Zone 01 Thiruvottiyur,13.95,Chennai
2023-11-28,2023,11,Zone 13 Adyar Eco Park,11.55,Chennai
2023-11-28,2023,11,Zone 15 Sholinganallur,10.5,Chennai
2023-11-28,2023,11,Chennai collectorate building,10.2,Chennai
2023-11-28,2023,11,Zone 02 D15 Manali,10.2,Chennai
2023-11-28,2023,11,Zone 03 Madhavaram,10.2,Chennai
2023-11-28,2023,11,Zone 12 Alandhur,10.2,Chennai
2023-11-28,2023,11,Valasaravakkam,9.6,Chennai
2023-11-28,2023,11,Alandur,8.7,Chennai
2023-11-28,2023,11,Zone 14 Perungudi,8.7,Chennai
2023-11-28,2023,11,Teynampet,8.6,Chennai
2023-11-28,2023,11,Kodambakkam,8.6,Chennai
2023-11-28,2023,11,Zone 13 U39 Adyar,8.4,Chennai
2023-11-28,2023,11,Anna university,6.8,Chennai
2023-11-28,2023,11,Ambattur,6.8,Chennai
2023-11-28,2023,11,Zone 13 Adyar,6.0,Chennai
2023-11-28,2023,11,Zone 15 Uthandi,5.7,Chennai
2023-11-28,2023,11,Zone 04 Tondiarpet,5.4,Chennai
2023-11-28,2023,11,CD Hospital Tondiarpet,4.6,Chennai
2023-11-28,2023,11,Sholinganallur,3.4,Chennai
2023-11-28,2023,11,Manali,2.2,Chennai
2023-11-28,2023,11,Perungudi,2.2,Chennai
2023-11-28,2023,11,Thiruvottiyur,1.6,Chennai
2023-11-28,2023,11,Sholinganallur,1.6,Chennai
2023-11-28,2023,11,Zone 14 U41 Perungudi,0.9,Chennai
2023-11-28,2023,11,Anna Nagar,0.8,Chennai
2023-11-28,2023,11,Tondairpet,0.6,Chennai
2023-11-28,2023,11,Thiru-Vi-Ka Nagar,0.4,Chennai
2023-11-28,2023,11,Adyar,0.2,Chennai
2023-11-29,2023,11,Zone 08 Malar colony,64.2,Chennai
2023-11-29,2023,11,Zone 08 Anna Nagar,59.4,Chennai
2023-11-29,2023,11,Zone 12 Meenambakkam,53.4,Chennai
2023-11-29,2023,11,Zone 06 T.V.K Nagar,52.5,Chennai
2023-11-29,2023,11,Ayanavaram taluk office,46.2,Chennai
2023-11-29,2023,11,Tondairpet,44.6,Chennai
2023-11-29,2023,11,Anna Nagar,43.4,Chennai
2023-11-29,2023,11,Zone 09 Teynampet,42.0,Chennai
2023-11-29,2023,11,Zone 05 Royapuram,40.8,Chennai
2023-11-29,2023,11,Chennai collectorate building,40.0,Chennai
2023-11-29,2023,11,Perambur Corporation park,39.9,Chennai
2023-11-29,2023,11,Zone 06 D65 Kolathur,38.4,Chennai
2023-11-29,2023,11,Chennai nungambakkam,37.3,Chennai
2023-11-29,2023,11,CD Hospital Tondiarpet,37.0,Chennai
2023-11-29,2023,11,Zone 03 Puzhal,35.4,Chennai
2023-11-29,2023,11,Kodambakkam,34.8,Chennai
2023-11-29,2023,11,Royapuram,34.2,Chennai
2023-11-29,2023,11,Zone 04 Tondiarpet,33.6,Chennai
2023-11-29,2023,11,Zone 03 Madhavaram,32.7,Chennai
2023-11-29,2023,11,Thiru-Vi-Ka Nagar,32.6,Chennai
2023-11-29,2023,11,Zone 01 Kathivakkam,31.5,Chennai
2023-11-29,2023,11,DGP Office,31.0,Chennai
2023-11-29,2023,11,Thiruvottiyur,30.8,Chennai
2023-11-29,2023,11,Madhavaram,30.6,Chennai
2023-11-29,2023,11,Zone 14 U41 Perungudi,30.3,Chennai
2023-11-29,2023,11,Zone 09 Ice House,28.5,Chennai
2023-11-29,2023,11,Zone 10 Kodambakkam,28.5,Chennai
2023-11-29,2023,11,Zone 02 Manali,28.2,Chennai
2023-11-29,2023,11,Zone 14 Perungudi,27.6,Chennai
2023-11-29,2023,11,Zone 02 D15 Manali,27.3,Chennai
2023-11-29,2023,11,Ambattur,26.4,Chennai
2023-11-29,2023,11,Zone 13 Adyar,26.4,Chennai
2023-11-29,2023,11,Zone 01 Thiruvottiyur,25.95,Chennai
2023-11-29,2023,11,Zone 13 U39 Adyar,24.3,Chennai
2023-11-29,2023,11,Zone 11 U32 Maduravoyal,21.9,Chennai
2023-11-29,2023,11,Teynampet,21.0,Chennai
2023-11-29,2023,11,Zone 12 Alandhur,20.1,Chennai
2023-11-29,2023,11,Alandur,19.6,Chennai
2023-11-29,2023,11,Ambathur,19.3,Chennai
2023-11-29,2023,11,Zone 07 Ambattur,19.2,Chennai
2023-11-29,2023,11,Zone 13 Adyar Eco Park,15.9,Chennai
2023-11-29,2023,11,Zone 07 U18 D81 Vanagaram,15.3,Chennai
2023-11-29,2023,11,Anna university,15.2,Chennai
2023-11-29,2023,11,Perungudi,14.6,Chennai
2023-11-29,2023,11,Zone 05 GCC,14.0,Chennai
2023-11-29,2023,11,Adyar,13.8,Chennai
2023-11-29,2023,11,Zone 11 Valasaravakkam,13.8,Chennai
2023-11-29,2023,11,Zone 12 D156 Mugalivakkam,10.5,Chennai
2023-11-29,2023,11,Sholinganallur,10.2,Chennai
2023-11-29,2023,11,Gov hr sec school MGR Nagar,9.2,Chennai
2023-11-29,2023,11,Valasaravakkam,8.4,Chennai
2023-11-29,2023,11,Zone 15 Sholinganallur,8.1,Chennai
2023-11-29,2023,11,Zone 15 Uthandi,7.65,Chennai
2023-11-29,2023,11,Manali,5.6,Chennai
2023-11-29,2023,11,Sholinganallur,5.4,Chennai
2023-11-30,2023,11,Zone 06 D65 Kolathur,152.1,Chennai
2023-11-30,2023,11,Zone 06 T.V.K Nagar,147.6,Chennai
2023-11-30,2023,11,Zone 07 Ambattur,144.3,Chennai
2023-11-30,2023,11,Zone 08 Malar colony,136.8,Chennai
2023-11-30,2023,11,Ambathur,135.8,Chennai
2023-11-30,2023,11,Zone 12 Alandhur,127.5,Chennai
2023-11-30,2023,11,Ambattur,121.4,Chennai
2023-11-30,2023,11,Zone 13 Adyar Eco Park,120.3,Chennai
2023-11-30,2023,11,Anna university,119.3,Chennai
2023-11-30,2023,11,Zone 11 U32 Maduravoyal,118.8,Chennai
2023-11-30,2023,11,Zone 10 Kodambakkam,114.9,Chennai
2023-11-30,2023,11,Zone 03 Puzhal,112.8,Chennai
2023-11-30,2023,11,Zone 11 Valasaravakkam,110.7,Chennai
2023-11-30,2023,11,Perambur Corporation park,109.8,Chennai
2023-11-30,2023,11,Zone 12 D156 Mugalivakkam,109.2,Chennai
2023-11-30,2023,11,Zone 13 Adyar,108.9,Chennai
2023-11-30,2023,11,Zone 01 Kathivakkam,108.0,Chennai
2023-11-30,2023,11,Zone 09 Teynampet,103.8,Chennai
2023-11-30,2023,11,Teynampet,103.0,Chennai
2023-11-30,2023,11,Zone 14 U41 Perungudi,100.2,Chennai
2023-11-30,2023,11,Zone 14 Perungudi,98.7,Chennai
2023-11-30,2023,11,Zone 12 Meenambakkam,97.5,Chennai
2023-11-30,2023,11,Alandur,97.2,Chennai
2023-11-30,2023,11,Zone 13 U39 Adyar,96.6,Chennai
2023-11-30,2023,11,Zone 07 U18 D81 Vanagaram,96.0,Chennai
2023-11-30,2023,11,Zone 08 Anna Nagar,93.6,Chennai
2023-11-30,2023,11,Anna Nagar,93.2,Chennai
2023-11-30,2023,11,Ayanavaram taluk office,91.0,Chennai
2023-11-30,2023,11,Gov hr sec school MGR Nagar,91.0,Chennai
2023-11-30,2023,11,Sholinganallur,89.8,Chennai
2023-11-30,2023,11,Adyar,81.8,Chennai
2023-11-30,2023,11,Zone 03 Madhavaram,81.6,Chennai
2023-11-30,2023,11,Kodambakkam,80.2,Chennai
2023-11-30,2023,11,Chennai nungambakkam,79.2,Chennai
2023-11-30,2023,11,DGP Office,79.1,Chennai
2023-11-30,2023,11,Thiru-Vi-Ka Nagar,69.6,Chennai
2023-11-30,2023,11,Perungudi,69.6,Chennai
2023-11-30,2023,11,Zone 09 Ice House,69.6,Chennai
2023-11-30,2023,11,Madhavaram,64.0,Chennai
2023-11-30,2023,11,Zone 15 Sholinganallur,63.6,Chennai
2023-11-30,2023,11,Valasaravakkam,62.2,Chennai
2023-11-30,2023,11,Zone 02 D15 Manali,58.5,Chennai
2023-11-30,2023,11,Zone 15 Uthandi,54.45,Chennai
2023-11-30,2023,11,Zone 05 GCC,48.6,Chennai
2023-11-30,2023,11,CD Hospital Tondiarpet,48.2,Chennai
2023-11-30,2023,11,Tondairpet,47.0,Chennai
2023-11-30,2023,11,Zone 02 Manali,46.05,Chennai
2023-11-30,2023,11,Chennai collectorate building,43.4,Chennai
2023-11-30,2023,11,Zone 04 Tondiarpet,37.8,Chennai
2023-11-30,2023,11,Zone 05 Royapuram,34.5,Chennai
2023-11-30,2023,11,Zone 01 Thiruvottiyur,31.5,Chennai
2023-11-30,2023,11,Sholinganallur,31.2,Chennai
2023-11-30,2023,11,Royapuram,17.6,Chennai
2023-11-30,2023,11,Thiruvottiyur,14.0,Chennai
2023-11-30,2023,11,Manali,2.4,Chennai
2023-12-01,2023,12,Zone 07 Ambattur,55.2,Chennai
2023-12-01,2023,12,Chennai nungambakkam,43.1,Chennai
2023-12-01,2023,12,Zone 09 Teynampet,41.4,Chennai
2023-12-01,2023,12,Zone 08 Malar colony,38.4,Chennai
2023-12-01,2023,12,Zone 06 D65 Kolathur,36.6,Chennai
2023-12-01,2023,12,Zone 10 Kodambakkam,36.0,Chennai
2023-12-01,2023,12,Chennai collectorate building,35.7,Chennai
2023-12-01,2023,12,Zone 14 Perungudi,34.5,Chennai
2023-12-01,2023,12,Gov hr sec school MGR Nagar,34.4,Chennai
2023-12-01,2023,12,Zone 06 T.V.K Nagar,34.2,Chennai
2023-12-01,2023,12,Zone 08 Anna Nagar,32.7,Chennai
2023-12-01,2023,12,Perambur Corporation park,32.2,Chennai
2023-12-01,2023,12,Zone 12 D156 Mugalivakkam,32.1,Chennai
2023-12-01,2023,12,Zone 12 Alandhur,31.2,Chennai
2023-12-01,2023,12,Zone 07 U18 D81 Vanagaram,28.5,Chennai
2023-12-01,2023,12,Alandur,28.4,Chennai
2023-12-01,2023,12,CD Hospital Tondiarpet,28.2,Chennai
2023-12-01,2023,12,Zone 11 Valasaravakkam,27.9,Chennai
2023-12-01,2023,12,Zone 05 GCC,27.8,Chennai
2023-12-01,2023,12,Zone 12 Meenambakkam,26.5,Chennai
2023-12-01,2023,12,Ambathur,25.7,Chennai
2023-12-01,2023,12,Zone 05 Royapuram,25.35,Chennai
2023-12-01,2023,12,DGP Office,24.8,Chennai
2023-12-01,2023,12,Zone 09 Ice House,23.7,Chennai
2023-12-01,2023,12,Zone 04 Tondiarpet,23.55,Chennai
2023-12-01,2023,12,Zone 11 U32 Maduravoyal,22.5,Chennai
2023-12-01,2023,12,Zone 03 Madhavaram,22.2,Chennai
2023-12-01,2023,12,Zone 13 Adyar,21.6,Chennai
2023-12-01,2023,12,Ayanavaram taluk office,20.6,Chennai
2023-12-01,2023,12,Zone 13 Adyar Eco Park,19.5,Chennai
2023-12-01,2023,12,Zone 13 U39 Adyar,19.5,Chennai
2023-12-01,2023,12,Anna university,18.2,Chennai
2023-12-01,2023,12,Zone 02 Manali,16.95,Chennai
2023-12-01,2023,12,Zone 01 Thiruvottiyur,16.8,Chennai
2023-12-01,2023,12,Zone 03 Puzhal,15.3,Chennai
2023-12-01,2023,12,Zone 14 U41 Perungudi,15.0,Chennai
2023-12-01,2023,12,Zone 15 Sholinganallur,11.1,Chennai
2023-12-01,2023,12,Sholinganallur,9.4,Chennai
2023-12-01,2023,12,Zone 01 Kathivakkam,7.5,Chennai
2023-12-01,2023,12,Zone 02 D15 Manali,6.9,Chennai
2023-12-01,2023,12,Zone 15 Uthandi,6.45,Chennai
2023-12-02,2023,12,Sholinganallur,8.6,Chennai
2023-12-02,2023,12,Zone 15 Uthandi,6.75,Chennai
2023-12-02,2023,12,Zone 15 Sholinganallur,6.6,Chennai
2023-12-02,2023,12,Zone 05 Royapuram,3.0,Chennai
2023-12-02,2023,12,Zone 12 Meenambakkam,3.0,Chennai
2023-12-02,2023,12,Chennai nungambakkam,2.4,Chennai
2023-12-02,2023,12,DGP Office,2.4,Chennai
2023-12-02,2023,12,Ayanavaram taluk office,2.2,Chennai
2023-12-02,2023,12,Alandur,2.2,Chennai
2023-12-02,2023,12,Zone 14 U41 Perungudi,2.1,Chennai
2023-12-02,2023,12,Chennai collectorate building,2.0,Chennai
2023-12-02,2023,12,Zone 01 Thiruvottiyur,1.95,Chennai
2023-12-02,2023,12,Zone 04 Tondiarpet,1.65,Chennai
2023-12-02,2023,12,Zone 13 Adyar Eco Park,1.65,Chennai
2023-12-02,2023,12,Zone 08 Malar colony,1.5,Chennai
2023-12-02,2023,12,Zone 09 Ice House,1.5,Chennai
2023-12-02,2023,12,Zone 14 Perungudi,1.5,Chennai
2023-12-02,2023,12,Perambur Corporation park,1.4,Chennai
2023-12-02,2023,12,Tondairpet,1.4,Chennai
2023-12-02,2023,12,CD Hospital Tondiarpet,1.2,Chennai
2023-12-02,2023,12,Zone 08 Anna Nagar,1.2,Chennai
2023-12-02,2023,12,Zone 10 Kodambakkam,1.2,Chennai
2023-12-02,2023,12,Zone 12 Alandhur,1.2,Chennai
2023-12-02,2023,12,Zone 13 U39 Adyar,1.2,Chennai
2023-12-02,2023,12,Zone 02 D15 Manali,1.05,Chennai
2023-12-02,2023,12,Zone 07 U18 D81 Vanagaram,1.05,Chennai
2023-12-02,2023,12,Anna university,1.0,Chennai
2023-12-02,2023,12,Zone 03 Madhavaram,0.9,Chennai
2023-12-02,2023,12,Zone 03 Puzhal,0.9,Chennai
2023-12-02,2023,12,Zone 07 Ambattur,0.9,Chennai
2023-12-02,2023,12,Zone 09 Teynampet,0.9,Chennai
2023-12-02,2023,12,Zone 11 Valasaravakkam,0.9,Chennai
2023-12-02,2023,12,Zone 12 D156 Mugalivakkam,0.9,Chennai
2023-12-02,2023,12,Gov hr sec school MGR Nagar,0.8,Chennai
2023-12-02,2023,12,Zone 06 D65 Kolathur,0.6,Chennai
2023-12-02,2023,12,Zone 11 U32 Maduravoyal,0.6,Chennai
2023-12-02,2023,12,Zone 05 GCC,0.4,Chennai
2023-12-02,2023,12,Ambathur,0.3,Chennai
2023-12-02,2023,12,Zone 01 Kathivakkam,0.3,Chennai
2023-12-02,2023,12,Zone 02 Manali,0.3,Chennai
2023-12-02,2023,12,Zone 13 Adyar,0.3,Chennai
2023-12-02,2023,12,Valasaravakkam,0.2,Chennai
2023-12-03,2023,12,Zone 12 Alandhur,101.1,Chennai
2023-12-03,2023,12,Zone 12 Meenambakkam,83.0,Chennai
2023-12-03,2023,12,Anna university,81.8,Chennai
2023-12-03,2023,12,Alandur,80.2,Chennai
2023-12-03,2023,12,Zone 14 Perungudi,80.1,Chennai
2023-12-03,2023,12,Zone 12 D156 Mugalivakkam,76.2,Chennai
2023-12-03,2023,12,Zone 11 Valasaravakkam,75.3,Chennai
2023-12-03,2023,12,Zone 10 Kodambakkam,74.4,Chennai
2023-12-03,2023,12,Zone 14 U41 Perungudi,74.4,Chennai
2023-12-03,2023,12,Zone 13 U39 Adyar,70.8,Chennai
2023-12-03,2023,12,Zone 09 Ice House,70.2,Chennai
2023-12-03,2023,12,Gov hr sec school MGR Nagar,66.1,Chennai
2023-12-03,2023,12,Zone 09 Teynampet,66.0,Chennai
2023-12-03,2023,12,Zone 13 Adyar,63.9,Chennai
2023-12-03,2023,12,Chennai nungambakkam,62.7,Chennai
2023-12-03,2023,12,Zone 11 U32 Maduravoyal,60.6,Chennai
2023-12-03,2023,12,Zone 06 D65 Kolathur,60.3,Chennai
2023-12-03,2023,12,Zone 07 Ambattur,60.0,Chennai
2023-12-03,2023,12,Zone 08 Malar colony,59.1,Chennai
2023-12-03,2023,12,Zone 15 Sholinganallur,59.1,Chennai
2023-12-03,2023,12,DGP Office,58.4,Chennai
2023-12-03,2023,12,Zone 08 Anna Nagar,57.3,Chennai
2023-12-03,2023,12,Zone 07 U18 D81 Vanagaram,57.0,Chennai
2023-12-03,2023,12,Zone 03 Madhavaram,51.9,Chennai
2023-12-03,2023,12,Chennai collectorate building,49.8,Chennai
2023-12-03,2023,12,Zone 03 Puzhal,49.5,Chennai
2023-12-03,2023,12,Ayanavaram taluk office,48.0,Chennai
2023-12-03,2023,12,Zone 05 Royapuram,44.1,Chennai
2023-12-03,2023,12,Zone 05 GCC,43.6,Chennai
2023-12-03,2023,12,Perambur Corporation park,43.3,Chennai
2023-12-03,2023,12,Ambathur,41.0,Chennai
2023-12-03,2023,12,Zone 06 T.V.K Nagar,40.2,Chennai
2023-12-03,2023,12,Teynampet,39.6,Chennai
2023-12-03,2023,12,Sholinganallur,38.7,Chennai
2023-12-03,2023,12,Zone 04 Tondiarpet,38.55,Chennai
2023-12-03,2023,12,Sholinganallur,37.8,Chennai
2023-12-03,2023,12,Zone 13 Adyar Eco Park,34.95,Chennai
2023-12-03,2023,12,Zone 01 Thiruvottiyur,32.85,Chennai
2023-12-03,2023,12,Zone 01 Kathivakkam,32.7,Chennai
2023-12-03,2023,12,Anna Nagar,31.2,Chennai
2023-12-03,2023,12,Zone 15 Uthandi,30.75,Chennai
2023-12-03,2023,12,CD Hospital Tondiarpet,30.2,Chennai
2023-12-03,2023,12,Zone 02 Manali,29.55,Chennai
2023-12-03,2023,12,Kodambakkam,28.6,Chennai
2023-12-03,2023,12,Valasaravakkam,26.4,Chennai
2023-12-03,2023,12,Perungudi,22.2,Chennai
2023-12-03,2023,12,Ambattur,21.8,Chennai
2023-12-03,2023,12,Zone 02 D15 Manali,21.0,Chennai
2023-12-03,2023,12,Thiru-Vi-Ka Nagar,20.2,Chennai
2023-12-03,2023,12,Royapuram,18.6,Chennai
2023-12-03,2023,12,Tondairpet,17.8,Chennai
2023-12-03,2023,12,Thiruvottiyur,12.0,Chennai
2023-12-03,2023,12,Manali,0.8,Chennai
2023-12-04,2023,12,Zone 14 Perungudi,291.6,Chennai
2023-12-04,2023,12,Alandur,250.1,Chennai
2023-12-04,2023,12,Zone 13 Adyar,235.2,Chennai
2023-12-04,2023,12,Zone 12 Meenambakkam,231.5,Chennai
2023-12-04,2023,12,Gov hr sec school MGR Nagar,219.6,Chennai
2023-12-04,2023,12,Zone 10 Kodambakkam,218.7,Chennai
2023-12-04,2023,12,CD Hospital Tondiarpet,217.0,Chennai
2023-12-04,2023,12,Zone 11 Valasaravakkam,215.4,Chennai
2023-12-04,2023,12,Zone 15 Sholinganallur,213.6,Chennai
2023-12-04,2023,12,DGP Office,212.5,Chennai
2023-12-04,2023,12,Zone 03 Puzhal,204.3,Chennai
2023-12-04,2023,12,Perambur Corporation park,200.4,Chennai
2023-12-04,2023,12,Zone 09 Ice House,200.1,Chennai
2023-12-04,2023,12,Ayanavaram taluk office,195.0,Chennai
2023-12-04,2023,12,Anna Nagar,189.4,Chennai
2023-12-04,2023,12,Chennai collectorate building,184.3,Chennai
2023-12-04,2023,12,Sholinganallur,183.6,Chennai
2023-12-04,2023,12,Zone 09 Teynampet,182.7,Chennai
2023-12-04,2023,12,Ambattur,180.6,Chennai
2023-12-04,2023,12,Valasaravakkam,179.6,Chennai
2023-12-04,2023,12,Kodambakkam,176.0,Chennai
2023-12-04,2023,12,Ambathur,171.8,Chennai
2023-12-04,2023,12,Zone 06 T.V.K Nagar,163.5,Chennai
2023-12-04,2023,12,Zone 04 Tondiarpet,163.05,Chennai
2023-12-04,2023,12,Teynampet,161.6,Chennai
2023-12-04,2023,12,Chennai nungambakkam,160.6,Chennai
2023-12-04,2023,12,Zone 01 Kathivakkam,159.9,Chennai
2023-12-04,2023,12,Thiru-Vi-Ka Nagar,159.4,Chennai
2023-12-04,2023,12,Zone 03 Madhavaram,156.0,Chennai
2023-12-04,2023,12,Zone 08 Anna Nagar,152.1,Chennai
2023-12-04,2023,12,Sholinganallur,151.6,Chennai
2023-12-04,2023,12,Tondairpet,146.2,Chennai
2023-12-04,2023,12,Zone 13 Adyar Eco Park,142.05,Chennai
2023-12-04,2023,12,Zone 05 GCC,141.8,Chennai
2023-12-04,2023,12,Zone 12 Alandhur,136.2,Chennai
2023-12-04,2023,12,Zone 02 Manali,131.1,Chennai
2023-12-04,2023,12,Zone 12 D156 Mugalivakkam,124.2,Chennai
2023-12-04,2023,12,Royapuram,119.0,Chennai
2023-12-04,2023,12,Zone 05 Royapuram,111.9,Chennai
2023-12-04,2023,12,Thiruvottiyur,94.0,Chennai
2023-12-04,2023,12,Perungudi,39.4,Chennai
2023-12-04,2023,12,Zone 02 D15 Manali,32.7,Chennai
2023-12-04,2023,12,Manali,3.6,Chennai
2023-12-05,2023,12,CD Hospital Tondiarpet,250.2,Chennai
2023-12-05,2023,12,Chennai collectorate building,247.3,Chennai
2023-12-05,2023,12,DGP Office,237.0,Chennai
2023-12-05,2023,12,Ayanavaram taluk office,236.0,Chennai
2023-12-05,2023,12,Perambur Corporation park,234.7,Chennai
2023-12-05,2023,12,Chennai nungambakkam,233.5,Chennai
2023-12-05,2023,12,Zone 09 Ice House,222.0,Chennai
2023-12-05,2023,12,Gov hr sec school MGR Nagar,219.8,Chennai
2023-12-05,2023,12,Royapuram,214.2,Chennai
2023-12-05,2023,12,Zone 13 Adyar,213.9,Chennai
2023-12-05,2023,12,Thiru-Vi-Ka Nagar,211.6,Chennai
2023-12-05,2023,12,Zone 05 GCC,211.2,Chennai
2023-12-05,2023,12,Zone 10 Kodambakkam,209.4,Chennai
2023-12-05,2023,12,Sholinganallur,204.1,Chennai
2023-12-05,2023,12,Ambathur,195.4,Chennai
2023-12-05,2023,12,Zone 15 Sholinganallur,194.7,Chennai
2023-12-05,2023,12,Alandur,188.4,Chennai
2023-12-05,2023,12,Kodambakkam,184.8,Chennai
2023-12-05,2023,12,Teynampet,184.4,Chennai
2023-12-05,2023,12,Valasaravakkam,184.0,Chennai
2023-12-05,2023,12,Zone 11 Valasaravakkam,177.3,Chennai
2023-12-05,2023,12,Zone 14 Perungudi,171.5,Chennai
2023-12-05,2023,12,Anna university,168.2,Chennai
2023-12-05,2023,12,Zone 12 Meenambakkam,147.3,Chennai
2023-12-05,2023,12,Zone 12 Alandhur,120.6,Chennai
2023-12-05,2023,12,Zone 05 Royapuram,109.8,Chennai
2023-12-05,2023,12,Zone 12 D156 Mugalivakkam,91.5,Chennai
2023-12-05,2023,12,Zone 09 Teynampet,79.5,Chennai
2023-12-05,2023,12,Zone 13 Adyar Eco Park,37.35,Chennai
2023-12-05,2023,12,Zone 08 Anna Nagar,17.7,Chennai
2023-12-05,2023,12,Ambattur,4.2,Chennai
2023-12-05,2023,12,Anna Nagar,4.0,Chennai
2023-12-05,2023,12,Adyar,3.4,Chennai
2023-12-05,2023,12,Tondairpet,3.2,Chennai
2023-12-05,2023,12,Sholinganallur,2.0,Chennai
2023-12-05,2023,12,Zone 03 Puzhal,1.2,Chennai
2023-12-06,2023,12,Thiru-Vi-Ka Nagar,1.0,Chennai
2023-12-06,2023,12,Zone 12 D156 Mugalivakkam,0.3,Chennai
2023-12-06,2023,12,Zone 13 Adyar Eco Park,0.3,Chennai
2023-12-06,2023,12,Zone 13 U39 Adyar,0.3,Chennai
2023-12-06,2023,12,Thiruvottiyur,0.2,Chennai
2023-12-06,2023,12,Manali,0.2,Chennai
2023-12-06,2023,12,Royapuram,0.2,Chennai
2023-12-06,2023,12,Zone 05 GCC,0.2,Chennai
2023-12-07,2023,12,Zone 01 Thiruvottiyur,3.6,Chennai
2023-12-07,2023,12,Zone 08 Malar colony,3.0,Chennai
2023-12-07,2023,12,Zone 06 T.V.K Nagar,0.9,Chennai
2023-12-07,2023,12,Zone 03 Puzhal,0.3,Chennai
2023-12-07,2023,12,Zone 12 Alandhur,0.3,Chennai
2023-12-07,2023,12,Madhavaram,0.2,Chennai
2023-12-07,2023,12,Adyar,0.2,Chennai
2023-12-08,2023,12,Zone 02 Manali,21.15,Chennai
2023-12-08,2023,12,Zone 01 Kathivakkam,9.6,Chennai
2023-12-08,2023,12,Zone 12 Meenambakkam,9.6,Chennai
2023-12-08,2023,12,Zone 06 T.V.K Nagar,7.5,Chennai
2023-12-08,2023,12,Zone 08 Malar colony,6.3,Chennai
2023-12-08,2023,12,Zone 03 Madhavaram,5.1,Chennai
2023-12-08,2023,12,Zone 06 D65 Kolathur,5.1,Chennai
2023-12-08,2023,12,Anna Nagar,4.6,Chennai
2023-12-08,2023,12,Manali,3.4,Chennai
2023-12-08,2023,12,Tondairpet,3.2,Chennai
2023-12-08,2023,12,Ambattur,3.2,Chennai
2023-12-08,2023,12,Zone 11 U32 Maduravoyal,3.0,Chennai
2023-12-08,2023,12,Kodambakkam,2.6,Chennai
2023-12-08,2023,12,Zone 05 Royapuram,2.55,Chennai
2023-12-08,2023,12,Chennai collectorate building,2.2,Chennai
2023-12-08,2023,12,DGP Office,2.2,Chennai
2023-12-08,2023,12,Alandur,2.1,Chennai
2023-12-08,2023,12,Madhavaram,2.0,Chennai
2023-12-08,2023,12,Zone 08 Anna Nagar,1.8,Chennai
2023-12-08,2023,12,Zone 01 Thiruvottiyur,1.65,Chennai
2023-12-08,2023,12,Thiruvottiyur,1.6,Chennai
2023-12-08,2023,12,Perambur Corporation park,1.4,Chennai
2023-12-08,2023,12,Ayanavaram taluk office,1.2,Chennai
2023-12-08,2023,12,Valasaravakkam,1.2,Chennai
2023-12-08,2023,12,Zone 05 GCC,1.0,Chennai
2023-12-08,2023,12,Zone 11 Valasaravakkam,0.9,Chennai
2023-12-08,2023,12,Zone 12 D156 Mugalivakkam,0.9,Chennai
2023-12-08,2023,12,Gov hr sec school MGR Nagar,0.6,Chennai
2023-12-08,2023,12,Thiru-Vi-Ka Nagar,0.6,Chennai
2023-12-08,2023,12,Zone 10 Kodambakkam,0.6,Chennai
2023-12-08,2023,12,Sholinganallur,0.3,Chennai
2023-12-08,2023,12,Zone 03 Puzhal,0.3,Chennai
2023-12-08,2023,12,Royapuram,0.2,Chennai
2023-12-09,2023,12,Anna Nagar,16.2,Chennai
2023-12-09,2023,12,Zone 01 Thiruvottiyur,8.55,Chennai
2023-12-09,2023,12,Ambattur,4.0,Chennai
2023-12-09,2023,12,Zone 01 Kathivakkam,3.0,Chennai
2023-12-09,2023,12,Thiru-Vi-Ka Nagar,2.4,Chennai
2023-12-09,2023,12,Madhavaram,2.2,Chennai
2023-12-09,2023,12,Perambur Corporation park,1.8,Chennai
2023-12-09,2023,12,Zone 08 Malar colony,1.8,Chennai
2023-12-09,2023,12,Chennai nungambakkam,1.7,Chennai
2023-12-09,2023,12,CD Hospital Tondiarpet,1.6,Chennai
2023-12-09,2023,12,Ayanavaram taluk office,1.0,Chennai
2023-12-09,2023,12,Zone 06 D65 Kolathur,0.9,Chennai
2023-12-09,2023,12,Zone 06 T.V.K Nagar,0.9,Chennai
2023-12-09,2023,12,Thiruvottiyur,0.8,Chennai
2023-12-09,2023,12,Chennai collectorate building,0.6,Chennai
2023-12-09,2023,12,DGP Office,0.6,Chennai
2023-12-09,2023,12,Tondairpet,0.6,Chennai
2023-12-09,2023,12,Zone 05 Royapuram,0.6,Chennai
2023-12-09,2023,12,Zone 07 Ambattur,0.6,Chennai
2023-12-09,2023,12,Zone 08 Anna Nagar,0.6,Chennai
2023-12-09,2023,12,Teynampet,0.4,Chennai
2023-12-09,2023,12,Zone 02 Manali,0.3,Chennai
2023-12-09,2023,12,Zone 09 Ice House,0.3,Chennai
2023-12-09,2023,12,Zone 14 Perungudi,0.3,Chennai
2023-12-09,2023,12,Manali,0.2,Chennai
2023-12-10,2023,12,Zone 14 Perungudi,3.3,Chennai
2023-12-10,2023,12,Gov hr sec school MGR Nagar,3.0,Chennai
2023-12-10,2023,12,Zone 01 Kathivakkam,1.2,Chennai
2023-12-10,2023,12,Zone 10 Kodambakkam,1.2,Chennai
2023-12-10,2023,12,Zone 06 T.V.K Nagar,0.6,Chennai
2023-12-10,2023,12,Zone 02 Manali,0.3,Chennai
2023-12-10,2023,12,Madhavaram,0.2,Chennai
2023-12-10,2023,12,Tondairpet,0.2,Chennai
2023-12-10,2023,12,Royapuram,0.2,Chennai
2023-12-10,2023,12,Thiru-Vi-Ka Nagar,0.2,Chennai
2023-12-10,2023,12,Teynampet,0.2,Chennai
2023-12-10,2023,12,Adyar,0.2,Chennai
2023-12-11,2023,12,Zone 15 Uthandi,3.75,Chennai
2023-12-11,2023,12,Zone 14 Perungudi,3.6,Chennai
2023-12-11,2023,12,Zone 13 Adyar,1.2,Chennai
2023-12-11,2023,12,Zone 14 U41 Perungudi,0.6,Chennai
2023-12-11,2023,12,Zone 01 Kathivakkam,0.3,Chennai
2023-12-11,2023,12,Zone 13 Adyar Eco Park,0.3,Chennai
2023-12-11,2023,12,Madhavaram,0.2,Chennai
2023-12-12,2023,12,Anna university,1.8,Chennai
2023-12-12,2023,12,Zone 01 Thiruvottiyur,0.9,Chennai
2023-12-12,2023,12,Zone 14 Perungudi,0.6,Chennai
2023-12-12,2023,12,Zone 12 Meenambakkam,0.3,Chennai
2023-12-12,2023,12,Zone 13 Adyar,0.3,Chennai
2023-12-12,2023,12,Zone 13 U39 Adyar,0.3,Chennai
2023-12-12,2023,12,Chennai nungambakkam,0.2,Chennai
2023-12-12,2023,12,Royapuram,0.2,Chennai
2023-12-12,2023,12,Zone 13 Adyar Eco Park,0.15,Chennai
2023-12-14,2023,12,Zone 04 Tondiarpet,1.2,Chennai
2023-12-14,2023,12,Madhavaram,0.2,Chennai
2023-12-15,2023,12,Royapuram,0.4,Chennai
2023-12-16,2023,12,Zone 12 Meenambakkam,40.0,Chennai
2023-12-16,2023,12,Zone 10 Kodambakkam,18.9,Chennai
2023-12-16,2023,12,Zone 12 D156 Mugalivakkam,17.7,Chennai
2023-12-16,2023,12,Zone 11 U32 Maduravoyal,17.1,Chennai
2023-12-16,2023,12,Zone 09 Teynampet,16.5,Chennai
2023-12-16,2023,12,Ayanavaram taluk office,15.2,Chennai
2023-12-16,2023,12,Zone 07 Ambattur,15.0,Chennai
2023-12-16,2023,12,Zone 08 Anna Nagar,15.0,Chennai
2023-12-16,2023,12,Zone 11 Valasaravakkam,15.0,Chennai
2023-12-16,2023,12,Zone 06 D65 Kolathur,13.5,Chennai
2023-12-16,2023,12,Zone 12 Alandhur,13.2,Chennai
2023-12-16,2023,12,Zone 14 Perungudi,13.2,Chennai
2023-12-16,2023,12,Chennai nungambakkam,13.1,Chennai
2023-12-16,2023,12,Gov hr sec school MGR Nagar,13.0,Chennai
2023-12-16,2023,12,Alandur,12.4,Chennai
2023-12-16,2023,12,Valasaravakkam,12.4,Chennai
2023-12-16,2023,12,Zone 06 T.V.K Nagar,12.3,Chennai
2023-12-16,2023,12,Zone 07 U18 D81 Vanagaram,11.7,Chennai
2023-12-16,2023,12,Manali,11.6,Chennai
2023-12-16,2023,12,Zone 02 Manali,11.55,Chennai
2023-12-16,2023,12,Anna Nagar,11.4,Chennai
2023-12-16,2023,12,Zone 03 Madhavaram,11.4,Chennai
2023-12-16,2023,12,Zone 03 Puzhal,11.4,Chennai
2023-12-16,2023,12,Zone 08 Malar colony,11.4,Chennai
2023-12-16,2023,12,Zone 04 Tondiarpet,11.1,Chennai
2023-12-16,2023,12,Zone 13 U39 Adyar,10.8,Chennai
2023-12-16,2023,12,Thiru-Vi-Ka Nagar,10.6,Chennai
2023-12-16,2023,12,Perambur Corporation park,10.2,Chennai
2023-12-16,2023,12,Anna university,9.6,Chennai
2023-12-16,2023,12,Kodambakkam,9.6,Chennai
2023-12-16,2023,12,Zone 05 Royapuram,9.3,Chennai
2023-12-16,2023,12,Zone 15 Uthandi,9.3,Chennai
2023-12-16,2023,12,Chennai collectorate building,9.2,Chennai
2023-12-16,2023,12,Ambattur,9.2,Chennai
2023-12-16,2023,12,Zone 01 Kathivakkam,8.1,Chennai
2023-12-16,2023,12,Tondairpet,8.0,Chennai
2023-12-16,2023,12,CD Hospital Tondiarpet,7.8,Chennai
2023-12-16,2023,12,Zone 09 Ice House,7.8,Chennai
2023-12-16,2023,12,DGP Office,7.7,Chennai
2023-12-16,2023,12,Zone 13 Adyar,7.2,Chennai
2023-12-16,2023,12,Zone 02 D15 Manali,7.05,Chennai
2023-12-16,2023,12,Sholinganallur,6.2,Chennai
2023-12-16,2023,12,Zone 13 Adyar Eco Park,6.0,Chennai
2023-12-16,2023,12,Sholinganallur,5.6,Chennai
2023-12-16,2023,12,Teynampet,5.4,Chennai
2023-12-16,2023,12,Zone 01 Thiruvottiyur,5.1,Chennai
2023-12-16,2023,12,Zone 05 GCC,5.0,Chennai
2023-12-16,2023,12,Thiruvottiyur,4.0,Chennai
2023-12-16,2023,12,Zone 14 U41 Perungudi,4.0,Chennai
2023-12-16,2023,12,Ambathur,3.4,Chennai
2023-12-16,2023,12,Zone 15 Sholinganallur,0.9,Chennai
2023-12-16,2023,12,Royapuram,0.2,Chennai
2023-12-17,2023,12,Zone 07 Ambattur,1.8,Chennai
2023-12-17,2023,12,Zone 07 U18 D81 Vanagaram,1.8,Chennai
2023-12-17,2023,12,Gov hr sec school MGR Nagar,0.6,Chennai
2023-12-17,2023,12,Royapuram,0.4,Chennai
2023-12-17,2023,12,Zone 03 Madhavaram,0.3,Chennai
2023-12-17,2023,12,Zone 03 Puzhal,0.3,Chennai
2023-12-17,2023,12,Zone 06 D65 Kolathur,0.3,Chennai
2023-12-17,2023,12,Zone 08 Anna Nagar,0.3,Chennai
2023-12-17,2023,12,Zone 10 Kodambakkam,0.3,Chennai
2023-12-17,2023,12,Zone 11 Valasaravakkam,0.3,Chennai
2023-12-17,2023,12,Zone 02 D15 Manali,0.15,Chennai
2023-12-18,2023,12,Royapuram,0.2,Chennai
2023-12-19,2023,12,Royapuram,0.6,Chennai
2023-12-20,2023,12,Royapuram,0.8,Chennai
2023-12-21,2023,12,Royapuram,0.8,Chennai
2023-12-22,2023,12,Sholinganallur,0.2,Chennai
2023-12-23,2023,12,Royapuram,0.6,Chennai
2023-12-24,2023,12,Royapuram,0.2,Chennai
2023-12-25,2023,12,Zone 14 U41 Perungudi,0.2,Chennai
2023-12-26,2023,12,Zone 14 U41 Perungudi,0.2,Chennai
