{
  "type": "FeatureCollection",
  "features": [
    {
      "type": "Feature",
      "id": 28121830,
      "geometry": {
        "type": "LineString",
        "coordinates": [
          [
            80.1473259,
            12.875443
          ],
          [
            80.1473024,
            12.8741332
          ],
          [
            80.1470666,
            12.8730302
          ],
          [
            80.1472788,
            12.8722029
          ],
          [
            80.1471845,
            12.8703186
          ],
          [
            80.1474249,
            12.8698936
          ],
          [
            80.1481075,
            12.8698621
          ],
          [
            80.1497383,
            12.8707156
          ],
          [
            80.1509657,
            12.8711591
          ],
          [
            80.1527939,
            12.8707156
          ],
          [
            80.1540299,
            12.8708829
          ],
          [
            80.1548281,
            12.8715356
          ],
          [
            80.1557293,
            12.8724978
          ],
          [
            80.1570597,
            12.8731254
          ],
          [
            80.1591797,
            12.8731254
          ],
          [
            80.1616001,
            12.8730417
          ],
          [
            80.1629563,
            12.873276
          ],
          [
            80.1644583,
            12.8733764
          ],
          [
            80.1657629,
            12.8730417
          ],
          [
            80.1668444,
            12.8725397
          ],
          [
            80.1670161,
            12.8712846
          ],
          [
            80.1684237,
            12.8692764
          ],
          [
            80.170063,
            12.8687911
          ],
          [
            80.1716509,
            12.869176
          ],
          [
            80.172741,
            12.8700294
          ],
          [
            80.1729984,
            12.8700294
          ],
          [
            80.1732817,
            12.8695692
          ],
          [
            80.1756077,
            12.8680213
          ],
          [
            80.1762026,
            12.8671538
          ],
          [
            80.1769028,
            12.8668753
          ],
          [
            80.177615,
            12.8663954
          ],
          [
            80.17793,
            12.8661875
          ],
          [
            80.1783593,
            12.8660601
          ],
          [
            80.1797276,
            12.8649253
          ],
          [
            80.1802254,
            12.8641303
          ],
          [
            80.182045,
            12.8634777
          ],
          [
            80.1832123,
            12.862415
          ],
          [
            80.1839676,
            12.8626911
          ],
          [
            80.1853581,
            12.8623564
          ],
          [
            80.1859417,
            12.8625572
          ],
          [
            80.1861305,
            12.8631095
          ],
          [
            80.1867571,
            12.8631932
          ],
          [
            80.1870404,
            12.8634191
          ],
          [
            80.1879587,
            12.8637287
          ],
          [
            80.1883021,
            12.8643814
          ],
          [
            80.1888428,
            12.8646491
          ],
          [
            80.1895027,
            12.8653143
          ],
          [
            80.1900768,
            12.8657864
          ],
          [
            80.1906129,
            12.8660325
          ],
          [
            80.1918095,
            12.8661707
          ],
          [
            80.1924355,
            12.8661101
          ],
          [
            80.1932725,
            12.865665
          ],
          [
            80.1938432,
            12.8655402
          ],
          [
            80.1944034,
            12.8653447
          ],
          [
            80.1949118,
            12.8649401
          ],
          [
            80.1956001,
            12.8646096
          ],
          [
            80.1958525,
            12.8645355
          ],
          [
            80.1960255,
            12.8645793
          ],
          [
            80.196814,
            12.8650277
          ],
          [
            80.1970596,
            12.8650109
          ],
          [
            80.1979069,
            12.8646164
          ],
          [
            80.1982355,
            12.8643298
          ],
          [
            80.1985052,
            12.8637161
          ],
          [
            80.198692,
            12.8636521
          ],
          [
            80.1993828,
            12.8636701
          ],
          [
            80.1998154,
            12.8640223
          ],
          [
            80.2001228,
            12.8646128
          ],
          [
            80.2002497,
            12.8664482
          ],
          [
            80.2019663,
            12.8670339
          ],
          [
            80.2026444,
            12.8689668
          ],
          [
            80.2022426,
            12.8705256
          ],
          [
            80.2020091,
            12.8720711
          ],
          [
            80.2020189,
            12.8724629
          ]
        ]
      },
      "properties": {
        "id": 28121830,
        "name": "OSM Drain Segment 30",
        "drain_type": "drain",
        "capacity": "50 m3/s",
        "status": "blocked",
        "district": "Chengalpattu",
        "data_source_type": "OpenStreetMap Public Data"
      }
    },
    {
      "type": "Feature",
      "id": 30209758,
      "geometry": {
        "type": "LineString",
        "coordinates": [
          [
            80.1215697,
            12.8670965
          ],
          [
            80.1212679,
            12.8669487
          ],
          [
            80.1207758,
            12.8672288
          ],
          [
            80.1198597,
            12.8680541
          ],
          [
            80.1192692,
            12.8685689
          ],
          [
            80.1186029,
            12.8690232
          ],
          [
            80.1180957,
            12.8692276
          ]
        ]
      },
      "properties": {
        "id": 30209758,
        "name": "OSM Drain Segment 58",
        "drain_type": "drain",
        "capacity": "28 m3/s",
        "status": "normal",
        "district": "Chengalpattu",
        "data_source_type": "OpenStreetMap Public Data"
      }
    },
    {
      "type": "Feature",
      "id": 32253705,
      "geometry": {
        "type": "LineString",
        "coordinates": [
          [
            80.0539082,
            12.8344634
          ],
          [
            80.0536742,
            12.8354285
          ],
          [
            80.0538936,
            12.8362794
          ],
          [
            80.0543188,
            12.8370919
          ],
          [
            80.0542793,
            12.8372774
          ],
          [
            80.054309,
            12.8376505
          ],
          [
            80.053796,
            12.8379861
          ]
        ]
      },
      "properties": {
        "id": 32253705,
        "name": "OSM Drain Segment 5",
        "drain_type": "drain",
        "capacity": "25 m3/s",
        "status": "blocked",
        "district": "Chengalpattu",
        "data_source_type": "OpenStreetMap Public Data"
      }
    },
    {
      "type": "Feature",
      "id": 98357329,
      "geometry": {
        "type": "LineString",
        "coordinates": [
          [
            80.2099966,
            12.8228454
          ],
          [
            80.221159,
            12.8228336
          ],
          [
            80.2212562,
            12.8229403
          ],
          [
            80.2240635,
            12.822898
          ],
          [
            80.2241174,
            12.8221791
          ],
          [
            80.2253843,
            12.8220139
          ],
          [
            80.2254866,
            12.8220734
          ],
          [
            80.2256031,
            12.8223912
          ],
          [
            80.2261797,
            12.8224909
          ]
        ]
      },
      "properties": {
        "id": 98357329,
        "name": "OSM Drain Segment 29",
        "drain_type": "drain",
        "capacity": "49 m3/s",
        "status": "normal",
        "district": "Chengalpattu",
        "data_source_type": "OpenStreetMap Public Data"
      }
    },
    {
      "type": "Feature",
      "id": 98357538,
      "geometry": {
        "type": "LineString",
        "coordinates": [
          [
            80.2031162,
            12.8071406
          ],
          [
            80.2032257,
            12.8071654
          ],
          [
            80.2034488,
            12.8071249
          ],
          [
            80.2036071,
            12.8070857
          ],
          [
            80.2043071,
            12.8068241
          ],
          [
            80.2049214,
            12.8065102
          ],
          [
            80.20527,
            12.8062696
          ],
          [
            80.2061968,
            12.8054849
          ]
        ]
      },
      "properties": {
        "id": 98357538,
        "name": "OSM Drain Segment 38",
        "drain_type": "drain",
        "capacity": "58 m3/s",
        "status": "normal",
        "district": "Chengalpattu",
        "data_source_type": "OpenStreetMap Public Data"
      }
    },
    {
      "type": "Feature",
      "id": 98357590,
      "geometry": {
        "type": "LineString",
        "coordinates": [
          [
            80.0681273,
            12.8548275
          ],
          [
            80.0679485,
            12.8552733
          ],
          [
            80.068051,
            12.8556099
          ],
          [
            80.0664964,
            12.857558
          ],
          [
            80.0663703,
            12.8581822
          ],
          [
            80.0656378,
            12.8585987
          ],
          [
            80.0654196,
            12.8588738
          ],
          [
            80.0652669,
            12.8594447
          ],
          [
            80.0650832,
            12.8599005
          ],
          [
            80.065067,
            12.8601586
          ],
          [
            80.0649385,
            12.8606514
          ],
          [
            80.0649177,
            12.861024
          ],
          [
            80.064635,
            12.8614846
          ],
          [
            80.0645345,
            12.8615811
          ],
          [
            80.0641859,
            12.8616988
          ],
          [
            80.0641055,
            12.8618976
          ],
          [
            80.0642076,
            12.8621529
          ],
          [
            80.0643526,
            12.8625892
          ],
          [
            80.0642183,
            12.862881
          ],
          [
            80.0640209,
            12.8630315
          ],
          [
            80.0632948,
            12.8634097
          ],
          [
            80.0624967,
            12.8640922
          ],
          [
            80.0625229,
            12.8643739
          ],
          [
            80.0625524,
            12.8645197
          ],
          [
            80.062488,
            12.8648092
          ],
          [
            80.0625455,
            12.8649802
          ],
          [
            80.0626365,
            12.8654657
          ],
          [
            80.0624818,
            12.8658863
          ],
          [
            80.0626264,
            12.866275
          ],
          [
            80.06288,
            12.866536
          ],
          [
            80.06296,
            12.8668048
          ],
          [
            80.0628985,
            12.8671625
          ],
          [
            80.0629553,
            12.8676068
          ],
          [
            80.0630191,
            12.867735
          ],
          [
            80.063283,
            12.8681057
          ],
          [
            80.0632678,
            12.8682958
          ],
          [
            80.0632192,
            12.86845
          ],
          [
            80.0628124,
            12.8689077
          ],
          [
            80.0626789,
            12.8691145
          ],
          [
            80.0623812,
            12.8695916
          ],
          [
            80.061972,
            12.8701108
          ],
          [
            80.0618823,
            12.8704887
          ],
          [
            80.0617361,
            12.870854
          ],
          [
            80.0615581,
            12.8714063
          ],
          [
            80.0613565,
            12.8723171
          ],
          [
            80.0610048,
            12.8728512
          ],
          [
            80.0607699,
            12.8730979
          ],
          [
            80.0606802,
            12.8734813
          ],
          [
            80.0607261,
            12.8739886
          ],
          [
            80.0609279,
            12.8745087
          ],
          [
            80.0609706,
            12.8746187
          ],
          [
            80.0572475,
            12.8777716
          ],
          [
            80.05652,
            12.8789685
          ]
        ]
      },
      "properties": {
        "id": 98357590,
        "name": "OSM Drain Segment 90",
        "drain_type": "drain",
        "capacity": "60 m3/s",
        "status": "blocked",
        "district": "Chengalpattu",
        "data_source_type": "OpenStreetMap Public Data"
      }
    },
    {
      "type": "Feature",
      "id": 99052516,
      "geometry": {
        "type": "LineString",
        "coordinates": [
          [
            80.0099734,
            12.778484
          ],
          [
            80.0097614,
            12.7782188
          ],
          [
            80.0068354,
            12.7716352
          ],
          [
            80.0066695,
            12.771033
          ],
          [
            80.0065266,
            12.7709117
          ],
          [
            80.0063285,
            12.7709791
          ],
          [
            80.0062317,
            12.7715094
          ],
          [
            80.0059783,
            12.7719633
          ],
          [
            80.0053377,
            12.7722554
          ],
          [
            80.0031351,
            12.7724396
          ],
          [
            80.0011721,
            12.7724666
          ],
          [
            80.0006975,
            12.7725115
          ],
          [
            79.9996561,
            12.7725565
          ],
          [
            79.9987207,
            12.7726014
          ],
          [
            79.9979603,
            12.7726688
          ],
          [
            79.9976977,
            12.7728081
          ],
          [
            79.9975871,
            12.7730014
          ]
        ]
      },
      "properties": {
        "id": 99052516,
        "name": "OSM Drain Segment 16",
        "drain_type": "drain",
        "capacity": "36 m3/s",
        "status": "partially_blocked",
        "district": "Chengalpattu",
        "data_source_type": "OpenStreetMap Public Data"
      }
    },
    {
      "type": "Feature",
      "id": 99052554,
      "geometry": {
        "type": "LineString",
        "coordinates": [
          [
            80.0103097,
            12.778551
          ],
          [
            80.0102867,
            12.7785648
          ],
          [
            80.0099734,
            12.778484
          ],
          [
            80.0095587,
            12.7785109
          ],
          [
            80.0086555,
            12.7786143
          ],
          [
            80.0075266,
            12.7785783
          ],
          [
            80.0067294,
            12.7782053
          ]
        ]
      },
      "properties": {
        "id": 99052554,
        "name": "OSM Drain Segment 54",
        "drain_type": "drain",
        "capacity": "24 m3/s",
        "status": "normal",
        "district": "Chengalpattu",
        "data_source_type": "OpenStreetMap Public Data"
      }
    },
    {
      "type": "Feature",
      "id": 202466360,
      "geometry": {
        "type": "LineString",
        "coordinates": [
          [
            79.8023236,
            12.6575233
          ],
          [
            79.8027778,
            12.656533
          ],
          [
            79.8029816,
            12.6551931
          ],
          [
            79.8027563,
            12.6546488
          ],
          [
            79.8048484,
            12.6528064
          ],
          [
            79.8048592,
            12.650943
          ],
          [
            79.8043334,
            12.6499276
          ],
          [
            79.8044729,
            12.6489854
          ],
          [
            79.8038506,
            12.6476245
          ],
          [
            79.8037648,
            12.6466091
          ],
          [
            79.8029816,
            12.6451644
          ],
          [
            79.8031728,
            12.6428005
          ],
          [
            79.8031211,
            12.6412596
          ],
          [
            79.8025417,
            12.640265
          ],
          [
            79.8023003,
            12.639192
          ],
          [
            79.8024103,
            12.6382733
          ],
          [
            79.8023355,
            12.6380984
          ],
          [
            79.8022816,
            12.6373782
          ],
          [
            79.8026705,
            12.6361926
          ],
          [
            79.8025417,
            12.6318166
          ],
          [
            79.8030138,
            12.6295971
          ],
          [
            79.8028327,
            12.6270648
          ],
          [
            79.8051166,
            12.6240483
          ],
          [
            79.8065328,
            12.6233364
          ],
          [
            79.8073536,
            12.6221324
          ],
          [
            79.8076111,
            12.6212739
          ],
          [
            79.8074341,
            12.6204678
          ],
          [
            79.808051,
            12.6194365
          ],
          [
            79.8088825,
            12.6187246
          ],
          [
            79.809851,
            12.6182381
          ],
          [
            79.8107252,
            12.6176837
          ],
          [
            79.8112267,
            12.6166673
          ],
          [
            79.8115323,
            12.6152956
          ],
          [
            79.8114896,
            12.6147722
          ],
          [
            79.8112535,
            12.6140446
          ],
          [
            79.810701,
            12.6134897
          ],
          [
            79.8104542,
            12.6130604
          ],
          [
            79.8105581,
            12.6124079
          ],
          [
            79.8119724,
            12.610155
          ],
          [
            79.8124123,
            12.6088462
          ],
          [
            79.8128414,
            12.6062915
          ],
          [
            79.8142576,
            12.6021453
          ],
          [
            79.8141289,
            12.5997162
          ],
          [
            79.8127556,
            12.5983759
          ],
          [
            79.8124552,
            12.5972451
          ],
          [
            79.8133993,
            12.5946903
          ],
          [
            79.8165681,
            12.591908
          ],
          [
            79.817605,
            12.5875911
          ],
          [
            79.8169935,
            12.5818446
          ],
          [
            79.8172992,
            12.5809629
          ],
          [
            79.818073,
            12.5802857
          ],
          [
            79.8196542,
            12.5798634
          ],
          [
            79.8202658,
            12.5789157
          ],
          [
            79.8200995,
            12.5781775
          ],
          [
            79.8193699,
            12.577612
          ],
          [
            79.8186189,
            12.5772194
          ],
          [
            79.8184848,
            12.5763241
          ],
          [
            79.8189837,
            12.5757062
          ],
          [
            79.8207593,
            12.5750204
          ],
          [
            79.8205447,
            12.5746539
          ],
          [
            79.8208802,
            12.5731712
          ],
          [
            79.8206573,
            12.5726065
          ],
          [
            79.8202068,
            12.5722873
          ],
          [
            79.8194213,
            12.572188
          ],
          [
            79.8187101,
            12.5723082
          ],
          [
            79.8182595,
            12.5722611
          ],
          [
            79.8176368,
            12.5717471
          ],
          [
            79.8175406,
            12.5714129
          ],
          [
            79.817664,
            12.5712349
          ],
          [
            79.8176855,
            12.5706851
          ],
          [
            79.8178679,
            12.5699626
          ],
          [
            79.8188013,
            12.5692819
          ],
          [
            79.8192841,
            12.5692819
          ],
          [
            79.8194826,
            12.5685175
          ],
          [
            79.8194648,
            12.5674152
          ],
          [
            79.8186189,
            12.5661038
          ],
          [
            79.8180932,
            12.5657163
          ],
          [
            79.8178625,
            12.5652084
          ],
          [
            79.818474,
            12.5637685
          ],
          [
            79.8179752,
            12.5635538
          ],
          [
            79.8176962,
            12.5639884
          ],
          [
            79.8173064,
            12.5639198
          ],
          [
            79.8170221,
            12.5629092
          ],
          [
            79.8172824,
            12.5617996
          ],
          [
            79.8167713,
            12.560853
          ],
          [
            79.8166471,
            12.5606183
          ],
          [
            79.8167306,
            12.5601452
          ],
          [
            79.8170686,
            12.5595378
          ],
          [
            79.8171169,
            12.5585953
          ],
          [
            79.8174119,
            12.5575324
          ],
          [
            79.8179966,
            12.5555113
          ],
          [
            79.8176908,
            12.5547468
          ],
          [
            79.817723,
            12.5541499
          ],
          [
            79.8183453,
            12.553354
          ],
          [
            79.8186994,
            12.5517884
          ],
          [
            79.8179205,
            12.5503691
          ],
          [
            79.8184955,
            12.5487618
          ],
          [
            79.8194587,
            12.5482513
          ],
          [
            79.8200619,
            12.547369
          ],
          [
            79.8200834,
            12.5467616
          ],
          [
            79.8197186,
            12.5455048
          ],
          [
            79.8201263,
            12.5448136
          ],
          [
            79.8211133,
            12.5448555
          ],
          [
            79.8218,
            12.5444261
          ],
          [
            79.8226368,
            12.5442062
          ],
          [
            79.8232591,
            12.5435674
          ],
          [
            79.825201,
            12.5424887
          ],
          [
            79.826467,
            12.5407293
          ],
          [
            79.8268425,
            12.5396191
          ],
          [
            79.827379,
            12.5392735
          ],
          [
            79.8279798,
            12.5391793
          ],
          [
            79.8286557,
            12.538708
          ],
          [
            79.8293356,
            12.5376797
          ],
          [
            79.8294282,
            12.536472
          ],
          [
            79.8292726,
            12.5359641
          ],
          [
            79.8293263,
            12.5353933
          ],
          [
            79.8297983,
            12.5348068
          ],
          [
            79.8298252,
            12.5340737
          ],
          [
            79.8297608,
            12.5334296
          ],
          [
            79.8302125,
            12.5329694
          ],
          [
            79.8305815,
            12.5327383
          ],
          [
            79.831,
            12.5326493
          ],
          [
            79.8317081,
            12.5326703
          ],
          [
            79.832325,
            12.5328221
          ],
          [
            79.8329043,
            12.5326703
          ],
          [
            79.8335373,
            12.5330787
          ],
          [
            79.8342454,
            12.5330368
          ],
          [
            79.8350442,
            12.5332237
          ],
          [
            79.8358923,
            12.5328902
          ],
          [
            79.8360693,
            12.5326074
          ],
          [
            79.8362839,
            12.5319685
          ],
          [
            79.8367238,
            12.5319581
          ],
          [
            79.8371476,
            12.5320576
          ],
          [
            79.8377055,
            12.5318219
          ],
          [
            79.8384297,
            12.5317853
          ],
          [
            79.8398566,
            12.5309317
          ],
          [
            79.8404467,
            12.5308165
          ],
          [
            79.8409349,
            12.5309579
          ],
          [
            79.8411387,
            12.5316596
          ],
          [
            79.8415947,
            12.5318481
          ],
          [
            79.8423028,
            12.5318062
          ],
          [
            79.8427641,
            12.5315234
          ],
          [
            79.8429626,
            12.5312564
          ],
          [
            79.8431718,
            12.5311255
          ],
          [
            79.843458,
            12.5310263
          ],
          [
            79.843601,
            12.531094
          ],
          [
            79.8443788,
            12.5315182
          ],
          [
            79.8458701,
            12.531005
          ],
          [
            79.8463797,
            12.5307589
          ],
          [
            79.8472381,
            12.5309265
          ],
          [
            79.8479354,
            12.5312197
          ],
          [
            79.8491156,
            12.5304342
          ],
          [
            79.8503923,
            12.5298582
          ],
          [
            79.851079,
            12.5296068
          ],
          [
            79.8516583,
            12.5297849
          ],
          [
            79.8518515,
            12.5306018
          ],
          [
            79.8531067,
            12.5311045
          ],
          [
            79.8534608,
            12.5307903
          ],
          [
            79.8536968,
            12.5305599
          ],
          [
            79.8541152,
            12.530717
          ],
          [
            79.8544049,
            12.5310207
          ],
          [
            79.8549199,
            12.5309788
          ],
          [
            79.8551881,
            12.5304028
          ],
          [
            79.8554518,
            12.5302557
          ],
          [
            79.8572802,
            12.5303609
          ],
          [
            79.8575377,
            12.5300677
          ],
          [
            79.8574841,
            12.5296801
          ],
          [
            79.8578167,
            12.5294393
          ],
          [
            79.8584282,
            12.5294288
          ],
          [
            79.8586428,
            12.5299106
          ],
          [
            79.8588896,
            12.5298791
          ],
          [
            79.8590827,
            12.529544
          ],
          [
            79.8597586,
            12.5295335
          ],
          [
            79.8603644,
            12.5296374
          ],
          [
            79.8625484,
            12.5294505
          ],
          [
            79.8675259,
            12.5264465
          ]
        ]
      },
      "properties": {
        "id": 202466360,
        "name": "OSM Drain Segment 60",
        "drain_type": "stream",
        "capacity": "30 m3/s",
        "status": "blocked",
        "district": "Chengalpattu",
        "data_source_type": "OpenStreetMap Public Data"
      }
    },
    {
      "type": "Feature",
      "id": 202471888,
      "geometry": {
        "type": "LineString",
        "coordinates": [
          [
            80.0519406,
            12.8586687
          ],
          [
            80.0516412,
            12.8596487
          ],
          [
            80.0515822,
            12.8598605
          ],
          [
            80.051558,
            12.8600122
          ],
          [
            80.0515714,
            12.8601612
          ],
          [
            80.0517029,
            12.8603809
          ],
          [
            80.0518128,
            12.8605613
          ],
          [
            80.0520788,
            12.8610172
          ],
          [
            80.0523934,
            12.861882
          ],
          [
            80.0539341,
            12.8658559
          ],
          [
            80.0541372,
            12.8668541
          ],
          [
            80.0545851,
            12.8672524
          ],
          [
            80.0546272,
            12.8672714
          ],
          [
            80.055327,
            12.8675862
          ],
          [
            80.0556686,
            12.8677728
          ],
          [
            80.0559066,
            12.8681364
          ],
          [
            80.0561413,
            12.8686504
          ]
        ]
      },
      "properties": {
        "id": 202471888,
        "name": "OSM Drain Segment 88",
        "drain_type": "drain",
        "capacity": "58 m3/s",
        "status": "normal",
        "district": "Chengalpattu",
        "data_source_type": "OpenStreetMap Public Data"
      }
    },
    {
      "type": "Feature",
      "id": 202471903,
      "geometry": {
        "type": "LineString",
        "coordinates": [
          [
            79.8041779,
            12.8960512
          ],
          [
            79.8072947,
            12.8957188
          ],
          [
            79.8128675,
            12.8949445
          ],
          [
            79.820389,
            12.8975336
          ],
          [
            79.8287385,
            12.8965623
          ],
          [
            79.8344256,
            12.8939616
          ],
          [
            79.8408499,
            12.8924901
          ],
          [
            79.8520756,
            12.8852646
          ],
          [
            79.8565935,
            12.8807153
          ],
          [
            79.8552034,
            12.8723423
          ],
          [
            79.8490472,
            12.8570277
          ]
        ]
      },
      "properties": {
        "id": 202471903,
        "name": "OSM Drain Segment 3",
        "drain_type": "stream",
        "capacity": "23 m3/s",
        "status": "normal",
        "district": "Chengalpattu",
        "data_source_type": "OpenStreetMap Public Data"
      }
    },
    {
      "type": "Feature",
      "id": 202471914,
      "geometry": {
        "type": "LineString",
        "coordinates": [
          [
            80.0535048,
            12.8501769
          ],
          [
            80.054208,
            12.8506349
          ],
          [
            80.0545115,
            12.8508821
          ],
          [
            80.0551897,
            12.851911
          ],
          [
            80.0554472,
            12.8523634
          ],
          [
            80.0559756,
            12.8531165
          ],
          [
            80.0562653,
            12.8533911
          ],
          [
            80.0564021,
            12.8535245
          ],
          [
            80.056496,
            12.8536604
          ],
          [
            80.05674,
            12.8544109
          ],
          [
            80.0570404,
            12.8551353
          ],
          [
            80.0570351,
            12.8557524
          ],
          [
            80.0570673,
            12.8560035
          ],
          [
            80.0572765,
            12.856197
          ],
          [
            80.0577593,
            12.8563643
          ],
          [
            80.0583762,
            12.8566258
          ],
          [
            80.0592924,
            12.8572993
          ],
          [
            80.0594115,
            12.8575855
          ],
          [
            80.0594477,
            12.8578261
          ],
          [
            80.0594705,
            12.8581281
          ],
          [
            80.0594786,
            12.858506
          ],
          [
            80.0594062,
            12.8587596
          ],
          [
            80.0591996,
            12.8590525
          ],
          [
            80.0591674,
            12.8591885
          ],
          [
            80.0591862,
            12.8593271
          ],
          [
            80.0594223,
            12.8603992
          ],
          [
            80.0594705,
            12.8605848
          ],
          [
            80.0603865,
            12.862109
          ],
          [
            80.0617632,
            12.8640468
          ],
          [
            80.061682,
            12.8643059
          ],
          [
            80.0615747,
            12.864502
          ],
          [
            80.0615814,
            12.8646144
          ],
          [
            80.0615725,
            12.8650534
          ],
          [
            80.0605934,
            12.8658063
          ],
          [
            80.0606072,
            12.8670836
          ],
          [
            80.0606199,
            12.8678673
          ],
          [
            80.0601331,
            12.8684886
          ],
          [
            80.0599614,
            12.8688714
          ],
          [
            80.0600325,
            12.8696506
          ],
          [
            80.0600409,
            12.8697877
          ],
          [
            80.059272,
            12.8709554
          ],
          [
            80.0593686,
            12.8718026
          ],
          [
            80.0597031,
            12.8725063
          ],
          [
            80.0589307,
            12.8730664
          ],
          [
            80.0584415,
            12.8739282
          ],
          [
            80.0580638,
            12.8748653
          ],
          [
            80.057978,
            12.8755347
          ],
          [
            80.0570081,
            12.875677
          ],
          [
            80.0559781,
            12.8768651
          ],
          [
            80.0553344,
            12.8770408
          ],
          [
            80.0552486,
            12.8774341
          ],
          [
            80.0553945,
            12.8779529
          ],
          [
            80.0550426,
            12.8788732
          ],
          [
            80.0546735,
            12.8790657
          ],
          [
            80.0544074,
            12.8794924
          ],
          [
            80.054725,
            12.8799108
          ],
          [
            80.054519,
            12.8803291
          ],
          [
            80.0546134,
            12.8808563
          ],
          [
            80.0544761,
            12.8809985
          ],
          [
            80.0533603,
            12.8813917
          ],
          [
            80.0530084,
            12.8813499
          ],
          [
            80.0525358,
            12.8818276
          ],
          [
            80.0524125,
            12.8824457
          ],
          [
            80.0529409,
            12.8836475
          ],
          [
            80.0536277,
            12.8841282
          ],
          [
            80.054297,
            12.8846947
          ],
          [
            80.0543322,
            12.885433
          ],
          [
            80.0548253,
            12.8855703
          ],
          [
            80.0553537,
            12.8862914
          ],
          [
            80.0553713,
            12.8872013
          ],
          [
            80.0563388,
            12.888545
          ],
          [
            80.0567836,
            12.8889856
          ],
          [
            80.0572889,
            12.8894558
          ],
          [
            80.0573074,
            12.8897218
          ],
          [
            80.0572829,
            12.8905781
          ],
          [
            80.0576086,
            12.8913607
          ],
          [
            80.057525,
            12.8918542
          ],
          [
            80.0576262,
            12.8922515
          ],
          [
            80.0576675,
            12.8926535
          ],
          [
            80.0577827,
            12.8929114
          ],
          [
            80.0581241,
            12.8935232
          ],
          [
            80.0587705,
            12.8946721
          ],
          [
            80.058918,
            12.8949688
          ],
          [
            80.0589368,
            12.8952485
          ],
          [
            80.0589394,
            12.895824
          ],
          [
            80.058906,
            12.8967766
          ]
        ]
      },
      "properties": {
        "id": 202471914,
        "name": "OSM Drain Segment 14",
        "drain_type": "stream",
        "capacity": "34 m3/s",
        "status": "normal",
        "district": "Chengalpattu",
        "data_source_type": "OpenStreetMap Public Data"
      }
    },
    {
      "type": "Feature",
      "id": 385083691,
      "geometry": {
        "type": "LineString",
        "coordinates": [
          [
            79.9935598,
            12.8506655
          ],
          [
            79.9936439,
            12.8506177
          ],
          [
            79.9941008,
            12.8504777
          ],
          [
            79.9944199,
            12.8504656
          ],
          [
            79.9946501,
            12.8505501
          ],
          [
            79.9947616,
            12.8506659
          ],
          [
            79.9947987,
            12.8508832
          ],
          [
            79.9947838,
            12.8512259
          ],
          [
            79.9948383,
            12.8513007
          ],
          [
            79.9950215,
            12.8513707
          ],
          [
            79.9953483,
            12.851448
          ],
          [
            79.9959202,
            12.8516411
          ],
          [
            79.9961801,
            12.8517907
          ],
          [
            79.9964302,
            12.8520128
          ],
          [
            79.9965317,
            12.8522034
          ],
          [
            79.9965675,
            12.8524296
          ],
          [
            79.9966691,
            12.8526105
          ],
          [
            79.9972643,
            12.8534776
          ],
          [
            79.9975479,
            12.8537779
          ],
          [
            79.9975654,
            12.8538906
          ],
          [
            79.997905,
            12.8543446
          ],
          [
            79.9981361,
            12.8545562
          ],
          [
            79.9983811,
            12.8549692
          ],
          [
            79.9986297,
            12.8552355
          ],
          [
            79.9988398,
            12.8555632
          ],
          [
            79.9989623,
            12.8559182
          ],
          [
            79.9993265,
            12.8561298
          ],
          [
            79.9999077,
            12.8562219
          ],
          [
            80.0002578,
            12.8564643
          ],
          [
            80.0009615,
            12.8570412
          ],
          [
            80.0016793,
            12.8571504
          ],
          [
            80.0027686,
            12.857511
          ],
          [
            80.0032241,
            12.85754
          ],
          [
            80.0048135,
            12.8573276
          ],
          [
            80.0055116,
            12.8573469
          ],
          [
            80.0057939,
            12.8574145
          ],
          [
            80.006185,
            12.8578007
          ],
          [
            80.0063435,
            12.8583751
          ],
          [
            80.0060811,
            12.8611845
          ],
          [
            80.0064326,
            12.8639119
          ],
          [
            80.0067099,
            12.8651669
          ],
          [
            80.0064029,
            12.8660648
          ],
          [
            80.0064029,
            12.8664992
          ],
          [
            80.0067495,
            12.8674839
          ],
          [
            80.0072842,
            12.8681887
          ],
          [
            80.0077868,
            12.8687341
          ],
          [
            80.0083438,
            12.8691686
          ],
          [
            80.0084552,
            12.8694558
          ],
          [
            80.0084973,
            12.8697357
          ],
          [
            80.0085545,
            12.8700724
          ],
          [
            80.0086736,
            12.8702703
          ]
        ]
      },
      "properties": {
        "id": 385083691,
        "name": "OSM Drain Segment 91",
        "drain_type": "drain",
        "capacity": "61 m3/s",
        "status": "partially_blocked",
        "district": "Chengalpattu",
        "data_source_type": "OpenStreetMap Public Data"
      }
    },
    {
      "type": "Feature",
      "id": 385083692,
      "geometry": {
        "type": "LineString",
        "coordinates": [
          [
            79.9960786,
            12.8512283
          ],
          [
            79.9964945,
            12.8510859
          ],
          [
            79.9971679,
            12.8505911
          ],
          [
            79.9977076,
            12.8502773
          ],
          [
            79.9982176,
            12.8501108
          ],
          [
            79.9986633,
            12.8498018
          ],
          [
            79.9991064,
            12.8494325
          ],
          [
            79.9992793,
            12.8491358
          ]
        ]
      },
      "properties": {
        "id": 385083692,
        "name": "OSM Drain Segment 92",
        "drain_type": "stream",
        "capacity": "62 m3/s",
        "status": "normal",
        "district": "Chengalpattu",
        "data_source_type": "OpenStreetMap Public Data"
      }
    },
    {
      "type": "Feature",
      "id": 385862780,
      "geometry": {
        "type": "LineString",
        "coordinates": [
          [
            80.060975,
            12.8520962
          ],
          [
            80.0614607,
            12.8518822
          ]
        ]
      },
      "properties": {
        "id": 385862780,
        "name": "OSM Drain Segment 80",
        "drain_type": "ditch",
        "capacity": "50 m3/s",
        "status": "blocked",
        "district": "Chengalpattu",
        "data_source_type": "OpenStreetMap Public Data"
      }
    },
    {
      "type": "Feature",
      "id": 385862823,
      "geometry": {
        "type": "LineString",
        "coordinates": [
          [
            80.0619144,
            12.8517307
          ],
          [
            80.0620292,
            12.8516837
          ]
        ]
      },
      "properties": {
        "id": 385862823,
        "name": "OSM Drain Segment 23",
        "drain_type": "ditch",
        "capacity": "43 m3/s",
        "status": "normal",
        "district": "Chengalpattu",
        "data_source_type": "OpenStreetMap Public Data"
      }
    },
    {
      "type": "Feature",
      "id": 385863726,
      "geometry": {
        "type": "LineString",
        "coordinates": [
          [
            80.067384,
            12.8533183
          ],
          [
            80.0677203,
            12.8537554
          ]
        ]
      },
      "properties": {
        "id": 385863726,
        "name": "OSM Drain Segment 26",
        "drain_type": "ditch",
        "capacity": "46 m3/s",
        "status": "partially_blocked",
        "district": "Chengalpattu",
        "data_source_type": "OpenStreetMap Public Data"
      }
    },
    {
      "type": "Feature",
      "id": 385863779,
      "geometry": {
        "type": "LineString",
        "coordinates": [
          [
            80.0667863,
            12.8523872
          ],
          [
            80.0667956,
            12.8524805
          ],
          [
            80.067314,
            12.8532159
          ]
        ]
      },
      "properties": {
        "id": 385863779,
        "name": "OSM Drain Segment 79",
        "drain_type": "ditch",
        "capacity": "49 m3/s",
        "status": "normal",
        "district": "Chengalpattu",
        "data_source_type": "OpenStreetMap Public Data"
      }
    },
    {
      "type": "Feature",
      "id": 385863805,
      "geometry": {
        "type": "LineString",
        "coordinates": [
          [
            80.0666154,
            12.8521164
          ],
          [
            80.0667298,
            12.8522439
          ]
        ]
      },
      "properties": {
        "id": 385863805,
        "name": "OSM Drain Segment 5",
        "drain_type": "ditch",
        "capacity": "25 m3/s",
        "status": "blocked",
        "district": "Chengalpattu",
        "data_source_type": "OpenStreetMap Public Data"
      }
    },
    {
      "type": "Feature",
      "id": 385863837,
      "geometry": {
        "type": "LineString",
        "coordinates": [
          [
            80.0655926,
            12.8515905
          ],
          [
            80.0659756,
            12.8520686
          ]
        ]
      },
      "properties": {
        "id": 385863837,
        "name": "OSM Drain Segment 37",
        "drain_type": "ditch",
        "capacity": "57 m3/s",
        "status": "normal",
        "district": "Chengalpattu",
        "data_source_type": "OpenStreetMap Public Data"
      }
    },
    {
      "type": "Feature",
      "id": 385863947,
      "geometry": {
        "type": "LineString",
        "coordinates": [
          [
            80.0629591,
            12.8533212
          ],
          [
            80.0630198,
            12.8533281
          ],
          [
            80.0632883,
            12.8537925
          ],
          [
            80.0634845,
            12.8540315
          ],
          [
            80.0637063,
            12.8543206
          ],
          [
            80.0638814,
            12.8546143
          ]
        ]
      },
      "properties": {
        "id": 385863947,
        "name": "OSM Drain Segment 47",
        "drain_type": "ditch",
        "capacity": "67 m3/s",
        "status": "normal",
        "district": "Chengalpattu",
        "data_source_type": "OpenStreetMap Public Data"
      }
    },
    {
      "type": "Feature",
      "id": 385865322,
      "geometry": {
        "type": "LineString",
        "coordinates": [
          [
            80.0554873,
            12.8524136
          ],
          [
            80.0557642,
            12.8528523
          ],
          [
            80.0559065,
            12.8532198
          ],
          [
            80.0564373,
            12.8534073
          ],
          [
            80.0565604,
            12.8536698
          ],
          [
            80.0565989,
            12.854266
          ],
          [
            80.0566489,
            12.8544797
          ],
          [
            80.0568873,
            12.8546185
          ],
          [
            80.0570373,
            12.8547685
          ],
          [
            80.0571527,
            12.8549897
          ],
          [
            80.0568642,
            12.8553234
          ],
          [
            80.0569065,
            12.8556272
          ],
          [
            80.0570258,
            12.8560621
          ],
          [
            80.0572719,
            12.8561596
          ],
          [
            80.0580912,
            12.8563621
          ]
        ]
      },
      "properties": {
        "id": 385865322,
        "name": "OSM Drain Segment 22",
        "drain_type": "ditch",
        "capacity": "42 m3/s",
        "status": "normal",
        "district": "Chengalpattu",
        "data_source_type": "OpenStreetMap Public Data"
      }
    },
    {
      "type": "Feature",
      "id": 474187378,
      "geometry": {
        "type": "LineString",
        "coordinates": [
          [
            80.0534047,
            12.8381164
          ],
          [
            80.0533291,
            12.8381396
          ],
          [
            80.0530125,
            12.838013
          ],
          [
            80.0525151,
            12.8380986
          ],
          [
            80.0513157,
            12.8383791
          ],
          [
            80.0512279,
            12.8385882
          ],
          [
            80.0520185,
            12.8397041
          ],
          [
            80.0519469,
            12.839981
          ],
          [
            80.0519909,
            12.84023
          ],
          [
            80.0523219,
            12.8417225
          ],
          [
            80.0541777,
            12.847876
          ],
          [
            80.0535194,
            12.848513
          ],
          [
            80.053339,
            12.8495541
          ],
          [
            80.0533631,
            12.8498974
          ],
          [
            80.0535048,
            12.8501769
          ]
        ]
      },
      "properties": {
        "id": 474187378,
        "name": "OSM Drain Segment 78",
        "drain_type": "drain",
        "capacity": "48 m3/s",
        "status": "normal",
        "district": "Chengalpattu",
        "data_source_type": "OpenStreetMap Public Data"
      }
    },
    {
      "type": "Feature",
      "id": 521787938,
      "geometry": {
        "type": "LineString",
        "coordinates": [
          [
            79.8864698,
            12.488843
          ],
          [
            79.8869079,
            12.4891871
          ]
        ]
      },
      "properties": {
        "id": 521787938,
        "name": "OSM Drain Segment 38",
        "drain_type": "stream",
        "capacity": "58 m3/s",
        "status": "normal",
        "district": "Chengalpattu",
        "data_source_type": "OpenStreetMap Public Data"
      }
    },
    {
      "type": "Feature",
      "id": 535357187,
      "geometry": {
        "type": "LineString",
        "coordinates": [
          [
            80.053796,
            12.8379861
          ],
          [
            80.0534047,
            12.8381164
          ]
        ]
      },
      "properties": {
        "id": 535357187,
        "name": "OSM Drain Segment 87",
        "drain_type": "drain",
        "capacity": "57 m3/s",
        "status": "normal",
        "district": "Chengalpattu",
        "data_source_type": "OpenStreetMap Public Data"
      }
    },
    {
      "type": "Feature",
      "id": 641988900,
      "geometry": {
        "type": "LineString",
        "coordinates": [
          [
            80.1895919,
            12.6610563
          ],
          [
            80.1900291,
            12.6609463
          ],
          [
            80.1905387,
            12.6606873
          ],
          [
            80.1916411,
            12.6601298
          ],
          [
            80.192604,
            12.6596797
          ],
          [
            80.1933953,
            12.6592793
          ],
          [
            80.1940739,
            12.6589443
          ],
          [
            80.1950154,
            12.6585021
          ],
          [
            80.1952863,
            12.6584654
          ],
          [
            80.195694,
            12.6584262
          ],
          [
            80.1959541,
            12.6583607
          ],
          [
            80.1960422,
            12.6583393
          ]
        ]
      },
      "properties": {
        "id": 641988900,
        "name": "OSM Drain Segment 0",
        "drain_type": "drain",
        "capacity": "20 m3/s",
        "status": "blocked",
        "district": "Chengalpattu",
        "data_source_type": "OpenStreetMap Public Data"
      }
    },
    {
      "type": "Feature",
      "id": 642008303,
      "geometry": {
        "type": "LineString",
        "coordinates": [
          [
            80.1352619,
            12.6266363
          ],
          [
            80.1364055,
            12.6265779
          ],
          [
            80.1367839,
            12.6269745
          ],
          [
            80.1369478,
            12.6271432
          ],
          [
            80.1369847,
            12.627985
          ],
          [
            80.1374284,
            12.6282496
          ],
          [
            80.1379707,
            12.6291335
          ],
          [
            80.1380385,
            12.6297709
          ],
          [
            80.1381802,
            12.6303421
          ],
          [
            80.1382726,
            12.6311178
          ],
          [
            80.1384883,
            12.6314906
          ],
          [
            80.1385191,
            12.632158
          ],
          [
            80.1392216,
            12.6327773
          ],
          [
            80.1394064,
            12.6332343
          ],
          [
            80.1382911,
            12.6340882
          ],
          [
            80.1371819,
            12.6349721
          ],
          [
            80.1361282,
            12.6357297
          ],
          [
            80.1355243,
            12.6362047
          ],
          [
            80.1351423,
            12.6365174
          ],
          [
            80.1348896,
            12.6365234
          ],
          [
            80.1345014,
            12.6367639
          ],
          [
            80.1342364,
            12.6375516
          ],
          [
            80.1336263,
            12.6377955
          ],
          [
            80.1335646,
            12.6381683
          ],
          [
            80.133275,
            12.6386013
          ],
          [
            80.1334229,
            12.6390582
          ],
          [
            80.1333736,
            12.6393649
          ],
          [
            80.1333428,
            12.6396415
          ],
          [
            80.1336899,
            12.6398397
          ],
          [
            80.1339035,
            12.6399421
          ],
          [
            80.1344027,
            12.6406035
          ],
          [
            80.1345814,
            12.6412288
          ],
          [
            80.1347354,
            12.6418181
          ],
          [
            80.1349881,
            12.6423352
          ],
          [
            80.1354687,
            12.6430206
          ],
          [
            80.1357214,
            12.6435377
          ],
          [
            80.1359432,
            12.6444035
          ],
          [
            80.1358816,
            12.6446681
          ],
          [
            80.135746,
            12.6449086
          ],
          [
            80.1354575,
            12.6451644
          ]
        ]
      },
      "properties": {
        "id": 642008303,
        "name": "OSM Drain Segment 3",
        "drain_type": "stream",
        "capacity": "23 m3/s",
        "status": "normal",
        "district": "Chengalpattu",
        "data_source_type": "OpenStreetMap Public Data"
      }
    },
    {
      "type": "Feature",
      "id": 642028875,
      "geometry": {
        "type": "LineString",
        "coordinates": [
          [
            80.0699974,
            12.6642931
          ],
          [
            80.0705461,
            12.6644089
          ],
          [
            80.0709763,
            12.6646404
          ],
          [
            80.0712778,
            12.6647224
          ],
          [
            80.0717426,
            12.6649105
          ],
          [
            80.0720095,
            12.6648044
          ],
          [
            80.0725385,
            12.6648768
          ],
          [
            80.0731565,
            12.6649202
          ],
          [
            80.073646,
            12.6649539
          ],
          [
            80.0743975,
            12.6649346
          ],
          [
            80.0750698,
            12.665007
          ],
          [
            80.0760141,
            12.6649781
          ],
          [
            80.0763256,
            12.6649539
          ],
          [
            80.077171,
            12.6649153
          ],
          [
            80.0775616,
            12.6647706
          ],
          [
            80.0780609,
            12.6646163
          ],
          [
            80.078585,
            12.6645632
          ],
          [
            80.0789607,
            12.6649202
          ],
          [
            80.0792326,
            12.6651565
          ],
          [
            80.079727,
            12.6652048
          ],
          [
            80.0803844,
            12.6651999
          ],
          [
            80.0804893,
            12.6640959
          ],
          [
            80.0816433,
            12.6641325
          ],
          [
            80.0825276,
            12.6639936
          ],
          [
            80.0837865,
            12.6637816
          ],
          [
            80.0838902,
            12.6658557
          ],
          [
            80.0842082,
            12.6662658
          ],
          [
            80.0857416,
            12.6667644
          ],
          [
            80.0871386,
            12.6679502
          ],
          [
            80.0884902,
            12.6679834
          ],
          [
            80.0882148,
            12.6724849
          ],
          [
            80.0876957,
            12.6734003
          ]
        ]
      },
      "properties": {
        "id": 642028875,
        "name": "OSM Drain Segment 75",
        "drain_type": "stream",
        "capacity": "45 m3/s",
        "status": "blocked",
        "district": "Chengalpattu",
        "data_source_type": "OpenStreetMap Public Data"
      }
    },
    {
      "type": "Feature",
      "id": 642840218,
      "geometry": {
        "type": "LineString",
        "coordinates": [
          [
            80.2177868,
            12.8182388
          ],
          [
            80.2181195,
            12.8188324
          ],
          [
            80.2183743,
            12.8193155
          ],
          [
            80.2184635,
            12.8195051
          ],
          [
            80.2185457,
            12.8196542
          ],
          [
            80.2187012,
            12.8205644
          ],
          [
            80.2187603,
            12.8207684
          ],
          [
            80.2194415,
            12.8207997
          ],
          [
            80.2211152,
            12.8207788
          ],
          [
            80.2211061,
            12.8209506
          ],
          [
            80.2211285,
            12.8225676
          ],
          [
            80.221159,
            12.8228336
          ]
        ]
      },
      "properties": {
        "id": 642840218,
        "name": "OSM Drain Segment 18",
        "drain_type": "drain",
        "capacity": "38 m3/s",
        "status": "normal",
        "district": "Chengalpattu",
        "data_source_type": "OpenStreetMap Public Data"
      }
    },
    {
      "type": "Feature",
      "id": 643533209,
      "geometry": {
        "type": "LineString",
        "coordinates": [
          [
            80.024265,
            12.8088148
          ],
          [
            80.0242398,
            12.8089709
          ],
          [
            80.0241755,
            12.8091561
          ],
          [
            80.0241173,
            12.8092068
          ],
          [
            80.0240407,
            12.8094159
          ],
          [
            80.0239887,
            12.8097623
          ],
          [
            80.024004,
            12.81004
          ],
          [
            80.0239642,
            12.8103506
          ],
          [
            80.023955,
            12.8109986
          ],
          [
            80.0239979,
            12.8110345
          ]
        ]
      },
      "properties": {
        "id": 643533209,
        "name": "OSM Drain Segment 9",
        "drain_type": "drain",
        "capacity": "29 m3/s",
        "status": "normal",
        "district": "Chengalpattu",
        "data_source_type": "OpenStreetMap Public Data"
      }
    },
    {
      "type": "Feature",
      "id": 731551448,
      "geometry": {
        "type": "LineString",
        "coordinates": [
          [
            80.2479894,
            13.0061275
          ],
          [
            80.2479776,
            13.0056313
          ],
          [
            80.2479856,
            13.005299
          ],
          [
            80.2479658,
            13.004558
          ],
          [
            80.2479635,
            13.004344
          ],
          [
            80.2479723,
            13.0036629
          ],
          [
            80.2480712,
            13.0031549
          ],
          [
            80.2492698,
            12.9983525
          ],
          [
            80.249707,
            12.9969825
          ],
          [
            80.2502067,
            12.9950319
          ],
          [
            80.2501978,
            12.9946535
          ],
          [
            80.2510045,
            12.9917066
          ],
          [
            80.2513353,
            12.9908874
          ],
          [
            80.2519952,
            12.98845
          ],
          [
            80.2519653,
            12.9880872
          ],
          [
            80.2520739,
            12.9875439
          ],
          [
            80.2524287,
            12.9860048
          ],
          [
            80.2536181,
            12.981402
          ],
          [
            80.2537388,
            12.9797908
          ],
          [
            80.2537598,
            12.9782499
          ],
          [
            80.2536173,
            12.9771315
          ],
          [
            80.2533017,
            12.9749778
          ],
          [
            80.2526945,
            12.9716333
          ],
          [
            80.251794,
            12.9674808
          ],
          [
            80.2514677,
            12.9659763
          ],
          [
            80.2508733,
            12.9623165
          ],
          [
            80.2504608,
            12.9606372
          ],
          [
            80.2486912,
            12.9510865
          ],
          [
            80.2476345,
            12.9458069
          ],
          [
            80.2466475,
            12.9405472
          ],
          [
            80.2461836,
            12.9377468
          ],
          [
            80.2454698,
            12.9339899
          ],
          [
            80.2438241,
            12.9255834
          ],
          [
            80.2433467,
            12.9230319
          ],
          [
            80.2389801,
            12.9007782
          ],
          [
            80.2389264,
            12.9000462
          ],
          [
            80.2388138,
            12.8988958
          ],
          [
            80.2386202,
            12.8969947
          ],
          [
            80.2405634,
            12.8833974
          ],
          [
            80.2410397,
            12.8779915
          ],
          [
            80.2416284,
            12.8742012
          ],
          [
            80.2417088,
            12.8735129
          ],
          [
            80.2417299,
            12.8732622
          ],
          [
            80.2417305,
            12.8730467
          ],
          [
            80.2417133,
            12.8728185
          ],
          [
            80.2416896,
            12.8726902
          ],
          [
            80.241565,
            12.872251
          ],
          [
            80.2413955,
            12.8719273
          ],
          [
            80.2385053,
            12.8672473
          ],
          [
            80.236262,
            12.8577032
          ],
          [
            80.2348637,
            12.85342
          ],
          [
            80.2354063,
            12.8425744
          ],
          [
            80.2355733,
            12.8413534
          ],
          [
            80.2365333,
            12.8386572
          ],
          [
            80.2370238,
            12.8373141
          ],
          [
            80.2376482,
            12.8360695
          ],
          [
            80.2378657,
            12.8339044
          ],
          [
            80.2380997,
            12.8317599
          ],
          [
            80.2382139,
            12.8301289
          ],
          [
            80.237877,
            12.8284392
          ],
          [
            80.2375729,
            12.8266385
          ],
          [
            80.2380237,
            12.8237308
          ],
          [
            80.238433,
            12.8190291
          ],
          [
            80.2392705,
            12.8164416
          ],
          [
            80.2401566,
            12.8140489
          ],
          [
            80.2405697,
            12.8120559
          ],
          [
            80.2414174,
            12.807294
          ],
          [
            80.2415163,
            12.8061627
          ],
          [
            80.2412289,
            12.8058645
          ],
          [
            80.2396215,
            12.803463
          ],
          [
            80.2386536,
            12.8012736
          ],
          [
            80.2384052,
            12.7982499
          ],
          [
            80.2359162,
            12.7841995
          ],
          [
            80.2350234,
            12.7802881
          ],
          [
            80.2337152,
            12.7745568
          ],
          [
            80.2336264,
            12.7741677
          ],
          [
            80.2320503,
            12.7670192
          ],
          [
            80.2312338,
            12.7630345
          ],
          [
            80.230974,
            12.7610743
          ],
          [
            80.2303832,
            12.7558706
          ],
          [
            80.2298176,
            12.7514404
          ],
          [
            80.2294341,
            12.7486425
          ],
          [
            80.2292969,
            12.7463946
          ],
          [
            80.2288198,
            12.7445025
          ],
          [
            80.2255046,
            12.7370098
          ],
          [
            80.2244532,
            12.734425
          ],
          [
            80.2225649,
            12.7314215
          ],
          [
            80.2217173,
            12.729946
          ],
          [
            80.2180803,
            12.7221807
          ],
          [
            80.2158018,
            12.7171315
          ],
          [
            80.2153337,
            12.7165084
          ],
          [
            80.2141535,
            12.7141118
          ],
          [
            80.2130699,
            12.7119035
          ],
          [
            80.2112675,
            12.7082509
          ],
          [
            80.2069652,
            12.6992918
          ],
          [
            80.2032423,
            12.691578
          ],
          [
            80.2028453,
            12.6906045
          ],
          [
            80.2024698,
            12.6894532
          ],
          [
            80.2017724,
            12.6861666
          ],
          [
            80.2006888,
            12.6806086
          ],
          [
            80.1995623,
            12.6756576
          ],
          [
            80.1989186,
            12.6724232
          ],
          [
            80.1980603,
            12.6682885
          ],
          [
            80.1974702,
            12.6655355
          ],
          [
            80.1961369,
            12.6588484
          ],
          [
            80.1960422,
            12.6583393
          ],
          [
            80.1955283,
            12.6561248
          ],
          [
            80.1933718,
            12.6466091
          ],
          [
            80.19158,
            12.6385063
          ],
          [
            80.1907217,
            12.6348945
          ],
          [
            80.1899922,
            12.6326018
          ],
          [
            80.1877177,
            12.6253047
          ],
          [
            80.1867521,
            12.6224465
          ],
          [
            80.186284,
            12.6208815
          ],
          [
            80.1862235,
            12.6201775
          ],
          [
            80.1861595,
            12.6193849
          ],
          [
            80.186802,
            12.6149521
          ],
          [
            80.1867159,
            12.6142931
          ],
          [
            80.1859748,
            12.6126523
          ],
          [
            80.1858797,
            12.6117243
          ],
          [
            80.1862759,
            12.6105024
          ],
          [
            80.1863869,
            12.6098682
          ],
          [
            80.1861848,
            12.6094211
          ],
          [
            80.1843166,
            12.6076945
          ],
          [
            80.1824927,
            12.6059879
          ],
          [
            80.1817524,
            12.6047733
          ],
          [
            80.1811302,
            12.6039357
          ],
          [
            80.1795745,
            12.6007841
          ],
          [
            80.1789093,
            12.5992764
          ],
          [
            80.1776004,
            12.5950882
          ],
          [
            80.1760125,
            12.5902193
          ],
          [
            80.1751113,
            12.5872769
          ],
          [
            80.1748001,
            12.5866068
          ],
          [
            80.1732207,
            12.5844486
          ],
          [
            80.1726002,
            12.5836682
          ],
          [
            80.1713305,
            12.5818014
          ],
          [
            80.1700127,
            12.5800605
          ],
          [
            80.1670676,
            12.5758432
          ],
          [
            80.1655304,
            12.5728324
          ],
          [
            80.1645324,
            12.5707373
          ],
          [
            80.1641854,
            12.5692473
          ],
          [
            80.1634339,
            12.5633535
          ],
          [
            80.1635234,
            12.5533872
          ],
          [
            80.1635518,
            12.5524644
          ],
          [
            80.1635429,
            12.551981
          ],
          [
            80.1635566,
            12.551264
          ],
          [
            80.1636351,
            12.5508309
          ],
          [
            80.1638875,
            12.550039
          ],
          [
            80.164333,
            12.5484092
          ],
          [
            80.1642699,
            12.5465926
          ],
          [
            80.1640327,
            12.5456593
          ],
          [
            80.1596898,
            12.5371004
          ],
          [
            80.1586486,
            12.5343773
          ],
          [
            80.1565294,
            12.525313
          ],
          [
            80.1565003,
            12.523137
          ],
          [
            80.1578438,
            12.5157483
          ],
          [
            80.157007,
            12.5132834
          ],
          [
            80.154333,
            12.5087827
          ],
          [
            80.152868,
            12.5058165
          ],
          [
            80.1526239,
            12.5040432
          ],
          [
            80.1525059,
            12.5017276
          ],
          [
            80.1527928,
            12.5004832
          ],
          [
            80.1539904,
            12.4964842
          ],
          [
            80.1542379,
            12.4948784
          ],
          [
            80.1541797,
            12.4932443
          ],
          [
            80.1538886,
            12.4921501
          ],
          [
            80.1512105,
            12.4889954
          ],
          [
            80.1493245,
            12.4824359
          ],
          [
            80.14889,
            12.4808437
          ],
          [
            80.1488726,
            12.4803095
          ],
          [
            80.149067,
            12.4798328
          ],
          [
            80.1492441,
            12.479152
          ],
          [
            80.1498985,
            12.4779734
          ],
          [
            80.1543799,
            12.4766579
          ],
          [
            80.1537333,
            12.473659
          ],
          [
            80.1528048,
            12.4728954
          ],
          [
            80.1531443,
            12.4696742
          ],
          [
            80.1530206,
            12.4689278
          ],
          [
            80.1525592,
            12.4685507
          ],
          [
            80.1514649,
            12.468315
          ],
          [
            80.1495449,
            12.4675018
          ],
          [
            80.1414051,
            12.454248
          ],
          [
            80.1389704,
            12.447318
          ],
          [
            80.1355319,
            12.4428834
          ],
          [
            80.1344905,
            12.4422248
          ],
          [
            80.1333482,
            12.4415025
          ],
          [
            80.1033199,
            12.4310245
          ],
          [
            80.0916023,
            12.4231393
          ],
          [
            80.0876211,
            12.40981
          ],
          [
            80.0868188,
            12.4037516
          ],
          [
            80.0864454,
            12.4009247
          ],
          [
            80.0863821,
            12.3997506
          ],
          [
            80.0866819,
            12.3960931
          ],
          [
            80.0862588,
            12.3947118
          ],
          [
            80.0856629,
            12.3927661
          ],
          [
            80.0829705,
            12.3901794
          ],
          [
            80.0819916,
            12.3892389
          ],
          [
            80.0809576,
            12.3882455
          ],
          [
            80.0805196,
            12.3872726
          ],
          [
            80.0800604,
            12.3862192
          ],
          [
            80.0782959,
            12.3819227
          ],
          [
            80.0782573,
            12.3809004
          ],
          [
            80.0779888,
            12.3758228
          ],
          [
            80.0777136,
            12.3745829
          ],
          [
            80.0758511,
            12.3716281
          ],
          [
            80.0723251,
            12.3683822
          ],
          [
            80.0716567,
            12.3675059
          ],
          [
            80.0693203,
            12.3636408
          ],
          [
            80.0685568,
            12.3618878
          ],
          [
            80.0681518,
            12.3599294
          ],
          [
            80.0668074,
            12.3578127
          ],
          [
            80.064767,
            12.3557423
          ],
          [
            80.0637291,
            12.3536651
          ],
          [
            80.06316,
            12.3528956
          ],
          [
            80.0633291,
            12.3511416
          ],
          [
            80.0631775,
            12.3499799
          ],
          [
            80.0625946,
            12.3486929
          ],
          [
            80.0587537,
            12.3452761
          ],
          [
            80.0565868,
            12.339389
          ],
          [
            80.0503127,
            12.3278242
          ],
          [
            80.0442827,
            12.3200495
          ],
          [
            80.0426723,
            12.3206719
          ],
          [
            80.041554,
            12.319479
          ],
          [
            80.0380584,
            12.3146201
          ],
          [
            80.0319905,
            12.3118616
          ],
          [
            80.0245228,
            12.3039077
          ],
          [
            80.0203229,
            12.296548
          ],
          [
            80.0162979,
            12.2916679
          ],
          [
            80.0146684,
            12.289867
          ],
          [
            80.011532,
            12.2874917
          ],
          [
            80.0107683,
            12.2859537
          ],
          [
            80.0106692,
            12.2840113
          ],
          [
            80.0119275,
            12.2740206
          ],
          [
            80.0082889,
            12.2702904
          ],
          [
            80.0050827,
            12.2645838
          ],
          [
            80.004075,
            12.2584743
          ],
          [
            80.0022789,
            12.2561108
          ],
          [
            80.0015247,
            12.2551183
          ],
          [
            79.9968565,
            12.2523463
          ],
          [
            79.9906315,
            12.2470516
          ],
          [
            79.9856196,
            12.2413438
          ],
          [
            79.9710396,
            12.2247262
          ],
          [
            79.9626977,
            12.2106811
          ],
          [
            79.9464701,
            12.2148118
          ],
          [
            79.9436824,
            12.2137054
          ],
          [
            79.9417299,
            12.2141763
          ]
        ]
      },
      "properties": {
        "id": 731551448,
        "name": "Buckingham Kaalvaai",
        "drain_type": "canal",
        "capacity": "68 m3/s",
        "status": "normal",
        "district": "Chengalpattu",
        "data_source_type": "OpenStreetMap Public Data"
      }
    },
    {
      "type": "Feature",
      "id": 831698016,
      "geometry": {
        "type": "LineString",
        "coordinates": [
          [
            80.2030492,
            12.8071406
          ],
          [
            80.2031162,
            12.8071406
          ]
        ]
      },
      "properties": {
        "id": 831698016,
        "name": "OSM Drain Segment 16",
        "drain_type": "drain",
        "capacity": "36 m3/s",
        "status": "partially_blocked",
        "district": "Chengalpattu",
        "data_source_type": "OpenStreetMap Public Data"
      }
    },
    {
      "type": "Feature",
      "id": 831698017,
      "geometry": {
        "type": "LineString",
        "coordinates": [
          [
            80.2002986,
            12.8080089
          ],
          [
            80.2003824,
            12.8079759
          ],
          [
            80.2007639,
            12.8078402
          ],
          [
            80.2017497,
            12.8074897
          ],
          [
            80.2024068,
            12.807253
          ],
          [
            80.2028909,
            12.8071314
          ],
          [
            80.2030492,
            12.8071406
          ]
        ]
      },
      "properties": {
        "id": 831698017,
        "name": "OSM Drain Segment 17",
        "drain_type": "drain",
        "capacity": "37 m3/s",
        "status": "normal",
        "district": "Chengalpattu",
        "data_source_type": "OpenStreetMap Public Data"
      }
    },
    {
      "type": "Feature",
      "id": 831698018,
      "geometry": {
        "type": "LineString",
        "coordinates": [
          [
            80.2002483,
            12.8080298
          ],
          [
            80.2002986,
            12.8080089
          ]
        ]
      },
      "properties": {
        "id": 831698018,
        "name": "OSM Drain Segment 18",
        "drain_type": "drain",
        "capacity": "38 m3/s",
        "status": "normal",
        "district": "Chengalpattu",
        "data_source_type": "OpenStreetMap Public Data"
      }
    },
    {
      "type": "Feature",
      "id": 831698019,
      "geometry": {
        "type": "LineString",
        "coordinates": [
          [
            80.1997066,
            12.808285
          ],
          [
            80.200119,
            12.8080953
          ],
          [
            80.2002483,
            12.8080298
          ]
        ]
      },
      "properties": {
        "id": 831698019,
        "name": "OSM Drain Segment 19",
        "drain_type": "drain",
        "capacity": "39 m3/s",
        "status": "normal",
        "district": "Chengalpattu",
        "data_source_type": "OpenStreetMap Public Data"
      }
    },
    {
      "type": "Feature",
      "id": 833745765,
      "geometry": {
        "type": "LineString",
        "coordinates": [
          [
            80.2193245,
            12.8260804
          ],
          [
            80.2195943,
            12.8260809
          ]
        ]
      },
      "properties": {
        "id": 833745765,
        "name": "OSM Drain Segment 65",
        "drain_type": "drain",
        "capacity": "35 m3/s",
        "status": "blocked",
        "district": "Chengalpattu",
        "data_source_type": "OpenStreetMap Public Data"
      }
    },
    {
      "type": "Feature",
      "id": 833745766,
      "geometry": {
        "type": "LineString",
        "coordinates": [
          [
            80.2107931,
            12.8263056
          ],
          [
            80.2134317,
            12.8260329
          ],
          [
            80.2159365,
            12.8260566
          ],
          [
            80.2164837,
            12.826104
          ],
          [
            80.2193245,
            12.8260804
          ]
        ]
      },
      "properties": {
        "id": 833745766,
        "name": "OSM Drain Segment 66",
        "drain_type": "drain",
        "capacity": "36 m3/s",
        "status": "partially_blocked",
        "district": "Chengalpattu",
        "data_source_type": "OpenStreetMap Public Data"
      }
    },
    {
      "type": "Feature",
      "id": 835726497,
      "geometry": {
        "type": "LineString",
        "coordinates": [
          [
            80.2195943,
            12.8260809
          ],
          [
            80.2215364,
            12.826201
          ]
        ]
      },
      "properties": {
        "id": 835726497,
        "name": "OSM Drain Segment 97",
        "drain_type": "drain",
        "capacity": "67 m3/s",
        "status": "normal",
        "district": "Chengalpattu",
        "data_source_type": "OpenStreetMap Public Data"
      }
    },
    {
      "type": "Feature",
      "id": 896205012,
      "geometry": {
        "type": "LineString",
        "coordinates": [
          [
            80.1308603,
            12.8427733
          ],
          [
            80.1307028,
            12.842662
          ],
          [
            80.1306586,
            12.8426275
          ],
          [
            80.1306524,
            12.8425533
          ],
          [
            80.1306409,
            12.8423532
          ],
          [
            80.1306175,
            12.8420858
          ],
          [
            80.1305943,
            12.8418961
          ],
          [
            80.1305594,
            12.8416712
          ],
          [
            80.1305219,
            12.8414698
          ],
          [
            80.1304656,
            12.8412528
          ],
          [
            80.1304119,
            12.8410357
          ],
          [
            80.1303449,
            12.8408657
          ],
          [
            80.1302939,
            12.8407245
          ],
          [
            80.1302242,
            12.8404839
          ],
          [
            80.1301384,
            12.8402103
          ],
          [
            80.1300327,
            12.8399606
          ],
          [
            80.1299392,
            12.8397247
          ],
          [
            80.1298274,
            12.839475
          ],
          [
            80.129742,
            12.8393085
          ]
        ]
      },
      "properties": {
        "id": 896205012,
        "name": "OSM Drain Segment 12",
        "drain_type": "canal",
        "capacity": "32 m3/s",
        "status": "normal",
        "district": "Chengalpattu",
        "data_source_type": "OpenStreetMap Public Data"
      }
    },
    {
      "type": "Feature",
      "id": 896205013,
      "geometry": {
        "type": "LineString",
        "coordinates": [
          [
            80.1296897,
            12.8392065
          ],
          [
            80.1296594,
            12.8391474
          ],
          [
            80.1295835,
            12.8389993
          ],
          [
            80.1295367,
            12.8389557
          ],
          [
            80.1293964,
            12.8387139
          ],
          [
            80.1292399,
            12.8384622
          ],
          [
            80.1291078,
            12.838272
          ],
          [
            80.1287582,
            12.8378419
          ],
          [
            80.1286098,
            12.8376635
          ],
          [
            80.1284634,
            12.837501
          ],
          [
            80.128313,
            12.8372969
          ],
          [
            80.1281951,
            12.8371819
          ]
        ]
      },
      "properties": {
        "id": 896205013,
        "name": "OSM Drain Segment 13",
        "drain_type": "canal",
        "capacity": "33 m3/s",
        "status": "normal",
        "district": "Chengalpattu",
        "data_source_type": "OpenStreetMap Public Data"
      }
    },
    {
      "type": "Feature",
      "id": 896205014,
      "geometry": {
        "type": "LineString",
        "coordinates": [
          [
            80.128011,
            12.8370187
          ],
          [
            80.1280072,
            12.8370154
          ],
          [
            80.1279091,
            12.8369284
          ],
          [
            80.1279044,
            12.8369243
          ],
          [
            80.127876,
            12.8368608
          ],
          [
            80.1278536,
            12.8366904
          ],
          [
            80.1278312,
            12.8364882
          ],
          [
            80.1278028,
            12.8362266
          ],
          [
            80.1277642,
            12.8359947
          ],
          [
            80.1277438,
            12.8355409
          ],
          [
            80.1277455,
            12.8355141
          ],
          [
            80.1277801,
            12.8354593
          ],
          [
            80.1278179,
            12.8354067
          ],
          [
            80.127908,
            12.8353421
          ],
          [
            80.1279442,
            12.8352685
          ],
          [
            80.1279973,
            12.8351874
          ],
          [
            80.1280451,
            12.8351055
          ],
          [
            80.128022,
            12.8350357
          ],
          [
            80.1279989,
            12.8349689
          ],
          [
            80.1279994,
            12.8349144
          ],
          [
            80.1279757,
            12.834637
          ]
        ]
      },
      "properties": {
        "id": 896205014,
        "name": "OSM Drain Segment 14",
        "drain_type": "canal",
        "capacity": "34 m3/s",
        "status": "normal",
        "district": "Chengalpattu",
        "data_source_type": "OpenStreetMap Public Data"
      }
    },
    {
      "type": "Feature",
      "id": 896205015,
      "geometry": {
        "type": "LineString",
        "coordinates": [
          [
            80.1281951,
            12.8371819
          ],
          [
            80.128011,
            12.8370187
          ]
        ]
      },
      "properties": {
        "id": 896205015,
        "name": "OSM Drain Segment 15",
        "drain_type": "canal",
        "capacity": "35 m3/s",
        "status": "blocked",
        "district": "Chengalpattu",
        "data_source_type": "OpenStreetMap Public Data"
      }
    },
    {
      "type": "Feature",
      "id": 896205016,
      "geometry": {
        "type": "LineString",
        "coordinates": [
          [
            80.129721,
            12.8392676
          ],
          [
            80.1296897,
            12.8392065
          ]
        ]
      },
      "properties": {
        "id": 896205016,
        "name": "OSM Drain Segment 16",
        "drain_type": "canal",
        "capacity": "36 m3/s",
        "status": "partially_blocked",
        "district": "Chengalpattu",
        "data_source_type": "OpenStreetMap Public Data"
      }
    },
    {
      "type": "Feature",
      "id": 896205017,
      "geometry": {
        "type": "LineString",
        "coordinates": [
          [
            80.129742,
            12.8393085
          ],
          [
            80.129721,
            12.8392676
          ]
        ]
      },
      "properties": {
        "id": 896205017,
        "name": "OSM Drain Segment 17",
        "drain_type": "canal",
        "capacity": "37 m3/s",
        "status": "normal",
        "district": "Chengalpattu",
        "data_source_type": "OpenStreetMap Public Data"
      }
    },
    {
      "type": "Feature",
      "id": 1017178657,
      "geometry": {
        "type": "LineString",
        "coordinates": [
          [
            79.880266,
            12.8445032
          ],
          [
            79.8805729,
            12.844152
          ],
          [
            79.880733,
            12.8437226
          ],
          [
            79.8808798,
            12.8433844
          ],
          [
            79.8810575,
            12.8427833
          ],
          [
            79.8809915,
            12.8421946
          ],
          [
            79.8812179,
            12.8420106
          ],
          [
            79.8815387,
            12.842167
          ],
          [
            79.8818501,
            12.8424245
          ],
          [
            79.8821426,
            12.8424429
          ],
          [
            79.8824162,
            12.8426453
          ],
          [
            79.8825766,
            12.8426361
          ],
          [
            79.8828974,
            12.8424797
          ],
          [
            79.8831427,
            12.8424613
          ],
          [
            79.883322,
            12.8423601
          ],
          [
            79.88369,
            12.8418266
          ],
          [
            79.8837654,
            12.8415322
          ],
          [
            79.8839164,
            12.8413022
          ],
          [
            79.8840296,
            12.8412562
          ],
          [
            79.884407,
            12.8413942
          ],
          [
            79.8851241,
            12.8412194
          ],
          [
            79.8859544,
            12.841293
          ],
          [
            79.8861242,
            12.841109
          ],
          [
            79.8860676,
            12.8408423
          ],
          [
            79.885794,
            12.8405939
          ],
          [
            79.8857374,
            12.8404099
          ],
          [
            79.8857657,
            12.8402351
          ],
          [
            79.8860299,
            12.8401155
          ],
          [
            79.8863979,
            12.8399223
          ],
          [
            79.8865677,
            12.8397016
          ],
          [
            79.8877188,
            12.8389564
          ],
          [
            79.8881245,
            12.8387816
          ],
          [
            79.8885589,
            12.8384277
          ],
          [
            79.889066,
            12.8382325
          ],
          [
            79.8893328,
            12.8382325
          ],
          [
            79.8894529,
            12.8377122
          ],
          [
            79.8897732,
            12.8376471
          ],
          [
            79.8906271,
            12.837465
          ],
          [
            79.8909741,
            12.8370877
          ],
          [
            79.8916146,
            12.8367364
          ],
          [
            79.8920202,
            12.8366057
          ],
          [
            79.8925236,
            12.8364353
          ],
          [
            79.892573,
            12.835928
          ]
        ]
      },
      "properties": {
        "id": 1017178657,
        "name": "OSM Drain Segment 57",
        "drain_type": "stream",
        "capacity": "27 m3/s",
        "status": "normal",
        "district": "Chengalpattu",
        "data_source_type": "OpenStreetMap Public Data"
      }
    },
    {
      "type": "Feature",
      "id": 1026900594,
      "geometry": {
        "type": "LineString",
        "coordinates": [
          [
            80.1481804,
            12.6490459
          ],
          [
            80.1486156,
            12.6487774
          ],
          [
            80.1505905,
            12.6491895
          ],
          [
            80.1540077,
            12.6495716
          ],
          [
            80.154936,
            12.6495901
          ],
          [
            80.1561719,
            12.6495425
          ],
          [
            80.1578632,
            12.649368
          ],
          [
            80.1587738,
            12.6491934
          ],
          [
            80.1599935,
            12.6487491
          ],
          [
            80.1616197,
            12.6483049
          ],
          [
            80.1628804,
            12.6480746
          ],
          [
            80.1633096,
            12.6479176
          ],
          [
            80.1643503,
            12.6477187
          ]
        ]
      },
      "properties": {
        "id": 1026900594,
        "name": "OSM Drain Segment 94",
        "drain_type": "canal",
        "capacity": "64 m3/s",
        "status": "normal",
        "district": "Chengalpattu",
        "data_source_type": "OpenStreetMap Public Data"
      }
    },
    {
      "type": "Feature",
      "id": 1148676068,
      "geometry": {
        "type": "LineString",
        "coordinates": [
          [
            79.805843,
            12.6706225
          ],
          [
            79.8000312,
            12.6629395
          ],
          [
            79.7991943,
            12.6606784
          ],
          [
            79.8013616,
            12.658836
          ],
          [
            79.8022134,
            12.6577635
          ],
          [
            79.8022717,
            12.6576363
          ]
        ]
      },
      "properties": {
        "id": 1148676068,
        "name": "OSM Drain Segment 68",
        "drain_type": "stream",
        "capacity": "38 m3/s",
        "status": "normal",
        "district": "Chengalpattu",
        "data_source_type": "OpenStreetMap Public Data"
      }
    },
    {
      "type": "Feature",
      "id": 1148676069,
      "geometry": {
        "type": "LineString",
        "coordinates": [
          [
            79.8022717,
            12.6576363
          ],
          [
            79.8023236,
            12.6575233
          ]
        ]
      },
      "properties": {
        "id": 1148676069,
        "name": "OSM Drain Segment 69",
        "drain_type": "stream",
        "capacity": "39 m3/s",
        "status": "normal",
        "district": "Chengalpattu",
        "data_source_type": "OpenStreetMap Public Data"
      }
    },
    {
      "type": "Feature",
      "id": 1149067476,
      "geometry": {
        "type": "LineString",
        "coordinates": [
          [
            79.8745805,
            12.5073998
          ],
          [
            79.874551,
            12.5070463
          ],
          [
            79.8744142,
            12.505428
          ],
          [
            79.8744035,
            12.5030634
          ],
          [
            79.8744008,
            12.5028906
          ],
          [
            79.8743176,
            12.5017725
          ],
          [
            79.8736417,
            12.4994367
          ],
          [
            79.873572,
            12.4988187
          ],
          [
            79.8736203,
            12.4984468
          ],
          [
            79.8740441,
            12.4948619
          ],
          [
            79.873985,
            12.4944167
          ],
          [
            79.8741755,
            12.4940632
          ],
          [
            79.8748675,
            12.4930393
          ],
          [
            79.8750579,
            12.4925679
          ],
          [
            79.8752108,
            12.4860682
          ],
          [
            79.8752886,
            12.4858351
          ],
          [
            79.875412,
            12.4856832
          ],
          [
            79.8766324,
            12.4848714
          ],
          [
            79.8769824,
            12.4847509
          ],
          [
            79.8773177,
            12.4847968
          ],
          [
            79.8776181,
            12.4849866
          ],
          [
            79.8782793,
            12.4851935
          ],
          [
            79.879607,
            12.4855209
          ],
          [
            79.88083,
            12.4859661
          ],
          [
            79.8827827,
            12.4869874
          ],
          [
            79.8853737,
            12.4876421
          ],
          [
            79.8864412,
            12.4879354
          ],
          [
            79.886983,
            12.4884015
          ],
          [
            79.8870206,
            12.4885167
          ],
          [
            79.8869079,
            12.4891871
          ],
          [
            79.8869026,
            12.4897947
          ],
          [
            79.8869884,
            12.4901351
          ],
          [
            79.8877931,
            12.4914811
          ],
          [
            79.8879755,
            12.4916382
          ],
          [
            79.8887667,
            12.4920572
          ],
          [
            79.8891677,
            12.4922458
          ],
          [
            79.890081,
            12.4925286
          ],
          [
            79.895035,
            12.4934242
          ],
          [
            79.8963278,
            12.4941941
          ],
          [
            79.8967248,
            12.4941732
          ],
          [
            79.8982751,
            12.4935761
          ],
          [
            79.9035323,
            12.4866208
          ],
          [
            79.9038648,
            12.4806289
          ],
          [
            79.9036342,
            12.4769207
          ],
          [
            79.9032587,
            12.4757317
          ],
          [
            79.9033767,
            12.4756531
          ],
          [
            79.908843,
            12.4772559
          ],
          [
            79.9101305,
            12.4769835
          ],
          [
            79.9111229,
            12.4776277
          ],
          [
            79.9199259,
            12.4766169
          ],
          [
            79.9224472,
            12.4765016
          ],
          [
            79.9234879,
            12.4756846
          ],
          [
            79.9246251,
            12.4707086
          ],
          [
            79.925065,
            12.4697658
          ],
          [
            79.9264705,
            12.4677021
          ],
          [
            79.9271947,
            12.4673983
          ],
          [
            79.9279672,
            12.4671993
          ],
          [
            79.9290293,
            12.4677178
          ],
          [
            79.9318309,
            12.467452
          ],
          [
            79.9320576,
            12.4674127
          ],
          [
            79.9357563,
            12.466864
          ],
          [
            79.9365395,
            12.4668064
          ],
          [
            79.9381864,
            12.4665602
          ],
          [
            79.9392754,
            12.4666755
          ],
          [
            79.9395114,
            12.4669164
          ],
          [
            79.9396616,
            12.4673747
          ],
          [
            79.9400747,
            12.4678828
          ],
          [
            79.942435,
            12.4700749
          ],
          [
            79.942553,
            12.4721595
          ],
          [
            79.9429446,
            12.4733171
          ],
          [
            79.9430573,
            12.4743489
          ],
          [
            79.9430948,
            12.4753127
          ],
          [
            79.9430519,
            12.4770778
          ],
          [
            79.9429339,
            12.4786858
          ],
          [
            79.9430868,
            12.4795421
          ],
          [
            79.9435106,
            12.4797569
          ],
          [
            79.9437654,
            12.4808961
          ]
        ]
      },
      "properties": {
        "id": 1149067476,
        "name": "Maduranthakam Kalkulam Canal",
        "drain_type": "canal",
        "capacity": "46 m3/s",
        "status": "partially_blocked",
        "district": "Chengalpattu",
        "data_source_type": "OpenStreetMap Public Data"
      }
    },
    {
      "type": "Feature",
      "id": 1149067477,
      "geometry": {
        "type": "LineString",
        "coordinates": [
          [
            79.9437654,
            12.4808961
          ],
          [
            79.9437869,
            12.4810034
          ]
        ]
      },
      "properties": {
        "id": 1149067477,
        "name": "OSM Drain Segment 77",
        "drain_type": "canal",
        "capacity": "47 m3/s",
        "status": "normal",
        "district": "Chengalpattu",
        "data_source_type": "OpenStreetMap Public Data"
      }
    },
    {
      "type": "Feature",
      "id": 1149067478,
      "geometry": {
        "type": "LineString",
        "coordinates": [
          [
            79.9437869,
            12.4810034
          ],
          [
            79.9447954,
            12.482284
          ],
          [
            79.9450421,
            12.4825119
          ],
          [
            79.9478182,
            12.4855811
          ],
          [
            79.9479667,
            12.4856913
          ]
        ]
      },
      "properties": {
        "id": 1149067478,
        "name": "OSM Drain Segment 78",
        "drain_type": "canal",
        "capacity": "48 m3/s",
        "status": "normal",
        "district": "Chengalpattu",
        "data_source_type": "OpenStreetMap Public Data"
      }
    },
    {
      "type": "Feature",
      "id": 1149067479,
      "geometry": {
        "type": "LineString",
        "coordinates": [
          [
            79.9479667,
            12.4856913
          ],
          [
            79.9480696,
            12.4857677
          ]
        ]
      },
      "properties": {
        "id": 1149067479,
        "name": "OSM Drain Segment 79",
        "drain_type": "canal",
        "capacity": "49 m3/s",
        "status": "normal",
        "district": "Chengalpattu",
        "data_source_type": "OpenStreetMap Public Data"
      }
    },
    {
      "type": "Feature",
      "id": 1149067480,
      "geometry": {
        "type": "LineString",
        "coordinates": [
          [
            79.9480696,
            12.4857677
          ],
          [
            79.9481428,
            12.485822
          ],
          [
            79.9491513,
            12.4865736
          ],
          [
            79.9499291,
            12.4871196
          ],
          [
            79.9501249,
            12.4872911
          ],
          [
            79.9503958,
            12.4875006
          ],
          [
            79.9519408,
            12.4879668
          ],
          [
            79.9552131,
            12.4884172
          ],
          [
            79.9555886,
            12.4884067
          ],
          [
            79.955838,
            12.4881815
          ],
          [
            79.9559319,
            12.4880113
          ],
          [
            79.9569404,
            12.4865369
          ],
          [
            79.9576431,
            12.48495
          ],
          [
            79.9584746,
            12.4841539
          ],
          [
            79.960202,
            12.4823416
          ],
          [
            79.9611461,
            12.4821112
          ],
          [
            79.9635279,
            12.4815246
          ],
          [
            79.9654001,
            12.4816817
          ],
          [
            79.9666232,
            12.4817027
          ],
          [
            79.9671811,
            12.4820117
          ],
          [
            79.9694073,
            12.4833001
          ],
          [
            79.971081,
            12.4843319
          ],
          [
            79.9736237,
            12.4849395
          ],
          [
            79.9740207,
            12.4851385
          ],
          [
            79.9765339,
            12.4853952
          ],
          [
            79.976719,
            12.4854109
          ],
          [
            79.9794736,
            12.485678
          ],
          [
            79.9825716,
            12.4865212
          ],
          [
            79.9833065,
            12.4863746
          ],
          [
            79.9837223,
            12.4862332
          ],
          [
            79.9849695,
            12.487045
          ],
          [
            79.9851412,
            12.4870947
          ],
          [
            79.985337,
            12.4870764
          ],
          [
            79.9854362,
            12.4869952
          ],
          [
            79.9854737,
            12.4868879
          ],
          [
            79.9854469,
            12.4867674
          ],
          [
            79.9848568,
            12.4854816
          ],
          [
            79.9849319,
            12.485293
          ],
          [
            79.9857527,
            12.4849369
          ],
          [
            79.985801,
            12.4843634
          ],
          [
            79.9858975,
            12.4837244
          ],
          [
            79.985801,
            12.4830487
          ],
          [
            79.985624,
            12.4822107
          ],
          [
            79.9866995,
            12.4817472
          ],
          [
            79.9889606,
            12.4814617
          ],
          [
            79.9906665,
            12.4810741
          ],
          [
            79.9916804,
            12.4808751
          ],
          [
            79.9943733,
            12.4820641
          ],
          [
            80.0000113,
            12.4801733
          ],
          [
            80.0001019,
            12.480126
          ]
        ]
      },
      "properties": {
        "id": 1149067480,
        "name": "OSM Drain Segment 80",
        "drain_type": "canal",
        "capacity": "50 m3/s",
        "status": "blocked",
        "district": "Chengalpattu",
        "data_source_type": "OpenStreetMap Public Data"
      }
    },
    {
      "type": "Feature",
      "id": 1149067481,
      "geometry": {
        "type": "LineString",
        "coordinates": [
          [
            80.0001019,
            12.480126
          ],
          [
            80.0001999,
            12.4800749
          ]
        ]
      },
      "properties": {
        "id": 1149067481,
        "name": "OSM Drain Segment 81",
        "drain_type": "canal",
        "capacity": "51 m3/s",
        "status": "partially_blocked",
        "district": "Chengalpattu",
        "data_source_type": "OpenStreetMap Public Data"
      }
    },
    {
      "type": "Feature",
      "id": 1149819195,
      "geometry": {
        "type": "LineString",
        "coordinates": [
          [
            79.794914,
            12.8446772
          ],
          [
            79.7947816,
            12.844673
          ],
          [
            79.7943539,
            12.8446476
          ],
          [
            79.7938047,
            12.8446201
          ],
          [
            79.7936534,
            12.8446327
          ],
          [
            79.7936078,
            12.844678
          ],
          [
            79.7934114,
            12.8446915
          ]
        ]
      },
      "properties": {
        "id": 1149819195,
        "name": "OSM Drain Segment 95",
        "drain_type": "drain",
        "capacity": "65 m3/s",
        "status": "blocked",
        "district": "Chengalpattu",
        "data_source_type": "OpenStreetMap Public Data"
      }
    },
    {
      "type": "Feature",
      "id": 1149819196,
      "geometry": {
        "type": "LineString",
        "coordinates": [
          [
            79.7934114,
            12.8446915
          ],
          [
            79.7932229,
            12.8447024
          ]
        ]
      },
      "properties": {
        "id": 1149819196,
        "name": "OSM Drain Segment 96",
        "drain_type": "drain",
        "capacity": "66 m3/s",
        "status": "partially_blocked",
        "district": "Chengalpattu",
        "data_source_type": "OpenStreetMap Public Data"
      }
    },
    {
      "type": "Feature",
      "id": 1149819199,
      "geometry": {
        "type": "LineString",
        "coordinates": [
          [
            79.793491,
            12.8308503
          ],
          [
            79.7934289,
            12.8308694
          ],
          [
            79.793269,
            12.8310232
          ],
          [
            79.7930785,
            12.8310392
          ],
          [
            79.7929515,
            12.8311151
          ],
          [
            79.7927814,
            12.8309952
          ],
          [
            79.7926851,
            12.8308973
          ],
          [
            79.7925314,
            12.8308594
          ],
          [
            79.7924085,
            12.8308234
          ],
          [
            79.792263,
            12.8308374
          ],
          [
            79.7920138,
            12.8308486
          ]
        ]
      },
      "properties": {
        "id": 1149819199,
        "name": "OSM Drain Segment 99",
        "drain_type": "drain",
        "capacity": "69 m3/s",
        "status": "normal",
        "district": "Chengalpattu",
        "data_source_type": "OpenStreetMap Public Data"
      }
    },
    {
      "type": "Feature",
      "id": 1149819200,
      "geometry": {
        "type": "LineString",
        "coordinates": [
          [
            79.8182488,
            12.8178182
          ],
          [
            79.8179764,
            12.8179255
          ],
          [
            79.81782,
            12.8181177
          ],
          [
            79.817762,
            12.8182872
          ],
          [
            79.8172665,
            12.8185358
          ],
          [
            79.8172231,
            12.8186375
          ],
          [
            79.8174954,
            12.8188297
          ],
          [
            79.8175389,
            12.8189285
          ],
          [
            79.8170521,
            12.8193354
          ],
          [
            79.8165914,
            12.8196405
          ],
          [
            79.8165827,
            12.8198891
          ],
          [
            79.8169362,
            12.8206237
          ],
          [
            79.817113,
            12.8207791
          ],
          [
            79.8171854,
            12.8209741
          ],
          [
            79.8172868,
            12.8213668
          ],
          [
            79.817139,
            12.8215589
          ],
          [
            79.816935,
            12.8218247
          ],
          [
            79.8164865,
            12.8222887
          ],
          [
            79.8161857,
            12.8227473
          ],
          [
            79.8162458,
            12.8235687
          ],
          [
            79.8158356,
            12.823766
          ],
          [
            79.8157645,
            12.8240647
          ],
          [
            79.8157481,
            12.8244754
          ],
          [
            79.8154636,
            12.8246727
          ],
          [
            79.8151847,
            12.8247207
          ],
          [
            79.8148893,
            12.8251687
          ],
          [
            79.8147854,
            12.825526
          ],
          [
            79.8141782,
            12.8257074
          ],
          [
            79.8140688,
            12.82591
          ],
          [
            79.8138774,
            12.826006
          ],
          [
            79.8138938,
            12.8261714
          ],
          [
            79.8133249,
            12.8263154
          ],
          [
            79.8126686,
            12.8261287
          ],
          [
            79.812417,
            12.8267474
          ],
          [
            79.8117113,
            12.826806
          ],
          [
            79.8105025,
            12.8264647
          ],
          [
            79.8098516,
            12.82607
          ],
          [
            79.8093539,
            12.8258567
          ],
          [
            79.8087576,
            12.8256594
          ],
          [
            79.8084568,
            12.8254727
          ],
          [
            79.8082982,
            12.8255207
          ],
          [
            79.808052,
            12.8254087
          ],
          [
            79.8075871,
            12.825622
          ],
          [
            79.8070565,
            12.8260114
          ],
          [
            79.8064767,
            12.8262194
          ],
          [
            79.8062306,
            12.8263634
          ],
          [
            79.8057985,
            12.8266834
          ],
          [
            79.8057164,
            12.826918
          ],
          [
            79.8047209,
            12.8272967
          ],
          [
            79.8040536,
            12.827878
          ],
          [
            79.8026916,
            12.82919
          ],
          [
            79.8015101,
            12.8305447
          ],
          [
            79.8004927,
            12.830614
          ],
          [
            79.7988956,
            12.83031
          ],
          [
            79.7977907,
            12.83015
          ],
          [
            79.7967897,
            12.8300967
          ],
          [
            79.7963029,
            12.83015
          ],
          [
            79.7959801,
            12.8302993
          ],
          [
            79.7957942,
            12.8302407
          ],
          [
            79.7956027,
            12.8303633
          ],
          [
            79.7946017,
            12.830502
          ],
          [
            79.794021,
            12.8306596
          ],
          [
            79.7936112,
            12.8308134
          ],
          [
            79.7935969,
            12.8308178
          ]
        ]
      },
      "properties": {
        "id": 1149819200,
        "name": "OSM Drain Segment 0",
        "drain_type": "drain",
        "capacity": "20 m3/s",
        "status": "blocked",
        "district": "Chengalpattu",
        "data_source_type": "OpenStreetMap Public Data"
      }
    },
    {
      "type": "Feature",
      "id": 1149819201,
      "geometry": {
        "type": "LineString",
        "coordinates": [
          [
            79.7935969,
            12.8308178
          ],
          [
            79.793491,
            12.8308503
          ]
        ]
      },
      "properties": {
        "id": 1149819201,
        "name": "OSM Drain Segment 1",
        "drain_type": "drain",
        "capacity": "21 m3/s",
        "status": "partially_blocked",
        "district": "Chengalpattu",
        "data_source_type": "OpenStreetMap Public Data"
      }
    },
    {
      "type": "Feature",
      "id": 1149819202,
      "geometry": {
        "type": "LineString",
        "coordinates": [
          [
            79.7927287,
            12.8283485
          ],
          [
            79.7925726,
            12.8284279
          ],
          [
            79.7923472,
            12.8284414
          ],
          [
            79.7918045,
            12.8280691
          ],
          [
            79.7905577,
            12.8281833
          ]
        ]
      },
      "properties": {
        "id": 1149819202,
        "name": "OSM Drain Segment 2",
        "drain_type": "drain",
        "capacity": "22 m3/s",
        "status": "normal",
        "district": "Chengalpattu",
        "data_source_type": "OpenStreetMap Public Data"
      }
    },
    {
      "type": "Feature",
      "id": 1149819203,
      "geometry": {
        "type": "LineString",
        "coordinates": [
          [
            79.7934373,
            12.8279884
          ],
          [
            79.7928271,
            12.8282986
          ]
        ]
      },
      "properties": {
        "id": 1149819203,
        "name": "OSM Drain Segment 3",
        "drain_type": "drain",
        "capacity": "23 m3/s",
        "status": "normal",
        "district": "Chengalpattu",
        "data_source_type": "OpenStreetMap Public Data"
      }
    },
    {
      "type": "Feature",
      "id": 1149819204,
      "geometry": {
        "type": "LineString",
        "coordinates": [
          [
            79.7928271,
            12.8282986
          ],
          [
            79.7927287,
            12.8283485
          ]
        ]
      },
      "properties": {
        "id": 1149819204,
        "name": "OSM Drain Segment 4",
        "drain_type": "drain",
        "capacity": "24 m3/s",
        "status": "normal",
        "district": "Chengalpattu",
        "data_source_type": "OpenStreetMap Public Data"
      }
    },
    {
      "type": "Feature",
      "id": 1149819205,
      "geometry": {
        "type": "LineString",
        "coordinates": [
          [
            79.7902717,
            12.8251863
          ],
          [
            79.7901791,
            12.8252544
          ],
          [
            79.790049,
            12.8253907
          ],
          [
            79.79001,
            12.8255652
          ],
          [
            79.7892749,
            12.8256349
          ],
          [
            79.7887968,
            12.8258691
          ]
        ]
      },
      "properties": {
        "id": 1149819205,
        "name": "OSM Drain Segment 5",
        "drain_type": "drain",
        "capacity": "25 m3/s",
        "status": "blocked",
        "district": "Chengalpattu",
        "data_source_type": "OpenStreetMap Public Data"
      }
    },
    {
      "type": "Feature",
      "id": 1149819206,
      "geometry": {
        "type": "LineString",
        "coordinates": [
          [
            79.7937613,
            12.8205838
          ],
          [
            79.7937762,
            12.8206275
          ],
          [
            79.7938705,
            12.8208527
          ],
          [
            79.7939616,
            12.8212998
          ],
          [
            79.7937209,
            12.821395
          ],
          [
            79.7936429,
            12.8217343
          ],
          [
            79.7936851,
            12.822229
          ],
          [
            79.7936982,
            12.8228728
          ],
          [
            79.7936234,
            12.8232692
          ],
          [
            79.7933274,
            12.8233643
          ],
          [
            79.7928363,
            12.8236719
          ],
          [
            79.7920525,
            12.8240461
          ],
          [
            79.7917012,
            12.8241666
          ],
          [
            79.7914345,
            12.8244235
          ],
          [
            79.7908296,
            12.8247565
          ],
          [
            79.7903775,
            12.8251085
          ],
          [
            79.7903622,
            12.8251197
          ]
        ]
      },
      "properties": {
        "id": 1149819206,
        "name": "OSM Drain Segment 6",
        "drain_type": "drain",
        "capacity": "26 m3/s",
        "status": "partially_blocked",
        "district": "Chengalpattu",
        "data_source_type": "OpenStreetMap Public Data"
      }
    },
    {
      "type": "Feature",
      "id": 1149819207,
      "geometry": {
        "type": "LineString",
        "coordinates": [
          [
            79.7903622,
            12.8251197
          ],
          [
            79.7902717,
            12.8251863
          ]
        ]
      },
      "properties": {
        "id": 1149819207,
        "name": "OSM Drain Segment 7",
        "drain_type": "drain",
        "capacity": "27 m3/s",
        "status": "normal",
        "district": "Chengalpattu",
        "data_source_type": "OpenStreetMap Public Data"
      }
    },
    {
      "type": "Feature",
      "id": 1149819211,
      "geometry": {
        "type": "LineString",
        "coordinates": [
          [
            79.7900165,
            12.817878
          ],
          [
            79.7912426,
            12.8180556
          ],
          [
            79.7925208,
            12.8185947
          ],
          [
            79.7925924,
            12.8188706
          ],
          [
            79.7927224,
            12.8189721
          ],
          [
            79.7935485,
            12.8197554
          ],
          [
            79.7936299,
            12.8201994
          ],
          [
            79.7937264,
            12.8204819
          ]
        ]
      },
      "properties": {
        "id": 1149819211,
        "name": "OSM Drain Segment 11",
        "drain_type": "drain",
        "capacity": "31 m3/s",
        "status": "partially_blocked",
        "district": "Chengalpattu",
        "data_source_type": "OpenStreetMap Public Data"
      }
    },
    {
      "type": "Feature",
      "id": 1149819212,
      "geometry": {
        "type": "LineString",
        "coordinates": [
          [
            79.7937264,
            12.8204819
          ],
          [
            79.7937613,
            12.8205838
          ]
        ]
      },
      "properties": {
        "id": 1149819212,
        "name": "OSM Drain Segment 12",
        "drain_type": "drain",
        "capacity": "32 m3/s",
        "status": "normal",
        "district": "Chengalpattu",
        "data_source_type": "OpenStreetMap Public Data"
      }
    },
    {
      "type": "Feature",
      "id": 1150004613,
      "geometry": {
        "type": "LineString",
        "coordinates": [
          [
            80.188128,
            12.7710872
          ],
          [
            80.1881442,
            12.7709433
          ],
          [
            80.1884463,
            12.7705658
          ],
          [
            80.1884935,
            12.7701652
          ],
          [
            80.1887012,
            12.7697601
          ],
          [
            80.1887673,
            12.7693872
          ],
          [
            80.1888334,
            12.7691616
          ],
          [
            80.188772,
            12.7686966
          ],
          [
            80.1884463,
            12.7679048
          ],
          [
            80.188248,
            12.7670254
          ],
          [
            80.1876721,
            12.7665881
          ],
          [
            80.1874597,
            12.7662934
          ],
          [
            80.1878515,
            12.766077
          ],
          [
            80.1876627,
            12.7657732
          ],
          [
            80.1875541,
            12.7651471
          ],
          [
            80.1874975,
            12.7641987
          ],
          [
            80.1874928,
            12.7638211
          ],
          [
            80.1874692,
            12.762951
          ],
          [
            80.1875305,
            12.7626011
          ],
          [
            80.1874314,
            12.7621361
          ],
          [
            80.1873087,
            12.7618737
          ],
          [
            80.1874739,
            12.7615284
          ],
          [
            80.1875305,
            12.7611002
          ],
          [
            80.1875022,
            12.7608884
          ],
          [
            80.1877571,
            12.760778
          ],
          [
            80.1878421,
            12.7604465
          ],
          [
            80.1881914,
            12.7604649
          ],
          [
            80.1886304,
            12.7600782
          ],
          [
            80.1889844,
            12.7600551
          ],
          [
            80.1892063,
            12.7596178
          ],
          [
            80.1892252,
            12.7594244
          ]
        ]
      },
      "properties": {
        "id": 1150004613,
        "name": "OSM Drain Segment 13",
        "drain_type": "drain",
        "capacity": "33 m3/s",
        "status": "normal",
        "district": "Chengalpattu",
        "data_source_type": "OpenStreetMap Public Data"
      }
    },
    {
      "type": "Feature",
      "id": 1150004614,
      "geometry": {
        "type": "LineString",
        "coordinates": [
          [
            80.187927,
            12.7719147
          ],
          [
            80.1881536,
            12.7716845
          ],
          [
            80.1881064,
            12.7712793
          ],
          [
            80.188116,
            12.7711943
          ]
        ]
      },
      "properties": {
        "id": 1150004614,
        "name": "OSM Drain Segment 14",
        "drain_type": "drain",
        "capacity": "34 m3/s",
        "status": "normal",
        "district": "Chengalpattu",
        "data_source_type": "OpenStreetMap Public Data"
      }
    },
    {
      "type": "Feature",
      "id": 1150004615,
      "geometry": {
        "type": "LineString",
        "coordinates": [
          [
            80.188116,
            12.7711943
          ],
          [
            80.188128,
            12.7710872
          ]
        ]
      },
      "properties": {
        "id": 1150004615,
        "name": "OSM Drain Segment 15",
        "drain_type": "drain",
        "capacity": "35 m3/s",
        "status": "blocked",
        "district": "Chengalpattu",
        "data_source_type": "OpenStreetMap Public Data"
      }
    },
    {
      "type": "Feature",
      "id": 1150004616,
      "geometry": {
        "type": "LineString",
        "coordinates": [
          [
            80.1910706,
            12.7750737
          ],
          [
            80.191085,
            12.7750456
          ],
          [
            80.1911215,
            12.7747281
          ],
          [
            80.1913432,
            12.7746679
          ],
          [
            80.1914723,
            12.7745556
          ],
          [
            80.1914808,
            12.774468
          ],
          [
            80.1914499,
            12.7741834
          ],
          [
            80.1914836,
            12.7739671
          ],
          [
            80.1914386,
            12.773718
          ],
          [
            80.1914808,
            12.7734908
          ],
          [
            80.1917109,
            12.7733293
          ],
          [
            80.1920758,
            12.7732992
          ],
          [
            80.1921797,
            12.7732253
          ],
          [
            80.192306,
            12.7732198
          ],
          [
            80.192219,
            12.7723055
          ]
        ]
      },
      "properties": {
        "id": 1150004616,
        "name": "OSM Drain Segment 16",
        "drain_type": "drain",
        "capacity": "36 m3/s",
        "status": "partially_blocked",
        "district": "Chengalpattu",
        "data_source_type": "OpenStreetMap Public Data"
      }
    },
    {
      "type": "Feature",
      "id": 1150004617,
      "geometry": {
        "type": "LineString",
        "coordinates": [
          [
            80.1904064,
            12.7760621
          ],
          [
            80.1906359,
            12.7758258
          ],
          [
            80.1907566,
            12.7756095
          ],
          [
            80.1907622,
            12.7754863
          ]
        ]
      },
      "properties": {
        "id": 1150004617,
        "name": "OSM Drain Segment 17",
        "drain_type": "drain",
        "capacity": "37 m3/s",
        "status": "normal",
        "district": "Chengalpattu",
        "data_source_type": "OpenStreetMap Public Data"
      }
    },
    {
      "type": "Feature",
      "id": 1150004618,
      "geometry": {
        "type": "LineString",
        "coordinates": [
          [
            80.1907622,
            12.7754863
          ],
          [
            80.1908308,
            12.7754014
          ]
        ]
      },
      "properties": {
        "id": 1150004618,
        "name": "OSM Drain Segment 18",
        "drain_type": "drain",
        "capacity": "38 m3/s",
        "status": "normal",
        "district": "Chengalpattu",
        "data_source_type": "OpenStreetMap Public Data"
      }
    },
    {
      "type": "Feature",
      "id": 1150004619,
      "geometry": {
        "type": "LineString",
        "coordinates": [
          [
            80.1908308,
            12.7754014
          ],
          [
            80.1908661,
            12.7753577
          ],
          [
            80.1910008,
            12.7752099
          ],
          [
            80.1910211,
            12.7751702
          ]
        ]
      },
      "properties": {
        "id": 1150004619,
        "name": "OSM Drain Segment 19",
        "drain_type": "drain",
        "capacity": "39 m3/s",
        "status": "normal",
        "district": "Chengalpattu",
        "data_source_type": "OpenStreetMap Public Data"
      }
    },
    {
      "type": "Feature",
      "id": 1150004620,
      "geometry": {
        "type": "LineString",
        "coordinates": [
          [
            80.1910211,
            12.7751702
          ],
          [
            80.1910706,
            12.7750737
          ]
        ]
      },
      "properties": {
        "id": 1150004620,
        "name": "OSM Drain Segment 20",
        "drain_type": "drain",
        "capacity": "40 m3/s",
        "status": "blocked",
        "district": "Chengalpattu",
        "data_source_type": "OpenStreetMap Public Data"
      }
    },
    {
      "type": "Feature",
      "id": 1150037962,
      "geometry": {
        "type": "LineString",
        "coordinates": [
          [
            80.1002321,
            12.7530561
          ],
          [
            80.1002397,
            12.7530458
          ],
          [
            80.1002442,
            12.7530394
          ],
          [
            80.1004822,
            12.7527024
          ],
          [
            80.1010468,
            12.7524918
          ],
          [
            80.1017477,
            12.7523007
          ],
          [
            80.1021861,
            12.7522035
          ],
          [
            80.1023721,
            12.7520933
          ],
          [
            80.1026777,
            12.7521095
          ],
          [
            80.1028305,
            12.7521354
          ],
          [
            80.1030265,
            12.7519638
          ],
          [
            80.1033287,
            12.751954
          ],
          [
            80.1036011,
            12.7518666
          ],
          [
            80.1035646,
            12.7517013
          ],
          [
            80.1038502,
            12.7516204
          ],
          [
            80.1038535,
            12.7513547
          ],
          [
            80.1041126,
            12.7511539
          ],
          [
            80.1039366,
            12.7508914
          ],
          [
            80.1037373,
            12.7505642
          ],
          [
            80.1035612,
            12.7500913
          ],
          [
            80.1034915,
            12.74979
          ],
          [
            80.1035081,
            12.7492911
          ],
          [
            80.1036542,
            12.7486464
          ],
          [
            80.1038535,
            12.748073
          ],
          [
            80.1041691,
            12.7477587
          ],
          [
            80.104385,
            12.7474186
          ],
          [
            80.1045079,
            12.747276
          ],
          [
            80.1047072,
            12.7473084
          ],
          [
            80.1048865,
            12.7471918
          ],
          [
            80.105046,
            12.7472015
          ],
          [
            80.1052253,
            12.747046
          ],
          [
            80.1056305,
            12.7469553
          ],
          [
            80.1060457,
            12.7468257
          ],
          [
            80.1063712,
            12.7467642
          ],
          [
            80.1068761,
            12.7461292
          ],
          [
            80.1069459,
            12.7456335
          ],
          [
            80.1069459,
            12.7452674
          ],
          [
            80.1069326,
            12.744762
          ],
          [
            80.1070522,
            12.7444931
          ],
          [
            80.1068728,
            12.7441919
          ],
          [
            80.1068462,
            12.7439327
          ],
          [
            80.1067034,
            12.7438711
          ],
          [
            80.1067466,
            12.7435115
          ],
          [
            80.1069359,
            12.7433495
          ],
          [
            80.1069658,
            12.7432135
          ],
          [
            80.1070887,
            12.7432556
          ],
          [
            80.107175,
            12.7431195
          ],
          [
            80.1071352,
            12.7428312
          ],
          [
            80.1071684,
            12.7426271
          ],
          [
            80.1073345,
            12.7424716
          ],
          [
            80.1072282,
            12.7423258
          ],
          [
            80.1072016,
            12.7420893
          ],
          [
            80.107082,
            12.7419338
          ],
          [
            80.107102,
            12.7416811
          ],
          [
            80.1072614,
            12.7416681
          ],
          [
            80.1073378,
            12.7414057
          ],
          [
            80.1073743,
            12.7407999
          ],
          [
            80.107371,
            12.7404014
          ],
          [
            80.1075471,
            12.7399964
          ],
          [
            80.1075504,
            12.7396822
          ],
          [
            80.1076932,
            12.7393549
          ],
          [
            80.1080121,
            12.7385742
          ],
          [
            80.1083907,
            12.7377739
          ],
          [
            80.108693,
            12.7371001
          ],
          [
            80.1086863,
            12.7368636
          ],
          [
            80.1084173,
            12.7363031
          ],
          [
            80.1081316,
            12.7359046
          ],
          [
            80.1078427,
            12.7352923
          ],
          [
            80.1076799,
            12.7351627
          ],
          [
            80.1076235,
            12.7343948
          ],
          [
            80.1075437,
            12.7339672
          ],
          [
            80.1074707,
            12.7333192
          ],
          [
            80.1074374,
            12.7326064
          ]
        ]
      },
      "properties": {
        "id": 1150037962,
        "name": "OSM Drain Segment 62",
        "drain_type": "drain",
        "capacity": "32 m3/s",
        "status": "normal",
        "district": "Chengalpattu",
        "data_source_type": "OpenStreetMap Public Data"
      }
    },
    {
      "type": "Feature",
      "id": 1150037963,
      "geometry": {
        "type": "LineString",
        "coordinates": [
          [
            80.0960746,
            12.7559514
          ],
          [
            80.096028,
            12.7556083
          ],
          [
            80.0958819,
            12.755469
          ],
          [
            80.0958254,
            12.7551806
          ],
          [
            80.0958885,
            12.7549312
          ],
          [
            80.0957822,
            12.7545781
          ],
          [
            80.0958032,
            12.7544878
          ]
        ]
      },
      "properties": {
        "id": 1150037963,
        "name": "OSM Drain Segment 63",
        "drain_type": "drain",
        "capacity": "33 m3/s",
        "status": "normal",
        "district": "Chengalpattu",
        "data_source_type": "OpenStreetMap Public Data"
      }
    },
    {
      "type": "Feature",
      "id": 1150037964,
      "geometry": {
        "type": "LineString",
        "coordinates": [
          [
            80.0958032,
            12.7544878
          ],
          [
            80.0958277,
            12.7543827
          ]
        ]
      },
      "properties": {
        "id": 1150037964,
        "name": "OSM Drain Segment 64",
        "drain_type": "drain",
        "capacity": "34 m3/s",
        "status": "normal",
        "district": "Chengalpattu",
        "data_source_type": "OpenStreetMap Public Data"
      }
    },
    {
      "type": "Feature",
      "id": 1150037965,
      "geometry": {
        "type": "LineString",
        "coordinates": [
          [
            80.0922025,
            12.752807
          ],
          [
            80.0926071,
            12.752377
          ],
          [
            80.0930127,
            12.7524207
          ]
        ]
      },
      "properties": {
        "id": 1150037965,
        "name": "OSM Drain Segment 65",
        "drain_type": "drain",
        "capacity": "35 m3/s",
        "status": "blocked",
        "district": "Chengalpattu",
        "data_source_type": "OpenStreetMap Public Data"
      }
    },
    {
      "type": "Feature",
      "id": 1150037966,
      "geometry": {
        "type": "LineString",
        "coordinates": [
          [
            80.0930836,
            12.752323
          ],
          [
            80.0931272,
            12.7522629
          ],
          [
            80.0932566,
            12.7520785
          ],
          [
            80.0932616,
            12.7518625
          ],
          [
            80.0933586,
            12.7515712
          ],
          [
            80.0936341,
            12.7512312
          ],
          [
            80.0938079,
            12.7507776
          ],
          [
            80.0939488,
            12.7507501
          ],
          [
            80.0940662,
            12.7503195
          ],
          [
            80.0941555,
            12.7502049
          ],
          [
            80.0945266,
            12.7500629
          ],
          [
            80.0945641,
            12.7494902
          ],
          [
            80.0946628,
            12.7490642
          ],
          [
            80.0946675,
            12.7481249
          ],
          [
            80.094846,
            12.7476118
          ],
          [
            80.0949493,
            12.7472224
          ],
          [
            80.0948507,
            12.7469612
          ],
          [
            80.0950574,
            12.7461961
          ],
          [
            80.0951278,
            12.7460587
          ],
          [
            80.0950714,
            12.7454447
          ],
          [
            80.0948789,
            12.7448399
          ],
          [
            80.0949916,
            12.7443726
          ],
          [
            80.0953016,
            12.7442398
          ],
          [
            80.0960109,
            12.7440061
          ],
          [
            80.096025,
            12.7436533
          ],
          [
            80.096227,
            12.7432547
          ],
          [
            80.0961518,
            12.743021
          ],
          [
            80.0963914,
            12.7425354
          ],
          [
            80.0966591,
            12.741981
          ],
          [
            80.0969316,
            12.741138
          ],
          [
            80.0972557,
            12.7400109
          ],
          [
            80.0973825,
            12.7390808
          ],
          [
            80.097204,
            12.7385402
          ],
          [
            80.0973215,
            12.7382057
          ],
          [
            80.0973278,
            12.7381725
          ]
        ]
      },
      "properties": {
        "id": 1150037966,
        "name": "OSM Drain Segment 66",
        "drain_type": "drain",
        "capacity": "36 m3/s",
        "status": "partially_blocked",
        "district": "Chengalpattu",
        "data_source_type": "OpenStreetMap Public Data"
      }
    },
    {
      "type": "Feature",
      "id": 1150037967,
      "geometry": {
        "type": "LineString",
        "coordinates": [
          [
            80.0930127,
            12.7524207
          ],
          [
            80.0930836,
            12.752323
          ]
        ]
      },
      "properties": {
        "id": 1150037967,
        "name": "OSM Drain Segment 67",
        "drain_type": "drain",
        "capacity": "37 m3/s",
        "status": "normal",
        "district": "Chengalpattu",
        "data_source_type": "OpenStreetMap Public Data"
      }
    },
    {
      "type": "Feature",
      "id": 1150037968,
      "geometry": {
        "type": "LineString",
        "coordinates": [
          [
            80.0973462,
            12.7380749
          ],
          [
            80.0973778,
            12.7379079
          ],
          [
            80.0975422,
            12.7375001
          ],
          [
            80.0978006,
            12.7371931
          ],
          [
            80.0979697,
            12.7369182
          ],
          [
            80.0977395,
            12.7362676
          ],
          [
            80.0975282,
            12.7355666
          ],
          [
            80.0975892,
            12.7350901
          ],
          [
            80.0971383,
            12.7335415
          ],
          [
            80.0971571,
            12.7327671
          ],
          [
            80.0970913,
            12.7320295
          ],
          [
            80.0970302,
            12.7313422
          ]
        ]
      },
      "properties": {
        "id": 1150037968,
        "name": "OSM Drain Segment 68",
        "drain_type": "drain",
        "capacity": "38 m3/s",
        "status": "normal",
        "district": "Chengalpattu",
        "data_source_type": "OpenStreetMap Public Data"
      }
    },
    {
      "type": "Feature",
      "id": 1150037969,
      "geometry": {
        "type": "LineString",
        "coordinates": [
          [
            80.0973278,
            12.7381725
          ],
          [
            80.0973462,
            12.7380749
          ]
        ]
      },
      "properties": {
        "id": 1150037969,
        "name": "OSM Drain Segment 69",
        "drain_type": "drain",
        "capacity": "39 m3/s",
        "status": "normal",
        "district": "Chengalpattu",
        "data_source_type": "OpenStreetMap Public Data"
      }
    },
    {
      "type": "Feature",
      "id": 1150037970,
      "geometry": {
        "type": "LineString",
        "coordinates": [
          [
            80.0958277,
            12.7543827
          ],
          [
            80.0958387,
            12.7543351
          ],
          [
            80.096028,
            12.7541569
          ],
          [
            80.0967687,
            12.7538686
          ],
          [
            80.0972005,
            12.7536224
          ],
          [
            80.0976058,
            12.7536613
          ],
          [
            80.0982701,
            12.7536451
          ],
          [
            80.0989277,
            12.7534475
          ],
          [
            80.0992599,
            12.7534475
          ],
          [
            80.0997747,
            12.7533794
          ],
          [
            80.1000205,
            12.7533438
          ],
          [
            80.1001724,
            12.7531373
          ]
        ]
      },
      "properties": {
        "id": 1150037970,
        "name": "OSM Drain Segment 70",
        "drain_type": "drain",
        "capacity": "40 m3/s",
        "status": "blocked",
        "district": "Chengalpattu",
        "data_source_type": "OpenStreetMap Public Data"
      }
    },
    {
      "type": "Feature",
      "id": 1150037971,
      "geometry": {
        "type": "LineString",
        "coordinates": [
          [
            80.1001724,
            12.7531373
          ],
          [
            80.1002321,
            12.7530561
          ]
        ]
      },
      "properties": {
        "id": 1150037971,
        "name": "OSM Drain Segment 71",
        "drain_type": "drain",
        "capacity": "41 m3/s",
        "status": "partially_blocked",
        "district": "Chengalpattu",
        "data_source_type": "OpenStreetMap Public Data"
      }
    },
    {
      "type": "Feature",
      "id": 1151073265,
      "geometry": {
        "type": "LineString",
        "coordinates": [
          [
            79.9647959,
            12.7637906
          ],
          [
            79.9644814,
            12.7640542
          ],
          [
            79.9642406,
            12.7639104
          ],
          [
            79.963872,
            12.7633736
          ],
          [
            79.9627124,
            12.7634647
          ],
          [
            79.9623193,
            12.7633736
          ],
          [
            79.9620981,
            12.7630094
          ],
          [
            79.9620883,
            12.762233
          ],
          [
            79.9622111,
            12.7620126
          ],
          [
            79.9629531,
            12.7617011
          ],
          [
            79.9636902,
            12.7611355
          ],
          [
            79.9641865,
            12.7606036
          ],
          [
            79.9643978,
            12.7603975
          ],
          [
            79.9649728,
            12.7603879
          ],
          [
            79.9659211,
            12.7595732
          ],
          [
            79.9668056,
            12.7587009
          ],
          [
            79.9671496,
            12.758375
          ],
          [
            79.9677982,
            12.7583703
          ],
          [
            79.9685402,
            12.7578335
          ],
          [
            79.968894,
            12.7574884
          ],
          [
            79.969125,
            12.7570475
          ],
          [
            79.9691102,
            12.7566833
          ],
          [
            79.9687319,
            12.7562136
          ],
          [
            79.9686778,
            12.7555714
          ],
          [
            79.9687663,
            12.7550729
          ],
          [
            79.9688144,
            12.7549722
          ]
        ]
      },
      "properties": {
        "id": 1151073265,
        "name": "OSM Drain Segment 65",
        "drain_type": "drain",
        "capacity": "35 m3/s",
        "status": "blocked",
        "district": "Chengalpattu",
        "data_source_type": "OpenStreetMap Public Data"
      }
    },
    {
      "type": "Feature",
      "id": 1151073266,
      "geometry": {
        "type": "LineString",
        "coordinates": [
          [
            79.9695264,
            12.7513705
          ],
          [
            79.9695083,
            12.7512532
          ],
          [
            79.9694069,
            12.7510933
          ],
          [
            79.9691893,
            12.7508788
          ],
          [
            79.9692527,
            12.7498441
          ],
          [
            79.9688891,
            12.7495853
          ],
          [
            79.9686041,
            12.7492259
          ],
          [
            79.9684862,
            12.7490533
          ],
          [
            79.9685009,
            12.7487083
          ],
          [
            79.9686483,
            12.7485741
          ],
          [
            79.9687712,
            12.748598
          ],
          [
            79.9691545,
            12.7487849
          ],
          [
            79.9694346,
            12.7487179
          ],
          [
            79.969636,
            12.7485405
          ],
          [
            79.9693559,
            12.7477018
          ],
          [
            79.9690709,
            12.7466282
          ],
          [
            79.9685599,
            12.7449268
          ],
          [
            79.9682061,
            12.7434937
          ],
          [
            79.9672774,
            12.742607
          ],
          [
            79.9668056,
            12.7418354
          ],
          [
            79.9666926,
            12.7411548
          ],
          [
            79.9669727,
            12.7407953
          ]
        ]
      },
      "properties": {
        "id": 1151073266,
        "name": "OSM Drain Segment 66",
        "drain_type": "drain",
        "capacity": "36 m3/s",
        "status": "partially_blocked",
        "district": "Chengalpattu",
        "data_source_type": "OpenStreetMap Public Data"
      }
    },
    {
      "type": "Feature",
      "id": 1151073271,
      "geometry": {
        "type": "LineString",
        "coordinates": [
          [
            79.9686509,
            12.7514063
          ],
          [
            79.9691893,
            12.7508788
          ]
        ]
      },
      "properties": {
        "id": 1151073271,
        "name": "OSM Drain Segment 71",
        "drain_type": "drain",
        "capacity": "41 m3/s",
        "status": "partially_blocked",
        "district": "Chengalpattu",
        "data_source_type": "OpenStreetMap Public Data"
      }
    },
    {
      "type": "Feature",
      "id": 1151073272,
      "geometry": {
        "type": "LineString",
        "coordinates": [
          [
            79.9686504,
            12.7519433
          ],
          [
            79.9686495,
            12.7518623
          ]
        ]
      },
      "properties": {
        "id": 1151073272,
        "name": "OSM Drain Segment 72",
        "drain_type": "drain",
        "capacity": "42 m3/s",
        "status": "normal",
        "district": "Chengalpattu",
        "data_source_type": "OpenStreetMap Public Data"
      }
    },
    {
      "type": "Feature",
      "id": 1151073273,
      "geometry": {
        "type": "LineString",
        "coordinates": [
          [
            79.9686566,
            12.7522697
          ],
          [
            79.9686504,
            12.7519433
          ]
        ]
      },
      "properties": {
        "id": 1151073273,
        "name": "OSM Drain Segment 73",
        "drain_type": "drain",
        "capacity": "43 m3/s",
        "status": "normal",
        "district": "Chengalpattu",
        "data_source_type": "OpenStreetMap Public Data"
      }
    },
    {
      "type": "Feature",
      "id": 1151073274,
      "geometry": {
        "type": "LineString",
        "coordinates": [
          [
            79.9689653,
            12.7533224
          ],
          [
            79.9688941,
            12.753326
          ]
        ]
      },
      "properties": {
        "id": 1151073274,
        "name": "OSM Drain Segment 74",
        "drain_type": "drain",
        "capacity": "44 m3/s",
        "status": "normal",
        "district": "Chengalpattu",
        "data_source_type": "OpenStreetMap Public Data"
      }
    },
    {
      "type": "Feature",
      "id": 1151073275,
      "geometry": {
        "type": "LineString",
        "coordinates": [
          [
            79.9688941,
            12.753326
          ],
          [
            79.9687614,
            12.7533332
          ],
          [
            79.968668,
            12.7533141
          ],
          [
            79.968662,
            12.7531898
          ]
        ]
      },
      "properties": {
        "id": 1151073275,
        "name": "OSM Drain Segment 75",
        "drain_type": "drain",
        "capacity": "45 m3/s",
        "status": "blocked",
        "district": "Chengalpattu",
        "data_source_type": "OpenStreetMap Public Data"
      }
    },
    {
      "type": "Feature",
      "id": 1151073276,
      "geometry": {
        "type": "LineString",
        "coordinates": [
          [
            79.968662,
            12.7531898
          ],
          [
            79.9686561,
            12.7530941
          ]
        ]
      },
      "properties": {
        "id": 1151073276,
        "name": "OSM Drain Segment 76",
        "drain_type": "drain",
        "capacity": "46 m3/s",
        "status": "partially_blocked",
        "district": "Chengalpattu",
        "data_source_type": "OpenStreetMap Public Data"
      }
    },
    {
      "type": "Feature",
      "id": 1151073277,
      "geometry": {
        "type": "LineString",
        "coordinates": [
          [
            79.9686561,
            12.7530941
          ],
          [
            79.9686532,
            12.7530073
          ],
          [
            79.9686589,
            12.7527693
          ]
        ]
      },
      "properties": {
        "id": 1151073277,
        "name": "OSM Drain Segment 77",
        "drain_type": "drain",
        "capacity": "47 m3/s",
        "status": "normal",
        "district": "Chengalpattu",
        "data_source_type": "OpenStreetMap Public Data"
      }
    },
    {
      "type": "Feature",
      "id": 1151073278,
      "geometry": {
        "type": "LineString",
        "coordinates": [
          [
            79.9686589,
            12.7527693
          ],
          [
            79.968661,
            12.7526822
          ]
        ]
      },
      "properties": {
        "id": 1151073278,
        "name": "OSM Drain Segment 78",
        "drain_type": "drain",
        "capacity": "48 m3/s",
        "status": "normal",
        "district": "Chengalpattu",
        "data_source_type": "OpenStreetMap Public Data"
      }
    },
    {
      "type": "Feature",
      "id": 1151073279,
      "geometry": {
        "type": "LineString",
        "coordinates": [
          [
            79.968661,
            12.7526822
          ],
          [
            79.9686631,
            12.7525952
          ],
          [
            79.9686606,
            12.7523651
          ]
        ]
      },
      "properties": {
        "id": 1151073279,
        "name": "OSM Drain Segment 79",
        "drain_type": "drain",
        "capacity": "49 m3/s",
        "status": "normal",
        "district": "Chengalpattu",
        "data_source_type": "OpenStreetMap Public Data"
      }
    },
    {
      "type": "Feature",
      "id": 1151073280,
      "geometry": {
        "type": "LineString",
        "coordinates": [
          [
            79.9686606,
            12.7523651
          ],
          [
            79.9686566,
            12.7522697
          ]
        ]
      },
      "properties": {
        "id": 1151073280,
        "name": "OSM Drain Segment 80",
        "drain_type": "drain",
        "capacity": "50 m3/s",
        "status": "blocked",
        "district": "Chengalpattu",
        "data_source_type": "OpenStreetMap Public Data"
      }
    },
    {
      "type": "Feature",
      "id": 1151073281,
      "geometry": {
        "type": "LineString",
        "coordinates": [
          [
            79.9686495,
            12.7518623
          ],
          [
            79.9686336,
            12.7516845
          ],
          [
            79.9686507,
            12.7515089
          ]
        ]
      },
      "properties": {
        "id": 1151073281,
        "name": "OSM Drain Segment 81",
        "drain_type": "drain",
        "capacity": "51 m3/s",
        "status": "partially_blocked",
        "district": "Chengalpattu",
        "data_source_type": "OpenStreetMap Public Data"
      }
    },
    {
      "type": "Feature",
      "id": 1151073282,
      "geometry": {
        "type": "LineString",
        "coordinates": [
          [
            79.9686507,
            12.7515089
          ],
          [
            79.9686509,
            12.7514063
          ]
        ]
      },
      "properties": {
        "id": 1151073282,
        "name": "OSM Drain Segment 82",
        "drain_type": "drain",
        "capacity": "52 m3/s",
        "status": "normal",
        "district": "Chengalpattu",
        "data_source_type": "OpenStreetMap Public Data"
      }
    },
    {
      "type": "Feature",
      "id": 1151073283,
      "geometry": {
        "type": "LineString",
        "coordinates": [
          [
            79.9726202,
            12.7540363
          ],
          [
            79.9726188,
            12.7537981
          ],
          [
            79.9725844,
            12.7532613
          ],
          [
            79.9721126,
            12.753223
          ],
          [
            79.9715033,
            12.7533188
          ],
          [
            79.9712625,
            12.7532805
          ],
          [
            79.9706041,
            12.7532565
          ],
          [
            79.970379,
            12.7532341
          ]
        ]
      },
      "properties": {
        "id": 1151073283,
        "name": "OSM Drain Segment 83",
        "drain_type": "drain",
        "capacity": "53 m3/s",
        "status": "normal",
        "district": "Chengalpattu",
        "data_source_type": "OpenStreetMap Public Data"
      }
    },
    {
      "type": "Feature",
      "id": 1151073284,
      "geometry": {
        "type": "LineString",
        "coordinates": [
          [
            79.9701932,
            12.7527416
          ],
          [
            79.970189,
            12.7526657
          ]
        ]
      },
      "properties": {
        "id": 1151073284,
        "name": "OSM Drain Segment 84",
        "drain_type": "drain",
        "capacity": "54 m3/s",
        "status": "normal",
        "district": "Chengalpattu",
        "data_source_type": "OpenStreetMap Public Data"
      }
    },
    {
      "type": "Feature",
      "id": 1151073285,
      "geometry": {
        "type": "LineString",
        "coordinates": [
          [
            79.970189,
            12.7526657
          ],
          [
            79.9701716,
            12.7525376
          ],
          [
            79.9701742,
            12.7523335
          ]
        ]
      },
      "properties": {
        "id": 1151073285,
        "name": "OSM Drain Segment 85",
        "drain_type": "drain",
        "capacity": "55 m3/s",
        "status": "blocked",
        "district": "Chengalpattu",
        "data_source_type": "OpenStreetMap Public Data"
      }
    },
    {
      "type": "Feature",
      "id": 1151073286,
      "geometry": {
        "type": "LineString",
        "coordinates": [
          [
            79.9701742,
            12.7523335
          ],
          [
            79.9701813,
            12.7522562
          ]
        ]
      },
      "properties": {
        "id": 1151073286,
        "name": "OSM Drain Segment 86",
        "drain_type": "drain",
        "capacity": "56 m3/s",
        "status": "partially_blocked",
        "district": "Chengalpattu",
        "data_source_type": "OpenStreetMap Public Data"
      }
    },
    {
      "type": "Feature",
      "id": 1151073287,
      "geometry": {
        "type": "LineString",
        "coordinates": [
          [
            79.9701813,
            12.7522562
          ],
          [
            79.9701962,
            12.7521446
          ],
          [
            79.9701407,
            12.7519281
          ]
        ]
      },
      "properties": {
        "id": 1151073287,
        "name": "OSM Drain Segment 87",
        "drain_type": "drain",
        "capacity": "57 m3/s",
        "status": "normal",
        "district": "Chengalpattu",
        "data_source_type": "OpenStreetMap Public Data"
      }
    },
    {
      "type": "Feature",
      "id": 1151073288,
      "geometry": {
        "type": "LineString",
        "coordinates": [
          [
            79.9701407,
            12.7519281
          ],
          [
            79.9701205,
            12.7518494
          ]
        ]
      },
      "properties": {
        "id": 1151073288,
        "name": "OSM Drain Segment 88",
        "drain_type": "drain",
        "capacity": "58 m3/s",
        "status": "normal",
        "district": "Chengalpattu",
        "data_source_type": "OpenStreetMap Public Data"
      }
    },
    {
      "type": "Feature",
      "id": 1151073289,
      "geometry": {
        "type": "LineString",
        "coordinates": [
          [
            79.9701205,
            12.7518494
          ],
          [
            79.9701127,
            12.7518187
          ],
          [
            79.9697933,
            12.7516941
          ],
          [
            79.9695672,
            12.7515408
          ],
          [
            79.9695445,
            12.7514878
          ]
        ]
      },
      "properties": {
        "id": 1151073289,
        "name": "OSM Drain Segment 89",
        "drain_type": "drain",
        "capacity": "59 m3/s",
        "status": "normal",
        "district": "Chengalpattu",
        "data_source_type": "OpenStreetMap Public Data"
      }
    },
    {
      "type": "Feature",
      "id": 1151073290,
      "geometry": {
        "type": "LineString",
        "coordinates": [
          [
            79.9695445,
            12.7514878
          ],
          [
            79.9695264,
            12.7513705
          ]
        ]
      },
      "properties": {
        "id": 1151073290,
        "name": "OSM Drain Segment 90",
        "drain_type": "drain",
        "capacity": "60 m3/s",
        "status": "blocked",
        "district": "Chengalpattu",
        "data_source_type": "OpenStreetMap Public Data"
      }
    },
    {
      "type": "Feature",
      "id": 1151073291,
      "geometry": {
        "type": "LineString",
        "coordinates": [
          [
            79.9701759,
            12.753086
          ],
          [
            79.9701815,
            12.7529163
          ],
          [
            79.9701932,
            12.7527416
          ]
        ]
      },
      "properties": {
        "id": 1151073291,
        "name": "OSM Drain Segment 91",
        "drain_type": "drain",
        "capacity": "61 m3/s",
        "status": "partially_blocked",
        "district": "Chengalpattu",
        "data_source_type": "OpenStreetMap Public Data"
      }
    },
    {
      "type": "Feature",
      "id": 1151073292,
      "geometry": {
        "type": "LineString",
        "coordinates": [
          [
            79.9701728,
            12.7531774
          ],
          [
            79.9701759,
            12.753086
          ]
        ]
      },
      "properties": {
        "id": 1151073292,
        "name": "OSM Drain Segment 92",
        "drain_type": "drain",
        "capacity": "62 m3/s",
        "status": "normal",
        "district": "Chengalpattu",
        "data_source_type": "OpenStreetMap Public Data"
      }
    },
    {
      "type": "Feature",
      "id": 1151073293,
      "geometry": {
        "type": "LineString",
        "coordinates": [
          [
            79.9702726,
            12.7532235
          ],
          [
            79.9701716,
            12.7532134
          ],
          [
            79.9701728,
            12.7531774
          ]
        ]
      },
      "properties": {
        "id": 1151073293,
        "name": "OSM Drain Segment 93",
        "drain_type": "drain",
        "capacity": "63 m3/s",
        "status": "normal",
        "district": "Chengalpattu",
        "data_source_type": "OpenStreetMap Public Data"
      }
    },
    {
      "type": "Feature",
      "id": 1151073294,
      "geometry": {
        "type": "LineString",
        "coordinates": [
          [
            79.970379,
            12.7532341
          ],
          [
            79.9702726,
            12.7532235
          ]
        ]
      },
      "properties": {
        "id": 1151073294,
        "name": "OSM Drain Segment 94",
        "drain_type": "drain",
        "capacity": "64 m3/s",
        "status": "normal",
        "district": "Chengalpattu",
        "data_source_type": "OpenStreetMap Public Data"
      }
    },
    {
      "type": "Feature",
      "id": 1151073295,
      "geometry": {
        "type": "LineString",
        "coordinates": [
          [
            79.9732472,
            12.754832
          ],
          [
            79.9732228,
            12.754716
          ],
          [
            79.9731544,
            12.7546704
          ],
          [
            79.9726188,
            12.7546224
          ],
          [
            79.9726208,
            12.7541331
          ]
        ]
      },
      "properties": {
        "id": 1151073295,
        "name": "OSM Drain Segment 95",
        "drain_type": "drain",
        "capacity": "65 m3/s",
        "status": "blocked",
        "district": "Chengalpattu",
        "data_source_type": "OpenStreetMap Public Data"
      }
    },
    {
      "type": "Feature",
      "id": 1151073296,
      "geometry": {
        "type": "LineString",
        "coordinates": [
          [
            79.9726208,
            12.7541331
          ],
          [
            79.9726202,
            12.7540363
          ]
        ]
      },
      "properties": {
        "id": 1151073296,
        "name": "OSM Drain Segment 96",
        "drain_type": "drain",
        "capacity": "66 m3/s",
        "status": "partially_blocked",
        "district": "Chengalpattu",
        "data_source_type": "OpenStreetMap Public Data"
      }
    },
    {
      "type": "Feature",
      "id": 1151073297,
      "geometry": {
        "type": "LineString",
        "coordinates": [
          [
            79.9732448,
            12.754957
          ],
          [
            79.9732472,
            12.754832
          ]
        ]
      },
      "properties": {
        "id": 1151073297,
        "name": "OSM Drain Segment 97",
        "drain_type": "drain",
        "capacity": "67 m3/s",
        "status": "normal",
        "district": "Chengalpattu",
        "data_source_type": "OpenStreetMap Public Data"
      }
    },
    {
      "type": "Feature",
      "id": 1151073298,
      "geometry": {
        "type": "LineString",
        "coordinates": [
          [
            79.9744219,
            12.7550911
          ],
          [
            79.9736442,
            12.755099
          ],
          [
            79.9732425,
            12.7550978
          ],
          [
            79.9732448,
            12.754957
          ]
        ]
      },
      "properties": {
        "id": 1151073298,
        "name": "OSM Drain Segment 98",
        "drain_type": "drain",
        "capacity": "68 m3/s",
        "status": "normal",
        "district": "Chengalpattu",
        "data_source_type": "OpenStreetMap Public Data"
      }
    },
    {
      "type": "Feature",
      "id": 1151073301,
      "geometry": {
        "type": "LineString",
        "coordinates": [
          [
            79.9688681,
            12.7548595
          ],
          [
            79.9691299,
            12.7543109
          ],
          [
            79.969297,
            12.7536975
          ],
          [
            79.9692183,
            12.7534482
          ],
          [
            79.9690365,
            12.7533188
          ],
          [
            79.9689653,
            12.7533224
          ]
        ]
      },
      "properties": {
        "id": 1151073301,
        "name": "OSM Drain Segment 1",
        "drain_type": "drain",
        "capacity": "21 m3/s",
        "status": "partially_blocked",
        "district": "Chengalpattu",
        "data_source_type": "OpenStreetMap Public Data"
      }
    },
    {
      "type": "Feature",
      "id": 1151073302,
      "geometry": {
        "type": "LineString",
        "coordinates": [
          [
            79.9688144,
            12.7549722
          ],
          [
            79.9688681,
            12.7548595
          ]
        ]
      },
      "properties": {
        "id": 1151073302,
        "name": "OSM Drain Segment 2",
        "drain_type": "drain",
        "capacity": "22 m3/s",
        "status": "normal",
        "district": "Chengalpattu",
        "data_source_type": "OpenStreetMap Public Data"
      }
    },
    {
      "type": "Feature",
      "id": 1151277734,
      "geometry": {
        "type": "LineString",
        "coordinates": [
          [
            79.86195,
            12.8688102
          ],
          [
            79.8621618,
            12.869857
          ],
          [
            79.8622901,
            12.8710331
          ],
          [
            79.8623286,
            12.8716253
          ],
          [
            79.8620976,
            12.8717045
          ],
          [
            79.8621233,
            12.8718255
          ],
          [
            79.8623244,
            12.8721174
          ],
          [
            79.8622474,
            12.8724761
          ],
          [
            79.8621318,
            12.8728848
          ],
          [
            79.8620182,
            12.8730637
          ]
        ]
      },
      "properties": {
        "id": 1151277734,
        "name": "OSM Drain Segment 34",
        "drain_type": "drain",
        "capacity": "54 m3/s",
        "status": "normal",
        "district": "Chengalpattu",
        "data_source_type": "OpenStreetMap Public Data"
      }
    },
    {
      "type": "Feature",
      "id": 1151277739,
      "geometry": {
        "type": "LineString",
        "coordinates": [
          [
            79.8616912,
            12.8673004
          ],
          [
            79.8619319,
            12.8687042
          ]
        ]
      },
      "properties": {
        "id": 1151277739,
        "name": "OSM Drain Segment 39",
        "drain_type": "drain",
        "capacity": "59 m3/s",
        "status": "normal",
        "district": "Chengalpattu",
        "data_source_type": "OpenStreetMap Public Data"
      }
    },
    {
      "type": "Feature",
      "id": 1151277740,
      "geometry": {
        "type": "LineString",
        "coordinates": [
          [
            79.8619319,
            12.8687042
          ],
          [
            79.86195,
            12.8688102
          ]
        ]
      },
      "properties": {
        "id": 1151277740,
        "name": "OSM Drain Segment 40",
        "drain_type": "drain",
        "capacity": "60 m3/s",
        "status": "blocked",
        "district": "Chengalpattu",
        "data_source_type": "OpenStreetMap Public Data"
      }
    },
    {
      "type": "Feature",
      "id": 1151277741,
      "geometry": {
        "type": "LineString",
        "coordinates": [
          [
            79.8608909,
            12.8691659
          ],
          [
            79.8609173,
            12.8692652
          ],
          [
            79.8613348,
            12.8700644
          ],
          [
            79.8618037,
            12.8712883
          ],
          [
            79.86197,
            12.8715861
          ],
          [
            79.8620976,
            12.8717045
          ]
        ]
      },
      "properties": {
        "id": 1151277741,
        "name": "OSM Drain Segment 41",
        "drain_type": "drain",
        "capacity": "61 m3/s",
        "status": "partially_blocked",
        "district": "Chengalpattu",
        "data_source_type": "OpenStreetMap Public Data"
      }
    },
    {
      "type": "Feature",
      "id": 1151277742,
      "geometry": {
        "type": "LineString",
        "coordinates": [
          [
            79.860754,
            12.8686519
          ],
          [
            79.8608614,
            12.8690554
          ]
        ]
      },
      "properties": {
        "id": 1151277742,
        "name": "OSM Drain Segment 42",
        "drain_type": "drain",
        "capacity": "62 m3/s",
        "status": "normal",
        "district": "Chengalpattu",
        "data_source_type": "OpenStreetMap Public Data"
      }
    },
    {
      "type": "Feature",
      "id": 1151277743,
      "geometry": {
        "type": "LineString",
        "coordinates": [
          [
            79.8608614,
            12.8690554
          ],
          [
            79.8608909,
            12.8691659
          ]
        ]
      },
      "properties": {
        "id": 1151277743,
        "name": "OSM Drain Segment 43",
        "drain_type": "drain",
        "capacity": "63 m3/s",
        "status": "normal",
        "district": "Chengalpattu",
        "data_source_type": "OpenStreetMap Public Data"
      }
    },
    {
      "type": "Feature",
      "id": 1151277746,
      "geometry": {
        "type": "LineString",
        "coordinates": [
          [
            79.8559147,
            12.852021
          ],
          [
            79.8559836,
            12.8519827
          ],
          [
            79.8563198,
            12.8518235
          ],
          [
            79.8564614,
            12.8515988
          ],
          [
            79.8566751,
            12.8515216
          ],
          [
            79.8570232,
            12.851456
          ],
          [
            79.8573162,
            12.8513483
          ],
          [
            79.8577819,
            12.8513203
          ],
          [
            79.8582645,
            12.8513975
          ],
          [
            79.8585334,
            12.8513249
          ],
          [
            79.8587279,
            12.8513835
          ],
          [
            79.8589992,
            12.8512547
          ],
          [
            79.8594338,
            12.8513109
          ],
          [
            79.8595875,
            12.8511798
          ],
          [
            79.860022,
            12.8508568
          ],
          [
            79.8602621,
            12.8506344
          ],
          [
            79.8603812,
            12.8501683
          ]
        ]
      },
      "properties": {
        "id": 1151277746,
        "name": "OSM Drain Segment 46",
        "drain_type": "drain",
        "capacity": "66 m3/s",
        "status": "partially_blocked",
        "district": "Chengalpattu",
        "data_source_type": "OpenStreetMap Public Data"
      }
    },
    {
      "type": "Feature",
      "id": 1151277748,
      "geometry": {
        "type": "LineString",
        "coordinates": [
          [
            79.8604018,
            12.8500857
          ],
          [
            79.8604494,
            12.8498947
          ],
          [
            79.8607183,
            12.8497823
          ]
        ]
      },
      "properties": {
        "id": 1151277748,
        "name": "OSM Drain Segment 48",
        "drain_type": "drain",
        "capacity": "68 m3/s",
        "status": "normal",
        "district": "Chengalpattu",
        "data_source_type": "OpenStreetMap Public Data"
      }
    },
    {
      "type": "Feature",
      "id": 1151277749,
      "geometry": {
        "type": "LineString",
        "coordinates": [
          [
            79.8603812,
            12.8501683
          ],
          [
            79.8604018,
            12.8500857
          ]
        ]
      },
      "properties": {
        "id": 1151277749,
        "name": "OSM Drain Segment 49",
        "drain_type": "drain",
        "capacity": "69 m3/s",
        "status": "normal",
        "district": "Chengalpattu",
        "data_source_type": "OpenStreetMap Public Data"
      }
    },
    {
      "type": "Feature",
      "id": 1151277750,
      "geometry": {
        "type": "LineString",
        "coordinates": [
          [
            79.8592601,
            12.8500898
          ],
          [
            79.8593187,
            12.8499648
          ],
          [
            79.8597787,
            12.8498721
          ],
          [
            79.859721,
            12.8493391
          ],
          [
            79.8597669,
            12.8489849
          ],
          [
            79.8599196,
            12.8488012
          ],
          [
            79.8601421,
            12.848831
          ],
          [
            79.8602762,
            12.8486406
          ],
          [
            79.8603814,
            12.848447
          ],
          [
            79.8603101,
            12.8481706
          ],
          [
            79.8601454,
            12.8477667
          ],
          [
            79.8601794,
            12.8473794
          ],
          [
            79.8601251,
            12.8472949
          ],
          [
            79.8598738,
            12.8472685
          ],
          [
            79.8596667,
            12.8471725
          ],
          [
            79.8593526,
            12.8470053
          ],
          [
            79.8593034,
            12.8469805
          ],
          [
            79.8592915,
            12.8468249
          ],
          [
            79.8589468,
            12.8466974
          ],
          [
            79.8588586,
            12.8465997
          ],
          [
            79.8588365,
            12.8464524
          ],
          [
            79.8586531,
            12.8463928
          ],
          [
            79.858553,
            12.8462488
          ],
          [
            79.8585716,
            12.846075
          ],
          [
            79.8584087,
            12.8457208
          ],
          [
            79.8583747,
            12.8455404
          ],
          [
            79.8584239,
            12.8453087
          ],
          [
            79.8582983,
            12.8450057
          ],
          [
            79.8582236,
            12.8446366
          ],
          [
            79.8582695,
            12.8443436
          ],
          [
            79.8585003,
            12.8441136
          ],
          [
            79.8587244,
            12.844001
          ],
          [
            79.8590572,
            12.8438024
          ],
          [
            79.8595411,
            12.8434515
          ]
        ]
      },
      "properties": {
        "id": 1151277750,
        "name": "OSM Drain Segment 50",
        "drain_type": "drain",
        "capacity": "20 m3/s",
        "status": "blocked",
        "district": "Chengalpattu",
        "data_source_type": "OpenStreetMap Public Data"
      }
    },
    {
      "type": "Feature",
      "id": 1151277751,
      "geometry": {
        "type": "LineString",
        "coordinates": [
          [
            79.855486,
            12.851711
          ],
          [
            79.8557178,
            12.8515522
          ],
          [
            79.8561082,
            12.8511351
          ],
          [
            79.8564783,
            12.8510887
          ],
          [
            79.8573289,
            12.8511102
          ],
          [
            79.8579163,
            12.8510904
          ],
          [
            79.8580708,
            12.8509017
          ],
          [
            79.8582695,
            12.8508868
          ],
          [
            79.8584273,
            12.8508321
          ],
          [
            79.8587092,
            12.8508851
          ],
          [
            79.8589876,
            12.8507957
          ],
          [
            79.8591455,
            12.8506269
          ],
          [
            79.8591166,
            12.8504134
          ],
          [
            79.8592507,
            12.850329
          ],
          [
            79.8592569,
            12.8501709
          ]
        ]
      },
      "properties": {
        "id": 1151277751,
        "name": "OSM Drain Segment 51",
        "drain_type": "drain",
        "capacity": "21 m3/s",
        "status": "partially_blocked",
        "district": "Chengalpattu",
        "data_source_type": "OpenStreetMap Public Data"
      }
    },
    {
      "type": "Feature",
      "id": 1151277752,
      "geometry": {
        "type": "LineString",
        "coordinates": [
          [
            79.8592569,
            12.8501709
          ],
          [
            79.8592601,
            12.8500898
          ]
        ]
      },
      "properties": {
        "id": 1151277752,
        "name": "OSM Drain Segment 52",
        "drain_type": "drain",
        "capacity": "22 m3/s",
        "status": "normal",
        "district": "Chengalpattu",
        "data_source_type": "OpenStreetMap Public Data"
      }
    },
    {
      "type": "Feature",
      "id": 1151277753,
      "geometry": {
        "type": "LineString",
        "coordinates": [
          [
            79.8556527,
            12.8524347
          ],
          [
            79.8555836,
            12.8521331
          ],
          [
            79.8554173,
            12.8517971
          ],
          [
            79.8554342,
            12.8517558
          ]
        ]
      },
      "properties": {
        "id": 1151277753,
        "name": "OSM Drain Segment 53",
        "drain_type": "drain",
        "capacity": "23 m3/s",
        "status": "normal",
        "district": "Chengalpattu",
        "data_source_type": "OpenStreetMap Public Data"
      }
    },
    {
      "type": "Feature",
      "id": 1151277754,
      "geometry": {
        "type": "LineString",
        "coordinates": [
          [
            79.8554342,
            12.8517558
          ],
          [
            79.855486,
            12.851711
          ]
        ]
      },
      "properties": {
        "id": 1151277754,
        "name": "OSM Drain Segment 54",
        "drain_type": "drain",
        "capacity": "24 m3/s",
        "status": "normal",
        "district": "Chengalpattu",
        "data_source_type": "OpenStreetMap Public Data"
      }
    },
    {
      "type": "Feature",
      "id": 1151277755,
      "geometry": {
        "type": "LineString",
        "coordinates": [
          [
            79.8524926,
            12.8552832
          ],
          [
            79.8528288,
            12.8550421
          ],
          [
            79.8533018,
            12.8548432
          ],
          [
            79.8539068,
            12.8544171
          ],
          [
            79.8546463,
            12.8538085
          ],
          [
            79.854932,
            12.8534832
          ],
          [
            79.855016,
            12.8533427
          ],
          [
            79.8550256,
            12.852919
          ],
          [
            79.8554602,
            12.8527154
          ],
          [
            79.8556427,
            12.8526217
          ],
          [
            79.8556527,
            12.8524347
          ],
          [
            79.8556619,
            12.8522613
          ],
          [
            79.8557603,
            12.8521068
          ],
          [
            79.8558458,
            12.8520593
          ]
        ]
      },
      "properties": {
        "id": 1151277755,
        "name": "OSM Drain Segment 55",
        "drain_type": "drain",
        "capacity": "25 m3/s",
        "status": "blocked",
        "district": "Chengalpattu",
        "data_source_type": "OpenStreetMap Public Data"
      }
    },
    {
      "type": "Feature",
      "id": 1151277756,
      "geometry": {
        "type": "LineString",
        "coordinates": [
          [
            79.8558458,
            12.8520593
          ],
          [
            79.8559147,
            12.852021
          ]
        ]
      },
      "properties": {
        "id": 1151277756,
        "name": "OSM Drain Segment 56",
        "drain_type": "drain",
        "capacity": "26 m3/s",
        "status": "partially_blocked",
        "district": "Chengalpattu",
        "data_source_type": "OpenStreetMap Public Data"
      }
    },
    {
      "type": "Feature",
      "id": 1151570507,
      "geometry": {
        "type": "LineString",
        "coordinates": [
          [
            80.0535048,
            12.8501769
          ],
          [
            80.0535946,
            12.8506343
          ],
          [
            80.05362,
            12.8515884
          ],
          [
            80.0533383,
            12.8523049
          ],
          [
            80.0528518,
            12.8529049
          ],
          [
            80.0528038,
            12.8531082
          ],
          [
            80.0525024,
            12.8533055
          ]
        ]
      },
      "properties": {
        "id": 1151570507,
        "name": "OSM Drain Segment 7",
        "drain_type": "drain",
        "capacity": "27 m3/s",
        "status": "normal",
        "district": "Chengalpattu",
        "data_source_type": "OpenStreetMap Public Data"
      }
    },
    {
      "type": "Feature",
      "id": 1151570508,
      "geometry": {
        "type": "LineString",
        "coordinates": [
          [
            80.0525024,
            12.8533055
          ],
          [
            80.0524206,
            12.8534011
          ]
        ]
      },
      "properties": {
        "id": 1151570508,
        "name": "OSM Drain Segment 8",
        "drain_type": "drain",
        "capacity": "28 m3/s",
        "status": "normal",
        "district": "Chengalpattu",
        "data_source_type": "OpenStreetMap Public Data"
      }
    },
    {
      "type": "Feature",
      "id": 1151570509,
      "geometry": {
        "type": "LineString",
        "coordinates": [
          [
            80.0524206,
            12.8534011
          ],
          [
            80.0522568,
            12.8538008
          ],
          [
            80.0525104,
            12.8553192
          ]
        ]
      },
      "properties": {
        "id": 1151570509,
        "name": "OSM Drain Segment 9",
        "drain_type": "drain",
        "capacity": "29 m3/s",
        "status": "normal",
        "district": "Chengalpattu",
        "data_source_type": "OpenStreetMap Public Data"
      }
    },
    {
      "type": "Feature",
      "id": 1151570510,
      "geometry": {
        "type": "LineString",
        "coordinates": [
          [
            80.0525104,
            12.8553192
          ],
          [
            80.0525238,
            12.8553989
          ]
        ]
      },
      "properties": {
        "id": 1151570510,
        "name": "OSM Drain Segment 10",
        "drain_type": "drain",
        "capacity": "30 m3/s",
        "status": "blocked",
        "district": "Chengalpattu",
        "data_source_type": "OpenStreetMap Public Data"
      }
    },
    {
      "type": "Feature",
      "id": 1151570511,
      "geometry": {
        "type": "LineString",
        "coordinates": [
          [
            80.0525238,
            12.8553989
          ],
          [
            80.0525518,
            12.8555668
          ],
          [
            80.0525652,
            12.8557224
          ],
          [
            80.0525464,
            12.8558087
          ],
          [
            80.0525169,
            12.855874
          ],
          [
            80.0524512,
            12.8559852
          ],
          [
            80.0523707,
            12.8562571
          ],
          [
            80.0523332,
            12.8564925
          ],
          [
            80.0523171,
            12.8568937
          ]
        ]
      },
      "properties": {
        "id": 1151570511,
        "name": "OSM Drain Segment 11",
        "drain_type": "drain",
        "capacity": "31 m3/s",
        "status": "partially_blocked",
        "district": "Chengalpattu",
        "data_source_type": "OpenStreetMap Public Data"
      }
    },
    {
      "type": "Feature",
      "id": 1151570512,
      "geometry": {
        "type": "LineString",
        "coordinates": [
          [
            80.0523171,
            12.8568937
          ],
          [
            80.0523144,
            12.8569605
          ]
        ]
      },
      "properties": {
        "id": 1151570512,
        "name": "OSM Drain Segment 12",
        "drain_type": "drain",
        "capacity": "32 m3/s",
        "status": "normal",
        "district": "Chengalpattu",
        "data_source_type": "OpenStreetMap Public Data"
      }
    },
    {
      "type": "Feature",
      "id": 1151570513,
      "geometry": {
        "type": "LineString",
        "coordinates": [
          [
            80.0523144,
            12.8569605
          ],
          [
            80.0522983,
            12.8575306
          ],
          [
            80.0522822,
            12.8578889
          ],
          [
            80.0522473,
            12.8580379
          ],
          [
            80.0521857,
            12.8581687
          ],
          [
            80.0519743,
            12.85857
          ]
        ]
      },
      "properties": {
        "id": 1151570513,
        "name": "OSM Drain Segment 13",
        "drain_type": "drain",
        "capacity": "33 m3/s",
        "status": "normal",
        "district": "Chengalpattu",
        "data_source_type": "OpenStreetMap Public Data"
      }
    },
    {
      "type": "Feature",
      "id": 1151570514,
      "geometry": {
        "type": "LineString",
        "coordinates": [
          [
            80.0519743,
            12.85857
          ],
          [
            80.0519406,
            12.8586687
          ]
        ]
      },
      "properties": {
        "id": 1151570514,
        "name": "OSM Drain Segment 14",
        "drain_type": "drain",
        "capacity": "34 m3/s",
        "status": "normal",
        "district": "Chengalpattu",
        "data_source_type": "OpenStreetMap Public Data"
      }
    },
    {
      "type": "Feature",
      "id": 1151570515,
      "geometry": {
        "type": "LineString",
        "coordinates": [
          [
            80.052553,
            12.8561915
          ],
          [
            80.0525337,
            12.8562461
          ],
          [
            80.0524809,
            12.8565751
          ],
          [
            80.0524657,
            12.8567737
          ]
        ]
      },
      "properties": {
        "id": 1151570515,
        "name": "OSM Drain Segment 15",
        "drain_type": "drain",
        "capacity": "35 m3/s",
        "status": "blocked",
        "district": "Chengalpattu",
        "data_source_type": "OpenStreetMap Public Data"
      }
    },
    {
      "type": "Feature",
      "id": 1151570516,
      "geometry": {
        "type": "LineString",
        "coordinates": [
          [
            80.0547125,
            12.8669104
          ],
          [
            80.0546995,
            12.8669847
          ],
          [
            80.0546272,
            12.8672714
          ]
        ]
      },
      "properties": {
        "id": 1151570516,
        "name": "OSM Drain Segment 16",
        "drain_type": "drain",
        "capacity": "36 m3/s",
        "status": "partially_blocked",
        "district": "Chengalpattu",
        "data_source_type": "OpenStreetMap Public Data"
      }
    },
    {
      "type": "Feature",
      "id": 1151570517,
      "geometry": {
        "type": "LineString",
        "coordinates": [
          [
            80.0547122,
            12.8668396
          ],
          [
            80.0547125,
            12.8669104
          ]
        ]
      },
      "properties": {
        "id": 1151570517,
        "name": "OSM Drain Segment 17",
        "drain_type": "drain",
        "capacity": "37 m3/s",
        "status": "normal",
        "district": "Chengalpattu",
        "data_source_type": "OpenStreetMap Public Data"
      }
    },
    {
      "type": "Feature",
      "id": 1151570518,
      "geometry": {
        "type": "LineString",
        "coordinates": [
          [
            80.0546898,
            12.8664855
          ],
          [
            80.0547122,
            12.8668396
          ]
        ]
      },
      "properties": {
        "id": 1151570518,
        "name": "OSM Drain Segment 18",
        "drain_type": "drain",
        "capacity": "38 m3/s",
        "status": "normal",
        "district": "Chengalpattu",
        "data_source_type": "OpenStreetMap Public Data"
      }
    },
    {
      "type": "Feature",
      "id": 1151570519,
      "geometry": {
        "type": "LineString",
        "coordinates": [
          [
            80.0546885,
            12.8664087
          ],
          [
            80.0546898,
            12.8664855
          ]
        ]
      },
      "properties": {
        "id": 1151570519,
        "name": "OSM Drain Segment 19",
        "drain_type": "drain",
        "capacity": "39 m3/s",
        "status": "normal",
        "district": "Chengalpattu",
        "data_source_type": "OpenStreetMap Public Data"
      }
    },
    {
      "type": "Feature",
      "id": 1151570520,
      "geometry": {
        "type": "LineString",
        "coordinates": [
          [
            80.0546855,
            12.86611
          ],
          [
            80.0546859,
            12.8662137
          ],
          [
            80.0546885,
            12.8664087
          ]
        ]
      },
      "properties": {
        "id": 1151570520,
        "name": "OSM Drain Segment 20",
        "drain_type": "drain",
        "capacity": "40 m3/s",
        "status": "blocked",
        "district": "Chengalpattu",
        "data_source_type": "OpenStreetMap Public Data"
      }
    },
    {
      "type": "Feature",
      "id": 1151570521,
      "geometry": {
        "type": "LineString",
        "coordinates": [
          [
            80.0546853,
            12.8660474
          ],
          [
            80.0546855,
            12.86611
          ]
        ]
      },
      "properties": {
        "id": 1151570521,
        "name": "OSM Drain Segment 21",
        "drain_type": "drain",
        "capacity": "41 m3/s",
        "status": "partially_blocked",
        "district": "Chengalpattu",
        "data_source_type": "OpenStreetMap Public Data"
      }
    },
    {
      "type": "Feature",
      "id": 1151570522,
      "geometry": {
        "type": "LineString",
        "coordinates": [
          [
            80.0545816,
            12.8653354
          ],
          [
            80.0546131,
            12.8654797
          ],
          [
            80.0546848,
            12.8658971
          ],
          [
            80.0546853,
            12.8660474
          ]
        ]
      },
      "properties": {
        "id": 1151570522,
        "name": "OSM Drain Segment 22",
        "drain_type": "drain",
        "capacity": "42 m3/s",
        "status": "normal",
        "district": "Chengalpattu",
        "data_source_type": "OpenStreetMap Public Data"
      }
    },
    {
      "type": "Feature",
      "id": 1151570523,
      "geometry": {
        "type": "LineString",
        "coordinates": [
          [
            80.0545641,
            12.8652547
          ],
          [
            80.0545816,
            12.8653354
          ]
        ]
      },
      "properties": {
        "id": 1151570523,
        "name": "OSM Drain Segment 23",
        "drain_type": "drain",
        "capacity": "43 m3/s",
        "status": "normal",
        "district": "Chengalpattu",
        "data_source_type": "OpenStreetMap Public Data"
      }
    },
    {
      "type": "Feature",
      "id": 1151570524,
      "geometry": {
        "type": "LineString",
        "coordinates": [
          [
            80.05449,
            12.8649667
          ],
          [
            80.0545329,
            12.8651117
          ],
          [
            80.0545641,
            12.8652547
          ]
        ]
      },
      "properties": {
        "id": 1151570524,
        "name": "OSM Drain Segment 24",
        "drain_type": "drain",
        "capacity": "44 m3/s",
        "status": "normal",
        "district": "Chengalpattu",
        "data_source_type": "OpenStreetMap Public Data"
      }
    },
    {
      "type": "Feature",
      "id": 1151570525,
      "geometry": {
        "type": "LineString",
        "coordinates": [
          [
            80.0544633,
            12.8648979
          ],
          [
            80.05449,
            12.8649667
          ]
        ]
      },
      "properties": {
        "id": 1151570525,
        "name": "OSM Drain Segment 25",
        "drain_type": "drain",
        "capacity": "45 m3/s",
        "status": "blocked",
        "district": "Chengalpattu",
        "data_source_type": "OpenStreetMap Public Data"
      }
    },
    {
      "type": "Feature",
      "id": 1151570526,
      "geometry": {
        "type": "LineString",
        "coordinates": [
          [
            80.0543093,
            12.8645751
          ],
          [
            80.0544633,
            12.8648979
          ]
        ]
      },
      "properties": {
        "id": 1151570526,
        "name": "OSM Drain Segment 26",
        "drain_type": "drain",
        "capacity": "46 m3/s",
        "status": "partially_blocked",
        "district": "Chengalpattu",
        "data_source_type": "OpenStreetMap Public Data"
      }
    },
    {
      "type": "Feature",
      "id": 1151570527,
      "geometry": {
        "type": "LineString",
        "coordinates": [
          [
            80.0542799,
            12.8645134
          ],
          [
            80.0543093,
            12.8645751
          ]
        ]
      },
      "properties": {
        "id": 1151570527,
        "name": "OSM Drain Segment 27",
        "drain_type": "drain",
        "capacity": "47 m3/s",
        "status": "normal",
        "district": "Chengalpattu",
        "data_source_type": "OpenStreetMap Public Data"
      }
    },
    {
      "type": "Feature",
      "id": 1151570528,
      "geometry": {
        "type": "LineString",
        "coordinates": [
          [
            80.0538852,
            12.8639613
          ],
          [
            80.0539762,
            12.8641146
          ],
          [
            80.0542799,
            12.8645134
          ]
        ]
      },
      "properties": {
        "id": 1151570528,
        "name": "OSM Drain Segment 28",
        "drain_type": "drain",
        "capacity": "48 m3/s",
        "status": "normal",
        "district": "Chengalpattu",
        "data_source_type": "OpenStreetMap Public Data"
      }
    },
    {
      "type": "Feature",
      "id": 1151570529,
      "geometry": {
        "type": "LineString",
        "coordinates": [
          [
            80.053837,
            12.8638802
          ],
          [
            80.0538852,
            12.8639613
          ]
        ]
      },
      "properties": {
        "id": 1151570529,
        "name": "OSM Drain Segment 29",
        "drain_type": "drain",
        "capacity": "49 m3/s",
        "status": "normal",
        "district": "Chengalpattu",
        "data_source_type": "OpenStreetMap Public Data"
      }
    },
    {
      "type": "Feature",
      "id": 1151570530,
      "geometry": {
        "type": "LineString",
        "coordinates": [
          [
            80.0536593,
            12.8635131
          ],
          [
            80.0537315,
            12.8637157
          ],
          [
            80.053837,
            12.8638802
          ]
        ]
      },
      "properties": {
        "id": 1151570530,
        "name": "OSM Drain Segment 30",
        "drain_type": "drain",
        "capacity": "50 m3/s",
        "status": "blocked",
        "district": "Chengalpattu",
        "data_source_type": "OpenStreetMap Public Data"
      }
    },
    {
      "type": "Feature",
      "id": 1151570531,
      "geometry": {
        "type": "LineString",
        "coordinates": [
          [
            80.0536394,
            12.8634515
          ],
          [
            80.0536593,
            12.8635131
          ]
        ]
      },
      "properties": {
        "id": 1151570531,
        "name": "OSM Drain Segment 31",
        "drain_type": "drain",
        "capacity": "51 m3/s",
        "status": "partially_blocked",
        "district": "Chengalpattu",
        "data_source_type": "OpenStreetMap Public Data"
      }
    },
    {
      "type": "Feature",
      "id": 1151570532,
      "geometry": {
        "type": "LineString",
        "coordinates": [
          [
            80.0531533,
            12.8623651
          ],
          [
            80.053198,
            12.8624924
          ],
          [
            80.0535396,
            12.863212
          ],
          [
            80.0536394,
            12.8634515
          ]
        ]
      },
      "properties": {
        "id": 1151570532,
        "name": "OSM Drain Segment 32",
        "drain_type": "drain",
        "capacity": "52 m3/s",
        "status": "normal",
        "district": "Chengalpattu",
        "data_source_type": "OpenStreetMap Public Data"
      }
    },
    {
      "type": "Feature",
      "id": 1151570533,
      "geometry": {
        "type": "LineString",
        "coordinates": [
          [
            80.0531087,
            12.8622378
          ],
          [
            80.0531533,
            12.8623651
          ]
        ]
      },
      "properties": {
        "id": 1151570533,
        "name": "OSM Drain Segment 33",
        "drain_type": "drain",
        "capacity": "53 m3/s",
        "status": "normal",
        "district": "Chengalpattu",
        "data_source_type": "OpenStreetMap Public Data"
      }
    },
    {
      "type": "Feature",
      "id": 1151570534,
      "geometry": {
        "type": "LineString",
        "coordinates": [
          [
            80.0520096,
            12.860204
          ],
          [
            80.0520507,
            12.8602863
          ],
          [
            80.0524598,
            12.8610408
          ],
          [
            80.0527699,
            12.8615877
          ],
          [
            80.0529027,
            12.8618015
          ],
          [
            80.0531087,
            12.8622378
          ]
        ]
      },
      "properties": {
        "id": 1151570534,
        "name": "OSM Drain Segment 34",
        "drain_type": "drain",
        "capacity": "54 m3/s",
        "status": "normal",
        "district": "Chengalpattu",
        "data_source_type": "OpenStreetMap Public Data"
      }
    },
    {
      "type": "Feature",
      "id": 1151570535,
      "geometry": {
        "type": "LineString",
        "coordinates": [
          [
            80.0519685,
            12.8601218
          ],
          [
            80.0520096,
            12.860204
          ]
        ]
      },
      "properties": {
        "id": 1151570535,
        "name": "OSM Drain Segment 35",
        "drain_type": "drain",
        "capacity": "55 m3/s",
        "status": "blocked",
        "district": "Chengalpattu",
        "data_source_type": "OpenStreetMap Public Data"
      }
    },
    {
      "type": "Feature",
      "id": 1151570536,
      "geometry": {
        "type": "LineString",
        "coordinates": [
          [
            80.0519743,
            12.8598358
          ],
          [
            80.0519685,
            12.8599964
          ],
          [
            80.0519685,
            12.8601218
          ]
        ]
      },
      "properties": {
        "id": 1151570536,
        "name": "OSM Drain Segment 36",
        "drain_type": "drain",
        "capacity": "56 m3/s",
        "status": "partially_blocked",
        "district": "Chengalpattu",
        "data_source_type": "OpenStreetMap Public Data"
      }
    },
    {
      "type": "Feature",
      "id": 1151570537,
      "geometry": {
        "type": "LineString",
        "coordinates": [
          [
            80.0519769,
            12.8597661
          ],
          [
            80.0519743,
            12.8598358
          ]
        ]
      },
      "properties": {
        "id": 1151570537,
        "name": "OSM Drain Segment 37",
        "drain_type": "drain",
        "capacity": "57 m3/s",
        "status": "normal",
        "district": "Chengalpattu",
        "data_source_type": "OpenStreetMap Public Data"
      }
    },
    {
      "type": "Feature",
      "id": 1151570538,
      "geometry": {
        "type": "LineString",
        "coordinates": [
          [
            80.0521634,
            12.8587874
          ],
          [
            80.0521098,
            12.8590506
          ],
          [
            80.0519769,
            12.8597661
          ]
        ]
      },
      "properties": {
        "id": 1151570538,
        "name": "OSM Drain Segment 38",
        "drain_type": "drain",
        "capacity": "58 m3/s",
        "status": "normal",
        "district": "Chengalpattu",
        "data_source_type": "OpenStreetMap Public Data"
      }
    },
    {
      "type": "Feature",
      "id": 1151570539,
      "geometry": {
        "type": "LineString",
        "coordinates": [
          [
            80.0521759,
            12.8587246
          ],
          [
            80.0521634,
            12.8587874
          ]
        ]
      },
      "properties": {
        "id": 1151570539,
        "name": "OSM Drain Segment 39",
        "drain_type": "drain",
        "capacity": "59 m3/s",
        "status": "normal",
        "district": "Chengalpattu",
        "data_source_type": "OpenStreetMap Public Data"
      }
    },
    {
      "type": "Feature",
      "id": 1151570540,
      "geometry": {
        "type": "LineString",
        "coordinates": [
          [
            80.0524901,
            12.8578569
          ],
          [
            80.0524852,
            12.8579753
          ],
          [
            80.0523461,
            12.8582038
          ]
        ]
      },
      "properties": {
        "id": 1151570540,
        "name": "OSM Drain Segment 40",
        "drain_type": "drain",
        "capacity": "60 m3/s",
        "status": "blocked",
        "district": "Chengalpattu",
        "data_source_type": "OpenStreetMap Public Data"
      }
    },
    {
      "type": "Feature",
      "id": 1151570541,
      "geometry": {
        "type": "LineString",
        "coordinates": [
          [
            80.0524929,
            12.8577914
          ],
          [
            80.0524901,
            12.8578569
          ]
        ]
      },
      "properties": {
        "id": 1151570541,
        "name": "OSM Drain Segment 41",
        "drain_type": "drain",
        "capacity": "61 m3/s",
        "status": "partially_blocked",
        "district": "Chengalpattu",
        "data_source_type": "OpenStreetMap Public Data"
      }
    },
    {
      "type": "Feature",
      "id": 1151570542,
      "geometry": {
        "type": "LineString",
        "coordinates": [
          [
            80.0525031,
            12.8574222
          ],
          [
            80.0525041,
            12.857525
          ],
          [
            80.0524929,
            12.8577914
          ]
        ]
      },
      "properties": {
        "id": 1151570542,
        "name": "OSM Drain Segment 42",
        "drain_type": "drain",
        "capacity": "62 m3/s",
        "status": "normal",
        "district": "Chengalpattu",
        "data_source_type": "OpenStreetMap Public Data"
      }
    },
    {
      "type": "Feature",
      "id": 1151570543,
      "geometry": {
        "type": "LineString",
        "coordinates": [
          [
            80.0525039,
            12.8573419
          ],
          [
            80.0525031,
            12.8574222
          ]
        ]
      },
      "properties": {
        "id": 1151570543,
        "name": "OSM Drain Segment 43",
        "drain_type": "drain",
        "capacity": "63 m3/s",
        "status": "normal",
        "district": "Chengalpattu",
        "data_source_type": "OpenStreetMap Public Data"
      }
    },
    {
      "type": "Feature",
      "id": 1151570544,
      "geometry": {
        "type": "LineString",
        "coordinates": [
          [
            80.0524871,
            12.8571728
          ],
          [
            80.0525039,
            12.8573419
          ]
        ]
      },
      "properties": {
        "id": 1151570544,
        "name": "OSM Drain Segment 44",
        "drain_type": "drain",
        "capacity": "64 m3/s",
        "status": "normal",
        "district": "Chengalpattu",
        "data_source_type": "OpenStreetMap Public Data"
      }
    },
    {
      "type": "Feature",
      "id": 1151570545,
      "geometry": {
        "type": "LineString",
        "coordinates": [
          [
            80.0524809,
            12.8571106
          ],
          [
            80.0524871,
            12.8571728
          ]
        ]
      },
      "properties": {
        "id": 1151570545,
        "name": "OSM Drain Segment 45",
        "drain_type": "drain",
        "capacity": "65 m3/s",
        "status": "blocked",
        "district": "Chengalpattu",
        "data_source_type": "OpenStreetMap Public Data"
      }
    },
    {
      "type": "Feature",
      "id": 1151570546,
      "geometry": {
        "type": "LineString",
        "coordinates": [
          [
            80.0524607,
            12.8568391
          ],
          [
            80.0524577,
            12.8568773
          ],
          [
            80.0524809,
            12.8571106
          ]
        ]
      },
      "properties": {
        "id": 1151570546,
        "name": "OSM Drain Segment 46",
        "drain_type": "drain",
        "capacity": "66 m3/s",
        "status": "partially_blocked",
        "district": "Chengalpattu",
        "data_source_type": "OpenStreetMap Public Data"
      }
    },
    {
      "type": "Feature",
      "id": 1151570547,
      "geometry": {
        "type": "LineString",
        "coordinates": [
          [
            80.0524657,
            12.8567737
          ],
          [
            80.0524607,
            12.8568391
          ]
        ]
      },
      "properties": {
        "id": 1151570547,
        "name": "OSM Drain Segment 47",
        "drain_type": "drain",
        "capacity": "67 m3/s",
        "status": "normal",
        "district": "Chengalpattu",
        "data_source_type": "OpenStreetMap Public Data"
      }
    },
    {
      "type": "Feature",
      "id": 1151570548,
      "geometry": {
        "type": "LineString",
        "coordinates": [
          [
            80.0527024,
            12.8557115
          ],
          [
            80.0526412,
            12.8559418
          ],
          [
            80.0525861,
            12.8560979
          ]
        ]
      },
      "properties": {
        "id": 1151570548,
        "name": "OSM Drain Segment 48",
        "drain_type": "drain",
        "capacity": "68 m3/s",
        "status": "normal",
        "district": "Chengalpattu",
        "data_source_type": "OpenStreetMap Public Data"
      }
    },
    {
      "type": "Feature",
      "id": 1151570549,
      "geometry": {
        "type": "LineString",
        "coordinates": [
          [
            80.0525861,
            12.8560979
          ],
          [
            80.052553,
            12.8561915
          ]
        ]
      },
      "properties": {
        "id": 1151570549,
        "name": "OSM Drain Segment 49",
        "drain_type": "drain",
        "capacity": "69 m3/s",
        "status": "normal",
        "district": "Chengalpattu",
        "data_source_type": "OpenStreetMap Public Data"
      }
    },
    {
      "type": "Feature",
      "id": 1152278960,
      "geometry": {
        "type": "LineString",
        "coordinates": [
          [
            80.0173767,
            12.8358098
          ],
          [
            80.0173422,
            12.8359769
          ],
          [
            80.0172279,
            12.8366736
          ],
          [
            80.0172301,
            12.8367824
          ]
        ]
      },
      "properties": {
        "id": 1152278960,
        "name": "OSM Drain Segment 60",
        "drain_type": "drain",
        "capacity": "30 m3/s",
        "status": "blocked",
        "district": "Chengalpattu",
        "data_source_type": "OpenStreetMap Public Data"
      }
    },
    {
      "type": "Feature",
      "id": 1152278961,
      "geometry": {
        "type": "LineString",
        "coordinates": [
          [
            80.0172323,
            12.8368932
          ],
          [
            80.0172358,
            12.8370685
          ]
        ]
      },
      "properties": {
        "id": 1152278961,
        "name": "OSM Drain Segment 61",
        "drain_type": "drain",
        "capacity": "31 m3/s",
        "status": "partially_blocked",
        "district": "Chengalpattu",
        "data_source_type": "OpenStreetMap Public Data"
      }
    },
    {
      "type": "Feature",
      "id": 1152278962,
      "geometry": {
        "type": "LineString",
        "coordinates": [
          [
            80.0172301,
            12.8367824
          ],
          [
            80.0172323,
            12.8368932
          ]
        ]
      },
      "properties": {
        "id": 1152278962,
        "name": "OSM Drain Segment 62",
        "drain_type": "drain",
        "capacity": "32 m3/s",
        "status": "normal",
        "district": "Chengalpattu",
        "data_source_type": "OpenStreetMap Public Data"
      }
    },
    {
      "type": "Feature",
      "id": 1152278963,
      "geometry": {
        "type": "LineString",
        "coordinates": [
          [
            80.0172898,
            12.8349643
          ],
          [
            80.0173994,
            12.8353405
          ],
          [
            80.0173894,
            12.8357116
          ]
        ]
      },
      "properties": {
        "id": 1152278963,
        "name": "OSM Drain Segment 63",
        "drain_type": "drain",
        "capacity": "33 m3/s",
        "status": "normal",
        "district": "Chengalpattu",
        "data_source_type": "OpenStreetMap Public Data"
      }
    },
    {
      "type": "Feature",
      "id": 1152278964,
      "geometry": {
        "type": "LineString",
        "coordinates": [
          [
            80.0173894,
            12.8357116
          ],
          [
            80.0173767,
            12.8358098
          ]
        ]
      },
      "properties": {
        "id": 1152278964,
        "name": "OSM Drain Segment 64",
        "drain_type": "drain",
        "capacity": "34 m3/s",
        "status": "normal",
        "district": "Chengalpattu",
        "data_source_type": "OpenStreetMap Public Data"
      }
    },
    {
      "type": "Feature",
      "id": 1152278965,
      "geometry": {
        "type": "LineString",
        "coordinates": [
          [
            80.0195185,
            12.8370811
          ],
          [
            80.0195725,
            12.8371147
          ],
          [
            80.0195916,
            12.8375583
          ]
        ]
      },
      "properties": {
        "id": 1152278965,
        "name": "OSM Drain Segment 65",
        "drain_type": "drain",
        "capacity": "35 m3/s",
        "status": "blocked",
        "district": "Chengalpattu",
        "data_source_type": "OpenStreetMap Public Data"
      }
    },
    {
      "type": "Feature",
      "id": 1152278966,
      "geometry": {
        "type": "LineString",
        "coordinates": [
          [
            80.0193396,
            12.8369761
          ],
          [
            80.0194216,
            12.837015
          ]
        ]
      },
      "properties": {
        "id": 1152278966,
        "name": "OSM Drain Segment 66",
        "drain_type": "drain",
        "capacity": "36 m3/s",
        "status": "partially_blocked",
        "district": "Chengalpattu",
        "data_source_type": "OpenStreetMap Public Data"
      }
    },
    {
      "type": "Feature",
      "id": 1152278967,
      "geometry": {
        "type": "LineString",
        "coordinates": [
          [
            80.0194216,
            12.837015
          ],
          [
            80.0195185,
            12.8370811
          ]
        ]
      },
      "properties": {
        "id": 1152278967,
        "name": "OSM Drain Segment 67",
        "drain_type": "drain",
        "capacity": "37 m3/s",
        "status": "normal",
        "district": "Chengalpattu",
        "data_source_type": "OpenStreetMap Public Data"
      }
    },
    {
      "type": "Feature",
      "id": 1153465747,
      "geometry": {
        "type": "LineString",
        "coordinates": [
          [
            80.0001999,
            12.4800749
          ],
          [
            80.0003225,
            12.4800109
          ],
          [
            80.0008911,
            12.479749
          ],
          [
            79.999661,
            12.4748771
          ]
        ]
      },
      "properties": {
        "id": 1153465747,
        "name": "OSM Drain Segment 47",
        "drain_type": "canal",
        "capacity": "67 m3/s",
        "status": "normal",
        "district": "Chengalpattu",
        "data_source_type": "OpenStreetMap Public Data"
      }
    },
    {
      "type": "Feature",
      "id": 1153686621,
      "geometry": {
        "type": "LineString",
        "coordinates": [
          [
            80.1235893,
            12.7935929
          ],
          [
            80.1236708,
            12.7936038
          ],
          [
            80.1241683,
            12.7934647
          ],
          [
            80.1243579,
            12.7934446
          ],
          [
            80.1245869,
            12.7933768
          ],
          [
            80.124968,
            12.7933512
          ],
          [
            80.1251426,
            12.7933146
          ],
          [
            80.125259,
            12.7933842
          ],
          [
            80.1252778,
            12.7934629
          ],
          [
            80.1252571,
            12.7936331
          ],
          [
            80.1253398,
            12.7937082
          ],
          [
            80.1256439,
            12.7937558
          ],
          [
            80.1257716,
            12.7937155
          ],
          [
            80.125903,
            12.7937595
          ],
          [
            80.1259743,
            12.7938217
          ],
          [
            80.1259869,
            12.7938305
          ],
          [
            80.1260607,
            12.7938821
          ],
          [
            80.1261358,
            12.7941769
          ],
          [
            80.1262165,
            12.7942977
          ],
          [
            80.1265432,
            12.794219
          ],
          [
            80.1269524,
            12.7940982
          ],
          [
            80.1271514,
            12.794122
          ],
          [
            80.1274312,
            12.7940817
          ],
          [
            80.1276489,
            12.7940103
          ],
          [
            80.1277316,
            12.7940048
          ],
          [
            80.1279268,
            12.7938217
          ],
          [
            80.1286984,
            12.7936276
          ],
          [
            80.1289275,
            12.7937192
          ],
          [
            80.1289763,
            12.7939133
          ],
          [
            80.1289819,
            12.7941366
          ]
        ]
      },
      "properties": {
        "id": 1153686621,
        "name": "OSM Drain Segment 21",
        "drain_type": "drain",
        "capacity": "41 m3/s",
        "status": "partially_blocked",
        "district": "Chengalpattu",
        "data_source_type": "OpenStreetMap Public Data"
      }
    },
    {
      "type": "Feature",
      "id": 1153686622,
      "geometry": {
        "type": "LineString",
        "coordinates": [
          [
            80.1259869,
            12.7938305
          ],
          [
            80.126117,
            12.793765
          ],
          [
            80.1261733,
            12.7935489
          ],
          [
            80.1262878,
            12.7934318
          ],
          [
            80.1263291,
            12.7933567
          ],
          [
            80.1264268,
            12.7933604
          ],
          [
            80.1266032,
            12.7933347
          ],
          [
            80.1267778,
            12.7932505
          ],
          [
            80.1270594,
            12.7931791
          ],
          [
            80.1271589,
            12.7931992
          ],
          [
            80.127388,
            12.7931095
          ],
          [
            80.1275701,
            12.7930784
          ],
          [
            80.1275926,
            12.7930308
          ],
          [
            80.1277353,
            12.7929942
          ],
          [
            80.1278855,
            12.7929008
          ],
          [
            80.1280319,
            12.7928807
          ],
          [
            80.128413,
            12.7927287
          ],
          [
            80.1284694,
            12.7927214
          ],
          [
            80.1285839,
            12.7928367
          ]
        ]
      },
      "properties": {
        "id": 1153686622,
        "name": "OSM Drain Segment 22",
        "drain_type": "drain",
        "capacity": "42 m3/s",
        "status": "normal",
        "district": "Chengalpattu",
        "data_source_type": "OpenStreetMap Public Data"
      }
    },
    {
      "type": "Feature",
      "id": 1153686623,
      "geometry": {
        "type": "LineString",
        "coordinates": [
          [
            80.1225293,
            12.7932688
          ],
          [
            80.1227658,
            12.7934647
          ],
          [
            80.1230437,
            12.7934903
          ],
          [
            80.1231639,
            12.7935654
          ],
          [
            80.1232765,
            12.7935508
          ],
          [
            80.1235079,
            12.7935819
          ]
        ]
      },
      "properties": {
        "id": 1153686623,
        "name": "OSM Drain Segment 23",
        "drain_type": "drain",
        "capacity": "43 m3/s",
        "status": "normal",
        "district": "Chengalpattu",
        "data_source_type": "OpenStreetMap Public Data"
      }
    },
    {
      "type": "Feature",
      "id": 1153686624,
      "geometry": {
        "type": "LineString",
        "coordinates": [
          [
            80.1235079,
            12.7935819
          ],
          [
            80.1235893,
            12.7935929
          ]
        ]
      },
      "properties": {
        "id": 1153686624,
        "name": "OSM Drain Segment 24",
        "drain_type": "drain",
        "capacity": "44 m3/s",
        "status": "normal",
        "district": "Chengalpattu",
        "data_source_type": "OpenStreetMap Public Data"
      }
    },
    {
      "type": "Feature",
      "id": 1153686626,
      "geometry": {
        "type": "LineString",
        "coordinates": [
          [
            80.124321,
            12.8105003
          ],
          [
            80.1246884,
            12.8105012
          ]
        ]
      },
      "properties": {
        "id": 1153686626,
        "name": "OSM Drain Segment 26",
        "drain_type": "drain",
        "capacity": "46 m3/s",
        "status": "partially_blocked",
        "district": "Chengalpattu",
        "data_source_type": "OpenStreetMap Public Data"
      }
    },
    {
      "type": "Feature",
      "id": 1153686627,
      "geometry": {
        "type": "LineString",
        "coordinates": [
          [
            80.123767,
            12.8105379
          ],
          [
            80.1242242,
            12.8105082
          ]
        ]
      },
      "properties": {
        "id": 1153686627,
        "name": "OSM Drain Segment 27",
        "drain_type": "drain",
        "capacity": "47 m3/s",
        "status": "normal",
        "district": "Chengalpattu",
        "data_source_type": "OpenStreetMap Public Data"
      }
    },
    {
      "type": "Feature",
      "id": 1153686628,
      "geometry": {
        "type": "LineString",
        "coordinates": [
          [
            80.1242242,
            12.8105082
          ],
          [
            80.124321,
            12.8105003
          ]
        ]
      },
      "properties": {
        "id": 1153686628,
        "name": "OSM Drain Segment 28",
        "drain_type": "drain",
        "capacity": "48 m3/s",
        "status": "normal",
        "district": "Chengalpattu",
        "data_source_type": "OpenStreetMap Public Data"
      }
    },
    {
      "type": "Feature",
      "id": 1153693167,
      "geometry": {
        "type": "LineString",
        "coordinates": [
          [
            79.7811362,
            12.7352397
          ],
          [
            79.7810662,
            12.7347933
          ],
          [
            79.7811782,
            12.7346839
          ],
          [
            79.7810942,
            12.7342968
          ],
          [
            79.7808653,
            12.7340644
          ],
          [
            79.7807673,
            12.7338595
          ],
          [
            79.7805711,
            12.733782
          ],
          [
            79.7803937,
            12.7338048
          ],
          [
            79.7802863,
            12.7334039
          ],
          [
            79.780319,
            12.7331899
          ],
          [
            79.7802256,
            12.7328664
          ],
          [
            79.7803423,
            12.7324337
          ],
          [
            79.7803423,
            12.7321741
          ],
          [
            79.7801648,
            12.7320055
          ],
          [
            79.7801859,
            12.7317239
          ],
          [
            79.7804223,
            12.7313542
          ],
          [
            79.7804769,
            12.7313085
          ],
          [
            79.7805583,
            12.7313107
          ]
        ]
      },
      "properties": {
        "id": 1153693167,
        "name": "OSM Drain Segment 67",
        "drain_type": "drain",
        "capacity": "37 m3/s",
        "status": "normal",
        "district": "Chengalpattu",
        "data_source_type": "OpenStreetMap Public Data"
      }
    },
    {
      "type": "Feature",
      "id": 1153693168,
      "geometry": {
        "type": "LineString",
        "coordinates": [
          [
            79.7806029,
            12.7312237
          ],
          [
            79.780672,
            12.731078
          ],
          [
            79.7806586,
            12.73068
          ],
          [
            79.7806876,
            12.7299645
          ]
        ]
      },
      "properties": {
        "id": 1153693168,
        "name": "OSM Drain Segment 68",
        "drain_type": "drain",
        "capacity": "38 m3/s",
        "status": "normal",
        "district": "Chengalpattu",
        "data_source_type": "OpenStreetMap Public Data"
      }
    },
    {
      "type": "Feature",
      "id": 1153693169,
      "geometry": {
        "type": "LineString",
        "coordinates": [
          [
            79.7805583,
            12.7313107
          ],
          [
            79.7806029,
            12.7312237
          ]
        ]
      },
      "properties": {
        "id": 1153693169,
        "name": "OSM Drain Segment 69",
        "drain_type": "drain",
        "capacity": "39 m3/s",
        "status": "normal",
        "district": "Chengalpattu",
        "data_source_type": "OpenStreetMap Public Data"
      }
    },
    {
      "type": "Feature",
      "id": 1153693170,
      "geometry": {
        "type": "LineString",
        "coordinates": [
          [
            79.7813564,
            12.7312172
          ],
          [
            79.7813364,
            12.7310519
          ],
          [
            79.7813542,
            12.7307518
          ],
          [
            79.7812294,
            12.7300928
          ]
        ]
      },
      "properties": {
        "id": 1153693170,
        "name": "OSM Drain Segment 70",
        "drain_type": "drain",
        "capacity": "40 m3/s",
        "status": "blocked",
        "district": "Chengalpattu",
        "data_source_type": "OpenStreetMap Public Data"
      }
    },
    {
      "type": "Feature",
      "id": 1153693171,
      "geometry": {
        "type": "LineString",
        "coordinates": [
          [
            79.7815304,
            12.7325068
          ],
          [
            79.7814256,
            12.7315499
          ],
          [
            79.7813877,
            12.7313194
          ]
        ]
      },
      "properties": {
        "id": 1153693171,
        "name": "OSM Drain Segment 71",
        "drain_type": "drain",
        "capacity": "41 m3/s",
        "status": "partially_blocked",
        "district": "Chengalpattu",
        "data_source_type": "OpenStreetMap Public Data"
      }
    },
    {
      "type": "Feature",
      "id": 1153693172,
      "geometry": {
        "type": "LineString",
        "coordinates": [
          [
            79.7813877,
            12.7313194
          ],
          [
            79.7813564,
            12.7312172
          ]
        ]
      },
      "properties": {
        "id": 1153693172,
        "name": "OSM Drain Segment 72",
        "drain_type": "drain",
        "capacity": "42 m3/s",
        "status": "normal",
        "district": "Chengalpattu",
        "data_source_type": "OpenStreetMap Public Data"
      }
    },
    {
      "type": "Feature",
      "id": 1153693173,
      "geometry": {
        "type": "LineString",
        "coordinates": [
          [
            79.7791782,
            12.7298384
          ],
          [
            79.7793677,
            12.7298188
          ],
          [
            79.7799875,
            12.7298101
          ],
          [
            79.7803019,
            12.7297775
          ],
          [
            79.7803643,
            12.7298493
          ],
          [
            79.7806876,
            12.7299645
          ],
          [
            79.7809239,
            12.7300907
          ],
          [
            79.7812294,
            12.7300928
          ],
          [
            79.7820721,
            12.7300559
          ],
          [
            79.7839182,
            12.7299776
          ],
          [
            79.7843195,
            12.7299754
          ],
          [
            79.7846227,
            12.7299515
          ],
          [
            79.7850486,
            12.7299508
          ],
          [
            79.7859137,
            12.7299493
          ],
          [
            79.7862303,
            12.7299471
          ],
          [
            79.7863685,
            12.7299101
          ],
          [
            79.7877597,
            12.7298927
          ],
          [
            79.7901052,
            12.7298275
          ],
          [
            79.7901565,
            12.7302255
          ],
          [
            79.7902167,
            12.7306778
          ],
          [
            79.7902345,
            12.7310127
          ]
        ]
      },
      "properties": {
        "id": 1153693173,
        "name": "OSM Drain Segment 73",
        "drain_type": "drain",
        "capacity": "43 m3/s",
        "status": "normal",
        "district": "Chengalpattu",
        "data_source_type": "OpenStreetMap Public Data"
      }
    },
    {
      "type": "Feature",
      "id": 1153693174,
      "geometry": {
        "type": "LineString",
        "coordinates": [
          [
            79.7902323,
            12.7310932
          ],
          [
            79.7902457,
            12.7315586
          ],
          [
            79.790288,
            12.7317195
          ],
          [
            79.7911598,
            12.7316478
          ],
          [
            79.7915455,
            12.7316543
          ],
          [
            79.7916949,
            12.7327895
          ],
          [
            79.7917306,
            12.7328787
          ],
          [
            79.7922032,
            12.7328352
          ]
        ]
      },
      "properties": {
        "id": 1153693174,
        "name": "OSM Drain Segment 74",
        "drain_type": "drain",
        "capacity": "44 m3/s",
        "status": "normal",
        "district": "Chengalpattu",
        "data_source_type": "OpenStreetMap Public Data"
      }
    },
    {
      "type": "Feature",
      "id": 1153693175,
      "geometry": {
        "type": "LineString",
        "coordinates": [
          [
            79.7902345,
            12.7310127
          ],
          [
            79.7902323,
            12.7310932
          ]
        ]
      },
      "properties": {
        "id": 1153693175,
        "name": "OSM Drain Segment 75",
        "drain_type": "drain",
        "capacity": "45 m3/s",
        "status": "blocked",
        "district": "Chengalpattu",
        "data_source_type": "OpenStreetMap Public Data"
      }
    },
    {
      "type": "Feature",
      "id": 1153693176,
      "geometry": {
        "type": "LineString",
        "coordinates": [
          [
            79.785713,
            12.7361429
          ],
          [
            79.7856684,
            12.7355253
          ],
          [
            79.7856283,
            12.73521
          ],
          [
            79.7856171,
            12.7343183
          ],
          [
            79.7855146,
            12.73419
          ],
          [
            79.7854477,
            12.7336181
          ],
          [
            79.7854276,
            12.7332788
          ],
          [
            79.7853496,
            12.7325938
          ],
          [
            79.7851846,
            12.7312563
          ]
        ]
      },
      "properties": {
        "id": 1153693176,
        "name": "OSM Drain Segment 76",
        "drain_type": "drain",
        "capacity": "46 m3/s",
        "status": "partially_blocked",
        "district": "Chengalpattu",
        "data_source_type": "OpenStreetMap Public Data"
      }
    },
    {
      "type": "Feature",
      "id": 1153693177,
      "geometry": {
        "type": "LineString",
        "coordinates": [
          [
            79.7851645,
            12.7311563
          ],
          [
            79.7850865,
            12.7306387
          ],
          [
            79.7850486,
            12.7299508
          ]
        ]
      },
      "properties": {
        "id": 1153693177,
        "name": "OSM Drain Segment 77",
        "drain_type": "drain",
        "capacity": "47 m3/s",
        "status": "normal",
        "district": "Chengalpattu",
        "data_source_type": "OpenStreetMap Public Data"
      }
    },
    {
      "type": "Feature",
      "id": 1153693178,
      "geometry": {
        "type": "LineString",
        "coordinates": [
          [
            79.7851846,
            12.7312563
          ],
          [
            79.7851645,
            12.7311563
          ]
        ]
      },
      "properties": {
        "id": 1153693178,
        "name": "OSM Drain Segment 78",
        "drain_type": "drain",
        "capacity": "48 m3/s",
        "status": "normal",
        "district": "Chengalpattu",
        "data_source_type": "OpenStreetMap Public Data"
      }
    },
    {
      "type": "Feature",
      "id": 1183909637,
      "geometry": {
        "type": "LineString",
        "coordinates": [
          [
            79.9423118,
            12.5769604
          ],
          [
            79.9424569,
            12.5768947
          ]
        ]
      },
      "properties": {
        "id": 1183909637,
        "name": "OSM Drain Segment 37",
        "drain_type": "ditch",
        "capacity": "57 m3/s",
        "status": "normal",
        "district": "Chengalpattu",
        "data_source_type": "OpenStreetMap Public Data"
      }
    },
    {
      "type": "Feature",
      "id": 1185184623,
      "geometry": {
        "type": "LineString",
        "coordinates": [
          [
            80.1911804,
            12.7800419
          ],
          [
            80.1930968,
            12.7801441
          ],
          [
            80.1939252,
            12.7800553
          ],
          [
            80.1953622,
            12.7792621
          ],
          [
            80.1962148,
            12.7782631
          ],
          [
            80.1965414,
            12.7779266
          ],
          [
            80.1967386,
            12.7778364
          ],
          [
            80.1969913,
            12.7778304
          ],
          [
            80.1972069,
            12.7779266
          ],
          [
            80.1976999,
            12.7783232
          ],
          [
            80.1978909,
            12.7783653
          ],
          [
            80.198045,
            12.7783412
          ],
          [
            80.1985256,
            12.7781609
          ],
          [
            80.1992589,
            12.7777944
          ],
          [
            80.199376,
            12.7777703
          ],
          [
            80.1996348,
            12.7778364
          ],
          [
            80.1999984,
            12.7779025
          ],
          [
            80.2004482,
            12.7779145
          ],
          [
            80.2008364,
            12.7779025
          ],
          [
            80.2012123,
            12.7777343
          ],
          [
            80.2014649,
            12.7774999
          ],
          [
            80.2017176,
            12.7770251
          ],
          [
            80.2019333,
            12.7766405
          ],
          [
            80.2021305,
            12.7764482
          ],
          [
            80.2023585,
            12.776334
          ],
          [
            80.2027159,
            12.776292
          ],
          [
            80.2029562,
            12.77628
          ],
          [
            80.2034245,
            12.7762379
          ],
          [
            80.2039729,
            12.7757992
          ],
          [
            80.2043673,
            12.7751682
          ],
          [
            80.2045337,
            12.7743449
          ],
          [
            80.2045398,
            12.7732992
          ],
          [
            80.2043796,
            12.7728785
          ],
          [
            80.2042564,
            12.7727343
          ],
          [
            80.2041085,
            12.77256
          ],
          [
            80.2038682,
            12.7723196
          ],
          [
            80.2037757,
            12.771905
          ],
          [
            80.2038435,
            12.7717367
          ],
          [
            80.204127,
            12.7712499
          ],
          [
            80.2043365,
            12.7709555
          ],
          [
            80.2046323,
            12.770649
          ],
          [
            80.2047986,
            12.7704747
          ],
          [
            80.2050759,
            12.7704807
          ],
          [
            80.2053039,
            12.7705468
          ],
          [
            80.2055997,
            12.7705228
          ],
          [
            80.2057907,
            12.7703665
          ],
          [
            80.2059201,
            12.7700119
          ],
          [
            80.2059448,
            12.7693208
          ],
          [
            80.206105,
            12.7686417
          ],
          [
            80.2064501,
            12.7683412
          ],
          [
            80.2069923,
            12.7680888
          ],
          [
            80.2090813,
            12.7666886
          ],
          [
            80.2095188,
            12.7661297
          ],
          [
            80.2095989,
            12.7659073
          ],
          [
            80.2097098,
            12.765751
          ],
          [
            80.2098762,
            12.7656369
          ],
          [
            80.2100857,
            12.7655287
          ],
          [
            80.2101905,
            12.7652763
          ],
          [
            80.2102398,
            12.7649217
          ],
          [
            80.2103938,
            12.7646693
          ],
          [
            80.2105047,
            12.7643568
          ],
          [
            80.2104431,
            12.7640383
          ],
          [
            80.2101597,
            12.7631308
          ],
          [
            80.2106773,
            12.7629685
          ],
          [
            80.2112873,
            12.7629865
          ],
          [
            80.2118419,
            12.7629264
          ],
          [
            80.2120391,
            12.7627702
          ],
          [
            80.2122116,
            12.7625118
          ],
          [
            80.2126861,
            12.7624577
          ],
          [
            80.2129197,
            12.7626578
          ],
          [
            80.2129841,
            12.7629926
          ],
          [
            80.2140677,
            12.7649284
          ],
          [
            80.2141964,
            12.7654098
          ],
          [
            80.2144861,
            12.7662782
          ],
          [
            80.2146792,
            12.7665294
          ],
          [
            80.2150226,
            12.7664875
          ]
        ]
      },
      "properties": {
        "id": 1185184623,
        "name": "Thaiyur Odai",
        "drain_type": "stream",
        "capacity": "43 m3/s",
        "status": "normal",
        "district": "Chengalpattu",
        "data_source_type": "OpenStreetMap Public Data"
      }
    },
    {
      "type": "Feature",
      "id": 1185184954,
      "geometry": {
        "type": "LineString",
        "coordinates": [
          [
            80.1933842,
            12.7582021
          ],
          [
            80.193505,
            12.7585728
          ],
          [
            80.1936293,
            12.7587806
          ],
          [
            80.1937678,
            12.7589331
          ],
          [
            80.1938424,
            12.7589365
          ],
          [
            80.1940271,
            12.7589296
          ],
          [
            80.1942367,
            12.7589296
          ],
          [
            80.1944356,
            12.7589504
          ],
          [
            80.1946061,
            12.7589677
          ],
          [
            80.1947837,
            12.7590578
          ],
          [
            80.1948512,
            12.7591548
          ],
          [
            80.1950146,
            12.7592241
          ],
          [
            80.1951993,
            12.7592518
          ],
          [
            80.1955475,
            12.7591409
          ],
          [
            80.196297,
            12.7589054
          ],
          [
            80.1971211,
            12.7587321
          ],
          [
            80.1972631,
            12.7587217
          ],
          [
            80.1973448,
            12.7587702
          ],
          [
            80.1974621,
            12.758888
          ],
          [
            80.1975899,
            12.7589504
          ],
          [
            80.1977178,
            12.7589539
          ],
          [
            80.19797,
            12.7589816
          ],
          [
            80.1981476,
            12.759082
          ],
          [
            80.1983394,
            12.759231
          ],
          [
            80.1984567,
            12.759328
          ],
          [
            80.198684,
            12.7593973
          ],
          [
            80.198858,
            12.7594805
          ],
          [
            80.1990072,
            12.7595671
          ],
          [
            80.1992381,
            12.7597576
          ],
          [
            80.1994086,
            12.759917
          ],
          [
            80.1995223,
            12.7600833
          ],
          [
            80.1996502,
            12.7601664
          ],
          [
            80.1999557,
            12.7602288
          ],
          [
            80.2001368,
            12.7602877
          ],
          [
            80.2002931,
            12.760402
          ],
          [
            80.2005311,
            12.7606064
          ],
          [
            80.2007229,
            12.7607658
          ],
          [
            80.2018312,
            12.7608246
          ],
          [
            80.2023001,
            12.7609771
          ],
          [
            80.2025487,
            12.7610152
          ],
          [
            80.2027405,
            12.7609147
          ],
          [
            80.2030922,
            12.7608905
          ],
          [
            80.203419,
            12.7608281
          ],
          [
            80.2036534,
            12.7608454
          ],
          [
            80.2038453,
            12.7609216
          ],
          [
            80.2041117,
            12.7609944
          ],
          [
            80.2043354,
            12.7610879
          ],
          [
            80.2044029,
            12.7611572
          ],
          [
            80.2046409,
            12.7615071
          ],
          [
            80.2047866,
            12.7616284
          ],
          [
            80.204886,
            12.7616769
          ],
          [
            80.2050104,
            12.7616838
          ],
          [
            80.2052235,
            12.7616457
          ],
          [
            80.2055965,
            12.7615348
          ],
          [
            80.2057527,
            12.7615903
          ],
          [
            80.2058558,
            12.7616942
          ],
          [
            80.205909,
            12.7618016
          ],
          [
            80.2059126,
            12.761954
          ],
          [
            80.2058984,
            12.7621827
          ],
          [
            80.2059659,
            12.7623524
          ],
          [
            80.206179,
            12.7625118
          ],
          [
            80.206449,
            12.7626504
          ],
          [
            80.2065768,
            12.7626677
          ],
          [
            80.2067118,
            12.7625915
          ],
          [
            80.2068752,
            12.7625361
          ],
          [
            80.2071416,
            12.7624772
          ],
          [
            80.2073796,
            12.7625464
          ],
          [
            80.2075643,
            12.7626227
          ],
          [
            80.207845,
            12.762782
          ],
          [
            80.2083067,
            12.7628686
          ],
          [
            80.2085625,
            12.7628825
          ],
          [
            80.2087046,
            12.762931
          ],
          [
            80.208907,
            12.7629726
          ],
          [
            80.2090065,
            12.7629067
          ],
          [
            80.2090456,
            12.762834
          ],
          [
            80.2091344,
            12.7628201
          ],
          [
            80.2093049,
            12.7628236
          ],
          [
            80.2094541,
            12.7628929
          ],
          [
            80.2097205,
            12.7630349
          ],
          [
            80.2099904,
            12.7630626
          ],
          [
            80.2101597,
            12.7631308
          ]
        ]
      },
      "properties": {
        "id": 1185184954,
        "name": "OSM Drain Segment 54",
        "drain_type": "stream",
        "capacity": "24 m3/s",
        "status": "normal",
        "district": "Chengalpattu",
        "data_source_type": "OpenStreetMap Public Data"
      }
    },
    {
      "type": "Feature",
      "id": 1192640513,
      "geometry": {
        "type": "LineString",
        "coordinates": [
          [
            79.5714724,
            12.846463
          ],
          [
            79.5778604,
            12.8394162
          ],
          [
            79.5796864,
            12.8368045
          ],
          [
            79.5818224,
            12.8334959
          ],
          [
            79.5831315,
            12.8318751
          ],
          [
            79.5841737,
            12.8312788
          ],
          [
            79.5851773,
            12.8311091
          ],
          [
            79.5860916,
            12.8313012
          ],
          [
            79.5886325,
            12.8299861
          ],
          [
            79.589168,
            12.8298285
          ],
          [
            79.5903753,
            12.8285676
          ],
          [
            79.5911077,
            12.8278928
          ],
          [
            79.5918048,
            12.8268092
          ],
          [
            79.5923959,
            12.8264447
          ],
          [
            79.5939265,
            12.8264743
          ],
          [
            79.594371,
            12.8261591
          ],
          [
            79.5956642,
            12.8259522
          ],
          [
            79.5965633,
            12.8258832
          ],
          [
            79.5982101,
            12.8258635
          ],
          [
            79.5986597,
            12.8256764
          ],
          [
            79.5994629,
            12.8256419
          ],
          [
            79.6003953,
            12.8256499
          ],
          [
            79.601393,
            12.8253779
          ],
          [
            79.602423,
            12.8245724
          ],
          [
            79.6031955,
            12.8246143
          ],
          [
            79.6039572,
            12.8243213
          ],
          [
            79.6040323,
            12.8234426
          ],
          [
            79.606382,
            12.8224488
          ],
          [
            79.6071652,
            12.8225639
          ],
          [
            79.6088496,
            12.8230974
          ],
          [
            79.6102324,
            12.8226779
          ],
          [
            79.6103698,
            12.8215778
          ],
          [
            79.6101802,
            12.8200571
          ],
          [
            79.6103651,
            12.8193637
          ],
          [
            79.6106874,
            12.8190679
          ],
          [
            79.611683,
            12.8187443
          ],
          [
            79.6122329,
            12.8184947
          ],
          [
            79.6128017,
            12.8176257
          ],
          [
            79.6137119,
            12.8174085
          ],
          [
            79.6154659,
            12.8175379
          ],
          [
            79.6160738,
            12.8176013
          ],
          [
            79.6163524,
            12.8176303
          ],
          [
            79.6167933,
            12.8175055
          ],
          [
            79.6171734,
            12.8166024
          ],
          [
            79.6179029,
            12.8166756
          ],
          [
            79.6185565,
            12.8168321
          ],
          [
            79.6201996,
            12.8163233
          ],
          [
            79.6205826,
            12.8160581
          ],
          [
            79.6206159,
            12.8156738
          ],
          [
            79.6210655,
            12.8146237
          ],
          [
            79.6221757,
            12.8136819
          ],
          [
            79.6223018,
            12.8124074
          ],
          [
            79.6219048,
            12.8113403
          ],
          [
            79.621186,
            12.8106394
          ],
          [
            79.6203277,
            12.8095304
          ],
          [
            79.6194694,
            12.8089445
          ],
          [
            79.6188686,
            12.8072497
          ],
          [
            79.6173773,
            12.8050946
          ],
          [
            79.6197161,
            12.8013805
          ],
          [
            79.622173,
            12.8017676
          ],
          [
            79.6228168,
            12.8015374
          ],
          [
            79.6236322,
            12.8019036
          ],
          [
            79.6245227,
            12.7990579
          ],
          [
            79.6240721,
            12.7985557
          ],
          [
            79.6234069,
            12.798629
          ],
          [
            79.6221838,
            12.7966202
          ],
          [
            79.622452,
            12.7935965
          ],
          [
            79.6235356,
            12.7921213
          ],
          [
            79.6239218,
            12.7901962
          ],
          [
            79.6230635,
            12.7870365
          ],
          [
            79.6219477,
            12.782663
          ],
          [
            79.6225056,
            12.7821713
          ],
          [
            79.6225593,
            12.781125
          ],
          [
            79.6235893,
            12.7803298
          ],
          [
            79.6238146,
            12.779702
          ],
          [
            79.6246943,
            12.7794927
          ],
          [
            79.6256921,
            12.7773896
          ],
          [
            79.6264002,
            12.7776512
          ],
          [
            79.6281919,
            12.776584
          ],
          [
            79.6293614,
            12.7770653
          ],
          [
            79.630048,
            12.776584
          ],
          [
            79.6303913,
            12.77559
          ],
          [
            79.6315286,
            12.7751296
          ],
          [
            79.6323011,
            12.7751924
          ],
          [
            79.6330735,
            12.7764375
          ],
          [
            79.634125,
            12.7757678
          ],
          [
            79.6351013,
            12.7756528
          ],
          [
            79.634876,
            12.7746692
          ],
          [
            79.6342323,
            12.7744181
          ],
          [
            79.6348223,
            12.7737589
          ],
          [
            79.6358201,
            12.7739263
          ],
          [
            79.6361742,
            12.7729637
          ],
          [
            79.6367321,
            12.7725347
          ],
          [
            79.6371612,
            12.7715511
          ],
          [
            79.6381161,
            12.7712477
          ],
          [
            79.6393606,
            12.7716872
          ],
          [
            79.6403262,
            12.7714674
          ],
          [
            79.6418175,
            12.7697096
          ],
          [
            79.6426008,
            12.7700235
          ],
          [
            79.6433089,
            12.7685377
          ],
          [
            79.6435127,
            12.7673553
          ],
          [
            79.6436193,
            12.7671198
          ],
          [
            79.6441903,
            12.7673585
          ],
          [
            79.644538,
            12.767607
          ],
          [
            79.6449553,
            12.7674847
          ],
          [
            79.6454888,
            12.7676611
          ],
          [
            79.6458368,
            12.76768
          ],
          [
            79.6461021,
            12.7674816
          ],
          [
            79.6465704,
            12.767303
          ],
          [
            79.6473107,
            12.7662775
          ],
          [
            79.648287,
            12.7661624
          ],
          [
            79.6492634,
            12.765273
          ],
          [
            79.6497377,
            12.7636608
          ],
          [
            79.6502593,
            12.762944
          ],
          [
            79.6512196,
            12.7623329
          ],
          [
            79.6523216,
            12.7622864
          ],
          [
            79.6529379,
            12.7625937
          ],
          [
            79.6564535,
            12.7644504
          ],
          [
            79.6623315,
            12.7675547
          ],
          [
            79.6627108,
            12.767843
          ],
          [
            79.6629248,
            12.767799
          ],
          [
            79.6630587,
            12.7674133
          ],
          [
            79.6636443,
            12.7670047
          ],
          [
            79.6639116,
            12.7668182
          ],
          [
            79.6641124,
            12.7667605
          ],
          [
            79.6651748,
            12.7664806
          ],
          [
            79.6654376,
            12.7664114
          ],
          [
            79.6665144,
            12.7659167
          ],
          [
            79.666591,
            12.7658289
          ],
          [
            79.6666436,
            12.7657684
          ],
          [
            79.6669553,
            12.7654107
          ],
          [
            79.6672752,
            12.764467
          ],
          [
            79.6676537,
            12.7638543
          ],
          [
            79.6681024,
            12.7635043
          ],
          [
            79.6688242,
            12.7635309
          ],
          [
            79.6691363,
            12.7636641
          ],
          [
            79.6697245,
            12.7631343
          ],
          [
            79.6703192,
            12.7627573
          ],
          [
            79.6711676,
            12.7625819
          ],
          [
            79.6714443,
            12.7627663
          ],
          [
            79.6725141,
            12.764003
          ],
          [
            79.6736484,
            12.7634678
          ],
          [
            79.6739297,
            12.7634183
          ],
          [
            79.6750502,
            12.7634768
          ],
          [
            79.6756358,
            12.7637152
          ],
          [
            79.6764428,
            12.7634139
          ],
          [
            79.6772758,
            12.7635559
          ],
          [
            79.6778444,
            12.7634668
          ],
          [
            79.6784495,
            12.7639783
          ],
          [
            79.6787361,
            12.7644738
          ],
          [
            79.6786384,
            12.7647661
          ],
          [
            79.6791791,
            12.765573
          ],
          [
            79.6795504,
            12.7656302
          ],
          [
            79.6807557,
            12.7649885
          ],
          [
            79.6811074,
            12.7645501
          ],
          [
            79.6815309,
            12.7641816
          ],
          [
            79.6824625,
            12.7637622
          ],
          [
            79.6838175,
            12.7639147
          ],
          [
            79.6846579,
            12.7638957
          ],
          [
            79.6861693,
            12.7629299
          ],
          [
            79.6866253,
            12.7627266
          ],
          [
            79.6874853,
            12.7633238
          ],
          [
            79.6886579,
            12.7631142
          ],
          [
            79.6887621,
            12.7628199
          ],
          [
            79.689069,
            12.762532
          ],
          [
            79.6907607,
            12.7616225
          ],
          [
            79.6920589,
            12.7613504
          ],
          [
            79.6932712,
            12.7613295
          ],
          [
            79.6943119,
            12.7607749
          ],
          [
            79.6946461,
            12.7604198
          ],
          [
            79.6950308,
            12.7600111
          ],
          [
            79.6957818,
            12.7599064
          ],
          [
            79.6965221,
            12.760618
          ],
          [
            79.697477,
            12.7603459
          ],
          [
            79.6995892,
            12.7591661
          ],
          [
            79.7006907,
            12.7583235
          ],
          [
            79.701309,
            12.7581296
          ],
          [
            79.7018309,
            12.7583044
          ],
          [
            79.7026849,
            12.7582633
          ],
          [
            79.7034546,
            12.7575435
          ],
          [
            79.7042295,
            12.7574612
          ],
          [
            79.7052575,
            12.7576463
          ],
          [
            79.706159,
            12.7578108
          ],
          [
            79.7079725,
            12.7586232
          ],
          [
            79.7090743,
            12.758942
          ],
          [
            79.7097794,
            12.7593217
          ],
          [
            79.7102735,
            12.7590225
          ],
          [
            79.7112058,
            12.7583109
          ],
          [
            79.7124095,
            12.7578925
          ],
          [
            79.7133891,
            12.7576962
          ],
          [
            79.7149816,
            12.7579929
          ],
          [
            79.715819,
            12.7579768
          ],
          [
            79.7168489,
            12.757621
          ],
          [
            79.7189767,
            12.7560984
          ],
          [
            79.7199148,
            12.7562262
          ],
          [
            79.7205852,
            12.7572416
          ],
          [
            79.7208253,
            12.7576054
          ],
          [
            79.7210262,
            12.7577048
          ],
          [
            79.7213782,
            12.7578822
          ],
          [
            79.7220628,
            12.7578102
          ],
          [
            79.7231231,
            12.7573493
          ],
          [
            79.7238089,
            12.7571751
          ],
          [
            79.724875,
            12.7572931
          ],
          [
            79.7251406,
            12.7569179
          ],
          [
            79.7256635,
            12.756712
          ],
          [
            79.7258936,
            12.7567838
          ],
          [
            79.726111,
            12.7568517
          ],
          [
            79.7260381,
            12.7574966
          ],
          [
            79.7262166,
            12.7577369
          ],
          [
            79.7268778,
            12.7580115
          ],
          [
            79.7272234,
            12.7584913
          ],
          [
            79.727893,
            12.7595211
          ],
          [
            79.7281072,
            12.7602996
          ],
          [
            79.7292593,
            12.7604017
          ],
          [
            79.7305455,
            12.7599727
          ],
          [
            79.7322632,
            12.7580931
          ],
          [
            79.7330843,
            12.7574965
          ],
          [
            79.7340982,
            12.7571574
          ],
          [
            79.7351456,
            12.7563687
          ],
          [
            79.7366664,
            12.7559234
          ],
          [
            79.7374918,
            12.7559356
          ],
          [
            79.7377892,
            12.7560296
          ],
          [
            79.7381453,
            12.7558375
          ],
          [
            79.7388366,
            12.7558416
          ],
          [
            79.7403423,
            12.754774
          ],
          [
            79.7403219,
            12.7535809
          ],
          [
            79.7407166,
            12.7530076
          ],
          [
            79.7416204,
            12.7520832
          ],
          [
            79.7423972,
            12.7520213
          ],
          [
            79.7430079,
            12.7522023
          ],
          [
            79.7463194,
            12.7528886
          ],
          [
            79.7475905,
            12.7528374
          ],
          [
            79.75174,
            12.7530423
          ],
          [
            79.7537675,
            12.7521817
          ],
          [
            79.7553012,
            12.7511264
          ],
          [
            79.7560891,
            12.7511776
          ],
          [
            79.7586523,
            12.7520895
          ],
          [
            79.7598709,
            12.7520177
          ],
          [
            79.7612596,
            12.751186
          ],
          [
            79.7622031,
            12.7495841
          ],
          [
            79.7632374,
            12.7496796
          ],
          [
            79.7641007,
            12.7502821
          ],
          [
            79.7651904,
            12.7502211
          ],
          [
            79.7662092,
            12.7501554
          ],
          [
            79.7672505,
            12.7488183
          ],
          [
            79.7680595,
            12.7483433
          ],
          [
            79.7690484,
            12.7482557
          ],
          [
            79.7699024,
            12.7471889
          ],
          [
            79.772292,
            12.7469405
          ],
          [
            79.7734307,
            12.7466044
          ],
          [
            79.7744645,
            12.7459395
          ],
          [
            79.7753559,
            12.7452235
          ],
          [
            79.7761268,
            12.7455002
          ],
          [
            79.7766074,
            12.7456089
          ],
          [
            79.7779184,
            12.7449337
          ],
          [
            79.7794229,
            12.7444501
          ],
          [
            79.7812438,
            12.7447753
          ],
          [
            79.7821926,
            12.7450755
          ],
          [
            79.782962,
            12.7438831
          ],
          [
            79.7843041,
            12.7440833
          ],
          [
            79.7859197,
            12.7439665
          ],
          [
            79.7866976,
            12.7447586
          ],
          [
            79.7872191,
            12.7445335
          ],
          [
            79.7872471,
            12.7433398
          ],
          [
            79.7873231,
            12.7430384
          ],
          [
            79.7873924,
            12.7427913
          ],
          [
            79.7877036,
            12.7424913
          ],
          [
            79.789282,
            12.7424002
          ],
          [
            79.7896142,
            12.7423964
          ],
          [
            79.7915714,
            12.742374
          ],
          [
            79.7922064,
            12.7419815
          ],
          [
            79.7930829,
            12.742688
          ],
          [
            79.7940666,
            12.7427229
          ],
          [
            79.795265,
            12.7441971
          ],
          [
            79.7972325,
            12.744799
          ],
          [
            79.7980642,
            12.7453573
          ],
          [
            79.7991374,
            12.7455404
          ],
          [
            79.8005057,
            12.7449822
          ],
          [
            79.8018383,
            12.7448949
          ],
          [
            79.8035822,
            12.7441361
          ],
          [
            79.8043334,
            12.7448164
          ],
          [
            79.8052635,
            12.7451566
          ],
          [
            79.8066408,
            12.7456277
          ],
          [
            79.8076245,
            12.7450694
          ],
          [
            79.8081343,
            12.7441186
          ],
          [
            79.8092075,
            12.743098
          ]
        ]
      },
      "properties": {
        "id": 1192640513,
        "name": "OSM Drain Segment 13",
        "drain_type": "canal",
        "capacity": "33 m3/s",
        "status": "normal",
        "district": "Chengalpattu",
        "data_source_type": "OpenStreetMap Public Data"
      }
    },
    {
      "type": "Feature",
      "id": 1194283844,
      "geometry": {
        "type": "LineString",
        "coordinates": [
          [
            79.7873231,
            12.7430384
          ],
          [
            79.7876182,
            12.7430556
          ],
          [
            79.78797,
            12.7427961
          ],
          [
            79.7901364,
            12.7426663
          ],
          [
            79.7919257,
            12.7432865
          ],
          [
            79.7926281,
            12.7447361
          ],
          [
            79.7926207,
            12.7462289
          ],
          [
            79.7927982,
            12.7472818
          ],
          [
            79.7936485,
            12.7481111
          ],
          [
            79.7951346,
            12.7481832
          ],
          [
            79.7964212,
            12.7476929
          ],
          [
            79.7975968,
            12.7475054
          ],
          [
            79.7986245,
            12.7468347
          ],
          [
            79.8006614,
            12.746687
          ],
          [
            79.8011109,
            12.7465253
          ],
          [
            79.8026069,
            12.7468128
          ],
          [
            79.8033253,
            12.7476214
          ],
          [
            79.8046813,
            12.7481856
          ],
          [
            79.8058898,
            12.7488253
          ],
          [
            79.8065604,
            12.7489151
          ],
          [
            79.8067851,
            12.7494182
          ],
          [
            79.8065825,
            12.7497057
          ],
          [
            79.8067815,
            12.7497668
          ],
          [
            79.8069841,
            12.7497273
          ],
          [
            79.8071683,
            12.7506078
          ],
          [
            79.8104918,
            12.7508735
          ],
          [
            79.8118631,
            12.7508591
          ],
          [
            79.8120715,
            12.7508578
          ],
          [
            79.8125756,
            12.7508003
          ],
          [
            79.8126223,
            12.7509693
          ],
          [
            79.8132615,
            12.7510068
          ],
          [
            79.8136263,
            12.7508864
          ],
          [
            79.8138891,
            12.7510748
          ],
          [
            79.816287,
            12.7515562
          ],
          [
            79.8183684,
            12.7520218
          ],
          [
            79.8198222,
            12.7522782
          ],
          [
            79.8208361,
            12.7526026
          ],
          [
            79.8210958,
            12.7526366
          ],
          [
            79.8213303,
            12.7525977
          ],
          [
            79.8216317,
            12.7523614
          ],
          [
            79.823705,
            12.752489
          ],
          [
            79.8250436,
            12.7524498
          ],
          [
            79.8259561,
            12.7524694
          ],
          [
            79.8260793,
            12.7523028
          ],
          [
            79.8264525,
            12.7517984
          ]
        ]
      },
      "properties": {
        "id": 1194283844,
        "name": "OSM Drain Segment 44",
        "drain_type": "canal",
        "capacity": "64 m3/s",
        "status": "normal",
        "district": "Chengalpattu",
        "data_source_type": "OpenStreetMap Public Data"
      }
    },
    {
      "type": "Feature",
      "id": 1194283846,
      "geometry": {
        "type": "LineString",
        "coordinates": [
          [
            79.7896142,
            12.7423964
          ],
          [
            79.7914124,
            12.7404081
          ],
          [
            79.7922939,
            12.740047
          ],
          [
            79.7929374,
            12.7402963
          ],
          [
            79.7939511,
            12.7420589
          ],
          [
            79.7939839,
            12.7424987
          ],
          [
            79.7949353,
            12.7435288
          ],
          [
            79.7963399,
            12.7442257
          ],
          [
            79.7968836,
            12.7443174
          ],
          [
            79.7984938,
            12.7438313
          ],
          [
            79.7992275,
            12.743616
          ],
          [
            79.7999871,
            12.743436
          ],
          [
            79.8008119,
            12.7429652
          ],
          [
            79.8015753,
            12.7419581
          ],
          [
            79.8025213,
            12.7412647
          ],
          [
            79.8028441,
            12.7416567
          ],
          [
            79.8032075,
            12.7414633
          ],
          [
            79.8041634,
            12.7412829
          ],
          [
            79.8049232,
            12.7413087
          ],
          [
            79.8055465,
            12.7410444
          ],
          [
            79.8057032,
            12.7410388
          ],
          [
            79.805792,
            12.7410355
          ],
          [
            79.8059019,
            12.7410316
          ]
        ]
      },
      "properties": {
        "id": 1194283846,
        "name": "OSM Drain Segment 46",
        "drain_type": "canal",
        "capacity": "66 m3/s",
        "status": "partially_blocked",
        "district": "Chengalpattu",
        "data_source_type": "OpenStreetMap Public Data"
      }
    },
    {
      "type": "Feature",
      "id": 1233330612,
      "geometry": {
        "type": "LineString",
        "coordinates": [
          [
            80.2161705,
            12.766273
          ],
          [
            80.2298096,
            12.761669
          ],
          [
            80.2304694,
            12.7614806
          ],
          [
            80.2313304,
            12.76519
          ],
          [
            80.2317381,
            12.7670369
          ]
        ]
      },
      "properties": {
        "id": 1233330612,
        "name": "OSM Drain Segment 12",
        "drain_type": "drain",
        "capacity": "32 m3/s",
        "status": "normal",
        "district": "Chengalpattu",
        "data_source_type": "OpenStreetMap Public Data"
      }
    },
    {
      "type": "Feature",
      "id": 1233330613,
      "geometry": {
        "type": "LineString",
        "coordinates": [
          [
            80.2126837,
            12.7282506
          ],
          [
            80.2187669,
            12.7258645
          ],
          [
            80.2206337,
            12.7306105
          ],
          [
            80.217694,
            12.7309768
          ],
          [
            80.2167177,
            12.7320233
          ],
          [
            80.2161303,
            12.733143
          ]
        ]
      },
      "properties": {
        "id": 1233330613,
        "name": "OSM Drain Segment 13",
        "drain_type": "drain",
        "capacity": "33 m3/s",
        "status": "normal",
        "district": "Chengalpattu",
        "data_source_type": "OpenStreetMap Public Data"
      }
    },
    {
      "type": "Feature",
      "id": 1233330614,
      "geometry": {
        "type": "LineString",
        "coordinates": [
          [
            80.205152,
            12.7250692
          ],
          [
            80.207802,
            12.7282297
          ],
          [
            80.213204,
            12.731343
          ],
          [
            80.2136332,
            12.7316675
          ],
          [
            80.2160472,
            12.7332581
          ],
          [
            80.2161384,
            12.7332686
          ],
          [
            80.2163583,
            12.7331038
          ],
          [
            80.2164763,
            12.7329651
          ],
          [
            80.2169511,
            12.7332111
          ],
          [
            80.217053,
            12.7332765
          ],
          [
            80.2179408,
            12.7335669
          ],
          [
            80.2244854,
            12.7368633
          ],
          [
            80.2255046,
            12.7370098
          ]
        ]
      },
      "properties": {
        "id": 1233330614,
        "name": "OSM Drain Segment 14",
        "drain_type": "drain",
        "capacity": "34 m3/s",
        "status": "normal",
        "district": "Chengalpattu",
        "data_source_type": "OpenStreetMap Public Data"
      }
    },
    {
      "type": "Feature",
      "id": 1233330626,
      "geometry": {
        "type": "LineString",
        "coordinates": [
          [
            80.2099904,
            12.7630626
          ],
          [
            80.2099585,
            12.7627834
          ],
          [
            80.2095508,
            12.7618939
          ],
          [
            80.2095723,
            12.761737
          ],
          [
            80.2103233,
            12.7615173
          ],
          [
            80.2106988,
            12.7614859
          ],
          [
            80.2117181,
            12.7620614
          ],
          [
            80.2125227,
            12.7621242
          ],
          [
            80.2186489,
            12.7598535
          ],
          [
            80.2264058,
            12.7571433
          ],
          [
            80.2298605,
            12.7559871
          ],
          [
            80.2303832,
            12.7558706
          ]
        ]
      },
      "properties": {
        "id": 1233330626,
        "name": "OSM Drain Segment 26",
        "drain_type": "drain",
        "capacity": "46 m3/s",
        "status": "partially_blocked",
        "district": "Chengalpattu",
        "data_source_type": "OpenStreetMap Public Data"
      }
    },
    {
      "type": "Feature",
      "id": 1233330627,
      "geometry": {
        "type": "LineString",
        "coordinates": [
          [
            80.2171469,
            12.7709136
          ],
          [
            80.2169752,
            12.7708717
          ],
          [
            80.2165139,
            12.7699091
          ],
          [
            80.2157307,
            12.7683605
          ],
          [
            80.2150226,
            12.7664875
          ],
          [
            80.219357,
            12.7649808
          ],
          [
            80.230974,
            12.7610743
          ]
        ]
      },
      "properties": {
        "id": 1233330627,
        "name": "OSM Drain Segment 27",
        "drain_type": "drain",
        "capacity": "47 m3/s",
        "status": "normal",
        "district": "Chengalpattu",
        "data_source_type": "OpenStreetMap Public Data"
      }
    },
    {
      "type": "Feature",
      "id": 1302462911,
      "geometry": {
        "type": "LineString",
        "coordinates": [
          [
            80.0122656,
            12.7803265
          ],
          [
            80.0114726,
            12.7784188
          ]
        ]
      },
      "properties": {
        "id": 1302462911,
        "name": "OSM Drain Segment 11",
        "drain_type": "drain",
        "capacity": "31 m3/s",
        "status": "partially_blocked",
        "district": "Chengalpattu",
        "data_source_type": "OpenStreetMap Public Data"
      }
    },
    {
      "type": "Feature",
      "id": 1302462912,
      "geometry": {
        "type": "LineString",
        "coordinates": [
          [
            80.0103808,
            12.7785084
          ],
          [
            80.0103097,
            12.778551
          ]
        ]
      },
      "properties": {
        "id": 1302462912,
        "name": "OSM Drain Segment 12",
        "drain_type": "drain",
        "capacity": "32 m3/s",
        "status": "normal",
        "district": "Chengalpattu",
        "data_source_type": "OpenStreetMap Public Data"
      }
    },
    {
      "type": "Feature",
      "id": 1302462913,
      "geometry": {
        "type": "LineString",
        "coordinates": [
          [
            80.0114343,
            12.7783264
          ],
          [
            80.0113982,
            12.7782397
          ],
          [
            80.0112867,
            12.7780301
          ],
          [
            80.0111945,
            12.7780211
          ],
          [
            80.0110212,
            12.7781249
          ]
        ]
      },
      "properties": {
        "id": 1302462913,
        "name": "OSM Drain Segment 13",
        "drain_type": "drain",
        "capacity": "33 m3/s",
        "status": "normal",
        "district": "Chengalpattu",
        "data_source_type": "OpenStreetMap Public Data"
      }
    },
    {
      "type": "Feature",
      "id": 1302462914,
      "geometry": {
        "type": "LineString",
        "coordinates": [
          [
            80.0114726,
            12.7784188
          ],
          [
            80.0114343,
            12.7783264
          ]
        ]
      },
      "properties": {
        "id": 1302462914,
        "name": "OSM Drain Segment 14",
        "drain_type": "drain",
        "capacity": "34 m3/s",
        "status": "normal",
        "district": "Chengalpattu",
        "data_source_type": "OpenStreetMap Public Data"
      }
    },
    {
      "type": "Feature",
      "id": 1302462915,
      "geometry": {
        "type": "LineString",
        "coordinates": [
          [
            80.0107855,
            12.7782661
          ],
          [
            80.0105176,
            12.7784265
          ]
        ]
      },
      "properties": {
        "id": 1302462915,
        "name": "OSM Drain Segment 15",
        "drain_type": "drain",
        "capacity": "35 m3/s",
        "status": "blocked",
        "district": "Chengalpattu",
        "data_source_type": "OpenStreetMap Public Data"
      }
    },
    {
      "type": "Feature",
      "id": 1302462916,
      "geometry": {
        "type": "LineString",
        "coordinates": [
          [
            80.0110212,
            12.7781249
          ],
          [
            80.0109184,
            12.7781864
          ]
        ]
      },
      "properties": {
        "id": 1302462916,
        "name": "OSM Drain Segment 16",
        "drain_type": "drain",
        "capacity": "36 m3/s",
        "status": "partially_blocked",
        "district": "Chengalpattu",
        "data_source_type": "OpenStreetMap Public Data"
      }
    },
    {
      "type": "Feature",
      "id": 1302462917,
      "geometry": {
        "type": "LineString",
        "coordinates": [
          [
            80.0108883,
            12.7782045
          ],
          [
            80.0107855,
            12.7782661
          ]
        ]
      },
      "properties": {
        "id": 1302462917,
        "name": "OSM Drain Segment 17",
        "drain_type": "drain",
        "capacity": "37 m3/s",
        "status": "normal",
        "district": "Chengalpattu",
        "data_source_type": "OpenStreetMap Public Data"
      }
    },
    {
      "type": "Feature",
      "id": 1302462918,
      "geometry": {
        "type": "LineString",
        "coordinates": [
          [
            80.0109184,
            12.7781864
          ],
          [
            80.0108883,
            12.7782045
          ]
        ]
      },
      "properties": {
        "id": 1302462918,
        "name": "OSM Drain Segment 18",
        "drain_type": "drain",
        "capacity": "38 m3/s",
        "status": "normal",
        "district": "Chengalpattu",
        "data_source_type": "OpenStreetMap Public Data"
      }
    },
    {
      "type": "Feature",
      "id": 1302462919,
      "geometry": {
        "type": "LineString",
        "coordinates": [
          [
            80.0104486,
            12.7784679
          ],
          [
            80.0103808,
            12.7785084
          ]
        ]
      },
      "properties": {
        "id": 1302462919,
        "name": "OSM Drain Segment 19",
        "drain_type": "drain",
        "capacity": "39 m3/s",
        "status": "normal",
        "district": "Chengalpattu",
        "data_source_type": "OpenStreetMap Public Data"
      }
    },
    {
      "type": "Feature",
      "id": 1302462920,
      "geometry": {
        "type": "LineString",
        "coordinates": [
          [
            80.0105176,
            12.7784265
          ],
          [
            80.0104486,
            12.7784679
          ]
        ]
      },
      "properties": {
        "id": 1302462920,
        "name": "OSM Drain Segment 20",
        "drain_type": "drain",
        "capacity": "40 m3/s",
        "status": "blocked",
        "district": "Chengalpattu",
        "data_source_type": "OpenStreetMap Public Data"
      }
    },
    {
      "type": "Feature",
      "id": 1302997345,
      "geometry": {
        "type": "LineString",
        "coordinates": [
          [
            80.052286,
            12.8583026
          ],
          [
            80.0522637,
            12.8583392
          ],
          [
            80.0521759,
            12.8587246
          ]
        ]
      },
      "properties": {
        "id": 1302997345,
        "name": "OSM Drain Segment 45",
        "drain_type": "drain",
        "capacity": "65 m3/s",
        "status": "blocked",
        "district": "Chengalpattu",
        "data_source_type": "OpenStreetMap Public Data"
      }
    },
    {
      "type": "Feature",
      "id": 1302997346,
      "geometry": {
        "type": "LineString",
        "coordinates": [
          [
            80.0523461,
            12.8582038
          ],
          [
            80.052286,
            12.8583026
          ]
        ]
      },
      "properties": {
        "id": 1302997346,
        "name": "OSM Drain Segment 46",
        "drain_type": "drain",
        "capacity": "66 m3/s",
        "status": "partially_blocked",
        "district": "Chengalpattu",
        "data_source_type": "OpenStreetMap Public Data"
      }
    }
  ]
}