{
  "type": "FeatureCollection",
  "features": [
    {
      "type": "Feature",
      "id": 247177690,
      "geometry": {
        "type": "Point",
        "coordinates": [
          76.9412411,
          11.0820675
        ]
      },
      "properties": {
        "id": 247177690,
        "name": "Thudiyalur Police Station",
        "facility_type": "office",
        "category": "Company",
        "capacity": 290,
        "district": "Coimbatore",
        "state": "Tamil Nadu",
        "data_source_type": "OpenStreetMap Public Data"
      }
    },
    {
      "type": "Feature",
      "id": 247177691,
      "geometry": {
        "type": "Point",
        "coordinates": [
          76.9397289,
          11.0844709
        ]
      },
      "properties": {
        "id": 247177691,
        "name": "Shiva Temple, 1500 years old",
        "facility_type": "temple",
        "category": "Religious POI",
        "capacity": 291,
        "district": "Coimbatore",
        "state": "Tamil Nadu",
        "data_source_type": "OpenStreetMap Public Data"
      }
    },
    {
      "type": "Feature",
      "id": 247177822,
      "geometry": {
        "type": "Point",
        "coordinates": [
          76.9637445,
          11.1005451
        ]
      },
      "properties": {
        "id": 247177822,
        "name": "SREC Health Center",
        "facility_type": "hospital",
        "category": "Healthcare",
        "capacity": 422,
        "district": "Coimbatore",
        "state": "Tamil Nadu",
        "data_source_type": "OpenStreetMap Public Data"
      }
    },
    {
      "type": "Feature",
      "id": 291683210,
      "geometry": {
        "type": "Point",
        "coordinates": [
          76.9929061,
          11.0224082
        ]
      },
      "properties": {
        "id": 291683210,
        "name": "arkay systems",
        "facility_type": "office",
        "category": "Company",
        "capacity": 310,
        "district": "Coimbatore",
        "state": "Tamil Nadu",
        "data_source_type": "OpenStreetMap Public Data"
      }
    },
    {
      "type": "Feature",
      "id": 295979267,
      "geometry": {
        "type": "Point",
        "coordinates": [
          76.9969377,
          11.020842
        ]
      },
      "properties": {
        "id": 295979267,
        "name": "Asthamsa Varadar Anjaneyar Kovil",
        "facility_type": "temple",
        "category": "Religious POI",
        "capacity": 367,
        "district": "Coimbatore",
        "state": "Tamil Nadu",
        "data_source_type": "OpenStreetMap Public Data"
      }
    },
    {
      "type": "Feature",
      "id": 308453245,
      "geometry": {
        "type": "Point",
        "coordinates": [
          76.9418801,
          11.0784089
        ]
      },
      "properties": {
        "id": 308453245,
        "name": "Hindusthan Petroleum",
        "facility_type": "shop",
        "category": "Commercial POI",
        "capacity": 345,
        "district": "Coimbatore",
        "state": "Tamil Nadu",
        "data_source_type": "OpenStreetMap Public Data"
      }
    },
    {
      "type": "Feature",
      "id": 321420715,
      "geometry": {
        "type": "Point",
        "coordinates": [
          77.0242479,
          11.1047421
        ]
      },
      "properties": {
        "id": 321420715,
        "name": "United Physically Handicapped School",
        "facility_type": "school",
        "category": "Education",
        "capacity": 315,
        "district": "Coimbatore",
        "state": "Tamil Nadu",
        "data_source_type": "OpenStreetMap Public Data"
      }
    },
    {
      "type": "Feature",
      "id": 321420716,
      "geometry": {
        "type": "Point",
        "coordinates": [
          77.0090525,
          11.090002
        ]
      },
      "properties": {
        "id": 321420716,
        "name": "Vimal Jothi Convent School",
        "facility_type": "school",
        "category": "Education",
        "capacity": 316,
        "district": "Coimbatore",
        "state": "Tamil Nadu",
        "data_source_type": "OpenStreetMap Public Data"
      }
    },
    {
      "type": "Feature",
      "id": 321420726,
      "geometry": {
        "type": "Point",
        "coordinates": [
          77.0040591,
          11.0787956
        ]
      },
      "properties": {
        "id": 321420726,
        "name": "Reliance Fresh",
        "facility_type": "shop",
        "category": "Commercial POI",
        "capacity": 326,
        "district": "Coimbatore",
        "state": "Tamil Nadu",
        "data_source_type": "OpenStreetMap Public Data"
      }
    },
    {
      "type": "Feature",
      "id": 321420767,
      "geometry": {
        "type": "Point",
        "coordinates": [
          76.9708723,
          11.0213634
        ]
      },
      "properties": {
        "id": 321420767,
        "name": "Ellen Multispeciality Hospital",
        "facility_type": "hospital",
        "category": "Healthcare",
        "capacity": 367,
        "district": "Coimbatore",
        "state": "Tamil Nadu",
        "data_source_type": "OpenStreetMap Public Data"
      }
    },
    {
      "type": "Feature",
      "id": 321420772,
      "geometry": {
        "type": "Point",
        "coordinates": [
          76.9710726,
          11.0201233
        ]
      },
      "properties": {
        "id": 321420772,
        "name": "GP Hospital",
        "facility_type": "hospital",
        "category": "Healthcare",
        "capacity": 372,
        "district": "Coimbatore",
        "state": "Tamil Nadu",
        "data_source_type": "OpenStreetMap Public Data"
      }
    },
    {
      "type": "Feature",
      "id": 321420833,
      "geometry": {
        "type": "Point",
        "coordinates": [
          76.9671438,
          11.0110912
        ]
      },
      "properties": {
        "id": 321420833,
        "name": "Arunn Surgery",
        "facility_type": "hospital",
        "category": "Healthcare",
        "capacity": 433,
        "district": "Coimbatore",
        "state": "Tamil Nadu",
        "data_source_type": "OpenStreetMap Public Data"
      }
    },
    {
      "type": "Feature",
      "id": 324582831,
      "geometry": {
        "type": "Point",
        "coordinates": [
          77.0185163,
          10.9127906
        ]
      },
      "properties": {
        "id": 324582831,
        "name": "POI 13",
        "facility_type": "temple",
        "category": "Religious POI",
        "capacity": 431,
        "district": "Coimbatore",
        "state": "Tamil Nadu",
        "data_source_type": "OpenStreetMap Public Data"
      }
    },
    {
      "type": "Feature",
      "id": 330069938,
      "geometry": {
        "type": "Point",
        "coordinates": [
          76.9474178,
          11.0049837
        ]
      },
      "properties": {
        "id": 330069938,
        "name": "Corporation Boys High School",
        "facility_type": "school",
        "category": "Education",
        "capacity": 538,
        "district": "Coimbatore",
        "state": "Tamil Nadu",
        "data_source_type": "OpenStreetMap Public Data"
      }
    },
    {
      "type": "Feature",
      "id": 330069956,
      "geometry": {
        "type": "Point",
        "coordinates": [
          76.9494051,
          11.0056048
        ]
      },
      "properties": {
        "id": 330069956,
        "name": "Corporaton School for Deaf",
        "facility_type": "school",
        "category": "Education",
        "capacity": 556,
        "district": "Coimbatore",
        "state": "Tamil Nadu",
        "data_source_type": "OpenStreetMap Public Data"
      }
    },
    {
      "type": "Feature",
      "id": 330069961,
      "geometry": {
        "type": "Point",
        "coordinates": [
          76.9454998,
          11.0095838
        ]
      },
      "properties": {
        "id": 330069961,
        "name": "Kamatchiamman Temple",
        "facility_type": "temple",
        "category": "Religious POI",
        "capacity": 561,
        "district": "Coimbatore",
        "state": "Tamil Nadu",
        "data_source_type": "OpenStreetMap Public Data"
      }
    },
    {
      "type": "Feature",
      "id": 330069972,
      "geometry": {
        "type": "Point",
        "coordinates": [
          76.9486042,
          11.0106805
        ]
      },
      "properties": {
        "id": 330069972,
        "name": "Vidya Vriksha Play School",
        "facility_type": "school",
        "category": "Education",
        "capacity": 572,
        "district": "Coimbatore",
        "state": "Tamil Nadu",
        "data_source_type": "OpenStreetMap Public Data"
      }
    },
    {
      "type": "Feature",
      "id": 330069974,
      "geometry": {
        "type": "Point",
        "coordinates": [
          76.942949,
          11.0130484
        ]
      },
      "properties": {
        "id": 330069974,
        "name": "Bishop Ubagarm's Primary School",
        "facility_type": "school",
        "category": "Education",
        "capacity": 574,
        "district": "Coimbatore",
        "state": "Tamil Nadu",
        "data_source_type": "OpenStreetMap Public Data"
      }
    },
    {
      "type": "Feature",
      "id": 330069977,
      "geometry": {
        "type": "Point",
        "coordinates": [
          76.9444254,
          11.0143296
        ]
      },
      "properties": {
        "id": 330069977,
        "name": "Uzhavar Sandhai",
        "facility_type": "shop",
        "category": "Commercial POI",
        "capacity": 577,
        "district": "Coimbatore",
        "state": "Tamil Nadu",
        "data_source_type": "OpenStreetMap Public Data"
      }
    },
    {
      "type": "Feature",
      "id": 330069980,
      "geometry": {
        "type": "Point",
        "coordinates": [
          76.9513725,
          11.0028292
        ]
      },
      "properties": {
        "id": 330069980,
        "name": "Saravana Dental Care Hospital",
        "facility_type": "hospital",
        "category": "Healthcare",
        "capacity": 580,
        "district": "Coimbatore",
        "state": "Tamil Nadu",
        "data_source_type": "OpenStreetMap Public Data"
      }
    },
    {
      "type": "Feature",
      "id": 330070075,
      "geometry": {
        "type": "Point",
        "coordinates": [
          76.9578034,
          11.0089752
        ]
      },
      "properties": {
        "id": 330070075,
        "name": "Senthil Hospital",
        "facility_type": "hospital",
        "category": "Healthcare",
        "capacity": 175,
        "district": "Coimbatore",
        "state": "Tamil Nadu",
        "data_source_type": "OpenStreetMap Public Data"
      }
    },
    {
      "type": "Feature",
      "id": 330070077,
      "geometry": {
        "type": "Point",
        "coordinates": [
          76.9619316,
          11.0095256
        ]
      },
      "properties": {
        "id": 330070077,
        "name": "Dr. S. G. Rajarathinam Hospital",
        "facility_type": "hospital",
        "category": "Healthcare",
        "capacity": 177,
        "district": "Coimbatore",
        "state": "Tamil Nadu",
        "data_source_type": "OpenStreetMap Public Data"
      }
    },
    {
      "type": "Feature",
      "id": 330070078,
      "geometry": {
        "type": "Point",
        "coordinates": [
          76.9641166,
          11.0077787
        ]
      },
      "properties": {
        "id": 330070078,
        "name": "Kattur Municipal Elementary School",
        "facility_type": "school",
        "category": "Education",
        "capacity": 178,
        "district": "Coimbatore",
        "state": "Tamil Nadu",
        "data_source_type": "OpenStreetMap Public Data"
      }
    },
    {
      "type": "Feature",
      "id": 330070079,
      "geometry": {
        "type": "Point",
        "coordinates": [
          76.9667366,
          11.0087589
        ]
      },
      "properties": {
        "id": 330070079,
        "name": "Sunday Market",
        "facility_type": "shop",
        "category": "Commercial POI",
        "capacity": 179,
        "district": "Coimbatore",
        "state": "Tamil Nadu",
        "data_source_type": "OpenStreetMap Public Data"
      }
    },
    {
      "type": "Feature",
      "id": 337578514,
      "geometry": {
        "type": "Point",
        "coordinates": [
          76.9724885,
          11.0063593
        ]
      },
      "properties": {
        "id": 337578514,
        "name": "Stanes Higher Secondary School",
        "facility_type": "school",
        "category": "Education",
        "capacity": 114,
        "district": "Coimbatore",
        "state": "Tamil Nadu",
        "data_source_type": "OpenStreetMap Public Data"
      }
    },
    {
      "type": "Feature",
      "id": 337604253,
      "geometry": {
        "type": "Point",
        "coordinates": [
          76.9715023,
          11.0004227
        ]
      },
      "properties": {
        "id": 337604253,
        "name": "K. G. Hospital, Coimbatore",
        "facility_type": "hospital",
        "category": "Healthcare",
        "capacity": 353,
        "district": "Coimbatore",
        "state": "Tamil Nadu",
        "data_source_type": "OpenStreetMap Public Data"
      }
    },
    {
      "type": "Feature",
      "id": 343436818,
      "geometry": {
        "type": "Point",
        "coordinates": [
          76.9579425,
          11.0115779
        ]
      },
      "properties": {
        "id": 343436818,
        "name": "Kikani Higher Secondary School",
        "facility_type": "school",
        "category": "Education",
        "capacity": 418,
        "district": "Coimbatore",
        "state": "Tamil Nadu",
        "data_source_type": "OpenStreetMap Public Data"
      }
    },
    {
      "type": "Feature",
      "id": 343436821,
      "geometry": {
        "type": "Point",
        "coordinates": [
          76.955239,
          11.0165542
        ]
      },
      "properties": {
        "id": 343436821,
        "name": "Sengaliappan Nursing Home",
        "facility_type": "hospital",
        "category": "Healthcare",
        "capacity": 421,
        "district": "Coimbatore",
        "state": "Tamil Nadu",
        "data_source_type": "OpenStreetMap Public Data"
      }
    },
    {
      "type": "Feature",
      "id": 343438055,
      "geometry": {
        "type": "Point",
        "coordinates": [
          76.9616315,
          11.0136837
        ]
      },
      "properties": {
        "id": 343438055,
        "name": "Corporation Elementary School",
        "facility_type": "school",
        "category": "Education",
        "capacity": 155,
        "district": "Coimbatore",
        "state": "Tamil Nadu",
        "data_source_type": "OpenStreetMap Public Data"
      }
    },
    {
      "type": "Feature",
      "id": 346037148,
      "geometry": {
        "type": "Point",
        "coordinates": [
          76.9469568,
          11.0102989
        ]
      },
      "properties": {
        "id": 346037148,
        "name": "RS Puram Corporation Girls High School",
        "facility_type": "school",
        "category": "Education",
        "capacity": 248,
        "district": "Coimbatore",
        "state": "Tamil Nadu",
        "data_source_type": "OpenStreetMap Public Data"
      }
    },
    {
      "type": "Feature",
      "id": 729616609,
      "geometry": {
        "type": "Point",
        "coordinates": [
          76.9816972,
          11.0408776
        ]
      },
      "properties": {
        "id": 729616609,
        "name": "CMS Matriculation Higher Secondary School",
        "facility_type": "school",
        "category": "Education",
        "capacity": 209,
        "district": "Coimbatore",
        "state": "Tamil Nadu",
        "data_source_type": "OpenStreetMap Public Data"
      }
    },
    {
      "type": "Feature",
      "id": 803091648,
      "geometry": {
        "type": "Point",
        "coordinates": [
          76.995705,
          10.9969296
        ]
      },
      "properties": {
        "id": 803091648,
        "name": "Bala Hospital",
        "facility_type": "hospital",
        "category": "Healthcare",
        "capacity": 248,
        "district": "Coimbatore",
        "state": "Tamil Nadu",
        "data_source_type": "OpenStreetMap Public Data"
      }
    },
    {
      "type": "Feature",
      "id": 803271976,
      "geometry": {
        "type": "Point",
        "coordinates": [
          76.9681824,
          10.9952707
        ]
      },
      "properties": {
        "id": 803271976,
        "name": "POI 33",
        "facility_type": "office",
        "category": "Company",
        "capacity": 576,
        "district": "Coimbatore",
        "state": "Tamil Nadu",
        "data_source_type": "OpenStreetMap Public Data"
      }
    },
    {
      "type": "Feature",
      "id": 803272013,
      "geometry": {
        "type": "Point",
        "coordinates": [
          76.9677805,
          10.9990022
        ]
      },
      "properties": {
        "id": 803272013,
        "name": "District Police Office",
        "facility_type": "office",
        "category": "Company",
        "capacity": 113,
        "district": "Coimbatore",
        "state": "Tamil Nadu",
        "data_source_type": "OpenStreetMap Public Data"
      }
    },
    {
      "type": "Feature",
      "id": 803389784,
      "geometry": {
        "type": "Point",
        "coordinates": [
          76.9820619,
          11.0138918
        ]
      },
      "properties": {
        "id": 803389784,
        "name": "Mani Higher Secondary School",
        "facility_type": "school",
        "category": "Education",
        "capacity": 384,
        "district": "Coimbatore",
        "state": "Tamil Nadu",
        "data_source_type": "OpenStreetMap Public Data"
      }
    },
    {
      "type": "Feature",
      "id": 803389908,
      "geometry": {
        "type": "Point",
        "coordinates": [
          76.9759689,
          11.0058177
        ]
      },
      "properties": {
        "id": 803389908,
        "name": "Sathyam Grand",
        "facility_type": "shop",
        "category": "Commercial POI",
        "capacity": 508,
        "district": "Coimbatore",
        "state": "Tamil Nadu",
        "data_source_type": "OpenStreetMap Public Data"
      }
    },
    {
      "type": "Feature",
      "id": 832773963,
      "geometry": {
        "type": "Point",
        "coordinates": [
          76.9579314,
          11.0170651
        ]
      },
      "properties": {
        "id": 832773963,
        "name": "Spencers",
        "facility_type": "shop",
        "category": "Commercial POI",
        "capacity": 563,
        "district": "Coimbatore",
        "state": "Tamil Nadu",
        "data_source_type": "OpenStreetMap Public Data"
      }
    },
    {
      "type": "Feature",
      "id": 832779637,
      "geometry": {
        "type": "Point",
        "coordinates": [
          76.9604883,
          11.018058
        ]
      },
      "properties": {
        "id": 832779637,
        "name": "Kongunad Hospital, Coimbatore",
        "facility_type": "hospital",
        "category": "Healthcare",
        "capacity": 237,
        "district": "Coimbatore",
        "state": "Tamil Nadu",
        "data_source_type": "OpenStreetMap Public Data"
      }
    },
    {
      "type": "Feature",
      "id": 832779865,
      "geometry": {
        "type": "Point",
        "coordinates": [
          76.9604642,
          11.01843
        ]
      },
      "properties": {
        "id": 832779865,
        "name": "Sheela Clinic",
        "facility_type": "hospital",
        "category": "Healthcare",
        "capacity": 465,
        "district": "Coimbatore",
        "state": "Tamil Nadu",
        "data_source_type": "OpenStreetMap Public Data"
      }
    },
    {
      "type": "Feature",
      "id": 942754044,
      "geometry": {
        "type": "Point",
        "coordinates": [
          76.9975014,
          11.0391993
        ]
      },
      "properties": {
        "id": 942754044,
        "name": "Ganapathy FireStation",
        "facility_type": "office",
        "category": "Company",
        "capacity": 144,
        "district": "Coimbatore",
        "state": "Tamil Nadu",
        "data_source_type": "OpenStreetMap Public Data"
      }
    },
    {
      "type": "Feature",
      "id": 942754558,
      "geometry": {
        "type": "Point",
        "coordinates": [
          76.9850922,
          11.0442658
        ]
      },
      "properties": {
        "id": 942754558,
        "name": "Nilgiris Supermarket",
        "facility_type": "shop",
        "category": "Commercial POI",
        "capacity": 158,
        "district": "Coimbatore",
        "state": "Tamil Nadu",
        "data_source_type": "OpenStreetMap Public Data"
      }
    },
    {
      "type": "Feature",
      "id": 1037991897,
      "geometry": {
        "type": "Point",
        "coordinates": [
          77.0015752,
          11.0282367
        ]
      },
      "properties": {
        "id": 1037991897,
        "name": "Mosque",
        "facility_type": "temple",
        "category": "Religious POI",
        "capacity": 497,
        "district": "Coimbatore",
        "state": "Tamil Nadu",
        "data_source_type": "OpenStreetMap Public Data"
      }
    },
    {
      "type": "Feature",
      "id": 1037993874,
      "geometry": {
        "type": "Point",
        "coordinates": [
          77.0007242,
          11.0396229
        ]
      },
      "properties": {
        "id": 1037993874,
        "name": "POI 43",
        "facility_type": "shop",
        "category": "Commercial POI",
        "capacity": 474,
        "district": "Coimbatore",
        "state": "Tamil Nadu",
        "data_source_type": "OpenStreetMap Public Data"
      }
    },
    {
      "type": "Feature",
      "id": 1037993879,
      "geometry": {
        "type": "Point",
        "coordinates": [
          77.0014232,
          11.0402109
        ]
      },
      "properties": {
        "id": 1037993879,
        "name": "Karthi's two wheeler workshop",
        "facility_type": "shop",
        "category": "Commercial POI",
        "capacity": 479,
        "district": "Coimbatore",
        "state": "Tamil Nadu",
        "data_source_type": "OpenStreetMap Public Data"
      }
    },
    {
      "type": "Feature",
      "id": 1039492931,
      "geometry": {
        "type": "Point",
        "coordinates": [
          76.9793069,
          11.0386942
        ]
      },
      "properties": {
        "id": 1039492931,
        "name": "Departmental Store",
        "facility_type": "shop",
        "category": "Commercial POI",
        "capacity": 531,
        "district": "Coimbatore",
        "state": "Tamil Nadu",
        "data_source_type": "OpenStreetMap Public Data"
      }
    },
    {
      "type": "Feature",
      "id": 1039492938,
      "geometry": {
        "type": "Point",
        "coordinates": [
          76.9789074,
          11.0376719
        ]
      },
      "properties": {
        "id": 1039492938,
        "name": "Subasudhan Vegetable Shop",
        "facility_type": "shop",
        "category": "Commercial POI",
        "capacity": 538,
        "district": "Coimbatore",
        "state": "Tamil Nadu",
        "data_source_type": "OpenStreetMap Public Data"
      }
    },
    {
      "type": "Feature",
      "id": 1039492954,
      "geometry": {
        "type": "Point",
        "coordinates": [
          76.9793194,
          11.0387173
        ]
      },
      "properties": {
        "id": 1039492954,
        "name": "POI 47",
        "facility_type": "shop",
        "category": "Commercial POI",
        "capacity": 554,
        "district": "Coimbatore",
        "state": "Tamil Nadu",
        "data_source_type": "OpenStreetMap Public Data"
      }
    },
    {
      "type": "Feature",
      "id": 1039492966,
      "geometry": {
        "type": "Point",
        "coordinates": [
          76.9805138,
          11.0394275
        ]
      },
      "properties": {
        "id": 1039492966,
        "name": "Hardware Shop",
        "facility_type": "shop",
        "category": "Commercial POI",
        "capacity": 566,
        "district": "Coimbatore",
        "state": "Tamil Nadu",
        "data_source_type": "OpenStreetMap Public Data"
      }
    },
    {
      "type": "Feature",
      "id": 1039492980,
      "geometry": {
        "type": "Point",
        "coordinates": [
          76.9825394,
          11.040721
        ]
      },
      "properties": {
        "id": 1039492980,
        "name": "Vijay Phramacy",
        "facility_type": "shop",
        "category": "Commercial POI",
        "capacity": 580,
        "district": "Coimbatore",
        "state": "Tamil Nadu",
        "data_source_type": "OpenStreetMap Public Data"
      }
    },
    {
      "type": "Feature",
      "id": 1039493004,
      "geometry": {
        "type": "Point",
        "coordinates": [
          76.9804078,
          11.0393707
        ]
      },
      "properties": {
        "id": 1039493004,
        "name": "Kumari Seafoods",
        "facility_type": "shop",
        "category": "Commercial POI",
        "capacity": 104,
        "district": "Coimbatore",
        "state": "Tamil Nadu",
        "data_source_type": "OpenStreetMap Public Data"
      }
    },
    {
      "type": "Feature",
      "id": 1039493031,
      "geometry": {
        "type": "Point",
        "coordinates": [
          76.9795216,
          11.0389158
        ]
      },
      "properties": {
        "id": 1039493031,
        "name": "Ganapathi Koil (Small)",
        "facility_type": "temple",
        "category": "Religious POI",
        "capacity": 131,
        "district": "Coimbatore",
        "state": "Tamil Nadu",
        "data_source_type": "OpenStreetMap Public Data"
      }
    },
    {
      "type": "Feature",
      "id": 1039493036,
      "geometry": {
        "type": "Point",
        "coordinates": [
          76.979517,
          11.0390101
        ]
      },
      "properties": {
        "id": 1039493036,
        "name": "Surya Hospital, Coimbatore",
        "facility_type": "hospital",
        "category": "Healthcare",
        "capacity": 136,
        "district": "Coimbatore",
        "state": "Tamil Nadu",
        "data_source_type": "OpenStreetMap Public Data"
      }
    },
    {
      "type": "Feature",
      "id": 1039511715,
      "geometry": {
        "type": "Point",
        "coordinates": [
          76.9781063,
          11.0357027
        ]
      },
      "properties": {
        "id": 1039511715,
        "name": "Koil",
        "facility_type": "temple",
        "category": "Religious POI",
        "capacity": 315,
        "district": "Coimbatore",
        "state": "Tamil Nadu",
        "data_source_type": "OpenStreetMap Public Data"
      }
    },
    {
      "type": "Feature",
      "id": 1039511738,
      "geometry": {
        "type": "Point",
        "coordinates": [
          76.9786795,
          11.0369636
        ]
      },
      "properties": {
        "id": 1039511738,
        "name": "POI 54",
        "facility_type": "shop",
        "category": "Commercial POI",
        "capacity": 338,
        "district": "Coimbatore",
        "state": "Tamil Nadu",
        "data_source_type": "OpenStreetMap Public Data"
      }
    },
    {
      "type": "Feature",
      "id": 1039537376,
      "geometry": {
        "type": "Point",
        "coordinates": [
          76.9851419,
          11.018749
        ]
      },
      "properties": {
        "id": 1039537376,
        "name": "Koil",
        "facility_type": "temple",
        "category": "Religious POI",
        "capacity": 476,
        "district": "Coimbatore",
        "state": "Tamil Nadu",
        "data_source_type": "OpenStreetMap Public Data"
      }
    },
    {
      "type": "Feature",
      "id": 1039593519,
      "geometry": {
        "type": "Point",
        "coordinates": [
          76.9793103,
          11.0388037
        ]
      },
      "properties": {
        "id": 1039593519,
        "name": "Shoe Shop",
        "facility_type": "shop",
        "category": "Commercial POI",
        "capacity": 119,
        "district": "Coimbatore",
        "state": "Tamil Nadu",
        "data_source_type": "OpenStreetMap Public Data"
      }
    },
    {
      "type": "Feature",
      "id": 1039593544,
      "geometry": {
        "type": "Point",
        "coordinates": [
          76.9825885,
          11.0407664
        ]
      },
      "properties": {
        "id": 1039593544,
        "name": "Fruits Shop",
        "facility_type": "shop",
        "category": "Commercial POI",
        "capacity": 144,
        "district": "Coimbatore",
        "state": "Tamil Nadu",
        "data_source_type": "OpenStreetMap Public Data"
      }
    },
    {
      "type": "Feature",
      "id": 1039593557,
      "geometry": {
        "type": "Point",
        "coordinates": [
          76.9827356,
          11.0413513
        ]
      },
      "properties": {
        "id": 1039593557,
        "name": "POI 58",
        "facility_type": "shop",
        "category": "Commercial POI",
        "capacity": 157,
        "district": "Coimbatore",
        "state": "Tamil Nadu",
        "data_source_type": "OpenStreetMap Public Data"
      }
    },
    {
      "type": "Feature",
      "id": 1039593585,
      "geometry": {
        "type": "Point",
        "coordinates": [
          76.9792515,
          11.0387661
        ]
      },
      "properties": {
        "id": 1039593585,
        "name": "Pharmacy",
        "facility_type": "shop",
        "category": "Commercial POI",
        "capacity": 185,
        "district": "Coimbatore",
        "state": "Tamil Nadu",
        "data_source_type": "OpenStreetMap Public Data"
      }
    },
    {
      "type": "Feature",
      "id": 1039593632,
      "geometry": {
        "type": "Point",
        "coordinates": [
          76.9826694,
          11.0408298
        ]
      },
      "properties": {
        "id": 1039593632,
        "name": "Lala Sweet Shop",
        "facility_type": "shop",
        "category": "Commercial POI",
        "capacity": 232,
        "district": "Coimbatore",
        "state": "Tamil Nadu",
        "data_source_type": "OpenStreetMap Public Data"
      }
    },
    {
      "type": "Feature",
      "id": 1039593641,
      "geometry": {
        "type": "Point",
        "coordinates": [
          76.9827079,
          11.0417393
        ]
      },
      "properties": {
        "id": 1039593641,
        "name": "Tuxmo Punp Sets",
        "facility_type": "shop",
        "category": "Commercial POI",
        "capacity": 241,
        "district": "Coimbatore",
        "state": "Tamil Nadu",
        "data_source_type": "OpenStreetMap Public Data"
      }
    },
    {
      "type": "Feature",
      "id": 1039593678,
      "geometry": {
        "type": "Point",
        "coordinates": [
          76.9826462,
          11.0408122
        ]
      },
      "properties": {
        "id": 1039593678,
        "name": "Departmental Store",
        "facility_type": "shop",
        "category": "Commercial POI",
        "capacity": 278,
        "district": "Coimbatore",
        "state": "Tamil Nadu",
        "data_source_type": "OpenStreetMap Public Data"
      }
    },
    {
      "type": "Feature",
      "id": 1039593683,
      "geometry": {
        "type": "Point",
        "coordinates": [
          76.9827156,
          11.0413712
        ]
      },
      "properties": {
        "id": 1039593683,
        "name": "Travels",
        "facility_type": "shop",
        "category": "Commercial POI",
        "capacity": 283,
        "district": "Coimbatore",
        "state": "Tamil Nadu",
        "data_source_type": "OpenStreetMap Public Data"
      }
    },
    {
      "type": "Feature",
      "id": 1039593709,
      "geometry": {
        "type": "Point",
        "coordinates": [
          76.9821683,
          11.0405153
        ]
      },
      "properties": {
        "id": 1039593709,
        "name": "KR Bakery",
        "facility_type": "shop",
        "category": "Commercial POI",
        "capacity": 309,
        "district": "Coimbatore",
        "state": "Tamil Nadu",
        "data_source_type": "OpenStreetMap Public Data"
      }
    },
    {
      "type": "Feature",
      "id": 1039593735,
      "geometry": {
        "type": "Point",
        "coordinates": [
          76.9791116,
          11.0375903
        ]
      },
      "properties": {
        "id": 1039593735,
        "name": "Fish Stall",
        "facility_type": "shop",
        "category": "Commercial POI",
        "capacity": 335,
        "district": "Coimbatore",
        "state": "Tamil Nadu",
        "data_source_type": "OpenStreetMap Public Data"
      }
    },
    {
      "type": "Feature",
      "id": 1039593739,
      "geometry": {
        "type": "Point",
        "coordinates": [
          76.9826129,
          11.040781
        ]
      },
      "properties": {
        "id": 1039593739,
        "name": "Textiles",
        "facility_type": "shop",
        "category": "Commercial POI",
        "capacity": 339,
        "district": "Coimbatore",
        "state": "Tamil Nadu",
        "data_source_type": "OpenStreetMap Public Data"
      }
    },
    {
      "type": "Feature",
      "id": 1039687997,
      "geometry": {
        "type": "Point",
        "coordinates": [
          76.9882634,
          11.0150373
        ]
      },
      "properties": {
        "id": 1039687997,
        "name": "POI 67",
        "facility_type": "shop",
        "category": "Commercial POI",
        "capacity": 597,
        "district": "Coimbatore",
        "state": "Tamil Nadu",
        "data_source_type": "OpenStreetMap Public Data"
      }
    },
    {
      "type": "Feature",
      "id": 1039687999,
      "geometry": {
        "type": "Point",
        "coordinates": [
          76.9882229,
          11.015006
        ]
      },
      "properties": {
        "id": 1039687999,
        "name": "POI 68",
        "facility_type": "shop",
        "category": "Commercial POI",
        "capacity": 599,
        "district": "Coimbatore",
        "state": "Tamil Nadu",
        "data_source_type": "OpenStreetMap Public Data"
      }
    },
    {
      "type": "Feature",
      "id": 1039688001,
      "geometry": {
        "type": "Point",
        "coordinates": [
          76.9860808,
          11.012733
        ]
      },
      "properties": {
        "id": 1039688001,
        "name": "POI 69",
        "facility_type": "shop",
        "category": "Commercial POI",
        "capacity": 101,
        "district": "Coimbatore",
        "state": "Tamil Nadu",
        "data_source_type": "OpenStreetMap Public Data"
      }
    },
    {
      "type": "Feature",
      "id": 1039688004,
      "geometry": {
        "type": "Point",
        "coordinates": [
          76.9884834,
          11.0149293
        ]
      },
      "properties": {
        "id": 1039688004,
        "name": "POI 70",
        "facility_type": "shop",
        "category": "Commercial POI",
        "capacity": 104,
        "district": "Coimbatore",
        "state": "Tamil Nadu",
        "data_source_type": "OpenStreetMap Public Data"
      }
    },
    {
      "type": "Feature",
      "id": 1039707350,
      "geometry": {
        "type": "Point",
        "coordinates": [
          76.9870621,
          11.013986
        ]
      },
      "properties": {
        "id": 1039707350,
        "name": "Xerox Shop",
        "facility_type": "shop",
        "category": "Commercial POI",
        "capacity": 450,
        "district": "Coimbatore",
        "state": "Tamil Nadu",
        "data_source_type": "OpenStreetMap Public Data"
      }
    },
    {
      "type": "Feature",
      "id": 1039716902,
      "geometry": {
        "type": "Point",
        "coordinates": [
          76.9823073,
          11.0409112
        ]
      },
      "properties": {
        "id": 1039716902,
        "name": "Xerox and Computer Centre",
        "facility_type": "shop",
        "category": "Commercial POI",
        "capacity": 502,
        "district": "Coimbatore",
        "state": "Tamil Nadu",
        "data_source_type": "OpenStreetMap Public Data"
      }
    },
    {
      "type": "Feature",
      "id": 1039716922,
      "geometry": {
        "type": "Point",
        "coordinates": [
          76.9823026,
          11.0409153
        ]
      },
      "properties": {
        "id": 1039716922,
        "name": "Furniture Shop",
        "facility_type": "shop",
        "category": "Commercial POI",
        "capacity": 522,
        "district": "Coimbatore",
        "state": "Tamil Nadu",
        "data_source_type": "OpenStreetMap Public Data"
      }
    },
    {
      "type": "Feature",
      "id": 1039722102,
      "geometry": {
        "type": "Point",
        "coordinates": [
          76.9782433,
          11.0361867
        ]
      },
      "properties": {
        "id": 1039722102,
        "name": "Footware Shop",
        "facility_type": "shop",
        "category": "Commercial POI",
        "capacity": 202,
        "district": "Coimbatore",
        "state": "Tamil Nadu",
        "data_source_type": "OpenStreetMap Public Data"
      }
    },
    {
      "type": "Feature",
      "id": 1039722104,
      "geometry": {
        "type": "Point",
        "coordinates": [
          76.9782213,
          11.0361911
        ]
      },
      "properties": {
        "id": 1039722104,
        "name": "Textiles",
        "facility_type": "shop",
        "category": "Commercial POI",
        "capacity": 204,
        "district": "Coimbatore",
        "state": "Tamil Nadu",
        "data_source_type": "OpenStreetMap Public Data"
      }
    },
    {
      "type": "Feature",
      "id": 1039722105,
      "geometry": {
        "type": "Point",
        "coordinates": [
          76.9780147,
          11.0360159
        ]
      },
      "properties": {
        "id": 1039722105,
        "name": "Lala Sweet Shop",
        "facility_type": "shop",
        "category": "Commercial POI",
        "capacity": 205,
        "district": "Coimbatore",
        "state": "Tamil Nadu",
        "data_source_type": "OpenStreetMap Public Data"
      }
    },
    {
      "type": "Feature",
      "id": 1051328308,
      "geometry": {
        "type": "Point",
        "coordinates": [
          76.9615341,
          10.9890037
        ]
      },
      "properties": {
        "id": 1051328308,
        "name": "Ukkadam Police Station(B2)",
        "facility_type": "office",
        "category": "Company",
        "capacity": 408,
        "district": "Coimbatore",
        "state": "Tamil Nadu",
        "data_source_type": "OpenStreetMap Public Data"
      }
    },
    {
      "type": "Feature",
      "id": 1051328344,
      "geometry": {
        "type": "Point",
        "coordinates": [
          76.9683463,
          11.0155688
        ]
      },
      "properties": {
        "id": 1051328344,
        "name": "Womens Police Station",
        "facility_type": "office",
        "category": "Company",
        "capacity": 444,
        "district": "Coimbatore",
        "state": "Tamil Nadu",
        "data_source_type": "OpenStreetMap Public Data"
      }
    },
    {
      "type": "Feature",
      "id": 1051328350,
      "geometry": {
        "type": "Point",
        "coordinates": [
          76.9246984,
          10.8927566
        ]
      },
      "properties": {
        "id": 1051328350,
        "name": "Fair Pharma",
        "facility_type": "hospital",
        "category": "Healthcare",
        "capacity": 450,
        "district": "Coimbatore",
        "state": "Tamil Nadu",
        "data_source_type": "OpenStreetMap Public Data"
      }
    },
    {
      "type": "Feature",
      "id": 1051328360,
      "geometry": {
        "type": "Point",
        "coordinates": [
          76.968307,
          11.0153033
        ]
      },
      "properties": {
        "id": 1051328360,
        "name": "Kattor Police Station",
        "facility_type": "office",
        "category": "Company",
        "capacity": 460,
        "district": "Coimbatore",
        "state": "Tamil Nadu",
        "data_source_type": "OpenStreetMap Public Data"
      }
    },
    {
      "type": "Feature",
      "id": 1051328368,
      "geometry": {
        "type": "Point",
        "coordinates": [
          76.9490401,
          10.911453
        ]
      },
      "properties": {
        "id": 1051328368,
        "name": "Madukkarai Police Station",
        "facility_type": "office",
        "category": "Company",
        "capacity": 468,
        "district": "Coimbatore",
        "state": "Tamil Nadu",
        "data_source_type": "OpenStreetMap Public Data"
      }
    },
    {
      "type": "Feature",
      "id": 1051328428,
      "geometry": {
        "type": "Point",
        "coordinates": [
          76.9540004,
          10.9560967
        ]
      },
      "properties": {
        "id": 1051328428,
        "name": "Vasan eye Care Hospital",
        "facility_type": "hospital",
        "category": "Healthcare",
        "capacity": 528,
        "district": "Coimbatore",
        "state": "Tamil Nadu",
        "data_source_type": "OpenStreetMap Public Data"
      }
    },
    {
      "type": "Feature",
      "id": 1074852415,
      "geometry": {
        "type": "Point",
        "coordinates": [
          76.9851591,
          11.0125461
        ]
      },
      "properties": {
        "id": 1074852415,
        "name": "Artfull Homes",
        "facility_type": "shop",
        "category": "Commercial POI",
        "capacity": 515,
        "district": "Coimbatore",
        "state": "Tamil Nadu",
        "data_source_type": "OpenStreetMap Public Data"
      }
    },
    {
      "type": "Feature",
      "id": 1323172469,
      "geometry": {
        "type": "Point",
        "coordinates": [
          77.0211213,
          11.0069592
        ]
      },
      "properties": {
        "id": 1323172469,
        "name": "POI 84",
        "facility_type": "temple",
        "category": "Religious POI",
        "capacity": 569,
        "district": "Coimbatore",
        "state": "Tamil Nadu",
        "data_source_type": "OpenStreetMap Public Data"
      }
    },
    {
      "type": "Feature",
      "id": 1336397219,
      "geometry": {
        "type": "Point",
        "coordinates": [
          77.0104411,
          11.0266201
        ]
      },
      "properties": {
        "id": 1336397219,
        "name": "mahindra showroom",
        "facility_type": "shop",
        "category": "Commercial POI",
        "capacity": 319,
        "district": "Coimbatore",
        "state": "Tamil Nadu",
        "data_source_type": "OpenStreetMap Public Data"
      }
    },
    {
      "type": "Feature",
      "id": 1423854834,
      "geometry": {
        "type": "Point",
        "coordinates": [
          76.9595897,
          11.2395224
        ]
      },
      "properties": {
        "id": 1423854834,
        "name": "Karamadai Police Station",
        "facility_type": "office",
        "category": "Company",
        "capacity": 434,
        "district": "Coimbatore",
        "state": "Tamil Nadu",
        "data_source_type": "OpenStreetMap Public Data"
      }
    },
    {
      "type": "Feature",
      "id": 1423948022,
      "geometry": {
        "type": "Point",
        "coordinates": [
          77.0073136,
          11.0188398
        ]
      },
      "properties": {
        "id": 1423948022,
        "name": "PSG Hospitals",
        "facility_type": "hospital",
        "category": "Healthcare",
        "capacity": 122,
        "district": "Coimbatore",
        "state": "Tamil Nadu",
        "data_source_type": "OpenStreetMap Public Data"
      }
    },
    {
      "type": "Feature",
      "id": 1424898667,
      "geometry": {
        "type": "Point",
        "coordinates": [
          76.890231,
          11.2246984
        ]
      },
      "properties": {
        "id": 1424898667,
        "name": "Government Higher Secondary School, Bujanganur",
        "facility_type": "school",
        "category": "Education",
        "capacity": 267,
        "district": "Coimbatore",
        "state": "Tamil Nadu",
        "data_source_type": "OpenStreetMap Public Data"
      }
    },
    {
      "type": "Feature",
      "id": 1425221963,
      "geometry": {
        "type": "Point",
        "coordinates": [
          76.945785,
          11.0260064
        ]
      },
      "properties": {
        "id": 1425221963,
        "name": "POI 89",
        "facility_type": "shop",
        "category": "Commercial POI",
        "capacity": 563,
        "district": "Coimbatore",
        "state": "Tamil Nadu",
        "data_source_type": "OpenStreetMap Public Data"
      }
    },
    {
      "type": "Feature",
      "id": 1425221969,
      "geometry": {
        "type": "Point",
        "coordinates": [
          76.9499384,
          11.026167
        ]
      },
      "properties": {
        "id": 1425221969,
        "name": "K T V R Group Hospital",
        "facility_type": "hospital",
        "category": "Healthcare",
        "capacity": 569,
        "district": "Coimbatore",
        "state": "Tamil Nadu",
        "data_source_type": "OpenStreetMap Public Data"
      }
    },
    {
      "type": "Feature",
      "id": 1425221979,
      "geometry": {
        "type": "Point",
        "coordinates": [
          76.9459728,
          11.0261381
        ]
      },
      "properties": {
        "id": 1425221979,
        "name": "POI 91",
        "facility_type": "shop",
        "category": "Commercial POI",
        "capacity": 579,
        "district": "Coimbatore",
        "state": "Tamil Nadu",
        "data_source_type": "OpenStreetMap Public Data"
      }
    },
    {
      "type": "Feature",
      "id": 1425221980,
      "geometry": {
        "type": "Point",
        "coordinates": [
          76.9459674,
          11.0265961
        ]
      },
      "properties": {
        "id": 1425221980,
        "name": "VRK Jewellery",
        "facility_type": "shop",
        "category": "Commercial POI",
        "capacity": 580,
        "district": "Coimbatore",
        "state": "Tamil Nadu",
        "data_source_type": "OpenStreetMap Public Data"
      }
    },
    {
      "type": "Feature",
      "id": 1425227567,
      "geometry": {
        "type": "Point",
        "coordinates": [
          76.9503268,
          11.0340331
        ]
      },
      "properties": {
        "id": 1425227567,
        "name": "Tasmac",
        "facility_type": "shop",
        "category": "Commercial POI",
        "capacity": 167,
        "district": "Coimbatore",
        "state": "Tamil Nadu",
        "data_source_type": "OpenStreetMap Public Data"
      }
    },
    {
      "type": "Feature",
      "id": 1464278678,
      "geometry": {
        "type": "Point",
        "coordinates": [
          76.935793,
          11.0256509
        ]
      },
      "properties": {
        "id": 1464278678,
        "name": "K R Bakes",
        "facility_type": "shop",
        "category": "Commercial POI",
        "capacity": 278,
        "district": "Coimbatore",
        "state": "Tamil Nadu",
        "data_source_type": "OpenStreetMap Public Data"
      }
    },
    {
      "type": "Feature",
      "id": 1464278693,
      "geometry": {
        "type": "Point",
        "coordinates": [
          76.9502466,
          11.027735
        ]
      },
      "properties": {
        "id": 1464278693,
        "name": "Saibaba Temple",
        "facility_type": "temple",
        "category": "Religious POI",
        "capacity": 293,
        "district": "Coimbatore",
        "state": "Tamil Nadu",
        "data_source_type": "OpenStreetMap Public Data"
      }
    },
    {
      "type": "Feature",
      "id": 1464278749,
      "geometry": {
        "type": "Point",
        "coordinates": [
          76.9514053,
          11.0283116
        ]
      },
      "properties": {
        "id": 1464278749,
        "name": "Anamalais Chevrolet",
        "facility_type": "shop",
        "category": "Commercial POI",
        "capacity": 349,
        "district": "Coimbatore",
        "state": "Tamil Nadu",
        "data_source_type": "OpenStreetMap Public Data"
      }
    },
    {
      "type": "Feature",
      "id": 1464278758,
      "geometry": {
        "type": "Point",
        "coordinates": [
          76.9444308,
          11.0257662
        ]
      },
      "properties": {
        "id": 1464278758,
        "name": "V V Vani Vidhyalaya",
        "facility_type": "school",
        "category": "Education",
        "capacity": 358,
        "district": "Coimbatore",
        "state": "Tamil Nadu",
        "data_source_type": "OpenStreetMap Public Data"
      }
    },
    {
      "type": "Feature",
      "id": 1464278765,
      "geometry": {
        "type": "Point",
        "coordinates": [
          76.9521993,
          11.0282431
        ]
      },
      "properties": {
        "id": 1464278765,
        "name": "Anamalais Toyota",
        "facility_type": "shop",
        "category": "Commercial POI",
        "capacity": 365,
        "district": "Coimbatore",
        "state": "Tamil Nadu",
        "data_source_type": "OpenStreetMap Public Data"
      }
    },
    {
      "type": "Feature",
      "id": 1464278779,
      "geometry": {
        "type": "Point",
        "coordinates": [
          76.9458703,
          11.0270149
        ]
      },
      "properties": {
        "id": 1464278779,
        "name": "Amman Jewellery",
        "facility_type": "shop",
        "category": "Commercial POI",
        "capacity": 379,
        "district": "Coimbatore",
        "state": "Tamil Nadu",
        "data_source_type": "OpenStreetMap Public Data"
      }
    },
    {
      "type": "Feature",
      "id": 1464278789,
      "geometry": {
        "type": "Point",
        "coordinates": [
          76.9543844,
          11.0149404
        ]
      },
      "properties": {
        "id": 1464278789,
        "name": "Coimbatore Bone and Joint Foundation (P) Ltd.",
        "facility_type": "hospital",
        "category": "Healthcare",
        "capacity": 389,
        "district": "Coimbatore",
        "state": "Tamil Nadu",
        "data_source_type": "OpenStreetMap Public Data"
      }
    },
    {
      "type": "Feature",
      "id": 1464278810,
      "geometry": {
        "type": "Point",
        "coordinates": [
          76.9462072,
          11.024381
        ]
      },
      "properties": {
        "id": 1464278810,
        "name": "Loom World",
        "facility_type": "shop",
        "category": "Commercial POI",
        "capacity": 410,
        "district": "Coimbatore",
        "state": "Tamil Nadu",
        "data_source_type": "OpenStreetMap Public Data"
      }
    },
    {
      "type": "Feature",
      "id": 1464278820,
      "geometry": {
        "type": "Point",
        "coordinates": [
          76.9482725,
          11.0234569
        ]
      },
      "properties": {
        "id": 1464278820,
        "name": "Ramalinga Chettiar School (Govt Aided)",
        "facility_type": "school",
        "category": "Education",
        "capacity": 420,
        "district": "Coimbatore",
        "state": "Tamil Nadu",
        "data_source_type": "OpenStreetMap Public Data"
      }
    },
    {
      "type": "Feature",
      "id": 1464278843,
      "geometry": {
        "type": "Point",
        "coordinates": [
          76.9463172,
          11.0250365
        ]
      },
      "properties": {
        "id": 1464278843,
        "name": "Siddhi Vinayagar Temple",
        "facility_type": "temple",
        "category": "Religious POI",
        "capacity": 443,
        "district": "Coimbatore",
        "state": "Tamil Nadu",
        "data_source_type": "OpenStreetMap Public Data"
      }
    },
    {
      "type": "Feature",
      "id": 1464278870,
      "geometry": {
        "type": "Point",
        "coordinates": [
          76.8490683,
          11.0573064
        ]
      },
      "properties": {
        "id": 1464278870,
        "name": "அனுவாவி சுபுரமணியர் திருக்கோயில்",
        "facility_type": "temple",
        "category": "Religious POI",
        "capacity": 470,
        "district": "Coimbatore",
        "state": "Tamil Nadu",
        "data_source_type": "OpenStreetMap Public Data"
      }
    },
    {
      "type": "Feature",
      "id": 1464278887,
      "geometry": {
        "type": "Point",
        "coordinates": [
          76.9509923,
          11.0282431
        ]
      },
      "properties": {
        "id": 1464278887,
        "name": "Hindusthan Motors",
        "facility_type": "shop",
        "category": "Commercial POI",
        "capacity": 487,
        "district": "Coimbatore",
        "state": "Tamil Nadu",
        "data_source_type": "OpenStreetMap Public Data"
      }
    },
    {
      "type": "Feature",
      "id": 1464278890,
      "geometry": {
        "type": "Point",
        "coordinates": [
          76.9463252,
          11.0235622
        ]
      },
      "properties": {
        "id": 1464278890,
        "name": "Angappa Hr. Sec. School (CBSE)",
        "facility_type": "school",
        "category": "Education",
        "capacity": 490,
        "district": "Coimbatore",
        "state": "Tamil Nadu",
        "data_source_type": "OpenStreetMap Public Data"
      }
    },
    {
      "type": "Feature",
      "id": 1464320984,
      "geometry": {
        "type": "Point",
        "coordinates": [
          77.0002939,
          10.9968874
        ]
      },
      "properties": {
        "id": 1464320984,
        "name": "Sri Ayyappa temple",
        "facility_type": "temple",
        "category": "Religious POI",
        "capacity": 584,
        "district": "Coimbatore",
        "state": "Tamil Nadu",
        "data_source_type": "OpenStreetMap Public Data"
      }
    },
    {
      "type": "Feature",
      "id": 1464770518,
      "geometry": {
        "type": "Point",
        "coordinates": [
          76.9375954,
          11.0209331
        ]
      },
      "properties": {
        "id": 1464770518,
        "name": "POI 108",
        "facility_type": "shop",
        "category": "Commercial POI",
        "capacity": 118,
        "district": "Coimbatore",
        "state": "Tamil Nadu",
        "data_source_type": "OpenStreetMap Public Data"
      }
    },
    {
      "type": "Feature",
      "id": 1464770604,
      "geometry": {
        "type": "Point",
        "coordinates": [
          76.9503161,
          11.0298208
        ]
      },
      "properties": {
        "id": 1464770604,
        "name": "Amrit Special needs school",
        "facility_type": "school",
        "category": "Education",
        "capacity": 204,
        "district": "Coimbatore",
        "state": "Tamil Nadu",
        "data_source_type": "OpenStreetMap Public Data"
      }
    },
    {
      "type": "Feature",
      "id": 1466682700,
      "geometry": {
        "type": "Point",
        "coordinates": [
          76.9682086,
          11.0170148
        ]
      },
      "properties": {
        "id": 1466682700,
        "name": "Mahaveers",
        "facility_type": "shop",
        "category": "Commercial POI",
        "capacity": 300,
        "district": "Coimbatore",
        "state": "Tamil Nadu",
        "data_source_type": "OpenStreetMap Public Data"
      }
    },
    {
      "type": "Feature",
      "id": 1466783571,
      "geometry": {
        "type": "Point",
        "coordinates": [
          76.9651657,
          11.0169793
        ]
      },
      "properties": {
        "id": 1466783571,
        "name": "Lakshmi jewellery",
        "facility_type": "shop",
        "category": "Commercial POI",
        "capacity": 171,
        "district": "Coimbatore",
        "state": "Tamil Nadu",
        "data_source_type": "OpenStreetMap Public Data"
      }
    },
    {
      "type": "Feature",
      "id": 1466785379,
      "geometry": {
        "type": "Point",
        "coordinates": [
          76.965557,
          11.0172902
        ]
      },
      "properties": {
        "id": 1466785379,
        "name": "Aryaas bakery",
        "facility_type": "shop",
        "category": "Commercial POI",
        "capacity": 479,
        "district": "Coimbatore",
        "state": "Tamil Nadu",
        "data_source_type": "OpenStreetMap Public Data"
      }
    },
    {
      "type": "Feature",
      "id": 1466790634,
      "geometry": {
        "type": "Point",
        "coordinates": [
          76.960139,
          11.0168427
        ]
      },
      "properties": {
        "id": 1466790634,
        "name": "Giriyaas",
        "facility_type": "shop",
        "category": "Commercial POI",
        "capacity": 234,
        "district": "Coimbatore",
        "state": "Tamil Nadu",
        "data_source_type": "OpenStreetMap Public Data"
      }
    },
    {
      "type": "Feature",
      "id": 1466793475,
      "geometry": {
        "type": "Point",
        "coordinates": [
          76.9593879,
          11.0167953
        ]
      },
      "properties": {
        "id": 1466793475,
        "name": "Karpagam Jewellery",
        "facility_type": "shop",
        "category": "Commercial POI",
        "capacity": 575,
        "district": "Coimbatore",
        "state": "Tamil Nadu",
        "data_source_type": "OpenStreetMap Public Data"
      }
    },
    {
      "type": "Feature",
      "id": 1466833913,
      "geometry": {
        "type": "Point",
        "coordinates": [
          76.9679442,
          11.0169427
        ]
      },
      "properties": {
        "id": 1466833913,
        "name": "karpagam jewellery",
        "facility_type": "shop",
        "category": "Commercial POI",
        "capacity": 513,
        "district": "Coimbatore",
        "state": "Tamil Nadu",
        "data_source_type": "OpenStreetMap Public Data"
      }
    },
    {
      "type": "Feature",
      "id": 1466917421,
      "geometry": {
        "type": "Point",
        "coordinates": [
          76.9457374,
          11.0492291
        ]
      },
      "properties": {
        "id": 1466917421,
        "name": "Hyundai Service Centre",
        "facility_type": "shop",
        "category": "Commercial POI",
        "capacity": 521,
        "district": "Coimbatore",
        "state": "Tamil Nadu",
        "data_source_type": "OpenStreetMap Public Data"
      }
    },
    {
      "type": "Feature",
      "id": 1466917426,
      "geometry": {
        "type": "Point",
        "coordinates": [
          76.9461953,
          11.0499869
        ]
      },
      "properties": {
        "id": 1466917426,
        "name": "Kongu Car Service",
        "facility_type": "shop",
        "category": "Commercial POI",
        "capacity": 526,
        "district": "Coimbatore",
        "state": "Tamil Nadu",
        "data_source_type": "OpenStreetMap Public Data"
      }
    },
    {
      "type": "Feature",
      "id": 1466917431,
      "geometry": {
        "type": "Point",
        "coordinates": [
          76.9509745,
          11.0318419
        ]
      },
      "properties": {
        "id": 1466917431,
        "name": "Maruti Showroom",
        "facility_type": "shop",
        "category": "Commercial POI",
        "capacity": 531,
        "district": "Coimbatore",
        "state": "Tamil Nadu",
        "data_source_type": "OpenStreetMap Public Data"
      }
    },
    {
      "type": "Feature",
      "id": 1466917438,
      "geometry": {
        "type": "Point",
        "coordinates": [
          76.9503434,
          11.0355732
        ]
      },
      "properties": {
        "id": 1466917438,
        "name": "Volkswagen Coimbatore",
        "facility_type": "shop",
        "category": "Commercial POI",
        "capacity": 538,
        "district": "Coimbatore",
        "state": "Tamil Nadu",
        "data_source_type": "OpenStreetMap Public Data"
      }
    },
    {
      "type": "Feature",
      "id": 1466917439,
      "geometry": {
        "type": "Point",
        "coordinates": [
          76.9517175,
          11.0337824
        ]
      },
      "properties": {
        "id": 1466917439,
        "name": "Womens Medical Centre, Coimbatore",
        "facility_type": "hospital",
        "category": "Healthcare",
        "capacity": 539,
        "district": "Coimbatore",
        "state": "Tamil Nadu",
        "data_source_type": "OpenStreetMap Public Data"
      }
    },
    {
      "type": "Feature",
      "id": 1467928826,
      "geometry": {
        "type": "Point",
        "coordinates": [
          76.9915849,
          10.9979294
        ]
      },
      "properties": {
        "id": 1467928826,
        "name": "Mega Mart",
        "facility_type": "shop",
        "category": "Commercial POI",
        "capacity": 426,
        "district": "Coimbatore",
        "state": "Tamil Nadu",
        "data_source_type": "OpenStreetMap Public Data"
      }
    },
    {
      "type": "Feature",
      "id": 1467928833,
      "geometry": {
        "type": "Point",
        "coordinates": [
          76.9764591,
          10.9990379
        ]
      },
      "properties": {
        "id": 1467928833,
        "name": "Sri Saradambal temple",
        "facility_type": "temple",
        "category": "Religious POI",
        "capacity": 433,
        "district": "Coimbatore",
        "state": "Tamil Nadu",
        "data_source_type": "OpenStreetMap Public Data"
      }
    },
    {
      "type": "Feature",
      "id": 1467928839,
      "geometry": {
        "type": "Point",
        "coordinates": [
          76.9799441,
          10.9997961
        ]
      },
      "properties": {
        "id": 1467928839,
        "name": "Masonic Medical Centre For Children",
        "facility_type": "hospital",
        "category": "Healthcare",
        "capacity": 439,
        "district": "Coimbatore",
        "state": "Tamil Nadu",
        "data_source_type": "OpenStreetMap Public Data"
      }
    },
    {
      "type": "Feature",
      "id": 1467928843,
      "geometry": {
        "type": "Point",
        "coordinates": [
          76.9888812,
          10.9981505
        ]
      },
      "properties": {
        "id": 1467928843,
        "name": "Pretty queen",
        "facility_type": "shop",
        "category": "Commercial POI",
        "capacity": 443,
        "district": "Coimbatore",
        "state": "Tamil Nadu",
        "data_source_type": "OpenStreetMap Public Data"
      }
    },
    {
      "type": "Feature",
      "id": 1467928846,
      "geometry": {
        "type": "Point",
        "coordinates": [
          76.9775409,
          10.9956861
        ]
      },
      "properties": {
        "id": 1467928846,
        "name": "Shri Kannan Departmental Store",
        "facility_type": "shop",
        "category": "Commercial POI",
        "capacity": 446,
        "district": "Coimbatore",
        "state": "Tamil Nadu",
        "data_source_type": "OpenStreetMap Public Data"
      }
    },
    {
      "type": "Feature",
      "id": 1467928849,
      "geometry": {
        "type": "Point",
        "coordinates": [
          76.981296,
          11.0027213
        ]
      },
      "properties": {
        "id": 1467928849,
        "name": "Sri Selva Vinayaka temple",
        "facility_type": "temple",
        "category": "Religious POI",
        "capacity": 449,
        "district": "Coimbatore",
        "state": "Tamil Nadu",
        "data_source_type": "OpenStreetMap Public Data"
      }
    },
    {
      "type": "Feature",
      "id": 1468078948,
      "geometry": {
        "type": "Point",
        "coordinates": [
          76.9376421,
          11.0253397
        ]
      },
      "properties": {
        "id": 1468078948,
        "name": "Reliance Fresh",
        "facility_type": "shop",
        "category": "Commercial POI",
        "capacity": 548,
        "district": "Coimbatore",
        "state": "Tamil Nadu",
        "data_source_type": "OpenStreetMap Public Data"
      }
    },
    {
      "type": "Feature",
      "id": 1468079029,
      "geometry": {
        "type": "Point",
        "coordinates": [
          76.9044758,
          11.0275625
        ]
      },
      "properties": {
        "id": 1468079029,
        "name": "A1 chips and sweets",
        "facility_type": "shop",
        "category": "Commercial POI",
        "capacity": 129,
        "district": "Coimbatore",
        "state": "Tamil Nadu",
        "data_source_type": "OpenStreetMap Public Data"
      }
    },
    {
      "type": "Feature",
      "id": 1468079045,
      "geometry": {
        "type": "Point",
        "coordinates": [
          76.9410332,
          11.0255509
        ]
      },
      "properties": {
        "id": 1468079045,
        "name": "Mega Mart",
        "facility_type": "shop",
        "category": "Commercial POI",
        "capacity": 145,
        "district": "Coimbatore",
        "state": "Tamil Nadu",
        "data_source_type": "OpenStreetMap Public Data"
      }
    },
    {
      "type": "Feature",
      "id": 1468079158,
      "geometry": {
        "type": "Point",
        "coordinates": [
          76.9448591,
          11.0264568
        ]
      },
      "properties": {
        "id": 1468079158,
        "name": "Somu medicals",
        "facility_type": "hospital",
        "category": "Healthcare",
        "capacity": 258,
        "district": "Coimbatore",
        "state": "Tamil Nadu",
        "data_source_type": "OpenStreetMap Public Data"
      }
    },
    {
      "type": "Feature",
      "id": 1468079182,
      "geometry": {
        "type": "Point",
        "coordinates": [
          76.9508511,
          11.0288736
        ]
      },
      "properties": {
        "id": 1468079182,
        "name": "Chandra Honda",
        "facility_type": "shop",
        "category": "Commercial POI",
        "capacity": 282,
        "district": "Coimbatore",
        "state": "Tamil Nadu",
        "data_source_type": "OpenStreetMap Public Data"
      }
    },
    {
      "type": "Feature",
      "id": 1468079184,
      "geometry": {
        "type": "Point",
        "coordinates": [
          76.9443924,
          11.0265516
        ]
      },
      "properties": {
        "id": 1468079184,
        "name": "Akila Medicals",
        "facility_type": "hospital",
        "category": "Healthcare",
        "capacity": 284,
        "district": "Coimbatore",
        "state": "Tamil Nadu",
        "data_source_type": "OpenStreetMap Public Data"
      }
    },
    {
      "type": "Feature",
      "id": 1468079424,
      "geometry": {
        "type": "Point",
        "coordinates": [
          76.9508994,
          11.0284682
        ]
      },
      "properties": {
        "id": 1468079424,
        "name": "Kairali arts and crafts",
        "facility_type": "shop",
        "category": "Commercial POI",
        "capacity": 524,
        "district": "Coimbatore",
        "state": "Tamil Nadu",
        "data_source_type": "OpenStreetMap Public Data"
      }
    },
    {
      "type": "Feature",
      "id": 1468079460,
      "geometry": {
        "type": "Point",
        "coordinates": [
          76.9447303,
          11.0263725
        ]
      },
      "properties": {
        "id": 1468079460,
        "name": "Sri Krishna Sweets",
        "facility_type": "shop",
        "category": "Commercial POI",
        "capacity": 560,
        "district": "Coimbatore",
        "state": "Tamil Nadu",
        "data_source_type": "OpenStreetMap Public Data"
      }
    },
    {
      "type": "Feature",
      "id": 1468079545,
      "geometry": {
        "type": "Point",
        "coordinates": [
          76.9063324,
          11.0263334
        ]
      },
      "properties": {
        "id": 1468079545,
        "name": "Aadhi Cars",
        "facility_type": "shop",
        "category": "Commercial POI",
        "capacity": 145,
        "district": "Coimbatore",
        "state": "Tamil Nadu",
        "data_source_type": "OpenStreetMap Public Data"
      }
    },
    {
      "type": "Feature",
      "id": 1468079553,
      "geometry": {
        "type": "Point",
        "coordinates": [
          76.9372845,
          11.0256249
        ]
      },
      "properties": {
        "id": 1468079553,
        "name": "Dr.U.S.Prakash's Clinic",
        "facility_type": "hospital",
        "category": "Healthcare",
        "capacity": 153,
        "district": "Coimbatore",
        "state": "Tamil Nadu",
        "data_source_type": "OpenStreetMap Public Data"
      }
    },
    {
      "type": "Feature",
      "id": 1468093970,
      "geometry": {
        "type": "Point",
        "coordinates": [
          76.949156,
          11.0002656
        ]
      },
      "properties": {
        "id": 1468093970,
        "name": "TASMAC",
        "facility_type": "shop",
        "category": "Commercial POI",
        "capacity": 570,
        "district": "Coimbatore",
        "state": "Tamil Nadu",
        "data_source_type": "OpenStreetMap Public Data"
      }
    },
    {
      "type": "Feature",
      "id": 1468324392,
      "geometry": {
        "type": "Point",
        "coordinates": [
          76.9961608,
          10.995979
        ]
      },
      "properties": {
        "id": 1468324392,
        "name": "POI 138",
        "facility_type": "temple",
        "category": "Religious POI",
        "capacity": 492,
        "district": "Coimbatore",
        "state": "Tamil Nadu",
        "data_source_type": "OpenStreetMap Public Data"
      }
    },
    {
      "type": "Feature",
      "id": 1468324401,
      "geometry": {
        "type": "Point",
        "coordinates": [
          76.9956529,
          10.9977371
        ]
      },
      "properties": {
        "id": 1468324401,
        "name": "Used cars sales",
        "facility_type": "shop",
        "category": "Commercial POI",
        "capacity": 501,
        "district": "Coimbatore",
        "state": "Tamil Nadu",
        "data_source_type": "OpenStreetMap Public Data"
      }
    },
    {
      "type": "Feature",
      "id": 1468324407,
      "geometry": {
        "type": "Point",
        "coordinates": [
          76.9958156,
          10.9969439
        ]
      },
      "properties": {
        "id": 1468324407,
        "name": "Nila Malaragam",
        "facility_type": "shop",
        "category": "Commercial POI",
        "capacity": 507,
        "district": "Coimbatore",
        "state": "Tamil Nadu",
        "data_source_type": "OpenStreetMap Public Data"
      }
    },
    {
      "type": "Feature",
      "id": 1468324420,
      "geometry": {
        "type": "Point",
        "coordinates": [
          76.9959292,
          10.9969511
        ]
      },
      "properties": {
        "id": 1468324420,
        "name": "Sither Stores",
        "facility_type": "shop",
        "category": "Commercial POI",
        "capacity": 520,
        "district": "Coimbatore",
        "state": "Tamil Nadu",
        "data_source_type": "OpenStreetMap Public Data"
      }
    },
    {
      "type": "Feature",
      "id": 1468324423,
      "geometry": {
        "type": "Point",
        "coordinates": [
          76.9954894,
          10.9974408
        ]
      },
      "properties": {
        "id": 1468324423,
        "name": "Saranya Beauty Parlor",
        "facility_type": "shop",
        "category": "Commercial POI",
        "capacity": 523,
        "district": "Coimbatore",
        "state": "Tamil Nadu",
        "data_source_type": "OpenStreetMap Public Data"
      }
    },
    {
      "type": "Feature",
      "id": 1468324424,
      "geometry": {
        "type": "Point",
        "coordinates": [
          76.9994698,
          10.9974277
        ]
      },
      "properties": {
        "id": 1468324424,
        "name": "Spencer's daily",
        "facility_type": "shop",
        "category": "Commercial POI",
        "capacity": 524,
        "district": "Coimbatore",
        "state": "Tamil Nadu",
        "data_source_type": "OpenStreetMap Public Data"
      }
    },
    {
      "type": "Feature",
      "id": 1468324430,
      "geometry": {
        "type": "Point",
        "coordinates": [
          76.9972542,
          10.9969158
        ]
      },
      "properties": {
        "id": 1468324430,
        "name": "Nellai lala Sweets",
        "facility_type": "shop",
        "category": "Commercial POI",
        "capacity": 530,
        "district": "Coimbatore",
        "state": "Tamil Nadu",
        "data_source_type": "OpenStreetMap Public Data"
      }
    },
    {
      "type": "Feature",
      "id": 1468324436,
      "geometry": {
        "type": "Point",
        "coordinates": [
          76.9940329,
          10.9972817
        ]
      },
      "properties": {
        "id": 1468324436,
        "name": "Fish monger",
        "facility_type": "shop",
        "category": "Commercial POI",
        "capacity": 536,
        "district": "Coimbatore",
        "state": "Tamil Nadu",
        "data_source_type": "OpenStreetMap Public Data"
      }
    },
    {
      "type": "Feature",
      "id": 1468324437,
      "geometry": {
        "type": "Point",
        "coordinates": [
          76.9952716,
          10.9974795
        ]
      },
      "properties": {
        "id": 1468324437,
        "name": "Pazhamudhir Cholai",
        "facility_type": "shop",
        "category": "Commercial POI",
        "capacity": 537,
        "district": "Coimbatore",
        "state": "Tamil Nadu",
        "data_source_type": "OpenStreetMap Public Data"
      }
    },
    {
      "type": "Feature",
      "id": 1468324448,
      "geometry": {
        "type": "Point",
        "coordinates": [
          76.9999043,
          10.9971433
        ]
      },
      "properties": {
        "id": 1468324448,
        "name": "Murugan stores",
        "facility_type": "shop",
        "category": "Commercial POI",
        "capacity": 548,
        "district": "Coimbatore",
        "state": "Tamil Nadu",
        "data_source_type": "OpenStreetMap Public Data"
      }
    },
    {
      "type": "Feature",
      "id": 1468324450,
      "geometry": {
        "type": "Point",
        "coordinates": [
          76.9960835,
          10.9966865
        ]
      },
      "properties": {
        "id": 1468324450,
        "name": "Reebok",
        "facility_type": "shop",
        "category": "Commercial POI",
        "capacity": 550,
        "district": "Coimbatore",
        "state": "Tamil Nadu",
        "data_source_type": "OpenStreetMap Public Data"
      }
    },
    {
      "type": "Feature",
      "id": 1468324451,
      "geometry": {
        "type": "Point",
        "coordinates": [
          77.001191,
          10.9969136
        ]
      },
      "properties": {
        "id": 1468324451,
        "name": "Krishna Pazhamudir Nilayam",
        "facility_type": "shop",
        "category": "Commercial POI",
        "capacity": 551,
        "district": "Coimbatore",
        "state": "Tamil Nadu",
        "data_source_type": "OpenStreetMap Public Data"
      }
    },
    {
      "type": "Feature",
      "id": 1468324462,
      "geometry": {
        "type": "Point",
        "coordinates": [
          76.9960634,
          10.9963218
        ]
      },
      "properties": {
        "id": 1468324462,
        "name": "Reliance Fresh",
        "facility_type": "shop",
        "category": "Commercial POI",
        "capacity": 562,
        "district": "Coimbatore",
        "state": "Tamil Nadu",
        "data_source_type": "OpenStreetMap Public Data"
      }
    },
    {
      "type": "Feature",
      "id": 1469101395,
      "geometry": {
        "type": "Point",
        "coordinates": [
          76.997422,
          11.0825506
        ]
      },
      "properties": {
        "id": 1469101395,
        "name": "KG Eye Hospital",
        "facility_type": "hospital",
        "category": "Healthcare",
        "capacity": 495,
        "district": "Coimbatore",
        "state": "Tamil Nadu",
        "data_source_type": "OpenStreetMap Public Data"
      }
    },
    {
      "type": "Feature",
      "id": 1469135381,
      "geometry": {
        "type": "Point",
        "coordinates": [
          76.9900218,
          11.0806736
        ]
      },
      "properties": {
        "id": 1469135381,
        "name": "Ganesh Temple",
        "facility_type": "temple",
        "category": "Religious POI",
        "capacity": 481,
        "district": "Coimbatore",
        "state": "Tamil Nadu",
        "data_source_type": "OpenStreetMap Public Data"
      }
    },
    {
      "type": "Feature",
      "id": 1469149130,
      "geometry": {
        "type": "Point",
        "coordinates": [
          76.9856071,
          11.0441103
        ]
      },
      "properties": {
        "id": 1469149130,
        "name": "Shree Siva Hospital, Ganapathy,",
        "facility_type": "hospital",
        "category": "Healthcare",
        "capacity": 230,
        "district": "Coimbatore",
        "state": "Tamil Nadu",
        "data_source_type": "OpenStreetMap Public Data"
      }
    },
    {
      "type": "Feature",
      "id": 1469149959,
      "geometry": {
        "type": "Point",
        "coordinates": [
          76.998578,
          11.0829794
        ]
      },
      "properties": {
        "id": 1469149959,
        "name": "SeaSkills Maritime Academy",
        "facility_type": "school",
        "category": "Education",
        "capacity": 559,
        "district": "Coimbatore",
        "state": "Tamil Nadu",
        "data_source_type": "OpenStreetMap Public Data"
      }
    },
    {
      "type": "Feature",
      "id": 1469156895,
      "geometry": {
        "type": "Point",
        "coordinates": [
          76.9417185,
          11.0804041
        ]
      },
      "properties": {
        "id": 1469156895,
        "name": "Krishna Bakery",
        "facility_type": "shop",
        "category": "Commercial POI",
        "capacity": 495,
        "district": "Coimbatore",
        "state": "Tamil Nadu",
        "data_source_type": "OpenStreetMap Public Data"
      }
    },
    {
      "type": "Feature",
      "id": 1469158143,
      "geometry": {
        "type": "Point",
        "coordinates": [
          76.9393468,
          11.0846482
        ]
      },
      "properties": {
        "id": 1469158143,
        "name": "POI 156",
        "facility_type": "temple",
        "category": "Religious POI",
        "capacity": 243,
        "district": "Coimbatore",
        "state": "Tamil Nadu",
        "data_source_type": "OpenStreetMap Public Data"
      }
    },
    {
      "type": "Feature",
      "id": 1469158990,
      "geometry": {
        "type": "Point",
        "coordinates": [
          76.9355219,
          11.1147087
        ]
      },
      "properties": {
        "id": 1469158990,
        "name": "Ganesh Temple",
        "facility_type": "temple",
        "category": "Religious POI",
        "capacity": 590,
        "district": "Coimbatore",
        "state": "Tamil Nadu",
        "data_source_type": "OpenStreetMap Public Data"
      }
    },
    {
      "type": "Feature",
      "id": 1470399498,
      "geometry": {
        "type": "Point",
        "coordinates": [
          76.9713472,
          10.9994514
        ]
      },
      "properties": {
        "id": 1470399498,
        "name": "POI 158",
        "facility_type": "shop",
        "category": "Commercial POI",
        "capacity": 598,
        "district": "Coimbatore",
        "state": "Tamil Nadu",
        "data_source_type": "OpenStreetMap Public Data"
      }
    },
    {
      "type": "Feature",
      "id": 1470399506,
      "geometry": {
        "type": "Point",
        "coordinates": [
          76.9710254,
          10.9983403
        ]
      },
      "properties": {
        "id": 1470399506,
        "name": "Cheran Towers",
        "facility_type": "shop",
        "category": "Commercial POI",
        "capacity": 106,
        "district": "Coimbatore",
        "state": "Tamil Nadu",
        "data_source_type": "OpenStreetMap Public Data"
      }
    },
    {
      "type": "Feature",
      "id": 1470427876,
      "geometry": {
        "type": "Point",
        "coordinates": [
          76.9755368,
          11.0032402
        ]
      },
      "properties": {
        "id": 1470427876,
        "name": "POI 160",
        "facility_type": "shop",
        "category": "Commercial POI",
        "capacity": 476,
        "district": "Coimbatore",
        "state": "Tamil Nadu",
        "data_source_type": "OpenStreetMap Public Data"
      }
    },
    {
      "type": "Feature",
      "id": 1470427881,
      "geometry": {
        "type": "Point",
        "coordinates": [
          76.9753786,
          11.003227
        ]
      },
      "properties": {
        "id": 1470427881,
        "name": "POI 161",
        "facility_type": "shop",
        "category": "Commercial POI",
        "capacity": 481,
        "district": "Coimbatore",
        "state": "Tamil Nadu",
        "data_source_type": "OpenStreetMap Public Data"
      }
    },
    {
      "type": "Feature",
      "id": 1470432052,
      "geometry": {
        "type": "Point",
        "coordinates": [
          76.982127,
          11.0033929
        ]
      },
      "properties": {
        "id": 1470432052,
        "name": "POI 162",
        "facility_type": "shop",
        "category": "Commercial POI",
        "capacity": 152,
        "district": "Coimbatore",
        "state": "Tamil Nadu",
        "data_source_type": "OpenStreetMap Public Data"
      }
    },
    {
      "type": "Feature",
      "id": 1470432053,
      "geometry": {
        "type": "Point",
        "coordinates": [
          76.9804104,
          10.9991855
        ]
      },
      "properties": {
        "id": 1470432053,
        "name": "Tafe Access Limited",
        "facility_type": "shop",
        "category": "Commercial POI",
        "capacity": 153,
        "district": "Coimbatore",
        "state": "Tamil Nadu",
        "data_source_type": "OpenStreetMap Public Data"
      }
    },
    {
      "type": "Feature",
      "id": 1470432055,
      "geometry": {
        "type": "Point",
        "coordinates": [
          76.9713177,
          11.001692
        ]
      },
      "properties": {
        "id": 1470432055,
        "name": "C2- Race Course Police Station, Coimbatore",
        "facility_type": "office",
        "category": "Company",
        "capacity": 155,
        "district": "Coimbatore",
        "state": "Tamil Nadu",
        "data_source_type": "OpenStreetMap Public Data"
      }
    },
    {
      "type": "Feature",
      "id": 1470545645,
      "geometry": {
        "type": "Point",
        "coordinates": [
          76.9528836,
          11.0500591
        ]
      },
      "properties": {
        "id": 1470545645,
        "name": "Amrita Vidhyalayam (Matriculation)",
        "facility_type": "school",
        "category": "Education",
        "capacity": 245,
        "district": "Coimbatore",
        "state": "Tamil Nadu",
        "data_source_type": "OpenStreetMap Public Data"
      }
    },
    {
      "type": "Feature",
      "id": 1470545651,
      "geometry": {
        "type": "Point",
        "coordinates": [
          76.9514805,
          11.0328479
        ]
      },
      "properties": {
        "id": 1470545651,
        "name": "Autozone - TATA Authorised Service Centre",
        "facility_type": "shop",
        "category": "Commercial POI",
        "capacity": 251,
        "district": "Coimbatore",
        "state": "Tamil Nadu",
        "data_source_type": "OpenStreetMap Public Data"
      }
    },
    {
      "type": "Feature",
      "id": 1470545666,
      "geometry": {
        "type": "Point",
        "coordinates": [
          76.9508925,
          11.032135
        ]
      },
      "properties": {
        "id": 1470545666,
        "name": "Lotus Agency",
        "facility_type": "shop",
        "category": "Commercial POI",
        "capacity": 266,
        "district": "Coimbatore",
        "state": "Tamil Nadu",
        "data_source_type": "OpenStreetMap Public Data"
      }
    },
    {
      "type": "Feature",
      "id": 1470545671,
      "geometry": {
        "type": "Point",
        "coordinates": [
          76.9463258,
          11.048063
        ]
      },
      "properties": {
        "id": 1470545671,
        "name": "Ramasamy Matriculation School",
        "facility_type": "school",
        "category": "Education",
        "capacity": 271,
        "district": "Coimbatore",
        "state": "Tamil Nadu",
        "data_source_type": "OpenStreetMap Public Data"
      }
    },
    {
      "type": "Feature",
      "id": 1470738328,
      "geometry": {
        "type": "Point",
        "coordinates": [
          76.9169992,
          11.0661062
        ]
      },
      "properties": {
        "id": 1470738328,
        "name": "Yuvabharathi CBSE School",
        "facility_type": "school",
        "category": "Education",
        "capacity": 428,
        "district": "Coimbatore",
        "state": "Tamil Nadu",
        "data_source_type": "OpenStreetMap Public Data"
      }
    },
    {
      "type": "Feature",
      "id": 1470908274,
      "geometry": {
        "type": "Point",
        "coordinates": [
          76.9603086,
          11.2426017
        ]
      },
      "properties": {
        "id": 1470908274,
        "name": "Karamadai Aranganathar Temple",
        "facility_type": "temple",
        "category": "Religious POI",
        "capacity": 374,
        "district": "Coimbatore",
        "state": "Tamil Nadu",
        "data_source_type": "OpenStreetMap Public Data"
      }
    },
    {
      "type": "Feature",
      "id": 1470909186,
      "geometry": {
        "type": "Point",
        "coordinates": [
          76.9592733,
          11.2417152
        ]
      },
      "properties": {
        "id": 1470909186,
        "name": "Ayyappan Temple",
        "facility_type": "temple",
        "category": "Religious POI",
        "capacity": 286,
        "district": "Coimbatore",
        "state": "Tamil Nadu",
        "data_source_type": "OpenStreetMap Public Data"
      }
    },
    {
      "type": "Feature",
      "id": 1470920876,
      "geometry": {
        "type": "Point",
        "coordinates": [
          76.9649569,
          11.2030327
        ]
      },
      "properties": {
        "id": 1470920876,
        "name": "Madhampalayam Vinayagar Temple",
        "facility_type": "temple",
        "category": "Religious POI",
        "capacity": 476,
        "district": "Coimbatore",
        "state": "Tamil Nadu",
        "data_source_type": "OpenStreetMap Public Data"
      }
    },
    {
      "type": "Feature",
      "id": 1470925272,
      "geometry": {
        "type": "Point",
        "coordinates": [
          76.9582943,
          11.1828988
        ]
      },
      "properties": {
        "id": 1470925272,
        "name": "Thambu Higher Secondary School",
        "facility_type": "school",
        "category": "Education",
        "capacity": 372,
        "district": "Coimbatore",
        "state": "Tamil Nadu",
        "data_source_type": "OpenStreetMap Public Data"
      }
    },
    {
      "type": "Feature",
      "id": 1470940655,
      "geometry": {
        "type": "Point",
        "coordinates": [
          76.9451191,
          11.1572269
        ]
      },
      "properties": {
        "id": 1470940655,
        "name": "Chockalingeswarar Temple",
        "facility_type": "temple",
        "category": "Religious POI",
        "capacity": 255,
        "district": "Coimbatore",
        "state": "Tamil Nadu",
        "data_source_type": "OpenStreetMap Public Data"
      }
    },
    {
      "type": "Feature",
      "id": 1470942537,
      "geometry": {
        "type": "Point",
        "coordinates": [
          76.944041,
          11.1564875
        ]
      },
      "properties": {
        "id": 1470942537,
        "name": "K.R. Hospital",
        "facility_type": "hospital",
        "category": "Healthcare",
        "capacity": 137,
        "district": "Coimbatore",
        "state": "Tamil Nadu",
        "data_source_type": "OpenStreetMap Public Data"
      }
    },
    {
      "type": "Feature",
      "id": 1470949015,
      "geometry": {
        "type": "Point",
        "coordinates": [
          76.9434564,
          11.1481087
        ]
      },
      "properties": {
        "id": 1470949015,
        "name": "Swami Shivanandha High School",
        "facility_type": "school",
        "category": "Education",
        "capacity": 115,
        "district": "Coimbatore",
        "state": "Tamil Nadu",
        "data_source_type": "OpenStreetMap Public Data"
      }
    },
    {
      "type": "Feature",
      "id": 1470953869,
      "geometry": {
        "type": "Point",
        "coordinates": [
          76.9351656,
          11.1293552
        ]
      },
      "properties": {
        "id": 1470953869,
        "name": "Kalpaviruksha Ayurvedic Hospital",
        "facility_type": "hospital",
        "category": "Healthcare",
        "capacity": 469,
        "district": "Coimbatore",
        "state": "Tamil Nadu",
        "data_source_type": "OpenStreetMap Public Data"
      }
    },
    {
      "type": "Feature",
      "id": 1471781749,
      "geometry": {
        "type": "Point",
        "coordinates": [
          76.9664348,
          11.0172896
        ]
      },
      "properties": {
        "id": 1471781749,
        "name": "Leelas",
        "facility_type": "shop",
        "category": "Commercial POI",
        "capacity": 349,
        "district": "Coimbatore",
        "state": "Tamil Nadu",
        "data_source_type": "OpenStreetMap Public Data"
      }
    },
    {
      "type": "Feature",
      "id": 1471790247,
      "geometry": {
        "type": "Point",
        "coordinates": [
          76.9658182,
          11.0173107
        ]
      },
      "properties": {
        "id": 1471790247,
        "name": "sridevi",
        "facility_type": "shop",
        "category": "Commercial POI",
        "capacity": 347,
        "district": "Coimbatore",
        "state": "Tamil Nadu",
        "data_source_type": "OpenStreetMap Public Data"
      }
    },
    {
      "type": "Feature",
      "id": 1471790281,
      "geometry": {
        "type": "Point",
        "coordinates": [
          76.96441,
          11.0172073
        ]
      },
      "properties": {
        "id": 1471790281,
        "name": "PSR",
        "facility_type": "shop",
        "category": "Commercial POI",
        "capacity": 381,
        "district": "Coimbatore",
        "state": "Tamil Nadu",
        "data_source_type": "OpenStreetMap Public Data"
      }
    },
    {
      "type": "Feature",
      "id": 1471790402,
      "geometry": {
        "type": "Point",
        "coordinates": [
          76.9652753,
          11.0170325
        ]
      },
      "properties": {
        "id": 1471790402,
        "name": "Lakshmi jewellery",
        "facility_type": "shop",
        "category": "Commercial POI",
        "capacity": 502,
        "district": "Coimbatore",
        "state": "Tamil Nadu",
        "data_source_type": "OpenStreetMap Public Data"
      }
    },
    {
      "type": "Feature",
      "id": 1471790530,
      "geometry": {
        "type": "Point",
        "coordinates": [
          76.9651669,
          11.0170304
        ]
      },
      "properties": {
        "id": 1471790530,
        "name": "selva gold covering",
        "facility_type": "shop",
        "category": "Commercial POI",
        "capacity": 130,
        "district": "Coimbatore",
        "state": "Tamil Nadu",
        "data_source_type": "OpenStreetMap Public Data"
      }
    },
    {
      "type": "Feature",
      "id": 1471791253,
      "geometry": {
        "type": "Point",
        "coordinates": [
          76.9605557,
          11.0193222
        ]
      },
      "properties": {
        "id": 1471791253,
        "name": "PSR new showroom",
        "facility_type": "shop",
        "category": "Commercial POI",
        "capacity": 353,
        "district": "Coimbatore",
        "state": "Tamil Nadu",
        "data_source_type": "OpenStreetMap Public Data"
      }
    },
    {
      "type": "Feature",
      "id": 1471792349,
      "geometry": {
        "type": "Point",
        "coordinates": [
          76.9604519,
          11.0173144
        ]
      },
      "properties": {
        "id": 1471792349,
        "name": "shobika",
        "facility_type": "shop",
        "category": "Commercial POI",
        "capacity": 449,
        "district": "Coimbatore",
        "state": "Tamil Nadu",
        "data_source_type": "OpenStreetMap Public Data"
      }
    },
    {
      "type": "Feature",
      "id": 1471854713,
      "geometry": {
        "type": "Point",
        "coordinates": [
          76.9515967,
          11.0266348
        ]
      },
      "properties": {
        "id": 1471854713,
        "name": "C-3 Saibaba Colony Police Station",
        "facility_type": "office",
        "category": "Company",
        "capacity": 313,
        "district": "Coimbatore",
        "state": "Tamil Nadu",
        "data_source_type": "OpenStreetMap Public Data"
      }
    },
    {
      "type": "Feature",
      "id": 1471862691,
      "geometry": {
        "type": "Point",
        "coordinates": [
          76.9515029,
          11.0225375
        ]
      },
      "properties": {
        "id": 1471862691,
        "name": "Avinashilingam Vocational Training Institute",
        "facility_type": "school",
        "category": "Education",
        "capacity": 291,
        "district": "Coimbatore",
        "state": "Tamil Nadu",
        "data_source_type": "OpenStreetMap Public Data"
      }
    },
    {
      "type": "Feature",
      "id": 1471863353,
      "geometry": {
        "type": "Point",
        "coordinates": [
          76.9578674,
          11.017993
        ]
      },
      "properties": {
        "id": 1471863353,
        "name": "Mar Thomas Syrian Church",
        "facility_type": "temple",
        "category": "Religious POI",
        "capacity": 453,
        "district": "Coimbatore",
        "state": "Tamil Nadu",
        "data_source_type": "OpenStreetMap Public Data"
      }
    },
    {
      "type": "Feature",
      "id": 1472189593,
      "geometry": {
        "type": "Point",
        "coordinates": [
          76.9767729,
          11.0244052
        ]
      },
      "properties": {
        "id": 1472189593,
        "name": "Ramakrishna Institute of Pharamedical Sciences",
        "facility_type": "school",
        "category": "Education",
        "capacity": 193,
        "district": "Coimbatore",
        "state": "Tamil Nadu",
        "data_source_type": "OpenStreetMap Public Data"
      }
    },
    {
      "type": "Feature",
      "id": 1472189838,
      "geometry": {
        "type": "Point",
        "coordinates": [
          76.9762204,
          11.0243971
        ]
      },
      "properties": {
        "id": 1472189838,
        "name": "College of Pharamacy",
        "facility_type": "school",
        "category": "Education",
        "capacity": 438,
        "district": "Coimbatore",
        "state": "Tamil Nadu",
        "data_source_type": "OpenStreetMap Public Data"
      }
    },
    {
      "type": "Feature",
      "id": 1472192499,
      "geometry": {
        "type": "Point",
        "coordinates": [
          76.9726262,
          11.0254581
        ]
      },
      "properties": {
        "id": 1472192499,
        "name": "Sai Shraddha Hospitality",
        "facility_type": "hospital",
        "category": "Healthcare",
        "capacity": 599,
        "district": "Coimbatore",
        "state": "Tamil Nadu",
        "data_source_type": "OpenStreetMap Public Data"
      }
    },
    {
      "type": "Feature",
      "id": 1472205012,
      "geometry": {
        "type": "Point",
        "coordinates": [
          76.9609421,
          11.0129282
        ]
      },
      "properties": {
        "id": 1472205012,
        "name": "Suburban Higher Secondary School",
        "facility_type": "school",
        "category": "Education",
        "capacity": 112,
        "district": "Coimbatore",
        "state": "Tamil Nadu",
        "data_source_type": "OpenStreetMap Public Data"
      }
    },
    {
      "type": "Feature",
      "id": 1472205751,
      "geometry": {
        "type": "Point",
        "coordinates": [
          76.958268,
          11.0154056
        ]
      },
      "properties": {
        "id": 1472205751,
        "name": "North Coimbatore Corporation Higher Secondary School",
        "facility_type": "school",
        "category": "Education",
        "capacity": 351,
        "district": "Coimbatore",
        "state": "Tamil Nadu",
        "data_source_type": "OpenStreetMap Public Data"
      }
    },
    {
      "type": "Feature",
      "id": 1472211166,
      "geometry": {
        "type": "Point",
        "coordinates": [
          76.9436875,
          11.0145684
        ]
      },
      "properties": {
        "id": 1472211166,
        "name": "Murugan Temple",
        "facility_type": "temple",
        "category": "Religious POI",
        "capacity": 266,
        "district": "Coimbatore",
        "state": "Tamil Nadu",
        "data_source_type": "OpenStreetMap Public Data"
      }
    },
    {
      "type": "Feature",
      "id": 1472211318,
      "geometry": {
        "type": "Point",
        "coordinates": [
          76.9437894,
          11.0144183
        ]
      },
      "properties": {
        "id": 1472211318,
        "name": "Vega ENT Hospitals",
        "facility_type": "hospital",
        "category": "Healthcare",
        "capacity": 418,
        "district": "Coimbatore",
        "state": "Tamil Nadu",
        "data_source_type": "OpenStreetMap Public Data"
      }
    },
    {
      "type": "Feature",
      "id": 1472211741,
      "geometry": {
        "type": "Point",
        "coordinates": [
          76.9449521,
          11.0142906
        ]
      },
      "properties": {
        "id": 1472211741,
        "name": "Sitalakshmi Hospital",
        "facility_type": "hospital",
        "category": "Healthcare",
        "capacity": 341,
        "district": "Coimbatore",
        "state": "Tamil Nadu",
        "data_source_type": "OpenStreetMap Public Data"
      }
    },
    {
      "type": "Feature",
      "id": 1472212062,
      "geometry": {
        "type": "Point",
        "coordinates": [
          76.9475002,
          11.0147975
        ]
      },
      "properties": {
        "id": 1472212062,
        "name": "Manonmani Hospital",
        "facility_type": "hospital",
        "category": "Healthcare",
        "capacity": 162,
        "district": "Coimbatore",
        "state": "Tamil Nadu",
        "data_source_type": "OpenStreetMap Public Data"
      }
    },
    {
      "type": "Feature",
      "id": 1472212557,
      "geometry": {
        "type": "Point",
        "coordinates": [
          76.9487649,
          11.0148238
        ]
      },
      "properties": {
        "id": 1472212557,
        "name": "Balaji Nursing Home",
        "facility_type": "hospital",
        "category": "Healthcare",
        "capacity": 157,
        "district": "Coimbatore",
        "state": "Tamil Nadu",
        "data_source_type": "OpenStreetMap Public Data"
      }
    },
    {
      "type": "Feature",
      "id": 1472215145,
      "geometry": {
        "type": "Point",
        "coordinates": [
          76.9498136,
          11.0152003
        ]
      },
      "properties": {
        "id": 1472215145,
        "name": "Preetam's Cardio Care",
        "facility_type": "hospital",
        "category": "Healthcare",
        "capacity": 245,
        "district": "Coimbatore",
        "state": "Tamil Nadu",
        "data_source_type": "OpenStreetMap Public Data"
      }
    },
    {
      "type": "Feature",
      "id": 1472215560,
      "geometry": {
        "type": "Point",
        "coordinates": [
          76.9519379,
          11.0152582
        ]
      },
      "properties": {
        "id": 1472215560,
        "name": "Kumaran Clinic",
        "facility_type": "hospital",
        "category": "Healthcare",
        "capacity": 160,
        "district": "Coimbatore",
        "state": "Tamil Nadu",
        "data_source_type": "OpenStreetMap Public Data"
      }
    },
    {
      "type": "Feature",
      "id": 1472216492,
      "geometry": {
        "type": "Point",
        "coordinates": [
          76.9503693,
          11.0095879
        ]
      },
      "properties": {
        "id": 1472216492,
        "name": "Brocade",
        "facility_type": "shop",
        "category": "Commercial POI",
        "capacity": 592,
        "district": "Coimbatore",
        "state": "Tamil Nadu",
        "data_source_type": "OpenStreetMap Public Data"
      }
    },
    {
      "type": "Feature",
      "id": 1472216493,
      "geometry": {
        "type": "Point",
        "coordinates": [
          76.9501269,
          11.0099817
        ]
      },
      "properties": {
        "id": 1472216493,
        "name": "DanielHechter",
        "facility_type": "shop",
        "category": "Commercial POI",
        "capacity": 593,
        "district": "Coimbatore",
        "state": "Tamil Nadu",
        "data_source_type": "OpenStreetMap Public Data"
      }
    },
    {
      "type": "Feature",
      "id": 1472216494,
      "geometry": {
        "type": "Point",
        "coordinates": [
          76.9503052,
          11.0100389
        ]
      },
      "properties": {
        "id": 1472216494,
        "name": "Crocodile",
        "facility_type": "shop",
        "category": "Commercial POI",
        "capacity": 594,
        "district": "Coimbatore",
        "state": "Tamil Nadu",
        "data_source_type": "OpenStreetMap Public Data"
      }
    },
    {
      "type": "Feature",
      "id": 1472230495,
      "geometry": {
        "type": "Point",
        "coordinates": [
          76.9505028,
          11.0091583
        ]
      },
      "properties": {
        "id": 1472230495,
        "name": "P. & R.R. Sons - Multi Brand Watch Outlet",
        "facility_type": "shop",
        "category": "Commercial POI",
        "capacity": 595,
        "district": "Coimbatore",
        "state": "Tamil Nadu",
        "data_source_type": "OpenStreetMap Public Data"
      }
    },
    {
      "type": "Feature",
      "id": 1472230499,
      "geometry": {
        "type": "Point",
        "coordinates": [
          76.951028,
          11.0090551
        ]
      },
      "properties": {
        "id": 1472230499,
        "name": "CATMOSS",
        "facility_type": "shop",
        "category": "Commercial POI",
        "capacity": 599,
        "district": "Coimbatore",
        "state": "Tamil Nadu",
        "data_source_type": "OpenStreetMap Public Data"
      }
    },
    {
      "type": "Feature",
      "id": 1472230500,
      "geometry": {
        "type": "Point",
        "coordinates": [
          76.9510283,
          11.0087816
        ]
      },
      "properties": {
        "id": 1472230500,
        "name": "Metro",
        "facility_type": "shop",
        "category": "Commercial POI",
        "capacity": 100,
        "district": "Coimbatore",
        "state": "Tamil Nadu",
        "data_source_type": "OpenStreetMap Public Data"
      }
    },
    {
      "type": "Feature",
      "id": 1472230510,
      "geometry": {
        "type": "Point",
        "coordinates": [
          76.9508404,
          11.0089248
        ]
      },
      "properties": {
        "id": 1472230510,
        "name": "Bombay Dyeing",
        "facility_type": "shop",
        "category": "Commercial POI",
        "capacity": 110,
        "district": "Coimbatore",
        "state": "Tamil Nadu",
        "data_source_type": "OpenStreetMap Public Data"
      }
    },
    {
      "type": "Feature",
      "id": 1472230513,
      "geometry": {
        "type": "Point",
        "coordinates": [
          76.9507267,
          11.0080002
        ]
      },
      "properties": {
        "id": 1472230513,
        "name": "Woodland",
        "facility_type": "shop",
        "category": "Commercial POI",
        "capacity": 113,
        "district": "Coimbatore",
        "state": "Tamil Nadu",
        "data_source_type": "OpenStreetMap Public Data"
      }
    },
    {
      "type": "Feature",
      "id": 1472230514,
      "geometry": {
        "type": "Point",
        "coordinates": [
          76.9505426,
          11.0090278
        ]
      },
      "properties": {
        "id": 1472230514,
        "name": "Titan World",
        "facility_type": "shop",
        "category": "Commercial POI",
        "capacity": 114,
        "district": "Coimbatore",
        "state": "Tamil Nadu",
        "data_source_type": "OpenStreetMap Public Data"
      }
    },
    {
      "type": "Feature",
      "id": 1472230522,
      "geometry": {
        "type": "Point",
        "coordinates": [
          76.9503293,
          11.0097731
        ]
      },
      "properties": {
        "id": 1472230522,
        "name": "Rasi Hospital",
        "facility_type": "hospital",
        "category": "Healthcare",
        "capacity": 122,
        "district": "Coimbatore",
        "state": "Tamil Nadu",
        "data_source_type": "OpenStreetMap Public Data"
      }
    },
    {
      "type": "Feature",
      "id": 1472230524,
      "geometry": {
        "type": "Point",
        "coordinates": [
          76.9510389,
          11.0085602
        ]
      },
      "properties": {
        "id": 1472230524,
        "name": "Aroma bakery",
        "facility_type": "shop",
        "category": "Commercial POI",
        "capacity": 124,
        "district": "Coimbatore",
        "state": "Tamil Nadu",
        "data_source_type": "OpenStreetMap Public Data"
      }
    },
    {
      "type": "Feature",
      "id": 1472230527,
      "geometry": {
        "type": "Point",
        "coordinates": [
          76.9504929,
          11.0087727
        ]
      },
      "properties": {
        "id": 1472230527,
        "name": "Ayyar & Co Pure Veg Bakery & Cake Shop",
        "facility_type": "shop",
        "category": "Commercial POI",
        "capacity": 127,
        "district": "Coimbatore",
        "state": "Tamil Nadu",
        "data_source_type": "OpenStreetMap Public Data"
      }
    },
    {
      "type": "Feature",
      "id": 1472230531,
      "geometry": {
        "type": "Point",
        "coordinates": [
          76.9502917,
          11.0089111
        ]
      },
      "properties": {
        "id": 1472230531,
        "name": "SKC-Sri Krishna Collection cloth store",
        "facility_type": "shop",
        "category": "Commercial POI",
        "capacity": 131,
        "district": "Coimbatore",
        "state": "Tamil Nadu",
        "data_source_type": "OpenStreetMap Public Data"
      }
    },
    {
      "type": "Feature",
      "id": 1472230537,
      "geometry": {
        "type": "Point",
        "coordinates": [
          76.9507983,
          11.0093535
        ]
      },
      "properties": {
        "id": 1472230537,
        "name": "Tanishq",
        "facility_type": "shop",
        "category": "Commercial POI",
        "capacity": 137,
        "district": "Coimbatore",
        "state": "Tamil Nadu",
        "data_source_type": "OpenStreetMap Public Data"
      }
    },
    {
      "type": "Feature",
      "id": 1472230540,
      "geometry": {
        "type": "Point",
        "coordinates": [
          76.9506846,
          11.0097345
        ]
      },
      "properties": {
        "id": 1472230540,
        "name": "Aroma Bakery",
        "facility_type": "shop",
        "category": "Commercial POI",
        "capacity": 140,
        "district": "Coimbatore",
        "state": "Tamil Nadu",
        "data_source_type": "OpenStreetMap Public Data"
      }
    },
    {
      "type": "Feature",
      "id": 1472231431,
      "geometry": {
        "type": "Point",
        "coordinates": [
          76.9508844,
          11.0084988
        ]
      },
      "properties": {
        "id": 1472231431,
        "name": "BASICS LIFE",
        "facility_type": "shop",
        "category": "Commercial POI",
        "capacity": 531,
        "district": "Coimbatore",
        "state": "Tamil Nadu",
        "data_source_type": "OpenStreetMap Public Data"
      }
    },
    {
      "type": "Feature",
      "id": 1472237759,
      "geometry": {
        "type": "Point",
        "coordinates": [
          76.9509568,
          11.0078372
        ]
      },
      "properties": {
        "id": 1472237759,
        "name": "VANDHANA",
        "facility_type": "shop",
        "category": "Commercial POI",
        "capacity": 359,
        "district": "Coimbatore",
        "state": "Tamil Nadu",
        "data_source_type": "OpenStreetMap Public Data"
      }
    },
    {
      "type": "Feature",
      "id": 1472237760,
      "geometry": {
        "type": "Point",
        "coordinates": [
          76.9509759,
          11.0075826
        ]
      },
      "properties": {
        "id": 1472237760,
        "name": "BRIGHT FOOTWEAR",
        "facility_type": "shop",
        "category": "Commercial POI",
        "capacity": 360,
        "district": "Coimbatore",
        "state": "Tamil Nadu",
        "data_source_type": "OpenStreetMap Public Data"
      }
    },
    {
      "type": "Feature",
      "id": 1472237761,
      "geometry": {
        "type": "Point",
        "coordinates": [
          76.9511418,
          11.0081881
        ]
      },
      "properties": {
        "id": 1472237761,
        "name": "INDIGO NATION",
        "facility_type": "shop",
        "category": "Commercial POI",
        "capacity": 361,
        "district": "Coimbatore",
        "state": "Tamil Nadu",
        "data_source_type": "OpenStreetMap Public Data"
      }
    },
    {
      "type": "Feature",
      "id": 1472237762,
      "geometry": {
        "type": "Point",
        "coordinates": [
          76.9507503,
          11.0070824
        ]
      },
      "properties": {
        "id": 1472237762,
        "name": "ZIMSON-watch showroom",
        "facility_type": "shop",
        "category": "Commercial POI",
        "capacity": 362,
        "district": "Coimbatore",
        "state": "Tamil Nadu",
        "data_source_type": "OpenStreetMap Public Data"
      }
    },
    {
      "type": "Feature",
      "id": 1472237763,
      "geometry": {
        "type": "Point",
        "coordinates": [
          76.9505732,
          11.007214
        ]
      },
      "properties": {
        "id": 1472237763,
        "name": "WALK-A-WAY-footwears",
        "facility_type": "shop",
        "category": "Commercial POI",
        "capacity": 363,
        "district": "Coimbatore",
        "state": "Tamil Nadu",
        "data_source_type": "OpenStreetMap Public Data"
      }
    },
    {
      "type": "Feature",
      "id": 1472237764,
      "geometry": {
        "type": "Point",
        "coordinates": [
          76.9511901,
          11.0079406
        ]
      },
      "properties": {
        "id": 1472237764,
        "name": "JOHN PLAYERS",
        "facility_type": "shop",
        "category": "Commercial POI",
        "capacity": 364,
        "district": "Coimbatore",
        "state": "Tamil Nadu",
        "data_source_type": "OpenStreetMap Public Data"
      }
    },
    {
      "type": "Feature",
      "id": 1472237765,
      "geometry": {
        "type": "Point",
        "coordinates": [
          76.9507503,
          11.007372
        ]
      },
      "properties": {
        "id": 1472237765,
        "name": "K.R.S BAKERY",
        "facility_type": "shop",
        "category": "Commercial POI",
        "capacity": 365,
        "district": "Coimbatore",
        "state": "Tamil Nadu",
        "data_source_type": "OpenStreetMap Public Data"
      }
    },
    {
      "type": "Feature",
      "id": 1472237768,
      "geometry": {
        "type": "Point",
        "coordinates": [
          76.950938,
          11.0080723
        ]
      },
      "properties": {
        "id": 1472237768,
        "name": "MILOU",
        "facility_type": "shop",
        "category": "Commercial POI",
        "capacity": 368,
        "district": "Coimbatore",
        "state": "Tamil Nadu",
        "data_source_type": "OpenStreetMap Public Data"
      }
    },
    {
      "type": "Feature",
      "id": 1472237770,
      "geometry": {
        "type": "Point",
        "coordinates": [
          76.950922,
          11.0082829
        ]
      },
      "properties": {
        "id": 1472237770,
        "name": "LENS AND FRAMES",
        "facility_type": "shop",
        "category": "Commercial POI",
        "capacity": 370,
        "district": "Coimbatore",
        "state": "Tamil Nadu",
        "data_source_type": "OpenStreetMap Public Data"
      }
    },
    {
      "type": "Feature",
      "id": 1472617902,
      "geometry": {
        "type": "Point",
        "coordinates": [
          76.9511148,
          11.007139
        ]
      },
      "properties": {
        "id": 1472617902,
        "name": "ZAVERI",
        "facility_type": "shop",
        "category": "Commercial POI",
        "capacity": 502,
        "district": "Coimbatore",
        "state": "Tamil Nadu",
        "data_source_type": "OpenStreetMap Public Data"
      }
    },
    {
      "type": "Feature",
      "id": 1472617903,
      "geometry": {
        "type": "Point",
        "coordinates": [
          76.9511041,
          11.0073391
        ]
      },
      "properties": {
        "id": 1472617903,
        "name": "HIDESIGN",
        "facility_type": "shop",
        "category": "Commercial POI",
        "capacity": 503,
        "district": "Coimbatore",
        "state": "Tamil Nadu",
        "data_source_type": "OpenStreetMap Public Data"
      }
    },
    {
      "type": "Feature",
      "id": 1472617905,
      "geometry": {
        "type": "Point",
        "coordinates": [
          76.9513299,
          11.0070126
        ]
      },
      "properties": {
        "id": 1472617905,
        "name": "PAZHAMUDIR NILAYAM",
        "facility_type": "shop",
        "category": "Commercial POI",
        "capacity": 505,
        "district": "Coimbatore",
        "state": "Tamil Nadu",
        "data_source_type": "OpenStreetMap Public Data"
      }
    },
    {
      "type": "Feature",
      "id": 1472618252,
      "geometry": {
        "type": "Point",
        "coordinates": [
          76.9513508,
          11.0067493
        ]
      },
      "properties": {
        "id": 1472618252,
        "name": "LEE & WRANGLER",
        "facility_type": "shop",
        "category": "Commercial POI",
        "capacity": 352,
        "district": "Coimbatore",
        "state": "Tamil Nadu",
        "data_source_type": "OpenStreetMap Public Data"
      }
    },
    {
      "type": "Feature",
      "id": 1472618254,
      "geometry": {
        "type": "Point",
        "coordinates": [
          76.9506427,
          11.006802
        ]
      },
      "properties": {
        "id": 1472618254,
        "name": "ODYSSEY",
        "facility_type": "shop",
        "category": "Commercial POI",
        "capacity": 354,
        "district": "Coimbatore",
        "state": "Tamil Nadu",
        "data_source_type": "OpenStreetMap Public Data"
      }
    },
    {
      "type": "Feature",
      "id": 1472618255,
      "geometry": {
        "type": "Point",
        "coordinates": [
          76.9508036,
          11.0065492
        ]
      },
      "properties": {
        "id": 1472618255,
        "name": "RathnaVinayagar Temple",
        "facility_type": "temple",
        "category": "Religious POI",
        "capacity": 355,
        "district": "Coimbatore",
        "state": "Tamil Nadu",
        "data_source_type": "OpenStreetMap Public Data"
      }
    },
    {
      "type": "Feature",
      "id": 1472619292,
      "geometry": {
        "type": "Point",
        "coordinates": [
          76.9513186,
          11.0056646
        ]
      },
      "properties": {
        "id": 1472619292,
        "name": "Sri Krishna Sweets",
        "facility_type": "shop",
        "category": "Commercial POI",
        "capacity": 392,
        "district": "Coimbatore",
        "state": "Tamil Nadu",
        "data_source_type": "OpenStreetMap Public Data"
      }
    },
    {
      "type": "Feature",
      "id": 1472619295,
      "geometry": {
        "type": "Point",
        "coordinates": [
          76.9512038,
          11.0062406
        ]
      },
      "properties": {
        "id": 1472619295,
        "name": "RAMRAJ COTTONS",
        "facility_type": "shop",
        "category": "Commercial POI",
        "capacity": 395,
        "district": "Coimbatore",
        "state": "Tamil Nadu",
        "data_source_type": "OpenStreetMap Public Data"
      }
    },
    {
      "type": "Feature",
      "id": 1472619296,
      "geometry": {
        "type": "Point",
        "coordinates": [
          76.9516544,
          11.006526
        ]
      },
      "properties": {
        "id": 1472619296,
        "name": "Puma",
        "facility_type": "shop",
        "category": "Commercial POI",
        "capacity": 396,
        "district": "Coimbatore",
        "state": "Tamil Nadu",
        "data_source_type": "OpenStreetMap Public Data"
      }
    },
    {
      "type": "Feature",
      "id": 1472619298,
      "geometry": {
        "type": "Point",
        "coordinates": [
          76.9515252,
          11.0057572
        ]
      },
      "properties": {
        "id": 1472619298,
        "name": "Bata",
        "facility_type": "shop",
        "category": "Commercial POI",
        "capacity": 398,
        "district": "Coimbatore",
        "state": "Tamil Nadu",
        "data_source_type": "OpenStreetMap Public Data"
      }
    },
    {
      "type": "Feature",
      "id": 1472619301,
      "geometry": {
        "type": "Point",
        "coordinates": [
          76.9508895,
          11.006149
        ]
      },
      "properties": {
        "id": 1472619301,
        "name": "FAST TRACK",
        "facility_type": "shop",
        "category": "Commercial POI",
        "capacity": 401,
        "district": "Coimbatore",
        "state": "Tamil Nadu",
        "data_source_type": "OpenStreetMap Public Data"
      }
    },
    {
      "type": "Feature",
      "id": 1472619302,
      "geometry": {
        "type": "Point",
        "coordinates": [
          76.9513401,
          11.0058436
        ]
      },
      "properties": {
        "id": 1472619302,
        "name": "@HOME",
        "facility_type": "shop",
        "category": "Commercial POI",
        "capacity": 402,
        "district": "Coimbatore",
        "state": "Tamil Nadu",
        "data_source_type": "OpenStreetMap Public Data"
      }
    },
    {
      "type": "Feature",
      "id": 1472619303,
      "geometry": {
        "type": "Point",
        "coordinates": [
          76.9514179,
          11.0061153
        ]
      },
      "properties": {
        "id": 1472619303,
        "name": "BENWOODS",
        "facility_type": "shop",
        "category": "Commercial POI",
        "capacity": 403,
        "district": "Coimbatore",
        "state": "Tamil Nadu",
        "data_source_type": "OpenStreetMap Public Data"
      }
    },
    {
      "type": "Feature",
      "id": 1472619304,
      "geometry": {
        "type": "Point",
        "coordinates": [
          76.950986,
          11.0055593
        ]
      },
      "properties": {
        "id": 1472619304,
        "name": "AGARWAL SWEETS PALACE",
        "facility_type": "shop",
        "category": "Commercial POI",
        "capacity": 404,
        "district": "Coimbatore",
        "state": "Tamil Nadu",
        "data_source_type": "OpenStreetMap Public Data"
      }
    },
    {
      "type": "Feature",
      "id": 1472620153,
      "geometry": {
        "type": "Point",
        "coordinates": [
          76.9513723,
          11.0052538
        ]
      },
      "properties": {
        "id": 1472620153,
        "name": "United Colors of Benetton",
        "facility_type": "shop",
        "category": "Commercial POI",
        "capacity": 253,
        "district": "Coimbatore",
        "state": "Tamil Nadu",
        "data_source_type": "OpenStreetMap Public Data"
      }
    },
    {
      "type": "Feature",
      "id": 1472620585,
      "geometry": {
        "type": "Point",
        "coordinates": [
          76.9514903,
          11.004801
        ]
      },
      "properties": {
        "id": 1472620585,
        "name": "iPLANET-APPLE store",
        "facility_type": "shop",
        "category": "Commercial POI",
        "capacity": 185,
        "district": "Coimbatore",
        "state": "Tamil Nadu",
        "data_source_type": "OpenStreetMap Public Data"
      }
    },
    {
      "type": "Feature",
      "id": 1472620586,
      "geometry": {
        "type": "Point",
        "coordinates": [
          76.9511041,
          11.0048431
        ]
      },
      "properties": {
        "id": 1472620586,
        "name": "CO-OPTEX",
        "facility_type": "shop",
        "category": "Commercial POI",
        "capacity": 186,
        "district": "Coimbatore",
        "state": "Tamil Nadu",
        "data_source_type": "OpenStreetMap Public Data"
      }
    },
    {
      "type": "Feature",
      "id": 1472620619,
      "geometry": {
        "type": "Point",
        "coordinates": [
          76.9515868,
          11.0040638
        ]
      },
      "properties": {
        "id": 1472620619,
        "name": "JACK & JILL",
        "facility_type": "shop",
        "category": "Commercial POI",
        "capacity": 219,
        "district": "Coimbatore",
        "state": "Tamil Nadu",
        "data_source_type": "OpenStreetMap Public Data"
      }
    },
    {
      "type": "Feature",
      "id": 1472620621,
      "geometry": {
        "type": "Point",
        "coordinates": [
          76.9516083,
          11.0042112
        ]
      },
      "properties": {
        "id": 1472620621,
        "name": "WEEKENDER",
        "facility_type": "shop",
        "category": "Commercial POI",
        "capacity": 221,
        "district": "Coimbatore",
        "state": "Tamil Nadu",
        "data_source_type": "OpenStreetMap Public Data"
      }
    },
    {
      "type": "Feature",
      "id": 1472703561,
      "geometry": {
        "type": "Point",
        "coordinates": [
          76.9511362,
          11.0032844
        ]
      },
      "properties": {
        "id": 1472703561,
        "name": "Archies",
        "facility_type": "shop",
        "category": "Commercial POI",
        "capacity": 161,
        "district": "Coimbatore",
        "state": "Tamil Nadu",
        "data_source_type": "OpenStreetMap Public Data"
      }
    },
    {
      "type": "Feature",
      "id": 1472703568,
      "geometry": {
        "type": "Point",
        "coordinates": [
          76.9511684,
          11.0042533
        ]
      },
      "properties": {
        "id": 1472703568,
        "name": "Allen Solly",
        "facility_type": "shop",
        "category": "Commercial POI",
        "capacity": 168,
        "district": "Coimbatore",
        "state": "Tamil Nadu",
        "data_source_type": "OpenStreetMap Public Data"
      }
    },
    {
      "type": "Feature",
      "id": 1472703571,
      "geometry": {
        "type": "Point",
        "coordinates": [
          76.9512006,
          11.0040638
        ]
      },
      "properties": {
        "id": 1472703571,
        "name": "Peter England",
        "facility_type": "shop",
        "category": "Commercial POI",
        "capacity": 171,
        "district": "Coimbatore",
        "state": "Tamil Nadu",
        "data_source_type": "OpenStreetMap Public Data"
      }
    },
    {
      "type": "Feature",
      "id": 1472707365,
      "geometry": {
        "type": "Point",
        "coordinates": [
          76.9509753,
          11.0106459
        ]
      },
      "properties": {
        "id": 1472707365,
        "name": "THE MEN AND WOMEN",
        "facility_type": "shop",
        "category": "Commercial POI",
        "capacity": 465,
        "district": "Coimbatore",
        "state": "Tamil Nadu",
        "data_source_type": "OpenStreetMap Public Data"
      }
    },
    {
      "type": "Feature",
      "id": 1472707367,
      "geometry": {
        "type": "Point",
        "coordinates": [
          76.9522413,
          11.0108671
        ]
      },
      "properties": {
        "id": 1472707367,
        "name": "ABILASHA",
        "facility_type": "shop",
        "category": "Commercial POI",
        "capacity": 467,
        "district": "Coimbatore",
        "state": "Tamil Nadu",
        "data_source_type": "OpenStreetMap Public Data"
      }
    },
    {
      "type": "Feature",
      "id": 1472707378,
      "geometry": {
        "type": "Point",
        "coordinates": [
          76.951383,
          11.0102773
        ]
      },
      "properties": {
        "id": 1472707378,
        "name": "BORN BABES",
        "facility_type": "shop",
        "category": "Commercial POI",
        "capacity": 478,
        "district": "Coimbatore",
        "state": "Tamil Nadu",
        "data_source_type": "OpenStreetMap Public Data"
      }
    },
    {
      "type": "Feature",
      "id": 1472707380,
      "geometry": {
        "type": "Point",
        "coordinates": [
          76.9514259,
          11.0107618
        ]
      },
      "properties": {
        "id": 1472707380,
        "name": "JKK CAR SALES",
        "facility_type": "shop",
        "category": "Commercial POI",
        "capacity": 480,
        "district": "Coimbatore",
        "state": "Tamil Nadu",
        "data_source_type": "OpenStreetMap Public Data"
      }
    },
    {
      "type": "Feature",
      "id": 1473802675,
      "geometry": {
        "type": "Point",
        "coordinates": [
          76.9670354,
          11.0205449
        ]
      },
      "properties": {
        "id": 1473802675,
        "name": "KALYAN SILKS",
        "facility_type": "shop",
        "category": "Commercial POI",
        "capacity": 275,
        "district": "Coimbatore",
        "state": "Tamil Nadu",
        "data_source_type": "OpenStreetMap Public Data"
      }
    },
    {
      "type": "Feature",
      "id": 1473802677,
      "geometry": {
        "type": "Point",
        "coordinates": [
          76.9671534,
          11.0204502
        ]
      },
      "properties": {
        "id": 1473802677,
        "name": "TASMAC",
        "facility_type": "shop",
        "category": "Commercial POI",
        "capacity": 277,
        "district": "Coimbatore",
        "state": "Tamil Nadu",
        "data_source_type": "OpenStreetMap Public Data"
      }
    },
    {
      "type": "Feature",
      "id": 1473802687,
      "geometry": {
        "type": "Point",
        "coordinates": [
          76.9669549,
          11.0204554
        ]
      },
      "properties": {
        "id": 1473802687,
        "name": "Kalyan Jewellers",
        "facility_type": "shop",
        "category": "Commercial POI",
        "capacity": 287,
        "district": "Coimbatore",
        "state": "Tamil Nadu",
        "data_source_type": "OpenStreetMap Public Data"
      }
    },
    {
      "type": "Feature",
      "id": 1473802689,
      "geometry": {
        "type": "Point",
        "coordinates": [
          76.9685696,
          11.0203291
        ]
      },
      "properties": {
        "id": 1473802689,
        "name": "POI 254",
        "facility_type": "temple",
        "category": "Religious POI",
        "capacity": 289,
        "district": "Coimbatore",
        "state": "Tamil Nadu",
        "data_source_type": "OpenStreetMap Public Data"
      }
    },
    {
      "type": "Feature",
      "id": 1473802690,
      "geometry": {
        "type": "Point",
        "coordinates": [
          76.9627012,
          11.0191127
        ]
      },
      "properties": {
        "id": 1473802690,
        "name": "VIVEK'S",
        "facility_type": "shop",
        "category": "Commercial POI",
        "capacity": 290,
        "district": "Coimbatore",
        "state": "Tamil Nadu",
        "data_source_type": "OpenStreetMap Public Data"
      }
    },
    {
      "type": "Feature",
      "id": 1473802692,
      "geometry": {
        "type": "Point",
        "coordinates": [
          76.9634197,
          11.0198446
        ]
      },
      "properties": {
        "id": 1473802692,
        "name": "BEA-BHARATH ELECTRONICS AND APPLIANCES",
        "facility_type": "shop",
        "category": "Commercial POI",
        "capacity": 292,
        "district": "Coimbatore",
        "state": "Tamil Nadu",
        "data_source_type": "OpenStreetMap Public Data"
      }
    },
    {
      "type": "Feature",
      "id": 1473802701,
      "geometry": {
        "type": "Point",
        "coordinates": [
          76.964042,
          11.0199394
        ]
      },
      "properties": {
        "id": 1473802701,
        "name": "JAYAKRISHNA BAJAJ",
        "facility_type": "shop",
        "category": "Commercial POI",
        "capacity": 301,
        "district": "Coimbatore",
        "state": "Tamil Nadu",
        "data_source_type": "OpenStreetMap Public Data"
      }
    },
    {
      "type": "Feature",
      "id": 1473802712,
      "geometry": {
        "type": "Point",
        "coordinates": [
          76.9635166,
          11.0193391
        ]
      },
      "properties": {
        "id": 1473802712,
        "name": "City Hospital",
        "facility_type": "hospital",
        "category": "Healthcare",
        "capacity": 312,
        "district": "Coimbatore",
        "state": "Tamil Nadu",
        "data_source_type": "OpenStreetMap Public Data"
      }
    },
    {
      "type": "Feature",
      "id": 1473802718,
      "geometry": {
        "type": "Point",
        "coordinates": [
          76.9676147,
          11.0205449
        ]
      },
      "properties": {
        "id": 1473802718,
        "name": "KAMALA STORES",
        "facility_type": "shop",
        "category": "Commercial POI",
        "capacity": 318,
        "district": "Coimbatore",
        "state": "Tamil Nadu",
        "data_source_type": "OpenStreetMap Public Data"
      }
    },
    {
      "type": "Feature",
      "id": 1473802720,
      "geometry": {
        "type": "Point",
        "coordinates": [
          76.9642351,
          11.0199815
        ]
      },
      "properties": {
        "id": 1473802720,
        "name": "MEGAMART",
        "facility_type": "shop",
        "category": "Commercial POI",
        "capacity": 320,
        "district": "Coimbatore",
        "state": "Tamil Nadu",
        "data_source_type": "OpenStreetMap Public Data"
      }
    },
    {
      "type": "Feature",
      "id": 1473802721,
      "geometry": {
        "type": "Point",
        "coordinates": [
          76.9618855,
          11.01896
        ]
      },
      "properties": {
        "id": 1473802721,
        "name": "VIVEK'S",
        "facility_type": "shop",
        "category": "Commercial POI",
        "capacity": 321,
        "district": "Coimbatore",
        "state": "Tamil Nadu",
        "data_source_type": "OpenStreetMap Public Data"
      }
    },
    {
      "type": "Feature",
      "id": 1473802738,
      "geometry": {
        "type": "Point",
        "coordinates": [
          76.9661395,
          11.0203185
        ]
      },
      "properties": {
        "id": 1473802738,
        "name": "NELLAI LALA SWEETS",
        "facility_type": "shop",
        "category": "Commercial POI",
        "capacity": 338,
        "district": "Coimbatore",
        "state": "Tamil Nadu",
        "data_source_type": "OpenStreetMap Public Data"
      }
    },
    {
      "type": "Feature",
      "id": 1473802741,
      "geometry": {
        "type": "Point",
        "coordinates": [
          76.962084,
          11.0190021
        ]
      },
      "properties": {
        "id": 1473802741,
        "name": "Bethel Hospital",
        "facility_type": "hospital",
        "category": "Healthcare",
        "capacity": 341,
        "district": "Coimbatore",
        "state": "Tamil Nadu",
        "data_source_type": "OpenStreetMap Public Data"
      }
    },
    {
      "type": "Feature",
      "id": 1473821562,
      "geometry": {
        "type": "Point",
        "coordinates": [
          76.9501321,
          11.010177
        ]
      },
      "properties": {
        "id": 1473821562,
        "name": "ORRA",
        "facility_type": "shop",
        "category": "Commercial POI",
        "capacity": 162,
        "district": "Coimbatore",
        "state": "Tamil Nadu",
        "data_source_type": "OpenStreetMap Public Data"
      }
    },
    {
      "type": "Feature",
      "id": 1473821563,
      "geometry": {
        "type": "Point",
        "coordinates": [
          76.9493971,
          11.0102981
        ]
      },
      "properties": {
        "id": 1473821563,
        "name": "NALLI SILKS",
        "facility_type": "shop",
        "category": "Commercial POI",
        "capacity": 163,
        "district": "Coimbatore",
        "state": "Tamil Nadu",
        "data_source_type": "OpenStreetMap Public Data"
      }
    },
    {
      "type": "Feature",
      "id": 1473821565,
      "geometry": {
        "type": "Point",
        "coordinates": [
          76.9492845,
          11.0102928
        ]
      },
      "properties": {
        "id": 1473821565,
        "name": "MUSIC GALLERY",
        "facility_type": "shop",
        "category": "Commercial POI",
        "capacity": 165,
        "district": "Coimbatore",
        "state": "Tamil Nadu",
        "data_source_type": "OpenStreetMap Public Data"
      }
    },
    {
      "type": "Feature",
      "id": 1473821566,
      "geometry": {
        "type": "Point",
        "coordinates": [
          76.9492845,
          11.0100559
        ]
      },
      "properties": {
        "id": 1473821566,
        "name": "Pepe Jeans",
        "facility_type": "shop",
        "category": "Commercial POI",
        "capacity": 166,
        "district": "Coimbatore",
        "state": "Tamil Nadu",
        "data_source_type": "OpenStreetMap Public Data"
      }
    },
    {
      "type": "Feature",
      "id": 1473821567,
      "geometry": {
        "type": "Point",
        "coordinates": [
          76.9499229,
          11.0103982
        ]
      },
      "properties": {
        "id": 1473821567,
        "name": "COLOR PLUS",
        "facility_type": "shop",
        "category": "Commercial POI",
        "capacity": 167,
        "district": "Coimbatore",
        "state": "Tamil Nadu",
        "data_source_type": "OpenStreetMap Public Data"
      }
    },
    {
      "type": "Feature",
      "id": 1473821569,
      "geometry": {
        "type": "Point",
        "coordinates": [
          76.9495152,
          11.0103192
        ]
      },
      "properties": {
        "id": 1473821569,
        "name": "United Colors of Benetton",
        "facility_type": "shop",
        "category": "Commercial POI",
        "capacity": 169,
        "district": "Coimbatore",
        "state": "Tamil Nadu",
        "data_source_type": "OpenStreetMap Public Data"
      }
    },
    {
      "type": "Feature",
      "id": 1473821572,
      "geometry": {
        "type": "Point",
        "coordinates": [
          76.9500784,
          11.0103876
        ]
      },
      "properties": {
        "id": 1473821572,
        "name": "JUS BORN",
        "facility_type": "shop",
        "category": "Commercial POI",
        "capacity": 172,
        "district": "Coimbatore",
        "state": "Tamil Nadu",
        "data_source_type": "OpenStreetMap Public Data"
      }
    },
    {
      "type": "Feature",
      "id": 1473821573,
      "geometry": {
        "type": "Point",
        "coordinates": [
          76.9491557,
          11.0102718
        ]
      },
      "properties": {
        "id": 1473821573,
        "name": "CITIZEN",
        "facility_type": "shop",
        "category": "Commercial POI",
        "capacity": 173,
        "district": "Coimbatore",
        "state": "Tamil Nadu",
        "data_source_type": "OpenStreetMap Public Data"
      }
    },
    {
      "type": "Feature",
      "id": 1473821576,
      "geometry": {
        "type": "Point",
        "coordinates": [
          76.9496171,
          11.0103613
        ]
      },
      "properties": {
        "id": 1473821576,
        "name": "MAPLE",
        "facility_type": "shop",
        "category": "Commercial POI",
        "capacity": 176,
        "district": "Coimbatore",
        "state": "Tamil Nadu",
        "data_source_type": "OpenStreetMap Public Data"
      }
    },
    {
      "type": "Feature",
      "id": 1473821578,
      "geometry": {
        "type": "Point",
        "coordinates": [
          76.9488714,
          11.00994
        ]
      },
      "properties": {
        "id": 1473821578,
        "name": "RICH LOOK",
        "facility_type": "shop",
        "category": "Commercial POI",
        "capacity": 178,
        "district": "Coimbatore",
        "state": "Tamil Nadu",
        "data_source_type": "OpenStreetMap Public Data"
      }
    },
    {
      "type": "Feature",
      "id": 1473821579,
      "geometry": {
        "type": "Point",
        "coordinates": [
          76.9494722,
          11.0100454
        ]
      },
      "properties": {
        "id": 1473821579,
        "name": "K-LONGUE",
        "facility_type": "shop",
        "category": "Commercial POI",
        "capacity": 179,
        "district": "Coimbatore",
        "state": "Tamil Nadu",
        "data_source_type": "OpenStreetMap Public Data"
      }
    },
    {
      "type": "Feature",
      "id": 1473821582,
      "geometry": {
        "type": "Point",
        "coordinates": [
          76.9497888,
          11.0103771
        ]
      },
      "properties": {
        "id": 1473821582,
        "name": "STING",
        "facility_type": "shop",
        "category": "Commercial POI",
        "capacity": 182,
        "district": "Coimbatore",
        "state": "Tamil Nadu",
        "data_source_type": "OpenStreetMap Public Data"
      }
    },
    {
      "type": "Feature",
      "id": 1473821584,
      "geometry": {
        "type": "Point",
        "coordinates": [
          76.9500248,
          11.010177
        ]
      },
      "properties": {
        "id": 1473821584,
        "name": "RAYMOND",
        "facility_type": "shop",
        "category": "Commercial POI",
        "capacity": 184,
        "district": "Coimbatore",
        "state": "Tamil Nadu",
        "data_source_type": "OpenStreetMap Public Data"
      }
    },
    {
      "type": "Feature",
      "id": 1473821586,
      "geometry": {
        "type": "Point",
        "coordinates": [
          76.9490967,
          11.0099822
        ]
      },
      "properties": {
        "id": 1473821586,
        "name": "SHAPES",
        "facility_type": "shop",
        "category": "Commercial POI",
        "capacity": 186,
        "district": "Coimbatore",
        "state": "Tamil Nadu",
        "data_source_type": "OpenStreetMap Public Data"
      }
    },
    {
      "type": "Feature",
      "id": 1473821588,
      "geometry": {
        "type": "Point",
        "coordinates": [
          76.9502018,
          11.0104298
        ]
      },
      "properties": {
        "id": 1473821588,
        "name": "TITAN EYE+",
        "facility_type": "shop",
        "category": "Commercial POI",
        "capacity": 188,
        "district": "Coimbatore",
        "state": "Tamil Nadu",
        "data_source_type": "OpenStreetMap Public Data"
      }
    },
    {
      "type": "Feature",
      "id": 1473821589,
      "geometry": {
        "type": "Point",
        "coordinates": [
          76.94885,
          11.0102086
        ]
      },
      "properties": {
        "id": 1473821589,
        "name": "K.R.S BAKERY",
        "facility_type": "shop",
        "category": "Commercial POI",
        "capacity": 189,
        "district": "Coimbatore",
        "state": "Tamil Nadu",
        "data_source_type": "OpenStreetMap Public Data"
      }
    },
    {
      "type": "Feature",
      "id": 1473825625,
      "geometry": {
        "type": "Point",
        "coordinates": [
          76.9449769,
          11.0095504
        ]
      },
      "properties": {
        "id": 1473825625,
        "name": "Nilgiri's",
        "facility_type": "shop",
        "category": "Commercial POI",
        "capacity": 225,
        "district": "Coimbatore",
        "state": "Tamil Nadu",
        "data_source_type": "OpenStreetMap Public Data"
      }
    },
    {
      "type": "Feature",
      "id": 1473825626,
      "geometry": {
        "type": "Point",
        "coordinates": [
          76.9469188,
          11.0099295
        ]
      },
      "properties": {
        "id": 1473825626,
        "name": "UPBEAT",
        "facility_type": "shop",
        "category": "Commercial POI",
        "capacity": 226,
        "district": "Coimbatore",
        "state": "Tamil Nadu",
        "data_source_type": "OpenStreetMap Public Data"
      }
    },
    {
      "type": "Feature",
      "id": 1473825635,
      "geometry": {
        "type": "Point",
        "coordinates": [
          76.9474767,
          11.0099822
        ]
      },
      "properties": {
        "id": 1473825635,
        "name": "MASKELIN",
        "facility_type": "shop",
        "category": "Commercial POI",
        "capacity": 235,
        "district": "Coimbatore",
        "state": "Tamil Nadu",
        "data_source_type": "OpenStreetMap Public Data"
      }
    },
    {
      "type": "Feature",
      "id": 1473825638,
      "geometry": {
        "type": "Point",
        "coordinates": [
          76.9452719,
          11.0095714
        ]
      },
      "properties": {
        "id": 1473825638,
        "name": "Annapoorni Temple",
        "facility_type": "temple",
        "category": "Religious POI",
        "capacity": 238,
        "district": "Coimbatore",
        "state": "Tamil Nadu",
        "data_source_type": "OpenStreetMap Public Data"
      }
    },
    {
      "type": "Feature",
      "id": 1473825640,
      "geometry": {
        "type": "Point",
        "coordinates": [
          76.9486139,
          11.0102086
        ]
      },
      "properties": {
        "id": 1473825640,
        "name": "GILLI WORLD",
        "facility_type": "shop",
        "category": "Commercial POI",
        "capacity": 240,
        "district": "Coimbatore",
        "state": "Tamil Nadu",
        "data_source_type": "OpenStreetMap Public Data"
      }
    },
    {
      "type": "Feature",
      "id": 1473825641,
      "geometry": {
        "type": "Point",
        "coordinates": [
          76.9473929,
          11.0095002
        ]
      },
      "properties": {
        "id": 1473825641,
        "name": "Shresht",
        "facility_type": "shop",
        "category": "Commercial POI",
        "capacity": 241,
        "district": "Coimbatore",
        "state": "Tamil Nadu",
        "data_source_type": "OpenStreetMap Public Data"
      }
    },
    {
      "type": "Feature",
      "id": 1473825647,
      "geometry": {
        "type": "Point",
        "coordinates": [
          76.9459629,
          11.0092786
        ]
      },
      "properties": {
        "id": 1473825647,
        "name": "Fabindia",
        "facility_type": "shop",
        "category": "Commercial POI",
        "capacity": 247,
        "district": "Coimbatore",
        "state": "Tamil Nadu",
        "data_source_type": "OpenStreetMap Public Data"
      }
    },
    {
      "type": "Feature",
      "id": 1473825650,
      "geometry": {
        "type": "Point",
        "coordinates": [
          76.9469939,
          11.0095978
        ]
      },
      "properties": {
        "id": 1473825650,
        "name": "GAMMA FASHION",
        "facility_type": "shop",
        "category": "Commercial POI",
        "capacity": 250,
        "district": "Coimbatore",
        "state": "Tamil Nadu",
        "data_source_type": "OpenStreetMap Public Data"
      }
    },
    {
      "type": "Feature",
      "id": 1473825655,
      "geometry": {
        "type": "Point",
        "coordinates": [
          76.9471763,
          11.0099506
        ]
      },
      "properties": {
        "id": 1473825655,
        "name": "ADIDAS",
        "facility_type": "shop",
        "category": "Commercial POI",
        "capacity": 255,
        "district": "Coimbatore",
        "state": "Tamil Nadu",
        "data_source_type": "OpenStreetMap Public Data"
      }
    },
    {
      "type": "Feature",
      "id": 1473825657,
      "geometry": {
        "type": "Point",
        "coordinates": [
          76.9481204,
          11.0101085
        ]
      },
      "properties": {
        "id": 1473825657,
        "name": "Bata",
        "facility_type": "shop",
        "category": "Commercial POI",
        "capacity": 257,
        "district": "Coimbatore",
        "state": "Tamil Nadu",
        "data_source_type": "OpenStreetMap Public Data"
      }
    },
    {
      "type": "Feature",
      "id": 1473830517,
      "geometry": {
        "type": "Point",
        "coordinates": [
          76.9501053,
          11.0109879
        ]
      },
      "properties": {
        "id": 1473830517,
        "name": "Woodland",
        "facility_type": "shop",
        "category": "Commercial POI",
        "capacity": 117,
        "district": "Coimbatore",
        "state": "Tamil Nadu",
        "data_source_type": "OpenStreetMap Public Data"
      }
    },
    {
      "type": "Feature",
      "id": 1473830522,
      "geometry": {
        "type": "Point",
        "coordinates": [
          76.950234,
          11.010593
        ]
      },
      "properties": {
        "id": 1473830522,
        "name": "Arasu Medicals",
        "facility_type": "hospital",
        "category": "Healthcare",
        "capacity": 122,
        "district": "Coimbatore",
        "state": "Tamil Nadu",
        "data_source_type": "OpenStreetMap Public Data"
      }
    },
    {
      "type": "Feature",
      "id": 1473830523,
      "geometry": {
        "type": "Point",
        "coordinates": [
          76.9496753,
          11.0134549
        ]
      },
      "properties": {
        "id": 1473830523,
        "name": "The Eye Foundaton",
        "facility_type": "hospital",
        "category": "Healthcare",
        "capacity": 123,
        "district": "Coimbatore",
        "state": "Tamil Nadu",
        "data_source_type": "OpenStreetMap Public Data"
      }
    },
    {
      "type": "Feature",
      "id": 1473830525,
      "geometry": {
        "type": "Point",
        "coordinates": [
          76.9501643,
          11.0108563
        ]
      },
      "properties": {
        "id": 1473830525,
        "name": "Peter England",
        "facility_type": "shop",
        "category": "Commercial POI",
        "capacity": 125,
        "district": "Coimbatore",
        "state": "Tamil Nadu",
        "data_source_type": "OpenStreetMap Public Data"
      }
    },
    {
      "type": "Feature",
      "id": 1473830527,
      "geometry": {
        "type": "Point",
        "coordinates": [
          76.9500141,
          11.0131995
        ]
      },
      "properties": {
        "id": 1473830527,
        "name": "Reebok",
        "facility_type": "shop",
        "category": "Commercial POI",
        "capacity": 127,
        "district": "Coimbatore",
        "state": "Tamil Nadu",
        "data_source_type": "OpenStreetMap Public Data"
      }
    },
    {
      "type": "Feature",
      "id": 1473830537,
      "geometry": {
        "type": "Point",
        "coordinates": [
          76.9500248,
          11.0114724
        ]
      },
      "properties": {
        "id": 1473830537,
        "name": "PLANET FASHION",
        "facility_type": "shop",
        "category": "Commercial POI",
        "capacity": 137,
        "district": "Coimbatore",
        "state": "Tamil Nadu",
        "data_source_type": "OpenStreetMap Public Data"
      }
    },
    {
      "type": "Feature",
      "id": 1473830541,
      "geometry": {
        "type": "Point",
        "coordinates": [
          76.9500194,
          11.0116514
        ]
      },
      "properties": {
        "id": 1473830541,
        "name": "NAIDU HALL",
        "facility_type": "shop",
        "category": "Commercial POI",
        "capacity": 141,
        "district": "Coimbatore",
        "state": "Tamil Nadu",
        "data_source_type": "OpenStreetMap Public Data"
      }
    },
    {
      "type": "Feature",
      "id": 1473830542,
      "geometry": {
        "type": "Point",
        "coordinates": [
          76.9502125,
          11.0107141
        ]
      },
      "properties": {
        "id": 1473830542,
        "name": "SCULLERS",
        "facility_type": "shop",
        "category": "Commercial POI",
        "capacity": 142,
        "district": "Coimbatore",
        "state": "Tamil Nadu",
        "data_source_type": "OpenStreetMap Public Data"
      }
    },
    {
      "type": "Feature",
      "id": 1474329375,
      "geometry": {
        "type": "Point",
        "coordinates": [
          77.0019574,
          11.0767083
        ]
      },
      "properties": {
        "id": 1474329375,
        "name": "Karivaradharaja Perumal Temple",
        "facility_type": "temple",
        "category": "Religious POI",
        "capacity": 475,
        "district": "Coimbatore",
        "state": "Tamil Nadu",
        "data_source_type": "OpenStreetMap Public Data"
      }
    },
    {
      "type": "Feature",
      "id": 1474348707,
      "geometry": {
        "type": "Point",
        "coordinates": [
          77.0017133,
          11.0763477
        ]
      },
      "properties": {
        "id": 1474348707,
        "name": "Saravanampatty Elementary School",
        "facility_type": "school",
        "category": "Education",
        "capacity": 307,
        "district": "Coimbatore",
        "state": "Tamil Nadu",
        "data_source_type": "OpenStreetMap Public Data"
      }
    },
    {
      "type": "Feature",
      "id": 1474350853,
      "geometry": {
        "type": "Point",
        "coordinates": [
          77.0027116,
          11.0747296
        ]
      },
      "properties": {
        "id": 1474350853,
        "name": "Saravanampatti Police Station",
        "facility_type": "office",
        "category": "Company",
        "capacity": 453,
        "district": "Coimbatore",
        "state": "Tamil Nadu",
        "data_source_type": "OpenStreetMap Public Data"
      }
    },
    {
      "type": "Feature",
      "id": 1474358051,
      "geometry": {
        "type": "Point",
        "coordinates": [
          77.0015685,
          11.0685456
        ]
      },
      "properties": {
        "id": 1474358051,
        "name": "Arulmigu Badhrakali Amman Temple",
        "facility_type": "temple",
        "category": "Religious POI",
        "capacity": 151,
        "district": "Coimbatore",
        "state": "Tamil Nadu",
        "data_source_type": "OpenStreetMap Public Data"
      }
    },
    {
      "type": "Feature",
      "id": 1474361313,
      "geometry": {
        "type": "Point",
        "coordinates": [
          76.9999511,
          11.062457
        ]
      },
      "properties": {
        "id": 1474361313,
        "name": "Ramani Nissan",
        "facility_type": "shop",
        "category": "Commercial POI",
        "capacity": 413,
        "district": "Coimbatore",
        "state": "Tamil Nadu",
        "data_source_type": "OpenStreetMap Public Data"
      }
    },
    {
      "type": "Feature",
      "id": 1474413414,
      "geometry": {
        "type": "Point",
        "coordinates": [
          76.9664663,
          10.9943793
        ]
      },
      "properties": {
        "id": 1474413414,
        "name": "Moses Eye Hospital",
        "facility_type": "hospital",
        "category": "Healthcare",
        "capacity": 514,
        "district": "Coimbatore",
        "state": "Tamil Nadu",
        "data_source_type": "OpenStreetMap Public Data"
      }
    },
    {
      "type": "Feature",
      "id": 1474413446,
      "geometry": {
        "type": "Point",
        "coordinates": [
          76.9667618,
          10.9944026
        ]
      },
      "properties": {
        "id": 1474413446,
        "name": "MADHEENA SUPER MARKET",
        "facility_type": "shop",
        "category": "Commercial POI",
        "capacity": 546,
        "district": "Coimbatore",
        "state": "Tamil Nadu",
        "data_source_type": "OpenStreetMap Public Data"
      }
    },
    {
      "type": "Feature",
      "id": 1474451333,
      "geometry": {
        "type": "Point",
        "coordinates": [
          76.9685357,
          10.9957344
        ]
      },
      "properties": {
        "id": 1474451333,
        "name": "Co-optex",
        "facility_type": "shop",
        "category": "Commercial POI",
        "capacity": 433,
        "district": "Coimbatore",
        "state": "Tamil Nadu",
        "data_source_type": "OpenStreetMap Public Data"
      }
    },
    {
      "type": "Feature",
      "id": 1474451343,
      "geometry": {
        "type": "Point",
        "coordinates": [
          76.9777866,
          10.9992467
        ]
      },
      "properties": {
        "id": 1474451343,
        "name": "Snap Fitness one",
        "facility_type": "shop",
        "category": "Commercial POI",
        "capacity": 443,
        "district": "Coimbatore",
        "state": "Tamil Nadu",
        "data_source_type": "OpenStreetMap Public Data"
      }
    },
    {
      "type": "Feature",
      "id": 1474451366,
      "geometry": {
        "type": "Point",
        "coordinates": [
          76.9712903,
          10.9996733
        ]
      },
      "properties": {
        "id": 1474451366,
        "name": "Pazhamudhir cholai",
        "facility_type": "shop",
        "category": "Commercial POI",
        "capacity": 466,
        "district": "Coimbatore",
        "state": "Tamil Nadu",
        "data_source_type": "OpenStreetMap Public Data"
      }
    },
    {
      "type": "Feature",
      "id": 1474451368,
      "geometry": {
        "type": "Point",
        "coordinates": [
          76.974764,
          10.9951464
        ]
      },
      "properties": {
        "id": 1474451368,
        "name": "Shreshta gift shop",
        "facility_type": "shop",
        "category": "Commercial POI",
        "capacity": 468,
        "district": "Coimbatore",
        "state": "Tamil Nadu",
        "data_source_type": "OpenStreetMap Public Data"
      }
    },
    {
      "type": "Feature",
      "id": 1474451371,
      "geometry": {
        "type": "Point",
        "coordinates": [
          76.9756194,
          10.9935069
        ]
      },
      "properties": {
        "id": 1474451371,
        "name": "Thayarammal poly clinic",
        "facility_type": "hospital",
        "category": "Healthcare",
        "capacity": 471,
        "district": "Coimbatore",
        "state": "Tamil Nadu",
        "data_source_type": "OpenStreetMap Public Data"
      }
    },
    {
      "type": "Feature",
      "id": 1474451376,
      "geometry": {
        "type": "Point",
        "coordinates": [
          76.9673756,
          11.002655
        ]
      },
      "properties": {
        "id": 1474451376,
        "name": "Koniamaan temple",
        "facility_type": "temple",
        "category": "Religious POI",
        "capacity": 476,
        "district": "Coimbatore",
        "state": "Tamil Nadu",
        "data_source_type": "OpenStreetMap Public Data"
      }
    },
    {
      "type": "Feature",
      "id": 1474490982,
      "geometry": {
        "type": "Point",
        "coordinates": [
          76.9598587,
          10.99545
        ]
      },
      "properties": {
        "id": 1474490982,
        "name": "POI 311",
        "facility_type": "shop",
        "category": "Commercial POI",
        "capacity": 582,
        "district": "Coimbatore",
        "state": "Tamil Nadu",
        "data_source_type": "OpenStreetMap Public Data"
      }
    },
    {
      "type": "Feature",
      "id": 1474490989,
      "geometry": {
        "type": "Point",
        "coordinates": [
          76.9632932,
          10.9938083
        ]
      },
      "properties": {
        "id": 1474490989,
        "name": "Cheran book house",
        "facility_type": "shop",
        "category": "Commercial POI",
        "capacity": 589,
        "district": "Coimbatore",
        "state": "Tamil Nadu",
        "data_source_type": "OpenStreetMap Public Data"
      }
    },
    {
      "type": "Feature",
      "id": 1474490993,
      "geometry": {
        "type": "Point",
        "coordinates": [
          76.9633732,
          10.9938515
        ]
      },
      "properties": {
        "id": 1474490993,
        "name": "Priya juice and bakes",
        "facility_type": "shop",
        "category": "Commercial POI",
        "capacity": 593,
        "district": "Coimbatore",
        "state": "Tamil Nadu",
        "data_source_type": "OpenStreetMap Public Data"
      }
    },
    {
      "type": "Feature",
      "id": 1474490995,
      "geometry": {
        "type": "Point",
        "coordinates": [
          76.9648609,
          10.9945514
        ]
      },
      "properties": {
        "id": 1474490995,
        "name": "Presentation convent",
        "facility_type": "school",
        "category": "Education",
        "capacity": 595,
        "district": "Coimbatore",
        "state": "Tamil Nadu",
        "data_source_type": "OpenStreetMap Public Data"
      }
    },
    {
      "type": "Feature",
      "id": 1474490996,
      "geometry": {
        "type": "Point",
        "coordinates": [
          76.9689115,
          11.0022717
        ]
      },
      "properties": {
        "id": 1474490996,
        "name": "CLS Church",
        "facility_type": "temple",
        "category": "Religious POI",
        "capacity": 596,
        "district": "Coimbatore",
        "state": "Tamil Nadu",
        "data_source_type": "OpenStreetMap Public Data"
      }
    },
    {
      "type": "Feature",
      "id": 1474490997,
      "geometry": {
        "type": "Point",
        "coordinates": [
          76.9600117,
          10.9953044
        ]
      },
      "properties": {
        "id": 1474490997,
        "name": "Amman temple",
        "facility_type": "temple",
        "category": "Religious POI",
        "capacity": 597,
        "district": "Coimbatore",
        "state": "Tamil Nadu",
        "data_source_type": "OpenStreetMap Public Data"
      }
    },
    {
      "type": "Feature",
      "id": 1474491002,
      "geometry": {
        "type": "Point",
        "coordinates": [
          76.9592901,
          10.9941072
        ]
      },
      "properties": {
        "id": 1474491002,
        "name": "Sri Kumaran Thanga maaligai",
        "facility_type": "shop",
        "category": "Commercial POI",
        "capacity": 102,
        "district": "Coimbatore",
        "state": "Tamil Nadu",
        "data_source_type": "OpenStreetMap Public Data"
      }
    },
    {
      "type": "Feature",
      "id": 1474491003,
      "geometry": {
        "type": "Point",
        "coordinates": [
          76.9616129,
          10.9950235
        ]
      },
      "properties": {
        "id": 1474491003,
        "name": "POI 318",
        "facility_type": "shop",
        "category": "Commercial POI",
        "capacity": 103,
        "district": "Coimbatore",
        "state": "Tamil Nadu",
        "data_source_type": "OpenStreetMap Public Data"
      }
    },
    {
      "type": "Feature",
      "id": 1474491004,
      "geometry": {
        "type": "Point",
        "coordinates": [
          76.9594403,
          10.9953684
        ]
      },
      "properties": {
        "id": 1474491004,
        "name": "Bison",
        "facility_type": "shop",
        "category": "Commercial POI",
        "capacity": 104,
        "district": "Coimbatore",
        "state": "Tamil Nadu",
        "data_source_type": "OpenStreetMap Public Data"
      }
    },
    {
      "type": "Feature",
      "id": 1474491006,
      "geometry": {
        "type": "Point",
        "coordinates": [
          76.9637999,
          10.9941388
        ]
      },
      "properties": {
        "id": 1474491006,
        "name": "A.A Book gallery",
        "facility_type": "shop",
        "category": "Commercial POI",
        "capacity": 106,
        "district": "Coimbatore",
        "state": "Tamil Nadu",
        "data_source_type": "OpenStreetMap Public Data"
      }
    },
    {
      "type": "Feature",
      "id": 1474491012,
      "geometry": {
        "type": "Point",
        "coordinates": [
          76.9593062,
          10.9942994
        ]
      },
      "properties": {
        "id": 1474491012,
        "name": "The Chennai Silks",
        "facility_type": "shop",
        "category": "Commercial POI",
        "capacity": 112,
        "district": "Coimbatore",
        "state": "Tamil Nadu",
        "data_source_type": "OpenStreetMap Public Data"
      }
    },
    {
      "type": "Feature",
      "id": 1474491013,
      "geometry": {
        "type": "Point",
        "coordinates": [
          76.9596629,
          10.994489
        ]
      },
      "properties": {
        "id": 1474491013,
        "name": "Titan Showroom",
        "facility_type": "shop",
        "category": "Commercial POI",
        "capacity": 113,
        "district": "Coimbatore",
        "state": "Tamil Nadu",
        "data_source_type": "OpenStreetMap Public Data"
      }
    },
    {
      "type": "Feature",
      "id": 1474491018,
      "geometry": {
        "type": "Point",
        "coordinates": [
          76.9679644,
          11.0003341
        ]
      },
      "properties": {
        "id": 1474491018,
        "name": "CLS Book shop",
        "facility_type": "shop",
        "category": "Commercial POI",
        "capacity": 118,
        "district": "Coimbatore",
        "state": "Tamil Nadu",
        "data_source_type": "OpenStreetMap Public Data"
      }
    },
    {
      "type": "Feature",
      "id": 1474491022,
      "geometry": {
        "type": "Point",
        "coordinates": [
          76.9594805,
          10.9951762
        ]
      },
      "properties": {
        "id": 1474491022,
        "name": "Calcutta Bazaar",
        "facility_type": "shop",
        "category": "Commercial POI",
        "capacity": 122,
        "district": "Coimbatore",
        "state": "Tamil Nadu",
        "data_source_type": "OpenStreetMap Public Data"
      }
    },
    {
      "type": "Feature",
      "id": 1474491024,
      "geometry": {
        "type": "Point",
        "coordinates": [
          76.9601082,
          10.9955422
        ]
      },
      "properties": {
        "id": 1474491024,
        "name": "corporation Girls High school",
        "facility_type": "school",
        "category": "Education",
        "capacity": 124,
        "district": "Coimbatore",
        "state": "Tamil Nadu",
        "data_source_type": "OpenStreetMap Public Data"
      }
    },
    {
      "type": "Feature",
      "id": 1474491025,
      "geometry": {
        "type": "Point",
        "coordinates": [
          76.959333,
          10.9944337
        ]
      },
      "properties": {
        "id": 1474491025,
        "name": "Sri Ganapathy Silks",
        "facility_type": "shop",
        "category": "Commercial POI",
        "capacity": 125,
        "district": "Coimbatore",
        "state": "Tamil Nadu",
        "data_source_type": "OpenStreetMap Public Data"
      }
    },
    {
      "type": "Feature",
      "id": 1474491027,
      "geometry": {
        "type": "Point",
        "coordinates": [
          76.9597836,
          10.99436
        ]
      },
      "properties": {
        "id": 1474491027,
        "name": "Ramraj Cottons;Shoba",
        "facility_type": "shop",
        "category": "Commercial POI",
        "capacity": 127,
        "district": "Coimbatore",
        "state": "Tamil Nadu",
        "data_source_type": "OpenStreetMap Public Data"
      }
    },
    {
      "type": "Feature",
      "id": 1474491029,
      "geometry": {
        "type": "Point",
        "coordinates": [
          76.9658375,
          10.9945881
        ]
      },
      "properties": {
        "id": 1474491029,
        "name": "St.Michaels School",
        "facility_type": "school",
        "category": "Education",
        "capacity": 129,
        "district": "Coimbatore",
        "state": "Tamil Nadu",
        "data_source_type": "OpenStreetMap Public Data"
      }
    },
    {
      "type": "Feature",
      "id": 1474518415,
      "geometry": {
        "type": "Point",
        "coordinates": [
          76.9971414,
          10.9976249
        ]
      },
      "properties": {
        "id": 1474518415,
        "name": "Trinity Boys High school",
        "facility_type": "school",
        "category": "Education",
        "capacity": 515,
        "district": "Coimbatore",
        "state": "Tamil Nadu",
        "data_source_type": "OpenStreetMap Public Data"
      }
    },
    {
      "type": "Feature",
      "id": 1474518427,
      "geometry": {
        "type": "Point",
        "coordinates": [
          76.9920214,
          10.9974843
        ]
      },
      "properties": {
        "id": 1474518427,
        "name": "POI 330",
        "facility_type": "shop",
        "category": "Commercial POI",
        "capacity": 527,
        "district": "Coimbatore",
        "state": "Tamil Nadu",
        "data_source_type": "OpenStreetMap Public Data"
      }
    },
    {
      "type": "Feature",
      "id": 1474518432,
      "geometry": {
        "type": "Point",
        "coordinates": [
          76.9538586,
          10.9925695
        ]
      },
      "properties": {
        "id": 1474518432,
        "name": "Town hall market",
        "facility_type": "shop",
        "category": "Commercial POI",
        "capacity": 532,
        "district": "Coimbatore",
        "state": "Tamil Nadu",
        "data_source_type": "OpenStreetMap Public Data"
      }
    },
    {
      "type": "Feature",
      "id": 1474518434,
      "geometry": {
        "type": "Point",
        "coordinates": [
          76.9592713,
          10.9931883
        ]
      },
      "properties": {
        "id": 1474518434,
        "name": "Beauty dresses",
        "facility_type": "shop",
        "category": "Commercial POI",
        "capacity": 534,
        "district": "Coimbatore",
        "state": "Tamil Nadu",
        "data_source_type": "OpenStreetMap Public Data"
      }
    },
    {
      "type": "Feature",
      "id": 1474518438,
      "geometry": {
        "type": "Point",
        "coordinates": [
          76.9905727,
          11.0091964
        ]
      },
      "properties": {
        "id": 1474518438,
        "name": "Corporation girls high school",
        "facility_type": "school",
        "category": "Education",
        "capacity": 538,
        "district": "Coimbatore",
        "state": "Tamil Nadu",
        "data_source_type": "OpenStreetMap Public Data"
      }
    },
    {
      "type": "Feature",
      "id": 1474518440,
      "geometry": {
        "type": "Point",
        "coordinates": [
          76.9922008,
          10.9978197
        ]
      },
      "properties": {
        "id": 1474518440,
        "name": "Iyengar bakery",
        "facility_type": "shop",
        "category": "Commercial POI",
        "capacity": 540,
        "district": "Coimbatore",
        "state": "Tamil Nadu",
        "data_source_type": "OpenStreetMap Public Data"
      }
    },
    {
      "type": "Feature",
      "id": 1474518442,
      "geometry": {
        "type": "Point",
        "coordinates": [
          76.9584667,
          10.9931646
        ]
      },
      "properties": {
        "id": 1474518442,
        "name": "Mosque",
        "facility_type": "temple",
        "category": "Religious POI",
        "capacity": 542,
        "district": "Coimbatore",
        "state": "Tamil Nadu",
        "data_source_type": "OpenStreetMap Public Data"
      }
    },
    {
      "type": "Feature",
      "id": 1474518443,
      "geometry": {
        "type": "Point",
        "coordinates": [
          76.997871,
          10.9975827
        ]
      },
      "properties": {
        "id": 1474518443,
        "name": "Ramanathapuram police station",
        "facility_type": "office",
        "category": "Company",
        "capacity": 543,
        "district": "Coimbatore",
        "state": "Tamil Nadu",
        "data_source_type": "OpenStreetMap Public Data"
      }
    },
    {
      "type": "Feature",
      "id": 1474518445,
      "geometry": {
        "type": "Point",
        "coordinates": [
          76.9862396,
          11.0124743
        ]
      },
      "properties": {
        "id": 1474518445,
        "name": "Vasan Eye Care Hospital",
        "facility_type": "hospital",
        "category": "Healthcare",
        "capacity": 545,
        "district": "Coimbatore",
        "state": "Tamil Nadu",
        "data_source_type": "OpenStreetMap Public Data"
      }
    },
    {
      "type": "Feature",
      "id": 1474518446,
      "geometry": {
        "type": "Point",
        "coordinates": [
          76.9568198,
          10.9929724
        ]
      },
      "properties": {
        "id": 1474518446,
        "name": "Sri Swarnambigai jewellers",
        "facility_type": "shop",
        "category": "Commercial POI",
        "capacity": 546,
        "district": "Coimbatore",
        "state": "Tamil Nadu",
        "data_source_type": "OpenStreetMap Public Data"
      }
    },
    {
      "type": "Feature",
      "id": 1474518448,
      "geometry": {
        "type": "Point",
        "coordinates": [
          76.9893791,
          11.009415
        ]
      },
      "properties": {
        "id": 1474518448,
        "name": "Coimbatore Kidney Centre",
        "facility_type": "hospital",
        "category": "Healthcare",
        "capacity": 548,
        "district": "Coimbatore",
        "state": "Tamil Nadu",
        "data_source_type": "OpenStreetMap Public Data"
      }
    },
    {
      "type": "Feature",
      "id": 1474518449,
      "geometry": {
        "type": "Point",
        "coordinates": [
          76.9590889,
          10.9931751
        ]
      },
      "properties": {
        "id": 1474518449,
        "name": "Kuttiappa silks",
        "facility_type": "shop",
        "category": "Commercial POI",
        "capacity": 549,
        "district": "Coimbatore",
        "state": "Tamil Nadu",
        "data_source_type": "OpenStreetMap Public Data"
      }
    },
    {
      "type": "Feature",
      "id": 1474518452,
      "geometry": {
        "type": "Point",
        "coordinates": [
          76.9922547,
          10.9974298
        ]
      },
      "properties": {
        "id": 1474518452,
        "name": "Ashika readymades",
        "facility_type": "shop",
        "category": "Commercial POI",
        "capacity": 552,
        "district": "Coimbatore",
        "state": "Tamil Nadu",
        "data_source_type": "OpenStreetMap Public Data"
      }
    },
    {
      "type": "Feature",
      "id": 1474518453,
      "geometry": {
        "type": "Point",
        "coordinates": [
          76.9921608,
          10.9974263
        ]
      },
      "properties": {
        "id": 1474518453,
        "name": "Cinderella",
        "facility_type": "shop",
        "category": "Commercial POI",
        "capacity": 553,
        "district": "Coimbatore",
        "state": "Tamil Nadu",
        "data_source_type": "OpenStreetMap Public Data"
      }
    },
    {
      "type": "Feature",
      "id": 1474518454,
      "geometry": {
        "type": "Point",
        "coordinates": [
          76.992587,
          10.9978934
        ]
      },
      "properties": {
        "id": 1474518454,
        "name": "POI 343",
        "facility_type": "shop",
        "category": "Commercial POI",
        "capacity": 554,
        "district": "Coimbatore",
        "state": "Tamil Nadu",
        "data_source_type": "OpenStreetMap Public Data"
      }
    },
    {
      "type": "Feature",
      "id": 1474518458,
      "geometry": {
        "type": "Point",
        "coordinates": [
          76.9906773,
          10.9982884
        ]
      },
      "properties": {
        "id": 1474518458,
        "name": "POI 344",
        "facility_type": "temple",
        "category": "Religious POI",
        "capacity": 558,
        "district": "Coimbatore",
        "state": "Tamil Nadu",
        "data_source_type": "OpenStreetMap Public Data"
      }
    },
    {
      "type": "Feature",
      "id": 1474726858,
      "geometry": {
        "type": "Point",
        "coordinates": [
          76.9639944,
          10.9944145
        ]
      },
      "properties": {
        "id": 1474726858,
        "name": "St.Fathima's School",
        "facility_type": "school",
        "category": "Education",
        "capacity": 458,
        "district": "Coimbatore",
        "state": "Tamil Nadu",
        "data_source_type": "OpenStreetMap Public Data"
      }
    },
    {
      "type": "Feature",
      "id": 1474730760,
      "geometry": {
        "type": "Point",
        "coordinates": [
          76.9639356,
          10.9940248
        ]
      },
      "properties": {
        "id": 1474730760,
        "name": "Higginbotham's",
        "facility_type": "shop",
        "category": "Commercial POI",
        "capacity": 360,
        "district": "Coimbatore",
        "state": "Tamil Nadu",
        "data_source_type": "OpenStreetMap Public Data"
      }
    },
    {
      "type": "Feature",
      "id": 1474730775,
      "geometry": {
        "type": "Point",
        "coordinates": [
          76.9637249,
          10.9936861
        ]
      },
      "properties": {
        "id": 1474730775,
        "name": "Koniamman Temple",
        "facility_type": "temple",
        "category": "Religious POI",
        "capacity": 375,
        "district": "Coimbatore",
        "state": "Tamil Nadu",
        "data_source_type": "OpenStreetMap Public Data"
      }
    },
    {
      "type": "Feature",
      "id": 1474737098,
      "geometry": {
        "type": "Point",
        "coordinates": [
          76.9636082,
          10.9943355
        ]
      },
      "properties": {
        "id": 1474737098,
        "name": "VIMAL'S SUITING",
        "facility_type": "shop",
        "category": "Commercial POI",
        "capacity": 198,
        "district": "Coimbatore",
        "state": "Tamil Nadu",
        "data_source_type": "OpenStreetMap Public Data"
      }
    },
    {
      "type": "Feature",
      "id": 1474742087,
      "geometry": {
        "type": "Point",
        "coordinates": [
          76.960867,
          10.9936377
        ]
      },
      "properties": {
        "id": 1474742087,
        "name": "AROMA BAKERY",
        "facility_type": "shop",
        "category": "Commercial POI",
        "capacity": 187,
        "district": "Coimbatore",
        "state": "Tamil Nadu",
        "data_source_type": "OpenStreetMap Public Data"
      }
    },
    {
      "type": "Feature",
      "id": 1474802929,
      "geometry": {
        "type": "Point",
        "coordinates": [
          76.9602009,
          10.989333
        ]
      },
      "properties": {
        "id": 1474802929,
        "name": "Market",
        "facility_type": "shop",
        "category": "Commercial POI",
        "capacity": 529,
        "district": "Coimbatore",
        "state": "Tamil Nadu",
        "data_source_type": "OpenStreetMap Public Data"
      }
    },
    {
      "type": "Feature",
      "id": 1474802998,
      "geometry": {
        "type": "Point",
        "coordinates": [
          76.9607655,
          10.9902815
        ]
      },
      "properties": {
        "id": 1474802998,
        "name": "Amman Temple",
        "facility_type": "temple",
        "category": "Religious POI",
        "capacity": 598,
        "district": "Coimbatore",
        "state": "Tamil Nadu",
        "data_source_type": "OpenStreetMap Public Data"
      }
    },
    {
      "type": "Feature",
      "id": 1474803271,
      "geometry": {
        "type": "Point",
        "coordinates": [
          76.9591307,
          10.9924847
        ]
      },
      "properties": {
        "id": 1474803271,
        "name": "B1 POLICE STATION",
        "facility_type": "office",
        "category": "Company",
        "capacity": 371,
        "district": "Coimbatore",
        "state": "Tamil Nadu",
        "data_source_type": "OpenStreetMap Public Data"
      }
    },
    {
      "type": "Feature",
      "id": 1474803272,
      "geometry": {
        "type": "Point",
        "coordinates": [
          76.9590529,
          10.9927638
        ]
      },
      "properties": {
        "id": 1474803272,
        "name": "JAIN TEMPLE",
        "facility_type": "temple",
        "category": "Religious POI",
        "capacity": 372,
        "district": "Coimbatore",
        "state": "Tamil Nadu",
        "data_source_type": "OpenStreetMap Public Data"
      }
    },
    {
      "type": "Feature",
      "id": 1474803273,
      "geometry": {
        "type": "Point",
        "coordinates": [
          76.9603672,
          10.9915553
        ]
      },
      "properties": {
        "id": 1474803273,
        "name": "gujarati gopalan temple",
        "facility_type": "temple",
        "category": "Religious POI",
        "capacity": 373,
        "district": "Coimbatore",
        "state": "Tamil Nadu",
        "data_source_type": "OpenStreetMap Public Data"
      }
    },
    {
      "type": "Feature",
      "id": 1474803274,
      "geometry": {
        "type": "Point",
        "coordinates": [
          76.9578433,
          10.9925558
        ]
      },
      "properties": {
        "id": 1474803274,
        "name": "VASAVI VIDYALAYA",
        "facility_type": "school",
        "category": "Education",
        "capacity": 374,
        "district": "Coimbatore",
        "state": "Tamil Nadu",
        "data_source_type": "OpenStreetMap Public Data"
      }
    },
    {
      "type": "Feature",
      "id": 1474803275,
      "geometry": {
        "type": "Point",
        "coordinates": [
          76.9579398,
          10.9923347
        ]
      },
      "properties": {
        "id": 1474803275,
        "name": "AROMA BAKERY",
        "facility_type": "shop",
        "category": "Commercial POI",
        "capacity": 375,
        "district": "Coimbatore",
        "state": "Tamil Nadu",
        "data_source_type": "OpenStreetMap Public Data"
      }
    },
    {
      "type": "Feature",
      "id": 1474803280,
      "geometry": {
        "type": "Point",
        "coordinates": [
          76.9571378,
          10.9921661
        ]
      },
      "properties": {
        "id": 1474803280,
        "name": "Kanika Vysial Temple",
        "facility_type": "temple",
        "category": "Religious POI",
        "capacity": 380,
        "district": "Coimbatore",
        "state": "Tamil Nadu",
        "data_source_type": "OpenStreetMap Public Data"
      }
    },
    {
      "type": "Feature",
      "id": 1474811252,
      "geometry": {
        "type": "Point",
        "coordinates": [
          76.9596028,
          10.9933721
        ]
      },
      "properties": {
        "id": 1474811252,
        "name": "KHADIM'S",
        "facility_type": "shop",
        "category": "Commercial POI",
        "capacity": 352,
        "district": "Coimbatore",
        "state": "Tamil Nadu",
        "data_source_type": "OpenStreetMap Public Data"
      }
    },
    {
      "type": "Feature",
      "id": 1474811254,
      "geometry": {
        "type": "Point",
        "coordinates": [
          76.9596162,
          10.9954258
        ]
      },
      "properties": {
        "id": 1474811254,
        "name": "NELLAI LALA",
        "facility_type": "shop",
        "category": "Commercial POI",
        "capacity": 354,
        "district": "Coimbatore",
        "state": "Tamil Nadu",
        "data_source_type": "OpenStreetMap Public Data"
      }
    },
    {
      "type": "Feature",
      "id": 1474811261,
      "geometry": {
        "type": "Point",
        "coordinates": [
          76.9598308,
          10.9937012
        ]
      },
      "properties": {
        "id": 1474811261,
        "name": "POTHYS",
        "facility_type": "shop",
        "category": "Commercial POI",
        "capacity": 361,
        "district": "Coimbatore",
        "state": "Tamil Nadu",
        "data_source_type": "OpenStreetMap Public Data"
      }
    },
    {
      "type": "Feature",
      "id": 1474815489,
      "geometry": {
        "type": "Point",
        "coordinates": [
          76.9582268,
          10.9954047
        ]
      },
      "properties": {
        "id": 1474815489,
        "name": "GROCERY MARKET",
        "facility_type": "shop",
        "category": "Commercial POI",
        "capacity": 589,
        "district": "Coimbatore",
        "state": "Tamil Nadu",
        "data_source_type": "OpenStreetMap Public Data"
      }
    },
    {
      "type": "Feature",
      "id": 1474815494,
      "geometry": {
        "type": "Point",
        "coordinates": [
          76.9571614,
          10.9935863
        ]
      },
      "properties": {
        "id": 1474815494,
        "name": "THIYAKI KUMARAN VEGETABLE MARKET",
        "facility_type": "shop",
        "category": "Commercial POI",
        "capacity": 594,
        "district": "Coimbatore",
        "state": "Tamil Nadu",
        "data_source_type": "OpenStreetMap Public Data"
      }
    },
    {
      "type": "Feature",
      "id": 1474818077,
      "geometry": {
        "type": "Point",
        "coordinates": [
          76.9559577,
          10.9948439
        ]
      },
      "properties": {
        "id": 1474818077,
        "name": "KIRTHILALS",
        "facility_type": "shop",
        "category": "Commercial POI",
        "capacity": 177,
        "district": "Coimbatore",
        "state": "Tamil Nadu",
        "data_source_type": "OpenStreetMap Public Data"
      }
    },
    {
      "type": "Feature",
      "id": 1474818078,
      "geometry": {
        "type": "Point",
        "coordinates": [
          76.9559389,
          10.9944358
        ]
      },
      "properties": {
        "id": 1474818078,
        "name": "NALLI SILKS",
        "facility_type": "shop",
        "category": "Commercial POI",
        "capacity": 178,
        "district": "Coimbatore",
        "state": "Tamil Nadu",
        "data_source_type": "OpenStreetMap Public Data"
      }
    },
    {
      "type": "Feature",
      "id": 1474818079,
      "geometry": {
        "type": "Point",
        "coordinates": [
          76.9561535,
          10.9948465
        ]
      },
      "properties": {
        "id": 1474818079,
        "name": "D.A.R PARADISE",
        "facility_type": "shop",
        "category": "Commercial POI",
        "capacity": 179,
        "district": "Coimbatore",
        "state": "Tamil Nadu",
        "data_source_type": "OpenStreetMap Public Data"
      }
    },
    {
      "type": "Feature",
      "id": 1474818961,
      "geometry": {
        "type": "Point",
        "coordinates": [
          76.9576072,
          10.9979324
        ]
      },
      "properties": {
        "id": 1474818961,
        "name": "Jain Temple",
        "facility_type": "temple",
        "category": "Religious POI",
        "capacity": 561,
        "district": "Coimbatore",
        "state": "Tamil Nadu",
        "data_source_type": "OpenStreetMap Public Data"
      }
    },
    {
      "type": "Feature",
      "id": 1474818962,
      "geometry": {
        "type": "Point",
        "coordinates": [
          76.9602814,
          10.9963631
        ]
      },
      "properties": {
        "id": 1474818962,
        "name": "CHENNAI SILKS",
        "facility_type": "shop",
        "category": "Commercial POI",
        "capacity": 562,
        "district": "Coimbatore",
        "state": "Tamil Nadu",
        "data_source_type": "OpenStreetMap Public Data"
      }
    },
    {
      "type": "Feature",
      "id": 1474818966,
      "geometry": {
        "type": "Point",
        "coordinates": [
          76.9589565,
          10.9963105
        ]
      },
      "properties": {
        "id": 1474818966,
        "name": "Krishna Temple",
        "facility_type": "temple",
        "category": "Religious POI",
        "capacity": 566,
        "district": "Coimbatore",
        "state": "Tamil Nadu",
        "data_source_type": "OpenStreetMap Public Data"
      }
    },
    {
      "type": "Feature",
      "id": 1474818981,
      "geometry": {
        "type": "Point",
        "coordinates": [
          76.9588814,
          10.9966895
        ]
      },
      "properties": {
        "id": 1474818981,
        "name": "NELLAI LALA",
        "facility_type": "shop",
        "category": "Commercial POI",
        "capacity": 581,
        "district": "Coimbatore",
        "state": "Tamil Nadu",
        "data_source_type": "OpenStreetMap Public Data"
      }
    },
    {
      "type": "Feature",
      "id": 1474872826,
      "geometry": {
        "type": "Point",
        "coordinates": [
          76.9906547,
          10.9977221
        ]
      },
      "properties": {
        "id": 1474872826,
        "name": "A1 chips",
        "facility_type": "shop",
        "category": "Commercial POI",
        "capacity": 426,
        "district": "Coimbatore",
        "state": "Tamil Nadu",
        "data_source_type": "OpenStreetMap Public Data"
      }
    },
    {
      "type": "Feature",
      "id": 1474872827,
      "geometry": {
        "type": "Point",
        "coordinates": [
          76.9893896,
          10.9982425
        ]
      },
      "properties": {
        "id": 1474872827,
        "name": "Alagendiran Auto parts",
        "facility_type": "shop",
        "category": "Commercial POI",
        "capacity": 427,
        "district": "Coimbatore",
        "state": "Tamil Nadu",
        "data_source_type": "OpenStreetMap Public Data"
      }
    },
    {
      "type": "Feature",
      "id": 1474872828,
      "geometry": {
        "type": "Point",
        "coordinates": [
          76.9891482,
          10.9982057
        ]
      },
      "properties": {
        "id": 1474872828,
        "name": "Sri Santosh bakery",
        "facility_type": "shop",
        "category": "Commercial POI",
        "capacity": 428,
        "district": "Coimbatore",
        "state": "Tamil Nadu",
        "data_source_type": "OpenStreetMap Public Data"
      }
    },
    {
      "type": "Feature",
      "id": 1474872829,
      "geometry": {
        "type": "Point",
        "coordinates": [
          76.9937206,
          10.9948602
        ]
      },
      "properties": {
        "id": 1474872829,
        "name": "Lakshmi Narasimha temple",
        "facility_type": "temple",
        "category": "Religious POI",
        "capacity": 429,
        "district": "Coimbatore",
        "state": "Tamil Nadu",
        "data_source_type": "OpenStreetMap Public Data"
      }
    },
    {
      "type": "Feature",
      "id": 1474872830,
      "geometry": {
        "type": "Point",
        "coordinates": [
          76.9893923,
          10.9978977
        ]
      },
      "properties": {
        "id": 1474872830,
        "name": "Clinic - Dr.Rajashree",
        "facility_type": "hospital",
        "category": "Healthcare",
        "capacity": 430,
        "district": "Coimbatore",
        "state": "Tamil Nadu",
        "data_source_type": "OpenStreetMap Public Data"
      }
    },
    {
      "type": "Feature",
      "id": 1474872831,
      "geometry": {
        "type": "Point",
        "coordinates": [
          76.9856131,
          10.9981635
        ]
      },
      "properties": {
        "id": 1474872831,
        "name": "Suguna chicken",
        "facility_type": "shop",
        "category": "Commercial POI",
        "capacity": 431,
        "district": "Coimbatore",
        "state": "Tamil Nadu",
        "data_source_type": "OpenStreetMap Public Data"
      }
    },
    {
      "type": "Feature",
      "id": 1474872833,
      "geometry": {
        "type": "Point",
        "coordinates": [
          76.9844758,
          10.9955885
        ]
      },
      "properties": {
        "id": 1474872833,
        "name": "Bishop Ambrose College",
        "facility_type": "school",
        "category": "Education",
        "capacity": 433,
        "district": "Coimbatore",
        "state": "Tamil Nadu",
        "data_source_type": "OpenStreetMap Public Data"
      }
    },
    {
      "type": "Feature",
      "id": 1474872836,
      "geometry": {
        "type": "Point",
        "coordinates": [
          76.99024,
          10.997788
        ]
      },
      "properties": {
        "id": 1474872836,
        "name": "Amman pazhamudhir nilayam",
        "facility_type": "shop",
        "category": "Commercial POI",
        "capacity": 436,
        "district": "Coimbatore",
        "state": "Tamil Nadu",
        "data_source_type": "OpenStreetMap Public Data"
      }
    },
    {
      "type": "Feature",
      "id": 1474872837,
      "geometry": {
        "type": "Point",
        "coordinates": [
          76.9929569,
          10.9967839
        ]
      },
      "properties": {
        "id": 1474872837,
        "name": "Ganesh temple",
        "facility_type": "temple",
        "category": "Religious POI",
        "capacity": 437,
        "district": "Coimbatore",
        "state": "Tamil Nadu",
        "data_source_type": "OpenStreetMap Public Data"
      }
    },
    {
      "type": "Feature",
      "id": 1474872838,
      "geometry": {
        "type": "Point",
        "coordinates": [
          76.9867132,
          10.998013
        ]
      },
      "properties": {
        "id": 1474872838,
        "name": "Steel house",
        "facility_type": "shop",
        "category": "Commercial POI",
        "capacity": 438,
        "district": "Coimbatore",
        "state": "Tamil Nadu",
        "data_source_type": "OpenStreetMap Public Data"
      }
    },
    {
      "type": "Feature",
      "id": 1474872839,
      "geometry": {
        "type": "Point",
        "coordinates": [
          76.9883167,
          10.9982109
        ]
      },
      "properties": {
        "id": 1474872839,
        "name": "Sri Krishna Sweets",
        "facility_type": "shop",
        "category": "Commercial POI",
        "capacity": 439,
        "district": "Coimbatore",
        "state": "Tamil Nadu",
        "data_source_type": "OpenStreetMap Public Data"
      }
    },
    {
      "type": "Feature",
      "id": 1474876595,
      "geometry": {
        "type": "Point",
        "coordinates": [
          76.9660718,
          11.0173165
        ]
      },
      "properties": {
        "id": 1474876595,
        "name": "Selvasingh stores",
        "facility_type": "shop",
        "category": "Commercial POI",
        "capacity": 195,
        "district": "Coimbatore",
        "state": "Tamil Nadu",
        "data_source_type": "OpenStreetMap Public Data"
      }
    },
    {
      "type": "Feature",
      "id": 1474876596,
      "geometry": {
        "type": "Point",
        "coordinates": [
          76.9676704,
          11.0169374
        ]
      },
      "properties": {
        "id": 1474876596,
        "name": "Mahaveers",
        "facility_type": "shop",
        "category": "Commercial POI",
        "capacity": 196,
        "district": "Coimbatore",
        "state": "Tamil Nadu",
        "data_source_type": "OpenStreetMap Public Data"
      }
    },
    {
      "type": "Feature",
      "id": 1474876597,
      "geometry": {
        "type": "Point",
        "coordinates": [
          76.9727344,
          11.0164319
        ]
      },
      "properties": {
        "id": 1474876597,
        "name": "Sony",
        "facility_type": "shop",
        "category": "Commercial POI",
        "capacity": 197,
        "district": "Coimbatore",
        "state": "Tamil Nadu",
        "data_source_type": "OpenStreetMap Public Data"
      }
    },
    {
      "type": "Feature",
      "id": 1474876600,
      "geometry": {
        "type": "Point",
        "coordinates": [
          76.9722195,
          11.0163792
        ]
      },
      "properties": {
        "id": 1474876600,
        "name": "Anjali Bakes",
        "facility_type": "shop",
        "category": "Commercial POI",
        "capacity": 200,
        "district": "Coimbatore",
        "state": "Tamil Nadu",
        "data_source_type": "OpenStreetMap Public Data"
      }
    },
    {
      "type": "Feature",
      "id": 1474876603,
      "geometry": {
        "type": "Point",
        "coordinates": [
          76.9772727,
          11.0180431
        ]
      },
      "properties": {
        "id": 1474876603,
        "name": "Srinivasa perumal temple",
        "facility_type": "temple",
        "category": "Religious POI",
        "capacity": 203,
        "district": "Coimbatore",
        "state": "Tamil Nadu",
        "data_source_type": "OpenStreetMap Public Data"
      }
    },
    {
      "type": "Feature",
      "id": 1474876604,
      "geometry": {
        "type": "Point",
        "coordinates": [
          76.9658143,
          11.017327
        ]
      },
      "properties": {
        "id": 1474876604,
        "name": "Joyalukkas",
        "facility_type": "shop",
        "category": "Commercial POI",
        "capacity": 204,
        "district": "Coimbatore",
        "state": "Tamil Nadu",
        "data_source_type": "OpenStreetMap Public Data"
      }
    },
    {
      "type": "Feature",
      "id": 1474876605,
      "geometry": {
        "type": "Point",
        "coordinates": [
          76.9642694,
          11.0172323
        ]
      },
      "properties": {
        "id": 1474876605,
        "name": "IAB",
        "facility_type": "shop",
        "category": "Commercial POI",
        "capacity": 205,
        "district": "Coimbatore",
        "state": "Tamil Nadu",
        "data_source_type": "OpenStreetMap Public Data"
      }
    },
    {
      "type": "Feature",
      "id": 1474915578,
      "geometry": {
        "type": "Point",
        "coordinates": [
          76.9482079,
          10.9380416
        ]
      },
      "properties": {
        "id": 1474915578,
        "name": "Bakery",
        "facility_type": "shop",
        "category": "Commercial POI",
        "capacity": 178,
        "district": "Coimbatore",
        "state": "Tamil Nadu",
        "data_source_type": "OpenStreetMap Public Data"
      }
    },
    {
      "type": "Feature",
      "id": 1474916874,
      "geometry": {
        "type": "Point",
        "coordinates": [
          76.9359176,
          10.9448921
        ]
      },
      "properties": {
        "id": 1474916874,
        "name": "Pillayar Temple",
        "facility_type": "temple",
        "category": "Religious POI",
        "capacity": 474,
        "district": "Coimbatore",
        "state": "Tamil Nadu",
        "data_source_type": "OpenStreetMap Public Data"
      }
    },
    {
      "type": "Feature",
      "id": 1474917902,
      "geometry": {
        "type": "Point",
        "coordinates": [
          76.9373707,
          10.9462272
        ]
      },
      "properties": {
        "id": 1474917902,
        "name": "Nilgiris Departmental Store",
        "facility_type": "shop",
        "category": "Commercial POI",
        "capacity": 502,
        "district": "Coimbatore",
        "state": "Tamil Nadu",
        "data_source_type": "OpenStreetMap Public Data"
      }
    },
    {
      "type": "Feature",
      "id": 1474923291,
      "geometry": {
        "type": "Point",
        "coordinates": [
          76.9369908,
          10.9414068
        ]
      },
      "properties": {
        "id": 1474923291,
        "name": "K. J. Hospital",
        "facility_type": "hospital",
        "category": "Healthcare",
        "capacity": 391,
        "district": "Coimbatore",
        "state": "Tamil Nadu",
        "data_source_type": "OpenStreetMap Public Data"
      }
    },
    {
      "type": "Feature",
      "id": 1482717579,
      "geometry": {
        "type": "Point",
        "coordinates": [
          76.9701007,
          11.0061218
        ]
      },
      "properties": {
        "id": 1482717579,
        "name": "Co-Optex",
        "facility_type": "shop",
        "category": "Commercial POI",
        "capacity": 179,
        "district": "Coimbatore",
        "state": "Tamil Nadu",
        "data_source_type": "OpenStreetMap Public Data"
      }
    },
    {
      "type": "Feature",
      "id": 1680101789,
      "geometry": {
        "type": "Point",
        "coordinates": [
          76.9738561,
          11.0246285
        ]
      },
      "properties": {
        "id": 1680101789,
        "name": "Bethel City Cathedral",
        "facility_type": "temple",
        "category": "Religious POI",
        "capacity": 389,
        "district": "Coimbatore",
        "state": "Tamil Nadu",
        "data_source_type": "OpenStreetMap Public Data"
      }
    },
    {
      "type": "Feature",
      "id": 1680232798,
      "geometry": {
        "type": "Point",
        "coordinates": [
          76.9354528,
          10.988383
        ]
      },
      "properties": {
        "id": 1680232798,
        "name": "POI 394",
        "facility_type": "office",
        "category": "Company",
        "capacity": 398,
        "district": "Coimbatore",
        "state": "Tamil Nadu",
        "data_source_type": "OpenStreetMap Public Data"
      }
    },
    {
      "type": "Feature",
      "id": 1680277854,
      "geometry": {
        "type": "Point",
        "coordinates": [
          76.9296259,
          10.9831973
        ]
      },
      "properties": {
        "id": 1680277854,
        "name": "POI 395",
        "facility_type": "temple",
        "category": "Religious POI",
        "capacity": 454,
        "district": "Coimbatore",
        "state": "Tamil Nadu",
        "data_source_type": "OpenStreetMap Public Data"
      }
    },
    {
      "type": "Feature",
      "id": 1680280850,
      "geometry": {
        "type": "Point",
        "coordinates": [
          76.9485563,
          10.9122192
        ]
      },
      "properties": {
        "id": 1680280850,
        "name": "CSI Church",
        "facility_type": "temple",
        "category": "Religious POI",
        "capacity": 450,
        "district": "Coimbatore",
        "state": "Tamil Nadu",
        "data_source_type": "OpenStreetMap Public Data"
      }
    },
    {
      "type": "Feature",
      "id": 1771099491,
      "geometry": {
        "type": "Point",
        "coordinates": [
          76.9884288,
          11.066428
        ]
      },
      "properties": {
        "id": 1771099491,
        "name": "Kaumaram Sushila International Residential School",
        "facility_type": "school",
        "category": "Education",
        "capacity": 591,
        "district": "Coimbatore",
        "state": "Tamil Nadu",
        "data_source_type": "OpenStreetMap Public Data"
      }
    },
    {
      "type": "Feature",
      "id": 1771151554,
      "geometry": {
        "type": "Point",
        "coordinates": [
          76.9617713,
          10.7380043
        ]
      },
      "properties": {
        "id": 1771151554,
        "name": "Kodi Thatha Samathi Mandir",
        "facility_type": "temple",
        "category": "Religious POI",
        "capacity": 154,
        "district": "Coimbatore",
        "state": "Tamil Nadu",
        "data_source_type": "OpenStreetMap Public Data"
      }
    },
    {
      "type": "Feature",
      "id": 1771158060,
      "geometry": {
        "type": "Point",
        "coordinates": [
          76.9944864,
          10.7501799
        ]
      },
      "properties": {
        "id": 1771158060,
        "name": "Soolakkal Mariamman Temple",
        "facility_type": "temple",
        "category": "Religious POI",
        "capacity": 160,
        "district": "Coimbatore",
        "state": "Tamil Nadu",
        "data_source_type": "OpenStreetMap Public Data"
      }
    },
    {
      "type": "Feature",
      "id": 1802481233,
      "geometry": {
        "type": "Point",
        "coordinates": [
          76.9607981,
          11.019224
        ]
      },
      "properties": {
        "id": 1802481233,
        "name": "PSR Silks",
        "facility_type": "shop",
        "category": "Commercial POI",
        "capacity": 333,
        "district": "Coimbatore",
        "state": "Tamil Nadu",
        "data_source_type": "OpenStreetMap Public Data"
      }
    },
    {
      "type": "Feature",
      "id": 1810900599,
      "geometry": {
        "type": "Point",
        "coordinates": [
          76.9715188,
          11.0263435
        ]
      },
      "properties": {
        "id": 1810900599,
        "name": "Prasad",
        "facility_type": "shop",
        "category": "Commercial POI",
        "capacity": 199,
        "district": "Coimbatore",
        "state": "Tamil Nadu",
        "data_source_type": "OpenStreetMap Public Data"
      }
    },
    {
      "type": "Feature",
      "id": 1828313742,
      "geometry": {
        "type": "Point",
        "coordinates": [
          76.9828578,
          11.0600842
        ]
      },
      "properties": {
        "id": 1828313742,
        "name": "Godhanda Ramar Temple",
        "facility_type": "temple",
        "category": "Religious POI",
        "capacity": 342,
        "district": "Coimbatore",
        "state": "Tamil Nadu",
        "data_source_type": "OpenStreetMap Public Data"
      }
    },
    {
      "type": "Feature",
      "id": 1913565236,
      "geometry": {
        "type": "Point",
        "coordinates": [
          76.9731186,
          11.0241826
        ]
      },
      "properties": {
        "id": 1913565236,
        "name": "Ashwin Hospital",
        "facility_type": "hospital",
        "category": "Healthcare",
        "capacity": 336,
        "district": "Coimbatore",
        "state": "Tamil Nadu",
        "data_source_type": "OpenStreetMap Public Data"
      }
    },
    {
      "type": "Feature",
      "id": 2017661235,
      "geometry": {
        "type": "Point",
        "coordinates": [
          76.9986536,
          11.0016933
        ]
      },
      "properties": {
        "id": 2017661235,
        "name": "Krishnaswamy Nagar - Ganga Nagar Matriculation School",
        "facility_type": "school",
        "category": "Education",
        "capacity": 335,
        "district": "Coimbatore",
        "state": "Tamil Nadu",
        "data_source_type": "OpenStreetMap Public Data"
      }
    },
    {
      "type": "Feature",
      "id": 2018158915,
      "geometry": {
        "type": "Point",
        "coordinates": [
          77.000998,
          11.0007141
        ]
      },
      "properties": {
        "id": 2018158915,
        "name": "Krishnaswamy Nagar Temple",
        "facility_type": "temple",
        "category": "Religious POI",
        "capacity": 515,
        "district": "Coimbatore",
        "state": "Tamil Nadu",
        "data_source_type": "OpenStreetMap Public Data"
      }
    },
    {
      "type": "Feature",
      "id": 2018173689,
      "geometry": {
        "type": "Point",
        "coordinates": [
          77.0078741,
          11.0089386
        ]
      },
      "properties": {
        "id": 2018173689,
        "name": "St. Xaviers Church",
        "facility_type": "temple",
        "category": "Religious POI",
        "capacity": 289,
        "district": "Coimbatore",
        "state": "Tamil Nadu",
        "data_source_type": "OpenStreetMap Public Data"
      }
    },
    {
      "type": "Feature",
      "id": 2053991413,
      "geometry": {
        "type": "Point",
        "coordinates": [
          76.9938556,
          11.0986881
        ]
      },
      "properties": {
        "id": 2053991413,
        "name": "Shridi Sai Baba Temple",
        "facility_type": "temple",
        "category": "Religious POI",
        "capacity": 513,
        "district": "Coimbatore",
        "state": "Tamil Nadu",
        "data_source_type": "OpenStreetMap Public Data"
      }
    },
    {
      "type": "Feature",
      "id": 2064199732,
      "geometry": {
        "type": "Point",
        "coordinates": [
          77.0105435,
          11.0938959
        ]
      },
      "properties": {
        "id": 2064199732,
        "name": "Karattumedu Temple",
        "facility_type": "temple",
        "category": "Religious POI",
        "capacity": 332,
        "district": "Coimbatore",
        "state": "Tamil Nadu",
        "data_source_type": "OpenStreetMap Public Data"
      }
    },
    {
      "type": "Feature",
      "id": 2071296043,
      "geometry": {
        "type": "Point",
        "coordinates": [
          77.0283128,
          11.0404484
        ]
      },
      "properties": {
        "id": 2071296043,
        "name": "ISKON Krishna Temple",
        "facility_type": "temple",
        "category": "Religious POI",
        "capacity": 143,
        "district": "Coimbatore",
        "state": "Tamil Nadu",
        "data_source_type": "OpenStreetMap Public Data"
      }
    },
    {
      "type": "Feature",
      "id": 2320342424,
      "geometry": {
        "type": "Point",
        "coordinates": [
          76.95874,
          11.2433443
        ]
      },
      "properties": {
        "id": 2320342424,
        "name": "POI 410",
        "facility_type": "temple",
        "category": "Religious POI",
        "capacity": 524,
        "district": "Coimbatore",
        "state": "Tamil Nadu",
        "data_source_type": "OpenStreetMap Public Data"
      }
    },
    {
      "type": "Feature",
      "id": 2379719981,
      "geometry": {
        "type": "Point",
        "coordinates": [
          76.9430819,
          11.2372366
        ]
      },
      "properties": {
        "id": 2379719981,
        "name": "TASMAC",
        "facility_type": "shop",
        "category": "Commercial POI",
        "capacity": 581,
        "district": "Coimbatore",
        "state": "Tamil Nadu",
        "data_source_type": "OpenStreetMap Public Data"
      }
    },
    {
      "type": "Feature",
      "id": 2393587268,
      "geometry": {
        "type": "Point",
        "coordinates": [
          76.962077,
          10.9895853
        ]
      },
      "properties": {
        "id": 2393587268,
        "name": "Old Book Market",
        "facility_type": "shop",
        "category": "Commercial POI",
        "capacity": 368,
        "district": "Coimbatore",
        "state": "Tamil Nadu",
        "data_source_type": "OpenStreetMap Public Data"
      }
    },
    {
      "type": "Feature",
      "id": 2400043295,
      "geometry": {
        "type": "Point",
        "coordinates": [
          76.9911493,
          11.0512369
        ]
      },
      "properties": {
        "id": 2400043295,
        "name": "POI 413",
        "facility_type": "shop",
        "category": "Commercial POI",
        "capacity": 395,
        "district": "Coimbatore",
        "state": "Tamil Nadu",
        "data_source_type": "OpenStreetMap Public Data"
      }
    },
    {
      "type": "Feature",
      "id": 2465106156,
      "geometry": {
        "type": "Point",
        "coordinates": [
          77.0340488,
          11.1334592
        ]
      },
      "properties": {
        "id": 2465106156,
        "name": "Aravindan Hospital",
        "facility_type": "hospital",
        "category": "Healthcare",
        "capacity": 256,
        "district": "Coimbatore",
        "state": "Tamil Nadu",
        "data_source_type": "OpenStreetMap Public Data"
      }
    },
    {
      "type": "Feature",
      "id": 2465137262,
      "geometry": {
        "type": "Point",
        "coordinates": [
          76.951039,
          11.0327016
        ]
      },
      "properties": {
        "id": 2465137262,
        "name": "Adyar Ananda Bhavan",
        "facility_type": "shop",
        "category": "Commercial POI",
        "capacity": 362,
        "district": "Coimbatore",
        "state": "Tamil Nadu",
        "data_source_type": "OpenStreetMap Public Data"
      }
    },
    {
      "type": "Feature",
      "id": 2537636108,
      "geometry": {
        "type": "Point",
        "coordinates": [
          76.9640458,
          11.0185996
        ]
      },
      "properties": {
        "id": 2537636108,
        "name": "Naira",
        "facility_type": "shop",
        "category": "Commercial POI",
        "capacity": 208,
        "district": "Coimbatore",
        "state": "Tamil Nadu",
        "data_source_type": "OpenStreetMap Public Data"
      }
    },
    {
      "type": "Feature",
      "id": 2537780271,
      "geometry": {
        "type": "Point",
        "coordinates": [
          76.9902571,
          11.0663459
        ]
      },
      "properties": {
        "id": 2537780271,
        "name": "Kaumaram Prashanthi Academy",
        "facility_type": "school",
        "category": "Education",
        "capacity": 371,
        "district": "Coimbatore",
        "state": "Tamil Nadu",
        "data_source_type": "OpenStreetMap Public Data"
      }
    },
    {
      "type": "Feature",
      "id": 2590582994,
      "geometry": {
        "type": "Point",
        "coordinates": [
          77.0193122,
          11.0323491
        ]
      },
      "properties": {
        "id": 2590582994,
        "name": "Bosch",
        "facility_type": "office",
        "category": "Company",
        "capacity": 594,
        "district": "Coimbatore",
        "state": "Tamil Nadu",
        "data_source_type": "OpenStreetMap Public Data"
      }
    },
    {
      "type": "Feature",
      "id": 2924574393,
      "geometry": {
        "type": "Point",
        "coordinates": [
          76.8352455,
          10.797314
        ]
      },
      "properties": {
        "id": 2924574393,
        "name": "Government Higher Secondary School",
        "facility_type": "school",
        "category": "Education",
        "capacity": 493,
        "district": "Coimbatore",
        "state": "Tamil Nadu",
        "data_source_type": "OpenStreetMap Public Data"
      }
    },
    {
      "type": "Feature",
      "id": 2956868591,
      "geometry": {
        "type": "Point",
        "coordinates": [
          76.9669649,
          11.0180088
        ]
      },
      "properties": {
        "id": 2956868591,
        "name": "Victory Media Service Newspaper Advertisement Agency",
        "facility_type": "office",
        "category": "Company",
        "capacity": 191,
        "district": "Coimbatore",
        "state": "Tamil Nadu",
        "data_source_type": "OpenStreetMap Public Data"
      }
    },
    {
      "type": "Feature",
      "id": 3127128477,
      "geometry": {
        "type": "Point",
        "coordinates": [
          76.9714462,
          10.9722701
        ]
      },
      "properties": {
        "id": 3127128477,
        "name": "Shafiya Hayathul Islam Sunnath Jamath Masjith",
        "facility_type": "temple",
        "category": "Religious POI",
        "capacity": 577,
        "district": "Coimbatore",
        "state": "Tamil Nadu",
        "data_source_type": "OpenStreetMap Public Data"
      }
    },
    {
      "type": "Feature",
      "id": 3204361322,
      "geometry": {
        "type": "Point",
        "coordinates": [
          76.9922666,
          10.9955292
        ]
      },
      "properties": {
        "id": 3204361322,
        "name": "Dhanvantri Temple",
        "facility_type": "temple",
        "category": "Religious POI",
        "capacity": 422,
        "district": "Coimbatore",
        "state": "Tamil Nadu",
        "data_source_type": "OpenStreetMap Public Data"
      }
    },
    {
      "type": "Feature",
      "id": 3204361323,
      "geometry": {
        "type": "Point",
        "coordinates": [
          76.9917076,
          10.995609
        ]
      },
      "properties": {
        "id": 3204361323,
        "name": "Arya Vaidya Pharmacy",
        "facility_type": "hospital",
        "category": "Healthcare",
        "capacity": 423,
        "district": "Coimbatore",
        "state": "Tamil Nadu",
        "data_source_type": "OpenStreetMap Public Data"
      }
    },
    {
      "type": "Feature",
      "id": 3204361326,
      "geometry": {
        "type": "Point",
        "coordinates": [
          76.9892704,
          10.9978638
        ]
      },
      "properties": {
        "id": 3204361326,
        "name": "Pricol Technologies",
        "facility_type": "office",
        "category": "Company",
        "capacity": 426,
        "district": "Coimbatore",
        "state": "Tamil Nadu",
        "data_source_type": "OpenStreetMap Public Data"
      }
    },
    {
      "type": "Feature",
      "id": 3204361347,
      "geometry": {
        "type": "Point",
        "coordinates": [
          76.9888345,
          10.995902
        ]
      },
      "properties": {
        "id": 3204361347,
        "name": "Amman Temple",
        "facility_type": "temple",
        "category": "Religious POI",
        "capacity": 447,
        "district": "Coimbatore",
        "state": "Tamil Nadu",
        "data_source_type": "OpenStreetMap Public Data"
      }
    },
    {
      "type": "Feature",
      "id": 3265240430,
      "geometry": {
        "type": "Point",
        "coordinates": [
          76.8877901,
          11.2208902
        ]
      },
      "properties": {
        "id": 3265240430,
        "name": "TASMAC liquor store",
        "facility_type": "shop",
        "category": "Commercial POI",
        "capacity": 530,
        "district": "Coimbatore",
        "state": "Tamil Nadu",
        "data_source_type": "OpenStreetMap Public Data"
      }
    },
    {
      "type": "Feature",
      "id": 3265309586,
      "geometry": {
        "type": "Point",
        "coordinates": [
          76.9061775,
          11.2339404
        ]
      },
      "properties": {
        "id": 3265309586,
        "name": "Marudur Panchayat Office",
        "facility_type": "office",
        "category": "Company",
        "capacity": 186,
        "district": "Coimbatore",
        "state": "Tamil Nadu",
        "data_source_type": "OpenStreetMap Public Data"
      }
    },
    {
      "type": "Feature",
      "id": 3265309587,
      "geometry": {
        "type": "Point",
        "coordinates": [
          76.9059808,
          11.233427
        ]
      },
      "properties": {
        "id": 3265309587,
        "name": "Marudur Co-operative Ration shop",
        "facility_type": "office",
        "category": "Company",
        "capacity": 187,
        "district": "Coimbatore",
        "state": "Tamil Nadu",
        "data_source_type": "OpenStreetMap Public Data"
      }
    },
    {
      "type": "Feature",
      "id": 3265309588,
      "geometry": {
        "type": "Point",
        "coordinates": [
          76.9087749,
          11.2360887
        ]
      },
      "properties": {
        "id": 3265309588,
        "name": "Makali Amman Temple",
        "facility_type": "temple",
        "category": "Religious POI",
        "capacity": 188,
        "district": "Coimbatore",
        "state": "Tamil Nadu",
        "data_source_type": "OpenStreetMap Public Data"
      }
    },
    {
      "type": "Feature",
      "id": 3268843751,
      "geometry": {
        "type": "Point",
        "coordinates": [
          76.9592537,
          11.2414964
        ]
      },
      "properties": {
        "id": 3268843751,
        "name": "Ayyappa Temple",
        "facility_type": "temple",
        "category": "Religious POI",
        "capacity": 351,
        "district": "Coimbatore",
        "state": "Tamil Nadu",
        "data_source_type": "OpenStreetMap Public Data"
      }
    },
    {
      "type": "Feature",
      "id": 3292275584,
      "geometry": {
        "type": "Point",
        "coordinates": [
          76.9008359,
          11.2327193
        ]
      },
      "properties": {
        "id": 3292275584,
        "name": "Spare parts",
        "facility_type": "shop",
        "category": "Commercial POI",
        "capacity": 184,
        "district": "Coimbatore",
        "state": "Tamil Nadu",
        "data_source_type": "OpenStreetMap Public Data"
      }
    },
    {
      "type": "Feature",
      "id": 3292281099,
      "geometry": {
        "type": "Point",
        "coordinates": [
          76.901477,
          11.2305146
        ]
      },
      "properties": {
        "id": 3292281099,
        "name": "Jeyamangala Anjaneya Temple",
        "facility_type": "temple",
        "category": "Religious POI",
        "capacity": 199,
        "district": "Coimbatore",
        "state": "Tamil Nadu",
        "data_source_type": "OpenStreetMap Public Data"
      }
    },
    {
      "type": "Feature",
      "id": 3292614954,
      "geometry": {
        "type": "Point",
        "coordinates": [
          76.9069924,
          11.2342916
        ]
      },
      "properties": {
        "id": 3292614954,
        "name": "POI 433",
        "facility_type": "shop",
        "category": "Commercial POI",
        "capacity": 554,
        "district": "Coimbatore",
        "state": "Tamil Nadu",
        "data_source_type": "OpenStreetMap Public Data"
      }
    },
    {
      "type": "Feature",
      "id": 3293805158,
      "geometry": {
        "type": "Point",
        "coordinates": [
          76.9225145,
          11.2403228
        ]
      },
      "properties": {
        "id": 3293805158,
        "name": "Thimmaraya Perumal Temple",
        "facility_type": "temple",
        "category": "Religious POI",
        "capacity": 258,
        "district": "Coimbatore",
        "state": "Tamil Nadu",
        "data_source_type": "OpenStreetMap Public Data"
      }
    },
    {
      "type": "Feature",
      "id": 3293805165,
      "geometry": {
        "type": "Point",
        "coordinates": [
          76.9338668,
          11.2358331
        ]
      },
      "properties": {
        "id": 3293805165,
        "name": "POI 435",
        "facility_type": "school",
        "category": "Education",
        "capacity": 265,
        "district": "Coimbatore",
        "state": "Tamil Nadu",
        "data_source_type": "OpenStreetMap Public Data"
      }
    },
    {
      "type": "Feature",
      "id": 3293805386,
      "geometry": {
        "type": "Point",
        "coordinates": [
          76.9224708,
          11.2374895
        ]
      },
      "properties": {
        "id": 3293805386,
        "name": "panchayat union middle school",
        "facility_type": "school",
        "category": "Education",
        "capacity": 486,
        "district": "Coimbatore",
        "state": "Tamil Nadu",
        "data_source_type": "OpenStreetMap Public Data"
      }
    },
    {
      "type": "Feature",
      "id": 3302152187,
      "geometry": {
        "type": "Point",
        "coordinates": [
          76.9353825,
          10.9483253
        ]
      },
      "properties": {
        "id": 3302152187,
        "name": "Ganga General Stores",
        "facility_type": "shop",
        "category": "Commercial POI",
        "capacity": 287,
        "district": "Coimbatore",
        "state": "Tamil Nadu",
        "data_source_type": "OpenStreetMap Public Data"
      }
    },
    {
      "type": "Feature",
      "id": 3302171404,
      "geometry": {
        "type": "Point",
        "coordinates": [
          76.8768426,
          10.9175836
        ]
      },
      "properties": {
        "id": 3302171404,
        "name": "Aiyyasamy Koil (Temple)",
        "facility_type": "temple",
        "category": "Religious POI",
        "capacity": 504,
        "district": "Coimbatore",
        "state": "Tamil Nadu",
        "data_source_type": "OpenStreetMap Public Data"
      }
    },
    {
      "type": "Feature",
      "id": 3429753456,
      "geometry": {
        "type": "Point",
        "coordinates": [
          77.0479333,
          11.0029521
        ]
      },
      "properties": {
        "id": 3429753456,
        "name": "Electricy Board Office",
        "facility_type": "office",
        "category": "Company",
        "capacity": 556,
        "district": "Coimbatore",
        "state": "Tamil Nadu",
        "data_source_type": "OpenStreetMap Public Data"
      }
    },
    {
      "type": "Feature",
      "id": 3429753459,
      "geometry": {
        "type": "Point",
        "coordinates": [
          77.044833,
          11.0034006
        ]
      },
      "properties": {
        "id": 3429753459,
        "name": "Star Bike Works",
        "facility_type": "shop",
        "category": "Commercial POI",
        "capacity": 559,
        "district": "Coimbatore",
        "state": "Tamil Nadu",
        "data_source_type": "OpenStreetMap Public Data"
      }
    },
    {
      "type": "Feature",
      "id": 3429754964,
      "geometry": {
        "type": "Point",
        "coordinates": [
          77.0448331,
          11.0015077
        ]
      },
      "properties": {
        "id": 3429754964,
        "name": "POI 441",
        "facility_type": "temple",
        "category": "Religious POI",
        "capacity": 564,
        "district": "Coimbatore",
        "state": "Tamil Nadu",
        "data_source_type": "OpenStreetMap Public Data"
      }
    },
    {
      "type": "Feature",
      "id": 3429755002,
      "geometry": {
        "type": "Point",
        "coordinates": [
          77.0452683,
          11.0018683
        ]
      },
      "properties": {
        "id": 3429755002,
        "name": "POI 442",
        "facility_type": "office",
        "category": "Company",
        "capacity": 102,
        "district": "Coimbatore",
        "state": "Tamil Nadu",
        "data_source_type": "OpenStreetMap Public Data"
      }
    },
    {
      "type": "Feature",
      "id": 3429755036,
      "geometry": {
        "type": "Point",
        "coordinates": [
          77.0489181,
          11.0029014
        ]
      },
      "properties": {
        "id": 3429755036,
        "name": "POI 443",
        "facility_type": "shop",
        "category": "Commercial POI",
        "capacity": 136,
        "district": "Coimbatore",
        "state": "Tamil Nadu",
        "data_source_type": "OpenStreetMap Public Data"
      }
    },
    {
      "type": "Feature",
      "id": 3429755037,
      "geometry": {
        "type": "Point",
        "coordinates": [
          77.0448674,
          11.0030212
        ]
      },
      "properties": {
        "id": 3429755037,
        "name": "POI 444",
        "facility_type": "shop",
        "category": "Commercial POI",
        "capacity": 137,
        "district": "Coimbatore",
        "state": "Tamil Nadu",
        "data_source_type": "OpenStreetMap Public Data"
      }
    },
    {
      "type": "Feature",
      "id": 3429755041,
      "geometry": {
        "type": "Point",
        "coordinates": [
          77.0448512,
          11.0032814
        ]
      },
      "properties": {
        "id": 3429755041,
        "name": "POI 445",
        "facility_type": "shop",
        "category": "Commercial POI",
        "capacity": 141,
        "district": "Coimbatore",
        "state": "Tamil Nadu",
        "data_source_type": "OpenStreetMap Public Data"
      }
    },
    {
      "type": "Feature",
      "id": 3448046126,
      "geometry": {
        "type": "Point",
        "coordinates": [
          76.9265234,
          11.037972
        ]
      },
      "properties": {
        "id": 3448046126,
        "name": "POI 446",
        "facility_type": "shop",
        "category": "Commercial POI",
        "capacity": 226,
        "district": "Coimbatore",
        "state": "Tamil Nadu",
        "data_source_type": "OpenStreetMap Public Data"
      }
    },
    {
      "type": "Feature",
      "id": 3571495701,
      "geometry": {
        "type": "Point",
        "coordinates": [
          76.9754173,
          11.0305225
        ]
      },
      "properties": {
        "id": 3571495701,
        "name": "Kannan Departmental Stores",
        "facility_type": "shop",
        "category": "Commercial POI",
        "capacity": 301,
        "district": "Coimbatore",
        "state": "Tamil Nadu",
        "data_source_type": "OpenStreetMap Public Data"
      }
    },
    {
      "type": "Feature",
      "id": 3571694093,
      "geometry": {
        "type": "Point",
        "coordinates": [
          76.9715748,
          11.0250344
        ]
      },
      "properties": {
        "id": 3571694093,
        "name": "Rathinapuri Police Station",
        "facility_type": "office",
        "category": "Company",
        "capacity": 193,
        "district": "Coimbatore",
        "state": "Tamil Nadu",
        "data_source_type": "OpenStreetMap Public Data"
      }
    },
    {
      "type": "Feature",
      "id": 3576255653,
      "geometry": {
        "type": "Point",
        "coordinates": [
          77.0381478,
          11.0432551
        ]
      },
      "properties": {
        "id": 3576255653,
        "name": "Premier Supermarket",
        "facility_type": "shop",
        "category": "Commercial POI",
        "capacity": 253,
        "district": "Coimbatore",
        "state": "Tamil Nadu",
        "data_source_type": "OpenStreetMap Public Data"
      }
    },
    {
      "type": "Feature",
      "id": 3576255654,
      "geometry": {
        "type": "Point",
        "coordinates": [
          77.0380727,
          11.0432051
        ]
      },
      "properties": {
        "id": 3576255654,
        "name": "Veggie fresh",
        "facility_type": "shop",
        "category": "Commercial POI",
        "capacity": 254,
        "district": "Coimbatore",
        "state": "Tamil Nadu",
        "data_source_type": "OpenStreetMap Public Data"
      }
    },
    {
      "type": "Feature",
      "id": 3576258608,
      "geometry": {
        "type": "Point",
        "coordinates": [
          77.0378794,
          11.0443625
        ]
      },
      "properties": {
        "id": 3576258608,
        "name": "Covai Veg and Fruits",
        "facility_type": "shop",
        "category": "Commercial POI",
        "capacity": 208,
        "district": "Coimbatore",
        "state": "Tamil Nadu",
        "data_source_type": "OpenStreetMap Public Data"
      }
    },
    {
      "type": "Feature",
      "id": 3576273772,
      "geometry": {
        "type": "Point",
        "coordinates": [
          76.9434814,
          11.0806351
        ]
      },
      "properties": {
        "id": 3576273772,
        "name": "Kavundampalayam Constituency MLA Office",
        "facility_type": "office",
        "category": "Company",
        "capacity": 372,
        "district": "Coimbatore",
        "state": "Tamil Nadu",
        "data_source_type": "OpenStreetMap Public Data"
      }
    },
    {
      "type": "Feature",
      "id": 3576344395,
      "geometry": {
        "type": "Point",
        "coordinates": [
          76.9280387,
          11.0483035
        ]
      },
      "properties": {
        "id": 3576344395,
        "name": "Balaji Vegetables and Fruits",
        "facility_type": "shop",
        "category": "Commercial POI",
        "capacity": 495,
        "district": "Coimbatore",
        "state": "Tamil Nadu",
        "data_source_type": "OpenStreetMap Public Data"
      }
    },
    {
      "type": "Feature",
      "id": 3624486823,
      "geometry": {
        "type": "Point",
        "coordinates": [
          77.0018563,
          11.0277466
        ]
      },
      "properties": {
        "id": 3624486823,
        "name": "Peelamedu Ayyappan Kovil",
        "facility_type": "temple",
        "category": "Religious POI",
        "capacity": 423,
        "district": "Coimbatore",
        "state": "Tamil Nadu",
        "data_source_type": "OpenStreetMap Public Data"
      }
    },
    {
      "type": "Feature",
      "id": 3661781260,
      "geometry": {
        "type": "Point",
        "coordinates": [
          76.8177068,
          10.9726128
        ]
      },
      "properties": {
        "id": 3661781260,
        "name": "Kariyakaali Amman Temple",
        "facility_type": "temple",
        "category": "Religious POI",
        "capacity": 360,
        "district": "Coimbatore",
        "state": "Tamil Nadu",
        "data_source_type": "OpenStreetMap Public Data"
      }
    },
    {
      "type": "Feature",
      "id": 3781623526,
      "geometry": {
        "type": "Point",
        "coordinates": [
          76.9543156,
          10.957713
        ]
      },
      "properties": {
        "id": 3781623526,
        "name": "Vasan Eye Care Hospital, Kuniamuthoor",
        "facility_type": "hospital",
        "category": "Healthcare",
        "capacity": 126,
        "district": "Coimbatore",
        "state": "Tamil Nadu",
        "data_source_type": "OpenStreetMap Public Data"
      }
    },
    {
      "type": "Feature",
      "id": 3891556867,
      "geometry": {
        "type": "Point",
        "coordinates": [
          77.0455742,
          11.0042615
        ]
      },
      "properties": {
        "id": 3891556867,
        "name": "POI 457",
        "facility_type": "school",
        "category": "Education",
        "capacity": 467,
        "district": "Coimbatore",
        "state": "Tamil Nadu",
        "data_source_type": "OpenStreetMap Public Data"
      }
    },
    {
      "type": "Feature",
      "id": 3933476072,
      "geometry": {
        "type": "Point",
        "coordinates": [
          76.9630341,
          10.9945526
        ]
      },
      "properties": {
        "id": 3933476072,
        "name": "Tamil Evangelical Lutheran Church",
        "facility_type": "temple",
        "category": "Religious POI",
        "capacity": 172,
        "district": "Coimbatore",
        "state": "Tamil Nadu",
        "data_source_type": "OpenStreetMap Public Data"
      }
    },
    {
      "type": "Feature",
      "id": 3935510641,
      "geometry": {
        "type": "Point",
        "coordinates": [
          76.9833627,
          11.0420447
        ]
      },
      "properties": {
        "id": 3935510641,
        "name": "Pazhamudhir Nilayam",
        "facility_type": "shop",
        "category": "Commercial POI",
        "capacity": 241,
        "district": "Coimbatore",
        "state": "Tamil Nadu",
        "data_source_type": "OpenStreetMap Public Data"
      }
    },
    {
      "type": "Feature",
      "id": 3935613630,
      "geometry": {
        "type": "Point",
        "coordinates": [
          77.0037457,
          11.0748895
        ]
      },
      "properties": {
        "id": 3935613630,
        "name": "POI 460",
        "facility_type": "office",
        "category": "Company",
        "capacity": 230,
        "district": "Coimbatore",
        "state": "Tamil Nadu",
        "data_source_type": "OpenStreetMap Public Data"
      }
    },
    {
      "type": "Feature",
      "id": 3961186619,
      "geometry": {
        "type": "Point",
        "coordinates": [
          76.9422109,
          11.0819758
        ]
      },
      "properties": {
        "id": 3961186619,
        "name": "Aravaan Temple",
        "facility_type": "temple",
        "category": "Religious POI",
        "capacity": 219,
        "district": "Coimbatore",
        "state": "Tamil Nadu",
        "data_source_type": "OpenStreetMap Public Data"
      }
    },
    {
      "type": "Feature",
      "id": 3961186620,
      "geometry": {
        "type": "Point",
        "coordinates": [
          76.9421464,
          11.0817832
        ]
      },
      "properties": {
        "id": 3961186620,
        "name": "Bala Vinayagar Temple",
        "facility_type": "temple",
        "category": "Religious POI",
        "capacity": 220,
        "district": "Coimbatore",
        "state": "Tamil Nadu",
        "data_source_type": "OpenStreetMap Public Data"
      }
    },
    {
      "type": "Feature",
      "id": 3961186621,
      "geometry": {
        "type": "Point",
        "coordinates": [
          76.9424271,
          11.081799
        ]
      },
      "properties": {
        "id": 3961186621,
        "name": "Bala anjaneyar Temple",
        "facility_type": "temple",
        "category": "Religious POI",
        "capacity": 221,
        "district": "Coimbatore",
        "state": "Tamil Nadu",
        "data_source_type": "OpenStreetMap Public Data"
      }
    },
    {
      "type": "Feature",
      "id": 3961274628,
      "geometry": {
        "type": "Point",
        "coordinates": [
          76.9417232,
          11.0809794
        ]
      },
      "properties": {
        "id": 3961274628,
        "name": "Thudiyalur Daily Market",
        "facility_type": "shop",
        "category": "Commercial POI",
        "capacity": 228,
        "district": "Coimbatore",
        "state": "Tamil Nadu",
        "data_source_type": "OpenStreetMap Public Data"
      }
    },
    {
      "type": "Feature",
      "id": 3964515538,
      "geometry": {
        "type": "Point",
        "coordinates": [
          76.962161,
          10.9977678
        ]
      },
      "properties": {
        "id": 3964515538,
        "name": "Elite Furniture Mart",
        "facility_type": "shop",
        "category": "Commercial POI",
        "capacity": 138,
        "district": "Coimbatore",
        "state": "Tamil Nadu",
        "data_source_type": "OpenStreetMap Public Data"
      }
    },
    {
      "type": "Feature",
      "id": 3964515539,
      "geometry": {
        "type": "Point",
        "coordinates": [
          76.9635551,
          11.0098975
        ]
      },
      "properties": {
        "id": 3964515539,
        "name": "Elite Furniture Mart",
        "facility_type": "shop",
        "category": "Commercial POI",
        "capacity": 139,
        "district": "Coimbatore",
        "state": "Tamil Nadu",
        "data_source_type": "OpenStreetMap Public Data"
      }
    },
    {
      "type": "Feature",
      "id": 3999484792,
      "geometry": {
        "type": "Point",
        "coordinates": [
          76.9008561,
          11.023021
        ]
      },
      "properties": {
        "id": 3999484792,
        "name": "Vinayagar Kovil",
        "facility_type": "temple",
        "category": "Religious POI",
        "capacity": 392,
        "district": "Coimbatore",
        "state": "Tamil Nadu",
        "data_source_type": "OpenStreetMap Public Data"
      }
    },
    {
      "type": "Feature",
      "id": 4036184659,
      "geometry": {
        "type": "Point",
        "coordinates": [
          76.9415383,
          11.0808927
        ]
      },
      "properties": {
        "id": 4036184659,
        "name": "The Chennai Mobiles",
        "facility_type": "shop",
        "category": "Commercial POI",
        "capacity": 259,
        "district": "Coimbatore",
        "state": "Tamil Nadu",
        "data_source_type": "OpenStreetMap Public Data"
      }
    },
    {
      "type": "Feature",
      "id": 4078505365,
      "geometry": {
        "type": "Point",
        "coordinates": [
          76.9824028,
          10.9989009
        ]
      },
      "properties": {
        "id": 4078505365,
        "name": "Big Bazaar",
        "facility_type": "shop",
        "category": "Commercial POI",
        "capacity": 465,
        "district": "Coimbatore",
        "state": "Tamil Nadu",
        "data_source_type": "OpenStreetMap Public Data"
      }
    },
    {
      "type": "Feature",
      "id": 4078505530,
      "geometry": {
        "type": "Point",
        "coordinates": [
          76.9769123,
          11.0173902
        ]
      },
      "properties": {
        "id": 4078505530,
        "name": "Iswarya Fertility Test Tube Baby and Research Centre",
        "facility_type": "hospital",
        "category": "Healthcare",
        "capacity": 130,
        "district": "Coimbatore",
        "state": "Tamil Nadu",
        "data_source_type": "OpenStreetMap Public Data"
      }
    },
    {
      "type": "Feature",
      "id": 4147251489,
      "geometry": {
        "type": "Point",
        "coordinates": [
          76.9032392,
          11.0282137
        ]
      },
      "properties": {
        "id": 4147251489,
        "name": "Barani's Saloon",
        "facility_type": "shop",
        "category": "Commercial POI",
        "capacity": 589,
        "district": "Coimbatore",
        "state": "Tamil Nadu",
        "data_source_type": "OpenStreetMap Public Data"
      }
    },
    {
      "type": "Feature",
      "id": 4185045390,
      "geometry": {
        "type": "Point",
        "coordinates": [
          76.9642774,
          11.0149765
        ]
      },
      "properties": {
        "id": 4185045390,
        "name": "Clarity Imaging Centre",
        "facility_type": "hospital",
        "category": "Healthcare",
        "capacity": 490,
        "district": "Coimbatore",
        "state": "Tamil Nadu",
        "data_source_type": "OpenStreetMap Public Data"
      }
    },
    {
      "type": "Feature",
      "id": 4191986836,
      "geometry": {
        "type": "Point",
        "coordinates": [
          76.989969,
          11.0170272
        ]
      },
      "properties": {
        "id": 4191986836,
        "name": "Hindustan Travels",
        "facility_type": "shop",
        "category": "Commercial POI",
        "capacity": 436,
        "district": "Coimbatore",
        "state": "Tamil Nadu",
        "data_source_type": "OpenStreetMap Public Data"
      }
    },
    {
      "type": "Feature",
      "id": 4203547389,
      "geometry": {
        "type": "Point",
        "coordinates": [
          76.9103076,
          11.0234149
        ]
      },
      "properties": {
        "id": 4203547389,
        "name": "Microbiological Laboratory",
        "facility_type": "hospital",
        "category": "Healthcare",
        "capacity": 489,
        "district": "Coimbatore",
        "state": "Tamil Nadu",
        "data_source_type": "OpenStreetMap Public Data"
      }
    },
    {
      "type": "Feature",
      "id": 4235065498,
      "geometry": {
        "type": "Point",
        "coordinates": [
          76.9609226,
          10.9953065
        ]
      },
      "properties": {
        "id": 4235065498,
        "name": "5 Corner Mosque",
        "facility_type": "temple",
        "category": "Religious POI",
        "capacity": 598,
        "district": "Coimbatore",
        "state": "Tamil Nadu",
        "data_source_type": "OpenStreetMap Public Data"
      }
    },
    {
      "type": "Feature",
      "id": 4235065590,
      "geometry": {
        "type": "Point",
        "coordinates": [
          76.9619466,
          10.9905053
        ]
      },
      "properties": {
        "id": 4235065590,
        "name": "Mosque - Kerala Muslim Jamaat",
        "facility_type": "temple",
        "category": "Religious POI",
        "capacity": 190,
        "district": "Coimbatore",
        "state": "Tamil Nadu",
        "data_source_type": "OpenStreetMap Public Data"
      }
    },
    {
      "type": "Feature",
      "id": 4240851701,
      "geometry": {
        "type": "Point",
        "coordinates": [
          76.9021316,
          11.0249685
        ]
      },
      "properties": {
        "id": 4240851701,
        "name": "Day to Day",
        "facility_type": "shop",
        "category": "Commercial POI",
        "capacity": 301,
        "district": "Coimbatore",
        "state": "Tamil Nadu",
        "data_source_type": "OpenStreetMap Public Data"
      }
    },
    {
      "type": "Feature",
      "id": 4258613289,
      "geometry": {
        "type": "Point",
        "coordinates": [
          76.910828,
          11.0233164
        ]
      },
      "properties": {
        "id": 4258613289,
        "name": "Kovai Pazhamudir Nilayam",
        "facility_type": "shop",
        "category": "Commercial POI",
        "capacity": 389,
        "district": "Coimbatore",
        "state": "Tamil Nadu",
        "data_source_type": "OpenStreetMap Public Data"
      }
    },
    {
      "type": "Feature",
      "id": 4259650392,
      "geometry": {
        "type": "Point",
        "coordinates": [
          77.0328061,
          11.0018351
        ]
      },
      "properties": {
        "id": 4259650392,
        "name": "Ortho One",
        "facility_type": "hospital",
        "category": "Healthcare",
        "capacity": 492,
        "district": "Coimbatore",
        "state": "Tamil Nadu",
        "data_source_type": "OpenStreetMap Public Data"
      }
    },
    {
      "type": "Feature",
      "id": 4268063853,
      "geometry": {
        "type": "Point",
        "coordinates": [
          76.9766043,
          11.0362328
        ]
      },
      "properties": {
        "id": 4268063853,
        "name": "POI 480",
        "facility_type": "shop",
        "category": "Commercial POI",
        "capacity": 453,
        "district": "Coimbatore",
        "state": "Tamil Nadu",
        "data_source_type": "OpenStreetMap Public Data"
      }
    },
    {
      "type": "Feature",
      "id": 4268063854,
      "geometry": {
        "type": "Point",
        "coordinates": [
          76.9766888,
          11.0361209
        ]
      },
      "properties": {
        "id": 4268063854,
        "name": "POI 481",
        "facility_type": "shop",
        "category": "Commercial POI",
        "capacity": 454,
        "district": "Coimbatore",
        "state": "Tamil Nadu",
        "data_source_type": "OpenStreetMap Public Data"
      }
    },
    {
      "type": "Feature",
      "id": 4270399789,
      "geometry": {
        "type": "Point",
        "coordinates": [
          76.9682045,
          11.0028383
        ]
      },
      "properties": {
        "id": 4270399789,
        "name": "Jayachandra Bearings Pvt Ltd",
        "facility_type": "shop",
        "category": "Commercial POI",
        "capacity": 389,
        "district": "Coimbatore",
        "state": "Tamil Nadu",
        "data_source_type": "OpenStreetMap Public Data"
      }
    },
    {
      "type": "Feature",
      "id": 4273490293,
      "geometry": {
        "type": "Point",
        "coordinates": [
          76.9365629,
          11.110644
        ]
      },
      "properties": {
        "id": 4273490293,
        "name": "Sri Vidya Bakes",
        "facility_type": "shop",
        "category": "Commercial POI",
        "capacity": 393,
        "district": "Coimbatore",
        "state": "Tamil Nadu",
        "data_source_type": "OpenStreetMap Public Data"
      }
    },
    {
      "type": "Feature",
      "id": 4273577693,
      "geometry": {
        "type": "Point",
        "coordinates": [
          76.9698782,
          11.2370331
        ]
      },
      "properties": {
        "id": 4273577693,
        "name": "Surya Bakery",
        "facility_type": "shop",
        "category": "Commercial POI",
        "capacity": 293,
        "district": "Coimbatore",
        "state": "Tamil Nadu",
        "data_source_type": "OpenStreetMap Public Data"
      }
    },
    {
      "type": "Feature",
      "id": 4273581192,
      "geometry": {
        "type": "Point",
        "coordinates": [
          76.9702877,
          11.0166623
        ]
      },
      "properties": {
        "id": 4273581192,
        "name": "Sri Prasana Lakshmi bakery",
        "facility_type": "shop",
        "category": "Commercial POI",
        "capacity": 292,
        "district": "Coimbatore",
        "state": "Tamil Nadu",
        "data_source_type": "OpenStreetMap Public Data"
      }
    },
    {
      "type": "Feature",
      "id": 4273581194,
      "geometry": {
        "type": "Point",
        "coordinates": [
          76.95966,
          11.2414486
        ]
      },
      "properties": {
        "id": 4273581194,
        "name": "Saravana textiles",
        "facility_type": "shop",
        "category": "Commercial POI",
        "capacity": 294,
        "district": "Coimbatore",
        "state": "Tamil Nadu",
        "data_source_type": "OpenStreetMap Public Data"
      }
    },
    {
      "type": "Feature",
      "id": 4273661190,
      "geometry": {
        "type": "Point",
        "coordinates": [
          76.978713,
          11.0213678
        ]
      },
      "properties": {
        "id": 4273661190,
        "name": "Kings Bakers",
        "facility_type": "shop",
        "category": "Commercial POI",
        "capacity": 290,
        "district": "Coimbatore",
        "state": "Tamil Nadu",
        "data_source_type": "OpenStreetMap Public Data"
      }
    },
    {
      "type": "Feature",
      "id": 4275430420,
      "geometry": {
        "type": "Point",
        "coordinates": [
          76.9427442,
          11.0827084
        ]
      },
      "properties": {
        "id": 4275430420,
        "name": "Government Urban Primary Health Center",
        "facility_type": "hospital",
        "category": "Healthcare",
        "capacity": 520,
        "district": "Coimbatore",
        "state": "Tamil Nadu",
        "data_source_type": "OpenStreetMap Public Data"
      }
    },
    {
      "type": "Feature",
      "id": 4277722890,
      "geometry": {
        "type": "Point",
        "coordinates": [
          76.9473198,
          11.0118502
        ]
      },
      "properties": {
        "id": 4277722890,
        "name": "Aishu's",
        "facility_type": "shop",
        "category": "Commercial POI",
        "capacity": 490,
        "district": "Coimbatore",
        "state": "Tamil Nadu",
        "data_source_type": "OpenStreetMap Public Data"
      }
    },
    {
      "type": "Feature",
      "id": 4277722989,
      "geometry": {
        "type": "Point",
        "coordinates": [
          76.9470525,
          11.0117772
        ]
      },
      "properties": {
        "id": 4277722989,
        "name": "Green Basket",
        "facility_type": "shop",
        "category": "Commercial POI",
        "capacity": 589,
        "district": "Coimbatore",
        "state": "Tamil Nadu",
        "data_source_type": "OpenStreetMap Public Data"
      }
    },
    {
      "type": "Feature",
      "id": 4280076604,
      "geometry": {
        "type": "Point",
        "coordinates": [
          76.9977962,
          11.0005867
        ]
      },
      "properties": {
        "id": 4280076604,
        "name": "Ration Shop",
        "facility_type": "shop",
        "category": "Commercial POI",
        "capacity": 204,
        "district": "Coimbatore",
        "state": "Tamil Nadu",
        "data_source_type": "OpenStreetMap Public Data"
      }
    },
    {
      "type": "Feature",
      "id": 4280078504,
      "geometry": {
        "type": "Point",
        "coordinates": [
          76.9969946,
          11.0003918
        ]
      },
      "properties": {
        "id": 4280078504,
        "name": "Vazhampuri Vinayagar Temple",
        "facility_type": "temple",
        "category": "Religious POI",
        "capacity": 104,
        "district": "Coimbatore",
        "state": "Tamil Nadu",
        "data_source_type": "OpenStreetMap Public Data"
      }
    },
    {
      "type": "Feature",
      "id": 4280209191,
      "geometry": {
        "type": "Point",
        "coordinates": [
          76.9986783,
          10.9970453
        ]
      },
      "properties": {
        "id": 4280209191,
        "name": "Nilgiri's",
        "facility_type": "shop",
        "category": "Commercial POI",
        "capacity": 291,
        "district": "Coimbatore",
        "state": "Tamil Nadu",
        "data_source_type": "OpenStreetMap Public Data"
      }
    },
    {
      "type": "Feature",
      "id": 4280391934,
      "geometry": {
        "type": "Point",
        "coordinates": [
          76.9889191,
          11.1019683
        ]
      },
      "properties": {
        "id": 4280391934,
        "name": "Rithi Bakes",
        "facility_type": "shop",
        "category": "Commercial POI",
        "capacity": 534,
        "district": "Coimbatore",
        "state": "Tamil Nadu",
        "data_source_type": "OpenStreetMap Public Data"
      }
    },
    {
      "type": "Feature",
      "id": 4284081248,
      "geometry": {
        "type": "Point",
        "coordinates": [
          76.9423273,
          11.0801631
        ]
      },
      "properties": {
        "id": 4284081248,
        "name": "Ragam Bakery",
        "facility_type": "shop",
        "category": "Commercial POI",
        "capacity": 348,
        "district": "Coimbatore",
        "state": "Tamil Nadu",
        "data_source_type": "OpenStreetMap Public Data"
      }
    },
    {
      "type": "Feature",
      "id": 4284086363,
      "geometry": {
        "type": "Point",
        "coordinates": [
          76.9424989,
          11.0801279
        ]
      },
      "properties": {
        "id": 4284086363,
        "name": "POI 496",
        "facility_type": "shop",
        "category": "Commercial POI",
        "capacity": 463,
        "district": "Coimbatore",
        "state": "Tamil Nadu",
        "data_source_type": "OpenStreetMap Public Data"
      }
    },
    {
      "type": "Feature",
      "id": 4285718048,
      "geometry": {
        "type": "Point",
        "coordinates": [
          77.0066035,
          10.8840061
        ]
      },
      "properties": {
        "id": 4285718048,
        "name": "Karpagam Faculty Of Medical Sciences And Research",
        "facility_type": "hospital",
        "category": "Healthcare",
        "capacity": 148,
        "district": "Coimbatore",
        "state": "Tamil Nadu",
        "data_source_type": "OpenStreetMap Public Data"
      }
    },
    {
      "type": "Feature",
      "id": 4287911991,
      "geometry": {
        "type": "Point",
        "coordinates": [
          76.988451,
          11.0115878
        ]
      },
      "properties": {
        "id": 4287911991,
        "name": "Fiat Service Station (CAI)",
        "facility_type": "shop",
        "category": "Commercial POI",
        "capacity": 591,
        "district": "Coimbatore",
        "state": "Tamil Nadu",
        "data_source_type": "OpenStreetMap Public Data"
      }
    },
    {
      "type": "Feature",
      "id": 4292818097,
      "geometry": {
        "type": "Point",
        "coordinates": [
          76.9388435,
          11.1397874
        ]
      },
      "properties": {
        "id": 4292818097,
        "name": "renugadevi kovil",
        "facility_type": "temple",
        "category": "Religious POI",
        "capacity": 197,
        "district": "Coimbatore",
        "state": "Tamil Nadu",
        "data_source_type": "OpenStreetMap Public Data"
      }
    },
    {
      "type": "Feature",
      "id": 4292832669,
      "geometry": {
        "type": "Point",
        "coordinates": [
          76.9568487,
          11.0005915
        ]
      },
      "properties": {
        "id": 4292832669,
        "name": "New Sowdeshwari Amman Temple",
        "facility_type": "temple",
        "category": "Religious POI",
        "capacity": 269,
        "district": "Coimbatore",
        "state": "Tamil Nadu",
        "data_source_type": "OpenStreetMap Public Data"
      }
    },
    {
      "type": "Feature",
      "id": 4292832670,
      "geometry": {
        "type": "Point",
        "coordinates": [
          76.961149,
          11.0056432
        ]
      },
      "properties": {
        "id": 4292832670,
        "name": "CHURCH",
        "facility_type": "temple",
        "category": "Religious POI",
        "capacity": 270,
        "district": "Coimbatore",
        "state": "Tamil Nadu",
        "data_source_type": "OpenStreetMap Public Data"
      }
    },
    {
      "type": "Feature",
      "id": 4314656790,
      "geometry": {
        "type": "Point",
        "coordinates": [
          77.0777299,
          11.0389456
        ]
      },
      "properties": {
        "id": 4314656790,
        "name": "Dealer Mahindra",
        "facility_type": "shop",
        "category": "Commercial POI",
        "capacity": 390,
        "district": "Coimbatore",
        "state": "Tamil Nadu",
        "data_source_type": "OpenStreetMap Public Data"
      }
    },
    {
      "type": "Feature",
      "id": 4315800697,
      "geometry": {
        "type": "Point",
        "coordinates": [
          76.9539881,
          11.0153158
        ]
      },
      "properties": {
        "id": 4315800697,
        "name": "Aravind Eye Hospital (City Centre)",
        "facility_type": "hospital",
        "category": "Healthcare",
        "capacity": 297,
        "district": "Coimbatore",
        "state": "Tamil Nadu",
        "data_source_type": "OpenStreetMap Public Data"
      }
    },
    {
      "type": "Feature",
      "id": 4320846090,
      "geometry": {
        "type": "Point",
        "coordinates": [
          76.9758799,
          11.0553277
        ]
      },
      "properties": {
        "id": 4320846090,
        "name": "working ofdice",
        "facility_type": "temple",
        "category": "Religious POI",
        "capacity": 190,
        "district": "Coimbatore",
        "state": "Tamil Nadu",
        "data_source_type": "OpenStreetMap Public Data"
      }
    },
    {
      "type": "Feature",
      "id": 4329521390,
      "geometry": {
        "type": "Point",
        "coordinates": [
          76.9530855,
          11.0063702
        ]
      },
      "properties": {
        "id": 4329521390,
        "name": "E-Service Centre",
        "facility_type": "office",
        "category": "Company",
        "capacity": 490,
        "district": "Coimbatore",
        "state": "Tamil Nadu",
        "data_source_type": "OpenStreetMap Public Data"
      }
    },
    {
      "type": "Feature",
      "id": 4329536290,
      "geometry": {
        "type": "Point",
        "coordinates": [
          76.9016464,
          11.0284528
        ]
      },
      "properties": {
        "id": 4329536290,
        "name": "Anjali Bakery",
        "facility_type": "shop",
        "category": "Commercial POI",
        "capacity": 390,
        "district": "Coimbatore",
        "state": "Tamil Nadu",
        "data_source_type": "OpenStreetMap Public Data"
      }
    },
    {
      "type": "Feature",
      "id": 4332602994,
      "geometry": {
        "type": "Point",
        "coordinates": [
          76.9759499,
          11.0192898
        ]
      },
      "properties": {
        "id": 4332602994,
        "name": "JAYA BAKERS",
        "facility_type": "shop",
        "category": "Commercial POI",
        "capacity": 594,
        "district": "Coimbatore",
        "state": "Tamil Nadu",
        "data_source_type": "OpenStreetMap Public Data"
      }
    },
    {
      "type": "Feature",
      "id": 4336519927,
      "geometry": {
        "type": "Point",
        "coordinates": [
          76.8395133,
          10.8063959
        ]
      },
      "properties": {
        "id": 4336519927,
        "name": "Christ the King",
        "facility_type": "temple",
        "category": "Religious POI",
        "capacity": 527,
        "district": "Coimbatore",
        "state": "Tamil Nadu",
        "data_source_type": "OpenStreetMap Public Data"
      }
    },
    {
      "type": "Feature",
      "id": 4338401492,
      "geometry": {
        "type": "Point",
        "coordinates": [
          76.9934538,
          10.9923913
        ]
      },
      "properties": {
        "id": 4338401492,
        "name": "RK Systems",
        "facility_type": "shop",
        "category": "Commercial POI",
        "capacity": 592,
        "district": "Coimbatore",
        "state": "Tamil Nadu",
        "data_source_type": "OpenStreetMap Public Data"
      }
    },
    {
      "type": "Feature",
      "id": 4338438493,
      "geometry": {
        "type": "Point",
        "coordinates": [
          76.9934918,
          10.9923903
        ]
      },
      "properties": {
        "id": 4338438493,
        "name": "Acupuncture Home",
        "facility_type": "hospital",
        "category": "Healthcare",
        "capacity": 593,
        "district": "Coimbatore",
        "state": "Tamil Nadu",
        "data_source_type": "OpenStreetMap Public Data"
      }
    },
    {
      "type": "Feature",
      "id": 4354539834,
      "geometry": {
        "type": "Point",
        "coordinates": [
          76.9473361,
          11.0120938
        ]
      },
      "properties": {
        "id": 4354539834,
        "name": "Sri Nithyakalyani Chit Funds Private Ltd",
        "facility_type": "shop",
        "category": "Commercial POI",
        "capacity": 434,
        "district": "Coimbatore",
        "state": "Tamil Nadu",
        "data_source_type": "OpenStreetMap Public Data"
      }
    },
    {
      "type": "Feature",
      "id": 4357598905,
      "geometry": {
        "type": "Point",
        "coordinates": [
          77.1378391,
          11.2012665
        ]
      },
      "properties": {
        "id": 4357598905,
        "name": "Doors & More (Highland Produce Co Ltd)",
        "facility_type": "shop",
        "category": "Commercial POI",
        "capacity": 505,
        "district": "Coimbatore",
        "state": "Tamil Nadu",
        "data_source_type": "OpenStreetMap Public Data"
      }
    },
    {
      "type": "Feature",
      "id": 4358577289,
      "geometry": {
        "type": "Point",
        "coordinates": [
          76.9515678,
          11.0102759
        ]
      },
      "properties": {
        "id": 4358577289,
        "name": "Lakshmis Home Style",
        "facility_type": "shop",
        "category": "Commercial POI",
        "capacity": 389,
        "district": "Coimbatore",
        "state": "Tamil Nadu",
        "data_source_type": "OpenStreetMap Public Data"
      }
    },
    {
      "type": "Feature",
      "id": 4375571289,
      "geometry": {
        "type": "Point",
        "coordinates": [
          77.0369506,
          11.0627549
        ]
      },
      "properties": {
        "id": 4375571289,
        "name": "Kurinji Bakes & Restaurant",
        "facility_type": "shop",
        "category": "Commercial POI",
        "capacity": 389,
        "district": "Coimbatore",
        "state": "Tamil Nadu",
        "data_source_type": "OpenStreetMap Public Data"
      }
    },
    {
      "type": "Feature",
      "id": 4379089190,
      "geometry": {
        "type": "Point",
        "coordinates": [
          76.954633,
          11.0139732
        ]
      },
      "properties": {
        "id": 4379089190,
        "name": "Bosch",
        "facility_type": "shop",
        "category": "Commercial POI",
        "capacity": 290,
        "district": "Coimbatore",
        "state": "Tamil Nadu",
        "data_source_type": "OpenStreetMap Public Data"
      }
    },
    {
      "type": "Feature",
      "id": 4379089191,
      "geometry": {
        "type": "Point",
        "coordinates": [
          77.0118515,
          11.0250309
        ]
      },
      "properties": {
        "id": 4379089191,
        "name": "Wash Hub",
        "facility_type": "shop",
        "category": "Commercial POI",
        "capacity": 291,
        "district": "Coimbatore",
        "state": "Tamil Nadu",
        "data_source_type": "OpenStreetMap Public Data"
      }
    },
    {
      "type": "Feature",
      "id": 4379089490,
      "geometry": {
        "type": "Point",
        "coordinates": [
          76.9061453,
          11.0255152
        ]
      },
      "properties": {
        "id": 4379089490,
        "name": "Khadi Gramodyog Bhavan",
        "facility_type": "shop",
        "category": "Commercial POI",
        "capacity": 590,
        "district": "Coimbatore",
        "state": "Tamil Nadu",
        "data_source_type": "OpenStreetMap Public Data"
      }
    },
    {
      "type": "Feature",
      "id": 4379089793,
      "geometry": {
        "type": "Point",
        "coordinates": [
          76.9543624,
          11.0140006
        ]
      },
      "properties": {
        "id": 4379089793,
        "name": "Lotus Eye Care Hospital, Coimbatore",
        "facility_type": "hospital",
        "category": "Healthcare",
        "capacity": 393,
        "district": "Coimbatore",
        "state": "Tamil Nadu",
        "data_source_type": "OpenStreetMap Public Data"
      }
    },
    {
      "type": "Feature",
      "id": 4379089794,
      "geometry": {
        "type": "Point",
        "coordinates": [
          76.9506658,
          11.01004
        ]
      },
      "properties": {
        "id": 4379089794,
        "name": "Nilgiri Furniture World",
        "facility_type": "shop",
        "category": "Commercial POI",
        "capacity": 394,
        "district": "Coimbatore",
        "state": "Tamil Nadu",
        "data_source_type": "OpenStreetMap Public Data"
      }
    },
    {
      "type": "Feature",
      "id": 4379170290,
      "geometry": {
        "type": "Point",
        "coordinates": [
          76.9545117,
          11.0136634
        ]
      },
      "properties": {
        "id": 4379170290,
        "name": "Sapna",
        "facility_type": "shop",
        "category": "Commercial POI",
        "capacity": 390,
        "district": "Coimbatore",
        "state": "Tamil Nadu",
        "data_source_type": "OpenStreetMap Public Data"
      }
    },
    {
      "type": "Feature",
      "id": 4379170292,
      "geometry": {
        "type": "Point",
        "coordinates": [
          77.0117139,
          11.0250104
        ]
      },
      "properties": {
        "id": 4379170292,
        "name": "Sweet Baby",
        "facility_type": "shop",
        "category": "Commercial POI",
        "capacity": 392,
        "district": "Coimbatore",
        "state": "Tamil Nadu",
        "data_source_type": "OpenStreetMap Public Data"
      }
    },
    {
      "type": "Feature",
      "id": 4379178789,
      "geometry": {
        "type": "Point",
        "coordinates": [
          76.9062543,
          11.0260321
        ]
      },
      "properties": {
        "id": 4379178789,
        "name": "Nilgiri's",
        "facility_type": "shop",
        "category": "Commercial POI",
        "capacity": 389,
        "district": "Coimbatore",
        "state": "Tamil Nadu",
        "data_source_type": "OpenStreetMap Public Data"
      }
    },
    {
      "type": "Feature",
      "id": 4379179689,
      "geometry": {
        "type": "Point",
        "coordinates": [
          76.9543058,
          11.0139535
        ]
      },
      "properties": {
        "id": 4379179689,
        "name": "Woodpecker",
        "facility_type": "shop",
        "category": "Commercial POI",
        "capacity": 289,
        "district": "Coimbatore",
        "state": "Tamil Nadu",
        "data_source_type": "OpenStreetMap Public Data"
      }
    },
    {
      "type": "Feature",
      "id": 4391392491,
      "geometry": {
        "type": "Point",
        "coordinates": [
          77.0113685,
          11.0249124
        ]
      },
      "properties": {
        "id": 4391392491,
        "name": "Ruby",
        "facility_type": "shop",
        "category": "Commercial POI",
        "capacity": 591,
        "district": "Coimbatore",
        "state": "Tamil Nadu",
        "data_source_type": "OpenStreetMap Public Data"
      }
    },
    {
      "type": "Feature",
      "id": 4391415689,
      "geometry": {
        "type": "Point",
        "coordinates": [
          76.9881268,
          11.0144617
        ]
      },
      "properties": {
        "id": 4391415689,
        "name": "Roshan",
        "facility_type": "shop",
        "category": "Commercial POI",
        "capacity": 289,
        "district": "Coimbatore",
        "state": "Tamil Nadu",
        "data_source_type": "OpenStreetMap Public Data"
      }
    },
    {
      "type": "Feature",
      "id": 4391415789,
      "geometry": {
        "type": "Point",
        "coordinates": [
          76.9016732,
          11.0249031
        ]
      },
      "properties": {
        "id": 4391415789,
        "name": "M Qube Trends",
        "facility_type": "shop",
        "category": "Commercial POI",
        "capacity": 389,
        "district": "Coimbatore",
        "state": "Tamil Nadu",
        "data_source_type": "OpenStreetMap Public Data"
      }
    },
    {
      "type": "Feature",
      "id": 4391415889,
      "geometry": {
        "type": "Point",
        "coordinates": [
          76.950625,
          11.0082677
        ]
      },
      "properties": {
        "id": 4391415889,
        "name": "Nalli",
        "facility_type": "shop",
        "category": "Commercial POI",
        "capacity": 489,
        "district": "Coimbatore",
        "state": "Tamil Nadu",
        "data_source_type": "OpenStreetMap Public Data"
      }
    },
    {
      "type": "Feature",
      "id": 4402075589,
      "geometry": {
        "type": "Point",
        "coordinates": [
          76.9990529,
          11.0098575
        ]
      },
      "properties": {
        "id": 4402075589,
        "name": "Raja Ganapathy",
        "facility_type": "temple",
        "category": "Religious POI",
        "capacity": 189,
        "district": "Coimbatore",
        "state": "Tamil Nadu",
        "data_source_type": "OpenStreetMap Public Data"
      }
    },
    {
      "type": "Feature",
      "id": 4402079981,
      "geometry": {
        "type": "Point",
        "coordinates": [
          76.9857304,
          11.0053001
        ]
      },
      "properties": {
        "id": 4402079981,
        "name": "Station Canteen",
        "facility_type": "shop",
        "category": "Commercial POI",
        "capacity": 581,
        "district": "Coimbatore",
        "state": "Tamil Nadu",
        "data_source_type": "OpenStreetMap Public Data"
      }
    },
    {
      "type": "Feature",
      "id": 4402079982,
      "geometry": {
        "type": "Point",
        "coordinates": [
          76.9879176,
          11.0051924
        ]
      },
      "properties": {
        "id": 4402079982,
        "name": "ECHS",
        "facility_type": "hospital",
        "category": "Healthcare",
        "capacity": 582,
        "district": "Coimbatore",
        "state": "Tamil Nadu",
        "data_source_type": "OpenStreetMap Public Data"
      }
    },
    {
      "type": "Feature",
      "id": 4402079983,
      "geometry": {
        "type": "Point",
        "coordinates": [
          76.9876533,
          11.0053321
        ]
      },
      "properties": {
        "id": 4402079983,
        "name": "ECHS Polyclinic",
        "facility_type": "hospital",
        "category": "Healthcare",
        "capacity": 583,
        "district": "Coimbatore",
        "state": "Tamil Nadu",
        "data_source_type": "OpenStreetMap Public Data"
      }
    },
    {
      "type": "Feature",
      "id": 4402392298,
      "geometry": {
        "type": "Point",
        "coordinates": [
          76.9930152,
          11.0042329
        ]
      },
      "properties": {
        "id": 4402392298,
        "name": "Puliakulam Vinayaka Temple",
        "facility_type": "temple",
        "category": "Religious POI",
        "capacity": 398,
        "district": "Coimbatore",
        "state": "Tamil Nadu",
        "data_source_type": "OpenStreetMap Public Data"
      }
    },
    {
      "type": "Feature",
      "id": 4402543215,
      "geometry": {
        "type": "Point",
        "coordinates": [
          76.9435711,
          11.0826071
        ]
      },
      "properties": {
        "id": 4402543215,
        "name": "Temple",
        "facility_type": "temple",
        "category": "Religious POI",
        "capacity": 315,
        "district": "Coimbatore",
        "state": "Tamil Nadu",
        "data_source_type": "OpenStreetMap Public Data"
      }
    },
    {
      "type": "Feature",
      "id": 4405255689,
      "geometry": {
        "type": "Point",
        "coordinates": [
          76.9973447,
          11.0224079
        ]
      },
      "properties": {
        "id": 4405255689,
        "name": "Aura",
        "facility_type": "shop",
        "category": "Commercial POI",
        "capacity": 289,
        "district": "Coimbatore",
        "state": "Tamil Nadu",
        "data_source_type": "OpenStreetMap Public Data"
      }
    },
    {
      "type": "Feature",
      "id": 4405634703,
      "geometry": {
        "type": "Point",
        "coordinates": [
          76.9176168,
          11.0213717
        ]
      },
      "properties": {
        "id": 4405634703,
        "name": "Sri Pravin Autos",
        "facility_type": "shop",
        "category": "Commercial POI",
        "capacity": 303,
        "district": "Coimbatore",
        "state": "Tamil Nadu",
        "data_source_type": "OpenStreetMap Public Data"
      }
    },
    {
      "type": "Feature",
      "id": 4405699489,
      "geometry": {
        "type": "Point",
        "coordinates": [
          76.9172574,
          11.0213824
        ]
      },
      "properties": {
        "id": 4405699489,
        "name": "Aryaas",
        "facility_type": "shop",
        "category": "Commercial POI",
        "capacity": 589,
        "district": "Coimbatore",
        "state": "Tamil Nadu",
        "data_source_type": "OpenStreetMap Public Data"
      }
    },
    {
      "type": "Feature",
      "id": 4407111789,
      "geometry": {
        "type": "Point",
        "coordinates": [
          76.9566183,
          11.0249824
        ]
      },
      "properties": {
        "id": 4407111789,
        "name": "BKR Heart Center",
        "facility_type": "shop",
        "category": "Commercial POI",
        "capacity": 389,
        "district": "Coimbatore",
        "state": "Tamil Nadu",
        "data_source_type": "OpenStreetMap Public Data"
      }
    },
    {
      "type": "Feature",
      "id": 4407829092,
      "geometry": {
        "type": "Point",
        "coordinates": [
          76.9564023,
          11.0248424
        ]
      },
      "properties": {
        "id": 4407829092,
        "name": "BKR Heart Center",
        "facility_type": "hospital",
        "category": "Healthcare",
        "capacity": 192,
        "district": "Coimbatore",
        "state": "Tamil Nadu",
        "data_source_type": "OpenStreetMap Public Data"
      }
    },
    {
      "type": "Feature",
      "id": 4421640990,
      "geometry": {
        "type": "Point",
        "coordinates": [
          76.9055811,
          11.0247244
        ]
      },
      "properties": {
        "id": 4421640990,
        "name": "Baalaje Hospital",
        "facility_type": "hospital",
        "category": "Healthcare",
        "capacity": 590,
        "district": "Coimbatore",
        "state": "Tamil Nadu",
        "data_source_type": "OpenStreetMap Public Data"
      }
    },
    {
      "type": "Feature",
      "id": 4426138044,
      "geometry": {
        "type": "Point",
        "coordinates": [
          76.9438015,
          11.0827376
        ]
      },
      "properties": {
        "id": 4426138044,
        "name": "POI 540",
        "facility_type": "temple",
        "category": "Religious POI",
        "capacity": 144,
        "district": "Coimbatore",
        "state": "Tamil Nadu",
        "data_source_type": "OpenStreetMap Public Data"
      }
    },
    {
      "type": "Feature",
      "id": 4426138045,
      "geometry": {
        "type": "Point",
        "coordinates": [
          76.9437532,
          11.0826406
        ]
      },
      "properties": {
        "id": 4426138045,
        "name": "sadachiamman temple",
        "facility_type": "temple",
        "category": "Religious POI",
        "capacity": 145,
        "district": "Coimbatore",
        "state": "Tamil Nadu",
        "data_source_type": "OpenStreetMap Public Data"
      }
    },
    {
      "type": "Feature",
      "id": 4426171975,
      "geometry": {
        "type": "Point",
        "coordinates": [
          76.9409348,
          11.0782349
        ]
      },
      "properties": {
        "id": 4426171975,
        "name": "Sri Lakshmi Hospital, Coimbatore",
        "facility_type": "hospital",
        "category": "Healthcare",
        "capacity": 575,
        "district": "Coimbatore",
        "state": "Tamil Nadu",
        "data_source_type": "OpenStreetMap Public Data"
      }
    },
    {
      "type": "Feature",
      "id": 4426177988,
      "geometry": {
        "type": "Point",
        "coordinates": [
          76.9415044,
          11.0773772
        ]
      },
      "properties": {
        "id": 4426177988,
        "name": "Reliance Digital Express Mini",
        "facility_type": "shop",
        "category": "Commercial POI",
        "capacity": 588,
        "district": "Coimbatore",
        "state": "Tamil Nadu",
        "data_source_type": "OpenStreetMap Public Data"
      }
    },
    {
      "type": "Feature",
      "id": 4428943992,
      "geometry": {
        "type": "Point",
        "coordinates": [
          76.9472389,
          11.0098536
        ]
      },
      "properties": {
        "id": 4428943992,
        "name": "Just Buy",
        "facility_type": "shop",
        "category": "Commercial POI",
        "capacity": 592,
        "district": "Coimbatore",
        "state": "Tamil Nadu",
        "data_source_type": "OpenStreetMap Public Data"
      }
    },
    {
      "type": "Feature",
      "id": 4428948994,
      "geometry": {
        "type": "Point",
        "coordinates": [
          76.947335,
          11.0098828
        ]
      },
      "properties": {
        "id": 4428948994,
        "name": "Toni & Guy",
        "facility_type": "shop",
        "category": "Commercial POI",
        "capacity": 594,
        "district": "Coimbatore",
        "state": "Tamil Nadu",
        "data_source_type": "OpenStreetMap Public Data"
      }
    },
    {
      "type": "Feature",
      "id": 4428948995,
      "geometry": {
        "type": "Point",
        "coordinates": [
          76.9506435,
          11.0082021
        ]
      },
      "properties": {
        "id": 4428948995,
        "name": "KRS",
        "facility_type": "shop",
        "category": "Commercial POI",
        "capacity": 595,
        "district": "Coimbatore",
        "state": "Tamil Nadu",
        "data_source_type": "OpenStreetMap Public Data"
      }
    },
    {
      "type": "Feature",
      "id": 4432729289,
      "geometry": {
        "type": "Point",
        "coordinates": [
          76.9700185,
          11.0063314
        ]
      },
      "properties": {
        "id": 4432729289,
        "name": "Toys Kemp",
        "facility_type": "shop",
        "category": "Commercial POI",
        "capacity": 389,
        "district": "Coimbatore",
        "state": "Tamil Nadu",
        "data_source_type": "OpenStreetMap Public Data"
      }
    },
    {
      "type": "Feature",
      "id": 4436457189,
      "geometry": {
        "type": "Point",
        "coordinates": [
          76.9550568,
          11.0788289
        ]
      },
      "properties": {
        "id": 4436457189,
        "name": "Polima Bakery",
        "facility_type": "shop",
        "category": "Commercial POI",
        "capacity": 289,
        "district": "Coimbatore",
        "state": "Tamil Nadu",
        "data_source_type": "OpenStreetMap Public Data"
      }
    },
    {
      "type": "Feature",
      "id": 4445038490,
      "geometry": {
        "type": "Point",
        "coordinates": [
          76.9385853,
          11.0207755
        ]
      },
      "properties": {
        "id": 4445038490,
        "name": "vinayaga temple",
        "facility_type": "temple",
        "category": "Religious POI",
        "capacity": 590,
        "district": "Coimbatore",
        "state": "Tamil Nadu",
        "data_source_type": "OpenStreetMap Public Data"
      }
    },
    {
      "type": "Feature",
      "id": 4445057790,
      "geometry": {
        "type": "Point",
        "coordinates": [
          76.9351837,
          11.0172007
        ]
      },
      "properties": {
        "id": 4445057790,
        "name": "ece department",
        "facility_type": "school",
        "category": "Education",
        "capacity": 390,
        "district": "Coimbatore",
        "state": "Tamil Nadu",
        "data_source_type": "OpenStreetMap Public Data"
      }
    },
    {
      "type": "Feature",
      "id": 4445059689,
      "geometry": {
        "type": "Point",
        "coordinates": [
          76.9397882,
          11.017423
        ]
      },
      "properties": {
        "id": 4445059689,
        "name": "vinayaga temple",
        "facility_type": "temple",
        "category": "Religious POI",
        "capacity": 289,
        "district": "Coimbatore",
        "state": "Tamil Nadu",
        "data_source_type": "OpenStreetMap Public Data"
      }
    },
    {
      "type": "Feature",
      "id": 4450449989,
      "geometry": {
        "type": "Point",
        "coordinates": [
          76.963933,
          10.9875675
        ]
      },
      "properties": {
        "id": 4450449989,
        "name": "POI 552",
        "facility_type": "office",
        "category": "Company",
        "capacity": 589,
        "district": "Coimbatore",
        "state": "Tamil Nadu",
        "data_source_type": "OpenStreetMap Public Data"
      }
    },
    {
      "type": "Feature",
      "id": 4456066790,
      "geometry": {
        "type": "Point",
        "coordinates": [
          76.9006914,
          11.0248747
        ]
      },
      "properties": {
        "id": 4456066790,
        "name": "Day to Day",
        "facility_type": "shop",
        "category": "Commercial POI",
        "capacity": 390,
        "district": "Coimbatore",
        "state": "Tamil Nadu",
        "data_source_type": "OpenStreetMap Public Data"
      }
    },
    {
      "type": "Feature",
      "id": 4456093790,
      "geometry": {
        "type": "Point",
        "coordinates": [
          76.9017732,
          11.025204
        ]
      },
      "properties": {
        "id": 4456093790,
        "name": "Raja",
        "facility_type": "shop",
        "category": "Commercial POI",
        "capacity": 390,
        "district": "Coimbatore",
        "state": "Tamil Nadu",
        "data_source_type": "OpenStreetMap Public Data"
      }
    },
    {
      "type": "Feature",
      "id": 4456100789,
      "geometry": {
        "type": "Point",
        "coordinates": [
          76.9700236,
          11.0062423
        ]
      },
      "properties": {
        "id": 4456100789,
        "name": "Auto Care",
        "facility_type": "shop",
        "category": "Commercial POI",
        "capacity": 389,
        "district": "Coimbatore",
        "state": "Tamil Nadu",
        "data_source_type": "OpenStreetMap Public Data"
      }
    },
    {
      "type": "Feature",
      "id": 4456100889,
      "geometry": {
        "type": "Point",
        "coordinates": [
          76.9700235,
          11.0061773
        ]
      },
      "properties": {
        "id": 4456100889,
        "name": "Classic Raja",
        "facility_type": "shop",
        "category": "Commercial POI",
        "capacity": 489,
        "district": "Coimbatore",
        "state": "Tamil Nadu",
        "data_source_type": "OpenStreetMap Public Data"
      }
    },
    {
      "type": "Feature",
      "id": 4463666490,
      "geometry": {
        "type": "Point",
        "coordinates": [
          76.9482085,
          11.0096192
        ]
      },
      "properties": {
        "id": 4463666490,
        "name": "The Chennai Mobiles",
        "facility_type": "shop",
        "category": "Commercial POI",
        "capacity": 590,
        "district": "Coimbatore",
        "state": "Tamil Nadu",
        "data_source_type": "OpenStreetMap Public Data"
      }
    },
    {
      "type": "Feature",
      "id": 4463705590,
      "geometry": {
        "type": "Point",
        "coordinates": [
          76.9545598,
          11.0107208
        ]
      },
      "properties": {
        "id": 4463705590,
        "name": "Lotus TVS",
        "facility_type": "shop",
        "category": "Commercial POI",
        "capacity": 190,
        "district": "Coimbatore",
        "state": "Tamil Nadu",
        "data_source_type": "OpenStreetMap Public Data"
      }
    },
    {
      "type": "Feature",
      "id": 4470920289,
      "geometry": {
        "type": "Point",
        "coordinates": [
          76.9563626,
          11.008577
        ]
      },
      "properties": {
        "id": 4470920289,
        "name": "Rex Ortho Hospital",
        "facility_type": "hospital",
        "category": "Healthcare",
        "capacity": 389,
        "district": "Coimbatore",
        "state": "Tamil Nadu",
        "data_source_type": "OpenStreetMap Public Data"
      }
    },
    {
      "type": "Feature",
      "id": 4472726820,
      "geometry": {
        "type": "Point",
        "coordinates": [
          76.9489909,
          11.0148532
        ]
      },
      "properties": {
        "id": 4472726820,
        "name": "Vijaya Hospitals",
        "facility_type": "hospital",
        "category": "Healthcare",
        "capacity": 420,
        "district": "Coimbatore",
        "state": "Tamil Nadu",
        "data_source_type": "OpenStreetMap Public Data"
      }
    },
    {
      "type": "Feature",
      "id": 4479014898,
      "geometry": {
        "type": "Point",
        "coordinates": [
          76.9483376,
          11.0027425
        ]
      },
      "properties": {
        "id": 4479014898,
        "name": "Agarwals",
        "facility_type": "shop",
        "category": "Commercial POI",
        "capacity": 498,
        "district": "Coimbatore",
        "state": "Tamil Nadu",
        "data_source_type": "OpenStreetMap Public Data"
      }
    },
    {
      "type": "Feature",
      "id": 4483279189,
      "geometry": {
        "type": "Point",
        "coordinates": [
          76.9481534,
          11.0026647
        ]
      },
      "properties": {
        "id": 4483279189,
        "name": "Temple",
        "facility_type": "temple",
        "category": "Religious POI",
        "capacity": 289,
        "district": "Coimbatore",
        "state": "Tamil Nadu",
        "data_source_type": "OpenStreetMap Public Data"
      }
    },
    {
      "type": "Feature",
      "id": 4492369890,
      "geometry": {
        "type": "Point",
        "coordinates": [
          76.959407,
          10.9943756
        ]
      },
      "properties": {
        "id": 4492369890,
        "name": "Lalithaa Jewelry",
        "facility_type": "shop",
        "category": "Commercial POI",
        "capacity": 490,
        "district": "Coimbatore",
        "state": "Tamil Nadu",
        "data_source_type": "OpenStreetMap Public Data"
      }
    },
    {
      "type": "Feature",
      "id": 4497872391,
      "geometry": {
        "type": "Point",
        "coordinates": [
          76.8926297,
          11.027528
        ]
      },
      "properties": {
        "id": 4497872391,
        "name": "Panchamugi hanuman temple",
        "facility_type": "temple",
        "category": "Religious POI",
        "capacity": 491,
        "district": "Coimbatore",
        "state": "Tamil Nadu",
        "data_source_type": "OpenStreetMap Public Data"
      }
    },
    {
      "type": "Feature",
      "id": 4510178590,
      "geometry": {
        "type": "Point",
        "coordinates": [
          76.9150747,
          11.0216613
        ]
      },
      "properties": {
        "id": 4510178590,
        "name": "Cakes N Creams",
        "facility_type": "shop",
        "category": "Commercial POI",
        "capacity": 190,
        "district": "Coimbatore",
        "state": "Tamil Nadu",
        "data_source_type": "OpenStreetMap Public Data"
      }
    },
    {
      "type": "Feature",
      "id": 4510663590,
      "geometry": {
        "type": "Point",
        "coordinates": [
          76.9475939,
          11.0265248
        ]
      },
      "properties": {
        "id": 4510663590,
        "name": "Shri Hari Hospital, Coimbatore",
        "facility_type": "hospital",
        "category": "Healthcare",
        "capacity": 190,
        "district": "Coimbatore",
        "state": "Tamil Nadu",
        "data_source_type": "OpenStreetMap Public Data"
      }
    },
    {
      "type": "Feature",
      "id": 4517337518,
      "geometry": {
        "type": "Point",
        "coordinates": [
          76.9474069,
          11.0118654
        ]
      },
      "properties": {
        "id": 4517337518,
        "name": "Green Trends",
        "facility_type": "shop",
        "category": "Commercial POI",
        "capacity": 118,
        "district": "Coimbatore",
        "state": "Tamil Nadu",
        "data_source_type": "OpenStreetMap Public Data"
      }
    },
    {
      "type": "Feature",
      "id": 4522573189,
      "geometry": {
        "type": "Point",
        "coordinates": [
          76.9613941,
          11.0129255
        ]
      },
      "properties": {
        "id": 4522573189,
        "name": "Coimbatore sp office",
        "facility_type": "office",
        "category": "Company",
        "capacity": 289,
        "district": "Coimbatore",
        "state": "Tamil Nadu",
        "data_source_type": "OpenStreetMap Public Data"
      }
    },
    {
      "type": "Feature",
      "id": 4522573489,
      "geometry": {
        "type": "Point",
        "coordinates": [
          76.9614554,
          11.0129251
        ]
      },
      "properties": {
        "id": 4522573489,
        "name": "Sp office",
        "facility_type": "office",
        "category": "Company",
        "capacity": 589,
        "district": "Coimbatore",
        "state": "Tamil Nadu",
        "data_source_type": "OpenStreetMap Public Data"
      }
    },
    {
      "type": "Feature",
      "id": 4527618789,
      "geometry": {
        "type": "Point",
        "coordinates": [
          77.0478504,
          11.1165806
        ]
      },
      "properties": {
        "id": 4527618789,
        "name": "Kallipalayam Panchayat Office",
        "facility_type": "office",
        "category": "Company",
        "capacity": 389,
        "district": "Coimbatore",
        "state": "Tamil Nadu",
        "data_source_type": "OpenStreetMap Public Data"
      }
    },
    {
      "type": "Feature",
      "id": 4528496193,
      "geometry": {
        "type": "Point",
        "coordinates": [
          77.0453291,
          11.116449
        ]
      },
      "properties": {
        "id": 4528496193,
        "name": "Kallipalayam Panchayat Office",
        "facility_type": "office",
        "category": "Company",
        "capacity": 293,
        "district": "Coimbatore",
        "state": "Tamil Nadu",
        "data_source_type": "OpenStreetMap Public Data"
      }
    },
    {
      "type": "Feature",
      "id": 4571552072,
      "geometry": {
        "type": "Point",
        "coordinates": [
          76.9304803,
          11.0354039
        ]
      },
      "properties": {
        "id": 4571552072,
        "name": "Bethesda Hospital",
        "facility_type": "hospital",
        "category": "Healthcare",
        "capacity": 172,
        "district": "Coimbatore",
        "state": "Tamil Nadu",
        "data_source_type": "OpenStreetMap Public Data"
      }
    },
    {
      "type": "Feature",
      "id": 4571573811,
      "geometry": {
        "type": "Point",
        "coordinates": [
          76.929457,
          11.0335068
        ]
      },
      "properties": {
        "id": 4571573811,
        "name": "Kiruba Hospital, Koilmedu,Coimbatore",
        "facility_type": "hospital",
        "category": "Healthcare",
        "capacity": 411,
        "district": "Coimbatore",
        "state": "Tamil Nadu",
        "data_source_type": "OpenStreetMap Public Data"
      }
    },
    {
      "type": "Feature",
      "id": 4571630628,
      "geometry": {
        "type": "Point",
        "coordinates": [
          76.9381049,
          10.9865003
        ]
      },
      "properties": {
        "id": 4571630628,
        "name": "Vigneshwara Temple",
        "facility_type": "temple",
        "category": "Religious POI",
        "capacity": 228,
        "district": "Coimbatore",
        "state": "Tamil Nadu",
        "data_source_type": "OpenStreetMap Public Data"
      }
    },
    {
      "type": "Feature",
      "id": 4571630629,
      "geometry": {
        "type": "Point",
        "coordinates": [
          76.9394757,
          10.9850947
        ]
      },
      "properties": {
        "id": 4571630629,
        "name": "Church",
        "facility_type": "temple",
        "category": "Religious POI",
        "capacity": 229,
        "district": "Coimbatore",
        "state": "Tamil Nadu",
        "data_source_type": "OpenStreetMap Public Data"
      }
    },
    {
      "type": "Feature",
      "id": 4571630631,
      "geometry": {
        "type": "Point",
        "coordinates": [
          76.940596,
          10.9879248
        ]
      },
      "properties": {
        "id": 4571630631,
        "name": "Bathrakaliamman Temple",
        "facility_type": "temple",
        "category": "Religious POI",
        "capacity": 231,
        "district": "Coimbatore",
        "state": "Tamil Nadu",
        "data_source_type": "OpenStreetMap Public Data"
      }
    },
    {
      "type": "Feature",
      "id": 4571630632,
      "geometry": {
        "type": "Point",
        "coordinates": [
          76.9353868,
          10.9862506
        ]
      },
      "properties": {
        "id": 4571630632,
        "name": "Amman Temple",
        "facility_type": "temple",
        "category": "Religious POI",
        "capacity": 232,
        "district": "Coimbatore",
        "state": "Tamil Nadu",
        "data_source_type": "OpenStreetMap Public Data"
      }
    },
    {
      "type": "Feature",
      "id": 4571630633,
      "geometry": {
        "type": "Point",
        "coordinates": [
          76.9384267,
          10.9877006
        ]
      },
      "properties": {
        "id": 4571630633,
        "name": "Temple",
        "facility_type": "temple",
        "category": "Religious POI",
        "capacity": 233,
        "district": "Coimbatore",
        "state": "Tamil Nadu",
        "data_source_type": "OpenStreetMap Public Data"
      }
    },
    {
      "type": "Feature",
      "id": 4571630643,
      "geometry": {
        "type": "Point",
        "coordinates": [
          76.9369225,
          10.987912
        ]
      },
      "properties": {
        "id": 4571630643,
        "name": "Subham",
        "facility_type": "shop",
        "category": "Commercial POI",
        "capacity": 243,
        "district": "Coimbatore",
        "state": "Tamil Nadu",
        "data_source_type": "OpenStreetMap Public Data"
      }
    },
    {
      "type": "Feature",
      "id": 4571630644,
      "geometry": {
        "type": "Point",
        "coordinates": [
          76.9367498,
          10.9873504
        ]
      },
      "properties": {
        "id": 4571630644,
        "name": "Segar Store",
        "facility_type": "shop",
        "category": "Commercial POI",
        "capacity": 244,
        "district": "Coimbatore",
        "state": "Tamil Nadu",
        "data_source_type": "OpenStreetMap Public Data"
      }
    },
    {
      "type": "Feature",
      "id": 4571630646,
      "geometry": {
        "type": "Point",
        "coordinates": [
          76.9367569,
          10.9876236
        ]
      },
      "properties": {
        "id": 4571630646,
        "name": "Sri Murugan Store",
        "facility_type": "shop",
        "category": "Commercial POI",
        "capacity": 246,
        "district": "Coimbatore",
        "state": "Tamil Nadu",
        "data_source_type": "OpenStreetMap Public Data"
      }
    },
    {
      "type": "Feature",
      "id": 4571630650,
      "geometry": {
        "type": "Point",
        "coordinates": [
          76.938284,
          10.9877006
        ]
      },
      "properties": {
        "id": 4571630650,
        "name": "Oviyas",
        "facility_type": "shop",
        "category": "Commercial POI",
        "capacity": 250,
        "district": "Coimbatore",
        "state": "Tamil Nadu",
        "data_source_type": "OpenStreetMap Public Data"
      }
    },
    {
      "type": "Feature",
      "id": 4575378692,
      "geometry": {
        "type": "Point",
        "coordinates": [
          76.9536,
          11.0138739
        ]
      },
      "properties": {
        "id": 4575378692,
        "name": "Ayyappa",
        "facility_type": "shop",
        "category": "Commercial POI",
        "capacity": 292,
        "district": "Coimbatore",
        "state": "Tamil Nadu",
        "data_source_type": "OpenStreetMap Public Data"
      }
    },
    {
      "type": "Feature",
      "id": 4575565290,
      "geometry": {
        "type": "Point",
        "coordinates": [
          76.9910351,
          10.9979678
        ]
      },
      "properties": {
        "id": 4575565290,
        "name": "MRF",
        "facility_type": "shop",
        "category": "Commercial POI",
        "capacity": 390,
        "district": "Coimbatore",
        "state": "Tamil Nadu",
        "data_source_type": "OpenStreetMap Public Data"
      }
    },
    {
      "type": "Feature",
      "id": 4576658600,
      "geometry": {
        "type": "Point",
        "coordinates": [
          76.9859178,
          10.9997692
        ]
      },
      "properties": {
        "id": 4576658600,
        "name": "Impiger Technologies",
        "facility_type": "office",
        "category": "Company",
        "capacity": 200,
        "district": "Coimbatore",
        "state": "Tamil Nadu",
        "data_source_type": "OpenStreetMap Public Data"
      }
    },
    {
      "type": "Feature",
      "id": 4579647890,
      "geometry": {
        "type": "Point",
        "coordinates": [
          76.9063683,
          11.0284001
        ]
      },
      "properties": {
        "id": 4579647890,
        "name": "Uzhavar Chandai",
        "facility_type": "shop",
        "category": "Commercial POI",
        "capacity": 490,
        "district": "Coimbatore",
        "state": "Tamil Nadu",
        "data_source_type": "OpenStreetMap Public Data"
      }
    },
    {
      "type": "Feature",
      "id": 4590779993,
      "geometry": {
        "type": "Point",
        "coordinates": [
          76.905231,
          11.0268647
        ]
      },
      "properties": {
        "id": 4590779993,
        "name": "Karthikeyan Stores",
        "facility_type": "shop",
        "category": "Commercial POI",
        "capacity": 593,
        "district": "Coimbatore",
        "state": "Tamil Nadu",
        "data_source_type": "OpenStreetMap Public Data"
      }
    },
    {
      "type": "Feature",
      "id": 4594365762,
      "geometry": {
        "type": "Point",
        "coordinates": [
          77.009605,
          11.0093239
        ]
      },
      "properties": {
        "id": 4594365762,
        "name": "Annai Velankanni Matriculation Higher Secondary School",
        "facility_type": "school",
        "category": "Education",
        "capacity": 362,
        "district": "Coimbatore",
        "state": "Tamil Nadu",
        "data_source_type": "OpenStreetMap Public Data"
      }
    },
    {
      "type": "Feature",
      "id": 4603303687,
      "geometry": {
        "type": "Point",
        "coordinates": [
          77.0084546,
          11.0077268
        ]
      },
      "properties": {
        "id": 4603303687,
        "name": "Annai Velankanni Chapel",
        "facility_type": "temple",
        "category": "Religious POI",
        "capacity": 287,
        "district": "Coimbatore",
        "state": "Tamil Nadu",
        "data_source_type": "OpenStreetMap Public Data"
      }
    },
    {
      "type": "Feature",
      "id": 4603303688,
      "geometry": {
        "type": "Point",
        "coordinates": [
          77.0024216,
          11.0093491
        ]
      },
      "properties": {
        "id": 4603303688,
        "name": "G R Hospital",
        "facility_type": "hospital",
        "category": "Healthcare",
        "capacity": 288,
        "district": "Coimbatore",
        "state": "Tamil Nadu",
        "data_source_type": "OpenStreetMap Public Data"
      }
    },
    {
      "type": "Feature",
      "id": 4603303889,
      "geometry": {
        "type": "Point",
        "coordinates": [
          76.9976464,
          11.0122906
        ]
      },
      "properties": {
        "id": 4603303889,
        "name": "Lifespring Healthplus India Private Limited",
        "facility_type": "office",
        "category": "Company",
        "capacity": 489,
        "district": "Coimbatore",
        "state": "Tamil Nadu",
        "data_source_type": "OpenStreetMap Public Data"
      }
    },
    {
      "type": "Feature",
      "id": 4605646594,
      "geometry": {
        "type": "Point",
        "coordinates": [
          76.8958753,
          11.0288633
        ]
      },
      "properties": {
        "id": 4605646594,
        "name": "Green Trends",
        "facility_type": "shop",
        "category": "Commercial POI",
        "capacity": 194,
        "district": "Coimbatore",
        "state": "Tamil Nadu",
        "data_source_type": "OpenStreetMap Public Data"
      }
    },
    {
      "type": "Feature",
      "id": 4618130390,
      "geometry": {
        "type": "Point",
        "coordinates": [
          76.915302,
          11.0277257
        ]
      },
      "properties": {
        "id": 4618130390,
        "name": "Coimbatorepets",
        "facility_type": "shop",
        "category": "Commercial POI",
        "capacity": 490,
        "district": "Coimbatore",
        "state": "Tamil Nadu",
        "data_source_type": "OpenStreetMap Public Data"
      }
    },
    {
      "type": "Feature",
      "id": 4652355792,
      "geometry": {
        "type": "Point",
        "coordinates": [
          76.8416376,
          10.9911764
        ]
      },
      "properties": {
        "id": 4652355792,
        "name": "Sub-Registrar's Office",
        "facility_type": "office",
        "category": "Company",
        "capacity": 392,
        "district": "Coimbatore",
        "state": "Tamil Nadu",
        "data_source_type": "OpenStreetMap Public Data"
      }
    },
    {
      "type": "Feature",
      "id": 4688109308,
      "geometry": {
        "type": "Point",
        "coordinates": [
          76.9431031,
          11.0828655
        ]
      },
      "properties": {
        "id": 4688109308,
        "name": "village administrative office",
        "facility_type": "office",
        "category": "Company",
        "capacity": 408,
        "district": "Coimbatore",
        "state": "Tamil Nadu",
        "data_source_type": "OpenStreetMap Public Data"
      }
    },
    {
      "type": "Feature",
      "id": 4692289495,
      "geometry": {
        "type": "Point",
        "coordinates": [
          76.9511705,
          11.0101323
        ]
      },
      "properties": {
        "id": 4692289495,
        "name": "Shanthi Social Services",
        "facility_type": "shop",
        "category": "Commercial POI",
        "capacity": 595,
        "district": "Coimbatore",
        "state": "Tamil Nadu",
        "data_source_type": "OpenStreetMap Public Data"
      }
    },
    {
      "type": "Feature",
      "id": 4703147672,
      "geometry": {
        "type": "Point",
        "coordinates": [
          76.9362691,
          11.0080012
        ]
      },
      "properties": {
        "id": 4703147672,
        "name": "TNAU Hospital",
        "facility_type": "hospital",
        "category": "Healthcare",
        "capacity": 272,
        "district": "Coimbatore",
        "state": "Tamil Nadu",
        "data_source_type": "OpenStreetMap Public Data"
      }
    },
    {
      "type": "Feature",
      "id": 4711668397,
      "geometry": {
        "type": "Point",
        "coordinates": [
          76.9509903,
          11.0081712
        ]
      },
      "properties": {
        "id": 4711668397,
        "name": "Wake n Bake",
        "facility_type": "shop",
        "category": "Commercial POI",
        "capacity": 497,
        "district": "Coimbatore",
        "state": "Tamil Nadu",
        "data_source_type": "OpenStreetMap Public Data"
      }
    },
    {
      "type": "Feature",
      "id": 4711762691,
      "geometry": {
        "type": "Point",
        "coordinates": [
          76.9887768,
          11.1014756
        ]
      },
      "properties": {
        "id": 4711762691,
        "name": "Metro Cafe",
        "facility_type": "shop",
        "category": "Commercial POI",
        "capacity": 291,
        "district": "Coimbatore",
        "state": "Tamil Nadu",
        "data_source_type": "OpenStreetMap Public Data"
      }
    },
    {
      "type": "Feature",
      "id": 4766016191,
      "geometry": {
        "type": "Point",
        "coordinates": [
          76.905704,
          11.0265108
        ]
      },
      "properties": {
        "id": 4766016191,
        "name": "V",
        "facility_type": "temple",
        "category": "Religious POI",
        "capacity": 291,
        "district": "Coimbatore",
        "state": "Tamil Nadu",
        "data_source_type": "OpenStreetMap Public Data"
      }
    },
    {
      "type": "Feature",
      "id": 4782892723,
      "geometry": {
        "type": "Point",
        "coordinates": [
          76.9627263,
          10.9940859
        ]
      },
      "properties": {
        "id": 4782892723,
        "name": "POI 601",
        "facility_type": "shop",
        "category": "Commercial POI",
        "capacity": 323,
        "district": "Coimbatore",
        "state": "Tamil Nadu",
        "data_source_type": "OpenStreetMap Public Data"
      }
    },
    {
      "type": "Feature",
      "id": 4799120032,
      "geometry": {
        "type": "Point",
        "coordinates": [
          76.9530353,
          11.008565
        ]
      },
      "properties": {
        "id": 4799120032,
        "name": "Adyar Ananda Bhavan",
        "facility_type": "shop",
        "category": "Commercial POI",
        "capacity": 132,
        "district": "Coimbatore",
        "state": "Tamil Nadu",
        "data_source_type": "OpenStreetMap Public Data"
      }
    },
    {
      "type": "Feature",
      "id": 4799154418,
      "geometry": {
        "type": "Point",
        "coordinates": [
          76.9433364,
          11.0119442
        ]
      },
      "properties": {
        "id": 4799154418,
        "name": "Adyar Ananda Bhavan",
        "facility_type": "shop",
        "category": "Commercial POI",
        "capacity": 518,
        "district": "Coimbatore",
        "state": "Tamil Nadu",
        "data_source_type": "OpenStreetMap Public Data"
      }
    },
    {
      "type": "Feature",
      "id": 4799176116,
      "geometry": {
        "type": "Point",
        "coordinates": [
          76.967546,
          11.0149522
        ]
      },
      "properties": {
        "id": 4799176116,
        "name": "Adyar Ananda Bhavan",
        "facility_type": "shop",
        "category": "Commercial POI",
        "capacity": 216,
        "district": "Coimbatore",
        "state": "Tamil Nadu",
        "data_source_type": "OpenStreetMap Public Data"
      }
    },
    {
      "type": "Feature",
      "id": 4808812461,
      "geometry": {
        "type": "Point",
        "coordinates": [
          76.9483205,
          11.0058786
        ]
      },
      "properties": {
        "id": 4808812461,
        "name": "Sportsland",
        "facility_type": "shop",
        "category": "Commercial POI",
        "capacity": 561,
        "district": "Coimbatore",
        "state": "Tamil Nadu",
        "data_source_type": "OpenStreetMap Public Data"
      }
    },
    {
      "type": "Feature",
      "id": 4815778337,
      "geometry": {
        "type": "Point",
        "coordinates": [
          76.9516784,
          11.0151259
        ]
      },
      "properties": {
        "id": 4815778337,
        "name": "Apollo Clinic",
        "facility_type": "hospital",
        "category": "Healthcare",
        "capacity": 437,
        "district": "Coimbatore",
        "state": "Tamil Nadu",
        "data_source_type": "OpenStreetMap Public Data"
      }
    },
    {
      "type": "Feature",
      "id": 4815793435,
      "geometry": {
        "type": "Point",
        "coordinates": [
          76.9029956,
          11.0283603
        ]
      },
      "properties": {
        "id": 4815793435,
        "name": "Donuts",
        "facility_type": "shop",
        "category": "Commercial POI",
        "capacity": 535,
        "district": "Coimbatore",
        "state": "Tamil Nadu",
        "data_source_type": "OpenStreetMap Public Data"
      }
    },
    {
      "type": "Feature",
      "id": 4825348621,
      "geometry": {
        "type": "Point",
        "coordinates": [
          77.003366,
          11.087657
        ]
      },
      "properties": {
        "id": 4825348621,
        "name": "Vimal jothi",
        "facility_type": "hospital",
        "category": "Healthcare",
        "capacity": 221,
        "district": "Coimbatore",
        "state": "Tamil Nadu",
        "data_source_type": "OpenStreetMap Public Data"
      }
    },
    {
      "type": "Feature",
      "id": 4832945721,
      "geometry": {
        "type": "Point",
        "coordinates": [
          76.9910571,
          11.0181758
        ]
      },
      "properties": {
        "id": 4832945721,
        "name": "The French Loaf",
        "facility_type": "shop",
        "category": "Commercial POI",
        "capacity": 321,
        "district": "Coimbatore",
        "state": "Tamil Nadu",
        "data_source_type": "OpenStreetMap Public Data"
      }
    },
    {
      "type": "Feature",
      "id": 4837892724,
      "geometry": {
        "type": "Point",
        "coordinates": [
          76.9056357,
          11.0271589
        ]
      },
      "properties": {
        "id": 4837892724,
        "name": "Mariamman Temple",
        "facility_type": "temple",
        "category": "Religious POI",
        "capacity": 324,
        "district": "Coimbatore",
        "state": "Tamil Nadu",
        "data_source_type": "OpenStreetMap Public Data"
      }
    },
    {
      "type": "Feature",
      "id": 4878918577,
      "geometry": {
        "type": "Point",
        "coordinates": [
          76.9602041,
          11.2434041
        ]
      },
      "properties": {
        "id": 4878918577,
        "name": "Subbu Hospital",
        "facility_type": "hospital",
        "category": "Healthcare",
        "capacity": 177,
        "district": "Coimbatore",
        "state": "Tamil Nadu",
        "data_source_type": "OpenStreetMap Public Data"
      }
    },
    {
      "type": "Feature",
      "id": 4878918908,
      "geometry": {
        "type": "Point",
        "coordinates": [
          76.9551197,
          11.0115433
        ]
      },
      "properties": {
        "id": 4878918908,
        "name": "Ramu hardwares",
        "facility_type": "shop",
        "category": "Commercial POI",
        "capacity": 508,
        "district": "Coimbatore",
        "state": "Tamil Nadu",
        "data_source_type": "OpenStreetMap Public Data"
      }
    },
    {
      "type": "Feature",
      "id": 4878919828,
      "geometry": {
        "type": "Point",
        "coordinates": [
          76.9551299,
          11.0116395
        ]
      },
      "properties": {
        "id": 4878919828,
        "name": "Decor point",
        "facility_type": "shop",
        "category": "Commercial POI",
        "capacity": 428,
        "district": "Coimbatore",
        "state": "Tamil Nadu",
        "data_source_type": "OpenStreetMap Public Data"
      }
    },
    {
      "type": "Feature",
      "id": 4878920239,
      "geometry": {
        "type": "Point",
        "coordinates": [
          76.9551221,
          11.0116043
        ]
      },
      "properties": {
        "id": 4878920239,
        "name": "Pankaj Plywoods",
        "facility_type": "shop",
        "category": "Commercial POI",
        "capacity": 339,
        "district": "Coimbatore",
        "state": "Tamil Nadu",
        "data_source_type": "OpenStreetMap Public Data"
      }
    },
    {
      "type": "Feature",
      "id": 4878934417,
      "geometry": {
        "type": "Point",
        "coordinates": [
          76.9464769,
          10.9961789
        ]
      },
      "properties": {
        "id": 4878934417,
        "name": "POI 615",
        "facility_type": "temple",
        "category": "Religious POI",
        "capacity": 517,
        "district": "Coimbatore",
        "state": "Tamil Nadu",
        "data_source_type": "OpenStreetMap Public Data"
      }
    },
    {
      "type": "Feature",
      "id": 4920061721,
      "geometry": {
        "type": "Point",
        "coordinates": [
          76.9034919,
          11.0266188
        ]
      },
      "properties": {
        "id": 4920061721,
        "name": "Om Sri Sai Flour Mill",
        "facility_type": "shop",
        "category": "Commercial POI",
        "capacity": 321,
        "district": "Coimbatore",
        "state": "Tamil Nadu",
        "data_source_type": "OpenStreetMap Public Data"
      }
    },
    {
      "type": "Feature",
      "id": 4925842501,
      "geometry": {
        "type": "Point",
        "coordinates": [
          76.9735628,
          11.0164766
        ]
      },
      "properties": {
        "id": 4925842501,
        "name": "Luminous Power Technologies Pvt Ltd",
        "facility_type": "shop",
        "category": "Commercial POI",
        "capacity": 101,
        "district": "Coimbatore",
        "state": "Tamil Nadu",
        "data_source_type": "OpenStreetMap Public Data"
      }
    },
    {
      "type": "Feature",
      "id": 4925842502,
      "geometry": {
        "type": "Point",
        "coordinates": [
          76.9790553,
          11.0158318
        ]
      },
      "properties": {
        "id": 4925842502,
        "name": "Luminous UPS & Batteries",
        "facility_type": "shop",
        "category": "Commercial POI",
        "capacity": 102,
        "district": "Coimbatore",
        "state": "Tamil Nadu",
        "data_source_type": "OpenStreetMap Public Data"
      }
    },
    {
      "type": "Feature",
      "id": 4944444323,
      "geometry": {
        "type": "Point",
        "coordinates": [
          76.9534164,
          11.0098981
        ]
      },
      "properties": {
        "id": 4944444323,
        "name": "Copy Shop",
        "facility_type": "shop",
        "category": "Commercial POI",
        "capacity": 423,
        "district": "Coimbatore",
        "state": "Tamil Nadu",
        "data_source_type": "OpenStreetMap Public Data"
      }
    },
    {
      "type": "Feature",
      "id": 4944455821,
      "geometry": {
        "type": "Point",
        "coordinates": [
          76.9534287,
          11.0095801
        ]
      },
      "properties": {
        "id": 4944455821,
        "name": "Anya",
        "facility_type": "shop",
        "category": "Commercial POI",
        "capacity": 421,
        "district": "Coimbatore",
        "state": "Tamil Nadu",
        "data_source_type": "OpenStreetMap Public Data"
      }
    },
    {
      "type": "Feature",
      "id": 5051604721,
      "geometry": {
        "type": "Point",
        "coordinates": [
          76.9022391,
          11.0248531
        ]
      },
      "properties": {
        "id": 5051604721,
        "name": "MRC Metals",
        "facility_type": "office",
        "category": "Company",
        "capacity": 321,
        "district": "Coimbatore",
        "state": "Tamil Nadu",
        "data_source_type": "OpenStreetMap Public Data"
      }
    },
    {
      "type": "Feature",
      "id": 5053436622,
      "geometry": {
        "type": "Point",
        "coordinates": [
          77.0186442,
          11.0319042
        ]
      },
      "properties": {
        "id": 5053436622,
        "name": "Cameron",
        "facility_type": "office",
        "category": "Company",
        "capacity": 222,
        "district": "Coimbatore",
        "state": "Tamil Nadu",
        "data_source_type": "OpenStreetMap Public Data"
      }
    },
    {
      "type": "Feature",
      "id": 5069222447,
      "geometry": {
        "type": "Point",
        "coordinates": [
          76.9018703,
          11.233086
        ]
      },
      "properties": {
        "id": 5069222447,
        "name": "POI 623",
        "facility_type": "shop",
        "category": "Commercial POI",
        "capacity": 547,
        "district": "Coimbatore",
        "state": "Tamil Nadu",
        "data_source_type": "OpenStreetMap Public Data"
      }
    },
    {
      "type": "Feature",
      "id": 5104357826,
      "geometry": {
        "type": "Point",
        "coordinates": [
          76.9893223,
          10.9547118
        ]
      },
      "properties": {
        "id": 5104357826,
        "name": "POI 624",
        "facility_type": "hospital",
        "category": "Healthcare",
        "capacity": 426,
        "district": "Coimbatore",
        "state": "Tamil Nadu",
        "data_source_type": "OpenStreetMap Public Data"
      }
    },
    {
      "type": "Feature",
      "id": 5115363509,
      "geometry": {
        "type": "Point",
        "coordinates": [
          76.9721512,
          11.0024747
        ]
      },
      "properties": {
        "id": 5115363509,
        "name": "Municipal Corporation Central Zone Office",
        "facility_type": "office",
        "category": "Company",
        "capacity": 109,
        "district": "Coimbatore",
        "state": "Tamil Nadu",
        "data_source_type": "OpenStreetMap Public Data"
      }
    },
    {
      "type": "Feature",
      "id": 5115363510,
      "geometry": {
        "type": "Point",
        "coordinates": [
          76.9904465,
          11.0088405
        ]
      },
      "properties": {
        "id": 5115363510,
        "name": "Municipal Corporation Ward Office",
        "facility_type": "office",
        "category": "Company",
        "capacity": 110,
        "district": "Coimbatore",
        "state": "Tamil Nadu",
        "data_source_type": "OpenStreetMap Public Data"
      }
    },
    {
      "type": "Feature",
      "id": 5175693682,
      "geometry": {
        "type": "Point",
        "coordinates": [
          76.9749552,
          11.049795
        ]
      },
      "properties": {
        "id": 5175693682,
        "name": "Dhargua",
        "facility_type": "temple",
        "category": "Religious POI",
        "capacity": 282,
        "district": "Coimbatore",
        "state": "Tamil Nadu",
        "data_source_type": "OpenStreetMap Public Data"
      }
    },
    {
      "type": "Feature",
      "id": 5207523221,
      "geometry": {
        "type": "Point",
        "coordinates": [
          76.9835586,
          11.0135296
        ]
      },
      "properties": {
        "id": 5207523221,
        "name": "Abirami Enterprises",
        "facility_type": "shop",
        "category": "Commercial POI",
        "capacity": 321,
        "district": "Coimbatore",
        "state": "Tamil Nadu",
        "data_source_type": "OpenStreetMap Public Data"
      }
    },
    {
      "type": "Feature",
      "id": 5211515905,
      "geometry": {
        "type": "Point",
        "coordinates": [
          76.9378022,
          11.0093844
        ]
      },
      "properties": {
        "id": 5211515905,
        "name": "POI 629",
        "facility_type": "temple",
        "category": "Religious POI",
        "capacity": 505,
        "district": "Coimbatore",
        "state": "Tamil Nadu",
        "data_source_type": "OpenStreetMap Public Data"
      }
    },
    {
      "type": "Feature",
      "id": 5212312247,
      "geometry": {
        "type": "Point",
        "coordinates": [
          76.9416802,
          11.0071411
        ]
      },
      "properties": {
        "id": 5212312247,
        "name": "Nellai siva sakthi sites stores",
        "facility_type": "shop",
        "category": "Commercial POI",
        "capacity": 347,
        "district": "Coimbatore",
        "state": "Tamil Nadu",
        "data_source_type": "OpenStreetMap Public Data"
      }
    },
    {
      "type": "Feature",
      "id": 5214653821,
      "geometry": {
        "type": "Point",
        "coordinates": [
          76.9667159,
          11.0169263
        ]
      },
      "properties": {
        "id": 5214653821,
        "name": "Archies Gallery",
        "facility_type": "shop",
        "category": "Commercial POI",
        "capacity": 421,
        "district": "Coimbatore",
        "state": "Tamil Nadu",
        "data_source_type": "OpenStreetMap Public Data"
      }
    },
    {
      "type": "Feature",
      "id": 5214653921,
      "geometry": {
        "type": "Point",
        "coordinates": [
          76.9664185,
          11.0187963
        ]
      },
      "properties": {
        "id": 5214653921,
        "name": "Display World",
        "facility_type": "shop",
        "category": "Commercial POI",
        "capacity": 521,
        "district": "Coimbatore",
        "state": "Tamil Nadu",
        "data_source_type": "OpenStreetMap Public Data"
      }
    },
    {
      "type": "Feature",
      "id": 5261374221,
      "geometry": {
        "type": "Point",
        "coordinates": [
          76.9633014,
          11.0171496
        ]
      },
      "properties": {
        "id": 5261374221,
        "name": "S.M. Silks",
        "facility_type": "shop",
        "category": "Commercial POI",
        "capacity": 321,
        "district": "Coimbatore",
        "state": "Tamil Nadu",
        "data_source_type": "OpenStreetMap Public Data"
      }
    },
    {
      "type": "Feature",
      "id": 5261380907,
      "geometry": {
        "type": "Point",
        "coordinates": [
          76.9631707,
          11.0171511
        ]
      },
      "properties": {
        "id": 5261380907,
        "name": "Kirtilals",
        "facility_type": "shop",
        "category": "Commercial POI",
        "capacity": 507,
        "district": "Coimbatore",
        "state": "Tamil Nadu",
        "data_source_type": "OpenStreetMap Public Data"
      }
    },
    {
      "type": "Feature",
      "id": 5274739821,
      "geometry": {
        "type": "Point",
        "coordinates": [
          76.9576465,
          11.00933
        ]
      },
      "properties": {
        "id": 5274739821,
        "name": "Krishna Bakery opp kovai briyani",
        "facility_type": "shop",
        "category": "Commercial POI",
        "capacity": 421,
        "district": "Coimbatore",
        "state": "Tamil Nadu",
        "data_source_type": "OpenStreetMap Public Data"
      }
    },
    {
      "type": "Feature",
      "id": 5274739921,
      "geometry": {
        "type": "Point",
        "coordinates": [
          76.9579603,
          11.0095508
        ]
      },
      "properties": {
        "id": 5274739921,
        "name": "Safik Petti Shop",
        "facility_type": "shop",
        "category": "Commercial POI",
        "capacity": 521,
        "district": "Coimbatore",
        "state": "Tamil Nadu",
        "data_source_type": "OpenStreetMap Public Data"
      }
    },
    {
      "type": "Feature",
      "id": 5274861921,
      "geometry": {
        "type": "Point",
        "coordinates": [
          76.933261,
          10.7575853
        ]
      },
      "properties": {
        "id": 5274861921,
        "name": "Karupparayan kovil, Zamin Kaliyapuram",
        "facility_type": "temple",
        "category": "Religious POI",
        "capacity": 521,
        "district": "Coimbatore",
        "state": "Tamil Nadu",
        "data_source_type": "OpenStreetMap Public Data"
      }
    },
    {
      "type": "Feature",
      "id": 5281168121,
      "geometry": {
        "type": "Point",
        "coordinates": [
          76.956196,
          11.0026468
        ]
      },
      "properties": {
        "id": 5281168121,
        "name": "sagar bakery",
        "facility_type": "shop",
        "category": "Commercial POI",
        "capacity": 221,
        "district": "Coimbatore",
        "state": "Tamil Nadu",
        "data_source_type": "OpenStreetMap Public Data"
      }
    },
    {
      "type": "Feature",
      "id": 5296581883,
      "geometry": {
        "type": "Point",
        "coordinates": [
          76.9640887,
          11.2385887
        ]
      },
      "properties": {
        "id": 5296581883,
        "name": "Government primary health center",
        "facility_type": "hospital",
        "category": "Healthcare",
        "capacity": 483,
        "district": "Coimbatore",
        "state": "Tamil Nadu",
        "data_source_type": "OpenStreetMap Public Data"
      }
    },
    {
      "type": "Feature",
      "id": 5300433025,
      "geometry": {
        "type": "Point",
        "coordinates": [
          76.8210985,
          10.7751088
        ]
      },
      "properties": {
        "id": 5300433025,
        "name": "Holy Cross Roman Catholic Church",
        "facility_type": "temple",
        "category": "Religious POI",
        "capacity": 125,
        "district": "Coimbatore",
        "state": "Tamil Nadu",
        "data_source_type": "OpenStreetMap Public Data"
      }
    },
    {
      "type": "Feature",
      "id": 5300435426,
      "geometry": {
        "type": "Point",
        "coordinates": [
          76.8332057,
          10.7877524
        ]
      },
      "properties": {
        "id": 5300435426,
        "name": "Santhi Hospital",
        "facility_type": "hospital",
        "category": "Healthcare",
        "capacity": 526,
        "district": "Coimbatore",
        "state": "Tamil Nadu",
        "data_source_type": "OpenStreetMap Public Data"
      }
    },
    {
      "type": "Feature",
      "id": 5300436245,
      "geometry": {
        "type": "Point",
        "coordinates": [
          76.9486223,
          10.9092521
        ]
      },
      "properties": {
        "id": 5300436245,
        "name": "Madukkarai Village administrative office",
        "facility_type": "office",
        "category": "Company",
        "capacity": 345,
        "district": "Coimbatore",
        "state": "Tamil Nadu",
        "data_source_type": "OpenStreetMap Public Data"
      }
    },
    {
      "type": "Feature",
      "id": 5300436326,
      "geometry": {
        "type": "Point",
        "coordinates": [
          76.8473706,
          10.8095031
        ]
      },
      "properties": {
        "id": 5300436326,
        "name": "mizpah english medium school",
        "facility_type": "school",
        "category": "Education",
        "capacity": 426,
        "district": "Coimbatore",
        "state": "Tamil Nadu",
        "data_source_type": "OpenStreetMap Public Data"
      }
    },
    {
      "type": "Feature",
      "id": 5305017914,
      "geometry": {
        "type": "Point",
        "coordinates": [
          76.941513,
          11.0772626
        ]
      },
      "properties": {
        "id": 5305017914,
        "name": "Airtel mini store",
        "facility_type": "shop",
        "category": "Commercial POI",
        "capacity": 514,
        "district": "Coimbatore",
        "state": "Tamil Nadu",
        "data_source_type": "OpenStreetMap Public Data"
      }
    },
    {
      "type": "Feature",
      "id": 5305020793,
      "geometry": {
        "type": "Point",
        "coordinates": [
          76.9403675,
          11.0812205
        ]
      },
      "properties": {
        "id": 5305020793,
        "name": "Electricity Bill payment centre",
        "facility_type": "shop",
        "category": "Commercial POI",
        "capacity": 393,
        "district": "Coimbatore",
        "state": "Tamil Nadu",
        "data_source_type": "OpenStreetMap Public Data"
      }
    },
    {
      "type": "Feature",
      "id": 5305021038,
      "geometry": {
        "type": "Point",
        "coordinates": [
          76.9438286,
          11.0838704
        ]
      },
      "properties": {
        "id": 5305021038,
        "name": "Tasmac Bar",
        "facility_type": "shop",
        "category": "Commercial POI",
        "capacity": 138,
        "district": "Coimbatore",
        "state": "Tamil Nadu",
        "data_source_type": "OpenStreetMap Public Data"
      }
    },
    {
      "type": "Feature",
      "id": 5312920882,
      "geometry": {
        "type": "Point",
        "coordinates": [
          76.9448483,
          11.0079231
        ]
      },
      "properties": {
        "id": 5312920882,
        "name": "POI 647",
        "facility_type": "temple",
        "category": "Religious POI",
        "capacity": 482,
        "district": "Coimbatore",
        "state": "Tamil Nadu",
        "data_source_type": "OpenStreetMap Public Data"
      }
    },
    {
      "type": "Feature",
      "id": 5316210429,
      "geometry": {
        "type": "Point",
        "coordinates": [
          77.0106716,
          11.2692662
        ]
      },
      "properties": {
        "id": 5316210429,
        "name": "Indian Bakes",
        "facility_type": "shop",
        "category": "Commercial POI",
        "capacity": 529,
        "district": "Coimbatore",
        "state": "Tamil Nadu",
        "data_source_type": "OpenStreetMap Public Data"
      }
    },
    {
      "type": "Feature",
      "id": 5338398819,
      "geometry": {
        "type": "Point",
        "coordinates": [
          76.9606882,
          10.9908907
        ]
      },
      "properties": {
        "id": 5338398819,
        "name": "POI 649",
        "facility_type": "shop",
        "category": "Commercial POI",
        "capacity": 419,
        "district": "Coimbatore",
        "state": "Tamil Nadu",
        "data_source_type": "OpenStreetMap Public Data"
      }
    },
    {
      "type": "Feature",
      "id": 5338398820,
      "geometry": {
        "type": "Point",
        "coordinates": [
          76.9609217,
          10.9904686
        ]
      },
      "properties": {
        "id": 5338398820,
        "name": "Varna bakery",
        "facility_type": "shop",
        "category": "Commercial POI",
        "capacity": 420,
        "district": "Coimbatore",
        "state": "Tamil Nadu",
        "data_source_type": "OpenStreetMap Public Data"
      }
    },
    {
      "type": "Feature",
      "id": 5338399785,
      "geometry": {
        "type": "Point",
        "coordinates": [
          76.8053667,
          10.9617744
        ]
      },
      "properties": {
        "id": 5338399785,
        "name": "Government high school",
        "facility_type": "school",
        "category": "Education",
        "capacity": 385,
        "district": "Coimbatore",
        "state": "Tamil Nadu",
        "data_source_type": "OpenStreetMap Public Data"
      }
    },
    {
      "type": "Feature",
      "id": 5338402543,
      "geometry": {
        "type": "Point",
        "coordinates": [
          76.9601489,
          10.9922107
        ]
      },
      "properties": {
        "id": 5338402543,
        "name": "Hanifa traders",
        "facility_type": "shop",
        "category": "Commercial POI",
        "capacity": 143,
        "district": "Coimbatore",
        "state": "Tamil Nadu",
        "data_source_type": "OpenStreetMap Public Data"
      }
    },
    {
      "type": "Feature",
      "id": 5338402544,
      "geometry": {
        "type": "Point",
        "coordinates": [
          76.9501557,
          10.9923237
        ]
      },
      "properties": {
        "id": 5338402544,
        "name": "POI 653",
        "facility_type": "temple",
        "category": "Religious POI",
        "capacity": 144,
        "district": "Coimbatore",
        "state": "Tamil Nadu",
        "data_source_type": "OpenStreetMap Public Data"
      }
    },
    {
      "type": "Feature",
      "id": 5338402545,
      "geometry": {
        "type": "Point",
        "coordinates": [
          76.9389252,
          10.9879451
        ]
      },
      "properties": {
        "id": 5338402545,
        "name": "Gokulam Sweets",
        "facility_type": "shop",
        "category": "Commercial POI",
        "capacity": 145,
        "district": "Coimbatore",
        "state": "Tamil Nadu",
        "data_source_type": "OpenStreetMap Public Data"
      }
    },
    {
      "type": "Feature",
      "id": 5338402883,
      "geometry": {
        "type": "Point",
        "coordinates": [
          76.960056,
          10.9917822
        ]
      },
      "properties": {
        "id": 5338402883,
        "name": "Raja tyres",
        "facility_type": "shop",
        "category": "Commercial POI",
        "capacity": 483,
        "district": "Coimbatore",
        "state": "Tamil Nadu",
        "data_source_type": "OpenStreetMap Public Data"
      }
    },
    {
      "type": "Feature",
      "id": 5338402884,
      "geometry": {
        "type": "Point",
        "coordinates": [
          76.9413226,
          10.988663
        ]
      },
      "properties": {
        "id": 5338402884,
        "name": "Ideal Supermarket",
        "facility_type": "shop",
        "category": "Commercial POI",
        "capacity": 484,
        "district": "Coimbatore",
        "state": "Tamil Nadu",
        "data_source_type": "OpenStreetMap Public Data"
      }
    },
    {
      "type": "Feature",
      "id": 5338402888,
      "geometry": {
        "type": "Point",
        "coordinates": [
          76.8377246,
          10.9682744
        ]
      },
      "properties": {
        "id": 5338402888,
        "name": "POI 657",
        "facility_type": "temple",
        "category": "Religious POI",
        "capacity": 488,
        "district": "Coimbatore",
        "state": "Tamil Nadu",
        "data_source_type": "OpenStreetMap Public Data"
      }
    },
    {
      "type": "Feature",
      "id": 5338402922,
      "geometry": {
        "type": "Point",
        "coordinates": [
          76.9593048,
          10.9921753
        ]
      },
      "properties": {
        "id": 5338402922,
        "name": "Periyanayaki",
        "facility_type": "shop",
        "category": "Commercial POI",
        "capacity": 522,
        "district": "Coimbatore",
        "state": "Tamil Nadu",
        "data_source_type": "OpenStreetMap Public Data"
      }
    },
    {
      "type": "Feature",
      "id": 5338402923,
      "geometry": {
        "type": "Point",
        "coordinates": [
          76.9026701,
          10.9680103
        ]
      },
      "properties": {
        "id": 5338402923,
        "name": "POI 659",
        "facility_type": "temple",
        "category": "Religious POI",
        "capacity": 523,
        "district": "Coimbatore",
        "state": "Tamil Nadu",
        "data_source_type": "OpenStreetMap Public Data"
      }
    },
    {
      "type": "Feature",
      "id": 5338403021,
      "geometry": {
        "type": "Point",
        "coordinates": [
          76.9601055,
          10.9925331
        ]
      },
      "properties": {
        "id": 5338403021,
        "name": "POI 660",
        "facility_type": "shop",
        "category": "Commercial POI",
        "capacity": 121,
        "district": "Coimbatore",
        "state": "Tamil Nadu",
        "data_source_type": "OpenStreetMap Public Data"
      }
    },
    {
      "type": "Feature",
      "id": 5338403022,
      "geometry": {
        "type": "Point",
        "coordinates": [
          76.9297655,
          10.9842757
        ]
      },
      "properties": {
        "id": 5338403022,
        "name": "Telugupalayam Hospital",
        "facility_type": "hospital",
        "category": "Healthcare",
        "capacity": 122,
        "district": "Coimbatore",
        "state": "Tamil Nadu",
        "data_source_type": "OpenStreetMap Public Data"
      }
    },
    {
      "type": "Feature",
      "id": 5420294421,
      "geometry": {
        "type": "Point",
        "coordinates": [
          76.9663798,
          11.0101816
        ]
      },
      "properties": {
        "id": 5420294421,
        "name": "SPS Travels India",
        "facility_type": "shop",
        "category": "Commercial POI",
        "capacity": 521,
        "district": "Coimbatore",
        "state": "Tamil Nadu",
        "data_source_type": "OpenStreetMap Public Data"
      }
    },
    {
      "type": "Feature",
      "id": 5444486062,
      "geometry": {
        "type": "Point",
        "coordinates": [
          77.0185033,
          11.0322905
        ]
      },
      "properties": {
        "id": 5444486062,
        "name": "NEXT Techno Enterprises Pvt. Ltd",
        "facility_type": "office",
        "category": "Company",
        "capacity": 162,
        "district": "Coimbatore",
        "state": "Tamil Nadu",
        "data_source_type": "OpenStreetMap Public Data"
      }
    },
    {
      "type": "Feature",
      "id": 5449562329,
      "geometry": {
        "type": "Point",
        "coordinates": [
          76.9633579,
          11.0153299
        ]
      },
      "properties": {
        "id": 5449562329,
        "name": "New mani's saloon",
        "facility_type": "shop",
        "category": "Commercial POI",
        "capacity": 429,
        "district": "Coimbatore",
        "state": "Tamil Nadu",
        "data_source_type": "OpenStreetMap Public Data"
      }
    },
    {
      "type": "Feature",
      "id": 5484246121,
      "geometry": {
        "type": "Point",
        "coordinates": [
          76.9790826,
          11.0002569
        ]
      },
      "properties": {
        "id": 5484246121,
        "name": "Guugu",
        "facility_type": "shop",
        "category": "Commercial POI",
        "capacity": 221,
        "district": "Coimbatore",
        "state": "Tamil Nadu",
        "data_source_type": "OpenStreetMap Public Data"
      }
    },
    {
      "type": "Feature",
      "id": 5548324544,
      "geometry": {
        "type": "Point",
        "coordinates": [
          76.9537818,
          10.9528636
        ]
      },
      "properties": {
        "id": 5548324544,
        "name": "Kalpaka Supermarket",
        "facility_type": "shop",
        "category": "Commercial POI",
        "capacity": 144,
        "district": "Coimbatore",
        "state": "Tamil Nadu",
        "data_source_type": "OpenStreetMap Public Data"
      }
    },
    {
      "type": "Feature",
      "id": 5585526834,
      "geometry": {
        "type": "Point",
        "coordinates": [
          76.9960437,
          10.9962625
        ]
      },
      "properties": {
        "id": 5585526834,
        "name": "Palanisamy rice mundy",
        "facility_type": "shop",
        "category": "Commercial POI",
        "capacity": 434,
        "district": "Coimbatore",
        "state": "Tamil Nadu",
        "data_source_type": "OpenStreetMap Public Data"
      }
    },
    {
      "type": "Feature",
      "id": 5585527363,
      "geometry": {
        "type": "Point",
        "coordinates": [
          76.9965369,
          10.9945314
        ]
      },
      "properties": {
        "id": 5585527363,
        "name": "POI 668",
        "facility_type": "temple",
        "category": "Religious POI",
        "capacity": 463,
        "district": "Coimbatore",
        "state": "Tamil Nadu",
        "data_source_type": "OpenStreetMap Public Data"
      }
    },
    {
      "type": "Feature",
      "id": 5601012872,
      "geometry": {
        "type": "Point",
        "coordinates": [
          76.8885331,
          10.8708345
        ]
      },
      "properties": {
        "id": 5601012872,
        "name": "Amirtha Bakers",
        "facility_type": "shop",
        "category": "Commercial POI",
        "capacity": 472,
        "district": "Coimbatore",
        "state": "Tamil Nadu",
        "data_source_type": "OpenStreetMap Public Data"
      }
    },
    {
      "type": "Feature",
      "id": 5636559807,
      "geometry": {
        "type": "Point",
        "coordinates": [
          76.9353836,
          11.0101473
        ]
      },
      "properties": {
        "id": 5636559807,
        "name": "Sri Vignesh computers",
        "facility_type": "shop",
        "category": "Commercial POI",
        "capacity": 407,
        "district": "Coimbatore",
        "state": "Tamil Nadu",
        "data_source_type": "OpenStreetMap Public Data"
      }
    },
    {
      "type": "Feature",
      "id": 5643922109,
      "geometry": {
        "type": "Point",
        "coordinates": [
          76.9959744,
          10.9964967
        ]
      },
      "properties": {
        "id": 5643922109,
        "name": "S.K. supermarket",
        "facility_type": "shop",
        "category": "Commercial POI",
        "capacity": 209,
        "district": "Coimbatore",
        "state": "Tamil Nadu",
        "data_source_type": "OpenStreetMap Public Data"
      }
    },
    {
      "type": "Feature",
      "id": 5643925200,
      "geometry": {
        "type": "Point",
        "coordinates": [
          76.9977703,
          10.9923695
        ]
      },
      "properties": {
        "id": 5643925200,
        "name": "POI 672",
        "facility_type": "office",
        "category": "Company",
        "capacity": 300,
        "district": "Coimbatore",
        "state": "Tamil Nadu",
        "data_source_type": "OpenStreetMap Public Data"
      }
    },
    {
      "type": "Feature",
      "id": 5643927389,
      "geometry": {
        "type": "Point",
        "coordinates": [
          77.0480465,
          11.0037336
        ]
      },
      "properties": {
        "id": 5643927389,
        "name": "POI 673",
        "facility_type": "office",
        "category": "Company",
        "capacity": 489,
        "district": "Coimbatore",
        "state": "Tamil Nadu",
        "data_source_type": "OpenStreetMap Public Data"
      }
    },
    {
      "type": "Feature",
      "id": 5643927426,
      "geometry": {
        "type": "Point",
        "coordinates": [
          76.9993022,
          10.9969428
        ]
      },
      "properties": {
        "id": 5643927426,
        "name": "Leo Ortho care Hospital",
        "facility_type": "hospital",
        "category": "Healthcare",
        "capacity": 526,
        "district": "Coimbatore",
        "state": "Tamil Nadu",
        "data_source_type": "OpenStreetMap Public Data"
      }
    },
    {
      "type": "Feature",
      "id": 5643927427,
      "geometry": {
        "type": "Point",
        "coordinates": [
          76.996084,
          10.9972849
        ]
      },
      "properties": {
        "id": 5643927427,
        "name": "Holy Trinity Cathedral",
        "facility_type": "temple",
        "category": "Religious POI",
        "capacity": 527,
        "district": "Coimbatore",
        "state": "Tamil Nadu",
        "data_source_type": "OpenStreetMap Public Data"
      }
    },
    {
      "type": "Feature",
      "id": 5643928621,
      "geometry": {
        "type": "Point",
        "coordinates": [
          77.1189675,
          11.0251692
        ]
      },
      "properties": {
        "id": 5643928621,
        "name": "Sri Rajagula Agamudaiyar Thevar Kulatharin Kulatheivam",
        "facility_type": "temple",
        "category": "Religious POI",
        "capacity": 221,
        "district": "Coimbatore",
        "state": "Tamil Nadu",
        "data_source_type": "OpenStreetMap Public Data"
      }
    },
    {
      "type": "Feature",
      "id": 5646145169,
      "geometry": {
        "type": "Point",
        "coordinates": [
          77.0300998,
          11.0005813
        ]
      },
      "properties": {
        "id": 5646145169,
        "name": "Kavitha Jewellers",
        "facility_type": "shop",
        "category": "Commercial POI",
        "capacity": 269,
        "district": "Coimbatore",
        "state": "Tamil Nadu",
        "data_source_type": "OpenStreetMap Public Data"
      }
    },
    {
      "type": "Feature",
      "id": 5646145420,
      "geometry": {
        "type": "Point",
        "coordinates": [
          77.0300022,
          11.0005395
        ]
      },
      "properties": {
        "id": 5646145420,
        "name": "Reliance Home Curtains",
        "facility_type": "shop",
        "category": "Commercial POI",
        "capacity": 520,
        "district": "Coimbatore",
        "state": "Tamil Nadu",
        "data_source_type": "OpenStreetMap Public Data"
      }
    },
    {
      "type": "Feature",
      "id": 5646146025,
      "geometry": {
        "type": "Point",
        "coordinates": [
          77.030277,
          11.0008635
        ]
      },
      "properties": {
        "id": 5646146025,
        "name": "Kavitha financial",
        "facility_type": "office",
        "category": "Company",
        "capacity": 125,
        "district": "Coimbatore",
        "state": "Tamil Nadu",
        "data_source_type": "OpenStreetMap Public Data"
      }
    },
    {
      "type": "Feature",
      "id": 5714621623,
      "geometry": {
        "type": "Point",
        "coordinates": [
          77.0234747,
          11.0155606
        ]
      },
      "properties": {
        "id": 5714621623,
        "name": "JVG Automobiles",
        "facility_type": "shop",
        "category": "Commercial POI",
        "capacity": 223,
        "district": "Coimbatore",
        "state": "Tamil Nadu",
        "data_source_type": "OpenStreetMap Public Data"
      }
    },
    {
      "type": "Feature",
      "id": 5714624321,
      "geometry": {
        "type": "Point",
        "coordinates": [
          77.0236808,
          11.0155497
        ]
      },
      "properties": {
        "id": 5714624321,
        "name": "Farm Corner",
        "facility_type": "shop",
        "category": "Commercial POI",
        "capacity": 421,
        "district": "Coimbatore",
        "state": "Tamil Nadu",
        "data_source_type": "OpenStreetMap Public Data"
      }
    },
    {
      "type": "Feature",
      "id": 5724054575,
      "geometry": {
        "type": "Point",
        "coordinates": [
          76.9593964,
          11.0088739
        ]
      },
      "properties": {
        "id": 5724054575,
        "name": "Brookefields Mall",
        "facility_type": "shop",
        "category": "Commercial POI",
        "capacity": 175,
        "district": "Coimbatore",
        "state": "Tamil Nadu",
        "data_source_type": "OpenStreetMap Public Data"
      }
    },
    {
      "type": "Feature",
      "id": 5752357089,
      "geometry": {
        "type": "Point",
        "coordinates": [
          76.9701884,
          11.0035703
        ]
      },
      "properties": {
        "id": 5752357089,
        "name": "KT Telematic Solutions Pvt Ltd",
        "facility_type": "office",
        "category": "Company",
        "capacity": 189,
        "district": "Coimbatore",
        "state": "Tamil Nadu",
        "data_source_type": "OpenStreetMap Public Data"
      }
    },
    {
      "type": "Feature",
      "id": 5752357090,
      "geometry": {
        "type": "Point",
        "coordinates": [
          76.970224,
          11.0032611
        ]
      },
      "properties": {
        "id": 5752357090,
        "name": "Audi Coimbatore",
        "facility_type": "shop",
        "category": "Commercial POI",
        "capacity": 190,
        "district": "Coimbatore",
        "state": "Tamil Nadu",
        "data_source_type": "OpenStreetMap Public Data"
      }
    },
    {
      "type": "Feature",
      "id": 5774631561,
      "geometry": {
        "type": "Point",
        "coordinates": [
          76.9582327,
          11.0242987
        ]
      },
      "properties": {
        "id": 5774631561,
        "name": "Eye Trust Hospital",
        "facility_type": "hospital",
        "category": "Healthcare",
        "capacity": 161,
        "district": "Coimbatore",
        "state": "Tamil Nadu",
        "data_source_type": "OpenStreetMap Public Data"
      }
    },
    {
      "type": "Feature",
      "id": 5802842956,
      "geometry": {
        "type": "Point",
        "coordinates": [
          76.9633047,
          11.0167596
        ]
      },
      "properties": {
        "id": 5802842956,
        "name": "POI 686",
        "facility_type": "shop",
        "category": "Commercial POI",
        "capacity": 556,
        "district": "Coimbatore",
        "state": "Tamil Nadu",
        "data_source_type": "OpenStreetMap Public Data"
      }
    },
    {
      "type": "Feature",
      "id": 5803459154,
      "geometry": {
        "type": "Point",
        "coordinates": [
          76.9753,
          11.0165325
        ]
      },
      "properties": {
        "id": 5803459154,
        "name": "airtel",
        "facility_type": "office",
        "category": "Company",
        "capacity": 254,
        "district": "Coimbatore",
        "state": "Tamil Nadu",
        "data_source_type": "OpenStreetMap Public Data"
      }
    },
    {
      "type": "Feature",
      "id": 5808999659,
      "geometry": {
        "type": "Point",
        "coordinates": [
          76.9772383,
          11.00661
        ]
      },
      "properties": {
        "id": 5808999659,
        "name": "Pazhamudir Nilaym",
        "facility_type": "shop",
        "category": "Commercial POI",
        "capacity": 259,
        "district": "Coimbatore",
        "state": "Tamil Nadu",
        "data_source_type": "OpenStreetMap Public Data"
      }
    },
    {
      "type": "Feature",
      "id": 5837579825,
      "geometry": {
        "type": "Point",
        "coordinates": [
          77.0190105,
          11.021742
        ]
      },
      "properties": {
        "id": 5837579825,
        "name": "Microbiological Lab",
        "facility_type": "hospital",
        "category": "Healthcare",
        "capacity": 425,
        "district": "Coimbatore",
        "state": "Tamil Nadu",
        "data_source_type": "OpenStreetMap Public Data"
      }
    },
    {
      "type": "Feature",
      "id": 5916113279,
      "geometry": {
        "type": "Point",
        "coordinates": [
          76.9697258,
          11.2370621
        ]
      },
      "properties": {
        "id": 5916113279,
        "name": "village administrative office",
        "facility_type": "office",
        "category": "Company",
        "capacity": 379,
        "district": "Coimbatore",
        "state": "Tamil Nadu",
        "data_source_type": "OpenStreetMap Public Data"
      }
    },
    {
      "type": "Feature",
      "id": 5916114235,
      "geometry": {
        "type": "Point",
        "coordinates": [
          76.9697396,
          11.2371358
        ]
      },
      "properties": {
        "id": 5916114235,
        "name": "pds shop",
        "facility_type": "office",
        "category": "Company",
        "capacity": 335,
        "district": "Coimbatore",
        "state": "Tamil Nadu",
        "data_source_type": "OpenStreetMap Public Data"
      }
    },
    {
      "type": "Feature",
      "id": 5952856608,
      "geometry": {
        "type": "Point",
        "coordinates": [
          76.9692497,
          11.2375143
        ]
      },
      "properties": {
        "id": 5952856608,
        "name": "panchayat union primary school",
        "facility_type": "school",
        "category": "Education",
        "capacity": 208,
        "district": "Coimbatore",
        "state": "Tamil Nadu",
        "data_source_type": "OpenStreetMap Public Data"
      }
    },
    {
      "type": "Feature",
      "id": 5952859336,
      "geometry": {
        "type": "Point",
        "coordinates": [
          76.969229,
          11.2118299
        ]
      },
      "properties": {
        "id": 5952859336,
        "name": "panchayat union primary school",
        "facility_type": "school",
        "category": "Education",
        "capacity": 436,
        "district": "Coimbatore",
        "state": "Tamil Nadu",
        "data_source_type": "OpenStreetMap Public Data"
      }
    },
    {
      "type": "Feature",
      "id": 5970940185,
      "geometry": {
        "type": "Point",
        "coordinates": [
          76.9411896,
          11.0821749
        ]
      },
      "properties": {
        "id": 5970940185,
        "name": "All women police station",
        "facility_type": "office",
        "category": "Company",
        "capacity": 285,
        "district": "Coimbatore",
        "state": "Tamil Nadu",
        "data_source_type": "OpenStreetMap Public Data"
      }
    },
    {
      "type": "Feature",
      "id": 5970940285,
      "geometry": {
        "type": "Point",
        "coordinates": [
          76.9431916,
          11.0828858
        ]
      },
      "properties": {
        "id": 5970940285,
        "name": "Revenue inspector",
        "facility_type": "office",
        "category": "Company",
        "capacity": 385,
        "district": "Coimbatore",
        "state": "Tamil Nadu",
        "data_source_type": "OpenStreetMap Public Data"
      }
    },
    {
      "type": "Feature",
      "id": 6043078889,
      "geometry": {
        "type": "Point",
        "coordinates": [
          76.905826,
          11.2337609
        ]
      },
      "properties": {
        "id": 6043078889,
        "name": "village administrative office",
        "facility_type": "office",
        "category": "Company",
        "capacity": 489,
        "district": "Coimbatore",
        "state": "Tamil Nadu",
        "data_source_type": "OpenStreetMap Public Data"
      }
    },
    {
      "type": "Feature",
      "id": 6052089722,
      "geometry": {
        "type": "Point",
        "coordinates": [
          76.941734,
          11.0806597
        ]
      },
      "properties": {
        "id": 6052089722,
        "name": "susila saloon",
        "facility_type": "shop",
        "category": "Commercial POI",
        "capacity": 322,
        "district": "Coimbatore",
        "state": "Tamil Nadu",
        "data_source_type": "OpenStreetMap Public Data"
      }
    },
    {
      "type": "Feature",
      "id": 6110273268,
      "geometry": {
        "type": "Point",
        "coordinates": [
          76.95994,
          11.00821
        ]
      },
      "properties": {
        "id": 6110273268,
        "name": "Lifestyle",
        "facility_type": "shop",
        "category": "Commercial POI",
        "capacity": 368,
        "district": "Coimbatore",
        "state": "Tamil Nadu",
        "data_source_type": "OpenStreetMap Public Data"
      }
    },
    {
      "type": "Feature",
      "id": 6110273269,
      "geometry": {
        "type": "Point",
        "coordinates": [
          76.9604445,
          11.0078526
        ]
      },
      "properties": {
        "id": 6110273269,
        "name": "Roasted Sand",
        "facility_type": "shop",
        "category": "Commercial POI",
        "capacity": 369,
        "district": "Coimbatore",
        "state": "Tamil Nadu",
        "data_source_type": "OpenStreetMap Public Data"
      }
    },
    {
      "type": "Feature",
      "id": 6110273270,
      "geometry": {
        "type": "Point",
        "coordinates": [
          76.9599287,
          11.0084502
        ]
      },
      "properties": {
        "id": 6110273270,
        "name": "Tomy Hilfiger Store",
        "facility_type": "shop",
        "category": "Commercial POI",
        "capacity": 370,
        "district": "Coimbatore",
        "state": "Tamil Nadu",
        "data_source_type": "OpenStreetMap Public Data"
      }
    },
    {
      "type": "Feature",
      "id": 6110273271,
      "geometry": {
        "type": "Point",
        "coordinates": [
          76.9598585,
          11.0085823
        ]
      },
      "properties": {
        "id": 6110273271,
        "name": "Puma",
        "facility_type": "shop",
        "category": "Commercial POI",
        "capacity": 371,
        "district": "Coimbatore",
        "state": "Tamil Nadu",
        "data_source_type": "OpenStreetMap Public Data"
      }
    },
    {
      "type": "Feature",
      "id": 6110273272,
      "geometry": {
        "type": "Point",
        "coordinates": [
          76.9596081,
          11.0085228
        ]
      },
      "properties": {
        "id": 6110273272,
        "name": "The Body Shop",
        "facility_type": "shop",
        "category": "Commercial POI",
        "capacity": 372,
        "district": "Coimbatore",
        "state": "Tamil Nadu",
        "data_source_type": "OpenStreetMap Public Data"
      }
    },
    {
      "type": "Feature",
      "id": 6110273273,
      "geometry": {
        "type": "Point",
        "coordinates": [
          76.9594792,
          11.0086829
        ]
      },
      "properties": {
        "id": 6110273273,
        "name": "Zimson Watches",
        "facility_type": "shop",
        "category": "Commercial POI",
        "capacity": 373,
        "district": "Coimbatore",
        "state": "Tamil Nadu",
        "data_source_type": "OpenStreetMap Public Data"
      }
    },
    {
      "type": "Feature",
      "id": 6110273274,
      "geometry": {
        "type": "Point",
        "coordinates": [
          76.9590316,
          11.0092991
        ]
      },
      "properties": {
        "id": 6110273274,
        "name": "Sheriff Motors-Royal Enfield",
        "facility_type": "shop",
        "category": "Commercial POI",
        "capacity": 374,
        "district": "Coimbatore",
        "state": "Tamil Nadu",
        "data_source_type": "OpenStreetMap Public Data"
      }
    },
    {
      "type": "Feature",
      "id": 6110273275,
      "geometry": {
        "type": "Point",
        "coordinates": [
          76.9591776,
          11.0091483
        ]
      },
      "properties": {
        "id": 6110273275,
        "name": "RMKV Silks",
        "facility_type": "shop",
        "category": "Commercial POI",
        "capacity": 375,
        "district": "Coimbatore",
        "state": "Tamil Nadu",
        "data_source_type": "OpenStreetMap Public Data"
      }
    },
    {
      "type": "Feature",
      "id": 6110273276,
      "geometry": {
        "type": "Point",
        "coordinates": [
          76.95928,
          11.0090087
        ]
      },
      "properties": {
        "id": 6110273276,
        "name": "Nike",
        "facility_type": "shop",
        "category": "Commercial POI",
        "capacity": 376,
        "district": "Coimbatore",
        "state": "Tamil Nadu",
        "data_source_type": "OpenStreetMap Public Data"
      }
    },
    {
      "type": "Feature",
      "id": 6110273277,
      "geometry": {
        "type": "Point",
        "coordinates": [
          76.9594223,
          11.009085
        ]
      },
      "properties": {
        "id": 6110273277,
        "name": "Vision Express",
        "facility_type": "shop",
        "category": "Commercial POI",
        "capacity": 377,
        "district": "Coimbatore",
        "state": "Tamil Nadu",
        "data_source_type": "OpenStreetMap Public Data"
      }
    },
    {
      "type": "Feature",
      "id": 6110273278,
      "geometry": {
        "type": "Point",
        "coordinates": [
          76.9596878,
          11.0090496
        ]
      },
      "properties": {
        "id": 6110273278,
        "name": "Calvin Klein",
        "facility_type": "shop",
        "category": "Commercial POI",
        "capacity": 378,
        "district": "Coimbatore",
        "state": "Tamil Nadu",
        "data_source_type": "OpenStreetMap Public Data"
      }
    },
    {
      "type": "Feature",
      "id": 6110273279,
      "geometry": {
        "type": "Point",
        "coordinates": [
          76.9596404,
          11.0091669
        ]
      },
      "properties": {
        "id": 6110273279,
        "name": "Tarangarts Golu Dolls",
        "facility_type": "shop",
        "category": "Commercial POI",
        "capacity": 379,
        "district": "Coimbatore",
        "state": "Tamil Nadu",
        "data_source_type": "OpenStreetMap Public Data"
      }
    },
    {
      "type": "Feature",
      "id": 6110273280,
      "geometry": {
        "type": "Point",
        "coordinates": [
          76.9594886,
          11.0092284
        ]
      },
      "properties": {
        "id": 6110273280,
        "name": "Reliance Trends",
        "facility_type": "shop",
        "category": "Commercial POI",
        "capacity": 380,
        "district": "Coimbatore",
        "state": "Tamil Nadu",
        "data_source_type": "OpenStreetMap Public Data"
      }
    },
    {
      "type": "Feature",
      "id": 6110273282,
      "geometry": {
        "type": "Point",
        "coordinates": [
          76.9592042,
          11.0095504
        ]
      },
      "properties": {
        "id": 6110273282,
        "name": "Levi's",
        "facility_type": "shop",
        "category": "Commercial POI",
        "capacity": 382,
        "district": "Coimbatore",
        "state": "Tamil Nadu",
        "data_source_type": "OpenStreetMap Public Data"
      }
    },
    {
      "type": "Feature",
      "id": 6110273283,
      "geometry": {
        "type": "Point",
        "coordinates": [
          76.9591093,
          11.0099526
        ]
      },
      "properties": {
        "id": 6110273283,
        "name": "Allen Solly",
        "facility_type": "shop",
        "category": "Commercial POI",
        "capacity": 383,
        "district": "Coimbatore",
        "state": "Tamil Nadu",
        "data_source_type": "OpenStreetMap Public Data"
      }
    },
    {
      "type": "Feature",
      "id": 6118565521,
      "geometry": {
        "type": "Point",
        "coordinates": [
          76.9612448,
          11.190033
        ]
      },
      "properties": {
        "id": 6118565521,
        "name": "Tasmac bar",
        "facility_type": "shop",
        "category": "Commercial POI",
        "capacity": 121,
        "district": "Coimbatore",
        "state": "Tamil Nadu",
        "data_source_type": "OpenStreetMap Public Data"
      }
    },
    {
      "type": "Feature",
      "id": 6118640838,
      "geometry": {
        "type": "Point",
        "coordinates": [
          76.945924,
          11.1606968
        ]
      },
      "properties": {
        "id": 6118640838,
        "name": "VSS vegetable shop",
        "facility_type": "shop",
        "category": "Commercial POI",
        "capacity": 438,
        "district": "Coimbatore",
        "state": "Tamil Nadu",
        "data_source_type": "OpenStreetMap Public Data"
      }
    },
    {
      "type": "Feature",
      "id": 6122615798,
      "geometry": {
        "type": "Point",
        "coordinates": [
          76.9224629,
          11.2376384
        ]
      },
      "properties": {
        "id": 6122615798,
        "name": "government sub health center",
        "facility_type": "hospital",
        "category": "Healthcare",
        "capacity": 398,
        "district": "Coimbatore",
        "state": "Tamil Nadu",
        "data_source_type": "OpenStreetMap Public Data"
      }
    },
    {
      "type": "Feature",
      "id": 6127296339,
      "geometry": {
        "type": "Point",
        "coordinates": [
          76.9592031,
          11.181629
        ]
      },
      "properties": {
        "id": 6127296339,
        "name": "Melmaruvathur aadiparasakthi siddhar sakthi peedam",
        "facility_type": "temple",
        "category": "Religious POI",
        "capacity": 439,
        "district": "Coimbatore",
        "state": "Tamil Nadu",
        "data_source_type": "OpenStreetMap Public Data"
      }
    },
    {
      "type": "Feature",
      "id": 6127316522,
      "geometry": {
        "type": "Point",
        "coordinates": [
          76.9591328,
          11.2426909
        ]
      },
      "properties": {
        "id": 6127316522,
        "name": "raja furniture",
        "facility_type": "shop",
        "category": "Commercial POI",
        "capacity": 122,
        "district": "Coimbatore",
        "state": "Tamil Nadu",
        "data_source_type": "OpenStreetMap Public Data"
      }
    },
    {
      "type": "Feature",
      "id": 6127323050,
      "geometry": {
        "type": "Point",
        "coordinates": [
          76.959213,
          11.2427722
        ]
      },
      "properties": {
        "id": 6127323050,
        "name": "N.M jewellery",
        "facility_type": "shop",
        "category": "Commercial POI",
        "capacity": 150,
        "district": "Coimbatore",
        "state": "Tamil Nadu",
        "data_source_type": "OpenStreetMap Public Data"
      }
    },
    {
      "type": "Feature",
      "id": 6127344069,
      "geometry": {
        "type": "Point",
        "coordinates": [
          76.9592845,
          11.2426812
        ]
      },
      "properties": {
        "id": 6127344069,
        "name": "ruchi bakery",
        "facility_type": "shop",
        "category": "Commercial POI",
        "capacity": 169,
        "district": "Coimbatore",
        "state": "Tamil Nadu",
        "data_source_type": "OpenStreetMap Public Data"
      }
    },
    {
      "type": "Feature",
      "id": 6149508932,
      "geometry": {
        "type": "Point",
        "coordinates": [
          76.9441754,
          11.0812444
        ]
      },
      "properties": {
        "id": 6149508932,
        "name": "POI 720",
        "facility_type": "temple",
        "category": "Religious POI",
        "capacity": 532,
        "district": "Coimbatore",
        "state": "Tamil Nadu",
        "data_source_type": "OpenStreetMap Public Data"
      }
    },
    {
      "type": "Feature",
      "id": 6149508933,
      "geometry": {
        "type": "Point",
        "coordinates": [
          76.9443911,
          11.0812737
        ]
      },
      "properties": {
        "id": 6149508933,
        "name": "iswarya bakery",
        "facility_type": "shop",
        "category": "Commercial POI",
        "capacity": 533,
        "district": "Coimbatore",
        "state": "Tamil Nadu",
        "data_source_type": "OpenStreetMap Public Data"
      }
    },
    {
      "type": "Feature",
      "id": 6152778258,
      "geometry": {
        "type": "Point",
        "coordinates": [
          76.9441694,
          11.0810278
        ]
      },
      "properties": {
        "id": 6152778258,
        "name": "POI 722",
        "facility_type": "shop",
        "category": "Commercial POI",
        "capacity": 358,
        "district": "Coimbatore",
        "state": "Tamil Nadu",
        "data_source_type": "OpenStreetMap Public Data"
      }
    },
    {
      "type": "Feature",
      "id": 6152778264,
      "geometry": {
        "type": "Point",
        "coordinates": [
          76.9440863,
          11.0817021
        ]
      },
      "properties": {
        "id": 6152778264,
        "name": "POI 723",
        "facility_type": "temple",
        "category": "Religious POI",
        "capacity": 364,
        "district": "Coimbatore",
        "state": "Tamil Nadu",
        "data_source_type": "OpenStreetMap Public Data"
      }
    },
    {
      "type": "Feature",
      "id": 6162560697,
      "geometry": {
        "type": "Point",
        "coordinates": [
          76.9592537,
          11.2423975
        ]
      },
      "properties": {
        "id": 6162560697,
        "name": "Mani Textiles",
        "facility_type": "shop",
        "category": "Commercial POI",
        "capacity": 297,
        "district": "Coimbatore",
        "state": "Tamil Nadu",
        "data_source_type": "OpenStreetMap Public Data"
      }
    },
    {
      "type": "Feature",
      "id": 6162568885,
      "geometry": {
        "type": "Point",
        "coordinates": [
          76.9592004,
          11.2426952
        ]
      },
      "properties": {
        "id": 6162568885,
        "name": "surana & co",
        "facility_type": "shop",
        "category": "Commercial POI",
        "capacity": 485,
        "district": "Coimbatore",
        "state": "Tamil Nadu",
        "data_source_type": "OpenStreetMap Public Data"
      }
    },
    {
      "type": "Feature",
      "id": 6162570559,
      "geometry": {
        "type": "Point",
        "coordinates": [
          76.9593602,
          11.242774
        ]
      },
      "properties": {
        "id": 6162570559,
        "name": "jio",
        "facility_type": "shop",
        "category": "Commercial POI",
        "capacity": 159,
        "district": "Coimbatore",
        "state": "Tamil Nadu",
        "data_source_type": "OpenStreetMap Public Data"
      }
    },
    {
      "type": "Feature",
      "id": 6162631598,
      "geometry": {
        "type": "Point",
        "coordinates": [
          76.9771393,
          11.2352161
        ]
      },
      "properties": {
        "id": 6162631598,
        "name": "sri mahalakshmi bakers",
        "facility_type": "shop",
        "category": "Commercial POI",
        "capacity": 198,
        "district": "Coimbatore",
        "state": "Tamil Nadu",
        "data_source_type": "OpenStreetMap Public Data"
      }
    },
    {
      "type": "Feature",
      "id": 6165013117,
      "geometry": {
        "type": "Point",
        "coordinates": [
          77.0028892,
          11.2140204
        ]
      },
      "properties": {
        "id": 6165013117,
        "name": "panchayat union middle school",
        "facility_type": "school",
        "category": "Education",
        "capacity": 217,
        "district": "Coimbatore",
        "state": "Tamil Nadu",
        "data_source_type": "OpenStreetMap Public Data"
      }
    },
    {
      "type": "Feature",
      "id": 6174038368,
      "geometry": {
        "type": "Point",
        "coordinates": [
          76.9586612,
          11.242791
        ]
      },
      "properties": {
        "id": 6174038368,
        "name": "krishna bakery",
        "facility_type": "shop",
        "category": "Commercial POI",
        "capacity": 468,
        "district": "Coimbatore",
        "state": "Tamil Nadu",
        "data_source_type": "OpenStreetMap Public Data"
      }
    },
    {
      "type": "Feature",
      "id": 6174038369,
      "geometry": {
        "type": "Point",
        "coordinates": [
          76.9585503,
          11.2429529
        ]
      },
      "properties": {
        "id": 6174038369,
        "name": "vp veenus saloon",
        "facility_type": "shop",
        "category": "Commercial POI",
        "capacity": 469,
        "district": "Coimbatore",
        "state": "Tamil Nadu",
        "data_source_type": "OpenStreetMap Public Data"
      }
    },
    {
      "type": "Feature",
      "id": 6174038595,
      "geometry": {
        "type": "Point",
        "coordinates": [
          76.9581329,
          11.2433053
        ]
      },
      "properties": {
        "id": 6174038595,
        "name": "revenue inspector",
        "facility_type": "office",
        "category": "Company",
        "capacity": 195,
        "district": "Coimbatore",
        "state": "Tamil Nadu",
        "data_source_type": "OpenStreetMap Public Data"
      }
    },
    {
      "type": "Feature",
      "id": 6174039441,
      "geometry": {
        "type": "Point",
        "coordinates": [
          76.9585142,
          11.2428867
        ]
      },
      "properties": {
        "id": 6174039441,
        "name": "village administrative office",
        "facility_type": "office",
        "category": "Company",
        "capacity": 541,
        "district": "Coimbatore",
        "state": "Tamil Nadu",
        "data_source_type": "OpenStreetMap Public Data"
      }
    },
    {
      "type": "Feature",
      "id": 6174043371,
      "geometry": {
        "type": "Point",
        "coordinates": [
          76.957998,
          11.2442735
        ]
      },
      "properties": {
        "id": 6174043371,
        "name": "ragavendra departmental store",
        "facility_type": "shop",
        "category": "Commercial POI",
        "capacity": 471,
        "district": "Coimbatore",
        "state": "Tamil Nadu",
        "data_source_type": "OpenStreetMap Public Data"
      }
    },
    {
      "type": "Feature",
      "id": 6174065246,
      "geometry": {
        "type": "Point",
        "coordinates": [
          76.9557006,
          11.242286
        ]
      },
      "properties": {
        "id": 6174065246,
        "name": "praba store",
        "facility_type": "shop",
        "category": "Commercial POI",
        "capacity": 346,
        "district": "Coimbatore",
        "state": "Tamil Nadu",
        "data_source_type": "OpenStreetMap Public Data"
      }
    },
    {
      "type": "Feature",
      "id": 6193977388,
      "geometry": {
        "type": "Point",
        "coordinates": [
          76.958608,
          11.2427648
        ]
      },
      "properties": {
        "id": 6193977388,
        "name": "krishna bakery",
        "facility_type": "shop",
        "category": "Commercial POI",
        "capacity": 488,
        "district": "Coimbatore",
        "state": "Tamil Nadu",
        "data_source_type": "OpenStreetMap Public Data"
      }
    },
    {
      "type": "Feature",
      "id": 6235255688,
      "geometry": {
        "type": "Point",
        "coordinates": [
          76.96075,
          11.2392583
        ]
      },
      "properties": {
        "id": 6235255688,
        "name": "shree ranga gas service",
        "facility_type": "shop",
        "category": "Commercial POI",
        "capacity": 288,
        "district": "Coimbatore",
        "state": "Tamil Nadu",
        "data_source_type": "OpenStreetMap Public Data"
      }
    },
    {
      "type": "Feature",
      "id": 6255342729,
      "geometry": {
        "type": "Point",
        "coordinates": [
          76.9413649,
          11.0775692
        ]
      },
      "properties": {
        "id": 6255342729,
        "name": "manappuram gold loan pvt ltd",
        "facility_type": "shop",
        "category": "Commercial POI",
        "capacity": 329,
        "district": "Coimbatore",
        "state": "Tamil Nadu",
        "data_source_type": "OpenStreetMap Public Data"
      }
    },
    {
      "type": "Feature",
      "id": 6273309101,
      "geometry": {
        "type": "Point",
        "coordinates": [
          76.8951596,
          11.0289056
        ]
      },
      "properties": {
        "id": 6273309101,
        "name": "thakur uzhavar angaadi",
        "facility_type": "shop",
        "category": "Commercial POI",
        "capacity": 201,
        "district": "Coimbatore",
        "state": "Tamil Nadu",
        "data_source_type": "OpenStreetMap Public Data"
      }
    },
    {
      "type": "Feature",
      "id": 6332586674,
      "geometry": {
        "type": "Point",
        "coordinates": [
          76.9297932,
          10.9528801
        ]
      },
      "properties": {
        "id": 6332586674,
        "name": "BSNL Customer Service Centre",
        "facility_type": "office",
        "category": "Company",
        "capacity": 274,
        "district": "Coimbatore",
        "state": "Tamil Nadu",
        "data_source_type": "OpenStreetMap Public Data"
      }
    },
    {
      "type": "Feature",
      "id": 6345456585,
      "geometry": {
        "type": "Point",
        "coordinates": [
          76.9656595,
          11.0367495
        ]
      },
      "properties": {
        "id": 6345456585,
        "name": "Devi laksmi industries manufactruing unit",
        "facility_type": "office",
        "category": "Company",
        "capacity": 185,
        "district": "Coimbatore",
        "state": "Tamil Nadu",
        "data_source_type": "OpenStreetMap Public Data"
      }
    },
    {
      "type": "Feature",
      "id": 6356067518,
      "geometry": {
        "type": "Point",
        "coordinates": [
          77.0240486,
          11.0092807
        ]
      },
      "properties": {
        "id": 6356067518,
        "name": "ESI Hospital",
        "facility_type": "hospital",
        "category": "Healthcare",
        "capacity": 118,
        "district": "Coimbatore",
        "state": "Tamil Nadu",
        "data_source_type": "OpenStreetMap Public Data"
      }
    },
    {
      "type": "Feature",
      "id": 6357493685,
      "geometry": {
        "type": "Point",
        "coordinates": [
          76.9607627,
          10.9913936
        ]
      },
      "properties": {
        "id": 6357493685,
        "name": "அம்மி தற்சார்பு சந்தை",
        "facility_type": "shop",
        "category": "Commercial POI",
        "capacity": 285,
        "district": "Coimbatore",
        "state": "Tamil Nadu",
        "data_source_type": "OpenStreetMap Public Data"
      }
    },
    {
      "type": "Feature",
      "id": 6367693785,
      "geometry": {
        "type": "Point",
        "coordinates": [
          77.017066,
          11.023851
        ]
      },
      "properties": {
        "id": 6367693785,
        "name": "Water Tank",
        "facility_type": "office",
        "category": "Company",
        "capacity": 385,
        "district": "Coimbatore",
        "state": "Tamil Nadu",
        "data_source_type": "OpenStreetMap Public Data"
      }
    },
    {
      "type": "Feature",
      "id": 6367892659,
      "geometry": {
        "type": "Point",
        "coordinates": [
          77.1046754,
          11.2332493
        ]
      },
      "properties": {
        "id": 6367892659,
        "name": "Nanda",
        "facility_type": "shop",
        "category": "Commercial POI",
        "capacity": 259,
        "district": "Coimbatore",
        "state": "Tamil Nadu",
        "data_source_type": "OpenStreetMap Public Data"
      }
    },
    {
      "type": "Feature",
      "id": 6376963590,
      "geometry": {
        "type": "Point",
        "coordinates": [
          76.9511085,
          11.0268728
        ]
      },
      "properties": {
        "id": 6376963590,
        "name": "sri selvanayaki bakery",
        "facility_type": "shop",
        "category": "Commercial POI",
        "capacity": 190,
        "district": "Coimbatore",
        "state": "Tamil Nadu",
        "data_source_type": "OpenStreetMap Public Data"
      }
    },
    {
      "type": "Feature",
      "id": 6376966194,
      "geometry": {
        "type": "Point",
        "coordinates": [
          76.9510503,
          11.0268731
        ]
      },
      "properties": {
        "id": 6376966194,
        "name": "kumaran agro service",
        "facility_type": "shop",
        "category": "Commercial POI",
        "capacity": 294,
        "district": "Coimbatore",
        "state": "Tamil Nadu",
        "data_source_type": "OpenStreetMap Public Data"
      }
    },
    {
      "type": "Feature",
      "id": 6383578409,
      "geometry": {
        "type": "Point",
        "coordinates": [
          76.9418865,
          11.0773881
        ]
      },
      "properties": {
        "id": 6383578409,
        "name": "professional courier",
        "facility_type": "office",
        "category": "Company",
        "capacity": 509,
        "district": "Coimbatore",
        "state": "Tamil Nadu",
        "data_source_type": "OpenStreetMap Public Data"
      }
    },
    {
      "type": "Feature",
      "id": 6392070725,
      "geometry": {
        "type": "Point",
        "coordinates": [
          76.942176,
          11.0801998
        ]
      },
      "properties": {
        "id": 6392070725,
        "name": "nila bakes",
        "facility_type": "shop",
        "category": "Commercial POI",
        "capacity": 325,
        "district": "Coimbatore",
        "state": "Tamil Nadu",
        "data_source_type": "OpenStreetMap Public Data"
      }
    },
    {
      "type": "Feature",
      "id": 6392073947,
      "geometry": {
        "type": "Point",
        "coordinates": [
          76.9413983,
          11.0803534
        ]
      },
      "properties": {
        "id": 6392073947,
        "name": "everfresh pazhamudhir nilayam",
        "facility_type": "shop",
        "category": "Commercial POI",
        "capacity": 547,
        "district": "Coimbatore",
        "state": "Tamil Nadu",
        "data_source_type": "OpenStreetMap Public Data"
      }
    },
    {
      "type": "Feature",
      "id": 6392075888,
      "geometry": {
        "type": "Point",
        "coordinates": [
          76.9409445,
          11.0794799
        ]
      },
      "properties": {
        "id": 6392075888,
        "name": "bhagirathi hospital",
        "facility_type": "hospital",
        "category": "Healthcare",
        "capacity": 488,
        "district": "Coimbatore",
        "state": "Tamil Nadu",
        "data_source_type": "OpenStreetMap Public Data"
      }
    },
    {
      "type": "Feature",
      "id": 6392076994,
      "geometry": {
        "type": "Point",
        "coordinates": [
          76.941763,
          11.0731516
        ]
      },
      "properties": {
        "id": 6392076994,
        "name": "Reliance Smart Bazaar",
        "facility_type": "shop",
        "category": "Commercial POI",
        "capacity": 594,
        "district": "Coimbatore",
        "state": "Tamil Nadu",
        "data_source_type": "OpenStreetMap Public Data"
      }
    },
    {
      "type": "Feature",
      "id": 6392076995,
      "geometry": {
        "type": "Point",
        "coordinates": [
          76.9420448,
          11.0711042
        ]
      },
      "properties": {
        "id": 6392076995,
        "name": "kovai pazhamudhir nilayam",
        "facility_type": "shop",
        "category": "Commercial POI",
        "capacity": 595,
        "district": "Coimbatore",
        "state": "Tamil Nadu",
        "data_source_type": "OpenStreetMap Public Data"
      }
    },
    {
      "type": "Feature",
      "id": 6392116834,
      "geometry": {
        "type": "Point",
        "coordinates": [
          76.9022975,
          11.028456
        ]
      },
      "properties": {
        "id": 6392116834,
        "name": "coimbatore corporation west zone office",
        "facility_type": "office",
        "category": "Company",
        "capacity": 434,
        "district": "Coimbatore",
        "state": "Tamil Nadu",
        "data_source_type": "OpenStreetMap Public Data"
      }
    },
    {
      "type": "Feature",
      "id": 6403369699,
      "geometry": {
        "type": "Point",
        "coordinates": [
          76.9512511,
          11.0253101
        ]
      },
      "properties": {
        "id": 6403369699,
        "name": "jeep",
        "facility_type": "shop",
        "category": "Commercial POI",
        "capacity": 299,
        "district": "Coimbatore",
        "state": "Tamil Nadu",
        "data_source_type": "OpenStreetMap Public Data"
      }
    },
    {
      "type": "Feature",
      "id": 6403573764,
      "geometry": {
        "type": "Point",
        "coordinates": [
          76.9594985,
          11.0088313
        ]
      },
      "properties": {
        "id": 6403573764,
        "name": "grasp",
        "facility_type": "shop",
        "category": "Commercial POI",
        "capacity": 364,
        "district": "Coimbatore",
        "state": "Tamil Nadu",
        "data_source_type": "OpenStreetMap Public Data"
      }
    },
    {
      "type": "Feature",
      "id": 6403575020,
      "geometry": {
        "type": "Point",
        "coordinates": [
          76.9596114,
          11.0089484
        ]
      },
      "properties": {
        "id": 6403575020,
        "name": "Classic Polo",
        "facility_type": "shop",
        "category": "Commercial POI",
        "capacity": 120,
        "district": "Coimbatore",
        "state": "Tamil Nadu",
        "data_source_type": "OpenStreetMap Public Data"
      }
    },
    {
      "type": "Feature",
      "id": 6403590387,
      "geometry": {
        "type": "Point",
        "coordinates": [
          76.9597238,
          11.0086869
        ]
      },
      "properties": {
        "id": 6403590387,
        "name": "Xiaomi",
        "facility_type": "shop",
        "category": "Commercial POI",
        "capacity": 487,
        "district": "Coimbatore",
        "state": "Tamil Nadu",
        "data_source_type": "OpenStreetMap Public Data"
      }
    },
    {
      "type": "Feature",
      "id": 6403593226,
      "geometry": {
        "type": "Point",
        "coordinates": [
          76.9596835,
          11.008764
        ]
      },
      "properties": {
        "id": 6403593226,
        "name": "Apple Store",
        "facility_type": "shop",
        "category": "Commercial POI",
        "capacity": 326,
        "district": "Coimbatore",
        "state": "Tamil Nadu",
        "data_source_type": "OpenStreetMap Public Data"
      }
    },
    {
      "type": "Feature",
      "id": 6404080200,
      "geometry": {
        "type": "Point",
        "coordinates": [
          76.9417649,
          11.0791624
        ]
      },
      "properties": {
        "id": 6404080200,
        "name": "Reliance trendz",
        "facility_type": "shop",
        "category": "Commercial POI",
        "capacity": 300,
        "district": "Coimbatore",
        "state": "Tamil Nadu",
        "data_source_type": "OpenStreetMap Public Data"
      }
    },
    {
      "type": "Feature",
      "id": 6404086032,
      "geometry": {
        "type": "Point",
        "coordinates": [
          76.9427143,
          11.0807651
        ]
      },
      "properties": {
        "id": 6404086032,
        "name": "Dev narayanan rajasthan ginger tea",
        "facility_type": "shop",
        "category": "Commercial POI",
        "capacity": 132,
        "district": "Coimbatore",
        "state": "Tamil Nadu",
        "data_source_type": "OpenStreetMap Public Data"
      }
    },
    {
      "type": "Feature",
      "id": 6404086033,
      "geometry": {
        "type": "Point",
        "coordinates": [
          76.9425517,
          11.080013
        ]
      },
      "properties": {
        "id": 6404086033,
        "name": "photocopy shop",
        "facility_type": "shop",
        "category": "Commercial POI",
        "capacity": 133,
        "district": "Coimbatore",
        "state": "Tamil Nadu",
        "data_source_type": "OpenStreetMap Public Data"
      }
    },
    {
      "type": "Feature",
      "id": 6413020014,
      "geometry": {
        "type": "Point",
        "coordinates": [
          76.9236992,
          11.2366685
        ]
      },
      "properties": {
        "id": 6413020014,
        "name": "POI 762",
        "facility_type": "shop",
        "category": "Commercial POI",
        "capacity": 114,
        "district": "Coimbatore",
        "state": "Tamil Nadu",
        "data_source_type": "OpenStreetMap Public Data"
      }
    },
    {
      "type": "Feature",
      "id": 6413020015,
      "geometry": {
        "type": "Point",
        "coordinates": [
          76.923162,
          11.2369018
        ]
      },
      "properties": {
        "id": 6413020015,
        "name": "David maligai",
        "facility_type": "shop",
        "category": "Commercial POI",
        "capacity": 115,
        "district": "Coimbatore",
        "state": "Tamil Nadu",
        "data_source_type": "OpenStreetMap Public Data"
      }
    },
    {
      "type": "Feature",
      "id": 6418701853,
      "geometry": {
        "type": "Point",
        "coordinates": [
          76.9593909,
          11.2419845
        ]
      },
      "properties": {
        "id": 6418701853,
        "name": "anbu mobiles",
        "facility_type": "shop",
        "category": "Commercial POI",
        "capacity": 453,
        "district": "Coimbatore",
        "state": "Tamil Nadu",
        "data_source_type": "OpenStreetMap Public Data"
      }
    },
    {
      "type": "Feature",
      "id": 6418703608,
      "geometry": {
        "type": "Point",
        "coordinates": [
          76.9594642,
          11.241852
        ]
      },
      "properties": {
        "id": 6418703608,
        "name": "vairam finance",
        "facility_type": "shop",
        "category": "Commercial POI",
        "capacity": 208,
        "district": "Coimbatore",
        "state": "Tamil Nadu",
        "data_source_type": "OpenStreetMap Public Data"
      }
    },
    {
      "type": "Feature",
      "id": 6418703735,
      "geometry": {
        "type": "Point",
        "coordinates": [
          76.959418,
          11.2418207
        ]
      },
      "properties": {
        "id": 6418703735,
        "name": "sona bakery",
        "facility_type": "shop",
        "category": "Commercial POI",
        "capacity": 335,
        "district": "Coimbatore",
        "state": "Tamil Nadu",
        "data_source_type": "OpenStreetMap Public Data"
      }
    },
    {
      "type": "Feature",
      "id": 6418705365,
      "geometry": {
        "type": "Point",
        "coordinates": [
          76.959428,
          11.2417562
        ]
      },
      "properties": {
        "id": 6418705365,
        "name": "New Miami Footwear",
        "facility_type": "shop",
        "category": "Commercial POI",
        "capacity": 465,
        "district": "Coimbatore",
        "state": "Tamil Nadu",
        "data_source_type": "OpenStreetMap Public Data"
      }
    },
    {
      "type": "Feature",
      "id": 6418706665,
      "geometry": {
        "type": "Point",
        "coordinates": [
          76.9589314,
          11.2420192
        ]
      },
      "properties": {
        "id": 6418706665,
        "name": "arulmigu santhana venugopala swamy temple",
        "facility_type": "temple",
        "category": "Religious POI",
        "capacity": 265,
        "district": "Coimbatore",
        "state": "Tamil Nadu",
        "data_source_type": "OpenStreetMap Public Data"
      }
    },
    {
      "type": "Feature",
      "id": 6421047909,
      "geometry": {
        "type": "Point",
        "coordinates": [
          77.0050694,
          11.2193883
        ]
      },
      "properties": {
        "id": 6421047909,
        "name": "POI 769",
        "facility_type": "temple",
        "category": "Religious POI",
        "capacity": 509,
        "district": "Coimbatore",
        "state": "Tamil Nadu",
        "data_source_type": "OpenStreetMap Public Data"
      }
    },
    {
      "type": "Feature",
      "id": 6421073217,
      "geometry": {
        "type": "Point",
        "coordinates": [
          76.8638187,
          11.0819428
        ]
      },
      "properties": {
        "id": 6421073217,
        "name": "mariamman temple",
        "facility_type": "temple",
        "category": "Religious POI",
        "capacity": 317,
        "district": "Coimbatore",
        "state": "Tamil Nadu",
        "data_source_type": "OpenStreetMap Public Data"
      }
    },
    {
      "type": "Feature",
      "id": 6422909036,
      "geometry": {
        "type": "Point",
        "coordinates": [
          76.8525384,
          11.0462668
        ]
      },
      "properties": {
        "id": 6422909036,
        "name": "marudhamalai murugan temple tonsure center",
        "facility_type": "shop",
        "category": "Commercial POI",
        "capacity": 136,
        "district": "Coimbatore",
        "state": "Tamil Nadu",
        "data_source_type": "OpenStreetMap Public Data"
      }
    },
    {
      "type": "Feature",
      "id": 6435713385,
      "geometry": {
        "type": "Point",
        "coordinates": [
          77.0152871,
          11.0252977
        ]
      },
      "properties": {
        "id": 6435713385,
        "name": "Ramkumar Auto Service",
        "facility_type": "shop",
        "category": "Commercial POI",
        "capacity": 485,
        "district": "Coimbatore",
        "state": "Tamil Nadu",
        "data_source_type": "OpenStreetMap Public Data"
      }
    },
    {
      "type": "Feature",
      "id": 6436349185,
      "geometry": {
        "type": "Point",
        "coordinates": [
          77.018616,
          11.0204018
        ]
      },
      "properties": {
        "id": 6436349185,
        "name": "Reliance Fresh",
        "facility_type": "shop",
        "category": "Commercial POI",
        "capacity": 285,
        "district": "Coimbatore",
        "state": "Tamil Nadu",
        "data_source_type": "OpenStreetMap Public Data"
      }
    },
    {
      "type": "Feature",
      "id": 6436701885,
      "geometry": {
        "type": "Point",
        "coordinates": [
          77.0182915,
          11.0206016
        ]
      },
      "properties": {
        "id": 6436701885,
        "name": "Ko Cosmetic",
        "facility_type": "hospital",
        "category": "Healthcare",
        "capacity": 485,
        "district": "Coimbatore",
        "state": "Tamil Nadu",
        "data_source_type": "OpenStreetMap Public Data"
      }
    },
    {
      "type": "Feature",
      "id": 6437517989,
      "geometry": {
        "type": "Point",
        "coordinates": [
          76.9013437,
          11.0284731
        ]
      },
      "properties": {
        "id": 6437517989,
        "name": "jio",
        "facility_type": "shop",
        "category": "Commercial POI",
        "capacity": 589,
        "district": "Coimbatore",
        "state": "Tamil Nadu",
        "data_source_type": "OpenStreetMap Public Data"
      }
    },
    {
      "type": "Feature",
      "id": 6437517990,
      "geometry": {
        "type": "Point",
        "coordinates": [
          76.9015387,
          11.0284624
        ]
      },
      "properties": {
        "id": 6437517990,
        "name": "Airtel",
        "facility_type": "shop",
        "category": "Commercial POI",
        "capacity": 590,
        "district": "Coimbatore",
        "state": "Tamil Nadu",
        "data_source_type": "OpenStreetMap Public Data"
      }
    },
    {
      "type": "Feature",
      "id": 6460431436,
      "geometry": {
        "type": "Point",
        "coordinates": [
          76.9335681,
          11.0393294
        ]
      },
      "properties": {
        "id": 6460431436,
        "name": "Angappa Matric School",
        "facility_type": "school",
        "category": "Education",
        "capacity": 536,
        "district": "Coimbatore",
        "state": "Tamil Nadu",
        "data_source_type": "OpenStreetMap Public Data"
      }
    },
    {
      "type": "Feature",
      "id": 6483712485,
      "geometry": {
        "type": "Point",
        "coordinates": [
          77.015101,
          11.0364256
        ]
      },
      "properties": {
        "id": 6483712485,
        "name": "Bioline",
        "facility_type": "hospital",
        "category": "Healthcare",
        "capacity": 585,
        "district": "Coimbatore",
        "state": "Tamil Nadu",
        "data_source_type": "OpenStreetMap Public Data"
      }
    },
    {
      "type": "Feature",
      "id": 6483712585,
      "geometry": {
        "type": "Point",
        "coordinates": [
          77.0152088,
          11.0373277
        ]
      },
      "properties": {
        "id": 6483712585,
        "name": "AV Stores",
        "facility_type": "shop",
        "category": "Commercial POI",
        "capacity": 185,
        "district": "Coimbatore",
        "state": "Tamil Nadu",
        "data_source_type": "OpenStreetMap Public Data"
      }
    },
    {
      "type": "Feature",
      "id": 6532159085,
      "geometry": {
        "type": "Point",
        "coordinates": [
          77.0424754,
          11.0419762
        ]
      },
      "properties": {
        "id": 6532159085,
        "name": "Pazhamudir Nilayam",
        "facility_type": "shop",
        "category": "Commercial POI",
        "capacity": 185,
        "district": "Coimbatore",
        "state": "Tamil Nadu",
        "data_source_type": "OpenStreetMap Public Data"
      }
    },
    {
      "type": "Feature",
      "id": 6549807511,
      "geometry": {
        "type": "Point",
        "coordinates": [
          77.026711,
          11.1051411
        ]
      },
      "properties": {
        "id": 6549807511,
        "name": "KV Matriculation Higher Secondary School",
        "facility_type": "school",
        "category": "Education",
        "capacity": 111,
        "district": "Coimbatore",
        "state": "Tamil Nadu",
        "data_source_type": "OpenStreetMap Public Data"
      }
    },
    {
      "type": "Feature",
      "id": 6564560079,
      "geometry": {
        "type": "Point",
        "coordinates": [
          76.9031765,
          11.2330889
        ]
      },
      "properties": {
        "id": 6564560079,
        "name": "comein hairlines",
        "facility_type": "shop",
        "category": "Commercial POI",
        "capacity": 179,
        "district": "Coimbatore",
        "state": "Tamil Nadu",
        "data_source_type": "OpenStreetMap Public Data"
      }
    },
    {
      "type": "Feature",
      "id": 6579919660,
      "geometry": {
        "type": "Point",
        "coordinates": [
          76.9403792,
          11.1380385
        ]
      },
      "properties": {
        "id": 6579919660,
        "name": "lakshmi pazhamudir and supermarket",
        "facility_type": "shop",
        "category": "Commercial POI",
        "capacity": 260,
        "district": "Coimbatore",
        "state": "Tamil Nadu",
        "data_source_type": "OpenStreetMap Public Data"
      }
    },
    {
      "type": "Feature",
      "id": 6580768275,
      "geometry": {
        "type": "Point",
        "coordinates": [
          76.9355231,
          11.1144361
        ]
      },
      "properties": {
        "id": 6580768275,
        "name": "sri varasikthi vinayagar",
        "facility_type": "temple",
        "category": "Religious POI",
        "capacity": 375,
        "district": "Coimbatore",
        "state": "Tamil Nadu",
        "data_source_type": "OpenStreetMap Public Data"
      }
    },
    {
      "type": "Feature",
      "id": 6580769108,
      "geometry": {
        "type": "Point",
        "coordinates": [
          76.9585322,
          11.2425929
        ]
      },
      "properties": {
        "id": 6580769108,
        "name": "arulmigu makaliamman temple",
        "facility_type": "temple",
        "category": "Religious POI",
        "capacity": 208,
        "district": "Coimbatore",
        "state": "Tamil Nadu",
        "data_source_type": "OpenStreetMap Public Data"
      }
    },
    {
      "type": "Feature",
      "id": 6580769109,
      "geometry": {
        "type": "Point",
        "coordinates": [
          76.9581006,
          11.2427499
        ]
      },
      "properties": {
        "id": 6580769109,
        "name": "POI 786",
        "facility_type": "shop",
        "category": "Commercial POI",
        "capacity": 209,
        "district": "Coimbatore",
        "state": "Tamil Nadu",
        "data_source_type": "OpenStreetMap Public Data"
      }
    },
    {
      "type": "Feature",
      "id": 6580776989,
      "geometry": {
        "type": "Point",
        "coordinates": [
          76.9442377,
          11.1521031
        ]
      },
      "properties": {
        "id": 6580776989,
        "name": "LMW Cooperative indane services",
        "facility_type": "shop",
        "category": "Commercial POI",
        "capacity": 589,
        "district": "Coimbatore",
        "state": "Tamil Nadu",
        "data_source_type": "OpenStreetMap Public Data"
      }
    },
    {
      "type": "Feature",
      "id": 6580859078,
      "geometry": {
        "type": "Point",
        "coordinates": [
          76.9231567,
          11.2369177
        ]
      },
      "properties": {
        "id": 6580859078,
        "name": "POI 788",
        "facility_type": "shop",
        "category": "Commercial POI",
        "capacity": 178,
        "district": "Coimbatore",
        "state": "Tamil Nadu",
        "data_source_type": "OpenStreetMap Public Data"
      }
    },
    {
      "type": "Feature",
      "id": 6581542312,
      "geometry": {
        "type": "Point",
        "coordinates": [
          76.9444788,
          11.1537211
        ]
      },
      "properties": {
        "id": 6581542312,
        "name": "Poorvika mobile",
        "facility_type": "shop",
        "category": "Commercial POI",
        "capacity": 412,
        "district": "Coimbatore",
        "state": "Tamil Nadu",
        "data_source_type": "OpenStreetMap Public Data"
      }
    },
    {
      "type": "Feature",
      "id": 6583081977,
      "geometry": {
        "type": "Point",
        "coordinates": [
          76.946457,
          11.0517202
        ]
      },
      "properties": {
        "id": 6583081977,
        "name": "POI 790",
        "facility_type": "shop",
        "category": "Commercial POI",
        "capacity": 577,
        "district": "Coimbatore",
        "state": "Tamil Nadu",
        "data_source_type": "OpenStreetMap Public Data"
      }
    },
    {
      "type": "Feature",
      "id": 6583160867,
      "geometry": {
        "type": "Point",
        "coordinates": [
          76.9449926,
          11.0595273
        ]
      },
      "properties": {
        "id": 6583160867,
        "name": "Arulmigu Ellai Makaliamman Temple",
        "facility_type": "temple",
        "category": "Religious POI",
        "capacity": 467,
        "district": "Coimbatore",
        "state": "Tamil Nadu",
        "data_source_type": "OpenStreetMap Public Data"
      }
    },
    {
      "type": "Feature",
      "id": 6583174550,
      "geometry": {
        "type": "Point",
        "coordinates": [
          76.9508362,
          11.0346884
        ]
      },
      "properties": {
        "id": 6583174550,
        "name": "LG",
        "facility_type": "shop",
        "category": "Commercial POI",
        "capacity": 150,
        "district": "Coimbatore",
        "state": "Tamil Nadu",
        "data_source_type": "OpenStreetMap Public Data"
      }
    },
    {
      "type": "Feature",
      "id": 6583174551,
      "geometry": {
        "type": "Point",
        "coordinates": [
          76.9503937,
          11.034816
        ]
      },
      "properties": {
        "id": 6583174551,
        "name": "Ramani Nissan",
        "facility_type": "shop",
        "category": "Commercial POI",
        "capacity": 151,
        "district": "Coimbatore",
        "state": "Tamil Nadu",
        "data_source_type": "OpenStreetMap Public Data"
      }
    },
    {
      "type": "Feature",
      "id": 6583185743,
      "geometry": {
        "type": "Point",
        "coordinates": [
          76.9507677,
          11.0268696
        ]
      },
      "properties": {
        "id": 6583185743,
        "name": "KTM",
        "facility_type": "shop",
        "category": "Commercial POI",
        "capacity": 343,
        "district": "Coimbatore",
        "state": "Tamil Nadu",
        "data_source_type": "OpenStreetMap Public Data"
      }
    },
    {
      "type": "Feature",
      "id": 6587816273,
      "geometry": {
        "type": "Point",
        "coordinates": [
          76.9414196,
          11.0799458
        ]
      },
      "properties": {
        "id": 6587816273,
        "name": "POI 795",
        "facility_type": "shop",
        "category": "Commercial POI",
        "capacity": 373,
        "district": "Coimbatore",
        "state": "Tamil Nadu",
        "data_source_type": "OpenStreetMap Public Data"
      }
    },
    {
      "type": "Feature",
      "id": 6587865462,
      "geometry": {
        "type": "Point",
        "coordinates": [
          76.9460831,
          11.2386277
        ]
      },
      "properties": {
        "id": 6587865462,
        "name": "POI 796",
        "facility_type": "temple",
        "category": "Religious POI",
        "capacity": 562,
        "district": "Coimbatore",
        "state": "Tamil Nadu",
        "data_source_type": "OpenStreetMap Public Data"
      }
    },
    {
      "type": "Feature",
      "id": 6587865463,
      "geometry": {
        "type": "Point",
        "coordinates": [
          76.9463481,
          11.238827
        ]
      },
      "properties": {
        "id": 6587865463,
        "name": "POI 797",
        "facility_type": "school",
        "category": "Education",
        "capacity": 563,
        "district": "Coimbatore",
        "state": "Tamil Nadu",
        "data_source_type": "OpenStreetMap Public Data"
      }
    },
    {
      "type": "Feature",
      "id": 6587881310,
      "geometry": {
        "type": "Point",
        "coordinates": [
          76.9576388,
          11.2426073
        ]
      },
      "properties": {
        "id": 6587881310,
        "name": "new city mobiles",
        "facility_type": "shop",
        "category": "Commercial POI",
        "capacity": 410,
        "district": "Coimbatore",
        "state": "Tamil Nadu",
        "data_source_type": "OpenStreetMap Public Data"
      }
    },
    {
      "type": "Feature",
      "id": 6587888129,
      "geometry": {
        "type": "Point",
        "coordinates": [
          76.9461926,
          11.2384007
        ]
      },
      "properties": {
        "id": 6587888129,
        "name": "POI 799",
        "facility_type": "shop",
        "category": "Commercial POI",
        "capacity": 229,
        "district": "Coimbatore",
        "state": "Tamil Nadu",
        "data_source_type": "OpenStreetMap Public Data"
      }
    },
    {
      "type": "Feature",
      "id": 6590041183,
      "geometry": {
        "type": "Point",
        "coordinates": [
          76.9522435,
          11.1698235
        ]
      },
      "properties": {
        "id": 6590041183,
        "name": "Hutson dairy",
        "facility_type": "shop",
        "category": "Commercial POI",
        "capacity": 283,
        "district": "Coimbatore",
        "state": "Tamil Nadu",
        "data_source_type": "OpenStreetMap Public Data"
      }
    },
    {
      "type": "Feature",
      "id": 6590137793,
      "geometry": {
        "type": "Point",
        "coordinates": [
          76.9599664,
          11.2410016
        ]
      },
      "properties": {
        "id": 6590137793,
        "name": "UK tailors",
        "facility_type": "shop",
        "category": "Commercial POI",
        "capacity": 393,
        "district": "Coimbatore",
        "state": "Tamil Nadu",
        "data_source_type": "OpenStreetMap Public Data"
      }
    },
    {
      "type": "Feature",
      "id": 6593942044,
      "geometry": {
        "type": "Point",
        "coordinates": [
          76.9440321,
          11.1505261
        ]
      },
      "properties": {
        "id": 6593942044,
        "name": "lic",
        "facility_type": "office",
        "category": "Company",
        "capacity": 144,
        "district": "Coimbatore",
        "state": "Tamil Nadu",
        "data_source_type": "OpenStreetMap Public Data"
      }
    },
    {
      "type": "Feature",
      "id": 6593942045,
      "geometry": {
        "type": "Point",
        "coordinates": [
          76.9445642,
          11.1526428
        ]
      },
      "properties": {
        "id": 6593942045,
        "name": "mi",
        "facility_type": "shop",
        "category": "Commercial POI",
        "capacity": 145,
        "district": "Coimbatore",
        "state": "Tamil Nadu",
        "data_source_type": "OpenStreetMap Public Data"
      }
    },
    {
      "type": "Feature",
      "id": 6593962362,
      "geometry": {
        "type": "Point",
        "coordinates": [
          76.9385924,
          11.0960719
        ]
      },
      "properties": {
        "id": 6593962362,
        "name": "jio",
        "facility_type": "shop",
        "category": "Commercial POI",
        "capacity": 462,
        "district": "Coimbatore",
        "state": "Tamil Nadu",
        "data_source_type": "OpenStreetMap Public Data"
      }
    },
    {
      "type": "Feature",
      "id": 6593964935,
      "geometry": {
        "type": "Point",
        "coordinates": [
          76.9359306,
          11.1144657
        ]
      },
      "properties": {
        "id": 6593964935,
        "name": "sri mayilaambika bakery",
        "facility_type": "shop",
        "category": "Commercial POI",
        "capacity": 535,
        "district": "Coimbatore",
        "state": "Tamil Nadu",
        "data_source_type": "OpenStreetMap Public Data"
      }
    },
    {
      "type": "Feature",
      "id": 6593975714,
      "geometry": {
        "type": "Point",
        "coordinates": [
          76.9427111,
          11.143411
        ]
      },
      "properties": {
        "id": 6593975714,
        "name": "POI 806",
        "facility_type": "office",
        "category": "Company",
        "capacity": 314,
        "district": "Coimbatore",
        "state": "Tamil Nadu",
        "data_source_type": "OpenStreetMap Public Data"
      }
    },
    {
      "type": "Feature",
      "id": 6593986753,
      "geometry": {
        "type": "Point",
        "coordinates": [
          76.9486874,
          11.1645055
        ]
      },
      "properties": {
        "id": 6593986753,
        "name": "POI 807",
        "facility_type": "shop",
        "category": "Commercial POI",
        "capacity": 353,
        "district": "Coimbatore",
        "state": "Tamil Nadu",
        "data_source_type": "OpenStreetMap Public Data"
      }
    },
    {
      "type": "Feature",
      "id": 6623447791,
      "geometry": {
        "type": "Point",
        "coordinates": [
          76.9326929,
          11.0957259
        ]
      },
      "properties": {
        "id": 6623447791,
        "name": "makaliamman temple",
        "facility_type": "temple",
        "category": "Religious POI",
        "capacity": 391,
        "district": "Coimbatore",
        "state": "Tamil Nadu",
        "data_source_type": "OpenStreetMap Public Data"
      }
    },
    {
      "type": "Feature",
      "id": 6633678280,
      "geometry": {
        "type": "Point",
        "coordinates": [
          76.9234828,
          10.9275594
        ]
      },
      "properties": {
        "id": 6633678280,
        "name": "Sri Krishna Adithya",
        "facility_type": "temple",
        "category": "Religious POI",
        "capacity": 380,
        "district": "Coimbatore",
        "state": "Tamil Nadu",
        "data_source_type": "OpenStreetMap Public Data"
      }
    },
    {
      "type": "Feature",
      "id": 6633678282,
      "geometry": {
        "type": "Point",
        "coordinates": [
          76.9254033,
          10.9260583
        ]
      },
      "properties": {
        "id": 6633678282,
        "name": "CSE/IT",
        "facility_type": "temple",
        "category": "Religious POI",
        "capacity": 382,
        "district": "Coimbatore",
        "state": "Tamil Nadu",
        "data_source_type": "OpenStreetMap Public Data"
      }
    },
    {
      "type": "Feature",
      "id": 6645670062,
      "geometry": {
        "type": "Point",
        "coordinates": [
          76.9491705,
          11.1648359
        ]
      },
      "properties": {
        "id": 6645670062,
        "name": "MRF",
        "facility_type": "shop",
        "category": "Commercial POI",
        "capacity": 162,
        "district": "Coimbatore",
        "state": "Tamil Nadu",
        "data_source_type": "OpenStreetMap Public Data"
      }
    },
    {
      "type": "Feature",
      "id": 6648589137,
      "geometry": {
        "type": "Point",
        "coordinates": [
          76.9510046,
          11.167698
        ]
      },
      "properties": {
        "id": 6648589137,
        "name": "Bridgestone",
        "facility_type": "shop",
        "category": "Commercial POI",
        "capacity": 237,
        "district": "Coimbatore",
        "state": "Tamil Nadu",
        "data_source_type": "OpenStreetMap Public Data"
      }
    },
    {
      "type": "Feature",
      "id": 6648711017,
      "geometry": {
        "type": "Point",
        "coordinates": [
          76.9440176,
          11.149501
        ]
      },
      "properties": {
        "id": 6648711017,
        "name": "sri saravana bakery and fruits",
        "facility_type": "shop",
        "category": "Commercial POI",
        "capacity": 117,
        "district": "Coimbatore",
        "state": "Tamil Nadu",
        "data_source_type": "OpenStreetMap Public Data"
      }
    },
    {
      "type": "Feature",
      "id": 6648711018,
      "geometry": {
        "type": "Point",
        "coordinates": [
          76.9483439,
          11.1639607
        ]
      },
      "properties": {
        "id": 6648711018,
        "name": "POI 814",
        "facility_type": "temple",
        "category": "Religious POI",
        "capacity": 118,
        "district": "Coimbatore",
        "state": "Tamil Nadu",
        "data_source_type": "OpenStreetMap Public Data"
      }
    },
    {
      "type": "Feature",
      "id": 6648711019,
      "geometry": {
        "type": "Point",
        "coordinates": [
          76.9544592,
          11.1756869
        ]
      },
      "properties": {
        "id": 6648711019,
        "name": "A.R.S.Bakery",
        "facility_type": "shop",
        "category": "Commercial POI",
        "capacity": 119,
        "district": "Coimbatore",
        "state": "Tamil Nadu",
        "data_source_type": "OpenStreetMap Public Data"
      }
    },
    {
      "type": "Feature",
      "id": 6654351690,
      "geometry": {
        "type": "Point",
        "coordinates": [
          76.945758,
          11.2383456
        ]
      },
      "properties": {
        "id": 6654351690,
        "name": "POI 816",
        "facility_type": "shop",
        "category": "Commercial POI",
        "capacity": 290,
        "district": "Coimbatore",
        "state": "Tamil Nadu",
        "data_source_type": "OpenStreetMap Public Data"
      }
    },
    {
      "type": "Feature",
      "id": 6656249482,
      "geometry": {
        "type": "Point",
        "coordinates": [
          76.9445747,
          11.1520604
        ]
      },
      "properties": {
        "id": 6656249482,
        "name": "POI 817",
        "facility_type": "shop",
        "category": "Commercial POI",
        "capacity": 582,
        "district": "Coimbatore",
        "state": "Tamil Nadu",
        "data_source_type": "OpenStreetMap Public Data"
      }
    },
    {
      "type": "Feature",
      "id": 6659691721,
      "geometry": {
        "type": "Point",
        "coordinates": [
          76.9437954,
          11.0820236
        ]
      },
      "properties": {
        "id": 6659691721,
        "name": "POI 818",
        "facility_type": "shop",
        "category": "Commercial POI",
        "capacity": 321,
        "district": "Coimbatore",
        "state": "Tamil Nadu",
        "data_source_type": "OpenStreetMap Public Data"
      }
    },
    {
      "type": "Feature",
      "id": 6659697460,
      "geometry": {
        "type": "Point",
        "coordinates": [
          76.9519198,
          11.1696026
        ]
      },
      "properties": {
        "id": 6659697460,
        "name": "POI 819",
        "facility_type": "shop",
        "category": "Commercial POI",
        "capacity": 560,
        "district": "Coimbatore",
        "state": "Tamil Nadu",
        "data_source_type": "OpenStreetMap Public Data"
      }
    },
    {
      "type": "Feature",
      "id": 6659703871,
      "geometry": {
        "type": "Point",
        "coordinates": [
          76.9503857,
          11.1669664
        ]
      },
      "properties": {
        "id": 6659703871,
        "name": "POI 820",
        "facility_type": "shop",
        "category": "Commercial POI",
        "capacity": 471,
        "district": "Coimbatore",
        "state": "Tamil Nadu",
        "data_source_type": "OpenStreetMap Public Data"
      }
    },
    {
      "type": "Feature",
      "id": 6659714278,
      "geometry": {
        "type": "Point",
        "coordinates": [
          76.9339612,
          11.256213
        ]
      },
      "properties": {
        "id": 6659714278,
        "name": "POI 821",
        "facility_type": "shop",
        "category": "Commercial POI",
        "capacity": 378,
        "district": "Coimbatore",
        "state": "Tamil Nadu",
        "data_source_type": "OpenStreetMap Public Data"
      }
    },
    {
      "type": "Feature",
      "id": 6659714279,
      "geometry": {
        "type": "Point",
        "coordinates": [
          76.9340134,
          11.2562605
        ]
      },
      "properties": {
        "id": 6659714279,
        "name": "POI 822",
        "facility_type": "shop",
        "category": "Commercial POI",
        "capacity": 379,
        "district": "Coimbatore",
        "state": "Tamil Nadu",
        "data_source_type": "OpenStreetMap Public Data"
      }
    },
    {
      "type": "Feature",
      "id": 6659715145,
      "geometry": {
        "type": "Point",
        "coordinates": [
          76.9416387,
          11.0800986
        ]
      },
      "properties": {
        "id": 6659715145,
        "name": "POI 823",
        "facility_type": "shop",
        "category": "Commercial POI",
        "capacity": 245,
        "district": "Coimbatore",
        "state": "Tamil Nadu",
        "data_source_type": "OpenStreetMap Public Data"
      }
    },
    {
      "type": "Feature",
      "id": 6659715146,
      "geometry": {
        "type": "Point",
        "coordinates": [
          76.9416917,
          11.080366
        ]
      },
      "properties": {
        "id": 6659715146,
        "name": "POI 824",
        "facility_type": "shop",
        "category": "Commercial POI",
        "capacity": 246,
        "district": "Coimbatore",
        "state": "Tamil Nadu",
        "data_source_type": "OpenStreetMap Public Data"
      }
    },
    {
      "type": "Feature",
      "id": 6659718391,
      "geometry": {
        "type": "Point",
        "coordinates": [
          76.9444809,
          11.0812987
        ]
      },
      "properties": {
        "id": 6659718391,
        "name": "POI 825",
        "facility_type": "shop",
        "category": "Commercial POI",
        "capacity": 491,
        "district": "Coimbatore",
        "state": "Tamil Nadu",
        "data_source_type": "OpenStreetMap Public Data"
      }
    },
    {
      "type": "Feature",
      "id": 6659718392,
      "geometry": {
        "type": "Point",
        "coordinates": [
          76.9437937,
          11.081434
        ]
      },
      "properties": {
        "id": 6659718392,
        "name": "POI 826",
        "facility_type": "shop",
        "category": "Commercial POI",
        "capacity": 492,
        "district": "Coimbatore",
        "state": "Tamil Nadu",
        "data_source_type": "OpenStreetMap Public Data"
      }
    },
    {
      "type": "Feature",
      "id": 6659718449,
      "geometry": {
        "type": "Point",
        "coordinates": [
          76.9575797,
          11.2427338
        ]
      },
      "properties": {
        "id": 6659718449,
        "name": "POI 827",
        "facility_type": "shop",
        "category": "Commercial POI",
        "capacity": 549,
        "district": "Coimbatore",
        "state": "Tamil Nadu",
        "data_source_type": "OpenStreetMap Public Data"
      }
    },
    {
      "type": "Feature",
      "id": 6675920337,
      "geometry": {
        "type": "Point",
        "coordinates": [
          76.946288,
          11.082246
        ]
      },
      "properties": {
        "id": 6675920337,
        "name": "coimbatore corporation thudiyalur middle school (east)",
        "facility_type": "school",
        "category": "Education",
        "capacity": 437,
        "district": "Coimbatore",
        "state": "Tamil Nadu",
        "data_source_type": "OpenStreetMap Public Data"
      }
    },
    {
      "type": "Feature",
      "id": 6689986178,
      "geometry": {
        "type": "Point",
        "coordinates": [
          76.9445326,
          11.1524278
        ]
      },
      "properties": {
        "id": 6689986178,
        "name": "POI 829",
        "facility_type": "shop",
        "category": "Commercial POI",
        "capacity": 278,
        "district": "Coimbatore",
        "state": "Tamil Nadu",
        "data_source_type": "OpenStreetMap Public Data"
      }
    },
    {
      "type": "Feature",
      "id": 6690003801,
      "geometry": {
        "type": "Point",
        "coordinates": [
          76.9465528,
          11.1609404
        ]
      },
      "properties": {
        "id": 6690003801,
        "name": "POI 830",
        "facility_type": "shop",
        "category": "Commercial POI",
        "capacity": 401,
        "district": "Coimbatore",
        "state": "Tamil Nadu",
        "data_source_type": "OpenStreetMap Public Data"
      }
    },
    {
      "type": "Feature",
      "id": 6690036123,
      "geometry": {
        "type": "Point",
        "coordinates": [
          76.9505389,
          11.1671212
        ]
      },
      "properties": {
        "id": 6690036123,
        "name": "POI 831",
        "facility_type": "shop",
        "category": "Commercial POI",
        "capacity": 223,
        "district": "Coimbatore",
        "state": "Tamil Nadu",
        "data_source_type": "OpenStreetMap Public Data"
      }
    },
    {
      "type": "Feature",
      "id": 6690041445,
      "geometry": {
        "type": "Point",
        "coordinates": [
          76.9591676,
          11.2418138
        ]
      },
      "properties": {
        "id": 6690041445,
        "name": "sri ranga silks",
        "facility_type": "shop",
        "category": "Commercial POI",
        "capacity": 545,
        "district": "Coimbatore",
        "state": "Tamil Nadu",
        "data_source_type": "OpenStreetMap Public Data"
      }
    },
    {
      "type": "Feature",
      "id": 6694153878,
      "geometry": {
        "type": "Point",
        "coordinates": [
          76.9358502,
          11.1165249
        ]
      },
      "properties": {
        "id": 6694153878,
        "name": "POI 833",
        "facility_type": "shop",
        "category": "Commercial POI",
        "capacity": 478,
        "district": "Coimbatore",
        "state": "Tamil Nadu",
        "data_source_type": "OpenStreetMap Public Data"
      }
    },
    {
      "type": "Feature",
      "id": 6694153879,
      "geometry": {
        "type": "Point",
        "coordinates": [
          77.0273819,
          11.2290513
        ]
      },
      "properties": {
        "id": 6694153879,
        "name": "vinayaga bakery",
        "facility_type": "shop",
        "category": "Commercial POI",
        "capacity": 479,
        "district": "Coimbatore",
        "state": "Tamil Nadu",
        "data_source_type": "OpenStreetMap Public Data"
      }
    },
    {
      "type": "Feature",
      "id": 6699605086,
      "geometry": {
        "type": "Point",
        "coordinates": [
          76.9647773,
          11.0171561
        ]
      },
      "properties": {
        "id": 6699605086,
        "name": "Gujrath handicrafts and handlooms",
        "facility_type": "shop",
        "category": "Commercial POI",
        "capacity": 186,
        "district": "Coimbatore",
        "state": "Tamil Nadu",
        "data_source_type": "OpenStreetMap Public Data"
      }
    },
    {
      "type": "Feature",
      "id": 6699611485,
      "geometry": {
        "type": "Point",
        "coordinates": [
          76.9665055,
          11.0172323
        ]
      },
      "properties": {
        "id": 6699611485,
        "name": "Pothys",
        "facility_type": "shop",
        "category": "Commercial POI",
        "capacity": 585,
        "district": "Coimbatore",
        "state": "Tamil Nadu",
        "data_source_type": "OpenStreetMap Public Data"
      }
    },
    {
      "type": "Feature",
      "id": 6699615185,
      "geometry": {
        "type": "Point",
        "coordinates": [
          76.9647302,
          11.0171575
        ]
      },
      "properties": {
        "id": 6699615185,
        "name": "Punjab Handloom World",
        "facility_type": "shop",
        "category": "Commercial POI",
        "capacity": 285,
        "district": "Coimbatore",
        "state": "Tamil Nadu",
        "data_source_type": "OpenStreetMap Public Data"
      }
    },
    {
      "type": "Feature",
      "id": 6699615849,
      "geometry": {
        "type": "Point",
        "coordinates": [
          76.9350596,
          11.1274211
        ]
      },
      "properties": {
        "id": 6699615849,
        "name": "sri kumaran bakery",
        "facility_type": "shop",
        "category": "Commercial POI",
        "capacity": 449,
        "district": "Coimbatore",
        "state": "Tamil Nadu",
        "data_source_type": "OpenStreetMap Public Data"
      }
    },
    {
      "type": "Feature",
      "id": 6699620786,
      "geometry": {
        "type": "Point",
        "coordinates": [
          76.9684458,
          11.0170181
        ]
      },
      "properties": {
        "id": 6699620786,
        "name": "Periya Lala Corner Sweets",
        "facility_type": "shop",
        "category": "Commercial POI",
        "capacity": 386,
        "district": "Coimbatore",
        "state": "Tamil Nadu",
        "data_source_type": "OpenStreetMap Public Data"
      }
    },
    {
      "type": "Feature",
      "id": 6702317085,
      "geometry": {
        "type": "Point",
        "coordinates": [
          76.9635804,
          11.0140483
        ]
      },
      "properties": {
        "id": 6702317085,
        "name": "Tharakaram Silk House",
        "facility_type": "shop",
        "category": "Commercial POI",
        "capacity": 185,
        "district": "Coimbatore",
        "state": "Tamil Nadu",
        "data_source_type": "OpenStreetMap Public Data"
      }
    },
    {
      "type": "Feature",
      "id": 6720888863,
      "geometry": {
        "type": "Point",
        "coordinates": [
          76.9446193,
          11.0813287
        ]
      },
      "properties": {
        "id": 6720888863,
        "name": "mahalakshmi financiers",
        "facility_type": "shop",
        "category": "Commercial POI",
        "capacity": 463,
        "district": "Coimbatore",
        "state": "Tamil Nadu",
        "data_source_type": "OpenStreetMap Public Data"
      }
    },
    {
      "type": "Feature",
      "id": 6737749095,
      "geometry": {
        "type": "Point",
        "coordinates": [
          76.9846358,
          11.0195412
        ]
      },
      "properties": {
        "id": 6737749095,
        "name": "supaa travels",
        "facility_type": "shop",
        "category": "Commercial POI",
        "capacity": 195,
        "district": "Coimbatore",
        "state": "Tamil Nadu",
        "data_source_type": "OpenStreetMap Public Data"
      }
    },
    {
      "type": "Feature",
      "id": 6744133774,
      "geometry": {
        "type": "Point",
        "coordinates": [
          76.9457354,
          11.0831657
        ]
      },
      "properties": {
        "id": 6744133774,
        "name": "POI 843",
        "facility_type": "shop",
        "category": "Commercial POI",
        "capacity": 374,
        "district": "Coimbatore",
        "state": "Tamil Nadu",
        "data_source_type": "OpenStreetMap Public Data"
      }
    },
    {
      "type": "Feature",
      "id": 6744133777,
      "geometry": {
        "type": "Point",
        "coordinates": [
          76.9440517,
          11.0856331
        ]
      },
      "properties": {
        "id": 6744133777,
        "name": "POI 844",
        "facility_type": "shop",
        "category": "Commercial POI",
        "capacity": 377,
        "district": "Coimbatore",
        "state": "Tamil Nadu",
        "data_source_type": "OpenStreetMap Public Data"
      }
    },
    {
      "type": "Feature",
      "id": 6744133778,
      "geometry": {
        "type": "Point",
        "coordinates": [
          76.9439249,
          11.0857473
        ]
      },
      "properties": {
        "id": 6744133778,
        "name": "POI 845",
        "facility_type": "shop",
        "category": "Commercial POI",
        "capacity": 378,
        "district": "Coimbatore",
        "state": "Tamil Nadu",
        "data_source_type": "OpenStreetMap Public Data"
      }
    },
    {
      "type": "Feature",
      "id": 6751968330,
      "geometry": {
        "type": "Point",
        "coordinates": [
          76.9882182,
          11.0145146
        ]
      },
      "properties": {
        "id": 6751968330,
        "name": "suxus",
        "facility_type": "shop",
        "category": "Commercial POI",
        "capacity": 430,
        "district": "Coimbatore",
        "state": "Tamil Nadu",
        "data_source_type": "OpenStreetMap Public Data"
      }
    },
    {
      "type": "Feature",
      "id": 6751971528,
      "geometry": {
        "type": "Point",
        "coordinates": [
          77.0379491,
          11.0362604
        ]
      },
      "properties": {
        "id": 6751971528,
        "name": "saravana stores",
        "facility_type": "shop",
        "category": "Commercial POI",
        "capacity": 128,
        "district": "Coimbatore",
        "state": "Tamil Nadu",
        "data_source_type": "OpenStreetMap Public Data"
      }
    },
    {
      "type": "Feature",
      "id": 6754814356,
      "geometry": {
        "type": "Point",
        "coordinates": [
          76.9441567,
          11.156079
        ]
      },
      "properties": {
        "id": 6754814356,
        "name": "Reliance Fresh",
        "facility_type": "shop",
        "category": "Commercial POI",
        "capacity": 456,
        "district": "Coimbatore",
        "state": "Tamil Nadu",
        "data_source_type": "OpenStreetMap Public Data"
      }
    },
    {
      "type": "Feature",
      "id": 6815112597,
      "geometry": {
        "type": "Point",
        "coordinates": [
          76.9473489,
          11.0471291
        ]
      },
      "properties": {
        "id": 6815112597,
        "name": "jaikrishna auto sales",
        "facility_type": "shop",
        "category": "Commercial POI",
        "capacity": 197,
        "district": "Coimbatore",
        "state": "Tamil Nadu",
        "data_source_type": "OpenStreetMap Public Data"
      }
    },
    {
      "type": "Feature",
      "id": 6815262087,
      "geometry": {
        "type": "Point",
        "coordinates": [
          76.9578215,
          11.2427111
        ]
      },
      "properties": {
        "id": 6815262087,
        "name": "POI 850",
        "facility_type": "shop",
        "category": "Commercial POI",
        "capacity": 187,
        "district": "Coimbatore",
        "state": "Tamil Nadu",
        "data_source_type": "OpenStreetMap Public Data"
      }
    },
    {
      "type": "Feature",
      "id": 6831002092,
      "geometry": {
        "type": "Point",
        "coordinates": [
          76.9591881,
          11.2421822
        ]
      },
      "properties": {
        "id": 6831002092,
        "name": "poornima readymades",
        "facility_type": "shop",
        "category": "Commercial POI",
        "capacity": 192,
        "district": "Coimbatore",
        "state": "Tamil Nadu",
        "data_source_type": "OpenStreetMap Public Data"
      }
    },
    {
      "type": "Feature",
      "id": 6831002097,
      "geometry": {
        "type": "Point",
        "coordinates": [
          76.9592606,
          11.2421063
        ]
      },
      "properties": {
        "id": 6831002097,
        "name": "POI 852",
        "facility_type": "shop",
        "category": "Commercial POI",
        "capacity": 197,
        "district": "Coimbatore",
        "state": "Tamil Nadu",
        "data_source_type": "OpenStreetMap Public Data"
      }
    },
    {
      "type": "Feature",
      "id": 6831002098,
      "geometry": {
        "type": "Point",
        "coordinates": [
          76.9592327,
          11.2421792
        ]
      },
      "properties": {
        "id": 6831002098,
        "name": "A-ONE FANCY CORNER",
        "facility_type": "shop",
        "category": "Commercial POI",
        "capacity": 198,
        "district": "Coimbatore",
        "state": "Tamil Nadu",
        "data_source_type": "OpenStreetMap Public Data"
      }
    },
    {
      "type": "Feature",
      "id": 6832288798,
      "geometry": {
        "type": "Point",
        "coordinates": [
          76.9799725,
          11.1754264
        ]
      },
      "properties": {
        "id": 6832288798,
        "name": "POI 854",
        "facility_type": "shop",
        "category": "Commercial POI",
        "capacity": 398,
        "district": "Coimbatore",
        "state": "Tamil Nadu",
        "data_source_type": "OpenStreetMap Public Data"
      }
    },
    {
      "type": "Feature",
      "id": 6863540348,
      "geometry": {
        "type": "Point",
        "coordinates": [
          76.9003323,
          11.232575
        ]
      },
      "properties": {
        "id": 6863540348,
        "name": "thirupathi super market",
        "facility_type": "shop",
        "category": "Commercial POI",
        "capacity": 448,
        "district": "Coimbatore",
        "state": "Tamil Nadu",
        "data_source_type": "OpenStreetMap Public Data"
      }
    },
    {
      "type": "Feature",
      "id": 6865269761,
      "geometry": {
        "type": "Point",
        "coordinates": [
          76.9034354,
          11.2428396
        ]
      },
      "properties": {
        "id": 6865269761,
        "name": "Hudson agro product limited",
        "facility_type": "shop",
        "category": "Commercial POI",
        "capacity": 361,
        "district": "Coimbatore",
        "state": "Tamil Nadu",
        "data_source_type": "OpenStreetMap Public Data"
      }
    },
    {
      "type": "Feature",
      "id": 6865269762,
      "geometry": {
        "type": "Point",
        "coordinates": [
          76.903458,
          11.2426635
        ]
      },
      "properties": {
        "id": 6865269762,
        "name": "POI 857",
        "facility_type": "shop",
        "category": "Commercial POI",
        "capacity": 362,
        "district": "Coimbatore",
        "state": "Tamil Nadu",
        "data_source_type": "OpenStreetMap Public Data"
      }
    },
    {
      "type": "Feature",
      "id": 6872682991,
      "geometry": {
        "type": "Point",
        "coordinates": [
          77.0133971,
          11.0378218
        ]
      },
      "properties": {
        "id": 6872682991,
        "name": "CAI",
        "facility_type": "shop",
        "category": "Commercial POI",
        "capacity": 591,
        "district": "Coimbatore",
        "state": "Tamil Nadu",
        "data_source_type": "OpenStreetMap Public Data"
      }
    },
    {
      "type": "Feature",
      "id": 6886497248,
      "geometry": {
        "type": "Point",
        "coordinates": [
          76.9716378,
          11.0004991
        ]
      },
      "properties": {
        "id": 6886497248,
        "name": "KG Hospital Blood Bank",
        "facility_type": "hospital",
        "category": "Healthcare",
        "capacity": 348,
        "district": "Coimbatore",
        "state": "Tamil Nadu",
        "data_source_type": "OpenStreetMap Public Data"
      }
    },
    {
      "type": "Feature",
      "id": 6886497264,
      "geometry": {
        "type": "Point",
        "coordinates": [
          77.0069428,
          11.0184957
        ]
      },
      "properties": {
        "id": 6886497264,
        "name": "PSG Hospital Blood Bank",
        "facility_type": "hospital",
        "category": "Healthcare",
        "capacity": 364,
        "district": "Coimbatore",
        "state": "Tamil Nadu",
        "data_source_type": "OpenStreetMap Public Data"
      }
    },
    {
      "type": "Feature",
      "id": 6895354286,
      "geometry": {
        "type": "Point",
        "coordinates": [
          76.9141506,
          10.8863433
        ]
      },
      "properties": {
        "id": 6895354286,
        "name": "RTO (Inbound) Coimbatore",
        "facility_type": "office",
        "category": "Company",
        "capacity": 386,
        "district": "Coimbatore",
        "state": "Tamil Nadu",
        "data_source_type": "OpenStreetMap Public Data"
      }
    },
    {
      "type": "Feature",
      "id": 6914767991,
      "geometry": {
        "type": "Point",
        "coordinates": [
          76.9612328,
          11.0187223
        ]
      },
      "properties": {
        "id": 6914767991,
        "name": "Bethel Hospital Pvt. Ltd. - Coimbatore",
        "facility_type": "hospital",
        "category": "Healthcare",
        "capacity": 591,
        "district": "Coimbatore",
        "state": "Tamil Nadu",
        "data_source_type": "OpenStreetMap Public Data"
      }
    },
    {
      "type": "Feature",
      "id": 6914767996,
      "geometry": {
        "type": "Point",
        "coordinates": [
          77.0379131,
          11.0419411
        ]
      },
      "properties": {
        "id": 6914767996,
        "name": "Park Hospital, Coimbatore",
        "facility_type": "hospital",
        "category": "Healthcare",
        "capacity": 596,
        "district": "Coimbatore",
        "state": "Tamil Nadu",
        "data_source_type": "OpenStreetMap Public Data"
      }
    },
    {
      "type": "Feature",
      "id": 6914880547,
      "geometry": {
        "type": "Point",
        "coordinates": [
          76.9019419,
          11.0291808
        ]
      },
      "properties": {
        "id": 6914880547,
        "name": "Mouthi Hospital Vadavalli, Coimbatore",
        "facility_type": "hospital",
        "category": "Healthcare",
        "capacity": 147,
        "district": "Coimbatore",
        "state": "Tamil Nadu",
        "data_source_type": "OpenStreetMap Public Data"
      }
    },
    {
      "type": "Feature",
      "id": 6914895660,
      "geometry": {
        "type": "Point",
        "coordinates": [
          76.9494063,
          11.0120021
        ]
      },
      "properties": {
        "id": 6914895660,
        "name": "Vikaram ENT Hospital, Coimbatore",
        "facility_type": "hospital",
        "category": "Healthcare",
        "capacity": 260,
        "district": "Coimbatore",
        "state": "Tamil Nadu",
        "data_source_type": "OpenStreetMap Public Data"
      }
    },
    {
      "type": "Feature",
      "id": 6914896216,
      "geometry": {
        "type": "Point",
        "coordinates": [
          76.9918562,
          10.998556
        ]
      },
      "properties": {
        "id": 6914896216,
        "name": "R. A. Hospital",
        "facility_type": "hospital",
        "category": "Healthcare",
        "capacity": 316,
        "district": "Coimbatore",
        "state": "Tamil Nadu",
        "data_source_type": "OpenStreetMap Public Data"
      }
    },
    {
      "type": "Feature",
      "id": 6914896226,
      "geometry": {
        "type": "Point",
        "coordinates": [
          77.0639178,
          11.0546916
        ]
      },
      "properties": {
        "id": 6914896226,
        "name": "R V Hospital, Coimbatore",
        "facility_type": "hospital",
        "category": "Healthcare",
        "capacity": 326,
        "district": "Coimbatore",
        "state": "Tamil Nadu",
        "data_source_type": "OpenStreetMap Public Data"
      }
    },
    {
      "type": "Feature",
      "id": 6914911765,
      "geometry": {
        "type": "Point",
        "coordinates": [
          76.9550228,
          10.9927872
        ]
      },
      "properties": {
        "id": 6914911765,
        "name": "Vasavi Hospital",
        "facility_type": "hospital",
        "category": "Healthcare",
        "capacity": 365,
        "district": "Coimbatore",
        "state": "Tamil Nadu",
        "data_source_type": "OpenStreetMap Public Data"
      }
    },
    {
      "type": "Feature",
      "id": 6914927152,
      "geometry": {
        "type": "Point",
        "coordinates": [
          76.9152537,
          11.0218408
        ]
      },
      "properties": {
        "id": 6914927152,
        "name": "Vallalar Hospitals (Pvt) Ltd",
        "facility_type": "hospital",
        "category": "Healthcare",
        "capacity": 252,
        "district": "Coimbatore",
        "state": "Tamil Nadu",
        "data_source_type": "OpenStreetMap Public Data"
      }
    },
    {
      "type": "Feature",
      "id": 6914937646,
      "geometry": {
        "type": "Point",
        "coordinates": [
          76.9598213,
          10.9972817
        ]
      },
      "properties": {
        "id": 6914937646,
        "name": "Sri Ramana Hospital",
        "facility_type": "hospital",
        "category": "Healthcare",
        "capacity": 246,
        "district": "Coimbatore",
        "state": "Tamil Nadu",
        "data_source_type": "OpenStreetMap Public Data"
      }
    },
    {
      "type": "Feature",
      "id": 6914937656,
      "geometry": {
        "type": "Point",
        "coordinates": [
          76.9755752,
          10.9949528
        ]
      },
      "properties": {
        "id": 6914937656,
        "name": "Sri Rani Poly Clinic",
        "facility_type": "hospital",
        "category": "Healthcare",
        "capacity": 256,
        "district": "Coimbatore",
        "state": "Tamil Nadu",
        "data_source_type": "OpenStreetMap Public Data"
      }
    },
    {
      "type": "Feature",
      "id": 6914937682,
      "geometry": {
        "type": "Point",
        "coordinates": [
          76.9930659,
          11.0474918
        ]
      },
      "properties": {
        "id": 6914937682,
        "name": "Sri Sakthi Hospital, Ganapathi, Coimbatore",
        "facility_type": "hospital",
        "category": "Healthcare",
        "capacity": 282,
        "district": "Coimbatore",
        "state": "Tamil Nadu",
        "data_source_type": "OpenStreetMap Public Data"
      }
    },
    {
      "type": "Feature",
      "id": 6915000695,
      "geometry": {
        "type": "Point",
        "coordinates": [
          76.9606769,
          11.0116059
        ]
      },
      "properties": {
        "id": 6915000695,
        "name": "Sri Meru Nursing Home, Coimbatore",
        "facility_type": "hospital",
        "category": "Healthcare",
        "capacity": 295,
        "district": "Coimbatore",
        "state": "Tamil Nadu",
        "data_source_type": "OpenStreetMap Public Data"
      }
    },
    {
      "type": "Feature",
      "id": 6915018746,
      "geometry": {
        "type": "Point",
        "coordinates": [
          77.0017429,
          11.072535
        ]
      },
      "properties": {
        "id": 6915018746,
        "name": "Sri Loga Clinic",
        "facility_type": "hospital",
        "category": "Healthcare",
        "capacity": 346,
        "district": "Coimbatore",
        "state": "Tamil Nadu",
        "data_source_type": "OpenStreetMap Public Data"
      }
    },
    {
      "type": "Feature",
      "id": 6915018753,
      "geometry": {
        "type": "Point",
        "coordinates": [
          76.9384105,
          11.0891666
        ]
      },
      "properties": {
        "id": 6915018753,
        "name": "Sri Maruthi Medical Center and Hospital",
        "facility_type": "hospital",
        "category": "Healthcare",
        "capacity": 353,
        "district": "Coimbatore",
        "state": "Tamil Nadu",
        "data_source_type": "OpenStreetMap Public Data"
      }
    },
    {
      "type": "Feature",
      "id": 6915358911,
      "geometry": {
        "type": "Point",
        "coordinates": [
          76.9574609,
          10.9627735
        ]
      },
      "properties": {
        "id": 6915358911,
        "name": "Mallika Nursing Home",
        "facility_type": "hospital",
        "category": "Healthcare",
        "capacity": 511,
        "district": "Coimbatore",
        "state": "Tamil Nadu",
        "data_source_type": "OpenStreetMap Public Data"
      }
    },
    {
      "type": "Feature",
      "id": 6915464620,
      "geometry": {
        "type": "Point",
        "coordinates": [
          76.9517022,
          11.0150799
        ]
      },
      "properties": {
        "id": 6915464620,
        "name": "Veeku Hospital",
        "facility_type": "hospital",
        "category": "Healthcare",
        "capacity": 220,
        "district": "Coimbatore",
        "state": "Tamil Nadu",
        "data_source_type": "OpenStreetMap Public Data"
      }
    },
    {
      "type": "Feature",
      "id": 6917388569,
      "geometry": {
        "type": "Point",
        "coordinates": [
          76.9985509,
          11.0631074
        ]
      },
      "properties": {
        "id": 6917388569,
        "name": "Pranav Clinic",
        "facility_type": "hospital",
        "category": "Healthcare",
        "capacity": 169,
        "district": "Coimbatore",
        "state": "Tamil Nadu",
        "data_source_type": "OpenStreetMap Public Data"
      }
    },
    {
      "type": "Feature",
      "id": 6923879737,
      "geometry": {
        "type": "Point",
        "coordinates": [
          76.9556527,
          11.2498151
        ]
      },
      "properties": {
        "id": 6923879737,
        "name": "panchayat union office",
        "facility_type": "office",
        "category": "Company",
        "capacity": 337,
        "district": "Coimbatore",
        "state": "Tamil Nadu",
        "data_source_type": "OpenStreetMap Public Data"
      }
    },
    {
      "type": "Feature",
      "id": 6926049956,
      "geometry": {
        "type": "Point",
        "coordinates": [
          76.9556397,
          10.962127
        ]
      },
      "properties": {
        "id": 6926049956,
        "name": "Gowtham Hospital",
        "facility_type": "hospital",
        "category": "Healthcare",
        "capacity": 556,
        "district": "Coimbatore",
        "state": "Tamil Nadu",
        "data_source_type": "OpenStreetMap Public Data"
      }
    },
    {
      "type": "Feature",
      "id": 6926055606,
      "geometry": {
        "type": "Point",
        "coordinates": [
          77.0376261,
          11.0335424
        ]
      },
      "properties": {
        "id": 6926055606,
        "name": "St Lukes Hospital, Coimbatore",
        "facility_type": "hospital",
        "category": "Healthcare",
        "capacity": 206,
        "district": "Coimbatore",
        "state": "Tamil Nadu",
        "data_source_type": "OpenStreetMap Public Data"
      }
    },
    {
      "type": "Feature",
      "id": 6926369631,
      "geometry": {
        "type": "Point",
        "coordinates": [
          76.9423118,
          11.0264336
        ]
      },
      "properties": {
        "id": 6926369631,
        "name": "Sri Guru Hospital Pvt Ltd",
        "facility_type": "hospital",
        "category": "Healthcare",
        "capacity": 231,
        "district": "Coimbatore",
        "state": "Tamil Nadu",
        "data_source_type": "OpenStreetMap Public Data"
      }
    },
    {
      "type": "Feature",
      "id": 6926437444,
      "geometry": {
        "type": "Point",
        "coordinates": [
          76.9477855,
          11.0418035
        ]
      },
      "properties": {
        "id": 6926437444,
        "name": "H. S. Hospital",
        "facility_type": "hospital",
        "category": "Healthcare",
        "capacity": 544,
        "district": "Coimbatore",
        "state": "Tamil Nadu",
        "data_source_type": "OpenStreetMap Public Data"
      }
    },
    {
      "type": "Feature",
      "id": 6928304820,
      "geometry": {
        "type": "Point",
        "coordinates": [
          76.9504979,
          11.0144375
        ]
      },
      "properties": {
        "id": 6928304820,
        "name": "Vedanayagam Hospital (P) Limited",
        "facility_type": "hospital",
        "category": "Healthcare",
        "capacity": 420,
        "district": "Coimbatore",
        "state": "Tamil Nadu",
        "data_source_type": "OpenStreetMap Public Data"
      }
    },
    {
      "type": "Feature",
      "id": 6928594608,
      "geometry": {
        "type": "Point",
        "coordinates": [
          77.0143291,
          10.9986666
        ]
      },
      "properties": {
        "id": 6928594608,
        "name": "VGM Hospital",
        "facility_type": "hospital",
        "category": "Healthcare",
        "capacity": 208,
        "district": "Coimbatore",
        "state": "Tamil Nadu",
        "data_source_type": "OpenStreetMap Public Data"
      }
    },
    {
      "type": "Feature",
      "id": 6928752789,
      "geometry": {
        "type": "Point",
        "coordinates": [
          77.0406497,
          11.0026291
        ]
      },
      "properties": {
        "id": 6928752789,
        "name": "Dr. Muthu's Ortho Centre-Coimbatore",
        "facility_type": "hospital",
        "category": "Healthcare",
        "capacity": 389,
        "district": "Coimbatore",
        "state": "Tamil Nadu",
        "data_source_type": "OpenStreetMap Public Data"
      }
    },
    {
      "type": "Feature",
      "id": 6928817376,
      "geometry": {
        "type": "Point",
        "coordinates": [
          76.9241157,
          11.0430968
        ]
      },
      "properties": {
        "id": 6928817376,
        "name": "Sree Abishek Hospitals",
        "facility_type": "hospital",
        "category": "Healthcare",
        "capacity": 476,
        "district": "Coimbatore",
        "state": "Tamil Nadu",
        "data_source_type": "OpenStreetMap Public Data"
      }
    },
    {
      "type": "Feature",
      "id": 6928852611,
      "geometry": {
        "type": "Point",
        "coordinates": [
          77.0164575,
          11.0560065
        ]
      },
      "properties": {
        "id": 6928852611,
        "name": "Sree Andal Hospital",
        "facility_type": "hospital",
        "category": "Healthcare",
        "capacity": 211,
        "district": "Coimbatore",
        "state": "Tamil Nadu",
        "data_source_type": "OpenStreetMap Public Data"
      }
    },
    {
      "type": "Feature",
      "id": 6929292296,
      "geometry": {
        "type": "Point",
        "coordinates": [
          76.9915813,
          10.9958401
        ]
      },
      "properties": {
        "id": 6929292296,
        "name": "The Arya Vaidya Chikitsalayam and Research Institue",
        "facility_type": "hospital",
        "category": "Healthcare",
        "capacity": 396,
        "district": "Coimbatore",
        "state": "Tamil Nadu",
        "data_source_type": "OpenStreetMap Public Data"
      }
    },
    {
      "type": "Feature",
      "id": 6929951553,
      "geometry": {
        "type": "Point",
        "coordinates": [
          76.9835246,
          11.041741
        ]
      },
      "properties": {
        "id": 6929951553,
        "name": "Kovai Ent Hospital and Research Centre",
        "facility_type": "hospital",
        "category": "Healthcare",
        "capacity": 153,
        "district": "Coimbatore",
        "state": "Tamil Nadu",
        "data_source_type": "OpenStreetMap Public Data"
      }
    },
    {
      "type": "Feature",
      "id": 6929976817,
      "geometry": {
        "type": "Point",
        "coordinates": [
          76.9788824,
          10.9589868
        ]
      },
      "properties": {
        "id": 6929976817,
        "name": "Koushikha Hospital",
        "facility_type": "hospital",
        "category": "Healthcare",
        "capacity": 417,
        "district": "Coimbatore",
        "state": "Tamil Nadu",
        "data_source_type": "OpenStreetMap Public Data"
      }
    },
    {
      "type": "Feature",
      "id": 6930487814,
      "geometry": {
        "type": "Point",
        "coordinates": [
          77.0652106,
          11.0545152
        ]
      },
      "properties": {
        "id": 6930487814,
        "name": "Chinniampalayam Venkateshwara Hospital",
        "facility_type": "hospital",
        "category": "Healthcare",
        "capacity": 414,
        "district": "Coimbatore",
        "state": "Tamil Nadu",
        "data_source_type": "OpenStreetMap Public Data"
      }
    },
    {
      "type": "Feature",
      "id": 6932012014,
      "geometry": {
        "type": "Point",
        "coordinates": [
          76.9793813,
          10.9946605
        ]
      },
      "properties": {
        "id": 6932012014,
        "name": "Richmond Hospital",
        "facility_type": "hospital",
        "category": "Healthcare",
        "capacity": 114,
        "district": "Coimbatore",
        "state": "Tamil Nadu",
        "data_source_type": "OpenStreetMap Public Data"
      }
    },
    {
      "type": "Feature",
      "id": 6932159823,
      "geometry": {
        "type": "Point",
        "coordinates": [
          76.932096,
          11.0290235
        ]
      },
      "properties": {
        "id": 6932159823,
        "name": "Ranga Hospital, Velandipalayam",
        "facility_type": "hospital",
        "category": "Healthcare",
        "capacity": 423,
        "district": "Coimbatore",
        "state": "Tamil Nadu",
        "data_source_type": "OpenStreetMap Public Data"
      }
    },
    {
      "type": "Feature",
      "id": 6932162502,
      "geometry": {
        "type": "Point",
        "coordinates": [
          76.9445555,
          11.018513
        ]
      },
      "properties": {
        "id": 6932162502,
        "name": "Rao Hospital",
        "facility_type": "hospital",
        "category": "Healthcare",
        "capacity": 102,
        "district": "Coimbatore",
        "state": "Tamil Nadu",
        "data_source_type": "OpenStreetMap Public Data"
      }
    },
    {
      "type": "Feature",
      "id": 6932200240,
      "geometry": {
        "type": "Point",
        "coordinates": [
          76.9990446,
          11.017244
        ]
      },
      "properties": {
        "id": 6932200240,
        "name": "Joseph Hospital, Coimbatore",
        "facility_type": "hospital",
        "category": "Healthcare",
        "capacity": 340,
        "district": "Coimbatore",
        "state": "Tamil Nadu",
        "data_source_type": "OpenStreetMap Public Data"
      }
    },
    {
      "type": "Feature",
      "id": 6932203509,
      "geometry": {
        "type": "Point",
        "coordinates": [
          77.0222618,
          11.01362
        ]
      },
      "properties": {
        "id": 6932203509,
        "name": "Ramvel Hospital",
        "facility_type": "hospital",
        "category": "Healthcare",
        "capacity": 109,
        "district": "Coimbatore",
        "state": "Tamil Nadu",
        "data_source_type": "OpenStreetMap Public Data"
      }
    },
    {
      "type": "Feature",
      "id": 6933038573,
      "geometry": {
        "type": "Point",
        "coordinates": [
          76.9642074,
          10.9943683
        ]
      },
      "properties": {
        "id": 6933038573,
        "name": "Immaculate Conception Convent Hospital",
        "facility_type": "hospital",
        "category": "Healthcare",
        "capacity": 173,
        "district": "Coimbatore",
        "state": "Tamil Nadu",
        "data_source_type": "OpenStreetMap Public Data"
      }
    },
    {
      "type": "Feature",
      "id": 6933048462,
      "geometry": {
        "type": "Point",
        "coordinates": [
          76.9423681,
          11.0898944
        ]
      },
      "properties": {
        "id": 6933048462,
        "name": "Sree Ramm Nursing Home",
        "facility_type": "hospital",
        "category": "Healthcare",
        "capacity": 562,
        "district": "Coimbatore",
        "state": "Tamil Nadu",
        "data_source_type": "OpenStreetMap Public Data"
      }
    },
    {
      "type": "Feature",
      "id": 6933115102,
      "geometry": {
        "type": "Point",
        "coordinates": [
          76.9761197,
          11.0321465
        ]
      },
      "properties": {
        "id": 6933115102,
        "name": "Paari Nursing Home",
        "facility_type": "hospital",
        "category": "Healthcare",
        "capacity": 202,
        "district": "Coimbatore",
        "state": "Tamil Nadu",
        "data_source_type": "OpenStreetMap Public Data"
      }
    },
    {
      "type": "Feature",
      "id": 6933992416,
      "geometry": {
        "type": "Point",
        "coordinates": [
          76.9898473,
          10.9553739
        ]
      },
      "properties": {
        "id": 6933992416,
        "name": "S.M.Clinic, Podhanur, Coimbatore",
        "facility_type": "hospital",
        "category": "Healthcare",
        "capacity": 516,
        "district": "Coimbatore",
        "state": "Tamil Nadu",
        "data_source_type": "OpenStreetMap Public Data"
      }
    },
    {
      "type": "Feature",
      "id": 6934018833,
      "geometry": {
        "type": "Point",
        "coordinates": [
          76.9454058,
          11.0091245
        ]
      },
      "properties": {
        "id": 6934018833,
        "name": "Vasan Eye Care Hospital, Coimbatore",
        "facility_type": "hospital",
        "category": "Healthcare",
        "capacity": 433,
        "district": "Coimbatore",
        "state": "Tamil Nadu",
        "data_source_type": "OpenStreetMap Public Data"
      }
    },
    {
      "type": "Feature",
      "id": 6934039564,
      "geometry": {
        "type": "Point",
        "coordinates": [
          77.0001926,
          10.9980729
        ]
      },
      "properties": {
        "id": 6934039564,
        "name": "Sri Durga Poly Clinic",
        "facility_type": "hospital",
        "category": "Healthcare",
        "capacity": 164,
        "district": "Coimbatore",
        "state": "Tamil Nadu",
        "data_source_type": "OpenStreetMap Public Data"
      }
    },
    {
      "type": "Feature",
      "id": 6934126430,
      "geometry": {
        "type": "Point",
        "coordinates": [
          76.9441089,
          11.0597504
        ]
      },
      "properties": {
        "id": 6934126430,
        "name": "Parthiban Nursing Home",
        "facility_type": "hospital",
        "category": "Healthcare",
        "capacity": 530,
        "district": "Coimbatore",
        "state": "Tamil Nadu",
        "data_source_type": "OpenStreetMap Public Data"
      }
    },
    {
      "type": "Feature",
      "id": 6934150425,
      "geometry": {
        "type": "Point",
        "coordinates": [
          76.9415045,
          11.0276019
        ]
      },
      "properties": {
        "id": 6934150425,
        "name": "Siloam Thomas Eye Hospital",
        "facility_type": "hospital",
        "category": "Healthcare",
        "capacity": 525,
        "district": "Coimbatore",
        "state": "Tamil Nadu",
        "data_source_type": "OpenStreetMap Public Data"
      }
    },
    {
      "type": "Feature",
      "id": 6934246107,
      "geometry": {
        "type": "Point",
        "coordinates": [
          76.9476856,
          11.0424742
        ]
      },
      "properties": {
        "id": 6934246107,
        "name": "Krithika Hospital , Tiruppur",
        "facility_type": "hospital",
        "category": "Healthcare",
        "capacity": 207,
        "district": "Coimbatore",
        "state": "Tamil Nadu",
        "data_source_type": "OpenStreetMap Public Data"
      }
    },
    {
      "type": "Feature",
      "id": 6934271130,
      "geometry": {
        "type": "Point",
        "coordinates": [
          77.0401856,
          11.0406116
        ]
      },
      "properties": {
        "id": 6934271130,
        "name": "Lotus Eye Care Hospital Ltd, Coimbatore",
        "facility_type": "hospital",
        "category": "Healthcare",
        "capacity": 230,
        "district": "Coimbatore",
        "state": "Tamil Nadu",
        "data_source_type": "OpenStreetMap Public Data"
      }
    },
    {
      "type": "Feature",
      "id": 6934340596,
      "geometry": {
        "type": "Point",
        "coordinates": [
          76.9756664,
          11.0168636
        ]
      },
      "properties": {
        "id": 6934340596,
        "name": "Nandha Hospital",
        "facility_type": "hospital",
        "category": "Healthcare",
        "capacity": 196,
        "district": "Coimbatore",
        "state": "Tamil Nadu",
        "data_source_type": "OpenStreetMap Public Data"
      }
    },
    {
      "type": "Feature",
      "id": 6934340612,
      "geometry": {
        "type": "Point",
        "coordinates": [
          76.9569379,
          10.994101
        ]
      },
      "properties": {
        "id": 6934340612,
        "name": "Nataraj Medical Care Center Private Limited",
        "facility_type": "hospital",
        "category": "Healthcare",
        "capacity": 212,
        "district": "Coimbatore",
        "state": "Tamil Nadu",
        "data_source_type": "OpenStreetMap Public Data"
      }
    },
    {
      "type": "Feature",
      "id": 6934340734,
      "geometry": {
        "type": "Point",
        "coordinates": [
          77.0082217,
          10.9962048
        ]
      },
      "properties": {
        "id": 6934340734,
        "name": "Ortho One Orthopaedic Speciality Center(A Unit Of Spine Arthroscopic and Joint Replacement Center Pvt Ltd)",
        "facility_type": "hospital",
        "category": "Healthcare",
        "capacity": 334,
        "district": "Coimbatore",
        "state": "Tamil Nadu",
        "data_source_type": "OpenStreetMap Public Data"
      }
    },
    {
      "type": "Feature",
      "id": 6934340771,
      "geometry": {
        "type": "Point",
        "coordinates": [
          76.9477212,
          11.0427427
        ]
      },
      "properties": {
        "id": 6934340771,
        "name": "Padmavathy Hospital",
        "facility_type": "hospital",
        "category": "Healthcare",
        "capacity": 371,
        "district": "Coimbatore",
        "state": "Tamil Nadu",
        "data_source_type": "OpenStreetMap Public Data"
      }
    },
    {
      "type": "Feature",
      "id": 6934424352,
      "geometry": {
        "type": "Point",
        "coordinates": [
          76.9513442,
          11.002695
        ]
      },
      "properties": {
        "id": 6934424352,
        "name": "Shree Saravana Nursing Home",
        "facility_type": "hospital",
        "category": "Healthcare",
        "capacity": 452,
        "district": "Coimbatore",
        "state": "Tamil Nadu",
        "data_source_type": "OpenStreetMap Public Data"
      }
    },
    {
      "type": "Feature",
      "id": 6934430447,
      "geometry": {
        "type": "Point",
        "coordinates": [
          76.9470734,
          11.0265389
        ]
      },
      "properties": {
        "id": 6934430447,
        "name": "Vishnu Ent Hospital - Coimbatore",
        "facility_type": "hospital",
        "category": "Healthcare",
        "capacity": 547,
        "district": "Coimbatore",
        "state": "Tamil Nadu",
        "data_source_type": "OpenStreetMap Public Data"
      }
    },
    {
      "type": "Feature",
      "id": 6934690377,
      "geometry": {
        "type": "Point",
        "coordinates": [
          76.9596114,
          10.9046622
        ]
      },
      "properties": {
        "id": 6934690377,
        "name": "Senthil Nursing Home, Coimbatore",
        "facility_type": "hospital",
        "category": "Healthcare",
        "capacity": 477,
        "district": "Coimbatore",
        "state": "Tamil Nadu",
        "data_source_type": "OpenStreetMap Public Data"
      }
    },
    {
      "type": "Feature",
      "id": 6934738477,
      "geometry": {
        "type": "Point",
        "coordinates": [
          76.9625585,
          11.0190567
        ]
      },
      "properties": {
        "id": 6934738477,
        "name": "The Balakrishnan Hospital",
        "facility_type": "hospital",
        "category": "Healthcare",
        "capacity": 577,
        "district": "Coimbatore",
        "state": "Tamil Nadu",
        "data_source_type": "OpenStreetMap Public Data"
      }
    },
    {
      "type": "Feature",
      "id": 6934957192,
      "geometry": {
        "type": "Point",
        "coordinates": [
          76.9989473,
          11.0089711
        ]
      },
      "properties": {
        "id": 6934957192,
        "name": "Swathi Poly Clinic",
        "facility_type": "hospital",
        "category": "Healthcare",
        "capacity": 292,
        "district": "Coimbatore",
        "state": "Tamil Nadu",
        "data_source_type": "OpenStreetMap Public Data"
      }
    },
    {
      "type": "Feature",
      "id": 6935172371,
      "geometry": {
        "type": "Point",
        "coordinates": [
          76.9619912,
          11.2400426
        ]
      },
      "properties": {
        "id": 6935172371,
        "name": "Sowmiya Hospital",
        "facility_type": "hospital",
        "category": "Healthcare",
        "capacity": 471,
        "district": "Coimbatore",
        "state": "Tamil Nadu",
        "data_source_type": "OpenStreetMap Public Data"
      }
    },
    {
      "type": "Feature",
      "id": 6935186143,
      "geometry": {
        "type": "Point",
        "coordinates": [
          76.961735,
          11.010795
        ]
      },
      "properties": {
        "id": 6935186143,
        "name": "Ponnammal Duraisamy Eye Clinic",
        "facility_type": "hospital",
        "category": "Healthcare",
        "capacity": 243,
        "district": "Coimbatore",
        "state": "Tamil Nadu",
        "data_source_type": "OpenStreetMap Public Data"
      }
    },
    {
      "type": "Feature",
      "id": 6935188981,
      "geometry": {
        "type": "Point",
        "coordinates": [
          76.9563907,
          10.963603
        ]
      },
      "properties": {
        "id": 6935188981,
        "name": "Sangeetha Hospital, Coimbatore",
        "facility_type": "hospital",
        "category": "Healthcare",
        "capacity": 581,
        "district": "Coimbatore",
        "state": "Tamil Nadu",
        "data_source_type": "OpenStreetMap Public Data"
      }
    },
    {
      "type": "Feature",
      "id": 6935272584,
      "geometry": {
        "type": "Point",
        "coordinates": [
          76.9876988,
          10.9957861
        ]
      },
      "properties": {
        "id": 6935272584,
        "name": "Karthick Polyclinic",
        "facility_type": "hospital",
        "category": "Healthcare",
        "capacity": 184,
        "district": "Coimbatore",
        "state": "Tamil Nadu",
        "data_source_type": "OpenStreetMap Public Data"
      }
    },
    {
      "type": "Feature",
      "id": 6936305098,
      "geometry": {
        "type": "Point",
        "coordinates": [
          76.9352093,
          10.9446403
        ]
      },
      "properties": {
        "id": 6936305098,
        "name": "Priya Hospital, Coimbatore",
        "facility_type": "hospital",
        "category": "Healthcare",
        "capacity": 198,
        "district": "Coimbatore",
        "state": "Tamil Nadu",
        "data_source_type": "OpenStreetMap Public Data"
      }
    },
    {
      "type": "Feature",
      "id": 6936310680,
      "geometry": {
        "type": "Point",
        "coordinates": [
          77.0176752,
          11.0261493
        ]
      },
      "properties": {
        "id": 6936310680,
        "name": "Sumith Hospital",
        "facility_type": "hospital",
        "category": "Healthcare",
        "capacity": 280,
        "district": "Coimbatore",
        "state": "Tamil Nadu",
        "data_source_type": "OpenStreetMap Public Data"
      }
    },
    {
      "type": "Feature",
      "id": 6936339717,
      "geometry": {
        "type": "Point",
        "coordinates": [
          77.0187333,
          11.0270299
        ]
      },
      "properties": {
        "id": 6936339717,
        "name": "Rajah Hospital, Coimbatore",
        "facility_type": "hospital",
        "category": "Healthcare",
        "capacity": 317,
        "district": "Coimbatore",
        "state": "Tamil Nadu",
        "data_source_type": "OpenStreetMap Public Data"
      }
    },
    {
      "type": "Feature",
      "id": 6936359924,
      "geometry": {
        "type": "Point",
        "coordinates": [
          76.9617565,
          11.0174139
        ]
      },
      "properties": {
        "id": 6936359924,
        "name": "Lalitha Hospital",
        "facility_type": "hospital",
        "category": "Healthcare",
        "capacity": 524,
        "district": "Coimbatore",
        "state": "Tamil Nadu",
        "data_source_type": "OpenStreetMap Public Data"
      }
    },
    {
      "type": "Feature",
      "id": 6936359961,
      "geometry": {
        "type": "Point",
        "coordinates": [
          76.9947731,
          11.019682
        ]
      },
      "properties": {
        "id": 6936359961,
        "name": "Hindusthan Hospital, Coimbatore",
        "facility_type": "hospital",
        "category": "Healthcare",
        "capacity": 561,
        "district": "Coimbatore",
        "state": "Tamil Nadu",
        "data_source_type": "OpenStreetMap Public Data"
      }
    },
    {
      "type": "Feature",
      "id": 6936359967,
      "geometry": {
        "type": "Point",
        "coordinates": [
          76.95132,
          11.0150812
        ]
      },
      "properties": {
        "id": 6936359967,
        "name": "Kumaran Hospital, Coimbatore",
        "facility_type": "hospital",
        "category": "Healthcare",
        "capacity": 567,
        "district": "Coimbatore",
        "state": "Tamil Nadu",
        "data_source_type": "OpenStreetMap Public Data"
      }
    },
    {
      "type": "Feature",
      "id": 6936428062,
      "geometry": {
        "type": "Point",
        "coordinates": [
          77.0872946,
          11.21711
        ]
      },
      "properties": {
        "id": 6936428062,
        "name": "Sanjeevani Hospital And Maternity Home, Annur",
        "facility_type": "hospital",
        "category": "Healthcare",
        "capacity": 162,
        "district": "Coimbatore",
        "state": "Tamil Nadu",
        "data_source_type": "OpenStreetMap Public Data"
      }
    },
    {
      "type": "Feature",
      "id": 6936443894,
      "geometry": {
        "type": "Point",
        "coordinates": [
          76.9553728,
          11.0133673
        ]
      },
      "properties": {
        "id": 6936443894,
        "name": "Sankara Eye Hospital, Coimbatore",
        "facility_type": "hospital",
        "category": "Healthcare",
        "capacity": 494,
        "district": "Coimbatore",
        "state": "Tamil Nadu",
        "data_source_type": "OpenStreetMap Public Data"
      }
    },
    {
      "type": "Feature",
      "id": 6936582309,
      "geometry": {
        "type": "Point",
        "coordinates": [
          76.9661131,
          11.0209812
        ]
      },
      "properties": {
        "id": 6936582309,
        "name": "C.S.R. Nursing Home, Coimbatore",
        "facility_type": "hospital",
        "category": "Healthcare",
        "capacity": 409,
        "district": "Coimbatore",
        "state": "Tamil Nadu",
        "data_source_type": "OpenStreetMap Public Data"
      }
    },
    {
      "type": "Feature",
      "id": 6936609173,
      "geometry": {
        "type": "Point",
        "coordinates": [
          76.951316,
          11.0137122
        ]
      },
      "properties": {
        "id": 6936609173,
        "name": "Madurai Eye Center",
        "facility_type": "hospital",
        "category": "Healthcare",
        "capacity": 273,
        "district": "Coimbatore",
        "state": "Tamil Nadu",
        "data_source_type": "OpenStreetMap Public Data"
      }
    },
    {
      "type": "Feature",
      "id": 6936663154,
      "geometry": {
        "type": "Point",
        "coordinates": [
          76.9437897,
          11.0142295
        ]
      },
      "properties": {
        "id": 6936663154,
        "name": "Vega Ent Hospital",
        "facility_type": "hospital",
        "category": "Healthcare",
        "capacity": 254,
        "district": "Coimbatore",
        "state": "Tamil Nadu",
        "data_source_type": "OpenStreetMap Public Data"
      }
    },
    {
      "type": "Feature",
      "id": 6936677079,
      "geometry": {
        "type": "Point",
        "coordinates": [
          76.9614293,
          11.0143493
        ]
      },
      "properties": {
        "id": 6936677079,
        "name": "Spt Hospitals",
        "facility_type": "hospital",
        "category": "Healthcare",
        "capacity": 179,
        "district": "Coimbatore",
        "state": "Tamil Nadu",
        "data_source_type": "OpenStreetMap Public Data"
      }
    },
    {
      "type": "Feature",
      "id": 6936695107,
      "geometry": {
        "type": "Point",
        "coordinates": [
          76.9578948,
          11.0081878
        ]
      },
      "properties": {
        "id": 6936695107,
        "name": "Dr K Padmavathy Hospital",
        "facility_type": "hospital",
        "category": "Healthcare",
        "capacity": 207,
        "district": "Coimbatore",
        "state": "Tamil Nadu",
        "data_source_type": "OpenStreetMap Public Data"
      }
    },
    {
      "type": "Feature",
      "id": 6936696197,
      "geometry": {
        "type": "Point",
        "coordinates": [
          76.9420054,
          11.0706896
        ]
      },
      "properties": {
        "id": 6936696197,
        "name": "V. G. Hospital, Thudiyalur",
        "facility_type": "hospital",
        "category": "Healthcare",
        "capacity": 297,
        "district": "Coimbatore",
        "state": "Tamil Nadu",
        "data_source_type": "OpenStreetMap Public Data"
      }
    },
    {
      "type": "Feature",
      "id": 6936708011,
      "geometry": {
        "type": "Point",
        "coordinates": [
          76.927958,
          11.036949
        ]
      },
      "properties": {
        "id": 6936708011,
        "name": "Sri Vishnu Priyaa Hospitals Pvt Ltd",
        "facility_type": "hospital",
        "category": "Healthcare",
        "capacity": 111,
        "district": "Coimbatore",
        "state": "Tamil Nadu",
        "data_source_type": "OpenStreetMap Public Data"
      }
    },
    {
      "type": "Feature",
      "id": 6936708037,
      "geometry": {
        "type": "Point",
        "coordinates": [
          76.9541618,
          10.9561995
        ]
      },
      "properties": {
        "id": 6936708037,
        "name": "Aparna Hospital",
        "facility_type": "hospital",
        "category": "Healthcare",
        "capacity": 137,
        "district": "Coimbatore",
        "state": "Tamil Nadu",
        "data_source_type": "OpenStreetMap Public Data"
      }
    },
    {
      "type": "Feature",
      "id": 6936708084,
      "geometry": {
        "type": "Point",
        "coordinates": [
          76.9358088,
          10.987562
        ]
      },
      "properties": {
        "id": 6936708084,
        "name": "Snekaram Multi Specality Hospital",
        "facility_type": "hospital",
        "category": "Healthcare",
        "capacity": 184,
        "district": "Coimbatore",
        "state": "Tamil Nadu",
        "data_source_type": "OpenStreetMap Public Data"
      }
    },
    {
      "type": "Feature",
      "id": 6936794080,
      "geometry": {
        "type": "Point",
        "coordinates": [
          76.9513019,
          11.0031531
        ]
      },
      "properties": {
        "id": 6936794080,
        "name": "Maruthi Hospital, Coimbatore",
        "facility_type": "hospital",
        "category": "Healthcare",
        "capacity": 180,
        "district": "Coimbatore",
        "state": "Tamil Nadu",
        "data_source_type": "OpenStreetMap Public Data"
      }
    },
    {
      "type": "Feature",
      "id": 6937401730,
      "geometry": {
        "type": "Point",
        "coordinates": [
          76.9612482,
          11.0177943
        ]
      },
      "properties": {
        "id": 6937401730,
        "name": "Roselet Medical ObgandSurgical Centre",
        "facility_type": "hospital",
        "category": "Healthcare",
        "capacity": 330,
        "district": "Coimbatore",
        "state": "Tamil Nadu",
        "data_source_type": "OpenStreetMap Public Data"
      }
    },
    {
      "type": "Feature",
      "id": 6937449595,
      "geometry": {
        "type": "Point",
        "coordinates": [
          76.9529521,
          10.9909191
        ]
      },
      "properties": {
        "id": 6937449595,
        "name": "Karthic Nursing Home Pvt. Ltd.",
        "facility_type": "hospital",
        "category": "Healthcare",
        "capacity": 195,
        "district": "Coimbatore",
        "state": "Tamil Nadu",
        "data_source_type": "OpenStreetMap Public Data"
      }
    },
    {
      "type": "Feature",
      "id": 6937477838,
      "geometry": {
        "type": "Point",
        "coordinates": [
          76.9475555,
          11.0061296
        ]
      },
      "properties": {
        "id": 6937477838,
        "name": "K.M. Polyclinic",
        "facility_type": "hospital",
        "category": "Healthcare",
        "capacity": 438,
        "district": "Coimbatore",
        "state": "Tamil Nadu",
        "data_source_type": "OpenStreetMap Public Data"
      }
    },
    {
      "type": "Feature",
      "id": 6937527640,
      "geometry": {
        "type": "Point",
        "coordinates": [
          76.9525994,
          11.0060677
        ]
      },
      "properties": {
        "id": 6937527640,
        "name": "Sruti Hospitals",
        "facility_type": "hospital",
        "category": "Healthcare",
        "capacity": 240,
        "district": "Coimbatore",
        "state": "Tamil Nadu",
        "data_source_type": "OpenStreetMap Public Data"
      }
    },
    {
      "type": "Feature",
      "id": 6951079486,
      "geometry": {
        "type": "Point",
        "coordinates": [
          76.9094136,
          11.236462
        ]
      },
      "properties": {
        "id": 6951079486,
        "name": "POI 943",
        "facility_type": "temple",
        "category": "Religious POI",
        "capacity": 586,
        "district": "Coimbatore",
        "state": "Tamil Nadu",
        "data_source_type": "OpenStreetMap Public Data"
      }
    },
    {
      "type": "Feature",
      "id": 6951079487,
      "geometry": {
        "type": "Point",
        "coordinates": [
          76.909439,
          11.2362869
        ]
      },
      "properties": {
        "id": 6951079487,
        "name": "POI 944",
        "facility_type": "shop",
        "category": "Commercial POI",
        "capacity": 587,
        "district": "Coimbatore",
        "state": "Tamil Nadu",
        "data_source_type": "OpenStreetMap Public Data"
      }
    },
    {
      "type": "Feature",
      "id": 6961249585,
      "geometry": {
        "type": "Point",
        "coordinates": [
          76.9817152,
          10.9970328
        ]
      },
      "properties": {
        "id": 6961249585,
        "name": "Airtel",
        "facility_type": "shop",
        "category": "Commercial POI",
        "capacity": 185,
        "district": "Coimbatore",
        "state": "Tamil Nadu",
        "data_source_type": "OpenStreetMap Public Data"
      }
    },
    {
      "type": "Feature",
      "id": 6975924276,
      "geometry": {
        "type": "Point",
        "coordinates": [
          77.0087313,
          11.249916
        ]
      },
      "properties": {
        "id": 6975924276,
        "name": "POI 946",
        "facility_type": "school",
        "category": "Education",
        "capacity": 376,
        "district": "Coimbatore",
        "state": "Tamil Nadu",
        "data_source_type": "OpenStreetMap Public Data"
      }
    },
    {
      "type": "Feature",
      "id": 7007490376,
      "geometry": {
        "type": "Point",
        "coordinates": [
          76.9600962,
          11.2414022
        ]
      },
      "properties": {
        "id": 7007490376,
        "name": "burma doctor hospital",
        "facility_type": "hospital",
        "category": "Healthcare",
        "capacity": 476,
        "district": "Coimbatore",
        "state": "Tamil Nadu",
        "data_source_type": "OpenStreetMap Public Data"
      }
    },
    {
      "type": "Feature",
      "id": 7011976894,
      "geometry": {
        "type": "Point",
        "coordinates": [
          76.930835,
          11.0624679
        ]
      },
      "properties": {
        "id": 7011976894,
        "name": "TASMAC",
        "facility_type": "shop",
        "category": "Commercial POI",
        "capacity": 494,
        "district": "Coimbatore",
        "state": "Tamil Nadu",
        "data_source_type": "OpenStreetMap Public Data"
      }
    },
    {
      "type": "Feature",
      "id": 7013236401,
      "geometry": {
        "type": "Point",
        "coordinates": [
          77.0244281,
          11.1063398
        ]
      },
      "properties": {
        "id": 7013236401,
        "name": "Sai Granites and Tiles",
        "facility_type": "shop",
        "category": "Commercial POI",
        "capacity": 501,
        "district": "Coimbatore",
        "state": "Tamil Nadu",
        "data_source_type": "OpenStreetMap Public Data"
      }
    },
    {
      "type": "Feature",
      "id": 7083534505,
      "geometry": {
        "type": "Point",
        "coordinates": [
          76.9189706,
          10.978191
        ]
      },
      "properties": {
        "id": 7083534505,
        "name": "Perur Taluk Office",
        "facility_type": "office",
        "category": "Company",
        "capacity": 105,
        "district": "Coimbatore",
        "state": "Tamil Nadu",
        "data_source_type": "OpenStreetMap Public Data"
      }
    },
    {
      "type": "Feature",
      "id": 7086658096,
      "geometry": {
        "type": "Point",
        "coordinates": [
          76.8919234,
          11.2257847
        ]
      },
      "properties": {
        "id": 7086658096,
        "name": "timepass bakery",
        "facility_type": "shop",
        "category": "Commercial POI",
        "capacity": 196,
        "district": "Coimbatore",
        "state": "Tamil Nadu",
        "data_source_type": "OpenStreetMap Public Data"
      }
    },
    {
      "type": "Feature",
      "id": 7111719485,
      "geometry": {
        "type": "Point",
        "coordinates": [
          76.9494413,
          11.0084178
        ]
      },
      "properties": {
        "id": 7111719485,
        "name": "Laundry Hub",
        "facility_type": "shop",
        "category": "Commercial POI",
        "capacity": 585,
        "district": "Coimbatore",
        "state": "Tamil Nadu",
        "data_source_type": "OpenStreetMap Public Data"
      }
    },
    {
      "type": "Feature",
      "id": 7130268241,
      "geometry": {
        "type": "Point",
        "coordinates": [
          77.0541174,
          11.0010493
        ]
      },
      "properties": {
        "id": 7130268241,
        "name": "POI 953",
        "facility_type": "shop",
        "category": "Commercial POI",
        "capacity": 341,
        "district": "Coimbatore",
        "state": "Tamil Nadu",
        "data_source_type": "OpenStreetMap Public Data"
      }
    },
    {
      "type": "Feature",
      "id": 7135132101,
      "geometry": {
        "type": "Point",
        "coordinates": [
          76.9670961,
          11.0150062
        ]
      },
      "properties": {
        "id": 7135132101,
        "name": "Supreme Men's Clothing",
        "facility_type": "shop",
        "category": "Commercial POI",
        "capacity": 201,
        "district": "Coimbatore",
        "state": "Tamil Nadu",
        "data_source_type": "OpenStreetMap Public Data"
      }
    },
    {
      "type": "Feature",
      "id": 7177279520,
      "geometry": {
        "type": "Point",
        "coordinates": [
          76.9418037,
          11.0781485
        ]
      },
      "properties": {
        "id": 7177279520,
        "name": "aavin",
        "facility_type": "shop",
        "category": "Commercial POI",
        "capacity": 120,
        "district": "Coimbatore",
        "state": "Tamil Nadu",
        "data_source_type": "OpenStreetMap Public Data"
      }
    },
    {
      "type": "Feature",
      "id": 7178295473,
      "geometry": {
        "type": "Point",
        "coordinates": [
          76.9414714,
          11.0789955
        ]
      },
      "properties": {
        "id": 7178295473,
        "name": "sathya stores",
        "facility_type": "shop",
        "category": "Commercial POI",
        "capacity": 573,
        "district": "Coimbatore",
        "state": "Tamil Nadu",
        "data_source_type": "OpenStreetMap Public Data"
      }
    },
    {
      "type": "Feature",
      "id": 7178295476,
      "geometry": {
        "type": "Point",
        "coordinates": [
          76.941483,
          11.0786532
        ]
      },
      "properties": {
        "id": 7178295476,
        "name": "sri saravana bakery",
        "facility_type": "shop",
        "category": "Commercial POI",
        "capacity": 576,
        "district": "Coimbatore",
        "state": "Tamil Nadu",
        "data_source_type": "OpenStreetMap Public Data"
      }
    },
    {
      "type": "Feature",
      "id": 7187495085,
      "geometry": {
        "type": "Point",
        "coordinates": [
          76.9498519,
          10.9996009
        ]
      },
      "properties": {
        "id": 7187495085,
        "name": "Tasmac",
        "facility_type": "shop",
        "category": "Commercial POI",
        "capacity": 185,
        "district": "Coimbatore",
        "state": "Tamil Nadu",
        "data_source_type": "OpenStreetMap Public Data"
      }
    },
    {
      "type": "Feature",
      "id": 7210911318,
      "geometry": {
        "type": "Point",
        "coordinates": [
          76.9856121,
          11.0450728
        ]
      },
      "properties": {
        "id": 7210911318,
        "name": "Shree Sivaa Hospital",
        "facility_type": "hospital",
        "category": "Healthcare",
        "capacity": 418,
        "district": "Coimbatore",
        "state": "Tamil Nadu",
        "data_source_type": "OpenStreetMap Public Data"
      }
    },
    {
      "type": "Feature",
      "id": 7210920536,
      "geometry": {
        "type": "Point",
        "coordinates": [
          76.911949,
          11.0246121
        ]
      },
      "properties": {
        "id": 7210920536,
        "name": "Aroghya Nursing Home",
        "facility_type": "hospital",
        "category": "Healthcare",
        "capacity": 136,
        "district": "Coimbatore",
        "state": "Tamil Nadu",
        "data_source_type": "OpenStreetMap Public Data"
      }
    },
    {
      "type": "Feature",
      "id": 7210924997,
      "geometry": {
        "type": "Point",
        "coordinates": [
          76.9512209,
          11.0340354
        ]
      },
      "properties": {
        "id": 7210924997,
        "name": "Dr. BRJ Ortho Centre",
        "facility_type": "hospital",
        "category": "Healthcare",
        "capacity": 597,
        "district": "Coimbatore",
        "state": "Tamil Nadu",
        "data_source_type": "OpenStreetMap Public Data"
      }
    },
    {
      "type": "Feature",
      "id": 7213394744,
      "geometry": {
        "type": "Point",
        "coordinates": [
          76.9536547,
          11.1728489
        ]
      },
      "properties": {
        "id": 7213394744,
        "name": "Sakthi Nursing Home, Coimbatore",
        "facility_type": "hospital",
        "category": "Healthcare",
        "capacity": 344,
        "district": "Coimbatore",
        "state": "Tamil Nadu",
        "data_source_type": "OpenStreetMap Public Data"
      }
    },
    {
      "type": "Feature",
      "id": 7238650831,
      "geometry": {
        "type": "Point",
        "coordinates": [
          76.893434,
          11.2283278
        ]
      },
      "properties": {
        "id": 7238650831,
        "name": "MVS traders",
        "facility_type": "shop",
        "category": "Commercial POI",
        "capacity": 431,
        "district": "Coimbatore",
        "state": "Tamil Nadu",
        "data_source_type": "OpenStreetMap Public Data"
      }
    },
    {
      "type": "Feature",
      "id": 7238650832,
      "geometry": {
        "type": "Point",
        "coordinates": [
          76.8970231,
          11.2302417
        ]
      },
      "properties": {
        "id": 7238650832,
        "name": "MVS traders",
        "facility_type": "shop",
        "category": "Commercial POI",
        "capacity": 432,
        "district": "Coimbatore",
        "state": "Tamil Nadu",
        "data_source_type": "OpenStreetMap Public Data"
      }
    },
    {
      "type": "Feature",
      "id": 7252225813,
      "geometry": {
        "type": "Point",
        "coordinates": [
          77.1003106,
          10.7433038
        ]
      },
      "properties": {
        "id": 7252225813,
        "name": "ShreeHospital ,Negamam",
        "facility_type": "hospital",
        "category": "Healthcare",
        "capacity": 413,
        "district": "Coimbatore",
        "state": "Tamil Nadu",
        "data_source_type": "OpenStreetMap Public Data"
      }
    },
    {
      "type": "Feature",
      "id": 7257155919,
      "geometry": {
        "type": "Point",
        "coordinates": [
          77.002444,
          11.07196
        ]
      },
      "properties": {
        "id": 7257155919,
        "name": "Geethasree Hospital, Coimbatore",
        "facility_type": "hospital",
        "category": "Healthcare",
        "capacity": 519,
        "district": "Coimbatore",
        "state": "Tamil Nadu",
        "data_source_type": "OpenStreetMap Public Data"
      }
    },
    {
      "type": "Feature",
      "id": 7257155922,
      "geometry": {
        "type": "Point",
        "coordinates": [
          77.1298133,
          11.0277947
        ]
      },
      "properties": {
        "id": 7257155922,
        "name": "Balaji Hospital, Sulur",
        "facility_type": "hospital",
        "category": "Healthcare",
        "capacity": 522,
        "district": "Coimbatore",
        "state": "Tamil Nadu",
        "data_source_type": "OpenStreetMap Public Data"
      }
    },
    {
      "type": "Feature",
      "id": 7257155935,
      "geometry": {
        "type": "Point",
        "coordinates": [
          76.918862,
          11.04984
        ]
      },
      "properties": {
        "id": 7257155935,
        "name": "J.M.Hospital, Edayarpalayam",
        "facility_type": "hospital",
        "category": "Healthcare",
        "capacity": 535,
        "district": "Coimbatore",
        "state": "Tamil Nadu",
        "data_source_type": "OpenStreetMap Public Data"
      }
    },
    {
      "type": "Feature",
      "id": 7257155938,
      "geometry": {
        "type": "Point",
        "coordinates": [
          76.971976,
          11.04788
        ]
      },
      "properties": {
        "id": 7257155938,
        "name": "AR Medical Centre",
        "facility_type": "hospital",
        "category": "Healthcare",
        "capacity": 538,
        "district": "Coimbatore",
        "state": "Tamil Nadu",
        "data_source_type": "OpenStreetMap Public Data"
      }
    },
    {
      "type": "Feature",
      "id": 7257155948,
      "geometry": {
        "type": "Point",
        "coordinates": [
          77.035681,
          11.0778
        ]
      },
      "properties": {
        "id": 7257155948,
        "name": "Kamalaprakasam, Kalapatti",
        "facility_type": "hospital",
        "category": "Healthcare",
        "capacity": 548,
        "district": "Coimbatore",
        "state": "Tamil Nadu",
        "data_source_type": "OpenStreetMap Public Data"
      }
    },
    {
      "type": "Feature",
      "id": 7257155969,
      "geometry": {
        "type": "Point",
        "coordinates": [
          77.000115,
          11.04761
        ]
      },
      "properties": {
        "id": 7257155969,
        "name": "SS Hospital Coimbatore",
        "facility_type": "hospital",
        "category": "Healthcare",
        "capacity": 569,
        "district": "Coimbatore",
        "state": "Tamil Nadu",
        "data_source_type": "OpenStreetMap Public Data"
      }
    },
    {
      "type": "Feature",
      "id": 7257155978,
      "geometry": {
        "type": "Point",
        "coordinates": [
          76.9971511,
          11.0596676
        ]
      },
      "properties": {
        "id": 7257155978,
        "name": "Rg Clinic , Coimbatore",
        "facility_type": "hospital",
        "category": "Healthcare",
        "capacity": 578,
        "district": "Coimbatore",
        "state": "Tamil Nadu",
        "data_source_type": "OpenStreetMap Public Data"
      }
    },
    {
      "type": "Feature",
      "id": 7257155979,
      "geometry": {
        "type": "Point",
        "coordinates": [
          77.1325092,
          11.1443519
        ]
      },
      "properties": {
        "id": 7257155979,
        "name": "Vagai Government Hospital",
        "facility_type": "hospital",
        "category": "Healthcare",
        "capacity": 579,
        "district": "Coimbatore",
        "state": "Tamil Nadu",
        "data_source_type": "OpenStreetMap Public Data"
      }
    },
    {
      "type": "Feature",
      "id": 7257155982,
      "geometry": {
        "type": "Point",
        "coordinates": [
          76.9424139,
          11.0757442
        ]
      },
      "properties": {
        "id": 7257155982,
        "name": "Hem Hospital- Thudiaylur, Coimbatore",
        "facility_type": "hospital",
        "category": "Healthcare",
        "capacity": 582,
        "district": "Coimbatore",
        "state": "Tamil Nadu",
        "data_source_type": "OpenStreetMap Public Data"
      }
    },
    {
      "type": "Feature",
      "id": 7257156002,
      "geometry": {
        "type": "Point",
        "coordinates": [
          77.0005452,
          11.0703318
        ]
      },
      "properties": {
        "id": 7257156002,
        "name": "Harini Shravan, Coimbatore",
        "facility_type": "hospital",
        "category": "Healthcare",
        "capacity": 102,
        "district": "Coimbatore",
        "state": "Tamil Nadu",
        "data_source_type": "OpenStreetMap Public Data"
      }
    },
    {
      "type": "Feature",
      "id": 7257156011,
      "geometry": {
        "type": "Point",
        "coordinates": [
          76.939234,
          11.0753938
        ]
      },
      "properties": {
        "id": 7257156011,
        "name": "Ramana Gounder Medical Trust Hospital",
        "facility_type": "hospital",
        "category": "Healthcare",
        "capacity": 111,
        "district": "Coimbatore",
        "state": "Tamil Nadu",
        "data_source_type": "OpenStreetMap Public Data"
      }
    },
    {
      "type": "Feature",
      "id": 7257156015,
      "geometry": {
        "type": "Point",
        "coordinates": [
          76.871537,
          11.07251
        ]
      },
      "properties": {
        "id": 7257156015,
        "name": "Bishop Walsh Memorial Hospital, Coimbatore",
        "facility_type": "hospital",
        "category": "Healthcare",
        "capacity": 115,
        "district": "Coimbatore",
        "state": "Tamil Nadu",
        "data_source_type": "OpenStreetMap Public Data"
      }
    },
    {
      "type": "Feature",
      "id": 7257156017,
      "geometry": {
        "type": "Point",
        "coordinates": [
          76.9475494,
          11.0437293
        ]
      },
      "properties": {
        "id": 7257156017,
        "name": "Malar Hpl Goundanpalayam",
        "facility_type": "hospital",
        "category": "Healthcare",
        "capacity": 117,
        "district": "Coimbatore",
        "state": "Tamil Nadu",
        "data_source_type": "OpenStreetMap Public Data"
      }
    },
    {
      "type": "Feature",
      "id": 7257156018,
      "geometry": {
        "type": "Point",
        "coordinates": [
          76.9383967,
          11.0904781
        ]
      },
      "properties": {
        "id": 7257156018,
        "name": "Sai Hospital",
        "facility_type": "hospital",
        "category": "Healthcare",
        "capacity": 118,
        "district": "Coimbatore",
        "state": "Tamil Nadu",
        "data_source_type": "OpenStreetMap Public Data"
      }
    },
    {
      "type": "Feature",
      "id": 7257156021,
      "geometry": {
        "type": "Point",
        "coordinates": [
          76.869337,
          11.08088
        ]
      },
      "properties": {
        "id": 7257156021,
        "name": "Pavithra Medical Centre",
        "facility_type": "hospital",
        "category": "Healthcare",
        "capacity": 121,
        "district": "Coimbatore",
        "state": "Tamil Nadu",
        "data_source_type": "OpenStreetMap Public Data"
      }
    },
    {
      "type": "Feature",
      "id": 7257156023,
      "geometry": {
        "type": "Point",
        "coordinates": [
          77.001972,
          11.05642
        ]
      },
      "properties": {
        "id": 7257156023,
        "name": "V.R.Hospital, Coimbatore",
        "facility_type": "hospital",
        "category": "Healthcare",
        "capacity": 123,
        "district": "Coimbatore",
        "state": "Tamil Nadu",
        "data_source_type": "OpenStreetMap Public Data"
      }
    },
    {
      "type": "Feature",
      "id": 7257156045,
      "geometry": {
        "type": "Point",
        "coordinates": [
          76.897449,
          11.0287
        ]
      },
      "properties": {
        "id": 7257156045,
        "name": "Sree Subiksha Hospital",
        "facility_type": "hospital",
        "category": "Healthcare",
        "capacity": 145,
        "district": "Coimbatore",
        "state": "Tamil Nadu",
        "data_source_type": "OpenStreetMap Public Data"
      }
    },
    {
      "type": "Feature",
      "id": 7257156048,
      "geometry": {
        "type": "Point",
        "coordinates": [
          77.008366,
          11.0892
        ]
      },
      "properties": {
        "id": 7257156048,
        "name": "Vimal Jothi Hospital",
        "facility_type": "hospital",
        "category": "Healthcare",
        "capacity": 148,
        "district": "Coimbatore",
        "state": "Tamil Nadu",
        "data_source_type": "OpenStreetMap Public Data"
      }
    },
    {
      "type": "Feature",
      "id": 7257156060,
      "geometry": {
        "type": "Point",
        "coordinates": [
          77.034088,
          11.1339
        ]
      },
      "properties": {
        "id": 7257156060,
        "name": "Sampath Hospital ,S.S.Kulam",
        "facility_type": "hospital",
        "category": "Healthcare",
        "capacity": 160,
        "district": "Coimbatore",
        "state": "Tamil Nadu",
        "data_source_type": "OpenStreetMap Public Data"
      }
    },
    {
      "type": "Feature",
      "id": 7257166752,
      "geometry": {
        "type": "Point",
        "coordinates": [
          76.997586,
          10.90265
        ]
      },
      "properties": {
        "id": 7257166752,
        "name": "Ambal Malumichampatty, Coimbatore",
        "facility_type": "hospital",
        "category": "Healthcare",
        "capacity": 352,
        "district": "Coimbatore",
        "state": "Tamil Nadu",
        "data_source_type": "OpenStreetMap Public Data"
      }
    },
    {
      "type": "Feature",
      "id": 7257166779,
      "geometry": {
        "type": "Point",
        "coordinates": [
          76.9635381,
          10.9037986
        ]
      },
      "properties": {
        "id": 7257166779,
        "name": "Government Hospital, Madukkarai",
        "facility_type": "hospital",
        "category": "Healthcare",
        "capacity": 379,
        "district": "Coimbatore",
        "state": "Tamil Nadu",
        "data_source_type": "OpenStreetMap Public Data"
      }
    },
    {
      "type": "Feature",
      "id": 7257166809,
      "geometry": {
        "type": "Point",
        "coordinates": [
          76.9586654,
          10.9042796
        ]
      },
      "properties": {
        "id": 7257166809,
        "name": "Natraj Hospital",
        "facility_type": "hospital",
        "category": "Healthcare",
        "capacity": 409,
        "district": "Coimbatore",
        "state": "Tamil Nadu",
        "data_source_type": "OpenStreetMap Public Data"
      }
    },
    {
      "type": "Feature",
      "id": 7257166815,
      "geometry": {
        "type": "Point",
        "coordinates": [
          76.955989,
          10.95365
        ]
      },
      "properties": {
        "id": 7257166815,
        "name": "I.J.Hospital, Kuniayamuthur, Coimbatore",
        "facility_type": "hospital",
        "category": "Healthcare",
        "capacity": 415,
        "district": "Coimbatore",
        "state": "Tamil Nadu",
        "data_source_type": "OpenStreetMap Public Data"
      }
    },
    {
      "type": "Feature",
      "id": 7257166819,
      "geometry": {
        "type": "Point",
        "coordinates": [
          77.017406,
          10.82107
        ]
      },
      "properties": {
        "id": 7257166819,
        "name": "Government Hospital, Kinathukadavu",
        "facility_type": "hospital",
        "category": "Healthcare",
        "capacity": 419,
        "district": "Coimbatore",
        "state": "Tamil Nadu",
        "data_source_type": "OpenStreetMap Public Data"
      }
    },
    {
      "type": "Feature",
      "id": 7257166845,
      "geometry": {
        "type": "Point",
        "coordinates": [
          77.0191884,
          10.8241085
        ]
      },
      "properties": {
        "id": 7257166845,
        "name": "Sri Venkateswara Kinnathukadavu",
        "facility_type": "hospital",
        "category": "Healthcare",
        "capacity": 445,
        "district": "Coimbatore",
        "state": "Tamil Nadu",
        "data_source_type": "OpenStreetMap Public Data"
      }
    },
    {
      "type": "Feature",
      "id": 7257166877,
      "geometry": {
        "type": "Point",
        "coordinates": [
          76.973201,
          10.95254
        ]
      },
      "properties": {
        "id": 7257166877,
        "name": "Abirami Hospital, Coimbatore",
        "facility_type": "hospital",
        "category": "Healthcare",
        "capacity": 477,
        "district": "Coimbatore",
        "state": "Tamil Nadu",
        "data_source_type": "OpenStreetMap Public Data"
      }
    },
    {
      "type": "Feature",
      "id": 7257166879,
      "geometry": {
        "type": "Point",
        "coordinates": [
          76.9758815,
          10.9521673
        ]
      },
      "properties": {
        "id": 7257166879,
        "name": "Ganapathy Pc Sundarapuram,",
        "facility_type": "hospital",
        "category": "Healthcare",
        "capacity": 479,
        "district": "Coimbatore",
        "state": "Tamil Nadu",
        "data_source_type": "OpenStreetMap Public Data"
      }
    },
    {
      "type": "Feature",
      "id": 7257183906,
      "geometry": {
        "type": "Point",
        "coordinates": [
          76.9530054,
          11.0108047
        ]
      },
      "properties": {
        "id": 7257183906,
        "name": "Ponnaiah Hospital",
        "facility_type": "hospital",
        "category": "Healthcare",
        "capacity": 506,
        "district": "Coimbatore",
        "state": "Tamil Nadu",
        "data_source_type": "OpenStreetMap Public Data"
      }
    },
    {
      "type": "Feature",
      "id": 7257183907,
      "geometry": {
        "type": "Point",
        "coordinates": [
          76.9392029,
          10.9871756
        ]
      },
      "properties": {
        "id": 7257183907,
        "name": "Rani Nursing Home, Selvapuram, Coimbatore",
        "facility_type": "hospital",
        "category": "Healthcare",
        "capacity": 507,
        "district": "Coimbatore",
        "state": "Tamil Nadu",
        "data_source_type": "OpenStreetMap Public Data"
      }
    },
    {
      "type": "Feature",
      "id": 7257183911,
      "geometry": {
        "type": "Point",
        "coordinates": [
          76.9914482,
          11.0064832
        ]
      },
      "properties": {
        "id": 7257183911,
        "name": "Shree Hospital, Puliakulam, Coimbatore",
        "facility_type": "hospital",
        "category": "Healthcare",
        "capacity": 511,
        "district": "Coimbatore",
        "state": "Tamil Nadu",
        "data_source_type": "OpenStreetMap Public Data"
      }
    },
    {
      "type": "Feature",
      "id": 7257183913,
      "geometry": {
        "type": "Point",
        "coordinates": [
          76.9544328,
          10.9567349
        ]
      },
      "properties": {
        "id": 7257183913,
        "name": "Sri Meenakshi Hospital, Kuniamuthur",
        "facility_type": "hospital",
        "category": "Healthcare",
        "capacity": 513,
        "district": "Coimbatore",
        "state": "Tamil Nadu",
        "data_source_type": "OpenStreetMap Public Data"
      }
    },
    {
      "type": "Feature",
      "id": 7257183914,
      "geometry": {
        "type": "Point",
        "coordinates": [
          76.948869,
          11.0029
        ]
      },
      "properties": {
        "id": 7257183914,
        "name": "Shanmuga Hospital Rs Puram",
        "facility_type": "hospital",
        "category": "Healthcare",
        "capacity": 514,
        "district": "Coimbatore",
        "state": "Tamil Nadu",
        "data_source_type": "OpenStreetMap Public Data"
      }
    },
    {
      "type": "Feature",
      "id": 7257183915,
      "geometry": {
        "type": "Point",
        "coordinates": [
          77.1228621,
          11.0247544
        ]
      },
      "properties": {
        "id": 7257183915,
        "name": "Government Hospital, Sulur",
        "facility_type": "hospital",
        "category": "Healthcare",
        "capacity": 515,
        "district": "Coimbatore",
        "state": "Tamil Nadu",
        "data_source_type": "OpenStreetMap Public Data"
      }
    },
    {
      "type": "Feature",
      "id": 7257183916,
      "geometry": {
        "type": "Point",
        "coordinates": [
          77.033733,
          11.0011
        ]
      },
      "properties": {
        "id": 7257183916,
        "name": "Singanallur Government Hospital",
        "facility_type": "hospital",
        "category": "Healthcare",
        "capacity": 516,
        "district": "Coimbatore",
        "state": "Tamil Nadu",
        "data_source_type": "OpenStreetMap Public Data"
      }
    },
    {
      "type": "Feature",
      "id": 7257183917,
      "geometry": {
        "type": "Point",
        "coordinates": [
          76.9870623,
          10.9664096
        ]
      },
      "properties": {
        "id": 7257183917,
        "name": "Podanur Government Hospital",
        "facility_type": "hospital",
        "category": "Healthcare",
        "capacity": 517,
        "district": "Coimbatore",
        "state": "Tamil Nadu",
        "data_source_type": "OpenStreetMap Public Data"
      }
    },
    {
      "type": "Feature",
      "id": 7257183920,
      "geometry": {
        "type": "Point",
        "coordinates": [
          77.0051728,
          10.9972946
        ]
      },
      "properties": {
        "id": 7257183920,
        "name": "Medwin Hospital, Coimbatore",
        "facility_type": "hospital",
        "category": "Healthcare",
        "capacity": 520,
        "district": "Coimbatore",
        "state": "Tamil Nadu",
        "data_source_type": "OpenStreetMap Public Data"
      }
    },
    {
      "type": "Feature",
      "id": 7257183925,
      "geometry": {
        "type": "Point",
        "coordinates": [
          76.9758131,
          11.0168278
        ]
      },
      "properties": {
        "id": 7257183925,
        "name": "Sudha Hospital",
        "facility_type": "hospital",
        "category": "Healthcare",
        "capacity": 525,
        "district": "Coimbatore",
        "state": "Tamil Nadu",
        "data_source_type": "OpenStreetMap Public Data"
      }
    },
    {
      "type": "Feature",
      "id": 7257183926,
      "geometry": {
        "type": "Point",
        "coordinates": [
          76.9634777,
          10.9958251
        ]
      },
      "properties": {
        "id": 7257183926,
        "name": "I.C.C Hospital For Women & Children, Coimbatore",
        "facility_type": "hospital",
        "category": "Healthcare",
        "capacity": 526,
        "district": "Coimbatore",
        "state": "Tamil Nadu",
        "data_source_type": "OpenStreetMap Public Data"
      }
    },
    {
      "type": "Feature",
      "id": 7257183942,
      "geometry": {
        "type": "Point",
        "coordinates": [
          76.97122,
          10.9638671
        ]
      },
      "properties": {
        "id": 7257183942,
        "name": "Government Hospital, Kuruchi",
        "facility_type": "hospital",
        "category": "Healthcare",
        "capacity": 542,
        "district": "Coimbatore",
        "state": "Tamil Nadu",
        "data_source_type": "OpenStreetMap Public Data"
      }
    },
    {
      "type": "Feature",
      "id": 7257183943,
      "geometry": {
        "type": "Point",
        "coordinates": [
          77.0603524,
          11.0217448
        ]
      },
      "properties": {
        "id": 7257183943,
        "name": "Peoples Medical Centre, Coimbatore",
        "facility_type": "hospital",
        "category": "Healthcare",
        "capacity": 543,
        "district": "Coimbatore",
        "state": "Tamil Nadu",
        "data_source_type": "OpenStreetMap Public Data"
      }
    },
    {
      "type": "Feature",
      "id": 7257183944,
      "geometry": {
        "type": "Point",
        "coordinates": [
          76.949604,
          10.9998322
        ]
      },
      "properties": {
        "id": 7257183944,
        "name": "Rk Bai Corporation Health Centre",
        "facility_type": "hospital",
        "category": "Healthcare",
        "capacity": 544,
        "district": "Coimbatore",
        "state": "Tamil Nadu",
        "data_source_type": "OpenStreetMap Public Data"
      }
    },
    {
      "type": "Feature",
      "id": 7257183946,
      "geometry": {
        "type": "Point",
        "coordinates": [
          77.014447,
          10.99819
        ]
      },
      "properties": {
        "id": 7257183946,
        "name": "VGM Hospital, Coimbatore",
        "facility_type": "hospital",
        "category": "Healthcare",
        "capacity": 546,
        "district": "Coimbatore",
        "state": "Tamil Nadu",
        "data_source_type": "OpenStreetMap Public Data"
      }
    },
    {
      "type": "Feature",
      "id": 7257183957,
      "geometry": {
        "type": "Point",
        "coordinates": [
          76.9492706,
          11.0128764
        ]
      },
      "properties": {
        "id": 7257183957,
        "name": "Gateway Clinic",
        "facility_type": "hospital",
        "category": "Healthcare",
        "capacity": 557,
        "district": "Coimbatore",
        "state": "Tamil Nadu",
        "data_source_type": "OpenStreetMap Public Data"
      }
    },
    {
      "type": "Feature",
      "id": 7257183959,
      "geometry": {
        "type": "Point",
        "coordinates": [
          77.008874,
          11.01005
        ]
      },
      "properties": {
        "id": 7257183959,
        "name": "Roselet Medical Centre,Coimbatore",
        "facility_type": "hospital",
        "category": "Healthcare",
        "capacity": 559,
        "district": "Coimbatore",
        "state": "Tamil Nadu",
        "data_source_type": "OpenStreetMap Public Data"
      }
    },
    {
      "type": "Feature",
      "id": 7257183960,
      "geometry": {
        "type": "Point",
        "coordinates": [
          76.95416,
          10.99135
        ]
      },
      "properties": {
        "id": 7257183960,
        "name": "Karthic Nursing Home",
        "facility_type": "hospital",
        "category": "Healthcare",
        "capacity": 560,
        "district": "Coimbatore",
        "state": "Tamil Nadu",
        "data_source_type": "OpenStreetMap Public Data"
      }
    },
    {
      "type": "Feature",
      "id": 7257183964,
      "geometry": {
        "type": "Point",
        "coordinates": [
          76.939724,
          11.0254441
        ]
      },
      "properties": {
        "id": 7257183964,
        "name": "Sabari Hospital, Coimbatore",
        "facility_type": "hospital",
        "category": "Healthcare",
        "capacity": 564,
        "district": "Coimbatore",
        "state": "Tamil Nadu",
        "data_source_type": "OpenStreetMap Public Data"
      }
    },
    {
      "type": "Feature",
      "id": 7257183965,
      "geometry": {
        "type": "Point",
        "coordinates": [
          76.987019,
          10.95665
        ]
      },
      "properties": {
        "id": 7257183965,
        "name": "Raksha Medical Centre",
        "facility_type": "hospital",
        "category": "Healthcare",
        "capacity": 565,
        "district": "Coimbatore",
        "state": "Tamil Nadu",
        "data_source_type": "OpenStreetMap Public Data"
      }
    },
    {
      "type": "Feature",
      "id": 7257183966,
      "geometry": {
        "type": "Point",
        "coordinates": [
          76.9452484,
          11.0067511
        ]
      },
      "properties": {
        "id": 7257183966,
        "name": "Dr.Manoharan Hospital, Thadagam, Coimbatore",
        "facility_type": "hospital",
        "category": "Healthcare",
        "capacity": 566,
        "district": "Coimbatore",
        "state": "Tamil Nadu",
        "data_source_type": "OpenStreetMap Public Data"
      }
    },
    {
      "type": "Feature",
      "id": 7257183971,
      "geometry": {
        "type": "Point",
        "coordinates": [
          76.9601579,
          11.0225148
        ]
      },
      "properties": {
        "id": 7257183971,
        "name": "Sengottaiah Hospital, Coimbatore",
        "facility_type": "hospital",
        "category": "Healthcare",
        "capacity": 571,
        "district": "Coimbatore",
        "state": "Tamil Nadu",
        "data_source_type": "OpenStreetMap Public Data"
      }
    },
    {
      "type": "Feature",
      "id": 7257183972,
      "geometry": {
        "type": "Point",
        "coordinates": [
          76.9562562,
          10.9641042
        ]
      },
      "properties": {
        "id": 7257183972,
        "name": "Sangeetha Hospital, Kuniyamuthur",
        "facility_type": "hospital",
        "category": "Healthcare",
        "capacity": 572,
        "district": "Coimbatore",
        "state": "Tamil Nadu",
        "data_source_type": "OpenStreetMap Public Data"
      }
    },
    {
      "type": "Feature",
      "id": 7257183974,
      "geometry": {
        "type": "Point",
        "coordinates": [
          76.948495,
          10.99941
        ]
      },
      "properties": {
        "id": 7257183974,
        "name": "Seetharam Hospital, Coimbatore",
        "facility_type": "hospital",
        "category": "Healthcare",
        "capacity": 574,
        "district": "Coimbatore",
        "state": "Tamil Nadu",
        "data_source_type": "OpenStreetMap Public Data"
      }
    },
    {
      "type": "Feature",
      "id": 7257183976,
      "geometry": {
        "type": "Point",
        "coordinates": [
          76.9649585,
          11.0208486
        ]
      },
      "properties": {
        "id": 7257183976,
        "name": "Preethi Medical Centre",
        "facility_type": "hospital",
        "category": "Healthcare",
        "capacity": 576,
        "district": "Coimbatore",
        "state": "Tamil Nadu",
        "data_source_type": "OpenStreetMap Public Data"
      }
    },
    {
      "type": "Feature",
      "id": 7257183978,
      "geometry": {
        "type": "Point",
        "coordinates": [
          76.9779193,
          11.0154329
        ]
      },
      "properties": {
        "id": 7257183978,
        "name": "Ishaiah Hospital, Coimbatore",
        "facility_type": "hospital",
        "category": "Healthcare",
        "capacity": 578,
        "district": "Coimbatore",
        "state": "Tamil Nadu",
        "data_source_type": "OpenStreetMap Public Data"
      }
    },
    {
      "type": "Feature",
      "id": 7257183983,
      "geometry": {
        "type": "Point",
        "coordinates": [
          76.976787,
          10.99147
        ]
      },
      "properties": {
        "id": 7257183983,
        "name": "Manu Hospital- Coimbatore",
        "facility_type": "hospital",
        "category": "Healthcare",
        "capacity": 583,
        "district": "Coimbatore",
        "state": "Tamil Nadu",
        "data_source_type": "OpenStreetMap Public Data"
      }
    },
    {
      "type": "Feature",
      "id": 7257183988,
      "geometry": {
        "type": "Point",
        "coordinates": [
          77.071368,
          11.0069868
        ]
      },
      "properties": {
        "id": 7257183988,
        "name": "Saraswathi Hospital",
        "facility_type": "hospital",
        "category": "Healthcare",
        "capacity": 588,
        "district": "Coimbatore",
        "state": "Tamil Nadu",
        "data_source_type": "OpenStreetMap Public Data"
      }
    },
    {
      "type": "Feature",
      "id": 7257183990,
      "geometry": {
        "type": "Point",
        "coordinates": [
          76.902176,
          11.02567
        ]
      },
      "properties": {
        "id": 7257183990,
        "name": "Akshaya Maternity Center",
        "facility_type": "hospital",
        "category": "Healthcare",
        "capacity": 590,
        "district": "Coimbatore",
        "state": "Tamil Nadu",
        "data_source_type": "OpenStreetMap Public Data"
      }
    },
    {
      "type": "Feature",
      "id": 7257183994,
      "geometry": {
        "type": "Point",
        "coordinates": [
          76.9527967,
          11.0060689
        ]
      },
      "properties": {
        "id": 7257183994,
        "name": "Muniyappa Hospital, Coimbatore",
        "facility_type": "hospital",
        "category": "Healthcare",
        "capacity": 594,
        "district": "Coimbatore",
        "state": "Tamil Nadu",
        "data_source_type": "OpenStreetMap Public Data"
      }
    },
    {
      "type": "Feature",
      "id": 7257183995,
      "geometry": {
        "type": "Point",
        "coordinates": [
          76.9503459,
          11.0044176
        ]
      },
      "properties": {
        "id": 7257183995,
        "name": "Rajalakshmi Hospital, Coimbatore",
        "facility_type": "hospital",
        "category": "Healthcare",
        "capacity": 595,
        "district": "Coimbatore",
        "state": "Tamil Nadu",
        "data_source_type": "OpenStreetMap Public Data"
      }
    },
    {
      "type": "Feature",
      "id": 7257183997,
      "geometry": {
        "type": "Point",
        "coordinates": [
          76.9136781,
          11.0231222
        ]
      },
      "properties": {
        "id": 7257183997,
        "name": "Sivashantha Mother & Child Health Centre",
        "facility_type": "hospital",
        "category": "Healthcare",
        "capacity": 597,
        "district": "Coimbatore",
        "state": "Tamil Nadu",
        "data_source_type": "OpenStreetMap Public Data"
      }
    },
    {
      "type": "Feature",
      "id": 7257184001,
      "geometry": {
        "type": "Point",
        "coordinates": [
          76.9511992,
          10.9995252
        ]
      },
      "properties": {
        "id": 7257184001,
        "name": "Guru Kirupa Hospital, Pn Palayam, Coimbatore",
        "facility_type": "hospital",
        "category": "Healthcare",
        "capacity": 101,
        "district": "Coimbatore",
        "state": "Tamil Nadu",
        "data_source_type": "OpenStreetMap Public Data"
      }
    },
    {
      "type": "Feature",
      "id": 7257184003,
      "geometry": {
        "type": "Point",
        "coordinates": [
          77.0009615,
          10.9980405
        ]
      },
      "properties": {
        "id": 7257184003,
        "name": "Sathyan Eye Care Hospital & Coimbatore Glaucoma Foundation",
        "facility_type": "hospital",
        "category": "Healthcare",
        "capacity": 103,
        "district": "Coimbatore",
        "state": "Tamil Nadu",
        "data_source_type": "OpenStreetMap Public Data"
      }
    },
    {
      "type": "Feature",
      "id": 7257184008,
      "geometry": {
        "type": "Point",
        "coordinates": [
          76.98594,
          10.9626641
        ]
      },
      "properties": {
        "id": 7257184008,
        "name": "St. Mary's Hospital",
        "facility_type": "hospital",
        "category": "Healthcare",
        "capacity": 108,
        "district": "Coimbatore",
        "state": "Tamil Nadu",
        "data_source_type": "OpenStreetMap Public Data"
      }
    },
    {
      "type": "Feature",
      "id": 7257184011,
      "geometry": {
        "type": "Point",
        "coordinates": [
          76.8421063,
          10.9917607
        ]
      },
      "properties": {
        "id": 7257184011,
        "name": "Thondamuthur, Government Hospital",
        "facility_type": "hospital",
        "category": "Healthcare",
        "capacity": 111,
        "district": "Coimbatore",
        "state": "Tamil Nadu",
        "data_source_type": "OpenStreetMap Public Data"
      }
    },
    {
      "type": "Feature",
      "id": 7257184012,
      "geometry": {
        "type": "Point",
        "coordinates": [
          76.9400963,
          10.9882483
        ]
      },
      "properties": {
        "id": 7257184012,
        "name": "Revathi Hospital, Selvapuram",
        "facility_type": "hospital",
        "category": "Healthcare",
        "capacity": 112,
        "district": "Coimbatore",
        "state": "Tamil Nadu",
        "data_source_type": "OpenStreetMap Public Data"
      }
    },
    {
      "type": "Feature",
      "id": 7257184015,
      "geometry": {
        "type": "Point",
        "coordinates": [
          76.8654305,
          11.0070282
        ]
      },
      "properties": {
        "id": 7257184015,
        "name": "ANP Nursing Home",
        "facility_type": "hospital",
        "category": "Healthcare",
        "capacity": 115,
        "district": "Coimbatore",
        "state": "Tamil Nadu",
        "data_source_type": "OpenStreetMap Public Data"
      }
    },
    {
      "type": "Feature",
      "id": 7257184018,
      "geometry": {
        "type": "Point",
        "coordinates": [
          76.9943296,
          11.0248525
        ]
      },
      "properties": {
        "id": 7257184018,
        "name": "Nehru Urology Centre",
        "facility_type": "hospital",
        "category": "Healthcare",
        "capacity": 118,
        "district": "Coimbatore",
        "state": "Tamil Nadu",
        "data_source_type": "OpenStreetMap Public Data"
      }
    },
    {
      "type": "Feature",
      "id": 7257184021,
      "geometry": {
        "type": "Point",
        "coordinates": [
          76.988996,
          11.00282
        ]
      },
      "properties": {
        "id": 7257184021,
        "name": "Om Sakthi Hospital, Coimbatore",
        "facility_type": "hospital",
        "category": "Healthcare",
        "capacity": 121,
        "district": "Coimbatore",
        "state": "Tamil Nadu",
        "data_source_type": "OpenStreetMap Public Data"
      }
    },
    {
      "type": "Feature",
      "id": 7257184024,
      "geometry": {
        "type": "Point",
        "coordinates": [
          76.9954568,
          10.9967187
        ]
      },
      "properties": {
        "id": 7257184024,
        "name": "Sri Bala Medical Centre Hospital",
        "facility_type": "hospital",
        "category": "Healthcare",
        "capacity": 124,
        "district": "Coimbatore",
        "state": "Tamil Nadu",
        "data_source_type": "OpenStreetMap Public Data"
      }
    },
    {
      "type": "Feature",
      "id": 7257184026,
      "geometry": {
        "type": "Point",
        "coordinates": [
          76.9746602,
          10.9950877
        ]
      },
      "properties": {
        "id": 7257184026,
        "name": "Santhiya Hospital",
        "facility_type": "hospital",
        "category": "Healthcare",
        "capacity": 126,
        "district": "Coimbatore",
        "state": "Tamil Nadu",
        "data_source_type": "OpenStreetMap Public Data"
      }
    },
    {
      "type": "Feature",
      "id": 7257184029,
      "geometry": {
        "type": "Point",
        "coordinates": [
          76.951744,
          10.99386
        ]
      },
      "properties": {
        "id": 7257184029,
        "name": "Annai Nursing Home",
        "facility_type": "hospital",
        "category": "Healthcare",
        "capacity": 129,
        "district": "Coimbatore",
        "state": "Tamil Nadu",
        "data_source_type": "OpenStreetMap Public Data"
      }
    },
    {
      "type": "Feature",
      "id": 7257346766,
      "geometry": {
        "type": "Point",
        "coordinates": [
          76.9652218,
          11.2377363
        ]
      },
      "properties": {
        "id": 7257346766,
        "name": "Sowmiya Hospital",
        "facility_type": "hospital",
        "category": "Healthcare",
        "capacity": 366,
        "district": "Coimbatore",
        "state": "Tamil Nadu",
        "data_source_type": "OpenStreetMap Public Data"
      }
    },
    {
      "type": "Feature",
      "id": 7257346796,
      "geometry": {
        "type": "Point",
        "coordinates": [
          76.962781,
          11.23934
        ]
      },
      "properties": {
        "id": 7257346796,
        "name": "KR Hospital, Karamadai",
        "facility_type": "hospital",
        "category": "Healthcare",
        "capacity": 396,
        "district": "Coimbatore",
        "state": "Tamil Nadu",
        "data_source_type": "OpenStreetMap Public Data"
      }
    },
    {
      "type": "Feature",
      "id": 7257348866,
      "geometry": {
        "type": "Point",
        "coordinates": [
          77.102249,
          11.2325
        ]
      },
      "properties": {
        "id": 7257348866,
        "name": "Government Hospital, Annur",
        "facility_type": "hospital",
        "category": "Healthcare",
        "capacity": 466,
        "district": "Coimbatore",
        "state": "Tamil Nadu",
        "data_source_type": "OpenStreetMap Public Data"
      }
    },
    {
      "type": "Feature",
      "id": 7257348867,
      "geometry": {
        "type": "Point",
        "coordinates": [
          76.946818,
          11.16107
        ]
      },
      "properties": {
        "id": 7257348867,
        "name": "Dj Jothipuram, Coimbatore",
        "facility_type": "hospital",
        "category": "Healthcare",
        "capacity": 467,
        "district": "Coimbatore",
        "state": "Tamil Nadu",
        "data_source_type": "OpenStreetMap Public Data"
      }
    },
    {
      "type": "Feature",
      "id": 7257348893,
      "geometry": {
        "type": "Point",
        "coordinates": [
          77.10187,
          11.23271
        ]
      },
      "properties": {
        "id": 7257348893,
        "name": "NM Hospital",
        "facility_type": "hospital",
        "category": "Healthcare",
        "capacity": 493,
        "district": "Coimbatore",
        "state": "Tamil Nadu",
        "data_source_type": "OpenStreetMap Public Data"
      }
    },
    {
      "type": "Feature",
      "id": 7257348895,
      "geometry": {
        "type": "Point",
        "coordinates": [
          77.1016701,
          11.232428
        ]
      },
      "properties": {
        "id": 7257348895,
        "name": "Shanthi Medical Foundation",
        "facility_type": "hospital",
        "category": "Healthcare",
        "capacity": 495,
        "district": "Coimbatore",
        "state": "Tamil Nadu",
        "data_source_type": "OpenStreetMap Public Data"
      }
    },
    {
      "type": "Feature",
      "id": 7257348898,
      "geometry": {
        "type": "Point",
        "coordinates": [
          76.9536715,
          11.168874
        ]
      },
      "properties": {
        "id": 7257348898,
        "name": "Nivarithi Hospital",
        "facility_type": "hospital",
        "category": "Healthcare",
        "capacity": 498,
        "district": "Coimbatore",
        "state": "Tamil Nadu",
        "data_source_type": "OpenStreetMap Public Data"
      }
    },
    {
      "type": "Feature",
      "id": 7257348933,
      "geometry": {
        "type": "Point",
        "coordinates": [
          77.100705,
          11.23188
        ]
      },
      "properties": {
        "id": 7257348933,
        "name": "R.G. Hospital",
        "facility_type": "hospital",
        "category": "Healthcare",
        "capacity": 533,
        "district": "Coimbatore",
        "state": "Tamil Nadu",
        "data_source_type": "OpenStreetMap Public Data"
      }
    },
    {
      "type": "Feature",
      "id": 7257348938,
      "geometry": {
        "type": "Point",
        "coordinates": [
          76.9465875,
          11.1520934
        ]
      },
      "properties": {
        "id": 7257348938,
        "name": "Government Hospital, Perianaickenpalaym",
        "facility_type": "hospital",
        "category": "Healthcare",
        "capacity": 538,
        "district": "Coimbatore",
        "state": "Tamil Nadu",
        "data_source_type": "OpenStreetMap Public Data"
      }
    },
    {
      "type": "Feature",
      "id": 7343511629,
      "geometry": {
        "type": "Point",
        "coordinates": [
          76.9381035,
          11.0253792
        ]
      },
      "properties": {
        "id": 7343511629,
        "name": "Devi Hospital",
        "facility_type": "hospital",
        "category": "Healthcare",
        "capacity": 229,
        "district": "Coimbatore",
        "state": "Tamil Nadu",
        "data_source_type": "OpenStreetMap Public Data"
      }
    },
    {
      "type": "Feature",
      "id": 7343511792,
      "geometry": {
        "type": "Point",
        "coordinates": [
          76.936755,
          11.025291
        ]
      },
      "properties": {
        "id": 7343511792,
        "name": "Aanjaneya Pazhamudir Nilayam",
        "facility_type": "shop",
        "category": "Commercial POI",
        "capacity": 392,
        "district": "Coimbatore",
        "state": "Tamil Nadu",
        "data_source_type": "OpenStreetMap Public Data"
      }
    },
    {
      "type": "Feature",
      "id": 7374844219,
      "geometry": {
        "type": "Point",
        "coordinates": [
          76.8097022,
          10.8193922
        ]
      },
      "properties": {
        "id": 7374844219,
        "name": "KSEB Office Canal Pirivu Walayar",
        "facility_type": "office",
        "category": "Company",
        "capacity": 319,
        "district": "Coimbatore",
        "state": "Tamil Nadu",
        "data_source_type": "OpenStreetMap Public Data"
      }
    },
    {
      "type": "Feature",
      "id": 7374856189,
      "geometry": {
        "type": "Point",
        "coordinates": [
          76.8040172,
          10.8206785
        ]
      },
      "properties": {
        "id": 7374856189,
        "name": "Chullimada Railway station",
        "facility_type": "office",
        "category": "Company",
        "capacity": 289,
        "district": "Coimbatore",
        "state": "Tamil Nadu",
        "data_source_type": "OpenStreetMap Public Data"
      }
    },
    {
      "type": "Feature",
      "id": 7495802577,
      "geometry": {
        "type": "Point",
        "coordinates": [
          77.0149123,
          11.0581416
        ]
      },
      "properties": {
        "id": 7495802577,
        "name": "nile supermarket",
        "facility_type": "shop",
        "category": "Commercial POI",
        "capacity": 177,
        "district": "Coimbatore",
        "state": "Tamil Nadu",
        "data_source_type": "OpenStreetMap Public Data"
      }
    },
    {
      "type": "Feature",
      "id": 7621881239,
      "geometry": {
        "type": "Point",
        "coordinates": [
          76.9247249,
          11.0665259
        ]
      },
      "properties": {
        "id": 7621881239,
        "name": "Adhira International School",
        "facility_type": "school",
        "category": "Education",
        "capacity": 339,
        "district": "Coimbatore",
        "state": "Tamil Nadu",
        "data_source_type": "OpenStreetMap Public Data"
      }
    },
    {
      "type": "Feature",
      "id": 7656622068,
      "geometry": {
        "type": "Point",
        "coordinates": [
          76.8904962,
          11.2238336
        ]
      },
      "properties": {
        "id": 7656622068,
        "name": "sk broilers",
        "facility_type": "shop",
        "category": "Commercial POI",
        "capacity": 168,
        "district": "Coimbatore",
        "state": "Tamil Nadu",
        "data_source_type": "OpenStreetMap Public Data"
      }
    },
    {
      "type": "Feature",
      "id": 7682848085,
      "geometry": {
        "type": "Point",
        "coordinates": [
          77.0236848,
          11.0157398
        ]
      },
      "properties": {
        "id": 7682848085,
        "name": "Khadar Bhavan",
        "facility_type": "shop",
        "category": "Commercial POI",
        "capacity": 185,
        "district": "Coimbatore",
        "state": "Tamil Nadu",
        "data_source_type": "OpenStreetMap Public Data"
      }
    },
    {
      "type": "Feature",
      "id": 7691253753,
      "geometry": {
        "type": "Point",
        "coordinates": [
          76.8475853,
          10.83812
        ]
      },
      "properties": {
        "id": 7691253753,
        "name": "State Forest Training Institute",
        "facility_type": "office",
        "category": "Company",
        "capacity": 353,
        "district": "Coimbatore",
        "state": "Tamil Nadu",
        "data_source_type": "OpenStreetMap Public Data"
      }
    },
    {
      "type": "Feature",
      "id": 7691253755,
      "geometry": {
        "type": "Point",
        "coordinates": [
          76.8496454,
          10.8588222
        ]
      },
      "properties": {
        "id": 7691253755,
        "name": "SAN Academy Of Architecture (SANAA)",
        "facility_type": "office",
        "category": "Company",
        "capacity": 355,
        "district": "Coimbatore",
        "state": "Tamil Nadu",
        "data_source_type": "OpenStreetMap Public Data"
      }
    },
    {
      "type": "Feature",
      "id": 7691253756,
      "geometry": {
        "type": "Point",
        "coordinates": [
          76.850225,
          10.85937
        ]
      },
      "properties": {
        "id": 7691253756,
        "name": "SAN International Business School",
        "facility_type": "office",
        "category": "Company",
        "capacity": 356,
        "district": "Coimbatore",
        "state": "Tamil Nadu",
        "data_source_type": "OpenStreetMap Public Data"
      }
    },
    {
      "type": "Feature",
      "id": 7726009200,
      "geometry": {
        "type": "Point",
        "coordinates": [
          76.8348905,
          10.7395886
        ]
      },
      "properties": {
        "id": 7726009200,
        "name": "Dr.Ramakrishna's Homoeo Clinic",
        "facility_type": "hospital",
        "category": "Healthcare",
        "capacity": 300,
        "district": "Coimbatore",
        "state": "Tamil Nadu",
        "data_source_type": "OpenStreetMap Public Data"
      }
    },
    {
      "type": "Feature",
      "id": 7726009209,
      "geometry": {
        "type": "Point",
        "coordinates": [
          76.8368051,
          10.803355
        ]
      },
      "properties": {
        "id": 7726009209,
        "name": "Mary's Clinic",
        "facility_type": "hospital",
        "category": "Healthcare",
        "capacity": 309,
        "district": "Coimbatore",
        "state": "Tamil Nadu",
        "data_source_type": "OpenStreetMap Public Data"
      }
    },
    {
      "type": "Feature",
      "id": 7726009220,
      "geometry": {
        "type": "Point",
        "coordinates": [
          76.839274,
          10.8342905
        ]
      },
      "properties": {
        "id": 7726009220,
        "name": "Dr. Manikavasagam Clinic",
        "facility_type": "hospital",
        "category": "Healthcare",
        "capacity": 320,
        "district": "Coimbatore",
        "state": "Tamil Nadu",
        "data_source_type": "OpenStreetMap Public Data"
      }
    },
    {
      "type": "Feature",
      "id": 7726414486,
      "geometry": {
        "type": "Point",
        "coordinates": [
          77.0228879,
          11.0190925
        ]
      },
      "properties": {
        "id": 7726414486,
        "name": "Nithyapriya Clinic",
        "facility_type": "hospital",
        "category": "Healthcare",
        "capacity": 586,
        "district": "Coimbatore",
        "state": "Tamil Nadu",
        "data_source_type": "OpenStreetMap Public Data"
      }
    },
    {
      "type": "Feature",
      "id": 7726430885,
      "geometry": {
        "type": "Point",
        "coordinates": [
          76.9032976,
          11.0280456
        ]
      },
      "properties": {
        "id": 7726430885,
        "name": "Lakshmi Auto & Cycle Spares & Repair Shop",
        "facility_type": "shop",
        "category": "Commercial POI",
        "capacity": 485,
        "district": "Coimbatore",
        "state": "Tamil Nadu",
        "data_source_type": "OpenStreetMap Public Data"
      }
    },
    {
      "type": "Feature",
      "id": 7746289485,
      "geometry": {
        "type": "Point",
        "coordinates": [
          77.0187147,
          11.0052233
        ]
      },
      "properties": {
        "id": 7746289485,
        "name": "Badrakaliamman Kovil",
        "facility_type": "temple",
        "category": "Religious POI",
        "capacity": 585,
        "district": "Coimbatore",
        "state": "Tamil Nadu",
        "data_source_type": "OpenStreetMap Public Data"
      }
    },
    {
      "type": "Feature",
      "id": 7810176008,
      "geometry": {
        "type": "Point",
        "coordinates": [
          76.8191428,
          10.7390731
        ]
      },
      "properties": {
        "id": 7810176008,
        "name": "Government Lower Primary School, Nattukkal",
        "facility_type": "school",
        "category": "Education",
        "capacity": 108,
        "district": "Coimbatore",
        "state": "Tamil Nadu",
        "data_source_type": "OpenStreetMap Public Data"
      }
    },
    {
      "type": "Feature",
      "id": 7811538993,
      "geometry": {
        "type": "Point",
        "coordinates": [
          76.8754997,
          10.7304462
        ]
      },
      "properties": {
        "id": 7811538993,
        "name": "Government Upper Primary School RV Pudur",
        "facility_type": "school",
        "category": "Education",
        "capacity": 593,
        "district": "Coimbatore",
        "state": "Tamil Nadu",
        "data_source_type": "OpenStreetMap Public Data"
      }
    },
    {
      "type": "Feature",
      "id": 7831383485,
      "geometry": {
        "type": "Point",
        "coordinates": [
          76.9581433,
          11.0110299
        ]
      },
      "properties": {
        "id": 7831383485,
        "name": "Mani Automobiles",
        "facility_type": "shop",
        "category": "Commercial POI",
        "capacity": 585,
        "district": "Coimbatore",
        "state": "Tamil Nadu",
        "data_source_type": "OpenStreetMap Public Data"
      }
    },
    {
      "type": "Feature",
      "id": 7838522358,
      "geometry": {
        "type": "Point",
        "coordinates": [
          76.8995819,
          11.2419852
        ]
      },
      "properties": {
        "id": 7838522358,
        "name": "POI 1065",
        "facility_type": "temple",
        "category": "Religious POI",
        "capacity": 458,
        "district": "Coimbatore",
        "state": "Tamil Nadu",
        "data_source_type": "OpenStreetMap Public Data"
      }
    },
    {
      "type": "Feature",
      "id": 7838522359,
      "geometry": {
        "type": "Point",
        "coordinates": [
          76.9003129,
          11.2424927
        ]
      },
      "properties": {
        "id": 7838522359,
        "name": "POI 1066",
        "facility_type": "temple",
        "category": "Religious POI",
        "capacity": 459,
        "district": "Coimbatore",
        "state": "Tamil Nadu",
        "data_source_type": "OpenStreetMap Public Data"
      }
    },
    {
      "type": "Feature",
      "id": 7838522360,
      "geometry": {
        "type": "Point",
        "coordinates": [
          76.9003065,
          11.2425305
        ]
      },
      "properties": {
        "id": 7838522360,
        "name": "POI 1067",
        "facility_type": "temple",
        "category": "Religious POI",
        "capacity": 460,
        "district": "Coimbatore",
        "state": "Tamil Nadu",
        "data_source_type": "OpenStreetMap Public Data"
      }
    },
    {
      "type": "Feature",
      "id": 7838522361,
      "geometry": {
        "type": "Point",
        "coordinates": [
          76.9003011,
          11.2425828
        ]
      },
      "properties": {
        "id": 7838522361,
        "name": "POI 1068",
        "facility_type": "temple",
        "category": "Religious POI",
        "capacity": 461,
        "district": "Coimbatore",
        "state": "Tamil Nadu",
        "data_source_type": "OpenStreetMap Public Data"
      }
    },
    {
      "type": "Feature",
      "id": 7838522362,
      "geometry": {
        "type": "Point",
        "coordinates": [
          76.9002055,
          11.2429934
        ]
      },
      "properties": {
        "id": 7838522362,
        "name": "POI 1069",
        "facility_type": "temple",
        "category": "Religious POI",
        "capacity": 462,
        "district": "Coimbatore",
        "state": "Tamil Nadu",
        "data_source_type": "OpenStreetMap Public Data"
      }
    },
    {
      "type": "Feature",
      "id": 7844009703,
      "geometry": {
        "type": "Point",
        "coordinates": [
          76.9228367,
          11.0387262
        ]
      },
      "properties": {
        "id": 7844009703,
        "name": "Sumith Hospital",
        "facility_type": "hospital",
        "category": "Healthcare",
        "capacity": 303,
        "district": "Coimbatore",
        "state": "Tamil Nadu",
        "data_source_type": "OpenStreetMap Public Data"
      }
    },
    {
      "type": "Feature",
      "id": 7844009706,
      "geometry": {
        "type": "Point",
        "coordinates": [
          76.926209,
          11.038389
        ]
      },
      "properties": {
        "id": 7844009706,
        "name": "Ranjith Dental Hospital",
        "facility_type": "hospital",
        "category": "Healthcare",
        "capacity": 306,
        "district": "Coimbatore",
        "state": "Tamil Nadu",
        "data_source_type": "OpenStreetMap Public Data"
      }
    },
    {
      "type": "Feature",
      "id": 7844009707,
      "geometry": {
        "type": "Point",
        "coordinates": [
          76.9437321,
          11.0247015
        ]
      },
      "properties": {
        "id": 7844009707,
        "name": "Muruganatham Clinic",
        "facility_type": "hospital",
        "category": "Healthcare",
        "capacity": 307,
        "district": "Coimbatore",
        "state": "Tamil Nadu",
        "data_source_type": "OpenStreetMap Public Data"
      }
    },
    {
      "type": "Feature",
      "id": 7844009710,
      "geometry": {
        "type": "Point",
        "coordinates": [
          76.9439008,
          11.025042
        ]
      },
      "properties": {
        "id": 7844009710,
        "name": "Rukmani Ammal Hospital",
        "facility_type": "hospital",
        "category": "Healthcare",
        "capacity": 310,
        "district": "Coimbatore",
        "state": "Tamil Nadu",
        "data_source_type": "OpenStreetMap Public Data"
      }
    },
    {
      "type": "Feature",
      "id": 7844009711,
      "geometry": {
        "type": "Point",
        "coordinates": [
          76.948798,
          11.026568
        ]
      },
      "properties": {
        "id": 7844009711,
        "name": "Onecare Ortho Hospital",
        "facility_type": "hospital",
        "category": "Healthcare",
        "capacity": 311,
        "district": "Coimbatore",
        "state": "Tamil Nadu",
        "data_source_type": "OpenStreetMap Public Data"
      }
    },
    {
      "type": "Feature",
      "id": 7844009713,
      "geometry": {
        "type": "Point",
        "coordinates": [
          76.9391123,
          11.0283152
        ]
      },
      "properties": {
        "id": 7844009713,
        "name": "Harshika's Homoeo Clinic",
        "facility_type": "hospital",
        "category": "Healthcare",
        "capacity": 313,
        "district": "Coimbatore",
        "state": "Tamil Nadu",
        "data_source_type": "OpenStreetMap Public Data"
      }
    },
    {
      "type": "Feature",
      "id": 7844009718,
      "geometry": {
        "type": "Point",
        "coordinates": [
          76.9428333,
          11.0271382
        ]
      },
      "properties": {
        "id": 7844009718,
        "name": "Sri Saastha Physiotherapy Centre",
        "facility_type": "hospital",
        "category": "Healthcare",
        "capacity": 318,
        "district": "Coimbatore",
        "state": "Tamil Nadu",
        "data_source_type": "OpenStreetMap Public Data"
      }
    },
    {
      "type": "Feature",
      "id": 7844009721,
      "geometry": {
        "type": "Point",
        "coordinates": [
          76.9423976,
          11.0263447
        ]
      },
      "properties": {
        "id": 7844009721,
        "name": "Raaj Dental Hospital",
        "facility_type": "hospital",
        "category": "Healthcare",
        "capacity": 321,
        "district": "Coimbatore",
        "state": "Tamil Nadu",
        "data_source_type": "OpenStreetMap Public Data"
      }
    },
    {
      "type": "Feature",
      "id": 7844009722,
      "geometry": {
        "type": "Point",
        "coordinates": [
          76.9481906,
          11.027046
        ]
      },
      "properties": {
        "id": 7844009722,
        "name": "Kannan Clinic",
        "facility_type": "hospital",
        "category": "Healthcare",
        "capacity": 322,
        "district": "Coimbatore",
        "state": "Tamil Nadu",
        "data_source_type": "OpenStreetMap Public Data"
      }
    },
    {
      "type": "Feature",
      "id": 7844009725,
      "geometry": {
        "type": "Point",
        "coordinates": [
          76.9515108,
          11.0255271
        ]
      },
      "properties": {
        "id": 7844009725,
        "name": "Aswin Hospital",
        "facility_type": "hospital",
        "category": "Healthcare",
        "capacity": 325,
        "district": "Coimbatore",
        "state": "Tamil Nadu",
        "data_source_type": "OpenStreetMap Public Data"
      }
    },
    {
      "type": "Feature",
      "id": 7844009727,
      "geometry": {
        "type": "Point",
        "coordinates": [
          76.947927,
          11.0269053
        ]
      },
      "properties": {
        "id": 7844009727,
        "name": "ENT Clinic",
        "facility_type": "hospital",
        "category": "Healthcare",
        "capacity": 327,
        "district": "Coimbatore",
        "state": "Tamil Nadu",
        "data_source_type": "OpenStreetMap Public Data"
      }
    },
    {
      "type": "Feature",
      "id": 7844009729,
      "geometry": {
        "type": "Point",
        "coordinates": [
          76.9231792,
          11.037184
        ]
      },
      "properties": {
        "id": 7844009729,
        "name": "Gireesh Clinic",
        "facility_type": "hospital",
        "category": "Healthcare",
        "capacity": 329,
        "district": "Coimbatore",
        "state": "Tamil Nadu",
        "data_source_type": "OpenStreetMap Public Data"
      }
    },
    {
      "type": "Feature",
      "id": 7844009730,
      "geometry": {
        "type": "Point",
        "coordinates": [
          76.9415948,
          11.0263805
        ]
      },
      "properties": {
        "id": 7844009730,
        "name": "Vetri's Homeo Care",
        "facility_type": "hospital",
        "category": "Healthcare",
        "capacity": 330,
        "district": "Coimbatore",
        "state": "Tamil Nadu",
        "data_source_type": "OpenStreetMap Public Data"
      }
    },
    {
      "type": "Feature",
      "id": 7844009732,
      "geometry": {
        "type": "Point",
        "coordinates": [
          76.9397208,
          11.0300612
        ]
      },
      "properties": {
        "id": 7844009732,
        "name": "Dr. K. Suresh Clinic",
        "facility_type": "hospital",
        "category": "Healthcare",
        "capacity": 332,
        "district": "Coimbatore",
        "state": "Tamil Nadu",
        "data_source_type": "OpenStreetMap Public Data"
      }
    },
    {
      "type": "Feature",
      "id": 7844009740,
      "geometry": {
        "type": "Point",
        "coordinates": [
          76.926025,
          11.038796
        ]
      },
      "properties": {
        "id": 7844009740,
        "name": "Karthik Clinic",
        "facility_type": "hospital",
        "category": "Healthcare",
        "capacity": 340,
        "district": "Coimbatore",
        "state": "Tamil Nadu",
        "data_source_type": "OpenStreetMap Public Data"
      }
    },
    {
      "type": "Feature",
      "id": 7844009741,
      "geometry": {
        "type": "Point",
        "coordinates": [
          76.937116,
          11.0256516
        ]
      },
      "properties": {
        "id": 7844009741,
        "name": "Poornima Clinic",
        "facility_type": "hospital",
        "category": "Healthcare",
        "capacity": 341,
        "district": "Coimbatore",
        "state": "Tamil Nadu",
        "data_source_type": "OpenStreetMap Public Data"
      }
    },
    {
      "type": "Feature",
      "id": 7844009743,
      "geometry": {
        "type": "Point",
        "coordinates": [
          76.9463747,
          11.0255323
        ]
      },
      "properties": {
        "id": 7844009743,
        "name": "Sakthi Fertility Hospital",
        "facility_type": "hospital",
        "category": "Healthcare",
        "capacity": 343,
        "district": "Coimbatore",
        "state": "Tamil Nadu",
        "data_source_type": "OpenStreetMap Public Data"
      }
    },
    {
      "type": "Feature",
      "id": 7844009747,
      "geometry": {
        "type": "Point",
        "coordinates": [
          76.927068,
          11.0369397
        ]
      },
      "properties": {
        "id": 7844009747,
        "name": "Dr. Rajasekar Clinic",
        "facility_type": "hospital",
        "category": "Healthcare",
        "capacity": 347,
        "district": "Coimbatore",
        "state": "Tamil Nadu",
        "data_source_type": "OpenStreetMap Public Data"
      }
    },
    {
      "type": "Feature",
      "id": 7844009748,
      "geometry": {
        "type": "Point",
        "coordinates": [
          76.9435571,
          11.0246928
        ]
      },
      "properties": {
        "id": 7844009748,
        "name": "Masani Hospital",
        "facility_type": "hospital",
        "category": "Healthcare",
        "capacity": 348,
        "district": "Coimbatore",
        "state": "Tamil Nadu",
        "data_source_type": "OpenStreetMap Public Data"
      }
    },
    {
      "type": "Feature",
      "id": 7844009749,
      "geometry": {
        "type": "Point",
        "coordinates": [
          76.945987,
          11.026645
        ]
      },
      "properties": {
        "id": 7844009749,
        "name": "Kandaswamy Sidhq Hospital",
        "facility_type": "hospital",
        "category": "Healthcare",
        "capacity": 349,
        "district": "Coimbatore",
        "state": "Tamil Nadu",
        "data_source_type": "OpenStreetMap Public Data"
      }
    },
    {
      "type": "Feature",
      "id": 7844009753,
      "geometry": {
        "type": "Point",
        "coordinates": [
          76.948803,
          11.026359
        ]
      },
      "properties": {
        "id": 7844009753,
        "name": "Shree Kanna Clinic",
        "facility_type": "hospital",
        "category": "Healthcare",
        "capacity": 353,
        "district": "Coimbatore",
        "state": "Tamil Nadu",
        "data_source_type": "OpenStreetMap Public Data"
      }
    },
    {
      "type": "Feature",
      "id": 7844009754,
      "geometry": {
        "type": "Point",
        "coordinates": [
          76.92291,
          11.045772
        ]
      },
      "properties": {
        "id": 7844009754,
        "name": "P S G Cules Hospital",
        "facility_type": "hospital",
        "category": "Healthcare",
        "capacity": 354,
        "district": "Coimbatore",
        "state": "Tamil Nadu",
        "data_source_type": "OpenStreetMap Public Data"
      }
    },
    {
      "type": "Feature",
      "id": 7844009755,
      "geometry": {
        "type": "Point",
        "coordinates": [
          76.9496102,
          11.0271033
        ]
      },
      "properties": {
        "id": 7844009755,
        "name": "Akshaya Clinic",
        "facility_type": "hospital",
        "category": "Healthcare",
        "capacity": 355,
        "district": "Coimbatore",
        "state": "Tamil Nadu",
        "data_source_type": "OpenStreetMap Public Data"
      }
    },
    {
      "type": "Feature",
      "id": 7844009759,
      "geometry": {
        "type": "Point",
        "coordinates": [
          76.9404132,
          11.0313641
        ]
      },
      "properties": {
        "id": 7844009759,
        "name": "Dr. Sumathi Chandrasekaran Clinic",
        "facility_type": "hospital",
        "category": "Healthcare",
        "capacity": 359,
        "district": "Coimbatore",
        "state": "Tamil Nadu",
        "data_source_type": "OpenStreetMap Public Data"
      }
    },
    {
      "type": "Feature",
      "id": 7844009763,
      "geometry": {
        "type": "Point",
        "coordinates": [
          76.9416551,
          11.0270905
        ]
      },
      "properties": {
        "id": 7844009763,
        "name": "Paavai ENT Hospital",
        "facility_type": "hospital",
        "category": "Healthcare",
        "capacity": 363,
        "district": "Coimbatore",
        "state": "Tamil Nadu",
        "data_source_type": "OpenStreetMap Public Data"
      }
    },
    {
      "type": "Feature",
      "id": 7844058258,
      "geometry": {
        "type": "Point",
        "coordinates": [
          77.0192485,
          11.013248
        ]
      },
      "properties": {
        "id": 7844058258,
        "name": "Srinivas Hospital",
        "facility_type": "hospital",
        "category": "Healthcare",
        "capacity": 358,
        "district": "Coimbatore",
        "state": "Tamil Nadu",
        "data_source_type": "OpenStreetMap Public Data"
      }
    },
    {
      "type": "Feature",
      "id": 7844058260,
      "geometry": {
        "type": "Point",
        "coordinates": [
          77.0216931,
          11.0150335
        ]
      },
      "properties": {
        "id": 7844058260,
        "name": "Kavya Ortho Centre",
        "facility_type": "hospital",
        "category": "Healthcare",
        "capacity": 360,
        "district": "Coimbatore",
        "state": "Tamil Nadu",
        "data_source_type": "OpenStreetMap Public Data"
      }
    },
    {
      "type": "Feature",
      "id": 7844058266,
      "geometry": {
        "type": "Point",
        "coordinates": [
          77.019663,
          11.013613
        ]
      },
      "properties": {
        "id": 7844058266,
        "name": "SM Clinic",
        "facility_type": "hospital",
        "category": "Healthcare",
        "capacity": 366,
        "district": "Coimbatore",
        "state": "Tamil Nadu",
        "data_source_type": "OpenStreetMap Public Data"
      }
    },
    {
      "type": "Feature",
      "id": 7844058270,
      "geometry": {
        "type": "Point",
        "coordinates": [
          77.0202551,
          11.0160902
        ]
      },
      "properties": {
        "id": 7844058270,
        "name": "Chycartist Hospital",
        "facility_type": "hospital",
        "category": "Healthcare",
        "capacity": 370,
        "district": "Coimbatore",
        "state": "Tamil Nadu",
        "data_source_type": "OpenStreetMap Public Data"
      }
    },
    {
      "type": "Feature",
      "id": 7844058283,
      "geometry": {
        "type": "Point",
        "coordinates": [
          77.023391,
          11.0143629
        ]
      },
      "properties": {
        "id": 7844058283,
        "name": "Thiru Physiotherapy Clinic",
        "facility_type": "hospital",
        "category": "Healthcare",
        "capacity": 383,
        "district": "Coimbatore",
        "state": "Tamil Nadu",
        "data_source_type": "OpenStreetMap Public Data"
      }
    },
    {
      "type": "Feature",
      "id": 7844058295,
      "geometry": {
        "type": "Point",
        "coordinates": [
          77.0306011,
          11.0006287
        ]
      },
      "properties": {
        "id": 7844058295,
        "name": "Nalam Child Care",
        "facility_type": "hospital",
        "category": "Healthcare",
        "capacity": 395,
        "district": "Coimbatore",
        "state": "Tamil Nadu",
        "data_source_type": "OpenStreetMap Public Data"
      }
    },
    {
      "type": "Feature",
      "id": 7844058296,
      "geometry": {
        "type": "Point",
        "coordinates": [
          77.0273766,
          11.006978
        ]
      },
      "properties": {
        "id": 7844058296,
        "name": "Lekha Clinic",
        "facility_type": "hospital",
        "category": "Healthcare",
        "capacity": 396,
        "district": "Coimbatore",
        "state": "Tamil Nadu",
        "data_source_type": "OpenStreetMap Public Data"
      }
    },
    {
      "type": "Feature",
      "id": 7844058299,
      "geometry": {
        "type": "Point",
        "coordinates": [
          77.0348661,
          11.0044086
        ]
      },
      "properties": {
        "id": 7844058299,
        "name": "Dr. Felix Hospital",
        "facility_type": "hospital",
        "category": "Healthcare",
        "capacity": 399,
        "district": "Coimbatore",
        "state": "Tamil Nadu",
        "data_source_type": "OpenStreetMap Public Data"
      }
    },
    {
      "type": "Feature",
      "id": 7844058302,
      "geometry": {
        "type": "Point",
        "coordinates": [
          77.0245161,
          11.0101764
        ]
      },
      "properties": {
        "id": 7844058302,
        "name": "Vista Care Opticals & Eye Clinic",
        "facility_type": "hospital",
        "category": "Healthcare",
        "capacity": 402,
        "district": "Coimbatore",
        "state": "Tamil Nadu",
        "data_source_type": "OpenStreetMap Public Data"
      }
    },
    {
      "type": "Feature",
      "id": 7844131964,
      "geometry": {
        "type": "Point",
        "coordinates": [
          76.9576345,
          11.0076298
        ]
      },
      "properties": {
        "id": 7844131964,
        "name": "Vishnu Hospital",
        "facility_type": "hospital",
        "category": "Healthcare",
        "capacity": 564,
        "district": "Coimbatore",
        "state": "Tamil Nadu",
        "data_source_type": "OpenStreetMap Public Data"
      }
    },
    {
      "type": "Feature",
      "id": 7844131965,
      "geometry": {
        "type": "Point",
        "coordinates": [
          76.9512758,
          10.998631
        ]
      },
      "properties": {
        "id": 7844131965,
        "name": "Alshifa Healing and Naturopathy Clinic",
        "facility_type": "hospital",
        "category": "Healthcare",
        "capacity": 565,
        "district": "Coimbatore",
        "state": "Tamil Nadu",
        "data_source_type": "OpenStreetMap Public Data"
      }
    },
    {
      "type": "Feature",
      "id": 7844131966,
      "geometry": {
        "type": "Point",
        "coordinates": [
          76.9530101,
          11.0046785
        ]
      },
      "properties": {
        "id": 7844131966,
        "name": "Dr. J K's Homeopathy Clinic",
        "facility_type": "hospital",
        "category": "Healthcare",
        "capacity": 566,
        "district": "Coimbatore",
        "state": "Tamil Nadu",
        "data_source_type": "OpenStreetMap Public Data"
      }
    },
    {
      "type": "Feature",
      "id": 7844131967,
      "geometry": {
        "type": "Point",
        "coordinates": [
          76.986166,
          11.012539
        ]
      },
      "properties": {
        "id": 7844131967,
        "name": "Arc Fertility Hospital",
        "facility_type": "hospital",
        "category": "Healthcare",
        "capacity": 567,
        "district": "Coimbatore",
        "state": "Tamil Nadu",
        "data_source_type": "OpenStreetMap Public Data"
      }
    },
    {
      "type": "Feature",
      "id": 7844131968,
      "geometry": {
        "type": "Point",
        "coordinates": [
          76.956396,
          11.008405
        ]
      },
      "properties": {
        "id": 7844131968,
        "name": "Rex Ortho Hospital",
        "facility_type": "hospital",
        "category": "Healthcare",
        "capacity": 568,
        "district": "Coimbatore",
        "state": "Tamil Nadu",
        "data_source_type": "OpenStreetMap Public Data"
      }
    },
    {
      "type": "Feature",
      "id": 7844131969,
      "geometry": {
        "type": "Point",
        "coordinates": [
          76.9744842,
          11.0188961
        ]
      },
      "properties": {
        "id": 7844131969,
        "name": "Shark Clinic",
        "facility_type": "hospital",
        "category": "Healthcare",
        "capacity": 569,
        "district": "Coimbatore",
        "state": "Tamil Nadu",
        "data_source_type": "OpenStreetMap Public Data"
      }
    },
    {
      "type": "Feature",
      "id": 7844131970,
      "geometry": {
        "type": "Point",
        "coordinates": [
          76.9799078,
          11.0163044
        ]
      },
      "properties": {
        "id": 7844131970,
        "name": "Dr. B. Nirmala Womens Clinic",
        "facility_type": "hospital",
        "category": "Healthcare",
        "capacity": 570,
        "district": "Coimbatore",
        "state": "Tamil Nadu",
        "data_source_type": "OpenStreetMap Public Data"
      }
    },
    {
      "type": "Feature",
      "id": 7844131971,
      "geometry": {
        "type": "Point",
        "coordinates": [
          76.9995376,
          10.9969119
        ]
      },
      "properties": {
        "id": 7844131971,
        "name": "Dr. Karthikeyan Clinic",
        "facility_type": "hospital",
        "category": "Healthcare",
        "capacity": 571,
        "district": "Coimbatore",
        "state": "Tamil Nadu",
        "data_source_type": "OpenStreetMap Public Data"
      }
    },
    {
      "type": "Feature",
      "id": 7844131973,
      "geometry": {
        "type": "Point",
        "coordinates": [
          76.9812846,
          11.0163842
        ]
      },
      "properties": {
        "id": 7844131973,
        "name": "Kids Clinic",
        "facility_type": "hospital",
        "category": "Healthcare",
        "capacity": 573,
        "district": "Coimbatore",
        "state": "Tamil Nadu",
        "data_source_type": "OpenStreetMap Public Data"
      }
    },
    {
      "type": "Feature",
      "id": 7844131974,
      "geometry": {
        "type": "Point",
        "coordinates": [
          76.9548289,
          11.0112326
        ]
      },
      "properties": {
        "id": 7844131974,
        "name": "N R Hospital",
        "facility_type": "hospital",
        "category": "Healthcare",
        "capacity": 574,
        "district": "Coimbatore",
        "state": "Tamil Nadu",
        "data_source_type": "OpenStreetMap Public Data"
      }
    },
    {
      "type": "Feature",
      "id": 7844131975,
      "geometry": {
        "type": "Point",
        "coordinates": [
          76.952299,
          11.01472
        ]
      },
      "properties": {
        "id": 7844131975,
        "name": "Parvathy Hospitals",
        "facility_type": "hospital",
        "category": "Healthcare",
        "capacity": 575,
        "district": "Coimbatore",
        "state": "Tamil Nadu",
        "data_source_type": "OpenStreetMap Public Data"
      }
    },
    {
      "type": "Feature",
      "id": 7844131977,
      "geometry": {
        "type": "Point",
        "coordinates": [
          76.9578763,
          11.0081541
        ]
      },
      "properties": {
        "id": 7844131977,
        "name": "Srigiri Ayurvedic Hospital",
        "facility_type": "hospital",
        "category": "Healthcare",
        "capacity": 577,
        "district": "Coimbatore",
        "state": "Tamil Nadu",
        "data_source_type": "OpenStreetMap Public Data"
      }
    },
    {
      "type": "Feature",
      "id": 7844131978,
      "geometry": {
        "type": "Point",
        "coordinates": [
          76.9842202,
          11.0157437
        ]
      },
      "properties": {
        "id": 7844131978,
        "name": "K.B.S. Hospital",
        "facility_type": "hospital",
        "category": "Healthcare",
        "capacity": 578,
        "district": "Coimbatore",
        "state": "Tamil Nadu",
        "data_source_type": "OpenStreetMap Public Data"
      }
    },
    {
      "type": "Feature",
      "id": 7844131979,
      "geometry": {
        "type": "Point",
        "coordinates": [
          76.989401,
          11.00534
        ]
      },
      "properties": {
        "id": 7844131979,
        "name": "Dr. G. Thiagarajan's Memorial Hospital",
        "facility_type": "hospital",
        "category": "Healthcare",
        "capacity": 579,
        "district": "Coimbatore",
        "state": "Tamil Nadu",
        "data_source_type": "OpenStreetMap Public Data"
      }
    },
    {
      "type": "Feature",
      "id": 7844131980,
      "geometry": {
        "type": "Point",
        "coordinates": [
          76.9963939,
          10.9958212
        ]
      },
      "properties": {
        "id": 7844131980,
        "name": "Ramvel Hospital",
        "facility_type": "hospital",
        "category": "Healthcare",
        "capacity": 580,
        "district": "Coimbatore",
        "state": "Tamil Nadu",
        "data_source_type": "OpenStreetMap Public Data"
      }
    },
    {
      "type": "Feature",
      "id": 7844131981,
      "geometry": {
        "type": "Point",
        "coordinates": [
          76.9592219,
          10.9905191
        ]
      },
      "properties": {
        "id": 7844131981,
        "name": "Shajitha Anwaruddin Clinic",
        "facility_type": "hospital",
        "category": "Healthcare",
        "capacity": 581,
        "district": "Coimbatore",
        "state": "Tamil Nadu",
        "data_source_type": "OpenStreetMap Public Data"
      }
    },
    {
      "type": "Feature",
      "id": 7844131982,
      "geometry": {
        "type": "Point",
        "coordinates": [
          76.9582121,
          11.0238937
        ]
      },
      "properties": {
        "id": 7844131982,
        "name": "Sathya Medical Centre & Hospital",
        "facility_type": "hospital",
        "category": "Healthcare",
        "capacity": 582,
        "district": "Coimbatore",
        "state": "Tamil Nadu",
        "data_source_type": "OpenStreetMap Public Data"
      }
    },
    {
      "type": "Feature",
      "id": 7844131983,
      "geometry": {
        "type": "Point",
        "coordinates": [
          76.9555303,
          11.0052314
        ]
      },
      "properties": {
        "id": 7844131983,
        "name": "Dr. K Shitra Hospital",
        "facility_type": "hospital",
        "category": "Healthcare",
        "capacity": 583,
        "district": "Coimbatore",
        "state": "Tamil Nadu",
        "data_source_type": "OpenStreetMap Public Data"
      }
    },
    {
      "type": "Feature",
      "id": 7844131984,
      "geometry": {
        "type": "Point",
        "coordinates": [
          76.981739,
          11.015452
        ]
      },
      "properties": {
        "id": 7844131984,
        "name": "Shakthi Clinic",
        "facility_type": "hospital",
        "category": "Healthcare",
        "capacity": 584,
        "district": "Coimbatore",
        "state": "Tamil Nadu",
        "data_source_type": "OpenStreetMap Public Data"
      }
    },
    {
      "type": "Feature",
      "id": 7844131986,
      "geometry": {
        "type": "Point",
        "coordinates": [
          76.972413,
          11.0207084
        ]
      },
      "properties": {
        "id": 7844131986,
        "name": "Ramakrishna Hospital",
        "facility_type": "hospital",
        "category": "Healthcare",
        "capacity": 586,
        "district": "Coimbatore",
        "state": "Tamil Nadu",
        "data_source_type": "OpenStreetMap Public Data"
      }
    },
    {
      "type": "Feature",
      "id": 7844131987,
      "geometry": {
        "type": "Point",
        "coordinates": [
          76.9600631,
          11.0065379
        ]
      },
      "properties": {
        "id": 7844131987,
        "name": "Seethalakshmi Maternity Hospital",
        "facility_type": "hospital",
        "category": "Healthcare",
        "capacity": 587,
        "district": "Coimbatore",
        "state": "Tamil Nadu",
        "data_source_type": "OpenStreetMap Public Data"
      }
    },
    {
      "type": "Feature",
      "id": 7844131988,
      "geometry": {
        "type": "Point",
        "coordinates": [
          76.951222,
          10.998711
        ]
      },
      "properties": {
        "id": 7844131988,
        "name": "Sri Vishnu Priya Hospital",
        "facility_type": "hospital",
        "category": "Healthcare",
        "capacity": 588,
        "district": "Coimbatore",
        "state": "Tamil Nadu",
        "data_source_type": "OpenStreetMap Public Data"
      }
    },
    {
      "type": "Feature",
      "id": 7844131989,
      "geometry": {
        "type": "Point",
        "coordinates": [
          76.9449938,
          11.0143168
        ]
      },
      "properties": {
        "id": 7844131989,
        "name": "Arun Urology Hospital",
        "facility_type": "hospital",
        "category": "Healthcare",
        "capacity": 589,
        "district": "Coimbatore",
        "state": "Tamil Nadu",
        "data_source_type": "OpenStreetMap Public Data"
      }
    },
    {
      "type": "Feature",
      "id": 7844131991,
      "geometry": {
        "type": "Point",
        "coordinates": [
          76.9421502,
          10.9901191
        ]
      },
      "properties": {
        "id": 7844131991,
        "name": "Vennila Hospital",
        "facility_type": "hospital",
        "category": "Healthcare",
        "capacity": 591,
        "district": "Coimbatore",
        "state": "Tamil Nadu",
        "data_source_type": "OpenStreetMap Public Data"
      }
    },
    {
      "type": "Feature",
      "id": 7844131992,
      "geometry": {
        "type": "Point",
        "coordinates": [
          76.954667,
          11.0091279
        ]
      },
      "properties": {
        "id": 7844131992,
        "name": "R.S Hospital",
        "facility_type": "hospital",
        "category": "Healthcare",
        "capacity": 592,
        "district": "Coimbatore",
        "state": "Tamil Nadu",
        "data_source_type": "OpenStreetMap Public Data"
      }
    },
    {
      "type": "Feature",
      "id": 7844131993,
      "geometry": {
        "type": "Point",
        "coordinates": [
          76.984214,
          11.015436
        ]
      },
      "properties": {
        "id": 7844131993,
        "name": "Sayee Kids Care",
        "facility_type": "hospital",
        "category": "Healthcare",
        "capacity": 593,
        "district": "Coimbatore",
        "state": "Tamil Nadu",
        "data_source_type": "OpenStreetMap Public Data"
      }
    },
    {
      "type": "Feature",
      "id": 7844131994,
      "geometry": {
        "type": "Point",
        "coordinates": [
          76.961714,
          10.989403
        ]
      },
      "properties": {
        "id": 7844131994,
        "name": "Welcare Hospital",
        "facility_type": "hospital",
        "category": "Healthcare",
        "capacity": 594,
        "district": "Coimbatore",
        "state": "Tamil Nadu",
        "data_source_type": "OpenStreetMap Public Data"
      }
    },
    {
      "type": "Feature",
      "id": 7844131995,
      "geometry": {
        "type": "Point",
        "coordinates": [
          76.968611,
          11.020659
        ]
      },
      "properties": {
        "id": 7844131995,
        "name": "Becker Manual Hospital",
        "facility_type": "hospital",
        "category": "Healthcare",
        "capacity": 595,
        "district": "Coimbatore",
        "state": "Tamil Nadu",
        "data_source_type": "OpenStreetMap Public Data"
      }
    },
    {
      "type": "Feature",
      "id": 7844131996,
      "geometry": {
        "type": "Point",
        "coordinates": [
          76.9963622,
          10.9973118
        ]
      },
      "properties": {
        "id": 7844131996,
        "name": "Lakshmi ENT Clinic",
        "facility_type": "hospital",
        "category": "Healthcare",
        "capacity": 596,
        "district": "Coimbatore",
        "state": "Tamil Nadu",
        "data_source_type": "OpenStreetMap Public Data"
      }
    },
    {
      "type": "Feature",
      "id": 7844131997,
      "geometry": {
        "type": "Point",
        "coordinates": [
          76.9516612,
          10.9922284
        ]
      },
      "properties": {
        "id": 7844131997,
        "name": "G.K.P Clinics",
        "facility_type": "hospital",
        "category": "Healthcare",
        "capacity": 597,
        "district": "Coimbatore",
        "state": "Tamil Nadu",
        "data_source_type": "OpenStreetMap Public Data"
      }
    },
    {
      "type": "Feature",
      "id": 7844131998,
      "geometry": {
        "type": "Point",
        "coordinates": [
          77.0071075,
          10.9967758
        ]
      },
      "properties": {
        "id": 7844131998,
        "name": "Narmada Hospital",
        "facility_type": "hospital",
        "category": "Healthcare",
        "capacity": 598,
        "district": "Coimbatore",
        "state": "Tamil Nadu",
        "data_source_type": "OpenStreetMap Public Data"
      }
    },
    {
      "type": "Feature",
      "id": 7844131999,
      "geometry": {
        "type": "Point",
        "coordinates": [
          76.948405,
          11.0131526
        ]
      },
      "properties": {
        "id": 7844131999,
        "name": "Rao Hospital",
        "facility_type": "hospital",
        "category": "Healthcare",
        "capacity": 599,
        "district": "Coimbatore",
        "state": "Tamil Nadu",
        "data_source_type": "OpenStreetMap Public Data"
      }
    },
    {
      "type": "Feature",
      "id": 7844132000,
      "geometry": {
        "type": "Point",
        "coordinates": [
          76.956267,
          11.007283
        ]
      },
      "properties": {
        "id": 7844132000,
        "name": "Kamala Prakash Hospital",
        "facility_type": "hospital",
        "category": "Healthcare",
        "capacity": 100,
        "district": "Coimbatore",
        "state": "Tamil Nadu",
        "data_source_type": "OpenStreetMap Public Data"
      }
    },
    {
      "type": "Feature",
      "id": 7844132001,
      "geometry": {
        "type": "Point",
        "coordinates": [
          76.992439,
          11.007011
        ]
      },
      "properties": {
        "id": 7844132001,
        "name": "Rafa Hospital",
        "facility_type": "hospital",
        "category": "Healthcare",
        "capacity": 101,
        "district": "Coimbatore",
        "state": "Tamil Nadu",
        "data_source_type": "OpenStreetMap Public Data"
      }
    },
    {
      "type": "Feature",
      "id": 7844132002,
      "geometry": {
        "type": "Point",
        "coordinates": [
          76.9520898,
          10.9920096
        ]
      },
      "properties": {
        "id": 7844132002,
        "name": "Subu Hospital",
        "facility_type": "hospital",
        "category": "Healthcare",
        "capacity": 102,
        "district": "Coimbatore",
        "state": "Tamil Nadu",
        "data_source_type": "OpenStreetMap Public Data"
      }
    },
    {
      "type": "Feature",
      "id": 7844132003,
      "geometry": {
        "type": "Point",
        "coordinates": [
          76.9559691,
          10.9923475
        ]
      },
      "properties": {
        "id": 7844132003,
        "name": "Rajagambiram Dental Hospital",
        "facility_type": "hospital",
        "category": "Healthcare",
        "capacity": 103,
        "district": "Coimbatore",
        "state": "Tamil Nadu",
        "data_source_type": "OpenStreetMap Public Data"
      }
    },
    {
      "type": "Feature",
      "id": 7844132004,
      "geometry": {
        "type": "Point",
        "coordinates": [
          76.9518169,
          11.0002483
        ]
      },
      "properties": {
        "id": 7844132004,
        "name": "Iswarya Hospital",
        "facility_type": "hospital",
        "category": "Healthcare",
        "capacity": 104,
        "district": "Coimbatore",
        "state": "Tamil Nadu",
        "data_source_type": "OpenStreetMap Public Data"
      }
    },
    {
      "type": "Feature",
      "id": 7844132005,
      "geometry": {
        "type": "Point",
        "coordinates": [
          76.9911858,
          11.0075989
        ]
      },
      "properties": {
        "id": 7844132005,
        "name": "Anbu Child Care Clinic",
        "facility_type": "hospital",
        "category": "Healthcare",
        "capacity": 105,
        "district": "Coimbatore",
        "state": "Tamil Nadu",
        "data_source_type": "OpenStreetMap Public Data"
      }
    },
    {
      "type": "Feature",
      "id": 7844132008,
      "geometry": {
        "type": "Point",
        "coordinates": [
          76.9934204,
          11.0040562
        ]
      },
      "properties": {
        "id": 7844132008,
        "name": "Marutham Health Clinic",
        "facility_type": "hospital",
        "category": "Healthcare",
        "capacity": 108,
        "district": "Coimbatore",
        "state": "Tamil Nadu",
        "data_source_type": "OpenStreetMap Public Data"
      }
    },
    {
      "type": "Feature",
      "id": 7844132009,
      "geometry": {
        "type": "Point",
        "coordinates": [
          76.9574858,
          10.9920855
        ]
      },
      "properties": {
        "id": 7844132009,
        "name": "Sri Guru Hospital",
        "facility_type": "hospital",
        "category": "Healthcare",
        "capacity": 109,
        "district": "Coimbatore",
        "state": "Tamil Nadu",
        "data_source_type": "OpenStreetMap Public Data"
      }
    },
    {
      "type": "Feature",
      "id": 7844132010,
      "geometry": {
        "type": "Point",
        "coordinates": [
          76.9524368,
          11.0153485
        ]
      },
      "properties": {
        "id": 7844132010,
        "name": "PGS Hospital",
        "facility_type": "hospital",
        "category": "Healthcare",
        "capacity": 110,
        "district": "Coimbatore",
        "state": "Tamil Nadu",
        "data_source_type": "OpenStreetMap Public Data"
      }
    },
    {
      "type": "Feature",
      "id": 7844132012,
      "geometry": {
        "type": "Point",
        "coordinates": [
          76.9551255,
          11.0027982
        ]
      },
      "properties": {
        "id": 7844132012,
        "name": "Shree Malar Clinic",
        "facility_type": "hospital",
        "category": "Healthcare",
        "capacity": 112,
        "district": "Coimbatore",
        "state": "Tamil Nadu",
        "data_source_type": "OpenStreetMap Public Data"
      }
    },
    {
      "type": "Feature",
      "id": 7844132014,
      "geometry": {
        "type": "Point",
        "coordinates": [
          76.951549,
          10.999154
        ]
      },
      "properties": {
        "id": 7844132014,
        "name": "K Jagathnathan Hospital",
        "facility_type": "hospital",
        "category": "Healthcare",
        "capacity": 114,
        "district": "Coimbatore",
        "state": "Tamil Nadu",
        "data_source_type": "OpenStreetMap Public Data"
      }
    },
    {
      "type": "Feature",
      "id": 7844132016,
      "geometry": {
        "type": "Point",
        "coordinates": [
          76.9580134,
          11.008435
        ]
      },
      "properties": {
        "id": 7844132016,
        "name": "Mak Hospital",
        "facility_type": "hospital",
        "category": "Healthcare",
        "capacity": 116,
        "district": "Coimbatore",
        "state": "Tamil Nadu",
        "data_source_type": "OpenStreetMap Public Data"
      }
    },
    {
      "type": "Feature",
      "id": 7869163907,
      "geometry": {
        "type": "Point",
        "coordinates": [
          76.9513825,
          11.0316791
        ]
      },
      "properties": {
        "id": 7869163907,
        "name": "Maruti Showroom",
        "facility_type": "shop",
        "category": "Commercial POI",
        "capacity": 507,
        "district": "Coimbatore",
        "state": "Tamil Nadu",
        "data_source_type": "OpenStreetMap Public Data"
      }
    },
    {
      "type": "Feature",
      "id": 7869215820,
      "geometry": {
        "type": "Point",
        "coordinates": [
          76.951168,
          11.0318292
        ]
      },
      "properties": {
        "id": 7869215820,
        "name": "Vriksha Agro Ventures",
        "facility_type": "office",
        "category": "Company",
        "capacity": 420,
        "district": "Coimbatore",
        "state": "Tamil Nadu",
        "data_source_type": "OpenStreetMap Public Data"
      }
    },
    {
      "type": "Feature",
      "id": 7877029192,
      "geometry": {
        "type": "Point",
        "coordinates": [
          76.9609301,
          11.2404793
        ]
      },
      "properties": {
        "id": 7877029192,
        "name": "satish marriage decoration",
        "facility_type": "shop",
        "category": "Commercial POI",
        "capacity": 292,
        "district": "Coimbatore",
        "state": "Tamil Nadu",
        "data_source_type": "OpenStreetMap Public Data"
      }
    },
    {
      "type": "Feature",
      "id": 7896751685,
      "geometry": {
        "type": "Point",
        "coordinates": [
          77.0189056,
          11.0144214
        ]
      },
      "properties": {
        "id": 7896751685,
        "name": "Selvam",
        "facility_type": "shop",
        "category": "Commercial POI",
        "capacity": 285,
        "district": "Coimbatore",
        "state": "Tamil Nadu",
        "data_source_type": "OpenStreetMap Public Data"
      }
    },
    {
      "type": "Feature",
      "id": 7917371011,
      "geometry": {
        "type": "Point",
        "coordinates": [
          76.9028325,
          11.233226
        ]
      },
      "properties": {
        "id": 7917371011,
        "name": "POI 1152",
        "facility_type": "shop",
        "category": "Commercial POI",
        "capacity": 111,
        "district": "Coimbatore",
        "state": "Tamil Nadu",
        "data_source_type": "OpenStreetMap Public Data"
      }
    },
    {
      "type": "Feature",
      "id": 7917371012,
      "geometry": {
        "type": "Point",
        "coordinates": [
          76.9224305,
          11.2367589
        ]
      },
      "properties": {
        "id": 7917371012,
        "name": "POI 1153",
        "facility_type": "shop",
        "category": "Commercial POI",
        "capacity": 112,
        "district": "Coimbatore",
        "state": "Tamil Nadu",
        "data_source_type": "OpenStreetMap Public Data"
      }
    },
    {
      "type": "Feature",
      "id": 7967908786,
      "geometry": {
        "type": "Point",
        "coordinates": [
          77.0187086,
          11.016023
        ]
      },
      "properties": {
        "id": 7967908786,
        "name": "Pulsar Care",
        "facility_type": "shop",
        "category": "Commercial POI",
        "capacity": 386,
        "district": "Coimbatore",
        "state": "Tamil Nadu",
        "data_source_type": "OpenStreetMap Public Data"
      }
    },
    {
      "type": "Feature",
      "id": 7967908885,
      "geometry": {
        "type": "Point",
        "coordinates": [
          76.9865734,
          11.0267553
        ]
      },
      "properties": {
        "id": 7967908885,
        "name": "Sampoorna Industries",
        "facility_type": "office",
        "category": "Company",
        "capacity": 485,
        "district": "Coimbatore",
        "state": "Tamil Nadu",
        "data_source_type": "OpenStreetMap Public Data"
      }
    },
    {
      "type": "Feature",
      "id": 8000326824,
      "geometry": {
        "type": "Point",
        "coordinates": [
          77.0189795,
          11.0207277
        ]
      },
      "properties": {
        "id": 8000326824,
        "name": "Sky speech & hearing care Clinic",
        "facility_type": "hospital",
        "category": "Healthcare",
        "capacity": 424,
        "district": "Coimbatore",
        "state": "Tamil Nadu",
        "data_source_type": "OpenStreetMap Public Data"
      }
    },
    {
      "type": "Feature",
      "id": 8000793350,
      "geometry": {
        "type": "Point",
        "coordinates": [
          77.0225335,
          11.0205296
        ]
      },
      "properties": {
        "id": 8000793350,
        "name": "A1 Bakery",
        "facility_type": "shop",
        "category": "Commercial POI",
        "capacity": 450,
        "district": "Coimbatore",
        "state": "Tamil Nadu",
        "data_source_type": "OpenStreetMap Public Data"
      }
    },
    {
      "type": "Feature",
      "id": 8041808586,
      "geometry": {
        "type": "Point",
        "coordinates": [
          76.9880591,
          11.013493
        ]
      },
      "properties": {
        "id": 8041808586,
        "name": "Cromā",
        "facility_type": "shop",
        "category": "Commercial POI",
        "capacity": 186,
        "district": "Coimbatore",
        "state": "Tamil Nadu",
        "data_source_type": "OpenStreetMap Public Data"
      }
    },
    {
      "type": "Feature",
      "id": 8041818586,
      "geometry": {
        "type": "Point",
        "coordinates": [
          76.9879274,
          11.0133717
        ]
      },
      "properties": {
        "id": 8041818586,
        "name": "Westside",
        "facility_type": "shop",
        "category": "Commercial POI",
        "capacity": 186,
        "district": "Coimbatore",
        "state": "Tamil Nadu",
        "data_source_type": "OpenStreetMap Public Data"
      }
    },
    {
      "type": "Feature",
      "id": 8078013369,
      "geometry": {
        "type": "Point",
        "coordinates": [
          76.8897303,
          11.2248344
        ]
      },
      "properties": {
        "id": 8078013369,
        "name": "M.S.K Mutton and Chicken Stall",
        "facility_type": "shop",
        "category": "Commercial POI",
        "capacity": 469,
        "district": "Coimbatore",
        "state": "Tamil Nadu",
        "data_source_type": "OpenStreetMap Public Data"
      }
    },
    {
      "type": "Feature",
      "id": 8084466324,
      "geometry": {
        "type": "Point",
        "coordinates": [
          77.0236404,
          11.0170092
        ]
      },
      "properties": {
        "id": 8084466324,
        "name": "Naturals",
        "facility_type": "shop",
        "category": "Commercial POI",
        "capacity": 424,
        "district": "Coimbatore",
        "state": "Tamil Nadu",
        "data_source_type": "OpenStreetMap Public Data"
      }
    },
    {
      "type": "Feature",
      "id": 8084466330,
      "geometry": {
        "type": "Point",
        "coordinates": [
          77.0235876,
          11.0168207
        ]
      },
      "properties": {
        "id": 8084466330,
        "name": "GKS Cotton Chambers",
        "facility_type": "office",
        "category": "Company",
        "capacity": 430,
        "district": "Coimbatore",
        "state": "Tamil Nadu",
        "data_source_type": "OpenStreetMap Public Data"
      }
    },
    {
      "type": "Feature",
      "id": 8120173118,
      "geometry": {
        "type": "Point",
        "coordinates": [
          77.0107146,
          11.0246853
        ]
      },
      "properties": {
        "id": 8120173118,
        "name": "Shoppers Stop",
        "facility_type": "shop",
        "category": "Commercial POI",
        "capacity": 218,
        "district": "Coimbatore",
        "state": "Tamil Nadu",
        "data_source_type": "OpenStreetMap Public Data"
      }
    },
    {
      "type": "Feature",
      "id": 8120173119,
      "geometry": {
        "type": "Point",
        "coordinates": [
          77.010807,
          11.0240337
        ]
      },
      "properties": {
        "id": 8120173119,
        "name": "Bata",
        "facility_type": "shop",
        "category": "Commercial POI",
        "capacity": 219,
        "district": "Coimbatore",
        "state": "Tamil Nadu",
        "data_source_type": "OpenStreetMap Public Data"
      }
    },
    {
      "type": "Feature",
      "id": 8120173120,
      "geometry": {
        "type": "Point",
        "coordinates": [
          77.0106543,
          11.0240312
        ]
      },
      "properties": {
        "id": 8120173120,
        "name": "Pantaloons",
        "facility_type": "shop",
        "category": "Commercial POI",
        "capacity": 220,
        "district": "Coimbatore",
        "state": "Tamil Nadu",
        "data_source_type": "OpenStreetMap Public Data"
      }
    },
    {
      "type": "Feature",
      "id": 8127457784,
      "geometry": {
        "type": "Point",
        "coordinates": [
          76.8253379,
          11.2130947
        ]
      },
      "properties": {
        "id": 8127457784,
        "name": "Government Higher Secondary School",
        "facility_type": "school",
        "category": "Education",
        "capacity": 384,
        "district": "Coimbatore",
        "state": "Tamil Nadu",
        "data_source_type": "OpenStreetMap Public Data"
      }
    },
    {
      "type": "Feature",
      "id": 8150543239,
      "geometry": {
        "type": "Point",
        "coordinates": [
          76.9593982,
          11.2424677
        ]
      },
      "properties": {
        "id": 8150543239,
        "name": "starnet browsing center",
        "facility_type": "shop",
        "category": "Commercial POI",
        "capacity": 339,
        "district": "Coimbatore",
        "state": "Tamil Nadu",
        "data_source_type": "OpenStreetMap Public Data"
      }
    },
    {
      "type": "Feature",
      "id": 8150555328,
      "geometry": {
        "type": "Point",
        "coordinates": [
          76.9594326,
          11.2426388
        ]
      },
      "properties": {
        "id": 8150555328,
        "name": "vasantham book stores",
        "facility_type": "shop",
        "category": "Commercial POI",
        "capacity": 428,
        "district": "Coimbatore",
        "state": "Tamil Nadu",
        "data_source_type": "OpenStreetMap Public Data"
      }
    },
    {
      "type": "Feature",
      "id": 8156850918,
      "geometry": {
        "type": "Point",
        "coordinates": [
          76.9010261,
          11.0245239
        ]
      },
      "properties": {
        "id": 8156850918,
        "name": "Health and Wellness Centre",
        "facility_type": "office",
        "category": "Company",
        "capacity": 518,
        "district": "Coimbatore",
        "state": "Tamil Nadu",
        "data_source_type": "OpenStreetMap Public Data"
      }
    },
    {
      "type": "Feature",
      "id": 8156850919,
      "geometry": {
        "type": "Point",
        "coordinates": [
          76.9008543,
          11.0243342
        ]
      },
      "properties": {
        "id": 8156850919,
        "name": "Government Primary School",
        "facility_type": "school",
        "category": "Education",
        "capacity": 519,
        "district": "Coimbatore",
        "state": "Tamil Nadu",
        "data_source_type": "OpenStreetMap Public Data"
      }
    },
    {
      "type": "Feature",
      "id": 8156881717,
      "geometry": {
        "type": "Point",
        "coordinates": [
          76.901046,
          11.0251266
        ]
      },
      "properties": {
        "id": 8156881717,
        "name": "Annam Hardwares",
        "facility_type": "shop",
        "category": "Commercial POI",
        "capacity": 317,
        "district": "Coimbatore",
        "state": "Tamil Nadu",
        "data_source_type": "OpenStreetMap Public Data"
      }
    },
    {
      "type": "Feature",
      "id": 8164158747,
      "geometry": {
        "type": "Point",
        "coordinates": [
          77.0310656,
          11.0986089
        ]
      },
      "properties": {
        "id": 8164158747,
        "name": "Dev Solar",
        "facility_type": "shop",
        "category": "Commercial POI",
        "capacity": 347,
        "district": "Coimbatore",
        "state": "Tamil Nadu",
        "data_source_type": "OpenStreetMap Public Data"
      }
    },
    {
      "type": "Feature",
      "id": 8191280917,
      "geometry": {
        "type": "Point",
        "coordinates": [
          77.014006,
          11.025718
        ]
      },
      "properties": {
        "id": 8191280917,
        "name": "Titan Eye Plus",
        "facility_type": "shop",
        "category": "Commercial POI",
        "capacity": 517,
        "district": "Coimbatore",
        "state": "Tamil Nadu",
        "data_source_type": "OpenStreetMap Public Data"
      }
    },
    {
      "type": "Feature",
      "id": 8191281017,
      "geometry": {
        "type": "Point",
        "coordinates": [
          77.0152425,
          11.0257396
        ]
      },
      "properties": {
        "id": 8191281017,
        "name": "Ramkumar Auto Service",
        "facility_type": "shop",
        "category": "Commercial POI",
        "capacity": 117,
        "district": "Coimbatore",
        "state": "Tamil Nadu",
        "data_source_type": "OpenStreetMap Public Data"
      }
    },
    {
      "type": "Feature",
      "id": 8193622417,
      "geometry": {
        "type": "Point",
        "coordinates": [
          77.0243303,
          11.0125952
        ]
      },
      "properties": {
        "id": 8193622417,
        "name": "Manchester Honda",
        "facility_type": "shop",
        "category": "Commercial POI",
        "capacity": 517,
        "district": "Coimbatore",
        "state": "Tamil Nadu",
        "data_source_type": "OpenStreetMap Public Data"
      }
    },
    {
      "type": "Feature",
      "id": 8253315571,
      "geometry": {
        "type": "Point",
        "coordinates": [
          76.9669945,
          11.0199984
        ]
      },
      "properties": {
        "id": 8253315571,
        "name": "ampere",
        "facility_type": "shop",
        "category": "Commercial POI",
        "capacity": 171,
        "district": "Coimbatore",
        "state": "Tamil Nadu",
        "data_source_type": "OpenStreetMap Public Data"
      }
    },
    {
      "type": "Feature",
      "id": 8263398817,
      "geometry": {
        "type": "Point",
        "coordinates": [
          76.9604496,
          11.0182225
        ]
      },
      "properties": {
        "id": 8263398817,
        "name": "Sharptronics",
        "facility_type": "shop",
        "category": "Commercial POI",
        "capacity": 417,
        "district": "Coimbatore",
        "state": "Tamil Nadu",
        "data_source_type": "OpenStreetMap Public Data"
      }
    },
    {
      "type": "Feature",
      "id": 8292685635,
      "geometry": {
        "type": "Point",
        "coordinates": [
          76.9627261,
          11.0195556
        ]
      },
      "properties": {
        "id": 8292685635,
        "name": "Bharat Electronics and Appliances",
        "facility_type": "shop",
        "category": "Commercial POI",
        "capacity": 235,
        "district": "Coimbatore",
        "state": "Tamil Nadu",
        "data_source_type": "OpenStreetMap Public Data"
      }
    },
    {
      "type": "Feature",
      "id": 8321106418,
      "geometry": {
        "type": "Point",
        "coordinates": [
          76.9610724,
          11.0203194
        ]
      },
      "properties": {
        "id": 8321106418,
        "name": "Kovai Scan Center",
        "facility_type": "hospital",
        "category": "Healthcare",
        "capacity": 518,
        "district": "Coimbatore",
        "state": "Tamil Nadu",
        "data_source_type": "OpenStreetMap Public Data"
      }
    },
    {
      "type": "Feature",
      "id": 8325001444,
      "geometry": {
        "type": "Point",
        "coordinates": [
          76.8892223,
          11.2228067
        ]
      },
      "properties": {
        "id": 8325001444,
        "name": "Sri Lakshmi mobiles",
        "facility_type": "shop",
        "category": "Commercial POI",
        "capacity": 544,
        "district": "Coimbatore",
        "state": "Tamil Nadu",
        "data_source_type": "OpenStreetMap Public Data"
      }
    },
    {
      "type": "Feature",
      "id": 8325231354,
      "geometry": {
        "type": "Point",
        "coordinates": [
          76.8890255,
          11.2225397
        ]
      },
      "properties": {
        "id": 8325231354,
        "name": "MS broilers",
        "facility_type": "shop",
        "category": "Commercial POI",
        "capacity": 454,
        "district": "Coimbatore",
        "state": "Tamil Nadu",
        "data_source_type": "OpenStreetMap Public Data"
      }
    },
    {
      "type": "Feature",
      "id": 8325236156,
      "geometry": {
        "type": "Point",
        "coordinates": [
          76.8891078,
          11.2226758
        ]
      },
      "properties": {
        "id": 8325236156,
        "name": "Anbu clinic",
        "facility_type": "hospital",
        "category": "Healthcare",
        "capacity": 256,
        "district": "Coimbatore",
        "state": "Tamil Nadu",
        "data_source_type": "OpenStreetMap Public Data"
      }
    },
    {
      "type": "Feature",
      "id": 8325274047,
      "geometry": {
        "type": "Point",
        "coordinates": [
          76.888998,
          11.2224418
        ]
      },
      "properties": {
        "id": 8325274047,
        "name": "POI 1183",
        "facility_type": "shop",
        "category": "Commercial POI",
        "capacity": 147,
        "district": "Coimbatore",
        "state": "Tamil Nadu",
        "data_source_type": "OpenStreetMap Public Data"
      }
    },
    {
      "type": "Feature",
      "id": 8326605514,
      "geometry": {
        "type": "Point",
        "coordinates": [
          76.8375556,
          10.7364135
        ]
      },
      "properties": {
        "id": 8326605514,
        "name": "school ground",
        "facility_type": "school",
        "category": "Education",
        "capacity": 114,
        "district": "Coimbatore",
        "state": "Tamil Nadu",
        "data_source_type": "OpenStreetMap Public Data"
      }
    },
    {
      "type": "Feature",
      "id": 8329304874,
      "geometry": {
        "type": "Point",
        "coordinates": [
          76.9961156,
          11.2382436
        ]
      },
      "properties": {
        "id": 8329304874,
        "name": "POI 1185",
        "facility_type": "shop",
        "category": "Commercial POI",
        "capacity": 474,
        "district": "Coimbatore",
        "state": "Tamil Nadu",
        "data_source_type": "OpenStreetMap Public Data"
      }
    },
    {
      "type": "Feature",
      "id": 8332569555,
      "geometry": {
        "type": "Point",
        "coordinates": [
          76.9955329,
          11.2383383
        ]
      },
      "properties": {
        "id": 8332569555,
        "name": "Panchayat Union Primary School",
        "facility_type": "school",
        "category": "Education",
        "capacity": 155,
        "district": "Coimbatore",
        "state": "Tamil Nadu",
        "data_source_type": "OpenStreetMap Public Data"
      }
    },
    {
      "type": "Feature",
      "id": 8353961398,
      "geometry": {
        "type": "Point",
        "coordinates": [
          76.8885301,
          11.221429
        ]
      },
      "properties": {
        "id": 8353961398,
        "name": "RAC pork stall",
        "facility_type": "shop",
        "category": "Commercial POI",
        "capacity": 498,
        "district": "Coimbatore",
        "state": "Tamil Nadu",
        "data_source_type": "OpenStreetMap Public Data"
      }
    },
    {
      "type": "Feature",
      "id": 8353961399,
      "geometry": {
        "type": "Point",
        "coordinates": [
          76.8885237,
          11.2216596
        ]
      },
      "properties": {
        "id": 8353961399,
        "name": "POI 1188",
        "facility_type": "shop",
        "category": "Commercial POI",
        "capacity": 499,
        "district": "Coimbatore",
        "state": "Tamil Nadu",
        "data_source_type": "OpenStreetMap Public Data"
      }
    },
    {
      "type": "Feature",
      "id": 8399253691,
      "geometry": {
        "type": "Point",
        "coordinates": [
          76.8898582,
          11.2245105
        ]
      },
      "properties": {
        "id": 8399253691,
        "name": "school zone",
        "facility_type": "shop",
        "category": "Commercial POI",
        "capacity": 291,
        "district": "Coimbatore",
        "state": "Tamil Nadu",
        "data_source_type": "OpenStreetMap Public Data"
      }
    },
    {
      "type": "Feature",
      "id": 8441974846,
      "geometry": {
        "type": "Point",
        "coordinates": [
          76.9157391,
          11.0821777
        ]
      },
      "properties": {
        "id": 8441974846,
        "name": "arulmigu ulakalantha perumal kovil",
        "facility_type": "temple",
        "category": "Religious POI",
        "capacity": 446,
        "district": "Coimbatore",
        "state": "Tamil Nadu",
        "data_source_type": "OpenStreetMap Public Data"
      }
    },
    {
      "type": "Feature",
      "id": 8462829293,
      "geometry": {
        "type": "Point",
        "coordinates": [
          77.0576963,
          10.8400579
        ]
      },
      "properties": {
        "id": 8462829293,
        "name": "malleswari udanamar malleswarar",
        "facility_type": "temple",
        "category": "Religious POI",
        "capacity": 393,
        "district": "Coimbatore",
        "state": "Tamil Nadu",
        "data_source_type": "OpenStreetMap Public Data"
      }
    },
    {
      "type": "Feature",
      "id": 8463550717,
      "geometry": {
        "type": "Point",
        "coordinates": [
          76.9765264,
          11.0170764
        ]
      },
      "properties": {
        "id": 8463550717,
        "name": "Sree Maruthi Printers",
        "facility_type": "shop",
        "category": "Commercial POI",
        "capacity": 317,
        "district": "Coimbatore",
        "state": "Tamil Nadu",
        "data_source_type": "OpenStreetMap Public Data"
      }
    },
    {
      "type": "Feature",
      "id": 8540237517,
      "geometry": {
        "type": "Point",
        "coordinates": [
          76.8852146,
          11.0157161
        ]
      },
      "properties": {
        "id": 8540237517,
        "name": "National Sports School",
        "facility_type": "shop",
        "category": "Commercial POI",
        "capacity": 117,
        "district": "Coimbatore",
        "state": "Tamil Nadu",
        "data_source_type": "OpenStreetMap Public Data"
      }
    },
    {
      "type": "Feature",
      "id": 8868026317,
      "geometry": {
        "type": "Point",
        "coordinates": [
          76.8199221,
          10.7714076
        ]
      },
      "properties": {
        "id": 8868026317,
        "name": "Sree Krishnan Temple, Menonpara",
        "facility_type": "temple",
        "category": "Religious POI",
        "capacity": 417,
        "district": "Coimbatore",
        "state": "Tamil Nadu",
        "data_source_type": "OpenStreetMap Public Data"
      }
    },
    {
      "type": "Feature",
      "id": 8937011504,
      "geometry": {
        "type": "Point",
        "coordinates": [
          76.9555784,
          11.1691733
        ]
      },
      "properties": {
        "id": 8937011504,
        "name": "POI 1195",
        "facility_type": "shop",
        "category": "Commercial POI",
        "capacity": 104,
        "district": "Coimbatore",
        "state": "Tamil Nadu",
        "data_source_type": "OpenStreetMap Public Data"
      }
    },
    {
      "type": "Feature",
      "id": 9000487653,
      "geometry": {
        "type": "Point",
        "coordinates": [
          76.8275253,
          10.792171
        ]
      },
      "properties": {
        "id": 9000487653,
        "name": "Ahalya Diabetes Hospital",
        "facility_type": "hospital",
        "category": "Healthcare",
        "capacity": 253,
        "district": "Coimbatore",
        "state": "Tamil Nadu",
        "data_source_type": "OpenStreetMap Public Data"
      }
    },
    {
      "type": "Feature",
      "id": 9000487654,
      "geometry": {
        "type": "Point",
        "coordinates": [
          76.8298489,
          10.7924087
        ]
      },
      "properties": {
        "id": 9000487654,
        "name": "Dhanwantari Temple",
        "facility_type": "temple",
        "category": "Religious POI",
        "capacity": 254,
        "district": "Coimbatore",
        "state": "Tamil Nadu",
        "data_source_type": "OpenStreetMap Public Data"
      }
    },
    {
      "type": "Feature",
      "id": 9008756263,
      "geometry": {
        "type": "Point",
        "coordinates": [
          76.9443582,
          11.1569539
        ]
      },
      "properties": {
        "id": 9008756263,
        "name": "Sri Ram sweet shop",
        "facility_type": "shop",
        "category": "Commercial POI",
        "capacity": 363,
        "district": "Coimbatore",
        "state": "Tamil Nadu",
        "data_source_type": "OpenStreetMap Public Data"
      }
    },
    {
      "type": "Feature",
      "id": 9072645195,
      "geometry": {
        "type": "Point",
        "coordinates": [
          76.8416447,
          10.8410274
        ]
      },
      "properties": {
        "id": 9072645195,
        "name": "Forest Dispensary Walayar",
        "facility_type": "hospital",
        "category": "Healthcare",
        "capacity": 295,
        "district": "Coimbatore",
        "state": "Tamil Nadu",
        "data_source_type": "OpenStreetMap Public Data"
      }
    },
    {
      "type": "Feature",
      "id": 9125870245,
      "geometry": {
        "type": "Point",
        "coordinates": [
          76.9506699,
          11.0079716
        ]
      },
      "properties": {
        "id": 9125870245,
        "name": "Zimson",
        "facility_type": "shop",
        "category": "Commercial POI",
        "capacity": 345,
        "district": "Coimbatore",
        "state": "Tamil Nadu",
        "data_source_type": "OpenStreetMap Public Data"
      }
    },
    {
      "type": "Feature",
      "id": 9160367007,
      "geometry": {
        "type": "Point",
        "coordinates": [
          76.9538094,
          10.9535912
        ]
      },
      "properties": {
        "id": 9160367007,
        "name": "Dennis supermarket",
        "facility_type": "shop",
        "category": "Commercial POI",
        "capacity": 107,
        "district": "Coimbatore",
        "state": "Tamil Nadu",
        "data_source_type": "OpenStreetMap Public Data"
      }
    },
    {
      "type": "Feature",
      "id": 9160367008,
      "geometry": {
        "type": "Point",
        "coordinates": [
          76.9534124,
          10.9532014
        ]
      },
      "properties": {
        "id": 9160367008,
        "name": "Kovai Pazhamudhir Nilayam",
        "facility_type": "shop",
        "category": "Commercial POI",
        "capacity": 108,
        "district": "Coimbatore",
        "state": "Tamil Nadu",
        "data_source_type": "OpenStreetMap Public Data"
      }
    },
    {
      "type": "Feature",
      "id": 9160367010,
      "geometry": {
        "type": "Point",
        "coordinates": [
          76.9530463,
          10.9520046
        ]
      },
      "properties": {
        "id": 9160367010,
        "name": "POI 1203",
        "facility_type": "office",
        "category": "Company",
        "capacity": 110,
        "district": "Coimbatore",
        "state": "Tamil Nadu",
        "data_source_type": "OpenStreetMap Public Data"
      }
    },
    {
      "type": "Feature",
      "id": 9167186436,
      "geometry": {
        "type": "Point",
        "coordinates": [
          76.8172797,
          10.9739437
        ]
      },
      "properties": {
        "id": 9167186436,
        "name": "Mariamman Temple",
        "facility_type": "temple",
        "category": "Religious POI",
        "capacity": 536,
        "district": "Coimbatore",
        "state": "Tamil Nadu",
        "data_source_type": "OpenStreetMap Public Data"
      }
    },
    {
      "type": "Feature",
      "id": 9167189657,
      "geometry": {
        "type": "Point",
        "coordinates": [
          76.8162526,
          10.9725821
        ]
      },
      "properties": {
        "id": 9167189657,
        "name": "Anuram Farm",
        "facility_type": "shop",
        "category": "Commercial POI",
        "capacity": 257,
        "district": "Coimbatore",
        "state": "Tamil Nadu",
        "data_source_type": "OpenStreetMap Public Data"
      }
    },
    {
      "type": "Feature",
      "id": 9396603721,
      "geometry": {
        "type": "Point",
        "coordinates": [
          76.9297156,
          10.9545119
        ]
      },
      "properties": {
        "id": 9396603721,
        "name": "BPCL",
        "facility_type": "shop",
        "category": "Commercial POI",
        "capacity": 321,
        "district": "Coimbatore",
        "state": "Tamil Nadu",
        "data_source_type": "OpenStreetMap Public Data"
      }
    },
    {
      "type": "Feature",
      "id": 9567217471,
      "geometry": {
        "type": "Point",
        "coordinates": [
          76.9594291,
          10.9935623
        ]
      },
      "properties": {
        "id": 9567217471,
        "name": "Athar Jamaath Masjid",
        "facility_type": "temple",
        "category": "Religious POI",
        "capacity": 571,
        "district": "Coimbatore",
        "state": "Tamil Nadu",
        "data_source_type": "OpenStreetMap Public Data"
      }
    },
    {
      "type": "Feature",
      "id": 9582668404,
      "geometry": {
        "type": "Point",
        "coordinates": [
          76.8098681,
          10.8192278
        ]
      },
      "properties": {
        "id": 9582668404,
        "name": "Ration Shop",
        "facility_type": "shop",
        "category": "Commercial POI",
        "capacity": 504,
        "district": "Coimbatore",
        "state": "Tamil Nadu",
        "data_source_type": "OpenStreetMap Public Data"
      }
    },
    {
      "type": "Feature",
      "id": 9582737412,
      "geometry": {
        "type": "Point",
        "coordinates": [
          76.8421152,
          10.8409147
        ]
      },
      "properties": {
        "id": 9582737412,
        "name": "Village Office, Walayar",
        "facility_type": "office",
        "category": "Company",
        "capacity": 512,
        "district": "Coimbatore",
        "state": "Tamil Nadu",
        "data_source_type": "OpenStreetMap Public Data"
      }
    },
    {
      "type": "Feature",
      "id": 9657332973,
      "geometry": {
        "type": "Point",
        "coordinates": [
          76.9590944,
          11.2422807
        ]
      },
      "properties": {
        "id": 9657332973,
        "name": "Gee Pee Electronics",
        "facility_type": "shop",
        "category": "Commercial POI",
        "capacity": 573,
        "district": "Coimbatore",
        "state": "Tamil Nadu",
        "data_source_type": "OpenStreetMap Public Data"
      }
    },
    {
      "type": "Feature",
      "id": 9657332974,
      "geometry": {
        "type": "Point",
        "coordinates": [
          76.9592594,
          11.2424596
        ]
      },
      "properties": {
        "id": 9657332974,
        "name": "Gee Pee Mobiles",
        "facility_type": "shop",
        "category": "Commercial POI",
        "capacity": 574,
        "district": "Coimbatore",
        "state": "Tamil Nadu",
        "data_source_type": "OpenStreetMap Public Data"
      }
    },
    {
      "type": "Feature",
      "id": 9661094340,
      "geometry": {
        "type": "Point",
        "coordinates": [
          76.9047488,
          11.2424149
        ]
      },
      "properties": {
        "id": 9661094340,
        "name": "Sellapanur Co-Operative Milk Society Procurement Center",
        "facility_type": "shop",
        "category": "Commercial POI",
        "capacity": 440,
        "district": "Coimbatore",
        "state": "Tamil Nadu",
        "data_source_type": "OpenStreetMap Public Data"
      }
    },
    {
      "type": "Feature",
      "id": 9761573744,
      "geometry": {
        "type": "Point",
        "coordinates": [
          76.8402269,
          10.8437881
        ]
      },
      "properties": {
        "id": 9761573744,
        "name": "Section Forest Office, Walayar Section",
        "facility_type": "office",
        "category": "Company",
        "capacity": 344,
        "district": "Coimbatore",
        "state": "Tamil Nadu",
        "data_source_type": "OpenStreetMap Public Data"
      }
    },
    {
      "type": "Feature",
      "id": 9881512548,
      "geometry": {
        "type": "Point",
        "coordinates": [
          77.0394971,
          11.0401626
        ]
      },
      "properties": {
        "id": 9881512548,
        "name": "Kasadara Technology Solutions Pvt Ltd",
        "facility_type": "office",
        "category": "Company",
        "capacity": 148,
        "district": "Coimbatore",
        "state": "Tamil Nadu",
        "data_source_type": "OpenStreetMap Public Data"
      }
    },
    {
      "type": "Feature",
      "id": 9891879713,
      "geometry": {
        "type": "Point",
        "coordinates": [
          76.95384,
          11.0105488
        ]
      },
      "properties": {
        "id": 9891879713,
        "name": "V Sat Solar Products",
        "facility_type": "shop",
        "category": "Commercial POI",
        "capacity": 313,
        "district": "Coimbatore",
        "state": "Tamil Nadu",
        "data_source_type": "OpenStreetMap Public Data"
      }
    },
    {
      "type": "Feature",
      "id": 9892653665,
      "geometry": {
        "type": "Point",
        "coordinates": [
          76.9784869,
          10.9674892
        ]
      },
      "properties": {
        "id": 9892653665,
        "name": "Hubris Pharmaceuticals Pvt Ltd",
        "facility_type": "office",
        "category": "Company",
        "capacity": 265,
        "district": "Coimbatore",
        "state": "Tamil Nadu",
        "data_source_type": "OpenStreetMap Public Data"
      }
    },
    {
      "type": "Feature",
      "id": 10039578495,
      "geometry": {
        "type": "Point",
        "coordinates": [
          77.1504848,
          11.0239521
        ]
      },
      "properties": {
        "id": 10039578495,
        "name": "Kangeyampalayam union office",
        "facility_type": "office",
        "category": "Company",
        "capacity": 595,
        "district": "Coimbatore",
        "state": "Tamil Nadu",
        "data_source_type": "OpenStreetMap Public Data"
      }
    },
    {
      "type": "Feature",
      "id": 10039578498,
      "geometry": {
        "type": "Point",
        "coordinates": [
          77.1502362,
          11.0267363
        ]
      },
      "properties": {
        "id": 10039578498,
        "name": "Government school",
        "facility_type": "office",
        "category": "Company",
        "capacity": 598,
        "district": "Coimbatore",
        "state": "Tamil Nadu",
        "data_source_type": "OpenStreetMap Public Data"
      }
    },
    {
      "type": "Feature",
      "id": 10072873828,
      "geometry": {
        "type": "Point",
        "coordinates": [
          77.0679581,
          11.0600516
        ]
      },
      "properties": {
        "id": 10072873828,
        "name": "Leo Packers and Movers Coimbatore",
        "facility_type": "office",
        "category": "Company",
        "capacity": 428,
        "district": "Coimbatore",
        "state": "Tamil Nadu",
        "data_source_type": "OpenStreetMap Public Data"
      }
    },
    {
      "type": "Feature",
      "id": 10197090273,
      "geometry": {
        "type": "Point",
        "coordinates": [
          76.9508567,
          11.2402222
        ]
      },
      "properties": {
        "id": 10197090273,
        "name": "Sri vinayaga electricals",
        "facility_type": "shop",
        "category": "Commercial POI",
        "capacity": 373,
        "district": "Coimbatore",
        "state": "Tamil Nadu",
        "data_source_type": "OpenStreetMap Public Data"
      }
    },
    {
      "type": "Feature",
      "id": 10197090274,
      "geometry": {
        "type": "Point",
        "coordinates": [
          76.9507775,
          11.2403557
        ]
      },
      "properties": {
        "id": 10197090274,
        "name": "Uzhavan Vegetable store",
        "facility_type": "shop",
        "category": "Commercial POI",
        "capacity": 374,
        "district": "Coimbatore",
        "state": "Tamil Nadu",
        "data_source_type": "OpenStreetMap Public Data"
      }
    },
    {
      "type": "Feature",
      "id": 10197090275,
      "geometry": {
        "type": "Point",
        "coordinates": [
          76.9470285,
          11.2387516
        ]
      },
      "properties": {
        "id": 10197090275,
        "name": "POI 1222",
        "facility_type": "shop",
        "category": "Commercial POI",
        "capacity": 375,
        "district": "Coimbatore",
        "state": "Tamil Nadu",
        "data_source_type": "OpenStreetMap Public Data"
      }
    },
    {
      "type": "Feature",
      "id": 10197090276,
      "geometry": {
        "type": "Point",
        "coordinates": [
          76.9450933,
          11.2381202
        ]
      },
      "properties": {
        "id": 10197090276,
        "name": "POI 1223",
        "facility_type": "shop",
        "category": "Commercial POI",
        "capacity": 376,
        "district": "Coimbatore",
        "state": "Tamil Nadu",
        "data_source_type": "OpenStreetMap Public Data"
      }
    },
    {
      "type": "Feature",
      "id": 10197090277,
      "geometry": {
        "type": "Point",
        "coordinates": [
          76.9375522,
          11.2357643
        ]
      },
      "properties": {
        "id": 10197090277,
        "name": "Restpark Bakery",
        "facility_type": "shop",
        "category": "Commercial POI",
        "capacity": 377,
        "district": "Coimbatore",
        "state": "Tamil Nadu",
        "data_source_type": "OpenStreetMap Public Data"
      }
    },
    {
      "type": "Feature",
      "id": 10199105817,
      "geometry": {
        "type": "Point",
        "coordinates": [
          76.9605934,
          11.0515033
        ]
      },
      "properties": {
        "id": 10199105817,
        "name": "MAH",
        "facility_type": "shop",
        "category": "Commercial POI",
        "capacity": 417,
        "district": "Coimbatore",
        "state": "Tamil Nadu",
        "data_source_type": "OpenStreetMap Public Data"
      }
    },
    {
      "type": "Feature",
      "id": 10206677617,
      "geometry": {
        "type": "Point",
        "coordinates": [
          76.9606521,
          11.0532302
        ]
      },
      "properties": {
        "id": 10206677617,
        "name": "MAH",
        "facility_type": "shop",
        "category": "Commercial POI",
        "capacity": 217,
        "district": "Coimbatore",
        "state": "Tamil Nadu",
        "data_source_type": "OpenStreetMap Public Data"
      }
    },
    {
      "type": "Feature",
      "id": 10216865007,
      "geometry": {
        "type": "Point",
        "coordinates": [
          77.1571877,
          11.0316226
        ]
      },
      "properties": {
        "id": 10216865007,
        "name": "POI 1227",
        "facility_type": "temple",
        "category": "Religious POI",
        "capacity": 107,
        "district": "Coimbatore",
        "state": "Tamil Nadu",
        "data_source_type": "OpenStreetMap Public Data"
      }
    },
    {
      "type": "Feature",
      "id": 10216865008,
      "geometry": {
        "type": "Point",
        "coordinates": [
          77.1506189,
          11.0277097
        ]
      },
      "properties": {
        "id": 10216865008,
        "name": "Ration Shop",
        "facility_type": "shop",
        "category": "Commercial POI",
        "capacity": 108,
        "district": "Coimbatore",
        "state": "Tamil Nadu",
        "data_source_type": "OpenStreetMap Public Data"
      }
    },
    {
      "type": "Feature",
      "id": 10216865009,
      "geometry": {
        "type": "Point",
        "coordinates": [
          77.1506731,
          11.0264213
        ]
      },
      "properties": {
        "id": 10216865009,
        "name": "Ration Shop",
        "facility_type": "shop",
        "category": "Commercial POI",
        "capacity": 109,
        "district": "Coimbatore",
        "state": "Tamil Nadu",
        "data_source_type": "OpenStreetMap Public Data"
      }
    },
    {
      "type": "Feature",
      "id": 10216873096,
      "geometry": {
        "type": "Point",
        "coordinates": [
          77.1527528,
          11.0276423
        ]
      },
      "properties": {
        "id": 10216873096,
        "name": "Instamart",
        "facility_type": "shop",
        "category": "Commercial POI",
        "capacity": 196,
        "district": "Coimbatore",
        "state": "Tamil Nadu",
        "data_source_type": "OpenStreetMap Public Data"
      }
    },
    {
      "type": "Feature",
      "id": 10222678297,
      "geometry": {
        "type": "Point",
        "coordinates": [
          76.9311878,
          11.2631849
        ]
      },
      "properties": {
        "id": 10222678297,
        "name": "POI 1231",
        "facility_type": "shop",
        "category": "Commercial POI",
        "capacity": 397,
        "district": "Coimbatore",
        "state": "Tamil Nadu",
        "data_source_type": "OpenStreetMap Public Data"
      }
    },
    {
      "type": "Feature",
      "id": 10247985969,
      "geometry": {
        "type": "Point",
        "coordinates": [
          76.889192,
          11.2227474
        ]
      },
      "properties": {
        "id": 10247985969,
        "name": "M.K BAKES",
        "facility_type": "shop",
        "category": "Commercial POI",
        "capacity": 569,
        "district": "Coimbatore",
        "state": "Tamil Nadu",
        "data_source_type": "OpenStreetMap Public Data"
      }
    },
    {
      "type": "Feature",
      "id": 10258218872,
      "geometry": {
        "type": "Point",
        "coordinates": [
          76.9552906,
          11.2525292
        ]
      },
      "properties": {
        "id": 10258218872,
        "name": "POI 1233",
        "facility_type": "shop",
        "category": "Commercial POI",
        "capacity": 472,
        "district": "Coimbatore",
        "state": "Tamil Nadu",
        "data_source_type": "OpenStreetMap Public Data"
      }
    },
    {
      "type": "Feature",
      "id": 10274786676,
      "geometry": {
        "type": "Point",
        "coordinates": [
          76.9596828,
          11.2410255
        ]
      },
      "properties": {
        "id": 10274786676,
        "name": "Kadhar Stores",
        "facility_type": "shop",
        "category": "Commercial POI",
        "capacity": 276,
        "district": "Coimbatore",
        "state": "Tamil Nadu",
        "data_source_type": "OpenStreetMap Public Data"
      }
    },
    {
      "type": "Feature",
      "id": 10289023512,
      "geometry": {
        "type": "Point",
        "coordinates": [
          77.0190445,
          11.0319188
        ]
      },
      "properties": {
        "id": 10289023512,
        "name": "Atom8 IT solutions P Ltd",
        "facility_type": "office",
        "category": "Company",
        "capacity": 112,
        "district": "Coimbatore",
        "state": "Tamil Nadu",
        "data_source_type": "OpenStreetMap Public Data"
      }
    },
    {
      "type": "Feature",
      "id": 10292796929,
      "geometry": {
        "type": "Point",
        "coordinates": [
          76.8779968,
          11.0410773
        ]
      },
      "properties": {
        "id": 10292796929,
        "name": "SSA STATIONARY SHOP",
        "facility_type": "shop",
        "category": "Commercial POI",
        "capacity": 529,
        "district": "Coimbatore",
        "state": "Tamil Nadu",
        "data_source_type": "OpenStreetMap Public Data"
      }
    },
    {
      "type": "Feature",
      "id": 10295458010,
      "geometry": {
        "type": "Point",
        "coordinates": [
          77.017863,
          11.0310447
        ]
      },
      "properties": {
        "id": 10295458010,
        "name": "Entrance",
        "facility_type": "shop",
        "category": "Commercial POI",
        "capacity": 110,
        "district": "Coimbatore",
        "state": "Tamil Nadu",
        "data_source_type": "OpenStreetMap Public Data"
      }
    },
    {
      "type": "Feature",
      "id": 10572383557,
      "geometry": {
        "type": "Point",
        "coordinates": [
          76.8861389,
          11.0992107
        ]
      },
      "properties": {
        "id": 10572383557,
        "name": "Ponnuthu Amman Temple",
        "facility_type": "temple",
        "category": "Religious POI",
        "capacity": 157,
        "district": "Coimbatore",
        "state": "Tamil Nadu",
        "data_source_type": "OpenStreetMap Public Data"
      }
    },
    {
      "type": "Feature",
      "id": 10572757409,
      "geometry": {
        "type": "Point",
        "coordinates": [
          76.9259033,
          11.0193931
        ]
      },
      "properties": {
        "id": 10572757409,
        "name": "POI 1239",
        "facility_type": "shop",
        "category": "Commercial POI",
        "capacity": 509,
        "district": "Coimbatore",
        "state": "Tamil Nadu",
        "data_source_type": "OpenStreetMap Public Data"
      }
    },
    {
      "type": "Feature",
      "id": 10576951708,
      "geometry": {
        "type": "Point",
        "coordinates": [
          77.0352632,
          11.0451877
        ]
      },
      "properties": {
        "id": 10576951708,
        "name": "ByVal Technologies India Private Limited",
        "facility_type": "office",
        "category": "Company",
        "capacity": 308,
        "district": "Coimbatore",
        "state": "Tamil Nadu",
        "data_source_type": "OpenStreetMap Public Data"
      }
    },
    {
      "type": "Feature",
      "id": 10586291987,
      "geometry": {
        "type": "Point",
        "coordinates": [
          77.0941212,
          11.0036128
        ]
      },
      "properties": {
        "id": 10586291987,
        "name": "Kannimar Karupparayan Shrine",
        "facility_type": "temple",
        "category": "Religious POI",
        "capacity": 587,
        "district": "Coimbatore",
        "state": "Tamil Nadu",
        "data_source_type": "OpenStreetMap Public Data"
      }
    },
    {
      "type": "Feature",
      "id": 10586370872,
      "geometry": {
        "type": "Point",
        "coordinates": [
          77.0818087,
          11.0058597
        ]
      },
      "properties": {
        "id": 10586370872,
        "name": "Baby Sweets",
        "facility_type": "shop",
        "category": "Commercial POI",
        "capacity": 472,
        "district": "Coimbatore",
        "state": "Tamil Nadu",
        "data_source_type": "OpenStreetMap Public Data"
      }
    },
    {
      "type": "Feature",
      "id": 10587513868,
      "geometry": {
        "type": "Point",
        "coordinates": [
          76.9246064,
          11.0169879
        ]
      },
      "properties": {
        "id": 10587513868,
        "name": "David Stores",
        "facility_type": "shop",
        "category": "Commercial POI",
        "capacity": 468,
        "district": "Coimbatore",
        "state": "Tamil Nadu",
        "data_source_type": "OpenStreetMap Public Data"
      }
    },
    {
      "type": "Feature",
      "id": 10587513869,
      "geometry": {
        "type": "Point",
        "coordinates": [
          76.9247881,
          11.0175482
        ]
      },
      "properties": {
        "id": 10587513869,
        "name": "POI 1244",
        "facility_type": "shop",
        "category": "Commercial POI",
        "capacity": 469,
        "district": "Coimbatore",
        "state": "Tamil Nadu",
        "data_source_type": "OpenStreetMap Public Data"
      }
    },
    {
      "type": "Feature",
      "id": 10587611614,
      "geometry": {
        "type": "Point",
        "coordinates": [
          76.924619,
          11.0180972
        ]
      },
      "properties": {
        "id": 10587611614,
        "name": "Karpaga Perumal",
        "facility_type": "shop",
        "category": "Commercial POI",
        "capacity": 214,
        "district": "Coimbatore",
        "state": "Tamil Nadu",
        "data_source_type": "OpenStreetMap Public Data"
      }
    },
    {
      "type": "Feature",
      "id": 10587611615,
      "geometry": {
        "type": "Point",
        "coordinates": [
          76.9246884,
          11.0180204
        ]
      },
      "properties": {
        "id": 10587611615,
        "name": "Gold Fancy & Gifts",
        "facility_type": "shop",
        "category": "Commercial POI",
        "capacity": 215,
        "district": "Coimbatore",
        "state": "Tamil Nadu",
        "data_source_type": "OpenStreetMap Public Data"
      }
    },
    {
      "type": "Feature",
      "id": 10588263254,
      "geometry": {
        "type": "Point",
        "coordinates": [
          76.9751657,
          11.0053354
        ]
      },
      "properties": {
        "id": 10588263254,
        "name": "Preethi Pets",
        "facility_type": "shop",
        "category": "Commercial POI",
        "capacity": 354,
        "district": "Coimbatore",
        "state": "Tamil Nadu",
        "data_source_type": "OpenStreetMap Public Data"
      }
    },
    {
      "type": "Feature",
      "id": 10589606778,
      "geometry": {
        "type": "Point",
        "coordinates": [
          76.9448758,
          11.0094755
        ]
      },
      "properties": {
        "id": 10589606778,
        "name": "Pazhamudhir Nilayam",
        "facility_type": "shop",
        "category": "Commercial POI",
        "capacity": 378,
        "district": "Coimbatore",
        "state": "Tamil Nadu",
        "data_source_type": "OpenStreetMap Public Data"
      }
    },
    {
      "type": "Feature",
      "id": 10591398916,
      "geometry": {
        "type": "Point",
        "coordinates": [
          76.9751181,
          11.0053035
        ]
      },
      "properties": {
        "id": 10591398916,
        "name": "POI 1249",
        "facility_type": "shop",
        "category": "Commercial POI",
        "capacity": 516,
        "district": "Coimbatore",
        "state": "Tamil Nadu",
        "data_source_type": "OpenStreetMap Public Data"
      }
    },
    {
      "type": "Feature",
      "id": 10595890823,
      "geometry": {
        "type": "Point",
        "coordinates": [
          76.9247695,
          11.01607
        ]
      },
      "properties": {
        "id": 10595890823,
        "name": "NSR Bakery",
        "facility_type": "shop",
        "category": "Commercial POI",
        "capacity": 423,
        "district": "Coimbatore",
        "state": "Tamil Nadu",
        "data_source_type": "OpenStreetMap Public Data"
      }
    },
    {
      "type": "Feature",
      "id": 10595890824,
      "geometry": {
        "type": "Point",
        "coordinates": [
          76.9245039,
          11.0162123
        ]
      },
      "properties": {
        "id": 10595890824,
        "name": "POI 1251",
        "facility_type": "shop",
        "category": "Commercial POI",
        "capacity": 424,
        "district": "Coimbatore",
        "state": "Tamil Nadu",
        "data_source_type": "OpenStreetMap Public Data"
      }
    },
    {
      "type": "Feature",
      "id": 10595890826,
      "geometry": {
        "type": "Point",
        "coordinates": [
          76.9249955,
          11.0159232
        ]
      },
      "properties": {
        "id": 10595890826,
        "name": "No. 1 Chips",
        "facility_type": "shop",
        "category": "Commercial POI",
        "capacity": 426,
        "district": "Coimbatore",
        "state": "Tamil Nadu",
        "data_source_type": "OpenStreetMap Public Data"
      }
    },
    {
      "type": "Feature",
      "id": 10596071701,
      "geometry": {
        "type": "Point",
        "coordinates": [
          76.9242671,
          11.0162737
        ]
      },
      "properties": {
        "id": 10596071701,
        "name": "Varsha Paper House",
        "facility_type": "shop",
        "category": "Commercial POI",
        "capacity": 301,
        "district": "Coimbatore",
        "state": "Tamil Nadu",
        "data_source_type": "OpenStreetMap Public Data"
      }
    },
    {
      "type": "Feature",
      "id": 10596071702,
      "geometry": {
        "type": "Point",
        "coordinates": [
          76.9253113,
          11.0160183
        ]
      },
      "properties": {
        "id": 10596071702,
        "name": "Boww and Fish",
        "facility_type": "shop",
        "category": "Commercial POI",
        "capacity": 302,
        "district": "Coimbatore",
        "state": "Tamil Nadu",
        "data_source_type": "OpenStreetMap Public Data"
      }
    },
    {
      "type": "Feature",
      "id": 10596071703,
      "geometry": {
        "type": "Point",
        "coordinates": [
          76.9257435,
          11.0157436
        ]
      },
      "properties": {
        "id": 10596071703,
        "name": "Kovai Pets",
        "facility_type": "shop",
        "category": "Commercial POI",
        "capacity": 303,
        "district": "Coimbatore",
        "state": "Tamil Nadu",
        "data_source_type": "OpenStreetMap Public Data"
      }
    },
    {
      "type": "Feature",
      "id": 10596325531,
      "geometry": {
        "type": "Point",
        "coordinates": [
          76.9260505,
          11.0189595
        ]
      },
      "properties": {
        "id": 10596325531,
        "name": "POI 1256",
        "facility_type": "shop",
        "category": "Commercial POI",
        "capacity": 131,
        "district": "Coimbatore",
        "state": "Tamil Nadu",
        "data_source_type": "OpenStreetMap Public Data"
      }
    },
    {
      "type": "Feature",
      "id": 10596381158,
      "geometry": {
        "type": "Point",
        "coordinates": [
          76.9226756,
          11.0172877
        ]
      },
      "properties": {
        "id": 10596381158,
        "name": "Golden Fancy & Gifts",
        "facility_type": "shop",
        "category": "Commercial POI",
        "capacity": 258,
        "district": "Coimbatore",
        "state": "Tamil Nadu",
        "data_source_type": "OpenStreetMap Public Data"
      }
    },
    {
      "type": "Feature",
      "id": 10596416214,
      "geometry": {
        "type": "Point",
        "coordinates": [
          76.9226777,
          11.0166652
        ]
      },
      "properties": {
        "id": 10596416214,
        "name": "POI 1258",
        "facility_type": "shop",
        "category": "Commercial POI",
        "capacity": 314,
        "district": "Coimbatore",
        "state": "Tamil Nadu",
        "data_source_type": "OpenStreetMap Public Data"
      }
    },
    {
      "type": "Feature",
      "id": 10628539693,
      "geometry": {
        "type": "Point",
        "coordinates": [
          76.9626644,
          11.2505885
        ]
      },
      "properties": {
        "id": 10628539693,
        "name": "Karamadai Regulated Market",
        "facility_type": "office",
        "category": "Company",
        "capacity": 293,
        "district": "Coimbatore",
        "state": "Tamil Nadu",
        "data_source_type": "OpenStreetMap Public Data"
      }
    },
    {
      "type": "Feature",
      "id": 10676175783,
      "geometry": {
        "type": "Point",
        "coordinates": [
          76.9584888,
          11.2430232
        ]
      },
      "properties": {
        "id": 10676175783,
        "name": "tamilnadu agro service centre",
        "facility_type": "shop",
        "category": "Commercial POI",
        "capacity": 383,
        "district": "Coimbatore",
        "state": "Tamil Nadu",
        "data_source_type": "OpenStreetMap Public Data"
      }
    },
    {
      "type": "Feature",
      "id": 10676175784,
      "geometry": {
        "type": "Point",
        "coordinates": [
          76.9584553,
          11.2429313
        ]
      },
      "properties": {
        "id": 10676175784,
        "name": "N.M.Dhaneesh Fruit Stall",
        "facility_type": "shop",
        "category": "Commercial POI",
        "capacity": 384,
        "district": "Coimbatore",
        "state": "Tamil Nadu",
        "data_source_type": "OpenStreetMap Public Data"
      }
    },
    {
      "type": "Feature",
      "id": 10676175786,
      "geometry": {
        "type": "Point",
        "coordinates": [
          76.958475,
          11.2429178
        ]
      },
      "properties": {
        "id": 10676175786,
        "name": "Sanjay Xerox",
        "facility_type": "shop",
        "category": "Commercial POI",
        "capacity": 386,
        "district": "Coimbatore",
        "state": "Tamil Nadu",
        "data_source_type": "OpenStreetMap Public Data"
      }
    },
    {
      "type": "Feature",
      "id": 10676175787,
      "geometry": {
        "type": "Point",
        "coordinates": [
          76.9584237,
          11.243
        ]
      },
      "properties": {
        "id": 10676175787,
        "name": "Fashion of men",
        "facility_type": "shop",
        "category": "Commercial POI",
        "capacity": 387,
        "district": "Coimbatore",
        "state": "Tamil Nadu",
        "data_source_type": "OpenStreetMap Public Data"
      }
    },
    {
      "type": "Feature",
      "id": 10681246605,
      "geometry": {
        "type": "Point",
        "coordinates": [
          76.9361898,
          11.040244
        ]
      },
      "properties": {
        "id": 10681246605,
        "name": "TransMom foundation",
        "facility_type": "office",
        "category": "Company",
        "capacity": 205,
        "district": "Coimbatore",
        "state": "Tamil Nadu",
        "data_source_type": "OpenStreetMap Public Data"
      }
    },
    {
      "type": "Feature",
      "id": 10707319521,
      "geometry": {
        "type": "Point",
        "coordinates": [
          77.0615132,
          11.0646785
        ]
      },
      "properties": {
        "id": 10707319521,
        "name": "Madeshwarar Thiru koil",
        "facility_type": "temple",
        "category": "Religious POI",
        "capacity": 121,
        "district": "Coimbatore",
        "state": "Tamil Nadu",
        "data_source_type": "OpenStreetMap Public Data"
      }
    },
    {
      "type": "Feature",
      "id": 10709278218,
      "geometry": {
        "type": "Point",
        "coordinates": [
          77.0554609,
          11.0721245
        ]
      },
      "properties": {
        "id": 10709278218,
        "name": "Reeds World School",
        "facility_type": "school",
        "category": "Education",
        "capacity": 318,
        "district": "Coimbatore",
        "state": "Tamil Nadu",
        "data_source_type": "OpenStreetMap Public Data"
      }
    },
    {
      "type": "Feature",
      "id": 10747769682,
      "geometry": {
        "type": "Point",
        "coordinates": [
          76.8348021,
          10.7526135
        ]
      },
      "properties": {
        "id": 10747769682,
        "name": "Government Ayurveda Dispensary, Kozhinjampara",
        "facility_type": "hospital",
        "category": "Healthcare",
        "capacity": 282,
        "district": "Coimbatore",
        "state": "Tamil Nadu",
        "data_source_type": "OpenStreetMap Public Data"
      }
    },
    {
      "type": "Feature",
      "id": 10747772906,
      "geometry": {
        "type": "Point",
        "coordinates": [
          76.8365336,
          10.7528287
        ]
      },
      "properties": {
        "id": 10747772906,
        "name": "Governmrnt Lower Primary School, Pazhaniyarpalayam",
        "facility_type": "school",
        "category": "Education",
        "capacity": 506,
        "district": "Coimbatore",
        "state": "Tamil Nadu",
        "data_source_type": "OpenStreetMap Public Data"
      }
    },
    {
      "type": "Feature",
      "id": 10747810945,
      "geometry": {
        "type": "Point",
        "coordinates": [
          76.8344634,
          10.7391523
        ]
      },
      "properties": {
        "id": 10747810945,
        "name": "Government Upper Primary School, Kozhinjampara",
        "facility_type": "school",
        "category": "Education",
        "capacity": 545,
        "district": "Coimbatore",
        "state": "Tamil Nadu",
        "data_source_type": "OpenStreetMap Public Data"
      }
    },
    {
      "type": "Feature",
      "id": 10747818690,
      "geometry": {
        "type": "Point",
        "coordinates": [
          76.8344872,
          10.738798
        ]
      },
      "properties": {
        "id": 10747818690,
        "name": "Village Office, Kozhinjampara",
        "facility_type": "office",
        "category": "Company",
        "capacity": 290,
        "district": "Coimbatore",
        "state": "Tamil Nadu",
        "data_source_type": "OpenStreetMap Public Data"
      }
    },
    {
      "type": "Feature",
      "id": 10747829857,
      "geometry": {
        "type": "Point",
        "coordinates": [
          76.8340178,
          10.7368911
        ]
      },
      "properties": {
        "id": 10747829857,
        "name": "Government Homoeo Dispensary, Kozhinjampara",
        "facility_type": "hospital",
        "category": "Healthcare",
        "capacity": 457,
        "district": "Coimbatore",
        "state": "Tamil Nadu",
        "data_source_type": "OpenStreetMap Public Data"
      }
    },
    {
      "type": "Feature",
      "id": 10749956716,
      "geometry": {
        "type": "Point",
        "coordinates": [
          76.8357912,
          10.7307319
        ]
      },
      "properties": {
        "id": 10749956716,
        "name": "Saraswahy Vidyalaya High School",
        "facility_type": "school",
        "category": "Education",
        "capacity": 316,
        "district": "Coimbatore",
        "state": "Tamil Nadu",
        "data_source_type": "OpenStreetMap Public Data"
      }
    },
    {
      "type": "Feature",
      "id": 10749988886,
      "geometry": {
        "type": "Point",
        "coordinates": [
          76.8247167,
          10.7380891
        ]
      },
      "properties": {
        "id": 10749988886,
        "name": "Krishi Bhavan, Kozhinjampara",
        "facility_type": "office",
        "category": "Company",
        "capacity": 486,
        "district": "Coimbatore",
        "state": "Tamil Nadu",
        "data_source_type": "OpenStreetMap Public Data"
      }
    },
    {
      "type": "Feature",
      "id": 10749994845,
      "geometry": {
        "type": "Point",
        "coordinates": [
          76.8255093,
          10.7481334
        ]
      },
      "properties": {
        "id": 10749994845,
        "name": "St Francis Central School",
        "facility_type": "school",
        "category": "Education",
        "capacity": 445,
        "district": "Coimbatore",
        "state": "Tamil Nadu",
        "data_source_type": "OpenStreetMap Public Data"
      }
    },
    {
      "type": "Feature",
      "id": 10750007057,
      "geometry": {
        "type": "Point",
        "coordinates": [
          76.8409254,
          10.7382387
        ]
      },
      "properties": {
        "id": 10750007057,
        "name": "Good News English Medium School",
        "facility_type": "school",
        "category": "Education",
        "capacity": 157,
        "district": "Coimbatore",
        "state": "Tamil Nadu",
        "data_source_type": "OpenStreetMap Public Data"
      }
    },
    {
      "type": "Feature",
      "id": 10750031117,
      "geometry": {
        "type": "Point",
        "coordinates": [
          76.8168024,
          10.7404494
        ]
      },
      "properties": {
        "id": 10750031117,
        "name": "Kerala Water Authority, Nattukal",
        "facility_type": "office",
        "category": "Company",
        "capacity": 217,
        "district": "Coimbatore",
        "state": "Tamil Nadu",
        "data_source_type": "OpenStreetMap Public Data"
      }
    },
    {
      "type": "Feature",
      "id": 10750035275,
      "geometry": {
        "type": "Point",
        "coordinates": [
          76.8266789,
          10.745367
        ]
      },
      "properties": {
        "id": 10750035275,
        "name": "Sub Registrar Office, Kozhinjampara",
        "facility_type": "office",
        "category": "Company",
        "capacity": 375,
        "district": "Coimbatore",
        "state": "Tamil Nadu",
        "data_source_type": "OpenStreetMap Public Data"
      }
    },
    {
      "type": "Feature",
      "id": 10750041400,
      "geometry": {
        "type": "Point",
        "coordinates": [
          76.8164656,
          10.7412751
        ]
      },
      "properties": {
        "id": 10750041400,
        "name": "Assistant Director Of Agriculture Office, Chittur",
        "facility_type": "office",
        "category": "Company",
        "capacity": 500,
        "district": "Coimbatore",
        "state": "Tamil Nadu",
        "data_source_type": "OpenStreetMap Public Data"
      }
    },
    {
      "type": "Feature",
      "id": 10750041808,
      "geometry": {
        "type": "Point",
        "coordinates": [
          76.8166206,
          10.740546
        ]
      },
      "properties": {
        "id": 10750041808,
        "name": "Block Office, Chitoor",
        "facility_type": "office",
        "category": "Company",
        "capacity": 408,
        "district": "Coimbatore",
        "state": "Tamil Nadu",
        "data_source_type": "OpenStreetMap Public Data"
      }
    },
    {
      "type": "Feature",
      "id": 10750467665,
      "geometry": {
        "type": "Point",
        "coordinates": [
          76.8044369,
          10.7504544
        ]
      },
      "properties": {
        "id": 10750467665,
        "name": "Ration Shop ARD Number 30",
        "facility_type": "shop",
        "category": "Commercial POI",
        "capacity": 265,
        "district": "Coimbatore",
        "state": "Tamil Nadu",
        "data_source_type": "OpenStreetMap Public Data"
      }
    },
    {
      "type": "Feature",
      "id": 10750480652,
      "geometry": {
        "type": "Point",
        "coordinates": [
          76.8179559,
          10.7509443
        ]
      },
      "properties": {
        "id": 10750480652,
        "name": "Ration Shop ARD Number 26",
        "facility_type": "shop",
        "category": "Commercial POI",
        "capacity": 252,
        "district": "Coimbatore",
        "state": "Tamil Nadu",
        "data_source_type": "OpenStreetMap Public Data"
      }
    },
    {
      "type": "Feature",
      "id": 10750564162,
      "geometry": {
        "type": "Point",
        "coordinates": [
          76.838767,
          10.7329192
        ]
      },
      "properties": {
        "id": 10750564162,
        "name": "Ration Shop, Perumpara Challa",
        "facility_type": "shop",
        "category": "Commercial POI",
        "capacity": 262,
        "district": "Coimbatore",
        "state": "Tamil Nadu",
        "data_source_type": "OpenStreetMap Public Data"
      }
    },
    {
      "type": "Feature",
      "id": 10750573859,
      "geometry": {
        "type": "Point",
        "coordinates": [
          76.8339452,
          10.739738
        ]
      },
      "properties": {
        "id": 10750573859,
        "name": "Community Health Center, Kozhinjampara",
        "facility_type": "hospital",
        "category": "Healthcare",
        "capacity": 459,
        "district": "Coimbatore",
        "state": "Tamil Nadu",
        "data_source_type": "OpenStreetMap Public Data"
      }
    },
    {
      "type": "Feature",
      "id": 10750578545,
      "geometry": {
        "type": "Point",
        "coordinates": [
          76.8343093,
          10.7397637
        ]
      },
      "properties": {
        "id": 10750578545,
        "name": "Government Hospital, Kozhiinjampara",
        "facility_type": "hospital",
        "category": "Healthcare",
        "capacity": 145,
        "district": "Coimbatore",
        "state": "Tamil Nadu",
        "data_source_type": "OpenStreetMap Public Data"
      }
    },
    {
      "type": "Feature",
      "id": 10761084227,
      "geometry": {
        "type": "Point",
        "coordinates": [
          77.0427314,
          11.0420024
        ]
      },
      "properties": {
        "id": 10761084227,
        "name": "True value",
        "facility_type": "shop",
        "category": "Commercial POI",
        "capacity": 327,
        "district": "Coimbatore",
        "state": "Tamil Nadu",
        "data_source_type": "OpenStreetMap Public Data"
      }
    },
    {
      "type": "Feature",
      "id": 10761094382,
      "geometry": {
        "type": "Point",
        "coordinates": [
          77.0653927,
          11.0554435
        ]
      },
      "properties": {
        "id": 10761094382,
        "name": "Government school",
        "facility_type": "school",
        "category": "Education",
        "capacity": 482,
        "district": "Coimbatore",
        "state": "Tamil Nadu",
        "data_source_type": "OpenStreetMap Public Data"
      }
    },
    {
      "type": "Feature",
      "id": 10811180278,
      "geometry": {
        "type": "Point",
        "coordinates": [
          77.1574656,
          10.9034168
        ]
      },
      "properties": {
        "id": 10811180278,
        "name": "Kannukutty Organic Store",
        "facility_type": "shop",
        "category": "Commercial POI",
        "capacity": 378,
        "district": "Coimbatore",
        "state": "Tamil Nadu",
        "data_source_type": "OpenStreetMap Public Data"
      }
    },
    {
      "type": "Feature",
      "id": 10845027830,
      "geometry": {
        "type": "Point",
        "coordinates": [
          77.0012185,
          11.2474974
        ]
      },
      "properties": {
        "id": 10845027830,
        "name": "Palaniaandavar Temple",
        "facility_type": "temple",
        "category": "Religious POI",
        "capacity": 430,
        "district": "Coimbatore",
        "state": "Tamil Nadu",
        "data_source_type": "OpenStreetMap Public Data"
      }
    },
    {
      "type": "Feature",
      "id": 10959439209,
      "geometry": {
        "type": "Point",
        "coordinates": [
          77.0809996,
          11.0082002
        ]
      },
      "properties": {
        "id": 10959439209,
        "name": "Ration Shop",
        "facility_type": "shop",
        "category": "Commercial POI",
        "capacity": 309,
        "district": "Coimbatore",
        "state": "Tamil Nadu",
        "data_source_type": "OpenStreetMap Public Data"
      }
    },
    {
      "type": "Feature",
      "id": 10959439215,
      "geometry": {
        "type": "Point",
        "coordinates": [
          77.09889,
          10.9970589
        ]
      },
      "properties": {
        "id": 10959439215,
        "name": "Vinayakar Temple",
        "facility_type": "temple",
        "category": "Religious POI",
        "capacity": 315,
        "district": "Coimbatore",
        "state": "Tamil Nadu",
        "data_source_type": "OpenStreetMap Public Data"
      }
    },
    {
      "type": "Feature",
      "id": 10976410005,
      "geometry": {
        "type": "Point",
        "coordinates": [
          76.9588856,
          11.0287951
        ]
      },
      "properties": {
        "id": 10976410005,
        "name": "Praveen Stores",
        "facility_type": "shop",
        "category": "Commercial POI",
        "capacity": 105,
        "district": "Coimbatore",
        "state": "Tamil Nadu",
        "data_source_type": "OpenStreetMap Public Data"
      }
    },
    {
      "type": "Feature",
      "id": 10981917436,
      "geometry": {
        "type": "Point",
        "coordinates": [
          76.989966,
          10.9988634
        ]
      },
      "properties": {
        "id": 10981917436,
        "name": "RVS Land Surveyors",
        "facility_type": "office",
        "category": "Company",
        "capacity": 536,
        "district": "Coimbatore",
        "state": "Tamil Nadu",
        "data_source_type": "OpenStreetMap Public Data"
      }
    },
    {
      "type": "Feature",
      "id": 11065114250,
      "geometry": {
        "type": "Point",
        "coordinates": [
          76.9581878,
          10.8914676
        ]
      },
      "properties": {
        "id": 11065114250,
        "name": "Eezytutorials",
        "facility_type": "office",
        "category": "Company",
        "capacity": 350,
        "district": "Coimbatore",
        "state": "Tamil Nadu",
        "data_source_type": "OpenStreetMap Public Data"
      }
    },
    {
      "type": "Feature",
      "id": 11080409918,
      "geometry": {
        "type": "Point",
        "coordinates": [
          76.954323,
          11.0066484
        ]
      },
      "properties": {
        "id": 11080409918,
        "name": "BRANDUS CREATIVE",
        "facility_type": "office",
        "category": "Company",
        "capacity": 518,
        "district": "Coimbatore",
        "state": "Tamil Nadu",
        "data_source_type": "OpenStreetMap Public Data"
      }
    },
    {
      "type": "Feature",
      "id": 11104100853,
      "geometry": {
        "type": "Point",
        "coordinates": [
          76.8578204,
          10.7458715
        ]
      },
      "properties": {
        "id": 11104100853,
        "name": "kerala government farm",
        "facility_type": "shop",
        "category": "Commercial POI",
        "capacity": 453,
        "district": "Coimbatore",
        "state": "Tamil Nadu",
        "data_source_type": "OpenStreetMap Public Data"
      }
    },
    {
      "type": "Feature",
      "id": 11104100997,
      "geometry": {
        "type": "Point",
        "coordinates": [
          76.859062,
          10.7485051
        ]
      },
      "properties": {
        "id": 11104100997,
        "name": "Eruthempathy Krishi Bhavan എരുത്തേമ്പതി കൃഷി ഭവൻ",
        "facility_type": "shop",
        "category": "Commercial POI",
        "capacity": 597,
        "district": "Coimbatore",
        "state": "Tamil Nadu",
        "data_source_type": "OpenStreetMap Public Data"
      }
    },
    {
      "type": "Feature",
      "id": 11104102367,
      "geometry": {
        "type": "Point",
        "coordinates": [
          76.8652014,
          10.7470007
        ]
      },
      "properties": {
        "id": 11104102367,
        "name": "Ayurvedhik dispensary ആയുർവേദിക് ഡിസ്‌പെൻസറി Hospital",
        "facility_type": "hospital",
        "category": "Healthcare",
        "capacity": 467,
        "district": "Coimbatore",
        "state": "Tamil Nadu",
        "data_source_type": "OpenStreetMap Public Data"
      }
    },
    {
      "type": "Feature",
      "id": 11104109726,
      "geometry": {
        "type": "Point",
        "coordinates": [
          76.8648441,
          10.7460803
        ]
      },
      "properties": {
        "id": 11104109726,
        "name": "Sree Vidya Higher Secondary School",
        "facility_type": "school",
        "category": "Education",
        "capacity": 326,
        "district": "Coimbatore",
        "state": "Tamil Nadu",
        "data_source_type": "OpenStreetMap Public Data"
      }
    },
    {
      "type": "Feature",
      "id": 11104147316,
      "geometry": {
        "type": "Point",
        "coordinates": [
          76.8789125,
          10.7700345
        ]
      },
      "properties": {
        "id": 11104147316,
        "name": "Ration Shop",
        "facility_type": "shop",
        "category": "Commercial POI",
        "capacity": 416,
        "district": "Coimbatore",
        "state": "Tamil Nadu",
        "data_source_type": "OpenStreetMap Public Data"
      }
    },
    {
      "type": "Feature",
      "id": 11111025588,
      "geometry": {
        "type": "Point",
        "coordinates": [
          76.8357596,
          10.8351226
        ]
      },
      "properties": {
        "id": 11111025588,
        "name": "Rto Check Post Office ,Walayar, Kerala",
        "facility_type": "office",
        "category": "Company",
        "capacity": 188,
        "district": "Coimbatore",
        "state": "Tamil Nadu",
        "data_source_type": "OpenStreetMap Public Data"
      }
    },
    {
      "type": "Feature",
      "id": 11111025591,
      "geometry": {
        "type": "Point",
        "coordinates": [
          76.8225791,
          10.8124596
        ]
      },
      "properties": {
        "id": 11111025591,
        "name": "KSEB 110 KV Substation Walayar",
        "facility_type": "office",
        "category": "Company",
        "capacity": 191,
        "district": "Coimbatore",
        "state": "Tamil Nadu",
        "data_source_type": "OpenStreetMap Public Data"
      }
    },
    {
      "type": "Feature",
      "id": 11111053593,
      "geometry": {
        "type": "Point",
        "coordinates": [
          76.84739,
          10.837967
        ]
      },
      "properties": {
        "id": 11111053593,
        "name": "Kerala Forest School Walayar",
        "facility_type": "office",
        "category": "Company",
        "capacity": 193,
        "district": "Coimbatore",
        "state": "Tamil Nadu",
        "data_source_type": "OpenStreetMap Public Data"
      }
    },
    {
      "type": "Feature",
      "id": 11111055107,
      "geometry": {
        "type": "Point",
        "coordinates": [
          76.8219661,
          10.8037234
        ]
      },
      "properties": {
        "id": 11111055107,
        "name": "ALP School kongampara",
        "facility_type": "office",
        "category": "Company",
        "capacity": 207,
        "district": "Coimbatore",
        "state": "Tamil Nadu",
        "data_source_type": "OpenStreetMap Public Data"
      }
    },
    {
      "type": "Feature",
      "id": 11111055108,
      "geometry": {
        "type": "Point",
        "coordinates": [
          76.8210759,
          10.7991888
        ]
      },
      "properties": {
        "id": 11111055108,
        "name": "Ahalia School of Management",
        "facility_type": "office",
        "category": "Company",
        "capacity": 208,
        "district": "Coimbatore",
        "state": "Tamil Nadu",
        "data_source_type": "OpenStreetMap Public Data"
      }
    },
    {
      "type": "Feature",
      "id": 11111058505,
      "geometry": {
        "type": "Point",
        "coordinates": [
          76.8282568,
          10.7969687
        ]
      },
      "properties": {
        "id": 11111058505,
        "name": "Ahalia Women And Children's Hospital",
        "facility_type": "hospital",
        "category": "Healthcare",
        "capacity": 105,
        "district": "Coimbatore",
        "state": "Tamil Nadu",
        "data_source_type": "OpenStreetMap Public Data"
      }
    },
    {
      "type": "Feature",
      "id": 11111060144,
      "geometry": {
        "type": "Point",
        "coordinates": [
          76.8225488,
          10.7778724
        ]
      },
      "properties": {
        "id": 11111060144,
        "name": "Vadakarapathy Village office",
        "facility_type": "office",
        "category": "Company",
        "capacity": 244,
        "district": "Coimbatore",
        "state": "Tamil Nadu",
        "data_source_type": "OpenStreetMap Public Data"
      }
    },
    {
      "type": "Feature",
      "id": 11111061305,
      "geometry": {
        "type": "Point",
        "coordinates": [
          76.8322632,
          10.7946703
        ]
      },
      "properties": {
        "id": 11111061305,
        "name": "Ahalia Ayurveda Medicine Manufacture Unit",
        "facility_type": "hospital",
        "category": "Healthcare",
        "capacity": 405,
        "district": "Coimbatore",
        "state": "Tamil Nadu",
        "data_source_type": "OpenStreetMap Public Data"
      }
    },
    {
      "type": "Feature",
      "id": 11111062263,
      "geometry": {
        "type": "Point",
        "coordinates": [
          76.8399633,
          10.8283893
        ]
      },
      "properties": {
        "id": 11111062263,
        "name": "ESI MEDICAL",
        "facility_type": "hospital",
        "category": "Healthcare",
        "capacity": 363,
        "district": "Coimbatore",
        "state": "Tamil Nadu",
        "data_source_type": "OpenStreetMap Public Data"
      }
    },
    {
      "type": "Feature",
      "id": 11111065644,
      "geometry": {
        "type": "Point",
        "coordinates": [
          76.8147558,
          10.7609627
        ]
      },
      "properties": {
        "id": 11111065644,
        "name": "St. Martin's English Medium High School",
        "facility_type": "office",
        "category": "Company",
        "capacity": 244,
        "district": "Coimbatore",
        "state": "Tamil Nadu",
        "data_source_type": "OpenStreetMap Public Data"
      }
    },
    {
      "type": "Feature",
      "id": 11111065647,
      "geometry": {
        "type": "Point",
        "coordinates": [
          76.8169913,
          10.754697
        ]
      },
      "properties": {
        "id": 11111065647,
        "name": "Badrul Husa women's academy",
        "facility_type": "office",
        "category": "Company",
        "capacity": 247,
        "district": "Coimbatore",
        "state": "Tamil Nadu",
        "data_source_type": "OpenStreetMap Public Data"
      }
    },
    {
      "type": "Feature",
      "id": 11111065648,
      "geometry": {
        "type": "Point",
        "coordinates": [
          76.8166705,
          10.7546505
        ]
      },
      "properties": {
        "id": 11111065648,
        "name": "Al Bathool Girls' Academy College",
        "facility_type": "office",
        "category": "Company",
        "capacity": 248,
        "district": "Coimbatore",
        "state": "Tamil Nadu",
        "data_source_type": "OpenStreetMap Public Data"
      }
    },
    {
      "type": "Feature",
      "id": 11111065649,
      "geometry": {
        "type": "Point",
        "coordinates": [
          76.8176329,
          10.7509426
        ]
      },
      "properties": {
        "id": 11111065649,
        "name": "Government U P School",
        "facility_type": "office",
        "category": "Company",
        "capacity": 249,
        "district": "Coimbatore",
        "state": "Tamil Nadu",
        "data_source_type": "OpenStreetMap Public Data"
      }
    },
    {
      "type": "Feature",
      "id": 11111065699,
      "geometry": {
        "type": "Point",
        "coordinates": [
          76.8489561,
          10.8385282
        ]
      },
      "properties": {
        "id": 11111065699,
        "name": "Assistant Executive Engineer Office",
        "facility_type": "office",
        "category": "Company",
        "capacity": 299,
        "district": "Coimbatore",
        "state": "Tamil Nadu",
        "data_source_type": "OpenStreetMap Public Data"
      }
    },
    {
      "type": "Feature",
      "id": 11162419649,
      "geometry": {
        "type": "Point",
        "coordinates": [
          77.0244449,
          11.0277609
        ]
      },
      "properties": {
        "id": 11162419649,
        "name": "Biggies Burger",
        "facility_type": "shop",
        "category": "Commercial POI",
        "capacity": 249,
        "district": "Coimbatore",
        "state": "Tamil Nadu",
        "data_source_type": "OpenStreetMap Public Data"
      }
    },
    {
      "type": "Feature",
      "id": 11194880114,
      "geometry": {
        "type": "Point",
        "coordinates": [
          77.0767221,
          11.0333875
        ]
      },
      "properties": {
        "id": 11194880114,
        "name": "S.K Bakes",
        "facility_type": "shop",
        "category": "Commercial POI",
        "capacity": 214,
        "district": "Coimbatore",
        "state": "Tamil Nadu",
        "data_source_type": "OpenStreetMap Public Data"
      }
    },
    {
      "type": "Feature",
      "id": 11290522012,
      "geometry": {
        "type": "Point",
        "coordinates": [
          76.9472406,
          11.0300828
        ]
      },
      "properties": {
        "id": 11290522012,
        "name": "Ravi Store",
        "facility_type": "shop",
        "category": "Commercial POI",
        "capacity": 112,
        "district": "Coimbatore",
        "state": "Tamil Nadu",
        "data_source_type": "OpenStreetMap Public Data"
      }
    },
    {
      "type": "Feature",
      "id": 11368079569,
      "geometry": {
        "type": "Point",
        "coordinates": [
          77.0218602,
          11.0208777
        ]
      },
      "properties": {
        "id": 11368079569,
        "name": "Roy Physiotherapy Clinic",
        "facility_type": "hospital",
        "category": "Healthcare",
        "capacity": 169,
        "district": "Coimbatore",
        "state": "Tamil Nadu",
        "data_source_type": "OpenStreetMap Public Data"
      }
    },
    {
      "type": "Feature",
      "id": 11368528169,
      "geometry": {
        "type": "Point",
        "coordinates": [
          77.0020042,
          11.0755978
        ]
      },
      "properties": {
        "id": 11368528169,
        "name": "Sri Krishna Sweets",
        "facility_type": "shop",
        "category": "Commercial POI",
        "capacity": 269,
        "district": "Coimbatore",
        "state": "Tamil Nadu",
        "data_source_type": "OpenStreetMap Public Data"
      }
    },
    {
      "type": "Feature",
      "id": 11698121276,
      "geometry": {
        "type": "Point",
        "coordinates": [
          76.9508062,
          11.0070327
        ]
      },
      "properties": {
        "id": 11698121276,
        "name": "Lookin Digital",
        "facility_type": "office",
        "category": "Company",
        "capacity": 376,
        "district": "Coimbatore",
        "state": "Tamil Nadu",
        "data_source_type": "OpenStreetMap Public Data"
      }
    },
    {
      "type": "Feature",
      "id": 11909734463,
      "geometry": {
        "type": "Point",
        "coordinates": [
          76.9757739,
          11.0049829
        ]
      },
      "properties": {
        "id": 11909734463,
        "name": "LIL WONDERSS",
        "facility_type": "shop",
        "category": "Commercial POI",
        "capacity": 563,
        "district": "Coimbatore",
        "state": "Tamil Nadu",
        "data_source_type": "OpenStreetMap Public Data"
      }
    },
    {
      "type": "Feature",
      "id": 11954964903,
      "geometry": {
        "type": "Point",
        "coordinates": [
          77.002169,
          11.0006954
        ]
      },
      "properties": {
        "id": 11954964903,
        "name": "Taya Home Linens Sowripalayam",
        "facility_type": "shop",
        "category": "Commercial POI",
        "capacity": 503,
        "district": "Coimbatore",
        "state": "Tamil Nadu",
        "data_source_type": "OpenStreetMap Public Data"
      }
    },
    {
      "type": "Feature",
      "id": 11962599671,
      "geometry": {
        "type": "Point",
        "coordinates": [
          76.951449,
          11.0084669
        ]
      },
      "properties": {
        "id": 11962599671,
        "name": "Poogle Media",
        "facility_type": "office",
        "category": "Company",
        "capacity": 271,
        "district": "Coimbatore",
        "state": "Tamil Nadu",
        "data_source_type": "OpenStreetMap Public Data"
      }
    },
    {
      "type": "Feature",
      "id": 11987967474,
      "geometry": {
        "type": "Point",
        "coordinates": [
          76.8729698,
          10.8629775
        ]
      },
      "properties": {
        "id": 11987967474,
        "name": "MDS Bakery",
        "facility_type": "shop",
        "category": "Commercial POI",
        "capacity": 574,
        "district": "Coimbatore",
        "state": "Tamil Nadu",
        "data_source_type": "OpenStreetMap Public Data"
      }
    },
    {
      "type": "Feature",
      "id": 11987986989,
      "geometry": {
        "type": "Point",
        "coordinates": [
          76.9576326,
          10.896513
        ]
      },
      "properties": {
        "id": 11987986989,
        "name": "MDS Bakery",
        "facility_type": "shop",
        "category": "Commercial POI",
        "capacity": 589,
        "district": "Coimbatore",
        "state": "Tamil Nadu",
        "data_source_type": "OpenStreetMap Public Data"
      }
    },
    {
      "type": "Feature",
      "id": 11998948312,
      "geometry": {
        "type": "Point",
        "coordinates": [
          76.9471691,
          10.9658053
        ]
      },
      "properties": {
        "id": 11998948312,
        "name": "AQSA Traders",
        "facility_type": "shop",
        "category": "Commercial POI",
        "capacity": 412,
        "district": "Coimbatore",
        "state": "Tamil Nadu",
        "data_source_type": "OpenStreetMap Public Data"
      }
    },
    {
      "type": "Feature",
      "id": 12006427130,
      "geometry": {
        "type": "Point",
        "coordinates": [
          76.9531707,
          10.9637212
        ]
      },
      "properties": {
        "id": 12006427130,
        "name": "Aram Valartha Mariamman",
        "facility_type": "temple",
        "category": "Religious POI",
        "capacity": 230,
        "district": "Coimbatore",
        "state": "Tamil Nadu",
        "data_source_type": "OpenStreetMap Public Data"
      }
    },
    {
      "type": "Feature",
      "id": 12006446917,
      "geometry": {
        "type": "Point",
        "coordinates": [
          76.9550428,
          10.9640628
        ]
      },
      "properties": {
        "id": 12006446917,
        "name": "Bala Dhandayuthapani Swamy",
        "facility_type": "temple",
        "category": "Religious POI",
        "capacity": 517,
        "district": "Coimbatore",
        "state": "Tamil Nadu",
        "data_source_type": "OpenStreetMap Public Data"
      }
    },
    {
      "type": "Feature",
      "id": 12006461095,
      "geometry": {
        "type": "Point",
        "coordinates": [
          76.9557475,
          10.966398
        ]
      },
      "properties": {
        "id": 12006461095,
        "name": "The Chennai Mobiles",
        "facility_type": "shop",
        "category": "Commercial POI",
        "capacity": 195,
        "district": "Coimbatore",
        "state": "Tamil Nadu",
        "data_source_type": "OpenStreetMap Public Data"
      }
    },
    {
      "type": "Feature",
      "id": 12006544523,
      "geometry": {
        "type": "Point",
        "coordinates": [
          76.9519069,
          10.9668795
        ]
      },
      "properties": {
        "id": 12006544523,
        "name": "Marwa Super Market",
        "facility_type": "shop",
        "category": "Commercial POI",
        "capacity": 123,
        "district": "Coimbatore",
        "state": "Tamil Nadu",
        "data_source_type": "OpenStreetMap Public Data"
      }
    },
    {
      "type": "Feature",
      "id": 12022741803,
      "geometry": {
        "type": "Point",
        "coordinates": [
          76.9516587,
          10.9635835
        ]
      },
      "properties": {
        "id": 12022741803,
        "name": "Srinivasa Perumal",
        "facility_type": "temple",
        "category": "Religious POI",
        "capacity": 403,
        "district": "Coimbatore",
        "state": "Tamil Nadu",
        "data_source_type": "OpenStreetMap Public Data"
      }
    },
    {
      "type": "Feature",
      "id": 12022782363,
      "geometry": {
        "type": "Point",
        "coordinates": [
          76.9550088,
          10.9635112
        ]
      },
      "properties": {
        "id": 12022782363,
        "name": "NS Bakes",
        "facility_type": "shop",
        "category": "Commercial POI",
        "capacity": 463,
        "district": "Coimbatore",
        "state": "Tamil Nadu",
        "data_source_type": "OpenStreetMap Public Data"
      }
    },
    {
      "type": "Feature",
      "id": 12022822447,
      "geometry": {
        "type": "Point",
        "coordinates": [
          76.9525708,
          10.9676748
        ]
      },
      "properties": {
        "id": 12022822447,
        "name": "Bullet Track",
        "facility_type": "shop",
        "category": "Commercial POI",
        "capacity": 547,
        "district": "Coimbatore",
        "state": "Tamil Nadu",
        "data_source_type": "OpenStreetMap Public Data"
      }
    },
    {
      "type": "Feature",
      "id": 12022838252,
      "geometry": {
        "type": "Point",
        "coordinates": [
          76.9500941,
          10.9664124
        ]
      },
      "properties": {
        "id": 12022838252,
        "name": "Fathima Store",
        "facility_type": "shop",
        "category": "Commercial POI",
        "capacity": 352,
        "district": "Coimbatore",
        "state": "Tamil Nadu",
        "data_source_type": "OpenStreetMap Public Data"
      }
    },
    {
      "type": "Feature",
      "id": 12041202796,
      "geometry": {
        "type": "Point",
        "coordinates": [
          76.9450584,
          10.9655568
        ]
      },
      "properties": {
        "id": 12041202796,
        "name": "Hairland",
        "facility_type": "shop",
        "category": "Commercial POI",
        "capacity": 396,
        "district": "Coimbatore",
        "state": "Tamil Nadu",
        "data_source_type": "OpenStreetMap Public Data"
      }
    },
    {
      "type": "Feature",
      "id": 12041721098,
      "geometry": {
        "type": "Point",
        "coordinates": [
          76.9486786,
          10.9617062
        ]
      },
      "properties": {
        "id": 12041721098,
        "name": "Asia Maavu Mill (Flour Mill)",
        "facility_type": "shop",
        "category": "Commercial POI",
        "capacity": 198,
        "district": "Coimbatore",
        "state": "Tamil Nadu",
        "data_source_type": "OpenStreetMap Public Data"
      }
    },
    {
      "type": "Feature",
      "id": 12058688348,
      "geometry": {
        "type": "Point",
        "coordinates": [
          76.9648607,
          11.0087295
        ]
      },
      "properties": {
        "id": 12058688348,
        "name": "Indsys Holdings India Private Limited",
        "facility_type": "office",
        "category": "Company",
        "capacity": 448,
        "district": "Coimbatore",
        "state": "Tamil Nadu",
        "data_source_type": "OpenStreetMap Public Data"
      }
    },
    {
      "type": "Feature",
      "id": 12061244096,
      "geometry": {
        "type": "Point",
        "coordinates": [
          76.9438017,
          10.9621184
        ]
      },
      "properties": {
        "id": 12061244096,
        "name": "Mythili Store",
        "facility_type": "shop",
        "category": "Commercial POI",
        "capacity": 196,
        "district": "Coimbatore",
        "state": "Tamil Nadu",
        "data_source_type": "OpenStreetMap Public Data"
      }
    },
    {
      "type": "Feature",
      "id": 12067835122,
      "geometry": {
        "type": "Point",
        "coordinates": [
          77.1003768,
          10.992908
        ]
      },
      "properties": {
        "id": 12067835122,
        "name": "Ampere Vehicles private Limited Unit 2 (R&D)",
        "facility_type": "office",
        "category": "Company",
        "capacity": 222,
        "district": "Coimbatore",
        "state": "Tamil Nadu",
        "data_source_type": "OpenStreetMap Public Data"
      }
    },
    {
      "type": "Feature",
      "id": 12073252575,
      "geometry": {
        "type": "Point",
        "coordinates": [
          76.9807944,
          11.0039816
        ]
      },
      "properties": {
        "id": 12073252575,
        "name": "Lara styles",
        "facility_type": "shop",
        "category": "Commercial POI",
        "capacity": 175,
        "district": "Coimbatore",
        "state": "Tamil Nadu",
        "data_source_type": "OpenStreetMap Public Data"
      }
    },
    {
      "type": "Feature",
      "id": 12092006371,
      "geometry": {
        "type": "Point",
        "coordinates": [
          76.9847233,
          11.023175
        ]
      },
      "properties": {
        "id": 12092006371,
        "name": "Sri Ramakrishna Matric Higher Secondary School",
        "facility_type": "school",
        "category": "Education",
        "capacity": 471,
        "district": "Coimbatore",
        "state": "Tamil Nadu",
        "data_source_type": "OpenStreetMap Public Data"
      }
    },
    {
      "type": "Feature",
      "id": 12106243161,
      "geometry": {
        "type": "Point",
        "coordinates": [
          77.0405321,
          11.0399624
        ]
      },
      "properties": {
        "id": 12106243161,
        "name": "Shree Aanandhas Sweets & Snacks",
        "facility_type": "shop",
        "category": "Commercial POI",
        "capacity": 261,
        "district": "Coimbatore",
        "state": "Tamil Nadu",
        "data_source_type": "OpenStreetMap Public Data"
      }
    },
    {
      "type": "Feature",
      "id": 12122699748,
      "geometry": {
        "type": "Point",
        "coordinates": [
          77.1014321,
          11.2315485
        ]
      },
      "properties": {
        "id": 12122699748,
        "name": "Annur Police Station",
        "facility_type": "office",
        "category": "Company",
        "capacity": 348,
        "district": "Coimbatore",
        "state": "Tamil Nadu",
        "data_source_type": "OpenStreetMap Public Data"
      }
    },
    {
      "type": "Feature",
      "id": 12124983635,
      "geometry": {
        "type": "Point",
        "coordinates": [
          76.9672728,
          11.0218649
        ]
      },
      "properties": {
        "id": 12124983635,
        "name": "St. Mary's Primary School",
        "facility_type": "school",
        "category": "Education",
        "capacity": 235,
        "district": "Coimbatore",
        "state": "Tamil Nadu",
        "data_source_type": "OpenStreetMap Public Data"
      }
    },
    {
      "type": "Feature",
      "id": 12124983636,
      "geometry": {
        "type": "Point",
        "coordinates": [
          76.9674321,
          11.0221987
        ]
      },
      "properties": {
        "id": 12124983636,
        "name": "St. Mar's High School",
        "facility_type": "school",
        "category": "Education",
        "capacity": 236,
        "district": "Coimbatore",
        "state": "Tamil Nadu",
        "data_source_type": "OpenStreetMap Public Data"
      }
    },
    {
      "type": "Feature",
      "id": 12124983637,
      "geometry": {
        "type": "Point",
        "coordinates": [
          76.9672831,
          11.0226114
        ]
      },
      "properties": {
        "id": 12124983637,
        "name": "Brindisi Matric. Ir. Sec. School",
        "facility_type": "school",
        "category": "Education",
        "capacity": 237,
        "district": "Coimbatore",
        "state": "Tamil Nadu",
        "data_source_type": "OpenStreetMap Public Data"
      }
    },
    {
      "type": "Feature",
      "id": 12168342168,
      "geometry": {
        "type": "Point",
        "coordinates": [
          77.038904,
          11.1352343
        ]
      },
      "properties": {
        "id": 12168342168,
        "name": "ECI Trinity Church இ.சி.ஐ.டிரினிட்டி சர்ச்",
        "facility_type": "temple",
        "category": "Religious POI",
        "capacity": 268,
        "district": "Coimbatore",
        "state": "Tamil Nadu",
        "data_source_type": "OpenStreetMap Public Data"
      }
    },
    {
      "type": "Feature",
      "id": 12168348720,
      "geometry": {
        "type": "Point",
        "coordinates": [
          77.0400615,
          11.1367043
        ]
      },
      "properties": {
        "id": 12168348720,
        "name": "Vinayagar Temple,Balaji Nagar,kovil Palayam விநாயகர் டெம்பிள்,பாலாஜி நகர்,கோவில் பாளையம்",
        "facility_type": "temple",
        "category": "Religious POI",
        "capacity": 320,
        "district": "Coimbatore",
        "state": "Tamil Nadu",
        "data_source_type": "OpenStreetMap Public Data"
      }
    },
    {
      "type": "Feature",
      "id": 12168357608,
      "geometry": {
        "type": "Point",
        "coordinates": [
          77.0339388,
          11.1340882
        ]
      },
      "properties": {
        "id": 12168357608,
        "name": "cheran super market",
        "facility_type": "shop",
        "category": "Commercial POI",
        "capacity": 208,
        "district": "Coimbatore",
        "state": "Tamil Nadu",
        "data_source_type": "OpenStreetMap Public Data"
      }
    },
    {
      "type": "Feature",
      "id": 12173529159,
      "geometry": {
        "type": "Point",
        "coordinates": [
          77.0396052,
          11.134901
        ]
      },
      "properties": {
        "id": 12173529159,
        "name": "rajadurai shop",
        "facility_type": "shop",
        "category": "Commercial POI",
        "capacity": 259,
        "district": "Coimbatore",
        "state": "Tamil Nadu",
        "data_source_type": "OpenStreetMap Public Data"
      }
    },
    {
      "type": "Feature",
      "id": 12201225140,
      "geometry": {
        "type": "Point",
        "coordinates": [
          77.0033824,
          11.0784107
        ]
      },
      "properties": {
        "id": 12201225140,
        "name": "The Chennai Mobiles",
        "facility_type": "shop",
        "category": "Commercial POI",
        "capacity": 240,
        "district": "Coimbatore",
        "state": "Tamil Nadu",
        "data_source_type": "OpenStreetMap Public Data"
      }
    },
    {
      "type": "Feature",
      "id": 12201233948,
      "geometry": {
        "type": "Point",
        "coordinates": [
          77.003195,
          11.0791837
        ]
      },
      "properties": {
        "id": 12201233948,
        "name": "Pazhamudir",
        "facility_type": "shop",
        "category": "Commercial POI",
        "capacity": 548,
        "district": "Coimbatore",
        "state": "Tamil Nadu",
        "data_source_type": "OpenStreetMap Public Data"
      }
    },
    {
      "type": "Feature",
      "id": 12214544631,
      "geometry": {
        "type": "Point",
        "coordinates": [
          76.9038338,
          10.7930454
        ]
      },
      "properties": {
        "id": 12214544631,
        "name": "Police Check Post",
        "facility_type": "office",
        "category": "Company",
        "capacity": 231,
        "district": "Coimbatore",
        "state": "Tamil Nadu",
        "data_source_type": "OpenStreetMap Public Data"
      }
    },
    {
      "type": "Feature",
      "id": 12278802218,
      "geometry": {
        "type": "Point",
        "coordinates": [
          77.0677193,
          11.0864875
        ]
      },
      "properties": {
        "id": 12278802218,
        "name": "RGS Sores",
        "facility_type": "shop",
        "category": "Commercial POI",
        "capacity": 318,
        "district": "Coimbatore",
        "state": "Tamil Nadu",
        "data_source_type": "OpenStreetMap Public Data"
      }
    },
    {
      "type": "Feature",
      "id": 12278812537,
      "geometry": {
        "type": "Point",
        "coordinates": [
          77.0681496,
          11.0854297
        ]
      },
      "properties": {
        "id": 12278812537,
        "name": "Sri Sarvamugoortha Ganapathy",
        "facility_type": "temple",
        "category": "Religious POI",
        "capacity": 137,
        "district": "Coimbatore",
        "state": "Tamil Nadu",
        "data_source_type": "OpenStreetMap Public Data"
      }
    },
    {
      "type": "Feature",
      "id": 12278823329,
      "geometry": {
        "type": "Point",
        "coordinates": [
          77.0669108,
          11.0858423
        ]
      },
      "properties": {
        "id": 12278823329,
        "name": "POI 1355",
        "facility_type": "shop",
        "category": "Commercial POI",
        "capacity": 429,
        "district": "Coimbatore",
        "state": "Tamil Nadu",
        "data_source_type": "OpenStreetMap Public Data"
      }
    },
    {
      "type": "Feature",
      "id": 12285164666,
      "geometry": {
        "type": "Point",
        "coordinates": [
          77.0421296,
          11.1328063
        ]
      },
      "properties": {
        "id": 12285164666,
        "name": "CVC BACKERY",
        "facility_type": "shop",
        "category": "Commercial POI",
        "capacity": 266,
        "district": "Coimbatore",
        "state": "Tamil Nadu",
        "data_source_type": "OpenStreetMap Public Data"
      }
    },
    {
      "type": "Feature",
      "id": 12285239997,
      "geometry": {
        "type": "Point",
        "coordinates": [
          77.0390481,
          11.1346624
        ]
      },
      "properties": {
        "id": 12285239997,
        "name": "Star kids pre school",
        "facility_type": "school",
        "category": "Education",
        "capacity": 597,
        "district": "Coimbatore",
        "state": "Tamil Nadu",
        "data_source_type": "OpenStreetMap Public Data"
      }
    },
    {
      "type": "Feature",
      "id": 12285253756,
      "geometry": {
        "type": "Point",
        "coordinates": [
          77.0343634,
          11.134397
        ]
      },
      "properties": {
        "id": 12285253756,
        "name": "VV complex",
        "facility_type": "shop",
        "category": "Commercial POI",
        "capacity": 356,
        "district": "Coimbatore",
        "state": "Tamil Nadu",
        "data_source_type": "OpenStreetMap Public Data"
      }
    },
    {
      "type": "Feature",
      "id": 12285255906,
      "geometry": {
        "type": "Point",
        "coordinates": [
          77.0350369,
          11.1340331
        ]
      },
      "properties": {
        "id": 12285255906,
        "name": "Gokulam ortho hospital",
        "facility_type": "hospital",
        "category": "Healthcare",
        "capacity": 506,
        "district": "Coimbatore",
        "state": "Tamil Nadu",
        "data_source_type": "OpenStreetMap Public Data"
      }
    },
    {
      "type": "Feature",
      "id": 12285349814,
      "geometry": {
        "type": "Point",
        "coordinates": [
          76.9428933,
          11.0131687
        ]
      },
      "properties": {
        "id": 12285349814,
        "name": "POI 1360",
        "facility_type": "school",
        "category": "Education",
        "capacity": 414,
        "district": "Coimbatore",
        "state": "Tamil Nadu",
        "data_source_type": "OpenStreetMap Public Data"
      }
    },
    {
      "type": "Feature",
      "id": 12285349818,
      "geometry": {
        "type": "Point",
        "coordinates": [
          76.9503906,
          11.0098849
        ]
      },
      "properties": {
        "id": 12285349818,
        "name": "Crocs",
        "facility_type": "shop",
        "category": "Commercial POI",
        "capacity": 418,
        "district": "Coimbatore",
        "state": "Tamil Nadu",
        "data_source_type": "OpenStreetMap Public Data"
      }
    },
    {
      "type": "Feature",
      "id": 12285349820,
      "geometry": {
        "type": "Point",
        "coordinates": [
          76.927426,
          11.0142514
        ]
      },
      "properties": {
        "id": 12285349820,
        "name": "Arulmigu Sri Lakshmi Vinayagar Temple",
        "facility_type": "temple",
        "category": "Religious POI",
        "capacity": 420,
        "district": "Coimbatore",
        "state": "Tamil Nadu",
        "data_source_type": "OpenStreetMap Public Data"
      }
    },
    {
      "type": "Feature",
      "id": 12285349821,
      "geometry": {
        "type": "Point",
        "coordinates": [
          76.9242801,
          11.0169619
        ]
      },
      "properties": {
        "id": 12285349821,
        "name": "POI 1363",
        "facility_type": "school",
        "category": "Education",
        "capacity": 421,
        "district": "Coimbatore",
        "state": "Tamil Nadu",
        "data_source_type": "OpenStreetMap Public Data"
      }
    },
    {
      "type": "Feature",
      "id": 12285349822,
      "geometry": {
        "type": "Point",
        "coordinates": [
          76.9244825,
          11.0177091
        ]
      },
      "properties": {
        "id": 12285349822,
        "name": "POI 1364",
        "facility_type": "temple",
        "category": "Religious POI",
        "capacity": 422,
        "district": "Coimbatore",
        "state": "Tamil Nadu",
        "data_source_type": "OpenStreetMap Public Data"
      }
    },
    {
      "type": "Feature",
      "id": 12285349823,
      "geometry": {
        "type": "Point",
        "coordinates": [
          76.9246,
          11.0182403
        ]
      },
      "properties": {
        "id": 12285349823,
        "name": "Arunai Hospitals",
        "facility_type": "hospital",
        "category": "Healthcare",
        "capacity": 423,
        "district": "Coimbatore",
        "state": "Tamil Nadu",
        "data_source_type": "OpenStreetMap Public Data"
      }
    },
    {
      "type": "Feature",
      "id": 12285349824,
      "geometry": {
        "type": "Point",
        "coordinates": [
          76.9225289,
          11.0170414
        ]
      },
      "properties": {
        "id": 12285349824,
        "name": "POI 1366",
        "facility_type": "temple",
        "category": "Religious POI",
        "capacity": 424,
        "district": "Coimbatore",
        "state": "Tamil Nadu",
        "data_source_type": "OpenStreetMap Public Data"
      }
    },
    {
      "type": "Feature",
      "id": 12285349825,
      "geometry": {
        "type": "Point",
        "coordinates": [
          76.9228008,
          11.0168875
        ]
      },
      "properties": {
        "id": 12285349825,
        "name": "POI 1367",
        "facility_type": "temple",
        "category": "Religious POI",
        "capacity": 425,
        "district": "Coimbatore",
        "state": "Tamil Nadu",
        "data_source_type": "OpenStreetMap Public Data"
      }
    },
    {
      "type": "Feature",
      "id": 12285349826,
      "geometry": {
        "type": "Point",
        "coordinates": [
          76.9229841,
          11.0167708
        ]
      },
      "properties": {
        "id": 12285349826,
        "name": "POI 1368",
        "facility_type": "temple",
        "category": "Religious POI",
        "capacity": 426,
        "district": "Coimbatore",
        "state": "Tamil Nadu",
        "data_source_type": "OpenStreetMap Public Data"
      }
    },
    {
      "type": "Feature",
      "id": 12285349828,
      "geometry": {
        "type": "Point",
        "coordinates": [
          76.9260251,
          11.0150928
        ]
      },
      "properties": {
        "id": 12285349828,
        "name": "Vasanthi Motors",
        "facility_type": "shop",
        "category": "Commercial POI",
        "capacity": 428,
        "district": "Coimbatore",
        "state": "Tamil Nadu",
        "data_source_type": "OpenStreetMap Public Data"
      }
    },
    {
      "type": "Feature",
      "id": 12285349829,
      "geometry": {
        "type": "Point",
        "coordinates": [
          76.9503695,
          11.009973
        ]
      },
      "properties": {
        "id": 12285349829,
        "name": "U.S. Polo Assn.",
        "facility_type": "shop",
        "category": "Commercial POI",
        "capacity": 429,
        "district": "Coimbatore",
        "state": "Tamil Nadu",
        "data_source_type": "OpenStreetMap Public Data"
      }
    },
    {
      "type": "Feature",
      "id": 12285349830,
      "geometry": {
        "type": "Point",
        "coordinates": [
          76.943105,
          11.0127669
        ]
      },
      "properties": {
        "id": 12285349830,
        "name": "St. John De Britto Church",
        "facility_type": "temple",
        "category": "Religious POI",
        "capacity": 430,
        "district": "Coimbatore",
        "state": "Tamil Nadu",
        "data_source_type": "OpenStreetMap Public Data"
      }
    },
    {
      "type": "Feature",
      "id": 12327152393,
      "geometry": {
        "type": "Point",
        "coordinates": [
          76.9862643,
          11.0149022
        ]
      },
      "properties": {
        "id": 12327152393,
        "name": "Fabco",
        "facility_type": "shop",
        "category": "Commercial POI",
        "capacity": 493,
        "district": "Coimbatore",
        "state": "Tamil Nadu",
        "data_source_type": "OpenStreetMap Public Data"
      }
    },
    {
      "type": "Feature",
      "id": 12327159033,
      "geometry": {
        "type": "Point",
        "coordinates": [
          76.9863559,
          11.0149278
        ]
      },
      "properties": {
        "id": 12327159033,
        "name": "Kumar Industries",
        "facility_type": "shop",
        "category": "Commercial POI",
        "capacity": 133,
        "district": "Coimbatore",
        "state": "Tamil Nadu",
        "data_source_type": "OpenStreetMap Public Data"
      }
    },
    {
      "type": "Feature",
      "id": 12345771541,
      "geometry": {
        "type": "Point",
        "coordinates": [
          77.0120636,
          11.0248784
        ]
      },
      "properties": {
        "id": 12345771541,
        "name": "Nschool Academy",
        "facility_type": "office",
        "category": "Company",
        "capacity": 141,
        "district": "Coimbatore",
        "state": "Tamil Nadu",
        "data_source_type": "OpenStreetMap Public Data"
      }
    },
    {
      "type": "Feature",
      "id": 12385860298,
      "geometry": {
        "type": "Point",
        "coordinates": [
          76.9417151,
          11.0197532
        ]
      },
      "properties": {
        "id": 12385860298,
        "name": "River Ev",
        "facility_type": "shop",
        "category": "Commercial POI",
        "capacity": 398,
        "district": "Coimbatore",
        "state": "Tamil Nadu",
        "data_source_type": "OpenStreetMap Public Data"
      }
    },
    {
      "type": "Feature",
      "id": 12393529112,
      "geometry": {
        "type": "Point",
        "coordinates": [
          76.9206756,
          11.0367955
        ]
      },
      "properties": {
        "id": 12393529112,
        "name": "SproutUp Solutions",
        "facility_type": "office",
        "category": "Company",
        "capacity": 212,
        "district": "Coimbatore",
        "state": "Tamil Nadu",
        "data_source_type": "OpenStreetMap Public Data"
      }
    },
    {
      "type": "Feature",
      "id": 12402796111,
      "geometry": {
        "type": "Point",
        "coordinates": [
          76.9014847,
          10.8910552
        ]
      },
      "properties": {
        "id": 12402796111,
        "name": "Wintel Media Unit 1",
        "facility_type": "office",
        "category": "Company",
        "capacity": 211,
        "district": "Coimbatore",
        "state": "Tamil Nadu",
        "data_source_type": "OpenStreetMap Public Data"
      }
    },
    {
      "type": "Feature",
      "id": 12409191907,
      "geometry": {
        "type": "Point",
        "coordinates": [
          77.023769,
          11.1268867
        ]
      },
      "properties": {
        "id": 12409191907,
        "name": "Vinayagar temple",
        "facility_type": "temple",
        "category": "Religious POI",
        "capacity": 507,
        "district": "Coimbatore",
        "state": "Tamil Nadu",
        "data_source_type": "OpenStreetMap Public Data"
      }
    },
    {
      "type": "Feature",
      "id": 12425496319,
      "geometry": {
        "type": "Point",
        "coordinates": [
          77.0139058,
          11.0091738
        ]
      },
      "properties": {
        "id": 12425496319,
        "name": "Shriasys",
        "facility_type": "office",
        "category": "Company",
        "capacity": 419,
        "district": "Coimbatore",
        "state": "Tamil Nadu",
        "data_source_type": "OpenStreetMap Public Data"
      }
    },
    {
      "type": "Feature",
      "id": 12473835683,
      "geometry": {
        "type": "Point",
        "coordinates": [
          77.0101634,
          11.0253639
        ]
      },
      "properties": {
        "id": 12473835683,
        "name": "Peelamedu E2 Police Station",
        "facility_type": "office",
        "category": "Company",
        "capacity": 283,
        "district": "Coimbatore",
        "state": "Tamil Nadu",
        "data_source_type": "OpenStreetMap Public Data"
      }
    },
    {
      "type": "Feature",
      "id": 12473896167,
      "geometry": {
        "type": "Point",
        "coordinates": [
          76.9781012,
          10.9677575
        ]
      },
      "properties": {
        "id": 12473896167,
        "name": "Podanur Police Station",
        "facility_type": "office",
        "category": "Company",
        "capacity": 267,
        "district": "Coimbatore",
        "state": "Tamil Nadu",
        "data_source_type": "OpenStreetMap Public Data"
      }
    },
    {
      "type": "Feature",
      "id": 12473897891,
      "geometry": {
        "type": "Point",
        "coordinates": [
          76.9916717,
          11.0028259
        ]
      },
      "properties": {
        "id": 12473897891,
        "name": "Ramanathapuram Police Station",
        "facility_type": "office",
        "category": "Company",
        "capacity": 491,
        "district": "Coimbatore",
        "state": "Tamil Nadu",
        "data_source_type": "OpenStreetMap Public Data"
      }
    },
    {
      "type": "Feature",
      "id": 12473901192,
      "geometry": {
        "type": "Point",
        "coordinates": [
          76.968262,
          11.0145917
        ]
      },
      "properties": {
        "id": 12473901192,
        "name": "C1 Katoor Police Station",
        "facility_type": "office",
        "category": "Company",
        "capacity": 292,
        "district": "Coimbatore",
        "state": "Tamil Nadu",
        "data_source_type": "OpenStreetMap Public Data"
      }
    },
    {
      "type": "Feature",
      "id": 12473949936,
      "geometry": {
        "type": "Point",
        "coordinates": [
          77.0288423,
          11.0025957
        ]
      },
      "properties": {
        "id": 12473949936,
        "name": "Out Post Police Station - Singanallur",
        "facility_type": "office",
        "category": "Company",
        "capacity": 536,
        "district": "Coimbatore",
        "state": "Tamil Nadu",
        "data_source_type": "OpenStreetMap Public Data"
      }
    },
    {
      "type": "Feature",
      "id": 12473970775,
      "geometry": {
        "type": "Point",
        "coordinates": [
          76.9689359,
          11.0252974
        ]
      },
      "properties": {
        "id": 12473970775,
        "name": "Rathinapuri B-15 Police Station",
        "facility_type": "office",
        "category": "Company",
        "capacity": 375,
        "district": "Coimbatore",
        "state": "Tamil Nadu",
        "data_source_type": "OpenStreetMap Public Data"
      }
    },
    {
      "type": "Feature",
      "id": 12473983454,
      "geometry": {
        "type": "Point",
        "coordinates": [
          76.9412392,
          11.0819434
        ]
      },
      "properties": {
        "id": 12473983454,
        "name": "Thudiyalur Police Station",
        "facility_type": "office",
        "category": "Company",
        "capacity": 554,
        "district": "Coimbatore",
        "state": "Tamil Nadu",
        "data_source_type": "OpenStreetMap Public Data"
      }
    },
    {
      "type": "Feature",
      "id": 12564690167,
      "geometry": {
        "type": "Point",
        "coordinates": [
          76.9279001,
          10.8938826
        ]
      },
      "properties": {
        "id": 12564690167,
        "name": "POI 1387",
        "facility_type": "temple",
        "category": "Religious POI",
        "capacity": 267,
        "district": "Coimbatore",
        "state": "Tamil Nadu",
        "data_source_type": "OpenStreetMap Public Data"
      }
    },
    {
      "type": "Feature",
      "id": 12564706229,
      "geometry": {
        "type": "Point",
        "coordinates": [
          76.8799846,
          10.8659631
        ]
      },
      "properties": {
        "id": 12564706229,
        "name": "POI 1388",
        "facility_type": "temple",
        "category": "Religious POI",
        "capacity": 329,
        "district": "Coimbatore",
        "state": "Tamil Nadu",
        "data_source_type": "OpenStreetMap Public Data"
      }
    },
    {
      "type": "Feature",
      "id": 12564706230,
      "geometry": {
        "type": "Point",
        "coordinates": [
          76.868529,
          10.8593266
        ]
      },
      "properties": {
        "id": 12564706230,
        "name": "POI 1389",
        "facility_type": "temple",
        "category": "Religious POI",
        "capacity": 330,
        "district": "Coimbatore",
        "state": "Tamil Nadu",
        "data_source_type": "OpenStreetMap Public Data"
      }
    },
    {
      "type": "Feature",
      "id": 12564706231,
      "geometry": {
        "type": "Point",
        "coordinates": [
          76.8623551,
          10.8556674
        ]
      },
      "properties": {
        "id": 12564706231,
        "name": "Adyar Ananda Bhavan",
        "facility_type": "shop",
        "category": "Commercial POI",
        "capacity": 331,
        "district": "Coimbatore",
        "state": "Tamil Nadu",
        "data_source_type": "OpenStreetMap Public Data"
      }
    },
    {
      "type": "Feature",
      "id": 12564706232,
      "geometry": {
        "type": "Point",
        "coordinates": [
          76.8575091,
          10.8532811
        ]
      },
      "properties": {
        "id": 12564706232,
        "name": "POI 1391",
        "facility_type": "school",
        "category": "Education",
        "capacity": 332,
        "district": "Coimbatore",
        "state": "Tamil Nadu",
        "data_source_type": "OpenStreetMap Public Data"
      }
    },
    {
      "type": "Feature",
      "id": 12564723110,
      "geometry": {
        "type": "Point",
        "coordinates": [
          77.0521918,
          10.985586
        ]
      },
      "properties": {
        "id": 12564723110,
        "name": "POI 1392",
        "facility_type": "temple",
        "category": "Religious POI",
        "capacity": 210,
        "district": "Coimbatore",
        "state": "Tamil Nadu",
        "data_source_type": "OpenStreetMap Public Data"
      }
    },
    {
      "type": "Feature",
      "id": 12564723111,
      "geometry": {
        "type": "Point",
        "coordinates": [
          77.033656,
          10.9656993
        ]
      },
      "properties": {
        "id": 12564723111,
        "name": "POI 1393",
        "facility_type": "temple",
        "category": "Religious POI",
        "capacity": 211,
        "district": "Coimbatore",
        "state": "Tamil Nadu",
        "data_source_type": "OpenStreetMap Public Data"
      }
    },
    {
      "type": "Feature",
      "id": 12564723112,
      "geometry": {
        "type": "Point",
        "coordinates": [
          77.0629816,
          10.9966398
        ]
      },
      "properties": {
        "id": 12564723112,
        "name": "POI 1394",
        "facility_type": "school",
        "category": "Education",
        "capacity": 212,
        "district": "Coimbatore",
        "state": "Tamil Nadu",
        "data_source_type": "OpenStreetMap Public Data"
      }
    },
    {
      "type": "Feature",
      "id": 12704595390,
      "geometry": {
        "type": "Point",
        "coordinates": [
          76.944463,
          11.022639
        ]
      },
      "properties": {
        "id": 12704595390,
        "name": "Co Optex",
        "facility_type": "shop",
        "category": "Commercial POI",
        "capacity": 490,
        "district": "Coimbatore",
        "state": "Tamil Nadu",
        "data_source_type": "OpenStreetMap Public Data"
      }
    },
    {
      "type": "Feature",
      "id": 12762475212,
      "geometry": {
        "type": "Point",
        "coordinates": [
          77.0871489,
          11.0670022
        ]
      },
      "properties": {
        "id": 12762475212,
        "name": "Sri Ganapathy Mart",
        "facility_type": "shop",
        "category": "Commercial POI",
        "capacity": 312,
        "district": "Coimbatore",
        "state": "Tamil Nadu",
        "data_source_type": "OpenStreetMap Public Data"
      }
    },
    {
      "type": "Feature",
      "id": 12871391064,
      "geometry": {
        "type": "Point",
        "coordinates": [
          76.9799497,
          11.0213783
        ]
      },
      "properties": {
        "id": 12871391064,
        "name": "No 1transport parcel office",
        "facility_type": "shop",
        "category": "Commercial POI",
        "capacity": 164,
        "district": "Coimbatore",
        "state": "Tamil Nadu",
        "data_source_type": "OpenStreetMap Public Data"
      }
    },
    {
      "type": "Feature",
      "id": 12945091502,
      "geometry": {
        "type": "Point",
        "coordinates": [
          76.9961565,
          11.0137699
        ]
      },
      "properties": {
        "id": 12945091502,
        "name": "Mozhi Academy",
        "facility_type": "office",
        "category": "Company",
        "capacity": 102,
        "district": "Coimbatore",
        "state": "Tamil Nadu",
        "data_source_type": "OpenStreetMap Public Data"
      }
    },
    {
      "type": "Feature",
      "id": 13001540233,
      "geometry": {
        "type": "Point",
        "coordinates": [
          76.9493476,
          11.0039357
        ]
      },
      "properties": {
        "id": 13001540233,
        "name": "C-STERC",
        "facility_type": "office",
        "category": "Company",
        "capacity": 333,
        "district": "Coimbatore",
        "state": "Tamil Nadu",
        "data_source_type": "OpenStreetMap Public Data"
      }
    },
    {
      "type": "Feature",
      "id": 13001725799,
      "geometry": {
        "type": "Point",
        "coordinates": [
          76.9501135,
          11.0046849
        ]
      },
      "properties": {
        "id": 13001725799,
        "name": "Chai & Chai",
        "facility_type": "shop",
        "category": "Commercial POI",
        "capacity": 399,
        "district": "Coimbatore",
        "state": "Tamil Nadu",
        "data_source_type": "OpenStreetMap Public Data"
      }
    },
    {
      "type": "Feature",
      "id": 13001835900,
      "geometry": {
        "type": "Point",
        "coordinates": [
          76.9501285,
          11.0040907
        ]
      },
      "properties": {
        "id": 13001835900,
        "name": "Brave & care",
        "facility_type": "shop",
        "category": "Commercial POI",
        "capacity": 500,
        "district": "Coimbatore",
        "state": "Tamil Nadu",
        "data_source_type": "OpenStreetMap Public Data"
      }
    },
    {
      "type": "Feature",
      "id": 13001849060,
      "geometry": {
        "type": "Point",
        "coordinates": [
          76.9500311,
          11.0053262
        ]
      },
      "properties": {
        "id": 13001849060,
        "name": "B-2 R.S.Puram police station",
        "facility_type": "office",
        "category": "Company",
        "capacity": 160,
        "district": "Coimbatore",
        "state": "Tamil Nadu",
        "data_source_type": "OpenStreetMap Public Data"
      }
    },
    {
      "type": "Feature",
      "id": 13179898644,
      "geometry": {
        "type": "Point",
        "coordinates": [
          76.9507978,
          11.267879
        ]
      },
      "properties": {
        "id": 13179898644,
        "name": "Eclat Bridal Store",
        "facility_type": "shop",
        "category": "Commercial POI",
        "capacity": 244,
        "district": "Coimbatore",
        "state": "Tamil Nadu",
        "data_source_type": "OpenStreetMap Public Data"
      }
    },
    {
      "type": "Feature",
      "id": 13181132267,
      "geometry": {
        "type": "Point",
        "coordinates": [
          76.918616,
          11.0451061
        ]
      },
      "properties": {
        "id": 13181132267,
        "name": "POI 1404",
        "facility_type": "shop",
        "category": "Commercial POI",
        "capacity": 367,
        "district": "Coimbatore",
        "state": "Tamil Nadu",
        "data_source_type": "OpenStreetMap Public Data"
      }
    },
    {
      "type": "Feature",
      "id": 13181149732,
      "geometry": {
        "type": "Point",
        "coordinates": [
          76.918341,
          11.0469052
        ]
      },
      "properties": {
        "id": 13181149732,
        "name": "POI 1405",
        "facility_type": "shop",
        "category": "Commercial POI",
        "capacity": 332,
        "district": "Coimbatore",
        "state": "Tamil Nadu",
        "data_source_type": "OpenStreetMap Public Data"
      }
    },
    {
      "type": "Feature",
      "id": 13183335379,
      "geometry": {
        "type": "Point",
        "coordinates": [
          76.9162684,
          11.0429073
        ]
      },
      "properties": {
        "id": 13183335379,
        "name": "POI 1406",
        "facility_type": "shop",
        "category": "Commercial POI",
        "capacity": 479,
        "district": "Coimbatore",
        "state": "Tamil Nadu",
        "data_source_type": "OpenStreetMap Public Data"
      }
    },
    {
      "type": "Feature",
      "id": 13202052215,
      "geometry": {
        "type": "Point",
        "coordinates": [
          76.9758333,
          11.0036242
        ]
      },
      "properties": {
        "id": 13202052215,
        "name": "Signatures Designs and Communications Private Limited",
        "facility_type": "office",
        "category": "Company",
        "capacity": 315,
        "district": "Coimbatore",
        "state": "Tamil Nadu",
        "data_source_type": "OpenStreetMap Public Data"
      }
    },
    {
      "type": "Feature",
      "id": 13249329350,
      "geometry": {
        "type": "Point",
        "coordinates": [
          77.0152978,
          10.7891046
        ]
      },
      "properties": {
        "id": 13249329350,
        "name": "taark Electric Vehicle",
        "facility_type": "shop",
        "category": "Commercial POI",
        "capacity": 450,
        "district": "Coimbatore",
        "state": "Tamil Nadu",
        "data_source_type": "OpenStreetMap Public Data"
      }
    },
    {
      "type": "Feature",
      "id": 13249329367,
      "geometry": {
        "type": "Point",
        "coordinates": [
          77.0171751,
          10.803518
        ]
      },
      "properties": {
        "id": 13249329367,
        "name": "Tata Motors Showroom",
        "facility_type": "shop",
        "category": "Commercial POI",
        "capacity": 467,
        "district": "Coimbatore",
        "state": "Tamil Nadu",
        "data_source_type": "OpenStreetMap Public Data"
      }
    },
    {
      "type": "Feature",
      "id": 13249329376,
      "geometry": {
        "type": "Point",
        "coordinates": [
          77.0159609,
          10.8379156
        ]
      },
      "properties": {
        "id": 13249329376,
        "name": "Maruti Suzuki Arena",
        "facility_type": "shop",
        "category": "Commercial POI",
        "capacity": 476,
        "district": "Coimbatore",
        "state": "Tamil Nadu",
        "data_source_type": "OpenStreetMap Public Data"
      }
    },
    {
      "type": "Feature",
      "id": 13249353725,
      "geometry": {
        "type": "Point",
        "coordinates": [
          76.9778018,
          10.9313605
        ]
      },
      "properties": {
        "id": 13249353725,
        "name": "LTI Mind Tree",
        "facility_type": "office",
        "category": "Company",
        "capacity": 325,
        "district": "Coimbatore",
        "state": "Tamil Nadu",
        "data_source_type": "OpenStreetMap Public Data"
      }
    },
    {
      "type": "Feature",
      "id": 13250151164,
      "geometry": {
        "type": "Point",
        "coordinates": [
          77.0131618,
          11.0174144
        ]
      },
      "properties": {
        "id": 13250151164,
        "name": "National Model Senior Secondary School",
        "facility_type": "school",
        "category": "Education",
        "capacity": 264,
        "district": "Coimbatore",
        "state": "Tamil Nadu",
        "data_source_type": "OpenStreetMap Public Data"
      }
    },
    {
      "type": "Feature",
      "id": 13250204802,
      "geometry": {
        "type": "Point",
        "coordinates": [
          77.0102826,
          11.008207
        ]
      },
      "properties": {
        "id": 13250204802,
        "name": "SGA Skoda",
        "facility_type": "shop",
        "category": "Commercial POI",
        "capacity": 402,
        "district": "Coimbatore",
        "state": "Tamil Nadu",
        "data_source_type": "OpenStreetMap Public Data"
      }
    },
    {
      "type": "Feature",
      "id": 13250204803,
      "geometry": {
        "type": "Point",
        "coordinates": [
          77.0069236,
          10.9990425
        ]
      },
      "properties": {
        "id": 13250204803,
        "name": "C S Academy Trichy Road Campus",
        "facility_type": "school",
        "category": "Education",
        "capacity": 403,
        "district": "Coimbatore",
        "state": "Tamil Nadu",
        "data_source_type": "OpenStreetMap Public Data"
      }
    },
    {
      "type": "Feature",
      "id": 13250216737,
      "geometry": {
        "type": "Point",
        "coordinates": [
          77.0013355,
          11.00117
        ]
      },
      "properties": {
        "id": 13250216737,
        "name": "KIA Service Station",
        "facility_type": "shop",
        "category": "Commercial POI",
        "capacity": 337,
        "district": "Coimbatore",
        "state": "Tamil Nadu",
        "data_source_type": "OpenStreetMap Public Data"
      }
    },
    {
      "type": "Feature",
      "id": 13284389435,
      "geometry": {
        "type": "Point",
        "coordinates": [
          77.0169185,
          11.0201004
        ]
      },
      "properties": {
        "id": 13284389435,
        "name": "Prodigy International Montessori School",
        "facility_type": "school",
        "category": "Education",
        "capacity": 535,
        "district": "Coimbatore",
        "state": "Tamil Nadu",
        "data_source_type": "OpenStreetMap Public Data"
      }
    },
    {
      "type": "Feature",
      "id": 13307772786,
      "geometry": {
        "type": "Point",
        "coordinates": [
          76.8887215,
          11.2219979
        ]
      },
      "properties": {
        "id": 13307772786,
        "name": "senthur hairlines",
        "facility_type": "shop",
        "category": "Commercial POI",
        "capacity": 386,
        "district": "Coimbatore",
        "state": "Tamil Nadu",
        "data_source_type": "OpenStreetMap Public Data"
      }
    },
    {
      "type": "Feature",
      "id": 13313164212,
      "geometry": {
        "type": "Point",
        "coordinates": [
          77.0191588,
          11.0258356
        ]
      },
      "properties": {
        "id": 13313164212,
        "name": "Search Pin - Digital Marketing Company in Coimbatore",
        "facility_type": "office",
        "category": "Company",
        "capacity": 312,
        "district": "Coimbatore",
        "state": "Tamil Nadu",
        "data_source_type": "OpenStreetMap Public Data"
      }
    },
    {
      "type": "Feature",
      "id": 13350882535,
      "geometry": {
        "type": "Point",
        "coordinates": [
          77.0437976,
          11.0932632
        ]
      },
      "properties": {
        "id": 13350882535,
        "name": "Akrti",
        "facility_type": "shop",
        "category": "Commercial POI",
        "capacity": 135,
        "district": "Coimbatore",
        "state": "Tamil Nadu",
        "data_source_type": "OpenStreetMap Public Data"
      }
    },
    {
      "type": "Feature",
      "id": 13360060185,
      "geometry": {
        "type": "Point",
        "coordinates": [
          76.9601911,
          11.2306497
        ]
      },
      "properties": {
        "id": 13360060185,
        "name": "St. Mary Magdalin Church",
        "facility_type": "temple",
        "category": "Religious POI",
        "capacity": 285,
        "district": "Coimbatore",
        "state": "Tamil Nadu",
        "data_source_type": "OpenStreetMap Public Data"
      }
    },
    {
      "type": "Feature",
      "id": 13360091485,
      "geometry": {
        "type": "Point",
        "coordinates": [
          76.9561443,
          11.2319674
        ]
      },
      "properties": {
        "id": 13360091485,
        "name": "Good Shepherd Church",
        "facility_type": "temple",
        "category": "Religious POI",
        "capacity": 585,
        "district": "Coimbatore",
        "state": "Tamil Nadu",
        "data_source_type": "OpenStreetMap Public Data"
      }
    },
    {
      "type": "Feature",
      "id": 13390367102,
      "geometry": {
        "type": "Point",
        "coordinates": [
          76.9933378,
          10.9750895
        ]
      },
      "properties": {
        "id": 13390367102,
        "name": "Kavivaradharaja Perumal Temple",
        "facility_type": "temple",
        "category": "Religious POI",
        "capacity": 202,
        "district": "Coimbatore",
        "state": "Tamil Nadu",
        "data_source_type": "OpenStreetMap Public Data"
      }
    },
    {
      "type": "Feature",
      "id": 13390367103,
      "geometry": {
        "type": "Point",
        "coordinates": [
          76.9959721,
          10.9757337
        ]
      },
      "properties": {
        "id": 13390367103,
        "name": "Coimbatore Corporation Urban Health Centre",
        "facility_type": "hospital",
        "category": "Healthcare",
        "capacity": 203,
        "district": "Coimbatore",
        "state": "Tamil Nadu",
        "data_source_type": "OpenStreetMap Public Data"
      }
    },
    {
      "type": "Feature",
      "id": 13465418674,
      "geometry": {
        "type": "Point",
        "coordinates": [
          76.9730399,
          10.9574899
        ]
      },
      "properties": {
        "id": 13465418674,
        "name": "Chera Home Junction",
        "facility_type": "shop",
        "category": "Commercial POI",
        "capacity": 274,
        "district": "Coimbatore",
        "state": "Tamil Nadu",
        "data_source_type": "OpenStreetMap Public Data"
      }
    },
    {
      "type": "Feature",
      "id": 13564896001,
      "geometry": {
        "type": "Point",
        "coordinates": [
          76.971162,
          10.9981247
        ]
      },
      "properties": {
        "id": 13564896001,
        "name": "Sanrad Infotech",
        "facility_type": "office",
        "category": "Company",
        "capacity": 101,
        "district": "Coimbatore",
        "state": "Tamil Nadu",
        "data_source_type": "OpenStreetMap Public Data"
      }
    },
    {
      "type": "Feature",
      "id": 13601864997,
      "geometry": {
        "type": "Point",
        "coordinates": [
          77.0095428,
          10.9992615
        ]
      },
      "properties": {
        "id": 13601864997,
        "name": "ARTYSTO SALON",
        "facility_type": "shop",
        "category": "Commercial POI",
        "capacity": 597,
        "district": "Coimbatore",
        "state": "Tamil Nadu",
        "data_source_type": "OpenStreetMap Public Data"
      }
    },
    {
      "type": "Feature",
      "id": 13613685314,
      "geometry": {
        "type": "Point",
        "coordinates": [
          76.9860796,
          11.0131885
        ]
      },
      "properties": {
        "id": 13613685314,
        "name": "The Chennai Mobiles",
        "facility_type": "shop",
        "category": "Commercial POI",
        "capacity": 414,
        "district": "Coimbatore",
        "state": "Tamil Nadu",
        "data_source_type": "OpenStreetMap Public Data"
      }
    },
    {
      "type": "Feature",
      "id": 13613712480,
      "geometry": {
        "type": "Point",
        "coordinates": [
          76.9868413,
          11.0127763
        ]
      },
      "properties": {
        "id": 13613712480,
        "name": "Rare Rabbit",
        "facility_type": "shop",
        "category": "Commercial POI",
        "capacity": 580,
        "district": "Coimbatore",
        "state": "Tamil Nadu",
        "data_source_type": "OpenStreetMap Public Data"
      }
    },
    {
      "type": "Feature",
      "id": 13626144044,
      "geometry": {
        "type": "Point",
        "coordinates": [
          77.0050046,
          11.0191352
        ]
      },
      "properties": {
        "id": 13626144044,
        "name": "Sangeetha Fshion Designer",
        "facility_type": "shop",
        "category": "Commercial POI",
        "capacity": 144,
        "district": "Coimbatore",
        "state": "Tamil Nadu",
        "data_source_type": "OpenStreetMap Public Data"
      }
    },
    {
      "type": "Feature",
      "id": 13626150259,
      "geometry": {
        "type": "Point",
        "coordinates": [
          77.0057834,
          11.0192268
        ]
      },
      "properties": {
        "id": 13626150259,
        "name": "Sri Vinayagar Temple",
        "facility_type": "temple",
        "category": "Religious POI",
        "capacity": 359,
        "district": "Coimbatore",
        "state": "Tamil Nadu",
        "data_source_type": "OpenStreetMap Public Data"
      }
    },
    {
      "type": "Feature",
      "id": 13626172672,
      "geometry": {
        "type": "Point",
        "coordinates": [
          77.0079223,
          11.0152713
        ]
      },
      "properties": {
        "id": 13626172672,
        "name": "B Driving School",
        "facility_type": "office",
        "category": "Company",
        "capacity": 272,
        "district": "Coimbatore",
        "state": "Tamil Nadu",
        "data_source_type": "OpenStreetMap Public Data"
      }
    },
    {
      "type": "Feature",
      "id": 13626242151,
      "geometry": {
        "type": "Point",
        "coordinates": [
          77.0076456,
          11.0150191
        ]
      },
      "properties": {
        "id": 13626242151,
        "name": "Renuka devi car accessories",
        "facility_type": "shop",
        "category": "Commercial POI",
        "capacity": 251,
        "district": "Coimbatore",
        "state": "Tamil Nadu",
        "data_source_type": "OpenStreetMap Public Data"
      }
    },
    {
      "type": "Feature",
      "id": 13629409908,
      "geometry": {
        "type": "Point",
        "coordinates": [
          76.9430648,
          11.0688217
        ]
      },
      "properties": {
        "id": 13629409908,
        "name": "Pantaloons",
        "facility_type": "shop",
        "category": "Commercial POI",
        "capacity": 508,
        "district": "Coimbatore",
        "state": "Tamil Nadu",
        "data_source_type": "OpenStreetMap Public Data"
      }
    },
    {
      "type": "Feature",
      "id": 13629409909,
      "geometry": {
        "type": "Point",
        "coordinates": [
          76.9430002,
          11.0687966
        ]
      },
      "properties": {
        "id": 13629409909,
        "name": "Metro",
        "facility_type": "shop",
        "category": "Commercial POI",
        "capacity": 509,
        "district": "Coimbatore",
        "state": "Tamil Nadu",
        "data_source_type": "OpenStreetMap Public Data"
      }
    },
    {
      "type": "Feature",
      "id": 13638545852,
      "geometry": {
        "type": "Point",
        "coordinates": [
          76.9989041,
          11.0225356
        ]
      },
      "properties": {
        "id": 13638545852,
        "name": "Diraa HR Services",
        "facility_type": "office",
        "category": "Company",
        "capacity": 452,
        "district": "Coimbatore",
        "state": "Tamil Nadu",
        "data_source_type": "OpenStreetMap Public Data"
      }
    },
    {
      "type": "Feature",
      "id": 13645076002,
      "geometry": {
        "type": "Point",
        "coordinates": [
          77.0099876,
          11.0948308
        ]
      },
      "properties": {
        "id": 13645076002,
        "name": "Dobbs public school",
        "facility_type": "school",
        "category": "Education",
        "capacity": 102,
        "district": "Coimbatore",
        "state": "Tamil Nadu",
        "data_source_type": "OpenStreetMap Public Data"
      }
    },
    {
      "type": "Feature",
      "id": 13645076101,
      "geometry": {
        "type": "Point",
        "coordinates": [
          77.0117489,
          11.0949567
        ]
      },
      "properties": {
        "id": 13645076101,
        "name": "Government School",
        "facility_type": "school",
        "category": "Education",
        "capacity": 201,
        "district": "Coimbatore",
        "state": "Tamil Nadu",
        "data_source_type": "OpenStreetMap Public Data"
      }
    },
    {
      "type": "Feature",
      "id": 13645086001,
      "geometry": {
        "type": "Point",
        "coordinates": [
          76.9709821,
          11.0572211
        ]
      },
      "properties": {
        "id": 13645086001,
        "name": "Gobi Medical Centre",
        "facility_type": "hospital",
        "category": "Healthcare",
        "capacity": 101,
        "district": "Coimbatore",
        "state": "Tamil Nadu",
        "data_source_type": "OpenStreetMap Public Data"
      }
    },
    {
      "type": "Feature",
      "id": 13651466030,
      "geometry": {
        "type": "Point",
        "coordinates": [
          76.952677,
          11.0179584
        ]
      },
      "properties": {
        "id": 13651466030,
        "name": "District Forest Office - Coimbatore",
        "facility_type": "office",
        "category": "Company",
        "capacity": 130,
        "district": "Coimbatore",
        "state": "Tamil Nadu",
        "data_source_type": "OpenStreetMap Public Data"
      }
    },
    {
      "type": "Feature",
      "id": 13651509842,
      "geometry": {
        "type": "Point",
        "coordinates": [
          76.9532984,
          11.0183041
        ]
      },
      "properties": {
        "id": 13651509842,
        "name": "Coimbatore Forest Range Office",
        "facility_type": "office",
        "category": "Company",
        "capacity": 442,
        "district": "Coimbatore",
        "state": "Tamil Nadu",
        "data_source_type": "OpenStreetMap Public Data"
      }
    },
    {
      "type": "Feature",
      "id": 13657727422,
      "geometry": {
        "type": "Point",
        "coordinates": [
          76.9407281,
          11.0150009
        ]
      },
      "properties": {
        "id": 13657727422,
        "name": "Deputy Director of Horticulture",
        "facility_type": "office",
        "category": "Company",
        "capacity": 522,
        "district": "Coimbatore",
        "state": "Tamil Nadu",
        "data_source_type": "OpenStreetMap Public Data"
      }
    },
    {
      "type": "Feature",
      "id": 13657741853,
      "geometry": {
        "type": "Point",
        "coordinates": [
          76.9399959,
          11.0157692
        ]
      },
      "properties": {
        "id": 13657741853,
        "name": "Agriculture of Engineering Department",
        "facility_type": "office",
        "category": "Company",
        "capacity": 453,
        "district": "Coimbatore",
        "state": "Tamil Nadu",
        "data_source_type": "OpenStreetMap Public Data"
      }
    },
    {
      "type": "Feature",
      "id": 13660608623,
      "geometry": {
        "type": "Point",
        "coordinates": [
          76.9078626,
          11.0250149
        ]
      },
      "properties": {
        "id": 13660608623,
        "name": "Marudhamalai Subramaniya swami Devasthanam high school",
        "facility_type": "school",
        "category": "Education",
        "capacity": 223,
        "district": "Coimbatore",
        "state": "Tamil Nadu",
        "data_source_type": "OpenStreetMap Public Data"
      }
    },
    {
      "type": "Feature",
      "id": 13661115128,
      "geometry": {
        "type": "Point",
        "coordinates": [
          77.0056352,
          10.9975046
        ]
      },
      "properties": {
        "id": 13661115128,
        "name": "Sterling CloudWorks",
        "facility_type": "office",
        "category": "Company",
        "capacity": 228,
        "district": "Coimbatore",
        "state": "Tamil Nadu",
        "data_source_type": "OpenStreetMap Public Data"
      }
    },
    {
      "type": "Feature",
      "id": 13666396973,
      "geometry": {
        "type": "Point",
        "coordinates": [
          76.9891271,
          11.0811525
        ]
      },
      "properties": {
        "id": 13666396973,
        "name": "Thoughtworks\nTechnologies (India) Private Limited",
        "facility_type": "office",
        "category": "Company",
        "capacity": 573,
        "district": "Coimbatore",
        "state": "Tamil Nadu",
        "data_source_type": "OpenStreetMap Public Data"
      }
    },
    {
      "type": "Feature",
      "id": 13673510203,
      "geometry": {
        "type": "Point",
        "coordinates": [
          76.9509163,
          10.910443
        ]
      },
      "properties": {
        "id": 13673510203,
        "name": "Sri Durga Amman Temple",
        "facility_type": "temple",
        "category": "Religious POI",
        "capacity": 303,
        "district": "Coimbatore",
        "state": "Tamil Nadu",
        "data_source_type": "OpenStreetMap Public Data"
      }
    },
    {
      "type": "Feature",
      "id": 13673513631,
      "geometry": {
        "type": "Point",
        "coordinates": [
          76.8447442,
          10.9871744
        ]
      },
      "properties": {
        "id": 13673513631,
        "name": "POI 1447",
        "facility_type": "office",
        "category": "Company",
        "capacity": 231,
        "district": "Coimbatore",
        "state": "Tamil Nadu",
        "data_source_type": "OpenStreetMap Public Data"
      }
    },
    {
      "type": "Feature",
      "id": 13673527215,
      "geometry": {
        "type": "Point",
        "coordinates": [
          76.8424602,
          10.9912998
        ]
      },
      "properties": {
        "id": 13673527215,
        "name": "Thondamuthur Police Station",
        "facility_type": "office",
        "category": "Company",
        "capacity": 315,
        "district": "Coimbatore",
        "state": "Tamil Nadu",
        "data_source_type": "OpenStreetMap Public Data"
      }
    },
    {
      "type": "Feature",
      "id": 13684558145,
      "geometry": {
        "type": "Point",
        "coordinates": [
          76.9119599,
          11.022986
        ]
      },
      "properties": {
        "id": 13684558145,
        "name": "Arul Migu Karuparayaswami Thirukoil",
        "facility_type": "temple",
        "category": "Religious POI",
        "capacity": 245,
        "district": "Coimbatore",
        "state": "Tamil Nadu",
        "data_source_type": "OpenStreetMap Public Data"
      }
    },
    {
      "type": "Feature",
      "id": 13703003220,
      "geometry": {
        "type": "Point",
        "coordinates": [
          76.9228506,
          11.1480038
        ]
      },
      "properties": {
        "id": 13703003220,
        "name": "Pachu Mehendi",
        "facility_type": "shop",
        "category": "Commercial POI",
        "capacity": 320,
        "district": "Coimbatore",
        "state": "Tamil Nadu",
        "data_source_type": "OpenStreetMap Public Data"
      }
    },
    {
      "type": "Feature",
      "id": 13727215134,
      "geometry": {
        "type": "Point",
        "coordinates": [
          76.9758217,
          11.0079129
        ]
      },
      "properties": {
        "id": 13727215134,
        "name": "InfinityHub",
        "facility_type": "office",
        "category": "Company",
        "capacity": 234,
        "district": "Coimbatore",
        "state": "Tamil Nadu",
        "data_source_type": "OpenStreetMap Public Data"
      }
    },
    {
      "type": "Feature",
      "id": 13769333112,
      "geometry": {
        "type": "Point",
        "coordinates": [
          76.925652,
          11.0390837
        ]
      },
      "properties": {
        "id": 13769333112,
        "name": "POI 1452",
        "facility_type": "temple",
        "category": "Religious POI",
        "capacity": 212,
        "district": "Coimbatore",
        "state": "Tamil Nadu",
        "data_source_type": "OpenStreetMap Public Data"
      }
    },
    {
      "type": "Feature",
      "id": 13805493186,
      "geometry": {
        "type": "Point",
        "coordinates": [
          76.9525237,
          11.0205894
        ]
      },
      "properties": {
        "id": 13805493186,
        "name": "Arulmigu Ayyappasamy Thirukovil",
        "facility_type": "temple",
        "category": "Religious POI",
        "capacity": 286,
        "district": "Coimbatore",
        "state": "Tamil Nadu",
        "data_source_type": "OpenStreetMap Public Data"
      }
    },
    {
      "type": "Feature",
      "id": 13928121057,
      "geometry": {
        "type": "Point",
        "coordinates": [
          76.9859383,
          11.031241
        ]
      },
      "properties": {
        "id": 13928121057,
        "name": "Sun Fire Controls",
        "facility_type": "office",
        "category": "Company",
        "capacity": 157,
        "district": "Coimbatore",
        "state": "Tamil Nadu",
        "data_source_type": "OpenStreetMap Public Data"
      }
    },
    {
      "type": "Feature",
      "id": 13930384464,
      "geometry": {
        "type": "Point",
        "coordinates": [
          76.9670057,
          11.0177726
        ]
      },
      "properties": {
        "id": 13930384464,
        "name": "Shree Devi Textile",
        "facility_type": "shop",
        "category": "Commercial POI",
        "capacity": 564,
        "district": "Coimbatore",
        "state": "Tamil Nadu",
        "data_source_type": "OpenStreetMap Public Data"
      }
    },
    {
      "type": "Feature",
      "id": 13930489083,
      "geometry": {
        "type": "Point",
        "coordinates": [
          76.96676,
          11.0172532
        ]
      },
      "properties": {
        "id": 13930489083,
        "name": "Shree Devi Textile",
        "facility_type": "shop",
        "category": "Commercial POI",
        "capacity": 183,
        "district": "Coimbatore",
        "state": "Tamil Nadu",
        "data_source_type": "OpenStreetMap Public Data"
      }
    },
    {
      "type": "Feature",
      "id": 13985392201,
      "geometry": {
        "type": "Point",
        "coordinates": [
          76.9574356,
          11.0173707
        ]
      },
      "properties": {
        "id": 13985392201,
        "name": "Skyy and Skyy Agencies",
        "facility_type": "shop",
        "category": "Commercial POI",
        "capacity": 301,
        "district": "Coimbatore",
        "state": "Tamil Nadu",
        "data_source_type": "OpenStreetMap Public Data"
      }
    },
    {
      "type": "Feature",
      "id": 13995053745,
      "geometry": {
        "type": "Point",
        "coordinates": [
          76.9983268,
          10.9911705
        ]
      },
      "properties": {
        "id": 13995053745,
        "name": "UMA Chicken",
        "facility_type": "shop",
        "category": "Commercial POI",
        "capacity": 345,
        "district": "Coimbatore",
        "state": "Tamil Nadu",
        "data_source_type": "OpenStreetMap Public Data"
      }
    },
    {
      "type": "Feature",
      "id": 14028011677,
      "geometry": {
        "type": "Point",
        "coordinates": [
          77.008222,
          11.0751466
        ]
      },
      "properties": {
        "id": 14028011677,
        "name": "VSS water supply",
        "facility_type": "shop",
        "category": "Commercial POI",
        "capacity": 277,
        "district": "Coimbatore",
        "state": "Tamil Nadu",
        "data_source_type": "OpenStreetMap Public Data"
      }
    },
    {
      "type": "Feature",
      "id": 14028190781,
      "geometry": {
        "type": "Point",
        "coordinates": [
          76.9977576,
          11.0261638
        ]
      },
      "properties": {
        "id": 14028190781,
        "name": "Isha nursery native trees",
        "facility_type": "shop",
        "category": "Commercial POI",
        "capacity": 381,
        "district": "Coimbatore",
        "state": "Tamil Nadu",
        "data_source_type": "OpenStreetMap Public Data"
      }
    },
    {
      "type": "Feature",
      "id": 14050438354,
      "geometry": {
        "type": "Point",
        "coordinates": [
          76.9010594,
          11.2327218
        ]
      },
      "properties": {
        "id": 14050438354,
        "name": "POI 1461",
        "facility_type": "shop",
        "category": "Commercial POI",
        "capacity": 454,
        "district": "Coimbatore",
        "state": "Tamil Nadu",
        "data_source_type": "OpenStreetMap Public Data"
      }
    },
    {
      "type": "Feature",
      "id": 14050438355,
      "geometry": {
        "type": "Point",
        "coordinates": [
          76.9027747,
          11.2329401
        ]
      },
      "properties": {
        "id": 14050438355,
        "name": "Annai Bakery",
        "facility_type": "shop",
        "category": "Commercial POI",
        "capacity": 455,
        "district": "Coimbatore",
        "state": "Tamil Nadu",
        "data_source_type": "OpenStreetMap Public Data"
      }
    },
    {
      "type": "Feature",
      "id": 14051445228,
      "geometry": {
        "type": "Point",
        "coordinates": [
          77.0190148,
          11.0215606
        ]
      },
      "properties": {
        "id": 14051445228,
        "name": "Ji Law Offices",
        "facility_type": "office",
        "category": "Company",
        "capacity": 328,
        "district": "Coimbatore",
        "state": "Tamil Nadu",
        "data_source_type": "OpenStreetMap Public Data"
      }
    },
    {
      "type": "Feature",
      "id": 14056163987,
      "geometry": {
        "type": "Point",
        "coordinates": [
          76.9597642,
          11.2429103
        ]
      },
      "properties": {
        "id": 14056163987,
        "name": "st courier",
        "facility_type": "office",
        "category": "Company",
        "capacity": 587,
        "district": "Coimbatore",
        "state": "Tamil Nadu",
        "data_source_type": "OpenStreetMap Public Data"
      }
    },
    {
      "type": "Feature",
      "id": 14104697957,
      "geometry": {
        "type": "Point",
        "coordinates": [
          77.0036023,
          11.0257296
        ]
      },
      "properties": {
        "id": 14104697957,
        "name": "PSG PUMPS & MOTORS",
        "facility_type": "office",
        "category": "Company",
        "capacity": 557,
        "district": "Coimbatore",
        "state": "Tamil Nadu",
        "data_source_type": "OpenStreetMap Public Data"
      }
    },
    {
      "type": "Feature",
      "id": 14143602415,
      "geometry": {
        "type": "Point",
        "coordinates": [
          77.0120468,
          11.097939
        ]
      },
      "properties": {
        "id": 14143602415,
        "name": "Agasthya Public International School",
        "facility_type": "school",
        "category": "Education",
        "capacity": 515,
        "district": "Coimbatore",
        "state": "Tamil Nadu",
        "data_source_type": "OpenStreetMap Public Data"
      }
    },
    {
      "type": "Feature",
      "id": 14156628956,
      "geometry": {
        "type": "Point",
        "coordinates": [
          77.0334984,
          11.0330891
        ]
      },
      "properties": {
        "id": 14156628956,
        "name": "S F Office",
        "facility_type": "office",
        "category": "Company",
        "capacity": 556,
        "district": "Coimbatore",
        "state": "Tamil Nadu",
        "data_source_type": "OpenStreetMap Public Data"
      }
    },
    {
      "type": "Feature",
      "id": 14158871271,
      "geometry": {
        "type": "Point",
        "coordinates": [
          76.8675002,
          11.2116619
        ]
      },
      "properties": {
        "id": 14158871271,
        "name": "Sri senthur hospital",
        "facility_type": "hospital",
        "category": "Healthcare",
        "capacity": 371,
        "district": "Coimbatore",
        "state": "Tamil Nadu",
        "data_source_type": "OpenStreetMap Public Data"
      }
    },
    {
      "type": "Feature",
      "id": 14158871272,
      "geometry": {
        "type": "Point",
        "coordinates": [
          76.9787545,
          11.0334097
        ]
      },
      "properties": {
        "id": 14158871272,
        "name": "POI 1469",
        "facility_type": "shop",
        "category": "Commercial POI",
        "capacity": 372,
        "district": "Coimbatore",
        "state": "Tamil Nadu",
        "data_source_type": "OpenStreetMap Public Data"
      }
    },
    {
      "type": "Feature",
      "id": 14161840554,
      "geometry": {
        "type": "Point",
        "coordinates": [
          77.0754534,
          11.0079564
        ]
      },
      "properties": {
        "id": 14161840554,
        "name": "DJ Child Clinic (Dr. Thyagarajan)",
        "facility_type": "hospital",
        "category": "Healthcare",
        "capacity": 154,
        "district": "Coimbatore",
        "state": "Tamil Nadu",
        "data_source_type": "OpenStreetMap Public Data"
      }
    },
    {
      "type": "Feature",
      "id": 14161929206,
      "geometry": {
        "type": "Point",
        "coordinates": [
          76.9005085,
          11.2325739
        ]
      },
      "properties": {
        "id": 14161929206,
        "name": "Jishanya Agencies",
        "facility_type": "shop",
        "category": "Commercial POI",
        "capacity": 306,
        "district": "Coimbatore",
        "state": "Tamil Nadu",
        "data_source_type": "OpenStreetMap Public Data"
      }
    },
    {
      "type": "Feature",
      "id": 14161929207,
      "geometry": {
        "type": "Point",
        "coordinates": [
          76.9005538,
          11.2326061
        ]
      },
      "properties": {
        "id": 14161929207,
        "name": "Mataji Electricals & Hardwares",
        "facility_type": "shop",
        "category": "Commercial POI",
        "capacity": 307,
        "district": "Coimbatore",
        "state": "Tamil Nadu",
        "data_source_type": "OpenStreetMap Public Data"
      }
    },
    {
      "type": "Feature",
      "id": 14172810442,
      "geometry": {
        "type": "Point",
        "coordinates": [
          77.0822354,
          11.0694888
        ]
      },
      "properties": {
        "id": 14172810442,
        "name": "Gems B School",
        "facility_type": "school",
        "category": "Education",
        "capacity": 542,
        "district": "Coimbatore",
        "state": "Tamil Nadu",
        "data_source_type": "OpenStreetMap Public Data"
      }
    },
    {
      "type": "Feature",
      "id": 14183782903,
      "geometry": {
        "type": "Point",
        "coordinates": [
          77.033944,
          11.0332032
        ]
      },
      "properties": {
        "id": 14183782903,
        "name": "Principal Office",
        "facility_type": "office",
        "category": "Company",
        "capacity": 503,
        "district": "Coimbatore",
        "state": "Tamil Nadu",
        "data_source_type": "OpenStreetMap Public Data"
      }
    },
    {
      "type": "Feature",
      "id": 14183782904,
      "geometry": {
        "type": "Point",
        "coordinates": [
          77.0341767,
          11.0329885
        ]
      },
      "properties": {
        "id": 14183782904,
        "name": "Sangamam Hall",
        "facility_type": "office",
        "category": "Company",
        "capacity": 504,
        "district": "Coimbatore",
        "state": "Tamil Nadu",
        "data_source_type": "OpenStreetMap Public Data"
      }
    },
    {
      "type": "Feature",
      "id": 14183782905,
      "geometry": {
        "type": "Point",
        "coordinates": [
          77.0339572,
          11.0327189
        ]
      },
      "properties": {
        "id": 14183782905,
        "name": "CDC",
        "facility_type": "office",
        "category": "Company",
        "capacity": 505,
        "district": "Coimbatore",
        "state": "Tamil Nadu",
        "data_source_type": "OpenStreetMap Public Data"
      }
    },
    {
      "type": "Feature",
      "id": 14183782906,
      "geometry": {
        "type": "Point",
        "coordinates": [
          77.0341429,
          11.0327257
        ]
      },
      "properties": {
        "id": 14183782906,
        "name": "Placement Cell",
        "facility_type": "office",
        "category": "Company",
        "capacity": 506,
        "district": "Coimbatore",
        "state": "Tamil Nadu",
        "data_source_type": "OpenStreetMap Public Data"
      }
    },
    {
      "type": "Feature",
      "id": 14183782907,
      "geometry": {
        "type": "Point",
        "coordinates": [
          77.0335481,
          11.0327143
        ]
      },
      "properties": {
        "id": 14183782907,
        "name": "Admission Office",
        "facility_type": "office",
        "category": "Company",
        "capacity": 507,
        "district": "Coimbatore",
        "state": "Tamil Nadu",
        "data_source_type": "OpenStreetMap Public Data"
      }
    },
    {
      "type": "Feature",
      "id": 14183782908,
      "geometry": {
        "type": "Point",
        "coordinates": [
          77.034095,
          11.0331716
        ]
      },
      "properties": {
        "id": 14183782908,
        "name": "Aided Office - G Floor",
        "facility_type": "office",
        "category": "Company",
        "capacity": 508,
        "district": "Coimbatore",
        "state": "Tamil Nadu",
        "data_source_type": "OpenStreetMap Public Data"
      }
    },
    {
      "type": "Feature",
      "id": 14183782909,
      "geometry": {
        "type": "Point",
        "coordinates": [
          77.0341963,
          11.0331745
        ]
      },
      "properties": {
        "id": 14183782909,
        "name": "Sathyam Hall - 1 Floor",
        "facility_type": "office",
        "category": "Company",
        "capacity": 509,
        "district": "Coimbatore",
        "state": "Tamil Nadu",
        "data_source_type": "OpenStreetMap Public Data"
      }
    },
    {
      "type": "Feature",
      "id": 14184358728,
      "geometry": {
        "type": "Point",
        "coordinates": [
          76.9789735,
          10.9677022
        ]
      },
      "properties": {
        "id": 14184358728,
        "name": "medicine Point",
        "facility_type": "shop",
        "category": "Commercial POI",
        "capacity": 328,
        "district": "Coimbatore",
        "state": "Tamil Nadu",
        "data_source_type": "OpenStreetMap Public Data"
      }
    },
    {
      "type": "Feature",
      "id": 14205483302,
      "geometry": {
        "type": "Point",
        "coordinates": [
          76.9871777,
          11.0386073
        ]
      },
      "properties": {
        "id": 14205483302,
        "name": "Masjidur Rahman",
        "facility_type": "temple",
        "category": "Religious POI",
        "capacity": 402,
        "district": "Coimbatore",
        "state": "Tamil Nadu",
        "data_source_type": "OpenStreetMap Public Data"
      }
    }
  ]
}