{
  "type": "FeatureCollection",
  "features": [
    {
      "type": "Feature",
      "id": 39380,
      "geometry": {
        "type": "Polygon",
        "coordinates": [
          [
            [
              77.03274003732083,
              10.9799326
            ],
            [
              77.03246091594977,
              10.981310150152503
            ],
            [
              77.03166604553508,
              10.982477980781809
            ],
            [
              77.03047643789186,
              10.983258300261019
            ],
            [
              77.0290732,
              10.983532312023037
            ],
            [
              77.02766996210813,
              10.983258300261019
            ],
            [
              77.02648035446492,
              10.982477980781809
            ],
            [
              77.02568548405023,
              10.981310150152503
            ],
            [
              77.02540636267916,
              10.9799326
            ],
            [
              77.02568548405023,
              10.978555049847497
            ],
            [
              77.02648035446492,
              10.97738721921819
            ],
            [
              77.02766996210813,
              10.97660689973898
            ],
            [
              77.0290732,
              10.976332887976962
            ],
            [
              77.03047643789186,
              10.97660689973898
            ],
            [
              77.03166604553508,
              10.97738721921819
            ],
            [
              77.03246091594977,
              10.978555049847497
            ],
            [
              77.03274003732083,
              10.9799326
            ]
          ]
        ]
      },
      "properties": {
        "id": 39380,
        "name": "Vellalur",
        "ward_code": "OSM-8380",
        "city": "Coimbatore",
        "district": "Coimbatore",
        "state": "Tamil Nadu",
        "administrative_type": "Urban",
        "local_body": "Coimbatore Local Body",
        "locality": "Vellalur",
        "population": 4500,
        "area_sq_km": 0.5,
        "risk_level": "MEDIUM",
        "coordinates": [
          10.9799326,
          77.0290732
        ],
        "data_source_type": "OpenStreetMap / Overpass API",
        "data_status": "Verified Public Data"
      }
    },
    {
      "type": "Feature",
      "id": 30164,
      "geometry": {
        "type": "Polygon",
        "coordinates": [
          [
            [
              76.95208288747428,
              11.0401716
            ],
            [
              76.95180370900118,
              11.041549150152504
            ],
            [
              76.95100867597365,
              11.04271698078181
            ],
            [
              76.94981882496315,
              11.04349730026102
            ],
            [
              76.9484153,
              11.043771312023038
            ],
            [
              76.94701177503684,
              11.04349730026102
            ],
            [
              76.94582192402633,
              11.04271698078181
            ],
            [
              76.9450268909988,
              11.041549150152504
            ],
            [
              76.94474771252571,
              11.0401716
            ],
            [
              76.9450268909988,
              11.038794049847498
            ],
            [
              76.94582192402633,
              11.037626219218192
            ],
            [
              76.94701177503684,
              11.036845899738982
            ],
            [
              76.9484153,
              11.036571887976963
            ],
            [
              76.94981882496315,
              11.036845899738982
            ],
            [
              76.95100867597365,
              11.037626219218192
            ],
            [
              76.95180370900118,
              11.038794049847498
            ],
            [
              76.95208288747428,
              11.0401716
            ]
          ]
        ]
      },
      "properties": {
        "id": 30164,
        "name": "Housing Unit",
        "ward_code": "OSM-9164",
        "city": "Coimbatore",
        "district": "Coimbatore",
        "state": "Tamil Nadu",
        "administrative_type": "Urban",
        "local_body": "Coimbatore Local Body",
        "locality": "Housing Unit",
        "population": 4500,
        "area_sq_km": 0.5,
        "risk_level": "LOW",
        "coordinates": [
          11.0401716,
          76.9484153
        ],
        "data_source_type": "OpenStreetMap / Overpass API",
        "data_status": "Verified Public Data"
      }
    },
    {
      "type": "Feature",
      "id": 30165,
      "geometry": {
        "type": "Polygon",
        "coordinates": [
          [
            [
              76.95019274734236,
              11.0449641
            ],
            [
              76.94991356431208,
              11.046341650152502
            ],
            [
              76.94911851830679,
              11.047509480781809
            ],
            [
              76.94792864787368,
              11.048289800261019
            ],
            [
              76.9465251,
              11.048563812023037
            ],
            [
              76.94512155212632,
              11.048289800261019
            ],
            [
              76.94393168169321,
              11.047509480781809
            ],
            [
              76.94313663568792,
              11.046341650152502
            ],
            [
              76.94285745265765,
              11.0449641
            ],
            [
              76.94313663568792,
              11.043586549847497
            ],
            [
              76.94393168169321,
              11.04241871921819
            ],
            [
              76.94512155212632,
              11.04163839973898
            ],
            [
              76.9465251,
              11.041364387976962
            ],
            [
              76.94792864787368,
              11.04163839973898
            ],
            [
              76.94911851830679,
              11.04241871921819
            ],
            [
              76.94991356431208,
              11.043586549847497
            ],
            [
              76.95019274734236,
              11.0449641
            ]
          ]
        ]
      },
      "properties": {
        "id": 30165,
        "name": "Kaundampalayam",
        "ward_code": "OSM-9165",
        "city": "Coimbatore",
        "district": "Coimbatore",
        "state": "Tamil Nadu",
        "administrative_type": "Urban",
        "local_body": "Coimbatore Local Body",
        "locality": "Kaundampalayam",
        "population": 4500,
        "area_sq_km": 0.5,
        "risk_level": "MEDIUM",
        "coordinates": [
          11.0449641,
          76.9465251
        ],
        "data_source_type": "OpenStreetMap / Overpass API",
        "data_status": "Verified Public Data"
      }
    },
    {
      "type": "Feature",
      "id": 30166,
      "geometry": {
        "type": "Polygon",
        "coordinates": [
          [
            [
              76.94829183594652,
              11.0520529
            ],
            [
              76.94801264617165,
              11.053430450152502
            ],
            [
              76.94721758095939,
              11.054598280781809
            ],
            [
              76.94602768178102,
              11.055378600261019
            ],
            [
              76.9446241,
              11.055652612023037
            ],
            [
              76.94322051821898,
              11.055378600261019
            ],
            [
              76.94203061904061,
              11.054598280781809
            ],
            [
              76.94123555382835,
              11.053430450152502
            ],
            [
              76.94095636405348,
              11.0520529
            ],
            [
              76.94123555382835,
              11.050675349847497
            ],
            [
              76.94203061904061,
              11.04950751921819
            ],
            [
              76.94322051821898,
              11.04872719973898
            ],
            [
              76.9446241,
              11.048453187976962
            ],
            [
              76.94602768178102,
              11.04872719973898
            ],
            [
              76.94721758095939,
              11.04950751921819
            ],
            [
              76.94801264617165,
              11.050675349847497
            ],
            [
              76.94829183594652,
              11.0520529
            ]
          ]
        ]
      },
      "properties": {
        "id": 30166,
        "name": "Cheran Nagar",
        "ward_code": "OSM-9166",
        "city": "Coimbatore",
        "district": "Coimbatore",
        "state": "Tamil Nadu",
        "administrative_type": "Urban",
        "local_body": "Coimbatore Local Body",
        "locality": "Cheran Nagar",
        "population": 4500,
        "area_sq_km": 0.5,
        "risk_level": "HIGH",
        "coordinates": [
          11.0520529,
          76.9446241
        ],
        "data_source_type": "OpenStreetMap / Overpass API",
        "data_status": "Verified Public Data"
      }
    },
    {
      "type": "Feature",
      "id": 30167,
      "geometry": {
        "type": "Polygon",
        "coordinates": [
          [
            [
              76.94842533914206,
              11.060303
            ],
            [
              76.9481461415119,
              11.061680550152502
            ],
            [
              76.94735105392965,
              11.062848380781809
            ],
            [
              76.94616112127224,
              11.063628700261019
            ],
            [
              76.9447575,
              11.063902712023037
            ],
            [
              76.94335387872775,
              11.063628700261019
            ],
            [
              76.94216394607034,
              11.062848380781809
            ],
            [
              76.94136885848809,
              11.061680550152502
            ],
            [
              76.94108966085793,
              11.060303
            ],
            [
              76.94136885848809,
              11.058925449847496
            ],
            [
              76.94216394607034,
              11.05775761921819
            ],
            [
              76.94335387872775,
              11.05697729973898
            ],
            [
              76.9447575,
              11.056703287976962
            ],
            [
              76.94616112127224,
              11.05697729973898
            ],
            [
              76.94735105392965,
              11.05775761921819
            ],
            [
              76.9481461415119,
              11.058925449847496
            ],
            [
              76.94842533914206,
              11.060303
            ]
          ]
        ]
      },
      "properties": {
        "id": 30167,
        "name": "GN Mills",
        "ward_code": "OSM-9167",
        "city": "Coimbatore",
        "district": "Coimbatore",
        "state": "Tamil Nadu",
        "administrative_type": "Urban",
        "local_body": "Coimbatore Local Body",
        "locality": "GN Mills",
        "population": 4500,
        "area_sq_km": 0.5,
        "risk_level": "LOW",
        "coordinates": [
          11.060303,
          76.9447575
        ],
        "data_source_type": "OpenStreetMap / Overpass API",
        "data_status": "Verified Public Data"
      }
    },
    {
      "type": "Feature",
      "id": 30168,
      "geometry": {
        "type": "Polygon",
        "coordinates": [
          [
            [
              76.94581789278674,
              11.0805532
            ],
            [
              76.94553867584901,
              11.081930750152504
            ],
            [
              76.94474353328351,
              11.08309858078181
            ],
            [
              76.94355351833786,
              11.08387890026102
            ],
            [
              76.9421498,
              11.084152912023038
            ],
            [
              76.94074608166213,
              11.08387890026102
            ],
            [
              76.93955606671648,
              11.08309858078181
            ],
            [
              76.93876092415098,
              11.081930750152504
            ],
            [
              76.93848170721326,
              11.0805532
            ],
            [
              76.93876092415098,
              11.079175649847498
            ],
            [
              76.93955606671648,
              11.078007819218191
            ],
            [
              76.94074608166213,
              11.077227499738981
            ],
            [
              76.9421498,
              11.076953487976963
            ],
            [
              76.94355351833786,
              11.077227499738981
            ],
            [
              76.94474353328351,
              11.078007819218191
            ],
            [
              76.94553867584901,
              11.079175649847498
            ],
            [
              76.94581789278674,
              11.0805532
            ]
          ]
        ]
      },
      "properties": {
        "id": 30168,
        "name": "Thudiyalur",
        "ward_code": "OSM-9168",
        "city": "Coimbatore",
        "district": "Coimbatore",
        "state": "Tamil Nadu",
        "administrative_type": "Urban",
        "local_body": "Coimbatore Local Body",
        "locality": "Thudiyalur",
        "population": 33924,
        "area_sq_km": 0.5,
        "risk_level": "MEDIUM",
        "coordinates": [
          11.0805532,
          76.9421498
        ],
        "data_source_type": "OpenStreetMap / Overpass API",
        "data_status": "Verified Public Data"
      }
    },
    {
      "type": "Feature",
      "id": 50858,
      "geometry": {
        "type": "Polygon",
        "coordinates": [
          [
            [
              77.08519294612483,
              11.2019
            ],
            [
              77.08463427927879,
              11.204655100305004
            ],
            [
              77.08304333070366,
              11.206990761563619
            ],
            [
              77.08066230789802,
              11.20855140052204
            ],
            [
              77.0778537,
              11.209099424046077
            ],
            [
              77.07504509210199,
              11.20855140052204
            ],
            [
              77.07266406929635,
              11.206990761563619
            ],
            [
              77.07107312072122,
              11.204655100305004
            ],
            [
              77.07051445387518,
              11.2019
            ],
            [
              77.07107312072122,
              11.199144899694996
            ],
            [
              77.07266406929635,
              11.196809238436382
            ],
            [
              77.07504509210199,
              11.19524859947796
            ],
            [
              77.0778537,
              11.194700575953924
            ],
            [
              77.08066230789802,
              11.19524859947796
            ],
            [
              77.08304333070366,
              11.196809238436382
            ],
            [
              77.08463427927879,
              11.199144899694996
            ],
            [
              77.08519294612483,
              11.2019
            ]
          ]
        ]
      },
      "properties": {
        "id": 50858,
        "name": "Kariampalayam",
        "ward_code": "OSM-9858",
        "city": "Coimbatore",
        "district": "Coimbatore",
        "state": "Tamil Nadu",
        "administrative_type": "Rural",
        "local_body": "Coimbatore Local Body",
        "locality": "Kariampalayam",
        "population": 4500,
        "area_sq_km": 2.01,
        "risk_level": "LOW",
        "coordinates": [
          11.2019,
          77.0778537
        ],
        "data_source_type": "OpenStreetMap / Overpass API",
        "data_status": "Verified Public Data"
      }
    },
    {
      "type": "Feature",
      "id": 40908,
      "geometry": {
        "type": "Polygon",
        "coordinates": [
          [
            [
              76.94236773280056,
              11.1155895
            ],
            [
              76.94208848236879,
              11.116967050152503
            ],
            [
              76.9412932444203,
              11.11813488078181
            ],
            [
              76.94010308672387,
              11.11891520026102
            ],
            [
              76.9386992,
              11.119189212023038
            ],
            [
              76.93729531327614,
              11.11891520026102
            ],
            [
              76.93610515557971,
              11.11813488078181
            ],
            [
              76.93530991763122,
              11.116967050152503
            ],
            [
              76.93503066719944,
              11.1155895
            ],
            [
              76.93530991763122,
              11.114211949847498
            ],
            [
              76.93610515557971,
              11.113044119218191
            ],
            [
              76.93729531327614,
              11.112263799738981
            ],
            [
              76.9386992,
              11.111989787976963
            ],
            [
              76.94010308672387,
              11.112263799738981
            ],
            [
              76.9412932444203,
              11.113044119218191
            ],
            [
              76.94208848236879,
              11.114211949847498
            ],
            [
              76.94236773280056,
              11.1155895
            ]
          ]
        ]
      },
      "properties": {
        "id": 40908,
        "name": "Narasimhnaickenpalayam",
        "ward_code": "OSM-9908",
        "city": "Coimbatore",
        "district": "Coimbatore",
        "state": "Tamil Nadu",
        "administrative_type": "Urban",
        "local_body": "Coimbatore Local Body",
        "locality": "Narasimhnaickenpalayam",
        "population": 4500,
        "area_sq_km": 0.5,
        "risk_level": "HIGH",
        "coordinates": [
          11.1155895,
          76.9386992
        ],
        "data_source_type": "OpenStreetMap / Overpass API",
        "data_status": "Verified Public Data"
      }
    },
    {
      "type": "Feature",
      "id": 22048,
      "geometry": {
        "type": "Polygon",
        "coordinates": [
          [
            [
              76.94292670943804,
              10.9454149
            ],
            [
              76.94264762063762,
              10.946792450152502
            ],
            [
              76.94185284297625,
              10.947960280781809
            ],
            [
              76.9406633741482,
              10.948740600261019
            ],
            [
              76.9392603,
              10.949014612023037
            ],
            [
              76.9378572258518,
              10.948740600261019
            ],
            [
              76.93666775702376,
              10.947960280781809
            ],
            [
              76.93587297936239,
              10.946792450152502
            ],
            [
              76.93559389056196,
              10.9454149
            ],
            [
              76.93587297936239,
              10.944037349847497
            ],
            [
              76.93666775702376,
              10.94286951921819
            ],
            [
              76.9378572258518,
              10.94208919973898
            ],
            [
              76.9392603,
              10.941815187976962
            ],
            [
              76.9406633741482,
              10.94208919973898
            ],
            [
              76.94185284297625,
              10.94286951921819
            ],
            [
              76.94264762063762,
              10.944037349847497
            ],
            [
              76.94292670943804,
              10.9454149
            ]
          ]
        ]
      },
      "properties": {
        "id": 22048,
        "name": "Kovaipudur",
        "ward_code": "OSM-1048",
        "city": "Coimbatore",
        "district": "Coimbatore",
        "state": "Tamil Nadu",
        "administrative_type": "Urban",
        "local_body": "Coimbatore Local Body",
        "locality": "Kovaipudur",
        "population": 4500,
        "area_sq_km": 0.5,
        "risk_level": "HIGH",
        "coordinates": [
          10.9454149,
          76.9392603
        ],
        "data_source_type": "OpenStreetMap / Overpass API",
        "data_status": "Verified Public Data"
      }
    },
    {
      "type": "Feature",
      "id": 22062,
      "geometry": {
        "type": "Polygon",
        "coordinates": [
          [
            [
              76.92792887577252,
              10.976406
            ],
            [
              76.92688218312853,
              10.981571813071884
            ],
            [
              76.9239014546633,
              10.985951177931785
            ],
            [
              76.91944047926528,
              10.988877375978825
            ],
            [
              76.9141784,
              10.989904920086394
            ],
            [
              76.90891632073472,
              10.988877375978825
            ],
            [
              76.9044553453367,
              10.985951177931785
            ],
            [
              76.90147461687147,
              10.981571813071884
            ],
            [
              76.90042792422747,
              10.976406
            ],
            [
              76.90147461687147,
              10.971240186928117
            ],
            [
              76.9044553453367,
              10.966860822068217
            ],
            [
              76.90891632073472,
              10.963934624021176
            ],
            [
              76.9141784,
              10.962907079913608
            ],
            [
              76.91944047926528,
              10.963934624021176
            ],
            [
              76.9239014546633,
              10.966860822068217
            ],
            [
              76.92688218312853,
              10.971240186928117
            ],
            [
              76.92792887577252,
              10.976406
            ]
          ]
        ]
      },
      "properties": {
        "id": 22062,
        "name": "Perur",
        "ward_code": "OSM-1062",
        "city": "Coimbatore",
        "district": "Coimbatore",
        "state": "Tamil Nadu",
        "administrative_type": "Urban",
        "local_body": "Coimbatore Local Body",
        "locality": "Perur",
        "population": 25000,
        "area_sq_km": 7.07,
        "risk_level": "MEDIUM",
        "coordinates": [
          10.976406,
          76.9141784
        ],
        "data_source_type": "OpenStreetMap / Overpass API",
        "data_status": "Verified Public Data"
      }
    },
    {
      "type": "Feature",
      "id": 36904,
      "geometry": {
        "type": "Polygon",
        "coordinates": [
          [
            [
              77.04480233828502,
              10.9138283
            ],
            [
              77.04424422010312,
              10.916583400305004
            ],
            [
              77.04265483399125,
              10.918919061563619
            ],
            [
              77.04027614957714,
              10.92047970052204
            ],
            [
              77.0374703,
              10.921027724046077
            ],
            [
              77.03466445042285,
              10.92047970052204
            ],
            [
              77.03228576600874,
              10.918919061563619
            ],
            [
              77.03069637989687,
              10.916583400305004
            ],
            [
              77.03013826171497,
              10.9138283
            ],
            [
              77.03069637989687,
              10.911073199694997
            ],
            [
              77.03228576600874,
              10.908737538436382
            ],
            [
              77.03466445042285,
              10.90717689947796
            ],
            [
              77.0374703,
              10.906628875953924
            ],
            [
              77.04027614957714,
              10.90717689947796
            ],
            [
              77.04265483399125,
              10.908737538436382
            ],
            [
              77.04424422010312,
              10.911073199694997
            ],
            [
              77.04480233828502,
              10.9138283
            ]
          ]
        ]
      },
      "properties": {
        "id": 36904,
        "name": "Chettipalayam",
        "ward_code": "OSM-5904",
        "city": "Coimbatore",
        "district": "Coimbatore",
        "state": "Tamil Nadu",
        "administrative_type": "Rural",
        "local_body": "Coimbatore Local Body",
        "locality": "Chettipalayam",
        "population": 4500,
        "area_sq_km": 2.01,
        "risk_level": "HIGH",
        "coordinates": [
          10.9138283,
          77.0374703
        ],
        "data_source_type": "OpenStreetMap / Overpass API",
        "data_status": "Verified Public Data"
      }
    },
    {
      "type": "Feature",
      "id": 14148,
      "geometry": {
        "type": "Polygon",
        "coordinates": [
          [
            [
              76.96025976996268,
              10.9664454
            ],
            [
              76.95998066133099,
              10.967822950152502
            ],
            [
              76.95918582719499,
              10.968990780781809
            ],
            [
              76.95799627384667,
              10.969771100261019
            ],
            [
              76.9565931,
              10.970045112023037
            ],
            [
              76.95518992615334,
              10.969771100261019
            ],
            [
              76.95400037280503,
              10.968990780781809
            ],
            [
              76.95320553866902,
              10.967822950152502
            ],
            [
              76.95292643003734,
              10.9664454
            ],
            [
              76.95320553866902,
              10.965067849847497
            ],
            [
              76.95400037280503,
              10.96390001921819
            ],
            [
              76.95518992615334,
              10.96311969973898
            ],
            [
              76.9565931,
              10.962845687976962
            ],
            [
              76.95799627384667,
              10.96311969973898
            ],
            [
              76.95918582719499,
              10.96390001921819
            ],
            [
              76.95998066133099,
              10.965067849847497
            ],
            [
              76.96025976996268,
              10.9664454
            ]
          ]
        ]
      },
      "properties": {
        "id": 14148,
        "name": "Kuniamuthur",
        "ward_code": "OSM-3148",
        "city": "Coimbatore",
        "district": "Coimbatore",
        "state": "Tamil Nadu",
        "administrative_type": "Urban",
        "local_body": "Coimbatore Local Body",
        "locality": "Kuniamuthur",
        "population": 4500,
        "area_sq_km": 0.5,
        "risk_level": "MEDIUM",
        "coordinates": [
          10.9664454,
          76.9565931
        ],
        "data_source_type": "OpenStreetMap / Overpass API",
        "data_status": "Verified Public Data"
      }
    },
    {
      "type": "Feature",
      "id": 32945,
      "geometry": {
        "type": "Polygon",
        "coordinates": [
          [
            [
              76.98913275316559,
              11.029412
            ],
            [
              76.98885358491613,
              11.030789550152504
            ],
            [
              76.98805858100307,
              11.03195738078181
            ],
            [
              76.98686877356545,
              11.03273770026102
            ],
            [
              76.9854653,
              11.033011712023038
            ],
            [
              76.98406182643456,
              11.03273770026102
            ],
            [
              76.98287201899693,
              11.03195738078181
            ],
            [
              76.98207701508387,
              11.030789550152504
            ],
            [
              76.98179784683441,
              11.029412
            ],
            [
              76.98207701508387,
              11.028034449847498
            ],
            [
              76.98287201899693,
              11.026866619218191
            ],
            [
              76.98406182643456,
              11.026086299738981
            ],
            [
              76.9854653,
              11.025812287976963
            ],
            [
              76.98686877356545,
              11.026086299738981
            ],
            [
              76.98805858100307,
              11.026866619218191
            ],
            [
              76.98885358491613,
              11.028034449847498
            ],
            [
              76.98913275316559,
              11.029412
            ]
          ]
        ]
      },
      "properties": {
        "id": 32945,
        "name": "Avarampalayam",
        "ward_code": "OSM-1945",
        "city": "Coimbatore",
        "district": "Coimbatore",
        "state": "Tamil Nadu",
        "administrative_type": "Urban",
        "local_body": "Coimbatore Local Body",
        "locality": "Avarampalayam",
        "population": 4500,
        "area_sq_km": 0.5,
        "risk_level": "MEDIUM",
        "coordinates": [
          11.029412,
          76.9854653
        ],
        "data_source_type": "OpenStreetMap / Overpass API",
        "data_status": "Verified Public Data"
      }
    },
    {
      "type": "Feature",
      "id": 49158,
      "geometry": {
        "type": "Polygon",
        "coordinates": [
          [
            [
              76.97144171424762,
              11.0182714
            ],
            [
              76.97116255657266,
              11.019648950152503
            ],
            [
              76.97036758277324,
              11.020816780781809
            ],
            [
              76.96917782040384,
              11.021597100261019
            ],
            [
              76.9677744,
              11.021871112023037
            ],
            [
              76.96637097959615,
              11.021597100261019
            ],
            [
              76.96518121722676,
              11.020816780781809
            ],
            [
              76.96438624342733,
              11.019648950152503
            ],
            [
              76.96410708575237,
              11.0182714
            ],
            [
              76.96438624342733,
              11.016893849847497
            ],
            [
              76.96518121722676,
              11.01572601921819
            ],
            [
              76.96637097959615,
              11.01494569973898
            ],
            [
              76.9677744,
              11.014671687976962
            ],
            [
              76.96917782040384,
              11.01494569973898
            ],
            [
              76.97036758277324,
              11.01572601921819
            ],
            [
              76.97116255657266,
              11.016893849847497
            ],
            [
              76.97144171424762,
              11.0182714
            ]
          ]
        ]
      },
      "properties": {
        "id": 49158,
        "name": "Gandhipuram",
        "ward_code": "OSM-8158",
        "city": "Coimbatore",
        "district": "Coimbatore",
        "state": "Tamil Nadu",
        "administrative_type": "Urban",
        "local_body": "Coimbatore Local Body",
        "locality": "Gandhipuram",
        "population": 4500,
        "area_sq_km": 0.5,
        "risk_level": "HIGH",
        "coordinates": [
          11.0182714,
          76.9677744
        ],
        "data_source_type": "OpenStreetMap / Overpass API",
        "data_status": "Verified Public Data"
      }
    },
    {
      "type": "Feature",
      "id": 37922,
      "geometry": {
        "type": "Polygon",
        "coordinates": [
          [
            [
              77.00205664585393,
              10.9585609
            ],
            [
              77.00101001638373,
              10.963726713071884
            ],
            [
              76.99802946782224,
              10.968106077931784
            ],
            [
              76.9935687616692,
              10.971032275978825
            ],
            [
              76.988307,
              10.972059820086393
            ],
            [
              76.98304523833082,
              10.971032275978825
            ],
            [
              76.97858453217778,
              10.968106077931784
            ],
            [
              76.97560398361628,
              10.963726713071884
            ],
            [
              76.97455735414609,
              10.9585609
            ],
            [
              76.97560398361628,
              10.953395086928117
            ],
            [
              76.97858453217778,
              10.949015722068216
            ],
            [
              76.98304523833082,
              10.946089524021176
            ],
            [
              76.988307,
              10.945061979913607
            ],
            [
              76.9935687616692,
              10.946089524021176
            ],
            [
              76.99802946782224,
              10.949015722068216
            ],
            [
              77.00101001638373,
              10.953395086928117
            ],
            [
              77.00205664585393,
              10.9585609
            ]
          ]
        ]
      },
      "properties": {
        "id": 37922,
        "name": "Podanur",
        "ward_code": "OSM-6922",
        "city": "Coimbatore",
        "district": "Coimbatore",
        "state": "Tamil Nadu",
        "administrative_type": "Urban",
        "local_body": "Coimbatore Local Body",
        "locality": "Podanur",
        "population": 25000,
        "area_sq_km": 7.07,
        "risk_level": "MEDIUM",
        "coordinates": [
          10.9585609,
          76.988307
        ],
        "data_source_type": "OpenStreetMap / Overpass API",
        "data_status": "Verified Public Data"
      }
    },
    {
      "type": "Feature",
      "id": 21732,
      "geometry": {
        "type": "Polygon",
        "coordinates": [
          [
            [
              77.00276834879273,
              11.0610742
            ],
            [
              77.00248915042795,
              11.062451750152503
            ],
            [
              77.0016940607537,
              11.06361958078181
            ],
            [
              77.0005041249654,
              11.06439990026102
            ],
            [
              76.9991005,
              11.064673912023038
            ],
            [
              76.99769687503459,
              11.06439990026102
            ],
            [
              76.99650693924629,
              11.06361958078181
            ],
            [
              76.99571184957205,
              11.062451750152503
            ],
            [
              76.99543265120727,
              11.0610742
            ],
            [
              76.99571184957205,
              11.059696649847497
            ],
            [
              76.99650693924629,
              11.058528819218191
            ],
            [
              76.99769687503459,
              11.057748499738981
            ],
            [
              76.9991005,
              11.057474487976963
            ],
            [
              77.0005041249654,
              11.057748499738981
            ],
            [
              77.0016940607537,
              11.058528819218191
            ],
            [
              77.00248915042795,
              11.059696649847497
            ],
            [
              77.00276834879273,
              11.0610742
            ]
          ]
        ]
      },
      "properties": {
        "id": 21732,
        "name": "Sivanandhapuram",
        "ward_code": "OSM-732",
        "city": "Coimbatore",
        "district": "Coimbatore",
        "state": "Tamil Nadu",
        "administrative_type": "Urban",
        "local_body": "Coimbatore Local Body",
        "locality": "Sivanandhapuram",
        "population": 4500,
        "area_sq_km": 0.5,
        "risk_level": "LOW",
        "coordinates": [
          11.0610742,
          76.9991005
        ],
        "data_source_type": "OpenStreetMap / Overpass API",
        "data_status": "Verified Public Data"
      }
    },
    {
      "type": "Feature",
      "id": 31948,
      "geometry": {
        "type": "Polygon",
        "coordinates": [
          [
            [
              76.96656255671955,
              11.0136544
            ],
            [
              76.96628340342366,
              11.015031950152503
            ],
            [
              76.96548844209475,
              11.01619978078181
            ],
            [
              76.9642986983888,
              11.01698010026102
            ],
            [
              76.9628953,
              11.017254112023037
            ],
            [
              76.9614919016112,
              11.01698010026102
            ],
            [
              76.96030215790525,
              11.01619978078181
            ],
            [
              76.95950719657634,
              11.015031950152503
            ],
            [
              76.95922804328045,
              11.0136544
            ],
            [
              76.95950719657634,
              11.012276849847497
            ],
            [
              76.96030215790525,
              11.01110901921819
            ],
            [
              76.9614919016112,
              11.01032869973898
            ],
            [
              76.9628953,
              11.010054687976963
            ],
            [
              76.9642986983888,
              11.01032869973898
            ],
            [
              76.96548844209475,
              11.01110901921819
            ],
            [
              76.96628340342366,
              11.012276849847497
            ],
            [
              76.96656255671955,
              11.0136544
            ]
          ]
        ]
      },
      "properties": {
        "id": 31948,
        "name": "Ram Nagar",
        "ward_code": "OSM-948",
        "city": "Coimbatore",
        "district": "Coimbatore",
        "state": "Tamil Nadu",
        "administrative_type": "Urban",
        "local_body": "Coimbatore Local Body",
        "locality": "Ram Nagar",
        "population": 4500,
        "area_sq_km": 0.5,
        "risk_level": "HIGH",
        "coordinates": [
          11.0136544,
          76.9628953
        ],
        "data_source_type": "OpenStreetMap / Overpass API",
        "data_status": "Verified Public Data"
      }
    },
    {
      "type": "Feature",
      "id": 32172,
      "geometry": {
        "type": "Polygon",
        "coordinates": [
          [
            [
              76.9538332865207,
              11.0080177
            ],
            [
              76.95355413856838,
              11.009395250152503
            ],
            [
              76.95275919245667,
              11.01056308078181
            ],
            [
              76.95156947152486,
              11.011343400261019
            ],
            [
              76.9501661,
              11.011617412023037
            ],
            [
              76.94876272847515,
              11.011343400261019
            ],
            [
              76.94757300754334,
              11.01056308078181
            ],
            [
              76.94677806143163,
              11.009395250152503
            ],
            [
              76.9464989134793,
              11.0080177
            ],
            [
              76.94677806143163,
              11.006640149847497
            ],
            [
              76.94757300754334,
              11.00547231921819
            ],
            [
              76.94876272847515,
              11.00469199973898
            ],
            [
              76.9501661,
              11.004417987976963
            ],
            [
              76.95156947152486,
              11.00469199973898
            ],
            [
              76.95275919245667,
              11.00547231921819
            ],
            [
              76.95355413856838,
              11.006640149847497
            ],
            [
              76.9538332865207,
              11.0080177
            ]
          ]
        ]
      },
      "properties": {
        "id": 32172,
        "name": "RS Puram",
        "ward_code": "OSM-1172",
        "city": "Coimbatore",
        "district": "Coimbatore",
        "state": "Tamil Nadu",
        "administrative_type": "Urban",
        "local_body": "Coimbatore Local Body",
        "locality": "RS Puram",
        "population": 4500,
        "area_sq_km": 0.5,
        "risk_level": "MEDIUM",
        "coordinates": [
          11.0080177,
          76.9501661
        ],
        "data_source_type": "OpenStreetMap / Overpass API",
        "data_status": "Verified Public Data"
      }
    },
    {
      "type": "Feature",
      "id": 37873,
      "geometry": {
        "type": "Polygon",
        "coordinates": [
          [
            [
              77.00252219242358,
              10.9766213
            ],
            [
              77.00196395593993,
              10.979376400305004
            ],
            [
              77.00037423293317,
              10.981712061563618
            ],
            [
              76.99799504432022,
              10.98327270052204
            ],
            [
              76.9951886,
              10.983820724046076
            ],
            [
              76.99238215567979,
              10.98327270052204
            ],
            [
              76.99000296706684,
              10.981712061563618
            ],
            [
              76.98841324406008,
              10.979376400305004
            ],
            [
              76.98785500757643,
              10.9766213
            ],
            [
              76.98841324406008,
              10.973866199694996
            ],
            [
              76.99000296706684,
              10.971530538436381
            ],
            [
              76.99238215567979,
              10.96996989947796
            ],
            [
              76.9951886,
              10.969421875953923
            ],
            [
              76.99799504432022,
              10.96996989947796
            ],
            [
              77.00037423293317,
              10.971530538436381
            ],
            [
              77.00196395593993,
              10.973866199694996
            ],
            [
              77.00252219242358,
              10.9766213
            ]
          ]
        ]
      },
      "properties": {
        "id": 37873,
        "name": "Nanjundapuram",
        "ward_code": "OSM-6873",
        "city": "Coimbatore",
        "district": "Coimbatore",
        "state": "Tamil Nadu",
        "administrative_type": "Rural",
        "local_body": "Coimbatore Local Body",
        "locality": "Nanjundapuram",
        "population": 4500,
        "area_sq_km": 2.01,
        "risk_level": "MEDIUM",
        "coordinates": [
          10.9766213,
          76.9951886
        ],
        "data_source_type": "OpenStreetMap / Overpass API",
        "data_status": "Verified Public Data"
      }
    },
    {
      "type": "Feature",
      "id": 8898,
      "geometry": {
        "type": "Polygon",
        "coordinates": [
          [
            [
              77.02061930743653,
              11.0737435
            ],
            [
              77.02034009699571,
              11.075121050152504
            ],
            [
              77.01954497293181,
              11.07628888078181
            ],
            [
              77.01835498567576,
              11.07706920026102
            ],
            [
              77.0169513,
              11.077343212023038
            ],
            [
              77.01554761432425,
              11.07706920026102
            ],
            [
              77.0143576270682,
              11.07628888078181
            ],
            [
              77.0135625030043,
              11.075121050152504
            ],
            [
              77.01328329256347,
              11.0737435
            ],
            [
              77.0135625030043,
              11.072365949847498
            ],
            [
              77.0143576270682,
              11.071198119218192
            ],
            [
              77.01554761432425,
              11.070417799738982
            ],
            [
              77.0169513,
              11.070143787976964
            ],
            [
              77.01835498567576,
              11.070417799738982
            ],
            [
              77.01954497293181,
              11.071198119218192
            ],
            [
              77.02034009699571,
              11.072365949847498
            ],
            [
              77.02061930743653,
              11.0737435
            ]
          ]
        ]
      },
      "properties": {
        "id": 8898,
        "name": "Villangkurichi",
        "ward_code": "OSM-7898",
        "city": "Coimbatore",
        "district": "Coimbatore",
        "state": "Tamil Nadu",
        "administrative_type": "Urban",
        "local_body": "Coimbatore Local Body",
        "locality": "Villangkurichi",
        "population": 4500,
        "area_sq_km": 0.5,
        "risk_level": "HIGH",
        "coordinates": [
          11.0737435,
          77.0169513
        ],
        "data_source_type": "OpenStreetMap / Overpass API",
        "data_status": "Verified Public Data"
      }
    },
    {
      "type": "Feature",
      "id": 34966,
      "geometry": {
        "type": "Polygon",
        "coordinates": [
          [
            [
              77.05297203612342,
              11.0039691
            ],
            [
              77.05269289200736,
              11.005346650152504
            ],
            [
              77.05189795682041,
              11.00651448078181
            ],
            [
              77.05070825223866,
              11.00729480026102
            ],
            [
              77.0493049,
              11.007568812023038
            ],
            [
              77.04790154776133,
              11.00729480026102
            ],
            [
              77.04671184317958,
              11.00651448078181
            ],
            [
              77.04591690799263,
              11.005346650152504
            ],
            [
              77.04563776387657,
              11.0039691
            ],
            [
              77.04591690799263,
              11.002591549847498
            ],
            [
              77.04671184317958,
              11.001423719218192
            ],
            [
              77.04790154776133,
              11.000643399738982
            ],
            [
              77.0493049,
              11.000369387976964
            ],
            [
              77.05070825223866,
              11.000643399738982
            ],
            [
              77.05189795682041,
              11.001423719218192
            ],
            [
              77.05269289200736,
              11.002591549847498
            ],
            [
              77.05297203612342,
              11.0039691
            ]
          ]
        ]
      },
      "properties": {
        "id": 34966,
        "name": "Ondipudur",
        "ward_code": "OSM-3966",
        "city": "Coimbatore",
        "district": "Coimbatore",
        "state": "Tamil Nadu",
        "administrative_type": "Urban",
        "local_body": "Coimbatore Local Body",
        "locality": "Ondipudur",
        "population": 4500,
        "area_sq_km": 0.5,
        "risk_level": "HIGH",
        "coordinates": [
          11.0039691,
          77.0493049
        ],
        "data_source_type": "OpenStreetMap / Overpass API",
        "data_status": "Verified Public Data"
      }
    },
    {
      "type": "Feature",
      "id": 34969,
      "geometry": {
        "type": "Polygon",
        "coordinates": [
          [
            [
              77.08350750723378,
              11.0096812
            ],
            [
              77.08322835770477,
              11.011058750152502
            ],
            [
              77.08243340710303,
              11.012226580781808
            ],
            [
              77.08124367945142,
              11.013006900261018
            ],
            [
              77.0798403,
              11.013280912023037
            ],
            [
              77.07843692054858,
              11.013006900261018
            ],
            [
              77.07724719289698,
              11.012226580781808
            ],
            [
              77.07645224229523,
              11.011058750152502
            ],
            [
              77.07617309276623,
              11.0096812
            ],
            [
              77.07645224229523,
              11.008303649847496
            ],
            [
              77.07724719289698,
              11.00713581921819
            ],
            [
              77.07843692054858,
              11.00635549973898
            ],
            [
              77.0798403,
              11.006081487976962
            ],
            [
              77.08124367945142,
              11.00635549973898
            ],
            [
              77.08243340710303,
              11.00713581921819
            ],
            [
              77.08322835770477,
              11.008303649847496
            ],
            [
              77.08350750723378,
              11.0096812
            ]
          ]
        ]
      },
      "properties": {
        "id": 34969,
        "name": "Papampatti Pirivu",
        "ward_code": "OSM-3969",
        "city": "Coimbatore",
        "district": "Coimbatore",
        "state": "Tamil Nadu",
        "administrative_type": "Urban",
        "local_body": "Coimbatore Local Body",
        "locality": "Papampatti Pirivu",
        "population": 4500,
        "area_sq_km": 0.5,
        "risk_level": "HIGH",
        "coordinates": [
          11.0096812,
          77.0798403
        ],
        "data_source_type": "OpenStreetMap / Overpass API",
        "data_status": "Verified Public Data"
      }
    },
    {
      "type": "Feature",
      "id": 9656,
      "geometry": {
        "type": "Polygon",
        "coordinates": [
          [
            [
              77.03164754781983,
              10.8221208
            ],
            [
              77.03060139775893,
              10.827286613071884
            ],
            [
              77.02762221443962,
              10.831665977931785
            ],
            [
              77.02316355151588,
              10.834592175978825
            ],
            [
              77.0179042,
              10.835619720086394
            ],
            [
              77.01264484848413,
              10.834592175978825
            ],
            [
              77.00818618556039,
              10.831665977931785
            ],
            [
              77.00520700224108,
              10.827286613071884
            ],
            [
              77.00416085218018,
              10.8221208
            ],
            [
              77.00520700224108,
              10.816954986928117
            ],
            [
              77.00818618556039,
              10.812575622068216
            ],
            [
              77.01264484848413,
              10.809649424021176
            ],
            [
              77.0179042,
              10.808621879913607
            ],
            [
              77.02316355151588,
              10.809649424021176
            ],
            [
              77.02762221443962,
              10.812575622068216
            ],
            [
              77.03060139775893,
              10.816954986928117
            ],
            [
              77.03164754781983,
              10.8221208
            ]
          ]
        ]
      },
      "properties": {
        "id": 9656,
        "name": "Kinathukadavu",
        "ward_code": "OSM-8656",
        "city": "Coimbatore",
        "district": "Coimbatore",
        "state": "Tamil Nadu",
        "administrative_type": "Urban",
        "local_body": "Coimbatore Local Body",
        "locality": "Kinathukadavu",
        "population": 25000,
        "area_sq_km": 7.07,
        "risk_level": "HIGH",
        "coordinates": [
          10.8221208,
          77.0179042
        ],
        "data_source_type": "OpenStreetMap / Overpass API",
        "data_status": "Verified Public Data"
      }
    },
    {
      "type": "Feature",
      "id": 41944,
      "geometry": {
        "type": "Polygon",
        "coordinates": [
          [
            [
              77.00228313283718,
              11.0277825
            ],
            [
              77.00200396613513,
              11.029160050152504
            ],
            [
              77.00120896662872,
              11.03032788078181
            ],
            [
              77.0000191657861,
              11.03110820026102
            ],
            [
              76.9986157,
              11.031382212023038
            ],
            [
              76.9972122342139,
              11.03110820026102
            ],
            [
              76.99602243337128,
              11.03032788078181
            ],
            [
              76.99522743386487,
              11.029160050152504
            ],
            [
              76.99494826716283,
              11.0277825
            ],
            [
              76.99522743386487,
              11.026404949847498
            ],
            [
              76.99602243337128,
              11.025237119218191
            ],
            [
              76.9972122342139,
              11.024456799738982
            ],
            [
              76.9986157,
              11.024182787976963
            ],
            [
              77.0000191657861,
              11.024456799738982
            ],
            [
              77.00120896662872,
              11.025237119218191
            ],
            [
              77.00200396613513,
              11.026404949847498
            ],
            [
              77.00228313283718,
              11.0277825
            ]
          ]
        ]
      },
      "properties": {
        "id": 41944,
        "name": "Peelamedu",
        "ward_code": "OSM-944",
        "city": "Coimbatore",
        "district": "Coimbatore",
        "state": "Tamil Nadu",
        "administrative_type": "Urban",
        "local_body": "Coimbatore Local Body",
        "locality": "Peelamedu",
        "population": 4500,
        "area_sq_km": 0.5,
        "risk_level": "HIGH",
        "coordinates": [
          11.0277825,
          76.9986157
        ],
        "data_source_type": "OpenStreetMap / Overpass API",
        "data_status": "Verified Public Data"
      }
    },
    {
      "type": "Feature",
      "id": 31548,
      "geometry": {
        "type": "Polygon",
        "coordinates": [
          [
            [
              77.15792363633085,
              11.2212063
            ],
            [
              77.1573649321701,
              11.223961400305004
            ],
            [
              77.15577387733167,
              11.226297061563619
            ],
            [
              77.15339269549175,
              11.22785770052204
            ],
            [
              77.1505839,
              11.228405724046077
            ],
            [
              77.14777510450826,
              11.22785770052204
            ],
            [
              77.14539392266833,
              11.226297061563619
            ],
            [
              77.1438028678299,
              11.223961400305004
            ],
            [
              77.14324416366915,
              11.2212063
            ],
            [
              77.1438028678299,
              11.218451199694996
            ],
            [
              77.14539392266833,
              11.216115538436382
            ],
            [
              77.14777510450826,
              11.21455489947796
            ],
            [
              77.1505839,
              11.214006875953924
            ],
            [
              77.15339269549175,
              11.21455489947796
            ],
            [
              77.15577387733167,
              11.216115538436382
            ],
            [
              77.1573649321701,
              11.218451199694996
            ],
            [
              77.15792363633085,
              11.2212063
            ]
          ]
        ]
      },
      "properties": {
        "id": 31548,
        "name": "Nariyampalli",
        "ward_code": "OSM-548",
        "city": "Coimbatore",
        "district": "Coimbatore",
        "state": "Tamil Nadu",
        "administrative_type": "Rural",
        "local_body": "Coimbatore Local Body",
        "locality": "Nariyampalli",
        "population": 4500,
        "area_sq_km": 2.01,
        "risk_level": "HIGH",
        "coordinates": [
          11.2212063,
          77.1505839
        ],
        "data_source_type": "OpenStreetMap / Overpass API",
        "data_status": "Verified Public Data"
      }
    },
    {
      "type": "Feature",
      "id": 31814,
      "geometry": {
        "type": "Polygon",
        "coordinates": [
          [
            [
              77.13658727797282,
              11.2228447
            ],
            [
              77.13602857064227,
              11.225599800305003
            ],
            [
              77.13443750677699,
              11.227935461563618
            ],
            [
              77.13205631142745,
              11.22949610052204
            ],
            [
              77.1292475,
              11.230044124046076
            ],
            [
              77.12643868857256,
              11.22949610052204
            ],
            [
              77.12405749322302,
              11.227935461563618
            ],
            [
              77.12246642935774,
              11.225599800305003
            ],
            [
              77.12190772202719,
              11.2228447
            ],
            [
              77.12246642935774,
              11.220089599694996
            ],
            [
              77.12405749322302,
              11.217753938436381
            ],
            [
              77.12643868857256,
              11.21619329947796
            ],
            [
              77.1292475,
              11.215645275953923
            ],
            [
              77.13205631142745,
              11.21619329947796
            ],
            [
              77.13443750677699,
              11.217753938436381
            ],
            [
              77.13602857064227,
              11.220089599694996
            ],
            [
              77.13658727797282,
              11.2228447
            ]
          ]
        ]
      },
      "properties": {
        "id": 31814,
        "name": "Uthupalayam",
        "ward_code": "OSM-814",
        "city": "Coimbatore",
        "district": "Coimbatore",
        "state": "Tamil Nadu",
        "administrative_type": "Rural",
        "local_body": "Coimbatore Local Body",
        "locality": "Uthupalayam",
        "population": 4500,
        "area_sq_km": 2.01,
        "risk_level": "MEDIUM",
        "coordinates": [
          11.2228447,
          77.1292475
        ],
        "data_source_type": "OpenStreetMap / Overpass API",
        "data_status": "Verified Public Data"
      }
    },
    {
      "type": "Feature",
      "id": 31836,
      "geometry": {
        "type": "Polygon",
        "coordinates": [
          [
            [
              77.11728556653709,
              11.2329709
            ],
            [
              77.11623795353844,
              11.238136713071883
            ],
            [
              77.1132546041249,
              11.242516077931784
            ],
            [
              77.10878970620057,
              11.245442275978824
            ],
            [
              77.103523,
              11.246469820086393
            ],
            [
              77.09825629379942,
              11.245442275978824
            ],
            [
              77.09379139587509,
              11.242516077931784
            ],
            [
              77.09080804646155,
              11.238136713071883
            ],
            [
              77.0897604334629,
              11.2329709
            ],
            [
              77.09080804646155,
              11.227805086928116
            ],
            [
              77.09379139587509,
              11.223425722068216
            ],
            [
              77.09825629379942,
              11.220499524021175
            ],
            [
              77.103523,
              11.219471979913607
            ],
            [
              77.10878970620057,
              11.220499524021175
            ],
            [
              77.1132546041249,
              11.223425722068216
            ],
            [
              77.11623795353844,
              11.227805086928116
            ],
            [
              77.11728556653709,
              11.2329709
            ]
          ]
        ]
      },
      "properties": {
        "id": 31836,
        "name": "Annur",
        "ward_code": "OSM-836",
        "city": "Coimbatore",
        "district": "Coimbatore",
        "state": "Tamil Nadu",
        "administrative_type": "Urban",
        "local_body": "Coimbatore Local Body",
        "locality": "Annur",
        "population": 25000,
        "area_sq_km": 7.07,
        "risk_level": "HIGH",
        "coordinates": [
          11.2329709,
          77.103523
        ],
        "data_source_type": "OpenStreetMap / Overpass API",
        "data_status": "Verified Public Data"
      }
    },
    {
      "type": "Feature",
      "id": 31883,
      "geometry": {
        "type": "Polygon",
        "coordinates": [
          [
            [
              76.97383966943065,
              11.2393183
            ],
            [
              76.9727920333756,
              11.244484113071884
            ],
            [
              76.96980861830299,
              11.248863477931785
            ],
            [
              76.96534362211291,
              11.251789675978825
            ],
            [
              76.9600768,
              11.252817220086394
            ],
            [
              76.95480997788708,
              11.251789675978825
            ],
            [
              76.950344981697,
              11.248863477931785
            ],
            [
              76.9473615666244,
              11.244484113071884
            ],
            [
              76.94631393056935,
              11.2393183
            ],
            [
              76.9473615666244,
              11.234152486928117
            ],
            [
              76.950344981697,
              11.229773122068217
            ],
            [
              76.95480997788708,
              11.226846924021176
            ],
            [
              76.9600768,
              11.225819379913608
            ],
            [
              76.96534362211291,
              11.226846924021176
            ],
            [
              76.96980861830299,
              11.229773122068217
            ],
            [
              76.9727920333756,
              11.234152486928117
            ],
            [
              76.97383966943065,
              11.2393183
            ]
          ]
        ]
      },
      "properties": {
        "id": 31883,
        "name": "Karamadai",
        "ward_code": "OSM-883",
        "city": "Coimbatore",
        "district": "Coimbatore",
        "state": "Tamil Nadu",
        "administrative_type": "Urban",
        "local_body": "Coimbatore Local Body",
        "locality": "Karamadai",
        "population": 10000,
        "area_sq_km": 7.07,
        "risk_level": "MEDIUM",
        "coordinates": [
          11.2393183,
          76.9600768
        ],
        "data_source_type": "OpenStreetMap / Overpass API",
        "data_status": "Verified Public Data"
      }
    },
    {
      "type": "Feature",
      "id": 43947,
      "geometry": {
        "type": "Polygon",
        "coordinates": [
          [
            [
              76.9573464757345,
              11.0151807
            ],
            [
              76.95706732099117,
              11.016558250152503
            ],
            [
              76.95627235554034,
              11.01772608078181
            ],
            [
              76.95508260566551,
              11.01850640026102
            ],
            [
              76.9536792,
              11.018780412023037
            ],
            [
              76.95227579433448,
              11.01850640026102
            ],
            [
              76.95108604445966,
              11.01772608078181
            ],
            [
              76.95029107900882,
              11.016558250152503
            ],
            [
              76.9500119242655,
              11.0151807
            ],
            [
              76.95029107900882,
              11.013803149847497
            ],
            [
              76.95108604445966,
              11.012635319218191
            ],
            [
              76.95227579433448,
              11.011854999738981
            ],
            [
              76.9536792,
              11.011580987976963
            ],
            [
              76.95508260566551,
              11.011854999738981
            ],
            [
              76.95627235554034,
              11.012635319218191
            ],
            [
              76.95706732099117,
              11.013803149847497
            ],
            [
              76.9573464757345,
              11.0151807
            ]
          ]
        ]
      },
      "properties": {
        "id": 43947,
        "name": "Vadakovai",
        "ward_code": "OSM-2947",
        "city": "Coimbatore",
        "district": "Coimbatore",
        "state": "Tamil Nadu",
        "administrative_type": "Urban",
        "local_body": "Coimbatore Local Body",
        "locality": "Vadakovai",
        "population": 4500,
        "area_sq_km": 0.5,
        "risk_level": "HIGH",
        "coordinates": [
          11.0151807,
          76.9536792
        ],
        "data_source_type": "OpenStreetMap / Overpass API",
        "data_status": "Verified Public Data"
      }
    },
    {
      "type": "Feature",
      "id": 2983,
      "geometry": {
        "type": "Polygon",
        "coordinates": [
          [
            [
              76.87255831133724,
              11.0815806
            ],
            [
              76.87199987550066,
              11.084335700305004
            ],
            [
              76.87040958478478,
              11.086671361563619
            ],
            [
              76.86802954653508,
              11.08823200052204
            ],
            [
              76.8652221,
              11.088780024046077
            ],
            [
              76.86241465346491,
              11.08823200052204
            ],
            [
              76.86003461521521,
              11.086671361563619
            ],
            [
              76.85844432449933,
              11.084335700305004
            ],
            [
              76.85788588866275,
              11.0815806
            ],
            [
              76.85844432449933,
              11.078825499694997
            ],
            [
              76.86003461521521,
              11.076489838436382
            ],
            [
              76.86241465346491,
              11.07492919947796
            ],
            [
              76.8652221,
              11.074381175953924
            ],
            [
              76.86802954653508,
              11.07492919947796
            ],
            [
              76.87040958478478,
              11.076489838436382
            ],
            [
              76.87199987550066,
              11.078825499694997
            ],
            [
              76.87255831133724,
              11.0815806
            ]
          ]
        ]
      },
      "properties": {
        "id": 2983,
        "name": "Chinna Thadagam",
        "ward_code": "OSM-1983",
        "city": "Coimbatore",
        "district": "Coimbatore",
        "state": "Tamil Nadu",
        "administrative_type": "Rural",
        "local_body": "Coimbatore Local Body",
        "locality": "Chinna Thadagam",
        "population": 4500,
        "area_sq_km": 2.01,
        "risk_level": "HIGH",
        "coordinates": [
          11.0815806,
          76.8652221
        ],
        "data_source_type": "OpenStreetMap / Overpass API",
        "data_status": "Verified Public Data"
      }
    },
    {
      "type": "Feature",
      "id": 3088,
      "geometry": {
        "type": "Polygon",
        "coordinates": [
          [
            [
              76.98122450015431,
              11.0010786
            ],
            [
              76.98094535877624,
              11.002456150152502
            ],
            [
              76.9801504313864,
              11.003623980781809
            ],
            [
              76.97896073847387,
              11.004404300261019
            ],
            [
              76.9775574,
              11.004678312023037
            ],
            [
              76.97615406152612,
              11.004404300261019
            ],
            [
              76.97496436861358,
              11.003623980781809
            ],
            [
              76.97416944122375,
              11.002456150152502
            ],
            [
              76.97389029984568,
              11.0010786
            ],
            [
              76.97416944122375,
              10.999701049847497
            ],
            [
              76.97496436861358,
              10.99853321921819
            ],
            [
              76.97615406152612,
              10.99775289973898
            ],
            [
              76.9775574,
              10.997478887976962
            ],
            [
              76.97896073847387,
              10.99775289973898
            ],
            [
              76.9801504313864,
              10.99853321921819
            ],
            [
              76.98094535877624,
              10.999701049847497
            ],
            [
              76.98122450015431,
              11.0010786
            ]
          ]
        ]
      },
      "properties": {
        "id": 3088,
        "name": "Racecourse",
        "ward_code": "OSM-2088",
        "city": "Coimbatore",
        "district": "Coimbatore",
        "state": "Tamil Nadu",
        "administrative_type": "Urban",
        "local_body": "Coimbatore Local Body",
        "locality": "Racecourse",
        "population": 4500,
        "area_sq_km": 0.5,
        "risk_level": "HIGH",
        "coordinates": [
          11.0010786,
          76.9775574
        ],
        "data_source_type": "OpenStreetMap / Overpass API",
        "data_status": "Verified Public Data"
      }
    },
    {
      "type": "Feature",
      "id": 2296,
      "geometry": {
        "type": "Polygon",
        "coordinates": [
          [
            [
              76.98404163009879,
              10.9013308
            ],
            [
              76.98348353537617,
              10.904085900305004
            ],
            [
              76.98189421607069,
              10.906421561563619
            ],
            [
              76.97951563163937,
              10.90798220052204
            ],
            [
              76.9767099,
              10.908530224046077
            ],
            [
              76.97390416836063,
              10.90798220052204
            ],
            [
              76.97152558392932,
              10.906421561563619
            ],
            [
              76.96993626462384,
              10.904085900305004
            ],
            [
              76.96937816990122,
              10.9013308
            ],
            [
              76.96993626462384,
              10.898575699694996
            ],
            [
              76.97152558392932,
              10.896240038436382
            ],
            [
              76.97390416836063,
              10.89467939947796
            ],
            [
              76.9767099,
              10.894131375953924
            ],
            [
              76.97951563163937,
              10.89467939947796
            ],
            [
              76.98189421607069,
              10.896240038436382
            ],
            [
              76.98348353537617,
              10.898575699694996
            ],
            [
              76.98404163009879,
              10.9013308
            ]
          ]
        ]
      },
      "properties": {
        "id": 2296,
        "name": "Bodipalayam",
        "ward_code": "OSM-1296",
        "city": "Coimbatore",
        "district": "Coimbatore",
        "state": "Tamil Nadu",
        "administrative_type": "Rural",
        "local_body": "Coimbatore Local Body",
        "locality": "Bodipalayam",
        "population": 4500,
        "area_sq_km": 2.01,
        "risk_level": "MEDIUM",
        "coordinates": [
          10.9013308,
          76.9767099
        ],
        "data_source_type": "OpenStreetMap / Overpass API",
        "data_status": "Verified Public Data"
      }
    },
    {
      "type": "Feature",
      "id": 2362,
      "geometry": {
        "type": "Polygon",
        "coordinates": [
          [
            [
              77.00110778387396,
              10.8832086
            ],
            [
              77.00054972311818,
              10.885963700305004
            ],
            [
              76.99896050054208,
              10.888299361563618
            ],
            [
              76.99658206087653,
              10.88986000052204
            ],
            [
              76.9937765,
              10.890408024046076
            ],
            [
              76.99097093912346,
              10.88986000052204
            ],
            [
              76.98859249945791,
              10.888299361563618
            ],
            [
              76.98700327688181,
              10.885963700305004
            ],
            [
              76.98644521612603,
              10.8832086
            ],
            [
              76.98700327688181,
              10.880453499694996
            ],
            [
              76.98859249945791,
              10.878117838436381
            ],
            [
              76.99097093912346,
              10.87655719947796
            ],
            [
              76.9937765,
              10.876009175953923
            ],
            [
              76.99658206087653,
              10.87655719947796
            ],
            [
              76.99896050054208,
              10.878117838436381
            ],
            [
              77.00054972311818,
              10.880453499694996
            ],
            [
              77.00110778387396,
              10.8832086
            ]
          ]
        ]
      },
      "properties": {
        "id": 2362,
        "name": "Othakalmandapam",
        "ward_code": "OSM-1362",
        "city": "Coimbatore",
        "district": "Coimbatore",
        "state": "Tamil Nadu",
        "administrative_type": "Rural",
        "local_body": "Coimbatore Local Body",
        "locality": "Othakalmandapam",
        "population": 4500,
        "area_sq_km": 2.01,
        "risk_level": "MEDIUM",
        "coordinates": [
          10.8832086,
          76.9937765
        ],
        "data_source_type": "OpenStreetMap / Overpass API",
        "data_status": "Verified Public Data"
      }
    },
    {
      "type": "Feature",
      "id": 21000,
      "geometry": {
        "type": "Polygon",
        "coordinates": [
          [
            [
              77.02716192230204,
              11.0028585
            ],
            [
              77.02688277923806,
              11.004236050152503
            ],
            [
              77.02608784704721,
              11.00540388078181
            ],
            [
              77.02489814694944,
              11.00618420026102
            ],
            [
              77.0234948,
              11.006458212023038
            ],
            [
              77.02209145305055,
              11.00618420026102
            ],
            [
              77.02090175295278,
              11.00540388078181
            ],
            [
              77.02010682076192,
              11.004236050152503
            ],
            [
              77.01982767769795,
              11.0028585
            ],
            [
              77.02010682076192,
              11.001480949847497
            ],
            [
              77.02090175295278,
              11.000313119218191
            ],
            [
              77.02209145305055,
              10.999532799738981
            ],
            [
              77.0234948,
              10.999258787976963
            ],
            [
              77.02489814694944,
              10.999532799738981
            ],
            [
              77.02608784704721,
              11.000313119218191
            ],
            [
              77.02688277923806,
              11.001480949847497
            ],
            [
              77.02716192230204,
              11.0028585
            ]
          ]
        ]
      },
      "properties": {
        "id": 21000,
        "name": "Singanallur",
        "ward_code": "OSM-0",
        "city": "Coimbatore",
        "district": "Coimbatore",
        "state": "Tamil Nadu",
        "administrative_type": "Urban",
        "local_body": "Coimbatore Local Body",
        "locality": "Singanallur",
        "population": 4500,
        "area_sq_km": 0.5,
        "risk_level": "HIGH",
        "coordinates": [
          11.0028585,
          77.0234948
        ],
        "data_source_type": "OpenStreetMap / Overpass API",
        "data_status": "Verified Public Data"
      }
    },
    {
      "type": "Feature",
      "id": 21111,
      "geometry": {
        "type": "Polygon",
        "coordinates": [
          [
            [
              76.96090736716565,
              11.0225166
            ],
            [
              76.96062820546254,
              11.023894150152502
            ],
            [
              76.95983322019192,
              11.025061980781809
            ],
            [
              76.9586434406547,
              11.025842300261019
            ],
            [
              76.95724,
              11.026116312023037
            ],
            [
              76.9558365593453,
              11.025842300261019
            ],
            [
              76.95464677980807,
              11.025061980781809
            ],
            [
              76.95385179453746,
              11.023894150152502
            ],
            [
              76.95357263283435,
              11.0225166
            ],
            [
              76.95385179453746,
              11.021139049847497
            ],
            [
              76.95464677980807,
              11.01997121921819
            ],
            [
              76.9558365593453,
              11.01919089973898
            ],
            [
              76.95724,
              11.018916887976962
            ],
            [
              76.9586434406547,
              11.01919089973898
            ],
            [
              76.95983322019192,
              11.01997121921819
            ],
            [
              76.96062820546254,
              11.021139049847497
            ],
            [
              76.96090736716565,
              11.0225166
            ]
          ]
        ]
      },
      "properties": {
        "id": 21111,
        "name": "Sivananda Colony",
        "ward_code": "OSM-111",
        "city": "Coimbatore",
        "district": "Coimbatore",
        "state": "Tamil Nadu",
        "administrative_type": "Urban",
        "local_body": "Coimbatore Local Body",
        "locality": "Sivananda Colony",
        "population": 4500,
        "area_sq_km": 0.5,
        "risk_level": "HIGH",
        "coordinates": [
          11.0225166,
          76.95724
        ],
        "data_source_type": "OpenStreetMap / Overpass API",
        "data_status": "Verified Public Data"
      }
    },
    {
      "type": "Feature",
      "id": 21575,
      "geometry": {
        "type": "Polygon",
        "coordinates": [
          [
            [
              77.06918811364193,
              11.0182228
            ],
            [
              77.06890895601308,
              11.019600350152503
            ],
            [
              77.06811398234494,
              11.02076818078181
            ],
            [
              77.06692422017206,
              11.02154850026102
            ],
            [
              77.0655208,
              11.021822512023038
            ],
            [
              77.06411737982795,
              11.02154850026102
            ],
            [
              77.06292761765506,
              11.02076818078181
            ],
            [
              77.06213264398693,
              11.019600350152503
            ],
            [
              77.06185348635807,
              11.0182228
            ],
            [
              77.06213264398693,
              11.016845249847497
            ],
            [
              77.06292761765506,
              11.015677419218191
            ],
            [
              77.06411737982795,
              11.014897099738981
            ],
            [
              77.0655208,
              11.014623087976963
            ],
            [
              77.06692422017206,
              11.014897099738981
            ],
            [
              77.06811398234494,
              11.015677419218191
            ],
            [
              77.06890895601308,
              11.016845249847497
            ],
            [
              77.06918811364193,
              11.0182228
            ]
          ]
        ]
      },
      "properties": {
        "id": 21575,
        "name": "Irugur",
        "ward_code": "OSM-575",
        "city": "Coimbatore",
        "district": "Coimbatore",
        "state": "Tamil Nadu",
        "administrative_type": "Urban",
        "local_body": "Coimbatore Local Body",
        "locality": "Irugur",
        "population": 4500,
        "area_sq_km": 0.5,
        "risk_level": "MEDIUM",
        "coordinates": [
          11.0182228,
          77.0655208
        ],
        "data_source_type": "OpenStreetMap / Overpass API",
        "data_status": "Verified Public Data"
      }
    },
    {
      "type": "Feature",
      "id": 44247,
      "geometry": {
        "type": "Polygon",
        "coordinates": [
          [
            [
              76.98814650716145,
              11.0177028
            ],
            [
              76.9878673500259,
              11.019080350152503
            ],
            [
              76.98707237776254,
              11.02024818078181
            ],
            [
              76.98588261769207,
              11.02102850026102
            ],
            [
              76.9844792,
              11.021302512023038
            ],
            [
              76.98307578230792,
              11.02102850026102
            ],
            [
              76.98188602223745,
              11.02024818078181
            ],
            [
              76.9810910499741,
              11.019080350152503
            ],
            [
              76.98081189283855,
              11.0177028
            ],
            [
              76.9810910499741,
              11.016325249847498
            ],
            [
              76.98188602223745,
              11.015157419218191
            ],
            [
              76.98307578230792,
              11.014377099738981
            ],
            [
              76.9844792,
              11.014103087976963
            ],
            [
              76.98588261769207,
              11.014377099738981
            ],
            [
              76.98707237776254,
              11.015157419218191
            ],
            [
              76.9878673500259,
              11.016325249847498
            ],
            [
              76.98814650716145,
              11.0177028
            ]
          ]
        ]
      },
      "properties": {
        "id": 44247,
        "name": "PN Palayam",
        "ward_code": "OSM-3247",
        "city": "Coimbatore",
        "district": "Coimbatore",
        "state": "Tamil Nadu",
        "administrative_type": "Urban",
        "local_body": "Coimbatore Local Body",
        "locality": "PN Palayam",
        "population": 4500,
        "area_sq_km": 0.5,
        "risk_level": "LOW",
        "coordinates": [
          11.0177028,
          76.9844792
        ],
        "data_source_type": "OpenStreetMap / Overpass API",
        "data_status": "Verified Public Data"
      }
    },
    {
      "type": "Feature",
      "id": 28997,
      "geometry": {
        "type": "Polygon",
        "coordinates": [
          [
            [
              76.96590561425936,
              11.0262931
            ],
            [
              76.96562644897146,
              11.027670650152503
            ],
            [
              76.96483145349221,
              11.02883848078181
            ],
            [
              76.96364165867668,
              11.02961880026102
            ],
            [
              76.9622382,
              11.029892812023038
            ],
            [
              76.96083474132332,
              11.02961880026102
            ],
            [
              76.9596449465078,
              11.02883848078181
            ],
            [
              76.95884995102854,
              11.027670650152503
            ],
            [
              76.95857078574065,
              11.0262931
            ],
            [
              76.95884995102854,
              11.024915549847497
            ],
            [
              76.9596449465078,
              11.023747719218191
            ],
            [
              76.96083474132332,
              11.022967399738981
            ],
            [
              76.9622382,
              11.022693387976963
            ],
            [
              76.96364165867668,
              11.022967399738981
            ],
            [
              76.96483145349221,
              11.023747719218191
            ],
            [
              76.96562644897146,
              11.024915549847497
            ],
            [
              76.96590561425936,
              11.0262931
            ]
          ]
        ]
      },
      "properties": {
        "id": 28997,
        "name": "Rathinapuri",
        "ward_code": "OSM-7997",
        "city": "Coimbatore",
        "district": "Coimbatore",
        "state": "Tamil Nadu",
        "administrative_type": "Urban",
        "local_body": "Coimbatore Local Body",
        "locality": "Rathinapuri",
        "population": 4500,
        "area_sq_km": 0.5,
        "risk_level": "MEDIUM",
        "coordinates": [
          11.0262931,
          76.9622382
        ],
        "data_source_type": "OpenStreetMap / Overpass API",
        "data_status": "Verified Public Data"
      }
    },
    {
      "type": "Feature",
      "id": 29038,
      "geometry": {
        "type": "Polygon",
        "coordinates": [
          [
            [
              76.98173926441012,
              11.0383247
            ],
            [
              76.98146008769268,
              11.039702250152503
            ],
            [
              76.98066505966483,
              11.04087008078181
            ],
            [
              76.97947521613689,
              11.04165040026102
            ],
            [
              76.9780717,
              11.041924412023038
            ],
            [
              76.97666818386311,
              11.04165040026102
            ],
            [
              76.97547834033517,
              11.04087008078181
            ],
            [
              76.97468331230732,
              11.039702250152503
            ],
            [
              76.97440413558988,
              11.0383247
            ],
            [
              76.97468331230732,
              11.036947149847498
            ],
            [
              76.97547834033517,
              11.035779319218191
            ],
            [
              76.97666818386311,
              11.034998999738981
            ],
            [
              76.9780717,
              11.034724987976963
            ],
            [
              76.97947521613689,
              11.034998999738981
            ],
            [
              76.98066505966483,
              11.035779319218191
            ],
            [
              76.98146008769268,
              11.036947149847498
            ],
            [
              76.98173926441012,
              11.0383247
            ]
          ]
        ]
      },
      "properties": {
        "id": 29038,
        "name": "Ganapathy",
        "ward_code": "OSM-8038",
        "city": "Coimbatore",
        "district": "Coimbatore",
        "state": "Tamil Nadu",
        "administrative_type": "Urban",
        "local_body": "Coimbatore Local Body",
        "locality": "Ganapathy",
        "population": 4500,
        "area_sq_km": 0.5,
        "risk_level": "LOW",
        "coordinates": [
          11.0383247,
          76.9780717
        ],
        "data_source_type": "OpenStreetMap / Overpass API",
        "data_status": "Verified Public Data"
      }
    },
    {
      "type": "Feature",
      "id": 45553,
      "geometry": {
        "type": "Polygon",
        "coordinates": [
          [
            [
              76.91562106781653,
              10.8906828
            ],
            [
              76.91506299305895,
              10.893437900305004
            ],
            [
              76.91347373060911,
              10.895773561563619
            ],
            [
              76.9110952312683,
              10.89733420052204
            ],
            [
              76.9082896,
              10.897882224046077
            ],
            [
              76.9054839687317,
              10.89733420052204
            ],
            [
              76.9031054693909,
              10.895773561563619
            ],
            [
              76.90151620694105,
              10.893437900305004
            ],
            [
              76.90095813218348,
              10.8906828
            ],
            [
              76.90151620694105,
              10.887927699694997
            ],
            [
              76.9031054693909,
              10.885592038436382
            ],
            [
              76.9054839687317,
              10.88403139947796
            ],
            [
              76.9082896,
              10.883483375953924
            ],
            [
              76.9110952312683,
              10.88403139947796
            ],
            [
              76.91347373060911,
              10.885592038436382
            ],
            [
              76.91506299305895,
              10.887927699694997
            ],
            [
              76.91562106781653,
              10.8906828
            ]
          ]
        ]
      },
      "properties": {
        "id": 45553,
        "name": "Ettimadai",
        "ward_code": "OSM-4553",
        "city": "Coimbatore",
        "district": "Coimbatore",
        "state": "Tamil Nadu",
        "administrative_type": "Rural",
        "local_body": "Coimbatore Local Body",
        "locality": "Ettimadai",
        "population": 9352,
        "area_sq_km": 2.01,
        "risk_level": "HIGH",
        "coordinates": [
          10.8906828,
          76.9082896
        ],
        "data_source_type": "OpenStreetMap / Overpass API",
        "data_status": "Verified Public Data"
      }
    },
    {
      "type": "Feature",
      "id": 42150,
      "geometry": {
        "type": "Polygon",
        "coordinates": [
          [
            [
              76.9609274294893,
              11.0194943
            ],
            [
              76.96064827065415,
              11.020871850152503
            ],
            [
              76.95985329355074,
              11.022039680781809
            ],
            [
              76.95866352623658,
              11.022820000261019
            ],
            [
              76.9572601,
              11.023094012023037
            ],
            [
              76.95585667376342,
              11.022820000261019
            ],
            [
              76.95466690644926,
              11.022039680781809
            ],
            [
              76.95387192934585,
              11.020871850152503
            ],
            [
              76.9535927705107,
              11.0194943
            ],
            [
              76.95387192934585,
              11.018116749847497
            ],
            [
              76.95466690644926,
              11.01694891921819
            ],
            [
              76.95585667376342,
              11.01616859973898
            ],
            [
              76.9572601,
              11.015894587976963
            ],
            [
              76.95866352623658,
              11.01616859973898
            ],
            [
              76.95985329355074,
              11.01694891921819
            ],
            [
              76.96064827065415,
              11.018116749847497
            ],
            [
              76.9609274294893,
              11.0194943
            ]
          ]
        ]
      },
      "properties": {
        "id": 42150,
        "name": "Tatabad",
        "ward_code": "OSM-1150",
        "city": "Coimbatore",
        "district": "Coimbatore",
        "state": "Tamil Nadu",
        "administrative_type": "Urban",
        "local_body": "Coimbatore Local Body",
        "locality": "Tatabad",
        "population": 4500,
        "area_sq_km": 0.5,
        "risk_level": "LOW",
        "coordinates": [
          11.0194943,
          76.9572601
        ],
        "data_source_type": "OpenStreetMap / Overpass API",
        "data_status": "Verified Public Data"
      }
    },
    {
      "type": "Feature",
      "id": 42156,
      "geometry": {
        "type": "Polygon",
        "coordinates": [
          [
            [
              76.96252791899978,
              11.0186527
            ],
            [
              76.96224876096308,
              11.020030250152503
            ],
            [
              76.96145378613352,
              11.02119808078181
            ],
            [
              76.9602640222224,
              11.02197840026102
            ],
            [
              76.9588606,
              11.022252412023038
            ],
            [
              76.95745717777758,
              11.02197840026102
            ],
            [
              76.95626741386647,
              11.02119808078181
            ],
            [
              76.95547243903691,
              11.020030250152503
            ],
            [
              76.9551932810002,
              11.0186527
            ],
            [
              76.95547243903691,
              11.017275149847498
            ],
            [
              76.95626741386647,
              11.016107319218191
            ],
            [
              76.95745717777758,
              11.015326999738981
            ],
            [
              76.9588606,
              11.015052987976963
            ],
            [
              76.9602640222224,
              11.015326999738981
            ],
            [
              76.96145378613352,
              11.016107319218191
            ],
            [
              76.96224876096308,
              11.017275149847498
            ],
            [
              76.96252791899978,
              11.0186527
            ]
          ]
        ]
      },
      "properties": {
        "id": 42156,
        "name": "Pykara",
        "ward_code": "OSM-1156",
        "city": "Coimbatore",
        "district": "Coimbatore",
        "state": "Tamil Nadu",
        "administrative_type": "Urban",
        "local_body": "Coimbatore Local Body",
        "locality": "Pykara",
        "population": 4500,
        "area_sq_km": 0.5,
        "risk_level": "LOW",
        "coordinates": [
          11.0186527,
          76.9588606
        ],
        "data_source_type": "OpenStreetMap / Overpass API",
        "data_status": "Verified Public Data"
      }
    },
    {
      "type": "Feature",
      "id": 42162,
      "geometry": {
        "type": "Polygon",
        "coordinates": [
          [
            [
              77.13960933144757,
              11.0268912
            ],
            [
              77.13856245948848,
              11.032057013071883
            ],
            [
              77.13558122037709,
              11.036436377931784
            ],
            [
              77.1311194807431,
              11.039362575978824
            ],
            [
              77.1258565,
              11.040390120086393
            ],
            [
              77.1205935192569,
              11.039362575978824
            ],
            [
              77.1161317796229,
              11.036436377931784
            ],
            [
              77.11315054051151,
              11.032057013071883
            ],
            [
              77.11210366855242,
              11.0268912
            ],
            [
              77.11315054051151,
              11.021725386928116
            ],
            [
              77.1161317796229,
              11.017346022068216
            ],
            [
              77.1205935192569,
              11.014419824021175
            ],
            [
              77.1258565,
              11.013392279913607
            ],
            [
              77.1311194807431,
              11.014419824021175
            ],
            [
              77.13558122037709,
              11.017346022068216
            ],
            [
              77.13856245948848,
              11.021725386928116
            ],
            [
              77.13960933144757,
              11.0268912
            ]
          ]
        ]
      },
      "properties": {
        "id": 42162,
        "name": "Sulur",
        "ward_code": "OSM-1162",
        "city": "Coimbatore",
        "district": "Coimbatore",
        "state": "Tamil Nadu",
        "administrative_type": "Urban",
        "local_body": "Coimbatore Local Body",
        "locality": "Sulur",
        "population": 25000,
        "area_sq_km": 7.07,
        "risk_level": "LOW",
        "coordinates": [
          11.0268912,
          77.1258565
        ],
        "data_source_type": "OpenStreetMap / Overpass API",
        "data_status": "Verified Public Data"
      }
    },
    {
      "type": "Feature",
      "id": 42629,
      "geometry": {
        "type": "Polygon",
        "coordinates": [
          [
            [
              77.03745272530362,
              11.0111322
            ],
            [
              77.03717357439912,
              11.012509750152503
            ],
            [
              77.03637861988032,
              11.01367758078181
            ],
            [
              77.03518888636644,
              11.01445790026102
            ],
            [
              77.0337855,
              11.014731912023038
            ],
            [
              77.03238211363355,
              11.01445790026102
            ],
            [
              77.03119238011966,
              11.01367758078181
            ],
            [
              77.03039742560087,
              11.012509750152503
            ],
            [
              77.03011827469636,
              11.0111322
            ],
            [
              77.03039742560087,
              11.009754649847498
            ],
            [
              77.03119238011966,
              11.008586819218191
            ],
            [
              77.03238211363355,
              11.007806499738981
            ],
            [
              77.0337855,
              11.007532487976963
            ],
            [
              77.03518888636644,
              11.007806499738981
            ],
            [
              77.03637861988032,
              11.008586819218191
            ],
            [
              77.03717357439912,
              11.009754649847498
            ],
            [
              77.03745272530362,
              11.0111322
            ]
          ]
        ]
      },
      "properties": {
        "id": 42629,
        "name": "Neelikonampalayam",
        "ward_code": "OSM-1629",
        "city": "Coimbatore",
        "district": "Coimbatore",
        "state": "Tamil Nadu",
        "administrative_type": "Urban",
        "local_body": "Coimbatore Local Body",
        "locality": "Neelikonampalayam",
        "population": 4500,
        "area_sq_km": 0.5,
        "risk_level": "HIGH",
        "coordinates": [
          11.0111322,
          77.0337855
        ],
        "data_source_type": "OpenStreetMap / Overpass API",
        "data_status": "Verified Public Data"
      }
    },
    {
      "type": "Feature",
      "id": 42638,
      "geometry": {
        "type": "Polygon",
        "coordinates": [
          [
            [
              76.99566594228293,
              11.004464
            ],
            [
              76.995386797698,
              11.005841550152503
            ],
            [
              76.99459186117583,
              11.00700938078181
            ],
            [
              76.9934021545958,
              11.00778970026102
            ],
            [
              76.9919988,
              11.008063712023038
            ],
            [
              76.99059544540421,
              11.00778970026102
            ],
            [
              76.98940573882417,
              11.00700938078181
            ],
            [
              76.988610802302,
              11.005841550152503
            ],
            [
              76.98833165771708,
              11.004464
            ],
            [
              76.988610802302,
              11.003086449847498
            ],
            [
              76.98940573882417,
              11.001918619218191
            ],
            [
              76.99059544540421,
              11.001138299738981
            ],
            [
              76.9919988,
              11.000864287976963
            ],
            [
              76.9934021545958,
              11.001138299738981
            ],
            [
              76.99459186117583,
              11.001918619218191
            ],
            [
              76.995386797698,
              11.003086449847498
            ],
            [
              76.99566594228293,
              11.004464
            ]
          ]
        ]
      },
      "properties": {
        "id": 42638,
        "name": "Puliakulam",
        "ward_code": "OSM-1638",
        "city": "Coimbatore",
        "district": "Coimbatore",
        "state": "Tamil Nadu",
        "administrative_type": "Urban",
        "local_body": "Coimbatore Local Body",
        "locality": "Puliakulam",
        "population": 4500,
        "area_sq_km": 0.5,
        "risk_level": "HIGH",
        "coordinates": [
          11.004464,
          76.9919988
        ],
        "data_source_type": "OpenStreetMap / Overpass API",
        "data_status": "Verified Public Data"
      }
    },
    {
      "type": "Feature",
      "id": 42656,
      "geometry": {
        "type": "Polygon",
        "coordinates": [
          [
            [
              77.01098230793734,
              11.0097377
            ],
            [
              77.01070315835477,
              11.011115250152503
            ],
            [
              77.00990820760052,
              11.01228308078181
            ],
            [
              77.00871847972066,
              11.01306340026102
            ],
            [
              77.0073151,
              11.013337412023038
            ],
            [
              77.00591172027934,
              11.01306340026102
            ],
            [
              77.00472199239948,
              11.01228308078181
            ],
            [
              77.00392704164523,
              11.011115250152503
            ],
            [
              77.00364789206266,
              11.0097377
            ],
            [
              77.00392704164523,
              11.008360149847498
            ],
            [
              77.00472199239948,
              11.007192319218191
            ],
            [
              77.00591172027934,
              11.006411999738981
            ],
            [
              77.0073151,
              11.006137987976963
            ],
            [
              77.00871847972066,
              11.006411999738981
            ],
            [
              77.00990820760052,
              11.007192319218191
            ],
            [
              77.01070315835477,
              11.008360149847498
            ],
            [
              77.01098230793734,
              11.0097377
            ]
          ]
        ]
      },
      "properties": {
        "id": 42656,
        "name": "Sowripalayam",
        "ward_code": "OSM-1656",
        "city": "Coimbatore",
        "district": "Coimbatore",
        "state": "Tamil Nadu",
        "administrative_type": "Urban",
        "local_body": "Coimbatore Local Body",
        "locality": "Sowripalayam",
        "population": 4500,
        "area_sq_km": 0.5,
        "risk_level": "HIGH",
        "coordinates": [
          11.0097377,
          77.0073151
        ],
        "data_source_type": "OpenStreetMap / Overpass API",
        "data_status": "Verified Public Data"
      }
    },
    {
      "type": "Feature",
      "id": 44962,
      "geometry": {
        "type": "Polygon",
        "coordinates": [
          [
            [
              76.99579702177634,
              10.9947773
            ],
            [
              76.99551788636444,
              10.996154850152504
            ],
            [
              76.99472297596482,
              10.99732268078181
            ],
            [
              76.99353330847993,
              10.99810300026102
            ],
            [
              76.99213,
              10.998377012023038
            ],
            [
              76.99072669152008,
              10.99810300026102
            ],
            [
              76.98953702403519,
              10.99732268078181
            ],
            [
              76.98874211363557,
              10.996154850152504
            ],
            [
              76.98846297822367,
              10.9947773
            ],
            [
              76.98874211363557,
              10.993399749847498
            ],
            [
              76.98953702403519,
              10.992231919218192
            ],
            [
              76.99072669152008,
              10.991451599738982
            ],
            [
              76.99213,
              10.991177587976964
            ],
            [
              76.99353330847993,
              10.991451599738982
            ],
            [
              76.99472297596482,
              10.992231919218192
            ],
            [
              76.99551788636444,
              10.993399749847498
            ],
            [
              76.99579702177634,
              10.9947773
            ]
          ]
        ]
      },
      "properties": {
        "id": 44962,
        "name": "Ramanathapuram",
        "ward_code": "OSM-3962",
        "city": "Coimbatore",
        "district": "Coimbatore",
        "state": "Tamil Nadu",
        "administrative_type": "Urban",
        "local_body": "Coimbatore Local Body",
        "locality": "Ramanathapuram",
        "population": 4500,
        "area_sq_km": 0.5,
        "risk_level": "MEDIUM",
        "coordinates": [
          10.9947773,
          76.99213
        ],
        "data_source_type": "OpenStreetMap / Overpass API",
        "data_status": "Verified Public Data"
      }
    },
    {
      "type": "Feature",
      "id": 42377,
      "geometry": {
        "type": "Polygon",
        "coordinates": [
          [
            [
              76.95928414657953,
              10.9967718
            ],
            [
              76.9590050092796,
              10.998149350152502
            ],
            [
              76.95821009350331,
              10.999317180781809
            ],
            [
              76.95702041797169,
              11.000097500261019
            ],
            [
              76.9556171,
              11.000371512023037
            ],
            [
              76.9542137820283,
              11.000097500261019
            ],
            [
              76.95302410649668,
              10.999317180781809
            ],
            [
              76.9522291907204,
              10.998149350152502
            ],
            [
              76.95195005342046,
              10.9967718
            ],
            [
              76.9522291907204,
              10.995394249847497
            ],
            [
              76.95302410649668,
              10.99422641921819
            ],
            [
              76.9542137820283,
              10.99344609973898
            ],
            [
              76.9556171,
              10.993172087976962
            ],
            [
              76.95702041797169,
              10.99344609973898
            ],
            [
              76.95821009350331,
              10.99422641921819
            ],
            [
              76.9590050092796,
              10.995394249847497
            ],
            [
              76.95928414657953,
              10.9967718
            ]
          ]
        ]
      },
      "properties": {
        "id": 42377,
        "name": "Town Hall",
        "ward_code": "OSM-1377",
        "city": "Coimbatore",
        "district": "Coimbatore",
        "state": "Tamil Nadu",
        "administrative_type": "Urban",
        "local_body": "Coimbatore Local Body",
        "locality": "Town Hall",
        "population": 4500,
        "area_sq_km": 0.5,
        "risk_level": "HIGH",
        "coordinates": [
          10.9967718,
          76.9556171
        ],
        "data_source_type": "OpenStreetMap / Overpass API",
        "data_status": "Verified Public Data"
      }
    },
    {
      "type": "Feature",
      "id": 42379,
      "geometry": {
        "type": "Polygon",
        "coordinates": [
          [
            [
              76.96647757855845,
              10.9913011
            ],
            [
              76.96619844643631,
              10.992678650152502
            ],
            [
              76.96540354540515,
              10.993846480781809
            ],
            [
              76.96421389194116,
              10.994626800261019
            ],
            [
              76.9628106,
              10.994900812023037
            ],
            [
              76.96140730805884,
              10.994626800261019
            ],
            [
              76.96021765459484,
              10.993846480781809
            ],
            [
              76.95942275356369,
              10.992678650152502
            ],
            [
              76.95914362144154,
              10.9913011
            ],
            [
              76.95942275356369,
              10.989923549847497
            ],
            [
              76.96021765459484,
              10.98875571921819
            ],
            [
              76.96140730805884,
              10.98797539973898
            ],
            [
              76.9628106,
              10.987701387976962
            ],
            [
              76.96421389194116,
              10.98797539973898
            ],
            [
              76.96540354540515,
              10.98875571921819
            ],
            [
              76.96619844643631,
              10.989923549847497
            ],
            [
              76.96647757855845,
              10.9913011
            ]
          ]
        ]
      },
      "properties": {
        "id": 42379,
        "name": "Ukkadam",
        "ward_code": "OSM-1379",
        "city": "Coimbatore",
        "district": "Coimbatore",
        "state": "Tamil Nadu",
        "administrative_type": "Urban",
        "local_body": "Coimbatore Local Body",
        "locality": "Ukkadam",
        "population": 4500,
        "area_sq_km": 0.5,
        "risk_level": "MEDIUM",
        "coordinates": [
          10.9913011,
          76.9628106
        ],
        "data_source_type": "OpenStreetMap / Overpass API",
        "data_status": "Verified Public Data"
      }
    },
    {
      "type": "Feature",
      "id": 12144,
      "geometry": {
        "type": "Polygon",
        "coordinates": [
          [
            [
              76.976084895387,
              11.0087298
            ],
            [
              76.97580574675978,
              11.010107350152502
            ],
            [
              76.97501079872609,
              11.011275180781809
            ],
            [
              76.97382107491785,
              11.012055500261019
            ],
            [
              76.9724177,
              11.012329512023037
            ],
            [
              76.97101432508214,
              11.012055500261019
            ],
            [
              76.9698246012739,
              11.011275180781809
            ],
            [
              76.96902965324021,
              11.010107350152502
            ],
            [
              76.96875050461298,
              11.0087298
            ],
            [
              76.96902965324021,
              11.007352249847496
            ],
            [
              76.9698246012739,
              11.00618441921819
            ],
            [
              76.97101432508214,
              11.00540409973898
            ],
            [
              76.9724177,
              11.005130087976962
            ],
            [
              76.97382107491785,
              11.00540409973898
            ],
            [
              76.97501079872609,
              11.00618441921819
            ],
            [
              76.97580574675978,
              11.007352249847496
            ],
            [
              76.976084895387,
              11.0087298
            ]
          ]
        ]
      },
      "properties": {
        "id": 12144,
        "name": "AIT Colony",
        "ward_code": "OSM-1144",
        "city": "Coimbatore",
        "district": "Coimbatore",
        "state": "Tamil Nadu",
        "administrative_type": "Urban",
        "local_body": "Coimbatore Local Body",
        "locality": "AIT Colony",
        "population": 4500,
        "area_sq_km": 0.5,
        "risk_level": "HIGH",
        "coordinates": [
          11.0087298,
          76.9724177
        ],
        "data_source_type": "OpenStreetMap / Overpass API",
        "data_status": "Verified Public Data"
      }
    },
    {
      "type": "Feature",
      "id": 6263,
      "geometry": {
        "type": "Polygon",
        "coordinates": [
          [
            [
              76.99271697516527,
              11.0471906
            ],
            [
              76.99243779001709,
              11.048568150152503
            ],
            [
              76.99164273798056,
              11.04973598078181
            ],
            [
              76.99045285852105,
              11.05051630026102
            ],
            [
              76.9890493,
              11.050790312023038
            ],
            [
              76.98764574147896,
              11.05051630026102
            ],
            [
              76.98645586201945,
              11.04973598078181
            ],
            [
              76.98566080998292,
              11.048568150152503
            ],
            [
              76.98538162483474,
              11.0471906
            ],
            [
              76.98566080998292,
              11.045813049847498
            ],
            [
              76.98645586201945,
              11.044645219218191
            ],
            [
              76.98764574147896,
              11.043864899738981
            ],
            [
              76.9890493,
              11.043590887976963
            ],
            [
              76.99045285852105,
              11.043864899738981
            ],
            [
              76.99164273798056,
              11.044645219218191
            ],
            [
              76.99243779001709,
              11.045813049847498
            ],
            [
              76.99271697516527,
              11.0471906
            ]
          ]
        ]
      },
      "properties": {
        "id": 6263,
        "name": "Bharathi Nagar",
        "ward_code": "OSM-5263",
        "city": "Coimbatore",
        "district": "Coimbatore",
        "state": "Tamil Nadu",
        "administrative_type": "Urban",
        "local_body": "Coimbatore Local Body",
        "locality": "Bharathi Nagar",
        "population": 4500,
        "area_sq_km": 0.5,
        "risk_level": "MEDIUM",
        "coordinates": [
          11.0471906,
          76.9890493
        ],
        "data_source_type": "OpenStreetMap / Overpass API",
        "data_status": "Verified Public Data"
      }
    },
    {
      "type": "Feature",
      "id": 44793,
      "geometry": {
        "type": "Polygon",
        "coordinates": [
          [
            [
              77.05556988911422,
              11.1522312
            ],
            [
              77.05501131795242,
              11.154986300305003
            ],
            [
              77.05342064186294,
              11.157321961563618
            ],
            [
              77.05104002686089,
              11.15888260052204
            ],
            [
              77.0482319,
              11.159430624046076
            ],
            [
              77.04542377313912,
              11.15888260052204
            ],
            [
              77.04304315813707,
              11.157321961563618
            ],
            [
              77.04145248204759,
              11.154986300305003
            ],
            [
              77.04089391088579,
              11.1522312
            ],
            [
              77.04145248204759,
              11.149476099694995
            ],
            [
              77.04304315813707,
              11.14714043843638
            ],
            [
              77.04542377313912,
              11.145579799477959
            ],
            [
              77.0482319,
              11.145031775953923
            ],
            [
              77.05104002686089,
              11.145579799477959
            ],
            [
              77.05342064186294,
              11.14714043843638
            ],
            [
              77.05501131795242,
              11.149476099694995
            ],
            [
              77.05556988911422,
              11.1522312
            ]
          ]
        ]
      },
      "properties": {
        "id": 44793,
        "name": "Kunnathur",
        "ward_code": "OSM-3793",
        "city": "Coimbatore",
        "district": "Coimbatore",
        "state": "Tamil Nadu",
        "administrative_type": "Rural",
        "local_body": "Coimbatore Local Body",
        "locality": "Kunnathur",
        "population": 4500,
        "area_sq_km": 2.01,
        "risk_level": "LOW",
        "coordinates": [
          11.1522312,
          77.0482319
        ],
        "data_source_type": "OpenStreetMap / Overpass API",
        "data_status": "Verified Public Data"
      }
    },
    {
      "type": "Feature",
      "id": 1402,
      "geometry": {
        "type": "Polygon",
        "coordinates": [
          [
            [
              76.96722891814451,
              10.9148303
            ],
            [
              76.9661824430245,
              10.919996113071884
            ],
            [
              76.96320233401515,
              10.924375477931784
            ],
            [
              76.95874228569839,
              10.927301675978825
            ],
            [
              76.9534813,
              10.928329220086393
            ],
            [
              76.94822031430162,
              10.927301675978825
            ],
            [
              76.94376026598486,
              10.924375477931784
            ],
            [
              76.94078015697552,
              10.919996113071884
            ],
            [
              76.9397336818555,
              10.9148303
            ],
            [
              76.94078015697552,
              10.909664486928117
            ],
            [
              76.94376026598486,
              10.905285122068216
            ],
            [
              76.94822031430162,
              10.902358924021176
            ],
            [
              76.9534813,
              10.901331379913607
            ],
            [
              76.95874228569839,
              10.902358924021176
            ],
            [
              76.96320233401515,
              10.905285122068216
            ],
            [
              76.9661824430245,
              10.909664486928117
            ],
            [
              76.96722891814451,
              10.9148303
            ]
          ]
        ]
      },
      "properties": {
        "id": 1402,
        "name": "Madukkarai",
        "ward_code": "OSM-402",
        "city": "Coimbatore",
        "district": "Coimbatore",
        "state": "Tamil Nadu",
        "administrative_type": "Urban",
        "local_body": "Coimbatore Local Body",
        "locality": "Madukkarai",
        "population": 25000,
        "area_sq_km": 7.07,
        "risk_level": "HIGH",
        "coordinates": [
          10.9148303,
          76.9534813
        ],
        "data_source_type": "OpenStreetMap / Overpass API",
        "data_status": "Verified Public Data"
      }
    },
    {
      "type": "Feature",
      "id": 20254,
      "geometry": {
        "type": "Polygon",
        "coordinates": [
          [
            [
              77.04006751027795,
              11.1376235
            ],
            [
              77.03978823872447,
              11.139001050152503
            ],
            [
              77.03899294062643,
              11.14016888078181
            ],
            [
              77.03780269290986,
              11.14094920026102
            ],
            [
              77.0363987,
              11.141223212023037
            ],
            [
              77.03499470709015,
              11.14094920026102
            ],
            [
              77.03380445937358,
              11.14016888078181
            ],
            [
              77.03300916127554,
              11.139001050152503
            ],
            [
              77.03272988972206,
              11.1376235
            ],
            [
              77.03300916127554,
              11.136245949847497
            ],
            [
              77.03380445937358,
              11.135078119218191
            ],
            [
              77.03499470709015,
              11.134297799738981
            ],
            [
              77.0363987,
              11.134023787976963
            ],
            [
              77.03780269290986,
              11.134297799738981
            ],
            [
              77.03899294062643,
              11.135078119218191
            ],
            [
              77.03978823872447,
              11.136245949847497
            ],
            [
              77.04006751027795,
              11.1376235
            ]
          ]
        ]
      },
      "properties": {
        "id": 20254,
        "name": "Kovilpalayam",
        "ward_code": "OSM-9254",
        "city": "Coimbatore",
        "district": "Coimbatore",
        "state": "Tamil Nadu",
        "administrative_type": "Urban",
        "local_body": "Coimbatore Local Body",
        "locality": "Kovilpalayam",
        "population": 4500,
        "area_sq_km": 0.5,
        "risk_level": "LOW",
        "coordinates": [
          11.1376235,
          77.0363987
        ],
        "data_source_type": "OpenStreetMap / Overpass API",
        "data_status": "Verified Public Data"
      }
    },
    {
      "type": "Feature",
      "id": 20255,
      "geometry": {
        "type": "Polygon",
        "coordinates": [
          [
            [
              77.03214310349522,
              11.1132597
            ],
            [
              77.03186385529418,
              11.114637250152503
            ],
            [
              77.03106862369827,
              11.11580508078181
            ],
            [
              77.0298784755092,
              11.11658540026102
            ],
            [
              77.0284746,
              11.116859412023038
            ],
            [
              77.0270707244908,
              11.11658540026102
            ],
            [
              77.02588057630172,
              11.11580508078181
            ],
            [
              77.02508534470581,
              11.114637250152503
            ],
            [
              77.02480609650478,
              11.1132597
            ],
            [
              77.02508534470581,
              11.111882149847498
            ],
            [
              77.02588057630172,
              11.110714319218191
            ],
            [
              77.0270707244908,
              11.109933999738981
            ],
            [
              77.0284746,
              11.109659987976963
            ],
            [
              77.0298784755092,
              11.109933999738981
            ],
            [
              77.03106862369827,
              11.110714319218191
            ],
            [
              77.03186385529418,
              11.111882149847498
            ],
            [
              77.03214310349522,
              11.1132597
            ]
          ]
        ]
      },
      "properties": {
        "id": 20255,
        "name": "Kurumbapalayam",
        "ward_code": "OSM-9255",
        "city": "Coimbatore",
        "district": "Coimbatore",
        "state": "Tamil Nadu",
        "administrative_type": "Urban",
        "local_body": "Coimbatore Local Body",
        "locality": "Kurumbapalayam",
        "population": 4500,
        "area_sq_km": 0.5,
        "risk_level": "MEDIUM",
        "coordinates": [
          11.1132597,
          77.0284746
        ],
        "data_source_type": "OpenStreetMap / Overpass API",
        "data_status": "Verified Public Data"
      }
    },
    {
      "type": "Feature",
      "id": 43159,
      "geometry": {
        "type": "Polygon",
        "coordinates": [
          [
            [
              77.00748906494469,
              11.0783323
            ],
            [
              77.00720985012632,
              11.079709850152502
            ],
            [
              77.00641471359621,
              11.080877680781809
            ],
            [
              77.00522470768317,
              11.081658000261019
            ],
            [
              77.003821,
              11.081932012023037
            ],
            [
              77.00241729231684,
              11.081658000261019
            ],
            [
              77.00122728640379,
              11.080877680781809
            ],
            [
              77.00043214987369,
              11.079709850152502
            ],
            [
              77.00015293505531,
              11.0783323
            ],
            [
              77.00043214987369,
              11.076954749847497
            ],
            [
              77.00122728640379,
              11.07578691921819
            ],
            [
              77.00241729231684,
              11.07500659973898
            ],
            [
              77.003821,
              11.074732587976962
            ],
            [
              77.00522470768317,
              11.07500659973898
            ],
            [
              77.00641471359621,
              11.07578691921819
            ],
            [
              77.00720985012632,
              11.076954749847497
            ],
            [
              77.00748906494469,
              11.0783323
            ]
          ]
        ]
      },
      "properties": {
        "id": 43159,
        "name": "Sarvanampatti",
        "ward_code": "OSM-2159",
        "city": "Coimbatore",
        "district": "Coimbatore",
        "state": "Tamil Nadu",
        "administrative_type": "Urban",
        "local_body": "Coimbatore Local Body",
        "locality": "Sarvanampatti",
        "population": 4500,
        "area_sq_km": 0.5,
        "risk_level": "MEDIUM",
        "coordinates": [
          11.0783323,
          77.003821
        ],
        "data_source_type": "OpenStreetMap / Overpass API",
        "data_status": "Verified Public Data"
      }
    },
    {
      "type": "Feature",
      "id": 30560,
      "geometry": {
        "type": "Polygon",
        "coordinates": [
          [
            [
              76.95895322806592,
              11.1696024
            ],
            [
              76.95839462349092,
              11.172357500305004
            ],
            [
              76.95680385224867,
              11.174693161563619
            ],
            [
              76.95442309484044,
              11.17625380052204
            ],
            [
              76.9516148,
              11.176801824046077
            ],
            [
              76.94880650515957,
              11.17625380052204
            ],
            [
              76.94642574775133,
              11.174693161563619
            ],
            [
              76.94483497650909,
              11.172357500305004
            ],
            [
              76.94427637193408,
              11.1696024
            ],
            [
              76.94483497650909,
              11.166847299694997
            ],
            [
              76.94642574775133,
              11.164511638436382
            ],
            [
              76.94880650515957,
              11.16295099947796
            ],
            [
              76.9516148,
              11.162402975953924
            ],
            [
              76.95442309484044,
              11.16295099947796
            ],
            [
              76.95680385224867,
              11.164511638436382
            ],
            [
              76.95839462349092,
              11.166847299694997
            ],
            [
              76.95895322806592,
              11.1696024
            ]
          ]
        ]
      },
      "properties": {
        "id": 30560,
        "name": "Veerapandi Pirivu",
        "ward_code": "OSM-9560",
        "city": "Coimbatore",
        "district": "Coimbatore",
        "state": "Tamil Nadu",
        "administrative_type": "Rural",
        "local_body": "Coimbatore Local Body",
        "locality": "Veerapandi Pirivu",
        "population": 4500,
        "area_sq_km": 2.01,
        "risk_level": "MEDIUM",
        "coordinates": [
          11.1696024,
          76.9516148
        ],
        "data_source_type": "OpenStreetMap / Overpass API",
        "data_status": "Verified Public Data"
      }
    },
    {
      "type": "Feature",
      "id": 20084,
      "geometry": {
        "type": "Polygon",
        "coordinates": [
          [
            [
              76.94945839612627,
              11.1523555
            ],
            [
              76.94917911042593,
              11.153733050152503
            ],
            [
              76.94838377204104,
              11.15490088078181
            ],
            [
              76.94719346403093,
              11.15568120026102
            ],
            [
              76.9457894,
              11.155955212023038
            ],
            [
              76.94438533596906,
              11.15568120026102
            ],
            [
              76.94319502795895,
              11.15490088078181
            ],
            [
              76.94239968957406,
              11.153733050152503
            ],
            [
              76.94212040387372,
              11.1523555
            ],
            [
              76.94239968957406,
              11.150977949847498
            ],
            [
              76.94319502795895,
              11.149810119218191
            ],
            [
              76.94438533596906,
              11.149029799738981
            ],
            [
              76.9457894,
              11.148755787976963
            ],
            [
              76.94719346403093,
              11.149029799738981
            ],
            [
              76.94838377204104,
              11.149810119218191
            ],
            [
              76.94917911042593,
              11.150977949847498
            ],
            [
              76.94945839612627,
              11.1523555
            ]
          ]
        ]
      },
      "properties": {
        "id": 20084,
        "name": "Periyanaickenpalyam",
        "ward_code": "OSM-9084",
        "city": "Coimbatore",
        "district": "Coimbatore",
        "state": "Tamil Nadu",
        "administrative_type": "Urban",
        "local_body": "Coimbatore Local Body",
        "locality": "Periyanaickenpalyam",
        "population": 4500,
        "area_sq_km": 0.5,
        "risk_level": "MEDIUM",
        "coordinates": [
          11.1523555,
          76.9457894
        ],
        "data_source_type": "OpenStreetMap / Overpass API",
        "data_status": "Verified Public Data"
      }
    },
    {
      "type": "Feature",
      "id": 20108,
      "geometry": {
        "type": "Polygon",
        "coordinates": [
          [
            [
              76.96439602895877,
              10.9953549
            ],
            [
              76.96411689300014,
              10.996732450152503
            ],
            [
              76.96332198104355,
              10.99790028078181
            ],
            [
              76.96213231122853,
              10.99868060026102
            ],
            [
              76.960729,
              10.998954612023038
            ],
            [
              76.95932568877147,
              10.99868060026102
            ],
            [
              76.95813601895645,
              10.99790028078181
            ],
            [
              76.95734110699986,
              10.996732450152503
            ],
            [
              76.95706197104123,
              10.9953549
            ],
            [
              76.95734110699986,
              10.993977349847498
            ],
            [
              76.95813601895645,
              10.992809519218191
            ],
            [
              76.95932568877147,
              10.992029199738981
            ],
            [
              76.960729,
              10.991755187976963
            ],
            [
              76.96213231122853,
              10.992029199738981
            ],
            [
              76.96332198104355,
              10.992809519218191
            ],
            [
              76.96411689300014,
              10.993977349847498
            ],
            [
              76.96439602895877,
              10.9953549
            ]
          ]
        ]
      },
      "properties": {
        "id": 20108,
        "name": "Five Corner",
        "ward_code": "OSM-9108",
        "city": "Coimbatore",
        "district": "Coimbatore",
        "state": "Tamil Nadu",
        "administrative_type": "Urban",
        "local_body": "Coimbatore Local Body",
        "locality": "Five Corner",
        "population": 4500,
        "area_sq_km": 0.5,
        "risk_level": "MEDIUM",
        "coordinates": [
          10.9953549,
          76.960729
        ],
        "data_source_type": "OpenStreetMap / Overpass API",
        "data_status": "Verified Public Data"
      }
    },
    {
      "type": "Feature",
      "id": 12224,
      "geometry": {
        "type": "Polygon",
        "coordinates": [
          [
            [
              76.96058303169052,
              11.178903
            ],
            [
              76.96030372044687,
              11.180280550152503
            ],
            [
              76.9595083093208,
              11.18144838078181
            ],
            [
              76.95831789244582,
              11.18222870026102
            ],
            [
              76.9569137,
              11.182502712023037
            ],
            [
              76.95550950755418,
              11.18222870026102
            ],
            [
              76.9543190906792,
              11.18144838078181
            ],
            [
              76.95352367955313,
              11.180280550152503
            ],
            [
              76.95324436830948,
              11.178903
            ],
            [
              76.95352367955313,
              11.177525449847497
            ],
            [
              76.9543190906792,
              11.17635761921819
            ],
            [
              76.95550950755418,
              11.17557729973898
            ],
            [
              76.9569137,
              11.175303287976963
            ],
            [
              76.95831789244582,
              11.17557729973898
            ],
            [
              76.9595083093208,
              11.17635761921819
            ],
            [
              76.96030372044687,
              11.177525449847497
            ],
            [
              76.96058303169052,
              11.178903
            ]
          ]
        ]
      },
      "properties": {
        "id": 12224,
        "name": "Press colony",
        "ward_code": "OSM-1224",
        "city": "Coimbatore",
        "district": "Coimbatore",
        "state": "Tamil Nadu",
        "administrative_type": "Urban",
        "local_body": "Coimbatore Local Body",
        "locality": "Press colony",
        "population": 4500,
        "area_sq_km": 0.5,
        "risk_level": "HIGH",
        "coordinates": [
          11.178903,
          76.9569137
        ],
        "data_source_type": "OpenStreetMap / Overpass API",
        "data_status": "Verified Public Data"
      }
    },
    {
      "type": "Feature",
      "id": 22365,
      "geometry": {
        "type": "Polygon",
        "coordinates": [
          [
            [
              77.04070997041134,
              11.0787684
            ],
            [
              77.04043075517684,
              11.080145950152502
            ],
            [
              77.03963561746173,
              11.081313780781809
            ],
            [
              77.03844560977517,
              11.082094100261019
            ],
            [
              77.0370419,
              11.082368112023037
            ],
            [
              77.03563819022484,
              11.082094100261019
            ],
            [
              77.03444818253828,
              11.081313780781809
            ],
            [
              77.03365304482317,
              11.080145950152502
            ],
            [
              77.03337382958867,
              11.0787684
            ],
            [
              77.03365304482317,
              11.077390849847497
            ],
            [
              77.03444818253828,
              11.07622301921819
            ],
            [
              77.03563819022484,
              11.07544269973898
            ],
            [
              77.0370419,
              11.075168687976962
            ],
            [
              77.03844560977517,
              11.07544269973898
            ],
            [
              77.03963561746173,
              11.07622301921819
            ],
            [
              77.04043075517684,
              11.077390849847497
            ],
            [
              77.04070997041134,
              11.0787684
            ]
          ]
        ]
      },
      "properties": {
        "id": 22365,
        "name": "Kalapatti",
        "ward_code": "OSM-1365",
        "city": "Coimbatore",
        "district": "Coimbatore",
        "state": "Tamil Nadu",
        "administrative_type": "Urban",
        "local_body": "Coimbatore Local Body",
        "locality": "Kalapatti",
        "population": 4500,
        "area_sq_km": 0.5,
        "risk_level": "MEDIUM",
        "coordinates": [
          11.0787684,
          77.0370419
        ],
        "data_source_type": "OpenStreetMap / Overpass API",
        "data_status": "Verified Public Data"
      }
    },
    {
      "type": "Feature",
      "id": 14890,
      "geometry": {
        "type": "Polygon",
        "coordinates": [
          [
            [
              76.91391347875769,
              11.2346715
            ],
            [
              76.91335474853126,
              11.237426600305003
            ],
            [
              76.91176361946401,
              11.239762261563618
            ],
            [
              76.90938232653282,
              11.24132290052204
            ],
            [
              76.9065734,
              11.241870924046076
            ],
            [
              76.90376447346718,
              11.24132290052204
            ],
            [
              76.90138318053599,
              11.239762261563618
            ],
            [
              76.89979205146874,
              11.237426600305003
            ],
            [
              76.8992333212423,
              11.2346715
            ],
            [
              76.89979205146874,
              11.231916399694995
            ],
            [
              76.90138318053599,
              11.22958073843638
            ],
            [
              76.90376447346718,
              11.228020099477959
            ],
            [
              76.9065734,
              11.227472075953923
            ],
            [
              76.90938232653282,
              11.228020099477959
            ],
            [
              76.91176361946401,
              11.22958073843638
            ],
            [
              76.91335474853126,
              11.231916399694995
            ],
            [
              76.91391347875769,
              11.2346715
            ]
          ]
        ]
      },
      "properties": {
        "id": 14890,
        "name": "Marudur",
        "ward_code": "OSM-3890",
        "city": "Coimbatore",
        "district": "Coimbatore",
        "state": "Tamil Nadu",
        "administrative_type": "Rural",
        "local_body": "Coimbatore Local Body",
        "locality": "Marudur",
        "population": 9491,
        "area_sq_km": 2.01,
        "risk_level": "LOW",
        "coordinates": [
          11.2346715,
          76.9065734
        ],
        "data_source_type": "OpenStreetMap / Overpass API",
        "data_status": "Verified Public Data"
      }
    },
    {
      "type": "Feature",
      "id": 18975,
      "geometry": {
        "type": "Polygon",
        "coordinates": [
          [
            [
              76.90244089381719,
              11.231333
            ],
            [
              76.90188217005645,
              11.234088100305003
            ],
            [
              76.900291059402,
              11.236423761563618
            ],
            [
              76.8979097940275,
              11.23798440052204
            ],
            [
              76.8951009,
              11.238532424046076
            ],
            [
              76.89229200597251,
              11.23798440052204
            ],
            [
              76.88991074059801,
              11.236423761563618
            ],
            [
              76.88831962994355,
              11.234088100305003
            ],
            [
              76.88776090618282,
              11.231333
            ],
            [
              76.88831962994355,
              11.228577899694995
            ],
            [
              76.88991074059801,
              11.226242238436381
            ],
            [
              76.89229200597251,
              11.22468159947796
            ],
            [
              76.8951009,
              11.224133575953923
            ],
            [
              76.8979097940275,
              11.22468159947796
            ],
            [
              76.900291059402,
              11.226242238436381
            ],
            [
              76.90188217005645,
              11.228577899694995
            ],
            [
              76.90244089381719,
              11.231333
            ]
          ]
        ]
      },
      "properties": {
        "id": 18975,
        "name": "Saalaiyur",
        "ward_code": "OSM-7975",
        "city": "Coimbatore",
        "district": "Coimbatore",
        "state": "Tamil Nadu",
        "administrative_type": "Rural",
        "local_body": "Coimbatore Local Body",
        "locality": "Saalaiyur",
        "population": 4500,
        "area_sq_km": 2.01,
        "risk_level": "HIGH",
        "coordinates": [
          11.231333,
          76.8951009
        ],
        "data_source_type": "OpenStreetMap / Overpass API",
        "data_status": "Verified Public Data"
      }
    },
    {
      "type": "Feature",
      "id": 31496,
      "geometry": {
        "type": "Polygon",
        "coordinates": [
          [
            [
              76.8775899643179,
              11.2104977
            ],
            [
              76.87703128086291,
              11.213252800305003
            ],
            [
              76.87544028498947,
              11.215588461563618
            ],
            [
              76.87305919139689,
              11.21714910052204
            ],
            [
              76.8702505,
              11.217697124046076
            ],
            [
              76.8674418086031,
              11.21714910052204
            ],
            [
              76.86506071501053,
              11.215588461563618
            ],
            [
              76.86346971913709,
              11.213252800305003
            ],
            [
              76.86291103568209,
              11.2104977
            ],
            [
              76.86346971913709,
              11.207742599694996
            ],
            [
              76.86506071501053,
              11.205406938436381
            ],
            [
              76.8674418086031,
              11.20384629947796
            ],
            [
              76.8702505,
              11.203298275953923
            ],
            [
              76.87305919139689,
              11.20384629947796
            ],
            [
              76.87544028498947,
              11.205406938436381
            ],
            [
              76.87703128086291,
              11.207742599694996
            ],
            [
              76.8775899643179,
              11.2104977
            ]
          ]
        ]
      },
      "properties": {
        "id": 31496,
        "name": "Dayanur",
        "ward_code": "OSM-496",
        "city": "Coimbatore",
        "district": "Coimbatore",
        "state": "Tamil Nadu",
        "administrative_type": "Rural",
        "local_body": "Coimbatore Local Body",
        "locality": "Dayanur",
        "population": 4500,
        "area_sq_km": 2.01,
        "risk_level": "MEDIUM",
        "coordinates": [
          11.2104977,
          76.8702505
        ],
        "data_source_type": "OpenStreetMap / Overpass API",
        "data_status": "Verified Public Data"
      }
    },
    {
      "type": "Feature",
      "id": 31644,
      "geometry": {
        "type": "Polygon",
        "coordinates": [
          [
            [
              76.82917042517585,
              11.2128945
            ],
            [
              76.82861173708832,
              11.215649600305005
            ],
            [
              76.82702072802253,
              11.21798526156362
            ],
            [
              76.82463961468622,
              11.219545900522041
            ],
            [
              76.8218309,
              11.220093924046077
            ],
            [
              76.81902218531377,
              11.219545900522041
            ],
            [
              76.81664107197746,
              11.21798526156362
            ],
            [
              76.81505006291167,
              11.215649600305005
            ],
            [
              76.81449137482414,
              11.2128945
            ],
            [
              76.81505006291167,
              11.210139399694997
            ],
            [
              76.81664107197746,
              11.207803738436382
            ],
            [
              76.81902218531377,
              11.20624309947796
            ],
            [
              76.8218309,
              11.205695075953924
            ],
            [
              76.82463961468622,
              11.20624309947796
            ],
            [
              76.82702072802253,
              11.207803738436382
            ],
            [
              76.82861173708832,
              11.210139399694997
            ],
            [
              76.82917042517585,
              11.2128945
            ]
          ]
        ]
      },
      "properties": {
        "id": 31644,
        "name": "Velliangadu",
        "ward_code": "OSM-644",
        "city": "Coimbatore",
        "district": "Coimbatore",
        "state": "Tamil Nadu",
        "administrative_type": "Rural",
        "local_body": "Coimbatore Local Body",
        "locality": "Velliangadu",
        "population": 4500,
        "area_sq_km": 2.01,
        "risk_level": "HIGH",
        "coordinates": [
          11.2128945,
          76.8218309
        ],
        "data_source_type": "OpenStreetMap / Overpass API",
        "data_status": "Verified Public Data"
      }
    },
    {
      "type": "Feature",
      "id": 2666,
      "geometry": {
        "type": "Polygon",
        "coordinates": [
          [
            [
              76.86733199845612,
              10.9728355
            ],
            [
              76.86677376912532,
              10.975590600305004
            ],
            [
              76.86518406648814,
              10.977926261563619
            ],
            [
              76.86280490836043,
              10.97948690052204
            ],
            [
              76.8599985,
              10.980034924046077
            ],
            [
              76.85719209163958,
              10.97948690052204
            ],
            [
              76.85481293351187,
              10.977926261563619
            ],
            [
              76.85322323087469,
              10.975590600305004
            ],
            [
              76.85266500154388,
              10.9728355
            ],
            [
              76.85322323087469,
              10.970080399694996
            ],
            [
              76.85481293351187,
              10.967744738436382
            ],
            [
              76.85719209163958,
              10.96618409947796
            ],
            [
              76.8599985,
              10.965636075953924
            ],
            [
              76.86280490836043,
              10.96618409947796
            ],
            [
              76.86518406648814,
              10.967744738436382
            ],
            [
              76.86677376912532,
              10.970080399694996
            ],
            [
              76.86733199845612,
              10.9728355
            ]
          ]
        ]
      },
      "properties": {
        "id": 2666,
        "name": "Madhampatti",
        "ward_code": "OSM-1666",
        "city": "Coimbatore",
        "district": "Coimbatore",
        "state": "Tamil Nadu",
        "administrative_type": "Rural",
        "local_body": "Coimbatore Local Body",
        "locality": "Madhampatti",
        "population": 4500,
        "area_sq_km": 2.01,
        "risk_level": "MEDIUM",
        "coordinates": [
          10.9728355,
          76.8599985
        ],
        "data_source_type": "OpenStreetMap / Overpass API",
        "data_status": "Verified Public Data"
      }
    },
    {
      "type": "Feature",
      "id": 8284,
      "geometry": {
        "type": "Polygon",
        "coordinates": [
          [
            [
              76.82230127212378,
              10.9596773
            ],
            [
              76.82174306763353,
              10.962432400305003
            ],
            [
              76.82015343573633,
              10.964768061563618
            ],
            [
              76.81777438347845,
              10.96632870052204
            ],
            [
              76.8149681,
              10.966876724046076
            ],
            [
              76.81216181652155,
              10.96632870052204
            ],
            [
              76.80978276426367,
              10.964768061563618
            ],
            [
              76.80819313236647,
              10.962432400305003
            ],
            [
              76.80763492787622,
              10.9596773
            ],
            [
              76.80819313236647,
              10.956922199694995
            ],
            [
              76.80978276426367,
              10.95458653843638
            ],
            [
              76.81216181652155,
              10.953025899477959
            ],
            [
              76.8149681,
              10.952477875953923
            ],
            [
              76.81777438347845,
              10.953025899477959
            ],
            [
              76.82015343573633,
              10.95458653843638
            ],
            [
              76.82174306763353,
              10.956922199694995
            ],
            [
              76.82230127212378,
              10.9596773
            ]
          ]
        ]
      },
      "properties": {
        "id": 8284,
        "name": "Pooluvapatti",
        "ward_code": "OSM-7284",
        "city": "Coimbatore",
        "district": "Coimbatore",
        "state": "Tamil Nadu",
        "administrative_type": "Rural",
        "local_body": "Coimbatore Local Body",
        "locality": "Pooluvapatti",
        "population": 4500,
        "area_sq_km": 2.01,
        "risk_level": "LOW",
        "coordinates": [
          10.9596773,
          76.8149681
        ],
        "data_source_type": "OpenStreetMap / Overpass API",
        "data_status": "Verified Public Data"
      }
    },
    {
      "type": "Feature",
      "id": 49956,
      "geometry": {
        "type": "Polygon",
        "coordinates": [
          [
            [
              76.98799827217903,
              11.0629428
            ],
            [
              76.98771907203408,
              11.064320350152503
            ],
            [
              76.98692397729032,
              11.06548818078181
            ],
            [
              76.98573403391495,
              11.06626850026102
            ],
            [
              76.9843304,
              11.066542512023037
            ],
            [
              76.98292676608506,
              11.06626850026102
            ],
            [
              76.98173682270969,
              11.06548818078181
            ],
            [
              76.98094172796593,
              11.064320350152503
            ],
            [
              76.98066252782098,
              11.0629428
            ],
            [
              76.98094172796593,
              11.061565249847497
            ],
            [
              76.98173682270969,
              11.06039741921819
            ],
            [
              76.98292676608506,
              11.05961709973898
            ],
            [
              76.9843304,
              11.059343087976963
            ],
            [
              76.98573403391495,
              11.05961709973898
            ],
            [
              76.98692397729032,
              11.06039741921819
            ],
            [
              76.98771907203408,
              11.061565249847497
            ],
            [
              76.98799827217903,
              11.0629428
            ]
          ]
        ]
      },
      "properties": {
        "id": 49956,
        "name": "Chinnavedampatti",
        "ward_code": "OSM-8956",
        "city": "Coimbatore",
        "district": "Coimbatore",
        "state": "Tamil Nadu",
        "administrative_type": "Urban",
        "local_body": "Coimbatore Local Body",
        "locality": "Chinnavedampatti",
        "population": 4500,
        "area_sq_km": 0.5,
        "risk_level": "HIGH",
        "coordinates": [
          11.0629428,
          76.9843304
        ],
        "data_source_type": "OpenStreetMap / Overpass API",
        "data_status": "Verified Public Data"
      }
    },
    {
      "type": "Feature",
      "id": 2736,
      "geometry": {
        "type": "Polygon",
        "coordinates": [
          [
            [
              76.99178368904991,
              11.0642906
            ],
            [
              76.99150448762073,
              11.065668150152502
            ],
            [
              76.99070938921983,
              11.066835980781809
            ],
            [
              76.98951944037115,
              11.067616300261019
            ],
            [
              76.9881158,
              11.067890312023037
            ],
            [
              76.98671215962885,
              11.067616300261019
            ],
            [
              76.98552221078018,
              11.066835980781809
            ],
            [
              76.98472711237928,
              11.065668150152502
            ],
            [
              76.9844479109501,
              11.0642906
            ],
            [
              76.98472711237928,
              11.062913049847497
            ],
            [
              76.98552221078018,
              11.06174521921819
            ],
            [
              76.98671215962885,
              11.06096489973898
            ],
            [
              76.9881158,
              11.060690887976962
            ],
            [
              76.98951944037115,
              11.06096489973898
            ],
            [
              76.99070938921983,
              11.06174521921819
            ],
            [
              76.99150448762073,
              11.062913049847497
            ],
            [
              76.99178368904991,
              11.0642906
            ]
          ]
        ]
      },
      "properties": {
        "id": 2736,
        "name": "Kurunji Nagar",
        "ward_code": "OSM-1736",
        "city": "Coimbatore",
        "district": "Coimbatore",
        "state": "Tamil Nadu",
        "administrative_type": "Urban",
        "local_body": "Coimbatore Local Body",
        "locality": "Kurunji Nagar",
        "population": 4500,
        "area_sq_km": 0.5,
        "risk_level": "MEDIUM",
        "coordinates": [
          11.0642906,
          76.9881158
        ],
        "data_source_type": "OpenStreetMap / Overpass API",
        "data_status": "Verified Public Data"
      }
    },
    {
      "type": "Feature",
      "id": 1080,
      "geometry": {
        "type": "Polygon",
        "coordinates": [
          [
            [
              76.9696865906684,
              10.7360974
            ],
            [
              76.96912880342911,
              10.738852500305004
            ],
            [
              76.96754035976207,
              10.741188161563619
            ],
            [
              76.96516308581629,
              10.74274880052204
            ],
            [
              76.9623589,
              10.743296824046077
            ],
            [
              76.95955471418371,
              10.74274880052204
            ],
            [
              76.95717744023793,
              10.741188161563619
            ],
            [
              76.95558899657088,
              10.738852500305004
            ],
            [
              76.9550312093316,
              10.7360974
            ],
            [
              76.95558899657088,
              10.733342299694996
            ],
            [
              76.95717744023793,
              10.731006638436382
            ],
            [
              76.95955471418371,
              10.72944599947796
            ],
            [
              76.9623589,
              10.728897975953924
            ],
            [
              76.96516308581629,
              10.72944599947796
            ],
            [
              76.96754035976207,
              10.731006638436382
            ],
            [
              76.96912880342911,
              10.733342299694996
            ],
            [
              76.9696865906684,
              10.7360974
            ]
          ]
        ]
      },
      "properties": {
        "id": 1080,
        "name": "Puravipalayam",
        "ward_code": "OSM-80",
        "city": "Coimbatore",
        "district": "Coimbatore",
        "state": "Tamil Nadu",
        "administrative_type": "Rural",
        "local_body": "Coimbatore Local Body",
        "locality": "Puravipalayam",
        "population": 4500,
        "area_sq_km": 2.01,
        "risk_level": "LOW",
        "coordinates": [
          10.7360974,
          76.9623589
        ],
        "data_source_type": "OpenStreetMap / Overpass API",
        "data_status": "Verified Public Data"
      }
    },
    {
      "type": "Feature",
      "id": 9061,
      "geometry": {
        "type": "Polygon",
        "coordinates": [
          [
            [
              77.00282292816661,
              10.7500059
            ],
            [
              77.0022651152368,
              10.752761000305004
            ],
            [
              77.00067659840933,
              10.755096661563618
            ],
            [
              76.99829921497127,
              10.75665730052204
            ],
            [
              76.9954949,
              10.757205324046076
            ],
            [
              76.99269058502873,
              10.75665730052204
            ],
            [
              76.99031320159067,
              10.755096661563618
            ],
            [
              76.9887246847632,
              10.752761000305004
            ],
            [
              76.98816687183339,
              10.7500059
            ],
            [
              76.9887246847632,
              10.747250799694996
            ],
            [
              76.99031320159067,
              10.744915138436381
            ],
            [
              76.99269058502873,
              10.74335449947796
            ],
            [
              76.9954949,
              10.742806475953923
            ],
            [
              76.99829921497127,
              10.74335449947796
            ],
            [
              77.00067659840933,
              10.744915138436381
            ],
            [
              77.0022651152368,
              10.747250799694996
            ],
            [
              77.00282292816661,
              10.7500059
            ]
          ]
        ]
      },
      "properties": {
        "id": 9061,
        "name": "Soolakkal",
        "ward_code": "OSM-8061",
        "city": "Coimbatore",
        "district": "Coimbatore",
        "state": "Tamil Nadu",
        "administrative_type": "Rural",
        "local_body": "Coimbatore Local Body",
        "locality": "Soolakkal",
        "population": 4500,
        "area_sq_km": 2.01,
        "risk_level": "MEDIUM",
        "coordinates": [
          10.7500059,
          76.9954949
        ],
        "data_source_type": "OpenStreetMap / Overpass API",
        "data_status": "Verified Public Data"
      }
    },
    {
      "type": "Feature",
      "id": 9062,
      "geometry": {
        "type": "Polygon",
        "coordinates": [
          [
            [
              76.99302188091295,
              10.7398183
            ],
            [
              76.9924640868042,
              10.742573400305004
            ],
            [
              76.9908756235746,
              10.744909061563618
            ],
            [
              76.9884983203514,
              10.74646970052204
            ],
            [
              76.9856941,
              10.747017724046076
            ],
            [
              76.98288987964861,
              10.74646970052204
            ],
            [
              76.98051257642541,
              10.744909061563618
            ],
            [
              76.9789241131958,
              10.742573400305004
            ],
            [
              76.97836631908706,
              10.7398183
            ],
            [
              76.9789241131958,
              10.737063199694996
            ],
            [
              76.98051257642541,
              10.734727538436381
            ],
            [
              76.98288987964861,
              10.73316689947796
            ],
            [
              76.9856941,
              10.732618875953923
            ],
            [
              76.9884983203514,
              10.73316689947796
            ],
            [
              76.9908756235746,
              10.734727538436381
            ],
            [
              76.9924640868042,
              10.737063199694996
            ],
            [
              76.99302188091295,
              10.7398183
            ]
          ]
        ]
      },
      "properties": {
        "id": 9062,
        "name": "Vadakkipalayam",
        "ward_code": "OSM-8062",
        "city": "Coimbatore",
        "district": "Coimbatore",
        "state": "Tamil Nadu",
        "administrative_type": "Rural",
        "local_body": "Coimbatore Local Body",
        "locality": "Vadakkipalayam",
        "population": 4500,
        "area_sq_km": 2.01,
        "risk_level": "HIGH",
        "coordinates": [
          10.7398183,
          76.9856941
        ],
        "data_source_type": "OpenStreetMap / Overpass API",
        "data_status": "Verified Public Data"
      }
    },
    {
      "type": "Feature",
      "id": 15870,
      "geometry": {
        "type": "Polygon",
        "coordinates": [
          [
            [
              77.00160192940628,
              11.1141508
            ],
            [
              77.00104343129789,
              11.116905900305005
            ],
            [
              76.99945296324695,
              11.11924156156362
            ],
            [
              76.99707265959655,
              11.120802200522041
            ],
            [
              76.9942649,
              11.121350224046077
            ],
            [
              76.99145714040345,
              11.120802200522041
            ],
            [
              76.98907683675306,
              11.11924156156362
            ],
            [
              76.98748636870212,
              11.116905900305005
            ],
            [
              76.98692787059373,
              11.1141508
            ],
            [
              76.98748636870212,
              11.111395699694997
            ],
            [
              76.98907683675306,
              11.109060038436382
            ],
            [
              76.99145714040345,
              11.10749939947796
            ],
            [
              76.9942649,
              11.106951375953924
            ],
            [
              76.99707265959655,
              11.10749939947796
            ],
            [
              76.99945296324695,
              11.109060038436382
            ],
            [
              77.00104343129789,
              11.111395699694997
            ],
            [
              77.00160192940628,
              11.1141508
            ]
          ]
        ]
      },
      "properties": {
        "id": 15870,
        "name": "Keeranatham",
        "ward_code": "OSM-4870",
        "city": "Coimbatore",
        "district": "Coimbatore",
        "state": "Tamil Nadu",
        "administrative_type": "Rural",
        "local_body": "Coimbatore Local Body",
        "locality": "Keeranatham",
        "population": 4500,
        "area_sq_km": 2.01,
        "risk_level": "MEDIUM",
        "coordinates": [
          11.1141508,
          76.9942649
        ],
        "data_source_type": "OpenStreetMap / Overpass API",
        "data_status": "Verified Public Data"
      }
    },
    {
      "type": "Feature",
      "id": 32016,
      "geometry": {
        "type": "Polygon",
        "coordinates": [
          [
            [
              76.9836421823972,
              11.1281733
            ],
            [
              76.98308365741899,
              11.130928400305004
            ],
            [
              76.98149311284922,
              11.133264061563619
            ],
            [
              76.97911269468034,
              11.13482470052204
            ],
            [
              76.9763048,
              11.135372724046077
            ],
            [
              76.97349690531965,
              11.13482470052204
            ],
            [
              76.97111648715077,
              11.133264061563619
            ],
            [
              76.969525942581,
              11.130928400305004
            ],
            [
              76.96896741760278,
              11.1281733
            ],
            [
              76.969525942581,
              11.125418199694996
            ],
            [
              76.97111648715077,
              11.123082538436382
            ],
            [
              76.97349690531965,
              11.12152189947796
            ],
            [
              76.9763048,
              11.120973875953924
            ],
            [
              76.97911269468034,
              11.12152189947796
            ],
            [
              76.98149311284922,
              11.123082538436382
            ],
            [
              76.98308365741899,
              11.125418199694996
            ],
            [
              76.9836421823972,
              11.1281733
            ]
          ]
        ]
      },
      "properties": {
        "id": 32016,
        "name": "Govindanaikenpalayam",
        "ward_code": "OSM-1016",
        "city": "Coimbatore",
        "district": "Coimbatore",
        "state": "Tamil Nadu",
        "administrative_type": "Rural",
        "local_body": "Coimbatore Local Body",
        "locality": "Govindanaikenpalayam",
        "population": 4500,
        "area_sq_km": 2.01,
        "risk_level": "MEDIUM",
        "coordinates": [
          11.1281733,
          76.9763048
        ],
        "data_source_type": "OpenStreetMap / Overpass API",
        "data_status": "Verified Public Data"
      }
    },
    {
      "type": "Feature",
      "id": 32017,
      "geometry": {
        "type": "Polygon",
        "coordinates": [
          [
            [
              76.98806250679492,
              11.1291418
            ],
            [
              76.98750397995954,
              11.131896900305003
            ],
            [
              76.98591343010101,
              11.134232561563618
            ],
            [
              76.98353300401693,
              11.13579320052204
            ],
            [
              76.9807251,
              11.136341224046076
            ],
            [
              76.97791719598307,
              11.13579320052204
            ],
            [
              76.975536769899,
              11.134232561563618
            ],
            [
              76.97394622004046,
              11.131896900305003
            ],
            [
              76.97338769320508,
              11.1291418
            ],
            [
              76.97394622004046,
              11.126386699694995
            ],
            [
              76.975536769899,
              11.12405103843638
            ],
            [
              76.97791719598307,
              11.12249039947796
            ],
            [
              76.9807251,
              11.121942375953923
            ],
            [
              76.98353300401693,
              11.12249039947796
            ],
            [
              76.98591343010101,
              11.12405103843638
            ],
            [
              76.98750397995954,
              11.126386699694995
            ],
            [
              76.98806250679492,
              11.1291418
            ]
          ]
        ]
      },
      "properties": {
        "id": 32017,
        "name": "Athipalayam",
        "ward_code": "OSM-1017",
        "city": "Coimbatore",
        "district": "Coimbatore",
        "state": "Tamil Nadu",
        "administrative_type": "Rural",
        "local_body": "Coimbatore Local Body",
        "locality": "Athipalayam",
        "population": 4500,
        "area_sq_km": 2.01,
        "risk_level": "HIGH",
        "coordinates": [
          11.1291418,
          76.9807251
        ],
        "data_source_type": "OpenStreetMap / Overpass API",
        "data_status": "Verified Public Data"
      }
    },
    {
      "type": "Feature",
      "id": 32020,
      "geometry": {
        "type": "Polygon",
        "coordinates": [
          [
            [
              76.97207697191976,
              11.1186987
            ],
            [
              76.9717977185102,
              11.120076250152502
            ],
            [
              76.97100247208174,
              11.121244080781809
            ],
            [
              76.96981230169413,
              11.122024400261019
            ],
            [
              76.9684084,
              11.122298412023037
            ],
            [
              76.96700449830587,
              11.122024400261019
            ],
            [
              76.96581432791827,
              11.121244080781809
            ],
            [
              76.9650190814898,
              11.120076250152502
            ],
            [
              76.96473982808024,
              11.1186987
            ],
            [
              76.9650190814898,
              11.117321149847497
            ],
            [
              76.96581432791827,
              11.11615331921819
            ],
            [
              76.96700449830587,
              11.11537299973898
            ],
            [
              76.9684084,
              11.115098987976962
            ],
            [
              76.96981230169413,
              11.11537299973898
            ],
            [
              76.97100247208174,
              11.11615331921819
            ],
            [
              76.9717977185102,
              11.117321149847497
            ],
            [
              76.97207697191976,
              11.1186987
            ]
          ]
        ]
      },
      "properties": {
        "id": 32020,
        "name": "Idigarai",
        "ward_code": "OSM-1020",
        "city": "Coimbatore",
        "district": "Coimbatore",
        "state": "Tamil Nadu",
        "administrative_type": "Urban",
        "local_body": "Coimbatore Local Body",
        "locality": "Idigarai",
        "population": 4500,
        "area_sq_km": 0.5,
        "risk_level": "HIGH",
        "coordinates": [
          11.1186987,
          76.9684084
        ],
        "data_source_type": "OpenStreetMap / Overpass API",
        "data_status": "Verified Public Data"
      }
    },
    {
      "type": "Feature",
      "id": 10767,
      "geometry": {
        "type": "Polygon",
        "coordinates": [
          [
            [
              77.02505533248743,
              11.011709
            ],
            [
              77.0247761810361,
              11.013086550152503
            ],
            [
              77.02398122496005,
              11.014254380781809
            ],
            [
              77.02279148911556,
              11.015034700261019
            ],
            [
              77.0213881,
              11.015308712023037
            ],
            [
              77.01998471088443,
              11.015034700261019
            ],
            [
              77.01879497503994,
              11.014254380781809
            ],
            [
              77.01800001896389,
              11.013086550152503
            ],
            [
              77.01772086751257,
              11.011709
            ],
            [
              77.01800001896389,
              11.010331449847497
            ],
            [
              77.01879497503994,
              11.00916361921819
            ],
            [
              77.01998471088443,
              11.00838329973898
            ],
            [
              77.0213881,
              11.008109287976962
            ],
            [
              77.02279148911556,
              11.00838329973898
            ],
            [
              77.02398122496005,
              11.00916361921819
            ],
            [
              77.0247761810361,
              11.010331449847497
            ],
            [
              77.02505533248743,
              11.011709
            ]
          ]
        ]
      },
      "properties": {
        "id": 10767,
        "name": "Uppilipalayam",
        "ward_code": "OSM-9767",
        "city": "Coimbatore",
        "district": "Coimbatore",
        "state": "Tamil Nadu",
        "administrative_type": "Urban",
        "local_body": "Coimbatore Local Body",
        "locality": "Uppilipalayam",
        "population": 4500,
        "area_sq_km": 0.5,
        "risk_level": "HIGH",
        "coordinates": [
          11.011709,
          77.0213881
        ],
        "data_source_type": "OpenStreetMap / Overpass API",
        "data_status": "Verified Public Data"
      }
    },
    {
      "type": "Feature",
      "id": 33902,
      "geometry": {
        "type": "Polygon",
        "coordinates": [
          [
            [
              76.98965013493488,
              11.0038736
            ],
            [
              76.9893709909093,
              11.005251150152503
            ],
            [
              76.98857605597998,
              11.00641898078181
            ],
            [
              76.98738635178383,
              11.00719930026102
            ],
            [
              76.985983,
              11.007473312023038
            ],
            [
              76.98457964821618,
              11.00719930026102
            ],
            [
              76.98338994402003,
              11.00641898078181
            ],
            [
              76.98259500909072,
              11.005251150152503
            ],
            [
              76.98231586506513,
              11.0038736
            ],
            [
              76.98259500909072,
              11.002496049847498
            ],
            [
              76.98338994402003,
              11.001328219218191
            ],
            [
              76.98457964821618,
              11.000547899738981
            ],
            [
              76.985983,
              11.000273887976963
            ],
            [
              76.98738635178383,
              11.000547899738981
            ],
            [
              76.98857605597998,
              11.001328219218191
            ],
            [
              76.9893709909093,
              11.002496049847498
            ],
            [
              76.98965013493488,
              11.0038736
            ]
          ]
        ]
      },
      "properties": {
        "id": 33902,
        "name": "Red Fields",
        "ward_code": "OSM-2902",
        "city": "Coimbatore",
        "district": "Coimbatore",
        "state": "Tamil Nadu",
        "administrative_type": "Urban",
        "local_body": "Coimbatore Local Body",
        "locality": "Red Fields",
        "population": 4500,
        "area_sq_km": 0.5,
        "risk_level": "MEDIUM",
        "coordinates": [
          11.0038736,
          76.985983
        ],
        "data_source_type": "OpenStreetMap / Overpass API",
        "data_status": "Verified Public Data"
      }
    },
    {
      "type": "Feature",
      "id": 37202,
      "geometry": {
        "type": "Polygon",
        "coordinates": [
          [
            [
              77.00282510190867,
              11.0012196
            ],
            [
              77.00254596039706,
              11.002597150152504
            ],
            [
              77.00175103262693,
              11.00376498078181
            ],
            [
              77.00056133914524,
              11.00454530026102
            ],
            [
              76.999158,
              11.004819312023038
            ],
            [
              76.99775466085475,
              11.00454530026102
            ],
            [
              76.99656496737306,
              11.00376498078181
            ],
            [
              76.99577003960293,
              11.002597150152504
            ],
            [
              76.99549089809132,
              11.0012196
            ],
            [
              76.99577003960293,
              10.999842049847498
            ],
            [
              76.99656496737306,
              10.998674219218191
            ],
            [
              76.99775466085475,
              10.997893899738981
            ],
            [
              76.999158,
              10.997619887976963
            ],
            [
              77.00056133914524,
              10.997893899738981
            ],
            [
              77.00175103262693,
              10.998674219218191
            ],
            [
              77.00254596039706,
              10.999842049847498
            ],
            [
              77.00282510190867,
              11.0012196
            ]
          ]
        ]
      },
      "properties": {
        "id": 37202,
        "name": "Krishnaswamy Nagar",
        "ward_code": "OSM-6202",
        "city": "Coimbatore",
        "district": "Coimbatore",
        "state": "Tamil Nadu",
        "administrative_type": "Urban",
        "local_body": "Coimbatore Local Body",
        "locality": "Krishnaswamy Nagar",
        "population": 4500,
        "area_sq_km": 0.5,
        "risk_level": "MEDIUM",
        "coordinates": [
          11.0012196,
          76.999158
        ],
        "data_source_type": "OpenStreetMap / Overpass API",
        "data_status": "Verified Public Data"
      }
    },
    {
      "type": "Feature",
      "id": 22294,
      "geometry": {
        "type": "Polygon",
        "coordinates": [
          [
            [
              77.00840421989611,
              11.010698
            ],
            [
              77.00812506940323,
              11.012075550152503
            ],
            [
              77.00733011605665,
              11.013243380781809
            ],
            [
              77.00614038429708,
              11.014023700261019
            ],
            [
              77.004737,
              11.014297712023037
            ],
            [
              77.00333361570293,
              11.014023700261019
            ],
            [
              77.00214388394336,
              11.013243380781809
            ],
            [
              77.00134893059678,
              11.012075550152503
            ],
            [
              77.0010697801039,
              11.010698
            ],
            [
              77.00134893059678,
              11.009320449847497
            ],
            [
              77.00214388394336,
              11.00815261921819
            ],
            [
              77.00333361570293,
              11.00737229973898
            ],
            [
              77.004737,
              11.007098287976962
            ],
            [
              77.00614038429708,
              11.00737229973898
            ],
            [
              77.00733011605665,
              11.00815261921819
            ],
            [
              77.00812506940323,
              11.009320449847497
            ],
            [
              77.00840421989611,
              11.010698
            ]
          ]
        ]
      },
      "properties": {
        "id": 22294,
        "name": "Udayampalayam",
        "ward_code": "OSM-1294",
        "city": "Coimbatore",
        "district": "Coimbatore",
        "state": "Tamil Nadu",
        "administrative_type": "Urban",
        "local_body": "Coimbatore Local Body",
        "locality": "Udayampalayam",
        "population": 4500,
        "area_sq_km": 0.5,
        "risk_level": "HIGH",
        "coordinates": [
          11.010698,
          77.004737
        ],
        "data_source_type": "OpenStreetMap / Overpass API",
        "data_status": "Verified Public Data"
      }
    },
    {
      "type": "Feature",
      "id": 34609,
      "geometry": {
        "type": "Polygon",
        "coordinates": [
          [
            [
              76.92980030444676,
              11.263151
            ],
            [
              76.92924151898053,
              11.265906100305005
            ],
            [
              76.92765023260367,
              11.268241761563619
            ],
            [
              76.92526870424201,
              11.26980240052204
            ],
            [
              76.9224595,
              11.270350424046077
            ],
            [
              76.91965029575799,
              11.26980240052204
            ],
            [
              76.91726876739634,
              11.268241761563619
            ],
            [
              76.91567748101947,
              11.265906100305005
            ],
            [
              76.91511869555325,
              11.263151
            ],
            [
              76.91567748101947,
              11.260395899694997
            ],
            [
              76.91726876739634,
              11.258060238436382
            ],
            [
              76.91965029575799,
              11.25649959947796
            ],
            [
              76.9224595,
              11.255951575953924
            ],
            [
              76.92526870424201,
              11.25649959947796
            ],
            [
              76.92765023260367,
              11.258060238436382
            ],
            [
              76.92924151898053,
              11.260395899694997
            ],
            [
              76.92980030444676,
              11.263151
            ]
          ]
        ]
      },
      "properties": {
        "id": 34609,
        "name": "Kittampalayam",
        "ward_code": "OSM-3609",
        "city": "Coimbatore",
        "district": "Coimbatore",
        "state": "Tamil Nadu",
        "administrative_type": "Rural",
        "local_body": "Coimbatore Local Body",
        "locality": "Kittampalayam",
        "population": 4500,
        "area_sq_km": 2.01,
        "risk_level": "MEDIUM",
        "coordinates": [
          11.263151,
          76.9224595
        ],
        "data_source_type": "OpenStreetMap / Overpass API",
        "data_status": "Verified Public Data"
      }
    },
    {
      "type": "Feature",
      "id": 15481,
      "geometry": {
        "type": "Polygon",
        "coordinates": [
          [
            [
              76.89416153196126,
              11.2563888
            ],
            [
              76.89360275962471,
              11.259143900305004
            ],
            [
              76.89201151063801,
              11.261479561563618
            ],
            [
              76.88963003823467,
              11.26304020052204
            ],
            [
              76.8868209,
              11.263588224046076
            ],
            [
              76.88401176176534,
              11.26304020052204
            ],
            [
              76.881630289362,
              11.261479561563618
            ],
            [
              76.8800390403753,
              11.259143900305004
            ],
            [
              76.87948026803875,
              11.2563888
            ],
            [
              76.8800390403753,
              11.253633699694996
            ],
            [
              76.881630289362,
              11.251298038436381
            ],
            [
              76.88401176176534,
              11.24973739947796
            ],
            [
              76.8868209,
              11.249189375953923
            ],
            [
              76.88963003823467,
              11.24973739947796
            ],
            [
              76.89201151063801,
              11.251298038436381
            ],
            [
              76.89360275962471,
              11.253633699694996
            ],
            [
              76.89416153196126,
              11.2563888
            ]
          ]
        ]
      },
      "properties": {
        "id": 15481,
        "name": "Thekkampatti",
        "ward_code": "OSM-4481",
        "city": "Coimbatore",
        "district": "Coimbatore",
        "state": "Tamil Nadu",
        "administrative_type": "Rural",
        "local_body": "Coimbatore Local Body",
        "locality": "Thekkampatti",
        "population": 4500,
        "area_sq_km": 2.01,
        "risk_level": "LOW",
        "coordinates": [
          11.2563888,
          76.8868209
        ],
        "data_source_type": "OpenStreetMap / Overpass API",
        "data_status": "Verified Public Data"
      }
    },
    {
      "type": "Feature",
      "id": 19896,
      "geometry": {
        "type": "Polygon",
        "coordinates": [
          [
            [
              76.89862337006615,
              11.2264672
            ],
            [
              76.8980646557254,
              11.229222300305004
            ],
            [
              76.89647357189679,
              11.231557961563619
            ],
            [
              76.89409234667002,
              11.23311860052204
            ],
            [
              76.8912835,
              11.233666624046077
            ],
            [
              76.88847465332998,
              11.23311860052204
            ],
            [
              76.88609342810321,
              11.231557961563619
            ],
            [
              76.8845023442746,
              11.229222300305004
            ],
            [
              76.88394362993385,
              11.2264672
            ],
            [
              76.8845023442746,
              11.223712099694996
            ],
            [
              76.88609342810321,
              11.221376438436382
            ],
            [
              76.88847465332998,
              11.21981579947796
            ],
            [
              76.8912835,
              11.219267775953924
            ],
            [
              76.89409234667002,
              11.21981579947796
            ],
            [
              76.89647357189679,
              11.221376438436382
            ],
            [
              76.8980646557254,
              11.223712099694996
            ],
            [
              76.89862337006615,
              11.2264672
            ]
          ]
        ]
      },
      "properties": {
        "id": 19896,
        "name": "Bujanganur",
        "ward_code": "OSM-8896",
        "city": "Coimbatore",
        "district": "Coimbatore",
        "state": "Tamil Nadu",
        "administrative_type": "Rural",
        "local_body": "Coimbatore Local Body",
        "locality": "Bujanganur",
        "population": 4500,
        "area_sq_km": 2.01,
        "risk_level": "HIGH",
        "coordinates": [
          11.2264672,
          76.8912835
        ],
        "data_source_type": "OpenStreetMap / Overpass API",
        "data_status": "Verified Public Data"
      }
    },
    {
      "type": "Feature",
      "id": 23092,
      "geometry": {
        "type": "Polygon",
        "coordinates": [
          [
            [
              76.90750938413547,
              11.2427393
            ],
            [
              76.90695063827557,
              11.245494400305004
            ],
            [
              76.90535946468802,
              11.247830061563619
            ],
            [
              76.90297810512749,
              11.24939070052204
            ],
            [
              76.9001691,
              11.249938724046077
            ],
            [
              76.89736009487251,
              11.24939070052204
            ],
            [
              76.89497873531198,
              11.247830061563619
            ],
            [
              76.89338756172442,
              11.245494400305004
            ],
            [
              76.89282881586453,
              11.2427393
            ],
            [
              76.89338756172442,
              11.239984199694996
            ],
            [
              76.89497873531198,
              11.237648538436382
            ],
            [
              76.89736009487251,
              11.23608789947796
            ],
            [
              76.9001691,
              11.235539875953924
            ],
            [
              76.90297810512749,
              11.23608789947796
            ],
            [
              76.90535946468802,
              11.237648538436382
            ],
            [
              76.90695063827557,
              11.239984199694996
            ],
            [
              76.90750938413547,
              11.2427393
            ]
          ]
        ]
      },
      "properties": {
        "id": 23092,
        "name": "Kembanur",
        "ward_code": "OSM-2092",
        "city": "Coimbatore",
        "district": "Coimbatore",
        "state": "Tamil Nadu",
        "administrative_type": "Rural",
        "local_body": "Coimbatore Local Body",
        "locality": "Kembanur",
        "population": 4500,
        "area_sq_km": 2.01,
        "risk_level": "HIGH",
        "coordinates": [
          11.2427393,
          76.9001691
        ],
        "data_source_type": "OpenStreetMap / Overpass API",
        "data_status": "Verified Public Data"
      }
    },
    {
      "type": "Feature",
      "id": 5781,
      "geometry": {
        "type": "Polygon",
        "coordinates": [
          [
            [
              76.8242119439443,
              10.7382942
            ],
            [
              76.82365415264964,
              10.741049300305004
            ],
            [
              76.82206569743383,
              10.743384961563619
            ],
            [
              76.81968840620411,
              10.74494560052204
            ],
            [
              76.8168842,
              10.745493624046077
            ],
            [
              76.8140799937959,
              10.74494560052204
            ],
            [
              76.81170270256618,
              10.743384961563619
            ],
            [
              76.81011424735037,
              10.741049300305004
            ],
            [
              76.8095564560557,
              10.7382942
            ],
            [
              76.81011424735037,
              10.735539099694996
            ],
            [
              76.81170270256618,
              10.733203438436382
            ],
            [
              76.8140799937959,
              10.73164279947796
            ],
            [
              76.8168842,
              10.731094775953924
            ],
            [
              76.81968840620411,
              10.73164279947796
            ],
            [
              76.82206569743383,
              10.733203438436382
            ],
            [
              76.82365415264964,
              10.735539099694996
            ],
            [
              76.8242119439443,
              10.7382942
            ]
          ]
        ]
      },
      "properties": {
        "id": 5781,
        "name": "Nattukal",
        "ward_code": "OSM-4781",
        "city": "Coimbatore",
        "district": "Coimbatore",
        "state": "Tamil Nadu",
        "administrative_type": "Rural",
        "local_body": "Coimbatore Local Body",
        "locality": "Nattukal",
        "population": 4500,
        "area_sq_km": 2.01,
        "risk_level": "HIGH",
        "coordinates": [
          10.7382942,
          76.8168842
        ],
        "data_source_type": "OpenStreetMap / Overpass API",
        "data_status": "Verified Public Data"
      }
    },
    {
      "type": "Feature",
      "id": 25314,
      "geometry": {
        "type": "Polygon",
        "coordinates": [
          [
            [
              76.84349783220199,
              10.7994703
            ],
            [
              76.84293992762044,
              10.802225400305003
            ],
            [
              76.84135114979091,
              10.804561061563618
            ],
            [
              76.83897337573565,
              10.80612170052204
            ],
            [
              76.8361686,
              10.806669724046076
            ],
            [
              76.83336382426434,
              10.80612170052204
            ],
            [
              76.83098605020908,
              10.804561061563618
            ],
            [
              76.82939727237955,
              10.802225400305003
            ],
            [
              76.828839367798,
              10.7994703
            ],
            [
              76.82939727237955,
              10.796715199694995
            ],
            [
              76.83098605020908,
              10.794379538436381
            ],
            [
              76.83336382426434,
              10.79281889947796
            ],
            [
              76.8361686,
              10.792270875953923
            ],
            [
              76.83897337573565,
              10.79281889947796
            ],
            [
              76.84135114979091,
              10.794379538436381
            ],
            [
              76.84293992762044,
              10.796715199694995
            ],
            [
              76.84349783220199,
              10.7994703
            ]
          ]
        ]
      },
      "properties": {
        "id": 25314,
        "name": "Kozhippara",
        "ward_code": "OSM-4314",
        "city": "Coimbatore",
        "district": "Coimbatore",
        "state": "Tamil Nadu",
        "administrative_type": "Rural",
        "local_body": "Coimbatore Local Body",
        "locality": "Kozhippara",
        "population": 4500,
        "area_sq_km": 2.01,
        "risk_level": "HIGH",
        "coordinates": [
          10.7994703,
          76.8361686
        ],
        "data_source_type": "OpenStreetMap / Overpass API",
        "data_status": "Verified Public Data"
      }
    },
    {
      "type": "Feature",
      "id": 25321,
      "geometry": {
        "type": "Polygon",
        "coordinates": [
          [
            [
              76.8690248486134,
              10.8165216
            ],
            [
              76.86846691233443,
              10.819276700305004
            ],
            [
              76.86687804423825,
              10.821612361563618
            ],
            [
              76.86450013508941,
              10.82317300052204
            ],
            [
              76.8616952,
              10.823721024046076
            ],
            [
              76.85889026491058,
              10.82317300052204
            ],
            [
              76.85651235576175,
              10.821612361563618
            ],
            [
              76.85492348766557,
              10.819276700305004
            ],
            [
              76.85436555138659,
              10.8165216
            ],
            [
              76.85492348766557,
              10.813766499694996
            ],
            [
              76.85651235576175,
              10.811430838436381
            ],
            [
              76.85889026491058,
              10.80987019947796
            ],
            [
              76.8616952,
              10.809322175953923
            ],
            [
              76.86450013508941,
              10.80987019947796
            ],
            [
              76.86687804423825,
              10.811430838436381
            ],
            [
              76.86846691233443,
              10.813766499694996
            ],
            [
              76.8690248486134,
              10.8165216
            ]
          ]
        ]
      },
      "properties": {
        "id": 25321,
        "name": "Velanthavalam",
        "ward_code": "OSM-4321",
        "city": "Coimbatore",
        "district": "Coimbatore",
        "state": "Tamil Nadu",
        "administrative_type": "Rural",
        "local_body": "Coimbatore Local Body",
        "locality": "Velanthavalam",
        "population": 4500,
        "area_sq_km": 2.01,
        "risk_level": "LOW",
        "coordinates": [
          10.8165216,
          76.8616952
        ],
        "data_source_type": "OpenStreetMap / Overpass API",
        "data_status": "Verified Public Data"
      }
    },
    {
      "type": "Feature",
      "id": 25366,
      "geometry": {
        "type": "Polygon",
        "coordinates": [
          [
            [
              76.82768245551098,
              10.7758086
            ],
            [
              76.82712459482742,
              10.778563700305003
            ],
            [
              76.8255359420088,
              10.780899361563618
            ],
            [
              76.82315835504556,
              10.78246000052204
            ],
            [
              76.8203538,
              10.783008024046076
            ],
            [
              76.81754924495445,
              10.78246000052204
            ],
            [
              76.81517165799121,
              10.780899361563618
            ],
            [
              76.81358300517259,
              10.778563700305003
            ],
            [
              76.81302514448903,
              10.7758086
            ],
            [
              76.81358300517259,
              10.773053499694996
            ],
            [
              76.81517165799121,
              10.770717838436381
            ],
            [
              76.81754924495445,
              10.76915719947796
            ],
            [
              76.8203538,
              10.768609175953923
            ],
            [
              76.82315835504556,
              10.76915719947796
            ],
            [
              76.8255359420088,
              10.770717838436381
            ],
            [
              76.82712459482742,
              10.773053499694996
            ],
            [
              76.82768245551098,
              10.7758086
            ]
          ]
        ]
      },
      "properties": {
        "id": 25366,
        "name": "Menonpara",
        "ward_code": "OSM-4366",
        "city": "Coimbatore",
        "district": "Coimbatore",
        "state": "Tamil Nadu",
        "administrative_type": "Rural",
        "local_body": "Coimbatore Local Body",
        "locality": "Menonpara",
        "population": 4500,
        "area_sq_km": 2.01,
        "risk_level": "LOW",
        "coordinates": [
          10.7758086,
          76.8203538
        ],
        "data_source_type": "OpenStreetMap / Overpass API",
        "data_status": "Verified Public Data"
      }
    },
    {
      "type": "Feature",
      "id": 32888,
      "geometry": {
        "type": "Polygon",
        "coordinates": [
          [
            [
              76.91165828916,
              11.2429366
            ],
            [
              76.91109954291764,
              11.245691700305004
            ],
            [
              76.9095083682409,
              11.248027361563619
            ],
            [
              76.9071270070503,
              11.24958800052204
            ],
            [
              76.904318,
              11.250136024046077
            ],
            [
              76.9015089929497,
              11.24958800052204
            ],
            [
              76.8991276317591,
              11.248027361563619
            ],
            [
              76.89753645708237,
              11.245691700305004
            ],
            [
              76.89697771084,
              11.2429366
            ],
            [
              76.89753645708237,
              11.240181499694996
            ],
            [
              76.8991276317591,
              11.237845838436382
            ],
            [
              76.9015089929497,
              11.23628519947796
            ],
            [
              76.904318,
              11.235737175953924
            ],
            [
              76.9071270070503,
              11.23628519947796
            ],
            [
              76.9095083682409,
              11.237845838436382
            ],
            [
              76.91109954291764,
              11.240181499694996
            ],
            [
              76.91165828916,
              11.2429366
            ]
          ]
        ]
      },
      "properties": {
        "id": 32888,
        "name": "Sellappanur",
        "ward_code": "OSM-1888",
        "city": "Coimbatore",
        "district": "Coimbatore",
        "state": "Tamil Nadu",
        "administrative_type": "Rural",
        "local_body": "Coimbatore Local Body",
        "locality": "Sellappanur",
        "population": 4500,
        "area_sq_km": 2.01,
        "risk_level": "HIGH",
        "coordinates": [
          11.2429366,
          76.904318
        ],
        "data_source_type": "OpenStreetMap / Overpass API",
        "data_status": "Verified Public Data"
      }
    },
    {
      "type": "Feature",
      "id": 24739,
      "geometry": {
        "type": "Polygon",
        "coordinates": [
          [
            [
              77.05100204875303,
              11.045077
            ],
            [
              77.05072286561537,
              11.046454550152502
            ],
            [
              77.04992781930429,
              11.047622380781808
            ],
            [
              77.04873794841352,
              11.048402700261018
            ],
            [
              77.0473344,
              11.048676712023036
            ],
            [
              77.04593085158648,
              11.048402700261018
            ],
            [
              77.0447409806957,
              11.047622380781808
            ],
            [
              77.04394593438462,
              11.046454550152502
            ],
            [
              77.04366675124696,
              11.045077
            ],
            [
              77.04394593438462,
              11.043699449847496
            ],
            [
              77.0447409806957,
              11.04253161921819
            ],
            [
              77.04593085158648,
              11.04175129973898
            ],
            [
              77.0473344,
              11.041477287976962
            ],
            [
              77.04873794841352,
              11.04175129973898
            ],
            [
              77.04992781930429,
              11.04253161921819
            ],
            [
              77.05072286561537,
              11.043699449847496
            ],
            [
              77.05100204875303,
              11.045077
            ]
          ]
        ]
      },
      "properties": {
        "id": 24739,
        "name": "Goldwins",
        "ward_code": "OSM-3739",
        "city": "Coimbatore",
        "district": "Coimbatore",
        "state": "Tamil Nadu",
        "administrative_type": "Urban",
        "local_body": "Coimbatore Local Body",
        "locality": "Goldwins",
        "population": 4500,
        "area_sq_km": 0.5,
        "risk_level": "MEDIUM",
        "coordinates": [
          11.045077,
          77.0473344
        ],
        "data_source_type": "OpenStreetMap / Overpass API",
        "data_status": "Verified Public Data"
      }
    },
    {
      "type": "Feature",
      "id": 18425,
      "geometry": {
        "type": "Polygon",
        "coordinates": [
          [
            [
              76.90154527612012,
              11.0312517
            ],
            [
              76.90126610612336,
              11.032629250152503
            ],
            [
              76.90047109723437,
              11.03379708078181
            ],
            [
              76.89928128234976,
              11.03457740026102
            ],
            [
              76.8978778,
              11.034851412023038
            ],
            [
              76.89647431765025,
              11.03457740026102
            ],
            [
              76.89528450276563,
              11.03379708078181
            ],
            [
              76.89448949387665,
              11.032629250152503
            ],
            [
              76.89421032387989,
              11.0312517
            ],
            [
              76.89448949387665,
              11.029874149847497
            ],
            [
              76.89528450276563,
              11.028706319218191
            ],
            [
              76.89647431765025,
              11.027925999738981
            ],
            [
              76.8978778,
              11.027651987976963
            ],
            [
              76.89928128234976,
              11.027925999738981
            ],
            [
              76.90047109723437,
              11.028706319218191
            ],
            [
              76.90126610612336,
              11.029874149847497
            ],
            [
              76.90154527612012,
              11.0312517
            ]
          ]
        ]
      },
      "properties": {
        "id": 18425,
        "name": "Sriram Avenue",
        "ward_code": "OSM-7425",
        "city": "Coimbatore",
        "district": "Coimbatore",
        "state": "Tamil Nadu",
        "administrative_type": "Urban",
        "local_body": "Coimbatore Local Body",
        "locality": "Sriram Avenue",
        "population": 4500,
        "area_sq_km": 0.5,
        "risk_level": "LOW",
        "coordinates": [
          11.0312517,
          76.8978778
        ],
        "data_source_type": "OpenStreetMap / Overpass API",
        "data_status": "Verified Public Data"
      }
    },
    {
      "type": "Feature",
      "id": 18774,
      "geometry": {
        "type": "Polygon",
        "coordinates": [
          [
            [
              76.90879250235618,
              11.0253387
            ],
            [
              76.90851333797436,
              11.026716250152504
            ],
            [
              76.9077183450754,
              11.02788408078181
            ],
            [
              76.90652855412154,
              11.02866440026102
            ],
            [
              76.9051251,
              11.028938412023038
            ],
            [
              76.90372164587848,
              11.02866440026102
            ],
            [
              76.90253185492462,
              11.02788408078181
            ],
            [
              76.90173686202566,
              11.026716250152504
            ],
            [
              76.90145769764383,
              11.0253387
            ],
            [
              76.90173686202566,
              11.023961149847498
            ],
            [
              76.90253185492462,
              11.022793319218191
            ],
            [
              76.90372164587848,
              11.022012999738982
            ],
            [
              76.9051251,
              11.021738987976963
            ],
            [
              76.90652855412154,
              11.022012999738982
            ],
            [
              76.9077183450754,
              11.022793319218191
            ],
            [
              76.90851333797436,
              11.023961149847498
            ],
            [
              76.90879250235618,
              11.0253387
            ]
          ]
        ]
      },
      "properties": {
        "id": 18774,
        "name": "Vadavalli",
        "ward_code": "OSM-7774",
        "city": "Coimbatore",
        "district": "Coimbatore",
        "state": "Tamil Nadu",
        "administrative_type": "Urban",
        "local_body": "Coimbatore Local Body",
        "locality": "Vadavalli",
        "population": 4500,
        "area_sq_km": 0.5,
        "risk_level": "MEDIUM",
        "coordinates": [
          11.0253387,
          76.9051251
        ],
        "data_source_type": "OpenStreetMap / Overpass API",
        "data_status": "Verified Public Data"
      }
    },
    {
      "type": "Feature",
      "id": 35520,
      "geometry": {
        "type": "Polygon",
        "coordinates": [
          [
            [
              77.04806526655346,
              11.0465015
            ],
            [
              77.04778608206081,
              11.047879050152503
            ],
            [
              77.04699103189108,
              11.049046880781809
            ],
            [
              77.04580115522545,
              11.049827200261019
            ],
            [
              77.0443976,
              11.050101212023037
            ],
            [
              77.04299404477455,
              11.049827200261019
            ],
            [
              77.04180416810891,
              11.049046880781809
            ],
            [
              77.04100911793918,
              11.047879050152503
            ],
            [
              77.04072993344653,
              11.0465015
            ],
            [
              77.04100911793918,
              11.045123949847497
            ],
            [
              77.04180416810891,
              11.04395611921819
            ],
            [
              77.04299404477455,
              11.04317579973898
            ],
            [
              77.0443976,
              11.042901787976962
            ],
            [
              77.04580115522545,
              11.04317579973898
            ],
            [
              77.04699103189108,
              11.04395611921819
            ],
            [
              77.04778608206081,
              11.045123949847497
            ],
            [
              77.04806526655346,
              11.0465015
            ]
          ]
        ]
      },
      "properties": {
        "id": 35520,
        "name": "Indira Nagar",
        "ward_code": "OSM-4520",
        "city": "Coimbatore",
        "district": "Coimbatore",
        "state": "Tamil Nadu",
        "administrative_type": "Urban",
        "local_body": "Coimbatore Local Body",
        "locality": "Indira Nagar",
        "population": 4500,
        "area_sq_km": 0.5,
        "risk_level": "HIGH",
        "coordinates": [
          11.0465015,
          77.0443976
        ],
        "data_source_type": "OpenStreetMap / Overpass API",
        "data_status": "Verified Public Data"
      }
    },
    {
      "type": "Feature",
      "id": 35521,
      "geometry": {
        "type": "Polygon",
        "coordinates": [
          [
            [
              77.05048377942576,
              11.0475315
            ],
            [
              77.05020459395328,
              11.048909050152503
            ],
            [
              77.04940954099318,
              11.050076880781809
            ],
            [
              77.04821966015147,
              11.050857200261019
            ],
            [
              77.0468161,
              11.051131212023037
            ],
            [
              77.04541253984853,
              11.050857200261019
            ],
            [
              77.04422265900682,
              11.050076880781809
            ],
            [
              77.04342760604672,
              11.048909050152503
            ],
            [
              77.04314842057424,
              11.0475315
            ],
            [
              77.04342760604672,
              11.046153949847497
            ],
            [
              77.04422265900682,
              11.04498611921819
            ],
            [
              77.04541253984853,
              11.04420579973898
            ],
            [
              77.0468161,
              11.043931787976963
            ],
            [
              77.04821966015147,
              11.04420579973898
            ],
            [
              77.04940954099318,
              11.04498611921819
            ],
            [
              77.05020459395328,
              11.046153949847497
            ],
            [
              77.05048377942576,
              11.0475315
            ]
          ]
        ]
      },
      "properties": {
        "id": 35521,
        "name": "Teachers Colony",
        "ward_code": "OSM-4521",
        "city": "Coimbatore",
        "district": "Coimbatore",
        "state": "Tamil Nadu",
        "administrative_type": "Urban",
        "local_body": "Coimbatore Local Body",
        "locality": "Teachers Colony",
        "population": 4500,
        "area_sq_km": 0.5,
        "risk_level": "LOW",
        "coordinates": [
          11.0475315,
          77.0468161
        ],
        "data_source_type": "OpenStreetMap / Overpass API",
        "data_status": "Verified Public Data"
      }
    },
    {
      "type": "Feature",
      "id": 35522,
      "geometry": {
        "type": "Polygon",
        "coordinates": [
          [
            [
              77.04674889268932,
              11.0485927
            ],
            [
              77.0464697062072,
              11.049970250152503
            ],
            [
              77.04567465037194,
              11.05113808078181
            ],
            [
              77.04448476522721,
              11.05191840026102
            ],
            [
              77.0430812,
              11.052192412023038
            ],
            [
              77.0416776347728,
              11.05191840026102
            ],
            [
              77.04048774962807,
              11.05113808078181
            ],
            [
              77.0396926937928,
              11.049970250152503
            ],
            [
              77.03941350731068,
              11.0485927
            ],
            [
              77.0396926937928,
              11.047215149847498
            ],
            [
              77.04048774962807,
              11.046047319218191
            ],
            [
              77.0416776347728,
              11.045266999738981
            ],
            [
              77.0430812,
              11.044992987976963
            ],
            [
              77.04448476522721,
              11.045266999738981
            ],
            [
              77.04567465037194,
              11.046047319218191
            ],
            [
              77.0464697062072,
              11.047215149847498
            ],
            [
              77.04674889268932,
              11.0485927
            ]
          ]
        ]
      },
      "properties": {
        "id": 35522,
        "name": "Kovai Thirunagar",
        "ward_code": "OSM-4522",
        "city": "Coimbatore",
        "district": "Coimbatore",
        "state": "Tamil Nadu",
        "administrative_type": "Urban",
        "local_body": "Coimbatore Local Body",
        "locality": "Kovai Thirunagar",
        "population": 4500,
        "area_sq_km": 0.5,
        "risk_level": "MEDIUM",
        "coordinates": [
          11.0485927,
          77.0430812
        ],
        "data_source_type": "OpenStreetMap / Overpass API",
        "data_status": "Verified Public Data"
      }
    },
    {
      "type": "Feature",
      "id": 8613,
      "geometry": {
        "type": "Polygon",
        "coordinates": [
          [
            [
              77.04270244672483,
              11.0369083
            ],
            [
              77.04242327135361,
              11.038285850152503
            ],
            [
              77.04162824715945,
              11.03945368078181
            ],
            [
              77.04043840936902,
              11.04023400026102
            ],
            [
              77.0390349,
              11.040508012023038
            ],
            [
              77.03763139063099,
              11.04023400026102
            ],
            [
              77.03644155284056,
              11.03945368078181
            ],
            [
              77.0356465286464,
              11.038285850152503
            ],
            [
              77.03536735327518,
              11.0369083
            ],
            [
              77.0356465286464,
              11.035530749847497
            ],
            [
              77.03644155284056,
              11.034362919218191
            ],
            [
              77.03763139063099,
              11.033582599738981
            ],
            [
              77.0390349,
              11.033308587976963
            ],
            [
              77.04043840936902,
              11.033582599738981
            ],
            [
              77.04162824715945,
              11.034362919218191
            ],
            [
              77.04242327135361,
              11.035530749847497
            ],
            [
              77.04270244672483,
              11.0369083
            ]
          ]
        ]
      },
      "properties": {
        "id": 8613,
        "name": "Civil Aerodrome",
        "ward_code": "OSM-7613",
        "city": "Coimbatore",
        "district": "Coimbatore",
        "state": "Tamil Nadu",
        "administrative_type": "Urban",
        "local_body": "Coimbatore Local Body",
        "locality": "Civil Aerodrome",
        "population": 4500,
        "area_sq_km": 0.5,
        "risk_level": "HIGH",
        "coordinates": [
          11.0369083,
          77.0390349
        ],
        "data_source_type": "OpenStreetMap / Overpass API",
        "data_status": "Verified Public Data"
      }
    },
    {
      "type": "Feature",
      "id": 9719,
      "geometry": {
        "type": "Polygon",
        "coordinates": [
          [
            [
              77.04921435327883,
              11.0454392
            ],
            [
              77.04893516979666,
              11.046816750152503
            ],
            [
              77.0481401225045,
              11.04798458078181
            ],
            [
              77.04695025014547,
              11.04876490026102
            ],
            [
              77.0455467,
              11.049038912023038
            ],
            [
              77.04414314985453,
              11.04876490026102
            ],
            [
              77.0429532774955,
              11.04798458078181
            ],
            [
              77.04215823020334,
              11.046816750152503
            ],
            [
              77.04187904672118,
              11.0454392
            ],
            [
              77.04215823020334,
              11.044061649847498
            ],
            [
              77.0429532774955,
              11.042893819218191
            ],
            [
              77.04414314985453,
              11.042113499738981
            ],
            [
              77.0455467,
              11.041839487976963
            ],
            [
              77.04695025014547,
              11.042113499738981
            ],
            [
              77.0481401225045,
              11.042893819218191
            ],
            [
              77.04893516979666,
              11.044061649847498
            ],
            [
              77.04921435327883,
              11.0454392
            ]
          ]
        ]
      },
      "properties": {
        "id": 9719,
        "name": "Vetrivel Nagar",
        "ward_code": "OSM-8719",
        "city": "Coimbatore",
        "district": "Coimbatore",
        "state": "Tamil Nadu",
        "administrative_type": "Urban",
        "local_body": "Coimbatore Local Body",
        "locality": "Vetrivel Nagar",
        "population": 4500,
        "area_sq_km": 0.5,
        "risk_level": "MEDIUM",
        "coordinates": [
          11.0454392,
          77.0455467
        ],
        "data_source_type": "OpenStreetMap / Overpass API",
        "data_status": "Verified Public Data"
      }
    },
    {
      "type": "Feature",
      "id": 33821,
      "geometry": {
        "type": "Polygon",
        "coordinates": [
          [
            [
              77.02113643143758,
              11.0276703
            ],
            [
              77.02085726484208,
              11.029047850152503
            ],
            [
              77.02006226563905,
              11.03021568078181
            ],
            [
              77.0188724652505,
              11.03099600026102
            ],
            [
              77.017469,
              11.031270012023038
            ],
            [
              77.01606553474952,
              11.03099600026102
            ],
            [
              77.01487573436096,
              11.03021568078181
            ],
            [
              77.01408073515793,
              11.029047850152503
            ],
            [
              77.01380156856243,
              11.0276703
            ],
            [
              77.01408073515793,
              11.026292749847498
            ],
            [
              77.01487573436096,
              11.025124919218191
            ],
            [
              77.01606553474952,
              11.024344599738981
            ],
            [
              77.017469,
              11.024070587976963
            ],
            [
              77.0188724652505,
              11.024344599738981
            ],
            [
              77.02006226563905,
              11.025124919218191
            ],
            [
              77.02085726484208,
              11.026292749847498
            ],
            [
              77.02113643143758,
              11.0276703
            ]
          ]
        ]
      },
      "properties": {
        "id": 33821,
        "name": "Argus Nagar",
        "ward_code": "OSM-2821",
        "city": "Coimbatore",
        "district": "Coimbatore",
        "state": "Tamil Nadu",
        "administrative_type": "Urban",
        "local_body": "Coimbatore Local Body",
        "locality": "Argus Nagar",
        "population": 4500,
        "area_sq_km": 0.5,
        "risk_level": "MEDIUM",
        "coordinates": [
          11.0276703,
          77.017469
        ],
        "data_source_type": "OpenStreetMap / Overpass API",
        "data_status": "Verified Public Data"
      }
    },
    {
      "type": "Feature",
      "id": 35844,
      "geometry": {
        "type": "Polygon",
        "coordinates": [
          [
            [
              76.84760462607589,
              10.7384301
            ],
            [
              76.84655876692793,
              10.743595913071884
            ],
            [
              76.84358041205856,
              10.747975277931785
            ],
            [
              76.83912298899779,
              10.750901475978825
            ],
            [
              76.8338651,
              10.751929020086394
            ],
            [
              76.82860721100221,
              10.750901475978825
            ],
            [
              76.82414978794144,
              10.747975277931785
            ],
            [
              76.82117143307207,
              10.743595913071884
            ],
            [
              76.8201255739241,
              10.7384301
            ],
            [
              76.82117143307207,
              10.733264286928117
            ],
            [
              76.82414978794144,
              10.728884922068216
            ],
            [
              76.82860721100221,
              10.725958724021176
            ],
            [
              76.8338651,
              10.724931179913607
            ],
            [
              76.83912298899779,
              10.725958724021176
            ],
            [
              76.84358041205856,
              10.728884922068216
            ],
            [
              76.84655876692793,
              10.733264286928117
            ],
            [
              76.84760462607589,
              10.7384301
            ]
          ]
        ]
      },
      "properties": {
        "id": 35844,
        "name": "Kozhinjampara",
        "ward_code": "OSM-4844",
        "city": "Coimbatore",
        "district": "Coimbatore",
        "state": "Tamil Nadu",
        "administrative_type": "Urban",
        "local_body": "Coimbatore Local Body",
        "locality": "Kozhinjampara",
        "population": 25000,
        "area_sq_km": 7.07,
        "risk_level": "LOW",
        "coordinates": [
          10.7384301,
          76.8338651
        ],
        "data_source_type": "OpenStreetMap / Overpass API",
        "data_status": "Verified Public Data"
      }
    },
    {
      "type": "Feature",
      "id": 27071,
      "geometry": {
        "type": "Polygon",
        "coordinates": [
          [
            [
              77.03100009644635,
              10.7445799
            ],
            [
              77.03044229354315,
              10.747335000305004
            ],
            [
              77.02885380526904,
              10.749670661563618
            ],
            [
              77.0264764645641,
              10.75123130052204
            ],
            [
              77.0236722,
              10.751779324046076
            ],
            [
              77.02086793543589,
              10.75123130052204
            ],
            [
              77.01849059473095,
              10.749670661563618
            ],
            [
              77.01690210645684,
              10.747335000305004
            ],
            [
              77.01634430355364,
              10.7445799
            ],
            [
              77.01690210645684,
              10.741824799694996
            ],
            [
              77.01849059473095,
              10.739489138436381
            ],
            [
              77.02086793543589,
              10.73792849947796
            ],
            [
              77.0236722,
              10.737380475953923
            ],
            [
              77.0264764645641,
              10.73792849947796
            ],
            [
              77.02885380526904,
              10.739489138436381
            ],
            [
              77.03044229354315,
              10.741824799694996
            ],
            [
              77.03100009644635,
              10.7445799
            ]
          ]
        ]
      },
      "properties": {
        "id": 27071,
        "name": "Kovilpalaiyam",
        "ward_code": "OSM-6071",
        "city": "Coimbatore",
        "district": "Coimbatore",
        "state": "Tamil Nadu",
        "administrative_type": "Rural",
        "local_body": "Coimbatore Local Body",
        "locality": "Kovilpalaiyam",
        "population": 4500,
        "area_sq_km": 2.01,
        "risk_level": "MEDIUM",
        "coordinates": [
          10.7445799,
          77.0236722
        ],
        "data_source_type": "OpenStreetMap / Overpass API",
        "data_status": "Verified Public Data"
      }
    },
    {
      "type": "Feature",
      "id": 40808,
      "geometry": {
        "type": "Polygon",
        "coordinates": [
          [
            [
              77.10815245694008,
              10.7470722
            ],
            [
              77.10759464943206,
              10.749827300305004
            ],
            [
              77.10600614804457,
              10.752162961563618
            ],
            [
              77.10362878771406,
              10.75372360052204
            ],
            [
              77.1008245,
              10.754271624046076
            ],
            [
              77.09802021228595,
              10.75372360052204
            ],
            [
              77.09564285195543,
              10.752162961563618
            ],
            [
              77.09405435056794,
              10.749827300305004
            ],
            [
              77.09349654305993,
              10.7470722
            ],
            [
              77.09405435056794,
              10.744317099694996
            ],
            [
              77.09564285195543,
              10.741981438436381
            ],
            [
              77.09802021228595,
              10.74042079947796
            ],
            [
              77.1008245,
              10.739872775953923
            ],
            [
              77.10362878771406,
              10.74042079947796
            ],
            [
              77.10600614804457,
              10.741981438436381
            ],
            [
              77.10759464943206,
              10.744317099694996
            ],
            [
              77.10815245694008,
              10.7470722
            ]
          ]
        ]
      },
      "properties": {
        "id": 40808,
        "name": "Periya Negamam",
        "ward_code": "OSM-9808",
        "city": "Coimbatore",
        "district": "Coimbatore",
        "state": "Tamil Nadu",
        "administrative_type": "Rural",
        "local_body": "Coimbatore Local Body",
        "locality": "Periya Negamam",
        "population": 4500,
        "area_sq_km": 2.01,
        "risk_level": "HIGH",
        "coordinates": [
          10.7470722,
          77.1008245
        ],
        "data_source_type": "OpenStreetMap / Overpass API",
        "data_status": "Verified Public Data"
      }
    },
    {
      "type": "Feature",
      "id": 2409,
      "geometry": {
        "type": "Polygon",
        "coordinates": [
          [
            [
              77.0911810006648,
              10.9729245
            ],
            [
              77.09062277116587,
              10.975679600305003
            ],
            [
              77.08903306804991,
              10.978015261563618
            ],
            [
              77.08665390920567,
              10.97957590052204
            ],
            [
              77.0838475,
              10.980123924046076
            ],
            [
              77.08104109079434,
              10.97957590052204
            ],
            [
              77.0786619319501,
              10.978015261563618
            ],
            [
              77.07707222883414,
              10.975679600305003
            ],
            [
              77.0765139993352,
              10.9729245
            ],
            [
              77.07707222883414,
              10.970169399694996
            ],
            [
              77.0786619319501,
              10.967833738436381
            ],
            [
              77.08104109079434,
              10.96627309947796
            ],
            [
              77.0838475,
              10.965725075953923
            ],
            [
              77.08665390920567,
              10.96627309947796
            ],
            [
              77.08903306804991,
              10.967833738436381
            ],
            [
              77.09062277116587,
              10.970169399694996
            ],
            [
              77.0911810006648,
              10.9729245
            ]
          ]
        ]
      },
      "properties": {
        "id": 2409,
        "name": "Peedampalli",
        "ward_code": "OSM-1409",
        "city": "Coimbatore",
        "district": "Coimbatore",
        "state": "Tamil Nadu",
        "administrative_type": "Rural",
        "local_body": "Coimbatore Local Body",
        "locality": "Peedampalli",
        "population": 4500,
        "area_sq_km": 2.01,
        "risk_level": "MEDIUM",
        "coordinates": [
          10.9729245,
          77.0838475
        ],
        "data_source_type": "OpenStreetMap / Overpass API",
        "data_status": "Verified Public Data"
      }
    },
    {
      "type": "Feature",
      "id": 26857,
      "geometry": {
        "type": "Polygon",
        "coordinates": [
          [
            [
              76.84496179793729,
              10.8061758
            ],
            [
              76.84468283941709,
              10.807553350152503
            ],
            [
              76.84388843276245,
              10.80872118078181
            ],
            [
              76.84269951918522,
              10.80950150026102
            ],
            [
              76.8412971,
              10.809775512023037
            ],
            [
              76.8398946808148,
              10.80950150026102
            ],
            [
              76.83870576723756,
              10.80872118078181
            ],
            [
              76.83791136058292,
              10.807553350152503
            ],
            [
              76.83763240206272,
              10.8061758
            ],
            [
              76.83791136058292,
              10.804798249847497
            ],
            [
              76.83870576723756,
              10.803630419218191
            ],
            [
              76.8398946808148,
              10.802850099738981
            ],
            [
              76.8412971,
              10.802576087976963
            ],
            [
              76.84269951918522,
              10.802850099738981
            ],
            [
              76.84388843276245,
              10.803630419218191
            ],
            [
              76.84468283941709,
              10.804798249847497
            ],
            [
              76.84496179793729,
              10.8061758
            ]
          ]
        ]
      },
      "properties": {
        "id": 26857,
        "name": "Sorappara Junction",
        "ward_code": "OSM-5857",
        "city": "Coimbatore",
        "district": "Coimbatore",
        "state": "Tamil Nadu",
        "administrative_type": "Urban",
        "local_body": "Coimbatore Local Body",
        "locality": "Sorappara Junction",
        "population": 4500,
        "area_sq_km": 0.5,
        "risk_level": "LOW",
        "coordinates": [
          10.8061758,
          76.8412971
        ],
        "data_source_type": "OpenStreetMap / Overpass API",
        "data_status": "Verified Public Data"
      }
    },
    {
      "type": "Feature",
      "id": 22199,
      "geometry": {
        "type": "Polygon",
        "coordinates": [
          [
            [
              76.85579560377357,
              11.0092518
            ],
            [
              76.85523730552957,
              11.012006900305003
            ],
            [
              76.85364740664426,
              11.014342561563618
            ],
            [
              76.85126795481042,
              11.01590320052204
            ],
            [
              76.8484612,
              11.016451224046076
            ],
            [
              76.84565444518958,
              11.01590320052204
            ],
            [
              76.84327499335575,
              11.014342561563618
            ],
            [
              76.84168509447044,
              11.012006900305003
            ],
            [
              76.84112679622643,
              11.0092518
            ],
            [
              76.84168509447044,
              11.006496699694996
            ],
            [
              76.84327499335575,
              11.004161038436381
            ],
            [
              76.84565444518958,
              11.00260039947796
            ],
            [
              76.8484612,
              11.002052375953923
            ],
            [
              76.85126795481042,
              11.00260039947796
            ],
            [
              76.85364740664426,
              11.004161038436381
            ],
            [
              76.85523730552957,
              11.006496699694996
            ],
            [
              76.85579560377357,
              11.0092518
            ]
          ]
        ]
      },
      "properties": {
        "id": 22199,
        "name": "Dhaliyur",
        "ward_code": "OSM-1199",
        "city": "Coimbatore",
        "district": "Coimbatore",
        "state": "Tamil Nadu",
        "administrative_type": "Rural",
        "local_body": "Coimbatore Local Body",
        "locality": "Dhaliyur",
        "population": 4500,
        "area_sq_km": 2.01,
        "risk_level": "MEDIUM",
        "coordinates": [
          11.0092518,
          76.8484612
        ],
        "data_source_type": "OpenStreetMap / Overpass API",
        "data_status": "Verified Public Data"
      }
    },
    {
      "type": "Feature",
      "id": 12089,
      "geometry": {
        "type": "Polygon",
        "coordinates": [
          [
            [
              76.85386967402671,
              10.9960026
            ],
            [
              76.8533114008832,
              10.998757700305005
            ],
            [
              76.85172157347802,
              11.001093361563619
            ],
            [
              76.84934222862177,
              11.00265400052204
            ],
            [
              76.8465356,
              11.003202024046077
            ],
            [
              76.84372897137823,
              11.00265400052204
            ],
            [
              76.84134962652197,
              11.001093361563619
            ],
            [
              76.83975979911679,
              10.998757700305005
            ],
            [
              76.83920152597328,
              10.9960026
            ],
            [
              76.83975979911679,
              10.993247499694997
            ],
            [
              76.84134962652197,
              10.990911838436382
            ],
            [
              76.84372897137823,
              10.98935119947796
            ],
            [
              76.8465356,
              10.988803175953924
            ],
            [
              76.84934222862177,
              10.98935119947796
            ],
            [
              76.85172157347802,
              10.990911838436382
            ],
            [
              76.8533114008832,
              10.993247499694997
            ],
            [
              76.85386967402671,
              10.9960026
            ]
          ]
        ]
      },
      "properties": {
        "id": 12089,
        "name": "Kulathupalayam",
        "ward_code": "OSM-1089",
        "city": "Coimbatore",
        "district": "Coimbatore",
        "state": "Tamil Nadu",
        "administrative_type": "Rural",
        "local_body": "Coimbatore Local Body",
        "locality": "Kulathupalayam",
        "population": 4500,
        "area_sq_km": 2.01,
        "risk_level": "HIGH",
        "coordinates": [
          10.9960026,
          76.8465356
        ],
        "data_source_type": "OpenStreetMap / Overpass API",
        "data_status": "Verified Public Data"
      }
    },
    {
      "type": "Feature",
      "id": 24371,
      "geometry": {
        "type": "Polygon",
        "coordinates": [
          [
            [
              76.90553401802671,
              10.876465
            ],
            [
              76.9049759698953,
              10.879220100305004
            ],
            [
              76.90338678327036,
              10.881555761563618
            ],
            [
              76.90100839740954,
              10.88311640052204
            ],
            [
              76.8982029,
              10.883664424046076
            ],
            [
              76.89539740259046,
              10.88311640052204
            ],
            [
              76.89301901672964,
              10.881555761563618
            ],
            [
              76.8914298301047,
              10.879220100305004
            ],
            [
              76.89087178197329,
              10.876465
            ],
            [
              76.8914298301047,
              10.873709899694996
            ],
            [
              76.89301901672964,
              10.871374238436381
            ],
            [
              76.89539740259046,
              10.86981359947796
            ],
            [
              76.8982029,
              10.869265575953923
            ],
            [
              76.90100839740954,
              10.86981359947796
            ],
            [
              76.90338678327036,
              10.871374238436381
            ],
            [
              76.9049759698953,
              10.873709899694996
            ],
            [
              76.90553401802671,
              10.876465
            ]
          ]
        ]
      },
      "properties": {
        "id": 24371,
        "name": "Kandhe Gounden Chavadi",
        "ward_code": "OSM-3371",
        "city": "Coimbatore",
        "district": "Coimbatore",
        "state": "Tamil Nadu",
        "administrative_type": "Rural",
        "local_body": "Coimbatore Local Body",
        "locality": "Kandhe Gounden Chavadi",
        "population": 4500,
        "area_sq_km": 2.01,
        "risk_level": "HIGH",
        "coordinates": [
          10.876465,
          76.8982029
        ],
        "data_source_type": "OpenStreetMap / Overpass API",
        "data_status": "Verified Public Data"
      }
    },
    {
      "type": "Feature",
      "id": 12852,
      "geometry": {
        "type": "Polygon",
        "coordinates": [
          [
            [
              76.94845488982685,
              11.024334
            ],
            [
              76.94817572639877,
              11.025711550152502
            ],
            [
              76.94738073621582,
              11.026879380781809
            ],
            [
              76.94619094932676,
              11.027659700261019
            ],
            [
              76.9447875,
              11.027933712023037
            ],
            [
              76.94338405067325,
              11.027659700261019
            ],
            [
              76.94219426378419,
              11.026879380781809
            ],
            [
              76.94139927360123,
              11.025711550152502
            ],
            [
              76.94112011017316,
              11.024334
            ],
            [
              76.94139927360123,
              11.022956449847497
            ],
            [
              76.94219426378419,
              11.02178861921819
            ],
            [
              76.94338405067325,
              11.02100829973898
            ],
            [
              76.9447875,
              11.020734287976962
            ],
            [
              76.94619094932676,
              11.02100829973898
            ],
            [
              76.94738073621582,
              11.02178861921819
            ],
            [
              76.94817572639877,
              11.022956449847497
            ],
            [
              76.94845488982685,
              11.024334
            ]
          ]
        ]
      },
      "properties": {
        "id": 12852,
        "name": "Saibaba Colony",
        "ward_code": "OSM-1852",
        "city": "Coimbatore",
        "district": "Coimbatore",
        "state": "Tamil Nadu",
        "administrative_type": "Urban",
        "local_body": "Coimbatore Local Body",
        "locality": "Saibaba Colony",
        "population": 4500,
        "area_sq_km": 0.5,
        "risk_level": "LOW",
        "coordinates": [
          11.024334,
          76.9447875
        ],
        "data_source_type": "OpenStreetMap / Overpass API",
        "data_status": "Verified Public Data"
      }
    },
    {
      "type": "Feature",
      "id": 12856,
      "geometry": {
        "type": "Polygon",
        "coordinates": [
          [
            [
              76.98018004584226,
              11.0208062
            ],
            [
              76.9799008857623,
              11.022183750152504
            ],
            [
              76.97910590511401,
              11.02335158078181
            ],
            [
              76.97791613249458,
              11.02413190026102
            ],
            [
              76.9765127,
              11.024405912023038
            ],
            [
              76.97510926750542,
              11.02413190026102
            ],
            [
              76.97391949488599,
              11.02335158078181
            ],
            [
              76.9731245142377,
              11.022183750152504
            ],
            [
              76.97284535415774,
              11.0208062
            ],
            [
              76.9731245142377,
              11.019428649847498
            ],
            [
              76.97391949488599,
              11.018260819218192
            ],
            [
              76.97510926750542,
              11.017480499738982
            ],
            [
              76.9765127,
              11.017206487976964
            ],
            [
              76.97791613249458,
              11.017480499738982
            ],
            [
              76.97910590511401,
              11.018260819218192
            ],
            [
              76.9799008857623,
              11.019428649847498
            ],
            [
              76.98018004584226,
              11.0208062
            ]
          ]
        ]
      },
      "properties": {
        "id": 12856,
        "name": "Siddhapudur",
        "ward_code": "OSM-1856",
        "city": "Coimbatore",
        "district": "Coimbatore",
        "state": "Tamil Nadu",
        "administrative_type": "Urban",
        "local_body": "Coimbatore Local Body",
        "locality": "Siddhapudur",
        "population": 4500,
        "area_sq_km": 0.5,
        "risk_level": "MEDIUM",
        "coordinates": [
          11.0208062,
          76.9765127
        ],
        "data_source_type": "OpenStreetMap / Overpass API",
        "data_status": "Verified Public Data"
      }
    },
    {
      "type": "Feature",
      "id": 34928,
      "geometry": {
        "type": "Polygon",
        "coordinates": [
          [
            [
              76.9236235516793,
              11.0533111
            ],
            [
              76.92334436070684,
              11.054688650152503
            ],
            [
              76.92254929208414,
              11.05585648078181
            ],
            [
              76.9213593878017,
              11.05663680026102
            ],
            [
              76.9199558,
              11.056910812023037
            ],
            [
              76.91855221219829,
              11.05663680026102
            ],
            [
              76.91736230791585,
              11.05585648078181
            ],
            [
              76.91656723929316,
              11.054688650152503
            ],
            [
              76.9162880483207,
              11.0533111
            ],
            [
              76.91656723929316,
              11.051933549847497
            ],
            [
              76.91736230791585,
              11.050765719218191
            ],
            [
              76.91855221219829,
              11.049985399738981
            ],
            [
              76.9199558,
              11.049711387976963
            ],
            [
              76.9213593878017,
              11.049985399738981
            ],
            [
              76.92254929208414,
              11.050765719218191
            ],
            [
              76.92334436070684,
              11.051933549847497
            ],
            [
              76.9236235516793,
              11.0533111
            ]
          ]
        ]
      },
      "properties": {
        "id": 34928,
        "name": "KNG Pudur Pirivu",
        "ward_code": "OSM-3928",
        "city": "Coimbatore",
        "district": "Coimbatore",
        "state": "Tamil Nadu",
        "administrative_type": "Urban",
        "local_body": "Coimbatore Local Body",
        "locality": "KNG Pudur Pirivu",
        "population": 4500,
        "area_sq_km": 0.5,
        "risk_level": "HIGH",
        "coordinates": [
          11.0533111,
          76.9199558
        ],
        "data_source_type": "OpenStreetMap / Overpass API",
        "data_status": "Verified Public Data"
      }
    },
    {
      "type": "Feature",
      "id": 34993,
      "geometry": {
        "type": "Polygon",
        "coordinates": [
          [
            [
              76.90310327034754,
              11.0468051
            ],
            [
              76.9028240855661,
              11.048182650152503
            ],
            [
              76.9020290345739,
              11.04935048078181
            ],
            [
              76.90083915667738,
              11.05013080026102
            ],
            [
              76.8994356,
              11.050404812023038
            ],
            [
              76.89803204332263,
              11.05013080026102
            ],
            [
              76.89684216542611,
              11.04935048078181
            ],
            [
              76.89604711443391,
              11.048182650152503
            ],
            [
              76.89576792965246,
              11.0468051
            ],
            [
              76.89604711443391,
              11.045427549847497
            ],
            [
              76.89684216542611,
              11.044259719218191
            ],
            [
              76.89803204332263,
              11.043479399738981
            ],
            [
              76.8994356,
              11.043205387976963
            ],
            [
              76.90083915667738,
              11.043479399738981
            ],
            [
              76.9020290345739,
              11.044259719218191
            ],
            [
              76.9028240855661,
              11.045427549847497
            ],
            [
              76.90310327034754,
              11.0468051
            ]
          ]
        ]
      },
      "properties": {
        "id": 34993,
        "name": "Somayampalayam",
        "ward_code": "OSM-3993",
        "city": "Coimbatore",
        "district": "Coimbatore",
        "state": "Tamil Nadu",
        "administrative_type": "Urban",
        "local_body": "Coimbatore Local Body",
        "locality": "Somayampalayam",
        "population": 4500,
        "area_sq_km": 0.5,
        "risk_level": "MEDIUM",
        "coordinates": [
          11.0468051,
          76.8994356
        ],
        "data_source_type": "OpenStreetMap / Overpass API",
        "data_status": "Verified Public Data"
      }
    },
    {
      "type": "Feature",
      "id": 4014,
      "geometry": {
        "type": "Polygon",
        "coordinates": [
          [
            [
              77.00616320530382,
              10.9043819
            ],
            [
              77.00560510485656,
              10.907137000305005
            ],
            [
              77.00401576924867,
              10.909472661563619
            ],
            [
              77.0016371604191,
              10.91103330052204
            ],
            [
              76.9988314,
              10.911581324046077
            ],
            [
              76.9960256395809,
              10.91103330052204
            ],
            [
              76.99364703075133,
              10.909472661563619
            ],
            [
              76.99205769514344,
              10.907137000305005
            ],
            [
              76.99149959469618,
              10.9043819
            ],
            [
              76.99205769514344,
              10.901626799694997
            ],
            [
              76.99364703075133,
              10.899291138436382
            ],
            [
              76.9960256395809,
              10.89773049947796
            ],
            [
              76.9988314,
              10.897182475953924
            ],
            [
              77.0016371604191,
              10.89773049947796
            ],
            [
              77.00401576924867,
              10.899291138436382
            ],
            [
              77.00560510485656,
              10.901626799694997
            ],
            [
              77.00616320530382,
              10.9043819
            ]
          ]
        ]
      },
      "properties": {
        "id": 4014,
        "name": "Malumachampatti",
        "ward_code": "OSM-3014",
        "city": "Coimbatore",
        "district": "Coimbatore",
        "state": "Tamil Nadu",
        "administrative_type": "Rural",
        "local_body": "Coimbatore Local Body",
        "locality": "Malumachampatti",
        "population": 4500,
        "area_sq_km": 2.01,
        "risk_level": "LOW",
        "coordinates": [
          10.9043819,
          76.9988314
        ],
        "data_source_type": "OpenStreetMap / Overpass API",
        "data_status": "Verified Public Data"
      }
    },
    {
      "type": "Feature",
      "id": 31045,
      "geometry": {
        "type": "Polygon",
        "coordinates": [
          [
            [
              77.151678070614,
              11.0039035
            ],
            [
              77.15111978250617,
              11.006658600305004
            ],
            [
              77.14952991248622,
              11.008994261563618
            ],
            [
              77.14715050385246,
              11.01055490052204
            ],
            [
              77.1443438,
              11.011102924046076
            ],
            [
              77.14153709614754,
              11.01055490052204
            ],
            [
              77.13915768751379,
              11.008994261563618
            ],
            [
              77.13756781749383,
              11.006658600305004
            ],
            [
              77.137009529386,
              11.0039035
            ],
            [
              77.13756781749383,
              11.001148399694996
            ],
            [
              77.13915768751379,
              10.998812738436381
            ],
            [
              77.14153709614754,
              10.99725209947796
            ],
            [
              77.1443438,
              10.996704075953923
            ],
            [
              77.14715050385246,
              10.99725209947796
            ],
            [
              77.14952991248622,
              10.998812738436381
            ],
            [
              77.15111978250617,
              11.001148399694996
            ],
            [
              77.151678070614,
              11.0039035
            ]
          ]
        ]
      },
      "properties": {
        "id": 31045,
        "name": "Kasikavundanpudur",
        "ward_code": "OSM-45",
        "city": "Coimbatore",
        "district": "Coimbatore",
        "state": "Tamil Nadu",
        "administrative_type": "Rural",
        "local_body": "Coimbatore Local Body",
        "locality": "Kasikavundanpudur",
        "population": 4500,
        "area_sq_km": 2.01,
        "risk_level": "MEDIUM",
        "coordinates": [
          11.0039035,
          77.1443438
        ],
        "data_source_type": "OpenStreetMap / Overpass API",
        "data_status": "Verified Public Data"
      }
    },
    {
      "type": "Feature",
      "id": 31046,
      "geometry": {
        "type": "Polygon",
        "coordinates": [
          [
            [
              77.14508009679042,
              10.9928968
            ],
            [
              77.14452182952617,
              10.995651900305004
            ],
            [
              77.1429320188637,
              10.997987561563619
            ],
            [
              77.14055269906471,
              10.99954820052204
            ],
            [
              77.1377461,
              11.000096224046077
            ],
            [
              77.13493950093529,
              10.99954820052204
            ],
            [
              77.1325601811363,
              10.997987561563619
            ],
            [
              77.13097037047383,
              10.995651900305004
            ],
            [
              77.13041210320958,
              10.9928968
            ],
            [
              77.13097037047383,
              10.990141699694997
            ],
            [
              77.1325601811363,
              10.987806038436382
            ],
            [
              77.13493950093529,
              10.98624539947796
            ],
            [
              77.1377461,
              10.985697375953924
            ],
            [
              77.14055269906471,
              10.98624539947796
            ],
            [
              77.1429320188637,
              10.987806038436382
            ],
            [
              77.14452182952617,
              10.990141699694997
            ],
            [
              77.14508009679042,
              10.9928968
            ]
          ]
        ]
      },
      "properties": {
        "id": 31046,
        "name": "Kalangal",
        "ward_code": "OSM-46",
        "city": "Coimbatore",
        "district": "Coimbatore",
        "state": "Tamil Nadu",
        "administrative_type": "Rural",
        "local_body": "Coimbatore Local Body",
        "locality": "Kalangal",
        "population": 4500,
        "area_sq_km": 2.01,
        "risk_level": "HIGH",
        "coordinates": [
          10.9928968,
          77.1377461
        ],
        "data_source_type": "OpenStreetMap / Overpass API",
        "data_status": "Verified Public Data"
      }
    },
    {
      "type": "Feature",
      "id": 38382,
      "geometry": {
        "type": "Polygon",
        "coordinates": [
          [
            [
              76.98175475028471,
              11.2256892
            ],
            [
              76.98119603744973,
              11.228444300305004
            ],
            [
              76.9796049579092,
              11.230779961563618
            ],
            [
              76.9772237391,
              11.23234060052204
            ],
            [
              76.9744149,
              11.232888624046076
            ],
            [
              76.9716060609,
              11.23234060052204
            ],
            [
              76.9692248420908,
              11.230779961563618
            ],
            [
              76.96763376255026,
              11.228444300305004
            ],
            [
              76.96707504971529,
              11.2256892
            ],
            [
              76.96763376255026,
              11.222934099694996
            ],
            [
              76.9692248420908,
              11.220598438436381
            ],
            [
              76.9716060609,
              11.21903779947796
            ],
            [
              76.9744149,
              11.218489775953923
            ],
            [
              76.9772237391,
              11.21903779947796
            ],
            [
              76.9796049579092,
              11.220598438436381
            ],
            [
              76.98119603744973,
              11.222934099694996
            ],
            [
              76.98175475028471,
              11.2256892
            ]
          ]
        ]
      },
      "properties": {
        "id": 38382,
        "name": "Kalattiyur",
        "ward_code": "OSM-7382",
        "city": "Coimbatore",
        "district": "Coimbatore",
        "state": "Tamil Nadu",
        "administrative_type": "Rural",
        "local_body": "Coimbatore Local Body",
        "locality": "Kalattiyur",
        "population": 4500,
        "area_sq_km": 2.01,
        "risk_level": "HIGH",
        "coordinates": [
          11.2256892,
          76.9744149
        ],
        "data_source_type": "OpenStreetMap / Overpass API",
        "data_status": "Verified Public Data"
      }
    },
    {
      "type": "Feature",
      "id": 40537,
      "geometry": {
        "type": "Polygon",
        "coordinates": [
          [
            [
              76.83896917241009,
              11.1792597
            ],
            [
              76.83841054923548,
              11.182014800305003
            ],
            [
              76.83681972502607,
              11.184350461563618
            ],
            [
              76.8344388883469,
              11.18591110052204
            ],
            [
              76.8316305,
              11.186459124046076
            ],
            [
              76.82882211165311,
              11.18591110052204
            ],
            [
              76.82644127497393,
              11.184350461563618
            ],
            [
              76.82485045076453,
              11.182014800305003
            ],
            [
              76.82429182758992,
              11.1792597
            ],
            [
              76.82485045076453,
              11.176504599694995
            ],
            [
              76.82644127497393,
              11.174168938436381
            ],
            [
              76.82882211165311,
              11.17260829947796
            ],
            [
              76.8316305,
              11.172060275953923
            ],
            [
              76.8344388883469,
              11.17260829947796
            ],
            [
              76.83681972502607,
              11.174168938436381
            ],
            [
              76.83841054923548,
              11.176504599694995
            ],
            [
              76.83896917241009,
              11.1792597
            ]
          ]
        ]
      },
      "properties": {
        "id": 40537,
        "name": "Tholampalayam",
        "ward_code": "OSM-9537",
        "city": "Coimbatore",
        "district": "Coimbatore",
        "state": "Tamil Nadu",
        "administrative_type": "Rural",
        "local_body": "Coimbatore Local Body",
        "locality": "Tholampalayam",
        "population": 4500,
        "area_sq_km": 2.01,
        "risk_level": "HIGH",
        "coordinates": [
          11.1792597,
          76.8316305
        ],
        "data_source_type": "OpenStreetMap / Overpass API",
        "data_status": "Verified Public Data"
      }
    },
    {
      "type": "Feature",
      "id": 40538,
      "geometry": {
        "type": "Polygon",
        "coordinates": [
          [
            [
              76.83374486024812,
              11.2063978
            ],
            [
              76.83318618471496,
              11.209152900305003
            ],
            [
              76.83159521140101,
              11.211488561563618
            ],
            [
              76.82921415157112,
              11.21304920052204
            ],
            [
              76.8264055,
              11.213597224046076
            ],
            [
              76.82359684842889,
              11.21304920052204
            ],
            [
              76.821215788599,
              11.211488561563618
            ],
            [
              76.81962481528505,
              11.209152900305003
            ],
            [
              76.8190661397519,
              11.2063978
            ],
            [
              76.81962481528505,
              11.203642699694996
            ],
            [
              76.821215788599,
              11.201307038436381
            ],
            [
              76.82359684842889,
              11.19974639947796
            ],
            [
              76.8264055,
              11.199198375953923
            ],
            [
              76.82921415157112,
              11.19974639947796
            ],
            [
              76.83159521140101,
              11.201307038436381
            ],
            [
              76.83318618471496,
              11.203642699694996
            ],
            [
              76.83374486024812,
              11.2063978
            ]
          ]
        ]
      },
      "properties": {
        "id": 40538,
        "name": "Muthukallur",
        "ward_code": "OSM-9538",
        "city": "Coimbatore",
        "district": "Coimbatore",
        "state": "Tamil Nadu",
        "administrative_type": "Rural",
        "local_body": "Coimbatore Local Body",
        "locality": "Muthukallur",
        "population": 4500,
        "area_sq_km": 2.01,
        "risk_level": "LOW",
        "coordinates": [
          11.2063978,
          76.8264055
        ],
        "data_source_type": "OpenStreetMap / Overpass API",
        "data_status": "Verified Public Data"
      }
    },
    {
      "type": "Feature",
      "id": 4063,
      "geometry": {
        "type": "Polygon",
        "coordinates": [
          [
            [
              77.16674377910336,
              11.0683241
            ],
            [
              77.16618536855657,
              11.071079200305004
            ],
            [
              77.16459514985995,
              11.073414861563618
            ],
            [
              77.1622152193947,
              11.07497550052204
            ],
            [
              77.1594079,
              11.075523524046076
            ],
            [
              77.15660058060531,
              11.07497550052204
            ],
            [
              77.15422065014006,
              11.073414861563618
            ],
            [
              77.15263043144344,
              11.071079200305004
            ],
            [
              77.15207202089665,
              11.0683241
            ],
            [
              77.15263043144344,
              11.065568999694996
            ],
            [
              77.15422065014006,
              11.063233338436381
            ],
            [
              77.15660058060531,
              11.06167269947796
            ],
            [
              77.1594079,
              11.061124675953923
            ],
            [
              77.1622152193947,
              11.06167269947796
            ],
            [
              77.16459514985995,
              11.063233338436381
            ],
            [
              77.16618536855657,
              11.065568999694996
            ],
            [
              77.16674377910336,
              11.0683241
            ]
          ]
        ]
      },
      "properties": {
        "id": 4063,
        "name": "Madappur",
        "ward_code": "OSM-3063",
        "city": "Coimbatore",
        "district": "Coimbatore",
        "state": "Tamil Nadu",
        "administrative_type": "Rural",
        "local_body": "Coimbatore Local Body",
        "locality": "Madappur",
        "population": 4500,
        "area_sq_km": 2.01,
        "risk_level": "MEDIUM",
        "coordinates": [
          11.0683241,
          77.1594079
        ],
        "data_source_type": "OpenStreetMap / Overpass API",
        "data_status": "Verified Public Data"
      }
    },
    {
      "type": "Feature",
      "id": 39027,
      "geometry": {
        "type": "Polygon",
        "coordinates": [
          [
            [
              77.16125791496611,
              11.0497762
            ],
            [
              77.16069953974967,
              11.052531300305004
            ],
            [
              77.15910942166535,
              11.054866961563619
            ],
            [
              77.15672964177705,
              11.05642760052204
            ],
            [
              77.1539225,
              11.056975624046077
            ],
            [
              77.15111535822294,
              11.05642760052204
            ],
            [
              77.14873557833464,
              11.054866961563619
            ],
            [
              77.14714546025031,
              11.052531300305004
            ],
            [
              77.14658708503387,
              11.0497762
            ],
            [
              77.14714546025031,
              11.047021099694996
            ],
            [
              77.14873557833464,
              11.044685438436382
            ],
            [
              77.15111535822294,
              11.04312479947796
            ],
            [
              77.1539225,
              11.042576775953924
            ],
            [
              77.15672964177705,
              11.04312479947796
            ],
            [
              77.15910942166535,
              11.044685438436382
            ],
            [
              77.16069953974967,
              11.047021099694996
            ],
            [
              77.16125791496611,
              11.0497762
            ]
          ]
        ]
      },
      "properties": {
        "id": 39027,
        "name": "Sengathurai",
        "ward_code": "OSM-8027",
        "city": "Coimbatore",
        "district": "Coimbatore",
        "state": "Tamil Nadu",
        "administrative_type": "Rural",
        "local_body": "Coimbatore Local Body",
        "locality": "Sengathurai",
        "population": 4500,
        "area_sq_km": 2.01,
        "risk_level": "MEDIUM",
        "coordinates": [
          11.0497762,
          77.1539225
        ],
        "data_source_type": "OpenStreetMap / Overpass API",
        "data_status": "Verified Public Data"
      }
    },
    {
      "type": "Feature",
      "id": 4141,
      "geometry": {
        "type": "Polygon",
        "coordinates": [
          [
            [
              77.16800930180929,
              11.0332377
            ],
            [
              77.16745095804254,
              11.035992800305005
            ],
            [
              77.16586092951937,
              11.03832846156362
            ],
            [
              77.16348128366879,
              11.039889100522041
            ],
            [
              77.1606743,
              11.040437124046077
            ],
            [
              77.1578673163312,
              11.039889100522041
            ],
            [
              77.15548767048062,
              11.03832846156362
            ],
            [
              77.15389764195746,
              11.035992800305005
            ],
            [
              77.1533392981907,
              11.0332377
            ],
            [
              77.15389764195746,
              11.030482599694997
            ],
            [
              77.15548767048062,
              11.028146938436382
            ],
            [
              77.1578673163312,
              11.02658629947796
            ],
            [
              77.1606743,
              11.026038275953924
            ],
            [
              77.16348128366879,
              11.02658629947796
            ],
            [
              77.16586092951937,
              11.028146938436382
            ],
            [
              77.16745095804254,
              11.030482599694997
            ],
            [
              77.16800930180929,
              11.0332377
            ]
          ]
        ]
      },
      "properties": {
        "id": 4141,
        "name": "Kadampadi",
        "ward_code": "OSM-3141",
        "city": "Coimbatore",
        "district": "Coimbatore",
        "state": "Tamil Nadu",
        "administrative_type": "Rural",
        "local_body": "Coimbatore Local Body",
        "locality": "Kadampadi",
        "population": 4500,
        "area_sq_km": 2.01,
        "risk_level": "MEDIUM",
        "coordinates": [
          11.0332377,
          77.1606743
        ],
        "data_source_type": "OpenStreetMap / Overpass API",
        "data_status": "Verified Public Data"
      }
    },
    {
      "type": "Feature",
      "id": 28666,
      "geometry": {
        "type": "Polygon",
        "coordinates": [
          [
            [
              77.12614651028764,
              11.2123082
            ],
            [
              77.1255878233334,
              11.215063300305005
            ],
            [
              77.12399681749498,
              11.21739896156362
            ],
            [
              77.12161570898876,
              11.21895960052204
            ],
            [
              77.118807,
              11.219507624046077
            ],
            [
              77.11599829101125,
              11.21895960052204
            ],
            [
              77.11361718250502,
              11.21739896156362
            ],
            [
              77.1120261766666,
              11.215063300305005
            ],
            [
              77.11146748971237,
              11.2123082
            ],
            [
              77.1120261766666,
              11.209553099694997
            ],
            [
              77.11361718250502,
              11.207217438436382
            ],
            [
              77.11599829101125,
              11.20565679947796
            ],
            [
              77.118807,
              11.205108775953924
            ],
            [
              77.12161570898876,
              11.20565679947796
            ],
            [
              77.12399681749498,
              11.207217438436382
            ],
            [
              77.1255878233334,
              11.209553099694997
            ],
            [
              77.12614651028764,
              11.2123082
            ]
          ]
        ]
      },
      "properties": {
        "id": 28666,
        "name": "Sokkampalayam",
        "ward_code": "OSM-7666",
        "city": "Coimbatore",
        "district": "Coimbatore",
        "state": "Tamil Nadu",
        "administrative_type": "Rural",
        "local_body": "Coimbatore Local Body",
        "locality": "Sokkampalayam",
        "population": 4500,
        "area_sq_km": 2.01,
        "risk_level": "MEDIUM",
        "coordinates": [
          11.2123082,
          77.118807
        ],
        "data_source_type": "OpenStreetMap / Overpass API",
        "data_status": "Verified Public Data"
      }
    },
    {
      "type": "Feature",
      "id": 48003,
      "geometry": {
        "type": "Polygon",
        "coordinates": [
          [
            [
              76.8463979035048,
              10.8473606
            ],
            [
              76.84583990976313,
              10.850115700305004
            ],
            [
              76.84425087802708,
              10.852451361563618
            ],
            [
              76.84187272397384,
              10.85401200052204
            ],
            [
              76.8390675,
              10.854560024046076
            ],
            [
              76.83626227602616,
              10.85401200052204
            ],
            [
              76.83388412197291,
              10.852451361563618
            ],
            [
              76.83229509023687,
              10.850115700305004
            ],
            [
              76.8317370964952,
              10.8473606
            ],
            [
              76.83229509023687,
              10.844605499694996
            ],
            [
              76.83388412197291,
              10.842269838436382
            ],
            [
              76.83626227602616,
              10.84070919947796
            ],
            [
              76.8390675,
              10.840161175953924
            ],
            [
              76.84187272397384,
              10.84070919947796
            ],
            [
              76.84425087802708,
              10.842269838436382
            ],
            [
              76.84583990976313,
              10.844605499694996
            ],
            [
              76.8463979035048,
              10.8473606
            ]
          ]
        ]
      },
      "properties": {
        "id": 48003,
        "name": "Walayar",
        "ward_code": "OSM-7003",
        "city": "Coimbatore",
        "district": "Coimbatore",
        "state": "Tamil Nadu",
        "administrative_type": "Rural",
        "local_body": "Coimbatore Local Body",
        "locality": "Walayar",
        "population": 4500,
        "area_sq_km": 2.01,
        "risk_level": "LOW",
        "coordinates": [
          10.8473606,
          76.8390675
        ],
        "data_source_type": "OpenStreetMap / Overpass API",
        "data_status": "Verified Public Data"
      }
    },
    {
      "type": "Feature",
      "id": 4752,
      "geometry": {
        "type": "Polygon",
        "coordinates": [
          [
            [
              76.84379628950134,
              10.8300302
            ],
            [
              76.84351730878717,
              10.831407750152502
            ],
            [
              76.84272283892938,
              10.832575580781809
            ],
            [
              76.84153383076196,
              10.833355900261019
            ],
            [
              76.8401313,
              10.833629912023037
            ],
            [
              76.83872876923803,
              10.833355900261019
            ],
            [
              76.83753976107062,
              10.832575580781809
            ],
            [
              76.83674529121282,
              10.831407750152502
            ],
            [
              76.83646631049865,
              10.8300302
            ],
            [
              76.83674529121282,
              10.828652649847497
            ],
            [
              76.83753976107062,
              10.82748481921819
            ],
            [
              76.83872876923803,
              10.82670449973898
            ],
            [
              76.8401313,
              10.826430487976962
            ],
            [
              76.84153383076196,
              10.82670449973898
            ],
            [
              76.84272283892938,
              10.82748481921819
            ],
            [
              76.84351730878717,
              10.828652649847497
            ],
            [
              76.84379628950134,
              10.8300302
            ]
          ]
        ]
      },
      "properties": {
        "id": 4752,
        "name": "Chandrapuram",
        "ward_code": "OSM-3752",
        "city": "Coimbatore",
        "district": "Coimbatore",
        "state": "Tamil Nadu",
        "administrative_type": "Urban",
        "local_body": "Coimbatore Local Body",
        "locality": "Chandrapuram",
        "population": 4500,
        "area_sq_km": 0.5,
        "risk_level": "HIGH",
        "coordinates": [
          10.8300302,
          76.8401313
        ],
        "data_source_type": "OpenStreetMap / Overpass API",
        "data_status": "Verified Public Data"
      }
    },
    {
      "type": "Feature",
      "id": 4754,
      "geometry": {
        "type": "Polygon",
        "coordinates": [
          [
            [
              76.85590823013696,
              10.8566009
            ],
            [
              76.85535021914394,
              10.859356000305004
            ],
            [
              76.85376113828022,
              10.861691661563619
            ],
            [
              76.85138291070221,
              10.86325230052204
            ],
            [
              76.8485776,
              10.863800324046077
            ],
            [
              76.84577228929778,
              10.86325230052204
            ],
            [
              76.84339406171978,
              10.861691661563619
            ],
            [
              76.84180498085605,
              10.859356000305004
            ],
            [
              76.84124696986304,
              10.8566009
            ],
            [
              76.84180498085605,
              10.853845799694996
            ],
            [
              76.84339406171978,
              10.851510138436382
            ],
            [
              76.84577228929778,
              10.84994949947796
            ],
            [
              76.8485776,
              10.849401475953924
            ],
            [
              76.85138291070221,
              10.84994949947796
            ],
            [
              76.85376113828022,
              10.851510138436382
            ],
            [
              76.85535021914394,
              10.853845799694996
            ],
            [
              76.85590823013696,
              10.8566009
            ]
          ]
        ]
      },
      "properties": {
        "id": 4754,
        "name": "Solakarai",
        "ward_code": "OSM-3754",
        "city": "Coimbatore",
        "district": "Coimbatore",
        "state": "Tamil Nadu",
        "administrative_type": "Rural",
        "local_body": "Coimbatore Local Body",
        "locality": "Solakarai",
        "population": 4500,
        "area_sq_km": 2.01,
        "risk_level": "MEDIUM",
        "coordinates": [
          10.8566009,
          76.8485776
        ],
        "data_source_type": "OpenStreetMap / Overpass API",
        "data_status": "Verified Public Data"
      }
    },
    {
      "type": "Feature",
      "id": 44003,
      "geometry": {
        "type": "Polygon",
        "coordinates": [
          [
            [
              77.03235365522781,
              10.8372282
            ],
            [
              77.0317956803851,
              10.839983300305004
            ],
            [
              77.03020670246873,
              10.842318961563619
            ],
            [
              77.02782862896235,
              10.84387960052204
            ],
            [
              77.0250235,
              10.844427624046077
            ],
            [
              77.02221837103765,
              10.84387960052204
            ],
            [
              77.01984029753127,
              10.842318961563619
            ],
            [
              77.0182513196149,
              10.839983300305004
            ],
            [
              77.0176933447722,
              10.8372282
            ],
            [
              77.0182513196149,
              10.834473099694996
            ],
            [
              77.01984029753127,
              10.832137438436382
            ],
            [
              77.02221837103765,
              10.83057679947796
            ],
            [
              77.0250235,
              10.830028775953924
            ],
            [
              77.02782862896235,
              10.83057679947796
            ],
            [
              77.03020670246873,
              10.832137438436382
            ],
            [
              77.0317956803851,
              10.834473099694996
            ],
            [
              77.03235365522781,
              10.8372282
            ]
          ]
        ]
      },
      "properties": {
        "id": 44003,
        "name": "Solavampalayam",
        "ward_code": "OSM-3003",
        "city": "Coimbatore",
        "district": "Coimbatore",
        "state": "Tamil Nadu",
        "administrative_type": "Rural",
        "local_body": "Coimbatore Local Body",
        "locality": "Solavampalayam",
        "population": 4500,
        "area_sq_km": 2.01,
        "risk_level": "HIGH",
        "coordinates": [
          10.8372282,
          77.0250235
        ],
        "data_source_type": "OpenStreetMap / Overpass API",
        "data_status": "Verified Public Data"
      }
    },
    {
      "type": "Feature",
      "id": 20750,
      "geometry": {
        "type": "Polygon",
        "coordinates": [
          [
            [
              77.05061569239466,
              10.8469074
            ],
            [
              77.0500576994987,
              10.849662500305003
            ],
            [
              77.04846867017102,
              10.851998161563618
            ],
            [
              77.04609051972217,
              10.85355880052204
            ],
            [
              77.0432853,
              10.854106824046076
            ],
            [
              77.04048008027782,
              10.85355880052204
            ],
            [
              77.03810192982897,
              10.851998161563618
            ],
            [
              77.0365129005013,
              10.849662500305003
            ],
            [
              77.03595490760533,
              10.8469074
            ],
            [
              77.0365129005013,
              10.844152299694995
            ],
            [
              77.03810192982897,
              10.84181663843638
            ],
            [
              77.04048008027782,
              10.840255999477959
            ],
            [
              77.0432853,
              10.839707975953923
            ],
            [
              77.04609051972217,
              10.840255999477959
            ],
            [
              77.04846867017102,
              10.84181663843638
            ],
            [
              77.0500576994987,
              10.844152299694995
            ],
            [
              77.05061569239466,
              10.8469074
            ]
          ]
        ]
      },
      "properties": {
        "id": 20750,
        "name": "Arasampalayam",
        "ward_code": "OSM-9750",
        "city": "Coimbatore",
        "district": "Coimbatore",
        "state": "Tamil Nadu",
        "administrative_type": "Rural",
        "local_body": "Coimbatore Local Body",
        "locality": "Arasampalayam",
        "population": 4500,
        "area_sq_km": 2.01,
        "risk_level": "LOW",
        "coordinates": [
          10.8469074,
          77.0432853
        ],
        "data_source_type": "OpenStreetMap / Overpass API",
        "data_status": "Verified Public Data"
      }
    },
    {
      "type": "Feature",
      "id": 38077,
      "geometry": {
        "type": "Polygon",
        "coordinates": [
          [
            [
              77.12195319239831,
              11.1602796
            ],
            [
              77.12139460576243,
              11.163034700305005
            ],
            [
              77.1198038856065,
              11.16537036156362
            ],
            [
              77.11742320465434,
              11.166931000522041
            ],
            [
              77.114615,
              11.167479024046077
            ],
            [
              77.11180679534566,
              11.166931000522041
            ],
            [
              77.1094261143935,
              11.16537036156362
            ],
            [
              77.10783539423757,
              11.163034700305005
            ],
            [
              77.10727680760169,
              11.1602796
            ],
            [
              77.10783539423757,
              11.157524499694997
            ],
            [
              77.1094261143935,
              11.155188838436382
            ],
            [
              77.11180679534566,
              11.15362819947796
            ],
            [
              77.114615,
              11.153080175953924
            ],
            [
              77.11742320465434,
              11.15362819947796
            ],
            [
              77.1198038856065,
              11.155188838436382
            ],
            [
              77.12139460576243,
              11.157524499694997
            ],
            [
              77.12195319239831,
              11.1602796
            ]
          ]
        ]
      },
      "properties": {
        "id": 38077,
        "name": "Paduvampalli",
        "ward_code": "OSM-7077",
        "city": "Coimbatore",
        "district": "Coimbatore",
        "state": "Tamil Nadu",
        "administrative_type": "Rural",
        "local_body": "Coimbatore Local Body",
        "locality": "Paduvampalli",
        "population": 4500,
        "area_sq_km": 2.01,
        "risk_level": "LOW",
        "coordinates": [
          11.1602796,
          77.114615
        ],
        "data_source_type": "OpenStreetMap / Overpass API",
        "data_status": "Verified Public Data"
      }
    },
    {
      "type": "Feature",
      "id": 1745,
      "geometry": {
        "type": "Polygon",
        "coordinates": [
          [
            [
              77.15060634548838,
              11.1781961
            ],
            [
              77.15004772436308,
              11.180951200305003
            ],
            [
              77.14845690598956,
              11.183286861563618
            ],
            [
              77.1460760780444,
              11.18484750052204
            ],
            [
              77.1432677,
              11.185395524046076
            ],
            [
              77.14045932195559,
              11.18484750052204
            ],
            [
              77.13807849401043,
              11.183286861563618
            ],
            [
              77.13648767563691,
              11.180951200305003
            ],
            [
              77.1359290545116,
              11.1781961
            ],
            [
              77.13648767563691,
              11.175440999694995
            ],
            [
              77.13807849401043,
              11.17310533843638
            ],
            [
              77.14045932195559,
              11.171544699477959
            ],
            [
              77.1432677,
              11.170996675953923
            ],
            [
              77.1460760780444,
              11.171544699477959
            ],
            [
              77.14845690598956,
              11.17310533843638
            ],
            [
              77.15004772436308,
              11.175440999694995
            ],
            [
              77.15060634548838,
              11.1781961
            ]
          ]
        ]
      },
      "properties": {
        "id": 1745,
        "name": "Kaduvettipalayam",
        "ward_code": "OSM-745",
        "city": "Coimbatore",
        "district": "Coimbatore",
        "state": "Tamil Nadu",
        "administrative_type": "Rural",
        "local_body": "Coimbatore Local Body",
        "locality": "Kaduvettipalayam",
        "population": 4500,
        "area_sq_km": 2.01,
        "risk_level": "LOW",
        "coordinates": [
          11.1781961,
          77.1432677
        ],
        "data_source_type": "OpenStreetMap / Overpass API",
        "data_status": "Verified Public Data"
      }
    },
    {
      "type": "Feature",
      "id": 44353,
      "geometry": {
        "type": "Polygon",
        "coordinates": [
          [
            [
              77.14067575932708,
              11.0595455
            ],
            [
              77.14011736550977,
              11.062300600305004
            ],
            [
              77.13852719445465,
              11.064636261563619
            ],
            [
              77.13614733528995,
              11.06619690052204
            ],
            [
              77.1333401,
              11.066744924046077
            ],
            [
              77.13053286471005,
              11.06619690052204
            ],
            [
              77.12815300554534,
              11.064636261563619
            ],
            [
              77.12656283449023,
              11.062300600305004
            ],
            [
              77.12600444067292,
              11.0595455
            ],
            [
              77.12656283449023,
              11.056790399694997
            ],
            [
              77.12815300554534,
              11.054454738436382
            ],
            [
              77.13053286471005,
              11.05289409947796
            ],
            [
              77.1333401,
              11.052346075953924
            ],
            [
              77.13614733528995,
              11.05289409947796
            ],
            [
              77.13852719445465,
              11.054454738436382
            ],
            [
              77.14011736550977,
              11.056790399694997
            ],
            [
              77.14067575932708,
              11.0595455
            ]
          ]
        ]
      },
      "properties": {
        "id": 44353,
        "name": "Rasipalayam",
        "ward_code": "OSM-3353",
        "city": "Coimbatore",
        "district": "Coimbatore",
        "state": "Tamil Nadu",
        "administrative_type": "Rural",
        "local_body": "Coimbatore Local Body",
        "locality": "Rasipalayam",
        "population": 4500,
        "area_sq_km": 2.01,
        "risk_level": "LOW",
        "coordinates": [
          11.0595455,
          77.1333401
        ],
        "data_source_type": "OpenStreetMap / Overpass API",
        "data_status": "Verified Public Data"
      }
    },
    {
      "type": "Feature",
      "id": 16148,
      "geometry": {
        "type": "Polygon",
        "coordinates": [
          [
            [
              77.00374464079064,
              11.2606559
            ],
            [
              77.00318586016995,
              11.263411000305004
            ],
            [
              77.001594587592,
              11.265746661563618
            ],
            [
              76.99921307988187,
              11.26730730052204
            ],
            [
              76.9964039,
              11.267855324046076
            ],
            [
              76.99359472011814,
              11.26730730052204
            ],
            [
              76.99121321240801,
              11.265746661563618
            ],
            [
              76.98962193983006,
              11.263411000305004
            ],
            [
              76.98906315920937,
              11.2606559
            ],
            [
              76.98962193983006,
              11.257900799694996
            ],
            [
              76.99121321240801,
              11.255565138436381
            ],
            [
              76.99359472011814,
              11.25400449947796
            ],
            [
              76.9964039,
              11.253456475953923
            ],
            [
              76.99921307988187,
              11.25400449947796
            ],
            [
              77.001594587592,
              11.255565138436381
            ],
            [
              77.00318586016995,
              11.257900799694996
            ],
            [
              77.00374464079064,
              11.2606559
            ]
          ]
        ]
      },
      "properties": {
        "id": 16148,
        "name": "mongampalayam",
        "ward_code": "OSM-5148",
        "city": "Coimbatore",
        "district": "Coimbatore",
        "state": "Tamil Nadu",
        "administrative_type": "Rural",
        "local_body": "Coimbatore Local Body",
        "locality": "mongampalayam",
        "population": 4500,
        "area_sq_km": 2.01,
        "risk_level": "LOW",
        "coordinates": [
          11.2606559,
          76.9964039
        ],
        "data_source_type": "OpenStreetMap / Overpass API",
        "data_status": "Verified Public Data"
      }
    },
    {
      "type": "Feature",
      "id": 20321,
      "geometry": {
        "type": "Polygon",
        "coordinates": [
          [
            [
              77.01459126043468,
              11.2496599
            ],
            [
              77.01403250115482,
              11.252415000305003
            ],
            [
              77.0124412893504,
              11.254750661563618
            ],
            [
              77.01005987259428,
              11.25631130052204
            ],
            [
              77.0072508,
              11.256859324046076
            ],
            [
              77.0044417274057,
              11.25631130052204
            ],
            [
              77.00206031064958,
              11.254750661563618
            ],
            [
              77.00046909884517,
              11.252415000305003
            ],
            [
              76.9999103395653,
              11.2496599
            ],
            [
              77.00046909884517,
              11.246904799694995
            ],
            [
              77.00206031064958,
              11.24456913843638
            ],
            [
              77.0044417274057,
              11.243008499477959
            ],
            [
              77.0072508,
              11.242460475953923
            ],
            [
              77.01005987259428,
              11.243008499477959
            ],
            [
              77.0124412893504,
              11.24456913843638
            ],
            [
              77.01403250115482,
              11.246904799694995
            ],
            [
              77.01459126043468,
              11.2496599
            ]
          ]
        ]
      },
      "properties": {
        "id": 20321,
        "name": "vadavalli",
        "ward_code": "OSM-9321",
        "city": "Coimbatore",
        "district": "Coimbatore",
        "state": "Tamil Nadu",
        "administrative_type": "Rural",
        "local_body": "Coimbatore Local Body",
        "locality": "vadavalli",
        "population": 4500,
        "area_sq_km": 2.01,
        "risk_level": "LOW",
        "coordinates": [
          11.2496599,
          77.0072508
        ],
        "data_source_type": "OpenStreetMap / Overpass API",
        "data_status": "Verified Public Data"
      }
    },
    {
      "type": "Feature",
      "id": 20889,
      "geometry": {
        "type": "Polygon",
        "coordinates": [
          [
            [
              77.0898175431907,
              10.8367367
            ],
            [
              77.08925956926427,
              10.839491800305003
            ],
            [
              77.08767059395721,
              10.841827461563618
            ],
            [
              77.08529252435595,
              10.84338810052204
            ],
            [
              77.0824874,
              10.843936124046076
            ],
            [
              77.07968227564406,
              10.84338810052204
            ],
            [
              77.0773042060428,
              10.841827461563618
            ],
            [
              77.07571523073574,
              10.839491800305003
            ],
            [
              77.0751572568093,
              10.8367367
            ],
            [
              77.07571523073574,
              10.833981599694996
            ],
            [
              77.0773042060428,
              10.831645938436381
            ],
            [
              77.07968227564406,
              10.83008529947796
            ],
            [
              77.0824874,
              10.829537275953923
            ],
            [
              77.08529252435595,
              10.83008529947796
            ],
            [
              77.08767059395721,
              10.831645938436381
            ],
            [
              77.08925956926427,
              10.833981599694996
            ],
            [
              77.0898175431907,
              10.8367367
            ]
          ]
        ]
      },
      "properties": {
        "id": 20889,
        "name": "Vadasithur",
        "ward_code": "OSM-9889",
        "city": "Coimbatore",
        "district": "Coimbatore",
        "state": "Tamil Nadu",
        "administrative_type": "Rural",
        "local_body": "Coimbatore Local Body",
        "locality": "Vadasithur",
        "population": 4500,
        "area_sq_km": 2.01,
        "risk_level": "MEDIUM",
        "coordinates": [
          10.8367367,
          77.0824874
        ],
        "data_source_type": "OpenStreetMap / Overpass API",
        "data_status": "Verified Public Data"
      }
    },
    {
      "type": "Feature",
      "id": 20890,
      "geometry": {
        "type": "Polygon",
        "coordinates": [
          [
            [
              77.0236241814478,
              10.7809805
            ],
            [
              77.02306631117787,
              10.783735600305004
            ],
            [
              77.02147763105957,
              10.786071261563619
            ],
            [
              77.0191000032395,
              10.78763190052204
            ],
            [
              77.0162954,
              10.788179924046077
            ],
            [
              77.01349079676051,
              10.78763190052204
            ],
            [
              77.01111316894044,
              10.786071261563619
            ],
            [
              77.00952448882214,
              10.783735600305004
            ],
            [
              77.00896661855221,
              10.7809805
            ],
            [
              77.00952448882214,
              10.778225399694996
            ],
            [
              77.01111316894044,
              10.775889738436382
            ],
            [
              77.01349079676051,
              10.77432909947796
            ],
            [
              77.0162954,
              10.773781075953924
            ],
            [
              77.0191000032395,
              10.77432909947796
            ],
            [
              77.02147763105957,
              10.775889738436382
            ],
            [
              77.02306631117787,
              10.778225399694996
            ],
            [
              77.0236241814478,
              10.7809805
            ]
          ]
        ]
      },
      "properties": {
        "id": 20890,
        "name": "Nallattipalayam",
        "ward_code": "OSM-9890",
        "city": "Coimbatore",
        "district": "Coimbatore",
        "state": "Tamil Nadu",
        "administrative_type": "Rural",
        "local_body": "Coimbatore Local Body",
        "locality": "Nallattipalayam",
        "population": 4500,
        "area_sq_km": 2.01,
        "risk_level": "HIGH",
        "coordinates": [
          10.7809805,
          77.0162954
        ],
        "data_source_type": "OpenStreetMap / Overpass API",
        "data_status": "Verified Public Data"
      }
    },
    {
      "type": "Feature",
      "id": 46080,
      "geometry": {
        "type": "Polygon",
        "coordinates": [
          [
            [
              77.04559534546189,
              11.2372925
            ],
            [
              77.04503661015791,
              11.240047600305004
            ],
            [
              77.043445466631,
              11.242383261563619
            ],
            [
              77.04106415205942,
              11.24394390052204
            ],
            [
              77.0382552,
              11.244491924046077
            ],
            [
              77.03544624794057,
              11.24394390052204
            ],
            [
              77.03306493336899,
              11.242383261563619
            ],
            [
              77.03147378984208,
              11.240047600305004
            ],
            [
              77.0309150545381,
              11.2372925
            ],
            [
              77.03147378984208,
              11.234537399694997
            ],
            [
              77.03306493336899,
              11.232201738436382
            ],
            [
              77.03544624794057,
              11.23064109947796
            ],
            [
              77.0382552,
              11.230093075953924
            ],
            [
              77.04106415205942,
              11.23064109947796
            ],
            [
              77.043445466631,
              11.232201738436382
            ],
            [
              77.04503661015791,
              11.234537399694997
            ],
            [
              77.04559534546189,
              11.2372925
            ]
          ]
        ]
      },
      "properties": {
        "id": 46080,
        "name": "Mugasi Semsampatti",
        "ward_code": "OSM-5080",
        "city": "Coimbatore",
        "district": "Coimbatore",
        "state": "Tamil Nadu",
        "administrative_type": "Rural",
        "local_body": "Coimbatore Local Body",
        "locality": "Mugasi Semsampatti",
        "population": 4500,
        "area_sq_km": 2.01,
        "risk_level": "MEDIUM",
        "coordinates": [
          11.2372925,
          77.0382552
        ],
        "data_source_type": "OpenStreetMap / Overpass API",
        "data_status": "Verified Public Data"
      }
    },
    {
      "type": "Feature",
      "id": 23232,
      "geometry": {
        "type": "Polygon",
        "coordinates": [
          [
            [
              77.033178981752,
              11.2504964
            ],
            [
              77.03262022084944,
              11.253251500305003
            ],
            [
              77.03102900442401,
              11.255587161563618
            ],
            [
              77.02864758075208,
              11.25714780052204
            ],
            [
              77.0258385,
              11.257695824046076
            ],
            [
              77.02302941924793,
              11.25714780052204
            ],
            [
              77.020647995576,
              11.255587161563618
            ],
            [
              77.01905677915057,
              11.253251500305003
            ],
            [
              77.01849801824801,
              11.2504964
            ],
            [
              77.01905677915057,
              11.247741299694995
            ],
            [
              77.020647995576,
              11.245405638436381
            ],
            [
              77.02302941924793,
              11.24384499947796
            ],
            [
              77.0258385,
              11.243296975953923
            ],
            [
              77.02864758075208,
              11.24384499947796
            ],
            [
              77.03102900442401,
              11.245405638436381
            ],
            [
              77.03262022084944,
              11.247741299694995
            ],
            [
              77.033178981752,
              11.2504964
            ]
          ]
        ]
      },
      "properties": {
        "id": 23232,
        "name": "Ketchan kinaru",
        "ward_code": "OSM-2232",
        "city": "Coimbatore",
        "district": "Coimbatore",
        "state": "Tamil Nadu",
        "administrative_type": "Rural",
        "local_body": "Coimbatore Local Body",
        "locality": "Ketchan kinaru",
        "population": 4500,
        "area_sq_km": 2.01,
        "risk_level": "LOW",
        "coordinates": [
          11.2504964,
          77.0258385
        ],
        "data_source_type": "OpenStreetMap / Overpass API",
        "data_status": "Verified Public Data"
      }
    },
    {
      "type": "Feature",
      "id": 2949,
      "geometry": {
        "type": "Polygon",
        "coordinates": [
          [
            [
              77.10578935143137,
              10.9950941
            ],
            [
              77.10523108000783,
              10.997849200305003
            ],
            [
              77.10364125750068,
              11.000184861563618
            ],
            [
              77.1012619199749,
              11.00174550052204
            ],
            [
              77.0984553,
              11.002293524046076
            ],
            [
              77.09564868002509,
              11.00174550052204
            ],
            [
              77.09326934249931,
              11.000184861563618
            ],
            [
              77.09167951999217,
              10.997849200305003
            ],
            [
              77.09112124856863,
              10.9950941
            ],
            [
              77.09167951999217,
              10.992338999694995
            ],
            [
              77.09326934249931,
              10.99000333843638
            ],
            [
              77.09564868002509,
              10.98844269947796
            ],
            [
              77.0984553,
              10.987894675953923
            ],
            [
              77.1012619199749,
              10.98844269947796
            ],
            [
              77.10364125750068,
              10.99000333843638
            ],
            [
              77.10523108000783,
              10.992338999694995
            ],
            [
              77.10578935143137,
              10.9950941
            ]
          ]
        ]
      },
      "properties": {
        "id": 2949,
        "name": "Kannampalayam",
        "ward_code": "OSM-1949",
        "city": "Coimbatore",
        "district": "Coimbatore",
        "state": "Tamil Nadu",
        "administrative_type": "Rural",
        "local_body": "Coimbatore Local Body",
        "locality": "Kannampalayam",
        "population": 15868,
        "area_sq_km": 2.01,
        "risk_level": "MEDIUM",
        "coordinates": [
          10.9950941,
          77.0984553
        ],
        "data_source_type": "OpenStreetMap / Overpass API",
        "data_status": "Verified Public Data"
      }
    },
    {
      "type": "Feature",
      "id": 44345,
      "geometry": {
        "type": "Polygon",
        "coordinates": [
          [
            [
              76.84653428160891,
              10.9915465
            ],
            [
              76.84625514925457,
              10.992924050152503
            ],
            [
              76.84546024756214,
              10.99409188078181
            ],
            [
              76.84427059310852,
              10.99487220026102
            ],
            [
              76.8428673,
              10.995146212023037
            ],
            [
              76.84146400689147,
              10.99487220026102
            ],
            [
              76.84027435243785,
              10.99409188078181
            ],
            [
              76.83947945074542,
              10.992924050152503
            ],
            [
              76.83920031839108,
              10.9915465
            ],
            [
              76.83947945074542,
              10.990168949847497
            ],
            [
              76.84027435243785,
              10.989001119218191
            ],
            [
              76.84146400689147,
              10.988220799738981
            ],
            [
              76.8428673,
              10.987946787976963
            ],
            [
              76.84427059310852,
              10.988220799738981
            ],
            [
              76.84546024756214,
              10.989001119218191
            ],
            [
              76.84625514925457,
              10.990168949847497
            ],
            [
              76.84653428160891,
              10.9915465
            ]
          ]
        ]
      },
      "properties": {
        "id": 44345,
        "name": "Thondamuthur",
        "ward_code": "OSM-3345",
        "city": "Coimbatore",
        "district": "Coimbatore",
        "state": "Tamil Nadu",
        "administrative_type": "Urban",
        "local_body": "Coimbatore Local Body",
        "locality": "Thondamuthur",
        "population": 4500,
        "area_sq_km": 0.5,
        "risk_level": "LOW",
        "coordinates": [
          10.9915465,
          76.8428673
        ],
        "data_source_type": "OpenStreetMap / Overpass API",
        "data_status": "Verified Public Data"
      }
    },
    {
      "type": "Feature",
      "id": 9651,
      "geometry": {
        "type": "Polygon",
        "coordinates": [
          [
            [
              76.90064076396752,
              10.7925733
            ],
            [
              76.90008287219204,
              10.795328400305005
            ],
            [
              76.89849413083118,
              10.79766406156362
            ],
            [
              76.89611641135511,
              10.799224700522041
            ],
            [
              76.8933117,
              10.799772724046077
            ],
            [
              76.89050698864489,
              10.799224700522041
            ],
            [
              76.88812926916881,
              10.79766406156362
            ],
            [
              76.88654052780795,
              10.795328400305005
            ],
            [
              76.88598263603248,
              10.7925733
            ],
            [
              76.88654052780795,
              10.789818199694997
            ],
            [
              76.88812926916881,
              10.787482538436382
            ],
            [
              76.89050698864489,
              10.78592189947796
            ],
            [
              76.8933117,
              10.785373875953924
            ],
            [
              76.89611641135511,
              10.78592189947796
            ],
            [
              76.89849413083118,
              10.787482538436382
            ],
            [
              76.90008287219204,
              10.789818199694997
            ],
            [
              76.90064076396752,
              10.7925733
            ]
          ]
        ]
      },
      "properties": {
        "id": 9651,
        "name": "Ozhalapathy",
        "ward_code": "OSM-8651",
        "city": "Coimbatore",
        "district": "Coimbatore",
        "state": "Tamil Nadu",
        "administrative_type": "Rural",
        "local_body": "Coimbatore Local Body",
        "locality": "Ozhalapathy",
        "population": 4500,
        "area_sq_km": 2.01,
        "risk_level": "LOW",
        "coordinates": [
          10.7925733,
          76.8933117
        ],
        "data_source_type": "OpenStreetMap / Overpass API",
        "data_status": "Verified Public Data"
      }
    },
    {
      "type": "Feature",
      "id": 9652,
      "geometry": {
        "type": "Polygon",
        "coordinates": [
          [
            [
              76.87908459432151,
              10.7897167
            ],
            [
              76.87852670784753,
              10.792471800305004
            ],
            [
              76.87693798158402,
              10.794807461563618
            ],
            [
              76.87456028470274,
              10.79636810052204
            ],
            [
              76.8717556,
              10.796916124046076
            ],
            [
              76.86895091529726,
              10.79636810052204
            ],
            [
              76.86657321841598,
              10.794807461563618
            ],
            [
              76.86498449215247,
              10.792471800305004
            ],
            [
              76.86442660567849,
              10.7897167
            ],
            [
              76.86498449215247,
              10.786961599694996
            ],
            [
              76.86657321841598,
              10.784625938436381
            ],
            [
              76.86895091529726,
              10.78306529947796
            ],
            [
              76.8717556,
              10.782517275953923
            ],
            [
              76.87456028470274,
              10.78306529947796
            ],
            [
              76.87693798158402,
              10.784625938436381
            ],
            [
              76.87852670784753,
              10.786961599694996
            ],
            [
              76.87908459432151,
              10.7897167
            ]
          ]
        ]
      },
      "properties": {
        "id": 9652,
        "name": "Kinarapallam",
        "ward_code": "OSM-8652",
        "city": "Coimbatore",
        "district": "Coimbatore",
        "state": "Tamil Nadu",
        "administrative_type": "Rural",
        "local_body": "Coimbatore Local Body",
        "locality": "Kinarapallam",
        "population": 4500,
        "area_sq_km": 2.01,
        "risk_level": "MEDIUM",
        "coordinates": [
          10.7897167,
          76.8717556
        ],
        "data_source_type": "OpenStreetMap / Overpass API",
        "data_status": "Verified Public Data"
      }
    },
    {
      "type": "Feature",
      "id": 9653,
      "geometry": {
        "type": "Polygon",
        "coordinates": [
          [
            [
              76.88769680014123,
              10.8390619
            ],
            [
              76.88713882187969,
              10.841817000305005
            ],
            [
              76.88554983422732,
              10.84415266156362
            ],
            [
              76.88317174614997,
              10.845713300522041
            ],
            [
              76.8803666,
              10.846261324046077
            ],
            [
              76.87756145385003,
              10.845713300522041
            ],
            [
              76.87518336577268,
              10.84415266156362
            ],
            [
              76.87359437812032,
              10.841817000305005
            ],
            [
              76.87303639985878,
              10.8390619
            ],
            [
              76.87359437812032,
              10.836306799694997
            ],
            [
              76.87518336577268,
              10.833971138436382
            ],
            [
              76.87756145385003,
              10.83241049947796
            ],
            [
              76.8803666,
              10.831862475953924
            ],
            [
              76.88317174614997,
              10.83241049947796
            ],
            [
              76.88554983422732,
              10.833971138436382
            ],
            [
              76.88713882187969,
              10.836306799694997
            ],
            [
              76.88769680014123,
              10.8390619
            ]
          ]
        ]
      },
      "properties": {
        "id": 9653,
        "name": "Pichanur",
        "ward_code": "OSM-8653",
        "city": "Coimbatore",
        "district": "Coimbatore",
        "state": "Tamil Nadu",
        "administrative_type": "Rural",
        "local_body": "Coimbatore Local Body",
        "locality": "Pichanur",
        "population": 4500,
        "area_sq_km": 2.01,
        "risk_level": "HIGH",
        "coordinates": [
          10.8390619,
          76.8803666
        ],
        "data_source_type": "OpenStreetMap / Overpass API",
        "data_status": "Verified Public Data"
      }
    },
    {
      "type": "Feature",
      "id": 9657,
      "geometry": {
        "type": "Polygon",
        "coordinates": [
          [
            [
              77.15191374929678,
              10.8083635
            ],
            [
              77.15135582818988,
              10.811118600305004
            ],
            [
              77.14976700330011,
              10.813454261563619
            ],
            [
              77.14738915881424,
              10.81501490052204
            ],
            [
              77.1445843,
              10.815562924046077
            ],
            [
              77.14177944118578,
              10.81501490052204
            ],
            [
              77.1394015966999,
              10.813454261563619
            ],
            [
              77.13781277181013,
              10.811118600305004
            ],
            [
              77.13725485070323,
              10.8083635
            ],
            [
              77.13781277181013,
              10.805608399694997
            ],
            [
              77.1394015966999,
              10.803272738436382
            ],
            [
              77.14177944118578,
              10.80171209947796
            ],
            [
              77.1445843,
              10.801164075953924
            ],
            [
              77.14738915881424,
              10.80171209947796
            ],
            [
              77.14976700330011,
              10.803272738436382
            ],
            [
              77.15135582818988,
              10.805608399694997
            ],
            [
              77.15191374929678,
              10.8083635
            ]
          ]
        ]
      },
      "properties": {
        "id": 9657,
        "name": "Kattampatti",
        "ward_code": "OSM-8657",
        "city": "Coimbatore",
        "district": "Coimbatore",
        "state": "Tamil Nadu",
        "administrative_type": "Rural",
        "local_body": "Coimbatore Local Body",
        "locality": "Kattampatti",
        "population": 4500,
        "area_sq_km": 2.01,
        "risk_level": "LOW",
        "coordinates": [
          10.8083635,
          77.1445843
        ],
        "data_source_type": "OpenStreetMap / Overpass API",
        "data_status": "Verified Public Data"
      }
    },
    {
      "type": "Feature",
      "id": 2689,
      "geometry": {
        "type": "Polygon",
        "coordinates": [
          [
            [
              77.02349672033229,
              10.8968759
            ],
            [
              77.02293863396514,
              10.899631000305003
            ],
            [
              77.02134933845404,
              10.901966661563618
            ],
            [
              77.01897078963356,
              10.90352730052204
            ],
            [
              77.0161651,
              10.904075324046076
            ],
            [
              77.01335941036643,
              10.90352730052204
            ],
            [
              77.01098086154595,
              10.901966661563618
            ],
            [
              77.00939156603485,
              10.899631000305003
            ],
            [
              77.0088334796677,
              10.8968759
            ],
            [
              77.00939156603485,
              10.894120799694996
            ],
            [
              77.01098086154595,
              10.891785138436381
            ],
            [
              77.01335941036643,
              10.89022449947796
            ],
            [
              77.0161651,
              10.889676475953923
            ],
            [
              77.01897078963356,
              10.89022449947796
            ],
            [
              77.02134933845404,
              10.891785138436381
            ],
            [
              77.02293863396514,
              10.894120799694996
            ],
            [
              77.02349672033229,
              10.8968759
            ]
          ]
        ]
      },
      "properties": {
        "id": 2689,
        "name": "Okkilipalayam",
        "ward_code": "OSM-1689",
        "city": "Coimbatore",
        "district": "Coimbatore",
        "state": "Tamil Nadu",
        "administrative_type": "Rural",
        "local_body": "Coimbatore Local Body",
        "locality": "Okkilipalayam",
        "population": 4500,
        "area_sq_km": 2.01,
        "risk_level": "MEDIUM",
        "coordinates": [
          10.8968759,
          77.0161651
        ],
        "data_source_type": "OpenStreetMap / Overpass API",
        "data_status": "Verified Public Data"
      }
    },
    {
      "type": "Feature",
      "id": 2690,
      "geometry": {
        "type": "Polygon",
        "coordinates": [
          [
            [
              77.03019546524654,
              10.8702488
            ],
            [
              77.02963742874482,
              10.873003900305005
            ],
            [
              77.02804827523846,
              10.875339561563619
            ],
            [
              77.0256699389431,
              10.87690020052204
            ],
            [
              77.0228645,
              10.877448224046077
            ],
            [
              77.0200590610569,
              10.87690020052204
            ],
            [
              77.01768072476153,
              10.875339561563619
            ],
            [
              77.01609157125517,
              10.873003900305005
            ],
            [
              77.01553353475346,
              10.8702488
            ],
            [
              77.01609157125517,
              10.867493699694997
            ],
            [
              77.01768072476153,
              10.865158038436382
            ],
            [
              77.0200590610569,
              10.86359739947796
            ],
            [
              77.0228645,
              10.863049375953924
            ],
            [
              77.0256699389431,
              10.86359739947796
            ],
            [
              77.02804827523846,
              10.865158038436382
            ],
            [
              77.02963742874482,
              10.867493699694997
            ],
            [
              77.03019546524654,
              10.8702488
            ]
          ]
        ]
      },
      "properties": {
        "id": 2690,
        "name": "Myleripalayam",
        "ward_code": "OSM-1690",
        "city": "Coimbatore",
        "district": "Coimbatore",
        "state": "Tamil Nadu",
        "administrative_type": "Rural",
        "local_body": "Coimbatore Local Body",
        "locality": "Myleripalayam",
        "population": 4500,
        "area_sq_km": 2.01,
        "risk_level": "HIGH",
        "coordinates": [
          10.8702488,
          77.0228645
        ],
        "data_source_type": "OpenStreetMap / Overpass API",
        "data_status": "Verified Public Data"
      }
    },
    {
      "type": "Feature",
      "id": 2691,
      "geometry": {
        "type": "Polygon",
        "coordinates": [
          [
            [
              76.9694653920087,
              10.8591221
            ],
            [
              76.96890737630598,
              10.861877200305004
            ],
            [
              76.96731828203013,
              10.864212861563619
            ],
            [
              76.9649400343795,
              10.86577350052204
            ],
            [
              76.9621347,
              10.866321524046077
            ],
            [
              76.95932936562049,
              10.86577350052204
            ],
            [
              76.95695111796985,
              10.864212861563619
            ],
            [
              76.95536202369401,
              10.861877200305004
            ],
            [
              76.95480400799129,
              10.8591221
            ],
            [
              76.95536202369401,
              10.856366999694997
            ],
            [
              76.95695111796985,
              10.854031338436382
            ],
            [
              76.95932936562049,
              10.85247069947796
            ],
            [
              76.9621347,
              10.851922675953924
            ],
            [
              76.9649400343795,
              10.85247069947796
            ],
            [
              76.96731828203013,
              10.854031338436382
            ],
            [
              76.96890737630598,
              10.856366999694997
            ],
            [
              76.9694653920087,
              10.8591221
            ]
          ]
        ]
      },
      "properties": {
        "id": 2691,
        "name": "Nachipalayam",
        "ward_code": "OSM-1691",
        "city": "Coimbatore",
        "district": "Coimbatore",
        "state": "Tamil Nadu",
        "administrative_type": "Rural",
        "local_body": "Coimbatore Local Body",
        "locality": "Nachipalayam",
        "population": 4500,
        "area_sq_km": 2.01,
        "risk_level": "LOW",
        "coordinates": [
          10.8591221,
          76.9621347
        ],
        "data_source_type": "OpenStreetMap / Overpass API",
        "data_status": "Verified Public Data"
      }
    },
    {
      "type": "Feature",
      "id": 2692,
      "geometry": {
        "type": "Polygon",
        "coordinates": [
          [
            [
              76.96167146716775,
              10.8825295
            ],
            [
              76.96111340768365,
              10.885284600305004
            ],
            [
              76.959524188729,
              10.887620261563619
            ],
            [
              76.95714575448334,
              10.88918090052204
            ],
            [
              76.9543402,
              10.889728924046077
            ],
            [
              76.95153464551667,
              10.88918090052204
            ],
            [
              76.949156211271,
              10.887620261563619
            ],
            [
              76.94756699231635,
              10.885284600305004
            ],
            [
              76.94700893283226,
              10.8825295
            ],
            [
              76.94756699231635,
              10.879774399694996
            ],
            [
              76.949156211271,
              10.877438738436382
            ],
            [
              76.95153464551667,
              10.87587809947796
            ],
            [
              76.9543402,
              10.875330075953924
            ],
            [
              76.95714575448334,
              10.87587809947796
            ],
            [
              76.959524188729,
              10.877438738436382
            ],
            [
              76.96111340768365,
              10.879774399694996
            ],
            [
              76.96167146716775,
              10.8825295
            ]
          ]
        ]
      },
      "properties": {
        "id": 2692,
        "name": "Palathurai",
        "ward_code": "OSM-1692",
        "city": "Coimbatore",
        "district": "Coimbatore",
        "state": "Tamil Nadu",
        "administrative_type": "Rural",
        "local_body": "Coimbatore Local Body",
        "locality": "Palathurai",
        "population": 4500,
        "area_sq_km": 2.01,
        "risk_level": "MEDIUM",
        "coordinates": [
          10.8825295,
          76.9543402
        ],
        "data_source_type": "OpenStreetMap / Overpass API",
        "data_status": "Verified Public Data"
      }
    },
    {
      "type": "Feature",
      "id": 2693,
      "geometry": {
        "type": "Polygon",
        "coordinates": [
          [
            [
              76.89756008139793,
              10.8342132
            ],
            [
              76.89700211217519,
              10.836968300305005
            ],
            [
              76.89541315026312,
              10.839303961563619
            ],
            [
              76.89303510070887,
              10.84086460052204
            ],
            [
              76.89023,
              10.841412624046077
            ],
            [
              76.88742489929113,
              10.84086460052204
            ],
            [
              76.88504684973688,
              10.839303961563619
            ],
            [
              76.88345788782482,
              10.836968300305005
            ],
            [
              76.88289991860208,
              10.8342132
            ],
            [
              76.88345788782482,
              10.831458099694997
            ],
            [
              76.88504684973688,
              10.829122438436382
            ],
            [
              76.88742489929113,
              10.82756179947796
            ],
            [
              76.89023,
              10.827013775953924
            ],
            [
              76.89303510070887,
              10.82756179947796
            ],
            [
              76.89541315026312,
              10.829122438436382
            ],
            [
              76.89700211217519,
              10.831458099694997
            ],
            [
              76.89756008139793,
              10.8342132
            ]
          ]
        ]
      },
      "properties": {
        "id": 2693,
        "name": "Kumittipathi",
        "ward_code": "OSM-1693",
        "city": "Coimbatore",
        "district": "Coimbatore",
        "state": "Tamil Nadu",
        "administrative_type": "Rural",
        "local_body": "Coimbatore Local Body",
        "locality": "Kumittipathi",
        "population": 4500,
        "area_sq_km": 2.01,
        "risk_level": "HIGH",
        "coordinates": [
          10.8342132,
          76.89023
        ],
        "data_source_type": "OpenStreetMap / Overpass API",
        "data_status": "Verified Public Data"
      }
    },
    {
      "type": "Feature",
      "id": 2695,
      "geometry": {
        "type": "Polygon",
        "coordinates": [
          [
            [
              76.89649740120971,
              10.9689649
            ],
            [
              76.8962182901995,
              10.970342450152502
            ],
            [
              76.89542344928998,
              10.971510280781809
            ],
            [
              76.8942338858044,
              10.972290600261019
            ],
            [
              76.8928307,
              10.972564612023037
            ],
            [
              76.89142751419561,
              10.972290600261019
            ],
            [
              76.89023795071003,
              10.971510280781809
            ],
            [
              76.88944310980051,
              10.970342450152502
            ],
            [
              76.8891639987903,
              10.9689649
            ],
            [
              76.88944310980051,
              10.967587349847497
            ],
            [
              76.89023795071003,
              10.96641951921819
            ],
            [
              76.89142751419561,
              10.96563919973898
            ],
            [
              76.8928307,
              10.965365187976962
            ],
            [
              76.8942338858044,
              10.96563919973898
            ],
            [
              76.89542344928998,
              10.96641951921819
            ],
            [
              76.8962182901995,
              10.967587349847497
            ],
            [
              76.89649740120971,
              10.9689649
            ]
          ]
        ]
      },
      "properties": {
        "id": 2695,
        "name": "Kalampalayam",
        "ward_code": "OSM-1695",
        "city": "Coimbatore",
        "district": "Coimbatore",
        "state": "Tamil Nadu",
        "administrative_type": "Urban",
        "local_body": "Coimbatore Local Body",
        "locality": "Kalampalayam",
        "population": 4500,
        "area_sq_km": 0.5,
        "risk_level": "MEDIUM",
        "coordinates": [
          10.9689649,
          76.8928307
        ],
        "data_source_type": "OpenStreetMap / Overpass API",
        "data_status": "Verified Public Data"
      }
    },
    {
      "type": "Feature",
      "id": 2699,
      "geometry": {
        "type": "Polygon",
        "coordinates": [
          [
            [
              77.174084072145,
              10.9475669
            ],
            [
              77.17352589048929,
              10.950322000305004
            ],
            [
              77.1719363236193,
              10.952657661563618
            ],
            [
              77.16955736868154,
              10.95421830052204
            ],
            [
              77.1667512,
              10.954766324046076
            ],
            [
              77.16394503131845,
              10.95421830052204
            ],
            [
              77.16156607638068,
              10.952657661563618
            ],
            [
              77.1599765095107,
              10.950322000305004
            ],
            [
              77.15941832785498,
              10.9475669
            ],
            [
              77.1599765095107,
              10.944811799694996
            ],
            [
              77.16156607638068,
              10.942476138436382
            ],
            [
              77.16394503131845,
              10.94091549947796
            ],
            [
              77.1667512,
              10.940367475953924
            ],
            [
              77.16955736868154,
              10.94091549947796
            ],
            [
              77.1719363236193,
              10.942476138436382
            ],
            [
              77.17352589048929,
              10.944811799694996
            ],
            [
              77.174084072145,
              10.9475669
            ]
          ]
        ]
      },
      "properties": {
        "id": 2699,
        "name": "Sellakkarichal",
        "ward_code": "OSM-1699",
        "city": "Coimbatore",
        "district": "Coimbatore",
        "state": "Tamil Nadu",
        "administrative_type": "Rural",
        "local_body": "Coimbatore Local Body",
        "locality": "Sellakkarichal",
        "population": 4500,
        "area_sq_km": 2.01,
        "risk_level": "HIGH",
        "coordinates": [
          10.9475669,
          77.1667512
        ],
        "data_source_type": "OpenStreetMap / Overpass API",
        "data_status": "Verified Public Data"
      }
    },
    {
      "type": "Feature",
      "id": 2700,
      "geometry": {
        "type": "Polygon",
        "coordinates": [
          [
            [
              77.10863546130045,
              10.9592406
            ],
            [
              77.10807725763408,
              10.961995700305003
            ],
            [
              77.10648762808307,
              10.964331361563618
            ],
            [
              77.10410857933654,
              10.96589200052204
            ],
            [
              77.1013023,
              10.966440024046076
            ],
            [
              77.09849602066346,
              10.96589200052204
            ],
            [
              77.09611697191693,
              10.964331361563618
            ],
            [
              77.09452734236592,
              10.961995700305003
            ],
            [
              77.09396913869955,
              10.9592406
            ],
            [
              77.09452734236592,
              10.956485499694995
            ],
            [
              77.09611697191693,
              10.954149838436381
            ],
            [
              77.09849602066346,
              10.95258919947796
            ],
            [
              77.1013023,
              10.952041175953923
            ],
            [
              77.10410857933654,
              10.95258919947796
            ],
            [
              77.10648762808307,
              10.954149838436381
            ],
            [
              77.10807725763408,
              10.956485499694995
            ],
            [
              77.10863546130045,
              10.9592406
            ]
          ]
        ]
      },
      "properties": {
        "id": 2700,
        "name": "Pappampatti",
        "ward_code": "OSM-1700",
        "city": "Coimbatore",
        "district": "Coimbatore",
        "state": "Tamil Nadu",
        "administrative_type": "Rural",
        "local_body": "Coimbatore Local Body",
        "locality": "Pappampatti",
        "population": 4500,
        "area_sq_km": 2.01,
        "risk_level": "LOW",
        "coordinates": [
          10.9592406,
          77.1013023
        ],
        "data_source_type": "OpenStreetMap / Overpass API",
        "data_status": "Verified Public Data"
      }
    },
    {
      "type": "Feature",
      "id": 47454,
      "geometry": {
        "type": "Polygon",
        "coordinates": [
          [
            [
              76.98695993200106,
              10.8158419
            ],
            [
              76.98640199698661,
              10.818597000305004
            ],
            [
              76.98481313249155,
              10.820932661563619
            ],
            [
              76.98243522873213,
              10.82249330052204
            ],
            [
              76.9796303,
              10.823041324046077
            ],
            [
              76.97682537126786,
              10.82249330052204
            ],
            [
              76.97444746750844,
              10.820932661563619
            ],
            [
              76.97285860301338,
              10.818597000305004
            ],
            [
              76.97230066799894,
              10.8158419
            ],
            [
              76.97285860301338,
              10.813086799694997
            ],
            [
              76.97444746750844,
              10.810751138436382
            ],
            [
              76.97682537126786,
              10.80919049947796
            ],
            [
              76.9796303,
              10.808642475953924
            ],
            [
              76.98243522873213,
              10.80919049947796
            ],
            [
              76.98481313249155,
              10.810751138436382
            ],
            [
              76.98640199698661,
              10.813086799694997
            ],
            [
              76.98695993200106,
              10.8158419
            ]
          ]
        ]
      },
      "properties": {
        "id": 47454,
        "name": "Singayanputhur",
        "ward_code": "OSM-6454",
        "city": "Coimbatore",
        "district": "Coimbatore",
        "state": "Tamil Nadu",
        "administrative_type": "Rural",
        "local_body": "Coimbatore Local Body",
        "locality": "Singayanputhur",
        "population": 4500,
        "area_sq_km": 2.01,
        "risk_level": "MEDIUM",
        "coordinates": [
          10.8158419,
          76.9796303
        ],
        "data_source_type": "OpenStreetMap / Overpass API",
        "data_status": "Verified Public Data"
      }
    },
    {
      "type": "Feature",
      "id": 47455,
      "geometry": {
        "type": "Polygon",
        "coordinates": [
          [
            [
              76.95502838873651,
              10.8099783
            ],
            [
              76.95447046462743,
              10.812733400305003
            ],
            [
              76.95288163118822,
              10.815069061563618
            ],
            [
              76.95050377390717,
              10.81662970052204
            ],
            [
              76.9476989,
              10.817177724046076
            ],
            [
              76.94489402609284,
              10.81662970052204
            ],
            [
              76.94251616881179,
              10.815069061563618
            ],
            [
              76.94092733537258,
              10.812733400305003
            ],
            [
              76.9403694112635,
              10.8099783
            ],
            [
              76.94092733537258,
              10.807223199694995
            ],
            [
              76.94251616881179,
              10.80488753843638
            ],
            [
              76.94489402609284,
              10.803326899477959
            ],
            [
              76.9476989,
              10.802778875953923
            ],
            [
              76.95050377390717,
              10.803326899477959
            ],
            [
              76.95288163118822,
              10.80488753843638
            ],
            [
              76.95447046462743,
              10.807223199694995
            ],
            [
              76.95502838873651,
              10.8099783
            ]
          ]
        ]
      },
      "properties": {
        "id": 47455,
        "name": "Sokkanur",
        "ward_code": "OSM-6455",
        "city": "Coimbatore",
        "district": "Coimbatore",
        "state": "Tamil Nadu",
        "administrative_type": "Rural",
        "local_body": "Coimbatore Local Body",
        "locality": "Sokkanur",
        "population": 4500,
        "area_sq_km": 2.01,
        "risk_level": "HIGH",
        "coordinates": [
          10.8099783,
          76.9476989
        ],
        "data_source_type": "OpenStreetMap / Overpass API",
        "data_status": "Verified Public Data"
      }
    },
    {
      "type": "Feature",
      "id": 47456,
      "geometry": {
        "type": "Polygon",
        "coordinates": [
          [
            [
              76.9523877534162,
              10.8167181
            ],
            [
              76.95182981677164,
              10.819473200305003
            ],
            [
              76.95024094763434,
              10.821808861563618
            ],
            [
              76.94786303692736,
              10.82336950052204
            ],
            [
              76.9450581,
              10.823917524046076
            ],
            [
              76.94225316307264,
              10.82336950052204
            ],
            [
              76.93987525236565,
              10.821808861563618
            ],
            [
              76.93828638322836,
              10.819473200305003
            ],
            [
              76.93772844658379,
              10.8167181
            ],
            [
              76.93828638322836,
              10.813962999694995
            ],
            [
              76.93987525236565,
              10.81162733843638
            ],
            [
              76.94225316307264,
              10.810066699477959
            ],
            [
              76.9450581,
              10.809518675953923
            ],
            [
              76.94786303692736,
              10.810066699477959
            ],
            [
              76.95024094763434,
              10.81162733843638
            ],
            [
              76.95182981677164,
              10.813962999694995
            ],
            [
              76.9523877534162,
              10.8167181
            ]
          ]
        ]
      },
      "properties": {
        "id": 47456,
        "name": "Kannamanaickanur",
        "ward_code": "OSM-6456",
        "city": "Coimbatore",
        "district": "Coimbatore",
        "state": "Tamil Nadu",
        "administrative_type": "Rural",
        "local_body": "Coimbatore Local Body",
        "locality": "Kannamanaickanur",
        "population": 4500,
        "area_sq_km": 2.01,
        "risk_level": "LOW",
        "coordinates": [
          10.8167181,
          76.9450581
        ],
        "data_source_type": "OpenStreetMap / Overpass API",
        "data_status": "Verified Public Data"
      }
    },
    {
      "type": "Feature",
      "id": 47457,
      "geometry": {
        "type": "Polygon",
        "coordinates": [
          [
            [
              76.97818680720175,
              10.8475114
            ],
            [
              76.97762881317868,
              10.850266500305004
            ],
            [
              76.97603978064122,
              10.852602161563619
            ],
            [
              76.9736616253886,
              10.85416280052204
            ],
            [
              76.9708564,
              10.854710824046077
            ],
            [
              76.9680511746114,
              10.85416280052204
            ],
            [
              76.96567301935879,
              10.852602161563619
            ],
            [
              76.96408398682132,
              10.850266500305004
            ],
            [
              76.96352599279825,
              10.8475114
            ],
            [
              76.96408398682132,
              10.844756299694996
            ],
            [
              76.96567301935879,
              10.842420638436382
            ],
            [
              76.9680511746114,
              10.84085999947796
            ],
            [
              76.9708564,
              10.840311975953924
            ],
            [
              76.9736616253886,
              10.84085999947796
            ],
            [
              76.97603978064122,
              10.842420638436382
            ],
            [
              76.97762881317868,
              10.844756299694996
            ],
            [
              76.97818680720175,
              10.8475114
            ]
          ]
        ]
      },
      "properties": {
        "id": 47457,
        "name": "Valukkuparai",
        "ward_code": "OSM-6457",
        "city": "Coimbatore",
        "district": "Coimbatore",
        "state": "Tamil Nadu",
        "administrative_type": "Rural",
        "local_body": "Coimbatore Local Body",
        "locality": "Valukkuparai",
        "population": 4500,
        "area_sq_km": 2.01,
        "risk_level": "MEDIUM",
        "coordinates": [
          10.8475114,
          76.9708564
        ],
        "data_source_type": "OpenStreetMap / Overpass API",
        "data_status": "Verified Public Data"
      }
    },
    {
      "type": "Feature",
      "id": 47458,
      "geometry": {
        "type": "Polygon",
        "coordinates": [
          [
            [
              76.85790459784396,
              10.7775474
            ],
            [
              76.85734673393799,
              10.780302500305003
            ],
            [
              76.85575807194273,
              10.782638161563618
            ],
            [
              76.85338047124569,
              10.78419880052204
            ],
            [
              76.8505759,
              10.784746824046076
            ],
            [
              76.8477713287543,
              10.78419880052204
            ],
            [
              76.84539372805726,
              10.782638161563618
            ],
            [
              76.843805066062,
              10.780302500305003
            ],
            [
              76.84324720215604,
              10.7775474
            ],
            [
              76.843805066062,
              10.774792299694996
            ],
            [
              76.84539372805726,
              10.772456638436381
            ],
            [
              76.8477713287543,
              10.77089599947796
            ],
            [
              76.8505759,
              10.770347975953923
            ],
            [
              76.85338047124569,
              10.77089599947796
            ],
            [
              76.85575807194273,
              10.772456638436381
            ],
            [
              76.85734673393799,
              10.774792299694996
            ],
            [
              76.85790459784396,
              10.7775474
            ]
          ]
        ]
      },
      "properties": {
        "id": 47458,
        "name": "Vadakarapathy",
        "ward_code": "OSM-6458",
        "city": "Coimbatore",
        "district": "Coimbatore",
        "state": "Tamil Nadu",
        "administrative_type": "Rural",
        "local_body": "Coimbatore Local Body",
        "locality": "Vadakarapathy",
        "population": 4500,
        "area_sq_km": 2.01,
        "risk_level": "HIGH",
        "coordinates": [
          10.7775474,
          76.8505759
        ],
        "data_source_type": "OpenStreetMap / Overpass API",
        "data_status": "Verified Public Data"
      }
    },
    {
      "type": "Feature",
      "id": 47459,
      "geometry": {
        "type": "Polygon",
        "coordinates": [
          [
            [
              76.87437182200142,
              10.749752
            ],
            [
              76.87381400954091,
              10.752507100305005
            ],
            [
              76.8722254940499,
              10.75484276156362
            ],
            [
              76.86984811261196,
              10.756403400522041
            ],
            [
              76.8670438,
              10.756951424046077
            ],
            [
              76.86423948738805,
              10.756403400522041
            ],
            [
              76.86186210595011,
              10.75484276156362
            ],
            [
              76.8602735904591,
              10.752507100305005
            ],
            [
              76.85971577799859,
              10.749752
            ],
            [
              76.8602735904591,
              10.746996899694997
            ],
            [
              76.86186210595011,
              10.744661238436382
            ],
            [
              76.86423948738805,
              10.74310059947796
            ],
            [
              76.8670438,
              10.742552575953924
            ],
            [
              76.86984811261196,
              10.74310059947796
            ],
            [
              76.8722254940499,
              10.744661238436382
            ],
            [
              76.87381400954091,
              10.746996899694997
            ],
            [
              76.87437182200142,
              10.749752
            ]
          ]
        ]
      },
      "properties": {
        "id": 47459,
        "name": "Eruthempathy",
        "ward_code": "OSM-6459",
        "city": "Coimbatore",
        "district": "Coimbatore",
        "state": "Tamil Nadu",
        "administrative_type": "Rural",
        "local_body": "Coimbatore Local Body",
        "locality": "Eruthempathy",
        "population": 4500,
        "area_sq_km": 2.01,
        "risk_level": "LOW",
        "coordinates": [
          10.749752,
          76.8670438
        ],
        "data_source_type": "OpenStreetMap / Overpass API",
        "data_status": "Verified Public Data"
      }
    },
    {
      "type": "Feature",
      "id": 45371,
      "geometry": {
        "type": "Polygon",
        "coordinates": [
          [
            [
              77.07776870074079,
              11.0970968
            ],
            [
              77.07721023526263,
              11.099851900305003
            ],
            [
              77.07561986013467,
              11.102187561563618
            ],
            [
              77.07323969555338,
              11.10374820052204
            ],
            [
              77.0704321,
              11.104296224046076
            ],
            [
              77.06762450444663,
              11.10374820052204
            ],
            [
              77.06524433986534,
              11.102187561563618
            ],
            [
              77.06365396473738,
              11.099851900305003
            ],
            [
              77.06309549925922,
              11.0970968
            ],
            [
              77.06365396473738,
              11.094341699694995
            ],
            [
              77.06524433986534,
              11.09200603843638
            ],
            [
              77.06762450444663,
              11.090445399477959
            ],
            [
              77.0704321,
              11.089897375953923
            ],
            [
              77.07323969555338,
              11.090445399477959
            ],
            [
              77.07561986013467,
              11.09200603843638
            ],
            [
              77.07721023526263,
              11.094341699694995
            ],
            [
              77.07776870074079,
              11.0970968
            ]
          ]
        ]
      },
      "properties": {
        "id": 45371,
        "name": "Vellanaipatti",
        "ward_code": "OSM-4371",
        "city": "Coimbatore",
        "district": "Coimbatore",
        "state": "Tamil Nadu",
        "administrative_type": "Rural",
        "local_body": "Coimbatore Local Body",
        "locality": "Vellanaipatti",
        "population": 4500,
        "area_sq_km": 2.01,
        "risk_level": "HIGH",
        "coordinates": [
          11.0970968,
          77.0704321
        ],
        "data_source_type": "OpenStreetMap / Overpass API",
        "data_status": "Verified Public Data"
      }
    },
    {
      "type": "Feature",
      "id": 45372,
      "geometry": {
        "type": "Polygon",
        "coordinates": [
          [
            [
              77.12162072701463,
              11.0861923
            ],
            [
              77.12106228237263,
              11.088947400305004
            ],
            [
              77.11947196658105,
              11.091283061563619
            ],
            [
              77.11709189080291,
              11.09284370052204
            ],
            [
              77.1142844,
              11.093391724046077
            ],
            [
              77.1114769091971,
              11.09284370052204
            ],
            [
              77.10909683341896,
              11.091283061563619
            ],
            [
              77.10750651762737,
              11.088947400305004
            ],
            [
              77.10694807298538,
              11.0861923
            ],
            [
              77.10750651762737,
              11.083437199694997
            ],
            [
              77.10909683341896,
              11.081101538436382
            ],
            [
              77.1114769091971,
              11.07954089947796
            ],
            [
              77.1142844,
              11.078992875953924
            ],
            [
              77.11709189080291,
              11.07954089947796
            ],
            [
              77.11947196658105,
              11.081101538436382
            ],
            [
              77.12106228237263,
              11.083437199694997
            ],
            [
              77.12162072701463,
              11.0861923
            ]
          ]
        ]
      },
      "properties": {
        "id": 45372,
        "name": "Arasur",
        "ward_code": "OSM-4372",
        "city": "Coimbatore",
        "district": "Coimbatore",
        "state": "Tamil Nadu",
        "administrative_type": "Rural",
        "local_body": "Coimbatore Local Body",
        "locality": "Arasur",
        "population": 4500,
        "area_sq_km": 2.01,
        "risk_level": "LOW",
        "coordinates": [
          11.0861923,
          77.1142844
        ],
        "data_source_type": "OpenStreetMap / Overpass API",
        "data_status": "Verified Public Data"
      }
    },
    {
      "type": "Feature",
      "id": 45373,
      "geometry": {
        "type": "Polygon",
        "coordinates": [
          [
            [
              77.16265813822382,
              11.0946073
            ],
            [
              77.16209967750447,
              11.097362400305004
            ],
            [
              77.1605093159285,
              11.099698061563618
            ],
            [
              77.15812917162917,
              11.10125870052204
            ],
            [
              77.1553216,
              11.101806724046076
            ],
            [
              77.15251402837082,
              11.10125870052204
            ],
            [
              77.1501338840715,
              11.099698061563618
            ],
            [
              77.14854352249552,
              11.097362400305004
            ],
            [
              77.14798506177617,
              11.0946073
            ],
            [
              77.14854352249552,
              11.091852199694996
            ],
            [
              77.1501338840715,
              11.089516538436381
            ],
            [
              77.15251402837082,
              11.08795589947796
            ],
            [
              77.1553216,
              11.087407875953923
            ],
            [
              77.15812917162917,
              11.08795589947796
            ],
            [
              77.1605093159285,
              11.089516538436381
            ],
            [
              77.16209967750447,
              11.091852199694996
            ],
            [
              77.16265813822382,
              11.0946073
            ]
          ]
        ]
      },
      "properties": {
        "id": 45373,
        "name": "Kaniyur",
        "ward_code": "OSM-4373",
        "city": "Coimbatore",
        "district": "Coimbatore",
        "state": "Tamil Nadu",
        "administrative_type": "Rural",
        "local_body": "Coimbatore Local Body",
        "locality": "Kaniyur",
        "population": 4500,
        "area_sq_km": 2.01,
        "risk_level": "MEDIUM",
        "coordinates": [
          11.0946073,
          77.1553216
        ],
        "data_source_type": "OpenStreetMap / Overpass API",
        "data_status": "Verified Public Data"
      }
    },
    {
      "type": "Feature",
      "id": 45374,
      "geometry": {
        "type": "Polygon",
        "coordinates": [
          [
            [
              77.0897987907937,
              11.0644299
            ],
            [
              77.08951958923178,
              11.065807450152503
            ],
            [
              77.08872449045288,
              11.06697528078181
            ],
            [
              77.08753454103848,
              11.06775560026102
            ],
            [
              77.0861309,
              11.068029612023038
            ],
            [
              77.08472725896152,
              11.06775560026102
            ],
            [
              77.08353730954713,
              11.06697528078181
            ],
            [
              77.08274221076822,
              11.065807450152503
            ],
            [
              77.08246300920631,
              11.0644299
            ],
            [
              77.08274221076822,
              11.063052349847498
            ],
            [
              77.08353730954713,
              11.061884519218191
            ],
            [
              77.08472725896152,
              11.061104199738981
            ],
            [
              77.0861309,
              11.060830187976963
            ],
            [
              77.08753454103848,
              11.061104199738981
            ],
            [
              77.08872449045288,
              11.061884519218191
            ],
            [
              77.08951958923178,
              11.063052349847498
            ],
            [
              77.0897987907937,
              11.0644299
            ]
          ]
        ]
      },
      "properties": {
        "id": 45374,
        "name": "Neelambur",
        "ward_code": "OSM-4374",
        "city": "Coimbatore",
        "district": "Coimbatore",
        "state": "Tamil Nadu",
        "administrative_type": "Urban",
        "local_body": "Coimbatore Local Body",
        "locality": "Neelambur",
        "population": 4500,
        "area_sq_km": 0.5,
        "risk_level": "HIGH",
        "coordinates": [
          11.0644299,
          77.0861309
        ],
        "data_source_type": "OpenStreetMap / Overpass API",
        "data_status": "Verified Public Data"
      }
    },
    {
      "type": "Feature",
      "id": 45375,
      "geometry": {
        "type": "Polygon",
        "coordinates": [
          [
            [
              77.08925389180835,
              11.0488499
            ],
            [
              77.08869551835468,
              11.051605000305004
            ],
            [
              77.08710540529034,
              11.053940661563619
            ],
            [
              77.08472563291497,
              11.05550130052204
            ],
            [
              77.0819185,
              11.056049324046077
            ],
            [
              77.07911136708503,
              11.05550130052204
            ],
            [
              77.07673159470966,
              11.053940661563619
            ],
            [
              77.07514148164532,
              11.051605000305004
            ],
            [
              77.07458310819165,
              11.0488499
            ],
            [
              77.07514148164532,
              11.046094799694997
            ],
            [
              77.07673159470966,
              11.043759138436382
            ],
            [
              77.07911136708503,
              11.04219849947796
            ],
            [
              77.0819185,
              11.041650475953924
            ],
            [
              77.08472563291497,
              11.04219849947796
            ],
            [
              77.08710540529034,
              11.043759138436382
            ],
            [
              77.08869551835468,
              11.046094799694997
            ],
            [
              77.08925389180835,
              11.0488499
            ]
          ]
        ]
      },
      "properties": {
        "id": 45375,
        "name": "Kulathur",
        "ward_code": "OSM-4375",
        "city": "Coimbatore",
        "district": "Coimbatore",
        "state": "Tamil Nadu",
        "administrative_type": "Rural",
        "local_body": "Coimbatore Local Body",
        "locality": "Kulathur",
        "population": 4500,
        "area_sq_km": 2.01,
        "risk_level": "LOW",
        "coordinates": [
          11.0488499,
          77.0819185
        ],
        "data_source_type": "OpenStreetMap / Overpass API",
        "data_status": "Verified Public Data"
      }
    },
    {
      "type": "Feature",
      "id": 45376,
      "geometry": {
        "type": "Polygon",
        "coordinates": [
          [
            [
              76.91220560191545,
              11.0653183
            ],
            [
              76.91192639950694,
              11.066695850152502
            ],
            [
              76.91113129831714,
              11.067863680781809
            ],
            [
              76.90994134529458,
              11.068644000261019
            ],
            [
              76.9085377,
              11.068918012023037
            ],
            [
              76.90713405470541,
              11.068644000261019
            ],
            [
              76.90594410168285,
              11.067863680781809
            ],
            [
              76.90514900049305,
              11.066695850152502
            ],
            [
              76.90486979808455,
              11.0653183
            ],
            [
              76.90514900049305,
              11.063940749847497
            ],
            [
              76.90594410168285,
              11.06277291921819
            ],
            [
              76.90713405470541,
              11.06199259973898
            ],
            [
              76.9085377,
              11.061718587976962
            ],
            [
              76.90994134529458,
              11.06199259973898
            ],
            [
              76.91113129831714,
              11.06277291921819
            ],
            [
              76.91192639950694,
              11.063940749847497
            ],
            [
              76.91220560191545,
              11.0653183
            ]
          ]
        ]
      },
      "properties": {
        "id": 45376,
        "name": "Kanuvai",
        "ward_code": "OSM-4376",
        "city": "Coimbatore",
        "district": "Coimbatore",
        "state": "Tamil Nadu",
        "administrative_type": "Urban",
        "local_body": "Coimbatore Local Body",
        "locality": "Kanuvai",
        "population": 4500,
        "area_sq_km": 0.5,
        "risk_level": "MEDIUM",
        "coordinates": [
          11.0653183,
          76.9085377
        ],
        "data_source_type": "OpenStreetMap / Overpass API",
        "data_status": "Verified Public Data"
      }
    },
    {
      "type": "Feature",
      "id": 14632,
      "geometry": {
        "type": "Polygon",
        "coordinates": [
          [
            [
              77.0623293739489,
              10.8298237
            ],
            [
              77.06177141290523,
              10.832578800305004
            ],
            [
              77.06018247428518,
              10.834914461563619
            ],
            [
              77.05780445958992,
              10.83647510052204
            ],
            [
              77.0549994,
              10.837023124046077
            ],
            [
              77.05219434041008,
              10.83647510052204
            ],
            [
              77.04981632571481,
              10.834914461563619
            ],
            [
              77.04822738709477,
              10.832578800305004
            ],
            [
              77.0476694260511,
              10.8298237
            ],
            [
              77.04822738709477,
              10.827068599694996
            ],
            [
              77.04981632571481,
              10.824732938436382
            ],
            [
              77.05219434041008,
              10.82317229947796
            ],
            [
              77.0549994,
              10.822624275953924
            ],
            [
              77.05780445958992,
              10.82317229947796
            ],
            [
              77.06018247428518,
              10.824732938436382
            ],
            [
              77.06177141290523,
              10.827068599694996
            ],
            [
              77.0623293739489,
              10.8298237
            ]
          ]
        ]
      },
      "properties": {
        "id": 14632,
        "name": "Kondampatti",
        "ward_code": "OSM-3632",
        "city": "Coimbatore",
        "district": "Coimbatore",
        "state": "Tamil Nadu",
        "administrative_type": "Rural",
        "local_body": "Coimbatore Local Body",
        "locality": "Kondampatti",
        "population": 4500,
        "area_sq_km": 2.01,
        "risk_level": "LOW",
        "coordinates": [
          10.8298237,
          77.0549994
        ],
        "data_source_type": "OpenStreetMap / Overpass API",
        "data_status": "Verified Public Data"
      }
    },
    {
      "type": "Feature",
      "id": 14633,
      "geometry": {
        "type": "Polygon",
        "coordinates": [
          [
            [
              77.06942365263983,
              10.8697357
            ],
            [
              77.06886561709774,
              10.872490800305004
            ],
            [
              77.06727646632417,
              10.874826461563618
            ],
            [
              77.0648981341187,
              10.87638710052204
            ],
            [
              77.0620927,
              10.876935124046076
            ],
            [
              77.05928726588128,
              10.87638710052204
            ],
            [
              77.05690893367581,
              10.874826461563618
            ],
            [
              77.05531978290225,
              10.872490800305004
            ],
            [
              77.05476174736016,
              10.8697357
            ],
            [
              77.05531978290225,
              10.866980599694996
            ],
            [
              77.05690893367581,
              10.864644938436381
            ],
            [
              77.05928726588128,
              10.86308429947796
            ],
            [
              77.0620927,
              10.862536275953923
            ],
            [
              77.0648981341187,
              10.86308429947796
            ],
            [
              77.06727646632417,
              10.864644938436381
            ],
            [
              77.06886561709774,
              10.866980599694996
            ],
            [
              77.06942365263983,
              10.8697357
            ]
          ]
        ]
      },
      "properties": {
        "id": 14633,
        "name": "Karacheri",
        "ward_code": "OSM-3633",
        "city": "Coimbatore",
        "district": "Coimbatore",
        "state": "Tamil Nadu",
        "administrative_type": "Rural",
        "local_body": "Coimbatore Local Body",
        "locality": "Karacheri",
        "population": 4500,
        "area_sq_km": 2.01,
        "risk_level": "MEDIUM",
        "coordinates": [
          10.8697357,
          77.0620927
        ],
        "data_source_type": "OpenStreetMap / Overpass API",
        "data_status": "Verified Public Data"
      }
    },
    {
      "type": "Feature",
      "id": 14634,
      "geometry": {
        "type": "Polygon",
        "coordinates": [
          [
            [
              77.10729010708161,
              10.8760198
            ],
            [
              77.10673205978335,
              10.878774900305004
            ],
            [
              77.10514287553102,
              10.881110561563618
            ],
            [
              77.10276449322103,
              10.88267120052204
            ],
            [
              77.099959,
              10.883219224046076
            ],
            [
              77.09715350677897,
              10.88267120052204
            ],
            [
              77.09477512446898,
              10.881110561563618
            ],
            [
              77.09318594021664,
              10.878774900305004
            ],
            [
              77.09262789291839,
              10.8760198
            ],
            [
              77.09318594021664,
              10.873264699694996
            ],
            [
              77.09477512446898,
              10.870929038436381
            ],
            [
              77.09715350677897,
              10.86936839947796
            ],
            [
              77.099959,
              10.868820375953923
            ],
            [
              77.10276449322103,
              10.86936839947796
            ],
            [
              77.10514287553102,
              10.870929038436381
            ],
            [
              77.10673205978335,
              10.873264699694996
            ],
            [
              77.10729010708161,
              10.8760198
            ]
          ]
        ]
      },
      "properties": {
        "id": 14634,
        "name": "Panappatti",
        "ward_code": "OSM-3634",
        "city": "Coimbatore",
        "district": "Coimbatore",
        "state": "Tamil Nadu",
        "administrative_type": "Rural",
        "local_body": "Coimbatore Local Body",
        "locality": "Panappatti",
        "population": 4500,
        "area_sq_km": 2.01,
        "risk_level": "HIGH",
        "coordinates": [
          10.8760198,
          77.099959
        ],
        "data_source_type": "OpenStreetMap / Overpass API",
        "data_status": "Verified Public Data"
      }
    },
    {
      "type": "Feature",
      "id": 14635,
      "geometry": {
        "type": "Polygon",
        "coordinates": [
          [
            [
              77.10290970214736,
              10.7736163
            ],
            [
              77.10235184552586,
              10.776371400305004
            ],
            [
              77.10076320427501,
              10.778707061563619
            ],
            [
              77.0983856346242,
              10.78026770052204
            ],
            [
              77.0955811,
              10.780815724046077
            ],
            [
              77.09277656537581,
              10.78026770052204
            ],
            [
              77.090398995725,
              10.778707061563619
            ],
            [
              77.08881035447415,
              10.776371400305004
            ],
            [
              77.08825249785265,
              10.7736163
            ],
            [
              77.08881035447415,
              10.770861199694997
            ],
            [
              77.090398995725,
              10.768525538436382
            ],
            [
              77.09277656537581,
              10.76696489947796
            ],
            [
              77.0955811,
              10.766416875953924
            ],
            [
              77.0983856346242,
              10.76696489947796
            ],
            [
              77.10076320427501,
              10.768525538436382
            ],
            [
              77.10235184552586,
              10.770861199694997
            ],
            [
              77.10290970214736,
              10.7736163
            ]
          ]
        ]
      },
      "properties": {
        "id": 14635,
        "name": "Kappalankarai",
        "ward_code": "OSM-3635",
        "city": "Coimbatore",
        "district": "Coimbatore",
        "state": "Tamil Nadu",
        "administrative_type": "Rural",
        "local_body": "Coimbatore Local Body",
        "locality": "Kappalankarai",
        "population": 4500,
        "area_sq_km": 2.01,
        "risk_level": "LOW",
        "coordinates": [
          10.7736163,
          77.0955811
        ],
        "data_source_type": "OpenStreetMap / Overpass API",
        "data_status": "Verified Public Data"
      }
    },
    {
      "type": "Feature",
      "id": 14636,
      "geometry": {
        "type": "Polygon",
        "coordinates": [
          [
            [
              77.10629808507515,
              10.7646936
            ],
            [
              77.1057402449773,
              10.767448700305003
            ],
            [
              77.10415165078179,
              10.769784361563618
            ],
            [
              77.10177415155425,
              10.77134500052204
            ],
            [
              77.0989697,
              10.771893024046076
            ],
            [
              77.09616524844574,
              10.77134500052204
            ],
            [
              77.09378774921821,
              10.769784361563618
            ],
            [
              77.0921991550227,
              10.767448700305003
            ],
            [
              77.09164131492484,
              10.7646936
            ],
            [
              77.0921991550227,
              10.761938499694995
            ],
            [
              77.09378774921821,
              10.75960283843638
            ],
            [
              77.09616524844574,
              10.75804219947796
            ],
            [
              77.0989697,
              10.757494175953923
            ],
            [
              77.10177415155425,
              10.75804219947796
            ],
            [
              77.10415165078179,
              10.75960283843638
            ],
            [
              77.1057402449773,
              10.761938499694995
            ],
            [
              77.10629808507515,
              10.7646936
            ]
          ]
        ]
      },
      "properties": {
        "id": 14636,
        "name": "Chettipudur",
        "ward_code": "OSM-3636",
        "city": "Coimbatore",
        "district": "Coimbatore",
        "state": "Tamil Nadu",
        "administrative_type": "Rural",
        "local_body": "Coimbatore Local Body",
        "locality": "Chettipudur",
        "population": 4500,
        "area_sq_km": 2.01,
        "risk_level": "MEDIUM",
        "coordinates": [
          10.7646936,
          77.0989697
        ],
        "data_source_type": "OpenStreetMap / Overpass API",
        "data_status": "Verified Public Data"
      }
    },
    {
      "type": "Feature",
      "id": 11878,
      "geometry": {
        "type": "Polygon",
        "coordinates": [
          [
            [
              76.88353356179469,
              10.7307814
            ],
            [
              76.88297578436533,
              10.733536500305004
            ],
            [
              76.88138736863459,
              10.735872161563618
            ],
            [
              76.87901013649845,
              10.73743280052204
            ],
            [
              76.876206,
              10.737980824046076
            ],
            [
              76.87340186350154,
              10.73743280052204
            ],
            [
              76.8710246313654,
              10.735872161563618
            ],
            [
              76.86943621563466,
              10.733536500305004
            ],
            [
              76.8688784382053,
              10.7307814
            ],
            [
              76.86943621563466,
              10.728026299694996
            ],
            [
              76.8710246313654,
              10.725690638436381
            ],
            [
              76.87340186350154,
              10.72412999947796
            ],
            [
              76.876206,
              10.723581975953923
            ],
            [
              76.87901013649845,
              10.72412999947796
            ],
            [
              76.88138736863459,
              10.725690638436381
            ],
            [
              76.88297578436533,
              10.728026299694996
            ],
            [
              76.88353356179469,
              10.7307814
            ]
          ]
        ]
      },
      "properties": {
        "id": 11878,
        "name": "RVP Pudur",
        "ward_code": "OSM-878",
        "city": "Coimbatore",
        "district": "Coimbatore",
        "state": "Tamil Nadu",
        "administrative_type": "Rural",
        "local_body": "Coimbatore Local Body",
        "locality": "RVP Pudur",
        "population": 4500,
        "area_sq_km": 2.01,
        "risk_level": "LOW",
        "coordinates": [
          10.7307814,
          76.876206
        ],
        "data_source_type": "OpenStreetMap / Overpass API",
        "data_status": "Verified Public Data"
      }
    },
    {
      "type": "Feature",
      "id": 11879,
      "geometry": {
        "type": "Polygon",
        "coordinates": [
          [
            [
              76.84129834132844,
              10.7546651
            ],
            [
              76.84074051978469,
              10.757420200305004
            ],
            [
              76.83915197842683,
              10.759755861563619
            ],
            [
              76.83677455827642,
              10.76131650052204
            ],
            [
              76.8339702,
              10.761864524046077
            ],
            [
              76.83116584172357,
              10.76131650052204
            ],
            [
              76.82878842157317,
              10.759755861563619
            ],
            [
              76.8271998802153,
              10.757420200305004
            ],
            [
              76.82664205867155,
              10.7546651
            ],
            [
              76.8271998802153,
              10.751909999694997
            ],
            [
              76.82878842157317,
              10.749574338436382
            ],
            [
              76.83116584172357,
              10.74801369947796
            ],
            [
              76.8339702,
              10.747465675953924
            ],
            [
              76.83677455827642,
              10.74801369947796
            ],
            [
              76.83915197842683,
              10.749574338436382
            ],
            [
              76.84074051978469,
              10.751909999694997
            ],
            [
              76.84129834132844,
              10.7546651
            ]
          ]
        ]
      },
      "properties": {
        "id": 11879,
        "name": "Palaniyarpalayam",
        "ward_code": "OSM-879",
        "city": "Coimbatore",
        "district": "Coimbatore",
        "state": "Tamil Nadu",
        "administrative_type": "Rural",
        "local_body": "Coimbatore Local Body",
        "locality": "Palaniyarpalayam",
        "population": 4500,
        "area_sq_km": 2.01,
        "risk_level": "MEDIUM",
        "coordinates": [
          10.7546651,
          76.8339702
        ],
        "data_source_type": "OpenStreetMap / Overpass API",
        "data_status": "Verified Public Data"
      }
    },
    {
      "type": "Feature",
      "id": 11880,
      "geometry": {
        "type": "Polygon",
        "coordinates": [
          [
            [
              76.82493857261927,
              10.7518364
            ],
            [
              76.8243807563057,
              10.754591500305004
            ],
            [
              76.82279222984212,
              10.756927161563619
            ],
            [
              76.82041483198256,
              10.75848780052204
            ],
            [
              76.8176105,
              10.759035824046077
            ],
            [
              76.81480616801744,
              10.75848780052204
            ],
            [
              76.81242877015788,
              10.756927161563619
            ],
            [
              76.8108402436943,
              10.754591500305004
            ],
            [
              76.81028242738073,
              10.7518364
            ],
            [
              76.8108402436943,
              10.749081299694996
            ],
            [
              76.81242877015788,
              10.746745638436382
            ],
            [
              76.81480616801744,
              10.74518499947796
            ],
            [
              76.8176105,
              10.744636975953924
            ],
            [
              76.82041483198256,
              10.74518499947796
            ],
            [
              76.82279222984212,
              10.746745638436382
            ],
            [
              76.8243807563057,
              10.749081299694996
            ],
            [
              76.82493857261927,
              10.7518364
            ]
          ]
        ]
      },
      "properties": {
        "id": 11880,
        "name": "Athicode",
        "ward_code": "OSM-880",
        "city": "Coimbatore",
        "district": "Coimbatore",
        "state": "Tamil Nadu",
        "administrative_type": "Rural",
        "local_body": "Coimbatore Local Body",
        "locality": "Athicode",
        "population": 4500,
        "area_sq_km": 2.01,
        "risk_level": "HIGH",
        "coordinates": [
          10.7518364,
          76.8176105
        ],
        "data_source_type": "OpenStreetMap / Overpass API",
        "data_status": "Verified Public Data"
      }
    },
    {
      "type": "Feature",
      "id": 47565,
      "geometry": {
        "type": "Polygon",
        "coordinates": [
          [
            [
              77.16774257779066,
              10.7561659
            ],
            [
              77.1671847534714,
              10.758921000305003
            ],
            [
              77.16559620420952,
              10.761256661563618
            ],
            [
              77.16321877222991,
              10.76281730052204
            ],
            [
              77.1604144,
              10.763365324046076
            ],
            [
              77.15761002777008,
              10.76281730052204
            ],
            [
              77.15523259579047,
              10.761256661563618
            ],
            [
              77.15364404652858,
              10.758921000305003
            ],
            [
              77.15308622220932,
              10.7561659
            ],
            [
              77.15364404652858,
              10.753410799694995
            ],
            [
              77.15523259579047,
              10.75107513843638
            ],
            [
              77.15761002777008,
              10.749514499477959
            ],
            [
              77.1604144,
              10.748966475953923
            ],
            [
              77.16321877222991,
              10.749514499477959
            ],
            [
              77.16559620420952,
              10.75107513843638
            ],
            [
              77.1671847534714,
              10.753410799694995
            ],
            [
              77.16774257779066,
              10.7561659
            ]
          ]
        ]
      },
      "properties": {
        "id": 47565,
        "name": "Veethampatti",
        "ward_code": "OSM-6565",
        "city": "Coimbatore",
        "district": "Coimbatore",
        "state": "Tamil Nadu",
        "administrative_type": "Rural",
        "local_body": "Coimbatore Local Body",
        "locality": "Veethampatti",
        "population": 4500,
        "area_sq_km": 2.01,
        "risk_level": "LOW",
        "coordinates": [
          10.7561659,
          77.1604144
        ],
        "data_source_type": "OpenStreetMap / Overpass API",
        "data_status": "Verified Public Data"
      }
    },
    {
      "type": "Feature",
      "id": 47566,
      "geometry": {
        "type": "Polygon",
        "coordinates": [
          [
            [
              77.09784539955781,
              10.7899315
            ],
            [
              77.09728751268524,
              10.792686600305004
            ],
            [
              77.09569878528664,
              10.795022261563618
            ],
            [
              77.09332108670658,
              10.79658290052204
            ],
            [
              77.0905164,
              10.797130924046076
            ],
            [
              77.08771171329342,
              10.79658290052204
            ],
            [
              77.08533401471335,
              10.795022261563618
            ],
            [
              77.08374528731476,
              10.792686600305004
            ],
            [
              77.08318740044218,
              10.7899315
            ],
            [
              77.08374528731476,
              10.787176399694996
            ],
            [
              77.08533401471335,
              10.784840738436381
            ],
            [
              77.08771171329342,
              10.78328009947796
            ],
            [
              77.0905164,
              10.782732075953923
            ],
            [
              77.09332108670658,
              10.78328009947796
            ],
            [
              77.09569878528664,
              10.784840738436381
            ],
            [
              77.09728751268524,
              10.787176399694996
            ],
            [
              77.09784539955781,
              10.7899315
            ]
          ]
        ]
      },
      "properties": {
        "id": 47566,
        "name": "Cherippalayam",
        "ward_code": "OSM-6566",
        "city": "Coimbatore",
        "district": "Coimbatore",
        "state": "Tamil Nadu",
        "administrative_type": "Rural",
        "local_body": "Coimbatore Local Body",
        "locality": "Cherippalayam",
        "population": 4500,
        "area_sq_km": 2.01,
        "risk_level": "MEDIUM",
        "coordinates": [
          10.7899315,
          77.0905164
        ],
        "data_source_type": "OpenStreetMap / Overpass API",
        "data_status": "Verified Public Data"
      }
    },
    {
      "type": "Feature",
      "id": 35176,
      "geometry": {
        "type": "Polygon",
        "coordinates": [
          [
            [
              77.13183602382676,
              11.1456826
            ],
            [
              77.13127746524673,
              11.148437700305005
            ],
            [
              77.12968682498706,
              11.150773361563619
            ],
            [
              77.12730626360812,
              11.15233400052204
            ],
            [
              77.1244982,
              11.152882024046077
            ],
            [
              77.12169013639189,
              11.15233400052204
            ],
            [
              77.11930957501295,
              11.150773361563619
            ],
            [
              77.11771893475328,
              11.148437700305005
            ],
            [
              77.11716037617325,
              11.1456826
            ],
            [
              77.11771893475328,
              11.142927499694997
            ],
            [
              77.11930957501295,
              11.140591838436382
            ],
            [
              77.12169013639189,
              11.13903119947796
            ],
            [
              77.1244982,
              11.138483175953924
            ],
            [
              77.12730626360812,
              11.13903119947796
            ],
            [
              77.12968682498706,
              11.140591838436382
            ],
            [
              77.13127746524673,
              11.142927499694997
            ],
            [
              77.13183602382676,
              11.1456826
            ]
          ]
        ]
      },
      "properties": {
        "id": 35176,
        "name": "Karichipalayam",
        "ward_code": "OSM-4176",
        "city": "Coimbatore",
        "district": "Coimbatore",
        "state": "Tamil Nadu",
        "administrative_type": "Rural",
        "local_body": "Coimbatore Local Body",
        "locality": "Karichipalayam",
        "population": 4500,
        "area_sq_km": 2.01,
        "risk_level": "LOW",
        "coordinates": [
          11.1456826,
          77.1244982
        ],
        "data_source_type": "OpenStreetMap / Overpass API",
        "data_status": "Verified Public Data"
      }
    },
    {
      "type": "Feature",
      "id": 35309,
      "geometry": {
        "type": "Polygon",
        "coordinates": [
          [
            [
              77.09085583300593,
              11.1023618
            ],
            [
              77.09029735745968,
              11.105116900305005
            ],
            [
              77.08870695366025,
              11.107452561563619
            ],
            [
              77.08632674616906,
              11.10901320052204
            ],
            [
              77.0835191,
              11.109561224046077
            ],
            [
              77.08071145383094,
              11.10901320052204
            ],
            [
              77.07833124633976,
              11.107452561563619
            ],
            [
              77.07674084254033,
              11.105116900305005
            ],
            [
              77.07618236699408,
              11.1023618
            ],
            [
              77.07674084254033,
              11.099606699694997
            ],
            [
              77.07833124633976,
              11.097271038436382
            ],
            [
              77.08071145383094,
              11.09571039947796
            ],
            [
              77.0835191,
              11.095162375953924
            ],
            [
              77.08632674616906,
              11.09571039947796
            ],
            [
              77.08870695366025,
              11.097271038436382
            ],
            [
              77.09029735745968,
              11.099606699694997
            ],
            [
              77.09085583300593,
              11.1023618
            ]
          ]
        ]
      },
      "properties": {
        "id": 35309,
        "name": "Serayampalayam",
        "ward_code": "OSM-4309",
        "city": "Coimbatore",
        "district": "Coimbatore",
        "state": "Tamil Nadu",
        "administrative_type": "Rural",
        "local_body": "Coimbatore Local Body",
        "locality": "Serayampalayam",
        "population": 4500,
        "area_sq_km": 2.01,
        "risk_level": "MEDIUM",
        "coordinates": [
          11.1023618,
          77.0835191
        ],
        "data_source_type": "OpenStreetMap / Overpass API",
        "data_status": "Verified Public Data"
      }
    },
    {
      "type": "Feature",
      "id": 35384,
      "geometry": {
        "type": "Polygon",
        "coordinates": [
          [
            [
              77.09477086805423,
              11.115687
            ],
            [
              77.09421236700393,
              11.118442100305003
            ],
            [
              77.09262189057517,
              11.120777761563618
            ],
            [
              77.09024157438648,
              11.12233840052204
            ],
            [
              77.0874338,
              11.122886424046076
            ],
            [
              77.08462602561352,
              11.12233840052204
            ],
            [
              77.08224570942483,
              11.120777761563618
            ],
            [
              77.08065523299607,
              11.118442100305003
            ],
            [
              77.08009673194577,
              11.115687
            ],
            [
              77.08065523299607,
              11.112931899694996
            ],
            [
              77.08224570942483,
              11.110596238436381
            ],
            [
              77.08462602561352,
              11.10903559947796
            ],
            [
              77.0874338,
              11.108487575953923
            ],
            [
              77.09024157438648,
              11.10903559947796
            ],
            [
              77.09262189057517,
              11.110596238436381
            ],
            [
              77.09421236700393,
              11.112931899694996
            ],
            [
              77.09477086805423,
              11.115687
            ]
          ]
        ]
      },
      "properties": {
        "id": 35384,
        "name": "Poorandampalayam",
        "ward_code": "OSM-4384",
        "city": "Coimbatore",
        "district": "Coimbatore",
        "state": "Tamil Nadu",
        "administrative_type": "Rural",
        "local_body": "Coimbatore Local Body",
        "locality": "Poorandampalayam",
        "population": 4500,
        "area_sq_km": 2.01,
        "risk_level": "MEDIUM",
        "coordinates": [
          11.115687,
          77.0874338
        ],
        "data_source_type": "OpenStreetMap / Overpass API",
        "data_status": "Verified Public Data"
      }
    },
    {
      "type": "Feature",
      "id": 35481,
      "geometry": {
        "type": "Polygon",
        "coordinates": [
          [
            [
              77.0863391649822,
              11.1155649
            ],
            [
              77.08578066416577,
              11.118320000305005
            ],
            [
              77.08419018840291,
              11.12065566156362
            ],
            [
              77.08180987321087,
              11.122216300522041
            ],
            [
              77.0790021,
              11.122764324046077
            ],
            [
              77.07619432678912,
              11.122216300522041
            ],
            [
              77.07381401159708,
              11.12065566156362
            ],
            [
              77.07222353583423,
              11.118320000305005
            ],
            [
              77.07166503501779,
              11.1155649
            ],
            [
              77.07222353583423,
              11.112809799694997
            ],
            [
              77.07381401159708,
              11.110474138436382
            ],
            [
              77.07619432678912,
              11.10891349947796
            ],
            [
              77.0790021,
              11.108365475953924
            ],
            [
              77.08180987321087,
              11.10891349947796
            ],
            [
              77.08419018840291,
              11.110474138436382
            ],
            [
              77.08578066416577,
              11.112809799694997
            ],
            [
              77.0863391649822,
              11.1155649
            ]
          ]
        ]
      },
      "properties": {
        "id": 35481,
        "name": "Molapalayam",
        "ward_code": "OSM-4481",
        "city": "Coimbatore",
        "district": "Coimbatore",
        "state": "Tamil Nadu",
        "administrative_type": "Rural",
        "local_body": "Coimbatore Local Body",
        "locality": "Molapalayam",
        "population": 4500,
        "area_sq_km": 2.01,
        "risk_level": "HIGH",
        "coordinates": [
          11.1155649,
          77.0790021
        ],
        "data_source_type": "OpenStreetMap / Overpass API",
        "data_status": "Verified Public Data"
      }
    },
    {
      "type": "Feature",
      "id": 38326,
      "geometry": {
        "type": "Polygon",
        "coordinates": [
          [
            [
              77.11369469705205,
              11.1327239
            ],
            [
              77.11313616334625,
              11.135479000305004
            ],
            [
              77.11154559392244,
              11.137814661563619
            ],
            [
              77.10916513855685,
              11.13937530052204
            ],
            [
              77.1063572,
              11.139923324046077
            ],
            [
              77.10354926144316,
              11.13937530052204
            ],
            [
              77.10116880607757,
              11.137814661563619
            ],
            [
              77.09957823665376,
              11.135479000305004
            ],
            [
              77.09901970294796,
              11.1327239
            ],
            [
              77.09957823665376,
              11.129968799694996
            ],
            [
              77.10116880607757,
              11.127633138436382
            ],
            [
              77.10354926144316,
              11.12607249947796
            ],
            [
              77.1063572,
              11.125524475953924
            ],
            [
              77.10916513855685,
              11.12607249947796
            ],
            [
              77.11154559392244,
              11.127633138436382
            ],
            [
              77.11313616334625,
              11.129968799694996
            ],
            [
              77.11369469705205,
              11.1327239
            ]
          ]
        ]
      },
      "properties": {
        "id": 38326,
        "name": "Vadugapalayam",
        "ward_code": "OSM-7326",
        "city": "Coimbatore",
        "district": "Coimbatore",
        "state": "Tamil Nadu",
        "administrative_type": "Rural",
        "local_body": "Coimbatore Local Body",
        "locality": "Vadugapalayam",
        "population": 4500,
        "area_sq_km": 2.01,
        "risk_level": "LOW",
        "coordinates": [
          11.1327239,
          77.1063572
        ],
        "data_source_type": "OpenStreetMap / Overpass API",
        "data_status": "Verified Public Data"
      }
    },
    {
      "type": "Feature",
      "id": 38327,
      "geometry": {
        "type": "Polygon",
        "coordinates": [
          [
            [
              77.1082589796767,
              11.1280653
            ],
            [
              77.10770045490557,
              11.130820400305003
            ],
            [
              77.10610991092554,
              11.133156061563618
            ],
            [
              77.10372949363925,
              11.13471670052204
            ],
            [
              77.1009216,
              11.135264724046076
            ],
            [
              77.09811370636076,
              11.13471670052204
            ],
            [
              77.09573328907447,
              11.133156061563618
            ],
            [
              77.09414274509444,
              11.130820400305003
            ],
            [
              77.09358422032331,
              11.1280653
            ],
            [
              77.09414274509444,
              11.125310199694995
            ],
            [
              77.09573328907447,
              11.122974538436381
            ],
            [
              77.09811370636076,
              11.12141389947796
            ],
            [
              77.1009216,
              11.120865875953923
            ],
            [
              77.10372949363925,
              11.12141389947796
            ],
            [
              77.10610991092554,
              11.122974538436381
            ],
            [
              77.10770045490557,
              11.125310199694995
            ],
            [
              77.1082589796767,
              11.1280653
            ]
          ]
        ]
      },
      "properties": {
        "id": 38327,
        "name": "Theethampalayam",
        "ward_code": "OSM-7327",
        "city": "Coimbatore",
        "district": "Coimbatore",
        "state": "Tamil Nadu",
        "administrative_type": "Rural",
        "local_body": "Coimbatore Local Body",
        "locality": "Theethampalayam",
        "population": 4500,
        "area_sq_km": 2.01,
        "risk_level": "MEDIUM",
        "coordinates": [
          11.1280653,
          77.1009216
        ],
        "data_source_type": "OpenStreetMap / Overpass API",
        "data_status": "Verified Public Data"
      }
    },
    {
      "type": "Feature",
      "id": 38394,
      "geometry": {
        "type": "Polygon",
        "coordinates": [
          [
            [
              77.09996931368012,
              11.125445
            ],
            [
              77.09941079393268,
              11.128200100305003
            ],
            [
              77.0978202642589,
              11.130535761563618
            ],
            [
              77.09543986838344,
              11.13209640052204
            ],
            [
              77.092632,
              11.132644424046076
            ],
            [
              77.08982413161655,
              11.13209640052204
            ],
            [
              77.08744373574109,
              11.130535761563618
            ],
            [
              77.08585320606731,
              11.128200100305003
            ],
            [
              77.08529468631987,
              11.125445
            ],
            [
              77.08585320606731,
              11.122689899694995
            ],
            [
              77.08744373574109,
              11.12035423843638
            ],
            [
              77.08982413161655,
              11.118793599477959
            ],
            [
              77.092632,
              11.118245575953923
            ],
            [
              77.09543986838344,
              11.118793599477959
            ],
            [
              77.0978202642589,
              11.12035423843638
            ],
            [
              77.09941079393268,
              11.122689899694995
            ],
            [
              77.09996931368012,
              11.125445
            ]
          ]
        ]
      },
      "properties": {
        "id": 38394,
        "name": "Pachapalayam",
        "ward_code": "OSM-7394",
        "city": "Coimbatore",
        "district": "Coimbatore",
        "state": "Tamil Nadu",
        "administrative_type": "Rural",
        "local_body": "Coimbatore Local Body",
        "locality": "Pachapalayam",
        "population": 4500,
        "area_sq_km": 2.01,
        "risk_level": "HIGH",
        "coordinates": [
          11.125445,
          77.092632
        ],
        "data_source_type": "OpenStreetMap / Overpass API",
        "data_status": "Verified Public Data"
      }
    },
    {
      "type": "Feature",
      "id": 33006,
      "geometry": {
        "type": "Polygon",
        "coordinates": [
          [
            [
              77.08796359208783,
              10.9524108
            ],
            [
              77.08740540130201,
              10.955165900305003
            ],
            [
              77.08581580843169,
              10.957501561563618
            ],
            [
              77.08343681458167,
              10.95906220052204
            ],
            [
              77.0806306,
              10.959610224046076
            ],
            [
              77.07782438541834,
              10.95906220052204
            ],
            [
              77.07544539156832,
              10.957501561563618
            ],
            [
              77.073855798698,
              10.955165900305003
            ],
            [
              77.07329760791218,
              10.9524108
            ],
            [
              77.073855798698,
              10.949655699694995
            ],
            [
              77.07544539156832,
              10.94732003843638
            ],
            [
              77.07782438541834,
              10.945759399477959
            ],
            [
              77.0806306,
              10.945211375953923
            ],
            [
              77.08343681458167,
              10.945759399477959
            ],
            [
              77.08581580843169,
              10.94732003843638
            ],
            [
              77.08740540130201,
              10.949655699694995
            ],
            [
              77.08796359208783,
              10.9524108
            ]
          ]
        ]
      },
      "properties": {
        "id": 33006,
        "name": "Kallapalayam",
        "ward_code": "OSM-2006",
        "city": "Coimbatore",
        "district": "Coimbatore",
        "state": "Tamil Nadu",
        "administrative_type": "Rural",
        "local_body": "Coimbatore Local Body",
        "locality": "Kallapalayam",
        "population": 4500,
        "area_sq_km": 2.01,
        "risk_level": "HIGH",
        "coordinates": [
          10.9524108,
          77.0806306
        ],
        "data_source_type": "OpenStreetMap / Overpass API",
        "data_status": "Verified Public Data"
      }
    },
    {
      "type": "Feature",
      "id": 26211,
      "geometry": {
        "type": "Polygon",
        "coordinates": [
          [
            [
              76.9594779022657,
              11.0733308
            ],
            [
              76.95919869221848,
              11.074708350152504
            ],
            [
              76.95840356927549,
              11.07587618078181
            ],
            [
              76.95721358369697,
              11.07665650026102
            ],
            [
              76.9558099,
              11.076930512023038
            ],
            [
              76.95440621630304,
              11.07665650026102
            ],
            [
              76.95321623072452,
              11.07587618078181
            ],
            [
              76.95242110778153,
              11.074708350152504
            ],
            [
              76.95214189773431,
              11.0733308
            ],
            [
              76.95242110778153,
              11.071953249847498
            ],
            [
              76.95321623072452,
              11.070785419218192
            ],
            [
              76.95440621630304,
              11.070005099738982
            ],
            [
              76.9558099,
              11.069731087976963
            ],
            [
              76.95721358369697,
              11.070005099738982
            ],
            [
              76.95840356927549,
              11.070785419218192
            ],
            [
              76.95919869221848,
              11.071953249847498
            ],
            [
              76.9594779022657,
              11.0733308
            ]
          ]
        ]
      },
      "properties": {
        "id": 26211,
        "name": "Vellakinar",
        "ward_code": "OSM-5211",
        "city": "Coimbatore",
        "district": "Coimbatore",
        "state": "Tamil Nadu",
        "administrative_type": "Urban",
        "local_body": "Coimbatore Local Body",
        "locality": "Vellakinar",
        "population": 4500,
        "area_sq_km": 0.5,
        "risk_level": "HIGH",
        "coordinates": [
          11.0733308,
          76.9558099
        ],
        "data_source_type": "OpenStreetMap / Overpass API",
        "data_status": "Verified Public Data"
      }
    },
    {
      "type": "Feature",
      "id": 37723,
      "geometry": {
        "type": "Polygon",
        "coordinates": [
          [
            [
              77.10653366828939,
              11.0758749
            ],
            [
              77.10597524334166,
              11.078630000305004
            ],
            [
              77.10438498363467,
              11.080965661563619
            ],
            [
              77.10200499179304,
              11.08252630052204
            ],
            [
              77.0991976,
              11.083074324046077
            ],
            [
              77.09639020820696,
              11.08252630052204
            ],
            [
              77.09401021636532,
              11.080965661563619
            ],
            [
              77.09241995665833,
              11.078630000305004
            ],
            [
              77.0918615317106,
              11.0758749
            ],
            [
              77.09241995665833,
              11.073119799694997
            ],
            [
              77.09401021636532,
              11.070784138436382
            ],
            [
              77.09639020820696,
              11.06922349947796
            ],
            [
              77.0991976,
              11.068675475953924
            ],
            [
              77.10200499179304,
              11.06922349947796
            ],
            [
              77.10438498363467,
              11.070784138436382
            ],
            [
              77.10597524334166,
              11.073119799694997
            ],
            [
              77.10653366828939,
              11.0758749
            ]
          ]
        ]
      },
      "properties": {
        "id": 37723,
        "name": "Muthalipalayam",
        "ward_code": "OSM-6723",
        "city": "Coimbatore",
        "district": "Coimbatore",
        "state": "Tamil Nadu",
        "administrative_type": "Rural",
        "local_body": "Coimbatore Local Body",
        "locality": "Muthalipalayam",
        "population": 4500,
        "area_sq_km": 2.01,
        "risk_level": "HIGH",
        "coordinates": [
          11.0758749,
          77.0991976
        ],
        "data_source_type": "OpenStreetMap / Overpass API",
        "data_status": "Verified Public Data"
      }
    },
    {
      "type": "Feature",
      "id": 5486,
      "geometry": {
        "type": "Polygon",
        "coordinates": [
          [
            [
              77.06892557931818,
              11.0555211
            ],
            [
              77.06864638624184,
              11.056898650152503
            ],
            [
              77.06785131162778,
              11.05806648078181
            ],
            [
              77.06666139837864,
              11.05884680026102
            ],
            [
              77.0652578,
              11.059120812023037
            ],
            [
              77.06385420162135,
              11.05884680026102
            ],
            [
              77.06266428837222,
              11.05806648078181
            ],
            [
              77.06186921375816,
              11.056898650152503
            ],
            [
              77.06159002068182,
              11.0555211
            ],
            [
              77.06186921375816,
              11.054143549847497
            ],
            [
              77.06266428837222,
              11.05297571921819
            ],
            [
              77.06385420162135,
              11.05219539973898
            ],
            [
              77.0652578,
              11.051921387976963
            ],
            [
              77.06666139837864,
              11.05219539973898
            ],
            [
              77.06785131162778,
              11.05297571921819
            ],
            [
              77.06864638624184,
              11.054143549847497
            ],
            [
              77.06892557931818,
              11.0555211
            ]
          ]
        ]
      },
      "properties": {
        "id": 5486,
        "name": "Chinniampalayam",
        "ward_code": "OSM-4486",
        "city": "Coimbatore",
        "district": "Coimbatore",
        "state": "Tamil Nadu",
        "administrative_type": "Urban",
        "local_body": "Coimbatore Local Body",
        "locality": "Chinniampalayam",
        "population": 4500,
        "area_sq_km": 0.5,
        "risk_level": "HIGH",
        "coordinates": [
          11.0555211,
          77.0652578
        ],
        "data_source_type": "OpenStreetMap / Overpass API",
        "data_status": "Verified Public Data"
      }
    },
    {
      "type": "Feature",
      "id": 32873,
      "geometry": {
        "type": "Polygon",
        "coordinates": [
          [
            [
              76.92295121739747,
              10.8723711
            ],
            [
              76.92239317692601,
              10.875126200305004
            ],
            [
              76.92080401211476,
              10.877461861563619
            ],
            [
              76.9184256589004,
              10.87902250052204
            ],
            [
              76.9156202,
              10.879570524046077
            ],
            [
              76.91281474109961,
              10.87902250052204
            ],
            [
              76.91043638788526,
              10.877461861563619
            ],
            [
              76.908847223074,
              10.875126200305004
            ],
            [
              76.90828918260254,
              10.8723711
            ],
            [
              76.908847223074,
              10.869615999694997
            ],
            [
              76.91043638788526,
              10.867280338436382
            ],
            [
              76.91281474109961,
              10.86571969947796
            ],
            [
              76.9156202,
              10.865171675953924
            ],
            [
              76.9184256589004,
              10.86571969947796
            ],
            [
              76.92080401211476,
              10.867280338436382
            ],
            [
              76.92239317692601,
              10.869615999694997
            ],
            [
              76.92295121739747,
              10.8723711
            ]
          ]
        ]
      },
      "properties": {
        "id": 32873,
        "name": "Kaliyapuram",
        "ward_code": "OSM-1873",
        "city": "Coimbatore",
        "district": "Coimbatore",
        "state": "Tamil Nadu",
        "administrative_type": "Rural",
        "local_body": "Coimbatore Local Body",
        "locality": "Kaliyapuram",
        "population": 4500,
        "area_sq_km": 2.01,
        "risk_level": "LOW",
        "coordinates": [
          10.8723711,
          76.9156202
        ],
        "data_source_type": "OpenStreetMap / Overpass API",
        "data_status": "Verified Public Data"
      }
    },
    {
      "type": "Feature",
      "id": 32922,
      "geometry": {
        "type": "Polygon",
        "coordinates": [
          [
            [
              76.91623953030091,
              10.8647551
            ],
            [
              76.91568150407133,
              10.867510200305004
            ],
            [
              76.9140923798175,
              10.869845861563618
            ],
            [
              76.91171408730163,
              10.87140650052204
            ],
            [
              76.9089087,
              10.871954524046076
            ],
            [
              76.90610331269836,
              10.87140650052204
            ],
            [
              76.90372502018249,
              10.869845861563618
            ],
            [
              76.90213589592867,
              10.867510200305004
            ],
            [
              76.90157786969908,
              10.8647551
            ],
            [
              76.90213589592867,
              10.861999999694996
            ],
            [
              76.90372502018249,
              10.859664338436382
            ],
            [
              76.90610331269836,
              10.85810369947796
            ],
            [
              76.9089087,
              10.857555675953924
            ],
            [
              76.91171408730163,
              10.85810369947796
            ],
            [
              76.9140923798175,
              10.859664338436382
            ],
            [
              76.91568150407133,
              10.861999999694996
            ],
            [
              76.91623953030091,
              10.8647551
            ]
          ]
        ]
      },
      "properties": {
        "id": 32922,
        "name": "Rottigoundanur",
        "ward_code": "OSM-1922",
        "city": "Coimbatore",
        "district": "Coimbatore",
        "state": "Tamil Nadu",
        "administrative_type": "Rural",
        "local_body": "Coimbatore Local Body",
        "locality": "Rottigoundanur",
        "population": 4500,
        "area_sq_km": 2.01,
        "risk_level": "MEDIUM",
        "coordinates": [
          10.8647551,
          76.9089087
        ],
        "data_source_type": "OpenStreetMap / Overpass API",
        "data_status": "Verified Public Data"
      }
    },
    {
      "type": "Feature",
      "id": 8746,
      "geometry": {
        "type": "Polygon",
        "coordinates": [
          [
            [
              76.88315273885922,
              10.8651036
            ],
            [
              76.88259471197817,
              10.867858700305003
            ],
            [
              76.88100558586915,
              10.870194361563618
            ],
            [
              76.87862729057676,
              10.87175500052204
            ],
            [
              76.8758219,
              10.872303024046076
            ],
            [
              76.87301650942325,
              10.87175500052204
            ],
            [
              76.87063821413086,
              10.870194361563618
            ],
            [
              76.86904908802184,
              10.867858700305003
            ],
            [
              76.86849106114079,
              10.8651036
            ],
            [
              76.86904908802184,
              10.862348499694995
            ],
            [
              76.87063821413086,
              10.860012838436381
            ],
            [
              76.87301650942325,
              10.85845219947796
            ],
            [
              76.8758219,
              10.857904175953923
            ],
            [
              76.87862729057676,
              10.85845219947796
            ],
            [
              76.88100558586915,
              10.860012838436381
            ],
            [
              76.88259471197817,
              10.862348499694995
            ],
            [
              76.88315273885922,
              10.8651036
            ]
          ]
        ]
      },
      "properties": {
        "id": 8746,
        "name": "Navakkarai",
        "ward_code": "OSM-7746",
        "city": "Coimbatore",
        "district": "Coimbatore",
        "state": "Tamil Nadu",
        "administrative_type": "Rural",
        "local_body": "Coimbatore Local Body",
        "locality": "Navakkarai",
        "population": 4500,
        "area_sq_km": 2.01,
        "risk_level": "MEDIUM",
        "coordinates": [
          10.8651036,
          76.8758219
        ],
        "data_source_type": "OpenStreetMap / Overpass API",
        "data_status": "Verified Public Data"
      }
    },
    {
      "type": "Feature",
      "id": 8747,
      "geometry": {
        "type": "Polygon",
        "coordinates": [
          [
            [
              76.836593791894,
              10.875402
            ],
            [
              76.83603574575183,
              10.878157100305003
            ],
            [
              76.83444656479175,
              10.880492761563618
            ],
            [
              76.83206818740898,
              10.88205340052204
            ],
            [
              76.8292627,
              10.882601424046076
            ],
            [
              76.82645721259102,
              10.88205340052204
            ],
            [
              76.82407883520825,
              10.880492761563618
            ],
            [
              76.82248965424817,
              10.878157100305003
            ],
            [
              76.821931608106,
              10.875402
            ],
            [
              76.82248965424817,
              10.872646899694995
            ],
            [
              76.82407883520825,
              10.870311238436381
            ],
            [
              76.82645721259102,
              10.86875059947796
            ],
            [
              76.8292627,
              10.868202575953923
            ],
            [
              76.83206818740898,
              10.86875059947796
            ],
            [
              76.83444656479175,
              10.870311238436381
            ],
            [
              76.83603574575183,
              10.872646899694995
            ],
            [
              76.836593791894,
              10.875402
            ]
          ]
        ]
      },
      "properties": {
        "id": 8747,
        "name": "Pudhupathy",
        "ward_code": "OSM-7747",
        "city": "Coimbatore",
        "district": "Coimbatore",
        "state": "Tamil Nadu",
        "administrative_type": "Rural",
        "local_body": "Coimbatore Local Body",
        "locality": "Pudhupathy",
        "population": 4500,
        "area_sq_km": 2.01,
        "risk_level": "HIGH",
        "coordinates": [
          10.875402,
          76.8292627
        ],
        "data_source_type": "OpenStreetMap / Overpass API",
        "data_status": "Verified Public Data"
      }
    },
    {
      "type": "Feature",
      "id": 25616,
      "geometry": {
        "type": "Polygon",
        "coordinates": [
          [
            [
              76.91852801657679,
              10.8404095
            ],
            [
              76.91824902618957,
              10.841787050152503
            ],
            [
              76.91745452878529,
              10.842954880781809
            ],
            [
              76.91626547939163,
              10.843735200261019
            ],
            [
              76.9148629,
              10.844009212023037
            ],
            [
              76.91346032060838,
              10.843735200261019
            ],
            [
              76.91227127121472,
              10.842954880781809
            ],
            [
              76.91147677381043,
              10.841787050152503
            ],
            [
              76.91119778342322,
              10.8404095
            ],
            [
              76.91147677381043,
              10.839031949847497
            ],
            [
              76.91227127121472,
              10.83786411921819
            ],
            [
              76.91346032060838,
              10.83708379973898
            ],
            [
              76.9148629,
              10.836809787976962
            ],
            [
              76.91626547939163,
              10.83708379973898
            ],
            [
              76.91745452878529,
              10.83786411921819
            ],
            [
              76.91824902618957,
              10.839031949847497
            ],
            [
              76.91852801657679,
              10.8404095
            ]
          ]
        ]
      },
      "properties": {
        "id": 25616,
        "name": "Karumbukadai",
        "ward_code": "OSM-4616",
        "city": "Coimbatore",
        "district": "Coimbatore",
        "state": "Tamil Nadu",
        "administrative_type": "Urban",
        "local_body": "Coimbatore Local Body",
        "locality": "Karumbukadai",
        "population": 4500,
        "area_sq_km": 0.5,
        "risk_level": "LOW",
        "coordinates": [
          10.8404095,
          76.9148629
        ],
        "data_source_type": "OpenStreetMap / Overpass API",
        "data_status": "Verified Public Data"
      }
    },
    {
      "type": "Feature",
      "id": 25617,
      "geometry": {
        "type": "Polygon",
        "coordinates": [
          [
            [
              76.87664001115611,
              10.8313439
            ],
            [
              76.8760820472802,
              10.834099000305004
            ],
            [
              76.87449310059466,
              10.836434661563619
            ],
            [
              76.8721150738285,
              10.83799530052204
            ],
            [
              76.86931,
              10.838543324046077
            ],
            [
              76.8665049261715,
              10.83799530052204
            ],
            [
              76.86412689940533,
              10.836434661563619
            ],
            [
              76.86253795271979,
              10.834099000305004
            ],
            [
              76.86197998884388,
              10.8313439
            ],
            [
              76.86253795271979,
              10.828588799694996
            ],
            [
              76.86412689940533,
              10.826253138436382
            ],
            [
              76.8665049261715,
              10.82469249947796
            ],
            [
              76.86931,
              10.824144475953924
            ],
            [
              76.8721150738285,
              10.82469249947796
            ],
            [
              76.87449310059466,
              10.826253138436382
            ],
            [
              76.8760820472802,
              10.828588799694996
            ],
            [
              76.87664001115611,
              10.8313439
            ]
          ]
        ]
      },
      "properties": {
        "id": 25617,
        "name": "Rangasamudram",
        "ward_code": "OSM-4617",
        "city": "Coimbatore",
        "district": "Coimbatore",
        "state": "Tamil Nadu",
        "administrative_type": "Rural",
        "local_body": "Coimbatore Local Body",
        "locality": "Rangasamudram",
        "population": 4500,
        "area_sq_km": 2.01,
        "risk_level": "MEDIUM",
        "coordinates": [
          10.8313439,
          76.86931
        ],
        "data_source_type": "OpenStreetMap / Overpass API",
        "data_status": "Verified Public Data"
      }
    },
    {
      "type": "Feature",
      "id": 25619,
      "geometry": {
        "type": "Polygon",
        "coordinates": [
          [
            [
              76.91582095821275,
              10.8332662
            ],
            [
              76.91526299075487,
              10.836021300305005
            ],
            [
              76.91367403386873,
              10.838356961563619
            ],
            [
              76.9112959918363,
              10.83991760052204
            ],
            [
              76.9084909,
              10.840465624046077
            ],
            [
              76.90568580816371,
              10.83991760052204
            ],
            [
              76.90330776613128,
              10.838356961563619
            ],
            [
              76.90171880924514,
              10.836021300305005
            ],
            [
              76.90116084178726,
              10.8332662
            ],
            [
              76.90171880924514,
              10.830511099694997
            ],
            [
              76.90330776613128,
              10.828175438436382
            ],
            [
              76.90568580816371,
              10.82661479947796
            ],
            [
              76.9084909,
              10.826066775953924
            ],
            [
              76.9112959918363,
              10.82661479947796
            ],
            [
              76.91367403386873,
              10.828175438436382
            ],
            [
              76.91526299075487,
              10.830511099694997
            ],
            [
              76.91582095821275,
              10.8332662
            ]
          ]
        ]
      },
      "properties": {
        "id": 25619,
        "name": "Kuttygoundenpathy",
        "ward_code": "OSM-4619",
        "city": "Coimbatore",
        "district": "Coimbatore",
        "state": "Tamil Nadu",
        "administrative_type": "Rural",
        "local_body": "Coimbatore Local Body",
        "locality": "Kuttygoundenpathy",
        "population": 4500,
        "area_sq_km": 2.01,
        "risk_level": "LOW",
        "coordinates": [
          10.8332662,
          76.9084909
        ],
        "data_source_type": "OpenStreetMap / Overpass API",
        "data_status": "Verified Public Data"
      }
    },
    {
      "type": "Feature",
      "id": 25620,
      "geometry": {
        "type": "Polygon",
        "coordinates": [
          [
            [
              76.93700879224313,
              10.8794833
            ],
            [
              76.93645073846234,
              10.882238400305004
            ],
            [
              76.9348615357493,
              10.884574061563619
            ],
            [
              76.93248312581093,
              10.88613470052204
            ],
            [
              76.9296776,
              10.886682724046077
            ],
            [
              76.92687207418908,
              10.88613470052204
            ],
            [
              76.9244936642507,
              10.884574061563619
            ],
            [
              76.92290446153767,
              10.882238400305004
            ],
            [
              76.92234640775688,
              10.8794833
            ],
            [
              76.92290446153767,
              10.876728199694996
            ],
            [
              76.9244936642507,
              10.874392538436382
            ],
            [
              76.92687207418908,
              10.87283189947796
            ],
            [
              76.9296776,
              10.872283875953924
            ],
            [
              76.93248312581093,
              10.87283189947796
            ],
            [
              76.9348615357493,
              10.874392538436382
            ],
            [
              76.93645073846234,
              10.876728199694996
            ],
            [
              76.93700879224313,
              10.8794833
            ]
          ]
        ]
      },
      "properties": {
        "id": 25620,
        "name": "Thirumalayampalayam",
        "ward_code": "OSM-4620",
        "city": "Coimbatore",
        "district": "Coimbatore",
        "state": "Tamil Nadu",
        "administrative_type": "Rural",
        "local_body": "Coimbatore Local Body",
        "locality": "Thirumalayampalayam",
        "population": 4500,
        "area_sq_km": 2.01,
        "risk_level": "MEDIUM",
        "coordinates": [
          10.8794833,
          76.9296776
        ],
        "data_source_type": "OpenStreetMap / Overpass API",
        "data_status": "Verified Public Data"
      }
    },
    {
      "type": "Feature",
      "id": 25621,
      "geometry": {
        "type": "Polygon",
        "coordinates": [
          [
            [
              76.97678225451784,
              10.8657412
            ],
            [
              76.97622422644486,
              10.868496300305004
            ],
            [
              76.97463509694147,
              10.870831961563619
            ],
            [
              76.97225679656906,
              10.87239260052204
            ],
            [
              76.9694514,
              10.872940624046077
            ],
            [
              76.96664600343094,
              10.87239260052204
            ],
            [
              76.96426770305852,
              10.870831961563619
            ],
            [
              76.96267857355514,
              10.868496300305004
            ],
            [
              76.96212054548215,
              10.8657412
            ],
            [
              76.96267857355514,
              10.862986099694997
            ],
            [
              76.96426770305852,
              10.860650438436382
            ],
            [
              76.96664600343094,
              10.85908979947796
            ],
            [
              76.9694514,
              10.858541775953924
            ],
            [
              76.97225679656906,
              10.85908979947796
            ],
            [
              76.97463509694147,
              10.860650438436382
            ],
            [
              76.97622422644486,
              10.862986099694997
            ],
            [
              76.97678225451784,
              10.8657412
            ]
          ]
        ]
      },
      "properties": {
        "id": 25621,
        "name": "Arisipalayam",
        "ward_code": "OSM-4621",
        "city": "Coimbatore",
        "district": "Coimbatore",
        "state": "Tamil Nadu",
        "administrative_type": "Rural",
        "local_body": "Coimbatore Local Body",
        "locality": "Arisipalayam",
        "population": 4500,
        "area_sq_km": 2.01,
        "risk_level": "HIGH",
        "coordinates": [
          10.8657412,
          76.9694514
        ],
        "data_source_type": "OpenStreetMap / Overpass API",
        "data_status": "Verified Public Data"
      }
    },
    {
      "type": "Feature",
      "id": 25634,
      "geometry": {
        "type": "Polygon",
        "coordinates": [
          [
            [
              76.82242767908326,
              10.9962059
            ],
            [
              76.82186940555485,
              10.998961000305004
            ],
            [
              76.82027957705354,
              11.001296661563618
            ],
            [
              76.81790023055682,
              11.00285730052204
            ],
            [
              76.8150936,
              11.003405324046076
            ],
            [
              76.81228696944318,
              11.00285730052204
            ],
            [
              76.80990762294645,
              11.001296661563618
            ],
            [
              76.80831779444514,
              10.998961000305004
            ],
            [
              76.80775952091673,
              10.9962059
            ],
            [
              76.80831779444514,
              10.993450799694996
            ],
            [
              76.80990762294645,
              10.991115138436381
            ],
            [
              76.81228696944318,
              10.98955449947796
            ],
            [
              76.8150936,
              10.989006475953923
            ],
            [
              76.81790023055682,
              10.98955449947796
            ],
            [
              76.82027957705354,
              10.991115138436381
            ],
            [
              76.82186940555485,
              10.993450799694996
            ],
            [
              76.82242767908326,
              10.9962059
            ]
          ]
        ]
      },
      "properties": {
        "id": 25634,
        "name": "Devarayapuram",
        "ward_code": "OSM-4634",
        "city": "Coimbatore",
        "district": "Coimbatore",
        "state": "Tamil Nadu",
        "administrative_type": "Rural",
        "local_body": "Coimbatore Local Body",
        "locality": "Devarayapuram",
        "population": 4500,
        "area_sq_km": 2.01,
        "risk_level": "LOW",
        "coordinates": [
          10.9962059,
          76.8150936
        ],
        "data_source_type": "OpenStreetMap / Overpass API",
        "data_status": "Verified Public Data"
      }
    },
    {
      "type": "Feature",
      "id": 25635,
      "geometry": {
        "type": "Polygon",
        "coordinates": [
          [
            [
              76.81324187986428,
              10.9962373
            ],
            [
              76.81268360627641,
              10.998992400305005
            ],
            [
              76.81109377760579,
              11.001328061563619
            ],
            [
              76.8087144308557,
              11.00288870052204
            ],
            [
              76.8059078,
              11.003436724046077
            ],
            [
              76.8031011691443,
              11.00288870052204
            ],
            [
              76.80072182239421,
              11.001328061563619
            ],
            [
              76.79913199372359,
              10.998992400305005
            ],
            [
              76.79857372013572,
              10.9962373
            ],
            [
              76.79913199372359,
              10.993482199694997
            ],
            [
              76.80072182239421,
              10.991146538436382
            ],
            [
              76.8031011691443,
              10.98958589947796
            ],
            [
              76.8059078,
              10.989037875953924
            ],
            [
              76.8087144308557,
              10.98958589947796
            ],
            [
              76.81109377760579,
              10.991146538436382
            ],
            [
              76.81268360627641,
              10.993482199694997
            ],
            [
              76.81324187986428,
              10.9962373
            ]
          ]
        ]
      },
      "properties": {
        "id": 25635,
        "name": "Pullagoundenpudur",
        "ward_code": "OSM-4635",
        "city": "Coimbatore",
        "district": "Coimbatore",
        "state": "Tamil Nadu",
        "administrative_type": "Rural",
        "local_body": "Coimbatore Local Body",
        "locality": "Pullagoundenpudur",
        "population": 4500,
        "area_sq_km": 2.01,
        "risk_level": "MEDIUM",
        "coordinates": [
          10.9962373,
          76.8059078
        ],
        "data_source_type": "OpenStreetMap / Overpass API",
        "data_status": "Verified Public Data"
      }
    },
    {
      "type": "Feature",
      "id": 25638,
      "geometry": {
        "type": "Polygon",
        "coordinates": [
          [
            [
              76.85593405016826,
              11.0831289
            ],
            [
              76.85537561137583,
              11.085884000305004
            ],
            [
              76.85378531224245,
              11.088219661563619
            ],
            [
              76.85140526139507,
              11.08978030052204
            ],
            [
              76.8485978,
              11.090328324046077
            ],
            [
              76.84579033860491,
              11.08978030052204
            ],
            [
              76.84341028775754,
              11.088219661563619
            ],
            [
              76.84181998862415,
              11.085884000305004
            ],
            [
              76.84126154983173,
              11.0831289
            ],
            [
              76.84181998862415,
              11.080373799694996
            ],
            [
              76.84341028775754,
              11.078038138436382
            ],
            [
              76.84579033860491,
              11.07647749947796
            ],
            [
              76.8485978,
              11.075929475953924
            ],
            [
              76.85140526139507,
              11.07647749947796
            ],
            [
              76.85378531224245,
              11.078038138436382
            ],
            [
              76.85537561137583,
              11.080373799694996
            ],
            [
              76.85593405016826,
              11.0831289
            ]
          ]
        ]
      },
      "properties": {
        "id": 25638,
        "name": "Veerapandi",
        "ward_code": "OSM-4638",
        "city": "Coimbatore",
        "district": "Coimbatore",
        "state": "Tamil Nadu",
        "administrative_type": "Rural",
        "local_body": "Coimbatore Local Body",
        "locality": "Veerapandi",
        "population": 4500,
        "area_sq_km": 2.01,
        "risk_level": "MEDIUM",
        "coordinates": [
          11.0831289,
          76.8485978
        ],
        "data_source_type": "OpenStreetMap / Overpass API",
        "data_status": "Verified Public Data"
      }
    },
    {
      "type": "Feature",
      "id": 25639,
      "geometry": {
        "type": "Polygon",
        "coordinates": [
          [
            [
              76.84370247377073,
              11.0800825
            ],
            [
              76.84314404079372,
              11.082837600305004
            ],
            [
              76.84155375822124,
              11.085173261563618
            ],
            [
              76.83917373215901,
              11.08673390052204
            ],
            [
              76.8363663,
              11.087281924046076
            ],
            [
              76.83355886784098,
              11.08673390052204
            ],
            [
              76.83117884177875,
              11.085173261563618
            ],
            [
              76.82958855920627,
              11.082837600305004
            ],
            [
              76.82903012622926,
              11.0800825
            ],
            [
              76.82958855920627,
              11.077327399694996
            ],
            [
              76.83117884177875,
              11.074991738436381
            ],
            [
              76.83355886784098,
              11.07343109947796
            ],
            [
              76.8363663,
              11.072883075953923
            ],
            [
              76.83917373215901,
              11.07343109947796
            ],
            [
              76.84155375822124,
              11.074991738436381
            ],
            [
              76.84314404079372,
              11.077327399694996
            ],
            [
              76.84370247377073,
              11.0800825
            ]
          ]
        ]
      },
      "properties": {
        "id": 25639,
        "name": "Mangarai",
        "ward_code": "OSM-4639",
        "city": "Coimbatore",
        "district": "Coimbatore",
        "state": "Tamil Nadu",
        "administrative_type": "Rural",
        "local_body": "Coimbatore Local Body",
        "locality": "Mangarai",
        "population": 4500,
        "area_sq_km": 2.01,
        "risk_level": "HIGH",
        "coordinates": [
          11.0800825,
          76.8363663
        ],
        "data_source_type": "OpenStreetMap / Overpass API",
        "data_status": "Verified Public Data"
      }
    },
    {
      "type": "Feature",
      "id": 25640,
      "geometry": {
        "type": "Polygon",
        "coordinates": [
          [
            [
              76.86018338298445,
              11.0644857
            ],
            [
              76.85962497975427,
              11.067240800305004
            ],
            [
              76.85803478189362,
              11.069576461563619
            ],
            [
              76.85565488261157,
              11.07113710052204
            ],
            [
              76.8528476,
              11.071685124046077
            ],
            [
              76.85004031738843,
              11.07113710052204
            ],
            [
              76.84766041810639,
              11.069576461563619
            ],
            [
              76.84607022024574,
              11.067240800305004
            ],
            [
              76.84551181701556,
              11.0644857
            ],
            [
              76.84607022024574,
              11.061730599694997
            ],
            [
              76.84766041810639,
              11.059394938436382
            ],
            [
              76.85004031738843,
              11.05783429947796
            ],
            [
              76.8528476,
              11.057286275953924
            ],
            [
              76.85565488261157,
              11.05783429947796
            ],
            [
              76.85803478189362,
              11.059394938436382
            ],
            [
              76.85962497975427,
              11.061730599694997
            ],
            [
              76.86018338298445,
              11.0644857
            ]
          ]
        ]
      },
      "properties": {
        "id": 25640,
        "name": "Periya Thadagam",
        "ward_code": "OSM-4640",
        "city": "Coimbatore",
        "district": "Coimbatore",
        "state": "Tamil Nadu",
        "administrative_type": "Rural",
        "local_body": "Coimbatore Local Body",
        "locality": "Periya Thadagam",
        "population": 4500,
        "area_sq_km": 2.01,
        "risk_level": "LOW",
        "coordinates": [
          11.0644857,
          76.8528476
        ],
        "data_source_type": "OpenStreetMap / Overpass API",
        "data_status": "Verified Public Data"
      }
    },
    {
      "type": "Feature",
      "id": 25641,
      "geometry": {
        "type": "Polygon",
        "coordinates": [
          [
            [
              76.86877282092205,
              11.0428494
            ],
            [
              76.8684936399029,
              11.044226950152503
            ],
            [
              76.8676985996248,
              11.045394780781809
            ],
            [
              76.86650873776307,
              11.046175100261019
            ],
            [
              76.8651052,
              11.046449112023037
            ],
            [
              76.86370166223693,
              11.046175100261019
            ],
            [
              76.8625118003752,
              11.045394780781809
            ],
            [
              76.86171676009711,
              11.044226950152503
            ],
            [
              76.86143757907796,
              11.0428494
            ],
            [
              76.86171676009711,
              11.041471849847497
            ],
            [
              76.8625118003752,
              11.04030401921819
            ],
            [
              76.86370166223693,
              11.03952369973898
            ],
            [
              76.8651052,
              11.039249687976962
            ],
            [
              76.86650873776307,
              11.03952369973898
            ],
            [
              76.8676985996248,
              11.04030401921819
            ],
            [
              76.8684936399029,
              11.041471849847497
            ],
            [
              76.86877282092205,
              11.0428494
            ]
          ]
        ]
      },
      "properties": {
        "id": 25641,
        "name": "Marudhamalai",
        "ward_code": "OSM-4641",
        "city": "Coimbatore",
        "district": "Coimbatore",
        "state": "Tamil Nadu",
        "administrative_type": "Urban",
        "local_body": "Coimbatore Local Body",
        "locality": "Marudhamalai",
        "population": 4500,
        "area_sq_km": 0.5,
        "risk_level": "MEDIUM",
        "coordinates": [
          11.0428494,
          76.8651052
        ],
        "data_source_type": "OpenStreetMap / Overpass API",
        "data_status": "Verified Public Data"
      }
    },
    {
      "type": "Feature",
      "id": 25642,
      "geometry": {
        "type": "Polygon",
        "coordinates": [
          [
            [
              76.87022509694096,
              11.0088546
            ],
            [
              76.86994594819544,
              11.010232150152502
            ],
            [
              76.8691509998249,
              11.011399980781809
            ],
            [
              76.86796127551253,
              11.012180300261019
            ],
            [
              76.8665579,
              11.012454312023037
            ],
            [
              76.86515452448748,
              11.012180300261019
            ],
            [
              76.86396480017511,
              11.011399980781809
            ],
            [
              76.86316985180457,
              11.010232150152502
            ],
            [
              76.86289070305905,
              11.0088546
            ],
            [
              76.86316985180457,
              11.007477049847497
            ],
            [
              76.86396480017511,
              11.00630921921819
            ],
            [
              76.86515452448748,
              11.00552889973898
            ],
            [
              76.8665579,
              11.005254887976962
            ],
            [
              76.86796127551253,
              11.00552889973898
            ],
            [
              76.8691509998249,
              11.00630921921819
            ],
            [
              76.86994594819544,
              11.007477049847497
            ],
            [
              76.87022509694096,
              11.0088546
            ]
          ]
        ]
      },
      "properties": {
        "id": 25642,
        "name": "Onappalayam",
        "ward_code": "OSM-4642",
        "city": "Coimbatore",
        "district": "Coimbatore",
        "state": "Tamil Nadu",
        "administrative_type": "Urban",
        "local_body": "Coimbatore Local Body",
        "locality": "Onappalayam",
        "population": 4500,
        "area_sq_km": 0.5,
        "risk_level": "HIGH",
        "coordinates": [
          11.0088546,
          76.8665579
        ],
        "data_source_type": "OpenStreetMap / Overpass API",
        "data_status": "Verified Public Data"
      }
    },
    {
      "type": "Feature",
      "id": 25643,
      "geometry": {
        "type": "Polygon",
        "coordinates": [
          [
            [
              76.9159622626839,
              11.006103
            ],
            [
              76.91568311654605,
              11.007480550152502
            ],
            [
              76.9148881756015,
              11.008648380781809
            ],
            [
              76.91369846240292,
              11.009428700261019
            ],
            [
              76.9122951,
              11.009702712023037
            ],
            [
              76.91089173759707,
              11.009428700261019
            ],
            [
              76.90970202439848,
              11.008648380781809
            ],
            [
              76.90890708345394,
              11.007480550152502
            ],
            [
              76.90862793731608,
              11.006103
            ],
            [
              76.90890708345394,
              11.004725449847497
            ],
            [
              76.90970202439848,
              11.00355761921819
            ],
            [
              76.91089173759707,
              11.00277729973898
            ],
            [
              76.9122951,
              11.002503287976962
            ],
            [
              76.91369846240292,
              11.00277729973898
            ],
            [
              76.9148881756015,
              11.00355761921819
            ],
            [
              76.91568311654605,
              11.004725449847497
            ],
            [
              76.9159622626839,
              11.006103
            ]
          ]
        ]
      },
      "properties": {
        "id": 25643,
        "name": "Veerakeralam",
        "ward_code": "OSM-4643",
        "city": "Coimbatore",
        "district": "Coimbatore",
        "state": "Tamil Nadu",
        "administrative_type": "Urban",
        "local_body": "Coimbatore Local Body",
        "locality": "Veerakeralam",
        "population": 4500,
        "area_sq_km": 0.5,
        "risk_level": "LOW",
        "coordinates": [
          11.006103,
          76.9122951
        ],
        "data_source_type": "OpenStreetMap / Overpass API",
        "data_status": "Verified Public Data"
      }
    },
    {
      "type": "Feature",
      "id": 25644,
      "geometry": {
        "type": "Polygon",
        "coordinates": [
          [
            [
              76.89614361762307,
              11.0024825
            ],
            [
              76.89586447491526,
              11.003860050152502
            ],
            [
              76.89506954373869,
              11.005027880781808
            ],
            [
              76.89387984515888,
              11.005808200261018
            ],
            [
              76.8924765,
              11.006082212023037
            ],
            [
              76.89107315484112,
              11.005808200261018
            ],
            [
              76.88988345626132,
              11.005027880781808
            ],
            [
              76.88908852508474,
              11.003860050152502
            ],
            [
              76.88880938237693,
              11.0024825
            ],
            [
              76.88908852508474,
              11.001104949847496
            ],
            [
              76.88988345626132,
              10.99993711921819
            ],
            [
              76.89107315484112,
              10.99915679973898
            ],
            [
              76.8924765,
              10.998882787976962
            ],
            [
              76.89387984515888,
              10.99915679973898
            ],
            [
              76.89506954373869,
              10.99993711921819
            ],
            [
              76.89586447491526,
              11.001104949847496
            ],
            [
              76.89614361762307,
              11.0024825
            ]
          ]
        ]
      },
      "properties": {
        "id": 25644,
        "name": "Vedapatti",
        "ward_code": "OSM-4644",
        "city": "Coimbatore",
        "district": "Coimbatore",
        "state": "Tamil Nadu",
        "administrative_type": "Urban",
        "local_body": "Coimbatore Local Body",
        "locality": "Vedapatti",
        "population": 4500,
        "area_sq_km": 0.5,
        "risk_level": "MEDIUM",
        "coordinates": [
          11.0024825,
          76.8924765
        ],
        "data_source_type": "OpenStreetMap / Overpass API",
        "data_status": "Verified Public Data"
      }
    },
    {
      "type": "Feature",
      "id": 25645,
      "geometry": {
        "type": "Polygon",
        "coordinates": [
          [
            [
              76.88630034459096,
              11.0287247
            ],
            [
              76.88602117699422,
              11.030102250152503
            ],
            [
              76.8852261749399,
              11.031270080781809
            ],
            [
              76.88403637028408,
              11.032050400261019
            ],
            [
              76.8826329,
              11.032324412023037
            ],
            [
              76.88122942971593,
              11.032050400261019
            ],
            [
              76.8800396250601,
              11.031270080781809
            ],
            [
              76.87924462300579,
              11.030102250152503
            ],
            [
              76.87896545540904,
              11.0287247
            ],
            [
              76.87924462300579,
              11.027347149847497
            ],
            [
              76.8800396250601,
              11.02617931921819
            ],
            [
              76.88122942971593,
              11.02539899973898
            ],
            [
              76.8826329,
              11.025124987976962
            ],
            [
              76.88403637028408,
              11.02539899973898
            ],
            [
              76.8852261749399,
              11.02617931921819
            ],
            [
              76.88602117699422,
              11.027347149847497
            ],
            [
              76.88630034459096,
              11.0287247
            ]
          ]
        ]
      },
      "properties": {
        "id": 25645,
        "name": "Bommanampalayam",
        "ward_code": "OSM-4645",
        "city": "Coimbatore",
        "district": "Coimbatore",
        "state": "Tamil Nadu",
        "administrative_type": "Urban",
        "local_body": "Coimbatore Local Body",
        "locality": "Bommanampalayam",
        "population": 4500,
        "area_sq_km": 0.5,
        "risk_level": "HIGH",
        "coordinates": [
          11.0287247,
          76.8826329
        ],
        "data_source_type": "OpenStreetMap / Overpass API",
        "data_status": "Verified Public Data"
      }
    },
    {
      "type": "Feature",
      "id": 25646,
      "geometry": {
        "type": "Polygon",
        "coordinates": [
          [
            [
              76.92905567815147,
              11.0394251
            ],
            [
              76.92877650038804,
              11.040802650152504
            ],
            [
              76.92798146938144,
              11.04197048078181
            ],
            [
              76.92679162139548,
              11.04275080026102
            ],
            [
              76.9253881,
              11.043024812023038
            ],
            [
              76.92398457860453,
              11.04275080026102
            ],
            [
              76.92279473061858,
              11.04197048078181
            ],
            [
              76.92199969961197,
              11.040802650152504
            ],
            [
              76.92172052184854,
              11.0394251
            ],
            [
              76.92199969961197,
              11.038047549847498
            ],
            [
              76.92279473061858,
              11.036879719218192
            ],
            [
              76.92398457860453,
              11.036099399738982
            ],
            [
              76.9253881,
              11.035825387976963
            ],
            [
              76.92679162139548,
              11.036099399738982
            ],
            [
              76.92798146938144,
              11.036879719218192
            ],
            [
              76.92877650038804,
              11.038047549847498
            ],
            [
              76.92905567815147,
              11.0394251
            ]
          ]
        ]
      },
      "properties": {
        "id": 25646,
        "name": "Idayarpalayam",
        "ward_code": "OSM-4646",
        "city": "Coimbatore",
        "district": "Coimbatore",
        "state": "Tamil Nadu",
        "administrative_type": "Urban",
        "local_body": "Coimbatore Local Body",
        "locality": "Idayarpalayam",
        "population": 4500,
        "area_sq_km": 0.5,
        "risk_level": "LOW",
        "coordinates": [
          11.0394251,
          76.9253881
        ],
        "data_source_type": "OpenStreetMap / Overpass API",
        "data_status": "Verified Public Data"
      }
    },
    {
      "type": "Feature",
      "id": 25647,
      "geometry": {
        "type": "Polygon",
        "coordinates": [
          [
            [
              76.9350298509436,
              11.0292339
            ],
            [
              76.93475068286327,
              11.030611450152502
            ],
            [
              76.93395567943188,
              11.031779280781809
            ],
            [
              76.93276587271512,
              11.032559600261019
            ],
            [
              76.9313624,
              11.032833612023037
            ],
            [
              76.92995892728487,
              11.032559600261019
            ],
            [
              76.92876912056812,
              11.031779280781809
            ],
            [
              76.92797411713673,
              11.030611450152502
            ],
            [
              76.9276949490564,
              11.0292339
            ],
            [
              76.92797411713673,
              11.027856349847497
            ],
            [
              76.92876912056812,
              11.02668851921819
            ],
            [
              76.92995892728487,
              11.02590819973898
            ],
            [
              76.9313624,
              11.025634187976962
            ],
            [
              76.93276587271512,
              11.02590819973898
            ],
            [
              76.93395567943188,
              11.02668851921819
            ],
            [
              76.93475068286327,
              11.027856349847497
            ],
            [
              76.9350298509436,
              11.0292339
            ]
          ]
        ]
      },
      "properties": {
        "id": 25647,
        "name": "Velandipalayam",
        "ward_code": "OSM-4647",
        "city": "Coimbatore",
        "district": "Coimbatore",
        "state": "Tamil Nadu",
        "administrative_type": "Urban",
        "local_body": "Coimbatore Local Body",
        "locality": "Velandipalayam",
        "population": 4500,
        "area_sq_km": 0.5,
        "risk_level": "MEDIUM",
        "coordinates": [
          11.0292339,
          76.9313624
        ],
        "data_source_type": "OpenStreetMap / Overpass API",
        "data_status": "Verified Public Data"
      }
    },
    {
      "type": "Feature",
      "id": 25648,
      "geometry": {
        "type": "Polygon",
        "coordinates": [
          [
            [
              76.93294840073241,
              11.0332239
            ],
            [
              76.93266922886214,
              11.034601450152502
            ],
            [
              76.93187421463789,
              11.035769280781809
            ],
            [
              76.93068439176848,
              11.036549600261019
            ],
            [
              76.9292809,
              11.036823612023037
            ],
            [
              76.92787740823151,
              11.036549600261019
            ],
            [
              76.9266875853621,
              11.035769280781809
            ],
            [
              76.92589257113785,
              11.034601450152502
            ],
            [
              76.92561339926758,
              11.0332239
            ],
            [
              76.92589257113785,
              11.031846349847497
            ],
            [
              76.9266875853621,
              11.03067851921819
            ],
            [
              76.92787740823151,
              11.02989819973898
            ],
            [
              76.9292809,
              11.029624187976962
            ],
            [
              76.93068439176848,
              11.02989819973898
            ],
            [
              76.93187421463789,
              11.03067851921819
            ],
            [
              76.93266922886214,
              11.031846349847497
            ],
            [
              76.93294840073241,
              11.0332239
            ]
          ]
        ]
      },
      "properties": {
        "id": 25648,
        "name": "Kovilmedu",
        "ward_code": "OSM-4648",
        "city": "Coimbatore",
        "district": "Coimbatore",
        "state": "Tamil Nadu",
        "administrative_type": "Urban",
        "local_body": "Coimbatore Local Body",
        "locality": "Kovilmedu",
        "population": 4500,
        "area_sq_km": 0.5,
        "risk_level": "HIGH",
        "coordinates": [
          11.0332239,
          76.9292809
        ],
        "data_source_type": "OpenStreetMap / Overpass API",
        "data_status": "Verified Public Data"
      }
    },
    {
      "type": "Feature",
      "id": 25649,
      "geometry": {
        "type": "Polygon",
        "coordinates": [
          [
            [
              76.92797772294482,
              11.0109428
            ],
            [
              76.92769857221987,
              11.012320350152503
            ],
            [
              76.9269036182124,
              11.01348818078181
            ],
            [
              76.92571388546378,
              11.01426850026102
            ],
            [
              76.9243105,
              11.014542512023038
            ],
            [
              76.92290711453623,
              11.01426850026102
            ],
            [
              76.9217173817876,
              11.01348818078181
            ],
            [
              76.92092242778014,
              11.012320350152503
            ],
            [
              76.92064327705519,
              11.0109428
            ],
            [
              76.92092242778014,
              11.009565249847498
            ],
            [
              76.9217173817876,
              11.008397419218191
            ],
            [
              76.92290711453623,
              11.007617099738981
            ],
            [
              76.9243105,
              11.007343087976963
            ],
            [
              76.92571388546378,
              11.007617099738981
            ],
            [
              76.9269036182124,
              11.008397419218191
            ],
            [
              76.92769857221987,
              11.009565249847498
            ],
            [
              76.92797772294482,
              11.0109428
            ]
          ]
        ]
      },
      "properties": {
        "id": 25649,
        "name": "Seeranaickenpalayam",
        "ward_code": "OSM-4649",
        "city": "Coimbatore",
        "district": "Coimbatore",
        "state": "Tamil Nadu",
        "administrative_type": "Urban",
        "local_body": "Coimbatore Local Body",
        "locality": "Seeranaickenpalayam",
        "population": 4500,
        "area_sq_km": 0.5,
        "risk_level": "LOW",
        "coordinates": [
          11.0109428,
          76.9243105
        ],
        "data_source_type": "OpenStreetMap / Overpass API",
        "data_status": "Verified Public Data"
      }
    },
    {
      "type": "Feature",
      "id": 25650,
      "geometry": {
        "type": "Polygon",
        "coordinates": [
          [
            [
              76.94550084557484,
              10.9886473
            ],
            [
              76.94522171596343,
              10.990024850152503
            ],
            [
              76.9444268220822,
              10.99119268078181
            ],
            [
              76.94323717931888,
              10.99197300026102
            ],
            [
              76.9418339,
              10.992247012023038
            ],
            [
              76.94043062068113,
              10.99197300026102
            ],
            [
              76.9392409779178,
              10.99119268078181
            ],
            [
              76.93844608403658,
              10.990024850152503
            ],
            [
              76.93816695442517,
              10.9886473
            ],
            [
              76.93844608403658,
              10.987269749847497
            ],
            [
              76.9392409779178,
              10.986101919218191
            ],
            [
              76.94043062068113,
              10.985321599738981
            ],
            [
              76.9418339,
              10.985047587976963
            ],
            [
              76.94323717931888,
              10.985321599738981
            ],
            [
              76.9444268220822,
              10.986101919218191
            ],
            [
              76.94522171596343,
              10.987269749847497
            ],
            [
              76.94550084557484,
              10.9886473
            ]
          ]
        ]
      },
      "properties": {
        "id": 25650,
        "name": "Selvapuram",
        "ward_code": "OSM-4650",
        "city": "Coimbatore",
        "district": "Coimbatore",
        "state": "Tamil Nadu",
        "administrative_type": "Urban",
        "local_body": "Coimbatore Local Body",
        "locality": "Selvapuram",
        "population": 4500,
        "area_sq_km": 0.5,
        "risk_level": "MEDIUM",
        "coordinates": [
          10.9886473,
          76.9418339
        ],
        "data_source_type": "OpenStreetMap / Overpass API",
        "data_status": "Verified Public Data"
      }
    },
    {
      "type": "Feature",
      "id": 25651,
      "geometry": {
        "type": "Polygon",
        "coordinates": [
          [
            [
              76.92623286457273,
              10.9579431
            ],
            [
              76.92595376396336,
              10.959320650152502
            ],
            [
              76.92515895267303,
              10.960488480781809
            ],
            [
              76.92396943351568,
              10.961268800261019
            ],
            [
              76.9225663,
              10.961542812023037
            ],
            [
              76.92116316648432,
              10.961268800261019
            ],
            [
              76.91997364732697,
              10.960488480781809
            ],
            [
              76.91917883603664,
              10.959320650152502
            ],
            [
              76.91889973542727,
              10.9579431
            ],
            [
              76.91917883603664,
              10.956565549847497
            ],
            [
              76.91997364732697,
              10.95539771921819
            ],
            [
              76.92116316648432,
              10.95461739973898
            ],
            [
              76.9225663,
              10.954343387976962
            ],
            [
              76.92396943351568,
              10.95461739973898
            ],
            [
              76.92515895267303,
              10.95539771921819
            ],
            [
              76.92595376396336,
              10.956565549847497
            ],
            [
              76.92623286457273,
              10.9579431
            ]
          ]
        ]
      },
      "properties": {
        "id": 25651,
        "name": "Sundakkamuthur",
        "ward_code": "OSM-4651",
        "city": "Coimbatore",
        "district": "Coimbatore",
        "state": "Tamil Nadu",
        "administrative_type": "Urban",
        "local_body": "Coimbatore Local Body",
        "locality": "Sundakkamuthur",
        "population": 4500,
        "area_sq_km": 0.5,
        "risk_level": "HIGH",
        "coordinates": [
          10.9579431,
          76.9225663
        ],
        "data_source_type": "OpenStreetMap / Overpass API",
        "data_status": "Verified Public Data"
      }
    },
    {
      "type": "Feature",
      "id": 25652,
      "geometry": {
        "type": "Polygon",
        "coordinates": [
          [
            [
              76.98932741977843,
              10.9252301
            ],
            [
              76.98876928016912,
              10.927985200305004
            ],
            [
              76.98717983303716,
              10.930320861563619
            ],
            [
              76.98480105730002,
              10.93188150052204
            ],
            [
              76.9819951,
              10.932429524046077
            ],
            [
              76.9791891427,
              10.93188150052204
            ],
            [
              76.97681036696285,
              10.930320861563619
            ],
            [
              76.97522091983089,
              10.927985200305004
            ],
            [
              76.97466278022158,
              10.9252301
            ],
            [
              76.97522091983089,
              10.922474999694996
            ],
            [
              76.97681036696285,
              10.920139338436382
            ],
            [
              76.9791891427,
              10.91857869947796
            ],
            [
              76.9819951,
              10.918030675953924
            ],
            [
              76.98480105730002,
              10.91857869947796
            ],
            [
              76.98717983303716,
              10.920139338436382
            ],
            [
              76.98876928016912,
              10.922474999694996
            ],
            [
              76.98932741977843,
              10.9252301
            ]
          ]
        ]
      },
      "properties": {
        "id": 25652,
        "name": "Eachanari",
        "ward_code": "OSM-4652",
        "city": "Coimbatore",
        "district": "Coimbatore",
        "state": "Tamil Nadu",
        "administrative_type": "Rural",
        "local_body": "Coimbatore Local Body",
        "locality": "Eachanari",
        "population": 4500,
        "area_sq_km": 2.01,
        "risk_level": "LOW",
        "coordinates": [
          10.9252301,
          76.9819951
        ],
        "data_source_type": "OpenStreetMap / Overpass API",
        "data_status": "Verified Public Data"
      }
    },
    {
      "type": "Feature",
      "id": 32447,
      "geometry": {
        "type": "Polygon",
        "coordinates": [
          [
            [
              77.11053958485385,
              11.2152443
            ],
            [
              77.1099808922236,
              11.217999400305004
            ],
            [
              77.10838987022126,
              11.220335061563619
            ],
            [
              77.10600873752401,
              11.22189570052204
            ],
            [
              77.1032,
              11.222443724046077
            ],
            [
              77.100391262476,
              11.22189570052204
            ],
            [
              77.09801012977874,
              11.220335061563619
            ],
            [
              77.0964191077764,
              11.217999400305004
            ],
            [
              77.09586041514615,
              11.2152443
            ],
            [
              77.0964191077764,
              11.212489199694996
            ],
            [
              77.09801012977874,
              11.210153538436382
            ],
            [
              77.100391262476,
              11.20859289947796
            ],
            [
              77.1032,
              11.208044875953924
            ],
            [
              77.10600873752401,
              11.20859289947796
            ],
            [
              77.10838987022126,
              11.210153538436382
            ],
            [
              77.1099808922236,
              11.212489199694996
            ],
            [
              77.11053958485385,
              11.2152443
            ]
          ]
        ]
      },
      "properties": {
        "id": 32447,
        "name": "Kumarapalayam",
        "ward_code": "OSM-1447",
        "city": "Coimbatore",
        "district": "Coimbatore",
        "state": "Tamil Nadu",
        "administrative_type": "Rural",
        "local_body": "Coimbatore Local Body",
        "locality": "Kumarapalayam",
        "population": 4500,
        "area_sq_km": 2.01,
        "risk_level": "HIGH",
        "coordinates": [
          11.2152443,
          77.1032
        ],
        "data_source_type": "OpenStreetMap / Overpass API",
        "data_status": "Verified Public Data"
      }
    },
    {
      "type": "Feature",
      "id": 32448,
      "geometry": {
        "type": "Polygon",
        "coordinates": [
          [
            [
              77.14306958361973,
              11.144089
            ],
            [
              77.14251102810027,
              11.146844100305003
            ],
            [
              77.1409203965564,
              11.149179761563618
            ],
            [
              77.13853984822155,
              11.15074040052204
            ],
            [
              77.1357318,
              11.151288424046076
            ],
            [
              77.13292375177845,
              11.15074040052204
            ],
            [
              77.13054320344361,
              11.149179761563618
            ],
            [
              77.12895257189973,
              11.146844100305003
            ],
            [
              77.12839401638027,
              11.144089
            ],
            [
              77.12895257189973,
              11.141333899694995
            ],
            [
              77.13054320344361,
              11.13899823843638
            ],
            [
              77.13292375177845,
              11.137437599477959
            ],
            [
              77.1357318,
              11.136889575953923
            ],
            [
              77.13853984822155,
              11.137437599477959
            ],
            [
              77.1409203965564,
              11.13899823843638
            ],
            [
              77.14251102810027,
              11.141333899694995
            ],
            [
              77.14306958361973,
              11.144089
            ]
          ]
        ]
      },
      "properties": {
        "id": 32448,
        "name": "Vagarayampalayam",
        "ward_code": "OSM-1448",
        "city": "Coimbatore",
        "district": "Coimbatore",
        "state": "Tamil Nadu",
        "administrative_type": "Rural",
        "local_body": "Coimbatore Local Body",
        "locality": "Vagarayampalayam",
        "population": 4500,
        "area_sq_km": 2.01,
        "risk_level": "LOW",
        "coordinates": [
          11.144089,
          77.1357318
        ],
        "data_source_type": "OpenStreetMap / Overpass API",
        "data_status": "Verified Public Data"
      }
    },
    {
      "type": "Feature",
      "id": 32449,
      "geometry": {
        "type": "Polygon",
        "coordinates": [
          [
            [
              77.14032430434885,
              11.1091784
            ],
            [
              77.1397658157599,
              11.111933500305003
            ],
            [
              77.13817537481799,
              11.114269161563618
            ],
            [
              77.13579511173916,
              11.11582980052204
            ],
            [
              77.1329874,
              11.116377824046076
            ],
            [
              77.13017968826085,
              11.11582980052204
            ],
            [
              77.12779942518202,
              11.114269161563618
            ],
            [
              77.12620898424011,
              11.111933500305003
            ],
            [
              77.12565049565116,
              11.1091784
            ],
            [
              77.12620898424011,
              11.106423299694995
            ],
            [
              77.12779942518202,
              11.104087638436381
            ],
            [
              77.13017968826085,
              11.10252699947796
            ],
            [
              77.1329874,
              11.101978975953923
            ],
            [
              77.13579511173916,
              11.10252699947796
            ],
            [
              77.13817537481799,
              11.104087638436381
            ],
            [
              77.1397658157599,
              11.106423299694995
            ],
            [
              77.14032430434885,
              11.1091784
            ]
          ]
        ]
      },
      "properties": {
        "id": 32449,
        "name": "Ponnattampalayam",
        "ward_code": "OSM-1449",
        "city": "Coimbatore",
        "district": "Coimbatore",
        "state": "Tamil Nadu",
        "administrative_type": "Rural",
        "local_body": "Coimbatore Local Body",
        "locality": "Ponnattampalayam",
        "population": 4500,
        "area_sq_km": 2.01,
        "risk_level": "MEDIUM",
        "coordinates": [
          11.1091784,
          77.1329874
        ],
        "data_source_type": "OpenStreetMap / Overpass API",
        "data_status": "Verified Public Data"
      }
    },
    {
      "type": "Feature",
      "id": 32450,
      "geometry": {
        "type": "Polygon",
        "coordinates": [
          [
            [
              77.12683464963524,
              11.1149549
            ],
            [
              77.126276149987,
              11.117710000305005
            ],
            [
              77.12468567755097,
              11.12004566156362
            ],
            [
              77.12230536733784,
              11.121606300522041
            ],
            [
              77.1194976,
              11.122154324046077
            ],
            [
              77.11668983266216,
              11.121606300522041
            ],
            [
              77.11430952244903,
              11.12004566156362
            ],
            [
              77.112719050013,
              11.117710000305005
            ],
            [
              77.11216055036476,
              11.1149549
            ],
            [
              77.112719050013,
              11.112199799694997
            ],
            [
              77.11430952244903,
              11.109864138436382
            ],
            [
              77.11668983266216,
              11.10830349947796
            ],
            [
              77.1194976,
              11.107755475953924
            ],
            [
              77.12230536733784,
              11.10830349947796
            ],
            [
              77.12468567755097,
              11.109864138436382
            ],
            [
              77.126276149987,
              11.112199799694997
            ],
            [
              77.12683464963524,
              11.1149549
            ]
          ]
        ]
      },
      "properties": {
        "id": 32450,
        "name": "Pothiyampalayam",
        "ward_code": "OSM-1450",
        "city": "Coimbatore",
        "district": "Coimbatore",
        "state": "Tamil Nadu",
        "administrative_type": "Rural",
        "local_body": "Coimbatore Local Body",
        "locality": "Pothiyampalayam",
        "population": 4500,
        "area_sq_km": 2.01,
        "risk_level": "HIGH",
        "coordinates": [
          11.1149549,
          77.1194976
        ],
        "data_source_type": "OpenStreetMap / Overpass API",
        "data_status": "Verified Public Data"
      }
    },
    {
      "type": "Feature",
      "id": 32451,
      "geometry": {
        "type": "Polygon",
        "coordinates": [
          [
            [
              77.14277045063942,
              11.1010991
            ],
            [
              77.14249121407383,
              11.102476650152504
            ],
            [
              77.1416960156129,
              11.10364448078181
            ],
            [
              77.14050591701381,
              11.10442480026102
            ],
            [
              77.1391021,
              11.104698812023038
            ],
            [
              77.1376982829862,
              11.10442480026102
            ],
            [
              77.13650818438711,
              11.10364448078181
            ],
            [
              77.13571298592618,
              11.102476650152504
            ],
            [
              77.13543374936059,
              11.1010991
            ],
            [
              77.13571298592618,
              11.099721549847498
            ],
            [
              77.13650818438711,
              11.098553719218192
            ],
            [
              77.1376982829862,
              11.097773399738982
            ],
            [
              77.1391021,
              11.097499387976963
            ],
            [
              77.14050591701381,
              11.097773399738982
            ],
            [
              77.1416960156129,
              11.098553719218192
            ],
            [
              77.14249121407383,
              11.099721549847498
            ],
            [
              77.14277045063942,
              11.1010991
            ]
          ]
        ]
      },
      "properties": {
        "id": 32451,
        "name": "Sangothipalayam",
        "ward_code": "OSM-1451",
        "city": "Coimbatore",
        "district": "Coimbatore",
        "state": "Tamil Nadu",
        "administrative_type": "Urban",
        "local_body": "Coimbatore Local Body",
        "locality": "Sangothipalayam",
        "population": 4500,
        "area_sq_km": 0.5,
        "risk_level": "LOW",
        "coordinates": [
          11.1010991,
          77.1391021
        ],
        "data_source_type": "OpenStreetMap / Overpass API",
        "data_status": "Verified Public Data"
      }
    },
    {
      "type": "Feature",
      "id": 32452,
      "geometry": {
        "type": "Polygon",
        "coordinates": [
          [
            [
              77.12708244066508,
              11.0468039
            ],
            [
              77.12652407110446,
              11.049559000305004
            ],
            [
              77.12493396912659,
              11.051894661563619
            ],
            [
              77.12255421334328,
              11.05345530052204
            ],
            [
              77.1197471,
              11.054003324046077
            ],
            [
              77.11693998665672,
              11.05345530052204
            ],
            [
              77.11456023087341,
              11.051894661563619
            ],
            [
              77.11297012889554,
              11.049559000305004
            ],
            [
              77.11241175933492,
              11.0468039
            ],
            [
              77.11297012889554,
              11.044048799694997
            ],
            [
              77.11456023087341,
              11.041713138436382
            ],
            [
              77.11693998665672,
              11.04015249947796
            ],
            [
              77.1197471,
              11.039604475953924
            ],
            [
              77.12255421334328,
              11.04015249947796
            ],
            [
              77.12493396912659,
              11.041713138436382
            ],
            [
              77.12652407110446,
              11.044048799694997
            ],
            [
              77.12708244066508,
              11.0468039
            ]
          ]
        ]
      },
      "properties": {
        "id": 32452,
        "name": "Muthugoundenpudur",
        "ward_code": "OSM-1452",
        "city": "Coimbatore",
        "district": "Coimbatore",
        "state": "Tamil Nadu",
        "administrative_type": "Rural",
        "local_body": "Coimbatore Local Body",
        "locality": "Muthugoundenpudur",
        "population": 4500,
        "area_sq_km": 2.01,
        "risk_level": "MEDIUM",
        "coordinates": [
          11.0468039,
          77.1197471
        ],
        "data_source_type": "OpenStreetMap / Overpass API",
        "data_status": "Verified Public Data"
      }
    },
    {
      "type": "Feature",
      "id": 32458,
      "geometry": {
        "type": "Polygon",
        "coordinates": [
          [
            [
              77.08956103280462,
              10.8117823
            ],
            [
              77.08900310534106,
              10.814537400305005
            ],
            [
              77.08741426234909,
              10.81687306156362
            ],
            [
              77.08503639077131,
              10.818433700522041
            ],
            [
              77.0822315,
              10.818981724046077
            ],
            [
              77.0794266092287,
              10.818433700522041
            ],
            [
              77.07704873765093,
              10.81687306156362
            ],
            [
              77.07545989465895,
              10.814537400305005
            ],
            [
              77.07490196719539,
              10.8117823
            ],
            [
              77.07545989465895,
              10.809027199694997
            ],
            [
              77.07704873765093,
              10.806691538436382
            ],
            [
              77.0794266092287,
              10.80513089947796
            ],
            [
              77.0822315,
              10.804582875953924
            ],
            [
              77.08503639077131,
              10.80513089947796
            ],
            [
              77.08741426234909,
              10.806691538436382
            ],
            [
              77.08900310534106,
              10.809027199694997
            ],
            [
              77.08956103280462,
              10.8117823
            ]
          ]
        ]
      },
      "properties": {
        "id": 32458,
        "name": "Kurunallipalayam",
        "ward_code": "OSM-1458",
        "city": "Coimbatore",
        "district": "Coimbatore",
        "state": "Tamil Nadu",
        "administrative_type": "Rural",
        "local_body": "Coimbatore Local Body",
        "locality": "Kurunallipalayam",
        "population": 4500,
        "area_sq_km": 2.01,
        "risk_level": "MEDIUM",
        "coordinates": [
          10.8117823,
          77.0822315
        ],
        "data_source_type": "OpenStreetMap / Overpass API",
        "data_status": "Verified Public Data"
      }
    },
    {
      "type": "Feature",
      "id": 32459,
      "geometry": {
        "type": "Polygon",
        "coordinates": [
          [
            [
              77.10851946945242,
              10.8009968
            ],
            [
              77.10796156203534,
              10.803751900305004
            ],
            [
              77.10637277613095,
              10.806087561563618
            ],
            [
              77.10399498999078,
              10.80764820052204
            ],
            [
              77.1011902,
              10.808196224046076
            ],
            [
              77.09838541000923,
              10.80764820052204
            ],
            [
              77.09600762386906,
              10.806087561563618
            ],
            [
              77.09441883796467,
              10.803751900305004
            ],
            [
              77.09386093054759,
              10.8009968
            ],
            [
              77.09441883796467,
              10.798241699694996
            ],
            [
              77.09600762386906,
              10.795906038436382
            ],
            [
              77.09838541000923,
              10.79434539947796
            ],
            [
              77.1011902,
              10.793797375953924
            ],
            [
              77.10399498999078,
              10.79434539947796
            ],
            [
              77.10637277613095,
              10.795906038436382
            ],
            [
              77.10796156203534,
              10.798241699694996
            ],
            [
              77.10851946945242,
              10.8009968
            ]
          ]
        ]
      },
      "properties": {
        "id": 32459,
        "name": "Andipalayam",
        "ward_code": "OSM-1459",
        "city": "Coimbatore",
        "district": "Coimbatore",
        "state": "Tamil Nadu",
        "administrative_type": "Rural",
        "local_body": "Coimbatore Local Body",
        "locality": "Andipalayam",
        "population": 4500,
        "area_sq_km": 2.01,
        "risk_level": "HIGH",
        "coordinates": [
          10.8009968,
          77.1011902
        ],
        "data_source_type": "OpenStreetMap / Overpass API",
        "data_status": "Verified Public Data"
      }
    },
    {
      "type": "Feature",
      "id": 32460,
      "geometry": {
        "type": "Polygon",
        "coordinates": [
          [
            [
              77.12692187102239,
              10.7969627
            ],
            [
              77.12636397109786,
              10.799717800305004
            ],
            [
              77.12477520653042,
              10.802053461563618
            ],
            [
              77.12239745232324,
              10.80361410052204
            ],
            [
              77.1195927,
              10.804162124046076
            ],
            [
              77.11678794767676,
              10.80361410052204
            ],
            [
              77.11441019346958,
              10.802053461563618
            ],
            [
              77.11282142890214,
              10.799717800305004
            ],
            [
              77.1122635289776,
              10.7969627
            ],
            [
              77.11282142890214,
              10.794207599694996
            ],
            [
              77.11441019346958,
              10.791871938436381
            ],
            [
              77.11678794767676,
              10.79031129947796
            ],
            [
              77.1195927,
              10.789763275953923
            ],
            [
              77.12239745232324,
              10.79031129947796
            ],
            [
              77.12477520653042,
              10.791871938436381
            ],
            [
              77.12636397109786,
              10.794207599694996
            ],
            [
              77.12692187102239,
              10.7969627
            ]
          ]
        ]
      },
      "properties": {
        "id": 32460,
        "name": "Kappinipalayam",
        "ward_code": "OSM-1460",
        "city": "Coimbatore",
        "district": "Coimbatore",
        "state": "Tamil Nadu",
        "administrative_type": "Rural",
        "local_body": "Coimbatore Local Body",
        "locality": "Kappinipalayam",
        "population": 4500,
        "area_sq_km": 2.01,
        "risk_level": "LOW",
        "coordinates": [
          10.7969627,
          77.1195927
        ],
        "data_source_type": "OpenStreetMap / Overpass API",
        "data_status": "Verified Public Data"
      }
    },
    {
      "type": "Feature",
      "id": 32461,
      "geometry": {
        "type": "Polygon",
        "coordinates": [
          [
            [
              77.14992767663625,
              10.7848879
            ],
            [
              77.14936979912054,
              10.787643000305003
            ],
            [
              77.14778109836797,
              10.789978661563618
            ],
            [
              77.14540343966654,
              10.79153930052204
            ],
            [
              77.1425988,
              10.792087324046076
            ],
            [
              77.13979416033347,
              10.79153930052204
            ],
            [
              77.13741650163203,
              10.789978661563618
            ],
            [
              77.13582780087947,
              10.787643000305003
            ],
            [
              77.13526992336375,
              10.7848879
            ],
            [
              77.13582780087947,
              10.782132799694995
            ],
            [
              77.13741650163203,
              10.77979713843638
            ],
            [
              77.13979416033347,
              10.77823649947796
            ],
            [
              77.1425988,
              10.777688475953923
            ],
            [
              77.14540343966654,
              10.77823649947796
            ],
            [
              77.14778109836797,
              10.77979713843638
            ],
            [
              77.14936979912054,
              10.782132799694995
            ],
            [
              77.14992767663625,
              10.7848879
            ]
          ]
        ]
      },
      "properties": {
        "id": 32461,
        "name": "Jakkarpalayam",
        "ward_code": "OSM-1461",
        "city": "Coimbatore",
        "district": "Coimbatore",
        "state": "Tamil Nadu",
        "administrative_type": "Rural",
        "local_body": "Coimbatore Local Body",
        "locality": "Jakkarpalayam",
        "population": 4500,
        "area_sq_km": 2.01,
        "risk_level": "MEDIUM",
        "coordinates": [
          10.7848879,
          77.1425988
        ],
        "data_source_type": "OpenStreetMap / Overpass API",
        "data_status": "Verified Public Data"
      }
    },
    {
      "type": "Feature",
      "id": 32462,
      "geometry": {
        "type": "Polygon",
        "coordinates": [
          [
            [
              77.08365948562133,
              10.7688275
            ],
            [
              77.08310163786985,
              10.771582600305004
            ],
            [
              77.08151302187866,
              10.773918261563619
            ],
            [
              77.0791354900316,
              10.77547890052204
            ],
            [
              77.076331,
              10.776026924046077
            ],
            [
              77.07352650996839,
              10.77547890052204
            ],
            [
              77.07114897812133,
              10.773918261563619
            ],
            [
              77.06956036213015,
              10.771582600305004
            ],
            [
              77.06900251437867,
              10.7688275
            ],
            [
              77.06956036213015,
              10.766072399694997
            ],
            [
              77.07114897812133,
              10.763736738436382
            ],
            [
              77.07352650996839,
              10.76217609947796
            ],
            [
              77.076331,
              10.761628075953924
            ],
            [
              77.0791354900316,
              10.76217609947796
            ],
            [
              77.08151302187866,
              10.763736738436382
            ],
            [
              77.08310163786985,
              10.766072399694997
            ],
            [
              77.08365948562133,
              10.7688275
            ]
          ]
        ]
      },
      "properties": {
        "id": 32462,
        "name": "Devanampalayam",
        "ward_code": "OSM-1462",
        "city": "Coimbatore",
        "district": "Coimbatore",
        "state": "Tamil Nadu",
        "administrative_type": "Rural",
        "local_body": "Coimbatore Local Body",
        "locality": "Devanampalayam",
        "population": 4500,
        "area_sq_km": 2.01,
        "risk_level": "HIGH",
        "coordinates": [
          10.7688275,
          77.076331
        ],
        "data_source_type": "OpenStreetMap / Overpass API",
        "data_status": "Verified Public Data"
      }
    },
    {
      "type": "Feature",
      "id": 32463,
      "geometry": {
        "type": "Polygon",
        "coordinates": [
          [
            [
              77.06807334595447,
              10.7424992
            ],
            [
              77.06751554689473,
              10.745254300305003
            ],
            [
              77.06592706956589,
              10.747589961563618
            ],
            [
              77.0635497452417,
              10.74915060052204
            ],
            [
              77.0607455,
              10.749698624046076
            ],
            [
              77.05794125475829,
              10.74915060052204
            ],
            [
              77.0555639304341,
              10.747589961563618
            ],
            [
              77.05397545310527,
              10.745254300305003
            ],
            [
              77.05341765404552,
              10.7424992
            ],
            [
              77.05397545310527,
              10.739744099694995
            ],
            [
              77.0555639304341,
              10.73740843843638
            ],
            [
              77.05794125475829,
              10.735847799477959
            ],
            [
              77.0607455,
              10.735299775953923
            ],
            [
              77.0635497452417,
              10.735847799477959
            ],
            [
              77.06592706956589,
              10.73740843843638
            ],
            [
              77.06751554689473,
              10.739744099694995
            ],
            [
              77.06807334595447,
              10.7424992
            ]
          ]
        ]
      },
      "properties": {
        "id": 32463,
        "name": "Kakkadavu",
        "ward_code": "OSM-1463",
        "city": "Coimbatore",
        "district": "Coimbatore",
        "state": "Tamil Nadu",
        "administrative_type": "Rural",
        "local_body": "Coimbatore Local Body",
        "locality": "Kakkadavu",
        "population": 4500,
        "area_sq_km": 2.01,
        "risk_level": "LOW",
        "coordinates": [
          10.7424992,
          77.0607455
        ],
        "data_source_type": "OpenStreetMap / Overpass API",
        "data_status": "Verified Public Data"
      }
    },
    {
      "type": "Feature",
      "id": 32464,
      "geometry": {
        "type": "Polygon",
        "coordinates": [
          [
            [
              77.09554795629548,
              10.7346798
            ],
            [
              77.09499017167266,
              10.737434900305004
            ],
            [
              77.09340173545674,
              10.739770561563619
            ],
            [
              77.09102447266234,
              10.74133120052204
            ],
            [
              77.0882203,
              10.741879224046077
            ],
            [
              77.08541612733767,
              10.74133120052204
            ],
            [
              77.08303886454327,
              10.739770561563619
            ],
            [
              77.08145042832734,
              10.737434900305004
            ],
            [
              77.08089264370453,
              10.7346798
            ],
            [
              77.08145042832734,
              10.731924699694996
            ],
            [
              77.08303886454327,
              10.729589038436382
            ],
            [
              77.08541612733767,
              10.72802839947796
            ],
            [
              77.0882203,
              10.727480375953924
            ],
            [
              77.09102447266234,
              10.72802839947796
            ],
            [
              77.09340173545674,
              10.729589038436382
            ],
            [
              77.09499017167266,
              10.731924699694996
            ],
            [
              77.09554795629548,
              10.7346798
            ]
          ]
        ]
      },
      "properties": {
        "id": 32464,
        "name": "Moottampalayam",
        "ward_code": "OSM-1464",
        "city": "Coimbatore",
        "district": "Coimbatore",
        "state": "Tamil Nadu",
        "administrative_type": "Rural",
        "local_body": "Coimbatore Local Body",
        "locality": "Moottampalayam",
        "population": 4500,
        "area_sq_km": 2.01,
        "risk_level": "MEDIUM",
        "coordinates": [
          10.7346798,
          77.0882203
        ],
        "data_source_type": "OpenStreetMap / Overpass API",
        "data_status": "Verified Public Data"
      }
    },
    {
      "type": "Feature",
      "id": 26848,
      "geometry": {
        "type": "Polygon",
        "coordinates": [
          [
            [
              76.81652960303104,
              10.8187478
            ],
            [
              76.81597166260977,
              10.821502900305005
            ],
            [
              76.81438278271733,
              10.823838561563619
            ],
            [
              76.81200485591414,
              10.82539920052204
            ],
            [
              76.8091999,
              10.825947224046077
            ],
            [
              76.80639494408585,
              10.82539920052204
            ],
            [
              76.80401701728266,
              10.823838561563619
            ],
            [
              76.80242813739022,
              10.821502900305005
            ],
            [
              76.80187019696895,
              10.8187478
            ],
            [
              76.80242813739022,
              10.815992699694997
            ],
            [
              76.80401701728266,
              10.813657038436382
            ],
            [
              76.80639494408585,
              10.81209639947796
            ],
            [
              76.8091999,
              10.811548375953924
            ],
            [
              76.81200485591414,
              10.81209639947796
            ],
            [
              76.81438278271733,
              10.813657038436382
            ],
            [
              76.81597166260977,
              10.815992699694997
            ],
            [
              76.81652960303104,
              10.8187478
            ]
          ]
        ]
      },
      "properties": {
        "id": 26848,
        "name": "Pudussery East",
        "ward_code": "OSM-5848",
        "city": "Coimbatore",
        "district": "Coimbatore",
        "state": "Tamil Nadu",
        "administrative_type": "Rural",
        "local_body": "Coimbatore Local Body",
        "locality": "Pudussery East",
        "population": 4500,
        "area_sq_km": 2.01,
        "risk_level": "MEDIUM",
        "coordinates": [
          10.8187478,
          76.8091999
        ],
        "data_source_type": "OpenStreetMap / Overpass API",
        "data_status": "Verified Public Data"
      }
    },
    {
      "type": "Feature",
      "id": 26850,
      "geometry": {
        "type": "Polygon",
        "coordinates": [
          [
            [
              76.8862459730618,
              10.7724212
            ],
            [
              76.88568811865431,
              10.775176300305004
            ],
            [
              76.88409948370843,
              10.777511961563619
            ],
            [
              76.88172192349363,
              10.77907260052204
            ],
            [
              76.8789174,
              10.779620624046077
            ],
            [
              76.87611287650638,
              10.77907260052204
            ],
            [
              76.87373531629159,
              10.777511961563619
            ],
            [
              76.8721466813457,
              10.775176300305004
            ],
            [
              76.87158882693821,
              10.7724212
            ],
            [
              76.8721466813457,
              10.769666099694996
            ],
            [
              76.87373531629159,
              10.767330438436382
            ],
            [
              76.87611287650638,
              10.76576979947796
            ],
            [
              76.8789174,
              10.765221775953924
            ],
            [
              76.88172192349363,
              10.76576979947796
            ],
            [
              76.88409948370843,
              10.767330438436382
            ],
            [
              76.88568811865431,
              10.769666099694996
            ],
            [
              76.8862459730618,
              10.7724212
            ]
          ]
        ]
      },
      "properties": {
        "id": 26850,
        "name": "Keerampara",
        "ward_code": "OSM-5850",
        "city": "Coimbatore",
        "district": "Coimbatore",
        "state": "Tamil Nadu",
        "administrative_type": "Rural",
        "local_body": "Coimbatore Local Body",
        "locality": "Keerampara",
        "population": 4500,
        "area_sq_km": 2.01,
        "risk_level": "LOW",
        "coordinates": [
          10.7724212,
          76.8789174
        ],
        "data_source_type": "OpenStreetMap / Overpass API",
        "data_status": "Verified Public Data"
      }
    },
    {
      "type": "Feature",
      "id": 26851,
      "geometry": {
        "type": "Polygon",
        "coordinates": [
          [
            [
              76.90436292161486,
              10.7456169
            ],
            [
              76.90380511679582,
              10.748372000305004
            ],
            [
              76.90221662306588,
              10.750707661563618
            ],
            [
              76.89983927419568,
              10.75226830052204
            ],
            [
              76.897035,
              10.752816324046076
            ],
            [
              76.89423072580432,
              10.75226830052204
            ],
            [
              76.89185337693412,
              10.750707661563618
            ],
            [
              76.89026488320418,
              10.748372000305004
            ],
            [
              76.88970707838514,
              10.7456169
            ],
            [
              76.89026488320418,
              10.742861799694996
            ],
            [
              76.89185337693412,
              10.740526138436381
            ],
            [
              76.89423072580432,
              10.73896549947796
            ],
            [
              76.897035,
              10.738417475953923
            ],
            [
              76.89983927419568,
              10.73896549947796
            ],
            [
              76.90221662306588,
              10.740526138436381
            ],
            [
              76.90380511679582,
              10.742861799694996
            ],
            [
              76.90436292161486,
              10.7456169
            ]
          ]
        ]
      },
      "properties": {
        "id": 26851,
        "name": "Vadakkukadu",
        "ward_code": "OSM-5851",
        "city": "Coimbatore",
        "district": "Coimbatore",
        "state": "Tamil Nadu",
        "administrative_type": "Rural",
        "local_body": "Coimbatore Local Body",
        "locality": "Vadakkukadu",
        "population": 4500,
        "area_sq_km": 2.01,
        "risk_level": "MEDIUM",
        "coordinates": [
          10.7456169,
          76.897035
        ],
        "data_source_type": "OpenStreetMap / Overpass API",
        "data_status": "Verified Public Data"
      }
    },
    {
      "type": "Feature",
      "id": 26852,
      "geometry": {
        "type": "Polygon",
        "coordinates": [
          [
            [
              76.97103617627971,
              10.7643319
            ],
            [
              76.97047833685136,
              10.767087000305004
            ],
            [
              76.96888974456246,
              10.769422661563619
            ],
            [
              76.96651224818838,
              10.77098330052204
            ],
            [
              76.9637078,
              10.771531324046077
            ],
            [
              76.96090335181161,
              10.77098330052204
            ],
            [
              76.95852585543753,
              10.769422661563619
            ],
            [
              76.95693726314863,
              10.767087000305004
            ],
            [
              76.95637942372028,
              10.7643319
            ],
            [
              76.95693726314863,
              10.761576799694996
            ],
            [
              76.95852585543753,
              10.759241138436382
            ],
            [
              76.96090335181161,
              10.75768049947796
            ],
            [
              76.9637078,
              10.757132475953924
            ],
            [
              76.96651224818838,
              10.75768049947796
            ],
            [
              76.96888974456246,
              10.759241138436382
            ],
            [
              76.97047833685136,
              10.761576799694996
            ],
            [
              76.97103617627971,
              10.7643319
            ]
          ]
        ]
      },
      "properties": {
        "id": 26852,
        "name": "Chenniyur",
        "ward_code": "OSM-5852",
        "city": "Coimbatore",
        "district": "Coimbatore",
        "state": "Tamil Nadu",
        "administrative_type": "Rural",
        "local_body": "Coimbatore Local Body",
        "locality": "Chenniyur",
        "population": 4500,
        "area_sq_km": 2.01,
        "risk_level": "HIGH",
        "coordinates": [
          10.7643319,
          76.9637078
        ],
        "data_source_type": "OpenStreetMap / Overpass API",
        "data_status": "Verified Public Data"
      }
    },
    {
      "type": "Feature",
      "id": 26853,
      "geometry": {
        "type": "Polygon",
        "coordinates": [
          [
            [
              76.9465867268893,
              10.7910526
            ],
            [
              76.94602883793624,
              10.793807700305004
            ],
            [
              76.94444010461292,
              10.796143361563619
            ],
            [
              76.94206239716588,
              10.79770400052204
            ],
            [
              76.9392577,
              10.798252024046077
            ],
            [
              76.93645300283411,
              10.79770400052204
            ],
            [
              76.93407529538707,
              10.796143361563619
            ],
            [
              76.93248656206376,
              10.793807700305004
            ],
            [
              76.9319286731107,
              10.7910526
            ],
            [
              76.93248656206376,
              10.788297499694997
            ],
            [
              76.93407529538707,
              10.785961838436382
            ],
            [
              76.93645300283411,
              10.78440119947796
            ],
            [
              76.9392577,
              10.783853175953924
            ],
            [
              76.94206239716588,
              10.78440119947796
            ],
            [
              76.94444010461292,
              10.785961838436382
            ],
            [
              76.94602883793624,
              10.788297499694997
            ],
            [
              76.9465867268893,
              10.7910526
            ]
          ]
        ]
      },
      "properties": {
        "id": 26853,
        "name": "Muthugoundanur",
        "ward_code": "OSM-5853",
        "city": "Coimbatore",
        "district": "Coimbatore",
        "state": "Tamil Nadu",
        "administrative_type": "Rural",
        "local_body": "Coimbatore Local Body",
        "locality": "Muthugoundanur",
        "population": 4500,
        "area_sq_km": 2.01,
        "risk_level": "LOW",
        "coordinates": [
          10.7910526,
          76.9392577
        ],
        "data_source_type": "OpenStreetMap / Overpass API",
        "data_status": "Verified Public Data"
      }
    },
    {
      "type": "Feature",
      "id": 26854,
      "geometry": {
        "type": "Polygon",
        "coordinates": [
          [
            [
              76.9366694418444,
              10.7834599
            ],
            [
              76.93611156697705,
              10.786215000305004
            ],
            [
              76.93452287376643,
              10.788550661563619
            ],
            [
              76.93214522635228,
              10.79011130052204
            ],
            [
              76.9293406,
              10.790659324046077
            ],
            [
              76.92653597364773,
              10.79011130052204
            ],
            [
              76.92415832623358,
              10.788550661563619
            ],
            [
              76.92256963302296,
              10.786215000305004
            ],
            [
              76.9220117581556,
              10.7834599
            ],
            [
              76.92256963302296,
              10.780704799694997
            ],
            [
              76.92415832623358,
              10.778369138436382
            ],
            [
              76.92653597364773,
              10.77680849947796
            ],
            [
              76.9293406,
              10.776260475953924
            ],
            [
              76.93214522635228,
              10.77680849947796
            ],
            [
              76.93452287376643,
              10.778369138436382
            ],
            [
              76.93611156697705,
              10.780704799694997
            ],
            [
              76.9366694418444,
              10.7834599
            ]
          ]
        ]
      },
      "properties": {
        "id": 26854,
        "name": "Zamin Perumpathy",
        "ward_code": "OSM-5854",
        "city": "Coimbatore",
        "district": "Coimbatore",
        "state": "Tamil Nadu",
        "administrative_type": "Rural",
        "local_body": "Coimbatore Local Body",
        "locality": "Zamin Perumpathy",
        "population": 4500,
        "area_sq_km": 2.01,
        "risk_level": "MEDIUM",
        "coordinates": [
          10.7834599,
          76.9293406
        ],
        "data_source_type": "OpenStreetMap / Overpass API",
        "data_status": "Verified Public Data"
      }
    },
    {
      "type": "Feature",
      "id": 26855,
      "geometry": {
        "type": "Polygon",
        "coordinates": [
          [
            [
              76.92246718077872,
              10.8014609
            ],
            [
              76.92190927249949,
              10.804216000305004
            ],
            [
              76.92032048413985,
              10.806551661563619
            ],
            [
              76.91794269432518,
              10.80811230052204
            ],
            [
              76.9151379,
              10.808660324046077
            ],
            [
              76.91233310567483,
              10.80811230052204
            ],
            [
              76.90995531586016,
              10.806551661563619
            ],
            [
              76.90836652750052,
              10.804216000305004
            ],
            [
              76.90780861922129,
              10.8014609
            ],
            [
              76.90836652750052,
              10.798705799694996
            ],
            [
              76.90995531586016,
              10.796370138436382
            ],
            [
              76.91233310567483,
              10.79480949947796
            ],
            [
              76.9151379,
              10.794261475953924
            ],
            [
              76.91794269432518,
              10.79480949947796
            ],
            [
              76.92032048413985,
              10.796370138436382
            ],
            [
              76.92190927249949,
              10.798705799694996
            ],
            [
              76.92246718077872,
              10.8014609
            ]
          ]
        ]
      },
      "properties": {
        "id": 26855,
        "name": "Veerappagoundanur",
        "ward_code": "OSM-5855",
        "city": "Coimbatore",
        "district": "Coimbatore",
        "state": "Tamil Nadu",
        "administrative_type": "Rural",
        "local_body": "Coimbatore Local Body",
        "locality": "Veerappagoundanur",
        "population": 4500,
        "area_sq_km": 2.01,
        "risk_level": "HIGH",
        "coordinates": [
          10.8014609,
          76.9151379
        ],
        "data_source_type": "OpenStreetMap / Overpass API",
        "data_status": "Verified Public Data"
      }
    },
    {
      "type": "Feature",
      "id": 34670,
      "geometry": {
        "type": "Polygon",
        "coordinates": [
          [
            [
              76.97235919920554,
              11.057111
            ],
            [
              76.97208000461536,
              11.058488550152504
            ],
            [
              76.97128492569027,
              11.05965638078181
            ],
            [
              76.97009500598921,
              11.06043670026102
            ],
            [
              76.9686914,
              11.060710712023038
            ],
            [
              76.96728779401079,
              11.06043670026102
            ],
            [
              76.96609787430972,
              11.05965638078181
            ],
            [
              76.96530279538463,
              11.058488550152504
            ],
            [
              76.96502360079445,
              11.057111
            ],
            [
              76.96530279538463,
              11.055733449847498
            ],
            [
              76.96609787430972,
              11.054565619218192
            ],
            [
              76.96728779401079,
              11.053785299738982
            ],
            [
              76.9686914,
              11.053511287976963
            ],
            [
              76.97009500598921,
              11.053785299738982
            ],
            [
              76.97128492569027,
              11.054565619218192
            ],
            [
              76.97208000461536,
              11.055733449847498
            ],
            [
              76.97235919920554,
              11.057111
            ]
          ]
        ]
      },
      "properties": {
        "id": 34670,
        "name": "Udayampalayam",
        "ward_code": "OSM-3670",
        "city": "Coimbatore",
        "district": "Coimbatore",
        "state": "Tamil Nadu",
        "administrative_type": "Urban",
        "local_body": "Coimbatore Local Body",
        "locality": "Udayampalayam",
        "population": 4500,
        "area_sq_km": 0.5,
        "risk_level": "MEDIUM",
        "coordinates": [
          11.057111,
          76.9686914
        ],
        "data_source_type": "OpenStreetMap / Overpass API",
        "data_status": "Verified Public Data"
      }
    },
    {
      "type": "Feature",
      "id": 34671,
      "geometry": {
        "type": "Polygon",
        "coordinates": [
          [
            [
              76.97858728701603,
              11.0481388
            ],
            [
              76.97830810096578,
              11.049516350152503
            ],
            [
              76.9775130463603,
              11.05068418078181
            ],
            [
              76.97632316305614,
              11.05146450026102
            ],
            [
              76.9749196,
              11.051738512023038
            ],
            [
              76.97351603694388,
              11.05146450026102
            ],
            [
              76.97232615363971,
              11.05068418078181
            ],
            [
              76.97153109903424,
              11.049516350152503
            ],
            [
              76.97125191298399,
              11.0481388
            ],
            [
              76.97153109903424,
              11.046761249847497
            ],
            [
              76.97232615363971,
              11.045593419218191
            ],
            [
              76.97351603694388,
              11.044813099738981
            ],
            [
              76.9749196,
              11.044539087976963
            ],
            [
              76.97632316305614,
              11.044813099738981
            ],
            [
              76.9775130463603,
              11.045593419218191
            ],
            [
              76.97830810096578,
              11.046761249847497
            ],
            [
              76.97858728701603,
              11.0481388
            ]
          ]
        ]
      },
      "properties": {
        "id": 34671,
        "name": "Maniyakaranpalayam",
        "ward_code": "OSM-3671",
        "city": "Coimbatore",
        "district": "Coimbatore",
        "state": "Tamil Nadu",
        "administrative_type": "Urban",
        "local_body": "Coimbatore Local Body",
        "locality": "Maniyakaranpalayam",
        "population": 4500,
        "area_sq_km": 0.5,
        "risk_level": "HIGH",
        "coordinates": [
          11.0481388,
          76.9749196
        ],
        "data_source_type": "OpenStreetMap / Overpass API",
        "data_status": "Verified Public Data"
      }
    },
    {
      "type": "Feature",
      "id": 34672,
      "geometry": {
        "type": "Polygon",
        "coordinates": [
          [
            [
              76.89463687522792,
              11.0311802
            ],
            [
              76.89435770529906,
              11.032557750152503
            ],
            [
              76.8935626966035,
              11.033725580781809
            ],
            [
              76.89237288200833,
              11.034505900261019
            ],
            [
              76.8909694,
              11.034779912023037
            ],
            [
              76.88956591799167,
              11.034505900261019
            ],
            [
              76.88837610339651,
              11.033725580781809
            ],
            [
              76.88758109470095,
              11.032557750152503
            ],
            [
              76.88730192477209,
              11.0311802
            ],
            [
              76.88758109470095,
              11.029802649847497
            ],
            [
              76.88837610339651,
              11.02863481921819
            ],
            [
              76.88956591799167,
              11.02785449973898
            ],
            [
              76.8909694,
              11.027580487976962
            ],
            [
              76.89237288200833,
              11.02785449973898
            ],
            [
              76.8935626966035,
              11.02863481921819
            ],
            [
              76.89435770529906,
              11.029802649847497
            ],
            [
              76.89463687522792,
              11.0311802
            ]
          ]
        ]
      },
      "properties": {
        "id": 34672,
        "name": "Navavur Pirivu",
        "ward_code": "OSM-3672",
        "city": "Coimbatore",
        "district": "Coimbatore",
        "state": "Tamil Nadu",
        "administrative_type": "Urban",
        "local_body": "Coimbatore Local Body",
        "locality": "Navavur Pirivu",
        "population": 4500,
        "area_sq_km": 0.5,
        "risk_level": "LOW",
        "coordinates": [
          11.0311802,
          76.8909694
        ],
        "data_source_type": "OpenStreetMap / Overpass API",
        "data_status": "Verified Public Data"
      }
    },
    {
      "type": "Feature",
      "id": 34673,
      "geometry": {
        "type": "Polygon",
        "coordinates": [
          [
            [
              76.93310402136599,
              10.9947443
            ],
            [
              76.93282488598533,
              10.996121850152504
            ],
            [
              76.93202997567465,
              10.99728968078181
            ],
            [
              76.93084030832289,
              10.99807000026102
            ],
            [
              76.929437,
              10.998344012023038
            ],
            [
              76.9280336916771,
              10.99807000026102
            ],
            [
              76.92684402432533,
              10.99728968078181
            ],
            [
              76.92604911401466,
              10.996121850152504
            ],
            [
              76.925769978634,
              10.9947443
            ],
            [
              76.92604911401466,
              10.993366749847498
            ],
            [
              76.92684402432533,
              10.992198919218191
            ],
            [
              76.9280336916771,
              10.991418599738981
            ],
            [
              76.929437,
              10.991144587976963
            ],
            [
              76.93084030832289,
              10.991418599738981
            ],
            [
              76.93202997567465,
              10.992198919218191
            ],
            [
              76.93282488598533,
              10.993366749847498
            ],
            [
              76.93310402136599,
              10.9947443
            ]
          ]
        ]
      },
      "properties": {
        "id": 34673,
        "name": "Telungupalayam",
        "ward_code": "OSM-3673",
        "city": "Coimbatore",
        "district": "Coimbatore",
        "state": "Tamil Nadu",
        "administrative_type": "Urban",
        "local_body": "Coimbatore Local Body",
        "locality": "Telungupalayam",
        "population": 4500,
        "area_sq_km": 0.5,
        "risk_level": "MEDIUM",
        "coordinates": [
          10.9947443,
          76.929437
        ],
        "data_source_type": "OpenStreetMap / Overpass API",
        "data_status": "Verified Public Data"
      }
    },
    {
      "type": "Feature",
      "id": 34674,
      "geometry": {
        "type": "Polygon",
        "coordinates": [
          [
            [
              76.92632783466085,
              11.0199092
            ],
            [
              76.92604867543203,
              11.021286750152504
            ],
            [
              76.92525369720758,
              11.02245458078181
            ],
            [
              76.92406392821565,
              11.02323490026102
            ],
            [
              76.9226605,
              11.023508912023038
            ],
            [
              76.92125707178437,
              11.02323490026102
            ],
            [
              76.92006730279243,
              11.02245458078181
            ],
            [
              76.91927232456798,
              11.021286750152504
            ],
            [
              76.91899316533916,
              11.0199092
            ],
            [
              76.91927232456798,
              11.018531649847498
            ],
            [
              76.92006730279243,
              11.017363819218192
            ],
            [
              76.92125707178437,
              11.016583499738982
            ],
            [
              76.9226605,
              11.016309487976963
            ],
            [
              76.92406392821565,
              11.016583499738982
            ],
            [
              76.92525369720758,
              11.017363819218192
            ],
            [
              76.92604867543203,
              11.018531649847498
            ],
            [
              76.92632783466085,
              11.0199092
            ]
          ]
        ]
      },
      "properties": {
        "id": 34674,
        "name": "PN Pudur",
        "ward_code": "OSM-3674",
        "city": "Coimbatore",
        "district": "Coimbatore",
        "state": "Tamil Nadu",
        "administrative_type": "Urban",
        "local_body": "Coimbatore Local Body",
        "locality": "PN Pudur",
        "population": 4500,
        "area_sq_km": 0.5,
        "risk_level": "HIGH",
        "coordinates": [
          11.0199092,
          76.9226605
        ],
        "data_source_type": "OpenStreetMap / Overpass API",
        "data_status": "Verified Public Data"
      }
    },
    {
      "type": "Feature",
      "id": 34675,
      "geometry": {
        "type": "Polygon",
        "coordinates": [
          [
            [
              76.93710896594469,
              11.0624447
            ],
            [
              76.93682976627429,
              11.063822250152503
            ],
            [
              76.93603467288197,
              11.06499008078181
            ],
            [
              76.93484473152917,
              11.06577040026102
            ],
            [
              76.9334411,
              11.066044412023038
            ],
            [
              76.93203746847082,
              11.06577040026102
            ],
            [
              76.93084752711802,
              11.06499008078181
            ],
            [
              76.9300524337257,
              11.063822250152503
            ],
            [
              76.9297732340553,
              11.0624447
            ],
            [
              76.9300524337257,
              11.061067149847498
            ],
            [
              76.93084752711802,
              11.059899319218191
            ],
            [
              76.93203746847082,
              11.059118999738981
            ],
            [
              76.9334411,
              11.058844987976963
            ],
            [
              76.93484473152917,
              11.059118999738981
            ],
            [
              76.93603467288197,
              11.059899319218191
            ],
            [
              76.93682976627429,
              11.061067149847498
            ],
            [
              76.93710896594469,
              11.0624447
            ]
          ]
        ]
      },
      "properties": {
        "id": 34675,
        "name": "Subramaniapalayam",
        "ward_code": "OSM-3675",
        "city": "Coimbatore",
        "district": "Coimbatore",
        "state": "Tamil Nadu",
        "administrative_type": "Urban",
        "local_body": "Coimbatore Local Body",
        "locality": "Subramaniapalayam",
        "population": 4500,
        "area_sq_km": 0.5,
        "risk_level": "LOW",
        "coordinates": [
          11.0624447,
          76.9334411
        ],
        "data_source_type": "OpenStreetMap / Overpass API",
        "data_status": "Verified Public Data"
      }
    },
    {
      "type": "Feature",
      "id": 34676,
      "geometry": {
        "type": "Polygon",
        "coordinates": [
          [
            [
              76.92810427044644,
              11.0787712
            ],
            [
              76.92782505520927,
              11.080148750152503
            ],
            [
              76.92702991748655,
              11.08131658078181
            ],
            [
              76.9258399097886,
              11.08209690026102
            ],
            [
              76.9244362,
              11.082370912023038
            ],
            [
              76.9230324902114,
              11.08209690026102
            ],
            [
              76.92184248251345,
              11.08131658078181
            ],
            [
              76.92104734479074,
              11.080148750152503
            ],
            [
              76.92076812955357,
              11.0787712
            ],
            [
              76.92104734479074,
              11.077393649847497
            ],
            [
              76.92184248251345,
              11.076225819218191
            ],
            [
              76.9230324902114,
              11.075445499738981
            ],
            [
              76.9244362,
              11.075171487976963
            ],
            [
              76.9258399097886,
              11.075445499738981
            ],
            [
              76.92702991748655,
              11.076225819218191
            ],
            [
              76.92782505520927,
              11.077393649847497
            ],
            [
              76.92810427044644,
              11.0787712
            ]
          ]
        ]
      },
      "properties": {
        "id": 34676,
        "name": "Appanaickenpalayam",
        "ward_code": "OSM-3676",
        "city": "Coimbatore",
        "district": "Coimbatore",
        "state": "Tamil Nadu",
        "administrative_type": "Urban",
        "local_body": "Coimbatore Local Body",
        "locality": "Appanaickenpalayam",
        "population": 4500,
        "area_sq_km": 0.5,
        "risk_level": "MEDIUM",
        "coordinates": [
          11.0787712,
          76.9244362
        ],
        "data_source_type": "OpenStreetMap / Overpass API",
        "data_status": "Verified Public Data"
      }
    },
    {
      "type": "Feature",
      "id": 34677,
      "geometry": {
        "type": "Polygon",
        "coordinates": [
          [
            [
              76.91993045281858,
              11.0853402
            ],
            [
              76.9196512313112,
              11.086717750152502
            ],
            [
              76.91885607573245,
              11.087885580781808
            ],
            [
              76.91766604131105,
              11.088665900261018
            ],
            [
              76.9162623,
              11.088939912023037
            ],
            [
              76.91485855868895,
              11.088665900261018
            ],
            [
              76.91366852426755,
              11.087885580781808
            ],
            [
              76.91287336868879,
              11.086717750152502
            ],
            [
              76.91259414718142,
              11.0853402
            ],
            [
              76.91287336868879,
              11.083962649847496
            ],
            [
              76.91366852426755,
              11.08279481921819
            ],
            [
              76.91485855868895,
              11.08201449973898
            ],
            [
              76.9162623,
              11.081740487976962
            ],
            [
              76.91766604131105,
              11.08201449973898
            ],
            [
              76.91885607573245,
              11.08279481921819
            ],
            [
              76.9196512313112,
              11.083962649847496
            ],
            [
              76.91993045281858,
              11.0853402
            ]
          ]
        ]
      },
      "properties": {
        "id": 34677,
        "name": "Pannimadai",
        "ward_code": "OSM-3677",
        "city": "Coimbatore",
        "district": "Coimbatore",
        "state": "Tamil Nadu",
        "administrative_type": "Urban",
        "local_body": "Coimbatore Local Body",
        "locality": "Pannimadai",
        "population": 4500,
        "area_sq_km": 0.5,
        "risk_level": "HIGH",
        "coordinates": [
          11.0853402,
          76.9162623
        ],
        "data_source_type": "OpenStreetMap / Overpass API",
        "data_status": "Verified Public Data"
      }
    },
    {
      "type": "Feature",
      "id": 34678,
      "geometry": {
        "type": "Polygon",
        "coordinates": [
          [
            [
              76.94153468667405,
              11.0880389
            ],
            [
              76.94125546258958,
              11.089416450152504
            ],
            [
              76.94046029967187,
              11.09058428078181
            ],
            [
              76.93927025426697,
              11.09136460026102
            ],
            [
              76.9378665,
              11.091638612023038
            ],
            [
              76.93646274573302,
              11.09136460026102
            ],
            [
              76.93527270032813,
              11.09058428078181
            ],
            [
              76.93447753741042,
              11.089416450152504
            ],
            [
              76.93419831332595,
              11.0880389
            ],
            [
              76.93447753741042,
              11.086661349847498
            ],
            [
              76.93527270032813,
              11.085493519218192
            ],
            [
              76.93646274573302,
              11.084713199738982
            ],
            [
              76.9378665,
              11.084439187976963
            ],
            [
              76.93927025426697,
              11.084713199738982
            ],
            [
              76.94046029967187,
              11.085493519218192
            ],
            [
              76.94125546258958,
              11.086661349847498
            ],
            [
              76.94153468667405,
              11.0880389
            ]
          ]
        ]
      },
      "properties": {
        "id": 34678,
        "name": "Kurudampalayam",
        "ward_code": "OSM-3678",
        "city": "Coimbatore",
        "district": "Coimbatore",
        "state": "Tamil Nadu",
        "administrative_type": "Urban",
        "local_body": "Coimbatore Local Body",
        "locality": "Kurudampalayam",
        "population": 4500,
        "area_sq_km": 0.5,
        "risk_level": "LOW",
        "coordinates": [
          11.0880389,
          76.9378665
        ],
        "data_source_type": "OpenStreetMap / Overpass API",
        "data_status": "Verified Public Data"
      }
    },
    {
      "type": "Feature",
      "id": 34679,
      "geometry": {
        "type": "Polygon",
        "coordinates": [
          [
            [
              77.07117427668676,
              11.1160301
            ],
            [
              77.07061577497936,
              11.118785200305004
            ],
            [
              77.06902529667929,
              11.121120861563618
            ],
            [
              77.06664497769,
              11.12268150052204
            ],
            [
              77.0638372,
              11.123229524046076
            ],
            [
              77.06102942230999,
              11.12268150052204
            ],
            [
              77.0586491033207,
              11.121120861563618
            ],
            [
              77.05705862502063,
              11.118785200305004
            ],
            [
              77.05650012331323,
              11.1160301
            ],
            [
              77.05705862502063,
              11.113274999694996
            ],
            [
              77.0586491033207,
              11.110939338436381
            ],
            [
              77.06102942230999,
              11.10937869947796
            ],
            [
              77.0638372,
              11.108830675953923
            ],
            [
              77.06664497769,
              11.10937869947796
            ],
            [
              77.06902529667929,
              11.110939338436381
            ],
            [
              77.07061577497936,
              11.113274999694996
            ],
            [
              77.07117427668676,
              11.1160301
            ]
          ]
        ]
      },
      "properties": {
        "id": 34679,
        "name": "Kallipalayam",
        "ward_code": "OSM-3679",
        "city": "Coimbatore",
        "district": "Coimbatore",
        "state": "Tamil Nadu",
        "administrative_type": "Rural",
        "local_body": "Coimbatore Local Body",
        "locality": "Kallipalayam",
        "population": 4500,
        "area_sq_km": 2.01,
        "risk_level": "MEDIUM",
        "coordinates": [
          11.1160301,
          77.0638372
        ],
        "data_source_type": "OpenStreetMap / Overpass API",
        "data_status": "Verified Public Data"
      }
    },
    {
      "type": "Feature",
      "id": 34680,
      "geometry": {
        "type": "Polygon",
        "coordinates": [
          [
            [
              77.11723438191096,
              11.1717313
            ],
            [
              77.11667577323725,
              11.174486400305003
            ],
            [
              77.11508499032286,
              11.176822061563618
            ],
            [
              77.11270421544603,
              11.17838270052204
            ],
            [
              77.1098959,
              11.178930724046076
            ],
            [
              77.10708758455397,
              11.17838270052204
            ],
            [
              77.10470680967714,
              11.176822061563618
            ],
            [
              77.10311602676275,
              11.174486400305003
            ],
            [
              77.10255741808903,
              11.1717313
            ],
            [
              77.10311602676275,
              11.168976199694995
            ],
            [
              77.10470680967714,
              11.166640538436381
            ],
            [
              77.10708758455397,
              11.16507989947796
            ],
            [
              77.1098959,
              11.164531875953923
            ],
            [
              77.11270421544603,
              11.16507989947796
            ],
            [
              77.11508499032286,
              11.166640538436381
            ],
            [
              77.11667577323725,
              11.168976199694995
            ],
            [
              77.11723438191096,
              11.1717313
            ]
          ]
        ]
      },
      "properties": {
        "id": 34680,
        "name": "Rayarpalayam",
        "ward_code": "OSM-3680",
        "city": "Coimbatore",
        "district": "Coimbatore",
        "state": "Tamil Nadu",
        "administrative_type": "Rural",
        "local_body": "Coimbatore Local Body",
        "locality": "Rayarpalayam",
        "population": 4500,
        "area_sq_km": 2.01,
        "risk_level": "HIGH",
        "coordinates": [
          11.1717313,
          77.1098959
        ],
        "data_source_type": "OpenStreetMap / Overpass API",
        "data_status": "Verified Public Data"
      }
    },
    {
      "type": "Feature",
      "id": 47841,
      "geometry": {
        "type": "Polygon",
        "coordinates": [
          [
            [
              77.07115899998497,
              11.0651647
            ],
            [
              77.07060059546072,
              11.067919800305004
            ],
            [
              77.06901039391481,
              11.070255461563619
            ],
            [
              77.0666304891174,
              11.07181610052204
            ],
            [
              77.0638232,
              11.072364124046077
            ],
            [
              77.0610159108826,
              11.07181610052204
            ],
            [
              77.0586360060852,
              11.070255461563619
            ],
            [
              77.05704580453929,
              11.067919800305004
            ],
            [
              77.05648740001503,
              11.0651647
            ],
            [
              77.05704580453929,
              11.062409599694996
            ],
            [
              77.0586360060852,
              11.060073938436382
            ],
            [
              77.0610159108826,
              11.05851329947796
            ],
            [
              77.0638232,
              11.057965275953924
            ],
            [
              77.0666304891174,
              11.05851329947796
            ],
            [
              77.06901039391481,
              11.060073938436382
            ],
            [
              77.07060059546072,
              11.062409599694996
            ],
            [
              77.07115899998497,
              11.0651647
            ]
          ]
        ]
      },
      "properties": {
        "id": 47841,
        "name": "Karayampalayam",
        "ward_code": "OSM-6841",
        "city": "Coimbatore",
        "district": "Coimbatore",
        "state": "Tamil Nadu",
        "administrative_type": "Rural",
        "local_body": "Coimbatore Local Body",
        "locality": "Karayampalayam",
        "population": 4500,
        "area_sq_km": 2.01,
        "risk_level": "MEDIUM",
        "coordinates": [
          11.0651647,
          77.0638232
        ],
        "data_source_type": "OpenStreetMap / Overpass API",
        "data_status": "Verified Public Data"
      }
    },
    {
      "type": "Feature",
      "id": 47842,
      "geometry": {
        "type": "Polygon",
        "coordinates": [
          [
            [
              77.07135195239827,
              11.0792301
            ],
            [
              77.07079352104815,
              11.081985200305004
            ],
            [
              77.06920324310865,
              11.084320861563619
            ],
            [
              77.06682322398014,
              11.08588150052204
            ],
            [
              77.0640158,
              11.086429524046077
            ],
            [
              77.06120837601988,
              11.08588150052204
            ],
            [
              77.05882835689137,
              11.084320861563619
            ],
            [
              77.05723807895187,
              11.081985200305004
            ],
            [
              77.05667964760174,
              11.0792301
            ],
            [
              77.05723807895187,
              11.076474999694996
            ],
            [
              77.05882835689137,
              11.074139338436382
            ],
            [
              77.06120837601988,
              11.07257869947796
            ],
            [
              77.0640158,
              11.072030675953924
            ],
            [
              77.06682322398014,
              11.07257869947796
            ],
            [
              77.06920324310865,
              11.074139338436382
            ],
            [
              77.07079352104815,
              11.076474999694996
            ],
            [
              77.07135195239827,
              11.0792301
            ]
          ]
        ]
      },
      "properties": {
        "id": 47842,
        "name": "Mylampatti",
        "ward_code": "OSM-6842",
        "city": "Coimbatore",
        "district": "Coimbatore",
        "state": "Tamil Nadu",
        "administrative_type": "Rural",
        "local_body": "Coimbatore Local Body",
        "locality": "Mylampatti",
        "population": 4500,
        "area_sq_km": 2.01,
        "risk_level": "HIGH",
        "coordinates": [
          11.0792301,
          77.0640158
        ],
        "data_source_type": "OpenStreetMap / Overpass API",
        "data_status": "Verified Public Data"
      }
    },
    {
      "type": "Feature",
      "id": 17055,
      "geometry": {
        "type": "Polygon",
        "coordinates": [
          [
            [
              76.8146552869672,
              11.1877324
            ],
            [
              76.8140966474604,
              11.190487500305004
            ],
            [
              76.81250577674086,
              11.192823161563618
            ],
            [
              76.81012487045435,
              11.19438380052204
            ],
            [
              76.8073164,
              11.194931824046076
            ],
            [
              76.80450792954566,
              11.19438380052204
            ],
            [
              76.80212702325915,
              11.192823161563618
            ],
            [
              76.8005361525396,
              11.190487500305004
            ],
            [
              76.79997751303281,
              11.1877324
            ],
            [
              76.8005361525396,
              11.184977299694996
            ],
            [
              76.80212702325915,
              11.182641638436381
            ],
            [
              76.80450792954566,
              11.18108099947796
            ],
            [
              76.8073164,
              11.180532975953923
            ],
            [
              76.81012487045435,
              11.18108099947796
            ],
            [
              76.81250577674086,
              11.182641638436381
            ],
            [
              76.8140966474604,
              11.184977299694996
            ],
            [
              76.8146552869672,
              11.1877324
            ]
          ]
        ]
      },
      "properties": {
        "id": 17055,
        "name": "Adhimadhayanur",
        "ward_code": "OSM-6055",
        "city": "Coimbatore",
        "district": "Coimbatore",
        "state": "Tamil Nadu",
        "administrative_type": "Rural",
        "local_body": "Coimbatore Local Body",
        "locality": "Adhimadhayanur",
        "population": 4500,
        "area_sq_km": 2.01,
        "risk_level": "LOW",
        "coordinates": [
          11.1877324,
          76.8073164
        ],
        "data_source_type": "OpenStreetMap / Overpass API",
        "data_status": "Verified Public Data"
      }
    },
    {
      "type": "Feature",
      "id": 19058,
      "geometry": {
        "type": "Polygon",
        "coordinates": [
          [
            [
              76.82858140237926,
              11.2001754
            ],
            [
              76.82802273886315,
              11.202930500305003
            ],
            [
              76.82643179977087,
              11.205266161563618
            ],
            [
              76.82405079115732,
              11.20682680052204
            ],
            [
              76.8212422,
              11.207374824046076
            ],
            [
              76.81843360884268,
              11.20682680052204
            ],
            [
              76.81605260022913,
              11.205266161563618
            ],
            [
              76.81446166113685,
              11.202930500305003
            ],
            [
              76.81390299762074,
              11.2001754
            ],
            [
              76.81446166113685,
              11.197420299694995
            ],
            [
              76.81605260022913,
              11.19508463843638
            ],
            [
              76.81843360884268,
              11.193523999477959
            ],
            [
              76.8212422,
              11.192975975953923
            ],
            [
              76.82405079115732,
              11.193523999477959
            ],
            [
              76.82643179977087,
              11.19508463843638
            ],
            [
              76.82802273886315,
              11.197420299694995
            ],
            [
              76.82858140237926,
              11.2001754
            ]
          ]
        ]
      },
      "properties": {
        "id": 19058,
        "name": "Sundakorai",
        "ward_code": "OSM-8058",
        "city": "Coimbatore",
        "district": "Coimbatore",
        "state": "Tamil Nadu",
        "administrative_type": "Rural",
        "local_body": "Coimbatore Local Body",
        "locality": "Sundakorai",
        "population": 4500,
        "area_sq_km": 2.01,
        "risk_level": "HIGH",
        "coordinates": [
          11.2001754,
          76.8212422
        ],
        "data_source_type": "OpenStreetMap / Overpass API",
        "data_status": "Verified Public Data"
      }
    }
  ]
}