{
  "type": "FeatureCollection",
  "features": [
    {
      "type": "Feature",
      "id": 37306,
      "geometry": {
        "type": "Polygon",
        "coordinates": [
          [
            [
              77.93555880747981,
              10.2767592
            ],
            [
              77.93451451021697,
              10.281925013071884
            ],
            [
              77.93154060322013,
              10.286304377931785
            ],
            [
              77.92708983687102,
              10.289230575978825
            ],
            [
              77.9218398,
              10.290258120086394
            ],
            [
              77.91658976312898,
              10.289230575978825
            ],
            [
              77.91213899677987,
              10.286304377931785
            ],
            [
              77.90916508978303,
              10.281925013071884
            ],
            [
              77.9081207925202,
              10.2767592
            ],
            [
              77.90916508978303,
              10.271593386928117
            ],
            [
              77.91213899677987,
              10.267214022068217
            ],
            [
              77.91658976312898,
              10.264287824021176
            ],
            [
              77.9218398,
              10.263260279913608
            ],
            [
              77.92708983687102,
              10.264287824021176
            ],
            [
              77.93154060322013,
              10.267214022068217
            ],
            [
              77.93451451021697,
              10.271593386928117
            ],
            [
              77.93555880747981,
              10.2767592
            ]
          ]
        ]
      },
      "properties": {
        "id": 37306,
        "name": "Chinnalapatti",
        "ward_code": "OSM-6306",
        "city": "Dindigul",
        "district": "Dindigul",
        "state": "Tamil Nadu",
        "administrative_type": "Urban",
        "local_body": "Dindigul Local Body",
        "locality": "Chinnalapatti",
        "population": 100000,
        "area_sq_km": 7.07,
        "risk_level": "LOW",
        "coordinates": [
          10.2767592,
          77.9218398
        ],
        "data_source_type": "OpenStreetMap / Overpass API",
        "data_status": "Verified Public Data"
      }
    },
    {
      "type": "Feature",
      "id": 37527,
      "geometry": {
        "type": "Polygon",
        "coordinates": [
          [
            [
              77.79930181725663,
              10.4740048
            ],
            [
              77.79874450755239,
              10.476759900305003
            ],
            [
              77.79715742379007,
              10.479095561563618
            ],
            [
              77.79478218508555,
              10.48065620052204
            ],
            [
              77.7919804,
              10.481204224046076
            ],
            [
              77.78917861491445,
              10.48065620052204
            ],
            [
              77.78680337620993,
              10.479095561563618
            ],
            [
              77.78521629244761,
              10.476759900305003
            ],
            [
              77.78465898274337,
              10.4740048
            ],
            [
              77.78521629244761,
              10.471249699694996
            ],
            [
              77.78680337620993,
              10.468914038436381
            ],
            [
              77.78917861491445,
              10.46735339947796
            ],
            [
              77.7919804,
              10.466805375953923
            ],
            [
              77.79478218508555,
              10.46735339947796
            ],
            [
              77.79715742379007,
              10.468914038436381
            ],
            [
              77.79874450755239,
              10.471249699694996
            ],
            [
              77.79930181725663,
              10.4740048
            ]
          ]
        ]
      },
      "properties": {
        "id": 37527,
        "name": "Pudu Chattram",
        "ward_code": "OSM-6527",
        "city": "Dindigul",
        "district": "Dindigul",
        "state": "Tamil Nadu",
        "administrative_type": "Rural",
        "local_body": "Dindigul Local Body",
        "locality": "Pudu Chattram",
        "population": 4500,
        "area_sq_km": 2.01,
        "risk_level": "HIGH",
        "coordinates": [
          10.4740048,
          77.7919804
        ],
        "data_source_type": "OpenStreetMap / Overpass API",
        "data_status": "Verified Public Data"
      }
    },
    {
      "type": "Feature",
      "id": 37560,
      "geometry": {
        "type": "Polygon",
        "coordinates": [
          [
            [
              78.16401036750541,
              10.4845925
            ],
            [
              78.16345303875211,
              10.487347600305004
            ],
            [
              78.16186590074267,
              10.489683261563618
            ],
            [
              78.15949058085161,
              10.49124390052204
            ],
            [
              78.1566887,
              10.491791924046076
            ],
            [
              78.1538868191484,
              10.49124390052204
            ],
            [
              78.15151149925734,
              10.489683261563618
            ],
            [
              78.1499243612479,
              10.487347600305004
            ],
            [
              78.1493670324946,
              10.4845925
            ],
            [
              78.1499243612479,
              10.481837399694996
            ],
            [
              78.15151149925734,
              10.479501738436381
            ],
            [
              78.1538868191484,
              10.47794109947796
            ],
            [
              78.1566887,
              10.477393075953923
            ],
            [
              78.15949058085161,
              10.47794109947796
            ],
            [
              78.16186590074267,
              10.479501738436381
            ],
            [
              78.16345303875211,
              10.481837399694996
            ],
            [
              78.16401036750541,
              10.4845925
            ]
          ]
        ]
      },
      "properties": {
        "id": 37560,
        "name": "Ayyalur",
        "ward_code": "OSM-6560",
        "city": "Dindigul",
        "district": "Dindigul",
        "state": "Tamil Nadu",
        "administrative_type": "Rural",
        "local_body": "Dindigul Local Body",
        "locality": "Ayyalur",
        "population": 4500,
        "area_sq_km": 2.01,
        "risk_level": "HIGH",
        "coordinates": [
          10.4845925,
          78.1566887
        ],
        "data_source_type": "OpenStreetMap / Overpass API",
        "data_status": "Verified Public Data"
      }
    },
    {
      "type": "Feature",
      "id": 37610,
      "geometry": {
        "type": "Polygon",
        "coordinates": [
          [
            [
              78.0701619374255,
              10.5170962
            ],
            [
              78.0696045500655,
              10.519851300305003
            ],
            [
              78.06801724515839,
              10.522186961563618
            ],
            [
              78.06564167548727,
              10.52374760052204
            ],
            [
              78.0628395,
              10.524295624046076
            ],
            [
              78.06003732451272,
              10.52374760052204
            ],
            [
              78.0576617548416,
              10.522186961563618
            ],
            [
              78.05607444993448,
              10.519851300305003
            ],
            [
              78.0555170625745,
              10.5170962
            ],
            [
              78.05607444993448,
              10.514341099694995
            ],
            [
              78.0576617548416,
              10.51200543843638
            ],
            [
              78.06003732451272,
              10.510444799477959
            ],
            [
              78.0628395,
              10.509896775953923
            ],
            [
              78.06564167548727,
              10.510444799477959
            ],
            [
              78.06801724515839,
              10.51200543843638
            ],
            [
              78.0696045500655,
              10.514341099694995
            ],
            [
              78.0701619374255,
              10.5170962
            ]
          ]
        ]
      },
      "properties": {
        "id": 37610,
        "name": "Eriyodu",
        "ward_code": "OSM-6610",
        "city": "Dindigul",
        "district": "Dindigul",
        "state": "Tamil Nadu",
        "administrative_type": "Rural",
        "local_body": "Dindigul Local Body",
        "locality": "Eriyodu",
        "population": 4500,
        "area_sq_km": 2.01,
        "risk_level": "MEDIUM",
        "coordinates": [
          10.5170962,
          78.0628395
        ],
        "data_source_type": "OpenStreetMap / Overpass API",
        "data_status": "Verified Public Data"
      }
    },
    {
      "type": "Feature",
      "id": 37675,
      "geometry": {
        "type": "Polygon",
        "coordinates": [
          [
            [
              77.96004755215253,
              10.5324146
            ],
            [
              77.95900239893994,
              10.537580413071883
            ],
            [
              77.95602605440446,
              10.541959777931783
            ],
            [
              77.95157164002097,
              10.544885975978824
            ],
            [
              77.9463173,
              10.545913520086392
            ],
            [
              77.94106295997904,
              10.544885975978824
            ],
            [
              77.93660854559555,
              10.541959777931783
            ],
            [
              77.93363220106006,
              10.537580413071883
            ],
            [
              77.93258704784748,
              10.5324146
            ],
            [
              77.93363220106006,
              10.527248786928116
            ],
            [
              77.93660854559555,
              10.522869422068215
            ],
            [
              77.94106295997904,
              10.519943224021175
            ],
            [
              77.9463173,
              10.518915679913606
            ],
            [
              77.95157164002097,
              10.519943224021175
            ],
            [
              77.95602605440446,
              10.522869422068215
            ],
            [
              77.95900239893994,
              10.527248786928116
            ],
            [
              77.96004755215253,
              10.5324146
            ]
          ]
        ]
      },
      "properties": {
        "id": 37675,
        "name": "Vedasandur",
        "ward_code": "OSM-6675",
        "city": "Dindigul",
        "district": "Dindigul",
        "state": "Tamil Nadu",
        "administrative_type": "Urban",
        "local_body": "Dindigul Local Body",
        "locality": "Vedasandur",
        "population": 5000,
        "area_sq_km": 7.07,
        "risk_level": "LOW",
        "coordinates": [
          10.5324146,
          77.9463173
        ],
        "data_source_type": "OpenStreetMap / Overpass API",
        "data_status": "Verified Public Data"
      }
    },
    {
      "type": "Feature",
      "id": 9935,
      "geometry": {
        "type": "Polygon",
        "coordinates": [
          [
            [
              77.762969562609,
              10.48766
            ],
            [
              77.76192456084141,
              10.492825813071883
            ],
            [
              77.75894864758473,
              10.497205177931784
            ],
            [
              77.75449487865562,
              10.500131375978825
            ],
            [
              77.7492413,
              10.501158920086393
            ],
            [
              77.74398772134437,
              10.500131375978825
            ],
            [
              77.73953395241526,
              10.497205177931784
            ],
            [
              77.73655803915858,
              10.492825813071883
            ],
            [
              77.73551303739099,
              10.48766
            ],
            [
              77.73655803915858,
              10.482494186928117
            ],
            [
              77.73953395241526,
              10.478114822068216
            ],
            [
              77.74398772134437,
              10.475188624021175
            ],
            [
              77.7492413,
              10.474161079913607
            ],
            [
              77.75449487865562,
              10.475188624021175
            ],
            [
              77.75894864758473,
              10.478114822068216
            ],
            [
              77.76192456084141,
              10.482494186928117
            ],
            [
              77.762969562609,
              10.48766
            ]
          ]
        ]
      },
      "properties": {
        "id": 9935,
        "name": "Oddanchatram",
        "ward_code": "OSM-8935",
        "city": "Dindigul",
        "district": "Dindigul",
        "state": "Tamil Nadu",
        "administrative_type": "Urban",
        "local_body": "Dindigul Local Body",
        "locality": "Oddanchatram",
        "population": 25000,
        "area_sq_km": 7.07,
        "risk_level": "HIGH",
        "coordinates": [
          10.48766,
          77.7492413
        ],
        "data_source_type": "OpenStreetMap / Overpass API",
        "data_status": "Verified Public Data"
      }
    },
    {
      "type": "Feature",
      "id": 9939,
      "geometry": {
        "type": "Polygon",
        "coordinates": [
          [
            [
              77.91455077553243,
              10.1789669
            ],
            [
              77.91427238200917,
              10.180344450152504
            ],
            [
              77.91347958432965,
              10.18151228078181
            ],
            [
              77.91229307875386,
              10.18229260026102
            ],
            [
              77.9108935,
              10.182566612023038
            ],
            [
              77.90949392124614,
              10.18229260026102
            ],
            [
              77.90830741567035,
              10.18151228078181
            ],
            [
              77.90751461799083,
              10.180344450152504
            ],
            [
              77.90723622446757,
              10.1789669
            ],
            [
              77.90751461799083,
              10.177589349847498
            ],
            [
              77.90830741567035,
              10.176421519218191
            ],
            [
              77.90949392124614,
              10.175641199738982
            ],
            [
              77.9108935,
              10.175367187976963
            ],
            [
              77.91229307875386,
              10.175641199738982
            ],
            [
              77.91347958432965,
              10.176421519218191
            ],
            [
              77.91427238200917,
              10.177589349847498
            ],
            [
              77.91455077553243,
              10.1789669
            ]
          ]
        ]
      },
      "properties": {
        "id": 9939,
        "name": "Kodai Road",
        "ward_code": "OSM-8939",
        "city": "Dindigul",
        "district": "Dindigul",
        "state": "Tamil Nadu",
        "administrative_type": "Urban",
        "local_body": "Dindigul Local Body",
        "locality": "Kodai Road",
        "population": 4500,
        "area_sq_km": 0.5,
        "risk_level": "LOW",
        "coordinates": [
          10.1789669,
          77.9108935
        ],
        "data_source_type": "OpenStreetMap / Overpass API",
        "data_status": "Verified Public Data"
      }
    },
    {
      "type": "Feature",
      "id": 3310,
      "geometry": {
        "type": "Polygon",
        "coordinates": [
          [
            [
              77.8927493356482,
              10.152081
            ],
            [
              77.89219259544748,
              10.154836100305005
            ],
            [
              77.89060713349402,
              10.15717176156362
            ],
            [
              77.88823432199796,
              10.158732400522041
            ],
            [
              77.8854354,
              10.159280424046077
            ],
            [
              77.88263647800206,
              10.158732400522041
            ],
            [
              77.880263666506,
              10.15717176156362
            ],
            [
              77.87867820455253,
              10.154836100305005
            ],
            [
              77.8781214643518,
              10.152081
            ],
            [
              77.87867820455253,
              10.149325899694997
            ],
            [
              77.880263666506,
              10.146990238436382
            ],
            [
              77.88263647800206,
              10.14542959947796
            ],
            [
              77.8854354,
              10.144881575953924
            ],
            [
              77.88823432199796,
              10.14542959947796
            ],
            [
              77.89060713349402,
              10.146990238436382
            ],
            [
              77.89219259544748,
              10.149325899694997
            ],
            [
              77.8927493356482,
              10.152081
            ]
          ]
        ]
      },
      "properties": {
        "id": 3310,
        "name": "Silukuvarpatti",
        "ward_code": "OSM-2310",
        "city": "Dindigul",
        "district": "Dindigul",
        "state": "Tamil Nadu",
        "administrative_type": "Rural",
        "local_body": "Dindigul Local Body",
        "locality": "Silukuvarpatti",
        "population": 4500,
        "area_sq_km": 2.01,
        "risk_level": "MEDIUM",
        "coordinates": [
          10.152081,
          77.8854354
        ],
        "data_source_type": "OpenStreetMap / Overpass API",
        "data_status": "Verified Public Data"
      }
    },
    {
      "type": "Feature",
      "id": 3324,
      "geometry": {
        "type": "Polygon",
        "coordinates": [
          [
            [
              77.86656417625106,
              10.1648333
            ],
            [
              77.86552024674361,
              10.169999113071883
            ],
            [
              77.86254738702551,
              10.174378477931784
            ],
            [
              77.85809818803982,
              10.177304675978824
            ],
            [
              77.85285,
              10.178332220086393
            ],
            [
              77.84760181196019,
              10.177304675978824
            ],
            [
              77.84315261297449,
              10.174378477931784
            ],
            [
              77.8401797532564,
              10.169999113071883
            ],
            [
              77.83913582374895,
              10.1648333
            ],
            [
              77.8401797532564,
              10.159667486928116
            ],
            [
              77.84315261297449,
              10.155288122068216
            ],
            [
              77.84760181196019,
              10.152361924021175
            ],
            [
              77.85285,
              10.151334379913607
            ],
            [
              77.85809818803982,
              10.152361924021175
            ],
            [
              77.86254738702551,
              10.155288122068216
            ],
            [
              77.86552024674361,
              10.159667486928116
            ],
            [
              77.86656417625106,
              10.1648333
            ]
          ]
        ]
      },
      "properties": {
        "id": 3324,
        "name": "Nilakkottai",
        "ward_code": "OSM-2324",
        "city": "Dindigul",
        "district": "Dindigul",
        "state": "Tamil Nadu",
        "administrative_type": "Urban",
        "local_body": "Dindigul Local Body",
        "locality": "Nilakkottai",
        "population": 25000,
        "area_sq_km": 7.07,
        "risk_level": "LOW",
        "coordinates": [
          10.1648333,
          77.85285
        ],
        "data_source_type": "OpenStreetMap / Overpass API",
        "data_status": "Verified Public Data"
      }
    },
    {
      "type": "Feature",
      "id": 5540,
      "geometry": {
        "type": "Polygon",
        "coordinates": [
          [
            [
              77.77281192369999,
              10.1636087
            ],
            [
              77.77176799819276,
              10.168774513071883
            ],
            [
              77.7687951498663,
              10.173153877931783
            ],
            [
              77.7643459679294,
              10.176080075978824
            ],
            [
              77.7590978,
              10.177107620086392
            ],
            [
              77.75384963207061,
              10.176080075978824
            ],
            [
              77.7494004501337,
              10.173153877931783
            ],
            [
              77.74642760180726,
              10.168774513071883
            ],
            [
              77.74538367630002,
              10.1636087
            ],
            [
              77.74642760180726,
              10.158442886928116
            ],
            [
              77.7494004501337,
              10.154063522068215
            ],
            [
              77.75384963207061,
              10.151137324021175
            ],
            [
              77.7590978,
              10.150109779913606
            ],
            [
              77.7643459679294,
              10.151137324021175
            ],
            [
              77.7687951498663,
              10.154063522068215
            ],
            [
              77.77176799819276,
              10.158442886928116
            ],
            [
              77.77281192369999,
              10.1636087
            ]
          ]
        ]
      },
      "properties": {
        "id": 5540,
        "name": "Batlagundu",
        "ward_code": "OSM-4540",
        "city": "Dindigul",
        "district": "Dindigul",
        "state": "Tamil Nadu",
        "administrative_type": "Urban",
        "local_body": "Dindigul Local Body",
        "locality": "Batlagundu",
        "population": 22000,
        "area_sq_km": 7.07,
        "risk_level": "HIGH",
        "coordinates": [
          10.1636087,
          77.7590978
        ],
        "data_source_type": "OpenStreetMap / Overpass API",
        "data_status": "Verified Public Data"
      }
    },
    {
      "type": "Feature",
      "id": 5553,
      "geometry": {
        "type": "Polygon",
        "coordinates": [
          [
            [
              77.87860371773613,
              10.2816706
            ],
            [
              77.87804675053748,
              10.284425700305004
            ],
            [
              77.8764606421486,
              10.286761361563618
            ],
            [
              77.8740868631936,
              10.28832200052204
            ],
            [
              77.8712868,
              10.288870024046076
            ],
            [
              77.86848673680639,
              10.28832200052204
            ],
            [
              77.86611295785139,
              10.286761361563618
            ],
            [
              77.86452684946251,
              10.284425700305004
            ],
            [
              77.86396988226386,
              10.2816706
            ],
            [
              77.86452684946251,
              10.278915499694996
            ],
            [
              77.86611295785139,
              10.276579838436382
            ],
            [
              77.86848673680639,
              10.27501919947796
            ],
            [
              77.8712868,
              10.274471175953924
            ],
            [
              77.8740868631936,
              10.27501919947796
            ],
            [
              77.8764606421486,
              10.276579838436382
            ],
            [
              77.87804675053748,
              10.278915499694996
            ],
            [
              77.87860371773613,
              10.2816706
            ]
          ]
        ]
      },
      "properties": {
        "id": 5553,
        "name": "Sembatti",
        "ward_code": "OSM-4553",
        "city": "Dindigul",
        "district": "Dindigul",
        "state": "Tamil Nadu",
        "administrative_type": "Rural",
        "local_body": "Dindigul Local Body",
        "locality": "Sembatti",
        "population": 4500,
        "area_sq_km": 2.01,
        "risk_level": "LOW",
        "coordinates": [
          10.2816706,
          77.8712868
        ],
        "data_source_type": "OpenStreetMap / Overpass API",
        "data_status": "Verified Public Data"
      }
    },
    {
      "type": "Feature",
      "id": 30026,
      "geometry": {
        "type": "Polygon",
        "coordinates": [
          [
            [
              77.83512165916191,
              10.5095799
            ],
            [
              77.83456428537143,
              10.512335000305004
            ],
            [
              77.83297701910699,
              10.514670661563619
            ],
            [
              77.83060150726875,
              10.51623130052204
            ],
            [
              77.8277994,
              10.516779324046077
            ],
            [
              77.82499729273125,
              10.51623130052204
            ],
            [
              77.82262178089302,
              10.514670661563619
            ],
            [
              77.82103451462858,
              10.512335000305004
            ],
            [
              77.8204771408381,
              10.5095799
            ],
            [
              77.82103451462858,
              10.506824799694996
            ],
            [
              77.82262178089302,
              10.504489138436382
            ],
            [
              77.82499729273125,
              10.50292849947796
            ],
            [
              77.8277994,
              10.502380475953924
            ],
            [
              77.83060150726875,
              10.50292849947796
            ],
            [
              77.83297701910699,
              10.504489138436382
            ],
            [
              77.83456428537143,
              10.506824799694996
            ],
            [
              77.83512165916191,
              10.5095799
            ]
          ]
        ]
      },
      "properties": {
        "id": 30026,
        "name": "Palaiyapatti",
        "ward_code": "OSM-9026",
        "city": "Dindigul",
        "district": "Dindigul",
        "state": "Tamil Nadu",
        "administrative_type": "Rural",
        "local_body": "Dindigul Local Body",
        "locality": "Palaiyapatti",
        "population": 4500,
        "area_sq_km": 2.01,
        "risk_level": "MEDIUM",
        "coordinates": [
          10.5095799,
          77.8277994
        ],
        "data_source_type": "OpenStreetMap / Overpass API",
        "data_status": "Verified Public Data"
      }
    },
    {
      "type": "Feature",
      "id": 30030,
      "geometry": {
        "type": "Polygon",
        "coordinates": [
          [
            [
              77.74367871809847,
              10.5247083
            ],
            [
              77.74312131698557,
              10.527463400305004
            ],
            [
              77.74153397291346,
              10.529799061563619
            ],
            [
              77.73915834462781,
              10.53135970052204
            ],
            [
              77.7363561,
              10.531907724046077
            ],
            [
              77.73355385537218,
              10.53135970052204
            ],
            [
              77.73117822708653,
              10.529799061563619
            ],
            [
              77.72959088301442,
              10.527463400305004
            ],
            [
              77.72903348190152,
              10.5247083
            ],
            [
              77.72959088301442,
              10.521953199694996
            ],
            [
              77.73117822708653,
              10.519617538436382
            ],
            [
              77.73355385537218,
              10.51805689947796
            ],
            [
              77.7363561,
              10.517508875953924
            ],
            [
              77.73915834462781,
              10.51805689947796
            ],
            [
              77.74153397291346,
              10.519617538436382
            ],
            [
              77.74312131698557,
              10.521953199694996
            ],
            [
              77.74367871809847,
              10.5247083
            ]
          ]
        ]
      },
      "properties": {
        "id": 30030,
        "name": "Tangachchiyammapatti",
        "ward_code": "OSM-9030",
        "city": "Dindigul",
        "district": "Dindigul",
        "state": "Tamil Nadu",
        "administrative_type": "Rural",
        "local_body": "Dindigul Local Body",
        "locality": "Tangachchiyammapatti",
        "population": 4500,
        "area_sq_km": 2.01,
        "risk_level": "HIGH",
        "coordinates": [
          10.5247083,
          77.7363561
        ],
        "data_source_type": "OpenStreetMap / Overpass API",
        "data_status": "Verified Public Data"
      }
    },
    {
      "type": "Feature",
      "id": 30047,
      "geometry": {
        "type": "Polygon",
        "coordinates": [
          [
            [
              77.84116805167982,
              10.5303326
            ],
            [
              77.84061064039864,
              10.533087700305003
            ],
            [
              77.83902326736974,
              10.535423361563618
            ],
            [
              77.83664759574718,
              10.53698400052204
            ],
            [
              77.8338453,
              10.537532024046076
            ],
            [
              77.8310430042528,
              10.53698400052204
            ],
            [
              77.82866733263025,
              10.535423361563618
            ],
            [
              77.82707995960135,
              10.533087700305003
            ],
            [
              77.82652254832017,
              10.5303326
            ],
            [
              77.82707995960135,
              10.527577499694996
            ],
            [
              77.82866733263025,
              10.525241838436381
            ],
            [
              77.8310430042528,
              10.52368119947796
            ],
            [
              77.8338453,
              10.523133175953923
            ],
            [
              77.83664759574718,
              10.52368119947796
            ],
            [
              77.83902326736974,
              10.525241838436381
            ],
            [
              77.84061064039864,
              10.527577499694996
            ],
            [
              77.84116805167982,
              10.5303326
            ]
          ]
        ]
      },
      "properties": {
        "id": 30047,
        "name": "Muttinayakkanpatti",
        "ward_code": "OSM-9047",
        "city": "Dindigul",
        "district": "Dindigul",
        "state": "Tamil Nadu",
        "administrative_type": "Rural",
        "local_body": "Dindigul Local Body",
        "locality": "Muttinayakkanpatti",
        "population": 4500,
        "area_sq_km": 2.01,
        "risk_level": "MEDIUM",
        "coordinates": [
          10.5303326,
          77.8338453
        ],
        "data_source_type": "OpenStreetMap / Overpass API",
        "data_status": "Verified Public Data"
      }
    },
    {
      "type": "Feature",
      "id": 30078,
      "geometry": {
        "type": "Polygon",
        "coordinates": [
          [
            [
              77.7567935539177,
              10.5598475
            ],
            [
              77.75623608918185,
              10.562602600305004
            ],
            [
              77.7546485639269,
              10.564938261563618
            ],
            [
              77.75227266448199,
              10.56649890052204
            ],
            [
              77.7494701,
              10.567046924046076
            ],
            [
              77.746667535518,
              10.56649890052204
            ],
            [
              77.74429163607309,
              10.564938261563618
            ],
            [
              77.74270411081814,
              10.562602600305004
            ],
            [
              77.74214664608229,
              10.5598475
            ],
            [
              77.74270411081814,
              10.557092399694996
            ],
            [
              77.74429163607309,
              10.554756738436382
            ],
            [
              77.746667535518,
              10.55319609947796
            ],
            [
              77.7494701,
              10.552648075953924
            ],
            [
              77.75227266448199,
              10.55319609947796
            ],
            [
              77.7546485639269,
              10.554756738436382
            ],
            [
              77.75623608918185,
              10.557092399694996
            ],
            [
              77.7567935539177,
              10.5598475
            ]
          ]
        ]
      },
      "properties": {
        "id": 30078,
        "name": "Sengaattupudur",
        "ward_code": "OSM-9078",
        "city": "Dindigul",
        "district": "Dindigul",
        "state": "Tamil Nadu",
        "administrative_type": "Rural",
        "local_body": "Dindigul Local Body",
        "locality": "Sengaattupudur",
        "population": 4500,
        "area_sq_km": 2.01,
        "risk_level": "HIGH",
        "coordinates": [
          10.5598475,
          77.7494701
        ],
        "data_source_type": "OpenStreetMap / Overpass API",
        "data_status": "Verified Public Data"
      }
    },
    {
      "type": "Feature",
      "id": 20378,
      "geometry": {
        "type": "Polygon",
        "coordinates": [
          [
            [
              78.06892778385755,
              10.3447552
            ],
            [
              78.06837070505705,
              10.347510300305004
            ],
            [
              78.06678427885299,
              10.349845961563618
            ],
            [
              78.06441002425397,
              10.35140660052204
            ],
            [
              78.0616094,
              10.351954624046076
            ],
            [
              78.05880877574602,
              10.35140660052204
            ],
            [
              78.056434521147,
              10.349845961563618
            ],
            [
              78.05484809494294,
              10.347510300305004
            ],
            [
              78.05429101614244,
              10.3447552
            ],
            [
              78.05484809494294,
              10.342000099694996
            ],
            [
              78.056434521147,
              10.339664438436381
            ],
            [
              78.05880877574602,
              10.33810379947796
            ],
            [
              78.0616094,
              10.337555775953923
            ],
            [
              78.06441002425397,
              10.33810379947796
            ],
            [
              78.06678427885299,
              10.339664438436381
            ],
            [
              78.06837070505705,
              10.342000099694996
            ],
            [
              78.06892778385755,
              10.3447552
            ]
          ]
        ]
      },
      "properties": {
        "id": 20378,
        "name": "Unnamed Place 16",
        "ward_code": "OSM-9378",
        "city": "Dindigul",
        "district": "Dindigul",
        "state": "Tamil Nadu",
        "administrative_type": "Rural",
        "local_body": "Dindigul Local Body",
        "locality": "Unnamed Place 16",
        "population": 4500,
        "area_sq_km": 2.01,
        "risk_level": "HIGH",
        "coordinates": [
          10.3447552,
          78.0616094
        ],
        "data_source_type": "OpenStreetMap / Overpass API",
        "data_status": "Verified Public Data"
      }
    },
    {
      "type": "Feature",
      "id": 49038,
      "geometry": {
        "type": "Polygon",
        "coordinates": [
          [
            [
              77.83724369205027,
              10.3793574
            ],
            [
              77.83668655172977,
              10.382112500305004
            ],
            [
              77.83509995033155,
              10.384448161563618
            ],
            [
              77.83272543353594,
              10.38600880052204
            ],
            [
              77.8299245,
              10.386556824046076
            ],
            [
              77.82712356646407,
              10.38600880052204
            ],
            [
              77.82474904966845,
              10.384448161563618
            ],
            [
              77.82316244827024,
              10.382112500305004
            ],
            [
              77.82260530794974,
              10.3793574
            ],
            [
              77.82316244827024,
              10.376602299694996
            ],
            [
              77.82474904966845,
              10.374266638436382
            ],
            [
              77.82712356646407,
              10.37270599947796
            ],
            [
              77.8299245,
              10.372157975953924
            ],
            [
              77.83272543353594,
              10.37270599947796
            ],
            [
              77.83509995033155,
              10.374266638436382
            ],
            [
              77.83668655172977,
              10.376602299694996
            ],
            [
              77.83724369205027,
              10.3793574
            ]
          ]
        ]
      },
      "properties": {
        "id": 49038,
        "name": "Kannivadi",
        "ward_code": "OSM-8038",
        "city": "Dindigul",
        "district": "Dindigul",
        "state": "Tamil Nadu",
        "administrative_type": "Rural",
        "local_body": "Dindigul Local Body",
        "locality": "Kannivadi",
        "population": 4500,
        "area_sq_km": 2.01,
        "risk_level": "HIGH",
        "coordinates": [
          10.3793574,
          77.8299245
        ],
        "data_source_type": "OpenStreetMap / Overpass API",
        "data_status": "Verified Public Data"
      }
    },
    {
      "type": "Feature",
      "id": 24456,
      "geometry": {
        "type": "Polygon",
        "coordinates": [
          [
            [
              78.15894230366688,
              10.3155384
            ],
            [
              78.1583852766428,
              10.318293500305003
            ],
            [
              78.15679899788556,
              10.320629161563618
            ],
            [
              78.15442496395627,
              10.32218980052204
            ],
            [
              78.1516246,
              10.322737824046076
            ],
            [
              78.14882423604374,
              10.32218980052204
            ],
            [
              78.14645020211445,
              10.320629161563618
            ],
            [
              78.1448639233572,
              10.318293500305003
            ],
            [
              78.14430689633313,
              10.3155384
            ],
            [
              78.1448639233572,
              10.312783299694996
            ],
            [
              78.14645020211445,
              10.310447638436381
            ],
            [
              78.14882423604374,
              10.30888699947796
            ],
            [
              78.1516246,
              10.308338975953923
            ],
            [
              78.15442496395627,
              10.30888699947796
            ],
            [
              78.15679899788556,
              10.310447638436381
            ],
            [
              78.1583852766428,
              10.312783299694996
            ],
            [
              78.15894230366688,
              10.3155384
            ]
          ]
        ]
      },
      "properties": {
        "id": 24456,
        "name": "VSK Valasai",
        "ward_code": "OSM-3456",
        "city": "Dindigul",
        "district": "Dindigul",
        "state": "Tamil Nadu",
        "administrative_type": "Rural",
        "local_body": "Dindigul Local Body",
        "locality": "VSK Valasai",
        "population": 4500,
        "area_sq_km": 2.01,
        "risk_level": "LOW",
        "coordinates": [
          10.3155384,
          78.1516246
        ],
        "data_source_type": "OpenStreetMap / Overpass API",
        "data_status": "Verified Public Data"
      }
    },
    {
      "type": "Feature",
      "id": 33026,
      "geometry": {
        "type": "Polygon",
        "coordinates": [
          [
            [
              78.10736523087895,
              10.3510589
            ],
            [
              78.10680814088711,
              10.353814000305004
            ],
            [
              78.10522168281283,
              10.356149661563618
            ],
            [
              78.10284738051662,
              10.35771030052204
            ],
            [
              78.1000467,
              10.358258324046076
            ],
            [
              78.09724601948336,
              10.35771030052204
            ],
            [
              78.09487171718716,
              10.356149661563618
            ],
            [
              78.09328525911287,
              10.353814000305004
            ],
            [
              78.09272816912103,
              10.3510589
            ],
            [
              78.09328525911287,
              10.348303799694996
            ],
            [
              78.09487171718716,
              10.345968138436382
            ],
            [
              78.09724601948336,
              10.34440749947796
            ],
            [
              78.1000467,
              10.343859475953924
            ],
            [
              78.10284738051662,
              10.34440749947796
            ],
            [
              78.10522168281283,
              10.345968138436382
            ],
            [
              78.10680814088711,
              10.348303799694996
            ],
            [
              78.10736523087895,
              10.3510589
            ]
          ]
        ]
      },
      "properties": {
        "id": 33026,
        "name": "Adhikaripatti",
        "ward_code": "OSM-2026",
        "city": "Dindigul",
        "district": "Dindigul",
        "state": "Tamil Nadu",
        "administrative_type": "Rural",
        "local_body": "Dindigul Local Body",
        "locality": "Adhikaripatti",
        "population": 4500,
        "area_sq_km": 2.01,
        "risk_level": "MEDIUM",
        "coordinates": [
          10.3510589,
          78.1000467
        ],
        "data_source_type": "OpenStreetMap / Overpass API",
        "data_status": "Verified Public Data"
      }
    },
    {
      "type": "Feature",
      "id": 33123,
      "geometry": {
        "type": "Polygon",
        "coordinates": [
          [
            [
              78.14677044495389,
              10.3087085
            ],
            [
              78.14621343001113,
              10.311463600305004
            ],
            [
              78.14462718565854,
              10.313799261563618
            ],
            [
              78.14225320321944,
              10.31535990052204
            ],
            [
              78.1394529,
              10.315907924046076
            ],
            [
              78.13665259678055,
              10.31535990052204
            ],
            [
              78.13427861434145,
              10.313799261563618
            ],
            [
              78.13269236998886,
              10.311463600305004
            ],
            [
              78.1321353550461,
              10.3087085
            ],
            [
              78.13269236998886,
              10.305953399694996
            ],
            [
              78.13427861434145,
              10.303617738436381
            ],
            [
              78.13665259678055,
              10.30205709947796
            ],
            [
              78.1394529,
              10.301509075953923
            ],
            [
              78.14225320321944,
              10.30205709947796
            ],
            [
              78.14462718565854,
              10.303617738436381
            ],
            [
              78.14621343001113,
              10.305953399694996
            ],
            [
              78.14677044495389,
              10.3087085
            ]
          ]
        ]
      },
      "properties": {
        "id": 33123,
        "name": "Silavarpatti",
        "ward_code": "OSM-2123",
        "city": "Dindigul",
        "district": "Dindigul",
        "state": "Tamil Nadu",
        "administrative_type": "Rural",
        "local_body": "Dindigul Local Body",
        "locality": "Silavarpatti",
        "population": 4500,
        "area_sq_km": 2.01,
        "risk_level": "HIGH",
        "coordinates": [
          10.3087085,
          78.1394529
        ],
        "data_source_type": "OpenStreetMap / Overpass API",
        "data_status": "Verified Public Data"
      }
    },
    {
      "type": "Feature",
      "id": 33536,
      "geometry": {
        "type": "Polygon",
        "coordinates": [
          [
            [
              78.14246436231333,
              10.3395408
            ],
            [
              78.14190729276484,
              10.342295900305004
            ],
            [
              78.14032089290826,
              10.344631561563618
            ],
            [
              78.13794667774101,
              10.34619220052204
            ],
            [
              78.1351461,
              10.346740224046076
            ],
            [
              78.13234552225899,
              10.34619220052204
            ],
            [
              78.12997130709174,
              10.344631561563618
            ],
            [
              78.12838490723516,
              10.342295900305004
            ],
            [
              78.12782783768667,
              10.3395408
            ],
            [
              78.12838490723516,
              10.336785699694996
            ],
            [
              78.12997130709174,
              10.334450038436382
            ],
            [
              78.13234552225899,
              10.33288939947796
            ],
            [
              78.1351461,
              10.332341375953924
            ],
            [
              78.13794667774101,
              10.33288939947796
            ],
            [
              78.14032089290826,
              10.334450038436382
            ],
            [
              78.14190729276484,
              10.336785699694996
            ],
            [
              78.14246436231333,
              10.3395408
            ]
          ]
        ]
      },
      "properties": {
        "id": 33536,
        "name": "Markkampatti",
        "ward_code": "OSM-2536",
        "city": "Dindigul",
        "district": "Dindigul",
        "state": "Tamil Nadu",
        "administrative_type": "Rural",
        "local_body": "Dindigul Local Body",
        "locality": "Markkampatti",
        "population": 4500,
        "area_sq_km": 2.01,
        "risk_level": "MEDIUM",
        "coordinates": [
          10.3395408,
          78.1351461
        ],
        "data_source_type": "OpenStreetMap / Overpass API",
        "data_status": "Verified Public Data"
      }
    },
    {
      "type": "Feature",
      "id": 1060,
      "geometry": {
        "type": "Polygon",
        "coordinates": [
          [
            [
              77.93314761233908,
              10.2728001
            ],
            [
              77.93259066077535,
              10.275555200305003
            ],
            [
              77.93100459691095,
              10.277890861563618
            ],
            [
              77.92863088459154,
              10.27945150052204
            ],
            [
              77.9258309,
              10.279999524046076
            ],
            [
              77.92303091540845,
              10.27945150052204
            ],
            [
              77.92065720308904,
              10.277890861563618
            ],
            [
              77.91907113922464,
              10.275555200305003
            ],
            [
              77.9185141876609,
              10.2728001
            ],
            [
              77.91907113922464,
              10.270044999694996
            ],
            [
              77.92065720308904,
              10.267709338436381
            ],
            [
              77.92303091540845,
              10.26614869947796
            ],
            [
              77.9258309,
              10.265600675953923
            ],
            [
              77.92863088459154,
              10.26614869947796
            ],
            [
              77.93100459691095,
              10.267709338436381
            ],
            [
              77.93259066077535,
              10.270044999694996
            ],
            [
              77.93314761233908,
              10.2728001
            ]
          ]
        ]
      },
      "properties": {
        "id": 1060,
        "name": "Samiyarpatti",
        "ward_code": "OSM-60",
        "city": "Dindigul",
        "district": "Dindigul",
        "state": "Tamil Nadu",
        "administrative_type": "Rural",
        "local_body": "Dindigul Local Body",
        "locality": "Samiyarpatti",
        "population": 1000,
        "area_sq_km": 2.01,
        "risk_level": "HIGH",
        "coordinates": [
          10.2728001,
          77.9258309
        ],
        "data_source_type": "OpenStreetMap / Overpass API",
        "data_status": "Verified Public Data"
      }
    },
    {
      "type": "Feature",
      "id": 4496,
      "geometry": {
        "type": "Polygon",
        "coordinates": [
          [
            [
              77.80735633731035,
              10.5675411
            ],
            [
              77.80679885861457,
              10.570296200305004
            ],
            [
              77.8052112936051,
              10.572631861563618
            ],
            [
              77.80283533466333,
              10.57419250052204
            ],
            [
              77.8000327,
              10.574740524046076
            ],
            [
              77.79723006533668,
              10.57419250052204
            ],
            [
              77.79485410639491,
              10.572631861563618
            ],
            [
              77.79326654138544,
              10.570296200305004
            ],
            [
              77.79270906268965,
              10.5675411
            ],
            [
              77.79326654138544,
              10.564785999694996
            ],
            [
              77.79485410639491,
              10.562450338436381
            ],
            [
              77.79723006533668,
              10.56088969947796
            ],
            [
              77.8000327,
              10.560341675953923
            ],
            [
              77.80283533466333,
              10.56088969947796
            ],
            [
              77.8052112936051,
              10.562450338436381
            ],
            [
              77.80679885861457,
              10.564785999694996
            ],
            [
              77.80735633731035,
              10.5675411
            ]
          ]
        ]
      },
      "properties": {
        "id": 4496,
        "name": "Parumarathupatti",
        "ward_code": "OSM-3496",
        "city": "Dindigul",
        "district": "Dindigul",
        "state": "Tamil Nadu",
        "administrative_type": "Rural",
        "local_body": "Dindigul Local Body",
        "locality": "Parumarathupatti",
        "population": 350,
        "area_sq_km": 2.01,
        "risk_level": "HIGH",
        "coordinates": [
          10.5675411,
          77.8000327
        ],
        "data_source_type": "OpenStreetMap / Overpass API",
        "data_status": "Verified Public Data"
      }
    },
    {
      "type": "Feature",
      "id": 42545,
      "geometry": {
        "type": "Polygon",
        "coordinates": [
          [
            [
              78.02560571734527,
              10.3161268
            ],
            [
              78.02504868928,
              10.318881900305003
            ],
            [
              78.02346240755764,
              10.321217561563618
            ],
            [
              78.02108836919076,
              10.32277820052204
            ],
            [
              78.018288,
              10.323326224046076
            ],
            [
              78.01548763080923,
              10.32277820052204
            ],
            [
              78.01311359244235,
              10.321217561563618
            ],
            [
              78.01152731072,
              10.318881900305003
            ],
            [
              78.01097028265472,
              10.3161268
            ],
            [
              78.01152731072,
              10.313371699694995
            ],
            [
              78.01311359244235,
              10.31103603843638
            ],
            [
              78.01548763080923,
              10.309475399477959
            ],
            [
              78.018288,
              10.308927375953923
            ],
            [
              78.02108836919076,
              10.309475399477959
            ],
            [
              78.02346240755764,
              10.31103603843638
            ],
            [
              78.02504868928,
              10.313371699694995
            ],
            [
              78.02560571734527,
              10.3161268
            ]
          ]
        ]
      },
      "properties": {
        "id": 42545,
        "name": "RMTC Nagar",
        "ward_code": "OSM-1545",
        "city": "Dindigul",
        "district": "Dindigul",
        "state": "Tamil Nadu",
        "administrative_type": "Rural",
        "local_body": "Dindigul Local Body",
        "locality": "RMTC Nagar",
        "population": 4500,
        "area_sq_km": 2.01,
        "risk_level": "HIGH",
        "coordinates": [
          10.3161268,
          78.018288
        ],
        "data_source_type": "OpenStreetMap / Overpass API",
        "data_status": "Verified Public Data"
      }
    },
    {
      "type": "Feature",
      "id": 17899,
      "geometry": {
        "type": "Polygon",
        "coordinates": [
          [
            [
              77.88392977550689,
              10.2452457
            ],
            [
              77.88337287241912,
              10.248000800305004
            ],
            [
              77.88178694660259,
              10.250336461563618
            ],
            [
              77.87941344088641,
              10.25189710052204
            ],
            [
              77.8766137,
              10.252445124046076
            ],
            [
              77.87381395911358,
              10.25189710052204
            ],
            [
              77.8714404533974,
              10.250336461563618
            ],
            [
              77.86985452758087,
              10.248000800305004
            ],
            [
              77.8692976244931,
              10.2452457
            ],
            [
              77.86985452758087,
              10.242490599694996
            ],
            [
              77.8714404533974,
              10.240154938436381
            ],
            [
              77.87381395911358,
              10.23859429947796
            ],
            [
              77.8766137,
              10.238046275953923
            ],
            [
              77.87941344088641,
              10.23859429947796
            ],
            [
              77.88178694660259,
              10.240154938436381
            ],
            [
              77.88337287241912,
              10.242490599694996
            ],
            [
              77.88392977550689,
              10.2452457
            ]
          ]
        ]
      },
      "properties": {
        "id": 17899,
        "name": "Kanakkanpatti",
        "ward_code": "OSM-6899",
        "city": "Dindigul",
        "district": "Dindigul",
        "state": "Tamil Nadu",
        "administrative_type": "Rural",
        "local_body": "Dindigul Local Body",
        "locality": "Kanakkanpatti",
        "population": 4500,
        "area_sq_km": 2.01,
        "risk_level": "MEDIUM",
        "coordinates": [
          10.2452457,
          77.8766137
        ],
        "data_source_type": "OpenStreetMap / Overpass API",
        "data_status": "Verified Public Data"
      }
    },
    {
      "type": "Feature",
      "id": 21336,
      "geometry": {
        "type": "Polygon",
        "coordinates": [
          [
            [
              77.88593604663448,
              10.2439946
            ],
            [
              77.88537914574451,
              10.246749700305005
            ],
            [
              77.88379322618673,
              10.249085361563619
            ],
            [
              77.88141972983743,
              10.25064600052204
            ],
            [
              77.87862,
              10.251194024046077
            ],
            [
              77.87582027016256,
              10.25064600052204
            ],
            [
              77.87344677381327,
              10.249085361563619
            ],
            [
              77.87186085425549,
              10.246749700305005
            ],
            [
              77.87130395336551,
              10.2439946
            ],
            [
              77.87186085425549,
              10.241239499694997
            ],
            [
              77.87344677381327,
              10.238903838436382
            ],
            [
              77.87582027016256,
              10.23734319947796
            ],
            [
              77.87862,
              10.236795175953924
            ],
            [
              77.88141972983743,
              10.23734319947796
            ],
            [
              77.88379322618673,
              10.238903838436382
            ],
            [
              77.88537914574451,
              10.241239499694997
            ],
            [
              77.88593604663448,
              10.2439946
            ]
          ]
        ]
      },
      "properties": {
        "id": 21336,
        "name": "Ramaswamipuram",
        "ward_code": "OSM-336",
        "city": "Dindigul",
        "district": "Dindigul",
        "state": "Tamil Nadu",
        "administrative_type": "Rural",
        "local_body": "Dindigul Local Body",
        "locality": "Ramaswamipuram",
        "population": 4500,
        "area_sq_km": 2.01,
        "risk_level": "LOW",
        "coordinates": [
          10.2439946,
          77.87862
        ],
        "data_source_type": "OpenStreetMap / Overpass API",
        "data_status": "Verified Public Data"
      }
    },
    {
      "type": "Feature",
      "id": 21342,
      "geometry": {
        "type": "Polygon",
        "coordinates": [
          [
            [
              77.8914478118909,
              10.2338167
            ],
            [
              77.89089092886971,
              10.236571800305004
            ],
            [
              77.88930506019794,
              10.238907461563619
            ],
            [
              77.88693164000495,
              10.24046810052204
            ],
            [
              77.884132,
              10.241016124046077
            ],
            [
              77.88133235999504,
              10.24046810052204
            ],
            [
              77.87895893980205,
              10.238907461563619
            ],
            [
              77.87737307113028,
              10.236571800305004
            ],
            [
              77.87681618810909,
              10.2338167
            ],
            [
              77.87737307113028,
              10.231061599694996
            ],
            [
              77.87895893980205,
              10.228725938436382
            ],
            [
              77.88133235999504,
              10.22716529947796
            ],
            [
              77.884132,
              10.226617275953924
            ],
            [
              77.88693164000495,
              10.22716529947796
            ],
            [
              77.88930506019794,
              10.228725938436382
            ],
            [
              77.89089092886971,
              10.231061599694996
            ],
            [
              77.8914478118909,
              10.2338167
            ]
          ]
        ]
      },
      "properties": {
        "id": 21342,
        "name": "Mondanpatti",
        "ward_code": "OSM-342",
        "city": "Dindigul",
        "district": "Dindigul",
        "state": "Tamil Nadu",
        "administrative_type": "Rural",
        "local_body": "Dindigul Local Body",
        "locality": "Mondanpatti",
        "population": 4500,
        "area_sq_km": 2.01,
        "risk_level": "LOW",
        "coordinates": [
          10.2338167,
          77.884132
        ],
        "data_source_type": "OpenStreetMap / Overpass API",
        "data_status": "Verified Public Data"
      }
    },
    {
      "type": "Feature",
      "id": 21389,
      "geometry": {
        "type": "Polygon",
        "coordinates": [
          [
            [
              77.89082303055561,
              10.2432978
            ],
            [
              77.89026613088956,
              10.246052900305004
            ],
            [
              77.88868021481724,
              10.248388561563619
            ],
            [
              77.88630672368431,
              10.24994920052204
            ],
            [
              77.883507,
              10.250497224046077
            ],
            [
              77.88070727631568,
              10.24994920052204
            ],
            [
              77.87833378518275,
              10.248388561563619
            ],
            [
              77.87674786911043,
              10.246052900305004
            ],
            [
              77.87619096944438,
              10.2432978
            ],
            [
              77.87674786911043,
              10.240542699694997
            ],
            [
              77.87833378518275,
              10.238207038436382
            ],
            [
              77.88070727631568,
              10.23664639947796
            ],
            [
              77.883507,
              10.236098375953924
            ],
            [
              77.88630672368431,
              10.23664639947796
            ],
            [
              77.88868021481724,
              10.238207038436382
            ],
            [
              77.89026613088956,
              10.240542699694997
            ],
            [
              77.89082303055561,
              10.2432978
            ]
          ]
        ]
      },
      "properties": {
        "id": 21389,
        "name": "Budipuram",
        "ward_code": "OSM-389",
        "city": "Dindigul",
        "district": "Dindigul",
        "state": "Tamil Nadu",
        "administrative_type": "Rural",
        "local_body": "Dindigul Local Body",
        "locality": "Budipuram",
        "population": 4500,
        "area_sq_km": 2.01,
        "risk_level": "HIGH",
        "coordinates": [
          10.2432978,
          77.883507
        ],
        "data_source_type": "OpenStreetMap / Overpass API",
        "data_status": "Verified Public Data"
      }
    },
    {
      "type": "Feature",
      "id": 21399,
      "geometry": {
        "type": "Polygon",
        "coordinates": [
          [
            [
              77.89606895878754,
              10.2228308
            ],
            [
              77.89551209503269,
              10.225585900305004
            ],
            [
              77.89392628122684,
              10.227921561563619
            ],
            [
              77.89155294314648,
              10.22948220052204
            ],
            [
              77.8887534,
              10.230030224046077
            ],
            [
              77.88595385685352,
              10.22948220052204
            ],
            [
              77.88358051877316,
              10.227921561563619
            ],
            [
              77.88199470496731,
              10.225585900305004
            ],
            [
              77.88143784121246,
              10.2228308
            ],
            [
              77.88199470496731,
              10.220075699694997
            ],
            [
              77.88358051877316,
              10.217740038436382
            ],
            [
              77.88595385685352,
              10.21617939947796
            ],
            [
              77.8887534,
              10.215631375953924
            ],
            [
              77.89155294314648,
              10.21617939947796
            ],
            [
              77.89392628122684,
              10.217740038436382
            ],
            [
              77.89551209503269,
              10.220075699694997
            ],
            [
              77.89606895878754,
              10.2228308
            ]
          ]
        ]
      },
      "properties": {
        "id": 21399,
        "name": "Kaminayakkanpatti",
        "ward_code": "OSM-399",
        "city": "Dindigul",
        "district": "Dindigul",
        "state": "Tamil Nadu",
        "administrative_type": "Rural",
        "local_body": "Dindigul Local Body",
        "locality": "Kaminayakkanpatti",
        "population": 4500,
        "area_sq_km": 2.01,
        "risk_level": "LOW",
        "coordinates": [
          10.2228308,
          77.8887534
        ],
        "data_source_type": "OpenStreetMap / Overpass API",
        "data_status": "Verified Public Data"
      }
    },
    {
      "type": "Feature",
      "id": 21523,
      "geometry": {
        "type": "Polygon",
        "coordinates": [
          [
            [
              77.895489720973,
              10.2255311
            ],
            [
              77.89493285248457,
              10.228286200305003
            ],
            [
              77.89334702519861,
              10.230621861563618
            ],
            [
              77.89097366694384,
              10.23218250052204
            ],
            [
              77.8881741,
              10.232730524046076
            ],
            [
              77.88537453305617,
              10.23218250052204
            ],
            [
              77.8830011748014,
              10.230621861563618
            ],
            [
              77.88141534751543,
              10.228286200305003
            ],
            [
              77.880858479027,
              10.2255311
            ],
            [
              77.88141534751543,
              10.222775999694996
            ],
            [
              77.8830011748014,
              10.220440338436381
            ],
            [
              77.88537453305617,
              10.21887969947796
            ],
            [
              77.8881741,
              10.218331675953923
            ],
            [
              77.89097366694384,
              10.21887969947796
            ],
            [
              77.89334702519861,
              10.220440338436381
            ],
            [
              77.89493285248457,
              10.222775999694996
            ],
            [
              77.895489720973,
              10.2255311
            ]
          ]
        ]
      },
      "properties": {
        "id": 21523,
        "name": "Chinnaveetanpatti(Alagarpatti)",
        "ward_code": "OSM-523",
        "city": "Dindigul",
        "district": "Dindigul",
        "state": "Tamil Nadu",
        "administrative_type": "Rural",
        "local_body": "Dindigul Local Body",
        "locality": "Chinnaveetanpatti(Alagarpatti)",
        "population": 4500,
        "area_sq_km": 2.01,
        "risk_level": "MEDIUM",
        "coordinates": [
          10.2255311,
          77.8881741
        ],
        "data_source_type": "OpenStreetMap / Overpass API",
        "data_status": "Verified Public Data"
      }
    },
    {
      "type": "Feature",
      "id": 21574,
      "geometry": {
        "type": "Polygon",
        "coordinates": [
          [
            [
              77.9006397044683,
              10.2334947
            ],
            [
              77.90008282201211,
              10.236249800305004
            ],
            [
              77.89849695494937,
              10.238585461563618
            ],
            [
              77.89612353716444,
              10.24014610052204
            ],
            [
              77.8933239,
              10.240694124046076
            ],
            [
              77.89052426283556,
              10.24014610052204
            ],
            [
              77.88815084505063,
              10.238585461563618
            ],
            [
              77.88656497798789,
              10.236249800305004
            ],
            [
              77.8860080955317,
              10.2334947
            ],
            [
              77.88656497798789,
              10.230739599694996
            ],
            [
              77.88815084505063,
              10.228403938436381
            ],
            [
              77.89052426283556,
              10.22684329947796
            ],
            [
              77.8933239,
              10.226295275953923
            ],
            [
              77.89612353716444,
              10.22684329947796
            ],
            [
              77.89849695494937,
              10.228403938436381
            ],
            [
              77.90008282201211,
              10.230739599694996
            ],
            [
              77.9006397044683,
              10.2334947
            ]
          ]
        ]
      },
      "properties": {
        "id": 21574,
        "name": "Sakkaiyanayakkanur",
        "ward_code": "OSM-574",
        "city": "Dindigul",
        "district": "Dindigul",
        "state": "Tamil Nadu",
        "administrative_type": "Rural",
        "local_body": "Dindigul Local Body",
        "locality": "Sakkaiyanayakkanur",
        "population": 4500,
        "area_sq_km": 2.01,
        "risk_level": "MEDIUM",
        "coordinates": [
          10.2334947,
          77.8933239
        ],
        "data_source_type": "OpenStreetMap / Overpass API",
        "data_status": "Verified Public Data"
      }
    },
    {
      "type": "Feature",
      "id": 21589,
      "geometry": {
        "type": "Polygon",
        "coordinates": [
          [
            [
              77.90552670544106,
              10.2335369
            ],
            [
              77.90496982291083,
              10.236292000305005
            ],
            [
              77.90338395563721,
              10.23862766156362
            ],
            [
              77.90101053753669,
              10.24018830052204
            ],
            [
              77.8982109,
              10.240736324046077
            ],
            [
              77.8954112624633,
              10.24018830052204
            ],
            [
              77.89303784436278,
              10.23862766156362
            ],
            [
              77.89145197708916,
              10.236292000305005
            ],
            [
              77.89089509455893,
              10.2335369
            ],
            [
              77.89145197708916,
              10.230781799694997
            ],
            [
              77.89303784436278,
              10.228446138436382
            ],
            [
              77.8954112624633,
              10.22688549947796
            ],
            [
              77.8982109,
              10.226337475953924
            ],
            [
              77.90101053753669,
              10.22688549947796
            ],
            [
              77.90338395563721,
              10.228446138436382
            ],
            [
              77.90496982291083,
              10.230781799694997
            ],
            [
              77.90552670544106,
              10.2335369
            ]
          ]
        ]
      },
      "properties": {
        "id": 21589,
        "name": "Kamalapuram",
        "ward_code": "OSM-589",
        "city": "Dindigul",
        "district": "Dindigul",
        "state": "Tamil Nadu",
        "administrative_type": "Rural",
        "local_body": "Dindigul Local Body",
        "locality": "Kamalapuram",
        "population": 4500,
        "area_sq_km": 2.01,
        "risk_level": "MEDIUM",
        "coordinates": [
          10.2335369,
          77.8982109
        ],
        "data_source_type": "OpenStreetMap / Overpass API",
        "data_status": "Verified Public Data"
      }
    },
    {
      "type": "Feature",
      "id": 13114,
      "geometry": {
        "type": "Polygon",
        "coordinates": [
          [
            [
              77.88627144380374,
              10.2482045
            ],
            [
              77.88571453551718,
              10.250959600305004
            ],
            [
              77.88412859489576,
              10.253295261563618
            ],
            [
              77.8817550670225,
              10.25485590052204
            ],
            [
              77.8789553,
              10.255403924046076
            ],
            [
              77.8761555329775,
              10.25485590052204
            ],
            [
              77.87378200510425,
              10.253295261563618
            ],
            [
              77.87219606448282,
              10.250959600305004
            ],
            [
              77.87163915619627,
              10.2482045
            ],
            [
              77.87219606448282,
              10.245449399694996
            ],
            [
              77.87378200510425,
              10.243113738436382
            ],
            [
              77.8761555329775,
              10.24155309947796
            ],
            [
              77.8789553,
              10.241005075953924
            ],
            [
              77.8817550670225,
              10.24155309947796
            ],
            [
              77.88412859489576,
              10.243113738436382
            ],
            [
              77.88571453551718,
              10.245449399694996
            ],
            [
              77.88627144380374,
              10.2482045
            ]
          ]
        ]
      },
      "properties": {
        "id": 13114,
        "name": "Sukkalapuram",
        "ward_code": "OSM-2114",
        "city": "Dindigul",
        "district": "Dindigul",
        "state": "Tamil Nadu",
        "administrative_type": "Rural",
        "local_body": "Dindigul Local Body",
        "locality": "Sukkalapuram",
        "population": 4500,
        "area_sq_km": 2.01,
        "risk_level": "HIGH",
        "coordinates": [
          10.2482045,
          77.8789553
        ],
        "data_source_type": "OpenStreetMap / Overpass API",
        "data_status": "Verified Public Data"
      }
    },
    {
      "type": "Feature",
      "id": 13119,
      "geometry": {
        "type": "Polygon",
        "coordinates": [
          [
            [
              77.88647003808647,
              10.2522876
            ],
            [
              77.88591312262308,
              10.255042700305005
            ],
            [
              77.88432716156372,
              10.25737836156362
            ],
            [
              77.88195360310293,
              10.25893900052204
            ],
            [
              77.8791538,
              10.259487024046077
            ],
            [
              77.87635399689707,
              10.25893900052204
            ],
            [
              77.87398043843628,
              10.25737836156362
            ],
            [
              77.87239447737691,
              10.255042700305005
            ],
            [
              77.87183756191352,
              10.2522876
            ],
            [
              77.87239447737691,
              10.249532499694997
            ],
            [
              77.87398043843628,
              10.247196838436382
            ],
            [
              77.87635399689707,
              10.24563619947796
            ],
            [
              77.8791538,
              10.245088175953924
            ],
            [
              77.88195360310293,
              10.24563619947796
            ],
            [
              77.88432716156372,
              10.247196838436382
            ],
            [
              77.88591312262308,
              10.249532499694997
            ],
            [
              77.88647003808647,
              10.2522876
            ]
          ]
        ]
      },
      "properties": {
        "id": 13119,
        "name": "Puduchnittram",
        "ward_code": "OSM-2119",
        "city": "Dindigul",
        "district": "Dindigul",
        "state": "Tamil Nadu",
        "administrative_type": "Rural",
        "local_body": "Dindigul Local Body",
        "locality": "Puduchnittram",
        "population": 4500,
        "area_sq_km": 2.01,
        "risk_level": "MEDIUM",
        "coordinates": [
          10.2522876,
          77.8791538
        ],
        "data_source_type": "OpenStreetMap / Overpass API",
        "data_status": "Verified Public Data"
      }
    },
    {
      "type": "Feature",
      "id": 13120,
      "geometry": {
        "type": "Polygon",
        "coordinates": [
          [
            [
              77.88523368248173,
              10.2585376
            ],
            [
              77.88467675602689,
              10.261292700305004
            ],
            [
              77.88309076366659,
              10.263628361563619
            ],
            [
              77.8807171583606,
              10.26518900052204
            ],
            [
              77.8779173,
              10.265737024046077
            ],
            [
              77.87511744163939,
              10.26518900052204
            ],
            [
              77.8727438363334,
              10.263628361563619
            ],
            [
              77.8711578439731,
              10.261292700305004
            ],
            [
              77.87060091751826,
              10.2585376
            ],
            [
              77.8711578439731,
              10.255782499694996
            ],
            [
              77.8727438363334,
              10.253446838436382
            ],
            [
              77.87511744163939,
              10.25188619947796
            ],
            [
              77.8779173,
              10.251338175953924
            ],
            [
              77.8807171583606,
              10.25188619947796
            ],
            [
              77.88309076366659,
              10.253446838436382
            ],
            [
              77.88467675602689,
              10.255782499694996
            ],
            [
              77.88523368248173,
              10.2585376
            ]
          ]
        ]
      },
      "properties": {
        "id": 13120,
        "name": "Kamapillaichattram",
        "ward_code": "OSM-2120",
        "city": "Dindigul",
        "district": "Dindigul",
        "state": "Tamil Nadu",
        "administrative_type": "Rural",
        "local_body": "Dindigul Local Body",
        "locality": "Kamapillaichattram",
        "population": 4500,
        "area_sq_km": 2.01,
        "risk_level": "HIGH",
        "coordinates": [
          10.2585376,
          77.8779173
        ],
        "data_source_type": "OpenStreetMap / Overpass API",
        "data_status": "Verified Public Data"
      }
    },
    {
      "type": "Feature",
      "id": 13362,
      "geometry": {
        "type": "Polygon",
        "coordinates": [
          [
            [
              77.876708711868,
              10.2207929
            ],
            [
              77.8761518516847,
              10.223548000305003
            ],
            [
              77.87456604804972,
              10.225883661563618
            ],
            [
              77.87219272519116,
              10.22744430052204
            ],
            [
              77.8693932,
              10.227992324046076
            ],
            [
              77.86659367480885,
              10.22744430052204
            ],
            [
              77.8642203519503,
              10.225883661563618
            ],
            [
              77.86263454831531,
              10.223548000305003
            ],
            [
              77.862077688132,
              10.2207929
            ],
            [
              77.86263454831531,
              10.218037799694995
            ],
            [
              77.8642203519503,
              10.21570213843638
            ],
            [
              77.86659367480885,
              10.21414149947796
            ],
            [
              77.8693932,
              10.213593475953923
            ],
            [
              77.87219272519116,
              10.21414149947796
            ],
            [
              77.87456604804972,
              10.21570213843638
            ],
            [
              77.8761518516847,
              10.218037799694995
            ],
            [
              77.876708711868,
              10.2207929
            ]
          ]
        ]
      },
      "properties": {
        "id": 13362,
        "name": "Achchipuram",
        "ward_code": "OSM-2362",
        "city": "Dindigul",
        "district": "Dindigul",
        "state": "Tamil Nadu",
        "administrative_type": "Rural",
        "local_body": "Dindigul Local Body",
        "locality": "Achchipuram",
        "population": 4500,
        "area_sq_km": 2.01,
        "risk_level": "MEDIUM",
        "coordinates": [
          10.2207929,
          77.8693932
        ],
        "data_source_type": "OpenStreetMap / Overpass API",
        "data_status": "Verified Public Data"
      }
    },
    {
      "type": "Feature",
      "id": 13552,
      "geometry": {
        "type": "Polygon",
        "coordinates": [
          [
            [
              77.88045867709364,
              10.2279674
            ],
            [
              77.87990180433327,
              10.230722500305005
            ],
            [
              77.87831596488188,
              10.23305816156362
            ],
            [
              77.87594258842027,
              10.23461880052204
            ],
            [
              77.873143,
              10.235166824046077
            ],
            [
              77.87034341157973,
              10.23461880052204
            ],
            [
              77.86797003511812,
              10.23305816156362
            ],
            [
              77.86638419566673,
              10.230722500305005
            ],
            [
              77.86582732290636,
              10.2279674
            ],
            [
              77.86638419566673,
              10.225212299694997
            ],
            [
              77.86797003511812,
              10.222876638436382
            ],
            [
              77.87034341157973,
              10.22131599947796
            ],
            [
              77.873143,
              10.220767975953924
            ],
            [
              77.87594258842027,
              10.22131599947796
            ],
            [
              77.87831596488188,
              10.222876638436382
            ],
            [
              77.87990180433327,
              10.225212299694997
            ],
            [
              77.88045867709364,
              10.2279674
            ]
          ]
        ]
      },
      "properties": {
        "id": 13552,
        "name": "Kottampatti",
        "ward_code": "OSM-2552",
        "city": "Dindigul",
        "district": "Dindigul",
        "state": "Tamil Nadu",
        "administrative_type": "Rural",
        "local_body": "Dindigul Local Body",
        "locality": "Kottampatti",
        "population": 4500,
        "area_sq_km": 2.01,
        "risk_level": "HIGH",
        "coordinates": [
          10.2279674,
          77.873143
        ],
        "data_source_type": "OpenStreetMap / Overpass API",
        "data_status": "Verified Public Data"
      }
    },
    {
      "type": "Feature",
      "id": 13553,
      "geometry": {
        "type": "Polygon",
        "coordinates": [
          [
            [
              77.87567903000686,
              10.2302639
            ],
            [
              77.87512215321871,
              10.233019000305005
            ],
            [
              77.87353630229718,
              10.235354661563619
            ],
            [
              77.87116290866928,
              10.23691530052204
            ],
            [
              77.8683633,
              10.237463324046077
            ],
            [
              77.86556369133072,
              10.23691530052204
            ],
            [
              77.86319029770281,
              10.235354661563619
            ],
            [
              77.86160444678129,
              10.233019000305005
            ],
            [
              77.86104756999313,
              10.2302639
            ],
            [
              77.86160444678129,
              10.227508799694997
            ],
            [
              77.86319029770281,
              10.225173138436382
            ],
            [
              77.86556369133072,
              10.22361249947796
            ],
            [
              77.8683633,
              10.223064475953924
            ],
            [
              77.87116290866928,
              10.22361249947796
            ],
            [
              77.87353630229718,
              10.225173138436382
            ],
            [
              77.87512215321871,
              10.227508799694997
            ],
            [
              77.87567903000686,
              10.2302639
            ]
          ]
        ]
      },
      "properties": {
        "id": 13553,
        "name": "Ottupatti",
        "ward_code": "OSM-2553",
        "city": "Dindigul",
        "district": "Dindigul",
        "state": "Tamil Nadu",
        "administrative_type": "Rural",
        "local_body": "Dindigul Local Body",
        "locality": "Ottupatti",
        "population": 4500,
        "area_sq_km": 2.01,
        "risk_level": "LOW",
        "coordinates": [
          10.2302639,
          77.8683633
        ],
        "data_source_type": "OpenStreetMap / Overpass API",
        "data_status": "Verified Public Data"
      }
    },
    {
      "type": "Feature",
      "id": 13644,
      "geometry": {
        "type": "Polygon",
        "coordinates": [
          [
            [
              77.88399942831978,
              10.2388661
            ],
            [
              77.88344253643596,
              10.241621200305003
            ],
            [
              77.88185664252559,
              10.243956861563618
            ],
            [
              77.87948318456034,
              10.24551750052204
            ],
            [
              77.8766835,
              10.246065524046076
            ],
            [
              77.87388381543965,
              10.24551750052204
            ],
            [
              77.8715103574744,
              10.243956861563618
            ],
            [
              77.86992446356403,
              10.241621200305003
            ],
            [
              77.86936757168021,
              10.2388661
            ],
            [
              77.86992446356403,
              10.236110999694995
            ],
            [
              77.8715103574744,
              10.23377533843638
            ],
            [
              77.87388381543965,
              10.232214699477959
            ],
            [
              77.8766835,
              10.231666675953923
            ],
            [
              77.87948318456034,
              10.232214699477959
            ],
            [
              77.88185664252559,
              10.23377533843638
            ],
            [
              77.88344253643596,
              10.236110999694995
            ],
            [
              77.88399942831978,
              10.2388661
            ]
          ]
        ]
      },
      "properties": {
        "id": 13644,
        "name": "Krishnapuram",
        "ward_code": "OSM-2644",
        "city": "Dindigul",
        "district": "Dindigul",
        "state": "Tamil Nadu",
        "administrative_type": "Rural",
        "local_body": "Dindigul Local Body",
        "locality": "Krishnapuram",
        "population": 4500,
        "area_sq_km": 2.01,
        "risk_level": "MEDIUM",
        "coordinates": [
          10.2388661,
          77.8766835
        ],
        "data_source_type": "OpenStreetMap / Overpass API",
        "data_status": "Verified Public Data"
      }
    },
    {
      "type": "Feature",
      "id": 28319,
      "geometry": {
        "type": "Polygon",
        "coordinates": [
          [
            [
              77.8621880380813,
              10.2566162
            ],
            [
              77.86163111500625,
              10.259371300305004
            ],
            [
              77.86004513227074,
              10.261706961563618
            ],
            [
              77.8576715413693,
              10.26326760052204
            ],
            [
              77.8548717,
              10.263815624046076
            ],
            [
              77.85207185863071,
              10.26326760052204
            ],
            [
              77.84969826772927,
              10.261706961563618
            ],
            [
              77.84811228499376,
              10.259371300305004
            ],
            [
              77.84755536191871,
              10.2566162
            ],
            [
              77.84811228499376,
              10.253861099694996
            ],
            [
              77.84969826772927,
              10.251525438436381
            ],
            [
              77.85207185863071,
              10.24996479947796
            ],
            [
              77.8548717,
              10.249416775953923
            ],
            [
              77.8576715413693,
              10.24996479947796
            ],
            [
              77.86004513227074,
              10.251525438436381
            ],
            [
              77.86163111500625,
              10.253861099694996
            ],
            [
              77.8621880380813,
              10.2566162
            ]
          ]
        ]
      },
      "properties": {
        "id": 28319,
        "name": "Piravanpatti",
        "ward_code": "OSM-7319",
        "city": "Dindigul",
        "district": "Dindigul",
        "state": "Tamil Nadu",
        "administrative_type": "Rural",
        "local_body": "Dindigul Local Body",
        "locality": "Piravanpatti",
        "population": 4500,
        "area_sq_km": 2.01,
        "risk_level": "HIGH",
        "coordinates": [
          10.2566162,
          77.8548717
        ],
        "data_source_type": "OpenStreetMap / Overpass API",
        "data_status": "Verified Public Data"
      }
    },
    {
      "type": "Feature",
      "id": 28560,
      "geometry": {
        "type": "Polygon",
        "coordinates": [
          [
            [
              77.86235444922366,
              10.2614251
            ],
            [
              77.8617975176884,
              10.264180200305004
            ],
            [
              77.86021151086025,
              10.266515861563619
            ],
            [
              77.85783788390164,
              10.26807650052204
            ],
            [
              77.855038,
              10.268624524046077
            ],
            [
              77.85223811609835,
              10.26807650052204
            ],
            [
              77.84986448913973,
              10.266515861563619
            ],
            [
              77.84827848231158,
              10.264180200305004
            ],
            [
              77.84772155077633,
              10.2614251
            ],
            [
              77.84827848231158,
              10.258669999694996
            ],
            [
              77.84986448913973,
              10.256334338436382
            ],
            [
              77.85223811609835,
              10.25477369947796
            ],
            [
              77.855038,
              10.254225675953924
            ],
            [
              77.85783788390164,
              10.25477369947796
            ],
            [
              77.86021151086025,
              10.256334338436382
            ],
            [
              77.8617975176884,
              10.258669999694996
            ],
            [
              77.86235444922366,
              10.2614251
            ]
          ]
        ]
      },
      "properties": {
        "id": 28560,
        "name": "Palayamkottai",
        "ward_code": "OSM-7560",
        "city": "Dindigul",
        "district": "Dindigul",
        "state": "Tamil Nadu",
        "administrative_type": "Rural",
        "local_body": "Dindigul Local Body",
        "locality": "Palayamkottai",
        "population": 4500,
        "area_sq_km": 2.01,
        "risk_level": "LOW",
        "coordinates": [
          10.2614251,
          77.855038
        ],
        "data_source_type": "OpenStreetMap / Overpass API",
        "data_status": "Verified Public Data"
      }
    },
    {
      "type": "Feature",
      "id": 28625,
      "geometry": {
        "type": "Polygon",
        "coordinates": [
          [
            [
              77.86967156740634,
              10.2622116
            ],
            [
              77.869114634487,
              10.264966700305004
            ],
            [
              77.86752862371735,
              10.267302361563619
            ],
            [
              77.86515499085985,
              10.26886300052204
            ],
            [
              77.8623551,
              10.269411024046077
            ],
            [
              77.85955520914015,
              10.26886300052204
            ],
            [
              77.85718157628266,
              10.267302361563619
            ],
            [
              77.855595565513,
              10.264966700305004
            ],
            [
              77.85503863259366,
              10.2622116
            ],
            [
              77.855595565513,
              10.259456499694997
            ],
            [
              77.85718157628266,
              10.257120838436382
            ],
            [
              77.85955520914015,
              10.25556019947796
            ],
            [
              77.8623551,
              10.255012175953924
            ],
            [
              77.86515499085985,
              10.25556019947796
            ],
            [
              77.86752862371735,
              10.257120838436382
            ],
            [
              77.869114634487,
              10.259456499694997
            ],
            [
              77.86967156740634,
              10.2622116
            ]
          ]
        ]
      },
      "properties": {
        "id": 28625,
        "name": "Kulampatti",
        "ward_code": "OSM-7625",
        "city": "Dindigul",
        "district": "Dindigul",
        "state": "Tamil Nadu",
        "administrative_type": "Rural",
        "local_body": "Dindigul Local Body",
        "locality": "Kulampatti",
        "population": 4500,
        "area_sq_km": 2.01,
        "risk_level": "HIGH",
        "coordinates": [
          10.2622116,
          77.8623551
        ],
        "data_source_type": "OpenStreetMap / Overpass API",
        "data_status": "Verified Public Data"
      }
    },
    {
      "type": "Feature",
      "id": 28667,
      "geometry": {
        "type": "Polygon",
        "coordinates": [
          [
            [
              77.86728965668247,
              10.2574212
            ],
            [
              77.86673273219148,
              10.260176300305003
            ],
            [
              77.86514674542374,
              10.262511961563618
            ],
            [
              77.86277314848765,
              10.26407260052204
            ],
            [
              77.8599733,
              10.264620624046076
            ],
            [
              77.85717345151234,
              10.26407260052204
            ],
            [
              77.85479985457624,
              10.262511961563618
            ],
            [
              77.8532138678085,
              10.260176300305003
            ],
            [
              77.85265694331751,
              10.2574212
            ],
            [
              77.8532138678085,
              10.254666099694996
            ],
            [
              77.85479985457624,
              10.252330438436381
            ],
            [
              77.85717345151234,
              10.25076979947796
            ],
            [
              77.8599733,
              10.250221775953923
            ],
            [
              77.86277314848765,
              10.25076979947796
            ],
            [
              77.86514674542374,
              10.252330438436381
            ],
            [
              77.86673273219148,
              10.254666099694996
            ],
            [
              77.86728965668247,
              10.2574212
            ]
          ]
        ]
      },
      "properties": {
        "id": 28667,
        "name": "Kamanpatti",
        "ward_code": "OSM-7667",
        "city": "Dindigul",
        "district": "Dindigul",
        "state": "Tamil Nadu",
        "administrative_type": "Rural",
        "local_body": "Dindigul Local Body",
        "locality": "Kamanpatti",
        "population": 4500,
        "area_sq_km": 2.01,
        "risk_level": "HIGH",
        "coordinates": [
          10.2574212,
          77.8599733
        ],
        "data_source_type": "OpenStreetMap / Overpass API",
        "data_status": "Verified Public Data"
      }
    },
    {
      "type": "Feature",
      "id": 28682,
      "geometry": {
        "type": "Polygon",
        "coordinates": [
          [
            [
              77.87197011222474,
              10.2554971
            ],
            [
              77.87141319111791,
              10.258252200305003
            ],
            [
              77.86982721398739,
              10.260587861563618
            ],
            [
              77.86745363147442,
              10.26214850052204
            ],
            [
              77.8646538,
              10.262696524046076
            ],
            [
              77.86185396852558,
              10.26214850052204
            ],
            [
              77.8594803860126,
              10.260587861563618
            ],
            [
              77.85789440888209,
              10.258252200305003
            ],
            [
              77.85733748777525,
              10.2554971
            ],
            [
              77.85789440888209,
              10.252741999694996
            ],
            [
              77.8594803860126,
              10.250406338436381
            ],
            [
              77.86185396852558,
              10.24884569947796
            ],
            [
              77.8646538,
              10.248297675953923
            ],
            [
              77.86745363147442,
              10.24884569947796
            ],
            [
              77.86982721398739,
              10.250406338436381
            ],
            [
              77.87141319111791,
              10.252741999694996
            ],
            [
              77.87197011222474,
              10.2554971
            ]
          ]
        ]
      },
      "properties": {
        "id": 28682,
        "name": "Pudu Kamanpatti",
        "ward_code": "OSM-7682",
        "city": "Dindigul",
        "district": "Dindigul",
        "state": "Tamil Nadu",
        "administrative_type": "Rural",
        "local_body": "Dindigul Local Body",
        "locality": "Pudu Kamanpatti",
        "population": 4500,
        "area_sq_km": 2.01,
        "risk_level": "HIGH",
        "coordinates": [
          10.2554971,
          77.8646538
        ],
        "data_source_type": "OpenStreetMap / Overpass API",
        "data_status": "Verified Public Data"
      }
    },
    {
      "type": "Feature",
      "id": 29183,
      "geometry": {
        "type": "Polygon",
        "coordinates": [
          [
            [
              77.84380467160221,
              10.2654896
            ],
            [
              77.84352620225765,
              10.266867150152503
            ],
            [
              77.84273318865735,
              10.26803498078181
            ],
            [
              77.84154635993326,
              10.26881530026102
            ],
            [
              77.8401464,
              10.269089312023038
            ],
            [
              77.83874644006673,
              10.26881530026102
            ],
            [
              77.83755961134264,
              10.26803498078181
            ],
            [
              77.83676659774234,
              10.266867150152503
            ],
            [
              77.83648812839778,
              10.2654896
            ],
            [
              77.83676659774234,
              10.264112049847498
            ],
            [
              77.83755961134264,
              10.262944219218191
            ],
            [
              77.83874644006673,
              10.262163899738981
            ],
            [
              77.8401464,
              10.261889887976963
            ],
            [
              77.84154635993326,
              10.262163899738981
            ],
            [
              77.84273318865735,
              10.262944219218191
            ],
            [
              77.84352620225765,
              10.264112049847498
            ],
            [
              77.84380467160221,
              10.2654896
            ]
          ]
        ]
      },
      "properties": {
        "id": 29183,
        "name": "Ganapatti",
        "ward_code": "OSM-8183",
        "city": "Dindigul",
        "district": "Dindigul",
        "state": "Tamil Nadu",
        "administrative_type": "Urban",
        "local_body": "Dindigul Local Body",
        "locality": "Ganapatti",
        "population": 4500,
        "area_sq_km": 0.5,
        "risk_level": "HIGH",
        "coordinates": [
          10.2654896,
          77.8401464
        ],
        "data_source_type": "OpenStreetMap / Overpass API",
        "data_status": "Verified Public Data"
      }
    },
    {
      "type": "Feature",
      "id": 29184,
      "geometry": {
        "type": "Polygon",
        "coordinates": [
          [
            [
              77.84316635231465,
              10.2638215
            ],
            [
              77.84288788443827,
              10.265199050152503
            ],
            [
              77.84209487501899,
              10.26636688078181
            ],
            [
              77.84090805255224,
              10.26714720026102
            ],
            [
              77.8395081,
              10.267421212023038
            ],
            [
              77.83810814744777,
              10.26714720026102
            ],
            [
              77.83692132498102,
              10.26636688078181
            ],
            [
              77.83612831556174,
              10.265199050152503
            ],
            [
              77.83584984768535,
              10.2638215
            ],
            [
              77.83612831556174,
              10.262443949847498
            ],
            [
              77.83692132498102,
              10.261276119218191
            ],
            [
              77.83810814744777,
              10.260495799738981
            ],
            [
              77.8395081,
              10.260221787976963
            ],
            [
              77.84090805255224,
              10.260495799738981
            ],
            [
              77.84209487501899,
              10.261276119218191
            ],
            [
              77.84288788443827,
              10.262443949847498
            ],
            [
              77.84316635231465,
              10.2638215
            ]
          ]
        ]
      },
      "properties": {
        "id": 29184,
        "name": "Sedapatti",
        "ward_code": "OSM-8184",
        "city": "Dindigul",
        "district": "Dindigul",
        "state": "Tamil Nadu",
        "administrative_type": "Urban",
        "local_body": "Dindigul Local Body",
        "locality": "Sedapatti",
        "population": 4500,
        "area_sq_km": 0.5,
        "risk_level": "LOW",
        "coordinates": [
          10.2638215,
          77.8395081
        ],
        "data_source_type": "OpenStreetMap / Overpass API",
        "data_status": "Verified Public Data"
      }
    },
    {
      "type": "Feature",
      "id": 29185,
      "geometry": {
        "type": "Polygon",
        "coordinates": [
          [
            [
              77.84541662824135,
              10.2617391
            ],
            [
              77.84513816219743,
              10.263116650152503
            ],
            [
              77.84434515799659,
              10.264284480781809
            ],
            [
              77.84315834333978,
              10.265064800261019
            ],
            [
              77.8417584,
              10.265338812023037
            ],
            [
              77.84035845666023,
              10.265064800261019
            ],
            [
              77.83917164200342,
              10.264284480781809
            ],
            [
              77.83837863780258,
              10.263116650152503
            ],
            [
              77.83810017175865,
              10.2617391
            ],
            [
              77.83837863780258,
              10.260361549847497
            ],
            [
              77.83917164200342,
              10.25919371921819
            ],
            [
              77.84035845666023,
              10.25841339973898
            ],
            [
              77.8417584,
              10.258139387976962
            ],
            [
              77.84315834333978,
              10.25841339973898
            ],
            [
              77.84434515799659,
              10.25919371921819
            ],
            [
              77.84513816219743,
              10.260361549847497
            ],
            [
              77.84541662824135,
              10.2617391
            ]
          ]
        ]
      },
      "properties": {
        "id": 29185,
        "name": "Lakshmipuram",
        "ward_code": "OSM-8185",
        "city": "Dindigul",
        "district": "Dindigul",
        "state": "Tamil Nadu",
        "administrative_type": "Urban",
        "local_body": "Dindigul Local Body",
        "locality": "Lakshmipuram",
        "population": 4500,
        "area_sq_km": 0.5,
        "risk_level": "MEDIUM",
        "coordinates": [
          10.2617391,
          77.8417584
        ],
        "data_source_type": "OpenStreetMap / Overpass API",
        "data_status": "Verified Public Data"
      }
    },
    {
      "type": "Feature",
      "id": 31334,
      "geometry": {
        "type": "Polygon",
        "coordinates": [
          [
            [
              77.8898098067243,
              10.2725575
            ],
            [
              77.88925285558797,
              10.275312600305003
            ],
            [
              77.8876667929407,
              10.277648261563618
            ],
            [
              77.88529308244287,
              10.27920890052204
            ],
            [
              77.8824931,
              10.279756924046076
            ],
            [
              77.87969311755714,
              10.27920890052204
            ],
            [
              77.8773194070593,
              10.277648261563618
            ],
            [
              77.87573334441204,
              10.275312600305003
            ],
            [
              77.87517639327571,
              10.2725575
            ],
            [
              77.87573334441204,
              10.269802399694996
            ],
            [
              77.8773194070593,
              10.267466738436381
            ],
            [
              77.87969311755714,
              10.26590609947796
            ],
            [
              77.8824931,
              10.265358075953923
            ],
            [
              77.88529308244287,
              10.26590609947796
            ],
            [
              77.8876667929407,
              10.267466738436381
            ],
            [
              77.88925285558797,
              10.269802399694996
            ],
            [
              77.8898098067243,
              10.2725575
            ]
          ]
        ]
      },
      "properties": {
        "id": 31334,
        "name": "Kattayakavundanpatti",
        "ward_code": "OSM-334",
        "city": "Dindigul",
        "district": "Dindigul",
        "state": "Tamil Nadu",
        "administrative_type": "Rural",
        "local_body": "Dindigul Local Body",
        "locality": "Kattayakavundanpatti",
        "population": 4500,
        "area_sq_km": 2.01,
        "risk_level": "HIGH",
        "coordinates": [
          10.2725575,
          77.8824931
        ],
        "data_source_type": "OpenStreetMap / Overpass API",
        "data_status": "Verified Public Data"
      }
    },
    {
      "type": "Feature",
      "id": 31335,
      "geometry": {
        "type": "Polygon",
        "coordinates": [
          [
            [
              77.8864919330521,
              10.273695
            ],
            [
              77.88593497991168,
              10.276450100305004
            ],
            [
              77.88434891155727,
              10.278785761563618
            ],
            [
              77.88197519251808,
              10.28034640052204
            ],
            [
              77.8791752,
              10.280894424046076
            ],
            [
              77.87637520748193,
              10.28034640052204
            ],
            [
              77.87400148844274,
              10.278785761563618
            ],
            [
              77.87241542008833,
              10.276450100305004
            ],
            [
              77.87185846694791,
              10.273695
            ],
            [
              77.87241542008833,
              10.270939899694996
            ],
            [
              77.87400148844274,
              10.268604238436382
            ],
            [
              77.87637520748193,
              10.26704359947796
            ],
            [
              77.8791752,
              10.266495575953924
            ],
            [
              77.88197519251808,
              10.26704359947796
            ],
            [
              77.88434891155727,
              10.268604238436382
            ],
            [
              77.88593497991168,
              10.270939899694996
            ],
            [
              77.8864919330521,
              10.273695
            ]
          ]
        ]
      },
      "properties": {
        "id": 31335,
        "name": "Pachamalaiyankottai",
        "ward_code": "OSM-335",
        "city": "Dindigul",
        "district": "Dindigul",
        "state": "Tamil Nadu",
        "administrative_type": "Rural",
        "local_body": "Dindigul Local Body",
        "locality": "Pachamalaiyankottai",
        "population": 4500,
        "area_sq_km": 2.01,
        "risk_level": "LOW",
        "coordinates": [
          10.273695,
          77.8791752
        ],
        "data_source_type": "OpenStreetMap / Overpass API",
        "data_status": "Verified Public Data"
      }
    },
    {
      "type": "Feature",
      "id": 31410,
      "geometry": {
        "type": "Polygon",
        "coordinates": [
          [
            [
              77.88075461145611,
              10.2684403
            ],
            [
              77.88019766757165,
              10.271195400305004
            ],
            [
              77.87861162557593,
              10.273531061563618
            ],
            [
              77.87623794598531,
              10.27509170052204
            ],
            [
              77.873438,
              10.275639724046076
            ],
            [
              77.87063805401468,
              10.27509170052204
            ],
            [
              77.86826437442406,
              10.273531061563618
            ],
            [
              77.86667833242834,
              10.271195400305004
            ],
            [
              77.86612138854387,
              10.2684403
            ],
            [
              77.86667833242834,
              10.265685199694996
            ],
            [
              77.86826437442406,
              10.263349538436382
            ],
            [
              77.87063805401468,
              10.26178889947796
            ],
            [
              77.873438,
              10.261240875953924
            ],
            [
              77.87623794598531,
              10.26178889947796
            ],
            [
              77.87861162557593,
              10.263349538436382
            ],
            [
              77.88019766757165,
              10.265685199694996
            ],
            [
              77.88075461145611,
              10.2684403
            ]
          ]
        ]
      },
      "properties": {
        "id": 31410,
        "name": "Chellaiyapuram",
        "ward_code": "OSM-410",
        "city": "Dindigul",
        "district": "Dindigul",
        "state": "Tamil Nadu",
        "administrative_type": "Rural",
        "local_body": "Dindigul Local Body",
        "locality": "Chellaiyapuram",
        "population": 4500,
        "area_sq_km": 2.01,
        "risk_level": "LOW",
        "coordinates": [
          10.2684403,
          77.873438
        ],
        "data_source_type": "OpenStreetMap / Overpass API",
        "data_status": "Verified Public Data"
      }
    },
    {
      "type": "Feature",
      "id": 31411,
      "geometry": {
        "type": "Polygon",
        "coordinates": [
          [
            [
              77.88216534027424,
              10.2653629
            ],
            [
              77.88160840180817,
              10.268118000305003
            ],
            [
              77.88002237524275,
              10.270453661563618
            ],
            [
              77.87764871874518,
              10.27201430052204
            ],
            [
              77.8748488,
              10.272562324046076
            ],
            [
              77.87204888125481,
              10.27201430052204
            ],
            [
              77.86967522475724,
              10.270453661563618
            ],
            [
              77.86808919819183,
              10.268118000305003
            ],
            [
              77.86753225972575,
              10.2653629
            ],
            [
              77.86808919819183,
              10.262607799694996
            ],
            [
              77.86967522475724,
              10.260272138436381
            ],
            [
              77.87204888125481,
              10.25871149947796
            ],
            [
              77.8748488,
              10.258163475953923
            ],
            [
              77.87764871874518,
              10.25871149947796
            ],
            [
              77.88002237524275,
              10.260272138436381
            ],
            [
              77.88160840180817,
              10.262607799694996
            ],
            [
              77.88216534027424,
              10.2653629
            ]
          ]
        ]
      },
      "properties": {
        "id": 31411,
        "name": "Mettupatti",
        "ward_code": "OSM-411",
        "city": "Dindigul",
        "district": "Dindigul",
        "state": "Tamil Nadu",
        "administrative_type": "Rural",
        "local_body": "Dindigul Local Body",
        "locality": "Mettupatti",
        "population": 4500,
        "area_sq_km": 2.01,
        "risk_level": "MEDIUM",
        "coordinates": [
          10.2653629,
          77.8748488
        ],
        "data_source_type": "OpenStreetMap / Overpass API",
        "data_status": "Verified Public Data"
      }
    },
    {
      "type": "Feature",
      "id": 4596,
      "geometry": {
        "type": "Polygon",
        "coordinates": [
          [
            [
              78.22418865751524,
              10.2097379
            ],
            [
              78.22363181669338,
              10.212493000305004
            ],
            [
              78.22204606819516,
              10.214828661563619
            ],
            [
              78.21967282785457,
              10.21638930052204
            ],
            [
              78.2168734,
              10.216937324046077
            ],
            [
              78.21407397214543,
              10.21638930052204
            ],
            [
              78.21170073180484,
              10.214828661563619
            ],
            [
              78.21011498330661,
              10.212493000305004
            ],
            [
              78.20955814248475,
              10.2097379
            ],
            [
              78.21011498330661,
              10.206982799694996
            ],
            [
              78.21170073180484,
              10.204647138436382
            ],
            [
              78.21407397214543,
              10.20308649947796
            ],
            [
              78.2168734,
              10.202538475953924
            ],
            [
              78.21967282785457,
              10.20308649947796
            ],
            [
              78.22204606819516,
              10.204647138436382
            ],
            [
              78.22363181669338,
              10.206982799694996
            ],
            [
              78.22418865751524,
              10.2097379
            ]
          ]
        ]
      },
      "properties": {
        "id": 4596,
        "name": "Chinnapallapatti",
        "ward_code": "OSM-3596",
        "city": "Dindigul",
        "district": "Dindigul",
        "state": "Tamil Nadu",
        "administrative_type": "Rural",
        "local_body": "Dindigul Local Body",
        "locality": "Chinnapallapatti",
        "population": 4500,
        "area_sq_km": 2.01,
        "risk_level": "LOW",
        "coordinates": [
          10.2097379,
          78.2168734
        ],
        "data_source_type": "OpenStreetMap / Overpass API",
        "data_status": "Verified Public Data"
      }
    },
    {
      "type": "Feature",
      "id": 4597,
      "geometry": {
        "type": "Polygon",
        "coordinates": [
          [
            [
              78.22363624105499,
              10.2133702
            ],
            [
              78.22307939387404,
              10.216125300305004
            ],
            [
              78.22149362726668,
              10.218460961563618
            ],
            [
              78.21912035982385,
              10.22002160052204
            ],
            [
              78.2163209,
              10.220569624046076
            ],
            [
              78.21352144017615,
              10.22002160052204
            ],
            [
              78.21114817273332,
              10.218460961563618
            ],
            [
              78.20956240612595,
              10.216125300305004
            ],
            [
              78.20900555894501,
              10.2133702
            ],
            [
              78.20956240612595,
              10.210615099694996
            ],
            [
              78.21114817273332,
              10.208279438436382
            ],
            [
              78.21352144017615,
              10.20671879947796
            ],
            [
              78.2163209,
              10.206170775953924
            ],
            [
              78.21912035982385,
              10.20671879947796
            ],
            [
              78.22149362726668,
              10.208279438436382
            ],
            [
              78.22307939387404,
              10.210615099694996
            ],
            [
              78.22363624105499,
              10.2133702
            ]
          ]
        ]
      },
      "properties": {
        "id": 4597,
        "name": "Kakapatti",
        "ward_code": "OSM-3597",
        "city": "Dindigul",
        "district": "Dindigul",
        "state": "Tamil Nadu",
        "administrative_type": "Rural",
        "local_body": "Dindigul Local Body",
        "locality": "Kakapatti",
        "population": 4500,
        "area_sq_km": 2.01,
        "risk_level": "MEDIUM",
        "coordinates": [
          10.2133702,
          78.2163209
        ],
        "data_source_type": "OpenStreetMap / Overpass API",
        "data_status": "Verified Public Data"
      }
    },
    {
      "type": "Feature",
      "id": 4598,
      "geometry": {
        "type": "Polygon",
        "coordinates": [
          [
            [
              78.22412978392832,
              10.2152338
            ],
            [
              78.22357293348384,
              10.217988900305004
            ],
            [
              78.2219871575827,
              10.220324561563618
            ],
            [
              78.21961387623077,
              10.22188520052204
            ],
            [
              78.2168144,
              10.222433224046076
            ],
            [
              78.21401492376924,
              10.22188520052204
            ],
            [
              78.2116416424173,
              10.220324561563618
            ],
            [
              78.21005586651617,
              10.217988900305004
            ],
            [
              78.20949901607169,
              10.2152338
            ],
            [
              78.21005586651617,
              10.212478699694996
            ],
            [
              78.2116416424173,
              10.210143038436382
            ],
            [
              78.21401492376924,
              10.20858239947796
            ],
            [
              78.2168144,
              10.208034375953924
            ],
            [
              78.21961387623077,
              10.20858239947796
            ],
            [
              78.2219871575827,
              10.210143038436382
            ],
            [
              78.22357293348384,
              10.212478699694996
            ],
            [
              78.22412978392832,
              10.2152338
            ]
          ]
        ]
      },
      "properties": {
        "id": 4598,
        "name": "Kallivellipatti",
        "ward_code": "OSM-3598",
        "city": "Dindigul",
        "district": "Dindigul",
        "state": "Tamil Nadu",
        "administrative_type": "Rural",
        "local_body": "Dindigul Local Body",
        "locality": "Kallivellipatti",
        "population": 4500,
        "area_sq_km": 2.01,
        "risk_level": "HIGH",
        "coordinates": [
          10.2152338,
          78.2168144
        ],
        "data_source_type": "OpenStreetMap / Overpass API",
        "data_status": "Verified Public Data"
      }
    },
    {
      "type": "Feature",
      "id": 20502,
      "geometry": {
        "type": "Polygon",
        "coordinates": [
          [
            [
              78.1920286036626,
              10.1943373
            ],
            [
              78.19147178977617,
              10.197092400305005
            ],
            [
              78.18988611798355,
              10.19942806156362
            ],
            [
              78.18751299244103,
              10.200988700522041
            ],
            [
              78.1847137,
              10.201536724046077
            ],
            [
              78.18191440755898,
              10.200988700522041
            ],
            [
              78.17954128201646,
              10.19942806156362
            ],
            [
              78.17795561022383,
              10.197092400305005
            ],
            [
              78.1773987963374,
              10.1943373
            ],
            [
              78.17795561022383,
              10.191582199694997
            ],
            [
              78.17954128201646,
              10.189246538436382
            ],
            [
              78.18191440755898,
              10.18768589947796
            ],
            [
              78.1847137,
              10.187137875953924
            ],
            [
              78.18751299244103,
              10.18768589947796
            ],
            [
              78.18988611798355,
              10.189246538436382
            ],
            [
              78.19147178977617,
              10.191582199694997
            ],
            [
              78.1920286036626,
              10.1943373
            ]
          ]
        ]
      },
      "properties": {
        "id": 20502,
        "name": "Chattirashapatti",
        "ward_code": "OSM-9502",
        "city": "Dindigul",
        "district": "Dindigul",
        "state": "Tamil Nadu",
        "administrative_type": "Rural",
        "local_body": "Dindigul Local Body",
        "locality": "Chattirashapatti",
        "population": 4500,
        "area_sq_km": 2.01,
        "risk_level": "MEDIUM",
        "coordinates": [
          10.1943373,
          78.1847137
        ],
        "data_source_type": "OpenStreetMap / Overpass API",
        "data_status": "Verified Public Data"
      }
    },
    {
      "type": "Feature",
      "id": 20512,
      "geometry": {
        "type": "Polygon",
        "coordinates": [
          [
            [
              78.20683192104141,
              10.2038011
            ],
            [
              78.206275090608,
              10.206556200305004
            ],
            [
              78.20468937169359,
              10.208891861563618
            ],
            [
              78.2023161756283,
              10.21045250052204
            ],
            [
              78.1995168,
              10.211000524046076
            ],
            [
              78.1967174243717,
              10.21045250052204
            ],
            [
              78.1943442283064,
              10.208891861563618
            ],
            [
              78.192758509392,
              10.206556200305004
            ],
            [
              78.19220167895858,
              10.2038011
            ],
            [
              78.192758509392,
              10.201045999694996
            ],
            [
              78.1943442283064,
              10.198710338436381
            ],
            [
              78.1967174243717,
              10.19714969947796
            ],
            [
              78.1995168,
              10.196601675953923
            ],
            [
              78.2023161756283,
              10.19714969947796
            ],
            [
              78.20468937169359,
              10.198710338436381
            ],
            [
              78.206275090608,
              10.201045999694996
            ],
            [
              78.20683192104141,
              10.2038011
            ]
          ]
        ]
      },
      "properties": {
        "id": 20512,
        "name": "Pallapatti",
        "ward_code": "OSM-9512",
        "city": "Dindigul",
        "district": "Dindigul",
        "state": "Tamil Nadu",
        "administrative_type": "Rural",
        "local_body": "Dindigul Local Body",
        "locality": "Pallapatti",
        "population": 4500,
        "area_sq_km": 2.01,
        "risk_level": "HIGH",
        "coordinates": [
          10.2038011,
          78.1995168
        ],
        "data_source_type": "OpenStreetMap / Overpass API",
        "data_status": "Verified Public Data"
      }
    },
    {
      "type": "Feature",
      "id": 30001,
      "geometry": {
        "type": "Polygon",
        "coordinates": [
          [
            [
              78.1973209270469,
              10.2084128
            ],
            [
              78.1967640885443,
              10.211167900305004
            ],
            [
              78.19517834665078,
              10.213503561563618
            ],
            [
              78.19280511619483,
              10.21506420052204
            ],
            [
              78.1900057,
              10.215612224046076
            ],
            [
              78.18720628380517,
              10.21506420052204
            ],
            [
              78.18483305334922,
              10.213503561563618
            ],
            [
              78.1832473114557,
              10.211167900305004
            ],
            [
              78.1826904729531,
              10.2084128
            ],
            [
              78.1832473114557,
              10.205657699694996
            ],
            [
              78.18483305334922,
              10.203322038436381
            ],
            [
              78.18720628380517,
              10.20176139947796
            ],
            [
              78.1900057,
              10.201213375953923
            ],
            [
              78.19280511619483,
              10.20176139947796
            ],
            [
              78.19517834665078,
              10.203322038436381
            ],
            [
              78.1967640885443,
              10.205657699694996
            ],
            [
              78.1973209270469,
              10.2084128
            ]
          ]
        ]
      },
      "properties": {
        "id": 30001,
        "name": "Madakarampatti",
        "ward_code": "OSM-9001",
        "city": "Dindigul",
        "district": "Dindigul",
        "state": "Tamil Nadu",
        "administrative_type": "Rural",
        "local_body": "Dindigul Local Body",
        "locality": "Madakarampatti",
        "population": 4500,
        "area_sq_km": 2.01,
        "risk_level": "HIGH",
        "coordinates": [
          10.2084128,
          78.1900057
        ],
        "data_source_type": "OpenStreetMap / Overpass API",
        "data_status": "Verified Public Data"
      }
    },
    {
      "type": "Feature",
      "id": 30002,
      "geometry": {
        "type": "Polygon",
        "coordinates": [
          [
            [
              78.19547564318994,
              10.2091149
            ],
            [
              78.19491880345852,
              10.211870000305003
            ],
            [
              78.19333305806563,
              10.214205661563618
            ],
            [
              78.1909598223725,
              10.21576630052204
            ],
            [
              78.1881604,
              10.216314324046076
            ],
            [
              78.1853609776275,
              10.21576630052204
            ],
            [
              78.18298774193437,
              10.214205661563618
            ],
            [
              78.18140199654148,
              10.211870000305003
            ],
            [
              78.18084515681007,
              10.2091149
            ],
            [
              78.18140199654148,
              10.206359799694996
            ],
            [
              78.18298774193437,
              10.204024138436381
            ],
            [
              78.1853609776275,
              10.20246349947796
            ],
            [
              78.1881604,
              10.201915475953923
            ],
            [
              78.1909598223725,
              10.20246349947796
            ],
            [
              78.19333305806563,
              10.204024138436381
            ],
            [
              78.19491880345852,
              10.206359799694996
            ],
            [
              78.19547564318994,
              10.2091149
            ]
          ]
        ]
      },
      "properties": {
        "id": 30002,
        "name": "Vijayanagaram",
        "ward_code": "OSM-9002",
        "city": "Dindigul",
        "district": "Dindigul",
        "state": "Tamil Nadu",
        "administrative_type": "Rural",
        "local_body": "Dindigul Local Body",
        "locality": "Vijayanagaram",
        "population": 4500,
        "area_sq_km": 2.01,
        "risk_level": "LOW",
        "coordinates": [
          10.2091149,
          78.1881604
        ],
        "data_source_type": "OpenStreetMap / Overpass API",
        "data_status": "Verified Public Data"
      }
    },
    {
      "type": "Feature",
      "id": 30361,
      "geometry": {
        "type": "Polygon",
        "coordinates": [
          [
            [
              78.20534356910944,
              10.2145897
            ],
            [
              78.20478671979298,
              10.217344800305003
            ],
            [
              78.20320094710416,
              10.219680461563618
            ],
            [
              78.20082767055982,
              10.22124110052204
            ],
            [
              78.1980282,
              10.221789124046076
            ],
            [
              78.19522872944017,
              10.22124110052204
            ],
            [
              78.19285545289583,
              10.219680461563618
            ],
            [
              78.19126968020701,
              10.217344800305003
            ],
            [
              78.19071283089055,
              10.2145897
            ],
            [
              78.19126968020701,
              10.211834599694996
            ],
            [
              78.19285545289583,
              10.209498938436381
            ],
            [
              78.19522872944017,
              10.20793829947796
            ],
            [
              78.1980282,
              10.207390275953923
            ],
            [
              78.20082767055982,
              10.20793829947796
            ],
            [
              78.20320094710416,
              10.209498938436381
            ],
            [
              78.20478671979298,
              10.211834599694996
            ],
            [
              78.20534356910944,
              10.2145897
            ]
          ]
        ]
      },
      "properties": {
        "id": 30361,
        "name": "Pannuvarpatti",
        "ward_code": "OSM-9361",
        "city": "Dindigul",
        "district": "Dindigul",
        "state": "Tamil Nadu",
        "administrative_type": "Rural",
        "local_body": "Dindigul Local Body",
        "locality": "Pannuvarpatti",
        "population": 4500,
        "area_sq_km": 2.01,
        "risk_level": "HIGH",
        "coordinates": [
          10.2145897,
          78.1980282
        ],
        "data_source_type": "OpenStreetMap / Overpass API",
        "data_status": "Verified Public Data"
      }
    },
    {
      "type": "Feature",
      "id": 30865,
      "geometry": {
        "type": "Polygon",
        "coordinates": [
          [
            [
              78.21228019454958,
              10.2330644
            ],
            [
              78.21172331284842,
              10.235819500305004
            ],
            [
              78.21013744793578,
              10.238155161563618
            ],
            [
              78.2077640333687,
              10.23971580052204
            ],
            [
              78.2049644,
              10.240263824046076
            ],
            [
              78.20216476663128,
              10.23971580052204
            ],
            [
              78.19979135206421,
              10.238155161563618
            ],
            [
              78.19820548715157,
              10.235819500305004
            ],
            [
              78.19764860545041,
              10.2330644
            ],
            [
              78.19820548715157,
              10.230309299694996
            ],
            [
              78.19979135206421,
              10.227973638436382
            ],
            [
              78.20216476663128,
              10.22641299947796
            ],
            [
              78.2049644,
              10.225864975953924
            ],
            [
              78.2077640333687,
              10.22641299947796
            ],
            [
              78.21013744793578,
              10.227973638436382
            ],
            [
              78.21172331284842,
              10.230309299694996
            ],
            [
              78.21228019454958,
              10.2330644
            ]
          ]
        ]
      },
      "properties": {
        "id": 30865,
        "name": "Virappanayakanpatti",
        "ward_code": "OSM-9865",
        "city": "Dindigul",
        "district": "Dindigul",
        "state": "Tamil Nadu",
        "administrative_type": "Rural",
        "local_body": "Dindigul Local Body",
        "locality": "Virappanayakanpatti",
        "population": 4500,
        "area_sq_km": 2.01,
        "risk_level": "HIGH",
        "coordinates": [
          10.2330644,
          78.2049644
        ],
        "data_source_type": "OpenStreetMap / Overpass API",
        "data_status": "Verified Public Data"
      }
    },
    {
      "type": "Feature",
      "id": 30866,
      "geometry": {
        "type": "Polygon",
        "coordinates": [
          [
            [
              78.20583198297754,
              10.2238813
            ],
            [
              78.20527511738135,
              10.226636400305004
            ],
            [
              78.20368929833175,
              10.228972061563619
            ],
            [
              78.2013159524036,
              10.23053270052204
            ],
            [
              78.1985164,
              10.231080724046077
            ],
            [
              78.1957168475964,
              10.23053270052204
            ],
            [
              78.19334350166825,
              10.228972061563619
            ],
            [
              78.19175768261866,
              10.226636400305004
            ],
            [
              78.19120081702246,
              10.2238813
            ],
            [
              78.19175768261866,
              10.221126199694996
            ],
            [
              78.19334350166825,
              10.218790538436382
            ],
            [
              78.1957168475964,
              10.21722989947796
            ],
            [
              78.1985164,
              10.216681875953924
            ],
            [
              78.2013159524036,
              10.21722989947796
            ],
            [
              78.20368929833175,
              10.218790538436382
            ],
            [
              78.20527511738135,
              10.221126199694996
            ],
            [
              78.20583198297754,
              10.2238813
            ]
          ]
        ]
      },
      "properties": {
        "id": 30866,
        "name": "Punnapatti",
        "ward_code": "OSM-9866",
        "city": "Dindigul",
        "district": "Dindigul",
        "state": "Tamil Nadu",
        "administrative_type": "Rural",
        "local_body": "Dindigul Local Body",
        "locality": "Punnapatti",
        "population": 4500,
        "area_sq_km": 2.01,
        "risk_level": "LOW",
        "coordinates": [
          10.2238813,
          78.1985164
        ],
        "data_source_type": "OpenStreetMap / Overpass API",
        "data_status": "Verified Public Data"
      }
    },
    {
      "type": "Feature",
      "id": 31051,
      "geometry": {
        "type": "Polygon",
        "coordinates": [
          [
            [
              78.20575731070092,
              10.2424373
            ],
            [
              78.2052004125462,
              10.245192400305005
            ],
            [
              78.20361450077785,
              10.247528061563619
            ],
            [
              78.20124101608624,
              10.24908870052204
            ],
            [
              78.1984413,
              10.249636724046077
            ],
            [
              78.19564158391375,
              10.24908870052204
            ],
            [
              78.19326809922215,
              10.247528061563619
            ],
            [
              78.1916821874538,
              10.245192400305005
            ],
            [
              78.19112528929908,
              10.2424373
            ],
            [
              78.1916821874538,
              10.239682199694997
            ],
            [
              78.19326809922215,
              10.237346538436382
            ],
            [
              78.19564158391375,
              10.23578589947796
            ],
            [
              78.1984413,
              10.235237875953924
            ],
            [
              78.20124101608624,
              10.23578589947796
            ],
            [
              78.20361450077785,
              10.237346538436382
            ],
            [
              78.2052004125462,
              10.239682199694997
            ],
            [
              78.20575731070092,
              10.2424373
            ]
          ]
        ]
      },
      "properties": {
        "id": 31051,
        "name": "Uluppakudi",
        "ward_code": "OSM-51",
        "city": "Dindigul",
        "district": "Dindigul",
        "state": "Tamil Nadu",
        "administrative_type": "Rural",
        "local_body": "Dindigul Local Body",
        "locality": "Uluppakudi",
        "population": 4500,
        "area_sq_km": 2.01,
        "risk_level": "HIGH",
        "coordinates": [
          10.2424373,
          78.1984413
        ],
        "data_source_type": "OpenStreetMap / Overpass API",
        "data_status": "Verified Public Data"
      }
    },
    {
      "type": "Feature",
      "id": 31052,
      "geometry": {
        "type": "Polygon",
        "coordinates": [
          [
            [
              78.21340153519985,
              10.2391644
            ],
            [
              78.21284464279232,
              10.241919500305004
            ],
            [
              78.21125874739054,
              10.244255161563618
            ],
            [
              78.20888528719324,
              10.24581580052204
            ],
            [
              78.2060856,
              10.246363824046076
            ],
            [
              78.20328591280675,
              10.24581580052204
            ],
            [
              78.20091245260944,
              10.244255161563618
            ],
            [
              78.19932655720767,
              10.241919500305004
            ],
            [
              78.19876966480014,
              10.2391644
            ],
            [
              78.19932655720767,
              10.236409299694996
            ],
            [
              78.20091245260944,
              10.234073638436382
            ],
            [
              78.20328591280675,
              10.23251299947796
            ],
            [
              78.2060856,
              10.231964975953924
            ],
            [
              78.20888528719324,
              10.23251299947796
            ],
            [
              78.21125874739054,
              10.234073638436382
            ],
            [
              78.21284464279232,
              10.236409299694996
            ],
            [
              78.21340153519985,
              10.2391644
            ]
          ]
        ]
      },
      "properties": {
        "id": 31052,
        "name": "Kattuvelampatti",
        "ward_code": "OSM-52",
        "city": "Dindigul",
        "district": "Dindigul",
        "state": "Tamil Nadu",
        "administrative_type": "Rural",
        "local_body": "Dindigul Local Body",
        "locality": "Kattuvelampatti",
        "population": 4500,
        "area_sq_km": 2.01,
        "risk_level": "LOW",
        "coordinates": [
          10.2391644,
          78.2060856
        ],
        "data_source_type": "OpenStreetMap / Overpass API",
        "data_status": "Verified Public Data"
      }
    },
    {
      "type": "Feature",
      "id": 31075,
      "geometry": {
        "type": "Polygon",
        "coordinates": [
          [
            [
              78.21740883493982,
              10.2434878
            ],
            [
              78.21685193494002,
              10.246242900305004
            ],
            [
              78.21526601791734,
              10.248578561563619
            ],
            [
              78.21289252536207,
              10.25013920052204
            ],
            [
              78.2100928,
              10.250687224046077
            ],
            [
              78.20729307463793,
              10.25013920052204
            ],
            [
              78.20491958208265,
              10.248578561563619
            ],
            [
              78.20333366505997,
              10.246242900305004
            ],
            [
              78.20277676506018,
              10.2434878
            ],
            [
              78.20333366505997,
              10.240732699694997
            ],
            [
              78.20491958208265,
              10.238397038436382
            ],
            [
              78.20729307463793,
              10.23683639947796
            ],
            [
              78.2100928,
              10.236288375953924
            ],
            [
              78.21289252536207,
              10.23683639947796
            ],
            [
              78.21526601791734,
              10.238397038436382
            ],
            [
              78.21685193494002,
              10.240732699694997
            ],
            [
              78.21740883493982,
              10.2434878
            ]
          ]
        ]
      },
      "properties": {
        "id": 31075,
        "name": "Kuttur",
        "ward_code": "OSM-75",
        "city": "Dindigul",
        "district": "Dindigul",
        "state": "Tamil Nadu",
        "administrative_type": "Rural",
        "local_body": "Dindigul Local Body",
        "locality": "Kuttur",
        "population": 4500,
        "area_sq_km": 2.01,
        "risk_level": "HIGH",
        "coordinates": [
          10.2434878,
          78.2100928
        ],
        "data_source_type": "OpenStreetMap / Overpass API",
        "data_status": "Verified Public Data"
      }
    },
    {
      "type": "Feature",
      "id": 31111,
      "geometry": {
        "type": "Polygon",
        "coordinates": [
          [
            [
              78.22666240582808,
              10.2422261
            ],
            [
              78.22610550804428,
              10.244981200305004
            ],
            [
              78.22451959733223,
              10.247316861563618
            ],
            [
              78.22214611422149,
              10.24887750052204
            ],
            [
              78.2193464,
              10.249425524046076
            ],
            [
              78.21654668577852,
              10.24887750052204
            ],
            [
              78.21417320266778,
              10.247316861563618
            ],
            [
              78.21258729195573,
              10.244981200305004
            ],
            [
              78.21203039417193,
              10.2422261
            ],
            [
              78.21258729195573,
              10.239470999694996
            ],
            [
              78.21417320266778,
              10.237135338436381
            ],
            [
              78.21654668577852,
              10.23557469947796
            ],
            [
              78.2193464,
              10.235026675953923
            ],
            [
              78.22214611422149,
              10.23557469947796
            ],
            [
              78.22451959733223,
              10.237135338436381
            ],
            [
              78.22610550804428,
              10.239470999694996
            ],
            [
              78.22666240582808,
              10.2422261
            ]
          ]
        ]
      },
      "properties": {
        "id": 31111,
        "name": "Pudur",
        "ward_code": "OSM-111",
        "city": "Dindigul",
        "district": "Dindigul",
        "state": "Tamil Nadu",
        "administrative_type": "Rural",
        "local_body": "Dindigul Local Body",
        "locality": "Pudur",
        "population": 4500,
        "area_sq_km": 2.01,
        "risk_level": "HIGH",
        "coordinates": [
          10.2422261,
          78.2193464
        ],
        "data_source_type": "OpenStreetMap / Overpass API",
        "data_status": "Verified Public Data"
      }
    },
    {
      "type": "Feature",
      "id": 31112,
      "geometry": {
        "type": "Polygon",
        "coordinates": [
          [
            [
              78.22461858768273,
              10.2414396
            ],
            [
              78.22406169128017,
              10.244194700305004
            ],
            [
              78.22247578450153,
              10.246530361563618
            ],
            [
              78.22010230727756,
              10.24809100052204
            ],
            [
              78.2173026,
              10.248639024046076
            ],
            [
              78.21450289272244,
              10.24809100052204
            ],
            [
              78.21212941549847,
              10.246530361563618
            ],
            [
              78.21054350871982,
              10.244194700305004
            ],
            [
              78.20998661231727,
              10.2414396
            ],
            [
              78.21054350871982,
              10.238684499694996
            ],
            [
              78.21212941549847,
              10.236348838436381
            ],
            [
              78.21450289272244,
              10.23478819947796
            ],
            [
              78.2173026,
              10.234240175953923
            ],
            [
              78.22010230727756,
              10.23478819947796
            ],
            [
              78.22247578450153,
              10.236348838436381
            ],
            [
              78.22406169128017,
              10.238684499694996
            ],
            [
              78.22461858768273,
              10.2414396
            ]
          ]
        ]
      },
      "properties": {
        "id": 31112,
        "name": "Servidu",
        "ward_code": "OSM-112",
        "city": "Dindigul",
        "district": "Dindigul",
        "state": "Tamil Nadu",
        "administrative_type": "Rural",
        "local_body": "Dindigul Local Body",
        "locality": "Servidu",
        "population": 4500,
        "area_sq_km": 2.01,
        "risk_level": "LOW",
        "coordinates": [
          10.2414396,
          78.2173026
        ],
        "data_source_type": "OpenStreetMap / Overpass API",
        "data_status": "Verified Public Data"
      }
    },
    {
      "type": "Feature",
      "id": 10365,
      "geometry": {
        "type": "Polygon",
        "coordinates": [
          [
            [
              77.92155271217881,
              10.1685395
            ],
            [
              77.9209959433164,
              10.171294600305004
            ],
            [
              77.91941039974135,
              10.173630261563618
            ],
            [
              77.91703746608998,
              10.17519090052204
            ],
            [
              77.9142384,
              10.175738924046076
            ],
            [
              77.91143933391002,
              10.17519090052204
            ],
            [
              77.90906640025865,
              10.173630261563618
            ],
            [
              77.9074808566836,
              10.171294600305004
            ],
            [
              77.9069240878212,
              10.1685395
            ],
            [
              77.9074808566836,
              10.165784399694996
            ],
            [
              77.90906640025865,
              10.163448738436381
            ],
            [
              77.91143933391002,
              10.16188809947796
            ],
            [
              77.9142384,
              10.161340075953923
            ],
            [
              77.91703746608998,
              10.16188809947796
            ],
            [
              77.91941039974135,
              10.163448738436381
            ],
            [
              77.9209959433164,
              10.165784399694996
            ],
            [
              77.92155271217881,
              10.1685395
            ]
          ]
        ]
      },
      "properties": {
        "id": 10365,
        "name": "Ammaianayakkanur",
        "ward_code": "OSM-9365",
        "city": "Dindigul",
        "district": "Dindigul",
        "state": "Tamil Nadu",
        "administrative_type": "Rural",
        "local_body": "Dindigul Local Body",
        "locality": "Ammaianayakkanur",
        "population": 4500,
        "area_sq_km": 2.01,
        "risk_level": "LOW",
        "coordinates": [
          10.1685395,
          77.9142384
        ],
        "data_source_type": "OpenStreetMap / Overpass API",
        "data_status": "Verified Public Data"
      }
    },
    {
      "type": "Feature",
      "id": 10628,
      "geometry": {
        "type": "Polygon",
        "coordinates": [
          [
            [
              77.91475476486062,
              10.2317763
            ],
            [
              77.91419788541938,
              10.234531400305004
            ],
            [
              77.9126120269425,
              10.236867061563618
            ],
            [
              77.91023862200723,
              10.23842770052204
            ],
            [
              77.907439,
              10.238975724046076
            ],
            [
              77.90463937799277,
              10.23842770052204
            ],
            [
              77.9022659730575,
              10.236867061563618
            ],
            [
              77.90068011458061,
              10.234531400305004
            ],
            [
              77.90012323513938,
              10.2317763
            ],
            [
              77.90068011458061,
              10.229021199694996
            ],
            [
              77.9022659730575,
              10.226685538436382
            ],
            [
              77.90463937799277,
              10.22512489947796
            ],
            [
              77.907439,
              10.224576875953924
            ],
            [
              77.91023862200723,
              10.22512489947796
            ],
            [
              77.9126120269425,
              10.226685538436382
            ],
            [
              77.91419788541938,
              10.229021199694996
            ],
            [
              77.91475476486062,
              10.2317763
            ]
          ]
        ]
      },
      "properties": {
        "id": 10628,
        "name": "J Mettur",
        "ward_code": "OSM-9628",
        "city": "Dindigul",
        "district": "Dindigul",
        "state": "Tamil Nadu",
        "administrative_type": "Rural",
        "local_body": "Dindigul Local Body",
        "locality": "J Mettur",
        "population": 4500,
        "area_sq_km": 2.01,
        "risk_level": "HIGH",
        "coordinates": [
          10.2317763,
          77.907439
        ],
        "data_source_type": "OpenStreetMap / Overpass API",
        "data_status": "Verified Public Data"
      }
    },
    {
      "type": "Feature",
      "id": 22430,
      "geometry": {
        "type": "Polygon",
        "coordinates": [
          [
            [
              78.08612747887229,
              10.4342019
            ],
            [
              78.08557024059829,
              10.436957000305004
            ],
            [
              78.08398336025212,
              10.439292661563618
            ],
            [
              78.0816084259814,
              10.44085330052204
            ],
            [
              78.078807,
              10.441401324046076
            ],
            [
              78.0760055740186,
              10.44085330052204
            ],
            [
              78.07363063974788,
              10.439292661563618
            ],
            [
              78.07204375940171,
              10.436957000305004
            ],
            [
              78.07148652112771,
              10.4342019
            ],
            [
              78.07204375940171,
              10.431446799694996
            ],
            [
              78.07363063974788,
              10.429111138436381
            ],
            [
              78.0760055740186,
              10.42755049947796
            ],
            [
              78.078807,
              10.427002475953923
            ],
            [
              78.0816084259814,
              10.42755049947796
            ],
            [
              78.08398336025212,
              10.429111138436381
            ],
            [
              78.08557024059829,
              10.431446799694996
            ],
            [
              78.08612747887229,
              10.4342019
            ]
          ]
        ]
      },
      "properties": {
        "id": 22430,
        "name": "Velambommanpatti",
        "ward_code": "OSM-1430",
        "city": "Dindigul",
        "district": "Dindigul",
        "state": "Tamil Nadu",
        "administrative_type": "Rural",
        "local_body": "Dindigul Local Body",
        "locality": "Velambommanpatti",
        "population": 4500,
        "area_sq_km": 2.01,
        "risk_level": "HIGH",
        "coordinates": [
          10.4342019,
          78.078807
        ],
        "data_source_type": "OpenStreetMap / Overpass API",
        "data_status": "Verified Public Data"
      }
    },
    {
      "type": "Feature",
      "id": 22432,
      "geometry": {
        "type": "Polygon",
        "coordinates": [
          [
            [
              78.03856040323632,
              10.3969154
            ],
            [
              78.03800323161613,
              10.399670500305003
            ],
            [
              78.036416541084,
              10.402006161563618
            ],
            [
              78.03404189089002,
              10.40356680052204
            ],
            [
              78.0312408,
              10.404114824046076
            ],
            [
              78.02843970910999,
              10.40356680052204
            ],
            [
              78.02606505891602,
              10.402006161563618
            ],
            [
              78.02447836838388,
              10.399670500305003
            ],
            [
              78.0239211967637,
              10.3969154
            ],
            [
              78.02447836838388,
              10.394160299694995
            ],
            [
              78.02606505891602,
              10.39182463843638
            ],
            [
              78.02843970910999,
              10.390263999477959
            ],
            [
              78.0312408,
              10.389715975953923
            ],
            [
              78.03404189089002,
              10.390263999477959
            ],
            [
              78.036416541084,
              10.39182463843638
            ],
            [
              78.03800323161613,
              10.394160299694995
            ],
            [
              78.03856040323632,
              10.3969154
            ]
          ]
        ]
      },
      "properties": {
        "id": 22432,
        "name": "Chettiapatti",
        "ward_code": "OSM-1432",
        "city": "Dindigul",
        "district": "Dindigul",
        "state": "Tamil Nadu",
        "administrative_type": "Rural",
        "local_body": "Dindigul Local Body",
        "locality": "Chettiapatti",
        "population": 4500,
        "area_sq_km": 2.01,
        "risk_level": "MEDIUM",
        "coordinates": [
          10.3969154,
          78.0312408
        ],
        "data_source_type": "OpenStreetMap / Overpass API",
        "data_status": "Verified Public Data"
      }
    },
    {
      "type": "Feature",
      "id": 26918,
      "geometry": {
        "type": "Polygon",
        "coordinates": [
          [
            [
              78.10813603797148,
              10.4409616
            ],
            [
              78.10757878758677,
              10.443716700305004
            ],
            [
              78.10599187275224,
              10.446052361563618
            ],
            [
              78.10361688686604,
              10.44761300052204
            ],
            [
              78.1008154,
              10.448161024046076
            ],
            [
              78.09801391313397,
              10.44761300052204
            ],
            [
              78.09563892724776,
              10.446052361563618
            ],
            [
              78.09405201241323,
              10.443716700305004
            ],
            [
              78.09349476202853,
              10.4409616
            ],
            [
              78.09405201241323,
              10.438206499694996
            ],
            [
              78.09563892724776,
              10.435870838436381
            ],
            [
              78.09801391313397,
              10.43431019947796
            ],
            [
              78.1008154,
              10.433762175953923
            ],
            [
              78.10361688686604,
              10.43431019947796
            ],
            [
              78.10599187275224,
              10.435870838436381
            ],
            [
              78.10757878758677,
              10.438206499694996
            ],
            [
              78.10813603797148,
              10.4409616
            ]
          ]
        ]
      },
      "properties": {
        "id": 26918,
        "name": "Vadamadurai",
        "ward_code": "OSM-5918",
        "city": "Dindigul",
        "district": "Dindigul",
        "state": "Tamil Nadu",
        "administrative_type": "Rural",
        "local_body": "Dindigul Local Body",
        "locality": "Vadamadurai",
        "population": 4500,
        "area_sq_km": 2.01,
        "risk_level": "HIGH",
        "coordinates": [
          10.4409616,
          78.1008154
        ],
        "data_source_type": "OpenStreetMap / Overpass API",
        "data_status": "Verified Public Data"
      }
    },
    {
      "type": "Feature",
      "id": 27147,
      "geometry": {
        "type": "Polygon",
        "coordinates": [
          [
            [
              78.04324999430835,
              10.4050637
            ],
            [
              78.04269280814368,
              10.407818800305003
            ],
            [
              78.04110607619234,
              10.410154461563618
            ],
            [
              78.03873136401013,
              10.41171510052204
            ],
            [
              78.0359302,
              10.412263124046076
            ],
            [
              78.03312903598986,
              10.41171510052204
            ],
            [
              78.03075432380766,
              10.410154461563618
            ],
            [
              78.02916759185631,
              10.407818800305003
            ],
            [
              78.02861040569164,
              10.4050637
            ],
            [
              78.02916759185631,
              10.402308599694996
            ],
            [
              78.03075432380766,
              10.399972938436381
            ],
            [
              78.03312903598986,
              10.39841229947796
            ],
            [
              78.0359302,
              10.397864275953923
            ],
            [
              78.03873136401013,
              10.39841229947796
            ],
            [
              78.04110607619234,
              10.399972938436381
            ],
            [
              78.04269280814368,
              10.402308599694996
            ],
            [
              78.04324999430835,
              10.4050637
            ]
          ]
        ]
      },
      "properties": {
        "id": 27147,
        "name": "Thamaraipadi",
        "ward_code": "OSM-6147",
        "city": "Dindigul",
        "district": "Dindigul",
        "state": "Tamil Nadu",
        "administrative_type": "Rural",
        "local_body": "Dindigul Local Body",
        "locality": "Thamaraipadi",
        "population": 4500,
        "area_sq_km": 2.01,
        "risk_level": "LOW",
        "coordinates": [
          10.4050637,
          78.0359302
        ],
        "data_source_type": "OpenStreetMap / Overpass API",
        "data_status": "Verified Public Data"
      }
    },
    {
      "type": "Feature",
      "id": 27332,
      "geometry": {
        "type": "Polygon",
        "coordinates": [
          [
            [
              78.13850566889091,
              10.4550067
            ],
            [
              78.13794839331646,
              10.457761800305004
            ],
            [
              78.13636140674762,
              10.460097461563619
            ],
            [
              78.13398631350341,
              10.46165810052204
            ],
            [
              78.1311847,
              10.462206124046077
            ],
            [
              78.1283830864966,
              10.46165810052204
            ],
            [
              78.12600799325239,
              10.460097461563619
            ],
            [
              78.12442100668355,
              10.457761800305004
            ],
            [
              78.1238637311091,
              10.4550067
            ],
            [
              78.12442100668355,
              10.452251599694996
            ],
            [
              78.12600799325239,
              10.449915938436382
            ],
            [
              78.1283830864966,
              10.44835529947796
            ],
            [
              78.1311847,
              10.447807275953924
            ],
            [
              78.13398631350341,
              10.44835529947796
            ],
            [
              78.13636140674762,
              10.449915938436382
            ],
            [
              78.13794839331646,
              10.452251599694996
            ],
            [
              78.13850566889091,
              10.4550067
            ]
          ]
        ]
      },
      "properties": {
        "id": 27332,
        "name": "Nadukandanoor",
        "ward_code": "OSM-6332",
        "city": "Dindigul",
        "district": "Dindigul",
        "state": "Tamil Nadu",
        "administrative_type": "Rural",
        "local_body": "Dindigul Local Body",
        "locality": "Nadukandanoor",
        "population": 4500,
        "area_sq_km": 2.01,
        "risk_level": "HIGH",
        "coordinates": [
          10.4550067,
          78.1311847
        ],
        "data_source_type": "OpenStreetMap / Overpass API",
        "data_status": "Verified Public Data"
      }
    },
    {
      "type": "Feature",
      "id": 27421,
      "geometry": {
        "type": "Polygon",
        "coordinates": [
          [
            [
              78.12607383635647,
              10.4705796
            ],
            [
              78.12551653281038,
              10.473334700305005
            ],
            [
              78.12392946658501,
              10.475670361563619
            ],
            [
              78.1215542541264,
              10.47723100052204
            ],
            [
              78.1187525,
              10.477779024046077
            ],
            [
              78.1159507458736,
              10.47723100052204
            ],
            [
              78.11357553341499,
              10.475670361563619
            ],
            [
              78.11198846718962,
              10.473334700305005
            ],
            [
              78.11143116364353,
              10.4705796
            ],
            [
              78.11198846718962,
              10.467824499694997
            ],
            [
              78.11357553341499,
              10.465488838436382
            ],
            [
              78.1159507458736,
              10.46392819947796
            ],
            [
              78.1187525,
              10.463380175953924
            ],
            [
              78.1215542541264,
              10.46392819947796
            ],
            [
              78.12392946658501,
              10.465488838436382
            ],
            [
              78.12551653281038,
              10.467824499694997
            ],
            [
              78.12607383635647,
              10.4705796
            ]
          ]
        ]
      },
      "properties": {
        "id": 27421,
        "name": "Morepatty",
        "ward_code": "OSM-6421",
        "city": "Dindigul",
        "district": "Dindigul",
        "state": "Tamil Nadu",
        "administrative_type": "Rural",
        "local_body": "Dindigul Local Body",
        "locality": "Morepatty",
        "population": 4500,
        "area_sq_km": 2.01,
        "risk_level": "MEDIUM",
        "coordinates": [
          10.4705796,
          78.1187525
        ],
        "data_source_type": "OpenStreetMap / Overpass API",
        "data_status": "Verified Public Data"
      }
    },
    {
      "type": "Feature",
      "id": 27423,
      "geometry": {
        "type": "Polygon",
        "coordinates": [
          [
            [
              77.97640625364357,
              10.3777158
            ],
            [
              77.97584911624661,
              10.380470900305005
            ],
            [
              77.97426252317392,
              10.38280656156362
            ],
            [
              77.97188801883833,
              10.38436720052204
            ],
            [
              77.9690871,
              10.384915224046077
            ],
            [
              77.96628618116166,
              10.38436720052204
            ],
            [
              77.96391167682607,
              10.38280656156362
            ],
            [
              77.96232508375338,
              10.380470900305005
            ],
            [
              77.96176794635642,
              10.3777158
            ],
            [
              77.96232508375338,
              10.374960699694997
            ],
            [
              77.96391167682607,
              10.372625038436382
            ],
            [
              77.96628618116166,
              10.37106439947796
            ],
            [
              77.9690871,
              10.370516375953924
            ],
            [
              77.97188801883833,
              10.37106439947796
            ],
            [
              77.97426252317392,
              10.372625038436382
            ],
            [
              77.97584911624661,
              10.374960699694997
            ],
            [
              77.97640625364357,
              10.3777158
            ]
          ]
        ]
      },
      "properties": {
        "id": 27423,
        "name": "Rajakapatti",
        "ward_code": "OSM-6423",
        "city": "Dindigul",
        "district": "Dindigul",
        "state": "Tamil Nadu",
        "administrative_type": "Rural",
        "local_body": "Dindigul Local Body",
        "locality": "Rajakapatti",
        "population": 4500,
        "area_sq_km": 2.01,
        "risk_level": "LOW",
        "coordinates": [
          10.3777158,
          77.9690871
        ],
        "data_source_type": "OpenStreetMap / Overpass API",
        "data_status": "Verified Public Data"
      }
    },
    {
      "type": "Feature",
      "id": 17321,
      "geometry": {
        "type": "Polygon",
        "coordinates": [
          [
            [
              78.01083390697013,
              10.2422756
            ],
            [
              78.01027700909943,
              10.245030700305003
            ],
            [
              78.00869109813979,
              10.247366361563618
            ],
            [
              78.00631761465854,
              10.24892700052204
            ],
            [
              78.0035179,
              10.249475024046076
            ],
            [
              78.00071818534147,
              10.24892700052204
            ],
            [
              77.99834470186022,
              10.247366361563618
            ],
            [
              77.99675879090059,
              10.245030700305003
            ],
            [
              77.99620189302988,
              10.2422756
            ],
            [
              77.99675879090059,
              10.239520499694995
            ],
            [
              77.99834470186022,
              10.23718483843638
            ],
            [
              78.00071818534147,
              10.235624199477959
            ],
            [
              78.0035179,
              10.235076175953923
            ],
            [
              78.00631761465854,
              10.235624199477959
            ],
            [
              78.00869109813979,
              10.23718483843638
            ],
            [
              78.01027700909943,
              10.239520499694995
            ],
            [
              78.01083390697013,
              10.2422756
            ]
          ]
        ]
      },
      "properties": {
        "id": 17321,
        "name": "Sirumalai Palayur",
        "ward_code": "OSM-6321",
        "city": "Dindigul",
        "district": "Dindigul",
        "state": "Tamil Nadu",
        "administrative_type": "Rural",
        "local_body": "Dindigul Local Body",
        "locality": "Sirumalai Palayur",
        "population": 4500,
        "area_sq_km": 2.01,
        "risk_level": "LOW",
        "coordinates": [
          10.2422756,
          78.0035179
        ],
        "data_source_type": "OpenStreetMap / Overpass API",
        "data_status": "Verified Public Data"
      }
    },
    {
      "type": "Feature",
      "id": 44400,
      "geometry": {
        "type": "Polygon",
        "coordinates": [
          [
            [
              77.86580168574693,
              10.2877695
            ],
            [
              77.86475735207816,
              10.292935313071883
            ],
            [
              77.86178334140604,
              10.297314677931784
            ],
            [
              77.85733241989591,
              10.300240875978824
            ],
            [
              77.8520822,
              10.301268420086393
            ],
            [
              77.84683198010408,
              10.300240875978824
            ],
            [
              77.84238105859396,
              10.297314677931784
            ],
            [
              77.83940704792184,
              10.292935313071883
            ],
            [
              77.83836271425307,
              10.2877695
            ],
            [
              77.83940704792184,
              10.282603686928116
            ],
            [
              77.84238105859396,
              10.278224322068215
            ],
            [
              77.84683198010408,
              10.275298124021175
            ],
            [
              77.8520822,
              10.274270579913606
            ],
            [
              77.85733241989591,
              10.275298124021175
            ],
            [
              77.86178334140604,
              10.278224322068215
            ],
            [
              77.86475735207816,
              10.282603686928116
            ],
            [
              77.86580168574693,
              10.2877695
            ]
          ]
        ]
      },
      "properties": {
        "id": 44400,
        "name": "Attur",
        "ward_code": "OSM-3400",
        "city": "Dindigul",
        "district": "Dindigul",
        "state": "Tamil Nadu",
        "administrative_type": "Urban",
        "local_body": "Dindigul Local Body",
        "locality": "Attur",
        "population": 25000,
        "area_sq_km": 7.07,
        "risk_level": "MEDIUM",
        "coordinates": [
          10.2877695,
          77.8520822
        ],
        "data_source_type": "OpenStreetMap / Overpass API",
        "data_status": "Verified Public Data"
      }
    },
    {
      "type": "Feature",
      "id": 40820,
      "geometry": {
        "type": "Polygon",
        "coordinates": [
          [
            [
              78.18075115432003,
              10.1310007
            ],
            [
              78.18019445075824,
              10.133755800305003
            ],
            [
              78.17860909314359,
              10.136091461563618
            ],
            [
              78.17623643780163,
              10.13765210052204
            ],
            [
              78.1734377,
              10.138200124046076
            ],
            [
              78.17063896219835,
              10.13765210052204
            ],
            [
              78.1682663068564,
              10.136091461563618
            ],
            [
              78.16668094924175,
              10.133755800305003
            ],
            [
              78.16612424567995,
              10.1310007
            ],
            [
              78.16668094924175,
              10.128245599694996
            ],
            [
              78.1682663068564,
              10.125909938436381
            ],
            [
              78.17063896219835,
              10.12434929947796
            ],
            [
              78.1734377,
              10.123801275953923
            ],
            [
              78.17623643780163,
              10.12434929947796
            ],
            [
              78.17860909314359,
              10.125909938436381
            ],
            [
              78.18019445075824,
              10.128245599694996
            ],
            [
              78.18075115432003,
              10.1310007
            ]
          ]
        ]
      },
      "properties": {
        "id": 40820,
        "name": "Unnamed Place 78",
        "ward_code": "OSM-9820",
        "city": "Dindigul",
        "district": "Dindigul",
        "state": "Tamil Nadu",
        "administrative_type": "Rural",
        "local_body": "Dindigul Local Body",
        "locality": "Unnamed Place 78",
        "population": 4500,
        "area_sq_km": 2.01,
        "risk_level": "MEDIUM",
        "coordinates": [
          10.1310007,
          78.1734377
        ],
        "data_source_type": "OpenStreetMap / Overpass API",
        "data_status": "Verified Public Data"
      }
    },
    {
      "type": "Feature",
      "id": 5514,
      "geometry": {
        "type": "Polygon",
        "coordinates": [
          [
            [
              78.21469257234016,
              10.1624303
            ],
            [
              78.21413581412233,
              10.165185400305004
            ],
            [
              78.21255030086049,
              10.167521061563619
            ],
            [
              78.21017741257603,
              10.16908170052204
            ],
            [
              78.2073784,
              10.169629724046077
            ],
            [
              78.20457938742396,
              10.16908170052204
            ],
            [
              78.2022064991395,
              10.167521061563619
            ],
            [
              78.20062098587766,
              10.165185400305004
            ],
            [
              78.20006422765984,
              10.1624303
            ],
            [
              78.20062098587766,
              10.159675199694997
            ],
            [
              78.2022064991395,
              10.157339538436382
            ],
            [
              78.20457938742396,
              10.15577889947796
            ],
            [
              78.2073784,
              10.155230875953924
            ],
            [
              78.21017741257603,
              10.15577889947796
            ],
            [
              78.21255030086049,
              10.157339538436382
            ],
            [
              78.21413581412233,
              10.159675199694997
            ],
            [
              78.21469257234016,
              10.1624303
            ]
          ]
        ]
      },
      "properties": {
        "id": 5514,
        "name": "Unnamed Place 79",
        "ward_code": "OSM-4514",
        "city": "Dindigul",
        "district": "Dindigul",
        "state": "Tamil Nadu",
        "administrative_type": "Rural",
        "local_body": "Dindigul Local Body",
        "locality": "Unnamed Place 79",
        "population": 4500,
        "area_sq_km": 2.01,
        "risk_level": "MEDIUM",
        "coordinates": [
          10.1624303,
          78.2073784
        ],
        "data_source_type": "OpenStreetMap / Overpass API",
        "data_status": "Verified Public Data"
      }
    },
    {
      "type": "Feature",
      "id": 5516,
      "geometry": {
        "type": "Polygon",
        "coordinates": [
          [
            [
              78.22519576782047,
              10.1491132
            ],
            [
              78.22463903278283,
              10.151868300305004
            ],
            [
              78.22305358553255,
              10.154203961563619
            ],
            [
              78.22068079604139,
              10.15576460052204
            ],
            [
              78.2178819,
              10.156312624046077
            ],
            [
              78.2150830039586,
              10.15576460052204
            ],
            [
              78.21271021446744,
              10.154203961563619
            ],
            [
              78.21112476721716,
              10.151868300305004
            ],
            [
              78.21056803217952,
              10.1491132
            ],
            [
              78.21112476721716,
              10.146358099694996
            ],
            [
              78.21271021446744,
              10.144022438436382
            ],
            [
              78.2150830039586,
              10.14246179947796
            ],
            [
              78.2178819,
              10.141913775953924
            ],
            [
              78.22068079604139,
              10.14246179947796
            ],
            [
              78.22305358553255,
              10.144022438436382
            ],
            [
              78.22463903278283,
              10.146358099694996
            ],
            [
              78.22519576782047,
              10.1491132
            ]
          ]
        ]
      },
      "properties": {
        "id": 5516,
        "name": "Unnamed Place 80",
        "ward_code": "OSM-4516",
        "city": "Dindigul",
        "district": "Dindigul",
        "state": "Tamil Nadu",
        "administrative_type": "Rural",
        "local_body": "Dindigul Local Body",
        "locality": "Unnamed Place 80",
        "population": 4500,
        "area_sq_km": 2.01,
        "risk_level": "LOW",
        "coordinates": [
          10.1491132,
          78.2178819
        ],
        "data_source_type": "OpenStreetMap / Overpass API",
        "data_status": "Verified Public Data"
      }
    },
    {
      "type": "Feature",
      "id": 15317,
      "geometry": {
        "type": "Polygon",
        "coordinates": [
          [
            [
              78.21258945978535,
              10.1531369
            ],
            [
              78.2120327177473,
              10.155892000305004
            ],
            [
              78.21044725056154,
              10.158227661563618
            ],
            [
              78.20807443123483,
              10.15978830052204
            ],
            [
              78.2052755,
              10.160336324046076
            ],
            [
              78.20247656876516,
              10.15978830052204
            ],
            [
              78.20010374943845,
              10.158227661563618
            ],
            [
              78.19851828225269,
              10.155892000305004
            ],
            [
              78.19796154021465,
              10.1531369
            ],
            [
              78.19851828225269,
              10.150381799694996
            ],
            [
              78.20010374943845,
              10.148046138436381
            ],
            [
              78.20247656876516,
              10.14648549947796
            ],
            [
              78.2052755,
              10.145937475953923
            ],
            [
              78.20807443123483,
              10.14648549947796
            ],
            [
              78.21044725056154,
              10.148046138436381
            ],
            [
              78.2120327177473,
              10.150381799694996
            ],
            [
              78.21258945978535,
              10.1531369
            ]
          ]
        ]
      },
      "properties": {
        "id": 15317,
        "name": "Unnamed Place 81",
        "ward_code": "OSM-4317",
        "city": "Dindigul",
        "district": "Dindigul",
        "state": "Tamil Nadu",
        "administrative_type": "Rural",
        "local_body": "Dindigul Local Body",
        "locality": "Unnamed Place 81",
        "population": 4500,
        "area_sq_km": 2.01,
        "risk_level": "LOW",
        "coordinates": [
          10.1531369,
          78.2052755
        ],
        "data_source_type": "OpenStreetMap / Overpass API",
        "data_status": "Verified Public Data"
      }
    },
    {
      "type": "Feature",
      "id": 15318,
      "geometry": {
        "type": "Polygon",
        "coordinates": [
          [
            [
              78.18302076871944,
              10.1535277
            ],
            [
              78.18246402600133,
              10.156282800305004
            ],
            [
              78.18087855687891,
              10.158618461563618
            ],
            [
              78.17850573465377,
              10.16017910052204
            ],
            [
              78.1757068,
              10.160727124046076
            ],
            [
              78.17290786534623,
              10.16017910052204
            ],
            [
              78.17053504312109,
              10.158618461563618
            ],
            [
              78.16894957399867,
              10.156282800305004
            ],
            [
              78.16839283128056,
              10.1535277
            ],
            [
              78.16894957399867,
              10.150772599694996
            ],
            [
              78.17053504312109,
              10.148436938436381
            ],
            [
              78.17290786534623,
              10.14687629947796
            ],
            [
              78.1757068,
              10.146328275953923
            ],
            [
              78.17850573465377,
              10.14687629947796
            ],
            [
              78.18087855687891,
              10.148436938436381
            ],
            [
              78.18246402600133,
              10.150772599694996
            ],
            [
              78.18302076871944,
              10.1535277
            ]
          ]
        ]
      },
      "properties": {
        "id": 15318,
        "name": "Unnamed Place 82",
        "ward_code": "OSM-4318",
        "city": "Dindigul",
        "district": "Dindigul",
        "state": "Tamil Nadu",
        "administrative_type": "Rural",
        "local_body": "Dindigul Local Body",
        "locality": "Unnamed Place 82",
        "population": 4500,
        "area_sq_km": 2.01,
        "risk_level": "MEDIUM",
        "coordinates": [
          10.1535277,
          78.1757068
        ],
        "data_source_type": "OpenStreetMap / Overpass API",
        "data_status": "Verified Public Data"
      }
    },
    {
      "type": "Feature",
      "id": 15324,
      "geometry": {
        "type": "Polygon",
        "coordinates": [
          [
            [
              78.15109143915706,
              10.1391013
            ],
            [
              78.15053472152539,
              10.141856400305004
            ],
            [
              78.14894932384311,
              10.144192061563619
            ],
            [
              78.1465766085357,
              10.14575270052204
            ],
            [
              78.1437778,
              10.146300724046077
            ],
            [
              78.1409789914643,
              10.14575270052204
            ],
            [
              78.13860627615688,
              10.144192061563619
            ],
            [
              78.1370208784746,
              10.141856400305004
            ],
            [
              78.13646416084293,
              10.1391013
            ],
            [
              78.1370208784746,
              10.136346199694996
            ],
            [
              78.13860627615688,
              10.134010538436382
            ],
            [
              78.1409789914643,
              10.13244989947796
            ],
            [
              78.1437778,
              10.131901875953924
            ],
            [
              78.1465766085357,
              10.13244989947796
            ],
            [
              78.14894932384311,
              10.134010538436382
            ],
            [
              78.15053472152539,
              10.136346199694996
            ],
            [
              78.15109143915706,
              10.1391013
            ]
          ]
        ]
      },
      "properties": {
        "id": 15324,
        "name": "Unnamed Place 83",
        "ward_code": "OSM-4324",
        "city": "Dindigul",
        "district": "Dindigul",
        "state": "Tamil Nadu",
        "administrative_type": "Rural",
        "local_body": "Dindigul Local Body",
        "locality": "Unnamed Place 83",
        "population": 4500,
        "area_sq_km": 2.01,
        "risk_level": "MEDIUM",
        "coordinates": [
          10.1391013,
          78.1437778
        ],
        "data_source_type": "OpenStreetMap / Overpass API",
        "data_status": "Verified Public Data"
      }
    },
    {
      "type": "Feature",
      "id": 15325,
      "geometry": {
        "type": "Polygon",
        "coordinates": [
          [
            [
              78.11650199195476,
              10.1501693
            ],
            [
              78.11594525508,
              10.152924400305004
            ],
            [
              78.11435980259809,
              10.155260061563618
            ],
            [
              78.1119870052772,
              10.15682070052204
            ],
            [
              78.1091881,
              10.157368724046076
            ],
            [
              78.1063891947228,
              10.15682070052204
            ],
            [
              78.1040163974019,
              10.155260061563618
            ],
            [
              78.10243094491999,
              10.152924400305004
            ],
            [
              78.10187420804523,
              10.1501693
            ],
            [
              78.10243094491999,
              10.147414199694996
            ],
            [
              78.1040163974019,
              10.145078538436382
            ],
            [
              78.1063891947228,
              10.14351789947796
            ],
            [
              78.1091881,
              10.142969875953924
            ],
            [
              78.1119870052772,
              10.14351789947796
            ],
            [
              78.11435980259809,
              10.145078538436382
            ],
            [
              78.11594525508,
              10.147414199694996
            ],
            [
              78.11650199195476,
              10.1501693
            ]
          ]
        ]
      },
      "properties": {
        "id": 15325,
        "name": "Unnamed Place 84",
        "ward_code": "OSM-4325",
        "city": "Dindigul",
        "district": "Dindigul",
        "state": "Tamil Nadu",
        "administrative_type": "Rural",
        "local_body": "Dindigul Local Body",
        "locality": "Unnamed Place 84",
        "population": 4500,
        "area_sq_km": 2.01,
        "risk_level": "HIGH",
        "coordinates": [
          10.1501693,
          78.1091881
        ],
        "data_source_type": "OpenStreetMap / Overpass API",
        "data_status": "Verified Public Data"
      }
    },
    {
      "type": "Feature",
      "id": 15326,
      "geometry": {
        "type": "Polygon",
        "coordinates": [
          [
            [
              78.12369024706814,
              10.148205
            ],
            [
              78.12313351361017,
              10.150960100305005
            ],
            [
              78.12154807085844,
              10.15329576156362
            ],
            [
              78.11917528809983,
              10.154856400522041
            ],
            [
              78.1163764,
              10.155404424046077
            ],
            [
              78.11357751190016,
              10.154856400522041
            ],
            [
              78.11120472914155,
              10.15329576156362
            ],
            [
              78.10961928638982,
              10.150960100305005
            ],
            [
              78.10906255293185,
              10.148205
            ],
            [
              78.10961928638982,
              10.145449899694997
            ],
            [
              78.11120472914155,
              10.143114238436382
            ],
            [
              78.11357751190016,
              10.14155359947796
            ],
            [
              78.1163764,
              10.141005575953924
            ],
            [
              78.11917528809983,
              10.14155359947796
            ],
            [
              78.12154807085844,
              10.143114238436382
            ],
            [
              78.12313351361017,
              10.145449899694997
            ],
            [
              78.12369024706814,
              10.148205
            ]
          ]
        ]
      },
      "properties": {
        "id": 15326,
        "name": "Unnamed Place 85",
        "ward_code": "OSM-4326",
        "city": "Dindigul",
        "district": "Dindigul",
        "state": "Tamil Nadu",
        "administrative_type": "Rural",
        "local_body": "Dindigul Local Body",
        "locality": "Unnamed Place 85",
        "population": 4500,
        "area_sq_km": 2.01,
        "risk_level": "LOW",
        "coordinates": [
          10.148205,
          78.1163764
        ],
        "data_source_type": "OpenStreetMap / Overpass API",
        "data_status": "Verified Public Data"
      }
    },
    {
      "type": "Feature",
      "id": 15327,
      "geometry": {
        "type": "Polygon",
        "coordinates": [
          [
            [
              78.13023510831248,
              10.1596318
            ],
            [
              78.12967835496848,
              10.162386900305004
            ],
            [
              78.12809285558609,
              10.164722561563618
            ],
            [
              78.12571998807371,
              10.16628320052204
            ],
            [
              78.122921,
              10.166831224046076
            ],
            [
              78.1201220119263,
              10.16628320052204
            ],
            [
              78.11774914441392,
              10.164722561563618
            ],
            [
              78.11616364503153,
              10.162386900305004
            ],
            [
              78.11560689168753,
              10.1596318
            ],
            [
              78.11616364503153,
              10.156876699694996
            ],
            [
              78.11774914441392,
              10.154541038436381
            ],
            [
              78.1201220119263,
              10.15298039947796
            ],
            [
              78.122921,
              10.152432375953923
            ],
            [
              78.12571998807371,
              10.15298039947796
            ],
            [
              78.12809285558609,
              10.154541038436381
            ],
            [
              78.12967835496848,
              10.156876699694996
            ],
            [
              78.13023510831248,
              10.1596318
            ]
          ]
        ]
      },
      "properties": {
        "id": 15327,
        "name": "Unnamed Place 86",
        "ward_code": "OSM-4327",
        "city": "Dindigul",
        "district": "Dindigul",
        "state": "Tamil Nadu",
        "administrative_type": "Rural",
        "local_body": "Dindigul Local Body",
        "locality": "Unnamed Place 86",
        "population": 4500,
        "area_sq_km": 2.01,
        "risk_level": "MEDIUM",
        "coordinates": [
          10.1596318,
          78.122921
        ],
        "data_source_type": "OpenStreetMap / Overpass API",
        "data_status": "Verified Public Data"
      }
    },
    {
      "type": "Feature",
      "id": 15328,
      "geometry": {
        "type": "Polygon",
        "coordinates": [
          [
            [
              78.1257397022733,
              10.1593678
            ],
            [
              78.12518294938899,
              10.162122900305004
            ],
            [
              78.12359745131573,
              10.164458561563618
            ],
            [
              78.1212245857626,
              10.16601920052204
            ],
            [
              78.1184256,
              10.166567224046076
            ],
            [
              78.11562661423739,
              10.16601920052204
            ],
            [
              78.11325374868426,
              10.164458561563618
            ],
            [
              78.111668250611,
              10.162122900305004
            ],
            [
              78.1111114977267,
              10.1593678
            ],
            [
              78.111668250611,
              10.156612699694996
            ],
            [
              78.11325374868426,
              10.154277038436382
            ],
            [
              78.11562661423739,
              10.15271639947796
            ],
            [
              78.1184256,
              10.152168375953924
            ],
            [
              78.1212245857626,
              10.15271639947796
            ],
            [
              78.12359745131573,
              10.154277038436382
            ],
            [
              78.12518294938899,
              10.156612699694996
            ],
            [
              78.1257397022733,
              10.1593678
            ]
          ]
        ]
      },
      "properties": {
        "id": 15328,
        "name": "Unnamed Place 87",
        "ward_code": "OSM-4328",
        "city": "Dindigul",
        "district": "Dindigul",
        "state": "Tamil Nadu",
        "administrative_type": "Rural",
        "local_body": "Dindigul Local Body",
        "locality": "Unnamed Place 87",
        "population": 4500,
        "area_sq_km": 2.01,
        "risk_level": "HIGH",
        "coordinates": [
          10.1593678,
          78.1184256
        ],
        "data_source_type": "OpenStreetMap / Overpass API",
        "data_status": "Verified Public Data"
      }
    },
    {
      "type": "Feature",
      "id": 15329,
      "geometry": {
        "type": "Polygon",
        "coordinates": [
          [
            [
              78.12421617376789,
              10.1581216
            ],
            [
              78.12365942305344,
              10.160876700305003
            ],
            [
              78.12207393115938,
              10.163212361563618
            ],
            [
              78.11970107485408,
              10.16477300052204
            ],
            [
              78.1169021,
              10.165321024046076
            ],
            [
              78.11410312514593,
              10.16477300052204
            ],
            [
              78.11173026884063,
              10.163212361563618
            ],
            [
              78.11014477694657,
              10.160876700305003
            ],
            [
              78.10958802623212,
              10.1581216
            ],
            [
              78.11014477694657,
              10.155366499694995
            ],
            [
              78.11173026884063,
              10.153030838436381
            ],
            [
              78.11410312514593,
              10.15147019947796
            ],
            [
              78.1169021,
              10.150922175953923
            ],
            [
              78.11970107485408,
              10.15147019947796
            ],
            [
              78.12207393115938,
              10.153030838436381
            ],
            [
              78.12365942305344,
              10.155366499694995
            ],
            [
              78.12421617376789,
              10.1581216
            ]
          ]
        ]
      },
      "properties": {
        "id": 15329,
        "name": "Unnamed Place 88",
        "ward_code": "OSM-4329",
        "city": "Dindigul",
        "district": "Dindigul",
        "state": "Tamil Nadu",
        "administrative_type": "Rural",
        "local_body": "Dindigul Local Body",
        "locality": "Unnamed Place 88",
        "population": 4500,
        "area_sq_km": 2.01,
        "risk_level": "LOW",
        "coordinates": [
          10.1581216,
          78.1169021
        ],
        "data_source_type": "OpenStreetMap / Overpass API",
        "data_status": "Verified Public Data"
      }
    },
    {
      "type": "Feature",
      "id": 36603,
      "geometry": {
        "type": "Polygon",
        "coordinates": [
          [
            [
              78.16287255379684,
              10.1747225
            ],
            [
              78.16231577415441,
              10.177477600305004
            ],
            [
              78.16073019988042,
              10.179813261563618
            ],
            [
              78.15835722028484,
              10.18137390052204
            ],
            [
              78.1555581,
              10.181921924046076
            ],
            [
              78.15275897971514,
              10.18137390052204
            ],
            [
              78.15038600011957,
              10.179813261563618
            ],
            [
              78.14880042584558,
              10.177477600305004
            ],
            [
              78.14824364620314,
              10.1747225
            ],
            [
              78.14880042584558,
              10.171967399694996
            ],
            [
              78.15038600011957,
              10.169631738436381
            ],
            [
              78.15275897971514,
              10.16807109947796
            ],
            [
              78.1555581,
              10.167523075953923
            ],
            [
              78.15835722028484,
              10.16807109947796
            ],
            [
              78.16073019988042,
              10.169631738436381
            ],
            [
              78.16231577415441,
              10.171967399694996
            ],
            [
              78.16287255379684,
              10.1747225
            ]
          ]
        ]
      },
      "properties": {
        "id": 36603,
        "name": "Unnamed Place 89",
        "ward_code": "OSM-5603",
        "city": "Dindigul",
        "district": "Dindigul",
        "state": "Tamil Nadu",
        "administrative_type": "Rural",
        "local_body": "Dindigul Local Body",
        "locality": "Unnamed Place 89",
        "population": 4500,
        "area_sq_km": 2.01,
        "risk_level": "HIGH",
        "coordinates": [
          10.1747225,
          78.1555581
        ],
        "data_source_type": "OpenStreetMap / Overpass API",
        "data_status": "Verified Public Data"
      }
    },
    {
      "type": "Feature",
      "id": 36604,
      "geometry": {
        "type": "Polygon",
        "coordinates": [
          [
            [
              78.18630458739995,
              10.1849129
            ],
            [
              78.18574778997552,
              10.187668000305004
            ],
            [
              78.18416216506276,
              10.190003661563619
            ],
            [
              78.18178910968089,
              10.19156430052204
            ],
            [
              78.1789899,
              10.192112324046077
            ],
            [
              78.17619069031912,
              10.19156430052204
            ],
            [
              78.17381763493725,
              10.190003661563619
            ],
            [
              78.17223201002449,
              10.187668000305004
            ],
            [
              78.17167521260006,
              10.1849129
            ],
            [
              78.17223201002449,
              10.182157799694997
            ],
            [
              78.17381763493725,
              10.179822138436382
            ],
            [
              78.17619069031912,
              10.17826149947796
            ],
            [
              78.1789899,
              10.177713475953924
            ],
            [
              78.18178910968089,
              10.17826149947796
            ],
            [
              78.18416216506276,
              10.179822138436382
            ],
            [
              78.18574778997552,
              10.182157799694997
            ],
            [
              78.18630458739995,
              10.1849129
            ]
          ]
        ]
      },
      "properties": {
        "id": 36604,
        "name": "Unnamed Place 90",
        "ward_code": "OSM-5604",
        "city": "Dindigul",
        "district": "Dindigul",
        "state": "Tamil Nadu",
        "administrative_type": "Rural",
        "local_body": "Dindigul Local Body",
        "locality": "Unnamed Place 90",
        "population": 4500,
        "area_sq_km": 2.01,
        "risk_level": "LOW",
        "coordinates": [
          10.1849129,
          78.1789899
        ],
        "data_source_type": "OpenStreetMap / Overpass API",
        "data_status": "Verified Public Data"
      }
    },
    {
      "type": "Feature",
      "id": 36615,
      "geometry": {
        "type": "Polygon",
        "coordinates": [
          [
            [
              78.14501896935508,
              10.1404241
            ],
            [
              78.14446224942472,
              10.143179200305005
            ],
            [
              78.14287684519633,
              10.145514861563619
            ],
            [
              78.14050412009198,
              10.14707550052204
            ],
            [
              78.1377053,
              10.147623524046077
            ],
            [
              78.13490647990801,
              10.14707550052204
            ],
            [
              78.13253375480366,
              10.145514861563619
            ],
            [
              78.13094835057527,
              10.143179200305005
            ],
            [
              78.13039163064491,
              10.1404241
            ],
            [
              78.13094835057527,
              10.137668999694997
            ],
            [
              78.13253375480366,
              10.135333338436382
            ],
            [
              78.13490647990801,
              10.13377269947796
            ],
            [
              78.1377053,
              10.133224675953924
            ],
            [
              78.14050412009198,
              10.13377269947796
            ],
            [
              78.14287684519633,
              10.135333338436382
            ],
            [
              78.14446224942472,
              10.137668999694997
            ],
            [
              78.14501896935508,
              10.1404241
            ]
          ]
        ]
      },
      "properties": {
        "id": 36615,
        "name": "Unnamed Place 91",
        "ward_code": "OSM-5615",
        "city": "Dindigul",
        "district": "Dindigul",
        "state": "Tamil Nadu",
        "administrative_type": "Rural",
        "local_body": "Dindigul Local Body",
        "locality": "Unnamed Place 91",
        "population": 4500,
        "area_sq_km": 2.01,
        "risk_level": "HIGH",
        "coordinates": [
          10.1404241,
          78.1377053
        ],
        "data_source_type": "OpenStreetMap / Overpass API",
        "data_status": "Verified Public Data"
      }
    },
    {
      "type": "Feature",
      "id": 41571,
      "geometry": {
        "type": "Polygon",
        "coordinates": [
          [
            [
              77.92588284695852,
              10.1569494
            ],
            [
              77.9253260982848,
              10.159704500305004
            ],
            [
              77.92374061220228,
              10.162040161563619
            ],
            [
              77.92136776459456,
              10.16360080052204
            ],
            [
              77.9185688,
              10.164148824046077
            ],
            [
              77.91576983540544,
              10.16360080052204
            ],
            [
              77.91339698779773,
              10.162040161563619
            ],
            [
              77.9118115017152,
              10.159704500305004
            ],
            [
              77.91125475304149,
              10.1569494
            ],
            [
              77.9118115017152,
              10.154194299694996
            ],
            [
              77.91339698779773,
              10.151858638436382
            ],
            [
              77.91576983540544,
              10.15029799947796
            ],
            [
              77.9185688,
              10.149749975953924
            ],
            [
              77.92136776459456,
              10.15029799947796
            ],
            [
              77.92374061220228,
              10.151858638436382
            ],
            [
              77.9253260982848,
              10.154194299694996
            ],
            [
              77.92588284695852,
              10.1569494
            ]
          ]
        ]
      },
      "properties": {
        "id": 41571,
        "name": "Unnamed Place 92",
        "ward_code": "OSM-571",
        "city": "Dindigul",
        "district": "Dindigul",
        "state": "Tamil Nadu",
        "administrative_type": "Rural",
        "local_body": "Dindigul Local Body",
        "locality": "Unnamed Place 92",
        "population": 4500,
        "area_sq_km": 2.01,
        "risk_level": "LOW",
        "coordinates": [
          10.1569494,
          77.9185688
        ],
        "data_source_type": "OpenStreetMap / Overpass API",
        "data_status": "Verified Public Data"
      }
    },
    {
      "type": "Feature",
      "id": 41572,
      "geometry": {
        "type": "Polygon",
        "coordinates": [
          [
            [
              77.91986917759408,
              10.1495409
            ],
            [
              77.91931244181245,
              10.152296000305004
            ],
            [
              77.91772699244353,
              10.154631661563618
            ],
            [
              77.91535419978159,
              10.15619230052204
            ],
            [
              77.9125553,
              10.156740324046076
            ],
            [
              77.9097564002184,
              10.15619230052204
            ],
            [
              77.90738360755645,
              10.154631661563618
            ],
            [
              77.90579815818754,
              10.152296000305004
            ],
            [
              77.90524142240591,
              10.1495409
            ],
            [
              77.90579815818754,
              10.146785799694996
            ],
            [
              77.90738360755645,
              10.144450138436381
            ],
            [
              77.9097564002184,
              10.14288949947796
            ],
            [
              77.9125553,
              10.142341475953923
            ],
            [
              77.91535419978159,
              10.14288949947796
            ],
            [
              77.91772699244353,
              10.144450138436381
            ],
            [
              77.91931244181245,
              10.146785799694996
            ],
            [
              77.91986917759408,
              10.1495409
            ]
          ]
        ]
      },
      "properties": {
        "id": 41572,
        "name": "Unnamed Place 93",
        "ward_code": "OSM-572",
        "city": "Dindigul",
        "district": "Dindigul",
        "state": "Tamil Nadu",
        "administrative_type": "Rural",
        "local_body": "Dindigul Local Body",
        "locality": "Unnamed Place 93",
        "population": 4500,
        "area_sq_km": 2.01,
        "risk_level": "MEDIUM",
        "coordinates": [
          10.1495409,
          77.9125553
        ],
        "data_source_type": "OpenStreetMap / Overpass API",
        "data_status": "Verified Public Data"
      }
    },
    {
      "type": "Feature",
      "id": 41573,
      "geometry": {
        "type": "Polygon",
        "coordinates": [
          [
            [
              77.9226962714401,
              10.1492716
            ],
            [
              77.92213953612693,
              10.152026700305004
            ],
            [
              77.92055408809203,
              10.154362361563619
            ],
            [
              77.91818129742657,
              10.15592300052204
            ],
            [
              77.9153824,
              10.156471024046077
            ],
            [
              77.91258350257343,
              10.15592300052204
            ],
            [
              77.91021071190796,
              10.154362361563619
            ],
            [
              77.90862526387306,
              10.152026700305004
            ],
            [
              77.9080685285599,
              10.1492716
            ],
            [
              77.90862526387306,
              10.146516499694997
            ],
            [
              77.91021071190796,
              10.144180838436382
            ],
            [
              77.91258350257343,
              10.14262019947796
            ],
            [
              77.9153824,
              10.142072175953924
            ],
            [
              77.91818129742657,
              10.14262019947796
            ],
            [
              77.92055408809203,
              10.144180838436382
            ],
            [
              77.92213953612693,
              10.146516499694997
            ],
            [
              77.9226962714401,
              10.1492716
            ]
          ]
        ]
      },
      "properties": {
        "id": 41573,
        "name": "Unnamed Place 94",
        "ward_code": "OSM-573",
        "city": "Dindigul",
        "district": "Dindigul",
        "state": "Tamil Nadu",
        "administrative_type": "Rural",
        "local_body": "Dindigul Local Body",
        "locality": "Unnamed Place 94",
        "population": 4500,
        "area_sq_km": 2.01,
        "risk_level": "HIGH",
        "coordinates": [
          10.1492716,
          77.9153824
        ],
        "data_source_type": "OpenStreetMap / Overpass API",
        "data_status": "Verified Public Data"
      }
    },
    {
      "type": "Feature",
      "id": 38837,
      "geometry": {
        "type": "Polygon",
        "coordinates": [
          [
            [
              78.12691011515614,
              10.203545
            ],
            [
              78.12635328517071,
              10.206300100305004
            ],
            [
              78.12476756753206,
              10.208635761563619
            ],
            [
              78.1223943733761,
              10.21019640052204
            ],
            [
              78.119595,
              10.210744424046077
            ],
            [
              78.11679562662391,
              10.21019640052204
            ],
            [
              78.11442243246795,
              10.208635761563619
            ],
            [
              78.1128367148293,
              10.206300100305004
            ],
            [
              78.11227988484387,
              10.203545
            ],
            [
              78.1128367148293,
              10.200789899694996
            ],
            [
              78.11442243246795,
              10.198454238436382
            ],
            [
              78.11679562662391,
              10.19689359947796
            ],
            [
              78.119595,
              10.196345575953924
            ],
            [
              78.1223943733761,
              10.19689359947796
            ],
            [
              78.12476756753206,
              10.198454238436382
            ],
            [
              78.12635328517071,
              10.200789899694996
            ],
            [
              78.12691011515614,
              10.203545
            ]
          ]
        ]
      },
      "properties": {
        "id": 38837,
        "name": "Unnamed Place 95",
        "ward_code": "OSM-7837",
        "city": "Dindigul",
        "district": "Dindigul",
        "state": "Tamil Nadu",
        "administrative_type": "Rural",
        "local_body": "Dindigul Local Body",
        "locality": "Unnamed Place 95",
        "population": 4500,
        "area_sq_km": 2.01,
        "risk_level": "HIGH",
        "coordinates": [
          10.203545,
          78.119595
        ],
        "data_source_type": "OpenStreetMap / Overpass API",
        "data_status": "Verified Public Data"
      }
    },
    {
      "type": "Feature",
      "id": 38839,
      "geometry": {
        "type": "Polygon",
        "coordinates": [
          [
            [
              78.16777656121612,
              10.2142466
            ],
            [
              78.1672197125005,
              10.217001700305003
            ],
            [
              78.16563394152274,
              10.219337361563618
            ],
            [
              78.16326066753918,
              10.22089800052204
            ],
            [
              78.1604612,
              10.221446024046076
            ],
            [
              78.15766173246082,
              10.22089800052204
            ],
            [
              78.15528845847726,
              10.219337361563618
            ],
            [
              78.1537026874995,
              10.217001700305003
            ],
            [
              78.15314583878389,
              10.2142466
            ],
            [
              78.1537026874995,
              10.211491499694995
            ],
            [
              78.15528845847726,
              10.20915583843638
            ],
            [
              78.15766173246082,
              10.207595199477959
            ],
            [
              78.1604612,
              10.207047175953923
            ],
            [
              78.16326066753918,
              10.207595199477959
            ],
            [
              78.16563394152274,
              10.20915583843638
            ],
            [
              78.1672197125005,
              10.211491499694995
            ],
            [
              78.16777656121612,
              10.2142466
            ]
          ]
        ]
      },
      "properties": {
        "id": 38839,
        "name": "Unnamed Place 96",
        "ward_code": "OSM-7839",
        "city": "Dindigul",
        "district": "Dindigul",
        "state": "Tamil Nadu",
        "administrative_type": "Rural",
        "local_body": "Dindigul Local Body",
        "locality": "Unnamed Place 96",
        "population": 4500,
        "area_sq_km": 2.01,
        "risk_level": "MEDIUM",
        "coordinates": [
          10.2142466,
          78.1604612
        ],
        "data_source_type": "OpenStreetMap / Overpass API",
        "data_status": "Verified Public Data"
      }
    },
    {
      "type": "Feature",
      "id": 38840,
      "geometry": {
        "type": "Polygon",
        "coordinates": [
          [
            [
              78.16113516381267,
              10.2056621
            ],
            [
              78.16057833012349,
              10.208417200305004
            ],
            [
              78.15899260193743,
              10.210752861563618
            ],
            [
              78.15661939199614,
              10.21231350052204
            ],
            [
              78.15382,
              10.212861524046076
            ],
            [
              78.15102060800385,
              10.21231350052204
            ],
            [
              78.14864739806256,
              10.210752861563618
            ],
            [
              78.1470616698765,
              10.208417200305004
            ],
            [
              78.14650483618732,
              10.2056621
            ],
            [
              78.1470616698765,
              10.202906999694996
            ],
            [
              78.14864739806256,
              10.200571338436381
            ],
            [
              78.15102060800385,
              10.19901069947796
            ],
            [
              78.15382,
              10.198462675953923
            ],
            [
              78.15661939199614,
              10.19901069947796
            ],
            [
              78.15899260193743,
              10.200571338436381
            ],
            [
              78.16057833012349,
              10.202906999694996
            ],
            [
              78.16113516381267,
              10.2056621
            ]
          ]
        ]
      },
      "properties": {
        "id": 38840,
        "name": "Unnamed Place 97",
        "ward_code": "OSM-7840",
        "city": "Dindigul",
        "district": "Dindigul",
        "state": "Tamil Nadu",
        "administrative_type": "Rural",
        "local_body": "Dindigul Local Body",
        "locality": "Unnamed Place 97",
        "population": 4500,
        "area_sq_km": 2.01,
        "risk_level": "HIGH",
        "coordinates": [
          10.2056621,
          78.15382
        ],
        "data_source_type": "OpenStreetMap / Overpass API",
        "data_status": "Verified Public Data"
      }
    },
    {
      "type": "Feature",
      "id": 19806,
      "geometry": {
        "type": "Polygon",
        "coordinates": [
          [
            [
              78.09710328622396,
              10.5695921
            ],
            [
              78.09654580380484,
              10.572347200305003
            ],
            [
              78.09495822819224,
              10.574682861563618
            ],
            [
              78.09258225338175,
              10.57624350052204
            ],
            [
              78.0897796,
              10.576791524046076
            ],
            [
              78.08697694661825,
              10.57624350052204
            ],
            [
              78.08460097180776,
              10.574682861563618
            ],
            [
              78.08301339619516,
              10.572347200305003
            ],
            [
              78.08245591377604,
              10.5695921
            ],
            [
              78.08301339619516,
              10.566836999694996
            ],
            [
              78.08460097180776,
              10.564501338436381
            ],
            [
              78.08697694661825,
              10.56294069947796
            ],
            [
              78.0897796,
              10.562392675953923
            ],
            [
              78.09258225338175,
              10.56294069947796
            ],
            [
              78.09495822819224,
              10.564501338436381
            ],
            [
              78.09654580380484,
              10.566836999694996
            ],
            [
              78.09710328622396,
              10.5695921
            ]
          ]
        ]
      },
      "properties": {
        "id": 19806,
        "name": "Unnamed Place 98",
        "ward_code": "OSM-8806",
        "city": "Dindigul",
        "district": "Dindigul",
        "state": "Tamil Nadu",
        "administrative_type": "Rural",
        "local_body": "Dindigul Local Body",
        "locality": "Unnamed Place 98",
        "population": 4500,
        "area_sq_km": 2.01,
        "risk_level": "MEDIUM",
        "coordinates": [
          10.5695921,
          78.0897796
        ],
        "data_source_type": "OpenStreetMap / Overpass API",
        "data_status": "Verified Public Data"
      }
    },
    {
      "type": "Feature",
      "id": 25340,
      "geometry": {
        "type": "Polygon",
        "coordinates": [
          [
            [
              78.16397440183624,
              10.49872
            ],
            [
              78.16341704763352,
              10.501475100305004
            ],
            [
              78.16182983715026,
              10.503810761563619
            ],
            [
              78.15945440879447,
              10.50537140052204
            ],
            [
              78.1566524,
              10.505919424046077
            ],
            [
              78.15385039120552,
              10.50537140052204
            ],
            [
              78.15147496284973,
              10.503810761563619
            ],
            [
              78.14988775236648,
              10.501475100305004
            ],
            [
              78.14933039816376,
              10.49872
            ],
            [
              78.14988775236648,
              10.495964899694997
            ],
            [
              78.15147496284973,
              10.493629238436382
            ],
            [
              78.15385039120552,
              10.49206859947796
            ],
            [
              78.1566524,
              10.491520575953924
            ],
            [
              78.15945440879447,
              10.49206859947796
            ],
            [
              78.16182983715026,
              10.493629238436382
            ],
            [
              78.16341704763352,
              10.495964899694997
            ],
            [
              78.16397440183624,
              10.49872
            ]
          ]
        ]
      },
      "properties": {
        "id": 25340,
        "name": "Unnamed Place 99",
        "ward_code": "OSM-4340",
        "city": "Dindigul",
        "district": "Dindigul",
        "state": "Tamil Nadu",
        "administrative_type": "Rural",
        "local_body": "Dindigul Local Body",
        "locality": "Unnamed Place 99",
        "population": 4500,
        "area_sq_km": 2.01,
        "risk_level": "MEDIUM",
        "coordinates": [
          10.49872,
          78.1566524
        ],
        "data_source_type": "OpenStreetMap / Overpass API",
        "data_status": "Verified Public Data"
      }
    },
    {
      "type": "Feature",
      "id": 2043,
      "geometry": {
        "type": "Polygon",
        "coordinates": [
          [
            [
              77.8758897771061,
              10.4298757
            ],
            [
              77.87533254657858,
              10.432630800305004
            ],
            [
              77.87374568829256,
              10.434966461563619
            ],
            [
              77.87137078703716,
              10.43652710052204
            ],
            [
              77.8685694,
              10.437075124046077
            ],
            [
              77.86576801296283,
              10.43652710052204
            ],
            [
              77.86339311170744,
              10.434966461563619
            ],
            [
              77.86180625342142,
              10.432630800305004
            ],
            [
              77.8612490228939,
              10.4298757
            ],
            [
              77.86180625342142,
              10.427120599694996
            ],
            [
              77.86339311170744,
              10.424784938436382
            ],
            [
              77.86576801296283,
              10.42322429947796
            ],
            [
              77.8685694,
              10.422676275953924
            ],
            [
              77.87137078703716,
              10.42322429947796
            ],
            [
              77.87374568829256,
              10.424784938436382
            ],
            [
              77.87533254657858,
              10.427120599694996
            ],
            [
              77.8758897771061,
              10.4298757
            ]
          ]
        ]
      },
      "properties": {
        "id": 2043,
        "name": "Reddiarchatram",
        "ward_code": "OSM-1043",
        "city": "Dindigul",
        "district": "Dindigul",
        "state": "Tamil Nadu",
        "administrative_type": "Rural",
        "local_body": "Dindigul Local Body",
        "locality": "Reddiarchatram",
        "population": 4500,
        "area_sq_km": 2.01,
        "risk_level": "MEDIUM",
        "coordinates": [
          10.4298757,
          77.8685694
        ],
        "data_source_type": "OpenStreetMap / Overpass API",
        "data_status": "Verified Public Data"
      }
    },
    {
      "type": "Feature",
      "id": 50020,
      "geometry": {
        "type": "Polygon",
        "coordinates": [
          [
            [
              78.12895675894245,
              10.257519
            ],
            [
              78.12839983427943,
              10.260274100305004
            ],
            [
              78.12681384702181,
              10.262609761563619
            ],
            [
              78.12444024935252,
              10.26417040052204
            ],
            [
              78.1216404,
              10.264718424046077
            ],
            [
              78.11884055064749,
              10.26417040052204
            ],
            [
              78.1164669529782,
              10.262609761563619
            ],
            [
              78.11488096572057,
              10.260274100305004
            ],
            [
              78.11432404105756,
              10.257519
            ],
            [
              78.11488096572057,
              10.254763899694996
            ],
            [
              78.1164669529782,
              10.252428238436382
            ],
            [
              78.11884055064749,
              10.25086759947796
            ],
            [
              78.1216404,
              10.250319575953924
            ],
            [
              78.12444024935252,
              10.25086759947796
            ],
            [
              78.12681384702181,
              10.252428238436382
            ],
            [
              78.12839983427943,
              10.254763899694996
            ],
            [
              78.12895675894245,
              10.257519
            ]
          ]
        ]
      },
      "properties": {
        "id": 50020,
        "name": "Gopalpatty",
        "ward_code": "OSM-9020",
        "city": "Dindigul",
        "district": "Dindigul",
        "state": "Tamil Nadu",
        "administrative_type": "Rural",
        "local_body": "Dindigul Local Body",
        "locality": "Gopalpatty",
        "population": 4500,
        "area_sq_km": 2.01,
        "risk_level": "MEDIUM",
        "coordinates": [
          10.257519,
          78.1216404
        ],
        "data_source_type": "OpenStreetMap / Overpass API",
        "data_status": "Verified Public Data"
      }
    },
    {
      "type": "Feature",
      "id": 50022,
      "geometry": {
        "type": "Polygon",
        "coordinates": [
          [
            [
              77.96236354499408,
              10.4370118
            ],
            [
              77.96180630168686,
              10.439766900305004
            ],
            [
              77.9602194070073,
              10.442102561563619
            ],
            [
              77.95784445128513,
              10.44366320052204
            ],
            [
              77.955043,
              10.444211224046077
            ],
            [
              77.95224154871488,
              10.44366320052204
            ],
            [
              77.9498665929927,
              10.442102561563619
            ],
            [
              77.94827969831314,
              10.439766900305004
            ],
            [
              77.94772245500593,
              10.4370118
            ],
            [
              77.94827969831314,
              10.434256699694997
            ],
            [
              77.9498665929927,
              10.431921038436382
            ],
            [
              77.95224154871488,
              10.43036039947796
            ],
            [
              77.955043,
              10.429812375953924
            ],
            [
              77.95784445128513,
              10.43036039947796
            ],
            [
              77.9602194070073,
              10.431921038436382
            ],
            [
              77.96180630168686,
              10.434256699694997
            ],
            [
              77.96236354499408,
              10.4370118
            ]
          ]
        ]
      },
      "properties": {
        "id": 50022,
        "name": "Thadikombu",
        "ward_code": "OSM-9022",
        "city": "Dindigul",
        "district": "Dindigul",
        "state": "Tamil Nadu",
        "administrative_type": "Rural",
        "local_body": "Dindigul Local Body",
        "locality": "Thadikombu",
        "population": 4500,
        "area_sq_km": 2.01,
        "risk_level": "LOW",
        "coordinates": [
          10.4370118,
          77.955043
        ],
        "data_source_type": "OpenStreetMap / Overpass API",
        "data_status": "Verified Public Data"
      }
    },
    {
      "type": "Feature",
      "id": 17377,
      "geometry": {
        "type": "Polygon",
        "coordinates": [
          [
            [
              77.84536379325147,
              10.2695185
            ],
            [
              77.84431951990783,
              10.274684313071884
            ],
            [
              77.84134568102712,
              10.279063677931784
            ],
            [
              77.83689501662103,
              10.281989875978825
            ],
            [
              77.8316451,
              10.283017420086393
            ],
            [
              77.82639518337898,
              10.281989875978825
            ],
            [
              77.82194451897288,
              10.279063677931784
            ],
            [
              77.81897068009218,
              10.274684313071884
            ],
            [
              77.81792640674854,
              10.2695185
            ],
            [
              77.81897068009218,
              10.264352686928117
            ],
            [
              77.82194451897288,
              10.259973322068216
            ],
            [
              77.82639518337898,
              10.257047124021176
            ],
            [
              77.8316451,
              10.256019579913607
            ],
            [
              77.83689501662103,
              10.257047124021176
            ],
            [
              77.84134568102712,
              10.259973322068216
            ],
            [
              77.84431951990783,
              10.264352686928117
            ],
            [
              77.84536379325147,
              10.2695185
            ]
          ]
        ]
      },
      "properties": {
        "id": 17377,
        "name": "Sithayankottai",
        "ward_code": "OSM-6377",
        "city": "Dindigul",
        "district": "Dindigul",
        "state": "Tamil Nadu",
        "administrative_type": "Urban",
        "local_body": "Dindigul Local Body",
        "locality": "Sithayankottai",
        "population": 0,
        "area_sq_km": 7.07,
        "risk_level": "MEDIUM",
        "coordinates": [
          10.2695185,
          77.8316451
        ],
        "data_source_type": "OpenStreetMap / Overpass API",
        "data_status": "Verified Public Data"
      }
    },
    {
      "type": "Feature",
      "id": 17378,
      "geometry": {
        "type": "Polygon",
        "coordinates": [
          [
            [
              77.96116008702836,
              10.3062146
            ],
            [
              77.96060307649492,
              10.308969700305004
            ],
            [
              77.95901684469901,
              10.311305361563619
            ],
            [
              77.9566428810523,
              10.31286600052204
            ],
            [
              77.9538426,
              10.313414024046077
            ],
            [
              77.9510423189477,
              10.31286600052204
            ],
            [
              77.948668355301,
              10.311305361563619
            ],
            [
              77.94708212350508,
              10.308969700305004
            ],
            [
              77.94652511297164,
              10.3062146
            ],
            [
              77.94708212350508,
              10.303459499694997
            ],
            [
              77.948668355301,
              10.301123838436382
            ],
            [
              77.9510423189477,
              10.29956319947796
            ],
            [
              77.9538426,
              10.299015175953924
            ],
            [
              77.9566428810523,
              10.29956319947796
            ],
            [
              77.95901684469901,
              10.301123838436382
            ],
            [
              77.96060307649492,
              10.303459499694997
            ],
            [
              77.96116008702836,
              10.3062146
            ]
          ]
        ]
      },
      "properties": {
        "id": 17378,
        "name": "Vellodu",
        "ward_code": "OSM-6378",
        "city": "Dindigul",
        "district": "Dindigul",
        "state": "Tamil Nadu",
        "administrative_type": "Rural",
        "local_body": "Dindigul Local Body",
        "locality": "Vellodu",
        "population": 4500,
        "area_sq_km": 2.01,
        "risk_level": "HIGH",
        "coordinates": [
          10.3062146,
          77.9538426
        ],
        "data_source_type": "OpenStreetMap / Overpass API",
        "data_status": "Verified Public Data"
      }
    },
    {
      "type": "Feature",
      "id": 17379,
      "geometry": {
        "type": "Polygon",
        "coordinates": [
          [
            [
              77.9636566810802,
              10.318868
            ],
            [
              77.96309964816339,
              10.321623100305004
            ],
            [
              77.96151335262505,
              10.323958761563619
            ],
            [
              77.95913929358107,
              10.32551940052204
            ],
            [
              77.9563389,
              10.326067424046077
            ],
            [
              77.95353850641894,
              10.32551940052204
            ],
            [
              77.95116444737496,
              10.323958761563619
            ],
            [
              77.94957815183662,
              10.321623100305004
            ],
            [
              77.94902111891982,
              10.318868
            ],
            [
              77.94957815183662,
              10.316112899694996
            ],
            [
              77.95116444737496,
              10.313777238436382
            ],
            [
              77.95353850641894,
              10.31221659947796
            ],
            [
              77.9563389,
              10.311668575953924
            ],
            [
              77.95913929358107,
              10.31221659947796
            ],
            [
              77.96151335262505,
              10.313777238436382
            ],
            [
              77.96309964816339,
              10.316112899694996
            ],
            [
              77.9636566810802,
              10.318868
            ]
          ]
        ]
      },
      "properties": {
        "id": 17379,
        "name": "Sirunayakkanpatty",
        "ward_code": "OSM-6379",
        "city": "Dindigul",
        "district": "Dindigul",
        "state": "Tamil Nadu",
        "administrative_type": "Rural",
        "local_body": "Dindigul Local Body",
        "locality": "Sirunayakkanpatty",
        "population": 4500,
        "area_sq_km": 2.01,
        "risk_level": "LOW",
        "coordinates": [
          10.318868,
          77.9563389
        ],
        "data_source_type": "OpenStreetMap / Overpass API",
        "data_status": "Verified Public Data"
      }
    },
    {
      "type": "Feature",
      "id": 17380,
      "geometry": {
        "type": "Polygon",
        "coordinates": [
          [
            [
              77.96170560802679,
              10.354709
            ],
            [
              77.9614270597891,
              10.356086550152503
            ],
            [
              77.96063382152019,
              10.357254380781809
            ],
            [
              77.95944665655577,
              10.358034700261019
            ],
            [
              77.9580463,
              10.358308712023037
            ],
            [
              77.95664594344424,
              10.358034700261019
            ],
            [
              77.95545877847982,
              10.357254380781809
            ],
            [
              77.95466554021091,
              10.356086550152503
            ],
            [
              77.95438699197322,
              10.354709
            ],
            [
              77.95466554021091,
              10.353331449847497
            ],
            [
              77.95545877847982,
              10.35216361921819
            ],
            [
              77.95664594344424,
              10.35138329973898
            ],
            [
              77.9580463,
              10.351109287976962
            ],
            [
              77.95944665655577,
              10.35138329973898
            ],
            [
              77.96063382152019,
              10.35216361921819
            ],
            [
              77.9614270597891,
              10.353331449847497
            ],
            [
              77.96170560802679,
              10.354709
            ]
          ]
        ]
      },
      "properties": {
        "id": 17380,
        "name": "Begambur",
        "ward_code": "OSM-6380",
        "city": "Dindigul",
        "district": "Dindigul",
        "state": "Tamil Nadu",
        "administrative_type": "Urban",
        "local_body": "Dindigul Local Body",
        "locality": "Begambur",
        "population": 4500,
        "area_sq_km": 0.5,
        "risk_level": "MEDIUM",
        "coordinates": [
          10.354709,
          77.9580463
        ],
        "data_source_type": "OpenStreetMap / Overpass API",
        "data_status": "Verified Public Data"
      }
    },
    {
      "type": "Feature",
      "id": 3700,
      "geometry": {
        "type": "Polygon",
        "coordinates": [
          [
            [
              77.7476578588252,
              10.1530949
            ],
            [
              77.74710111686025,
              10.155850000305003
            ],
            [
              77.74551564988263,
              10.158185661563618
            ],
            [
              77.74314283086741,
              10.15974630052204
            ],
            [
              77.7403439,
              10.160294324046076
            ],
            [
              77.73754496913259,
              10.15974630052204
            ],
            [
              77.73517215011736,
              10.158185661563618
            ],
            [
              77.73358668313975,
              10.155850000305003
            ],
            [
              77.73302994117479,
              10.1530949
            ],
            [
              77.73358668313975,
              10.150339799694995
            ],
            [
              77.73517215011736,
              10.14800413843638
            ],
            [
              77.73754496913259,
              10.146443499477959
            ],
            [
              77.7403439,
              10.145895475953923
            ],
            [
              77.74314283086741,
              10.146443499477959
            ],
            [
              77.74551564988263,
              10.14800413843638
            ],
            [
              77.74710111686025,
              10.150339799694995
            ],
            [
              77.7476578588252,
              10.1530949
            ]
          ]
        ]
      },
      "properties": {
        "id": 3700,
        "name": "Old Batlagundu",
        "ward_code": "OSM-2700",
        "city": "Dindigul",
        "district": "Dindigul",
        "state": "Tamil Nadu",
        "administrative_type": "Rural",
        "local_body": "Dindigul Local Body",
        "locality": "Old Batlagundu",
        "population": 4500,
        "area_sq_km": 2.01,
        "risk_level": "MEDIUM",
        "coordinates": [
          10.1530949,
          77.7403439
        ],
        "data_source_type": "OpenStreetMap / Overpass API",
        "data_status": "Verified Public Data"
      }
    },
    {
      "type": "Feature",
      "id": 9694,
      "geometry": {
        "type": "Polygon",
        "coordinates": [
          [
            [
              77.74306394198956,
              10.3558202
            ],
            [
              77.74250684353994,
              10.358575300305004
            ],
            [
              77.7409203613799,
              10.360910961563619
            ],
            [
              77.73854602303682,
              10.36247160052204
            ],
            [
              77.7357453,
              10.363019624046077
            ],
            [
              77.73294457696319,
              10.36247160052204
            ],
            [
              77.7305702386201,
              10.360910961563619
            ],
            [
              77.72898375646007,
              10.358575300305004
            ],
            [
              77.72842665801045,
              10.3558202
            ],
            [
              77.72898375646007,
              10.353065099694996
            ],
            [
              77.7305702386201,
              10.350729438436382
            ],
            [
              77.73294457696319,
              10.34916879947796
            ],
            [
              77.7357453,
              10.348620775953924
            ],
            [
              77.73854602303682,
              10.34916879947796
            ],
            [
              77.7409203613799,
              10.350729438436382
            ],
            [
              77.74250684353994,
              10.353065099694996
            ],
            [
              77.74306394198956,
              10.3558202
            ]
          ]
        ]
      },
      "properties": {
        "id": 9694,
        "name": "Adalur",
        "ward_code": "OSM-8694",
        "city": "Dindigul",
        "district": "Dindigul",
        "state": "Tamil Nadu",
        "administrative_type": "Rural",
        "local_body": "Dindigul Local Body",
        "locality": "Adalur",
        "population": 4500,
        "area_sq_km": 2.01,
        "risk_level": "LOW",
        "coordinates": [
          10.3558202,
          77.7357453
        ],
        "data_source_type": "OpenStreetMap / Overpass API",
        "data_status": "Verified Public Data"
      }
    },
    {
      "type": "Feature",
      "id": 9695,
      "geometry": {
        "type": "Polygon",
        "coordinates": [
          [
            [
              77.85570606932777,
              10.344132
            ],
            [
              77.85514899163329,
              10.346887100305004
            ],
            [
              77.8535625685789,
              10.349222761563619
            ],
            [
              77.85118831869367,
              10.35078340052204
            ],
            [
              77.8483877,
              10.351331424046077
            ],
            [
              77.84558708130633,
              10.35078340052204
            ],
            [
              77.84321283142111,
              10.349222761563619
            ],
            [
              77.84162640836672,
              10.346887100305004
            ],
            [
              77.84106933067224,
              10.344132
            ],
            [
              77.84162640836672,
              10.341376899694996
            ],
            [
              77.84321283142111,
              10.339041238436382
            ],
            [
              77.84558708130633,
              10.33748059947796
            ],
            [
              77.8483877,
              10.336932575953924
            ],
            [
              77.85118831869367,
              10.33748059947796
            ],
            [
              77.8535625685789,
              10.339041238436382
            ],
            [
              77.85514899163329,
              10.341376899694996
            ],
            [
              77.85570606932777,
              10.344132
            ]
          ]
        ]
      },
      "properties": {
        "id": 9695,
        "name": "Paraipatti",
        "ward_code": "OSM-8695",
        "city": "Dindigul",
        "district": "Dindigul",
        "state": "Tamil Nadu",
        "administrative_type": "Rural",
        "local_body": "Dindigul Local Body",
        "locality": "Paraipatti",
        "population": 4500,
        "area_sq_km": 2.01,
        "risk_level": "MEDIUM",
        "coordinates": [
          10.344132,
          77.8483877
        ],
        "data_source_type": "OpenStreetMap / Overpass API",
        "data_status": "Verified Public Data"
      }
    },
    {
      "type": "Feature",
      "id": 9696,
      "geometry": {
        "type": "Polygon",
        "coordinates": [
          [
            [
              77.81565186379814,
              10.4335612
            ],
            [
              77.8150946266716,
              10.436316300305004
            ],
            [
              77.8135077495931,
              10.438651961563618
            ],
            [
              77.81113282021278,
              10.44021260052204
            ],
            [
              77.8083314,
              10.440760624046076
            ],
            [
              77.80552997978722,
              10.44021260052204
            ],
            [
              77.8031550504069,
              10.438651961563618
            ],
            [
              77.8015681733284,
              10.436316300305004
            ],
            [
              77.80101093620186,
              10.4335612
            ],
            [
              77.8015681733284,
              10.430806099694996
            ],
            [
              77.8031550504069,
              10.428470438436381
            ],
            [
              77.80552997978722,
              10.42690979947796
            ],
            [
              77.8083314,
              10.426361775953923
            ],
            [
              77.81113282021278,
              10.42690979947796
            ],
            [
              77.8135077495931,
              10.428470438436381
            ],
            [
              77.8150946266716,
              10.430806099694996
            ],
            [
              77.81565186379814,
              10.4335612
            ]
          ]
        ]
      },
      "properties": {
        "id": 9696,
        "name": "Sriramapuram",
        "ward_code": "OSM-8696",
        "city": "Dindigul",
        "district": "Dindigul",
        "state": "Tamil Nadu",
        "administrative_type": "Rural",
        "local_body": "Dindigul Local Body",
        "locality": "Sriramapuram",
        "population": 4500,
        "area_sq_km": 2.01,
        "risk_level": "HIGH",
        "coordinates": [
          10.4335612,
          77.8083314
        ],
        "data_source_type": "OpenStreetMap / Overpass API",
        "data_status": "Verified Public Data"
      }
    },
    {
      "type": "Feature",
      "id": 9697,
      "geometry": {
        "type": "Polygon",
        "coordinates": [
          [
            [
              77.82239258452329,
              10.4895395
            ],
            [
              77.82183524686252,
              10.492294600305003
            ],
            [
              77.8202480834868,
              10.494630261563618
            ],
            [
              77.81787272563241,
              10.49619090052204
            ],
            [
              77.8150708,
              10.496738924046076
            ],
            [
              77.81226887436759,
              10.49619090052204
            ],
            [
              77.8098935165132,
              10.494630261563618
            ],
            [
              77.80830635313748,
              10.492294600305003
            ],
            [
              77.80774901547672,
              10.4895395
            ],
            [
              77.80830635313748,
              10.486784399694995
            ],
            [
              77.8098935165132,
              10.484448738436381
            ],
            [
              77.81226887436759,
              10.48288809947796
            ],
            [
              77.8150708,
              10.482340075953923
            ],
            [
              77.81787272563241,
              10.48288809947796
            ],
            [
              77.8202480834868,
              10.484448738436381
            ],
            [
              77.82183524686252,
              10.486784399694995
            ],
            [
              77.82239258452329,
              10.4895395
            ]
          ]
        ]
      },
      "properties": {
        "id": 9697,
        "name": "Nalupulikottai",
        "ward_code": "OSM-8697",
        "city": "Dindigul",
        "district": "Dindigul",
        "state": "Tamil Nadu",
        "administrative_type": "Rural",
        "local_body": "Dindigul Local Body",
        "locality": "Nalupulikottai",
        "population": 4500,
        "area_sq_km": 2.01,
        "risk_level": "LOW",
        "coordinates": [
          10.4895395,
          77.8150708
        ],
        "data_source_type": "OpenStreetMap / Overpass API",
        "data_status": "Verified Public Data"
      }
    },
    {
      "type": "Feature",
      "id": 9698,
      "geometry": {
        "type": "Polygon",
        "coordinates": [
          [
            [
              78.00175250654175,
              10.3973355
            ],
            [
              78.00147392035687,
              10.398713050152503
            ],
            [
              78.0006805740235,
              10.39988088078181
            ],
            [
              77.99949324732918,
              10.40066120026102
            ],
            [
              77.9980927,
              10.400935212023038
            ],
            [
              77.99669215267082,
              10.40066120026102
            ],
            [
              77.9955048259765,
              10.39988088078181
            ],
            [
              77.99471147964313,
              10.398713050152503
            ],
            [
              77.99443289345825,
              10.3973355
            ],
            [
              77.99471147964313,
              10.395957949847498
            ],
            [
              77.9955048259765,
              10.394790119218191
            ],
            [
              77.99669215267082,
              10.394009799738981
            ],
            [
              77.9980927,
              10.393735787976963
            ],
            [
              77.99949324732918,
              10.394009799738981
            ],
            [
              78.0006805740235,
              10.394790119218191
            ],
            [
              78.00147392035687,
              10.395957949847498
            ],
            [
              78.00175250654175,
              10.3973355
            ]
          ]
        ]
      },
      "properties": {
        "id": 9698,
        "name": "Seelapadi",
        "ward_code": "OSM-8698",
        "city": "Dindigul",
        "district": "Dindigul",
        "state": "Tamil Nadu",
        "administrative_type": "Urban",
        "local_body": "Dindigul Local Body",
        "locality": "Seelapadi",
        "population": 4500,
        "area_sq_km": 0.5,
        "risk_level": "MEDIUM",
        "coordinates": [
          10.3973355,
          77.9980927
        ],
        "data_source_type": "OpenStreetMap / Overpass API",
        "data_status": "Verified Public Data"
      }
    },
    {
      "type": "Feature",
      "id": 9699,
      "geometry": {
        "type": "Polygon",
        "coordinates": [
          [
            [
              77.9936499335532,
              10.3825647
            ],
            [
              77.99337136053629,
              10.383942250152502
            ],
            [
              77.99257805170213,
              10.385110080781809
            ],
            [
              77.99139078112934,
              10.385890400261019
            ],
            [
              77.9899903,
              10.386164412023037
            ],
            [
              77.98858981887066,
              10.385890400261019
            ],
            [
              77.98740254829788,
              10.385110080781809
            ],
            [
              77.98660923946372,
              10.383942250152502
            ],
            [
              77.9863306664468,
              10.3825647
            ],
            [
              77.98660923946372,
              10.381187149847497
            ],
            [
              77.98740254829788,
              10.38001931921819
            ],
            [
              77.98858981887066,
              10.37923899973898
            ],
            [
              77.9899903,
              10.378964987976962
            ],
            [
              77.99139078112934,
              10.37923899973898
            ],
            [
              77.99257805170213,
              10.38001931921819
            ],
            [
              77.99337136053629,
              10.381187149847497
            ],
            [
              77.9936499335532,
              10.3825647
            ]
          ]
        ]
      },
      "properties": {
        "id": 9699,
        "name": "Nandhavanapatti",
        "ward_code": "OSM-8699",
        "city": "Dindigul",
        "district": "Dindigul",
        "state": "Tamil Nadu",
        "administrative_type": "Urban",
        "local_body": "Dindigul Local Body",
        "locality": "Nandhavanapatti",
        "population": 4500,
        "area_sq_km": 0.5,
        "risk_level": "HIGH",
        "coordinates": [
          10.3825647,
          77.9899903
        ],
        "data_source_type": "OpenStreetMap / Overpass API",
        "data_status": "Verified Public Data"
      }
    },
    {
      "type": "Feature",
      "id": 9700,
      "geometry": {
        "type": "Polygon",
        "coordinates": [
          [
            [
              78.00590015144827,
              10.3584292
            ],
            [
              78.00562159990533,
              10.359806750152503
            ],
            [
              78.00482835222381,
              10.360974580781809
            ],
            [
              78.00364117317245,
              10.361754900261019
            ],
            [
              78.0022408,
              10.362028912023037
            ],
            [
              78.00084042682754,
              10.361754900261019
            ],
            [
              77.99965324777618,
              10.360974580781809
            ],
            [
              77.99886000009467,
              10.359806750152503
            ],
            [
              77.99858144855172,
              10.3584292
            ],
            [
              77.99886000009467,
              10.357051649847497
            ],
            [
              77.99965324777618,
              10.35588381921819
            ],
            [
              78.00084042682754,
              10.35510349973898
            ],
            [
              78.0022408,
              10.354829487976962
            ],
            [
              78.00364117317245,
              10.35510349973898
            ],
            [
              78.00482835222381,
              10.35588381921819
            ],
            [
              78.00562159990533,
              10.357051649847497
            ],
            [
              78.00590015144827,
              10.3584292
            ]
          ]
        ]
      },
      "properties": {
        "id": 9700,
        "name": "Balakrishnapuram",
        "ward_code": "OSM-8700",
        "city": "Dindigul",
        "district": "Dindigul",
        "state": "Tamil Nadu",
        "administrative_type": "Urban",
        "local_body": "Dindigul Local Body",
        "locality": "Balakrishnapuram",
        "population": 4500,
        "area_sq_km": 0.5,
        "risk_level": "LOW",
        "coordinates": [
          10.3584292,
          78.0022408
        ],
        "data_source_type": "OpenStreetMap / Overpass API",
        "data_status": "Verified Public Data"
      }
    },
    {
      "type": "Feature",
      "id": 21201,
      "geometry": {
        "type": "Polygon",
        "coordinates": [
          [
            [
              78.00004449641827,
              10.3451403
            ],
            [
              77.99976595667628,
              10.346517850152503
            ],
            [
              77.99897274260105,
              10.34768568078181
            ],
            [
              77.99778561384504,
              10.34846600026102
            ],
            [
              77.9963853,
              10.348740012023038
            ],
            [
              77.99498498615496,
              10.34846600026102
            ],
            [
              77.99379785739895,
              10.34768568078181
            ],
            [
              77.99300464332372,
              10.346517850152503
            ],
            [
              77.99272610358173,
              10.3451403
            ],
            [
              77.99300464332372,
              10.343762749847498
            ],
            [
              77.99379785739895,
              10.342594919218191
            ],
            [
              77.99498498615496,
              10.341814599738981
            ],
            [
              77.9963853,
              10.341540587976963
            ],
            [
              77.99778561384504,
              10.341814599738981
            ],
            [
              77.99897274260105,
              10.342594919218191
            ],
            [
              77.99976595667628,
              10.343762749847498
            ],
            [
              78.00004449641827,
              10.3451403
            ]
          ]
        ]
      },
      "properties": {
        "id": 21201,
        "name": "Thottanuthu",
        "ward_code": "OSM-201",
        "city": "Dindigul",
        "district": "Dindigul",
        "state": "Tamil Nadu",
        "administrative_type": "Urban",
        "local_body": "Dindigul Local Body",
        "locality": "Thottanuthu",
        "population": 4500,
        "area_sq_km": 0.5,
        "risk_level": "HIGH",
        "coordinates": [
          10.3451403,
          77.9963853
        ],
        "data_source_type": "OpenStreetMap / Overpass API",
        "data_status": "Verified Public Data"
      }
    },
    {
      "type": "Feature",
      "id": 21202,
      "geometry": {
        "type": "Polygon",
        "coordinates": [
          [
            [
              77.97145104999571,
              10.3497349
            ],
            [
              77.97117250617538,
              10.351112450152502
            ],
            [
              77.97037928048603,
              10.352280280781809
            ],
            [
              77.96919213434825,
              10.353060600261019
            ],
            [
              77.9677918,
              10.353334612023037
            ],
            [
              77.96639146565175,
              10.353060600261019
            ],
            [
              77.96520431951397,
              10.352280280781809
            ],
            [
              77.96441109382462,
              10.351112450152502
            ],
            [
              77.9641325500043,
              10.3497349
            ],
            [
              77.96441109382462,
              10.348357349847497
            ],
            [
              77.96520431951397,
              10.34718951921819
            ],
            [
              77.96639146565175,
              10.34640919973898
            ],
            [
              77.9677918,
              10.346135187976962
            ],
            [
              77.96919213434825,
              10.34640919973898
            ],
            [
              77.97037928048603,
              10.34718951921819
            ],
            [
              77.97117250617538,
              10.348357349847497
            ],
            [
              77.97145104999571,
              10.3497349
            ]
          ]
        ]
      },
      "properties": {
        "id": 21202,
        "name": "Mettupatti",
        "ward_code": "OSM-202",
        "city": "Dindigul",
        "district": "Dindigul",
        "state": "Tamil Nadu",
        "administrative_type": "Urban",
        "local_body": "Dindigul Local Body",
        "locality": "Mettupatti",
        "population": 4500,
        "area_sq_km": 0.5,
        "risk_level": "LOW",
        "coordinates": [
          10.3497349,
          77.9677918
        ],
        "data_source_type": "OpenStreetMap / Overpass API",
        "data_status": "Verified Public Data"
      }
    },
    {
      "type": "Feature",
      "id": 21803,
      "geometry": {
        "type": "Polygon",
        "coordinates": [
          [
            [
              77.99519981281945,
              10.3202328
            ],
            [
              77.99464277748665,
              10.322987900305003
            ],
            [
              77.99305647506809,
              10.325323561563618
            ],
            [
              77.99068240572716,
              10.32688420052204
            ],
            [
              77.987882,
              10.327432224046076
            ],
            [
              77.98508159427284,
              10.32688420052204
            ],
            [
              77.98270752493191,
              10.325323561563618
            ],
            [
              77.98112122251335,
              10.322987900305003
            ],
            [
              77.98056418718055,
              10.3202328
            ],
            [
              77.98112122251335,
              10.317477699694996
            ],
            [
              77.98270752493191,
              10.315142038436381
            ],
            [
              77.98508159427284,
              10.31358139947796
            ],
            [
              77.987882,
              10.313033375953923
            ],
            [
              77.99068240572716,
              10.31358139947796
            ],
            [
              77.99305647506809,
              10.315142038436381
            ],
            [
              77.99464277748665,
              10.317477699694996
            ],
            [
              77.99519981281945,
              10.3202328
            ]
          ]
        ]
      },
      "properties": {
        "id": 21803,
        "name": "Thandaalkaranpatti",
        "ward_code": "OSM-803",
        "city": "Dindigul",
        "district": "Dindigul",
        "state": "Tamil Nadu",
        "administrative_type": "Rural",
        "local_body": "Dindigul Local Body",
        "locality": "Thandaalkaranpatti",
        "population": 4500,
        "area_sq_km": 2.01,
        "risk_level": "MEDIUM",
        "coordinates": [
          10.3202328,
          77.987882
        ],
        "data_source_type": "OpenStreetMap / Overpass API",
        "data_status": "Verified Public Data"
      }
    },
    {
      "type": "Feature",
      "id": 47777,
      "geometry": {
        "type": "Polygon",
        "coordinates": [
          [
            [
              77.76560408014734,
              10.3574548
            ],
            [
              77.76504697879312,
              10.360209900305003
            ],
            [
              77.76346048836152,
              10.362545561563618
            ],
            [
              77.76108613763917,
              10.36410620052204
            ],
            [
              77.7582854,
              10.364654224046076
            ],
            [
              77.75548466236084,
              10.36410620052204
            ],
            [
              77.7531103116385,
              10.362545561563618
            ],
            [
              77.75152382120689,
              10.360209900305003
            ],
            [
              77.75096671985267,
              10.3574548
            ],
            [
              77.75152382120689,
              10.354699699694995
            ],
            [
              77.7531103116385,
              10.35236403843638
            ],
            [
              77.75548466236084,
              10.35080339947796
            ],
            [
              77.7582854,
              10.350255375953923
            ],
            [
              77.76108613763917,
              10.35080339947796
            ],
            [
              77.76346048836152,
              10.35236403843638
            ],
            [
              77.76504697879312,
              10.354699699694995
            ],
            [
              77.76560408014734,
              10.3574548
            ]
          ]
        ]
      },
      "properties": {
        "id": 47777,
        "name": "Pandrimalai",
        "ward_code": "OSM-6777",
        "city": "Dindigul",
        "district": "Dindigul",
        "state": "Tamil Nadu",
        "administrative_type": "Rural",
        "local_body": "Dindigul Local Body",
        "locality": "Pandrimalai",
        "population": 4500,
        "area_sq_km": 2.01,
        "risk_level": "MEDIUM",
        "coordinates": [
          10.3574548,
          77.7582854
        ],
        "data_source_type": "OpenStreetMap / Overpass API",
        "data_status": "Verified Public Data"
      }
    },
    {
      "type": "Feature",
      "id": 26647,
      "geometry": {
        "type": "Polygon",
        "coordinates": [
          [
            [
              77.7504908982196,
              10.2894585
            ],
            [
              77.74993391728245,
              10.292213600305004
            ],
            [
              77.74834776976968,
              10.294549261563619
            ],
            [
              77.74597393226162,
              10.29610990052204
            ],
            [
              77.7431738,
              10.296657924046077
            ],
            [
              77.74037366773837,
              10.29610990052204
            ],
            [
              77.73799983023031,
              10.294549261563619
            ],
            [
              77.73641368271754,
              10.292213600305004
            ],
            [
              77.73585670178039,
              10.2894585
            ],
            [
              77.73641368271754,
              10.286703399694996
            ],
            [
              77.73799983023031,
              10.284367738436382
            ],
            [
              77.74037366773837,
              10.28280709947796
            ],
            [
              77.7431738,
              10.282259075953924
            ],
            [
              77.74597393226162,
              10.28280709947796
            ],
            [
              77.74834776976968,
              10.284367738436382
            ],
            [
              77.74993391728245,
              10.286703399694996
            ],
            [
              77.7504908982196,
              10.2894585
            ]
          ]
        ]
      },
      "properties": {
        "id": 26647,
        "name": "Manjalparappu",
        "ward_code": "OSM-5647",
        "city": "Dindigul",
        "district": "Dindigul",
        "state": "Tamil Nadu",
        "administrative_type": "Rural",
        "local_body": "Dindigul Local Body",
        "locality": "Manjalparappu",
        "population": 4500,
        "area_sq_km": 2.01,
        "risk_level": "HIGH",
        "coordinates": [
          10.2894585,
          77.7431738
        ],
        "data_source_type": "OpenStreetMap / Overpass API",
        "data_status": "Verified Public Data"
      }
    }
  ]
}