{
  "type": "FeatureCollection",
  "features": [
    {
      "type": "Feature",
      "id": 75501568,
      "geometry": {
        "type": "LineString",
        "coordinates": [
          [
            79.4738008,
            11.0556972
          ],
          [
            79.4739542,
            11.055727
          ],
          [
            79.4740158,
            11.055731
          ],
          [
            79.4742836,
            11.0557222
          ],
          [
            79.4746205,
            11.0557918
          ],
          [
            79.474926,
            11.0558419
          ],
          [
            79.4752552,
            11.055968
          ],
          [
            79.4759378,
            11.0563816
          ],
          [
            79.4762202,
            11.0564369
          ],
          [
            79.4764361,
            11.0563776
          ],
          [
            79.4766405,
            11.0564764
          ],
          [
            79.4769108,
            11.0566646
          ],
          [
            79.4771147,
            11.0568186
          ],
          [
            79.4773051,
            11.0568725
          ],
          [
            79.4775103,
            11.0570818
          ],
          [
            79.4777475,
            11.057097
          ],
          [
            79.4779918,
            11.0573753
          ],
          [
            79.4780441,
            11.0575662
          ],
          [
            79.4780606,
            11.0578277
          ],
          [
            79.4781554,
            11.0580545
          ],
          [
            79.4783028,
            11.05826
          ],
          [
            79.4786355,
            11.0585323
          ],
          [
            79.4789664,
            11.0587997
          ],
          [
            79.479243,
            11.0587652
          ],
          [
            79.4795273,
            11.0586534
          ],
          [
            79.479734,
            11.0586368
          ],
          [
            79.4799712,
            11.0585718
          ],
          [
            79.4802274,
            11.0584539
          ],
          [
            79.4805318,
            11.0585138
          ],
          [
            79.4806701,
            11.0586901
          ],
          [
            79.4807759,
            11.0587573
          ],
          [
            79.4809389,
            11.0587737
          ],
          [
            79.4811469,
            11.0585825
          ],
          [
            79.4812962,
            11.0583585
          ],
          [
            79.481421,
            11.0582348
          ],
          [
            79.4816216,
            11.0581827
          ],
          [
            79.4818367,
            11.0581927
          ],
          [
            79.481995,
            11.058294
          ],
          [
            79.482239,
            11.0583875
          ],
          [
            79.4825797,
            11.0585428
          ],
          [
            79.4826159,
            11.0586507
          ],
          [
            79.4829461,
            11.0587468
          ],
          [
            79.4832958,
            11.0587889
          ],
          [
            79.4834836,
            11.0587534
          ],
          [
            79.4836485,
            11.0587666
          ],
          [
            79.483843,
            11.0588192
          ],
          [
            79.4840484,
            11.058834
          ],
          [
            79.4842105,
            11.0588468
          ],
          [
            79.4844277,
            11.0587916
          ],
          [
            79.4848082,
            11.0587945
          ],
          [
            79.4849722,
            11.0588705
          ],
          [
            79.4850738,
            11.0589853
          ],
          [
            79.4851962,
            11.0595128
          ],
          [
            79.4852494,
            11.0597436
          ],
          [
            79.4853745,
            11.0599116
          ],
          [
            79.4855915,
            11.0600418
          ],
          [
            79.4859338,
            11.060092
          ],
          [
            79.4862736,
            11.0600991
          ],
          [
            79.4864514,
            11.0603315
          ],
          [
            79.4865149,
            11.0605238
          ],
          [
            79.4866419,
            11.0606843
          ],
          [
            79.4868779,
            11.0607869
          ],
          [
            79.4872266,
            11.0608264
          ],
          [
            79.487503,
            11.0609339
          ],
          [
            79.4878113,
            11.0610607
          ],
          [
            79.4881815,
            11.0612765
          ],
          [
            79.4889393,
            11.0613596
          ],
          [
            79.4891551,
            11.0616293
          ],
          [
            79.4896311,
            11.0617132
          ],
          [
            79.4899692,
            11.0617978
          ],
          [
            79.4903789,
            11.0621125
          ],
          [
            79.4906893,
            11.0624479
          ],
          [
            79.4906813,
            11.0626191
          ],
          [
            79.4909146,
            11.0628217
          ],
          [
            79.491148,
            11.0630692
          ],
          [
            79.4913317,
            11.063331
          ],
          [
            79.4915074,
            11.0636312
          ],
          [
            79.4915704,
            11.0639471
          ],
          [
            79.4916603,
            11.0641721
          ],
          [
            79.4916885,
            11.0643209
          ],
          [
            79.4916455,
            11.0644525
          ],
          [
            79.4919446,
            11.0647657
          ],
          [
            79.492006,
            11.0650398
          ],
          [
            79.4918869,
            11.0652461
          ],
          [
            79.4916616,
            11.0654028
          ],
          [
            79.49138,
            11.0655633
          ],
          [
            79.4912737,
            11.0657219
          ],
          [
            79.4912781,
            11.0659674
          ],
          [
            79.4914582,
            11.0662028
          ],
          [
            79.4917341,
            11.0664017
          ],
          [
            79.491914,
            11.0666092
          ],
          [
            79.4919956,
            11.0668084
          ],
          [
            79.4919779,
            11.0670346
          ],
          [
            79.4920734,
            11.0672059
          ],
          [
            79.4921938,
            11.067305
          ],
          [
            79.4926192,
            11.0674784
          ],
          [
            79.4929008,
            11.0675547
          ],
          [
            79.4931899,
            11.0675684
          ],
          [
            79.4934171,
            11.0678087
          ],
          [
            79.4935862,
            11.0682003
          ],
          [
            79.4936062,
            11.068526
          ],
          [
            79.4936287,
            11.0689231
          ],
          [
            79.4934949,
            11.0693276
          ],
          [
            79.49328,
            11.069709
          ],
          [
            79.493271,
            11.0698777
          ],
          [
            79.4933732,
            11.0700049
          ],
          [
            79.493555,
            11.0703355
          ],
          [
            79.493912,
            11.0705634
          ],
          [
            79.4939349,
            11.070788
          ],
          [
            79.4936044,
            11.0716665
          ],
          [
            79.4938267,
            11.0723269
          ],
          [
            79.4942172,
            11.0728753
          ],
          [
            79.4937546,
            11.0731406
          ],
          [
            79.4934662,
            11.0734649
          ],
          [
            79.4935804,
            11.0737125
          ],
          [
            79.4943915,
            11.0739779
          ],
          [
            79.4950884,
            11.0744672
          ],
          [
            79.495527,
            11.0749036
          ],
          [
            79.4961488,
            11.0751194
          ],
          [
            79.4973624,
            11.0755359
          ],
          [
            79.4981328,
            11.0765228
          ],
          [
            79.4988546,
            11.077438
          ],
          [
            79.4992763,
            11.0779155
          ],
          [
            79.5000062,
            11.0779155
          ],
          [
            79.5007685,
            11.0781543
          ],
          [
            79.5013524,
            11.0785841
          ],
          [
            79.5017092,
            11.0792367
          ],
          [
            79.5015632,
            11.0800405
          ],
          [
            79.5019931,
            11.0804543
          ],
          [
            79.5027067,
            11.0806294
          ],
          [
            79.5030392,
            11.0814253
          ],
          [
            79.503017,
            11.0822939
          ],
          [
            79.5037285,
            11.0833353
          ],
          [
            79.5033312,
            11.0838685
          ],
          [
            79.5026175,
            11.084155
          ],
          [
            79.5024478,
            11.0843627
          ],
          [
            79.5023012,
            11.0846723
          ],
          [
            79.5024553,
            11.0853408
          ],
          [
            79.5030473,
            11.0863913
          ],
          [
            79.5032014,
            11.0869006
          ],
          [
            79.5031771,
            11.0874498
          ],
          [
            79.5031203,
            11.0879989
          ],
          [
            79.5035096,
            11.0883729
          ],
          [
            79.5042719,
            11.088357
          ],
          [
            79.5048314,
            11.0886913
          ],
          [
            79.5054559,
            11.089885
          ],
          [
            79.5072706,
            11.0911354
          ],
          [
            79.5087079,
            11.0921611
          ],
          [
            79.5102568,
            11.0930126
          ],
          [
            79.5112949,
            11.0933946
          ],
          [
            79.5120491,
            11.0932195
          ],
          [
            79.513006,
            11.0942302
          ],
          [
            79.5130981,
            11.0955495
          ],
          [
            79.5133142,
            11.0960048
          ],
          [
            79.5137683,
            11.0962834
          ],
          [
            79.5149686,
            11.0958616
          ],
          [
            79.5167446,
            11.0963789
          ],
          [
            79.5178313,
            11.0963232
          ],
          [
            79.5186341,
            11.09579
          ],
          [
            79.5195667,
            11.0957422
          ],
          [
            79.5204897,
            11.0958986
          ],
          [
            79.5214076,
            11.0959093
          ],
          [
            79.5222754,
            11.0960844
          ],
          [
            79.5239135,
            11.0968802
          ],
          [
            79.5246677,
            11.0974293
          ],
          [
            79.525276,
            11.0981853
          ],
          [
            79.5263302,
            11.0981774
          ],
          [
            79.5272892,
            11.098524
          ],
          [
            79.5283576,
            11.0991801
          ],
          [
            79.5288686,
            11.1004772
          ],
          [
            79.5309122,
            11.1006364
          ],
          [
            79.5313582,
            11.1023553
          ],
          [
            79.53164,
            11.1025963
          ],
          [
            79.531755,
            11.1026874
          ],
          [
            79.5325422,
            11.1030477
          ],
          [
            79.5338966,
            11.1029601
          ],
          [
            79.5345697,
            11.1023951
          ],
          [
            79.5351911,
            11.1025613
          ],
          [
            79.5357212,
            11.1040981
          ],
          [
            79.5365565,
            11.1045835
          ],
          [
            79.5370837,
            11.1056817
          ],
          [
            79.5378622,
            11.1064218
          ],
          [
            79.5389894,
            11.1070664
          ],
          [
            79.5397112,
            11.108069
          ],
          [
            79.540879,
            11.108634
          ],
          [
            79.5417067,
            11.1094824
          ],
          [
            79.5426388,
            11.1101301
          ],
          [
            79.5434011,
            11.1108065
          ],
          [
            79.5445121,
            11.1112601
          ],
          [
            79.545266,
            11.1119334
          ],
          [
            79.5454976,
            11.1121981
          ],
          [
            79.5459151,
            11.1128357
          ],
          [
            79.5468883,
            11.1134723
          ],
          [
            79.5478209,
            11.1138463
          ],
          [
            79.548279,
            11.1141589
          ],
          [
            79.5484856,
            11.1147169
          ],
          [
            79.5487587,
            11.1157089
          ],
          [
            79.5492902,
            11.1161065
          ],
          [
            79.5497972,
            11.1163355
          ],
          [
            79.5501432,
            11.116475
          ],
          [
            79.5505214,
            11.1166882
          ],
          [
            79.5508513,
            11.1172645
          ],
          [
            79.5511463,
            11.1176067
          ],
          [
            79.551227,
            11.1178887
          ],
          [
            79.5515728,
            11.1189568
          ],
          [
            79.5507118,
            11.1199569
          ],
          [
            79.5506555,
            11.1205491
          ],
          [
            79.5510283,
            11.1213624
          ],
          [
            79.551841,
            11.1217913
          ],
          [
            79.5523211,
            11.1227993
          ],
          [
            79.5532975,
            11.1239784
          ],
          [
            79.5546868,
            11.1261444
          ],
          [
            79.5556954,
            11.1276655
          ],
          [
            79.5571464,
            11.129842
          ],
          [
            79.5577073,
            11.1309006
          ],
          [
            79.5582917,
            11.1310158
          ],
          [
            79.5589837,
            11.1309052
          ],
          [
            79.5599601,
            11.1310368
          ],
          [
            79.561395,
            11.1306947
          ],
          [
            79.56202,
            11.131021
          ],
          [
            79.5623834,
            11.1311618
          ],
          [
            79.562484,
            11.1314553
          ],
          [
            79.5624913,
            11.1320607
          ],
          [
            79.5619155,
            11.1332304
          ],
          [
            79.5616398,
            11.1341295
          ],
          [
            79.5616317,
            11.1350685
          ],
          [
            79.563278,
            11.1356334
          ],
          [
            79.5636267,
            11.1378136
          ],
          [
            79.5646323,
            11.1378454
          ],
          [
            79.5654919,
            11.1375908
          ],
          [
            79.5668916,
            11.139426
          ],
          [
            79.5674273,
            11.1401504
          ],
          [
            79.5677412,
            11.1409321
          ],
          [
            79.5683708,
            11.1429219
          ],
          [
            79.5700495,
            11.1435107
          ],
          [
            79.57082,
            11.1442189
          ],
          [
            79.5719442,
            11.1448539
          ],
          [
            79.5729715,
            11.1466638
          ],
          [
            79.5736232,
            11.1473874
          ],
          [
            79.5740476,
            11.1482927
          ],
          [
            79.5741248,
            11.1487059
          ],
          [
            79.5740309,
            11.1489822
          ],
          [
            79.5740417,
            11.1492901
          ],
          [
            79.5741945,
            11.1498401
          ],
          [
            79.574372,
            11.1499636
          ],
          [
            79.5746317,
            11.1501454
          ],
          [
            79.57511,
            11.1502262
          ],
          [
            79.5758039,
            11.1500243
          ],
          [
            79.5764127,
            11.1502664
          ],
          [
            79.5769185,
            11.1506399
          ],
          [
            79.5772791,
            11.1509243
          ],
          [
            79.5774668,
            11.1517927
          ],
          [
            79.5781535,
            11.152819
          ],
          [
            79.5790493,
            11.153698
          ],
          [
            79.5798594,
            11.1545085
          ],
          [
            79.5807643,
            11.1548855
          ],
          [
            79.5823357,
            11.1554855
          ],
          [
            79.5830656,
            11.1567346
          ],
          [
            79.584355,
            11.1574348
          ],
          [
            79.5854417,
            11.1572597
          ],
          [
            79.5883045,
            11.1576416
          ],
          [
            79.5890647,
            11.1577295
          ],
          [
            79.5896268,
            11.1580145
          ],
          [
            79.5903579,
            11.1587643
          ],
          [
            79.5906043,
            11.1590663
          ],
          [
            79.5908447,
            11.1594261
          ],
          [
            79.5909077,
            11.1601161
          ],
          [
            79.5908752,
            11.1609276
          ],
          [
            79.5913795,
            11.1614161
          ],
          [
            79.5916879,
            11.1614978
          ],
          [
            79.5935271,
            11.1611743
          ],
          [
            79.594922,
            11.16123
          ],
          [
            79.5953278,
            11.1620503
          ],
          [
            79.5960504,
            11.1629423
          ],
          [
            79.5965926,
            11.16309
          ],
          [
            79.5970505,
            11.1634742
          ],
          [
            79.5971288,
            11.1640002
          ],
          [
            79.597171,
            11.1645263
          ],
          [
            79.597418,
            11.1649045
          ],
          [
            79.5975325,
            11.165141
          ],
          [
            79.5975686,
            11.1659211
          ],
          [
            79.5975144,
            11.1663408
          ],
          [
            79.5973638,
            11.1666836
          ],
          [
            79.5972734,
            11.1670027
          ],
          [
            79.5972915,
            11.1673396
          ],
          [
            79.5974782,
            11.167907
          ],
          [
            79.5976891,
            11.169095
          ],
          [
            79.5977915,
            11.1695028
          ],
          [
            79.5979783,
            11.1697806
          ],
          [
            79.5985506,
            11.1703126
          ],
          [
            79.5989482,
            11.1708977
          ],
          [
            79.5990326,
            11.1711105
          ],
          [
            79.5992133,
            11.1712346
          ],
          [
            79.5995183,
            11.1713948
          ],
          [
            79.5997856,
            11.1714355
          ],
          [
            79.6000387,
            11.1713942
          ],
          [
            79.6005206,
            11.171075
          ],
          [
            79.6010026,
            11.1708622
          ],
          [
            79.6012676,
            11.1706731
          ],
          [
            79.6016532,
            11.1704012
          ],
          [
            79.6021532,
            11.1703185
          ],
          [
            79.6026352,
            11.1703244
          ],
          [
            79.6031051,
            11.1704662
          ],
          [
            79.6036353,
            11.1709391
          ],
          [
            79.6039847,
            11.1712819
          ],
          [
            79.6044426,
            11.1714887
          ],
          [
            79.6049426,
            11.1714355
          ],
          [
            79.6054727,
            11.1710986
          ],
          [
            79.6063282,
            11.1705844
          ],
          [
            79.6069186,
            11.1697334
          ],
          [
            79.6073705,
            11.1692901
          ],
          [
            79.6081393,
            11.1692774
          ],
          [
            79.6086356,
            11.1694674
          ],
          [
            79.6090573,
            11.1697806
          ],
          [
            79.6092983,
            11.1699757
          ],
          [
            79.6096116,
            11.1700762
          ],
          [
            79.610202,
            11.1701944
          ],
          [
            79.6111237,
            11.1701825
          ],
          [
            79.6120635,
            11.1700052
          ],
          [
            79.6125636,
            11.1700111
          ],
          [
            79.6130455,
            11.1700998
          ],
          [
            79.6135154,
            11.1703658
          ],
          [
            79.6139492,
            11.1706672
          ],
          [
            79.6144613,
            11.1709627
          ],
          [
            79.6150095,
            11.1710632
          ],
          [
            79.6157799,
            11.1714017
          ],
          [
            79.6169251,
            11.1722039
          ],
          [
            79.6177667,
            11.1725495
          ],
          [
            79.6181734,
            11.1731528
          ],
          [
            79.6186457,
            11.17501
          ],
          [
            79.6189951,
            11.1755219
          ],
          [
            79.6194812,
            11.1757084
          ],
          [
            79.6203331,
            11.1756767
          ],
          [
            79.6210704,
            11.175897
          ],
          [
            79.6217795,
            11.176395
          ],
          [
            79.6230211,
            11.176521
          ],
          [
            79.6238584,
            11.1770498
          ],
          [
            79.6244089,
            11.1777924
          ],
          [
            79.6246956,
            11.1781524
          ],
          [
            79.6250511,
            11.1783999
          ],
          [
            79.6259228,
            11.17867
          ],
          [
            79.6270238,
            11.1791763
          ],
          [
            79.6274075,
            11.1803566
          ],
          [
            79.6275399,
            11.1818653
          ],
          [
            79.6273678,
            11.1833955
          ],
          [
            79.626932,
            11.1845656
          ],
          [
            79.6269549,
            11.1850043
          ],
          [
            79.6271843,
            11.1852519
          ],
          [
            79.6277234,
            11.1853081
          ],
          [
            79.6284115,
            11.1849931
          ],
          [
            79.6290308,
            11.1849031
          ],
          [
            79.6295125,
            11.1850156
          ],
          [
            79.6299712,
            11.1853419
          ],
          [
            79.6301662,
            11.1859382
          ],
          [
            79.6304071,
            11.1865232
          ],
          [
            79.6309252,
            11.1868677
          ],
          [
            79.6314163,
            11.186872
          ],
          [
            79.6316801,
            11.1865682
          ],
          [
            79.6321045,
            11.1862645
          ],
          [
            79.6325976,
            11.1862082
          ],
          [
            79.6332284,
            11.1866582
          ],
          [
            79.6334578,
            11.1870408
          ],
          [
            79.6336527,
            11.1874233
          ],
          [
            79.6341459,
            11.1877833
          ],
          [
            79.6347767,
            11.1879858
          ],
          [
            79.6354533,
            11.1883346
          ],
          [
            79.6358777,
            11.1887172
          ],
          [
            79.6358433,
            11.1893472
          ],
          [
            79.6357057,
            11.1900447
          ],
          [
            79.6359121,
            11.1906073
          ],
          [
            79.6367493,
            11.1913723
          ],
          [
            79.6372681,
            11.1924152
          ],
          [
            79.6375636,
            11.1935662
          ],
          [
            79.6381485,
            11.1946125
          ],
          [
            79.6389055,
            11.1955576
          ],
          [
            79.6391692,
            11.1961651
          ],
          [
            79.6389542,
            11.1968296
          ],
          [
            79.6386187,
            11.1974814
          ],
          [
            79.6386417,
            11.1982015
          ],
          [
            79.6392839,
            11.1985165
          ],
          [
            79.6397083,
            11.199034
          ],
          [
            79.6400294,
            11.200429
          ],
          [
            79.6406487,
            11.2012278
          ],
          [
            79.6413986,
            11.2015231
          ],
          [
            79.6418425,
            11.2014103
          ],
          [
            79.6422787,
            11.2012133
          ],
          [
            79.6425319,
            11.2010523
          ],
          [
            79.6428012,
            11.201005
          ],
          [
            79.6430752,
            11.2014103
          ],
          [
            79.6431833,
            11.2018466
          ],
          [
            79.6433645,
            11.202791
          ],
          [
            79.6436077,
            11.2039504
          ],
          [
            79.6441783,
            11.204877
          ],
          [
            79.6447134,
            11.2059765
          ],
          [
            79.6454309,
            11.2069194
          ],
          [
            79.6461569,
            11.2075596
          ],
          [
            79.6462672,
            11.2083232
          ],
          [
            79.6462137,
            11.2092063
          ],
          [
            79.6464326,
            11.2098825
          ],
          [
            79.6468868,
            11.21067
          ],
          [
            79.6473417,
            11.2112549
          ],
          [
            79.6481032,
            11.2119905
          ],
          [
            79.6488899,
            11.2125474
          ],
          [
            79.6507299,
            11.2135595
          ],
          [
            79.6514768,
            11.2141065
          ],
          [
            79.6523284,
            11.214552
          ],
          [
            79.6544945,
            11.2149397
          ],
          [
            79.6559256,
            11.2154269
          ],
          [
            79.6572768,
            11.2167501
          ],
          [
            79.6587254,
            11.2180291
          ],
          [
            79.6604462,
            11.2182032
          ],
          [
            79.6613382,
            11.2182669
          ],
          [
            79.6621217,
            11.2185889
          ],
          [
            79.6622328,
            11.2194543
          ],
          [
            79.6622708,
            11.2206374
          ],
          [
            79.6624204,
            11.2217022
          ],
          [
            79.6636337,
            11.2247817
          ],
          [
            79.6640459,
            11.2249594
          ]
        ]
      },
      "properties": {
        "id": 75501568,
        "name": "OSM Drain Segment 68",
        "drain_type": "stream",
        "capacity": "38 m3/s",
        "status": "normal",
        "district": "Mayiladuthurai",
        "data_source_type": "OpenStreetMap Public Data"
      }
    },
    {
      "type": "Feature",
      "id": 84886686,
      "geometry": {
        "type": "LineString",
        "coordinates": [
          [
            79.5247122,
            11.0529036
          ],
          [
            79.5257572,
            11.0547354
          ],
          [
            79.5271578,
            11.0558952
          ],
          [
            79.5286226,
            11.0572767
          ],
          [
            79.5288725,
            11.0577709
          ],
          [
            79.5288198,
            11.0582486
          ],
          [
            79.5288535,
            11.0590784
          ],
          [
            79.5290124,
            11.0598417
          ],
          [
            79.5293223,
            11.062247
          ],
          [
            79.5302548,
            11.0633415
          ],
          [
            79.5318467,
            11.0654165
          ],
          [
            79.532731,
            11.0665482
          ],
          [
            79.5331687,
            11.0679514
          ],
          [
            79.5348757,
            11.0689824
          ],
          [
            79.5370878,
            11.0715479
          ],
          [
            79.5397632,
            11.0731489
          ],
          [
            79.5411231,
            11.0741049
          ],
          [
            79.5425936,
            11.0744519
          ],
          [
            79.5435565,
            11.0768
          ],
          [
            79.5448404,
            11.0785038
          ],
          [
            79.5465474,
            11.0790049
          ],
          [
            79.5503698,
            11.0805083
          ],
          [
            79.5521498,
            11.0817969
          ],
          [
            79.5533753,
            11.0818828
          ],
          [
            79.5546181,
            11.0814538
          ],
          [
            79.5562311,
            11.083012
          ],
          [
            79.5568914,
            11.0832895
          ],
          [
            79.5576134,
            11.0834967
          ],
          [
            79.5583931,
            11.083789
          ],
          [
            79.5587983,
            11.0841897
          ],
          [
            79.5594765,
            11.0847995
          ],
          [
            79.5611634,
            11.086754
          ],
          [
            79.5618701,
            11.0875417
          ],
          [
            79.5623005,
            11.0885583
          ],
          [
            79.5628987,
            11.0894173
          ],
          [
            79.5636355,
            11.0901801
          ],
          [
            79.5647078,
            11.0920087
          ],
          [
            79.5662397,
            11.0935048
          ],
          [
            79.5664245,
            11.0948566
          ],
          [
            79.5668743,
            11.0959244
          ],
          [
            79.5675528,
            11.0968049
          ],
          [
            79.5683512,
            11.0980115
          ],
          [
            79.5685521,
            11.0984871
          ],
          [
            79.5687467,
            11.0989034
          ],
          [
            79.5690682,
            11.0992302
          ],
          [
            79.5703595,
            11.1002652
          ],
          [
            79.5705575,
            11.1007648
          ],
          [
            79.5706641,
            11.1011448
          ],
          [
            79.5711515,
            11.1019822
          ],
          [
            79.5713609,
            11.1026545
          ],
          [
            79.5715105,
            11.1035672
          ],
          [
            79.5717269,
            11.1039101
          ],
          [
            79.5724917,
            11.1047039
          ],
          [
            79.5728052,
            11.1052077
          ],
          [
            79.5730519,
            11.1055735
          ],
          [
            79.5735152,
            11.1062923
          ],
          [
            79.5741154,
            11.1067053
          ],
          [
            79.5745059,
            11.1071097
          ],
          [
            79.5753424,
            11.1085459
          ],
          [
            79.5754552,
            11.1088029
          ],
          [
            79.5754749,
            11.1090527
          ],
          [
            79.575474,
            11.1093899
          ],
          [
            79.5754123,
            11.1097402
          ],
          [
            79.5756226,
            11.1102268
          ],
          [
            79.5758709,
            11.1104295
          ],
          [
            79.576134,
            11.1105473
          ],
          [
            79.5764825,
            11.1107475
          ],
          [
            79.5767605,
            11.111046
          ],
          [
            79.5772499,
            11.1115645
          ],
          [
            79.5781083,
            11.1127319
          ],
          [
            79.5783491,
            11.1133046
          ],
          [
            79.5786044,
            11.1136482
          ],
          [
            79.5790202,
            11.1139202
          ],
          [
            79.5791661,
            11.1144928
          ],
          [
            79.579436,
            11.1149581
          ],
          [
            79.5798299,
            11.1152372
          ],
          [
            79.5804937,
            11.116089
          ],
          [
            79.5807564,
            11.1171341
          ],
          [
            79.5816828,
            11.1177139
          ],
          [
            79.5819089,
            11.1188019
          ],
          [
            79.5824925,
            11.1196537
          ],
          [
            79.5828646,
            11.1200617
          ],
          [
            79.5831233,
            11.1210829
          ],
          [
            79.5834795,
            11.1216557
          ],
          [
            79.583808,
            11.1225548
          ],
          [
            79.5845351,
            11.1235547
          ],
          [
            79.5849217,
            11.1249862
          ],
          [
            79.5859794,
            11.1274342
          ],
          [
            79.5861837,
            11.1279781
          ],
          [
            79.5869642,
            11.1281785
          ],
          [
            79.5874968,
            11.1286724
          ],
          [
            79.5876427,
            11.129245
          ],
          [
            79.588022,
            11.1299179
          ],
          [
            79.588219,
            11.1306336
          ],
          [
            79.588892,
            11.1318497
          ],
          [
            79.5918664,
            11.1373831
          ],
          [
            79.5924832,
            11.1384471
          ],
          [
            79.5928949,
            11.1391582
          ],
          [
            79.5935296,
            11.1411408
          ],
          [
            79.5942372,
            11.1420784
          ],
          [
            79.5944268,
            11.1433237
          ],
          [
            79.5948645,
            11.1443759
          ],
          [
            79.5949739,
            11.1450129
          ],
          [
            79.595172,
            11.1454847
          ],
          [
            79.5958712,
            11.1461437
          ],
          [
            79.5959296,
            11.1468308
          ],
          [
            79.5967831,
            11.1477469
          ],
          [
            79.5969946,
            11.1483553
          ],
          [
            79.5975198,
            11.1489207
          ],
          [
            79.5979065,
            11.1495147
          ],
          [
            79.5983733,
            11.1500014
          ],
          [
            79.5986286,
            11.1502519
          ],
          [
            79.5986505,
            11.1506384
          ],
          [
            79.5987672,
            11.1514901
          ],
          [
            79.5994238,
            11.1518623
          ],
          [
            79.5997812,
            11.1525135
          ],
          [
            79.6004159,
            11.1531863
          ],
          [
            79.6005399,
            11.1536873
          ],
          [
            79.600642,
            11.1541954
          ],
          [
            79.6014144,
            11.1545734
          ],
          [
            79.6015423,
            11.1551916
          ],
          [
            79.6017228,
            11.1556369
          ],
          [
            79.6023418,
            11.1564568
          ],
          [
            79.6028215,
            11.157312
          ],
          [
            79.6030485,
            11.1577321
          ],
          [
            79.6031424,
            11.1581494
          ],
          [
            79.6038738,
            11.1579952
          ],
          [
            79.6044515,
            11.1581572
          ],
          [
            79.605086,
            11.1582027
          ],
          [
            79.6055657,
            11.158147
          ],
          [
            79.6060351,
            11.1580357
          ],
          [
            79.6071338,
            11.1581825
          ],
          [
            79.6080984,
            11.1581825
          ],
          [
            79.60846,
            11.1582741
          ],
          [
            79.6090551,
            11.1583754
          ],
          [
            79.6101513,
            11.1582837
          ],
          [
            79.6107394,
            11.1582685
          ],
          [
            79.6112504,
            11.1582665
          ],
          [
            79.6117452,
            11.1581268
          ],
          [
            79.6122765,
            11.158142
          ],
          [
            79.6127046,
            11.1581116
          ],
          [
            79.6131276,
            11.1578738
          ],
          [
            79.6138652,
            11.1581015
          ],
          [
            79.6149949,
            11.1579092
          ],
          [
            79.6163441,
            11.1578953
          ],
          [
            79.6187655,
            11.1580205
          ],
          [
            79.6206173,
            11.1579902
          ],
          [
            79.6225568,
            11.1578181
          ],
          [
            79.6244911,
            11.1577725
          ],
          [
            79.6253732,
            11.1578788
          ],
          [
            79.6264287,
            11.1578729
          ],
          [
            79.6287828,
            11.1577017
          ],
          [
            79.6299124,
            11.1577017
          ],
          [
            79.6310885,
            11.15756
          ],
          [
            79.632213,
            11.1572766
          ],
          [
            79.6334716,
            11.1573677
          ],
          [
            79.6340751,
            11.1574183
          ],
          [
            79.6346528,
            11.1573221
          ],
          [
            79.6358237,
            11.1571298
          ],
          [
            79.6364169,
            11.1569426
          ],
          [
            79.6370462,
            11.1569679
          ],
          [
            79.637722,
            11.1572361
          ],
          [
            79.6382842,
            11.157231
          ],
          [
            79.6392849,
            11.1576055
          ],
          [
            79.6399606,
            11.1576157
          ],
          [
            79.6405796,
            11.1576865
          ],
          [
            79.6417969,
            11.1574132
          ],
          [
            79.6429988,
            11.1569881
          ],
          [
            79.643592,
            11.1572968
          ],
          [
            79.644309,
            11.1573424
          ],
          [
            79.6457842,
            11.1572159
          ],
          [
            79.6469627,
            11.1570422
          ],
          [
            79.648232,
            11.157307
          ],
          [
            79.6492679,
            11.1573213
          ],
          [
            79.6502819,
            11.1569635
          ],
          [
            79.6514126,
            11.1572354
          ],
          [
            79.652711,
            11.1569993
          ],
          [
            79.653725,
            11.1573428
          ],
          [
            79.6550454,
            11.1570207
          ],
          [
            79.6570587,
            11.1574
          ],
          [
            79.6586052,
            11.1571639
          ],
          [
            79.6593858,
            11.1571066
          ],
          [
            79.660108,
            11.1572426
          ],
          [
            79.6626758,
            11.1571567
          ],
          [
            79.6652079,
            11.157385
          ],
          [
            79.6667973,
            11.1572354
          ],
          [
            79.6683,
            11.157171
          ],
          [
            79.6714368,
            11.1574
          ],
          [
            79.6721298,
            11.1572354
          ],
          [
            79.6728374,
            11.1572283
          ],
          [
            79.6734618,
            11.1571821
          ]
        ]
      },
      "properties": {
        "id": 84886686,
        "name": "OSM Drain Segment 86",
        "drain_type": "stream",
        "capacity": "56 m3/s",
        "status": "partially_blocked",
        "district": "Mayiladuthurai",
        "data_source_type": "OpenStreetMap Public Data"
      }
    },
    {
      "type": "Feature",
      "id": 93355866,
      "geometry": {
        "type": "LineString",
        "coordinates": [
          [
            79.4445602,
            11.1333436
          ],
          [
            79.444767,
            11.1351837
          ],
          [
            79.4476312,
            11.1405337
          ],
          [
            79.4485832,
            11.1420145
          ],
          [
            79.4493702,
            11.1432387
          ],
          [
            79.4492415,
            11.1438922
          ],
          [
            79.4491483,
            11.1444138
          ],
          [
            79.4492678,
            11.1448846
          ],
          [
            79.4494125,
            11.1450718
          ],
          [
            79.4501271,
            11.1462566
          ],
          [
            79.4509793,
            11.1476906
          ],
          [
            79.4534067,
            11.1517751
          ],
          [
            79.4541045,
            11.1529159
          ],
          [
            79.4545981,
            11.1542688
          ],
          [
            79.4548604,
            11.1551406
          ],
          [
            79.4553207,
            11.1558154
          ],
          [
            79.4559987,
            11.1561133
          ],
          [
            79.4568708,
            11.1563805
          ],
          [
            79.457541,
            11.1566898
          ],
          [
            79.4581061,
            11.1571069
          ],
          [
            79.4585309,
            11.1574894
          ],
          [
            79.4596432,
            11.1598811
          ],
          [
            79.4610325,
            11.1620388
          ],
          [
            79.4612453,
            11.1630692
          ],
          [
            79.4628093,
            11.1647717
          ],
          [
            79.4631072,
            11.1656153
          ],
          [
            79.4630869,
            11.1665684
          ],
          [
            79.4628259,
            11.1675049
          ],
          [
            79.4623951,
            11.1683639
          ],
          [
            79.4623239,
            11.1688401
          ],
          [
            79.4624124,
            11.1693217
          ],
          [
            79.4633257,
            11.1710584
          ],
          [
            79.4645344,
            11.1725762
          ],
          [
            79.4669713,
            11.173756
          ],
          [
            79.470479,
            11.1764544
          ],
          [
            79.4709812,
            11.1770765
          ],
          [
            79.4712495,
            11.1774034
          ],
          [
            79.4715585,
            11.1776245
          ],
          [
            79.4720566,
            11.178106
          ],
          [
            79.4723595,
            11.1783013
          ],
          [
            79.4727314,
            11.1783515
          ],
          [
            79.4737877,
            11.1780205
          ],
          [
            79.474744,
            11.17769
          ],
          [
            79.4757457,
            11.1775235
          ],
          [
            79.4776067,
            11.1774246
          ],
          [
            79.4785934,
            11.1774374
          ],
          [
            79.4795859,
            11.1776124
          ],
          [
            79.4818651,
            11.1791073
          ],
          [
            79.4839739,
            11.1838641
          ],
          [
            79.4860629,
            11.1851337
          ],
          [
            79.4873748,
            11.1864037
          ],
          [
            79.4882603,
            11.1876698
          ],
          [
            79.488402,
            11.1879747
          ],
          [
            79.4888354,
            11.1889068
          ],
          [
            79.4895164,
            11.1900212
          ],
          [
            79.4911012,
            11.1916839
          ],
          [
            79.4916802,
            11.1925365
          ],
          [
            79.4922168,
            11.1934111
          ],
          [
            79.4925933,
            11.1942092
          ],
          [
            79.49276,
            11.1950614
          ],
          [
            79.4939781,
            11.1969962
          ],
          [
            79.4953204,
            11.1987451
          ],
          [
            79.497345,
            11.2004475
          ],
          [
            79.4995236,
            11.2020375
          ],
          [
            79.4998983,
            11.2023981
          ],
          [
            79.5001072,
            11.2029445
          ],
          [
            79.500437,
            11.2049877
          ],
          [
            79.5014877,
            11.206796
          ],
          [
            79.501571,
            11.2081963
          ],
          [
            79.5016622,
            11.2092234
          ],
          [
            79.5019719,
            11.2098788
          ],
          [
            79.5023559,
            11.210504
          ],
          [
            79.502755,
            11.2110914
          ],
          [
            79.5028664,
            11.2114858
          ],
          [
            79.5025351,
            11.2139422
          ],
          [
            79.5027187,
            11.2144385
          ],
          [
            79.5030187,
            11.2148592
          ],
          [
            79.5032508,
            11.2152498
          ],
          [
            79.5033872,
            11.2156676
          ],
          [
            79.5042254,
            11.2210933
          ],
          [
            79.5045516,
            11.2218558
          ],
          [
            79.5049024,
            11.2225795
          ],
          [
            79.5053189,
            11.2232508
          ],
          [
            79.5056583,
            11.2235732
          ],
          [
            79.5060851,
            11.2238103
          ],
          [
            79.5072046,
            11.224252
          ],
          [
            79.5077726,
            11.2249737
          ],
          [
            79.5083529,
            11.2263222
          ],
          [
            79.5089875,
            11.2277315
          ],
          [
            79.5095184,
            11.2285771
          ],
          [
            79.5105222,
            11.2293423
          ],
          [
            79.5116727,
            11.2299323
          ],
          [
            79.5122389,
            11.2303268
          ],
          [
            79.5126751,
            11.2308713
          ],
          [
            79.5141119,
            11.2333148
          ],
          [
            79.5147041,
            11.2340896
          ],
          [
            79.5151449,
            11.2344355
          ],
          [
            79.515794,
            11.2347943
          ],
          [
            79.5166082,
            11.2350484
          ],
          [
            79.5176154,
            11.2353902
          ],
          [
            79.5181873,
            11.2357505
          ],
          [
            79.518652,
            11.2362173
          ],
          [
            79.5210918,
            11.239527
          ],
          [
            79.5224208,
            11.2408387
          ],
          [
            79.5247264,
            11.2417005
          ],
          [
            79.5267748,
            11.242612
          ],
          [
            79.5291058,
            11.2448099
          ],
          [
            79.5304771,
            11.2462987
          ],
          [
            79.5310114,
            11.2474241
          ],
          [
            79.5330815,
            11.2495363
          ],
          [
            79.5342996,
            11.2503263
          ],
          [
            79.5369363,
            11.2515364
          ],
          [
            79.5397651,
            11.2530959
          ],
          [
            79.5414119,
            11.2538033
          ],
          [
            79.544349,
            11.2547122
          ],
          [
            79.5453669,
            11.2553508
          ],
          [
            79.5460923,
            11.2561005
          ],
          [
            79.5463457,
            11.2571071
          ],
          [
            79.5462002,
            11.2605994
          ],
          [
            79.5458575,
            11.2621276
          ],
          [
            79.5448026,
            11.2646607
          ],
          [
            79.5422669,
            11.2694894
          ],
          [
            79.5402872,
            11.273148
          ],
          [
            79.5402878,
            11.275205
          ],
          [
            79.5400526,
            11.2757071
          ],
          [
            79.5394141,
            11.2764446
          ],
          [
            79.5390033,
            11.2773415
          ],
          [
            79.5389163,
            11.2795658
          ],
          [
            79.5383611,
            11.2807799
          ],
          [
            79.5377572,
            11.2817389
          ],
          [
            79.5364247,
            11.2836497
          ],
          [
            79.5361493,
            11.284492
          ],
          [
            79.5362676,
            11.2849609
          ],
          [
            79.5369935,
            11.2864312
          ],
          [
            79.5371827,
            11.2869128
          ],
          [
            79.5376909,
            11.2892066
          ],
          [
            79.5382107,
            11.2911986
          ],
          [
            79.5390868,
            11.2931314
          ],
          [
            79.5404567,
            11.2961094
          ],
          [
            79.5426945,
            11.2974261
          ],
          [
            79.5473261,
            11.2988177
          ]
        ]
      },
      "properties": {
        "id": 93355866,
        "name": "Vadavar Channel",
        "drain_type": "canal",
        "capacity": "36 m3/s",
        "status": "partially_blocked",
        "district": "Mayiladuthurai",
        "data_source_type": "OpenStreetMap Public Data"
      }
    },
    {
      "type": "Feature",
      "id": 104685980,
      "geometry": {
        "type": "LineString",
        "coordinates": [
          [
            79.4493702,
            11.1432387
          ],
          [
            79.4497522,
            11.1437988
          ],
          [
            79.4499574,
            11.1444204
          ],
          [
            79.4500065,
            11.1445176
          ],
          [
            79.4502254,
            11.1447988
          ],
          [
            79.4513788,
            11.1460424
          ],
          [
            79.4519319,
            11.1468663
          ],
          [
            79.4524123,
            11.147755
          ],
          [
            79.4529295,
            11.1486106
          ],
          [
            79.4531859,
            11.1490392
          ],
          [
            79.4534038,
            11.1495023
          ],
          [
            79.453974,
            11.1503924
          ],
          [
            79.4542549,
            11.1513948
          ],
          [
            79.4547183,
            11.1522897
          ],
          [
            79.4550394,
            11.1526477
          ],
          [
            79.4553106,
            11.1531049
          ],
          [
            79.4554968,
            11.1538346
          ],
          [
            79.4556427,
            11.1545864
          ],
          [
            79.4558057,
            11.1549352
          ],
          [
            79.4561744,
            11.1552673
          ],
          [
            79.4569258,
            11.1555724
          ],
          [
            79.4575717,
            11.1559483
          ],
          [
            79.4582686,
            11.156224
          ],
          [
            79.4589458,
            11.1565577
          ],
          [
            79.4596953,
            11.1571905
          ],
          [
            79.4603046,
            11.1578778
          ],
          [
            79.4615853,
            11.1591942
          ],
          [
            79.4619757,
            11.1596105
          ],
          [
            79.4623078,
            11.1600544
          ],
          [
            79.4626252,
            11.1604875
          ],
          [
            79.4630339,
            11.1608204
          ],
          [
            79.4639643,
            11.1612393
          ],
          [
            79.4648193,
            11.1618162
          ],
          [
            79.46565,
            11.1623454
          ],
          [
            79.4664491,
            11.1628036
          ],
          [
            79.466876,
            11.1629719
          ],
          [
            79.4673358,
            11.1630936
          ],
          [
            79.4677663,
            11.1631544
          ],
          [
            79.4681859,
            11.163269
          ],
          [
            79.4704487,
            11.1642041
          ],
          [
            79.4714135,
            11.1645884
          ],
          [
            79.4724217,
            11.1649462
          ],
          [
            79.4729202,
            11.1650991
          ],
          [
            79.4733684,
            11.165253
          ],
          [
            79.4738393,
            11.165734
          ],
          [
            79.4741794,
            11.1662557
          ],
          [
            79.474526,
            11.1668723
          ],
          [
            79.4748664,
            11.1673136
          ],
          [
            79.4753073,
            11.1679052
          ],
          [
            79.4758355,
            11.1685012
          ],
          [
            79.4762972,
            11.1692113
          ],
          [
            79.476611,
            11.1695084
          ],
          [
            79.4769539,
            11.1697697
          ],
          [
            79.4777384,
            11.1707398
          ],
          [
            79.477961,
            11.1710727
          ],
          [
            79.4782638,
            11.171266
          ],
          [
            79.4788648,
            11.1716596
          ],
          [
            79.4795738,
            11.1721394
          ],
          [
            79.4799678,
            11.1723005
          ],
          [
            79.4803327,
            11.172526
          ],
          [
            79.4810661,
            11.1728446
          ],
          [
            79.4814565,
            11.1729591
          ],
          [
            79.4818482,
            11.1730302
          ],
          [
            79.4828649,
            11.1732097
          ],
          [
            79.483537,
            11.17364
          ],
          [
            79.484766,
            11.1744626
          ],
          [
            79.4853461,
            11.1749243
          ],
          [
            79.4859664,
            11.1753324
          ],
          [
            79.4872909,
            11.1760591
          ],
          [
            79.4885423,
            11.1768147
          ],
          [
            79.4890387,
            11.1772725
          ],
          [
            79.4895555,
            11.1777223
          ],
          [
            79.4900147,
            11.178274
          ],
          [
            79.4902469,
            11.1785727
          ],
          [
            79.4905017,
            11.1787433
          ],
          [
            79.4914751,
            11.1788005
          ],
          [
            79.4924717,
            11.1789433
          ],
          [
            79.4927961,
            11.1791448
          ],
          [
            79.4929858,
            11.1795081
          ],
          [
            79.4932192,
            11.1798838
          ],
          [
            79.4935649,
            11.1801774
          ],
          [
            79.4937971,
            11.1802686
          ],
          [
            79.4940035,
            11.1802028
          ],
          [
            79.494441,
            11.1802731
          ],
          [
            79.4952162,
            11.1806027
          ],
          [
            79.4960779,
            11.1808355
          ],
          [
            79.4964907,
            11.1809064
          ],
          [
            79.4967126,
            11.1808507
          ],
          [
            79.4969242,
            11.180871
          ],
          [
            79.497731,
            11.1810511
          ],
          [
            79.4982968,
            11.1811443
          ],
          [
            79.4986167,
            11.1812051
          ],
          [
            79.4988902,
            11.1813367
          ],
          [
            79.4998716,
            11.1818767
          ],
          [
            79.5004537,
            11.1826022
          ],
          [
            79.5009528,
            11.1833193
          ],
          [
            79.501547,
            11.1840017
          ],
          [
            79.5018565,
            11.1843265
          ],
          [
            79.5021971,
            11.184604
          ],
          [
            79.5027429,
            11.1849951
          ],
          [
            79.5030169,
            11.1851548
          ],
          [
            79.5032563,
            11.1853315
          ],
          [
            79.5037362,
            11.1857155
          ],
          [
            79.5039745,
            11.1859113
          ],
          [
            79.5041917,
            11.1861278
          ],
          [
            79.5043282,
            11.1862699
          ],
          [
            79.5044937,
            11.1863743
          ],
          [
            79.5048755,
            11.1864505
          ],
          [
            79.5054664,
            11.1862918
          ],
          [
            79.5056217,
            11.186277
          ],
          [
            79.505777,
            11.1862833
          ],
          [
            79.5060635,
            11.1863541
          ],
          [
            79.5064823,
            11.1864462
          ],
          [
            79.5066915,
            11.1864886
          ],
          [
            79.5068942,
            11.1865584
          ],
          [
            79.5073062,
            11.1866748
          ],
          [
            79.5076426,
            11.1868842
          ],
          [
            79.5080179,
            11.1870281
          ],
          [
            79.508445,
            11.1870387
          ],
          [
            79.5088634,
            11.1870683
          ],
          [
            79.5092268,
            11.1872091
          ],
          [
            79.5099282,
            11.1875613
          ],
          [
            79.5106762,
            11.1877926
          ],
          [
            79.5110487,
            11.1878928
          ],
          [
            79.5114798,
            11.1879194
          ],
          [
            79.5119124,
            11.1878413
          ],
          [
            79.512324,
            11.1877016
          ],
          [
            79.5128106,
            11.1877455
          ],
          [
            79.5132747,
            11.1878545
          ],
          [
            79.5137794,
            11.1878619
          ],
          [
            79.5140197,
            11.1878192
          ],
          [
            79.51423,
            11.1877632
          ],
          [
            79.5146866,
            11.1876394
          ],
          [
            79.5152348,
            11.1876733
          ],
          [
            79.5162179,
            11.18768
          ],
          [
            79.5167594,
            11.1877204
          ],
          [
            79.5172535,
            11.1877425
          ],
          [
            79.5182539,
            11.1877484
          ],
          [
            79.5202432,
            11.1877837
          ],
          [
            79.5206466,
            11.1877912
          ],
          [
            79.5210491,
            11.1878413
          ],
          [
            79.5214547,
            11.1879695
          ],
          [
            79.5218362,
            11.1881477
          ],
          [
            79.5222327,
            11.1883054
          ],
          [
            79.5226623,
            11.1883702
          ],
          [
            79.5230738,
            11.1884203
          ],
          [
            79.5234971,
            11.1883995
          ],
          [
            79.5240682,
            11.1885308
          ],
          [
            79.5245383,
            11.188802
          ],
          [
            79.5255386,
            11.1892396
          ],
          [
            79.5260298,
            11.1894915
          ],
          [
            79.5264834,
            11.18977
          ],
          [
            79.5268634,
            11.1901192
          ],
          [
            79.5272975,
            11.1904209
          ],
          [
            79.5277721,
            11.1907071
          ],
          [
            79.5279689,
            11.1909016
          ],
          [
            79.5281521,
            11.1911006
          ],
          [
            79.5285066,
            11.1914674
          ],
          [
            79.5286974,
            11.1916457
          ],
          [
            79.5289137,
            11.1917887
          ],
          [
            79.5296917,
            11.1924414
          ],
          [
            79.5300477,
            11.1927935
          ],
          [
            79.5304198,
            11.1931284
          ],
          [
            79.5311426,
            11.1937542
          ],
          [
            79.5318933,
            11.1943661
          ],
          [
            79.5322421,
            11.1946692
          ],
          [
            79.5325767,
            11.1950026
          ],
          [
            79.5329522,
            11.1952973
          ],
          [
            79.533342,
            11.1955317
          ],
          [
            79.5341959,
            11.1960178
          ],
          [
            79.5349295,
            11.1963372
          ],
          [
            79.5364547,
            11.1970706
          ],
          [
            79.5375762,
            11.1977291
          ],
          [
            79.5382198,
            11.1979708
          ],
          [
            79.5387381,
            11.1983396
          ],
          [
            79.5393471,
            11.1988586
          ],
          [
            79.5399468,
            11.199394
          ],
          [
            79.5402548,
            11.1996232
          ],
          [
            79.5405267,
            11.1998753
          ],
          [
            79.5407943,
            11.2001608
          ],
          [
            79.5409876,
            11.2005067
          ],
          [
            79.5413126,
            11.2011839
          ],
          [
            79.5415739,
            11.2014714
          ],
          [
            79.541901,
            11.2016736
          ],
          [
            79.542277,
            11.201784
          ],
          [
            79.5425659,
            11.2019236
          ],
          [
            79.5437044,
            11.2027987
          ],
          [
            79.5446943,
            11.2038489
          ],
          [
            79.5451616,
            11.2043865
          ],
          [
            79.5454293,
            11.2046011
          ],
          [
            79.5457394,
            11.2047887
          ],
          [
            79.546075,
            11.2050033
          ],
          [
            79.5463703,
            11.2052512
          ],
          [
            79.5468015,
            11.2058097
          ],
          [
            79.5470585,
            11.2060701
          ],
          [
            79.5473389,
            11.2063014
          ],
          [
            79.5478648,
            11.206642
          ],
          [
            79.5482523,
            11.2068973
          ],
          [
            79.5486304,
            11.2072224
          ],
          [
            79.5493696,
            11.2078475
          ],
          [
            79.5501215,
            11.2084601
          ],
          [
            79.550896,
            11.2090487
          ],
          [
            79.551738,
            11.2097686
          ],
          [
            79.5521841,
            11.2101249
          ],
          [
            79.5526408,
            11.2104479
          ],
          [
            79.552866,
            11.2106229
          ],
          [
            79.5530932,
            11.2107938
          ],
          [
            79.5533396,
            11.2109521
          ],
          [
            79.5536052,
            11.2110896
          ],
          [
            79.5540873,
            11.2114188
          ],
          [
            79.5545648,
            11.2117389
          ],
          [
            79.5554319,
            11.212219
          ],
          [
            79.5563505,
            11.2126452
          ],
          [
            79.5573028,
            11.2129884
          ],
          [
            79.5582022,
            11.2133953
          ],
          [
            79.5593587,
            11.213645
          ],
          [
            79.5597556,
            11.2139461
          ],
          [
            79.5601476,
            11.2142157
          ],
          [
            79.5606042,
            11.214506
          ],
          [
            79.5607769,
            11.2146887
          ],
          [
            79.560955,
            11.2148681
          ],
          [
            79.5614138,
            11.2156154
          ],
          [
            79.5617563,
            11.2158349
          ],
          [
            79.5621339,
            11.2159961
          ],
          [
            79.5624983,
            11.2161281
          ],
          [
            79.5626605,
            11.2162033
          ],
          [
            79.5628302,
            11.2162681
          ],
          [
            79.5631651,
            11.2164125
          ],
          [
            79.5635211,
            11.2165141
          ],
          [
            79.564918,
            11.216772
          ],
          [
            79.5662202,
            11.2170357
          ],
          [
            79.5675489,
            11.2172321
          ],
          [
            79.5681584,
            11.2174994
          ],
          [
            79.5684126,
            11.2177126
          ],
          [
            79.5687072,
            11.2178571
          ],
          [
            79.5693352,
            11.218119
          ],
          [
            79.5697146,
            11.2181606
          ],
          [
            79.5700884,
            11.2181624
          ],
          [
            79.5707717,
            11.2182057
          ],
          [
            79.5714273,
            11.218399
          ],
          [
            79.5721473,
            11.2185905
          ],
          [
            79.5725543,
            11.2185026
          ],
          [
            79.5727806,
            11.2183369
          ],
          [
            79.5730117,
            11.2181898
          ],
          [
            79.5732628,
            11.218203
          ],
          [
            79.5734489,
            11.2182879
          ],
          [
            79.5737344,
            11.2183555
          ],
          [
            79.5740288,
            11.2184183
          ],
          [
            79.5745624,
            11.2185279
          ],
          [
            79.5750892,
            11.2185614
          ],
          [
            79.575439,
            11.2185843
          ],
          [
            79.5757808,
            11.2186055
          ],
          [
            79.5764814,
            11.2185516
          ],
          [
            79.5771639,
            11.2185815
          ],
          [
            79.5778442,
            11.2186055
          ],
          [
            79.5783056,
            11.2185309
          ],
          [
            79.5787587,
            11.2184785
          ],
          [
            79.5796611,
            11.2183575
          ],
          [
            79.5814608,
            11.2181638
          ],
          [
            79.5818586,
            11.2182089
          ],
          [
            79.5822601,
            11.2183155
          ],
          [
            79.5826063,
            11.218507
          ],
          [
            79.5828125,
            11.2185756
          ],
          [
            79.5830041,
            11.218563
          ],
          [
            79.5838641,
            11.2185793
          ],
          [
            79.5842932,
            11.2186226
          ],
          [
            79.584693,
            11.2187244
          ],
          [
            79.585144,
            11.2190616
          ],
          [
            79.5856339,
            11.2193398
          ],
          [
            79.5861477,
            11.2195186
          ],
          [
            79.5866946,
            11.2196396
          ],
          [
            79.5872103,
            11.219795
          ],
          [
            79.587737,
            11.219851
          ],
          [
            79.5883079,
            11.2198365
          ],
          [
            79.588853,
            11.2199178
          ],
          [
            79.5899635,
            11.2201201
          ],
          [
            79.5905049,
            11.2202303
          ],
          [
            79.5910205,
            11.2203784
          ],
          [
            79.5912789,
            11.220466
          ],
          [
            79.5915226,
            11.220575
          ],
          [
            79.5919966,
            11.2208228
          ],
          [
            79.5930397,
            11.2210752
          ],
          [
            79.5937572,
            11.2212076
          ],
          [
            79.5941347,
            11.2213015
          ],
          [
            79.5944864,
            11.2214514
          ],
          [
            79.5951568,
            11.2217712
          ],
          [
            79.5958087,
            11.2221361
          ],
          [
            79.5965269,
            11.2224297
          ],
          [
            79.5971424,
            11.2227875
          ],
          [
            79.5977903,
            11.2231783
          ],
          [
            79.5981052,
            11.2233843
          ],
          [
            79.5983434,
            11.2236422
          ],
          [
            79.5985177,
            11.2238593
          ],
          [
            79.5987006,
            11.2240667
          ],
          [
            79.598991,
            11.2245295
          ],
          [
            79.5996484,
            11.2253243
          ],
          [
            79.6002028,
            11.2262221
          ],
          [
            79.6004679,
            11.2266791
          ],
          [
            79.6007149,
            11.227145
          ],
          [
            79.6014403,
            11.2286769
          ],
          [
            79.6016852,
            11.2295349
          ],
          [
            79.601781,
            11.2299504
          ],
          [
            79.6018363,
            11.2303983
          ],
          [
            79.6024848,
            11.2338168
          ],
          [
            79.6031571,
            11.2352158
          ],
          [
            79.6037209,
            11.2367535
          ],
          [
            79.6040244,
            11.2382417
          ],
          [
            79.6044039,
            11.239637
          ],
          [
            79.6046579,
            11.2408737
          ],
          [
            79.6046223,
            11.2422203
          ],
          [
            79.6046544,
            11.2427676
          ],
          [
            79.6046865,
            11.2433973
          ],
          [
            79.6045919,
            11.2441713
          ],
          [
            79.6044367,
            11.2449178
          ],
          [
            79.6044431,
            11.2453002
          ],
          [
            79.6043249,
            11.245741
          ],
          [
            79.6041506,
            11.2461635
          ],
          [
            79.6036482,
            11.2471941
          ],
          [
            79.6029644,
            11.2481613
          ],
          [
            79.6027614,
            11.2487554
          ],
          [
            79.6028102,
            11.2494085
          ],
          [
            79.6028996,
            11.2502211
          ],
          [
            79.6029745,
            11.2512507
          ],
          [
            79.6031345,
            11.2520484
          ],
          [
            79.6034003,
            11.252862
          ],
          [
            79.6036278,
            11.2533512
          ],
          [
            79.6040179,
            11.2538245
          ],
          [
            79.6044891,
            11.2548188
          ],
          [
            79.6049278,
            11.2559567
          ],
          [
            79.6051551,
            11.2569511
          ],
          [
            79.6050885,
            11.258016
          ],
          [
            79.6051438,
            11.2583793
          ],
          [
            79.6054592,
            11.2593964
          ],
          [
            79.6056283,
            11.2603577
          ],
          [
            79.6056347,
            11.2606811
          ],
          [
            79.6054875,
            11.2610382
          ],
          [
            79.6051987,
            11.2612982
          ],
          [
            79.6047259,
            11.2617039
          ],
          [
            79.6046778,
            11.2618597
          ],
          [
            79.6046624,
            11.2620318
          ],
          [
            79.6047418,
            11.2621195
          ]
        ]
      },
      "properties": {
        "id": 104685980,
        "name": "OSM Drain Segment 80",
        "drain_type": "canal",
        "capacity": "50 m3/s",
        "status": "blocked",
        "district": "Mayiladuthurai",
        "data_source_type": "OpenStreetMap Public Data"
      }
    },
    {
      "type": "Feature",
      "id": 148287254,
      "geometry": {
        "type": "LineString",
        "coordinates": [
          [
            79.4168798,
            10.952778
          ],
          [
            79.4170233,
            10.9527879
          ],
          [
            79.417178,
            10.9527235
          ],
          [
            79.4174222,
            10.952562
          ],
          [
            79.4177246,
            10.9522957
          ],
          [
            79.4183094,
            10.9523514
          ],
          [
            79.4186903,
            10.9525884
          ],
          [
            79.4191953,
            10.9526379
          ],
          [
            79.4204444,
            10.9530466
          ],
          [
            79.4213618,
            10.9532151
          ],
          [
            79.4267981,
            10.9537909
          ],
          [
            79.4292819,
            10.9543702
          ],
          [
            79.430089,
            10.9548682
          ],
          [
            79.4306683,
            10.9554447
          ],
          [
            79.4313954,
            10.9560714
          ],
          [
            79.4325049,
            10.9563913
          ],
          [
            79.4338335,
            10.9566728
          ],
          [
            79.4345149,
            10.9569039
          ],
          [
            79.4352932,
            10.9568719
          ],
          [
            79.4368532,
            10.9572428
          ],
          [
            79.4373091,
            10.9577032
          ],
          [
            79.438332,
            10.9579751
          ],
          [
            79.439436,
            10.9585346
          ],
          [
            79.4403414,
            10.958736
          ],
          [
            79.4416441,
            10.9593915
          ],
          [
            79.4427937,
            10.960875
          ],
          [
            79.4431092,
            10.9616554
          ],
          [
            79.4436567,
            10.9622882
          ],
          [
            79.4456881,
            10.9632377
          ],
          [
            79.4469702,
            10.9642279
          ],
          [
            79.4481343,
            10.9643332
          ],
          [
            79.4488102,
            10.964744
          ],
          [
            79.4493252,
            10.965634
          ],
          [
            79.4498026,
            10.9658289
          ],
          [
            79.4506859,
            10.9670028
          ],
          [
            79.4524946,
            10.9676905
          ],
          [
            79.4531679,
            10.9685784
          ],
          [
            79.4534737,
            10.9687944
          ],
          [
            79.4542408,
            10.9691077
          ],
          [
            79.4558018,
            10.9693236
          ],
          [
            79.4564912,
            10.969687
          ],
          [
            79.4570267,
            10.9702573
          ],
          [
            79.4574914,
            10.9704925
          ],
          [
            79.4583735,
            10.9704558
          ],
          [
            79.4592697,
            10.970711
          ],
          [
            79.4603809,
            10.9717322
          ],
          [
            79.461288,
            10.9719228
          ],
          [
            79.4619067,
            10.9718975
          ],
          [
            79.4627566,
            10.9715139
          ],
          [
            79.4635527,
            10.9716158
          ],
          [
            79.4639985,
            10.9718838
          ],
          [
            79.4645858,
            10.9720546
          ],
          [
            79.465455,
            10.9719562
          ],
          [
            79.4666723,
            10.9716715
          ],
          [
            79.4681782,
            10.9713513
          ],
          [
            79.469763,
            10.9711497
          ],
          [
            79.4708055,
            10.9712101
          ],
          [
            79.4712067,
            10.971399
          ],
          [
            79.4729568,
            10.9716696
          ],
          [
            79.4736433,
            10.9718806
          ],
          [
            79.4744052,
            10.9719825
          ],
          [
            79.4752193,
            10.9722459
          ],
          [
            79.4761923,
            10.9724722
          ],
          [
            79.476883,
            10.9722468
          ],
          [
            79.4776356,
            10.9719225
          ],
          [
            79.4788907,
            10.9716814
          ],
          [
            79.4794681,
            10.9715898
          ],
          [
            79.4808466,
            10.9719699
          ],
          [
            79.4826781,
            10.9716288
          ],
          [
            79.4836919,
            10.9708782
          ],
          [
            79.4844307,
            10.9707961
          ],
          [
            79.4851303,
            10.9708904
          ],
          [
            79.4858176,
            10.9711178
          ],
          [
            79.4869148,
            10.9709252
          ],
          [
            79.4874197,
            10.970823
          ],
          [
            79.4877032,
            10.9709
          ],
          [
            79.4882767,
            10.9707344
          ],
          [
            79.4901434,
            10.9712761
          ],
          [
            79.4910222,
            10.9717973
          ],
          [
            79.4913913,
            10.9717
          ],
          [
            79.4919004,
            10.9711778
          ],
          [
            79.4923093,
            10.970527
          ],
          [
            79.4930315,
            10.9701549
          ],
          [
            79.4939378,
            10.9700442
          ],
          [
            79.4946467,
            10.9700424
          ],
          [
            79.4951141,
            10.9699439
          ],
          [
            79.4955965,
            10.9695218
          ],
          [
            79.4963103,
            10.9689391
          ],
          [
            79.4971617,
            10.9687081
          ],
          [
            79.4981602,
            10.9681125
          ],
          [
            79.4994963,
            10.9681751
          ],
          [
            79.501594,
            10.968643
          ],
          [
            79.5028812,
            10.9687084
          ],
          [
            79.5043522,
            10.9694054
          ],
          [
            79.5065599,
            10.9704169
          ],
          [
            79.508478,
            10.9697224
          ],
          [
            79.5097945,
            10.9701318
          ],
          [
            79.5109069,
            10.9700228
          ],
          [
            79.5127759,
            10.9711408
          ],
          [
            79.5141614,
            10.970642
          ],
          [
            79.5153601,
            10.9698314
          ],
          [
            79.5168854,
            10.9696733
          ],
          [
            79.5179696,
            10.9699277
          ],
          [
            79.5198605,
            10.9691976
          ],
          [
            79.5209151,
            10.9694105
          ],
          [
            79.5218593,
            10.9691209
          ],
          [
            79.5223206,
            10.9689734
          ],
          [
            79.522782,
            10.9689998
          ],
          [
            79.5235437,
            10.9690472
          ],
          [
            79.5242062,
            10.9693473
          ],
          [
            79.5249438,
            10.9693473
          ],
          [
            79.5260382,
            10.9690103
          ],
          [
            79.5273524,
            10.9688523
          ],
          [
            79.5322233,
            10.9684115
          ],
          [
            79.5329717,
            10.9682888
          ],
          [
            79.5337254,
            10.9683046
          ],
          [
            79.5344657,
            10.9685416
          ],
          [
            79.5351738,
            10.9688628
          ],
          [
            79.5364934,
            10.9690208
          ],
          [
            79.5380089,
            10.9687654
          ],
          [
            79.5393902,
            10.9681966
          ],
          [
            79.5405774,
            10.9674679
          ],
          [
            79.551856,
            10.9685187
          ],
          [
            79.5640807,
            10.967581
          ],
          [
            79.5795525,
            10.9613928
          ],
          [
            79.5894216,
            10.9475653
          ]
        ]
      },
      "properties": {
        "id": 148287254,
        "name": "OSM Drain Segment 54",
        "drain_type": "stream",
        "capacity": "24 m3/s",
        "status": "normal",
        "district": "Mayiladuthurai",
        "data_source_type": "OpenStreetMap Public Data"
      }
    },
    {
      "type": "Feature",
      "id": 148287259,
      "geometry": {
        "type": "LineString",
        "coordinates": [
          [
            79.6063845,
            10.9491399
          ],
          [
            79.6065193,
            10.9491494
          ],
          [
            79.610322,
            10.949418
          ],
          [
            79.6119841,
            10.9495354
          ],
          [
            79.6251585,
            10.950466
          ],
          [
            79.6367741,
            10.9517921
          ],
          [
            79.6459585,
            10.9486095
          ],
          [
            79.653841,
            10.9476503
          ],
          [
            79.6566744,
            10.947111
          ],
          [
            79.6613416,
            10.9470835
          ],
          [
            79.6724312,
            10.9470182
          ],
          [
            79.672849,
            10.9469694
          ],
          [
            79.6837766,
            10.9456922
          ],
          [
            79.6983636,
            10.9468856
          ],
          [
            79.7155719,
            10.9472056
          ],
          [
            79.7173139,
            10.947238
          ],
          [
            79.718099,
            10.9471263
          ],
          [
            79.7185657,
            10.9470599
          ],
          [
            79.719847,
            10.9468776
          ],
          [
            79.7212388,
            10.9466796
          ],
          [
            79.7222176,
            10.9465403
          ],
          [
            79.7230223,
            10.9461084
          ],
          [
            79.7234943,
            10.9459952
          ],
          [
            79.7243473,
            10.9461979
          ],
          [
            79.72727,
            10.946282
          ],
          [
            79.7279449,
            10.9463338
          ],
          [
            79.7290946,
            10.946327
          ],
          [
            79.7300288,
            10.9465715
          ],
          [
            79.7306854,
            10.9467167
          ],
          [
            79.7312955,
            10.9466729
          ],
          [
            79.731588,
            10.9467166
          ],
          [
            79.73173,
            10.9470611
          ],
          [
            79.7319469,
            10.9473389
          ],
          [
            79.7321698,
            10.9473348
          ],
          [
            79.7324225,
            10.9470634
          ],
          [
            79.7325761,
            10.9458919
          ],
          [
            79.7318003,
            10.944476
          ],
          [
            79.732517,
            10.9432284
          ],
          [
            79.7331844,
            10.9423085
          ],
          [
            79.7330435,
            10.9407544
          ],
          [
            79.7336068,
            10.9404294
          ],
          [
            79.7347921,
            10.9408894
          ],
          [
            79.7356699,
            10.9410495
          ],
          [
            79.7365473,
            10.9414039
          ],
          [
            79.7375222,
            10.9417079
          ],
          [
            79.7380927,
            10.9416612
          ],
          [
            79.7386816,
            10.9413782
          ],
          [
            79.7400035,
            10.941756
          ],
          [
            79.7414034,
            10.9412874
          ],
          [
            79.7421338,
            10.9415866
          ],
          [
            79.7427702,
            10.9417717
          ],
          [
            79.7429781,
            10.9422827
          ],
          [
            79.7433127,
            10.9425299
          ],
          [
            79.7437929,
            10.9420872
          ],
          [
            79.7440516,
            10.9420278
          ],
          [
            79.7444937,
            10.9426499
          ],
          [
            79.7452722,
            10.9428997
          ],
          [
            79.7461673,
            10.9425171
          ],
          [
            79.7467744,
            10.9429582
          ],
          [
            79.747383,
            10.9436249
          ],
          [
            79.7482443,
            10.9436391
          ],
          [
            79.7499891,
            10.9444382
          ],
          [
            79.7512056,
            10.9448229
          ],
          [
            79.7519987,
            10.9446283
          ],
          [
            79.7522947,
            10.9446049
          ],
          [
            79.7527195,
            10.9453324
          ],
          [
            79.7530676,
            10.9460062
          ],
          [
            79.753586,
            10.9463438
          ],
          [
            79.7543159,
            10.946823
          ],
          [
            79.7555013,
            10.9467588
          ],
          [
            79.7559498,
            10.9467453
          ],
          [
            79.7564823,
            10.9468135
          ],
          [
            79.7570553,
            10.9469081
          ],
          [
            79.7575173,
            10.9464177
          ],
          [
            79.7583815,
            10.9459407
          ],
          [
            79.7589245,
            10.94582
          ],
          [
            79.759978,
            10.9460536
          ],
          [
            79.7617174,
            10.9459264
          ],
          [
            79.7629989,
            10.9462129
          ],
          [
            79.7643256,
            10.9461377
          ],
          [
            79.7649064,
            10.9463993
          ]
        ]
      },
      "properties": {
        "id": 148287259,
        "name": "Nular River",
        "drain_type": "stream",
        "capacity": "29 m3/s",
        "status": "normal",
        "district": "Mayiladuthurai",
        "data_source_type": "OpenStreetMap Public Data"
      }
    },
    {
      "type": "Feature",
      "id": 157752683,
      "geometry": {
        "type": "LineString",
        "coordinates": [
          [
            79.5233871,
            11.2522041
          ],
          [
            79.5234458,
            11.2524873
          ],
          [
            79.5236421,
            11.2530472
          ],
          [
            79.5241334,
            11.2545719
          ],
          [
            79.5244162,
            11.2570333
          ],
          [
            79.5245341,
            11.2580594
          ],
          [
            79.5251724,
            11.2642438
          ],
          [
            79.5264809,
            11.2751761
          ],
          [
            79.5264158,
            11.2784665
          ],
          [
            79.5286928,
            11.2816171
          ],
          [
            79.5288409,
            11.2828309
          ],
          [
            79.5288106,
            11.2847719
          ],
          [
            79.5288035,
            11.2864869
          ],
          [
            79.5289242,
            11.2873023
          ],
          [
            79.5294939,
            11.2882078
          ],
          [
            79.530488,
            11.2898485
          ],
          [
            79.5310646,
            11.2906928
          ],
          [
            79.5315553,
            11.2915324
          ],
          [
            79.5319176,
            11.2920606
          ],
          [
            79.5320356,
            11.2922158
          ],
          [
            79.5323242,
            11.2923235
          ],
          [
            79.5325774,
            11.292363
          ],
          [
            79.5334411,
            11.292171
          ],
          [
            79.534463,
            11.2920474
          ],
          [
            79.5367504,
            11.2917861
          ],
          [
            79.5375529,
            11.2915555
          ],
          [
            79.5378734,
            11.2914135
          ],
          [
            79.5380303,
            11.2912846
          ],
          [
            79.5382107,
            11.2911986
          ],
          [
            79.5384072,
            11.2911045
          ],
          [
            79.539207,
            11.2907836
          ],
          [
            79.5394036,
            11.2907612
          ],
          [
            79.5395417,
            11.2908322
          ],
          [
            79.5397655,
            11.2910469
          ],
          [
            79.5428835,
            11.2942943
          ],
          [
            79.5452304,
            11.2967386
          ],
          [
            79.5454943,
            11.2970917
          ],
          [
            79.5460303,
            11.2975024
          ],
          [
            79.5468804,
            11.2975681
          ],
          [
            79.5473494,
            11.2977282
          ],
          [
            79.5477747,
            11.2980468
          ]
        ]
      },
      "properties": {
        "id": 157752683,
        "name": "OSM Drain Segment 83",
        "drain_type": "canal",
        "capacity": "53 m3/s",
        "status": "normal",
        "district": "Mayiladuthurai",
        "data_source_type": "OpenStreetMap Public Data"
      }
    },
    {
      "type": "Feature",
      "id": 157752691,
      "geometry": {
        "type": "LineString",
        "coordinates": [
          [
            79.503708,
            11.2156494
          ],
          [
            79.504559,
            11.2156011
          ],
          [
            79.5051169,
            11.2155959
          ],
          [
            79.5060289,
            11.2150855
          ],
          [
            79.506222,
            11.214996
          ],
          [
            79.5066136,
            11.2150223
          ],
          [
            79.507665,
            11.2153275
          ],
          [
            79.5079118,
            11.2153643
          ],
          [
            79.510079,
            11.2153591
          ],
          [
            79.5106637,
            11.215417
          ],
          [
            79.5116186,
            11.2154801
          ],
          [
            79.5200193,
            11.2167956
          ],
          [
            79.5206094,
            11.2171218
          ],
          [
            79.5218539,
            11.2181006
          ],
          [
            79.5220578,
            11.218311
          ],
          [
            79.521929,
            11.2191845
          ],
          [
            79.5220685,
            11.2200159
          ],
          [
            79.5223904,
            11.2203527
          ],
          [
            79.5225298,
            11.2208262
          ],
          [
            79.5231521,
            11.2210472
          ],
          [
            79.5244749,
            11.2210378
          ],
          [
            79.525094,
            11.2211525
          ],
          [
            79.5253086,
            11.2223101
          ],
          [
            79.5255875,
            11.2224995
          ],
          [
            79.5259201,
            11.222731
          ],
          [
            79.5261669,
            11.2232362
          ],
          [
            79.5274544,
            11.2243096
          ],
          [
            79.5275831,
            11.2245727
          ],
          [
            79.5275402,
            11.2250252
          ],
          [
            79.5275402,
            11.2252567
          ],
          [
            79.5279908,
            11.2256671
          ],
          [
            79.5298959,
            11.2285744
          ],
          [
            79.5306408,
            11.2298239
          ],
          [
            79.5307803,
            11.231234
          ],
          [
            79.5305014,
            11.2321706
          ],
          [
            79.5307915,
            11.2322733
          ],
          [
            79.5330655,
            11.2326336
          ],
          [
            79.535501,
            11.2329809
          ],
          [
            79.5373249,
            11.2330967
          ],
          [
            79.5379579,
            11.2330335
          ],
          [
            79.5398033,
            11.2333282
          ],
          [
            79.5411122,
            11.2332335
          ],
          [
            79.5415306,
            11.233486
          ],
          [
            79.5423245,
            11.2335176
          ],
          [
            79.5428181,
            11.2335281
          ],
          [
            79.5431185,
            11.2336018
          ],
          [
            79.5432472,
            11.2338228
          ],
          [
            79.5430004,
            11.2342437
          ],
          [
            79.542859,
            11.2360646
          ],
          [
            79.5429897,
            11.2363168
          ],
          [
            79.5451248,
            11.2365378
          ],
          [
            79.5478557,
            11.2366657
          ],
          [
            79.5480537,
            11.2368114
          ],
          [
            79.5479572,
            11.2377584
          ],
          [
            79.5479894,
            11.2383162
          ],
          [
            79.5478177,
            11.2399262
          ],
          [
            79.5478928,
            11.2401998
          ],
          [
            79.5498347,
            11.2401893
          ],
          [
            79.5510578,
            11.240284
          ],
          [
            79.5549631,
            11.2404839
          ],
          [
            79.5554995,
            11.2405997
          ],
          [
            79.5560038,
            11.2405365
          ],
          [
            79.556105,
            11.2408268
          ],
          [
            79.5559716,
            11.2411995
          ],
          [
            79.5559394,
            11.2416625
          ],
          [
            79.5561218,
            11.2420203
          ],
          [
            79.5561218,
            11.2427148
          ],
          [
            79.5563042,
            11.2435356
          ],
          [
            79.5568299,
            11.244893
          ],
          [
            79.5571963,
            11.2453883
          ],
          [
            79.5572332,
            11.2458547
          ],
          [
            79.5575286,
            11.2458816
          ],
          [
            79.558242,
            11.2459672
          ],
          [
            79.5624196,
            11.2461137
          ],
          [
            79.5647156,
            11.24624
          ],
          [
            79.5662498,
            11.2465662
          ],
          [
            79.5680798,
            11.2466232
          ],
          [
            79.5696529,
            11.2466473
          ],
          [
            79.5701551,
            11.2465241
          ],
          [
            79.5765388,
            11.2467345
          ],
          [
            79.5789598,
            11.2469437
          ],
          [
            79.5800101,
            11.2469958
          ],
          [
            79.580495,
            11.246935
          ],
          [
            79.5809585,
            11.2470005
          ],
          [
            79.5811463,
            11.2472994
          ],
          [
            79.5813341,
            11.2475667
          ],
          [
            79.5814888,
            11.2480497
          ],
          [
            79.581655,
            11.2486497
          ],
          [
            79.5817675,
            11.2491129
          ],
          [
            79.5816278,
            11.2495448
          ],
          [
            79.5816382,
            11.2498823
          ],
          [
            79.5812702,
            11.2579201
          ],
          [
            79.5814204,
            11.2599404
          ],
          [
            79.5811844,
            11.2605507
          ],
          [
            79.5810985,
            11.2624657
          ],
          [
            79.5806694,
            11.2634548
          ],
          [
            79.5805406,
            11.2644018
          ],
          [
            79.5804333,
            11.2671375
          ],
          [
            79.5805406,
            11.2700837
          ],
          [
            79.580369,
            11.2714726
          ],
          [
            79.5805192,
            11.2732613
          ],
          [
            79.5802188,
            11.2741031
          ],
          [
            79.5803667,
            11.2763118
          ],
          [
            79.5802883,
            11.2767529
          ],
          [
            79.5799184,
            11.2865816
          ],
          [
            79.5799827,
            11.2869078
          ],
          [
            79.5796609,
            11.2875812
          ],
          [
            79.5797467,
            11.2882966
          ],
          [
            79.5798433,
            11.2886649
          ],
          [
            79.5796502,
            11.2895381
          ],
          [
            79.5799398,
            11.2901589
          ],
          [
            79.579618,
            11.290727
          ],
          [
            79.5792961,
            11.2910953
          ],
          [
            79.5794034,
            11.2915266
          ],
          [
            79.5799506,
            11.2915056
          ],
          [
            79.5809269,
            11.2918949
          ],
          [
            79.5817101,
            11.2925367
          ],
          [
            79.58215,
            11.293189
          ],
          [
            79.5829332,
            11.2935467
          ],
          [
            79.5842957,
            11.2950617
          ],
          [
            79.5851862,
            11.2955878
          ],
          [
            79.5859051,
            11.2961769
          ],
          [
            79.587568,
            11.2973553
          ],
          [
            79.588877,
            11.2986178
          ],
          [
            79.5900893,
            11.2994069
          ],
          [
            79.5908618,
            11.2998803
          ],
          [
            79.5912051,
            11.3008903
          ]
        ]
      },
      "properties": {
        "id": 157752691,
        "name": "OSM Drain Segment 91",
        "drain_type": "canal",
        "capacity": "61 m3/s",
        "status": "partially_blocked",
        "district": "Mayiladuthurai",
        "data_source_type": "OpenStreetMap Public Data"
      }
    },
    {
      "type": "Feature",
      "id": 202406052,
      "geometry": {
        "type": "LineString",
        "coordinates": [
          [
            79.6685003,
            11.2420418
          ],
          [
            79.6686108,
            11.2421376
          ],
          [
            79.6688846,
            11.2425438
          ],
          [
            79.6691161,
            11.2429794
          ],
          [
            79.6692145,
            11.2434987
          ],
          [
            79.6692011,
            11.243996
          ],
          [
            79.6694103,
            11.24458
          ],
          [
            79.6695551,
            11.2451798
          ],
          [
            79.6696356,
            11.2458526
          ],
          [
            79.6697697,
            11.2463347
          ],
          [
            79.6699011,
            11.2467161
          ],
          [
            79.6701828,
            11.2473738
          ],
          [
            79.6702337,
            11.2478999
          ],
          [
            79.6705127,
            11.2486076
          ],
          [
            79.6705449,
            11.248868
          ],
          [
            79.6705046,
            11.2490875
          ],
          [
            79.6705502,
            11.2492968
          ],
          [
            79.6709794,
            11.2494731
          ],
          [
            79.6712235,
            11.2496309
          ],
          [
            79.6713518,
            11.2498325
          ],
          [
            79.6713871,
            11.2500676
          ],
          [
            79.6713495,
            11.2502991
          ],
          [
            79.6711457,
            11.2504254
          ],
          [
            79.671033,
            11.2505201
          ],
          [
            79.6711578,
            11.25081
          ],
          [
            79.671261,
            11.2510515
          ],
          [
            79.6714514,
            11.2511567
          ],
          [
            79.671658,
            11.251254
          ],
          [
            79.6718323,
            11.2513619
          ],
          [
            79.6719691,
            11.2515276
          ],
          [
            79.6720208,
            11.2519152
          ],
          [
            79.672419,
            11.2535583
          ],
          [
            79.6723366,
            11.2540951
          ],
          [
            79.6719523,
            11.2550486
          ],
          [
            79.672181,
            11.2551526
          ],
          [
            79.6727174,
            11.2549212
          ],
          [
            79.6730286,
            11.2549369
          ],
          [
            79.6730836,
            11.2557419
          ],
          [
            79.6734416,
            11.2560681
          ],
          [
            79.673804,
            11.2563287
          ],
          [
            79.6742517,
            11.2565048
          ],
          [
            79.674595,
            11.256468
          ],
          [
            79.6752119,
            11.2566047
          ],
          [
            79.6758395,
            11.2567678
          ],
          [
            79.6763801,
            11.2570474
          ],
          [
            79.6764511,
            11.2572203
          ],
          [
            79.6765155,
            11.2576675
          ],
          [
            79.6765191,
            11.2583057
          ],
          [
            79.6770465,
            11.2592301
          ],
          [
            79.6772407,
            11.2601178
          ],
          [
            79.6774703,
            11.2605112
          ],
          [
            79.6777225,
            11.2606848
          ],
          [
            79.6783555,
            11.2605454
          ],
          [
            79.6785271,
            11.2604349
          ],
          [
            79.6789241,
            11.2601297
          ],
          [
            79.6792328,
            11.2601121
          ],
          [
            79.6795249,
            11.2602271
          ],
          [
            79.6797261,
            11.2604349
          ],
          [
            79.6798655,
            11.2606243
          ],
          [
            79.6799675,
            11.2607453
          ],
          [
            79.6801203,
            11.2608242
          ],
          [
            79.680402,
            11.2607795
          ],
          [
            79.6805924,
            11.2609294
          ],
          [
            79.6805012,
            11.261445
          ],
          [
            79.6803564,
            11.2620922
          ],
          [
            79.6804851,
            11.2623447
          ],
          [
            79.6808697,
            11.2628654
          ],
          [
            79.6814293,
            11.2633206
          ],
          [
            79.6817726,
            11.2632233
          ],
          [
            79.6820489,
            11.2629576
          ],
          [
            79.6824431,
            11.2627735
          ],
          [
            79.6827999,
            11.2629234
          ],
          [
            79.6828242,
            11.263245
          ],
          [
            79.682816,
            11.2637415
          ],
          [
            79.6829206,
            11.264436
          ],
          [
            79.6832317,
            11.2648753
          ],
          [
            79.6836461,
            11.265276
          ],
          [
            79.6841302,
            11.2656013
          ],
          [
            79.6847552,
            11.2657591
          ],
          [
            79.6849958,
            11.2659083
          ],
          [
            79.6850476,
            11.2661274
          ],
          [
            79.6849751,
            11.2663168
          ],
          [
            79.6848062,
            11.2670165
          ],
          [
            79.6848035,
            11.2674558
          ],
          [
            79.6849161,
            11.2678898
          ],
          [
            79.6850905,
            11.2681713
          ],
          [
            79.6853289,
            11.2682881
          ],
          [
            79.6858925,
            11.2680687
          ],
          [
            79.6863136,
            11.2680056
          ],
          [
            79.6867883,
            11.2682686
          ],
          [
            79.6871739,
            11.2686073
          ],
          [
            79.6874213,
            11.268942
          ],
          [
            79.6872523,
            11.2694813
          ],
          [
            79.6871558,
            11.2697707
          ],
          [
            79.687149,
            11.2699961
          ],
          [
            79.6873087,
            11.2701863
          ],
          [
            79.6876251,
            11.2703231
          ],
          [
            79.6896529,
            11.270857
          ],
          [
            79.6900338,
            11.2709938
          ],
          [
            79.690125,
            11.2711148
          ],
          [
            79.6901196,
            11.2715673
          ],
          [
            79.6902826,
            11.2716969
          ],
          [
            79.6905702,
            11.2719355
          ],
          [
            79.6906507,
            11.2721986
          ],
          [
            79.6906668,
            11.27253
          ],
          [
            79.6905329,
            11.2728702
          ],
          [
            79.6910047,
            11.2732771
          ],
          [
            79.6914285,
            11.2733665
          ],
          [
            79.6919435,
            11.2734349
          ],
          [
            79.6925497,
            11.2737348
          ],
          [
            79.6929554,
            11.2741246
          ],
          [
            79.6932095,
            11.2745502
          ],
          [
            79.6936333,
            11.2748764
          ],
          [
            79.6938479,
            11.2750763
          ],
          [
            79.6938801,
            11.2752078
          ],
          [
            79.6937513,
            11.2755024
          ],
          [
            79.6937807,
            11.2757107
          ],
          [
            79.6948832,
            11.276039
          ],
          [
            79.6955001,
            11.2762968
          ],
          [
            79.6959562,
            11.2766756
          ],
          [
            79.6963906,
            11.2773174
          ],
          [
            79.6965516,
            11.2777041
          ],
          [
            79.6968933,
            11.2780607
          ],
          [
            79.6975628,
            11.2783354
          ],
          [
            79.6982978,
            11.278905
          ],
          [
            79.6989902,
            11.2792802
          ],
          [
            79.6994075,
            11.2798122
          ],
          [
            79.7009371,
            11.2811891
          ],
          [
            79.701318,
            11.281595
          ],
          [
            79.7016779,
            11.2819135
          ],
          [
            79.7025589,
            11.2824628
          ],
          [
            79.7033871,
            11.283078
          ],
          [
            79.7043276,
            11.2833938
          ],
          [
            79.705528,
            11.2836907
          ],
          [
            79.7062151,
            11.2838381
          ],
          [
            79.7067644,
            11.2840665
          ],
          [
            79.7073145,
            11.2843667
          ],
          [
            79.7079823,
            11.2843646
          ],
          [
            79.7092105,
            11.2846004
          ],
          [
            79.711572,
            11.2853563
          ],
          [
            79.7165797,
            11.286889
          ],
          [
            79.7176525,
            11.2873579
          ],
          [
            79.7183224,
            11.2874976
          ],
          [
            79.7192413,
            11.2876755
          ],
          [
            79.7198439,
            11.2876022
          ],
          [
            79.7202086,
            11.2871866
          ],
          [
            79.7206968,
            11.2868447
          ],
          [
            79.7209167,
            11.2866395
          ],
          [
            79.7209328,
            11.2863186
          ],
          [
            79.7212923,
            11.2860871
          ],
          [
            79.7218984,
            11.2856557
          ],
          [
            79.7226602,
            11.2852875
          ],
          [
            79.7227095,
            11.2852212
          ],
          [
            79.7230947,
            11.2848298
          ],
          [
            79.7250406,
            11.2833923
          ],
          [
            79.7277557,
            11.2836074
          ]
        ]
      },
      "properties": {
        "id": 202406052,
        "name": "OSM Drain Segment 52",
        "drain_type": "drain",
        "capacity": "22 m3/s",
        "status": "normal",
        "district": "Mayiladuthurai",
        "data_source_type": "OpenStreetMap Public Data"
      }
    },
    {
      "type": "Feature",
      "id": 202406053,
      "geometry": {
        "type": "LineString",
        "coordinates": [
          [
            79.5436885,
            11.1877589
          ],
          [
            79.54396,
            11.1884437
          ],
          [
            79.5482305,
            11.1898398
          ],
          [
            79.5495085,
            11.1901939
          ],
          [
            79.5502857,
            11.1901745
          ],
          [
            79.5551766,
            11.1925546
          ],
          [
            79.5565719,
            11.1933626
          ],
          [
            79.5626295,
            11.1973968
          ],
          [
            79.563541,
            11.2011634
          ],
          [
            79.5670704,
            11.2031228
          ],
          [
            79.5686218,
            11.2031038
          ],
          [
            79.5709877,
            11.2031798
          ],
          [
            79.5723468,
            11.2035991
          ],
          [
            79.5757802,
            11.2046582
          ],
          [
            79.5803817,
            11.2061871
          ],
          [
            79.580828,
            11.2062997
          ],
          [
            79.5815455,
            11.2059953
          ],
          [
            79.5866846,
            11.2063948
          ],
          [
            79.5875379,
            11.2068894
          ],
          [
            79.588139,
            11.2081259
          ],
          [
            79.5902528,
            11.2079547
          ],
          [
            79.5924442,
            11.2085825
          ],
          [
            79.5942477,
            11.2095336
          ],
          [
            79.5949071,
            11.2109793
          ],
          [
            79.596577,
            11.2112871
          ],
          [
            79.5994361,
            11.2120337
          ],
          [
            79.6025018,
            11.2143176
          ],
          [
            79.6044799,
            11.2166193
          ],
          [
            79.6070105,
            11.2184653
          ],
          [
            79.6075129,
            11.2188688
          ],
          [
            79.6080762,
            11.2195213
          ],
          [
            79.6092896,
            11.2209592
          ],
          [
            79.6125666,
            11.2237145
          ],
          [
            79.6135169,
            11.2245515
          ],
          [
            79.6159798,
            11.2273667
          ],
          [
            79.6189848,
            11.2290557
          ],
          [
            79.6234459,
            11.2308856
          ],
          [
            79.6261415,
            11.2323312
          ],
          [
            79.6281584,
            11.2341383
          ],
          [
            79.628682,
            11.2360213
          ],
          [
            79.6288875,
            11.2363758
          ],
          [
            79.6293546,
            11.236748
          ],
          [
            79.6300343,
            11.2374204
          ],
          [
            79.6304439,
            11.2379532
          ],
          [
            79.6307745,
            11.238088
          ],
          [
            79.6310755,
            11.238122
          ],
          [
            79.6313575,
            11.2381406
          ],
          [
            79.6321179,
            11.2381291
          ],
          [
            79.6323158,
            11.238186
          ],
          [
            79.6327813,
            11.2384268
          ],
          [
            79.6331522,
            11.2385694
          ],
          [
            79.6335517,
            11.2386986
          ],
          [
            79.6339045,
            11.2387398
          ],
          [
            79.6342202,
            11.23873
          ],
          [
            79.634676,
            11.2387413
          ],
          [
            79.6348917,
            11.2387532
          ],
          [
            79.6354538,
            11.2389354
          ],
          [
            79.6360872,
            11.2391804
          ],
          [
            79.6363162,
            11.2393385
          ],
          [
            79.6367356,
            11.2394475
          ],
          [
            79.6378353,
            11.2396421
          ],
          [
            79.6387365,
            11.239892
          ],
          [
            79.6393673,
            11.2398636
          ],
          [
            79.6419466,
            11.2397684
          ],
          [
            79.6431462,
            11.2399386
          ],
          [
            79.6448359,
            11.2397078
          ],
          [
            79.6454206,
            11.2395605
          ],
          [
            79.6456798,
            11.2395992
          ],
          [
            79.6481134,
            11.2407765
          ],
          [
            79.6484917,
            11.2409706
          ],
          [
            79.6485506,
            11.2409681
          ],
          [
            79.6487465,
            11.2408812
          ],
          [
            79.6489484,
            11.240797
          ],
          [
            79.6497685,
            11.2408969
          ],
          [
            79.6506831,
            11.2411153
          ],
          [
            79.6514851,
            11.2413126
          ],
          [
            79.6518096,
            11.2413442
          ],
          [
            79.6523275,
            11.2413121
          ],
          [
            79.6525741,
            11.2413231
          ],
          [
            79.6528637,
            11.2413915
          ],
          [
            79.6532216,
            11.2415985
          ],
          [
            79.6535021,
            11.2419071
          ],
          [
            79.6538422,
            11.2420602
          ],
          [
            79.6544757,
            11.2421439
          ],
          [
            79.6549002,
            11.2420327
          ],
          [
            79.6554521,
            11.2417309
          ],
          [
            79.6558199,
            11.2416626
          ],
          [
            79.6573859,
            11.2416941
          ],
          [
            79.6588451,
            11.2417098
          ],
          [
            79.6600145,
            11.241773
          ],
          [
            79.6606475,
            11.2417519
          ],
          [
            79.6613636,
            11.2416289
          ],
          [
            79.6621656,
            11.2415994
          ],
          [
            79.6627396,
            11.2417098
          ],
          [
            79.6635818,
            11.2417519
          ],
          [
            79.6647191,
            11.2417835
          ],
          [
            79.667174,
            11.2418784
          ],
          [
            79.6677741,
            11.2419834
          ],
          [
            79.6680719,
            11.2420176
          ],
          [
            79.6683168,
            11.2421173
          ],
          [
            79.6685003,
            11.2420418
          ]
        ]
      },
      "properties": {
        "id": 202406053,
        "name": "OSM Drain Segment 53",
        "drain_type": "drain",
        "capacity": "23 m3/s",
        "status": "normal",
        "district": "Mayiladuthurai",
        "data_source_type": "OpenStreetMap Public Data"
      }
    },
    {
      "type": "Feature",
      "id": 202406055,
      "geometry": {
        "type": "LineString",
        "coordinates": [
          [
            79.6652991,
            11.2303295
          ],
          [
            79.6657051,
            11.2312529
          ],
          [
            79.6657257,
            11.2312996
          ],
          [
            79.665682,
            11.2320969
          ],
          [
            79.665813,
            11.2328213
          ],
          [
            79.6664277,
            11.2342384
          ],
          [
            79.6665269,
            11.2347435
          ],
          [
            79.6666664,
            11.2352276
          ],
          [
            79.6670272,
            11.2366658
          ],
          [
            79.6673101,
            11.2371534
          ],
          [
            79.667471,
            11.2379058
          ],
          [
            79.6675086,
            11.2386319
          ],
          [
            79.6675354,
            11.2394737
          ],
          [
            79.6677665,
            11.2399845
          ],
          [
            79.6683727,
            11.2407039
          ],
          [
            79.6682736,
            11.2414931
          ],
          [
            79.6683454,
            11.2418572
          ],
          [
            79.6685003,
            11.2420418
          ]
        ]
      },
      "properties": {
        "id": 202406055,
        "name": "OSM Drain Segment 55",
        "drain_type": "drain",
        "capacity": "25 m3/s",
        "status": "blocked",
        "district": "Mayiladuthurai",
        "data_source_type": "OpenStreetMap Public Data"
      }
    },
    {
      "type": "Feature",
      "id": 204433058,
      "geometry": {
        "type": "LineString",
        "coordinates": [
          [
            79.7684901,
            11.1986747
          ],
          [
            79.7693713,
            11.1992514
          ],
          [
            79.7697414,
            11.1996145
          ],
          [
            79.7701902,
            11.1999024
          ],
          [
            79.7712889,
            11.2002196
          ],
          [
            79.7717122,
            11.2005691
          ],
          [
            79.7718898,
            11.2007788
          ],
          [
            79.7720993,
            11.2009375
          ],
          [
            79.7722631,
            11.201024
          ],
          [
            79.7724365,
            11.2010939
          ],
          [
            79.7728172,
            11.2012055
          ],
          [
            79.7732118,
            11.2012702
          ],
          [
            79.773433,
            11.2012587
          ],
          [
            79.7736064,
            11.2012389
          ],
          [
            79.7738361,
            11.2011909
          ],
          [
            79.774019,
            11.2010855
          ],
          [
            79.7741935,
            11.200952
          ],
          [
            79.7743073,
            11.20076
          ],
          [
            79.7744381,
            11.2004126
          ],
          [
            79.7744221,
            11.20011
          ],
          [
            79.7744157,
            11.1998847
          ],
          [
            79.774437,
            11.1997563
          ],
          [
            79.7744881,
            11.1996625
          ],
          [
            79.7761121,
            11.198832
          ],
          [
            79.7765211,
            11.1986978
          ],
          [
            79.7767189,
            11.1986123
          ],
          [
            79.7768837,
            11.198485
          ],
          [
            79.7770768,
            11.1982268
          ],
          [
            79.7773033,
            11.1979279
          ],
          [
            79.7775033,
            11.1976472
          ],
          [
            79.7777373,
            11.1974156
          ],
          [
            79.7780037,
            11.1972231
          ],
          [
            79.7782754,
            11.1970316
          ],
          [
            79.7783812,
            11.1968809
          ],
          [
            79.7784514,
            11.1967056
          ],
          [
            79.7786471,
            11.1963843
          ],
          [
            79.7787099,
            11.1963112
          ],
          [
            79.7787865,
            11.1962643
          ],
          [
            79.7789556,
            11.1962121
          ],
          [
            79.7792874,
            11.1960827
          ],
          [
            79.7796214,
            11.1959169
          ],
          [
            79.7797479,
            11.195823
          ],
          [
            79.7798234,
            11.1956685
          ],
          [
            79.7799383,
            11.1955016
          ],
          [
            79.7800861,
            11.1953921
          ],
          [
            79.7802308,
            11.195294
          ],
          [
            79.7803629,
            11.1952277
          ],
          [
            79.7804637,
            11.1952523
          ],
          [
            79.780552,
            11.1952992
          ],
          [
            79.7806477,
            11.1955277
          ],
          [
            79.780703,
            11.1956299
          ],
          [
            79.780787,
            11.1956946
          ],
          [
            79.7809678,
            11.1957697
          ],
          [
            79.7812018,
            11.1957604
          ],
          [
            79.7814177,
            11.1956978
          ],
          [
            79.7816347,
            11.1956122
          ],
          [
            79.7818591,
            11.1955559
          ],
          [
            79.7823451,
            11.1954766
          ],
          [
            79.7826142,
            11.195512
          ],
          [
            79.782845,
            11.1956341
          ],
          [
            79.7833584,
            11.1966196
          ],
          [
            79.783717,
            11.1969361
          ],
          [
            79.7840599,
            11.197243
          ],
          [
            79.7841802,
            11.1977771
          ],
          [
            79.7841622,
            11.1983024
          ],
          [
            79.7841502,
            11.1991227
          ],
          [
            79.7840629,
            11.1995713
          ],
          [
            79.7838493,
            11.2000464
          ],
          [
            79.7838734,
            11.2002323
          ],
          [
            79.7839998,
            11.2004359
          ],
          [
            79.7842284,
            11.2007517
          ],
          [
            79.7844059,
            11.2008992
          ],
          [
            79.7845743,
            11.2009907
          ],
          [
            79.7849203,
            11.2011028
          ],
          [
            79.785185,
            11.2011795
          ],
          [
            79.7854106,
            11.2013212
          ],
          [
            79.7855099,
            11.2014304
          ],
          [
            79.7855761,
            11.2015691
          ],
          [
            79.7855339,
            11.2019409
          ],
          [
            79.7854407,
            11.202652
          ],
          [
            79.7854407,
            11.2030268
          ],
          [
            79.7853052,
            11.2035816
          ],
          [
            79.7859491,
            11.2038058
          ],
          [
            79.7865982,
            11.2040404
          ],
          [
            79.787014,
            11.2041039
          ],
          [
            79.7874231,
            11.2040832
          ],
          [
            79.7879074,
            11.2042131
          ],
          [
            79.788195,
            11.2040447
          ],
          [
            79.7885722,
            11.203856
          ],
          [
            79.7888761,
            11.2035344
          ],
          [
            79.7893935,
            11.2026993
          ],
          [
            79.7901846,
            11.2023747
          ],
          [
            79.7903922,
            11.2018346
          ],
          [
            79.7904783,
            11.2013042
          ],
          [
            79.7904885,
            11.2005333
          ],
          [
            79.790687,
            11.200191
          ],
          [
            79.7909818,
            11.1999165
          ],
          [
            79.791403,
            11.1993116
          ],
          [
            79.7916887,
            11.1990106
          ],
          [
            79.7918457,
            11.1986216
          ],
          [
            79.7919324,
            11.1981342
          ],
          [
            79.7922242,
            11.1978096
          ],
          [
            79.7930033,
            11.1974909
          ],
          [
            79.7937885,
            11.1973699
          ],
          [
            79.7942126,
            11.1973345
          ],
          [
            79.7945805,
            11.197405
          ],
          [
            79.7953527,
            11.1976237
          ],
          [
            79.7957258,
            11.1976768
          ],
          [
            79.7960687,
            11.1976443
          ],
          [
            79.7964297,
            11.1976089
          ],
          [
            79.7967816,
            11.1975381
          ],
          [
            79.7970915,
            11.1973522
          ],
          [
            79.7974164,
            11.1973168
          ],
          [
            79.7988483,
            11.197364
          ],
          [
            79.7992785,
            11.1973256
          ],
          [
            79.7996394,
            11.1973286
          ],
          [
            79.7999703,
            11.1974702
          ],
          [
            79.8003273,
            11.1976203
          ],
          [
            79.8008187,
            11.1978184
          ],
          [
            79.8011345,
            11.1982345
          ],
          [
            79.8013752,
            11.1987185
          ],
          [
            79.8014925,
            11.1989457
          ],
          [
            79.8017001,
            11.1990962
          ],
          [
            79.8033014,
            11.2004015
          ],
          [
            79.8036285,
            11.20082
          ],
          [
            79.8037008,
            11.200989
          ],
          [
            79.8036689,
            11.2011768
          ],
          [
            79.8035072,
            11.2013207
          ],
          [
            79.8033711,
            11.2014647
          ],
          [
            79.8032434,
            11.2020323
          ],
          [
            79.8030052,
            11.2024266
          ],
          [
            79.8028733,
            11.2026123
          ],
          [
            79.8028095,
            11.2028419
          ],
          [
            79.8028946,
            11.2030797
          ],
          [
            79.8030499,
            11.203278
          ],
          [
            79.8032243,
            11.2037871
          ],
          [
            79.8034087,
            11.2048122
          ],
          [
            79.8034306,
            11.2049493
          ],
          [
            79.8033923,
            11.20511
          ],
          [
            79.8031881,
            11.205375
          ],
          [
            79.8029712,
            11.2056233
          ],
          [
            79.802835,
            11.2057485
          ],
          [
            79.8028287,
            11.2058883
          ],
          [
            79.8029052,
            11.2059905
          ],
          [
            79.8030414,
            11.2060656
          ],
          [
            79.8033264,
            11.2061428
          ],
          [
            79.8035923,
            11.2062868
          ],
          [
            79.8038007,
            11.206533
          ],
          [
            79.8041709,
            11.2071611
          ],
          [
            79.8043985,
            11.2074219
          ],
          [
            79.8046473,
            11.2076431
          ],
          [
            79.8049069,
            11.2077265
          ],
          [
            79.8051642,
            11.2077704
          ],
          [
            79.805645,
            11.207737
          ],
          [
            79.8059045,
            11.2076431
          ],
          [
            79.806181,
            11.2076452
          ],
          [
            79.8064533,
            11.2076827
          ],
          [
            79.8066554,
            11.2078038
          ],
          [
            79.8067745,
            11.2081272
          ],
          [
            79.8066639,
            11.2085591
          ],
          [
            79.8064358,
            11.209276
          ],
          [
            79.8063895,
            11.2097401
          ],
          [
            79.8062703,
            11.2103118
          ],
          [
            79.8062959,
            11.210702
          ],
          [
            79.8065065,
            11.2109398
          ],
          [
            79.8067787,
            11.2111026
          ],
          [
            79.8070723,
            11.2111255
          ],
          [
            79.8074892,
            11.2110817
          ],
          [
            79.8078487,
            11.2108835
          ],
          [
            79.8083188,
            11.2106331
          ],
          [
            79.8087889,
            11.210316
          ],
          [
            79.8091079,
            11.2099696
          ],
          [
            79.8092972,
            11.2095502
          ],
          [
            79.8094887,
            11.2093019
          ],
          [
            79.8096057,
            11.2091788
          ],
          [
            79.8097397,
            11.2090765
          ],
          [
            79.8100183,
            11.2088867
          ],
          [
            79.8101928,
            11.2088262
          ],
          [
            79.8103693,
            11.2088387
          ],
          [
            79.8108947,
            11.2091287
          ],
          [
            79.8113669,
            11.2095189
          ],
          [
            79.811786,
            11.2098194
          ],
          [
            79.8119859,
            11.2098945
          ],
          [
            79.8122369,
            11.2099592
          ],
          [
            79.8127283,
            11.2098402
          ],
          [
            79.8131282,
            11.2096003
          ],
          [
            79.813326,
            11.2093749
          ],
          [
            79.8135919,
            11.2092623
          ],
          [
            79.8138387,
            11.2090953
          ],
          [
            79.8141577,
            11.2090703
          ],
          [
            79.8144406,
            11.2090411
          ],
          [
            79.814681,
            11.2091287
          ],
          [
            79.8148852,
            11.209281
          ],
          [
            79.8149958,
            11.2095085
          ],
          [
            79.8151128,
            11.2100259
          ],
          [
            79.815166,
            11.2103639
          ],
          [
            79.8151128,
            11.2104933
          ],
          [
            79.8149775,
            11.2105811
          ],
          [
            79.8147108,
            11.2107145
          ],
          [
            79.8145619,
            11.2109586
          ],
          [
            79.8144364,
            11.2112361
          ],
          [
            79.8144704,
            11.2115408
          ],
          [
            79.8144832,
            11.2117494
          ],
          [
            79.814413,
            11.2119435
          ],
          [
            79.8143173,
            11.212077
          ],
          [
            79.8142003,
            11.2121458
          ],
          [
            79.8140216,
            11.2122126
          ],
          [
            79.8138812,
            11.2123128
          ],
          [
            79.813777,
            11.212488
          ],
          [
            79.8137429,
            11.2126821
          ],
          [
            79.8138023,
            11.2130412
          ],
          [
            79.8138578,
            11.213427
          ],
          [
            79.8139344,
            11.2137984
          ],
          [
            79.813819,
            11.2145259
          ],
          [
            79.8137834,
            11.2149147
          ],
          [
            79.8138398,
            11.2152914
          ],
          [
            79.8139662,
            11.215616
          ],
          [
            79.8141647,
            11.215852
          ],
          [
            79.8143994,
            11.2158756
          ],
          [
            79.814652,
            11.215793
          ],
          [
            79.8151995,
            11.2155923
          ]
        ]
      },
      "properties": {
        "id": 204433058,
        "name": "OSM Drain Segment 58",
        "drain_type": "stream",
        "capacity": "28 m3/s",
        "status": "normal",
        "district": "Mayiladuthurai",
        "data_source_type": "OpenStreetMap Public Data"
      }
    },
    {
      "type": "Feature",
      "id": 246106947,
      "geometry": {
        "type": "LineString",
        "coordinates": [
          [
            79.7849035,
            11.0240497
          ],
          [
            79.7854185,
            11.0240918
          ],
          [
            79.7870868,
            11.0240971
          ],
          [
            79.78787,
            11.024255
          ],
          [
            79.7881275,
            11.0243077
          ],
          [
            79.7898871,
            11.0241761
          ],
          [
            79.7902518,
            11.0241708
          ],
          [
            79.7904557,
            11.0242392
          ],
          [
            79.7907293,
            11.0242814
          ],
          [
            79.7913998,
            11.0241445
          ],
          [
            79.7920167,
            11.0241392
          ],
          [
            79.7927892,
            11.0238601
          ],
          [
            79.7931594,
            11.0238601
          ],
          [
            79.79442,
            11.0238812
          ],
          [
            79.7954607,
            11.0237127
          ],
          [
            79.7987866,
            11.0235969
          ],
          [
            79.798969,
            11.0236601
          ],
          [
            79.7990549,
            11.0240076
          ],
          [
            79.7992802,
            11.0242077
          ],
          [
            79.7996449,
            11.0243762
          ],
          [
            79.8028314,
            11.0245762
          ],
          [
            79.8030782,
            11.0245762
          ],
          [
            79.8038721,
            11.0242393
          ],
          [
            79.8044085,
            11.0241761
          ],
          [
            79.8047385,
            11.0241287
          ],
          [
            79.8049611,
            11.0240918
          ],
          [
            79.8050523,
            11.0240102
          ],
          [
            79.8050657,
            11.0239391
          ],
          [
            79.805114,
            11.0234178
          ],
          [
            79.805181,
            11.0230466
          ],
          [
            79.8052078,
            11.0229703
          ],
          [
            79.8053634,
            11.0229176
          ],
          [
            79.8055673,
            11.0228913
          ],
          [
            79.8058221,
            11.0229703
          ],
          [
            79.8064604,
            11.0231756
          ],
          [
            79.8067313,
            11.0231493
          ],
          [
            79.8068869,
            11.0231493
          ],
          [
            79.8069593,
            11.0230914
          ],
          [
            79.8070022,
            11.0228544
          ],
          [
            79.8069566,
            11.0224964
          ],
          [
            79.8069084,
            11.0215776
          ],
          [
            79.8071739,
            11.0207088
          ],
          [
            79.8073938,
            11.0204823
          ],
          [
            79.8077533,
            11.0203797
          ],
          [
            79.8081583,
            11.0202717
          ],
          [
            79.8083192,
            11.0201532
          ],
          [
            79.8087805,
            11.0195609
          ],
          [
            79.8093089,
            11.0191186
          ],
          [
            79.8096308,
            11.0189896
          ],
          [
            79.8099822,
            11.0188448
          ],
          [
            79.8102128,
            11.0186157
          ],
          [
            79.8109317,
            11.0175205
          ],
          [
            79.8110926,
            11.0173204
          ],
          [
            79.8114748,
            11.0171769
          ],
          [
            79.81179,
            11.016965
          ],
          [
            79.8120167,
            11.0167958
          ],
          [
            79.8120828,
            11.0167958
          ],
          [
            79.8121288,
            11.0168381
          ],
          [
            79.8122925,
            11.0171258
          ],
          [
            79.8123299,
            11.0172555
          ],
          [
            79.8123988,
            11.0173739
          ],
          [
            79.8124448,
            11.0174162
          ],
          [
            79.8125655,
            11.0174783
          ],
          [
            79.8126947,
            11.0175234
          ],
          [
            79.8128068,
            11.0175911
          ],
          [
            79.8128441,
            11.0176531
          ],
          [
            79.812893,
            11.0177743
          ],
          [
            79.8129447,
            11.0178138
          ],
          [
            79.8130108,
            11.0178279
          ],
          [
            79.8131343,
            11.0177941
          ],
          [
            79.8133584,
            11.0176785
          ],
          [
            79.8134072,
            11.0176418
          ],
          [
            79.8134934,
            11.0175516
          ],
          [
            79.8135451,
            11.0175121
          ],
          [
            79.8136055,
            11.0174952
          ],
          [
            79.8137347,
            11.0174924
          ],
          [
            79.813864,
            11.0174557
          ],
          [
            79.8139876,
            11.0174416
          ],
          [
            79.8141915,
            11.0174049
          ],
          [
            79.8143151,
            11.0173429
          ],
          [
            79.8144702,
            11.0172893
          ],
          [
            79.8147259,
            11.0172865
          ],
          [
            79.8148552,
            11.0172893
          ],
          [
            79.8149155,
            11.0172978
          ],
          [
            79.815154,
            11.0174049
          ],
          [
            79.8152804,
            11.0174303
          ],
          [
            79.8153436,
            11.0174162
          ],
          [
            79.8153723,
            11.0172978
          ],
          [
            79.8153723,
            11.0169904
          ],
          [
            79.8154068,
            11.0169396
          ],
          [
            79.8154671,
            11.0169171
          ],
          [
            79.8160331,
            11.0169086
          ],
          [
            79.8160934,
            11.0168861
          ],
          [
            79.816352,
            11.0167084
          ],
          [
            79.8164181,
            11.0166971
          ],
          [
            79.8165531,
            11.0167169
          ],
          [
            79.8166134,
            11.0167338
          ],
          [
            79.8167082,
            11.0167394
          ],
          [
            79.8167686,
            11.0167338
          ],
          [
            79.8169496,
            11.0166717
          ],
          [
            79.8171219,
            11.0165815
          ],
          [
            79.8171794,
            11.0165589
          ],
          [
            79.8173001,
            11.0165307
          ],
          [
            79.8177511,
            11.0164828
          ],
          [
            79.8179378,
            11.0164772
          ],
          [
            79.8182596,
            11.0164236
          ],
          [
            79.8185325,
            11.016339
          ],
          [
            79.8188313,
            11.0162036
          ],
          [
            79.8190152,
            11.0161331
          ],
          [
            79.8192651,
            11.0160795
          ],
          [
            79.8193283,
            11.0161106
          ],
          [
            79.8194433,
            11.0163503
          ],
          [
            79.8194979,
            11.0164743
          ],
          [
            79.8195639,
            11.016731
          ],
          [
            79.8195927,
            11.0167902
          ],
          [
            79.8196358,
            11.0168438
          ],
          [
            79.8198972,
            11.0170891
          ],
          [
            79.8199748,
            11.0172019
          ],
          [
            79.8201012,
            11.017357
          ],
          [
            79.820285,
            11.0176446
          ],
          [
            79.8203253,
            11.0176954
          ],
          [
            79.8204229,
            11.0177828
          ],
          [
            79.8207045,
            11.0179746
          ],
          [
            79.8208165,
            11.0180394
          ],
          [
            79.8209947,
            11.0181325
          ],
          [
            79.8210579,
            11.0181635
          ],
          [
            79.8212446,
            11.0182425
          ],
          [
            79.8213739,
            11.0182509
          ],
          [
            79.8215606,
            11.0182227
          ],
          [
            79.8216842,
            11.0181861
          ],
          [
            79.8217991,
            11.0181268
          ],
          [
            79.8219234,
            11.0180885
          ],
          [
            79.8220979,
            11.0180986
          ],
          [
            79.8221668,
            11.0181099
          ],
          [
            79.8222961,
            11.0181494
          ],
          [
            79.8223564,
            11.0181804
          ],
          [
            79.82248,
            11.0182284
          ],
          [
            79.8225547,
            11.0182453
          ],
          [
            79.8226868,
            11.0182566
          ],
          [
            79.8228736,
            11.0182848
          ],
          [
            79.8231436,
            11.0182791
          ],
          [
            79.823254,
            11.0182464
          ],
          [
            79.8233849,
            11.0181889
          ],
          [
            79.8234424,
            11.0181691
          ],
          [
            79.8235056,
            11.0181691
          ],
          [
            79.8235717,
            11.0181861
          ],
          [
            79.8236952,
            11.0182453
          ],
          [
            79.823767,
            11.0182707
          ],
          [
            79.8239681,
            11.0183214
          ],
          [
            79.8240313,
            11.0183214
          ],
          [
            79.8240946,
            11.0183101
          ],
          [
            79.8241376,
            11.0182678
          ],
          [
            79.8242497,
            11.018203
          ],
          [
            79.8243962,
            11.0180789
          ],
          [
            79.8244508,
            11.0180451
          ],
          [
            79.8245169,
            11.0180169
          ],
          [
            79.824583,
            11.0180084
          ],
          [
            79.8246462,
            11.018014
          ],
          [
            79.8248444,
            11.0180084
          ],
          [
            79.825034,
            11.0179802
          ],
          [
            79.8251547,
            11.0179464
          ],
          [
            79.8253414,
            11.0179125
          ],
          [
            79.825508,
            11.0178702
          ],
          [
            79.8255655,
            11.0178392
          ],
          [
            79.825758,
            11.0177828
          ],
          [
            79.8258212,
            11.0177715
          ],
          [
            79.8258901,
            11.0177687
          ],
          [
            79.8261343,
            11.0176982
          ],
          [
            79.8264532,
            11.0176334
          ],
          [
            79.8266457,
            11.0175854
          ],
          [
            79.8268238,
            11.0175065
          ],
          [
            79.8270135,
            11.0175008
          ],
          [
            79.8270738,
            11.0175121
          ],
          [
            79.8272433,
            11.0175459
          ],
          [
            79.8272548,
            11.0177349
          ],
          [
            79.8272663,
            11.0178025
          ],
          [
            79.827341,
            11.0180028
          ],
          [
            79.8273697,
            11.0181776
          ],
          [
            79.8274157,
            11.0185132
          ],
          [
            79.8274157,
            11.0187219
          ],
          [
            79.8273812,
            11.0187642
          ],
          [
            79.8273122,
            11.0187839
          ],
          [
            79.8272577,
            11.0188206
          ],
          [
            79.8272462,
            11.0189503
          ],
          [
            79.8272692,
            11.0190123
          ],
          [
            79.8273467,
            11.0191308
          ],
          [
            79.827364,
            11.0192661
          ],
          [
            79.8273898,
            11.0193338
          ],
          [
            79.8274473,
            11.0193705
          ],
          [
            79.8275105,
            11.0193705
          ],
          [
            79.8275708,
            11.0193479
          ],
          [
            79.8276311,
            11.0193394
          ],
          [
            79.8282546,
            11.0192971
          ],
          [
            79.8282574,
            11.019362
          ],
          [
            79.8282488,
            11.0194269
          ],
          [
            79.8283005,
            11.0194551
          ],
          [
            79.8283551,
            11.0194269
          ],
          [
            79.8284068,
            11.0193902
          ],
          [
            79.8285304,
            11.0193451
          ],
          [
            79.8285936,
            11.0193338
          ],
          [
            79.828695,
            11.0192862
          ]
        ]
      },
      "properties": {
        "id": 246106947,
        "name": "OSM Drain Segment 47",
        "drain_type": "ditch",
        "capacity": "67 m3/s",
        "status": "normal",
        "district": "Mayiladuthurai",
        "data_source_type": "OpenStreetMap Public Data"
      }
    },
    {
      "type": "Feature",
      "id": 246106949,
      "geometry": {
        "type": "LineString",
        "coordinates": [
          [
            79.8169906,
            11.0248535
          ],
          [
            79.8170251,
            11.0247238
          ],
          [
            79.8170366,
            11.0242557
          ],
          [
            79.8170653,
            11.0241063
          ],
          [
            79.8170164,
            11.0235169
          ],
          [
            79.8169619,
            11.0234069
          ],
          [
            79.8169532,
            11.0231024
          ],
          [
            79.8170366,
            11.0226455
          ],
          [
            79.8173985,
            11.0215317
          ],
          [
            79.8173813,
            11.0212976
          ],
          [
            79.8173468,
            11.0211792
          ],
          [
            79.8173698,
            11.0210607
          ],
          [
            79.8174359,
            11.0208492
          ],
          [
            79.8175882,
            11.0207421
          ],
          [
            79.8177634,
            11.0206547
          ],
          [
            79.8179645,
            11.0205137
          ],
          [
            79.8181915,
            11.020398
          ],
          [
            79.8182863,
            11.0203163
          ],
          [
            79.8182892,
            11.020257
          ],
          [
            79.8184069,
            11.0200032
          ],
          [
            79.8185305,
            11.0191206
          ],
          [
            79.8187948,
            11.0190529
          ],
          [
            79.8189729,
            11.0190445
          ],
          [
            79.8201652,
            11.0187625
          ],
          [
            79.8204783,
            11.0187709
          ],
          [
            79.8207915,
            11.0188583
          ],
          [
            79.8210213,
            11.0189711
          ],
          [
            79.8212081,
            11.0189796
          ],
          [
            79.8213287,
            11.018926
          ],
          [
            79.8214235,
            11.0188499
          ],
          [
            79.8215758,
            11.0185453
          ],
          [
            79.8218717,
            11.0183677
          ],
          [
            79.8219234,
            11.0180885
          ]
        ]
      },
      "properties": {
        "id": 246106949,
        "name": "OSM Drain Segment 49",
        "drain_type": "ditch",
        "capacity": "69 m3/s",
        "status": "normal",
        "district": "Mayiladuthurai",
        "data_source_type": "OpenStreetMap Public Data"
      }
    },
    {
      "type": "Feature",
      "id": 284793357,
      "geometry": {
        "type": "LineString",
        "coordinates": [
          [
            79.3638905,
            11.0236294
          ],
          [
            79.3651582,
            11.0237438
          ],
          [
            79.3668097,
            11.0255601
          ],
          [
            79.3675415,
            11.0265715
          ],
          [
            79.3694092,
            11.0281143
          ],
          [
            79.3731162,
            11.0312804
          ],
          [
            79.3754615,
            11.0329182
          ],
          [
            79.3793824,
            11.0362109
          ],
          [
            79.3817665,
            11.0375407
          ],
          [
            79.3821951,
            11.0380818
          ],
          [
            79.382669,
            11.0391041
          ],
          [
            79.3834044,
            11.0399941
          ],
          [
            79.3837473,
            11.0403395
          ],
          [
            79.3841311,
            11.0405156
          ],
          [
            79.3846051,
            11.0405807
          ],
          [
            79.3910164,
            11.0427551
          ],
          [
            79.3945813,
            11.0450997
          ],
          [
            79.3955157,
            11.0460644
          ],
          [
            79.3980292,
            11.0489174
          ],
          [
            79.3990513,
            11.0494951
          ],
          [
            79.3997878,
            11.0500326
          ],
          [
            79.3999824,
            11.0517654
          ],
          [
            79.4001162,
            11.0525663
          ],
          [
            79.4002608,
            11.0539418
          ],
          [
            79.400848,
            11.0549303
          ],
          [
            79.4018405,
            11.0554883
          ],
          [
            79.4023345,
            11.0561688
          ],
          [
            79.4029319,
            11.0568681
          ],
          [
            79.4034915,
            11.0575546
          ],
          [
            79.4040712,
            11.0582951
          ],
          [
            79.4045275,
            11.0588007
          ],
          [
            79.4054306,
            11.0596668
          ],
          [
            79.4061952,
            11.0605829
          ],
          [
            79.4071208,
            11.0612295
          ],
          [
            79.4083248,
            11.0615516
          ],
          [
            79.410334,
            11.0619509
          ],
          [
            79.412998,
            11.0625508
          ],
          [
            79.4135497,
            11.0635899
          ],
          [
            79.4141263,
            11.0642523
          ],
          [
            79.4151813,
            11.0644936
          ],
          [
            79.4153972,
            11.0648931
          ],
          [
            79.4157314,
            11.0656419
          ],
          [
            79.4166397,
            11.0662002
          ],
          [
            79.4170394,
            11.0671488
          ],
          [
            79.4172749,
            11.0677288
          ],
          [
            79.4176459,
            11.0680472
          ],
          [
            79.4182169,
            11.0682572
          ],
          [
            79.4189694,
            11.0683083
          ],
          [
            79.4193381,
            11.0686754
          ],
          [
            79.419432,
            11.0691429
          ],
          [
            79.4194797,
            11.0700396
          ],
          [
            79.4245648,
            11.0763465
          ],
          [
            79.4279283,
            11.0792104
          ],
          [
            79.4298327,
            11.0804317
          ],
          [
            79.4304764,
            11.0814004
          ],
          [
            79.430768,
            11.0822537
          ],
          [
            79.4328456,
            11.0841856
          ],
          [
            79.4341993,
            11.0849696
          ],
          [
            79.4360514,
            11.0863444
          ],
          [
            79.4394961,
            11.0871586
          ],
          [
            79.441121,
            11.0881675
          ],
          [
            79.442299,
            11.0881763
          ],
          [
            79.4429835,
            11.0884641
          ],
          [
            79.4440401,
            11.088849
          ],
          [
            79.445837,
            11.0898815
          ],
          [
            79.44632,
            11.0904816
          ],
          [
            79.4467696,
            11.0912908
          ],
          [
            79.4475305,
            11.0919842
          ],
          [
            79.4484888,
            11.0925551
          ],
          [
            79.4528997,
            11.0965036
          ],
          [
            79.4537419,
            11.0994331
          ],
          [
            79.4541657,
            11.0996726
          ],
          [
            79.4547129,
            11.1000832
          ],
          [
            79.4555926,
            11.1009991
          ],
          [
            79.4562149,
            11.1019677
          ],
          [
            79.4572771,
            11.1023783
          ],
          [
            79.4577974,
            11.1027152
          ],
          [
            79.4580817,
            11.1030468
          ],
          [
            79.4583124,
            11.1035048
          ],
          [
            79.458484,
            11.1037048
          ],
          [
            79.4589132,
            11.1038101
          ],
          [
            79.4594282,
            11.1037417
          ],
          [
            79.4600183,
            11.1038364
          ],
          [
            79.4603133,
            11.1040259
          ],
          [
            79.460603,
            11.1044891
          ],
          [
            79.4609946,
            11.1047102
          ],
          [
            79.4615418,
            11.1046365
          ],
          [
            79.4619816,
            11.1044576
          ],
          [
            79.4624817,
            11.1043713
          ],
          [
            79.4628775,
            11.1046681
          ],
          [
            79.4632637,
            11.1050313
          ],
          [
            79.4638538,
            11.1052156
          ],
          [
            79.4646424,
            11.1054156
          ],
          [
            79.4652754,
            11.1055683
          ],
          [
            79.4657367,
            11.1060104
          ],
          [
            79.4659889,
            11.1065789
          ],
          [
            79.4664717,
            11.1073264
          ],
          [
            79.466992,
            11.1074106
          ],
          [
            79.4676894,
            11.1071843
          ],
          [
            79.4682902,
            11.1072106
          ],
          [
            79.4687998,
            11.1075212
          ],
          [
            79.4691378,
            11.107937
          ],
          [
            79.4695455,
            11.1086371
          ],
          [
            79.4697708,
            11.1088845
          ],
          [
            79.4703823,
            11.1090635
          ],
          [
            79.4708919,
            11.1091214
          ],
          [
            79.4716469,
            11.1094881
          ],
          [
            79.4721928,
            11.1098426
          ],
          [
            79.4726863,
            11.1102663
          ],
          [
            79.4730082,
            11.110669
          ],
          [
            79.4734052,
            11.1109769
          ],
          [
            79.4740409,
            11.1110743
          ],
          [
            79.4743252,
            11.1112559
          ],
          [
            79.4746283,
            11.1118007
          ],
          [
            79.4749153,
            11.1122008
          ],
          [
            79.475095,
            11.1124403
          ],
          [
            79.4753337,
            11.1125219
          ],
          [
            79.4756314,
            11.1125824
          ],
          [
            79.475956,
            11.1125772
          ],
          [
            79.4761652,
            11.1124811
          ],
          [
            79.4763771,
            11.1119955
          ],
          [
            79.476601,
            11.1118245
          ],
          [
            79.4768411,
            11.1118113
          ],
          [
            79.4773802,
            11.1118402
          ],
          [
            79.4776672,
            11.1117744
          ],
          [
            79.4779666,
            11.111423
          ],
          [
            79.4782635,
            11.1112105
          ],
          [
            79.4786355,
            11.1111428
          ],
          [
            79.4793329,
            11.111048
          ],
          [
            79.4800088,
            11.1108427
          ],
          [
            79.4810736,
            11.1106795
          ],
          [
            79.4816369,
            11.1104795
          ],
          [
            79.4823146,
            11.1100018
          ],
          [
            79.4825893,
            11.1099514
          ],
          [
            79.4828922,
            11.1099426
          ],
          [
            79.4834232,
            11.1100373
          ],
          [
            79.4840616,
            11.11019
          ],
          [
            79.4846892,
            11.1101952
          ],
          [
            79.4856018,
            11.1101047
          ],
          [
            79.4864649,
            11.110211
          ],
          [
            79.4869477,
            11.1102426
          ],
          [
            79.4873266,
            11.1102062
          ],
          [
            79.48788,
            11.110005
          ],
          [
            79.4883137,
            11.1097116
          ],
          [
            79.4885117,
            11.1096641
          ],
          [
            79.4886871,
            11.1096578
          ],
          [
            79.4889409,
            11.1097422
          ]
        ]
      },
      "properties": {
        "id": 284793357,
        "name": "OSM Drain Segment 57",
        "drain_type": "stream",
        "capacity": "27 m3/s",
        "status": "normal",
        "district": "Mayiladuthurai",
        "data_source_type": "OpenStreetMap Public Data"
      }
    },
    {
      "type": "Feature",
      "id": 330540836,
      "geometry": {
        "type": "LineString",
        "coordinates": [
          [
            79.6264554,
            11.141293
          ],
          [
            79.6264238,
            11.141582
          ],
          [
            79.6262976,
            11.1422685
          ],
          [
            79.6262607,
            11.1430376
          ],
          [
            79.6261975,
            11.1437882
          ],
          [
            79.6262273,
            11.143905
          ],
          [
            79.6261957,
            11.1440838
          ],
          [
            79.6261548,
            11.144405
          ],
          [
            79.6260841,
            11.1447883
          ],
          [
            79.6262515,
            11.1453959
          ],
          [
            79.6263799,
            11.1462366
          ],
          [
            79.6263311,
            11.1466753
          ],
          [
            79.6263758,
            11.147138
          ],
          [
            79.6263555,
            11.1473375
          ],
          [
            79.6262782,
            11.1475369
          ],
          [
            79.6261685,
            11.1477124
          ],
          [
            79.6260872,
            11.147864
          ],
          [
            79.626075,
            11.1480674
          ],
          [
            79.6261156,
            11.1482429
          ],
          [
            79.6261156,
            11.1484264
          ],
          [
            79.6260994,
            11.1486179
          ],
          [
            79.6261603,
            11.1487774
          ],
          [
            79.626266,
            11.148929
          ],
          [
            79.6264287,
            11.1490367
          ],
          [
            79.6265018,
            11.1491723
          ],
          [
            79.6265791,
            11.1493518
          ],
          [
            79.6266888,
            11.1497507
          ],
          [
            79.6267051,
            11.1499342
          ],
          [
            79.626762,
            11.1503769
          ],
          [
            79.626762,
            11.1506601
          ],
          [
            79.6267417,
            11.1509393
          ],
          [
            79.6267539,
            11.1511148
          ],
          [
            79.6267539,
            11.1512744
          ],
          [
            79.6268271,
            11.1514499
          ],
          [
            79.6269287,
            11.1515416
          ],
          [
            79.6269978,
            11.1516812
          ],
          [
            79.6270873,
            11.1518168
          ],
          [
            79.6271686,
            11.1519166
          ],
          [
            79.6272377,
            11.1519963
          ],
          [
            79.6273149,
            11.1521
          ],
          [
            79.62738,
            11.1521958
          ],
          [
            79.6274328,
            11.1522955
          ],
          [
            79.627632,
            11.1526186
          ],
          [
            79.6283557,
            11.1538192
          ],
          [
            79.6283923,
            11.153867
          ],
          [
            79.6285305,
            11.1540106
          ],
          [
            79.6286199,
            11.1541383
          ],
          [
            79.6287419,
            11.1543776
          ],
          [
            79.6287907,
            11.1544853
          ],
          [
            79.6290184,
            11.1550676
          ],
          [
            79.62912,
            11.1553388
          ],
          [
            79.6292298,
            11.1555183
          ],
          [
            79.6294656,
            11.1556619
          ],
          [
            79.6297054,
            11.1557417
          ],
          [
            79.6300429,
            11.1557896
          ],
          [
            79.6301486,
            11.1558813
          ],
          [
            79.6302624,
            11.1560767
          ],
          [
            79.630303,
            11.1564397
          ],
          [
            79.6303193,
            11.1566511
          ],
          [
            79.6303966,
            11.1567149
          ],
          [
            79.6305063,
            11.156695
          ],
          [
            79.6306689,
            11.1566631
          ],
          [
            79.6312015,
            11.1566112
          ],
          [
            79.6315471,
            11.1566032
          ],
          [
            79.6318845,
            11.1567229
          ],
          [
            79.6321447,
            11.1568426
          ],
          [
            79.6322341,
            11.1569383
          ]
        ]
      },
      "properties": {
        "id": 330540836,
        "name": "OSM Drain Segment 36",
        "drain_type": "stream",
        "capacity": "56 m3/s",
        "status": "partially_blocked",
        "district": "Mayiladuthurai",
        "data_source_type": "OpenStreetMap Public Data"
      }
    },
    {
      "type": "Feature",
      "id": 347609205,
      "geometry": {
        "type": "LineString",
        "coordinates": [
          [
            79.6504129,
            11.0987264
          ],
          [
            79.650635,
            11.0987864
          ],
          [
            79.6514933,
            11.0985022
          ],
          [
            79.6514933,
            11.0989549
          ],
          [
            79.6525876,
            11.0997445
          ],
          [
            79.6527861,
            11.0998498
          ],
          [
            79.6535103,
            11.1002867
          ],
          [
            79.6537302,
            11.1003078
          ],
          [
            79.6542881,
            11.1002814
          ],
          [
            79.6549533,
            11.1003499
          ],
          [
            79.6556507,
            11.1002788
          ],
          [
            79.6567719,
            11.1001972
          ]
        ]
      },
      "properties": {
        "id": 347609205,
        "name": "OSM Drain Segment 5",
        "drain_type": "canal",
        "capacity": "25 m3/s",
        "status": "blocked",
        "district": "Mayiladuthurai",
        "data_source_type": "OpenStreetMap Public Data"
      }
    },
    {
      "type": "Feature",
      "id": 348216290,
      "geometry": {
        "type": "LineString",
        "coordinates": [
          [
            79.7988379,
            11.0793226
          ],
          [
            79.799242,
            11.0794117
          ],
          [
            79.7993668,
            11.079387
          ],
          [
            79.7996349,
            11.0793297
          ],
          [
            79.7999816,
            11.079398
          ],
          [
            79.8004247,
            11.0794695
          ],
          [
            79.8007536,
            11.0794154
          ],
          [
            79.8012123,
            11.0794969
          ],
          [
            79.8014051,
            11.0794836
          ],
          [
            79.8015829,
            11.0795704
          ],
          [
            79.801774,
            11.0796078
          ],
          [
            79.8019351,
            11.0795696
          ],
          [
            79.8020476,
            11.0795466
          ],
          [
            79.8027318,
            11.079688
          ],
          [
            79.8031615,
            11.0795985
          ],
          [
            79.8033848,
            11.0796762
          ],
          [
            79.8039492,
            11.0797302
          ],
          [
            79.8041502,
            11.0796934
          ],
          [
            79.8043645,
            11.0797887
          ],
          [
            79.8049079,
            11.0797389
          ],
          [
            79.805078,
            11.0798234
          ]
        ]
      },
      "properties": {
        "id": 348216290,
        "name": "OSM Drain Segment 90",
        "drain_type": "canal",
        "capacity": "60 m3/s",
        "status": "blocked",
        "district": "Mayiladuthurai",
        "data_source_type": "OpenStreetMap Public Data"
      }
    },
    {
      "type": "Feature",
      "id": 348216291,
      "geometry": {
        "type": "LineString",
        "coordinates": [
          [
            79.799242,
            11.0794117
          ],
          [
            79.7992073,
            11.0794725
          ],
          [
            79.7991212,
            11.0796122
          ]
        ]
      },
      "properties": {
        "id": 348216291,
        "name": "OSM Drain Segment 91",
        "drain_type": "canal",
        "capacity": "61 m3/s",
        "status": "partially_blocked",
        "district": "Mayiladuthurai",
        "data_source_type": "OpenStreetMap Public Data"
      }
    },
    {
      "type": "Feature",
      "id": 348216294,
      "geometry": {
        "type": "LineString",
        "coordinates": [
          [
            79.8039492,
            11.0797302
          ],
          [
            79.8039735,
            11.0793573
          ]
        ]
      },
      "properties": {
        "id": 348216294,
        "name": "OSM Drain Segment 94",
        "drain_type": "canal",
        "capacity": "64 m3/s",
        "status": "normal",
        "district": "Mayiladuthurai",
        "data_source_type": "OpenStreetMap Public Data"
      }
    },
    {
      "type": "Feature",
      "id": 348216295,
      "geometry": {
        "type": "LineString",
        "coordinates": [
          [
            79.8039492,
            11.0797302
          ],
          [
            79.8039779,
            11.0798993
          ],
          [
            79.8039382,
            11.0800359
          ]
        ]
      },
      "properties": {
        "id": 348216295,
        "name": "OSM Drain Segment 95",
        "drain_type": "canal",
        "capacity": "65 m3/s",
        "status": "blocked",
        "district": "Mayiladuthurai",
        "data_source_type": "OpenStreetMap Public Data"
      }
    },
    {
      "type": "Feature",
      "id": 348216296,
      "geometry": {
        "type": "LineString",
        "coordinates": [
          [
            79.805078,
            11.0798234
          ],
          [
            79.8080525,
            11.0800758
          ],
          [
            79.8094939,
            11.080381
          ],
          [
            79.8096765,
            11.0802502
          ],
          [
            79.810032,
            11.0803423
          ],
          [
            79.8150379,
            11.0807966
          ],
          [
            79.8150808,
            11.0806646
          ],
          [
            79.8156557,
            11.0807896
          ],
          [
            79.8164525,
            11.080961
          ],
          [
            79.8169996,
            11.0809836
          ],
          [
            79.8187531,
            11.0811843
          ],
          [
            79.8190778,
            11.081258
          ],
          [
            79.8192744,
            11.0816309
          ],
          [
            79.8194998,
            11.0816829
          ],
          [
            79.8197101,
            11.0817479
          ],
          [
            79.8196982,
            11.0820586
          ],
          [
            79.8197887,
            11.082271
          ],
          [
            79.8199632,
            11.0823079
          ],
          [
            79.8200251,
            11.082477
          ],
          [
            79.8201362,
            11.0825313
          ],
          [
            79.8207106,
            11.0830114
          ],
          [
            79.8208217,
            11.0830746
          ],
          [
            79.8208999,
            11.0830993
          ],
          [
            79.8209805,
            11.0831465
          ],
          [
            79.8211875,
            11.0831562
          ],
          [
            79.8217829,
            11.0832364
          ],
          [
            79.8230152,
            11.083372
          ],
          [
            79.8234348,
            11.0834176
          ],
          [
            79.8237628,
            11.0834138
          ],
          [
            79.824012,
            11.083462
          ],
          [
            79.8245556,
            11.0834696
          ],
          [
            79.8248922,
            11.0834998
          ],
          [
            79.8251465,
            11.0835449
          ],
          [
            79.8257473,
            11.0835792
          ],
          [
            79.8270761,
            11.0836889
          ],
          [
            79.8277893,
            11.0838771
          ],
          [
            79.8282208,
            11.0838595
          ],
          [
            79.8290839,
            11.0839712
          ],
          [
            79.8296593,
            11.083883
          ],
          [
            79.829971,
            11.0837771
          ],
          [
            79.8302205,
            11.083775
          ],
          [
            79.83072,
            11.0838575
          ],
          [
            79.8309252,
            11.0838404
          ],
          [
            79.8313125,
            11.0843709
          ],
          [
            79.8316,
            11.0841531
          ]
        ]
      },
      "properties": {
        "id": 348216296,
        "name": "OSM Drain Segment 96",
        "drain_type": "canal",
        "capacity": "66 m3/s",
        "status": "partially_blocked",
        "district": "Mayiladuthurai",
        "data_source_type": "OpenStreetMap Public Data"
      }
    },
    {
      "type": "Feature",
      "id": 348216307,
      "geometry": {
        "type": "LineString",
        "coordinates": [
          [
            79.8002911,
            11.0683302
          ],
          [
            79.800444,
            11.0683855
          ],
          [
            79.8011092,
            11.068554
          ],
          [
            79.8018387,
            11.0688778
          ],
          [
            79.8024235,
            11.0693779
          ],
          [
            79.8028747,
            11.0694065
          ],
          [
            79.8034712,
            11.0694732
          ],
          [
            79.8039527,
            11.0696324
          ],
          [
            79.8040786,
            11.0696736
          ],
          [
            79.8042155,
            11.0696476
          ],
          [
            79.8050157,
            11.06972
          ],
          [
            79.8058268,
            11.0696365
          ],
          [
            79.8063878,
            11.0696016
          ],
          [
            79.8065232,
            11.069724
          ],
          [
            79.8067928,
            11.0697108
          ],
          [
            79.8076742,
            11.0699402
          ],
          [
            79.8084472,
            11.0703635
          ],
          [
            79.8095206,
            11.07031
          ],
          [
            79.8103191,
            11.0705018
          ]
        ]
      },
      "properties": {
        "id": 348216307,
        "name": "OSM Drain Segment 7",
        "drain_type": "canal",
        "capacity": "27 m3/s",
        "status": "normal",
        "district": "Mayiladuthurai",
        "data_source_type": "OpenStreetMap Public Data"
      }
    },
    {
      "type": "Feature",
      "id": 348216311,
      "geometry": {
        "type": "LineString",
        "coordinates": [
          [
            79.8103191,
            11.0705018
          ],
          [
            79.8104298,
            11.070562
          ],
          [
            79.8105074,
            11.0705901
          ],
          [
            79.8107633,
            11.0707416
          ],
          [
            79.8109577,
            11.0708759
          ],
          [
            79.8112836,
            11.0709048
          ],
          [
            79.8117833,
            11.0709728
          ],
          [
            79.8123069,
            11.0710508
          ],
          [
            79.8127907,
            11.0710638
          ],
          [
            79.8129387,
            11.071014
          ],
          [
            79.8136132,
            11.0710377
          ],
          [
            79.8141823,
            11.0711092
          ],
          [
            79.815219,
            11.0711434
          ],
          [
            79.8159882,
            11.0710889
          ],
          [
            79.8164977,
            11.0708961
          ],
          [
            79.816887,
            11.0708033
          ],
          [
            79.8172036,
            11.0707818
          ],
          [
            79.8176548,
            11.0709247
          ],
          [
            79.8180514,
            11.0711568
          ],
          [
            79.8183052,
            11.0711331
          ],
          [
            79.8191233,
            11.070933
          ],
          [
            79.8194398,
            11.0707962
          ],
          [
            79.8198502,
            11.0708067
          ],
          [
            79.8203196,
            11.0707356
          ],
          [
            79.8207139,
            11.0707356
          ],
          [
            79.8210527,
            11.0705789
          ],
          [
            79.8211525,
            11.0705741
          ],
          [
            79.8214271,
            11.0705025
          ],
          [
            79.8215949,
            11.0705153
          ],
          [
            79.8219314,
            11.0704397
          ],
          [
            79.8223042,
            11.0703555
          ],
          [
            79.8227549,
            11.0702002
          ],
          [
            79.8231062,
            11.0701528
          ],
          [
            79.8235247,
            11.0701344
          ],
          [
            79.8237285,
            11.0701633
          ],
          [
            79.8241469,
            11.0700528
          ],
          [
            79.8245493,
            11.0699659
          ],
          [
            79.8255524,
            11.0697816
          ],
          [
            79.8265046,
            11.0695763
          ]
        ]
      },
      "properties": {
        "id": 348216311,
        "name": "OSM Drain Segment 11",
        "drain_type": "canal",
        "capacity": "31 m3/s",
        "status": "partially_blocked",
        "district": "Mayiladuthurai",
        "data_source_type": "OpenStreetMap Public Data"
      }
    },
    {
      "type": "Feature",
      "id": 348244233,
      "geometry": {
        "type": "LineString",
        "coordinates": [
          [
            79.8150379,
            11.0807966
          ],
          [
            79.814955,
            11.0810687
          ],
          [
            79.8150086,
            11.0812635
          ],
          [
            79.8151075,
            11.0818492
          ],
          [
            79.8148738,
            11.0824197
          ],
          [
            79.8148018,
            11.0830314
          ],
          [
            79.8144798,
            11.0862486
          ]
        ]
      },
      "properties": {
        "id": 348244233,
        "name": "OSM Drain Segment 33",
        "drain_type": "canal",
        "capacity": "53 m3/s",
        "status": "normal",
        "district": "Mayiladuthurai",
        "data_source_type": "OpenStreetMap Public Data"
      }
    },
    {
      "type": "Feature",
      "id": 348244234,
      "geometry": {
        "type": "LineString",
        "coordinates": [
          [
            79.8148018,
            11.0830314
          ],
          [
            79.815617,
            11.0829902
          ],
          [
            79.8160245,
            11.0831138
          ],
          [
            79.81651,
            11.082755
          ],
          [
            79.8170075,
            11.0827197
          ],
          [
            79.8200043,
            11.0830667
          ],
          [
            79.8202426,
            11.0830363
          ],
          [
            79.8207106,
            11.0830114
          ]
        ]
      },
      "properties": {
        "id": 348244234,
        "name": "OSM Drain Segment 34",
        "drain_type": "canal",
        "capacity": "54 m3/s",
        "status": "normal",
        "district": "Mayiladuthurai",
        "data_source_type": "OpenStreetMap Public Data"
      }
    },
    {
      "type": "Feature",
      "id": 348245485,
      "geometry": {
        "type": "LineString",
        "coordinates": [
          [
            79.8189995,
            11.0866408
          ],
          [
            79.8196754,
            11.0867015
          ],
          [
            79.8198234,
            11.0867297
          ],
          [
            79.8204331,
            11.0869551
          ],
          [
            79.8206102,
            11.0869315
          ],
          [
            79.8209025,
            11.086817
          ],
          [
            79.8211667,
            11.086792
          ],
          [
            79.8215688,
            11.08694
          ],
          [
            79.8220483,
            11.0869341
          ],
          [
            79.822336,
            11.0867223
          ],
          [
            79.8220903,
            11.0864988
          ],
          [
            79.8220903,
            11.0854107
          ],
          [
            79.821982,
            11.0851542
          ]
        ]
      },
      "properties": {
        "id": 348245485,
        "name": "OSM Drain Segment 85",
        "drain_type": "canal",
        "capacity": "55 m3/s",
        "status": "blocked",
        "district": "Mayiladuthurai",
        "data_source_type": "OpenStreetMap Public Data"
      }
    },
    {
      "type": "Feature",
      "id": 348252942,
      "geometry": {
        "type": "LineString",
        "coordinates": [
          [
            79.7966022,
            11.0864727
          ],
          [
            79.7969034,
            11.0859968
          ],
          [
            79.7974908,
            11.085929
          ],
          [
            79.7982807,
            11.0857933
          ],
          [
            79.7991889,
            11.0859822
          ],
          [
            79.7998751,
            11.0856044
          ],
          [
            79.800033,
            11.0853622
          ],
          [
            79.8004181,
            11.084994
          ],
          [
            79.8007537,
            11.0849165
          ],
          [
            79.8021412,
            11.0850732
          ],
          [
            79.8022519,
            11.0851899
          ],
          [
            79.802449,
            11.0851323
          ],
          [
            79.8029033,
            11.0852122
          ],
          [
            79.8031945,
            11.0851979
          ],
          [
            79.8034013,
            11.0850538
          ],
          [
            79.803713,
            11.0852655
          ],
          [
            79.8144798,
            11.0862486
          ],
          [
            79.8155488,
            11.0863824
          ],
          [
            79.8158153,
            11.0862758
          ],
          [
            79.8159881,
            11.0864357
          ],
          [
            79.816689,
            11.0864696
          ],
          [
            79.817311,
            11.0863582
          ],
          [
            79.8180712,
            11.0865762
          ],
          [
            79.8189995,
            11.0866408
          ]
        ]
      },
      "properties": {
        "id": 348252942,
        "name": "OSM Drain Segment 42",
        "drain_type": "canal",
        "capacity": "62 m3/s",
        "status": "normal",
        "district": "Mayiladuthurai",
        "data_source_type": "OpenStreetMap Public Data"
      }
    },
    {
      "type": "Feature",
      "id": 348276459,
      "geometry": {
        "type": "LineString",
        "coordinates": [
          [
            79.8080805,
            11.0586178
          ],
          [
            79.8095879,
            11.0586468
          ],
          [
            79.8104998,
            11.0586415
          ],
          [
            79.8109773,
            11.0587021
          ],
          [
            79.8119938,
            11.0587679
          ],
          [
            79.812828,
            11.0588442
          ],
          [
            79.8134127,
            11.0590785
          ],
          [
            79.8138043,
            11.0593101
          ],
          [
            79.8141745,
            11.0593996
          ],
          [
            79.8147914,
            11.0594207
          ],
          [
            79.8152205,
            11.059542
          ],
          [
            79.8154701,
            11.0594878
          ],
          [
            79.8156478,
            11.0597092
          ],
          [
            79.8158134,
            11.0596103
          ],
          [
            79.8160703,
            11.0596574
          ],
          [
            79.81638,
            11.059681
          ],
          [
            79.8165864,
            11.0597422
          ],
          [
            79.8169922,
            11.0596668
          ],
          [
            79.8172298,
            11.0597352
          ],
          [
            79.8175179,
            11.0596975
          ],
          [
            79.8178324,
            11.0598082
          ],
          [
            79.8186351,
            11.0596261
          ],
          [
            79.8188564,
            11.059709
          ],
          [
            79.8190884,
            11.0596708
          ],
          [
            79.8192866,
            11.0598089
          ],
          [
            79.819796,
            11.0598143
          ],
          [
            79.8200561,
            11.0598814
          ],
          [
            79.820588,
            11.0598336
          ],
          [
            79.8211302,
            11.0598858
          ],
          [
            79.8219634,
            11.0598572
          ],
          [
            79.8223419,
            11.0600358
          ],
          [
            79.8224911,
            11.0599358
          ],
          [
            79.8225644,
            11.0599513
          ],
          [
            79.8226571,
            11.0599737
          ],
          [
            79.8227444,
            11.0599742
          ],
          [
            79.8228968,
            11.0599594
          ],
          [
            79.8230263,
            11.0599161
          ],
          [
            79.823218,
            11.0598399
          ],
          [
            79.8233999,
            11.0598013
          ],
          [
            79.8235741,
            11.0598627
          ],
          [
            79.8236978,
            11.0599413
          ],
          [
            79.8237929,
            11.0599875
          ],
          [
            79.8239026,
            11.0599799
          ],
          [
            79.823971,
            11.0599808
          ],
          [
            79.8241083,
            11.0600318
          ],
          [
            79.8242131,
            11.0600203
          ],
          [
            79.8243184,
            11.0599637
          ],
          [
            79.8244237,
            11.0599118
          ],
          [
            79.8245421,
            11.0599318
          ],
          [
            79.8246425,
            11.0599813
          ],
          [
            79.8247483,
            11.059988
          ],
          [
            79.8248531,
            11.059967
          ],
          [
            79.8249904,
            11.0599318
          ],
          [
            79.8251301,
            11.0599384
          ],
          [
            79.8251986,
            11.0599527
          ],
          [
            79.8253291,
            11.0598942
          ],
          [
            79.8254654,
            11.0599123
          ],
          [
            79.8256076,
            11.0599013
          ],
          [
            79.8257463,
            11.0598837
          ],
          [
            79.8258851,
            11.0599761
          ],
          [
            79.825953,
            11.0599661
          ],
          [
            79.8261311,
            11.0598689
          ],
          [
            79.8262204,
            11.0598265
          ],
          [
            79.8263024,
            11.0597918
          ],
          [
            79.826412,
            11.0597946
          ],
          [
            79.8265256,
            11.0598127
          ],
          [
            79.8266197,
            11.0597908
          ],
          [
            79.8266668,
            11.059748
          ],
          [
            79.8267376,
            11.0596975
          ],
          [
            79.8267905,
            11.0596708
          ],
          [
            79.8268366,
            11.0596689
          ],
          [
            79.8269695,
            11.0597089
          ],
          [
            79.827167,
            11.059728
          ],
          [
            79.8273427,
            11.0597937
          ],
          [
            79.8275251,
            11.0598151
          ],
          [
            79.827839,
            11.0598442
          ],
          [
            79.8281982,
            11.0597764
          ],
          [
            79.8283368,
            11.0597077
          ],
          [
            79.8284233,
            11.0596
          ],
          [
            79.8285839,
            11.0595501
          ],
          [
            79.8287856,
            11.0595501
          ],
          [
            79.8289997,
            11.0594962
          ],
          [
            79.8291081,
            11.0596404
          ],
          [
            79.8292577,
            11.0596794
          ],
          [
            79.8293894,
            11.0596538
          ],
          [
            79.829443,
            11.0595043
          ],
          [
            79.8295665,
            11.0595218
          ],
          [
            79.8296982,
            11.0595622
          ],
          [
            79.8298108,
            11.0594976
          ],
          [
            79.8299974,
            11.0594424
          ],
          [
            79.8301689,
            11.0594558
          ],
          [
            79.8303034,
            11.0595313
          ],
          [
            79.830512,
            11.0594868
          ],
          [
            79.8308208,
            11.059472
          ],
          [
            79.83105,
            11.059538
          ],
          [
            79.8312998,
            11.0595649
          ],
          [
            79.8314837,
            11.0596228
          ],
          [
            79.831684,
            11.059573
          ],
          [
            79.831813,
            11.0594208
          ],
          [
            79.8319571,
            11.0594141
          ],
          [
            79.8321273,
            11.0593683
          ],
          [
            79.8322261,
            11.0593063
          ],
          [
            79.8324018,
            11.0592996
          ],
          [
            79.8325761,
            11.0592228
          ],
          [
            79.8326749,
            11.0591851
          ],
          [
            79.8328464,
            11.0592147
          ],
          [
            79.8329617,
            11.0591892
          ],
          [
            79.8330646,
            11.0591151
          ],
          [
            79.833243,
            11.059142
          ],
          [
            79.8333954,
            11.0590787
          ],
          [
            79.8334804,
            11.0590437
          ],
          [
            79.8336849,
            11.0591178
          ],
          [
            79.8338633,
            11.059138
          ],
          [
            79.8341268,
            11.0590639
          ],
          [
            79.8342366,
            11.0590073
          ],
          [
            79.8342558,
            11.0588807
          ],
          [
            79.8343327,
            11.0587622
          ],
          [
            79.8344191,
            11.058742
          ],
          [
            79.8346113,
            11.0588066
          ],
          [
            79.8347293,
            11.0588053
          ],
          [
            79.8348418,
            11.0587622
          ],
          [
            79.8350065,
            11.0586962
          ],
          [
            79.8351808,
            11.0586975
          ],
          [
            79.8353894,
            11.0586396
          ],
          [
            79.8355788,
            11.0585602
          ],
          [
            79.8360962,
            11.0584376
          ],
          [
            79.8364777,
            11.0583649
          ],
          [
            79.8369635,
            11.0582679
          ],
          [
            79.8374068,
            11.0582383
          ],
          [
            79.8377238,
            11.0582867
          ],
          [
            79.8379269,
            11.0583177
          ],
          [
            79.8381863,
            11.0582733
          ],
          [
            79.8385829,
            11.0582261
          ],
          [
            79.838856,
            11.0582342
          ],
          [
            79.83928,
            11.058276
          ],
          [
            79.8395984,
            11.0583123
          ],
          [
            79.839958,
            11.0583905
          ],
          [
            79.8402105,
            11.0584026
          ],
          [
            79.8405742,
            11.0583501
          ],
          [
            79.8407251,
            11.0582558
          ],
          [
            79.8409104,
            11.0580551
          ],
          [
            79.841307,
            11.0579837
          ],
          [
            79.8415887,
            11.0579415
          ],
          [
            79.8417673,
            11.0577853
          ],
          [
            79.8420273,
            11.0576863
          ],
          [
            79.8424349,
            11.0576025
          ],
          [
            79.8429434,
            11.057671
          ],
          [
            79.8431375,
            11.057793
          ],
          [
            79.8433277,
            11.0579377
          ],
          [
            79.8435994,
            11.0579758
          ],
          [
            79.8439604,
            11.0580863
          ],
          [
            79.8444184,
            11.0582425
          ],
          [
            79.844923,
            11.0582311
          ],
          [
            79.8454005,
            11.0583682
          ],
          [
            79.8457188,
            11.0585472
          ],
          [
            79.8460487,
            11.058692
          ],
          [
            79.846367,
            11.058913
          ],
          [
            79.8467124,
            11.059233
          ],
          [
            79.8469492,
            11.0596177
          ],
          [
            79.8470501,
            11.0603377
          ],
          [
            79.8470579,
            11.0607872
          ],
          [
            79.8472171,
            11.0613701
          ],
          [
            79.8473878,
            11.0618653
          ],
          [
            79.8477255,
            11.062292
          ],
          [
            79.8482729,
            11.0628558
          ],
          [
            79.8487037,
            11.0634767
          ],
          [
            79.8490065,
            11.063911
          ],
          [
            79.8490919,
            11.0640748
          ],
          [
            79.8490841,
            11.0641815
          ],
          [
            79.8490142,
            11.0642501
          ],
          [
            79.8488939,
            11.0643605
          ],
          [
            79.8488396,
            11.0644939
          ],
          [
            79.8489599,
            11.0646539
          ],
          [
            79.849251,
            11.0651567
          ],
          [
            79.84948,
            11.0654196
          ],
          [
            79.8497091,
            11.0655758
          ],
          [
            79.8497828,
            11.0657434
          ],
          [
            79.8498022,
            11.0659224
          ],
          [
            79.8497595,
            11.0661891
          ],
          [
            79.8498061,
            11.0664672
          ],
          [
            79.8498876,
            11.0668291
          ],
          [
            79.8500468,
            11.0670729
          ],
          [
            79.8501399,
            11.0671529
          ],
          [
            79.8502758,
            11.0671186
          ],
          [
            79.8504698,
            11.0670043
          ],
          [
            79.8506329,
            11.0669624
          ],
          [
            79.8507454,
            11.0670005
          ],
          [
            79.8509124,
            11.06713
          ],
          [
            79.8512306,
            11.0676062
          ],
          [
            79.851778,
            11.0683185
          ],
          [
            79.8520031,
            11.0689471
          ],
          [
            79.8521622,
            11.0696785
          ],
          [
            79.8522243,
            11.0702156
          ],
          [
            79.8525892,
            11.0711184
          ],
          [
            79.8527794,
            11.0714727
          ],
          [
            79.8531055,
            11.0717813
          ],
          [
            79.8532918,
            11.0719413
          ],
          [
            79.8533694,
            11.0721622
          ],
          [
            79.8534393,
            11.0726993
          ],
          [
            79.8534446,
            11.0729118
          ],
          [
            79.8534548,
            11.0733165
          ],
          [
            79.8534315,
            11.0740669
          ],
          [
            79.853482,
            11.0746192
          ],
          [
            79.8536761,
            11.0754497
          ],
          [
            79.8536334,
            11.0763906
          ],
          [
            79.853513,
            11.0770153
          ],
          [
            79.8534869,
            11.0777141
          ],
          [
            79.8535751,
            11.0787752
          ],
          [
            79.8536567,
            11.0797085
          ],
          [
            79.8538818,
            11.0811484
          ],
          [
            79.8541069,
            11.082314
          ],
          [
            79.8543942,
            11.0833996
          ],
          [
            79.8546154,
            11.0845119
          ],
          [
            79.8548522,
            11.0850071
          ],
          [
            79.855283,
            11.0853156
          ],
          [
            79.8557644,
            11.0858718
          ],
          [
            79.8560322,
            11.0865727
          ],
          [
            79.8562069,
            11.087106
          ],
          [
            79.8562432,
            11.0877483
          ],
          [
            79.856272,
            11.0882197
          ],
          [
            79.8563276,
            11.0887316
          ]
        ]
      },
      "properties": {
        "id": 348276459,
        "name": "OSM Drain Segment 59",
        "drain_type": "canal",
        "capacity": "29 m3/s",
        "status": "normal",
        "district": "Mayiladuthurai",
        "data_source_type": "OpenStreetMap Public Data"
      }
    },
    {
      "type": "Feature",
      "id": 348313888,
      "geometry": {
        "type": "LineString",
        "coordinates": [
          [
            79.7948564,
            11.1232228
          ],
          [
            79.7958147,
            11.123227
          ],
          [
            79.8103562,
            11.1236444
          ],
          [
            79.8105907,
            11.1236444
          ],
          [
            79.8110199,
            11.1236024
          ],
          [
            79.8129554,
            11.1235187
          ],
          [
            79.8133899,
            11.1237214
          ],
          [
            79.8142181,
            11.1238048
          ],
          [
            79.8146995,
            11.1236033
          ],
          [
            79.8187129,
            11.12377
          ],
          [
            79.8193641,
            11.1236242
          ],
          [
            79.8215584,
            11.1239506
          ],
          [
            79.8221318,
            11.12377
          ],
          [
            79.8225565,
            11.1238395
          ],
          [
            79.8276146,
            11.1240532
          ],
          [
            79.8333127,
            11.1240949
          ],
          [
            79.8364626,
            11.1242407
          ],
          [
            79.8369864,
            11.1241296
          ],
          [
            79.8370855,
            11.1237476
          ],
          [
            79.8371846,
            11.1217612
          ],
          [
            79.837581,
            11.1211084
          ],
          [
            79.8375456,
            11.1199485
          ],
          [
            79.8377013,
            11.1195734
          ],
          [
            79.8385011,
            11.1196081
          ],
          [
            79.839662,
            11.1191845
          ],
          [
            79.8405185,
            11.1193789
          ],
          [
            79.8412192,
            11.1190942
          ],
          [
            79.8411446,
            11.1180486
          ],
          [
            79.8411414,
            11.1180037
          ],
          [
            79.8428614,
            11.1182051
          ],
          [
            79.8458366,
            11.1175789
          ],
          [
            79.8493101,
            11.1169877
          ],
          [
            79.8528823,
            11.1135391
          ],
          [
            79.8547129,
            11.1121451
          ],
          [
            79.8556575,
            11.111606
          ],
          [
            79.8564059,
            11.1111901
          ],
          [
            79.8568176,
            11.110998
          ],
          [
            79.8569718,
            11.1108848
          ],
          [
            79.8570161,
            11.1107887
          ],
          [
            79.8570402,
            11.1106861
          ],
          [
            79.8571059,
            11.1105953
          ],
          [
            79.8572145,
            11.1105611
          ],
          [
            79.8573138,
            11.1105716
          ],
          [
            79.8574506,
            11.110594
          ],
          [
            79.857582,
            11.1106164
          ]
        ]
      },
      "properties": {
        "id": 348313888,
        "name": "OSM Drain Segment 88",
        "drain_type": "canal",
        "capacity": "58 m3/s",
        "status": "normal",
        "district": "Mayiladuthurai",
        "data_source_type": "OpenStreetMap Public Data"
      }
    },
    {
      "type": "Feature",
      "id": 374648979,
      "geometry": {
        "type": "LineString",
        "coordinates": [
          [
            79.7673414,
            11.1315487
          ],
          [
            79.7676354,
            11.1315468
          ],
          [
            79.7682335,
            11.1315599
          ],
          [
            79.7686467,
            11.1315731
          ],
          [
            79.7694996,
            11.131602
          ],
          [
            79.7697061,
            11.1315921
          ],
          [
            79.769969,
            11.1316184
          ],
          [
            79.7705725,
            11.1316547
          ],
          [
            79.7709265,
            11.1316474
          ],
          [
            79.771227,
            11.1316763
          ],
          [
            79.7714334,
            11.1316651
          ],
          [
            79.7718921,
            11.1316836
          ],
          [
            79.7725949,
            11.1317132
          ],
          [
            79.7735229,
            11.1317415
          ],
          [
            79.7739762,
            11.1317783
          ],
          [
            79.7742524,
            11.1317836
          ],
          [
            79.7745556,
            11.1317737
          ],
          [
            79.7749338,
            11.1317652
          ],
          [
            79.7751939,
            11.1317941
          ],
          [
            79.7754755,
            11.1318073
          ],
          [
            79.7759476,
            11.131831
          ],
          [
            79.7763231,
            11.131831
          ],
          [
            79.7765833,
            11.1318284
          ],
          [
            79.777042,
            11.131831
          ],
          [
            79.7772043,
            11.1318243
          ],
          [
            79.7772994,
            11.1318205
          ],
          [
            79.7778198,
            11.1318652
          ],
          [
            79.7781953,
            11.1318783
          ],
          [
            79.7785145,
            11.1319099
          ],
          [
            79.7787827,
            11.1319152
          ],
          [
            79.7788202,
            11.1319152
          ],
          [
            79.7792333,
            11.1319415
          ],
          [
            79.7796196,
            11.1319869
          ],
          [
            79.7797403,
            11.1319915
          ],
          [
            79.7799173,
            11.13196
          ],
          [
            79.7800245,
            11.1319494
          ],
          [
            79.7803062,
            11.1319521
          ],
          [
            79.7806737,
            11.1319494
          ],
          [
            79.7811136,
            11.1319942
          ],
          [
            79.7814408,
            11.1319494
          ],
          [
            79.7817332,
            11.1319915
          ],
          [
            79.7825834,
            11.1319941
          ],
          [
            79.7827121,
            11.1320047
          ]
        ]
      },
      "properties": {
        "id": 374648979,
        "name": "OSM Drain Segment 79",
        "drain_type": "stream",
        "capacity": "49 m3/s",
        "status": "normal",
        "district": "Mayiladuthurai",
        "data_source_type": "OpenStreetMap Public Data"
      }
    },
    {
      "type": "Feature",
      "id": 374648982,
      "geometry": {
        "type": "LineString",
        "coordinates": [
          [
            79.7553966,
            11.1785093
          ],
          [
            79.7548271,
            11.1802947
          ],
          [
            79.7551274,
            11.1811756
          ],
          [
            79.7557544,
            11.181819
          ],
          [
            79.7551566,
            11.1829361
          ],
          [
            79.7547408,
            11.183227
          ],
          [
            79.7553813,
            11.1877598
          ],
          [
            79.7557593,
            11.1879259
          ],
          [
            79.7561373,
            11.1881654
          ],
          [
            79.756413,
            11.1885362
          ],
          [
            79.7566256,
            11.18888
          ],
          [
            79.7567555,
            11.1894362
          ],
          [
            79.756728,
            11.1898804
          ],
          [
            79.7568146,
            11.1901392
          ],
          [
            79.7570941,
            11.1904019
          ],
          [
            79.7577556,
            11.1905873
          ],
          [
            79.7581927,
            11.1907109
          ],
          [
            79.7586022,
            11.1907958
          ],
          [
            79.7593661,
            11.1907379
          ],
          [
            79.7599409,
            11.1907186
          ],
          [
            79.7602599,
            11.1907611
          ],
          [
            79.7605237,
            11.1909388
          ],
          [
            79.7605906,
            11.1914061
          ],
          [
            79.7604843,
            11.1918542
          ],
          [
            79.7603465,
            11.1921825
          ],
          [
            79.7602087,
            11.1923757
          ],
          [
            79.7598779,
            11.1928778
          ],
          [
            79.7598504,
            11.1934494
          ],
          [
            79.7598425,
            11.194164
          ],
          [
            79.7596535,
            11.1946893
          ],
          [
            79.7592834,
            11.1950949
          ],
          [
            79.7587282,
            11.1952764
          ],
          [
            79.7581179,
            11.1955236
          ],
          [
            79.7575194,
            11.1960296
          ],
          [
            79.757291,
            11.1965125
          ],
          [
            79.7570923,
            11.1970171
          ],
          [
            79.7570233,
            11.1971923
          ],
          [
            79.7571256,
            11.1978489
          ],
          [
            79.7574249,
            11.1981579
          ],
          [
            79.7576769,
            11.1983858
          ],
          [
            79.7583659,
            11.19866
          ],
          [
            79.7587321,
            11.1987295
          ],
          [
            79.7591456,
            11.1986909
          ],
          [
            79.7594645,
            11.1986175
          ],
          [
            79.7598543,
            11.1985828
          ],
          [
            79.7603071,
            11.1986755
          ],
          [
            79.7605709,
            11.1989111
          ],
          [
            79.7608938,
            11.1992201
          ],
          [
            79.7611182,
            11.1995059
          ],
          [
            79.7613624,
            11.1998574
          ],
          [
            79.7615238,
            11.2001432
          ],
          [
            79.7615868,
            11.200487
          ],
          [
            79.7616144,
            11.2009119
          ],
          [
            79.7617404,
            11.2012981
          ],
          [
            79.7618939,
            11.2016071
          ],
          [
            79.7620435,
            11.2019856
          ],
          [
            79.7623152,
            11.2022599
          ],
          [
            79.7625397,
            11.2024491
          ],
          [
            79.7632327,
            11.2026924
          ],
          [
            79.7636697,
            11.2029126
          ],
          [
            79.7642052,
            11.2031791
          ],
          [
            79.7646305,
            11.2033375
          ],
          [
            79.7649691,
            11.2034765
          ],
          [
            79.7652644,
            11.2037314
          ],
          [
            79.765351,
            11.2040675
          ],
          [
            79.7652447,
            11.2044537
          ],
          [
            79.7650597,
            11.2047202
          ],
          [
            79.7647643,
            11.205006
          ],
          [
            79.7644848,
            11.2053073
          ],
          [
            79.7641973,
            11.2055236
          ],
          [
            79.7642525,
            11.205991
          ],
          [
            79.764469,
            11.2064197
          ],
          [
            79.7650282,
            11.2070299
          ],
          [
            79.7655125,
            11.2074355
          ],
          [
            79.7662015,
            11.2078604
          ],
          [
            79.7665362,
            11.2082041
          ],
          [
            79.7667291,
            11.2083663
          ],
          [
            79.7671071,
            11.20832
          ],
          [
            79.7680049,
            11.2082852
          ],
          [
            79.7684341,
            11.2080264
          ],
          [
            79.7688633,
            11.2080264
          ],
          [
            79.7693436,
            11.2082543
          ],
          [
            79.7698555,
            11.2084127
          ],
          [
            79.7703516,
            11.2085208
          ],
          [
            79.7707769,
            11.2089805
          ],
          [
            79.771458,
            11.2098229
          ],
          [
            79.7720705,
            11.2101725
          ],
          [
            79.773251,
            11.2104456
          ],
          [
            79.7756121,
            11.2104893
          ],
          [
            79.7776501,
            11.2106204
          ],
          [
            79.7791313,
            11.2107187
          ],
          [
            79.7806459,
            11.2107296
          ],
          [
            79.7814852,
            11.2106479
          ],
          [
            79.7819808,
            11.2106944
          ],
          [
            79.7823065,
            11.2107107
          ],
          [
            79.7828996,
            11.2106589
          ],
          [
            79.7834286,
            11.2106889
          ],
          [
            79.7841358,
            11.2107053
          ],
          [
            79.784765,
            11.2107845
          ],
          [
            79.7853107,
            11.2106834
          ],
          [
            79.7857701,
            11.2106643
          ],
          [
            79.786185,
            11.2107053
          ],
          [
            79.7866332,
            11.2107708
          ],
          [
            79.7867919,
            11.2109511
          ],
          [
            79.7870369,
            11.2112105
          ],
          [
            79.7875381,
            11.2113853
          ],
          [
            79.7880003,
            11.2115956
          ],
          [
            79.7882425,
            11.2117513
          ],
          [
            79.788301,
            11.2119261
          ],
          [
            79.788429,
            11.2121746
          ],
          [
            79.7887798,
            11.2124013
          ],
          [
            79.7891836,
            11.2126553
          ],
          [
            79.7895344,
            11.2129857
          ],
          [
            79.7899047,
            11.2133353
          ],
          [
            79.7904253,
            11.2138651
          ],
          [
            79.7909571,
            11.2144796
          ],
          [
            79.7912996,
            11.2148647
          ],
          [
            79.7916197,
            11.2150777
          ],
          [
            79.7918843,
            11.2152389
          ],
          [
            79.7919622,
            11.2153017
          ],
          [
            79.7920207,
            11.2154819
          ],
          [
            79.7921376,
            11.2156239
          ],
          [
            79.7925274,
            11.215684
          ],
          [
            79.7930703,
            11.2157578
          ],
          [
            79.7934629,
            11.2158615
          ]
        ]
      },
      "properties": {
        "id": 374648982,
        "name": "irrigation",
        "drain_type": "canal",
        "capacity": "52 m3/s",
        "status": "normal",
        "district": "Mayiladuthurai",
        "data_source_type": "OpenStreetMap Public Data"
      }
    },
    {
      "type": "Feature",
      "id": 374648991,
      "geometry": {
        "type": "LineString",
        "coordinates": [
          [
            79.7651571,
            11.1605189
          ],
          [
            79.7654803,
            11.1607922
          ],
          [
            79.7656418,
            11.1608733
          ],
          [
            79.765815,
            11.1609429
          ],
          [
            79.7661851,
            11.1608888
          ],
          [
            79.7665356,
            11.1608308
          ],
          [
            79.7669451,
            11.1608386
          ],
          [
            79.7676381,
            11.160854
          ],
          [
            79.7684846,
            11.1609004
          ],
          [
            79.7691382,
            11.1608927
          ],
          [
            79.769532,
            11.1610549
          ],
          [
            79.7699021,
            11.1613176
          ],
          [
            79.7704849,
            11.1615803
          ],
          [
            79.7709928,
            11.1616498
          ],
          [
            79.7712724,
            11.1617078
          ],
          [
            79.771485,
            11.1618121
          ],
          [
            79.7717527,
            11.1619704
          ],
          [
            79.7720205,
            11.1621559
          ],
          [
            79.7721228,
            11.162322
          ],
          [
            79.7723355,
            11.1623722
          ],
          [
            79.7725442,
            11.1624379
          ],
          [
            79.7726977,
            11.1625422
          ],
          [
            79.7727725,
            11.1625653
          ],
          [
            79.7728985,
            11.1625228
          ],
          [
            79.7729418,
            11.1623297
          ],
          [
            79.7729379,
            11.1621404
          ],
          [
            79.7730127,
            11.1619279
          ],
          [
            79.7732332,
            11.1618352
          ],
          [
            79.7734458,
            11.1617734
          ],
          [
            79.773816,
            11.1618198
          ],
          [
            79.7740916,
            11.1617927
          ],
          [
            79.7743436,
            11.1618082
          ],
          [
            79.7747373,
            11.1619202
          ],
          [
            79.7750602,
            11.161982
          ],
          [
            79.7754106,
            11.1620207
          ],
          [
            79.7758556,
            11.1620979
          ],
          [
            79.7761784,
            11.1622138
          ],
          [
            79.7764304,
            11.1623258
          ],
          [
            79.7766273,
            11.1625074
          ],
          [
            79.7768793,
            11.1629207
          ],
          [
            79.7771589,
            11.1633418
          ],
          [
            79.7772888,
            11.1635813
          ],
          [
            79.7773124,
            11.1636972
          ],
          [
            79.7774581,
            11.1638672
          ],
          [
            79.7775329,
            11.164041
          ],
          [
            79.7775841,
            11.1641801
          ],
          [
            79.777655,
            11.1643075
          ],
          [
            79.7778558,
            11.1643462
          ],
          [
            79.7779858,
            11.1643539
          ],
          [
            79.7780566,
            11.1644466
          ],
          [
            79.7780369,
            11.1647943
          ],
          [
            79.7780842,
            11.165057
          ],
          [
            79.7780921,
            11.1652037
          ],
          [
            79.7780566,
            11.1653544
          ],
          [
            79.7780212,
            11.1654703
          ],
          [
            79.778033,
            11.1655591
          ],
          [
            79.7780999,
            11.1656132
          ],
          [
            79.7781826,
            11.1656325
          ],
          [
            79.7783086,
            11.1655437
          ],
          [
            79.7784425,
            11.1654123
          ],
          [
            79.7785685,
            11.1653892
          ],
          [
            79.7787299,
            11.1654664
          ],
          [
            79.7788205,
            11.1656094
          ],
          [
            79.7788244,
            11.1657755
          ],
          [
            79.7787378,
            11.1658759
          ],
          [
            79.7786197,
            11.1659647
          ],
          [
            79.7783992,
            11.1660575
          ],
          [
            79.7782732,
            11.1661772
          ],
          [
            79.7782692,
            11.1663472
          ],
          [
            79.7783519,
            11.166633
          ],
          [
            79.778474,
            11.1668262
          ],
          [
            79.7785961,
            11.1669189
          ],
          [
            79.7787496,
            11.1669652
          ],
          [
            79.7789071,
            11.166888
          ],
          [
            79.7790489,
            11.16683
          ],
          [
            79.7792261,
            11.1668609
          ],
          [
            79.7793717,
            11.1669691
          ],
          [
            79.7794151,
            11.1671429
          ],
          [
            79.7793717,
            11.1673979
          ],
          [
            79.7793087,
            11.1676219
          ],
          [
            79.7793284,
            11.1678499
          ],
          [
            79.7793993,
            11.1682052
          ],
          [
            79.7794781,
            11.1685143
          ],
          [
            79.7794899,
            11.1688426
          ],
          [
            79.7794977,
            11.1691864
          ],
          [
            79.779482,
            11.1695418
          ],
          [
            79.7794151,
            11.169874
          ],
          [
            79.7793402,
            11.1700633
          ],
          [
            79.7792418,
            11.1702564
          ],
          [
            79.7791709,
            11.170411
          ],
          [
            79.7792064,
            11.1705539
          ],
          [
            79.7793639,
            11.1706929
          ],
          [
            79.7795489,
            11.1708088
          ],
          [
            79.7797616,
            11.170917
          ],
          [
            79.7800451,
            11.1709711
          ],
          [
            79.7803522,
            11.1711024
          ],
          [
            79.7805412,
            11.1713149
          ],
          [
            79.7806396,
            11.1715698
          ],
          [
            79.7805727,
            11.1718788
          ],
          [
            79.7804112,
            11.1722111
          ],
          [
            79.7802459,
            11.1724158
          ],
          [
            79.7802104,
            11.1726167
          ],
          [
            79.7802183,
            11.1728639
          ],
          [
            79.7802813,
            11.1730686
          ],
          [
            79.7804979,
            11.1732965
          ],
          [
            79.7809034,
            11.1734935
          ]
        ]
      },
      "properties": {
        "id": 374648991,
        "name": "irrigation",
        "drain_type": "canal",
        "capacity": "61 m3/s",
        "status": "partially_blocked",
        "district": "Mayiladuthurai",
        "data_source_type": "OpenStreetMap Public Data"
      }
    },
    {
      "type": "Feature",
      "id": 377172950,
      "geometry": {
        "type": "LineString",
        "coordinates": [
          [
            79.755668,
            11.0656905
          ],
          [
            79.7558376,
            11.0658642
          ],
          [
            79.7560698,
            11.0661138
          ],
          [
            79.7563314,
            11.0662906
          ],
          [
            79.7564878,
            11.0663341
          ],
          [
            79.7566585,
            11.0663571
          ],
          [
            79.7568057,
            11.0663328
          ],
          [
            79.7569321,
            11.0663584
          ],
          [
            79.7571094,
            11.0662868
          ],
          [
            79.7573231,
            11.0661474
          ],
          [
            79.7575004,
            11.06593
          ],
          [
            79.7576229,
            11.065724
          ],
          [
            79.7577193,
            11.0655322
          ],
          [
            79.7577506,
            11.0654478
          ],
          [
            79.7578405,
            11.0653416
          ],
          [
            79.7579812,
            11.0651984
          ],
          [
            79.7580907,
            11.0651063
          ],
          [
            79.7581728,
            11.0650577
          ],
          [
            79.7582966,
            11.0650449
          ],
          [
            79.7584413,
            11.0650027
          ],
          [
            79.7585651,
            11.064963
          ],
          [
            79.7586967,
            11.0649451
          ],
          [
            79.7587866,
            11.0649733
          ],
          [
            79.7588961,
            11.0650449
          ],
          [
            79.7589912,
            11.0651459
          ],
          [
            79.7590903,
            11.0652764
          ],
          [
            79.7592076,
            11.0654107
          ],
          [
            79.7593913,
            11.0655028
          ],
          [
            79.7595868,
            11.0655642
          ],
          [
            79.7597445,
            11.0656141
          ],
          [
            79.7599269,
            11.0657394
          ],
          [
            79.7601302,
            11.065953
          ],
          [
            79.7602697,
            11.0660719
          ],
          [
            79.7604652,
            11.0662344
          ],
          [
            79.7605525,
            11.0662484
          ],
          [
            79.760632,
            11.0662292
          ],
          [
            79.7607102,
            11.0662075
          ],
          [
            79.7607858,
            11.0661922
          ],
          [
            79.7608991,
            11.0662011
          ],
          [
            79.7609982,
            11.0662152
          ],
          [
            79.761079,
            11.066173
          ],
          [
            79.7611937,
            11.0660668
          ],
          [
            79.7612758,
            11.0659466
          ],
          [
            79.7613474,
            11.0658455
          ],
          [
            79.7614009,
            11.0657867
          ],
          [
            79.7614647,
            11.065756
          ],
          [
            79.7616029,
            11.0657049
          ],
          [
            79.7617189,
            11.0656806
          ],
          [
            79.7618518,
            11.0657023
          ],
          [
            79.7620056,
            11.0657688
          ],
          [
            79.7621945,
            11.065843
          ],
          [
            79.7623223,
            11.0658788
          ],
          [
            79.7624096,
            11.0658711
          ],
          [
            79.7624956,
            11.065843
          ],
          [
            79.7626024,
            11.0657752
          ],
          [
            79.7626754,
            11.0656831
          ],
          [
            79.7627289,
            11.0655041
          ],
          [
            79.7627497,
            11.0653877
          ],
          [
            79.7627719,
            11.0652815
          ],
          [
            79.7627875,
            11.0652112
          ],
          [
            79.7628344,
            11.0651626
          ],
          [
            79.7628852,
            11.0651511
          ],
          [
            79.7629947,
            11.0651357
          ],
          [
            79.7631589,
            11.0651101
          ],
          [
            79.7632671,
            11.065114
          ],
          [
            79.7634183,
            11.0651562
          ],
          [
            79.7635968,
            11.0652534
          ],
          [
            79.7637897,
            11.0653199
          ],
          [
            79.7639395,
            11.0653557
          ],
          [
            79.7639708,
            11.0653531
          ],
          [
            79.7640177,
            11.0653148
          ],
          [
            79.7640568,
            11.0652444
          ],
          [
            79.7640998,
            11.065128
          ],
          [
            79.7641468,
            11.0649886
          ],
          [
            79.7641754,
            11.0648889
          ],
          [
            79.7641885,
            11.0647968
          ],
          [
            79.7641741,
            11.0647047
          ],
          [
            79.7641585,
            11.0646446
          ],
          [
            79.7641103,
            11.0645742
          ],
          [
            79.7641181,
            11.0644438
          ],
          [
            79.7641689,
            11.0643056
          ],
          [
            79.7642249,
            11.0641662
          ],
          [
            79.7643018,
            11.0640102
          ],
          [
            79.7644009,
            11.063945
          ],
          [
            79.7645169,
            11.063913
          ],
          [
            79.7646407,
            11.0639207
          ],
          [
            79.7648375,
            11.063936
          ],
          [
            79.7649886,
            11.0639424
          ],
          [
            79.765132,
            11.0639731
          ],
          [
            79.7652753,
            11.0640409
          ],
          [
            79.765334,
            11.0641087
          ],
          [
            79.7654096,
            11.0641765
          ],
          [
            79.7654786,
            11.064243
          ],
          [
            79.765592,
            11.0642647
          ],
          [
            79.7657823,
            11.0642609
          ],
          [
            79.7659348,
            11.0642506
          ],
          [
            79.7660521,
            11.0642302
          ],
          [
            79.7663127,
            11.0641982
          ],
          [
            79.766516,
            11.0641803
          ],
          [
            79.7666708,
            11.0641568
          ],
          [
            79.7667998,
            11.0641224
          ],
          [
            79.7669215,
            11.0641188
          ],
          [
            79.7670413,
            11.0641333
          ],
          [
            79.7671445,
            11.0641676
          ],
          [
            79.7673601,
            11.0641875
          ],
          [
            79.7674891,
            11.0641477
          ],
          [
            79.7676015,
            11.0640953
          ],
          [
            79.7676568,
            11.0640085
          ],
          [
            79.7676568,
            11.0639072
          ],
          [
            79.7676144,
            11.0637769
          ],
          [
            79.7675573,
            11.0636431
          ],
          [
            79.7675131,
            11.0635074
          ],
          [
            79.7675186,
            11.0632832
          ],
          [
            79.7675444,
            11.0631294
          ],
          [
            79.7676108,
            11.0630498
          ],
          [
            79.7677232,
            11.0630191
          ],
          [
            79.7678835,
            11.0630227
          ],
          [
            79.7680107,
            11.0630516
          ],
          [
            79.768101,
            11.0630354
          ],
          [
            79.7681913,
            11.0630028
          ],
          [
            79.7683498,
            11.0628545
          ],
          [
            79.7684973,
            11.0626953
          ],
          [
            79.7685894,
            11.0625813
          ],
          [
            79.7686594,
            11.0625108
          ],
          [
            79.7687055,
            11.0624927
          ],
          [
            79.76877,
            11.0624837
          ],
          [
            79.7688364,
            11.0624837
          ],
          [
            79.7689506,
            11.0624638
          ],
          [
            79.7690317,
            11.0624493
          ],
          [
            79.7691773,
            11.062377
          ],
          [
            79.7693653,
            11.0622323
          ],
          [
            79.7695128,
            11.0620405
          ],
          [
            79.7695902,
            11.0618397
          ],
          [
            79.7696399,
            11.0617023
          ],
          [
            79.7697155,
            11.0615901
          ],
          [
            79.7699219,
            11.0614328
          ],
          [
            79.7700823,
            11.0613387
          ],
          [
            79.7702592,
            11.0612573
          ],
          [
            79.7703882,
            11.061194
          ],
          [
            79.7705854,
            11.0612009
          ],
          [
            79.7708109,
            11.0613024
          ],
          [
            79.7709356,
            11.0612946
          ],
          [
            79.7710046,
            11.0612321
          ],
          [
            79.7712487,
            11.0610472
          ],
          [
            79.7714026,
            11.0609301
          ],
          [
            79.7716599,
            11.0608181
          ],
          [
            79.7720207,
            11.0607738
          ],
          [
            79.7723312,
            11.0607192
          ],
          [
            79.7726363,
            11.0606463
          ],
          [
            79.7728193,
            11.0605421
          ],
          [
            79.7728697,
            11.0603234
          ],
          [
            79.7727902,
            11.0601307
          ],
          [
            79.7727344,
            11.059938
          ],
          [
            79.7726257,
            11.0594719
          ],
          [
            79.7725726,
            11.059248
          ],
          [
            79.7723948,
            11.0592428
          ],
          [
            79.7722967,
            11.0591464
          ],
          [
            79.7722277,
            11.0590657
          ],
          [
            79.7723099,
            11.0588444
          ],
          [
            79.7724797,
            11.0586491
          ],
          [
            79.7726137,
            11.0585305
          ]
        ]
      },
      "properties": {
        "id": 377172950,
        "name": "OSM Drain Segment 50",
        "drain_type": "stream",
        "capacity": "20 m3/s",
        "status": "blocked",
        "district": "Mayiladuthurai",
        "data_source_type": "OpenStreetMap Public Data"
      }
    },
    {
      "type": "Feature",
      "id": 377172951,
      "geometry": {
        "type": "LineString",
        "coordinates": [
          [
            79.7272666,
            11.0787239
          ],
          [
            79.7273203,
            11.0786845
          ],
          [
            79.7274168,
            11.0786371
          ],
          [
            79.7275885,
            11.0786029
          ],
          [
            79.7277789,
            11.0785713
          ],
          [
            79.7280203,
            11.0785502
          ],
          [
            79.7282349,
            11.0785265
          ],
          [
            79.7283958,
            11.0785055
          ],
          [
            79.7285353,
            11.0784923
          ],
          [
            79.7286426,
            11.0784634
          ],
          [
            79.728766,
            11.0784581
          ],
          [
            79.7288357,
            11.0784607
          ],
          [
            79.7289591,
            11.0784528
          ],
          [
            79.7291173,
            11.0784476
          ],
          [
            79.7293453,
            11.0784423
          ],
          [
            79.729635,
            11.0784581
          ],
          [
            79.7297584,
            11.0784344
          ],
          [
            79.7298871,
            11.0784107
          ],
          [
            79.7300454,
            11.0783265
          ],
          [
            79.7302358,
            11.0783396
          ],
          [
            79.7304397,
            11.0783423
          ],
          [
            79.7306221,
            11.0783265
          ],
          [
            79.7307884,
            11.0783002
          ],
          [
            79.7309734,
            11.0782844
          ],
          [
            79.7314187,
            11.0782265
          ],
          [
            79.7316359,
            11.0782265
          ],
          [
            79.7319578,
            11.0781764
          ],
          [
            79.7321616,
            11.078137
          ],
          [
            79.7323387,
            11.0781475
          ],
          [
            79.732505,
            11.0781343
          ],
          [
            79.7330307,
            11.0781238
          ],
          [
            79.7332694,
            11.0781106
          ],
          [
            79.7334759,
            11.0780817
          ],
          [
            79.733712,
            11.078058
          ],
          [
            79.7340043,
            11.0780422
          ],
          [
            79.7343047,
            11.0780132
          ],
          [
            79.7344898,
            11.0780027
          ],
          [
            79.7348063,
            11.0780027
          ],
          [
            79.7350428,
            11.0779546
          ],
          [
            79.7352832,
            11.0779207
          ],
          [
            79.7355102,
            11.0778999
          ],
          [
            79.7356371,
            11.0778867
          ],
          [
            79.7358467,
            11.077864
          ],
          [
            79.7360678,
            11.0778339
          ],
          [
            79.7365217,
            11.0777942
          ],
          [
            79.7367159,
            11.077781
          ],
          [
            79.7369775,
            11.0777527
          ],
          [
            79.7372986,
            11.0777338
          ],
          [
            79.7375852,
            11.0777187
          ],
          [
            79.7378429,
            11.0776866
          ],
          [
            79.7380948,
            11.0777074
          ],
          [
            79.7383255,
            11.0776829
          ],
          [
            79.738639,
            11.0776602
          ],
          [
            79.7388486,
            11.0776187
          ],
          [
            79.7391025,
            11.0776168
          ],
          [
            79.7393852,
            11.0776357
          ],
          [
            79.7395486,
            11.0776357
          ],
          [
            79.7397236,
            11.0776263
          ],
          [
            79.7398602,
            11.0775998
          ],
          [
            79.7400256,
            11.0775791
          ],
          [
            79.7402044,
            11.0775394
          ],
          [
            79.740414,
            11.0775074
          ],
          [
            79.7406659,
            11.0774602
          ],
          [
            79.7408698,
            11.0774111
          ],
          [
            79.7410371,
            11.077396
          ],
          [
            79.7412121,
            11.0774092
          ],
          [
            79.7414063,
            11.0774017
          ],
          [
            79.7416794,
            11.0773734
          ],
          [
            79.7420102,
            11.0773658
          ],
          [
            79.742214,
            11.0773375
          ],
          [
            79.7425313,
            11.07733
          ],
          [
            79.7427467,
            11.0773149
          ],
          [
            79.7428833,
            11.0772884
          ],
          [
            79.7431352,
            11.0772771
          ],
          [
            79.7434256,
            11.0772526
          ],
          [
            79.7437006,
            11.0772375
          ],
          [
            79.7440583,
            11.0772318
          ],
          [
            79.7442198,
            11.0772148
          ],
          [
            79.7443525,
            11.0772073
          ],
          [
            79.7444986,
            11.0772054
          ],
          [
            79.7446813,
            11.0771884
          ],
          [
            79.7448948,
            11.077162
          ],
          [
            79.7450563,
            11.0771337
          ],
          [
            79.7452794,
            11.0771035
          ],
          [
            79.7456392,
            11.077049
          ],
          [
            79.7457875,
            11.0770409
          ],
          [
            79.7459287,
            11.0770375
          ],
          [
            79.746119,
            11.0770215
          ],
          [
            79.7462871,
            11.0770134
          ],
          [
            79.7464167,
            11.0769985
          ],
          [
            79.74653,
            11.0769905
          ],
          [
            79.7466281,
            11.0769928
          ],
          [
            79.7467366,
            11.0769951
          ],
          [
            79.7468335,
            11.0769997
          ],
          [
            79.7469573,
            11.0769825
          ],
          [
            79.7471219,
            11.0769711
          ],
          [
            79.747255,
            11.076963
          ],
          [
            79.7473589,
            11.0769516
          ],
          [
            79.7474348,
            11.0769332
          ],
          [
            79.7475224,
            11.0768908
          ],
          [
            79.7475842,
            11.0768404
          ],
          [
            79.7476239,
            11.0768106
          ],
          [
            79.7476986,
            11.0767889
          ],
          [
            79.7478691,
            11.0767797
          ],
          [
            79.7480431,
            11.0767728
          ],
          [
            79.748182,
            11.0768141
          ],
          [
            79.7483431,
            11.0768805
          ],
          [
            79.7485147,
            11.0768977
          ],
          [
            79.748691,
            11.0768966
          ],
          [
            79.7488089,
            11.0768977
          ],
          [
            79.7489175,
            11.0769653
          ],
          [
            79.7489619,
            11.0770123
          ],
          [
            79.7490494,
            11.0771085
          ],
          [
            79.7491244,
            11.0771642
          ],
          [
            79.7492584,
            11.0771842
          ],
          [
            79.749406,
            11.077182
          ],
          [
            79.7495036,
            11.0771976
          ],
          [
            79.7497126,
            11.0772333
          ],
          [
            79.7498012,
            11.0772845
          ],
          [
            79.7498897,
            11.077309
          ],
          [
            79.7500669,
            11.0773113
          ],
          [
            79.7502635,
            11.0773156
          ],
          [
            79.7505698,
            11.077368
          ],
          [
            79.7506589,
            11.0773881
          ],
          [
            79.7508267,
            11.0774169
          ],
          [
            79.7509905,
            11.0774133
          ],
          [
            79.7511096,
            11.0773634
          ],
          [
            79.7511927,
            11.0773257
          ],
          [
            79.7512818,
            11.0772867
          ],
          [
            79.751405,
            11.0772413
          ],
          [
            79.7515576,
            11.0772342
          ],
          [
            79.7517676,
            11.0772584
          ],
          [
            79.7519207,
            11.077249
          ],
          [
            79.7520641,
            11.0771894
          ],
          [
            79.7522047,
            11.0771218
          ],
          [
            79.7523164,
            11.077046
          ],
          [
            79.7525136,
            11.0769472
          ],
          [
            79.7527025,
            11.0769391
          ],
          [
            79.75297,
            11.0769716
          ],
          [
            79.7531726,
            11.0769878
          ],
          [
            79.753345,
            11.077069
          ],
          [
            79.7534374,
            11.077115
          ],
          [
            79.7536414,
            11.0771204
          ],
          [
            79.7538441,
            11.0771042
          ],
          [
            79.7540482,
            11.0770785
          ],
          [
            79.7542316,
            11.0770622
          ],
          [
            79.7544439,
            11.0770419
          ],
          [
            79.754742,
            11.0770493
          ],
          [
            79.7549032,
            11.0770653
          ],
          [
            79.7550448,
            11.0770781
          ],
          [
            79.7552565,
            11.0770925
          ],
          [
            79.7554633,
            11.0770989
          ],
          [
            79.7556436,
            11.0770874
          ],
          [
            79.7559473,
            11.0770593
          ],
          [
            79.7561402,
            11.0770503
          ],
          [
            79.7563057,
            11.0770874
          ],
          [
            79.7566028,
            11.0770695
          ],
          [
            79.7568726,
            11.0770516
          ],
          [
            79.7572427,
            11.0770836
          ],
          [
            79.7576154,
            11.0770363
          ],
          [
            79.7581758,
            11.0770439
          ],
          [
            79.7586371,
            11.0771028
          ],
          [
            79.7589981,
            11.0770759
          ],
          [
            79.7594959,
            11.0771168
          ],
          [
            79.7600303,
            11.0771232
          ],
          [
            79.7604225,
            11.0771961
          ],
          [
            79.760635,
            11.0773023
          ],
          [
            79.7606822,
            11.0773665
          ],
          [
            79.7607666,
            11.0774813
          ],
          [
            79.7608474,
            11.0775964
          ],
          [
            79.7611211,
            11.0776399
          ],
          [
            79.7613022,
            11.0776911
          ],
          [
            79.7615589,
            11.0778215
          ],
          [
            79.7617023,
            11.0778356
          ],
          [
            79.7619344,
            11.0778159
          ]
        ]
      },
      "properties": {
        "id": 377172951,
        "name": "OSM Drain Segment 51",
        "drain_type": "stream",
        "capacity": "21 m3/s",
        "status": "partially_blocked",
        "district": "Mayiladuthurai",
        "data_source_type": "OpenStreetMap Public Data"
      }
    },
    {
      "type": "Feature",
      "id": 377172952,
      "geometry": {
        "type": "LineString",
        "coordinates": [
          [
            79.7704081,
            11.0734348
          ],
          [
            79.7700127,
            11.0733996
          ],
          [
            79.7698127,
            11.0733996
          ],
          [
            79.769587,
            11.0733743
          ],
          [
            79.7693889,
            11.0733942
          ],
          [
            79.7691972,
            11.0734267
          ],
          [
            79.7689991,
            11.0734439
          ],
          [
            79.7687337,
            11.073443
          ],
          [
            79.7684231,
            11.0734294
          ],
          [
            79.7681651,
            11.0733996
          ],
          [
            79.7679771,
            11.0734095
          ],
          [
            79.7678158,
            11.073386
          ],
          [
            79.7676804,
            11.0733851
          ],
          [
            79.7675025,
            11.0734573
          ],
          [
            79.7673956,
            11.0735161
          ],
          [
            79.767294,
            11.0735417
          ],
          [
            79.7671194,
            11.0735417
          ],
          [
            79.7667727,
            11.0735366
          ],
          [
            79.7663427,
            11.0735161
          ],
          [
            79.7660455,
            11.0734803
          ],
          [
            79.7659517,
            11.0734829
          ],
          [
            79.7658943,
            11.073534
          ],
          [
            79.7659048,
            11.0736875
          ],
          [
            79.7659022,
            11.0739228
          ],
          [
            79.7658891,
            11.0740712
          ],
          [
            79.7658109,
            11.0742426
          ],
          [
            79.765751,
            11.0744575
          ],
          [
            79.7657354,
            11.0746723
          ],
          [
            79.7656598,
            11.0749281
          ],
          [
            79.7655242,
            11.075189
          ],
          [
            79.7654017,
            11.0753604
          ],
          [
            79.7652532,
            11.0755676
          ],
          [
            79.7650212,
            11.0756213
          ],
          [
            79.764552,
            11.0755701
          ],
          [
            79.7641506,
            11.0754908
          ],
          [
            79.7636346,
            11.0753808
          ],
          [
            79.7631837,
            11.0753297
          ],
          [
            79.7629569,
            11.0753195
          ],
          [
            79.7625112,
            11.0752069
          ],
          [
            79.762347,
            11.0751864
          ],
          [
            79.7622088,
            11.0752069
          ],
          [
            79.7621355,
            11.0752497
          ]
        ]
      },
      "properties": {
        "id": 377172952,
        "name": "OSM Drain Segment 52",
        "drain_type": "stream",
        "capacity": "22 m3/s",
        "status": "normal",
        "district": "Mayiladuthurai",
        "data_source_type": "OpenStreetMap Public Data"
      }
    },
    {
      "type": "Feature",
      "id": 377172953,
      "geometry": {
        "type": "LineString",
        "coordinates": [
          [
            79.7675396,
            11.07883
          ],
          [
            79.7675933,
            11.0786947
          ],
          [
            79.7676417,
            11.0785188
          ],
          [
            79.7676891,
            11.078342
          ],
          [
            79.7677053,
            11.0781774
          ],
          [
            79.7677084,
            11.0780628
          ]
        ]
      },
      "properties": {
        "id": 377172953,
        "name": "OSM Drain Segment 53",
        "drain_type": "stream",
        "capacity": "23 m3/s",
        "status": "normal",
        "district": "Mayiladuthurai",
        "data_source_type": "OpenStreetMap Public Data"
      }
    },
    {
      "type": "Feature",
      "id": 377172954,
      "geometry": {
        "type": "LineString",
        "coordinates": [
          [
            79.7556808,
            11.0731649
          ],
          [
            79.7561416,
            11.07306
          ],
          [
            79.7566945,
            11.0728791
          ],
          [
            79.7570299,
            11.0727489
          ],
          [
            79.7573948,
            11.0727236
          ],
          [
            79.7578114,
            11.0727887
          ],
          [
            79.7580915,
            11.0729153
          ],
          [
            79.7584159,
            11.0729225
          ],
          [
            79.7588471,
            11.0728538
          ],
          [
            79.759319,
            11.072738
          ],
          [
            79.7596802,
            11.0726331
          ],
          [
            79.7597871,
            11.0726223
          ],
          [
            79.7600377,
            11.0722858
          ],
          [
            79.7603547,
            11.0719856
          ],
          [
            79.7609224,
            11.0715081
          ],
          [
            79.7615122,
            11.071121
          ],
          [
            79.7622936,
            11.0708172
          ],
          [
            79.7629682,
            11.070611
          ],
          [
            79.76358,
            11.0704229
          ],
          [
            79.7640039,
            11.0702854
          ],
          [
            79.7641846,
            11.0703686
          ],
          [
            79.7642914,
            11.0704771
          ],
          [
            79.7644389,
            11.0705676
          ],
          [
            79.7647448,
            11.0705386
          ],
          [
            79.7648444,
            11.0704518
          ],
          [
            79.7648001,
            11.0702384
          ],
          [
            79.7646306,
            11.0699634
          ],
          [
            79.7645458,
            11.0696379
          ],
          [
            79.7645532,
            11.0694136
          ],
          [
            79.7645605,
            11.069135
          ],
          [
            79.7646379,
            11.0689867
          ],
          [
            79.7647891,
            11.0688891
          ],
          [
            79.7651171,
            11.0689397
          ],
          [
            79.7654452,
            11.0689108
          ],
          [
            79.7657474,
            11.0690555
          ],
          [
            79.7660239,
            11.0693195
          ],
          [
            79.7662266,
            11.069457
          ],
          [
            79.7663814,
            11.0695511
          ],
          [
            79.7666505,
            11.069674
          ],
          [
            79.7667869,
            11.0696704
          ],
          [
            79.7669049,
            11.0695438
          ],
          [
            79.7668569,
            11.0692617
          ],
          [
            79.7667832,
            11.0690916
          ],
          [
            79.7668275,
            11.0688565
          ],
          [
            79.7669712,
            11.0686105
          ],
          [
            79.7670597,
            11.06835
          ],
          [
            79.7671739,
            11.0682451
          ],
          [
            79.7676752,
            11.0683392
          ],
          [
            79.7680291,
            11.0685671
          ],
          [
            79.7683092,
            11.0687841
          ],
          [
            79.7686926,
            11.068871
          ],
          [
            79.7689985,
            11.0691423
          ],
          [
            79.7691202,
            11.0692797
          ],
          [
            79.7693045,
            11.0694823
          ],
          [
            79.7695146,
            11.069627
          ],
          [
            79.7697542,
            11.0695691
          ],
          [
            79.7700048,
            11.0694751
          ],
          [
            79.7699237,
            11.0691567
          ],
          [
            79.7697394,
            11.0688565
          ],
          [
            79.7696362,
            11.068625
          ],
          [
            79.7696289,
            11.0684477
          ],
          [
            79.7699348,
            11.0677387
          ],
          [
            79.7700454,
            11.0677098
          ],
          [
            79.7701633,
            11.0677713
          ],
          [
            79.7704324,
            11.0679521
          ]
        ]
      },
      "properties": {
        "id": 377172954,
        "name": "OSM Drain Segment 54",
        "drain_type": "stream",
        "capacity": "24 m3/s",
        "status": "normal",
        "district": "Mayiladuthurai",
        "data_source_type": "OpenStreetMap Public Data"
      }
    },
    {
      "type": "Feature",
      "id": 377172955,
      "geometry": {
        "type": "LineString",
        "coordinates": [
          [
            79.7597871,
            11.0726223
          ],
          [
            79.7599714,
            11.0727959
          ],
          [
            79.7598276,
            11.0731685
          ],
          [
            79.7598727,
            11.0735247
          ],
          [
            79.7609445,
            11.0740041
          ],
          [
            79.7615048,
            11.0744744
          ],
          [
            79.7621355,
            11.0752497
          ],
          [
            79.7622051,
            11.0753353
          ],
          [
            79.762054,
            11.0761529
          ],
          [
            79.7618674,
            11.0774662
          ],
          [
            79.7619344,
            11.0778159
          ],
          [
            79.7620284,
            11.0783068
          ],
          [
            79.7626069,
            11.0786923
          ],
          [
            79.7632962,
            11.0784463
          ],
          [
            79.7639781,
            11.078392
          ],
          [
            79.7649771,
            11.0784246
          ],
          [
            79.7658003,
            11.0787756
          ],
          [
            79.7661308,
            11.0786018
          ],
          [
            79.7663151,
            11.0782184
          ],
          [
            79.7663888,
            11.0777843
          ],
          [
            79.7668311,
            11.0778205
          ],
          [
            79.7677084,
            11.0780628
          ],
          [
            79.7678669,
            11.0774696
          ],
          [
            79.7681544,
            11.0770536
          ],
          [
            79.7686778,
            11.0770319
          ],
          [
            79.7691792,
            11.0770898
          ],
          [
            79.7696583,
            11.0770174
          ],
          [
            79.7714074,
            11.0772041
          ],
          [
            79.7738584,
            11.0770727
          ],
          [
            79.7760281,
            11.0774933
          ],
          [
            79.776604,
            11.0769676
          ],
          [
            79.7780371,
            11.0775065
          ],
          [
            79.7786531,
            11.0770596
          ],
          [
            79.7814488,
            11.0770888
          ],
          [
            79.7821838,
            11.0771889
          ],
          [
            79.7823764,
            11.077467
          ],
          [
            79.7822106,
            11.0779417
          ],
          [
            79.7819263,
            11.0783391
          ],
          [
            79.7814925,
            11.078926
          ],
          [
            79.7822291,
            11.0806215
          ],
          [
            79.7822745,
            11.0834355
          ],
          [
            79.7836405,
            11.0835153
          ],
          [
            79.7845293,
            11.0840911
          ],
          [
            79.7849971,
            11.0847613
          ],
          [
            79.7848291,
            11.0853564
          ],
          [
            79.7849984,
            11.0854702
          ],
          [
            79.7859009,
            11.0852069
          ],
          [
            79.7864261,
            11.0852928
          ],
          [
            79.7865569,
            11.0860318
          ],
          [
            79.786153,
            11.0866511
          ],
          [
            79.7869579,
            11.0867788
          ],
          [
            79.787893,
            11.086308
          ],
          [
            79.788454,
            11.0850553
          ],
          [
            79.7888524,
            11.0850233
          ],
          [
            79.7892509,
            11.0851989
          ],
          [
            79.7891777,
            11.0860207
          ],
          [
            79.7894413,
            11.08628
          ],
          [
            79.7899664,
            11.0863559
          ],
          [
            79.7915275,
            11.0859888
          ],
          [
            79.7948693,
            11.0860846
          ],
          [
            79.7966022,
            11.0864727
          ],
          [
            79.7986222,
            11.0867106
          ],
          [
            79.7989511,
            11.0867329
          ],
          [
            79.8005567,
            11.0868704
          ],
          [
            79.8022769,
            11.0867035
          ],
          [
            79.8027006,
            11.086675
          ]
        ]
      },
      "properties": {
        "id": 377172955,
        "name": "OSM Drain Segment 55",
        "drain_type": "stream",
        "capacity": "25 m3/s",
        "status": "blocked",
        "district": "Mayiladuthurai",
        "data_source_type": "OpenStreetMap Public Data"
      }
    },
    {
      "type": "Feature",
      "id": 377296844,
      "geometry": {
        "type": "LineString",
        "coordinates": [
          [
            79.7606822,
            11.0773665
          ],
          [
            79.7605845,
            11.0773904
          ],
          [
            79.7604466,
            11.0773986
          ],
          [
            79.7603539,
            11.0773822
          ],
          [
            79.7602829,
            11.0773749
          ],
          [
            79.7601684,
            11.0773806
          ],
          [
            79.7601317,
            11.077429
          ],
          [
            79.7601459,
            11.0775249
          ],
          [
            79.7601484,
            11.0777495
          ],
          [
            79.7601049,
            11.0778496
          ],
          [
            79.7601175,
            11.0779873
          ],
          [
            79.7601735,
            11.0781062
          ],
          [
            79.7602094,
            11.0782447
          ],
          [
            79.7602227,
            11.0783439
          ],
          [
            79.7602278,
            11.0784439
          ],
          [
            79.7601868,
            11.0785341
          ],
          [
            79.7601634,
            11.0785866
          ],
          [
            79.7601576,
            11.0786604
          ],
          [
            79.7601651,
            11.0788522
          ],
          [
            79.7601584,
            11.079081
          ],
          [
            79.7601634,
            11.0792261
          ],
          [
            79.7601918,
            11.0793376
          ],
          [
            79.7601935,
            11.0794294
          ],
          [
            79.7601651,
            11.0795261
          ],
          [
            79.7601718,
            11.0796835
          ],
          [
            79.7601851,
            11.0798278
          ],
          [
            79.7601868,
            11.0799885
          ],
          [
            79.7601751,
            11.0801295
          ],
          [
            79.7601718,
            11.0802902
          ],
          [
            79.7601517,
            11.0804001
          ],
          [
            79.7601517,
            11.0805542
          ],
          [
            79.7601735,
            11.080646
          ],
          [
            79.7602085,
            11.080687
          ],
          [
            79.7602904,
            11.0807149
          ],
          [
            79.7604257,
            11.0807297
          ],
          [
            79.7605628,
            11.0807001
          ],
          [
            79.7607549,
            11.0807149
          ],
          [
            79.7609404,
            11.0807411
          ],
          [
            79.7611776,
            11.0807477
          ],
          [
            79.7613581,
            11.0807444
          ],
          [
            79.7615235,
            11.0807428
          ],
          [
            79.7616237,
            11.0807411
          ],
          [
            79.761744,
            11.0807723
          ],
          [
            79.7618493,
            11.0807903
          ],
          [
            79.7619846,
            11.080792
          ],
          [
            79.7621885,
            11.080769
          ],
          [
            79.7622804,
            11.0807674
          ],
          [
            79.7625093,
            11.0807477
          ],
          [
            79.762683,
            11.0807674
          ],
          [
            79.7627565,
            11.0807772
          ],
          [
            79.7628484,
            11.0807313
          ],
          [
            79.7629687,
            11.0806887
          ],
          [
            79.7631074,
            11.0806559
          ],
          [
            79.7632712,
            11.0806821
          ],
          [
            79.7634282,
            11.0807165
          ],
          [
            79.7635652,
            11.0807624
          ],
          [
            79.7636955,
            11.0807952
          ],
          [
            79.7637874,
            11.0808444
          ],
          [
            79.7639211,
            11.0807903
          ],
          [
            79.7640498,
            11.0807379
          ],
          [
            79.7641751,
            11.08071
          ],
          [
            79.7643254,
            11.08071
          ],
          [
            79.7644925,
            11.0807411
          ],
          [
            79.7645844,
            11.0807592
          ],
          [
            79.7646797,
            11.0807641
          ],
          [
            79.7647849,
            11.0807674
          ],
          [
            79.7648919,
            11.0807526
          ],
          [
            79.7650255,
            11.0807313
          ],
          [
            79.7651876,
            11.0807428
          ],
          [
            79.765343,
            11.0807657
          ],
          [
            79.765485,
            11.0807788
          ],
          [
            79.7656738,
            11.080787
          ],
          [
            79.7658275,
            11.0807657
          ],
          [
            79.7659896,
            11.0807165
          ],
          [
            79.7661349,
            11.0806985
          ],
          [
            79.7662636,
            11.080687
          ],
          [
            79.7663939,
            11.080687
          ],
          [
            79.7665393,
            11.0806837
          ],
          [
            79.7666846,
            11.0806936
          ],
          [
            79.7668166,
            11.0806591
          ],
          [
            79.7669637,
            11.080605
          ],
          [
            79.7671157,
            11.0805936
          ],
          [
            79.7672617,
            11.0805613
          ],
          [
            79.7672861,
            11.0805558
          ],
          [
            79.7673647,
            11.080464
          ],
          [
            79.7673981,
            11.080264
          ],
          [
            79.7674014,
            11.0801345
          ],
          [
            79.7673947,
            11.0800213
          ],
          [
            79.767373,
            11.0798541
          ],
          [
            79.7673847,
            11.0797065
          ],
          [
            79.7673797,
            11.0795524
          ],
          [
            79.7673797,
            11.0793458
          ],
          [
            79.767378,
            11.0791326
          ],
          [
            79.7673847,
            11.0789555
          ],
          [
            79.7674081,
            11.0789145
          ],
          [
            79.7674499,
            11.0788932
          ],
          [
            79.76748,
            11.0788932
          ],
          [
            79.7675195,
            11.0788988
          ],
          [
            79.7675618,
            11.0789047
          ],
          [
            79.7676921,
            11.0789391
          ],
          [
            79.7678225,
            11.0789883
          ],
          [
            79.7679662,
            11.0790228
          ],
          [
            79.768048,
            11.0790195
          ],
          [
            79.7682335,
            11.0790064
          ],
          [
            79.7683505,
            11.0790129
          ],
          [
            79.7684323,
            11.0790162
          ],
          [
            79.7685393,
            11.079026
          ],
          [
            79.7686412,
            11.0790096
          ],
          [
            79.7687882,
            11.0789834
          ],
          [
            79.7689286,
            11.0789867
          ],
          [
            79.7690522,
            11.0789752
          ],
          [
            79.769231,
            11.0789309
          ],
          [
            79.7693145,
            11.0789195
          ],
          [
            79.7694649,
            11.0789522
          ],
          [
            79.7696838,
            11.0789654
          ],
          [
            79.7698291,
            11.0789736
          ],
          [
            79.7700213,
            11.0789818
          ],
          [
            79.7701884,
            11.0789867
          ],
          [
            79.7704139,
            11.0789654
          ]
        ]
      },
      "properties": {
        "id": 377296844,
        "name": "OSM Drain Segment 44",
        "drain_type": "stream",
        "capacity": "64 m3/s",
        "status": "normal",
        "district": "Mayiladuthurai",
        "data_source_type": "OpenStreetMap Public Data"
      }
    },
    {
      "type": "Feature",
      "id": 377296845,
      "geometry": {
        "type": "LineString",
        "coordinates": [
          [
            79.7614459,
            11.0996838
          ],
          [
            79.7615288,
            11.0997252
          ],
          [
            79.7615817,
            11.099777
          ],
          [
            79.7616031,
            11.0998472
          ],
          [
            79.761647,
            11.0999311
          ],
          [
            79.7616787,
            11.1000037
          ],
          [
            79.7617228,
            11.1000763
          ],
          [
            79.7617831,
            11.1001495
          ],
          [
            79.7619221,
            11.1002164
          ],
          [
            79.7620714,
            11.100201
          ],
          [
            79.7622108,
            11.1001639
          ],
          [
            79.7623384,
            11.1001593
          ],
          [
            79.7624772,
            11.1002175
          ],
          [
            79.762563,
            11.1002912
          ],
          [
            79.7626215,
            11.1003688
          ],
          [
            79.7627272,
            11.1004633
          ],
          [
            79.762811,
            11.1005048
          ],
          [
            79.7629068,
            11.1005213
          ],
          [
            79.7629882,
            11.1005453
          ],
          [
            79.7630709,
            11.1005766
          ],
          [
            79.7631631,
            11.1006369
          ],
          [
            79.7632245,
            11.1007065
          ],
          [
            79.7632599,
            11.1007807
          ],
          [
            79.7632694,
            11.1008526
          ],
          [
            79.7633044,
            11.1009211
          ],
          [
            79.7633561,
            11.1009323
          ],
          [
            79.7634481,
            11.1008844
          ],
          [
            79.7634828,
            11.1008513
          ],
          [
            79.7635233,
            11.1007908
          ],
          [
            79.7635624,
            11.1007083
          ],
          [
            79.7636266,
            11.1006522
          ],
          [
            79.7636817,
            11.1006474
          ],
          [
            79.7637538,
            11.100652
          ],
          [
            79.7638601,
            11.1006787
          ],
          [
            79.7639724,
            11.1007146
          ],
          [
            79.7640468,
            11.1007505
          ],
          [
            79.7641523,
            11.1008418
          ],
          [
            79.7642062,
            11.1009077
          ],
          [
            79.764237,
            11.1009442
          ],
          [
            79.7642736,
            11.1009592
          ],
          [
            79.7643244,
            11.1009627
          ],
          [
            79.7643823,
            11.1009465
          ],
          [
            79.7644804,
            11.1009047
          ],
          [
            79.7646174,
            11.1008213
          ],
          [
            79.7647559,
            11.1007272
          ],
          [
            79.7648391,
            11.1006869
          ],
          [
            79.7648986,
            11.1006937
          ],
          [
            79.7649577,
            11.1007181
          ],
          [
            79.7650179,
            11.1007668
          ],
          [
            79.7650664,
            11.1008271
          ],
          [
            79.7650983,
            11.1008943
          ],
          [
            79.7651255,
            11.100965
          ],
          [
            79.7651585,
            11.101052
          ],
          [
            79.7652105,
            11.1011192
          ],
          [
            79.7652471,
            11.1011494
          ],
          [
            79.7653266,
            11.1011281
          ],
          [
            79.7654311,
            11.1010886
          ],
          [
            79.7655216,
            11.1010504
          ],
          [
            79.7655899,
            11.1010125
          ],
          [
            79.7656432,
            11.1009804
          ],
          [
            79.7656893,
            11.1009486
          ],
          [
            79.7657209,
            11.1009221
          ],
          [
            79.7657599,
            11.1009024
          ],
          [
            79.7657989,
            11.1008989
          ],
          [
            79.7658355,
            11.1009094
          ],
          [
            79.7658993,
            11.1009442
          ],
          [
            79.7659388,
            11.1009881
          ],
          [
            79.7659603,
            11.1010524
          ],
          [
            79.7659655,
            11.1011239
          ],
          [
            79.7659666,
            11.1012096
          ],
          [
            79.7659725,
            11.1012409
          ],
          [
            79.7660063,
            11.1012791
          ],
          [
            79.766073,
            11.1012769
          ],
          [
            79.766132,
            11.1012618
          ],
          [
            79.7661793,
            11.1012537
          ],
          [
            79.7662218,
            11.1012641
          ],
          [
            79.7663187,
            11.1013175
          ],
          [
            79.7664073,
            11.1013928
          ],
          [
            79.7664877,
            11.1014577
          ],
          [
            79.7666046,
            11.1015157
          ],
          [
            79.7666637,
            11.1015505
          ],
          [
            79.766698,
            11.1016038
          ],
          [
            79.7667098,
            11.1016629
          ],
          [
            79.7667133,
            11.1016943
          ],
          [
            79.7667322,
            11.1017186
          ],
          [
            79.7667682,
            11.1017207
          ],
          [
            79.7668625,
            11.1017002
          ],
          [
            79.76693,
            11.1016759
          ],
          [
            79.7669874,
            11.1016577
          ],
          [
            79.7670464,
            11.1016372
          ],
          [
            79.7671091,
            11.1016305
          ],
          [
            79.7671587,
            11.1016444
          ],
          [
            79.767219,
            11.1016838
          ],
          [
            79.7672931,
            11.1017201
          ],
          [
            79.7673667,
            11.1017429
          ],
          [
            79.7674943,
            11.1017766
          ],
          [
            79.7675793,
            11.1018171
          ],
          [
            79.7676687,
            11.1018952
          ],
          [
            79.7677624,
            11.1019876
          ],
          [
            79.767831,
            11.1020594
          ],
          [
            79.7679113,
            11.1021163
          ],
          [
            79.768059,
            11.1021707
          ],
          [
            79.7682008,
            11.1022322
          ],
          [
            79.768274,
            11.1022774
          ],
          [
            79.7683637,
            11.1023017
          ],
          [
            79.7684749,
            11.1022809
          ],
          [
            79.7685599,
            11.1022623
          ],
          [
            79.7686214,
            11.1022786
          ],
          [
            79.7687253,
            11.1022849
          ],
          [
            79.7687608,
            11.1022832
          ],
          [
            79.7688529,
            11.1022809
          ],
          [
            79.7689711,
            11.1023087
          ],
          [
            79.7690136,
            11.1023643
          ]
        ]
      },
      "properties": {
        "id": 377296845,
        "name": "OSM Drain Segment 45",
        "drain_type": "stream",
        "capacity": "65 m3/s",
        "status": "blocked",
        "district": "Mayiladuthurai",
        "data_source_type": "OpenStreetMap Public Data"
      }
    },
    {
      "type": "Feature",
      "id": 377296846,
      "geometry": {
        "type": "LineString",
        "coordinates": [
          [
            79.7672618,
            11.0818487
          ],
          [
            79.7673729,
            11.0817768
          ],
          [
            79.7674769,
            11.0817165
          ],
          [
            79.767484,
            11.0816446
          ],
          [
            79.7674461,
            11.081582
          ],
          [
            79.7674698,
            11.0815148
          ],
          [
            79.7675147,
            11.0814568
          ],
          [
            79.7675029,
            11.0813942
          ],
          [
            79.7674083,
            11.0813177
          ],
          [
            79.7673658,
            11.0812643
          ],
          [
            79.7673611,
            11.0811762
          ],
          [
            79.7673587,
            11.0810649
          ],
          [
            79.7673469,
            11.0809582
          ],
          [
            79.7673422,
            11.0808678
          ],
          [
            79.7673256,
            11.0807913
          ],
          [
            79.7673067,
            11.0806869
          ],
          [
            79.7672831,
            11.0806174
          ],
          [
            79.7672617,
            11.0805613
          ]
        ]
      },
      "properties": {
        "id": 377296846,
        "name": "OSM Drain Segment 46",
        "drain_type": "stream",
        "capacity": "66 m3/s",
        "status": "partially_blocked",
        "district": "Mayiladuthurai",
        "data_source_type": "OpenStreetMap Public Data"
      }
    },
    {
      "type": "Feature",
      "id": 377304559,
      "geometry": {
        "type": "LineString",
        "coordinates": [
          [
            79.7555408,
            11.1199178
          ],
          [
            79.7556377,
            11.1199051
          ],
          [
            79.7557381,
            11.119912
          ],
          [
            79.7558598,
            11.1199445
          ],
          [
            79.7560087,
            11.1200164
          ],
          [
            79.7561174,
            11.120116
          ],
          [
            79.7562355,
            11.1202134
          ],
          [
            79.7563749,
            11.1202969
          ],
          [
            79.7564777,
            11.1203433
          ],
          [
            79.7566774,
            11.1203896
          ],
          [
            79.7569184,
            11.1204743
          ],
          [
            79.7571098,
            11.1205357
          ],
          [
            79.757228,
            11.1205913
          ],
          [
            79.757313,
            11.1206748
          ],
          [
            79.7573709,
            11.120822
          ],
          [
            79.75743,
            11.120989
          ],
          [
            79.7574867,
            11.121193
          ],
          [
            79.7575198,
            11.1213228
          ],
          [
            79.7575529,
            11.1214353
          ],
          [
            79.7575895,
            11.1215651
          ],
          [
            79.7576119,
            11.1216231
          ],
          [
            79.7576533,
            11.1216729
          ],
          [
            79.7577714,
            11.1217205
          ],
          [
            79.7578813,
            11.1217471
          ],
          [
            79.7580077,
            11.12179
          ],
          [
            79.758081,
            11.1218538
          ],
          [
            79.758179,
            11.1219129
          ],
          [
            79.7582901,
            11.1219604
          ],
          [
            79.7584354,
            11.1219859
          ],
          [
            79.7585878,
            11.1219929
          ],
          [
            79.758804,
            11.1219952
          ],
          [
            79.7590049,
            11.1220149
          ],
          [
            79.7592482,
            11.1220288
          ],
          [
            79.759546,
            11.1220451
          ],
          [
            79.7598177,
            11.1220625
          ],
          [
            79.7600953,
            11.1220856
          ],
          [
            79.7602855,
            11.1220833
          ],
          [
            79.7603824,
            11.1220682
          ],
          [
            79.7604628,
            11.1220462
          ],
          [
            79.7605894,
            11.1220416
          ],
          [
            79.7607537,
            11.1220851
          ],
          [
            79.7609396,
            11.1220875
          ],
          [
            79.7611196,
            11.1220717
          ],
          [
            79.7613323,
            11.1220752
          ],
          [
            79.7615473,
            11.1220856
          ],
          [
            79.7617175,
            11.12211
          ],
          [
            79.7619526,
            11.1221575
          ],
          [
            79.7620813,
            11.1221679
          ],
          [
            79.7622483,
            11.1221414
          ],
          [
            79.7623503,
            11.1221283
          ],
          [
            79.7624722,
            11.1221144
          ],
          [
            79.7625474,
            11.1221037
          ],
          [
            79.7626259,
            11.122098
          ],
          [
            79.7626842,
            11.1220998
          ],
          [
            79.7629754,
            11.1221793
          ],
          [
            79.7630688,
            11.1221953
          ],
          [
            79.7631898,
            11.1221882
          ],
          [
            79.763326,
            11.12218
          ],
          [
            79.763524,
            11.1221472
          ],
          [
            79.763666,
            11.1221267
          ],
          [
            79.763773,
            11.1221119
          ],
          [
            79.763869,
            11.1221005
          ],
          [
            79.7639785,
            11.1221054
          ],
          [
            79.7641155,
            11.1221324
          ],
          [
            79.764348,
            11.1221585
          ],
          [
            79.7646197,
            11.1221956
          ],
          [
            79.7648572,
            11.1222269
          ],
          [
            79.7649685,
            11.1222416
          ],
          [
            79.7650086,
            11.122237
          ],
          [
            79.7650447,
            11.1222221
          ],
          [
            79.7652637,
            11.1221265
          ],
          [
            79.7653333,
            11.1221273
          ],
          [
            79.7655577,
            11.1222005
          ],
          [
            79.7657013,
            11.1222481
          ],
          [
            79.7657621,
            11.1222469
          ],
          [
            79.7658979,
            11.1221916
          ],
          [
            79.7659547,
            11.1221816
          ],
          [
            79.7660428,
            11.1221813
          ],
          [
            79.7661842,
            11.1222331
          ],
          [
            79.7662679,
            11.1222705
          ],
          [
            79.7663372,
            11.1222602
          ],
          [
            79.766447,
            11.1222102
          ],
          [
            79.7665858,
            11.122138
          ],
          [
            79.766662,
            11.1221134
          ],
          [
            79.7667408,
            11.1221047
          ],
          [
            79.7668582,
            11.1221061
          ],
          [
            79.7669693,
            11.1221176
          ],
          [
            79.7671725,
            11.1221339
          ],
          [
            79.7673242,
            11.1221639
          ],
          [
            79.7675691,
            11.1222823
          ],
          [
            79.7676161,
            11.1223028
          ],
          [
            79.7676538,
            11.1223047
          ],
          [
            79.7676968,
            11.1222969
          ],
          [
            79.7677545,
            11.1222678
          ],
          [
            79.7678037,
            11.1222387
          ],
          [
            79.7678539,
            11.1222068
          ],
          [
            79.7679002,
            11.1221871
          ],
          [
            79.7679462,
            11.1221838
          ],
          [
            79.7679955,
            11.1221818
          ],
          [
            79.7680239,
            11.1221904
          ],
          [
            79.768069,
            11.1222227
          ],
          [
            79.7681844,
            11.1223195
          ],
          [
            79.7682701,
            11.1223751
          ],
          [
            79.7683296,
            11.1223797
          ],
          [
            79.768371,
            11.1223805
          ],
          [
            79.7684286,
            11.1223691
          ],
          [
            79.7685249,
            11.1223243
          ],
          [
            79.768666,
            11.1222755
          ],
          [
            79.768877,
            11.1222515
          ],
          [
            79.769031,
            11.1222538
          ],
          [
            79.7691053,
            11.1222748
          ],
          [
            79.769183,
            11.1223035
          ],
          [
            79.7693074,
            11.122344
          ],
          [
            79.7693771,
            11.1223463
          ],
          [
            79.769531,
            11.1223212
          ],
          [
            79.7697452,
            11.1222723
          ],
          [
            79.7698921,
            11.1222612
          ],
          [
            79.7699832,
            11.1222612
          ],
          [
            79.7700515,
            11.12227
          ],
          [
            79.7701944,
            11.1223004
          ],
          [
            79.7703482,
            11.1223063
          ],
          [
            79.7704376,
            11.122312
          ],
          [
            79.7705658,
            11.1223184
          ],
          [
            79.7708729,
            11.1222263
          ],
          [
            79.7710056,
            11.1222289
          ],
          [
            79.7712028,
            11.1223013
          ],
          [
            79.7712953,
            11.1222947
          ],
          [
            79.7715622,
            11.1223151
          ],
          [
            79.7717728,
            11.1223566
          ],
          [
            79.7719189,
            11.1223749
          ],
          [
            79.7720987,
            11.1223644
          ],
          [
            79.7722234,
            11.1223421
          ],
          [
            79.7723709,
            11.1223184
          ],
          [
            79.7727183,
            11.1222987
          ],
          [
            79.7728363,
            11.1223026
          ],
          [
            79.77313,
            11.1223618
          ],
          [
            79.7733888,
            11.1223987
          ],
          [
            79.7737455,
            11.1224118
          ],
          [
            79.7739212,
            11.1224316
          ],
          [
            79.7741532,
            11.1224368
          ],
          [
            79.7743852,
            11.122475
          ],
          [
            79.7746574,
            11.122529
          ],
          [
            79.7747634,
            11.1225263
          ],
          [
            79.7748868,
            11.1225118
          ],
          [
            79.7750906,
            11.1224723
          ],
          [
            79.7751792,
            11.1224657
          ],
          [
            79.7754313,
            11.1225
          ],
          [
            79.775611,
            11.1225276
          ],
          [
            79.7757545,
            11.1225473
          ],
          [
            79.7759208,
            11.1225395
          ],
          [
            79.7761515,
            11.1224881
          ],
          [
            79.7763338,
            11.1224881
          ],
          [
            79.7765471,
            11.1225144
          ],
          [
            79.776657,
            11.1225144
          ],
          [
            79.7767804,
            11.1225171
          ],
          [
            79.7769146,
            11.1225111
          ],
          [
            79.7770365,
            11.1225289
          ],
          [
            79.7771331,
            11.1225658
          ],
          [
            79.7772029,
            11.1225868
          ],
          [
            79.7773356,
            11.1225802
          ],
          [
            79.7774523,
            11.1225447
          ],
          [
            79.7776441,
            11.1225223
          ],
          [
            79.7778774,
            11.1225198
          ],
          [
            79.7781443,
            11.1225737
          ],
          [
            79.7782865,
            11.1225763
          ],
          [
            79.7784313,
            11.122575
          ],
          [
            79.7786982,
            11.1225539
          ],
          [
            79.7788417,
            11.1225539
          ],
          [
            79.7790361,
            11.1226184
          ],
          [
            79.7792226,
            11.1226513
          ],
          [
            79.779456,
            11.1226315
          ],
          [
            79.7796276,
            11.1226066
          ],
          [
            79.7797751,
            11.1226368
          ],
          [
            79.7799468,
            11.1226908
          ],
          [
            79.780093,
            11.1226723
          ],
          [
            79.7803974,
            11.1226026
          ],
          [
            79.7805517,
            11.1225987
          ],
          [
            79.7807501,
            11.1226329
          ],
          [
            79.7809459,
            11.1226961
          ],
          [
            79.7810947,
            11.1226948
          ],
          [
            79.7814341,
            11.1226552
          ],
          [
            79.7814877,
            11.1226552
          ],
          [
            79.7816781,
            11.1226723
          ],
          [
            79.7818713,
            11.1227039
          ],
          [
            79.7821422,
            11.1226855
          ],
          [
            79.7824171,
            11.1226894
          ],
          [
            79.7825901,
            11.1227131
          ],
          [
            79.7827188,
            11.1227092
          ]
        ]
      },
      "properties": {
        "id": 377304559,
        "name": "OSM Drain Segment 59",
        "drain_type": "stream",
        "capacity": "29 m3/s",
        "status": "normal",
        "district": "Mayiladuthurai",
        "data_source_type": "OpenStreetMap Public Data"
      }
    },
    {
      "type": "Feature",
      "id": 377304560,
      "geometry": {
        "type": "LineString",
        "coordinates": [
          [
            79.7605104,
            11.0991378
          ],
          [
            79.7607059,
            11.0991252
          ],
          [
            79.7608619,
            11.0991206
          ],
          [
            79.7612332,
            11.0991193
          ],
          [
            79.7614384,
            11.099153
          ],
          [
            79.7615518,
            11.0991391
          ],
          [
            79.761781,
            11.0991507
          ],
          [
            79.7620315,
            11.0991994
          ],
          [
            79.7623552,
            11.0992133
          ],
          [
            79.7626298,
            11.0992221
          ],
          [
            79.7627551,
            11.0992069
          ],
          [
            79.7628683,
            11.0991672
          ],
          [
            79.7629481,
            11.0991454
          ],
          [
            79.7630283,
            11.099127
          ],
          [
            79.7631323,
            11.0991208
          ],
          [
            79.7632305,
            11.0991249
          ],
          [
            79.763294,
            11.0991184
          ],
          [
            79.7633671,
            11.0991434
          ],
          [
            79.7634364,
            11.099161
          ],
          [
            79.7635496,
            11.0991811
          ],
          [
            79.7636331,
            11.0991852
          ],
          [
            79.76372,
            11.0991737
          ],
          [
            79.7637998,
            11.0991631
          ],
          [
            79.7638905,
            11.0991495
          ],
          [
            79.7639895,
            11.0991249
          ],
          [
            79.7640642,
            11.0991217
          ],
          [
            79.7641315,
            11.0991385
          ],
          [
            79.7642493,
            11.0991602
          ],
          [
            79.7643871,
            11.0991856
          ],
          [
            79.7645467,
            11.0992102
          ],
          [
            79.7646674,
            11.0992237
          ],
          [
            79.7647355,
            11.0992225
          ],
          [
            79.7647864,
            11.099209
          ],
          [
            79.7648863,
            11.0991856
          ],
          [
            79.7650287,
            11.0991762
          ],
          [
            79.7651356,
            11.0991848
          ],
          [
            79.7652747,
            11.0991917
          ],
          [
            79.7653566,
            11.0991909
          ],
          [
            79.7654493,
            11.0991782
          ],
          [
            79.765532,
            11.0991639
          ],
          [
            79.765649,
            11.0991512
          ],
          [
            79.7657304,
            11.0991417
          ],
          [
            79.7658604,
            11.0991381
          ],
          [
            79.7659773,
            11.0991471
          ],
          [
            79.7660654,
            11.0991569
          ],
          [
            79.7661586,
            11.0991786
          ],
          [
            79.7662943,
            11.0991803
          ],
          [
            79.7664289,
            11.09917
          ],
          [
            79.7665329,
            11.0991639
          ],
          [
            79.7666615,
            11.0991688
          ],
          [
            79.7668152,
            11.0991749
          ],
          [
            79.7669401,
            11.0991835
          ],
          [
            79.7670537,
            11.0991958
          ],
          [
            79.7671573,
            11.0992081
          ],
          [
            79.7672359,
            11.0992098
          ],
          [
            79.7673357,
            11.0991958
          ],
          [
            79.7674439,
            11.0991782
          ],
          [
            79.7675658,
            11.0991569
          ],
          [
            79.7676477,
            11.0991536
          ],
          [
            79.7677425,
            11.0991549
          ],
          [
            79.7678399,
            11.0991663
          ],
          [
            79.767956,
            11.0991991
          ],
          [
            79.7680546,
            11.0992217
          ],
          [
            79.7681302,
            11.0992278
          ],
          [
            79.7681974,
            11.0992172
          ],
          [
            79.7682455,
            11.0991901
          ],
          [
            79.7683286,
            11.0991602
          ],
          [
            79.7684217,
            11.0991385
          ],
          [
            79.7685028,
            11.0991266
          ],
          [
            79.7685805,
            11.0991389
          ],
          [
            79.7687049,
            11.0991762
          ],
          [
            79.7688106,
            11.0991848
          ],
          [
            79.7689046,
            11.0991835
          ],
          [
            79.7690429,
            11.0991778
          ],
          [
            79.7691189,
            11.0991733
          ],
          [
            79.7691774,
            11.0991758
          ],
          [
            79.7693369,
            11.0991803
          ],
          [
            79.7694898,
            11.0991815
          ],
          [
            79.7696389,
            11.0991954
          ],
          [
            79.7697859,
            11.0992135
          ],
          [
            79.7698824,
            11.0992204
          ],
          [
            79.7700341,
            11.0992147
          ],
          [
            79.7701393,
            11.0992069
          ],
          [
            79.7702387,
            11.0991872
          ],
          [
            79.770377,
            11.099168
          ],
          [
            79.7704104,
            11.099168
          ],
          [
            79.7705931,
            11.0991594
          ],
          [
            79.7707514,
            11.0991726
          ],
          [
            79.7708748,
            11.0991515
          ],
          [
            79.7709928,
            11.0991173
          ],
          [
            79.7711028,
            11.0991305
          ],
          [
            79.7712154,
            11.0991673
          ],
          [
            79.7714434,
            11.0992147
          ],
          [
            79.7716124,
            11.0992068
          ],
          [
            79.7718296,
            11.0991752
          ],
          [
            79.7720469,
            11.0991752
          ],
          [
            79.7722883,
            11.0992147
          ],
          [
            79.7725538,
            11.0992226
          ],
          [
            79.7727952,
            11.0992621
          ],
          [
            79.7730205,
            11.0992621
          ],
          [
            79.7732324,
            11.0992436
          ],
          [
            79.7734846,
            11.099241
          ],
          [
            79.7736562,
            11.0991936
          ],
          [
            79.7738252,
            11.0991726
          ],
          [
            79.7740425,
            11.0992094
          ],
          [
            79.7742302,
            11.0992068
          ],
          [
            79.774544,
            11.099191
          ],
          [
            79.7747184,
            11.0991831
          ],
          [
            79.77489,
            11.099212
          ],
          [
            79.7750831,
            11.0992621
          ],
          [
            79.7753326,
            11.0992489
          ],
          [
            79.7756571,
            11.0992463
          ],
          [
            79.7759361,
            11.0992305
          ],
          [
            79.7761936,
            11.0991936
          ],
          [
            79.7763974,
            11.0992015
          ],
          [
            79.7766388,
            11.0992436
          ],
          [
            79.7768749,
            11.099212
          ],
          [
            79.777127,
            11.0991857
          ],
          [
            79.7773523,
            11.0991668
          ],
          [
            79.777524,
            11.0991805
          ],
          [
            79.7776768,
            11.0991857
          ],
          [
            79.7779236,
            11.0992094
          ],
          [
            79.7781315,
            11.0992226
          ],
          [
            79.7784198,
            11.0992357
          ],
          [
            79.7786478,
            11.0992357
          ],
          [
            79.7788999,
            11.0992068
          ],
          [
            79.7790796,
            11.0992042
          ],
          [
            79.7793049,
            11.0991989
          ],
          [
            79.7795007,
            11.0992436
          ],
          [
            79.7797904,
            11.0992778
          ],
          [
            79.7800023,
            11.0992805
          ],
          [
            79.7803303,
            11.0993061
          ],
          [
            79.7805314,
            11.099289
          ]
        ]
      },
      "properties": {
        "id": 377304560,
        "name": "OSM Drain Segment 60",
        "drain_type": "stream",
        "capacity": "30 m3/s",
        "status": "blocked",
        "district": "Mayiladuthurai",
        "data_source_type": "OpenStreetMap Public Data"
      }
    },
    {
      "type": "Feature",
      "id": 377306421,
      "geometry": {
        "type": "LineString",
        "coordinates": [
          [
            79.7554143,
            11.1492063
          ],
          [
            79.755699,
            11.149033
          ],
          [
            79.7560342,
            11.1487996
          ],
          [
            79.7564018,
            11.148591
          ],
          [
            79.7566433,
            11.1484708
          ],
          [
            79.7569208,
            11.1483293
          ],
          [
            79.7572037,
            11.148195
          ],
          [
            79.757447,
            11.1480518
          ],
          [
            79.7575948,
            11.1479634
          ],
          [
            79.7576069,
            11.1479536
          ],
          [
            79.7578002,
            11.1478361
          ],
          [
            79.7579858,
            11.1477459
          ],
          [
            79.7581426,
            11.1476946
          ],
          [
            79.7583012,
            11.1476964
          ],
          [
            79.7584796,
            11.1477335
          ],
          [
            79.7587499,
            11.1477972
          ],
          [
            79.7588815,
            11.1478732
          ],
          [
            79.7589914,
            11.1479085
          ],
          [
            79.7590671,
            11.1479793
          ],
          [
            79.7591752,
            11.1480022
          ],
          [
            79.7593158,
            11.1480394
          ],
          [
            79.7593698,
            11.1480836
          ],
          [
            79.7593896,
            11.1481313
          ],
          [
            79.7593662,
            11.1481578
          ],
          [
            79.7593139,
            11.148195
          ],
          [
            79.7592707,
            11.1482851
          ],
          [
            79.7592923,
            11.148393
          ],
          [
            79.759341,
            11.1484655
          ],
          [
            79.7594419,
            11.1485486
          ],
          [
            79.7595194,
            11.1485804
          ],
          [
            79.7596005,
            11.1486211
          ],
          [
            79.7596527,
            11.1486812
          ],
          [
            79.7596852,
            11.1487342
          ],
          [
            79.7597356,
            11.1487484
          ],
          [
            79.7598005,
            11.1487519
          ],
          [
            79.7598942,
            11.1487784
          ],
          [
            79.7600222,
            11.148904
          ],
          [
            79.7601014,
            11.1490242
          ],
          [
            79.7601519,
            11.149079
          ],
          [
            79.7602492,
            11.149132
          ],
          [
            79.7604006,
            11.1492187
          ],
          [
            79.7604871,
            11.149277
          ],
          [
            79.7605285,
            11.1493636
          ],
          [
            79.7605556,
            11.1494538
          ],
          [
            79.7605934,
            11.1495104
          ],
          [
            79.7606493,
            11.1495599
          ],
          [
            79.7607466,
            11.1496094
          ],
          [
            79.7608403,
            11.1496872
          ],
          [
            79.7609899,
            11.1499047
          ],
          [
            79.7610746,
            11.1500603
          ],
          [
            79.7611412,
            11.1501593
          ],
          [
            79.7611971,
            11.1502017
          ],
          [
            79.7613341,
            11.1502512
          ],
          [
            79.7614944,
            11.1503378
          ],
          [
            79.7615557,
            11.1504439
          ],
          [
            79.761626,
            11.150596
          ],
          [
            79.7616819,
            11.150695
          ],
          [
            79.7617575,
            11.1507516
          ],
          [
            79.7618873,
            11.1508435
          ],
          [
            79.7620206,
            11.1509372
          ],
          [
            79.7620891,
            11.1509743
          ],
          [
            79.7621666,
            11.1510097
          ],
          [
            79.7622495,
            11.1510769
          ],
          [
            79.7623576,
            11.1512024
          ],
          [
            79.7625108,
            11.1513103
          ],
          [
            79.7627289,
            11.1514871
          ],
          [
            79.7629091,
            11.1517151
          ],
          [
            79.7633037,
            11.1522491
          ],
          [
            79.76341,
            11.1523976
          ],
          [
            79.7635254,
            11.1525497
          ],
          [
            79.7635632,
            11.1526292
          ],
          [
            79.7636173,
            11.1526575
          ],
          [
            79.7637596,
            11.1526681
          ],
          [
            79.763884,
            11.1526858
          ],
          [
            79.7639849,
            11.1527477
          ],
          [
            79.7641291,
            11.1528237
          ],
          [
            79.7642498,
            11.1528891
          ],
          [
            79.7643417,
            11.1530058
          ],
          [
            79.7644787,
            11.1531455
          ],
          [
            79.7645886,
            11.153294
          ],
          [
            79.7647147,
            11.1533948
          ],
          [
            79.7648877,
            11.1534885
          ],
          [
            79.7650319,
            11.1536175
          ],
          [
            79.7651526,
            11.1537678
          ],
          [
            79.7652716,
            11.1538969
          ],
          [
            79.7653869,
            11.1539588
          ],
          [
            79.7655022,
            11.1540047
          ],
          [
            79.7656158,
            11.1540366
          ],
          [
            79.7657437,
            11.1540967
          ],
          [
            79.7658572,
            11.1541939
          ],
          [
            79.7660374,
            11.1543141
          ],
          [
            79.766369,
            11.154445
          ],
          [
            79.7666627,
            11.1545528
          ],
          [
            79.7669258,
            11.1546713
          ]
        ]
      },
      "properties": {
        "id": 377306421,
        "name": "OSM Drain Segment 21",
        "drain_type": "stream",
        "capacity": "41 m3/s",
        "status": "partially_blocked",
        "district": "Mayiladuthurai",
        "data_source_type": "OpenStreetMap Public Data"
      }
    },
    {
      "type": "Feature",
      "id": 377490589,
      "geometry": {
        "type": "LineString",
        "coordinates": [
          [
            79.7557449,
            11.0582309
          ],
          [
            79.755876,
            11.0582622
          ],
          [
            79.7559894,
            11.0582703
          ],
          [
            79.7560946,
            11.0582402
          ],
          [
            79.7561655,
            11.0582008
          ],
          [
            79.75626,
            11.0580778
          ],
          [
            79.7563888,
            11.057941
          ],
          [
            79.7565152,
            11.0579109
          ],
          [
            79.7566451,
            11.0579944
          ],
          [
            79.7567196,
            11.0581323
          ],
          [
            79.7567586,
            11.0582912
          ],
          [
            79.7568224,
            11.0583944
          ],
          [
            79.756931,
            11.0585115
          ],
          [
            79.757035,
            11.0585706
          ],
          [
            79.7571697,
            11.058588
          ],
          [
            79.7573658,
            11.0585985
          ],
          [
            79.7575596,
            11.0586298
          ],
          [
            79.7577226,
            11.0586646
          ],
          [
            79.7578845,
            11.0586993
          ],
          [
            79.7580239,
            11.0587202
          ],
          [
            79.7581704,
            11.0586947
          ],
          [
            79.7582873,
            11.0586309
          ],
          [
            79.7584362,
            11.0585382
          ],
          [
            79.7585815,
            11.0584338
          ],
          [
            79.7587446,
            11.0583318
          ],
          [
            79.7589088,
            11.0581973
          ],
          [
            79.7590222,
            11.0581219
          ],
          [
            79.7591073,
            11.0580778
          ],
          [
            79.7592216,
            11.0580461
          ],
          [
            79.7593267,
            11.058031
          ],
          [
            79.7594531,
            11.058031
          ],
          [
            79.7595648,
            11.0580791
          ],
          [
            79.7596386,
            11.0581261
          ],
          [
            79.7597184,
            11.0581823
          ],
          [
            79.7597851,
            11.0582293
          ],
          [
            79.7598525,
            11.0582507
          ],
          [
            79.7599245,
            11.0582785
          ],
          [
            79.7600007,
            11.0583
          ],
          [
            79.760123,
            11.0582832
          ],
          [
            79.7602234,
            11.0582594
          ],
          [
            79.7603132,
            11.0582107
          ],
          [
            79.760429,
            11.0581707
          ],
          [
            79.7605229,
            11.0581301
          ],
          [
            79.7606482,
            11.0581005
          ],
          [
            79.7607539,
            11.0580953
          ],
          [
            79.7608461,
            11.0581092
          ],
          [
            79.7609294,
            11.05814
          ],
          [
            79.7609973,
            11.0581887
          ],
          [
            79.7610971,
            11.0582333
          ],
          [
            79.7611981,
            11.0582791
          ],
          [
            79.7614403,
            11.0582258
          ],
          [
            79.7615839,
            11.0581382
          ],
          [
            79.7617327,
            11.0580594
          ],
          [
            79.7618639,
            11.05802
          ],
          [
            79.7619809,
            11.0579736
          ],
          [
            79.7620966,
            11.0579458
          ],
          [
            79.7622526,
            11.0579527
          ],
          [
            79.7625007,
            11.05794
          ],
          [
            79.7626791,
            11.0579237
          ],
          [
            79.7627972,
            11.0579202
          ],
          [
            79.7628906,
            11.0579226
          ],
          [
            79.7630312,
            11.0579133
          ],
          [
            79.7632474,
            11.0578773
          ],
          [
            79.7634919,
            11.0578368
          ],
          [
            79.763707,
            11.0578055
          ],
          [
            79.7638546,
            11.0578252
          ],
          [
            79.7640059,
            11.0578437
          ],
          [
            79.7641724,
            11.0578576
          ],
          [
            79.7643095,
            11.0578704
          ],
          [
            79.7644442,
            11.0578414
          ],
          [
            79.7645635,
            11.0577915
          ],
          [
            79.76471,
            11.0576779
          ],
          [
            79.764801,
            11.0575909
          ],
          [
            79.7648919,
            11.0575283
          ],
          [
            79.7650125,
            11.0574854
          ],
          [
            79.7651211,
            11.0574727
          ],
          [
            79.7652228,
            11.0574808
          ],
          [
            79.7654354,
            11.0575434
          ],
          [
            79.7656386,
            11.0576478
          ],
          [
            79.7658277,
            11.0577185
          ],
          [
            79.7660368,
            11.0578333
          ],
          [
            79.7661644,
            11.0578843
          ],
          [
            79.7662955,
            11.0578507
          ],
          [
            79.7664125,
            11.0578228
          ],
          [
            79.7666275,
            11.0577915
          ],
          [
            79.7667657,
            11.0577695
          ],
          [
            79.7669229,
            11.0577741
          ],
          [
            79.7670859,
            11.057802
          ],
          [
            79.767217,
            11.0578542
          ],
          [
            79.76736,
            11.0578936
          ],
          [
            79.7675608,
            11.05794
          ],
          [
            79.7676979,
            11.0579597
          ],
          [
            79.7678822,
            11.0579539
          ],
          [
            79.7680476,
            11.0579191
          ],
          [
            79.7681906,
            11.0579075
          ],
          [
            79.7683217,
            11.0579168
          ],
          [
            79.7684753,
            11.0579573
          ],
          [
            79.7685899,
            11.0580014
          ],
          [
            79.7686986,
            11.0580617
          ],
          [
            79.768812,
            11.0581127
          ],
          [
            79.7689112,
            11.058129
          ],
          [
            79.7690755,
            11.058144
          ],
          [
            79.7692066,
            11.0581568
          ],
          [
            79.7693755,
            11.0581788
          ],
          [
            79.769535,
            11.0582008
          ],
          [
            79.7696969,
            11.058231
          ],
          [
            79.7698883,
            11.0582658
          ],
          [
            79.7700785,
            11.0583075
          ],
          [
            79.7702321,
            11.0583435
          ],
          [
            79.7704235,
            11.0583829
          ],
          [
            79.7705487,
            11.0584107
          ],
          [
            79.7707106,
            11.0584281
          ]
        ]
      },
      "properties": {
        "id": 377490589,
        "name": "OSM Drain Segment 89",
        "drain_type": "stream",
        "capacity": "59 m3/s",
        "status": "normal",
        "district": "Mayiladuthurai",
        "data_source_type": "OpenStreetMap Public Data"
      }
    },
    {
      "type": "Feature",
      "id": 377490590,
      "geometry": {
        "type": "LineString",
        "coordinates": [
          [
            79.7557035,
            11.0503297
          ],
          [
            79.7560143,
            11.0503674
          ],
          [
            79.7562565,
            11.0503953
          ],
          [
            79.7564854,
            11.0503822
          ],
          [
            79.7566826,
            11.0503166
          ],
          [
            79.7568764,
            11.0501477
          ],
          [
            79.7571922,
            11.0499132
          ],
          [
            79.7574796,
            11.0497574
          ],
          [
            79.7578973,
            11.0496967
          ],
          [
            79.7582833,
            11.049641
          ],
          [
            79.7585021,
            11.0496328
          ],
          [
            79.758833,
            11.0494475
          ],
          [
            79.7592039,
            11.0491835
          ],
          [
            79.7594411,
            11.0489916
          ],
          [
            79.7597202,
            11.048803
          ],
          [
            79.7599557,
            11.0487473
          ],
          [
            79.7602131,
            11.0486866
          ],
          [
            79.7605689,
            11.0486866
          ],
          [
            79.760853,
            11.048767
          ],
          [
            79.7611103,
            11.0488407
          ],
          [
            79.7613409,
            11.0489211
          ],
          [
            79.7615297,
            11.04899
          ],
          [
            79.7616617,
            11.049072
          ],
          [
            79.7618221,
            11.049149
          ],
          [
            79.7619507,
            11.0492409
          ],
          [
            79.7620259,
            11.0492687
          ],
          [
            79.7620961,
            11.0492819
          ],
          [
            79.762208,
            11.0492573
          ],
          [
            79.7623317,
            11.0491556
          ],
          [
            79.7626892,
            11.0488785
          ],
          [
            79.7629549,
            11.0486587
          ],
          [
            79.7632874,
            11.0484324
          ],
          [
            79.7635898,
            11.0482422
          ],
          [
            79.7641579,
            11.0480241
          ],
          [
            79.7647042,
            11.0478191
          ],
          [
            79.7651938,
            11.0476732
          ],
          [
            79.7654043,
            11.0475895
          ],
          [
            79.7655847,
            11.0474895
          ],
          [
            79.7658721,
            11.0472927
          ],
          [
            79.7661445,
            11.0471255
          ],
          [
            79.7662898,
            11.0470533
          ],
          [
            79.7664836,
            11.0469992
          ],
          [
            79.7666307,
            11.0470221
          ],
          [
            79.7669548,
            11.0470959
          ],
          [
            79.7673124,
            11.0471517
          ],
          [
            79.7676415,
            11.0471796
          ],
          [
            79.7679423,
            11.0472435
          ],
          [
            79.7681144,
            11.0472714
          ],
          [
            79.7682831,
            11.047155
          ],
          [
            79.7683867,
            11.0470615
          ],
          [
            79.7686774,
            11.0469615
          ],
          [
            79.7690868,
            11.0468286
          ],
          [
            79.7694594,
            11.0466942
          ],
          [
            79.7695914,
            11.0466466
          ],
          [
            79.7696816,
            11.0466089
          ],
          [
            79.7697468,
            11.0465597
          ],
          [
            79.7698136,
            11.046458
          ],
          [
            79.7698854,
            11.0463006
          ],
          [
            79.7699957,
            11.0461694
          ],
          [
            79.7701177,
            11.0460661
          ],
          [
            79.770253,
            11.0459562
          ],
          [
            79.7704335,
            11.0457988
          ],
          [
            79.7706395,
            11.0456266
          ],
          [
            79.7708756,
            11.0455792
          ],
          [
            79.7709989,
            11.0456951
          ],
          [
            79.7712082,
            11.045753
          ],
          [
            79.7713906,
            11.0456687
          ],
          [
            79.7715998,
            11.0454792
          ],
          [
            79.7720075,
            11.0452686
          ],
          [
            79.7721899,
            11.0452686
          ],
          [
            79.7723293,
            11.0454055
          ],
          [
            79.7725815,
            11.0456056
          ],
          [
            79.7729194,
            11.0456424
          ],
          [
            79.7731823,
            11.0456529
          ],
          [
            79.7733808,
            11.0459531
          ],
          [
            79.7738099,
            11.0469324
          ],
          [
            79.7740191,
            11.0470377
          ],
          [
            79.7742552,
            11.0471535
          ],
          [
            79.774341,
            11.0472693
          ],
          [
            79.7745609,
            11.0472851
          ],
          [
            79.7747433,
            11.047164
          ],
          [
            79.7748935,
            11.0469534
          ],
          [
            79.7752798,
            11.0467533
          ],
          [
            79.7757518,
            11.0466428
          ],
          [
            79.7762239,
            11.0466533
          ],
          [
            79.7765994,
            11.0465217
          ],
          [
            79.7768462,
            11.0464322
          ],
          [
            79.7770822,
            11.0464427
          ],
          [
            79.7774202,
            11.0466217
          ],
          [
            79.7784287,
            11.0471219
          ],
          [
            79.7793138,
            11.0472588
          ],
          [
            79.7800648,
            11.047264
          ],
          [
            79.7810519,
            11.047422
          ],
          [
            79.7817653,
            11.0474062
          ],
          [
            79.7825271,
            11.0474325
          ],
          [
            79.7828114,
            11.0473693
          ],
          [
            79.7830474,
            11.0471798
          ],
          [
            79.7834927,
            11.0466586
          ],
          [
            79.7838575,
            11.0462479
          ],
          [
            79.7841418,
            11.0459952
          ],
          [
            79.7845977,
            11.0457003
          ],
          [
            79.7847962,
            11.0455687
          ],
          [
            79.7848713,
            11.045216
          ],
          [
            79.7847694,
            11.0448316
          ],
          [
            79.7846702,
            11.0446473
          ],
          [
            79.7846594,
            11.0444183
          ],
          [
            79.7848311,
            11.0442156
          ],
          [
            79.7851878,
            11.0440129
          ],
          [
            79.7855258,
            11.044026
          ],
          [
            79.7857779,
            11.0440524
          ],
          [
            79.786014,
            11.0439787
          ],
          [
            79.7862875,
            11.0439787
          ],
          [
            79.7865879,
            11.044084
          ],
          [
            79.7868991,
            11.0442209
          ],
          [
            79.7873282,
            11.044184
          ],
          [
            79.7876179,
            11.044105
          ],
          [
            79.7877896,
            11.0438523
          ],
          [
            79.7879988,
            11.043489
          ],
          [
            79.7881973,
            11.0432468
          ],
          [
            79.7886962,
            11.0431257
          ],
          [
            79.7890556,
            11.0432468
          ],
          [
            79.789474,
            11.0435259
          ],
          [
            79.7901982,
            11.0435259
          ],
          [
            79.7908258,
            11.0434416
          ],
          [
            79.7917485,
            11.0432573
          ],
          [
            79.7926283,
            11.0433574
          ],
          [
            79.7934812,
            11.0437207
          ],
          [
            79.7945595,
            11.0442893
          ],
          [
            79.795112,
            11.0445578
          ],
          [
            79.7957289,
            11.0446368
          ],
          [
            79.796201,
            11.0448053
          ],
          [
            79.7970164,
            11.0447842
          ],
          [
            79.7974241,
            11.0447895
          ],
          [
            79.7980893,
            11.0449053
          ],
          [
            79.7988564,
            11.0449
          ],
          [
            79.7993258,
            11.0449527
          ],
          [
            79.7997683,
            11.0449896
          ],
          [
            79.8000687,
            11.0451817
          ],
          [
            79.8002243,
            11.0453871
          ],
          [
            79.8002002,
            11.045645
          ],
          [
            79.8002513,
            11.0458306
          ]
        ]
      },
      "properties": {
        "id": 377490590,
        "name": "OSM Drain Segment 90",
        "drain_type": "stream",
        "capacity": "60 m3/s",
        "status": "blocked",
        "district": "Mayiladuthurai",
        "data_source_type": "OpenStreetMap Public Data"
      }
    },
    {
      "type": "Feature",
      "id": 377493929,
      "geometry": {
        "type": "LineString",
        "coordinates": [
          [
            79.5972723,
            11.0373294
          ],
          [
            79.5974255,
            11.037517
          ],
          [
            79.5976373,
            11.0376492
          ],
          [
            79.5978388,
            11.0376865
          ],
          [
            79.5982191,
            11.0376886
          ],
          [
            79.598619,
            11.0377289
          ],
          [
            79.5991968,
            11.0378268
          ],
          [
            79.5994106,
            11.037854
          ],
          [
            79.5998517,
            11.0378964
          ],
          [
            79.6001919,
            11.037965
          ],
          [
            79.6006083,
            11.0380155
          ],
          [
            79.6009866,
            11.0380528
          ],
          [
            79.6014009,
            11.0380972
          ],
          [
            79.6016486,
            11.0381386
          ],
          [
            79.6019756,
            11.0381628
          ],
          [
            79.6024042,
            11.0382667
          ],
          [
            79.6029028,
            11.0384726
          ],
          [
            79.6031434,
            11.0386229
          ],
          [
            79.6032781,
            11.0386905
          ],
          [
            79.6034302,
            11.0387066
          ],
          [
            79.6035957,
            11.0386885
          ],
          [
            79.6037664,
            11.0386037
          ],
          [
            79.6039782,
            11.0384796
          ],
          [
            79.6042588,
            11.0384312
          ],
          [
            79.604522,
            11.0384039
          ],
          [
            79.6047533,
            11.0384181
          ],
          [
            79.6050432,
            11.0384796
          ],
          [
            79.6053711,
            11.0384948
          ],
          [
            79.6056024,
            11.038517
          ],
          [
            79.6058584,
            11.038527
          ],
          [
            79.6063025,
            11.0385745
          ],
          [
            79.6066335,
            11.0385977
          ],
          [
            79.6071702,
            11.038631
          ],
          [
            79.6074097,
            11.0385886
          ],
          [
            79.6076235,
            11.0385523
          ],
          [
            79.6079412,
            11.0385442
          ],
          [
            79.6082085,
            11.0385805
          ],
          [
            79.6084593,
            11.0386703
          ],
          [
            79.6087503,
            11.0387783
          ],
          [
            79.6089918,
            11.0388671
          ],
          [
            79.6091245,
            11.0388953
          ],
          [
            79.609329,
            11.0388509
          ],
          [
            79.6094935,
            11.0387531
          ],
          [
            79.6096498,
            11.0387006
          ],
          [
            79.6098574,
            11.0386966
          ],
          [
            79.6101165,
            11.0387732
          ],
          [
            79.6105082,
            11.0389044
          ],
          [
            79.6107827,
            11.0390487
          ],
          [
            79.6109883,
            11.0393232
          ],
          [
            79.6112072,
            11.0395502
          ],
          [
            79.6115074,
            11.0397379
          ],
          [
            79.6118426,
            11.0398953
          ],
          [
            79.6122743,
            11.0400375
          ],
          [
            79.6125221,
            11.0401425
          ],
          [
            79.6128027,
            11.0403796
          ],
          [
            79.6130515,
            11.0405784
          ],
          [
            79.6133034,
            11.0407307
          ],
          [
            79.6134833,
            11.0408023
          ],
          [
            79.613691,
            11.0408417
          ],
          [
            79.61395,
            11.0410001
          ],
          [
            79.6142111,
            11.0411283
          ],
          [
            79.6143931,
            11.0411716
          ],
          [
            79.6145812,
            11.0411908
          ],
          [
            79.6147848,
            11.0412251
          ],
          [
            79.6150973,
            11.0413704
          ],
          [
            79.61549,
            11.0416005
          ],
          [
            79.6157388,
            11.0417417
          ],
          [
            79.6157974,
            11.0418386
          ],
          [
            79.6158077,
            11.0419809
          ],
          [
            79.6158036,
            11.042219
          ],
          [
            79.6157419,
            11.0424541
          ],
          [
            79.61571,
            11.0425953
          ],
          [
            79.6156792,
            11.0428748
          ],
          [
            79.6156658,
            11.0431573
          ],
          [
            79.6156524,
            11.0434338
          ],
          [
            79.6156062,
            11.043794
          ],
          [
            79.6155743,
            11.0440543
          ],
          [
            79.6155661,
            11.0443984
          ],
          [
            79.6155794,
            11.0447576
          ],
          [
            79.6155065,
            11.0451239
          ],
          [
            79.6155065,
            11.0454942
          ],
          [
            79.6154756,
            11.0458251
          ],
          [
            79.6154294,
            11.0461803
          ],
          [
            79.6154232,
            11.0465748
          ],
          [
            79.6154232,
            11.046938
          ],
          [
            79.6153574,
            11.0472518
          ],
          [
            79.6152638,
            11.0475192
          ],
          [
            79.6152351,
            11.0476433
          ],
          [
            79.6152299,
            11.0477058
          ],
          [
            79.6152587,
            11.0477583
          ],
          [
            79.615307,
            11.0477916
          ],
          [
            79.6153625,
            11.0478108
          ],
          [
            79.6155023,
            11.0478138
          ],
          [
            79.6157779,
            11.0478078
          ],
          [
            79.6161593,
            11.0478441
          ],
          [
            79.6166116,
            11.0479248
          ],
          [
            79.616956,
            11.0480116
          ],
          [
            79.6171194,
            11.0480439
          ],
          [
            79.6172963,
            11.0480418
          ],
          [
            79.6174268,
            11.0480378
          ],
          [
            79.617617,
            11.0480196
          ],
          [
            79.617909,
            11.0480307
          ],
          [
            79.6180827,
            11.0480761
          ],
          [
            79.6182862,
            11.0481326
          ],
          [
            79.6184538,
            11.0481811
          ],
          [
            79.6186409,
            11.0482759
          ],
          [
            79.6188558,
            11.0483072
          ],
          [
            79.6191251,
            11.0483052
          ],
          [
            79.6194047,
            11.0482719
          ],
          [
            79.6196566,
            11.0482527
          ],
          [
            79.6198879,
            11.0482436
          ],
          [
            79.6201007,
            11.0482598
          ],
          [
            79.6203814,
            11.0483375
          ],
          [
            79.6207494,
            11.0484121
          ],
          [
            79.6210249,
            11.048394
          ],
          [
            79.6212685,
            11.0483001
          ],
          [
            79.62147,
            11.0482699
          ],
          [
            79.621762,
            11.0483193
          ],
          [
            79.6220642,
            11.0483768
          ],
          [
            79.6223346,
            11.0483576
          ],
          [
            79.6225885,
            11.0483082
          ],
          [
            79.6228795,
            11.0483042
          ],
          [
            79.6230923,
            11.0483233
          ],
          [
            79.6233092,
            11.0483284
          ],
          [
            79.6235806,
            11.0483264
          ],
          [
            79.6239353,
            11.0483667
          ],
          [
            79.6243424,
            11.0484656
          ],
          [
            79.6247289,
            11.0485231
          ],
          [
            79.6250034,
            11.048515
          ],
          [
            79.6253735,
            11.0485342
          ],
          [
            79.6257405,
            11.0485968
          ],
          [
            79.6260293,
            11.0487411
          ],
          [
            79.6262565,
            11.0489691
          ],
          [
            79.6264601,
            11.0491991
          ],
          [
            79.6266678,
            11.0494927
          ],
          [
            79.6269176,
            11.0497076
          ],
          [
            79.6271119,
            11.0498196
          ],
          [
            79.6274018,
            11.0500164
          ],
          [
            79.6276762,
            11.0502646
          ],
          [
            79.6278191,
            11.0504543
          ],
          [
            79.6280176,
            11.0508236
          ],
          [
            79.6281533,
            11.0511263
          ],
          [
            79.6282746,
            11.0514189
          ],
          [
            79.6283198,
            11.0518567
          ],
          [
            79.6283373,
            11.0522543
          ],
          [
            79.6283609,
            11.0525701
          ],
          [
            79.6284144,
            11.0528839
          ],
          [
            79.628364,
            11.053237
          ],
          [
            79.6282848,
            11.0535861
          ],
          [
            79.6282458,
            11.0539271
          ],
          [
            79.6282067,
            11.0542127
          ],
          [
            79.628071,
            11.054584
          ],
          [
            79.6280104,
            11.0548977
          ],
          [
            79.628069,
            11.0551318
          ],
          [
            79.6281882,
            11.0553407
          ],
          [
            79.6283208,
            11.0555293
          ],
          [
            79.6285038,
            11.0556444
          ],
          [
            79.6287639,
            11.055717
          ],
          [
            79.6290456,
            11.0556978
          ],
          [
            79.629353,
            11.0556827
          ],
          [
            79.6296336,
            11.0557241
          ],
          [
            79.6301476,
            11.0557755
          ],
          [
            79.6305568,
            11.0558149
          ],
          [
            79.6308971,
            11.0559057
          ],
          [
            79.6312342,
            11.0559803
          ],
          [
            79.6313874,
            11.0560096
          ],
          [
            79.6315499,
            11.0560197
          ],
          [
            79.6316177,
            11.0560379
          ],
          [
            79.6316588,
            11.0560732
          ],
          [
            79.6316794,
            11.0561287
          ],
          [
            79.6316742,
            11.0561872
          ],
          [
            79.6316372,
            11.0563224
          ],
          [
            79.6315478,
            11.0564576
          ],
          [
            79.6313957,
            11.0566785
          ],
          [
            79.6313144,
            11.0570165
          ],
          [
            79.6313,
            11.0574403
          ],
          [
            79.6312815,
            11.0577954
          ],
          [
            79.6312425,
            11.0582848
          ],
          [
            79.6312384,
            11.0586187
          ],
          [
            79.6312435,
            11.0586994
          ],
          [
            79.6312558,
            11.0587489
          ],
          [
            79.6312815,
            11.0587771
          ],
          [
            79.6313268,
            11.0587933
          ],
          [
            79.6314357,
            11.0588104
          ],
          [
            79.6318017,
            11.0588437
          ],
          [
            79.6320618,
            11.0587791
          ],
          [
            79.6321677,
            11.058757
          ],
          [
            79.6324782,
            11.0588235
          ],
          [
            79.6328287,
            11.0589073
          ],
          [
            79.6332533,
            11.0591081
          ],
          [
            79.6335329,
            11.0592463
          ],
          [
            79.6339092,
            11.0593431
          ],
          [
            79.6342371,
            11.0594218
          ],
          [
            79.6346217,
            11.0594877
          ],
          [
            79.6349255,
            11.0595648
          ],
          [
            79.6351058,
            11.0596818
          ],
          [
            79.6353093,
            11.0598887
          ],
          [
            79.6355216,
            11.0600956
          ],
          [
            79.6356815,
            11.0601969
          ],
          [
            79.6359708,
            11.0602682
          ],
          [
            79.6363343,
            11.0603039
          ],
          [
            79.6367079,
            11.0602982
          ],
          [
            79.6370685,
            11.060331
          ],
          [
            79.6375584,
            11.0604223
          ],
          [
            79.6377169,
            11.060458
          ],
          [
            79.6379888,
            11.0604508
          ],
          [
            79.6382258,
            11.0603952
          ],
          [
            79.6385238,
            11.0603838
          ],
          [
            79.6389309,
            11.0604237
          ],
          [
            79.6394194,
            11.0604309
          ],
          [
            79.6400736,
            11.0603709
          ],
          [
            79.6406493,
            11.0603881
          ],
          [
            79.6411698,
            11.0604195
          ],
          [
            79.6419781,
            11.0605307
          ],
          [
            79.6426295,
            11.0605393
          ],
          [
            79.6433099,
            11.0605193
          ],
          [
            79.643967,
            11.0605365
          ],
          [
            79.6449789,
            11.0605935
          ],
          [
            79.6457407,
            11.0606107
          ],
          [
            79.6460467,
            11.0606807
          ],
          [
            79.6461638,
            11.0606914
          ],
          [
            79.6462852,
            11.0607114
          ],
          [
            79.6464931,
            11.0607371
          ],
          [
            79.6468543,
            11.0607478
          ]
        ]
      },
      "properties": {
        "id": 377493929,
        "name": "OSM Drain Segment 29",
        "drain_type": "stream",
        "capacity": "49 m3/s",
        "status": "normal",
        "district": "Mayiladuthurai",
        "data_source_type": "OpenStreetMap Public Data"
      }
    },
    {
      "type": "Feature",
      "id": 377694250,
      "geometry": {
        "type": "LineString",
        "coordinates": [
          [
            79.5972808,
            11.0686901
          ],
          [
            79.5973646,
            11.068695
          ],
          [
            79.5974986,
            11.0686309
          ],
          [
            79.5976712,
            11.0685404
          ],
          [
            79.5978622,
            11.0684204
          ],
          [
            79.5979611,
            11.0683382
          ],
          [
            79.5980281,
            11.0682165
          ],
          [
            79.5981286,
            11.0680011
          ],
          [
            79.5982727,
            11.067761
          ],
          [
            79.5983799,
            11.0676278
          ],
          [
            79.5984403,
            11.0675226
          ],
          [
            79.5984855,
            11.067396
          ],
          [
            79.5985224,
            11.067294
          ],
          [
            79.5985693,
            11.0672266
          ],
          [
            79.5986531,
            11.0671904
          ],
          [
            79.5987586,
            11.0671822
          ],
          [
            79.5989061,
            11.0671
          ],
          [
            79.5990636,
            11.0670013
          ],
          [
            79.5991624,
            11.0669175
          ],
          [
            79.5992227,
            11.0668188
          ],
          [
            79.5992395,
            11.0667333
          ],
          [
            79.5992328,
            11.0665836
          ],
          [
            79.5992328,
            11.0665096
          ],
          [
            79.5992747,
            11.0664225
          ],
          [
            79.5993685,
            11.0663797
          ],
          [
            79.5994791,
            11.0663337
          ],
          [
            79.5995729,
            11.0663041
          ],
          [
            79.5996902,
            11.0662235
          ],
          [
            79.5997489,
            11.0661397
          ],
          [
            79.5997723,
            11.0660476
          ],
          [
            79.5997237,
            11.0659654
          ],
          [
            79.5996349,
            11.0658848
          ],
          [
            79.5995712,
            11.0658174
          ],
          [
            79.5995176,
            11.0657434
          ],
          [
            79.5994774,
            11.0656661
          ],
          [
            79.5994221,
            11.0655592
          ],
          [
            79.5993568,
            11.0654852
          ],
          [
            79.599273,
            11.0654211
          ],
          [
            79.5991674,
            11.0653619
          ],
          [
            79.5991306,
            11.0653076
          ],
          [
            79.5991272,
            11.0652254
          ],
          [
            79.5991725,
            11.0651415
          ],
          [
            79.5992378,
            11.0651053
          ],
          [
            79.5993199,
            11.0650856
          ],
          [
            79.5994003,
            11.0650692
          ],
          [
            79.5994774,
            11.0650133
          ],
          [
            79.5995444,
            11.0648965
          ],
          [
            79.5995846,
            11.0647896
          ],
          [
            79.5996131,
            11.0646926
          ],
          [
            79.5995796,
            11.0645791
          ],
          [
            79.5995511,
            11.0644854
          ],
          [
            79.599526,
            11.0643621
          ],
          [
            79.5995327,
            11.0642486
          ],
          [
            79.5995428,
            11.0641286
          ],
          [
            79.5996165,
            11.0640069
          ],
          [
            79.599722,
            11.0639543
          ],
          [
            79.5998377,
            11.0639296
          ],
          [
            79.5999533,
            11.0639428
          ],
          [
            79.6001309,
            11.0639806
          ],
          [
            79.6003587,
            11.064025
          ],
          [
            79.6004928,
            11.0640365
          ],
          [
            79.6006687,
            11.0640349
          ],
          [
            79.6008413,
            11.0640529
          ],
          [
            79.6009653,
            11.0640628
          ],
          [
            79.601034,
            11.0640398
          ],
          [
            79.6010742,
            11.0639954
          ],
          [
            79.6011412,
            11.0638803
          ],
          [
            79.6012334,
            11.0637635
          ],
          [
            79.6013121,
            11.0636402
          ],
          [
            79.6013925,
            11.0635892
          ],
          [
            79.6014881,
            11.0635826
          ],
          [
            79.6015869,
            11.0636122
          ],
          [
            79.6016774,
            11.0636451
          ],
          [
            79.6017545,
            11.0636468
          ],
          [
            79.6018248,
            11.0635859
          ],
          [
            79.6018768,
            11.0634758
          ],
          [
            79.601922,
            11.0633426
          ],
          [
            79.6019606,
            11.0632192
          ],
          [
            79.6020024,
            11.0631239
          ],
          [
            79.6020845,
            11.063017
          ],
          [
            79.6021599,
            11.0629824
          ],
          [
            79.602242,
            11.0629611
          ],
          [
            79.6023644,
            11.0629413
          ],
          [
            79.6024934,
            11.0629348
          ],
          [
            79.602681,
            11.0629249
          ],
          [
            79.6029139,
            11.0629331
          ],
          [
            79.6030044,
            11.0629561
          ],
          [
            79.6031519,
            11.0630137
          ],
          [
            79.6033445,
            11.0631748
          ],
          [
            79.6034719,
            11.0632587
          ],
          [
            79.6035808,
            11.0633327
          ],
          [
            79.6036914,
            11.0633738
          ],
          [
            79.6038673,
            11.0634034
          ],
          [
            79.6040265,
            11.0634083
          ],
          [
            79.6043314,
            11.0634199
          ],
          [
            79.6046146,
            11.0634231
          ],
          [
            79.6047704,
            11.063456
          ],
          [
            79.6049413,
            11.0635251
          ],
          [
            79.605077,
            11.063535
          ],
          [
            79.6052077,
            11.0635284
          ],
          [
            79.6053401,
            11.0634823
          ],
          [
            79.6054574,
            11.0634495
          ],
          [
            79.6056149,
            11.0634347
          ],
          [
            79.6058277,
            11.0634856
          ],
          [
            79.6060488,
            11.0635317
          ],
          [
            79.6062901,
            11.0635925
          ],
          [
            79.6065515,
            11.0636599
          ],
          [
            79.6068397,
            11.0638046
          ],
          [
            79.6071279,
            11.0639181
          ],
          [
            79.6073323,
            11.0639641
          ]
        ]
      },
      "properties": {
        "id": 377694250,
        "name": "OSM Drain Segment 50",
        "drain_type": "stream",
        "capacity": "20 m3/s",
        "status": "blocked",
        "district": "Mayiladuthurai",
        "data_source_type": "OpenStreetMap Public Data"
      }
    },
    {
      "type": "Feature",
      "id": 377694251,
      "geometry": {
        "type": "LineString",
        "coordinates": [
          [
            79.5966665,
            11.0697507
          ],
          [
            79.5971993,
            11.0696158
          ],
          [
            79.5974858,
            11.0695895
          ],
          [
            79.5977321,
            11.0696109
          ],
          [
            79.5979231,
            11.0697128
          ],
          [
            79.5981979,
            11.0699727
          ],
          [
            79.5984626,
            11.0701437
          ],
          [
            79.5988664,
            11.0702818
          ],
          [
            79.5992401,
            11.0703262
          ],
          [
            79.5996255,
            11.0703147
          ],
          [
            79.6001968,
            11.0702621
          ],
          [
            79.6008536,
            11.0703722
          ],
          [
            79.6013864,
            11.0705778
          ],
          [
            79.601936,
            11.0707636
          ],
          [
            79.6024655,
            11.070831
          ],
          [
            79.6028659,
            11.0707554
          ],
          [
            79.6031659,
            11.0705827
          ],
          [
            79.6034138,
            11.0703936
          ],
          [
            79.6037104,
            11.0702259
          ],
          [
            79.6040639,
            11.0702686
          ],
          [
            79.6045733,
            11.070489
          ],
          [
            79.6049905,
            11.0706518
          ],
          [
            79.6053692,
            11.0707948
          ],
          [
            79.6059053,
            11.0709741
          ],
          [
            79.6063711,
            11.0712684
          ],
          [
            79.6066995,
            11.0714805
          ],
          [
            79.6069274,
            11.0715595
          ],
          [
            79.6073631,
            11.0715726
          ],
          [
            79.607792,
            11.0715627
          ],
          [
            79.6082762,
            11.0715923
          ],
          [
            79.6088878,
            11.0717387
          ],
          [
            79.6091341,
            11.0717847
          ],
          [
            79.6093117,
            11.0717634
          ],
          [
            79.6094122,
            11.071714
          ],
          [
            79.6100339,
            11.0716828
          ],
          [
            79.6105633,
            11.0717716
          ],
          [
            79.6113257,
            11.0719245
          ],
          [
            79.6120395,
            11.0721218
          ],
          [
            79.6125421,
            11.0721744
          ],
          [
            79.613333,
            11.0725757
          ],
          [
            79.613849,
            11.0728124
          ],
          [
            79.6142244,
            11.0729144
          ],
          [
            79.6145628,
            11.0729506
          ],
          [
            79.6149582,
            11.0729769
          ],
          [
            79.6153771,
            11.0729539
          ],
          [
            79.6156486,
            11.0728914
          ],
          [
            79.6159468,
            11.0727664
          ],
          [
            79.6161244,
            11.0727138
          ],
          [
            79.6163255,
            11.0726546
          ],
          [
            79.6167142,
            11.0727105
          ],
          [
            79.6170057,
            11.0728749
          ],
          [
            79.6173073,
            11.0730098
          ],
          [
            79.6175587,
            11.0730657
          ],
          [
            79.6178234,
            11.0730394
          ],
          [
            79.6181686,
            11.0729012
          ],
          [
            79.6183931,
            11.0728256
          ],
          [
            79.6185975,
            11.0728322
          ],
          [
            79.6188622,
            11.0731479
          ],
          [
            79.6191605,
            11.0733649
          ],
          [
            79.6193381,
            11.0734998
          ],
          [
            79.6195291,
            11.0735195
          ],
          [
            79.6198407,
            11.0734044
          ],
          [
            79.6202429,
            11.0732433
          ],
          [
            79.6205612,
            11.0731775
          ],
          [
            79.6210136,
            11.0732827
          ],
          [
            79.6215732,
            11.0733912
          ],
          [
            79.6220089,
            11.0733978
          ],
          [
            79.6227159,
            11.0737037
          ],
          [
            79.6231717,
            11.0739536
          ],
          [
            79.6234264,
            11.0740029
          ],
          [
            79.6237849,
            11.0739503
          ],
          [
            79.6241066,
            11.0738582
          ],
          [
            79.6244518,
            11.0738056
          ],
          [
            79.6249042,
            11.0739207
          ],
          [
            79.6253666,
            11.0741213
          ],
          [
            79.6260771,
            11.0743285
          ],
          [
            79.6264063,
            11.0744199
          ],
          [
            79.6267499,
            11.0744851
          ],
          [
            79.6271882,
            11.0744083
          ],
          [
            79.6274536,
            11.0743944
          ],
          [
            79.6279773,
            11.0745083
          ],
          [
            79.6285081,
            11.0745083
          ],
          [
            79.6289228,
            11.0744688
          ],
          [
            79.6295009,
            11.0743595
          ],
          [
            79.6302805,
            11.074299
          ],
          [
            79.6309274,
            11.0743572
          ],
          [
            79.6311952,
            11.0745083
          ],
          [
            79.6314416,
            11.0747478
          ],
          [
            79.6317947,
            11.074785
          ],
          [
            79.6320932,
            11.074799
          ],
          [
            79.6327757,
            11.0748222
          ],
          [
            79.6333467,
            11.0750385
          ],
          [
            79.6337567,
            11.0751455
          ],
          [
            79.6342187,
            11.0752245
          ],
          [
            79.6347874,
            11.0752455
          ],
          [
            79.6351831,
            11.0753013
          ],
          [
            79.6356097,
            11.075478
          ],
          [
            79.6360054,
            11.0757571
          ],
          [
            79.636202,
            11.0759152
          ],
          [
            79.6364651,
            11.0761222
          ],
          [
            79.6369153,
            11.0760989
          ],
          [
            79.6372754,
            11.0759756
          ],
          [
            79.637811,
            11.0759361
          ],
          [
            79.6382612,
            11.075871
          ],
          [
            79.6386048,
            11.0756059
          ],
          [
            79.6391237,
            11.075099
          ],
          [
            79.6397777,
            11.0746385
          ],
          [
            79.6403535,
            11.0742432
          ],
          [
            79.6408464,
            11.0738386
          ],
          [
            79.6410312,
            11.0735502
          ],
          [
            79.6413084,
            11.0733921
          ],
          [
            79.6418321,
            11.0732851
          ],
          [
            79.6422041,
            11.0731689
          ],
          [
            79.6426046,
            11.0729363
          ],
          [
            79.6431709,
            11.0726503
          ],
          [
            79.643742,
            11.0724573
          ],
          [
            79.6442538,
            11.0723549
          ],
          [
            79.6444576,
            11.0723968
          ],
          [
            79.6446566,
            11.0725689
          ],
          [
            79.6448391,
            11.0727642
          ],
          [
            79.6451448,
            11.0728665
          ],
          [
            79.6454765,
            11.0729386
          ],
          [
            79.6459314,
            11.0729898
          ],
          [
            79.6462845,
            11.0730363
          ],
          [
            79.6467797,
            11.0730526
          ],
          [
            79.6471968,
            11.0730177
          ],
          [
            79.6476873,
            11.0729084
          ],
          [
            79.6479645,
            11.0728596
          ],
          [
            79.6481588,
            11.0728642
          ],
          [
            79.6484835,
            11.0729619
          ],
          [
            79.6488365,
            11.0730828
          ],
          [
            79.6492512,
            11.0730712
          ],
          [
            79.6496327,
            11.0730014
          ],
          [
            79.6499384,
            11.0729665
          ],
          [
            79.6501872,
            11.0730735
          ],
          [
            79.6505094,
            11.0732456
          ],
          [
            79.6508151,
            11.0732526
          ],
          [
            79.6512227,
            11.0732061
          ],
          [
            79.6515876,
            11.0731154
          ],
          [
            79.6521729,
            11.0729363
          ],
          [
            79.6526231,
            11.0728456
          ],
          [
            79.6530614,
            11.0728758
          ],
          [
            79.6534761,
            11.072841
          ],
          [
            79.6540496,
            11.0726038
          ],
          [
            79.6545874,
            11.0724549
          ],
          [
            79.6550779,
            11.0723503
          ],
          [
            79.6554002,
            11.0723015
          ],
          [
            79.6556443,
            11.0723503
          ],
          [
            79.6558812,
            11.0724735
          ],
          [
            79.6561182,
            11.0726317
          ],
          [
            79.6563291,
            11.072648
          ],
          [
            79.6566963,
            11.0724712
          ],
          [
            79.6569309,
            11.0723805
          ],
          [
            79.6573053,
            11.072255
          ],
          [
            79.6576536,
            11.0723689
          ],
          [
            79.6583693,
            11.0725387
          ],
          [
            79.6588929,
            11.0726131
          ],
          [
            79.6593976,
            11.0726456
          ],
          [
            79.6600185,
            11.0724898
          ],
          [
            79.6606938,
            11.0726363
          ],
          [
            79.6614141,
            11.0728177
          ],
          [
            79.6618549,
            11.0729898
          ],
          [
            79.6624117,
            11.0730758
          ],
          [
            79.6631084,
            11.0729293
          ],
          [
            79.6643927,
            11.0727526
          ],
          [
            79.6652647,
            11.0728503
          ],
          [
            79.6659116,
            11.07302
          ],
          [
            79.6666272,
            11.0729572
          ],
          [
            79.6677077,
            11.07302
          ],
          [
            79.6683356,
            11.0730968
          ],
          [
            79.6692266,
            11.0730851
          ],
          [
            79.6700915,
            11.0730549
          ],
          [
            79.6708165,
            11.0729828
          ],
          [
            79.6716198,
            11.0731689
          ],
          [
            79.6723686,
            11.0733712
          ],
          [
            79.6728899,
            11.073406
          ],
          [
            79.6733994,
            11.0732875
          ],
          [
            79.6737714,
            11.0731851
          ],
          [
            79.6743875,
            11.0731921
          ],
          [
            79.6749443,
            11.0733642
          ],
          [
            79.6757073,
            11.0734386
          ],
          [
            79.6764134,
            11.0734107
          ],
          [
            79.6770058,
            11.0734433
          ],
          [
            79.6776503,
            11.0734665
          ],
          [
            79.6780532,
            11.0734526
          ],
          [
            79.6785034,
            11.0734433
          ],
          [
            79.6787664,
            11.0734491
          ],
          [
            79.6791609,
            11.073506
          ],
          [
            79.679578,
            11.0735537
          ],
          [
            79.6800554,
            11.0736432
          ],
          [
            79.6803256,
            11.0736886
          ],
          [
            79.6804524,
            11.0737095
          ],
          [
            79.6807177,
            11.073656
          ],
          [
            79.681104,
            11.0736374
          ],
          [
            79.6816869,
            11.0737304
          ],
          [
            79.6819546,
            11.0737188
          ],
          [
            79.6823243,
            11.0736235
          ],
          [
            79.6828397,
            11.0736491
          ],
          [
            79.683233,
            11.0737339
          ],
          [
            79.6836915,
            11.0738746
          ],
          [
            79.6840564,
            11.073913
          ],
          [
            79.6844605,
            11.0739467
          ],
          [
            79.6849166,
            11.0739269
          ],
          [
            79.6854699,
            11.0738769
          ],
          [
            79.6858846,
            11.0738909
          ],
          [
            79.6863999,
            11.0739188
          ],
          [
            79.6868596,
            11.0739839
          ],
          [
            79.6873845,
            11.0740025
          ],
          [
            79.6878276,
            11.0739804
          ],
          [
            79.6884543,
            11.0740362
          ],
          [
            79.6889685,
            11.07407
          ],
          [
            79.6896699,
            11.0740607
          ],
          [
            79.6902457,
            11.0740886
          ],
          [
            79.690722,
            11.0741327
          ],
          [
            79.6912042,
            11.0741711
          ],
          [
            79.6918132,
            11.0741804
          ],
          [
            79.6923025,
            11.0741653
          ],
          [
            79.6930157,
            11.0741618
          ],
          [
            79.6936496,
            11.0741641
          ],
          [
            79.6943344,
            11.0742804
          ],
          [
            79.6947905,
            11.0743409
          ],
          [
            79.6953972,
            11.0743932
          ],
          [
            79.6958651,
            11.0743467
          ],
          [
            79.6967063,
            11.0742769
          ],
          [
            79.6972087,
            11.0743188
          ],
          [
            79.6979338,
            11.0744467
          ],
          [
            79.6984622,
            11.0745374
          ],
          [
            79.6990877,
            11.0746478
          ],
          [
            79.6996019,
            11.0746478
          ],
          [
            79.7001232,
            11.0745525
          ],
          [
            79.700673,
            11.0745688
          ],
          [
            79.7009538,
            11.0745746
          ],
          [
            79.7013483,
            11.0746374
          ],
          [
            79.7017938,
            11.0747013
          ],
          [
            79.7024205,
            11.0746455
          ],
          [
            79.7031065,
            11.0746153
          ],
          [
            79.7035378,
            11.0746839
          ],
          [
            79.704046,
            11.0748234
          ],
          [
            79.7044477,
            11.0748757
          ],
          [
            79.7050815,
            11.0748036
          ],
          [
            79.7055104,
            11.0747978
          ],
          [
            79.7061621,
            11.0747932
          ],
          [
            79.7066372,
            11.0748048
          ],
          [
            79.7072011,
            11.0747502
          ],
          [
            79.7077473,
            11.0746804
          ],
          [
            79.7086098,
            11.0746316
          ],
          [
            79.7090612,
            11.074656
          ],
          [
            79.7095861,
            11.0745943
          ],
          [
            79.7100055,
            11.0745339
          ],
          [
            79.7105659,
            11.0743769
          ],
          [
            79.7109391,
            11.0743106
          ],
          [
            79.7115137,
            11.0743792
          ],
          [
            79.712067,
            11.0744723
          ],
          [
            79.7124118,
            11.074456
          ],
          [
            79.7127482,
            11.0743467
          ],
          [
            79.7131854,
            11.0741688
          ],
          [
            79.7136356,
            11.0740769
          ],
          [
            79.7140444,
            11.0740583
          ],
          [
            79.7143299,
            11.0740769
          ],
          [
            79.714779,
            11.074063
          ],
          [
            79.7151841,
            11.0740595
          ],
          [
            79.7157706,
            11.0740607
          ],
          [
            79.7161782,
            11.0740804
          ],
          [
            79.7166805,
            11.0740955
          ],
          [
            79.7171959,
            11.0741246
          ],
          [
            79.7178215,
            11.0742293
          ],
          [
            79.7182906,
            11.0742711
          ],
          [
            79.7187586,
            11.0742769
          ],
          [
            79.7192207,
            11.0742944
          ],
          [
            79.7195062,
            11.0743397
          ],
          [
            79.7199529,
            11.0743955
          ],
          [
            79.7202953,
            11.0743955
          ],
          [
            79.7208549,
            11.0743955
          ],
          [
            79.7213777,
            11.074435
          ],
          [
            79.722001,
            11.0745205
          ],
          [
            79.7230532,
            11.0745928
          ],
          [
            79.7241255,
            11.0746915
          ],
          [
            79.7254325,
            11.0746915
          ],
          [
            79.7265919,
            11.074731
          ],
          [
            79.72749,
            11.074902
          ],
          [
            79.7279391,
            11.074823
          ]
        ]
      },
      "properties": {
        "id": 377694251,
        "name": "Manjalar River",
        "drain_type": "stream",
        "capacity": "21 m3/s",
        "status": "partially_blocked",
        "district": "Mayiladuthurai",
        "data_source_type": "OpenStreetMap Public Data"
      }
    },
    {
      "type": "Feature",
      "id": 377869021,
      "geometry": {
        "type": "LineString",
        "coordinates": [
          [
            79.8192677,
            11.185953
          ],
          [
            79.8193813,
            11.1858001
          ],
          [
            79.8194924,
            11.1856964
          ],
          [
            79.8196469,
            11.185489
          ],
          [
            79.8197113,
            11.185376
          ],
          [
            79.819756,
            11.1852903
          ],
          [
            79.8198041,
            11.1852411
          ],
          [
            79.8198414,
            11.1852092
          ],
          [
            79.8198983,
            11.1851905
          ],
          [
            79.8199627,
            11.1851992
          ],
          [
            79.820088,
            11.1852504
          ],
          [
            79.8201836,
            11.1852956
          ],
          [
            79.820334,
            11.1853355
          ],
          [
            79.8204634,
            11.1853561
          ],
          [
            79.8206227,
            11.1853647
          ],
          [
            79.820811,
            11.1853589
          ],
          [
            79.8209193,
            11.1853411
          ],
          [
            79.8210199,
            11.1852875
          ],
          [
            79.8210765,
            11.1852198
          ],
          [
            79.8211071,
            11.185123
          ],
          [
            79.8211397,
            11.1849528
          ],
          [
            79.8211723,
            11.1847432
          ],
          [
            79.8212126,
            11.1845918
          ],
          [
            79.8212528,
            11.1844095
          ],
          [
            79.8213036,
            11.1842553
          ],
          [
            79.8213429,
            11.1841218
          ],
          [
            79.8214368,
            11.1839112
          ],
          [
            79.8214905,
            11.1836837
          ],
          [
            79.8215259,
            11.1834139
          ],
          [
            79.8215508,
            11.1832043
          ],
          [
            79.8215959,
            11.1829984
          ],
          [
            79.8216812,
            11.1829166
          ],
          [
            79.821823,
            11.1828094
          ],
          [
            79.8220051,
            11.1827192
          ],
          [
            79.8221258,
            11.1826647
          ],
          [
            79.8222446,
            11.1825838
          ],
          [
            79.8222427,
            11.1823751
          ],
          [
            79.8222408,
            11.1821269
          ],
          [
            79.822258,
            11.1819333
          ],
          [
            79.8222791,
            11.1818092
          ],
          [
            79.8223462,
            11.1816024
          ],
          [
            79.822396,
            11.1814501
          ],
          [
            79.8224075,
            11.1813053
          ],
          [
            79.8223826,
            11.1810947
          ],
          [
            79.8223232,
            11.1808729
          ],
          [
            79.8223194,
            11.1807055
          ],
          [
            79.8223443,
            11.1805608
          ],
          [
            79.8223615,
            11.1803915
          ],
          [
            79.822327,
            11.1800982
          ],
          [
            79.8222906,
            11.1798162
          ],
          [
            79.8222753,
            11.1796019
          ],
          [
            79.8222964,
            11.1792615
          ],
          [
            79.8223232,
            11.1790754
          ],
          [
            79.8223673,
            11.1787765
          ],
          [
            79.8223615,
            11.1785395
          ]
        ]
      },
      "properties": {
        "id": 377869021,
        "name": "OSM Drain Segment 21",
        "drain_type": "stream",
        "capacity": "41 m3/s",
        "status": "partially_blocked",
        "district": "Mayiladuthurai",
        "data_source_type": "OpenStreetMap Public Data"
      }
    },
    {
      "type": "Feature",
      "id": 377869022,
      "geometry": {
        "type": "LineString",
        "coordinates": [
          [
            79.7607387,
            11.1803482
          ],
          [
            79.7608423,
            11.1803279
          ],
          [
            79.7609396,
            11.1803247
          ],
          [
            79.7609866,
            11.1803247
          ],
          [
            79.7610796,
            11.1802639
          ],
          [
            79.7611982,
            11.1801402
          ],
          [
            79.7612388,
            11.1800846
          ],
          [
            79.7613649,
            11.1800647
          ],
          [
            79.7615167,
            11.1800563
          ],
          [
            79.7616792,
            11.1800217
          ],
          [
            79.7619004,
            11.1799913
          ],
          [
            79.7619645,
            11.1799861
          ],
          [
            79.7620158,
            11.179985
          ],
          [
            79.7620458,
            11.179985
          ],
          [
            79.76208,
            11.179984
          ],
          [
            79.7621045,
            11.1799577
          ],
          [
            79.7621131,
            11.179919
          ],
          [
            79.7621088,
            11.179876
          ],
          [
            79.7621163,
            11.1798351
          ],
          [
            79.7621313,
            11.1798015
          ],
          [
            79.7621676,
            11.1797847
          ],
          [
            79.7622499,
            11.1797847
          ],
          [
            79.7623504,
            11.179811
          ],
          [
            79.7625224,
            11.1798193
          ],
          [
            79.7626828,
            11.1798089
          ],
          [
            79.7627586,
            11.1798047
          ],
          [
            79.7628655,
            11.1798466
          ],
          [
            79.7629735,
            11.1798351
          ],
          [
            79.7630536,
            11.1798068
          ],
          [
            79.7630964,
            11.1797785
          ],
          [
            79.7631359,
            11.1797313
          ],
          [
            79.7631819,
            11.1796799
          ],
          [
            79.7632129,
            11.1796631
          ],
          [
            79.7632599,
            11.1796694
          ],
          [
            79.7632973,
            11.179683
          ],
          [
            79.7633529,
            11.179704
          ],
          [
            79.7634127,
            11.1797187
          ],
          [
            79.7634876,
            11.1797134
          ],
          [
            79.7635955,
            11.1796851
          ],
          [
            79.7637366,
            11.1796726
          ],
          [
            79.7638584,
            11.1796589
          ],
          [
            79.7639632,
            11.1796726
          ],
          [
            79.7640401,
            11.1796862
          ],
          [
            79.7641523,
            11.1796621
          ],
          [
            79.7642763,
            11.179638
          ],
          [
            79.7643992,
            11.1796484
          ],
          [
            79.7644805,
            11.1796642
          ],
          [
            79.7645777,
            11.1796946
          ],
          [
            79.7646793,
            11.1797009
          ],
          [
            79.7647915,
            11.1796988
          ],
          [
            79.7648738,
            11.1797386
          ],
          [
            79.7649988,
            11.1798204
          ],
          [
            79.7651025,
            11.1798676
          ],
          [
            79.7652318,
            11.1799095
          ],
          [
            79.7653782,
            11.1799577
          ],
          [
            79.7655108,
            11.1799735
          ],
          [
            79.765654,
            11.1799745
          ],
          [
            79.7657427,
            11.1799965
          ],
          [
            79.7659201,
            11.1799997
          ],
          [
            79.7660911,
            11.1799944
          ],
          [
            79.7662568,
            11.1800018
          ],
          [
            79.7664118,
            11.1800186
          ],
          [
            79.7665208,
            11.1800374
          ],
          [
            79.7665588,
            11.1800671
          ],
          [
            79.7666341,
            11.1801045
          ],
          [
            79.7668468,
            11.1801737
          ],
          [
            79.7670231,
            11.180245
          ],
          [
            79.7671482,
            11.1803038
          ],
          [
            79.7672957,
            11.1803279
          ],
          [
            79.7674004,
            11.1803426
          ],
          [
            79.7675479,
            11.1803939
          ],
          [
            79.7677702,
            11.1804789
          ],
          [
            79.7679979,
            11.180591
          ],
          [
            79.7681218,
            11.1806519
          ],
          [
            79.7681721,
            11.1806928
          ],
          [
            79.7681828,
            11.1807305
          ],
          [
            79.7681828,
            11.1807714
          ],
          [
            79.7681689,
            11.180828
          ],
          [
            79.7681357,
            11.1809108
          ],
          [
            79.7680887,
            11.1809989
          ],
          [
            79.7680716,
            11.1810818
          ],
          [
            79.7680844,
            11.1811761
          ],
          [
            79.7681186,
            11.1812757
          ],
          [
            79.7681283,
            11.1813669
          ],
          [
            79.7681293,
            11.1815473
          ],
          [
            79.7681197,
            11.1816899
          ],
          [
            79.7681261,
            11.1817905
          ],
          [
            79.7681432,
            11.1819384
          ],
          [
            79.7681592,
            11.1820558
          ],
          [
            79.7681698,
            11.1821355
          ],
          [
            79.7681767,
            11.1822246
          ],
          [
            79.7681778,
            11.1823352
          ],
          [
            79.7681805,
            11.1824469
          ],
          [
            79.7682066,
            11.1825376
          ],
          [
            79.7682478,
            11.1826817
          ],
          [
            79.7682799,
            11.1828007
          ],
          [
            79.7683141,
            11.1828804
          ],
          [
            79.7683461,
            11.1829286
          ],
          [
            79.7683803,
            11.1829664
          ],
          [
            79.7684359,
            11.1830482
          ],
          [
            79.7684637,
            11.1831069
          ],
          [
            79.7684722,
            11.1831656
          ],
          [
            79.7684509,
            11.1832558
          ],
          [
            79.7684295,
            11.183325
          ],
          [
            79.7684444,
            11.1834131
          ],
          [
            79.7684615,
            11.1834927
          ],
          [
            79.7684893,
            11.1835787
          ],
          [
            79.7684936,
            11.1836374
          ],
          [
            79.7684979,
            11.1837276
          ],
          [
            79.768515,
            11.1838241
          ],
          [
            79.7685385,
            11.1838891
          ],
          [
            79.7685684,
            11.1839541
          ],
          [
            79.7686112,
            11.184017
          ],
          [
            79.7686774,
            11.1840862
          ],
          [
            79.768733,
            11.1841785
          ],
          [
            79.7687437,
            11.1842728
          ],
          [
            79.7687822,
            11.1843399
          ],
          [
            79.7688784,
            11.1844028
          ],
          [
            79.7689511,
            11.1844741
          ],
          [
            79.7689959,
            11.1845685
          ],
          [
            79.7690237,
            11.1846943
          ],
          [
            79.7690622,
            11.1847929
          ],
          [
            79.7691071,
            11.18486
          ],
          [
            79.7691776,
            11.1849376
          ],
          [
            79.7692289,
            11.1849942
          ],
          [
            79.7693102,
            11.1850319
          ],
          [
            79.7693935,
            11.1850403
          ],
          [
            79.7695197,
            11.1850466
          ],
          [
            79.7696158,
            11.1850927
          ],
          [
            79.7697377,
            11.1851242
          ],
          [
            79.7698232,
            11.1851619
          ],
          [
            79.7699087,
            11.1851934
          ],
          [
            79.7700476,
            11.1851955
          ],
          [
            79.7701588,
            11.1852228
          ],
          [
            79.7702572,
            11.1852307
          ],
          [
            79.7703705,
            11.1852265
          ],
          [
            79.7704966,
            11.1852139
          ],
          [
            79.7706719,
            11.1852601
          ],
          [
            79.7707948,
            11.1852762
          ],
          [
            79.7709284,
            11.1852936
          ],
          [
            79.7712384,
            11.1853439
          ],
          [
            79.771512,
            11.1854194
          ],
          [
            79.7718155,
            11.185474
          ],
          [
            79.772025,
            11.1855662
          ],
          [
            79.7720785,
            11.1856228
          ],
          [
            79.7721169,
            11.1856543
          ],
          [
            79.7721896,
            11.1856732
          ],
          [
            79.7722815,
            11.1856669
          ],
          [
            79.772335,
            11.185669
          ],
          [
            79.772553,
            11.1857256
          ],
          [
            79.7727112,
            11.185757
          ],
          [
            79.7728523,
            11.1857738
          ],
          [
            79.7729955,
            11.1858325
          ],
          [
            79.7731537,
            11.1858241
          ],
          [
            79.7732798,
            11.1857864
          ],
          [
            79.7733888,
            11.1857633
          ],
          [
            79.7735085,
            11.1857654
          ],
          [
            79.7736026,
            11.1857445
          ],
          [
            79.7737116,
            11.1857487
          ],
          [
            79.7738206,
            11.1857445
          ],
          [
            79.7739339,
            11.1857109
          ],
          [
            79.774013,
            11.1856333
          ],
          [
            79.7740771,
            11.1855473
          ],
          [
            79.7742096,
            11.1855348
          ],
          [
            79.7744212,
            11.1855159
          ],
          [
            79.7745516,
            11.1855159
          ],
          [
            79.774712,
            11.1854446
          ],
          [
            79.7749663,
            11.1854173
          ],
          [
            79.7752228,
            11.1853754
          ],
          [
            79.7754729,
            11.1853502
          ],
          [
            79.7756653,
            11.1853418
          ],
          [
            79.7758598,
            11.1853796
          ],
          [
            79.7760373,
            11.185367
          ],
          [
            79.776251,
            11.1853544
          ],
          [
            79.7766101,
            11.1854089
          ],
          [
            79.776935,
            11.1854467
          ],
          [
            79.7770654,
            11.1854781
          ],
          [
            79.7772749,
            11.1855998
          ],
          [
            79.7774139,
            11.1856836
          ],
          [
            79.7775998,
            11.1858367
          ],
          [
            79.7777174,
            11.1859416
          ],
          [
            79.7777777,
            11.1859898
          ],
          [
            79.7778087,
            11.1860024
          ],
          [
            79.7778611,
            11.1860003
          ],
          [
            79.7779017,
            11.1859783
          ],
          [
            79.7779733,
            11.1859384
          ],
          [
            79.7780321,
            11.1859311
          ],
          [
            79.7780716,
            11.1859405
          ],
          [
            79.7781518,
            11.185994
          ],
          [
            79.7782822,
            11.186081
          ],
          [
            79.7783516,
            11.1861492
          ],
          [
            79.7783773,
            11.1862247
          ],
          [
            79.778388,
            11.1863148
          ],
          [
            79.7783826,
            11.1864218
          ],
          [
            79.7783773,
            11.1864994
          ],
          [
            79.7783944,
            11.1865916
          ],
          [
            79.7784393,
            11.1866818
          ],
          [
            79.778513,
            11.1867437
          ],
          [
            79.7786381,
            11.1867783
          ],
          [
            79.7787792,
            11.1868496
          ],
          [
            79.7788786,
            11.1869125
          ],
          [
            79.7789566,
            11.186967
          ],
          [
            79.7790656,
            11.18701
          ],
          [
            79.7792163,
            11.1870823
          ],
          [
            79.7793093,
            11.187161
          ],
          [
            79.7793798,
            11.1872438
          ],
          [
            79.7795348,
            11.1872616
          ]
        ]
      },
      "properties": {
        "id": 377869022,
        "name": "OSM Drain Segment 22",
        "drain_type": "stream",
        "capacity": "42 m3/s",
        "status": "normal",
        "district": "Mayiladuthurai",
        "data_source_type": "OpenStreetMap Public Data"
      }
    },
    {
      "type": "Feature",
      "id": 377869023,
      "geometry": {
        "type": "LineString",
        "coordinates": [
          [
            79.7577877,
            11.1867331
          ],
          [
            79.7577724,
            11.1864605
          ],
          [
            79.757757,
            11.1860901
          ],
          [
            79.7577149,
            11.1857479
          ],
          [
            79.7577264,
            11.1852515
          ],
          [
            79.7577379,
            11.1846818
          ],
          [
            79.7576804,
            11.1844318
          ],
          [
            79.7576861,
            11.1841291
          ],
          [
            79.757621,
            11.1839486
          ],
          [
            79.7576133,
            11.1836384
          ],
          [
            79.7575213,
            11.1832153
          ],
          [
            79.7575155,
            11.1830593
          ],
          [
            79.757552,
            11.182843
          ],
          [
            79.7575903,
            11.1824839
          ],
          [
            79.7575635,
            11.1820703
          ],
          [
            79.757527,
            11.1818089
          ],
          [
            79.7575615,
            11.1815664
          ],
          [
            79.7575941,
            11.1813276
          ],
          [
            79.7575558,
            11.1810437
          ],
          [
            79.7575826,
            11.1809177
          ],
          [
            79.7576746,
            11.1807805
          ],
          [
            79.7576938,
            11.1805079
          ],
          [
            79.7576248,
            11.1802747
          ],
          [
            79.7575807,
            11.1800341
          ],
          [
            79.7575366,
            11.179799
          ],
          [
            79.7574753,
            11.1795377
          ],
          [
            79.757466,
            11.1794602
          ]
        ]
      },
      "properties": {
        "id": 377869023,
        "name": "OSM Drain Segment 23",
        "drain_type": "stream",
        "capacity": "43 m3/s",
        "status": "normal",
        "district": "Mayiladuthurai",
        "data_source_type": "OpenStreetMap Public Data"
      }
    },
    {
      "type": "Feature",
      "id": 377869024,
      "geometry": {
        "type": "LineString",
        "coordinates": [
          [
            79.7449716,
            11.1503655
          ],
          [
            79.7451693,
            11.1512875
          ],
          [
            79.7451746,
            11.1521348
          ],
          [
            79.7453785,
            11.1533822
          ],
          [
            79.7454858,
            11.1539506
          ],
          [
            79.7453034,
            11.1545874
          ],
          [
            79.7453108,
            11.1549533
          ],
          [
            79.7454214,
            11.1550295
          ],
          [
            79.7457808,
            11.1550085
          ],
          [
            79.7464111,
            11.15514
          ],
          [
            79.7468269,
            11.1554269
          ],
          [
            79.7474143,
            11.1555169
          ],
          [
            79.7480932,
            11.1562812
          ],
          [
            79.7483475,
            11.1568704
          ],
          [
            79.7484712,
            11.1578543
          ],
          [
            79.7485481,
            11.1584314
          ],
          [
            79.74866,
            11.1595744
          ],
          [
            79.7488127,
            11.1602908
          ],
          [
            79.7488351,
            11.161166
          ],
          [
            79.7486723,
            11.1612679
          ],
          [
            79.7484149,
            11.1612707
          ],
          [
            79.7482268,
            11.1613553
          ],
          [
            79.7481903,
            11.1615452
          ],
          [
            79.7481352,
            11.1618494
          ],
          [
            79.7481807,
            11.1623975
          ],
          [
            79.7481114,
            11.1631656
          ],
          [
            79.7479216,
            11.1640607
          ],
          [
            79.7476648,
            11.1649897
          ],
          [
            79.7478112,
            11.1655432
          ],
          [
            79.747956,
            11.1663093
          ],
          [
            79.748442,
            11.1663541
          ],
          [
            79.7491615,
            11.1664633
          ],
          [
            79.7494983,
            11.1665106
          ],
          [
            79.7497656,
            11.1665613
          ],
          [
            79.7498874,
            11.1666964
          ],
          [
            79.7499736,
            11.1668251
          ],
          [
            79.7498552,
            11.1670614
          ],
          [
            79.7497804,
            11.1673349
          ],
          [
            79.7498379,
            11.1675207
          ],
          [
            79.7500942,
            11.1675843
          ],
          [
            79.7502706,
            11.1676107
          ],
          [
            79.7503415,
            11.1677426
          ],
          [
            79.7502034,
            11.1679381
          ],
          [
            79.749953,
            11.168141
          ],
          [
            79.7498278,
            11.1682952
          ],
          [
            79.7499046,
            11.1684803
          ],
          [
            79.7499698,
            11.1685492
          ],
          [
            79.750281,
            11.168558
          ],
          [
            79.7507723,
            11.1685659
          ],
          [
            79.7509611,
            11.168703
          ],
          [
            79.7509861,
            11.1688831
          ],
          [
            79.7508627,
            11.1690477
          ],
          [
            79.7506519,
            11.1695569
          ],
          [
            79.7506792,
            11.1699138
          ],
          [
            79.7508074,
            11.17006
          ],
          [
            79.7511383,
            11.1700467
          ],
          [
            79.7516011,
            11.1698849
          ],
          [
            79.7519682,
            11.1699
          ],
          [
            79.7520981,
            11.1700655
          ],
          [
            79.7521459,
            11.1702713
          ],
          [
            79.7518817,
            11.1706393
          ],
          [
            79.7515512,
            11.1709763
          ],
          [
            79.751224,
            11.1713955
          ],
          [
            79.7510565,
            11.1716639
          ],
          [
            79.7506371,
            11.1718344
          ],
          [
            79.7502368,
            11.1720235
          ],
          [
            79.7497861,
            11.1725255
          ],
          [
            79.749386,
            11.1730765
          ],
          [
            79.7491495,
            11.173473
          ],
          [
            79.7491309,
            11.1739225
          ],
          [
            79.7494682,
            11.1750069
          ],
          [
            79.7496185,
            11.1755716
          ],
          [
            79.7495672,
            11.1761139
          ],
          [
            79.7497722,
            11.1762393
          ],
          [
            79.7502033,
            11.1759671
          ],
          [
            79.7507063,
            11.1757388
          ],
          [
            79.7511184,
            11.1757875
          ],
          [
            79.7515305,
            11.1759441
          ],
          [
            79.7524738,
            11.1763923
          ],
          [
            79.7530729,
            11.1764695
          ],
          [
            79.7533542,
            11.1762607
          ],
          [
            79.7535498,
            11.1761069
          ],
          [
            79.7537683,
            11.176124
          ],
          [
            79.7544256,
            11.1766504
          ],
          [
            79.7549055,
            11.1768237
          ],
          [
            79.7553487,
            11.1770869
          ],
          [
            79.7556675,
            11.1773595
          ],
          [
            79.7559087,
            11.1775138
          ],
          [
            79.7559195,
            11.1776015
          ],
          [
            79.7558789,
            11.1777318
          ],
          [
            79.7556946,
            11.1779897
          ],
          [
            79.7555075,
            11.1783168
          ],
          [
            79.7554371,
            11.1784364
          ],
          [
            79.7553966,
            11.1785093
          ],
          [
            79.7553883,
            11.1785242
          ],
          [
            79.7554154,
            11.1785614
          ],
          [
            79.7555888,
            11.1787263
          ],
          [
            79.7558274,
            11.1789762
          ],
          [
            79.7560876,
            11.179149
          ],
          [
            79.7563396,
            11.1793431
          ],
          [
            79.7565077,
            11.1794282
          ],
          [
            79.756711,
            11.1794761
          ],
          [
            79.7569712,
            11.1794468
          ],
          [
            79.7572856,
            11.1794362
          ],
          [
            79.757466,
            11.1794602
          ],
          [
            79.7575458,
            11.1794708
          ],
          [
            79.7576921,
            11.1794947
          ],
          [
            79.7577975,
            11.1794978
          ],
          [
            79.7578737,
            11.1795
          ],
          [
            79.7580635,
            11.1794867
          ],
          [
            79.758283,
            11.1794309
          ],
          [
            79.7584727,
            11.1793751
          ],
          [
            79.7587736,
            11.1794016
          ],
          [
            79.759172,
            11.1794123
          ],
          [
            79.7595434,
            11.1795266
          ],
          [
            79.7597358,
            11.1795931
          ],
          [
            79.759912,
            11.1797686
          ],
          [
            79.7600394,
            11.1799733
          ],
          [
            79.7602047,
            11.1801781
          ],
          [
            79.7603538,
            11.1802525
          ],
          [
            79.7606194,
            11.1803084
          ],
          [
            79.7607387,
            11.1803482
          ]
        ]
      },
      "properties": {
        "id": 377869024,
        "name": "OSM Drain Segment 24",
        "drain_type": "stream",
        "capacity": "44 m3/s",
        "status": "normal",
        "district": "Mayiladuthurai",
        "data_source_type": "OpenStreetMap Public Data"
      }
    },
    {
      "type": "Feature",
      "id": 377869025,
      "geometry": {
        "type": "LineString",
        "coordinates": [
          [
            79.7621121,
            11.1865982
          ],
          [
            79.7622965,
            11.1863876
          ],
          [
            79.7625474,
            11.1861267
          ],
          [
            79.7627983,
            11.1860822
          ],
          [
            79.7629978,
            11.185753
          ],
          [
            79.7630039,
            11.1854802
          ],
          [
            79.7629343,
            11.1853734
          ],
          [
            79.762886,
            11.1850768
          ],
          [
            79.7629192,
            11.1848604
          ],
          [
            79.7628467,
            11.1847121
          ],
          [
            79.7627076,
            11.1846023
          ],
          [
            79.7626925,
            11.1844244
          ],
          [
            79.7626653,
            11.1843236
          ],
          [
            79.7625383,
            11.1842435
          ],
          [
            79.7624597,
            11.1841486
          ],
          [
            79.7624204,
            11.1840092
          ],
          [
            79.7623025,
            11.1838936
          ],
          [
            79.7622088,
            11.1835199
          ],
          [
            79.7621786,
            11.183336
          ],
          [
            79.7621151,
            11.1831878
          ],
          [
            79.7620728,
            11.1830039
          ],
          [
            79.761964,
            11.1828675
          ],
          [
            79.7618491,
            11.1827014
          ],
          [
            79.7617644,
            11.1825175
          ],
          [
            79.7617644,
            11.1824286
          ],
          [
            79.7616798,
            11.182307
          ],
          [
            79.7615407,
            11.1822625
          ],
          [
            79.7615075,
            11.1822002
          ],
          [
            79.7615453,
            11.1820556
          ],
          [
            79.7615453,
            11.1819852
          ],
          [
            79.7614266,
            11.1817761
          ],
          [
            79.7613344,
            11.1816338
          ],
          [
            79.7612059,
            11.1813936
          ],
          [
            79.7611576,
            11.1812868
          ],
          [
            79.7610971,
            11.18114
          ],
          [
            79.7610367,
            11.1809635
          ],
          [
            79.7609762,
            11.1808464
          ],
          [
            79.760887,
            11.180756
          ],
          [
            79.7608084,
            11.1806299
          ],
          [
            79.7607827,
            11.1805291
          ],
          [
            79.760751,
            11.1804179
          ],
          [
            79.7607387,
            11.1803482
          ]
        ]
      },
      "properties": {
        "id": 377869025,
        "name": "OSM Drain Segment 25",
        "drain_type": "stream",
        "capacity": "45 m3/s",
        "status": "blocked",
        "district": "Mayiladuthurai",
        "data_source_type": "OpenStreetMap Public Data"
      }
    },
    {
      "type": "Feature",
      "id": 377869026,
      "geometry": {
        "type": "LineString",
        "coordinates": [
          [
            79.758228,
            11.1666345
          ],
          [
            79.7582144,
            11.1667131
          ],
          [
            79.7581781,
            11.1667472
          ],
          [
            79.7581297,
            11.1667635
          ],
          [
            79.7580133,
            11.1667916
          ],
          [
            79.7579499,
            11.1668347
          ],
          [
            79.7578879,
            11.1669296
          ],
          [
            79.7578304,
            11.1669785
          ],
          [
            79.7577549,
            11.1670319
          ],
          [
            79.7576702,
            11.1671016
          ],
          [
            79.7575327,
            11.1672321
          ],
          [
            79.7574647,
            11.1673314
          ],
          [
            79.7573997,
            11.1674441
          ],
          [
            79.7573543,
            11.1675331
          ],
          [
            79.7573014,
            11.1676339
          ],
          [
            79.7572655,
            11.1677151
          ],
          [
            79.7571761,
            11.1678852
          ],
          [
            79.7570405,
            11.1679198
          ],
          [
            79.7568969,
            11.1679092
          ],
          [
            79.7567993,
            11.1679437
          ],
          [
            79.7567776,
            11.1681059
          ],
          [
            79.7567668,
            11.1683506
          ],
          [
            79.7566015,
            11.1686005
          ],
          [
            79.7565228,
            11.1688133
          ],
          [
            79.7563846,
            11.1690579
          ],
          [
            79.7564199,
            11.1692148
          ],
          [
            79.7564985,
            11.1694514
          ],
          [
            79.7565771,
            11.1697333
          ],
          [
            79.7564985,
            11.1698636
          ],
          [
            79.7563684,
            11.1699407
          ],
          [
            79.7562301,
            11.1700019
          ],
          [
            79.7560756,
            11.1701774
          ],
          [
            79.7560034,
            11.1704506
          ],
          [
            79.7560034,
            11.1709977
          ],
          [
            79.7560187,
            11.1712027
          ],
          [
            79.756036,
            11.1715975
          ],
          [
            79.7560705,
            11.1717442
          ],
          [
            79.7561395,
            11.1717761
          ],
          [
            79.7562909,
            11.1717799
          ],
          [
            79.7565553,
            11.1717931
          ],
          [
            79.7567815,
            11.1717893
          ],
          [
            79.7569272,
            11.1717874
          ],
          [
            79.7569904,
            11.1718062
          ],
          [
            79.7569981,
            11.1718664
          ],
          [
            79.7569866,
            11.1722124
          ],
          [
            79.7570268,
            11.1724643
          ],
          [
            79.7571226,
            11.1726091
          ],
          [
            79.7572491,
            11.172846
          ],
          [
            79.7572894,
            11.1730603
          ],
          [
            79.7572779,
            11.1732484
          ],
          [
            79.7572204,
            11.173568
          ],
          [
            79.7571725,
            11.1739441
          ],
          [
            79.7571111,
            11.1741358
          ],
          [
            79.7571226,
            11.1743765
          ],
          [
            79.757046,
            11.174856
          ],
          [
            79.7570422,
            11.1752094
          ],
          [
            79.7570659,
            11.175426
          ],
          [
            79.7570958,
            11.1756983
          ],
          [
            79.7571801,
            11.1762812
          ],
          [
            79.7572051,
            11.176676
          ],
          [
            79.7572798,
            11.1770502
          ],
          [
            79.7573124,
            11.1773096
          ],
          [
            79.7573565,
            11.1778417
          ],
          [
            79.7573641,
            11.1780749
          ],
          [
            79.757458,
            11.1783926
          ],
          [
            79.7574983,
            11.1787085
          ],
          [
            79.7575385,
            11.1790187
          ],
          [
            79.7575807,
            11.1793327
          ],
          [
            79.7576344,
            11.1794004
          ],
          [
            79.7577034,
            11.1794418
          ],
          [
            79.7577975,
            11.1794978
          ]
        ]
      },
      "properties": {
        "id": 377869026,
        "name": "OSM Drain Segment 26",
        "drain_type": "stream",
        "capacity": "46 m3/s",
        "status": "partially_blocked",
        "district": "Mayiladuthurai",
        "data_source_type": "OpenStreetMap Public Data"
      }
    },
    {
      "type": "Feature",
      "id": 377869027,
      "geometry": {
        "type": "LineString",
        "coordinates": [
          [
            79.7553953,
            11.1754237
          ],
          [
            79.7556528,
            11.1754503
          ],
          [
            79.7560838,
            11.1754662
          ],
          [
            79.7565418,
            11.1754529
          ],
          [
            79.7569186,
            11.1754609
          ],
          [
            79.7570659,
            11.175426
          ]
        ]
      },
      "properties": {
        "id": 377869027,
        "name": "OSM Drain Segment 27",
        "drain_type": "stream",
        "capacity": "47 m3/s",
        "status": "normal",
        "district": "Mayiladuthurai",
        "data_source_type": "OpenStreetMap Public Data"
      }
    },
    {
      "type": "Feature",
      "id": 378938414,
      "geometry": {
        "type": "LineString",
        "coordinates": [
          [
            79.7707106,
            11.0584281
          ],
          [
            79.7710115,
            11.058434
          ],
          [
            79.7717946,
            11.0584372
          ],
          [
            79.7722238,
            11.0584694
          ],
          [
            79.7726137,
            11.0585305
          ],
          [
            79.7728529,
            11.058463
          ],
          [
            79.7732002,
            11.0583697
          ],
          [
            79.7733771,
            11.058479
          ],
          [
            79.7735639,
            11.0586495
          ],
          [
            79.7738293,
            11.0588424
          ],
          [
            79.7740619,
            11.0588617
          ],
          [
            79.7743437,
            11.0588553
          ],
          [
            79.7745108,
            11.058807
          ],
          [
            79.7748319,
            11.0587588
          ],
          [
            79.7751399,
            11.0587845
          ],
          [
            79.7755232,
            11.0588456
          ],
          [
            79.7758804,
            11.0588681
          ],
          [
            79.7764439,
            11.0588939
          ],
          [
            79.7767945,
            11.0589678
          ],
          [
            79.7771352,
            11.059045
          ],
          [
            79.7776857,
            11.0590675
          ],
          [
            79.778033,
            11.0590868
          ],
          [
            79.7785277,
            11.0590997
          ],
          [
            79.7789799,
            11.0591704
          ],
          [
            79.779491,
            11.0592154
          ],
          [
            79.7800087,
            11.0592058
          ],
          [
            79.7801856,
            11.0592604
          ],
          [
            79.7805526,
            11.0593344
          ],
          [
            79.7810801,
            11.059373
          ],
          [
            79.7813881,
            11.0593666
          ],
          [
            79.7815454,
            11.0593473
          ],
          [
            79.7817059,
            11.0593022
          ],
          [
            79.7819025,
            11.0592958
          ],
          [
            79.782181,
            11.0593473
          ],
          [
            79.7825512,
            11.0593537
          ],
          [
            79.7828199,
            11.0594341
          ],
          [
            79.7831279,
            11.0595016
          ],
          [
            79.7833376,
            11.0595177
          ],
          [
            79.7834195,
            11.0593955
          ],
          [
            79.7834031,
            11.0591865
          ],
          [
            79.7833507,
            11.0588617
          ],
          [
            79.7833048,
            11.0585659
          ],
          [
            79.7832688,
            11.0582958
          ],
          [
            79.7831869,
            11.0579581
          ],
          [
            79.7831738,
            11.0576333
          ],
          [
            79.7831902,
            11.0573504
          ],
          [
            79.7832098,
            11.0570192
          ],
          [
            79.7832983,
            11.0566333
          ],
          [
            79.7833245,
            11.0563921
          ],
          [
            79.7832753,
            11.0561348
          ],
          [
            79.7832491,
            11.055884
          ],
          [
            79.7833016,
            11.0556203
          ],
          [
            79.7833802,
            11.0551991
          ],
          [
            79.7834949,
            11.0549483
          ],
          [
            79.7837078,
            11.0546492
          ],
          [
            79.783757,
            11.0545045
          ],
          [
            79.7837373,
            11.0542891
          ],
          [
            79.783698,
            11.0540382
          ],
          [
            79.7837046,
            11.0537842
          ],
          [
            79.7838127,
            11.0535398
          ],
          [
            79.7839863,
            11.0532311
          ],
          [
            79.7841796,
            11.0531057
          ],
          [
            79.7844549,
            11.0529867
          ],
          [
            79.7847301,
            11.0529353
          ],
          [
            79.7849398,
            11.0529417
          ],
          [
            79.7852445,
            11.0530639
          ],
          [
            79.7855525,
            11.0531443
          ],
          [
            79.7857491,
            11.05308
          ],
          [
            79.7859129,
            11.0529353
          ],
          [
            79.7861259,
            11.052768
          ],
          [
            79.7862766,
            11.0526073
          ],
          [
            79.7864142,
            11.0523757
          ],
          [
            79.7866337,
            11.0522246
          ],
          [
            79.7869122,
            11.0521378
          ],
          [
            79.7872038,
            11.0521281
          ],
          [
            79.7872137,
            11.0518516
          ],
          [
            79.78723,
            11.051575
          ],
          [
            79.7872431,
            11.0512985
          ],
          [
            79.7872956,
            11.0509833
          ],
          [
            79.78723,
            11.0508836
          ],
          [
            79.7870302,
            11.0507132
          ],
          [
            79.7867484,
            11.0504881
          ],
          [
            79.7868434,
            11.0503691
          ],
          [
            79.7869712,
            11.0502437
          ],
          [
            79.7869253,
            11.0500443
          ],
          [
            79.7869876,
            11.0499221
          ],
          [
            79.7872268,
            11.0497067
          ],
          [
            79.7872235,
            11.0495073
          ],
          [
            79.78723,
            11.0492661
          ],
          [
            79.7873152,
            11.0491439
          ],
          [
            79.7875249,
            11.0491246
          ],
          [
            79.7878001,
            11.0490861
          ],
          [
            79.7882392,
            11.0489253
          ],
          [
            79.788498,
            11.0487677
          ],
          [
            79.7889731,
            11.0486005
          ],
          [
            79.7892254,
            11.04843
          ],
          [
            79.7893696,
            11.0482242
          ],
          [
            79.789458,
            11.0480731
          ],
          [
            79.7896382,
            11.0479477
          ],
          [
            79.7898807,
            11.0478544
          ],
          [
            79.790133,
            11.0477065
          ],
          [
            79.7903034,
            11.047475
          ],
          [
            79.790572,
            11.0473367
          ],
          [
            79.790749,
            11.0472049
          ],
          [
            79.7908265,
            11.0470449
          ],
          [
            79.7909331,
            11.0469312
          ],
          [
            79.7912621,
            11.0468448
          ],
          [
            79.7914845,
            11.0468266
          ],
          [
            79.7918459,
            11.0467493
          ],
          [
            79.7921008,
            11.0466311
          ],
          [
            79.7924715,
            11.0464037
          ],
          [
            79.7928746,
            11.0463764
          ],
          [
            79.7933797,
            11.0463127
          ],
          [
            79.7936438,
            11.0463764
          ],
          [
            79.7939218,
            11.0463445
          ],
          [
            79.7942137,
            11.0463991
          ],
          [
            79.79464,
            11.0466902
          ],
          [
            79.7952192,
            11.0467402
          ],
          [
            79.7955065,
            11.0467902
          ],
          [
            79.7957382,
            11.0465992
          ],
          [
            79.795817,
            11.04639
          ],
          [
            79.7959096,
            11.0459944
          ],
          [
            79.7960996,
            11.0459125
          ],
          [
            79.7964935,
            11.0460717
          ],
          [
            79.7968827,
            11.0460489
          ],
          [
            79.7972348,
            11.045908
          ],
          [
            79.7974804,
            11.0459034
          ],
          [
            79.7976611,
            11.0460671
          ],
          [
            79.7980689,
            11.0464264
          ],
          [
            79.798472,
            11.0466993
          ],
          [
            79.7989215,
            11.0467129
          ],
          [
            79.7993107,
            11.0466856
          ],
          [
            79.7997138,
            11.0464446
          ],
          [
            79.8000289,
            11.0461399
          ],
          [
            79.8002513,
            11.0458306
          ],
          [
            79.8006127,
            11.0457397
          ],
          [
            79.8012105,
            11.0456806
          ],
          [
            79.8015209,
            11.045676
          ],
          [
            79.8018175,
            11.045767
          ],
          [
            79.8020862,
            11.0459625
          ],
          [
            79.8024291,
            11.046249
          ],
          [
            79.8027025,
            11.0462763
          ],
          [
            79.8029157,
            11.0460307
          ],
          [
            79.8029713,
            11.0455532
          ],
          [
            79.8031195,
            11.0452485
          ],
          [
            79.8034902,
            11.0451758
          ],
          [
            79.8038563,
            11.0453531
          ],
          [
            79.8042038,
            11.0453167
          ],
          [
            79.8044865,
            11.0451758
          ],
          [
            79.8049127,
            11.0451166
          ],
          [
            79.8053622,
            11.0452076
          ],
          [
            79.8057468,
            11.045485
          ],
          [
            79.806187,
            11.0459171
          ],
          [
            79.8066179,
            11.0458625
          ],
          [
            79.8067338,
            11.0455714
          ],
          [
            79.8066735,
            11.0451712
          ],
          [
            79.8066921,
            11.0448119
          ],
          [
            79.807098,
            11.0445852
          ],
          [
            79.8073863,
            11.044738
          ],
          [
            79.8078778,
            11.0450435
          ],
          [
            79.8085118,
            11.0451641
          ],
          [
            79.8088902,
            11.0452911
          ],
          [
            79.8094161,
            11.0454085
          ],
          [
            79.8097536,
            11.0455307
          ],
          [
            79.8101762,
            11.0456802
          ],
          [
            79.8103712,
            11.0458056
          ],
          [
            79.8106808,
            11.0460822
          ],
          [
            79.8110953,
            11.0463218
          ],
          [
            79.8116211,
            11.0464761
          ],
          [
            79.812627,
            11.046907
          ],
          [
            79.8129645,
            11.047182
          ],
          [
            79.8133675,
            11.0474119
          ],
          [
            79.8136771,
            11.0475518
          ],
          [
            79.8140719,
            11.0476209
          ],
          [
            79.8146126,
            11.0475389
          ],
          [
            79.8149205,
            11.0473942
          ],
          [
            79.8153137,
            11.0473251
          ],
          [
            79.8157397,
            11.0472334
          ],
          [
            79.8161787,
            11.0471418
          ],
          [
            79.8167373,
            11.0469922
          ],
          [
            79.8170814,
            11.0467559
          ],
          [
            79.8173271,
            11.0463893
          ],
          [
            79.8176105,
            11.0460034
          ],
          [
            79.8178808,
            11.0457719
          ],
          [
            79.8181741,
            11.0456995
          ],
          [
            79.8184624,
            11.0457831
          ],
          [
            79.8189653,
            11.0458458
          ],
          [
            79.8193241,
            11.0458153
          ],
          [
            79.8195518,
            11.0456159
          ],
          [
            79.8196731,
            11.0453458
          ],
          [
            79.8196206,
            11.0451239
          ],
          [
            79.8195961,
            11.0448489
          ],
          [
            79.8197451,
            11.0445161
          ],
          [
            79.8200056,
            11.0441125
          ],
          [
            79.820158,
            11.0438215
          ],
          [
            79.8205249,
            11.0435884
          ],
          [
            79.8210344,
            11.0434887
          ],
          [
            79.8215259,
            11.0435256
          ],
          [
            79.8218601,
            11.0434742
          ],
          [
            79.8222205,
            11.0432796
          ],
          [
            79.8224056,
            11.043143
          ],
          [
            79.8226022,
            11.0428921
          ],
          [
            79.8227546,
            11.0426783
          ],
          [
            79.8229626,
            11.042466
          ],
          [
            79.8232116,
            11.0423551
          ],
          [
            79.8236065,
            11.0422474
          ],
          [
            79.8240881,
            11.0420769
          ],
          [
            79.824478,
            11.0418808
          ],
          [
            79.8249695,
            11.0414498
          ],
          [
            79.825207,
            11.0414273
          ],
          [
            79.8255346,
            11.0414
          ],
          [
            79.8260114,
            11.041474
          ],
          [
            79.8265748,
            11.0416632
          ],
          [
            79.8266945,
            11.0417103
          ],
          [
            79.8269255,
            11.0418036
          ],
          [
            79.8278003,
            11.0422425
          ],
          [
            79.828223,
            11.0424017
          ],
          [
            79.8287669,
            11.0425979
          ],
          [
            79.8290044,
            11.0427249
          ],
          [
            79.8292682,
            11.0428841
          ],
          [
            79.82945,
            11.0429838
          ],
          [
            79.8298022,
            11.0431092
          ],
          [
            79.8300398,
            11.0431799
          ],
          [
            79.8302806,
            11.0433134
          ],
          [
            79.8305116,
            11.0435401
          ],
          [
            79.8306427,
            11.0437363
          ],
          [
            79.8308343,
            11.0438971
          ],
          [
            79.8310145,
            11.0440418
          ],
          [
            79.8312455,
            11.0442363
          ],
          [
            79.8314618,
            11.0444196
          ],
          [
            79.8316518,
            11.0445274
          ],
          [
            79.8317583,
            11.0446367
          ],
          [
            79.8319827,
            11.0447669
          ],
          [
            79.8322514,
            11.0449245
          ],
          [
            79.8324758,
            11.0450129
          ],
          [
            79.8326298,
            11.0449711
          ],
          [
            79.8328739,
            11.0449518
          ],
          [
            79.8330984,
            11.0450644
          ],
          [
            79.8333015,
            11.0451416
          ],
          [
            79.8334276,
            11.0451979
          ],
          [
            79.8334833,
            11.0453008
          ],
          [
            79.8335194,
            11.0454535
          ],
          [
            79.8336783,
            11.0455805
          ],
          [
            79.8337963,
            11.0456465
          ],
          [
            79.834024,
            11.0457445
          ],
          [
            79.8341075,
            11.0458378
          ],
          [
            79.8342107,
            11.0459423
          ],
          [
            79.8343188,
            11.0460404
          ],
          [
            79.834463,
            11.0461706
          ],
          [
            79.8345629,
            11.0462767
          ],
          [
            79.8345892,
            11.0463925
          ],
          [
            79.8346465,
            11.0464665
          ],
          [
            79.8347464,
            11.0465855
          ],
          [
            79.8349561,
            11.0467945
          ],
          [
            79.8351183,
            11.046981
          ],
          [
            79.8352772,
            11.0471852
          ],
          [
            79.8354017,
            11.0473395
          ],
          [
            79.8356884,
            11.0474312
          ],
          [
            79.8358932,
            11.0474634
          ],
          [
            79.8360275,
            11.0475454
          ],
          [
            79.8362176,
            11.0476868
          ],
          [
            79.8363699,
            11.0477544
          ],
          [
            79.8365108,
            11.047801
          ],
          [
            79.8366533,
            11.0478798
          ],
          [
            79.8367844,
            11.0479859
          ],
          [
            79.8368941,
            11.0480567
          ],
          [
            79.8370268,
            11.0480743
          ],
          [
            79.8370924,
            11.0481419
          ],
          [
            79.8371595,
            11.048285
          ],
          [
            79.8372038,
            11.0483493
          ],
          [
            79.8373529,
            11.0483959
          ],
          [
            79.8374855,
            11.0484586
          ],
          [
            79.8376035,
            11.0485004
          ],
          [
            79.8377526,
            11.0485133
          ],
          [
            79.8378148,
            11.0485712
          ],
          [
            79.8378951,
            11.0486918
          ],
          [
            79.8379524,
            11.0488011
          ],
          [
            79.8379967,
            11.0488751
          ],
          [
            79.8381474,
            11.0489137
          ],
          [
            79.8383423,
            11.048986
          ],
          [
            79.838475,
            11.0490519
          ],
          [
            79.8386159,
            11.0491886
          ],
          [
            79.8387191,
            11.0492867
          ],
          [
            79.8387568,
            11.0493767
          ],
          [
            79.8387748,
            11.0494539
          ],
          [
            79.8388371,
            11.0495118
          ],
          [
            79.8389763,
            11.0495262
          ],
          [
            79.8392041,
            11.0494957
          ],
          [
            79.8393335,
            11.0494442
          ],
          [
            79.8394137,
            11.0493542
          ],
          [
            79.8395071,
            11.0493172
          ],
          [
            79.8396267,
            11.0493301
          ],
          [
            79.8398692,
            11.049322
          ],
          [
            79.840128,
            11.0492561
          ],
          [
            79.8403033,
            11.0492819
          ],
          [
            79.8405228,
            11.0493301
          ],
          [
            79.8406473,
            11.049359
          ],
          [
            79.8407276,
            11.0494587
          ],
          [
            79.8407211,
            11.0495825
          ],
          [
            79.8407096,
            11.0497304
          ],
          [
            79.8407292,
            11.0499363
          ],
          [
            79.8407325,
            11.0500681
          ],
          [
            79.840803,
            11.0502643
          ],
          [
            79.8407817,
            11.0503527
          ],
          [
            79.8407161,
            11.0504009
          ],
          [
            79.8406097,
            11.0504556
          ],
          [
            79.8405687,
            11.0505376
          ],
          [
            79.8405769,
            11.0506453
          ],
          [
            79.8406064,
            11.0508141
          ],
          [
            79.8406555,
            11.0509733
          ],
          [
            79.8406555,
            11.0510794
          ],
          [
            79.8406621,
            11.0511823
          ],
          [
            79.8406965,
            11.0512676
          ],
          [
            79.8407833,
            11.0513817
          ],
          [
            79.8409013,
            11.051364
          ],
          [
            79.8410372,
            11.0513624
          ],
          [
            79.84126,
            11.0513351
          ],
          [
            79.8413403,
            11.0513399
          ],
          [
            79.8413829,
            11.0513769
          ],
          [
            79.841396,
            11.0514573
          ],
          [
            79.84136,
            11.0515859
          ],
          [
            79.8413501,
            11.0517403
          ],
          [
            79.8413452,
            11.0520538
          ],
          [
            79.8413321,
            11.0523094
          ],
          [
            79.8413452,
            11.0524686
          ],
          [
            79.8413338,
            11.0525635
          ],
          [
            79.8413338,
            11.0527355
          ],
          [
            79.8413616,
            11.0528561
          ],
          [
            79.8413714,
            11.0529863
          ],
          [
            79.8414009,
            11.053168
          ],
          [
            79.8414353,
            11.053332
          ],
          [
            79.8414271,
            11.0534816
          ],
          [
            79.8414157,
            11.0536504
          ],
          [
            79.8413731,
            11.0538449
          ],
          [
            79.8413862,
            11.0539929
          ],
          [
            79.8413944,
            11.054152
          ],
          [
            79.8413698,
            11.0543321
          ],
          [
            79.8413223,
            11.0545797
          ],
          [
            79.8412961,
            11.054763
          ],
          [
            79.8412437,
            11.0549897
          ],
          [
            79.841224,
            11.0551634
          ],
          [
            79.8412305,
            11.0553048
          ],
          [
            79.8412928,
            11.0554061
          ],
          [
            79.8413436,
            11.0555235
          ],
          [
            79.8413763,
            11.0556409
          ],
          [
            79.8414452,
            11.0558065
          ],
          [
            79.841568,
            11.0559303
          ],
          [
            79.8416401,
            11.0560541
          ],
          [
            79.841686,
            11.0561859
          ],
          [
            79.8417892,
            11.0564142
          ],
          [
            79.8419137,
            11.0566538
          ],
          [
            79.8419751,
            11.0568249
          ],
          [
            79.8419948,
            11.0570011
          ],
          [
            79.8420235,
            11.0572325
          ],
          [
            79.8420332,
            11.0575468
          ],
          [
            79.8421206,
            11.057722
          ],
          [
            79.8421594,
            11.0578401
          ],
          [
            79.8421458,
            11.0581811
          ],
          [
            79.8421613,
            11.0584211
          ],
          [
            79.8421924,
            11.0584782
          ],
          [
            79.8422952,
            11.058663
          ],
          [
            79.8424835,
            11.0590382
          ],
          [
            79.8425242,
            11.0593182
          ],
          [
            79.8425864,
            11.0596287
          ],
          [
            79.8425805,
            11.0598915
          ],
          [
            79.8425242,
            11.0602496
          ],
          [
            79.8424253,
            11.0604554
          ],
          [
            79.8422836,
            11.0608134
          ],
          [
            79.8422273,
            11.0609506
          ],
          [
            79.842237,
            11.0610515
          ],
          [
            79.8422739,
            11.0611315
          ],
          [
            79.8423554,
            11.0612153
          ],
          [
            79.8424563,
            11.061303
          ],
          [
            79.8424699,
            11.0615106
          ],
          [
            79.8425339,
            11.0616934
          ],
          [
            79.842629,
            11.0618534
          ],
          [
            79.8426815,
            11.0621182
          ],
          [
            79.8428057,
            11.062303
          ],
          [
            79.84286,
            11.0624972
          ],
          [
            79.8429124,
            11.062783
          ],
          [
            79.8430094,
            11.0629715
          ],
          [
            79.8430618,
            11.063202
          ],
          [
            79.8431841,
            11.0635582
          ],
          [
            79.8432676,
            11.0639144
          ],
          [
            79.8434034,
            11.0643353
          ],
          [
            79.8434869,
            11.0644934
          ],
          [
            79.8436247,
            11.0648191
          ],
          [
            79.8438304,
            11.0649753
          ],
          [
            79.8439779,
            11.0652991
          ],
          [
            79.8442166,
            11.0655696
          ],
          [
            79.8444612,
            11.0660972
          ],
          [
            79.8446223,
            11.0664972
          ],
          [
            79.8448532,
            11.0667619
          ],
          [
            79.8450162,
            11.0670724
          ],
          [
            79.8452744,
            11.0673619
          ],
          [
            79.8453307,
            11.0675981
          ],
          [
            79.8454005,
            11.0677029
          ],
          [
            79.845548,
            11.0678038
          ],
          [
            79.845647,
            11.0679581
          ],
          [
            79.8458023,
            11.0682076
          ],
          [
            79.8459012,
            11.0683409
          ],
          [
            79.8459886,
            11.0685181
          ],
          [
            79.8460468,
            11.0686819
          ],
          [
            79.8461244,
            11.0687581
          ]
        ]
      },
      "properties": {
        "id": 378938414,
        "name": "OSM Drain Segment 14",
        "drain_type": "stream",
        "capacity": "34 m3/s",
        "status": "normal",
        "district": "Mayiladuthurai",
        "data_source_type": "OpenStreetMap Public Data"
      }
    },
    {
      "type": "Feature",
      "id": 640496469,
      "geometry": {
        "type": "LineString",
        "coordinates": [
          [
            79.6047418,
            11.2621195
          ],
          [
            79.6050308,
            11.2622042
          ],
          [
            79.605505,
            11.2623431
          ],
          [
            79.6061704,
            11.2626069
          ],
          [
            79.6068145,
            11.2628013
          ],
          [
            79.6076922,
            11.2632733
          ],
          [
            79.6079966,
            11.2634191
          ],
          [
            79.6087328,
            11.2637732
          ],
          [
            79.6089026,
            11.2639814
          ],
          [
            79.6089805,
            11.2641966
          ],
          [
            79.6090088,
            11.2644118
          ],
          [
            79.6090796,
            11.2646201
          ],
          [
            79.6094264,
            11.2651268
          ],
          [
            79.6095822,
            11.2655017
          ],
          [
            79.6096317,
            11.2657655
          ],
          [
            79.6096246,
            11.2658905
          ],
          [
            79.6092636,
            11.2661751
          ],
          [
            79.608754,
            11.2666402
          ],
          [
            79.6084213,
            11.2668693
          ],
          [
            79.6081665,
            11.2670498
          ],
          [
            79.6080037,
            11.2673275
          ],
          [
            79.6078975,
            11.2676607
          ],
          [
            79.6078975,
            11.2681674
          ],
          [
            79.6077701,
            11.2690977
          ],
          [
            79.6076993,
            11.2702153
          ],
          [
            79.607671,
            11.2707707
          ],
          [
            79.6076002,
            11.270972
          ],
          [
            79.6073737,
            11.2715134
          ],
          [
            79.6072675,
            11.2717911
          ],
          [
            79.6072817,
            11.2722007
          ],
          [
            79.6073666,
            11.2724367
          ],
          [
            79.6075436,
            11.2727352
          ],
          [
            79.6079187,
            11.2731864
          ],
          [
            79.6084142,
            11.2734988
          ],
          [
            79.6087965,
            11.2738875
          ],
          [
            79.6089097,
            11.2743249
          ],
          [
            79.6089168,
            11.2747206
          ],
          [
            79.6087965,
            11.275144
          ],
          [
            79.6087186,
            11.275387
          ],
          [
            79.6088177,
            11.2756924
          ],
          [
            79.6090159,
            11.2760256
          ],
          [
            79.6092636,
            11.2765324
          ],
          [
            79.6094123,
            11.27681
          ],
          [
            79.6094194,
            11.2771085
          ],
          [
            79.6094264,
            11.277414
          ],
          [
            79.6095822,
            11.2777749
          ],
          [
            79.6098228,
            11.2781151
          ],
          [
            79.6103891,
            11.278365
          ],
          [
            79.6107855,
            11.2785663
          ],
          [
            79.6116278,
            11.2790591
          ],
          [
            79.6124277,
            11.2795798
          ],
          [
            79.6136239,
            11.2803364
          ],
          [
            79.6139708,
            11.2806141
          ],
          [
            79.6145229,
            11.2808917
          ],
          [
            79.614891,
            11.2811208
          ],
          [
            79.6152873,
            11.2815234
          ],
          [
            79.6154997,
            11.281808
          ],
          [
            79.6156271,
            11.2822315
          ],
          [
            79.6157262,
            11.2827174
          ],
          [
            79.6157404,
            11.2830159
          ],
          [
            79.6155068,
            11.2833282
          ],
          [
            79.6152095,
            11.2836892
          ],
          [
            79.6147635,
            11.2849873
          ],
          [
            79.6145583,
            11.2856259
          ],
          [
            79.6145866,
            11.2857925
          ],
          [
            79.6146998,
            11.2862368
          ],
          [
            79.6151529,
            11.2874654
          ],
          [
            79.615167,
            11.2876667
          ],
          [
            79.6151245,
            11.2879513
          ],
          [
            79.6151175,
            11.2882081
          ],
          [
            79.6149334,
            11.2884094
          ],
          [
            79.6146998,
            11.2886107
          ],
          [
            79.6145229,
            11.2888329
          ],
          [
            79.6145158,
            11.289055
          ],
          [
            79.6146503,
            11.2892146
          ],
          [
            79.6147919,
            11.2893535
          ],
          [
            79.6149122,
            11.2895062
          ],
          [
            79.6152873,
            11.2897838
          ],
          [
            79.6160093,
            11.2899713
          ],
          [
            79.6165402,
            11.2899366
          ],
          [
            79.6172268,
            11.28977
          ],
          [
            79.6176869,
            11.2897283
          ],
          [
            79.6181683,
            11.289763
          ],
          [
            79.6184585,
            11.2898949
          ],
          [
            79.6188336,
            11.2901517
          ],
          [
            79.6191592,
            11.2905057
          ],
          [
            79.6198246,
            11.2912832
          ],
          [
            79.620313,
            11.2917413
          ],
          [
            79.6206882,
            11.2919496
          ],
          [
            79.6211695,
            11.2919704
          ],
          [
            79.6218207,
            11.2920259
          ],
          [
            79.622571,
            11.2921578
          ],
          [
            79.6234133,
            11.2928519
          ],
          [
            79.6238947,
            11.2933656
          ],
          [
            79.6243831,
            11.2938307
          ],
          [
            79.6250555,
            11.2943374
          ],
          [
            79.625643,
            11.2949552
          ],
          [
            79.6261385,
            11.2953925
          ],
          [
            79.626365,
            11.2956979
          ],
          [
            79.6266269,
            11.2965169
          ],
          [
            79.627087,
            11.2979399
          ],
          [
            79.6272711,
            11.2983703
          ],
          [
            79.6276037,
            11.2988631
          ],
          [
            79.6277878,
            11.2994045
          ],
          [
            79.6277453,
            11.3000292
          ],
          [
            79.6276675,
            11.3004387
          ],
          [
            79.627894,
            11.301709
          ],
          [
            79.6279718,
            11.3024517
          ],
          [
            79.6279718,
            11.3029722
          ],
          [
            79.6282196,
            11.3039926
          ],
          [
            79.628616,
            11.3065469
          ],
          [
            79.6288354,
            11.3078657
          ],
          [
            79.6288283,
            11.3084348
          ],
          [
            79.6288425,
            11.3111834
          ],
          [
            79.6288566,
            11.3144248
          ],
          [
            79.6287151,
            11.3160629
          ],
          [
            79.6286729,
            11.3164805
          ],
          [
            79.6288071,
            11.3171248
          ],
          [
            79.629069,
            11.3197415
          ],
          [
            79.6291822,
            11.3212059
          ],
          [
            79.6292105,
            11.3221013
          ],
          [
            79.6291752,
            11.3223789
          ],
          [
            79.6289988,
            11.3228933
          ],
          [
            79.6290111,
            11.3229658
          ],
          [
            79.6289002,
            11.3233857
          ],
          [
            79.6288663,
            11.3234552
          ],
          [
            79.6288262,
            11.3235126
          ],
          [
            79.6286938,
            11.3239929
          ],
          [
            79.6286845,
            11.3240533
          ],
          [
            79.6286783,
            11.3242618
          ],
          [
            79.6286968,
            11.324437
          ],
          [
            79.6288324,
            11.3246576
          ],
          [
            79.6289741,
            11.3247935
          ],
          [
            79.6293593,
            11.3249566
          ],
          [
            79.6296027,
            11.3251198
          ],
          [
            79.6298738,
            11.3255004
          ],
          [
            79.6301696,
            11.326017
          ],
          [
            79.6308443,
            11.3269173
          ],
          [
            79.6313096,
            11.3275578
          ],
          [
            79.6320798,
            11.3285124
          ],
          [
            79.6322277,
            11.328736
          ],
          [
            79.6323232,
            11.329171
          ],
          [
            79.6324742,
            11.3299172
          ],
          [
            79.63277,
            11.3311165
          ],
          [
            79.6329702,
            11.3319775
          ],
          [
            79.6330011,
            11.3324246
          ],
          [
            79.632921,
            11.3329593
          ],
          [
            79.6329086,
            11.3333037
          ],
          [
            79.632998,
            11.3335847
          ],
          [
            79.6331089,
            11.3338233
          ],
          [
            79.6334139,
            11.3342976
          ],
          [
            79.6338422,
            11.3348837
          ],
          [
            79.6340178,
            11.3351495
          ],
          [
            79.6342088,
            11.3354818
          ],
          [
            79.634748,
            11.3363005
          ],
          [
            79.6350838,
            11.3368201
          ],
          [
            79.6352009,
            11.3370406
          ],
          [
            79.6352348,
            11.3373337
          ],
          [
            79.6351609,
            11.3376599
          ],
          [
            79.6350808,
            11.3381161
          ],
          [
            79.6350469,
            11.3385209
          ],
          [
            79.6349976,
            11.3388773
          ],
          [
            79.6351054,
            11.3393275
          ],
          [
            79.6351516,
            11.3395601
          ],
          [
            79.6352256,
            11.3399709
          ],
          [
            79.6352564,
            11.3404331
          ],
          [
            79.6352471,
            11.3407382
          ],
          [
            79.635278,
            11.3413001
          ],
          [
            79.635281,
            11.3417321
          ],
          [
            79.6353011,
            11.3421248
          ],
          [
            79.6353257,
            11.3426565
          ],
          [
            79.6353596,
            11.3429223
          ],
          [
            79.6355075,
            11.3433754
          ],
          [
            79.6358187,
            11.3443572
          ],
          [
            79.6358772,
            11.3445959
          ],
          [
            79.6358957,
            11.3447862
          ],
          [
            79.6358988,
            11.3450641
          ],
          [
            79.635794,
            11.3454719
          ],
          [
            79.6356184,
            11.3459794
          ],
          [
            79.6354798,
            11.3462755
          ],
          [
            79.6354644,
            11.3465353
          ],
          [
            79.6354644,
            11.3468253
          ],
          [
            79.6355876,
            11.3474536
          ],
          [
            79.6356708,
            11.3477255
          ],
          [
            79.6357571,
            11.3478825
          ],
          [
            79.6358803,
            11.3480698
          ],
          [
            79.6362315,
            11.3486982
          ],
          [
            79.6363517,
            11.3488764
          ]
        ]
      },
      "properties": {
        "id": 640496469,
        "name": "OSM Drain Segment 69",
        "drain_type": "canal",
        "capacity": "39 m3/s",
        "status": "normal",
        "district": "Mayiladuthurai",
        "data_source_type": "OpenStreetMap Public Data"
      }
    },
    {
      "type": "Feature",
      "id": 640519563,
      "geometry": {
        "type": "LineString",
        "coordinates": [
          [
            79.5147041,
            11.2340896
          ],
          [
            79.514571,
            11.2342962
          ],
          [
            79.5145019,
            11.2344278
          ],
          [
            79.5144084,
            11.2347707
          ],
          [
            79.5142648,
            11.2351348
          ],
          [
            79.5141929,
            11.235297
          ],
          [
            79.5140506,
            11.2358035
          ],
          [
            79.5139246,
            11.23627
          ],
          [
            79.513827,
            11.2366209
          ],
          [
            79.5137335,
            11.2368641
          ],
          [
            79.5136807,
            11.2370795
          ],
          [
            79.5135384,
            11.2374663
          ],
          [
            79.5134937,
            11.2377932
          ],
          [
            79.5134164,
            11.2381641
          ],
          [
            79.5132863,
            11.2385549
          ],
          [
            79.5130953,
            11.2387343
          ],
          [
            79.5128269,
            11.2389337
          ],
          [
            79.5125841,
            11.2391877
          ],
          [
            79.5124448,
            11.2393723
          ]
        ]
      },
      "properties": {
        "id": 640519563,
        "name": "OSM Drain Segment 63",
        "drain_type": "stream",
        "capacity": "33 m3/s",
        "status": "normal",
        "district": "Mayiladuthurai",
        "data_source_type": "OpenStreetMap Public Data"
      }
    },
    {
      "type": "Feature",
      "id": 640520936,
      "geometry": {
        "type": "LineString",
        "coordinates": [
          [
            79.5244162,
            11.2570333
          ],
          [
            79.5240718,
            11.2570695
          ],
          [
            79.5238075,
            11.2570695
          ],
          [
            79.523336,
            11.2569938
          ],
          [
            79.5228562,
            11.2569021
          ],
          [
            79.5224903,
            11.2569738
          ],
          [
            79.5220147,
            11.2571333
          ],
          [
            79.5213927,
            11.2572569
          ],
          [
            79.5207584,
            11.2573287
          ],
          [
            79.520421,
            11.2573805
          ],
          [
            79.5201219,
            11.2573427
          ],
          [
            79.5201467,
            11.2571935
          ],
          [
            79.5202564,
            11.2568811
          ],
          [
            79.5205466,
            11.2560133
          ],
          [
            79.5208156,
            11.2553572
          ],
          [
            79.5207943,
            11.2552601
          ],
          [
            79.5207129,
            11.2551629
          ],
          [
            79.5205643,
            11.2551386
          ],
          [
            79.5201396,
            11.2551212
          ],
          [
            79.5198918,
            11.2551004
          ],
          [
            79.5196335,
            11.2550553
          ],
          [
            79.5193327,
            11.2550136
          ],
          [
            79.5189894,
            11.2550136
          ],
          [
            79.518869,
            11.255024
          ],
          [
            79.5187628,
            11.2550136
          ],
          [
            79.5186956,
            11.2549095
          ],
          [
            79.5186708,
            11.2547186
          ],
          [
            79.5186142,
            11.254118
          ],
          [
            79.5185399,
            11.2534169
          ],
          [
            79.5185293,
            11.2532294
          ],
          [
            79.5184974,
            11.2531704
          ],
          [
            79.5184231,
            11.2531427
          ],
          [
            79.517963,
            11.2531982
          ],
          [
            79.5176126,
            11.2531913
          ],
          [
            79.5171631,
            11.2532503
          ],
          [
            79.5166464,
            11.2533266
          ],
          [
            79.5161261,
            11.2534655
          ],
          [
            79.5159032,
            11.2535002
          ],
          [
            79.5157333,
            11.2535106
          ],
          [
            79.5155634,
            11.2535731
          ],
          [
            79.51539,
            11.2536946
          ],
          [
            79.5152909,
            11.2538612
          ],
          [
            79.5151529,
            11.2540278
          ],
          [
            79.5150219,
            11.2540833
          ],
          [
            79.514806,
            11.2540972
          ],
          [
            79.5145335,
            11.2539133
          ]
        ]
      },
      "properties": {
        "id": 640520936,
        "name": "OSM Drain Segment 36",
        "drain_type": "stream",
        "capacity": "56 m3/s",
        "status": "partially_blocked",
        "district": "Mayiladuthurai",
        "data_source_type": "OpenStreetMap Public Data"
      }
    },
    {
      "type": "Feature",
      "id": 646329339,
      "geometry": {
        "type": "LineString",
        "coordinates": [
          [
            79.678781,
            11.0981599
          ],
          [
            79.6789751,
            11.0981249
          ],
          [
            79.6791502,
            11.0981489
          ],
          [
            79.6792012,
            11.0977604
          ],
          [
            79.679395,
            11.0977446
          ],
          [
            79.6796,
            11.0978033
          ],
          [
            79.6797941,
            11.0977685
          ],
          [
            79.6799283,
            11.0977188
          ],
          [
            79.6799872,
            11.0977222
          ],
          [
            79.6801506,
            11.0976446
          ],
          [
            79.6803322,
            11.0975617
          ],
          [
            79.6804824,
            11.0975643
          ],
          [
            79.6806353,
            11.0975853
          ],
          [
            79.6807989,
            11.0976222
          ],
          [
            79.6809545,
            11.0976406
          ],
          [
            79.6810886,
            11.0973669
          ],
          [
            79.6813863,
            11.0961956
          ],
          [
            79.6817431,
            11.0963641
          ],
          [
            79.682132,
            11.0965141
          ],
          [
            79.682301,
            11.0965536
          ],
          [
            79.6823895,
            11.0966536
          ],
          [
            79.682537,
            11.0966957
          ],
          [
            79.6826872,
            11.0966694
          ],
          [
            79.682764,
            11.0966165
          ],
          [
            79.6828096,
            11.0965655
          ],
          [
            79.6830225,
            11.0963272
          ],
          [
            79.6831432,
            11.0960087
          ],
          [
            79.6833497,
            11.0957745
          ],
          [
            79.6836008,
            11.095511
          ],
          [
            79.6836662,
            11.0953349
          ],
          [
            79.6837923,
            11.0953297
          ],
          [
            79.6839452,
            11.095306
          ],
          [
            79.6841061,
            11.0951507
          ],
          [
            79.6841802,
            11.0951004
          ],
          [
            79.6844377,
            11.0947529
          ],
          [
            79.6847274,
            11.0943634
          ],
          [
            79.6850278,
            11.0940791
          ],
          [
            79.6852729,
            11.0936872
          ],
          [
            79.6854338,
            11.0935872
          ],
          [
            79.685532,
            11.0933632
          ],
          [
            79.6858432,
            11.0930895
          ],
          [
            79.6861328,
            11.0931
          ],
          [
            79.6863045,
            11.0929842
          ],
          [
            79.686444,
            11.0928789
          ],
          [
            79.6865405,
            11.0927631
          ],
          [
            79.6866907,
            11.092721
          ],
          [
            79.6868517,
            11.092742
          ],
          [
            79.6869804,
            11.0927841
          ],
          [
            79.6871414,
            11.0927736
          ],
          [
            79.6872916,
            11.0926789
          ],
          [
            79.6873237,
            11.0925736
          ],
          [
            79.6874632,
            11.0925104
          ],
          [
            79.6875812,
            11.0924893
          ],
          [
            79.6877207,
            11.0924788
          ],
          [
            79.687828,
            11.0924999
          ],
          [
            79.6879246,
            11.0925209
          ],
          [
            79.6879997,
            11.092563
          ],
          [
            79.6881606,
            11.0925315
          ],
          [
            79.6883537,
            11.0925315
          ],
          [
            79.6884932,
            11.092542
          ],
          [
            79.6886219,
            11.0926052
          ],
          [
            79.6887829,
            11.0926578
          ],
          [
            79.6889545,
            11.092721
          ],
          [
            79.6891047,
            11.0927631
          ],
          [
            79.6893981,
            11.0927713
          ],
          [
            79.6895661,
            11.0927315
          ],
          [
            79.6897914,
            11.0926578
          ],
          [
            79.6899801,
            11.0926318
          ],
          [
            79.6902081,
            11.0926818
          ],
          [
            79.6904254,
            11.0926923
          ],
          [
            79.6906078,
            11.0927134
          ],
          [
            79.6907704,
            11.0927552
          ],
          [
            79.6909072,
            11.0928263
          ],
          [
            79.6910788,
            11.0927947
          ],
          [
            79.6913041,
            11.0927841
          ],
          [
            79.6914651,
            11.0927841
          ],
          [
            79.6915616,
            11.0928157
          ],
          [
            79.6916475,
            11.0928789
          ],
          [
            79.6917655,
            11.0928894
          ],
          [
            79.691862,
            11.0928368
          ],
          [
            79.6920122,
            11.0928052
          ],
          [
            79.6921839,
            11.0928157
          ],
          [
            79.6923341,
            11.0926683
          ],
          [
            79.6925594,
            11.0925315
          ],
          [
            79.6926882,
            11.0924578
          ],
          [
            79.6929457,
            11.0924157
          ],
          [
            79.6932461,
            11.0923735
          ],
          [
            79.6935465,
            11.092342
          ],
          [
            79.6938559,
            11.092358
          ],
          [
            79.6939833,
            11.0923159
          ],
          [
            79.6940641,
            11.0922709
          ],
          [
            79.6941148,
            11.0922857
          ],
          [
            79.6941928,
            11.0923749
          ],
          [
            79.6942895,
            11.0924446
          ],
          [
            79.6944772,
            11.0924604
          ],
          [
            79.6945898,
            11.0924301
          ],
          [
            79.6947116,
            11.0923659
          ],
          [
            79.6948537,
            11.092258
          ],
          [
            79.6949476,
            11.0921343
          ],
          [
            79.6949664,
            11.0917
          ],
          [
            79.6949932,
            11.0915421
          ]
        ]
      },
      "properties": {
        "id": 646329339,
        "name": "OSM Drain Segment 39",
        "drain_type": "stream",
        "capacity": "59 m3/s",
        "status": "normal",
        "district": "Mayiladuthurai",
        "data_source_type": "OpenStreetMap Public Data"
      }
    },
    {
      "type": "Feature",
      "id": 646753280,
      "geometry": {
        "type": "LineString",
        "coordinates": [
          [
            79.6657051,
            11.2312529
          ],
          [
            79.665227,
            11.231318
          ],
          [
            79.6648733,
            11.2314217
          ],
          [
            79.6642228,
            11.2313978
          ],
          [
            79.663552,
            11.2314217
          ],
          [
            79.6624496,
            11.2314756
          ],
          [
            79.6619743,
            11.2315227
          ],
          [
            79.661546,
            11.2313616
          ],
          [
            79.6613324,
            11.2313747
          ],
          [
            79.6610109,
            11.2316571
          ],
          [
            79.6605154,
            11.2316703
          ],
          [
            79.6600667,
            11.2313616
          ],
          [
            79.659819,
            11.2315258
          ],
          [
            79.6593301,
            11.2315258
          ],
          [
            79.6589149,
            11.2314273
          ],
          [
            79.6585454,
            11.2314809
          ],
          [
            79.6581569,
            11.2315137
          ],
          [
            79.6579627,
            11.2315662
          ],
          [
            79.6574538,
            11.2314743
          ],
          [
            79.6570989,
            11.23154
          ],
          [
            79.6567574,
            11.2314874
          ],
          [
            79.6562752,
            11.2314611
          ],
          [
            79.6560408,
            11.2314677
          ],
          [
            79.6556993,
            11.2314677
          ],
          [
            79.6554649,
            11.2314152
          ],
          [
            79.6552872,
            11.2314618
          ],
          [
            79.6549945,
            11.2315017
          ],
          [
            79.6547628,
            11.2314857
          ],
          [
            79.6545432,
            11.231394
          ],
          [
            79.6544131,
            11.23141
          ],
          [
            79.6543196,
            11.2314459
          ],
          [
            79.6541082,
            11.2313542
          ],
          [
            79.6537952,
            11.2314379
          ],
          [
            79.6536651,
            11.2315256
          ],
          [
            79.6534293,
            11.2314857
          ],
          [
            79.6532911,
            11.231414
          ],
          [
            79.6529517,
            11.2313063
          ],
          [
            79.6527688,
            11.2312904
          ],
          [
            79.6524395,
            11.2313422
          ],
          [
            79.6522769,
            11.2312784
          ],
          [
            79.6521224,
            11.2313063
          ],
          [
            79.6520572,
            11.2312945
          ],
          [
            79.6519679,
            11.2312784
          ],
          [
            79.6518947,
            11.2311348
          ],
          [
            79.651915,
            11.2309474
          ],
          [
            79.6519069,
            11.2308756
          ],
          [
            79.6518744,
            11.2306962
          ],
          [
            79.6519191,
            11.2305766
          ],
          [
            79.6520045,
            11.2304689
          ],
          [
            79.6519801,
            11.2303772
          ],
          [
            79.6519305,
            11.2303333
          ],
          [
            79.6517882,
            11.2303971
          ],
          [
            79.6517028,
            11.2304609
          ],
          [
            79.6515646,
            11.230437
          ],
          [
            79.6515931,
            11.2303054
          ],
          [
            79.6517069,
            11.2302217
          ],
          [
            79.6517069,
            11.2299665
          ],
          [
            79.6515646,
            11.229799
          ],
          [
            79.6516419,
            11.2295557
          ],
          [
            79.6516297,
            11.2293683
          ],
          [
            79.651528,
            11.2292886
          ],
          [
            79.6512719,
            11.2293085
          ],
          [
            79.6507259,
            11.2292586
          ]
        ]
      },
      "properties": {
        "id": 646753280,
        "name": "OSM Drain Segment 80",
        "drain_type": "ditch",
        "capacity": "50 m3/s",
        "status": "blocked",
        "district": "Mayiladuthurai",
        "data_source_type": "OpenStreetMap Public Data"
      }
    },
    {
      "type": "Feature",
      "id": 646758384,
      "geometry": {
        "type": "LineString",
        "coordinates": [
          [
            79.6507699,
            11.234045
          ],
          [
            79.6511717,
            11.2340398
          ],
          [
            79.6516204,
            11.2340961
          ],
          [
            79.6519123,
            11.234402
          ],
          [
            79.6521183,
            11.2342097
          ],
          [
            79.6521785,
            11.2338725
          ],
          [
            79.6522301,
            11.2334342
          ],
          [
            79.6524191,
            11.2331981
          ],
          [
            79.6524449,
            11.2327935
          ],
          [
            79.6525309,
            11.232608
          ],
          [
            79.6524191,
            11.232313
          ],
          [
            79.6522988,
            11.2319674
          ],
          [
            79.6521527,
            11.2317819
          ],
          [
            79.6520754,
            11.2314869
          ],
          [
            79.6520572,
            11.2312945
          ]
        ]
      },
      "properties": {
        "id": 646758384,
        "name": "OSM Drain Segment 84",
        "drain_type": "ditch",
        "capacity": "54 m3/s",
        "status": "normal",
        "district": "Mayiladuthurai",
        "data_source_type": "OpenStreetMap Public Data"
      }
    },
    {
      "type": "Feature",
      "id": 646947105,
      "geometry": {
        "type": "LineString",
        "coordinates": [
          [
            79.6548488,
            11.2952656
          ],
          [
            79.6532633,
            11.2941015
          ],
          [
            79.6517794,
            11.2935155
          ],
          [
            79.650572,
            11.2927978
          ],
          [
            79.6499052,
            11.291845
          ],
          [
            79.6493523,
            11.2902224
          ],
          [
            79.6491003,
            11.288827
          ],
          [
            79.648897,
            11.2880894
          ],
          [
            79.6485758,
            11.2870927
          ],
          [
            79.648649,
            11.285191
          ],
          [
            79.6487344,
            11.2840587
          ],
          [
            79.6492466,
            11.2828029
          ],
          [
            79.6493726,
            11.2820972
          ],
          [
            79.6492466,
            11.2813716
          ],
          [
            79.6493239,
            11.2804386
          ],
          [
            79.6495271,
            11.2792625
          ],
          [
            79.6498239,
            11.2777195
          ],
          [
            79.6499703,
            11.277281
          ],
          [
            79.6499255,
            11.2761686
          ],
          [
            79.6500841,
            11.2749366
          ],
          [
            79.6505963,
            11.2734933
          ],
          [
            79.6510354,
            11.2719384
          ],
          [
            79.6515192,
            11.2706785
          ],
          [
            79.6519583,
            11.2700086
          ],
          [
            79.6527388,
            11.2688484
          ],
          [
            79.6530722,
            11.2684457
          ]
        ]
      },
      "properties": {
        "id": 646947105,
        "name": "OSM Drain Segment 5",
        "drain_type": "stream",
        "capacity": "25 m3/s",
        "status": "blocked",
        "district": "Mayiladuthurai",
        "data_source_type": "OpenStreetMap Public Data"
      }
    },
    {
      "type": "Feature",
      "id": 646968800,
      "geometry": {
        "type": "LineString",
        "coordinates": [
          [
            79.5978689,
            10.9836691
          ],
          [
            79.5983499,
            10.9834526
          ],
          [
            79.5988947,
            10.9831892
          ],
          [
            79.5998236,
            10.9826324
          ],
          [
            79.6003115,
            10.982391
          ],
          [
            79.600657,
            10.9824808
          ],
          [
            79.601088,
            10.9825227
          ],
          [
            79.6017608,
            10.9824209
          ],
          [
            79.6024621,
            10.9823391
          ],
          [
            79.603324,
            10.9821156
          ],
          [
            79.6043546,
            10.9818682
          ],
          [
            79.604942,
            10.9816466
          ],
          [
            79.6053669,
            10.9811238
          ],
          [
            79.6056535,
            10.9809682
          ],
          [
            79.606678,
            10.980605
          ],
          [
            79.6071902,
            10.9804134
          ],
          [
            79.6074702,
            10.9802605
          ]
        ]
      },
      "properties": {
        "id": 646968800,
        "name": "Vanjiyar River",
        "drain_type": "stream",
        "capacity": "20 m3/s",
        "status": "blocked",
        "district": "Mayiladuthurai",
        "data_source_type": "OpenStreetMap Public Data"
      }
    },
    {
      "type": "Feature",
      "id": 647023276,
      "geometry": {
        "type": "LineString",
        "coordinates": [
          [
            79.486271,
            10.9324446
          ],
          [
            79.4864165,
            10.9324584
          ],
          [
            79.4865632,
            10.9326338
          ],
          [
            79.4867259,
            10.9326338
          ],
          [
            79.4868886,
            10.9325649
          ],
          [
            79.4871549,
            10.932662
          ],
          [
            79.4872522,
            10.932662
          ],
          [
            79.4875106,
            10.9328326
          ],
          [
            79.4877514,
            10.9329908
          ],
          [
            79.48793,
            10.933091
          ],
          [
            79.4881278,
            10.9331067
          ],
          [
            79.4882809,
            10.933138
          ],
          [
            79.4884866,
            10.9332507
          ],
          [
            79.4887546,
            10.9332821
          ],
          [
            79.4889523,
            10.9334496
          ],
          [
            79.4891549,
            10.9335044
          ],
          [
            79.4892346,
            10.933578
          ],
          [
            79.4893128,
            10.9337659
          ],
          [
            79.4894276,
            10.9338286
          ],
          [
            79.4895253,
            10.9338207
          ],
          [
            79.4896142,
            10.9337628
          ],
          [
            79.4899013,
            10.933708
          ],
          [
            79.4900177,
            10.9336923
          ],
          [
            79.4902154,
            10.9339664
          ],
          [
            79.4903191,
            10.9339444
          ],
          [
            79.4905567,
            10.933838
          ],
          [
            79.490713,
            10.9338646
          ],
          [
            79.4908933,
            10.9338912
          ],
          [
            79.491233,
            10.9339069
          ],
          [
            79.4915057,
            10.9339413
          ],
          [
            79.4916827,
            10.9339163
          ],
          [
            79.492142,
            10.9339241
          ],
          [
            79.4926524,
            10.9339006
          ],
          [
            79.492965,
            10.933946
          ],
          [
            79.4932201,
            10.9339163
          ],
          [
            79.4934753,
            10.9339664
          ],
          [
            79.4938629,
            10.9339883
          ],
          [
            79.4939921,
            10.9340321
          ],
          [
            79.4944163,
            10.9340102
          ],
          [
            79.4945566,
            10.9340666
          ],
          [
            79.4947927,
            10.9340259
          ],
          [
            79.4950734,
            10.9340494
          ],
          [
            79.495295,
            10.9340055
          ],
          [
            79.4955949,
            10.9340619
          ],
          [
            79.4957304,
            10.9341402
          ],
          [
            79.4960398,
            10.9341903
          ],
          [
            79.4963301,
            10.9342592
          ],
          [
            79.4966379,
            10.9342811
          ],
          [
            79.4968532,
            10.9343406
          ],
          [
            79.4971211,
            10.9343469
          ]
        ]
      },
      "properties": {
        "id": 647023276,
        "name": "OSM Drain Segment 76",
        "drain_type": "canal",
        "capacity": "46 m3/s",
        "status": "partially_blocked",
        "district": "Mayiladuthurai",
        "data_source_type": "OpenStreetMap Public Data"
      }
    },
    {
      "type": "Feature",
      "id": 647023277,
      "geometry": {
        "type": "LineString",
        "coordinates": [
          [
            79.486271,
            10.9324446
          ],
          [
            79.4860878,
            10.9323874
          ],
          [
            79.4857585,
            10.9322424
          ],
          [
            79.485428,
            10.9320419
          ],
          [
            79.485304,
            10.9319943
          ],
          [
            79.4851664,
            10.9320165
          ],
          [
            79.4850446,
            10.9321206
          ],
          [
            79.4849702,
            10.9321327
          ],
          [
            79.484898,
            10.9320109
          ],
          [
            79.4848055,
            10.9319179
          ],
          [
            79.4846093,
            10.9318703
          ],
          [
            79.4843601,
            10.931846
          ],
          [
            79.4842575,
            10.9317219
          ],
          [
            79.4841729,
            10.9317087
          ],
          [
            79.4841176,
            10.9318238
          ],
          [
            79.4840556,
            10.9318305
          ],
          [
            79.4837906,
            10.9317729
          ],
          [
            79.4834218,
            10.9316455
          ],
          [
            79.4832978,
            10.9315005
          ],
          [
            79.4830181,
            10.9315138
          ],
          [
            79.4828219,
            10.9314706
          ],
          [
            79.4826899,
            10.9315592
          ]
        ]
      },
      "properties": {
        "id": 647023277,
        "name": "OSM Drain Segment 77",
        "drain_type": "canal",
        "capacity": "47 m3/s",
        "status": "normal",
        "district": "Mayiladuthurai",
        "data_source_type": "OpenStreetMap Public Data"
      }
    },
    {
      "type": "Feature",
      "id": 647381947,
      "geometry": {
        "type": "LineString",
        "coordinates": [
          [
            79.5972723,
            11.0373294
          ],
          [
            79.5970687,
            11.037199
          ],
          [
            79.5967353,
            11.0372229
          ],
          [
            79.5964995,
            11.0373665
          ],
          [
            79.5959873,
            11.0374304
          ],
          [
            79.5940602,
            11.0373107
          ],
          [
            79.5924503,
            11.037183
          ],
          [
            79.59206,
            11.0370793
          ],
          [
            79.5916941,
            11.0370793
          ],
          [
            79.5903932,
            11.0375341
          ],
          [
            79.5895963,
            11.0375581
          ],
          [
            79.5876368,
            11.0377177
          ],
          [
            79.5867099,
            11.0375661
          ],
          [
            79.5864253,
            11.037582
          ],
          [
            79.5859537,
            11.0377496
          ],
          [
            79.5857829,
            11.0377576
          ],
          [
            79.5852626,
            11.0376459
          ],
          [
            79.585043,
            11.0377017
          ],
          [
            79.5844901,
            11.0379811
          ],
          [
            79.5839128,
            11.0381327
          ],
          [
            79.5832217,
            11.0380688
          ]
        ]
      },
      "properties": {
        "id": 647381947,
        "name": "OSM Drain Segment 47",
        "drain_type": "stream",
        "capacity": "67 m3/s",
        "status": "normal",
        "district": "Mayiladuthurai",
        "data_source_type": "OpenStreetMap Public Data"
      }
    },
    {
      "type": "Feature",
      "id": 647410081,
      "geometry": {
        "type": "LineString",
        "coordinates": [
          [
            79.6069407,
            11.048163
          ],
          [
            79.6070345,
            11.0481946
          ],
          [
            79.6071177,
            11.048184
          ],
          [
            79.6071982,
            11.0481498
          ],
          [
            79.6072759,
            11.0481051
          ],
          [
            79.6073323,
            11.0480603
          ],
          [
            79.6074181,
            11.0480629
          ],
          [
            79.6074691,
            11.0481103
          ],
          [
            79.6074825,
            11.0481788
          ],
          [
            79.6074986,
            11.0482314
          ],
          [
            79.6074932,
            11.048292
          ],
          [
            79.607461,
            11.0483552
          ],
          [
            79.607453,
            11.048392
          ],
          [
            79.6074476,
            11.048442
          ],
          [
            79.6075093,
            11.048442
          ],
          [
            79.6075978,
            11.0483999
          ],
          [
            79.6076675,
            11.0483578
          ],
          [
            79.6077266,
            11.0483104
          ],
          [
            79.607799,
            11.0482709
          ],
          [
            79.6078714,
            11.0482393
          ],
          [
            79.6079492,
            11.0481867
          ]
        ]
      },
      "properties": {
        "id": 647410081,
        "name": "OSM Drain Segment 81",
        "drain_type": "stream",
        "capacity": "51 m3/s",
        "status": "partially_blocked",
        "district": "Mayiladuthurai",
        "data_source_type": "OpenStreetMap Public Data"
      }
    },
    {
      "type": "Feature",
      "id": 647522579,
      "geometry": {
        "type": "LineString",
        "coordinates": [
          [
            79.8003919,
            11.1179449
          ],
          [
            79.800636,
            11.1179499
          ],
          [
            79.8010234,
            11.1179702
          ],
          [
            79.8012535,
            11.1179906
          ],
          [
            79.8016167,
            11.1180755
          ],
          [
            79.8018744,
            11.1180992
          ],
          [
            79.8021044,
            11.1180907
          ],
          [
            79.8023517,
            11.1181264
          ],
          [
            79.8027201,
            11.1182469
          ],
          [
            79.8030504,
            11.1182537
          ],
          [
            79.8035036,
            11.1182367
          ],
          [
            79.8039204,
            11.1183046
          ],
          [
            79.8043874,
            11.1183215
          ],
          [
            79.8047091,
            11.1183555
          ],
          [
            79.8050723,
            11.1183623
          ],
          [
            79.8055998,
            11.1184166
          ],
          [
            79.8058177,
            11.118476
          ],
          [
            79.8059682,
            11.118476
          ],
          [
            79.8062207,
            11.1184284
          ],
          [
            79.8065372,
            11.1184607
          ],
          [
            79.8067931,
            11.1185116
          ],
          [
            79.8070923,
            11.1185099
          ],
          [
            79.807542,
            11.1185982
          ],
          [
            79.8081941,
            11.1185914
          ],
          [
            79.8086852,
            11.1187017
          ],
          [
            79.8092024,
            11.1188324
          ],
          [
            79.8098371,
            11.1188239
          ],
          [
            79.8102453,
            11.1188069
          ],
          [
            79.8106846,
            11.1188595
          ],
          [
            79.8111325,
            11.1189019
          ],
          [
            79.8114611,
            11.1190038
          ],
          [
            79.8118849,
            11.1189613
          ],
          [
            79.812402,
            11.118851
          ],
          [
            79.8131059,
            11.1187492
          ],
          [
            79.8136628,
            11.1186864
          ],
          [
            79.8140589,
            11.118739
          ],
          [
            79.8144826,
            11.1186796
          ],
          [
            79.8151208,
            11.1185642
          ],
          [
            79.8154864,
            11.1185128
          ],
          [
            79.8160686,
            11.1185104
          ],
          [
            79.8167021,
            11.1184936
          ],
          [
            79.8172817,
            11.1184672
          ],
          [
            79.8177514,
            11.1184432
          ],
          [
            79.8181451,
            11.118412
          ],
          [
            79.81849,
            11.1184552
          ],
          [
            79.818715,
            11.1184864
          ],
          [
            79.8190452,
            11.1184672
          ],
          [
            79.8197008,
            11.1183568
          ],
          [
            79.819982,
            11.1183472
          ],
          [
            79.8203905,
            11.1184264
          ],
          [
            79.8206791,
            11.1184552
          ],
          [
            79.8208626,
            11.1185152
          ],
          [
            79.8212661,
            11.118448
          ],
          [
            79.8218752,
            11.118352
          ],
          [
            79.8222445,
            11.1184096
          ],
          [
            79.8226897,
            11.1184216
          ],
          [
            79.822922,
            11.1184576
          ],
          [
            79.8236216,
            11.1183448
          ],
          [
            79.8239322,
            11.1183736
          ],
          [
            79.8243138,
            11.1182968
          ],
          [
            79.8244116,
            11.1182824
          ],
          [
            79.8246415,
            11.1183256
          ],
          [
            79.8251576,
            11.1183424
          ],
          [
            79.8254438,
            11.1185032
          ],
          [
            79.8255636,
            11.1185272
          ],
          [
            79.8259207,
            11.1183928
          ],
          [
            79.8261311,
            11.1183136
          ],
          [
            79.8264808,
            11.1183448
          ],
          [
            79.8266031,
            11.1183304
          ],
          [
            79.8268306,
            11.1181792
          ],
          [
            79.8269553,
            11.1181408
          ],
          [
            79.8270776,
            11.11816
          ],
          [
            79.827403,
            11.1182824
          ],
          [
            79.8277674,
            11.1182416
          ],
          [
            79.8281221,
            11.1182584
          ],
          [
            79.8285868,
            11.118172
          ],
          [
            79.8291029,
            11.1182032
          ],
          [
            79.8297217,
            11.118256
          ],
          [
            79.8300739,
            11.1182968
          ],
          [
            79.8302891,
            11.1182752
          ],
          [
            79.8306854,
            11.1181768
          ],
          [
            79.831221,
            11.1181576
          ],
          [
            79.8316442,
            11.1181696
          ],
          [
            79.8320722,
            11.118268
          ],
          [
            79.832219,
            11.1183064
          ],
          [
            79.8323608,
            11.1182776
          ],
          [
            79.8326739,
            11.118136
          ],
          [
            79.8329356,
            11.1181072
          ],
          [
            79.8331582,
            11.118148
          ],
          [
            79.8333955,
            11.1181984
          ],
          [
            79.8336621,
            11.118172
          ],
          [
            79.8341023,
            11.1181192
          ],
          [
            79.8344154,
            11.1181024
          ],
          [
            79.8347187,
            11.118184
          ],
          [
            79.8350831,
            11.1180712
          ],
          [
            79.8354818,
            11.1181552
          ],
          [
            79.8359074,
            11.1181504
          ],
          [
            79.8365678,
            11.118052
          ],
          [
            79.8368246,
            11.1180808
          ],
          [
            79.8375927,
            11.1179248
          ],
          [
            79.8378862,
            11.1178984
          ],
          [
            79.8382457,
            11.117956
          ],
          [
            79.8385784,
            11.1179656
          ],
          [
            79.8389673,
            11.1179248
          ],
          [
            79.8394858,
            11.1179968
          ],
          [
            79.8396937,
            11.1180856
          ],
          [
            79.839772,
            11.1181288
          ],
          [
            79.8399016,
            11.118148
          ],
          [
            79.8400899,
            11.1181096
          ],
          [
            79.8405057,
            11.1180448
          ],
          [
            79.8408604,
            11.1180328
          ],
          [
            79.8411446,
            11.1180486
          ]
        ]
      },
      "properties": {
        "id": 647522579,
        "name": "OSM Drain Segment 79",
        "drain_type": "stream",
        "capacity": "49 m3/s",
        "status": "normal",
        "district": "Mayiladuthurai",
        "data_source_type": "OpenStreetMap Public Data"
      }
    },
    {
      "type": "Feature",
      "id": 647802744,
      "geometry": {
        "type": "LineString",
        "coordinates": [
          [
            79.5273094,
            11.1158108
          ],
          [
            79.5273207,
            11.1157391
          ],
          [
            79.5273578,
            11.1156922
          ],
          [
            79.5274074,
            11.1157096
          ],
          [
            79.5274569,
            11.1157547
          ],
          [
            79.5275171,
            11.1157894
          ],
          [
            79.5275507,
            11.1157929
          ],
          [
            79.5275666,
            11.1157651
          ],
          [
            79.5275684,
            11.1157148
          ],
          [
            79.5275932,
            11.1156349
          ],
          [
            79.5276675,
            11.1155654
          ],
          [
            79.5277772,
            11.1155342
          ],
          [
            79.5278923,
            11.1154995
          ],
          [
            79.5279542,
            11.115463
          ],
          [
            79.5279524,
            11.1153849
          ],
          [
            79.5279719,
            11.1152876
          ],
          [
            79.528094,
            11.1152251
          ],
          [
            79.5281736,
            11.1151921
          ],
          [
            79.5281984,
            11.1151053
          ],
          [
            79.5282391,
            11.1150098
          ],
          [
            79.5283099,
            11.1149577
          ],
          [
            79.5284621,
            11.1149438
          ],
          [
            79.5285169,
            11.1149438
          ],
          [
            79.5285824,
            11.1149091
          ],
          [
            79.5286355,
            11.1149143
          ],
          [
            79.5286443,
            11.1149577
          ],
          [
            79.5286373,
            11.1150515
          ],
          [
            79.5286514,
            11.1151366
          ],
          [
            79.5286921,
            11.1151487
          ],
          [
            79.5287399,
            11.1151296
          ],
          [
            79.5287912,
            11.1150549
          ],
          [
            79.5287965,
            11.1149525
          ],
          [
            79.5288001,
            11.1148587
          ],
          [
            79.5288974,
            11.114791
          ],
          [
            79.5290159,
            11.1147459
          ],
          [
            79.5291027,
            11.1147059
          ],
          [
            79.5292053,
            11.1146764
          ],
          [
            79.5292672,
            11.1146
          ],
          [
            79.5293221,
            11.1145809
          ],
          [
            79.5293787,
            11.1146191
          ],
          [
            79.5294424,
            11.114666
          ],
          [
            79.5295433,
            11.1146747
          ],
          [
            79.5295946,
            11.1146174
          ],
          [
            79.5296088,
            11.1144819
          ],
          [
            79.5296504,
            11.1144319
          ],
          [
            79.5297613,
            11.114435
          ],
          [
            79.5299385,
            11.1144637
          ],
          [
            79.5300294,
            11.1144516
          ],
          [
            79.5300479,
            11.1144093
          ],
          [
            79.530071,
            11.1144032
          ],
          [
            79.5300818,
            11.1144183
          ],
          [
            79.5302096,
            11.1143987
          ],
          [
            79.530319,
            11.1144319
          ],
          [
            79.5303837,
            11.1144516
          ],
          [
            79.5304885,
            11.114438
          ],
          [
            79.530624,
            11.1144032
          ],
          [
            79.5308274,
            11.1144108
          ],
          [
            79.5308798,
            11.1144047
          ],
          [
            79.5309614,
            11.1143276
          ],
          [
            79.5309968,
            11.1143065
          ],
          [
            79.5310785,
            11.1143337
          ],
          [
            79.5311771,
            11.1143155
          ],
          [
            79.5312818,
            11.1143065
          ],
          [
            79.5313496,
            11.1141538
          ],
          [
            79.5314128,
            11.1140298
          ],
          [
            79.5315037,
            11.1139815
          ],
          [
            79.5316346,
            11.1139966
          ],
          [
            79.5317024,
            11.1139996
          ],
          [
            79.5317455,
            11.1139709
          ],
          [
            79.5318118,
            11.1138288
          ],
          [
            79.5320074,
            11.1138394
          ],
          [
            79.5321076,
            11.1138545
          ],
          [
            79.5322462,
            11.1138364
          ],
          [
            79.5323633,
            11.1137366
          ],
          [
            79.532428,
            11.1137003
          ],
          [
            79.532517,
            11.1136628
          ],
          [
            79.5325465,
            11.1136286
          ],
          [
            79.5325761,
            11.1135944
          ],
          [
            79.5326002,
            11.1135628
          ],
          [
            79.532623,
            11.1135325
          ],
          [
            79.5326404,
            11.1134944
          ],
          [
            79.5326565,
            11.1134496
          ],
          [
            79.5326632,
            11.1134141
          ],
          [
            79.5326994,
            11.113197
          ],
          [
            79.5327263,
            11.1131417
          ],
          [
            79.5329475,
            11.1129548
          ],
          [
            79.5329717,
            11.1126811
          ],
          [
            79.5330535,
            11.1126245
          ],
          [
            79.5332372,
            11.1125574
          ],
          [
            79.5332654,
            11.1125271
          ],
          [
            79.5333016,
            11.1122955
          ],
          [
            79.5334706,
            11.1122245
          ],
          [
            79.5335376,
            11.1121376
          ],
          [
            79.5335698,
            11.112035
          ],
          [
            79.5335484,
            11.1119244
          ],
          [
            79.5338193,
            11.1117507
          ],
          [
            79.5338193,
            11.1115323
          ],
          [
            79.5338997,
            11.1114902
          ],
          [
            79.5340124,
            11.1114717
          ],
          [
            79.5341358,
            11.1113586
          ],
          [
            79.5343852,
            11.1110585
          ],
          [
            79.5346695,
            11.1108769
          ],
          [
            79.5347929,
            11.1107611
          ],
          [
            79.5349351,
            11.1106874
          ],
          [
            79.5350075,
            11.11054
          ],
          [
            79.5350477,
            11.1102979
          ],
          [
            79.5350799,
            11.1102505
          ],
          [
            79.535273,
            11.1100505
          ],
          [
            79.5355654,
            11.1098268
          ],
          [
            79.5356029,
            11.1097504
          ],
          [
            79.5356968,
            11.1096399
          ],
          [
            79.5359731,
            11.1094425
          ],
          [
            79.5361125,
            11.1093951
          ],
          [
            79.5363539,
            11.1093504
          ]
        ]
      },
      "properties": {
        "id": 647802744,
        "name": "OSM Drain Segment 44",
        "drain_type": "ditch",
        "capacity": "64 m3/s",
        "status": "normal",
        "district": "Mayiladuthurai",
        "data_source_type": "OpenStreetMap Public Data"
      }
    },
    {
      "type": "Feature",
      "id": 648687074,
      "geometry": {
        "type": "LineString",
        "coordinates": [
          [
            79.8112953,
            11.0120912
          ],
          [
            79.8115486,
            11.0123865
          ],
          [
            79.811849,
            11.012613
          ],
          [
            79.8122057,
            11.0128052
          ],
          [
            79.8123747,
            11.0129552
          ],
          [
            79.8124096,
            11.0135555
          ],
          [
            79.8123533,
            11.0138267
          ],
          [
            79.8121172,
            11.0142506
          ],
          [
            79.8120904,
            11.0144954
          ],
          [
            79.8120689,
            11.0154722
          ],
          [
            79.8120167,
            11.0167958
          ]
        ]
      },
      "properties": {
        "id": 648687074,
        "name": "OSM Drain Segment 74",
        "drain_type": "ditch",
        "capacity": "44 m3/s",
        "status": "normal",
        "district": "Mayiladuthurai",
        "data_source_type": "OpenStreetMap Public Data"
      }
    },
    {
      "type": "Feature",
      "id": 648962243,
      "geometry": {
        "type": "LineString",
        "coordinates": [
          [
            79.8151995,
            11.2155923
          ],
          [
            79.8156688,
            11.2156809
          ]
        ]
      },
      "properties": {
        "id": 648962243,
        "name": "OSM Drain Segment 43",
        "drain_type": "stream",
        "capacity": "63 m3/s",
        "status": "normal",
        "district": "Mayiladuthurai",
        "data_source_type": "OpenStreetMap Public Data"
      }
    },
    {
      "type": "Feature",
      "id": 648962244,
      "geometry": {
        "type": "LineString",
        "coordinates": [
          [
            79.8156688,
            11.2156809
          ],
          [
            79.8159696,
            11.2158343
          ],
          [
            79.8165231,
            11.2155628
          ],
          [
            79.81683,
            11.2152973
          ],
          [
            79.8169202,
            11.2149845
          ],
          [
            79.8169383,
            11.2142763
          ],
          [
            79.8172191,
            11.2137042
          ],
          [
            79.8176422,
            11.2135327
          ],
          [
            79.8181175,
            11.2134973
          ],
          [
            79.8184815,
            11.2137186
          ],
          [
            79.8186018,
            11.2141966
          ],
          [
            79.8188004,
            11.2148753
          ],
          [
            79.8192447,
            11.2152289
          ],
          [
            79.8199706,
            11.2154684
          ],
          [
            79.820205,
            11.2159972
          ],
          [
            79.8203225,
            11.2165277
          ],
          [
            79.8205421,
            11.2166487
          ],
          [
            79.8207603,
            11.2166874
          ],
          [
            79.8211261,
            11.2165121
          ],
          [
            79.8215771,
            11.2162339
          ],
          [
            79.8223428,
            11.2160698
          ],
          [
            79.8229044,
            11.2161449
          ],
          [
            79.8233043,
            11.2162952
          ],
          [
            79.8234745,
            11.2167709
          ],
          [
            79.8230661,
            11.2181897
          ],
          [
            79.8228448,
            11.2190994
          ],
          [
            79.8225811,
            11.2194666
          ],
          [
            79.8221615,
            11.2196315
          ],
          [
            79.8216281,
            11.2198505
          ],
          [
            79.8211772,
            11.2202094
          ],
          [
            79.8209049,
            11.2210189
          ],
          [
            79.8208964,
            11.2215364
          ],
          [
            79.8211857,
            11.2219453
          ],
          [
            79.8216707,
            11.2223459
          ],
          [
            79.8223003,
            11.2224127
          ],
          [
            79.8229895,
            11.2223376
          ],
          [
            79.8236787,
            11.2222291
          ],
          [
            79.8247167,
            11.2222041
          ],
          [
            79.8255846,
            11.2224127
          ],
          [
            79.8267084,
            11.2230257
          ],
          [
            79.827405,
            11.2233354
          ],
          [
            79.8282052,
            11.2239817
          ],
          [
            79.8291078,
            11.2242742
          ],
          [
            79.8296589,
            11.224278
          ],
          [
            79.8305961,
            11.2239901
          ],
          [
            79.8318043,
            11.2240151
          ],
          [
            79.8322552,
            11.2246828
          ],
          [
            79.8321564,
            11.2267686
          ],
          [
            79.8326041,
            11.2291644
          ],
          [
            79.8332337,
            11.2298905
          ],
          [
            79.8340091,
            11.2303355
          ],
          [
            79.8353779,
            11.2323023
          ],
          [
            79.8358762,
            11.2326126
          ],
          [
            79.8364281,
            11.2326435
          ],
          [
            79.8372268,
            11.2325394
          ],
          [
            79.8386216,
            11.2323673
          ],
          [
            79.8397225,
            11.2323916
          ],
          [
            79.8408568,
            11.2325579
          ],
          [
            79.8418736,
            11.2330283
          ],
          [
            79.8426271,
            11.2337294
          ],
          [
            79.8429894,
            11.2356538
          ],
          [
            79.843141,
            11.2379198
          ]
        ]
      },
      "properties": {
        "id": 648962244,
        "name": "OSM Drain Segment 44",
        "drain_type": "stream",
        "capacity": "64 m3/s",
        "status": "normal",
        "district": "Mayiladuthurai",
        "data_source_type": "OpenStreetMap Public Data"
      }
    },
    {
      "type": "Feature",
      "id": 648962253,
      "geometry": {
        "type": "LineString",
        "coordinates": [
          [
            79.8173286,
            11.1947913
          ],
          [
            79.8177103,
            11.1951798
          ],
          [
            79.8180305,
            11.1955868
          ],
          [
            79.818231,
            11.1958681
          ],
          [
            79.8183396,
            11.1961849
          ],
          [
            79.8183006,
            11.1963843
          ],
          [
            79.8181725,
            11.1965946
          ],
          [
            79.8180472,
            11.1967776
          ],
          [
            79.8179999,
            11.1969169
          ],
          [
            79.8179916,
            11.1971081
          ],
          [
            79.8180584,
            11.1972419
          ],
          [
            79.8182087,
            11.1973757
          ],
          [
            79.8184036,
            11.1975369
          ],
          [
            79.8185178,
            11.1976762
          ],
          [
            79.8185122,
            11.1978537
          ],
          [
            79.8184287,
            11.1980121
          ],
          [
            79.8183479,
            11.1981514
          ],
          [
            79.8182588,
            11.1983207
          ],
          [
            79.8182421,
            11.1985065
          ],
          [
            79.8182839,
            11.1989298
          ],
          [
            79.818334,
            11.199222
          ],
          [
            79.8184482,
            11.1996454
          ],
          [
            79.8185066,
            11.1999294
          ],
          [
            79.818476,
            11.2001752
          ],
          [
            79.8184927,
            11.2003965
          ],
          [
            79.81854,
            11.200574
          ],
          [
            79.8185484,
            11.2008061
          ],
          [
            79.8185651,
            11.2011503
          ],
          [
            79.8185261,
            11.2013715
          ],
          [
            79.8184788,
            11.2016036
          ],
          [
            79.8184955,
            11.2017702
          ],
          [
            79.8185735,
            11.2020679
          ],
          [
            79.8187294,
            11.2023574
          ],
          [
            79.8189326,
            11.202636
          ],
          [
            79.8190134,
            11.2027671
          ],
          [
            79.8191164,
            11.2029911
          ],
          [
            79.8192138,
            11.2032833
          ],
          [
            79.8192946,
            11.2035646
          ],
          [
            79.819328,
            11.2037285
          ],
          [
            79.8194059,
            11.2038569
          ],
          [
            79.8194783,
            11.2039333
          ],
          [
            79.8195869,
            11.2039661
          ],
          [
            79.8197623,
            11.2040016
          ],
          [
            79.8199906,
            11.2039961
          ],
          [
            79.820205,
            11.2039961
          ],
          [
            79.8204584,
            11.2040207
          ],
          [
            79.8206449,
            11.2040617
          ],
          [
            79.8208092,
            11.2041436
          ],
          [
            79.8209178,
            11.2042802
          ],
          [
            79.8210792,
            11.2045314
          ],
          [
            79.8213605,
            11.2049548
          ],
          [
            79.8216194,
            11.2054409
          ],
          [
            79.8218282,
            11.2056949
          ],
          [
            79.8219257,
            11.2058533
          ],
          [
            79.8219507,
            11.2060582
          ],
          [
            79.8219257,
            11.2062575
          ],
          [
            79.821831,
            11.2064405
          ],
          [
            79.821767,
            11.2067218
          ],
          [
            79.8217168,
            11.2069758
          ],
          [
            79.8216751,
            11.2071233
          ],
          [
            79.8214997,
            11.2072298
          ],
          [
            79.821341,
            11.2072735
          ],
          [
            79.8212185,
            11.2073746
          ],
          [
            79.8210431,
            11.2075248
          ],
          [
            79.8208732,
            11.2076258
          ],
          [
            79.8206811,
            11.2076914
          ],
          [
            79.8205475,
            11.2078416
          ],
          [
            79.8204862,
            11.2080355
          ],
          [
            79.8205001,
            11.208284
          ],
          [
            79.8206087,
            11.2084834
          ],
          [
            79.8208036,
            11.2086855
          ],
          [
            79.8210458,
            11.2089122
          ],
          [
            79.8212379,
            11.2090597
          ],
          [
            79.8215693,
            11.2091334
          ],
          [
            79.8220231,
            11.209229
          ],
          [
            79.8224714,
            11.2093382
          ],
          [
            79.8227609,
            11.2093983
          ],
          [
            79.8231173,
            11.2094584
          ],
          [
            79.8233734,
            11.2096086
          ],
          [
            79.8237855,
            11.2098981
          ],
          [
            79.8240055,
            11.2101876
          ]
        ]
      },
      "properties": {
        "id": 648962253,
        "name": "irrigation",
        "drain_type": "canal",
        "capacity": "23 m3/s",
        "status": "normal",
        "district": "Mayiladuthurai",
        "data_source_type": "OpenStreetMap Public Data"
      }
    },
    {
      "type": "Feature",
      "id": 648978713,
      "geometry": {
        "type": "LineString",
        "coordinates": [
          [
            79.8002994,
            11.1179469
          ],
          [
            79.8003919,
            11.1179449
          ]
        ]
      },
      "properties": {
        "id": 648978713,
        "name": "OSM Drain Segment 13",
        "drain_type": "stream",
        "capacity": "33 m3/s",
        "status": "normal",
        "district": "Mayiladuthurai",
        "data_source_type": "OpenStreetMap Public Data"
      }
    },
    {
      "type": "Feature",
      "id": 648978715,
      "geometry": {
        "type": "LineString",
        "coordinates": [
          [
            79.7815196,
            11.113396
          ],
          [
            79.7816982,
            11.1133968
          ],
          [
            79.7819256,
            11.1133762
          ],
          [
            79.7820749,
            11.1133727
          ],
          [
            79.7823524,
            11.1134026
          ],
          [
            79.7825414,
            11.1134087
          ],
          [
            79.782838,
            11.1134173
          ],
          [
            79.7832954,
            11.1134282
          ],
          [
            79.7839302,
            11.1134519
          ],
          [
            79.7843643,
            11.113457
          ],
          [
            79.7845684,
            11.113418
          ],
          [
            79.784852,
            11.1134842
          ],
          [
            79.7864657,
            11.1135317
          ],
          [
            79.7877075,
            11.1135555
          ],
          [
            79.7879496,
            11.1135911
          ],
          [
            79.7886501,
            11.1135605
          ],
          [
            79.7893592,
            11.1135215
          ],
          [
            79.7900717,
            11.1135487
          ],
          [
            79.7906995,
            11.1136047
          ],
          [
            79.7912789,
            11.1136132
          ],
          [
            79.7915245,
            11.1135962
          ],
          [
            79.7919794,
            11.1136946
          ],
          [
            79.7929306,
            11.1137438
          ],
          [
            79.7929955,
            11.1137544
          ],
          [
            79.7930279,
            11.113774
          ],
          [
            79.7930474,
            11.1138049
          ],
          [
            79.7930599,
            11.1138601
          ],
          [
            79.7930526,
            11.1139381
          ],
          [
            79.7929743,
            11.1147073
          ],
          [
            79.7929474,
            11.1149473
          ],
          [
            79.7929425,
            11.1151825
          ],
          [
            79.7929523,
            11.1155017
          ],
          [
            79.7928887,
            11.1157921
          ],
          [
            79.792896,
            11.1160249
          ],
          [
            79.7928887,
            11.1162913
          ],
          [
            79.7928642,
            11.1164713
          ],
          [
            79.7928813,
            11.1167065
          ],
          [
            79.7928911,
            11.1169657
          ],
          [
            79.7928471,
            11.1171337
          ],
          [
            79.7928495,
            11.1171883
          ],
          [
            79.7928716,
            11.1172249
          ],
          [
            79.7929229,
            11.1172555
          ],
          [
            79.7929847,
            11.1172687
          ],
          [
            79.7930666,
            11.1172693
          ],
          [
            79.7931486,
            11.1172561
          ],
          [
            79.7932482,
            11.1172327
          ],
          [
            79.7933461,
            11.1172303
          ],
          [
            79.7938321,
            11.117305
          ],
          [
            79.7942506,
            11.1174034
          ],
          [
            79.7946622,
            11.1174119
          ],
          [
            79.7949614,
            11.1174051
          ],
          [
            79.7953004,
            11.1174645
          ],
          [
            79.7956654,
            11.1175663
          ],
          [
            79.7958677,
            11.1176037
          ],
          [
            79.7961894,
            11.1175646
          ],
          [
            79.7965163,
            11.1175663
          ],
          [
            79.7968466,
            11.117624
          ],
          [
            79.797151,
            11.1176563
          ],
          [
            79.7974987,
            11.11768
          ],
          [
            79.7976958,
            11.1176936
          ],
          [
            79.7989861,
            11.1178141
          ],
          [
            79.7993302,
            11.1178158
          ],
          [
            79.7996727,
            11.1179227
          ],
          [
            79.8000099,
            11.1179431
          ],
          [
            79.8002994,
            11.1179469
          ]
        ]
      },
      "properties": {
        "id": 648978715,
        "name": "OSM Drain Segment 15",
        "drain_type": "stream",
        "capacity": "35 m3/s",
        "status": "blocked",
        "district": "Mayiladuthurai",
        "data_source_type": "OpenStreetMap Public Data"
      }
    },
    {
      "type": "Feature",
      "id": 649076430,
      "geometry": {
        "type": "LineString",
        "coordinates": [
          [
            79.7790542,
            11.107358
          ],
          [
            79.7791388,
            11.1073862
          ]
        ]
      },
      "properties": {
        "id": 649076430,
        "name": "OSM Drain Segment 30",
        "drain_type": "stream",
        "capacity": "50 m3/s",
        "status": "blocked",
        "district": "Mayiladuthurai",
        "data_source_type": "OpenStreetMap Public Data"
      }
    },
    {
      "type": "Feature",
      "id": 649076431,
      "geometry": {
        "type": "LineString",
        "coordinates": [
          [
            79.7791388,
            11.1073862
          ],
          [
            79.77926,
            11.10743
          ],
          [
            79.77937,
            11.1074895
          ],
          [
            79.7795104,
            11.1075599
          ],
          [
            79.7796443,
            11.1076413
          ],
          [
            79.7797783,
            11.1077477
          ],
          [
            79.7799155,
            11.1078056
          ],
          [
            79.7800526,
            11.107779
          ],
          [
            79.7801882,
            11.1077681
          ],
          [
            79.7803477,
            11.1077962
          ],
          [
            79.7804465,
            11.1078917
          ],
          [
            79.7805566,
            11.1079809
          ],
          [
            79.7806969,
            11.1080654
          ],
          [
            79.780799,
            11.1080967
          ],
          [
            79.7809138,
            11.1081249
          ],
          [
            79.781043,
            11.1081922
          ],
          [
            79.7811499,
            11.1082923
          ],
          [
            79.7813948,
            11.1084062
          ]
        ]
      },
      "properties": {
        "id": 649076431,
        "name": "OSM Drain Segment 31",
        "drain_type": "stream",
        "capacity": "51 m3/s",
        "status": "partially_blocked",
        "district": "Mayiladuthurai",
        "data_source_type": "OpenStreetMap Public Data"
      }
    },
    {
      "type": "Feature",
      "id": 649076440,
      "geometry": {
        "type": "LineString",
        "coordinates": [
          [
            79.7814379,
            11.1133937
          ],
          [
            79.7815196,
            11.113396
          ]
        ]
      },
      "properties": {
        "id": 649076440,
        "name": "OSM Drain Segment 40",
        "drain_type": "stream",
        "capacity": "60 m3/s",
        "status": "blocked",
        "district": "Mayiladuthurai",
        "data_source_type": "OpenStreetMap Public Data"
      }
    },
    {
      "type": "Feature",
      "id": 649076441,
      "geometry": {
        "type": "LineString",
        "coordinates": [
          [
            79.7779565,
            11.1109058
          ],
          [
            79.778125,
            11.1110097
          ],
          [
            79.7781808,
            11.1110546
          ],
          [
            79.7782192,
            11.1111215
          ],
          [
            79.7782068,
            11.111252
          ],
          [
            79.7781859,
            11.1116482
          ],
          [
            79.7781645,
            11.1119876
          ],
          [
            79.7781259,
            11.1126687
          ],
          [
            79.7781011,
            11.1131058
          ],
          [
            79.778098,
            11.113225
          ],
          [
            79.7781025,
            11.1132651
          ],
          [
            79.7781271,
            11.1132906
          ],
          [
            79.7781734,
            11.1132975
          ],
          [
            79.7782279,
            11.1132992
          ],
          [
            79.7784058,
            11.1132916
          ],
          [
            79.7785228,
            11.1132899
          ],
          [
            79.7787763,
            11.1133107
          ],
          [
            79.7793168,
            11.1133262
          ],
          [
            79.7796335,
            11.1133359
          ],
          [
            79.7799056,
            11.1133416
          ],
          [
            79.7805986,
            11.1133588
          ],
          [
            79.7814379,
            11.1133937
          ]
        ]
      },
      "properties": {
        "id": 649076441,
        "name": "OSM Drain Segment 41",
        "drain_type": "stream",
        "capacity": "61 m3/s",
        "status": "partially_blocked",
        "district": "Mayiladuthurai",
        "data_source_type": "OpenStreetMap Public Data"
      }
    },
    {
      "type": "Feature",
      "id": 649076444,
      "geometry": {
        "type": "LineString",
        "coordinates": [
          [
            79.7813948,
            11.1084062
          ],
          [
            79.7814345,
            11.1084299
          ]
        ]
      },
      "properties": {
        "id": 649076444,
        "name": "OSM Drain Segment 44",
        "drain_type": "stream",
        "capacity": "64 m3/s",
        "status": "normal",
        "district": "Mayiladuthurai",
        "data_source_type": "OpenStreetMap Public Data"
      }
    },
    {
      "type": "Feature",
      "id": 649076445,
      "geometry": {
        "type": "LineString",
        "coordinates": [
          [
            79.7814345,
            11.1084299
          ],
          [
            79.7816666,
            11.1085318
          ],
          [
            79.7818117,
            11.1085928
          ],
          [
            79.7819457,
            11.1086085
          ],
          [
            79.7820781,
            11.1085443
          ],
          [
            79.7822073,
            11.1085208
          ],
          [
            79.7824672,
            11.1085333
          ],
          [
            79.7825939,
            11.1085607
          ],
          [
            79.7827991,
            11.10855
          ],
          [
            79.7830754,
            11.1085448
          ],
          [
            79.7834563,
            11.1085579
          ],
          [
            79.7836709,
            11.1085737
          ],
          [
            79.7839096,
            11.1085632
          ],
          [
            79.7840893,
            11.1085579
          ],
          [
            79.7844058,
            11.108529
          ],
          [
            79.7845962,
            11.1085264
          ],
          [
            79.7847303,
            11.1084948
          ],
          [
            79.7849583,
            11.1085027
          ],
          [
            79.7850629,
            11.108529
          ],
          [
            79.7850951,
            11.1085316
          ]
        ]
      },
      "properties": {
        "id": 649076445,
        "name": "OSM Drain Segment 45",
        "drain_type": "stream",
        "capacity": "65 m3/s",
        "status": "blocked",
        "district": "Mayiladuthurai",
        "data_source_type": "OpenStreetMap Public Data"
      }
    },
    {
      "type": "Feature",
      "id": 649084071,
      "geometry": {
        "type": "LineString",
        "coordinates": [
          [
            79.7675242,
            11.0788809
          ],
          [
            79.7675396,
            11.07883
          ]
        ]
      },
      "properties": {
        "id": 649084071,
        "name": "OSM Drain Segment 71",
        "drain_type": "stream",
        "capacity": "41 m3/s",
        "status": "partially_blocked",
        "district": "Mayiladuthurai",
        "data_source_type": "OpenStreetMap Public Data"
      }
    },
    {
      "type": "Feature",
      "id": 649084072,
      "geometry": {
        "type": "LineString",
        "coordinates": [
          [
            79.7675195,
            11.0788988
          ],
          [
            79.7675242,
            11.0788809
          ]
        ]
      },
      "properties": {
        "id": 649084072,
        "name": "OSM Drain Segment 72",
        "drain_type": "stream",
        "capacity": "42 m3/s",
        "status": "normal",
        "district": "Mayiladuthurai",
        "data_source_type": "OpenStreetMap Public Data"
      }
    },
    {
      "type": "Feature",
      "id": 649094750,
      "geometry": {
        "type": "LineString",
        "coordinates": [
          [
            79.7941798,
            11.2690494
          ],
          [
            79.7944834,
            11.2701378
          ],
          [
            79.7943573,
            11.2714277
          ],
          [
            79.7950018,
            11.2720655
          ],
          [
            79.7949458,
            11.2723887
          ],
          [
            79.7962133,
            11.2742515
          ],
          [
            79.8022566,
            11.2758485
          ],
          [
            79.808113,
            11.2835994
          ],
          [
            79.8083997,
            11.2848561
          ],
          [
            79.8088717,
            11.2859714
          ],
          [
            79.8102021,
            11.2882019
          ],
          [
            79.8100734,
            11.2899064
          ],
          [
            79.8107948,
            11.2906284
          ],
          [
            79.8109826,
            11.2908033
          ],
          [
            79.8110383,
            11.2909039
          ]
        ]
      },
      "properties": {
        "id": 649094750,
        "name": "OSM Drain Segment 50",
        "drain_type": "stream",
        "capacity": "20 m3/s",
        "status": "blocked",
        "district": "Mayiladuthurai",
        "data_source_type": "OpenStreetMap Public Data"
      }
    },
    {
      "type": "Feature",
      "id": 649136658,
      "geometry": {
        "type": "LineString",
        "coordinates": [
          [
            79.6735307,
            11.1571817
          ],
          [
            79.6744423,
            11.1571066
          ],
          [
            79.6760909,
            11.1563981
          ],
          [
            79.6779088,
            11.1559999
          ],
          [
            79.6813869,
            11.1550526
          ],
          [
            79.6829845,
            11.1545802
          ],
          [
            79.6844872,
            11.1538502
          ],
          [
            79.6856763,
            11.1533134
          ],
          [
            79.6865663,
            11.1534351
          ],
          [
            79.6888422,
            11.1533778
          ],
          [
            79.6899073,
            11.1533349
          ],
          [
            79.6910307,
            11.1534064
          ],
          [
            79.6931302,
            11.1538274
          ],
          [
            79.6944592,
            11.1538216
          ],
          [
            79.6956556,
            11.1539432
          ],
          [
            79.6983089,
            11.1541368
          ],
          [
            79.6991644,
            11.1540363
          ],
          [
            79.6998678,
            11.15377
          ],
          [
            79.70068,
            11.1523309
          ],
          [
            79.701067,
            11.152051
          ],
          [
            79.7043202,
            11.151037
          ],
          [
            79.7072035,
            11.1515707
          ],
          [
            79.709183,
            11.1517169
          ],
          [
            79.7112187,
            11.1516435
          ],
          [
            79.7131874,
            11.151856
          ],
          [
            79.7142545,
            11.1519255
          ],
          [
            79.7149632,
            11.1521032
          ],
          [
            79.7155066,
            11.152053
          ],
          [
            79.7171328,
            11.151883
          ],
          [
            79.718062,
            11.1519217
          ],
          [
            79.7190267,
            11.1518908
          ],
          [
            79.719952,
            11.1519448
          ],
          [
            79.7209088,
            11.1518599
          ],
          [
            79.721842,
            11.1518483
          ],
          [
            79.7227594,
            11.1517787
          ],
          [
            79.7232634,
            11.1517749
          ],
          [
            79.7237713,
            11.1517324
          ],
          [
            79.7247557,
            11.1517749
          ],
          [
            79.7258671,
            11.1518953
          ],
          [
            79.7267087,
            11.1519333
          ],
          [
            79.7276025,
            11.1520955
          ],
          [
            79.7285829,
            11.1520762
          ],
          [
            79.7295712,
            11.152111
          ],
          [
            79.7305241,
            11.1520569
          ],
          [
            79.7315794,
            11.1519873
          ],
          [
            79.7325125,
            11.1520298
          ],
          [
            79.7330126,
            11.1519989
          ],
          [
            79.7334772,
            11.1520607
          ],
          [
            79.733997,
            11.1520839
          ],
          [
            79.7345285,
            11.1519255
          ],
          [
            79.7354735,
            11.1515585
          ],
          [
            79.7364461,
            11.1513383
          ],
          [
            79.7369265,
            11.1512533
          ],
          [
            79.7374108,
            11.1510795
          ],
          [
            79.738369,
            11.1508926
          ],
          [
            79.7389936,
            11.1510911
          ],
          [
            79.7393677,
            11.1511722
          ],
          [
            79.7395449,
            11.1511915
          ],
          [
            79.739789,
            11.1511761
          ],
          [
            79.7403993,
            11.151037
          ],
          [
            79.741012,
            11.1507366
          ],
          [
            79.7418995,
            11.1502373
          ],
          [
            79.742368,
            11.1501987
          ],
          [
            79.7428051,
            11.1503069
          ],
          [
            79.743758,
            11.1505464
          ],
          [
            79.7446203,
            11.1504266
          ],
          [
            79.7449716,
            11.1503655
          ],
          [
            79.7463764,
            11.1501523
          ],
          [
            79.7472387,
            11.1500519
          ],
          [
            79.7481018,
            11.1500261
          ],
          [
            79.7494988,
            11.1501562
          ],
          [
            79.7501761,
            11.1501562
          ],
          [
            79.7507824,
            11.1500365
          ],
          [
            79.7514439,
            11.1498703
          ],
          [
            79.7517865,
            11.1498047
          ],
          [
            79.7521487,
            11.1497815
          ],
          [
            79.7527984,
            11.1497776
          ],
          [
            79.753427,
            11.1498316
          ],
          [
            79.7539679,
            11.1496849
          ],
          [
            79.7544955,
            11.1494299
          ],
          [
            79.7554339,
            11.1488316
          ],
          [
            79.7565401,
            11.1480456
          ],
          [
            79.7570199,
            11.147718
          ],
          [
            79.7574328,
            11.1475556
          ],
          [
            79.7575343,
            11.1475086
          ],
          [
            79.7588212,
            11.1473963
          ]
        ]
      },
      "properties": {
        "id": 649136658,
        "name": "OSM Drain Segment 58",
        "drain_type": "stream",
        "capacity": "28 m3/s",
        "status": "normal",
        "district": "Mayiladuthurai",
        "data_source_type": "OpenStreetMap Public Data"
      }
    },
    {
      "type": "Feature",
      "id": 649136659,
      "geometry": {
        "type": "LineString",
        "coordinates": [
          [
            79.6734618,
            11.1571821
          ],
          [
            79.6735307,
            11.1571817
          ]
        ]
      },
      "properties": {
        "id": 649136659,
        "name": "OSM Drain Segment 59",
        "drain_type": "stream",
        "capacity": "29 m3/s",
        "status": "normal",
        "district": "Mayiladuthurai",
        "data_source_type": "OpenStreetMap Public Data"
      }
    },
    {
      "type": "Feature",
      "id": 649245608,
      "geometry": {
        "type": "LineString",
        "coordinates": [
          [
            79.6438033,
            11.232554
          ],
          [
            79.6439906,
            11.2325797
          ],
          [
            79.6441125,
            11.2326834
          ],
          [
            79.6442426,
            11.232827
          ],
          [
            79.6444784,
            11.2328908
          ],
          [
            79.644641,
            11.232827
          ],
          [
            79.6447549,
            11.2327073
          ],
          [
            79.645072,
            11.2326754
          ],
          [
            79.6452997,
            11.2327313
          ],
          [
            79.6453322,
            11.232835
          ],
          [
            79.6453322,
            11.2329546
          ],
          [
            79.6454216,
            11.2330184
          ],
          [
            79.6455273,
            11.2329945
          ],
          [
            79.6455924,
            11.2329067
          ],
          [
            79.6457794,
            11.2329067
          ],
          [
            79.6458932,
            11.2329626
          ],
          [
            79.6460152,
            11.2330742
          ],
          [
            79.6460884,
            11.233138
          ],
          [
            79.6461941,
            11.2330902
          ],
          [
            79.6462428,
            11.2329785
          ],
          [
            79.6462835,
            11.2328988
          ],
          [
            79.6464136,
            11.2329626
          ],
          [
            79.6465518,
            11.2331061
          ],
          [
            79.646625,
            11.2332098
          ],
          [
            79.6466413,
            11.2333533
          ],
          [
            79.6467063,
            11.2334012
          ],
          [
            79.6468201,
            11.2334092
          ],
          [
            79.6468852,
            11.2333454
          ],
          [
            79.6469014,
            11.2332337
          ],
          [
            79.6468852,
            11.233146
          ],
          [
            79.6470966,
            11.2331699
          ],
          [
            79.6472673,
            11.233138
          ],
          [
            79.6474787,
            11.233154
          ],
          [
            79.647617,
            11.2332337
          ],
          [
            79.647682,
            11.2333454
          ],
          [
            79.6477715,
            11.2334171
          ],
          [
            79.6478495,
            11.2334229
          ],
          [
            79.6479522,
            11.2334046
          ],
          [
            79.6480129,
            11.233455
          ],
          [
            79.6480783,
            11.2335512
          ],
          [
            79.648111,
            11.2336061
          ],
          [
            79.6481717,
            11.2336153
          ],
          [
            79.6482324,
            11.2335924
          ],
          [
            79.6482744,
            11.2335328
          ],
          [
            79.6483071,
            11.233487
          ],
          [
            79.6483492,
            11.233455
          ],
          [
            79.6484099,
            11.233487
          ],
          [
            79.64855,
            11.2335145
          ],
          [
            79.6486714,
            11.2334687
          ],
          [
            79.6487881,
            11.2334
          ],
          [
            79.6488442,
            11.2333771
          ],
          [
            79.6489329,
            11.2333908
          ],
          [
            79.6489936,
            11.2333817
          ],
          [
            79.649087,
            11.2333084
          ],
          [
            79.6491617,
            11.2332901
          ],
          [
            79.6492505,
            11.2333221
          ],
          [
            79.6493065,
            11.2333817
          ],
          [
            79.6494233,
            11.2334916
          ],
          [
            79.6495307,
            11.2335557
          ],
          [
            79.6496754,
            11.2335099
          ],
          [
            79.6497922,
            11.2334825
          ],
          [
            79.6498763,
            11.2335466
          ],
          [
            79.6499136,
            11.233629
          ],
          [
            79.6499743,
            11.2337206
          ],
          [
            79.6500537,
            11.2338122
          ],
          [
            79.6501261,
            11.2338764
          ],
          [
            79.6501985,
            11.2339634
          ],
          [
            79.6503012,
            11.2340275
          ],
          [
            79.6504133,
            11.2340779
          ],
          [
            79.6505301,
            11.2340459
          ],
          [
            79.6506702,
            11.2340321
          ],
          [
            79.6507699,
            11.234045
          ]
        ]
      },
      "properties": {
        "id": 649245608,
        "name": "OSM Drain Segment 8",
        "drain_type": "ditch",
        "capacity": "28 m3/s",
        "status": "normal",
        "district": "Mayiladuthurai",
        "data_source_type": "OpenStreetMap Public Data"
      }
    },
    {
      "type": "Feature",
      "id": 650044025,
      "geometry": {
        "type": "LineString",
        "coordinates": [
          [
            79.5075014,
            11.0268298
          ],
          [
            79.5072788,
            11.0267798
          ],
          [
            79.5069703,
            11.026764
          ],
          [
            79.5065412,
            11.0266429
          ],
          [
            79.5064259,
            11.0265639
          ],
          [
            79.5064285,
            11.0264323
          ],
          [
            79.5063293,
            11.0263507
          ],
          [
            79.5059189,
            11.0261295
          ],
          [
            79.505589,
            11.0261137
          ],
          [
            79.5053342,
            11.0260505
          ],
          [
            79.5051545,
            11.0259689
          ],
          [
            79.5049909,
            11.0260163
          ],
          [
            79.5047092,
            11.0262085
          ],
          [
            79.5045429,
            11.0261743
          ],
          [
            79.5042828,
            11.0260005
          ],
          [
            79.5040333,
            11.0258899
          ],
          [
            79.5038831,
            11.0258057
          ],
          [
            79.5037302,
            11.0255556
          ],
          [
            79.5034111,
            11.0254134
          ],
          [
            79.5027646,
            11.0250238
          ],
          [
            79.5025581,
            11.0249422
          ],
          [
            79.502247,
            11.024879
          ],
          [
            79.5021933,
            11.0248421
          ],
          [
            79.502137,
            11.0248527
          ],
          [
            79.5020673,
            11.0249343
          ],
          [
            79.5019868,
            11.0249264
          ],
          [
            79.5016515,
            11.0249027
          ],
          [
            79.5014651,
            11.0248764
          ]
        ]
      },
      "properties": {
        "id": 650044025,
        "name": "OSM Drain Segment 25",
        "drain_type": "ditch",
        "capacity": "45 m3/s",
        "status": "blocked",
        "district": "Mayiladuthurai",
        "data_source_type": "OpenStreetMap Public Data"
      }
    },
    {
      "type": "Feature",
      "id": 650325882,
      "geometry": {
        "type": "LineString",
        "coordinates": [
          [
            79.4889409,
            11.1097422
          ],
          [
            79.4892001,
            11.109917
          ],
          [
            79.4894003,
            11.1101579
          ],
          [
            79.4895554,
            11.1103734
          ],
          [
            79.4897104,
            11.1105065
          ],
          [
            79.4898784,
            11.1106206
          ],
          [
            79.4900761,
            11.1109246
          ],
          [
            79.4901921,
            11.1111058
          ],
          [
            79.4903264,
            11.111218
          ],
          [
            79.4904201,
            11.1112478
          ],
          [
            79.4905322,
            11.1112474
          ],
          [
            79.4907762,
            11.1112101
          ],
          [
            79.4909959,
            11.1111911
          ],
          [
            79.491209,
            11.1112354
          ],
          [
            79.4913641,
            11.1113115
          ],
          [
            79.4914747,
            11.1114597
          ],
          [
            79.4915538,
            11.1116871
          ],
          [
            79.4916565,
            11.1119408
          ],
          [
            79.4916986,
            11.1120616
          ],
          [
            79.4918356,
            11.1121989
          ],
          [
            79.4919906,
            11.1122432
          ],
          [
            79.4922167,
            11.1122686
          ],
          [
            79.4923653,
            11.1122369
          ],
          [
            79.4926237,
            11.1121862
          ],
          [
            79.4928498,
            11.1122369
          ],
          [
            79.4930392,
            11.112373
          ],
          [
            79.4932259,
            11.1125624
          ],
          [
            79.4934474,
            11.1127425
          ],
          [
            79.4936895,
            11.1128898
          ],
          [
            79.4938833,
            11.1129595
          ],
          [
            79.4942078,
            11.1131319
          ],
          [
            79.4945495,
            11.1133534
          ],
          [
            79.494723,
            11.1134602
          ],
          [
            79.4949814,
            11.1136884
          ],
          [
            79.4951363,
            11.1139725
          ],
          [
            79.4952357,
            11.1142266
          ],
          [
            79.495284,
            11.1144491
          ],
          [
            79.4953538,
            11.1146824
          ],
          [
            79.4954723,
            11.1147976
          ],
          [
            79.4956468,
            11.1149054
          ],
          [
            79.4958664,
            11.1149561
          ],
          [
            79.4961441,
            11.1149814
          ],
          [
            79.4964477,
            11.1150068
          ],
          [
            79.4967836,
            11.1150955
          ],
          [
            79.4970226,
            11.1152096
          ],
          [
            79.4971454,
            11.1152794
          ]
        ]
      },
      "properties": {
        "id": 650325882,
        "name": "OSM Drain Segment 82",
        "drain_type": "stream",
        "capacity": "52 m3/s",
        "status": "normal",
        "district": "Mayiladuthurai",
        "data_source_type": "OpenStreetMap Public Data"
      }
    },
    {
      "type": "Feature",
      "id": 650325886,
      "geometry": {
        "type": "LineString",
        "coordinates": [
          [
            79.4971454,
            11.1152794
          ],
          [
            79.497449,
            11.1154632
          ],
          [
            79.4976557,
            11.115666
          ],
          [
            79.4979011,
            11.1159132
          ],
          [
            79.4981208,
            11.1160019
          ],
          [
            79.4985019,
            11.116059
          ],
          [
            79.4987861,
            11.1161224
          ],
          [
            79.4990962,
            11.1162428
          ],
          [
            79.4992577,
            11.1163379
          ],
          [
            79.499388,
            11.1164517
          ],
          [
            79.4995483,
            11.116566
          ],
          [
            79.4998842,
            11.1167055
          ],
          [
            79.5000974,
            11.1167689
          ],
          [
            79.5003945,
            11.1169147
          ],
          [
            79.5005173,
            11.1170414
          ],
          [
            79.5006465,
            11.1172379
          ],
          [
            79.5007369,
            11.11739
          ],
          [
            79.5007498,
            11.1175231
          ],
          [
            79.5008725,
            11.1177513
          ],
          [
            79.501047,
            11.1179795
          ],
          [
            79.5012924,
            11.118138
          ],
          [
            79.5014604,
            11.1183344
          ],
          [
            79.5015766,
            11.1185436
          ],
          [
            79.5017252,
            11.1188288
          ],
          [
            79.5020094,
            11.1190887
          ],
          [
            79.5022291,
            11.1193042
          ],
          [
            79.5024228,
            11.1195007
          ],
          [
            79.5025456,
            11.1195641
          ],
          [
            79.5027458,
            11.1197606
          ],
          [
            79.502875,
            11.119938
          ],
          [
            79.5029331,
            11.1201155
          ],
          [
            79.5030753,
            11.1202866
          ],
          [
            79.5034305,
            11.1203944
          ],
          [
            79.5036825,
            11.1204578
          ],
          [
            79.5039344,
            11.1205529
          ],
          [
            79.5040442,
            11.1205972
          ],
          [
            79.5041992,
            11.120724
          ],
          [
            79.5043995,
            11.1208508
          ],
          [
            79.5046062,
            11.1210346
          ],
          [
            79.5048193,
            11.121212
          ],
          [
            79.5050842,
            11.1213008
          ],
          [
            79.5053167,
            11.1213325
          ],
          [
            79.5056139,
            11.1212374
          ],
          [
            79.505827,
            11.1211613
          ],
          [
            79.506066,
            11.121117
          ],
          [
            79.5062727,
            11.1211803
          ],
          [
            79.5065699,
            11.1212881
          ],
          [
            79.5068412,
            11.1214529
          ],
          [
            79.5070673,
            11.1215733
          ],
          [
            79.5072417,
            11.121567
          ],
          [
            79.5075194,
            11.121624
          ],
          [
            79.5078683,
            11.121624
          ],
          [
            79.5080879,
            11.121662
          ],
          [
            79.5082946,
            11.1217761
          ],
          [
            79.5084432,
            11.1219029
          ],
          [
            79.5086628,
            11.1220931
          ],
          [
            79.5088824,
            11.1222198
          ],
          [
            79.5091602,
            11.1223276
          ],
          [
            79.5094315,
            11.1224036
          ],
          [
            79.5098126,
            11.122486
          ],
          [
            79.5101485,
            11.1225621
          ],
          [
            79.5104844,
            11.1226635
          ],
          [
            79.5108849,
            11.1228473
          ],
          [
            79.5112918,
            11.1230628
          ],
          [
            79.5116277,
            11.1231642
          ],
          [
            79.5119636,
            11.1232086
          ],
          [
            79.5121251,
            11.1232593
          ],
          [
            79.5123383,
            11.1233417
          ],
          [
            79.5125579,
            11.1234621
          ],
          [
            79.5128357,
            11.1236079
          ],
          [
            79.5130747,
            11.1237283
          ],
          [
            79.5134041,
            11.1238804
          ],
          [
            79.5136367,
            11.1240072
          ],
          [
            79.5138821,
            11.124172
          ],
          [
            79.5140565,
            11.1243558
          ],
          [
            79.5142051,
            11.1245523
          ],
          [
            79.5142439,
            11.1246854
          ],
          [
            79.5142955,
            11.1248629
          ],
          [
            79.5143149,
            11.1250593
          ],
          [
            79.5144247,
            11.1253572
          ],
          [
            79.5145927,
            11.1254396
          ],
          [
            79.5147671,
            11.1255157
          ],
          [
            79.5150384,
            11.1256108
          ],
          [
            79.515258,
            11.1256995
          ],
          [
            79.5155681,
            11.1258263
          ],
          [
            79.51561,
            11.1259308
          ],
          [
            79.5156908,
            11.1260101
          ],
          [
            79.5158652,
            11.1262129
          ],
          [
            79.5159363,
            11.1263587
          ],
          [
            79.5160719,
            11.1264411
          ],
          [
            79.5162722,
            11.1266692
          ],
          [
            79.5166533,
            11.1268404
          ],
          [
            79.51686,
            11.1269291
          ],
          [
            79.5171571,
            11.1271446
          ],
          [
            79.5173574,
            11.1272777
          ],
          [
            79.5175189,
            11.1274045
          ],
          [
            79.517661,
            11.1276073
          ],
          [
            79.5177449,
            11.1277467
          ],
          [
            79.517816,
            11.1279559
          ],
          [
            79.5178418,
            11.1281333
          ],
          [
            79.5178806,
            11.1283425
          ],
          [
            79.5178806,
            11.1285263
          ],
          [
            79.5178612,
            11.1287038
          ],
          [
            79.5178548,
            11.128951
          ],
          [
            79.5178612,
            11.1292298
          ],
          [
            79.5179452,
            11.1293946
          ],
          [
            79.5181131,
            11.1296038
          ],
          [
            79.5183392,
            11.1298129
          ],
          [
            79.5185588,
            11.1300348
          ],
          [
            79.5187526,
            11.1302312
          ],
          [
            79.5188754,
            11.1303327
          ],
          [
            79.5191771,
            11.1308131
          ],
          [
            79.5193246,
            11.131121
          ],
          [
            79.519456,
            11.1314842
          ],
          [
            79.5197082,
            11.1319974
          ],
          [
            79.5204163,
            11.1331028
          ],
          [
            79.5208454,
            11.1343818
          ],
          [
            79.5212424,
            11.1347344
          ],
          [
            79.5219558,
            11.1351081
          ],
          [
            79.5227551,
            11.135845
          ],
          [
            79.5230555,
            11.1362398
          ],
          [
            79.5246381,
            11.1376819
          ],
          [
            79.5255017,
            11.1384293
          ],
          [
            79.5260489,
            11.1394925
          ],
          [
            79.5263761,
            11.1398399
          ],
          [
            79.5266658,
            11.139861
          ],
          [
            79.5270574,
            11.1398083
          ],
          [
            79.5275402,
            11.1398662
          ],
          [
            79.527846,
            11.1401978
          ],
          [
            79.5279801,
            11.1405873
          ],
          [
            79.5279264,
            11.1408926
          ],
          [
            79.527846,
            11.1411031
          ],
          [
            79.5278996,
            11.1412347
          ],
          [
            79.5290852,
            11.1428137
          ],
          [
            79.5293587,
            11.1431084
          ],
          [
            79.5296806,
            11.1433716
          ],
          [
            79.530217,
            11.1439558
          ],
          [
            79.5314777,
            11.145498
          ],
          [
            79.5319015,
            11.1458664
          ],
          [
            79.5327061,
            11.1463348
          ],
          [
            79.5328671,
            11.1465453
          ]
        ]
      },
      "properties": {
        "id": 650325886,
        "name": "OSM Drain Segment 86",
        "drain_type": "stream",
        "capacity": "56 m3/s",
        "status": "partially_blocked",
        "district": "Mayiladuthurai",
        "data_source_type": "OpenStreetMap Public Data"
      }
    },
    {
      "type": "Feature",
      "id": 651193595,
      "geometry": {
        "type": "LineString",
        "coordinates": [
          [
            79.678781,
            11.0981599
          ],
          [
            79.6784198,
            11.0982197
          ],
          [
            79.67776,
            11.098446
          ],
          [
            79.6775025,
            11.0985987
          ]
        ]
      },
      "properties": {
        "id": 651193595,
        "name": "OSM Drain Segment 95",
        "drain_type": "stream",
        "capacity": "65 m3/s",
        "status": "blocked",
        "district": "Mayiladuthurai",
        "data_source_type": "OpenStreetMap Public Data"
      }
    },
    {
      "type": "Feature",
      "id": 651531561,
      "geometry": {
        "type": "LineString",
        "coordinates": [
          [
            79.4980355,
            11.0241941
          ],
          [
            79.4978322,
            11.0241349
          ],
          [
            79.4977504,
            11.024127
          ],
          [
            79.497699,
            11.0241165
          ],
          [
            79.4975855,
            11.0240506
          ],
          [
            79.4974675,
            11.0239927
          ],
          [
            79.4973441,
            11.0238979
          ],
          [
            79.4971724,
            11.0238347
          ],
          [
            79.4970973,
            11.0238189
          ],
          [
            79.4969952,
            11.0237838
          ],
          [
            79.4969067,
            11.0237338
          ],
          [
            79.4968262,
            11.0237417
          ],
          [
            79.496609,
            11.0238048
          ],
          [
            79.4963944,
            11.0237838
          ],
          [
            79.4962496,
            11.0237206
          ],
          [
            79.4961503,
            11.0237522
          ],
          [
            79.4959599,
            11.0239338
          ],
          [
            79.4958633,
            11.0239575
          ],
          [
            79.4956246,
            11.0239918
          ],
          [
            79.4955441,
            11.0240313
          ],
          [
            79.4955039,
            11.0241418
          ]
        ]
      },
      "properties": {
        "id": 651531561,
        "name": "OSM Drain Segment 61",
        "drain_type": "ditch",
        "capacity": "31 m3/s",
        "status": "partially_blocked",
        "district": "Mayiladuthurai",
        "data_source_type": "OpenStreetMap Public Data"
      }
    },
    {
      "type": "Feature",
      "id": 651543498,
      "geometry": {
        "type": "LineString",
        "coordinates": [
          [
            79.4920439,
            11.0738169
          ],
          [
            79.492565,
            11.0738246
          ],
          [
            79.49331,
            11.0737715
          ],
          [
            79.4935804,
            11.0737125
          ]
        ]
      },
      "properties": {
        "id": 651543498,
        "name": "irrigation",
        "drain_type": "canal",
        "capacity": "68 m3/s",
        "status": "normal",
        "district": "Mayiladuthurai",
        "data_source_type": "OpenStreetMap Public Data"
      }
    },
    {
      "type": "Feature",
      "id": 651543499,
      "geometry": {
        "type": "LineString",
        "coordinates": [
          [
            79.4913399,
            11.073778
          ],
          [
            79.4920439,
            11.0738169
          ]
        ]
      },
      "properties": {
        "id": 651543499,
        "name": "irrigation",
        "drain_type": "canal",
        "capacity": "69 m3/s",
        "status": "normal",
        "district": "Mayiladuthurai",
        "data_source_type": "OpenStreetMap Public Data"
      }
    },
    {
      "type": "Feature",
      "id": 651544713,
      "geometry": {
        "type": "LineString",
        "coordinates": [
          [
            79.4727486,
            11.0552494
          ],
          [
            79.472764,
            11.0554451
          ],
          [
            79.4727905,
            11.0555613
          ],
          [
            79.4729565,
            11.0559636
          ],
          [
            79.4730771,
            11.0561785
          ],
          [
            79.4731352,
            11.0562567
          ],
          [
            79.4731983,
            11.0563363
          ],
          [
            79.4732545,
            11.0564344
          ],
          [
            79.4735962,
            11.0572577
          ],
          [
            79.4739899,
            11.0582177
          ],
          [
            79.4743356,
            11.0589997
          ],
          [
            79.4746524,
            11.0594523
          ],
          [
            79.4751231,
            11.0598029
          ],
          [
            79.4753578,
            11.0600709
          ],
          [
            79.4755193,
            11.0603371
          ],
          [
            79.4754536,
            11.0608954
          ],
          [
            79.4753176,
            11.0613739
          ],
          [
            79.4752897,
            11.0618851
          ],
          [
            79.4753945,
            11.0625513
          ],
          [
            79.4754007,
            11.0628928
          ],
          [
            79.4753279,
            11.0632112
          ],
          [
            79.4752461,
            11.0636175
          ],
          [
            79.4752318,
            11.0636888
          ],
          [
            79.4751717,
            11.0643964
          ],
          [
            79.4752078,
            11.0648327
          ],
          [
            79.47537,
            11.0652514
          ],
          [
            79.4755262,
            11.0656111
          ],
          [
            79.4755022,
            11.0657938
          ],
          [
            79.4752739,
            11.0666665
          ],
          [
            79.4752515,
            11.066837
          ],
          [
            79.4752318,
            11.0673741
          ],
          [
            79.4753159,
            11.0682231
          ],
          [
            79.475346,
            11.0687715
          ],
          [
            79.4752679,
            11.069084
          ],
          [
            79.4750335,
            11.069479
          ],
          [
            79.474637,
            11.0697326
          ],
          [
            79.4744928,
            11.0700805
          ],
          [
            79.4745168,
            11.0703517
          ],
          [
            79.4747091,
            11.0704814
          ],
          [
            79.4749614,
            11.0704342
          ],
          [
            79.4752618,
            11.0703399
          ],
          [
            79.4754661,
            11.0703694
          ],
          [
            79.4755442,
            11.0704932
          ],
          [
            79.4755142,
            11.0709649
          ],
          [
            79.4755202,
            11.0714366
          ],
          [
            79.4754,
            11.0717373
          ],
          [
            79.4753339,
            11.0720498
          ],
          [
            79.4756163,
            11.0724566
          ],
          [
            79.4758627,
            11.0727691
          ],
          [
            79.476091,
            11.0729224
          ],
          [
            79.4764935,
            11.0729696
          ],
          [
            79.4770282,
            11.0729932
          ],
          [
            79.4774908,
            11.0729873
          ],
          [
            79.4778153,
            11.0728812
          ],
          [
            79.4785002,
            11.0728989
          ],
          [
            79.4790709,
            11.0730168
          ],
          [
            79.4797378,
            11.0730227
          ],
          [
            79.4800863,
            11.0730639
          ],
          [
            79.4804047,
            11.0731996
          ],
          [
            79.4807051,
            11.0733529
          ],
          [
            79.4810416,
            11.0733352
          ],
          [
            79.4814021,
            11.0732526
          ],
          [
            79.4816364,
            11.0732998
          ],
          [
            79.4818407,
            11.0734472
          ],
          [
            79.4819895,
            11.0734746
          ],
          [
            79.4822672,
            11.0734295
          ],
          [
            79.4824655,
            11.0732349
          ],
          [
            79.4826277,
            11.0731111
          ],
          [
            79.4829101,
            11.0730816
          ],
          [
            79.4831979,
            11.0730968
          ],
          [
            79.4833336,
            11.0731597
          ],
          [
            79.4834581,
            11.0731957
          ]
        ]
      },
      "properties": {
        "id": 651544713,
        "name": "irrigation",
        "drain_type": "canal",
        "capacity": "33 m3/s",
        "status": "normal",
        "district": "Mayiladuthurai",
        "data_source_type": "OpenStreetMap Public Data"
      }
    },
    {
      "type": "Feature",
      "id": 652126553,
      "geometry": {
        "type": "LineString",
        "coordinates": [
          [
            79.4836442,
            11.0732208
          ],
          [
            79.484358,
            11.0733116
          ],
          [
            79.4847966,
            11.0733116
          ],
          [
            79.4851451,
            11.0734059
          ],
          [
            79.4853794,
            11.0734177
          ],
          [
            79.4857038,
            11.0733882
          ],
          [
            79.4859081,
            11.0733823
          ],
          [
            79.4862205,
            11.0734767
          ],
          [
            79.4866471,
            11.0736241
          ],
          [
            79.4870436,
            11.0738717
          ],
          [
            79.48735,
            11.0738835
          ],
          [
            79.4875543,
            11.0737538
          ],
          [
            79.4878547,
            11.0737184
          ],
          [
            79.4884916,
            11.0737538
          ],
          [
            79.4889902,
            11.073801
          ],
          [
            79.489531,
            11.0737538
          ],
          [
            79.4899275,
            11.0737361
          ],
          [
            79.4903252,
            11.073695
          ],
          [
            79.4907698,
            11.0737563
          ],
          [
            79.4913399,
            11.073778
          ]
        ]
      },
      "properties": {
        "id": 652126553,
        "name": "irrigation",
        "drain_type": "canal",
        "capacity": "23 m3/s",
        "status": "normal",
        "district": "Mayiladuthurai",
        "data_source_type": "OpenStreetMap Public Data"
      }
    },
    {
      "type": "Feature",
      "id": 652126554,
      "geometry": {
        "type": "LineString",
        "coordinates": [
          [
            79.4834581,
            11.0731957
          ],
          [
            79.4836442,
            11.0732208
          ]
        ]
      },
      "properties": {
        "id": 652126554,
        "name": "irrigation",
        "drain_type": "canal",
        "capacity": "24 m3/s",
        "status": "normal",
        "district": "Mayiladuthurai",
        "data_source_type": "OpenStreetMap Public Data"
      }
    },
    {
      "type": "Feature",
      "id": 653459073,
      "geometry": {
        "type": "LineString",
        "coordinates": [
          [
            79.5014651,
            11.0248764
          ],
          [
            79.5013911,
            11.0248671
          ]
        ]
      },
      "properties": {
        "id": 653459073,
        "name": "OSM Drain Segment 73",
        "drain_type": "ditch",
        "capacity": "43 m3/s",
        "status": "normal",
        "district": "Mayiladuthurai",
        "data_source_type": "OpenStreetMap Public Data"
      }
    },
    {
      "type": "Feature",
      "id": 653459074,
      "geometry": {
        "type": "LineString",
        "coordinates": [
          [
            79.5013911,
            11.0248671
          ],
          [
            79.5013109,
            11.0248553
          ],
          [
            79.5008737,
            11.0247947
          ],
          [
            79.5006081,
            11.0246894
          ],
          [
            79.5004418,
            11.0246184
          ],
          [
            79.500061,
            11.0244262
          ],
          [
            79.499943,
            11.0243893
          ],
          [
            79.4998062,
            11.0243735
          ],
          [
            79.4997177,
            11.024313
          ],
          [
            79.4995996,
            11.0242998
          ],
          [
            79.4994682,
            11.0243288
          ],
          [
            79.4993207,
            11.0242998
          ],
          [
            79.4990817,
            11.0242803
          ],
          [
            79.4990013,
            11.0242908
          ],
          [
            79.4986526,
            11.024275
          ],
          [
            79.4983039,
            11.0242803
          ],
          [
            79.4980355,
            11.0241941
          ]
        ]
      },
      "properties": {
        "id": 653459074,
        "name": "OSM Drain Segment 74",
        "drain_type": "ditch",
        "capacity": "44 m3/s",
        "status": "normal",
        "district": "Mayiladuthurai",
        "data_source_type": "OpenStreetMap Public Data"
      }
    },
    {
      "type": "Feature",
      "id": 654401037,
      "geometry": {
        "type": "LineString",
        "coordinates": [
          [
            79.8027006,
            11.086675
          ],
          [
            79.8035753,
            11.086597
          ],
          [
            79.8048389,
            11.0868918
          ],
          [
            79.8057932,
            11.0879757
          ],
          [
            79.8064029,
            11.0878023
          ],
          [
            79.8080023,
            11.0874294
          ],
          [
            79.8093012,
            11.0875855
          ],
          [
            79.8138456,
            11.0879949
          ],
          [
            79.8161425,
            11.0882515
          ],
          [
            79.8171985,
            11.0885832
          ],
          [
            79.8182806,
            11.0885555
          ],
          [
            79.8192958,
            11.0879042
          ],
          [
            79.8197615,
            11.0877092
          ]
        ]
      },
      "properties": {
        "id": 654401037,
        "name": "OSM Drain Segment 37",
        "drain_type": "stream",
        "capacity": "57 m3/s",
        "status": "normal",
        "district": "Mayiladuthurai",
        "data_source_type": "OpenStreetMap Public Data"
      }
    },
    {
      "type": "Feature",
      "id": 654401038,
      "geometry": {
        "type": "LineString",
        "coordinates": [
          [
            79.8197615,
            11.0877092
          ],
          [
            79.8201067,
            11.0877859
          ]
        ]
      },
      "properties": {
        "id": 654401038,
        "name": "OSM Drain Segment 38",
        "drain_type": "stream",
        "capacity": "58 m3/s",
        "status": "normal",
        "district": "Mayiladuthurai",
        "data_source_type": "OpenStreetMap Public Data"
      }
    },
    {
      "type": "Feature",
      "id": 655106066,
      "geometry": {
        "type": "LineString",
        "coordinates": [
          [
            79.6643785,
            11.225112
          ],
          [
            79.6648092,
            11.2252908
          ],
          [
            79.666017,
            11.2256888
          ],
          [
            79.6676151,
            11.2261499
          ],
          [
            79.6686126,
            11.226651
          ],
          [
            79.6697428,
            11.2268337
          ],
          [
            79.670628,
            11.2266484
          ],
          [
            79.67121,
            11.2264511
          ],
          [
            79.6716902,
            11.2264669
          ],
          [
            79.6731187,
            11.2262874
          ],
          [
            79.6735248,
            11.2262906
          ],
          [
            79.6736777,
            11.2265169
          ],
          [
            79.6737796,
            11.2265248
          ],
          [
            79.6740961,
            11.2263669
          ],
          [
            79.674308,
            11.2261407
          ],
          [
            79.6746874,
            11.2261017
          ],
          [
            79.6750295,
            11.2257855
          ],
          [
            79.6752736,
            11.2255487
          ],
          [
            79.6757908,
            11.2253321
          ],
          [
            79.6761623,
            11.2254184
          ],
          [
            79.6766736,
            11.225609
          ],
          [
            79.6770653,
            11.225775
          ],
          [
            79.6773711,
            11.2257671
          ],
          [
            79.6776794,
            11.2256997
          ],
          [
            79.6779317,
            11.2253909
          ],
          [
            79.6779955,
            11.2250442
          ],
          [
            79.6780036,
            11.2242408
          ],
          [
            79.6780658,
            11.2236808
          ],
          [
            79.6782606,
            11.2233584
          ],
          [
            79.6789581,
            11.2230717
          ],
          [
            79.6803149,
            11.2222919
          ],
          [
            79.6819125,
            11.2220294
          ],
          [
            79.6828186,
            11.2219628
          ],
          [
            79.6837777,
            11.221751
          ],
          [
            79.6856006,
            11.2212048
          ],
          [
            79.6872487,
            11.2207885
          ],
          [
            79.6884625,
            11.2202896
          ],
          [
            79.6888552,
            11.2201282
          ],
          [
            79.6890811,
            11.2200695
          ],
          [
            79.6903547,
            11.2197385
          ],
          [
            79.6917277,
            11.2199737
          ],
          [
            79.6930958,
            11.2204862
          ],
          [
            79.6943563,
            11.2212571
          ],
          [
            79.6954881,
            11.2219101
          ],
          [
            79.6965991,
            11.2218704
          ],
          [
            79.6977306,
            11.2220144
          ],
          [
            79.6983366,
            11.2220996
          ],
          [
            79.6989494,
            11.2221337
          ],
          [
            79.6995948,
            11.2220143
          ],
          [
            79.7001044,
            11.2216419
          ],
          [
            79.700364,
            11.2212917
          ],
          [
            79.7005553,
            11.2209251
          ],
          [
            79.7009464,
            11.220064
          ],
          [
            79.7011181,
            11.2196335
          ],
          [
            79.7013397,
            11.2192946
          ],
          [
            79.7016417,
            11.2190388
          ],
          [
            79.7019734,
            11.218883
          ],
          [
            79.7023458,
            11.2185614
          ],
          [
            79.7027434,
            11.218329
          ],
          [
            79.7033258,
            11.21802
          ],
          [
            79.7036876,
            11.2179082
          ],
          [
            79.7041081,
            11.2178068
          ],
          [
            79.7045274,
            11.2177599
          ],
          [
            79.7053119,
            11.2179177
          ],
          [
            79.7061354,
            11.2181202
          ],
          [
            79.7068178,
            11.2182353
          ],
          [
            79.7074798,
            11.2183526
          ],
          [
            79.7089342,
            11.2184996
          ],
          [
            79.709986,
            11.2184399
          ],
          [
            79.710719,
            11.2183487
          ],
          [
            79.7118699,
            11.2182353
          ],
          [
            79.7127968,
            11.2184698
          ],
          [
            79.7131889,
            11.2185742
          ],
          [
            79.7135236,
            11.2188385
          ],
          [
            79.7142363,
            11.2192328
          ],
          [
            79.7157187,
            11.2202856
          ],
          [
            79.7166027,
            11.2208271
          ],
          [
            79.717424,
            11.2214324
          ],
          [
            79.7180129,
            11.2217905
          ],
          [
            79.718667,
            11.2220591
          ],
          [
            79.7193449,
            11.2224534
          ],
          [
            79.7197556,
            11.222545
          ],
          [
            79.7201999,
            11.2225494
          ],
          [
            79.7206422,
            11.2222743
          ],
          [
            79.7208139,
            11.2219951
          ],
          [
            79.7210442,
            11.2218267
          ],
          [
            79.721418,
            11.2214431
          ],
          [
            79.7218054,
            11.2211477
          ],
          [
            79.7227435,
            11.2206353
          ],
          [
            79.7236036,
            11.22033
          ],
          [
            79.7240386,
            11.2204711
          ],
          [
            79.7244049,
            11.2207026
          ],
          [
            79.7249882,
            11.2209656
          ],
          [
            79.7256006,
            11.2213332
          ],
          [
            79.7266114,
            11.2218992
          ],
          [
            79.7273524,
            11.2222019
          ],
          [
            79.7280637,
            11.222488
          ],
          [
            79.728556,
            11.2224804
          ],
          [
            79.7289801,
            11.2222513
          ],
          [
            79.7293796,
            11.2217931
          ],
          [
            79.7297836,
            11.2213993
          ],
          [
            79.7307195,
            11.2210878
          ],
          [
            79.731666,
            11.2210456
          ],
          [
            79.7326186,
            11.2215399
          ],
          [
            79.7335211,
            11.2217785
          ],
          [
            79.735452,
            11.2220765
          ],
          [
            79.737233,
            11.2226091
          ],
          [
            79.7400966,
            11.2241509
          ],
          [
            79.7412477,
            11.2244337
          ],
          [
            79.7424954,
            11.2244939
          ],
          [
            79.7452894,
            11.2240526
          ],
          [
            79.7471726,
            11.2237102
          ],
          [
            79.7480023,
            11.223457
          ],
          [
            79.7487507,
            11.2230577
          ],
          [
            79.7503624,
            11.2216304
          ],
          [
            79.7519839,
            11.2201658
          ],
          [
            79.7538467,
            11.2183821
          ],
          [
            79.7549843,
            11.2174284
          ],
          [
            79.7560858,
            11.2170586
          ]
        ]
      },
      "properties": {
        "id": 655106066,
        "name": "OSM Drain Segment 66",
        "drain_type": "stream",
        "capacity": "36 m3/s",
        "status": "partially_blocked",
        "district": "Mayiladuthurai",
        "data_source_type": "OpenStreetMap Public Data"
      }
    },
    {
      "type": "Feature",
      "id": 655106067,
      "geometry": {
        "type": "LineString",
        "coordinates": [
          [
            79.6640459,
            11.2249594
          ],
          [
            79.6643785,
            11.225112
          ]
        ]
      },
      "properties": {
        "id": 655106067,
        "name": "OSM Drain Segment 67",
        "drain_type": "stream",
        "capacity": "37 m3/s",
        "status": "normal",
        "district": "Mayiladuthurai",
        "data_source_type": "OpenStreetMap Public Data"
      }
    },
    {
      "type": "Feature",
      "id": 655110312,
      "geometry": {
        "type": "LineString",
        "coordinates": [
          [
            79.758104,
            11.1623192
          ],
          [
            79.7581796,
            11.1624408
          ],
          [
            79.7582537,
            11.1625698
          ],
          [
            79.7582658,
            11.1627092
          ],
          [
            79.7582673,
            11.1628753
          ],
          [
            79.7583051,
            11.1630533
          ],
          [
            79.7583564,
            11.1631719
          ],
          [
            79.7583549,
            11.1632683
          ],
          [
            79.7583459,
            11.1633558
          ],
          [
            79.7583549,
            11.1634195
          ],
          [
            79.7584018,
            11.1634981
          ],
          [
            79.7584532,
            11.1635782
          ],
          [
            79.7585,
            11.1636301
          ],
          [
            79.7585333,
            11.163688
          ],
          [
            79.7585272,
            11.1637369
          ],
          [
            79.7585046,
            11.1638184
          ],
          [
            79.7584789,
            11.1638867
          ],
          [
            79.7584456,
            11.1639831
          ],
          [
            79.758426,
            11.1640705
          ],
          [
            79.758429,
            11.1641551
          ],
          [
            79.7584411,
            11.1643019
          ],
          [
            79.7584441,
            11.1644991
          ],
          [
            79.7584743,
            11.1646074
          ],
          [
            79.7585152,
            11.1646578
          ],
          [
            79.7585681,
            11.1647275
          ],
          [
            79.7585877,
            11.1648224
          ],
          [
            79.7585711,
            11.1649188
          ],
          [
            79.7585348,
            11.1650196
          ],
          [
            79.7584955,
            11.1651012
          ],
          [
            79.7584366,
            11.165245
          ],
          [
            79.7583685,
            11.1654215
          ],
          [
            79.7583126,
            11.165592
          ],
          [
            79.7583005,
            11.1657388
          ],
          [
            79.7582658,
            11.1659612
          ],
          [
            79.7582386,
            11.1661629
          ],
          [
            79.7582446,
            11.1662741
          ],
          [
            79.7582506,
            11.1664313
          ],
          [
            79.758228,
            11.1666345
          ]
        ]
      },
      "properties": {
        "id": 655110312,
        "name": "OSM Drain Segment 12",
        "drain_type": "stream",
        "capacity": "32 m3/s",
        "status": "normal",
        "district": "Mayiladuthurai",
        "data_source_type": "OpenStreetMap Public Data"
      }
    },
    {
      "type": "Feature",
      "id": 655113806,
      "geometry": {
        "type": "LineString",
        "coordinates": [
          [
            79.8051937,
            11.185414
          ],
          [
            79.8054733,
            11.1855028
          ]
        ]
      },
      "properties": {
        "id": 655113806,
        "name": "irrigation",
        "drain_type": "canal",
        "capacity": "26 m3/s",
        "status": "partially_blocked",
        "district": "Mayiladuthurai",
        "data_source_type": "OpenStreetMap Public Data"
      }
    },
    {
      "type": "Feature",
      "id": 655113807,
      "geometry": {
        "type": "LineString",
        "coordinates": [
          [
            79.7649881,
            11.1603711
          ],
          [
            79.7651571,
            11.1605189
          ]
        ]
      },
      "properties": {
        "id": 655113807,
        "name": "irrigation",
        "drain_type": "canal",
        "capacity": "27 m3/s",
        "status": "normal",
        "district": "Mayiladuthurai",
        "data_source_type": "OpenStreetMap Public Data"
      }
    },
    {
      "type": "Feature",
      "id": 655113808,
      "geometry": {
        "type": "LineString",
        "coordinates": [
          [
            79.7575507,
            11.1478591
          ],
          [
            79.7576069,
            11.1479536
          ],
          [
            79.7577616,
            11.1481901
          ],
          [
            79.7580873,
            11.1486216
          ],
          [
            79.7583257,
            11.1490372
          ],
          [
            79.7583699,
            11.1491636
          ],
          [
            79.7583611,
            11.1494077
          ],
          [
            79.7583668,
            11.1496498
          ],
          [
            79.758478,
            11.1498672
          ],
          [
            79.758633,
            11.150136
          ],
          [
            79.7588159,
            11.1503343
          ],
          [
            79.7590207,
            11.1505931
          ],
          [
            79.7591922,
            11.1507456
          ],
          [
            79.759354,
            11.1509769
          ],
          [
            79.7594888,
            11.1512413
          ],
          [
            79.7596688,
            11.1515232
          ],
          [
            79.7597416,
            11.1517217
          ],
          [
            79.7598873,
            11.152006
          ],
          [
            79.7601073,
            11.1523217
          ],
          [
            79.7602507,
            11.1526393
          ],
          [
            79.760424,
            11.1529368
          ],
          [
            79.7605578,
            11.1532536
          ],
          [
            79.7605375,
            11.1534969
          ],
          [
            79.7604963,
            11.1538083
          ],
          [
            79.7605516,
            11.1541639
          ],
          [
            79.7605696,
            11.1544125
          ],
          [
            79.7606003,
            11.1546179
          ],
          [
            79.76075,
            11.1548767
          ],
          [
            79.760905,
            11.1550517
          ],
          [
            79.7610192,
            11.1552294
          ],
          [
            79.76122,
            11.1553994
          ],
          [
            79.7613145,
            11.1555346
          ],
          [
            79.7613263,
            11.1557394
          ],
          [
            79.7613617,
            11.1559132
          ],
          [
            79.7614759,
            11.1562454
          ],
          [
            79.7616295,
            11.1565506
          ],
          [
            79.7617752,
            11.1568519
          ],
          [
            79.7618697,
            11.1571223
          ],
          [
            79.761972,
            11.1574855
          ],
          [
            79.7620587,
            11.1577984
          ],
          [
            79.762224,
            11.1581345
          ],
          [
            79.7624209,
            11.1583585
          ],
          [
            79.762602,
            11.1585748
          ],
          [
            79.762854,
            11.1590307
          ],
          [
            79.7631139,
            11.1594556
          ],
          [
            79.7633108,
            11.159699
          ],
          [
            79.7635037,
            11.159896
          ],
          [
            79.7637124,
            11.160008
          ],
          [
            79.7642361,
            11.1601046
          ],
          [
            79.7647165,
            11.1601857
          ],
          [
            79.7649881,
            11.1603711
          ]
        ]
      },
      "properties": {
        "id": 655113808,
        "name": "OSM Drain Segment 8",
        "drain_type": "canal",
        "capacity": "28 m3/s",
        "status": "normal",
        "district": "Mayiladuthurai",
        "data_source_type": "OpenStreetMap Public Data"
      }
    },
    {
      "type": "Feature",
      "id": 655113809,
      "geometry": {
        "type": "LineString",
        "coordinates": [
          [
            79.7809034,
            11.1734935
          ],
          [
            79.7812499,
            11.1736519
          ]
        ]
      },
      "properties": {
        "id": 655113809,
        "name": "irrigation",
        "drain_type": "canal",
        "capacity": "29 m3/s",
        "status": "normal",
        "district": "Mayiladuthurai",
        "data_source_type": "OpenStreetMap Public Data"
      }
    },
    {
      "type": "Feature",
      "id": 655113810,
      "geometry": {
        "type": "LineString",
        "coordinates": [
          [
            79.7812499,
            11.1736519
          ],
          [
            79.7816397,
            11.1738759
          ],
          [
            79.7819272,
            11.1740536
          ],
          [
            79.7820886,
            11.1741
          ],
          [
            79.7822658,
            11.1740652
          ],
          [
            79.7823721,
            11.1738914
          ],
          [
            79.7825335,
            11.1737369
          ],
          [
            79.782758,
            11.1737214
          ],
          [
            79.7829745,
            11.1738257
          ],
          [
            79.7831911,
            11.1740111
          ],
          [
            79.7833132,
            11.1742275
          ],
          [
            79.7834549,
            11.1744631
          ],
          [
            79.7836675,
            11.1747992
          ],
          [
            79.7840416,
            11.1753863
          ],
          [
            79.7842345,
            11.1755138
          ],
          [
            79.7844826,
            11.1755794
          ],
          [
            79.7847031,
            11.1755794
          ],
          [
            79.7848921,
            11.1756026
          ],
          [
            79.7850732,
            11.1756413
          ],
          [
            79.7852346,
            11.1756915
          ],
          [
            79.7854315,
            11.1757687
          ],
          [
            79.7854788,
            11.1758962
          ],
          [
            79.7853921,
            11.1760237
          ],
          [
            79.7853252,
            11.1760971
          ],
          [
            79.7853961,
            11.1762786
          ],
          [
            79.7856205,
            11.17641
          ],
          [
            79.785904,
            11.1765142
          ],
          [
            79.7860655,
            11.1765413
          ],
          [
            79.7861324,
            11.1765954
          ],
          [
            79.7864277,
            11.1767228
          ],
          [
            79.7867978,
            11.176858
          ],
          [
            79.7869868,
            11.1769198
          ],
          [
            79.7871404,
            11.1769314
          ],
          [
            79.7873215,
            11.1768812
          ],
          [
            79.7875105,
            11.1768117
          ],
          [
            79.787668,
            11.1768387
          ],
          [
            79.7878255,
            11.1769121
          ],
          [
            79.7880224,
            11.1770087
          ],
          [
            79.7882389,
            11.1768812
          ],
          [
            79.7884358,
            11.1768696
          ],
          [
            79.7885539,
            11.1770203
          ],
          [
            79.7886524,
            11.1770937
          ],
          [
            79.7887587,
            11.1770357
          ],
          [
            79.7889201,
            11.1768503
          ],
          [
            79.7891091,
            11.1767228
          ],
          [
            79.7893887,
            11.1767769
          ],
          [
            79.7896092,
            11.1768117
          ],
          [
            79.7897982,
            11.176804
          ],
          [
            79.7899124,
            11.1767267
          ],
          [
            79.7900108,
            11.1766263
          ],
          [
            79.7900108,
            11.1765104
          ],
          [
            79.7900305,
            11.1763791
          ],
          [
            79.7900738,
            11.176267
          ],
          [
            79.7901644,
            11.1761743
          ],
          [
            79.7903337,
            11.1761705
          ],
          [
            79.7905109,
            11.1762168
          ],
          [
            79.7907196,
            11.1762709
          ],
          [
            79.7908219,
            11.1763327
          ],
          [
            79.7908692,
            11.1764602
          ],
          [
            79.790881,
            11.176634
          ],
          [
            79.7910503,
            11.1768271
          ],
          [
            79.7912039,
            11.1768928
          ],
          [
            79.7915897,
            11.1769121
          ],
          [
            79.791889,
            11.1768967
          ],
          [
            79.7921134,
            11.1768233
          ],
          [
            79.7922945,
            11.1768349
          ],
          [
            79.7925072,
            11.176916
          ],
          [
            79.7927749,
            11.1770241
          ],
          [
            79.7930939,
            11.1771284
          ],
          [
            79.7932159,
            11.1772405
          ],
          [
            79.7932907,
            11.1773679
          ],
          [
            79.7934443,
            11.1775379
          ],
          [
            79.7936412,
            11.1776576
          ],
          [
            79.7938105,
            11.1777388
          ],
          [
            79.7939916,
            11.1778083
          ],
          [
            79.7941097,
            11.1778817
          ],
          [
            79.7941885,
            11.1779744
          ],
          [
            79.7941688,
            11.1781675
          ],
          [
            79.794153,
            11.1783684
          ],
          [
            79.7942397,
            11.178492
          ],
          [
            79.7944798,
            11.1784302
          ],
          [
            79.7946767,
            11.1783452
          ],
          [
            79.7948145,
            11.1783104
          ],
          [
            79.7949957,
            11.1783452
          ],
          [
            79.7951059,
            11.1784881
          ],
          [
            79.7953028,
            11.1787083
          ],
          [
            79.7954445,
            11.1789401
          ],
          [
            79.7956611,
            11.1790521
          ],
          [
            79.7959013,
            11.179056
          ],
          [
            79.7961139,
            11.1789787
          ],
          [
            79.7962635,
            11.1788551
          ],
          [
            79.7962911,
            11.1787006
          ],
          [
            79.796295,
            11.1785422
          ],
          [
            79.7963501,
            11.1784727
          ],
          [
            79.7964446,
            11.1785152
          ],
          [
            79.7966297,
            11.1785268
          ],
          [
            79.7969211,
            11.178407
          ],
          [
            79.7971731,
            11.1784109
          ],
          [
            79.7974763,
            11.1784843
          ],
          [
            79.7977361,
            11.1785963
          ],
          [
            79.7979881,
            11.1786813
          ],
          [
            79.7981338,
            11.1788744
          ],
          [
            79.7981732,
            11.1792221
          ],
          [
            79.7981141,
            11.1795156
          ],
          [
            79.7981141,
            11.1797551
          ],
          [
            79.7983228,
            11.1799289
          ],
          [
            79.7985906,
            11.1801221
          ],
          [
            79.7987441,
            11.1803577
          ],
          [
            79.7988465,
            11.1806976
          ],
          [
            79.7988859,
            11.1809835
          ],
          [
            79.7990079,
            11.18125
          ],
          [
            79.7991064,
            11.1814818
          ],
          [
            79.7991458,
            11.181671
          ],
          [
            79.7992127,
            11.181953
          ],
          [
            79.7993387,
            11.1822389
          ],
          [
            79.7995238,
            11.1825556
          ],
          [
            79.7997009,
            11.1828337
          ],
          [
            79.7999372,
            11.1830693
          ],
          [
            79.7999608,
            11.1833127
          ],
          [
            79.7998309,
            11.1836024
          ],
          [
            79.7998624,
            11.1838844
          ],
          [
            79.7999844,
            11.1840273
          ],
          [
            79.8002325,
            11.1841046
          ],
          [
            79.800516,
            11.1841355
          ],
          [
            79.8007404,
            11.1839191
          ],
          [
            79.8007916,
            11.183614
          ],
          [
            79.8008546,
            11.1834131
          ],
          [
            79.8010161,
            11.1832625
          ],
          [
            79.8012838,
            11.1832625
          ],
          [
            79.8015043,
            11.1834324
          ],
          [
            79.8016618,
            11.1836681
          ],
          [
            79.8017406,
            11.1839616
          ],
          [
            79.8018823,
            11.1842513
          ],
          [
            79.8021225,
            11.1844792
          ],
          [
            79.8024257,
            11.1846955
          ],
          [
            79.8026225,
            11.1848269
          ],
          [
            79.8029336,
            11.1849003
          ],
          [
            79.8032132,
            11.1849273
          ],
          [
            79.8034849,
            11.1849659
          ],
          [
            79.8037172,
            11.1850973
          ],
          [
            79.8039259,
            11.1851861
          ],
          [
            79.804166,
            11.1852209
          ],
          [
            79.8044141,
            11.1853174
          ],
          [
            79.804607,
            11.1854101
          ],
          [
            79.8048748,
            11.1853522
          ],
          [
            79.8051937,
            11.185414
          ]
        ]
      },
      "properties": {
        "id": 655113810,
        "name": "irrigation",
        "drain_type": "canal",
        "capacity": "30 m3/s",
        "status": "blocked",
        "district": "Mayiladuthurai",
        "data_source_type": "OpenStreetMap Public Data"
      }
    },
    {
      "type": "Feature",
      "id": 655113811,
      "geometry": {
        "type": "LineString",
        "coordinates": [
          [
            79.8054733,
            11.1855028
          ],
          [
            79.8057213,
            11.1856998
          ],
          [
            79.8062135,
            11.1860861
          ],
          [
            79.8063828,
            11.1862368
          ],
          [
            79.806434,
            11.1864956
          ],
          [
            79.8064025,
            11.1869166
          ],
          [
            79.8064458,
            11.1871638
          ],
          [
            79.8065088,
            11.1874458
          ],
          [
            79.8065837,
            11.187581
          ],
          [
            79.8067923,
            11.1876428
          ],
          [
            79.8070561,
            11.1876582
          ],
          [
            79.8074971,
            11.1876157
          ],
          [
            79.8078594,
            11.1875964
          ],
          [
            79.8085327,
            11.1875694
          ],
          [
            79.8089855,
            11.1874883
          ],
          [
            79.8092926,
            11.1873724
          ],
          [
            79.80971,
            11.1871097
          ],
          [
            79.8099738,
            11.1868934
          ],
          [
            79.8101825,
            11.1867466
          ],
          [
            79.8103951,
            11.1867659
          ],
          [
            79.8105644,
            11.1868973
          ],
          [
            79.8106353,
            11.1870634
          ],
          [
            79.8106708,
            11.1872179
          ],
          [
            79.8107889,
            11.1873685
          ],
          [
            79.8109818,
            11.1874071
          ],
          [
            79.8111629,
            11.1872874
          ],
          [
            79.8112889,
            11.1871097
          ],
          [
            79.8114897,
            11.1869823
          ],
          [
            79.8116315,
            11.1870286
          ],
          [
            79.8116472,
            11.1872295
          ],
          [
            79.8116984,
            11.1874187
          ],
          [
            79.811852,
            11.187411
          ],
          [
            79.8121237,
            11.187272
          ],
          [
            79.8124702,
            11.1869784
          ],
          [
            79.8128521,
            11.1867003
          ],
          [
            79.8131592,
            11.1863951
          ],
          [
            79.8133089,
            11.1860707
          ],
          [
            79.8134624,
            11.1859007
          ],
          [
            79.8136317,
            11.1857269
          ],
          [
            79.8137499,
            11.1854797
          ],
          [
            79.8138759,
            11.1852672
          ],
          [
            79.8141909,
            11.1852904
          ],
          [
            79.8145413,
            11.1854333
          ],
          [
            79.8148878,
            11.1855415
          ],
          [
            79.8151634,
            11.185526
          ],
          [
            79.8156477,
            11.185638
          ],
          [
            79.8159548,
            11.1857964
          ]
        ]
      },
      "properties": {
        "id": 655113811,
        "name": "irrigation",
        "drain_type": "canal",
        "capacity": "31 m3/s",
        "status": "partially_blocked",
        "district": "Mayiladuthurai",
        "data_source_type": "OpenStreetMap Public Data"
      }
    },
    {
      "type": "Feature",
      "id": 655226763,
      "geometry": {
        "type": "LineString",
        "coordinates": [
          [
            79.7773156,
            11.1272787
          ],
          [
            79.7772586,
            11.1273731
          ],
          [
            79.777217,
            11.1276336
          ],
          [
            79.777166,
            11.127835
          ],
          [
            79.7771539,
            11.1281863
          ],
          [
            79.7771539,
            11.1284403
          ],
          [
            79.7771452,
            11.1286603
          ],
          [
            79.7771365,
            11.1289061
          ],
          [
            79.7771901,
            11.1293271
          ],
          [
            79.7772029,
            11.1295104
          ],
          [
            79.7771633,
            11.1296035
          ],
          [
            79.7771272,
            11.1298312
          ],
          [
            79.7770896,
            11.1303299
          ],
          [
            79.7770828,
            11.1307957
          ],
          [
            79.7771056,
            11.1313681
          ],
          [
            79.7771123,
            11.131705
          ],
          [
            79.7771654,
            11.1317698
          ],
          [
            79.7772043,
            11.1318243
          ]
        ]
      },
      "properties": {
        "id": 655226763,
        "name": "OSM Drain Segment 63",
        "drain_type": "stream",
        "capacity": "33 m3/s",
        "status": "normal",
        "district": "Mayiladuthurai",
        "data_source_type": "OpenStreetMap Public Data"
      }
    },
    {
      "type": "Feature",
      "id": 655398085,
      "geometry": {
        "type": "LineString",
        "coordinates": [
          [
            79.7574871,
            11.1476956
          ],
          [
            79.7575507,
            11.1478591
          ]
        ]
      },
      "properties": {
        "id": 655398085,
        "name": "OSM Drain Segment 85",
        "drain_type": "canal",
        "capacity": "55 m3/s",
        "status": "blocked",
        "district": "Mayiladuthurai",
        "data_source_type": "OpenStreetMap Public Data"
      }
    },
    {
      "type": "Feature",
      "id": 655398086,
      "geometry": {
        "type": "LineString",
        "coordinates": [
          [
            79.7574328,
            11.1475556
          ],
          [
            79.7574871,
            11.1476956
          ]
        ]
      },
      "properties": {
        "id": 655398086,
        "name": "irrigation",
        "drain_type": "canal",
        "capacity": "56 m3/s",
        "status": "partially_blocked",
        "district": "Mayiladuthurai",
        "data_source_type": "OpenStreetMap Public Data"
      }
    },
    {
      "type": "Feature",
      "id": 655473636,
      "geometry": {
        "type": "LineString",
        "coordinates": [
          [
            79.7571944,
            11.11401
          ],
          [
            79.7571028,
            11.1138402
          ],
          [
            79.7570468,
            11.1136354
          ],
          [
            79.7569654,
            11.1134905
          ],
          [
            79.7569094,
            11.1133756
          ],
          [
            79.7569094,
            11.1132757
          ],
          [
            79.7569399,
            11.1131908
          ],
          [
            79.7569094,
            11.1131259
          ],
          [
            79.7567974,
            11.1130959
          ],
          [
            79.75666,
            11.1131159
          ],
          [
            79.7564716,
            11.1131908
          ],
          [
            79.756268,
            11.1132308
          ],
          [
            79.756044,
            11.1132258
          ],
          [
            79.7557997,
            11.1131459
          ],
          [
            79.7556368,
            11.1130759
          ],
          [
            79.755535,
            11.113016
          ],
          [
            79.7555096,
            11.1128861
          ],
          [
            79.7554739,
            11.1127862
          ],
          [
            79.7553823,
            11.1127213
          ],
          [
            79.7552194,
            11.1127063
          ],
          [
            79.7550412,
            11.1126414
          ],
          [
            79.7549191,
            11.1125315
          ],
          [
            79.7547918,
            11.1124965
          ],
          [
            79.7546747,
            11.1125265
          ],
          [
            79.7546086,
            11.1125365
          ],
          [
            79.7545373,
            11.1124116
          ],
          [
            79.7544304,
            11.1122768
          ],
          [
            79.7543235,
            11.1121269
          ],
          [
            79.7542564,
            11.1119699
          ],
          [
            79.754175,
            11.1118479
          ],
          [
            79.7539926,
            11.1117024
          ],
          [
            79.7539265,
            11.1116524
          ],
          [
            79.7537483,
            11.1115575
          ],
          [
            79.7535294,
            11.1114626
          ],
          [
            79.7534123,
            11.1114226
          ],
          [
            79.7529491,
            11.1113227
          ],
          [
            79.7527302,
            11.1112978
          ],
          [
            79.7524554,
            11.1113078
          ],
          [
            79.7523536,
            11.1112828
          ],
          [
            79.7522518,
            11.1112578
          ],
          [
            79.7520838,
            11.1112179
          ],
          [
            79.7518802,
            11.1112378
          ],
          [
            79.7518496,
            11.1112928
          ],
          [
            79.7516816,
            11.1113477
          ],
          [
            79.7515146,
            11.1112752
          ]
        ]
      },
      "properties": {
        "id": 655473636,
        "name": "OSM Drain Segment 36",
        "drain_type": "stream",
        "capacity": "56 m3/s",
        "status": "partially_blocked",
        "district": "Mayiladuthurai",
        "data_source_type": "OpenStreetMap Public Data"
      }
    },
    {
      "type": "Feature",
      "id": 655473639,
      "geometry": {
        "type": "LineString",
        "coordinates": [
          [
            79.7560676,
            11.1105038
          ],
          [
            79.7561337,
            11.1103972
          ],
          [
            79.7562011,
            11.1103369
          ],
          [
            79.7562814,
            11.1103195
          ],
          [
            79.7563736,
            11.1103415
          ],
          [
            79.7564882,
            11.1104041
          ],
          [
            79.7566122,
            11.1104806
          ],
          [
            79.7567056,
            11.1105397
          ],
          [
            79.7568072,
            11.1105803
          ],
          [
            79.7569618,
            11.1105924
          ],
          [
            79.7571555,
            11.1104811
          ],
          [
            79.7573351,
            11.1103559
          ],
          [
            79.7575643,
            11.1102191
          ],
          [
            79.7577817,
            11.1102052
          ],
          [
            79.758044,
            11.1101913
          ],
          [
            79.7582401,
            11.1101773
          ],
          [
            79.7584669,
            11.1101704
          ],
          [
            79.7586819,
            11.1101773
          ],
          [
            79.7588828,
            11.1101866
          ],
          [
            79.7590695,
            11.1102469
          ],
          [
            79.75919,
            11.1102515
          ],
          [
            79.7594404,
            11.1102399
          ],
          [
            79.7597949,
            11.1102701
          ],
          [
            79.7600713,
            11.1102794
          ],
          [
            79.7603289,
            11.1102747
          ],
          [
            79.7603785,
            11.1103141
          ],
          [
            79.7606441,
            11.1104011
          ],
          [
            79.7607986,
            11.1104429
          ],
          [
            79.7609909,
            11.1104336
          ],
          [
            79.7611474,
            11.1104454
          ],
          [
            79.7613028,
            11.1104641
          ],
          [
            79.7614953,
            11.1105081
          ],
          [
            79.7616296,
            11.1105099
          ],
          [
            79.7617466,
            11.110495
          ],
          [
            79.7618515,
            11.1104701
          ],
          [
            79.7619617,
            11.1104347
          ],
          [
            79.7623326,
            11.1102539
          ],
          [
            79.7625385,
            11.1101781
          ],
          [
            79.7626924,
            11.1101283
          ],
          [
            79.7628839,
            11.1101113
          ],
          [
            79.7631715,
            11.1100757
          ],
          [
            79.7633988,
            11.1100247
          ],
          [
            79.7636426,
            11.1099645
          ],
          [
            79.763931,
            11.1098658
          ],
          [
            79.7641488,
            11.1098314
          ],
          [
            79.7643505,
            11.1098458
          ],
          [
            79.7645046,
            11.1098769
          ],
          [
            79.7647381,
            11.1099014
          ],
          [
            79.7648471,
            11.1099125
          ],
          [
            79.7649507,
            11.109913
          ],
          [
            79.7650513,
            11.10989
          ],
          [
            79.7653154,
            11.1097712
          ],
          [
            79.7656214,
            11.1097457
          ],
          [
            79.7659384,
            11.1097193
          ],
          [
            79.7661322,
            11.1096904
          ],
          [
            79.766304,
            11.1096414
          ],
          [
            79.7664275,
            11.1095977
          ],
          [
            79.7665755,
            11.1095304
          ],
          [
            79.766678,
            11.1095026
          ],
          [
            79.7668812,
            11.1094609
          ],
          [
            79.7670324,
            11.1094725
          ],
          [
            79.7671057,
            11.1095189
          ],
          [
            79.7671246,
            11.1096046
          ],
          [
            79.7671246,
            11.1097507
          ],
          [
            79.7671151,
            11.1100058
          ],
          [
            79.767108,
            11.110291
          ],
          [
            79.7671033,
            11.1104764
          ],
          [
            79.7670898,
            11.1105775
          ],
          [
            79.7670679,
            11.1106712
          ],
          [
            79.7670832,
            11.110741
          ],
          [
            79.7671525,
            11.1107801
          ],
          [
            79.7672602,
            11.1107244
          ],
          [
            79.7673887,
            11.1106762
          ],
          [
            79.7675286,
            11.1106828
          ],
          [
            79.7676634,
            11.1106928
          ],
          [
            79.7678833,
            11.1106911
          ],
          [
            79.7682118,
            11.1107264
          ],
          [
            79.7685456,
            11.1107673
          ],
          [
            79.7687059,
            11.1107632
          ],
          [
            79.768777,
            11.1107377
          ],
          [
            79.7688599,
            11.1107414
          ],
          [
            79.7689431,
            11.1107962
          ],
          [
            79.7690189,
            11.1108103
          ],
          [
            79.7691816,
            11.1108239
          ],
          [
            79.7693108,
            11.110827
          ],
          [
            79.7694208,
            11.1108217
          ],
          [
            79.7696291,
            11.1108117
          ],
          [
            79.7697947,
            11.1108103
          ],
          [
            79.7700633,
            11.110796
          ],
          [
            79.7702843,
            11.1107779
          ],
          [
            79.7704161,
            11.1107709
          ],
          [
            79.7706192,
            11.1107482
          ],
          [
            79.7707498,
            11.1107245
          ]
        ]
      },
      "properties": {
        "id": 655473639,
        "name": "OSM Drain Segment 39",
        "drain_type": "stream",
        "capacity": "59 m3/s",
        "status": "normal",
        "district": "Mayiladuthurai",
        "data_source_type": "OpenStreetMap Public Data"
      }
    },
    {
      "type": "Feature",
      "id": 655476563,
      "geometry": {
        "type": "LineString",
        "coordinates": [
          [
            79.7400674,
            11.0967551
          ],
          [
            79.7401921,
            11.0966359
          ],
          [
            79.7405604,
            11.0963674
          ],
          [
            79.740813,
            11.0963467
          ],
          [
            79.741076,
            11.0961402
          ],
          [
            79.7414338,
            11.0959027
          ],
          [
            79.7416969,
            11.0956549
          ],
          [
            79.7419916,
            11.0956342
          ],
          [
            79.7423809,
            11.0957065
          ],
          [
            79.7426756,
            11.0956136
          ],
          [
            79.7432122,
            11.0954897
          ],
          [
            79.7436647,
            11.0955826
          ],
          [
            79.7439068,
            11.0955
          ],
          [
            79.7441067,
            11.095438
          ],
          [
            79.7443382,
            11.095469
          ],
          [
            79.7446223,
            11.095438
          ],
          [
            79.7450117,
            11.0954174
          ],
          [
            79.7455455,
            11.0954261
          ],
          [
            79.7456468,
            11.0954491
          ],
          [
            79.7456896,
            11.0954223
          ],
          [
            79.7457324,
            11.0952351
          ],
          [
            79.7457753,
            11.0949714
          ],
          [
            79.7457402,
            11.0948224
          ],
          [
            79.7457636,
            11.094574
          ],
          [
            79.7457558,
            11.0944097
          ],
          [
            79.745748,
            11.0941995
          ],
          [
            79.7457208,
            11.0940008
          ],
          [
            79.7457402,
            11.093932
          ],
          [
            79.7457947,
            11.0939244
          ],
          [
            79.7459388,
            11.0939129
          ],
          [
            79.7461179,
            11.09389
          ],
          [
            79.7463399,
            11.0938212
          ],
          [
            79.7466281,
            11.0937754
          ],
          [
            79.7468033,
            11.0937181
          ],
          [
            79.7470291,
            11.0936722
          ],
          [
            79.7473173,
            11.0936302
          ],
          [
            79.7476249,
            11.093592
          ],
          [
            79.747878,
            11.0936111
          ],
          [
            79.7483259,
            11.0936302
          ],
          [
            79.7485868,
            11.093634
          ],
          [
            79.7487776,
            11.0936034
          ],
          [
            79.7489839,
            11.0935881
          ],
          [
            79.7491592,
            11.0935805
          ],
          [
            79.7493539,
            11.0935767
          ],
          [
            79.7494863,
            11.0935423
          ],
          [
            79.7496459,
            11.093527
          ],
          [
            79.7498134,
            11.0935461
          ],
          [
            79.7499146,
            11.0935805
          ],
          [
            79.7500081,
            11.0935996
          ],
          [
            79.7501599,
            11.093592
          ],
          [
            79.7503546,
            11.093592
          ],
          [
            79.7505961,
            11.0936111
          ],
          [
            79.7509426,
            11.0936263
          ],
          [
            79.7512191,
            11.093634
          ],
          [
            79.7513865,
            11.093634
          ],
          [
            79.7515812,
            11.0936263
          ],
          [
            79.7518344,
            11.0936722
          ],
          [
            79.7520368,
            11.0936684
          ],
          [
            79.7521809,
            11.0936646
          ],
          [
            79.7524301,
            11.0936531
          ],
          [
            79.7526015,
            11.0936607
          ],
          [
            79.7527728,
            11.0936875
          ],
          [
            79.7530765,
            11.0936913
          ],
          [
            79.7532985,
            11.0936951
          ],
          [
            79.7535555,
            11.0936875
          ],
          [
            79.753758,
            11.0936798
          ],
          [
            79.7541786,
            11.0936837
          ],
          [
            79.7544317,
            11.0936837
          ],
          [
            79.7546887,
            11.0936684
          ],
          [
            79.7549729,
            11.0936837
          ],
          [
            79.7554558,
            11.0936875
          ],
          [
            79.755631,
            11.0936875
          ],
          [
            79.755853,
            11.0936913
          ],
          [
            79.7561217,
            11.0936837
          ],
          [
            79.7562774,
            11.0936913
          ],
          [
            79.7563903,
            11.093676
          ],
          [
            79.7564254,
            11.0935728
          ],
          [
            79.7564332,
            11.0934582
          ],
          [
            79.7564254,
            11.0933932
          ],
          [
            79.7564059,
            11.0932633
          ],
          [
            79.7563709,
            11.0931028
          ],
          [
            79.7563436,
            11.0929653
          ],
          [
            79.7563631,
            11.092801
          ],
          [
            79.7563981,
            11.092694
          ],
          [
            79.7564449,
            11.0926596
          ],
          [
            79.7565539,
            11.0926443
          ],
          [
            79.7566902,
            11.0926443
          ],
          [
            79.7568421,
            11.0926443
          ],
          [
            79.7569394,
            11.0926634
          ],
          [
            79.7569939,
            11.0926443
          ],
          [
            79.7570406,
            11.0924991
          ],
          [
            79.7570796,
            11.0923424
          ],
          [
            79.7571263,
            11.0922545
          ],
          [
            79.7572276,
            11.092094
          ],
          [
            79.7573054,
            11.0919526
          ],
          [
            79.757395,
            11.0917616
          ],
          [
            79.7574846,
            11.0915629
          ],
          [
            79.7575508,
            11.0913833
          ],
          [
            79.757543,
            11.0912724
          ]
        ]
      },
      "properties": {
        "id": 655476563,
        "name": "OSM Drain Segment 63",
        "drain_type": "stream",
        "capacity": "33 m3/s",
        "status": "normal",
        "district": "Mayiladuthurai",
        "data_source_type": "OpenStreetMap Public Data"
      }
    },
    {
      "type": "Feature",
      "id": 655512030,
      "geometry": {
        "type": "LineString",
        "coordinates": [
          [
            79.7455109,
            11.0973028
          ],
          [
            79.7455898,
            11.0972814
          ],
          [
            79.7457731,
            11.0972514
          ],
          [
            79.7459718,
            11.0971315
          ],
          [
            79.746262,
            11.0971615
          ],
          [
            79.7465217,
            11.0972514
          ],
          [
            79.747255,
            11.0972215
          ],
          [
            79.7478356,
            11.0974313
          ],
          [
            79.74808,
            11.0974613
          ],
          [
            79.7482175,
            11.0974463
          ],
          [
            79.7485995,
            11.0972514
          ],
          [
            79.7487522,
            11.0972664
          ],
          [
            79.7490425,
            11.0973864
          ],
          [
            79.7491953,
            11.0974913
          ],
          [
            79.7494855,
            11.0973714
          ],
          [
            79.7499744,
            11.0972065
          ],
          [
            79.7501883,
            11.0972065
          ],
          [
            79.7504786,
            11.0973564
          ],
          [
            79.7506466,
            11.0973264
          ],
          [
            79.7508911,
            11.0971915
          ],
          [
            79.7510438,
            11.0972664
          ],
          [
            79.7512577,
            11.0975363
          ],
          [
            79.7517466,
            11.0972364
          ],
          [
            79.7521896,
            11.0973864
          ],
          [
            79.7529229,
            11.0972814
          ],
          [
            79.7541229,
            11.097213
          ],
          [
            79.7548281,
            11.0972322
          ],
          [
            79.7556261,
            11.0973488
          ],
          [
            79.7558246,
            11.097372
          ],
          [
            79.7560751,
            11.0973987
          ],
          [
            79.7563456,
            11.0974427
          ],
          [
            79.756498,
            11.0974833
          ]
        ]
      },
      "properties": {
        "id": 655512030,
        "name": "OSM Drain Segment 30",
        "drain_type": "stream",
        "capacity": "50 m3/s",
        "status": "blocked",
        "district": "Mayiladuthurai",
        "data_source_type": "OpenStreetMap Public Data"
      }
    },
    {
      "type": "Feature",
      "id": 655512031,
      "geometry": {
        "type": "LineString",
        "coordinates": [
          [
            79.7450397,
            11.0973312
          ],
          [
            79.7455109,
            11.0973028
          ]
        ]
      },
      "properties": {
        "id": 655512031,
        "name": "OSM Drain Segment 31",
        "drain_type": "stream",
        "capacity": "51 m3/s",
        "status": "partially_blocked",
        "district": "Mayiladuthurai",
        "data_source_type": "OpenStreetMap Public Data"
      }
    },
    {
      "type": "Feature",
      "id": 655512032,
      "geometry": {
        "type": "LineString",
        "coordinates": [
          [
            79.737592,
            11.0979035
          ],
          [
            79.7377917,
            11.0977614
          ],
          [
            79.7381861,
            11.0976536
          ],
          [
            79.738316,
            11.0975557
          ],
          [
            79.7383205,
            11.0973241
          ],
          [
            79.7386467,
            11.0972245
          ],
          [
            79.7389439,
            11.097189
          ],
          [
            79.7390888,
            11.0971818
          ],
          [
            79.739328,
            11.0971747
          ],
          [
            79.7396615,
            11.0970894
          ],
          [
            79.7398209,
            11.0969969
          ],
          [
            79.7398934,
            11.0968689
          ],
          [
            79.7400674,
            11.0967551
          ],
          [
            79.7401399,
            11.096812
          ],
          [
            79.7402921,
            11.0969258
          ],
          [
            79.7404515,
            11.0970609
          ],
          [
            79.7406617,
            11.0970254
          ],
          [
            79.7408139,
            11.0970325
          ],
          [
            79.7409372,
            11.0971534
          ],
          [
            79.7411256,
            11.097253
          ],
          [
            79.7413866,
            11.0972032
          ],
          [
            79.741546,
            11.0970609
          ],
          [
            79.741894,
            11.0970965
          ],
          [
            79.7421404,
            11.0971249
          ],
          [
            79.7423289,
            11.0970965
          ],
          [
            79.7425535,
            11.0971534
          ],
          [
            79.7426695,
            11.0972174
          ],
          [
            79.7427855,
            11.0972672
          ],
          [
            79.7430392,
            11.097253
          ],
          [
            79.7431987,
            11.0972103
          ],
          [
            79.7432784,
            11.0973028
          ],
          [
            79.7434596,
            11.0974094
          ],
          [
            79.7436553,
            11.097445
          ],
          [
            79.7438945,
            11.0973668
          ],
          [
            79.7441772,
            11.0972956
          ],
          [
            79.7444744,
            11.0972672
          ],
          [
            79.744728,
            11.0973312
          ],
          [
            79.7450397,
            11.0973312
          ]
        ]
      },
      "properties": {
        "id": 655512032,
        "name": "OSM Drain Segment 32",
        "drain_type": "stream",
        "capacity": "52 m3/s",
        "status": "normal",
        "district": "Mayiladuthurai",
        "data_source_type": "OpenStreetMap Public Data"
      }
    },
    {
      "type": "Feature",
      "id": 655512033,
      "geometry": {
        "type": "LineString",
        "coordinates": [
          [
            79.7690136,
            11.1023643
          ],
          [
            79.7690288,
            11.1024317
          ],
          [
            79.7690372,
            11.1024687
          ],
          [
            79.7690278,
            11.1025336
          ],
          [
            79.7690632,
            11.1026704
          ],
          [
            79.7691034,
            11.1027516
          ],
          [
            79.7691554,
            11.1027817
          ],
          [
            79.769205,
            11.1027956
          ],
          [
            79.7692546,
            11.1027979
          ],
          [
            79.7693302,
            11.1027817
          ],
          [
            79.7693846,
            11.1027562
          ],
          [
            79.7694225,
            11.102718
          ],
          [
            79.7694865,
            11.1027164
          ],
          [
            79.7695429,
            11.1027446
          ],
          [
            79.769661,
            11.1028397
          ],
          [
            79.7697579,
            11.1028953
          ],
          [
            79.7698572,
            11.102944
          ],
          [
            79.7699777,
            11.1030089
          ],
          [
            79.7701023,
            11.1030801
          ],
          [
            79.7702423,
            11.1031434
          ],
          [
            79.7704355,
            11.1032114
          ],
          [
            79.7704854,
            11.1032556
          ],
          [
            79.7704841,
            11.1033425
          ],
          [
            79.7704841,
            11.1034491
          ],
          [
            79.770519,
            11.1035385
          ],
          [
            79.7706249,
            11.1036057
          ],
          [
            79.7707134,
            11.1036372
          ],
          [
            79.7708502,
            11.1036451
          ],
          [
            79.7709588,
            11.1036543
          ],
          [
            79.7710447,
            11.1036794
          ],
          [
            79.7712123,
            11.1037241
          ],
          [
            79.7713558,
            11.1037728
          ],
          [
            79.7714269,
            11.1037899
          ],
          [
            79.7715878,
            11.1038439
          ]
        ]
      },
      "properties": {
        "id": 655512033,
        "name": "OSM Drain Segment 33",
        "drain_type": "stream",
        "capacity": "53 m3/s",
        "status": "normal",
        "district": "Mayiladuthurai",
        "data_source_type": "OpenStreetMap Public Data"
      }
    },
    {
      "type": "Feature",
      "id": 655512034,
      "geometry": {
        "type": "LineString",
        "coordinates": [
          [
            79.756498,
            11.0974833
          ],
          [
            79.7567166,
            11.0975193
          ],
          [
            79.7569044,
            11.0975645
          ],
          [
            79.7570852,
            11.0976167
          ],
          [
            79.7572104,
            11.0976445
          ],
          [
            79.7573097,
            11.0976839
          ],
          [
            79.7573581,
            11.0977349
          ],
          [
            79.7574195,
            11.0978311
          ],
          [
            79.7574113,
            11.0979227
          ],
          [
            79.7573995,
            11.0980305
          ],
          [
            79.75739,
            11.0981604
          ],
          [
            79.757455,
            11.0982427
          ],
          [
            79.7575743,
            11.0982682
          ],
          [
            79.7577598,
            11.098245
          ],
          [
            79.7579441,
            11.0982728
          ],
          [
            79.7580977,
            11.0983227
          ],
          [
            79.7582288,
            11.0983691
          ],
          [
            79.758386,
            11.0984583
          ],
          [
            79.7585526,
            11.0985627
          ],
          [
            79.7587026,
            11.0986183
          ],
          [
            79.7588101,
            11.0986693
          ],
          [
            79.7589153,
            11.0987285
          ],
          [
            79.758998,
            11.0987702
          ],
          [
            79.7591114,
            11.0987714
          ],
          [
            79.7591929,
            11.0987505
          ],
          [
            79.7593713,
            11.0987922
          ],
          [
            79.7595721,
            11.0988317
          ],
          [
            79.7598852,
            11.0988572
          ],
          [
            79.7599679,
            11.0988792
          ],
          [
            79.7601534,
            11.0989801
          ],
          [
            79.7602692,
            11.0990287
          ],
          [
            79.7603836,
            11.099097
          ],
          [
            79.7604674,
            11.099131
          ],
          [
            79.7605104,
            11.0991378
          ],
          [
            79.7606079,
            11.0992821
          ],
          [
            79.760802,
            11.0993893
          ],
          [
            79.7609987,
            11.0994487
          ],
          [
            79.7611624,
            11.0995354
          ],
          [
            79.761329,
            11.0996189
          ],
          [
            79.7614459,
            11.0996838
          ]
        ]
      },
      "properties": {
        "id": 655512034,
        "name": "OSM Drain Segment 34",
        "drain_type": "stream",
        "capacity": "54 m3/s",
        "status": "normal",
        "district": "Mayiladuthurai",
        "data_source_type": "OpenStreetMap Public Data"
      }
    },
    {
      "type": "Feature",
      "id": 655512035,
      "geometry": {
        "type": "LineString",
        "coordinates": [
          [
            79.7715878,
            11.1038439
          ],
          [
            79.7716656,
            11.1038412
          ],
          [
            79.7718292,
            11.1038267
          ],
          [
            79.7719298,
            11.1038162
          ],
          [
            79.7719875,
            11.1038636
          ],
          [
            79.7720277,
            11.103936
          ],
          [
            79.7720398,
            11.1039899
          ],
          [
            79.7720907,
            11.1040426
          ],
          [
            79.7721524,
            11.1040584
          ],
          [
            79.7722798,
            11.1040676
          ],
          [
            79.7724139,
            11.1040742
          ],
          [
            79.7724649,
            11.1040689
          ],
          [
            79.7725092,
            11.104111
          ],
          [
            79.7725883,
            11.1041702
          ],
          [
            79.7726701,
            11.104186
          ],
          [
            79.7727098,
            11.1041803
          ],
          [
            79.7727431,
            11.1041934
          ],
          [
            79.7727542,
            11.1042326
          ],
          [
            79.7727726,
            11.104274
          ],
          [
            79.7728013,
            11.1043116
          ],
          [
            79.7728635,
            11.1043272
          ],
          [
            79.7729113,
            11.104339
          ],
          [
            79.7729759,
            11.1043491
          ],
          [
            79.773079,
            11.1043566
          ],
          [
            79.7731219,
            11.1043737
          ],
          [
            79.7731594,
            11.1043987
          ],
          [
            79.7731755,
            11.1044329
          ],
          [
            79.7732117,
            11.1044711
          ],
          [
            79.7732922,
            11.1044843
          ],
          [
            79.7733807,
            11.1044987
          ],
          [
            79.7734826,
            11.1045185
          ],
          [
            79.7735376,
            11.1045329
          ],
          [
            79.7736208,
            11.1045764
          ],
          [
            79.7736556,
            11.1046277
          ],
          [
            79.7736664,
            11.1046922
          ],
          [
            79.773661,
            11.104783
          ],
          [
            79.7736623,
            11.1048817
          ],
          [
            79.7736811,
            11.1049277
          ],
          [
            79.7737978,
            11.1049778
          ],
          [
            79.7739064,
            11.1049843
          ],
          [
            79.7740285,
            11.104983
          ],
          [
            79.7741317,
            11.1049922
          ],
          [
            79.7742591,
            11.1050067
          ],
          [
            79.7743611,
            11.1050409
          ],
          [
            79.7743932,
            11.1050975
          ],
          [
            79.7744643,
            11.1051146
          ],
          [
            79.7745515,
            11.1050962
          ],
          [
            79.7746011,
            11.105112
          ],
          [
            79.7746708,
            11.1051423
          ],
          [
            79.7747258,
            11.1051791
          ],
          [
            79.7748184,
            11.1052265
          ],
          [
            79.7749015,
            11.1052686
          ],
          [
            79.7749874,
            11.1053133
          ],
          [
            79.7750759,
            11.1053923
          ],
          [
            79.775155,
            11.1054647
          ],
          [
            79.7752287,
            11.1055107
          ],
          [
            79.7753213,
            11.1055594
          ],
          [
            79.7754259,
            11.1055989
          ],
          [
            79.7755573,
            11.105645
          ],
          [
            79.7756472,
            11.1056476
          ],
          [
            79.7757169,
            11.1056673
          ],
          [
            79.7757773,
            11.1056989
          ],
          [
            79.7758349,
            11.1057542
          ],
          [
            79.7759006,
            11.1058463
          ],
          [
            79.7759865,
            11.1059055
          ],
          [
            79.7760696,
            11.1059108
          ],
          [
            79.7761863,
            11.1059292
          ],
          [
            79.7763499,
            11.1059516
          ],
          [
            79.7764518,
            11.1059911
          ],
          [
            79.7765564,
            11.1060411
          ],
          [
            79.7766128,
            11.1060924
          ],
          [
            79.7766946,
            11.1061266
          ],
          [
            79.7767724,
            11.1061937
          ],
          [
            79.7768072,
            11.1062516
          ],
          [
            79.7768636,
            11.1063306
          ],
          [
            79.7769628,
            11.1063767
          ],
          [
            79.7770942,
            11.1064161
          ],
          [
            79.7772339,
            11.1065059
          ],
          [
            79.7773264,
            11.1065922
          ],
          [
            79.7774391,
            11.1066608
          ],
          [
            79.7775902,
            11.1067117
          ],
          [
            79.777712,
            11.1067848
          ],
          [
            79.7778338,
            11.1068843
          ],
          [
            79.7779692,
            11.1069751
          ],
          [
            79.7781473,
            11.1070127
          ],
          [
            79.7782646,
            11.1070171
          ],
          [
            79.7784195,
            11.1070388
          ],
          [
            79.7785471,
            11.1070889
          ],
          [
            79.7786491,
            11.1071671
          ],
          [
            79.7787688,
            11.1072563
          ],
          [
            79.7789011,
            11.1073173
          ],
          [
            79.7790542,
            11.107358
          ]
        ]
      },
      "properties": {
        "id": 655512035,
        "name": "OSM Drain Segment 35",
        "drain_type": "stream",
        "capacity": "55 m3/s",
        "status": "blocked",
        "district": "Mayiladuthurai",
        "data_source_type": "OpenStreetMap Public Data"
      }
    },
    {
      "type": "Feature",
      "id": 655512036,
      "geometry": {
        "type": "LineString",
        "coordinates": [
          [
            79.7707498,
            11.1107245
          ],
          [
            79.7708697,
            11.1107162
          ]
        ]
      },
      "properties": {
        "id": 655512036,
        "name": "OSM Drain Segment 36",
        "drain_type": "stream",
        "capacity": "56 m3/s",
        "status": "partially_blocked",
        "district": "Mayiladuthurai",
        "data_source_type": "OpenStreetMap Public Data"
      }
    },
    {
      "type": "Feature",
      "id": 655512037,
      "geometry": {
        "type": "LineString",
        "coordinates": [
          [
            79.7515146,
            11.1112752
          ],
          [
            79.751575,
            11.1112513
          ],
          [
            79.7516211,
            11.1111552
          ],
          [
            79.7518401,
            11.1111269
          ],
          [
            79.7523185,
            11.1110364
          ],
          [
            79.7525029,
            11.1108893
          ],
          [
            79.7526816,
            11.1108328
          ],
          [
            79.7528372,
            11.1108667
          ],
          [
            79.753137,
            11.1108837
          ],
          [
            79.7532984,
            11.110878
          ],
          [
            79.7534252,
            11.1108158
          ],
          [
            79.753552,
            11.1107423
          ],
          [
            79.7535808,
            11.1106631
          ],
          [
            79.7536211,
            11.1106348
          ],
          [
            79.753673,
            11.1106914
          ],
          [
            79.7537076,
            11.110748
          ],
          [
            79.7538517,
            11.1108102
          ],
          [
            79.7540822,
            11.1108498
          ],
          [
            79.7542724,
            11.1108554
          ],
          [
            79.754503,
            11.1107762
          ],
          [
            79.7548258,
            11.1106857
          ],
          [
            79.7550333,
            11.1106857
          ],
          [
            79.7553387,
            11.1107084
          ],
          [
            79.7554483,
            11.1106857
          ],
          [
            79.7555867,
            11.1105873
          ],
          [
            79.7557155,
            11.110629
          ],
          [
            79.7558785,
            11.1106534
          ],
          [
            79.7560026,
            11.1106035
          ],
          [
            79.7560676,
            11.1105038
          ]
        ]
      },
      "properties": {
        "id": 655512037,
        "name": "OSM Drain Segment 37",
        "drain_type": "stream",
        "capacity": "57 m3/s",
        "status": "normal",
        "district": "Mayiladuthurai",
        "data_source_type": "OpenStreetMap Public Data"
      }
    },
    {
      "type": "Feature",
      "id": 655512038,
      "geometry": {
        "type": "LineString",
        "coordinates": [
          [
            79.7708697,
            11.1107162
          ],
          [
            79.7711862,
            11.1107688
          ],
          [
            79.7713506,
            11.1107835
          ],
          [
            79.7716636,
            11.1107868
          ],
          [
            79.7718339,
            11.1107721
          ],
          [
            79.7719964,
            11.1107731
          ],
          [
            79.7721089,
            11.1107892
          ],
          [
            79.7722144,
            11.1108146
          ],
          [
            79.772338,
            11.1108257
          ],
          [
            79.7725288,
            11.1108152
          ],
          [
            79.7726554,
            11.1108189
          ],
          [
            79.773114,
            11.1108216
          ],
          [
            79.7733847,
            11.110845
          ],
          [
            79.7734933,
            11.1108605
          ],
          [
            79.7736366,
            11.1108578
          ],
          [
            79.7737958,
            11.110836
          ],
          [
            79.773978,
            11.1108092
          ],
          [
            79.7741021,
            11.1107934
          ],
          [
            79.774304,
            11.1107862
          ],
          [
            79.7744845,
            11.1107757
          ],
          [
            79.7746113,
            11.1107935
          ],
          [
            79.774717,
            11.1108312
          ],
          [
            79.7748268,
            11.1108613
          ],
          [
            79.7749525,
            11.1108538
          ],
          [
            79.7751966,
            11.1108374
          ],
          [
            79.7754973,
            11.1108587
          ],
          [
            79.7757244,
            11.1108605
          ],
          [
            79.7759683,
            11.1108637
          ],
          [
            79.7762482,
            11.1108786
          ],
          [
            79.7764327,
            11.1108672
          ],
          [
            79.7766139,
            11.1108496
          ],
          [
            79.7767466,
            11.1108613
          ],
          [
            79.7769209,
            11.1108797
          ],
          [
            79.7770655,
            11.110883
          ],
          [
            79.7774411,
            11.1108843
          ],
          [
            79.7778081,
            11.1108967
          ],
          [
            79.7779565,
            11.1109058
          ],
          [
            79.7780501,
            11.1109116
          ],
          [
            79.7782086,
            11.1109236
          ],
          [
            79.7783887,
            11.1109412
          ],
          [
            79.7786184,
            11.1109647
          ],
          [
            79.7787077,
            11.1109725
          ],
          [
            79.7788002,
            11.11096
          ],
          [
            79.7789708,
            11.1109443
          ],
          [
            79.7791415,
            11.1109412
          ],
          [
            79.7792627,
            11.11096
          ],
          [
            79.7793695,
            11.1109772
          ],
          [
            79.7794987,
            11.1109834
          ],
          [
            79.7796885,
            11.1109772
          ],
          [
            79.7797714,
            11.1109772
          ],
          [
            79.7799615,
            11.1109757
          ],
          [
            79.7800929,
            11.1109796
          ],
          [
            79.7802431,
            11.1109981
          ],
          [
            79.7803612,
            11.1110138
          ],
          [
            79.780502,
            11.1110178
          ],
          [
            79.7807407,
            11.1110112
          ],
          [
            79.780848,
            11.1110204
          ],
          [
            79.7809325,
            11.1110007
          ],
          [
            79.7809904,
            11.1109929
          ]
        ]
      },
      "properties": {
        "id": 655512038,
        "name": "OSM Drain Segment 38",
        "drain_type": "stream",
        "capacity": "58 m3/s",
        "status": "normal",
        "district": "Mayiladuthurai",
        "data_source_type": "OpenStreetMap Public Data"
      }
    },
    {
      "type": "Feature",
      "id": 668263876,
      "geometry": {
        "type": "LineString",
        "coordinates": [
          [
            79.8246825,
            10.9600059
          ],
          [
            79.8240709,
            10.9597847
          ],
          [
            79.8232931,
            10.9597057
          ],
          [
            79.8227513,
            10.9596478
          ],
          [
            79.8219573,
            10.9595056
          ],
          [
            79.8214906,
            10.9595477
          ],
          [
            79.8209542,
            10.9596214
          ],
          [
            79.8204768,
            10.9596214
          ],
          [
            79.819597,
            10.9597215
          ],
          [
            79.8194897,
            10.9597636
          ],
          [
            79.818508,
            10.95979
          ],
          [
            79.8179609,
            10.9598532
          ],
          [
            79.817183,
            10.9600006
          ],
          [
            79.8163462,
            10.9599111
          ],
          [
            79.8160887,
            10.9600006
          ],
          [
            79.8159599,
            10.9600638
          ],
          [
            79.8156756,
            10.960027
          ]
        ]
      },
      "properties": {
        "id": 668263876,
        "name": "OSM Drain Segment 76",
        "drain_type": "ditch",
        "capacity": "46 m3/s",
        "status": "partially_blocked",
        "district": "Mayiladuthurai",
        "data_source_type": "OpenStreetMap Public Data"
      }
    },
    {
      "type": "Feature",
      "id": 668696977,
      "geometry": {
        "type": "LineString",
        "coordinates": [
          [
            79.8170069,
            10.9626431
          ],
          [
            79.8170257,
            10.9623324
          ],
          [
            79.8169318,
            10.9617031
          ],
          [
            79.8168969,
            10.9611027
          ],
          [
            79.8169184,
            10.9601363
          ]
        ]
      },
      "properties": {
        "id": 668696977,
        "name": "OSM Drain Segment 77",
        "drain_type": "ditch",
        "capacity": "47 m3/s",
        "status": "normal",
        "district": "Mayiladuthurai",
        "data_source_type": "OpenStreetMap Public Data"
      }
    },
    {
      "type": "Feature",
      "id": 1000403518,
      "geometry": {
        "type": "LineString",
        "coordinates": [
          [
            79.5008423,
            11.2370577
          ],
          [
            79.5055568,
            11.2382636
          ],
          [
            79.5119334,
            11.2398377
          ],
          [
            79.5124448,
            11.2393723
          ]
        ]
      },
      "properties": {
        "id": 1000403518,
        "name": "OSM Drain Segment 18",
        "drain_type": "canal",
        "capacity": "38 m3/s",
        "status": "normal",
        "district": "Mayiladuthurai",
        "data_source_type": "OpenStreetMap Public Data"
      }
    },
    {
      "type": "Feature",
      "id": 1000403519,
      "geometry": {
        "type": "LineString",
        "coordinates": [
          [
            79.4939781,
            11.1969962
          ],
          [
            79.4939911,
            11.1975257
          ],
          [
            79.4943559,
            11.1984834
          ],
          [
            79.4946939,
            11.2050296
          ],
          [
            79.4947046,
            11.2062873
          ],
          [
            79.4946027,
            11.2098498
          ],
          [
            79.4947099,
            11.2137016
          ],
          [
            79.4948081,
            11.2212125
          ]
        ]
      },
      "properties": {
        "id": 1000403519,
        "name": "OSM Drain Segment 19",
        "drain_type": "canal",
        "capacity": "39 m3/s",
        "status": "normal",
        "district": "Mayiladuthurai",
        "data_source_type": "OpenStreetMap Public Data"
      }
    },
    {
      "type": "Feature",
      "id": 1000416086,
      "geometry": {
        "type": "LineString",
        "coordinates": [
          [
            79.5102915,
            11.1988063
          ],
          [
            79.5104138,
            11.2020834
          ],
          [
            79.5102446,
            11.2029534
          ],
          [
            79.5104207,
            11.2031372
          ],
          [
            79.5110183,
            11.203223
          ],
          [
            79.5113455,
            11.203573
          ],
          [
            79.511378,
            11.2039663
          ],
          [
            79.5115447,
            11.2050523
          ],
          [
            79.5117177,
            11.2054147
          ],
          [
            79.5116217,
            11.2059722
          ],
          [
            79.5117549,
            11.2066343
          ],
          [
            79.5123014,
            11.2066931
          ],
          [
            79.5127677,
            11.2068627
          ],
          [
            79.5132516,
            11.2077573
          ],
          [
            79.513919,
            11.2078709
          ],
          [
            79.5142923,
            11.2077647
          ],
          [
            79.5155286,
            11.207948
          ],
          [
            79.517357,
            11.2101718
          ],
          [
            79.5198082,
            11.2109578
          ],
          [
            79.519971,
            11.2131754
          ],
          [
            79.5199925,
            11.2135542
          ],
          [
            79.5199871,
            11.2146487
          ],
          [
            79.520227,
            11.2160782
          ],
          [
            79.5200193,
            11.2167956
          ]
        ]
      },
      "properties": {
        "id": 1000416086,
        "name": "OSM Drain Segment 86",
        "drain_type": "drain",
        "capacity": "56 m3/s",
        "status": "partially_blocked",
        "district": "Mayiladuthurai",
        "data_source_type": "OpenStreetMap Public Data"
      }
    },
    {
      "type": "Feature",
      "id": 1043713023,
      "geometry": {
        "type": "LineString",
        "coordinates": [
          [
            79.6417133,
            11.0961549
          ],
          [
            79.6420527,
            11.0960272
          ],
          [
            79.6427111,
            11.0960898
          ],
          [
            79.6432673,
            11.0961348
          ],
          [
            79.643964,
            11.096225
          ],
          [
            79.6446121,
            11.0964428
          ],
          [
            79.6449812,
            11.0965898
          ],
          [
            79.6454813,
            11.0969195
          ],
          [
            79.6465984,
            11.0973477
          ],
          [
            79.6471325,
            11.0976641
          ],
          [
            79.6478392,
            11.0977312
          ],
          [
            79.6481388,
            11.0979965
          ],
          [
            79.6482625,
            11.0979901
          ],
          [
            79.6484026,
            11.0977089
          ],
          [
            79.6486827,
            11.0977089
          ],
          [
            79.6488613,
            11.0979918
          ],
          [
            79.6490798,
            11.0980755
          ],
          [
            79.6493372,
            11.098063
          ],
          [
            79.6502402,
            11.0986685
          ]
        ]
      },
      "properties": {
        "id": 1043713023,
        "name": "OSM Drain Segment 23",
        "drain_type": "canal",
        "capacity": "43 m3/s",
        "status": "normal",
        "district": "Mayiladuthurai",
        "data_source_type": "OpenStreetMap Public Data"
      }
    },
    {
      "type": "Feature",
      "id": 1043713024,
      "geometry": {
        "type": "LineString",
        "coordinates": [
          [
            79.6502402,
            11.0986685
          ],
          [
            79.6504129,
            11.0987264
          ]
        ]
      },
      "properties": {
        "id": 1043713024,
        "name": "OSM Drain Segment 24",
        "drain_type": "canal",
        "capacity": "44 m3/s",
        "status": "normal",
        "district": "Mayiladuthurai",
        "data_source_type": "OpenStreetMap Public Data"
      }
    },
    {
      "type": "Feature",
      "id": 1096122286,
      "geometry": {
        "type": "LineString",
        "coordinates": [
          [
            79.7759128,
            11.0128341
          ],
          [
            79.7761273,
            11.0136345
          ],
          [
            79.776063,
            11.0142664
          ],
          [
            79.7760361,
            11.0169044
          ],
          [
            79.7760844,
            11.017015
          ],
          [
            79.7762722,
            11.0170624
          ],
          [
            79.7767067,
            11.0169676
          ],
          [
            79.777109,
            11.017015
          ],
          [
            79.777388,
            11.0169834
          ],
          [
            79.7776884,
            11.0169518
          ],
          [
            79.778021,
            11.017115
          ],
          [
            79.7780961,
            11.0171308
          ],
          [
            79.7785413,
            11.0170203
          ],
          [
            79.7789276,
            11.0170677
          ],
          [
            79.7801077,
            11.0171203
          ],
          [
            79.7806978,
            11.0170992
          ],
          [
            79.78176,
            11.0170677
          ],
          [
            79.7827363,
            11.0171414
          ],
          [
            79.7831654,
            11.0170677
          ],
          [
            79.7836053,
            11.0170992
          ],
          [
            79.7843027,
            11.0171203
          ],
          [
            79.7845065,
            11.0170466
          ],
          [
            79.785043,
            11.0171519
          ],
          [
            79.7855365,
            11.0171519
          ],
          [
            79.7863734,
            11.0172572
          ],
          [
            79.7865289,
            11.0173099
          ],
          [
            79.7864699,
            11.0181524
          ],
          [
            79.7864431,
            11.0194898
          ],
          [
            79.7863948,
            11.0195846
          ],
          [
            79.7849947,
            11.0196109
          ],
          [
            79.7848767,
            11.0196846
          ],
          [
            79.7847909,
            11.0199321
          ],
          [
            79.7846514,
            11.0203744
          ],
          [
            79.7846621,
            11.0207956
          ],
          [
            79.7847587,
            11.0213117
          ],
          [
            79.7847533,
            11.0223963
          ],
          [
            79.7848499,
            11.0239865
          ],
          [
            79.7849035,
            11.0240497
          ]
        ]
      },
      "properties": {
        "id": 1096122286,
        "name": "OSM Drain Segment 86",
        "drain_type": "ditch",
        "capacity": "56 m3/s",
        "status": "partially_blocked",
        "district": "Mayiladuthurai",
        "data_source_type": "OpenStreetMap Public Data"
      }
    },
    {
      "type": "Feature",
      "id": 1096122287,
      "geometry": {
        "type": "LineString",
        "coordinates": [
          [
            79.7749042,
            11.0189738
          ],
          [
            79.7757518,
            11.0190633
          ],
          [
            79.7758645,
            11.0190422
          ],
          [
            79.7760308,
            11.0183103
          ],
          [
            79.7760308,
            11.0180418
          ],
          [
            79.7761273,
            11.0179839
          ],
          [
            79.7761595,
            11.0176785
          ],
          [
            79.7762829,
            11.0176258
          ],
          [
            79.7763365,
            11.0175521
          ],
          [
            79.7762722,
            11.0170624
          ]
        ]
      },
      "properties": {
        "id": 1096122287,
        "name": "OSM Drain Segment 87",
        "drain_type": "ditch",
        "capacity": "57 m3/s",
        "status": "normal",
        "district": "Mayiladuthurai",
        "data_source_type": "OpenStreetMap Public Data"
      }
    },
    {
      "type": "Feature",
      "id": 1283560657,
      "geometry": {
        "type": "LineString",
        "coordinates": [
          [
            79.5042254,
            11.2210933
          ],
          [
            79.5041652,
            11.2215616
          ],
          [
            79.5043182,
            11.2229343
          ],
          [
            79.504527,
            11.2234421
          ],
          [
            79.5048411,
            11.223864
          ],
          [
            79.5050393,
            11.2241252
          ],
          [
            79.5053824,
            11.225197
          ],
          [
            79.505758,
            11.2261411
          ],
          [
            79.5058042,
            11.2265508
          ],
          [
            79.5058993,
            11.2270244
          ],
          [
            79.5060894,
            11.2276206
          ],
          [
            79.5062171,
            11.22799
          ],
          [
            79.5070441,
            11.2289177
          ],
          [
            79.5082184,
            11.2300233
          ],
          [
            79.5086393,
            11.2303681
          ],
          [
            79.5095806,
            11.231
          ],
          [
            79.5109348,
            11.2321203
          ],
          [
            79.5118499,
            11.2328897
          ],
          [
            79.5126814,
            11.2336732
          ],
          [
            79.513513,
            11.2344088
          ],
          [
            79.5142648,
            11.2351348
          ],
          [
            79.5143035,
            11.2351721
          ],
          [
            79.5145199,
            11.2353943
          ],
          [
            79.5145736,
            11.23576
          ],
          [
            79.5146169,
            11.2360044
          ],
          [
            79.5150884,
            11.2361629
          ],
          [
            79.5164165,
            11.2364241
          ],
          [
            79.5167135,
            11.2365189
          ],
          [
            79.5168503,
            11.2368735
          ],
          [
            79.517135,
            11.2371693
          ],
          [
            79.5176786,
            11.2374651
          ],
          [
            79.518145,
            11.2380803
          ],
          [
            79.5182797,
            11.2388834
          ],
          [
            79.5186489,
            11.2397806
          ],
          [
            79.5188459,
            11.2405496
          ],
          [
            79.5189196,
            11.2408471
          ],
          [
            79.5190099,
            11.2408788
          ],
          [
            79.5192584,
            11.2408706
          ],
          [
            79.5194452,
            11.2409106
          ],
          [
            79.5197081,
            11.2410995
          ],
          [
            79.5199216,
            11.2411797
          ],
          [
            79.5206259,
            11.2411526
          ],
          [
            79.5212,
            11.2412176
          ],
          [
            79.5213303,
            11.2412826
          ],
          [
            79.5215769,
            11.2414579
          ],
          [
            79.5215585,
            11.2420593
          ],
          [
            79.521765,
            11.2429764
          ],
          [
            79.5218852,
            11.2433859
          ],
          [
            79.5219383,
            11.2435145
          ],
          [
            79.5220811,
            11.2438885
          ],
          [
            79.522113,
            11.2442263
          ],
          [
            79.5220782,
            11.2448294
          ],
          [
            79.5220711,
            11.2451866
          ],
          [
            79.5222366,
            11.2454774
          ],
          [
            79.522624,
            11.2468764
          ],
          [
            79.5227848,
            11.2477059
          ],
          [
            79.5230757,
            11.24836
          ],
          [
            79.5233073,
            11.2497459
          ],
          [
            79.5232371,
            11.2514802
          ],
          [
            79.5233599,
            11.2520726
          ]
        ]
      },
      "properties": {
        "id": 1283560657,
        "name": "OSM Drain Segment 57",
        "drain_type": "canal",
        "capacity": "27 m3/s",
        "status": "normal",
        "district": "Mayiladuthurai",
        "data_source_type": "OpenStreetMap Public Data"
      }
    },
    {
      "type": "Feature",
      "id": 1283560658,
      "geometry": {
        "type": "LineString",
        "coordinates": [
          [
            79.5233599,
            11.2520726
          ],
          [
            79.5233871,
            11.2522041
          ]
        ]
      },
      "properties": {
        "id": 1283560658,
        "name": "OSM Drain Segment 58",
        "drain_type": "canal",
        "capacity": "28 m3/s",
        "status": "normal",
        "district": "Mayiladuthurai",
        "data_source_type": "OpenStreetMap Public Data"
      }
    },
    {
      "type": "Feature",
      "id": 1376938922,
      "geometry": {
        "type": "LineString",
        "coordinates": [
          [
            79.4956749,
            11.2273152
          ],
          [
            79.4962764,
            11.228761
          ],
          [
            79.4963515,
            11.2293714
          ],
          [
            79.4964266,
            11.2301185
          ],
          [
            79.4967055,
            11.2305711
          ],
          [
            79.4971776,
            11.2310025
          ],
          [
            79.4978106,
            11.2315287
          ],
          [
            79.4979608,
            11.2316602
          ],
          [
            79.4987386,
            11.2334439
          ],
          [
            79.4991946,
            11.234591
          ],
          [
            79.4994467,
            11.2349593
          ],
          [
            79.5002407,
            11.2360432
          ],
          [
            79.5008423,
            11.2370577
          ],
          [
            79.501158,
            11.2375901
          ],
          [
            79.5036149,
            11.2421045
          ],
          [
            79.5035988,
            11.2423623
          ]
        ]
      },
      "properties": {
        "id": 1376938922,
        "name": "OSM Drain Segment 22",
        "drain_type": "canal",
        "capacity": "42 m3/s",
        "status": "normal",
        "district": "Mayiladuthurai",
        "data_source_type": "OpenStreetMap Public Data"
      }
    },
    {
      "type": "Feature",
      "id": 1376938923,
      "geometry": {
        "type": "LineString",
        "coordinates": [
          [
            79.4956359,
            11.2272215
          ],
          [
            79.4956749,
            11.2273152
          ]
        ]
      },
      "properties": {
        "id": 1376938923,
        "name": "OSM Drain Segment 23",
        "drain_type": "canal",
        "capacity": "43 m3/s",
        "status": "normal",
        "district": "Mayiladuthurai",
        "data_source_type": "OpenStreetMap Public Data"
      }
    },
    {
      "type": "Feature",
      "id": 1376938924,
      "geometry": {
        "type": "LineString",
        "coordinates": [
          [
            79.4948096,
            11.2213286
          ],
          [
            79.4948172,
            11.2219102
          ],
          [
            79.4948816,
            11.2253093
          ],
          [
            79.4949674,
            11.2256145
          ],
          [
            79.4956359,
            11.2272215
          ]
        ]
      },
      "properties": {
        "id": 1376938924,
        "name": "OSM Drain Segment 24",
        "drain_type": "canal",
        "capacity": "44 m3/s",
        "status": "normal",
        "district": "Mayiladuthurai",
        "data_source_type": "OpenStreetMap Public Data"
      }
    },
    {
      "type": "Feature",
      "id": 1376938925,
      "geometry": {
        "type": "LineString",
        "coordinates": [
          [
            79.4948081,
            11.2212125
          ],
          [
            79.4948096,
            11.2213286
          ]
        ]
      },
      "properties": {
        "id": 1376938925,
        "name": "OSM Drain Segment 25",
        "drain_type": "canal",
        "capacity": "45 m3/s",
        "status": "blocked",
        "district": "Mayiladuthurai",
        "data_source_type": "OpenStreetMap Public Data"
      }
    },
    {
      "type": "Feature",
      "id": 1388954774,
      "geometry": {
        "type": "LineString",
        "coordinates": [
          [
            79.5033872,
            11.2156676
          ],
          [
            79.5035983,
            11.2156556
          ]
        ]
      },
      "properties": {
        "id": 1388954774,
        "name": "OSM Drain Segment 74",
        "drain_type": "canal",
        "capacity": "44 m3/s",
        "status": "normal",
        "district": "Mayiladuthurai",
        "data_source_type": "OpenStreetMap Public Data"
      }
    },
    {
      "type": "Feature",
      "id": 1388954775,
      "geometry": {
        "type": "LineString",
        "coordinates": [
          [
            79.5035983,
            11.2156556
          ],
          [
            79.503708,
            11.2156494
          ]
        ]
      },
      "properties": {
        "id": 1388954775,
        "name": "OSM Drain Segment 75",
        "drain_type": "canal",
        "capacity": "45 m3/s",
        "status": "blocked",
        "district": "Mayiladuthurai",
        "data_source_type": "OpenStreetMap Public Data"
      }
    },
    {
      "type": "Feature",
      "id": 1413293032,
      "geometry": {
        "type": "LineString",
        "coordinates": [
          [
            79.5330924,
            11.2648411
          ],
          [
            79.5338085,
            11.2649095
          ],
          [
            79.5340982,
            11.2647727
          ],
          [
            79.5345595,
            11.2645543
          ]
        ]
      },
      "properties": {
        "id": 1413293032,
        "name": "OSM Drain Segment 32",
        "drain_type": "drain",
        "capacity": "52 m3/s",
        "status": "normal",
        "district": "Mayiladuthurai",
        "data_source_type": "OpenStreetMap Public Data"
      }
    },
    {
      "type": "Feature",
      "id": 1413293033,
      "geometry": {
        "type": "LineString",
        "coordinates": [
          [
            79.5329124,
            11.2648194
          ],
          [
            79.5330924,
            11.2648411
          ]
        ]
      },
      "properties": {
        "id": 1413293033,
        "name": "OSM Drain Segment 33",
        "drain_type": "drain",
        "capacity": "53 m3/s",
        "status": "normal",
        "district": "Mayiladuthurai",
        "data_source_type": "OpenStreetMap Public Data"
      }
    },
    {
      "type": "Feature",
      "id": 1413293034,
      "geometry": {
        "type": "LineString",
        "coordinates": [
          [
            79.531534,
            11.2650042
          ],
          [
            79.5321885,
            11.2648569
          ],
          [
            79.5326123,
            11.2647832
          ],
          [
            79.5329124,
            11.2648194
          ]
        ]
      },
      "properties": {
        "id": 1413293034,
        "name": "OSM Drain Segment 34",
        "drain_type": "drain",
        "capacity": "54 m3/s",
        "status": "normal",
        "district": "Mayiladuthurai",
        "data_source_type": "OpenStreetMap Public Data"
      }
    }
  ]
}