{
  "type": "FeatureCollection",
  "name": "chennai_stormwater_drains_and_waterways",
  "crs": {
    "type": "name",
    "properties": {
      "name": "urn:ogc:def:crs:OGC:1.3:CRS84"
    }
  },
  "features": [
    {
      "type": "Feature",
      "id": 22658645,
      "geometry": {
        "type": "LineString",
        "coordinates": [
          [
            80.2724247,
            13.0785676
          ],
          [
            80.2737092,
            13.0789796
          ],
          [
            80.2743375,
            13.0791553
          ],
          [
            80.2745805,
            13.0792163
          ],
          [
            80.274771,
            13.0792464
          ],
          [
            80.274916,
            13.0792631
          ],
          [
            80.2751147,
            13.079257
          ]
        ]
      },
      "properties": {
        "id": 22658645,
        "osm_id": 22658645,
        "name": "North River",
        "waterway_type": "river",
        "drain_type": "river",
        "surface": "Data Unavailable",
        "tunnel": "no",
        "covered": "Data Unavailable",
        "capacity": "Data Unavailable",
        "flow_velocity": "Data Unavailable",
        "maintenance_status": "Data Unavailable",
        "condition": "Data Unavailable",
        "district": "Chennai",
        "source": "OpenStreetMap / Overpass API (OSM Contributors)",
        "data_source_type": "OpenStreetMap Verified Data"
      }
    },
    {
      "type": "Feature",
      "id": 23110069,
      "geometry": {
        "type": "LineString",
        "coordinates": [
          [
            80.1100221,
            12.9654194
          ],
          [
            80.1119345,
            12.9669807
          ],
          [
            80.1129691,
            12.9675666
          ],
          [
            80.1144324,
            12.9680428
          ],
          [
            80.114652,
            12.9683019
          ],
          [
            80.1147121,
            12.9691132
          ],
          [
            80.1152271,
            12.9706439
          ],
          [
            80.1170124,
            12.973956
          ],
          [
            80.1173666,
            12.9752058
          ],
          [
            80.1182464,
            12.9788244
          ],
          [
            80.1192681,
            12.9833227
          ],
          [
            80.1189178,
            12.9850129
          ],
          [
            80.1193816,
            12.9857918
          ],
          [
            80.1207022,
            12.9859018
          ],
          [
            80.1222765,
            12.986033
          ],
          [
            80.1242063,
            12.9869838
          ],
          [
            80.1251855,
            12.9888143
          ],
          [
            80.1266471,
            12.9901908
          ],
          [
            80.1282133,
            12.9906332
          ],
          [
            80.1334261,
            12.9906949
          ],
          [
            80.1343861,
            12.9910654
          ],
          [
            80.135464,
            12.9932717
          ],
          [
            80.1358514,
            12.9943496
          ],
          [
            80.1407523,
            12.9965895
          ],
          [
            80.1422685,
            12.9969335
          ],
          [
            80.1434283,
            12.9966726
          ],
          [
            80.1477753,
            12.9943833
          ],
          [
            80.1501807,
            12.9942831
          ],
          [
            80.1531313,
            12.9944497
          ],
          [
            80.1558439,
            12.9954967
          ],
          [
            80.1584137,
            12.9970671
          ],
          [
            80.1590525,
            12.9975106
          ],
          [
            80.1592497,
            12.9976353
          ],
          [
            80.159918,
            12.9986056
          ],
          [
            80.1605077,
            12.9992087
          ],
          [
            80.1612588,
            13.0013979
          ],
          [
            80.1612751,
            13.0014229
          ]
        ]
      },
      "properties": {
        "id": 23110069,
        "osm_id": 23110069,
        "name": "Adyar River",
        "waterway_type": "river",
        "drain_type": "river",
        "surface": "Data Unavailable",
        "tunnel": "no",
        "covered": "Data Unavailable",
        "capacity": "Data Unavailable",
        "flow_velocity": "Data Unavailable",
        "maintenance_status": "Data Unavailable",
        "condition": "Data Unavailable",
        "district": "Chennai",
        "source": "OpenStreetMap / Overpass API (OSM Contributors)",
        "data_source_type": "OpenStreetMap Verified Data"
      }
    },
    {
      "type": "Feature",
      "id": 23161547,
      "geometry": {
        "type": "LineString",
        "coordinates": [
          [
            80.2457923,
            13.0393161
          ],
          [
            80.2457251,
            13.0392112
          ],
          [
            80.2455644,
            13.0389278
          ],
          [
            80.2454707,
            13.0388001
          ],
          [
            80.2452475,
            13.038361
          ],
          [
            80.244866,
            13.0374469
          ],
          [
            80.2447365,
            13.0370778
          ],
          [
            80.2446183,
            13.0364536
          ],
          [
            80.2443592,
            13.0356762
          ],
          [
            80.2439993,
            13.0351076
          ],
          [
            80.2437611,
            13.0349948
          ],
          [
            80.2431687,
            13.0347143
          ],
          [
            80.2429136,
            13.0345139
          ],
          [
            80.2427478,
            13.0342145
          ],
          [
            80.2425721,
            13.0336457
          ],
          [
            80.2425375,
            13.0335363
          ],
          [
            80.2424923,
            13.0334735
          ],
          [
            80.2412929,
            13.0325883
          ],
          [
            80.2411224,
            13.0325188
          ],
          [
            80.2410986,
            13.0325091
          ],
          [
            80.2402135,
            13.0323064
          ],
          [
            80.2393155,
            13.0321483
          ],
          [
            80.2389271,
            13.0320635
          ],
          [
            80.238469,
            13.0319564
          ],
          [
            80.2371601,
            13.0316922
          ],
          [
            80.2370083,
            13.0316973
          ],
          [
            80.2364257,
            13.0315811
          ],
          [
            80.2352349,
            13.0313513
          ],
          [
            80.2343667,
            13.0311923
          ],
          [
            80.2308608,
            13.0304919
          ]
        ]
      },
      "properties": {
        "id": 23161547,
        "osm_id": 23161547,
        "name": "Mambalam Canal",
        "waterway_type": "canal",
        "drain_type": "canal",
        "surface": "Data Unavailable",
        "tunnel": "no",
        "covered": "Data Unavailable",
        "capacity": "Data Unavailable",
        "flow_velocity": "Data Unavailable",
        "maintenance_status": "Data Unavailable",
        "condition": "Data Unavailable",
        "district": "Chennai",
        "source": "OpenStreetMap / Overpass API (OSM Contributors)",
        "data_source_type": "OpenStreetMap Verified Data"
      }
    },
    {
      "type": "Feature",
      "id": 25380261,
      "geometry": {
        "type": "LineString",
        "coordinates": [
          [
            80.1718466,
            13.0854976
          ],
          [
            80.1720354,
            13.0842018
          ],
          [
            80.172928,
            13.0839175
          ],
          [
            80.173973,
            13.0805136
          ],
          [
            80.1747991,
            13.0778228
          ],
          [
            80.1770393,
            13.0759501
          ],
          [
            80.1778461,
            13.0759501
          ],
          [
            80.1778431,
            13.0748461
          ],
          [
            80.1779062,
            13.0745706
          ],
          [
            80.179022,
            13.0739185
          ],
          [
            80.1789963,
            13.0737095
          ],
          [
            80.1802032,
            13.0734625
          ],
          [
            80.1802941,
            13.0730535
          ],
          [
            80.1810734,
            13.0730323
          ],
          [
            80.1811192,
            13.0726137
          ],
          [
            80.1813475,
            13.0723637
          ],
          [
            80.1815133,
            13.0721394
          ],
          [
            80.1816618,
            13.0719842
          ]
        ]
      },
      "properties": {
        "id": 25380261,
        "osm_id": 25380261,
        "name": "Unnamed Drain",
        "waterway_type": "drain",
        "drain_type": "drain",
        "surface": "Data Unavailable",
        "tunnel": "no",
        "covered": "Data Unavailable",
        "capacity": "Data Unavailable",
        "flow_velocity": "Data Unavailable",
        "maintenance_status": "Data Unavailable",
        "condition": "Data Unavailable",
        "district": "Chennai",
        "source": "OpenStreetMap / Overpass API (OSM Contributors)",
        "data_source_type": "OpenStreetMap Verified Data"
      }
    },
    {
      "type": "Feature",
      "id": 25395366,
      "geometry": {
        "type": "LineString",
        "coordinates": [
          [
            79.9690825,
            13.1385235
          ],
          [
            79.9694033,
            13.138675
          ],
          [
            79.9702495,
            13.1393419
          ],
          [
            79.9758232,
            13.1427166
          ],
          [
            79.9795195,
            13.1450597
          ],
          [
            79.9804547,
            13.145719
          ],
          [
            79.9808478,
            13.1459625
          ],
          [
            79.9809392,
            13.1460251
          ],
          [
            79.9810058,
            13.1460877
          ],
          [
            79.9812129,
            13.1463469
          ],
          [
            79.981295,
            13.1464716
          ],
          [
            79.9813346,
            13.1465523
          ],
          [
            79.9813823,
            13.1466835
          ],
          [
            79.9817121,
            13.1476683
          ],
          [
            79.981912,
            13.1482819
          ],
          [
            79.9824391,
            13.1498718
          ],
          [
            79.9825835,
            13.1503279
          ],
          [
            79.9826228,
            13.1504204
          ],
          [
            79.9826809,
            13.1505152
          ],
          [
            79.9827595,
            13.1505938
          ],
          [
            79.9828664,
            13.1506684
          ],
          [
            79.9830192,
            13.1507557
          ],
          [
            79.9833442,
            13.1509245
          ],
          [
            79.9839017,
            13.1512313
          ],
          [
            79.98677,
            13.1529174
          ],
          [
            79.9939428,
            13.1572252
          ],
          [
            79.9957609,
            13.1582134
          ],
          [
            79.9966942,
            13.1587313
          ],
          [
            79.9976013,
            13.1592475
          ],
          [
            79.9981546,
            13.1595894
          ],
          [
            79.998549,
            13.1598324
          ],
          [
            79.9993812,
            13.1604113
          ],
          [
            80.0011467,
            13.1617766
          ],
          [
            80.0043224,
            13.1631556
          ],
          [
            80.0102447,
            13.1634899
          ],
          [
            80.0182296,
            13.1623643
          ],
          [
            80.0402815,
            13.1636094
          ],
          [
            80.0437857,
            13.1637425
          ],
          [
            80.0509499,
            13.1645282
          ],
          [
            80.0527792,
            13.1651431
          ],
          [
            80.0533712,
            13.1653821
          ],
          [
            80.053744,
            13.1655492
          ],
          [
            80.0539599,
            13.1656315
          ],
          [
            80.054086,
            13.1656419
          ],
          [
            80.054208,
            13.1656354
          ],
          [
            80.054432,
            13.165591
          ],
          [
            80.0546908,
            13.1654983
          ],
          [
            80.0570656,
            13.1646738
          ],
          [
            80.0590314,
            13.1640071
          ],
          [
            80.0600338,
            13.1636635
          ],
          [
            80.0607017,
            13.1634311
          ],
          [
            80.0609283,
            13.1633789
          ],
          [
            80.0610369,
            13.1633632
          ],
          [
            80.0613454,
            13.1633449
          ],
          [
            80.0616378,
            13.1633736
          ],
          [
            80.0618376,
            13.1634154
          ],
          [
            80.0644039,
            13.1641586
          ],
          [
            80.0650476,
            13.1661226
          ],
          [
            80.0650476,
            13.1673762
          ],
          [
            80.0651632,
            13.167564
          ],
          [
            80.0672759,
            13.1686281
          ],
          [
            80.0676942,
            13.1688295
          ],
          [
            80.0679596,
            13.1689078
          ],
          [
            80.0683521,
            13.1689223
          ],
          [
            80.068576,
            13.168892
          ],
          [
            80.0688174,
            13.1687823
          ],
          [
            80.0692895,
            13.1685682
          ],
          [
            80.0694826,
            13.1684898
          ],
          [
            80.0697294,
            13.1684115
          ],
          [
            80.069944,
            13.1683697
          ],
          [
            80.0701639,
            13.1683697
          ],
          [
            80.0725832,
            13.1685211
          ],
          [
            80.0731411,
            13.1685525
          ],
          [
            80.0733665,
            13.168589
          ],
          [
            80.0738868,
            13.1687614
          ],
          [
            80.0754371,
            13.1692263
          ],
          [
            80.0762686,
            13.1694875
          ],
          [
            80.0766763,
            13.1696285
          ],
          [
            80.0769713,
            13.1698113
          ],
          [
            80.078114,
            13.1710492
          ],
          [
            80.0783929,
            13.1713417
          ],
          [
            80.0786947,
            13.1715966
          ],
          [
            80.0814238,
            13.1721148
          ],
          [
            80.0819134,
            13.1722652
          ],
          [
            80.082325,
            13.172564
          ],
          [
            80.0827542,
            13.1729766
          ],
          [
            80.0829258,
            13.1732744
          ],
          [
            80.083076,
            13.1735721
          ],
          [
            80.0833443,
            13.1741571
          ],
          [
            80.0841332,
            13.1758877
          ],
          [
            80.0843854,
            13.1762192
          ],
          [
            80.0849295,
            13.1764779
          ],
          [
            80.0853735,
            13.1764846
          ],
          [
            80.0861981,
            13.1763874
          ],
          [
            80.0869867,
            13.1763247
          ],
          [
            80.0871798,
            13.176262
          ],
          [
            80.0876197,
            13.1759539
          ],
          [
            80.0880542,
            13.1756405
          ],
          [
            80.0885317,
            13.1753219
          ],
          [
            80.0891969,
            13.1749824
          ],
          [
            80.0901464,
            13.1746376
          ],
          [
            80.0906238,
            13.1745332
          ],
          [
            80.0908652,
            13.1744287
          ],
          [
            80.0921956,
            13.1736609
          ],
          [
            80.0926521,
            13.1734884
          ],
          [
            80.0930495,
            13.1732396
          ],
          [
            80.0943997,
            13.1725669
          ],
          [
            80.0948034,
            13.1723458
          ],
          [
            80.0952167,
            13.1720724
          ],
          [
            80.095652,
            13.1717499
          ],
          [
            80.0961536,
            13.1714182
          ],
          [
            80.0964406,
            13.1711479
          ],
          [
            80.0970211,
            13.1705612
          ],
          [
            80.0982091,
            13.1696703
          ],
          [
            80.0986382,
            13.1684794
          ],
          [
            80.0988791,
            13.1679197
          ],
          [
            80.0991157,
            13.1672624
          ],
          [
            80.0993946,
            13.1665572
          ],
          [
            80.0994784,
            13.166304
          ],
          [
            80.0995825,
            13.1658433
          ],
          [
            80.0996582,
            13.1654563
          ],
          [
            80.0997623,
            13.1650754
          ],
          [
            80.1004532,
            13.1638314
          ],
          [
            80.1009611,
            13.1629498
          ],
          [
            80.1017434,
            13.1615584
          ],
          [
            80.1023648,
            13.1604372
          ],
          [
            80.1024437,
            13.1600041
          ],
          [
            80.102491,
            13.1595526
          ],
          [
            80.1025289,
            13.1590089
          ],
          [
            80.1026014,
            13.1583485
          ],
          [
            80.1029295,
            13.1579399
          ],
          [
            80.1030431,
            13.1577618
          ],
          [
            80.1031061,
            13.1576297
          ],
          [
            80.1030841,
            13.1573717
          ],
          [
            80.102961,
            13.1572089
          ],
          [
            80.1029957,
            13.1570031
          ],
          [
            80.1032165,
            13.1565239
          ],
          [
            80.1034878,
            13.1560447
          ],
          [
            80.1037591,
            13.1557406
          ],
          [
            80.1041061,
            13.1554948
          ],
          [
            80.1045067,
            13.155418
          ],
          [
            80.105308,
            13.1553351
          ],
          [
            80.106573,
            13.1552491
          ],
          [
            80.107513,
            13.1551017
          ],
          [
            80.1080903,
            13.1549604
          ],
          [
            80.1088001,
            13.1547945
          ],
          [
            80.1095666,
            13.1545733
          ],
          [
            80.1099104,
            13.154389
          ],
          [
            80.1102876,
            13.1541484
          ],
          [
            80.111048,
            13.1537149
          ],
          [
            80.1137124,
            13.1529563
          ],
          [
            80.1144858,
            13.1529229
          ],
          [
            80.11499,
            13.1526617
          ],
          [
            80.1164813,
            13.1521498
          ],
          [
            80.1190241,
            13.1510841
          ],
          [
            80.1195605,
            13.1510319
          ],
          [
            80.1218751,
            13.1517402
          ],
          [
            80.1230612,
            13.1522758
          ],
          [
            80.1245394,
            13.1526776
          ],
          [
            80.1276393,
            13.1536855
          ],
          [
            80.1280899,
            13.1546362
          ],
          [
            80.1289223,
            13.1547385
          ],
          [
            80.1297959,
            13.1549096
          ],
          [
            80.1308794,
            13.1550437
          ],
          [
            80.1314368,
            13.1550497
          ],
          [
            80.1320175,
            13.1549304
          ],
          [
            80.1331362,
            13.1546658
          ],
          [
            80.1337435,
            13.1544687
          ],
          [
            80.1342375,
            13.1542497
          ],
          [
            80.1346549,
            13.1540793
          ],
          [
            80.1349358,
            13.153893
          ],
          [
            80.1355634,
            13.1535205
          ],
          [
            80.1359459,
            13.1532645
          ],
          [
            80.1363045,
            13.1531364
          ],
          [
            80.1370696,
            13.1528745
          ],
          [
            80.1400342,
            13.1519142
          ],
          [
            80.1447201,
            13.1503951
          ],
          [
            80.1494599,
            13.1488178
          ],
          [
            80.1524305,
            13.14784
          ]
        ]
      },
      "properties": {
        "id": 25395366,
        "osm_id": 25395366,
        "name": "Krishna Canal",
        "waterway_type": "canal",
        "drain_type": "canal",
        "surface": "Data Unavailable",
        "tunnel": "no",
        "covered": "Data Unavailable",
        "capacity": "Data Unavailable",
        "flow_velocity": "Data Unavailable",
        "maintenance_status": "Data Unavailable",
        "condition": "Data Unavailable",
        "district": "Chennai",
        "source": "OpenStreetMap / Overpass API (OSM Contributors)",
        "data_source_type": "OpenStreetMap Verified Data"
      }
    },
    {
      "type": "Feature",
      "id": 25450397,
      "geometry": {
        "type": "LineString",
        "coordinates": [
          [
            80.3159357,
            13.2314232
          ],
          [
            80.3150415,
            13.2334459
          ],
          [
            80.3150415,
            13.2344332
          ],
          [
            80.315906,
            13.2380261
          ],
          [
            80.3161221,
            13.2394665
          ],
          [
            80.3157896,
            13.2422177
          ],
          [
            80.3156566,
            13.2430107
          ],
          [
            80.3153906,
            13.244176
          ],
          [
            80.3144149,
            13.2453933
          ],
          [
            80.3148012,
            13.2534137
          ],
          [
            80.3152303,
            13.2545415
          ],
          [
            80.3174619,
            13.2566301
          ],
          [
            80.3194789,
            13.2609326
          ],
          [
            80.3215818,
            13.2631882
          ],
          [
            80.3209381,
            13.2676994
          ],
          [
            80.3214101,
            13.2693702
          ],
          [
            80.3228692,
            13.2689525
          ],
          [
            80.3234538,
            13.2681176
          ],
          [
            80.3243909,
            13.267349
          ],
          [
            80.3245144,
            13.2673207
          ],
          [
            80.3247247,
            13.2674394
          ],
          [
            80.3248805,
            13.267523
          ],
          [
            80.3255024,
            13.2676138
          ],
          [
            80.3258034,
            13.2677144
          ],
          [
            80.3260674,
            13.267899
          ],
          [
            80.3266273,
            13.268862
          ],
          [
            80.3267132,
            13.2693224
          ],
          [
            80.3266604,
            13.2698249
          ],
          [
            80.3263883,
            13.2711663
          ],
          [
            80.3245859,
            13.276095
          ],
          [
            80.3240602,
            13.276628
          ],
          [
            80.3235559,
            13.2771392
          ],
          [
            80.3233842,
            13.2788935
          ],
          [
            80.3241138,
            13.2799794
          ],
          [
            80.3259162,
            13.2805224
          ],
          [
            80.3275899,
            13.2825273
          ],
          [
            80.3286628,
            13.2850751
          ],
          [
            80.3293924,
            13.2901288
          ],
          [
            80.3291778,
            13.2953913
          ],
          [
            80.3287057,
            13.3009042
          ],
          [
            80.32656,
            13.3069181
          ],
          [
            80.3235559,
            13.3108438
          ],
          [
            80.3147582,
            13.3144354
          ],
          [
            80.3128271,
            13.3175675
          ],
          [
            80.3124837,
            13.3202402
          ],
          [
            80.3147153,
            13.3222865
          ],
          [
            80.3187923,
            13.3244163
          ],
          [
            80.3273324,
            13.3305967
          ],
          [
            80.3314094,
            13.3393659
          ],
          [
            80.3332548,
            13.3416626
          ],
          [
            80.3338556,
            13.3442932
          ]
        ]
      },
      "properties": {
        "id": 25450397,
        "osm_id": 25450397,
        "name": "Unnamed River",
        "waterway_type": "river",
        "drain_type": "river",
        "surface": "Data Unavailable",
        "tunnel": "no",
        "covered": "Data Unavailable",
        "capacity": "Data Unavailable",
        "flow_velocity": "Data Unavailable",
        "maintenance_status": "Data Unavailable",
        "condition": "Data Unavailable",
        "district": "Chennai",
        "source": "OpenStreetMap / Overpass API (OSM Contributors)",
        "data_source_type": "OpenStreetMap Verified Data"
      }
    },
    {
      "type": "Feature",
      "id": 25450421,
      "geometry": {
        "type": "LineString",
        "coordinates": [
          [
            80.2777761,
            13.2117722
          ],
          [
            80.2786235,
            13.2112618
          ],
          [
            80.2800397,
            13.2107186
          ],
          [
            80.2820138,
            13.2092146
          ],
          [
            80.2828292,
            13.2085879
          ],
          [
            80.2842884,
            13.208379
          ],
          [
            80.28549,
            13.2087132
          ],
          [
            80.2865199,
            13.2084625
          ],
          [
            80.2875499,
            13.2073763
          ],
          [
            80.2877216,
            13.2059975
          ],
          [
            80.288537,
            13.2050783
          ],
          [
            80.2892121,
            13.2045897
          ],
          [
            80.2899588,
            13.2045563
          ],
          [
            80.2905969,
            13.2050783
          ],
          [
            80.2916698,
            13.2053708
          ],
          [
            80.2939872,
            13.2049112
          ],
          [
            80.2944703,
            13.2047569
          ],
          [
            80.2993946,
            13.204953
          ],
          [
            80.3008537,
            13.2052037
          ],
          [
            80.3017549,
            13.2047023
          ],
          [
            80.3025703,
            13.2035324
          ],
          [
            80.3035144,
            13.2030729
          ],
          [
            80.3049735,
            13.20324
          ],
          [
            80.3075622,
            13.2034775
          ]
        ]
      },
      "properties": {
        "id": 25450421,
        "osm_id": 25450421,
        "name": "Unnamed River",
        "waterway_type": "river",
        "drain_type": "river",
        "surface": "Data Unavailable",
        "tunnel": "no",
        "covered": "Data Unavailable",
        "capacity": "Data Unavailable",
        "flow_velocity": "Data Unavailable",
        "maintenance_status": "Data Unavailable",
        "condition": "Data Unavailable",
        "district": "Chennai",
        "source": "OpenStreetMap / Overpass API (OSM Contributors)",
        "data_source_type": "OpenStreetMap Verified Data"
      }
    },
    {
      "type": "Feature",
      "id": 25450426,
      "geometry": {
        "type": "LineString",
        "coordinates": [
          [
            80.254948,
            13.2484296
          ],
          [
            80.255177,
            13.2471452
          ],
          [
            80.2545676,
            13.244363
          ],
          [
            80.2531857,
            13.2434273
          ],
          [
            80.251924,
            13.2418315
          ],
          [
            80.2519731,
            13.2407146
          ],
          [
            80.2528314,
            13.2394613
          ],
          [
            80.254033,
            13.2390018
          ],
          [
            80.2552776,
            13.2390018
          ],
          [
            80.2561788,
            13.2382499
          ],
          [
            80.2565221,
            13.2364953
          ],
          [
            80.2568225,
            13.235075
          ],
          [
            80.2581958,
            13.2343648
          ],
          [
            80.2599983,
            13.2344066
          ],
          [
            80.2612428,
            13.2337799
          ],
          [
            80.2627878,
            13.2323595
          ],
          [
            80.2637748,
            13.2309809
          ],
          [
            80.2639894,
            13.2290592
          ],
          [
            80.2642064,
            13.2271516
          ],
          [
            80.2652449,
            13.2255975
          ],
          [
            80.2664122,
            13.2248455
          ],
          [
            80.2671418,
            13.2226564
          ],
          [
            80.2702403,
            13.2203084
          ]
        ]
      },
      "properties": {
        "id": 25450426,
        "osm_id": 25450426,
        "name": "Unnamed River",
        "waterway_type": "river",
        "drain_type": "river",
        "surface": "Data Unavailable",
        "tunnel": "no",
        "covered": "Data Unavailable",
        "capacity": "Data Unavailable",
        "flow_velocity": "Data Unavailable",
        "maintenance_status": "Data Unavailable",
        "condition": "Data Unavailable",
        "district": "Chennai",
        "source": "OpenStreetMap / Overpass API (OSM Contributors)",
        "data_source_type": "OpenStreetMap Verified Data"
      }
    },
    {
      "type": "Feature",
      "id": 25450988,
      "geometry": {
        "type": "LineString",
        "coordinates": [
          [
            80.1544156,
            13.2216348
          ],
          [
            80.1545084,
            13.2215979
          ],
          [
            80.1546765,
            13.2215083
          ],
          [
            80.1549935,
            13.2212582
          ],
          [
            80.1552383,
            13.2207507
          ],
          [
            80.155723,
            13.2197458
          ],
          [
            80.1564454,
            13.2181
          ],
          [
            80.1572018,
            13.2164184
          ],
          [
            80.1573681,
            13.2161469
          ],
          [
            80.1575942,
            13.2159022
          ],
          [
            80.1608901,
            13.21261
          ],
          [
            80.1616918,
            13.2118332
          ],
          [
            80.1625769,
            13.211055
          ],
          [
            80.1643147,
            13.2095099
          ],
          [
            80.1678423,
            13.2063179
          ],
          [
            80.1683061,
            13.2058795
          ],
          [
            80.1687299,
            13.2053625
          ],
          [
            80.1690947,
            13.2047671
          ],
          [
            80.1694165,
            13.2041352
          ],
          [
            80.1696365,
            13.203451
          ],
          [
            80.169733,
            13.203122
          ],
          [
            80.1698079,
            13.2027833
          ],
          [
            80.1701083,
            13.2014296
          ],
          [
            80.1703607,
            13.2006413
          ],
          [
            80.1704894,
            13.20026
          ],
          [
            80.1706665,
            13.1998631
          ],
          [
            80.1709508,
            13.1992781
          ],
          [
            80.1712941,
            13.1986775
          ],
          [
            80.172029,
            13.1975442
          ],
          [
            80.1735844,
            13.1951289
          ],
          [
            80.174683,
            13.193257
          ]
        ]
      },
      "properties": {
        "id": 25450988,
        "osm_id": 25450988,
        "name": "Unnamed Drain",
        "waterway_type": "drain",
        "drain_type": "drain",
        "surface": "Data Unavailable",
        "tunnel": "no",
        "covered": "Data Unavailable",
        "capacity": "Data Unavailable",
        "flow_velocity": "Data Unavailable",
        "maintenance_status": "Data Unavailable",
        "condition": "Data Unavailable",
        "district": "Chennai",
        "source": "OpenStreetMap / Overpass API (OSM Contributors)",
        "data_source_type": "OpenStreetMap Verified Data"
      }
    },
    {
      "type": "Feature",
      "id": 25460072,
      "geometry": {
        "type": "LineString",
        "coordinates": [
          [
            80.2242551,
            13.0269264
          ],
          [
            80.2245087,
            13.0268128
          ],
          [
            80.2250865,
            13.0265891
          ],
          [
            80.2252297,
            13.026194
          ],
          [
            80.2255821,
            13.026183
          ],
          [
            80.2261395,
            13.0262441
          ],
          [
            80.2270433,
            13.026216
          ],
          [
            80.2278132,
            13.0260769
          ],
          [
            80.2281969,
            13.0260653
          ]
        ]
      },
      "properties": {
        "id": 25460072,
        "osm_id": 25460072,
        "name": "Reddikuppam Canal",
        "waterway_type": "canal",
        "drain_type": "canal",
        "surface": "Data Unavailable",
        "tunnel": "no",
        "covered": "Data Unavailable",
        "capacity": "Data Unavailable",
        "flow_velocity": "Data Unavailable",
        "maintenance_status": "Data Unavailable",
        "condition": "Data Unavailable",
        "district": "Chennai",
        "source": "OpenStreetMap / Overpass API (OSM Contributors)",
        "data_source_type": "OpenStreetMap Verified Data"
      }
    },
    {
      "type": "Feature",
      "id": 25460321,
      "geometry": {
        "type": "LineString",
        "coordinates": [
          [
            80.2046243,
            13.0400366
          ],
          [
            80.204267,
            13.0379543
          ],
          [
            80.2038922,
            13.0354842
          ],
          [
            80.2031111,
            13.0340459
          ],
          [
            80.2028217,
            13.0330789
          ],
          [
            80.2028037,
            13.0329883
          ],
          [
            80.2025084,
            13.0323766
          ],
          [
            80.2025017,
            13.0323652
          ],
          [
            80.202124,
            13.0322147
          ],
          [
            80.2019981,
            13.032074
          ],
          [
            80.2018322,
            13.0318886
          ],
          [
            80.2011885,
            13.0319471
          ],
          [
            80.2010082,
            13.0317882
          ],
          [
            80.2007233,
            13.0317766
          ],
          [
            80.1999783,
            13.0317464
          ],
          [
            80.1997294,
            13.031922
          ],
          [
            80.1994976,
            13.0319387
          ],
          [
            80.1988196,
            13.03183
          ],
          [
            80.1986741,
            13.0315986
          ],
          [
            80.1984781,
            13.0314674
          ],
          [
            80.1980626,
            13.0315386
          ],
          [
            80.1975665,
            13.0314184
          ],
          [
            80.197447,
            13.0313032
          ],
          [
            80.1972448,
            13.0309045
          ],
          [
            80.197389,
            13.0303845
          ],
          [
            80.1972405,
            13.0297221
          ],
          [
            80.1972181,
            13.0288927
          ]
        ]
      },
      "properties": {
        "id": 25460321,
        "osm_id": 25460321,
        "name": "Maruthur Gopalan Ramachandran Nagar Canal",
        "waterway_type": "canal",
        "drain_type": "canal",
        "surface": "Data Unavailable",
        "tunnel": "no",
        "covered": "Data Unavailable",
        "capacity": "Data Unavailable",
        "flow_velocity": "Data Unavailable",
        "maintenance_status": "Data Unavailable",
        "condition": "Data Unavailable",
        "district": "Chennai",
        "source": "OpenStreetMap / Overpass API (OSM Contributors)",
        "data_source_type": "OpenStreetMap Verified Data"
      }
    },
    {
      "type": "Feature",
      "id": 25460451,
      "geometry": {
        "type": "LineString",
        "coordinates": [
          [
            80.1648662,
            13.0255712
          ],
          [
            80.1663934,
            13.0255894
          ],
          [
            80.1668171,
            13.0256006
          ],
          [
            80.1677746,
            13.0255765
          ],
          [
            80.1705727,
            13.0248727
          ],
          [
            80.171637,
            13.0251654
          ],
          [
            80.1719116,
            13.0248142
          ],
          [
            80.1719803,
            13.0243626
          ],
          [
            80.1727007,
            13.0245336
          ],
          [
            80.1740231,
            13.0248476
          ],
          [
            80.1747955,
            13.024764
          ],
          [
            80.175156,
            13.0240783
          ],
          [
            80.1752566,
            13.0239543
          ],
          [
            80.176234,
            13.0235673
          ],
          [
            80.1769045,
            13.0236376
          ],
          [
            80.1769101,
            13.0236355
          ]
        ]
      },
      "properties": {
        "id": 25460451,
        "osm_id": 25460451,
        "name": "Unnamed Drain",
        "waterway_type": "drain",
        "drain_type": "drain",
        "surface": "Data Unavailable",
        "tunnel": "no",
        "covered": "Data Unavailable",
        "capacity": "Data Unavailable",
        "flow_velocity": "Data Unavailable",
        "maintenance_status": "Data Unavailable",
        "condition": "Data Unavailable",
        "district": "Chennai",
        "source": "OpenStreetMap / Overpass API (OSM Contributors)",
        "data_source_type": "OpenStreetMap Verified Data"
      }
    },
    {
      "type": "Feature",
      "id": 25474535,
      "geometry": {
        "type": "LineString",
        "coordinates": [
          [
            80.2733993,
            13.1248075
          ],
          [
            80.2727277,
            13.1249293
          ],
          [
            80.2721791,
            13.1251537
          ],
          [
            80.2717536,
            13.1255558
          ],
          [
            80.2710404,
            13.1262681
          ],
          [
            80.2688794,
            13.126864
          ],
          [
            80.2667059,
            13.1274634
          ],
          [
            80.2650923,
            13.1275052
          ],
          [
            80.2584662,
            13.1264771
          ],
          [
            80.2497286,
            13.1249976
          ],
          [
            80.249454,
            13.1248304
          ],
          [
            80.2490688,
            13.1234468
          ],
          [
            80.2487739,
            13.1229552
          ],
          [
            80.2488536,
            13.1227079
          ],
          [
            80.2491572,
            13.1224665
          ]
        ]
      },
      "properties": {
        "id": 25474535,
        "osm_id": 25474535,
        "name": "Captain Cotton Canal",
        "waterway_type": "drain",
        "drain_type": "drain",
        "surface": "Data Unavailable",
        "tunnel": "no",
        "covered": "Data Unavailable",
        "capacity": "Data Unavailable",
        "flow_velocity": "Data Unavailable",
        "maintenance_status": "Data Unavailable",
        "condition": "Data Unavailable",
        "district": "Chennai",
        "source": "OpenStreetMap / Overpass API (OSM Contributors)",
        "data_source_type": "OpenStreetMap Verified Data"
      }
    },
    {
      "type": "Feature",
      "id": 25474766,
      "geometry": {
        "type": "LineString",
        "coordinates": [
          [
            80.2536768,
            13.1356131
          ],
          [
            80.2541575,
            13.1355713
          ],
          [
            80.2545866,
            13.1357719
          ],
          [
            80.2550542,
            13.1363748
          ],
          [
            80.2554113,
            13.1366713
          ],
          [
            80.2554375,
            13.1366854
          ],
          [
            80.2555112,
            13.1366942
          ],
          [
            80.2557635,
            13.1366904
          ],
          [
            80.2567496,
            13.1366495
          ],
          [
            80.2573773,
            13.1365653
          ],
          [
            80.2579178,
            13.1364263
          ],
          [
            80.2583429,
            13.1363277
          ],
          [
            80.2590327,
            13.1361062
          ],
          [
            80.2600884,
            13.1356047
          ],
          [
            80.2625088,
            13.1338076
          ],
          [
            80.2667832,
            13.1305896
          ],
          [
            80.2677874,
            13.1305645
          ],
          [
            80.2716266,
            13.1308173
          ],
          [
            80.2741045,
            13.1309406
          ],
          [
            80.2749272,
            13.1308062
          ]
        ]
      },
      "properties": {
        "id": 25474766,
        "osm_id": 25474766,
        "name": "Kodungaiyur Canal",
        "waterway_type": "drain",
        "drain_type": "drain",
        "surface": "Data Unavailable",
        "tunnel": "no",
        "covered": "Data Unavailable",
        "capacity": "Data Unavailable",
        "flow_velocity": "Data Unavailable",
        "maintenance_status": "Data Unavailable",
        "condition": "Data Unavailable",
        "district": "Chennai",
        "source": "OpenStreetMap / Overpass API (OSM Contributors)",
        "data_source_type": "OpenStreetMap Verified Data"
      }
    },
    {
      "type": "Feature",
      "id": 25474770,
      "geometry": {
        "type": "LineString",
        "coordinates": [
          [
            80.2716266,
            13.1308173
          ],
          [
            80.2700056,
            13.1282467
          ],
          [
            80.2688794,
            13.126864
          ]
        ]
      },
      "properties": {
        "id": 25474770,
        "osm_id": 25474770,
        "name": "Link Canal",
        "waterway_type": "drain",
        "drain_type": "drain",
        "surface": "Data Unavailable",
        "tunnel": "no",
        "covered": "Data Unavailable",
        "capacity": "Data Unavailable",
        "flow_velocity": "Data Unavailable",
        "maintenance_status": "Data Unavailable",
        "condition": "Data Unavailable",
        "district": "Chennai",
        "source": "OpenStreetMap / Overpass API (OSM Contributors)",
        "data_source_type": "OpenStreetMap Verified Data"
      }
    },
    {
      "type": "Feature",
      "id": 26072329,
      "geometry": {
        "type": "LineString",
        "coordinates": [
          [
            80.2406421,
            13.1767993
          ],
          [
            80.2424875,
            13.1786379
          ],
          [
            80.2453199,
            13.1798496
          ],
          [
            80.248324,
            13.1818135
          ],
          [
            80.2494691,
            13.1819979
          ],
          [
            80.2502296,
            13.1811248
          ],
          [
            80.2512422,
            13.1808525
          ],
          [
            80.2547008,
            13.1809297
          ],
          [
            80.2559482,
            13.1800852
          ],
          [
            80.2566647,
            13.1791719
          ],
          [
            80.2581516,
            13.1780947
          ],
          [
            80.2595249,
            13.1783036
          ],
          [
            80.2608124,
            13.1793482
          ],
          [
            80.2614561,
            13.1804764
          ],
          [
            80.2638593,
            13.1807271
          ],
          [
            80.2696179,
            13.1805508
          ],
          [
            80.2702743,
            13.180595
          ],
          [
            80.2723051,
            13.1808704
          ],
          [
            80.2730441,
            13.1805464
          ],
          [
            80.2737432,
            13.1805577
          ],
          [
            80.2742676,
            13.1806825
          ],
          [
            80.2747804,
            13.1806031
          ],
          [
            80.2759399,
            13.1802008
          ],
          [
            80.2764378,
            13.1803345
          ],
          [
            80.2772961,
            13.180836
          ],
          [
            80.277854,
            13.1810783
          ],
          [
            80.2784033,
            13.1810198
          ],
          [
            80.2787809,
            13.1807357
          ],
          [
            80.278944,
            13.1804265
          ],
          [
            80.2791243,
            13.180017
          ],
          [
            80.2793947,
            13.1800168
          ],
          [
            80.2795019,
            13.180159
          ],
          [
            80.2796907,
            13.1808861
          ],
          [
            80.2799568,
            13.1811452
          ],
          [
            80.280489,
            13.181095
          ],
          [
            80.280768,
            13.1807689
          ],
          [
            80.2809095,
            13.1804098
          ],
          [
            80.2809397,
            13.1798496
          ],
          [
            80.2812185,
            13.1792565
          ],
          [
            80.2818838,
            13.1785961
          ],
          [
            80.2824716,
            13.1783038
          ],
          [
            80.2849951,
            13.1764903
          ],
          [
            80.2864027,
            13.1761727
          ],
          [
            80.2873554,
            13.1763566
          ],
          [
            80.2881494,
            13.1776768
          ],
          [
            80.2897758,
            13.1777522
          ],
          [
            80.290896,
            13.1783036
          ],
          [
            80.2921448,
            13.1801089
          ],
          [
            80.2939001,
            13.1813539
          ],
          [
            80.2944151,
            13.1825656
          ],
          [
            80.2953592,
            13.1839027
          ],
          [
            80.2967476,
            13.1850097
          ]
        ]
      },
      "properties": {
        "id": 26072329,
        "osm_id": 26072329,
        "name": "Unnamed Drain",
        "waterway_type": "drain",
        "drain_type": "drain",
        "surface": "Data Unavailable",
        "tunnel": "no",
        "covered": "Data Unavailable",
        "capacity": "Data Unavailable",
        "flow_velocity": "Data Unavailable",
        "maintenance_status": "Data Unavailable",
        "condition": "Data Unavailable",
        "district": "Chennai",
        "source": "OpenStreetMap / Overpass API (OSM Contributors)",
        "data_source_type": "OpenStreetMap Verified Data"
      }
    },
    {
      "type": "Feature",
      "id": 26776322,
      "geometry": {
        "type": "LineString",
        "coordinates": [
          [
            80.2311931,
            13.1283575
          ],
          [
            80.2299298,
            13.1275912
          ],
          [
            80.2294682,
            13.1276136
          ],
          [
            80.2271794,
            13.1277093
          ],
          [
            80.2271809,
            13.1278341
          ],
          [
            80.2272939,
            13.1292185
          ],
          [
            80.2272867,
            13.1292762
          ],
          [
            80.2272126,
            13.1292874
          ],
          [
            80.2271433,
            13.1292869
          ],
          [
            80.2250136,
            13.1293021
          ],
          [
            80.223992,
            13.1295557
          ],
          [
            80.2239558,
            13.1295751
          ],
          [
            80.2232745,
            13.1298666
          ],
          [
            80.222435,
            13.1299787
          ],
          [
            80.2220198,
            13.1300341
          ],
          [
            80.2215975,
            13.1300711
          ],
          [
            80.2209967,
            13.1303219
          ],
          [
            80.2181729,
            13.1303469
          ],
          [
            80.2174862,
            13.1304807
          ],
          [
            80.2168664,
            13.1307823
          ],
          [
            80.2162245,
            13.1308484
          ],
          [
            80.2151253,
            13.1308893
          ],
          [
            80.214676,
            13.1308519
          ],
          [
            80.2145225,
            13.130744
          ],
          [
            80.2142857,
            13.1304035
          ],
          [
            80.2142455,
            13.1304297
          ]
        ]
      },
      "properties": {
        "id": 26776322,
        "osm_id": 26776322,
        "name": "Unnamed Drain",
        "waterway_type": "drain",
        "drain_type": "drain",
        "surface": "Data Unavailable",
        "tunnel": "no",
        "covered": "Data Unavailable",
        "capacity": "Data Unavailable",
        "flow_velocity": "Data Unavailable",
        "maintenance_status": "Data Unavailable",
        "condition": "Data Unavailable",
        "district": "Chennai",
        "source": "OpenStreetMap / Overpass API (OSM Contributors)",
        "data_source_type": "OpenStreetMap Verified Data"
      }
    },
    {
      "type": "Feature",
      "id": 27618345,
      "geometry": {
        "type": "LineString",
        "coordinates": [
          [
            80.2806748,
            13.0809565
          ],
          [
            80.2806455,
            13.0807095
          ],
          [
            80.280664,
            13.0801389
          ],
          [
            80.2806969,
            13.0798502
          ],
          [
            80.2807748,
            13.0794706
          ]
        ]
      },
      "properties": {
        "id": 27618345,
        "osm_id": 27618345,
        "name": "Unnamed Drain",
        "waterway_type": "drain",
        "drain_type": "drain",
        "surface": "Data Unavailable",
        "tunnel": "no",
        "covered": "Data Unavailable",
        "capacity": "Data Unavailable",
        "flow_velocity": "Data Unavailable",
        "maintenance_status": "Data Unavailable",
        "condition": "Data Unavailable",
        "district": "Chennai",
        "source": "OpenStreetMap / Overpass API (OSM Contributors)",
        "data_source_type": "OpenStreetMap Verified Data"
      }
    },
    {
      "type": "Feature",
      "id": 27708784,
      "geometry": {
        "type": "LineString",
        "coordinates": [
          [
            80.2333865,
            13.1232756
          ],
          [
            80.2336783,
            13.1230249
          ],
          [
            80.2401156,
            13.1232171
          ],
          [
            80.2420261,
            13.1235003
          ]
        ]
      },
      "properties": {
        "id": 27708784,
        "osm_id": 27708784,
        "name": "Jawahar Canal",
        "waterway_type": "drain",
        "drain_type": "drain",
        "surface": "Data Unavailable",
        "tunnel": "no",
        "covered": "Data Unavailable",
        "capacity": "Data Unavailable",
        "flow_velocity": "Data Unavailable",
        "maintenance_status": "Data Unavailable",
        "condition": "Data Unavailable",
        "district": "Chennai",
        "source": "OpenStreetMap / Overpass API (OSM Contributors)",
        "data_source_type": "OpenStreetMap Verified Data"
      }
    },
    {
      "type": "Feature",
      "id": 27708793,
      "geometry": {
        "type": "LineString",
        "coordinates": [
          [
            80.2514231,
            13.1214383
          ],
          [
            80.2525303,
            13.1212126
          ],
          [
            80.2535088,
            13.1209535
          ],
          [
            80.2540667,
            13.1204519
          ],
          [
            80.2543328,
            13.1199253
          ],
          [
            80.2547019,
            13.1195074
          ],
          [
            80.255131,
            13.1193485
          ],
          [
            80.2569602,
            13.1184416
          ]
        ]
      },
      "properties": {
        "id": 27708793,
        "osm_id": 27708793,
        "name": "Vyasarpadi Canal",
        "waterway_type": "drain",
        "drain_type": "drain",
        "surface": "Data Unavailable",
        "tunnel": "no",
        "covered": "Data Unavailable",
        "capacity": "Data Unavailable",
        "flow_velocity": "Data Unavailable",
        "maintenance_status": "Data Unavailable",
        "condition": "Data Unavailable",
        "district": "Chennai",
        "source": "OpenStreetMap / Overpass API (OSM Contributors)",
        "data_source_type": "OpenStreetMap Verified Data"
      }
    },
    {
      "type": "Feature",
      "id": 27708880,
      "geometry": {
        "type": "LineString",
        "coordinates": [
          [
            80.1978753,
            13.09869
          ],
          [
            80.1989866,
            13.0985933
          ],
          [
            80.2007015,
            13.0983699
          ],
          [
            80.2009476,
            13.0981512
          ],
          [
            80.2014406,
            13.0979854
          ],
          [
            80.2025564,
            13.0978433
          ],
          [
            80.2078779,
            13.0956447
          ],
          [
            80.2076891,
            13.0934042
          ],
          [
            80.2102125,
            13.0926519
          ],
          [
            80.2127748,
            13.0925805
          ],
          [
            80.2128847,
            13.0926628
          ],
          [
            80.2129305,
            13.0927213
          ],
          [
            80.2129551,
            13.0929716
          ],
          [
            80.2144868,
            13.0929812
          ],
          [
            80.2147429,
            13.093044
          ],
          [
            80.214854,
            13.0932325
          ],
          [
            80.2158253,
            13.0935756
          ],
          [
            80.2166709,
            13.0937833
          ],
          [
            80.2169028,
            13.093909
          ],
          [
            80.2170284,
            13.0940104
          ],
          [
            80.2172314,
            13.0940443
          ],
          [
            80.2181495,
            13.0940104
          ],
          [
            80.218565,
            13.0939285
          ],
          [
            80.2196135,
            13.0938611
          ],
          [
            80.2221202,
            13.0937465
          ],
          [
            80.2228201,
            13.0933902
          ],
          [
            80.2242781,
            13.0921402
          ],
          [
            80.2248753,
            13.0914672
          ],
          [
            80.2256922,
            13.0905573
          ],
          [
            80.2259518,
            13.090223
          ],
          [
            80.2262947,
            13.0895774
          ],
          [
            80.2276938,
            13.0882791
          ],
          [
            80.2280828,
            13.0882817
          ],
          [
            80.2284456,
            13.0884794
          ],
          [
            80.2287732,
            13.0884547
          ],
          [
            80.2295363,
            13.0875753
          ],
          [
            80.2300671,
            13.0871549
          ],
          [
            80.2313994,
            13.0865872
          ],
          [
            80.2318102,
            13.0863286
          ],
          [
            80.2328239,
            13.0859334
          ],
          [
            80.2333554,
            13.0858449
          ],
          [
            80.2337271,
            13.0857988
          ],
          [
            80.2341106,
            13.0859
          ],
          [
            80.2342325,
            13.0861038
          ],
          [
            80.2343476,
            13.0865202
          ],
          [
            80.2344336,
            13.0865073
          ],
          [
            80.2346628,
            13.0864727
          ],
          [
            80.2357033,
            13.0862153
          ],
          [
            80.2364402,
            13.0859877
          ],
          [
            80.2380441,
            13.0851532
          ],
          [
            80.2384668,
            13.085034
          ],
          [
            80.2403313,
            13.0849488
          ],
          [
            80.2414254,
            13.0846872
          ],
          [
            80.2417299,
            13.0847373
          ],
          [
            80.2426475,
            13.0853041
          ],
          [
            80.2435226,
            13.0857998
          ],
          [
            80.2444092,
            13.086217
          ],
          [
            80.2449515,
            13.0865716
          ],
          [
            80.2457338,
            13.0870723
          ],
          [
            80.2463983,
            13.0876146
          ],
          [
            80.2474085,
            13.088851
          ],
          [
            80.2481401,
            13.0897806
          ],
          [
            80.2489254,
            13.0908792
          ],
          [
            80.2496242,
            13.0921178
          ],
          [
            80.2496892,
            13.0928046
          ],
          [
            80.2503165,
            13.0956976
          ],
          [
            80.2507047,
            13.0968382
          ],
          [
            80.2509695,
            13.0977345
          ],
          [
            80.2510566,
            13.0979462
          ],
          [
            80.2515195,
            13.0982845
          ],
          [
            80.2529811,
            13.0985245
          ],
          [
            80.2533285,
            13.0986046
          ],
          [
            80.253577,
            13.0987327
          ],
          [
            80.2542377,
            13.0993645
          ],
          [
            80.2545053,
            13.0996279
          ],
          [
            80.2548917,
            13.100027
          ],
          [
            80.2556342,
            13.1008787
          ],
          [
            80.2563415,
            13.1015507
          ],
          [
            80.2569427,
            13.1021519
          ],
          [
            80.2571455,
            13.1028577
          ],
          [
            80.2577326,
            13.1040381
          ],
          [
            80.2582042,
            13.1048869
          ],
          [
            80.2585696,
            13.1054056
          ],
          [
            80.2593712,
            13.1059243
          ],
          [
            80.2603733,
            13.1063605
          ],
          [
            80.2611042,
            13.1065373
          ],
          [
            80.2622124,
            13.1064666
          ],
          [
            80.2632144,
            13.1062662
          ],
          [
            80.2638086,
            13.1060712
          ],
          [
            80.2639689,
            13.1060186
          ],
          [
            80.2647941,
            13.1057475
          ],
          [
            80.2655132,
            13.1056768
          ],
          [
            80.2669986,
            13.105606
          ],
          [
            80.2680714,
            13.1055353
          ],
          [
            80.2693418,
            13.1054269
          ],
          [
            80.2702272,
            13.1052677
          ],
          [
            80.2708568,
            13.105173
          ],
          [
            80.2712565,
            13.1052513
          ],
          [
            80.2715152,
            13.1056197
          ],
          [
            80.2716014,
            13.1061605
          ],
          [
            80.2721067,
            13.1068969
          ]
        ]
      },
      "properties": {
        "id": 27708880,
        "osm_id": 27708880,
        "name": "Otteri Nullah",
        "waterway_type": "drain",
        "drain_type": "drain",
        "surface": "Data Unavailable",
        "tunnel": "no",
        "covered": "Data Unavailable",
        "capacity": "Data Unavailable",
        "flow_velocity": "Data Unavailable",
        "maintenance_status": "Data Unavailable",
        "condition": "Data Unavailable",
        "district": "Chennai",
        "source": "OpenStreetMap / Overpass API (OSM Contributors)",
        "data_source_type": "OpenStreetMap Verified Data"
      }
    },
    {
      "type": "Feature",
      "id": 27709103,
      "geometry": {
        "type": "LineString",
        "coordinates": [
          [
            80.225797,
            13.0538521
          ],
          [
            80.2263807,
            13.0577149
          ],
          [
            80.2263206,
            13.0583755
          ],
          [
            80.226112,
            13.0587749
          ],
          [
            80.2263978,
            13.0609507
          ],
          [
            80.2264751,
            13.062255
          ],
          [
            80.2268613,
            13.0646629
          ],
          [
            80.2271789,
            13.0666277
          ],
          [
            80.2275213,
            13.0670149
          ]
        ]
      },
      "properties": {
        "id": 27709103,
        "osm_id": 27709103,
        "name": "Trustpuram Canal",
        "waterway_type": "canal",
        "drain_type": "canal",
        "surface": "Data Unavailable",
        "tunnel": "no",
        "covered": "Data Unavailable",
        "capacity": "Data Unavailable",
        "flow_velocity": "Data Unavailable",
        "maintenance_status": "Data Unavailable",
        "condition": "Data Unavailable",
        "district": "Chennai",
        "source": "OpenStreetMap / Overpass API (OSM Contributors)",
        "data_source_type": "OpenStreetMap Verified Data"
      }
    },
    {
      "type": "Feature",
      "id": 27709396,
      "geometry": {
        "type": "LineString",
        "coordinates": [
          [
            80.2133684,
            13.0287275
          ],
          [
            80.2126903,
            13.0261603
          ],
          [
            80.2126552,
            13.0260388
          ],
          [
            80.2124082,
            13.0252566
          ],
          [
            80.2123777,
            13.0251977
          ]
        ]
      },
      "properties": {
        "id": 27709396,
        "osm_id": 27709396,
        "name": "Jafferkhanpet Canal",
        "waterway_type": "canal",
        "drain_type": "canal",
        "surface": "Data Unavailable",
        "tunnel": "culvert",
        "covered": "Data Unavailable",
        "capacity": "Data Unavailable",
        "flow_velocity": "Data Unavailable",
        "maintenance_status": "Data Unavailable",
        "condition": "Data Unavailable",
        "district": "Chennai",
        "source": "OpenStreetMap / Overpass API (OSM Contributors)",
        "data_source_type": "OpenStreetMap Verified Data"
      }
    },
    {
      "type": "Feature",
      "id": 27709553,
      "geometry": {
        "type": "LineString",
        "coordinates": [
          [
            80.2176754,
            12.9954573
          ],
          [
            80.2170965,
            12.9951777
          ]
        ]
      },
      "properties": {
        "id": 27709553,
        "osm_id": 27709553,
        "name": "Raj Bhavan Canal",
        "waterway_type": "drain",
        "drain_type": "drain",
        "surface": "Data Unavailable",
        "tunnel": "no",
        "covered": "Data Unavailable",
        "capacity": "Data Unavailable",
        "flow_velocity": "Data Unavailable",
        "maintenance_status": "Data Unavailable",
        "condition": "Data Unavailable",
        "district": "Chennai",
        "source": "OpenStreetMap / Overpass API (OSM Contributors)",
        "data_source_type": "OpenStreetMap Verified Data"
      }
    },
    {
      "type": "Feature",
      "id": 27877877,
      "geometry": {
        "type": "LineString",
        "coordinates": [
          [
            80.1933816,
            13.0787676
          ],
          [
            80.192736,
            13.0790372
          ],
          [
            80.192025,
            13.078435
          ],
          [
            80.1918402,
            13.0783555
          ],
          [
            80.191646,
            13.0783684
          ],
          [
            80.1891796,
            13.0800404
          ],
          [
            80.1895462,
            13.0813903
          ],
          [
            80.1897738,
            13.0820663
          ],
          [
            80.1899641,
            13.0824661
          ],
          [
            80.1900551,
            13.0825733
          ],
          [
            80.1913112,
            13.0856251
          ],
          [
            80.192221,
            13.087665
          ],
          [
            80.1923154,
            13.0890277
          ],
          [
            80.1922554,
            13.0902399
          ],
          [
            80.1915258,
            13.092355
          ]
        ]
      },
      "properties": {
        "id": 27877877,
        "osm_id": 27877877,
        "name": "Unnamed Drain",
        "waterway_type": "drain",
        "drain_type": "drain",
        "surface": "Data Unavailable",
        "tunnel": "no",
        "covered": "Data Unavailable",
        "capacity": "Data Unavailable",
        "flow_velocity": "Data Unavailable",
        "maintenance_status": "Data Unavailable",
        "condition": "Data Unavailable",
        "district": "Chennai",
        "source": "OpenStreetMap / Overpass API (OSM Contributors)",
        "data_source_type": "OpenStreetMap Verified Data"
      }
    },
    {
      "type": "Feature",
      "id": 28120029,
      "geometry": {
        "type": "LineString",
        "coordinates": [
          [
            80.2117485,
            13.1475606
          ],
          [
            80.211327,
            13.1472012
          ],
          [
            80.2099027,
            13.1459418
          ],
          [
            80.2085825,
            13.1457344
          ],
          [
            80.2081019,
            13.1457727
          ],
          [
            80.2071802,
            13.1460566
          ],
          [
            80.2061758,
            13.1465695
          ],
          [
            80.2055409,
            13.1467923
          ],
          [
            80.2048141,
            13.146832
          ],
          [
            80.2039803,
            13.1466524
          ],
          [
            80.2033935,
            13.1465947
          ]
        ]
      },
      "properties": {
        "id": 28120029,
        "osm_id": 28120029,
        "name": "Unnamed Drain",
        "waterway_type": "drain",
        "drain_type": "drain",
        "surface": "Data Unavailable",
        "tunnel": "no",
        "covered": "Data Unavailable",
        "capacity": "Data Unavailable",
        "flow_velocity": "Data Unavailable",
        "maintenance_status": "Data Unavailable",
        "condition": "Data Unavailable",
        "district": "Chennai",
        "source": "OpenStreetMap / Overpass API (OSM Contributors)",
        "data_source_type": "OpenStreetMap Verified Data"
      }
    },
    {
      "type": "Feature",
      "id": 28121830,
      "geometry": {
        "type": "LineString",
        "coordinates": [
          [
            80.1473259,
            12.875443
          ],
          [
            80.1473024,
            12.8741332
          ],
          [
            80.1470666,
            12.8730302
          ],
          [
            80.1472788,
            12.8722029
          ],
          [
            80.1471845,
            12.8703186
          ],
          [
            80.1474249,
            12.8698936
          ],
          [
            80.1481075,
            12.8698621
          ],
          [
            80.1497383,
            12.8707156
          ],
          [
            80.1509657,
            12.8711591
          ],
          [
            80.1527939,
            12.8707156
          ],
          [
            80.1540299,
            12.8708829
          ],
          [
            80.1548281,
            12.8715356
          ],
          [
            80.1557293,
            12.8724978
          ],
          [
            80.1570597,
            12.8731254
          ],
          [
            80.1591797,
            12.8731254
          ],
          [
            80.1616001,
            12.8730417
          ],
          [
            80.1629563,
            12.873276
          ],
          [
            80.1644583,
            12.8733764
          ],
          [
            80.1657629,
            12.8730417
          ],
          [
            80.1668444,
            12.8725397
          ],
          [
            80.1670161,
            12.8712846
          ],
          [
            80.1684237,
            12.8692764
          ],
          [
            80.170063,
            12.8687911
          ],
          [
            80.1716509,
            12.869176
          ],
          [
            80.172741,
            12.8700294
          ],
          [
            80.1729984,
            12.8700294
          ],
          [
            80.1732817,
            12.8695692
          ],
          [
            80.1756077,
            12.8680213
          ],
          [
            80.1762026,
            12.8671538
          ],
          [
            80.1769028,
            12.8668753
          ],
          [
            80.177615,
            12.8663954
          ],
          [
            80.17793,
            12.8661875
          ],
          [
            80.1783593,
            12.8660601
          ],
          [
            80.1797276,
            12.8649253
          ],
          [
            80.1802254,
            12.8641303
          ],
          [
            80.182045,
            12.8634777
          ],
          [
            80.1832123,
            12.862415
          ],
          [
            80.1839676,
            12.8626911
          ],
          [
            80.1853581,
            12.8623564
          ],
          [
            80.1859417,
            12.8625572
          ],
          [
            80.1861305,
            12.8631095
          ],
          [
            80.1867571,
            12.8631932
          ],
          [
            80.1870404,
            12.8634191
          ],
          [
            80.1879587,
            12.8637287
          ],
          [
            80.1883021,
            12.8643814
          ],
          [
            80.1888428,
            12.8646491
          ],
          [
            80.1895027,
            12.8653143
          ],
          [
            80.1900768,
            12.8657864
          ],
          [
            80.1906129,
            12.8660325
          ],
          [
            80.1918095,
            12.8661707
          ],
          [
            80.1924355,
            12.8661101
          ],
          [
            80.1932725,
            12.865665
          ],
          [
            80.1938432,
            12.8655402
          ],
          [
            80.1944034,
            12.8653447
          ],
          [
            80.1949118,
            12.8649401
          ],
          [
            80.1956001,
            12.8646096
          ],
          [
            80.1958525,
            12.8645355
          ],
          [
            80.1960255,
            12.8645793
          ],
          [
            80.196814,
            12.8650277
          ],
          [
            80.1970596,
            12.8650109
          ],
          [
            80.1979069,
            12.8646164
          ],
          [
            80.1982355,
            12.8643298
          ],
          [
            80.1985052,
            12.8637161
          ],
          [
            80.198692,
            12.8636521
          ],
          [
            80.1993828,
            12.8636701
          ],
          [
            80.1998154,
            12.8640223
          ],
          [
            80.2001228,
            12.8646128
          ],
          [
            80.2002497,
            12.8664482
          ],
          [
            80.2019663,
            12.8670339
          ],
          [
            80.2026444,
            12.8689668
          ],
          [
            80.2022426,
            12.8705256
          ],
          [
            80.2020091,
            12.8720711
          ],
          [
            80.2020189,
            12.8724629
          ]
        ]
      },
      "properties": {
        "id": 28121830,
        "osm_id": 28121830,
        "name": "Unnamed Drain",
        "waterway_type": "drain",
        "drain_type": "drain",
        "surface": "Data Unavailable",
        "tunnel": "no",
        "covered": "Data Unavailable",
        "capacity": "Data Unavailable",
        "flow_velocity": "Data Unavailable",
        "maintenance_status": "Data Unavailable",
        "condition": "Data Unavailable",
        "district": "Chennai",
        "source": "OpenStreetMap / Overpass API (OSM Contributors)",
        "data_source_type": "OpenStreetMap Verified Data"
      }
    },
    {
      "type": "Feature",
      "id": 28342742,
      "geometry": {
        "type": "LineString",
        "coordinates": [
          [
            80.2664529,
            13.0975735
          ],
          [
            80.2666199,
            13.0981948
          ],
          [
            80.2667932,
            13.098333
          ],
          [
            80.2669549,
            13.0985623
          ],
          [
            80.2672747,
            13.0990177
          ],
          [
            80.2675092,
            13.099345
          ],
          [
            80.2675765,
            13.0994136
          ],
          [
            80.2676454,
            13.099463
          ],
          [
            80.2677175,
            13.0994999
          ],
          [
            80.2678312,
            13.0995533
          ],
          [
            80.267858,
            13.0995749
          ],
          [
            80.267885,
            13.0996298
          ],
          [
            80.2679024,
            13.0997078
          ],
          [
            80.2679255,
            13.099833
          ],
          [
            80.2682456,
            13.1018962
          ],
          [
            80.2682912,
            13.1024056
          ],
          [
            80.2683181,
            13.1025284
          ],
          [
            80.2684309,
            13.1026004
          ],
          [
            80.268733,
            13.1026083
          ],
          [
            80.2687485,
            13.1026087
          ],
          [
            80.2689373,
            13.1026756
          ],
          [
            80.2689909,
            13.1027427
          ],
          [
            80.2690575,
            13.1028261
          ],
          [
            80.2690866,
            13.1030817
          ],
          [
            80.2691433,
            13.1035785
          ],
          [
            80.2692725,
            13.1050221
          ],
          [
            80.2693418,
            13.1054269
          ]
        ]
      },
      "properties": {
        "id": 28342742,
        "osm_id": 28342742,
        "name": "Unnamed Drain",
        "waterway_type": "drain",
        "drain_type": "drain",
        "surface": "Data Unavailable",
        "tunnel": "no",
        "covered": "Data Unavailable",
        "capacity": "Data Unavailable",
        "flow_velocity": "Data Unavailable",
        "maintenance_status": "Data Unavailable",
        "condition": "Data Unavailable",
        "district": "Chennai",
        "source": "OpenStreetMap / Overpass API (OSM Contributors)",
        "data_source_type": "OpenStreetMap Verified Data"
      }
    },
    {
      "type": "Feature",
      "id": 28502295,
      "geometry": {
        "type": "LineString",
        "coordinates": [
          [
            80.2433793,
            13.0631433
          ],
          [
            80.2449537,
            13.0628279
          ],
          [
            80.2454861,
            13.0627309
          ],
          [
            80.2456687,
            13.0627544
          ],
          [
            80.2458514,
            13.0628283
          ],
          [
            80.2462798,
            13.0633028
          ],
          [
            80.2464886,
            13.0634024
          ],
          [
            80.2466625,
            13.0634087
          ],
          [
            80.2475411,
            13.0633939
          ],
          [
            80.2477998,
            13.0633621
          ],
          [
            80.2499911,
            13.0626863
          ],
          [
            80.2517428,
            13.0621687
          ],
          [
            80.2519314,
            13.0611533
          ],
          [
            80.2520041,
            13.06112
          ]
        ]
      },
      "properties": {
        "id": 28502295,
        "osm_id": 28502295,
        "name": "Unnamed Drain",
        "waterway_type": "drain",
        "drain_type": "drain",
        "surface": "Data Unavailable",
        "tunnel": "yes",
        "covered": "Data Unavailable",
        "capacity": "Data Unavailable",
        "flow_velocity": "Data Unavailable",
        "maintenance_status": "Data Unavailable",
        "condition": "Data Unavailable",
        "district": "Chennai",
        "source": "OpenStreetMap / Overpass API (OSM Contributors)",
        "data_source_type": "OpenStreetMap Verified Data"
      }
    },
    {
      "type": "Feature",
      "id": 28746681,
      "geometry": {
        "type": "LineString",
        "coordinates": [
          [
            80.2847128,
            13.0818518
          ],
          [
            80.2848891,
            13.0822009
          ],
          [
            80.2854612,
            13.0832005
          ],
          [
            80.2856513,
            13.0832779
          ],
          [
            80.2863059,
            13.0829682
          ],
          [
            80.2870591,
            13.0836158
          ],
          [
            80.2872069,
            13.0836017
          ],
          [
            80.2876504,
            13.0828063
          ],
          [
            80.2885031,
            13.082907
          ],
          [
            80.2885397,
            13.0827889
          ],
          [
            80.2883071,
            13.0821722
          ],
          [
            80.2885018,
            13.0820044
          ],
          [
            80.288134,
            13.0812633
          ],
          [
            80.2883017,
            13.0811984
          ],
          [
            80.2879002,
            13.0802029
          ],
          [
            80.2879305,
            13.0799605
          ],
          [
            80.2877661,
            13.0797571
          ],
          [
            80.2879435,
            13.0794585
          ],
          [
            80.2879219,
            13.0793849
          ],
          [
            80.2876016,
            13.0791902
          ],
          [
            80.2876535,
            13.0789694
          ],
          [
            80.2875497,
            13.0788309
          ],
          [
            80.2874631,
            13.0787877
          ],
          [
            80.2872251,
            13.0772642
          ],
          [
            80.2870217,
            13.0772599
          ],
          [
            80.2869421,
            13.0767472
          ],
          [
            80.2867215,
            13.076649
          ],
          [
            80.2863246,
            13.0768429
          ],
          [
            80.2863145,
            13.0771116
          ],
          [
            80.2854774,
            13.0772976
          ],
          [
            80.2854439,
            13.0770296
          ],
          [
            80.2841774,
            13.0769733
          ],
          [
            80.2839665,
            13.0782443
          ],
          [
            80.283931,
            13.0787134
          ]
        ]
      },
      "properties": {
        "id": 28746681,
        "osm_id": 28746681,
        "name": "Unnamed Drain",
        "waterway_type": "drain",
        "drain_type": "drain",
        "surface": "Data Unavailable",
        "tunnel": "no",
        "covered": "Data Unavailable",
        "capacity": "Data Unavailable",
        "flow_velocity": "Data Unavailable",
        "maintenance_status": "Data Unavailable",
        "condition": "Data Unavailable",
        "district": "Chennai",
        "source": "OpenStreetMap / Overpass API (OSM Contributors)",
        "data_source_type": "OpenStreetMap Verified Data"
      }
    },
    {
      "type": "Feature",
      "id": 28746682,
      "geometry": {
        "type": "LineString",
        "coordinates": [
          [
            80.2844579,
            13.0815569
          ],
          [
            80.2840862,
            13.0814147
          ],
          [
            80.2829015,
            13.0805642
          ],
          [
            80.2836086,
            13.0793475
          ],
          [
            80.2837481,
            13.0790553
          ]
        ]
      },
      "properties": {
        "id": 28746682,
        "osm_id": 28746682,
        "name": "Moat",
        "waterway_type": "drain",
        "drain_type": "drain",
        "surface": "Data Unavailable",
        "tunnel": "no",
        "covered": "Data Unavailable",
        "capacity": "Data Unavailable",
        "flow_velocity": "Data Unavailable",
        "maintenance_status": "Data Unavailable",
        "condition": "Data Unavailable",
        "district": "Chennai",
        "source": "OpenStreetMap / Overpass API (OSM Contributors)",
        "data_source_type": "OpenStreetMap Verified Data"
      }
    },
    {
      "type": "Feature",
      "id": 29071936,
      "geometry": {
        "type": "LineString",
        "coordinates": [
          [
            80.2840862,
            13.0814147
          ],
          [
            80.2839408,
            13.0822221
          ],
          [
            80.2840182,
            13.0823136
          ],
          [
            80.2848891,
            13.0822009
          ]
        ]
      },
      "properties": {
        "id": 29071936,
        "osm_id": 29071936,
        "name": "Unnamed Drain",
        "waterway_type": "drain",
        "drain_type": "drain",
        "surface": "Data Unavailable",
        "tunnel": "no",
        "covered": "Data Unavailable",
        "capacity": "Data Unavailable",
        "flow_velocity": "Data Unavailable",
        "maintenance_status": "Data Unavailable",
        "condition": "Data Unavailable",
        "district": "Chennai",
        "source": "OpenStreetMap / Overpass API (OSM Contributors)",
        "data_source_type": "OpenStreetMap Verified Data"
      }
    },
    {
      "type": "Feature",
      "id": 29071941,
      "geometry": {
        "type": "LineString",
        "coordinates": [
          [
            80.2839665,
            13.0782443
          ],
          [
            80.2831595,
            13.0785336
          ],
          [
            80.2831172,
            13.0786814
          ],
          [
            80.2836086,
            13.0793475
          ]
        ]
      },
      "properties": {
        "id": 29071941,
        "osm_id": 29071941,
        "name": "Unnamed Drain",
        "waterway_type": "drain",
        "drain_type": "drain",
        "surface": "Data Unavailable",
        "tunnel": "no",
        "covered": "Data Unavailable",
        "capacity": "Data Unavailable",
        "flow_velocity": "Data Unavailable",
        "maintenance_status": "Data Unavailable",
        "condition": "Data Unavailable",
        "district": "Chennai",
        "source": "OpenStreetMap / Overpass API (OSM Contributors)",
        "data_source_type": "OpenStreetMap Verified Data"
      }
    },
    {
      "type": "Feature",
      "id": 30037017,
      "geometry": {
        "type": "LineString",
        "coordinates": [
          [
            80.2355812,
            12.9897175
          ],
          [
            80.2356148,
            12.989941
          ],
          [
            80.2355833,
            12.9904221
          ],
          [
            80.2357385,
            12.9911863
          ],
          [
            80.2359383,
            12.9923779
          ],
          [
            80.236078,
            12.9927112
          ],
          [
            80.2361845,
            12.9927915
          ],
          [
            80.2364274,
            12.9929746
          ],
          [
            80.2369112,
            12.9931788
          ],
          [
            80.2371853,
            12.99341
          ],
          [
            80.2372245,
            12.9934942
          ]
        ]
      },
      "properties": {
        "id": 30037017,
        "osm_id": 30037017,
        "name": "Unnamed Drain",
        "waterway_type": "drain",
        "drain_type": "drain",
        "surface": "Data Unavailable",
        "tunnel": "no",
        "covered": "Data Unavailable",
        "capacity": "Data Unavailable",
        "flow_velocity": "Data Unavailable",
        "maintenance_status": "Data Unavailable",
        "condition": "Data Unavailable",
        "district": "Chennai",
        "source": "OpenStreetMap / Overpass API (OSM Contributors)",
        "data_source_type": "OpenStreetMap Verified Data"
      }
    },
    {
      "type": "Feature",
      "id": 30738675,
      "geometry": {
        "type": "LineString",
        "coordinates": [
          [
            80.2851866,
            13.1967097
          ],
          [
            80.2860707,
            13.1969187
          ],
          [
            80.287959,
            13.1977125
          ],
          [
            80.2901305,
            13.1996345
          ],
          [
            80.2922333,
            13.2017235
          ],
          [
            80.2941216,
            13.2037708
          ],
          [
            80.2944703,
            13.2047569
          ]
        ]
      },
      "properties": {
        "id": 30738675,
        "osm_id": 30738675,
        "name": "Unnamed River",
        "waterway_type": "river",
        "drain_type": "river",
        "surface": "Data Unavailable",
        "tunnel": "no",
        "covered": "Data Unavailable",
        "capacity": "Data Unavailable",
        "flow_velocity": "Data Unavailable",
        "maintenance_status": "Data Unavailable",
        "condition": "Data Unavailable",
        "district": "Chennai",
        "source": "OpenStreetMap / Overpass API (OSM Contributors)",
        "data_source_type": "OpenStreetMap Verified Data"
      }
    },
    {
      "type": "Feature",
      "id": 30981164,
      "geometry": {
        "type": "LineString",
        "coordinates": [
          [
            80.25416,
            13.0910521
          ],
          [
            80.2552505,
            13.0920544
          ],
          [
            80.2564458,
            13.0928346
          ],
          [
            80.2567292,
            13.0934216
          ],
          [
            80.256867,
            13.0936783
          ],
          [
            80.2571066,
            13.0938358
          ],
          [
            80.2577115,
            13.0939641
          ],
          [
            80.2590173,
            13.0940458
          ],
          [
            80.2591605,
            13.0937329
          ],
          [
            80.2618445,
            13.093978
          ],
          [
            80.2620923,
            13.0941686
          ],
          [
            80.2621876,
            13.0944036
          ],
          [
            80.2622893,
            13.0947213
          ],
          [
            80.2624522,
            13.0948424
          ],
          [
            80.2628067,
            13.0949263
          ],
          [
            80.2632205,
            13.0966264
          ],
          [
            80.2634914,
            13.0969708
          ],
          [
            80.264176,
            13.0971134
          ],
          [
            80.2653257,
            13.0970589
          ],
          [
            80.2657037,
            13.0969831
          ],
          [
            80.2662336,
            13.0968388
          ],
          [
            80.2664529,
            13.0975735
          ]
        ]
      },
      "properties": {
        "id": 30981164,
        "osm_id": 30981164,
        "name": "Unnamed Drain",
        "waterway_type": "drain",
        "drain_type": "drain",
        "surface": "Data Unavailable",
        "tunnel": "yes",
        "covered": "Data Unavailable",
        "capacity": "Data Unavailable",
        "flow_velocity": "Data Unavailable",
        "maintenance_status": "Data Unavailable",
        "condition": "Data Unavailable",
        "district": "Chennai",
        "source": "OpenStreetMap / Overpass API (OSM Contributors)",
        "data_source_type": "OpenStreetMap Verified Data"
      }
    },
    {
      "type": "Feature",
      "id": 31019920,
      "geometry": {
        "type": "LineString",
        "coordinates": [
          [
            80.1883581,
            13.186003
          ],
          [
            80.1884096,
            13.1866548
          ],
          [
            80.1890447,
            13.1870058
          ],
          [
            80.1895941,
            13.1870392
          ],
          [
            80.1903623,
            13.1870322
          ],
          [
            80.190711,
            13.1866327
          ],
          [
            80.1909685,
            13.1863375
          ],
          [
            80.191403,
            13.186113
          ],
          [
            80.1918836,
            13.1856118
          ],
          [
            80.1919124,
            13.1856066
          ],
          [
            80.1922243,
            13.1855501
          ],
          [
            80.1922307,
            13.1857877
          ],
          [
            80.1935938,
            13.18612
          ],
          [
            80.1944177,
            13.1859779
          ],
          [
            80.1948898,
            13.1857188
          ],
          [
            80.1949413,
            13.185067
          ],
          [
            80.1948555,
            13.1839555
          ],
          [
            80.1947439,
            13.1826602
          ],
          [
            80.1962116,
            13.1822173
          ],
          [
            80.1980398,
            13.1813816
          ],
          [
            80.1990269,
            13.1810557
          ],
          [
            80.199559,
            13.1802869
          ],
          [
            80.1998337,
            13.179376
          ],
          [
            80.2004173,
            13.1788411
          ],
          [
            80.2013529,
            13.1783313
          ],
          [
            80.2016973,
            13.1776516
          ],
          [
            80.201633,
            13.1766696
          ],
          [
            80.2018046,
            13.1764189
          ],
          [
            80.2031341,
            13.175295
          ],
          [
            80.2049374,
            13.1748728
          ],
          [
            80.206182,
            13.174152
          ],
          [
            80.2067077,
            13.1740998
          ],
          [
            80.2087131,
            13.1743131
          ],
          [
            80.2096635,
            13.1743453
          ],
          [
            80.2144968,
            13.1726164
          ],
          [
            80.2152586,
            13.1724701
          ],
          [
            80.2160096,
            13.1724284
          ],
          [
            80.2165056,
            13.1726864
          ],
          [
            80.2172063,
            13.1725465
          ],
          [
            80.2179251,
            13.1718169
          ],
          [
            80.2179721,
            13.1700868
          ],
          [
            80.2183372,
            13.1697897
          ],
          [
            80.2197018,
            13.1693729
          ],
          [
            80.2201718,
            13.1693454
          ],
          [
            80.2209636,
            13.169894
          ],
          [
            80.2213858,
            13.1701364
          ],
          [
            80.2227231,
            13.1704373
          ]
        ]
      },
      "properties": {
        "id": 31019920,
        "osm_id": 31019920,
        "name": "Red Hills Reservoir Overflow",
        "waterway_type": "drain",
        "drain_type": "drain",
        "surface": "Data Unavailable",
        "tunnel": "no",
        "covered": "Data Unavailable",
        "capacity": "Data Unavailable",
        "flow_velocity": "Data Unavailable",
        "maintenance_status": "Data Unavailable",
        "condition": "Data Unavailable",
        "district": "Chennai",
        "source": "OpenStreetMap / Overpass API (OSM Contributors)",
        "data_source_type": "OpenStreetMap Verified Data"
      }
    },
    {
      "type": "Feature",
      "id": 31613582,
      "geometry": {
        "type": "LineString",
        "coordinates": [
          [
            80.1654686,
            13.0005635
          ],
          [
            80.1666874,
            12.9999337
          ],
          [
            80.1670095,
            12.9997994
          ],
          [
            80.1672943,
            13.0003404
          ],
          [
            80.1676919,
            13.0001231
          ]
        ]
      },
      "properties": {
        "id": 31613582,
        "osm_id": 31613582,
        "name": "Unnamed Drain",
        "waterway_type": "drain",
        "drain_type": "drain",
        "surface": "Data Unavailable",
        "tunnel": "no",
        "covered": "Data Unavailable",
        "capacity": "Data Unavailable",
        "flow_velocity": "Data Unavailable",
        "maintenance_status": "Data Unavailable",
        "condition": "Data Unavailable",
        "district": "Chennai",
        "source": "OpenStreetMap / Overpass API (OSM Contributors)",
        "data_source_type": "OpenStreetMap Verified Data"
      }
    },
    {
      "type": "Feature",
      "id": 31616568,
      "geometry": {
        "type": "LineString",
        "coordinates": [
          [
            80.1586106,
            12.987659
          ],
          [
            80.1638379,
            12.9896301
          ]
        ]
      },
      "properties": {
        "id": 31616568,
        "osm_id": 31616568,
        "name": "Unnamed Drain",
        "waterway_type": "drain",
        "drain_type": "drain",
        "surface": "Data Unavailable",
        "tunnel": "no",
        "covered": "Data Unavailable",
        "capacity": "Data Unavailable",
        "flow_velocity": "Data Unavailable",
        "maintenance_status": "Data Unavailable",
        "condition": "Data Unavailable",
        "district": "Chennai",
        "source": "OpenStreetMap / Overpass API (OSM Contributors)",
        "data_source_type": "OpenStreetMap Verified Data"
      }
    },
    {
      "type": "Feature",
      "id": 31616569,
      "geometry": {
        "type": "LineString",
        "coordinates": [
          [
            80.1542832,
            12.9832732
          ],
          [
            80.1533388,
            12.9857156
          ]
        ]
      },
      "properties": {
        "id": 31616569,
        "osm_id": 31616569,
        "name": "Unnamed Drain",
        "waterway_type": "drain",
        "drain_type": "drain",
        "surface": "Data Unavailable",
        "tunnel": "yes",
        "covered": "Data Unavailable",
        "capacity": "Data Unavailable",
        "flow_velocity": "Data Unavailable",
        "maintenance_status": "Data Unavailable",
        "condition": "Data Unavailable",
        "district": "Chennai",
        "source": "OpenStreetMap / Overpass API (OSM Contributors)",
        "data_source_type": "OpenStreetMap Verified Data"
      }
    },
    {
      "type": "Feature",
      "id": 32685679,
      "geometry": {
        "type": "LineString",
        "coordinates": [
          [
            80.2023586,
            13.0274743
          ],
          [
            80.2023966,
            13.0279759
          ]
        ]
      },
      "properties": {
        "id": 32685679,
        "osm_id": 32685679,
        "name": "Unnamed Drain",
        "waterway_type": "drain",
        "drain_type": "drain",
        "surface": "Data Unavailable",
        "tunnel": "no",
        "covered": "Data Unavailable",
        "capacity": "Data Unavailable",
        "flow_velocity": "Data Unavailable",
        "maintenance_status": "Data Unavailable",
        "condition": "Data Unavailable",
        "district": "Chennai",
        "source": "OpenStreetMap / Overpass API (OSM Contributors)",
        "data_source_type": "OpenStreetMap Verified Data"
      }
    },
    {
      "type": "Feature",
      "id": 32742657,
      "geometry": {
        "type": "LineString",
        "coordinates": [
          [
            80.2059836,
            13.0080034
          ],
          [
            80.2057179,
            13.0099701
          ],
          [
            80.2060457,
            13.0109421
          ],
          [
            80.2063844,
            13.0114055
          ],
          [
            80.2071379,
            13.012739
          ],
          [
            80.207271,
            13.0129156
          ],
          [
            80.207431,
            13.0128955
          ],
          [
            80.2080461,
            13.0142494
          ],
          [
            80.2082409,
            13.0145463
          ],
          [
            80.2083868,
            13.0147387
          ],
          [
            80.2084126,
            13.0150481
          ],
          [
            80.2084469,
            13.0152488
          ],
          [
            80.2084469,
            13.0155164
          ],
          [
            80.2084466,
            13.0156291
          ],
          [
            80.2084469,
            13.0157756
          ],
          [
            80.2083924,
            13.0162346
          ],
          [
            80.2084481,
            13.0164333
          ],
          [
            80.2085977,
            13.0166175
          ],
          [
            80.208761,
            13.0167587
          ],
          [
            80.2090992,
            13.0168878
          ],
          [
            80.2092881,
            13.0169508
          ],
          [
            80.2094254,
            13.0169966
          ],
          [
            80.2097172,
            13.0170551
          ],
          [
            80.2100176,
            13.0171136
          ],
          [
            80.2101053,
            13.0174038
          ],
          [
            80.2102665,
            13.0174649
          ],
          [
            80.2103609,
            13.017618
          ],
          [
            80.2104038,
            13.0176906
          ],
          [
            80.2102751,
            13.0181924
          ],
          [
            80.2103008,
            13.0183345
          ],
          [
            80.2103695,
            13.0183931
          ],
          [
            80.2104725,
            13.018368
          ],
          [
            80.2106098,
            13.0182676
          ],
          [
            80.210936,
            13.0182844
          ],
          [
            80.2112021,
            13.0182175
          ],
          [
            80.2113737,
            13.0181924
          ],
          [
            80.2115626,
            13.0182258
          ],
          [
            80.2118029,
            13.0183596
          ],
          [
            80.2118379,
            13.0185205
          ],
          [
            80.211863,
            13.0186356
          ],
          [
            80.2120346,
            13.0188614
          ],
          [
            80.2121205,
            13.0190035
          ],
          [
            80.2121245,
            13.0190129
          ],
          [
            80.2121634,
            13.0191039
          ],
          [
            80.2123994,
            13.0194407
          ]
        ]
      },
      "properties": {
        "id": 32742657,
        "osm_id": 32742657,
        "name": "Unnamed Stream",
        "waterway_type": "stream",
        "drain_type": "stream",
        "surface": "Data Unavailable",
        "tunnel": "no",
        "covered": "Data Unavailable",
        "capacity": "Data Unavailable",
        "flow_velocity": "Data Unavailable",
        "maintenance_status": "Data Unavailable",
        "condition": "Data Unavailable",
        "district": "Chennai",
        "source": "OpenStreetMap / Overpass API (OSM Contributors)",
        "data_source_type": "OpenStreetMap Verified Data"
      }
    },
    {
      "type": "Feature",
      "id": 82874921,
      "geometry": {
        "type": "LineString",
        "coordinates": [
          [
            80.178985,
            12.9464831
          ],
          [
            80.1790864,
            12.9464839
          ],
          [
            80.1792279,
            12.9464539
          ],
          [
            80.1793522,
            12.9464069
          ],
          [
            80.1794142,
            12.9463465
          ],
          [
            80.1794505,
            12.9462793
          ],
          [
            80.1794638,
            12.9461777
          ],
          [
            80.179501,
            12.9460293
          ],
          [
            80.1795946,
            12.9459511
          ],
          [
            80.1797765,
            12.945868
          ],
          [
            80.1799434,
            12.9457706
          ],
          [
            80.1801876,
            12.9456671
          ],
          [
            80.1804955,
            12.9456878
          ],
          [
            80.1808672,
            12.9459051
          ],
          [
            80.1811645,
            12.9460914
          ],
          [
            80.1814618,
            12.9462984
          ],
          [
            80.1817804,
            12.9465054
          ],
          [
            80.1821556,
            12.9468346
          ],
          [
            80.1826557,
            12.9468509
          ],
          [
            80.1832633,
            12.9468613
          ],
          [
            80.1837023,
            12.9469297
          ],
          [
            80.1839648,
            12.9470711
          ],
          [
            80.1843004,
            12.9475762
          ],
          [
            80.1844726,
            12.9478596
          ],
          [
            80.1846307,
            12.9480262
          ],
          [
            80.1848385,
            12.9483681
          ],
          [
            80.1848628,
            12.9487666
          ],
          [
            80.1848601,
            12.9488579
          ]
        ]
      },
      "properties": {
        "id": 82874921,
        "osm_id": 82874921,
        "name": "Unnamed Drain",
        "waterway_type": "drain",
        "drain_type": "drain",
        "surface": "Data Unavailable",
        "tunnel": "no",
        "covered": "Data Unavailable",
        "capacity": "Data Unavailable",
        "flow_velocity": "Data Unavailable",
        "maintenance_status": "Data Unavailable",
        "condition": "Data Unavailable",
        "district": "Chennai",
        "source": "OpenStreetMap / Overpass API (OSM Contributors)",
        "data_source_type": "OpenStreetMap Verified Data"
      }
    },
    {
      "type": "Feature",
      "id": 84099104,
      "geometry": {
        "type": "LineString",
        "coordinates": [
          [
            80.1883747,
            12.9583605
          ],
          [
            80.1875652,
            12.9584921
          ]
        ]
      },
      "properties": {
        "id": 84099104,
        "osm_id": 84099104,
        "name": "Unnamed Drain",
        "waterway_type": "drain",
        "drain_type": "drain",
        "surface": "Data Unavailable",
        "tunnel": "no",
        "covered": "Data Unavailable",
        "capacity": "Data Unavailable",
        "flow_velocity": "Data Unavailable",
        "maintenance_status": "Data Unavailable",
        "condition": "Data Unavailable",
        "district": "Chennai",
        "source": "OpenStreetMap / Overpass API (OSM Contributors)",
        "data_source_type": "OpenStreetMap Verified Data"
      }
    },
    {
      "type": "Feature",
      "id": 85130862,
      "geometry": {
        "type": "LineString",
        "coordinates": [
          [
            80.2840428,
            13.0696853
          ],
          [
            80.2843432,
            13.068891
          ],
          [
            80.2848582,
            13.0685566
          ]
        ]
      },
      "properties": {
        "id": 85130862,
        "osm_id": 85130862,
        "name": "North River",
        "waterway_type": "river",
        "drain_type": "river",
        "surface": "Data Unavailable",
        "tunnel": "no",
        "covered": "Data Unavailable",
        "capacity": "Data Unavailable",
        "flow_velocity": "Data Unavailable",
        "maintenance_status": "Data Unavailable",
        "condition": "Data Unavailable",
        "district": "Chennai",
        "source": "OpenStreetMap / Overpass API (OSM Contributors)",
        "data_source_type": "OpenStreetMap Verified Data"
      }
    },
    {
      "type": "Feature",
      "id": 85130915,
      "geometry": {
        "type": "LineString",
        "coordinates": [
          [
            80.2751147,
            13.079257
          ],
          [
            80.2752832,
            13.0792368
          ],
          [
            80.2754454,
            13.0792277
          ],
          [
            80.2756039,
            13.0792271
          ],
          [
            80.2757426,
            13.0792315
          ],
          [
            80.2759295,
            13.0792431
          ],
          [
            80.2779411,
            13.0793694
          ],
          [
            80.2798415,
            13.0794739
          ],
          [
            80.2802044,
            13.0794912
          ],
          [
            80.2805174,
            13.0794876
          ],
          [
            80.2807748,
            13.0794706
          ],
          [
            80.2809062,
            13.0794254
          ],
          [
            80.2810285,
            13.0793757
          ],
          [
            80.2811998,
            13.0792661
          ],
          [
            80.2813595,
            13.0791366
          ],
          [
            80.2815133,
            13.0789897
          ],
          [
            80.2816619,
            13.0788147
          ],
          [
            80.2819828,
            13.0783803
          ],
          [
            80.282412,
            13.0774188
          ],
          [
            80.2830986,
            13.0760394
          ],
          [
            80.2835707,
            13.0748271
          ],
          [
            80.2836606,
            13.0744018
          ],
          [
            80.2838711,
            13.0734058
          ],
          [
            80.2840428,
            13.0711484
          ],
          [
            80.2840428,
            13.0696853
          ]
        ]
      },
      "properties": {
        "id": 85130915,
        "osm_id": 85130915,
        "name": "North River",
        "waterway_type": "river",
        "drain_type": "river",
        "surface": "Data Unavailable",
        "tunnel": "no",
        "covered": "Data Unavailable",
        "capacity": "Data Unavailable",
        "flow_velocity": "Data Unavailable",
        "maintenance_status": "Data Unavailable",
        "condition": "Data Unavailable",
        "district": "Chennai",
        "source": "OpenStreetMap / Overpass API (OSM Contributors)",
        "data_source_type": "OpenStreetMap Verified Data"
      }
    },
    {
      "type": "Feature",
      "id": 85857111,
      "geometry": {
        "type": "LineString",
        "coordinates": [
          [
            80.2414098,
            13.0303135
          ],
          [
            80.2413864,
            13.0302377
          ],
          [
            80.2410215,
            13.0288542
          ]
        ]
      },
      "properties": {
        "id": 85857111,
        "osm_id": 85857111,
        "name": "Unnamed Drain",
        "waterway_type": "drain",
        "drain_type": "drain",
        "surface": "Data Unavailable",
        "tunnel": "no",
        "covered": "Data Unavailable",
        "capacity": "Data Unavailable",
        "flow_velocity": "Data Unavailable",
        "maintenance_status": "Data Unavailable",
        "condition": "Data Unavailable",
        "district": "Chennai",
        "source": "OpenStreetMap / Overpass API (OSM Contributors)",
        "data_source_type": "OpenStreetMap Verified Data"
      }
    },
    {
      "type": "Feature",
      "id": 85933506,
      "geometry": {
        "type": "LineString",
        "coordinates": [
          [
            80.1473196,
            12.9802561
          ],
          [
            80.1481343,
            12.9801247
          ],
          [
            80.1482547,
            12.9804941
          ],
          [
            80.1483011,
            12.9806332
          ],
          [
            80.1483689,
            12.9807559
          ],
          [
            80.1484502,
            12.9808573
          ],
          [
            80.148593,
            12.9809749
          ],
          [
            80.1492991,
            12.9814902
          ],
          [
            80.1499135,
            12.981968
          ],
          [
            80.1501566,
            12.9821605
          ],
          [
            80.1503337,
            12.9822829
          ],
          [
            80.1504178,
            12.9823389
          ]
        ]
      },
      "properties": {
        "id": 85933506,
        "osm_id": 85933506,
        "name": "Unnamed Drain",
        "waterway_type": "drain",
        "drain_type": "drain",
        "surface": "Data Unavailable",
        "tunnel": "no",
        "covered": "Data Unavailable",
        "capacity": "Data Unavailable",
        "flow_velocity": "Data Unavailable",
        "maintenance_status": "Data Unavailable",
        "condition": "Data Unavailable",
        "district": "Chennai",
        "source": "OpenStreetMap / Overpass API (OSM Contributors)",
        "data_source_type": "OpenStreetMap Verified Data"
      }
    },
    {
      "type": "Feature",
      "id": 85933507,
      "geometry": {
        "type": "LineString",
        "coordinates": [
          [
            80.1533048,
            12.9857871
          ],
          [
            80.1528869,
            12.986497
          ],
          [
            80.1527454,
            12.9867682
          ],
          [
            80.1528517,
            12.9871255
          ],
          [
            80.1531313,
            12.9873315
          ],
          [
            80.153263,
            12.9875232
          ],
          [
            80.1536717,
            12.9874714
          ],
          [
            80.1537216,
            12.9878081
          ],
          [
            80.1541354,
            12.9877266
          ],
          [
            80.1543777,
            12.9883209
          ],
          [
            80.1551478,
            12.9884325
          ]
        ]
      },
      "properties": {
        "id": 85933507,
        "osm_id": 85933507,
        "name": "Unnamed Drain",
        "waterway_type": "drain",
        "drain_type": "drain",
        "surface": "Data Unavailable",
        "tunnel": "no",
        "covered": "Data Unavailable",
        "capacity": "Data Unavailable",
        "flow_velocity": "Data Unavailable",
        "maintenance_status": "Data Unavailable",
        "condition": "Data Unavailable",
        "district": "Chennai",
        "source": "OpenStreetMap / Overpass API (OSM Contributors)",
        "data_source_type": "OpenStreetMap Verified Data"
      }
    },
    {
      "type": "Feature",
      "id": 98357317,
      "geometry": {
        "type": "LineString",
        "coordinates": [
          [
            80.184936,
            12.8967666
          ],
          [
            80.1845546,
            12.8965997
          ],
          [
            80.1843077,
            12.8965054
          ],
          [
            80.1840261,
            12.8963897
          ],
          [
            80.1837484,
            12.8961251
          ],
          [
            80.1834939,
            12.8958507
          ],
          [
            80.1832814,
            12.8955261
          ],
          [
            80.1831247,
            12.8952076
          ],
          [
            80.1828825,
            12.8946191
          ],
          [
            80.1825158,
            12.8941268
          ],
          [
            80.182399,
            12.8937171
          ],
          [
            80.1824146,
            12.8932013
          ],
          [
            80.1824846,
            12.8930647
          ],
          [
            80.1822137,
            12.8928776
          ],
          [
            80.1818938,
            12.892313
          ],
          [
            80.1815664,
            12.8920179
          ],
          [
            80.1811539,
            12.8917296
          ]
        ]
      },
      "properties": {
        "id": 98357317,
        "osm_id": 98357317,
        "name": "Unnamed Drain",
        "waterway_type": "drain",
        "drain_type": "drain",
        "surface": "Data Unavailable",
        "tunnel": "no",
        "covered": "Data Unavailable",
        "capacity": "Data Unavailable",
        "flow_velocity": "Data Unavailable",
        "maintenance_status": "Data Unavailable",
        "condition": "Data Unavailable",
        "district": "Chennai",
        "source": "OpenStreetMap / Overpass API (OSM Contributors)",
        "data_source_type": "OpenStreetMap Verified Data"
      }
    },
    {
      "type": "Feature",
      "id": 102550193,
      "geometry": {
        "type": "LineString",
        "coordinates": [
          [
            80.2227231,
            13.1704373
          ],
          [
            80.2240791,
            13.1715693
          ],
          [
            80.2250406,
            13.1718998
          ],
          [
            80.2262126,
            13.1717158
          ],
          [
            80.2266724,
            13.1717622
          ],
          [
            80.2275581,
            13.1720572
          ],
          [
            80.2284971,
            13.1728014
          ],
          [
            80.2290828,
            13.1739367
          ],
          [
            80.229117,
            13.1748193
          ],
          [
            80.2295271,
            13.1755458
          ],
          [
            80.2306396,
            13.176083
          ],
          [
            80.2321203,
            13.1778585
          ],
          [
            80.2326984,
            13.1780526
          ],
          [
            80.2344831,
            13.1778195
          ],
          [
            80.2352622,
            13.1778009
          ],
          [
            80.2355865,
            13.17777
          ],
          [
            80.2360485,
            13.1776279
          ],
          [
            80.2366137,
            13.1775232
          ],
          [
            80.2372518,
            13.1780529
          ],
          [
            80.2395263,
            13.1794318
          ],
          [
            80.2455774,
            13.1808525
          ],
          [
            80.248324,
            13.1818135
          ]
        ]
      },
      "properties": {
        "id": 102550193,
        "osm_id": 102550193,
        "name": "Red Hills Reservoir Overflow",
        "waterway_type": "drain",
        "drain_type": "drain",
        "surface": "Data Unavailable",
        "tunnel": "no",
        "covered": "Data Unavailable",
        "capacity": "Data Unavailable",
        "flow_velocity": "Data Unavailable",
        "maintenance_status": "Data Unavailable",
        "condition": "Data Unavailable",
        "district": "Chennai",
        "source": "OpenStreetMap / Overpass API (OSM Contributors)",
        "data_source_type": "OpenStreetMap Verified Data"
      }
    },
    {
      "type": "Feature",
      "id": 102550200,
      "geometry": {
        "type": "LineString",
        "coordinates": [
          [
            80.2515306,
            13.1663649
          ],
          [
            80.2514584,
            13.1662283
          ],
          [
            80.2511759,
            13.1658799
          ]
        ]
      },
      "properties": {
        "id": 102550200,
        "osm_id": 102550200,
        "name": "Unnamed Drain",
        "waterway_type": "drain",
        "drain_type": "drain",
        "surface": "Data Unavailable",
        "tunnel": "no",
        "covered": "Data Unavailable",
        "capacity": "Data Unavailable",
        "flow_velocity": "Data Unavailable",
        "maintenance_status": "Data Unavailable",
        "condition": "Data Unavailable",
        "district": "Chennai",
        "source": "OpenStreetMap / Overpass API (OSM Contributors)",
        "data_source_type": "OpenStreetMap Verified Data"
      }
    },
    {
      "type": "Feature",
      "id": 102550208,
      "geometry": {
        "type": "LineString",
        "coordinates": [
          [
            80.2423321,
            13.1233406
          ],
          [
            80.2423706,
            13.1232376
          ],
          [
            80.2429823,
            13.1230883
          ],
          [
            80.2448792,
            13.1229329
          ],
          [
            80.2454871,
            13.1225254
          ],
          [
            80.2457821,
            13.1225201
          ],
          [
            80.2467209,
            13.1225358
          ],
          [
            80.2488103,
            13.1220355
          ],
          [
            80.2489991,
            13.1221191
          ],
          [
            80.2491572,
            13.1224665
          ]
        ]
      },
      "properties": {
        "id": 102550208,
        "osm_id": 102550208,
        "name": "Jawahar Canal",
        "waterway_type": "drain",
        "drain_type": "drain",
        "surface": "Data Unavailable",
        "tunnel": "no",
        "covered": "Data Unavailable",
        "capacity": "Data Unavailable",
        "flow_velocity": "Data Unavailable",
        "maintenance_status": "Data Unavailable",
        "condition": "Data Unavailable",
        "district": "Chennai",
        "source": "OpenStreetMap / Overpass API (OSM Contributors)",
        "data_source_type": "OpenStreetMap Verified Data"
      }
    },
    {
      "type": "Feature",
      "id": 102550210,
      "geometry": {
        "type": "LineString",
        "coordinates": [
          [
            80.2103977,
            12.9888797
          ],
          [
            80.2120121,
            12.988756
          ],
          [
            80.2149296,
            12.9880186
          ],
          [
            80.2172517,
            12.9873198
          ],
          [
            80.2180981,
            12.9870545
          ]
        ]
      },
      "properties": {
        "id": 102550210,
        "osm_id": 102550210,
        "name": "Unnamed Drain",
        "waterway_type": "drain",
        "drain_type": "drain",
        "surface": "Data Unavailable",
        "tunnel": "no",
        "covered": "Data Unavailable",
        "capacity": "Data Unavailable",
        "flow_velocity": "Data Unavailable",
        "maintenance_status": "Data Unavailable",
        "condition": "Data Unavailable",
        "district": "Chennai",
        "source": "OpenStreetMap / Overpass API (OSM Contributors)",
        "data_source_type": "OpenStreetMap Verified Data"
      }
    },
    {
      "type": "Feature",
      "id": 102550213,
      "geometry": {
        "type": "LineString",
        "coordinates": [
          [
            80.2180981,
            12.9870545
          ],
          [
            80.2184063,
            12.9869953
          ]
        ]
      },
      "properties": {
        "id": 102550213,
        "osm_id": 102550213,
        "name": "Unnamed Drain",
        "waterway_type": "drain",
        "drain_type": "drain",
        "surface": "Data Unavailable",
        "tunnel": "yes",
        "covered": "Data Unavailable",
        "capacity": "Data Unavailable",
        "flow_velocity": "Data Unavailable",
        "maintenance_status": "Data Unavailable",
        "condition": "Data Unavailable",
        "district": "Chennai",
        "source": "OpenStreetMap / Overpass API (OSM Contributors)",
        "data_source_type": "OpenStreetMap Verified Data"
      }
    },
    {
      "type": "Feature",
      "id": 102550225,
      "geometry": {
        "type": "LineString",
        "coordinates": [
          [
            80.2385342,
            13.131275
          ],
          [
            80.238685,
            13.1313308
          ],
          [
            80.239592,
            13.1310994
          ],
          [
            80.2401495,
            13.130811
          ],
          [
            80.2407902,
            13.1303341
          ],
          [
            80.2409283,
            13.1304299
          ],
          [
            80.2411042,
            13.1305931
          ],
          [
            80.2412614,
            13.1306919
          ],
          [
            80.2417635,
            13.1304307
          ],
          [
            80.2427547,
            13.1300233
          ],
          [
            80.2437891,
            13.1296785
          ],
          [
            80.2465357,
            13.1293358
          ],
          [
            80.247661,
            13.1298388
          ],
          [
            80.2494713,
            13.130185
          ],
          [
            80.2502843,
            13.1308781
          ],
          [
            80.2523808,
            13.1321108
          ],
          [
            80.2529524,
            13.1323101
          ],
          [
            80.2533335,
            13.1331389
          ],
          [
            80.2533678,
            13.1342673
          ],
          [
            80.2536768,
            13.1356131
          ],
          [
            80.2535652,
            13.1361146
          ],
          [
            80.253282,
            13.1362817
          ],
          [
            80.2500719,
            13.1365659
          ],
          [
            80.2493171,
            13.136793
          ],
          [
            80.2490931,
            13.1368378
          ],
          [
            80.2486579,
            13.1369407
          ],
          [
            80.247394,
            13.1373098
          ],
          [
            80.2457117,
            13.1379869
          ],
          [
            80.2451023,
            13.1380788
          ]
        ]
      },
      "properties": {
        "id": 102550225,
        "osm_id": 102550225,
        "name": "Unnamed Drain",
        "waterway_type": "drain",
        "drain_type": "drain",
        "surface": "Data Unavailable",
        "tunnel": "no",
        "covered": "Data Unavailable",
        "capacity": "Data Unavailable",
        "flow_velocity": "Data Unavailable",
        "maintenance_status": "Data Unavailable",
        "condition": "Data Unavailable",
        "district": "Chennai",
        "source": "OpenStreetMap / Overpass API (OSM Contributors)",
        "data_source_type": "OpenStreetMap Verified Data"
      }
    },
    {
      "type": "Feature",
      "id": 102550226,
      "geometry": {
        "type": "LineString",
        "coordinates": [
          [
            80.1853664,
            13.0580633
          ],
          [
            80.1855822,
            13.0582661
          ],
          [
            80.1856142,
            13.0586939
          ],
          [
            80.1856658,
            13.0587456
          ],
          [
            80.1868719,
            13.0587626
          ],
          [
            80.1889479,
            13.0588919
          ],
          [
            80.189434,
            13.0590219
          ],
          [
            80.1896647,
            13.0592008
          ],
          [
            80.1901764,
            13.0606271
          ],
          [
            80.1907343,
            13.0615803
          ],
          [
            80.1918072,
            13.0610786
          ],
          [
            80.1922449,
            13.0609699
          ],
          [
            80.1924938,
            13.0610452
          ],
          [
            80.1930174,
            13.0617893
          ],
          [
            80.1932921,
            13.0620067
          ],
          [
            80.193807,
            13.0619231
          ],
          [
            80.1947855,
            13.0610201
          ],
          [
            80.1951353,
            13.0608203
          ],
          [
            80.195845,
            13.0607295
          ],
          [
            80.1961579,
            13.0606571
          ],
          [
            80.19706,
            13.0606856
          ],
          [
            80.1974634,
            13.0608194
          ],
          [
            80.1977123,
            13.0611706
          ],
          [
            80.1976437,
            13.061806
          ],
          [
            80.197678,
            13.0620401
          ],
          [
            80.1979355,
            13.0621237
          ],
          [
            80.1983818,
            13.06199
          ],
          [
            80.1987852,
            13.0613378
          ],
          [
            80.1990856,
            13.061204
          ],
          [
            80.2007833,
            13.0614044
          ],
          [
            80.2027304,
            13.0619524
          ],
          [
            80.2048829,
            13.0617974
          ],
          [
            80.2058811,
            13.0611831
          ],
          [
            80.2071791,
            13.0610022
          ],
          [
            80.2077037,
            13.0608905
          ],
          [
            80.2089905,
            13.0605017
          ],
          [
            80.209198,
            13.0603623
          ],
          [
            80.2094391,
            13.0602229
          ],
          [
            80.2099346,
            13.0601087
          ],
          [
            80.2104153,
            13.0601171
          ],
          [
            80.2109045,
            13.0606856
          ],
          [
            80.2112822,
            13.0610702
          ],
          [
            80.2115198,
            13.0611684
          ],
          [
            80.2118433,
            13.0612364
          ]
        ]
      },
      "properties": {
        "id": 102550226,
        "osm_id": 102550226,
        "name": "Virugambakkam Canal",
        "waterway_type": "canal",
        "drain_type": "canal",
        "surface": "Data Unavailable",
        "tunnel": "no",
        "covered": "Data Unavailable",
        "capacity": "Data Unavailable",
        "flow_velocity": "Data Unavailable",
        "maintenance_status": "Data Unavailable",
        "condition": "Data Unavailable",
        "district": "Chennai",
        "source": "OpenStreetMap / Overpass API (OSM Contributors)",
        "data_source_type": "OpenStreetMap Verified Data"
      }
    },
    {
      "type": "Feature",
      "id": 102550241,
      "geometry": {
        "type": "LineString",
        "coordinates": [
          [
            80.2420261,
            13.1235003
          ],
          [
            80.2423321,
            13.1233406
          ]
        ]
      },
      "properties": {
        "id": 102550241,
        "osm_id": 102550241,
        "name": "Jawahar Canal",
        "waterway_type": "drain",
        "drain_type": "drain",
        "surface": "Data Unavailable",
        "tunnel": "yes",
        "covered": "Data Unavailable",
        "capacity": "Data Unavailable",
        "flow_velocity": "Data Unavailable",
        "maintenance_status": "Data Unavailable",
        "condition": "Data Unavailable",
        "district": "Chennai",
        "source": "OpenStreetMap / Overpass API (OSM Contributors)",
        "data_source_type": "OpenStreetMap Verified Data"
      }
    },
    {
      "type": "Feature",
      "id": 102550242,
      "geometry": {
        "type": "LineString",
        "coordinates": [
          [
            80.2184063,
            12.9869953
          ],
          [
            80.2186568,
            12.9869377
          ],
          [
            80.2190116,
            12.9868194
          ],
          [
            80.2193803,
            12.9867012
          ],
          [
            80.2198398,
            12.9864879
          ],
          [
            80.220859,
            12.9861691
          ],
          [
            80.2222806,
            12.9855523
          ],
          [
            80.2225596,
            12.9852282
          ],
          [
            80.2225167,
            12.9848727
          ]
        ]
      },
      "properties": {
        "id": 102550242,
        "osm_id": 102550242,
        "name": "Unnamed Drain",
        "waterway_type": "drain",
        "drain_type": "drain",
        "surface": "Data Unavailable",
        "tunnel": "no",
        "covered": "Data Unavailable",
        "capacity": "Data Unavailable",
        "flow_velocity": "Data Unavailable",
        "maintenance_status": "Data Unavailable",
        "condition": "Data Unavailable",
        "district": "Chennai",
        "source": "OpenStreetMap / Overpass API (OSM Contributors)",
        "data_source_type": "OpenStreetMap Verified Data"
      }
    },
    {
      "type": "Feature",
      "id": 102553762,
      "geometry": {
        "type": "LineString",
        "coordinates": [
          [
            80.1971842,
            13.1430365
          ],
          [
            80.1976411,
            13.1442477
          ]
        ]
      },
      "properties": {
        "id": 102553762,
        "osm_id": 102553762,
        "name": "Unnamed Drain",
        "waterway_type": "drain",
        "drain_type": "drain",
        "surface": "Data Unavailable",
        "tunnel": "no",
        "covered": "Data Unavailable",
        "capacity": "Data Unavailable",
        "flow_velocity": "Data Unavailable",
        "maintenance_status": "Data Unavailable",
        "condition": "Data Unavailable",
        "district": "Chennai",
        "source": "OpenStreetMap / Overpass API (OSM Contributors)",
        "data_source_type": "OpenStreetMap Verified Data"
      }
    },
    {
      "type": "Feature",
      "id": 102553767,
      "geometry": {
        "type": "LineString",
        "coordinates": [
          [
            80.2131811,
            13.1498424
          ],
          [
            80.2129575,
            13.1495712
          ]
        ]
      },
      "properties": {
        "id": 102553767,
        "osm_id": 102553767,
        "name": "Unnamed Drain",
        "waterway_type": "drain",
        "drain_type": "drain",
        "surface": "Data Unavailable",
        "tunnel": "yes",
        "covered": "Data Unavailable",
        "capacity": "Data Unavailable",
        "flow_velocity": "Data Unavailable",
        "maintenance_status": "Data Unavailable",
        "condition": "Data Unavailable",
        "district": "Chennai",
        "source": "OpenStreetMap / Overpass API (OSM Contributors)",
        "data_source_type": "OpenStreetMap Verified Data"
      }
    },
    {
      "type": "Feature",
      "id": 102553827,
      "geometry": {
        "type": "LineString",
        "coordinates": [
          [
            80.2138461,
            13.150953
          ],
          [
            80.2133951,
            13.1501437
          ],
          [
            80.2131811,
            13.1498424
          ]
        ]
      },
      "properties": {
        "id": 102553827,
        "osm_id": 102553827,
        "name": "Unnamed Drain",
        "waterway_type": "drain",
        "drain_type": "drain",
        "surface": "Data Unavailable",
        "tunnel": "no",
        "covered": "Data Unavailable",
        "capacity": "Data Unavailable",
        "flow_velocity": "Data Unavailable",
        "maintenance_status": "Data Unavailable",
        "condition": "Data Unavailable",
        "district": "Chennai",
        "source": "OpenStreetMap / Overpass API (OSM Contributors)",
        "data_source_type": "OpenStreetMap Verified Data"
      }
    },
    {
      "type": "Feature",
      "id": 102553836,
      "geometry": {
        "type": "LineString",
        "coordinates": [
          [
            80.2129575,
            13.1495712
          ],
          [
            80.2117485,
            13.1475606
          ]
        ]
      },
      "properties": {
        "id": 102553836,
        "osm_id": 102553836,
        "name": "Unnamed Drain",
        "waterway_type": "drain",
        "drain_type": "drain",
        "surface": "Data Unavailable",
        "tunnel": "no",
        "covered": "Data Unavailable",
        "capacity": "Data Unavailable",
        "flow_velocity": "Data Unavailable",
        "maintenance_status": "Data Unavailable",
        "condition": "Data Unavailable",
        "district": "Chennai",
        "source": "OpenStreetMap / Overpass API (OSM Contributors)",
        "data_source_type": "OpenStreetMap Verified Data"
      }
    },
    {
      "type": "Feature",
      "id": 102553851,
      "geometry": {
        "type": "LineString",
        "coordinates": [
          [
            80.1895544,
            13.1321468
          ],
          [
            80.1896809,
            13.132852
          ],
          [
            80.1907109,
            13.1336293
          ],
          [
            80.1917949,
            13.1337512
          ],
          [
            80.1920301,
            13.1337776
          ],
          [
            80.1929425,
            13.1338801
          ],
          [
            80.1932579,
            13.1341326
          ],
          [
            80.193569,
            13.1343816
          ],
          [
            80.1943157,
            13.1370563
          ],
          [
            80.1954058,
            13.1380092
          ],
          [
            80.1970366,
            13.1416283
          ],
          [
            80.1970366,
            13.1426731
          ],
          [
            80.1971842,
            13.1430365
          ]
        ]
      },
      "properties": {
        "id": 102553851,
        "osm_id": 102553851,
        "name": "Unnamed River",
        "waterway_type": "river",
        "drain_type": "river",
        "surface": "Data Unavailable",
        "tunnel": "no",
        "covered": "Data Unavailable",
        "capacity": "Data Unavailable",
        "flow_velocity": "Data Unavailable",
        "maintenance_status": "Data Unavailable",
        "condition": "Data Unavailable",
        "district": "Chennai",
        "source": "OpenStreetMap / Overpass API (OSM Contributors)",
        "data_source_type": "OpenStreetMap Verified Data"
      }
    },
    {
      "type": "Feature",
      "id": 102559091,
      "geometry": {
        "type": "LineString",
        "coordinates": [
          [
            80.1903496,
            12.9506344
          ],
          [
            80.1904295,
            12.9506913
          ],
          [
            80.1905337,
            12.9509037
          ],
          [
            80.1906053,
            12.9509985
          ],
          [
            80.1907095,
            12.9511948
          ],
          [
            80.1908564,
            12.9512984
          ],
          [
            80.1910049,
            12.9513627
          ],
          [
            80.1913477,
            12.9516072
          ],
          [
            80.1915176,
            12.9517935
          ],
          [
            80.1921871,
            12.9519719
          ],
          [
            80.1925703,
            12.9520089
          ],
          [
            80.1930679,
            12.9519073
          ],
          [
            80.1933865,
            12.9520315
          ],
          [
            80.1936838,
            12.952166
          ],
          [
            80.1941085,
            12.9523626
          ],
          [
            80.1945014,
            12.9523937
          ],
          [
            80.1946926,
            12.9523419
          ],
          [
            80.1951173,
            12.9520211
          ],
          [
            80.1952447,
            12.9518245
          ],
          [
            80.1954996,
            12.9516796
          ],
          [
            80.1961155,
            12.9516279
          ],
          [
            80.1966358,
            12.95169
          ],
          [
            80.1970817,
            12.9517417
          ],
          [
            80.1976552,
            12.951721
          ],
          [
            80.1988975,
            12.9515141
          ],
          [
            80.1992586,
            12.9515347
          ],
          [
            80.1998532,
            12.9514002
          ],
          [
            80.2001293,
            12.9511105
          ],
          [
            80.2002355,
            12.9508621
          ],
          [
            80.2005115,
            12.9506758
          ],
          [
            80.2009151,
            12.9505723
          ],
          [
            80.2017008,
            12.9505103
          ],
          [
            80.2020725,
            12.9505309
          ],
          [
            80.2021238,
            12.9504049
          ],
          [
            80.2020636,
            12.9501913
          ],
          [
            80.2019477,
            12.9498945
          ],
          [
            80.2019132,
            12.949806
          ],
          [
            80.2018916,
            12.9497444
          ]
        ]
      },
      "properties": {
        "id": 102559091,
        "osm_id": 102559091,
        "name": "Unnamed Drain",
        "waterway_type": "drain",
        "drain_type": "drain",
        "surface": "Data Unavailable",
        "tunnel": "no",
        "covered": "Data Unavailable",
        "capacity": "Data Unavailable",
        "flow_velocity": "Data Unavailable",
        "maintenance_status": "Data Unavailable",
        "condition": "Data Unavailable",
        "district": "Chennai",
        "source": "OpenStreetMap / Overpass API (OSM Contributors)",
        "data_source_type": "OpenStreetMap Verified Data"
      }
    },
    {
      "type": "Feature",
      "id": 102559098,
      "geometry": {
        "type": "LineString",
        "coordinates": [
          [
            80.1848601,
            12.9488579
          ],
          [
            80.1848882,
            12.949446
          ]
        ]
      },
      "properties": {
        "id": 102559098,
        "osm_id": 102559098,
        "name": "Unnamed Drain",
        "waterway_type": "drain",
        "drain_type": "drain",
        "surface": "Data Unavailable",
        "tunnel": "yes",
        "covered": "Data Unavailable",
        "capacity": "Data Unavailable",
        "flow_velocity": "Data Unavailable",
        "maintenance_status": "Data Unavailable",
        "condition": "Data Unavailable",
        "district": "Chennai",
        "source": "OpenStreetMap / Overpass API (OSM Contributors)",
        "data_source_type": "OpenStreetMap Verified Data"
      }
    },
    {
      "type": "Feature",
      "id": 102574446,
      "geometry": {
        "type": "LineString",
        "coordinates": [
          [
            80.1580365,
            13.1094782
          ],
          [
            80.1579321,
            13.1086097
          ],
          [
            80.1579147,
            13.1084649
          ],
          [
            80.1577905,
            13.1082997
          ],
          [
            80.1573726,
            13.108105
          ],
          [
            80.1566761,
            13.1079576
          ],
          [
            80.1561098,
            13.1078838
          ],
          [
            80.1558108,
            13.1079144
          ],
          [
            80.1554663,
            13.1080398
          ],
          [
            80.1551029,
            13.1080545
          ],
          [
            80.1549279,
            13.1081294
          ],
          [
            80.1543956,
            13.1082273
          ],
          [
            80.1539165,
            13.1082849
          ],
          [
            80.1533309,
            13.1084001
          ],
          [
            80.1527808,
            13.1086594
          ],
          [
            80.1523301,
            13.108731
          ]
        ]
      },
      "properties": {
        "id": 102574446,
        "osm_id": 102574446,
        "name": "Unnamed Drain",
        "waterway_type": "drain",
        "drain_type": "drain",
        "surface": "Data Unavailable",
        "tunnel": "no",
        "covered": "Data Unavailable",
        "capacity": "Data Unavailable",
        "flow_velocity": "Data Unavailable",
        "maintenance_status": "Data Unavailable",
        "condition": "Data Unavailable",
        "district": "Chennai",
        "source": "OpenStreetMap / Overpass API (OSM Contributors)",
        "data_source_type": "OpenStreetMap Verified Data"
      }
    },
    {
      "type": "Feature",
      "id": 102574450,
      "geometry": {
        "type": "LineString",
        "coordinates": [
          [
            80.1742351,
            13.1141754
          ],
          [
            80.174397,
            13.1141607
          ]
        ]
      },
      "properties": {
        "id": 102574450,
        "osm_id": 102574450,
        "name": "Unnamed Drain",
        "waterway_type": "drain",
        "drain_type": "drain",
        "surface": "Data Unavailable",
        "tunnel": "yes",
        "covered": "Data Unavailable",
        "capacity": "Data Unavailable",
        "flow_velocity": "Data Unavailable",
        "maintenance_status": "Data Unavailable",
        "condition": "Data Unavailable",
        "district": "Chennai",
        "source": "OpenStreetMap / Overpass API (OSM Contributors)",
        "data_source_type": "OpenStreetMap Verified Data"
      }
    },
    {
      "type": "Feature",
      "id": 102574451,
      "geometry": {
        "type": "LineString",
        "coordinates": [
          [
            80.174397,
            13.1141607
          ],
          [
            80.1754608,
            13.1140887
          ],
          [
            80.1778841,
            13.1138726
          ],
          [
            80.1795785,
            13.1137286
          ]
        ]
      },
      "properties": {
        "id": 102574451,
        "osm_id": 102574451,
        "name": "Unnamed Drain",
        "waterway_type": "drain",
        "drain_type": "drain",
        "surface": "Data Unavailable",
        "tunnel": "no",
        "covered": "Data Unavailable",
        "capacity": "Data Unavailable",
        "flow_velocity": "Data Unavailable",
        "maintenance_status": "Data Unavailable",
        "condition": "Data Unavailable",
        "district": "Chennai",
        "source": "OpenStreetMap / Overpass API (OSM Contributors)",
        "data_source_type": "OpenStreetMap Verified Data"
      }
    },
    {
      "type": "Feature",
      "id": 102574504,
      "geometry": {
        "type": "LineString",
        "coordinates": [
          [
            80.1796096,
            13.1140778
          ],
          [
            80.1794972,
            13.1147801
          ],
          [
            80.1794834,
            13.1153853
          ],
          [
            80.1800661,
            13.1179994
          ],
          [
            80.1825949,
            13.1213601
          ],
          [
            80.1871519,
            13.1257468
          ],
          [
            80.1900231,
            13.1280043
          ],
          [
            80.1902602,
            13.129646
          ],
          [
            80.1898387,
            13.1315956
          ],
          [
            80.1895544,
            13.1321468
          ]
        ]
      },
      "properties": {
        "id": 102574504,
        "osm_id": 102574504,
        "name": "Unnamed Drain",
        "waterway_type": "drain",
        "drain_type": "drain",
        "surface": "Data Unavailable",
        "tunnel": "no",
        "covered": "Data Unavailable",
        "capacity": "Data Unavailable",
        "flow_velocity": "Data Unavailable",
        "maintenance_status": "Data Unavailable",
        "condition": "Data Unavailable",
        "district": "Chennai",
        "source": "OpenStreetMap / Overpass API (OSM Contributors)",
        "data_source_type": "OpenStreetMap Verified Data"
      }
    },
    {
      "type": "Feature",
      "id": 102574528,
      "geometry": {
        "type": "LineString",
        "coordinates": [
          [
            80.1795785,
            13.1137286
          ],
          [
            80.1796096,
            13.1140778
          ]
        ]
      },
      "properties": {
        "id": 102574528,
        "osm_id": 102574528,
        "name": "Unnamed Drain",
        "waterway_type": "drain",
        "drain_type": "drain",
        "surface": "Data Unavailable",
        "tunnel": "yes",
        "covered": "Data Unavailable",
        "capacity": "Data Unavailable",
        "flow_velocity": "Data Unavailable",
        "maintenance_status": "Data Unavailable",
        "condition": "Data Unavailable",
        "district": "Chennai",
        "source": "OpenStreetMap / Overpass API (OSM Contributors)",
        "data_source_type": "OpenStreetMap Verified Data"
      }
    },
    {
      "type": "Feature",
      "id": 102574534,
      "geometry": {
        "type": "LineString",
        "coordinates": [
          [
            80.2128425,
            13.1314079
          ],
          [
            80.2129451,
            13.1344319
          ],
          [
            80.2130623,
            13.1386083
          ],
          [
            80.2128986,
            13.1418765
          ],
          [
            80.2119818,
            13.145878
          ],
          [
            80.2117485,
            13.1475606
          ]
        ]
      },
      "properties": {
        "id": 102574534,
        "osm_id": 102574534,
        "name": "Unnamed Drain",
        "waterway_type": "drain",
        "drain_type": "drain",
        "surface": "Data Unavailable",
        "tunnel": "no",
        "covered": "Data Unavailable",
        "capacity": "Data Unavailable",
        "flow_velocity": "Data Unavailable",
        "maintenance_status": "Data Unavailable",
        "condition": "Data Unavailable",
        "district": "Chennai",
        "source": "OpenStreetMap / Overpass API (OSM Contributors)",
        "data_source_type": "OpenStreetMap Verified Data"
      }
    },
    {
      "type": "Feature",
      "id": 102574536,
      "geometry": {
        "type": "LineString",
        "coordinates": [
          [
            80.1523301,
            13.108731
          ],
          [
            80.1521267,
            13.1087402
          ]
        ]
      },
      "properties": {
        "id": 102574536,
        "osm_id": 102574536,
        "name": "Unnamed Drain",
        "waterway_type": "drain",
        "drain_type": "drain",
        "surface": "Data Unavailable",
        "tunnel": "yes",
        "covered": "Data Unavailable",
        "capacity": "Data Unavailable",
        "flow_velocity": "Data Unavailable",
        "maintenance_status": "Data Unavailable",
        "condition": "Data Unavailable",
        "district": "Chennai",
        "source": "OpenStreetMap / Overpass API (OSM Contributors)",
        "data_source_type": "OpenStreetMap Verified Data"
      }
    },
    {
      "type": "Feature",
      "id": 102574539,
      "geometry": {
        "type": "LineString",
        "coordinates": [
          [
            80.1521267,
            13.1087402
          ],
          [
            80.1519421,
            13.1088509
          ],
          [
            80.1517008,
            13.1089062
          ],
          [
            80.1514311,
            13.1088509
          ],
          [
            80.151327,
            13.1087356
          ],
          [
            80.1513128,
            13.1084177
          ],
          [
            80.1513507,
            13.1080398
          ],
          [
            80.1513459,
            13.1077402
          ],
          [
            80.1512418,
            13.1074729
          ],
          [
            80.1510289,
            13.1072748
          ],
          [
            80.150693,
            13.107201
          ],
          [
            80.1504848,
            13.1070213
          ],
          [
            80.1503381,
            13.1064591
          ],
          [
            80.1502292,
            13.1057033
          ],
          [
            80.15004,
            13.1053254
          ],
          [
            80.1498903,
            13.1050381
          ],
          [
            80.1498176,
            13.1046848
          ],
          [
            80.1495289,
            13.103823
          ]
        ]
      },
      "properties": {
        "id": 102574539,
        "osm_id": 102574539,
        "name": "Unnamed Drain",
        "waterway_type": "drain",
        "drain_type": "drain",
        "surface": "Data Unavailable",
        "tunnel": "no",
        "covered": "Data Unavailable",
        "capacity": "Data Unavailable",
        "flow_velocity": "Data Unavailable",
        "maintenance_status": "Data Unavailable",
        "condition": "Data Unavailable",
        "district": "Chennai",
        "source": "OpenStreetMap / Overpass API (OSM Contributors)",
        "data_source_type": "OpenStreetMap Verified Data"
      }
    },
    {
      "type": "Feature",
      "id": 102574544,
      "geometry": {
        "type": "LineString",
        "coordinates": [
          [
            80.1953847,
            13.1118541
          ],
          [
            80.1874092,
            13.1127115
          ],
          [
            80.1875076,
            13.1097561
          ],
          [
            80.1819454,
            13.1102541
          ],
          [
            80.1802105,
            13.1104604
          ],
          [
            80.1797872,
            13.1104962
          ]
        ]
      },
      "properties": {
        "id": 102574544,
        "osm_id": 102574544,
        "name": "Unnamed Drain",
        "waterway_type": "drain",
        "drain_type": "drain",
        "surface": "Data Unavailable",
        "tunnel": "no",
        "covered": "Data Unavailable",
        "capacity": "Data Unavailable",
        "flow_velocity": "Data Unavailable",
        "maintenance_status": "Data Unavailable",
        "condition": "Data Unavailable",
        "district": "Chennai",
        "source": "OpenStreetMap / Overpass API (OSM Contributors)",
        "data_source_type": "OpenStreetMap Verified Data"
      }
    },
    {
      "type": "Feature",
      "id": 102574550,
      "geometry": {
        "type": "LineString",
        "coordinates": [
          [
            80.1763254,
            13.1051288
          ],
          [
            80.1769121,
            13.1052032
          ],
          [
            80.1769852,
            13.1055463
          ],
          [
            80.1778054,
            13.1055934
          ],
          [
            80.1782819,
            13.1061651
          ],
          [
            80.1783924,
            13.1066628
          ],
          [
            80.1787514,
            13.106925
          ],
          [
            80.179435,
            13.1069856
          ],
          [
            80.1796698,
            13.1073824
          ],
          [
            80.1798563,
            13.1088081
          ],
          [
            80.1797872,
            13.1104962
          ],
          [
            80.1793729,
            13.1111216
          ],
          [
            80.1794834,
            13.113314
          ],
          [
            80.1795785,
            13.1137286
          ]
        ]
      },
      "properties": {
        "id": 102574550,
        "osm_id": 102574550,
        "name": "Unnamed Drain",
        "waterway_type": "drain",
        "drain_type": "drain",
        "surface": "Data Unavailable",
        "tunnel": "no",
        "covered": "Data Unavailable",
        "capacity": "Data Unavailable",
        "flow_velocity": "Data Unavailable",
        "maintenance_status": "Data Unavailable",
        "condition": "Data Unavailable",
        "district": "Chennai",
        "source": "OpenStreetMap / Overpass API (OSM Contributors)",
        "data_source_type": "OpenStreetMap Verified Data"
      }
    },
    {
      "type": "Feature",
      "id": 102574585,
      "geometry": {
        "type": "LineString",
        "coordinates": [
          [
            80.1579147,
            13.1084649
          ],
          [
            80.1587444,
            13.1085091
          ],
          [
            80.1611489,
            13.1085893
          ],
          [
            80.1621002,
            13.1085069
          ],
          [
            80.1632943,
            13.1083838
          ],
          [
            80.1635522,
            13.1112525
          ],
          [
            80.1636484,
            13.1125712
          ]
        ]
      },
      "properties": {
        "id": 102574585,
        "osm_id": 102574585,
        "name": "Unnamed Drain",
        "waterway_type": "drain",
        "drain_type": "drain",
        "surface": "Data Unavailable",
        "tunnel": "no",
        "covered": "Data Unavailable",
        "capacity": "Data Unavailable",
        "flow_velocity": "Data Unavailable",
        "maintenance_status": "Data Unavailable",
        "condition": "Data Unavailable",
        "district": "Chennai",
        "source": "OpenStreetMap / Overpass API (OSM Contributors)",
        "data_source_type": "OpenStreetMap Verified Data"
      }
    },
    {
      "type": "Feature",
      "id": 102580554,
      "geometry": {
        "type": "LineString",
        "coordinates": [
          [
            80.2169341,
            12.995015
          ],
          [
            80.2166057,
            12.9948664
          ],
          [
            80.2164651,
            12.9945265
          ],
          [
            80.2159568,
            12.9938105
          ],
          [
            80.2148891,
            12.9940552
          ],
          [
            80.2144599,
            12.9933527
          ],
          [
            80.2140849,
            12.99306
          ],
          [
            80.2139039,
            12.9927141
          ],
          [
            80.2144135,
            12.9924686
          ],
          [
            80.2142957,
            12.9920692
          ],
          [
            80.2144673,
            12.9919869
          ],
          [
            80.2143842,
            12.9917099
          ],
          [
            80.214297,
            12.9915191
          ],
          [
            80.2142635,
            12.9914877
          ],
          [
            80.2141696,
            12.9913315
          ],
          [
            80.214126,
            12.9913159
          ],
          [
            80.2140261,
            12.991344
          ],
          [
            80.2139986,
            12.9913329
          ],
          [
            80.2139685,
            12.9912682
          ],
          [
            80.2139368,
            12.9911804
          ],
          [
            80.2143998,
            12.9909524
          ],
          [
            80.2147346,
            12.9906262
          ],
          [
            80.2153237,
            12.9904213
          ],
          [
            80.2151669,
            12.9897027
          ],
          [
            80.2150516,
            12.9890484
          ]
        ]
      },
      "properties": {
        "id": 102580554,
        "osm_id": 102580554,
        "name": "Raj Bhavan Canal",
        "waterway_type": "drain",
        "drain_type": "drain",
        "surface": "Data Unavailable",
        "tunnel": "no",
        "covered": "Data Unavailable",
        "capacity": "Data Unavailable",
        "flow_velocity": "Data Unavailable",
        "maintenance_status": "Data Unavailable",
        "condition": "Data Unavailable",
        "district": "Chennai",
        "source": "OpenStreetMap / Overpass API (OSM Contributors)",
        "data_source_type": "OpenStreetMap Verified Data"
      }
    },
    {
      "type": "Feature",
      "id": 102580558,
      "geometry": {
        "type": "LineString",
        "coordinates": [
          [
            80.2150516,
            12.9890484
          ],
          [
            80.2150291,
            12.9887956
          ]
        ]
      },
      "properties": {
        "id": 102580558,
        "osm_id": 102580558,
        "name": "Raj Bhavan Canal",
        "waterway_type": "drain",
        "drain_type": "drain",
        "surface": "Data Unavailable",
        "tunnel": "yes",
        "covered": "Data Unavailable",
        "capacity": "Data Unavailable",
        "flow_velocity": "Data Unavailable",
        "maintenance_status": "Data Unavailable",
        "condition": "Data Unavailable",
        "district": "Chennai",
        "source": "OpenStreetMap / Overpass API (OSM Contributors)",
        "data_source_type": "OpenStreetMap Verified Data"
      }
    },
    {
      "type": "Feature",
      "id": 102580561,
      "geometry": {
        "type": "LineString",
        "coordinates": [
          [
            80.2170965,
            12.9951777
          ],
          [
            80.2169341,
            12.995015
          ]
        ]
      },
      "properties": {
        "id": 102580561,
        "osm_id": 102580561,
        "name": "Raj Bhavan Canal",
        "waterway_type": "drain",
        "drain_type": "drain",
        "surface": "Data Unavailable",
        "tunnel": "yes",
        "covered": "Data Unavailable",
        "capacity": "Data Unavailable",
        "flow_velocity": "Data Unavailable",
        "maintenance_status": "Data Unavailable",
        "condition": "Data Unavailable",
        "district": "Chennai",
        "source": "OpenStreetMap / Overpass API (OSM Contributors)",
        "data_source_type": "OpenStreetMap Verified Data"
      }
    },
    {
      "type": "Feature",
      "id": 102580579,
      "geometry": {
        "type": "LineString",
        "coordinates": [
          [
            80.2150291,
            12.9887956
          ],
          [
            80.2149296,
            12.9880186
          ]
        ]
      },
      "properties": {
        "id": 102580579,
        "osm_id": 102580579,
        "name": "Raj Bhavan Canal",
        "waterway_type": "drain",
        "drain_type": "drain",
        "surface": "Data Unavailable",
        "tunnel": "no",
        "covered": "Data Unavailable",
        "capacity": "Data Unavailable",
        "flow_velocity": "Data Unavailable",
        "maintenance_status": "Data Unavailable",
        "condition": "Data Unavailable",
        "district": "Chennai",
        "source": "OpenStreetMap / Overpass API (OSM Contributors)",
        "data_source_type": "OpenStreetMap Verified Data"
      }
    },
    {
      "type": "Feature",
      "id": 102657796,
      "geometry": {
        "type": "LineString",
        "coordinates": [
          [
            80.1413182,
            13.0177772
          ],
          [
            80.1416877,
            13.0175781
          ],
          [
            80.1423101,
            13.0172539
          ],
          [
            80.1428224,
            13.0171606
          ],
          [
            80.1435258,
            13.0170313
          ],
          [
            80.1439082,
            13.0168924
          ],
          [
            80.1439992,
            13.0168954
          ],
          [
            80.1440889,
            13.0169456
          ],
          [
            80.1441532,
            13.0169893
          ],
          [
            80.1442249,
            13.0170143
          ],
          [
            80.1443054,
            13.0170229
          ],
          [
            80.1444699,
            13.0170378
          ],
          [
            80.1448488,
            13.0170738
          ],
          [
            80.1452155,
            13.0171278
          ],
          [
            80.1455821,
            13.0171368
          ],
          [
            80.1458194,
            13.0171849
          ],
          [
            80.146109,
            13.017419
          ],
          [
            80.1463308,
            13.0175091
          ],
          [
            80.1465619,
            13.0175001
          ],
          [
            80.1468947,
            13.0176111
          ],
          [
            80.1472521,
            13.0176442
          ],
          [
            80.1475492,
            13.0176653
          ],
          [
            80.1477535,
            13.0177774
          ],
          [
            80.1478012,
            13.0177701
          ],
          [
            80.1478859,
            13.0177341
          ],
          [
            80.1479283,
            13.0176628
          ],
          [
            80.1480924,
            13.0176205
          ],
          [
            80.1487587,
            13.017392
          ],
          [
            80.1495567,
            13.0171909
          ],
          [
            80.14981,
            13.0171262
          ],
          [
            80.1501821,
            13.0171308
          ],
          [
            80.150481,
            13.0171639
          ],
          [
            80.150799,
            13.0172363
          ],
          [
            80.1512396,
            13.0172017
          ],
          [
            80.1516308,
            13.0171467
          ],
          [
            80.1517731,
            13.0171385
          ],
          [
            80.1518633,
            13.0171117
          ],
          [
            80.151958,
            13.017066
          ],
          [
            80.1520305,
            13.0170376
          ],
          [
            80.1524462,
            13.016968
          ],
          [
            80.1530698,
            13.01696
          ],
          [
            80.1533048,
            13.0169883
          ],
          [
            80.1545297,
            13.0171773
          ],
          [
            80.1547357,
            13.0164498
          ],
          [
            80.154976,
            13.0163494
          ],
          [
            80.1556112,
            13.0162825
          ],
          [
            80.1557401,
            13.0165641
          ],
          [
            80.1559493,
            13.016585
          ],
          [
            80.1562282,
            13.0166164
          ],
          [
            80.156416,
            13.0165327
          ],
          [
            80.1564976,
            13.016355
          ],
          [
            80.1566225,
            13.0162878
          ],
          [
            80.1566843,
            13.0160792
          ],
          [
            80.1568307,
            13.0159023
          ],
          [
            80.156926,
            13.0157971
          ],
          [
            80.1570504,
            13.0157072
          ],
          [
            80.1573987,
            13.0156292
          ],
          [
            80.1578376,
            13.0154247
          ],
          [
            80.158256,
            13.0151529
          ],
          [
            80.1585349,
            13.01497
          ],
          [
            80.1586372,
            13.0142377
          ],
          [
            80.1586945,
            13.0140175
          ],
          [
            80.1590177,
            13.0140867
          ],
          [
            80.1598975,
            13.0139456
          ],
          [
            80.1604608,
            13.0139038
          ],
          [
            80.1605025,
            13.0136038
          ],
          [
            80.1613191,
            13.0136436
          ],
          [
            80.1616678,
            13.0136477
          ],
          [
            80.1620486,
            13.0136268
          ],
          [
            80.1624992,
            13.0136581
          ],
          [
            80.1625475,
            13.0137888
          ],
          [
            80.1630679,
            13.0136895
          ],
          [
            80.1630732,
            13.0134334
          ],
          [
            80.1633736,
            13.0132713
          ],
          [
            80.163876,
            13.0132852
          ],
          [
            80.1643821,
            13.0132975
          ],
          [
            80.1649454,
            13.0133184
          ],
          [
            80.1649669,
            13.012686
          ],
          [
            80.1650744,
            13.0125726
          ],
          [
            80.1652405,
            13.0125605
          ],
          [
            80.1656642,
            13.0126076
          ],
          [
            80.1658227,
            13.0127273
          ],
          [
            80.166249,
            13.012963
          ],
          [
            80.1665922,
            13.0130158
          ],
          [
            80.1672263,
            13.0130685
          ],
          [
            80.167449,
            13.0129809
          ],
          [
            80.1676997,
            13.0130058
          ],
          [
            80.1678328,
            13.0130498
          ],
          [
            80.1679781,
            13.0130868
          ],
          [
            80.1688929,
            13.0131076
          ],
          [
            80.168946,
            13.0129835
          ],
          [
            80.1688787,
            13.0126042
          ],
          [
            80.1687124,
            13.0124421
          ],
          [
            80.1687018,
            13.0120835
          ],
          [
            80.1687295,
            13.0115665
          ],
          [
            80.1686667,
            13.011137
          ],
          [
            80.168399,
            13.0110869
          ],
          [
            80.1683786,
            13.0110003
          ],
          [
            80.168454,
            13.0105791
          ],
          [
            80.1684545,
            13.010425
          ],
          [
            80.1683886,
            13.0102242
          ],
          [
            80.1681832,
            13.009164
          ],
          [
            80.1689324,
            13.0089893
          ],
          [
            80.1688584,
            13.008503
          ],
          [
            80.1688125,
            13.008292
          ]
        ]
      },
      "properties": {
        "id": 102657796,
        "osm_id": 102657796,
        "name": "Surplus water drain",
        "waterway_type": "drain",
        "drain_type": "drain",
        "surface": "Data Unavailable",
        "tunnel": "no",
        "covered": "Data Unavailable",
        "capacity": "Data Unavailable",
        "flow_velocity": "Data Unavailable",
        "maintenance_status": "Data Unavailable",
        "condition": "Data Unavailable",
        "district": "Chennai",
        "source": "OpenStreetMap / Overpass API (OSM Contributors)",
        "data_source_type": "OpenStreetMap Verified Data"
      }
    },
    {
      "type": "Feature",
      "id": 102657803,
      "geometry": {
        "type": "LineString",
        "coordinates": [
          [
            80.1411532,
            13.0178695
          ],
          [
            80.1413182,
            13.0177772
          ]
        ]
      },
      "properties": {
        "id": 102657803,
        "osm_id": 102657803,
        "name": "Unnamed Drain",
        "waterway_type": "drain",
        "drain_type": "drain",
        "surface": "Data Unavailable",
        "tunnel": "yes",
        "covered": "Data Unavailable",
        "capacity": "Data Unavailable",
        "flow_velocity": "Data Unavailable",
        "maintenance_status": "Data Unavailable",
        "condition": "Data Unavailable",
        "district": "Chennai",
        "source": "OpenStreetMap / Overpass API (OSM Contributors)",
        "data_source_type": "OpenStreetMap Verified Data"
      }
    },
    {
      "type": "Feature",
      "id": 102658271,
      "geometry": {
        "type": "LineString",
        "coordinates": [
          [
            80.1274415,
            13.0060237
          ],
          [
            80.1275001,
            13.0060501
          ],
          [
            80.1275722,
            13.0061724
          ],
          [
            80.1276405,
            13.006258
          ],
          [
            80.1278242,
            13.0063336
          ],
          [
            80.1280378,
            13.0064261
          ],
          [
            80.1282719,
            13.0064599
          ],
          [
            80.1284661,
            13.0065746
          ],
          [
            80.1286415,
            13.0066583
          ],
          [
            80.1288616,
            13.0067514
          ],
          [
            80.1288746,
            13.0065528
          ],
          [
            80.1288876,
            13.0063331
          ],
          [
            80.1290437,
            13.0062318
          ],
          [
            80.1292605,
            13.006105
          ],
          [
            80.1292822,
            13.0059867
          ],
          [
            80.1294122,
            13.0059065
          ],
          [
            80.1294296,
            13.0056783
          ],
          [
            80.1293342,
            13.0054544
          ],
          [
            80.1293299,
            13.0050784
          ],
          [
            80.1293299,
            13.0047151
          ],
          [
            80.1292605,
            13.0045377
          ],
          [
            80.1292561,
            13.0043264
          ],
          [
            80.1293212,
            13.0041617
          ],
          [
            80.1293429,
            13.0040222
          ],
          [
            80.1293255,
            13.0038744
          ],
          [
            80.1292605,
            13.0034857
          ],
          [
            80.129138,
            13.0025964
          ],
          [
            80.1291759,
            13.0023904
          ],
          [
            80.1292247,
            13.0021898
          ],
          [
            80.1292518,
            13.0018888
          ],
          [
            80.1291976,
            13.0015772
          ],
          [
            80.1291868,
            13.0014082
          ],
          [
            80.1291543,
            13.001197
          ],
          [
            80.1291001,
            13.0007798
          ],
          [
            80.129073,
            13.0006266
          ],
          [
            80.1297884,
            13.0004523
          ],
          [
            80.1301027,
            13.0003626
          ],
          [
            80.1302003,
            13.0003203
          ],
          [
            80.1300377,
            12.9996074
          ],
          [
            80.1303195,
            12.9994859
          ],
          [
            80.1306176,
            12.9989103
          ],
          [
            80.1311921,
            12.9979439
          ],
          [
            80.1314577,
            12.9975636
          ],
          [
            80.1316745,
            12.9973999
          ],
          [
            80.1320051,
            12.9970144
          ]
        ]
      },
      "properties": {
        "id": 102658271,
        "osm_id": 102658271,
        "name": "Unnamed Drain",
        "waterway_type": "drain",
        "drain_type": "drain",
        "surface": "Data Unavailable",
        "tunnel": "no",
        "covered": "Data Unavailable",
        "capacity": "Data Unavailable",
        "flow_velocity": "Data Unavailable",
        "maintenance_status": "Data Unavailable",
        "condition": "Data Unavailable",
        "district": "Chennai",
        "source": "OpenStreetMap / Overpass API (OSM Contributors)",
        "data_source_type": "OpenStreetMap Verified Data"
      }
    },
    {
      "type": "Feature",
      "id": 103716685,
      "geometry": {
        "type": "LineString",
        "coordinates": [
          [
            80.1987409,
            12.9922361
          ],
          [
            80.1986803,
            12.9919855
          ],
          [
            80.1984626,
            12.9916628
          ],
          [
            80.1983714,
            12.9915844
          ],
          [
            80.1980925,
            12.9910512
          ],
          [
            80.1980066,
            12.990701
          ],
          [
            80.1976848,
            12.9894465
          ],
          [
            80.1974648,
            12.9887304
          ],
          [
            80.1974159,
            12.9885501
          ],
          [
            80.1968729,
            12.9867297
          ],
          [
            80.1967845,
            12.9864973
          ],
          [
            80.1966678,
            12.9860584
          ],
          [
            80.1965161,
            12.9855194
          ],
          [
            80.1964998,
            12.9850463
          ],
          [
            80.1963527,
            12.9844868
          ],
          [
            80.1963491,
            12.984303
          ]
        ]
      },
      "properties": {
        "id": 103716685,
        "osm_id": 103716685,
        "name": "Unnamed Drain",
        "waterway_type": "drain",
        "drain_type": "drain",
        "surface": "Data Unavailable",
        "tunnel": "no",
        "covered": "Data Unavailable",
        "capacity": "Data Unavailable",
        "flow_velocity": "Data Unavailable",
        "maintenance_status": "Data Unavailable",
        "condition": "Data Unavailable",
        "district": "Chennai",
        "source": "OpenStreetMap / Overpass API (OSM Contributors)",
        "data_source_type": "OpenStreetMap Verified Data"
      }
    },
    {
      "type": "Feature",
      "id": 103716694,
      "geometry": {
        "type": "LineString",
        "coordinates": [
          [
            80.2180981,
            12.9870545
          ],
          [
            80.2177916,
            12.9858328
          ],
          [
            80.2177584,
            12.9856646
          ],
          [
            80.2177423,
            12.985385
          ],
          [
            80.2177584,
            12.9848962
          ],
          [
            80.2177901,
            12.98396
          ],
          [
            80.2178365,
            12.9825989
          ],
          [
            80.2178825,
            12.9818598
          ],
          [
            80.2179014,
            12.9817607
          ],
          [
            80.2179817,
            12.9813395
          ],
          [
            80.2181178,
            12.9809225
          ]
        ]
      },
      "properties": {
        "id": 103716694,
        "osm_id": 103716694,
        "name": "drain path",
        "waterway_type": "canal",
        "drain_type": "canal",
        "surface": "Data Unavailable",
        "tunnel": "culvert",
        "covered": "Data Unavailable",
        "capacity": "Data Unavailable",
        "flow_velocity": "Data Unavailable",
        "maintenance_status": "Data Unavailable",
        "condition": "Data Unavailable",
        "district": "Chennai",
        "source": "OpenStreetMap / Overpass API (OSM Contributors)",
        "data_source_type": "OpenStreetMap Verified Data"
      }
    },
    {
      "type": "Feature",
      "id": 103719115,
      "geometry": {
        "type": "LineString",
        "coordinates": [
          [
            80.2024801,
            12.9901012
          ],
          [
            80.2024473,
            12.9896299
          ],
          [
            80.2024068,
            12.9894535
          ],
          [
            80.2025113,
            12.9894155
          ],
          [
            80.2024689,
            12.9892106
          ],
          [
            80.2029051,
            12.9890459
          ],
          [
            80.2033917,
            12.9887811
          ],
          [
            80.2040323,
            12.9886131
          ],
          [
            80.2043038,
            12.9885341
          ],
          [
            80.2044422,
            12.9884612
          ],
          [
            80.2047276,
            12.9884047
          ],
          [
            80.2049776,
            12.98838
          ]
        ]
      },
      "properties": {
        "id": 103719115,
        "osm_id": 103719115,
        "name": "Unnamed Drain",
        "waterway_type": "drain",
        "drain_type": "drain",
        "surface": "Data Unavailable",
        "tunnel": "no",
        "covered": "Data Unavailable",
        "capacity": "Data Unavailable",
        "flow_velocity": "Data Unavailable",
        "maintenance_status": "Data Unavailable",
        "condition": "Data Unavailable",
        "district": "Chennai",
        "source": "OpenStreetMap / Overpass API (OSM Contributors)",
        "data_source_type": "OpenStreetMap Verified Data"
      }
    },
    {
      "type": "Feature",
      "id": 111749073,
      "geometry": {
        "type": "LineString",
        "coordinates": [
          [
            80.2631657,
            13.0211257
          ],
          [
            80.2634273,
            13.0210512
          ],
          [
            80.2638283,
            13.0210429
          ],
          [
            80.2641073,
            13.0210534
          ],
          [
            80.2643957,
            13.0210149
          ],
          [
            80.2646115,
            13.0210011
          ],
          [
            80.2648368,
            13.0211475
          ],
          [
            80.2650407,
            13.0213565
          ],
          [
            80.2652231,
            13.0216492
          ],
          [
            80.2652767,
            13.0219523
          ],
          [
            80.2653304,
            13.02213
          ],
          [
            80.265502,
            13.0224227
          ],
          [
            80.2658024,
            13.0227468
          ],
          [
            80.2659788,
            13.0228604
          ],
          [
            80.2661458,
            13.0229035
          ],
          [
            80.2664783,
            13.0228721
          ],
          [
            80.2666607,
            13.0229975
          ],
          [
            80.267004,
            13.0233629
          ],
          [
            80.2675082,
            13.0236764
          ],
          [
            80.2676692,
            13.0239378
          ],
          [
            80.2681198,
            13.0242723
          ],
          [
            80.2689025,
            13.0243872
          ],
          [
            80.269632,
            13.0243872
          ],
          [
            80.2706298,
            13.0241782
          ],
          [
            80.2715418,
            13.0238562
          ],
          [
            80.2722928,
            13.0235928
          ],
          [
            80.2728543,
            13.0229733
          ],
          [
            80.2742454,
            13.0227467
          ],
          [
            80.2750715,
            13.0221195
          ],
          [
            80.2754685,
            13.0215028
          ],
          [
            80.2756831,
            13.0207606
          ],
          [
            80.2758215,
            13.0204334
          ],
          [
            80.2758556,
            13.0201473
          ],
          [
            80.2758333,
            13.0199139
          ],
          [
            80.2757153,
            13.0191717
          ],
          [
            80.2752402,
            13.0173406
          ],
          [
            80.2754074,
            13.0167018
          ],
          [
            80.2758566,
            13.0154287
          ],
          [
            80.2756647,
            13.0148853
          ],
          [
            80.2752217,
            13.0143215
          ],
          [
            80.275027,
            13.0130658
          ]
        ]
      },
      "properties": {
        "id": 111749073,
        "osm_id": 111749073,
        "name": "Adyar Creek",
        "waterway_type": "stream",
        "drain_type": "stream",
        "surface": "Data Unavailable",
        "tunnel": "no",
        "covered": "Data Unavailable",
        "capacity": "Data Unavailable",
        "flow_velocity": "Data Unavailable",
        "maintenance_status": "Data Unavailable",
        "condition": "Data Unavailable",
        "district": "Chennai",
        "source": "OpenStreetMap / Overpass API (OSM Contributors)",
        "data_source_type": "OpenStreetMap Verified Data"
      }
    },
    {
      "type": "Feature",
      "id": 122063612,
      "geometry": {
        "type": "LineString",
        "coordinates": [
          [
            80.1708858,
            13.0283143
          ],
          [
            80.1733269,
            13.0269807
          ],
          [
            80.1746688,
            13.0261794
          ],
          [
            80.1757801,
            13.0255822
          ],
          [
            80.1762516,
            13.0253125
          ],
          [
            80.1767613,
            13.0250338
          ],
          [
            80.1783587,
            13.0241488
          ],
          [
            80.1803194,
            13.0230725
          ],
          [
            80.1815363,
            13.0223961
          ],
          [
            80.1820425,
            13.0221404
          ]
        ]
      },
      "properties": {
        "id": 122063612,
        "osm_id": 122063612,
        "name": "Unnamed Drain",
        "waterway_type": "drain",
        "drain_type": "drain",
        "surface": "Data Unavailable",
        "tunnel": "culvert",
        "covered": "Data Unavailable",
        "capacity": "Data Unavailable",
        "flow_velocity": "Data Unavailable",
        "maintenance_status": "Data Unavailable",
        "condition": "Data Unavailable",
        "district": "Chennai",
        "source": "OpenStreetMap / Overpass API (OSM Contributors)",
        "data_source_type": "OpenStreetMap Verified Data"
      }
    },
    {
      "type": "Feature",
      "id": 133591388,
      "geometry": {
        "type": "LineString",
        "coordinates": [
          [
            80.3068741,
            13.2146688
          ],
          [
            80.3069686,
            13.2151269
          ],
          [
            80.3073324,
            13.2154528
          ],
          [
            80.3077108,
            13.2163171
          ],
          [
            80.3079291,
            13.2165721
          ],
          [
            80.3086131,
            13.2171247
          ],
          [
            80.310738,
            13.218329
          ],
          [
            80.3116403,
            13.2188815
          ],
          [
            80.3122079,
            13.22027
          ],
          [
            80.3129211,
            13.2218994
          ],
          [
            80.3137943,
            13.2231036
          ],
          [
            80.3149295,
            13.2241379
          ],
          [
            80.3169088,
            13.2256255
          ]
        ]
      },
      "properties": {
        "id": 133591388,
        "osm_id": 133591388,
        "name": "Unnamed Stream",
        "waterway_type": "stream",
        "drain_type": "stream",
        "surface": "Data Unavailable",
        "tunnel": "no",
        "covered": "Data Unavailable",
        "capacity": "Data Unavailable",
        "flow_velocity": "Data Unavailable",
        "maintenance_status": "Data Unavailable",
        "condition": "Data Unavailable",
        "district": "Chennai",
        "source": "OpenStreetMap / Overpass API (OSM Contributors)",
        "data_source_type": "OpenStreetMap Verified Data"
      }
    },
    {
      "type": "Feature",
      "id": 133591393,
      "geometry": {
        "type": "LineString",
        "coordinates": [
          [
            80.3090206,
            13.2284024
          ],
          [
            80.3095155,
            13.2282182
          ],
          [
            80.3132285,
            13.2275082
          ],
          [
            80.3135905,
            13.227439
          ],
          [
            80.3142018,
            13.2271415
          ],
          [
            80.3154971,
            13.2261356
          ],
          [
            80.3164431,
            13.2257247
          ],
          [
            80.3169088,
            13.2256255
          ],
          [
            80.3182519,
            13.2259699
          ]
        ]
      },
      "properties": {
        "id": 133591393,
        "osm_id": 133591393,
        "name": "Unnamed Stream",
        "waterway_type": "stream",
        "drain_type": "stream",
        "surface": "Data Unavailable",
        "tunnel": "no",
        "covered": "Data Unavailable",
        "capacity": "Data Unavailable",
        "flow_velocity": "Data Unavailable",
        "maintenance_status": "Data Unavailable",
        "condition": "Data Unavailable",
        "district": "Chennai",
        "source": "OpenStreetMap / Overpass API (OSM Contributors)",
        "data_source_type": "OpenStreetMap Verified Data"
      }
    },
    {
      "type": "Feature",
      "id": 133599488,
      "geometry": {
        "type": "LineString",
        "coordinates": [
          [
            80.254948,
            13.2484296
          ],
          [
            80.2572198,
            13.2477634
          ],
          [
            80.2602925,
            13.248014
          ],
          [
            80.2620692,
            13.2474877
          ],
          [
            80.2642236,
            13.2461509
          ],
          [
            80.2667985,
            13.245257
          ],
          [
            80.2682318,
            13.2432518
          ],
          [
            80.2687668,
            13.2417876
          ],
          [
            80.269668,
            13.2403672
          ],
          [
            80.2711271,
            13.2390305
          ],
          [
            80.2726291,
            13.2377354
          ],
          [
            80.2727579,
            13.2364822
          ],
          [
            80.272715,
            13.2343934
          ],
          [
            80.2723717,
            13.2328477
          ],
          [
            80.2720712,
            13.23055
          ],
          [
            80.2721425,
            13.2300504
          ],
          [
            80.2722858,
            13.2290461
          ],
          [
            80.2728866,
            13.2278346
          ],
          [
            80.2728866,
            13.226247
          ],
          [
            80.2721571,
            13.2252862
          ],
          [
            80.2705263,
            13.2239075
          ],
          [
            80.2703117,
            13.2222782
          ],
          [
            80.2702403,
            13.2203084
          ],
          [
            80.2709125,
            13.2188942
          ],
          [
            80.2720283,
            13.2169724
          ],
          [
            80.2734875,
            13.2161368
          ],
          [
            80.2749037,
            13.2149252
          ],
          [
            80.2770923,
            13.2125438
          ],
          [
            80.2777761,
            13.2117722
          ],
          [
            80.2789806,
            13.210413
          ],
          [
            80.2802252,
            13.2086165
          ],
          [
            80.281298,
            13.20682
          ],
          [
            80.2816414,
            13.2047309
          ],
          [
            80.2816127,
            13.2035539
          ],
          [
            80.2815432,
            13.203349
          ],
          [
            80.2816011,
            13.2030609
          ],
          [
            80.281667,
            13.2025597
          ],
          [
            80.2815126,
            13.2007617
          ],
          [
            80.2817163,
            13.1995715
          ],
          [
            80.2835703,
            13.1977666
          ],
          [
            80.2851866,
            13.1967097
          ],
          [
            80.2864971,
            13.195736
          ],
          [
            80.2890291,
            13.194307
          ],
          [
            80.2917694,
            13.1932828
          ],
          [
            80.2928852,
            13.1923218
          ],
          [
            80.2933143,
            13.1904415
          ],
          [
            80.2934431,
            13.1883106
          ],
          [
            80.2942156,
            13.1865139
          ],
          [
            80.2955889,
            13.1850932
          ],
          [
            80.2967476,
            13.1850097
          ],
          [
            80.2984213,
            13.1858871
          ],
          [
            80.3003525,
            13.1890627
          ],
          [
            80.3022407,
            13.1927814
          ],
          [
            80.3036569,
            13.1975863
          ],
          [
            80.3046011,
            13.2000097
          ],
          [
            80.3075622,
            13.2034775
          ],
          [
            80.3096222,
            13.2056501
          ],
          [
            80.3109724,
            13.2086904
          ],
          [
            80.3122977,
            13.2126352
          ],
          [
            80.314646,
            13.2177772
          ],
          [
            80.3161695,
            13.2195349
          ],
          [
            80.3179317,
            13.2214362
          ],
          [
            80.3183974,
            13.223108
          ],
          [
            80.3183801,
            13.223449
          ],
          [
            80.3182519,
            13.2259699
          ],
          [
            80.3186862,
            13.2268156
          ],
          [
            80.3214537,
            13.2300219
          ],
          [
            80.3271297,
            13.2331954
          ],
          [
            80.3279116,
            13.2332463
          ],
          [
            80.3284585,
            13.2331163
          ],
          [
            80.3289191,
            13.2326348
          ],
          [
            80.329687,
            13.2324312
          ],
          [
            80.3304863,
            13.2325565
          ],
          [
            80.3307993,
            13.2327922
          ]
        ]
      },
      "properties": {
        "id": 133599488,
        "osm_id": 133599488,
        "name": "Kortallaiyar River",
        "waterway_type": "river",
        "drain_type": "river",
        "surface": "Data Unavailable",
        "tunnel": "no",
        "covered": "Data Unavailable",
        "capacity": "Data Unavailable",
        "flow_velocity": "Data Unavailable",
        "maintenance_status": "Data Unavailable",
        "condition": "Data Unavailable",
        "district": "Chennai",
        "source": "OpenStreetMap / Overpass API (OSM Contributors)",
        "data_source_type": "OpenStreetMap Verified Data"
      }
    },
    {
      "type": "Feature",
      "id": 178105896,
      "geometry": {
        "type": "LineString",
        "coordinates": [
          [
            80.1612751,
            13.0014229
          ],
          [
            80.1641855,
            13.0044866
          ]
        ]
      },
      "properties": {
        "id": 178105896,
        "osm_id": 178105896,
        "name": "Adyar River",
        "waterway_type": "river",
        "drain_type": "river",
        "surface": "Data Unavailable",
        "tunnel": "yes",
        "covered": "Data Unavailable",
        "capacity": "Data Unavailable",
        "flow_velocity": "Data Unavailable",
        "maintenance_status": "Data Unavailable",
        "condition": "Data Unavailable",
        "district": "Chennai",
        "source": "OpenStreetMap / Overpass API (OSM Contributors)",
        "data_source_type": "OpenStreetMap Verified Data"
      }
    },
    {
      "type": "Feature",
      "id": 178105900,
      "geometry": {
        "type": "LineString",
        "coordinates": [
          [
            80.1641855,
            13.0044866
          ],
          [
            80.1644814,
            13.0047291
          ],
          [
            80.1651201,
            13.0053757
          ],
          [
            80.1660752,
            13.0059905
          ],
          [
            80.1662816,
            13.0060076
          ],
          [
            80.1671892,
            13.0058997
          ],
          [
            80.1679914,
            13.0059873
          ],
          [
            80.168538,
            13.0057356
          ],
          [
            80.1689677,
            13.0049415
          ],
          [
            80.1694346,
            13.0038119
          ],
          [
            80.1693455,
            13.0033057
          ],
          [
            80.1694644,
            13.0030557
          ],
          [
            80.1697879,
            13.002516
          ],
          [
            80.1704495,
            13.0022106
          ],
          [
            80.1749511,
            13.0014454
          ],
          [
            80.1774734,
            13.0017547
          ],
          [
            80.17833,
            13.0025637
          ],
          [
            80.1803288,
            13.0058474
          ],
          [
            80.1810157,
            13.0083875
          ],
          [
            80.181359,
            13.0096419
          ],
          [
            80.1819598,
            13.0112308
          ],
          [
            80.1821315,
            13.0128614
          ],
          [
            80.1820885,
            13.0149104
          ],
          [
            80.1820753,
            13.0151944
          ],
          [
            80.1820456,
            13.0158303
          ],
          [
            80.1822602,
            13.0168338
          ],
          [
            80.182861,
            13.01767
          ],
          [
            80.1841914,
            13.0182972
          ],
          [
            80.1853501,
            13.0189244
          ],
          [
            80.1866555,
            13.0194576
          ],
          [
            80.1880439,
            13.0209627
          ],
          [
            80.1890975,
            13.0226992
          ],
          [
            80.1904277,
            13.0244163
          ],
          [
            80.1911666,
            13.0253382
          ],
          [
            80.1942586,
            13.0280517
          ],
          [
            80.1968411,
            13.0288711
          ],
          [
            80.1972181,
            13.0288927
          ],
          [
            80.2000676,
            13.0288293
          ],
          [
            80.2085925,
            13.0266559
          ],
          [
            80.2109773,
            13.0247498
          ],
          [
            80.2110514,
            13.0246121
          ],
          [
            80.2115128,
            13.023561
          ],
          [
            80.2115618,
            13.0218509
          ],
          [
            80.2120176,
            13.0202155
          ],
          [
            80.2123994,
            13.0194407
          ],
          [
            80.2127164,
            13.0191372
          ],
          [
            80.2146189,
            13.01794
          ],
          [
            80.2193974,
            13.0164637
          ],
          [
            80.2225262,
            13.0159116
          ],
          [
            80.223314,
            13.0159454
          ],
          [
            80.2239156,
            13.0162175
          ],
          [
            80.2268443,
            13.0186241
          ],
          [
            80.227405,
            13.0188594
          ],
          [
            80.2284879,
            13.0188259
          ],
          [
            80.2288427,
            13.0185997
          ],
          [
            80.2297857,
            13.0172684
          ],
          [
            80.2304541,
            13.0165829
          ],
          [
            80.231527,
            13.0155376
          ],
          [
            80.2338874,
            13.0155376
          ],
          [
            80.2350461,
            13.016123
          ],
          [
            80.2361619,
            13.0190498
          ],
          [
            80.2371178,
            13.0210774
          ],
          [
            80.2384364,
            13.0234401
          ],
          [
            80.2396054,
            13.0254921
          ],
          [
            80.2403778,
            13.0260984
          ],
          [
            80.2418048,
            13.0264851
          ],
          [
            80.2433287,
            13.0262414
          ],
          [
            80.2445304,
            13.0254052
          ],
          [
            80.2449117,
            13.025047
          ],
          [
            80.2469336,
            13.0231474
          ],
          [
            80.2482137,
            13.0214538
          ],
          [
            80.2486,
            13.0207012
          ],
          [
            80.249115,
            13.0196141
          ],
          [
            80.2494138,
            13.018594
          ],
          [
            80.2505243,
            13.0164956
          ],
          [
            80.2510071,
            13.015722
          ],
          [
            80.2529061,
            13.014938
          ],
          [
            80.2560389,
            13.0142899
          ],
          [
            80.2585071,
            13.0139994
          ],
          [
            80.2606393,
            13.0139688
          ],
          [
            80.2643758,
            13.0152057
          ],
          [
            80.2667341,
            13.0156529
          ],
          [
            80.2669903,
            13.0156736
          ],
          [
            80.2671698,
            13.015668
          ],
          [
            80.2675647,
            13.0156299
          ],
          [
            80.2680125,
            13.0155323
          ],
          [
            80.2683212,
            13.0154153
          ],
          [
            80.269145,
            13.0149175
          ],
          [
            80.2695108,
            13.0147157
          ],
          [
            80.2703208,
            13.0143412
          ],
          [
            80.2708078,
            13.0141536
          ],
          [
            80.2713181,
            13.013956
          ],
          [
            80.2718457,
            13.0137646
          ],
          [
            80.2724541,
            13.0135954
          ],
          [
            80.2730533,
            13.013453
          ],
          [
            80.2735119,
            13.0133562
          ],
          [
            80.275027,
            13.0130658
          ],
          [
            80.2760632,
            13.0128788
          ],
          [
            80.2774629,
            13.0126145
          ]
        ]
      },
      "properties": {
        "id": 178105900,
        "osm_id": 178105900,
        "name": "Adyar River",
        "waterway_type": "river",
        "drain_type": "river",
        "surface": "Data Unavailable",
        "tunnel": "no",
        "covered": "Data Unavailable",
        "capacity": "Data Unavailable",
        "flow_velocity": "Data Unavailable",
        "maintenance_status": "Data Unavailable",
        "condition": "Data Unavailable",
        "district": "Chennai",
        "source": "OpenStreetMap / Overpass API (OSM Contributors)",
        "data_source_type": "OpenStreetMap Verified Data"
      }
    },
    {
      "type": "Feature",
      "id": 201560881,
      "geometry": {
        "type": "LineString",
        "coordinates": [
          [
            80.2257083,
            12.9271398
          ],
          [
            80.227028,
            12.9249752
          ],
          [
            80.2275753,
            12.9245744
          ],
          [
            80.2283691,
            12.9242536
          ],
          [
            80.2302983,
            12.9239366
          ],
          [
            80.2316308,
            12.9234973
          ],
          [
            80.2322859,
            12.9229179
          ],
          [
            80.2326301,
            12.922409
          ],
          [
            80.2327466,
            12.9219078
          ],
          [
            80.2335083,
            12.9208307
          ],
          [
            80.2341628,
            12.920402
          ],
          [
            80.2348924,
            12.9202137
          ],
          [
            80.2359116,
            12.9199941
          ],
          [
            80.2368128,
            12.9200673
          ],
          [
            80.2376282,
            12.920517
          ],
          [
            80.2382505,
            12.9210817
          ],
          [
            80.2389049,
            12.9223261
          ],
          [
            80.2394843,
            12.9236437
          ],
          [
            80.2399027,
            12.9241247
          ],
          [
            80.2403963,
            12.9244384
          ],
          [
            80.2407718,
            12.9245325
          ],
          [
            80.2413894,
            12.9244383
          ],
          [
            80.2419734,
            12.9240933
          ],
          [
            80.2428652,
            12.9232189
          ],
          [
            80.2433467,
            12.9230319
          ]
        ]
      },
      "properties": {
        "id": 201560881,
        "osm_id": 201560881,
        "name": "Okkiyam Maduvu",
        "waterway_type": "river",
        "drain_type": "river",
        "surface": "Data Unavailable",
        "tunnel": "no",
        "covered": "Data Unavailable",
        "capacity": "Data Unavailable",
        "flow_velocity": "Data Unavailable",
        "maintenance_status": "Data Unavailable",
        "condition": "Data Unavailable",
        "district": "Chennai",
        "source": "OpenStreetMap / Overpass API (OSM Contributors)",
        "data_source_type": "OpenStreetMap Verified Data"
      }
    },
    {
      "type": "Feature",
      "id": 202505379,
      "geometry": {
        "type": "LineString",
        "coordinates": [
          [
            79.8434449,
            13.055119
          ],
          [
            79.8446953,
            13.056413
          ],
          [
            79.8461544,
            13.0570923
          ],
          [
            79.8471093,
            13.0573849
          ],
          [
            79.8479247,
            13.0579911
          ],
          [
            79.8490405,
            13.0592871
          ],
          [
            79.8498774,
            13.0601127
          ],
          [
            79.8510522,
            13.0611945
          ],
          [
            79.8517227,
            13.0626838
          ],
          [
            79.8525703,
            13.0637341
          ],
          [
            79.853493,
            13.0648681
          ],
          [
            79.8547482,
            13.067021
          ],
          [
            79.8564112,
            13.0697696
          ],
          [
            79.8568526,
            13.0713115
          ],
          [
            79.8570335,
            13.0719434
          ],
          [
            79.8577738,
            13.0755698
          ],
          [
            79.8582049,
            13.0766831
          ],
          [
            79.8591256,
            13.0789976
          ],
          [
            79.8605204,
            13.0812967
          ],
          [
            79.8618293,
            13.0827388
          ],
          [
            79.8626017,
            13.0842019
          ],
          [
            79.8654341,
            13.0863964
          ],
          [
            79.8671508,
            13.0885701
          ],
          [
            79.8694253,
            13.0908064
          ],
          [
            79.8712492,
            13.0927919
          ],
          [
            79.8739743,
            13.0957805
          ],
          [
            79.8754764,
            13.0966061
          ],
          [
            79.8771608,
            13.0975256
          ],
          [
            79.877885,
            13.0983094
          ],
          [
            79.8794353,
            13.0991558
          ],
          [
            79.8809051,
            13.100462
          ],
          [
            79.8826432,
            13.1011308
          ],
          [
            79.8859692,
            13.1024579
          ],
          [
            79.8874068,
            13.1027504
          ],
          [
            79.8889625,
            13.1028131
          ],
          [
            79.8913979,
            13.1035655
          ],
          [
            79.8925459,
            13.104182
          ],
          [
            79.8935866,
            13.1049971
          ],
          [
            79.8950672,
            13.1054778
          ],
          [
            79.8962366,
            13.1055614
          ],
          [
            79.8971164,
            13.1051747
          ],
          [
            79.8989189,
            13.1047776
          ],
          [
            79.9001849,
            13.1047776
          ],
          [
            79.9013436,
            13.105321
          ],
          [
            79.902792,
            13.1068675
          ],
          [
            79.9042833,
            13.1082991
          ],
          [
            79.9061286,
            13.1105039
          ],
          [
            79.9069548,
            13.1113711
          ],
          [
            79.9114609,
            13.1137143
          ],
          [
            79.9119705,
            13.1140174
          ],
          [
            79.9126115,
            13.1141375
          ],
          [
            79.9129763,
            13.1141036
          ],
          [
            79.9269055,
            13.1094258
          ],
          [
            79.9318408,
            13.1093004
          ],
          [
            79.9491614,
            13.1107633
          ],
          [
            79.9581515,
            13.1091233
          ],
          [
            79.9632597,
            13.10646
          ],
          [
            79.9673366,
            13.1029908
          ],
          [
            79.972229,
            13.1008173
          ],
          [
            79.9816655,
            13.0992104
          ],
          [
            79.9866437,
            13.0997454
          ],
          [
            79.9901247,
            13.0988319
          ],
          [
            79.9944005,
            13.0967269
          ],
          [
            79.9960828,
            13.0957237
          ],
          [
            79.9984603,
            13.0943025
          ],
          [
            80.0017047,
            13.0930485
          ],
          [
            80.004623,
            13.0918196
          ],
          [
            80.0067001,
            13.0910003
          ],
          [
            80.009172,
            13.0908164
          ],
          [
            80.0099811,
            13.0908756
          ],
          [
            80.0113778,
            13.0912929
          ],
          [
            80.0128627,
            13.0915855
          ],
          [
            80.0150256,
            13.0917527
          ],
          [
            80.0173602,
            13.0915437
          ],
          [
            80.019918,
            13.0912929
          ],
          [
            80.0220809,
            13.0903733
          ],
          [
            80.0244842,
            13.0894788
          ],
          [
            80.026012,
            13.0890775
          ],
          [
            80.0280891,
            13.0890942
          ],
          [
            80.030561,
            13.0887431
          ],
          [
            80.0342689,
            13.0883836
          ],
          [
            80.0359254,
            13.0885759
          ],
          [
            80.0391698,
            13.0895122
          ],
          [
            80.0411783,
            13.0904987
          ],
          [
            80.0422597,
            13.0915437
          ],
          [
            80.0430923,
            13.0926054
          ],
          [
            80.0446201,
            13.0942356
          ],
          [
            80.0458775,
            13.0955445
          ],
          [
            80.0472551,
            13.0967101
          ],
          [
            80.0482421,
            13.0975796
          ],
          [
            80.0493568,
            13.0981595
          ],
          [
            80.0509715,
            13.0989171
          ],
          [
            80.0525019,
            13.0996441
          ],
          [
            80.053392,
            13.100238
          ],
          [
            80.0539488,
            13.101228
          ],
          [
            80.0541622,
            13.101835
          ],
          [
            80.0546907,
            13.1035338
          ],
          [
            80.0550227,
            13.1046686
          ],
          [
            80.0554776,
            13.1057971
          ],
          [
            80.0560527,
            13.1067166
          ],
          [
            80.0570569,
            13.1074021
          ],
          [
            80.0581556,
            13.1076195
          ],
          [
            80.0591169,
            13.1075108
          ],
          [
            80.0599151,
            13.1070928
          ],
          [
            80.0607476,
            13.1062819
          ],
          [
            80.0613141,
            13.1054794
          ],
          [
            80.0620008,
            13.1048358
          ],
          [
            80.06352,
            13.1037908
          ],
          [
            80.0644212,
            13.1032892
          ],
          [
            80.0660091,
            13.1027041
          ],
          [
            80.067554,
            13.1026873
          ],
          [
            80.069571,
            13.1026037
          ],
          [
            80.0713477,
            13.1023279
          ],
          [
            80.072721,
            13.101935
          ],
          [
            80.0739484,
            13.1014919
          ],
          [
            80.0748067,
            13.1007981
          ],
          [
            80.0753818,
            13.0998451
          ],
          [
            80.0759483,
            13.0987583
          ],
          [
            80.0767551,
            13.097521
          ],
          [
            80.077682,
            13.0968355
          ],
          [
            80.0791841,
            13.0966683
          ],
          [
            80.0811728,
            13.0970504
          ],
          [
            80.0825304,
            13.0974553
          ],
          [
            80.0831752,
            13.0977718
          ],
          [
            80.0839906,
            13.0988419
          ],
          [
            80.0847631,
            13.0998618
          ],
          [
            80.0856214,
            13.1009318
          ],
          [
            80.0864797,
            13.1018012
          ],
          [
            80.0872093,
            13.1027041
          ],
          [
            80.0879216,
            13.1032474
          ],
          [
            80.0893293,
            13.1035567
          ],
          [
            80.0903421,
            13.1033561
          ],
          [
            80.0916724,
            13.1026205
          ],
          [
            80.0935178,
            13.1015337
          ],
          [
            80.095037,
            13.1001544
          ],
          [
            80.0964961,
            13.0986914
          ],
          [
            80.0983742,
            13.0965139
          ],
          [
            80.0997535,
            13.0948951
          ],
          [
            80.1007705,
            13.0936337
          ],
          [
            80.1015859,
            13.0926723
          ],
          [
            80.1021438,
            13.0915437
          ],
          [
            80.1026159,
            13.0904151
          ],
          [
            80.1033454,
            13.0893701
          ],
          [
            80.1042295,
            13.0883418
          ],
          [
            80.1048475,
            13.0871547
          ],
          [
            80.1053796,
            13.086302
          ],
          [
            80.1058603,
            13.0858338
          ],
          [
            80.107122,
            13.0852737
          ],
          [
            80.1083665,
            13.084563
          ],
          [
            80.1095939,
            13.083518
          ],
          [
            80.1102119,
            13.0825733
          ],
          [
            80.1107698,
            13.081453
          ],
          [
            80.1114993,
            13.0793964
          ],
          [
            80.1118856,
            13.0780671
          ],
          [
            80.1121688,
            13.0763448
          ],
          [
            80.1124439,
            13.075613
          ],
          [
            80.1129721,
            13.0745016
          ],
          [
            80.1129251,
            13.0734049
          ],
          [
            80.1134659,
            13.0715675
          ],
          [
            80.1139627,
            13.070183
          ],
          [
            80.1139627,
            13.0692801
          ],
          [
            80.1137481,
            13.0680092
          ],
          [
            80.1135193,
            13.0667488
          ],
          [
            80.1137138,
            13.0658103
          ],
          [
            80.1140571,
            13.0651415
          ],
          [
            80.1146922,
            13.0647485
          ],
          [
            80.1160312,
            13.06469
          ],
          [
            80.1176105,
            13.0647485
          ],
          [
            80.1192069,
            13.0650579
          ],
          [
            80.1209064,
            13.0653421
          ],
          [
            80.1220393,
            13.0658438
          ],
          [
            80.1228462,
            13.0664959
          ],
          [
            80.1235843,
            13.0668722
          ],
          [
            80.1247773,
            13.0668387
          ],
          [
            80.1260562,
            13.0667133
          ],
          [
            80.127584,
            13.0667551
          ],
          [
            80.1287856,
            13.06673
          ],
          [
            80.1303306,
            13.0665043
          ],
          [
            80.131249,
            13.0665377
          ],
          [
            80.1325879,
            13.0663287
          ],
          [
            80.1337896,
            13.0659107
          ],
          [
            80.1346736,
            13.0653756
          ],
          [
            80.135592,
            13.0645729
          ],
          [
            80.136313,
            13.0639291
          ],
          [
            80.1371335,
            13.0631881
          ],
          [
            80.1376857,
            13.0626519
          ],
          [
            80.1379756,
            13.0622789
          ],
          [
            80.138518,
            13.0621213
          ],
          [
            80.1391143,
            13.0619445
          ],
          [
            80.1410225,
            13.0618027
          ],
          [
            80.1419139,
            13.0619223
          ],
          [
            80.1429023,
            13.062095
          ],
          [
            80.1438465,
            13.0622037
          ],
          [
            80.1446704,
            13.0623291
          ],
          [
            80.1453914,
            13.0625298
          ],
          [
            80.148867,
            13.0631655
          ],
          [
            80.1509217,
            13.0625185
          ],
          [
            80.1526092,
            13.0616354
          ],
          [
            80.153842,
            13.0612245
          ],
          [
            80.1550136,
            13.0613032
          ],
          [
            80.1585372,
            13.0627458
          ],
          [
            80.1621307,
            13.0632792
          ],
          [
            80.1628564,
            13.0639786
          ],
          [
            80.1639843,
            13.0643896
          ],
          [
            80.1678488,
            13.065806
          ],
          [
            80.1712704,
            13.0660027
          ],
          [
            80.172815,
            13.0665565
          ],
          [
            80.1736894,
            13.0672851
          ],
          [
            80.1748187,
            13.070134
          ],
          [
            80.1769171,
            13.0712342
          ],
          [
            80.1784943,
            13.0717144
          ],
          [
            80.1802202,
            13.0718372
          ],
          [
            80.1816618,
            13.0719842
          ],
          [
            80.186638,
            13.0725356
          ],
          [
            80.1885557,
            13.073325
          ],
          [
            80.1907314,
            13.0749504
          ],
          [
            80.1917434,
            13.0769111
          ],
          [
            80.1918819,
            13.0773693
          ],
          [
            80.1927106,
            13.0782111
          ],
          [
            80.1933816,
            13.0787676
          ],
          [
            80.1941278,
            13.0788465
          ],
          [
            80.1975115,
            13.0782456
          ],
          [
            80.1984605,
            13.0779395
          ],
          [
            80.199013,
            13.0778131
          ],
          [
            80.2003306,
            13.0774889
          ],
          [
            80.2024517,
            13.0774787
          ],
          [
            80.2052659,
            13.0777481
          ],
          [
            80.2066392,
            13.0784504
          ],
          [
            80.2107076,
            13.0784002
          ],
          [
            80.2122868,
            13.0778066
          ],
          [
            80.213952,
            13.0765943
          ],
          [
            80.2144013,
            13.0765094
          ],
          [
            80.2149196,
            13.076675
          ],
          [
            80.2152668,
            13.076939
          ],
          [
            80.2155262,
            13.0772591
          ],
          [
            80.2156465,
            13.0777358
          ],
          [
            80.2156266,
            13.0791899
          ],
          [
            80.2156906,
            13.0794565
          ],
          [
            80.2158555,
            13.0797299
          ],
          [
            80.2164107,
            13.0802042
          ],
          [
            80.2174156,
            13.0807004
          ],
          [
            80.2175465,
            13.0807265
          ],
          [
            80.2176681,
            13.0807315
          ],
          [
            80.2178618,
            13.0807235
          ],
          [
            80.2179389,
            13.0807167
          ],
          [
            80.2180869,
            13.0806878
          ],
          [
            80.2181667,
            13.0806619
          ],
          [
            80.2183028,
            13.0806006
          ],
          [
            80.2184107,
            13.0805365
          ],
          [
            80.2185513,
            13.0804435
          ],
          [
            80.2187547,
            13.080288
          ],
          [
            80.2189216,
            13.0801642
          ],
          [
            80.219738,
            13.0794852
          ],
          [
            80.2204751,
            13.078233
          ],
          [
            80.2217626,
            13.0767532
          ],
          [
            80.2220811,
            13.0755976
          ],
          [
            80.2221498,
            13.0739255
          ],
          [
            80.2223386,
            13.0731313
          ],
          [
            80.2225961,
            13.072546
          ],
          [
            80.2229909,
            13.0721029
          ],
          [
            80.2235059,
            13.0718521
          ],
          [
            80.2241239,
            13.0717099
          ],
          [
            80.2247505,
            13.0716431
          ],
          [
            80.2253513,
            13.0717935
          ],
          [
            80.2260379,
            13.0718604
          ],
          [
            80.2269306,
            13.0719608
          ],
          [
            80.2277288,
            13.0720862
          ],
          [
            80.2282156,
            13.072278
          ],
          [
            80.2284703,
            13.0722894
          ],
          [
            80.2286164,
            13.0722926
          ],
          [
            80.2287214,
            13.0722904
          ],
          [
            80.2288374,
            13.0722766
          ],
          [
            80.2289614,
            13.0722537
          ],
          [
            80.2290787,
            13.0722278
          ],
          [
            80.2291841,
            13.0721873
          ],
          [
            80.2292703,
            13.0721313
          ],
          [
            80.2293342,
            13.0720644
          ],
          [
            80.2293965,
            13.0719664
          ],
          [
            80.229446,
            13.0718622
          ],
          [
            80.2294777,
            13.071782
          ],
          [
            80.2295451,
            13.0716115
          ],
          [
            80.2295592,
            13.0715497
          ],
          [
            80.2295747,
            13.0714412
          ],
          [
            80.2295773,
            13.0713226
          ],
          [
            80.2295697,
            13.0711868
          ],
          [
            80.2295545,
            13.0710534
          ],
          [
            80.2295373,
            13.0709487
          ],
          [
            80.2295069,
            13.070829
          ],
          [
            80.2294166,
            13.0705691
          ],
          [
            80.2293,
            13.0702925
          ],
          [
            80.2291403,
            13.0699764
          ],
          [
            80.2290312,
            13.0698307
          ],
          [
            80.2289146,
            13.0697072
          ],
          [
            80.2288385,
            13.0696281
          ],
          [
            80.2287663,
            13.0695491
          ],
          [
            80.228708,
            13.0694763
          ],
          [
            80.2286611,
            13.0694034
          ],
          [
            80.2285799,
            13.06927
          ],
          [
            80.2284632,
            13.0690486
          ],
          [
            80.2283821,
            13.0688658
          ],
          [
            80.2283441,
            13.0687448
          ],
          [
            80.2283162,
            13.068604
          ],
          [
            80.2283187,
            13.068483
          ],
          [
            80.2283441,
            13.0683818
          ],
          [
            80.228372,
            13.0683052
          ],
          [
            80.2284061,
            13.0682452
          ],
          [
            80.2284309,
            13.0682146
          ],
          [
            80.2284504,
            13.0681982
          ],
          [
            80.2284782,
            13.0681791
          ],
          [
            80.2285191,
            13.0681554
          ],
          [
            80.2285655,
            13.0681275
          ],
          [
            80.2287305,
            13.068051
          ],
          [
            80.2289321,
            13.0679688
          ],
          [
            80.2289863,
            13.0679484
          ],
          [
            80.2290587,
            13.0679216
          ],
          [
            80.2291244,
            13.067902
          ],
          [
            80.229179,
            13.0678897
          ],
          [
            80.2292489,
            13.067876
          ],
          [
            80.2293306,
            13.0678668
          ],
          [
            80.2294525,
            13.0678653
          ],
          [
            80.2296181,
            13.067879
          ],
          [
            80.2298416,
            13.0679064
          ],
          [
            80.2300989,
            13.0679533
          ],
          [
            80.2310171,
            13.0681517
          ],
          [
            80.2311195,
            13.0681721
          ],
          [
            80.2311821,
            13.0681841
          ],
          [
            80.2312219,
            13.0681905
          ],
          [
            80.2312739,
            13.068198
          ],
          [
            80.2313422,
            13.0682058
          ],
          [
            80.2314471,
            13.0682112
          ],
          [
            80.2315286,
            13.0682137
          ],
          [
            80.231611,
            13.0682136
          ],
          [
            80.2318154,
            13.0682001
          ],
          [
            80.2322118,
            13.0681657
          ],
          [
            80.2325927,
            13.0681179
          ],
          [
            80.2335076,
            13.0680054
          ],
          [
            80.2336215,
            13.0679902
          ],
          [
            80.2337264,
            13.0679705
          ],
          [
            80.2338378,
            13.0679386
          ],
          [
            80.2339314,
            13.067901
          ],
          [
            80.2340042,
            13.0678641
          ],
          [
            80.2340617,
            13.0678311
          ],
          [
            80.2341239,
            13.0677929
          ],
          [
            80.2341871,
            13.0677509
          ],
          [
            80.2342611,
            13.0676992
          ],
          [
            80.2343256,
            13.0676521
          ],
          [
            80.2344106,
            13.0675823
          ],
          [
            80.2344556,
            13.0675323
          ],
          [
            80.2344973,
            13.0674816
          ],
          [
            80.2345688,
            13.0673868
          ],
          [
            80.2346311,
            13.0673083
          ],
          [
            80.2347056,
            13.0672268
          ],
          [
            80.2347968,
            13.0671394
          ],
          [
            80.2348957,
            13.0670505
          ],
          [
            80.2349808,
            13.0669883
          ],
          [
            80.2350796,
            13.0669202
          ],
          [
            80.2352165,
            13.0668328
          ],
          [
            80.2353763,
            13.0667468
          ],
          [
            80.2355825,
            13.0666484
          ],
          [
            80.2358098,
            13.0665643
          ],
          [
            80.2360287,
            13.0665008
          ],
          [
            80.2364853,
            13.0663778
          ],
          [
            80.2368578,
            13.0663019
          ],
          [
            80.2371145,
            13.066263
          ],
          [
            80.2373818,
            13.0662363
          ],
          [
            80.2375228,
            13.0662271
          ],
          [
            80.2376532,
            13.066224
          ],
          [
            80.2377351,
            13.0662244
          ],
          [
            80.2378321,
            13.0662322
          ],
          [
            80.2379605,
            13.0662486
          ],
          [
            80.2381015,
            13.0662753
          ],
          [
            80.2383023,
            13.0663197
          ],
          [
            80.2384626,
            13.06637
          ],
          [
            80.238639,
            13.0664481
          ],
          [
            80.2388509,
            13.0665609
          ],
          [
            80.2393604,
            13.066842
          ],
          [
            80.2396472,
            13.0670016
          ],
          [
            80.2398235,
            13.0670867
          ],
          [
            80.2400248,
            13.0671821
          ],
          [
            80.2402582,
            13.0672914
          ],
          [
            80.2404791,
            13.0673886
          ],
          [
            80.2420235,
            13.0680063
          ],
          [
            80.2423349,
            13.0681281
          ],
          [
            80.2425427,
            13.0682005
          ],
          [
            80.2427958,
            13.068279
          ],
          [
            80.2429736,
            13.0683305
          ],
          [
            80.2436343,
            13.0685684
          ],
          [
            80.2447404,
            13.0691338
          ],
          [
            80.246958,
            13.0702938
          ],
          [
            80.2475105,
            13.0706259
          ],
          [
            80.2480642,
            13.0708739
          ],
          [
            80.2486983,
            13.0710307
          ],
          [
            80.249195,
            13.0710411
          ],
          [
            80.249754,
            13.0709157
          ],
          [
            80.2503291,
            13.0707224
          ],
          [
            80.2511584,
            13.0701945
          ],
          [
            80.2521948,
            13.0695246
          ],
          [
            80.25286,
            13.0689237
          ],
          [
            80.2540939,
            13.0675244
          ],
          [
            80.2546347,
            13.0669681
          ],
          [
            80.2547043,
            13.0668597
          ],
          [
            80.2553287,
            13.0661657
          ],
          [
            80.2555197,
            13.0658679
          ],
          [
            80.2556731,
            13.0654446
          ],
          [
            80.2556626,
            13.0651955
          ],
          [
            80.2557374,
            13.0648395
          ],
          [
            80.2557343,
            13.0643881
          ],
          [
            80.25573,
            13.0638821
          ],
          [
            80.2557572,
            13.0632264
          ],
          [
            80.2557713,
            13.0628876
          ],
          [
            80.2559487,
            13.0624305
          ],
          [
            80.2560024,
            13.0622921
          ],
          [
            80.256137,
            13.0620689
          ],
          [
            80.2564081,
            13.0616194
          ],
          [
            80.2568372,
            13.061238
          ],
          [
            80.2573146,
            13.0610331
          ],
          [
            80.2580871,
            13.0610917
          ],
          [
            80.2586879,
            13.0613676
          ],
          [
            80.2596149,
            13.0622037
          ],
          [
            80.2603702,
            13.0630732
          ],
          [
            80.2606166,
            13.0637819
          ],
          [
            80.2607841,
            13.0642258
          ],
          [
            80.2608718,
            13.06455
          ],
          [
            80.2609116,
            13.0647122
          ],
          [
            80.2612718,
            13.0654267
          ],
          [
            80.2617432,
            13.0658385
          ],
          [
            80.2633667,
            13.0666447
          ],
          [
            80.2647721,
            13.0668643
          ],
          [
            80.2660704,
            13.0669374
          ],
          [
            80.267673,
            13.0672288
          ],
          [
            80.2685678,
            13.067668
          ],
          [
            80.2691603,
            13.0686095
          ],
          [
            80.2692157,
            13.0698842
          ],
          [
            80.2688506,
            13.0706069
          ],
          [
            80.2684847,
            13.0714454
          ],
          [
            80.267737,
            13.0721816
          ],
          [
            80.2660907,
            13.0739218
          ],
          [
            80.2657631,
            13.0747495
          ],
          [
            80.265743,
            13.0754191
          ],
          [
            80.2659278,
            13.0763229
          ],
          [
            80.2666991,
            13.0785954
          ],
          [
            80.2679495,
            13.0796762
          ],
          [
            80.2694086,
            13.079927
          ],
          [
            80.2706905,
            13.0795577
          ],
          [
            80.2724247,
            13.0785676
          ],
          [
            80.2727561,
            13.0784744
          ],
          [
            80.2731122,
            13.078123
          ],
          [
            80.2738182,
            13.0770844
          ],
          [
            80.274183,
            13.0753078
          ],
          [
            80.2743439,
            13.0748689
          ],
          [
            80.2744405,
            13.0741268
          ],
          [
            80.2748251,
            13.0727402
          ],
          [
            80.275234,
            13.0722071
          ],
          [
            80.2765755,
            13.0710648
          ],
          [
            80.2786849,
            13.0696189
          ],
          [
            80.2788929,
            13.0694763
          ],
          [
            80.2811674,
            13.0687656
          ],
          [
            80.282535,
            13.0686192
          ],
          [
            80.2848582,
            13.0685566
          ],
          [
            80.2865407,
            13.0680568
          ],
          [
            80.287213,
            13.0678407
          ],
          [
            80.2874807,
            13.067765
          ],
          [
            80.2877316,
            13.0677025
          ],
          [
            80.2878921,
            13.0676704
          ],
          [
            80.288137,
            13.0676286
          ],
          [
            80.2884166,
            13.0675918
          ],
          [
            80.2888377,
            13.0675261
          ],
          [
            80.2891605,
            13.0674672
          ],
          [
            80.2895437,
            13.0673755
          ],
          [
            80.2899337,
            13.0672641
          ],
          [
            80.2903602,
            13.0671229
          ],
          [
            80.2912636,
            13.0668058
          ]
        ]
      },
      "properties": {
        "id": 202505379,
        "osm_id": 202505379,
        "name": "Cooum",
        "waterway_type": "river",
        "drain_type": "river",
        "surface": "Data Unavailable",
        "tunnel": "no",
        "covered": "Data Unavailable",
        "capacity": "Data Unavailable",
        "flow_velocity": "Data Unavailable",
        "maintenance_status": "Data Unavailable",
        "condition": "Data Unavailable",
        "district": "Chennai",
        "source": "OpenStreetMap / Overpass API (OSM Contributors)",
        "data_source_type": "OpenStreetMap Verified Data"
      }
    },
    {
      "type": "Feature",
      "id": 209551269,
      "geometry": {
        "type": "LineString",
        "coordinates": [
          [
            80.2159232,
            12.9641369
          ],
          [
            80.2162777,
            12.9638422
          ],
          [
            80.2170698,
            12.9632482
          ],
          [
            80.2174322,
            12.9630326
          ],
          [
            80.2187708,
            12.9621617
          ],
          [
            80.2187021,
            12.9617502
          ],
          [
            80.2186793,
            12.9608352
          ],
          [
            80.2182376,
            12.9601239
          ],
          [
            80.2179727,
            12.9599039
          ],
          [
            80.2173303,
            12.9597495
          ],
          [
            80.2171595,
            12.9593539
          ],
          [
            80.2174964,
            12.9587654
          ],
          [
            80.2177827,
            12.9583494
          ],
          [
            80.2178352,
            12.9575834
          ],
          [
            80.2177757,
            12.9570072
          ],
          [
            80.2182187,
            12.9564654
          ],
          [
            80.2182027,
            12.9560343
          ],
          [
            80.2181508,
            12.9548721
          ],
          [
            80.2183332,
            12.954426
          ],
          [
            80.2189289,
            12.9530248
          ],
          [
            80.2191864,
            12.9526073
          ],
          [
            80.2190233,
            12.9518171
          ],
          [
            80.2186375,
            12.9506826
          ],
          [
            80.2178275,
            12.9498782
          ],
          [
            80.2180125,
            12.9477407
          ],
          [
            80.223599,
            12.9453632
          ],
          [
            80.2269539,
            12.9443451
          ],
          [
            80.2271406,
            12.9428945
          ],
          [
            80.2266127,
            12.9419171
          ],
          [
            80.2262227,
            12.940933
          ],
          [
            80.2265782,
            12.9390674
          ],
          [
            80.226991,
            12.9381105
          ],
          [
            80.2269182,
            12.9366954
          ],
          [
            80.2270961,
            12.9361397
          ],
          [
            80.2265658,
            12.9349566
          ],
          [
            80.2258271,
            12.9345771
          ],
          [
            80.223706,
            12.9340482
          ],
          [
            80.2232253,
            12.9332402
          ],
          [
            80.2228673,
            12.9328011
          ],
          [
            80.2226883,
            12.9316195
          ],
          [
            80.2238756,
            12.9300667
          ],
          [
            80.2250521,
            12.9294027
          ],
          [
            80.225795,
            12.9283416
          ],
          [
            80.2257083,
            12.9271398
          ]
        ]
      },
      "properties": {
        "id": 209551269,
        "osm_id": 209551269,
        "name": "Unnamed River",
        "waterway_type": "river",
        "drain_type": "river",
        "surface": "Data Unavailable",
        "tunnel": "no",
        "covered": "Data Unavailable",
        "capacity": "Data Unavailable",
        "flow_velocity": "Data Unavailable",
        "maintenance_status": "Data Unavailable",
        "condition": "Data Unavailable",
        "district": "Chennai",
        "source": "OpenStreetMap / Overpass API (OSM Contributors)",
        "data_source_type": "OpenStreetMap Verified Data"
      }
    },
    {
      "type": "Feature",
      "id": 210934230,
      "geometry": {
        "type": "LineString",
        "coordinates": [
          [
            80.170619,
            13.014825
          ],
          [
            80.1706395,
            13.0149337
          ],
          [
            80.1706583,
            13.0150443
          ],
          [
            80.1706676,
            13.0151427
          ],
          [
            80.1706788,
            13.0152751
          ],
          [
            80.1706925,
            13.0153389
          ],
          [
            80.1707449,
            13.0153371
          ],
          [
            80.1708958,
            13.0153304
          ],
          [
            80.1710379,
            13.0153146
          ],
          [
            80.1711252,
            13.0153079
          ],
          [
            80.1711894,
            13.0153077
          ],
          [
            80.1712836,
            13.0152903
          ],
          [
            80.1714675,
            13.0152684
          ],
          [
            80.1717306,
            13.0152375
          ],
          [
            80.1719382,
            13.0152186
          ],
          [
            80.1721708,
            13.0151949
          ],
          [
            80.1721951,
            13.0151961
          ],
          [
            80.1722506,
            13.0152429
          ]
        ]
      },
      "properties": {
        "id": 210934230,
        "osm_id": 210934230,
        "name": "Open drain",
        "waterway_type": "drain",
        "drain_type": "drain",
        "surface": "Data Unavailable",
        "tunnel": "no",
        "covered": "Data Unavailable",
        "capacity": "Data Unavailable",
        "flow_velocity": "Data Unavailable",
        "maintenance_status": "Data Unavailable",
        "condition": "Data Unavailable",
        "district": "Chennai",
        "source": "OpenStreetMap / Overpass API (OSM Contributors)",
        "data_source_type": "OpenStreetMap Verified Data"
      }
    },
    {
      "type": "Feature",
      "id": 214148762,
      "geometry": {
        "type": "LineString",
        "coordinates": [
          [
            80.2435144,
            13.0333872
          ],
          [
            80.2432205,
            13.0336376
          ],
          [
            80.243244,
            13.03372
          ],
          [
            80.2435849,
            13.0347484
          ],
          [
            80.2437611,
            13.0349948
          ]
        ]
      },
      "properties": {
        "id": 214148762,
        "osm_id": 214148762,
        "name": "Unnamed Drain",
        "waterway_type": "drain",
        "drain_type": "drain",
        "surface": "Data Unavailable",
        "tunnel": "no",
        "covered": "Data Unavailable",
        "capacity": "Data Unavailable",
        "flow_velocity": "Data Unavailable",
        "maintenance_status": "Data Unavailable",
        "condition": "Data Unavailable",
        "district": "Chennai",
        "source": "OpenStreetMap / Overpass API (OSM Contributors)",
        "data_source_type": "OpenStreetMap Verified Data"
      }
    },
    {
      "type": "Feature",
      "id": 214162275,
      "geometry": {
        "type": "LineString",
        "coordinates": [
          [
            80.2308608,
            13.0304919
          ],
          [
            80.2306314,
            13.0304566
          ]
        ]
      },
      "properties": {
        "id": 214162275,
        "osm_id": 214162275,
        "name": "Mambalam Drain",
        "waterway_type": "drain",
        "drain_type": "drain",
        "surface": "Data Unavailable",
        "tunnel": "yes",
        "covered": "Data Unavailable",
        "capacity": "Data Unavailable",
        "flow_velocity": "Data Unavailable",
        "maintenance_status": "Data Unavailable",
        "condition": "Data Unavailable",
        "district": "Chennai",
        "source": "OpenStreetMap / Overpass API (OSM Contributors)",
        "data_source_type": "OpenStreetMap Verified Data"
      }
    },
    {
      "type": "Feature",
      "id": 214162276,
      "geometry": {
        "type": "LineString",
        "coordinates": [
          [
            80.2306314,
            13.0304566
          ],
          [
            80.2304213,
            13.0303769
          ],
          [
            80.2302919,
            13.0303259
          ],
          [
            80.2301918,
            13.0302795
          ],
          [
            80.2300981,
            13.0301983
          ],
          [
            80.229999,
            13.0300975
          ],
          [
            80.2296242,
            13.0297077
          ],
          [
            80.2293703,
            13.0293923
          ],
          [
            80.2292004,
            13.0292167
          ],
          [
            80.2288588,
            13.0289802
          ],
          [
            80.2286496,
            13.0288882
          ],
          [
            80.2283972,
            13.0287814
          ],
          [
            80.2281413,
            13.0286918
          ],
          [
            80.2279314,
            13.028573
          ],
          [
            80.2277635,
            13.0284429
          ],
          [
            80.2276638,
            13.0281954
          ],
          [
            80.2274652,
            13.0273348
          ],
          [
            80.2272099,
            13.0271126
          ],
          [
            80.2271678,
            13.0269945
          ],
          [
            80.2272069,
            13.0268792
          ],
          [
            80.2273175,
            13.0267534
          ],
          [
            80.2276157,
            13.0266094
          ],
          [
            80.2277477,
            13.026541
          ],
          [
            80.2281969,
            13.0260653
          ],
          [
            80.2285812,
            13.0256695
          ],
          [
            80.228891,
            13.0253661
          ],
          [
            80.2291217,
            13.0251859
          ],
          [
            80.2295013,
            13.0247551
          ],
          [
            80.2296738,
            13.024603
          ],
          [
            80.2298791,
            13.0244857
          ],
          [
            80.2301395,
            13.0243104
          ],
          [
            80.2314544,
            13.0234538
          ],
          [
            80.2332402,
            13.0224835
          ],
          [
            80.2333972,
            13.0223814
          ],
          [
            80.2337006,
            13.0222078
          ],
          [
            80.2337827,
            13.0221188
          ],
          [
            80.2340153,
            13.0219608
          ],
          [
            80.2341225,
            13.0219338
          ],
          [
            80.2342521,
            13.0219306
          ],
          [
            80.2346306,
            13.0220626
          ],
          [
            80.2349249,
            13.0222432
          ],
          [
            80.2350581,
            13.0224425
          ],
          [
            80.2355162,
            13.0224906
          ],
          [
            80.2356436,
            13.0224765
          ],
          [
            80.235813,
            13.0223714
          ],
          [
            80.2361934,
            13.0222105
          ],
          [
            80.2364489,
            13.0221023
          ],
          [
            80.2368198,
            13.0218646
          ],
          [
            80.2371178,
            13.0210774
          ]
        ]
      },
      "properties": {
        "id": 214162276,
        "osm_id": 214162276,
        "name": "Mambalam Canal",
        "waterway_type": "canal",
        "drain_type": "canal",
        "surface": "Data Unavailable",
        "tunnel": "no",
        "covered": "Data Unavailable",
        "capacity": "Data Unavailable",
        "flow_velocity": "Data Unavailable",
        "maintenance_status": "Data Unavailable",
        "condition": "Data Unavailable",
        "district": "Chennai",
        "source": "OpenStreetMap / Overpass API (OSM Contributors)",
        "data_source_type": "OpenStreetMap Verified Data"
      }
    },
    {
      "type": "Feature",
      "id": 217688013,
      "geometry": {
        "type": "LineString",
        "coordinates": [
          [
            80.2520041,
            13.06112
          ],
          [
            80.2536124,
            13.0614012
          ],
          [
            80.2541789,
            13.062739
          ],
          [
            80.2543122,
            13.0627478
          ],
          [
            80.2544098,
            13.0627543
          ],
          [
            80.2551917,
            13.0628059
          ],
          [
            80.2557713,
            13.0628876
          ]
        ]
      },
      "properties": {
        "id": 217688013,
        "osm_id": 217688013,
        "name": "Unnamed Stream",
        "waterway_type": "stream",
        "drain_type": "stream",
        "surface": "Data Unavailable",
        "tunnel": "no",
        "covered": "Data Unavailable",
        "capacity": "Data Unavailable",
        "flow_velocity": "Data Unavailable",
        "maintenance_status": "Data Unavailable",
        "condition": "Data Unavailable",
        "district": "Chennai",
        "source": "OpenStreetMap / Overpass API (OSM Contributors)",
        "data_source_type": "OpenStreetMap Verified Data"
      }
    },
    {
      "type": "Feature",
      "id": 217696076,
      "geometry": {
        "type": "LineString",
        "coordinates": [
          [
            80.2453012,
            13.0756047
          ],
          [
            80.2456855,
            13.0758401
          ],
          [
            80.2458827,
            13.0759709
          ],
          [
            80.2463493,
            13.0762253
          ],
          [
            80.2465994,
            13.0763651
          ],
          [
            80.246732,
            13.0765239
          ],
          [
            80.2469669,
            13.0774368
          ],
          [
            80.2470799,
            13.0776148
          ],
          [
            80.2471942,
            13.0777552
          ],
          [
            80.2475616,
            13.0779914
          ],
          [
            80.2477989,
            13.0780453
          ],
          [
            80.2485396,
            13.0783236
          ],
          [
            80.2494645,
            13.0785013
          ],
          [
            80.2501995,
            13.0786051
          ],
          [
            80.2515607,
            13.0786559
          ],
          [
            80.2516064,
            13.0785669
          ],
          [
            80.2520805,
            13.0759574
          ],
          [
            80.2521565,
            13.0753403
          ],
          [
            80.2523414,
            13.0738392
          ],
          [
            80.2523501,
            13.0734114
          ],
          [
            80.2522204,
            13.0725643
          ],
          [
            80.2520912,
            13.0723816
          ],
          [
            80.2518667,
            13.0722887
          ],
          [
            80.2505259,
            13.0720401
          ],
          [
            80.249711,
            13.0717675
          ],
          [
            80.2481207,
            13.0713784
          ],
          [
            80.2473415,
            13.0709966
          ],
          [
            80.2473788,
            13.0708959
          ],
          [
            80.2475105,
            13.0706259
          ]
        ]
      },
      "properties": {
        "id": 217696076,
        "osm_id": 217696076,
        "name": "Unnamed Drain",
        "waterway_type": "drain",
        "drain_type": "drain",
        "surface": "Data Unavailable",
        "tunnel": "yes",
        "covered": "Data Unavailable",
        "capacity": "Data Unavailable",
        "flow_velocity": "Data Unavailable",
        "maintenance_status": "Data Unavailable",
        "condition": "Data Unavailable",
        "district": "Chennai",
        "source": "OpenStreetMap / Overpass API (OSM Contributors)",
        "data_source_type": "OpenStreetMap Verified Data"
      }
    },
    {
      "type": "Feature",
      "id": 217802635,
      "geometry": {
        "type": "LineString",
        "coordinates": [
          [
            80.1874178,
            13.0569144
          ],
          [
            80.1877875,
            13.0580157
          ],
          [
            80.1881694,
            13.0583165
          ],
          [
            80.1884944,
            13.0586252
          ],
          [
            80.1888682,
            13.0586648
          ],
          [
            80.1889479,
            13.0588919
          ]
        ]
      },
      "properties": {
        "id": 217802635,
        "osm_id": 217802635,
        "name": "Virugambakkam Canal",
        "waterway_type": "drain",
        "drain_type": "drain",
        "surface": "Data Unavailable",
        "tunnel": "no",
        "covered": "Data Unavailable",
        "capacity": "Data Unavailable",
        "flow_velocity": "Data Unavailable",
        "maintenance_status": "Data Unavailable",
        "condition": "Data Unavailable",
        "district": "Chennai",
        "source": "OpenStreetMap / Overpass API (OSM Contributors)",
        "data_source_type": "OpenStreetMap Verified Data"
      }
    },
    {
      "type": "Feature",
      "id": 217926516,
      "geometry": {
        "type": "LineString",
        "coordinates": [
          [
            80.2215033,
            13.0959182
          ],
          [
            80.2217019,
            13.0974111
          ],
          [
            80.2220227,
            13.0989347
          ]
        ]
      },
      "properties": {
        "id": 217926516,
        "osm_id": 217926516,
        "name": "Unnamed Drain",
        "waterway_type": "drain",
        "drain_type": "drain",
        "surface": "Data Unavailable",
        "tunnel": "yes",
        "covered": "Data Unavailable",
        "capacity": "Data Unavailable",
        "flow_velocity": "Data Unavailable",
        "maintenance_status": "Data Unavailable",
        "condition": "Data Unavailable",
        "district": "Chennai",
        "source": "OpenStreetMap / Overpass API (OSM Contributors)",
        "data_source_type": "OpenStreetMap Verified Data"
      }
    },
    {
      "type": "Feature",
      "id": 217926517,
      "geometry": {
        "type": "LineString",
        "coordinates": [
          [
            80.2220227,
            13.0989347
          ],
          [
            80.2224193,
            13.1020681
          ],
          [
            80.2227084,
            13.1035221
          ]
        ]
      },
      "properties": {
        "id": 217926517,
        "osm_id": 217926517,
        "name": "Unnamed Drain",
        "waterway_type": "drain",
        "drain_type": "drain",
        "surface": "Data Unavailable",
        "tunnel": "no",
        "covered": "Data Unavailable",
        "capacity": "Data Unavailable",
        "flow_velocity": "Data Unavailable",
        "maintenance_status": "Data Unavailable",
        "condition": "Data Unavailable",
        "district": "Chennai",
        "source": "OpenStreetMap / Overpass API (OSM Contributors)",
        "data_source_type": "OpenStreetMap Verified Data"
      }
    },
    {
      "type": "Feature",
      "id": 217926518,
      "geometry": {
        "type": "LineString",
        "coordinates": [
          [
            80.2274962,
            13.091656
          ],
          [
            80.2284036,
            13.0907711
          ],
          [
            80.2283229,
            13.0903456
          ],
          [
            80.2293387,
            13.0893825
          ],
          [
            80.2312623,
            13.0884562
          ],
          [
            80.2326888,
            13.0880983
          ],
          [
            80.2343152,
            13.0878141
          ],
          [
            80.2371952,
            13.0872088
          ],
          [
            80.2380057,
            13.0869404
          ],
          [
            80.2400428,
            13.085951
          ],
          [
            80.2406263,
            13.0857931
          ],
          [
            80.2419177,
            13.0856405
          ],
          [
            80.2422959,
            13.0853931
          ],
          [
            80.2423878,
            13.0852352
          ]
        ]
      },
      "properties": {
        "id": 217926518,
        "osm_id": 217926518,
        "name": "Unnamed Drain",
        "waterway_type": "drain",
        "drain_type": "drain",
        "surface": "Data Unavailable",
        "tunnel": "yes",
        "covered": "Data Unavailable",
        "capacity": "Data Unavailable",
        "flow_velocity": "Data Unavailable",
        "maintenance_status": "Data Unavailable",
        "condition": "Data Unavailable",
        "district": "Chennai",
        "source": "OpenStreetMap / Overpass API (OSM Contributors)",
        "data_source_type": "OpenStreetMap Verified Data"
      }
    },
    {
      "type": "Feature",
      "id": 240869135,
      "geometry": {
        "type": "LineString",
        "coordinates": [
          [
            80.2274962,
            13.091656
          ],
          [
            80.2263936,
            13.0927969
          ],
          [
            80.2257891,
            13.0933985
          ],
          [
            80.224495,
            13.0943659
          ],
          [
            80.2236999,
            13.0949602
          ],
          [
            80.2231825,
            13.0952372
          ],
          [
            80.2215033,
            13.0959182
          ]
        ]
      },
      "properties": {
        "id": 240869135,
        "osm_id": 240869135,
        "name": "Unnamed Drain",
        "waterway_type": "drain",
        "drain_type": "drain",
        "surface": "Data Unavailable",
        "tunnel": "no",
        "covered": "Data Unavailable",
        "capacity": "Data Unavailable",
        "flow_velocity": "Data Unavailable",
        "maintenance_status": "Data Unavailable",
        "condition": "Data Unavailable",
        "district": "Chennai",
        "source": "OpenStreetMap / Overpass API (OSM Contributors)",
        "data_source_type": "OpenStreetMap Verified Data"
      }
    },
    {
      "type": "Feature",
      "id": 290653341,
      "geometry": {
        "type": "LineString",
        "coordinates": [
          [
            80.1122768,
            13.0289424
          ],
          [
            80.1124385,
            13.0291743
          ],
          [
            80.1127324,
            13.0292562
          ],
          [
            80.1129006,
            13.0293108
          ],
          [
            80.1131154,
            13.0292744
          ],
          [
            80.1132275,
            13.0291743
          ],
          [
            80.113573,
            13.0291288
          ],
          [
            80.1136104,
            13.0290651
          ],
          [
            80.1137412,
            13.029238
          ],
          [
            80.1138906,
            13.0292471
          ],
          [
            80.114012,
            13.0291197
          ],
          [
            80.1142082,
            13.0291379
          ],
          [
            80.1143109,
            13.0291379
          ],
          [
            80.1144043,
            13.0291106
          ],
          [
            80.1144603,
            13.0290287
          ],
          [
            80.1145631,
            13.0289377
          ],
          [
            80.1146565,
            13.0288831
          ],
          [
            80.1147966,
            13.0288649
          ],
          [
            80.1149367,
            13.0288649
          ],
          [
            80.1150301,
            13.0288558
          ],
          [
            80.1151515,
            13.0287375
          ],
          [
            80.1153009,
            13.0287466
          ],
          [
            80.1154224,
            13.0287102
          ],
          [
            80.1156185,
            13.0286829
          ],
          [
            80.1157399,
            13.0285373
          ],
          [
            80.1158987,
            13.0284281
          ],
          [
            80.1159921,
            13.0283644
          ],
          [
            80.1161135,
            13.028328
          ],
          [
            80.1163283,
            13.0282552
          ],
          [
            80.1165618,
            13.0282007
          ],
          [
            80.1167767,
            13.0281097
          ],
          [
            80.1168887,
            13.0280096
          ],
          [
            80.1169541,
            13.0279368
          ],
          [
            80.1169821,
            13.0278185
          ],
          [
            80.1170195,
            13.0277366
          ],
          [
            80.1171876,
            13.0277093
          ],
          [
            80.1173838,
            13.027682
          ],
          [
            80.1175799,
            13.0276274
          ],
          [
            80.1178694,
            13.0275182
          ],
          [
            80.1181123,
            13.0274818
          ],
          [
            80.1183271,
            13.0274636
          ],
          [
            80.1185513,
            13.0274181
          ],
          [
            80.1186727,
            13.0273817
          ],
          [
            80.1187754,
            13.027227
          ],
          [
            80.1187941,
            13.0271087
          ],
          [
            80.1190836,
            13.0270177
          ],
          [
            80.1193452,
            13.0269267
          ],
          [
            80.1194946,
            13.0268721
          ],
          [
            80.1196627,
            13.0269904
          ],
          [
            80.1197094,
            13.0272088
          ],
          [
            80.1197841,
            13.0272543
          ],
          [
            80.1198775,
            13.0272179
          ],
          [
            80.1201017,
            13.0271724
          ],
          [
            80.1203539,
            13.0270632
          ],
          [
            80.1205594,
            13.0270086
          ],
          [
            80.1206341,
            13.0270905
          ],
          [
            80.1207368,
            13.0272907
          ],
          [
            80.1207929,
            13.0273726
          ],
          [
            80.1209143,
            13.0272998
          ],
          [
            80.1212225,
            13.0272634
          ],
          [
            80.1214653,
            13.0271815
          ],
          [
            80.1216335,
            13.0270905
          ],
          [
            80.1218483,
            13.0270268
          ],
          [
            80.1221658,
            13.0269631
          ],
          [
            80.1222873,
            13.0268539
          ],
          [
            80.1225488,
            13.026681
          ],
          [
            80.1229411,
            13.0265991
          ],
          [
            80.123819,
            13.0264808
          ],
          [
            80.1241179,
            13.0264171
          ],
          [
            80.1241926,
            13.0263625
          ],
          [
            80.1243047,
            13.0263079
          ],
          [
            80.1242954,
            13.0260986
          ],
          [
            80.1243701,
            13.0259894
          ],
          [
            80.1245849,
            13.0259621
          ],
          [
            80.1249585,
            13.0259439
          ],
          [
            80.1253228,
            13.025953
          ],
          [
            80.1255189,
            13.0258802
          ],
          [
            80.1255936,
            13.025762
          ],
          [
            80.1255189,
            13.0255709
          ],
          [
            80.1255002,
            13.0254071
          ],
          [
            80.1256216,
            13.0253434
          ],
          [
            80.1258365,
            13.0253434
          ],
          [
            80.1260886,
            13.0253434
          ],
          [
            80.1264062,
            13.0252797
          ],
          [
            80.1264622,
            13.0252342
          ],
          [
            80.126565,
            13.025125
          ],
          [
            80.1265276,
            13.0249248
          ],
          [
            80.1265276,
            13.0246973
          ],
          [
            80.1267144,
            13.0246427
          ],
          [
            80.1271067,
            13.0246336
          ],
          [
            80.127655,
            13.0245246
          ],
          [
            80.127952,
            13.0244909
          ],
          [
            80.128287,
            13.0244527
          ],
          [
            80.1285651,
            13.0244329
          ],
          [
            80.1288463,
            13.024389
          ],
          [
            80.1291959,
            13.0243314
          ],
          [
            80.1295781,
            13.0242373
          ],
          [
            80.1298141,
            13.024185
          ],
          [
            80.1300221,
            13.024128
          ],
          [
            80.1302543,
            13.0240967
          ],
          [
            80.1304691,
            13.0241058
          ],
          [
            80.1306279,
            13.0241422
          ],
          [
            80.130808,
            13.024198
          ],
          [
            80.1310304,
            13.0241905
          ],
          [
            80.1314031,
            13.0242059
          ],
          [
            80.131872,
            13.0241732
          ],
          [
            80.132141,
            13.0241732
          ],
          [
            80.1323184,
            13.0241805
          ],
          [
            80.1325146,
            13.0241604
          ],
          [
            80.1327761,
            13.0241604
          ],
          [
            80.1331123,
            13.0241695
          ],
          [
            80.133187,
            13.0241786
          ],
          [
            80.1334579,
            13.0242059
          ],
          [
            80.1340276,
            13.0242514
          ],
          [
            80.1343172,
            13.0243424
          ],
          [
            80.1348402,
            13.0243151
          ],
          [
            80.1350952,
            13.0242987
          ],
          [
            80.1353446,
            13.0242878
          ],
          [
            80.1356808,
            13.0242423
          ],
          [
            80.1359248,
            13.0243049
          ],
          [
            80.1362872,
            13.0242873
          ],
          [
            80.1364996,
            13.0242452
          ],
          [
            80.136704,
            13.0241599
          ],
          [
            80.1369001,
            13.0241212
          ],
          [
            80.1371803,
            13.0240552
          ],
          [
            80.1373788,
            13.0239756
          ],
          [
            80.1376141,
            13.023932
          ],
          [
            80.1377594,
            13.0239051
          ],
          [
            80.1379929,
            13.0238642
          ],
          [
            80.1382427,
            13.0238414
          ],
          [
            80.1384319,
            13.0237095
          ],
          [
            80.138537,
            13.0237049
          ],
          [
            80.1388312,
            13.0236549
          ],
          [
            80.1392421,
            13.023573
          ],
          [
            80.1394663,
            13.0235767
          ],
          [
            80.1396229,
            13.0235672
          ],
          [
            80.1396578,
            13.0235658
          ],
          [
            80.1397033,
            13.0235639
          ],
          [
            80.1397524,
            13.0235764
          ],
          [
            80.1399479,
            13.0237435
          ],
          [
            80.1401244,
            13.0238954
          ],
          [
            80.1402191,
            13.0239665
          ],
          [
            80.1403111,
            13.0240216
          ],
          [
            80.1403673,
            13.0240314
          ],
          [
            80.1404298,
            13.0240283
          ]
        ]
      },
      "properties": {
        "id": 290653341,
        "osm_id": 290653341,
        "name": "Thanthi Channel",
        "waterway_type": "drain",
        "drain_type": "drain",
        "surface": "Data Unavailable",
        "tunnel": "no",
        "covered": "Data Unavailable",
        "capacity": "Data Unavailable",
        "flow_velocity": "Data Unavailable",
        "maintenance_status": "Data Unavailable",
        "condition": "Data Unavailable",
        "district": "Chennai",
        "source": "OpenStreetMap / Overpass API (OSM Contributors)",
        "data_source_type": "OpenStreetMap Verified Data"
      }
    },
    {
      "type": "Feature",
      "id": 328358961,
      "geometry": {
        "type": "LineString",
        "coordinates": [
          [
            80.1912645,
            12.9753871
          ],
          [
            80.1913298,
            12.9754706
          ],
          [
            80.1915422,
            12.9754311
          ],
          [
            80.191704,
            12.975542
          ],
          [
            80.1922224,
            12.9759634
          ],
          [
            80.1928141,
            12.9765375
          ],
          [
            80.1930695,
            12.9769071
          ],
          [
            80.1932996,
            12.977289
          ],
          [
            80.1934316,
            12.9776157
          ],
          [
            80.1934589,
            12.9776832
          ],
          [
            80.1936435,
            12.9782574
          ],
          [
            80.1938457,
            12.9787649
          ],
          [
            80.1940733,
            12.9792208
          ],
          [
            80.1943236,
            12.9795781
          ],
          [
            80.1943742,
            12.9798392
          ],
          [
            80.1944425,
            12.9802409
          ],
          [
            80.1945917,
            12.9806425
          ],
          [
            80.1946069,
            12.9808076
          ],
          [
            80.1945411,
            12.980953
          ],
          [
            80.1947009,
            12.9810311
          ],
          [
            80.1947622,
            12.9811141
          ],
          [
            80.1948117,
            12.9812138
          ],
          [
            80.1950734,
            12.9812685
          ],
          [
            80.1952112,
            12.9812018
          ],
          [
            80.195429,
            12.9812204
          ],
          [
            80.1955675,
            12.981166
          ],
          [
            80.1956641,
            12.9810622
          ],
          [
            80.1957414,
            12.9809078
          ],
          [
            80.1957773,
            12.980738
          ],
          [
            80.1959142,
            12.9804954
          ],
          [
            80.1960538,
            12.9802049
          ],
          [
            80.1962134,
            12.9799629
          ],
          [
            80.1963373,
            12.9799054
          ],
          [
            80.1966048,
            12.9799054
          ],
          [
            80.1968487,
            12.9799801
          ],
          [
            80.1971673,
            12.9799725
          ],
          [
            80.1975292,
            12.9798996
          ],
          [
            80.1976452,
            12.9798172
          ],
          [
            80.1979068,
            12.9797118
          ],
          [
            80.1984713,
            12.9796869
          ],
          [
            80.198902,
            12.9795987
          ],
          [
            80.1992502,
            12.9796543
          ],
          [
            80.1996553,
            12.9796524
          ],
          [
            80.1998559,
            12.9795278
          ],
          [
            80.2001057,
            12.9792998
          ],
          [
            80.2003653,
            12.9792193
          ],
          [
            80.2012774,
            12.9791057
          ],
          [
            80.2014884,
            12.9791134
          ],
          [
            80.2016908,
            12.9791028
          ]
        ]
      },
      "properties": {
        "id": 328358961,
        "osm_id": 328358961,
        "name": "Veerangal Canal",
        "waterway_type": "drain",
        "drain_type": "drain",
        "surface": "Data Unavailable",
        "tunnel": "culvert",
        "covered": "Data Unavailable",
        "capacity": "Data Unavailable",
        "flow_velocity": "Data Unavailable",
        "maintenance_status": "Data Unavailable",
        "condition": "Data Unavailable",
        "district": "Chennai",
        "source": "OpenStreetMap / Overpass API (OSM Contributors)",
        "data_source_type": "OpenStreetMap Verified Data"
      }
    },
    {
      "type": "Feature",
      "id": 346285748,
      "geometry": {
        "type": "LineString",
        "coordinates": [
          [
            80.2311011,
            13.1024099
          ],
          [
            80.2313052,
            13.102388
          ],
          [
            80.2338465,
            13.1019295
          ],
          [
            80.2398804,
            13.1008427
          ],
          [
            80.2435454,
            13.1003579
          ],
          [
            80.2447444,
            13.0998804
          ],
          [
            80.2469271,
            13.0988698
          ]
        ]
      },
      "properties": {
        "id": 346285748,
        "osm_id": 346285748,
        "name": "Ainsley Canal",
        "waterway_type": "drain",
        "drain_type": "drain",
        "surface": "Data Unavailable",
        "tunnel": "no",
        "covered": "Data Unavailable",
        "capacity": "Data Unavailable",
        "flow_velocity": "Data Unavailable",
        "maintenance_status": "Data Unavailable",
        "condition": "Data Unavailable",
        "district": "Chennai",
        "source": "OpenStreetMap / Overpass API (OSM Contributors)",
        "data_source_type": "OpenStreetMap Verified Data"
      }
    },
    {
      "type": "Feature",
      "id": 346285803,
      "geometry": {
        "type": "LineString",
        "coordinates": [
          [
            80.2439264,
            13.1069146
          ],
          [
            80.2438647,
            13.1063639
          ],
          [
            80.2438303,
            13.1054026
          ],
          [
            80.2439528,
            13.1052273
          ],
          [
            80.24485,
            13.1050643
          ],
          [
            80.2451247,
            13.1050058
          ],
          [
            80.2457939,
            13.1038466
          ],
          [
            80.2463253,
            13.1030576
          ],
          [
            80.2464536,
            13.1027577
          ],
          [
            80.2468842,
            13.1017038
          ],
          [
            80.2468909,
            13.1016323
          ],
          [
            80.2470216,
            13.1002408
          ],
          [
            80.2467812,
            13.0995721
          ],
          [
            80.2469271,
            13.0988698
          ],
          [
            80.2473087,
            13.0972026
          ]
        ]
      },
      "properties": {
        "id": 346285803,
        "osm_id": 346285803,
        "name": "Egankipuram Canal",
        "waterway_type": "drain",
        "drain_type": "drain",
        "surface": "Data Unavailable",
        "tunnel": "no",
        "covered": "Data Unavailable",
        "capacity": "Data Unavailable",
        "flow_velocity": "Data Unavailable",
        "maintenance_status": "Data Unavailable",
        "condition": "Data Unavailable",
        "district": "Chennai",
        "source": "OpenStreetMap / Overpass API (OSM Contributors)",
        "data_source_type": "OpenStreetMap Verified Data"
      }
    },
    {
      "type": "Feature",
      "id": 383959311,
      "geometry": {
        "type": "LineString",
        "coordinates": [
          [
            80.1638175,
            12.9939127
          ],
          [
            80.1637655,
            12.9939131
          ],
          [
            80.1637254,
            12.9941175
          ],
          [
            80.1636534,
            12.9942721
          ],
          [
            80.1634688,
            12.9946287
          ],
          [
            80.1633813,
            12.9947474
          ],
          [
            80.1632265,
            12.9948754
          ],
          [
            80.1605456,
            12.9969914
          ],
          [
            80.1604513,
            12.9971428
          ]
        ]
      },
      "properties": {
        "id": 383959311,
        "osm_id": 383959311,
        "name": "Unnamed Drain",
        "waterway_type": "drain",
        "drain_type": "drain",
        "surface": "Data Unavailable",
        "tunnel": "no",
        "covered": "Data Unavailable",
        "capacity": "Data Unavailable",
        "flow_velocity": "Data Unavailable",
        "maintenance_status": "Data Unavailable",
        "condition": "Data Unavailable",
        "district": "Chennai",
        "source": "OpenStreetMap / Overpass API (OSM Contributors)",
        "data_source_type": "OpenStreetMap Verified Data"
      }
    },
    {
      "type": "Feature",
      "id": 384187222,
      "geometry": {
        "type": "LineString",
        "coordinates": [
          [
            80.221378,
            12.9712841
          ],
          [
            80.2215844,
            12.9712471
          ],
          [
            80.2219642,
            12.9711908
          ],
          [
            80.222093,
            12.9711698
          ],
          [
            80.2222267,
            12.9711489
          ],
          [
            80.2223737,
            12.9711232
          ],
          [
            80.2225156,
            12.9711055
          ],
          [
            80.2225102,
            12.9708588
          ],
          [
            80.2225202,
            12.9708576
          ]
        ]
      },
      "properties": {
        "id": 384187222,
        "osm_id": 384187222,
        "name": "Stormwater Drain",
        "waterway_type": "drain",
        "drain_type": "drain",
        "surface": "Data Unavailable",
        "tunnel": "no",
        "covered": "Data Unavailable",
        "capacity": "Data Unavailable",
        "flow_velocity": "Data Unavailable",
        "maintenance_status": "Data Unavailable",
        "condition": "Data Unavailable",
        "district": "Chennai",
        "source": "OpenStreetMap / Overpass API (OSM Contributors)",
        "data_source_type": "OpenStreetMap Verified Data"
      }
    },
    {
      "type": "Feature",
      "id": 384187223,
      "geometry": {
        "type": "LineString",
        "coordinates": [
          [
            80.2219198,
            12.9749497
          ],
          [
            80.2221838,
            12.9749348
          ],
          [
            80.222443,
            12.9750458
          ],
          [
            80.2225536,
            12.9748238
          ],
          [
            80.2225984,
            12.9748318
          ],
          [
            80.2230422,
            12.9748889
          ],
          [
            80.2234086,
            12.9749204
          ]
        ]
      },
      "properties": {
        "id": 384187223,
        "osm_id": 384187223,
        "name": "Unnamed Drain",
        "waterway_type": "drain",
        "drain_type": "drain",
        "surface": "Data Unavailable",
        "tunnel": "no",
        "covered": "Data Unavailable",
        "capacity": "Data Unavailable",
        "flow_velocity": "Data Unavailable",
        "maintenance_status": "Data Unavailable",
        "condition": "Data Unavailable",
        "district": "Chennai",
        "source": "OpenStreetMap / Overpass API (OSM Contributors)",
        "data_source_type": "OpenStreetMap Verified Data"
      }
    },
    {
      "type": "Feature",
      "id": 384380415,
      "geometry": {
        "type": "LineString",
        "coordinates": [
          [
            80.1997478,
            12.8750771
          ],
          [
            80.2005131,
            12.8752348
          ],
          [
            80.2007524,
            12.8752823
          ],
          [
            80.2008541,
            12.875314
          ],
          [
            80.2009333,
            12.8753239
          ],
          [
            80.2009842,
            12.875314
          ],
          [
            80.2010207,
            12.8752902
          ],
          [
            80.2010634,
            12.8752328
          ],
          [
            80.2013196,
            12.8748979
          ],
          [
            80.2014456,
            12.8747611
          ],
          [
            80.2016112,
            12.8746191
          ],
          [
            80.2017936,
            12.8744648
          ],
          [
            80.2019625,
            12.8743053
          ],
          [
            80.2020779,
            12.8742295
          ],
          [
            80.2021852,
            12.8742007
          ],
          [
            80.2023085,
            12.8742086
          ],
          [
            80.2024239,
            12.8742713
          ],
          [
            80.2025365,
            12.8743916
          ],
          [
            80.202735,
            12.8744936
          ],
          [
            80.2029764,
            12.8745668
          ],
          [
            80.2031997,
            12.8745852
          ],
          [
            80.2038713,
            12.8745822
          ],
          [
            80.2042349,
            12.8746002
          ],
          [
            80.2044259,
            12.8746543
          ],
          [
            80.2045091,
            12.8747323
          ],
          [
            80.204623,
            12.874972
          ],
          [
            80.2048236,
            12.875394
          ],
          [
            80.2048791,
            12.8754931
          ],
          [
            80.2049145,
            12.8755126
          ],
          [
            80.2049977,
            12.8755216
          ],
          [
            80.2050701,
            12.8755186
          ],
          [
            80.2054718,
            12.8755008
          ],
          [
            80.206191,
            12.8754689
          ],
          [
            80.2070559,
            12.8754289
          ],
          [
            80.2074342,
            12.8754221
          ],
          [
            80.207593,
            12.8754403
          ],
          [
            80.2077606,
            12.8754889
          ],
          [
            80.2078475,
            12.8755587
          ],
          [
            80.2079175,
            12.8756566
          ],
          [
            80.2080637,
            12.8759012
          ],
          [
            80.2088784,
            12.8773277
          ],
          [
            80.2092109,
            12.8778783
          ],
          [
            80.2097885,
            12.8788414
          ],
          [
            80.2101373,
            12.8794463
          ],
          [
            80.2101704,
            12.8795144
          ],
          [
            80.2102395,
            12.8796567
          ],
          [
            80.2103051,
            12.8798234
          ],
          [
            80.2105335,
            12.8804481
          ],
          [
            80.2106397,
            12.8808345
          ],
          [
            80.2112694,
            12.8834572
          ],
          [
            80.2116788,
            12.8850386
          ],
          [
            80.2112187,
            12.885857
          ],
          [
            80.210952,
            12.8867226
          ],
          [
            80.2108415,
            12.8870997
          ],
          [
            80.21036,
            12.8888764
          ],
          [
            80.209308,
            12.8922314
          ],
          [
            80.209267,
            12.8925962
          ],
          [
            80.2089763,
            12.8951825
          ],
          [
            80.2089623,
            12.8953073
          ],
          [
            80.2090826,
            12.895776
          ],
          [
            80.2097237,
            12.8982736
          ],
          [
            80.2109287,
            12.8995425
          ],
          [
            80.2117722,
            12.8997691
          ],
          [
            80.212213,
            12.899876
          ],
          [
            80.2129855,
            12.8999087
          ],
          [
            80.2134466,
            12.9002864
          ],
          [
            80.2138018,
            12.900687
          ],
          [
            80.2137621,
            12.9016966
          ],
          [
            80.2137402,
            12.9021301
          ],
          [
            80.2137947,
            12.9024882
          ],
          [
            80.2134813,
            12.9028236
          ],
          [
            80.2135162,
            12.9029831
          ],
          [
            80.2129851,
            12.9032054
          ],
          [
            80.2129583,
            12.9033361
          ],
          [
            80.2130629,
            12.9035766
          ],
          [
            80.2131997,
            12.9043113
          ],
          [
            80.2133526,
            12.9050355
          ],
          [
            80.2133901,
            12.9056813
          ],
          [
            80.2131407,
            12.906076
          ],
          [
            80.2130388,
            12.9069728
          ],
          [
            80.2131299,
            12.907995
          ],
          [
            80.213307,
            12.9094539
          ],
          [
            80.2213429,
            12.9191793
          ],
          [
            80.2205597,
            12.9211139
          ],
          [
            80.2207742,
            12.9234981
          ],
          [
            80.2220617,
            12.9256523
          ],
          [
            80.2242933,
            12.927179
          ],
          [
            80.2251473,
            12.9271448
          ],
          [
            80.2257083,
            12.9271398
          ]
        ]
      },
      "properties": {
        "id": 384380415,
        "osm_id": 384380415,
        "name": "Unnamed River",
        "waterway_type": "river",
        "drain_type": "river",
        "surface": "Data Unavailable",
        "tunnel": "no",
        "covered": "Data Unavailable",
        "capacity": "Data Unavailable",
        "flow_velocity": "Data Unavailable",
        "maintenance_status": "Data Unavailable",
        "condition": "Data Unavailable",
        "district": "Chennai",
        "source": "OpenStreetMap / Overpass API (OSM Contributors)",
        "data_source_type": "OpenStreetMap Verified Data"
      }
    },
    {
      "type": "Feature",
      "id": 385623051,
      "geometry": {
        "type": "LineString",
        "coordinates": [
          [
            80.1511216,
            12.9367313
          ],
          [
            80.1511441,
            12.9366838
          ],
          [
            80.1512639,
            12.9366071
          ],
          [
            80.151411,
            12.936538
          ],
          [
            80.1514249,
            12.936527
          ],
          [
            80.1514421,
            12.9365064
          ],
          [
            80.1514587,
            12.9364355
          ],
          [
            80.1514935,
            12.9363694
          ],
          [
            80.1515025,
            12.9363552
          ],
          [
            80.15152,
            12.936343
          ],
          [
            80.1515449,
            12.9363369
          ],
          [
            80.1516407,
            12.9363021
          ],
          [
            80.151721,
            12.9362603
          ],
          [
            80.1518783,
            12.9362566
          ],
          [
            80.1520019,
            12.9362566
          ],
          [
            80.1521818,
            12.9362347
          ],
          [
            80.1523016,
            12.9361909
          ],
          [
            80.1524552,
            12.9361179
          ],
          [
            80.1526201,
            12.9360485
          ],
          [
            80.1527458,
            12.936001
          ],
          [
            80.1528711,
            12.9359572
          ],
          [
            80.1530396,
            12.9359207
          ],
          [
            80.1532569,
            12.935855
          ],
          [
            80.1534779,
            12.9357856
          ],
          [
            80.1536165,
            12.9357418
          ],
          [
            80.1538488,
            12.9356834
          ],
          [
            80.1541148,
            12.9356578
          ],
          [
            80.1542534,
            12.935614
          ],
          [
            80.1543358,
            12.9356031
          ],
          [
            80.1544145,
            12.935614
          ],
          [
            80.1545306,
            12.935625
          ],
          [
            80.1546505,
            12.9356286
          ],
          [
            80.1547404,
            12.9357199
          ]
        ]
      },
      "properties": {
        "id": 385623051,
        "osm_id": 385623051,
        "name": "Unnamed Stream",
        "waterway_type": "stream",
        "drain_type": "stream",
        "surface": "Data Unavailable",
        "tunnel": "no",
        "covered": "Data Unavailable",
        "capacity": "Data Unavailable",
        "flow_velocity": "Data Unavailable",
        "maintenance_status": "Data Unavailable",
        "condition": "Data Unavailable",
        "district": "Chennai",
        "source": "OpenStreetMap / Overpass API (OSM Contributors)",
        "data_source_type": "OpenStreetMap Verified Data"
      }
    },
    {
      "type": "Feature",
      "id": 385921198,
      "geometry": {
        "type": "LineString",
        "coordinates": [
          [
            80.1925748,
            13.2000773
          ],
          [
            80.1928323,
            13.1994819
          ],
          [
            80.1928805,
            13.1988552
          ],
          [
            80.1928913,
            13.1987612
          ],
          [
            80.1930307,
            13.1986463
          ],
          [
            80.1930683,
            13.1976174
          ],
          [
            80.1930736,
            13.1972831
          ],
          [
            80.1930736,
            13.1965624
          ]
        ]
      },
      "properties": {
        "id": 385921198,
        "osm_id": 385921198,
        "name": "Unnamed Canal",
        "waterway_type": "canal",
        "drain_type": "canal",
        "surface": "Data Unavailable",
        "tunnel": "no",
        "covered": "Data Unavailable",
        "capacity": "Data Unavailable",
        "flow_velocity": "Data Unavailable",
        "maintenance_status": "Data Unavailable",
        "condition": "Data Unavailable",
        "district": "Chennai",
        "source": "OpenStreetMap / Overpass API (OSM Contributors)",
        "data_source_type": "OpenStreetMap Verified Data"
      }
    },
    {
      "type": "Feature",
      "id": 386202907,
      "geometry": {
        "type": "LineString",
        "coordinates": [
          [
            80.2530265,
            13.177147
          ],
          [
            80.2529937,
            13.1756448
          ],
          [
            80.2529755,
            13.1752197
          ]
        ]
      },
      "properties": {
        "id": 386202907,
        "osm_id": 386202907,
        "name": "Unnamed Ditch",
        "waterway_type": "ditch",
        "drain_type": "ditch",
        "surface": "Data Unavailable",
        "tunnel": "no",
        "covered": "Data Unavailable",
        "capacity": "Data Unavailable",
        "flow_velocity": "Data Unavailable",
        "maintenance_status": "Data Unavailable",
        "condition": "Data Unavailable",
        "district": "Chennai",
        "source": "OpenStreetMap / Overpass API (OSM Contributors)",
        "data_source_type": "OpenStreetMap Verified Data"
      }
    },
    {
      "type": "Feature",
      "id": 386202930,
      "geometry": {
        "type": "LineString",
        "coordinates": [
          [
            80.2529828,
            13.1747626
          ],
          [
            80.2530192,
            13.1745075
          ],
          [
            80.2529828,
            13.1739123
          ]
        ]
      },
      "properties": {
        "id": 386202930,
        "osm_id": 386202930,
        "name": "Unnamed Ditch",
        "waterway_type": "ditch",
        "drain_type": "ditch",
        "surface": "Data Unavailable",
        "tunnel": "no",
        "covered": "Data Unavailable",
        "capacity": "Data Unavailable",
        "flow_velocity": "Data Unavailable",
        "maintenance_status": "Data Unavailable",
        "condition": "Data Unavailable",
        "district": "Chennai",
        "source": "OpenStreetMap / Overpass API (OSM Contributors)",
        "data_source_type": "OpenStreetMap Verified Data"
      }
    },
    {
      "type": "Feature",
      "id": 386203121,
      "geometry": {
        "type": "LineString",
        "coordinates": [
          [
            80.2529501,
            13.1735261
          ],
          [
            80.2528154,
            13.1730904
          ],
          [
            80.2526906,
            13.1726196
          ]
        ]
      },
      "properties": {
        "id": 386203121,
        "osm_id": 386203121,
        "name": "Unnamed Ditch",
        "waterway_type": "ditch",
        "drain_type": "ditch",
        "surface": "Data Unavailable",
        "tunnel": "no",
        "covered": "Data Unavailable",
        "capacity": "Data Unavailable",
        "flow_velocity": "Data Unavailable",
        "maintenance_status": "Data Unavailable",
        "condition": "Data Unavailable",
        "district": "Chennai",
        "source": "OpenStreetMap / Overpass API (OSM Contributors)",
        "data_source_type": "OpenStreetMap Verified Data"
      }
    },
    {
      "type": "Feature",
      "id": 386500119,
      "geometry": {
        "type": "LineString",
        "coordinates": [
          [
            80.1877224,
            13.139
          ],
          [
            80.1878587,
            13.1387352
          ]
        ]
      },
      "properties": {
        "id": 386500119,
        "osm_id": 386500119,
        "name": "Underpass",
        "waterway_type": "drain",
        "drain_type": "drain",
        "surface": "Data Unavailable",
        "tunnel": "culvert",
        "covered": "Data Unavailable",
        "capacity": "Data Unavailable",
        "flow_velocity": "Data Unavailable",
        "maintenance_status": "Data Unavailable",
        "condition": "Data Unavailable",
        "district": "Chennai",
        "source": "OpenStreetMap / Overpass API (OSM Contributors)",
        "data_source_type": "OpenStreetMap Verified Data"
      }
    },
    {
      "type": "Feature",
      "id": 386635415,
      "geometry": {
        "type": "LineString",
        "coordinates": [
          [
            80.2117465,
            12.9534568
          ],
          [
            80.2119263,
            12.9539302
          ]
        ]
      },
      "properties": {
        "id": 386635415,
        "osm_id": 386635415,
        "name": "Unnamed Ditch",
        "waterway_type": "ditch",
        "drain_type": "ditch",
        "surface": "Data Unavailable",
        "tunnel": "no",
        "covered": "Data Unavailable",
        "capacity": "Data Unavailable",
        "flow_velocity": "Data Unavailable",
        "maintenance_status": "Data Unavailable",
        "condition": "Data Unavailable",
        "district": "Chennai",
        "source": "OpenStreetMap / Overpass API (OSM Contributors)",
        "data_source_type": "OpenStreetMap Verified Data"
      }
    },
    {
      "type": "Feature",
      "id": 386635473,
      "geometry": {
        "type": "LineString",
        "coordinates": [
          [
            80.211959,
            12.9540189
          ],
          [
            80.2122228,
            12.9546561
          ]
        ]
      },
      "properties": {
        "id": 386635473,
        "osm_id": 386635473,
        "name": "Unnamed Ditch",
        "waterway_type": "ditch",
        "drain_type": "ditch",
        "surface": "Data Unavailable",
        "tunnel": "no",
        "covered": "Data Unavailable",
        "capacity": "Data Unavailable",
        "flow_velocity": "Data Unavailable",
        "maintenance_status": "Data Unavailable",
        "condition": "Data Unavailable",
        "district": "Chennai",
        "source": "OpenStreetMap / Overpass API (OSM Contributors)",
        "data_source_type": "OpenStreetMap Verified Data"
      }
    },
    {
      "type": "Feature",
      "id": 386635479,
      "geometry": {
        "type": "LineString",
        "coordinates": [
          [
            80.2123478,
            12.9550036
          ],
          [
            80.2125171,
            12.9553597
          ]
        ]
      },
      "properties": {
        "id": 386635479,
        "osm_id": 386635479,
        "name": "Unnamed Ditch",
        "waterway_type": "ditch",
        "drain_type": "ditch",
        "surface": "Data Unavailable",
        "tunnel": "no",
        "covered": "Data Unavailable",
        "capacity": "Data Unavailable",
        "flow_velocity": "Data Unavailable",
        "maintenance_status": "Data Unavailable",
        "condition": "Data Unavailable",
        "district": "Chennai",
        "source": "OpenStreetMap / Overpass API (OSM Contributors)",
        "data_source_type": "OpenStreetMap Verified Data"
      }
    },
    {
      "type": "Feature",
      "id": 391206980,
      "geometry": {
        "type": "LineString",
        "coordinates": [
          [
            80.208544,
            13.1585693
          ],
          [
            80.2086276,
            13.1589724
          ],
          [
            80.2086574,
            13.1590152
          ],
          [
            80.2087368,
            13.1590414
          ],
          [
            80.2088502,
            13.1590373
          ]
        ]
      },
      "properties": {
        "id": 391206980,
        "osm_id": 391206980,
        "name": "Unnamed Ditch",
        "waterway_type": "ditch",
        "drain_type": "ditch",
        "surface": "Data Unavailable",
        "tunnel": "no",
        "covered": "Data Unavailable",
        "capacity": "Data Unavailable",
        "flow_velocity": "Data Unavailable",
        "maintenance_status": "Data Unavailable",
        "condition": "Data Unavailable",
        "district": "Chennai",
        "source": "OpenStreetMap / Overpass API (OSM Contributors)",
        "data_source_type": "OpenStreetMap Verified Data"
      }
    },
    {
      "type": "Feature",
      "id": 535357238,
      "geometry": {
        "type": "LineString",
        "coordinates": [
          [
            80.1603218,
            12.9973008
          ],
          [
            80.160057,
            12.997544
          ],
          [
            80.1599531,
            12.9981349
          ],
          [
            80.159918,
            12.9986056
          ]
        ]
      },
      "properties": {
        "id": 535357238,
        "osm_id": 535357238,
        "name": "Unnamed Drain",
        "waterway_type": "drain",
        "drain_type": "drain",
        "surface": "Data Unavailable",
        "tunnel": "no",
        "covered": "Data Unavailable",
        "capacity": "Data Unavailable",
        "flow_velocity": "Data Unavailable",
        "maintenance_status": "Data Unavailable",
        "condition": "Data Unavailable",
        "district": "Chennai",
        "source": "OpenStreetMap / Overpass API (OSM Contributors)",
        "data_source_type": "OpenStreetMap Verified Data"
      }
    },
    {
      "type": "Feature",
      "id": 535357239,
      "geometry": {
        "type": "LineString",
        "coordinates": [
          [
            80.1604513,
            12.9971428
          ],
          [
            80.1603218,
            12.9973008
          ]
        ]
      },
      "properties": {
        "id": 535357239,
        "osm_id": 535357239,
        "name": "Unnamed Drain",
        "waterway_type": "drain",
        "drain_type": "drain",
        "surface": "Data Unavailable",
        "tunnel": "culvert",
        "covered": "Data Unavailable",
        "capacity": "Data Unavailable",
        "flow_velocity": "Data Unavailable",
        "maintenance_status": "Data Unavailable",
        "condition": "Data Unavailable",
        "district": "Chennai",
        "source": "OpenStreetMap / Overpass API (OSM Contributors)",
        "data_source_type": "OpenStreetMap Verified Data"
      }
    },
    {
      "type": "Feature",
      "id": 595645452,
      "geometry": {
        "type": "LineString",
        "coordinates": [
          [
            80.158833,
            12.9897752
          ],
          [
            80.1588958,
            12.9898427
          ],
          [
            80.158946,
            12.9899309
          ],
          [
            80.1589843,
            12.9900155
          ],
          [
            80.1593528,
            12.9910003
          ],
          [
            80.1598157,
            12.991723
          ],
          [
            80.1599342,
            12.9919473
          ],
          [
            80.1601279,
            12.9926538
          ],
          [
            80.160523,
            12.9931171
          ],
          [
            80.160831,
            12.993394
          ],
          [
            80.1609888,
            12.9940911
          ],
          [
            80.160852,
            12.9945524
          ],
          [
            80.1607876,
            12.9946856
          ],
          [
            80.1607819,
            12.9948069
          ],
          [
            80.1608047,
            12.9949935
          ],
          [
            80.1607946,
            12.995077
          ],
          [
            80.160719,
            12.995154
          ],
          [
            80.1606554,
            12.9952584
          ],
          [
            80.1605556,
            12.9953991
          ],
          [
            80.1603938,
            12.995548
          ],
          [
            80.160255,
            12.9956092
          ],
          [
            80.1601371,
            12.9956139
          ],
          [
            80.1600139,
            12.9956603
          ],
          [
            80.1599065,
            12.9957698
          ],
          [
            80.1598753,
            12.9958677
          ],
          [
            80.1598387,
            12.9959542
          ],
          [
            80.1597867,
            12.996071
          ],
          [
            80.1596768,
            12.9962124
          ],
          [
            80.1596245,
            12.9964274
          ],
          [
            80.1595151,
            12.9965692
          ],
          [
            80.1594495,
            12.9966826
          ],
          [
            80.1594493,
            12.9967499
          ],
          [
            80.1594764,
            12.9968712
          ],
          [
            80.1594971,
            12.9969674
          ],
          [
            80.1594809,
            12.9970609
          ],
          [
            80.1594571,
            12.9971189
          ]
        ]
      },
      "properties": {
        "id": 595645452,
        "osm_id": 595645452,
        "name": "Unnamed Stream",
        "waterway_type": "stream",
        "drain_type": "stream",
        "surface": "Data Unavailable",
        "tunnel": "no",
        "covered": "Data Unavailable",
        "capacity": "Data Unavailable",
        "flow_velocity": "Data Unavailable",
        "maintenance_status": "Data Unavailable",
        "condition": "Data Unavailable",
        "district": "Chennai",
        "source": "OpenStreetMap / Overpass API (OSM Contributors)",
        "data_source_type": "OpenStreetMap Verified Data"
      }
    },
    {
      "type": "Feature",
      "id": 618604817,
      "geometry": {
        "type": "LineString",
        "coordinates": [
          [
            80.147629,
            13.1086082
          ],
          [
            80.148203,
            13.1085664
          ],
          [
            80.1485678,
            13.1086239
          ],
          [
            80.1489379,
            13.1087075
          ],
          [
            80.1492759,
            13.1088172
          ],
          [
            80.1494475,
            13.1089165
          ],
          [
            80.1499464,
            13.1090419
          ],
          [
            80.1502844,
            13.1091568
          ],
          [
            80.1506116,
            13.109162
          ],
          [
            80.150853,
            13.1091046
          ],
          [
            80.1510998,
            13.1089739
          ],
          [
            80.1513251,
            13.1088956
          ],
          [
            80.1514311,
            13.1088509
          ]
        ]
      },
      "properties": {
        "id": 618604817,
        "osm_id": 618604817,
        "name": "Unnamed Canal",
        "waterway_type": "canal",
        "drain_type": "canal",
        "surface": "Data Unavailable",
        "tunnel": "no",
        "covered": "Data Unavailable",
        "capacity": "Data Unavailable",
        "flow_velocity": "Data Unavailable",
        "maintenance_status": "Data Unavailable",
        "condition": "Data Unavailable",
        "district": "Chennai",
        "source": "OpenStreetMap / Overpass API (OSM Contributors)",
        "data_source_type": "OpenStreetMap Verified Data"
      }
    },
    {
      "type": "Feature",
      "id": 620705900,
      "geometry": {
        "type": "LineString",
        "coordinates": [
          [
            80.1559016,
            12.9025249
          ],
          [
            80.1557322,
            12.9021675
          ],
          [
            80.1556428,
            12.9019333
          ],
          [
            80.1555134,
            12.9015158
          ],
          [
            80.1554179,
            12.9011615
          ],
          [
            80.1553466,
            12.9009986
          ]
        ]
      },
      "properties": {
        "id": 620705900,
        "osm_id": 620705900,
        "name": "Unnamed Canal",
        "waterway_type": "canal",
        "drain_type": "canal",
        "surface": "Data Unavailable",
        "tunnel": "no",
        "covered": "Data Unavailable",
        "capacity": "Data Unavailable",
        "flow_velocity": "Data Unavailable",
        "maintenance_status": "Data Unavailable",
        "condition": "Data Unavailable",
        "district": "Chennai",
        "source": "OpenStreetMap / Overpass API (OSM Contributors)",
        "data_source_type": "OpenStreetMap Verified Data"
      }
    },
    {
      "type": "Feature",
      "id": 620713325,
      "geometry": {
        "type": "LineString",
        "coordinates": [
          [
            80.2705532,
            13.149177
          ],
          [
            80.27161,
            13.149462
          ],
          [
            80.274007,
            13.1500861
          ],
          [
            80.2741641,
            13.1501791
          ],
          [
            80.2742134,
            13.1516162
          ],
          [
            80.2743244,
            13.1531643
          ],
          [
            80.2743398,
            13.1534824
          ],
          [
            80.2745061,
            13.1536504
          ],
          [
            80.2747403,
            13.1536684
          ],
          [
            80.2749467,
            13.1536534
          ],
          [
            80.2760806,
            13.1536324
          ],
          [
            80.2769617,
            13.1536234
          ],
          [
            80.2774116,
            13.1536804
          ],
          [
            80.2779015,
            13.1537044
          ],
          [
            80.2781572,
            13.1537044
          ],
          [
            80.2792571,
            13.1536864
          ],
          [
            80.2807175,
            13.1536564
          ],
          [
            80.2818452,
            13.1536264
          ],
          [
            80.2822796,
            13.1536054
          ],
          [
            80.2830345,
            13.1538064
          ],
          [
            80.283586,
            13.1539984
          ],
          [
            80.2840574,
            13.1541094
          ],
          [
            80.2843747,
            13.1542444
          ],
          [
            80.2845976,
            13.1541703
          ]
        ]
      },
      "properties": {
        "id": 620713325,
        "osm_id": 620713325,
        "name": "Unnamed Canal",
        "waterway_type": "canal",
        "drain_type": "canal",
        "surface": "Data Unavailable",
        "tunnel": "no",
        "covered": "Data Unavailable",
        "capacity": "Data Unavailable",
        "flow_velocity": "Data Unavailable",
        "maintenance_status": "Data Unavailable",
        "condition": "Data Unavailable",
        "district": "Chennai",
        "source": "OpenStreetMap / Overpass API (OSM Contributors)",
        "data_source_type": "OpenStreetMap Verified Data"
      }
    },
    {
      "type": "Feature",
      "id": 620727612,
      "geometry": {
        "type": "LineString",
        "coordinates": [
          [
            80.2043279,
            12.9488733
          ],
          [
            80.2054399,
            12.9489246
          ],
          [
            80.2060591,
            12.9489276
          ],
          [
            80.2063116,
            12.9489717
          ],
          [
            80.206925,
            12.9489668
          ],
          [
            80.2076427,
            12.9489158
          ],
          [
            80.2082744,
            12.9487414
          ],
          [
            80.2090046,
            12.9487114
          ],
          [
            80.2097102,
            12.9486784
          ],
          [
            80.2098735,
            12.9488555
          ],
          [
            80.2099661,
            12.9490761
          ]
        ]
      },
      "properties": {
        "id": 620727612,
        "osm_id": 620727612,
        "name": "Unnamed Drain",
        "waterway_type": "drain",
        "drain_type": "drain",
        "surface": "Data Unavailable",
        "tunnel": "no",
        "covered": "Data Unavailable",
        "capacity": "Data Unavailable",
        "flow_velocity": "Data Unavailable",
        "maintenance_status": "Data Unavailable",
        "condition": "Data Unavailable",
        "district": "Chennai",
        "source": "OpenStreetMap / Overpass API (OSM Contributors)",
        "data_source_type": "OpenStreetMap Verified Data"
      }
    },
    {
      "type": "Feature",
      "id": 620730446,
      "geometry": {
        "type": "LineString",
        "coordinates": [
          [
            80.1932768,
            12.891401
          ],
          [
            80.1934657,
            12.891534
          ],
          [
            80.1935649,
            12.8918242
          ],
          [
            80.1935864,
            12.8921537
          ],
          [
            80.1937098,
            12.892457
          ],
          [
            80.1937634,
            12.8926949
          ],
          [
            80.1938224,
            12.8929485
          ],
          [
            80.1939726,
            12.8931184
          ],
          [
            80.194147,
            12.8932152
          ],
          [
            80.1941979,
            12.8933642
          ],
          [
            80.1942006,
            12.8937695
          ],
          [
            80.1943803,
            12.893976
          ],
          [
            80.19467,
            12.8939708
          ],
          [
            80.1949865,
            12.8939682
          ],
          [
            80.1954317,
            12.8938819
          ],
          [
            80.1958743,
            12.8940179
          ],
          [
            80.1960621,
            12.8943395
          ],
          [
            80.1963678,
            12.8943395
          ],
          [
            80.1966575,
            12.8942976
          ],
          [
            80.1971725,
            12.8943029
          ],
          [
            80.1974327,
            12.8942113
          ],
          [
            80.1980362,
            12.894112
          ],
          [
            80.198688,
            12.8939708
          ],
          [
            80.1994375,
            12.8939503
          ],
          [
            80.1998966,
            12.8939232
          ],
          [
            80.2000999,
            12.8938812
          ],
          [
            80.2004684,
            12.8938039
          ],
          [
            80.2009133,
            12.8936499
          ],
          [
            80.2011906,
            12.8934998
          ],
          [
            80.2016139,
            12.8934232
          ],
          [
            80.2020757,
            12.8933372
          ],
          [
            80.2030927,
            12.8931503
          ],
          [
            80.2031194,
            12.8931454
          ],
          [
            80.2037879,
            12.8930433
          ],
          [
            80.2041207,
            12.8929562
          ],
          [
            80.2051282,
            12.8927609
          ],
          [
            80.2058769,
            12.8926528
          ],
          [
            80.20649,
            12.8925807
          ],
          [
            80.2071247,
            12.8924846
          ],
          [
            80.2075776,
            12.8924426
          ],
          [
            80.2077534,
            12.8925135
          ],
          [
            80.2082964,
            12.8925541
          ],
          [
            80.20845,
            12.8924907
          ],
          [
            80.2088717,
            12.8925267
          ],
          [
            80.209267,
            12.8925962
          ]
        ]
      },
      "properties": {
        "id": 620730446,
        "osm_id": 620730446,
        "name": "Unnamed Stream",
        "waterway_type": "stream",
        "drain_type": "stream",
        "surface": "Data Unavailable",
        "tunnel": "no",
        "covered": "Data Unavailable",
        "capacity": "Data Unavailable",
        "flow_velocity": "Data Unavailable",
        "maintenance_status": "Data Unavailable",
        "condition": "Data Unavailable",
        "district": "Chennai",
        "source": "OpenStreetMap / Overpass API (OSM Contributors)",
        "data_source_type": "OpenStreetMap Verified Data"
      }
    },
    {
      "type": "Feature",
      "id": 650602413,
      "geometry": {
        "type": "LineString",
        "coordinates": [
          [
            80.2424068,
            12.9348428
          ],
          [
            80.2436844,
            12.934591
          ],
          [
            80.2447639,
            12.9343668
          ],
          [
            80.2449585,
            12.9342012
          ],
          [
            80.2450364,
            12.9341081
          ],
          [
            80.2452134,
            12.9340633
          ],
          [
            80.2454698,
            12.9339899
          ]
        ]
      },
      "properties": {
        "id": 650602413,
        "osm_id": 650602413,
        "name": "Unnamed Drain",
        "waterway_type": "drain",
        "drain_type": "drain",
        "surface": "Data Unavailable",
        "tunnel": "no",
        "covered": "Data Unavailable",
        "capacity": "Data Unavailable",
        "flow_velocity": "Data Unavailable",
        "maintenance_status": "Data Unavailable",
        "condition": "Data Unavailable",
        "district": "Chennai",
        "source": "OpenStreetMap / Overpass API (OSM Contributors)",
        "data_source_type": "OpenStreetMap Verified Data"
      }
    },
    {
      "type": "Feature",
      "id": 650602415,
      "geometry": {
        "type": "LineString",
        "coordinates": [
          [
            80.2444341,
            12.9373584
          ],
          [
            80.2450568,
            12.9372774
          ],
          [
            80.2454397,
            12.9371819
          ],
          [
            80.2454654,
            12.9370021
          ],
          [
            80.2454654,
            12.9368837
          ],
          [
            80.2455121,
            12.9367381
          ],
          [
            80.2454794,
            12.9365492
          ],
          [
            80.2453207,
            12.936242
          ],
          [
            80.2452413,
            12.9360531
          ],
          [
            80.2451479,
            12.9359393
          ],
          [
            80.2450428,
            12.9359211
          ],
          [
            80.2449751,
            12.935532
          ],
          [
            80.24487,
            12.9351701
          ],
          [
            80.2447649,
            12.9348993
          ],
          [
            80.2447206,
            12.9347286
          ],
          [
            80.2447369,
            12.9346012
          ],
          [
            80.2447813,
            12.9344646
          ],
          [
            80.2447883,
            12.9344009
          ],
          [
            80.2447639,
            12.9343668
          ]
        ]
      },
      "properties": {
        "id": 650602415,
        "osm_id": 650602415,
        "name": "Unnamed Drain",
        "waterway_type": "drain",
        "drain_type": "drain",
        "surface": "Data Unavailable",
        "tunnel": "no",
        "covered": "Data Unavailable",
        "capacity": "Data Unavailable",
        "flow_velocity": "Data Unavailable",
        "maintenance_status": "Data Unavailable",
        "condition": "Data Unavailable",
        "district": "Chennai",
        "source": "OpenStreetMap / Overpass API (OSM Contributors)",
        "data_source_type": "OpenStreetMap Verified Data"
      }
    },
    {
      "type": "Feature",
      "id": 650607195,
      "geometry": {
        "type": "LineString",
        "coordinates": [
          [
            80.2438747,
            13.0240684
          ],
          [
            80.2441628,
            13.0243911
          ],
          [
            80.2443461,
            13.0245742
          ],
          [
            80.2449117,
            13.025047
          ]
        ]
      },
      "properties": {
        "id": 650607195,
        "osm_id": 650607195,
        "name": "Unnamed Drain",
        "waterway_type": "drain",
        "drain_type": "drain",
        "surface": "Data Unavailable",
        "tunnel": "no",
        "covered": "Data Unavailable",
        "capacity": "Data Unavailable",
        "flow_velocity": "Data Unavailable",
        "maintenance_status": "Data Unavailable",
        "condition": "Data Unavailable",
        "district": "Chennai",
        "source": "OpenStreetMap / Overpass API (OSM Contributors)",
        "data_source_type": "OpenStreetMap Verified Data"
      }
    },
    {
      "type": "Feature",
      "id": 665686266,
      "geometry": {
        "type": "LineString",
        "coordinates": [
          [
            80.2793806,
            13.2236308
          ],
          [
            80.2796327,
            13.2234428
          ],
          [
            80.2798688,
            13.2233096
          ],
          [
            80.2804911,
            13.2230877
          ],
          [
            80.2807244,
            13.223025
          ],
          [
            80.2809283,
            13.2229571
          ],
          [
            80.2814137,
            13.222871
          ],
          [
            80.2820253,
            13.2227691
          ],
          [
            80.2824893,
            13.2226438
          ],
          [
            80.2828192,
            13.2225707
          ],
          [
            80.2830526,
            13.2224715
          ],
          [
            80.2834808,
            13.2224349
          ],
          [
            80.2836158,
            13.2224245
          ],
          [
            80.2839055,
            13.2222991
          ],
          [
            80.2839672,
            13.2222312
          ],
          [
            80.2843347,
            13.2217874
          ],
          [
            80.2845439,
            13.221508
          ],
          [
            80.2849382,
            13.2210484
          ],
          [
            80.2852117,
            13.2208865
          ],
          [
            80.2856275,
            13.2206228
          ],
          [
            80.2858823,
            13.2204478
          ],
          [
            80.2862658,
            13.2203277
          ],
          [
            80.2866628,
            13.2202259
          ],
          [
            80.2869069,
            13.220098
          ],
          [
            80.2872019,
            13.2200013
          ],
          [
            80.287387,
            13.2198708
          ],
          [
            80.287607,
            13.2198186
          ],
          [
            80.2880227,
            13.2197507
          ],
          [
            80.2882775,
            13.2196332
          ],
          [
            80.2886986,
            13.2194713
          ],
          [
            80.2890714,
            13.2192807
          ],
          [
            80.2894496,
            13.219124
          ],
          [
            80.2895837,
            13.2189961
          ],
          [
            80.2895945,
            13.2188968
          ],
          [
            80.2894738,
            13.218466
          ],
          [
            80.2894711,
            13.2182232
          ],
          [
            80.2895408,
            13.2180247
          ],
          [
            80.2897634,
            13.2177636
          ],
          [
            80.2899888,
            13.2174999
          ]
        ]
      },
      "properties": {
        "id": 665686266,
        "osm_id": 665686266,
        "name": "Unnamed Canal",
        "waterway_type": "canal",
        "drain_type": "canal",
        "surface": "Data Unavailable",
        "tunnel": "no",
        "covered": "Data Unavailable",
        "capacity": "Data Unavailable",
        "flow_velocity": "Data Unavailable",
        "maintenance_status": "Data Unavailable",
        "condition": "Data Unavailable",
        "district": "Chennai",
        "source": "OpenStreetMap / Overpass API (OSM Contributors)",
        "data_source_type": "OpenStreetMap Verified Data"
      }
    },
    {
      "type": "Feature",
      "id": 731551448,
      "geometry": {
        "type": "LineString",
        "coordinates": [
          [
            80.2479894,
            13.0061275
          ],
          [
            80.2479776,
            13.0056313
          ],
          [
            80.2479856,
            13.005299
          ],
          [
            80.2479658,
            13.004558
          ],
          [
            80.2479635,
            13.004344
          ],
          [
            80.2479723,
            13.0036629
          ],
          [
            80.2480712,
            13.0031549
          ],
          [
            80.2492698,
            12.9983525
          ],
          [
            80.249707,
            12.9969825
          ],
          [
            80.2502067,
            12.9950319
          ],
          [
            80.2501978,
            12.9946535
          ],
          [
            80.2510045,
            12.9917066
          ],
          [
            80.2513353,
            12.9908874
          ],
          [
            80.2519952,
            12.98845
          ],
          [
            80.2519653,
            12.9880872
          ],
          [
            80.2520739,
            12.9875439
          ],
          [
            80.2524287,
            12.9860048
          ],
          [
            80.2536181,
            12.981402
          ],
          [
            80.2537388,
            12.9797908
          ],
          [
            80.2537598,
            12.9782499
          ],
          [
            80.2536173,
            12.9771315
          ],
          [
            80.2533017,
            12.9749778
          ],
          [
            80.2526945,
            12.9716333
          ],
          [
            80.251794,
            12.9674808
          ],
          [
            80.2514677,
            12.9659763
          ],
          [
            80.2508733,
            12.9623165
          ],
          [
            80.2504608,
            12.9606372
          ],
          [
            80.2486912,
            12.9510865
          ],
          [
            80.2476345,
            12.9458069
          ],
          [
            80.2466475,
            12.9405472
          ],
          [
            80.2461836,
            12.9377468
          ],
          [
            80.2454698,
            12.9339899
          ],
          [
            80.2438241,
            12.9255834
          ],
          [
            80.2433467,
            12.9230319
          ],
          [
            80.2389801,
            12.9007782
          ],
          [
            80.2389264,
            12.9000462
          ],
          [
            80.2388138,
            12.8988958
          ],
          [
            80.2386202,
            12.8969947
          ],
          [
            80.2405634,
            12.8833974
          ],
          [
            80.2410397,
            12.8779915
          ],
          [
            80.2416284,
            12.8742012
          ],
          [
            80.2417088,
            12.8735129
          ],
          [
            80.2417299,
            12.8732622
          ],
          [
            80.2417305,
            12.8730467
          ],
          [
            80.2417133,
            12.8728185
          ],
          [
            80.2416896,
            12.8726902
          ],
          [
            80.241565,
            12.872251
          ],
          [
            80.2413955,
            12.8719273
          ],
          [
            80.2385053,
            12.8672473
          ],
          [
            80.236262,
            12.8577032
          ],
          [
            80.2348637,
            12.85342
          ],
          [
            80.2354063,
            12.8425744
          ],
          [
            80.2355733,
            12.8413534
          ],
          [
            80.2365333,
            12.8386572
          ],
          [
            80.2370238,
            12.8373141
          ],
          [
            80.2376482,
            12.8360695
          ],
          [
            80.2378657,
            12.8339044
          ],
          [
            80.2380997,
            12.8317599
          ],
          [
            80.2382139,
            12.8301289
          ],
          [
            80.237877,
            12.8284392
          ],
          [
            80.2375729,
            12.8266385
          ],
          [
            80.2380237,
            12.8237308
          ],
          [
            80.238433,
            12.8190291
          ],
          [
            80.2392705,
            12.8164416
          ],
          [
            80.2401566,
            12.8140489
          ],
          [
            80.2405697,
            12.8120559
          ],
          [
            80.2414174,
            12.807294
          ],
          [
            80.2415163,
            12.8061627
          ],
          [
            80.2412289,
            12.8058645
          ],
          [
            80.2396215,
            12.803463
          ],
          [
            80.2386536,
            12.8012736
          ],
          [
            80.2384052,
            12.7982499
          ],
          [
            80.2359162,
            12.7841995
          ],
          [
            80.2350234,
            12.7802881
          ],
          [
            80.2337152,
            12.7745568
          ],
          [
            80.2336264,
            12.7741677
          ],
          [
            80.2320503,
            12.7670192
          ],
          [
            80.2312338,
            12.7630345
          ],
          [
            80.230974,
            12.7610743
          ],
          [
            80.2303832,
            12.7558706
          ],
          [
            80.2298176,
            12.7514404
          ],
          [
            80.2294341,
            12.7486425
          ],
          [
            80.2292969,
            12.7463946
          ],
          [
            80.2288198,
            12.7445025
          ],
          [
            80.2255046,
            12.7370098
          ],
          [
            80.2244532,
            12.734425
          ],
          [
            80.2225649,
            12.7314215
          ],
          [
            80.2217173,
            12.729946
          ],
          [
            80.2180803,
            12.7221807
          ],
          [
            80.2158018,
            12.7171315
          ],
          [
            80.2153337,
            12.7165084
          ],
          [
            80.2141535,
            12.7141118
          ],
          [
            80.2130699,
            12.7119035
          ],
          [
            80.2112675,
            12.7082509
          ],
          [
            80.2069652,
            12.6992918
          ],
          [
            80.2032423,
            12.691578
          ],
          [
            80.2028453,
            12.6906045
          ],
          [
            80.2024698,
            12.6894532
          ],
          [
            80.2017724,
            12.6861666
          ],
          [
            80.2006888,
            12.6806086
          ],
          [
            80.1995623,
            12.6756576
          ],
          [
            80.1989186,
            12.6724232
          ],
          [
            80.1980603,
            12.6682885
          ],
          [
            80.1974702,
            12.6655355
          ],
          [
            80.1961369,
            12.6588484
          ],
          [
            80.1960422,
            12.6583393
          ],
          [
            80.1955283,
            12.6561248
          ],
          [
            80.1933718,
            12.6466091
          ],
          [
            80.19158,
            12.6385063
          ],
          [
            80.1907217,
            12.6348945
          ],
          [
            80.1899922,
            12.6326018
          ],
          [
            80.1877177,
            12.6253047
          ],
          [
            80.1867521,
            12.6224465
          ],
          [
            80.186284,
            12.6208815
          ],
          [
            80.1862235,
            12.6201775
          ],
          [
            80.1861595,
            12.6193849
          ],
          [
            80.186802,
            12.6149521
          ],
          [
            80.1867159,
            12.6142931
          ],
          [
            80.1859748,
            12.6126523
          ],
          [
            80.1858797,
            12.6117243
          ],
          [
            80.1862759,
            12.6105024
          ],
          [
            80.1863869,
            12.6098682
          ],
          [
            80.1861848,
            12.6094211
          ],
          [
            80.1843166,
            12.6076945
          ],
          [
            80.1824927,
            12.6059879
          ],
          [
            80.1817524,
            12.6047733
          ],
          [
            80.1811302,
            12.6039357
          ],
          [
            80.1795745,
            12.6007841
          ],
          [
            80.1789093,
            12.5992764
          ],
          [
            80.1776004,
            12.5950882
          ],
          [
            80.1760125,
            12.5902193
          ],
          [
            80.1751113,
            12.5872769
          ],
          [
            80.1748001,
            12.5866068
          ],
          [
            80.1732207,
            12.5844486
          ],
          [
            80.1726002,
            12.5836682
          ],
          [
            80.1713305,
            12.5818014
          ],
          [
            80.1700127,
            12.5800605
          ],
          [
            80.1670676,
            12.5758432
          ],
          [
            80.1655304,
            12.5728324
          ],
          [
            80.1645324,
            12.5707373
          ],
          [
            80.1641854,
            12.5692473
          ],
          [
            80.1634339,
            12.5633535
          ],
          [
            80.1635234,
            12.5533872
          ],
          [
            80.1635518,
            12.5524644
          ],
          [
            80.1635429,
            12.551981
          ],
          [
            80.1635566,
            12.551264
          ],
          [
            80.1636351,
            12.5508309
          ],
          [
            80.1638875,
            12.550039
          ],
          [
            80.164333,
            12.5484092
          ],
          [
            80.1642699,
            12.5465926
          ],
          [
            80.1640327,
            12.5456593
          ],
          [
            80.1596898,
            12.5371004
          ],
          [
            80.1586486,
            12.5343773
          ],
          [
            80.1565294,
            12.525313
          ],
          [
            80.1565003,
            12.523137
          ],
          [
            80.1578438,
            12.5157483
          ],
          [
            80.157007,
            12.5132834
          ],
          [
            80.154333,
            12.5087827
          ],
          [
            80.152868,
            12.5058165
          ],
          [
            80.1526239,
            12.5040432
          ],
          [
            80.1525059,
            12.5017276
          ],
          [
            80.1527928,
            12.5004832
          ],
          [
            80.1539904,
            12.4964842
          ],
          [
            80.1542379,
            12.4948784
          ],
          [
            80.1541797,
            12.4932443
          ],
          [
            80.1538886,
            12.4921501
          ],
          [
            80.1512105,
            12.4889954
          ],
          [
            80.1493245,
            12.4824359
          ],
          [
            80.14889,
            12.4808437
          ],
          [
            80.1488726,
            12.4803095
          ],
          [
            80.149067,
            12.4798328
          ],
          [
            80.1492441,
            12.479152
          ],
          [
            80.1498985,
            12.4779734
          ],
          [
            80.1543799,
            12.4766579
          ],
          [
            80.1537333,
            12.473659
          ],
          [
            80.1528048,
            12.4728954
          ],
          [
            80.1531443,
            12.4696742
          ],
          [
            80.1530206,
            12.4689278
          ],
          [
            80.1525592,
            12.4685507
          ],
          [
            80.1514649,
            12.468315
          ],
          [
            80.1495449,
            12.4675018
          ],
          [
            80.1414051,
            12.454248
          ],
          [
            80.1389704,
            12.447318
          ],
          [
            80.1355319,
            12.4428834
          ],
          [
            80.1344905,
            12.4422248
          ],
          [
            80.1333482,
            12.4415025
          ],
          [
            80.1033199,
            12.4310245
          ],
          [
            80.0916023,
            12.4231393
          ],
          [
            80.0876211,
            12.40981
          ],
          [
            80.0868188,
            12.4037516
          ],
          [
            80.0864454,
            12.4009247
          ],
          [
            80.0863821,
            12.3997506
          ],
          [
            80.0866819,
            12.3960931
          ],
          [
            80.0862588,
            12.3947118
          ],
          [
            80.0856629,
            12.3927661
          ],
          [
            80.0829705,
            12.3901794
          ],
          [
            80.0819916,
            12.3892389
          ],
          [
            80.0809576,
            12.3882455
          ],
          [
            80.0805196,
            12.3872726
          ],
          [
            80.0800604,
            12.3862192
          ],
          [
            80.0782959,
            12.3819227
          ],
          [
            80.0782573,
            12.3809004
          ],
          [
            80.0779888,
            12.3758228
          ],
          [
            80.0777136,
            12.3745829
          ],
          [
            80.0758511,
            12.3716281
          ],
          [
            80.0723251,
            12.3683822
          ],
          [
            80.0716567,
            12.3675059
          ],
          [
            80.0693203,
            12.3636408
          ],
          [
            80.0685568,
            12.3618878
          ],
          [
            80.0681518,
            12.3599294
          ],
          [
            80.0668074,
            12.3578127
          ],
          [
            80.064767,
            12.3557423
          ],
          [
            80.0637291,
            12.3536651
          ],
          [
            80.06316,
            12.3528956
          ],
          [
            80.0633291,
            12.3511416
          ],
          [
            80.0631775,
            12.3499799
          ],
          [
            80.0625946,
            12.3486929
          ],
          [
            80.0587537,
            12.3452761
          ],
          [
            80.0565868,
            12.339389
          ],
          [
            80.0503127,
            12.3278242
          ],
          [
            80.0442827,
            12.3200495
          ],
          [
            80.0426723,
            12.3206719
          ],
          [
            80.041554,
            12.319479
          ],
          [
            80.0380584,
            12.3146201
          ],
          [
            80.0319905,
            12.3118616
          ],
          [
            80.0245228,
            12.3039077
          ],
          [
            80.0203229,
            12.296548
          ],
          [
            80.0162979,
            12.2916679
          ],
          [
            80.0146684,
            12.289867
          ],
          [
            80.011532,
            12.2874917
          ],
          [
            80.0107683,
            12.2859537
          ],
          [
            80.0106692,
            12.2840113
          ],
          [
            80.0119275,
            12.2740206
          ],
          [
            80.0082889,
            12.2702904
          ],
          [
            80.0050827,
            12.2645838
          ],
          [
            80.004075,
            12.2584743
          ],
          [
            80.0022789,
            12.2561108
          ],
          [
            80.0015247,
            12.2551183
          ],
          [
            79.9968565,
            12.2523463
          ],
          [
            79.9906315,
            12.2470516
          ],
          [
            79.9856196,
            12.2413438
          ],
          [
            79.9710396,
            12.2247262
          ],
          [
            79.9626977,
            12.2106811
          ],
          [
            79.9464701,
            12.2148118
          ],
          [
            79.9436824,
            12.2137054
          ],
          [
            79.9417299,
            12.2141763
          ]
        ]
      },
      "properties": {
        "id": 731551448,
        "osm_id": 731551448,
        "name": "Buckingham Canal",
        "waterway_type": "canal",
        "drain_type": "canal",
        "surface": "Data Unavailable",
        "tunnel": "no",
        "covered": "Data Unavailable",
        "capacity": "Data Unavailable",
        "flow_velocity": "Data Unavailable",
        "maintenance_status": "Data Unavailable",
        "condition": "Data Unavailable",
        "district": "Chennai",
        "source": "OpenStreetMap / Overpass API (OSM Contributors)",
        "data_source_type": "OpenStreetMap Verified Data"
      }
    },
    {
      "type": "Feature",
      "id": 813634942,
      "geometry": {
        "type": "LineString",
        "coordinates": [
          [
            80.1350681,
            13.1108528
          ],
          [
            80.1347601,
            13.1109871
          ],
          [
            80.1322255,
            13.1113084
          ],
          [
            80.1307932,
            13.1115775
          ],
          [
            80.1306725,
            13.1115174
          ],
          [
            80.1304069,
            13.1106057
          ],
          [
            80.1299456,
            13.1091533
          ],
          [
            80.129739,
            13.1088398
          ],
          [
            80.1279849,
            13.1065802
          ],
          [
            80.1278392,
            13.1061752
          ]
        ]
      },
      "properties": {
        "id": 813634942,
        "osm_id": 813634942,
        "name": "Unnamed Canal",
        "waterway_type": "canal",
        "drain_type": "canal",
        "surface": "Data Unavailable",
        "tunnel": "no",
        "covered": "Data Unavailable",
        "capacity": "Data Unavailable",
        "flow_velocity": "Data Unavailable",
        "maintenance_status": "Data Unavailable",
        "condition": "Data Unavailable",
        "district": "Chennai",
        "source": "OpenStreetMap / Overpass API (OSM Contributors)",
        "data_source_type": "OpenStreetMap Verified Data"
      }
    },
    {
      "type": "Feature",
      "id": 822593959,
      "geometry": {
        "type": "LineString",
        "coordinates": [
          [
            80.2657593,
            13.562094
          ],
          [
            80.2663422,
            13.5609093
          ],
          [
            80.2670252,
            13.554867
          ],
          [
            80.2675381,
            13.5487119
          ],
          [
            80.2677441,
            13.5460744
          ],
          [
            80.2679372,
            13.5448332
          ],
          [
            80.2682896,
            13.5436482
          ],
          [
            80.2689925,
            13.5418786
          ],
          [
            80.2694929,
            13.541292
          ],
          [
            80.2701127,
            13.5407779
          ],
          [
            80.2729427,
            13.5393183
          ],
          [
            80.273937,
            13.5385345
          ],
          [
            80.2747273,
            13.5376596
          ],
          [
            80.2759547,
            13.534134
          ],
          [
            80.275939,
            13.5328783
          ],
          [
            80.2756116,
            13.5293566
          ],
          [
            80.2755359,
            13.52764
          ],
          [
            80.2760684,
            13.5261776
          ],
          [
            80.2770945,
            13.524557
          ],
          [
            80.2777832,
            13.5231612
          ],
          [
            80.2786407,
            13.5174977
          ],
          [
            80.2786934,
            13.515334
          ],
          [
            80.2785321,
            13.5130347
          ],
          [
            80.2783772,
            13.510791
          ],
          [
            80.2784327,
            13.5096376
          ],
          [
            80.2786977,
            13.5085192
          ],
          [
            80.2795968,
            13.5054441
          ],
          [
            80.2811671,
            13.5024563
          ],
          [
            80.28218,
            13.4999137
          ],
          [
            80.2823031,
            13.4994043
          ],
          [
            80.2823836,
            13.4988537
          ],
          [
            80.2824572,
            13.4978546
          ],
          [
            80.2823907,
            13.4963237
          ],
          [
            80.2822909,
            13.4935854
          ],
          [
            80.2820913,
            13.4902649
          ],
          [
            80.28218,
            13.4892299
          ],
          [
            80.2823085,
            13.4886743
          ],
          [
            80.2824925,
            13.4881358
          ],
          [
            80.287951,
            13.4756956
          ],
          [
            80.2901205,
            13.4667469
          ],
          [
            80.2905072,
            13.4660277
          ],
          [
            80.2910262,
            13.4652752
          ],
          [
            80.2922623,
            13.4633388
          ],
          [
            80.2934513,
            13.4616962
          ],
          [
            80.294527,
            13.4599525
          ],
          [
            80.2952804,
            13.4584704
          ],
          [
            80.2957631,
            13.4569608
          ],
          [
            80.2962727,
            13.4551988
          ],
          [
            80.2969145,
            13.4517649
          ],
          [
            80.2969521,
            13.4502808
          ],
          [
            80.2968551,
            13.4486565
          ],
          [
            80.2961358,
            13.4460314
          ],
          [
            80.2960587,
            13.4455867
          ],
          [
            80.296134,
            13.4450193
          ],
          [
            80.2962023,
            13.4441791
          ],
          [
            80.2962828,
            13.4436521
          ],
          [
            80.296374,
            13.4434069
          ],
          [
            80.2987397,
            13.4409025
          ],
          [
            80.3027737,
            13.4367181
          ],
          [
            80.3084922,
            13.4316153
          ],
          [
            80.3089425,
            13.4312551
          ],
          [
            80.3128949,
            13.4280936
          ],
          [
            80.3157878,
            13.4245504
          ],
          [
            80.3212702,
            13.4163165
          ],
          [
            80.3221714,
            13.4146363
          ],
          [
            80.3226221,
            13.4117037
          ],
          [
            80.3228098,
            13.4107488
          ],
          [
            80.3232657,
            13.4096269
          ],
          [
            80.3247195,
            13.4078371
          ],
          [
            80.3259051,
            13.4066734
          ],
          [
            80.3265488,
            13.4057967
          ],
          [
            80.3268331,
            13.4051862
          ],
          [
            80.3276378,
            13.402838
          ],
          [
            80.328362,
            13.4000357
          ],
          [
            80.3291462,
            13.3963797
          ],
          [
            80.3297125,
            13.3919789
          ],
          [
            80.3310914,
            13.3846009
          ],
          [
            80.3314745,
            13.3777444
          ],
          [
            80.3299806,
            13.3749123
          ],
          [
            80.3274909,
            13.3718938
          ],
          [
            80.327376,
            13.3692107
          ],
          [
            80.3284485,
            13.3674593
          ],
          [
            80.3292146,
            13.363919
          ],
          [
            80.332049,
            13.3597824
          ],
          [
            80.3327002,
            13.3585898
          ],
          [
            80.3325087,
            13.3513599
          ],
          [
            80.3326277,
            13.349514
          ],
          [
            80.3329908,
            13.3490205
          ],
          [
            80.3333388,
            13.3487522
          ],
          [
            80.3335026,
            13.3487431
          ],
          [
            80.3337039,
            13.3486609
          ],
          [
            80.3341014,
            13.3482277
          ],
          [
            80.3341464,
            13.3479364
          ],
          [
            80.3341663,
            13.3471643
          ],
          [
            80.3342532,
            13.3467525
          ],
          [
            80.3347086,
            13.3456828
          ],
          [
            80.3348252,
            13.3449965
          ],
          [
            80.3348426,
            13.3431241
          ],
          [
            80.3330723,
            13.3383011
          ],
          [
            80.3320849,
            13.3372296
          ],
          [
            80.3307331,
            13.3347554
          ],
          [
            80.3294885,
            13.3300576
          ],
          [
            80.3268599,
            13.3261844
          ],
          [
            80.3234696,
            13.3142617
          ],
          [
            80.3234804,
            13.3138649
          ],
          [
            80.324285,
            13.3123928
          ],
          [
            80.3248751,
            13.3118499
          ],
          [
            80.3269672,
            13.308749
          ],
          [
            80.3275359,
            13.3074126
          ],
          [
            80.3298747,
            13.30143
          ],
          [
            80.3300357,
            13.3006991
          ],
          [
            80.3303794,
            13.2882911
          ],
          [
            80.3293495,
            13.2829449
          ],
          [
            80.3279762,
            13.2813995
          ],
          [
            80.3257875,
            13.2765127
          ],
          [
            80.3260402,
            13.2747254
          ],
          [
            80.3271399,
            13.2715286
          ],
          [
            80.3272934,
            13.2710189
          ],
          [
            80.3274105,
            13.2705162
          ],
          [
            80.3274797,
            13.2700888
          ],
          [
            80.3274761,
            13.2697544
          ],
          [
            80.327425,
            13.2694696
          ],
          [
            80.327075,
            13.2681171
          ],
          [
            80.3266887,
            13.2637312
          ],
          [
            80.3256539,
            13.2605988
          ],
          [
            80.3241996,
            13.2582175
          ],
          [
            80.3220968,
            13.253915
          ],
          [
            80.3192644,
            13.2495288
          ],
          [
            80.317419,
            13.2450173
          ],
          [
            80.3175057,
            13.2414038
          ],
          [
            80.3176679,
            13.2330972
          ],
          [
            80.3172001,
            13.2323269
          ],
          [
            80.3159357,
            13.2314232
          ],
          [
            80.3186862,
            13.2268156
          ],
          [
            80.3192661,
            13.2247341
          ],
          [
            80.3180465,
            13.2193209
          ],
          [
            80.3138198,
            13.2123859
          ],
          [
            80.311813,
            13.2080991
          ],
          [
            80.3097003,
            13.2041105
          ],
          [
            80.3080009,
            13.201963
          ],
          [
            80.3067563,
            13.2003753
          ],
          [
            80.3058551,
            13.1979854
          ],
          [
            80.3043702,
            13.1945425
          ],
          [
            80.3024219,
            13.1904227
          ],
          [
            80.2992032,
            13.185626
          ],
          [
            80.2966283,
            13.1840131
          ],
          [
            80.29537,
            13.1822209
          ],
          [
            80.294238,
            13.180469
          ],
          [
            80.2910979,
            13.1755483
          ],
          [
            80.2907816,
            13.1749288
          ],
          [
            80.2902802,
            13.1738453
          ],
          [
            80.2897652,
            13.1704188
          ],
          [
            80.2889758,
            13.1637722
          ],
          [
            80.288826,
            13.1630209
          ],
          [
            80.2875094,
            13.1604226
          ],
          [
            80.2853793,
            13.1558098
          ],
          [
            80.2845976,
            13.1541703
          ],
          [
            80.2811393,
            13.1469169
          ],
          [
            80.2779893,
            13.1403641
          ],
          [
            80.2774275,
            13.1388849
          ],
          [
            80.2749272,
            13.1308062
          ],
          [
            80.2735862,
            13.1254858
          ],
          [
            80.2733993,
            13.1248075
          ],
          [
            80.2718656,
            13.1185513
          ],
          [
            80.2704236,
            13.1129839
          ],
          [
            80.2701866,
            13.1117194
          ],
          [
            80.2701203,
            13.1108467
          ],
          [
            80.2702394,
            13.1101402
          ],
          [
            80.2721067,
            13.1068969
          ],
          [
            80.2724284,
            13.1062207
          ],
          [
            80.272787,
            13.1048034
          ],
          [
            80.272876,
            13.1041297
          ],
          [
            80.2729793,
            13.1035096
          ],
          [
            80.2737601,
            13.1006735
          ],
          [
            80.2739324,
            13.0997664
          ],
          [
            80.2739668,
            13.0991119
          ],
          [
            80.2740357,
            13.0941172
          ],
          [
            80.274139,
            13.093589
          ],
          [
            80.2743446,
            13.0931789
          ],
          [
            80.2744648,
            13.0928947
          ],
          [
            80.2741472,
            13.0918246
          ],
          [
            80.273877,
            13.0912344
          ],
          [
            80.2740632,
            13.0875951
          ],
          [
            80.2741121,
            13.0868768
          ],
          [
            80.2747304,
            13.083152
          ]
        ]
      },
      "properties": {
        "id": 822593959,
        "osm_id": 822593959,
        "name": "Buckingham Canal",
        "waterway_type": "canal",
        "drain_type": "canal",
        "surface": "Data Unavailable",
        "tunnel": "no",
        "covered": "Data Unavailable",
        "capacity": "Data Unavailable",
        "flow_velocity": "Data Unavailable",
        "maintenance_status": "Data Unavailable",
        "condition": "Data Unavailable",
        "district": "Chennai",
        "source": "OpenStreetMap / Overpass API (OSM Contributors)",
        "data_source_type": "OpenStreetMap Verified Data"
      }
    },
    {
      "type": "Feature",
      "id": 830029634,
      "geometry": {
        "type": "LineString",
        "coordinates": [
          [
            80.1587986,
            12.9897275
          ],
          [
            80.158833,
            12.9897752
          ]
        ]
      },
      "properties": {
        "id": 830029634,
        "osm_id": 830029634,
        "name": "Unnamed Stream",
        "waterway_type": "stream",
        "drain_type": "stream",
        "surface": "Data Unavailable",
        "tunnel": "culvert",
        "covered": "Data Unavailable",
        "capacity": "Data Unavailable",
        "flow_velocity": "Data Unavailable",
        "maintenance_status": "Data Unavailable",
        "condition": "Data Unavailable",
        "district": "Chennai",
        "source": "OpenStreetMap / Overpass API (OSM Contributors)",
        "data_source_type": "OpenStreetMap Verified Data"
      }
    },
    {
      "type": "Feature",
      "id": 830029635,
      "geometry": {
        "type": "LineString",
        "coordinates": [
          [
            80.1551478,
            12.9884325
          ],
          [
            80.155378,
            12.9883249
          ],
          [
            80.15552,
            12.9882836
          ],
          [
            80.1555771,
            12.9883022
          ],
          [
            80.1556452,
            12.9883154
          ],
          [
            80.1556987,
            12.9883128
          ],
          [
            80.1557635,
            12.9883045
          ],
          [
            80.1558241,
            12.9882789
          ],
          [
            80.1558437,
            12.9882524
          ],
          [
            80.1558499,
            12.9882214
          ],
          [
            80.1558562,
            12.9881836
          ],
          [
            80.1558645,
            12.9881679
          ],
          [
            80.1558824,
            12.9881568
          ],
          [
            80.1559117,
            12.9881646
          ],
          [
            80.1559579,
            12.9881856
          ],
          [
            80.1560329,
            12.9881929
          ],
          [
            80.156081,
            12.9881732
          ],
          [
            80.1561018,
            12.9881567
          ],
          [
            80.1561256,
            12.9881518
          ],
          [
            80.1561466,
            12.9881584
          ],
          [
            80.1561536,
            12.9881828
          ],
          [
            80.1561695,
            12.9882383
          ],
          [
            80.156195,
            12.9882848
          ],
          [
            80.1562486,
            12.9883311
          ],
          [
            80.1563459,
            12.9884185
          ],
          [
            80.1563927,
            12.9884819
          ],
          [
            80.1564076,
            12.9885284
          ],
          [
            80.1563994,
            12.9885688
          ],
          [
            80.1563683,
            12.9886162
          ],
          [
            80.1563728,
            12.9886519
          ],
          [
            80.1563983,
            12.988706
          ],
          [
            80.1564838,
            12.9887176
          ],
          [
            80.156559,
            12.988719
          ],
          [
            80.1566545,
            12.9887723
          ],
          [
            80.1567976,
            12.9888379
          ],
          [
            80.1569405,
            12.9888811
          ],
          [
            80.1569835,
            12.9889147
          ],
          [
            80.1570051,
            12.9889784
          ],
          [
            80.1569547,
            12.9890896
          ],
          [
            80.1569562,
            12.9891562
          ],
          [
            80.1570053,
            12.9892022
          ],
          [
            80.1571425,
            12.9892501
          ],
          [
            80.157182,
            12.9892362
          ],
          [
            80.1572313,
            12.9891755
          ],
          [
            80.1572827,
            12.9891507
          ],
          [
            80.1573436,
            12.9891548
          ],
          [
            80.1574421,
            12.9891615
          ],
          [
            80.1575137,
            12.9891387
          ],
          [
            80.1575658,
            12.9891186
          ],
          [
            80.1576312,
            12.9891356
          ],
          [
            80.1576749,
            12.9891914
          ],
          [
            80.1577114,
            12.98922
          ],
          [
            80.157757,
            12.9891979
          ],
          [
            80.1577755,
            12.9891256
          ],
          [
            80.1578019,
            12.9890845
          ],
          [
            80.1578701,
            12.9890803
          ],
          [
            80.1579762,
            12.9891305
          ],
          [
            80.1580471,
            12.9891444
          ],
          [
            80.1581468,
            12.989146
          ],
          [
            80.1583037,
            12.9891718
          ],
          [
            80.1583917,
            12.9891624
          ],
          [
            80.158482,
            12.9891794
          ],
          [
            80.1585401,
            12.9892502
          ],
          [
            80.1586818,
            12.989544
          ],
          [
            80.158744,
            12.9896497
          ],
          [
            80.1587986,
            12.9897275
          ]
        ]
      },
      "properties": {
        "id": 830029635,
        "osm_id": 830029635,
        "name": "Unnamed Stream",
        "waterway_type": "stream",
        "drain_type": "stream",
        "surface": "Data Unavailable",
        "tunnel": "no",
        "covered": "Data Unavailable",
        "capacity": "Data Unavailable",
        "flow_velocity": "Data Unavailable",
        "maintenance_status": "Data Unavailable",
        "condition": "Data Unavailable",
        "district": "Chennai",
        "source": "OpenStreetMap / Overpass API (OSM Contributors)",
        "data_source_type": "OpenStreetMap Verified Data"
      }
    },
    {
      "type": "Feature",
      "id": 833840450,
      "geometry": {
        "type": "LineString",
        "coordinates": [
          [
            80.168804,
            13.0081757
          ],
          [
            80.1687028,
            13.0077422
          ],
          [
            80.1678373,
            13.0078387
          ],
          [
            80.1677454,
            13.0077713
          ],
          [
            80.1677749,
            13.007399
          ],
          [
            80.1678878,
            13.0072919
          ],
          [
            80.1678759,
            13.0066526
          ],
          [
            80.167805,
            13.0064237
          ],
          [
            80.1675394,
            13.0063819
          ],
          [
            80.1673522,
            13.0062949
          ]
        ]
      },
      "properties": {
        "id": 833840450,
        "osm_id": 833840450,
        "name": "Surplus water drain",
        "waterway_type": "drain",
        "drain_type": "drain",
        "surface": "Data Unavailable",
        "tunnel": "no",
        "covered": "Data Unavailable",
        "capacity": "Data Unavailable",
        "flow_velocity": "Data Unavailable",
        "maintenance_status": "Data Unavailable",
        "condition": "Data Unavailable",
        "district": "Chennai",
        "source": "OpenStreetMap / Overpass API (OSM Contributors)",
        "data_source_type": "OpenStreetMap Verified Data"
      }
    },
    {
      "type": "Feature",
      "id": 833840451,
      "geometry": {
        "type": "LineString",
        "coordinates": [
          [
            80.1688125,
            13.008292
          ],
          [
            80.168804,
            13.0081757
          ]
        ]
      },
      "properties": {
        "id": 833840451,
        "osm_id": 833840451,
        "name": "Surplus water drain",
        "waterway_type": "drain",
        "drain_type": "drain",
        "surface": "Data Unavailable",
        "tunnel": "culvert",
        "covered": "Data Unavailable",
        "capacity": "Data Unavailable",
        "flow_velocity": "Data Unavailable",
        "maintenance_status": "Data Unavailable",
        "condition": "Data Unavailable",
        "district": "Chennai",
        "source": "OpenStreetMap / Overpass API (OSM Contributors)",
        "data_source_type": "OpenStreetMap Verified Data"
      }
    },
    {
      "type": "Feature",
      "id": 835007994,
      "geometry": {
        "type": "LineString",
        "coordinates": [
          [
            80.1636599,
            13.1126694
          ],
          [
            80.1638189,
            13.1142237
          ],
          [
            80.1659451,
            13.1142975
          ],
          [
            80.1664199,
            13.1143079
          ],
          [
            80.1674229,
            13.1143298
          ],
          [
            80.1688023,
            13.1143599
          ],
          [
            80.1696877,
            13.11434
          ],
          [
            80.1741119,
            13.1141865
          ],
          [
            80.1742351,
            13.1141754
          ]
        ]
      },
      "properties": {
        "id": 835007994,
        "osm_id": 835007994,
        "name": "Unnamed Drain",
        "waterway_type": "drain",
        "drain_type": "drain",
        "surface": "Data Unavailable",
        "tunnel": "no",
        "covered": "Data Unavailable",
        "capacity": "Data Unavailable",
        "flow_velocity": "Data Unavailable",
        "maintenance_status": "Data Unavailable",
        "condition": "Data Unavailable",
        "district": "Chennai",
        "source": "OpenStreetMap / Overpass API (OSM Contributors)",
        "data_source_type": "OpenStreetMap Verified Data"
      }
    },
    {
      "type": "Feature",
      "id": 835007995,
      "geometry": {
        "type": "LineString",
        "coordinates": [
          [
            80.1636484,
            13.1125712
          ],
          [
            80.1636599,
            13.1126694
          ]
        ]
      },
      "properties": {
        "id": 835007995,
        "osm_id": 835007995,
        "name": "Unnamed Drain",
        "waterway_type": "drain",
        "drain_type": "drain",
        "surface": "Data Unavailable",
        "tunnel": "culvert",
        "covered": "Data Unavailable",
        "capacity": "Data Unavailable",
        "flow_velocity": "Data Unavailable",
        "maintenance_status": "Data Unavailable",
        "condition": "Data Unavailable",
        "district": "Chennai",
        "source": "OpenStreetMap / Overpass API (OSM Contributors)",
        "data_source_type": "OpenStreetMap Verified Data"
      }
    },
    {
      "type": "Feature",
      "id": 835785681,
      "geometry": {
        "type": "LineString",
        "coordinates": [
          [
            80.2225202,
            12.9708576
          ],
          [
            80.2225438,
            12.9708561
          ]
        ]
      },
      "properties": {
        "id": 835785681,
        "osm_id": 835785681,
        "name": "Stormwater Drain",
        "waterway_type": "drain",
        "drain_type": "drain",
        "surface": "Data Unavailable",
        "tunnel": "culvert",
        "covered": "Data Unavailable",
        "capacity": "Data Unavailable",
        "flow_velocity": "Data Unavailable",
        "maintenance_status": "Data Unavailable",
        "condition": "Data Unavailable",
        "district": "Chennai",
        "source": "OpenStreetMap / Overpass API (OSM Contributors)",
        "data_source_type": "OpenStreetMap Verified Data"
      }
    },
    {
      "type": "Feature",
      "id": 835785682,
      "geometry": {
        "type": "LineString",
        "coordinates": [
          [
            80.2225438,
            12.9708561
          ],
          [
            80.222623,
            12.9708513
          ],
          [
            80.2229169,
            12.9708786
          ],
          [
            80.2230407,
            12.9708915
          ]
        ]
      },
      "properties": {
        "id": 835785682,
        "osm_id": 835785682,
        "name": "Stormwater Drain",
        "waterway_type": "drain",
        "drain_type": "drain",
        "surface": "Data Unavailable",
        "tunnel": "no",
        "covered": "Data Unavailable",
        "capacity": "Data Unavailable",
        "flow_velocity": "Data Unavailable",
        "maintenance_status": "Data Unavailable",
        "condition": "Data Unavailable",
        "district": "Chennai",
        "source": "OpenStreetMap / Overpass API (OSM Contributors)",
        "data_source_type": "OpenStreetMap Verified Data"
      }
    },
    {
      "type": "Feature",
      "id": 837049427,
      "geometry": {
        "type": "LineString",
        "coordinates": [
          [
            80.2019477,
            12.9498945
          ],
          [
            80.2024482,
            12.9496212
          ],
          [
            80.2030027,
            12.9490147
          ]
        ]
      },
      "properties": {
        "id": 837049427,
        "osm_id": 837049427,
        "name": "Unnamed Drain",
        "waterway_type": "drain",
        "drain_type": "drain",
        "surface": "Data Unavailable",
        "tunnel": "no",
        "covered": "Data Unavailable",
        "capacity": "Data Unavailable",
        "flow_velocity": "Data Unavailable",
        "maintenance_status": "Data Unavailable",
        "condition": "Data Unavailable",
        "district": "Chennai",
        "source": "OpenStreetMap / Overpass API (OSM Contributors)",
        "data_source_type": "OpenStreetMap Verified Data"
      }
    },
    {
      "type": "Feature",
      "id": 837068307,
      "geometry": {
        "type": "LineString",
        "coordinates": [
          [
            80.1409232,
            13.0239644
          ],
          [
            80.141098,
            13.0239238
          ],
          [
            80.1413059,
            13.0239761
          ],
          [
            80.1414926,
            13.0239966
          ],
          [
            80.1417122,
            13.0239989
          ],
          [
            80.1421651,
            13.0240535
          ],
          [
            80.1424056,
            13.0241058
          ],
          [
            80.1425644,
            13.0242605
          ],
          [
            80.1426858,
            13.0243515
          ],
          [
            80.1427512,
            13.0243788
          ],
          [
            80.1432765,
            13.0245024
          ],
          [
            80.1438672,
            13.0245477
          ],
          [
            80.1444513,
            13.0247805
          ],
          [
            80.1448429,
            13.0249874
          ],
          [
            80.1452477,
            13.025162
          ],
          [
            80.1471924,
            13.0257633
          ],
          [
            80.148261,
            13.02641
          ],
          [
            80.1485663,
            13.0265134
          ],
          [
            80.14923,
            13.027063
          ],
          [
            80.1496215,
            13.0276191
          ],
          [
            80.1504445,
            13.0291516
          ],
          [
            80.1513936,
            13.0302379
          ],
          [
            80.1521635,
            13.0313049
          ],
          [
            80.1527476,
            13.0318739
          ],
          [
            80.1532586,
            13.0323459
          ],
          [
            80.1535308,
            13.0328955
          ],
          [
            80.1531591,
            13.0336391
          ],
          [
            80.1525684,
            13.0354108
          ],
          [
            80.1521967,
            13.0357664
          ],
          [
            80.1518582,
            13.035844
          ]
        ]
      },
      "properties": {
        "id": 837068307,
        "osm_id": 837068307,
        "name": "Thanthi Channel",
        "waterway_type": "drain",
        "drain_type": "drain",
        "surface": "Data Unavailable",
        "tunnel": "no",
        "covered": "Data Unavailable",
        "capacity": "Data Unavailable",
        "flow_velocity": "Data Unavailable",
        "maintenance_status": "Data Unavailable",
        "condition": "Data Unavailable",
        "district": "Chennai",
        "source": "OpenStreetMap / Overpass API (OSM Contributors)",
        "data_source_type": "OpenStreetMap Verified Data"
      }
    },
    {
      "type": "Feature",
      "id": 837068308,
      "geometry": {
        "type": "LineString",
        "coordinates": [
          [
            80.1404298,
            13.0240283
          ],
          [
            80.1409232,
            13.0239644
          ]
        ]
      },
      "properties": {
        "id": 837068308,
        "osm_id": 837068308,
        "name": "Thanthi Channel",
        "waterway_type": "drain",
        "drain_type": "drain",
        "surface": "Data Unavailable",
        "tunnel": "yes",
        "covered": "Data Unavailable",
        "capacity": "Data Unavailable",
        "flow_velocity": "Data Unavailable",
        "maintenance_status": "Data Unavailable",
        "condition": "Data Unavailable",
        "district": "Chennai",
        "source": "OpenStreetMap / Overpass API (OSM Contributors)",
        "data_source_type": "OpenStreetMap Verified Data"
      }
    },
    {
      "type": "Feature",
      "id": 837068335,
      "geometry": {
        "type": "LineString",
        "coordinates": [
          [
            80.1315639,
            13.0160459
          ],
          [
            80.1318475,
            13.0160582
          ],
          [
            80.1321164,
            13.0160908
          ],
          [
            80.1334888,
            13.0164914
          ],
          [
            80.1335285,
            13.0164984
          ],
          [
            80.1335925,
            13.0164914
          ],
          [
            80.1336322,
            13.0164538
          ],
          [
            80.1337554,
            13.0163158
          ],
          [
            80.133832,
            13.0162824
          ],
          [
            80.1339046,
            13.0162824
          ],
          [
            80.133979,
            13.0163092
          ],
          [
            80.1344736,
            13.0165142
          ],
          [
            80.1349779,
            13.0166736
          ],
          [
            80.1356002,
            13.0168409
          ],
          [
            80.1359256,
            13.0169411
          ],
          [
            80.136116,
            13.0169685
          ],
          [
            80.1362085,
            13.0169738
          ],
          [
            80.1362877,
            13.0169633
          ],
          [
            80.136488,
            13.0168382
          ],
          [
            80.1369859,
            13.0167257
          ],
          [
            80.1376045,
            13.0169796
          ],
          [
            80.1380845,
            13.0173613
          ],
          [
            80.1382019,
            13.0179881
          ],
          [
            80.1384165,
            13.0182834
          ],
          [
            80.138714,
            13.0181798
          ],
          [
            80.1389853,
            13.0181323
          ],
          [
            80.1392238,
            13.0179123
          ],
          [
            80.1396718,
            13.0176431
          ],
          [
            80.1398,
            13.0176091
          ],
          [
            80.1399106,
            13.0176048
          ],
          [
            80.1399929,
            13.0176143
          ],
          [
            80.1400526,
            13.0176327
          ],
          [
            80.1403155,
            13.017847
          ],
          [
            80.1408466,
            13.0179933
          ],
          [
            80.1411532,
            13.0178695
          ]
        ]
      },
      "properties": {
        "id": 837068335,
        "osm_id": 837068335,
        "name": "Chembarambakkam irrigation canal",
        "waterway_type": "canal",
        "drain_type": "canal",
        "surface": "Data Unavailable",
        "tunnel": "no",
        "covered": "Data Unavailable",
        "capacity": "Data Unavailable",
        "flow_velocity": "Data Unavailable",
        "maintenance_status": "Data Unavailable",
        "condition": "Data Unavailable",
        "district": "Chennai",
        "source": "OpenStreetMap / Overpass API (OSM Contributors)",
        "data_source_type": "OpenStreetMap Verified Data"
      }
    },
    {
      "type": "Feature",
      "id": 837068336,
      "geometry": {
        "type": "LineString",
        "coordinates": [
          [
            80.1306209,
            13.0160478
          ],
          [
            80.1315639,
            13.0160459
          ]
        ]
      },
      "properties": {
        "id": 837068336,
        "osm_id": 837068336,
        "name": "Chembarambakkam irrigation canal",
        "waterway_type": "canal",
        "drain_type": "canal",
        "surface": "Data Unavailable",
        "tunnel": "yes",
        "covered": "Data Unavailable",
        "capacity": "Data Unavailable",
        "flow_velocity": "Data Unavailable",
        "maintenance_status": "Data Unavailable",
        "condition": "Data Unavailable",
        "district": "Chennai",
        "source": "OpenStreetMap / Overpass API (OSM Contributors)",
        "data_source_type": "OpenStreetMap Verified Data"
      }
    },
    {
      "type": "Feature",
      "id": 840983561,
      "geometry": {
        "type": "LineString",
        "coordinates": [
          [
            80.2454591,
            12.9376156
          ],
          [
            80.2454569,
            12.9375625
          ],
          [
            80.2454537,
            12.9374859
          ],
          [
            80.2454201,
            12.9373824
          ],
          [
            80.2454397,
            12.9371819
          ]
        ]
      },
      "properties": {
        "id": 840983561,
        "osm_id": 840983561,
        "name": "Unnamed Ditch",
        "waterway_type": "ditch",
        "drain_type": "ditch",
        "surface": "Data Unavailable",
        "tunnel": "no",
        "covered": "Data Unavailable",
        "capacity": "Data Unavailable",
        "flow_velocity": "Data Unavailable",
        "maintenance_status": "Data Unavailable",
        "condition": "Data Unavailable",
        "district": "Chennai",
        "source": "OpenStreetMap / Overpass API (OSM Contributors)",
        "data_source_type": "OpenStreetMap Verified Data"
      }
    },
    {
      "type": "Feature",
      "id": 881880730,
      "geometry": {
        "type": "LineString",
        "coordinates": [
          [
            80.1973464,
            12.9958207
          ],
          [
            80.1970813,
            12.99577
          ],
          [
            80.1965736,
            12.9957376
          ],
          [
            80.1964001,
            12.9956747
          ],
          [
            80.1963844,
            12.9954532
          ],
          [
            80.1963847,
            12.9951928
          ],
          [
            80.196357,
            12.9950517
          ],
          [
            80.196303,
            12.9949489
          ],
          [
            80.1962903,
            12.9948704
          ]
        ]
      },
      "properties": {
        "id": 881880730,
        "osm_id": 881880730,
        "name": "Unnamed Drain",
        "waterway_type": "drain",
        "drain_type": "drain",
        "surface": "Data Unavailable",
        "tunnel": "no",
        "covered": "Data Unavailable",
        "capacity": "Data Unavailable",
        "flow_velocity": "Data Unavailable",
        "maintenance_status": "Data Unavailable",
        "condition": "Data Unavailable",
        "district": "Chennai",
        "source": "OpenStreetMap / Overpass API (OSM Contributors)",
        "data_source_type": "OpenStreetMap Verified Data"
      }
    },
    {
      "type": "Feature",
      "id": 881880731,
      "geometry": {
        "type": "LineString",
        "coordinates": [
          [
            80.1960215,
            12.9937121
          ],
          [
            80.1960426,
            12.9936335
          ],
          [
            80.1960538,
            12.9935921
          ],
          [
            80.1960683,
            12.9935381
          ]
        ]
      },
      "properties": {
        "id": 881880731,
        "osm_id": 881880731,
        "name": "Unnamed Drain",
        "waterway_type": "drain",
        "drain_type": "drain",
        "surface": "Data Unavailable",
        "tunnel": "culvert",
        "covered": "Data Unavailable",
        "capacity": "Data Unavailable",
        "flow_velocity": "Data Unavailable",
        "maintenance_status": "Data Unavailable",
        "condition": "Data Unavailable",
        "district": "Chennai",
        "source": "OpenStreetMap / Overpass API (OSM Contributors)",
        "data_source_type": "OpenStreetMap Verified Data"
      }
    },
    {
      "type": "Feature",
      "id": 881880732,
      "geometry": {
        "type": "LineString",
        "coordinates": [
          [
            80.1960683,
            12.9935381
          ],
          [
            80.1960814,
            12.993391
          ],
          [
            80.1962323,
            12.9923145
          ],
          [
            80.1964188,
            12.9923405
          ]
        ]
      },
      "properties": {
        "id": 881880732,
        "osm_id": 881880732,
        "name": "Unnamed Drain",
        "waterway_type": "drain",
        "drain_type": "drain",
        "surface": "Data Unavailable",
        "tunnel": "no",
        "covered": "Data Unavailable",
        "capacity": "Data Unavailable",
        "flow_velocity": "Data Unavailable",
        "maintenance_status": "Data Unavailable",
        "condition": "Data Unavailable",
        "district": "Chennai",
        "source": "OpenStreetMap / Overpass API (OSM Contributors)",
        "data_source_type": "OpenStreetMap Verified Data"
      }
    },
    {
      "type": "Feature",
      "id": 881880733,
      "geometry": {
        "type": "LineString",
        "coordinates": [
          [
            80.1964188,
            12.9923405
          ],
          [
            80.1965196,
            12.9923545
          ]
        ]
      },
      "properties": {
        "id": 881880733,
        "osm_id": 881880733,
        "name": "Unnamed Drain",
        "waterway_type": "drain",
        "drain_type": "drain",
        "surface": "Data Unavailable",
        "tunnel": "culvert",
        "covered": "Data Unavailable",
        "capacity": "Data Unavailable",
        "flow_velocity": "Data Unavailable",
        "maintenance_status": "Data Unavailable",
        "condition": "Data Unavailable",
        "district": "Chennai",
        "source": "OpenStreetMap / Overpass API (OSM Contributors)",
        "data_source_type": "OpenStreetMap Verified Data"
      }
    },
    {
      "type": "Feature",
      "id": 881880734,
      "geometry": {
        "type": "LineString",
        "coordinates": [
          [
            80.1965196,
            12.9923545
          ],
          [
            80.1968415,
            12.9923993
          ]
        ]
      },
      "properties": {
        "id": 881880734,
        "osm_id": 881880734,
        "name": "Unnamed Drain",
        "waterway_type": "drain",
        "drain_type": "drain",
        "surface": "Data Unavailable",
        "tunnel": "no",
        "covered": "Data Unavailable",
        "capacity": "Data Unavailable",
        "flow_velocity": "Data Unavailable",
        "maintenance_status": "Data Unavailable",
        "condition": "Data Unavailable",
        "district": "Chennai",
        "source": "OpenStreetMap / Overpass API (OSM Contributors)",
        "data_source_type": "OpenStreetMap Verified Data"
      }
    },
    {
      "type": "Feature",
      "id": 881880735,
      "geometry": {
        "type": "LineString",
        "coordinates": [
          [
            80.1968415,
            12.9923993
          ],
          [
            80.1969426,
            12.9924134
          ]
        ]
      },
      "properties": {
        "id": 881880735,
        "osm_id": 881880735,
        "name": "Unnamed Drain",
        "waterway_type": "drain",
        "drain_type": "drain",
        "surface": "Data Unavailable",
        "tunnel": "culvert",
        "covered": "Data Unavailable",
        "capacity": "Data Unavailable",
        "flow_velocity": "Data Unavailable",
        "maintenance_status": "Data Unavailable",
        "condition": "Data Unavailable",
        "district": "Chennai",
        "source": "OpenStreetMap / Overpass API (OSM Contributors)",
        "data_source_type": "OpenStreetMap Verified Data"
      }
    },
    {
      "type": "Feature",
      "id": 881880736,
      "geometry": {
        "type": "LineString",
        "coordinates": [
          [
            80.1969426,
            12.9924134
          ],
          [
            80.1970002,
            12.9924214
          ],
          [
            80.1976828,
            12.9923906
          ],
          [
            80.1982956,
            12.9923179
          ]
        ]
      },
      "properties": {
        "id": 881880736,
        "osm_id": 881880736,
        "name": "Unnamed Drain",
        "waterway_type": "drain",
        "drain_type": "drain",
        "surface": "Data Unavailable",
        "tunnel": "no",
        "covered": "Data Unavailable",
        "capacity": "Data Unavailable",
        "flow_velocity": "Data Unavailable",
        "maintenance_status": "Data Unavailable",
        "condition": "Data Unavailable",
        "district": "Chennai",
        "source": "OpenStreetMap / Overpass API (OSM Contributors)",
        "data_source_type": "OpenStreetMap Verified Data"
      }
    },
    {
      "type": "Feature",
      "id": 881880737,
      "geometry": {
        "type": "LineString",
        "coordinates": [
          [
            80.1982956,
            12.9923179
          ],
          [
            80.1983968,
            12.9923059
          ]
        ]
      },
      "properties": {
        "id": 881880737,
        "osm_id": 881880737,
        "name": "Unnamed Drain",
        "waterway_type": "drain",
        "drain_type": "drain",
        "surface": "Data Unavailable",
        "tunnel": "culvert",
        "covered": "Data Unavailable",
        "capacity": "Data Unavailable",
        "flow_velocity": "Data Unavailable",
        "maintenance_status": "Data Unavailable",
        "condition": "Data Unavailable",
        "district": "Chennai",
        "source": "OpenStreetMap / Overpass API (OSM Contributors)",
        "data_source_type": "OpenStreetMap Verified Data"
      }
    },
    {
      "type": "Feature",
      "id": 881880738,
      "geometry": {
        "type": "LineString",
        "coordinates": [
          [
            80.1985239,
            12.9922908
          ],
          [
            80.1987409,
            12.9922361
          ]
        ]
      },
      "properties": {
        "id": 881880738,
        "osm_id": 881880738,
        "name": "Unnamed Drain",
        "waterway_type": "drain",
        "drain_type": "drain",
        "surface": "Data Unavailable",
        "tunnel": "culvert",
        "covered": "Data Unavailable",
        "capacity": "Data Unavailable",
        "flow_velocity": "Data Unavailable",
        "maintenance_status": "Data Unavailable",
        "condition": "Data Unavailable",
        "district": "Chennai",
        "source": "OpenStreetMap / Overpass API (OSM Contributors)",
        "data_source_type": "OpenStreetMap Verified Data"
      }
    },
    {
      "type": "Feature",
      "id": 881880739,
      "geometry": {
        "type": "LineString",
        "coordinates": [
          [
            80.1983968,
            12.9923059
          ],
          [
            80.1985239,
            12.9922908
          ]
        ]
      },
      "properties": {
        "id": 881880739,
        "osm_id": 881880739,
        "name": "Unnamed Drain",
        "waterway_type": "drain",
        "drain_type": "drain",
        "surface": "Data Unavailable",
        "tunnel": "no",
        "covered": "Data Unavailable",
        "capacity": "Data Unavailable",
        "flow_velocity": "Data Unavailable",
        "maintenance_status": "Data Unavailable",
        "condition": "Data Unavailable",
        "district": "Chennai",
        "source": "OpenStreetMap / Overpass API (OSM Contributors)",
        "data_source_type": "OpenStreetMap Verified Data"
      }
    },
    {
      "type": "Feature",
      "id": 881880740,
      "geometry": {
        "type": "LineString",
        "coordinates": [
          [
            80.1962742,
            12.994771
          ],
          [
            80.1962688,
            12.9947375
          ],
          [
            80.1963122,
            12.9938983
          ]
        ]
      },
      "properties": {
        "id": 881880740,
        "osm_id": 881880740,
        "name": "Unnamed Drain",
        "waterway_type": "drain",
        "drain_type": "drain",
        "surface": "Data Unavailable",
        "tunnel": "no",
        "covered": "Data Unavailable",
        "capacity": "Data Unavailable",
        "flow_velocity": "Data Unavailable",
        "maintenance_status": "Data Unavailable",
        "condition": "Data Unavailable",
        "district": "Chennai",
        "source": "OpenStreetMap / Overpass API (OSM Contributors)",
        "data_source_type": "OpenStreetMap Verified Data"
      }
    },
    {
      "type": "Feature",
      "id": 881880741,
      "geometry": {
        "type": "LineString",
        "coordinates": [
          [
            80.1962903,
            12.9948704
          ],
          [
            80.1962742,
            12.994771
          ]
        ]
      },
      "properties": {
        "id": 881880741,
        "osm_id": 881880741,
        "name": "Unnamed Drain",
        "waterway_type": "drain",
        "drain_type": "drain",
        "surface": "Data Unavailable",
        "tunnel": "culvert",
        "covered": "Data Unavailable",
        "capacity": "Data Unavailable",
        "flow_velocity": "Data Unavailable",
        "maintenance_status": "Data Unavailable",
        "condition": "Data Unavailable",
        "district": "Chennai",
        "source": "OpenStreetMap / Overpass API (OSM Contributors)",
        "data_source_type": "OpenStreetMap Verified Data"
      }
    },
    {
      "type": "Feature",
      "id": 881880742,
      "geometry": {
        "type": "LineString",
        "coordinates": [
          [
            80.1963152,
            12.9938396
          ],
          [
            80.1960153,
            12.9937351
          ],
          [
            80.1960215,
            12.9937121
          ]
        ]
      },
      "properties": {
        "id": 881880742,
        "osm_id": 881880742,
        "name": "Unnamed Drain",
        "waterway_type": "drain",
        "drain_type": "drain",
        "surface": "Data Unavailable",
        "tunnel": "no",
        "covered": "Data Unavailable",
        "capacity": "Data Unavailable",
        "flow_velocity": "Data Unavailable",
        "maintenance_status": "Data Unavailable",
        "condition": "Data Unavailable",
        "district": "Chennai",
        "source": "OpenStreetMap / Overpass API (OSM Contributors)",
        "data_source_type": "OpenStreetMap Verified Data"
      }
    },
    {
      "type": "Feature",
      "id": 881880743,
      "geometry": {
        "type": "LineString",
        "coordinates": [
          [
            80.1963122,
            12.9938983
          ],
          [
            80.1963152,
            12.9938396
          ]
        ]
      },
      "properties": {
        "id": 881880743,
        "osm_id": 881880743,
        "name": "Unnamed Drain",
        "waterway_type": "drain",
        "drain_type": "drain",
        "surface": "Data Unavailable",
        "tunnel": "culvert",
        "covered": "Data Unavailable",
        "capacity": "Data Unavailable",
        "flow_velocity": "Data Unavailable",
        "maintenance_status": "Data Unavailable",
        "condition": "Data Unavailable",
        "district": "Chennai",
        "source": "OpenStreetMap / Overpass API (OSM Contributors)",
        "data_source_type": "OpenStreetMap Verified Data"
      }
    },
    {
      "type": "Feature",
      "id": 911275609,
      "geometry": {
        "type": "LineString",
        "coordinates": [
          [
            80.2031826,
            13.1471516
          ],
          [
            80.2021945,
            13.1470987
          ],
          [
            80.2011634,
            13.147163
          ],
          [
            80.1999489,
            13.1475585
          ],
          [
            80.1993866,
            13.1477654
          ],
          [
            80.1983766,
            13.1480035
          ],
          [
            80.1977972,
            13.1478761
          ],
          [
            80.1976411,
            13.1442477
          ]
        ]
      },
      "properties": {
        "id": 911275609,
        "osm_id": 911275609,
        "name": "Unnamed Drain",
        "waterway_type": "drain",
        "drain_type": "drain",
        "surface": "Data Unavailable",
        "tunnel": "no",
        "covered": "Data Unavailable",
        "capacity": "Data Unavailable",
        "flow_velocity": "Data Unavailable",
        "maintenance_status": "Data Unavailable",
        "condition": "Data Unavailable",
        "district": "Chennai",
        "source": "OpenStreetMap / Overpass API (OSM Contributors)",
        "data_source_type": "OpenStreetMap Verified Data"
      }
    },
    {
      "type": "Feature",
      "id": 911275610,
      "geometry": {
        "type": "LineString",
        "coordinates": [
          [
            80.2033935,
            13.1465947
          ],
          [
            80.2031826,
            13.1471516
          ]
        ]
      },
      "properties": {
        "id": 911275610,
        "osm_id": 911275610,
        "name": "Unnamed Drain",
        "waterway_type": "drain",
        "drain_type": "drain",
        "surface": "Data Unavailable",
        "tunnel": "no",
        "covered": "Data Unavailable",
        "capacity": "Data Unavailable",
        "flow_velocity": "Data Unavailable",
        "maintenance_status": "Data Unavailable",
        "condition": "Data Unavailable",
        "district": "Chennai",
        "source": "OpenStreetMap / Overpass API (OSM Contributors)",
        "data_source_type": "OpenStreetMap Verified Data"
      }
    },
    {
      "type": "Feature",
      "id": 927624558,
      "geometry": {
        "type": "LineString",
        "coordinates": [
          [
            80.1884315,
            12.9583513
          ],
          [
            80.1883747,
            12.9583605
          ]
        ]
      },
      "properties": {
        "id": 927624558,
        "osm_id": 927624558,
        "name": "Unnamed Drain",
        "waterway_type": "drain",
        "drain_type": "drain",
        "surface": "Data Unavailable",
        "tunnel": "culvert",
        "covered": "Data Unavailable",
        "capacity": "Data Unavailable",
        "flow_velocity": "Data Unavailable",
        "maintenance_status": "Data Unavailable",
        "condition": "Data Unavailable",
        "district": "Chennai",
        "source": "OpenStreetMap / Overpass API (OSM Contributors)",
        "data_source_type": "OpenStreetMap Verified Data"
      }
    },
    {
      "type": "Feature",
      "id": 964595199,
      "geometry": {
        "type": "LineString",
        "coordinates": [
          [
            80.1594333,
            12.9971768
          ],
          [
            80.1594273,
            12.9971915
          ],
          [
            80.1594301,
            12.9972443
          ],
          [
            80.1594856,
            12.9973123
          ],
          [
            80.1592738,
            12.997476
          ],
          [
            80.1592497,
            12.9976353
          ]
        ]
      },
      "properties": {
        "id": 964595199,
        "osm_id": 964595199,
        "name": "Unnamed Stream",
        "waterway_type": "stream",
        "drain_type": "stream",
        "surface": "Data Unavailable",
        "tunnel": "no",
        "covered": "Data Unavailable",
        "capacity": "Data Unavailable",
        "flow_velocity": "Data Unavailable",
        "maintenance_status": "Data Unavailable",
        "condition": "Data Unavailable",
        "district": "Chennai",
        "source": "OpenStreetMap / Overpass API (OSM Contributors)",
        "data_source_type": "OpenStreetMap Verified Data"
      }
    },
    {
      "type": "Feature",
      "id": 964595200,
      "geometry": {
        "type": "LineString",
        "coordinates": [
          [
            80.1594571,
            12.9971189
          ],
          [
            80.1594333,
            12.9971768
          ]
        ]
      },
      "properties": {
        "id": 964595200,
        "osm_id": 964595200,
        "name": "Unnamed Stream",
        "waterway_type": "stream",
        "drain_type": "stream",
        "surface": "Data Unavailable",
        "tunnel": "culvert",
        "covered": "Data Unavailable",
        "capacity": "Data Unavailable",
        "flow_velocity": "Data Unavailable",
        "maintenance_status": "Data Unavailable",
        "condition": "Data Unavailable",
        "district": "Chennai",
        "source": "OpenStreetMap / Overpass API (OSM Contributors)",
        "data_source_type": "OpenStreetMap Verified Data"
      }
    },
    {
      "type": "Feature",
      "id": 1022416522,
      "geometry": {
        "type": "LineString",
        "coordinates": [
          [
            80.172922,
            12.9119675
          ],
          [
            80.1733102,
            12.9119156
          ],
          [
            80.1742207,
            12.9113096
          ],
          [
            80.1738807,
            12.9102769
          ],
          [
            80.1740344,
            12.9101635
          ],
          [
            80.1743765,
            12.9100503
          ],
          [
            80.1747888,
            12.9099138
          ],
          [
            80.1753523,
            12.9097254
          ],
          [
            80.1759834,
            12.9096369
          ],
          [
            80.1760881,
            12.9095075
          ],
          [
            80.1767844,
            12.9091852
          ],
          [
            80.1771872,
            12.9089583
          ],
          [
            80.1775062,
            12.9089106
          ],
          [
            80.1779347,
            12.9087948
          ],
          [
            80.1783561,
            12.9085588
          ],
          [
            80.1787453,
            12.9082759
          ],
          [
            80.1787683,
            12.9082592
          ],
          [
            80.1799186,
            12.9077826
          ],
          [
            80.1799116,
            12.9077372
          ],
          [
            80.1797393,
            12.9067158
          ],
          [
            80.1802166,
            12.9064866
          ],
          [
            80.1807825,
            12.9063754
          ],
          [
            80.1815905,
            12.9063118
          ],
          [
            80.182487,
            12.9061892
          ],
          [
            80.1833695,
            12.9059736
          ],
          [
            80.1841264,
            12.9057563
          ]
        ]
      },
      "properties": {
        "id": 1022416522,
        "osm_id": 1022416522,
        "name": "Unnamed Canal",
        "waterway_type": "canal",
        "drain_type": "canal",
        "surface": "Data Unavailable",
        "tunnel": "no",
        "covered": "Data Unavailable",
        "capacity": "Data Unavailable",
        "flow_velocity": "Data Unavailable",
        "maintenance_status": "Data Unavailable",
        "condition": "Data Unavailable",
        "district": "Chennai",
        "source": "OpenStreetMap / Overpass API (OSM Contributors)",
        "data_source_type": "OpenStreetMap Verified Data"
      }
    },
    {
      "type": "Feature",
      "id": 1022416523,
      "geometry": {
        "type": "LineString",
        "coordinates": [
          [
            80.1843052,
            12.9057084
          ],
          [
            80.1844895,
            12.9056559
          ],
          [
            80.1851927,
            12.9054289
          ],
          [
            80.1867808,
            12.904984
          ]
        ]
      },
      "properties": {
        "id": 1022416523,
        "osm_id": 1022416523,
        "name": "Unnamed Canal",
        "waterway_type": "canal",
        "drain_type": "canal",
        "surface": "Data Unavailable",
        "tunnel": "no",
        "covered": "Data Unavailable",
        "capacity": "Data Unavailable",
        "flow_velocity": "Data Unavailable",
        "maintenance_status": "Data Unavailable",
        "condition": "Data Unavailable",
        "district": "Chennai",
        "source": "OpenStreetMap / Overpass API (OSM Contributors)",
        "data_source_type": "OpenStreetMap Verified Data"
      }
    },
    {
      "type": "Feature",
      "id": 1022416524,
      "geometry": {
        "type": "LineString",
        "coordinates": [
          [
            80.1841264,
            12.9057563
          ],
          [
            80.1843052,
            12.9057084
          ]
        ]
      },
      "properties": {
        "id": 1022416524,
        "osm_id": 1022416524,
        "name": "Unnamed Canal",
        "waterway_type": "canal",
        "drain_type": "canal",
        "surface": "Data Unavailable",
        "tunnel": "culvert",
        "covered": "Data Unavailable",
        "capacity": "Data Unavailable",
        "flow_velocity": "Data Unavailable",
        "maintenance_status": "Data Unavailable",
        "condition": "Data Unavailable",
        "district": "Chennai",
        "source": "OpenStreetMap / Overpass API (OSM Contributors)",
        "data_source_type": "OpenStreetMap Verified Data"
      }
    },
    {
      "type": "Feature",
      "id": 1040499034,
      "geometry": {
        "type": "LineString",
        "coordinates": [
          [
            80.1820425,
            13.0221404
          ],
          [
            80.1822636,
            13.0220287
          ]
        ]
      },
      "properties": {
        "id": 1040499034,
        "osm_id": 1040499034,
        "name": "Unnamed Drain",
        "waterway_type": "drain",
        "drain_type": "drain",
        "surface": "Data Unavailable",
        "tunnel": "no",
        "covered": "Data Unavailable",
        "capacity": "Data Unavailable",
        "flow_velocity": "Data Unavailable",
        "maintenance_status": "Data Unavailable",
        "condition": "Data Unavailable",
        "district": "Chennai",
        "source": "OpenStreetMap / Overpass API (OSM Contributors)",
        "data_source_type": "OpenStreetMap Verified Data"
      }
    },
    {
      "type": "Feature",
      "id": 1061234667,
      "geometry": {
        "type": "LineString",
        "coordinates": [
          [
            80.1533048,
            12.9857871
          ],
          [
            80.1542427,
            12.9861738
          ],
          [
            80.1577349,
            12.9873376
          ]
        ]
      },
      "properties": {
        "id": 1061234667,
        "osm_id": 1061234667,
        "name": "Unnamed Drain",
        "waterway_type": "drain",
        "drain_type": "drain",
        "surface": "Data Unavailable",
        "tunnel": "no",
        "covered": "Data Unavailable",
        "capacity": "Data Unavailable",
        "flow_velocity": "Data Unavailable",
        "maintenance_status": "Data Unavailable",
        "condition": "Data Unavailable",
        "district": "Chennai",
        "source": "OpenStreetMap / Overpass API (OSM Contributors)",
        "data_source_type": "OpenStreetMap Verified Data"
      }
    },
    {
      "type": "Feature",
      "id": 1061234668,
      "geometry": {
        "type": "LineString",
        "coordinates": [
          [
            80.1577349,
            12.9873376
          ],
          [
            80.1586106,
            12.987659
          ]
        ]
      },
      "properties": {
        "id": 1061234668,
        "osm_id": 1061234668,
        "name": "Unnamed Drain",
        "waterway_type": "drain",
        "drain_type": "drain",
        "surface": "Data Unavailable",
        "tunnel": "culvert",
        "covered": "Data Unavailable",
        "capacity": "Data Unavailable",
        "flow_velocity": "Data Unavailable",
        "maintenance_status": "Data Unavailable",
        "condition": "Data Unavailable",
        "district": "Chennai",
        "source": "OpenStreetMap / Overpass API (OSM Contributors)",
        "data_source_type": "OpenStreetMap Verified Data"
      }
    },
    {
      "type": "Feature",
      "id": 1061234669,
      "geometry": {
        "type": "LineString",
        "coordinates": [
          [
            80.1638379,
            12.9896301
          ],
          [
            80.1639005,
            12.990642
          ]
        ]
      },
      "properties": {
        "id": 1061234669,
        "osm_id": 1061234669,
        "name": "Unnamed Drain",
        "waterway_type": "drain",
        "drain_type": "drain",
        "surface": "Data Unavailable",
        "tunnel": "culvert",
        "covered": "Data Unavailable",
        "capacity": "Data Unavailable",
        "flow_velocity": "Data Unavailable",
        "maintenance_status": "Data Unavailable",
        "condition": "Data Unavailable",
        "district": "Chennai",
        "source": "OpenStreetMap / Overpass API (OSM Contributors)",
        "data_source_type": "OpenStreetMap Verified Data"
      }
    },
    {
      "type": "Feature",
      "id": 1061234670,
      "geometry": {
        "type": "LineString",
        "coordinates": [
          [
            80.1639005,
            12.990642
          ],
          [
            80.1639573,
            12.9916096
          ]
        ]
      },
      "properties": {
        "id": 1061234670,
        "osm_id": 1061234670,
        "name": "Unnamed Drain",
        "waterway_type": "drain",
        "drain_type": "drain",
        "surface": "Data Unavailable",
        "tunnel": "no",
        "covered": "Data Unavailable",
        "capacity": "Data Unavailable",
        "flow_velocity": "Data Unavailable",
        "maintenance_status": "Data Unavailable",
        "condition": "Data Unavailable",
        "district": "Chennai",
        "source": "OpenStreetMap / Overpass API (OSM Contributors)",
        "data_source_type": "OpenStreetMap Verified Data"
      }
    },
    {
      "type": "Feature",
      "id": 1061234673,
      "geometry": {
        "type": "LineString",
        "coordinates": [
          [
            80.171166,
            12.9983094
          ],
          [
            80.1714354,
            12.9981697
          ],
          [
            80.1717582,
            12.9979765
          ],
          [
            80.1718128,
            12.9978448
          ],
          [
            80.1715576,
            12.9973704
          ]
        ]
      },
      "properties": {
        "id": 1061234673,
        "osm_id": 1061234673,
        "name": "Unnamed Drain",
        "waterway_type": "drain",
        "drain_type": "drain",
        "surface": "Data Unavailable",
        "tunnel": "no",
        "covered": "Data Unavailable",
        "capacity": "Data Unavailable",
        "flow_velocity": "Data Unavailable",
        "maintenance_status": "Data Unavailable",
        "condition": "Data Unavailable",
        "district": "Chennai",
        "source": "OpenStreetMap / Overpass API (OSM Contributors)",
        "data_source_type": "OpenStreetMap Verified Data"
      }
    },
    {
      "type": "Feature",
      "id": 1061234674,
      "geometry": {
        "type": "LineString",
        "coordinates": [
          [
            80.1707184,
            12.9985414
          ],
          [
            80.171166,
            12.9983094
          ]
        ]
      },
      "properties": {
        "id": 1061234674,
        "osm_id": 1061234674,
        "name": "Unnamed Drain",
        "waterway_type": "drain",
        "drain_type": "drain",
        "surface": "Data Unavailable",
        "tunnel": "culvert",
        "covered": "Data Unavailable",
        "capacity": "Data Unavailable",
        "flow_velocity": "Data Unavailable",
        "maintenance_status": "Data Unavailable",
        "condition": "Data Unavailable",
        "district": "Chennai",
        "source": "OpenStreetMap / Overpass API (OSM Contributors)",
        "data_source_type": "OpenStreetMap Verified Data"
      }
    },
    {
      "type": "Feature",
      "id": 1061234675,
      "geometry": {
        "type": "LineString",
        "coordinates": [
          [
            80.1681461,
            12.9998749
          ],
          [
            80.1707184,
            12.9985414
          ]
        ]
      },
      "properties": {
        "id": 1061234675,
        "osm_id": 1061234675,
        "name": "Unnamed Drain",
        "waterway_type": "drain",
        "drain_type": "drain",
        "surface": "Data Unavailable",
        "tunnel": "no",
        "covered": "Data Unavailable",
        "capacity": "Data Unavailable",
        "flow_velocity": "Data Unavailable",
        "maintenance_status": "Data Unavailable",
        "condition": "Data Unavailable",
        "district": "Chennai",
        "source": "OpenStreetMap / Overpass API (OSM Contributors)",
        "data_source_type": "OpenStreetMap Verified Data"
      }
    },
    {
      "type": "Feature",
      "id": 1061234676,
      "geometry": {
        "type": "LineString",
        "coordinates": [
          [
            80.1676919,
            13.0001231
          ],
          [
            80.1681461,
            12.9998749
          ]
        ]
      },
      "properties": {
        "id": 1061234676,
        "osm_id": 1061234676,
        "name": "Unnamed Drain",
        "waterway_type": "drain",
        "drain_type": "drain",
        "surface": "Data Unavailable",
        "tunnel": "culvert",
        "covered": "Data Unavailable",
        "capacity": "Data Unavailable",
        "flow_velocity": "Data Unavailable",
        "maintenance_status": "Data Unavailable",
        "condition": "Data Unavailable",
        "district": "Chennai",
        "source": "OpenStreetMap / Overpass API (OSM Contributors)",
        "data_source_type": "OpenStreetMap Verified Data"
      }
    },
    {
      "type": "Feature",
      "id": 1061234677,
      "geometry": {
        "type": "LineString",
        "coordinates": [
          [
            80.1632967,
            13.0016796
          ],
          [
            80.164719,
            13.0009385
          ]
        ]
      },
      "properties": {
        "id": 1061234677,
        "osm_id": 1061234677,
        "name": "Unnamed Drain",
        "waterway_type": "drain",
        "drain_type": "drain",
        "surface": "Data Unavailable",
        "tunnel": "no",
        "covered": "Data Unavailable",
        "capacity": "Data Unavailable",
        "flow_velocity": "Data Unavailable",
        "maintenance_status": "Data Unavailable",
        "condition": "Data Unavailable",
        "district": "Chennai",
        "source": "OpenStreetMap / Overpass API (OSM Contributors)",
        "data_source_type": "OpenStreetMap Verified Data"
      }
    },
    {
      "type": "Feature",
      "id": 1061234678,
      "geometry": {
        "type": "LineString",
        "coordinates": [
          [
            80.164719,
            13.0009385
          ],
          [
            80.1654686,
            13.0005635
          ]
        ]
      },
      "properties": {
        "id": 1061234678,
        "osm_id": 1061234678,
        "name": "Unnamed Drain",
        "waterway_type": "drain",
        "drain_type": "drain",
        "surface": "Data Unavailable",
        "tunnel": "culvert",
        "covered": "Data Unavailable",
        "capacity": "Data Unavailable",
        "flow_velocity": "Data Unavailable",
        "maintenance_status": "Data Unavailable",
        "condition": "Data Unavailable",
        "district": "Chennai",
        "source": "OpenStreetMap / Overpass API (OSM Contributors)",
        "data_source_type": "OpenStreetMap Verified Data"
      }
    },
    {
      "type": "Feature",
      "id": 1061256246,
      "geometry": {
        "type": "LineString",
        "coordinates": [
          [
            80.1639996,
            12.9923572
          ],
          [
            80.1640257,
            12.9930532
          ],
          [
            80.164058,
            12.993253
          ]
        ]
      },
      "properties": {
        "id": 1061256246,
        "osm_id": 1061256246,
        "name": "Unnamed Drain",
        "waterway_type": "drain",
        "drain_type": "drain",
        "surface": "Data Unavailable",
        "tunnel": "no",
        "covered": "Data Unavailable",
        "capacity": "Data Unavailable",
        "flow_velocity": "Data Unavailable",
        "maintenance_status": "Data Unavailable",
        "condition": "Data Unavailable",
        "district": "Chennai",
        "source": "OpenStreetMap / Overpass API (OSM Contributors)",
        "data_source_type": "OpenStreetMap Verified Data"
      }
    },
    {
      "type": "Feature",
      "id": 1061256247,
      "geometry": {
        "type": "LineString",
        "coordinates": [
          [
            80.1639694,
            12.9939052
          ],
          [
            80.1638175,
            12.9939127
          ]
        ]
      },
      "properties": {
        "id": 1061256247,
        "osm_id": 1061256247,
        "name": "Unnamed Drain",
        "waterway_type": "drain",
        "drain_type": "drain",
        "surface": "Data Unavailable",
        "tunnel": "culvert",
        "covered": "Data Unavailable",
        "capacity": "Data Unavailable",
        "flow_velocity": "Data Unavailable",
        "maintenance_status": "Data Unavailable",
        "condition": "Data Unavailable",
        "district": "Chennai",
        "source": "OpenStreetMap / Overpass API (OSM Contributors)",
        "data_source_type": "OpenStreetMap Verified Data"
      }
    },
    {
      "type": "Feature",
      "id": 1061256248,
      "geometry": {
        "type": "LineString",
        "coordinates": [
          [
            80.1640934,
            12.9934078
          ],
          [
            80.1641165,
            12.9935936
          ],
          [
            80.1639694,
            12.9939052
          ]
        ]
      },
      "properties": {
        "id": 1061256248,
        "osm_id": 1061256248,
        "name": "Unnamed Drain",
        "waterway_type": "drain",
        "drain_type": "drain",
        "surface": "Data Unavailable",
        "tunnel": "no",
        "covered": "Data Unavailable",
        "capacity": "Data Unavailable",
        "flow_velocity": "Data Unavailable",
        "maintenance_status": "Data Unavailable",
        "condition": "Data Unavailable",
        "district": "Chennai",
        "source": "OpenStreetMap / Overpass API (OSM Contributors)",
        "data_source_type": "OpenStreetMap Verified Data"
      }
    },
    {
      "type": "Feature",
      "id": 1061256249,
      "geometry": {
        "type": "LineString",
        "coordinates": [
          [
            80.164058,
            12.993253
          ],
          [
            80.1640934,
            12.9934078
          ]
        ]
      },
      "properties": {
        "id": 1061256249,
        "osm_id": 1061256249,
        "name": "Unnamed Drain",
        "waterway_type": "drain",
        "drain_type": "drain",
        "surface": "Data Unavailable",
        "tunnel": "culvert",
        "covered": "Data Unavailable",
        "capacity": "Data Unavailable",
        "flow_velocity": "Data Unavailable",
        "maintenance_status": "Data Unavailable",
        "condition": "Data Unavailable",
        "district": "Chennai",
        "source": "OpenStreetMap / Overpass API (OSM Contributors)",
        "data_source_type": "OpenStreetMap Verified Data"
      }
    },
    {
      "type": "Feature",
      "id": 1065750655,
      "geometry": {
        "type": "LineString",
        "coordinates": [
          [
            80.1542933,
            12.9832464
          ],
          [
            80.1542832,
            12.9832732
          ]
        ]
      },
      "properties": {
        "id": 1065750655,
        "osm_id": 1065750655,
        "name": "Unnamed Drain",
        "waterway_type": "drain",
        "drain_type": "drain",
        "surface": "Data Unavailable",
        "tunnel": "no",
        "covered": "Data Unavailable",
        "capacity": "Data Unavailable",
        "flow_velocity": "Data Unavailable",
        "maintenance_status": "Data Unavailable",
        "condition": "Data Unavailable",
        "district": "Chennai",
        "source": "OpenStreetMap / Overpass API (OSM Contributors)",
        "data_source_type": "OpenStreetMap Verified Data"
      }
    },
    {
      "type": "Feature",
      "id": 1065750656,
      "geometry": {
        "type": "LineString",
        "coordinates": [
          [
            80.1533388,
            12.9857156
          ],
          [
            80.1533048,
            12.9857871
          ]
        ]
      },
      "properties": {
        "id": 1065750656,
        "osm_id": 1065750656,
        "name": "Unnamed Drain",
        "waterway_type": "drain",
        "drain_type": "drain",
        "surface": "Data Unavailable",
        "tunnel": "no",
        "covered": "Data Unavailable",
        "capacity": "Data Unavailable",
        "flow_velocity": "Data Unavailable",
        "maintenance_status": "Data Unavailable",
        "condition": "Data Unavailable",
        "district": "Chennai",
        "source": "OpenStreetMap / Overpass API (OSM Contributors)",
        "data_source_type": "OpenStreetMap Verified Data"
      }
    },
    {
      "type": "Feature",
      "id": 1065750658,
      "geometry": {
        "type": "LineString",
        "coordinates": [
          [
            80.1568383,
            12.9828621
          ],
          [
            80.1569285,
            12.9826849
          ],
          [
            80.1575428,
            12.9817076
          ],
          [
            80.1582987,
            12.9808724
          ],
          [
            80.1586179,
            12.981024
          ]
        ]
      },
      "properties": {
        "id": 1065750658,
        "osm_id": 1065750658,
        "name": "Unnamed Drain",
        "waterway_type": "drain",
        "drain_type": "drain",
        "surface": "Data Unavailable",
        "tunnel": "no",
        "covered": "Data Unavailable",
        "capacity": "Data Unavailable",
        "flow_velocity": "Data Unavailable",
        "maintenance_status": "Data Unavailable",
        "condition": "Data Unavailable",
        "district": "Chennai",
        "source": "OpenStreetMap / Overpass API (OSM Contributors)",
        "data_source_type": "OpenStreetMap Verified Data"
      }
    },
    {
      "type": "Feature",
      "id": 1065750659,
      "geometry": {
        "type": "LineString",
        "coordinates": [
          [
            80.1515654,
            12.9821215
          ],
          [
            80.1516818,
            12.9821667
          ]
        ]
      },
      "properties": {
        "id": 1065750659,
        "osm_id": 1065750659,
        "name": "Unnamed Drain",
        "waterway_type": "drain",
        "drain_type": "drain",
        "surface": "Data Unavailable",
        "tunnel": "culvert",
        "covered": "Data Unavailable",
        "capacity": "Data Unavailable",
        "flow_velocity": "Data Unavailable",
        "maintenance_status": "Data Unavailable",
        "condition": "Data Unavailable",
        "district": "Chennai",
        "source": "OpenStreetMap / Overpass API (OSM Contributors)",
        "data_source_type": "OpenStreetMap Verified Data"
      }
    },
    {
      "type": "Feature",
      "id": 1065750660,
      "geometry": {
        "type": "LineString",
        "coordinates": [
          [
            80.1505278,
            12.982399
          ],
          [
            80.1505614,
            12.982411
          ],
          [
            80.1505955,
            12.9824134
          ],
          [
            80.1506225,
            12.9824081
          ],
          [
            80.1506633,
            12.9823923
          ],
          [
            80.1513483,
            12.9820995
          ],
          [
            80.1514039,
            12.9820875
          ],
          [
            80.1514471,
            12.9820858
          ],
          [
            80.1514972,
            12.982097
          ],
          [
            80.1515654,
            12.9821215
          ]
        ]
      },
      "properties": {
        "id": 1065750660,
        "osm_id": 1065750660,
        "name": "Unnamed Drain",
        "waterway_type": "drain",
        "drain_type": "drain",
        "surface": "Data Unavailable",
        "tunnel": "no",
        "covered": "Data Unavailable",
        "capacity": "Data Unavailable",
        "flow_velocity": "Data Unavailable",
        "maintenance_status": "Data Unavailable",
        "condition": "Data Unavailable",
        "district": "Chennai",
        "source": "OpenStreetMap / Overpass API (OSM Contributors)",
        "data_source_type": "OpenStreetMap Verified Data"
      }
    },
    {
      "type": "Feature",
      "id": 1065750661,
      "geometry": {
        "type": "LineString",
        "coordinates": [
          [
            80.1504178,
            12.9823389
          ],
          [
            80.1505278,
            12.982399
          ]
        ]
      },
      "properties": {
        "id": 1065750661,
        "osm_id": 1065750661,
        "name": "Unnamed Drain",
        "waterway_type": "drain",
        "drain_type": "drain",
        "surface": "Data Unavailable",
        "tunnel": "culvert",
        "covered": "Data Unavailable",
        "capacity": "Data Unavailable",
        "flow_velocity": "Data Unavailable",
        "maintenance_status": "Data Unavailable",
        "condition": "Data Unavailable",
        "district": "Chennai",
        "source": "OpenStreetMap / Overpass API (OSM Contributors)",
        "data_source_type": "OpenStreetMap Verified Data"
      }
    },
    {
      "type": "Feature",
      "id": 1065750670,
      "geometry": {
        "type": "LineString",
        "coordinates": [
          [
            80.1516818,
            12.9821667
          ],
          [
            80.1532146,
            12.982763
          ],
          [
            80.1532259,
            12.9827674
          ],
          [
            80.1541792,
            12.9831331
          ],
          [
            80.1542382,
            12.9831585
          ],
          [
            80.1542737,
            12.9831865
          ],
          [
            80.1542884,
            12.9832075
          ],
          [
            80.1542947,
            12.9832284
          ],
          [
            80.1542933,
            12.9832464
          ],
          [
            80.1543379,
            12.9832616
          ],
          [
            80.1543842,
            12.9832143
          ],
          [
            80.1544083,
            12.9832006
          ],
          [
            80.1544323,
            12.983199
          ],
          [
            80.1544624,
            12.9832057
          ],
          [
            80.1545231,
            12.9832263
          ]
        ]
      },
      "properties": {
        "id": 1065750670,
        "osm_id": 1065750670,
        "name": "Unnamed Drain",
        "waterway_type": "drain",
        "drain_type": "drain",
        "surface": "Data Unavailable",
        "tunnel": "no",
        "covered": "Data Unavailable",
        "capacity": "Data Unavailable",
        "flow_velocity": "Data Unavailable",
        "maintenance_status": "Data Unavailable",
        "condition": "Data Unavailable",
        "district": "Chennai",
        "source": "OpenStreetMap / Overpass API (OSM Contributors)",
        "data_source_type": "OpenStreetMap Verified Data"
      }
    },
    {
      "type": "Feature",
      "id": 1065750671,
      "geometry": {
        "type": "LineString",
        "coordinates": [
          [
            80.1532408,
            12.9826841
          ],
          [
            80.1532146,
            12.982763
          ]
        ]
      },
      "properties": {
        "id": 1065750671,
        "osm_id": 1065750671,
        "name": "Unnamed Drain",
        "waterway_type": "drain",
        "drain_type": "drain",
        "surface": "Data Unavailable",
        "tunnel": "no",
        "covered": "Data Unavailable",
        "capacity": "Data Unavailable",
        "flow_velocity": "Data Unavailable",
        "maintenance_status": "Data Unavailable",
        "condition": "Data Unavailable",
        "district": "Chennai",
        "source": "OpenStreetMap / Overpass API (OSM Contributors)",
        "data_source_type": "OpenStreetMap Verified Data"
      }
    },
    {
      "type": "Feature",
      "id": 1065750672,
      "geometry": {
        "type": "LineString",
        "coordinates": [
          [
            80.1532671,
            12.9826052
          ],
          [
            80.1532593,
            12.9826287
          ]
        ]
      },
      "properties": {
        "id": 1065750672,
        "osm_id": 1065750672,
        "name": "Unnamed Drain",
        "waterway_type": "drain",
        "drain_type": "drain",
        "surface": "Data Unavailable",
        "tunnel": "no",
        "covered": "Data Unavailable",
        "capacity": "Data Unavailable",
        "flow_velocity": "Data Unavailable",
        "maintenance_status": "Data Unavailable",
        "condition": "Data Unavailable",
        "district": "Chennai",
        "source": "OpenStreetMap / Overpass API (OSM Contributors)",
        "data_source_type": "OpenStreetMap Verified Data"
      }
    },
    {
      "type": "Feature",
      "id": 1065750673,
      "geometry": {
        "type": "LineString",
        "coordinates": [
          [
            80.1532593,
            12.9826287
          ],
          [
            80.1532408,
            12.9826841
          ]
        ]
      },
      "properties": {
        "id": 1065750673,
        "osm_id": 1065750673,
        "name": "Unnamed Drain",
        "waterway_type": "drain",
        "drain_type": "drain",
        "surface": "Data Unavailable",
        "tunnel": "culvert",
        "covered": "Data Unavailable",
        "capacity": "Data Unavailable",
        "flow_velocity": "Data Unavailable",
        "maintenance_status": "Data Unavailable",
        "condition": "Data Unavailable",
        "district": "Chennai",
        "source": "OpenStreetMap / Overpass API (OSM Contributors)",
        "data_source_type": "OpenStreetMap Verified Data"
      }
    },
    {
      "type": "Feature",
      "id": 1065750680,
      "geometry": {
        "type": "LineString",
        "coordinates": [
          [
            80.1545231,
            12.9832263
          ],
          [
            80.1549535,
            12.9833758
          ],
          [
            80.1550628,
            12.983408
          ],
          [
            80.1551591,
            12.9834292
          ],
          [
            80.1552745,
            12.9834478
          ],
          [
            80.1553784,
            12.9834419
          ],
          [
            80.1554757,
            12.9834244
          ],
          [
            80.1555908,
            12.9833961
          ],
          [
            80.1564977,
            12.9831195
          ],
          [
            80.1566148,
            12.9830801
          ],
          [
            80.1567,
            12.9830355
          ],
          [
            80.1567561,
            12.9829825
          ],
          [
            80.1567978,
            12.9829298
          ],
          [
            80.1568383,
            12.9828621
          ]
        ]
      },
      "properties": {
        "id": 1065750680,
        "osm_id": 1065750680,
        "name": "Unnamed Drain",
        "waterway_type": "drain",
        "drain_type": "drain",
        "surface": "Data Unavailable",
        "tunnel": "culvert",
        "covered": "Data Unavailable",
        "capacity": "Data Unavailable",
        "flow_velocity": "Data Unavailable",
        "maintenance_status": "Data Unavailable",
        "condition": "Data Unavailable",
        "district": "Chennai",
        "source": "OpenStreetMap / Overpass API (OSM Contributors)",
        "data_source_type": "OpenStreetMap Verified Data"
      }
    },
    {
      "type": "Feature",
      "id": 1065781836,
      "geometry": {
        "type": "LineString",
        "coordinates": [
          [
            80.1673015,
            13.0061823
          ],
          [
            80.1671892,
            13.0058997
          ]
        ]
      },
      "properties": {
        "id": 1065781836,
        "osm_id": 1065781836,
        "name": "Surplus water drain",
        "waterway_type": "drain",
        "drain_type": "drain",
        "surface": "Data Unavailable",
        "tunnel": "no",
        "covered": "Data Unavailable",
        "capacity": "Data Unavailable",
        "flow_velocity": "Data Unavailable",
        "maintenance_status": "Data Unavailable",
        "condition": "Data Unavailable",
        "district": "Chennai",
        "source": "OpenStreetMap / Overpass API (OSM Contributors)",
        "data_source_type": "OpenStreetMap Verified Data"
      }
    },
    {
      "type": "Feature",
      "id": 1065781837,
      "geometry": {
        "type": "LineString",
        "coordinates": [
          [
            80.1673522,
            13.0062949
          ],
          [
            80.1673015,
            13.0061823
          ]
        ]
      },
      "properties": {
        "id": 1065781837,
        "osm_id": 1065781837,
        "name": "Surplus water drain",
        "waterway_type": "drain",
        "drain_type": "drain",
        "surface": "Data Unavailable",
        "tunnel": "culvert",
        "covered": "Data Unavailable",
        "capacity": "Data Unavailable",
        "flow_velocity": "Data Unavailable",
        "maintenance_status": "Data Unavailable",
        "condition": "Data Unavailable",
        "district": "Chennai",
        "source": "OpenStreetMap / Overpass API (OSM Contributors)",
        "data_source_type": "OpenStreetMap Verified Data"
      }
    },
    {
      "type": "Feature",
      "id": 1080301439,
      "geometry": {
        "type": "LineString",
        "coordinates": [
          [
            80.1473196,
            12.9802561
          ],
          [
            80.1480424,
            12.9819637
          ]
        ]
      },
      "properties": {
        "id": 1080301439,
        "osm_id": 1080301439,
        "name": "Unnamed Drain",
        "waterway_type": "drain",
        "drain_type": "drain",
        "surface": "Data Unavailable",
        "tunnel": "no",
        "covered": "Data Unavailable",
        "capacity": "Data Unavailable",
        "flow_velocity": "Data Unavailable",
        "maintenance_status": "Data Unavailable",
        "condition": "Data Unavailable",
        "district": "Chennai",
        "source": "OpenStreetMap / Overpass API (OSM Contributors)",
        "data_source_type": "OpenStreetMap Verified Data"
      }
    },
    {
      "type": "Feature",
      "id": 1080301440,
      "geometry": {
        "type": "LineString",
        "coordinates": [
          [
            80.1487514,
            12.9778648
          ],
          [
            80.1486721,
            12.9781112
          ],
          [
            80.1481385,
            12.9798374
          ],
          [
            80.1472458,
            12.9800277
          ],
          [
            80.147256,
            12.9801272
          ]
        ]
      },
      "properties": {
        "id": 1080301440,
        "osm_id": 1080301440,
        "name": "Unnamed Drain",
        "waterway_type": "drain",
        "drain_type": "drain",
        "surface": "Data Unavailable",
        "tunnel": "no",
        "covered": "Data Unavailable",
        "capacity": "Data Unavailable",
        "flow_velocity": "Data Unavailable",
        "maintenance_status": "Data Unavailable",
        "condition": "Data Unavailable",
        "district": "Chennai",
        "source": "OpenStreetMap / Overpass API (OSM Contributors)",
        "data_source_type": "OpenStreetMap Verified Data"
      }
    },
    {
      "type": "Feature",
      "id": 1080320415,
      "geometry": {
        "type": "LineString",
        "coordinates": [
          [
            80.2016908,
            12.9791028
          ],
          [
            80.201959,
            12.9793259
          ]
        ]
      },
      "properties": {
        "id": 1080320415,
        "osm_id": 1080320415,
        "name": "Veerangal Canal",
        "waterway_type": "drain",
        "drain_type": "drain",
        "surface": "Data Unavailable",
        "tunnel": "culvert",
        "covered": "Data Unavailable",
        "capacity": "Data Unavailable",
        "flow_velocity": "Data Unavailable",
        "maintenance_status": "Data Unavailable",
        "condition": "Data Unavailable",
        "district": "Chennai",
        "source": "OpenStreetMap / Overpass API (OSM Contributors)",
        "data_source_type": "OpenStreetMap Verified Data"
      }
    },
    {
      "type": "Feature",
      "id": 1080320416,
      "geometry": {
        "type": "LineString",
        "coordinates": [
          [
            80.201959,
            12.9793259
          ],
          [
            80.2030304,
            12.9788901
          ],
          [
            80.203646,
            12.9788361
          ],
          [
            80.2041342,
            12.9787591
          ]
        ]
      },
      "properties": {
        "id": 1080320416,
        "osm_id": 1080320416,
        "name": "Veerangal Canal",
        "waterway_type": "drain",
        "drain_type": "drain",
        "surface": "Data Unavailable",
        "tunnel": "no",
        "covered": "Data Unavailable",
        "capacity": "Data Unavailable",
        "flow_velocity": "Data Unavailable",
        "maintenance_status": "Data Unavailable",
        "condition": "Data Unavailable",
        "district": "Chennai",
        "source": "OpenStreetMap / Overpass API (OSM Contributors)",
        "data_source_type": "OpenStreetMap Verified Data"
      }
    },
    {
      "type": "Feature",
      "id": 1080320417,
      "geometry": {
        "type": "LineString",
        "coordinates": [
          [
            80.2042784,
            12.9787455
          ],
          [
            80.205514,
            12.9785773
          ],
          [
            80.2056716,
            12.9785453
          ],
          [
            80.2055987,
            12.9782988
          ],
          [
            80.2055329,
            12.9780696
          ],
          [
            80.2054719,
            12.9778301
          ],
          [
            80.2053982,
            12.9776197
          ],
          [
            80.2054631,
            12.977527
          ],
          [
            80.205819,
            12.9772354
          ],
          [
            80.2063419,
            12.9768825
          ],
          [
            80.2070726,
            12.9763116
          ],
          [
            80.2081498,
            12.9754676
          ],
          [
            80.2085466,
            12.9752067
          ],
          [
            80.2095072,
            12.9744302
          ],
          [
            80.2097561,
            12.9742798
          ],
          [
            80.2099765,
            12.9740619
          ],
          [
            80.2105277,
            12.9736015
          ],
          [
            80.2110758,
            12.9732117
          ],
          [
            80.2114317,
            12.9728864
          ],
          [
            80.2117949,
            12.9726104
          ],
          [
            80.2125609,
            12.9719775
          ],
          [
            80.2130773,
            12.971556
          ],
          [
            80.2135766,
            12.9710939
          ],
          [
            80.2141781,
            12.9705691
          ],
          [
            80.2150005,
            12.9698734
          ],
          [
            80.2156774,
            12.969323
          ],
          [
            80.2165321,
            12.9687421
          ],
          [
            80.2175719,
            12.968316
          ],
          [
            80.2172481,
            12.9676762
          ],
          [
            80.2169979,
            12.9669812
          ],
          [
            80.2159232,
            12.9641369
          ]
        ]
      },
      "properties": {
        "id": 1080320417,
        "osm_id": 1080320417,
        "name": "Veerangal Canal",
        "waterway_type": "drain",
        "drain_type": "drain",
        "surface": "Data Unavailable",
        "tunnel": "no",
        "covered": "Data Unavailable",
        "capacity": "Data Unavailable",
        "flow_velocity": "Data Unavailable",
        "maintenance_status": "Data Unavailable",
        "condition": "Data Unavailable",
        "district": "Chennai",
        "source": "OpenStreetMap / Overpass API (OSM Contributors)",
        "data_source_type": "OpenStreetMap Verified Data"
      }
    },
    {
      "type": "Feature",
      "id": 1080320418,
      "geometry": {
        "type": "LineString",
        "coordinates": [
          [
            80.2041342,
            12.9787591
          ],
          [
            80.2042784,
            12.9787455
          ]
        ]
      },
      "properties": {
        "id": 1080320418,
        "osm_id": 1080320418,
        "name": "Veerangal Canal",
        "waterway_type": "drain",
        "drain_type": "drain",
        "surface": "Data Unavailable",
        "tunnel": "culvert",
        "covered": "Data Unavailable",
        "capacity": "Data Unavailable",
        "flow_velocity": "Data Unavailable",
        "maintenance_status": "Data Unavailable",
        "condition": "Data Unavailable",
        "district": "Chennai",
        "source": "OpenStreetMap / Overpass API (OSM Contributors)",
        "data_source_type": "OpenStreetMap Verified Data"
      }
    },
    {
      "type": "Feature",
      "id": 1080322573,
      "geometry": {
        "type": "LineString",
        "coordinates": [
          [
            80.1958069,
            12.9839759
          ],
          [
            80.1957975,
            12.9833685
          ],
          [
            80.1953755,
            12.9822644
          ],
          [
            80.1953309,
            12.9821503
          ],
          [
            80.195291,
            12.9820951
          ],
          [
            80.195216,
            12.9819632
          ],
          [
            80.1951604,
            12.9818269
          ],
          [
            80.1951616,
            12.9817283
          ],
          [
            80.1951979,
            12.9816308
          ],
          [
            80.1952198,
            12.981572
          ],
          [
            80.1952602,
            12.9814637
          ],
          [
            80.1951764,
            12.9812618
          ],
          [
            80.1952112,
            12.9812018
          ]
        ]
      },
      "properties": {
        "id": 1080322573,
        "osm_id": 1080322573,
        "name": "Unnamed Drain",
        "waterway_type": "drain",
        "drain_type": "drain",
        "surface": "Data Unavailable",
        "tunnel": "no",
        "covered": "Data Unavailable",
        "capacity": "Data Unavailable",
        "flow_velocity": "Data Unavailable",
        "maintenance_status": "Data Unavailable",
        "condition": "Data Unavailable",
        "district": "Chennai",
        "source": "OpenStreetMap / Overpass API (OSM Contributors)",
        "data_source_type": "OpenStreetMap Verified Data"
      }
    },
    {
      "type": "Feature",
      "id": 1080322574,
      "geometry": {
        "type": "LineString",
        "coordinates": [
          [
            80.1963491,
            12.984303
          ],
          [
            80.1958069,
            12.9839759
          ]
        ]
      },
      "properties": {
        "id": 1080322574,
        "osm_id": 1080322574,
        "name": "Unnamed Drain",
        "waterway_type": "drain",
        "drain_type": "drain",
        "surface": "Data Unavailable",
        "tunnel": "no",
        "covered": "Data Unavailable",
        "capacity": "Data Unavailable",
        "flow_velocity": "Data Unavailable",
        "maintenance_status": "Data Unavailable",
        "condition": "Data Unavailable",
        "district": "Chennai",
        "source": "OpenStreetMap / Overpass API (OSM Contributors)",
        "data_source_type": "OpenStreetMap Verified Data"
      }
    },
    {
      "type": "Feature",
      "id": 1080352339,
      "geometry": {
        "type": "LineString",
        "coordinates": [
          [
            80.2747304,
            13.083152
          ],
          [
            80.2749326,
            13.081869
          ]
        ]
      },
      "properties": {
        "id": 1080352339,
        "osm_id": 1080352339,
        "name": "Buckingham Canal",
        "waterway_type": "canal",
        "drain_type": "canal",
        "surface": "Data Unavailable",
        "tunnel": "culvert",
        "covered": "Data Unavailable",
        "capacity": "Data Unavailable",
        "flow_velocity": "Data Unavailable",
        "maintenance_status": "Data Unavailable",
        "condition": "Data Unavailable",
        "district": "Chennai",
        "source": "OpenStreetMap / Overpass API (OSM Contributors)",
        "data_source_type": "OpenStreetMap Verified Data"
      }
    },
    {
      "type": "Feature",
      "id": 1080352340,
      "geometry": {
        "type": "LineString",
        "coordinates": [
          [
            80.2749326,
            13.081869
          ],
          [
            80.2749437,
            13.081804
          ],
          [
            80.2749924,
            13.081487
          ],
          [
            80.2751416,
            13.0801397
          ],
          [
            80.2751147,
            13.079257
          ]
        ]
      },
      "properties": {
        "id": 1080352340,
        "osm_id": 1080352340,
        "name": "Buckingham Canal",
        "waterway_type": "canal",
        "drain_type": "canal",
        "surface": "Data Unavailable",
        "tunnel": "no",
        "covered": "Data Unavailable",
        "capacity": "Data Unavailable",
        "flow_velocity": "Data Unavailable",
        "maintenance_status": "Data Unavailable",
        "condition": "Data Unavailable",
        "district": "Chennai",
        "source": "OpenStreetMap / Overpass API (OSM Contributors)",
        "data_source_type": "OpenStreetMap Verified Data"
      }
    },
    {
      "type": "Feature",
      "id": 1081264275,
      "geometry": {
        "type": "LineString",
        "coordinates": [
          [
            80.2382655,
            13.1311647
          ],
          [
            80.2385342,
            13.131275
          ]
        ]
      },
      "properties": {
        "id": 1081264275,
        "osm_id": 1081264275,
        "name": "Unnamed Drain",
        "waterway_type": "drain",
        "drain_type": "drain",
        "surface": "Data Unavailable",
        "tunnel": "culvert",
        "covered": "Data Unavailable",
        "capacity": "Data Unavailable",
        "flow_velocity": "Data Unavailable",
        "maintenance_status": "Data Unavailable",
        "condition": "Data Unavailable",
        "district": "Chennai",
        "source": "OpenStreetMap / Overpass API (OSM Contributors)",
        "data_source_type": "OpenStreetMap Verified Data"
      }
    },
    {
      "type": "Feature",
      "id": 1089517851,
      "geometry": {
        "type": "LineString",
        "coordinates": [
          [
            80.2016295,
            13.1266731
          ],
          [
            80.2021668,
            13.1267389
          ],
          [
            80.2028184,
            13.1268263
          ]
        ]
      },
      "properties": {
        "id": 1089517851,
        "osm_id": 1089517851,
        "name": "Unnamed Drain",
        "waterway_type": "drain",
        "drain_type": "drain",
        "surface": "Data Unavailable",
        "tunnel": "covered",
        "covered": "Data Unavailable",
        "capacity": "Data Unavailable",
        "flow_velocity": "Data Unavailable",
        "maintenance_status": "Data Unavailable",
        "condition": "Data Unavailable",
        "district": "Chennai",
        "source": "OpenStreetMap / Overpass API (OSM Contributors)",
        "data_source_type": "OpenStreetMap Verified Data"
      }
    },
    {
      "type": "Feature",
      "id": 1089517854,
      "geometry": {
        "type": "LineString",
        "coordinates": [
          [
            80.2028184,
            13.1268263
          ],
          [
            80.203094,
            13.1268371
          ],
          [
            80.2031194,
            13.1268381
          ]
        ]
      },
      "properties": {
        "id": 1089517854,
        "osm_id": 1089517854,
        "name": "Unnamed Drain",
        "waterway_type": "drain",
        "drain_type": "drain",
        "surface": "Data Unavailable",
        "tunnel": "covered",
        "covered": "Data Unavailable",
        "capacity": "Data Unavailable",
        "flow_velocity": "Data Unavailable",
        "maintenance_status": "Data Unavailable",
        "condition": "Data Unavailable",
        "district": "Chennai",
        "source": "OpenStreetMap / Overpass API (OSM Contributors)",
        "data_source_type": "OpenStreetMap Verified Data"
      }
    },
    {
      "type": "Feature",
      "id": 1089517858,
      "geometry": {
        "type": "LineString",
        "coordinates": [
          [
            80.2016139,
            13.1288315
          ],
          [
            80.2003603,
            13.1291368
          ],
          [
            80.20042,
            13.1293371
          ],
          [
            80.2004713,
            13.1295092
          ],
          [
            80.2006232,
            13.1300192
          ],
          [
            80.2007594,
            13.1306925
          ]
        ]
      },
      "properties": {
        "id": 1089517858,
        "osm_id": 1089517858,
        "name": "Unnamed Drain",
        "waterway_type": "drain",
        "drain_type": "drain",
        "surface": "Data Unavailable",
        "tunnel": "covered",
        "covered": "Data Unavailable",
        "capacity": "Data Unavailable",
        "flow_velocity": "Data Unavailable",
        "maintenance_status": "Data Unavailable",
        "condition": "Data Unavailable",
        "district": "Chennai",
        "source": "OpenStreetMap / Overpass API (OSM Contributors)",
        "data_source_type": "OpenStreetMap Verified Data"
      }
    },
    {
      "type": "Feature",
      "id": 1089517860,
      "geometry": {
        "type": "LineString",
        "coordinates": [
          [
            80.198999,
            13.1297872
          ],
          [
            80.1990171,
            13.1299695
          ],
          [
            80.1994323,
            13.1316859
          ],
          [
            80.1994525,
            13.1317619
          ],
          [
            80.2005263,
            13.135806
          ]
        ]
      },
      "properties": {
        "id": 1089517860,
        "osm_id": 1089517860,
        "name": "Unnamed Drain",
        "waterway_type": "drain",
        "drain_type": "drain",
        "surface": "Data Unavailable",
        "tunnel": "covered",
        "covered": "Data Unavailable",
        "capacity": "Data Unavailable",
        "flow_velocity": "Data Unavailable",
        "maintenance_status": "Data Unavailable",
        "condition": "Data Unavailable",
        "district": "Chennai",
        "source": "OpenStreetMap / Overpass API (OSM Contributors)",
        "data_source_type": "OpenStreetMap Verified Data"
      }
    },
    {
      "type": "Feature",
      "id": 1089517861,
      "geometry": {
        "type": "LineString",
        "coordinates": [
          [
            80.2005263,
            13.135806
          ],
          [
            80.2030705,
            13.1399122
          ]
        ]
      },
      "properties": {
        "id": 1089517861,
        "osm_id": 1089517861,
        "name": "Unnamed Drain",
        "waterway_type": "drain",
        "drain_type": "drain",
        "surface": "Data Unavailable",
        "tunnel": "culvert",
        "covered": "Data Unavailable",
        "capacity": "Data Unavailable",
        "flow_velocity": "Data Unavailable",
        "maintenance_status": "Data Unavailable",
        "condition": "Data Unavailable",
        "district": "Chennai",
        "source": "OpenStreetMap / Overpass API (OSM Contributors)",
        "data_source_type": "OpenStreetMap Verified Data"
      }
    },
    {
      "type": "Feature",
      "id": 1089517862,
      "geometry": {
        "type": "LineString",
        "coordinates": [
          [
            80.1991862,
            13.1442626
          ],
          [
            80.1990274,
            13.1431385
          ],
          [
            80.1988815,
            13.1426161
          ],
          [
            80.1987868,
            13.1418915
          ],
          [
            80.1986969,
            13.1412035
          ],
          [
            80.198654,
            13.1409904
          ],
          [
            80.1992354,
            13.1409319
          ],
          [
            80.2018439,
            13.1403677
          ],
          [
            80.2030705,
            13.1399122
          ]
        ]
      },
      "properties": {
        "id": 1089517862,
        "osm_id": 1089517862,
        "name": "Unnamed Drain",
        "waterway_type": "drain",
        "drain_type": "drain",
        "surface": "Data Unavailable",
        "tunnel": "culvert",
        "covered": "Data Unavailable",
        "capacity": "Data Unavailable",
        "flow_velocity": "Data Unavailable",
        "maintenance_status": "Data Unavailable",
        "condition": "Data Unavailable",
        "district": "Chennai",
        "source": "OpenStreetMap / Overpass API (OSM Contributors)",
        "data_source_type": "OpenStreetMap Verified Data"
      }
    },
    {
      "type": "Feature",
      "id": 1089712381,
      "geometry": {
        "type": "LineString",
        "coordinates": [
          [
            80.2017131,
            13.129605
          ],
          [
            80.2016611,
            13.1292044
          ],
          [
            80.2016139,
            13.1288315
          ]
        ]
      },
      "properties": {
        "id": 1089712381,
        "osm_id": 1089712381,
        "name": "Unnamed Drain",
        "waterway_type": "drain",
        "drain_type": "drain",
        "surface": "Data Unavailable",
        "tunnel": "culvert",
        "covered": "Data Unavailable",
        "capacity": "Data Unavailable",
        "flow_velocity": "Data Unavailable",
        "maintenance_status": "Data Unavailable",
        "condition": "Data Unavailable",
        "district": "Chennai",
        "source": "OpenStreetMap / Overpass API (OSM Contributors)",
        "data_source_type": "OpenStreetMap Verified Data"
      }
    },
    {
      "type": "Feature",
      "id": 1089712388,
      "geometry": {
        "type": "LineString",
        "coordinates": [
          [
            80.2004713,
            13.1295092
          ],
          [
            80.2008661,
            13.129408
          ],
          [
            80.2016611,
            13.1292044
          ]
        ]
      },
      "properties": {
        "id": 1089712388,
        "osm_id": 1089712388,
        "name": "Unnamed Drain",
        "waterway_type": "drain",
        "drain_type": "drain",
        "surface": "Data Unavailable",
        "tunnel": "covered",
        "covered": "Data Unavailable",
        "capacity": "Data Unavailable",
        "flow_velocity": "Data Unavailable",
        "maintenance_status": "Data Unavailable",
        "condition": "Data Unavailable",
        "district": "Chennai",
        "source": "OpenStreetMap / Overpass API (OSM Contributors)",
        "data_source_type": "OpenStreetMap Verified Data"
      }
    },
    {
      "type": "Feature",
      "id": 1089712389,
      "geometry": {
        "type": "LineString",
        "coordinates": [
          [
            80.2008661,
            13.129408
          ],
          [
            80.2010563,
            13.1301829
          ],
          [
            80.202243,
            13.1299975
          ],
          [
            80.202291,
            13.12999
          ]
        ]
      },
      "properties": {
        "id": 1089712389,
        "osm_id": 1089712389,
        "name": "Unnamed Drain",
        "waterway_type": "drain",
        "drain_type": "drain",
        "surface": "Data Unavailable",
        "tunnel": "covered",
        "covered": "Data Unavailable",
        "capacity": "Data Unavailable",
        "flow_velocity": "Data Unavailable",
        "maintenance_status": "Data Unavailable",
        "condition": "Data Unavailable",
        "district": "Chennai",
        "source": "OpenStreetMap / Overpass API (OSM Contributors)",
        "data_source_type": "OpenStreetMap Verified Data"
      }
    },
    {
      "type": "Feature",
      "id": 1096754048,
      "geometry": {
        "type": "LineString",
        "coordinates": [
          [
            80.2002577,
            13.1289523
          ],
          [
            80.2003113,
            13.1291075
          ],
          [
            80.2003076,
            13.1291316
          ],
          [
            80.2003734,
            13.1293487
          ]
        ]
      },
      "properties": {
        "id": 1096754048,
        "osm_id": 1096754048,
        "name": "Unnamed Drain",
        "waterway_type": "drain",
        "drain_type": "drain",
        "surface": "Data Unavailable",
        "tunnel": "covered",
        "covered": "Data Unavailable",
        "capacity": "Data Unavailable",
        "flow_velocity": "Data Unavailable",
        "maintenance_status": "Data Unavailable",
        "condition": "Data Unavailable",
        "district": "Chennai",
        "source": "OpenStreetMap / Overpass API (OSM Contributors)",
        "data_source_type": "OpenStreetMap Verified Data"
      }
    },
    {
      "type": "Feature",
      "id": 1105956376,
      "geometry": {
        "type": "LineString",
        "coordinates": [
          [
            80.2189656,
            12.9715302
          ],
          [
            80.2185218,
            12.9705957
          ],
          [
            80.2179664,
            12.9692704
          ],
          [
            80.2175719,
            12.968316
          ]
        ]
      },
      "properties": {
        "id": 1105956376,
        "osm_id": 1105956376,
        "name": "drain path",
        "waterway_type": "canal",
        "drain_type": "canal",
        "surface": "Data Unavailable",
        "tunnel": "culvert",
        "covered": "Data Unavailable",
        "capacity": "Data Unavailable",
        "flow_velocity": "Data Unavailable",
        "maintenance_status": "Data Unavailable",
        "condition": "Data Unavailable",
        "district": "Chennai",
        "source": "OpenStreetMap / Overpass API (OSM Contributors)",
        "data_source_type": "OpenStreetMap Verified Data"
      }
    },
    {
      "type": "Feature",
      "id": 1118561504,
      "geometry": {
        "type": "LineString",
        "coordinates": [
          [
            80.1848882,
            12.949446
          ],
          [
            80.1848906,
            12.9495403
          ],
          [
            80.1849155,
            12.9497756
          ],
          [
            80.185019,
            12.9498893
          ],
          [
            80.1850343,
            12.9501271
          ],
          [
            80.1851029,
            12.9502292
          ],
          [
            80.1854066,
            12.9503766
          ],
          [
            80.1857836,
            12.9504585
          ],
          [
            80.1863995,
            12.9506034
          ],
          [
            80.186702,
            12.9506468
          ],
          [
            80.1869589,
            12.9506263
          ],
          [
            80.1872064,
            12.950558
          ],
          [
            80.1873955,
            12.9503919
          ],
          [
            80.1874796,
            12.950401
          ],
          [
            80.1876687,
            12.950376
          ],
          [
            80.1879392,
            12.9505413
          ],
          [
            80.1881264,
            12.9506877
          ],
          [
            80.1883739,
            12.9507742
          ],
          [
            80.1886004,
            12.9507765
          ],
          [
            80.1888829,
            12.9506946
          ],
          [
            80.1891771,
            12.9507037
          ],
          [
            80.1895718,
            12.9506559
          ],
          [
            80.1903496,
            12.9506344
          ]
        ]
      },
      "properties": {
        "id": 1118561504,
        "osm_id": 1118561504,
        "name": "Unnamed Drain",
        "waterway_type": "drain",
        "drain_type": "drain",
        "surface": "Data Unavailable",
        "tunnel": "no",
        "covered": "Data Unavailable",
        "capacity": "Data Unavailable",
        "flow_velocity": "Data Unavailable",
        "maintenance_status": "Data Unavailable",
        "condition": "Data Unavailable",
        "district": "Chennai",
        "source": "OpenStreetMap / Overpass API (OSM Contributors)",
        "data_source_type": "OpenStreetMap Verified Data"
      }
    },
    {
      "type": "Feature",
      "id": 1123838335,
      "geometry": {
        "type": "LineString",
        "coordinates": [
          [
            80.1789994,
            13.021774
          ],
          [
            80.1795677,
            13.021787
          ],
          [
            80.1801256,
            13.0215613
          ],
          [
            80.1802322,
            13.0213216
          ],
          [
            80.1801109,
            13.0206872
          ],
          [
            80.1801804,
            13.0205562
          ],
          [
            80.1804813,
            13.0203681
          ],
          [
            80.1807038,
            13.0204205
          ],
          [
            80.1808137,
            13.020993
          ],
          [
            80.1809394,
            13.0214002
          ],
          [
            80.181047,
            13.0214503
          ],
          [
            80.1812848,
            13.0213496
          ],
          [
            80.1817699,
            13.0217626
          ],
          [
            80.1821833,
            13.0219823
          ],
          [
            80.1822636,
            13.0220287
          ],
          [
            80.1824346,
            13.0220633
          ],
          [
            80.1825829,
            13.0221701
          ],
          [
            80.1827007,
            13.0223695
          ],
          [
            80.1826861,
            13.0226477
          ],
          [
            80.1826051,
            13.0229687
          ],
          [
            80.1823836,
            13.0231854
          ],
          [
            80.1823744,
            13.0233759
          ],
          [
            80.182589,
            13.023702
          ],
          [
            80.182795,
            13.0237355
          ],
          [
            80.1829406,
            13.0239793
          ],
          [
            80.1831853,
            13.0244797
          ],
          [
            80.1833807,
            13.0247828
          ],
          [
            80.1834771,
            13.024824
          ],
          [
            80.1836286,
            13.0247991
          ],
          [
            80.1840591,
            13.0246541
          ],
          [
            80.1841707,
            13.0245877
          ],
          [
            80.1843324,
            13.0243185
          ],
          [
            80.1845366,
            13.0240975
          ],
          [
            80.1847324,
            13.0239629
          ],
          [
            80.184837,
            13.0239289
          ],
          [
            80.1848976,
            13.0239323
          ],
          [
            80.1849443,
            13.0239799
          ],
          [
            80.1850322,
            13.0241687
          ],
          [
            80.1851132,
            13.0242713
          ],
          [
            80.185238,
            13.0243092
          ],
          [
            80.1853626,
            13.024307
          ],
          [
            80.1854608,
            13.0242516
          ],
          [
            80.1858189,
            13.023158
          ],
          [
            80.1858938,
            13.0230535
          ],
          [
            80.1859776,
            13.0229922
          ]
        ]
      },
      "properties": {
        "id": 1123838335,
        "osm_id": 1123838335,
        "name": "Unnamed Drain",
        "waterway_type": "drain",
        "drain_type": "drain",
        "surface": "Data Unavailable",
        "tunnel": "no",
        "covered": "Data Unavailable",
        "capacity": "Data Unavailable",
        "flow_velocity": "Data Unavailable",
        "maintenance_status": "Data Unavailable",
        "condition": "Data Unavailable",
        "district": "Chennai",
        "source": "OpenStreetMap / Overpass API (OSM Contributors)",
        "data_source_type": "OpenStreetMap Verified Data"
      }
    },
    {
      "type": "Feature",
      "id": 1123838336,
      "geometry": {
        "type": "LineString",
        "coordinates": [
          [
            80.1788923,
            13.0217715
          ],
          [
            80.1789994,
            13.021774
          ]
        ]
      },
      "properties": {
        "id": 1123838336,
        "osm_id": 1123838336,
        "name": "Unnamed Drain",
        "waterway_type": "drain",
        "drain_type": "drain",
        "surface": "Data Unavailable",
        "tunnel": "culvert",
        "covered": "Data Unavailable",
        "capacity": "Data Unavailable",
        "flow_velocity": "Data Unavailable",
        "maintenance_status": "Data Unavailable",
        "condition": "Data Unavailable",
        "district": "Chennai",
        "source": "OpenStreetMap / Overpass API (OSM Contributors)",
        "data_source_type": "OpenStreetMap Verified Data"
      }
    },
    {
      "type": "Feature",
      "id": 1123838337,
      "geometry": {
        "type": "LineString",
        "coordinates": [
          [
            80.1772246,
            13.023518
          ],
          [
            80.1774048,
            13.0232672
          ],
          [
            80.1772672,
            13.0226418
          ],
          [
            80.1778092,
            13.0223006
          ],
          [
            80.1777176,
            13.0216036
          ],
          [
            80.1779198,
            13.0213689
          ],
          [
            80.1783232,
            13.0212686
          ],
          [
            80.1785978,
            13.0213606
          ],
          [
            80.1788382,
            13.0217703
          ],
          [
            80.1788923,
            13.0217715
          ]
        ]
      },
      "properties": {
        "id": 1123838337,
        "osm_id": 1123838337,
        "name": "Unnamed Drain",
        "waterway_type": "drain",
        "drain_type": "drain",
        "surface": "Data Unavailable",
        "tunnel": "no",
        "covered": "Data Unavailable",
        "capacity": "Data Unavailable",
        "flow_velocity": "Data Unavailable",
        "maintenance_status": "Data Unavailable",
        "condition": "Data Unavailable",
        "district": "Chennai",
        "source": "OpenStreetMap / Overpass API (OSM Contributors)",
        "data_source_type": "OpenStreetMap Verified Data"
      }
    },
    {
      "type": "Feature",
      "id": 1123838338,
      "geometry": {
        "type": "LineString",
        "coordinates": [
          [
            80.1769101,
            13.0236355
          ],
          [
            80.176979,
            13.0236098
          ]
        ]
      },
      "properties": {
        "id": 1123838338,
        "osm_id": 1123838338,
        "name": "Unnamed Drain",
        "waterway_type": "drain",
        "drain_type": "drain",
        "surface": "Data Unavailable",
        "tunnel": "culvert",
        "covered": "Data Unavailable",
        "capacity": "Data Unavailable",
        "flow_velocity": "Data Unavailable",
        "maintenance_status": "Data Unavailable",
        "condition": "Data Unavailable",
        "district": "Chennai",
        "source": "OpenStreetMap / Overpass API (OSM Contributors)",
        "data_source_type": "OpenStreetMap Verified Data"
      }
    },
    {
      "type": "Feature",
      "id": 1123838343,
      "geometry": {
        "type": "LineString",
        "coordinates": [
          [
            80.176979,
            13.0236098
          ],
          [
            80.1770591,
            13.0235798
          ]
        ]
      },
      "properties": {
        "id": 1123838343,
        "osm_id": 1123838343,
        "name": "Unnamed Drain",
        "waterway_type": "drain",
        "drain_type": "drain",
        "surface": "Data Unavailable",
        "tunnel": "no",
        "covered": "Data Unavailable",
        "capacity": "Data Unavailable",
        "flow_velocity": "Data Unavailable",
        "maintenance_status": "Data Unavailable",
        "condition": "Data Unavailable",
        "district": "Chennai",
        "source": "OpenStreetMap / Overpass API (OSM Contributors)",
        "data_source_type": "OpenStreetMap Verified Data"
      }
    },
    {
      "type": "Feature",
      "id": 1123838344,
      "geometry": {
        "type": "LineString",
        "coordinates": [
          [
            80.1771691,
            13.0235387
          ],
          [
            80.1772246,
            13.023518
          ]
        ]
      },
      "properties": {
        "id": 1123838344,
        "osm_id": 1123838344,
        "name": "Unnamed Drain",
        "waterway_type": "drain",
        "drain_type": "drain",
        "surface": "Data Unavailable",
        "tunnel": "culvert",
        "covered": "Data Unavailable",
        "capacity": "Data Unavailable",
        "flow_velocity": "Data Unavailable",
        "maintenance_status": "Data Unavailable",
        "condition": "Data Unavailable",
        "district": "Chennai",
        "source": "OpenStreetMap / Overpass API (OSM Contributors)",
        "data_source_type": "OpenStreetMap Verified Data"
      }
    },
    {
      "type": "Feature",
      "id": 1123838345,
      "geometry": {
        "type": "LineString",
        "coordinates": [
          [
            80.1771266,
            13.0235546
          ],
          [
            80.1771691,
            13.0235387
          ]
        ]
      },
      "properties": {
        "id": 1123838345,
        "osm_id": 1123838345,
        "name": "Unnamed Drain",
        "waterway_type": "drain",
        "drain_type": "drain",
        "surface": "Data Unavailable",
        "tunnel": "no",
        "covered": "Data Unavailable",
        "capacity": "Data Unavailable",
        "flow_velocity": "Data Unavailable",
        "maintenance_status": "Data Unavailable",
        "condition": "Data Unavailable",
        "district": "Chennai",
        "source": "OpenStreetMap / Overpass API (OSM Contributors)",
        "data_source_type": "OpenStreetMap Verified Data"
      }
    },
    {
      "type": "Feature",
      "id": 1123838346,
      "geometry": {
        "type": "LineString",
        "coordinates": [
          [
            80.1770591,
            13.0235798
          ],
          [
            80.1771266,
            13.0235546
          ]
        ]
      },
      "properties": {
        "id": 1123838346,
        "osm_id": 1123838346,
        "name": "Unnamed Drain",
        "waterway_type": "drain",
        "drain_type": "drain",
        "surface": "Data Unavailable",
        "tunnel": "culvert",
        "covered": "Data Unavailable",
        "capacity": "Data Unavailable",
        "flow_velocity": "Data Unavailable",
        "maintenance_status": "Data Unavailable",
        "condition": "Data Unavailable",
        "district": "Chennai",
        "source": "OpenStreetMap / Overpass API (OSM Contributors)",
        "data_source_type": "OpenStreetMap Verified Data"
      }
    },
    {
      "type": "Feature",
      "id": 1123838347,
      "geometry": {
        "type": "LineString",
        "coordinates": [
          [
            80.1866935,
            13.0227645
          ],
          [
            80.1868634,
            13.0226733
          ],
          [
            80.1874835,
            13.0221916
          ],
          [
            80.187656,
            13.0221977
          ],
          [
            80.1881326,
            13.0224628
          ],
          [
            80.1885772,
            13.0225924
          ],
          [
            80.1888137,
            13.0225877
          ],
          [
            80.1890975,
            13.0226992
          ]
        ]
      },
      "properties": {
        "id": 1123838347,
        "osm_id": 1123838347,
        "name": "Unnamed Drain",
        "waterway_type": "drain",
        "drain_type": "drain",
        "surface": "Data Unavailable",
        "tunnel": "no",
        "covered": "Data Unavailable",
        "capacity": "Data Unavailable",
        "flow_velocity": "Data Unavailable",
        "maintenance_status": "Data Unavailable",
        "condition": "Data Unavailable",
        "district": "Chennai",
        "source": "OpenStreetMap / Overpass API (OSM Contributors)",
        "data_source_type": "OpenStreetMap Verified Data"
      }
    },
    {
      "type": "Feature",
      "id": 1123838348,
      "geometry": {
        "type": "LineString",
        "coordinates": [
          [
            80.1859776,
            13.0229922
          ],
          [
            80.186051,
            13.0229477
          ]
        ]
      },
      "properties": {
        "id": 1123838348,
        "osm_id": 1123838348,
        "name": "Unnamed Drain",
        "waterway_type": "drain",
        "drain_type": "drain",
        "surface": "Data Unavailable",
        "tunnel": "culvert",
        "covered": "Data Unavailable",
        "capacity": "Data Unavailable",
        "flow_velocity": "Data Unavailable",
        "maintenance_status": "Data Unavailable",
        "condition": "Data Unavailable",
        "district": "Chennai",
        "source": "OpenStreetMap / Overpass API (OSM Contributors)",
        "data_source_type": "OpenStreetMap Verified Data"
      }
    },
    {
      "type": "Feature",
      "id": 1123838349,
      "geometry": {
        "type": "LineString",
        "coordinates": [
          [
            80.186051,
            13.0229477
          ],
          [
            80.1861509,
            13.0228977
          ],
          [
            80.1864181,
            13.0228582
          ],
          [
            80.1865813,
            13.0228084
          ],
          [
            80.186611,
            13.0228004
          ]
        ]
      },
      "properties": {
        "id": 1123838349,
        "osm_id": 1123838349,
        "name": "Unnamed Drain",
        "waterway_type": "drain",
        "drain_type": "drain",
        "surface": "Data Unavailable",
        "tunnel": "no",
        "covered": "Data Unavailable",
        "capacity": "Data Unavailable",
        "flow_velocity": "Data Unavailable",
        "maintenance_status": "Data Unavailable",
        "condition": "Data Unavailable",
        "district": "Chennai",
        "source": "OpenStreetMap / Overpass API (OSM Contributors)",
        "data_source_type": "OpenStreetMap Verified Data"
      }
    },
    {
      "type": "Feature",
      "id": 1123838350,
      "geometry": {
        "type": "LineString",
        "coordinates": [
          [
            80.186611,
            13.0228004
          ],
          [
            80.1866935,
            13.0227645
          ]
        ]
      },
      "properties": {
        "id": 1123838350,
        "osm_id": 1123838350,
        "name": "Unnamed Drain",
        "waterway_type": "drain",
        "drain_type": "drain",
        "surface": "Data Unavailable",
        "tunnel": "culvert",
        "covered": "Data Unavailable",
        "capacity": "Data Unavailable",
        "flow_velocity": "Data Unavailable",
        "maintenance_status": "Data Unavailable",
        "condition": "Data Unavailable",
        "district": "Chennai",
        "source": "OpenStreetMap / Overpass API (OSM Contributors)",
        "data_source_type": "OpenStreetMap Verified Data"
      }
    },
    {
      "type": "Feature",
      "id": 1127503334,
      "geometry": {
        "type": "LineString",
        "coordinates": [
          [
            80.2840428,
            13.0696853
          ],
          [
            80.283012,
            13.0688932
          ],
          [
            80.282535,
            13.0686192
          ],
          [
            80.2825183,
            13.0681847
          ],
          [
            80.2825114,
            13.0680607
          ],
          [
            80.282508,
            13.0680023
          ],
          [
            80.2824995,
            13.0679331
          ],
          [
            80.2824921,
            13.0678729
          ],
          [
            80.2824866,
            13.0677958
          ],
          [
            80.2824798,
            13.0677445
          ],
          [
            80.282473,
            13.0676951
          ],
          [
            80.2824568,
            13.0675881
          ]
        ]
      },
      "properties": {
        "id": 1127503334,
        "osm_id": 1127503334,
        "name": "Buckingham Canal",
        "waterway_type": "canal",
        "drain_type": "canal",
        "surface": "Data Unavailable",
        "tunnel": "no",
        "covered": "Data Unavailable",
        "capacity": "Data Unavailable",
        "flow_velocity": "Data Unavailable",
        "maintenance_status": "Data Unavailable",
        "condition": "Data Unavailable",
        "district": "Chennai",
        "source": "OpenStreetMap / Overpass API (OSM Contributors)",
        "data_source_type": "OpenStreetMap Verified Data"
      }
    },
    {
      "type": "Feature",
      "id": 1127503335,
      "geometry": {
        "type": "LineString",
        "coordinates": [
          [
            80.2824568,
            13.0675881
          ],
          [
            80.2824041,
            13.067183
          ]
        ]
      },
      "properties": {
        "id": 1127503335,
        "osm_id": 1127503335,
        "name": "Cooum River Lock",
        "waterway_type": "canal",
        "drain_type": "canal",
        "surface": "Data Unavailable",
        "tunnel": "no",
        "covered": "Data Unavailable",
        "capacity": "Data Unavailable",
        "flow_velocity": "Data Unavailable",
        "maintenance_status": "Data Unavailable",
        "condition": "Data Unavailable",
        "district": "Chennai",
        "source": "OpenStreetMap / Overpass API (OSM Contributors)",
        "data_source_type": "OpenStreetMap Verified Data"
      }
    },
    {
      "type": "Feature",
      "id": 1132154729,
      "geometry": {
        "type": "LineString",
        "coordinates": [
          [
            80.1586179,
            12.981024
          ],
          [
            80.1591784,
            12.9802661
          ]
        ]
      },
      "properties": {
        "id": 1132154729,
        "osm_id": 1132154729,
        "name": "Unnamed Drain",
        "waterway_type": "drain",
        "drain_type": "drain",
        "surface": "Data Unavailable",
        "tunnel": "culvert",
        "covered": "Data Unavailable",
        "capacity": "Data Unavailable",
        "flow_velocity": "Data Unavailable",
        "maintenance_status": "Data Unavailable",
        "condition": "Data Unavailable",
        "district": "Chennai",
        "source": "OpenStreetMap / Overpass API (OSM Contributors)",
        "data_source_type": "OpenStreetMap Verified Data"
      }
    },
    {
      "type": "Feature",
      "id": 1147391890,
      "geometry": {
        "type": "LineString",
        "coordinates": [
          [
            80.1472911,
            12.9802132
          ],
          [
            80.1473196,
            12.9802561
          ]
        ]
      },
      "properties": {
        "id": 1147391890,
        "osm_id": 1147391890,
        "name": "Unnamed Drain",
        "waterway_type": "drain",
        "drain_type": "drain",
        "surface": "Data Unavailable",
        "tunnel": "no",
        "covered": "Data Unavailable",
        "capacity": "Data Unavailable",
        "flow_velocity": "Data Unavailable",
        "maintenance_status": "Data Unavailable",
        "condition": "Data Unavailable",
        "district": "Chennai",
        "source": "OpenStreetMap / Overpass API (OSM Contributors)",
        "data_source_type": "OpenStreetMap Verified Data"
      }
    },
    {
      "type": "Feature",
      "id": 1147391891,
      "geometry": {
        "type": "LineString",
        "coordinates": [
          [
            80.147256,
            12.9801272
          ],
          [
            80.1472911,
            12.9802132
          ]
        ]
      },
      "properties": {
        "id": 1147391891,
        "osm_id": 1147391891,
        "name": "Unnamed Drain",
        "waterway_type": "drain",
        "drain_type": "drain",
        "surface": "Data Unavailable",
        "tunnel": "culvert",
        "covered": "Data Unavailable",
        "capacity": "Data Unavailable",
        "flow_velocity": "Data Unavailable",
        "maintenance_status": "Data Unavailable",
        "condition": "Data Unavailable",
        "district": "Chennai",
        "source": "OpenStreetMap / Overpass API (OSM Contributors)",
        "data_source_type": "OpenStreetMap Verified Data"
      }
    },
    {
      "type": "Feature",
      "id": 1147391892,
      "geometry": {
        "type": "LineString",
        "coordinates": [
          [
            80.1480634,
            12.9763351
          ],
          [
            80.1482243,
            12.976586
          ],
          [
            80.1486098,
            12.9768306
          ],
          [
            80.148661,
            12.9768516
          ],
          [
            80.1488259,
            12.977267
          ],
          [
            80.148882,
            12.9773867
          ]
        ]
      },
      "properties": {
        "id": 1147391892,
        "osm_id": 1147391892,
        "name": "Unnamed Drain",
        "waterway_type": "drain",
        "drain_type": "drain",
        "surface": "Data Unavailable",
        "tunnel": "no",
        "covered": "Data Unavailable",
        "capacity": "Data Unavailable",
        "flow_velocity": "Data Unavailable",
        "maintenance_status": "Data Unavailable",
        "condition": "Data Unavailable",
        "district": "Chennai",
        "source": "OpenStreetMap / Overpass API (OSM Contributors)",
        "data_source_type": "OpenStreetMap Verified Data"
      }
    },
    {
      "type": "Feature",
      "id": 1147391893,
      "geometry": {
        "type": "LineString",
        "coordinates": [
          [
            80.1487824,
            12.9777681
          ],
          [
            80.1487514,
            12.9778648
          ]
        ]
      },
      "properties": {
        "id": 1147391893,
        "osm_id": 1147391893,
        "name": "Unnamed Drain",
        "waterway_type": "drain",
        "drain_type": "drain",
        "surface": "Data Unavailable",
        "tunnel": "culvert",
        "covered": "Data Unavailable",
        "capacity": "Data Unavailable",
        "flow_velocity": "Data Unavailable",
        "maintenance_status": "Data Unavailable",
        "condition": "Data Unavailable",
        "district": "Chennai",
        "source": "OpenStreetMap / Overpass API (OSM Contributors)",
        "data_source_type": "OpenStreetMap Verified Data"
      }
    },
    {
      "type": "Feature",
      "id": 1147391894,
      "geometry": {
        "type": "LineString",
        "coordinates": [
          [
            80.1488895,
            12.9774433
          ],
          [
            80.1488388,
            12.9776451
          ],
          [
            80.1487824,
            12.9777681
          ]
        ]
      },
      "properties": {
        "id": 1147391894,
        "osm_id": 1147391894,
        "name": "Unnamed Drain",
        "waterway_type": "drain",
        "drain_type": "drain",
        "surface": "Data Unavailable",
        "tunnel": "no",
        "covered": "Data Unavailable",
        "capacity": "Data Unavailable",
        "flow_velocity": "Data Unavailable",
        "maintenance_status": "Data Unavailable",
        "condition": "Data Unavailable",
        "district": "Chennai",
        "source": "OpenStreetMap / Overpass API (OSM Contributors)",
        "data_source_type": "OpenStreetMap Verified Data"
      }
    },
    {
      "type": "Feature",
      "id": 1147391895,
      "geometry": {
        "type": "LineString",
        "coordinates": [
          [
            80.148882,
            12.9773867
          ],
          [
            80.1488895,
            12.9774433
          ]
        ]
      },
      "properties": {
        "id": 1147391895,
        "osm_id": 1147391895,
        "name": "Unnamed Drain",
        "waterway_type": "drain",
        "drain_type": "drain",
        "surface": "Data Unavailable",
        "tunnel": "culvert",
        "covered": "Data Unavailable",
        "capacity": "Data Unavailable",
        "flow_velocity": "Data Unavailable",
        "maintenance_status": "Data Unavailable",
        "condition": "Data Unavailable",
        "district": "Chennai",
        "source": "OpenStreetMap / Overpass API (OSM Contributors)",
        "data_source_type": "OpenStreetMap Verified Data"
      }
    },
    {
      "type": "Feature",
      "id": 1151035773,
      "geometry": {
        "type": "LineString",
        "coordinates": [
          [
            80.1212283,
            13.0165417
          ],
          [
            80.1213812,
            13.0165507
          ],
          [
            80.1215845,
            13.0166222
          ],
          [
            80.1218742,
            13.0166326
          ],
          [
            80.1220029,
            13.0166117
          ],
          [
            80.1221531,
            13.016596
          ],
          [
            80.1222872,
            13.0167006
          ],
          [
            80.1223999,
            13.0169201
          ],
          [
            80.1226359,
            13.0171814
          ],
          [
            80.1227861,
            13.0173016
          ],
          [
            80.1230758,
            13.017333
          ],
          [
            80.1234728,
            13.017333
          ],
          [
            80.1237893,
            13.0173225
          ],
          [
            80.1240199,
            13.0173382
          ],
          [
            80.1241379,
            13.0173486
          ],
          [
            80.1242721,
            13.0173016
          ],
          [
            80.1245027,
            13.017265
          ],
          [
            80.1245993,
            13.0172964
          ],
          [
            80.1249587,
            13.0172755
          ],
          [
            80.1251035,
            13.0171657
          ],
          [
            80.1251947,
            13.0171866
          ],
          [
            80.1252913,
            13.0172337
          ],
          [
            80.1255273,
            13.0172232
          ],
          [
            80.1256614,
            13.0172493
          ],
          [
            80.1257634,
            13.0173016
          ],
          [
            80.125817,
            13.017448
          ],
          [
            80.125758,
            13.0176466
          ],
          [
            80.125758,
            13.0178243
          ],
          [
            80.1259457,
            13.0178138
          ],
          [
            80.1264232,
            13.0176518
          ],
          [
            80.1268416,
            13.0173068
          ],
          [
            80.127421,
            13.0168992
          ],
          [
            80.1280969,
            13.0161413
          ],
          [
            80.1286011,
            13.0157911
          ],
          [
            80.1289284,
            13.0156082
          ],
          [
            80.1292472,
            13.0157114
          ],
          [
            80.1295471,
            13.0160198
          ],
          [
            80.1296847,
            13.0160734
          ],
          [
            80.1306209,
            13.0160478
          ]
        ]
      },
      "properties": {
        "id": 1151035773,
        "osm_id": 1151035773,
        "name": "Chembarambakkam irrigation canal",
        "waterway_type": "canal",
        "drain_type": "canal",
        "surface": "Data Unavailable",
        "tunnel": "no",
        "covered": "Data Unavailable",
        "capacity": "Data Unavailable",
        "flow_velocity": "Data Unavailable",
        "maintenance_status": "Data Unavailable",
        "condition": "Data Unavailable",
        "district": "Chennai",
        "source": "OpenStreetMap / Overpass API (OSM Contributors)",
        "data_source_type": "OpenStreetMap Verified Data"
      }
    },
    {
      "type": "Feature",
      "id": 1188575627,
      "geometry": {
        "type": "LineString",
        "coordinates": [
          [
            80.2196662,
            13.1040213
          ],
          [
            80.2205576,
            13.1038526
          ]
        ]
      },
      "properties": {
        "id": 1188575627,
        "osm_id": 1188575627,
        "name": "Ainsley Canal",
        "waterway_type": "drain",
        "drain_type": "drain",
        "surface": "Data Unavailable",
        "tunnel": "no",
        "covered": "Data Unavailable",
        "capacity": "Data Unavailable",
        "flow_velocity": "Data Unavailable",
        "maintenance_status": "Data Unavailable",
        "condition": "Data Unavailable",
        "district": "Chennai",
        "source": "OpenStreetMap / Overpass API (OSM Contributors)",
        "data_source_type": "OpenStreetMap Verified Data"
      }
    },
    {
      "type": "Feature",
      "id": 1188575628,
      "geometry": {
        "type": "LineString",
        "coordinates": [
          [
            80.2205576,
            13.1038526
          ],
          [
            80.220667,
            13.1038319
          ]
        ]
      },
      "properties": {
        "id": 1188575628,
        "osm_id": 1188575628,
        "name": "Ainsley Canal",
        "waterway_type": "drain",
        "drain_type": "drain",
        "surface": "Data Unavailable",
        "tunnel": "culvert",
        "covered": "Data Unavailable",
        "capacity": "Data Unavailable",
        "flow_velocity": "Data Unavailable",
        "maintenance_status": "Data Unavailable",
        "condition": "Data Unavailable",
        "district": "Chennai",
        "source": "OpenStreetMap / Overpass API (OSM Contributors)",
        "data_source_type": "OpenStreetMap Verified Data"
      }
    },
    {
      "type": "Feature",
      "id": 1188575631,
      "geometry": {
        "type": "LineString",
        "coordinates": [
          [
            80.220667,
            13.1038319
          ],
          [
            80.2206836,
            13.1038288
          ],
          [
            80.2227084,
            13.1035221
          ],
          [
            80.226997,
            13.1030175
          ]
        ]
      },
      "properties": {
        "id": 1188575631,
        "osm_id": 1188575631,
        "name": "Ainsley Canal",
        "waterway_type": "drain",
        "drain_type": "drain",
        "surface": "Data Unavailable",
        "tunnel": "no",
        "covered": "Data Unavailable",
        "capacity": "Data Unavailable",
        "flow_velocity": "Data Unavailable",
        "maintenance_status": "Data Unavailable",
        "condition": "Data Unavailable",
        "district": "Chennai",
        "source": "OpenStreetMap / Overpass API (OSM Contributors)",
        "data_source_type": "OpenStreetMap Verified Data"
      }
    },
    {
      "type": "Feature",
      "id": 1188575632,
      "geometry": {
        "type": "LineString",
        "coordinates": [
          [
            80.226997,
            13.1030175
          ],
          [
            80.2271073,
            13.1030045
          ]
        ]
      },
      "properties": {
        "id": 1188575632,
        "osm_id": 1188575632,
        "name": "Ainsley Canal",
        "waterway_type": "drain",
        "drain_type": "drain",
        "surface": "Data Unavailable",
        "tunnel": "culvert",
        "covered": "Data Unavailable",
        "capacity": "Data Unavailable",
        "flow_velocity": "Data Unavailable",
        "maintenance_status": "Data Unavailable",
        "condition": "Data Unavailable",
        "district": "Chennai",
        "source": "OpenStreetMap / Overpass API (OSM Contributors)",
        "data_source_type": "OpenStreetMap Verified Data"
      }
    },
    {
      "type": "Feature",
      "id": 1188575635,
      "geometry": {
        "type": "LineString",
        "coordinates": [
          [
            80.2271073,
            13.1030045
          ],
          [
            80.2289117,
            13.1027922
          ],
          [
            80.229624,
            13.1025686
          ],
          [
            80.2309907,
            13.1024218
          ]
        ]
      },
      "properties": {
        "id": 1188575635,
        "osm_id": 1188575635,
        "name": "Ainsley Canal",
        "waterway_type": "drain",
        "drain_type": "drain",
        "surface": "Data Unavailable",
        "tunnel": "no",
        "covered": "Data Unavailable",
        "capacity": "Data Unavailable",
        "flow_velocity": "Data Unavailable",
        "maintenance_status": "Data Unavailable",
        "condition": "Data Unavailable",
        "district": "Chennai",
        "source": "OpenStreetMap / Overpass API (OSM Contributors)",
        "data_source_type": "OpenStreetMap Verified Data"
      }
    },
    {
      "type": "Feature",
      "id": 1188575636,
      "geometry": {
        "type": "LineString",
        "coordinates": [
          [
            80.2309907,
            13.1024218
          ],
          [
            80.2311011,
            13.1024099
          ]
        ]
      },
      "properties": {
        "id": 1188575636,
        "osm_id": 1188575636,
        "name": "Ainsley Canal",
        "waterway_type": "drain",
        "drain_type": "drain",
        "surface": "Data Unavailable",
        "tunnel": "culvert",
        "covered": "Data Unavailable",
        "capacity": "Data Unavailable",
        "flow_velocity": "Data Unavailable",
        "maintenance_status": "Data Unavailable",
        "condition": "Data Unavailable",
        "district": "Chennai",
        "source": "OpenStreetMap / Overpass API (OSM Contributors)",
        "data_source_type": "OpenStreetMap Verified Data"
      }
    },
    {
      "type": "Feature",
      "id": 1191352299,
      "geometry": {
        "type": "LineString",
        "coordinates": [
          [
            80.0915441,
            13.2186024
          ],
          [
            80.0946202,
            13.2206315
          ],
          [
            80.1038041,
            13.22008
          ],
          [
            80.1137347,
            13.2195202
          ],
          [
            80.1174168,
            13.2184005
          ],
          [
            80.1209616,
            13.2192194
          ],
          [
            80.1229357,
            13.22069
          ],
          [
            80.1263604,
            13.2202555
          ],
          [
            80.1311497,
            13.2184924
          ],
          [
            80.1328498,
            13.2178641
          ],
          [
            80.1347079,
            13.2171774
          ],
          [
            80.1351049,
            13.2170834
          ],
          [
            80.1355019,
            13.216885
          ],
          [
            80.1362314,
            13.2166656
          ],
          [
            80.1369502,
            13.216509
          ],
          [
            80.137594,
            13.2162478
          ],
          [
            80.1381626,
            13.2161956
          ],
          [
            80.1385596,
            13.2163314
          ],
          [
            80.1389029,
            13.2165821
          ],
          [
            80.1393213,
            13.2166865
          ],
          [
            80.1399865,
            13.2169267
          ],
          [
            80.1408555,
            13.2172505
          ],
          [
            80.1412632,
            13.2175116
          ],
          [
            80.1419606,
            13.2178772
          ],
          [
            80.1428833,
            13.2183107
          ],
          [
            80.1433983,
            13.2187127
          ],
          [
            80.1442619,
            13.2189896
          ],
          [
            80.1465208,
            13.2193327
          ],
          [
            80.148334,
            13.2196722
          ],
          [
            80.1504261,
            13.2201265
          ],
          [
            80.1506728,
            13.2201213
          ],
          [
            80.150984,
            13.2201683
          ],
          [
            80.1511878,
            13.2203615
          ],
          [
            80.1514614,
            13.220654
          ],
          [
            80.1520944,
            13.2213642
          ],
          [
            80.1522393,
            13.2214216
          ],
          [
            80.1529956,
            13.221453
          ],
          [
            80.1538486,
            13.2214686
          ],
          [
            80.1541409,
            13.2214543
          ],
          [
            80.154377,
            13.2214491
          ],
          [
            80.1544548,
            13.2214987
          ],
          [
            80.1545084,
            13.2215979
          ]
        ]
      },
      "properties": {
        "id": 1191352299,
        "osm_id": 1191352299,
        "name": "Unnamed Canal",
        "waterway_type": "canal",
        "drain_type": "canal",
        "surface": "Data Unavailable",
        "tunnel": "no",
        "covered": "Data Unavailable",
        "capacity": "Data Unavailable",
        "flow_velocity": "Data Unavailable",
        "maintenance_status": "Data Unavailable",
        "condition": "Data Unavailable",
        "district": "Chennai",
        "source": "OpenStreetMap / Overpass API (OSM Contributors)",
        "data_source_type": "OpenStreetMap Verified Data"
      }
    },
    {
      "type": "Feature",
      "id": 1201028111,
      "geometry": {
        "type": "LineString",
        "coordinates": [
          [
            80.2517377,
            13.1667569
          ],
          [
            80.2515813,
            13.166461
          ]
        ]
      },
      "properties": {
        "id": 1201028111,
        "osm_id": 1201028111,
        "name": "Unnamed Drain",
        "waterway_type": "drain",
        "drain_type": "drain",
        "surface": "Data Unavailable",
        "tunnel": "no",
        "covered": "Data Unavailable",
        "capacity": "Data Unavailable",
        "flow_velocity": "Data Unavailable",
        "maintenance_status": "Data Unavailable",
        "condition": "Data Unavailable",
        "district": "Chennai",
        "source": "OpenStreetMap / Overpass API (OSM Contributors)",
        "data_source_type": "OpenStreetMap Verified Data"
      }
    },
    {
      "type": "Feature",
      "id": 1201028112,
      "geometry": {
        "type": "LineString",
        "coordinates": [
          [
            80.2515813,
            13.166461
          ],
          [
            80.2515306,
            13.1663649
          ]
        ]
      },
      "properties": {
        "id": 1201028112,
        "osm_id": 1201028112,
        "name": "Unnamed Drain",
        "waterway_type": "drain",
        "drain_type": "drain",
        "surface": "Data Unavailable",
        "tunnel": "culvert",
        "covered": "Data Unavailable",
        "capacity": "Data Unavailable",
        "flow_velocity": "Data Unavailable",
        "maintenance_status": "Data Unavailable",
        "condition": "Data Unavailable",
        "district": "Chennai",
        "source": "OpenStreetMap / Overpass API (OSM Contributors)",
        "data_source_type": "OpenStreetMap Verified Data"
      }
    },
    {
      "type": "Feature",
      "id": 1202685097,
      "geometry": {
        "type": "LineString",
        "coordinates": [
          [
            80.2473906,
            13.0970297
          ],
          [
            80.2474344,
            13.0970078
          ],
          [
            80.2476411,
            13.0970475
          ],
          [
            80.2494263,
            13.0975014
          ]
        ]
      },
      "properties": {
        "id": 1202685097,
        "osm_id": 1202685097,
        "name": "Egankipuram Canal",
        "waterway_type": "drain",
        "drain_type": "drain",
        "surface": "Data Unavailable",
        "tunnel": "no",
        "covered": "Data Unavailable",
        "capacity": "Data Unavailable",
        "flow_velocity": "Data Unavailable",
        "maintenance_status": "Data Unavailable",
        "condition": "Data Unavailable",
        "district": "Chennai",
        "source": "OpenStreetMap / Overpass API (OSM Contributors)",
        "data_source_type": "OpenStreetMap Verified Data"
      }
    },
    {
      "type": "Feature",
      "id": 1202685098,
      "geometry": {
        "type": "LineString",
        "coordinates": [
          [
            80.2473087,
            13.0972026
          ],
          [
            80.2473906,
            13.0970297
          ]
        ]
      },
      "properties": {
        "id": 1202685098,
        "osm_id": 1202685098,
        "name": "Egankipuram Canal",
        "waterway_type": "drain",
        "drain_type": "drain",
        "surface": "Data Unavailable",
        "tunnel": "culvert",
        "covered": "Data Unavailable",
        "capacity": "Data Unavailable",
        "flow_velocity": "Data Unavailable",
        "maintenance_status": "Data Unavailable",
        "condition": "Data Unavailable",
        "district": "Chennai",
        "source": "OpenStreetMap / Overpass API (OSM Contributors)",
        "data_source_type": "OpenStreetMap Verified Data"
      }
    },
    {
      "type": "Feature",
      "id": 1202685099,
      "geometry": {
        "type": "LineString",
        "coordinates": [
          [
            80.2503175,
            13.0977301
          ],
          [
            80.2510566,
            13.0979462
          ]
        ]
      },
      "properties": {
        "id": 1202685099,
        "osm_id": 1202685099,
        "name": "Egankipuram Canal",
        "waterway_type": "drain",
        "drain_type": "drain",
        "surface": "Data Unavailable",
        "tunnel": "no",
        "covered": "Data Unavailable",
        "capacity": "Data Unavailable",
        "flow_velocity": "Data Unavailable",
        "maintenance_status": "Data Unavailable",
        "condition": "Data Unavailable",
        "district": "Chennai",
        "source": "OpenStreetMap / Overpass API (OSM Contributors)",
        "data_source_type": "OpenStreetMap Verified Data"
      }
    },
    {
      "type": "Feature",
      "id": 1202685100,
      "geometry": {
        "type": "LineString",
        "coordinates": [
          [
            80.2502602,
            13.0977168
          ],
          [
            80.2503175,
            13.0977301
          ]
        ]
      },
      "properties": {
        "id": 1202685100,
        "osm_id": 1202685100,
        "name": "Egankipuram Canal",
        "waterway_type": "drain",
        "drain_type": "drain",
        "surface": "Data Unavailable",
        "tunnel": "culvert",
        "covered": "Data Unavailable",
        "capacity": "Data Unavailable",
        "flow_velocity": "Data Unavailable",
        "maintenance_status": "Data Unavailable",
        "condition": "Data Unavailable",
        "district": "Chennai",
        "source": "OpenStreetMap / Overpass API (OSM Contributors)",
        "data_source_type": "OpenStreetMap Verified Data"
      }
    },
    {
      "type": "Feature",
      "id": 1202685103,
      "geometry": {
        "type": "LineString",
        "coordinates": [
          [
            80.2495317,
            13.0975206
          ],
          [
            80.2501206,
            13.097668
          ],
          [
            80.2502602,
            13.0977168
          ]
        ]
      },
      "properties": {
        "id": 1202685103,
        "osm_id": 1202685103,
        "name": "Egankipuram Canal",
        "waterway_type": "drain",
        "drain_type": "drain",
        "surface": "Data Unavailable",
        "tunnel": "no",
        "covered": "Data Unavailable",
        "capacity": "Data Unavailable",
        "flow_velocity": "Data Unavailable",
        "maintenance_status": "Data Unavailable",
        "condition": "Data Unavailable",
        "district": "Chennai",
        "source": "OpenStreetMap / Overpass API (OSM Contributors)",
        "data_source_type": "OpenStreetMap Verified Data"
      }
    },
    {
      "type": "Feature",
      "id": 1202685104,
      "geometry": {
        "type": "LineString",
        "coordinates": [
          [
            80.2494263,
            13.0975014
          ],
          [
            80.2495317,
            13.0975206
          ]
        ]
      },
      "properties": {
        "id": 1202685104,
        "osm_id": 1202685104,
        "name": "Egankipuram Canal",
        "waterway_type": "drain",
        "drain_type": "drain",
        "surface": "Data Unavailable",
        "tunnel": "culvert",
        "covered": "Data Unavailable",
        "capacity": "Data Unavailable",
        "flow_velocity": "Data Unavailable",
        "maintenance_status": "Data Unavailable",
        "condition": "Data Unavailable",
        "district": "Chennai",
        "source": "OpenStreetMap / Overpass API (OSM Contributors)",
        "data_source_type": "OpenStreetMap Verified Data"
      }
    },
    {
      "type": "Feature",
      "id": 1202708871,
      "geometry": {
        "type": "LineString",
        "coordinates": [
          [
            80.2570515,
            13.1183964
          ],
          [
            80.2574914,
            13.1181783
          ],
          [
            80.2588561,
            13.1179777
          ],
          [
            80.2591651,
            13.1179024
          ],
          [
            80.2605316,
            13.1179024
          ]
        ]
      },
      "properties": {
        "id": 1202708871,
        "osm_id": 1202708871,
        "name": "Vyasarpadi Canal",
        "waterway_type": "drain",
        "drain_type": "drain",
        "surface": "Data Unavailable",
        "tunnel": "no",
        "covered": "Data Unavailable",
        "capacity": "Data Unavailable",
        "flow_velocity": "Data Unavailable",
        "maintenance_status": "Data Unavailable",
        "condition": "Data Unavailable",
        "district": "Chennai",
        "source": "OpenStreetMap / Overpass API (OSM Contributors)",
        "data_source_type": "OpenStreetMap Verified Data"
      }
    },
    {
      "type": "Feature",
      "id": 1202708872,
      "geometry": {
        "type": "LineString",
        "coordinates": [
          [
            80.2569602,
            13.1184416
          ],
          [
            80.2570515,
            13.1183964
          ]
        ]
      },
      "properties": {
        "id": 1202708872,
        "osm_id": 1202708872,
        "name": "Vyasarpadi Canal",
        "waterway_type": "drain",
        "drain_type": "drain",
        "surface": "Data Unavailable",
        "tunnel": "culvert",
        "covered": "Data Unavailable",
        "capacity": "Data Unavailable",
        "flow_velocity": "Data Unavailable",
        "maintenance_status": "Data Unavailable",
        "condition": "Data Unavailable",
        "district": "Chennai",
        "source": "OpenStreetMap / Overpass API (OSM Contributors)",
        "data_source_type": "OpenStreetMap Verified Data"
      }
    },
    {
      "type": "Feature",
      "id": 1202708875,
      "geometry": {
        "type": "LineString",
        "coordinates": [
          [
            80.2606331,
            13.1179024
          ],
          [
            80.2608903,
            13.1179024
          ],
          [
            80.2612169,
            13.1178338
          ],
          [
            80.2616299,
            13.1176816
          ],
          [
            80.2617899,
            13.1175294
          ]
        ]
      },
      "properties": {
        "id": 1202708875,
        "osm_id": 1202708875,
        "name": "Vyasarpadi Canal",
        "waterway_type": "drain",
        "drain_type": "drain",
        "surface": "Data Unavailable",
        "tunnel": "no",
        "covered": "Data Unavailable",
        "capacity": "Data Unavailable",
        "flow_velocity": "Data Unavailable",
        "maintenance_status": "Data Unavailable",
        "condition": "Data Unavailable",
        "district": "Chennai",
        "source": "OpenStreetMap / Overpass API (OSM Contributors)",
        "data_source_type": "OpenStreetMap Verified Data"
      }
    },
    {
      "type": "Feature",
      "id": 1202708876,
      "geometry": {
        "type": "LineString",
        "coordinates": [
          [
            80.2605316,
            13.1179024
          ],
          [
            80.2606331,
            13.1179024
          ]
        ]
      },
      "properties": {
        "id": 1202708876,
        "osm_id": 1202708876,
        "name": "Vyasarpadi Canal",
        "waterway_type": "drain",
        "drain_type": "drain",
        "surface": "Data Unavailable",
        "tunnel": "culvert",
        "covered": "Data Unavailable",
        "capacity": "Data Unavailable",
        "flow_velocity": "Data Unavailable",
        "maintenance_status": "Data Unavailable",
        "condition": "Data Unavailable",
        "district": "Chennai",
        "source": "OpenStreetMap / Overpass API (OSM Contributors)",
        "data_source_type": "OpenStreetMap Verified Data"
      }
    },
    {
      "type": "Feature",
      "id": 1202708879,
      "geometry": {
        "type": "LineString",
        "coordinates": [
          [
            80.2500589,
            13.122157
          ],
          [
            80.2508137,
            13.121898
          ],
          [
            80.2513349,
            13.1215049
          ]
        ]
      },
      "properties": {
        "id": 1202708879,
        "osm_id": 1202708879,
        "name": "Vyasarpadi Canal",
        "waterway_type": "drain",
        "drain_type": "drain",
        "surface": "Data Unavailable",
        "tunnel": "no",
        "covered": "Data Unavailable",
        "capacity": "Data Unavailable",
        "flow_velocity": "Data Unavailable",
        "maintenance_status": "Data Unavailable",
        "condition": "Data Unavailable",
        "district": "Chennai",
        "source": "OpenStreetMap / Overpass API (OSM Contributors)",
        "data_source_type": "OpenStreetMap Verified Data"
      }
    },
    {
      "type": "Feature",
      "id": 1202708880,
      "geometry": {
        "type": "LineString",
        "coordinates": [
          [
            80.2513349,
            13.1215049
          ],
          [
            80.2514231,
            13.1214383
          ]
        ]
      },
      "properties": {
        "id": 1202708880,
        "osm_id": 1202708880,
        "name": "Vyasarpadi Canal",
        "waterway_type": "drain",
        "drain_type": "drain",
        "surface": "Data Unavailable",
        "tunnel": "culvert",
        "covered": "Data Unavailable",
        "capacity": "Data Unavailable",
        "flow_velocity": "Data Unavailable",
        "maintenance_status": "Data Unavailable",
        "condition": "Data Unavailable",
        "district": "Chennai",
        "source": "OpenStreetMap / Overpass API (OSM Contributors)",
        "data_source_type": "OpenStreetMap Verified Data"
      }
    },
    {
      "type": "Feature",
      "id": 1202708881,
      "geometry": {
        "type": "LineString",
        "coordinates": [
          [
            80.2491572,
            13.1224665
          ],
          [
            80.2499545,
            13.1221929
          ]
        ]
      },
      "properties": {
        "id": 1202708881,
        "osm_id": 1202708881,
        "name": "Vyasarpadi Canal",
        "waterway_type": "drain",
        "drain_type": "drain",
        "surface": "Data Unavailable",
        "tunnel": "no",
        "covered": "Data Unavailable",
        "capacity": "Data Unavailable",
        "flow_velocity": "Data Unavailable",
        "maintenance_status": "Data Unavailable",
        "condition": "Data Unavailable",
        "district": "Chennai",
        "source": "OpenStreetMap / Overpass API (OSM Contributors)",
        "data_source_type": "OpenStreetMap Verified Data"
      }
    },
    {
      "type": "Feature",
      "id": 1202708882,
      "geometry": {
        "type": "LineString",
        "coordinates": [
          [
            80.2499545,
            13.1221929
          ],
          [
            80.2500589,
            13.122157
          ]
        ]
      },
      "properties": {
        "id": 1202708882,
        "osm_id": 1202708882,
        "name": "Vyasarpadi Canal",
        "waterway_type": "drain",
        "drain_type": "drain",
        "surface": "Data Unavailable",
        "tunnel": "culvert",
        "covered": "Data Unavailable",
        "capacity": "Data Unavailable",
        "flow_velocity": "Data Unavailable",
        "maintenance_status": "Data Unavailable",
        "condition": "Data Unavailable",
        "district": "Chennai",
        "source": "OpenStreetMap / Overpass API (OSM Contributors)",
        "data_source_type": "OpenStreetMap Verified Data"
      }
    },
    {
      "type": "Feature",
      "id": 1205852871,
      "geometry": {
        "type": "LineString",
        "coordinates": [
          [
            80.2139517,
            13.1306212
          ],
          [
            80.213938,
            13.1306301
          ],
          [
            80.21381,
            13.1306317
          ],
          [
            80.2137223,
            13.1306394
          ],
          [
            80.2133488,
            13.1306556
          ],
          [
            80.2129429,
            13.1308808
          ],
          [
            80.2128425,
            13.1314079
          ]
        ]
      },
      "properties": {
        "id": 1205852871,
        "osm_id": 1205852871,
        "name": "Unnamed Drain",
        "waterway_type": "drain",
        "drain_type": "drain",
        "surface": "Data Unavailable",
        "tunnel": "no",
        "covered": "Data Unavailable",
        "capacity": "Data Unavailable",
        "flow_velocity": "Data Unavailable",
        "maintenance_status": "Data Unavailable",
        "condition": "Data Unavailable",
        "district": "Chennai",
        "source": "OpenStreetMap / Overpass API (OSM Contributors)",
        "data_source_type": "OpenStreetMap Verified Data"
      }
    },
    {
      "type": "Feature",
      "id": 1205852872,
      "geometry": {
        "type": "LineString",
        "coordinates": [
          [
            80.2140131,
            13.1305812
          ],
          [
            80.2139517,
            13.1306212
          ]
        ]
      },
      "properties": {
        "id": 1205852872,
        "osm_id": 1205852872,
        "name": "Unnamed Drain",
        "waterway_type": "drain",
        "drain_type": "drain",
        "surface": "Data Unavailable",
        "tunnel": "culvert",
        "covered": "Data Unavailable",
        "capacity": "Data Unavailable",
        "flow_velocity": "Data Unavailable",
        "maintenance_status": "Data Unavailable",
        "condition": "Data Unavailable",
        "district": "Chennai",
        "source": "OpenStreetMap / Overpass API (OSM Contributors)",
        "data_source_type": "OpenStreetMap Verified Data"
      }
    },
    {
      "type": "Feature",
      "id": 1205852875,
      "geometry": {
        "type": "LineString",
        "coordinates": [
          [
            80.214184,
            13.1304698
          ],
          [
            80.2140131,
            13.1305812
          ]
        ]
      },
      "properties": {
        "id": 1205852875,
        "osm_id": 1205852875,
        "name": "Unnamed Drain",
        "waterway_type": "drain",
        "drain_type": "drain",
        "surface": "Data Unavailable",
        "tunnel": "no",
        "covered": "Data Unavailable",
        "capacity": "Data Unavailable",
        "flow_velocity": "Data Unavailable",
        "maintenance_status": "Data Unavailable",
        "condition": "Data Unavailable",
        "district": "Chennai",
        "source": "OpenStreetMap / Overpass API (OSM Contributors)",
        "data_source_type": "OpenStreetMap Verified Data"
      }
    },
    {
      "type": "Feature",
      "id": 1205852876,
      "geometry": {
        "type": "LineString",
        "coordinates": [
          [
            80.2142455,
            13.1304297
          ],
          [
            80.214184,
            13.1304698
          ]
        ]
      },
      "properties": {
        "id": 1205852876,
        "osm_id": 1205852876,
        "name": "Unnamed Drain",
        "waterway_type": "drain",
        "drain_type": "drain",
        "surface": "Data Unavailable",
        "tunnel": "culvert",
        "covered": "Data Unavailable",
        "capacity": "Data Unavailable",
        "flow_velocity": "Data Unavailable",
        "maintenance_status": "Data Unavailable",
        "condition": "Data Unavailable",
        "district": "Chennai",
        "source": "OpenStreetMap / Overpass API (OSM Contributors)",
        "data_source_type": "OpenStreetMap Verified Data"
      }
    },
    {
      "type": "Feature",
      "id": 1205852879,
      "geometry": {
        "type": "LineString",
        "coordinates": [
          [
            80.2382655,
            13.1311647
          ],
          [
            80.2379826,
            13.1311326
          ],
          [
            80.2376785,
            13.1312915
          ],
          [
            80.2358044,
            13.1310655
          ],
          [
            80.2357123,
            13.1309553
          ],
          [
            80.235708,
            13.130872
          ],
          [
            80.235729,
            13.1305135
          ],
          [
            80.2357431,
            13.130416
          ],
          [
            80.2357335,
            13.130172
          ],
          [
            80.2357415,
            13.1300479
          ],
          [
            80.2357643,
            13.1295398
          ],
          [
            80.2356395,
            13.1294468
          ],
          [
            80.2342425,
            13.1293857
          ],
          [
            80.2334614,
            13.1293522
          ],
          [
            80.2326954,
            13.1292687
          ],
          [
            80.2312816,
            13.1284111
          ]
        ]
      },
      "properties": {
        "id": 1205852879,
        "osm_id": 1205852879,
        "name": "Unnamed Drain",
        "waterway_type": "drain",
        "drain_type": "drain",
        "surface": "Data Unavailable",
        "tunnel": "no",
        "covered": "Data Unavailable",
        "capacity": "Data Unavailable",
        "flow_velocity": "Data Unavailable",
        "maintenance_status": "Data Unavailable",
        "condition": "Data Unavailable",
        "district": "Chennai",
        "source": "OpenStreetMap / Overpass API (OSM Contributors)",
        "data_source_type": "OpenStreetMap Verified Data"
      }
    },
    {
      "type": "Feature",
      "id": 1205852880,
      "geometry": {
        "type": "LineString",
        "coordinates": [
          [
            80.2312816,
            13.1284111
          ],
          [
            80.2311931,
            13.1283575
          ]
        ]
      },
      "properties": {
        "id": 1205852880,
        "osm_id": 1205852880,
        "name": "Unnamed Drain",
        "waterway_type": "drain",
        "drain_type": "drain",
        "surface": "Data Unavailable",
        "tunnel": "culvert",
        "covered": "Data Unavailable",
        "capacity": "Data Unavailable",
        "flow_velocity": "Data Unavailable",
        "maintenance_status": "Data Unavailable",
        "condition": "Data Unavailable",
        "district": "Chennai",
        "source": "OpenStreetMap / Overpass API (OSM Contributors)",
        "data_source_type": "OpenStreetMap Verified Data"
      }
    },
    {
      "type": "Feature",
      "id": 1225579228,
      "geometry": {
        "type": "LineString",
        "coordinates": [
          [
            80.2122399,
            13.0252143
          ],
          [
            80.2120533,
            13.0252067
          ],
          [
            80.2115879,
            13.0250356
          ],
          [
            80.2115879,
            13.0249102
          ],
          [
            80.2110514,
            13.0246121
          ]
        ]
      },
      "properties": {
        "id": 1225579228,
        "osm_id": 1225579228,
        "name": "Jafferkhanpet Canal",
        "waterway_type": "canal",
        "drain_type": "canal",
        "surface": "Data Unavailable",
        "tunnel": "culvert",
        "covered": "Data Unavailable",
        "capacity": "Data Unavailable",
        "flow_velocity": "Data Unavailable",
        "maintenance_status": "Data Unavailable",
        "condition": "Data Unavailable",
        "district": "Chennai",
        "source": "OpenStreetMap / Overpass API (OSM Contributors)",
        "data_source_type": "OpenStreetMap Verified Data"
      }
    },
    {
      "type": "Feature",
      "id": 1225579229,
      "geometry": {
        "type": "LineString",
        "coordinates": [
          [
            80.2123777,
            13.0251977
          ],
          [
            80.2122399,
            13.0252143
          ]
        ]
      },
      "properties": {
        "id": 1225579229,
        "osm_id": 1225579229,
        "name": "Jafferkhanpet Canal",
        "waterway_type": "canal",
        "drain_type": "canal",
        "surface": "Data Unavailable",
        "tunnel": "culvert",
        "covered": "Data Unavailable",
        "capacity": "Data Unavailable",
        "flow_velocity": "Data Unavailable",
        "maintenance_status": "Data Unavailable",
        "condition": "Data Unavailable",
        "district": "Chennai",
        "source": "OpenStreetMap / Overpass API (OSM Contributors)",
        "data_source_type": "OpenStreetMap Verified Data"
      }
    },
    {
      "type": "Feature",
      "id": 1229272623,
      "geometry": {
        "type": "LineString",
        "coordinates": [
          [
            80.2409961,
            13.0287581
          ],
          [
            80.2409894,
            13.0287325
          ],
          [
            80.2403778,
            13.0260984
          ]
        ]
      },
      "properties": {
        "id": 1229272623,
        "osm_id": 1229272623,
        "name": "Unnamed Drain",
        "waterway_type": "drain",
        "drain_type": "drain",
        "surface": "Data Unavailable",
        "tunnel": "no",
        "covered": "Data Unavailable",
        "capacity": "Data Unavailable",
        "flow_velocity": "Data Unavailable",
        "maintenance_status": "Data Unavailable",
        "condition": "Data Unavailable",
        "district": "Chennai",
        "source": "OpenStreetMap / Overpass API (OSM Contributors)",
        "data_source_type": "OpenStreetMap Verified Data"
      }
    },
    {
      "type": "Feature",
      "id": 1229272624,
      "geometry": {
        "type": "LineString",
        "coordinates": [
          [
            80.2410215,
            13.0288542
          ],
          [
            80.2409961,
            13.0287581
          ]
        ]
      },
      "properties": {
        "id": 1229272624,
        "osm_id": 1229272624,
        "name": "Unnamed Drain",
        "waterway_type": "drain",
        "drain_type": "drain",
        "surface": "Data Unavailable",
        "tunnel": "culvert",
        "covered": "Data Unavailable",
        "capacity": "Data Unavailable",
        "flow_velocity": "Data Unavailable",
        "maintenance_status": "Data Unavailable",
        "condition": "Data Unavailable",
        "district": "Chennai",
        "source": "OpenStreetMap / Overpass API (OSM Contributors)",
        "data_source_type": "OpenStreetMap Verified Data"
      }
    },
    {
      "type": "Feature",
      "id": 1229272625,
      "geometry": {
        "type": "LineString",
        "coordinates": [
          [
            80.241806,
            13.0315962
          ],
          [
            80.2414479,
            13.0304369
          ]
        ]
      },
      "properties": {
        "id": 1229272625,
        "osm_id": 1229272625,
        "name": "Unnamed Drain",
        "waterway_type": "drain",
        "drain_type": "drain",
        "surface": "Data Unavailable",
        "tunnel": "no",
        "covered": "Data Unavailable",
        "capacity": "Data Unavailable",
        "flow_velocity": "Data Unavailable",
        "maintenance_status": "Data Unavailable",
        "condition": "Data Unavailable",
        "district": "Chennai",
        "source": "OpenStreetMap / Overpass API (OSM Contributors)",
        "data_source_type": "OpenStreetMap Verified Data"
      }
    },
    {
      "type": "Feature",
      "id": 1229272626,
      "geometry": {
        "type": "LineString",
        "coordinates": [
          [
            80.2414479,
            13.0304369
          ],
          [
            80.2414312,
            13.0303828
          ],
          [
            80.2414098,
            13.0303135
          ]
        ]
      },
      "properties": {
        "id": 1229272626,
        "osm_id": 1229272626,
        "name": "Unnamed Drain",
        "waterway_type": "drain",
        "drain_type": "drain",
        "surface": "Data Unavailable",
        "tunnel": "culvert",
        "covered": "Data Unavailable",
        "capacity": "Data Unavailable",
        "flow_velocity": "Data Unavailable",
        "maintenance_status": "Data Unavailable",
        "condition": "Data Unavailable",
        "district": "Chennai",
        "source": "OpenStreetMap / Overpass API (OSM Contributors)",
        "data_source_type": "OpenStreetMap Verified Data"
      }
    },
    {
      "type": "Feature",
      "id": 1232632860,
      "geometry": {
        "type": "LineString",
        "coordinates": [
          [
            80.1911155,
            12.9749956
          ],
          [
            80.191204,
            12.9753098
          ],
          [
            80.1912327,
            12.9753465
          ]
        ]
      },
      "properties": {
        "id": 1232632860,
        "osm_id": 1232632860,
        "name": "Veerangal Canal",
        "waterway_type": "drain",
        "drain_type": "drain",
        "surface": "Data Unavailable",
        "tunnel": "no",
        "covered": "Data Unavailable",
        "capacity": "Data Unavailable",
        "flow_velocity": "Data Unavailable",
        "maintenance_status": "Data Unavailable",
        "condition": "Data Unavailable",
        "district": "Chennai",
        "source": "OpenStreetMap / Overpass API (OSM Contributors)",
        "data_source_type": "OpenStreetMap Verified Data"
      }
    },
    {
      "type": "Feature",
      "id": 1232632861,
      "geometry": {
        "type": "LineString",
        "coordinates": [
          [
            80.1912327,
            12.9753465
          ],
          [
            80.1912645,
            12.9753871
          ]
        ]
      },
      "properties": {
        "id": 1232632861,
        "osm_id": 1232632861,
        "name": "Veerangal Canal",
        "waterway_type": "drain",
        "drain_type": "drain",
        "surface": "Data Unavailable",
        "tunnel": "culvert",
        "covered": "Data Unavailable",
        "capacity": "Data Unavailable",
        "flow_velocity": "Data Unavailable",
        "maintenance_status": "Data Unavailable",
        "condition": "Data Unavailable",
        "district": "Chennai",
        "source": "OpenStreetMap / Overpass API (OSM Contributors)",
        "data_source_type": "OpenStreetMap Verified Data"
      }
    },
    {
      "type": "Feature",
      "id": 1267739072,
      "geometry": {
        "type": "LineString",
        "coordinates": [
          [
            80.2456702,
            13.0514703
          ],
          [
            80.245747,
            13.0514485
          ]
        ]
      },
      "properties": {
        "id": 1267739072,
        "osm_id": 1267739072,
        "name": "Mambalam Canal",
        "waterway_type": "canal",
        "drain_type": "canal",
        "surface": "Data Unavailable",
        "tunnel": "culvert",
        "covered": "Data Unavailable",
        "capacity": "Data Unavailable",
        "flow_velocity": "Data Unavailable",
        "maintenance_status": "Data Unavailable",
        "condition": "Data Unavailable",
        "district": "Chennai",
        "source": "OpenStreetMap / Overpass API (OSM Contributors)",
        "data_source_type": "OpenStreetMap Verified Data"
      }
    },
    {
      "type": "Feature",
      "id": 1267739073,
      "geometry": {
        "type": "LineString",
        "coordinates": [
          [
            80.243193,
            13.0524103
          ],
          [
            80.2448212,
            13.0519358
          ],
          [
            80.2450061,
            13.0518017
          ],
          [
            80.2456702,
            13.0514703
          ]
        ]
      },
      "properties": {
        "id": 1267739073,
        "osm_id": 1267739073,
        "name": "Mambalam Canal",
        "waterway_type": "canal",
        "drain_type": "canal",
        "surface": "Data Unavailable",
        "tunnel": "no",
        "covered": "Data Unavailable",
        "capacity": "Data Unavailable",
        "flow_velocity": "Data Unavailable",
        "maintenance_status": "Data Unavailable",
        "condition": "Data Unavailable",
        "district": "Chennai",
        "source": "OpenStreetMap / Overpass API (OSM Contributors)",
        "data_source_type": "OpenStreetMap Verified Data"
      }
    },
    {
      "type": "Feature",
      "id": 1272450537,
      "geometry": {
        "type": "LineString",
        "coordinates": [
          [
            80.2467588,
            13.0429537
          ],
          [
            80.2464322,
            13.0413913
          ],
          [
            80.2463936,
            13.0411727
          ],
          [
            80.2458751,
            13.0395267
          ]
        ]
      },
      "properties": {
        "id": 1272450537,
        "osm_id": 1272450537,
        "name": "Mambalam Canal",
        "waterway_type": "canal",
        "drain_type": "canal",
        "surface": "Data Unavailable",
        "tunnel": "no",
        "covered": "Data Unavailable",
        "capacity": "Data Unavailable",
        "flow_velocity": "Data Unavailable",
        "maintenance_status": "Data Unavailable",
        "condition": "Data Unavailable",
        "district": "Chennai",
        "source": "OpenStreetMap / Overpass API (OSM Contributors)",
        "data_source_type": "OpenStreetMap Verified Data"
      }
    },
    {
      "type": "Feature",
      "id": 1272450538,
      "geometry": {
        "type": "LineString",
        "coordinates": [
          [
            80.2467912,
            13.0430535
          ],
          [
            80.2467588,
            13.0429537
          ]
        ]
      },
      "properties": {
        "id": 1272450538,
        "osm_id": 1272450538,
        "name": "Mambalam Canal",
        "waterway_type": "canal",
        "drain_type": "canal",
        "surface": "Data Unavailable",
        "tunnel": "culvert",
        "covered": "Data Unavailable",
        "capacity": "Data Unavailable",
        "flow_velocity": "Data Unavailable",
        "maintenance_status": "Data Unavailable",
        "condition": "Data Unavailable",
        "district": "Chennai",
        "source": "OpenStreetMap / Overpass API (OSM Contributors)",
        "data_source_type": "OpenStreetMap Verified Data"
      }
    },
    {
      "type": "Feature",
      "id": 1272450539,
      "geometry": {
        "type": "LineString",
        "coordinates": [
          [
            80.2458751,
            13.0395267
          ],
          [
            80.2457923,
            13.0393161
          ]
        ]
      },
      "properties": {
        "id": 1272450539,
        "osm_id": 1272450539,
        "name": "Mambalam Canal",
        "waterway_type": "canal",
        "drain_type": "canal",
        "surface": "Data Unavailable",
        "tunnel": "culvert",
        "covered": "Data Unavailable",
        "capacity": "Data Unavailable",
        "flow_velocity": "Data Unavailable",
        "maintenance_status": "Data Unavailable",
        "condition": "Data Unavailable",
        "district": "Chennai",
        "source": "OpenStreetMap / Overpass API (OSM Contributors)",
        "data_source_type": "OpenStreetMap Verified Data"
      }
    },
    {
      "type": "Feature",
      "id": 1272450540,
      "geometry": {
        "type": "LineString",
        "coordinates": [
          [
            80.245747,
            13.0514485
          ],
          [
            80.2463081,
            13.0512891
          ],
          [
            80.2466403,
            13.0511735
          ],
          [
            80.2467992,
            13.0509929
          ],
          [
            80.2472184,
            13.050012
          ],
          [
            80.2471976,
            13.0498216
          ],
          [
            80.2469932,
            13.0494763
          ],
          [
            80.2470507,
            13.0493951
          ],
          [
            80.2471327,
            13.0491891
          ],
          [
            80.2470421,
            13.049037
          ],
          [
            80.2469658,
            13.0488741
          ],
          [
            80.2468374,
            13.048725
          ],
          [
            80.2467208,
            13.0485566
          ],
          [
            80.2466443,
            13.0483717
          ],
          [
            80.2467396,
            13.0481491
          ],
          [
            80.2468931,
            13.0477715
          ],
          [
            80.2469955,
            13.0465482
          ],
          [
            80.2471399,
            13.0451029
          ],
          [
            80.2470395,
            13.0440574
          ],
          [
            80.2467912,
            13.0430535
          ]
        ]
      },
      "properties": {
        "id": 1272450540,
        "osm_id": 1272450540,
        "name": "Mambalam Canal",
        "waterway_type": "canal",
        "drain_type": "canal",
        "surface": "Data Unavailable",
        "tunnel": "no",
        "covered": "Data Unavailable",
        "capacity": "Data Unavailable",
        "flow_velocity": "Data Unavailable",
        "maintenance_status": "Data Unavailable",
        "condition": "Data Unavailable",
        "district": "Chennai",
        "source": "OpenStreetMap / Overpass API (OSM Contributors)",
        "data_source_type": "OpenStreetMap Verified Data"
      }
    },
    {
      "type": "Feature",
      "id": 1281940340,
      "geometry": {
        "type": "LineString",
        "coordinates": [
          [
            80.2170843,
            13.0630936
          ],
          [
            80.2170394,
            13.0634429
          ],
          [
            80.2171272,
            13.0636705
          ],
          [
            80.217201,
            13.0641651
          ],
          [
            80.2172131,
            13.0645651
          ],
          [
            80.2169933,
            13.0649773
          ],
          [
            80.216927,
            13.0651026
          ],
          [
            80.2168354,
            13.0652189
          ],
          [
            80.2167747,
            13.0653443
          ],
          [
            80.2167763,
            13.0654872
          ],
          [
            80.2168628,
            13.06567
          ],
          [
            80.2169843,
            13.0657035
          ],
          [
            80.217977,
            13.0655266
          ],
          [
            80.21808,
            13.0656688
          ],
          [
            80.2181074,
            13.0659862
          ],
          [
            80.2180628,
            13.0661704
          ],
          [
            80.2179598,
            13.0662457
          ],
          [
            80.2176681,
            13.0663585
          ],
          [
            80.2175759,
            13.0663886
          ],
          [
            80.2172085,
            13.066471
          ],
          [
            80.2171879,
            13.066627
          ],
          [
            80.2174105,
            13.0675583
          ],
          [
            80.2177968,
            13.0677519
          ],
          [
            80.2182246,
            13.0680871
          ],
          [
            80.2190212,
            13.0681197
          ],
          [
            80.2196936,
            13.0680767
          ],
          [
            80.2202429,
            13.0680014
          ],
          [
            80.220406,
            13.0682523
          ],
          [
            80.220509,
            13.0688375
          ],
          [
            80.2205462,
            13.068988
          ],
          [
            80.2208234,
            13.0691495
          ],
          [
            80.2211428,
            13.0690423
          ],
          [
            80.2216007,
            13.0686933
          ],
          [
            80.2218479,
            13.0681937
          ],
          [
            80.222526,
            13.0676921
          ],
          [
            80.2229036,
            13.06755
          ],
          [
            80.2231354,
            13.0677005
          ],
          [
            80.2234015,
            13.0677005
          ],
          [
            80.2243456,
            13.0673409
          ],
          [
            80.2245602,
            13.0673827
          ],
          [
            80.2259592,
            13.0669731
          ],
          [
            80.2261566,
            13.0670567
          ],
          [
            80.226839,
            13.067105
          ],
          [
            80.2271008,
            13.0671236
          ],
          [
            80.2272843,
            13.0670762
          ],
          [
            80.2275213,
            13.0670149
          ],
          [
            80.2278732,
            13.0669647
          ],
          [
            80.2281822,
            13.0672991
          ],
          [
            80.2283539,
            13.0677924
          ],
          [
            80.2284138,
            13.0680158
          ],
          [
            80.2284782,
            13.0681791
          ]
        ]
      },
      "properties": {
        "id": 1281940340,
        "osm_id": 1281940340,
        "name": "Virugambakkam Canal",
        "waterway_type": "canal",
        "drain_type": "canal",
        "surface": "Data Unavailable",
        "tunnel": "no",
        "covered": "Data Unavailable",
        "capacity": "Data Unavailable",
        "flow_velocity": "Data Unavailable",
        "maintenance_status": "Data Unavailable",
        "condition": "Data Unavailable",
        "district": "Chennai",
        "source": "OpenStreetMap / Overpass API (OSM Contributors)",
        "data_source_type": "OpenStreetMap Verified Data"
      }
    },
    {
      "type": "Feature",
      "id": 1282455638,
      "geometry": {
        "type": "LineString",
        "coordinates": [
          [
            80.1994474,
            13.1200111
          ],
          [
            80.1995034,
            13.1199341
          ],
          [
            80.1997555,
            13.1197134
          ],
          [
            80.1997287,
            13.1192118
          ],
          [
            80.1992781,
            13.118465
          ],
          [
            80.1987229,
            13.1184624
          ]
        ]
      },
      "properties": {
        "id": 1282455638,
        "osm_id": 1282455638,
        "name": "Unnamed Drain",
        "waterway_type": "drain",
        "drain_type": "drain",
        "surface": "Data Unavailable",
        "tunnel": "no",
        "covered": "Data Unavailable",
        "capacity": "Data Unavailable",
        "flow_velocity": "Data Unavailable",
        "maintenance_status": "Data Unavailable",
        "condition": "Data Unavailable",
        "district": "Chennai",
        "source": "OpenStreetMap / Overpass API (OSM Contributors)",
        "data_source_type": "OpenStreetMap Verified Data"
      }
    },
    {
      "type": "Feature",
      "id": 1282455639,
      "geometry": {
        "type": "LineString",
        "coordinates": [
          [
            80.1991234,
            13.1203734
          ],
          [
            80.1989777,
            13.1206538
          ],
          [
            80.1987631,
            13.1209045
          ],
          [
            80.1984627,
            13.1213225
          ],
          [
            80.1980765,
            13.1217875
          ]
        ]
      },
      "properties": {
        "id": 1282455639,
        "osm_id": 1282455639,
        "name": "Unnamed Drain",
        "waterway_type": "drain",
        "drain_type": "drain",
        "surface": "Data Unavailable",
        "tunnel": "no",
        "covered": "Data Unavailable",
        "capacity": "Data Unavailable",
        "flow_velocity": "Data Unavailable",
        "maintenance_status": "Data Unavailable",
        "condition": "Data Unavailable",
        "district": "Chennai",
        "source": "OpenStreetMap / Overpass API (OSM Contributors)",
        "data_source_type": "OpenStreetMap Verified Data"
      }
    },
    {
      "type": "Feature",
      "id": 1282455640,
      "geometry": {
        "type": "LineString",
        "coordinates": [
          [
            80.1991234,
            13.1203734
          ],
          [
            80.1992644,
            13.1201913
          ]
        ]
      },
      "properties": {
        "id": 1282455640,
        "osm_id": 1282455640,
        "name": "Unnamed Drain",
        "waterway_type": "drain",
        "drain_type": "drain",
        "surface": "Data Unavailable",
        "tunnel": "culvert",
        "covered": "Data Unavailable",
        "capacity": "Data Unavailable",
        "flow_velocity": "Data Unavailable",
        "maintenance_status": "Data Unavailable",
        "condition": "Data Unavailable",
        "district": "Chennai",
        "source": "OpenStreetMap / Overpass API (OSM Contributors)",
        "data_source_type": "OpenStreetMap Verified Data"
      }
    },
    {
      "type": "Feature",
      "id": 1283482441,
      "geometry": {
        "type": "LineString",
        "coordinates": [
          [
            80.1930802,
            13.1300562
          ],
          [
            80.1927163,
            13.130942
          ],
          [
            80.1923569,
            13.1318263
          ],
          [
            80.1922416,
            13.1322592
          ],
          [
            80.1920082,
            13.1327403
          ],
          [
            80.1919529,
            13.132865
          ]
        ]
      },
      "properties": {
        "id": 1283482441,
        "osm_id": 1283482441,
        "name": "Unnamed Drain",
        "waterway_type": "drain",
        "drain_type": "drain",
        "surface": "Data Unavailable",
        "tunnel": "covered",
        "covered": "Data Unavailable",
        "capacity": "Data Unavailable",
        "flow_velocity": "Data Unavailable",
        "maintenance_status": "Data Unavailable",
        "condition": "Data Unavailable",
        "district": "Chennai",
        "source": "OpenStreetMap / Overpass API (OSM Contributors)",
        "data_source_type": "OpenStreetMap Verified Data"
      }
    },
    {
      "type": "Feature",
      "id": 1283482442,
      "geometry": {
        "type": "LineString",
        "coordinates": [
          [
            80.1919116,
            13.132958
          ],
          [
            80.1918339,
            13.1331332
          ],
          [
            80.1917949,
            13.1337512
          ]
        ]
      },
      "properties": {
        "id": 1283482442,
        "osm_id": 1283482442,
        "name": "Unnamed Drain",
        "waterway_type": "drain",
        "drain_type": "drain",
        "surface": "Data Unavailable",
        "tunnel": "culvert",
        "covered": "Data Unavailable",
        "capacity": "Data Unavailable",
        "flow_velocity": "Data Unavailable",
        "maintenance_status": "Data Unavailable",
        "condition": "Data Unavailable",
        "district": "Chennai",
        "source": "OpenStreetMap / Overpass API (OSM Contributors)",
        "data_source_type": "OpenStreetMap Verified Data"
      }
    },
    {
      "type": "Feature",
      "id": 1283482443,
      "geometry": {
        "type": "LineString",
        "coordinates": [
          [
            80.1919529,
            13.132865
          ],
          [
            80.1919116,
            13.132958
          ]
        ]
      },
      "properties": {
        "id": 1283482443,
        "osm_id": 1283482443,
        "name": "Unnamed Drain",
        "waterway_type": "drain",
        "drain_type": "drain",
        "surface": "Data Unavailable",
        "tunnel": "culvert",
        "covered": "Data Unavailable",
        "capacity": "Data Unavailable",
        "flow_velocity": "Data Unavailable",
        "maintenance_status": "Data Unavailable",
        "condition": "Data Unavailable",
        "district": "Chennai",
        "source": "OpenStreetMap / Overpass API (OSM Contributors)",
        "data_source_type": "OpenStreetMap Verified Data"
      }
    },
    {
      "type": "Feature",
      "id": 1283482444,
      "geometry": {
        "type": "LineString",
        "coordinates": [
          [
            80.1933374,
            13.1294301
          ],
          [
            80.1931185,
            13.1299629
          ]
        ]
      },
      "properties": {
        "id": 1283482444,
        "osm_id": 1283482444,
        "name": "Unnamed Drain",
        "waterway_type": "drain",
        "drain_type": "drain",
        "surface": "Data Unavailable",
        "tunnel": "covered",
        "covered": "Data Unavailable",
        "capacity": "Data Unavailable",
        "flow_velocity": "Data Unavailable",
        "maintenance_status": "Data Unavailable",
        "condition": "Data Unavailable",
        "district": "Chennai",
        "source": "OpenStreetMap / Overpass API (OSM Contributors)",
        "data_source_type": "OpenStreetMap Verified Data"
      }
    },
    {
      "type": "Feature",
      "id": 1283482445,
      "geometry": {
        "type": "LineString",
        "coordinates": [
          [
            80.1930802,
            13.1300562
          ],
          [
            80.1931185,
            13.1299629
          ]
        ]
      },
      "properties": {
        "id": 1283482445,
        "osm_id": 1283482445,
        "name": "Unnamed Drain",
        "waterway_type": "drain",
        "drain_type": "drain",
        "surface": "Data Unavailable",
        "tunnel": "culvert",
        "covered": "Data Unavailable",
        "capacity": "Data Unavailable",
        "flow_velocity": "Data Unavailable",
        "maintenance_status": "Data Unavailable",
        "condition": "Data Unavailable",
        "district": "Chennai",
        "source": "OpenStreetMap / Overpass API (OSM Contributors)",
        "data_source_type": "OpenStreetMap Verified Data"
      }
    },
    {
      "type": "Feature",
      "id": 1283482446,
      "geometry": {
        "type": "LineString",
        "coordinates": [
          [
            80.195289,
            13.1251279
          ],
          [
            80.1950798,
            13.1254127
          ],
          [
            80.1949849,
            13.125591
          ],
          [
            80.1944914,
            13.1267541
          ],
          [
            80.1941829,
            13.1275146
          ]
        ]
      },
      "properties": {
        "id": 1283482446,
        "osm_id": 1283482446,
        "name": "Unnamed Drain",
        "waterway_type": "drain",
        "drain_type": "drain",
        "surface": "Data Unavailable",
        "tunnel": "covered",
        "covered": "Data Unavailable",
        "capacity": "Data Unavailable",
        "flow_velocity": "Data Unavailable",
        "maintenance_status": "Data Unavailable",
        "condition": "Data Unavailable",
        "district": "Chennai",
        "source": "OpenStreetMap / Overpass API (OSM Contributors)",
        "data_source_type": "OpenStreetMap Verified Data"
      }
    },
    {
      "type": "Feature",
      "id": 1283482447,
      "geometry": {
        "type": "LineString",
        "coordinates": [
          [
            80.1980765,
            13.1217875
          ],
          [
            80.1977576,
            13.1221076
          ],
          [
            80.1973865,
            13.1225636
          ],
          [
            80.197011,
            13.1230337
          ],
          [
            80.1966033,
            13.1235638
          ],
          [
            80.196378,
            13.1238537
          ],
          [
            80.1959139,
            13.124373
          ],
          [
            80.1954741,
            13.1249007
          ],
          [
            80.195289,
            13.1251279
          ]
        ]
      },
      "properties": {
        "id": 1283482447,
        "osm_id": 1283482447,
        "name": "Unnamed Drain",
        "waterway_type": "drain",
        "drain_type": "drain",
        "surface": "Data Unavailable",
        "tunnel": "covered",
        "covered": "Data Unavailable",
        "capacity": "Data Unavailable",
        "flow_velocity": "Data Unavailable",
        "maintenance_status": "Data Unavailable",
        "condition": "Data Unavailable",
        "district": "Chennai",
        "source": "OpenStreetMap / Overpass API (OSM Contributors)",
        "data_source_type": "OpenStreetMap Verified Data"
      }
    },
    {
      "type": "Feature",
      "id": 1283491480,
      "geometry": {
        "type": "LineString",
        "coordinates": [
          [
            80.1993114,
            13.1201335
          ],
          [
            80.1994474,
            13.1200111
          ]
        ]
      },
      "properties": {
        "id": 1283491480,
        "osm_id": 1283491480,
        "name": "Unnamed Drain",
        "waterway_type": "drain",
        "drain_type": "drain",
        "surface": "Data Unavailable",
        "tunnel": "culvert",
        "covered": "Data Unavailable",
        "capacity": "Data Unavailable",
        "flow_velocity": "Data Unavailable",
        "maintenance_status": "Data Unavailable",
        "condition": "Data Unavailable",
        "district": "Chennai",
        "source": "OpenStreetMap / Overpass API (OSM Contributors)",
        "data_source_type": "OpenStreetMap Verified Data"
      }
    },
    {
      "type": "Feature",
      "id": 1283491481,
      "geometry": {
        "type": "LineString",
        "coordinates": [
          [
            80.1992644,
            13.1201913
          ],
          [
            80.1993114,
            13.1201335
          ]
        ]
      },
      "properties": {
        "id": 1283491481,
        "osm_id": 1283491481,
        "name": "Unnamed Drain",
        "waterway_type": "drain",
        "drain_type": "drain",
        "surface": "Data Unavailable",
        "tunnel": "no",
        "covered": "Data Unavailable",
        "capacity": "Data Unavailable",
        "flow_velocity": "Data Unavailable",
        "maintenance_status": "Data Unavailable",
        "condition": "Data Unavailable",
        "district": "Chennai",
        "source": "OpenStreetMap / Overpass API (OSM Contributors)",
        "data_source_type": "OpenStreetMap Verified Data"
      }
    },
    {
      "type": "Feature",
      "id": 1284526464,
      "geometry": {
        "type": "LineString",
        "coordinates": [
          [
            80.2175961,
            13.0626145
          ],
          [
            80.2170843,
            13.0630936
          ]
        ]
      },
      "properties": {
        "id": 1284526464,
        "osm_id": 1284526464,
        "name": "Virugambakkam Canal",
        "waterway_type": "canal",
        "drain_type": "canal",
        "surface": "Data Unavailable",
        "tunnel": "yes",
        "covered": "Data Unavailable",
        "capacity": "Data Unavailable",
        "flow_velocity": "Data Unavailable",
        "maintenance_status": "Data Unavailable",
        "condition": "Data Unavailable",
        "district": "Chennai",
        "source": "OpenStreetMap / Overpass API (OSM Contributors)",
        "data_source_type": "OpenStreetMap Verified Data"
      }
    },
    {
      "type": "Feature",
      "id": 1284526465,
      "geometry": {
        "type": "LineString",
        "coordinates": [
          [
            80.2118433,
            13.0612364
          ],
          [
            80.2123013,
            13.061502
          ],
          [
            80.2129473,
            13.0617391
          ],
          [
            80.2145642,
            13.0616661
          ],
          [
            80.2158774,
            13.0615825
          ],
          [
            80.2163834,
            13.0614803
          ],
          [
            80.2166669,
            13.0614837
          ],
          [
            80.2169641,
            13.0615853
          ],
          [
            80.2172676,
            13.0615792
          ],
          [
            80.2175444,
            13.0617422
          ],
          [
            80.2178209,
            13.0620688
          ],
          [
            80.2178338,
            13.0623813
          ],
          [
            80.2175961,
            13.0626145
          ]
        ]
      },
      "properties": {
        "id": 1284526465,
        "osm_id": 1284526465,
        "name": "Virugambakkam Canal",
        "waterway_type": "canal",
        "drain_type": "canal",
        "surface": "Data Unavailable",
        "tunnel": "no",
        "covered": "Data Unavailable",
        "capacity": "Data Unavailable",
        "flow_velocity": "Data Unavailable",
        "maintenance_status": "Data Unavailable",
        "condition": "Data Unavailable",
        "district": "Chennai",
        "source": "OpenStreetMap / Overpass API (OSM Contributors)",
        "data_source_type": "OpenStreetMap Verified Data"
      }
    },
    {
      "type": "Feature",
      "id": 1285452579,
      "geometry": {
        "type": "LineString",
        "coordinates": [
          [
            80.2005934,
            13.1251109
          ],
          [
            80.1995973,
            13.1251847
          ]
        ]
      },
      "properties": {
        "id": 1285452579,
        "osm_id": 1285452579,
        "name": "Unnamed Drain",
        "waterway_type": "drain",
        "drain_type": "drain",
        "surface": "Data Unavailable",
        "tunnel": "covered",
        "covered": "yes",
        "capacity": "Data Unavailable",
        "flow_velocity": "Data Unavailable",
        "maintenance_status": "Data Unavailable",
        "condition": "Data Unavailable",
        "district": "Chennai",
        "source": "OpenStreetMap / Overpass API (OSM Contributors)",
        "data_source_type": "OpenStreetMap Verified Data"
      }
    },
    {
      "type": "Feature",
      "id": 1285452580,
      "geometry": {
        "type": "LineString",
        "coordinates": [
          [
            80.2004289,
            13.1247322
          ],
          [
            80.1996215,
            13.1247936
          ]
        ]
      },
      "properties": {
        "id": 1285452580,
        "osm_id": 1285452580,
        "name": "Unnamed Drain",
        "waterway_type": "drain",
        "drain_type": "drain",
        "surface": "Data Unavailable",
        "tunnel": "covered",
        "covered": "Data Unavailable",
        "capacity": "Data Unavailable",
        "flow_velocity": "Data Unavailable",
        "maintenance_status": "Data Unavailable",
        "condition": "Data Unavailable",
        "district": "Chennai",
        "source": "OpenStreetMap / Overpass API (OSM Contributors)",
        "data_source_type": "OpenStreetMap Verified Data"
      }
    },
    {
      "type": "Feature",
      "id": 1285452581,
      "geometry": {
        "type": "LineString",
        "coordinates": [
          [
            80.1996168,
            13.124405
          ],
          [
            80.1996054,
            13.1247949
          ],
          [
            80.1995966,
            13.1250828
          ],
          [
            80.199596,
            13.1251024
          ],
          [
            80.1995973,
            13.1251847
          ],
          [
            80.1996018,
            13.125461
          ],
          [
            80.1996018,
            13.1254629
          ],
          [
            80.1996027,
            13.1255157
          ]
        ]
      },
      "properties": {
        "id": 1285452581,
        "osm_id": 1285452581,
        "name": "Unnamed Drain",
        "waterway_type": "drain",
        "drain_type": "drain",
        "surface": "Data Unavailable",
        "tunnel": "covered",
        "covered": "Data Unavailable",
        "capacity": "Data Unavailable",
        "flow_velocity": "Data Unavailable",
        "maintenance_status": "Data Unavailable",
        "condition": "Data Unavailable",
        "district": "Chennai",
        "source": "OpenStreetMap / Overpass API (OSM Contributors)",
        "data_source_type": "OpenStreetMap Verified Data"
      }
    },
    {
      "type": "Feature",
      "id": 1285452582,
      "geometry": {
        "type": "LineString",
        "coordinates": [
          [
            80.2015071,
            13.1254726
          ],
          [
            80.2014626,
            13.1254787
          ],
          [
            80.2014307,
            13.125483
          ],
          [
            80.2013339,
            13.1254837
          ],
          [
            80.2012373,
            13.1254844
          ],
          [
            80.2011367,
            13.1254851
          ],
          [
            80.2010484,
            13.1254857
          ],
          [
            80.2009644,
            13.1254879
          ],
          [
            80.2008685,
            13.1254905
          ],
          [
            80.2007847,
            13.1254927
          ],
          [
            80.2007042,
            13.1254949
          ],
          [
            80.200659,
            13.1254961
          ],
          [
            80.2006023,
            13.1254971
          ],
          [
            80.200491,
            13.125499
          ],
          [
            80.2003991,
            13.1255006
          ],
          [
            80.2002892,
            13.1255026
          ],
          [
            80.2001913,
            13.1255043
          ],
          [
            80.2000954,
            13.125506
          ],
          [
            80.1999921,
            13.1255078
          ],
          [
            80.199899,
            13.1255092
          ],
          [
            80.1997977,
            13.1255114
          ],
          [
            80.1997065,
            13.1255134
          ],
          [
            80.1996027,
            13.1255157
          ],
          [
            80.1995307,
            13.1255171
          ],
          [
            80.1994644,
            13.1255184
          ],
          [
            80.1993772,
            13.12552
          ],
          [
            80.1992646,
            13.1255221
          ],
          [
            80.1978755,
            13.1255483
          ]
        ]
      },
      "properties": {
        "id": 1285452582,
        "osm_id": 1285452582,
        "name": "Unnamed Drain",
        "waterway_type": "drain",
        "drain_type": "drain",
        "surface": "Data Unavailable",
        "tunnel": "covered",
        "covered": "Data Unavailable",
        "capacity": "Data Unavailable",
        "flow_velocity": "Data Unavailable",
        "maintenance_status": "Data Unavailable",
        "condition": "Data Unavailable",
        "district": "Chennai",
        "source": "OpenStreetMap / Overpass API (OSM Contributors)",
        "data_source_type": "OpenStreetMap Verified Data"
      }
    },
    {
      "type": "Feature",
      "id": 1285452583,
      "geometry": {
        "type": "LineString",
        "coordinates": [
          [
            80.1992765,
            13.1269053
          ],
          [
            80.1998607,
            13.1268936
          ],
          [
            80.2007157,
            13.1268688
          ],
          [
            80.2009547,
            13.1268609
          ],
          [
            80.2015428,
            13.1268479
          ]
        ]
      },
      "properties": {
        "id": 1285452583,
        "osm_id": 1285452583,
        "name": "Unnamed Drain",
        "waterway_type": "drain",
        "drain_type": "drain",
        "surface": "Data Unavailable",
        "tunnel": "covered",
        "covered": "Data Unavailable",
        "capacity": "Data Unavailable",
        "flow_velocity": "Data Unavailable",
        "maintenance_status": "Data Unavailable",
        "condition": "Data Unavailable",
        "district": "Chennai",
        "source": "OpenStreetMap / Overpass API (OSM Contributors)",
        "data_source_type": "OpenStreetMap Verified Data"
      }
    },
    {
      "type": "Feature",
      "id": 1285452584,
      "geometry": {
        "type": "LineString",
        "coordinates": [
          [
            80.1997188,
            13.1261191
          ],
          [
            80.2010978,
            13.1260473
          ],
          [
            80.2015068,
            13.126059
          ]
        ]
      },
      "properties": {
        "id": 1285452584,
        "osm_id": 1285452584,
        "name": "Unnamed Drain",
        "waterway_type": "drain",
        "drain_type": "drain",
        "surface": "Data Unavailable",
        "tunnel": "covered",
        "covered": "Data Unavailable",
        "capacity": "Data Unavailable",
        "flow_velocity": "Data Unavailable",
        "maintenance_status": "Data Unavailable",
        "condition": "Data Unavailable",
        "district": "Chennai",
        "source": "OpenStreetMap / Overpass API (OSM Contributors)",
        "data_source_type": "OpenStreetMap Verified Data"
      }
    },
    {
      "type": "Feature",
      "id": 1285521228,
      "geometry": {
        "type": "LineString",
        "coordinates": [
          [
            80.2060847,
            13.1305943
          ],
          [
            80.2059644,
            13.1306141
          ],
          [
            80.2058995,
            13.1306245
          ],
          [
            80.2058382,
            13.1306346
          ],
          [
            80.2057678,
            13.1306482
          ],
          [
            80.2057584,
            13.1306422
          ],
          [
            80.2057505,
            13.1306513
          ],
          [
            80.2057059,
            13.1306565
          ],
          [
            80.2056498,
            13.1306658
          ],
          [
            80.2055611,
            13.1306804
          ],
          [
            80.2054778,
            13.1306936
          ],
          [
            80.2054563,
            13.1307153
          ],
          [
            80.2054189,
            13.1307223
          ],
          [
            80.2053964,
            13.1307084
          ],
          [
            80.2053001,
            13.1307249
          ],
          [
            80.2052146,
            13.1307372
          ],
          [
            80.2051343,
            13.1307487
          ],
          [
            80.2050612,
            13.1307592
          ],
          [
            80.2049882,
            13.1307697
          ],
          [
            80.2049615,
            13.1307735
          ],
          [
            80.2049324,
            13.1307777
          ],
          [
            80.204903,
            13.1307819
          ],
          [
            80.2048713,
            13.1307865
          ],
          [
            80.2048394,
            13.1307911
          ],
          [
            80.2048105,
            13.1307952
          ],
          [
            80.2047452,
            13.1308046
          ],
          [
            80.2046819,
            13.1308137
          ],
          [
            80.2046258,
            13.1308244
          ],
          [
            80.204595,
            13.1308303
          ],
          [
            80.2045702,
            13.130835
          ],
          [
            80.2045415,
            13.1308404
          ],
          [
            80.2045154,
            13.1308454
          ],
          [
            80.2044852,
            13.1308512
          ],
          [
            80.2044572,
            13.1308565
          ],
          [
            80.2044271,
            13.130862
          ],
          [
            80.2043989,
            13.1308668
          ],
          [
            80.2043673,
            13.1308721
          ],
          [
            80.2043384,
            13.130877
          ],
          [
            80.2043083,
            13.130882
          ],
          [
            80.2042806,
            13.1308867
          ],
          [
            80.2042291,
            13.1308954
          ],
          [
            80.2042005,
            13.1309002
          ],
          [
            80.2041718,
            13.130905
          ],
          [
            80.2041416,
            13.1309101
          ],
          [
            80.2041141,
            13.1309148
          ],
          [
            80.2040877,
            13.1309192
          ],
          [
            80.2040554,
            13.1309247
          ],
          [
            80.204032,
            13.1309286
          ],
          [
            80.2040085,
            13.1309326
          ],
          [
            80.2039803,
            13.1309373
          ],
          [
            80.2039505,
            13.1309424
          ],
          [
            80.2039214,
            13.1309473
          ],
          [
            80.2038771,
            13.1309548
          ],
          [
            80.2038497,
            13.1309598
          ],
          [
            80.2038168,
            13.1309658
          ],
          [
            80.2037897,
            13.1309707
          ],
          [
            80.2037513,
            13.1309776
          ],
          [
            80.2037203,
            13.1309833
          ],
          [
            80.2036868,
            13.1309893
          ],
          [
            80.203657,
            13.1309947
          ],
          [
            80.2036265,
            13.1310002
          ],
          [
            80.2036036,
            13.1310044
          ],
          [
            80.203575,
            13.130996
          ],
          [
            80.2035437,
            13.1309868
          ],
          [
            80.2034919,
            13.1309717
          ],
          [
            80.2034627,
            13.1309631
          ],
          [
            80.2034291,
            13.1309533
          ],
          [
            80.2033997,
            13.1309447
          ],
          [
            80.2033686,
            13.1309355
          ],
          [
            80.2033387,
            13.1309268
          ],
          [
            80.203311,
            13.1309187
          ],
          [
            80.2032796,
            13.1309094
          ],
          [
            80.203249,
            13.1309005
          ],
          [
            80.2032165,
            13.130891
          ],
          [
            80.20319,
            13.1308832
          ],
          [
            80.2031609,
            13.1308747
          ],
          [
            80.2031209,
            13.1308629
          ],
          [
            80.2030806,
            13.1308511
          ],
          [
            80.203048,
            13.1308416
          ],
          [
            80.2030242,
            13.1308346
          ],
          [
            80.2029966,
            13.1308281
          ],
          [
            80.2029659,
            13.1308208
          ],
          [
            80.2029404,
            13.1308147
          ],
          [
            80.2029118,
            13.1308079
          ],
          [
            80.2028853,
            13.1308017
          ],
          [
            80.2028512,
            13.1307936
          ],
          [
            80.2028288,
            13.1307883
          ],
          [
            80.2028051,
            13.1307822
          ],
          [
            80.2027859,
            13.1307776
          ],
          [
            80.2027634,
            13.1307723
          ],
          [
            80.2027458,
            13.1307681
          ],
          [
            80.2027256,
            13.1307634
          ],
          [
            80.2027066,
            13.1307589
          ],
          [
            80.2026877,
            13.1307544
          ],
          [
            80.2026604,
            13.130748
          ],
          [
            80.2026405,
            13.1307433
          ],
          [
            80.2026199,
            13.1307384
          ],
          [
            80.202601,
            13.130734
          ],
          [
            80.2025815,
            13.1307293
          ],
          [
            80.2025593,
            13.1307241
          ],
          [
            80.2025387,
            13.1307193
          ],
          [
            80.2025203,
            13.1307149
          ],
          [
            80.2024998,
            13.13071
          ],
          [
            80.2024812,
            13.1307057
          ],
          [
            80.2024628,
            13.1307013
          ],
          [
            80.2024415,
            13.1306956
          ]
        ]
      },
      "properties": {
        "id": 1285521228,
        "osm_id": 1285521228,
        "name": "Unnamed Drain",
        "waterway_type": "drain",
        "drain_type": "drain",
        "surface": "Data Unavailable",
        "tunnel": "covered",
        "covered": "Data Unavailable",
        "capacity": "Data Unavailable",
        "flow_velocity": "Data Unavailable",
        "maintenance_status": "Data Unavailable",
        "condition": "Data Unavailable",
        "district": "Chennai",
        "source": "OpenStreetMap / Overpass API (OSM Contributors)",
        "data_source_type": "OpenStreetMap Verified Data"
      }
    },
    {
      "type": "Feature",
      "id": 1285521229,
      "geometry": {
        "type": "LineString",
        "coordinates": [
          [
            80.2024415,
            13.1306956
          ],
          [
            80.2018696,
            13.1305603
          ],
          [
            80.2016255,
            13.1305917
          ],
          [
            80.2008101,
            13.1307693
          ],
          [
            80.2008932,
            13.1313414
          ]
        ]
      },
      "properties": {
        "id": 1285521229,
        "osm_id": 1285521229,
        "name": "Unnamed Drain",
        "waterway_type": "drain",
        "drain_type": "drain",
        "surface": "Data Unavailable",
        "tunnel": "covered",
        "covered": "Data Unavailable",
        "capacity": "Data Unavailable",
        "flow_velocity": "Data Unavailable",
        "maintenance_status": "Data Unavailable",
        "condition": "Data Unavailable",
        "district": "Chennai",
        "source": "OpenStreetMap / Overpass API (OSM Contributors)",
        "data_source_type": "OpenStreetMap Verified Data"
      }
    },
    {
      "type": "Feature",
      "id": 1285837634,
      "geometry": {
        "type": "LineString",
        "coordinates": [
          [
            80.2031194,
            13.1268381
          ],
          [
            80.2031624,
            13.1268436
          ],
          [
            80.2045941,
            13.1268638
          ]
        ]
      },
      "properties": {
        "id": 1285837634,
        "osm_id": 1285837634,
        "name": "Unnamed Drain",
        "waterway_type": "drain",
        "drain_type": "drain",
        "surface": "Data Unavailable",
        "tunnel": "covered",
        "covered": "Data Unavailable",
        "capacity": "Data Unavailable",
        "flow_velocity": "Data Unavailable",
        "maintenance_status": "Data Unavailable",
        "condition": "Data Unavailable",
        "district": "Chennai",
        "source": "OpenStreetMap / Overpass API (OSM Contributors)",
        "data_source_type": "OpenStreetMap Verified Data"
      }
    },
    {
      "type": "Feature",
      "id": 1285837635,
      "geometry": {
        "type": "LineString",
        "coordinates": [
          [
            80.2003633,
            13.1234661
          ],
          [
            80.2008139,
            13.1234543
          ],
          [
            80.20142,
            13.1234439
          ],
          [
            80.2014884,
            13.1234817
          ],
          [
            80.2014964,
            13.1235399
          ],
          [
            80.2014975,
            13.1236071
          ],
          [
            80.2014955,
            13.1238226
          ],
          [
            80.2015049,
            13.1238911
          ],
          [
            80.2015063,
            13.123961
          ],
          [
            80.2015076,
            13.1240048
          ],
          [
            80.2015083,
            13.1243733
          ],
          [
            80.2015096,
            13.1253952
          ],
          [
            80.2015036,
            13.1254292
          ],
          [
            80.2015071,
            13.1254726
          ]
        ]
      },
      "properties": {
        "id": 1285837635,
        "osm_id": 1285837635,
        "name": "Unnamed Drain",
        "waterway_type": "drain",
        "drain_type": "drain",
        "surface": "Data Unavailable",
        "tunnel": "covered",
        "covered": "Data Unavailable",
        "capacity": "Data Unavailable",
        "flow_velocity": "Data Unavailable",
        "maintenance_status": "Data Unavailable",
        "condition": "Data Unavailable",
        "district": "Chennai",
        "source": "OpenStreetMap / Overpass API (OSM Contributors)",
        "data_source_type": "OpenStreetMap Verified Data"
      }
    },
    {
      "type": "Feature",
      "id": 1285837636,
      "geometry": {
        "type": "LineString",
        "coordinates": [
          [
            80.2016139,
            13.1288315
          ],
          [
            80.2020058,
            13.1287583
          ]
        ]
      },
      "properties": {
        "id": 1285837636,
        "osm_id": 1285837636,
        "name": "Unnamed Drain",
        "waterway_type": "drain",
        "drain_type": "drain",
        "surface": "Data Unavailable",
        "tunnel": "covered",
        "covered": "Data Unavailable",
        "capacity": "Data Unavailable",
        "flow_velocity": "Data Unavailable",
        "maintenance_status": "Data Unavailable",
        "condition": "Data Unavailable",
        "district": "Chennai",
        "source": "OpenStreetMap / Overpass API (OSM Contributors)",
        "data_source_type": "OpenStreetMap Verified Data"
      }
    },
    {
      "type": "Feature",
      "id": 1286550656,
      "geometry": {
        "type": "LineString",
        "coordinates": [
          [
            80.2020742,
            13.1287897
          ],
          [
            80.2021511,
            13.1291864
          ],
          [
            80.2021599,
            13.1292319
          ],
          [
            80.202291,
            13.12999
          ],
          [
            80.2023959,
            13.1305968
          ]
        ]
      },
      "properties": {
        "id": 1286550656,
        "osm_id": 1286550656,
        "name": "Unnamed Drain",
        "waterway_type": "drain",
        "drain_type": "drain",
        "surface": "Data Unavailable",
        "tunnel": "covered",
        "covered": "Data Unavailable",
        "capacity": "Data Unavailable",
        "flow_velocity": "Data Unavailable",
        "maintenance_status": "Data Unavailable",
        "condition": "Data Unavailable",
        "district": "Chennai",
        "source": "OpenStreetMap / Overpass API (OSM Contributors)",
        "data_source_type": "OpenStreetMap Verified Data"
      }
    },
    {
      "type": "Feature",
      "id": 1286550657,
      "geometry": {
        "type": "LineString",
        "coordinates": [
          [
            80.2021511,
            13.1291864
          ],
          [
            80.2026574,
            13.1290883
          ],
          [
            80.2033891,
            13.1289485
          ],
          [
            80.2040629,
            13.1288166
          ],
          [
            80.2050028,
            13.1286521
          ]
        ]
      },
      "properties": {
        "id": 1286550657,
        "osm_id": 1286550657,
        "name": "Unnamed Drain",
        "waterway_type": "drain",
        "drain_type": "drain",
        "surface": "Data Unavailable",
        "tunnel": "covered",
        "covered": "Data Unavailable",
        "capacity": "Data Unavailable",
        "flow_velocity": "Data Unavailable",
        "maintenance_status": "Data Unavailable",
        "condition": "Data Unavailable",
        "district": "Chennai",
        "source": "OpenStreetMap / Overpass API (OSM Contributors)",
        "data_source_type": "OpenStreetMap Verified Data"
      }
    },
    {
      "type": "Feature",
      "id": 1287938299,
      "geometry": {
        "type": "LineString",
        "coordinates": [
          [
            80.1995966,
            13.1250828
          ],
          [
            80.1991488,
            13.1250842
          ],
          [
            80.1987746,
            13.1250907
          ],
          [
            80.1982408,
            13.1250985
          ],
          [
            80.1977357,
            13.125114
          ]
        ]
      },
      "properties": {
        "id": 1287938299,
        "osm_id": 1287938299,
        "name": "Unnamed Drain",
        "waterway_type": "drain",
        "drain_type": "drain",
        "surface": "Data Unavailable",
        "tunnel": "covered",
        "covered": "Data Unavailable",
        "capacity": "Data Unavailable",
        "flow_velocity": "Data Unavailable",
        "maintenance_status": "Data Unavailable",
        "condition": "Data Unavailable",
        "district": "Chennai",
        "source": "OpenStreetMap / Overpass API (OSM Contributors)",
        "data_source_type": "OpenStreetMap Verified Data"
      }
    },
    {
      "type": "Feature",
      "id": 1287938300,
      "geometry": {
        "type": "LineString",
        "coordinates": [
          [
            80.2015083,
            13.1243733
          ],
          [
            80.2012409,
            13.1243841
          ],
          [
            80.2011752,
            13.1243841
          ],
          [
            80.2008748,
            13.1243919
          ],
          [
            80.2006039,
            13.1243959
          ],
          [
            80.2002901,
            13.1244037
          ],
          [
            80.1996168,
            13.124405
          ],
          [
            80.199531,
            13.1244024
          ],
          [
            80.1991761,
            13.1243959
          ],
          [
            80.1989722,
            13.124388
          ],
          [
            80.1982734,
            13.1243658
          ],
          [
            80.1975318,
            13.1243371
          ]
        ]
      },
      "properties": {
        "id": 1287938300,
        "osm_id": 1287938300,
        "name": "Unnamed Drain",
        "waterway_type": "drain",
        "drain_type": "drain",
        "surface": "Data Unavailable",
        "tunnel": "covered",
        "covered": "Data Unavailable",
        "capacity": "Data Unavailable",
        "flow_velocity": "Data Unavailable",
        "maintenance_status": "Data Unavailable",
        "condition": "Data Unavailable",
        "district": "Chennai",
        "source": "OpenStreetMap / Overpass API (OSM Contributors)",
        "data_source_type": "OpenStreetMap Verified Data"
      }
    },
    {
      "type": "Feature",
      "id": 1288582910,
      "geometry": {
        "type": "LineString",
        "coordinates": [
          [
            80.1992332,
            13.1269148
          ],
          [
            80.1992064,
            13.1275714
          ],
          [
            80.1991984,
            13.1278745
          ],
          [
            80.1991662,
            13.1285667
          ],
          [
            80.1991662,
            13.1287548
          ]
        ]
      },
      "properties": {
        "id": 1288582910,
        "osm_id": 1288582910,
        "name": "Unnamed Drain",
        "waterway_type": "drain",
        "drain_type": "drain",
        "surface": "Data Unavailable",
        "tunnel": "covered",
        "covered": "Data Unavailable",
        "capacity": "Data Unavailable",
        "flow_velocity": "Data Unavailable",
        "maintenance_status": "Data Unavailable",
        "condition": "Data Unavailable",
        "district": "Chennai",
        "source": "OpenStreetMap / Overpass API (OSM Contributors)",
        "data_source_type": "OpenStreetMap Verified Data"
      }
    },
    {
      "type": "Feature",
      "id": 1288582911,
      "geometry": {
        "type": "LineString",
        "coordinates": [
          [
            80.1978755,
            13.1255483
          ],
          [
            80.1978935,
            13.1256386
          ],
          [
            80.1979136,
            13.1256777
          ],
          [
            80.1979163,
            13.1257313
          ],
          [
            80.1979525,
            13.1258789
          ],
          [
            80.1979793,
            13.1260604
          ],
          [
            80.1980102,
            13.1261832
          ],
          [
            80.1980383,
            13.1262994
          ],
          [
            80.1980946,
            13.1265233
          ],
          [
            80.1981208,
            13.1266203
          ],
          [
            80.1981376,
            13.1266826
          ],
          [
            80.1982194,
            13.1269217
          ],
          [
            80.1983173,
            13.1272913
          ],
          [
            80.1983602,
            13.1276039
          ],
          [
            80.1984353,
            13.1277018
          ],
          [
            80.198442,
            13.1277828
          ],
          [
            80.1984406,
            13.1279278
          ],
          [
            80.1985748,
            13.1285236
          ],
          [
            80.1986338,
            13.1286947
          ],
          [
            80.1987719,
            13.1287025
          ],
          [
            80.1989327,
            13.1287285
          ]
        ]
      },
      "properties": {
        "id": 1288582911,
        "osm_id": 1288582911,
        "name": "Unnamed Drain",
        "waterway_type": "drain",
        "drain_type": "drain",
        "surface": "Data Unavailable",
        "tunnel": "covered",
        "covered": "Data Unavailable",
        "capacity": "Data Unavailable",
        "flow_velocity": "Data Unavailable",
        "maintenance_status": "Data Unavailable",
        "condition": "Data Unavailable",
        "district": "Chennai",
        "source": "OpenStreetMap / Overpass API (OSM Contributors)",
        "data_source_type": "OpenStreetMap Verified Data"
      }
    },
    {
      "type": "Feature",
      "id": 1288635133,
      "geometry": {
        "type": "LineString",
        "coordinates": [
          [
            80.1940178,
            13.1278504
          ],
          [
            80.1938601,
            13.1281065
          ],
          [
            80.193737,
            13.1283712
          ],
          [
            80.1936855,
            13.1285267
          ],
          [
            80.1936238,
            13.1287692
          ],
          [
            80.1933374,
            13.1294301
          ]
        ]
      },
      "properties": {
        "id": 1288635133,
        "osm_id": 1288635133,
        "name": "Unnamed Drain",
        "waterway_type": "drain",
        "drain_type": "drain",
        "surface": "Data Unavailable",
        "tunnel": "covered",
        "covered": "Data Unavailable",
        "capacity": "Data Unavailable",
        "flow_velocity": "Data Unavailable",
        "maintenance_status": "Data Unavailable",
        "condition": "Data Unavailable",
        "district": "Chennai",
        "source": "OpenStreetMap / Overpass API (OSM Contributors)",
        "data_source_type": "OpenStreetMap Verified Data"
      }
    },
    {
      "type": "Feature",
      "id": 1288635134,
      "geometry": {
        "type": "LineString",
        "coordinates": [
          [
            80.1941829,
            13.1275146
          ],
          [
            80.1940178,
            13.1278504
          ]
        ]
      },
      "properties": {
        "id": 1288635134,
        "osm_id": 1288635134,
        "name": "Unnamed Drain",
        "waterway_type": "drain",
        "drain_type": "drain",
        "surface": "Data Unavailable",
        "tunnel": "covered",
        "covered": "Data Unavailable",
        "capacity": "Data Unavailable",
        "flow_velocity": "Data Unavailable",
        "maintenance_status": "Data Unavailable",
        "condition": "Data Unavailable",
        "district": "Chennai",
        "source": "OpenStreetMap / Overpass API (OSM Contributors)",
        "data_source_type": "OpenStreetMap Verified Data"
      }
    },
    {
      "type": "Feature",
      "id": 1289269136,
      "geometry": {
        "type": "LineString",
        "coordinates": [
          [
            80.2008803,
            13.1313937
          ],
          [
            80.2004538,
            13.1315021
          ]
        ]
      },
      "properties": {
        "id": 1289269136,
        "osm_id": 1289269136,
        "name": "Unnamed Drain",
        "waterway_type": "drain",
        "drain_type": "drain",
        "surface": "Data Unavailable",
        "tunnel": "covered",
        "covered": "Data Unavailable",
        "capacity": "Data Unavailable",
        "flow_velocity": "Data Unavailable",
        "maintenance_status": "Data Unavailable",
        "condition": "Data Unavailable",
        "district": "Chennai",
        "source": "OpenStreetMap / Overpass API (OSM Contributors)",
        "data_source_type": "OpenStreetMap Verified Data"
      }
    },
    {
      "type": "Feature",
      "id": 1289269137,
      "geometry": {
        "type": "LineString",
        "coordinates": [
          [
            80.197844,
            13.1319579
          ],
          [
            80.1977957,
            13.1320206
          ],
          [
            80.1976509,
            13.1320559
          ],
          [
            80.1973081,
            13.132129
          ],
          [
            80.1970292,
            13.1321969
          ],
          [
            80.1967395,
            13.1322857
          ],
          [
            80.1966786,
            13.1322984
          ],
          [
            80.1965515,
            13.1323249
          ],
          [
            80.1963932,
            13.1323341
          ],
          [
            80.1962109,
            13.1323236
          ],
          [
            80.1960843,
            13.1323027
          ],
          [
            80.1958771,
            13.1322688
          ]
        ]
      },
      "properties": {
        "id": 1289269137,
        "osm_id": 1289269137,
        "name": "Unnamed Drain",
        "waterway_type": "drain",
        "drain_type": "drain",
        "surface": "Data Unavailable",
        "tunnel": "covered",
        "covered": "Data Unavailable",
        "capacity": "Data Unavailable",
        "flow_velocity": "Data Unavailable",
        "maintenance_status": "Data Unavailable",
        "condition": "Data Unavailable",
        "district": "Chennai",
        "source": "OpenStreetMap / Overpass API (OSM Contributors)",
        "data_source_type": "OpenStreetMap Verified Data"
      }
    },
    {
      "type": "Feature",
      "id": 1289269138,
      "geometry": {
        "type": "LineString",
        "coordinates": [
          [
            80.1950523,
            13.1325025
          ],
          [
            80.1949624,
            13.1327481
          ],
          [
            80.1948833,
            13.1329321
          ],
          [
            80.1948095,
            13.1330275
          ],
          [
            80.19465,
            13.1331372
          ],
          [
            80.1945842,
            13.1331685
          ],
          [
            80.1943348,
            13.1332613
          ],
          [
            80.1940183,
            13.1333462
          ],
          [
            80.1936495,
            13.133431
          ],
          [
            80.193443,
            13.1334755
          ],
          [
            80.1933277,
            13.1335277
          ],
          [
            80.1932982,
            13.1335551
          ]
        ]
      },
      "properties": {
        "id": 1289269138,
        "osm_id": 1289269138,
        "name": "Unnamed Drain",
        "waterway_type": "drain",
        "drain_type": "drain",
        "surface": "Data Unavailable",
        "tunnel": "covered",
        "covered": "Data Unavailable",
        "capacity": "Data Unavailable",
        "flow_velocity": "Data Unavailable",
        "maintenance_status": "Data Unavailable",
        "condition": "Data Unavailable",
        "district": "Chennai",
        "source": "OpenStreetMap / Overpass API (OSM Contributors)",
        "data_source_type": "OpenStreetMap Verified Data"
      }
    },
    {
      "type": "Feature",
      "id": 1289631729,
      "geometry": {
        "type": "LineString",
        "coordinates": [
          [
            80.1876117,
            13.139215
          ],
          [
            80.1876851,
            13.1390724
          ]
        ]
      },
      "properties": {
        "id": 1289631729,
        "osm_id": 1289631729,
        "name": "Underpass",
        "waterway_type": "drain",
        "drain_type": "drain",
        "surface": "Data Unavailable",
        "tunnel": "culvert",
        "covered": "Data Unavailable",
        "capacity": "Data Unavailable",
        "flow_velocity": "Data Unavailable",
        "maintenance_status": "Data Unavailable",
        "condition": "Data Unavailable",
        "district": "Chennai",
        "source": "OpenStreetMap / Overpass API (OSM Contributors)",
        "data_source_type": "OpenStreetMap Verified Data"
      }
    },
    {
      "type": "Feature",
      "id": 1289631730,
      "geometry": {
        "type": "LineString",
        "coordinates": [
          [
            80.1876851,
            13.1390724
          ],
          [
            80.1877224,
            13.139
          ]
        ]
      },
      "properties": {
        "id": 1289631730,
        "osm_id": 1289631730,
        "name": "Underpass",
        "waterway_type": "drain",
        "drain_type": "drain",
        "surface": "Data Unavailable",
        "tunnel": "culvert",
        "covered": "Data Unavailable",
        "capacity": "Data Unavailable",
        "flow_velocity": "Data Unavailable",
        "maintenance_status": "Data Unavailable",
        "condition": "Data Unavailable",
        "district": "Chennai",
        "source": "OpenStreetMap / Overpass API (OSM Contributors)",
        "data_source_type": "OpenStreetMap Verified Data"
      }
    },
    {
      "type": "Feature",
      "id": 1289814513,
      "geometry": {
        "type": "LineString",
        "coordinates": [
          [
            80.2016139,
            13.1288315
          ],
          [
            80.2015979,
            13.1287043
          ],
          [
            80.2015877,
            13.1283916
          ],
          [
            80.2015845,
            13.1283015
          ],
          [
            80.2015798,
            13.1277366
          ],
          [
            80.2015697,
            13.1270199
          ],
          [
            80.201561,
            13.1269018
          ],
          [
            80.2015428,
            13.1268479
          ],
          [
            80.2015529,
            13.1268058
          ],
          [
            80.2015516,
            13.1266563
          ],
          [
            80.2015483,
            13.1263799
          ],
          [
            80.2015395,
            13.1260619
          ],
          [
            80.2015328,
            13.1258275
          ],
          [
            80.2015268,
            13.125595
          ],
          [
            80.2015261,
            13.1255232
          ],
          [
            80.2015071,
            13.1254726
          ]
        ]
      },
      "properties": {
        "id": 1289814513,
        "osm_id": 1289814513,
        "name": "Unnamed Drain",
        "waterway_type": "drain",
        "drain_type": "drain",
        "surface": "Data Unavailable",
        "tunnel": "covered",
        "covered": "Data Unavailable",
        "capacity": "Data Unavailable",
        "flow_velocity": "Data Unavailable",
        "maintenance_status": "Data Unavailable",
        "condition": "Data Unavailable",
        "district": "Chennai",
        "source": "OpenStreetMap / Overpass API (OSM Contributors)",
        "data_source_type": "OpenStreetMap Verified Data"
      }
    },
    {
      "type": "Feature",
      "id": 1289814514,
      "geometry": {
        "type": "LineString",
        "coordinates": [
          [
            80.20042,
            13.1293371
          ],
          [
            80.2003734,
            13.1293487
          ],
          [
            80.2000972,
            13.1294093
          ],
          [
            80.199999,
            13.1294373
          ],
          [
            80.199955,
            13.1294498
          ],
          [
            80.1991342,
            13.1297358
          ],
          [
            80.198999,
            13.1297872
          ]
        ]
      },
      "properties": {
        "id": 1289814514,
        "osm_id": 1289814514,
        "name": "Unnamed Drain",
        "waterway_type": "drain",
        "drain_type": "drain",
        "surface": "Data Unavailable",
        "tunnel": "covered",
        "covered": "Data Unavailable",
        "capacity": "Data Unavailable",
        "flow_velocity": "Data Unavailable",
        "maintenance_status": "Data Unavailable",
        "condition": "Data Unavailable",
        "district": "Chennai",
        "source": "OpenStreetMap / Overpass API (OSM Contributors)",
        "data_source_type": "OpenStreetMap Verified Data"
      }
    },
    {
      "type": "Feature",
      "id": 1289814517,
      "geometry": {
        "type": "LineString",
        "coordinates": [
          [
            80.1989327,
            13.1287285
          ],
          [
            80.1989822,
            13.1287365
          ],
          [
            80.1991662,
            13.1287548
          ],
          [
            80.1992303,
            13.1287717
          ],
          [
            80.1996808,
            13.1288501
          ],
          [
            80.2002577,
            13.1289523
          ]
        ]
      },
      "properties": {
        "id": 1289814517,
        "osm_id": 1289814517,
        "name": "Unnamed Drain",
        "waterway_type": "drain",
        "drain_type": "drain",
        "surface": "Data Unavailable",
        "tunnel": "covered",
        "covered": "Data Unavailable",
        "capacity": "Data Unavailable",
        "flow_velocity": "Data Unavailable",
        "maintenance_status": "Data Unavailable",
        "condition": "Data Unavailable",
        "district": "Chennai",
        "source": "OpenStreetMap / Overpass API (OSM Contributors)",
        "data_source_type": "OpenStreetMap Verified Data"
      }
    },
    {
      "type": "Feature",
      "id": 1290230925,
      "geometry": {
        "type": "LineString",
        "coordinates": [
          [
            80.2016139,
            13.1288315
          ],
          [
            80.2015979,
            13.1287043
          ],
          [
            80.2015845,
            13.1283015
          ],
          [
            80.2015798,
            13.1277366
          ],
          [
            80.2015697,
            13.1270199
          ],
          [
            80.201561,
            13.1269018
          ],
          [
            80.2015428,
            13.1268479
          ],
          [
            80.2015529,
            13.1268058
          ],
          [
            80.2015516,
            13.1266563
          ],
          [
            80.2015483,
            13.1263799
          ],
          [
            80.2015395,
            13.1260619
          ],
          [
            80.2015328,
            13.1258275
          ],
          [
            80.2015268,
            13.125595
          ],
          [
            80.2015261,
            13.1255232
          ],
          [
            80.2015071,
            13.1254726
          ]
        ]
      },
      "properties": {
        "id": 1290230925,
        "osm_id": 1290230925,
        "name": "Unnamed Drain",
        "waterway_type": "drain",
        "drain_type": "drain",
        "surface": "Data Unavailable",
        "tunnel": "covered",
        "covered": "Data Unavailable",
        "capacity": "Data Unavailable",
        "flow_velocity": "Data Unavailable",
        "maintenance_status": "Data Unavailable",
        "condition": "Data Unavailable",
        "district": "Chennai",
        "source": "OpenStreetMap / Overpass API (OSM Contributors)",
        "data_source_type": "OpenStreetMap Verified Data"
      }
    },
    {
      "type": "Feature",
      "id": 1290230926,
      "geometry": {
        "type": "LineString",
        "coordinates": [
          [
            80.20042,
            13.1293371
          ],
          [
            80.2003734,
            13.1293487
          ],
          [
            80.2000972,
            13.1294093
          ],
          [
            80.199999,
            13.1294373
          ],
          [
            80.199955,
            13.1294498
          ],
          [
            80.1991342,
            13.1297358
          ]
        ]
      },
      "properties": {
        "id": 1290230926,
        "osm_id": 1290230926,
        "name": "Unnamed Drain",
        "waterway_type": "drain",
        "drain_type": "drain",
        "surface": "Data Unavailable",
        "tunnel": "covered",
        "covered": "Data Unavailable",
        "capacity": "Data Unavailable",
        "flow_velocity": "Data Unavailable",
        "maintenance_status": "Data Unavailable",
        "condition": "Data Unavailable",
        "district": "Chennai",
        "source": "OpenStreetMap / Overpass API (OSM Contributors)",
        "data_source_type": "OpenStreetMap Verified Data"
      }
    },
    {
      "type": "Feature",
      "id": 1290230927,
      "geometry": {
        "type": "LineString",
        "coordinates": [
          [
            80.1989327,
            13.1287285
          ],
          [
            80.1989304,
            13.1292265
          ],
          [
            80.1990699,
            13.1292382
          ],
          [
            80.1993663,
            13.1292212
          ],
          [
            80.1995688,
            13.1291703
          ],
          [
            80.1998812,
            13.1290854
          ],
          [
            80.1999054,
            13.1291181
          ],
          [
            80.1999537,
            13.1292683
          ],
          [
            80.199999,
            13.1294373
          ]
        ]
      },
      "properties": {
        "id": 1290230927,
        "osm_id": 1290230927,
        "name": "Unnamed Drain",
        "waterway_type": "drain",
        "drain_type": "drain",
        "surface": "Data Unavailable",
        "tunnel": "covered",
        "covered": "Data Unavailable",
        "capacity": "Data Unavailable",
        "flow_velocity": "Data Unavailable",
        "maintenance_status": "Data Unavailable",
        "condition": "Data Unavailable",
        "district": "Chennai",
        "source": "OpenStreetMap / Overpass API (OSM Contributors)",
        "data_source_type": "OpenStreetMap Verified Data"
      }
    },
    {
      "type": "Feature",
      "id": 1290230928,
      "geometry": {
        "type": "LineString",
        "coordinates": [
          [
            80.1989822,
            13.1287365
          ],
          [
            80.1991662,
            13.1287548
          ],
          [
            80.1992303,
            13.1287717
          ],
          [
            80.1996808,
            13.1288501
          ],
          [
            80.2002577,
            13.1289523
          ]
        ]
      },
      "properties": {
        "id": 1290230928,
        "osm_id": 1290230928,
        "name": "Unnamed Drain",
        "waterway_type": "drain",
        "drain_type": "drain",
        "surface": "Data Unavailable",
        "tunnel": "covered",
        "covered": "Data Unavailable",
        "capacity": "Data Unavailable",
        "flow_velocity": "Data Unavailable",
        "maintenance_status": "Data Unavailable",
        "condition": "Data Unavailable",
        "district": "Chennai",
        "source": "OpenStreetMap / Overpass API (OSM Contributors)",
        "data_source_type": "OpenStreetMap Verified Data"
      }
    },
    {
      "type": "Feature",
      "id": 1290248752,
      "geometry": {
        "type": "LineString",
        "coordinates": [
          [
            80.1967185,
            13.1256385
          ],
          [
            80.1967775,
            13.1256255
          ],
          [
            80.1970741,
            13.1255824
          ],
          [
            80.1971413,
            13.1255754
          ],
          [
            80.1971493,
            13.1255746
          ],
          [
            80.1971875,
            13.1255706
          ],
          [
            80.1975034,
            13.1255478
          ],
          [
            80.1975909,
            13.125534
          ],
          [
            80.19778,
            13.1255184
          ],
          [
            80.1978598,
            13.1255119
          ]
        ]
      },
      "properties": {
        "id": 1290248752,
        "osm_id": 1290248752,
        "name": "Unnamed Drain",
        "waterway_type": "drain",
        "drain_type": "drain",
        "surface": "Data Unavailable",
        "tunnel": "covered",
        "covered": "Data Unavailable",
        "capacity": "Data Unavailable",
        "flow_velocity": "Data Unavailable",
        "maintenance_status": "Data Unavailable",
        "condition": "Data Unavailable",
        "district": "Chennai",
        "source": "OpenStreetMap / Overpass API (OSM Contributors)",
        "data_source_type": "OpenStreetMap Verified Data"
      }
    },
    {
      "type": "Feature",
      "id": 1290286347,
      "geometry": {
        "type": "LineString",
        "coordinates": [
          [
            80.1970878,
            13.126659
          ],
          [
            80.1974727,
            13.1266734
          ],
          [
            80.1976578,
            13.1266773
          ],
          [
            80.1980199,
            13.1266368
          ],
          [
            80.1981208,
            13.1266203
          ]
        ]
      },
      "properties": {
        "id": 1290286347,
        "osm_id": 1290286347,
        "name": "Unnamed Drain",
        "waterway_type": "drain",
        "drain_type": "drain",
        "surface": "Data Unavailable",
        "tunnel": "covered",
        "covered": "Data Unavailable",
        "capacity": "Data Unavailable",
        "flow_velocity": "Data Unavailable",
        "maintenance_status": "Data Unavailable",
        "condition": "Data Unavailable",
        "district": "Chennai",
        "source": "OpenStreetMap / Overpass API (OSM Contributors)",
        "data_source_type": "OpenStreetMap Verified Data"
      }
    },
    {
      "type": "Feature",
      "id": 1290286348,
      "geometry": {
        "type": "LineString",
        "coordinates": [
          [
            80.1970154,
            13.1283791
          ],
          [
            80.1970328,
            13.1280186
          ],
          [
            80.197061,
            13.1276415
          ],
          [
            80.1970959,
            13.1272062
          ],
          [
            80.1970999,
            13.1269946
          ],
          [
            80.1970784,
            13.1268706
          ],
          [
            80.1970878,
            13.126659
          ],
          [
            80.1970878,
            13.1265845
          ],
          [
            80.19712,
            13.1260678
          ],
          [
            80.1971374,
            13.1257595
          ],
          [
            80.1971415,
            13.1256733
          ],
          [
            80.1971493,
            13.1255746
          ]
        ]
      },
      "properties": {
        "id": 1290286348,
        "osm_id": 1290286348,
        "name": "Unnamed Drain",
        "waterway_type": "drain",
        "drain_type": "drain",
        "surface": "Data Unavailable",
        "tunnel": "covered",
        "covered": "Data Unavailable",
        "capacity": "Data Unavailable",
        "flow_velocity": "Data Unavailable",
        "maintenance_status": "Data Unavailable",
        "condition": "Data Unavailable",
        "district": "Chennai",
        "source": "OpenStreetMap / Overpass API (OSM Contributors)",
        "data_source_type": "OpenStreetMap Verified Data"
      }
    },
    {
      "type": "Feature",
      "id": 1290286349,
      "geometry": {
        "type": "LineString",
        "coordinates": [
          [
            80.1971616,
            13.124713
          ],
          [
            80.1971602,
            13.1252236
          ],
          [
            80.1971602,
            13.1253177
          ],
          [
            80.1971488,
            13.1254983
          ],
          [
            80.1971413,
            13.1255754
          ]
        ]
      },
      "properties": {
        "id": 1290286349,
        "osm_id": 1290286349,
        "name": "Unnamed Drain",
        "waterway_type": "drain",
        "drain_type": "drain",
        "surface": "Data Unavailable",
        "tunnel": "covered",
        "covered": "Data Unavailable",
        "capacity": "Data Unavailable",
        "flow_velocity": "Data Unavailable",
        "maintenance_status": "Data Unavailable",
        "condition": "Data Unavailable",
        "district": "Chennai",
        "source": "OpenStreetMap / Overpass API (OSM Contributors)",
        "data_source_type": "OpenStreetMap Verified Data"
      }
    },
    {
      "type": "Feature",
      "id": 1290286350,
      "geometry": {
        "type": "LineString",
        "coordinates": [
          [
            80.197702,
            13.1249945
          ],
          [
            80.1977357,
            13.125114
          ],
          [
            80.1977617,
            13.1252067
          ],
          [
            80.1978107,
            13.1253704
          ],
          [
            80.1978598,
            13.1255119
          ],
          [
            80.1978755,
            13.1255483
          ]
        ]
      },
      "properties": {
        "id": 1290286350,
        "osm_id": 1290286350,
        "name": "Unnamed Drain",
        "waterway_type": "drain",
        "drain_type": "drain",
        "surface": "Data Unavailable",
        "tunnel": "covered",
        "covered": "Data Unavailable",
        "capacity": "Data Unavailable",
        "flow_velocity": "Data Unavailable",
        "maintenance_status": "Data Unavailable",
        "condition": "Data Unavailable",
        "district": "Chennai",
        "source": "OpenStreetMap / Overpass API (OSM Contributors)",
        "data_source_type": "OpenStreetMap Verified Data"
      }
    },
    {
      "type": "Feature",
      "id": 1298345127,
      "geometry": {
        "type": "LineString",
        "coordinates": [
          [
            80.1865605,
            13.0540422
          ],
          [
            80.186688,
            13.0546909
          ]
        ]
      },
      "properties": {
        "id": 1298345127,
        "osm_id": 1298345127,
        "name": "Virugambakkam Canal",
        "waterway_type": "drain",
        "drain_type": "drain",
        "surface": "Data Unavailable",
        "tunnel": "no",
        "covered": "Data Unavailable",
        "capacity": "Data Unavailable",
        "flow_velocity": "Data Unavailable",
        "maintenance_status": "Data Unavailable",
        "condition": "Data Unavailable",
        "district": "Chennai",
        "source": "OpenStreetMap / Overpass API (OSM Contributors)",
        "data_source_type": "OpenStreetMap Verified Data"
      }
    },
    {
      "type": "Feature",
      "id": 1298345128,
      "geometry": {
        "type": "LineString",
        "coordinates": [
          [
            80.186688,
            13.0546909
          ],
          [
            80.1867094,
            13.0547996
          ]
        ]
      },
      "properties": {
        "id": 1298345128,
        "osm_id": 1298345128,
        "name": "Virugambakkam Canal",
        "waterway_type": "drain",
        "drain_type": "drain",
        "surface": "Data Unavailable",
        "tunnel": "culvert",
        "covered": "Data Unavailable",
        "capacity": "Data Unavailable",
        "flow_velocity": "Data Unavailable",
        "maintenance_status": "Data Unavailable",
        "condition": "Data Unavailable",
        "district": "Chennai",
        "source": "OpenStreetMap / Overpass API (OSM Contributors)",
        "data_source_type": "OpenStreetMap Verified Data"
      }
    },
    {
      "type": "Feature",
      "id": 1298345129,
      "geometry": {
        "type": "LineString",
        "coordinates": [
          [
            80.1867094,
            13.0547996
          ],
          [
            80.1867799,
            13.0551582
          ],
          [
            80.1868121,
            13.0554143
          ],
          [
            80.1868112,
            13.0554243
          ],
          [
            80.1867799,
            13.0557756
          ],
          [
            80.1868218,
            13.0559103
          ]
        ]
      },
      "properties": {
        "id": 1298345129,
        "osm_id": 1298345129,
        "name": "Virugambakkam Canal",
        "waterway_type": "drain",
        "drain_type": "drain",
        "surface": "Data Unavailable",
        "tunnel": "no",
        "covered": "Data Unavailable",
        "capacity": "Data Unavailable",
        "flow_velocity": "Data Unavailable",
        "maintenance_status": "Data Unavailable",
        "condition": "Data Unavailable",
        "district": "Chennai",
        "source": "OpenStreetMap / Overpass API (OSM Contributors)",
        "data_source_type": "OpenStreetMap Verified Data"
      }
    },
    {
      "type": "Feature",
      "id": 1298345130,
      "geometry": {
        "type": "LineString",
        "coordinates": [
          [
            80.1868218,
            13.0559103
          ],
          [
            80.1868888,
            13.0561257
          ]
        ]
      },
      "properties": {
        "id": 1298345130,
        "osm_id": 1298345130,
        "name": "Virugambakkam Canal",
        "waterway_type": "drain",
        "drain_type": "drain",
        "surface": "Data Unavailable",
        "tunnel": "culvert",
        "covered": "Data Unavailable",
        "capacity": "Data Unavailable",
        "flow_velocity": "Data Unavailable",
        "maintenance_status": "Data Unavailable",
        "condition": "Data Unavailable",
        "district": "Chennai",
        "source": "OpenStreetMap / Overpass API (OSM Contributors)",
        "data_source_type": "OpenStreetMap Verified Data"
      }
    },
    {
      "type": "Feature",
      "id": 1298345131,
      "geometry": {
        "type": "LineString",
        "coordinates": [
          [
            80.1868888,
            13.0561257
          ],
          [
            80.1869424,
            13.0562981
          ],
          [
            80.1872837,
            13.0563772
          ],
          [
            80.1873379,
            13.0566306
          ],
          [
            80.1873409,
            13.0566446
          ]
        ]
      },
      "properties": {
        "id": 1298345131,
        "osm_id": 1298345131,
        "name": "Virugambakkam Canal",
        "waterway_type": "drain",
        "drain_type": "drain",
        "surface": "Data Unavailable",
        "tunnel": "no",
        "covered": "Data Unavailable",
        "capacity": "Data Unavailable",
        "flow_velocity": "Data Unavailable",
        "maintenance_status": "Data Unavailable",
        "condition": "Data Unavailable",
        "district": "Chennai",
        "source": "OpenStreetMap / Overpass API (OSM Contributors)",
        "data_source_type": "OpenStreetMap Verified Data"
      }
    },
    {
      "type": "Feature",
      "id": 1298345132,
      "geometry": {
        "type": "LineString",
        "coordinates": [
          [
            80.1873852,
            13.0568173
          ],
          [
            80.1874178,
            13.0569144
          ]
        ]
      },
      "properties": {
        "id": 1298345132,
        "osm_id": 1298345132,
        "name": "Virugambakkam Canal",
        "waterway_type": "drain",
        "drain_type": "drain",
        "surface": "Data Unavailable",
        "tunnel": "culvert",
        "covered": "Data Unavailable",
        "capacity": "Data Unavailable",
        "flow_velocity": "Data Unavailable",
        "maintenance_status": "Data Unavailable",
        "condition": "Data Unavailable",
        "district": "Chennai",
        "source": "OpenStreetMap / Overpass API (OSM Contributors)",
        "data_source_type": "OpenStreetMap Verified Data"
      }
    },
    {
      "type": "Feature",
      "id": 1298345133,
      "geometry": {
        "type": "LineString",
        "coordinates": [
          [
            80.187362,
            13.0567432
          ],
          [
            80.187365,
            13.0567572
          ],
          [
            80.1873852,
            13.0568173
          ]
        ]
      },
      "properties": {
        "id": 1298345133,
        "osm_id": 1298345133,
        "name": "Virugambakkam Canal",
        "waterway_type": "drain",
        "drain_type": "drain",
        "surface": "Data Unavailable",
        "tunnel": "no",
        "covered": "Data Unavailable",
        "capacity": "Data Unavailable",
        "flow_velocity": "Data Unavailable",
        "maintenance_status": "Data Unavailable",
        "condition": "Data Unavailable",
        "district": "Chennai",
        "source": "OpenStreetMap / Overpass API (OSM Contributors)",
        "data_source_type": "OpenStreetMap Verified Data"
      }
    },
    {
      "type": "Feature",
      "id": 1298345134,
      "geometry": {
        "type": "LineString",
        "coordinates": [
          [
            80.1873409,
            13.0566446
          ],
          [
            80.187362,
            13.0567432
          ]
        ]
      },
      "properties": {
        "id": 1298345134,
        "osm_id": 1298345134,
        "name": "Virugambakkam Canal",
        "waterway_type": "drain",
        "drain_type": "drain",
        "surface": "Data Unavailable",
        "tunnel": "culvert",
        "covered": "Data Unavailable",
        "capacity": "Data Unavailable",
        "flow_velocity": "Data Unavailable",
        "maintenance_status": "Data Unavailable",
        "condition": "Data Unavailable",
        "district": "Chennai",
        "source": "OpenStreetMap / Overpass API (OSM Contributors)",
        "data_source_type": "OpenStreetMap Verified Data"
      }
    },
    {
      "type": "Feature",
      "id": 1316676519,
      "geometry": {
        "type": "LineString",
        "coordinates": [
          [
            80.2008932,
            13.1313414
          ],
          [
            80.2008803,
            13.1313937
          ]
        ]
      },
      "properties": {
        "id": 1316676519,
        "osm_id": 1316676519,
        "name": "Unnamed Drain",
        "waterway_type": "drain",
        "drain_type": "drain",
        "surface": "Data Unavailable",
        "tunnel": "covered",
        "covered": "Data Unavailable",
        "capacity": "Data Unavailable",
        "flow_velocity": "Data Unavailable",
        "maintenance_status": "Data Unavailable",
        "condition": "Data Unavailable",
        "district": "Chennai",
        "source": "OpenStreetMap / Overpass API (OSM Contributors)",
        "data_source_type": "OpenStreetMap Verified Data"
      }
    },
    {
      "type": "Feature",
      "id": 1316676520,
      "geometry": {
        "type": "LineString",
        "coordinates": [
          [
            80.2004538,
            13.1315021
          ],
          [
            80.2001857,
            13.1315702
          ],
          [
            80.1994763,
            13.1317569
          ],
          [
            80.1994525,
            13.1317619
          ],
          [
            80.1993569,
            13.1317817
          ],
          [
            80.1986851,
            13.1319045
          ],
          [
            80.1981084,
            13.1320247
          ],
          [
            80.1973815,
            13.1321814
          ],
          [
            80.19677,
            13.1323459
          ],
          [
            80.1966786,
            13.1322984
          ]
        ]
      },
      "properties": {
        "id": 1316676520,
        "osm_id": 1316676520,
        "name": "Unnamed Drain",
        "waterway_type": "drain",
        "drain_type": "drain",
        "surface": "Data Unavailable",
        "tunnel": "covered",
        "covered": "Data Unavailable",
        "capacity": "Data Unavailable",
        "flow_velocity": "Data Unavailable",
        "maintenance_status": "Data Unavailable",
        "condition": "Data Unavailable",
        "district": "Chennai",
        "source": "OpenStreetMap / Overpass API (OSM Contributors)",
        "data_source_type": "OpenStreetMap Verified Data"
      }
    },
    {
      "type": "Feature",
      "id": 1316676523,
      "geometry": {
        "type": "LineString",
        "coordinates": [
          [
            80.1932579,
            13.1341326
          ],
          [
            80.1933099,
            13.1338518
          ],
          [
            80.1932965,
            13.1337264
          ],
          [
            80.1933287,
            13.1335906
          ],
          [
            80.1934091,
            13.1335357
          ],
          [
            80.1939054,
            13.1334234
          ],
          [
            80.1941763,
            13.1333529
          ],
          [
            80.1943935,
            13.133298
          ],
          [
            80.194651,
            13.1331962
          ],
          [
            80.1948817,
            13.1330368
          ]
        ]
      },
      "properties": {
        "id": 1316676523,
        "osm_id": 1316676523,
        "name": "Unnamed Drain",
        "waterway_type": "drain",
        "drain_type": "drain",
        "surface": "Data Unavailable",
        "tunnel": "covered",
        "covered": "Data Unavailable",
        "capacity": "Data Unavailable",
        "flow_velocity": "Data Unavailable",
        "maintenance_status": "Data Unavailable",
        "condition": "Data Unavailable",
        "district": "Chennai",
        "source": "OpenStreetMap / Overpass API (OSM Contributors)",
        "data_source_type": "OpenStreetMap Verified Data"
      }
    },
    {
      "type": "Feature",
      "id": 1318919312,
      "geometry": {
        "type": "LineString",
        "coordinates": [
          [
            80.1396578,
            13.0235658
          ],
          [
            80.1396282,
            13.023387
          ],
          [
            80.1393627,
            13.0231492
          ],
          [
            80.1388772,
            13.022765
          ],
          [
            80.1380725,
            13.02213
          ],
          [
            80.1372813,
            13.0214976
          ],
          [
            80.1368494,
            13.0211213
          ],
          [
            80.136364,
            13.0207293
          ]
        ]
      },
      "properties": {
        "id": 1318919312,
        "osm_id": 1318919312,
        "name": "Unnamed Canal",
        "waterway_type": "canal",
        "drain_type": "canal",
        "surface": "Data Unavailable",
        "tunnel": "no",
        "covered": "Data Unavailable",
        "capacity": "Data Unavailable",
        "flow_velocity": "Data Unavailable",
        "maintenance_status": "Data Unavailable",
        "condition": "Data Unavailable",
        "district": "Chennai",
        "source": "OpenStreetMap / Overpass API (OSM Contributors)",
        "data_source_type": "OpenStreetMap Verified Data"
      }
    },
    {
      "type": "Feature",
      "id": 1323146587,
      "geometry": {
        "type": "LineString",
        "coordinates": [
          [
            80.1937477,
            13.1492643
          ],
          [
            80.1956065,
            13.1487367
          ],
          [
            80.1974652,
            13.148196
          ],
          [
            80.19783,
            13.1480942
          ],
          [
            80.1977972,
            13.1478761
          ]
        ]
      },
      "properties": {
        "id": 1323146587,
        "osm_id": 1323146587,
        "name": "Unnamed Drain",
        "waterway_type": "drain",
        "drain_type": "drain",
        "surface": "Data Unavailable",
        "tunnel": "covered",
        "covered": "Data Unavailable",
        "capacity": "Data Unavailable",
        "flow_velocity": "Data Unavailable",
        "maintenance_status": "Data Unavailable",
        "condition": "Data Unavailable",
        "district": "Chennai",
        "source": "OpenStreetMap / Overpass API (OSM Contributors)",
        "data_source_type": "OpenStreetMap Verified Data"
      }
    },
    {
      "type": "Feature",
      "id": 1324096389,
      "geometry": {
        "type": "LineString",
        "coordinates": [
          [
            80.1934176,
            13.1202729
          ],
          [
            80.1933854,
            13.1204975
          ],
          [
            80.1933559,
            13.1209573
          ],
          [
            80.1933613,
            13.1214431
          ],
          [
            80.1933291,
            13.121835
          ],
          [
            80.1933291,
            13.1223574
          ],
          [
            80.1933318,
            13.1228511
          ],
          [
            80.1933559,
            13.1230339
          ],
          [
            80.1933693,
            13.1236269
          ],
          [
            80.1933801,
            13.1239521
          ],
          [
            80.1942282,
            13.12396
          ],
          [
            80.1943315,
            13.1240096
          ],
          [
            80.1944307,
            13.124148
          ],
          [
            80.1944991,
            13.1242813
          ],
          [
            80.1946077,
            13.1243139
          ],
          [
            80.1948934,
            13.1242786
          ],
          [
            80.1950315,
            13.1242355
          ],
          [
            80.1952407,
            13.1240657
          ],
          [
            80.1953735,
            13.1240253
          ],
          [
            80.1955197,
            13.1239835
          ],
          [
            80.1956511,
            13.1238999
          ],
          [
            80.1957316,
            13.1238006
          ],
          [
            80.1959676,
            13.1235394
          ],
          [
            80.1960776,
            13.1234793
          ],
          [
            80.1962626,
            13.1234454
          ],
          [
            80.1963954,
            13.1234153
          ],
          [
            80.1964652,
            13.123431
          ],
          [
            80.1966033,
            13.1235638
          ]
        ]
      },
      "properties": {
        "id": 1324096389,
        "osm_id": 1324096389,
        "name": "Unnamed Drain",
        "waterway_type": "drain",
        "drain_type": "drain",
        "surface": "Data Unavailable",
        "tunnel": "covered",
        "covered": "Data Unavailable",
        "capacity": "Data Unavailable",
        "flow_velocity": "Data Unavailable",
        "maintenance_status": "Data Unavailable",
        "condition": "Data Unavailable",
        "district": "Chennai",
        "source": "OpenStreetMap / Overpass API (OSM Contributors)",
        "data_source_type": "OpenStreetMap Verified Data"
      }
    },
    {
      "type": "Feature",
      "id": 1408255875,
      "geometry": {
        "type": "LineString",
        "coordinates": [
          [
            80.3065159,
            13.2170748
          ],
          [
            80.3069249,
            13.2169688
          ],
          [
            80.3079291,
            13.2165721
          ]
        ]
      },
      "properties": {
        "id": 1408255875,
        "osm_id": 1408255875,
        "name": "Unnamed Stream",
        "waterway_type": "stream",
        "drain_type": "stream",
        "surface": "Data Unavailable",
        "tunnel": "no",
        "covered": "Data Unavailable",
        "capacity": "Data Unavailable",
        "flow_velocity": "Data Unavailable",
        "maintenance_status": "Data Unavailable",
        "condition": "Data Unavailable",
        "district": "Chennai",
        "source": "OpenStreetMap / Overpass API (OSM Contributors)",
        "data_source_type": "OpenStreetMap Verified Data"
      }
    },
    {
      "type": "Feature",
      "id": 1408255878,
      "geometry": {
        "type": "LineString",
        "coordinates": [
          [
            80.3071489,
            13.2283895
          ],
          [
            80.3046744,
            13.2284142
          ],
          [
            80.3045751,
            13.2284116
          ],
          [
            80.3044746,
            13.2284012
          ],
          [
            80.3043753,
            13.2283829
          ],
          [
            80.3042788,
            13.2283542
          ],
          [
            80.3041795,
            13.2283098
          ],
          [
            80.3040669,
            13.2282511
          ],
          [
            80.3039475,
            13.2281714
          ],
          [
            80.3029792,
            13.2274493
          ]
        ]
      },
      "properties": {
        "id": 1408255878,
        "osm_id": 1408255878,
        "name": "Unnamed Drain",
        "waterway_type": "drain",
        "drain_type": "drain",
        "surface": "Data Unavailable",
        "tunnel": "no",
        "covered": "Data Unavailable",
        "capacity": "Data Unavailable",
        "flow_velocity": "Data Unavailable",
        "maintenance_status": "Data Unavailable",
        "condition": "Data Unavailable",
        "district": "Chennai",
        "source": "OpenStreetMap / Overpass API (OSM Contributors)",
        "data_source_type": "OpenStreetMap Verified Data"
      }
    },
    {
      "type": "Feature",
      "id": 1408255879,
      "geometry": {
        "type": "LineString",
        "coordinates": [
          [
            80.3028853,
            13.2273819
          ],
          [
            80.3023522,
            13.2269665
          ],
          [
            80.3023029,
            13.2269185
          ],
          [
            80.3022567,
            13.226863
          ],
          [
            80.302212,
            13.226791
          ],
          [
            80.3021735,
            13.226707
          ],
          [
            80.3021473,
            13.226626
          ],
          [
            80.3021334,
            13.226555
          ]
        ]
      },
      "properties": {
        "id": 1408255879,
        "osm_id": 1408255879,
        "name": "Unnamed Drain",
        "waterway_type": "drain",
        "drain_type": "drain",
        "surface": "Data Unavailable",
        "tunnel": "no",
        "covered": "Data Unavailable",
        "capacity": "Data Unavailable",
        "flow_velocity": "Data Unavailable",
        "maintenance_status": "Data Unavailable",
        "condition": "Data Unavailable",
        "district": "Chennai",
        "source": "OpenStreetMap / Overpass API (OSM Contributors)",
        "data_source_type": "OpenStreetMap Verified Data"
      }
    },
    {
      "type": "Feature",
      "id": 1408255880,
      "geometry": {
        "type": "LineString",
        "coordinates": [
          [
            80.3029792,
            13.2274493
          ],
          [
            80.3028853,
            13.2273819
          ]
        ]
      },
      "properties": {
        "id": 1408255880,
        "osm_id": 1408255880,
        "name": "Unnamed Drain",
        "waterway_type": "drain",
        "drain_type": "drain",
        "surface": "Data Unavailable",
        "tunnel": "culvert",
        "covered": "Data Unavailable",
        "capacity": "Data Unavailable",
        "flow_velocity": "Data Unavailable",
        "maintenance_status": "Data Unavailable",
        "condition": "Data Unavailable",
        "district": "Chennai",
        "source": "OpenStreetMap / Overpass API (OSM Contributors)",
        "data_source_type": "OpenStreetMap Verified Data"
      }
    },
    {
      "type": "Feature",
      "id": 1408255881,
      "geometry": {
        "type": "LineString",
        "coordinates": [
          [
            80.3021213,
            13.2264192
          ],
          [
            80.3021227,
            13.2263474
          ],
          [
            80.3021388,
            13.2260511
          ],
          [
            80.3022138,
            13.2248229
          ],
          [
            80.3022148,
            13.2247655
          ],
          [
            80.3022117,
            13.2247458
          ],
          [
            80.3022026,
            13.224727
          ],
          [
            80.3021802,
            13.2247091
          ],
          [
            80.3015518,
            13.2242454
          ]
        ]
      },
      "properties": {
        "id": 1408255881,
        "osm_id": 1408255881,
        "name": "Unnamed Drain",
        "waterway_type": "drain",
        "drain_type": "drain",
        "surface": "Data Unavailable",
        "tunnel": "no",
        "covered": "Data Unavailable",
        "capacity": "Data Unavailable",
        "flow_velocity": "Data Unavailable",
        "maintenance_status": "Data Unavailable",
        "condition": "Data Unavailable",
        "district": "Chennai",
        "source": "OpenStreetMap / Overpass API (OSM Contributors)",
        "data_source_type": "OpenStreetMap Verified Data"
      }
    },
    {
      "type": "Feature",
      "id": 1408255882,
      "geometry": {
        "type": "LineString",
        "coordinates": [
          [
            80.3021334,
            13.226555
          ],
          [
            80.3021268,
            13.2265131
          ],
          [
            80.3021223,
            13.2264536
          ],
          [
            80.3021213,
            13.2264192
          ]
        ]
      },
      "properties": {
        "id": 1408255882,
        "osm_id": 1408255882,
        "name": "Unnamed Drain",
        "waterway_type": "drain",
        "drain_type": "drain",
        "surface": "Data Unavailable",
        "tunnel": "culvert",
        "covered": "Data Unavailable",
        "capacity": "Data Unavailable",
        "flow_velocity": "Data Unavailable",
        "maintenance_status": "Data Unavailable",
        "condition": "Data Unavailable",
        "district": "Chennai",
        "source": "OpenStreetMap / Overpass API (OSM Contributors)",
        "data_source_type": "OpenStreetMap Verified Data"
      }
    },
    {
      "type": "Feature",
      "id": 1408255883,
      "geometry": {
        "type": "LineString",
        "coordinates": [
          [
            80.3013832,
            13.2241136
          ],
          [
            80.3011038,
            13.223891
          ],
          [
            80.3010446,
            13.2238504
          ],
          [
            80.3010039,
            13.2238287
          ],
          [
            80.3009521,
            13.2238119
          ],
          [
            80.3009043,
            13.2238049
          ],
          [
            80.3008515,
            13.2238039
          ],
          [
            80.3007844,
            13.2238119
          ],
          [
            80.3003226,
            13.2238747
          ]
        ]
      },
      "properties": {
        "id": 1408255883,
        "osm_id": 1408255883,
        "name": "Unnamed Drain",
        "waterway_type": "drain",
        "drain_type": "drain",
        "surface": "Data Unavailable",
        "tunnel": "no",
        "covered": "Data Unavailable",
        "capacity": "Data Unavailable",
        "flow_velocity": "Data Unavailable",
        "maintenance_status": "Data Unavailable",
        "condition": "Data Unavailable",
        "district": "Chennai",
        "source": "OpenStreetMap / Overpass API (OSM Contributors)",
        "data_source_type": "OpenStreetMap Verified Data"
      }
    },
    {
      "type": "Feature",
      "id": 1408255884,
      "geometry": {
        "type": "LineString",
        "coordinates": [
          [
            80.3015518,
            13.2242454
          ],
          [
            80.3013832,
            13.2241136
          ]
        ]
      },
      "properties": {
        "id": 1408255884,
        "osm_id": 1408255884,
        "name": "Unnamed Drain",
        "waterway_type": "drain",
        "drain_type": "drain",
        "surface": "Data Unavailable",
        "tunnel": "culvert",
        "covered": "Data Unavailable",
        "capacity": "Data Unavailable",
        "flow_velocity": "Data Unavailable",
        "maintenance_status": "Data Unavailable",
        "condition": "Data Unavailable",
        "district": "Chennai",
        "source": "OpenStreetMap / Overpass API (OSM Contributors)",
        "data_source_type": "OpenStreetMap Verified Data"
      }
    },
    {
      "type": "Feature",
      "id": 1408255885,
      "geometry": {
        "type": "LineString",
        "coordinates": [
          [
            80.3001702,
            13.2238975
          ],
          [
            80.2999334,
            13.2239282
          ],
          [
            80.2998846,
            13.2239282
          ],
          [
            80.2998338,
            13.2239222
          ],
          [
            80.2997911,
            13.2239084
          ],
          [
            80.2997403,
            13.2238817
          ],
          [
            80.2996247,
            13.2237903
          ],
          [
            80.2994336,
            13.2236249
          ],
          [
            80.2993575,
            13.2235508
          ],
          [
            80.2993132,
            13.2235009
          ],
          [
            80.299246,
            13.2233872
          ],
          [
            80.2988988,
            13.222777
          ],
          [
            80.2986234,
            13.2223038
          ],
          [
            80.2985929,
            13.2222345
          ],
          [
            80.2985584,
            13.2221396
          ],
          [
            80.2980294,
            13.2205583
          ],
          [
            80.2980091,
            13.2205128
          ],
          [
            80.2979745,
            13.2204752
          ],
          [
            80.2978932,
            13.2204198
          ],
          [
            80.2966114,
            13.2195821
          ],
          [
            80.2964569,
            13.2194713
          ],
          [
            80.2963613,
            13.2193862
          ],
          [
            80.2962941,
            13.2193015
          ],
          [
            80.2962217,
            13.2191855
          ],
          [
            80.2961773,
            13.2190605
          ],
          [
            80.2961493,
            13.2189332
          ],
          [
            80.29614,
            13.218815
          ],
          [
            80.296154,
            13.2187196
          ],
          [
            80.2961847,
            13.218601
          ],
          [
            80.2962233,
            13.2185041
          ],
          [
            80.2962924,
            13.2183754
          ],
          [
            80.2963737,
            13.2182765
          ],
          [
            80.2964754,
            13.2181855
          ],
          [
            80.2969158,
            13.2178502
          ],
          [
            80.2971546,
            13.2176754
          ],
          [
            80.297288,
            13.217572
          ],
          [
            80.2973954,
            13.2174674
          ],
          [
            80.2975192,
            13.2173308
          ],
          [
            80.2976997,
            13.2170965
          ],
          [
            80.2978271,
            13.2168795
          ],
          [
            80.2978731,
            13.2167485
          ],
          [
            80.2979297,
            13.2164832
          ],
          [
            80.2979828,
            13.2161352
          ],
          [
            80.2980642,
            13.2155874
          ],
          [
            80.2981604,
            13.2149681
          ],
          [
            80.2981604,
            13.2148977
          ],
          [
            80.2981557,
            13.2147726
          ],
          [
            80.29813,
            13.2145817
          ],
          [
            80.2981277,
            13.2144998
          ],
          [
            80.2981393,
            13.2143771
          ],
          [
            80.298157,
            13.2142565
          ],
          [
            80.2981847,
            13.214144
          ],
          [
            80.2982155,
            13.2140615
          ],
          [
            80.2982756,
            13.213919
          ],
          [
            80.2983326,
            13.2138216
          ],
          [
            80.2984035,
            13.2137166
          ],
          [
            80.2984651,
            13.2136386
          ],
          [
            80.2985575,
            13.2135411
          ],
          [
            80.2986838,
            13.2134361
          ],
          [
            80.2988394,
            13.2133416
          ],
          [
            80.2989642,
            13.2132787
          ],
          [
            80.2990998,
            13.2132247
          ],
          [
            80.2997299,
            13.2129997
          ],
          [
            80.2998762,
            13.2129352
          ],
          [
            80.2999425,
            13.2128962
          ],
          [
            80.3000087,
            13.2128362
          ],
          [
            80.3001011,
            13.2127328
          ],
          [
            80.300135,
            13.2126788
          ],
          [
            80.3001704,
            13.2125933
          ],
          [
            80.3002995,
            13.2122392
          ],
          [
            80.3005198,
            13.2116063
          ],
          [
            80.3005914,
            13.2114597
          ],
          [
            80.3006265,
            13.211404
          ],
          [
            80.3006732,
            13.2113404
          ],
          [
            80.3007234,
            13.2112858
          ],
          [
            80.3007946,
            13.2112245
          ],
          [
            80.300867,
            13.2111767
          ],
          [
            80.3009382,
            13.2111381
          ],
          [
            80.3010223,
            13.211104
          ],
          [
            80.3011063,
            13.2110756
          ],
          [
            80.3012009,
            13.2110585
          ],
          [
            80.3012814,
            13.211054
          ],
          [
            80.3013818,
            13.211054
          ],
          [
            80.3015768,
            13.2110733
          ],
          [
            80.3024405,
            13.2111821
          ],
          [
            80.3037257,
            13.2113528
          ],
          [
            80.303859,
            13.2113634
          ],
          [
            80.3039368,
            13.2113621
          ],
          [
            80.3040173,
            13.2113517
          ],
          [
            80.3041031,
            13.2113269
          ],
          [
            80.3042345,
            13.2112786
          ],
          [
            80.3047683,
            13.2111023
          ],
          [
            80.3048381,
            13.2110877
          ],
          [
            80.3049243,
            13.2110787
          ],
          [
            80.3050152,
            13.2110817
          ],
          [
            80.3051,
            13.2110967
          ],
          [
            80.3051908,
            13.2111282
          ],
          [
            80.3052848,
            13.2111762
          ],
          [
            80.3053541,
            13.2112317
          ],
          [
            80.3054312,
            13.2113127
          ],
          [
            80.3054928,
            13.2114087
          ],
          [
            80.3055975,
            13.2115856
          ],
          [
            80.3056191,
            13.2116351
          ],
          [
            80.3056468,
            13.2117296
          ],
          [
            80.3056638,
            13.2118376
          ],
          [
            80.3057487,
            13.2125096
          ],
          [
            80.3059452,
            13.2140521
          ],
          [
            80.3060433,
            13.2148051
          ],
          [
            80.3060555,
            13.2149278
          ],
          [
            80.3060514,
            13.2150129
          ],
          [
            80.3060331,
            13.2151158
          ],
          [
            80.3059869,
            13.2152607
          ],
          [
            80.3059108,
            13.2153951
          ],
          [
            80.3058223,
            13.2155036
          ],
          [
            80.305748,
            13.2155742
          ],
          [
            80.3056294,
            13.2156724
          ],
          [
            80.3055816,
            13.2157362
          ],
          [
            80.3055515,
            13.2158016
          ],
          [
            80.3055392,
            13.2159067
          ],
          [
            80.3055409,
            13.216048
          ],
          [
            80.3055358,
            13.216142
          ],
          [
            80.3055318,
            13.216237
          ],
          [
            80.3055379,
            13.2165021
          ],
          [
            80.305546,
            13.2167673
          ],
          [
            80.3055562,
            13.2168742
          ],
          [
            80.3055643,
            13.2169612
          ],
          [
            80.3055745,
            13.2170998
          ],
          [
            80.3055866,
            13.2174738
          ],
          [
            80.3056123,
            13.2184152
          ],
          [
            80.3056494,
            13.2203874
          ],
          [
            80.3056763,
            13.2217898
          ],
          [
            80.3057254,
            13.2239652
          ],
          [
            80.305769,
            13.225223
          ],
          [
            80.305753,
            13.2253953
          ],
          [
            80.3057235,
            13.2255494
          ],
          [
            80.3056484,
            13.2257034
          ],
          [
            80.3055196,
            13.2258941
          ],
          [
            80.3051656,
            13.2263249
          ]
        ]
      },
      "properties": {
        "id": 1408255885,
        "osm_id": 1408255885,
        "name": "Unnamed Drain",
        "waterway_type": "drain",
        "drain_type": "drain",
        "surface": "Data Unavailable",
        "tunnel": "no",
        "covered": "Data Unavailable",
        "capacity": "Data Unavailable",
        "flow_velocity": "Data Unavailable",
        "maintenance_status": "Data Unavailable",
        "condition": "Data Unavailable",
        "district": "Chennai",
        "source": "OpenStreetMap / Overpass API (OSM Contributors)",
        "data_source_type": "OpenStreetMap Verified Data"
      }
    },
    {
      "type": "Feature",
      "id": 1408255886,
      "geometry": {
        "type": "LineString",
        "coordinates": [
          [
            80.3003226,
            13.2238747
          ],
          [
            80.3001702,
            13.2238975
          ]
        ]
      },
      "properties": {
        "id": 1408255886,
        "osm_id": 1408255886,
        "name": "Unnamed Drain",
        "waterway_type": "drain",
        "drain_type": "drain",
        "surface": "Data Unavailable",
        "tunnel": "culvert",
        "covered": "Data Unavailable",
        "capacity": "Data Unavailable",
        "flow_velocity": "Data Unavailable",
        "maintenance_status": "Data Unavailable",
        "condition": "Data Unavailable",
        "district": "Chennai",
        "source": "OpenStreetMap / Overpass API (OSM Contributors)",
        "data_source_type": "OpenStreetMap Verified Data"
      }
    },
    {
      "type": "Feature",
      "id": 1408255894,
      "geometry": {
        "type": "LineString",
        "coordinates": [
          [
            80.3019409,
            13.2276458
          ],
          [
            80.3019771,
            13.2276067
          ],
          [
            80.302024,
            13.2275701
          ],
          [
            80.302075,
            13.2275453
          ],
          [
            80.3021421,
            13.2275244
          ],
          [
            80.3022172,
            13.2275049
          ],
          [
            80.3023246,
            13.2274825
          ],
          [
            80.3024553,
            13.2274553
          ]
        ]
      },
      "properties": {
        "id": 1408255894,
        "osm_id": 1408255894,
        "name": "Unnamed Drain",
        "waterway_type": "drain",
        "drain_type": "drain",
        "surface": "Data Unavailable",
        "tunnel": "no",
        "covered": "Data Unavailable",
        "capacity": "Data Unavailable",
        "flow_velocity": "Data Unavailable",
        "maintenance_status": "Data Unavailable",
        "condition": "Data Unavailable",
        "district": "Chennai",
        "source": "OpenStreetMap / Overpass API (OSM Contributors)",
        "data_source_type": "OpenStreetMap Verified Data"
      }
    },
    {
      "type": "Feature",
      "id": 1408255895,
      "geometry": {
        "type": "LineString",
        "coordinates": [
          [
            80.30181,
            13.2278014
          ],
          [
            80.3018427,
            13.2277626
          ]
        ]
      },
      "properties": {
        "id": 1408255895,
        "osm_id": 1408255895,
        "name": "Unnamed Drain",
        "waterway_type": "drain",
        "drain_type": "drain",
        "surface": "Data Unavailable",
        "tunnel": "no",
        "covered": "Data Unavailable",
        "capacity": "Data Unavailable",
        "flow_velocity": "Data Unavailable",
        "maintenance_status": "Data Unavailable",
        "condition": "Data Unavailable",
        "district": "Chennai",
        "source": "OpenStreetMap / Overpass API (OSM Contributors)",
        "data_source_type": "OpenStreetMap Verified Data"
      }
    },
    {
      "type": "Feature",
      "id": 1408255896,
      "geometry": {
        "type": "LineString",
        "coordinates": [
          [
            80.3018427,
            13.2277626
          ],
          [
            80.3019409,
            13.2276458
          ]
        ]
      },
      "properties": {
        "id": 1408255896,
        "osm_id": 1408255896,
        "name": "Unnamed Drain",
        "waterway_type": "drain",
        "drain_type": "drain",
        "surface": "Data Unavailable",
        "tunnel": "culvert",
        "covered": "Data Unavailable",
        "capacity": "Data Unavailable",
        "flow_velocity": "Data Unavailable",
        "maintenance_status": "Data Unavailable",
        "condition": "Data Unavailable",
        "district": "Chennai",
        "source": "OpenStreetMap / Overpass API (OSM Contributors)",
        "data_source_type": "OpenStreetMap Verified Data"
      }
    },
    {
      "type": "Feature",
      "id": 1408255897,
      "geometry": {
        "type": "LineString",
        "coordinates": [
          [
            80.3015957,
            13.2268818
          ],
          [
            80.3016412,
            13.2269102
          ],
          [
            80.3017393,
            13.2269625
          ],
          [
            80.3018187,
            13.2270079
          ],
          [
            80.3018794,
            13.2270489
          ],
          [
            80.3020624,
            13.2271749
          ],
          [
            80.3024553,
            13.2274553
          ],
          [
            80.3026641,
            13.2276043
          ],
          [
            80.3037631,
            13.2284377
          ],
          [
            80.3040012,
            13.2285923
          ],
          [
            80.3041717,
            13.2286718
          ],
          [
            80.3043071,
            13.2286991
          ],
          [
            80.3045336,
            13.2287127
          ],
          [
            80.305136,
            13.2287127
          ],
          [
            80.30995,
            13.2286862
          ],
          [
            80.3129514,
            13.2286796
          ],
          [
            80.3130841,
            13.2286676
          ],
          [
            80.3131301,
            13.2286555
          ],
          [
            80.3131708,
            13.2286193
          ],
          [
            80.3131991,
            13.228559
          ],
          [
            80.3131903,
            13.2284712
          ],
          [
            80.3131407,
            13.2283868
          ],
          [
            80.3131124,
            13.2283213
          ],
          [
            80.3130983,
            13.2282438
          ],
          [
            80.3131053,
            13.2281904
          ],
          [
            80.313146,
            13.2281232
          ],
          [
            80.3132115,
            13.2280491
          ],
          [
            80.3132487,
            13.2279974
          ],
          [
            80.3132593,
            13.2279458
          ],
          [
            80.3132664,
            13.22787
          ],
          [
            80.3132522,
            13.2277924
          ],
          [
            80.3132381,
            13.2277459
          ],
          [
            80.3132292,
            13.2276839
          ],
          [
            80.3132257,
            13.2275892
          ],
          [
            80.3132285,
            13.2275082
          ]
        ]
      },
      "properties": {
        "id": 1408255897,
        "osm_id": 1408255897,
        "name": "Unnamed Stream",
        "waterway_type": "stream",
        "drain_type": "stream",
        "surface": "Data Unavailable",
        "tunnel": "no",
        "covered": "Data Unavailable",
        "capacity": "Data Unavailable",
        "flow_velocity": "Data Unavailable",
        "maintenance_status": "Data Unavailable",
        "condition": "Data Unavailable",
        "district": "Chennai",
        "source": "OpenStreetMap / Overpass API (OSM Contributors)",
        "data_source_type": "OpenStreetMap Verified Data"
      }
    },
    {
      "type": "Feature",
      "id": 1408255898,
      "geometry": {
        "type": "LineString",
        "coordinates": [
          [
            80.3015329,
            13.2258782
          ],
          [
            80.3015451,
            13.2259121
          ],
          [
            80.3015521,
            13.2259575
          ],
          [
            80.3015451,
            13.2260121
          ],
          [
            80.3015241,
            13.2260939
          ],
          [
            80.3015038,
            13.2261576
          ],
          [
            80.301461,
            13.2262917
          ],
          [
            80.3014283,
            13.226394
          ],
          [
            80.3014167,
            13.226494
          ],
          [
            80.3014237,
            13.2265826
          ],
          [
            80.3014297,
            13.2266225
          ],
          [
            80.3014369,
            13.2266477
          ]
        ]
      },
      "properties": {
        "id": 1408255898,
        "osm_id": 1408255898,
        "name": "Unnamed Drain",
        "waterway_type": "drain",
        "drain_type": "drain",
        "surface": "Data Unavailable",
        "tunnel": "no",
        "covered": "Data Unavailable",
        "capacity": "Data Unavailable",
        "flow_velocity": "Data Unavailable",
        "maintenance_status": "Data Unavailable",
        "condition": "Data Unavailable",
        "district": "Chennai",
        "source": "OpenStreetMap / Overpass API (OSM Contributors)",
        "data_source_type": "OpenStreetMap Verified Data"
      }
    },
    {
      "type": "Feature",
      "id": 1408255899,
      "geometry": {
        "type": "LineString",
        "coordinates": [
          [
            80.3002596,
            13.224494
          ],
          [
            80.3002847,
            13.224524
          ],
          [
            80.300341,
            13.2245919
          ],
          [
            80.3004939,
            13.2247537
          ],
          [
            80.3006655,
            13.2248947
          ],
          [
            80.3008426,
            13.2250148
          ],
          [
            80.3009818,
            13.2251048
          ],
          [
            80.3011139,
            13.2251602
          ],
          [
            80.3011546,
            13.225177
          ],
          [
            80.3012033,
            13.2251965
          ],
          [
            80.3012664,
            13.2252156
          ],
          [
            80.3013111,
            13.2252433
          ],
          [
            80.3013436,
            13.2252789
          ],
          [
            80.3013543,
            13.2253023
          ],
          [
            80.301368,
            13.2253323
          ],
          [
            80.3013933,
            13.2254393
          ],
          [
            80.30144,
            13.225662
          ],
          [
            80.3014587,
            13.2257348
          ],
          [
            80.3014692,
            13.2257586
          ]
        ]
      },
      "properties": {
        "id": 1408255899,
        "osm_id": 1408255899,
        "name": "Unnamed Drain",
        "waterway_type": "drain",
        "drain_type": "drain",
        "surface": "Data Unavailable",
        "tunnel": "no",
        "covered": "Data Unavailable",
        "capacity": "Data Unavailable",
        "flow_velocity": "Data Unavailable",
        "maintenance_status": "Data Unavailable",
        "condition": "Data Unavailable",
        "district": "Chennai",
        "source": "OpenStreetMap / Overpass API (OSM Contributors)",
        "data_source_type": "OpenStreetMap Verified Data"
      }
    },
    {
      "type": "Feature",
      "id": 1408255900,
      "geometry": {
        "type": "LineString",
        "coordinates": [
          [
            80.3014692,
            13.2257586
          ],
          [
            80.3014797,
            13.2257825
          ],
          [
            80.3015241,
            13.2258598
          ],
          [
            80.3015329,
            13.2258782
          ]
        ]
      },
      "properties": {
        "id": 1408255900,
        "osm_id": 1408255900,
        "name": "Unnamed Drain",
        "waterway_type": "drain",
        "drain_type": "drain",
        "surface": "Data Unavailable",
        "tunnel": "culvert",
        "covered": "Data Unavailable",
        "capacity": "Data Unavailable",
        "flow_velocity": "Data Unavailable",
        "maintenance_status": "Data Unavailable",
        "condition": "Data Unavailable",
        "district": "Chennai",
        "source": "OpenStreetMap / Overpass API (OSM Contributors)",
        "data_source_type": "OpenStreetMap Verified Data"
      }
    },
    {
      "type": "Feature",
      "id": 1408255901,
      "geometry": {
        "type": "LineString",
        "coordinates": [
          [
            80.3014778,
            13.2267375
          ],
          [
            80.3014906,
            13.2267602
          ],
          [
            80.3015081,
            13.2267844
          ],
          [
            80.3015224,
            13.2268023
          ],
          [
            80.3015428,
            13.2268263
          ],
          [
            80.3015573,
            13.2268449
          ],
          [
            80.301578,
            13.2268671
          ],
          [
            80.3015957,
            13.2268818
          ]
        ]
      },
      "properties": {
        "id": 1408255901,
        "osm_id": 1408255901,
        "name": "Unnamed Drain",
        "waterway_type": "drain",
        "drain_type": "drain",
        "surface": "Data Unavailable",
        "tunnel": "no",
        "covered": "Data Unavailable",
        "capacity": "Data Unavailable",
        "flow_velocity": "Data Unavailable",
        "maintenance_status": "Data Unavailable",
        "condition": "Data Unavailable",
        "district": "Chennai",
        "source": "OpenStreetMap / Overpass API (OSM Contributors)",
        "data_source_type": "OpenStreetMap Verified Data"
      }
    },
    {
      "type": "Feature",
      "id": 1408255902,
      "geometry": {
        "type": "LineString",
        "coordinates": [
          [
            80.3014369,
            13.2266477
          ],
          [
            80.3014778,
            13.2267375
          ]
        ]
      },
      "properties": {
        "id": 1408255902,
        "osm_id": 1408255902,
        "name": "Unnamed Drain",
        "waterway_type": "drain",
        "drain_type": "drain",
        "surface": "Data Unavailable",
        "tunnel": "culvert",
        "covered": "Data Unavailable",
        "capacity": "Data Unavailable",
        "flow_velocity": "Data Unavailable",
        "maintenance_status": "Data Unavailable",
        "condition": "Data Unavailable",
        "district": "Chennai",
        "source": "OpenStreetMap / Overpass API (OSM Contributors)",
        "data_source_type": "OpenStreetMap Verified Data"
      }
    },
    {
      "type": "Feature",
      "id": 1408255903,
      "geometry": {
        "type": "LineString",
        "coordinates": [
          [
            80.3014919,
            13.2253167
          ],
          [
            80.3015514,
            13.2253133
          ],
          [
            80.3018611,
            13.2253046
          ],
          [
            80.3018912,
            13.2253046
          ],
          [
            80.3019106,
            13.2253115
          ],
          [
            80.3019248,
            13.2253236
          ],
          [
            80.3019301,
            13.225346
          ],
          [
            80.3019319,
            13.2253787
          ],
          [
            80.3019061,
            13.2257661
          ],
          [
            80.3019,
            13.2258292
          ],
          [
            80.3018817,
            13.2259123
          ],
          [
            80.3018496,
            13.2259878
          ],
          [
            80.3018143,
            13.2260447
          ],
          [
            80.30177,
            13.226086
          ],
          [
            80.3017275,
            13.2261067
          ],
          [
            80.3016621,
            13.2261308
          ],
          [
            80.301609,
            13.2261412
          ],
          [
            80.3015038,
            13.2261576
          ]
        ]
      },
      "properties": {
        "id": 1408255903,
        "osm_id": 1408255903,
        "name": "Unnamed Drain",
        "waterway_type": "drain",
        "drain_type": "drain",
        "surface": "Data Unavailable",
        "tunnel": "no",
        "covered": "Data Unavailable",
        "capacity": "Data Unavailable",
        "flow_velocity": "Data Unavailable",
        "maintenance_status": "Data Unavailable",
        "condition": "Data Unavailable",
        "district": "Chennai",
        "source": "OpenStreetMap / Overpass API (OSM Contributors)",
        "data_source_type": "OpenStreetMap Verified Data"
      }
    },
    {
      "type": "Feature",
      "id": 1408255904,
      "geometry": {
        "type": "LineString",
        "coordinates": [
          [
            80.3013543,
            13.2253023
          ],
          [
            80.3013833,
            13.225313
          ],
          [
            80.3014054,
            13.2253167
          ]
        ]
      },
      "properties": {
        "id": 1408255904,
        "osm_id": 1408255904,
        "name": "Unnamed Drain",
        "waterway_type": "drain",
        "drain_type": "drain",
        "surface": "Data Unavailable",
        "tunnel": "no",
        "covered": "Data Unavailable",
        "capacity": "Data Unavailable",
        "flow_velocity": "Data Unavailable",
        "maintenance_status": "Data Unavailable",
        "condition": "Data Unavailable",
        "district": "Chennai",
        "source": "OpenStreetMap / Overpass API (OSM Contributors)",
        "data_source_type": "OpenStreetMap Verified Data"
      }
    },
    {
      "type": "Feature",
      "id": 1408255905,
      "geometry": {
        "type": "LineString",
        "coordinates": [
          [
            80.3014054,
            13.2253167
          ],
          [
            80.3014919,
            13.2253167
          ]
        ]
      },
      "properties": {
        "id": 1408255905,
        "osm_id": 1408255905,
        "name": "Unnamed Drain",
        "waterway_type": "drain",
        "drain_type": "drain",
        "surface": "Data Unavailable",
        "tunnel": "culvert",
        "covered": "Data Unavailable",
        "capacity": "Data Unavailable",
        "flow_velocity": "Data Unavailable",
        "maintenance_status": "Data Unavailable",
        "condition": "Data Unavailable",
        "district": "Chennai",
        "source": "OpenStreetMap / Overpass API (OSM Contributors)",
        "data_source_type": "OpenStreetMap Verified Data"
      }
    },
    {
      "type": "Feature",
      "id": 1408255906,
      "geometry": {
        "type": "LineString",
        "coordinates": [
          [
            80.2981238,
            13.2266005
          ],
          [
            80.2980961,
            13.2263305
          ],
          [
            80.2980622,
            13.2261146
          ],
          [
            80.2979913,
            13.2258386
          ],
          [
            80.2978711,
            13.2255207
          ],
          [
            80.2977638,
            13.2252261
          ],
          [
            80.2977343,
            13.2251139
          ],
          [
            80.2977182,
            13.224952
          ],
          [
            80.2977128,
            13.2248475
          ],
          [
            80.2977155,
            13.2247979
          ],
          [
            80.2977289,
            13.2247718
          ],
          [
            80.2977504,
            13.2247509
          ],
          [
            80.2979435,
            13.2246648
          ],
          [
            80.2982332,
            13.2245473
          ],
          [
            80.2985148,
            13.2244611
          ],
          [
            80.2987991,
            13.2243854
          ],
          [
            80.2992517,
            13.2242886
          ],
          [
            80.2995752,
            13.2242227
          ],
          [
            80.2997015,
            13.2241837
          ],
          [
            80.2998094,
            13.2241507
          ],
          [
            80.2998633,
            13.2241386
          ],
          [
            80.2998695,
            13.2241372
          ],
          [
            80.2999172,
            13.2241372
          ],
          [
            80.2999542,
            13.2241447
          ],
          [
            80.2999773,
            13.2241582
          ],
          [
            80.3000158,
            13.2241882
          ],
          [
            80.3000528,
            13.2242182
          ],
          [
            80.3000928,
            13.2242451
          ],
          [
            80.3001113,
            13.2242646
          ],
          [
            80.3001283,
            13.2242886
          ],
          [
            80.3001606,
            13.2243381
          ],
          [
            80.3001884,
            13.2243846
          ],
          [
            80.3002105,
            13.2244232
          ],
          [
            80.3002278,
            13.224449
          ]
        ]
      },
      "properties": {
        "id": 1408255906,
        "osm_id": 1408255906,
        "name": "Unnamed Stream",
        "waterway_type": "stream",
        "drain_type": "stream",
        "surface": "Data Unavailable",
        "tunnel": "no",
        "covered": "Data Unavailable",
        "capacity": "Data Unavailable",
        "flow_velocity": "Data Unavailable",
        "maintenance_status": "Data Unavailable",
        "condition": "Data Unavailable",
        "district": "Chennai",
        "source": "OpenStreetMap / Overpass API (OSM Contributors)",
        "data_source_type": "OpenStreetMap Verified Data"
      }
    },
    {
      "type": "Feature",
      "id": 1408255907,
      "geometry": {
        "type": "LineString",
        "coordinates": [
          [
            80.3002278,
            13.224449
          ],
          [
            80.3002596,
            13.224494
          ]
        ]
      },
      "properties": {
        "id": 1408255907,
        "osm_id": 1408255907,
        "name": "Unnamed Stream",
        "waterway_type": "stream",
        "drain_type": "stream",
        "surface": "Data Unavailable",
        "tunnel": "culvert",
        "covered": "Data Unavailable",
        "capacity": "Data Unavailable",
        "flow_velocity": "Data Unavailable",
        "maintenance_status": "Data Unavailable",
        "condition": "Data Unavailable",
        "district": "Chennai",
        "source": "OpenStreetMap / Overpass API (OSM Contributors)",
        "data_source_type": "OpenStreetMap Verified Data"
      }
    },
    {
      "type": "Feature",
      "id": 1408255916,
      "geometry": {
        "type": "LineString",
        "coordinates": [
          [
            80.3069883,
            13.2123844
          ],
          [
            80.3068908,
            13.212296
          ],
          [
            80.3067738,
            13.212158
          ],
          [
            80.3066259,
            13.2119181
          ],
          [
            80.306515,
            13.2116421
          ],
          [
            80.3064472,
            13.2114502
          ],
          [
            80.3064283,
            13.2113059
          ],
          [
            80.3063827,
            13.2112067
          ],
          [
            80.3063291,
            13.2111441
          ],
          [
            80.3062272,
            13.2111049
          ],
          [
            80.306085,
            13.2110944
          ],
          [
            80.3059214,
            13.2110997
          ],
          [
            80.3057846,
            13.2110918
          ],
          [
            80.3057176,
            13.2110631
          ],
          [
            80.305691,
            13.211025
          ],
          [
            80.3056747,
            13.2109409
          ],
          [
            80.305642,
            13.210884
          ],
          [
            80.3055976,
            13.2108658
          ],
          [
            80.3055509,
            13.2108613
          ],
          [
            80.3054996,
            13.2108704
          ],
          [
            80.3054365,
            13.2108909
          ],
          [
            80.3053781,
            13.2109272
          ],
          [
            80.3053314,
            13.2109409
          ],
          [
            80.305203,
            13.2109591
          ],
          [
            80.304777,
            13.2109626
          ],
          [
            80.3046183,
            13.2109876
          ],
          [
            80.3044945,
            13.2110194
          ],
          [
            80.3043754,
            13.2110808
          ],
          [
            80.3042236,
            13.2111512
          ],
          [
            80.3041139,
            13.2111808
          ],
          [
            80.3039154,
            13.2112126
          ],
          [
            80.3037683,
            13.2112262
          ],
          [
            80.3036586,
            13.2112194
          ],
          [
            80.3030612,
            13.2111458
          ],
          [
            80.300874,
            13.2108537
          ],
          [
            80.3007643,
            13.2108514
          ],
          [
            80.3007059,
            13.2108628
          ],
          [
            80.3006732,
            13.2108878
          ],
          [
            80.3006312,
            13.2109628
          ],
          [
            80.3002412,
            13.2120175
          ],
          [
            80.3001472,
            13.2123185
          ],
          [
            80.3000888,
            13.2124632
          ],
          [
            80.3000428,
            13.2125545
          ],
          [
            80.2999561,
            13.2126648
          ],
          [
            80.2998711,
            13.2127509
          ],
          [
            80.2997791,
            13.2128199
          ],
          [
            80.2996765,
            13.2128595
          ],
          [
            80.2993951,
            13.2129422
          ],
          [
            80.2991633,
            13.2130231
          ],
          [
            80.2990235,
            13.21308
          ],
          [
            80.298935,
            13.2131213
          ],
          [
            80.2988164,
            13.2131541
          ],
          [
            80.2986554,
            13.2131989
          ],
          [
            80.2985775,
            13.2132195
          ],
          [
            80.2985315,
            13.2132437
          ],
          [
            80.2985014,
            13.2132678
          ],
          [
            80.2984908,
            13.2132919
          ],
          [
            80.2984784,
            13.2133177
          ],
          [
            80.2984696,
            13.2133332
          ],
          [
            80.2984501,
            13.2133487
          ],
          [
            80.2984077,
            13.213397
          ],
          [
            80.298367,
            13.213459
          ],
          [
            80.298344,
            13.2135245
          ],
          [
            80.298305,
            13.2136123
          ],
          [
            80.2981965,
            13.2137525
          ],
          [
            80.2980501,
            13.2139722
          ],
          [
            80.2979891,
            13.2140672
          ],
          [
            80.2979668,
            13.2141562
          ],
          [
            80.2979586,
            13.2142195
          ],
          [
            80.2979848,
            13.2144587
          ],
          [
            80.2980018,
            13.2145937
          ],
          [
            80.2980172,
            13.2146507
          ],
          [
            80.298048,
            13.2147242
          ],
          [
            80.2980665,
            13.2147857
          ],
          [
            80.2980773,
            13.2148532
          ],
          [
            80.2980757,
            13.2149192
          ],
          [
            80.2980063,
            13.2153724
          ],
          [
            80.2979833,
            13.2155206
          ],
          [
            80.2979656,
            13.2155981
          ],
          [
            80.2979338,
            13.2157032
          ],
          [
            80.2979054,
            13.2158203
          ],
          [
            80.2977656,
            13.2166593
          ],
          [
            80.2977462,
            13.2167868
          ],
          [
            80.2977196,
            13.2168695
          ],
          [
            80.2976825,
            13.216947
          ],
          [
            80.2975869,
            13.2170797
          ],
          [
            80.297525,
            13.2171365
          ],
          [
            80.2974843,
            13.2171899
          ],
          [
            80.29741,
            13.2173122
          ],
          [
            80.2973303,
            13.2174242
          ],
          [
            80.2972879,
            13.2174724
          ],
          [
            80.297188,
            13.217553
          ],
          [
            80.2964827,
            13.2180585
          ],
          [
            80.2963206,
            13.2181875
          ],
          [
            80.2962097,
            13.2183015
          ],
          [
            80.2961172,
            13.2184724
          ],
          [
            80.2960587,
            13.2186224
          ],
          [
            80.2960341,
            13.2187274
          ],
          [
            80.296031,
            13.2188683
          ],
          [
            80.2961172,
            13.2192403
          ],
          [
            80.2961881,
            13.2194052
          ],
          [
            80.2962405,
            13.2194742
          ],
          [
            80.2963268,
            13.2195462
          ],
          [
            80.2970296,
            13.2200187
          ],
          [
            80.2976691,
            13.2204285
          ],
          [
            80.2978215,
            13.2205215
          ],
          [
            80.2978805,
            13.2205789
          ],
          [
            80.2979313,
            13.2206778
          ],
          [
            80.2982286,
            13.2215449
          ],
          [
            80.2984111,
            13.2220604
          ],
          [
            80.2984648,
            13.2222249
          ],
          [
            80.2985184,
            13.2223424
          ],
          [
            80.2988912,
            13.2230135
          ],
          [
            80.2990414,
            13.2232667
          ],
          [
            80.2991526,
            13.2234421
          ],
          [
            80.299303,
            13.2236488
          ],
          [
            80.299395,
            13.2237608
          ],
          [
            80.2994835,
            13.2238521
          ],
          [
            80.2995667,
            13.2239279
          ],
          [
            80.2996392,
            13.223983
          ]
        ]
      },
      "properties": {
        "id": 1408255916,
        "osm_id": 1408255916,
        "name": "Unnamed Drain",
        "waterway_type": "drain",
        "drain_type": "drain",
        "surface": "Data Unavailable",
        "tunnel": "no",
        "covered": "Data Unavailable",
        "capacity": "Data Unavailable",
        "flow_velocity": "Data Unavailable",
        "maintenance_status": "Data Unavailable",
        "condition": "Data Unavailable",
        "district": "Chennai",
        "source": "OpenStreetMap / Overpass API (OSM Contributors)",
        "data_source_type": "OpenStreetMap Verified Data"
      }
    },
    {
      "type": "Feature",
      "id": 1408255917,
      "geometry": {
        "type": "LineString",
        "coordinates": [
          [
            80.2996392,
            13.223983
          ],
          [
            80.2998363,
            13.2241199
          ]
        ]
      },
      "properties": {
        "id": 1408255917,
        "osm_id": 1408255917,
        "name": "Unnamed Drain",
        "waterway_type": "drain",
        "drain_type": "drain",
        "surface": "Data Unavailable",
        "tunnel": "culvert",
        "covered": "Data Unavailable",
        "capacity": "Data Unavailable",
        "flow_velocity": "Data Unavailable",
        "maintenance_status": "Data Unavailable",
        "condition": "Data Unavailable",
        "district": "Chennai",
        "source": "OpenStreetMap / Overpass API (OSM Contributors)",
        "data_source_type": "OpenStreetMap Verified Data"
      }
    },
    {
      "type": "Feature",
      "id": 1408255918,
      "geometry": {
        "type": "LineString",
        "coordinates": [
          [
            80.2998363,
            13.2241199
          ],
          [
            80.2998633,
            13.2241386
          ]
        ]
      },
      "properties": {
        "id": 1408255918,
        "osm_id": 1408255918,
        "name": "Unnamed Drain",
        "waterway_type": "drain",
        "drain_type": "drain",
        "surface": "Data Unavailable",
        "tunnel": "no",
        "covered": "Data Unavailable",
        "capacity": "Data Unavailable",
        "flow_velocity": "Data Unavailable",
        "maintenance_status": "Data Unavailable",
        "condition": "Data Unavailable",
        "district": "Chennai",
        "source": "OpenStreetMap / Overpass API (OSM Contributors)",
        "data_source_type": "OpenStreetMap Verified Data"
      }
    },
    {
      "type": "Feature",
      "id": 1419957521,
      "geometry": {
        "type": "LineString",
        "coordinates": [
          [
            80.2030027,
            12.9490147
          ],
          [
            80.2031411,
            12.948884
          ],
          [
            80.2036837,
            12.9488435
          ],
          [
            80.2040212,
            12.9488591
          ]
        ]
      },
      "properties": {
        "id": 1419957521,
        "osm_id": 1419957521,
        "name": "Unnamed Drain",
        "waterway_type": "drain",
        "drain_type": "drain",
        "surface": "Data Unavailable",
        "tunnel": "no",
        "covered": "Data Unavailable",
        "capacity": "Data Unavailable",
        "flow_velocity": "Data Unavailable",
        "maintenance_status": "Data Unavailable",
        "condition": "Data Unavailable",
        "district": "Chennai",
        "source": "OpenStreetMap / Overpass API (OSM Contributors)",
        "data_source_type": "OpenStreetMap Verified Data"
      }
    },
    {
      "type": "Feature",
      "id": 1419957522,
      "geometry": {
        "type": "LineString",
        "coordinates": [
          [
            80.2040212,
            12.9488591
          ],
          [
            80.2043279,
            12.9488733
          ]
        ]
      },
      "properties": {
        "id": 1419957522,
        "osm_id": 1419957522,
        "name": "Unnamed Drain",
        "waterway_type": "drain",
        "drain_type": "drain",
        "surface": "Data Unavailable",
        "tunnel": "culvert",
        "covered": "Data Unavailable",
        "capacity": "Data Unavailable",
        "flow_velocity": "Data Unavailable",
        "maintenance_status": "Data Unavailable",
        "condition": "Data Unavailable",
        "district": "Chennai",
        "source": "OpenStreetMap / Overpass API (OSM Contributors)",
        "data_source_type": "OpenStreetMap Verified Data"
      }
    },
    {
      "type": "Feature",
      "id": 1458961208,
      "geometry": {
        "type": "LineString",
        "coordinates": [
          [
            80.2355298,
            12.988411
          ],
          [
            80.2355601,
            12.9896371
          ]
        ]
      },
      "properties": {
        "id": 1458961208,
        "osm_id": 1458961208,
        "name": "Unnamed Drain",
        "waterway_type": "drain",
        "drain_type": "drain",
        "surface": "Data Unavailable",
        "tunnel": "no",
        "covered": "Data Unavailable",
        "capacity": "Data Unavailable",
        "flow_velocity": "Data Unavailable",
        "maintenance_status": "Data Unavailable",
        "condition": "Data Unavailable",
        "district": "Chennai",
        "source": "OpenStreetMap / Overpass API (OSM Contributors)",
        "data_source_type": "OpenStreetMap Verified Data"
      }
    },
    {
      "type": "Feature",
      "id": 1458961209,
      "geometry": {
        "type": "LineString",
        "coordinates": [
          [
            80.2355601,
            12.9896371
          ],
          [
            80.2355812,
            12.9897175
          ]
        ]
      },
      "properties": {
        "id": 1458961209,
        "osm_id": 1458961209,
        "name": "Unnamed Drain",
        "waterway_type": "drain",
        "drain_type": "drain",
        "surface": "Data Unavailable",
        "tunnel": "culvert",
        "covered": "Data Unavailable",
        "capacity": "Data Unavailable",
        "flow_velocity": "Data Unavailable",
        "maintenance_status": "Data Unavailable",
        "condition": "Data Unavailable",
        "district": "Chennai",
        "source": "OpenStreetMap / Overpass API (OSM Contributors)",
        "data_source_type": "OpenStreetMap Verified Data"
      }
    },
    {
      "type": "Feature",
      "id": 1459226722,
      "geometry": {
        "type": "LineString",
        "coordinates": [
          [
            80.2430008,
            13.0062794
          ],
          [
            80.2428216,
            13.0055646
          ],
          [
            80.242592,
            13.0051663
          ],
          [
            80.242256,
            13.0047379
          ],
          [
            80.2420068,
            13.0041896
          ],
          [
            80.2420796,
            13.0036276
          ],
          [
            80.2422224,
            13.0032293
          ],
          [
            80.2424002,
            13.0028736
          ],
          [
            80.2426896,
            13.0022798
          ],
          [
            80.2427384,
            13.0019532
          ],
          [
            80.2429456,
            13.0008814
          ],
          [
            80.2430734,
            13.0002979
          ]
        ]
      },
      "properties": {
        "id": 1459226722,
        "osm_id": 1459226722,
        "name": "Unnamed Stream",
        "waterway_type": "stream",
        "drain_type": "stream",
        "surface": "Data Unavailable",
        "tunnel": "no",
        "covered": "Data Unavailable",
        "capacity": "Data Unavailable",
        "flow_velocity": "Data Unavailable",
        "maintenance_status": "Data Unavailable",
        "condition": "Data Unavailable",
        "district": "Chennai",
        "source": "OpenStreetMap / Overpass API (OSM Contributors)",
        "data_source_type": "OpenStreetMap Verified Data"
      }
    },
    {
      "type": "Feature",
      "id": 1459226728,
      "geometry": {
        "type": "LineString",
        "coordinates": [
          [
            80.2451696,
            12.9900427
          ],
          [
            80.2449429,
            12.9899216
          ],
          [
            80.2429149,
            12.9897354
          ],
          [
            80.2427241,
            12.9897829
          ],
          [
            80.2416682,
            12.9896971
          ],
          [
            80.2416425,
            12.9896996
          ]
        ]
      },
      "properties": {
        "id": 1459226728,
        "osm_id": 1459226728,
        "name": "Unnamed Canal",
        "waterway_type": "canal",
        "drain_type": "canal",
        "surface": "Data Unavailable",
        "tunnel": "no",
        "covered": "Data Unavailable",
        "capacity": "Data Unavailable",
        "flow_velocity": "Data Unavailable",
        "maintenance_status": "Data Unavailable",
        "condition": "Data Unavailable",
        "district": "Chennai",
        "source": "OpenStreetMap / Overpass API (OSM Contributors)",
        "data_source_type": "OpenStreetMap Verified Data"
      }
    },
    {
      "type": "Feature",
      "id": 1459226731,
      "geometry": {
        "type": "LineString",
        "coordinates": [
          [
            80.2415559,
            12.9897102
          ],
          [
            80.2413335,
            12.9897292
          ],
          [
            80.2408395,
            12.989854
          ],
          [
            80.2403124,
            12.9899165
          ]
        ]
      },
      "properties": {
        "id": 1459226731,
        "osm_id": 1459226731,
        "name": "Unnamed Canal",
        "waterway_type": "canal",
        "drain_type": "canal",
        "surface": "Data Unavailable",
        "tunnel": "no",
        "covered": "Data Unavailable",
        "capacity": "Data Unavailable",
        "flow_velocity": "Data Unavailable",
        "maintenance_status": "Data Unavailable",
        "condition": "Data Unavailable",
        "district": "Chennai",
        "source": "OpenStreetMap / Overpass API (OSM Contributors)",
        "data_source_type": "OpenStreetMap Verified Data"
      }
    },
    {
      "type": "Feature",
      "id": 1459226732,
      "geometry": {
        "type": "LineString",
        "coordinates": [
          [
            80.2416425,
            12.9896996
          ],
          [
            80.2415559,
            12.9897102
          ]
        ]
      },
      "properties": {
        "id": 1459226732,
        "osm_id": 1459226732,
        "name": "Unnamed Canal",
        "waterway_type": "canal",
        "drain_type": "canal",
        "surface": "Data Unavailable",
        "tunnel": "culvert",
        "covered": "Data Unavailable",
        "capacity": "Data Unavailable",
        "flow_velocity": "Data Unavailable",
        "maintenance_status": "Data Unavailable",
        "condition": "Data Unavailable",
        "district": "Chennai",
        "source": "OpenStreetMap / Overpass API (OSM Contributors)",
        "data_source_type": "OpenStreetMap Verified Data"
      }
    },
    {
      "type": "Feature",
      "id": 1460011776,
      "geometry": {
        "type": "LineString",
        "coordinates": [
          [
            80.2020058,
            13.1287583
          ],
          [
            80.2020287,
            13.1288155
          ],
          [
            80.2020528,
            13.1289455
          ],
          [
            80.2020904,
            13.1291205
          ],
          [
            80.2021125,
            13.1292144
          ],
          [
            80.2021883,
            13.1297147
          ],
          [
            80.2022412,
            13.1299882
          ],
          [
            80.202243,
            13.1299975
          ],
          [
            80.2022992,
            13.1303015
          ],
          [
            80.2023139,
            13.1303773
          ],
          [
            80.2023394,
            13.1305262
          ],
          [
            80.2023508,
            13.1305876
          ]
        ]
      },
      "properties": {
        "id": 1460011776,
        "osm_id": 1460011776,
        "name": "Unnamed Drain",
        "waterway_type": "drain",
        "drain_type": "drain",
        "surface": "Data Unavailable",
        "tunnel": "covered",
        "covered": "Data Unavailable",
        "capacity": "Data Unavailable",
        "flow_velocity": "Data Unavailable",
        "maintenance_status": "Data Unavailable",
        "condition": "Data Unavailable",
        "district": "Chennai",
        "source": "OpenStreetMap / Overpass API (OSM Contributors)",
        "data_source_type": "OpenStreetMap Verified Data"
      }
    },
    {
      "type": "Feature",
      "id": 1460396440,
      "geometry": {
        "type": "LineString",
        "coordinates": [
          [
            80.2031234,
            13.1276234
          ],
          [
            80.2031006,
            13.1269617
          ],
          [
            80.203094,
            13.1268371
          ]
        ]
      },
      "properties": {
        "id": 1460396440,
        "osm_id": 1460396440,
        "name": "Unnamed Drain",
        "waterway_type": "drain",
        "drain_type": "drain",
        "surface": "Data Unavailable",
        "tunnel": "covered",
        "covered": "Data Unavailable",
        "capacity": "Data Unavailable",
        "flow_velocity": "Data Unavailable",
        "maintenance_status": "Data Unavailable",
        "condition": "Data Unavailable",
        "district": "Chennai",
        "source": "OpenStreetMap / Overpass API (OSM Contributors)",
        "data_source_type": "OpenStreetMap Verified Data"
      }
    },
    {
      "type": "Feature",
      "id": 1474984798,
      "geometry": {
        "type": "LineString",
        "coordinates": [
          [
            80.2241453,
            12.9177217
          ],
          [
            80.2241641,
            12.9176812
          ],
          [
            80.2241346,
            12.9176734
          ],
          [
            80.2241316,
            12.917663
          ],
          [
            80.2241252,
            12.9176407
          ],
          [
            80.2241051,
            12.9176211
          ],
          [
            80.2240836,
            12.9176015
          ],
          [
            80.2240622,
            12.9176093
          ],
          [
            80.2240581,
            12.9175975
          ],
          [
            80.2240595,
            12.9175688
          ]
        ]
      },
      "properties": {
        "id": 1474984798,
        "osm_id": 1474984798,
        "name": "Unnamed River",
        "waterway_type": "river",
        "drain_type": "river",
        "surface": "Data Unavailable",
        "tunnel": "no",
        "covered": "Data Unavailable",
        "capacity": "Data Unavailable",
        "flow_velocity": "Data Unavailable",
        "maintenance_status": "Data Unavailable",
        "condition": "Data Unavailable",
        "district": "Chennai",
        "source": "OpenStreetMap / Overpass API (OSM Contributors)",
        "data_source_type": "OpenStreetMap Verified Data"
      }
    },
    {
      "type": "Feature",
      "id": 1474984799,
      "geometry": {
        "type": "LineString",
        "coordinates": [
          [
            80.2240595,
            12.9175688
          ],
          [
            80.2240675,
            12.9175426
          ],
          [
            80.2240716,
            12.9175256
          ],
          [
            80.2240608,
            12.9174995
          ],
          [
            80.2240233,
            12.9174341
          ],
          [
            80.2240488,
            12.9174093
          ],
          [
            80.2240635,
            12.9174015
          ]
        ]
      },
      "properties": {
        "id": 1474984799,
        "osm_id": 1474984799,
        "name": "Unnamed River",
        "waterway_type": "river",
        "drain_type": "river",
        "surface": "Data Unavailable",
        "tunnel": "no",
        "covered": "Data Unavailable",
        "capacity": "Data Unavailable",
        "flow_velocity": "Data Unavailable",
        "maintenance_status": "Data Unavailable",
        "condition": "Data Unavailable",
        "district": "Chennai",
        "source": "OpenStreetMap / Overpass API (OSM Contributors)",
        "data_source_type": "OpenStreetMap Verified Data"
      }
    },
    {
      "type": "Feature",
      "id": 1474984800,
      "geometry": {
        "type": "LineString",
        "coordinates": [
          [
            80.2240488,
            12.9174093
          ],
          [
            80.2240435,
            12.9173781
          ],
          [
            80.2240391,
            12.9173519
          ],
          [
            80.2240208,
            12.9173004
          ],
          [
            80.2240208,
            12.9172786
          ],
          [
            80.2239619,
            12.9172549
          ],
          [
            80.2239171,
            12.9172667
          ],
          [
            80.2238765,
            12.9173044
          ],
          [
            80.2238663,
            12.9173519
          ],
          [
            80.2238663,
            12.9173777
          ],
          [
            80.2238826,
            12.9174114
          ],
          [
            80.2238907,
            12.9174411
          ],
          [
            80.2238846,
            12.9174669
          ],
          [
            80.2238928,
            12.9175085
          ],
          [
            80.2238873,
            12.9175257
          ],
          [
            80.2238765,
            12.91756
          ],
          [
            80.2238602,
            12.9176095
          ],
          [
            80.2238338,
            12.9176313
          ]
        ]
      },
      "properties": {
        "id": 1474984800,
        "osm_id": 1474984800,
        "name": "Unnamed River",
        "waterway_type": "river",
        "drain_type": "river",
        "surface": "Data Unavailable",
        "tunnel": "no",
        "covered": "Data Unavailable",
        "capacity": "Data Unavailable",
        "flow_velocity": "Data Unavailable",
        "maintenance_status": "Data Unavailable",
        "condition": "Data Unavailable",
        "district": "Chennai",
        "source": "OpenStreetMap / Overpass API (OSM Contributors)",
        "data_source_type": "OpenStreetMap Verified Data"
      }
    },
    {
      "type": "Feature",
      "id": 1474984802,
      "geometry": {
        "type": "LineString",
        "coordinates": [
          [
            80.2250352,
            12.9171152
          ],
          [
            80.225096,
            12.9171114
          ],
          [
            80.2251498,
            12.9171421
          ],
          [
            80.225161,
            12.9171788
          ],
          [
            80.2251559,
            12.9172026
          ],
          [
            80.2251448,
            12.9172046
          ],
          [
            80.2251224,
            12.9172145
          ],
          [
            80.2251082,
            12.9172749
          ]
        ]
      },
      "properties": {
        "id": 1474984802,
        "osm_id": 1474984802,
        "name": "Unnamed River",
        "waterway_type": "river",
        "drain_type": "river",
        "surface": "Data Unavailable",
        "tunnel": "no",
        "covered": "Data Unavailable",
        "capacity": "Data Unavailable",
        "flow_velocity": "Data Unavailable",
        "maintenance_status": "Data Unavailable",
        "condition": "Data Unavailable",
        "district": "Chennai",
        "source": "OpenStreetMap / Overpass API (OSM Contributors)",
        "data_source_type": "OpenStreetMap Verified Data"
      }
    },
    {
      "type": "Feature",
      "id": 1492152598,
      "geometry": {
        "type": "LineString",
        "coordinates": [
          [
            80.2824041,
            13.067183
          ],
          [
            80.2824087,
            13.0670564
          ],
          [
            80.2824098,
            13.0669853
          ],
          [
            80.2824204,
            13.0669158
          ],
          [
            80.2824197,
            13.0668529
          ],
          [
            80.2824088,
            13.0667644
          ],
          [
            80.2823861,
            13.066685
          ],
          [
            80.2823209,
            13.0665802
          ],
          [
            80.2822339,
            13.0664714
          ],
          [
            80.2821091,
            13.066344
          ],
          [
            80.2814189,
            13.0655951
          ],
          [
            80.281247,
            13.0653662
          ],
          [
            80.2811215,
            13.0650788
          ],
          [
            80.2809584,
            13.0647778
          ],
          [
            80.2806237,
            13.0635906
          ],
          [
            80.280288,
            13.0611364
          ],
          [
            80.2802419,
            13.060404
          ],
          [
            80.2802574,
            13.0595251
          ],
          [
            80.2803809,
            13.057903
          ],
          [
            80.2803829,
            13.0564002
          ],
          [
            80.2804865,
            13.0541303
          ],
          [
            80.2804387,
            13.0537446
          ],
          [
            80.280246,
            13.0531559
          ],
          [
            80.2800572,
            13.0527797
          ],
          [
            80.2790084,
            13.0510593
          ],
          [
            80.2780745,
            13.0492846
          ],
          [
            80.2769591,
            13.0461078
          ],
          [
            80.2761868,
            13.0437838
          ],
          [
            80.2762034,
            13.0431396
          ],
          [
            80.276024,
            13.0424546
          ],
          [
            80.2757183,
            13.0419189
          ],
          [
            80.2755627,
            13.0416603
          ],
          [
            80.2754259,
            13.0415636
          ],
          [
            80.2751791,
            13.0415061
          ],
          [
            80.2749914,
            13.0414956
          ],
          [
            80.2746883,
            13.041527
          ],
          [
            80.274302,
            13.0417151
          ],
          [
            80.2738118,
            13.0418409
          ],
          [
            80.2733002,
            13.0420144
          ],
          [
            80.2726678,
            13.0421406
          ],
          [
            80.272123,
            13.0421046
          ],
          [
            80.271853,
            13.0420372
          ],
          [
            80.2713194,
            13.041859
          ],
          [
            80.2711806,
            13.0415537
          ],
          [
            80.2704635,
            13.0409714
          ],
          [
            80.2698958,
            13.0402049
          ],
          [
            80.2696307,
            13.0395648
          ],
          [
            80.2694028,
            13.0380872
          ],
          [
            80.2692817,
            13.0375617
          ],
          [
            80.2688177,
            13.0365744
          ],
          [
            80.268602,
            13.0363139
          ],
          [
            80.2684345,
            13.0361671
          ],
          [
            80.268281,
            13.0360596
          ],
          [
            80.2679593,
            13.0359254
          ],
          [
            80.2676111,
            13.035794
          ],
          [
            80.2672787,
            13.0354747
          ],
          [
            80.2665753,
            13.034594
          ],
          [
            80.2660494,
            13.0342124
          ],
          [
            80.265677,
            13.0340797
          ],
          [
            80.2649363,
            13.0337083
          ],
          [
            80.2643955,
            13.0333721
          ],
          [
            80.2636979,
            13.0327703
          ],
          [
            80.2631314,
            13.0322936
          ],
          [
            80.2618868,
            13.0310895
          ],
          [
            80.261698,
            13.0308052
          ],
          [
            80.261492,
            13.0304373
          ],
          [
            80.261183,
            13.0298101
          ],
          [
            80.2606873,
            13.028567
          ],
          [
            80.2603315,
            13.0277504
          ],
          [
            80.2605254,
            13.0274532
          ],
          [
            80.2602096,
            13.026515
          ],
          [
            80.2599025,
            13.025899
          ],
          [
            80.2593767,
            13.0254876
          ],
          [
            80.2586229,
            13.0249566
          ],
          [
            80.2578222,
            13.0245247
          ],
          [
            80.257157,
            13.024234
          ],
          [
            80.2563909,
            13.0237073
          ],
          [
            80.2554525,
            13.0232928
          ],
          [
            80.2542334,
            13.0229897
          ],
          [
            80.2534033,
            13.0225853
          ],
          [
            80.2532134,
            13.0224346
          ],
          [
            80.2526362,
            13.0219115
          ],
          [
            80.2523504,
            13.0214867
          ],
          [
            80.2521057,
            13.0210934
          ],
          [
            80.2515907,
            13.0202503
          ],
          [
            80.2511658,
            13.0196901
          ],
          [
            80.2508408,
            13.0195113
          ],
          [
            80.2506182,
            13.0193283
          ],
          [
            80.2504116,
            13.0192499
          ],
          [
            80.2497679,
            13.0187796
          ],
          [
            80.2494138,
            13.018594
          ],
          [
            80.2486874,
            13.018374
          ],
          [
            80.2485269,
            13.0182544
          ],
          [
            80.2484963,
            13.017981
          ],
          [
            80.2483383,
            13.0153412
          ],
          [
            80.2482621,
            13.0144466
          ],
          [
            80.248059,
            13.0125203
          ],
          [
            80.2480993,
            13.0120094
          ],
          [
            80.2482199,
            13.0117443
          ],
          [
            80.2480142,
            13.0071749
          ],
          [
            80.2479917,
            13.0062266
          ]
        ]
      },
      "properties": {
        "id": 1492152598,
        "osm_id": 1492152598,
        "name": "Buckingham Canal",
        "waterway_type": "canal",
        "drain_type": "canal",
        "surface": "Data Unavailable",
        "tunnel": "no",
        "covered": "Data Unavailable",
        "capacity": "Data Unavailable",
        "flow_velocity": "Data Unavailable",
        "maintenance_status": "Data Unavailable",
        "condition": "Data Unavailable",
        "district": "Chennai",
        "source": "OpenStreetMap / Overpass API (OSM Contributors)",
        "data_source_type": "OpenStreetMap Verified Data"
      }
    },
    {
      "type": "Feature",
      "id": 1492152599,
      "geometry": {
        "type": "LineString",
        "coordinates": [
          [
            80.2479917,
            13.0062266
          ],
          [
            80.2479894,
            13.0061275
          ]
        ]
      },
      "properties": {
        "id": 1492152599,
        "osm_id": 1492152599,
        "name": "Buckingham Canal",
        "waterway_type": "canal",
        "drain_type": "canal",
        "surface": "Data Unavailable",
        "tunnel": "culvert",
        "covered": "Data Unavailable",
        "capacity": "Data Unavailable",
        "flow_velocity": "Data Unavailable",
        "maintenance_status": "Data Unavailable",
        "condition": "Data Unavailable",
        "district": "Chennai",
        "source": "OpenStreetMap / Overpass API (OSM Contributors)",
        "data_source_type": "OpenStreetMap Verified Data"
      }
    },
    {
      "type": "Feature",
      "id": 1541273809,
      "geometry": {
        "type": "LineString",
        "coordinates": [
          [
            80.1639573,
            12.9916096
          ],
          [
            80.1639958,
            12.9922608
          ]
        ]
      },
      "properties": {
        "id": 1541273809,
        "osm_id": 1541273809,
        "name": "Unnamed Drain",
        "waterway_type": "drain",
        "drain_type": "drain",
        "surface": "Data Unavailable",
        "tunnel": "no",
        "covered": "Data Unavailable",
        "capacity": "Data Unavailable",
        "flow_velocity": "Data Unavailable",
        "maintenance_status": "Data Unavailable",
        "condition": "Data Unavailable",
        "district": "Chennai",
        "source": "OpenStreetMap / Overpass API (OSM Contributors)",
        "data_source_type": "OpenStreetMap Verified Data"
      }
    },
    {
      "type": "Feature",
      "id": 1541273810,
      "geometry": {
        "type": "LineString",
        "coordinates": [
          [
            80.1639958,
            12.9922608
          ],
          [
            80.1639996,
            12.9923572
          ]
        ]
      },
      "properties": {
        "id": 1541273810,
        "osm_id": 1541273810,
        "name": "Unnamed Drain",
        "waterway_type": "drain",
        "drain_type": "drain",
        "surface": "Data Unavailable",
        "tunnel": "culvert",
        "covered": "Data Unavailable",
        "capacity": "Data Unavailable",
        "flow_velocity": "Data Unavailable",
        "maintenance_status": "Data Unavailable",
        "condition": "Data Unavailable",
        "district": "Chennai",
        "source": "OpenStreetMap / Overpass API (OSM Contributors)",
        "data_source_type": "OpenStreetMap Verified Data"
      }
    }
  ]
}